warning: unused doc comment
   --> candidate-worker/src/../../src/ordering/mod.rs:928:1
    |
928 | / /// TEST-ONLY sweep switch for the mid-size `rgreedy` stream opened by the 0154
929 | | /// engine census. Returns `(ops_budget, gate_variant, stream_count)`; a zero
930 | | /// budget disables the stream, which is what production compiles to — the
931 | | /// switch can never change a submitted ordering. Configured through
932 | | /// `SSI_MID_ENGINE="<variant>:<budget>[:<streams>]"` so one build can sweep
933 | | /// several gate/budget points.
    | |_------------------------------^
    |   |
    |   rustdoc does not generate documentation for macro invocations
    |
    = help: to document an item produced by a macro, the macro must produce the documentation as part of its expansion
    = note: `#[warn(unused_doc_comments)]` (part of `#[warn(unused)]`) on by default

warning: unused doc comment
    --> candidate-worker/src/../../src/ordering/mod.rs:1196:1
     |
1196 | / /// TEST-ONLY kill switch for the heavy-tier arm (metrics + no-dense AMD +
1197 | | /// extra AMF α), so a probe can A/B the arm in one process.
     | |_-----------------------------------------------------------^
     |   |
     |   rustdoc does not generate documentation for macro invocations
     |
     = help: to document an item produced by a macro, the macro must produce the documentation as part of its expansion

warning: unused doc comment
   --> candidate-worker/src/../../src/ordering/parallel.rs:321:1
    |
321 | / /// TEST-ONLY switch forcing every batch onto the sequential path, so a probe
322 | | /// can run the SAME `order()` both ways in one process and compare the
323 | | /// returned permutations element by element. Production builds compile
324 | | /// [`force_sequential`] down to a constant `false`.
    | |_---------------------------------------------------^
    |   |
    |   rustdoc does not generate documentation for macro invocations
    |
    = help: to document an item produced by a macro, the macro must produce the documentation as part of its expansion

warning: unused doc comment
   --> candidate-worker/src/../../src/ordering/parallel.rs:355:1
    |
355 | / /// TEST-ONLY per-phase wall-clock marks: `phase_mark(label, t0)` appends
356 | | /// `(label, secs since t0)`; `phase_take()` drains them. Lets a probe see which
357 | | /// stage of `order()` sets a row's critical path. Never compiled into the
358 | | /// shipped binary.
    | |_------------------^
    |   |
    |   rustdoc does not generate documentation for macro invocations
    |
    = help: to document an item produced by a macro, the macro must produce the documentation as part of its expansion

warning: unused doc comment
    --> candidate-worker/src/../../src/ordering/mod.rs:4900:9
     |
4900 | /         /// `nnz < 3n` = the sparse band of the 0184 price law (66 of the 300 dev
4901 | |         /// rows, all of them in-window). Structural, never per-matrix.
     | |_______________________________________________________________________^
4902 | /         let shipped_ladder = || {
4903 | |             if nnz < 3 * n {
4904 | |                 SHIPPED_SPARSE_LADDER.to_vec()
4905 | |             } else {
...    |
4908 | |         };
     | |__________- rustdoc does not generate documentation for statements
     |
     = help: use `//` for a plain comment

warning: variable does not need to be mutable
    --> candidate-worker/src/../../src/ordering/probe.rs:4140:9
     |
4140 |     let mut next = |s: &mut u64| -> u64 {
     |         ----^^^^
     |         |
     |         help: remove this `mut`
     |
     = note: `#[warn(unused_mut)]` (part of `#[warn(unused)]`) on by default

warning: value assigned to `d` is never read
   --> candidate-worker/src/../../src/ordering/rgreedy.rs:396:29
    |
396 |                 let mut d = 0u32;
    |                             ^^^^
    |
    = help: maybe it is overwritten before being read?
    = note: `#[warn(unused_assignments)]` (part of `#[warn(unused)]`) on by default

warning: constant `SUBTREE_MAX_N` is never used
   --> candidate-worker/src/../../src/ordering/mod.rs:560:7
    |
560 | const SUBTREE_MAX_N: usize = 250_000;
    |       ^^^^^^^^^^^^^
    |
    = note: `#[warn(dead_code)]` (part of `#[warn(unused)]`) on by default

warning: function `refine` is never used
  --> candidate-worker/src/../../src/ordering/completion.rs:12:15
   |
12 | pub(super) fn refine(
   |               ^^^^^^

warning: type alias `PermFn` is never used
  --> candidate-worker/src/../../src/ordering/parallel.rs:80:17
   |
80 | pub(crate) type PermFn<'a> = Box<dyn Fn() -> Option<Vec<usize>> + Sync + 'a>;
   |                 ^^^^^^

warning: function `run_perms` is never used
   --> candidate-worker/src/../../src/ordering/parallel.rs:175:15
    |
175 | pub(crate) fn run_perms(
    |               ^^^^^^^^^

warning: function `accept` is never used
   --> candidate-worker/src/../../src/ordering/parallel.rs:300:15
    |
300 | pub(crate) fn accept(results: &mut [CandOut], best_flops: &mut u64, best_perm: &mut Vec<usize>) -> bool {
    |               ^^^^^^

warning: function `minl_is_clique` is never used
   --> candidate-worker/src/../../src/ordering/minl.rs:136:4
    |
136 | fn minl_is_clique(adj: &[Vec<u32>], c: &[u32], ops: &mut i64) -> bool {
    |    ^^^^^^^^^^^^^^

warning: function `minl_try_delete_edge` is never used
   --> candidate-worker/src/../../src/ordering/minl.rs:232:4
    |
232 | fn minl_try_delete_edge(
    |    ^^^^^^^^^^^^^^^^^^^^

warning: `ssi-candidate-worker` (bin "ssi-candidate-worker" test) generated 14 warnings (run `cargo fix --bin "ssi-candidate-worker" -p ssi-candidate-worker --tests` to apply 1 suggestion)
    Finished `release` profile [optimized] target(s) in 0.01s
     Running unittests src/main.rs (target/probe/release/deps/ssi_candidate_worker-9bc17c144118ca64)

running 1 test
test ordering::probe::probe_timing_and_score ... LADGATE	357	50000	0.233	1
PHASES	slay06m	0.2904	1.portfolio=0.0238/1.0000	1b.indep=0.0006/1.0000	2.descent=0.0001/1.0000	3.search=0.0994/1.0000	4.subtree=0.0013/1.0000	4b.indep-accept=0.0000/1.0000	5.terminal=0.0013/1.0000	6.extra=0.0000/1.0000	7.telos=0.0000/1.0000	8.cleanup=0.0002/1.0000	9.reduce=0.0479/1.0000	10.completion=0.0001/1.0000	11.corecand=0.0058/1.0000	12.peo=0.0001/1.0000	13p.prep=0.0002/0.0000	13p.seeds=8.0000/0.0000	13p.rounds=8.0000/0.0000	13p.ledger=20694.0000/0.0000	13p.recon=0.0003/0.0020	13p.mcs=0.0001/0.0000	13.alt=0.0009/1.0000	14.transplant=0.0000/1.0000	15.minl=0.0001/1.0000	15.peel=0.0000/1.0000	16.late=0.0219/1.0000	17.final=0.0034/1.0000	18.simp=0.0001/1.0000	19.five=0.0003/1.0000	20.lt1k=0.0234/1.0000	21.comp=0.0001/1.0000	22.win=0.0009/1.0000	final=1.0000
COUNTS	slay06m	357	1080	4025	4025
LADGATE	401	50000	0.258	1
PHASES	sssd25-08	0.2724	1.portfolio=0.0271/1.0000	1b.indep=0.0014/1.0000	2.descent=0.0001/1.0000	3.search=0.0992/1.0000	4.subtree=0.0027/1.0000	4b.indep-accept=0.0000/1.0000	5.terminal=0.0020/1.0000	6.extra=0.0000/1.0000	7.telos=0.0000/1.0000	8.cleanup=0.0003/1.0000	9.reduce=0.0468/1.0000	10.completion=0.0001/1.0000	11.corecand=0.0078/1.0000	12.peo=0.0001/1.0000	13p.prep=0.0003/0.0000	13p.seeds=8.0000/0.0000	13p.rounds=11.0000/0.0000	13p.ledger=32225.0000/0.0000	13p.recon=0.0004/0.0020	13p.mcs=0.0002/0.0000	13.alt=0.0012/1.0000	14.transplant=0.0000/1.0000	15.minl=0.0001/1.0000	15.peel=0.0000/1.0000	16.late=0.0237/1.0000	17.final=0.0049/1.0000	18.simp=0.0001/1.0000	19.five=0.0003/1.0000	20.lt1k=0.0309/1.0000	21.comp=0.0002/1.0000	22.win=0.0036/1.0000	final=1.0000
COUNTS	sssd25-08	401	1200	5389	5389
LADGATE	4772	50000	0.567	1
PHASES	rsyn0810m04m	0.5805	1.portfolio=0.1682/0.8632	1b.indep=0.0157/0.8632	2.descent=0.0063/0.8563	3.search=0.0667/0.8541	4.subtree=0.1369/0.8394	4b.indep-accept=0.0002/0.8394	5.terminal=0.0024/0.8394	6.extra=0.0024/0.8373	7.telos=0.0002/0.8373	8.cleanup=0.0153/0.8277	9.reduce=0.0752/0.8060	10.completion=0.0038/0.8021	11.corecand=0.0039/0.7871	12.peo=0.0016/0.7871	13p.prep=0.0000/0.0000	13p.seeds=0.0000/0.0000	13p.rounds=0.0000/0.0000	13p.ledger=0.0000/0.0000	13p.recon=0.0000/0.0000	13p.mcs=0.0000/0.0000	13.alt=0.0001/0.7871	14.transplant=0.0096/0.7859	15.minl=0.0098/0.7859	15.peel=0.0002/0.7859	16.late=0.0001/0.7859	17.final=0.0252/0.7839	18.simp=0.0019/0.7839	19.five=0.0077/0.7837	20.lt1k=0.0002/0.7837	21.comp=0.0002/0.7837	22.win=0.0107/0.7831	final=0.7829
COUNTS	rsyn0810m04m	4772	13836	147553	115517
PHASES	pooling_sppc3pq	0.7738	1.portfolio=0.2450/0.4846	1b.indep=0.2109/0.2829	2.descent=0.0035/0.2829	3.search=0.0035/0.2829	4.subtree=0.0649/0.2822	4b.indep-accept=0.0035/0.2822	5.terminal=0.0035/0.2822	6.extra=0.0035/0.2822	7.telos=0.0034/0.2822	8.cleanup=0.0035/0.2822	9.reduce=0.0574/0.2822	10.completion=0.0035/0.2822	11.corecand=0.0035/0.2822	12.peo=0.0115/0.2822	13p.prep=0.0301/0.0000	13p.seeds=4.0000/0.0000	13p.rounds=4.0000/0.0000	13p.ledger=0.0000/0.0000	13p.recon=0.0000/0.0000	13p.mcs=0.0000/0.0000	13.alt=0.0372/0.2822	14.transplant=0.0035/0.2822	15.minl=0.0069/0.2822	15.peel=0.0437/0.2822	16.late=0.0035/0.2822	17.final=0.0035/0.2822	18.simp=0.0034/0.2822	19.five=0.0035/0.2822	20.lt1k=0.0035/0.2822	21.comp=0.0035/0.2822	22.win=0.0035/0.2822	final=0.2822
COUNTS	pooling_sppc3pq	23173	893724	1153877333	325595394
LADGATE	1131	50000	0.553	1
PHASES	sporttournament48	0.6056	1.portfolio=0.1608/0.6507	1b.indep=0.0094/0.6507	2.descent=0.0029/0.6502	3.search=0.1655/0.6501	4.subtree=0.0060/0.6499	4b.indep-accept=0.0001/0.6499	5.terminal=0.0022/0.6499	6.extra=0.0021/0.6499	7.telos=0.0001/0.6499	8.cleanup=0.0076/0.6473	9.reduce=0.0783/0.6473	10.completion=0.0138/0.6471	11.corecand=0.0001/0.6471	12.peo=0.0010/0.6471	13p.prep=0.0047/0.0000	13p.seeds=8.0000/0.0000	13p.rounds=28.0000/0.0000	13p.ledger=805323.0000/0.0000	13p.recon=0.0085/0.0000	13p.mcs=0.0070/0.0000	13.alt=0.0259/0.6471	14.transplant=0.0034/0.6470	15.minl=0.0120/0.6470	15.peel=0.0001/0.6470	16.late=0.0184/0.6470	17.final=0.0024/0.6470	18.simp=0.0018/0.6470	19.five=0.0044/0.6469	20.lt1k=0.0001/0.6469	21.comp=0.0001/0.6469	22.win=0.0188/0.6461	final=0.6461
COUNTS	sporttournament48	1131	6676	919582	594138
LADGATE	5030	50000	0.367	1
PHASES	pooling_sppa9pq	0.3832	1.portfolio=0.2141/0.6530	1b.indep=0.0397/0.6530	2.descent=0.0005/0.6530	3.search=0.0005/0.6530	4.subtree=0.0090/0.6530	4b.indep-accept=0.0005/0.6448	5.terminal=0.0040/0.6448	6.extra=0.0005/0.6448	7.telos=0.0005/0.6448	8.cleanup=0.0006/0.6448	9.reduce=0.0424/0.6340	10.completion=0.0120/0.6340	11.corecand=0.0005/0.6340	12.peo=0.0056/0.6340	13p.prep=0.0000/0.0000	13p.seeds=0.0000/0.0000	13p.rounds=0.0000/0.0000	13p.ledger=0.0000/0.0000	13p.recon=0.0000/0.0000	13p.mcs=0.0000/0.0000	13.alt=0.0005/0.6340	14.transplant=0.0043/0.6340	15.minl=0.0047/0.6340	15.peel=0.0005/0.6340	16.late=0.0005/0.6340	17.final=0.0067/0.6340	18.simp=0.0005/0.6340	19.five=0.0005/0.6340	20.lt1k=0.0005/0.6340	21.comp=0.0005/0.6340	22.win=0.0097/0.6325	final=0.6312
COUNTS	pooling_sppa9pq	5030	120730	23971280	15130622
LADGATE	1053	50000	0.292	1
PHASES	edgecross10-090	0.3287	1.portfolio=0.1099/0.8420	1b.indep=0.0043/0.8420	2.descent=0.0004/0.8420	3.search=0.0659/0.8420	4.subtree=0.0031/0.8420	4b.indep-accept=0.0000/0.8420	5.terminal=0.0016/0.8420	6.extra=0.0016/0.8420	7.telos=0.0000/0.8420	8.cleanup=0.0010/0.8420	9.reduce=0.0644/0.8181	10.completion=0.0011/0.8181	11.corecand=0.0000/0.8181	12.peo=0.0004/0.8181	13p.prep=0.0010/0.0000	13p.seeds=8.0000/0.0000	13p.rounds=9.0000/0.0000	13p.ledger=106931.0000/0.0000	13p.recon=0.0010/0.0001	13p.mcs=0.0008/0.0000	13.alt=0.0037/0.8181	14.transplant=0.0008/0.8181	15.minl=0.0008/0.8181	15.peel=0.0000/0.8181	16.late=0.0139/0.8181	17.final=0.0033/0.8181	18.simp=0.0004/0.8181	19.five=0.0005/0.8181	20.lt1k=0.0000/0.8181	21.comp=0.0000/0.8181	22.win=0.0067/0.8181	final=0.8181
COUNTS	edgecross10-090	1053	5204	126115	103179
PHASES	maxcsp-ehi-85-297-71	0.3345	1.portfolio=0.0961/0.8073	1b.indep=0.0422/0.8073	2.descent=0.0011/0.8073	3.search=0.0011/0.8073	4.subtree=0.0219/0.8072	4b.indep-accept=0.0011/0.8072	5.terminal=0.0073/0.8072	6.extra=0.0012/0.8072	7.telos=0.0011/0.8072	8.cleanup=0.0011/0.8072	9.reduce=0.0061/0.8072	10.completion=0.0011/0.8072	11.corecand=0.0011/0.8072	12.peo=0.0334/0.8053	13p.prep=0.0212/0.0000	13p.seeds=8.0000/0.0000	13p.rounds=10.0000/0.0000	13p.ledger=3015029.0000/0.0000	13p.recon=0.0198/0.0000	13p.mcs=0.0312/0.0000	13.alt=0.0795/0.8041	14.transplant=0.0056/0.8041	15.minl=0.0099/0.8041	15.peel=0.0011/0.8041	16.late=0.0011/0.8041	17.final=0.0139/0.8040	18.simp=0.0011/0.8040	19.five=0.0011/0.8040	20.lt1k=0.0011/0.8040	21.comp=0.0011/0.8040	22.win=0.0011/0.8040	final=0.8040
COUNTS	maxcsp-ehi-85-297-71	2372	207996	1381768944	1110971341
LADGATE	30	50000	0.173	1
PHASES	st_bpaf1a	0.2454	1.portfolio=0.0030/0.9310	1b.indep=0.0000/0.9310	2.descent=0.0000/0.9310	3.search=0.1263/0.9310	4.subtree=0.0025/0.9310	4b.indep-accept=0.0000/0.9310	5.terminal=0.0019/0.9310	6.extra=0.0025/0.9310	7.telos=0.0000/0.9310	8.cleanup=0.0000/0.9310	9.reduce=0.0000/0.9310	10.completion=0.0000/0.9310	11.corecand=0.0004/0.9310	12.peo=0.0000/0.9310	13p.prep=0.0000/0.0000	13p.seeds=8.0000/0.0000	13p.rounds=11.0000/0.0000	13p.ledger=2984.0000/0.0000	13p.recon=0.0000/0.0177	13p.mcs=0.0000/0.0000	13.alt=0.0002/0.9310	14.transplant=0.0000/0.9310	15.minl=0.0000/0.9310	15.peel=0.0000/0.9310	16.late=0.0288/0.9310	17.final=0.0039/0.9310	18.simp=0.0000/0.9310	19.five=0.0000/0.9310	20.lt1k=0.0017/0.9310	21.comp=0.0000/0.9310	22.win=0.0007/0.9310	final=0.9310
COUNTS	st_bpaf1a	30	120	623	580
LADGATE	1462	50000	0.442	1
PHASES	risk2bpb	0.4859	1.portfolio=0.1310/0.6032	1b.indep=0.0053/0.6032	2.descent=0.0009/0.6029	3.search=0.1596/0.5765	4.subtree=0.0112/0.5576	4b.indep-accept=0.0001/0.5576	5.terminal=0.0014/0.5576	6.extra=0.0013/0.5576	7.telos=0.0001/0.5576	8.cleanup=0.0018/0.5576	9.reduce=0.0669/0.5576	10.completion=0.0015/0.5576	11.corecand=0.0001/0.5576	12.peo=0.0007/0.5576	13p.prep=0.0023/0.0000	13p.seeds=8.0000/0.0000	13p.rounds=16.0000/0.0000	13p.ledger=218880.0000/0.0000	13p.recon=0.0027/0.0001	13p.mcs=0.0015/0.0000	13.alt=0.0091/0.5576	14.transplant=0.0024/0.5574	15.minl=0.0036/0.5574	15.peel=0.0001/0.5574	16.late=0.0144/0.5574	17.final=0.0042/0.5574	18.simp=0.0007/0.5574	19.five=0.0012/0.5574	20.lt1k=0.0001/0.5574	21.comp=0.0001/0.5574	22.win=0.0128/0.5574	final=0.5574
COUNTS	risk2bpb	1462	5396	118471	66041
LADGATE	255	50000	0.147	1
PHASES	qap	0.1667	1.portfolio=0.0468/0.9605	1b.indep=0.0096/0.9605	2.descent=0.0005/0.9605	3.search=0.0001/0.9605	4.subtree=0.0021/0.9605	4b.indep-accept=0.0001/0.9605	5.terminal=0.0025/0.9605	6.extra=0.0016/0.9605	7.telos=0.0001/0.9605	8.cleanup=0.0010/0.9605	9.reduce=0.0014/0.9605	10.completion=0.0031/0.9605	11.corecand=0.0001/0.9605	12.peo=0.0013/0.9605	13p.prep=0.0055/0.0000	13p.seeds=8.0000/0.0000	13p.rounds=16.0000/0.0000	13p.ledger=1116552.0000/0.0000	13p.recon=0.0034/0.0000	13p.mcs=0.0050/0.0000	13.alt=0.0197/0.9605	14.transplant=0.0004/0.9605	15.minl=0.0023/0.9605	15.peel=0.0001/0.9605	16.late=0.0001/0.9605	17.final=0.0029/0.9605	18.simp=0.0009/0.9605	19.five=0.0011/0.9605	20.lt1k=0.0106/0.9605	21.comp=0.0001/0.9605	22.win=0.0152/0.9605	final=0.9599
COUNTS	qap	255	43748	3802533	3650113
LADGATE	7252	50000	0.513	1
PHASES	rsyn0830m04m	0.5280	1.portfolio=0.1731/0.8669	1b.indep=0.0212/0.8669	2.descent=0.0102/0.8589	3.search=0.0003/0.8589	4.subtree=0.1305/0.8332	4b.indep-accept=0.0003/0.8332	5.terminal=0.0033/0.8332	6.extra=0.0026/0.8332	7.telos=0.0003/0.8332	8.cleanup=0.0181/0.8326	9.reduce=0.0612/0.8326	10.completion=0.0065/0.8122	11.corecand=0.0002/0.8122	12.peo=0.0026/0.8122	13p.prep=0.0000/0.0000	13p.seeds=0.0000/0.0000	13p.rounds=0.0000/0.0000	13p.ledger=0.0000/0.0000	13p.recon=0.0000/0.0000	13p.mcs=0.0000/0.0000	13.alt=0.0003/0.8122	14.transplant=0.0131/0.8122	15.minl=0.0176/0.8122	15.peel=0.0003/0.8122	16.late=0.0002/0.8122	17.final=0.0278/0.8104	18.simp=0.0002/0.8104	19.five=0.0112/0.8102	20.lt1k=0.0003/0.8102	21.comp=0.0003/0.8102	22.win=0.0116/0.8102	final=0.8100
COUNTS	rsyn0830m04m	7252	20752	212130	171821
LADGATE	1073	50000	0.258	1
PHASES	lop97icx	0.2684	1.portfolio=0.0616/0.8712	1b.indep=0.0033/0.8712	2.descent=0.0004/0.8628	3.search=0.0768/0.8401	4.subtree=0.0036/0.8286	4b.indep-accept=0.0000/0.8286	5.terminal=0.0012/0.8286	6.extra=0.0008/0.8286	7.telos=0.0000/0.8286	8.cleanup=0.0015/0.8234	9.reduce=0.0565/0.8234	10.completion=0.0011/0.8234	11.corecand=0.0000/0.8234	12.peo=0.0003/0.8234	13p.prep=0.0010/0.0000	13p.seeds=8.0000/0.0000	13p.rounds=15.0000/0.0000	13p.ledger=109385.0000/0.0000	13p.recon=0.0011/0.0002	13p.mcs=0.0010/0.0000	13.alt=0.0042/0.8234	14.transplant=0.0007/0.8234	15.minl=0.0015/0.8234	15.peel=0.0000/0.8234	16.late=0.0172/0.8234	17.final=0.0046/0.8219	18.simp=0.0004/0.8204	19.five=0.0010/0.8143	20.lt1k=0.0000/0.8143	21.comp=0.0000/0.8143	22.win=0.0091/0.8078	final=0.8078
COUNTS	lop97icx	1073	2118	79286	64044
LADGATE	1201	50000	0.214	1
PHASES	chain400	0.2547	1.portfolio=0.0793/1.0000	1b.indep=0.0014/1.0000	2.descent=0.0004/1.0000	3.search=0.0596/1.0000	4.subtree=0.0010/1.0000	4b.indep-accept=0.0000/1.0000	5.terminal=0.0012/1.0000	6.extra=0.0000/1.0000	7.telos=0.0000/1.0000	8.cleanup=0.0013/1.0000	9.reduce=0.0009/1.0000	10.completion=0.0007/1.0000	11.corecand=0.0000/1.0000	12.peo=0.0004/1.0000	13p.prep=0.0056/0.0000	13p.seeds=8.0000/0.0000	13p.rounds=51.0000/0.0000	13p.ledger=539390.0000/0.0000	13p.recon=0.0052/0.0031	13p.mcs=0.0025/0.0000	13.alt=0.0186/1.0000	14.transplant=0.0001/1.0000	15.minl=0.0006/1.0000	15.peel=0.0000/1.0000	16.late=0.0191/1.0000	17.final=0.0019/1.0000	18.simp=0.0004/1.0000	19.five=0.0008/1.0000	20.lt1k=0.0000/1.0000	21.comp=0.0000/1.0000	22.win=0.0139/1.0000	final=1.0000
COUNTS	chain400	1201	4796	16382	16382
LADGATE	9532	50000	0.730	1
PHASES	mpbp_07	0.8156	1.portfolio=0.1819/0.9360	1b.indep=0.0300/0.9360	2.descent=0.0119/0.9360	3.search=0.0003/0.9360	4.subtree=0.1323/0.9260	4b.indep-accept=0.0003/0.9260	5.terminal=0.0033/0.9260	6.extra=0.0032/0.9260	7.telos=0.0003/0.9260	8.cleanup=0.0227/0.9254	9.reduce=0.0891/0.9254	10.completion=0.0143/0.9182	11.corecand=0.0003/0.9182	12.peo=0.0119/0.9128	13p.prep=0.0282/0.0000	13p.seeds=8.0000/0.0000	13p.rounds=36.0000/0.0000	13p.ledger=3474434.0000/0.0000	13p.recon=0.0351/0.0000	13p.mcs=0.0205/0.0000	13.alt=0.1108/0.9128	14.transplant=0.0104/0.9128	15.minl=0.0647/0.9127	15.peel=0.0003/0.9127	16.late=0.0003/0.9127	17.final=0.0054/0.9127	18.simp=0.0003/0.9127	19.five=0.0135/0.9127	20.lt1k=0.0003/0.9127	21.comp=0.0003/0.9127	22.win=0.0188/0.9127	final=0.9127
COUNTS	mpbp_07	9532	30810	1368477	1248947
LADGATE	440	50000	0.329	1
PHASES	sonetgr17	0.3837	1.portfolio=0.0612/0.8221	1b.indep=0.0031/0.8221	2.descent=0.0002/0.8221	3.search=0.0952/0.8190	4.subtree=0.0093/0.8190	4b.indep-accept=0.0000/0.8190	5.terminal=0.0018/0.8190	6.extra=0.0020/0.8190	7.telos=0.0000/0.8190	8.cleanup=0.0004/0.8190	9.reduce=0.0525/0.8190	10.completion=0.0005/0.8190	11.corecand=0.0118/0.8190	12.peo=0.0002/0.8190	13p.prep=0.0011/0.0000	13p.seeds=8.0000/0.0000	13p.rounds=18.0000/0.0000	13p.ledger=112343.0000/0.0000	13p.recon=0.0012/0.0005	13p.mcs=0.0009/0.0000	13.alt=0.0043/0.8190	14.transplant=0.0007/0.8190	15.minl=0.0011/0.8190	15.peel=0.0000/0.8190	16.late=0.0215/0.8190	17.final=0.0067/0.8190	18.simp=0.0002/0.8190	19.five=0.0006/0.8190	20.lt1k=0.0464/0.8190	21.comp=0.0006/0.8190	22.win=0.0051/0.8190	final=0.8190
COUNTS	sonetgr17	440	2958	37814	30971
LADGATE	2207	50000	0.418	1
PHASES	p_ball_30b_7p_2d_h	0.4963	1.portfolio=0.1724/0.9968	1b.indep=0.0072/0.9968	2.descent=0.0011/0.9968	3.search=0.1000/0.9968	4.subtree=0.0065/0.9968	4b.indep-accept=0.0001/0.9968	5.terminal=0.0021/0.9968	6.extra=0.0019/0.9968	7.telos=0.0001/0.9968	8.cleanup=0.0032/0.9968	9.reduce=0.0757/0.9968	10.completion=0.0013/0.9968	11.corecand=0.0001/0.9968	12.peo=0.0007/0.9968	13p.prep=0.0020/0.0000	13p.seeds=8.0000/0.0000	13p.rounds=10.0000/0.0000	13p.ledger=175122.0000/0.0000	13p.recon=0.0022/0.0002	13p.mcs=0.0010/0.0000	13.alt=0.0069/0.9968	14.transplant=0.0026/0.9968	15.minl=0.0036/0.9968	15.peel=0.0001/0.9968	16.late=0.0078/0.9968	17.final=0.0050/0.9968	18.simp=0.0012/0.9968	19.five=0.0020/0.9968	20.lt1k=0.0001/0.9968	21.comp=0.0001/0.9968	22.win=0.0057/0.9968	final=0.9968
COUNTS	p_ball_30b_7p_2d_h	2207	7516	42456	42319
LADGATE	19995	50000	0.654	1
PHASES	pinene200	0.6548	1.portfolio=0.1740/0.8796	1b.indep=0.0740/0.8796	2.descent=0.0006/0.8796	3.search=0.0006/0.8796	4.subtree=0.1548/0.8483	4b.indep-accept=0.0007/0.8483	5.terminal=0.0067/0.8468	6.extra=0.0006/0.8468	7.telos=0.0006/0.8468	8.cleanup=0.0006/0.8468	9.reduce=0.0635/0.8468	10.completion=0.0115/0.8467	11.corecand=0.0006/0.8467	12.peo=0.0151/0.8465	13p.prep=0.0197/0.0000	13p.seeds=8.0000/0.0000	13p.rounds=11.0000/0.0000	13p.ledger=764980.0000/0.0000	13p.recon=0.0071/0.0000	13p.mcs=0.0040/0.0000	13.alt=0.0372/0.8465	14.transplant=0.0081/0.8376	15.minl=0.0695/0.8358	15.peel=0.0007/0.8358	16.late=0.0007/0.8358	17.final=0.0364/0.8350	18.simp=0.0007/0.8350	19.five=0.0007/0.8350	20.lt1k=0.0007/0.8350	21.comp=0.0007/0.8350	22.win=0.0007/0.8350	final=0.8350
COUNTS	pinene200	19995	97990	1358716	1134463
PHASES	unitcommit_200_100_1_mod_8	0.5821	1.portfolio=0.1700/0.9978	1b.indep=0.1811/0.9939	2.descent=0.0050/0.9939	3.search=0.0050/0.9939	4.subtree=0.0049/0.9939	4b.indep-accept=0.0049/0.9939	5.terminal=0.0049/0.9939	6.extra=0.0049/0.9939	7.telos=0.0049/0.9939	8.cleanup=0.0050/0.9939	9.reduce=0.0633/0.9764	10.completion=0.0044/0.9764	11.corecand=0.0043/0.9764	12.peo=0.0179/0.9764	13p.prep=0.0000/0.0000	13p.seeds=0.0000/0.0000	13p.rounds=0.0000/0.0000	13p.ledger=0.0000/0.0000	13p.recon=0.0000/0.0000	13p.mcs=0.0000/0.0000	13.alt=0.0047/0.9764	14.transplant=0.0047/0.9764	15.minl=0.0095/0.9764	15.peel=0.0048/0.9764	16.late=0.0047/0.9764	17.final=0.0047/0.9764	18.simp=0.0047/0.9764	19.five=0.0047/0.9764	20.lt1k=0.0047/0.9764	21.comp=0.0048/0.9764	22.win=0.0047/0.9764	final=0.9764
COUNTS	unitcommit_200_100_1_mod_8	146830	476332	3053940	2981835
LADGATE	123	50000	0.306	1
PHASES	ex8_3_9	0.3784	1.portfolio=0.0156/0.7700	1b.indep=0.0008/0.7700	2.descent=0.0000/0.7700	3.search=0.1471/0.7700	4.subtree=0.0278/0.7654	4b.indep-accept=0.0000/0.7643	5.terminal=0.0025/0.7643	6.extra=0.0025/0.7643	7.telos=0.0000/0.7643	8.cleanup=0.0001/0.7643	9.reduce=0.0610/0.7643	10.completion=0.0003/0.7643	11.corecand=0.0021/0.7643	12.peo=0.0001/0.7643	13p.prep=0.0003/0.0000	13p.seeds=8.0000/0.0000	13p.rounds=15.0000/0.0000	13p.ledger=29961.0000/0.0000	13p.recon=0.0004/0.0010	13p.mcs=0.0003/0.0000	13.alt=0.0012/0.7643	14.transplant=0.0001/0.7643	15.minl=0.0002/0.7643	15.peel=0.0000/0.7643	16.late=0.0281/0.7643	17.final=0.0036/0.7643	18.simp=0.0001/0.7643	19.five=0.0002/0.7643	20.lt1k=0.0080/0.7643	21.comp=0.0003/0.7643	22.win=0.0018/0.7643	final=0.7643
COUNTS	ex8_3_9	123	834	15050	11503
LADGATE	2486	50000	0.574	1
PHASES	rsyn0820m02m	0.5868	1.portfolio=0.2162/0.9472	1b.indep=0.0095/0.9472	2.descent=0.0017/0.9464	3.search=0.1264/0.9464	4.subtree=0.0312/0.9440	4b.indep-accept=0.0001/0.9440	5.terminal=0.0020/0.9440	6.extra=0.0018/0.9440	7.telos=0.0001/0.9440	8.cleanup=0.0044/0.9438	9.reduce=0.1103/0.9438	10.completion=0.0016/0.9397	11.corecand=0.0001/0.9397	12.peo=0.0009/0.9397	13p.prep=0.0057/0.0000	13p.seeds=8.0000/0.0000	13p.rounds=24.0000/0.0000	13p.ledger=422343.0000/0.0000	13p.recon=0.0056/0.0006	13p.mcs=0.0026/0.0000	13.alt=0.0199/0.9397	14.transplant=0.0039/0.9389	15.minl=0.0051/0.9389	15.peel=0.0001/0.9389	16.late=0.0081/0.9380	17.final=0.0048/0.9380	18.simp=0.0017/0.9366	19.five=0.0050/0.9358	20.lt1k=0.0001/0.9358	21.comp=0.0001/0.9358	22.win=0.0112/0.9339	final=0.9339
COUNTS	rsyn0820m02m	2486	6932	38190	35665
LADGATE	293	50000	0.277	1
PHASES	p_ball_10b_5p_2d_m	0.3399	1.portfolio=0.0214/0.9848	1b.indep=0.0010/0.9848	2.descent=0.0001/0.9848	3.search=0.1146/0.9848	4.subtree=0.0015/0.9848	4b.indep-accept=0.0000/0.9848	5.terminal=0.0023/0.9848	6.extra=0.0015/0.9848	7.telos=0.0000/0.9848	8.cleanup=0.0002/0.9848	9.reduce=0.0751/0.9848	10.completion=0.0002/0.9848	11.corecand=0.0045/0.9848	12.peo=0.0001/0.9848	13p.prep=0.0004/0.0000	13p.seeds=8.0000/0.0000	13p.rounds=15.0000/0.0000	13p.ledger=36035.0000/0.0000	13p.recon=0.0005/0.0023	13p.mcs=0.0003/0.0000	13.alt=0.0015/0.9848	14.transplant=0.0003/0.9848	15.minl=0.0004/0.9848	15.peel=0.0000/0.9848	16.late=0.0244/0.9848	17.final=0.0036/0.9848	18.simp=0.0001/0.9848	19.five=0.0003/0.9848	20.lt1k=0.0176/0.9848	21.comp=0.0002/0.9848	22.win=0.0022/0.9848	final=0.9848
COUNTS	p_ball_10b_5p_2d_m	293	964	6648	6547
LADGATE	170	50000	0.237	1
PHASES	pooling_adhya4tp	0.2963	1.portfolio=0.0231/0.8645	1b.indep=0.0011/0.8645	2.descent=0.0001/0.8595	3.search=0.1133/0.8595	4.subtree=0.0025/0.8595	4b.indep-accept=0.0000/0.8595	5.terminal=0.0014/0.8595	6.extra=0.0023/0.8595	7.telos=0.0000/0.8595	8.cleanup=0.0002/0.8595	9.reduce=0.0424/0.7765	10.completion=0.0004/0.7765	11.corecand=0.0028/0.7696	12.peo=0.0002/0.7667	13p.prep=0.0003/0.0000	13p.seeds=8.0000/0.0000	13p.rounds=12.0000/0.0000	13p.ledger=31550.0000/0.0000	13p.recon=0.0004/0.0004	13p.mcs=0.0004/0.0000	13.alt=0.0013/0.7667	14.transplant=0.0002/0.7667	15.minl=0.0002/0.7667	15.peel=0.0000/0.7667	16.late=0.0235/0.7667	17.final=0.0033/0.7667	18.simp=0.0001/0.7667	19.five=0.0002/0.7667	20.lt1k=0.0119/0.7667	21.comp=0.0004/0.7667	22.win=0.0027/0.7667	final=0.7667
COUNTS	pooling_adhya4tp	170	936	26842	20581
LADGATE	7295	50000	0.236	1
PHASES	squfl015-080persp	0.2529	1.portfolio=0.1573/1.0000	1b.indep=0.0142/1.0000	2.descent=0.0002/1.0000	3.search=0.0002/1.0000	4.subtree=0.0040/1.0000	4b.indep-accept=0.0002/1.0000	5.terminal=0.0027/1.0000	6.extra=0.0002/1.0000	7.telos=0.0002/1.0000	8.cleanup=0.0002/1.0000	9.reduce=0.0091/1.0000	10.completion=0.0021/1.0000	11.corecand=0.0002/1.0000	12.peo=0.0017/1.0000	13p.prep=0.0000/0.0000	13p.seeds=0.0000/0.0000	13p.rounds=0.0000/0.0000	13p.ledger=0.0000/0.0000	13p.recon=0.0000/0.0000	13p.mcs=0.0000/0.0000	13.alt=0.0002/1.0000	14.transplant=0.0003/1.0000	15.minl=0.0024/1.0000	15.peel=0.0002/1.0000	16.late=0.0002/1.0000	17.final=0.0054/1.0000	18.simp=0.0002/1.0000	19.five=0.0133/1.0000	20.lt1k=0.0002/1.0000	21.comp=0.0002/1.0000	22.win=0.0085/1.0000	final=1.0000
COUNTS	squfl015-080persp	7295	21600	74520	74520
LADGATE	1053	50000	0.316	1
PHASES	edgecross10-080	0.3491	1.portfolio=0.1153/0.9824	1b.indep=0.0049/0.9824	2.descent=0.0004/0.9824	3.search=0.0614/0.9645	4.subtree=0.0079/0.9638	4b.indep-accept=0.0000/0.9638	5.terminal=0.0013/0.9638	6.extra=0.0017/0.9638	7.telos=0.0000/0.9638	8.cleanup=0.0010/0.9638	9.reduce=0.0740/0.9638	10.completion=0.0014/0.9638	11.corecand=0.0000/0.9638	12.peo=0.0005/0.9638	13p.prep=0.0009/0.0000	13p.seeds=8.0000/0.0000	13p.rounds=8.0000/0.0000	13p.ledger=106223.0000/0.0000	13p.recon=0.0010/0.0000	13p.mcs=0.0008/0.0000	13.alt=0.0038/0.9638	14.transplant=0.0009/0.9638	15.minl=0.0020/0.9638	15.peel=0.0000/0.9638	16.late=0.0147/0.9638	17.final=0.0028/0.9638	18.simp=0.0004/0.9638	19.five=0.0006/0.9638	20.lt1k=0.0000/0.9638	21.comp=0.0000/0.9638	22.win=0.0091/0.9638	final=0.9638
COUNTS	edgecross10-080	1053	5940	170814	164639
LADGATE	590	50000	0.341	1
PHASES	clay0204hfsg	0.3568	1.portfolio=0.0415/0.9246	1b.indep=0.0013/0.9246	2.descent=0.0002/0.9161	3.search=0.0980/0.9161	4.subtree=0.0125/0.9139	4b.indep-accept=0.0000/0.9139	5.terminal=0.0022/0.9139	6.extra=0.0032/0.9139	7.telos=0.0000/0.9139	8.cleanup=0.0011/0.9139	9.reduce=0.0830/0.9139	10.completion=0.0003/0.9116	11.corecand=0.0118/0.9116	12.peo=0.0002/0.9116	13p.prep=0.0010/0.0000	13p.seeds=8.0000/0.0000	13p.rounds=18.0000/0.0000	13p.ledger=74752.0000/0.0000	13p.recon=0.0010/0.0025	13p.mcs=0.0005/0.0000	13.alt=0.0034/0.9116	14.transplant=0.0008/0.9116	15.minl=0.0010/0.9116	15.peel=0.0000/0.9116	16.late=0.0195/0.9116	17.final=0.0051/0.9116	18.simp=0.0002/0.9116	19.five=0.0006/0.9116	20.lt1k=0.0465/0.9116	21.comp=0.0003/0.9116	22.win=0.0041/0.9116	final=0.9116
COUNTS	clay0204hfsg	590	1696	7198	6562
LADGATE	13	50000	0.120	1
PHASES	st_bsj2	0.1788	1.portfolio=0.0015/0.7972	1b.indep=0.0000/0.7972	2.descent=0.0000/0.7972	3.search=0.1173/0.7972	4.subtree=0.0000/0.7972	4b.indep-accept=0.0000/0.7972	5.terminal=0.0000/0.7972	6.extra=0.0000/0.7972	7.telos=0.0000/0.7972	8.cleanup=0.0000/0.7972	9.reduce=0.0000/0.7972	10.completion=0.0000/0.7972	11.corecand=0.0001/0.7972	12.peo=0.0000/0.7972	13p.prep=0.0000/0.0000	13p.seeds=0.0000/0.0000	13p.rounds=0.0000/0.0000	13p.ledger=0.0000/0.0000	13p.recon=0.0000/0.0000	13p.mcs=0.0000/0.0000	13.alt=0.0000/0.7972	14.transplant=0.0000/0.7972	15.minl=0.0000/0.7972	15.peel=0.0000/0.7972	16.late=0.0000/0.7972	17.final=0.0000/0.7972	18.simp=0.0000/0.7972	19.five=0.0000/0.7972	20.lt1k=0.0004/0.7972	21.comp=0.0000/0.7972	22.win=0.0004/0.7972	final=0.7972
COUNTS	st_bsj2	13	40	143	114
LADGATE	440	50000	0.423	1
PHASES	chimera_mgw-c8-439-onc8-002	0.4790	1.portfolio=0.1298/0.9256	1b.indep=0.0047/0.9256	2.descent=0.0003/0.9256	3.search=0.0989/0.9224	4.subtree=0.0109/0.9137	4b.indep-accept=0.0000/0.9137	5.terminal=0.0020/0.9137	6.extra=0.0019/0.9137	7.telos=0.0000/0.9137	8.cleanup=0.0015/0.9064	9.reduce=0.0536/0.9048	10.completion=0.0017/0.9048	11.corecand=0.0107/0.9046	12.peo=0.0004/0.9046	13p.prep=0.0008/0.0000	13p.seeds=8.0000/0.0000	13p.rounds=10.0000/0.0000	13p.ledger=88196.0000/0.0000	13p.recon=0.0011/0.0001	13p.mcs=0.0008/0.0000	13.alt=0.0036/0.9046	14.transplant=0.0010/0.9025	15.minl=0.0010/0.9025	15.peel=0.0000/0.9025	16.late=0.0223/0.8975	17.final=0.0035/0.8975	18.simp=0.0003/0.8975	19.five=0.0016/0.8919	20.lt1k=0.0408/0.8915	21.comp=0.0017/0.8915	22.win=0.0133/0.8880	final=0.8835
COUNTS	chimera_mgw-c8-439-onc8-002	440	3038	97870	86464
LADGATE	5188	50000	0.684	1
PHASES	batchs201210m	0.7408	1.portfolio=0.2837/0.9221	1b.indep=0.0251/0.9221	2.descent=0.0023/0.9221	3.search=0.0802/0.8723	4.subtree=0.1550/0.8685	4b.indep-accept=0.0002/0.8685	5.terminal=0.0027/0.8685	6.extra=0.0024/0.8685	7.telos=0.0002/0.8685	8.cleanup=0.0023/0.8685	9.reduce=0.0752/0.8685	10.completion=0.0058/0.8685	11.corecand=0.0001/0.8685	12.peo=0.0017/0.8685	13p.prep=0.0000/0.0000	13p.seeds=0.0000/0.0000	13p.rounds=0.0000/0.0000	13p.ledger=0.0000/0.0000	13p.recon=0.0000/0.0000	13p.mcs=0.0000/0.0000	13.alt=0.0001/0.8685	14.transplant=0.0082/0.8685	15.minl=0.0113/0.8685	15.peel=0.0001/0.8685	16.late=0.0001/0.8685	17.final=0.0052/0.8685	18.simp=0.0022/0.8685	19.five=0.0076/0.8685	20.lt1k=0.0001/0.8685	21.comp=0.0001/0.8685	22.win=0.0086/0.8685	final=0.8685
COUNTS	batchs201210m	5188	17910	349298	303381
LADGATE	5456	50000	0.637	1
PHASES	rsyn0815m04m	0.6564	1.portfolio=0.1878/0.8705	1b.indep=0.0219/0.8705	2.descent=0.0091/0.8621	3.search=0.0971/0.8324	4.subtree=0.1235/0.8129	4b.indep-accept=0.0002/0.8129	5.terminal=0.0025/0.8129	6.extra=0.0024/0.8129	7.telos=0.0002/0.8129	8.cleanup=0.0162/0.8127	9.reduce=0.0565/0.8127	10.completion=0.0053/0.7915	11.corecand=0.0002/0.7915	12.peo=0.0019/0.7915	13p.prep=0.0000/0.0000	13p.seeds=0.0000/0.0000	13p.rounds=0.0000/0.0000	13p.ledger=0.0000/0.0000	13p.recon=0.0000/0.0000	13p.mcs=0.0000/0.0000	13.alt=0.0002/0.7915	14.transplant=0.0108/0.7872	15.minl=0.0490/0.7863	15.peel=0.0002/0.7863	16.late=0.0002/0.7863	17.final=0.0276/0.7855	18.simp=0.0025/0.7855	19.five=0.0095/0.7823	20.lt1k=0.0002/0.7823	21.comp=0.0002/0.7823	22.win=0.0107/0.7820	final=0.7820
COUNTS	rsyn0815m04m	5456	15756	184352	144170
LADGATE	560	50000	0.325	1
PHASES	syn40m	0.3396	1.portfolio=0.0393/0.9758	1b.indep=0.0016/0.9758	2.descent=0.0002/0.9758	3.search=0.1038/0.9744	4.subtree=0.0088/0.9730	4b.indep-accept=0.0000/0.9730	5.terminal=0.0021/0.9730	6.extra=0.0028/0.9730	7.telos=0.0000/0.9730	8.cleanup=0.0010/0.9730	9.reduce=0.0585/0.9730	10.completion=0.0003/0.9644	11.corecand=0.0109/0.9644	12.peo=0.0002/0.9644	13p.prep=0.0015/0.0000	13p.seeds=8.0000/0.0000	13p.rounds=25.0000/0.0000	13p.ledger=91954.0000/0.0000	13p.recon=0.0013/0.0050	13p.mcs=0.0007/0.0000	13.alt=0.0049/0.9644	14.transplant=0.0008/0.9644	15.minl=0.0010/0.9644	15.peel=0.0000/0.9644	16.late=0.0204/0.9644	17.final=0.0052/0.9644	18.simp=0.0002/0.9644	19.five=0.0007/0.9644	20.lt1k=0.0430/0.9644	21.comp=0.0002/0.9644	22.win=0.0086/0.9644	final=0.9644
COUNTS	syn40m	560	1528	5007	4829
LADGATE	2157	50000	0.280	1
PHASES	knp5-44	0.3109	1.portfolio=0.1315/1.0000	1b.indep=0.0598/1.0000	2.descent=0.0018/1.0000	3.search=0.0001/1.0000	4.subtree=0.0014/1.0000	4b.indep-accept=0.0001/1.0000	5.terminal=0.0020/1.0000	6.extra=0.0001/1.0000	7.telos=0.0001/1.0000	8.cleanup=0.0042/1.0000	9.reduce=0.0087/1.0000	10.completion=0.0061/1.0000	11.corecand=0.0001/1.0000	12.peo=0.0016/1.0000	13p.prep=0.0034/0.0000	13p.seeds=4.0000/0.0000	13p.rounds=10.0000/0.0000	13p.ledger=756318.0000/0.0000	13p.recon=0.0043/0.0000	13p.mcs=0.0045/0.0000	13.alt=0.0159/1.0000	14.transplant=0.0003/1.0000	15.minl=0.0074/1.0000	15.peel=0.0001/1.0000	16.late=0.0001/1.0000	17.final=0.0021/1.0000	18.simp=0.0025/1.0000	19.five=0.0028/1.0000	20.lt1k=0.0001/1.0000	21.comp=0.0001/1.0000	22.win=0.0145/1.0000	final=1.0000
COUNTS	knp5-44	2157	32604	3764003	3764003
LADGATE	94	50000	0.201	1
PHASES	ex1263a	0.2760	1.portfolio=0.0083/1.0000	1b.indep=0.0005/1.0000	2.descent=0.0000/1.0000	3.search=0.1315/1.0000	4.subtree=0.0012/1.0000	4b.indep-accept=0.0000/1.0000	5.terminal=0.0030/1.0000	6.extra=0.0000/1.0000	7.telos=0.0000/1.0000	8.cleanup=0.0001/1.0000	9.reduce=0.0099/1.0000	10.completion=0.0001/1.0000	11.corecand=0.0014/1.0000	12.peo=0.0001/1.0000	13p.prep=0.0002/0.0000	13p.seeds=8.0000/0.0000	13p.rounds=13.0000/0.0000	13p.ledger=11403.0000/0.0000	13p.recon=0.0002/0.0062	13p.mcs=0.0001/0.0000	13.alt=0.0006/1.0000	14.transplant=0.0000/1.0000	15.minl=0.0001/1.0000	15.peel=0.0000/1.0000	16.late=0.0300/1.0000	17.final=0.0036/1.0000	18.simp=0.0000/1.0000	19.five=0.0001/1.0000	20.lt1k=0.0057/1.0000	21.comp=0.0001/1.0000	22.win=0.0019/1.0000	final=1.0000
COUNTS	ex1263a	94	390	2098	2098
PHASES	st_e41	0.0000	final=1.0000
COUNTS	st_e41	8	32	88	88
LADGATE	2305	50000	0.323	1
PHASES	squfl025-030	0.3429	1.portfolio=0.1633/1.0000	1b.indep=0.0038/1.0000	2.descent=0.0012/1.0000	3.search=0.0825/1.0000	4.subtree=0.0030/1.0000	4b.indep-accept=0.0001/1.0000	5.terminal=0.0018/1.0000	6.extra=0.0001/1.0000	7.telos=0.0000/1.0000	8.cleanup=0.0028/1.0000	9.reduce=0.0309/1.0000	10.completion=0.0013/1.0000	11.corecand=0.0000/1.0000	12.peo=0.0006/1.0000	13p.prep=0.0014/0.0000	13p.seeds=8.0000/0.0000	13p.rounds=8.0000/0.0000	13p.ledger=123364.0000/0.0000	13p.recon=0.0013/0.0002	13p.mcs=0.0007/0.0000	13.alt=0.0046/1.0000	14.transplant=0.0001/1.0000	15.minl=0.0008/1.0000	15.peel=0.0000/1.0000	16.late=0.0071/1.0000	17.final=0.0042/1.0000	18.simp=0.0011/1.0000	19.five=0.0015/1.0000	20.lt1k=0.0000/1.0000	21.comp=0.0000/1.0000	22.win=0.0057/1.0000	final=1.0000
COUNTS	squfl025-030	2305	6000	42305	42305
LADGATE	98	50000	0.253	1
PHASES	wastewater05m1	0.3290	1.portfolio=0.0123/0.8215	1b.indep=0.0010/0.8215	2.descent=0.0001/0.8131	3.search=0.1292/0.7552	4.subtree=0.0024/0.7552	4b.indep-accept=0.0000/0.7503	5.terminal=0.0081/0.6930	6.extra=0.0027/0.6930	7.telos=0.0000/0.6930	8.cleanup=0.0002/0.6903	9.reduce=0.0475/0.6903	10.completion=0.0002/0.6903	11.corecand=0.0015/0.6901	12.peo=0.0001/0.6901	13p.prep=0.0003/0.0000	13p.seeds=8.0000/0.0000	13p.rounds=22.0000/0.0000	13p.ledger=31224.0000/0.0000	13p.recon=0.0004/0.0019	13p.mcs=0.0004/0.0000	13.alt=0.0014/0.6901	14.transplant=0.0001/0.6901	15.minl=0.0002/0.6901	15.peel=0.0000/0.6901	16.late=0.0299/0.6901	17.final=0.0044/0.6901	18.simp=0.0000/0.6901	19.five=0.0002/0.6901	20.lt1k=0.0060/0.6901	21.comp=0.0002/0.6901	22.win=0.0025/0.6874	final=0.6874
COUNTS	wastewater05m1	98	536	11690	8036
PHASES	cvxnonsep_psig20	0.0000	final=1.0000
COUNTS	cvxnonsep_psig20	20	380	2870	2870
LADGATE	4405	50000	0.180	1
PHASES	meanvar-orl400_05_e_8	0.2370	1.portfolio=0.0879/1.0000	1b.indep=0.0374/1.0000	2.descent=0.0006/1.0000	3.search=0.0005/1.0000	4.subtree=0.0033/1.0000	4b.indep-accept=0.0005/1.0000	5.terminal=0.0038/1.0000	6.extra=0.0006/1.0000	7.telos=0.0005/1.0000	8.cleanup=0.0006/1.0000	9.reduce=0.0056/1.0000	10.completion=0.0047/1.0000	11.corecand=0.0005/1.0000	12.peo=0.0049/1.0000	13p.prep=0.0000/0.0000	13p.seeds=0.0000/0.0000	13p.rounds=0.0000/0.0000	13p.ledger=0.0000/0.0000	13p.recon=0.0000/0.0000	13p.mcs=0.0000/0.0000	13.alt=0.0005/1.0000	14.transplant=0.0034/1.0000	15.minl=0.0086/1.0000	15.peel=0.0006/1.0000	16.late=0.0005/1.0000	17.final=0.0033/1.0000	18.simp=0.0005/1.0000	19.five=0.0005/1.0000	20.lt1k=0.0005/1.0000	21.comp=0.0005/1.0000	22.win=0.0052/1.0000	final=1.0000
COUNTS	meanvar-orl400_05_e_8	4405	171604	21923414	21922611
LADGATE	301	50000	0.292	1
PHASES	st_e31	0.3082	1.portfolio=0.0222/0.9746	1b.indep=0.0009/0.9746	2.descent=0.0001/0.9746	3.search=0.1144/0.9491	4.subtree=0.0030/0.9491	4b.indep-accept=0.0000/0.9491	5.terminal=0.0014/0.9491	6.extra=0.0022/0.9491	7.telos=0.0000/0.9491	8.cleanup=0.0002/0.9491	9.reduce=0.0737/0.9422	10.completion=0.0002/0.9422	11.corecand=0.0047/0.9422	12.peo=0.0001/0.9422	13p.prep=0.0003/0.0000	13p.seeds=8.0000/0.0000	13p.rounds=9.0000/0.0000	13p.ledger=18332.0000/0.0000	13p.recon=0.0003/0.0020	13p.mcs=0.0002/0.0000	13.alt=0.0011/0.9422	14.transplant=0.0003/0.9422	15.minl=0.0004/0.9422	15.peel=0.0000/0.9422	16.late=0.0245/0.9422	17.final=0.0093/0.9389	18.simp=0.0001/0.9389	19.five=0.0004/0.9389	20.lt1k=0.0181/0.9389	21.comp=0.0002/0.9389	22.win=0.0064/0.9389	final=0.9389
COUNTS	st_e31	301	744	4534	4257
PHASES	pooling_sppc1pq	0.4150	1.portfolio=0.1729/0.3037	1b.indep=0.0950/0.1683	2.descent=0.0019/0.1683	3.search=0.0019/0.1683	4.subtree=0.0116/0.1683	4b.indep-accept=0.0019/0.1683	5.terminal=0.0019/0.1683	6.extra=0.0019/0.1683	7.telos=0.0019/0.1683	8.cleanup=0.0019/0.1683	9.reduce=0.0358/0.1683	10.completion=0.0019/0.1683	11.corecand=0.0019/0.1683	12.peo=0.0063/0.1683	13p.prep=0.0315/0.0000	13p.seeds=8.0000/0.0000	13p.rounds=8.0000/0.0000	13p.ledger=0.0000/0.0000	13p.recon=0.0000/0.0000	13p.mcs=0.0000/0.0000	13.alt=0.0355/0.1683	14.transplant=0.0020/0.1683	15.minl=0.0104/0.1683	15.peel=0.0020/0.1683	16.late=0.0019/0.1683	17.final=0.0020/0.1683	18.simp=0.0019/0.1683	19.five=0.0019/0.1683	20.lt1k=0.0019/0.1683	21.comp=0.0019/0.1683	22.win=0.0020/0.1683	final=0.1683
COUNTS	pooling_sppc1pq	14100	477680	812210652	136686008
LADGATE	31	50000	0.177	1
PHASES	pooling_haverly1pq	0.2486	1.portfolio=0.0031/0.9782	1b.indep=0.0000/0.9782	2.descent=0.0000/0.9782	3.search=0.1298/0.9782	4.subtree=0.0027/0.9782	4b.indep-accept=0.0000/0.9782	5.terminal=0.0031/0.9782	6.extra=0.0030/0.9782	7.telos=0.0000/0.9782	8.cleanup=0.0000/0.9782	9.reduce=0.0000/0.9782	10.completion=0.0000/0.9782	11.corecand=0.0005/0.9782	12.peo=0.0000/0.9782	13p.prep=0.0000/0.0000	13p.seeds=8.0000/0.0000	13p.rounds=9.0000/0.0000	13p.ledger=2103.0000/0.0000	13p.recon=0.0000/0.0218	13p.mcs=0.0000/0.0000	13.alt=0.0001/0.9782	14.transplant=0.0000/0.9782	15.minl=0.0000/0.9782	15.peel=0.0000/0.9782	16.late=0.0286/0.9782	17.final=0.0033/0.9782	18.simp=0.0000/0.9782	19.five=0.0000/0.9782	20.lt1k=0.0017/0.9782	21.comp=0.0000/0.9782	22.win=0.0005/0.9782	final=0.9782
COUNTS	pooling_haverly1pq	31	96	412	403
LADGATE	128	50000	0.240	1
PHASES	graphpart_3g-0244-0244	0.3037	1.portfolio=0.0203/0.9737	1b.indep=0.0006/0.9737	2.descent=0.0001/0.9737	3.search=0.1144/0.9737	4.subtree=0.0024/0.9737	4b.indep-accept=0.0000/0.9731	5.terminal=0.0021/0.9731	6.extra=0.0016/0.9731	7.telos=0.0000/0.9731	8.cleanup=0.0002/0.9731	9.reduce=0.0487/0.9731	10.completion=0.0006/0.9731	11.corecand=0.0017/0.9731	12.peo=0.0001/0.9731	13p.prep=0.0002/0.0000	13p.seeds=8.0000/0.0000	13p.rounds=14.0000/0.0000	13p.ledger=33773.0000/0.0000	13p.recon=0.0004/0.0004	13p.mcs=0.0005/0.0000	13.alt=0.0014/0.9731	14.transplant=0.0000/0.9731	15.minl=0.0003/0.9731	15.peel=0.0000/0.9731	16.late=0.0252/0.9731	17.final=0.0033/0.9731	18.simp=0.0001/0.9731	19.five=0.0002/0.9731	20.lt1k=0.0067/0.9731	21.comp=0.0006/0.9731	22.win=0.0039/0.9727	final=0.9727
COUNTS	graphpart_3g-0244-0244	128	672	33446	32534
LADGATE	80	50000	0.244	1
PHASES	graphpart_clique-20	0.3174	1.portfolio=0.0129/0.8654	1b.indep=0.0006/0.8654	2.descent=0.0001/0.8654	3.search=0.1272/0.7985	4.subtree=0.0031/0.7985	4b.indep-accept=0.0000/0.7985	5.terminal=0.0030/0.7985	6.extra=0.0031/0.7985	7.telos=0.0000/0.7985	8.cleanup=0.0001/0.7985	9.reduce=0.0389/0.7985	10.completion=0.0005/0.7985	11.corecand=0.0023/0.7985	12.peo=0.0001/0.7985	13p.prep=0.0003/0.0000	13p.seeds=8.0000/0.0000	13p.rounds=16.0000/0.0000	13p.ledger=43925.0000/0.0000	13p.recon=0.0004/0.0005	13p.mcs=0.0005/0.0000	13.alt=0.0015/0.7985	14.transplant=0.0002/0.7985	15.minl=0.0004/0.7985	15.peel=0.0000/0.7985	16.late=0.0290/0.7985	17.final=0.0046/0.7985	18.simp=0.0001/0.7985	19.five=0.0002/0.7985	20.lt1k=0.0094/0.7985	21.comp=0.0005/0.7985	22.win=0.0030/0.7985	final=0.7985
COUNTS	graphpart_clique-20	80	1260	34885	27856
LADGATE	28368	50000	0.908	1
PHASES	mpbp_48	0.9092	1.portfolio=0.3668/0.4938	1b.indep=0.1071/0.4938	2.descent=0.0009/0.4938	3.search=0.0009/0.4938	4.subtree=0.1410/0.4858	4b.indep-accept=0.0010/0.4858	5.terminal=0.0075/0.4858	6.extra=0.0010/0.4858	7.telos=0.0009/0.4858	8.cleanup=0.0009/0.4858	9.reduce=0.0277/0.4858	10.completion=0.0088/0.4858	11.corecand=0.0009/0.4858	12.peo=0.0831/0.4811	13p.prep=0.0236/0.0000	13p.seeds=8.0000/0.0000	13p.rounds=10.0000/0.0000	13p.ledger=686530.0000/0.0000	13p.recon=0.0064/0.0000	13p.mcs=0.0053/0.0000	13.alt=0.0415/0.4811	14.transplant=0.0122/0.4805	15.minl=0.1009/0.4772	15.peel=0.0008/0.4772	16.late=0.0008/0.4772	17.final=0.0079/0.4772	18.simp=0.0008/0.4772	19.five=0.0008/0.4772	20.lt1k=0.0008/0.4772	21.comp=0.0008/0.4772	22.win=0.0008/0.4772	final=0.4772
COUNTS	mpbp_48	28368	91016	33835023	16144599
PHASES	pooling_sppb5pq	0.6134	1.portfolio=0.2440/0.4077	1b.indep=0.1415/0.4077	2.descent=0.0026/0.4077	3.search=0.0026/0.4077	4.subtree=0.0183/0.4077	4b.indep-accept=0.0030/0.4077	5.terminal=0.0030/0.4077	6.extra=0.0029/0.4077	7.telos=0.0030/0.4077	8.cleanup=0.0029/0.4077	9.reduce=0.0592/0.4077	10.completion=0.0026/0.4077	11.corecand=0.0026/0.4077	12.peo=0.0087/0.4077	13p.prep=0.0486/0.0000	13p.seeds=8.0000/0.0000	13p.rounds=8.0000/0.0000	13p.ledger=0.0000/0.0000	13p.recon=0.0000/0.0000	13p.mcs=0.0000/0.0000	13.alt=0.0539/0.4077	14.transplant=0.0026/0.4077	15.minl=0.0139/0.4077	15.peel=0.0026/0.4077	16.late=0.0026/0.4077	17.final=0.0026/0.4077	18.simp=0.0026/0.4077	19.five=0.0026/0.4077	20.lt1k=0.0026/0.4077	21.comp=0.0026/0.4077	22.win=0.0026/0.4077	final=0.4077
COUNTS	pooling_sppb5pq	18529	674470	523815053	213571545
LADGATE	497	50000	0.261	1
PHASES	slay07m	0.3150	1.portfolio=0.0362/1.0000	1b.indep=0.0011/1.0000	2.descent=0.0001/1.0000	3.search=0.0923/1.0000	4.subtree=0.0042/1.0000	4b.indep-accept=0.0000/1.0000	5.terminal=0.0021/1.0000	6.extra=0.0000/1.0000	7.telos=0.0000/1.0000	8.cleanup=0.0003/1.0000	9.reduce=0.0459/1.0000	10.completion=0.0002/1.0000	11.corecand=0.0090/1.0000	12.peo=0.0002/1.0000	13p.prep=0.0003/0.0000	13p.seeds=8.0000/0.0000	13p.rounds=8.0000/0.0000	13p.ledger=28981.0000/0.0000	13p.recon=0.0004/0.0014	13p.mcs=0.0002/0.0000	13.alt=0.0012/1.0000	14.transplant=0.0000/1.0000	15.minl=0.0002/1.0000	15.peel=0.0000/1.0000	16.late=0.0220/1.0000	17.final=0.0065/1.0000	18.simp=0.0001/1.0000	19.five=0.0004/1.0000	20.lt1k=0.0359/1.0000	21.comp=0.0002/1.0000	22.win=0.0012/1.0000	final=1.0000
COUNTS	slay07m	497	1512	5740	5740
PHASES	nvs19	0.0000	final=0.6534
COUNTS	nvs19	24	200	1353	884
LADGATE	3270	50000	0.516	1
PHASES	oil	0.5298	1.portfolio=0.1117/0.9943	1b.indep=0.0110/0.9943	2.descent=0.0028/0.9909	3.search=0.0707/0.9849	4.subtree=0.1054/0.9683	4b.indep-accept=0.0001/0.9683	5.terminal=0.0024/0.9683	6.extra=0.0023/0.9683	7.telos=0.0001/0.9683	8.cleanup=0.0143/0.9676	9.reduce=0.1141/0.9595	10.completion=0.0015/0.9592	11.corecand=0.0014/0.9585	12.peo=0.0010/0.9585	13p.prep=0.0095/0.0000	13p.seeds=8.0000/0.0000	13p.rounds=29.0000/0.0000	13p.ledger=630832.0000/0.0000	13p.recon=0.0086/0.0008	13p.mcs=0.0038/0.0000	13.alt=0.0312/0.9585	14.transplant=0.0047/0.9585	15.minl=0.0048/0.9585	15.peel=0.0001/0.9585	16.late=0.0001/0.9585	17.final=0.0156/0.9585	18.simp=0.0025/0.9583	19.five=0.0037/0.9572	20.lt1k=0.0001/0.9572	21.comp=0.0001/0.9572	22.win=0.0073/0.9572	final=0.9572
COUNTS	oil	3270	8430	36313	34760
LADGATE	2775	50000	0.461	1
PHASES	squfl015-060	0.4751	1.portfolio=0.2887/1.0000	1b.indep=0.0073/1.0000	2.descent=0.0016/1.0000	3.search=0.0922/1.0000	4.subtree=0.0033/1.0000	4b.indep-accept=0.0001/1.0000	5.terminal=0.0020/1.0000	6.extra=0.0001/1.0000	7.telos=0.0001/1.0000	8.cleanup=0.0036/1.0000	9.reduce=0.0289/1.0000	10.completion=0.0011/1.0000	11.corecand=0.0001/1.0000	12.peo=0.0007/1.0000	13p.prep=0.0016/0.0000	13p.seeds=8.0000/0.0000	13p.rounds=8.0000/0.0000	13p.ledger=146139.0000/0.0000	13p.recon=0.0016/0.0002	13p.mcs=0.0006/0.0000	13.alt=0.0053/1.0000	14.transplant=0.0001/1.0000	15.minl=0.0010/1.0000	15.peel=0.0001/1.0000	16.late=0.0074/1.0000	17.final=0.0047/1.0000	18.simp=0.0015/1.0000	19.five=0.0019/1.0000	20.lt1k=0.0001/1.0000	21.comp=0.0001/1.0000	22.win=0.0051/1.0000	final=1.0000
COUNTS	squfl015-060	2775	7200	36400	36400
LADGATE	1112	50000	0.438	1
PHASES	ndcc12persp	0.4747	1.portfolio=0.1428/0.9577	1b.indep=0.0063/0.9577	2.descent=0.0006/0.9577	3.search=0.0647/0.9550	4.subtree=0.0259/0.9525	4b.indep-accept=0.0000/0.9525	5.terminal=0.0016/0.9525	6.extra=0.0016/0.9525	7.telos=0.0000/0.9525	8.cleanup=0.0027/0.9521	9.reduce=0.1320/0.9521	10.completion=0.0047/0.9521	11.corecand=0.0000/0.9521	12.peo=0.0005/0.9521	13p.prep=0.0011/0.0000	13p.seeds=8.0000/0.0000	13p.rounds=9.0000/0.0000	13p.ledger=157789.0000/0.0000	13p.recon=0.0015/0.0000	13p.mcs=0.0012/0.0000	13.alt=0.0049/0.9521	14.transplant=0.0016/0.9521	15.minl=0.0017/0.9521	15.peel=0.0000/0.9521	16.late=0.0149/0.9521	17.final=0.0025/0.9521	18.simp=0.0005/0.9521	19.five=0.0008/0.9521	20.lt1k=0.0000/0.9521	21.comp=0.0000/0.9521	22.win=0.0128/0.9521	final=0.9521
COUNTS	ndcc12persp	1112	5522	299115	284793
PHASES	kissing2	0.4209	1.portfolio=0.0862/1.0000	1b.indep=0.1160/1.0000	2.descent=0.0019/1.0000	3.search=0.0019/1.0000	4.subtree=0.0096/1.0000	4b.indep-accept=0.0020/1.0000	5.terminal=0.0020/1.0000	6.extra=0.0020/1.0000	7.telos=0.0019/1.0000	8.cleanup=0.0020/1.0000	9.reduce=0.0532/1.0000	10.completion=0.0021/1.0000	11.corecand=0.0021/1.0000	12.peo=0.0073/1.0000	13p.prep=0.0051/0.0000	13p.seeds=1.0000/0.0000	13p.rounds=1.0000/0.0000	13p.ledger=903802.0000/0.0000	13p.recon=0.0053/0.0000	13p.mcs=0.0057/0.0000	13.alt=0.0244/1.0000	14.transplant=0.0020/1.0000	15.minl=0.0595/1.0000	15.peel=0.0019/1.0000	16.late=0.0020/1.0000	17.final=0.0020/1.0000	18.simp=0.0019/1.0000	19.five=0.0020/1.0000	20.lt1k=0.0020/1.0000	21.comp=0.0020/1.0000	22.win=0.0019/1.0000	final=1.0000
COUNTS	kissing2	20772	401024	156414018	156414018
LADGATE	1942	50000	0.594	1
PHASES	nuclear25a	0.6242	1.portfolio=0.2906/0.6705	1b.indep=0.0147/0.6705	2.descent=0.0036/0.6470	3.search=0.0383/0.6170	4.subtree=0.0788/0.5747	4b.indep-accept=0.0001/0.5747	5.terminal=0.0019/0.5747	6.extra=0.0019/0.5747	7.telos=0.0002/0.5747	8.cleanup=0.0075/0.5747	9.reduce=0.0688/0.5747	10.completion=0.0110/0.5747	11.corecand=0.0001/0.5747	12.peo=0.0016/0.5747	13p.prep=0.0029/0.0000	13p.seeds=8.0000/0.0000	13p.rounds=10.0000/0.0000	13p.ledger=492154.0000/0.0000	13p.recon=0.0046/0.0000	13p.mcs=0.0039/0.0000	13.alt=0.0148/0.5747	14.transplant=0.0052/0.5747	15.minl=0.0134/0.5747	15.peel=0.0001/0.5747	16.late=0.0001/0.5747	17.final=0.0046/0.5747	18.simp=0.0027/0.5747	19.five=0.0032/0.5747	20.lt1k=0.0001/0.5747	21.comp=0.0001/0.5747	22.win=0.0175/0.5747	final=0.5747
COUNTS	nuclear25a	1942	16030	1977163	1136191
LADGATE	222	50000	0.244	1
PHASES	clay0204m	0.3097	1.portfolio=0.0167/1.0000	1b.indep=0.0006/1.0000	2.descent=0.0001/1.0000	3.search=0.1162/1.0000	4.subtree=0.0014/1.0000	4b.indep-accept=0.0000/1.0000	5.terminal=0.0026/1.0000	6.extra=0.0000/1.0000	7.telos=0.0000/1.0000	8.cleanup=0.0002/1.0000	9.reduce=0.0526/1.0000	10.completion=0.0001/1.0000	11.corecand=0.0041/1.0000	12.peo=0.0001/1.0000	13p.prep=0.0002/0.0000	13p.seeds=8.0000/0.0000	13p.rounds=8.0000/0.0000	13p.ledger=13017.0000/0.0000	13p.recon=0.0002/0.0034	13p.mcs=0.0001/0.0000	13.alt=0.0006/1.0000	14.transplant=0.0000/1.0000	15.minl=0.0001/1.0000	15.peel=0.0000/1.0000	16.late=0.0253/1.0000	17.final=0.0039/1.0000	18.simp=0.0001/1.0000	19.five=0.0002/1.0000	20.lt1k=0.0163/1.0000	21.comp=0.0001/1.0000	22.win=0.0014/1.0000	final=1.0000
COUNTS	clay0204m	222	704	2330	2330
LADGATE	23	50000	0.151	1
PHASES	st_ph13	0.1694	1.portfolio=0.0019/0.8599	1b.indep=0.0000/0.8599	2.descent=0.0000/0.8599	3.search=0.1181/0.8599	4.subtree=0.0000/0.8599	4b.indep-accept=0.0000/0.8599	5.terminal=0.0000/0.8599	6.extra=0.0000/0.8599	7.telos=0.0000/0.8599	8.cleanup=0.0000/0.8599	9.reduce=0.0000/0.8599	10.completion=0.0000/0.8599	11.corecand=0.0003/0.8599	12.peo=0.0000/0.8599	13p.prep=0.0000/0.0000	13p.seeds=8.0000/0.0000	13p.rounds=15.0000/0.0000	13p.ledger=2330.0000/0.0000	13p.recon=0.0000/0.0725	13p.mcs=0.0000/0.0000	13.alt=0.0002/0.8599	14.transplant=0.0000/0.8599	15.minl=0.0000/0.8599	15.peel=0.0000/0.8599	16.late=0.0282/0.8599	17.final=0.0000/0.8599	18.simp=0.0000/0.8599	19.five=0.0000/0.8599	20.lt1k=0.0012/0.8599	21.comp=0.0000/0.8599	22.win=0.0007/0.8599	final=0.8599
COUNTS	st_ph13	23	68	207	178
LADGATE	1053	50000	0.397	1
PHASES	edgecross10-030	0.4373	1.portfolio=0.1239/0.7718	1b.indep=0.0042/0.7718	2.descent=0.0005/0.7667	3.search=0.1435/0.7667	4.subtree=0.0036/0.7665	4b.indep-accept=0.0000/0.7665	5.terminal=0.0018/0.7665	6.extra=0.0018/0.7665	7.telos=0.0000/0.7665	8.cleanup=0.0010/0.7665	9.reduce=0.0631/0.7665	10.completion=0.0015/0.7665	11.corecand=0.0000/0.7665	12.peo=0.0004/0.7665	13p.prep=0.0015/0.0000	13p.seeds=8.0000/0.0000	13p.rounds=15.0000/0.0000	13p.ledger=169765.0000/0.0000	13p.recon=0.0017/0.0001	13p.mcs=0.0012/0.0000	13.alt=0.0058/0.7665	14.transplant=0.0007/0.7665	15.minl=0.0021/0.7665	15.peel=0.0000/0.7665	16.late=0.0187/0.7665	17.final=0.0027/0.7665	18.simp=0.0004/0.7665	19.five=0.0005/0.7665	20.lt1k=0.0000/0.7665	21.comp=0.0000/0.7665	22.win=0.0087/0.7576	final=0.7406
COUNTS	edgecross10-030	1053	4654	135854	100608
LADGATE	601	50000	0.252	1
PHASES	chain200	0.3087	1.portfolio=0.0521/1.0000	1b.indep=0.0010/1.0000	2.descent=0.0002/1.0000	3.search=0.0993/1.0000	4.subtree=0.0010/1.0000	4b.indep-accept=0.0000/1.0000	5.terminal=0.0022/1.0000	6.extra=0.0000/1.0000	7.telos=0.0000/1.0000	8.cleanup=0.0005/1.0000	9.reduce=0.0005/1.0000	10.completion=0.0003/1.0000	11.corecand=0.0068/1.0000	12.peo=0.0002/1.0000	13p.prep=0.0009/0.0000	13p.seeds=8.0000/0.0000	13p.rounds=17.0000/0.0000	13p.ledger=88362.0000/0.0000	13p.recon=0.0008/0.0021	13p.mcs=0.0004/0.0000	13.alt=0.0027/1.0000	14.transplant=0.0000/1.0000	15.minl=0.0003/1.0000	15.peel=0.0000/1.0000	16.late=0.0245/1.0000	17.final=0.0035/1.0000	18.simp=0.0002/1.0000	19.five=0.0007/1.0000	20.lt1k=0.0270/1.0000	21.comp=0.0003/1.0000	22.win=0.0146/1.0000	final=1.0000
COUNTS	chain200	601	2396	8182	8182
LADGATE	25	50000	0.171	1
PHASES	ex1223b	0.1894	1.portfolio=0.0022/1.0000	1b.indep=0.0000/1.0000	2.descent=0.0000/1.0000	3.search=0.1293/1.0000	4.subtree=0.0009/1.0000	4b.indep-accept=0.0000/1.0000	5.terminal=0.0030/1.0000	6.extra=0.0000/1.0000	7.telos=0.0000/1.0000	8.cleanup=0.0000/1.0000	9.reduce=0.0000/1.0000	10.completion=0.0000/1.0000	11.corecand=0.0004/1.0000	12.peo=0.0000/1.0000	13p.prep=0.0000/0.0000	13p.seeds=8.0000/0.0000	13p.rounds=13.0000/0.0000	13p.ledger=2054.0000/0.0000	13p.recon=0.0000/0.0730	13p.mcs=0.0000/0.0000	13.alt=0.0001/1.0000	14.transplant=0.0000/1.0000	15.minl=0.0000/1.0000	15.peel=0.0000/1.0000	16.late=0.0291/1.0000	17.final=0.0038/1.0000	18.simp=0.0000/1.0000	19.five=0.0000/1.0000	20.lt1k=0.0013/1.0000	21.comp=0.0000/1.0000	22.win=0.0005/1.0000	final=1.0000
COUNTS	ex1223b	25	66	178	178
LADGATE	2718	50000	0.449	1
PHASES	slay09h	0.4653	1.portfolio=0.1838/0.8982	1b.indep=0.0039/0.8982	2.descent=0.0018/0.8982	3.search=0.1011/0.8982	4.subtree=0.0062/0.8982	4b.indep-accept=0.0001/0.8982	5.terminal=0.0021/0.8982	6.extra=0.0020/0.8982	7.telos=0.0001/0.8982	8.cleanup=0.0042/0.8982	9.reduce=0.1104/0.8982	10.completion=0.0010/0.8982	11.corecand=0.0001/0.8982	12.peo=0.0008/0.8982	13p.prep=0.0023/0.0000	13p.seeds=8.0000/0.0000	13p.rounds=11.0000/0.0000	13p.ledger=210052.0000/0.0000	13p.recon=0.0025/0.0003	13p.mcs=0.0011/0.0000	13.alt=0.0080/0.8982	14.transplant=0.0027/0.8982	15.minl=0.0036/0.8982	15.peel=0.0001/0.8982	16.late=0.0001/0.8982	17.final=0.0052/0.8982	18.simp=0.0017/0.8982	19.five=0.0025/0.8982	20.lt1k=0.0001/0.8982	21.comp=0.0001/0.8982	22.win=0.0040/0.8982	final=0.8982
COUNTS	slay09h	2718	7488	36057	32385
LADGATE	974	50000	0.542	1
PHASES	ndcc12	0.5816	1.portfolio=0.1552/0.9674	1b.indep=0.0086/0.9674	2.descent=0.0007/0.9601	3.search=0.0620/0.9601	4.subtree=0.0238/0.9539	4b.indep-accept=0.0000/0.9536	5.terminal=0.0029/0.9536	6.extra=0.0030/0.9536	7.telos=0.0000/0.9536	8.cleanup=0.0014/0.9536	9.reduce=0.0519/0.9533	10.completion=0.0043/0.9533	11.corecand=0.0324/0.9533	12.peo=0.0006/0.9533	13p.prep=0.0017/0.0000	13p.seeds=8.0000/0.0000	13p.rounds=17.0000/0.0000	13p.ledger=327874.0000/0.0000	13p.recon=0.0032/0.0000	13p.mcs=0.0026/0.0000	13.alt=0.0095/0.9533	14.transplant=0.0018/0.9533	15.minl=0.0018/0.9533	15.peel=0.0000/0.9533	16.late=0.0131/0.9533	17.final=0.0084/0.9533	18.simp=0.0006/0.9533	19.five=0.0020/0.9533	20.lt1k=0.1230/0.9533	21.comp=0.0038/0.9533	22.win=0.0150/0.9533	final=0.9533
COUNTS	ndcc12	974	5982	345696	329556
LADGATE	1306	50000	0.428	1
PHASES	kall_circlesrectangles_c6r39	0.4706	1.portfolio=0.1251/0.9941	1b.indep=0.0060/0.9941	2.descent=0.0007/0.9941	3.search=0.0767/0.9941	4.subtree=0.0066/0.9941	4b.indep-accept=0.0000/0.9941	5.terminal=0.0017/0.9941	6.extra=0.0016/0.9941	7.telos=0.0000/0.9941	8.cleanup=0.0014/0.9941	9.reduce=0.1437/0.9888	10.completion=0.0018/0.9888	11.corecand=0.0000/0.9888	12.peo=0.0006/0.9888	13p.prep=0.0014/0.0000	13p.seeds=8.0000/0.0000	13p.rounds=10.0000/0.0000	13p.ledger=146661.0000/0.0000	13p.recon=0.0018/0.0001	13p.mcs=0.0011/0.0000	13.alt=0.0057/0.9888	14.transplant=0.0021/0.9850	15.minl=0.0021/0.9850	15.peel=0.0000/0.9850	16.late=0.0168/0.9850	17.final=0.0051/0.9850	18.simp=0.0006/0.9850	19.five=0.0010/0.9850	20.lt1k=0.0000/0.9850	21.comp=0.0000/0.9850	22.win=0.0148/0.9850	final=0.9850
COUNTS	kall_circlesrectangles_c6r39	1306	5378	75744	74610
LADGATE	9170	50000	0.435	1
PHASES	squfl020-150	0.4731	1.portfolio=0.2807/1.0000	1b.indep=0.0298/1.0000	2.descent=0.0130/1.0000	3.search=0.0002/1.0000	4.subtree=0.0042/1.0000	4b.indep-accept=0.0002/1.0000	5.terminal=0.0030/1.0000	6.extra=0.0002/1.0000	7.telos=0.0002/1.0000	8.cleanup=0.0097/1.0000	9.reduce=0.0191/1.0000	10.completion=0.0045/1.0000	11.corecand=0.0002/1.0000	12.peo=0.0024/1.0000	13p.prep=0.0056/0.0000	13p.seeds=8.0000/0.0000	13p.rounds=8.0000/0.0000	13p.ledger=484429.0000/0.0000	13p.recon=0.0051/0.0001	13p.mcs=0.0023/0.0000	13.alt=0.0182/1.0000	14.transplant=0.0004/1.0000	15.minl=0.0037/1.0000	15.peel=0.0002/1.0000	16.late=0.0002/1.0000	17.final=0.0056/1.0000	18.simp=0.0002/1.0000	19.five=0.0107/1.0000	20.lt1k=0.0002/1.0000	21.comp=0.0002/1.0000	22.win=0.0158/1.0000	final=1.0000
COUNTS	squfl020-150	9170	24000	135020	135020
PHASES	autocorr_bern40-30	0.0000	final=1.0000
COUNTS	autocorr_bern40-30	43	1534	20034	20034
LADGATE	660	50000	0.301	1
PHASES	slay08m	0.3584	1.portfolio=0.0588/1.0000	1b.indep=0.0014/1.0000	2.descent=0.0002/1.0000	3.search=0.0860/1.0000	4.subtree=0.0050/1.0000	4b.indep-accept=0.0000/1.0000	5.terminal=0.0019/1.0000	6.extra=0.0000/1.0000	7.telos=0.0000/1.0000	8.cleanup=0.0004/1.0000	9.reduce=0.0441/1.0000	10.completion=0.0002/1.0000	11.corecand=0.0133/1.0000	12.peo=0.0002/1.0000	13p.prep=0.0004/0.0000	13p.seeds=8.0000/0.0000	13p.rounds=8.0000/0.0000	13p.ledger=38555.0000/0.0000	13p.recon=0.0005/0.0010	13p.mcs=0.0002/0.0000	13.alt=0.0016/1.0000	14.transplant=0.0000/1.0000	15.minl=0.0002/1.0000	15.peel=0.0000/1.0000	16.late=0.0213/1.0000	17.final=0.0074/1.0000	18.simp=0.0002/1.0000	19.five=0.0006/1.0000	20.lt1k=0.0543/1.0000	21.comp=0.0003/1.0000	22.win=0.0018/1.0000	final=1.0000
COUNTS	slay08m	660	2016	7796	7796
LADGATE	2032	50000	0.627	1
PHASES	chimera_mgw-c16-2031-01	0.6541	1.portfolio=0.2157/0.8858	1b.indep=0.0177/0.8858	2.descent=0.0081/0.8828	3.search=0.0396/0.8823	4.subtree=0.0974/0.8147	4b.indep-accept=0.0002/0.8147	5.terminal=0.0023/0.8119	6.extra=0.0018/0.8119	7.telos=0.0002/0.8119	8.cleanup=0.0191/0.8076	9.reduce=0.0232/0.8076	10.completion=0.0124/0.8076	11.corecand=0.0002/0.8076	12.peo=0.0021/0.8076	13p.prep=0.0123/0.0000	13p.seeds=8.0000/0.0000	13p.rounds=37.0000/0.0000	13p.ledger=2799598.0000/0.0000	13p.recon=0.0240/0.0000	13p.mcs=0.0220/0.0000	13.alt=0.0717/0.8076	14.transplant=0.0061/0.8006	15.minl=0.0508/0.7879	15.peel=0.0001/0.7879	16.late=0.0001/0.7879	17.final=0.0164/0.7854	18.simp=0.0042/0.7844	19.five=0.0101/0.7817	20.lt1k=0.0001/0.7817	21.comp=0.0001/0.7817	22.win=0.0167/0.7814	final=0.7814
COUNTS	chimera_mgw-c16-2031-01	2032	15900	3328073	2600520
LADGATE	713	50000	0.400	1
PHASES	forest	0.4542	1.portfolio=0.0910/0.9933	1b.indep=0.0029/0.9933	2.descent=0.0002/0.9933	3.search=0.0904/0.9933	4.subtree=0.0105/0.9933	4b.indep-accept=0.0000/0.9933	5.terminal=0.0014/0.9933	6.extra=0.0026/0.9933	7.telos=0.0000/0.9933	8.cleanup=0.0007/0.9933	9.reduce=0.0672/0.9933	10.completion=0.0003/0.9933	11.corecand=0.0152/0.9933	12.peo=0.0003/0.9933	13p.prep=0.0010/0.0000	13p.seeds=8.0000/0.0000	13p.rounds=12.0000/0.0000	13p.ledger=69815.0000/0.0000	13p.recon=0.0009/0.0011	13p.mcs=0.0004/0.0000	13.alt=0.0030/0.9933	14.transplant=0.0008/0.9933	15.minl=0.0011/0.9933	15.peel=0.0000/0.9933	16.late=0.0208/0.9933	17.final=0.0074/0.9933	18.simp=0.0002/0.9933	19.five=0.0008/0.9933	20.lt1k=0.0621/0.9933	21.comp=0.0003/0.9933	22.win=0.0091/0.9933	final=0.9933
COUNTS	forest	713	2658	10614	10543
LADGATE	280	50000	0.188	1
PHASES	qspp_0_10_0_1_10_1	0.2008	1.portfolio=0.0616/0.9960	1b.indep=0.0066/0.9960	2.descent=0.0004/0.9960	3.search=0.0145/0.9946	4.subtree=0.0024/0.9946	4b.indep-accept=0.0002/0.9946	5.terminal=0.0019/0.9946	6.extra=0.0018/0.9946	7.telos=0.0002/0.9946	8.cleanup=0.0008/0.9946	9.reduce=0.0375/0.9946	10.completion=0.0019/0.9946	11.corecand=0.0002/0.9946	12.peo=0.0012/0.9946	13p.prep=0.0036/0.0000	13p.seeds=8.0000/0.0000	13p.rounds=13.0000/0.0000	13p.ledger=605736.0000/0.0000	13p.recon=0.0022/0.0000	13p.mcs=0.0030/0.0000	13.alt=0.0133/0.9946	14.transplant=0.0005/0.9946	15.minl=0.0019/0.9946	15.peel=0.0002/0.9946	16.late=0.0002/0.9946	17.final=0.0023/0.9946	18.simp=0.0004/0.9946	19.five=0.0005/0.9946	20.lt1k=0.0023/0.9946	21.comp=0.0002/0.9946	22.win=0.0140/0.9946	final=0.9946
COUNTS	qspp_0_10_0_1_10_1	280	29636	1942907	1932414
LADGATE	16	50000	0.142	1
PHASES	st_ph1	0.2060	1.portfolio=0.0019/0.8504	1b.indep=0.0000/0.8504	2.descent=0.0000/0.8504	3.search=0.1131/0.8504	4.subtree=0.0000/0.8504	4b.indep-accept=0.0000/0.8504	5.terminal=0.0000/0.8504	6.extra=0.0000/0.8504	7.telos=0.0000/0.8504	8.cleanup=0.0000/0.8504	9.reduce=0.0000/0.8504	10.completion=0.0000/0.8504	11.corecand=0.0002/0.8504	12.peo=0.0000/0.8504	13p.prep=0.0000/0.0000	13p.seeds=8.0000/0.0000	13p.rounds=10.0000/0.0000	13p.ledger=1311.0000/0.0000	13p.recon=0.0000/0.0365	13p.mcs=0.0000/0.0000	13.alt=0.0001/0.8504	14.transplant=0.0000/0.8504	15.minl=0.0000/0.8504	15.peel=0.0000/0.8504	16.late=0.0255/0.8504	17.final=0.0000/0.8504	18.simp=0.0000/0.8504	19.five=0.0000/0.8504	20.lt1k=0.0007/0.8504	21.comp=0.0000/0.8504	22.win=0.0002/0.8504	final=0.8504
COUNTS	st_ph1	16	58	274	233
LADGATE	124	50000	0.202	1
PHASES	elf	0.2793	1.portfolio=0.0098/0.8042	1b.indep=0.0006/0.8042	2.descent=0.0000/0.8042	3.search=0.1362/0.7951	4.subtree=0.0028/0.7951	4b.indep-accept=0.0000/0.7951	5.terminal=0.0027/0.7951	6.extra=0.0027/0.7951	7.telos=0.0000/0.7951	8.cleanup=0.0001/0.7951	9.reduce=0.0006/0.7951	10.completion=0.0001/0.7951	11.corecand=0.0018/0.7951	12.peo=0.0001/0.7951	13p.prep=0.0001/0.0000	13p.seeds=8.0000/0.0000	13p.rounds=9.0000/0.0000	13p.ledger=8742.0000/0.0000	13p.recon=0.0001/0.0033	13p.mcs=0.0001/0.0000	13.alt=0.0004/0.7951	14.transplant=0.0001/0.7951	15.minl=0.0001/0.7951	15.peel=0.0000/0.7951	16.late=0.0308/0.7951	17.final=0.0042/0.7951	18.simp=0.0000/0.7951	19.five=0.0001/0.7951	20.lt1k=0.0070/0.7951	21.comp=0.0001/0.7951	22.win=0.0007/0.7951	final=0.7951
COUNTS	elf	124	376	2733	2173
LADGATE	18	50000	0.143	1
PHASES	ex3_1_3	0.1594	1.portfolio=0.0017/0.9222	1b.indep=0.0000/0.9222	2.descent=0.0000/0.9222	3.search=0.1140/0.9222	4.subtree=0.0000/0.9222	4b.indep-accept=0.0000/0.9222	5.terminal=0.0000/0.9222	6.extra=0.0000/0.9222	7.telos=0.0000/0.9222	8.cleanup=0.0000/0.9222	9.reduce=0.0000/0.9222	10.completion=0.0000/0.9222	11.corecand=0.0002/0.9222	12.peo=0.0000/0.9222	13p.prep=0.0000/0.0000	13p.seeds=5.0000/0.0000	13p.rounds=8.0000/0.0000	13p.ledger=741.0000/0.0000	13p.recon=0.0000/0.0889	13p.mcs=0.0000/0.0000	13.alt=0.0001/0.9222	14.transplant=0.0000/0.9222	15.minl=0.0000/0.9222	15.peel=0.0000/0.9222	16.late=0.0261/0.9222	17.final=0.0000/0.9222	18.simp=0.0000/0.9222	19.five=0.0000/0.9222	20.lt1k=0.0008/0.9222	21.comp=0.0000/0.9222	22.win=0.0002/0.9222	final=0.9222
COUNTS	ex3_1_3	18	36	90	83
PHASES	cvxnonsep_normcon40r	0.0000	final=1.0000
COUNTS	cvxnonsep_normcon40r	162	322	645	645
LADGATE	155	50000	0.266	1
PHASES	demo7	0.3397	1.portfolio=0.0131/0.9573	1b.indep=0.0008/0.9573	2.descent=0.0000/0.9573	3.search=0.1297/0.9573	4.subtree=0.0025/0.9573	4b.indep-accept=0.0000/0.9573	5.terminal=0.0026/0.9573	6.extra=0.0026/0.9573	7.telos=0.0000/0.9573	8.cleanup=0.0001/0.9573	9.reduce=0.0654/0.9573	10.completion=0.0001/0.9573	11.corecand=0.0024/0.9573	12.peo=0.0001/0.9573	13p.prep=0.0002/0.0000	13p.seeds=8.0000/0.0000	13p.rounds=13.0000/0.0000	13p.ledger=18143.0000/0.0000	13p.recon=0.0003/0.0036	13p.mcs=0.0002/0.0000	13.alt=0.0009/0.9573	14.transplant=0.0002/0.9573	15.minl=0.0003/0.9573	15.peel=0.0000/0.9573	16.late=0.0291/0.9573	17.final=0.0040/0.9573	18.simp=0.0000/0.9573	19.five=0.0001/0.9573	20.lt1k=0.0094/0.9573	21.comp=0.0001/0.9573	22.win=0.0009/0.9573	final=0.9573
COUNTS	demo7	155	618	3579	3426
LADGATE	615	50000	0.373	1
PHASES	waternd2	0.4201	1.portfolio=0.1017/0.4806	1b.indep=0.0041/0.4806	2.descent=0.0002/0.4806	3.search=0.0935/0.4806	4.subtree=0.0094/0.4806	4b.indep-accept=0.0000/0.4806	5.terminal=0.0018/0.4806	6.extra=0.0034/0.4806	7.telos=0.0000/0.4806	8.cleanup=0.0007/0.4806	9.reduce=0.0420/0.4806	10.completion=0.0010/0.4806	11.corecand=0.0126/0.4806	12.peo=0.0003/0.4806	13p.prep=0.0010/0.0000	13p.seeds=8.0000/0.0000	13p.rounds=14.0000/0.0000	13p.ledger=105524.0000/0.0000	13p.recon=0.0013/0.0001	13p.mcs=0.0010/0.0000	13.alt=0.0041/0.4806	14.transplant=0.0009/0.4806	15.minl=0.0015/0.4806	15.peel=0.0000/0.4806	16.late=0.0178/0.4806	17.final=0.0064/0.4806	18.simp=0.0002/0.4806	19.five=0.0009/0.4806	20.lt1k=0.0502/0.4806	21.comp=0.0010/0.4806	22.win=0.0088/0.4806	final=0.4806
COUNTS	waternd2	615	2580	155674	74817
LADGATE	64	50000	0.213	1
PHASES	prolog	0.2954	1.portfolio=0.0064/0.9855	1b.indep=0.0007/0.9855	2.descent=0.0000/0.9855	3.search=0.1419/0.9839	4.subtree=0.0028/0.9839	4b.indep-accept=0.0000/0.9839	5.terminal=0.0020/0.9839	6.extra=0.0029/0.9839	7.telos=0.0000/0.9839	8.cleanup=0.0001/0.9839	9.reduce=0.0126/0.9839	10.completion=0.0000/0.9839	11.corecand=0.0010/0.9839	12.peo=0.0000/0.9839	13p.prep=0.0001/0.0000	13p.seeds=8.0000/0.0000	13p.rounds=13.0000/0.0000	13p.ledger=7993.0000/0.0000	13p.recon=0.0001/0.0104	13p.mcs=0.0001/0.0000	13.alt=0.0004/0.9839	14.transplant=0.0001/0.9839	15.minl=0.0001/0.9839	15.peel=0.0000/0.9839	16.late=0.0326/0.9839	17.final=0.0045/0.9839	18.simp=0.0000/0.9839	19.five=0.0001/0.9839	20.lt1k=0.0038/0.9839	21.comp=0.0001/0.9839	22.win=0.0007/0.9839	final=0.9839
COUNTS	prolog	64	292	1245	1225
LADGATE	11	50000	0.112	1
PHASES	ex14_1_8	0.1282	1.portfolio=0.0013/1.0000	1b.indep=0.0000/1.0000	2.descent=0.0000/1.0000	3.search=0.1105/1.0000	4.subtree=0.0000/1.0000	4b.indep-accept=0.0000/1.0000	5.terminal=0.0000/1.0000	6.extra=0.0000/1.0000	7.telos=0.0000/1.0000	8.cleanup=0.0000/1.0000	9.reduce=0.0000/1.0000	10.completion=0.0000/1.0000	11.corecand=0.0000/1.0000	12.peo=0.0000/1.0000	13p.prep=0.0000/0.0000	13p.seeds=0.0000/0.0000	13p.rounds=0.0000/0.0000	13p.ledger=0.0000/0.0000	13p.recon=0.0000/0.0000	13p.mcs=0.0000/0.0000	13.alt=0.0000/1.0000	14.transplant=0.0000/1.0000	15.minl=0.0000/1.0000	15.peel=0.0000/1.0000	16.late=0.0000/1.0000	17.final=0.0000/1.0000	18.simp=0.0000/1.0000	19.five=0.0000/1.0000	20.lt1k=0.0000/1.0000	21.comp=0.0000/1.0000	22.win=0.0002/1.0000	final=1.0000
COUNTS	ex14_1_8	11	30	80	80
PHASES	faclay75	0.8563	1.portfolio=0.1816/0.9405	1b.indep=0.2021/0.9405	2.descent=0.0097/0.9405	3.search=0.0097/0.9405	4.subtree=0.0097/0.9405	4b.indep-accept=0.0095/0.9405	5.terminal=0.0096/0.9405	6.extra=0.0095/0.9405	7.telos=0.0096/0.9405	8.cleanup=0.0096/0.9405	9.reduce=0.0890/0.9405	10.completion=0.0111/0.9405	11.corecand=0.0111/0.9405	12.peo=0.0111/0.9405	13p.prep=0.0000/0.0000	13p.seeds=0.0000/0.0000	13p.rounds=0.0000/0.0000	13p.ledger=0.0000/0.0000	13p.recon=0.0000/0.0000	13p.mcs=0.0000/0.0000	13.alt=0.0112/0.9405	14.transplant=0.0111/0.9405	15.minl=0.0222/0.9405	15.peel=0.0111/0.9405	16.late=0.0111/0.9405	17.final=0.0112/0.9405	18.simp=0.0111/0.9405	19.five=0.0111/0.9405	20.lt1k=0.0112/0.9405	21.comp=0.0112/0.9405	22.win=0.0112/0.9405	final=0.9405
COUNTS	faclay75	272878	1379706	3204527350	3013800414
LADGATE	55	50000	0.149	1
PHASES	st_qpk3	0.2004	1.portfolio=0.0047/0.6881	1b.indep=0.0003/0.6881	2.descent=0.0000/0.6881	3.search=0.1075/0.6881	4.subtree=0.0000/0.6881	4b.indep-accept=0.0000/0.6881	5.terminal=0.0022/0.6881	6.extra=0.0021/0.6881	7.telos=0.0000/0.6881	8.cleanup=0.0000/0.6881	9.reduce=0.0029/0.6881	10.completion=0.0001/0.6881	11.corecand=0.0006/0.6881	12.peo=0.0000/0.6881	13p.prep=0.0001/0.0000	13p.seeds=8.0000/0.0000	13p.rounds=15.0000/0.0000	13p.ledger=14868.0000/0.0000	13p.recon=0.0001/0.0027	13p.mcs=0.0001/0.0000	13.alt=0.0005/0.6881	14.transplant=0.0000/0.6881	15.minl=0.0000/0.6881	15.peel=0.0000/0.6881	16.late=0.0207/0.6881	17.final=0.0017/0.6881	18.simp=0.0000/0.6881	19.five=0.0001/0.6881	20.lt1k=0.0025/0.6881	21.comp=0.0001/0.6881	22.win=0.0011/0.6881	final=0.6881
COUNTS	st_qpk3	55	548	5467	3762
LADGATE	11556	50000	0.494	1
PHASES	mpbp_34	0.5733	1.portfolio=0.1936/0.4517	1b.indep=0.0481/0.3063	2.descent=0.0174/0.3063	3.search=0.0003/0.3063	4.subtree=0.0064/0.3063	4b.indep-accept=0.0003/0.3063	5.terminal=0.0035/0.3063	6.extra=0.0004/0.3063	7.telos=0.0003/0.3063	8.cleanup=0.0334/0.3061	9.reduce=0.0249/0.3061	10.completion=0.0153/0.2954	11.corecand=0.0003/0.2954	12.peo=0.0116/0.2935	13p.prep=0.0000/0.0000	13p.seeds=0.0000/0.0000	13p.rounds=0.0000/0.0000	13p.ledger=0.0000/0.0000	13p.recon=0.0000/0.0000	13p.mcs=0.0000/0.0000	13.alt=0.0003/0.2935	14.transplant=0.0110/0.2935	15.minl=0.0615/0.2899	15.peel=0.0003/0.2899	16.late=0.0003/0.2899	17.final=0.0252/0.2893	18.simp=0.0004/0.2893	19.five=0.0143/0.2889	20.lt1k=0.0004/0.2889	21.comp=0.0004/0.2889	22.win=0.0190/0.2888	final=0.2887
COUNTS	mpbp_34	11556	40860	3093917	893365
PHASES	cvxnonsep_normcon20r	0.0000	final=1.0000
COUNTS	cvxnonsep_normcon20r	82	162	325	325
PHASES	cvxnonsep_psig20r	0.0000	final=1.0000
COUNTS	cvxnonsep_psig20r	86	170	341	341
LADGATE	18742	50000	0.600	1
PHASES	crudeoil_pooling_dt2	0.6010	1.portfolio=0.1801/0.7353	1b.indep=0.0628/0.7353	2.descent=0.0008/0.7353	3.search=0.0008/0.7353	4.subtree=0.1439/0.7329	4b.indep-accept=0.0009/0.7329	5.terminal=0.0066/0.7329	6.extra=0.0009/0.7329	7.telos=0.0008/0.7329	8.cleanup=0.0008/0.7329	9.reduce=0.0672/0.6779	10.completion=0.0077/0.6779	11.corecand=0.0007/0.6779	12.peo=0.0273/0.6686	13p.prep=0.0236/0.0000	13p.seeds=8.0000/0.0000	13p.rounds=11.0000/0.0000	13p.ledger=856443.0000/0.0000	13p.recon=0.0086/0.0000	13p.mcs=0.0074/0.0000	13.alt=0.0479/0.6686	14.transplant=0.0133/0.6652	15.minl=0.0140/0.6652	15.peel=0.0007/0.6652	16.late=0.0007/0.6652	17.final=0.0284/0.6638	18.simp=0.0007/0.6638	19.five=0.0007/0.6638	20.lt1k=0.0007/0.6638	21.comp=0.0007/0.6638	22.win=0.0007/0.6638	final=0.6638
COUNTS	crudeoil_pooling_dt2	18742	75910	14985540	9947932
LADGATE	2868	50000	0.739	1
PHASES	rsyn0805m03m	0.7531	1.portfolio=0.2495/0.9697	1b.indep=0.0120/0.9697	2.descent=0.0026/0.9652	3.search=0.0929/0.9338	4.subtree=0.1285/0.9147	4b.indep-accept=0.0001/0.9147	5.terminal=0.0025/0.9147	6.extra=0.0023/0.9145	7.telos=0.0001/0.9145	8.cleanup=0.0111/0.9129	9.reduce=0.1449/0.9115	10.completion=0.0019/0.9115	11.corecand=0.0021/0.9038	12.peo=0.0010/0.9038	13p.prep=0.0089/0.0000	13p.seeds=8.0000/0.0000	13p.rounds=31.0000/0.0000	13p.ledger=664329.0000/0.0000	13p.recon=0.0092/0.0005	13p.mcs=0.0040/0.0000	13.alt=0.0308/0.9038	14.transplant=0.0045/0.9026	15.minl=0.0046/0.9026	15.peel=0.0001/0.9026	16.late=0.0001/0.9026	17.final=0.0200/0.9019	18.simp=0.0021/0.9019	19.five=0.0062/0.9009	20.lt1k=0.0001/0.9009	21.comp=0.0001/0.9009	22.win=0.0115/0.9005	final=0.8995
COUNTS	rsyn0805m03m	2868	8270	60979	54853
PHASES	st_iqpbk1	0.0000	final=1.0000
COUNTS	st_iqpbk1	22	98	295	295
LADGATE	96	50000	0.271	1
PHASES	waterund01	0.3496	1.portfolio=0.0105/0.7297	1b.indep=0.0006/0.7297	2.descent=0.0000/0.7297	3.search=0.1553/0.7297	4.subtree=0.0026/0.7297	4b.indep-accept=0.0000/0.7297	5.terminal=0.0029/0.7297	6.extra=0.0028/0.7297	7.telos=0.0000/0.7297	8.cleanup=0.0001/0.7297	9.reduce=0.0495/0.7297	10.completion=0.0001/0.7297	11.corecand=0.0015/0.7297	12.peo=0.0001/0.7297	13p.prep=0.0002/0.0000	13p.seeds=8.0000/0.0000	13p.rounds=14.0000/0.0000	13p.ledger=13714.0000/0.0000	13p.recon=0.0002/0.0031	13p.mcs=0.0002/0.0000	13.alt=0.0007/0.7297	14.transplant=0.0001/0.7297	15.minl=0.0001/0.7297	15.peel=0.0000/0.7297	16.late=0.0311/0.7297	17.final=0.0041/0.7297	18.simp=0.0000/0.7297	19.five=0.0001/0.7297	20.lt1k=0.0058/0.7297	21.comp=0.0001/0.7297	22.win=0.0013/0.7297	final=0.7297
COUNTS	waterund01	96	404	4546	3317
LADGATE	29	50000	0.158	1
PHASES	pointpack04	0.2246	1.portfolio=0.0029/1.0000	1b.indep=0.0000/1.0000	2.descent=0.0000/1.0000	3.search=0.1170/1.0000	4.subtree=0.0009/1.0000	4b.indep-accept=0.0000/1.0000	5.terminal=0.0028/1.0000	6.extra=0.0000/1.0000	7.telos=0.0000/1.0000	8.cleanup=0.0000/1.0000	9.reduce=0.0000/1.0000	10.completion=0.0000/1.0000	11.corecand=0.0004/1.0000	12.peo=0.0000/1.0000	13p.prep=0.0001/0.0000	13p.seeds=8.0000/0.0000	13p.rounds=14.0000/0.0000	13p.ledger=3724.0000/0.0000	13p.recon=0.0001/0.0243	13p.mcs=0.0000/0.0000	13.alt=0.0002/1.0000	14.transplant=0.0000/1.0000	15.minl=0.0000/1.0000	15.peel=0.0000/1.0000	16.late=0.0268/1.0000	17.final=0.0037/1.0000	18.simp=0.0000/1.0000	19.five=0.0000/1.0000	20.lt1k=0.0012/1.0000	21.comp=0.0000/1.0000	22.win=0.0006/1.0000	final=1.0000
COUNTS	pointpack04	29	120	577	577
LADGATE	12	50000	0.103	1
PHASES	st_e22	0.1172	1.portfolio=0.0013/0.9091	1b.indep=0.0000/0.9091	2.descent=0.0000/0.9091	3.search=0.1001/0.9091	4.subtree=0.0000/0.9091	4b.indep-accept=0.0000/0.9091	5.terminal=0.0000/0.9091	6.extra=0.0000/0.9091	7.telos=0.0000/0.9091	8.cleanup=0.0000/0.9091	9.reduce=0.0000/0.9091	10.completion=0.0000/0.9091	11.corecand=0.0001/0.9091	12.peo=0.0000/0.9091	13p.prep=0.0000/0.0000	13p.seeds=0.0000/0.0000	13p.rounds=0.0000/0.0000	13p.ledger=0.0000/0.0000	13p.recon=0.0000/0.0000	13p.mcs=0.0000/0.0000	13.alt=0.0000/0.9091	14.transplant=0.0000/0.9091	15.minl=0.0000/0.9091	15.peel=0.0000/0.9091	16.late=0.0000/0.9091	17.final=0.0000/0.9091	18.simp=0.0000/0.9091	19.five=0.0000/0.9091	20.lt1k=0.0004/0.9091	21.comp=0.0000/0.9091	22.win=0.0004/0.9091	final=0.9091
COUNTS	st_e22	12	30	77	70
LADGATE	16678	50000	0.426	1
PHASES	faclay30	0.4262	1.portfolio=0.1672/0.9552	1b.indep=0.0577/0.9552	2.descent=0.0006/0.9552	3.search=0.0005/0.9552	4.subtree=0.0043/0.9552	4b.indep-accept=0.0005/0.9552	5.terminal=0.0046/0.9552	6.extra=0.0005/0.9552	7.telos=0.0005/0.9552	8.cleanup=0.0005/0.9552	9.reduce=0.0407/0.9552	10.completion=0.0128/0.9552	11.corecand=0.0005/0.9552	12.peo=0.0064/0.9552	13p.prep=0.0101/0.0000	13p.seeds=6.0000/0.0000	13p.rounds=7.0000/0.0000	13p.ledger=862046.0000/0.0000	13p.recon=0.0065/0.0000	13p.mcs=0.0052/0.0000	13.alt=0.0288/0.9552	14.transplant=0.0018/0.9552	15.minl=0.0868/0.9552	15.peel=0.0005/0.9552	16.late=0.0006/0.9552	17.final=0.0048/0.9552	18.simp=0.0006/0.9552	19.five=0.0006/0.9552	20.lt1k=0.0006/0.9552	21.comp=0.0006/0.9552	22.win=0.0006/0.9552	final=0.9552
COUNTS	faclay30	16678	82242	13452923	12850431
LADGATE	4432	50000	0.415	1
PHASES	arki0002	0.4362	1.portfolio=0.1643/0.9953	1b.indep=0.0159/0.9953	2.descent=0.0053/0.9953	3.search=0.0607/0.9953	4.subtree=0.0060/0.9953	4b.indep-accept=0.0001/0.9953	5.terminal=0.0020/0.9953	6.extra=0.0019/0.9953	7.telos=0.0001/0.9953	8.cleanup=0.0074/0.9953	9.reduce=0.0951/0.9953	10.completion=0.0087/0.9953	11.corecand=0.0001/0.9953	12.peo=0.0017/0.9953	13p.prep=0.0000/0.0000	13p.seeds=0.0000/0.0000	13p.rounds=0.0000/0.0000	13p.ledger=0.0000/0.0000	13p.recon=0.0000/0.0000	13p.mcs=0.0000/0.0000	13.alt=0.0001/0.9953	14.transplant=0.0073/0.9764	15.minl=0.0120/0.9764	15.peel=0.0001/0.9764	16.late=0.0001/0.9764	17.final=0.0049/0.9764	18.simp=0.0017/0.9764	19.five=0.0070/0.9764	20.lt1k=0.0001/0.9764	21.comp=0.0001/0.9764	22.win=0.0079/0.9764	final=0.9764
COUNTS	arki0002	4432	11248	683476	667374
LADGATE	11659	50000	0.678	1
PHASES	transswitch0300p	0.7532	1.portfolio=0.1486/0.9724	1b.indep=0.0406/0.9724	2.descent=0.0180/0.9724	3.search=0.0005/0.9724	4.subtree=0.1456/0.9419	4b.indep-accept=0.0006/0.9419	5.terminal=0.0053/0.9419	6.extra=0.0006/0.9419	7.telos=0.0006/0.9419	8.cleanup=0.0314/0.9411	9.reduce=0.1397/0.9411	10.completion=0.0143/0.9387	11.corecand=0.0006/0.9387	12.peo=0.0053/0.9387	13p.prep=0.0000/0.0000	13p.seeds=0.0000/0.0000	13p.rounds=0.0000/0.0000	13p.ledger=0.0000/0.0000	13p.recon=0.0000/0.0000	13p.mcs=0.0000/0.0000	13.alt=0.0005/0.9387	14.transplant=0.0136/0.9372	15.minl=0.0681/0.9365	15.peel=0.0005/0.9365	16.late=0.0005/0.9365	17.final=0.0067/0.9365	18.simp=0.0005/0.9365	19.five=0.0132/0.9354	20.lt1k=0.0005/0.9354	21.comp=0.0005/0.9354	22.win=0.0193/0.9354	final=0.9351
COUNTS	transswitch0300p	11659	48446	404940	378674
LADGATE	30660	50000	0.754	1
PHASES	crudeoil_pooling_dt3	0.7552	1.portfolio=0.1789/0.7538	1b.indep=0.0990/0.7335	2.descent=0.0014/0.7335	3.search=0.0013/0.7335	4.subtree=0.1433/0.6927	4b.indep-accept=0.0016/0.6927	5.terminal=0.0111/0.6927	6.extra=0.0017/0.6927	7.telos=0.0016/0.6927	8.cleanup=0.0016/0.6927	9.reduce=0.0537/0.6927	10.completion=0.0016/0.6927	11.corecand=0.0016/0.6927	12.peo=0.0259/0.6920	13p.prep=0.0283/0.0000	13p.seeds=8.0000/0.0000	13p.rounds=8.0000/0.0000	13p.ledger=704898.0000/0.0000	13p.recon=0.0065/0.0000	13p.mcs=0.0063/0.0000	13.alt=0.0485/0.6920	14.transplant=0.0117/0.6920	15.minl=0.1511/0.6919	15.peel=0.0016/0.6919	16.late=0.0016/0.6919	17.final=0.0112/0.6919	18.simp=0.0017/0.6919	19.five=0.0016/0.6919	20.lt1k=0.0016/0.6919	21.comp=0.0016/0.6919	22.win=0.0016/0.6919	final=0.6919
COUNTS	crudeoil_pooling_dt3	30660	152210	48975085	33883414
LADGATE	22536	50000	0.599	1
PHASES	gasprod_sarawak81	0.5995	1.portfolio=0.2378/1.0000	1b.indep=0.0564/0.9442	2.descent=0.0006/0.9442	3.search=0.0006/0.9442	4.subtree=0.1415/0.9307	4b.indep-accept=0.0007/0.9307	5.terminal=0.0058/0.9307	6.extra=0.0007/0.9307	7.telos=0.0007/0.9307	8.cleanup=0.0006/0.9307	9.reduce=0.0359/0.9307	10.completion=0.0162/0.9135	11.corecand=0.0007/0.9135	12.peo=0.0079/0.9135	13p.prep=0.0219/0.0000	13p.seeds=8.0000/0.0000	13p.rounds=10.0000/0.0000	13p.ledger=846991.0000/0.0000	13p.recon=0.0101/0.0000	13p.mcs=0.0052/0.0000	13.alt=0.0466/0.9135	14.transplant=0.0129/0.9135	15.minl=0.0285/0.9135	15.peel=0.0006/0.9135	16.late=0.0006/0.9135	17.final=0.0093/0.9135	18.simp=0.0006/0.9135	19.five=0.0006/0.9135	20.lt1k=0.0006/0.9135	21.comp=0.0006/0.9135	22.win=0.0006/0.9135	final=0.9135
COUNTS	gasprod_sarawak81	22536	75636	1030380	941231
LADGATE	660	50000	0.421	1
PHASES	maxcsp-langford-3-11	0.4501	1.portfolio=0.1015/0.3919	1b.indep=0.0152/0.3919	2.descent=0.0027/0.3849	3.search=0.0698/0.3313	4.subtree=0.0129/0.3292	4b.indep-accept=0.0002/0.3292	5.terminal=0.0018/0.3292	6.extra=0.0020/0.3292	7.telos=0.0002/0.3292	8.cleanup=0.0117/0.3135	9.reduce=0.0015/0.3135	10.completion=0.0120/0.3135	11.corecand=0.0002/0.3135	12.peo=0.0023/0.3135	13p.prep=0.0097/0.0000	13p.seeds=8.0000/0.0000	13p.rounds=30.0000/0.0000	13p.ledger=3404325.0000/0.0000	13p.recon=0.0181/0.0000	13p.mcs=0.0275/0.0000	13.alt=0.0662/0.3135	14.transplant=0.0048/0.3126	15.minl=0.0343/0.3126	15.peel=0.0002/0.3126	16.late=0.0002/0.3126	17.final=0.0043/0.3126	18.simp=0.0026/0.3119	19.five=0.0065/0.3098	20.lt1k=0.0328/0.3098	21.comp=0.0002/0.3098	22.win=0.0198/0.3098	final=0.3098
COUNTS	maxcsp-langford-3-11	660	29646	33444033	10360919
LADGATE	1543	50000	0.358	1
PHASES	p_ball_30b_5p_2d_h	0.3935	1.portfolio=0.1077/0.9961	1b.indep=0.0061/0.9961	2.descent=0.0007/0.9961	3.search=0.1176/0.9961	4.subtree=0.0065/0.9961	4b.indep-accept=0.0000/0.9961	5.terminal=0.0019/0.9961	6.extra=0.0020/0.9961	7.telos=0.0000/0.9961	8.cleanup=0.0017/0.9961	9.reduce=0.0653/0.9961	10.completion=0.0007/0.9961	11.corecand=0.0000/0.9961	12.peo=0.0005/0.9961	13p.prep=0.0014/0.0000	13p.seeds=8.0000/0.0000	13p.rounds=11.0000/0.0000	13p.ledger=133647.0000/0.0000	13p.recon=0.0016/0.0004	13p.mcs=0.0007/0.0000	13.alt=0.0049/0.9961	14.transplant=0.0016/0.9961	15.minl=0.0022/0.9961	15.peel=0.0000/0.9961	16.late=0.0054/0.9961	17.final=0.0048/0.9961	18.simp=0.0006/0.9961	19.five=0.0010/0.9961	20.lt1k=0.0000/0.9961	21.comp=0.0000/0.9961	22.win=0.0139/0.9961	final=0.9961
COUNTS	p_ball_30b_5p_2d_h	1543	5224	25843	25742
LADGATE	6709	50000	0.395	1
PHASES	ringpack_20_3	0.4475	1.portfolio=0.2170/0.3698	1b.indep=0.0461/0.3698	2.descent=0.0003/0.3698	3.search=0.0003/0.3698	4.subtree=0.0071/0.3698	4b.indep-accept=0.0003/0.3698	5.terminal=0.0032/0.3698	6.extra=0.0028/0.3698	7.telos=0.0003/0.3698	8.cleanup=0.0003/0.3698	9.reduce=0.0612/0.3595	10.completion=0.0067/0.3595	11.corecand=0.0003/0.3595	12.peo=0.0028/0.3595	13p.prep=0.0000/0.0000	13p.seeds=0.0000/0.0000	13p.rounds=0.0000/0.0000	13p.ledger=0.0000/0.0000	13p.recon=0.0000/0.0000	13p.mcs=0.0000/0.0000	13.alt=0.0003/0.3595	14.transplant=0.0066/0.3595	15.minl=0.0068/0.3595	15.peel=0.0003/0.3595	16.late=0.0003/0.3595	17.final=0.0053/0.3595	18.simp=0.0003/0.3595	19.five=0.0095/0.3595	20.lt1k=0.0003/0.3595	21.comp=0.0003/0.3595	22.win=0.0102/0.3590	final=0.3584
COUNTS	ringpack_20_3	6709	45220	2415136	865627
LADGATE	4825	50000	0.685	1
PHASES	waste	0.7385	1.portfolio=0.3078/0.9569	1b.indep=0.0396/0.9569	2.descent=0.0030/0.9520	3.search=0.0497/0.8798	4.subtree=0.0429/0.8662	4b.indep-accept=0.0003/0.8662	5.terminal=0.0029/0.8662	6.extra=0.0025/0.8662	7.telos=0.0003/0.8662	8.cleanup=0.0028/0.8660	9.reduce=0.1053/0.8660	10.completion=0.0163/0.8654	11.corecand=0.0003/0.8654	12.peo=0.0036/0.8654	13p.prep=0.0000/0.0000	13p.seeds=0.0000/0.0000	13p.rounds=0.0000/0.0000	13p.ledger=0.0000/0.0000	13p.recon=0.0000/0.0000	13p.mcs=0.0000/0.0000	13.alt=0.0003/0.8654	14.transplant=0.0179/0.8654	15.minl=0.0295/0.8654	15.peel=0.0003/0.8654	16.late=0.0003/0.8654	17.final=0.0077/0.8654	18.simp=0.0049/0.8654	19.five=0.0192/0.8654	20.lt1k=0.0004/0.8654	21.comp=0.0004/0.8654	22.win=0.0188/0.8654	final=0.8654
COUNTS	waste	4825	21504	1468261	1270649
LADGATE	2001	50000	0.263	1
PHASES	catmix400	0.3134	1.portfolio=0.1358/0.9998	1b.indep=0.0060/0.9998	2.descent=0.0011/0.9998	3.search=0.0565/0.9998	4.subtree=0.0018/0.9998	4b.indep-accept=0.0001/0.9998	5.terminal=0.0013/0.9998	6.extra=0.0013/0.9998	7.telos=0.0001/0.9998	8.cleanup=0.0031/0.9998	9.reduce=0.0105/0.9998	10.completion=0.0006/0.9998	11.corecand=0.0001/0.9998	12.peo=0.0007/0.9998	13p.prep=0.0037/0.0000	13p.seeds=6.0000/0.0000	13p.rounds=18.0000/0.0000	13p.ledger=413541.0000/0.0000	13p.recon=0.0035/0.0005	13p.mcs=0.0016/0.0000	13.alt=0.0119/0.9998	14.transplant=0.0002/0.9998	15.minl=0.0009/0.9998	15.peel=0.0001/0.9998	16.late=0.0001/0.9998	17.final=0.0017/0.9998	18.simp=0.0010/0.9998	19.five=0.0021/0.9998	20.lt1k=0.0001/0.9998	21.comp=0.0001/0.9998	22.win=0.0121/0.9998	final=0.9998
COUNTS	catmix400	2001	11192	36373	36364
LADGATE	3054	50000	0.551	1
PHASES	rsyn0815m02hfsg	0.5715	1.portfolio=0.1332/0.9733	1b.indep=0.0107/0.9733	2.descent=0.0031/0.9708	3.search=0.0801/0.9708	4.subtree=0.0789/0.9503	4b.indep-accept=0.0001/0.9503	5.terminal=0.0022/0.9503	6.extra=0.0022/0.9503	7.telos=0.0001/0.9503	8.cleanup=0.0134/0.9460	9.reduce=0.1371/0.9395	10.completion=0.0020/0.9344	11.corecand=0.0001/0.9344	12.peo=0.0012/0.9344	13p.prep=0.0089/0.0000	13p.seeds=8.0000/0.0000	13p.rounds=26.0000/0.0000	13p.ledger=546806.0000/0.0000	13p.recon=0.0088/0.0006	13p.mcs=0.0036/0.0000	13.alt=0.0305/0.9344	14.transplant=0.0058/0.9325	15.minl=0.0059/0.9325	15.peel=0.0001/0.9325	16.late=0.0001/0.9325	17.final=0.0205/0.9297	18.simp=0.0027/0.9289	19.five=0.0040/0.9285	20.lt1k=0.0001/0.9285	21.comp=0.0001/0.9285	22.win=0.0105/0.9285	final=0.9285
COUNTS	rsyn0815m02hfsg	3054	7968	44604	41416
LADGATE	1236	50000	0.330	1
PHASES	p_ball_10b_7p_3d_h	0.3834	1.portfolio=0.0815/0.9739	1b.indep=0.0035/0.9739	2.descent=0.0006/0.9739	3.search=0.1048/0.9739	4.subtree=0.0036/0.9739	4b.indep-accept=0.0001/0.9739	5.terminal=0.0017/0.9739	6.extra=0.0017/0.9739	7.telos=0.0000/0.9739	8.cleanup=0.0013/0.9739	9.reduce=0.0687/0.9739	10.completion=0.0006/0.9739	11.corecand=0.0000/0.9739	12.peo=0.0004/0.9739	13p.prep=0.0015/0.0000	13p.seeds=8.0000/0.0000	13p.rounds=14.0000/0.0000	13p.ledger=138069.0000/0.0000	13p.recon=0.0017/0.0006	13p.mcs=0.0009/0.0000	13.alt=0.0054/0.9739	14.transplant=0.0015/0.9739	15.minl=0.0021/0.9739	15.peel=0.0000/0.9739	16.late=0.0186/0.9739	17.final=0.0040/0.9739	18.simp=0.0005/0.9739	19.five=0.0008/0.9739	20.lt1k=0.0000/0.9739	21.comp=0.0000/0.9739	22.win=0.0138/0.9739	final=0.9739
COUNTS	p_ball_10b_7p_3d_h	1236	4186	24380	23744
LADGATE	1225	50000	0.663	1
PHASES	chimera_k64ising-02	0.7110	1.portfolio=0.1706/0.6237	1b.indep=0.0088/0.6237	2.descent=0.0021/0.6212	3.search=0.1613/0.6187	4.subtree=0.0653/0.6140	4b.indep-accept=0.0001/0.6140	5.terminal=0.0025/0.6140	6.extra=0.0020/0.6140	7.telos=0.0001/0.6140	8.cleanup=0.0064/0.6137	9.reduce=0.1417/0.6137	10.completion=0.0070/0.6137	11.corecand=0.0001/0.6137	12.peo=0.0009/0.6137	13p.prep=0.0023/0.0000	13p.seeds=8.0000/0.0000	13p.rounds=13.0000/0.0000	13p.ledger=224132.0000/0.0000	13p.recon=0.0030/0.0000	13p.mcs=0.0024/0.0000	13.alt=0.0106/0.6137	14.transplant=0.0035/0.6135	15.minl=0.0077/0.6135	15.peel=0.0001/0.6135	16.late=0.0212/0.6134	17.final=0.0140/0.6134	18.simp=0.0012/0.6134	19.five=0.0037/0.6134	20.lt1k=0.0001/0.6134	21.comp=0.0001/0.6134	22.win=0.0177/0.6115	final=0.6080
COUNTS	chimera_k64ising-02	1225	3846	613390	372954
LADGATE	3404	50000	0.553	1
PHASES	batchs121208m	0.6105	1.portfolio=0.1618/1.0000	1b.indep=0.0148/1.0000	2.descent=0.0034/1.0000	3.search=0.0785/0.9479	4.subtree=0.2004/0.9402	4b.indep-accept=0.0001/0.9402	5.terminal=0.0023/0.9402	6.extra=0.0022/0.9402	7.telos=0.0001/0.9402	8.cleanup=0.0128/0.9351	9.reduce=0.0359/0.9339	10.completion=0.0037/0.9339	11.corecand=0.0001/0.9339	12.peo=0.0011/0.9339	13p.prep=0.0000/0.0000	13p.seeds=0.0000/0.0000	13p.rounds=0.0000/0.0000	13p.ledger=0.0000/0.0000	13p.recon=0.0000/0.0000	13p.mcs=0.0000/0.0000	13.alt=0.0001/0.9339	14.transplant=0.0040/0.9332	15.minl=0.0041/0.9332	15.peel=0.0001/0.9332	16.late=0.0001/0.9332	17.final=0.0048/0.9332	18.simp=0.0028/0.9332	19.five=0.0036/0.9332	20.lt1k=0.0001/0.9332	21.comp=0.0001/0.9332	22.win=0.0079/0.9332	final=0.9332
COUNTS	batchs121208m	3404	11462	138030	128816
LADGATE	11	50000	0.115	1
PHASES	nvs02	0.1811	1.portfolio=0.0014/1.0000	1b.indep=0.0000/1.0000	2.descent=0.0000/1.0000	3.search=0.1126/1.0000	4.subtree=0.0000/1.0000	4b.indep-accept=0.0000/1.0000	5.terminal=0.0000/1.0000	6.extra=0.0000/1.0000	7.telos=0.0000/1.0000	8.cleanup=0.0000/1.0000	9.reduce=0.0000/1.0000	10.completion=0.0000/1.0000	11.corecand=0.0000/1.0000	12.peo=0.0000/1.0000	13p.prep=0.0000/0.0000	13p.seeds=0.0000/0.0000	13p.rounds=0.0000/0.0000	13p.ledger=0.0000/0.0000	13p.recon=0.0000/0.0000	13p.mcs=0.0000/0.0000	13.alt=0.0000/1.0000	14.transplant=0.0000/1.0000	15.minl=0.0000/1.0000	15.peel=0.0000/1.0000	16.late=0.0000/1.0000	17.final=0.0000/1.0000	18.simp=0.0000/1.0000	19.five=0.0000/1.0000	20.lt1k=0.0000/1.0000	21.comp=0.0000/1.0000	22.win=0.0003/1.0000	final=1.0000
COUNTS	nvs02	11	46	142	142
LADGATE	191	50000	0.278	1
PHASES	wastepaper6	0.3473	1.portfolio=0.0283/1.0000	1b.indep=0.0013/1.0000	2.descent=0.0001/1.0000	3.search=0.1286/1.0000	4.subtree=0.0013/1.0000	4b.indep-accept=0.0000/1.0000	5.terminal=0.0017/1.0000	6.extra=0.0000/1.0000	7.telos=0.0000/1.0000	8.cleanup=0.0002/1.0000	9.reduce=0.0578/1.0000	10.completion=0.0003/1.0000	11.corecand=0.0034/1.0000	12.peo=0.0001/1.0000	13p.prep=0.0002/0.0000	13p.seeds=8.0000/0.0000	13p.rounds=9.0000/0.0000	13p.ledger=28088.0000/0.0000	13p.recon=0.0003/0.0005	13p.mcs=0.0002/0.0000	13.alt=0.0009/1.0000	14.transplant=0.0000/1.0000	15.minl=0.0002/1.0000	15.peel=0.0000/1.0000	16.late=0.0270/1.0000	17.final=0.0038/1.0000	18.simp=0.0001/1.0000	19.five=0.0003/1.0000	20.lt1k=0.0138/1.0000	21.comp=0.0003/1.0000	22.win=0.0036/1.0000	final=1.0000
COUNTS	wastepaper6	191	1416	16611	16611
LADGATE	399	50000	0.288	1
PHASES	syn15hfsg	0.3025	1.portfolio=0.0283/0.9915	1b.indep=0.0014/0.9915	2.descent=0.0001/0.9915	3.search=0.1206/0.9915	4.subtree=0.0033/0.9915	4b.indep-accept=0.0000/0.9915	5.terminal=0.0023/0.9915	6.extra=0.0022/0.9915	7.telos=0.0000/0.9915	8.cleanup=0.0005/0.9915	9.reduce=0.0586/0.9915	10.completion=0.0002/0.9915	11.corecand=0.0073/0.9915	12.peo=0.0002/0.9915	13p.prep=0.0008/0.0000	13p.seeds=8.0000/0.0000	13p.rounds=19.0000/0.0000	13p.ledger=48055.0000/0.0000	13p.recon=0.0007/0.0058	13p.mcs=0.0004/0.0000	13.alt=0.0026/0.9915	14.transplant=0.0005/0.9915	15.minl=0.0006/0.9915	15.peel=0.0000/0.9915	16.late=0.0236/0.9915	17.final=0.0039/0.9915	18.simp=0.0001/0.9915	19.five=0.0004/0.9915	20.lt1k=0.0290/0.9915	21.comp=0.0002/0.9915	22.win=0.0011/0.9915	final=0.9915
COUNTS	syn15hfsg	399	1022	3300	3272
LADGATE	36	50000	0.168	1
PHASES	st_jcbpaf2	0.2369	1.portfolio=0.0046/0.9437	1b.indep=0.0004/0.9437	2.descent=0.0000/0.9437	3.search=0.1202/0.9437	4.subtree=0.0025/0.9437	4b.indep-accept=0.0000/0.9437	5.terminal=0.0022/0.9437	6.extra=0.0028/0.9437	7.telos=0.0000/0.9437	8.cleanup=0.0000/0.9437	9.reduce=0.0000/0.9437	10.completion=0.0000/0.9437	11.corecand=0.0004/0.9437	12.peo=0.0000/0.9437	13p.prep=0.0001/0.0000	13p.seeds=8.0000/0.0000	13p.rounds=13.0000/0.0000	13p.ledger=6271.0000/0.0000	13p.recon=0.0001/0.0080	13p.mcs=0.0001/0.0000	13.alt=0.0003/0.9437	14.transplant=0.0000/0.9437	15.minl=0.0000/0.9437	15.peel=0.0000/0.9437	16.late=0.0276/0.9437	17.final=0.0030/0.9437	18.simp=0.0000/0.9437	19.five=0.0000/0.9437	20.lt1k=0.0015/0.9437	21.comp=0.0000/0.9437	22.win=0.0010/0.9437	final=0.9437
COUNTS	st_jcbpaf2	36	246	1635	1543
PHASES	camshape400	0.0000	final=1.0000
COUNTS	camshape400	2000	7188	16768	16768
LADGATE	120	50000	0.261	1
PHASES	graphpart_clique-30	0.3316	1.portfolio=0.0315/0.8379	1b.indep=0.0006/0.8379	2.descent=0.0001/0.8379	3.search=0.1207/0.7961	4.subtree=0.0027/0.7961	4b.indep-accept=0.0000/0.7961	5.terminal=0.0023/0.7961	6.extra=0.0023/0.7961	7.telos=0.0000/0.7961	8.cleanup=0.0003/0.7961	9.reduce=0.0339/0.7961	10.completion=0.0008/0.7961	11.corecand=0.0043/0.7961	12.peo=0.0002/0.7961	13p.prep=0.0003/0.0000	13p.seeds=8.0000/0.0000	13p.rounds=10.0000/0.0000	13p.ledger=60197.0000/0.0000	13p.recon=0.0004/0.0001	13p.mcs=0.0005/0.0000	13.alt=0.0016/0.7961	14.transplant=0.0003/0.7961	15.minl=0.0009/0.7961	15.peel=0.0000/0.7961	16.late=0.0262/0.7961	17.final=0.0036/0.7961	18.simp=0.0001/0.7961	19.five=0.0003/0.7961	20.lt1k=0.0170/0.7961	21.comp=0.0008/0.7961	22.win=0.0045/0.7961	final=0.7961
COUNTS	graphpart_clique-30	120	2790	114505	91153
LADGATE	280	50000	0.219	1
PHASES	graphpart_clique-70	0.2629	1.portfolio=0.0479/0.8318	1b.indep=0.0030/0.8318	2.descent=0.0005/0.8318	3.search=0.0640/0.8103	4.subtree=0.0025/0.8103	4b.indep-accept=0.0001/0.8103	5.terminal=0.0018/0.8103	6.extra=0.0022/0.8103	7.telos=0.0001/0.8103	8.cleanup=0.0010/0.8103	9.reduce=0.0134/0.8103	10.completion=0.0059/0.8103	11.corecand=0.0001/0.8103	12.peo=0.0007/0.8103	13p.prep=0.0019/0.0000	13p.seeds=8.0000/0.0000	13p.rounds=16.0000/0.0000	13p.ledger=504648.0000/0.0000	13p.recon=0.0025/0.0000	13p.mcs=0.0031/0.0000	13.alt=0.0098/0.8103	14.transplant=0.0017/0.8103	15.minl=0.0075/0.8103	15.peel=0.0001/0.8103	16.late=0.0001/0.8103	17.final=0.0036/0.8103	18.simp=0.0005/0.8103	19.five=0.0018/0.8103	20.lt1k=0.0192/0.8103	21.comp=0.0046/0.8103	22.win=0.0116/0.8103	final=0.8103
COUNTS	graphpart_clique-70	280	14910	1413012	1144894
PHASES	smallinvDAXr1b010-011	0.0000	final=0.9859
COUNTS	smallinvDAXr1b010-011	39	1120	13510	13319
LADGATE	22074	50000	0.364	1
PHASES	nd_netgen-2000-3-4-b-a-ns_7	0.3641	1.portfolio=0.1435/0.9588	1b.indep=0.0237/0.9588	2.descent=0.0006/0.9588	3.search=0.0006/0.9588	4.subtree=0.0613/0.9574	4b.indep-accept=0.0007/0.9574	5.terminal=0.0056/0.9574	6.extra=0.0006/0.9574	7.telos=0.0006/0.9574	8.cleanup=0.0006/0.9574	9.reduce=0.0333/0.9574	10.completion=0.0078/0.9574	11.corecand=0.0007/0.9574	12.peo=0.0068/0.9574	13p.prep=0.0191/0.0000	13p.seeds=8.0000/0.0000	13p.rounds=11.0000/0.0000	13p.ledger=882182.0000/0.0000	13p.recon=0.0103/0.0000	13p.mcs=0.0050/0.0000	13.alt=0.0464/0.9574	14.transplant=0.0111/0.9446	15.minl=0.0185/0.9446	15.peel=0.0006/0.9446	16.late=0.0006/0.9446	17.final=0.0062/0.9446	18.simp=0.0006/0.9446	19.five=0.0006/0.9446	20.lt1k=0.0005/0.9446	21.comp=0.0005/0.9446	22.win=0.0005/0.9446	final=0.9446
COUNTS	nd_netgen-2000-3-4-b-a-ns_7	22074	60000	289420	273394
LADGATE	240	50000	0.227	1
PHASES	slay05m	0.2938	1.portfolio=0.0163/1.0000	1b.indep=0.0004/1.0000	2.descent=0.0001/1.0000	3.search=0.1074/1.0000	4.subtree=0.0009/1.0000	4b.indep-accept=0.0000/1.0000	5.terminal=0.0018/1.0000	6.extra=0.0000/1.0000	7.telos=0.0000/1.0000	8.cleanup=0.0002/1.0000	9.reduce=0.0481/1.0000	10.completion=0.0001/1.0000	11.corecand=0.0044/1.0000	12.peo=0.0001/1.0000	13p.prep=0.0002/0.0000	13p.seeds=8.0000/0.0000	13p.rounds=8.0000/0.0000	13p.ledger=13805.0000/0.0000	13p.recon=0.0002/0.0030	13p.mcs=0.0001/0.0000	13.alt=0.0006/1.0000	14.transplant=0.0000/1.0000	15.minl=0.0001/1.0000	15.peel=0.0000/1.0000	16.late=0.0239/1.0000	17.final=0.0026/1.0000	18.simp=0.0001/1.0000	19.five=0.0002/1.0000	20.lt1k=0.0178/1.0000	21.comp=0.0001/1.0000	22.win=0.0008/1.0000	final=1.0000
COUNTS	slay05m	240	720	2635	2635
LADGATE	2031	50000	0.748	1
PHASES	chimera_selby-c16-01	0.7730	1.portfolio=0.3740/0.7219	1b.indep=0.0175/0.7219	2.descent=0.0049/0.7208	3.search=0.0350/0.7208	4.subtree=0.0184/0.7139	4b.indep-accept=0.0002/0.7139	5.terminal=0.0019/0.7139	6.extra=0.0018/0.7139	7.telos=0.0002/0.7139	8.cleanup=0.0175/0.7124	9.reduce=0.0756/0.7124	10.completion=0.0138/0.7109	11.corecand=0.0002/0.7109	12.peo=0.0060/0.7086	13p.prep=0.0118/0.0000	13p.seeds=8.0000/0.0000	13p.rounds=35.0000/0.0000	13p.ledger=2309530.0000/0.0000	13p.recon=0.0225/0.0000	13p.mcs=0.0214/0.0000	13.alt=0.0698/0.7086	14.transplant=0.0065/0.6924	15.minl=0.0488/0.6839	15.peel=0.0002/0.6839	16.late=0.0001/0.6839	17.final=0.0136/0.6796	18.simp=0.0043/0.6788	19.five=0.0100/0.6776	20.lt1k=0.0002/0.6776	21.comp=0.0002/0.6776	22.win=0.0169/0.6754	final=0.6744
COUNTS	chimera_selby-c16-01	2031	10964	3605628	2431621
LADGATE	110	50000	0.192	1
PHASES	csched1	0.2665	1.portfolio=0.0080/1.0000	1b.indep=0.0006/1.0000	2.descent=0.0000/1.0000	3.search=0.1306/1.0000	4.subtree=0.0016/1.0000	4b.indep-accept=0.0000/1.0000	5.terminal=0.0028/1.0000	6.extra=0.0000/1.0000	7.telos=0.0000/1.0000	8.cleanup=0.0001/1.0000	9.reduce=0.0011/1.0000	10.completion=0.0000/1.0000	11.corecand=0.0019/1.0000	12.peo=0.0000/1.0000	13p.prep=0.0001/0.0000	13p.seeds=8.0000/0.0000	13p.rounds=14.0000/0.0000	13p.ledger=11355.0000/0.0000	13p.recon=0.0001/0.0144	13p.mcs=0.0001/0.0000	13.alt=0.0005/1.0000	14.transplant=0.0000/1.0000	15.minl=0.0001/1.0000	15.peel=0.0000/1.0000	16.late=0.0295/1.0000	17.final=0.0037/1.0000	18.simp=0.0000/1.0000	19.five=0.0001/1.0000	20.lt1k=0.0073/1.0000	21.comp=0.0000/1.0000	22.win=0.0016/1.0000	final=1.0000
COUNTS	csched1	110	376	975	975
LADGATE	1310	50000	0.143	1
PHASES	watercontamination0303r	0.1552	1.portfolio=0.0583/1.0000	1b.indep=0.0132/1.0000	2.descent=0.0005/1.0000	3.search=0.0001/1.0000	4.subtree=0.0033/1.0000	4b.indep-accept=0.0001/1.0000	5.terminal=0.0022/1.0000	6.extra=0.0001/1.0000	7.telos=0.0001/1.0000	8.cleanup=0.0014/1.0000	9.reduce=0.0057/1.0000	10.completion=0.0011/1.0000	11.corecand=0.0001/1.0000	12.peo=0.0012/1.0000	13p.prep=0.0049/0.0000	13p.seeds=8.0000/0.0000	13p.rounds=15.0000/0.0000	13p.ledger=882403.0000/0.0000	13p.recon=0.0034/0.0000	13p.mcs=0.0037/0.0000	13.alt=0.0168/1.0000	14.transplant=0.0003/1.0000	15.minl=0.0015/1.0000	15.peel=0.0001/1.0000	16.late=0.0001/1.0000	17.final=0.0047/1.0000	18.simp=0.0006/1.0000	19.five=0.0009/1.0000	20.lt1k=0.0001/1.0000	21.comp=0.0001/1.0000	22.win=0.0130/1.0000	final=1.0000
COUNTS	watercontamination0303r	1310	37028	2171882	2171882
LADGATE	15	50000	0.117	1
PHASES	ex9_2_4	0.1335	1.portfolio=0.0016/1.0000	1b.indep=0.0000/1.0000	2.descent=0.0000/1.0000	3.search=0.1133/1.0000	4.subtree=0.0000/1.0000	4b.indep-accept=0.0000/1.0000	5.terminal=0.0000/1.0000	6.extra=0.0000/1.0000	7.telos=0.0000/1.0000	8.cleanup=0.0000/1.0000	9.reduce=0.0000/1.0000	10.completion=0.0000/1.0000	11.corecand=0.0003/1.0000	12.peo=0.0000/1.0000	13p.prep=0.0000/0.0000	13p.seeds=0.0000/0.0000	13p.rounds=0.0000/0.0000	13p.ledger=0.0000/0.0000	13p.recon=0.0000/0.0000	13p.mcs=0.0000/0.0000	13.alt=0.0000/1.0000	14.transplant=0.0000/1.0000	15.minl=0.0000/1.0000	15.peel=0.0000/1.0000	16.late=0.0000/1.0000	17.final=0.0000/1.0000	18.simp=0.0000/1.0000	19.five=0.0000/1.0000	20.lt1k=0.0009/1.0000	21.comp=0.0000/1.0000	22.win=0.0004/1.0000	final=1.0000
COUNTS	ex9_2_4	15	36	117	117
LADGATE	163	50000	0.196	1
PHASES	sssd15-04	0.2134	1.portfolio=0.0082/1.0000	1b.indep=0.0004/1.0000	2.descent=0.0000/1.0000	3.search=0.1230/1.0000	4.subtree=0.0016/1.0000	4b.indep-accept=0.0000/1.0000	5.terminal=0.0024/1.0000	6.extra=0.0000/1.0000	7.telos=0.0000/1.0000	8.cleanup=0.0001/1.0000	9.reduce=0.0094/1.0000	10.completion=0.0001/1.0000	11.corecand=0.0027/1.0000	12.peo=0.0001/1.0000	13p.prep=0.0002/0.0000	13p.seeds=8.0000/0.0000	13p.rounds=14.0000/0.0000	13p.ledger=15440.0000/0.0000	13p.recon=0.0002/0.0086	13p.mcs=0.0001/0.0000	13.alt=0.0007/1.0000	14.transplant=0.0000/1.0000	15.minl=0.0001/1.0000	15.peel=0.0000/1.0000	16.late=0.0272/1.0000	17.final=0.0042/1.0000	18.simp=0.0000/1.0000	19.five=0.0002/1.0000	20.lt1k=0.0106/1.0000	21.comp=0.0001/1.0000	22.win=0.0019/1.0000	final=1.0000
COUNTS	sssd15-04	163	440	1625	1625
PHASES	autocorr_bern35-35fix	0.0000	final=1.0000
COUNTS	autocorr_bern35-35fix	38	1264	16214	16214
LADGATE	1491	50000	0.327	1
PHASES	sfacloc2_4_90	0.3737	1.portfolio=0.1032/0.9120	1b.indep=0.0063/0.9120	2.descent=0.0006/0.9120	3.search=0.0782/0.9104	4.subtree=0.0065/0.9104	4b.indep-accept=0.0000/0.9104	5.terminal=0.0019/0.9104	6.extra=0.0018/0.9104	7.telos=0.0000/0.9104	8.cleanup=0.0016/0.9104	9.reduce=0.0644/0.9104	10.completion=0.0008/0.9104	11.corecand=0.0000/0.9104	12.peo=0.0005/0.9104	13p.prep=0.0014/0.0000	13p.seeds=8.0000/0.0000	13p.rounds=10.0000/0.0000	13p.ledger=113497.0000/0.0000	13p.recon=0.0014/0.0003	13p.mcs=0.0007/0.0000	13.alt=0.0048/0.9104	14.transplant=0.0017/0.9104	15.minl=0.0024/0.9104	15.peel=0.0000/0.9104	16.late=0.0203/0.9104	17.final=0.0050/0.9104	18.simp=0.0005/0.9104	19.five=0.0010/0.9104	20.lt1k=0.0000/0.9104	21.comp=0.0000/0.9104	22.win=0.0135/0.9104	final=0.9104
COUNTS	sfacloc2_4_90	1491	4500	31682	28843
PHASES	cont6-qq	0.4328	1.portfolio=0.1743/0.7983	1b.indep=0.0834/0.6962	2.descent=0.0045/0.6962	3.search=0.0045/0.6962	4.subtree=0.0045/0.6962	4b.indep-accept=0.0045/0.6962	5.terminal=0.0046/0.6962	6.extra=0.0045/0.6962	7.telos=0.0045/0.6962	8.cleanup=0.0046/0.6962	9.reduce=0.0186/0.6962	10.completion=0.0045/0.6962	11.corecand=0.0046/0.6962	12.peo=0.0190/0.6962	13p.prep=0.0000/0.0000	13p.seeds=0.0000/0.0000	13p.rounds=0.0000/0.0000	13p.ledger=0.0000/0.0000	13p.recon=0.0000/0.0000	13p.mcs=0.0000/0.0000	13.alt=0.0046/0.6962	14.transplant=0.0045/0.6962	15.minl=0.0267/0.6962	15.peel=0.0046/0.6962	16.late=0.0046/0.6962	17.final=0.0045/0.6962	18.simp=0.0045/0.6962	19.five=0.0046/0.6962	20.lt1k=0.0046/0.6962	21.comp=0.0046/0.6962	22.win=0.0046/0.6962	final=0.6962
COUNTS	cont6-qq	120395	557994	835894090	581918900
LADGATE	5205	50000	0.172	1
PHASES	meanvar-orl400_05_e_7	0.2412	1.portfolio=0.0561/0.9999	1b.indep=0.0369/0.9999	2.descent=0.0007/0.9999	3.search=0.0007/0.9999	4.subtree=0.0040/0.9999	4b.indep-accept=0.0007/0.9999	5.terminal=0.0046/0.9999	6.extra=0.0007/0.9999	7.telos=0.0007/0.9999	8.cleanup=0.0007/0.9999	9.reduce=0.0168/0.9999	10.completion=0.0067/0.9999	11.corecand=0.0006/0.9999	12.peo=0.0051/0.9999	13p.prep=0.0000/0.0000	13p.seeds=0.0000/0.0000	13p.rounds=0.0000/0.0000	13p.ledger=0.0000/0.0000	13p.recon=0.0000/0.0000	13p.mcs=0.0000/0.0000	13.alt=0.0006/0.9999	14.transplant=0.0050/0.9999	15.minl=0.0106/0.9999	15.peel=0.0006/0.9999	16.late=0.0006/0.9999	17.final=0.0056/0.9999	18.simp=0.0007/0.9999	19.five=0.0006/0.9999	20.lt1k=0.0006/0.9999	21.comp=0.0006/0.9999	22.win=0.0088/0.9998	final=0.9998
COUNTS	meanvar-orl400_05_e_7	5205	174804	21939414	21935811
LADGATE	10017	50000	0.317	1
PHASES	glider400	0.3629	1.portfolio=0.1502/0.8890	1b.indep=0.0373/0.8890	2.descent=0.0003/0.8890	3.search=0.0003/0.8890	4.subtree=0.0032/0.8890	4b.indep-accept=0.0003/0.8858	5.terminal=0.0043/0.8854	6.extra=0.0003/0.8854	7.telos=0.0003/0.8854	8.cleanup=0.0003/0.8854	9.reduce=0.0391/0.8854	10.completion=0.0066/0.8854	11.corecand=0.0003/0.8854	12.peo=0.0035/0.8854	13p.prep=0.0000/0.0000	13p.seeds=0.0000/0.0000	13p.rounds=0.0000/0.0000	13p.ledger=0.0000/0.0000	13p.recon=0.0000/0.0000	13p.mcs=0.0000/0.0000	13.alt=0.0003/0.8854	14.transplant=0.0076/0.8785	15.minl=0.0128/0.8785	15.peel=0.0003/0.8785	16.late=0.0003/0.8785	17.final=0.0047/0.8785	18.simp=0.0005/0.8785	19.five=0.0224/0.8785	20.lt1k=0.0003/0.8785	21.comp=0.0003/0.8785	22.win=0.0153/0.8785	final=0.8781
COUNTS	glider400	10017	49624	373018	327551
LADGATE	4960	50000	0.572	1
PHASES	syn40m04m	0.5895	1.portfolio=0.1586/0.9768	1b.indep=0.0124/0.9768	2.descent=0.0067/0.9718	3.search=0.0810/0.9718	4.subtree=0.1848/0.9695	4b.indep-accept=0.0002/0.9695	5.terminal=0.0026/0.9695	6.extra=0.0024/0.9695	7.telos=0.0002/0.9695	8.cleanup=0.0160/0.9642	9.reduce=0.0505/0.9642	10.completion=0.0027/0.9620	11.corecand=0.0002/0.9620	12.peo=0.0017/0.9620	13p.prep=0.0000/0.0000	13p.seeds=0.0000/0.0000	13p.rounds=0.0000/0.0000	13p.ledger=0.0000/0.0000	13p.recon=0.0000/0.0000	13p.mcs=0.0000/0.0000	13.alt=0.0002/0.9620	14.transplant=0.0095/0.9620	15.minl=0.0117/0.9620	15.peel=0.0002/0.9620	16.late=0.0002/0.9620	17.final=0.0050/0.9620	18.simp=0.0020/0.9620	19.five=0.0072/0.9591	20.lt1k=0.0002/0.9591	21.comp=0.0002/0.9591	22.win=0.0113/0.9591	final=0.9591
COUNTS	syn40m04m	4960	13792	65982	63282
LADGATE	31	50000	0.173	1
PHASES	ex2_1_3	0.1909	1.portfolio=0.0023/1.0000	1b.indep=0.0000/1.0000	2.descent=0.0000/1.0000	3.search=0.1318/1.0000	4.subtree=0.0007/1.0000	4b.indep-accept=0.0000/1.0000	5.terminal=0.0027/1.0000	6.extra=0.0000/1.0000	7.telos=0.0000/1.0000	8.cleanup=0.0000/1.0000	9.reduce=0.0000/1.0000	10.completion=0.0000/1.0000	11.corecand=0.0005/1.0000	12.peo=0.0000/1.0000	13p.prep=0.0000/0.0000	13p.seeds=8.0000/0.0000	13p.rounds=9.0000/0.0000	13p.ledger=1611.0000/0.0000	13p.recon=0.0000/0.0476	13p.mcs=0.0000/0.0000	13.alt=0.0001/1.0000	14.transplant=0.0000/1.0000	15.minl=0.0000/1.0000	15.peel=0.0000/1.0000	16.late=0.0285/1.0000	17.final=0.0036/1.0000	18.simp=0.0000/1.0000	19.five=0.0000/1.0000	20.lt1k=0.0017/1.0000	21.comp=0.0000/1.0000	22.win=0.0005/1.0000	final=1.0000
COUNTS	ex2_1_3	31	72	189	189
LADGATE	705	50000	0.446	1
PHASES	qapw	0.4774	1.portfolio=0.2105/1.0000	1b.indep=0.0317/1.0000	2.descent=0.0003/1.0000	3.search=0.0003/1.0000	4.subtree=0.0017/1.0000	4b.indep-accept=0.0003/1.0000	5.terminal=0.0038/1.0000	6.extra=0.0003/1.0000	7.telos=0.0003/1.0000	8.cleanup=0.0003/1.0000	9.reduce=0.0197/1.0000	10.completion=0.0074/1.0000	11.corecand=0.0003/1.0000	12.peo=0.0030/1.0000	13p.prep=0.0202/0.0000	13p.seeds=8.0000/0.0000	13p.rounds=26.0000/0.0000	13p.ledger=3957645.0000/0.0000	13p.recon=0.0126/0.0000	13p.mcs=0.0184/0.0000	13.alt=0.0690/1.0000	14.transplant=0.0007/1.0000	15.minl=0.0113/1.0000	15.peel=0.0003/1.0000	16.late=0.0003/1.0000	17.final=0.0028/1.0000	18.simp=0.0003/1.0000	19.five=0.0003/1.0000	20.lt1k=0.0352/1.0000	21.comp=0.0003/1.0000	22.win=0.0163/1.0000	final=1.0000
COUNTS	qapw	705	87496	12183146	12183146
LADGATE	14	50000	0.124	1
PHASES	himmel11	0.1900	1.portfolio=0.0018/1.0000	1b.indep=0.0000/1.0000	2.descent=0.0000/1.0000	3.search=0.1203/1.0000	4.subtree=0.0000/1.0000	4b.indep-accept=0.0000/1.0000	5.terminal=0.0000/1.0000	6.extra=0.0000/1.0000	7.telos=0.0000/1.0000	8.cleanup=0.0000/1.0000	9.reduce=0.0000/1.0000	10.completion=0.0000/1.0000	11.corecand=0.0002/1.0000	12.peo=0.0000/1.0000	13p.prep=0.0000/0.0000	13p.seeds=0.0000/0.0000	13p.rounds=0.0000/0.0000	13p.ledger=0.0000/0.0000	13p.recon=0.0000/0.0000	13p.mcs=0.0000/0.0000	13.alt=0.0000/1.0000	14.transplant=0.0000/1.0000	15.minl=0.0000/1.0000	15.peel=0.0000/1.0000	16.late=0.0000/1.0000	17.final=0.0000/1.0000	18.simp=0.0000/1.0000	19.five=0.0000/1.0000	20.lt1k=0.0006/1.0000	21.comp=0.0000/1.0000	22.win=0.0003/1.0000	final=1.0000
COUNTS	himmel11	14	60	198	198
LADGATE	1908	50000	0.381	1
PHASES	syn15m04m	0.3952	1.portfolio=0.1240/0.9813	1b.indep=0.0094/0.9813	2.descent=0.0013/0.9735	3.search=0.1006/0.9735	4.subtree=0.0055/0.9735	4b.indep-accept=0.0001/0.9735	5.terminal=0.0018/0.9694	6.extra=0.0019/0.9694	7.telos=0.0001/0.9694	8.cleanup=0.0051/0.9663	9.reduce=0.0796/0.9663	10.completion=0.0010/0.9663	11.corecand=0.0001/0.9663	12.peo=0.0007/0.9663	13p.prep=0.0016/0.0000	13p.seeds=8.0000/0.0000	13p.rounds=8.0000/0.0000	13p.ledger=104590.0000/0.0000	13p.recon=0.0015/0.0003	13p.mcs=0.0006/0.0000	13.alt=0.0053/0.9663	14.transplant=0.0027/0.9663	15.minl=0.0036/0.9663	15.peel=0.0001/0.9663	16.late=0.0061/0.9663	17.final=0.0047/0.9663	18.simp=0.0010/0.9663	19.five=0.0016/0.9663	20.lt1k=0.0001/0.9663	21.comp=0.0001/0.9663	22.win=0.0137/0.9663	final=0.9652
COUNTS	syn15m04m	1908	5288	26094	25187
LADGATE	118	50000	0.257	1
PHASES	pooling_rt2tp	0.3231	1.portfolio=0.0129/0.9951	1b.indep=0.0010/0.9951	2.descent=0.0000/0.9951	3.search=0.1167/0.9944	4.subtree=0.0026/0.9944	4b.indep-accept=0.0000/0.9944	5.terminal=0.0025/0.9944	6.extra=0.0026/0.9944	7.telos=0.0000/0.9944	8.cleanup=0.0001/0.9944	9.reduce=0.0734/0.9940	10.completion=0.0001/0.9940	11.corecand=0.0019/0.9940	12.peo=0.0001/0.9940	13p.prep=0.0001/0.0000	13p.seeds=8.0000/0.0000	13p.rounds=9.0000/0.0000	13p.ledger=13364.0000/0.0000	13p.recon=0.0002/0.0015	13p.mcs=0.0001/0.0000	13.alt=0.0006/0.9940	14.transplant=0.0001/0.9940	15.minl=0.0001/0.9940	15.peel=0.0000/0.9940	16.late=0.0264/0.9896	17.final=0.0040/0.9896	18.simp=0.0000/0.9864	19.five=0.0001/0.9864	20.lt1k=0.0078/0.9864	21.comp=0.0001/0.9864	22.win=0.0015/0.9864	final=0.9864
COUNTS	pooling_rt2tp	118	654	5876	5796
LADGATE	333	50000	0.301	1
PHASES	waterund14	0.3560	1.portfolio=0.0592/0.4054	1b.indep=0.0020/0.4054	2.descent=0.0001/0.4054	3.search=0.1049/0.3855	4.subtree=0.0084/0.3689	4b.indep-accept=0.0000/0.3689	5.terminal=0.0019/0.3689	6.extra=0.0019/0.3689	7.telos=0.0000/0.3689	8.cleanup=0.0009/0.3620	9.reduce=0.0403/0.3620	10.completion=0.0011/0.3620	11.corecand=0.0062/0.3620	12.peo=0.0002/0.3620	13p.prep=0.0016/0.0000	13p.seeds=8.0000/0.0000	13p.rounds=35.0000/0.0000	13p.ledger=210985.0000/0.0000	13p.recon=0.0021/0.0002	13p.mcs=0.0020/0.0000	13.alt=0.0072/0.3620	14.transplant=0.0004/0.3620	15.minl=0.0011/0.3620	15.peel=0.0000/0.3620	16.late=0.0211/0.3620	17.final=0.0026/0.3620	18.simp=0.0002/0.3620	19.five=0.0007/0.3620	20.lt1k=0.0248/0.3620	21.comp=0.0011/0.3620	22.win=0.0061/0.3615	final=0.3600
COUNTS	waterund14	333	2204	200484	72184
LADGATE	17809	50000	1.044	1
PHASES	crudeoil_lee4_10	1.0448	1.portfolio=0.4555/0.6858	1b.indep=0.1988/0.6858	2.descent=0.0013/0.6858	3.search=0.0013/0.6858	4.subtree=0.1411/0.6763	4b.indep-accept=0.0011/0.6512	5.terminal=0.0083/0.6512	6.extra=0.0011/0.6512	7.telos=0.0011/0.6512	8.cleanup=0.0011/0.6512	9.reduce=0.0940/0.6512	10.completion=0.0034/0.6512	11.corecand=0.0010/0.6512	12.peo=0.0221/0.6417	13p.prep=0.0236/0.0000	13p.seeds=8.0000/0.0000	13p.rounds=9.0000/0.0000	13p.ledger=853583.0000/0.0000	13p.recon=0.0061/0.0000	13p.mcs=0.0081/0.0000	13.alt=0.0429/0.6417	14.transplant=0.0127/0.6278	15.minl=0.0173/0.6278	15.peel=0.0011/0.6278	16.late=0.0011/0.6278	17.final=0.0348/0.6253	18.simp=0.0011/0.6253	19.five=0.0011/0.6253	20.lt1k=0.0011/0.6253	21.comp=0.0011/0.6253	22.win=0.0011/0.6253	final=0.6253
COUNTS	crudeoil_lee4_10	17809	120632	294531623	184173410
LADGATE	1294	50000	0.435	1
PHASES	pooling_foulds4pq	0.4751	1.portfolio=0.2049/0.9989	1b.indep=0.0102/0.9989	2.descent=0.0008/0.9989	3.search=0.0829/0.9989	4.subtree=0.0019/0.9989	4b.indep-accept=0.0001/0.9989	5.terminal=0.0019/0.9989	6.extra=0.0017/0.9989	7.telos=0.0001/0.9989	8.cleanup=0.0017/0.9989	9.reduce=0.0813/0.9989	10.completion=0.0019/0.9989	11.corecand=0.0001/0.9989	12.peo=0.0006/0.9989	13p.prep=0.0022/0.0000	13p.seeds=8.0000/0.0000	13p.rounds=16.0000/0.0000	13p.ledger=309848.0000/0.0000	13p.recon=0.0028/0.0001	13p.mcs=0.0018/0.0000	13.alt=0.0089/0.9989	14.transplant=0.0015/0.9989	15.minl=0.0026/0.9989	15.peel=0.0000/0.9989	16.late=0.0032/0.9989	17.final=0.0017/0.9989	18.simp=0.0007/0.9989	19.five=0.0009/0.9989	20.lt1k=0.0000/0.9989	21.comp=0.0000/0.9989	22.win=0.0118/0.9989	final=0.9989
COUNTS	pooling_foulds4pq	1294	8302	138692	138540
LADGATE	3097	50000	0.333	1
PHASES	edgecross14-156	0.3602	1.portfolio=0.1423/0.9556	1b.indep=0.0170/0.9556	2.descent=0.0032/0.9495	3.search=0.0461/0.9495	4.subtree=0.0043/0.9495	4b.indep-accept=0.0001/0.9495	5.terminal=0.0043/0.9354	6.extra=0.0021/0.9354	7.telos=0.0001/0.9354	8.cleanup=0.0109/0.9266	9.reduce=0.0551/0.9266	10.completion=0.0073/0.9266	11.corecand=0.0001/0.9266	12.peo=0.0016/0.9266	13p.prep=0.0000/0.0000	13p.seeds=0.0000/0.0000	13p.rounds=0.0000/0.0000	13p.ledger=0.0000/0.0000	13p.recon=0.0000/0.0000	13p.mcs=0.0000/0.0000	13.alt=0.0001/0.9266	14.transplant=0.0029/0.9266	15.minl=0.0073/0.9266	15.peel=0.0001/0.9266	16.late=0.0001/0.9266	17.final=0.0038/0.9266	18.simp=0.0026/0.9266	19.five=0.0031/0.9266	20.lt1k=0.0001/0.9266	21.comp=0.0001/0.9266	22.win=0.0082/0.9266	final=0.9254
COUNTS	edgecross14-156	3097	19664	1487933	1376964
LADGATE	72	50000	0.213	1
PHASES	tspn08	0.2728	1.portfolio=0.0096/0.6863	1b.indep=0.0006/0.6863	2.descent=0.0000/0.6863	3.search=0.1197/0.6863	4.subtree=0.0025/0.6863	4b.indep-accept=0.0000/0.6863	5.terminal=0.0019/0.6863	6.extra=0.0016/0.6863	7.telos=0.0000/0.6863	8.cleanup=0.0001/0.6863	9.reduce=0.0394/0.6863	10.completion=0.0001/0.6863	11.corecand=0.0008/0.6863	12.peo=0.0001/0.6863	13p.prep=0.0002/0.0000	13p.seeds=8.0000/0.0000	13p.rounds=12.0000/0.0000	13p.ledger=16498.0000/0.0000	13p.recon=0.0002/0.0011	13p.mcs=0.0002/0.0000	13.alt=0.0007/0.6863	14.transplant=0.0000/0.6863	15.minl=0.0001/0.6863	15.peel=0.0000/0.6863	16.late=0.0239/0.6863	17.final=0.0030/0.6863	18.simp=0.0000/0.6863	19.five=0.0001/0.6863	20.lt1k=0.0031/0.6863	21.comp=0.0001/0.6863	22.win=0.0022/0.6863	final=0.6863
COUNTS	tspn08	72	668	11074	7600
LADGATE	4225	50000	0.575	1
PHASES	crudeoil_li05	0.6259	1.portfolio=0.2037/0.8645	1b.indep=0.0268/0.8645	2.descent=0.0068/0.8526	3.search=0.0584/0.8485	4.subtree=0.1073/0.7991	4b.indep-accept=0.0002/0.7991	5.terminal=0.0024/0.7991	6.extra=0.0026/0.7989	7.telos=0.0002/0.7989	8.cleanup=0.0162/0.7934	9.reduce=0.0647/0.7934	10.completion=0.0114/0.7932	11.corecand=0.0002/0.7932	12.peo=0.0019/0.7932	13p.prep=0.0000/0.0000	13p.seeds=0.0000/0.0000	13p.rounds=0.0000/0.0000	13p.ledger=0.0000/0.0000	13p.recon=0.0000/0.0000	13p.mcs=0.0000/0.0000	13.alt=0.0002/0.7932	14.transplant=0.0096/0.7923	15.minl=0.0152/0.7923	15.peel=0.0002/0.7923	16.late=0.0002/0.7923	17.final=0.0243/0.7922	18.simp=0.0019/0.7922	19.five=0.0075/0.7894	20.lt1k=0.0002/0.7894	21.comp=0.0001/0.7894	22.win=0.0106/0.7882	final=0.7847
COUNTS	crudeoil_li05	4225	14628	680022	533589
LADGATE	14416	50000	0.597	1
PHASES	procurement1large	0.5974	1.portfolio=0.1610/0.6518	1b.indep=0.0627/0.6518	2.descent=0.0007/0.6518	3.search=0.0007/0.6518	4.subtree=0.1500/0.6493	4b.indep-accept=0.0006/0.6150	5.terminal=0.0056/0.6145	6.extra=0.0006/0.6145	7.telos=0.0006/0.6145	8.cleanup=0.0006/0.6145	9.reduce=0.0875/0.5971	10.completion=0.0190/0.5971	11.corecand=0.0005/0.5971	12.peo=0.0120/0.5842	13p.prep=0.0179/0.0000	13p.seeds=8.0000/0.0000	13p.rounds=12.0000/0.0000	13p.ledger=850609.0000/0.0000	13p.recon=0.0096/0.0000	13p.mcs=0.0072/0.0000	13.alt=0.0440/0.5842	14.transplant=0.0155/0.5335	15.minl=0.0161/0.5335	15.peel=0.0006/0.5335	16.late=0.0006/0.5335	17.final=0.0283/0.5323	18.simp=0.0006/0.5323	19.five=0.0006/0.5323	20.lt1k=0.0006/0.5323	21.comp=0.0006/0.5323	22.win=0.0006/0.5323	final=0.5323
COUNTS	procurement1large	14416	41068	13858240	7376882
LADGATE	1428	50000	0.323	1
PHASES	blend721	0.3654	1.portfolio=0.1079/0.8929	1b.indep=0.0062/0.8929	2.descent=0.0006/0.8929	3.search=0.0777/0.8580	4.subtree=0.0078/0.8530	4b.indep-accept=0.0000/0.8530	5.terminal=0.0017/0.8530	6.extra=0.0017/0.8530	7.telos=0.0000/0.8530	8.cleanup=0.0016/0.8530	9.reduce=0.0566/0.8530	10.completion=0.0014/0.8530	11.corecand=0.0000/0.8530	12.peo=0.0006/0.8530	13p.prep=0.0022/0.0000	13p.seeds=8.0000/0.0000	13p.rounds=15.0000/0.0000	13p.ledger=185040.0000/0.0000	13p.recon=0.0024/0.0002	13p.mcs=0.0013/0.0000	13.alt=0.0081/0.8530	14.transplant=0.0019/0.8528	15.minl=0.0031/0.8528	15.peel=0.0001/0.8528	16.late=0.0142/0.8528	17.final=0.0038/0.8528	18.simp=0.0006/0.8528	19.five=0.0009/0.8528	20.lt1k=0.0000/0.8528	21.comp=0.0000/0.8528	22.win=0.0118/0.8528	final=0.8528
COUNTS	blend721	1428	4548	77560	66143
LADGATE	2031	50000	0.750	1
PHASES	chimera_selby-c16-02	0.7730	1.portfolio=0.3626/0.5557	1b.indep=0.0181/0.5557	2.descent=0.0054/0.5555	3.search=0.0387/0.5548	4.subtree=0.0756/0.5409	4b.indep-accept=0.0002/0.5409	5.terminal=0.0026/0.5409	6.extra=0.0020/0.5409	7.telos=0.0002/0.5409	8.cleanup=0.0188/0.5389	9.reduce=0.0426/0.5389	10.completion=0.0129/0.5389	11.corecand=0.0002/0.5389	12.peo=0.0023/0.5389	13p.prep=0.0133/0.0000	13p.seeds=8.0000/0.0000	13p.rounds=39.0000/0.0000	13p.ledger=2494745.0000/0.0000	13p.recon=0.0251/0.0000	13p.mcs=0.0234/0.0000	13.alt=0.0778/0.5389	14.transplant=0.0070/0.5382	15.minl=0.0232/0.5382	15.peel=0.0002/0.5382	16.late=0.0002/0.5382	17.final=0.0173/0.5381	18.simp=0.0043/0.5380	19.five=0.0104/0.5377	20.lt1k=0.0002/0.5377	21.comp=0.0002/0.5377	22.win=0.0172/0.5374	final=0.5373
COUNTS	chimera_selby-c16-02	2031	10878	4280329	2299955
LADGATE	16640	50000	0.383	1
PHASES	supplychainr1_053050	0.3837	1.portfolio=0.1803/1.0000	1b.indep=0.0531/1.0000	2.descent=0.0005/1.0000	3.search=0.0005/1.0000	4.subtree=0.0061/1.0000	4b.indep-accept=0.0005/1.0000	5.terminal=0.0045/1.0000	6.extra=0.0005/1.0000	7.telos=0.0005/1.0000	8.cleanup=0.0005/1.0000	9.reduce=0.0539/1.0000	10.completion=0.0108/1.0000	11.corecand=0.0005/1.0000	12.peo=0.0055/1.0000	13p.prep=0.0120/0.0000	13p.seeds=8.0000/0.0000	13p.rounds=8.0000/0.0000	13p.ledger=910420.0000/0.0000	13p.recon=0.0087/0.0000	13p.mcs=0.0056/0.0000	13.alt=0.0346/1.0000	14.transplant=0.0084/1.0000	15.minl=0.0183/1.0000	15.peel=0.0004/1.0000	16.late=0.0004/1.0000	17.final=0.0067/1.0000	18.simp=0.0005/1.0000	19.five=0.0005/1.0000	20.lt1k=0.0005/1.0000	21.comp=0.0005/1.0000	22.win=0.0005/1.0000	final=1.0000
COUNTS	supplychainr1_053050	16640	57800	2173490	2173490
LADGATE	5067	50000	0.662	1
PHASES	sfacloc2_4_80	0.7108	1.portfolio=0.3375/0.9744	1b.indep=0.1026/0.9744	2.descent=0.0024/0.9656	3.search=0.0651/0.9656	4.subtree=0.0377/0.9609	4b.indep-accept=0.0002/0.9609	5.terminal=0.0028/0.9609	6.extra=0.0026/0.9609	7.telos=0.0002/0.9609	8.cleanup=0.0021/0.9609	9.reduce=0.0543/0.9609	10.completion=0.0023/0.9609	11.corecand=0.0002/0.9609	12.peo=0.0017/0.9609	13p.prep=0.0000/0.0000	13p.seeds=0.0000/0.0000	13p.rounds=0.0000/0.0000	13p.ledger=0.0000/0.0000	13p.recon=0.0000/0.0000	13p.mcs=0.0000/0.0000	13.alt=0.0002/0.9609	14.transplant=0.0068/0.9598	15.minl=0.0090/0.9598	15.peel=0.0002/0.9598	16.late=0.0002/0.9598	17.final=0.0056/0.9598	18.simp=0.0021/0.9598	19.five=0.0074/0.9584	20.lt1k=0.0002/0.9584	21.comp=0.0002/0.9584	22.win=0.0101/0.9584	final=0.9552
COUNTS	sfacloc2_4_80	5067	21424	93048	88884
PHASES	st_e24	0.0000	final=0.8906
COUNTS	st_e24	10	26	64	57
LADGATE	1053	50000	0.326	1
PHASES	edgecross10-040	0.3669	1.portfolio=0.1166/0.9124	1b.indep=0.0048/0.9124	2.descent=0.0004/0.9124	3.search=0.0713/0.8916	4.subtree=0.0075/0.8871	4b.indep-accept=0.0000/0.8871	5.terminal=0.0013/0.8871	6.extra=0.0015/0.8871	7.telos=0.0000/0.8871	8.cleanup=0.0018/0.8868	9.reduce=0.0733/0.8868	10.completion=0.0015/0.8868	11.corecand=0.0000/0.8868	12.peo=0.0005/0.8868	13p.prep=0.0012/0.0000	13p.seeds=8.0000/0.0000	13p.rounds=11.0000/0.0000	13p.ledger=134841.0000/0.0000	13p.recon=0.0013/0.0001	13p.mcs=0.0010/0.0000	13.alt=0.0048/0.8868	14.transplant=0.0008/0.8868	15.minl=0.0019/0.8868	15.peel=0.0000/0.8868	16.late=0.0141/0.8868	17.final=0.0025/0.8868	18.simp=0.0004/0.8868	19.five=0.0006/0.8868	20.lt1k=0.0000/0.8868	21.comp=0.0000/0.8868	22.win=0.0090/0.8868	final=0.8868
COUNTS	edgecross10-040	1053	5116	161851	143522
LADGATE	8232	50000	0.409	1
PHASES	sonet21v6	0.4639	1.portfolio=0.1519/0.9650	1b.indep=0.0318/0.9650	2.descent=0.0093/0.9650	3.search=0.0003/0.9650	4.subtree=0.0031/0.9650	4b.indep-accept=0.0003/0.9650	5.terminal=0.0029/0.9650	6.extra=0.0026/0.9650	7.telos=0.0003/0.9650	8.cleanup=0.0098/0.9650	9.reduce=0.0558/0.9650	10.completion=0.0088/0.9650	11.corecand=0.0003/0.9650	12.peo=0.0030/0.9650	13p.prep=0.0177/0.0000	13p.seeds=8.0000/0.0000	13p.rounds=21.0000/0.0000	13p.ledger=1973758.0000/0.0000	13p.recon=0.0166/0.0000	13p.mcs=0.0113/0.0000	13.alt=0.0623/0.9650	14.transplant=0.0009/0.9650	15.minl=0.0208/0.9650	15.peel=0.0003/0.9650	16.late=0.0003/0.9650	17.final=0.0035/0.9650	18.simp=0.0003/0.9650	19.five=0.0109/0.9650	20.lt1k=0.0003/0.9650	21.comp=0.0003/0.9650	22.win=0.0165/0.9650	final=0.9650
COUNTS	sonet21v6	8232	40744	1643311	1585871
LADGATE	2490	50000	0.366	1
PHASES	squfl010-080	0.3871	1.portfolio=0.2164/1.0000	1b.indep=0.0068/1.0000	2.descent=0.0013/1.0000	3.search=0.0749/1.0000	4.subtree=0.0004/1.0000	4b.indep-accept=0.0001/1.0000	5.terminal=0.0019/1.0000	6.extra=0.0001/1.0000	7.telos=0.0001/1.0000	8.cleanup=0.0032/1.0000	9.reduce=0.0308/1.0000	10.completion=0.0009/1.0000	11.corecand=0.0001/1.0000	12.peo=0.0007/1.0000	13p.prep=0.0019/0.0000	13p.seeds=8.0000/0.0000	13p.rounds=10.0000/0.0000	13p.ledger=162340.0000/0.0000	13p.recon=0.0019/0.0004	13p.mcs=0.0008/0.0000	13.alt=0.0063/1.0000	14.transplant=0.0001/1.0000	15.minl=0.0010/1.0000	15.peel=0.0001/1.0000	16.late=0.0066/1.0000	17.final=0.0020/1.0000	18.simp=0.0013/1.0000	19.five=0.0017/1.0000	20.lt1k=0.0001/1.0000	21.comp=0.0001/1.0000	22.win=0.0048/1.0000	final=1.0000
COUNTS	squfl010-080	2490	6400	27665	27665
LADGATE	221	50000	0.265	1
PHASES	genpooling_lee2	0.3293	1.portfolio=0.0270/0.7148	1b.indep=0.0014/0.7148	2.descent=0.0001/0.7075	3.search=0.1242/0.7051	4.subtree=0.0026/0.7051	4b.indep-accept=0.0000/0.7051	5.terminal=0.0025/0.7051	6.extra=0.0024/0.7051	7.telos=0.0000/0.7051	8.cleanup=0.0002/0.7051	9.reduce=0.0449/0.7051	10.completion=0.0003/0.7051	11.corecand=0.0041/0.7051	12.peo=0.0001/0.7051	13p.prep=0.0004/0.0000	13p.seeds=8.0000/0.0000	13p.rounds=12.0000/0.0000	13p.ledger=31507.0000/0.0000	13p.recon=0.0004/0.0006	13p.mcs=0.0003/0.0000	13.alt=0.0015/0.7051	14.transplant=0.0003/0.7051	15.minl=0.0005/0.7051	15.peel=0.0000/0.7051	16.late=0.0240/0.7051	17.final=0.0036/0.7051	18.simp=0.0001/0.7051	19.five=0.0003/0.7051	20.lt1k=0.0161/0.7051	21.comp=0.0003/0.7051	22.win=0.0037/0.7051	final=0.7051
COUNTS	genpooling_lee2	221	1048	19895	14028
LADGATE	2807	50000	0.663	1
PHASES	popdynm25	0.7052	1.portfolio=0.2200/0.8331	1b.indep=0.0153/0.8331	2.descent=0.0042/0.8230	3.search=0.0595/0.8230	4.subtree=0.1551/0.8094	4b.indep-accept=0.0002/0.8094	5.terminal=0.0028/0.8094	6.extra=0.0025/0.8094	7.telos=0.0002/0.8094	8.cleanup=0.0188/0.7986	9.reduce=0.0874/0.7986	10.completion=0.0082/0.7986	11.corecand=0.0001/0.7986	12.peo=0.0017/0.7986	13p.prep=0.0049/0.0000	13p.seeds=8.0000/0.0000	13p.rounds=15.0000/0.0000	13p.ledger=594087.0000/0.0000	13p.recon=0.0070/0.0000	13p.mcs=0.0039/0.0000	13.alt=0.0210/0.7986	14.transplant=0.0063/0.7979	15.minl=0.0109/0.7979	15.peel=0.0001/0.7979	16.late=0.0001/0.7979	17.final=0.0201/0.7970	18.simp=0.0037/0.7969	19.five=0.0054/0.7969	20.lt1k=0.0001/0.7969	21.comp=0.0001/0.7969	22.win=0.0122/0.7966	final=0.7966
COUNTS	popdynm25	2807	13904	360081	286846
LADGATE	5211	50000	0.776	1
PHASES	chp_partload	0.8449	1.portfolio=0.2444/0.8105	1b.indep=0.0256/0.8105	2.descent=0.0099/0.8082	3.search=0.0890/0.8080	4.subtree=0.1626/0.7839	4b.indep-accept=0.0003/0.7839	5.terminal=0.0028/0.7839	6.extra=0.0025/0.7839	7.telos=0.0002/0.7839	8.cleanup=0.0202/0.7800	9.reduce=0.1285/0.7423	10.completion=0.0108/0.7423	11.corecand=0.0002/0.7423	12.peo=0.0025/0.7423	13p.prep=0.0000/0.0000	13p.seeds=0.0000/0.0000	13p.rounds=0.0000/0.0000	13p.ledger=0.0000/0.0000	13p.recon=0.0000/0.0000	13p.mcs=0.0000/0.0000	13.alt=0.0002/0.7423	14.transplant=0.0148/0.7407	15.minl=0.0150/0.7407	15.peel=0.0002/0.7407	16.late=0.0002/0.7407	17.final=0.0281/0.7389	18.simp=0.0028/0.7389	19.five=0.0099/0.7370	20.lt1k=0.0003/0.7370	21.comp=0.0002/0.7370	22.win=0.0069/0.7360	final=0.7353
COUNTS	chp_partload	5211	16740	509170	374408
LADGATE	560	50000	0.281	1
PHASES	qspp_0_14_0_1_10_1	0.2851	1.portfolio=0.0924/0.9950	1b.indep=0.0136/0.9950	2.descent=0.0005/0.9950	3.search=0.0005/0.9950	4.subtree=0.0045/0.9950	4b.indep-accept=0.0005/0.9950	5.terminal=0.0045/0.9950	6.extra=0.0005/0.9950	7.telos=0.0005/0.9950	8.cleanup=0.0005/0.9950	9.reduce=0.0164/0.9950	10.completion=0.0066/0.9950	11.corecand=0.0005/0.9950	12.peo=0.0040/0.9950	13p.prep=0.0233/0.0000	13p.seeds=8.0000/0.0000	13p.rounds=21.0000/0.0000	13p.ledger=3950119.0000/0.0000	13p.recon=0.0114/0.0000	13p.mcs=0.0156/0.0000	13.alt=0.0783/0.9950	14.transplant=0.0015/0.9950	15.minl=0.0071/0.9950	15.peel=0.0005/0.9950	16.late=0.0005/0.9950	17.final=0.0046/0.9950	18.simp=0.0005/0.9950	19.five=0.0005/0.9950	20.lt1k=0.0053/0.9950	21.comp=0.0005/0.9950	22.win=0.0177/0.9950	final=0.9950
COUNTS	qspp_0_14_0_1_10_1	560	120274	16119226	16038266
LADGATE	24	50000	0.144	1
PHASES	st_glmp_ss1	0.1600	1.portfolio=0.0019/1.0000	1b.indep=0.0000/1.0000	2.descent=0.0000/1.0000	3.search=0.1088/1.0000	4.subtree=0.0008/1.0000	4b.indep-accept=0.0000/1.0000	5.terminal=0.0017/1.0000	6.extra=0.0000/1.0000	7.telos=0.0000/1.0000	8.cleanup=0.0000/1.0000	9.reduce=0.0000/1.0000	10.completion=0.0000/1.0000	11.corecand=0.0004/1.0000	12.peo=0.0000/1.0000	13p.prep=0.0000/0.0000	13p.seeds=6.0000/0.0000	13p.rounds=10.0000/0.0000	13p.ledger=1569.0000/0.0000	13p.recon=0.0000/0.0625	13p.mcs=0.0000/0.0000	13.alt=0.0001/1.0000	14.transplant=0.0000/1.0000	15.minl=0.0000/1.0000	15.peel=0.0000/1.0000	16.late=0.0249/1.0000	17.final=0.0034/1.0000	18.simp=0.0000/1.0000	19.five=0.0000/1.0000	20.lt1k=0.0012/1.0000	21.comp=0.0000/1.0000	22.win=0.0005/1.0000	final=1.0000
COUNTS	st_glmp_ss1	24	66	160	160
LADGATE	2508	50000	0.467	1
PHASES	torsion50	0.4977	1.portfolio=0.1896/0.6777	1b.indep=0.0128/0.6777	2.descent=0.0047/0.6777	3.search=0.0473/0.6777	4.subtree=0.0228/0.6772	4b.indep-accept=0.0002/0.6669	5.terminal=0.0023/0.6666	6.extra=0.0019/0.6666	7.telos=0.0002/0.6666	8.cleanup=0.0198/0.6654	9.reduce=0.0501/0.6654	10.completion=0.0139/0.6654	11.corecand=0.0002/0.6654	12.peo=0.0020/0.6654	13p.prep=0.0040/0.0000	13p.seeds=8.0000/0.0000	13p.rounds=10.0000/0.0000	13p.ledger=767707.0000/0.0000	13p.recon=0.0060/0.0000	13p.mcs=0.0048/0.0000	13.alt=0.0197/0.6654	14.transplant=0.0071/0.6649	15.minl=0.0183/0.6649	15.peel=0.0002/0.6649	16.late=0.0002/0.6649	17.final=0.0204/0.6620	18.simp=0.0046/0.6620	19.five=0.0113/0.6619	20.lt1k=0.0002/0.6619	21.comp=0.0002/0.6619	22.win=0.0119/0.6618	final=0.6618
COUNTS	torsion50	2508	29808	1691033	1119177
LADGATE	40	50000	0.185	1
PHASES	st_rv2	0.2622	1.portfolio=0.0052/1.0000	1b.indep=0.0003/1.0000	2.descent=0.0000/1.0000	3.search=0.1380/1.0000	4.subtree=0.0008/1.0000	4b.indep-accept=0.0000/1.0000	5.terminal=0.0017/1.0000	6.extra=0.0000/1.0000	7.telos=0.0000/1.0000	8.cleanup=0.0000/1.0000	9.reduce=0.0000/1.0000	10.completion=0.0001/1.0000	11.corecand=0.0005/1.0000	12.peo=0.0000/1.0000	13p.prep=0.0001/0.0000	13p.seeds=8.0000/0.0000	13p.rounds=14.0000/0.0000	13p.ledger=8936.0000/0.0000	13p.recon=0.0001/0.0068	13p.mcs=0.0001/0.0000	13.alt=0.0003/1.0000	14.transplant=0.0000/1.0000	15.minl=0.0000/1.0000	15.peel=0.0000/1.0000	16.late=0.0309/1.0000	17.final=0.0031/1.0000	18.simp=0.0000/1.0000	19.five=0.0001/1.0000	20.lt1k=0.0021/1.0000	21.comp=0.0000/1.0000	22.win=0.0007/1.0000	final=1.0000
COUNTS	st_rv2	40	340	2045	2045
LADGATE	6885	50000	0.224	1
PHASES	emfl100_3_3	0.2461	1.portfolio=0.1364/1.0000	1b.indep=0.0157/1.0000	2.descent=0.0083/1.0000	3.search=0.0002/1.0000	4.subtree=0.0011/1.0000	4b.indep-accept=0.0001/1.0000	5.terminal=0.0011/1.0000	6.extra=0.0001/1.0000	7.telos=0.0001/1.0000	8.cleanup=0.0083/1.0000	9.reduce=0.0149/1.0000	10.completion=0.0021/1.0000	11.corecand=0.0001/1.0000	12.peo=0.0017/1.0000	13p.prep=0.0000/0.0000	13p.seeds=0.0000/0.0000	13p.rounds=0.0000/0.0000	13p.ledger=0.0000/0.0000	13p.recon=0.0000/0.0000	13p.mcs=0.0000/0.0000	13.alt=0.0001/1.0000	14.transplant=0.0003/1.0000	15.minl=0.0023/1.0000	15.peel=0.0001/1.0000	16.late=0.0001/1.0000	17.final=0.0009/1.0000	18.simp=0.0001/1.0000	19.five=0.0089/1.0000	20.lt1k=0.0001/1.0000	21.comp=0.0001/1.0000	22.win=0.0085/1.0000	final=1.0000
COUNTS	emfl100_3_3	6885	15948	55506	55506
PHASES	pedigree_sim400	0.0001	final=0.9997
COUNTS	pedigree_sim400	351	23546	1183471	1183168
PHASES	polygon75	0.0002	final=1.0000
COUNTS	polygon75	5846	49652	1171822	1171822
PHASES	gabriel10	1.0116	1.portfolio=0.3768/0.9480	1b.indep=0.1514/0.9285	2.descent=0.0106/0.9285	3.search=0.0106/0.9285	4.subtree=0.0106/0.9285	4b.indep-accept=0.0105/0.9285	5.terminal=0.0106/0.9285	6.extra=0.0106/0.9285	7.telos=0.0106/0.9285	8.cleanup=0.0106/0.9285	9.reduce=0.1222/0.9285	10.completion=0.0106/0.9285	11.corecand=0.0105/0.9285	12.peo=0.0520/0.9285	13p.prep=0.0000/0.0000	13p.seeds=0.0000/0.0000	13p.rounds=0.0000/0.0000	13p.ledger=0.0000/0.0000	13p.recon=0.0000/0.0000	13p.mcs=0.0000/0.0000	13.alt=0.0106/0.9285	14.transplant=0.0106/0.9285	15.minl=0.0212/0.9285	15.peel=0.0106/0.9285	16.late=0.0110/0.9285	17.final=0.0106/0.9285	18.simp=0.0106/0.9285	19.five=0.0109/0.9285	20.lt1k=0.0105/0.9285	21.comp=0.0108/0.9285	22.win=0.0106/0.9285	final=0.9285
COUNTS	gabriel10	244056	1148210	1365442310	1267760679
LADGATE	1049	50000	0.303	1
PHASES	fo9_ar25_1	0.3445	1.portfolio=0.0940/0.9182	1b.indep=0.0044/0.9182	2.descent=0.0004/0.9177	3.search=0.0796/0.9177	4.subtree=0.0010/0.9177	4b.indep-accept=0.0000/0.9177	5.terminal=0.0020/0.9177	6.extra=0.0018/0.9177	7.telos=0.0000/0.9177	8.cleanup=0.0010/0.9177	9.reduce=0.0682/0.9177	10.completion=0.0008/0.9177	11.corecand=0.0000/0.9177	12.peo=0.0004/0.9177	13p.prep=0.0014/0.0000	13p.seeds=8.0000/0.0000	13p.rounds=13.0000/0.0000	13p.ledger=132006.0000/0.0000	13p.recon=0.0014/0.0003	13p.mcs=0.0008/0.0000	13.alt=0.0048/0.9177	14.transplant=0.0013/0.9177	15.minl=0.0018/0.9177	15.peel=0.0000/0.9177	16.late=0.0165/0.9177	17.final=0.0020/0.9177	18.simp=0.0004/0.9177	19.five=0.0006/0.9177	20.lt1k=0.0000/0.9177	21.comp=0.0000/0.9177	22.win=0.0094/0.9177	final=0.9177
COUNTS	fo9_ar25_1	1049	4336	41668	38237
LADGATE	1159	50000	0.347	1
PHASES	rsyn0840m	0.3591	1.portfolio=0.0737/0.9519	1b.indep=0.0036/0.9519	2.descent=0.0005/0.9519	3.search=0.0904/0.9497	4.subtree=0.0151/0.9483	4b.indep-accept=0.0000/0.9483	5.terminal=0.0015/0.9483	6.extra=0.0019/0.9483	7.telos=0.0000/0.9483	8.cleanup=0.0014/0.9483	9.reduce=0.0882/0.9483	10.completion=0.0006/0.9412	11.corecand=0.0000/0.9412	12.peo=0.0004/0.9412	13p.prep=0.0038/0.0000	13p.seeds=8.0000/0.0000	13p.rounds=31.0000/0.0000	13p.ledger=237626.0000/0.0000	13p.recon=0.0034/0.0027	13p.mcs=0.0017/0.0000	13.alt=0.0124/0.9412	14.transplant=0.0018/0.9412	15.minl=0.0023/0.9412	15.peel=0.0000/0.9412	16.late=0.0197/0.9412	17.final=0.0044/0.9412	18.simp=0.0004/0.9412	19.five=0.0017/0.9404	20.lt1k=0.0000/0.9404	21.comp=0.0000/0.9404	22.win=0.0125/0.9404	final=0.9404
COUNTS	rsyn0840m	1159	3168	11274	10602
LADGATE	548	50000	0.412	1
PHASES	gancns	0.4664	1.portfolio=0.1052/0.8567	1b.indep=0.0047/0.8567	2.descent=0.0003/0.8567	3.search=0.0987/0.8567	4.subtree=0.0186/0.8525	4b.indep-accept=0.0000/0.8525	5.terminal=0.0015/0.8525	6.extra=0.0021/0.8525	7.telos=0.0000/0.8525	8.cleanup=0.0017/0.8502	9.reduce=0.0584/0.8502	10.completion=0.0014/0.8502	11.corecand=0.0110/0.8502	12.peo=0.0004/0.8502	13p.prep=0.0011/0.0000	13p.seeds=8.0000/0.0000	13p.rounds=12.0000/0.0000	13p.ledger=88904.0000/0.0000	13p.recon=0.0012/0.0002	13p.mcs=0.0009/0.0000	13.alt=0.0043/0.8502	14.transplant=0.0010/0.8502	15.minl=0.0018/0.8502	15.peel=0.0000/0.8502	16.late=0.0219/0.8502	17.final=0.0049/0.8502	18.simp=0.0003/0.8502	19.five=0.0012/0.8502	20.lt1k=0.0439/0.8502	21.comp=0.0015/0.8502	22.win=0.0123/0.8502	final=0.8502
COUNTS	gancns	548	2800	69234	58861
LADGATE	1049	50000	0.296	1
PHASES	o9_ar4_1	0.3385	1.portfolio=0.0926/0.9182	1b.indep=0.0048/0.9182	2.descent=0.0004/0.9177	3.search=0.0722/0.9177	4.subtree=0.0009/0.9177	4b.indep-accept=0.0000/0.9177	5.terminal=0.0020/0.9177	6.extra=0.0019/0.9177	7.telos=0.0000/0.9177	8.cleanup=0.0009/0.9177	9.reduce=0.0681/0.9177	10.completion=0.0008/0.9177	11.corecand=0.0000/0.9177	12.peo=0.0004/0.9177	13p.prep=0.0014/0.0000	13p.seeds=8.0000/0.0000	13p.rounds=13.0000/0.0000	13p.ledger=132006.0000/0.0000	13p.recon=0.0014/0.0003	13p.mcs=0.0008/0.0000	13.alt=0.0048/0.9177	14.transplant=0.0013/0.9177	15.minl=0.0018/0.9177	15.peel=0.0000/0.9177	16.late=0.0185/0.9177	17.final=0.0021/0.9177	18.simp=0.0003/0.9177	19.five=0.0006/0.9177	20.lt1k=0.0000/0.9177	21.comp=0.0000/0.9177	22.win=0.0092/0.9177	final=0.9177
COUNTS	o9_ar4_1	1049	4336	41668	38237
LADGATE	123	50000	0.274	1
PHASES	ex1265a	0.3605	1.portfolio=0.0100/0.9547	1b.indep=0.0007/0.9547	2.descent=0.0000/0.9547	3.search=0.1446/0.9498	4.subtree=0.0026/0.9498	4b.indep-accept=0.0000/0.9498	5.terminal=0.0029/0.9498	6.extra=0.0022/0.9498	7.telos=0.0000/0.9498	8.cleanup=0.0001/0.9498	9.reduce=0.0566/0.9498	10.completion=0.0001/0.9498	11.corecand=0.0020/0.9498	12.peo=0.0001/0.9498	13p.prep=0.0002/0.0000	13p.seeds=8.0000/0.0000	13p.rounds=15.0000/0.0000	13p.ledger=19166.0000/0.0000	13p.recon=0.0003/0.0038	13p.mcs=0.0002/0.0000	13.alt=0.0009/0.9498	14.transplant=0.0001/0.9498	15.minl=0.0001/0.9498	15.peel=0.0000/0.9498	16.late=0.0320/0.9498	17.final=0.0038/0.9498	18.simp=0.0000/0.9498	19.five=0.0001/0.9498	20.lt1k=0.0079/0.9498	21.comp=0.0001/0.9498	22.win=0.0028/0.9498	final=0.9498
COUNTS	ex1265a	123	560	3948	3750
LADGATE	28	50000	0.175	1
PHASES	ex9_2_6	0.1936	1.portfolio=0.0023/1.0000	1b.indep=0.0000/1.0000	2.descent=0.0000/1.0000	3.search=0.1381/1.0000	4.subtree=0.0009/1.0000	4b.indep-accept=0.0000/1.0000	5.terminal=0.0000/1.0000	6.extra=0.0000/1.0000	7.telos=0.0000/1.0000	8.cleanup=0.0000/1.0000	9.reduce=0.0000/1.0000	10.completion=0.0000/1.0000	11.corecand=0.0005/1.0000	12.peo=0.0000/1.0000	13p.prep=0.0000/0.0000	13p.seeds=7.0000/0.0000	13p.rounds=14.0000/0.0000	13p.ledger=2364.0000/0.0000	13p.recon=0.0000/0.0737	13p.mcs=0.0000/0.0000	13.alt=0.0001/1.0000	14.transplant=0.0000/1.0000	15.minl=0.0000/1.0000	15.peel=0.0000/1.0000	16.late=0.0298/1.0000	17.final=0.0009/1.0000	18.simp=0.0000/1.0000	19.five=0.0000/1.0000	20.lt1k=0.0018/1.0000	21.comp=0.0000/1.0000	22.win=0.0004/1.0000	final=1.0000
COUNTS	ex9_2_6	28	68	190	190
LADGATE	481	50000	0.228	1
PHASES	qspp_0_13_0_1_10_1	0.2316	1.portfolio=0.0791/0.9948	1b.indep=0.0082/0.9948	2.descent=0.0004/0.9948	3.search=0.0004/0.9948	4.subtree=0.0037/0.9948	4b.indep-accept=0.0004/0.9948	5.terminal=0.0037/0.9948	6.extra=0.0033/0.9948	7.telos=0.0004/0.9948	8.cleanup=0.0004/0.9948	9.reduce=0.0124/0.9948	10.completion=0.0061/0.9948	11.corecand=0.0004/0.9948	12.peo=0.0031/0.9948	13p.prep=0.0147/0.0000	13p.seeds=8.0000/0.0000	13p.rounds=18.0000/0.0000	13p.ledger=2493830.0000/0.0000	13p.recon=0.0079/0.0000	13p.mcs=0.0107/0.0000	13.alt=0.0504/0.9948	14.transplant=0.0038/0.9948	15.minl=0.0079/0.9948	15.peel=0.0004/0.9948	16.late=0.0003/0.9948	17.final=0.0039/0.9948	18.simp=0.0004/0.9948	19.five=0.0003/0.9948	20.lt1k=0.0042/0.9948	21.comp=0.0003/0.9948	22.win=0.0168/0.9948	final=0.9948
COUNTS	qspp_0_13_0_1_10_1	481	88522	10150185	10097446
LADGATE	146	50000	0.232	1
PHASES	slay04m	0.2492	1.portfolio=0.0103/1.0000	1b.indep=0.0005/1.0000	2.descent=0.0000/1.0000	3.search=0.1210/1.0000	4.subtree=0.0012/1.0000	4b.indep-accept=0.0000/1.0000	5.terminal=0.0020/1.0000	6.extra=0.0000/1.0000	7.telos=0.0000/1.0000	8.cleanup=0.0001/1.0000	9.reduce=0.0514/1.0000	10.completion=0.0001/1.0000	11.corecand=0.0024/1.0000	12.peo=0.0001/1.0000	13p.prep=0.0001/0.0000	13p.seeds=8.0000/0.0000	13p.rounds=8.0000/0.0000	13p.ledger=8356.0000/0.0000	13p.recon=0.0001/0.0051	13p.mcs=0.0001/0.0000	13.alt=0.0004/1.0000	14.transplant=0.0000/1.0000	15.minl=0.0001/1.0000	15.peel=0.0000/1.0000	16.late=0.0272/1.0000	17.final=0.0042/1.0000	18.simp=0.0000/1.0000	19.five=0.0001/1.0000	20.lt1k=0.0096/1.0000	21.comp=0.0001/1.0000	22.win=0.0006/1.0000	final=1.0000
COUNTS	slay04m	146	432	1554	1554
PHASES	st_e25	0.0000	final=0.7798
COUNTS	st_e25	20	92	336	262
LADGATE	32	50000	0.183	1
PHASES	ex8_4_1	0.2598	1.portfolio=0.0025/1.0000	1b.indep=0.0004/1.0000	2.descent=0.0000/1.0000	3.search=0.1384/1.0000	4.subtree=0.0009/1.0000	4b.indep-accept=0.0000/1.0000	5.terminal=0.0026/1.0000	6.extra=0.0000/1.0000	7.telos=0.0000/1.0000	8.cleanup=0.0000/1.0000	9.reduce=0.0000/1.0000	10.completion=0.0000/1.0000	11.corecand=0.0005/1.0000	12.peo=0.0000/1.0000	13p.prep=0.0000/0.0000	13p.seeds=4.0000/0.0000	13p.rounds=6.0000/0.0000	13p.ledger=1305.0000/0.0000	13p.recon=0.0000/0.0267	13p.mcs=0.0000/0.0000	13.alt=0.0001/1.0000	14.transplant=0.0000/1.0000	15.minl=0.0000/1.0000	15.peel=0.0000/1.0000	16.late=0.0310/1.0000	17.final=0.0039/1.0000	18.simp=0.0000/1.0000	19.five=0.0000/1.0000	20.lt1k=0.0017/1.0000	21.comp=0.0000/1.0000	22.win=0.0002/1.0000	final=1.0000
COUNTS	ex8_4_1	32	100	225	225
LADGATE	19	50000	0.164	1
PHASES	st_e07	0.2375	1.portfolio=0.0020/1.0000	1b.indep=0.0000/1.0000	2.descent=0.0000/1.0000	3.search=0.1293/1.0000	4.subtree=0.0000/1.0000	4b.indep-accept=0.0000/1.0000	5.terminal=0.0000/1.0000	6.extra=0.0000/1.0000	7.telos=0.0000/1.0000	8.cleanup=0.0000/1.0000	9.reduce=0.0000/1.0000	10.completion=0.0000/1.0000	11.corecand=0.0003/1.0000	12.peo=0.0000/1.0000	13p.prep=0.0000/0.0000	13p.seeds=8.0000/0.0000	13p.rounds=12.0000/0.0000	13p.ledger=1677.0000/0.0000	13p.recon=0.0000/0.0603	13p.mcs=0.0000/0.0000	13.alt=0.0001/1.0000	14.transplant=0.0000/1.0000	15.minl=0.0000/1.0000	15.peel=0.0000/1.0000	16.late=0.0299/1.0000	17.final=0.0000/1.0000	18.simp=0.0000/1.0000	19.five=0.0000/1.0000	20.lt1k=0.0011/1.0000	21.comp=0.0000/1.0000	22.win=0.0005/1.0000	final=1.0000
COUNTS	st_e07	19	60	199	199
LADGATE	26	50000	0.166	1
PHASES	ex1225	0.1833	1.portfolio=0.0022/0.9415	1b.indep=0.0000/0.9415	2.descent=0.0000/0.9415	3.search=0.1219/0.9415	4.subtree=0.0026/0.9415	4b.indep-accept=0.0000/0.9415	5.terminal=0.0029/0.9415	6.extra=0.0022/0.9415	7.telos=0.0000/0.9415	8.cleanup=0.0000/0.9415	9.reduce=0.0000/0.9415	10.completion=0.0000/0.9415	11.corecand=0.0004/0.9415	12.peo=0.0000/0.9415	13p.prep=0.0000/0.0000	13p.seeds=8.0000/0.0000	13p.rounds=17.0000/0.0000	13p.ledger=2652.0000/0.0000	13p.recon=0.0000/0.0994	13p.mcs=0.0000/0.0000	13.alt=0.0002/0.9415	14.transplant=0.0000/0.9415	15.minl=0.0000/0.9415	15.peel=0.0000/0.9415	16.late=0.0278/0.9415	17.final=0.0037/0.9415	18.simp=0.0000/0.9415	19.five=0.0000/0.9415	20.lt1k=0.0014/0.9415	21.comp=0.0000/0.9415	22.win=0.0003/0.9415	final=0.9415
COUNTS	ex1225	26	66	171	161
LADGATE	969	50000	0.531	1
PHASES	ndcc13	0.5672	1.portfolio=0.1633/0.7060	1b.indep=0.0044/0.6255	2.descent=0.0006/0.6255	3.search=0.0733/0.6183	4.subtree=0.0110/0.6183	4b.indep-accept=0.0000/0.6183	5.terminal=0.0032/0.6183	6.extra=0.0031/0.6183	7.telos=0.0000/0.6183	8.cleanup=0.0013/0.6183	9.reduce=0.0347/0.6183	10.completion=0.0043/0.6183	11.corecand=0.0326/0.6183	12.peo=0.0006/0.6183	13p.prep=0.0014/0.0000	13p.seeds=8.0000/0.0000	13p.rounds=12.0000/0.0000	13p.ledger=244062.0000/0.0000	13p.recon=0.0025/0.0000	13p.mcs=0.0019/0.0000	13.alt=0.0073/0.6183	14.transplant=0.0018/0.6183	15.minl=0.0038/0.6183	15.peel=0.0000/0.6183	16.late=0.0134/0.6183	17.final=0.0082/0.6183	18.simp=0.0006/0.6183	19.five=0.0019/0.6183	20.lt1k=0.1293/0.6183	21.comp=0.0041/0.6183	22.win=0.0122/0.6183	final=0.6183
COUNTS	ndcc13	969	5882	525212	324727
LADGATE	1224	50000	0.292	1
PHASES	syn10m04m	0.3046	1.portfolio=0.0784/1.0000	1b.indep=0.0034/1.0000	2.descent=0.0005/1.0000	3.search=0.0617/1.0000	4.subtree=0.0137/0.9979	4b.indep-accept=0.0000/0.9979	5.terminal=0.0018/0.9979	6.extra=0.0017/0.9979	7.telos=0.0000/0.9979	8.cleanup=0.0013/0.9979	9.reduce=0.0714/0.9979	10.completion=0.0005/0.9979	11.corecand=0.0000/0.9979	12.peo=0.0004/0.9979	13p.prep=0.0009/0.0000	13p.seeds=8.0000/0.0000	13p.rounds=8.0000/0.0000	13p.ledger=66038.0000/0.0000	13p.recon=0.0009/0.0006	13p.mcs=0.0004/0.0000	13.alt=0.0032/0.9979	14.transplant=0.0015/0.9979	15.minl=0.0020/0.9979	15.peel=0.0000/0.9979	16.late=0.0199/0.9979	17.final=0.0041/0.9979	18.simp=0.0004/0.9979	19.five=0.0008/0.9979	20.lt1k=0.0000/0.9979	21.comp=0.0000/0.9979	22.win=0.0119/0.9979	final=0.9979
COUNTS	syn10m04m	1224	3384	13501	13473
LADGATE	18	50000	0.157	1
PHASES	ex5_2_4	0.2332	1.portfolio=0.0020/0.9461	1b.indep=0.0000/0.9461	2.descent=0.0000/0.9461	3.search=0.1226/0.9461	4.subtree=0.0000/0.9461	4b.indep-accept=0.0000/0.9461	5.terminal=0.0000/0.9461	6.extra=0.0000/0.9461	7.telos=0.0000/0.9461	8.cleanup=0.0000/0.9461	9.reduce=0.0000/0.9461	10.completion=0.0000/0.9461	11.corecand=0.0002/0.9461	12.peo=0.0000/0.9461	13p.prep=0.0000/0.0000	13p.seeds=8.0000/0.0000	13p.rounds=10.0000/0.0000	13p.ledger=1368.0000/0.0000	13p.recon=0.0000/0.0490	13p.mcs=0.0000/0.0000	13.alt=0.0001/0.9461	14.transplant=0.0000/0.9461	15.minl=0.0000/0.9461	15.peel=0.0000/0.9461	16.late=0.0298/0.9461	17.final=0.0000/0.9461	18.simp=0.0000/0.9461	19.five=0.0000/0.9461	20.lt1k=0.0009/0.9461	21.comp=0.0000/0.9461	22.win=0.0005/0.9461	final=0.9461
COUNTS	ex5_2_4	18	62	204	193
LADGATE	72	50000	0.242	1
PHASES	st_m2	0.3075	1.portfolio=0.0130/1.0000	1b.indep=0.0007/1.0000	2.descent=0.0000/1.0000	3.search=0.1388/1.0000	4.subtree=0.0013/1.0000	4b.indep-accept=0.0000/1.0000	5.terminal=0.0019/1.0000	6.extra=0.0000/1.0000	7.telos=0.0000/1.0000	8.cleanup=0.0001/1.0000	9.reduce=0.0446/1.0000	10.completion=0.0001/1.0000	11.corecand=0.0013/1.0000	12.peo=0.0001/1.0000	13p.prep=0.0002/0.0000	13p.seeds=8.0000/0.0000	13p.rounds=15.0000/0.0000	13p.ledger=33451.0000/0.0000	13p.recon=0.0002/0.0009	13p.mcs=0.0003/0.0000	13.alt=0.0009/1.0000	14.transplant=0.0000/1.0000	15.minl=0.0001/1.0000	15.peel=0.0000/1.0000	16.late=0.0258/1.0000	17.final=0.0035/1.0000	18.simp=0.0000/1.0000	19.five=0.0001/1.0000	20.lt1k=0.0052/1.0000	21.comp=0.0001/1.0000	22.win=0.0019/1.0000	final=1.0000
COUNTS	st_m2	72	1226	16331	16331
LADGATE	16	50000	0.143	1
PHASES	st_bpk1	0.1588	1.portfolio=0.0016/0.9391	1b.indep=0.0000/0.9391	2.descent=0.0000/0.9391	3.search=0.1141/0.9391	4.subtree=0.0000/0.9391	4b.indep-accept=0.0000/0.9391	5.terminal=0.0000/0.9391	6.extra=0.0000/0.9391	7.telos=0.0000/0.9391	8.cleanup=0.0000/0.9391	9.reduce=0.0000/0.9391	10.completion=0.0000/0.9391	11.corecand=0.0002/0.9391	12.peo=0.0000/0.9391	13p.prep=0.0000/0.0000	13p.seeds=8.0000/0.0000	13p.rounds=13.0000/0.0000	13p.ledger=1345.0000/0.0000	13p.recon=0.0000/0.1130	13p.mcs=0.0000/0.0000	13.alt=0.0001/0.9391	14.transplant=0.0000/0.9391	15.minl=0.0000/0.9391	15.peel=0.0000/0.9391	16.late=0.0257/0.9391	17.final=0.0000/0.9391	18.simp=0.0000/0.9391	19.five=0.0000/0.9391	20.lt1k=0.0006/0.9391	21.comp=0.0000/0.9391	22.win=0.0002/0.9391	final=0.9391
COUNTS	st_bpk1	16	44	115	108
LADGATE	736	50000	0.546	1
PHASES	multiplants_stg1	0.5917	1.portfolio=0.2117/0.8633	1b.indep=0.0077/0.8633	2.descent=0.0004/0.8633	3.search=0.0764/0.8529	4.subtree=0.0336/0.8080	4b.indep-accept=0.0000/0.8080	5.terminal=0.0015/0.8080	6.extra=0.0023/0.8052	7.telos=0.0000/0.8052	8.cleanup=0.0021/0.7966	9.reduce=0.0485/0.7966	10.completion=0.0034/0.7966	11.corecand=0.0166/0.7966	12.peo=0.0005/0.7966	13p.prep=0.0013/0.0000	13p.seeds=8.0000/0.0000	13p.rounds=13.0000/0.0000	13p.ledger=150435.0000/0.0000	13p.recon=0.0017/0.0001	13p.mcs=0.0013/0.0000	13.alt=0.0056/0.7966	14.transplant=0.0015/0.7957	15.minl=0.0032/0.7957	15.peel=0.0000/0.7957	16.late=0.0168/0.7957	17.final=0.0124/0.7894	18.simp=0.0005/0.7888	19.five=0.0023/0.7860	20.lt1k=0.0655/0.7860	21.comp=0.0035/0.7860	22.win=0.0132/0.7853	final=0.7853
COUNTS	multiplants_stg1	736	3594	197998	155496
LADGATE	11251	50000	0.651	1
PHASES	powerflow0300p	0.7013	1.portfolio=0.1441/0.9924	1b.indep=0.0422/0.9924	2.descent=0.0174/0.9924	3.search=0.0005/0.9924	4.subtree=0.1450/0.9671	4b.indep-accept=0.0005/0.9671	5.terminal=0.0050/0.9671	6.extra=0.0005/0.9671	7.telos=0.0005/0.9671	8.cleanup=0.0284/0.9658	9.reduce=0.1506/0.9658	10.completion=0.0106/0.9651	11.corecand=0.0004/0.9651	12.peo=0.0046/0.9651	13p.prep=0.0000/0.0000	13p.seeds=0.0000/0.0000	13p.rounds=0.0000/0.0000	13p.ledger=0.0000/0.0000	13p.recon=0.0000/0.0000	13p.mcs=0.0000/0.0000	13.alt=0.0004/0.9651	14.transplant=0.0128/0.9643	15.minl=0.0204/0.9643	15.peel=0.0005/0.9643	16.late=0.0005/0.9643	17.final=0.0279/0.9638	18.simp=0.0005/0.9638	19.five=0.0144/0.9618	20.lt1k=0.0005/0.9618	21.comp=0.0005/0.9618	22.win=0.0191/0.9618	final=0.9599
COUNTS	powerflow0300p	11251	41918	304705	292481
LADGATE	33155	50000	0.508	1
PHASES	nd_netgen-3000-1-1-b-b-ns_7	0.5088	1.portfolio=0.1713/0.9676	1b.indep=0.0404/0.9676	2.descent=0.0009/0.9676	3.search=0.0009/0.9676	4.subtree=0.1151/0.9663	4b.indep-accept=0.0009/0.9663	5.terminal=0.0078/0.9663	6.extra=0.0010/0.9663	7.telos=0.0010/0.9663	8.cleanup=0.0010/0.9663	9.reduce=0.0314/0.9663	10.completion=0.0010/0.9663	11.corecand=0.0010/0.9663	12.peo=0.0109/0.9663	13p.prep=0.0290/0.0000	13p.seeds=8.0000/0.0000	13p.rounds=10.0000/0.0000	13p.ledger=902228.0000/0.0000	13p.recon=0.0109/0.0000	13p.mcs=0.0064/0.0000	13.alt=0.0596/0.9663	14.transplant=0.0137/0.9600	15.minl=0.0269/0.9600	15.peel=0.0010/0.9600	16.late=0.0010/0.9600	17.final=0.0265/0.9599	18.simp=0.0010/0.9599	19.five=0.0010/0.9599	20.lt1k=0.0010/0.9599	21.comp=0.0010/0.9599	22.win=0.0010/0.9599	final=0.9599
COUNTS	nd_netgen-3000-1-1-b-b-ns_7	33155	90000	922197	885186
LADGATE	803	50000	0.512	1
PHASES	sonet23v4	0.5534	1.portfolio=0.1159/0.6786	1b.indep=0.0071/0.6786	2.descent=0.0007/0.6786	3.search=0.0866/0.6786	4.subtree=0.0414/0.6753	4b.indep-accept=0.0000/0.6753	5.terminal=0.0022/0.6753	6.extra=0.0034/0.6753	7.telos=0.0001/0.6753	8.cleanup=0.0011/0.6753	9.reduce=0.0448/0.6753	10.completion=0.0018/0.6753	11.corecand=0.0273/0.6753	12.peo=0.0005/0.6753	13p.prep=0.0019/0.0000	13p.seeds=8.0000/0.0000	13p.rounds=17.0000/0.0000	13p.ledger=230623.0000/0.0000	13p.recon=0.0022/0.0001	13p.mcs=0.0015/0.0000	13.alt=0.0078/0.6753	14.transplant=0.0019/0.6753	15.minl=0.0031/0.6753	15.peel=0.0001/0.6753	16.late=0.0164/0.6753	17.final=0.0084/0.6753	18.simp=0.0004/0.6753	19.five=0.0014/0.6753	20.lt1k=0.1072/0.6753	21.comp=0.0017/0.6753	22.win=0.0145/0.6753	final=0.6753
COUNTS	sonet23v4	803	6462	139703	94348
LADGATE	1649	50000	0.448	1
PHASES	pooling_sppa0pq	0.4768	1.portfolio=0.1246/0.4042	1b.indep=0.0163/0.4042	2.descent=0.0033/0.3995	3.search=0.1012/0.3815	4.subtree=0.0190/0.3476	4b.indep-accept=0.0001/0.3476	5.terminal=0.0021/0.3476	6.extra=0.0022/0.3476	7.telos=0.0001/0.3476	8.cleanup=0.0104/0.3369	9.reduce=0.0492/0.3369	10.completion=0.0093/0.3368	11.corecand=0.0001/0.3368	12.peo=0.0027/0.3368	13p.prep=0.0070/0.0000	13p.seeds=8.0000/0.0000	13p.rounds=28.0000/0.0000	13p.ledger=1747866.0000/0.0000	13p.recon=0.0121/0.0000	13p.mcs=0.0109/0.0000	13.alt=0.0378/0.3368	14.transplant=0.0045/0.3318	15.minl=0.0144/0.3318	15.peel=0.0001/0.3318	16.late=0.0001/0.3318	17.final=0.0143/0.3311	18.simp=0.0025/0.3311	19.five=0.0030/0.3311	20.lt1k=0.0001/0.3311	21.comp=0.0001/0.3311	22.win=0.0176/0.3311	final=0.3297
COUNTS	pooling_sppa0pq	1649	24192	3745896	1234887
LADGATE	645	50000	0.545	1
PHASES	multiplants_mtg1b	0.5863	1.portfolio=0.2071/0.7745	1b.indep=0.0072/0.7745	2.descent=0.0005/0.7355	3.search=0.0876/0.7149	4.subtree=0.0177/0.6637	4b.indep-accept=0.0000/0.6637	5.terminal=0.0016/0.6637	6.extra=0.0025/0.6637	7.telos=0.0000/0.6637	8.cleanup=0.0016/0.6632	9.reduce=0.0455/0.6632	10.completion=0.0021/0.6632	11.corecand=0.0182/0.6630	12.peo=0.0005/0.6630	13p.prep=0.0045/0.0000	13p.seeds=8.0000/0.0000	13p.rounds=43.0000/0.0000	13p.ledger=536578.0000/0.0000	13p.recon=0.0061/0.0002	13p.mcs=0.0045/0.0000	13.alt=0.0192/0.6630	14.transplant=0.0015/0.6627	15.minl=0.0027/0.6627	15.peel=0.0000/0.6627	16.late=0.0162/0.6627	17.final=0.0042/0.6627	18.simp=0.0004/0.6627	19.five=0.0013/0.6627	20.lt1k=0.0727/0.6627	21.comp=0.0021/0.6627	22.win=0.0142/0.6627	final=0.6627
COUNTS	multiplants_mtg1b	645	4404	229415	152043
LADGATE	338	50000	0.258	1
PHASES	sssd18-08persp	0.3168	1.portfolio=0.0225/1.0000	1b.indep=0.0011/1.0000	2.descent=0.0001/1.0000	3.search=0.1008/1.0000	4.subtree=0.0028/1.0000	4b.indep-accept=0.0000/1.0000	5.terminal=0.0022/1.0000	6.extra=0.0000/1.0000	7.telos=0.0000/1.0000	8.cleanup=0.0002/1.0000	9.reduce=0.0606/1.0000	10.completion=0.0001/1.0000	11.corecand=0.0063/1.0000	12.peo=0.0001/1.0000	13p.prep=0.0003/0.0000	13p.seeds=8.0000/0.0000	13p.rounds=9.0000/0.0000	13p.ledger=23850.0000/0.0000	13p.recon=0.0003/0.0019	13p.mcs=0.0001/0.0000	13.alt=0.0010/1.0000	14.transplant=0.0000/1.0000	15.minl=0.0001/1.0000	15.peel=0.0000/1.0000	16.late=0.0221/1.0000	17.final=0.0049/1.0000	18.simp=0.0001/1.0000	19.five=0.0003/1.0000	20.lt1k=0.0249/1.0000	21.comp=0.0001/1.0000	22.win=0.0036/1.0000	final=1.0000
COUNTS	sssd18-08persp	338	1168	4654	4654
LADGATE	19	50000	0.159	1
PHASES	ex9_1_2	0.1771	1.portfolio=0.0020/0.9521	1b.indep=0.0000/0.9521	2.descent=0.0000/0.9521	3.search=0.1253/0.9521	4.subtree=0.0000/0.9521	4b.indep-accept=0.0000/0.9521	5.terminal=0.0000/0.9521	6.extra=0.0000/0.9521	7.telos=0.0000/0.9521	8.cleanup=0.0000/0.9521	9.reduce=0.0000/0.9521	10.completion=0.0000/0.9521	11.corecand=0.0003/0.9521	12.peo=0.0000/0.9521	13p.prep=0.0000/0.0000	13p.seeds=8.0000/0.0000	13p.rounds=13.0000/0.0000	13p.ledger=1718.0000/0.0000	13p.recon=0.0000/0.0691	13p.mcs=0.0000/0.0000	13.alt=0.0001/0.9521	14.transplant=0.0000/0.9521	15.minl=0.0000/0.9521	15.peel=0.0000/0.9521	16.late=0.0292/0.9521	17.final=0.0000/0.9521	18.simp=0.0000/0.9521	19.five=0.0000/0.9521	20.lt1k=0.0011/0.9521	21.comp=0.0000/0.9521	22.win=0.0004/0.9521	final=0.9521
COUNTS	ex9_1_2	19	54	188	179
LADGATE	3670	50000	0.772	1
PHASES	crudeoil_lee1_07	0.7915	1.portfolio=0.2886/0.8529	1b.indep=0.0357/0.8529	2.descent=0.0074/0.8442	3.search=0.0366/0.8429	4.subtree=0.1468/0.7985	4b.indep-accept=0.0002/0.7985	5.terminal=0.0030/0.7985	6.extra=0.0028/0.7982	7.telos=0.0002/0.7982	8.cleanup=0.0262/0.7871	9.reduce=0.0664/0.7871	10.completion=0.0123/0.7791	11.corecand=0.0002/0.7791	12.peo=0.0069/0.7744	13p.prep=0.0000/0.0000	13p.seeds=0.0000/0.0000	13p.rounds=0.0000/0.0000	13p.ledger=0.0000/0.0000	13p.recon=0.0000/0.0000	13p.mcs=0.0000/0.0000	13.alt=0.0002/0.7744	14.transplant=0.0106/0.7728	15.minl=0.0731/0.7670	15.peel=0.0002/0.7670	16.late=0.0002/0.7670	17.final=0.0270/0.7547	18.simp=0.0063/0.7545	19.five=0.0075/0.7529	20.lt1k=0.0002/0.7529	21.comp=0.0002/0.7529	22.win=0.0106/0.7493	final=0.7465
COUNTS	crudeoil_lee1_07	3670	19322	4746188	3542885
LADGATE	31	50000	0.175	1
PHASES	pooling_haverly1tp	0.2460	1.portfolio=0.0031/0.9527	1b.indep=0.0000/0.9527	2.descent=0.0000/0.9527	3.search=0.1285/0.9527	4.subtree=0.0026/0.9527	4b.indep-accept=0.0000/0.9527	5.terminal=0.0031/0.9527	6.extra=0.0020/0.9527	7.telos=0.0000/0.9527	8.cleanup=0.0000/0.9527	9.reduce=0.0000/0.9527	10.completion=0.0000/0.9527	11.corecand=0.0005/0.9527	12.peo=0.0000/0.9527	13p.prep=0.0000/0.0000	13p.seeds=8.0000/0.0000	13p.rounds=9.0000/0.0000	13p.ledger=2105.0000/0.0000	13p.recon=0.0000/0.0213	13p.mcs=0.0000/0.0000	13.alt=0.0001/0.9527	14.transplant=0.0000/0.9527	15.minl=0.0000/0.9527	15.peel=0.0000/0.9527	16.late=0.0284/0.9527	17.final=0.0039/0.9527	18.simp=0.0000/0.9527	19.five=0.0000/0.9527	20.lt1k=0.0017/0.9527	21.comp=0.0000/0.9527	22.win=0.0005/0.9527	final=0.9527
COUNTS	pooling_haverly1tp	31	96	423	403
LADGATE	230	50000	0.231	1
PHASES	waterund08	0.2882	1.portfolio=0.0299/0.8534	1b.indep=0.0012/0.8534	2.descent=0.0001/0.8534	3.search=0.0987/0.8534	4.subtree=0.0023/0.8534	4b.indep-accept=0.0000/0.8534	5.terminal=0.0021/0.8534	6.extra=0.0021/0.8534	7.telos=0.0000/0.8534	8.cleanup=0.0002/0.8534	9.reduce=0.0418/0.8534	10.completion=0.0003/0.8534	11.corecand=0.0037/0.8534	12.peo=0.0001/0.8534	13p.prep=0.0004/0.0000	13p.seeds=8.0000/0.0000	13p.rounds=14.0000/0.0000	13p.ledger=46168.0000/0.0000	13p.recon=0.0005/0.0004	13p.mcs=0.0005/0.0000	13.alt=0.0018/0.8534	14.transplant=0.0002/0.8534	15.minl=0.0004/0.8534	15.peel=0.0000/0.8534	16.late=0.0219/0.8534	17.final=0.0027/0.8534	18.simp=0.0001/0.8534	19.five=0.0003/0.8534	20.lt1k=0.0146/0.8534	21.comp=0.0003/0.8534	22.win=0.0026/0.8534	final=0.8534
COUNTS	waterund08	230	1290	35284	30110
LADGATE	76	50000	0.160	1
PHASES	kall_diffcircles_6	0.2232	1.portfolio=0.0060/1.0000	1b.indep=0.0005/1.0000	2.descent=0.0000/1.0000	3.search=0.1092/1.0000	4.subtree=0.0013/1.0000	4b.indep-accept=0.0000/1.0000	5.terminal=0.0019/1.0000	6.extra=0.0000/1.0000	7.telos=0.0000/1.0000	8.cleanup=0.0001/1.0000	9.reduce=0.0053/1.0000	10.completion=0.0000/1.0000	11.corecand=0.0009/1.0000	12.peo=0.0000/1.0000	13p.prep=0.0001/0.0000	13p.seeds=6.0000/0.0000	13p.rounds=10.0000/0.0000	13p.ledger=7425.0000/0.0000	13p.recon=0.0001/0.0066	13p.mcs=0.0001/0.0000	13.alt=0.0004/1.0000	14.transplant=0.0000/1.0000	15.minl=0.0000/1.0000	15.peel=0.0000/1.0000	16.late=0.0244/1.0000	17.final=0.0035/1.0000	18.simp=0.0000/1.0000	19.five=0.0001/1.0000	20.lt1k=0.0036/1.0000	21.comp=0.0000/1.0000	22.win=0.0011/1.0000	final=1.0000
COUNTS	kall_diffcircles_6	76	302	1511	1511
LADGATE	440	50000	0.448	1
PHASES	chimera_mgw-c8-439-onc8-001	0.5080	1.portfolio=0.1289/0.8219	1b.indep=0.0046/0.8219	2.descent=0.0004/0.8191	3.search=0.1055/0.7974	4.subtree=0.0116/0.7641	4b.indep-accept=0.0000/0.7641	5.terminal=0.0022/0.7641	6.extra=0.0021/0.7641	7.telos=0.0000/0.7641	8.cleanup=0.0015/0.7570	9.reduce=0.0530/0.7570	10.completion=0.0018/0.7570	11.corecand=0.0115/0.7561	12.peo=0.0004/0.7561	13p.prep=0.0010/0.0000	13p.seeds=8.0000/0.0000	13p.rounds=12.0000/0.0000	13p.ledger=105157.0000/0.0000	13p.recon=0.0014/0.0001	13p.mcs=0.0011/0.0000	13.alt=0.0047/0.7561	14.transplant=0.0011/0.7551	15.minl=0.0023/0.7551	15.peel=0.0000/0.7551	16.late=0.0256/0.7551	17.final=0.0038/0.7551	18.simp=0.0003/0.7551	19.five=0.0017/0.7522	20.lt1k=0.0462/0.7522	21.comp=0.0019/0.7522	22.win=0.0160/0.7522	final=0.7522
COUNTS	chimera_mgw-c8-439-onc8-001	440	3040	106479	80090
LADGATE	160	50000	0.291	1
PHASES	waterund11	0.3595	1.portfolio=0.0178/0.7998	1b.indep=0.0011/0.7998	2.descent=0.0001/0.7998	3.search=0.1536/0.7351	4.subtree=0.0049/0.7337	4b.indep-accept=0.0000/0.7337	5.terminal=0.0023/0.7337	6.extra=0.0020/0.7337	7.telos=0.0000/0.7337	8.cleanup=0.0004/0.7284	9.reduce=0.0497/0.7284	10.completion=0.0002/0.7284	11.corecand=0.0028/0.7284	12.peo=0.0001/0.7284	13p.prep=0.0003/0.0000	13p.seeds=8.0000/0.0000	13p.rounds=10.0000/0.0000	13p.ledger=20104.0000/0.0000	13p.recon=0.0003/0.0007	13p.mcs=0.0002/0.0000	13.alt=0.0010/0.7284	14.transplant=0.0002/0.7284	15.minl=0.0003/0.7284	15.peel=0.0000/0.7284	16.late=0.0299/0.7284	17.final=0.0063/0.7263	18.simp=0.0001/0.7263	19.five=0.0004/0.7261	20.lt1k=0.0102/0.7261	21.comp=0.0002/0.7261	22.win=0.0029/0.7224	final=0.7224
COUNTS	waterund11	160	828	14818	10705
LADGATE	16364	50000	0.625	1
PHASES	chp_shorttermplan2d	0.6255	1.portfolio=0.1891/0.5641	1b.indep=0.0478/0.5641	2.descent=0.0006/0.5641	3.search=0.0007/0.5641	4.subtree=0.1380/0.5607	4b.indep-accept=0.0006/0.5607	5.terminal=0.0056/0.5607	6.extra=0.0007/0.5607	7.telos=0.0006/0.5607	8.cleanup=0.0006/0.5607	9.reduce=0.0383/0.5607	10.completion=0.0181/0.5191	11.corecand=0.0006/0.5191	12.peo=0.0303/0.5180	13p.prep=0.0222/0.0000	13p.seeds=8.0000/0.0000	13p.rounds=14.0000/0.0000	13p.ledger=909907.0000/0.0000	13p.recon=0.0104/0.0000	13p.mcs=0.0066/0.0000	13.alt=0.0500/0.5180	14.transplant=0.0130/0.5154	15.minl=0.0690/0.5148	15.peel=0.0006/0.5148	16.late=0.0006/0.5148	17.final=0.0279/0.5147	18.simp=0.0006/0.5147	19.five=0.0006/0.5147	20.lt1k=0.0006/0.5147	21.comp=0.0006/0.5147	22.win=0.0006/0.5147	final=0.5147
COUNTS	chp_shorttermplan2d	16364	52108	4089003	2104724
LADGATE	156	50000	0.303	1
PHASES	sporttournament18	0.3827	1.portfolio=0.0232/0.7823	1b.indep=0.0010/0.7823	2.descent=0.0001/0.7823	3.search=0.1587/0.7823	4.subtree=0.0026/0.7823	4b.indep-accept=0.0000/0.7823	5.terminal=0.0018/0.7823	6.extra=0.0019/0.7823	7.telos=0.0000/0.7823	8.cleanup=0.0004/0.7811	9.reduce=0.0520/0.7811	10.completion=0.0004/0.7811	11.corecand=0.0029/0.7795	12.peo=0.0001/0.7795	13p.prep=0.0002/0.0000	13p.seeds=8.0000/0.0000	13p.rounds=8.0000/0.0000	13p.ledger=19218.0000/0.0000	13p.recon=0.0003/0.0005	13p.mcs=0.0002/0.0000	13.alt=0.0009/0.7795	14.transplant=0.0003/0.7795	15.minl=0.0005/0.7795	15.peel=0.0000/0.7795	16.late=0.0317/0.7777	17.final=0.0042/0.7777	18.simp=0.0001/0.7777	19.five=0.0003/0.7777	20.lt1k=0.0116/0.7754	21.comp=0.0004/0.7754	22.win=0.0034/0.7754	final=0.7753
COUNTS	sporttournament18	156	886	17568	13621
PHASES	cvxnonsep_psig30	0.0000	final=1.0000
COUNTS	cvxnonsep_psig30	30	870	9455	9455
LADGATE	6089	50000	0.383	1
PHASES	ringpack_20_2	0.4171	1.portfolio=0.2028/0.5327	1b.indep=0.0427/0.5327	2.descent=0.0003/0.5327	3.search=0.0003/0.5327	4.subtree=0.0067/0.5327	4b.indep-accept=0.0003/0.5327	5.terminal=0.0029/0.5327	6.extra=0.0026/0.5327	7.telos=0.0003/0.5327	8.cleanup=0.0003/0.5327	9.reduce=0.0538/0.3790	10.completion=0.0059/0.3790	11.corecand=0.0002/0.3790	12.peo=0.0025/0.3790	13p.prep=0.0000/0.0000	13p.seeds=0.0000/0.0000	13p.rounds=0.0000/0.0000	13p.ledger=0.0000/0.0000	13p.recon=0.0000/0.0000	13p.mcs=0.0000/0.0000	13.alt=0.0002/0.3790	14.transplant=0.0065/0.3790	15.minl=0.0068/0.3790	15.peel=0.0002/0.3790	16.late=0.0002/0.3790	17.final=0.0182/0.3779	18.simp=0.0002/0.3779	19.five=0.0095/0.3779	20.lt1k=0.0002/0.3779	21.comp=0.0002/0.3779	22.win=0.0114/0.3779	final=0.3779
COUNTS	ringpack_20_2	6089	40368	1872174	707413
LADGATE	1386	50000	0.317	1
PHASES	blend718	0.3572	1.portfolio=0.0945/0.9104	1b.indep=0.0070/0.9104	2.descent=0.0006/0.9085	3.search=0.0793/0.8919	4.subtree=0.0084/0.8884	4b.indep-accept=0.0000/0.8884	5.terminal=0.0021/0.8884	6.extra=0.0017/0.8884	7.telos=0.0000/0.8884	8.cleanup=0.0016/0.8884	9.reduce=0.0570/0.8772	10.completion=0.0013/0.8772	11.corecand=0.0000/0.8772	12.peo=0.0005/0.8772	13p.prep=0.0015/0.0000	13p.seeds=8.0000/0.0000	13p.rounds=10.0000/0.0000	13p.ledger=116855.0000/0.0000	13p.recon=0.0015/0.0001	13p.mcs=0.0009/0.0000	13.alt=0.0053/0.8772	14.transplant=0.0019/0.8752	15.minl=0.0020/0.8752	15.peel=0.0000/0.8752	16.late=0.0155/0.8752	17.final=0.0104/0.8737	18.simp=0.0006/0.8737	19.five=0.0009/0.8737	20.lt1k=0.0000/0.8737	21.comp=0.0000/0.8737	22.win=0.0126/0.8737	final=0.8737
COUNTS	blend718	1386	4310	70355	61466
LADGATE	115	50000	0.300	1
PHASES	wastepaper4	0.3795	1.portfolio=0.0146/0.7397	1b.indep=0.0008/0.7397	2.descent=0.0000/0.7397	3.search=0.1696/0.7397	4.subtree=0.0026/0.7397	4b.indep-accept=0.0000/0.7397	5.terminal=0.0029/0.7397	6.extra=0.0028/0.7397	7.telos=0.0000/0.7397	8.cleanup=0.0001/0.7397	9.reduce=0.0573/0.7397	10.completion=0.0001/0.7397	11.corecand=0.0018/0.7397	12.peo=0.0001/0.7397	13p.prep=0.0001/0.0000	13p.seeds=8.0000/0.0000	13p.rounds=8.0000/0.0000	13p.ledger=13235.0000/0.0000	13p.recon=0.0002/0.0008	13p.mcs=0.0001/0.0000	13.alt=0.0005/0.7397	14.transplant=0.0001/0.7397	15.minl=0.0002/0.7397	15.peel=0.0000/0.7397	16.late=0.0314/0.7397	17.final=0.0045/0.7397	18.simp=0.0000/0.7397	19.five=0.0001/0.7397	20.lt1k=0.0073/0.7397	21.comp=0.0001/0.7397	22.win=0.0011/0.7397	final=0.7397
COUNTS	wastepaper4	115	724	9711	7183
LADGATE	2450	50000	0.418	1
PHASES	squfl010-040persp	0.4314	1.portfolio=0.2587/1.0000	1b.indep=0.0034/1.0000	2.descent=0.0013/1.0000	3.search=0.0827/1.0000	4.subtree=0.0034/1.0000	4b.indep-accept=0.0001/1.0000	5.terminal=0.0020/1.0000	6.extra=0.0001/1.0000	7.telos=0.0001/1.0000	8.cleanup=0.0030/1.0000	9.reduce=0.0324/1.0000	10.completion=0.0007/1.0000	11.corecand=0.0001/1.0000	12.peo=0.0006/1.0000	13p.prep=0.0022/0.0000	13p.seeds=8.0000/0.0000	13p.rounds=13.0000/0.0000	13p.ledger=215662.0000/0.0000	13p.recon=0.0021/0.0006	13p.mcs=0.0009/0.0000	13.alt=0.0075/1.0000	14.transplant=0.0001/1.0000	15.minl=0.0008/1.0000	15.peel=0.0001/1.0000	16.late=0.0068/1.0000	17.final=0.0050/1.0000	18.simp=0.0011/1.0000	19.five=0.0017/1.0000	20.lt1k=0.0001/1.0000	21.comp=0.0001/1.0000	22.win=0.0037/1.0000	final=1.0000
COUNTS	squfl010-040persp	2450	7200	22825	22825
LADGATE	10429	50000	0.870	1
PHASES	crudeoil_lee4_06	0.8940	1.portfolio=0.2756/0.6843	1b.indep=0.0853/0.5424	2.descent=0.0088/0.5424	3.search=0.0006/0.5424	4.subtree=0.1420/0.5185	4b.indep-accept=0.0007/0.5185	5.terminal=0.0056/0.5185	6.extra=0.0007/0.5185	7.telos=0.0007/0.5185	8.cleanup=0.0266/0.5182	9.reduce=0.0647/0.5182	10.completion=0.0068/0.5182	11.corecand=0.0007/0.5182	12.peo=0.0678/0.5143	13p.prep=0.0000/0.0000	13p.seeds=0.0000/0.0000	13p.rounds=0.0000/0.0000	13p.ledger=0.0000/0.0000	13p.recon=0.0000/0.0000	13p.mcs=0.0000/0.0000	13.alt=0.0006/0.5143	14.transplant=0.0129/0.5084	15.minl=0.1023/0.5066	15.peel=0.0006/0.5066	16.late=0.0006/0.5066	17.final=0.0286/0.5058	18.simp=0.0006/0.5058	19.five=0.0123/0.5044	20.lt1k=0.0006/0.5044	21.comp=0.0006/0.5044	22.win=0.0186/0.5043	final=0.5043
COUNTS	crudeoil_lee4_06	10429	55492	65337120	32948139
LADGATE	1746	50000	0.521	1
PHASES	netmod_kar1	0.5413	1.portfolio=0.1571/0.8353	1b.indep=0.0063/0.8353	2.descent=0.0011/0.7927	3.search=0.2006/0.7927	4.subtree=0.0065/0.7927	4b.indep-accept=0.0001/0.7927	5.terminal=0.0020/0.7927	6.extra=0.0015/0.7927	7.telos=0.0001/0.7927	8.cleanup=0.0022/0.7927	9.reduce=0.0615/0.7927	10.completion=0.0013/0.7927	11.corecand=0.0001/0.7927	12.peo=0.0006/0.7927	13p.prep=0.0025/0.0000	13p.seeds=8.0000/0.0000	13p.rounds=17.0000/0.0000	13p.ledger=227612.0000/0.0000	13p.recon=0.0029/0.0003	13p.mcs=0.0015/0.0000	13.alt=0.0096/0.7927	14.transplant=0.0025/0.7865	15.minl=0.0308/0.7782	15.peel=0.0000/0.7782	16.late=0.0070/0.7763	17.final=0.0051/0.7763	18.simp=0.0009/0.7742	19.five=0.0012/0.7742	20.lt1k=0.0000/0.7742	21.comp=0.0000/0.7742	22.win=0.0121/0.7742	final=0.7717
COUNTS	netmod_kar1	1746	4928	56838	43864
LADGATE	14	50000	0.116	1
PHASES	ex8_1_7	0.1796	1.portfolio=0.0016/0.9343	1b.indep=0.0000/0.9343	2.descent=0.0000/0.9343	3.search=0.1125/0.9343	4.subtree=0.0000/0.9343	4b.indep-accept=0.0000/0.9343	5.terminal=0.0000/0.9343	6.extra=0.0000/0.9343	7.telos=0.0000/0.9343	8.cleanup=0.0000/0.9343	9.reduce=0.0000/0.9343	10.completion=0.0000/0.9343	11.corecand=0.0002/0.9343	12.peo=0.0000/0.9343	13p.prep=0.0000/0.0000	13p.seeds=0.0000/0.0000	13p.rounds=0.0000/0.0000	13p.ledger=0.0000/0.0000	13p.recon=0.0000/0.0000	13p.mcs=0.0000/0.0000	13.alt=0.0000/0.9343	14.transplant=0.0000/0.9343	15.minl=0.0000/0.9343	15.peel=0.0000/0.9343	16.late=0.0000/0.9343	17.final=0.0000/0.9343	18.simp=0.0000/0.9343	19.five=0.0000/0.9343	20.lt1k=0.0006/0.9343	21.comp=0.0000/0.9343	22.win=0.0003/0.9343	final=0.9343
COUNTS	ex8_1_7	14	46	137	128
LADGATE	108	50000	0.211	1
PHASES	graphpart_3g-0333-0333	0.2712	1.portfolio=0.0186/0.8064	1b.indep=0.0006/0.8064	2.descent=0.0001/0.8064	3.search=0.1044/0.8064	4.subtree=0.0020/0.8064	4b.indep-accept=0.0000/0.8064	5.terminal=0.0016/0.8064	6.extra=0.0022/0.8064	7.telos=0.0000/0.8064	8.cleanup=0.0001/0.8064	9.reduce=0.0373/0.8064	10.completion=0.0005/0.8064	11.corecand=0.0014/0.8064	12.peo=0.0001/0.8064	13p.prep=0.0001/0.0000	13p.seeds=8.0000/0.0000	13p.rounds=8.0000/0.0000	13p.ledger=19044.0000/0.0000	13p.recon=0.0002/0.0002	13p.mcs=0.0003/0.0000	13.alt=0.0008/0.8064	14.transplant=0.0001/0.8064	15.minl=0.0004/0.8064	15.peel=0.0000/0.8064	16.late=0.0235/0.8064	17.final=0.0031/0.8064	18.simp=0.0001/0.8064	19.five=0.0002/0.8064	20.lt1k=0.0054/0.8064	21.comp=0.0005/0.8064	22.win=0.0035/0.8064	final=0.8064
COUNTS	graphpart_3g-0333-0333	108	648	44928	36228
LADGATE	760	50000	0.344	1
PHASES	slay05h	0.3579	1.portfolio=0.0486/0.8961	1b.indep=0.0011/0.8961	2.descent=0.0002/0.8961	3.search=0.0899/0.8961	4.subtree=0.0085/0.8961	4b.indep-accept=0.0000/0.8961	5.terminal=0.0012/0.8961	6.extra=0.0030/0.8961	7.telos=0.0000/0.8961	8.cleanup=0.0006/0.8961	9.reduce=0.0680/0.8961	10.completion=0.0003/0.8961	11.corecand=0.0144/0.8961	12.peo=0.0003/0.8961	13p.prep=0.0010/0.0000	13p.seeds=8.0000/0.0000	13p.rounds=14.0000/0.0000	13p.ledger=73997.0000/0.0000	13p.recon=0.0010/0.0014	13p.mcs=0.0005/0.0000	13.alt=0.0032/0.8961	14.transplant=0.0009/0.8961	15.minl=0.0011/0.8961	15.peel=0.0000/0.8961	16.late=0.0204/0.8961	17.final=0.0058/0.8961	18.simp=0.0002/0.8961	19.five=0.0008/0.8961	20.lt1k=0.0581/0.8961	21.comp=0.0003/0.8961	22.win=0.0076/0.8961	final=0.8961
COUNTS	slay05h	760	2080	9815	8795
LADGATE	156	50000	0.303	1
PHASES	korcns	0.3803	1.portfolio=0.0167/0.9439	1b.indep=0.0013/0.9439	2.descent=0.0001/0.9367	3.search=0.1364/0.9356	4.subtree=0.0027/0.9356	4b.indep-accept=0.0000/0.9356	5.terminal=0.0023/0.9356	6.extra=0.0027/0.9356	7.telos=0.0000/0.9356	8.cleanup=0.0004/0.9323	9.reduce=0.0834/0.9200	10.completion=0.0002/0.9200	11.corecand=0.0028/0.9155	12.peo=0.0001/0.9155	13p.prep=0.0002/0.0000	13p.seeds=8.0000/0.0000	13p.rounds=8.0000/0.0000	13p.ledger=14137.0000/0.0000	13p.recon=0.0002/0.0011	13p.mcs=0.0002/0.0000	13.alt=0.0008/0.9155	14.transplant=0.0003/0.9140	15.minl=0.0003/0.9140	15.peel=0.0000/0.9140	16.late=0.0301/0.9113	17.final=0.0038/0.9113	18.simp=0.0001/0.9113	19.five=0.0003/0.9113	20.lt1k=0.0112/0.9113	21.comp=0.0002/0.9113	22.win=0.0030/0.9113	final=0.9113
COUNTS	korcns	156	712	7241	6599
LADGATE	5065	50000	0.683	1
PHASES	powerflow0118p	0.7403	1.portfolio=0.1842/0.9919	1b.indep=0.0233/0.9919	2.descent=0.0074/0.9919	3.search=0.0733/0.9919	4.subtree=0.1616/0.9707	4b.indep-accept=0.0002/0.9707	5.terminal=0.0025/0.9707	6.extra=0.0024/0.9707	7.telos=0.0002/0.9707	8.cleanup=0.0181/0.9682	9.reduce=0.1284/0.9682	10.completion=0.0040/0.9682	11.corecand=0.0002/0.9682	12.peo=0.0020/0.9682	13p.prep=0.0000/0.0000	13p.seeds=0.0000/0.0000	13p.rounds=0.0000/0.0000	13p.ledger=0.0000/0.0000	13p.recon=0.0000/0.0000	13p.mcs=0.0000/0.0000	13.alt=0.0002/0.9682	14.transplant=0.0103/0.9681	15.minl=0.0134/0.9681	15.peel=0.0002/0.9681	16.late=0.0002/0.9681	17.final=0.0268/0.9670	18.simp=0.0023/0.9670	19.five=0.0091/0.9666	20.lt1k=0.0002/0.9666	21.comp=0.0002/0.9666	22.win=0.0103/0.9666	final=0.9666
COUNTS	powerflow0118p	5065	18730	121503	117447
LADGATE	4799	50000	0.712	1
PHASES	sfacloc2_3_80	0.7735	1.portfolio=0.3848/0.9606	1b.indep=0.1039/0.9606	2.descent=0.0020/0.9584	3.search=0.0679/0.9584	4.subtree=0.0353/0.9580	4b.indep-accept=0.0002/0.9580	5.terminal=0.0026/0.9580	6.extra=0.0024/0.9580	7.telos=0.0001/0.9580	8.cleanup=0.0017/0.9580	9.reduce=0.0601/0.9580	10.completion=0.0021/0.9580	11.corecand=0.0002/0.9580	12.peo=0.0016/0.9580	13p.prep=0.0000/0.0000	13p.seeds=0.0000/0.0000	13p.rounds=0.0000/0.0000	13p.ledger=0.0000/0.0000	13p.recon=0.0000/0.0000	13p.mcs=0.0000/0.0000	13.alt=0.0002/0.9580	14.transplant=0.0059/0.9580	15.minl=0.0080/0.9580	15.peel=0.0002/0.9580	16.late=0.0002/0.9580	17.final=0.0058/0.9580	18.simp=0.0018/0.9580	19.five=0.0061/0.9580	20.lt1k=0.0002/0.9580	21.comp=0.0001/0.9580	22.win=0.0097/0.9580	final=0.9580
COUNTS	sfacloc2_3_80	4799	20600	84672	81119
LADGATE	6028	50000	0.540	1
PHASES	rsyn0820m04m	0.5530	1.portfolio=0.1905/0.8532	1b.indep=0.0237/0.8532	2.descent=0.0074/0.8461	3.search=0.0002/0.8461	4.subtree=0.1215/0.8170	4b.indep-accept=0.0002/0.8170	5.terminal=0.0027/0.8170	6.extra=0.0026/0.8170	7.telos=0.0002/0.8170	8.cleanup=0.0157/0.8150	9.reduce=0.0580/0.8150	10.completion=0.0057/0.7926	11.corecand=0.0002/0.7926	12.peo=0.0021/0.7926	13p.prep=0.0000/0.0000	13p.seeds=0.0000/0.0000	13p.rounds=0.0000/0.0000	13p.ledger=0.0000/0.0000	13p.recon=0.0000/0.0000	13p.mcs=0.0000/0.0000	13.alt=0.0002/0.7926	14.transplant=0.0118/0.7880	15.minl=0.0465/0.7868	15.peel=0.0002/0.7868	16.late=0.0002/0.7868	17.final=0.0276/0.7790	18.simp=0.0002/0.7790	19.five=0.0101/0.7771	20.lt1k=0.0002/0.7771	21.comp=0.0002/0.7771	22.win=0.0110/0.7771	final=0.7771
COUNTS	rsyn0820m04m	6028	17372	196890	152996
LADGATE	1046	50000	0.278	1
PHASES	hydroenergy1	0.2881	1.portfolio=0.0760/1.0000	1b.indep=0.0029/1.0000	2.descent=0.0003/1.0000	3.search=0.0650/1.0000	4.subtree=0.0011/1.0000	4b.indep-accept=0.0000/1.0000	5.terminal=0.0020/1.0000	6.extra=0.0000/1.0000	7.telos=0.0000/1.0000	8.cleanup=0.0010/1.0000	9.reduce=0.0722/1.0000	10.completion=0.0004/1.0000	11.corecand=0.0000/1.0000	12.peo=0.0003/1.0000	13p.prep=0.0009/0.0000	13p.seeds=8.0000/0.0000	13p.rounds=9.0000/0.0000	13p.ledger=67581.0000/0.0000	13p.recon=0.0009/0.0006	13p.mcs=0.0004/0.0000	13.alt=0.0030/1.0000	14.transplant=0.0001/1.0000	15.minl=0.0005/1.0000	15.peel=0.0000/1.0000	16.late=0.0184/1.0000	17.final=0.0028/1.0000	18.simp=0.0004/1.0000	19.five=0.0006/1.0000	20.lt1k=0.0000/1.0000	21.comp=0.0000/1.0000	22.win=0.0132/1.0000	final=1.0000
COUNTS	hydroenergy1	1046	3024	14089	14089
LADGATE	181	50000	0.199	1
PHASES	maxmin	0.2492	1.portfolio=0.0260/1.0000	1b.indep=0.0011/1.0000	2.descent=0.0001/1.0000	3.search=0.0882/1.0000	4.subtree=0.0012/1.0000	4b.indep-accept=0.0000/1.0000	5.terminal=0.0023/1.0000	6.extra=0.0000/1.0000	7.telos=0.0000/1.0000	8.cleanup=0.0001/1.0000	9.reduce=0.0404/1.0000	10.completion=0.0001/1.0000	11.corecand=0.0020/1.0000	12.peo=0.0001/1.0000	13p.prep=0.0005/0.0000	13p.seeds=8.0000/0.0000	13p.rounds=23.0000/0.0000	13p.ledger=61119.0000/0.0000	13p.recon=0.0006/0.0027	13p.mcs=0.0004/0.0000	13.alt=0.0020/1.0000	14.transplant=0.0000/1.0000	15.minl=0.0001/1.0000	15.peel=0.0000/1.0000	16.late=0.0198/1.0000	17.final=0.0031/1.0000	18.simp=0.0001/1.0000	19.five=0.0002/1.0000	20.lt1k=0.0080/1.0000	21.comp=0.0001/1.0000	22.win=0.0016/1.0000	final=1.0000
COUNTS	maxmin	181	1440	8405	8405
LADGATE	8	50000	0.109	1
PHASES	st_ht	0.1239	1.portfolio=0.0009/0.8627	1b.indep=0.0000/0.8627	2.descent=0.0000/0.8627	3.search=0.1075/0.8627	4.subtree=0.0000/0.8627	4b.indep-accept=0.0000/0.8627	5.terminal=0.0000/0.8627	6.extra=0.0000/0.8627	7.telos=0.0000/0.8627	8.cleanup=0.0000/0.8627	9.reduce=0.0000/0.8627	10.completion=0.0000/0.8627	11.corecand=0.0000/0.8627	12.peo=0.0000/0.8627	13p.prep=0.0000/0.0000	13p.seeds=0.0000/0.0000	13p.rounds=0.0000/0.0000	13p.ledger=0.0000/0.0000	13p.recon=0.0000/0.0000	13p.mcs=0.0000/0.0000	13.alt=0.0000/0.8627	14.transplant=0.0000/0.8627	15.minl=0.0000/0.8627	15.peel=0.0000/0.8627	16.late=0.0000/0.8627	17.final=0.0000/0.8627	18.simp=0.0000/0.8627	19.five=0.0000/0.8627	20.lt1k=0.0000/0.8627	21.comp=0.0000/0.8627	22.win=0.0001/0.8627	final=0.8627
COUNTS	st_ht	8	18	51	44
LADGATE	6418	50000	0.835	1
PHASES	crudeoil_lee2_06	0.8559	1.portfolio=0.2783/0.9301	1b.indep=0.0644/0.8082	2.descent=0.0050/0.8082	3.search=0.0004/0.8082	4.subtree=0.1377/0.7846	4b.indep-accept=0.0004/0.7846	5.terminal=0.0037/0.7846	6.extra=0.0036/0.7846	7.telos=0.0004/0.7846	8.cleanup=0.0182/0.7825	9.reduce=0.1261/0.7825	10.completion=0.0047/0.7825	11.corecand=0.0004/0.7825	12.peo=0.0387/0.7613	13p.prep=0.0000/0.0000	13p.seeds=0.0000/0.0000	13p.rounds=0.0000/0.0000	13p.ledger=0.0000/0.0000	13p.recon=0.0000/0.0000	13p.mcs=0.0000/0.0000	13.alt=0.0004/0.7613	14.transplant=0.0119/0.7602	15.minl=0.0868/0.7597	15.peel=0.0003/0.7597	16.late=0.0003/0.7597	17.final=0.0288/0.7592	18.simp=0.0003/0.7592	19.five=0.0091/0.7586	20.lt1k=0.0003/0.7586	21.comp=0.0003/0.7586	22.win=0.0116/0.7585	final=0.7159
COUNTS	crudeoil_lee2_06	6418	34646	23299675	16680943
LADGATE	3183	50000	0.477	1
PHASES	kan_r3_h1_n4	0.5217	1.portfolio=0.1873/0.9683	1b.indep=0.0126/0.9683	2.descent=0.0033/0.9542	3.search=0.0774/0.9515	4.subtree=0.0551/0.9510	4b.indep-accept=0.0001/0.9510	5.terminal=0.0020/0.9510	6.extra=0.0017/0.9510	7.telos=0.0001/0.9510	8.cleanup=0.0075/0.9510	9.reduce=0.0874/0.9510	10.completion=0.0024/0.9434	11.corecand=0.0001/0.9434	12.peo=0.0012/0.9434	13p.prep=0.0000/0.0000	13p.seeds=0.0000/0.0000	13p.rounds=0.0000/0.0000	13p.ledger=0.0000/0.0000	13p.recon=0.0000/0.0000	13p.mcs=0.0000/0.0000	13.alt=0.0001/0.9434	14.transplant=0.0046/0.9434	15.minl=0.0063/0.9434	15.peel=0.0001/0.9434	16.late=0.0001/0.9434	17.final=0.0049/0.9434	18.simp=0.0028/0.9420	19.five=0.0036/0.9409	20.lt1k=0.0001/0.9409	21.comp=0.0001/0.9409	22.win=0.0082/0.9409	final=0.9408
COUNTS	kan_r3_h1_n4	3183	14062	104945	98731
LADGATE	378	50000	0.307	1
PHASES	primary	0.3509	1.portfolio=0.0868/0.8689	1b.indep=0.0036/0.8689	2.descent=0.0002/0.8689	3.search=0.0747/0.8689	4.subtree=0.0056/0.8688	4b.indep-accept=0.0000/0.8688	5.terminal=0.0015/0.8688	6.extra=0.0015/0.8688	7.telos=0.0000/0.8688	8.cleanup=0.0004/0.8688	9.reduce=0.0572/0.8688	10.completion=0.0003/0.8688	11.corecand=0.0070/0.8688	12.peo=0.0003/0.8688	13p.prep=0.0013/0.0000	13p.seeds=8.0000/0.0000	13p.rounds=17.0000/0.0000	13p.ledger=160384.0000/0.0000	13p.recon=0.0011/0.0002	13p.mcs=0.0010/0.0000	13.alt=0.0046/0.8688	14.transplant=0.0007/0.8688	15.minl=0.0011/0.8688	15.peel=0.0000/0.8688	16.late=0.0169/0.8688	17.final=0.0029/0.8688	18.simp=0.0002/0.8688	19.five=0.0005/0.8688	20.lt1k=0.0291/0.8688	21.comp=0.0004/0.8688	22.win=0.0050/0.8688	final=0.8688
COUNTS	primary	378	5610	109639	95258
LADGATE	1071	50000	0.298	1
PHASES	syn10m03hfsg	0.3163	1.portfolio=0.0632/0.9923	1b.indep=0.0031/0.9923	2.descent=0.0004/0.9923	3.search=0.1019/0.9921	4.subtree=0.0040/0.9921	4b.indep-accept=0.0000/0.9921	5.terminal=0.0019/0.9921	6.extra=0.0016/0.9921	7.telos=0.0000/0.9921	8.cleanup=0.0011/0.9921	9.reduce=0.0716/0.9921	10.completion=0.0005/0.9921	11.corecand=0.0000/0.9921	12.peo=0.0004/0.9921	13p.prep=0.0011/0.0000	13p.seeds=8.0000/0.0000	13p.rounds=10.0000/0.0000	13p.ledger=68852.0000/0.0000	13p.recon=0.0010/0.0010	13p.mcs=0.0005/0.0000	13.alt=0.0037/0.9921	14.transplant=0.0017/0.9921	15.minl=0.0021/0.9921	15.peel=0.0000/0.9921	16.late=0.0197/0.9921	17.final=0.0041/0.9921	18.simp=0.0004/0.9921	19.five=0.0007/0.9921	20.lt1k=0.0000/0.9921	21.comp=0.0000/0.9921	22.win=0.0075/0.9921	final=0.9921
COUNTS	syn10m03hfsg	1071	2772	9890	9812
LADGATE	36	50000	0.193	1
PHASES	wastewater02m1	0.2730	1.portfolio=0.0040/0.9316	1b.indep=0.0003/0.9316	2.descent=0.0000/0.9316	3.search=0.1403/0.9316	4.subtree=0.0028/0.9316	4b.indep-accept=0.0000/0.9316	5.terminal=0.0032/0.9316	6.extra=0.0032/0.9316	7.telos=0.0000/0.9316	8.cleanup=0.0000/0.9316	9.reduce=0.0000/0.9316	10.completion=0.0000/0.9316	11.corecand=0.0005/0.9316	12.peo=0.0000/0.9316	13p.prep=0.0000/0.0000	13p.seeds=8.0000/0.0000	13p.rounds=8.0000/0.0000	13p.ledger=2663.0000/0.0000	13p.recon=0.0000/0.0094	13p.mcs=0.0000/0.0000	13.alt=0.0002/0.9316	14.transplant=0.0000/0.9316	15.minl=0.0001/0.9316	15.peel=0.0000/0.9316	16.late=0.0316/0.9316	17.final=0.0034/0.9316	18.simp=0.0000/0.9316	19.five=0.0000/0.9316	20.lt1k=0.0020/0.9316	21.comp=0.0000/0.9316	22.win=0.0009/0.9316	final=0.9316
COUNTS	wastewater02m1	36	138	848	790
LADGATE	4620	50000	0.396	1
PHASES	supplychainr1_022020	0.4740	1.portfolio=0.1755/0.9999	1b.indep=0.0156/0.9999	2.descent=0.0051/0.9999	3.search=0.0646/0.9999	4.subtree=0.0032/0.9999	4b.indep-accept=0.0001/0.9999	5.terminal=0.0023/0.9999	6.extra=0.0021/0.9999	7.telos=0.0001/0.9999	8.cleanup=0.0070/0.9999	9.reduce=0.0847/0.9999	10.completion=0.0038/0.9999	11.corecand=0.0001/0.9999	12.peo=0.0014/0.9999	13p.prep=0.0000/0.0000	13p.seeds=0.0000/0.0000	13p.rounds=0.0000/0.0000	13p.ledger=0.0000/0.0000	13p.recon=0.0000/0.0000	13p.mcs=0.0000/0.0000	13.alt=0.0001/0.9999	14.transplant=0.0060/0.9999	15.minl=0.0082/0.9999	15.peel=0.0001/0.9999	16.late=0.0001/0.9999	17.final=0.0019/0.9999	18.simp=0.0015/0.9999	19.five=0.0060/0.9999	20.lt1k=0.0001/0.9999	21.comp=0.0001/0.9999	22.win=0.0042/0.9999	final=0.9999
COUNTS	supplychainr1_022020	4620	15680	273140	273100
LADGATE	3800	50000	0.238	1
PHASES	squfl025-025persp	0.2539	1.portfolio=0.1131/1.0000	1b.indep=0.0054/1.0000	2.descent=0.0034/1.0000	3.search=0.0759/1.0000	4.subtree=0.0005/1.0000	4b.indep-accept=0.0001/1.0000	5.terminal=0.0021/1.0000	6.extra=0.0001/1.0000	7.telos=0.0001/1.0000	8.cleanup=0.0073/1.0000	9.reduce=0.0056/1.0000	10.completion=0.0016/1.0000	11.corecand=0.0001/1.0000	12.peo=0.0010/1.0000	13p.prep=0.0000/0.0000	13p.seeds=0.0000/0.0000	13p.rounds=0.0000/0.0000	13p.ledger=0.0000/0.0000	13p.recon=0.0000/0.0000	13p.mcs=0.0000/0.0000	13.alt=0.0001/1.0000	14.transplant=0.0002/1.0000	15.minl=0.0014/1.0000	15.peel=0.0001/1.0000	16.late=0.0001/1.0000	17.final=0.0023/1.0000	18.simp=0.0030/1.0000	19.five=0.0038/1.0000	20.lt1k=0.0001/1.0000	21.comp=0.0001/1.0000	22.win=0.0050/1.0000	final=1.0000
COUNTS	squfl025-025persp	3800	11250	49925	49925
LADGATE	17999	50000	0.727	1
PHASES	ringpack_30_2	0.7279	1.portfolio=0.3949/0.2325	1b.indep=0.1135/0.2325	2.descent=0.0009/0.2325	3.search=0.0008/0.2325	4.subtree=0.0089/0.2325	4b.indep-accept=0.0009/0.2325	5.terminal=0.0077/0.2325	6.extra=0.0009/0.2325	7.telos=0.0008/0.2325	8.cleanup=0.0008/0.2325	9.reduce=0.0680/0.2325	10.completion=0.0139/0.2322	11.corecand=0.0008/0.2322	12.peo=0.0084/0.2322	13p.prep=0.0247/0.0000	13p.seeds=8.0000/0.0000	13p.rounds=11.0000/0.0000	13p.ledger=992613.0000/0.0000	13p.recon=0.0087/0.0000	13p.mcs=0.0052/0.0000	13.alt=0.0485/0.2322	14.transplant=0.0096/0.2318	15.minl=0.0311/0.2318	15.peel=0.0009/0.2318	16.late=0.0008/0.2318	17.final=0.0084/0.2318	18.simp=0.0007/0.2318	19.five=0.0007/0.2318	20.lt1k=0.0007/0.2318	21.comp=0.0007/0.2318	22.win=0.0007/0.2318	final=0.2318
COUNTS	ringpack_30_2	17999	121458	12394600	2873684
PHASES	nuclear104	0.9056	1.portfolio=0.2220/1.0000	1b.indep=0.1880/1.0000	2.descent=0.0017/1.0000	3.search=0.0017/1.0000	4.subtree=0.1568/0.9933	4b.indep-accept=0.0019/0.9933	5.terminal=0.0018/0.9933	6.extra=0.0018/0.9933	7.telos=0.0018/0.9933	8.cleanup=0.0018/0.9933	9.reduce=0.1488/0.8997	10.completion=0.0017/0.8997	11.corecand=0.0017/0.8997	12.peo=0.0320/0.7846	13p.prep=0.0237/0.0000	13p.seeds=5.0000/0.0000	13p.rounds=5.0000/0.0000	13p.ledger=872187.0000/0.0000	13p.recon=0.0068/0.0000	13p.mcs=0.0077/0.0000	13.alt=0.0462/0.7846	14.transplant=0.0117/0.7600	15.minl=0.0134/0.7600	15.peel=0.0018/0.7600	16.late=0.0017/0.7600	17.final=0.0387/0.7593	18.simp=0.0017/0.7593	19.five=0.0018/0.7593	20.lt1k=0.0018/0.7593	21.comp=0.0018/0.7593	22.win=0.0017/0.7593	final=0.7593
COUNTS	nuclear104	39098	257806	103156931	78332024
LADGATE	4952	50000	0.590	1
PHASES	chp_shorttermplan1a	0.6550	1.portfolio=0.2056/0.8306	1b.indep=0.0188/0.8306	2.descent=0.0079/0.8268	3.search=0.0694/0.8266	4.subtree=0.1232/0.8103	4b.indep-accept=0.0002/0.8103	5.terminal=0.0026/0.8103	6.extra=0.0024/0.8103	7.telos=0.0002/0.8103	8.cleanup=0.0180/0.8071	9.reduce=0.0760/0.8071	10.completion=0.0079/0.8039	11.corecand=0.0002/0.8039	12.peo=0.0019/0.8039	13p.prep=0.0000/0.0000	13p.seeds=0.0000/0.0000	13p.rounds=0.0000/0.0000	13p.ledger=0.0000/0.0000	13p.recon=0.0000/0.0000	13p.mcs=0.0000/0.0000	13.alt=0.0002/0.8039	14.transplant=0.0096/0.8039	15.minl=0.0153/0.8039	15.peel=0.0002/0.8039	16.late=0.0002/0.8039	17.final=0.0052/0.8039	18.simp=0.0022/0.8039	19.five=0.0071/0.8039	20.lt1k=0.0002/0.8039	21.comp=0.0002/0.8039	22.win=0.0114/0.8037	final=0.8002
COUNTS	chp_shorttermplan1a	4952	15700	376486	301275
LADGATE	555	50000	0.404	1
PHASES	rocket50	0.4624	1.portfolio=0.1195/0.9977	1b.indep=0.0022/0.9977	2.descent=0.0003/0.9977	3.search=0.1015/0.9956	4.subtree=0.0034/0.9956	4b.indep-accept=0.0000/0.9956	5.terminal=0.0020/0.9948	6.extra=0.0020/0.9948	7.telos=0.0000/0.9948	8.cleanup=0.0013/0.9641	9.reduce=0.0448/0.9641	10.completion=0.0004/0.9641	11.corecand=0.0117/0.9641	12.peo=0.0003/0.9641	13p.prep=0.0007/0.0000	13p.seeds=8.0000/0.0000	13p.rounds=11.0000/0.0000	13p.ledger=80403.0000/0.0000	13p.recon=0.0008/0.0006	13p.mcs=0.0004/0.0000	13.alt=0.0027/0.9641	14.transplant=0.0008/0.9641	15.minl=0.0012/0.9641	15.peel=0.0000/0.9641	16.late=0.0233/0.9641	17.final=0.0040/0.9641	18.simp=0.0002/0.9641	19.five=0.0009/0.9641	20.lt1k=0.0457/0.9641	21.comp=0.0005/0.9641	22.win=0.0169/0.9641	final=0.9641
COUNTS	rocket50	555	3488	19983	19265
LADGATE	8508	50000	0.741	1
PHASES	rsyn0840m04m	0.7610	1.portfolio=0.1813/0.8720	1b.indep=0.0356/0.8720	2.descent=0.0131/0.8720	3.search=0.0003/0.8720	4.subtree=0.1452/0.8411	4b.indep-accept=0.0004/0.8411	5.terminal=0.0035/0.8411	6.extra=0.0032/0.8411	7.telos=0.0004/0.8411	8.cleanup=0.0223/0.8391	9.reduce=0.0518/0.8391	10.completion=0.0072/0.8213	11.corecand=0.0003/0.8213	12.peo=0.0030/0.8213	13p.prep=0.0421/0.0000	13p.seeds=8.0000/0.0000	13p.rounds=55.0000/0.0000	13p.ledger=3468899.0000/0.0000	13p.recon=0.0434/0.0002	13p.mcs=0.0189/0.0000	13.alt=0.1471/0.8213	14.transplant=0.0130/0.8170	15.minl=0.0580/0.8152	15.peel=0.0003/0.8152	16.late=0.0003/0.8152	17.final=0.0273/0.8139	18.simp=0.0003/0.8139	19.five=0.0119/0.8120	20.lt1k=0.0003/0.8120	21.comp=0.0003/0.8120	22.win=0.0132/0.8120	final=0.8118
COUNTS	rsyn0840m04m	8508	24272	229914	186634
LADGATE	11716	50000	0.581	1
PHASES	mpbp_21	0.6311	1.portfolio=0.1636/0.8789	1b.indep=0.0464/0.8789	2.descent=0.0172/0.8789	3.search=0.0004/0.8789	4.subtree=0.1232/0.8753	4b.indep-accept=0.0004/0.8753	5.terminal=0.0047/0.8753	6.extra=0.0004/0.8753	7.telos=0.0004/0.8753	8.cleanup=0.0211/0.8753	9.reduce=0.0317/0.8753	10.completion=0.0167/0.8667	11.corecand=0.0003/0.8667	12.peo=0.0243/0.8621	13p.prep=0.0000/0.0000	13p.seeds=0.0000/0.0000	13p.rounds=0.0000/0.0000	13p.ledger=0.0000/0.0000	13p.recon=0.0000/0.0000	13p.mcs=0.0000/0.0000	13.alt=0.0004/0.8621	14.transplant=0.0120/0.8619	15.minl=0.0636/0.8616	15.peel=0.0003/0.8616	16.late=0.0003/0.8616	17.final=0.0062/0.8616	18.simp=0.0003/0.8616	19.five=0.0167/0.8615	20.lt1k=0.0003/0.8615	21.comp=0.0003/0.8615	22.win=0.0253/0.8615	final=0.8615
COUNTS	mpbp_21	11716	37660	1691114	1456963
LADGATE	172	50000	0.237	1
PHASES	orth_d4m6_pl	0.2975	1.portfolio=0.0213/0.9785	1b.indep=0.0013/0.9785	2.descent=0.0001/0.9785	3.search=0.1076/0.9785	4.subtree=0.0022/0.9785	4b.indep-accept=0.0000/0.9785	5.terminal=0.0020/0.9785	6.extra=0.0023/0.9785	7.telos=0.0000/0.9785	8.cleanup=0.0001/0.9785	9.reduce=0.0537/0.9785	10.completion=0.0002/0.9785	11.corecand=0.0024/0.9785	12.peo=0.0001/0.9785	13p.prep=0.0003/0.0000	13p.seeds=8.0000/0.0000	13p.rounds=12.0000/0.0000	13p.ledger=27488.0000/0.0000	13p.recon=0.0003/0.0011	13p.mcs=0.0003/0.0000	13.alt=0.0011/0.9785	14.transplant=0.0000/0.9785	15.minl=0.0001/0.9785	15.peel=0.0000/0.9785	16.late=0.0240/0.9785	17.final=0.0037/0.9785	18.simp=0.0001/0.9785	19.five=0.0002/0.9785	20.lt1k=0.0092/0.9785	21.comp=0.0002/0.9785	22.win=0.0021/0.9785	final=0.9785
COUNTS	orth_d4m6_pl	172	1096	10938	10703
LADGATE	1681	50000	0.556	1
PHASES	kall_circlespolygons_c1p5b	0.6160	1.portfolio=0.1746/0.9608	1b.indep=0.0090/0.9608	2.descent=0.0012/0.9608	3.search=0.0624/0.9608	4.subtree=0.0064/0.9608	4b.indep-accept=0.0001/0.9608	5.terminal=0.0020/0.9608	6.extra=0.0021/0.9608	7.telos=0.0001/0.9608	8.cleanup=0.0069/0.9608	9.reduce=0.2195/0.9608	10.completion=0.0039/0.9608	11.corecand=0.0001/0.9608	12.peo=0.0009/0.9608	13p.prep=0.0024/0.0000	13p.seeds=8.0000/0.0000	13p.rounds=12.0000/0.0000	13p.ledger=253610.0000/0.0000	13p.recon=0.0032/0.0001	13p.mcs=0.0022/0.0000	13.alt=0.0101/0.9608	14.transplant=0.0029/0.9608	15.minl=0.0046/0.9608	15.peel=0.0001/0.9608	16.late=0.0052/0.9608	17.final=0.0048/0.9608	18.simp=0.0020/0.9608	19.five=0.0032/0.9608	20.lt1k=0.0001/0.9608	21.comp=0.0001/0.9608	22.win=0.0195/0.9608	final=0.9608
COUNTS	kall_circlespolygons_c1p5b	1681	7432	201759	193841
PHASES	acopf_case9241pegase_qcqp	1.1266	1.portfolio=0.3124/0.9737	1b.indep=0.2198/0.9737	2.descent=0.0179/0.9737	3.search=0.0179/0.9737	4.subtree=0.0178/0.9737	4b.indep-accept=0.0178/0.9737	5.terminal=0.0177/0.9737	6.extra=0.0174/0.9737	7.telos=0.0170/0.9737	8.cleanup=0.0169/0.9737	9.reduce=0.0875/0.9737	10.completion=0.0171/0.9737	11.corecand=0.0170/0.9737	12.peo=0.0170/0.9737	13p.prep=0.0000/0.0000	13p.seeds=0.0000/0.0000	13p.rounds=0.0000/0.0000	13p.ledger=0.0000/0.0000	13p.recon=0.0000/0.0000	13p.mcs=0.0000/0.0000	13.alt=0.0169/0.9737	14.transplant=0.0172/0.9737	15.minl=0.0343/0.9737	15.peel=0.0172/0.9737	16.late=0.0178/0.9737	17.final=0.0175/0.9737	18.simp=0.0172/0.9737	19.five=0.0171/0.9737	20.lt1k=0.0172/0.9737	21.comp=0.0178/0.9737	22.win=0.0179/0.9737	final=0.9737
COUNTS	acopf_case9241pegase_qcqp	313068	1292408	34647355	33736789
LADGATE	33	50000	0.191	1
PHASES	ex1223	0.2118	1.portfolio=0.0026/1.0000	1b.indep=0.0003/1.0000	2.descent=0.0000/1.0000	3.search=0.1441/1.0000	4.subtree=0.0009/1.0000	4b.indep-accept=0.0000/1.0000	5.terminal=0.0030/1.0000	6.extra=0.0000/1.0000	7.telos=0.0000/1.0000	8.cleanup=0.0000/1.0000	9.reduce=0.0000/1.0000	10.completion=0.0000/1.0000	11.corecand=0.0005/1.0000	12.peo=0.0000/1.0000	13p.prep=0.0001/0.0000	13p.seeds=8.0000/0.0000	13p.rounds=14.0000/0.0000	13p.ledger=2832.0000/0.0000	13p.recon=0.0000/0.0574	13p.mcs=0.0000/0.0000	13.alt=0.0002/1.0000	14.transplant=0.0000/1.0000	15.minl=0.0000/1.0000	15.peel=0.0000/1.0000	16.late=0.0321/1.0000	17.final=0.0038/1.0000	18.simp=0.0000/1.0000	19.five=0.0000/1.0000	20.lt1k=0.0022/1.0000	21.comp=0.0000/1.0000	22.win=0.0006/1.0000	final=1.0000
COUNTS	ex1223	33	82	244	244
LADGATE	10	50000	0.135	1
PHASES	ex6_1_4	0.1985	1.portfolio=0.0013/0.7766	1b.indep=0.0000/0.7766	2.descent=0.0000/0.7766	3.search=0.1331/0.7766	4.subtree=0.0000/0.7766	4b.indep-accept=0.0000/0.7766	5.terminal=0.0000/0.7766	6.extra=0.0000/0.7766	7.telos=0.0000/0.7766	8.cleanup=0.0000/0.7766	9.reduce=0.0000/0.7766	10.completion=0.0000/0.7766	11.corecand=0.0000/0.7766	12.peo=0.0000/0.7766	13p.prep=0.0000/0.0000	13p.seeds=0.0000/0.0000	13p.rounds=0.0000/0.0000	13p.ledger=0.0000/0.0000	13p.recon=0.0000/0.0000	13p.mcs=0.0000/0.0000	13.alt=0.0000/0.7766	14.transplant=0.0000/0.7766	15.minl=0.0000/0.7766	15.peel=0.0000/0.7766	16.late=0.0000/0.7766	17.final=0.0000/0.7766	18.simp=0.0000/0.7766	19.five=0.0000/0.7766	20.lt1k=0.0000/0.7766	21.comp=0.0000/0.7766	22.win=0.0002/0.7766	final=0.7766
COUNTS	ex6_1_4	10	48	197	153
LADGATE	403	50000	0.316	1
PHASES	powerflow0014r	0.3837	1.portfolio=0.0429/0.9628	1b.indep=0.0017/0.9628	2.descent=0.0001/0.9628	3.search=0.1150/0.9628	4.subtree=0.0031/0.9628	4b.indep-accept=0.0000/0.9628	5.terminal=0.0024/0.9628	6.extra=0.0018/0.9628	7.telos=0.0000/0.9628	8.cleanup=0.0004/0.9628	9.reduce=0.0721/0.9628	10.completion=0.0003/0.9628	11.corecand=0.0076/0.9628	12.peo=0.0002/0.9628	13p.prep=0.0004/0.0000	13p.seeds=8.0000/0.0000	13p.rounds=8.0000/0.0000	13p.ledger=30553.0000/0.0000	13p.recon=0.0004/0.0007	13p.mcs=0.0003/0.0000	13.alt=0.0015/0.9628	14.transplant=0.0005/0.9628	15.minl=0.0008/0.9628	15.peel=0.0000/0.9628	16.late=0.0248/0.9628	17.final=0.0038/0.9628	18.simp=0.0001/0.9628	19.five=0.0005/0.9628	20.lt1k=0.0313/0.9628	21.comp=0.0004/0.9628	22.win=0.0024/0.9628	final=0.9628
COUNTS	powerflow0014r	403	1630	10761	10361
LADGATE	2065	50000	0.296	1
PHASES	knp5-43	0.3080	1.portfolio=0.1293/1.0000	1b.indep=0.0615/1.0000	2.descent=0.0018/1.0000	3.search=0.0001/1.0000	4.subtree=0.0013/1.0000	4b.indep-accept=0.0001/1.0000	5.terminal=0.0019/1.0000	6.extra=0.0001/1.0000	7.telos=0.0001/1.0000	8.cleanup=0.0041/1.0000	9.reduce=0.0262/1.0000	10.completion=0.0062/1.0000	11.corecand=0.0001/1.0000	12.peo=0.0015/1.0000	13p.prep=0.0037/0.0000	13p.seeds=4.0000/0.0000	13p.rounds=12.0000/0.0000	13p.ledger=872008.0000/0.0000	13p.recon=0.0050/0.0000	13p.mcs=0.0052/0.0000	13.alt=0.0180/1.0000	14.transplant=0.0003/1.0000	15.minl=0.0067/1.0000	15.peel=0.0001/1.0000	16.late=0.0001/1.0000	17.final=0.0022/1.0000	18.simp=0.0017/1.0000	19.five=0.0021/1.0000	20.lt1k=0.0001/1.0000	21.comp=0.0001/1.0000	22.win=0.0136/1.0000	final=1.0000
COUNTS	knp5-43	2065	31132	3517788	3517788
LADGATE	21688	50000	0.715	1
PHASES	gabriel09	0.7152	1.portfolio=0.2208/0.9446	1b.indep=0.0787/0.9353	2.descent=0.0009/0.9353	3.search=0.0008/0.9353	4.subtree=0.1320/0.9210	4b.indep-accept=0.0008/0.9210	5.terminal=0.0070/0.9210	6.extra=0.0008/0.9210	7.telos=0.0008/0.9210	8.cleanup=0.0008/0.9210	9.reduce=0.0474/0.9210	10.completion=0.0078/0.9210	11.corecand=0.0008/0.9210	12.peo=0.0589/0.9131	13p.prep=0.0208/0.0000	13p.seeds=8.0000/0.0000	13p.rounds=10.0000/0.0000	13p.ledger=695158.0000/0.0000	13p.recon=0.0060/0.0000	13p.mcs=0.0057/0.0000	13.alt=0.0382/0.9131	14.transplant=0.0107/0.8982	15.minl=0.1010/0.8976	15.peel=0.0007/0.8976	16.late=0.0007/0.8976	17.final=0.0078/0.8976	18.simp=0.0007/0.8976	19.five=0.0007/0.8976	20.lt1k=0.0007/0.8976	21.comp=0.0007/0.8976	22.win=0.0007/0.8976	final=0.8976
COUNTS	gabriel09	21688	89702	29373994	26366112
LADGATE	32	50000	0.172	1
PHASES	tln2	0.1902	1.portfolio=0.0023/1.0000	1b.indep=0.0004/1.0000	2.descent=0.0000/1.0000	3.search=0.1286/1.0000	4.subtree=0.0009/1.0000	4b.indep-accept=0.0000/1.0000	5.terminal=0.0030/1.0000	6.extra=0.0000/1.0000	7.telos=0.0000/1.0000	8.cleanup=0.0000/1.0000	9.reduce=0.0000/1.0000	10.completion=0.0000/1.0000	11.corecand=0.0005/1.0000	12.peo=0.0000/1.0000	13p.prep=0.0000/0.0000	13p.seeds=8.0000/0.0000	13p.rounds=13.0000/0.0000	13p.ledger=2688.0000/0.0000	13p.recon=0.0000/0.0558	13p.mcs=0.0000/0.0000	13.alt=0.0002/1.0000	14.transplant=0.0000/1.0000	15.minl=0.0000/1.0000	15.peel=0.0000/1.0000	16.late=0.0291/1.0000	17.final=0.0040/1.0000	18.simp=0.0000/1.0000	19.five=0.0000/1.0000	20.lt1k=0.0017/1.0000	21.comp=0.0000/1.0000	22.win=0.0005/1.0000	final=1.0000
COUNTS	tln2	32	88	233	233
LADGATE	22	50000	0.160	1
PHASES	prob02	0.2309	1.portfolio=0.0021/0.8689	1b.indep=0.0000/0.8689	2.descent=0.0000/0.8689	3.search=0.1269/0.8689	4.subtree=0.0000/0.8689	4b.indep-accept=0.0000/0.8689	5.terminal=0.0000/0.8689	6.extra=0.0000/0.8689	7.telos=0.0000/0.8689	8.cleanup=0.0000/0.8689	9.reduce=0.0000/0.8689	10.completion=0.0000/0.8689	11.corecand=0.0003/0.8689	12.peo=0.0000/0.8689	13p.prep=0.0000/0.0000	13p.seeds=8.0000/0.0000	13p.rounds=12.0000/0.0000	13p.ledger=1997.0000/0.0000	13p.recon=0.0000/0.0449	13p.mcs=0.0000/0.0000	13.alt=0.0001/0.8689	14.transplant=0.0000/0.8689	15.minl=0.0000/0.8689	15.peel=0.0000/0.8689	16.late=0.0282/0.8689	17.final=0.0000/0.8689	18.simp=0.0000/0.8689	19.five=0.0000/0.8689	20.lt1k=0.0010/0.8689	21.comp=0.0000/0.8689	22.win=0.0005/0.8689	final=0.8689
COUNTS	prob02	22	76	267	232
LADGATE	1422	50000	0.342	1
PHASES	blend146	0.3849	1.portfolio=0.1145/0.8375	1b.indep=0.0067/0.8375	2.descent=0.0006/0.8375	3.search=0.0758/0.8375	4.subtree=0.0132/0.8305	4b.indep-accept=0.0000/0.8305	5.terminal=0.0018/0.8305	6.extra=0.0016/0.8305	7.telos=0.0000/0.8305	8.cleanup=0.0030/0.8232	9.reduce=0.0576/0.8232	10.completion=0.0014/0.8232	11.corecand=0.0000/0.8232	12.peo=0.0006/0.8232	13p.prep=0.0024/0.0000	13p.seeds=8.0000/0.0000	13p.rounds=16.0000/0.0000	13p.ledger=194279.0000/0.0000	13p.recon=0.0025/0.0002	13p.mcs=0.0016/0.0000	13.alt=0.0086/0.8232	14.transplant=0.0018/0.8232	15.minl=0.0029/0.8232	15.peel=0.0000/0.8232	16.late=0.0181/0.8232	17.final=0.0039/0.8232	18.simp=0.0006/0.8232	19.five=0.0010/0.8232	20.lt1k=0.0000/0.8232	21.comp=0.0000/0.8232	22.win=0.0134/0.8232	final=0.8232
COUNTS	blend146	1422	4460	78102	64296
LADGATE	4518	50000	0.472	1
PHASES	mpbp_46	0.5303	1.portfolio=0.1771/0.9041	1b.indep=0.0152/0.9041	2.descent=0.0084/0.8970	3.search=0.0734/0.8970	4.subtree=0.0068/0.8970	4b.indep-accept=0.0001/0.8970	5.terminal=0.0022/0.8970	6.extra=0.0021/0.8970	7.telos=0.0002/0.8970	8.cleanup=0.0084/0.8970	9.reduce=0.1166/0.8970	10.completion=0.0086/0.8970	11.corecand=0.0002/0.8970	12.peo=0.0018/0.8970	13p.prep=0.0000/0.0000	13p.seeds=0.0000/0.0000	13p.rounds=0.0000/0.0000	13p.ledger=0.0000/0.0000	13p.recon=0.0000/0.0000	13p.mcs=0.0000/0.0000	13.alt=0.0002/0.8970	14.transplant=0.0086/0.8970	15.minl=0.0142/0.8970	15.peel=0.0002/0.8970	16.late=0.0001/0.8970	17.final=0.0048/0.8970	18.simp=0.0019/0.8970	19.five=0.0075/0.8970	20.lt1k=0.0002/0.8970	21.comp=0.0001/0.8970	22.win=0.0091/0.8970	final=0.8970
COUNTS	mpbp_46	4518	14492	499547	448091
LADGATE	413	50000	0.403	1
PHASES	tls6	0.4576	1.portfolio=0.0835/0.9583	1b.indep=0.0020/0.9583	2.descent=0.0002/0.9583	3.search=0.1075/0.9583	4.subtree=0.0179/0.9481	4b.indep-accept=0.0000/0.9481	5.terminal=0.0023/0.9481	6.extra=0.0021/0.9481	7.telos=0.0000/0.9481	8.cleanup=0.0009/0.9474	9.reduce=0.0843/0.9474	10.completion=0.0003/0.9474	11.corecand=0.0114/0.9474	12.peo=0.0003/0.9474	13p.prep=0.0009/0.0000	13p.seeds=8.0000/0.0000	13p.rounds=14.0000/0.0000	13p.ledger=80039.0000/0.0000	13p.recon=0.0010/0.0008	13p.mcs=0.0006/0.0000	13.alt=0.0034/0.9474	14.transplant=0.0006/0.9474	15.minl=0.0009/0.9474	15.peel=0.0000/0.9474	16.late=0.0229/0.9474	17.final=0.0051/0.9474	18.simp=0.0002/0.9474	19.five=0.0006/0.9474	20.lt1k=0.0419/0.9474	21.comp=0.0004/0.9474	22.win=0.0063/0.9474	final=0.9474
COUNTS	tls6	413	2860	18483	17511
LADGATE	21925	50000	0.398	1
PHASES	emfl100_5_5	0.3987	1.portfolio=0.1806/1.0000	1b.indep=0.0744/1.0000	2.descent=0.0005/1.0000	3.search=0.0005/1.0000	4.subtree=0.0034/1.0000	4b.indep-accept=0.0005/1.0000	5.terminal=0.0047/1.0000	6.extra=0.0005/1.0000	7.telos=0.0005/1.0000	8.cleanup=0.0005/1.0000	9.reduce=0.0434/1.0000	10.completion=0.0081/1.0000	11.corecand=0.0005/1.0000	12.peo=0.0058/1.0000	13p.prep=0.0193/0.0000	13p.seeds=8.0000/0.0000	13p.rounds=11.0000/0.0000	13p.ledger=955681.0000/0.0000	13p.recon=0.0109/0.0000	13p.mcs=0.0058/0.0000	13.alt=0.0474/1.0000	14.transplant=0.0089/1.0000	15.minl=0.0161/1.0000	15.peel=0.0005/1.0000	16.late=0.0005/1.0000	17.final=0.0043/1.0000	18.simp=0.0006/1.0000	19.five=0.0005/1.0000	20.lt1k=0.0005/1.0000	21.comp=0.0005/1.0000	22.win=0.0005/1.0000	final=1.0000
COUNTS	emfl100_5_5	21925	52300	221650	221650
LADGATE	341	50000	0.190	1
PHASES	qspp_0_11_0_1_10_1	0.1952	1.portfolio=0.0720/0.9929	1b.indep=0.0097/0.9929	2.descent=0.0006/0.9929	3.search=0.0002/0.9929	4.subtree=0.0048/0.9926	4b.indep-accept=0.0002/0.9926	5.terminal=0.0026/0.9926	6.extra=0.0022/0.9926	7.telos=0.0002/0.9926	8.cleanup=0.0011/0.9926	9.reduce=0.0196/0.9926	10.completion=0.0026/0.9926	11.corecand=0.0002/0.9926	12.peo=0.0017/0.9926	13p.prep=0.0065/0.0000	13p.seeds=8.0000/0.0000	13p.rounds=16.0000/0.0000	13p.ledger=1110647.0000/0.0000	13p.recon=0.0037/0.0000	13p.mcs=0.0051/0.0000	13.alt=0.0233/0.9926	14.transplant=0.0007/0.9926	15.minl=0.0026/0.9926	15.peel=0.0002/0.9926	16.late=0.0002/0.9926	17.final=0.0030/0.9926	18.simp=0.0006/0.9926	19.five=0.0008/0.9926	20.lt1k=0.0030/0.9926	21.comp=0.0002/0.9926	22.win=0.0155/0.9926	final=0.9911
COUNTS	qspp_0_11_0_1_10_1	341	44264	3563707	3531915
LADGATE	403	50000	0.290	1
PHASES	p_ball_10b_5p_4d_m	0.3437	1.portfolio=0.0401/0.9787	1b.indep=0.0011/0.9787	2.descent=0.0001/0.9787	3.search=0.0972/0.9787	4.subtree=0.0029/0.9787	4b.indep-accept=0.0000/0.9787	5.terminal=0.0022/0.9787	6.extra=0.0021/0.9787	7.telos=0.0000/0.9787	8.cleanup=0.0003/0.9787	9.reduce=0.0700/0.9784	10.completion=0.0003/0.9784	11.corecand=0.0080/0.9784	12.peo=0.0002/0.9784	13p.prep=0.0004/0.0000	13p.seeds=8.0000/0.0000	13p.rounds=11.0000/0.0000	13p.ledger=39874.0000/0.0000	13p.recon=0.0005/0.0008	13p.mcs=0.0003/0.0000	13.alt=0.0015/0.9784	14.transplant=0.0004/0.9784	15.minl=0.0004/0.9784	15.peel=0.0000/0.9784	16.late=0.0213/0.9784	17.final=0.0037/0.9784	18.simp=0.0001/0.9784	19.five=0.0004/0.9784	20.lt1k=0.0318/0.9784	21.comp=0.0003/0.9784	22.win=0.0023/0.9784	final=0.9784
COUNTS	p_ball_10b_5p_4d_m	403	1484	13581	13288
LADGATE	90	50000	0.249	1
PHASES	st_rv9	0.3189	1.portfolio=0.0137/0.9447	1b.indep=0.0005/0.9447	2.descent=0.0000/0.9447	3.search=0.1225/0.9447	4.subtree=0.0022/0.9447	4b.indep-accept=0.0000/0.9447	5.terminal=0.0025/0.9447	6.extra=0.0025/0.9447	7.telos=0.0000/0.9447	8.cleanup=0.0001/0.9447	9.reduce=0.0615/0.9447	10.completion=0.0001/0.9447	11.corecand=0.0012/0.9447	12.peo=0.0001/0.9447	13p.prep=0.0002/0.0000	13p.seeds=8.0000/0.0000	13p.rounds=16.0000/0.0000	13p.ledger=25773.0000/0.0000	13p.recon=0.0002/0.0024	13p.mcs=0.0002/0.0000	13.alt=0.0008/0.9447	14.transplant=0.0000/0.9447	15.minl=0.0001/0.9447	15.peel=0.0000/0.9447	16.late=0.0277/0.9447	17.final=0.0039/0.9447	18.simp=0.0000/0.9447	19.five=0.0001/0.9447	20.lt1k=0.0049/0.9447	21.comp=0.0001/0.9447	22.win=0.0019/0.9447	final=0.9447
COUNTS	st_rv9	90	840	6691	6321
LADGATE	3486	50000	0.496	1
PHASES	rsyn0840m02m	0.5107	1.portfolio=0.1257/0.9956	1b.indep=0.0104/0.9956	2.descent=0.0032/0.9927	3.search=0.0751/0.9675	4.subtree=0.1454/0.9566	4b.indep-accept=0.0001/0.9566	5.terminal=0.0021/0.9566	6.extra=0.0023/0.9566	7.telos=0.0001/0.9566	8.cleanup=0.0138/0.9557	9.reduce=0.0724/0.9557	10.completion=0.0021/0.9553	11.corecand=0.0001/0.9553	12.peo=0.0013/0.9553	13p.prep=0.0000/0.0000	13p.seeds=0.0000/0.0000	13p.rounds=0.0000/0.0000	13p.ledger=0.0000/0.0000	13p.recon=0.0000/0.0000	13p.mcs=0.0000/0.0000	13.alt=0.0001/0.9553	14.transplant=0.0054/0.9550	15.minl=0.0071/0.9550	15.peel=0.0001/0.9550	16.late=0.0001/0.9550	17.final=0.0052/0.9550	18.simp=0.0030/0.9539	19.five=0.0044/0.9503	20.lt1k=0.0001/0.9503	21.comp=0.0001/0.9503	22.win=0.0101/0.9500	final=0.9468
COUNTS	rsyn0840m02m	3486	9576	47529	45000
LADGATE	22	50000	0.157	1
PHASES	nvs05	0.2301	1.portfolio=0.0024/0.9603	1b.indep=0.0000/0.9603	2.descent=0.0000/0.9603	3.search=0.1235/0.9603	4.subtree=0.0000/0.9603	4b.indep-accept=0.0000/0.9603	5.terminal=0.0000/0.9603	6.extra=0.0000/0.9603	7.telos=0.0000/0.9603	8.cleanup=0.0000/0.9603	9.reduce=0.0000/0.9603	10.completion=0.0000/0.9603	11.corecand=0.0003/0.9603	12.peo=0.0000/0.9603	13p.prep=0.0000/0.0000	13p.seeds=8.0000/0.0000	13p.rounds=12.0000/0.0000	13p.ledger=2149.0000/0.0000	13p.recon=0.0000/0.0433	13p.mcs=0.0000/0.0000	13.alt=0.0001/0.9603	14.transplant=0.0000/0.9603	15.minl=0.0000/0.9603	15.peel=0.0000/0.9603	16.late=0.0284/0.9603	17.final=0.0000/0.9603	18.simp=0.0000/0.9603	19.five=0.0000/0.9603	20.lt1k=0.0011/0.9603	21.comp=0.0000/0.9603	22.win=0.0006/0.9603	final=0.9603
COUNTS	nvs05	22	84	277	266
PHASES	autocorr_bern25-19	0.0000	final=1.0000
COUNTS	autocorr_bern25-19	28	612	5278	5278
LADGATE	356	50000	0.282	1
PHASES	sssd20-08persp	0.3411	1.portfolio=0.0323/1.0000	1b.indep=0.0010/1.0000	2.descent=0.0001/1.0000	3.search=0.1114/1.0000	4.subtree=0.0030/1.0000	4b.indep-accept=0.0000/1.0000	5.terminal=0.0018/1.0000	6.extra=0.0000/1.0000	7.telos=0.0000/1.0000	8.cleanup=0.0002/1.0000	9.reduce=0.0610/1.0000	10.completion=0.0001/1.0000	11.corecand=0.0065/1.0000	12.peo=0.0001/1.0000	13p.prep=0.0002/0.0000	13p.seeds=8.0000/0.0000	13p.rounds=8.0000/0.0000	13p.ledger=22384.0000/0.0000	13p.recon=0.0003/0.0016	13p.mcs=0.0001/0.0000	13.alt=0.0009/1.0000	14.transplant=0.0000/1.0000	15.minl=0.0001/1.0000	15.peel=0.0000/1.0000	16.late=0.0228/1.0000	17.final=0.0054/1.0000	18.simp=0.0001/1.0000	19.five=0.0003/1.0000	20.lt1k=0.0265/1.0000	21.comp=0.0002/1.0000	22.win=0.0030/1.0000	final=1.0000
COUNTS	sssd20-08persp	356	1232	4960	4960
LADGATE	827	50000	0.561	1
PHASES	multiplants_stg5	0.6059	1.portfolio=0.2338/0.4302	1b.indep=0.0065/0.4302	2.descent=0.0004/0.4302	3.search=0.0851/0.4302	4.subtree=0.0212/0.4279	4b.indep-accept=0.0001/0.4279	5.terminal=0.0029/0.4279	6.extra=0.0035/0.4279	7.telos=0.0001/0.4279	8.cleanup=0.0030/0.4278	9.reduce=0.0477/0.4278	10.completion=0.0038/0.4278	11.corecand=0.0172/0.4278	12.peo=0.0005/0.4278	13p.prep=0.0009/0.0000	13p.seeds=8.0000/0.0000	13p.rounds=8.0000/0.0000	13p.ledger=97659.0000/0.0000	13p.recon=0.0012/0.0000	13p.mcs=0.0009/0.0000	13.alt=0.0039/0.4278	14.transplant=0.0017/0.4276	15.minl=0.0033/0.4276	15.peel=0.0000/0.4276	16.late=0.0173/0.4276	17.final=0.0134/0.4275	18.simp=0.0005/0.4275	19.five=0.0024/0.4263	20.lt1k=0.0686/0.4207	21.comp=0.0056/0.4157	22.win=0.0081/0.4153	final=0.4122
COUNTS	multiplants_stg5	827	3804	377794	155722
LADGATE	2032	50000	0.666	1
PHASES	chimera_rfr-02	0.6898	1.portfolio=0.2520/0.6708	1b.indep=0.0225/0.6708	2.descent=0.0049/0.6704	3.search=0.0285/0.6689	4.subtree=0.0859/0.6574	4b.indep-accept=0.0002/0.6574	5.terminal=0.0021/0.6574	6.extra=0.0021/0.6574	7.telos=0.0002/0.6574	8.cleanup=0.0203/0.6549	9.reduce=0.0440/0.6549	10.completion=0.0145/0.6549	11.corecand=0.0002/0.6549	12.peo=0.0025/0.6549	13p.prep=0.0144/0.0000	13p.seeds=8.0000/0.0000	13p.rounds=36.0000/0.0000	13p.ledger=2572196.0000/0.0000	13p.recon=0.0257/0.0000	13p.mcs=0.0236/0.0000	13.alt=0.0807/0.6549	14.transplant=0.0077/0.6547	15.minl=0.0408/0.6531	15.peel=0.0002/0.6531	16.late=0.0002/0.6531	17.final=0.0145/0.6530	18.simp=0.0045/0.6530	19.five=0.0106/0.6526	20.lt1k=0.0002/0.6526	21.comp=0.0002/0.6526	22.win=0.0173/0.6516	final=0.6452
COUNTS	chimera_rfr-02	2032	15140	3860441	2490654
LADGATE	726	50000	0.548	1
PHASES	multiplants_stg1a	0.5938	1.portfolio=0.1929/0.8977	1b.indep=0.0068/0.8977	2.descent=0.0004/0.8977	3.search=0.0791/0.8960	4.subtree=0.0498/0.8571	4b.indep-accept=0.0000/0.8571	5.terminal=0.0015/0.8569	6.extra=0.0029/0.8558	7.telos=0.0000/0.8558	8.cleanup=0.0019/0.8549	9.reduce=0.0693/0.8549	10.completion=0.0023/0.8549	11.corecand=0.0158/0.8549	12.peo=0.0005/0.8549	13p.prep=0.0008/0.0000	13p.seeds=8.0000/0.0000	13p.rounds=8.0000/0.0000	13p.ledger=84511.0000/0.0000	13p.recon=0.0010/0.0001	13p.mcs=0.0008/0.0000	13.alt=0.0034/0.8549	14.transplant=0.0014/0.8549	15.minl=0.0027/0.8549	15.peel=0.0000/0.8549	16.late=0.0170/0.8549	17.final=0.0043/0.8549	18.simp=0.0004/0.8549	19.five=0.0013/0.8549	20.lt1k=0.0628/0.8549	21.comp=0.0023/0.8549	22.win=0.0127/0.8549	final=0.8549
COUNTS	multiplants_stg1a	726	3510	142058	121443
LADGATE	170	50000	0.237	1
PHASES	pooling_adhya4pq	0.3046	1.portfolio=0.0210/0.8936	1b.indep=0.0010/0.8936	2.descent=0.0001/0.8900	3.search=0.1036/0.7918	4.subtree=0.0104/0.6843	4b.indep-accept=0.0000/0.6843	5.terminal=0.0027/0.6843	6.extra=0.0026/0.6843	7.telos=0.0000/0.6843	8.cleanup=0.0002/0.6843	9.reduce=0.0393/0.6843	10.completion=0.0004/0.6843	11.corecand=0.0030/0.6843	12.peo=0.0001/0.6843	13p.prep=0.0003/0.0000	13p.seeds=8.0000/0.0000	13p.rounds=14.0000/0.0000	13p.ledger=36069.0000/0.0000	13p.recon=0.0004/0.0006	13p.mcs=0.0004/0.0000	13.alt=0.0014/0.6843	14.transplant=0.0002/0.6843	15.minl=0.0004/0.6843	15.peel=0.0000/0.6843	16.late=0.0271/0.6843	17.final=0.0037/0.6843	18.simp=0.0001/0.6843	19.five=0.0002/0.6843	20.lt1k=0.0120/0.6843	21.comp=0.0004/0.6843	22.win=0.0032/0.6843	final=0.6809
COUNTS	pooling_adhya4pq	170	932	24314	16556
LADGATE	17493	50000	0.648	1
PHASES	nuclear10a	0.6486	1.portfolio=0.1532/1.0000	1b.indep=0.1242/0.8730	2.descent=0.0010/0.8730	3.search=0.0010/0.8730	4.subtree=0.1244/0.8575	4b.indep-accept=0.0011/0.8575	5.terminal=0.0073/0.8575	6.extra=0.0010/0.8575	7.telos=0.0010/0.8575	8.cleanup=0.0011/0.8575	9.reduce=0.1249/0.7602	10.completion=0.0029/0.7602	11.corecand=0.0009/0.7602	12.peo=0.0145/0.7070	13p.prep=0.0168/0.0000	13p.seeds=8.0000/0.0000	13p.rounds=8.0000/0.0000	13p.ledger=601404.0000/0.0000	13p.recon=0.0035/0.0000	13p.mcs=0.0043/0.0000	13.alt=0.0289/0.7070	14.transplant=0.0084/0.6774	15.minl=0.0094/0.6774	15.peel=0.0009/0.6774	16.late=0.0009/0.6774	17.final=0.0287/0.6766	18.simp=0.0010/0.6766	19.five=0.0010/0.6766	20.lt1k=0.0010/0.6766	21.comp=0.0010/0.6766	22.win=0.0010/0.6766	final=0.6766
COUNTS	nuclear10a	17493	163816	82406325	55754381
LADGATE	874	50000	0.540	1
PHASES	sonet24v5	0.5825	1.portfolio=0.1263/0.6007	1b.indep=0.0070/0.6007	2.descent=0.0005/0.6007	3.search=0.0839/0.5993	4.subtree=0.0303/0.5962	4b.indep-accept=0.0000/0.5962	5.terminal=0.0033/0.5962	6.extra=0.0034/0.5962	7.telos=0.0001/0.5962	8.cleanup=0.0011/0.5962	9.reduce=0.0440/0.5962	10.completion=0.0019/0.5962	11.corecand=0.0315/0.5962	12.peo=0.0006/0.5962	13p.prep=0.0033/0.0000	13p.seeds=8.0000/0.0000	13p.rounds=26.0000/0.0000	13p.ledger=395578.0000/0.0000	13p.recon=0.0038/0.0001	13p.mcs=0.0025/0.0000	13.alt=0.0132/0.5962	14.transplant=0.0021/0.5962	15.minl=0.0034/0.5962	15.peel=0.0001/0.5962	16.late=0.0155/0.5940	17.final=0.0102/0.5940	18.simp=0.0005/0.5940	19.five=0.0016/0.5940	20.lt1k=0.1263/0.5940	21.comp=0.0019/0.5940	22.win=0.0148/0.5940	final=0.5940
COUNTS	sonet24v5	874	7260	185654	110276
PHASES	transswitch2736spr	0.5392	1.portfolio=0.1324/0.9249	1b.indep=0.0545/0.9249	2.descent=0.0041/0.9249	3.search=0.0041/0.9249	4.subtree=0.0041/0.9249	4b.indep-accept=0.0040/0.9249	5.terminal=0.0041/0.9249	6.extra=0.0040/0.9249	7.telos=0.0040/0.9249	8.cleanup=0.0040/0.9249	9.reduce=0.0350/0.9249	10.completion=0.0042/0.9249	11.corecand=0.0041/0.9249	12.peo=0.0565/0.9238	13p.prep=0.0000/0.0000	13p.seeds=0.0000/0.0000	13p.rounds=0.0000/0.0000	13p.ledger=0.0000/0.0000	13p.recon=0.0000/0.0000	13p.mcs=0.0000/0.0000	13.alt=0.0037/0.9238	14.transplant=0.0037/0.9238	15.minl=0.1746/0.9179	15.peel=0.0034/0.9179	16.late=0.0034/0.9179	17.final=0.0035/0.9179	18.simp=0.0034/0.9179	19.five=0.0036/0.9179	20.lt1k=0.0035/0.9179	21.comp=0.0036/0.9179	22.win=0.0035/0.9179	final=0.9179
COUNTS	transswitch2736spr	69651	331010	7933133	7281507
LADGATE	8992	50000	0.555	1
PHASES	chp_shorttermplan2a	0.5794	1.portfolio=0.1968/0.7148	1b.indep=0.0270/0.7148	2.descent=0.0157/0.7148	3.search=0.0003/0.7148	4.subtree=0.0290/0.7127	4b.indep-accept=0.0003/0.7127	5.terminal=0.0033/0.7127	6.extra=0.0030/0.7127	7.telos=0.0003/0.7127	8.cleanup=0.0334/0.7124	9.reduce=0.0767/0.7124	10.completion=0.0121/0.7123	11.corecand=0.0064/0.7074	12.peo=0.0055/0.7070	13p.prep=0.0116/0.0000	13p.seeds=8.0000/0.0000	13p.rounds=15.0000/0.0000	13p.ledger=1124510.0000/0.0000	13p.recon=0.0128/0.0000	13p.mcs=0.0070/0.0000	13.alt=0.0432/0.7070	14.transplant=0.0110/0.7056	15.minl=0.0204/0.7056	15.peel=0.0003/0.7056	16.late=0.0003/0.7056	17.final=0.0269/0.7037	18.simp=0.0002/0.7037	19.five=0.0151/0.7035	20.lt1k=0.0002/0.7035	21.comp=0.0002/0.7035	22.win=0.0222/0.7035	final=0.7035
COUNTS	chp_shorttermplan2a	8992	26288	821014	577543
LADGATE	1001	50000	0.230	1
PHASES	catmix200	0.2745	1.portfolio=0.0468/0.9995	1b.indep=0.0025/0.9995	2.descent=0.0003/0.9995	3.search=0.0827/0.9995	4.subtree=0.0016/0.9995	4b.indep-accept=0.0000/0.9995	5.terminal=0.0010/0.9995	6.extra=0.0011/0.9995	7.telos=0.0000/0.9995	8.cleanup=0.0010/0.9995	9.reduce=0.0312/0.9995	10.completion=0.0003/0.9995	11.corecand=0.0000/0.9995	12.peo=0.0003/0.9995	13p.prep=0.0021/0.0000	13p.seeds=8.0000/0.0000	13p.rounds=22.0000/0.0000	13p.ledger=248604.0000/0.0000	13p.recon=0.0021/0.0012	13p.mcs=0.0010/0.0000	13.alt=0.0070/0.9995	14.transplant=0.0001/0.9995	15.minl=0.0005/0.9995	15.peel=0.0000/0.9995	16.late=0.0177/0.9995	17.final=0.0014/0.9995	18.simp=0.0003/0.9995	19.five=0.0007/0.9995	20.lt1k=0.0000/0.9995	21.comp=0.0000/0.9995	22.win=0.0164/0.9995	final=0.9995
COUNTS	catmix200	1001	5592	18173	18164
PHASES	nvs23	0.0000	final=0.6356
COUNTS	nvs23	27	252	1921	1221
LADGATE	20	50000	0.142	1
PHASES	oaer	0.1581	1.portfolio=0.0017/1.0000	1b.indep=0.0000/1.0000	2.descent=0.0000/1.0000	3.search=0.1127/1.0000	4.subtree=0.0000/1.0000	4b.indep-accept=0.0000/1.0000	5.terminal=0.0000/1.0000	6.extra=0.0000/1.0000	7.telos=0.0000/1.0000	8.cleanup=0.0000/1.0000	9.reduce=0.0000/1.0000	10.completion=0.0000/1.0000	11.corecand=0.0003/1.0000	12.peo=0.0000/1.0000	13p.prep=0.0000/0.0000	13p.seeds=6.0000/0.0000	13p.rounds=11.0000/0.0000	13p.ledger=1171.0000/0.0000	13p.recon=0.0000/0.1028	13p.mcs=0.0000/0.0000	13.alt=0.0001/1.0000	14.transplant=0.0000/1.0000	15.minl=0.0000/1.0000	15.peel=0.0000/1.0000	16.late=0.0255/1.0000	17.final=0.0000/1.0000	18.simp=0.0000/1.0000	19.five=0.0000/1.0000	20.lt1k=0.0012/1.0000	21.comp=0.0000/1.0000	22.win=0.0002/1.0000	final=1.0000
COUNTS	oaer	20	40	107	107
LADGATE	168	50000	0.188	1
PHASES	hybriddynamic_fixed	0.2051	1.portfolio=0.0085/1.0000	1b.indep=0.0004/1.0000	2.descent=0.0000/1.0000	3.search=0.1205/1.0000	4.subtree=0.0015/1.0000	4b.indep-accept=0.0000/1.0000	5.terminal=0.0028/1.0000	6.extra=0.0000/1.0000	7.telos=0.0000/1.0000	8.cleanup=0.0002/1.0000	9.reduce=0.0001/1.0000	10.completion=0.0001/1.0000	11.corecand=0.0021/1.0000	12.peo=0.0001/1.0000	13p.prep=0.0004/0.0000	13p.seeds=8.0000/0.0000	13p.rounds=22.0000/0.0000	13p.ledger=21542.0000/0.0000	13p.recon=0.0003/0.0199	13p.mcs=0.0002/0.0000	13.alt=0.0012/1.0000	14.transplant=0.0000/1.0000	15.minl=0.0001/1.0000	15.peel=0.0000/1.0000	16.late=0.0273/1.0000	17.final=0.0036/1.0000	18.simp=0.0000/1.0000	19.five=0.0002/1.0000	20.lt1k=0.0082/1.0000	21.comp=0.0001/1.0000	22.win=0.0045/1.0000	final=1.0000
COUNTS	hybriddynamic_fixed	168	388	1103	1103
LADGATE	16747	50000	0.558	1
PHASES	edgecross24-115	0.5585	1.portfolio=0.2152/0.8174	1b.indep=0.0960/0.8174	2.descent=0.0006/0.8174	3.search=0.0006/0.8174	4.subtree=0.0048/0.8174	4b.indep-accept=0.0006/0.8174	5.terminal=0.0052/0.8174	6.extra=0.0006/0.8174	7.telos=0.0006/0.8174	8.cleanup=0.0006/0.8174	9.reduce=0.0249/0.8174	10.completion=0.0068/0.8174	11.corecand=0.0006/0.8174	12.peo=0.0157/0.8174	13p.prep=0.0151/0.0000	13p.seeds=8.0000/0.0000	13p.rounds=9.0000/0.0000	13p.ledger=767025.0000/0.0000	13p.recon=0.0064/0.0000	13p.mcs=0.0061/0.0000	13.alt=0.0339/0.8174	14.transplant=0.0098/0.8173	15.minl=0.1369/0.8173	15.peel=0.0006/0.8173	16.late=0.0006/0.8173	17.final=0.0050/0.8173	18.simp=0.0006/0.8173	19.five=0.0006/0.8173	20.lt1k=0.0006/0.8173	21.comp=0.0006/0.8173	22.win=0.0006/0.8173	final=0.8173
COUNTS	edgecross24-115	16747	77352	35096942	28685704
LADGATE	1178	50000	0.307	1
PHASES	space25	0.3511	1.portfolio=0.0769/0.9683	1b.indep=0.0037/0.9683	2.descent=0.0005/0.9655	3.search=0.0897/0.9603	4.subtree=0.0048/0.9603	4b.indep-accept=0.0000/0.9603	5.terminal=0.0015/0.9603	6.extra=0.0015/0.9603	7.telos=0.0000/0.9603	8.cleanup=0.0011/0.9603	9.reduce=0.0766/0.9565	10.completion=0.0006/0.9559	11.corecand=0.0000/0.9559	12.peo=0.0004/0.9559	13p.prep=0.0013/0.0000	13p.seeds=8.0000/0.0000	13p.rounds=14.0000/0.0000	13p.ledger=136112.0000/0.0000	13p.recon=0.0014/0.0006	13p.mcs=0.0007/0.0000	13.alt=0.0049/0.9559	14.transplant=0.0016/0.9559	15.minl=0.0016/0.9559	15.peel=0.0000/0.9559	16.late=0.0178/0.9559	17.final=0.0043/0.9559	18.simp=0.0004/0.9559	19.five=0.0006/0.9559	20.lt1k=0.0000/0.9559	21.comp=0.0000/0.9559	22.win=0.0081/0.9559	final=0.9559
COUNTS	space25	1178	4334	23567	22528
LADGATE	23999	50000	0.550	1
PHASES	methanol400	0.5503	1.portfolio=0.0992/0.9653	1b.indep=0.0759/0.7289	2.descent=0.0010/0.7289	3.search=0.0010/0.7289	4.subtree=0.1396/0.7234	4b.indep-accept=0.0010/0.7234	5.terminal=0.0098/0.7231	6.extra=0.0010/0.7231	7.telos=0.0010/0.7231	8.cleanup=0.0010/0.7231	9.reduce=0.0272/0.7231	10.completion=0.0208/0.7231	11.corecand=0.0010/0.7231	12.peo=0.0221/0.7231	13p.prep=0.0319/0.0000	13p.seeds=8.0000/0.0000	13p.rounds=10.0000/0.0000	13p.ledger=782177.0000/0.0000	13p.recon=0.0084/0.0000	13p.mcs=0.0055/0.0000	13.alt=0.0547/0.7231	14.transplant=0.0070/0.7231	15.minl=0.0470/0.7230	15.peel=0.0009/0.7230	16.late=0.0009/0.7230	17.final=0.0365/0.7208	18.simp=0.0010/0.7208	19.five=0.0009/0.7208	20.lt1k=0.0010/0.7208	21.comp=0.0009/0.7208	22.win=0.0010/0.7208	final=0.7208
COUNTS	methanol400	23999	151728	2586036	1864047
LADGATE	1218	50000	0.494	1
PHASES	pooling_foulds5tp	0.5330	1.portfolio=0.2073/0.6828	1b.indep=0.0117/0.6828	2.descent=0.0011/0.6828	3.search=0.1443/0.6828	4.subtree=0.0003/0.6828	4b.indep-accept=0.0000/0.6828	5.terminal=0.0015/0.6828	6.extra=0.0015/0.6828	7.telos=0.0000/0.6828	8.cleanup=0.0014/0.6828	9.reduce=0.0769/0.6828	10.completion=0.0019/0.6828	11.corecand=0.0000/0.6828	12.peo=0.0006/0.6828	13p.prep=0.0023/0.0000	13p.seeds=8.0000/0.0000	13p.rounds=18.0000/0.0000	13p.ledger=349195.0000/0.0000	13p.recon=0.0030/0.0001	13p.mcs=0.0021/0.0000	13.alt=0.0096/0.6828	14.transplant=0.0014/0.6828	15.minl=0.0024/0.6828	15.peel=0.0000/0.6828	16.late=0.0033/0.6828	17.final=0.0014/0.6828	18.simp=0.0006/0.6828	19.five=0.0008/0.6828	20.lt1k=0.0000/0.6828	21.comp=0.0000/0.6828	22.win=0.0116/0.6828	final=0.6828
COUNTS	pooling_foulds5tp	1218	8364	251833	171941
LADGATE	5040	50000	0.613	1
PHASES	pooling_sppa9tp	0.6273	1.portfolio=0.2761/0.1801	1b.indep=0.0265/0.1801	2.descent=0.0006/0.1801	3.search=0.0005/0.1801	4.subtree=0.1494/0.1654	4b.indep-accept=0.0006/0.1654	5.terminal=0.0044/0.1654	6.extra=0.0006/0.1654	7.telos=0.0006/0.1654	8.cleanup=0.0006/0.1654	9.reduce=0.0233/0.1654	10.completion=0.0135/0.1627	11.corecand=0.0005/0.1627	12.peo=0.0161/0.1625	13p.prep=0.0000/0.0000	13p.seeds=0.0000/0.0000	13p.rounds=0.0000/0.0000	13p.ledger=0.0000/0.0000	13p.recon=0.0000/0.0000	13p.mcs=0.0000/0.0000	13.alt=0.0005/0.1625	14.transplant=0.0044/0.1625	15.minl=0.0422/0.1625	15.peel=0.0005/0.1625	16.late=0.0005/0.1625	17.final=0.0329/0.1613	18.simp=0.0005/0.1613	19.five=0.0005/0.1613	20.lt1k=0.0005/0.1613	21.comp=0.0005/0.1613	22.win=0.0088/0.1613	final=0.1613
COUNTS	pooling_sppa9tp	5040	121302	104609262	16877457
PHASES	st_miqp2	0.0000	final=1.0000
COUNTS	st_miqp2	10	18	37	37
PHASES	autocorr_bern30-23	0.0000	final=1.0000
COUNTS	autocorr_bern30-23	33	878	8940	8940
LADGATE	9858	50000	0.727	1
PHASES	mpbp_15	0.7690	1.portfolio=0.1917/0.8156	1b.indep=0.0300/0.8156	2.descent=0.0119/0.8156	3.search=0.0003/0.8156	4.subtree=0.1485/0.8105	4b.indep-accept=0.0003/0.8105	5.terminal=0.0039/0.8105	6.extra=0.0035/0.8105	7.telos=0.0003/0.8105	8.cleanup=0.0246/0.8093	9.reduce=0.0484/0.8093	10.completion=0.0163/0.8082	11.corecand=0.0003/0.8082	12.peo=0.0034/0.8082	13p.prep=0.0338/0.0000	13p.seeds=8.0000/0.0000	13p.rounds=41.0000/0.0000	13p.ledger=3927484.0000/0.0000	13p.recon=0.0405/0.0000	13p.mcs=0.0233/0.0000	13.alt=0.1290/0.8052	14.transplant=0.0109/0.8036	15.minl=0.0647/0.8026	15.peel=0.0003/0.8026	16.late=0.0003/0.8026	17.final=0.0061/0.8026	18.simp=0.0003/0.8026	19.five=0.0126/0.8008	20.lt1k=0.0003/0.8008	21.comp=0.0003/0.8008	22.win=0.0152/0.8006	final=0.8001
COUNTS	mpbp_15	9858	31692	1496502	1197372
PHASES	cvxnonsep_psig30r	0.0000	final=1.0000
COUNTS	cvxnonsep_psig30r	126	250	501	501
LADGATE	1590	50000	0.434	1
PHASES	rsyn0830hfsg	0.4497	1.portfolio=0.0883/0.9724	1b.indep=0.0061/0.9724	2.descent=0.0008/0.9724	3.search=0.1304/0.9659	4.subtree=0.0170/0.9633	4b.indep-accept=0.0001/0.9633	5.terminal=0.0018/0.9633	6.extra=0.0017/0.9633	7.telos=0.0001/0.9633	8.cleanup=0.0023/0.9633	9.reduce=0.0912/0.9607	10.completion=0.0008/0.9550	11.corecand=0.0001/0.9550	12.peo=0.0006/0.9550	13p.prep=0.0053/0.0000	13p.seeds=8.0000/0.0000	13p.rounds=34.0000/0.0000	13p.ledger=353821.0000/0.0000	13p.recon=0.0050/0.0021	13p.mcs=0.0025/0.0000	13.alt=0.0188/0.9550	14.transplant=0.0028/0.9540	15.minl=0.0028/0.9540	15.peel=0.0000/0.9540	16.late=0.0238/0.9535	17.final=0.0176/0.9514	18.simp=0.0008/0.9514	19.five=0.0013/0.9514	20.lt1k=0.0001/0.9514	21.comp=0.0001/0.9514	22.win=0.0145/0.9514	final=0.9514
COUNTS	rsyn0830hfsg	1590	4100	16168	15383
LADGATE	1271	50000	0.519	1
PHASES	crudeoil_pooling_ct1	0.5629	1.portfolio=0.1372/0.7825	1b.indep=0.0087/0.7825	2.descent=0.0006/0.7825	3.search=0.1654/0.7825	4.subtree=0.0546/0.7527	4b.indep-accept=0.0001/0.7527	5.terminal=0.0015/0.7527	6.extra=0.0014/0.7527	7.telos=0.0001/0.7527	8.cleanup=0.0033/0.7515	9.reduce=0.0784/0.7515	10.completion=0.0026/0.7513	11.corecand=0.0001/0.7513	12.peo=0.0006/0.7513	13p.prep=0.0014/0.0000	13p.seeds=8.0000/0.0000	13p.rounds=9.0000/0.0000	13p.ledger=121349.0000/0.0000	13p.recon=0.0016/0.0001	13p.mcs=0.0010/0.0000	13.alt=0.0055/0.7513	14.transplant=0.0024/0.7512	15.minl=0.0039/0.7512	15.peel=0.0001/0.7512	16.late=0.0159/0.7512	17.final=0.0045/0.7512	18.simp=0.0007/0.7512	19.five=0.0020/0.7504	20.lt1k=0.0001/0.7504	21.comp=0.0000/0.7504	22.win=0.0156/0.7501	final=0.7501
COUNTS	crudeoil_pooling_ct1	1271	4642	125127	93863
LADGATE	800	50000	0.556	1
PHASES	multiplants_stg1c	0.5977	1.portfolio=0.2295/0.9796	1b.indep=0.0079/0.9796	2.descent=0.0004/0.9796	3.search=0.0749/0.9791	4.subtree=0.0314/0.9608	4b.indep-accept=0.0000/0.9608	5.terminal=0.0016/0.9608	6.extra=0.0027/0.9605	7.telos=0.0000/0.9605	8.cleanup=0.0020/0.9589	9.reduce=0.0647/0.9532	10.completion=0.0023/0.9532	11.corecand=0.0178/0.9532	12.peo=0.0005/0.9532	13p.prep=0.0013/0.0000	13p.seeds=8.0000/0.0000	13p.rounds=12.0000/0.0000	13p.ledger=140562.0000/0.0000	13p.recon=0.0016/0.0001	13p.mcs=0.0012/0.0000	13.alt=0.0052/0.9532	14.transplant=0.0014/0.9532	15.minl=0.0014/0.9532	15.peel=0.0000/0.9532	16.late=0.0154/0.9532	17.final=0.0046/0.9532	18.simp=0.0004/0.9532	19.five=0.0013/0.9532	20.lt1k=0.0706/0.9532	21.comp=0.0023/0.9532	22.win=0.0075/0.9532	final=0.9532
COUNTS	multiplants_stg1c	800	3894	150039	143020
LADGATE	11	50000	0.122	1
PHASES	st_pan1	0.1374	1.portfolio=0.0013/0.7642	1b.indep=0.0000/0.7642	2.descent=0.0000/0.7642	3.search=0.1205/0.7642	4.subtree=0.0000/0.7642	4b.indep-accept=0.0000/0.7642	5.terminal=0.0000/0.7642	6.extra=0.0000/0.7642	7.telos=0.0000/0.7642	8.cleanup=0.0000/0.7642	9.reduce=0.0000/0.7642	10.completion=0.0000/0.7642	11.corecand=0.0000/0.7642	12.peo=0.0000/0.7642	13p.prep=0.0000/0.0000	13p.seeds=0.0000/0.0000	13p.rounds=0.0000/0.0000	13p.ledger=0.0000/0.0000	13p.recon=0.0000/0.0000	13p.mcs=0.0000/0.0000	13.alt=0.0000/0.7642	14.transplant=0.0000/0.7642	15.minl=0.0000/0.7642	15.peel=0.0000/0.7642	16.late=0.0000/0.7642	17.final=0.0000/0.7642	18.simp=0.0000/0.7642	19.five=0.0000/0.7642	20.lt1k=0.0000/0.7642	21.comp=0.0000/0.7642	22.win=0.0003/0.7642	final=0.7642
COUNTS	st_pan1	11	32	123	94
LADGATE	814	50000	0.586	1
PHASES	multiplants_stg1b	0.6243	1.portfolio=0.2528/0.6251	1b.indep=0.0072/0.6251	2.descent=0.0005/0.6193	3.search=0.0845/0.6110	4.subtree=0.0188/0.6081	4b.indep-accept=0.0000/0.6081	5.terminal=0.0020/0.6081	6.extra=0.0030/0.6081	7.telos=0.0000/0.6081	8.cleanup=0.0023/0.6079	9.reduce=0.0628/0.6079	10.completion=0.0030/0.6079	11.corecand=0.0179/0.6079	12.peo=0.0006/0.6079	13p.prep=0.0012/0.0000	13p.seeds=8.0000/0.0000	13p.rounds=10.0000/0.0000	13p.ledger=126876.0000/0.0000	13p.recon=0.0016/0.0000	13p.mcs=0.0012/0.0000	13.alt=0.0051/0.6079	14.transplant=0.0016/0.6079	15.minl=0.0032/0.6079	15.peel=0.0000/0.6079	16.late=0.0143/0.6079	17.final=0.0047/0.6079	18.simp=0.0005/0.6079	19.five=0.0016/0.6079	20.lt1k=0.0673/0.6079	21.comp=0.0028/0.6079	22.win=0.0130/0.6079	final=0.6079
COUNTS	multiplants_stg1b	814	3992	308612	187593
LADGATE	11999	50000	0.565	1
PHASES	methanol200	0.6125	1.portfolio=0.1485/0.7376	1b.indep=0.0530/0.7376	2.descent=0.0004/0.7376	3.search=0.0004/0.7376	4.subtree=0.1675/0.7369	4b.indep-accept=0.0005/0.7296	5.terminal=0.0052/0.7288	6.extra=0.0004/0.7288	7.telos=0.0004/0.7288	8.cleanup=0.0004/0.7288	9.reduce=0.0280/0.7288	10.completion=0.0108/0.7288	11.corecand=0.0005/0.7288	12.peo=0.0052/0.7288	13p.prep=0.0000/0.0000	13p.seeds=0.0000/0.0000	13p.rounds=0.0000/0.0000	13p.ledger=0.0000/0.0000	13p.recon=0.0000/0.0000	13p.mcs=0.0000/0.0000	13.alt=0.0004/0.7288	14.transplant=0.0089/0.7061	15.minl=0.0221/0.7061	15.peel=0.0005/0.7061	16.late=0.0005/0.7061	17.final=0.0316/0.7019	18.simp=0.0005/0.7019	19.five=0.0206/0.7019	20.lt1k=0.0004/0.7019	21.comp=0.0004/0.7019	22.win=0.0439/0.7019	final=0.7019
COUNTS	methanol200	11999	76128	1290836	905976
LADGATE	26778	50000	0.556	1
PHASES	faclay35	0.5569	1.portfolio=0.1458/0.9523	1b.indep=0.1126/0.9523	2.descent=0.0009/0.9523	3.search=0.0009/0.9523	4.subtree=0.0065/0.9523	4b.indep-accept=0.0009/0.9523	5.terminal=0.0068/0.9523	6.extra=0.0009/0.9523	7.telos=0.0009/0.9523	8.cleanup=0.0009/0.9523	9.reduce=0.0410/0.9523	10.completion=0.0087/0.9523	11.corecand=0.0009/0.9523	12.peo=0.0219/0.9522	13p.prep=0.0107/0.0000	13p.seeds=4.0000/0.0000	13p.rounds=4.0000/0.0000	13p.ledger=726496.0000/0.0000	13p.recon=0.0062/0.0000	13p.mcs=0.0059/0.0000	13.alt=0.0301/0.9522	14.transplant=0.0077/0.9522	15.minl=0.1570/0.9522	15.peel=0.0009/0.9522	16.late=0.0008/0.9522	17.final=0.0068/0.9522	18.simp=0.0009/0.9522	19.five=0.0009/0.9522	20.lt1k=0.0009/0.9522	21.comp=0.0009/0.9522	22.win=0.0009/0.9522	final=0.9522
COUNTS	faclay35	26778	132380	33630126	32021838
LADGATE	13175	50000	0.261	1
PHASES	emfl050_5_5	0.2610	1.portfolio=0.1193/1.0000	1b.indep=0.0423/1.0000	2.descent=0.0003/1.0000	3.search=0.0003/1.0000	4.subtree=0.0020/1.0000	4b.indep-accept=0.0003/1.0000	5.terminal=0.0030/1.0000	6.extra=0.0003/1.0000	7.telos=0.0003/1.0000	8.cleanup=0.0003/1.0000	9.reduce=0.0344/1.0000	10.completion=0.0049/1.0000	11.corecand=0.0003/1.0000	12.peo=0.0034/1.0000	13p.prep=0.0133/0.0000	13p.seeds=8.0000/0.0000	13p.rounds=13.0000/0.0000	13p.ledger=924290.0000/0.0000	13p.recon=0.0099/0.0001	13p.mcs=0.0050/0.0000	13.alt=0.0383/1.0000	14.transplant=0.0006/1.0000	15.minl=0.0046/1.0000	15.peel=0.0003/1.0000	16.late=0.0003/1.0000	17.final=0.0027/1.0000	18.simp=0.0003/1.0000	19.five=0.0003/1.0000	20.lt1k=0.0003/1.0000	21.comp=0.0003/1.0000	22.win=0.0003/1.0000	final=1.0000
COUNTS	emfl050_5_5	13175	32300	155400	155400
PHASES	transswitch2383wpr	0.6328	1.portfolio=0.2804/0.9810	1b.indep=0.0421/0.9810	2.descent=0.0030/0.9810	3.search=0.0031/0.9810	4.subtree=0.0030/0.9810	4b.indep-accept=0.0030/0.9810	5.terminal=0.0030/0.9810	6.extra=0.0029/0.9810	7.telos=0.0030/0.9810	8.cleanup=0.0031/0.9810	9.reduce=0.0318/0.9810	10.completion=0.0032/0.9810	11.corecand=0.0032/0.9810	12.peo=0.0372/0.9810	13p.prep=0.0000/0.0000	13p.seeds=0.0000/0.0000	13p.rounds=0.0000/0.0000	13p.ledger=0.0000/0.0000	13p.recon=0.0000/0.0000	13p.mcs=0.0000/0.0000	13.alt=0.0032/0.9810	14.transplant=0.0031/0.9810	15.minl=0.1155/0.9803	15.peel=0.0030/0.9803	16.late=0.0029/0.9803	17.final=0.0602/0.9785	18.simp=0.0030/0.9785	19.five=0.0029/0.9785	20.lt1k=0.0027/0.9785	21.comp=0.0027/0.9785	22.win=0.0028/0.9785	final=0.9785
COUNTS	transswitch2383wpr	59853	277562	3946309	3861509
LADGATE	1120	50000	0.534	1
PHASES	chimera_lga-01	0.5755	1.portfolio=0.1676/0.8181	1b.indep=0.0100/0.8181	2.descent=0.0015/0.8124	3.search=0.0698/0.8073	4.subtree=0.0648/0.7584	4b.indep-accept=0.0001/0.7584	5.terminal=0.0023/0.7563	6.extra=0.0020/0.7563	7.telos=0.0001/0.7563	8.cleanup=0.0066/0.7514	9.reduce=0.0963/0.7514	10.completion=0.0091/0.7514	11.corecand=0.0001/0.7514	12.peo=0.0010/0.7514	13p.prep=0.0049/0.0000	13p.seeds=8.0000/0.0000	13p.rounds=25.0000/0.0000	13p.ledger=609077.0000/0.0000	13p.recon=0.0070/0.0000	13p.mcs=0.0058/0.0000	13.alt=0.0237/0.7514	14.transplant=0.0038/0.7510	15.minl=0.0085/0.7510	15.peel=0.0001/0.7510	16.late=0.0176/0.7509	17.final=0.0110/0.7508	18.simp=0.0012/0.7508	19.five=0.0035/0.7508	20.lt1k=0.0001/0.7508	21.comp=0.0001/0.7508	22.win=0.0186/0.7475	final=0.7448
COUNTS	chimera_lga-01	1120	6400	668019	497542
LADGATE	4596	50000	0.658	1
PHASES	gasprod_sarawak16	0.7079	1.portfolio=0.1964/0.9929	1b.indep=0.0164/0.9929	2.descent=0.0077/0.9888	3.search=0.0737/0.9829	4.subtree=0.1473/0.9205	4b.indep-accept=0.0002/0.9205	5.terminal=0.0031/0.9198	6.extra=0.0027/0.9192	7.telos=0.0002/0.9192	8.cleanup=0.0170/0.9172	9.reduce=0.1136/0.9172	10.completion=0.0053/0.9172	11.corecand=0.0002/0.9172	12.peo=0.0020/0.9172	13p.prep=0.0000/0.0000	13p.seeds=0.0000/0.0000	13p.rounds=0.0000/0.0000	13p.ledger=0.0000/0.0000	13p.recon=0.0000/0.0000	13p.mcs=0.0000/0.0000	13.alt=0.0002/0.9172	14.transplant=0.0105/0.9171	15.minl=0.0139/0.9171	15.peel=0.0002/0.9171	16.late=0.0002/0.9171	17.final=0.0242/0.9168	18.simp=0.0021/0.9168	19.five=0.0091/0.9168	20.lt1k=0.0002/0.9168	21.comp=0.0002/0.9168	22.win=0.0100/0.9168	final=0.9168
COUNTS	gasprod_sarawak16	4596	15316	213850	196064
LADGATE	15904	50000	0.946	1
PHASES	crudeoil_lee4_09	0.9467	1.portfolio=0.3519/0.6866	1b.indep=0.1289/0.6866	2.descent=0.0012/0.6866	3.search=0.0012/0.6866	4.subtree=0.1387/0.6815	4b.indep-accept=0.0010/0.6651	5.terminal=0.0087/0.6647	6.extra=0.0010/0.6647	7.telos=0.0010/0.6647	8.cleanup=0.0009/0.6647	9.reduce=0.0860/0.6647	10.completion=0.0029/0.6647	11.corecand=0.0009/0.6647	12.peo=0.0343/0.6484	13p.prep=0.0208/0.0000	13p.seeds=8.0000/0.0000	13p.rounds=9.0000/0.0000	13p.ledger=696448.0000/0.0000	13p.recon=0.0052/0.0000	13p.mcs=0.0065/0.0000	13.alt=0.0369/0.6484	14.transplant=0.0126/0.6297	15.minl=0.1021/0.6280	15.peel=0.0009/0.6280	16.late=0.0009/0.6280	17.final=0.0335/0.6258	18.simp=0.0010/0.6258	19.five=0.0010/0.6258	20.lt1k=0.0010/0.6258	21.comp=0.0010/0.6258	22.win=0.0009/0.6258	final=0.6258
COUNTS	crudeoil_lee4_09	15904	101792	208785578	130655525
LADGATE	44909	50000	0.856	1
PHASES	arki0013	0.8575	1.portfolio=0.2104/0.6159	1b.indep=0.1400/0.4393	2.descent=0.0019/0.4393	3.search=0.0019/0.4393	4.subtree=0.1589/0.4328	4b.indep-accept=0.0021/0.4328	5.terminal=0.0134/0.4328	6.extra=0.0021/0.4328	7.telos=0.0021/0.4328	8.cleanup=0.0020/0.4328	9.reduce=0.0950/0.4328	10.completion=0.0021/0.4328	11.corecand=0.0021/0.4328	12.peo=0.0388/0.4215	13p.prep=0.0503/0.0000	13p.seeds=8.0000/0.0000	13p.rounds=9.0000/0.0000	13p.ledger=941444.0000/0.0000	13p.recon=0.0093/0.0000	13p.mcs=0.0103/0.0000	13.alt=0.0806/0.4215	14.transplant=0.0179/0.4024	15.minl=0.0278/0.4024	15.peel=0.0022/0.4024	16.late=0.0021/0.4024	17.final=0.0465/0.4021	18.simp=0.0030/0.4021	19.five=0.0025/0.4021	20.lt1k=0.0022/0.4021	21.comp=0.0022/0.4021	22.win=0.0022/0.4021	final=0.4021
COUNTS	arki0013	44909	160172	390472987	157005417
LADGATE	42	50000	0.159	1
PHASES	st_m1	0.2239	1.portfolio=0.0047/1.0000	1b.indep=0.0004/1.0000	2.descent=0.0000/1.0000	3.search=0.1157/1.0000	4.subtree=0.0008/1.0000	4b.indep-accept=0.0000/1.0000	5.terminal=0.0024/1.0000	6.extra=0.0000/1.0000	7.telos=0.0000/1.0000	8.cleanup=0.0000/1.0000	9.reduce=0.0000/1.0000	10.completion=0.0000/1.0000	11.corecand=0.0006/1.0000	12.peo=0.0000/1.0000	13p.prep=0.0001/0.0000	13p.seeds=8.0000/0.0000	13p.rounds=15.0000/0.0000	13p.ledger=11872.0000/0.0000	13p.recon=0.0001/0.0048	13p.mcs=0.0001/0.0000	13.alt=0.0004/1.0000	14.transplant=0.0000/1.0000	15.minl=0.0000/1.0000	15.peel=0.0000/1.0000	16.late=0.0262/1.0000	17.final=0.0032/1.0000	18.simp=0.0000/1.0000	19.five=0.0000/1.0000	20.lt1k=0.0021/1.0000	21.comp=0.0000/1.0000	22.win=0.0010/1.0000	final=1.0000
COUNTS	st_m1	42	432	3097	3097
LADGATE	5310	50000	0.648	1
PHASES	mpbp_47	0.6888	1.portfolio=0.1827/0.9380	1b.indep=0.0193/0.9380	2.descent=0.0100/0.9362	3.search=0.0786/0.9315	4.subtree=0.1892/0.8948	4b.indep-accept=0.0002/0.8948	5.terminal=0.0024/0.8948	6.extra=0.0021/0.8948	7.telos=0.0002/0.8948	8.cleanup=0.0176/0.8943	9.reduce=0.0764/0.8943	10.completion=0.0107/0.8929	11.corecand=0.0001/0.8929	12.peo=0.0019/0.8929	13p.prep=0.0000/0.0000	13p.seeds=0.0000/0.0000	13p.rounds=0.0000/0.0000	13p.ledger=0.0000/0.0000	13p.recon=0.0000/0.0000	13p.mcs=0.0000/0.0000	13.alt=0.0001/0.8929	14.transplant=0.0093/0.8929	15.minl=0.0159/0.8929	15.peel=0.0001/0.8929	16.late=0.0001/0.8929	17.final=0.0047/0.8929	18.simp=0.0025/0.8929	19.five=0.0083/0.8928	20.lt1k=0.0002/0.8928	21.comp=0.0001/0.8928	22.win=0.0110/0.8928	final=0.8927
COUNTS	mpbp_47	5310	17098	730624	652248
LADGATE	821	50000	0.447	1
PHASES	rsyn0815m	0.4600	1.portfolio=0.0618/0.9449	1b.indep=0.0026/0.9449	2.descent=0.0003/0.9449	3.search=0.0906/0.9441	4.subtree=0.0368/0.9421	4b.indep-accept=0.0000/0.9421	5.terminal=0.0030/0.9421	6.extra=0.0030/0.9421	7.telos=0.0000/0.9421	8.cleanup=0.0009/0.9421	9.reduce=0.0808/0.9421	10.completion=0.0004/0.9396	11.corecand=0.0174/0.9396	12.peo=0.0003/0.9396	13p.prep=0.0018/0.0000	13p.seeds=8.0000/0.0000	13p.rounds=20.0000/0.0000	13p.ledger=108707.0000/0.0000	13p.recon=0.0016/0.0024	13p.mcs=0.0008/0.0000	13.alt=0.0058/0.9396	14.transplant=0.0012/0.9396	15.minl=0.0016/0.9396	15.peel=0.0000/0.9396	16.late=0.0200/0.9387	17.final=0.0254/0.9377	18.simp=0.0003/0.9377	19.five=0.0011/0.9377	20.lt1k=0.0669/0.9377	21.comp=0.0004/0.9377	22.win=0.0115/0.9377	final=0.9377
COUNTS	rsyn0815m	821	2242	8260	7745
LADGATE	7993	50000	0.890	1
PHASES	arki0016	0.9378	1.portfolio=0.3817/0.9636	1b.indep=0.0562/0.9636	2.descent=0.0003/0.9636	3.search=0.0003/0.9636	4.subtree=0.1464/0.9533	4b.indep-accept=0.0003/0.9533	5.terminal=0.0034/0.9533	6.extra=0.0034/0.9525	7.telos=0.0003/0.9525	8.cleanup=0.0003/0.9525	9.reduce=0.2135/0.9525	10.completion=0.0135/0.9519	11.corecand=0.0003/0.9519	12.peo=0.0033/0.9519	13p.prep=0.0000/0.0000	13p.seeds=0.0000/0.0000	13p.rounds=0.0000/0.0000	13p.ledger=0.0000/0.0000	13p.recon=0.0000/0.0000	13p.mcs=0.0000/0.0000	13.alt=0.0003/0.9519	14.transplant=0.0096/0.9514	15.minl=0.0183/0.9514	15.peel=0.0003/0.9514	16.late=0.0003/0.9514	17.final=0.0055/0.9514	18.simp=0.0003/0.9514	19.five=0.0114/0.9512	20.lt1k=0.0003/0.9512	21.comp=0.0003/0.9512	22.win=0.0136/0.9512	final=0.9512
COUNTS	arki0016	7993	37208	878890	836006
LADGATE	18	50000	0.146	1
PHASES	st_glmp_ss2	0.1619	1.portfolio=0.0017/1.0000	1b.indep=0.0000/1.0000	2.descent=0.0000/1.0000	3.search=0.1157/1.0000	4.subtree=0.0000/1.0000	4b.indep-accept=0.0000/1.0000	5.terminal=0.0000/1.0000	6.extra=0.0000/1.0000	7.telos=0.0000/1.0000	8.cleanup=0.0000/1.0000	9.reduce=0.0000/1.0000	10.completion=0.0000/1.0000	11.corecand=0.0003/1.0000	12.peo=0.0000/1.0000	13p.prep=0.0000/0.0000	13p.seeds=6.0000/0.0000	13p.rounds=10.0000/0.0000	13p.ledger=1149.0000/0.0000	13p.recon=0.0000/0.0826	13p.mcs=0.0000/0.0000	13.alt=0.0001/1.0000	14.transplant=0.0000/1.0000	15.minl=0.0000/1.0000	15.peel=0.0000/1.0000	16.late=0.0259/1.0000	17.final=0.0000/1.0000	18.simp=0.0000/1.0000	19.five=0.0000/1.0000	20.lt1k=0.0009/1.0000	21.comp=0.0000/1.0000	22.win=0.0004/1.0000	final=1.0000
COUNTS	st_glmp_ss2	18	48	121	121
LADGATE	2670	50000	0.651	1
PHASES	rsyn0810m02hfsg	0.6764	1.portfolio=0.2149/0.9589	1b.indep=0.0101/0.9589	2.descent=0.0018/0.9589	3.search=0.1215/0.9589	4.subtree=0.1084/0.9548	4b.indep-accept=0.0001/0.9548	5.terminal=0.0024/0.9548	6.extra=0.0020/0.9548	7.telos=0.0001/0.9548	8.cleanup=0.0050/0.9548	9.reduce=0.1077/0.9548	10.completion=0.0017/0.9498	11.corecand=0.0001/0.9498	12.peo=0.0010/0.9498	13p.prep=0.0078/0.0000	13p.seeds=8.0000/0.0000	13p.rounds=29.0000/0.0000	13p.ledger=529801.0000/0.0000	13p.recon=0.0074/0.0008	13p.mcs=0.0034/0.0000	13.alt=0.0264/0.9498	14.transplant=0.0043/0.9498	15.minl=0.0056/0.9498	15.peel=0.0001/0.9498	16.late=0.0067/0.9483	17.final=0.0053/0.9483	18.simp=0.0018/0.9467	19.five=0.0048/0.9453	20.lt1k=0.0001/0.9453	21.comp=0.0001/0.9453	22.win=0.0107/0.9437	final=0.9428
COUNTS	rsyn0810m02hfsg	2670	6964	36862	34753
LADGATE	55	50000	0.154	1
PHASES	pointpack06	0.2151	1.portfolio=0.0054/1.0000	1b.indep=0.0005/1.0000	2.descent=0.0000/1.0000	3.search=0.1071/1.0000	4.subtree=0.0007/1.0000	4b.indep-accept=0.0000/1.0000	5.terminal=0.0023/1.0000	6.extra=0.0000/1.0000	7.telos=0.0000/1.0000	8.cleanup=0.0000/1.0000	9.reduce=0.0049/1.0000	10.completion=0.0000/1.0000	11.corecand=0.0006/1.0000	12.peo=0.0000/1.0000	13p.prep=0.0001/0.0000	13p.seeds=8.0000/0.0000	13p.rounds=13.0000/0.0000	13p.ledger=8059.0000/0.0000	13p.recon=0.0001/0.0087	13p.mcs=0.0001/0.0000	13.alt=0.0004/1.0000	14.transplant=0.0000/1.0000	15.minl=0.0000/1.0000	15.peel=0.0000/1.0000	16.late=0.0244/1.0000	17.final=0.0029/1.0000	18.simp=0.0000/1.0000	19.five=0.0001/1.0000	20.lt1k=0.0023/1.0000	21.comp=0.0000/1.0000	22.win=0.0009/1.0000	final=1.0000
COUNTS	pointpack06	55	276	1497	1497
LADGATE	6328	50000	0.330	1
PHASES	syn40m04hfsg	0.3485	1.portfolio=0.1689/0.9808	1b.indep=0.0162/0.9808	2.descent=0.0070/0.9776	3.search=0.0002/0.9776	4.subtree=0.0063/0.9776	4b.indep-accept=0.0002/0.9776	5.terminal=0.0021/0.9776	6.extra=0.0021/0.9776	7.telos=0.0002/0.9776	8.cleanup=0.0155/0.9737	9.reduce=0.0525/0.9737	10.completion=0.0030/0.9707	11.corecand=0.0002/0.9707	12.peo=0.0019/0.9707	13p.prep=0.0000/0.0000	13p.seeds=0.0000/0.0000	13p.rounds=0.0000/0.0000	13p.ledger=0.0000/0.0000	13p.recon=0.0000/0.0000	13p.mcs=0.0000/0.0000	13.alt=0.0002/0.9707	14.transplant=0.0120/0.9705	15.minl=0.0146/0.9705	15.peel=0.0002/0.9705	16.late=0.0002/0.9705	17.final=0.0052/0.9705	18.simp=0.0002/0.9705	19.five=0.0098/0.9691	20.lt1k=0.0002/0.9691	21.comp=0.0002/0.9691	22.win=0.0104/0.9691	final=0.9691
COUNTS	syn40m04hfsg	6328	16896	76232	73873
LADGATE	258	50000	0.234	1
PHASES	clay0304m	0.2936	1.portfolio=0.0193/1.0000	1b.indep=0.0006/1.0000	2.descent=0.0001/1.0000	3.search=0.1051/1.0000	4.subtree=0.0012/1.0000	4b.indep-accept=0.0000/1.0000	5.terminal=0.0025/1.0000	6.extra=0.0000/1.0000	7.telos=0.0000/1.0000	8.cleanup=0.0002/1.0000	9.reduce=0.0530/1.0000	10.completion=0.0001/1.0000	11.corecand=0.0041/1.0000	12.peo=0.0001/1.0000	13p.prep=0.0003/0.0000	13p.seeds=8.0000/0.0000	13p.rounds=13.0000/0.0000	13p.ledger=24773.0000/0.0000	13p.recon=0.0003/0.0047	13p.mcs=0.0002/0.0000	13.alt=0.0011/1.0000	14.transplant=0.0000/1.0000	15.minl=0.0001/1.0000	15.peel=0.0000/1.0000	16.late=0.0231/1.0000	17.final=0.0035/1.0000	18.simp=0.0001/1.0000	19.five=0.0002/1.0000	20.lt1k=0.0163/1.0000	21.comp=0.0001/1.0000	22.win=0.0014/1.0000	final=1.0000
COUNTS	clay0304m	258	840	2742	2742
LADGATE	1218	50000	0.424	1
PHASES	pooling_foulds5pq	0.4715	1.portfolio=0.2284/1.0000	1b.indep=0.0103/1.0000	2.descent=0.0007/1.0000	3.search=0.0516/1.0000	4.subtree=0.0003/1.0000	4b.indep-accept=0.0001/1.0000	5.terminal=0.0015/1.0000	6.extra=0.0000/1.0000	7.telos=0.0000/1.0000	8.cleanup=0.0015/1.0000	9.reduce=0.0801/1.0000	10.completion=0.0023/1.0000	11.corecand=0.0001/1.0000	12.peo=0.0006/1.0000	13p.prep=0.0021/0.0000	13p.seeds=8.0000/0.0000	13p.rounds=15.0000/0.0000	13p.ledger=286594.0000/0.0000	13p.recon=0.0027/0.0001	13p.mcs=0.0019/0.0000	13.alt=0.0087/1.0000	14.transplant=0.0001/1.0000	15.minl=0.0016/1.0000	15.peel=0.0001/1.0000	16.late=0.0035/1.0000	17.final=0.0014/1.0000	18.simp=0.0007/1.0000	19.five=0.0009/1.0000	20.lt1k=0.0001/1.0000	21.comp=0.0001/1.0000	22.win=0.0127/1.0000	final=1.0000
COUNTS	pooling_foulds5pq	1218	8300	159641	159641
LADGATE	1000	50000	0.426	1
PHASES	clay0305hfsg	0.4385	1.portfolio=0.0742/0.9282	1b.indep=0.0023/0.9282	2.descent=0.0003/0.9282	3.search=0.0885/0.9282	4.subtree=0.0062/0.9282	4b.indep-accept=0.0000/0.9282	5.terminal=0.0018/0.9282	6.extra=0.0017/0.9282	7.telos=0.0000/0.9282	8.cleanup=0.0017/0.9168	9.reduce=0.0823/0.9168	10.completion=0.0003/0.9168	11.corecand=0.0211/0.9168	12.peo=0.0003/0.9168	13p.prep=0.0018/0.0000	13p.seeds=8.0000/0.0000	13p.rounds=19.0000/0.0000	13p.ledger=134572.0000/0.0000	13p.recon=0.0017/0.0015	13p.mcs=0.0009/0.0000	13.alt=0.0057/0.9168	14.transplant=0.0012/0.9168	15.minl=0.0015/0.9168	15.peel=0.0000/0.9168	16.late=0.0189/0.9168	17.final=0.0051/0.9168	18.simp=0.0003/0.9168	19.five=0.0012/0.9168	20.lt1k=0.0837/0.9168	21.comp=0.0004/0.9168	22.win=0.0123/0.9168	final=0.9168
COUNTS	clay0305hfsg	1000	2910	12260	11240
LADGATE	64	50000	0.209	1
PHASES	st_test8	0.2922	1.portfolio=0.0057/0.8382	1b.indep=0.0005/0.8382	2.descent=0.0000/0.8382	3.search=0.1472/0.8382	4.subtree=0.0036/0.8382	4b.indep-accept=0.0000/0.8382	5.terminal=0.0032/0.8382	6.extra=0.0032/0.8382	7.telos=0.0000/0.8382	8.cleanup=0.0001/0.8382	9.reduce=0.0008/0.8382	10.completion=0.0001/0.8382	11.corecand=0.0008/0.8382	12.peo=0.0000/0.8382	13p.prep=0.0001/0.0000	13p.seeds=8.0000/0.0000	13p.rounds=9.0000/0.0000	13p.ledger=5499.0000/0.0000	13p.recon=0.0001/0.0038	13p.mcs=0.0001/0.0000	13.alt=0.0003/0.8382	14.transplant=0.0000/0.8382	15.minl=0.0001/0.8382	15.peel=0.0000/0.8382	16.late=0.0329/0.8382	17.final=0.0049/0.8382	18.simp=0.0000/0.8382	19.five=0.0001/0.8382	20.lt1k=0.0033/0.8382	21.comp=0.0001/0.8382	22.win=0.0007/0.8382	final=0.8382
COUNTS	st_test8	64	232	2343	1964
PHASES	gams05	0.9191	1.portfolio=0.2198/0.7945	1b.indep=0.2625/0.5388	2.descent=0.0021/0.5388	3.search=0.0021/0.5388	4.subtree=0.1273/0.5276	4b.indep-accept=0.0020/0.5276	5.terminal=0.0020/0.5276	6.extra=0.0019/0.5276	7.telos=0.0020/0.5276	8.cleanup=0.0019/0.5276	9.reduce=0.1728/0.5276	10.completion=0.0019/0.5276	11.corecand=0.0019/0.5276	12.peo=0.0054/0.5276	13p.prep=0.0284/0.0000	13p.seeds=8.0000/0.0000	13p.rounds=8.0000/0.0000	13p.ledger=0.0000/0.0000	13p.recon=0.0000/0.0000	13p.mcs=0.0000/0.0000	13.alt=0.0324/0.5276	14.transplant=0.0121/0.5274	15.minl=0.0195/0.5274	15.peel=0.0019/0.5274	16.late=0.0019/0.5274	17.final=0.0116/0.5274	18.simp=0.0020/0.5274	19.five=0.0020/0.5274	20.lt1k=0.0019/0.5274	21.comp=0.0020/0.5274	22.win=0.0019/0.5274	final=0.5274
COUNTS	gams05	17364	252910	6179750712	3259322396
LADGATE	31	50000	0.180	1
PHASES	sporttournament08	0.2563	1.portfolio=0.0038/1.0000	1b.indep=0.0000/1.0000	2.descent=0.0000/1.0000	3.search=0.1339/1.0000	4.subtree=0.0010/1.0000	4b.indep-accept=0.0000/1.0000	5.terminal=0.0024/1.0000	6.extra=0.0000/1.0000	7.telos=0.0000/1.0000	8.cleanup=0.0000/1.0000	9.reduce=0.0000/1.0000	10.completion=0.0000/1.0000	11.corecand=0.0005/1.0000	12.peo=0.0000/1.0000	13p.prep=0.0000/0.0000	13p.seeds=8.0000/0.0000	13p.rounds=9.0000/0.0000	13p.ledger=3087.0000/0.0000	13p.recon=0.0000/0.0104	13p.mcs=0.0000/0.0000	13.alt=0.0002/1.0000	14.transplant=0.0000/1.0000	15.minl=0.0000/1.0000	15.peel=0.0000/1.0000	16.late=0.0307/1.0000	17.final=0.0041/1.0000	18.simp=0.0000/1.0000	19.five=0.0001/1.0000	20.lt1k=0.0018/1.0000	21.comp=0.0000/1.0000	22.win=0.0007/1.0000	final=1.0000
COUNTS	sporttournament08	31	156	862	862
LADGATE	1121	50000	0.358	1
PHASES	powerflow0030p	0.4027	1.portfolio=0.0910/0.9507	1b.indep=0.0047/0.9507	2.descent=0.0004/0.9507	3.search=0.0934/0.9507	4.subtree=0.0081/0.9493	4b.indep-accept=0.0000/0.9493	5.terminal=0.0019/0.9493	6.extra=0.0017/0.9493	7.telos=0.0000/0.9493	8.cleanup=0.0026/0.9488	9.reduce=0.0922/0.9488	10.completion=0.0008/0.9488	11.corecand=0.0000/0.9488	12.peo=0.0005/0.9488	13p.prep=0.0010/0.0000	13p.seeds=8.0000/0.0000	13p.rounds=8.0000/0.0000	13p.ledger=77682.0000/0.0000	13p.recon=0.0010/0.0003	13p.mcs=0.0005/0.0000	13.alt=0.0035/0.9488	14.transplant=0.0018/0.9478	15.minl=0.0025/0.9478	15.peel=0.0000/0.9478	16.late=0.0197/0.9478	17.final=0.0043/0.9478	18.simp=0.0004/0.9478	19.five=0.0008/0.9478	20.lt1k=0.0000/0.9478	21.comp=0.0000/0.9478	22.win=0.0133/0.9478	final=0.9478
COUNTS	powerflow0030p	1121	4194	24944	23642
LADGATE	22407	50000	0.754	1
PHASES	popdynm200	0.7544	1.portfolio=0.2298/0.9879	1b.indep=0.0776/0.9694	2.descent=0.0007/0.9694	3.search=0.0007/0.9694	4.subtree=0.1697/0.9557	4b.indep-accept=0.0008/0.9557	5.terminal=0.0080/0.9556	6.extra=0.0008/0.9556	7.telos=0.0008/0.9556	8.cleanup=0.0008/0.9556	9.reduce=0.0659/0.9556	10.completion=0.0091/0.9556	11.corecand=0.0008/0.9556	12.peo=0.0109/0.9556	13p.prep=0.0201/0.0000	13p.seeds=8.0000/0.0000	13p.rounds=9.0000/0.0000	13p.ledger=938722.0000/0.0000	13p.recon=0.0094/0.0000	13p.mcs=0.0063/0.0000	13.alt=0.0442/0.9556	14.transplant=0.0093/0.9524	15.minl=0.0822/0.9509	15.peel=0.0008/0.9509	16.late=0.0008/0.9509	17.final=0.0379/0.9489	18.simp=0.0008/0.9489	19.five=0.0008/0.9489	20.lt1k=0.0008/0.9489	21.comp=0.0008/0.9489	22.win=0.0008/0.9489	final=0.9489
COUNTS	popdynm200	22407	105584	2567878	2436690
LADGATE	11120	50000	0.665	1
PHASES	mpbp_35	0.7085	1.portfolio=0.2004/0.4688	1b.indep=0.0439/0.4688	2.descent=0.0106/0.4688	3.search=0.0004/0.4688	4.subtree=0.1345/0.4227	4b.indep-accept=0.0004/0.4227	5.terminal=0.0039/0.4227	6.extra=0.0004/0.4227	7.telos=0.0004/0.4227	8.cleanup=0.0282/0.4225	9.reduce=0.0254/0.4225	10.completion=0.0193/0.3639	11.corecand=0.0004/0.3639	12.peo=0.0340/0.3342	13p.prep=0.0000/0.0000	13p.seeds=0.0000/0.0000	13p.rounds=0.0000/0.0000	13p.ledger=0.0000/0.0000	13p.recon=0.0000/0.0000	13p.mcs=0.0000/0.0000	13.alt=0.0004/0.3342	14.transplant=0.0123/0.3342	15.minl=0.0876/0.3225	15.peel=0.0004/0.3225	16.late=0.0004/0.3225	17.final=0.0258/0.3225	18.simp=0.0004/0.3225	19.five=0.0132/0.3219	20.lt1k=0.0004/0.3219	21.comp=0.0004/0.3219	22.win=0.0177/0.3219	final=0.3219
COUNTS	mpbp_35	11120	40790	3037207	977650
LADGATE	1492	50000	0.428	1
PHASES	syn30m02m	0.4446	1.portfolio=0.1027/0.9832	1b.indep=0.0030/0.9832	2.descent=0.0006/0.9832	3.search=0.1033/0.9832	4.subtree=0.0603/0.9791	4b.indep-accept=0.0001/0.9791	5.terminal=0.0018/0.9791	6.extra=0.0018/0.9791	7.telos=0.0001/0.9791	8.cleanup=0.0038/0.9784	9.reduce=0.0888/0.9784	10.completion=0.0006/0.9784	11.corecand=0.0001/0.9784	12.peo=0.0006/0.9784	13p.prep=0.0017/0.0000	13p.seeds=8.0000/0.0000	13p.rounds=12.0000/0.0000	13p.ledger=115931.0000/0.0000	13p.recon=0.0016/0.0009	13p.mcs=0.0008/0.0000	13.alt=0.0059/0.9784	14.transplant=0.0023/0.9784	15.minl=0.0029/0.9784	15.peel=0.0001/0.9784	16.late=0.0163/0.9784	17.final=0.0040/0.9784	18.simp=0.0006/0.9784	19.five=0.0011/0.9784	20.lt1k=0.0001/0.9784	21.comp=0.0000/0.9784	22.win=0.0149/0.9784	final=0.9784
COUNTS	syn30m02m	1492	3936	13752	13455
LADGATE	481	50000	0.359	1
PHASES	wastewater13m1	0.4068	1.portfolio=0.1147/0.9989	1b.indep=0.0038/0.9989	2.descent=0.0002/0.9989	3.search=0.0852/0.9989	4.subtree=0.0102/0.9989	4b.indep-accept=0.0000/0.9989	5.terminal=0.0018/0.9989	6.extra=0.0019/0.9989	7.telos=0.0000/0.9989	8.cleanup=0.0004/0.9989	9.reduce=0.0428/0.9989	10.completion=0.0005/0.9989	11.corecand=0.0107/0.9989	12.peo=0.0002/0.9989	13p.prep=0.0005/0.0000	13p.seeds=8.0000/0.0000	13p.rounds=12.0000/0.0000	13p.ledger=87623.0000/0.0000	13p.recon=0.0007/0.0002	13p.mcs=0.0006/0.0000	13.alt=0.0023/0.9989	14.transplant=0.0005/0.9989	15.minl=0.0008/0.9989	15.peel=0.0000/0.9989	16.late=0.0177/0.9989	17.final=0.0073/0.9989	18.simp=0.0002/0.9989	19.five=0.0006/0.9989	20.lt1k=0.0425/0.9989	21.comp=0.0006/0.9989	22.win=0.0064/0.9989	final=0.9989
COUNTS	wastewater13m1	481	3252	60135	60068
LADGATE	1022	50000	0.319	1
PHASES	syn40hfsg	0.3319	1.portfolio=0.0667/0.9828	1b.indep=0.0028/0.9828	2.descent=0.0004/0.9828	3.search=0.0958/0.9811	4.subtree=0.0188/0.9770	4b.indep-accept=0.0000/0.9770	5.terminal=0.0018/0.9770	6.extra=0.0017/0.9770	7.telos=0.0000/0.9770	8.cleanup=0.0012/0.9770	9.reduce=0.0662/0.9770	10.completion=0.0005/0.9688	11.corecand=0.0000/0.9688	12.peo=0.0004/0.9688	13p.prep=0.0034/0.0000	13p.seeds=8.0000/0.0000	13p.rounds=34.0000/0.0000	13p.ledger=219739.0000/0.0000	13p.recon=0.0030/0.0040	13p.mcs=0.0015/0.0000	13.alt=0.0112/0.9671	14.transplant=0.0015/0.9671	15.minl=0.0019/0.9671	15.peel=0.0000/0.9671	16.late=0.0190/0.9671	17.final=0.0033/0.9671	18.simp=0.0003/0.9671	19.five=0.0007/0.9671	20.lt1k=0.0000/0.9671	21.comp=0.0000/0.9671	22.win=0.0112/0.9671	final=0.9671
COUNTS	syn40hfsg	1022	2624	8432	8155
LADGATE	69	50000	0.195	1
PHASES	sep1	0.2131	1.portfolio=0.0064/0.9544	1b.indep=0.0005/0.9544	2.descent=0.0000/0.9544	3.search=0.1274/0.9544	4.subtree=0.0029/0.9544	4b.indep-accept=0.0000/0.9544	5.terminal=0.0024/0.9544	6.extra=0.0032/0.9544	7.telos=0.0000/0.9544	8.cleanup=0.0001/0.9544	9.reduce=0.0119/0.9544	10.completion=0.0001/0.9544	11.corecand=0.0011/0.9544	12.peo=0.0000/0.9544	13p.prep=0.0001/0.0000	13p.seeds=8.0000/0.0000	13p.rounds=8.0000/0.0000	13p.ledger=4206.0000/0.0000	13p.recon=0.0001/0.0073	13p.mcs=0.0000/0.0000	13.alt=0.0003/0.9544	14.transplant=0.0001/0.9544	15.minl=0.0001/0.9544	15.peel=0.0000/0.9544	16.late=0.0291/0.9544	17.final=0.0035/0.9544	18.simp=0.0000/0.9544	19.five=0.0001/0.9544	20.lt1k=0.0043/0.9544	21.comp=0.0001/0.9544	22.win=0.0006/0.9544	final=0.9544
COUNTS	sep1	69	206	1097	1047
LADGATE	2508	50000	0.470	1
PHASES	syn30m03m	0.4848	1.portfolio=0.1903/0.9962	1b.indep=0.0074/0.9962	2.descent=0.0019/0.9952	3.search=0.1057/0.9952	4.subtree=0.0204/0.9940	4b.indep-accept=0.0001/0.9940	5.terminal=0.0018/0.9940	6.extra=0.0017/0.9940	7.telos=0.0001/0.9940	8.cleanup=0.0042/0.9940	9.reduce=0.0882/0.9917	10.completion=0.0010/0.9917	11.corecand=0.0001/0.9917	12.peo=0.0008/0.9917	13p.prep=0.0020/0.0000	13p.seeds=8.0000/0.0000	13p.rounds=8.0000/0.0000	13p.ledger=133866.0000/0.0000	13p.recon=0.0019/0.0003	13p.mcs=0.0008/0.0000	13.alt=0.0067/0.9917	14.transplant=0.0035/0.9917	15.minl=0.0035/0.9917	15.peel=0.0001/0.9917	16.late=0.0075/0.9917	17.final=0.0045/0.9917	18.simp=0.0014/0.9917	19.five=0.0019/0.9917	20.lt1k=0.0001/0.9917	21.comp=0.0001/0.9917	22.win=0.0091/0.9909	final=0.9905
COUNTS	syn30m03m	2508	6804	26806	26552
PHASES	st_qpc-m3a	0.0000	final=0.6755
COUNTS	st_qpc-m3a	30	304	2330	1574
LADGATE	2644	50000	0.765	1
PHASES	crudeoil_pooling_ct3	0.8028	1.portfolio=0.3587/0.7043	1b.indep=0.0178/0.7043	2.descent=0.0041/0.7027	3.search=0.0470/0.6957	4.subtree=0.1020/0.6438	4b.indep-accept=0.0002/0.6438	5.terminal=0.0024/0.6438	6.extra=0.0021/0.6438	7.telos=0.0002/0.6438	8.cleanup=0.0161/0.6411	9.reduce=0.0627/0.6411	10.completion=0.0146/0.6356	11.corecand=0.0001/0.6356	12.peo=0.0017/0.6356	13p.prep=0.0145/0.0000	13p.seeds=8.0000/0.0000	13p.rounds=42.0000/0.0000	13p.ledger=1777310.0000/0.0000	13p.recon=0.0191/0.0000	13p.mcs=0.0144/0.0000	13.alt=0.0636/0.6356	14.transplant=0.0061/0.6353	15.minl=0.0158/0.6353	15.peel=0.0001/0.6353	16.late=0.0001/0.6353	17.final=0.0167/0.6350	18.simp=0.0036/0.6349	19.five=0.0091/0.6347	20.lt1k=0.0002/0.6347	21.comp=0.0002/0.6347	22.win=0.0121/0.6331	final=0.6281
COUNTS	crudeoil_pooling_ct3	2644	11426	1381490	867709
LADGATE	634	50000	0.405	1
PHASES	space25a	0.4545	1.portfolio=0.0940/0.9846	1b.indep=0.0031/0.9846	2.descent=0.0003/0.9844	3.search=0.0884/0.9844	4.subtree=0.0275/0.9608	4b.indep-accept=0.0000/0.9608	5.terminal=0.0018/0.9608	6.extra=0.0025/0.9608	7.telos=0.0000/0.9608	8.cleanup=0.0013/0.9586	9.reduce=0.0533/0.9586	10.completion=0.0006/0.9586	11.corecand=0.0152/0.9586	12.peo=0.0003/0.9586	13p.prep=0.0007/0.0000	13p.seeds=8.0000/0.0000	13p.rounds=11.0000/0.0000	13p.ledger=79848.0000/0.0000	13p.recon=0.0009/0.0004	13p.mcs=0.0005/0.0000	13.alt=0.0029/0.9586	14.transplant=0.0010/0.9586	15.minl=0.0015/0.9586	15.peel=0.0000/0.9586	16.late=0.0181/0.9586	17.final=0.0048/0.9586	18.simp=0.0002/0.9586	19.five=0.0009/0.9586	20.lt1k=0.0608/0.9586	21.comp=0.0007/0.9586	22.win=0.0113/0.9586	final=0.9586
COUNTS	space25a	634	3246	29078	27875
PHASES	autocorr_bern20-15	0.0000	final=1.0000
COUNTS	autocorr_bern20-15	23	394	2784	2784
LADGATE	35	50000	0.180	1
PHASES	ex7_2_1	0.2542	1.portfolio=0.0034/0.9688	1b.indep=0.0003/0.9688	2.descent=0.0000/0.9688	3.search=0.1296/0.9688	4.subtree=0.0028/0.9688	4b.indep-accept=0.0000/0.9688	5.terminal=0.0031/0.9688	6.extra=0.0031/0.9688	7.telos=0.0000/0.9688	8.cleanup=0.0000/0.9688	9.reduce=0.0000/0.9688	10.completion=0.0000/0.9688	11.corecand=0.0005/0.9688	12.peo=0.0000/0.9688	13p.prep=0.0001/0.0000	13p.seeds=8.0000/0.0000	13p.rounds=15.0000/0.0000	13p.ledger=4109.0000/0.0000	13p.recon=0.0000/0.0426	13p.mcs=0.0000/0.0000	13.alt=0.0002/0.9688	14.transplant=0.0000/0.9688	15.minl=0.0000/0.9688	15.peel=0.0000/0.9688	16.late=0.0297/0.9688	17.final=0.0040/0.9688	18.simp=0.0000/0.9688	19.five=0.0000/0.9688	20.lt1k=0.0019/0.9688	21.comp=0.0000/0.9688	22.win=0.0007/0.9688	final=0.9688
COUNTS	ex7_2_1	35	134	352	341
LADGATE	2092	50000	0.718	1
PHASES	hydroenergy2	0.7384	1.portfolio=0.1851/0.8769	1b.indep=0.0079/0.8769	2.descent=0.0016/0.8744	3.search=0.1035/0.8743	4.subtree=0.2109/0.8667	4b.indep-accept=0.0001/0.8529	5.terminal=0.0037/0.8512	6.extra=0.0032/0.8508	7.telos=0.0001/0.8508	8.cleanup=0.0102/0.8248	9.reduce=0.1031/0.8155	10.completion=0.0019/0.8155	11.corecand=0.0001/0.8155	12.peo=0.0008/0.8155	13p.prep=0.0041/0.0000	13p.seeds=8.0000/0.0000	13p.rounds=18.0000/0.0000	13p.ledger=302848.0000/0.0000	13p.recon=0.0043/0.0003	13p.mcs=0.0021/0.0000	13.alt=0.0146/0.8155	14.transplant=0.0031/0.8155	15.minl=0.0031/0.8155	15.peel=0.0001/0.8155	16.late=0.0064/0.8155	17.final=0.0247/0.8149	18.simp=0.0016/0.8149	19.five=0.0048/0.8137	20.lt1k=0.0001/0.8137	21.comp=0.0001/0.8137	22.win=0.0155/0.8112	final=0.8102
COUNTS	hydroenergy2	2092	6236	69051	55946
LADGATE	514	50000	0.407	1
PHASES	pooling_digabel19	0.4466	1.portfolio=0.1294/0.9156	1b.indep=0.0073/0.9156	2.descent=0.0005/0.9121	3.search=0.0723/0.8903	4.subtree=0.0206/0.8657	4b.indep-accept=0.0000/0.8657	5.terminal=0.0014/0.8657	6.extra=0.0017/0.8657	7.telos=0.0000/0.8657	8.cleanup=0.0010/0.8657	9.reduce=0.0401/0.8657	10.completion=0.0043/0.8655	11.corecand=0.0165/0.8655	12.peo=0.0005/0.8655	13p.prep=0.0015/0.0000	13p.seeds=8.0000/0.0000	13p.rounds=16.0000/0.0000	13p.ledger=239904.0000/0.0000	13p.recon=0.0023/0.0000	13p.mcs=0.0021/0.0000	13.alt=0.0076/0.8655	14.transplant=0.0009/0.8655	15.minl=0.0031/0.8655	15.peel=0.0000/0.8655	16.late=0.0143/0.8507	17.final=0.0034/0.8507	18.simp=0.0004/0.8507	19.five=0.0013/0.8507	20.lt1k=0.0612/0.8507	21.comp=0.0043/0.8507	22.win=0.0063/0.8507	final=0.8507
COUNTS	pooling_digabel19	514	5340	325989	277303
LADGATE	132	50000	0.234	1
PHASES	clay0203m	0.3025	1.portfolio=0.0101/1.0000	1b.indep=0.0003/1.0000	2.descent=0.0000/1.0000	3.search=0.1190/1.0000	4.subtree=0.0016/1.0000	4b.indep-accept=0.0000/1.0000	5.terminal=0.0029/1.0000	6.extra=0.0000/1.0000	7.telos=0.0000/1.0000	8.cleanup=0.0001/1.0000	9.reduce=0.0538/1.0000	10.completion=0.0001/1.0000	11.corecand=0.0022/1.0000	12.peo=0.0001/1.0000	13p.prep=0.0001/0.0000	13p.seeds=8.0000/0.0000	13p.rounds=9.0000/0.0000	13p.ledger=8632.0000/0.0000	13p.recon=0.0001/0.0067	13p.mcs=0.0001/0.0000	13.alt=0.0004/1.0000	14.transplant=0.0000/1.0000	15.minl=0.0001/1.0000	15.peel=0.0000/1.0000	16.late=0.0272/1.0000	17.final=0.0039/1.0000	18.simp=0.0000/1.0000	19.five=0.0001/1.0000	20.lt1k=0.0087/1.0000	21.comp=0.0001/1.0000	22.win=0.0016/1.0000	final=1.0000
COUNTS	clay0203m	132	420	1348	1348
LADGATE	13680	50000	0.344	1
PHASES	squfl030-150	0.3442	1.portfolio=0.1998/1.0000	1b.indep=0.0583/1.0000	2.descent=0.0004/1.0000	3.search=0.0003/1.0000	4.subtree=0.0047/1.0000	4b.indep-accept=0.0003/1.0000	5.terminal=0.0036/1.0000	6.extra=0.0003/1.0000	7.telos=0.0003/1.0000	8.cleanup=0.0003/1.0000	9.reduce=0.0133/1.0000	10.completion=0.0065/1.0000	11.corecand=0.0003/1.0000	12.peo=0.0036/1.0000	13p.prep=0.0105/0.0000	13p.seeds=8.0000/0.0000	13p.rounds=10.0000/0.0000	13p.ledger=908297.0000/0.0000	13p.recon=0.0098/0.0000	13p.mcs=0.0045/0.0000	13.alt=0.0345/1.0000	14.transplant=0.0007/1.0000	15.minl=0.0055/1.0000	15.peel=0.0003/1.0000	16.late=0.0003/1.0000	17.final=0.0060/1.0000	18.simp=0.0004/1.0000	19.five=0.0003/1.0000	20.lt1k=0.0004/1.0000	21.comp=0.0003/1.0000	22.win=0.0004/1.0000	final=1.0000
COUNTS	squfl030-150	13680	36000	252605	252605

--- every order() call, slowest first (TSV) ---
secs	matrix	n	nnz	ratio
1.1266	acopf_case9241pegase_qcqp	313068	1292408	0.9737
1.0448	crudeoil_lee4_10	17809	120632	0.6253
1.0116	gabriel10	244056	1148210	0.9285
0.9467	crudeoil_lee4_09	15904	101792	0.6258
0.9378	arki0016	7993	37208	0.9512
0.9191	gams05	17364	252910	0.5274
0.9092	mpbp_48	28368	91016	0.4772
0.9056	nuclear104	39098	257806	0.7593
0.8940	crudeoil_lee4_06	10429	55492	0.5043
0.8575	arki0013	44909	160172	0.4021
0.8563	faclay75	272878	1379706	0.9405
0.8559	crudeoil_lee2_06	6418	34646	0.7159
0.8449	chp_partload	5211	16740	0.7353
0.8156	mpbp_07	9532	30810	0.9127
0.8028	crudeoil_pooling_ct3	2644	11426	0.6281
0.7915	crudeoil_lee1_07	3670	19322	0.7465
0.7738	pooling_sppc3pq	23173	893724	0.2822
0.7735	sfacloc2_3_80	4799	20600	0.9580
0.7730	chimera_selby-c16-02	2031	10878	0.5373
0.7730	chimera_selby-c16-01	2031	10964	0.6744
0.7690	mpbp_15	9858	31692	0.8001
0.7610	rsyn0840m04m	8508	24272	0.8118
0.7552	crudeoil_pooling_dt3	30660	152210	0.6919
0.7544	popdynm200	22407	105584	0.9489
0.7532	transswitch0300p	11659	48446	0.9351
0.7531	rsyn0805m03m	2868	8270	0.8995
0.7408	batchs201210m	5188	17910	0.8685
0.7403	powerflow0118p	5065	18730	0.9666
0.7385	waste	4825	21504	0.8654
0.7384	hydroenergy2	2092	6236	0.8102
0.7279	ringpack_30_2	17999	121458	0.2318
0.7152	gabriel09	21688	89702	0.8976
0.7110	chimera_k64ising-02	1225	3846	0.6080
0.7108	sfacloc2_4_80	5067	21424	0.9552
0.7085	mpbp_35	11120	40790	0.3219
0.7079	gasprod_sarawak16	4596	15316	0.9168
0.7052	popdynm25	2807	13904	0.7966
0.7013	powerflow0300p	11251	41918	0.9599
0.6898	chimera_rfr-02	2032	15140	0.6452
0.6888	mpbp_47	5310	17098	0.8927
0.6764	rsyn0810m02hfsg	2670	6964	0.9428
0.6564	rsyn0815m04m	5456	15756	0.7820
0.6550	chp_shorttermplan1a	4952	15700	0.8002
0.6548	pinene200	19995	97990	0.8350
0.6541	chimera_mgw-c16-2031-01	2032	15900	0.7814
0.6486	nuclear10a	17493	163816	0.6766
0.6328	transswitch2383wpr	59853	277562	0.9785
0.6311	mpbp_21	11716	37660	0.8615
0.6273	pooling_sppa9tp	5040	121302	0.1613
0.6259	crudeoil_li05	4225	14628	0.7847
0.6255	chp_shorttermplan2d	16364	52108	0.5147
0.6243	multiplants_stg1b	814	3992	0.6079
0.6242	nuclear25a	1942	16030	0.5747
0.6160	kall_circlespolygons_c1p5b	1681	7432	0.9608
0.6134	pooling_sppb5pq	18529	674470	0.4077
0.6125	methanol200	11999	76128	0.7019
0.6105	batchs121208m	3404	11462	0.9332
0.6059	multiplants_stg5	827	3804	0.4122
0.6056	sporttournament48	1131	6676	0.6461
0.6010	crudeoil_pooling_dt2	18742	75910	0.6638
0.5995	gasprod_sarawak81	22536	75636	0.9135
0.5977	multiplants_stg1c	800	3894	0.9532
0.5974	procurement1large	14416	41068	0.5323
0.5938	multiplants_stg1a	726	3510	0.8549
0.5917	multiplants_stg1	736	3594	0.7853
0.5895	syn40m04m	4960	13792	0.9591
0.5868	rsyn0820m02m	2486	6932	0.9339
0.5863	multiplants_mtg1b	645	4404	0.6627
0.5825	sonet24v5	874	7260	0.5940
0.5821	unitcommit_200_100_1_mod_8	146830	476332	0.9764
0.5816	ndcc12	974	5982	0.9533
0.5805	rsyn0810m04m	4772	13836	0.7829
0.5794	chp_shorttermplan2a	8992	26288	0.7035
0.5755	chimera_lga-01	1120	6400	0.7448
0.5733	mpbp_34	11556	40860	0.2887
0.5715	rsyn0815m02hfsg	3054	7968	0.9285
0.5672	ndcc13	969	5882	0.6183
0.5629	crudeoil_pooling_ct1	1271	4642	0.7501
0.5585	edgecross24-115	16747	77352	0.8173
0.5569	faclay35	26778	132380	0.9522
0.5534	sonet23v4	803	6462	0.6753
0.5530	rsyn0820m04m	6028	17372	0.7771
0.5503	methanol400	23999	151728	0.7208
0.5413	netmod_kar1	1746	4928	0.7717
0.5392	transswitch2736spr	69651	331010	0.9179
0.5330	pooling_foulds5tp	1218	8364	0.6828
0.5303	mpbp_46	4518	14492	0.8970
0.5298	oil	3270	8430	0.9572
0.5280	rsyn0830m04m	7252	20752	0.8100
0.5217	kan_r3_h1_n4	3183	14062	0.9408
0.5107	rsyn0840m02m	3486	9576	0.9468
0.5088	nd_netgen-3000-1-1-b-b-ns_7	33155	90000	0.9599
0.5080	chimera_mgw-c8-439-onc8-001	440	3040	0.7522
0.4977	torsion50	2508	29808	0.6618
0.4963	p_ball_30b_7p_2d_h	2207	7516	0.9968
0.4859	risk2bpb	1462	5396	0.5574
0.4848	syn30m03m	2508	6804	0.9905
0.4790	chimera_mgw-c8-439-onc8-002	440	3038	0.8835
0.4774	qapw	705	87496	1.0000
0.4768	pooling_sppa0pq	1649	24192	0.3297
0.4751	squfl015-060	2775	7200	1.0000
0.4751	pooling_foulds4pq	1294	8302	0.9989
0.4747	ndcc12persp	1112	5522	0.9521
0.4740	supplychainr1_022020	4620	15680	0.9999
0.4731	squfl020-150	9170	24000	1.0000
0.4715	pooling_foulds5pq	1218	8300	1.0000
0.4706	kall_circlesrectangles_c6r39	1306	5378	0.9850
0.4664	gancns	548	2800	0.8502
0.4653	slay09h	2718	7488	0.8982
0.4639	sonet21v6	8232	40744	0.9650
0.4624	rocket50	555	3488	0.9641
0.4600	rsyn0815m	821	2242	0.9377
0.4576	tls6	413	2860	0.9474
0.4545	space25a	634	3246	0.9586
0.4542	forest	713	2658	0.9933
0.4501	maxcsp-langford-3-11	660	29646	0.3098
0.4497	rsyn0830hfsg	1590	4100	0.9514
0.4475	ringpack_20_3	6709	45220	0.3584
0.4466	pooling_digabel19	514	5340	0.8507
0.4446	syn30m02m	1492	3936	0.9784
0.4385	clay0305hfsg	1000	2910	0.9168
0.4373	edgecross10-030	1053	4654	0.7406
0.4362	arki0002	4432	11248	0.9764
0.4328	cont6-qq	120395	557994	0.6962
0.4314	squfl010-040persp	2450	7200	1.0000
0.4262	faclay30	16678	82242	0.9552
0.4209	kissing2	20772	401024	1.0000
0.4201	waternd2	615	2580	0.4806
0.4171	ringpack_20_2	6089	40368	0.3779
0.4150	pooling_sppc1pq	14100	477680	0.1683
0.4068	wastewater13m1	481	3252	0.9989
0.4027	powerflow0030p	1121	4194	0.9478
0.3987	emfl100_5_5	21925	52300	1.0000
0.3952	syn15m04m	1908	5288	0.9652
0.3935	p_ball_30b_5p_2d_h	1543	5224	0.9961
0.3871	squfl010-080	2490	6400	1.0000
0.3849	blend146	1422	4460	0.8232
0.3837	sonetgr17	440	2958	0.8190
0.3837	powerflow0014r	403	1630	0.9628
0.3837	supplychainr1_053050	16640	57800	1.0000
0.3834	p_ball_10b_7p_3d_h	1236	4186	0.9739
0.3832	pooling_sppa9pq	5030	120730	0.6312
0.3827	sporttournament18	156	886	0.7753
0.3803	korcns	156	712	0.9113
0.3795	wastepaper4	115	724	0.7397
0.3784	ex8_3_9	123	834	0.7643
0.3737	sfacloc2_4_90	1491	4500	0.9104
0.3669	edgecross10-040	1053	5116	0.8868
0.3654	blend721	1428	4548	0.8528
0.3641	nd_netgen-2000-3-4-b-a-ns_7	22074	60000	0.9446
0.3629	glider400	10017	49624	0.8781
0.3605	ex1265a	123	560	0.9498
0.3602	edgecross14-156	3097	19664	0.9254
0.3595	waterund11	160	828	0.7224
0.3591	rsyn0840m	1159	3168	0.9404
0.3584	slay08m	660	2016	1.0000
0.3579	slay05h	760	2080	0.8961
0.3572	blend718	1386	4310	0.8737
0.3568	clay0204hfsg	590	1696	0.9116
0.3560	waterund14	333	2204	0.3600
0.3511	space25	1178	4334	0.9559
0.3509	primary	378	5610	0.8688
0.3496	waterund01	96	404	0.7297
0.3491	edgecross10-080	1053	5940	0.9638
0.3485	syn40m04hfsg	6328	16896	0.9691
0.3473	wastepaper6	191	1416	1.0000
0.3445	fo9_ar25_1	1049	4336	0.9177
0.3442	squfl030-150	13680	36000	1.0000
0.3437	p_ball_10b_5p_4d_m	403	1484	0.9784
0.3429	squfl025-030	2305	6000	1.0000
0.3411	sssd20-08persp	356	1232	1.0000
0.3399	p_ball_10b_5p_2d_m	293	964	0.9848
0.3397	demo7	155	618	0.9573
0.3396	syn40m	560	1528	0.9644
0.3385	o9_ar4_1	1049	4336	0.9177
0.3345	maxcsp-ehi-85-297-71	2372	207996	0.8040
0.3319	syn40hfsg	1022	2624	0.9671
0.3316	graphpart_clique-30	120	2790	0.7961
0.3293	genpooling_lee2	221	1048	0.7051
0.3290	wastewater05m1	98	536	0.6874
0.3287	edgecross10-090	1053	5204	0.8181
0.3231	pooling_rt2tp	118	654	0.9864
0.3189	st_rv9	90	840	0.9447
0.3174	graphpart_clique-20	80	1260	0.7985
0.3168	sssd18-08persp	338	1168	1.0000
0.3163	syn10m03hfsg	1071	2772	0.9921
0.3150	slay07m	497	1512	1.0000
0.3134	catmix400	2001	11192	0.9998
0.3109	knp5-44	2157	32604	1.0000
0.3097	clay0204m	222	704	1.0000
0.3087	chain200	601	2396	1.0000
0.3082	st_e31	301	744	0.9389
0.3080	knp5-43	2065	31132	1.0000
0.3075	st_m2	72	1226	1.0000
0.3046	pooling_adhya4pq	170	932	0.6809
0.3046	syn10m04m	1224	3384	0.9979
0.3037	graphpart_3g-0244-0244	128	672	0.9727
0.3025	clay0203m	132	420	1.0000
0.3025	syn15hfsg	399	1022	0.9915
0.2975	orth_d4m6_pl	172	1096	0.9785
0.2963	pooling_adhya4tp	170	936	0.7667
0.2954	prolog	64	292	0.9839
0.2938	slay05m	240	720	1.0000
0.2936	clay0304m	258	840	1.0000
0.2922	st_test8	64	232	0.8382
0.2904	slay06m	357	1080	1.0000
0.2882	waterund08	230	1290	0.8534
0.2881	hydroenergy1	1046	3024	1.0000
0.2851	qspp_0_14_0_1_10_1	560	120274	0.9950
0.2793	elf	124	376	0.7951
0.2760	ex1263a	94	390	1.0000
0.2745	catmix200	1001	5592	0.9995
0.2730	wastewater02m1	36	138	0.9316
0.2728	tspn08	72	668	0.6863
0.2724	sssd25-08	401	1200	1.0000
0.2712	graphpart_3g-0333-0333	108	648	0.8064
0.2684	lop97icx	1073	2118	0.8078
0.2665	csched1	110	376	1.0000
0.2629	graphpart_clique-70	280	14910	0.8103
0.2622	st_rv2	40	340	1.0000
0.2610	emfl050_5_5	13175	32300	1.0000
0.2598	ex8_4_1	32	100	1.0000
0.2563	sporttournament08	31	156	1.0000
0.2547	chain400	1201	4796	1.0000
0.2542	ex7_2_1	35	134	0.9688
0.2539	squfl025-025persp	3800	11250	1.0000
0.2529	squfl015-080persp	7295	21600	1.0000
0.2492	maxmin	181	1440	1.0000
0.2492	slay04m	146	432	1.0000
0.2486	pooling_haverly1pq	31	96	0.9782
0.2461	emfl100_3_3	6885	15948	1.0000
0.2460	pooling_haverly1tp	31	96	0.9527
0.2454	st_bpaf1a	30	120	0.9310
0.2412	meanvar-orl400_05_e_7	5205	174804	0.9998
0.2375	st_e07	19	60	1.0000
0.2370	meanvar-orl400_05_e_8	4405	171604	1.0000
0.2369	st_jcbpaf2	36	246	0.9437
0.2332	ex5_2_4	18	62	0.9461
0.2316	qspp_0_13_0_1_10_1	481	88522	0.9948
0.2309	prob02	22	76	0.8689
0.2301	nvs05	22	84	0.9603
0.2246	pointpack04	29	120	1.0000
0.2239	st_m1	42	432	1.0000
0.2232	kall_diffcircles_6	76	302	1.0000
0.2151	pointpack06	55	276	1.0000
0.2134	sssd15-04	163	440	1.0000
0.2131	sep1	69	206	0.9544
0.2118	ex1223	33	82	1.0000
0.2060	st_ph1	16	58	0.8504
0.2051	hybriddynamic_fixed	168	388	1.0000
0.2008	qspp_0_10_0_1_10_1	280	29636	0.9946
0.2004	st_qpk3	55	548	0.6881
0.1985	ex6_1_4	10	48	0.7766
0.1952	qspp_0_11_0_1_10_1	341	44264	0.9911
0.1936	ex9_2_6	28	68	1.0000
0.1909	ex2_1_3	31	72	1.0000
0.1902	tln2	32	88	1.0000
0.1900	himmel11	14	60	1.0000
0.1894	ex1223b	25	66	1.0000
0.1833	ex1225	26	66	0.9415
0.1811	nvs02	11	46	1.0000
0.1796	ex8_1_7	14	46	0.9343
0.1788	st_bsj2	13	40	0.7972
0.1771	ex9_1_2	19	54	0.9521
0.1694	st_ph13	23	68	0.8599
0.1667	qap	255	43748	0.9599
0.1619	st_glmp_ss2	18	48	1.0000
0.1600	st_glmp_ss1	24	66	1.0000
0.1594	ex3_1_3	18	36	0.9222
0.1588	st_bpk1	16	44	0.9391
0.1581	oaer	20	40	1.0000
0.1552	watercontamination0303r	1310	37028	1.0000
0.1374	st_pan1	11	32	0.7642
0.1335	ex9_2_4	15	36	1.0000
0.1282	ex14_1_8	11	30	1.0000
0.1239	st_ht	8	18	0.8627
0.1172	st_e22	12	30	0.9091
0.0002	polygon75	5846	49652	1.0000
0.0001	pedigree_sim400	351	23546	0.9997
0.0000	camshape400	2000	7188	1.0000
0.0000	autocorr_bern40-30	43	1534	1.0000
0.0000	autocorr_bern35-35fix	38	1264	1.0000
0.0000	smallinvDAXr1b010-011	39	1120	0.9859
0.0000	autocorr_bern30-23	33	878	1.0000
0.0000	autocorr_bern25-19	28	612	1.0000
0.0000	cvxnonsep_psig30	30	870	1.0000
0.0000	autocorr_bern20-15	23	394	1.0000
0.0000	st_qpc-m3a	30	304	0.6755
0.0000	cvxnonsep_psig20	20	380	1.0000
0.0000	nvs23	27	252	0.6356
0.0000	nvs19	24	200	0.6534
0.0000	st_iqpbk1	22	98	1.0000
0.0000	cvxnonsep_normcon40r	162	322	1.0000
0.0000	st_e25	20	92	0.7798
0.0000	st_e24	10	26	0.8906
0.0000	cvxnonsep_psig30r	126	250	1.0000
0.0000	st_e41	8	32	1.0000
0.0000	cvxnonsep_normcon20r	82	162	1.0000
0.0000	st_miqp2	10	18	1.0000
0.0000	cvxnonsep_psig20r	86	170	1.0000
matrices under 0.010s: 23/300
matrices under 0.050s: 23/300
matrices under 0.100s: 23/300
matrices under 0.200s: 48/300
matrices under 0.400s: 168/300

--- per-bucket ---
lt_1k    count=147   geomean=0.8874
1k_10k   count=108   geomean=0.8391
gt_10k   count=45    geomean=0.6856
SCORE = 0.792212
WORST order() = 1.127 s
ok

test result: ok. 1 passed; 0 failed; 0 ignored; 0 measured; 163 filtered out; finished in 123.95s

