warning: unused doc comment
    --> candidate-worker/src/../../src/ordering/mod.rs:1209:1
     |
1209 | / /// TEST-ONLY sweep switch for the mid-size `rgreedy` stream opened by the 0154
1210 | | /// engine census. Returns `(ops_budget, gate_variant, stream_count)`; a zero
1211 | | /// budget disables the stream, which is what production compiles to — the
1212 | | /// switch can never change a submitted ordering. Configured through
1213 | | /// `SSI_MID_ENGINE="<variant>:<budget>[:<streams>]"` so one build can sweep
1214 | | /// several gate/budget points.
     | |_------------------------------^
     |   |
     |   rustdoc does not generate documentation for macro invocations
     |
     = help: to document an item produced by a macro, the macro must produce the documentation as part of its expansion
     = note: `#[warn(unused_doc_comments)]` (part of `#[warn(unused)]`) on by default

warning: unused doc comment
    --> candidate-worker/src/../../src/ordering/mod.rs:1477:1
     |
1477 | / /// TEST-ONLY kill switch for the heavy-tier arm (metrics + no-dense AMD +
1478 | | /// extra AMF α), so a probe can A/B the arm in one process.
     | |_-----------------------------------------------------------^
     |   |
     |   rustdoc does not generate documentation for macro invocations
     |
     = help: to document an item produced by a macro, the macro must produce the documentation as part of its expansion

warning: unused doc comment
   --> candidate-worker/src/../../src/ordering/parallel.rs:334:1
    |
334 | / /// TEST-ONLY switch forcing every batch onto the sequential path, so a probe
335 | | /// can run the SAME `order()` both ways in one process and compare the
336 | | /// returned permutations element by element. Production builds compile
337 | | /// [`force_sequential`] down to a constant `false`.
    | |_---------------------------------------------------^
    |   |
    |   rustdoc does not generate documentation for macro invocations
    |
    = help: to document an item produced by a macro, the macro must produce the documentation as part of its expansion

warning: unused doc comment
   --> candidate-worker/src/../../src/ordering/parallel.rs:368:1
    |
368 | / /// TEST-ONLY per-phase wall-clock marks: `phase_mark(label, t0)` appends
369 | | /// `(label, secs since t0)`; `phase_take()` drains them. Lets a probe see which
370 | | /// stage of `order()` sets a row's critical path. Never compiled into the
371 | | /// shipped binary.
    | |_------------------^
    |   |
    |   rustdoc does not generate documentation for macro invocations
    |
    = help: to document an item produced by a macro, the macro must produce the documentation as part of its expansion

warning: unused doc comment
    --> candidate-worker/src/../../src/ordering/mod.rs:5175:5
     |
5175 | /     /// ── 0192: the window is the frontier's own chain scope ─────────────────
5176 | |     /// The chain no longer reaches above n = 10 000 (see `PEO_ALT_MAX_N`), so
5177 | |     /// the draw takes over the whole band the chain used to own. Measured on the
5178 | |     /// 300 dev rows: with the window at 50 000 instead of 12 000 the draw adds
...    |
5184 | |     /// spender there), and its worst row is 1.127 s against the frontier's
5185 | |     /// 1.160 s base, so the wide band stays below the frontier's own footprint.
     | |________________________________________________________________________________^
5186 |       #[cfg(test)]
5187 | /     let window_n: usize = std::env::var("SSI_TERM_WIN_N")
5188 | |         .ok()
5189 | |         .and_then(|v| v.trim().parse::<usize>().ok())
5190 | |         .unwrap_or(50_000);
     | |___________________________- rustdoc does not generate documentation for statements
     |
     = help: use `//` for a plain comment

warning: unused doc comment
    --> candidate-worker/src/../../src/ordering/mod.rs:5363:9
     |
5363 | /         /// `nnz < 3n` = the sparse band of the 0184 price law (66 of the 300 dev
5364 | |         /// rows, all of them in-window). Structural, never per-matrix.
     | |_______________________________________________________________________^
5365 | /         let shipped_ladder = || {
5366 | |             if nnz < 3 * n {
5367 | |                 #[cfg(test)]
5368 | |                 if let Some(r) = band_rung_override("SSI_LADDER_SPARSE") {
...    |
5387 | |         };
     | |__________- rustdoc does not generate documentation for statements
     |
     = help: use `//` for a plain comment

warning: variable does not need to be mutable
    --> candidate-worker/src/../../src/ordering/probe.rs:4142:9
     |
4142 |     let mut next = |s: &mut u64| -> u64 {
     |         ----^^^^
     |         |
     |         help: remove this `mut`
     |
     = note: `#[warn(unused_mut)]` (part of `#[warn(unused)]`) on by default

warning: value assigned to `d` is never read
   --> candidate-worker/src/../../src/ordering/rgreedy.rs:396:29
    |
396 |                 let mut d = 0u32;
    |                             ^^^^
    |
    = help: maybe it is overwritten before being read?
    = note: `#[warn(unused_assignments)]` (part of `#[warn(unused)]`) on by default

warning: constant `LADDER_STRIDE_KEEP` is never used
   --> candidate-worker/src/../../src/ordering/mod.rs:614:7
    |
614 | const LADDER_STRIDE_KEEP: bool = true;
    |       ^^^^^^^^^^^^^^^^^^
    |
    = note: `#[warn(dead_code)]` (part of `#[warn(unused)]`) on by default

warning: constant `SUBTREE_MAX_N` is never used
   --> candidate-worker/src/../../src/ordering/mod.rs:841:7
    |
841 | const SUBTREE_MAX_N: usize = 250_000;
    |       ^^^^^^^^^^^^^

warning: function `refine` is never used
  --> candidate-worker/src/../../src/ordering/completion.rs:12:15
   |
12 | pub(super) fn refine(
   |               ^^^^^^

warning: type alias `PermFn` is never used
  --> candidate-worker/src/../../src/ordering/parallel.rs:80:17
   |
80 | pub(crate) type PermFn<'a> = Box<dyn Fn() -> Option<Vec<usize>> + Sync + 'a>;
   |                 ^^^^^^

warning: function `run_perms` is never used
   --> candidate-worker/src/../../src/ordering/parallel.rs:188:15
    |
188 | pub(crate) fn run_perms(
    |               ^^^^^^^^^

warning: function `accept` is never used
   --> candidate-worker/src/../../src/ordering/parallel.rs:313:15
    |
313 | pub(crate) fn accept(results: &mut [CandOut], best_flops: &mut u64, best_perm: &mut Vec<usize>) -> bool {
    |               ^^^^^^

warning: function `minl_is_clique` is never used
   --> candidate-worker/src/../../src/ordering/minl.rs:136:4
    |
136 | fn minl_is_clique(adj: &[Vec<u32>], c: &[u32], ops: &mut i64) -> bool {
    |    ^^^^^^^^^^^^^^

warning: function `minl_try_delete_edge` is never used
   --> candidate-worker/src/../../src/ordering/minl.rs:232:4
    |
232 | fn minl_try_delete_edge(
    |    ^^^^^^^^^^^^^^^^^^^^

warning: function `run_sequential_180` is never used
   --> candidate-worker/src/../../src/ordering/indep_first.rs:600:4
    |
600 | fn run_sequential_180(sp: &ScoringPattern, ledger: u64) -> Option<(u64, Vec<usize>)> {
    |    ^^^^^^^^^^^^^^^^^^

warning: function `reset` is never used
   --> candidate-worker/src/../../src/ordering/mod.rs:518:19
    |
518 |     pub(crate) fn reset() {
    |                   ^^^^^

warning: `ssi-candidate-worker` (bin "ssi-candidate-worker" test) generated 18 warnings (run `cargo fix --bin "ssi-candidate-worker" -p ssi-candidate-worker --tests` to apply 1 suggestion)
    Finished `release` profile [optimized] target(s) in 0.01s
     Running unittests src/main.rs (target/release/deps/ssi_candidate_worker-9bc17c144118ca64)

running 1 test
FENCETRACE	n=357	nnz=1080	f0=4025	tasks=46	fill_fire=false	cost_fire=false
FENCETRACE	n=357	nnz=1080	f0=4025	tasks=1	fill_fire=false	cost_fire=false
FENCETRACE	n=357	nnz=1080	f0=4025	tasks=5	fill_fire=false	cost_fire=false
FENCETRACE	n=357	nnz=1080	f0=4025	tasks=527	fill_fire=false	cost_fire=false
RATIOGATE	1.0	false	85
LADGATE	357	10000	0.234	0
COUNTS	slay06m	357	1080	4025	4025
FENCETRACE	n=401	nnz=1200	f0=5389	tasks=46	fill_fire=false	cost_fire=false
FENCETRACE	n=401	nnz=1200	f0=5389	tasks=1	fill_fire=false	cost_fire=false
FENCETRACE	n=401	nnz=1200	f0=5389	tasks=5	fill_fire=false	cost_fire=false
FENCETRACE	n=401	nnz=1200	f0=5389	tasks=527	fill_fire=false	cost_fire=false
RATIOGATE	1.0	false	85
LADGATE	401	10000	0.270	0
COUNTS	sssd25-08	401	1200	5389	5389
FENCETRACE	n=4772	nnz=13836	f0=147553	tasks=15	fill_fire=false	cost_fire=false
FENCETRACE	n=4772	nnz=13836	f0=129933	tasks=1	fill_fire=false	cost_fire=false
FENCETRACE	n=4772	nnz=13836	f0=129933	tasks=2	fill_fire=false	cost_fire=false
FENCETRACE	n=4772	nnz=13836	f0=129933	tasks=440	fill_fire=false	cost_fire=false
RATIOGATE	0.9	false	85
LADGATE	4772	10000	0.606	0
COUNTS	rsyn0810m04m	4772	13836	147553	115517
FENCETRACE	n=23173	nnz=893724	f0=1153877333	tasks=3	fill_fire=false	cost_fire=false
FENCETRACE	n=23173	nnz=893724	f0=881822939	tasks=2	fill_fire=false	cost_fire=false
COUNTS	pooling_sppc3pq	23173	893724	1153877333	325595394
FENCETRACE	n=1131	nnz=6676	f0=919582	tasks=22	fill_fire=false	cost_fire=false
FENCETRACE	n=1131	nnz=6676	f0=630197	tasks=1	fill_fire=false	cost_fire=false
FENCETRACE	n=1131	nnz=6676	f0=630197	tasks=5	fill_fire=false	cost_fire=false
FENCETRACE	n=1131	nnz=6676	f0=630197	tasks=527	fill_fire=false	cost_fire=false
FENCETRACE	n=1131	nnz=6676	f0=609556	tasks=32	fill_fire=false	cost_fire=false
RATIOGATE	0.9	false	85
LADGATE	1131	10000	0.544	0
COUNTS	sporttournament48	1131	6676	919582	594138
FENCETRACE	n=5030	nnz=120730	f0=23971280	tasks=18	fill_fire=false	cost_fire=false
FENCETRACE	n=5030	nnz=120730	f0=15653402	tasks=1	fill_fire=false	cost_fire=false
FENCETRACE	n=5030	nnz=120730	f0=15653402	tasks=1	fill_fire=false	cost_fire=false
FENCETRACE	n=5030	nnz=120730	f0=15653402	tasks=96	fill_fire=false	cost_fire=false
RATIOGATE	1.0	false	85
LADGATE	5030	10000	0.388	0
COUNTS	pooling_sppa9pq	5030	120730	23971280	15130622
FENCETRACE	n=1053	nnz=5204	f0=126115	tasks=25	fill_fire=false	cost_fire=false
FENCETRACE	n=1053	nnz=5204	f0=106194	tasks=1	fill_fire=false	cost_fire=false
FENCETRACE	n=1053	nnz=5204	f0=106194	tasks=5	fill_fire=false	cost_fire=false
FENCETRACE	n=1053	nnz=5204	f0=106194	tasks=527	fill_fire=false	cost_fire=false
FENCETRACE	n=1053	nnz=5204	f0=106194	tasks=16	fill_fire=false	cost_fire=false
RATIOGATE	1.0	false	85
LADGATE	1053	10000	0.313	0
COUNTS	edgecross10-090	1053	5204	126115	103179
FENCETRACE	n=2372	nnz=207996	f0=1381768944	tasks=13	fill_fire=false	cost_fire=false
FENCETRACE	n=2372	nnz=207996	f0=1115463257	tasks=1	fill_fire=false	cost_fire=false
FENCETRACE	n=2372	nnz=207996	f0=1115463257	tasks=6	fill_fire=false	cost_fire=false
COUNTS	maxcsp-ehi-85-297-71	2372	207996	1381768944	1110971341
FENCETRACE	n=30	nnz=120	f0=623	tasks=45	fill_fire=false	cost_fire=false
FENCETRACE	n=30	nnz=120	f0=580	tasks=1	fill_fire=false	cost_fire=false
FENCETRACE	n=30	nnz=120	f0=580	tasks=5	fill_fire=false	cost_fire=false
FENCETRACE	n=30	nnz=120	f0=580	tasks=527	fill_fire=false	cost_fire=false
FENCETRACE	n=30	nnz=120	f0=580	tasks=16	fill_fire=false	cost_fire=false
RATIOGATE	1.0	false	85
LADGATE	30	10000	0.174	0
COUNTS	st_bpaf1a	30	120	623	580
FENCETRACE	n=1462	nnz=5396	f0=118471	tasks=24	fill_fire=false	cost_fire=false
FENCETRACE	n=1462	nnz=5396	f0=78237	tasks=1	fill_fire=false	cost_fire=false
FENCETRACE	n=1462	nnz=5396	f0=78237	tasks=5	fill_fire=false	cost_fire=false
FENCETRACE	n=1462	nnz=5396	f0=78237	tasks=527	fill_fire=false	cost_fire=false
FENCETRACE	n=1462	nnz=5396	f0=71579	tasks=32	fill_fire=false	cost_fire=false
RATIOGATE	0.8	true	85
LADGATE	1462	10000	0.471	1
COUNTS	risk2bpb	1462	5396	118471	66041
FENCETRACE	n=255	nnz=43748	f0=3802533	tasks=24	fill_fire=false	cost_fire=false
FENCETRACE	n=255	nnz=43748	f0=3652461	tasks=1	fill_fire=false	cost_fire=false
FENCETRACE	n=255	nnz=43748	f0=3652461	tasks=4	fill_fire=false	cost_fire=false
FENCETRACE	n=255	nnz=43748	f0=3652461	tasks=216	fill_fire=false	cost_fire=false
RATIOGATE	1.0	false	85
LADGATE	255	10000	0.146	0
COUNTS	qap	255	43748	3802533	3652461
FENCETRACE	n=7252	nnz=20752	f0=212130	tasks=7	fill_fire=false	cost_fire=false
FENCETRACE	n=7252	nnz=20752	f0=200940	tasks=1	fill_fire=false	cost_fire=false
FENCETRACE	n=7252	nnz=20752	f0=200940	tasks=1	fill_fire=false	cost_fire=false
FENCETRACE	n=7252	nnz=20752	f0=200940	tasks=296	fill_fire=false	cost_fire=false
RATIOGATE	0.9	false	85
LADGATE	7252	10000	0.555	0
COUNTS	rsyn0830m04m	7252	20752	212130	171821
FENCETRACE	n=1073	nnz=2118	f0=79286	tasks=14	fill_fire=false	cost_fire=false
FENCETRACE	n=1073	nnz=2118	f0=69896	tasks=1	fill_fire=false	cost_fire=false
FENCETRACE	n=1073	nnz=2118	f0=69896	tasks=5	fill_fire=false	cost_fire=false
FENCETRACE	n=1073	nnz=2118	f0=69896	tasks=527	fill_fire=false	cost_fire=false
RATIOGATE	0.9	false	85
LADGATE	1073	10000	0.271	0
COUNTS	lop97icx	1073	2118	79286	64044
FENCETRACE	n=1201	nnz=4796	f0=16382	tasks=24	fill_fire=false	cost_fire=false
FENCETRACE	n=1201	nnz=4796	f0=16382	tasks=1	fill_fire=false	cost_fire=false
FENCETRACE	n=1201	nnz=4796	f0=16382	tasks=5	fill_fire=false	cost_fire=false
FENCETRACE	n=1201	nnz=4796	f0=16382	tasks=527	fill_fire=false	cost_fire=false
RATIOGATE	1.0	false	85
LADGATE	1201	10000	0.219	0
COUNTS	chain400	1201	4796	16382	16382
FENCETRACE	n=9532	nnz=30810	f0=1368477	tasks=7	fill_fire=false	cost_fire=false
FENCETRACE	n=9532	nnz=30810	f0=1368477	tasks=1	fill_fire=false	cost_fire=false
FENCETRACE	n=9532	nnz=30810	f0=1368477	tasks=1	fill_fire=false	cost_fire=false
FENCETRACE	n=9532	nnz=30810	f0=1368477	tasks=199	fill_fire=false	cost_fire=false
RATIOGATE	0.9	false	85
LADGATE	9532	10000	0.787	0
COUNTS	mpbp_07	9532	30810	1368477	1248947
FENCETRACE	n=440	nnz=2958	f0=37814	tasks=46	fill_fire=false	cost_fire=false
FENCETRACE	n=440	nnz=2958	f0=31086	tasks=1	fill_fire=false	cost_fire=false
FENCETRACE	n=440	nnz=2958	f0=31086	tasks=5	fill_fire=false	cost_fire=false
FENCETRACE	n=440	nnz=2958	f0=31086	tasks=527	fill_fire=false	cost_fire=false
FENCETRACE	n=440	nnz=2958	f0=31086	tasks=16	fill_fire=false	cost_fire=false
RATIOGATE	1.0	false	85
LADGATE	440	10000	0.340	0
COUNTS	sonetgr17	440	2958	37814	30971
FENCETRACE	n=2207	nnz=7516	f0=42456	tasks=24	fill_fire=false	cost_fire=false
FENCETRACE	n=2207	nnz=7516	f0=42319	tasks=1	fill_fire=false	cost_fire=false
FENCETRACE	n=2207	nnz=7516	f0=42319	tasks=5	fill_fire=false	cost_fire=false
FENCETRACE	n=2207	nnz=7516	f0=42319	tasks=527	fill_fire=false	cost_fire=false
RATIOGATE	1.0	false	85
LADGATE	2207	10000	0.419	0
COUNTS	p_ball_30b_7p_2d_h	2207	7516	42456	42319
FENCETRACE	n=19995	nnz=97990	f0=1358716	tasks=9	fill_fire=false	cost_fire=false
FENCETRACE	n=19995	nnz=97990	f0=1288424	tasks=1	fill_fire=false	cost_fire=false
FENCETRACE	n=19995	nnz=97990	f0=1288424	tasks=67	fill_fire=false	cost_fire=false
RATIOGATE	0.9	false	85
LADGATE	19995	10000	0.757	0
COUNTS	pinene200	19995	97990	1358716	1134463
FENCETRACE	n=146830	nnz=476332	f0=3053940	tasks=3	fill_fire=false	cost_fire=false
FENCETRACE	n=146830	nnz=476332	f0=3053940	tasks=1	fill_fire=false	cost_fire=false
COUNTS	unitcommit_200_100_1_mod_8	146830	476332	3053940	2981835
FENCETRACE	n=123	nnz=834	f0=15050	tasks=45	fill_fire=false	cost_fire=false
FENCETRACE	n=123	nnz=834	f0=11588	tasks=1	fill_fire=false	cost_fire=false
FENCETRACE	n=123	nnz=834	f0=11588	tasks=5	fill_fire=false	cost_fire=false
FENCETRACE	n=123	nnz=834	f0=11588	tasks=527	fill_fire=false	cost_fire=false
FENCETRACE	n=123	nnz=834	f0=11588	tasks=32	fill_fire=false	cost_fire=false
RATIOGATE	1.0	false	85
LADGATE	123	10000	0.302	0
COUNTS	ex8_3_9	123	834	15050	11503
FENCETRACE	n=2486	nnz=6932	f0=38190	tasks=24	fill_fire=false	cost_fire=false
FENCETRACE	n=2486	nnz=6932	f0=36174	tasks=1	fill_fire=false	cost_fire=false
FENCETRACE	n=2486	nnz=6932	f0=36174	tasks=5	fill_fire=false	cost_fire=false
FENCETRACE	n=2486	nnz=6932	f0=36174	tasks=527	fill_fire=false	cost_fire=false
RATIOGATE	1.0	false	85
LADGATE	2486	10000	0.575	0
COUNTS	rsyn0820m02m	2486	6932	38190	35665
FENCETRACE	n=293	nnz=964	f0=6648	tasks=46	fill_fire=false	cost_fire=false
FENCETRACE	n=293	nnz=964	f0=6547	tasks=1	fill_fire=false	cost_fire=false
FENCETRACE	n=293	nnz=964	f0=6547	tasks=5	fill_fire=false	cost_fire=false
FENCETRACE	n=293	nnz=964	f0=6547	tasks=527	fill_fire=false	cost_fire=false
FENCETRACE	n=293	nnz=964	f0=6547	tasks=16	fill_fire=false	cost_fire=false
RATIOGATE	1.0	false	85
LADGATE	293	10000	0.275	0
COUNTS	p_ball_10b_5p_2d_m	293	964	6648	6547
FENCETRACE	n=170	nnz=936	f0=26842	tasks=46	fill_fire=false	cost_fire=false
FENCETRACE	n=170	nnz=936	f0=23254	tasks=1	fill_fire=false	cost_fire=false
FENCETRACE	n=170	nnz=936	f0=23254	tasks=5	fill_fire=false	cost_fire=false
FENCETRACE	n=170	nnz=936	f0=23254	tasks=527	fill_fire=false	cost_fire=false
FENCETRACE	n=170	nnz=936	f0=23250	tasks=16	fill_fire=false	cost_fire=false
RATIOGATE	0.9	false	85
LADGATE	170	10000	0.230	0
COUNTS	pooling_adhya4tp	170	936	26842	20581
FENCETRACE	n=7295	nnz=21600	f0=74520	tasks=9	fill_fire=false	cost_fire=false
FENCETRACE	n=7295	nnz=21600	f0=74520	tasks=1	fill_fire=false	cost_fire=false
FENCETRACE	n=7295	nnz=21600	f0=74520	tasks=1	fill_fire=false	cost_fire=false
FENCETRACE	n=7295	nnz=21600	f0=74520	tasks=293	fill_fire=false	cost_fire=false
RATIOGATE	1.0	false	85
LADGATE	7295	10000	0.268	0
COUNTS	squfl015-080persp	7295	21600	74520	74520
FENCETRACE	n=1053	nnz=5940	f0=170814	tasks=25	fill_fire=false	cost_fire=false
FENCETRACE	n=1053	nnz=5940	f0=169831	tasks=1	fill_fire=false	cost_fire=false
FENCETRACE	n=1053	nnz=5940	f0=169831	tasks=5	fill_fire=false	cost_fire=false
FENCETRACE	n=1053	nnz=5940	f0=169831	tasks=527	fill_fire=false	cost_fire=false
RATIOGATE	1.0	false	85
LADGATE	1053	10000	0.301	0
COUNTS	edgecross10-080	1053	5940	170814	164639
FENCETRACE	n=590	nnz=1696	f0=7198	tasks=45	fill_fire=false	cost_fire=false
FENCETRACE	n=590	nnz=1696	f0=6712	tasks=1	fill_fire=false	cost_fire=false
FENCETRACE	n=590	nnz=1696	f0=6712	tasks=5	fill_fire=false	cost_fire=false
FENCETRACE	n=590	nnz=1696	f0=6712	tasks=527	fill_fire=false	cost_fire=false
FENCETRACE	n=590	nnz=1696	f0=6655	tasks=16	fill_fire=false	cost_fire=false
RATIOGATE	1.0	false	85
LADGATE	590	10000	0.332	0
COUNTS	clay0204hfsg	590	1696	7198	6562
FENCETRACE	n=13	nnz=40	f0=143	tasks=45	fill_fire=false	cost_fire=false
FENCETRACE	n=13	nnz=40	f0=114	tasks=1	fill_fire=false	cost_fire=false
FENCETRACE	n=13	nnz=40	f0=114	tasks=5	fill_fire=false	cost_fire=false
FENCETRACE	n=13	nnz=40	f0=114	tasks=527	fill_fire=false	cost_fire=false
FENCETRACE	n=13	nnz=40	f0=114	tasks=32	fill_fire=false	cost_fire=false
RATIOGATE	1.0	false	85
LADGATE	13	10000	0.122	0
COUNTS	st_bsj2	13	40	143	114
FENCETRACE	n=440	nnz=3038	f0=97870	tasks=45	fill_fire=false	cost_fire=false
FENCETRACE	n=440	nnz=3038	f0=90584	tasks=1	fill_fire=false	cost_fire=false
FENCETRACE	n=440	nnz=3038	f0=90584	tasks=5	fill_fire=false	cost_fire=false
FENCETRACE	n=440	nnz=3038	f0=90584	tasks=527	fill_fire=false	cost_fire=false
FENCETRACE	n=440	nnz=3038	f0=90584	tasks=16	fill_fire=false	cost_fire=false
RATIOGATE	1.0	false	85
LADGATE	440	10000	0.425	0
COUNTS	chimera_mgw-c8-439-onc8-002	440	3038	97870	86464
FENCETRACE	n=5188	nnz=17910	f0=349298	tasks=8	fill_fire=false	cost_fire=false
FENCETRACE	n=5188	nnz=17910	f0=334396	tasks=1	fill_fire=false	cost_fire=false
FENCETRACE	n=5188	nnz=17910	f0=334396	tasks=2	fill_fire=false	cost_fire=false
FENCETRACE	n=5188	nnz=17910	f0=334396	tasks=376	fill_fire=false	cost_fire=false
RATIOGATE	0.9	false	85
LADGATE	5188	10000	0.610	0
COUNTS	batchs201210m	5188	17910	349298	303381
FENCETRACE	n=5456	nnz=15756	f0=184352	tasks=7	fill_fire=false	cost_fire=false
FENCETRACE	n=5456	nnz=15756	f0=175681	tasks=1	fill_fire=false	cost_fire=false
FENCETRACE	n=5456	nnz=15756	f0=175681	tasks=2	fill_fire=false	cost_fire=false
FENCETRACE	n=5456	nnz=15756	f0=175681	tasks=391	fill_fire=false	cost_fire=false
RATIOGATE	0.8	true	85
LADGATE	5456	10000	0.646	1
COUNTS	rsyn0815m04m	5456	15756	184352	144170
FENCETRACE	n=560	nnz=1528	f0=5007	tasks=45	fill_fire=false	cost_fire=false
FENCETRACE	n=560	nnz=1528	f0=4886	tasks=1	fill_fire=false	cost_fire=false
FENCETRACE	n=560	nnz=1528	f0=4886	tasks=5	fill_fire=false	cost_fire=false
FENCETRACE	n=560	nnz=1528	f0=4886	tasks=527	fill_fire=false	cost_fire=false
FENCETRACE	n=560	nnz=1528	f0=4886	tasks=16	fill_fire=false	cost_fire=false
RATIOGATE	1.0	false	85
LADGATE	560	10000	0.322	0
COUNTS	syn40m	560	1528	5007	4829
FENCETRACE	n=2157	nnz=32604	f0=3764003	tasks=18	fill_fire=false	cost_fire=false
FENCETRACE	n=2157	nnz=32604	f0=3764003	tasks=1	fill_fire=false	cost_fire=false
FENCETRACE	n=2157	nnz=32604	f0=3764003	tasks=2	fill_fire=false	cost_fire=false
FENCETRACE	n=2157	nnz=32604	f0=3764003	tasks=265	fill_fire=false	cost_fire=false
RATIOGATE	1.0	false	85
LADGATE	2157	10000	0.260	0
COUNTS	knp5-44	2157	32604	3764003	3764003
FENCETRACE	n=94	nnz=390	f0=2098	tasks=45	fill_fire=false	cost_fire=false
FENCETRACE	n=94	nnz=390	f0=2098	tasks=1	fill_fire=false	cost_fire=false
FENCETRACE	n=94	nnz=390	f0=2098	tasks=5	fill_fire=false	cost_fire=false
FENCETRACE	n=94	nnz=390	f0=2098	tasks=527	fill_fire=false	cost_fire=false
RATIOGATE	1.0	false	85
LADGATE	94	10000	0.202	0
COUNTS	ex1263a	94	390	2098	2098
COUNTS	st_e41	8	32	88	88
FENCETRACE	n=2305	nnz=6000	f0=42305	tasks=24	fill_fire=false	cost_fire=false
FENCETRACE	n=2305	nnz=6000	f0=42305	tasks=1	fill_fire=false	cost_fire=false
FENCETRACE	n=2305	nnz=6000	f0=42305	tasks=5	fill_fire=false	cost_fire=false
FENCETRACE	n=2305	nnz=6000	f0=42305	tasks=527	fill_fire=false	cost_fire=false
RATIOGATE	1.0	false	85
LADGATE	2305	10000	0.340	0
COUNTS	squfl025-030	2305	6000	42305	42305
FENCETRACE	n=98	nnz=536	f0=11690	tasks=45	fill_fire=false	cost_fire=false
FENCETRACE	n=98	nnz=536	f0=9820	tasks=1	fill_fire=false	cost_fire=false
FENCETRACE	n=98	nnz=536	f0=9820	tasks=5	fill_fire=false	cost_fire=false
FENCETRACE	n=98	nnz=536	f0=9820	tasks=527	fill_fire=false	cost_fire=false
FENCETRACE	n=98	nnz=536	f0=9603	tasks=16	fill_fire=false	cost_fire=false
RATIOGATE	0.8	true	85
LADGATE	98	10000	0.269	1
COUNTS	wastewater05m1	98	536	11690	8036
COUNTS	cvxnonsep_psig20	20	380	2870	2870
FENCETRACE	n=4405	nnz=171604	f0=21923414	tasks=13	fill_fire=false	cost_fire=false
FENCETRACE	n=4405	nnz=171604	f0=21922611	tasks=1	fill_fire=false	cost_fire=false
FENCETRACE	n=4405	nnz=171604	f0=21922611	tasks=1	fill_fire=false	cost_fire=false
FENCETRACE	n=4405	nnz=171604	f0=21922611	tasks=11	fill_fire=false	cost_fire=false
RATIOGATE	1.0	false	85
LADGATE	4405	10000	0.187	0
COUNTS	meanvar-orl400_05_e_8	4405	171604	21923414	21922611
FENCETRACE	n=301	nnz=744	f0=4534	tasks=45	fill_fire=false	cost_fire=false
FENCETRACE	n=301	nnz=744	f0=4419	tasks=1	fill_fire=false	cost_fire=false
FENCETRACE	n=301	nnz=744	f0=4419	tasks=5	fill_fire=false	cost_fire=false
FENCETRACE	n=301	nnz=744	f0=4419	tasks=527	fill_fire=false	cost_fire=false
FENCETRACE	n=301	nnz=744	f0=4419	tasks=16	fill_fire=false	cost_fire=false
RATIOGATE	1.0	false	85
LADGATE	301	10000	0.292	0
COUNTS	st_e31	301	744	4534	4257
FENCETRACE	n=14100	nnz=477680	f0=812210652	tasks=3	fill_fire=false	cost_fire=false
FENCETRACE	n=14100	nnz=477680	f0=250502371	tasks=9	fill_fire=false	cost_fire=false
COUNTS	pooling_sppc1pq	14100	477680	812210652	136686008
FENCETRACE	n=31	nnz=96	f0=412	tasks=45	fill_fire=false	cost_fire=false
FENCETRACE	n=31	nnz=96	f0=403	tasks=1	fill_fire=false	cost_fire=false
FENCETRACE	n=31	nnz=96	f0=403	tasks=5	fill_fire=false	cost_fire=false
FENCETRACE	n=31	nnz=96	f0=403	tasks=527	fill_fire=false	cost_fire=false
FENCETRACE	n=31	nnz=96	f0=403	tasks=16	fill_fire=false	cost_fire=false
RATIOGATE	1.0	false	85
LADGATE	31	10000	0.173	0
COUNTS	pooling_haverly1pq	31	96	412	403
FENCETRACE	n=128	nnz=672	f0=33446	tasks=45	fill_fire=false	cost_fire=false
FENCETRACE	n=128	nnz=672	f0=32566	tasks=1	fill_fire=false	cost_fire=false
FENCETRACE	n=128	nnz=672	f0=32566	tasks=5	fill_fire=false	cost_fire=false
FENCETRACE	n=128	nnz=672	f0=32566	tasks=527	fill_fire=false	cost_fire=false
FENCETRACE	n=128	nnz=672	f0=32566	tasks=16	fill_fire=false	cost_fire=false
RATIOGATE	1.0	false	85
LADGATE	128	10000	0.241	0
COUNTS	graphpart_3g-0244-0244	128	672	33446	32534
FENCETRACE	n=80	nnz=1260	f0=34885	tasks=47	fill_fire=false	cost_fire=false
FENCETRACE	n=80	nnz=1260	f0=30190	tasks=1	fill_fire=false	cost_fire=false
FENCETRACE	n=80	nnz=1260	f0=30190	tasks=5	fill_fire=false	cost_fire=false
FENCETRACE	n=80	nnz=1260	f0=30190	tasks=527	fill_fire=false	cost_fire=false
FENCETRACE	n=80	nnz=1260	f0=30190	tasks=16	fill_fire=false	cost_fire=false
RATIOGATE	0.9	false	85
LADGATE	80	10000	0.246	0
COUNTS	graphpart_clique-20	80	1260	34885	27856
FENCETRACE	n=28368	nnz=91016	f0=33835023	tasks=7	fill_fire=false	cost_fire=false
FENCETRACE	n=28368	nnz=91016	f0=18479530	tasks=1	fill_fire=false	cost_fire=false
FENCETRACE	n=28368	nnz=91016	f0=18479530	tasks=81	fill_fire=false	cost_fire=false
RATIOGATE	0.9	false	85
LADGATE	28368	10000	0.928	0
COUNTS	mpbp_48	28368	91016	33835023	16144599
FENCETRACE	n=18529	nnz=674470	f0=523815053	tasks=3	fill_fire=false	cost_fire=false
FENCETRACE	n=18529	nnz=674470	f0=218002440	tasks=11	fill_fire=false	cost_fire=false
COUNTS	pooling_sppb5pq	18529	674470	523815053	213571545
FENCETRACE	n=497	nnz=1512	f0=5740	tasks=46	fill_fire=false	cost_fire=false
FENCETRACE	n=497	nnz=1512	f0=5740	tasks=1	fill_fire=false	cost_fire=false
FENCETRACE	n=497	nnz=1512	f0=5740	tasks=5	fill_fire=false	cost_fire=false
FENCETRACE	n=497	nnz=1512	f0=5740	tasks=527	fill_fire=false	cost_fire=false
RATIOGATE	1.0	false	85
LADGATE	497	10000	0.278	0
COUNTS	slay07m	497	1512	5740	5740
COUNTS	nvs19	24	200	1353	884
FENCETRACE	n=3270	nnz=8430	f0=36313	tasks=17	fill_fire=false	cost_fire=false
FENCETRACE	n=3270	nnz=8430	f0=36151	tasks=1	fill_fire=false	cost_fire=false
FENCETRACE	n=3270	nnz=8430	f0=36151	tasks=2	fill_fire=false	cost_fire=false
FENCETRACE	n=3270	nnz=8430	f0=36151	tasks=459	fill_fire=false	cost_fire=false
RATIOGATE	1.0	false	85
LADGATE	3270	10000	0.544	0
COUNTS	oil	3270	8430	36313	34760
FENCETRACE	n=2775	nnz=7200	f0=36400	tasks=25	fill_fire=false	cost_fire=false
FENCETRACE	n=2775	nnz=7200	f0=36400	tasks=1	fill_fire=false	cost_fire=false
FENCETRACE	n=2775	nnz=7200	f0=36400	tasks=5	fill_fire=false	cost_fire=false
FENCETRACE	n=2775	nnz=7200	f0=36400	tasks=527	fill_fire=false	cost_fire=false
RATIOGATE	1.0	false	85
LADGATE	2775	10000	0.462	0
COUNTS	squfl015-060	2775	7200	36400	36400
FENCETRACE	n=1112	nnz=5522	f0=299115	tasks=23	fill_fire=false	cost_fire=false
FENCETRACE	n=1112	nnz=5522	f0=289305	tasks=1	fill_fire=false	cost_fire=false
FENCETRACE	n=1112	nnz=5522	f0=289305	tasks=5	fill_fire=false	cost_fire=false
FENCETRACE	n=1112	nnz=5522	f0=289305	tasks=527	fill_fire=false	cost_fire=false
RATIOGATE	1.0	false	85
LADGATE	1112	10000	0.437	0
COUNTS	ndcc12persp	1112	5522	299115	284793
FENCETRACE	n=20772	nnz=401024	f0=156414018	tasks=3	fill_fire=false	cost_fire=false
FENCETRACE	n=20772	nnz=401024	f0=156414018	tasks=1	fill_fire=false	cost_fire=false
COUNTS	kissing2	20772	401024	156414018	156414018
FENCETRACE	n=1942	nnz=16030	f0=1977163	tasks=16	fill_fire=false	cost_fire=false
FENCETRACE	n=1942	nnz=16030	f0=1486246	tasks=1	fill_fire=false	cost_fire=false
FENCETRACE	n=1942	nnz=16030	f0=1378569	tasks=5	fill_fire=false	cost_fire=false
FENCETRACE	n=1942	nnz=16030	f0=1378569	tasks=483	fill_fire=false	cost_fire=false
FENCETRACE	n=1942	nnz=16030	f0=1325679	tasks=32	fill_fire=false	cost_fire=false
RATIOGATE	0.8	true	85
LADGATE	1942	10000	0.568	1
COUNTS	nuclear25a	1942	16030	1977163	1136191
FENCETRACE	n=222	nnz=704	f0=2330	tasks=46	fill_fire=false	cost_fire=false
FENCETRACE	n=222	nnz=704	f0=2330	tasks=1	fill_fire=false	cost_fire=false
FENCETRACE	n=222	nnz=704	f0=2330	tasks=5	fill_fire=false	cost_fire=false
FENCETRACE	n=222	nnz=704	f0=2330	tasks=527	fill_fire=false	cost_fire=false
RATIOGATE	1.0	false	85
LADGATE	222	10000	0.239	0
COUNTS	clay0204m	222	704	2330	2330
FENCETRACE	n=23	nnz=68	f0=207	tasks=45	fill_fire=false	cost_fire=false
FENCETRACE	n=23	nnz=68	f0=178	tasks=1	fill_fire=false	cost_fire=false
FENCETRACE	n=23	nnz=68	f0=178	tasks=5	fill_fire=false	cost_fire=false
FENCETRACE	n=23	nnz=68	f0=178	tasks=527	fill_fire=false	cost_fire=false
FENCETRACE	n=23	nnz=68	f0=178	tasks=16	fill_fire=false	cost_fire=false
RATIOGATE	1.0	false	85
LADGATE	23	10000	0.142	0
COUNTS	st_ph13	23	68	207	178
FENCETRACE	n=1053	nnz=4654	f0=135854	tasks=25	fill_fire=false	cost_fire=false
FENCETRACE	n=1053	nnz=4654	f0=105877	tasks=1	fill_fire=false	cost_fire=false
FENCETRACE	n=1053	nnz=4654	f0=105877	tasks=5	fill_fire=false	cost_fire=false
FENCETRACE	n=1053	nnz=4654	f0=105877	tasks=527	fill_fire=false	cost_fire=false
FENCETRACE	n=1053	nnz=4654	f0=104855	tasks=32	fill_fire=false	cost_fire=false
RATIOGATE	1.0	false	85
LADGATE	1053	10000	0.390	0
COUNTS	edgecross10-030	1053	4654	135854	100608
FENCETRACE	n=601	nnz=2396	f0=8182	tasks=47	fill_fire=false	cost_fire=false
FENCETRACE	n=601	nnz=2396	f0=8182	tasks=1	fill_fire=false	cost_fire=false
FENCETRACE	n=601	nnz=2396	f0=8182	tasks=5	fill_fire=false	cost_fire=false
FENCETRACE	n=601	nnz=2396	f0=8182	tasks=527	fill_fire=false	cost_fire=false
RATIOGATE	1.0	false	85
LADGATE	601	10000	0.257	0
COUNTS	chain200	601	2396	8182	8182
FENCETRACE	n=25	nnz=66	f0=178	tasks=45	fill_fire=false	cost_fire=false
FENCETRACE	n=25	nnz=66	f0=178	tasks=1	fill_fire=false	cost_fire=false
FENCETRACE	n=25	nnz=66	f0=178	tasks=5	fill_fire=false	cost_fire=false
FENCETRACE	n=25	nnz=66	f0=178	tasks=527	fill_fire=false	cost_fire=false
RATIOGATE	1.0	false	85
LADGATE	25	10000	0.170	0
COUNTS	ex1223b	25	66	178	178
FENCETRACE	n=2718	nnz=7488	f0=36057	tasks=24	fill_fire=false	cost_fire=false
FENCETRACE	n=2718	nnz=7488	f0=33435	tasks=1	fill_fire=false	cost_fire=false
FENCETRACE	n=2718	nnz=7488	f0=33435	tasks=5	fill_fire=false	cost_fire=false
FENCETRACE	n=2718	nnz=7488	f0=33435	tasks=527	fill_fire=false	cost_fire=false
RATIOGATE	1.0	false	85
LADGATE	2718	10000	0.434	0
COUNTS	slay09h	2718	7488	36057	32385
FENCETRACE	n=974	nnz=5982	f0=345696	tasks=28	fill_fire=false	cost_fire=false
FENCETRACE	n=974	nnz=5982	f0=345696	tasks=1	fill_fire=false	cost_fire=false
FENCETRACE	n=974	nnz=5982	f0=345696	tasks=5	fill_fire=false	cost_fire=false
FENCETRACE	n=974	nnz=5982	f0=345696	tasks=527	fill_fire=false	cost_fire=false
FENCETRACE	n=974	nnz=5982	f0=334432	tasks=16	fill_fire=false	cost_fire=false
RATIOGATE	1.0	false	85
LADGATE	974	10000	0.536	0
COUNTS	ndcc12	974	5982	345696	329556
FENCETRACE	n=1306	nnz=5378	f0=75744	tasks=22	fill_fire=false	cost_fire=false
FENCETRACE	n=1306	nnz=5378	f0=75294	tasks=1	fill_fire=false	cost_fire=false
FENCETRACE	n=1306	nnz=5378	f0=75294	tasks=5	fill_fire=false	cost_fire=false
FENCETRACE	n=1306	nnz=5378	f0=75294	tasks=527	fill_fire=false	cost_fire=false
RATIOGATE	1.0	false	85
LADGATE	1306	10000	0.427	0
COUNTS	kall_circlesrectangles_c6r39	1306	5378	75744	74610
FENCETRACE	n=9170	nnz=24000	f0=135020	tasks=8	fill_fire=false	cost_fire=false
FENCETRACE	n=9170	nnz=24000	f0=135020	tasks=1	fill_fire=false	cost_fire=false
FENCETRACE	n=9170	nnz=24000	f0=135020	tasks=1	fill_fire=false	cost_fire=false
FENCETRACE	n=9170	nnz=24000	f0=135020	tasks=287	fill_fire=false	cost_fire=false
RATIOGATE	1.0	false	85
LADGATE	9170	10000	0.497	0
COUNTS	squfl020-150	9170	24000	135020	135020
COUNTS	autocorr_bern40-30	43	1534	20034	20034
FENCETRACE	n=660	nnz=2016	f0=7796	tasks=46	fill_fire=false	cost_fire=false
FENCETRACE	n=660	nnz=2016	f0=7796	tasks=1	fill_fire=false	cost_fire=false
FENCETRACE	n=660	nnz=2016	f0=7796	tasks=5	fill_fire=false	cost_fire=false
FENCETRACE	n=660	nnz=2016	f0=7796	tasks=527	fill_fire=false	cost_fire=false
RATIOGATE	1.0	false	85
LADGATE	660	10000	0.303	0
COUNTS	slay08m	660	2016	7796	7796
FENCETRACE	n=2032	nnz=15900	f0=3328073	tasks=15	fill_fire=false	cost_fire=false
FENCETRACE	n=2032	nnz=15900	f0=3278882	tasks=1	fill_fire=false	cost_fire=false
FENCETRACE	n=2032	nnz=15900	f0=3278882	tasks=2	fill_fire=false	cost_fire=false
FENCETRACE	n=2032	nnz=15900	f0=3278882	tasks=474	fill_fire=false	cost_fire=false
RATIOGATE	0.8	true	85
LADGATE	2032	10000	0.612	1
COUNTS	chimera_mgw-c16-2031-01	2032	15900	3328073	2600520
FENCETRACE	n=713	nnz=2658	f0=10614	tasks=47	fill_fire=false	cost_fire=false
FENCETRACE	n=713	nnz=2658	f0=10582	tasks=1	fill_fire=false	cost_fire=false
FENCETRACE	n=713	nnz=2658	f0=10582	tasks=5	fill_fire=false	cost_fire=false
FENCETRACE	n=713	nnz=2658	f0=10582	tasks=527	fill_fire=false	cost_fire=false
FENCETRACE	n=713	nnz=2658	f0=10543	tasks=16	fill_fire=false	cost_fire=false
RATIOGATE	1.0	false	85
LADGATE	713	10000	0.410	0
COUNTS	forest	713	2658	10614	10543
FENCETRACE	n=280	nnz=29636	f0=1942907	tasks=24	fill_fire=false	cost_fire=false
FENCETRACE	n=280	nnz=29636	f0=1935082	tasks=1	fill_fire=false	cost_fire=false
FENCETRACE	n=280	nnz=29636	f0=1935082	tasks=5	fill_fire=false	cost_fire=false
FENCETRACE	n=280	nnz=29636	f0=1935082	tasks=307	fill_fire=false	cost_fire=false
FENCETRACE	n=280	nnz=29636	f0=1935082	tasks=16	fill_fire=false	cost_fire=false
RATIOGATE	1.0	false	85
LADGATE	280	10000	0.193	0
COUNTS	qspp_0_10_0_1_10_1	280	29636	1942907	1932414
FENCETRACE	n=16	nnz=58	f0=274	tasks=45	fill_fire=false	cost_fire=false
FENCETRACE	n=16	nnz=58	f0=233	tasks=1	fill_fire=false	cost_fire=false
FENCETRACE	n=16	nnz=58	f0=233	tasks=5	fill_fire=false	cost_fire=false
FENCETRACE	n=16	nnz=58	f0=233	tasks=527	fill_fire=false	cost_fire=false
FENCETRACE	n=16	nnz=58	f0=233	tasks=16	fill_fire=false	cost_fire=false
RATIOGATE	1.0	false	85
LADGATE	16	10000	0.145	0
COUNTS	st_ph1	16	58	274	233
FENCETRACE	n=124	nnz=376	f0=2733	tasks=45	fill_fire=false	cost_fire=false
FENCETRACE	n=124	nnz=376	f0=2501	tasks=1	fill_fire=false	cost_fire=false
FENCETRACE	n=124	nnz=376	f0=2501	tasks=5	fill_fire=false	cost_fire=false
FENCETRACE	n=124	nnz=376	f0=2501	tasks=527	fill_fire=false	cost_fire=false
FENCETRACE	n=124	nnz=376	f0=2198	tasks=16	fill_fire=false	cost_fire=false
RATIOGATE	0.9	false	85
LADGATE	124	10000	0.205	0
COUNTS	elf	124	376	2733	2173
FENCETRACE	n=18	nnz=36	f0=90	tasks=45	fill_fire=false	cost_fire=false
FENCETRACE	n=18	nnz=36	f0=83	tasks=1	fill_fire=false	cost_fire=false
FENCETRACE	n=18	nnz=36	f0=83	tasks=5	fill_fire=false	cost_fire=false
FENCETRACE	n=18	nnz=36	f0=83	tasks=527	fill_fire=false	cost_fire=false
FENCETRACE	n=18	nnz=36	f0=83	tasks=16	fill_fire=false	cost_fire=false
RATIOGATE	1.0	false	85
LADGATE	18	10000	0.145	0
COUNTS	ex3_1_3	18	36	90	83
COUNTS	cvxnonsep_normcon40r	162	322	645	645
FENCETRACE	n=155	nnz=618	f0=3579	tasks=46	fill_fire=false	cost_fire=false
FENCETRACE	n=155	nnz=618	f0=3426	tasks=1	fill_fire=false	cost_fire=false
FENCETRACE	n=155	nnz=618	f0=3426	tasks=5	fill_fire=false	cost_fire=false
FENCETRACE	n=155	nnz=618	f0=3426	tasks=527	fill_fire=false	cost_fire=false
FENCETRACE	n=155	nnz=618	f0=3426	tasks=16	fill_fire=false	cost_fire=false
RATIOGATE	1.0	false	85
LADGATE	155	10000	0.274	0
COUNTS	demo7	155	618	3579	3426
FENCETRACE	n=615	nnz=2580	f0=155674	tasks=47	fill_fire=false	cost_fire=false
FENCETRACE	n=615	nnz=2580	f0=74817	tasks=1	fill_fire=false	cost_fire=false
FENCETRACE	n=615	nnz=2580	f0=74817	tasks=5	fill_fire=false	cost_fire=false
FENCETRACE	n=615	nnz=2580	f0=74817	tasks=527	fill_fire=false	cost_fire=false
FENCETRACE	n=615	nnz=2580	f0=74817	tasks=32	fill_fire=false	cost_fire=false
RATIOGATE	1.0	false	85
LADGATE	615	10000	0.377	0
COUNTS	waternd2	615	2580	155674	74817
FENCETRACE	n=64	nnz=292	f0=1245	tasks=47	fill_fire=false	cost_fire=false
FENCETRACE	n=64	nnz=292	f0=1227	tasks=1	fill_fire=false	cost_fire=false
FENCETRACE	n=64	nnz=292	f0=1227	tasks=5	fill_fire=false	cost_fire=false
FENCETRACE	n=64	nnz=292	f0=1227	tasks=527	fill_fire=false	cost_fire=false
FENCETRACE	n=64	nnz=292	f0=1227	tasks=16	fill_fire=false	cost_fire=false
RATIOGATE	1.0	false	85
LADGATE	64	10000	0.219	0
COUNTS	prolog	64	292	1245	1225
FENCETRACE	n=11	nnz=30	f0=80	tasks=45	fill_fire=false	cost_fire=false
FENCETRACE	n=11	nnz=30	f0=80	tasks=1	fill_fire=false	cost_fire=false
FENCETRACE	n=11	nnz=30	f0=80	tasks=5	fill_fire=false	cost_fire=false
FENCETRACE	n=11	nnz=30	f0=80	tasks=527	fill_fire=false	cost_fire=false
RATIOGATE	1.0	false	85
LADGATE	11	10000	0.114	0
COUNTS	ex14_1_8	11	30	80	80
FENCETRACE	n=272878	nnz=1379706	f0=3204527350	tasks=1	fill_fire=false	cost_fire=false
COUNTS	faclay75	272878	1379706	3204527350	3013800414
FENCETRACE	n=55	nnz=548	f0=5467	tasks=47	fill_fire=false	cost_fire=false
FENCETRACE	n=55	nnz=548	f0=3762	tasks=1	fill_fire=false	cost_fire=false
FENCETRACE	n=55	nnz=548	f0=3762	tasks=5	fill_fire=false	cost_fire=false
FENCETRACE	n=55	nnz=548	f0=3762	tasks=527	fill_fire=false	cost_fire=false
FENCETRACE	n=55	nnz=548	f0=3762	tasks=32	fill_fire=false	cost_fire=false
RATIOGATE	1.0	false	85
LADGATE	55	10000	0.139	0
COUNTS	st_qpk3	55	548	5467	3762
FENCETRACE	n=11556	nnz=40860	f0=3093917	tasks=7	fill_fire=false	cost_fire=false
FENCETRACE	n=11556	nnz=40860	f0=2922891	tasks=1	fill_fire=false	cost_fire=false
FENCETRACE	n=11556	nnz=40860	f0=1843362	tasks=2	fill_fire=false	cost_fire=false
FENCETRACE	n=11556	nnz=40860	f0=1754610	tasks=114	fill_fire=false	cost_fire=false
RATIOGATE	0.3	true	85
LADGATE	11556	10000	0.721	0
COUNTS	mpbp_34	11556	40860	3093917	893365
COUNTS	cvxnonsep_normcon20r	82	162	325	325
COUNTS	cvxnonsep_psig20r	86	170	341	341
FENCETRACE	n=18742	nnz=75910	f0=14985540	tasks=10	fill_fire=false	cost_fire=false
FENCETRACE	n=18742	nnz=75910	f0=14074112	tasks=1	fill_fire=false	cost_fire=false
FENCETRACE	n=18742	nnz=75910	f0=14074112	tasks=75	fill_fire=false	cost_fire=false
RATIOGATE	0.7	true	85
LADGATE	18742	10000	0.747	0
COUNTS	crudeoil_pooling_dt2	18742	75910	14985540	9947932
FENCETRACE	n=2868	nnz=8270	f0=60979	tasks=24	fill_fire=false	cost_fire=false
FENCETRACE	n=2868	nnz=8270	f0=60835	tasks=1	fill_fire=false	cost_fire=false
FENCETRACE	n=2868	nnz=8270	f0=60835	tasks=2	fill_fire=false	cost_fire=false
FENCETRACE	n=2868	nnz=8270	f0=60835	tasks=515	fill_fire=false	cost_fire=false
RATIOGATE	0.9	false	85
LADGATE	2868	10000	0.752	0
COUNTS	rsyn0805m03m	2868	8270	60979	54853
COUNTS	st_iqpbk1	22	98	295	295
FENCETRACE	n=96	nnz=404	f0=4546	tasks=45	fill_fire=false	cost_fire=false
FENCETRACE	n=96	nnz=404	f0=3317	tasks=1	fill_fire=false	cost_fire=false
FENCETRACE	n=96	nnz=404	f0=3317	tasks=5	fill_fire=false	cost_fire=false
FENCETRACE	n=96	nnz=404	f0=3317	tasks=527	fill_fire=false	cost_fire=false
FENCETRACE	n=96	nnz=404	f0=3317	tasks=32	fill_fire=false	cost_fire=false
RATIOGATE	1.0	false	85
LADGATE	96	10000	0.274	0
COUNTS	waterund01	96	404	4546	3317
FENCETRACE	n=29	nnz=120	f0=577	tasks=45	fill_fire=false	cost_fire=false
FENCETRACE	n=29	nnz=120	f0=577	tasks=1	fill_fire=false	cost_fire=false
FENCETRACE	n=29	nnz=120	f0=577	tasks=5	fill_fire=false	cost_fire=false
FENCETRACE	n=29	nnz=120	f0=577	tasks=527	fill_fire=false	cost_fire=false
RATIOGATE	1.0	false	85
LADGATE	29	10000	0.159	0
COUNTS	pointpack04	29	120	577	577
FENCETRACE	n=12	nnz=30	f0=77	tasks=45	fill_fire=false	cost_fire=false
FENCETRACE	n=12	nnz=30	f0=70	tasks=1	fill_fire=false	cost_fire=false
FENCETRACE	n=12	nnz=30	f0=70	tasks=5	fill_fire=false	cost_fire=false
FENCETRACE	n=12	nnz=30	f0=70	tasks=527	fill_fire=false	cost_fire=false
FENCETRACE	n=12	nnz=30	f0=70	tasks=16	fill_fire=false	cost_fire=false
RATIOGATE	1.0	false	85
LADGATE	12	10000	0.105	0
COUNTS	st_e22	12	30	77	70
FENCETRACE	n=16678	nnz=82242	f0=13452923	tasks=9	fill_fire=false	cost_fire=false
FENCETRACE	n=16678	nnz=82242	f0=13436871	tasks=1	fill_fire=false	cost_fire=false
FENCETRACE	n=16678	nnz=82242	f0=13436871	tasks=69	fill_fire=false	cost_fire=false
RATIOGATE	1.0	false	85
LADGATE	16678	10000	0.486	0
COUNTS	faclay30	16678	82242	13452923	12850431
FENCETRACE	n=4432	nnz=11248	f0=683476	tasks=15	fill_fire=false	cost_fire=false
FENCETRACE	n=4432	nnz=11248	f0=680292	tasks=1	fill_fire=false	cost_fire=false
FENCETRACE	n=4432	nnz=11248	f0=680292	tasks=2	fill_fire=false	cost_fire=false
FENCETRACE	n=4432	nnz=11248	f0=680292	tasks=459	fill_fire=false	cost_fire=false
RATIOGATE	1.0	false	85
LADGATE	4432	10000	0.463	0
COUNTS	arki0002	4432	11248	683476	667374
FENCETRACE	n=11659	nnz=48446	f0=404940	tasks=8	fill_fire=false	cost_fire=false
FENCETRACE	n=11659	nnz=48446	f0=404940	tasks=1	fill_fire=false	cost_fire=false
FENCETRACE	n=11659	nnz=48446	f0=404940	tasks=1	fill_fire=false	cost_fire=false
FENCETRACE	n=11659	nnz=48446	f0=404940	tasks=107	fill_fire=false	cost_fire=false
RATIOGATE	0.9	false	85
LADGATE	11659	10000	0.952	0
COUNTS	transswitch0300p	11659	48446	404940	378674
FENCETRACE	n=30660	nnz=152210	f0=48975085	tasks=6	fill_fire=false	cost_fire=false
FENCETRACE	n=30660	nnz=152210	f0=47606030	tasks=1	fill_fire=false	cost_fire=false
FENCETRACE	n=30660	nnz=152210	f0=47606030	tasks=10	fill_fire=false	cost_fire=false
RATIOGATE	0.7	true	85
LADGATE	30660	10000	0.967	0
COUNTS	crudeoil_pooling_dt3	30660	152210	48975085	33883414
FENCETRACE	n=22536	nnz=75636	f0=1030380	tasks=7	fill_fire=false	cost_fire=false
FENCETRACE	n=22536	nnz=75636	f0=1030380	tasks=1	fill_fire=false	cost_fire=false
FENCETRACE	n=22536	nnz=75636	f0=1030380	tasks=93	fill_fire=false	cost_fire=false
RATIOGATE	0.9	false	85
LADGATE	22536	10000	0.791	0
COUNTS	gasprod_sarawak81	22536	75636	1030380	941231
FENCETRACE	n=660	nnz=29646	f0=33444033	tasks=23	fill_fire=false	cost_fire=false
FENCETRACE	n=660	nnz=29646	f0=25270789	tasks=1	fill_fire=false	cost_fire=false
FENCETRACE	n=660	nnz=29646	f0=25270789	tasks=5	fill_fire=false	cost_fire=false
FENCETRACE	n=660	nnz=29646	f0=15049494	tasks=307	fill_fire=false	cost_fire=false
FENCETRACE	n=660	nnz=29646	f0=13106275	tasks=32	fill_fire=false	cost_fire=false
RATIOGATE	0.4	true	85
LADGATE	660	10000	0.459	1
COUNTS	maxcsp-langford-3-11	660	29646	33444033	10360919
FENCETRACE	n=1543	nnz=5224	f0=25843	tasks=22	fill_fire=false	cost_fire=false
FENCETRACE	n=1543	nnz=5224	f0=25742	tasks=1	fill_fire=false	cost_fire=false
FENCETRACE	n=1543	nnz=5224	f0=25742	tasks=5	fill_fire=false	cost_fire=false
FENCETRACE	n=1543	nnz=5224	f0=25742	tasks=527	fill_fire=false	cost_fire=false
RATIOGATE	1.0	false	85
LADGATE	1543	10000	0.368	0
COUNTS	p_ball_30b_5p_2d_h	1543	5224	25843	25742
FENCETRACE	n=6709	nnz=45220	f0=2415136	tasks=12	fill_fire=false	cost_fire=false
FENCETRACE	n=6709	nnz=45220	f0=1261104	tasks=1	fill_fire=false	cost_fire=false
FENCETRACE	n=6709	nnz=45220	f0=1261104	tasks=1	fill_fire=false	cost_fire=false
FENCETRACE	n=6709	nnz=45220	f0=1261104	tasks=149	fill_fire=false	cost_fire=false
RATIOGATE	0.7	true	85
LADGATE	6709	10000	0.425	1
COUNTS	ringpack_20_3	6709	45220	2415136	865627
FENCETRACE	n=4825	nnz=21504	f0=1468261	tasks=18	fill_fire=false	cost_fire=false
FENCETRACE	n=4825	nnz=21504	f0=1433519	tasks=1	fill_fire=false	cost_fire=false
FENCETRACE	n=4825	nnz=21504	f0=1433519	tasks=2	fill_fire=false	cost_fire=false
FENCETRACE	n=4825	nnz=21504	f0=1433519	tasks=307	fill_fire=false	cost_fire=false
RATIOGATE	0.9	false	85
LADGATE	4825	10000	0.617	0
COUNTS	waste	4825	21504	1468261	1270649
FENCETRACE	n=2001	nnz=11192	f0=36373	tasks=24	fill_fire=false	cost_fire=false
FENCETRACE	n=2001	nnz=11192	f0=36364	tasks=1	fill_fire=false	cost_fire=false
FENCETRACE	n=2001	nnz=11192	f0=36364	tasks=2	fill_fire=false	cost_fire=false
FENCETRACE	n=2001	nnz=11192	f0=36364	tasks=515	fill_fire=false	cost_fire=false
RATIOGATE	1.0	false	85
LADGATE	2001	10000	0.272	0
COUNTS	catmix400	2001	11192	36373	36364
FENCETRACE	n=3054	nnz=7968	f0=44604	tasks=15	fill_fire=false	cost_fire=false
FENCETRACE	n=3054	nnz=7968	f0=44604	tasks=1	fill_fire=false	cost_fire=false
FENCETRACE	n=3054	nnz=7968	f0=44604	tasks=5	fill_fire=false	cost_fire=false
FENCETRACE	n=3054	nnz=7968	f0=44604	tasks=466	fill_fire=false	cost_fire=false
RATIOGATE	0.9	false	85
LADGATE	3054	10000	0.563	0
COUNTS	rsyn0815m02hfsg	3054	7968	44604	41416
FENCETRACE	n=1236	nnz=4186	f0=24380	tasks=22	fill_fire=false	cost_fire=false
FENCETRACE	n=1236	nnz=4186	f0=23744	tasks=1	fill_fire=false	cost_fire=false
FENCETRACE	n=1236	nnz=4186	f0=23744	tasks=5	fill_fire=false	cost_fire=false
FENCETRACE	n=1236	nnz=4186	f0=23744	tasks=527	fill_fire=false	cost_fire=false
RATIOGATE	1.0	false	85
LADGATE	1236	10000	0.320	0
COUNTS	p_ball_10b_7p_3d_h	1236	4186	24380	23744
FENCETRACE	n=1225	nnz=3846	f0=613390	tasks=24	fill_fire=false	cost_fire=false
FENCETRACE	n=1225	nnz=3846	f0=461597	tasks=1	fill_fire=false	cost_fire=false
FENCETRACE	n=1225	nnz=3846	f0=461597	tasks=5	fill_fire=false	cost_fire=false
FENCETRACE	n=1225	nnz=3846	f0=461597	tasks=527	fill_fire=false	cost_fire=false
FENCETRACE	n=1225	nnz=3846	f0=382544	tasks=32	fill_fire=false	cost_fire=false
RATIOGATE	0.8	true	85
LADGATE	1225	10000	0.634	1
COUNTS	chimera_k64ising-02	1225	3846	613390	372954
FENCETRACE	n=3404	nnz=11462	f0=138030	tasks=16	fill_fire=false	cost_fire=false
FENCETRACE	n=3404	nnz=11462	f0=138030	tasks=1	fill_fire=false	cost_fire=false
FENCETRACE	n=3404	nnz=11462	f0=138030	tasks=2	fill_fire=false	cost_fire=false
FENCETRACE	n=3404	nnz=11462	f0=138030	tasks=459	fill_fire=false	cost_fire=false
RATIOGATE	0.9	false	85
LADGATE	3404	10000	0.510	0
COUNTS	batchs121208m	3404	11462	138030	128816
FENCETRACE	n=11	nnz=46	f0=142	tasks=45	fill_fire=false	cost_fire=false
FENCETRACE	n=11	nnz=46	f0=142	tasks=1	fill_fire=false	cost_fire=false
FENCETRACE	n=11	nnz=46	f0=142	tasks=5	fill_fire=false	cost_fire=false
FENCETRACE	n=11	nnz=46	f0=142	tasks=527	fill_fire=false	cost_fire=false
RATIOGATE	1.0	false	85
LADGATE	11	10000	0.114	0
COUNTS	nvs02	11	46	142	142
FENCETRACE	n=191	nnz=1416	f0=16611	tasks=46	fill_fire=false	cost_fire=false
FENCETRACE	n=191	nnz=1416	f0=16611	tasks=1	fill_fire=false	cost_fire=false
FENCETRACE	n=191	nnz=1416	f0=16611	tasks=5	fill_fire=false	cost_fire=false
FENCETRACE	n=191	nnz=1416	f0=16611	tasks=527	fill_fire=false	cost_fire=false
RATIOGATE	1.0	false	85
LADGATE	191	10000	0.277	0
COUNTS	wastepaper6	191	1416	16611	16611
FENCETRACE	n=399	nnz=1022	f0=3300	tasks=45	fill_fire=false	cost_fire=false
FENCETRACE	n=399	nnz=1022	f0=3272	tasks=1	fill_fire=false	cost_fire=false
FENCETRACE	n=399	nnz=1022	f0=3272	tasks=5	fill_fire=false	cost_fire=false
FENCETRACE	n=399	nnz=1022	f0=3272	tasks=527	fill_fire=false	cost_fire=false
FENCETRACE	n=399	nnz=1022	f0=3272	tasks=16	fill_fire=false	cost_fire=false
RATIOGATE	1.0	false	85
LADGATE	399	10000	0.278	0
COUNTS	syn15hfsg	399	1022	3300	3272
FENCETRACE	n=36	nnz=246	f0=1635	tasks=45	fill_fire=false	cost_fire=false
FENCETRACE	n=36	nnz=246	f0=1543	tasks=1	fill_fire=false	cost_fire=false
FENCETRACE	n=36	nnz=246	f0=1543	tasks=5	fill_fire=false	cost_fire=false
FENCETRACE	n=36	nnz=246	f0=1543	tasks=527	fill_fire=false	cost_fire=false
FENCETRACE	n=36	nnz=246	f0=1543	tasks=16	fill_fire=false	cost_fire=false
RATIOGATE	1.0	false	85
LADGATE	36	10000	0.171	0
COUNTS	st_jcbpaf2	36	246	1635	1543
COUNTS	camshape400	2000	7188	16768	16768
FENCETRACE	n=120	nnz=2790	f0=114505	tasks=47	fill_fire=false	cost_fire=false
FENCETRACE	n=120	nnz=2790	f0=95945	tasks=1	fill_fire=false	cost_fire=false
FENCETRACE	n=120	nnz=2790	f0=95945	tasks=5	fill_fire=false	cost_fire=false
FENCETRACE	n=120	nnz=2790	f0=95945	tasks=527	fill_fire=false	cost_fire=false
FENCETRACE	n=120	nnz=2790	f0=95945	tasks=16	fill_fire=false	cost_fire=false
RATIOGATE	1.0	false	85
LADGATE	120	10000	0.261	0
COUNTS	graphpart_clique-30	120	2790	114505	91153
FENCETRACE	n=280	nnz=14910	f0=1413012	tasks=22	fill_fire=false	cost_fire=false
FENCETRACE	n=280	nnz=14910	f0=1175405	tasks=1	fill_fire=false	cost_fire=false
FENCETRACE	n=280	nnz=14910	f0=1175405	tasks=5	fill_fire=false	cost_fire=false
FENCETRACE	n=280	nnz=14910	f0=1175405	tasks=497	fill_fire=false	cost_fire=false
FENCETRACE	n=280	nnz=14910	f0=1175405	tasks=16	fill_fire=false	cost_fire=false
RATIOGATE	1.0	false	85
LADGATE	280	10000	0.242	0
COUNTS	graphpart_clique-70	280	14910	1413012	1144894
COUNTS	smallinvDAXr1b010-011	39	1120	13510	13319
FENCETRACE	n=22074	nnz=60000	f0=289420	tasks=7	fill_fire=false	cost_fire=false
FENCETRACE	n=22074	nnz=60000	f0=287064	tasks=1	fill_fire=false	cost_fire=false
FENCETRACE	n=22074	nnz=60000	f0=287064	tasks=107	fill_fire=false	cost_fire=false
RATIOGATE	1.0	false	85
LADGATE	22074	10000	0.465	0
COUNTS	nd_netgen-2000-3-4-b-a-ns_7	22074	60000	289420	273394
FENCETRACE	n=240	nnz=720	f0=2635	tasks=45	fill_fire=false	cost_fire=false
FENCETRACE	n=240	nnz=720	f0=2635	tasks=1	fill_fire=false	cost_fire=false
FENCETRACE	n=240	nnz=720	f0=2635	tasks=5	fill_fire=false	cost_fire=false
FENCETRACE	n=240	nnz=720	f0=2635	tasks=527	fill_fire=false	cost_fire=false
RATIOGATE	1.0	false	85
LADGATE	240	10000	0.227	0
COUNTS	slay05m	240	720	2635	2635
FENCETRACE	n=2031	nnz=10964	f0=3605628	tasks=24	fill_fire=false	cost_fire=false
FENCETRACE	n=2031	nnz=10964	f0=2924790	tasks=1	fill_fire=false	cost_fire=false
FENCETRACE	n=2031	nnz=10964	f0=2924790	tasks=2	fill_fire=false	cost_fire=false
FENCETRACE	n=2031	nnz=10964	f0=2924790	tasks=515	fill_fire=false	cost_fire=false
FENCETRACE	n=2031	nnz=10964	f0=2605301	tasks=32	fill_fire=false	cost_fire=false
RATIOGATE	0.8	true	85
LADGATE	2031	10000	0.747	1
COUNTS	chimera_selby-c16-01	2031	10964	3605628	2431621
FENCETRACE	n=110	nnz=376	f0=975	tasks=47	fill_fire=false	cost_fire=false
FENCETRACE	n=110	nnz=376	f0=975	tasks=1	fill_fire=false	cost_fire=false
FENCETRACE	n=110	nnz=376	f0=975	tasks=5	fill_fire=false	cost_fire=false
FENCETRACE	n=110	nnz=376	f0=975	tasks=527	fill_fire=false	cost_fire=false
RATIOGATE	1.0	false	85
LADGATE	110	10000	0.200	0
COUNTS	csched1	110	376	975	975
FENCETRACE	n=1310	nnz=37028	f0=2171882	tasks=18	fill_fire=false	cost_fire=false
FENCETRACE	n=1310	nnz=37028	f0=2171882	tasks=1	fill_fire=false	cost_fire=false
FENCETRACE	n=1310	nnz=37028	f0=2171882	tasks=2	fill_fire=false	cost_fire=false
FENCETRACE	n=1310	nnz=37028	f0=2171882	tasks=257	fill_fire=false	cost_fire=false
RATIOGATE	1.0	false	85
LADGATE	1310	10000	0.149	0
COUNTS	watercontamination0303r	1310	37028	2171882	2171882
FENCETRACE	n=15	nnz=36	f0=117	tasks=45	fill_fire=false	cost_fire=false
FENCETRACE	n=15	nnz=36	f0=117	tasks=1	fill_fire=false	cost_fire=false
FENCETRACE	n=15	nnz=36	f0=117	tasks=5	fill_fire=false	cost_fire=false
FENCETRACE	n=15	nnz=36	f0=117	tasks=527	fill_fire=false	cost_fire=false
RATIOGATE	1.0	false	85
LADGATE	15	10000	0.119	0
COUNTS	ex9_2_4	15	36	117	117
FENCETRACE	n=163	nnz=440	f0=1625	tasks=46	fill_fire=false	cost_fire=false
FENCETRACE	n=163	nnz=440	f0=1625	tasks=1	fill_fire=false	cost_fire=false
FENCETRACE	n=163	nnz=440	f0=1625	tasks=5	fill_fire=false	cost_fire=false
FENCETRACE	n=163	nnz=440	f0=1625	tasks=527	fill_fire=false	cost_fire=false
RATIOGATE	1.0	false	85
LADGATE	163	10000	0.199	0
COUNTS	sssd15-04	163	440	1625	1625
COUNTS	autocorr_bern35-35fix	38	1264	16214	16214
FENCETRACE	n=1491	nnz=4500	f0=31682	tasks=23	fill_fire=false	cost_fire=false
FENCETRACE	n=1491	nnz=4500	f0=31659	tasks=1	fill_fire=false	cost_fire=false
FENCETRACE	n=1491	nnz=4500	f0=31659	tasks=5	fill_fire=false	cost_fire=false
FENCETRACE	n=1491	nnz=4500	f0=31659	tasks=527	fill_fire=false	cost_fire=false
RATIOGATE	0.9	false	85
LADGATE	1491	10000	0.331	0
COUNTS	sfacloc2_4_90	1491	4500	31682	28843
FENCETRACE	n=120395	nnz=557994	f0=835894090	tasks=3	fill_fire=false	cost_fire=false
FENCETRACE	n=120395	nnz=557994	f0=743898465	tasks=5	fill_fire=false	cost_fire=false
COUNTS	cont6-qq	120395	557994	835894090	581918900
FENCETRACE	n=5205	nnz=174804	f0=21939414	tasks=13	fill_fire=false	cost_fire=false
FENCETRACE	n=5205	nnz=174804	f0=21938611	tasks=1	fill_fire=false	cost_fire=false
FENCETRACE	n=5205	nnz=174804	f0=21938611	tasks=1	fill_fire=false	cost_fire=false
FENCETRACE	n=5205	nnz=174804	f0=21938611	tasks=9	fill_fire=false	cost_fire=false
RATIOGATE	1.0	false	85
LADGATE	5205	10000	0.185	0
COUNTS	meanvar-orl400_05_e_7	5205	174804	21939414	21935811
FENCETRACE	n=10017	nnz=49624	f0=373018	tasks=9	fill_fire=false	cost_fire=false
FENCETRACE	n=10017	nnz=49624	f0=370251	tasks=1	fill_fire=false	cost_fire=false
FENCETRACE	n=10017	nnz=49624	f0=370251	tasks=1	fill_fire=false	cost_fire=false
FENCETRACE	n=10017	nnz=49624	f0=370251	tasks=101	fill_fire=false	cost_fire=false
RATIOGATE	0.9	false	85
LADGATE	10017	10000	0.406	0
COUNTS	glider400	10017	49624	373018	327551
FENCETRACE	n=4960	nnz=13792	f0=65982	tasks=15	fill_fire=false	cost_fire=false
FENCETRACE	n=4960	nnz=13792	f0=64501	tasks=1	fill_fire=false	cost_fire=false
FENCETRACE	n=4960	nnz=13792	f0=64501	tasks=2	fill_fire=false	cost_fire=false
FENCETRACE	n=4960	nnz=13792	f0=64501	tasks=440	fill_fire=false	cost_fire=false
RATIOGATE	1.0	false	85
LADGATE	4960	10000	0.605	0
COUNTS	syn40m04m	4960	13792	65982	63282
FENCETRACE	n=31	nnz=72	f0=189	tasks=45	fill_fire=false	cost_fire=false
FENCETRACE	n=31	nnz=72	f0=189	tasks=1	fill_fire=false	cost_fire=false
FENCETRACE	n=31	nnz=72	f0=189	tasks=5	fill_fire=false	cost_fire=false
FENCETRACE	n=31	nnz=72	f0=189	tasks=527	fill_fire=false	cost_fire=false
RATIOGATE	1.0	false	85
LADGATE	31	10000	0.180	0
COUNTS	ex2_1_3	31	72	189	189
FENCETRACE	n=705	nnz=87496	f0=12183146	tasks=22	fill_fire=false	cost_fire=false
FENCETRACE	n=705	nnz=87496	f0=12183146	tasks=1	fill_fire=false	cost_fire=false
FENCETRACE	n=705	nnz=87496	f0=12183146	tasks=3	fill_fire=false	cost_fire=false
FENCETRACE	n=705	nnz=87496	f0=12183146	tasks=154	fill_fire=false	cost_fire=false
RATIOGATE	1.0	false	85
LADGATE	705	10000	0.490	0
COUNTS	qapw	705	87496	12183146	12183146
FENCETRACE	n=14	nnz=60	f0=198	tasks=45	fill_fire=false	cost_fire=false
FENCETRACE	n=14	nnz=60	f0=198	tasks=1	fill_fire=false	cost_fire=false
FENCETRACE	n=14	nnz=60	f0=198	tasks=5	fill_fire=false	cost_fire=false
FENCETRACE	n=14	nnz=60	f0=198	tasks=527	fill_fire=false	cost_fire=false
RATIOGATE	1.0	false	85
LADGATE	14	10000	0.115	0
COUNTS	himmel11	14	60	198	198
FENCETRACE	n=1908	nnz=5288	f0=26094	tasks=22	fill_fire=false	cost_fire=false
FENCETRACE	n=1908	nnz=5288	f0=26094	tasks=1	fill_fire=false	cost_fire=false
FENCETRACE	n=1908	nnz=5288	f0=26094	tasks=5	fill_fire=false	cost_fire=false
FENCETRACE	n=1908	nnz=5288	f0=26094	tasks=527	fill_fire=false	cost_fire=false
RATIOGATE	1.0	false	85
LADGATE	1908	10000	0.374	0
COUNTS	syn15m04m	1908	5288	26094	25187
FENCETRACE	n=118	nnz=654	f0=5876	tasks=45	fill_fire=false	cost_fire=false
FENCETRACE	n=118	nnz=654	f0=5864	tasks=1	fill_fire=false	cost_fire=false
FENCETRACE	n=118	nnz=654	f0=5864	tasks=5	fill_fire=false	cost_fire=false
FENCETRACE	n=118	nnz=654	f0=5864	tasks=527	fill_fire=false	cost_fire=false
FENCETRACE	n=118	nnz=654	f0=5847	tasks=16	fill_fire=false	cost_fire=false
RATIOGATE	1.0	false	85
LADGATE	118	10000	0.263	0
COUNTS	pooling_rt2tp	118	654	5876	5796
FENCETRACE	n=333	nnz=2204	f0=200484	tasks=46	fill_fire=false	cost_fire=false
FENCETRACE	n=333	nnz=2204	f0=81276	tasks=1	fill_fire=false	cost_fire=false
FENCETRACE	n=333	nnz=2204	f0=81276	tasks=5	fill_fire=false	cost_fire=false
FENCETRACE	n=333	nnz=2204	f0=81276	tasks=527	fill_fire=false	cost_fire=false
FENCETRACE	n=333	nnz=2204	f0=81276	tasks=32	fill_fire=false	cost_fire=false
RATIOGATE	0.9	false	85
LADGATE	333	10000	0.321	0
COUNTS	waterund14	333	2204	200484	72184
FENCETRACE	n=17809	nnz=120632	f0=294531623	tasks=7	fill_fire=false	cost_fire=false
FENCETRACE	n=17809	nnz=120632	f0=274283938	tasks=1	fill_fire=false	cost_fire=false
FENCETRACE	n=17809	nnz=120632	f0=274283938	tasks=77	fill_fire=false	cost_fire=false
RATIOGATE	0.7	true	85
LADGATE	17809	10000	1.031	0
COUNTS	crudeoil_lee4_10	17809	120632	294531623	184173410
FENCETRACE	n=1294	nnz=8302	f0=138692	tasks=23	fill_fire=false	cost_fire=false
FENCETRACE	n=1294	nnz=8302	f0=138617	tasks=1	fill_fire=false	cost_fire=false
FENCETRACE	n=1294	nnz=8302	f0=138617	tasks=2	fill_fire=false	cost_fire=false
FENCETRACE	n=1294	nnz=8302	f0=138617	tasks=515	fill_fire=false	cost_fire=false
RATIOGATE	1.0	false	85
LADGATE	1294	10000	0.433	0
COUNTS	pooling_foulds4pq	1294	8302	138692	138540
FENCETRACE	n=3097	nnz=19664	f0=1487933	tasks=18	fill_fire=false	cost_fire=false
FENCETRACE	n=3097	nnz=19664	f0=1427091	tasks=1	fill_fire=false	cost_fire=false
FENCETRACE	n=3097	nnz=19664	f0=1427091	tasks=2	fill_fire=false	cost_fire=false
FENCETRACE	n=3097	nnz=19664	f0=1427091	tasks=391	fill_fire=false	cost_fire=false
RATIOGATE	1.0	false	85
LADGATE	3097	10000	0.344	0
COUNTS	edgecross14-156	3097	19664	1487933	1376964
FENCETRACE	n=72	nnz=668	f0=11074	tasks=47	fill_fire=false	cost_fire=false
FENCETRACE	n=72	nnz=668	f0=7600	tasks=1	fill_fire=false	cost_fire=false
FENCETRACE	n=72	nnz=668	f0=7600	tasks=5	fill_fire=false	cost_fire=false
FENCETRACE	n=72	nnz=668	f0=7600	tasks=527	fill_fire=false	cost_fire=false
FENCETRACE	n=72	nnz=668	f0=7600	tasks=32	fill_fire=false	cost_fire=false
RATIOGATE	1.0	false	85
LADGATE	72	10000	0.218	0
COUNTS	tspn08	72	668	11074	7600
FENCETRACE	n=4225	nnz=14628	f0=680022	tasks=15	fill_fire=false	cost_fire=false
FENCETRACE	n=4225	nnz=14628	f0=659841	tasks=1	fill_fire=false	cost_fire=false
FENCETRACE	n=4225	nnz=14628	f0=659841	tasks=2	fill_fire=false	cost_fire=false
FENCETRACE	n=4225	nnz=14628	f0=659841	tasks=433	fill_fire=false	cost_fire=false
RATIOGATE	0.8	true	85
LADGATE	4225	10000	0.583	1
COUNTS	crudeoil_li05	4225	14628	680022	533589
FENCETRACE	n=14416	nnz=41068	f0=13858240	tasks=7	fill_fire=false	cost_fire=false
FENCETRACE	n=14416	nnz=41068	f0=9235557	tasks=1	fill_fire=false	cost_fire=false
FENCETRACE	n=14416	nnz=41068	f0=9235557	tasks=107	fill_fire=false	cost_fire=false
RATIOGATE	0.8	true	85
LADGATE	14416	10000	0.757	0
COUNTS	procurement1large	14416	41068	13858240	7376882
FENCETRACE	n=1428	nnz=4548	f0=77560	tasks=22	fill_fire=false	cost_fire=false
FENCETRACE	n=1428	nnz=4548	f0=69250	tasks=1	fill_fire=false	cost_fire=false
FENCETRACE	n=1428	nnz=4548	f0=69250	tasks=5	fill_fire=false	cost_fire=false
FENCETRACE	n=1428	nnz=4548	f0=69250	tasks=527	fill_fire=false	cost_fire=false
RATIOGATE	1.0	false	85
LADGATE	1428	10000	0.324	0
COUNTS	blend721	1428	4548	77560	66143
FENCETRACE	n=2031	nnz=10878	f0=4280329	tasks=24	fill_fire=false	cost_fire=false
FENCETRACE	n=2031	nnz=10878	f0=2483846	tasks=1	fill_fire=false	cost_fire=false
FENCETRACE	n=2031	nnz=10878	f0=2483846	tasks=2	fill_fire=false	cost_fire=false
FENCETRACE	n=2031	nnz=10878	f0=2483846	tasks=515	fill_fire=false	cost_fire=false
FENCETRACE	n=2031	nnz=10878	f0=2378640	tasks=32	fill_fire=false	cost_fire=false
RATIOGATE	0.9	false	85
LADGATE	2031	10000	0.745	0
COUNTS	chimera_selby-c16-02	2031	10878	4280329	2299955
FENCETRACE	n=16640	nnz=57800	f0=2173490	tasks=7	fill_fire=false	cost_fire=false
FENCETRACE	n=16640	nnz=57800	f0=2173490	tasks=1	fill_fire=false	cost_fire=false
FENCETRACE	n=16640	nnz=57800	f0=2173490	tasks=107	fill_fire=false	cost_fire=false
RATIOGATE	1.0	false	85
LADGATE	16640	10000	0.428	0
COUNTS	supplychainr1_053050	16640	57800	2173490	2173490
FENCETRACE	n=5067	nnz=21424	f0=93048	tasks=12	fill_fire=false	cost_fire=false
FENCETRACE	n=5067	nnz=21424	f0=92776	tasks=1	fill_fire=false	cost_fire=false
FENCETRACE	n=5067	nnz=21424	f0=92776	tasks=2	fill_fire=false	cost_fire=false
FENCETRACE	n=5067	nnz=21424	f0=92776	tasks=293	fill_fire=false	cost_fire=false
RATIOGATE	1.0	false	85
LADGATE	5067	10000	0.675	0
COUNTS	sfacloc2_4_80	5067	21424	93048	89175
COUNTS	st_e24	10	26	64	57
FENCETRACE	n=1053	nnz=5116	f0=161851	tasks=25	fill_fire=false	cost_fire=false
FENCETRACE	n=1053	nnz=5116	f0=151889	tasks=1	fill_fire=false	cost_fire=false
FENCETRACE	n=1053	nnz=5116	f0=151889	tasks=5	fill_fire=false	cost_fire=false
FENCETRACE	n=1053	nnz=5116	f0=151889	tasks=527	fill_fire=false	cost_fire=false
RATIOGATE	0.9	false	85
LADGATE	1053	10000	0.322	0
COUNTS	edgecross10-040	1053	5116	161851	143522
FENCETRACE	n=8232	nnz=40744	f0=1643311	tasks=8	fill_fire=false	cost_fire=false
FENCETRACE	n=8232	nnz=40744	f0=1643311	tasks=1	fill_fire=false	cost_fire=false
FENCETRACE	n=8232	nnz=40744	f0=1643311	tasks=1	fill_fire=false	cost_fire=false
FENCETRACE	n=8232	nnz=40744	f0=1643311	tasks=161	fill_fire=false	cost_fire=false
RATIOGATE	1.0	false	85
LADGATE	8232	10000	0.421	0
COUNTS	sonet21v6	8232	40744	1643311	1585871
FENCETRACE	n=2490	nnz=6400	f0=27665	tasks=25	fill_fire=false	cost_fire=false
FENCETRACE	n=2490	nnz=6400	f0=27665	tasks=1	fill_fire=false	cost_fire=false
FENCETRACE	n=2490	nnz=6400	f0=27665	tasks=5	fill_fire=false	cost_fire=false
FENCETRACE	n=2490	nnz=6400	f0=27665	tasks=527	fill_fire=false	cost_fire=false
RATIOGATE	1.0	false	85
LADGATE	2490	10000	0.335	0
COUNTS	squfl010-080	2490	6400	27665	27665
FENCETRACE	n=221	nnz=1048	f0=19895	tasks=45	fill_fire=false	cost_fire=false
FENCETRACE	n=221	nnz=1048	f0=19190	tasks=1	fill_fire=false	cost_fire=false
FENCETRACE	n=221	nnz=1048	f0=19190	tasks=5	fill_fire=false	cost_fire=false
FENCETRACE	n=221	nnz=1048	f0=19190	tasks=527	fill_fire=false	cost_fire=false
FENCETRACE	n=221	nnz=1048	f0=14220	tasks=32	fill_fire=false	cost_fire=false
RATIOGATE	0.7	true	85
LADGATE	221	10000	0.253	1
COUNTS	genpooling_lee2	221	1048	19895	14028
FENCETRACE	n=2807	nnz=13904	f0=360081	tasks=18	fill_fire=false	cost_fire=false
FENCETRACE	n=2807	nnz=13904	f0=300149	tasks=1	fill_fire=false	cost_fire=false
FENCETRACE	n=2807	nnz=13904	f0=300149	tasks=2	fill_fire=false	cost_fire=false
FENCETRACE	n=2807	nnz=13904	f0=300149	tasks=496	fill_fire=false	cost_fire=false
FENCETRACE	n=2807	nnz=13904	f0=299982	tasks=16	fill_fire=false	cost_fire=false
RATIOGATE	1.0	false	85
LADGATE	2807	10000	0.640	0
COUNTS	popdynm25	2807	13904	360081	286846
FENCETRACE	n=5211	nnz=16740	f0=509170	tasks=7	fill_fire=false	cost_fire=false
FENCETRACE	n=5211	nnz=16740	f0=445619	tasks=1	fill_fire=false	cost_fire=false
FENCETRACE	n=5211	nnz=16740	f0=445619	tasks=2	fill_fire=false	cost_fire=false
FENCETRACE	n=5211	nnz=16740	f0=445619	tasks=382	fill_fire=false	cost_fire=false
FENCETRACE	n=5211	nnz=16740	f0=412664	tasks=16	fill_fire=false	cost_fire=false
RATIOGATE	0.8	true	85
LADGATE	5211	10000	0.757	1
COUNTS	chp_partload	5211	16740	509170	374408
FENCETRACE	n=560	nnz=120274	f0=16119226	tasks=22	fill_fire=false	cost_fire=false
FENCETRACE	n=560	nnz=120274	f0=16038266	tasks=1	fill_fire=false	cost_fire=false
FENCETRACE	n=560	nnz=120274	f0=16038266	tasks=1	fill_fire=false	cost_fire=false
FENCETRACE	n=560	nnz=120274	f0=16038266	tasks=152	fill_fire=false	cost_fire=false
RATIOGATE	1.0	false	85
LADGATE	560	10000	0.284	0
COUNTS	qspp_0_14_0_1_10_1	560	120274	16119226	16038266
FENCETRACE	n=24	nnz=66	f0=160	tasks=45	fill_fire=false	cost_fire=false
FENCETRACE	n=24	nnz=66	f0=160	tasks=1	fill_fire=false	cost_fire=false
FENCETRACE	n=24	nnz=66	f0=160	tasks=5	fill_fire=false	cost_fire=false
FENCETRACE	n=24	nnz=66	f0=160	tasks=527	fill_fire=false	cost_fire=false
RATIOGATE	1.0	false	85
LADGATE	24	10000	0.145	0
COUNTS	st_glmp_ss1	24	66	160	160
FENCETRACE	n=2508	nnz=29808	f0=1691033	tasks=17	fill_fire=false	cost_fire=false
FENCETRACE	n=2508	nnz=29808	f0=1156790	tasks=1	fill_fire=false	cost_fire=false
FENCETRACE	n=2508	nnz=29808	f0=1156790	tasks=2	fill_fire=false	cost_fire=false
FENCETRACE	n=2508	nnz=29808	f0=1156790	tasks=306	fill_fire=false	cost_fire=false
FENCETRACE	n=2508	nnz=29808	f0=1146012	tasks=32	fill_fire=false	cost_fire=false
RATIOGATE	1.0	false	85
LADGATE	2508	10000	0.484	0
COUNTS	torsion50	2508	29808	1691033	1119177
FENCETRACE	n=40	nnz=340	f0=2045	tasks=47	fill_fire=false	cost_fire=false
FENCETRACE	n=40	nnz=340	f0=2045	tasks=1	fill_fire=false	cost_fire=false
FENCETRACE	n=40	nnz=340	f0=2045	tasks=5	fill_fire=false	cost_fire=false
FENCETRACE	n=40	nnz=340	f0=2045	tasks=527	fill_fire=false	cost_fire=false
RATIOGATE	1.0	false	85
LADGATE	40	10000	0.187	0
COUNTS	st_rv2	40	340	2045	2045
FENCETRACE	n=6885	nnz=15948	f0=55506	tasks=8	fill_fire=false	cost_fire=false
FENCETRACE	n=6885	nnz=15948	f0=55506	tasks=1	fill_fire=false	cost_fire=false
FENCETRACE	n=6885	nnz=15948	f0=55506	tasks=1	fill_fire=false	cost_fire=false
FENCETRACE	n=6885	nnz=15948	f0=55506	tasks=388	fill_fire=false	cost_fire=false
RATIOGATE	1.0	false	85
LADGATE	6885	10000	0.236	0
COUNTS	emfl100_3_3	6885	15948	55506	55506
COUNTS	pedigree_sim400	351	23546	1183471	1183168
COUNTS	polygon75	5846	49652	1171822	1171822
FENCETRACE	n=244056	nnz=1148210	f0=1365442310	tasks=3	fill_fire=false	cost_fire=false
FENCETRACE	n=244056	nnz=1148210	f0=1332170335	tasks=2	fill_fire=false	cost_fire=false
COUNTS	gabriel10	244056	1148210	1365442310	1267760679
FENCETRACE	n=1049	nnz=4336	f0=41668	tasks=23	fill_fire=false	cost_fire=false
FENCETRACE	n=1049	nnz=4336	f0=38261	tasks=1	fill_fire=false	cost_fire=false
FENCETRACE	n=1049	nnz=4336	f0=38261	tasks=5	fill_fire=false	cost_fire=false
FENCETRACE	n=1049	nnz=4336	f0=38261	tasks=527	fill_fire=false	cost_fire=false
RATIOGATE	1.0	false	85
LADGATE	1049	10000	0.287	0
COUNTS	fo9_ar25_1	1049	4336	41668	38237
FENCETRACE	n=1159	nnz=3168	f0=11274	tasks=22	fill_fire=false	cost_fire=false
FENCETRACE	n=1159	nnz=3168	f0=10732	tasks=1	fill_fire=false	cost_fire=false
FENCETRACE	n=1159	nnz=3168	f0=10732	tasks=5	fill_fire=false	cost_fire=false
FENCETRACE	n=1159	nnz=3168	f0=10732	tasks=527	fill_fire=false	cost_fire=false
RATIOGATE	1.0	false	85
LADGATE	1159	10000	0.355	0
COUNTS	rsyn0840m	1159	3168	11274	10602
FENCETRACE	n=548	nnz=2800	f0=69234	tasks=46	fill_fire=false	cost_fire=false
FENCETRACE	n=548	nnz=2800	f0=59310	tasks=1	fill_fire=false	cost_fire=false
FENCETRACE	n=548	nnz=2800	f0=59310	tasks=5	fill_fire=false	cost_fire=false
FENCETRACE	n=548	nnz=2800	f0=59310	tasks=527	fill_fire=false	cost_fire=false
FENCETRACE	n=548	nnz=2800	f0=59310	tasks=16	fill_fire=false	cost_fire=false
RATIOGATE	1.0	false	85
LADGATE	548	10000	0.413	0
COUNTS	gancns	548	2800	69234	58861
FENCETRACE	n=1049	nnz=4336	f0=41668	tasks=23	fill_fire=false	cost_fire=false
FENCETRACE	n=1049	nnz=4336	f0=38261	tasks=1	fill_fire=false	cost_fire=false
FENCETRACE	n=1049	nnz=4336	f0=38261	tasks=5	fill_fire=false	cost_fire=false
FENCETRACE	n=1049	nnz=4336	f0=38261	tasks=527	fill_fire=false	cost_fire=false
RATIOGATE	1.0	false	85
LADGATE	1049	10000	0.297	0
COUNTS	o9_ar4_1	1049	4336	41668	38237
FENCETRACE	n=123	nnz=560	f0=3948	tasks=45	fill_fire=false	cost_fire=false
FENCETRACE	n=123	nnz=560	f0=3769	tasks=1	fill_fire=false	cost_fire=false
FENCETRACE	n=123	nnz=560	f0=3769	tasks=5	fill_fire=false	cost_fire=false
FENCETRACE	n=123	nnz=560	f0=3769	tasks=527	fill_fire=false	cost_fire=false
FENCETRACE	n=123	nnz=560	f0=3769	tasks=16	fill_fire=false	cost_fire=false
RATIOGATE	1.0	false	85
LADGATE	123	10000	0.281	0
COUNTS	ex1265a	123	560	3948	3750
FENCETRACE	n=28	nnz=68	f0=190	tasks=45	fill_fire=false	cost_fire=false
FENCETRACE	n=28	nnz=68	f0=190	tasks=1	fill_fire=false	cost_fire=false
FENCETRACE	n=28	nnz=68	f0=190	tasks=5	fill_fire=false	cost_fire=false
FENCETRACE	n=28	nnz=68	f0=190	tasks=527	fill_fire=false	cost_fire=false
RATIOGATE	1.0	false	85
LADGATE	28	10000	0.177	0
COUNTS	ex9_2_6	28	68	190	190
FENCETRACE	n=481	nnz=88522	f0=10150185	tasks=22	fill_fire=false	cost_fire=false
FENCETRACE	n=481	nnz=88522	f0=10097446	tasks=1	fill_fire=false	cost_fire=false
FENCETRACE	n=481	nnz=88522	f0=10097446	tasks=3	fill_fire=false	cost_fire=false
FENCETRACE	n=481	nnz=88522	f0=10097446	tasks=154	fill_fire=false	cost_fire=false
RATIOGATE	1.0	false	85
LADGATE	481	10000	0.223	0
COUNTS	qspp_0_13_0_1_10_1	481	88522	10150185	10097446
FENCETRACE	n=146	nnz=432	f0=1554	tasks=45	fill_fire=false	cost_fire=false
FENCETRACE	n=146	nnz=432	f0=1554	tasks=1	fill_fire=false	cost_fire=false
FENCETRACE	n=146	nnz=432	f0=1554	tasks=5	fill_fire=false	cost_fire=false
FENCETRACE	n=146	nnz=432	f0=1554	tasks=527	fill_fire=false	cost_fire=false
RATIOGATE	1.0	false	85
LADGATE	146	10000	0.233	0
COUNTS	slay04m	146	432	1554	1554
COUNTS	st_e25	20	92	336	262
FENCETRACE	n=32	nnz=100	f0=225	tasks=47	fill_fire=false	cost_fire=false
FENCETRACE	n=32	nnz=100	f0=225	tasks=1	fill_fire=false	cost_fire=false
FENCETRACE	n=32	nnz=100	f0=225	tasks=5	fill_fire=false	cost_fire=false
FENCETRACE	n=32	nnz=100	f0=225	tasks=527	fill_fire=false	cost_fire=false
RATIOGATE	1.0	false	85
LADGATE	32	10000	0.180	0
COUNTS	ex8_4_1	32	100	225	225
FENCETRACE	n=19	nnz=60	f0=199	tasks=45	fill_fire=false	cost_fire=false
FENCETRACE	n=19	nnz=60	f0=199	tasks=1	fill_fire=false	cost_fire=false
FENCETRACE	n=19	nnz=60	f0=199	tasks=5	fill_fire=false	cost_fire=false
FENCETRACE	n=19	nnz=60	f0=199	tasks=527	fill_fire=false	cost_fire=false
RATIOGATE	1.0	false	85
LADGATE	19	10000	0.161	0
COUNTS	st_e07	19	60	199	199
FENCETRACE	n=26	nnz=66	f0=171	tasks=45	fill_fire=false	cost_fire=false
FENCETRACE	n=26	nnz=66	f0=161	tasks=1	fill_fire=false	cost_fire=false
FENCETRACE	n=26	nnz=66	f0=161	tasks=5	fill_fire=false	cost_fire=false
FENCETRACE	n=26	nnz=66	f0=161	tasks=527	fill_fire=false	cost_fire=false
FENCETRACE	n=26	nnz=66	f0=161	tasks=16	fill_fire=false	cost_fire=false
RATIOGATE	1.0	false	85
LADGATE	26	10000	0.172	0
COUNTS	ex1225	26	66	171	161
FENCETRACE	n=969	nnz=5882	f0=525212	tasks=28	fill_fire=false	cost_fire=false
FENCETRACE	n=969	nnz=5882	f0=459848	tasks=1	fill_fire=false	cost_fire=false
FENCETRACE	n=969	nnz=5882	f0=436612	tasks=5	fill_fire=false	cost_fire=false
FENCETRACE	n=969	nnz=5882	f0=391246	tasks=527	fill_fire=false	cost_fire=false
test ordering::probe::probe_timing_and_score has been running for over 60 seconds
FENCETRACE	n=969	nnz=5882	f0=370783	tasks=32	fill_fire=false	cost_fire=false
RATIOGATE	0.7	true	85
LADGATE	969	10000	0.534	1
COUNTS	ndcc13	969	5882	525212	324727
FENCETRACE	n=1224	nnz=3384	f0=13501	tasks=22	fill_fire=false	cost_fire=false
FENCETRACE	n=1224	nnz=3384	f0=13501	tasks=1	fill_fire=false	cost_fire=false
FENCETRACE	n=1224	nnz=3384	f0=13501	tasks=5	fill_fire=false	cost_fire=false
FENCETRACE	n=1224	nnz=3384	f0=13501	tasks=527	fill_fire=false	cost_fire=false
RATIOGATE	1.0	false	85
LADGATE	1224	10000	0.299	0
COUNTS	syn10m04m	1224	3384	13501	13473
FENCETRACE	n=18	nnz=62	f0=204	tasks=45	fill_fire=false	cost_fire=false
FENCETRACE	n=18	nnz=62	f0=193	tasks=1	fill_fire=false	cost_fire=false
FENCETRACE	n=18	nnz=62	f0=193	tasks=5	fill_fire=false	cost_fire=false
FENCETRACE	n=18	nnz=62	f0=193	tasks=527	fill_fire=false	cost_fire=false
FENCETRACE	n=18	nnz=62	f0=193	tasks=16	fill_fire=false	cost_fire=false
RATIOGATE	1.0	false	85
LADGATE	18	10000	0.159	0
COUNTS	ex5_2_4	18	62	204	193
FENCETRACE	n=72	nnz=1226	f0=16331	tasks=47	fill_fire=false	cost_fire=false
FENCETRACE	n=72	nnz=1226	f0=16331	tasks=1	fill_fire=false	cost_fire=false
FENCETRACE	n=72	nnz=1226	f0=16331	tasks=5	fill_fire=false	cost_fire=false
FENCETRACE	n=72	nnz=1226	f0=16331	tasks=527	fill_fire=false	cost_fire=false
RATIOGATE	1.0	false	85
LADGATE	72	10000	0.225	0
COUNTS	st_m2	72	1226	16331	16331
FENCETRACE	n=16	nnz=44	f0=115	tasks=45	fill_fire=false	cost_fire=false
FENCETRACE	n=16	nnz=44	f0=108	tasks=1	fill_fire=false	cost_fire=false
FENCETRACE	n=16	nnz=44	f0=108	tasks=5	fill_fire=false	cost_fire=false
FENCETRACE	n=16	nnz=44	f0=108	tasks=527	fill_fire=false	cost_fire=false
FENCETRACE	n=16	nnz=44	f0=108	tasks=16	fill_fire=false	cost_fire=false
RATIOGATE	1.0	false	85
LADGATE	16	10000	0.140	0
COUNTS	st_bpk1	16	44	115	108
FENCETRACE	n=736	nnz=3594	f0=197998	tasks=49	fill_fire=false	cost_fire=false
FENCETRACE	n=736	nnz=3594	f0=170933	tasks=1	fill_fire=false	cost_fire=false
FENCETRACE	n=736	nnz=3594	f0=170933	tasks=5	fill_fire=false	cost_fire=false
FENCETRACE	n=736	nnz=3594	f0=170933	tasks=527	fill_fire=false	cost_fire=false
FENCETRACE	n=736	nnz=3594	f0=170933	tasks=16	fill_fire=false	cost_fire=false
RATIOGATE	0.9	false	85
LADGATE	736	10000	0.555	0
COUNTS	multiplants_stg1	736	3594	197998	155496
FENCETRACE	n=11251	nnz=41918	f0=304705	tasks=8	fill_fire=false	cost_fire=false
FENCETRACE	n=11251	nnz=41918	f0=304705	tasks=1	fill_fire=false	cost_fire=false
FENCETRACE	n=11251	nnz=41918	f0=304705	tasks=1	fill_fire=false	cost_fire=false
FENCETRACE	n=11251	nnz=41918	f0=304705	tasks=107	fill_fire=false	cost_fire=false
RATIOGATE	1.0	false	85
LADGATE	11251	10000	0.837	0
COUNTS	powerflow0300p	11251	41918	304705	293009
FENCETRACE	n=33155	nnz=90000	f0=922197	tasks=7	fill_fire=false	cost_fire=false
FENCETRACE	n=33155	nnz=90000	f0=922197	tasks=1	fill_fire=false	cost_fire=false
FENCETRACE	n=33155	nnz=90000	f0=922197	tasks=81	fill_fire=false	cost_fire=false
RATIOGATE	1.0	false	85
LADGATE	33155	10000	0.636	0
COUNTS	nd_netgen-3000-1-1-b-b-ns_7	33155	90000	922197	885186
FENCETRACE	n=803	nnz=6462	f0=139703	tasks=28	fill_fire=false	cost_fire=false
FENCETRACE	n=803	nnz=6462	f0=94801	tasks=1	fill_fire=false	cost_fire=false
FENCETRACE	n=803	nnz=6462	f0=94801	tasks=5	fill_fire=false	cost_fire=false
FENCETRACE	n=803	nnz=6462	f0=94801	tasks=527	fill_fire=false	cost_fire=false
FENCETRACE	n=803	nnz=6462	f0=94801	tasks=32	fill_fire=false	cost_fire=false
RATIOGATE	1.0	false	85
LADGATE	803	10000	0.509	0
COUNTS	sonet23v4	803	6462	139703	94348
FENCETRACE	n=1649	nnz=24192	f0=3745896	tasks=16	fill_fire=false	cost_fire=false
FENCETRACE	n=1649	nnz=24192	f0=1515157	tasks=1	fill_fire=false	cost_fire=false
FENCETRACE	n=1649	nnz=24192	f0=1515157	tasks=2	fill_fire=false	cost_fire=false
FENCETRACE	n=1649	nnz=24192	f0=1515157	tasks=318	fill_fire=false	cost_fire=false
FENCETRACE	n=1649	nnz=24192	f0=1515018	tasks=32	fill_fire=false	cost_fire=false
RATIOGATE	0.8	true	85
LADGATE	1649	10000	0.444	1
COUNTS	pooling_sppa0pq	1649	24192	3745896	1234887
FENCETRACE	n=645	nnz=4404	f0=229415	tasks=47	fill_fire=false	cost_fire=false
FENCETRACE	n=645	nnz=4404	f0=195432	tasks=1	fill_fire=false	cost_fire=false
FENCETRACE	n=645	nnz=4404	f0=193621	tasks=5	fill_fire=false	cost_fire=false
FENCETRACE	n=645	nnz=4404	f0=179492	tasks=527	fill_fire=false	cost_fire=false
FENCETRACE	n=645	nnz=4404	f0=177683	tasks=32	fill_fire=false	cost_fire=false
RATIOGATE	0.8	true	85
LADGATE	645	10000	0.538	1
COUNTS	multiplants_mtg1b	645	4404	229415	152043
FENCETRACE	n=338	nnz=1168	f0=4654	tasks=46	fill_fire=false	cost_fire=false
FENCETRACE	n=338	nnz=1168	f0=4654	tasks=1	fill_fire=false	cost_fire=false
FENCETRACE	n=338	nnz=1168	f0=4654	tasks=5	fill_fire=false	cost_fire=false
FENCETRACE	n=338	nnz=1168	f0=4654	tasks=527	fill_fire=false	cost_fire=false
RATIOGATE	1.0	false	85
LADGATE	338	10000	0.264	0
COUNTS	sssd18-08persp	338	1168	4654	4654
FENCETRACE	n=19	nnz=54	f0=188	tasks=45	fill_fire=false	cost_fire=false
FENCETRACE	n=19	nnz=54	f0=179	tasks=1	fill_fire=false	cost_fire=false
FENCETRACE	n=19	nnz=54	f0=179	tasks=5	fill_fire=false	cost_fire=false
FENCETRACE	n=19	nnz=54	f0=179	tasks=527	fill_fire=false	cost_fire=false
FENCETRACE	n=19	nnz=54	f0=179	tasks=16	fill_fire=false	cost_fire=false
RATIOGATE	1.0	false	85
LADGATE	19	10000	0.160	0
COUNTS	ex9_1_2	19	54	188	179
FENCETRACE	n=3670	nnz=19322	f0=4746188	tasks=15	fill_fire=false	cost_fire=false
FENCETRACE	n=3670	nnz=19322	f0=4576175	tasks=1	fill_fire=false	cost_fire=false
FENCETRACE	n=3670	nnz=19322	f0=4576175	tasks=2	fill_fire=false	cost_fire=false
FENCETRACE	n=3670	nnz=19322	f0=4576175	tasks=395	fill_fire=false	cost_fire=false
RATIOGATE	0.8	true	85
LADGATE	3670	10000	0.788	1
COUNTS	crudeoil_lee1_07	3670	19322	4746188	3542885
FENCETRACE	n=31	nnz=96	f0=423	tasks=45	fill_fire=false	cost_fire=false
FENCETRACE	n=31	nnz=96	f0=403	tasks=1	fill_fire=false	cost_fire=false
FENCETRACE	n=31	nnz=96	f0=403	tasks=5	fill_fire=false	cost_fire=false
FENCETRACE	n=31	nnz=96	f0=403	tasks=527	fill_fire=false	cost_fire=false
FENCETRACE	n=31	nnz=96	f0=403	tasks=16	fill_fire=false	cost_fire=false
RATIOGATE	1.0	false	85
LADGATE	31	10000	0.175	0
COUNTS	pooling_haverly1tp	31	96	423	403
FENCETRACE	n=230	nnz=1290	f0=35284	tasks=46	fill_fire=false	cost_fire=false
FENCETRACE	n=230	nnz=1290	f0=30110	tasks=1	fill_fire=false	cost_fire=false
FENCETRACE	n=230	nnz=1290	f0=30110	tasks=5	fill_fire=false	cost_fire=false
FENCETRACE	n=230	nnz=1290	f0=30110	tasks=527	fill_fire=false	cost_fire=false
FENCETRACE	n=230	nnz=1290	f0=30110	tasks=16	fill_fire=false	cost_fire=false
RATIOGATE	1.0	false	85
LADGATE	230	10000	0.237	0
COUNTS	waterund08	230	1290	35284	30110
FENCETRACE	n=76	nnz=302	f0=1511	tasks=45	fill_fire=false	cost_fire=false
FENCETRACE	n=76	nnz=302	f0=1511	tasks=1	fill_fire=false	cost_fire=false
FENCETRACE	n=76	nnz=302	f0=1511	tasks=5	fill_fire=false	cost_fire=false
FENCETRACE	n=76	nnz=302	f0=1511	tasks=527	fill_fire=false	cost_fire=false
RATIOGATE	1.0	false	85
LADGATE	76	10000	0.160	0
COUNTS	kall_diffcircles_6	76	302	1511	1511
FENCETRACE	n=440	nnz=3040	f0=106479	tasks=45	fill_fire=false	cost_fire=false
FENCETRACE	n=440	nnz=3040	f0=88254	tasks=1	fill_fire=false	cost_fire=false
FENCETRACE	n=440	nnz=3040	f0=88254	tasks=5	fill_fire=false	cost_fire=false
FENCETRACE	n=440	nnz=3040	f0=88254	tasks=527	fill_fire=false	cost_fire=false
FENCETRACE	n=440	nnz=3040	f0=87516	tasks=16	fill_fire=false	cost_fire=false
RATIOGATE	0.9	false	85
LADGATE	440	10000	0.431	0
COUNTS	chimera_mgw-c8-439-onc8-001	440	3040	106479	80090
FENCETRACE	n=160	nnz=828	f0=14818	tasks=46	fill_fire=false	cost_fire=false
FENCETRACE	n=160	nnz=828	f0=11852	tasks=1	fill_fire=false	cost_fire=false
FENCETRACE	n=160	nnz=828	f0=11852	tasks=5	fill_fire=false	cost_fire=false
FENCETRACE	n=160	nnz=828	f0=11852	tasks=527	fill_fire=false	cost_fire=false
FENCETRACE	n=160	nnz=828	f0=11852	tasks=32	fill_fire=false	cost_fire=false
RATIOGATE	0.9	false	85
LADGATE	160	10000	0.272	0
COUNTS	waterund11	160	828	14818	10705
FENCETRACE	n=16364	nnz=52108	f0=4089003	tasks=7	fill_fire=false	cost_fire=false
FENCETRACE	n=16364	nnz=52108	f0=3123098	tasks=1	fill_fire=false	cost_fire=false
FENCETRACE	n=16364	nnz=52108	f0=3123098	tasks=107	fill_fire=false	cost_fire=false
RATIOGATE	0.7	true	85
LADGATE	16364	10000	0.759	0
COUNTS	chp_shorttermplan2d	16364	52108	4089003	2104724
FENCETRACE	n=156	nnz=886	f0=17568	tasks=46	fill_fire=false	cost_fire=false
FENCETRACE	n=156	nnz=886	f0=13744	tasks=1	fill_fire=false	cost_fire=false
FENCETRACE	n=156	nnz=886	f0=13744	tasks=5	fill_fire=false	cost_fire=false
FENCETRACE	n=156	nnz=886	f0=13744	tasks=527	fill_fire=false	cost_fire=false
FENCETRACE	n=156	nnz=886	f0=13744	tasks=32	fill_fire=false	cost_fire=false
RATIOGATE	1.0	false	85
LADGATE	156	10000	0.311	0
COUNTS	sporttournament18	156	886	17568	13623
COUNTS	cvxnonsep_psig30	30	870	9455	9455
FENCETRACE	n=6089	nnz=40368	f0=1872174	tasks=12	fill_fire=false	cost_fire=false
FENCETRACE	n=6089	nnz=40368	f0=1008595	tasks=1	fill_fire=false	cost_fire=false
FENCETRACE	n=6089	nnz=40368	f0=1008595	tasks=1	fill_fire=false	cost_fire=false
FENCETRACE	n=6089	nnz=40368	f0=1008595	tasks=152	fill_fire=false	cost_fire=false
RATIOGATE	0.7	true	85
LADGATE	6089	10000	0.390	1
COUNTS	ringpack_20_2	6089	40368	1872174	707413
FENCETRACE	n=1386	nnz=4310	f0=70355	tasks=22	fill_fire=false	cost_fire=false
FENCETRACE	n=1386	nnz=4310	f0=64050	tasks=1	fill_fire=false	cost_fire=false
FENCETRACE	n=1386	nnz=4310	f0=64050	tasks=5	fill_fire=false	cost_fire=false
FENCETRACE	n=1386	nnz=4310	f0=64050	tasks=527	fill_fire=false	cost_fire=false
RATIOGATE	1.0	false	85
LADGATE	1386	10000	0.328	0
COUNTS	blend718	1386	4310	70355	61466
FENCETRACE	n=115	nnz=724	f0=9711	tasks=46	fill_fire=false	cost_fire=false
FENCETRACE	n=115	nnz=724	f0=7183	tasks=1	fill_fire=false	cost_fire=false
FENCETRACE	n=115	nnz=724	f0=7183	tasks=5	fill_fire=false	cost_fire=false
FENCETRACE	n=115	nnz=724	f0=7183	tasks=527	fill_fire=false	cost_fire=false
FENCETRACE	n=115	nnz=724	f0=7183	tasks=32	fill_fire=false	cost_fire=false
RATIOGATE	1.0	false	85
LADGATE	115	10000	0.304	0
COUNTS	wastepaper4	115	724	9711	7183
FENCETRACE	n=2450	nnz=7200	f0=22825	tasks=26	fill_fire=false	cost_fire=false
FENCETRACE	n=2450	nnz=7200	f0=22825	tasks=1	fill_fire=false	cost_fire=false
FENCETRACE	n=2450	nnz=7200	f0=22825	tasks=5	fill_fire=false	cost_fire=false
FENCETRACE	n=2450	nnz=7200	f0=22825	tasks=527	fill_fire=false	cost_fire=false
RATIOGATE	1.0	false	85
LADGATE	2450	10000	0.426	0
COUNTS	squfl010-040persp	2450	7200	22825	22825
FENCETRACE	n=10429	nnz=55492	f0=65337120	tasks=7	fill_fire=false	cost_fire=false
FENCETRACE	n=10429	nnz=55492	f0=56526899	tasks=1	fill_fire=false	cost_fire=false
FENCETRACE	n=10429	nnz=55492	f0=56526899	tasks=1	fill_fire=false	cost_fire=false
FENCETRACE	n=10429	nnz=55492	f0=56526899	tasks=107	fill_fire=false	cost_fire=false
RATIOGATE	0.6	true	85
LADGATE	10429	10000	0.997	0
COUNTS	crudeoil_lee4_06	10429	55492	65337120	32948139
FENCETRACE	n=1746	nnz=4928	f0=56838	tasks=23	fill_fire=false	cost_fire=false
FENCETRACE	n=1746	nnz=4928	f0=50832	tasks=1	fill_fire=false	cost_fire=false
FENCETRACE	n=1746	nnz=4928	f0=50832	tasks=5	fill_fire=false	cost_fire=false
FENCETRACE	n=1746	nnz=4928	f0=50832	tasks=527	fill_fire=false	cost_fire=false
FENCETRACE	n=1746	nnz=4928	f0=47475	tasks=16	fill_fire=false	cost_fire=false
RATIOGATE	0.9	false	85
LADGATE	1746	10000	0.524	0
COUNTS	netmod_kar1	1746	4928	56838	43864
FENCETRACE	n=14	nnz=46	f0=137	tasks=45	fill_fire=false	cost_fire=false
FENCETRACE	n=14	nnz=46	f0=128	tasks=1	fill_fire=false	cost_fire=false
FENCETRACE	n=14	nnz=46	f0=128	tasks=5	fill_fire=false	cost_fire=false
FENCETRACE	n=14	nnz=46	f0=128	tasks=527	fill_fire=false	cost_fire=false
FENCETRACE	n=14	nnz=46	f0=128	tasks=16	fill_fire=false	cost_fire=false
RATIOGATE	1.0	false	85
LADGATE	14	10000	0.118	0
COUNTS	ex8_1_7	14	46	137	128
FENCETRACE	n=108	nnz=648	f0=44928	tasks=45	fill_fire=false	cost_fire=false
FENCETRACE	n=108	nnz=648	f0=36228	tasks=1	fill_fire=false	cost_fire=false
FENCETRACE	n=108	nnz=648	f0=36228	tasks=5	fill_fire=false	cost_fire=false
FENCETRACE	n=108	nnz=648	f0=36228	tasks=527	fill_fire=false	cost_fire=false
FENCETRACE	n=108	nnz=648	f0=36228	tasks=16	fill_fire=false	cost_fire=false
RATIOGATE	1.0	false	85
LADGATE	108	10000	0.212	0
COUNTS	graphpart_3g-0333-0333	108	648	44928	36228
FENCETRACE	n=760	nnz=2080	f0=9815	tasks=45	fill_fire=false	cost_fire=false
FENCETRACE	n=760	nnz=2080	f0=9065	tasks=1	fill_fire=false	cost_fire=false
FENCETRACE	n=760	nnz=2080	f0=9065	tasks=5	fill_fire=false	cost_fire=false
FENCETRACE	n=760	nnz=2080	f0=9065	tasks=527	fill_fire=false	cost_fire=false
FENCETRACE	n=760	nnz=2080	f0=8795	tasks=16	fill_fire=false	cost_fire=false
RATIOGATE	1.0	false	85
LADGATE	760	10000	0.365	0
COUNTS	slay05h	760	2080	9815	8795
FENCETRACE	n=156	nnz=712	f0=7241	tasks=46	fill_fire=false	cost_fire=false
FENCETRACE	n=156	nnz=712	f0=6856	tasks=1	fill_fire=false	cost_fire=false
FENCETRACE	n=156	nnz=712	f0=6856	tasks=5	fill_fire=false	cost_fire=false
FENCETRACE	n=156	nnz=712	f0=6856	tasks=527	fill_fire=false	cost_fire=false
FENCETRACE	n=156	nnz=712	f0=6835	tasks=16	fill_fire=false	cost_fire=false
RATIOGATE	1.0	false	85
LADGATE	156	10000	0.316	0
COUNTS	korcns	156	712	7241	6599
FENCETRACE	n=5065	nnz=18730	f0=121503	tasks=8	fill_fire=false	cost_fire=false
FENCETRACE	n=5065	nnz=18730	f0=121503	tasks=1	fill_fire=false	cost_fire=false
FENCETRACE	n=5065	nnz=18730	f0=121503	tasks=2	fill_fire=false	cost_fire=false
FENCETRACE	n=5065	nnz=18730	f0=121503	tasks=373	fill_fire=false	cost_fire=false
RATIOGATE	1.0	false	85
LADGATE	5065	10000	0.680	0
COUNTS	powerflow0118p	5065	18730	121503	117447
FENCETRACE	n=4799	nnz=20600	f0=84672	tasks=20	fill_fire=false	cost_fire=false
FENCETRACE	n=4799	nnz=20600	f0=84672	tasks=1	fill_fire=false	cost_fire=false
FENCETRACE	n=4799	nnz=20600	f0=84672	tasks=2	fill_fire=false	cost_fire=false
FENCETRACE	n=4799	nnz=20600	f0=84672	tasks=311	fill_fire=false	cost_fire=false
RATIOGATE	1.0	false	85
LADGATE	4799	10000	0.696	0
COUNTS	sfacloc2_3_80	4799	20600	84672	81119
FENCETRACE	n=6028	nnz=17372	f0=196890	tasks=7	fill_fire=false	cost_fire=false
FENCETRACE	n=6028	nnz=17372	f0=187179	tasks=1	fill_fire=false	cost_fire=false
FENCETRACE	n=6028	nnz=17372	f0=187179	tasks=1	fill_fire=false	cost_fire=false
FENCETRACE	n=6028	nnz=17372	f0=187179	tasks=379	fill_fire=false	cost_fire=false
RATIOGATE	0.8	true	85
LADGATE	6028	10000	0.564	1
COUNTS	rsyn0820m04m	6028	17372	196890	152996
FENCETRACE	n=1046	nnz=3024	f0=14089	tasks=22	fill_fire=false	cost_fire=false
FENCETRACE	n=1046	nnz=3024	f0=14089	tasks=1	fill_fire=false	cost_fire=false
FENCETRACE	n=1046	nnz=3024	f0=14089	tasks=5	fill_fire=false	cost_fire=false
FENCETRACE	n=1046	nnz=3024	f0=14089	tasks=527	fill_fire=false	cost_fire=false
RATIOGATE	1.0	false	85
LADGATE	1046	10000	0.273	0
COUNTS	hydroenergy1	1046	3024	14089	14089
FENCETRACE	n=181	nnz=1440	f0=8405	tasks=49	fill_fire=false	cost_fire=false
FENCETRACE	n=181	nnz=1440	f0=8405	tasks=1	fill_fire=false	cost_fire=false
FENCETRACE	n=181	nnz=1440	f0=8405	tasks=5	fill_fire=false	cost_fire=false
FENCETRACE	n=181	nnz=1440	f0=8405	tasks=527	fill_fire=false	cost_fire=false
RATIOGATE	1.0	false	85
LADGATE	181	10000	0.199	0
COUNTS	maxmin	181	1440	8405	8405
FENCETRACE	n=8	nnz=18	f0=51	tasks=45	fill_fire=false	cost_fire=false
FENCETRACE	n=8	nnz=18	f0=44	tasks=1	fill_fire=false	cost_fire=false
FENCETRACE	n=8	nnz=18	f0=44	tasks=5	fill_fire=false	cost_fire=false
FENCETRACE	n=8	nnz=18	f0=44	tasks=527	fill_fire=false	cost_fire=false
FENCETRACE	n=8	nnz=18	f0=44	tasks=16	fill_fire=false	cost_fire=false
RATIOGATE	1.0	false	85
LADGATE	8	10000	0.109	0
COUNTS	st_ht	8	18	51	44
FENCETRACE	n=6418	nnz=34646	f0=23299675	tasks=7	fill_fire=false	cost_fire=false
FENCETRACE	n=6418	nnz=34646	f0=23299675	tasks=1	fill_fire=false	cost_fire=false
FENCETRACE	n=6418	nnz=34646	f0=23299675	tasks=1	fill_fire=false	cost_fire=false
FENCETRACE	n=6418	nnz=34646	f0=23299675	tasks=199	fill_fire=false	cost_fire=false
RATIOGATE	0.8	true	85
LADGATE	6418	10000	0.852	1
COUNTS	crudeoil_lee2_06	6418	34646	23299675	16680943
FENCETRACE	n=3183	nnz=14062	f0=104945	tasks=17	fill_fire=false	cost_fire=false
FENCETRACE	n=3183	nnz=14062	f0=104920	tasks=1	fill_fire=false	cost_fire=false
FENCETRACE	n=3183	nnz=14062	f0=104920	tasks=2	fill_fire=false	cost_fire=false
FENCETRACE	n=3183	nnz=14062	f0=104634	tasks=444	fill_fire=false	cost_fire=false
RATIOGATE	0.9	false	85
LADGATE	3183	10000	0.469	0
COUNTS	kan_r3_h1_n4	3183	14062	104945	98731
FENCETRACE	n=378	nnz=5610	f0=109639	tasks=30	fill_fire=false	cost_fire=false
FENCETRACE	n=378	nnz=5610	f0=95269	tasks=1	fill_fire=false	cost_fire=false
FENCETRACE	n=378	nnz=5610	f0=95269	tasks=5	fill_fire=false	cost_fire=false
FENCETRACE	n=378	nnz=5610	f0=95269	tasks=527	fill_fire=false	cost_fire=false
FENCETRACE	n=378	nnz=5610	f0=95269	tasks=16	fill_fire=false	cost_fire=false
RATIOGATE	1.0	false	85
LADGATE	378	10000	0.310	0
COUNTS	primary	378	5610	109639	95258
FENCETRACE	n=1071	nnz=2772	f0=9890	tasks=22	fill_fire=false	cost_fire=false
FENCETRACE	n=1071	nnz=2772	f0=9827	tasks=1	fill_fire=false	cost_fire=false
FENCETRACE	n=1071	nnz=2772	f0=9827	tasks=5	fill_fire=false	cost_fire=false
FENCETRACE	n=1071	nnz=2772	f0=9827	tasks=527	fill_fire=false	cost_fire=false
RATIOGATE	1.0	false	85
LADGATE	1071	10000	0.310	0
COUNTS	syn10m03hfsg	1071	2772	9890	9812
FENCETRACE	n=36	nnz=138	f0=848	tasks=45	fill_fire=false	cost_fire=false
FENCETRACE	n=36	nnz=138	f0=790	tasks=1	fill_fire=false	cost_fire=false
FENCETRACE	n=36	nnz=138	f0=790	tasks=5	fill_fire=false	cost_fire=false
FENCETRACE	n=36	nnz=138	f0=790	tasks=527	fill_fire=false	cost_fire=false
FENCETRACE	n=36	nnz=138	f0=790	tasks=16	fill_fire=false	cost_fire=false
RATIOGATE	1.0	false	85
LADGATE	36	10000	0.195	0
COUNTS	wastewater02m1	36	138	848	790
FENCETRACE	n=4620	nnz=15680	f0=273140	tasks=15	fill_fire=false	cost_fire=false
FENCETRACE	n=4620	nnz=15680	f0=273140	tasks=1	fill_fire=false	cost_fire=false
FENCETRACE	n=4620	nnz=15680	f0=273140	tasks=2	fill_fire=false	cost_fire=false
FENCETRACE	n=4620	nnz=15680	f0=273140	tasks=421	fill_fire=false	cost_fire=false
RATIOGATE	1.0	false	85
LADGATE	4620	10000	0.381	0
COUNTS	supplychainr1_022020	4620	15680	273140	273100
FENCETRACE	n=3800	nnz=11250	f0=49925	tasks=16	fill_fire=false	cost_fire=false
FENCETRACE	n=3800	nnz=11250	f0=49925	tasks=1	fill_fire=false	cost_fire=false
FENCETRACE	n=3800	nnz=11250	f0=49925	tasks=2	fill_fire=false	cost_fire=false
FENCETRACE	n=3800	nnz=11250	f0=49925	tasks=459	fill_fire=false	cost_fire=false
RATIOGATE	1.0	false	85
LADGATE	3800	10000	0.259	0
COUNTS	squfl025-025persp	3800	11250	49925	49925
FENCETRACE	n=17999	nnz=121458	f0=12394600	tasks=12	fill_fire=false	cost_fire=false
FENCETRACE	n=17999	nnz=121458	f0=5070619	tasks=1	fill_fire=false	cost_fire=false
FENCETRACE	n=17999	nnz=121458	f0=5070619	tasks=65	fill_fire=false	cost_fire=false
RATIOGATE	0.6	true	85
LADGATE	17999	10000	0.811	0
COUNTS	ringpack_30_2	17999	121458	12394600	2873684
FENCETRACE	n=39098	nnz=257806	f0=103156931	tasks=4	fill_fire=false	cost_fire=false
FENCETRACE	n=39098	nnz=257806	f0=103156931	tasks=1	fill_fire=false	cost_fire=false
FENCETRACE	n=39098	nnz=257806	f0=103156931	tasks=3	fill_fire=false	cost_fire=false
COUNTS	nuclear104	39098	257806	103156931	78332024
FENCETRACE	n=4952	nnz=15700	f0=376486	tasks=15	fill_fire=false	cost_fire=false
FENCETRACE	n=4952	nnz=15700	f0=331297	tasks=1	fill_fire=false	cost_fire=false
FENCETRACE	n=4952	nnz=15700	f0=331297	tasks=2	fill_fire=false	cost_fire=false
FENCETRACE	n=4952	nnz=15700	f0=331297	tasks=421	fill_fire=false	cost_fire=false
FENCETRACE	n=4952	nnz=15700	f0=312728	tasks=16	fill_fire=false	cost_fire=false
RATIOGATE	0.9	false	85
LADGATE	4952	10000	0.589	0
COUNTS	chp_shorttermplan1a	4952	15700	376486	301837
FENCETRACE	n=555	nnz=3488	f0=19983	tasks=47	fill_fire=false	cost_fire=false
FENCETRACE	n=555	nnz=3488	f0=19983	tasks=1	fill_fire=false	cost_fire=false
FENCETRACE	n=555	nnz=3488	f0=19983	tasks=5	fill_fire=false	cost_fire=false
FENCETRACE	n=555	nnz=3488	f0=19983	tasks=527	fill_fire=false	cost_fire=false
FENCETRACE	n=555	nnz=3488	f0=19938	tasks=16	fill_fire=false	cost_fire=false
RATIOGATE	1.0	false	85
LADGATE	555	10000	0.409	0
COUNTS	rocket50	555	3488	19983	19265
FENCETRACE	n=8508	nnz=24272	f0=229914	tasks=7	fill_fire=false	cost_fire=false
FENCETRACE	n=8508	nnz=24272	f0=218983	tasks=1	fill_fire=false	cost_fire=false
FENCETRACE	n=8508	nnz=24272	f0=218983	tasks=1	fill_fire=false	cost_fire=false
FENCETRACE	n=8508	nnz=24272	f0=218983	tasks=249	fill_fire=false	cost_fire=false
RATIOGATE	0.9	false	85
LADGATE	8508	10000	0.752	0
COUNTS	rsyn0840m04m	8508	24272	229914	186634
FENCETRACE	n=11716	nnz=37660	f0=1691114	tasks=7	fill_fire=false	cost_fire=false
FENCETRACE	n=11716	nnz=37660	f0=1691114	tasks=1	fill_fire=false	cost_fire=false
FENCETRACE	n=11716	nnz=37660	f0=1691114	tasks=1	fill_fire=false	cost_fire=false
FENCETRACE	n=11716	nnz=37660	f0=1691114	tasks=124	fill_fire=false	cost_fire=false
RATIOGATE	0.9	false	85
LADGATE	11716	10000	0.704	0
COUNTS	mpbp_21	11716	37660	1691114	1456963
FENCETRACE	n=172	nnz=1096	f0=10938	tasks=48	fill_fire=false	cost_fire=false
FENCETRACE	n=172	nnz=1096	f0=10703	tasks=1	fill_fire=false	cost_fire=false
FENCETRACE	n=172	nnz=1096	f0=10703	tasks=5	fill_fire=false	cost_fire=false
FENCETRACE	n=172	nnz=1096	f0=10703	tasks=527	fill_fire=false	cost_fire=false
FENCETRACE	n=172	nnz=1096	f0=10703	tasks=16	fill_fire=false	cost_fire=false
RATIOGATE	1.0	false	85
LADGATE	172	10000	0.237	0
COUNTS	orth_d4m6_pl	172	1096	10938	10703
FENCETRACE	n=1681	nnz=7432	f0=201759	tasks=22	fill_fire=false	cost_fire=false
FENCETRACE	n=1681	nnz=7432	f0=201759	tasks=1	fill_fire=false	cost_fire=false
FENCETRACE	n=1681	nnz=7432	f0=201759	tasks=5	fill_fire=false	cost_fire=false
FENCETRACE	n=1681	nnz=7432	f0=201759	tasks=527	fill_fire=false	cost_fire=false
RATIOGATE	1.0	false	85
LADGATE	1681	10000	0.448	0
COUNTS	kall_circlespolygons_c1p5b	1681	7432	201759	193841
FENCETRACE	n=313068	nnz=1292408	f0=34647355	tasks=2	fill_fire=false	cost_fire=false
COUNTS	acopf_case9241pegase_qcqp	313068	1292408	34647355	33736789
FENCETRACE	n=33	nnz=82	f0=244	tasks=45	fill_fire=false	cost_fire=false
FENCETRACE	n=33	nnz=82	f0=244	tasks=1	fill_fire=false	cost_fire=false
FENCETRACE	n=33	nnz=82	f0=244	tasks=5	fill_fire=false	cost_fire=false
FENCETRACE	n=33	nnz=82	f0=244	tasks=527	fill_fire=false	cost_fire=false
RATIOGATE	1.0	false	85
LADGATE	33	10000	0.184	0
COUNTS	ex1223	33	82	244	244
FENCETRACE	n=10	nnz=48	f0=197	tasks=45	fill_fire=false	cost_fire=false
FENCETRACE	n=10	nnz=48	f0=153	tasks=1	fill_fire=false	cost_fire=false
FENCETRACE	n=10	nnz=48	f0=153	tasks=5	fill_fire=false	cost_fire=false
FENCETRACE	n=10	nnz=48	f0=153	tasks=527	fill_fire=false	cost_fire=false
FENCETRACE	n=10	nnz=48	f0=153	tasks=32	fill_fire=false	cost_fire=false
RATIOGATE	1.0	false	85
LADGATE	10	10000	0.126	0
COUNTS	ex6_1_4	10	48	197	153
FENCETRACE	n=403	nnz=1630	f0=10761	tasks=46	fill_fire=false	cost_fire=false
FENCETRACE	n=403	nnz=1630	f0=10361	tasks=1	fill_fire=false	cost_fire=false
FENCETRACE	n=403	nnz=1630	f0=10361	tasks=5	fill_fire=false	cost_fire=false
FENCETRACE	n=403	nnz=1630	f0=10361	tasks=527	fill_fire=false	cost_fire=false
FENCETRACE	n=403	nnz=1630	f0=10361	tasks=16	fill_fire=false	cost_fire=false
RATIOGATE	1.0	false	85
LADGATE	403	10000	0.299	0
COUNTS	powerflow0014r	403	1630	10761	10361
FENCETRACE	n=2065	nnz=31132	f0=3517788	tasks=18	fill_fire=false	cost_fire=false
FENCETRACE	n=2065	nnz=31132	f0=3517788	tasks=1	fill_fire=false	cost_fire=false
FENCETRACE	n=2065	nnz=31132	f0=3517788	tasks=2	fill_fire=false	cost_fire=false
FENCETRACE	n=2065	nnz=31132	f0=3517788	tasks=265	fill_fire=false	cost_fire=false
RATIOGATE	1.0	false	85
LADGATE	2065	10000	0.289	0
COUNTS	knp5-43	2065	31132	3517788	3517788
FENCETRACE	n=21688	nnz=89702	f0=29373994	tasks=7	fill_fire=false	cost_fire=false
FENCETRACE	n=21688	nnz=89702	f0=29252641	tasks=1	fill_fire=false	cost_fire=false
FENCETRACE	n=21688	nnz=89702	f0=29252641	tasks=81	fill_fire=false	cost_fire=false
RATIOGATE	0.9	false	85
LADGATE	21688	10000	0.788	0
COUNTS	gabriel09	21688	89702	29373994	26366112
FENCETRACE	n=32	nnz=88	f0=233	tasks=45	fill_fire=false	cost_fire=false
FENCETRACE	n=32	nnz=88	f0=233	tasks=1	fill_fire=false	cost_fire=false
FENCETRACE	n=32	nnz=88	f0=233	tasks=5	fill_fire=false	cost_fire=false
FENCETRACE	n=32	nnz=88	f0=233	tasks=527	fill_fire=false	cost_fire=false
RATIOGATE	1.0	false	85
LADGATE	32	10000	0.183	0
COUNTS	tln2	32	88	233	233
FENCETRACE	n=22	nnz=76	f0=267	tasks=45	fill_fire=false	cost_fire=false
FENCETRACE	n=22	nnz=76	f0=232	tasks=1	fill_fire=false	cost_fire=false
FENCETRACE	n=22	nnz=76	f0=232	tasks=5	fill_fire=false	cost_fire=false
FENCETRACE	n=22	nnz=76	f0=232	tasks=527	fill_fire=false	cost_fire=false
FENCETRACE	n=22	nnz=76	f0=232	tasks=16	fill_fire=false	cost_fire=false
RATIOGATE	1.0	false	85
LADGATE	22	10000	0.152	0
COUNTS	prob02	22	76	267	232
FENCETRACE	n=1422	nnz=4460	f0=78102	tasks=22	fill_fire=false	cost_fire=false
FENCETRACE	n=1422	nnz=4460	f0=65412	tasks=1	fill_fire=false	cost_fire=false
FENCETRACE	n=1422	nnz=4460	f0=65412	tasks=5	fill_fire=false	cost_fire=false
FENCETRACE	n=1422	nnz=4460	f0=65412	tasks=527	fill_fire=false	cost_fire=false
FENCETRACE	n=1422	nnz=4460	f0=65412	tasks=16	fill_fire=false	cost_fire=false
RATIOGATE	1.0	false	85
LADGATE	1422	10000	0.342	0
COUNTS	blend146	1422	4460	78102	64296
FENCETRACE	n=4518	nnz=14492	f0=499547	tasks=15	fill_fire=false	cost_fire=false
FENCETRACE	n=4518	nnz=14492	f0=499362	tasks=1	fill_fire=false	cost_fire=false
FENCETRACE	n=4518	nnz=14492	f0=499362	tasks=2	fill_fire=false	cost_fire=false
FENCETRACE	n=4518	nnz=14492	f0=499362	tasks=433	fill_fire=false	cost_fire=false
RATIOGATE	0.9	false	85
LADGATE	4518	10000	0.460	0
COUNTS	mpbp_46	4518	14492	499547	448091
FENCETRACE	n=413	nnz=2860	f0=18483	tasks=48	fill_fire=false	cost_fire=false
FENCETRACE	n=413	nnz=2860	f0=18023	tasks=1	fill_fire=false	cost_fire=false
FENCETRACE	n=413	nnz=2860	f0=18023	tasks=5	fill_fire=false	cost_fire=false
FENCETRACE	n=413	nnz=2860	f0=18023	tasks=527	fill_fire=false	cost_fire=false
FENCETRACE	n=413	nnz=2860	f0=17713	tasks=16	fill_fire=false	cost_fire=false
RATIOGATE	1.0	false	85
LADGATE	413	10000	0.374	0
COUNTS	tls6	413	2860	18483	17511
FENCETRACE	n=21925	nnz=52300	f0=221650	tasks=7	fill_fire=false	cost_fire=false
FENCETRACE	n=21925	nnz=52300	f0=221650	tasks=1	fill_fire=false	cost_fire=false
FENCETRACE	n=21925	nnz=52300	f0=221650	tasks=107	fill_fire=false	cost_fire=false
RATIOGATE	1.0	false	85
LADGATE	21925	10000	0.474	0
COUNTS	emfl100_5_5	21925	52300	221650	221650
FENCETRACE	n=341	nnz=44264	f0=3563707	tasks=22	fill_fire=false	cost_fire=false
FENCETRACE	n=341	nnz=44264	f0=3538483	tasks=1	fill_fire=false	cost_fire=false
FENCETRACE	n=341	nnz=44264	f0=3538483	tasks=4	fill_fire=false	cost_fire=false
FENCETRACE	n=341	nnz=44264	f0=3538483	tasks=216	fill_fire=false	cost_fire=false
RATIOGATE	1.0	false	85
LADGATE	341	10000	0.202	0
COUNTS	qspp_0_11_0_1_10_1	341	44264	3563707	3537346
FENCETRACE	n=403	nnz=1484	f0=13581	tasks=45	fill_fire=false	cost_fire=false
FENCETRACE	n=403	nnz=1484	f0=13292	tasks=1	fill_fire=false	cost_fire=false
FENCETRACE	n=403	nnz=1484	f0=13292	tasks=5	fill_fire=false	cost_fire=false
FENCETRACE	n=403	nnz=1484	f0=13292	tasks=527	fill_fire=false	cost_fire=false
FENCETRACE	n=403	nnz=1484	f0=13292	tasks=16	fill_fire=false	cost_fire=false
RATIOGATE	1.0	false	85
LADGATE	403	10000	0.307	0
COUNTS	p_ball_10b_5p_4d_m	403	1484	13581	13288
FENCETRACE	n=90	nnz=840	f0=6691	tasks=49	fill_fire=false	cost_fire=false
FENCETRACE	n=90	nnz=840	f0=6321	tasks=1	fill_fire=false	cost_fire=false
FENCETRACE	n=90	nnz=840	f0=6321	tasks=5	fill_fire=false	cost_fire=false
FENCETRACE	n=90	nnz=840	f0=6321	tasks=527	fill_fire=false	cost_fire=false
FENCETRACE	n=90	nnz=840	f0=6321	tasks=16	fill_fire=false	cost_fire=false
RATIOGATE	1.0	false	85
LADGATE	90	10000	0.261	0
COUNTS	st_rv9	90	840	6691	6321
FENCETRACE	n=3486	nnz=9576	f0=47529	tasks=15	fill_fire=false	cost_fire=false
FENCETRACE	n=3486	nnz=9576	f0=47529	tasks=1	fill_fire=false	cost_fire=false
FENCETRACE	n=3486	nnz=9576	f0=47529	tasks=2	fill_fire=false	cost_fire=false
FENCETRACE	n=3486	nnz=9576	f0=47529	tasks=459	fill_fire=false	cost_fire=false
RATIOGATE	1.0	false	85
LADGATE	3486	10000	0.481	0
COUNTS	rsyn0840m02m	3486	9576	47529	45153
FENCETRACE	n=22	nnz=84	f0=277	tasks=45	fill_fire=false	cost_fire=false
FENCETRACE	n=22	nnz=84	f0=266	tasks=1	fill_fire=false	cost_fire=false
FENCETRACE	n=22	nnz=84	f0=266	tasks=5	fill_fire=false	cost_fire=false
FENCETRACE	n=22	nnz=84	f0=266	tasks=527	fill_fire=false	cost_fire=false
FENCETRACE	n=22	nnz=84	f0=266	tasks=16	fill_fire=false	cost_fire=false
RATIOGATE	1.0	false	85
LADGATE	22	10000	0.156	0
COUNTS	nvs05	22	84	277	266
COUNTS	autocorr_bern25-19	28	612	5278	5278
FENCETRACE	n=356	nnz=1232	f0=4960	tasks=46	fill_fire=false	cost_fire=false
FENCETRACE	n=356	nnz=1232	f0=4960	tasks=1	fill_fire=false	cost_fire=false
FENCETRACE	n=356	nnz=1232	f0=4960	tasks=5	fill_fire=false	cost_fire=false
FENCETRACE	n=356	nnz=1232	f0=4960	tasks=527	fill_fire=false	cost_fire=false
RATIOGATE	1.0	false	85
LADGATE	356	10000	0.263	0
COUNTS	sssd20-08persp	356	1232	4960	4960
FENCETRACE	n=827	nnz=3804	f0=377794	tasks=48	fill_fire=false	cost_fire=false
FENCETRACE	n=827	nnz=3804	f0=162532	tasks=1	fill_fire=false	cost_fire=false
FENCETRACE	n=827	nnz=3804	f0=162532	tasks=5	fill_fire=false	cost_fire=false
FENCETRACE	n=827	nnz=3804	f0=162532	tasks=527	fill_fire=false	cost_fire=false
FENCETRACE	n=827	nnz=3804	f0=162532	tasks=32	fill_fire=false	cost_fire=false
RATIOGATE	1.0	false	85
LADGATE	827	10000	0.539	0
COUNTS	multiplants_stg5	827	3804	377794	156907
FENCETRACE	n=2032	nnz=15140	f0=3860441	tasks=17	fill_fire=false	cost_fire=false
FENCETRACE	n=2032	nnz=15140	f0=2976752	tasks=1	fill_fire=false	cost_fire=false
FENCETRACE	n=2032	nnz=15140	f0=2976752	tasks=2	fill_fire=false	cost_fire=false
FENCETRACE	n=2032	nnz=15140	f0=2976752	tasks=481	fill_fire=false	cost_fire=false
FENCETRACE	n=2032	nnz=15140	f0=2589402	tasks=32	fill_fire=false	cost_fire=false
RATIOGATE	0.8	true	85
LADGATE	2032	10000	0.646	1
COUNTS	chimera_rfr-02	2032	15140	3860441	2490654
FENCETRACE	n=726	nnz=3510	f0=142058	tasks=50	fill_fire=false	cost_fire=false
FENCETRACE	n=726	nnz=3510	f0=127595	tasks=1	fill_fire=false	cost_fire=false
FENCETRACE	n=726	nnz=3510	f0=127595	tasks=5	fill_fire=false	cost_fire=false
FENCETRACE	n=726	nnz=3510	f0=127595	tasks=527	fill_fire=false	cost_fire=false
FENCETRACE	n=726	nnz=3510	f0=127519	tasks=16	fill_fire=false	cost_fire=false
RATIOGATE	1.0	false	85
LADGATE	726	10000	0.523	0
COUNTS	multiplants_stg1a	726	3510	142058	121443
FENCETRACE	n=170	nnz=932	f0=24314	tasks=46	fill_fire=false	cost_fire=false
FENCETRACE	n=170	nnz=932	f0=21824	tasks=1	fill_fire=false	cost_fire=false
FENCETRACE	n=170	nnz=932	f0=21824	tasks=5	fill_fire=false	cost_fire=false
FENCETRACE	n=170	nnz=932	f0=21824	tasks=527	fill_fire=false	cost_fire=false
FENCETRACE	n=170	nnz=932	f0=21728	tasks=16	fill_fire=false	cost_fire=false
RATIOGATE	0.8	true	85
LADGATE	170	10000	0.240	1
COUNTS	pooling_adhya4pq	170	932	24314	16556
FENCETRACE	n=17493	nnz=163816	f0=82406325	tasks=4	fill_fire=false	cost_fire=false
FENCETRACE	n=17493	nnz=163816	f0=82406325	tasks=1	fill_fire=false	cost_fire=false
FENCETRACE	n=17493	nnz=163816	f0=82406325	tasks=8	fill_fire=false	cost_fire=false
RATIOGATE	0.7	true	85
LADGATE	17493	10000	0.732	0
COUNTS	nuclear10a	17493	163816	82406325	55754381
FENCETRACE	n=874	nnz=7260	f0=185654	tasks=28	fill_fire=false	cost_fire=false
FENCETRACE	n=874	nnz=7260	f0=111524	tasks=1	fill_fire=false	cost_fire=false
FENCETRACE	n=874	nnz=7260	f0=111524	tasks=5	fill_fire=false	cost_fire=false
FENCETRACE	n=874	nnz=7260	f0=111524	tasks=527	fill_fire=false	cost_fire=false
FENCETRACE	n=874	nnz=7260	f0=111524	tasks=32	fill_fire=false	cost_fire=false
RATIOGATE	1.0	false	85
LADGATE	874	10000	0.524	0
COUNTS	sonet24v5	874	7260	185654	110276
FENCETRACE	n=69651	nnz=331010	f0=7933133	tasks=2	fill_fire=false	cost_fire=false
FENCETRACE	n=69651	nnz=331010	f0=7933133	tasks=14	fill_fire=false	cost_fire=false
COUNTS	transswitch2736spr	69651	331010	7933133	7281507
FENCETRACE	n=8992	nnz=26288	f0=821014	tasks=7	fill_fire=false	cost_fire=false
FENCETRACE	n=8992	nnz=26288	f0=586852	tasks=1	fill_fire=false	cost_fire=false
FENCETRACE	n=8992	nnz=26288	f0=586852	tasks=1	fill_fire=false	cost_fire=false
FENCETRACE	n=8992	nnz=26288	f0=586852	tasks=246	fill_fire=false	cost_fire=false
RATIOGATE	1.0	false	85
LADGATE	8992	10000	0.511	0
COUNTS	chp_shorttermplan2a	8992	26288	821014	577543
FENCETRACE	n=1001	nnz=5592	f0=18173	tasks=22	fill_fire=false	cost_fire=false
FENCETRACE	n=1001	nnz=5592	f0=18164	tasks=1	fill_fire=false	cost_fire=false
FENCETRACE	n=1001	nnz=5592	f0=18164	tasks=5	fill_fire=false	cost_fire=false
FENCETRACE	n=1001	nnz=5592	f0=18164	tasks=527	fill_fire=false	cost_fire=false
RATIOGATE	1.0	false	85
LADGATE	1001	10000	0.237	0
COUNTS	catmix200	1001	5592	18173	18164
COUNTS	nvs23	27	252	1921	1221
FENCETRACE	n=20	nnz=40	f0=107	tasks=45	fill_fire=false	cost_fire=false
FENCETRACE	n=20	nnz=40	f0=107	tasks=1	fill_fire=false	cost_fire=false
FENCETRACE	n=20	nnz=40	f0=107	tasks=5	fill_fire=false	cost_fire=false
FENCETRACE	n=20	nnz=40	f0=107	tasks=527	fill_fire=false	cost_fire=false
RATIOGATE	1.0	false	85
LADGATE	20	10000	0.141	0
COUNTS	oaer	20	40	107	107
FENCETRACE	n=168	nnz=388	f0=1103	tasks=45	fill_fire=false	cost_fire=false
FENCETRACE	n=168	nnz=388	f0=1103	tasks=1	fill_fire=false	cost_fire=false
FENCETRACE	n=168	nnz=388	f0=1103	tasks=5	fill_fire=false	cost_fire=false
FENCETRACE	n=168	nnz=388	f0=1103	tasks=527	fill_fire=false	cost_fire=false
RATIOGATE	1.0	false	85
LADGATE	168	10000	0.192	0
COUNTS	hybriddynamic_fixed	168	388	1103	1103
FENCETRACE	n=16747	nnz=77352	f0=35096942	tasks=10	fill_fire=false	cost_fire=false
FENCETRACE	n=16747	nnz=77352	f0=33394403	tasks=1	fill_fire=false	cost_fire=false
FENCETRACE	n=16747	nnz=77352	f0=33394403	tasks=75	fill_fire=false	cost_fire=false
RATIOGATE	0.9	false	85
LADGATE	16747	10000	0.584	0
COUNTS	edgecross24-115	16747	77352	35096942	28685704
FENCETRACE	n=1178	nnz=4334	f0=23567	tasks=22	fill_fire=false	cost_fire=false
FENCETRACE	n=1178	nnz=4334	f0=23528	tasks=1	fill_fire=false	cost_fire=false
FENCETRACE	n=1178	nnz=4334	f0=23528	tasks=5	fill_fire=false	cost_fire=false
FENCETRACE	n=1178	nnz=4334	f0=23528	tasks=527	fill_fire=false	cost_fire=false
RATIOGATE	1.0	false	85
LADGATE	1178	10000	0.298	0
COUNTS	space25	1178	4334	23567	22528
FENCETRACE	n=23999	nnz=151728	f0=2586036	tasks=4	fill_fire=false	cost_fire=false
FENCETRACE	n=23999	nnz=151728	f0=2586036	tasks=1	fill_fire=false	cost_fire=false
FENCETRACE	n=23999	nnz=151728	f0=2586036	tasks=8	fill_fire=false	cost_fire=false
RATIOGATE	0.7	true	85
LADGATE	23999	10000	0.626	0
COUNTS	methanol400	23999	151728	2586036	1864047
FENCETRACE	n=1218	nnz=8364	f0=251833	tasks=25	fill_fire=false	cost_fire=false
FENCETRACE	n=1218	nnz=8364	f0=173400	tasks=1	fill_fire=false	cost_fire=false
FENCETRACE	n=1218	nnz=8364	f0=173400	tasks=2	fill_fire=false	cost_fire=false
FENCETRACE	n=1218	nnz=8364	f0=173400	tasks=515	fill_fire=false	cost_fire=false
FENCETRACE	n=1218	nnz=8364	f0=171941	tasks=32	fill_fire=false	cost_fire=false
RATIOGATE	1.0	false	85
LADGATE	1218	10000	0.502	0
COUNTS	pooling_foulds5tp	1218	8364	251833	171941
FENCETRACE	n=5040	nnz=121302	f0=104609262	tasks=18	fill_fire=false	cost_fire=false
FENCETRACE	n=5040	nnz=121302	f0=47597914	tasks=1	fill_fire=false	cost_fire=false
FENCETRACE	n=5040	nnz=121302	f0=47597914	tasks=1	fill_fire=false	cost_fire=false
FENCETRACE	n=5040	nnz=121302	f0=47597914	tasks=96	fill_fire=false	cost_fire=false
RATIOGATE	0.4	true	85
LADGATE	5040	10000	0.609	1
COUNTS	pooling_sppa9tp	5040	121302	104609262	16877457
COUNTS	st_miqp2	10	18	37	37
COUNTS	autocorr_bern30-23	33	878	8940	8940
FENCETRACE	n=9858	nnz=31692	f0=1496502	tasks=7	fill_fire=false	cost_fire=false
FENCETRACE	n=9858	nnz=31692	f0=1496502	tasks=1	fill_fire=false	cost_fire=false
FENCETRACE	n=9858	nnz=31692	f0=1496502	tasks=1	fill_fire=false	cost_fire=false
FENCETRACE	n=9858	nnz=31692	f0=1496502	tasks=199	fill_fire=false	cost_fire=false
RATIOGATE	0.8	true	85
LADGATE	9858	10000	0.756	1
COUNTS	mpbp_15	9858	31692	1496502	1197372
COUNTS	cvxnonsep_psig30r	126	250	501	501
FENCETRACE	n=1590	nnz=4100	f0=16168	tasks=22	fill_fire=false	cost_fire=false
FENCETRACE	n=1590	nnz=4100	f0=15721	tasks=1	fill_fire=false	cost_fire=false
FENCETRACE	n=1590	nnz=4100	f0=15721	tasks=5	fill_fire=false	cost_fire=false
FENCETRACE	n=1590	nnz=4100	f0=15721	tasks=527	fill_fire=false	cost_fire=false
RATIOGATE	1.0	false	85
LADGATE	1590	10000	0.451	0
COUNTS	rsyn0830hfsg	1590	4100	16168	15383
FENCETRACE	n=1271	nnz=4642	f0=125127	tasks=22	fill_fire=false	cost_fire=false
FENCETRACE	n=1271	nnz=4642	f0=97913	tasks=1	fill_fire=false	cost_fire=false
FENCETRACE	n=1271	nnz=4642	f0=97913	tasks=5	fill_fire=false	cost_fire=false
FENCETRACE	n=1271	nnz=4642	f0=97913	tasks=527	fill_fire=false	cost_fire=false
FENCETRACE	n=1271	nnz=4642	f0=97913	tasks=32	fill_fire=false	cost_fire=false
RATIOGATE	1.0	false	85
LADGATE	1271	10000	0.496	0
COUNTS	crudeoil_pooling_ct1	1271	4642	125127	93863
FENCETRACE	n=800	nnz=3894	f0=150039	tasks=50	fill_fire=false	cost_fire=false
FENCETRACE	n=800	nnz=3894	f0=146974	tasks=1	fill_fire=false	cost_fire=false
FENCETRACE	n=800	nnz=3894	f0=146974	tasks=5	fill_fire=false	cost_fire=false
FENCETRACE	n=800	nnz=3894	f0=146974	tasks=527	fill_fire=false	cost_fire=false
FENCETRACE	n=800	nnz=3894	f0=146974	tasks=16	fill_fire=false	cost_fire=false
RATIOGATE	1.0	false	85
LADGATE	800	10000	0.537	0
COUNTS	multiplants_stg1c	800	3894	150039	143020
FENCETRACE	n=11	nnz=32	f0=123	tasks=45	fill_fire=false	cost_fire=false
FENCETRACE	n=11	nnz=32	f0=94	tasks=1	fill_fire=false	cost_fire=false
FENCETRACE	n=11	nnz=32	f0=94	tasks=5	fill_fire=false	cost_fire=false
FENCETRACE	n=11	nnz=32	f0=94	tasks=527	fill_fire=false	cost_fire=false
FENCETRACE	n=11	nnz=32	f0=94	tasks=32	fill_fire=false	cost_fire=false
RATIOGATE	1.0	false	85
LADGATE	11	10000	0.121	0
COUNTS	st_pan1	11	32	123	94
FENCETRACE	n=814	nnz=3992	f0=308612	tasks=50	fill_fire=false	cost_fire=false
FENCETRACE	n=814	nnz=3992	f0=193612	tasks=1	fill_fire=false	cost_fire=false
FENCETRACE	n=814	nnz=3992	f0=193612	tasks=5	fill_fire=false	cost_fire=false
FENCETRACE	n=814	nnz=3992	f0=193612	tasks=527	fill_fire=false	cost_fire=false
FENCETRACE	n=814	nnz=3992	f0=192900	tasks=32	fill_fire=false	cost_fire=false
RATIOGATE	1.0	false	85
LADGATE	814	10000	0.553	0
COUNTS	multiplants_stg1b	814	3992	308612	187593
FENCETRACE	n=11999	nnz=76128	f0=1290836	tasks=9	fill_fire=false	cost_fire=false
FENCETRACE	n=11999	nnz=76128	f0=952065	tasks=1	fill_fire=false	cost_fire=false
FENCETRACE	n=11999	nnz=76128	f0=952065	tasks=1	fill_fire=false	cost_fire=false
FENCETRACE	n=11999	nnz=76128	f0=952065	tasks=75	fill_fire=false	cost_fire=false
RATIOGATE	1.0	false	85
LADGATE	11999	10000	0.673	0
COUNTS	methanol200	11999	76128	1290836	905976
FENCETRACE	n=26778	nnz=132380	f0=33630126	tasks=6	fill_fire=false	cost_fire=false
FENCETRACE	n=26778	nnz=132380	f0=33630126	tasks=1	fill_fire=false	cost_fire=false
FENCETRACE	n=26778	nnz=132380	f0=33630126	tasks=11	fill_fire=false	cost_fire=false
RATIOGATE	1.0	false	85
LADGATE	26778	10000	0.629	0
COUNTS	faclay35	26778	132380	33630126	32021838
FENCETRACE	n=13175	nnz=32300	f0=155400	tasks=7	fill_fire=false	cost_fire=false
FENCETRACE	n=13175	nnz=32300	f0=155400	tasks=1	fill_fire=false	cost_fire=false
FENCETRACE	n=13175	nnz=32300	f0=155400	tasks=130	fill_fire=false	cost_fire=false
RATIOGATE	1.0	false	85
LADGATE	13175	10000	0.317	0
COUNTS	emfl050_5_5	13175	32300	155400	155400
FENCETRACE	n=59853	nnz=277562	f0=3946309	tasks=4	fill_fire=false	cost_fire=false
FENCETRACE	n=59853	nnz=277562	f0=3946309	tasks=1	fill_fire=false	cost_fire=false
FENCETRACE	n=59853	nnz=277562	f0=3946309	tasks=14	fill_fire=false	cost_fire=false
COUNTS	transswitch2383wpr	59853	277562	3946309	3861509
FENCETRACE	n=1120	nnz=6400	f0=668019	tasks=22	fill_fire=false	cost_fire=false
FENCETRACE	n=1120	nnz=6400	f0=668019	tasks=1	fill_fire=false	cost_fire=false
FENCETRACE	n=1120	nnz=6400	f0=668019	tasks=5	fill_fire=false	cost_fire=false
FENCETRACE	n=1120	nnz=6400	f0=668019	tasks=527	fill_fire=false	cost_fire=false
FENCETRACE	n=1120	nnz=6400	f0=546478	tasks=16	fill_fire=false	cost_fire=false
RATIOGATE	0.7	true	85
LADGATE	1120	10000	0.515	1
COUNTS	chimera_lga-01	1120	6400	668019	497542
FENCETRACE	n=4596	nnz=15316	f0=213850	tasks=15	fill_fire=false	cost_fire=false
FENCETRACE	n=4596	nnz=15316	f0=213586	tasks=1	fill_fire=false	cost_fire=false
FENCETRACE	n=4596	nnz=15316	f0=213586	tasks=2	fill_fire=false	cost_fire=false
FENCETRACE	n=4596	nnz=15316	f0=213586	tasks=425	fill_fire=false	cost_fire=false
RATIOGATE	0.9	false	85
LADGATE	4596	10000	0.630	0
COUNTS	gasprod_sarawak16	4596	15316	213850	196064
FENCETRACE	n=15904	nnz=101792	f0=208785578	tasks=7	fill_fire=false	cost_fire=false
FENCETRACE	n=15904	nnz=101792	f0=208785578	tasks=1	fill_fire=false	cost_fire=false
FENCETRACE	n=15904	nnz=101792	f0=208785578	tasks=77	fill_fire=false	cost_fire=false
RATIOGATE	0.6	true	85
LADGATE	15904	10000	0.999	0
COUNTS	crudeoil_lee4_09	15904	101792	208785578	130655525
FENCETRACE	n=44909	nnz=160172	f0=390472987	tasks=4	fill_fire=false	cost_fire=false
FENCETRACE	n=44909	nnz=160172	f0=245532086	tasks=1	fill_fire=false	cost_fire=false
FENCETRACE	n=44909	nnz=160172	f0=245532086	tasks=12	fill_fire=false	cost_fire=false
RATIOGATE	0.6	true	85
LADGATE	44909	10000	1.025	0
COUNTS	arki0013	44909	160172	390472987	157005417
FENCETRACE	n=42	nnz=432	f0=3097	tasks=47	fill_fire=false	cost_fire=false
FENCETRACE	n=42	nnz=432	f0=3097	tasks=1	fill_fire=false	cost_fire=false
FENCETRACE	n=42	nnz=432	f0=3097	tasks=5	fill_fire=false	cost_fire=false
FENCETRACE	n=42	nnz=432	f0=3097	tasks=527	fill_fire=false	cost_fire=false
RATIOGATE	1.0	false	85
LADGATE	42	10000	0.160	0
COUNTS	st_m1	42	432	3097	3097
FENCETRACE	n=5310	nnz=17098	f0=730624	tasks=7	fill_fire=false	cost_fire=false
FENCETRACE	n=5310	nnz=17098	f0=730624	tasks=1	fill_fire=false	cost_fire=false
FENCETRACE	n=5310	nnz=17098	f0=730624	tasks=2	fill_fire=false	cost_fire=false
FENCETRACE	n=5310	nnz=17098	f0=730624	tasks=382	fill_fire=false	cost_fire=false
RATIOGATE	0.9	false	85
LADGATE	5310	10000	0.633	0
COUNTS	mpbp_47	5310	17098	730624	652248
FENCETRACE	n=821	nnz=2242	f0=8260	tasks=45	fill_fire=false	cost_fire=false
FENCETRACE	n=821	nnz=2242	f0=7805	tasks=1	fill_fire=false	cost_fire=false
FENCETRACE	n=821	nnz=2242	f0=7805	tasks=5	fill_fire=false	cost_fire=false
FENCETRACE	n=821	nnz=2242	f0=7805	tasks=527	fill_fire=false	cost_fire=false
FENCETRACE	n=821	nnz=2242	f0=7805	tasks=16	fill_fire=false	cost_fire=false
RATIOGATE	1.0	false	85
LADGATE	821	10000	0.460	0
COUNTS	rsyn0815m	821	2242	8260	7745
FENCETRACE	n=7993	nnz=37208	f0=878890	tasks=12	fill_fire=false	cost_fire=false
FENCETRACE	n=7993	nnz=37208	f0=846934	tasks=1	fill_fire=false	cost_fire=false
FENCETRACE	n=7993	nnz=37208	f0=846934	tasks=1	fill_fire=false	cost_fire=false
FENCETRACE	n=7993	nnz=37208	f0=846934	tasks=193	fill_fire=false	cost_fire=false
RATIOGATE	1.0	false	85
LADGATE	7993	10000	0.846	0
COUNTS	arki0016	7993	37208	878890	836006
FENCETRACE	n=18	nnz=48	f0=121	tasks=45	fill_fire=false	cost_fire=false
FENCETRACE	n=18	nnz=48	f0=121	tasks=1	fill_fire=false	cost_fire=false
FENCETRACE	n=18	nnz=48	f0=121	tasks=5	fill_fire=false	cost_fire=false
FENCETRACE	n=18	nnz=48	f0=121	tasks=527	fill_fire=false	cost_fire=false
RATIOGATE	1.0	false	85
LADGATE	18	10000	0.144	0
COUNTS	st_glmp_ss2	18	48	121	121
FENCETRACE	n=2670	nnz=6964	f0=36862	tasks=24	fill_fire=false	cost_fire=false
FENCETRACE	n=2670	nnz=6964	f0=35348	tasks=1	fill_fire=false	cost_fire=false
FENCETRACE	n=2670	nnz=6964	f0=35348	tasks=5	fill_fire=false	cost_fire=false
FENCETRACE	n=2670	nnz=6964	f0=35348	tasks=527	fill_fire=false	cost_fire=false
RATIOGATE	1.0	false	85
LADGATE	2670	10000	0.633	0
COUNTS	rsyn0810m02hfsg	2670	6964	36862	34753
FENCETRACE	n=55	nnz=276	f0=1497	tasks=45	fill_fire=false	cost_fire=false
FENCETRACE	n=55	nnz=276	f0=1497	tasks=1	fill_fire=false	cost_fire=false
FENCETRACE	n=55	nnz=276	f0=1497	tasks=5	fill_fire=false	cost_fire=false
FENCETRACE	n=55	nnz=276	f0=1497	tasks=527	fill_fire=false	cost_fire=false
RATIOGATE	1.0	false	85
LADGATE	55	10000	0.156	0
COUNTS	pointpack06	55	276	1497	1497
FENCETRACE	n=6328	nnz=16896	f0=76232	tasks=7	fill_fire=false	cost_fire=false
FENCETRACE	n=6328	nnz=16896	f0=74769	tasks=1	fill_fire=false	cost_fire=false
FENCETRACE	n=6328	nnz=16896	f0=74769	tasks=1	fill_fire=false	cost_fire=false
FENCETRACE	n=6328	nnz=16896	f0=74769	tasks=382	fill_fire=false	cost_fire=false
RATIOGATE	1.0	false	85
LADGATE	6328	10000	0.336	0
COUNTS	syn40m04hfsg	6328	16896	76232	73873
FENCETRACE	n=258	nnz=840	f0=2742	tasks=46	fill_fire=false	cost_fire=false
FENCETRACE	n=258	nnz=840	f0=2742	tasks=1	fill_fire=false	cost_fire=false
FENCETRACE	n=258	nnz=840	f0=2742	tasks=5	fill_fire=false	cost_fire=false
FENCETRACE	n=258	nnz=840	f0=2742	tasks=527	fill_fire=false	cost_fire=false
RATIOGATE	1.0	false	85
LADGATE	258	10000	0.236	0
COUNTS	clay0304m	258	840	2742	2742
FENCETRACE	n=1218	nnz=8300	f0=159641	tasks=25	fill_fire=false	cost_fire=false
FENCETRACE	n=1218	nnz=8300	f0=159641	tasks=1	fill_fire=false	cost_fire=false
FENCETRACE	n=1218	nnz=8300	f0=159641	tasks=2	fill_fire=false	cost_fire=false
FENCETRACE	n=1218	nnz=8300	f0=159641	tasks=515	fill_fire=false	cost_fire=false
RATIOGATE	1.0	false	85
LADGATE	1218	10000	0.365	0
COUNTS	pooling_foulds5pq	1218	8300	159641	159641
FENCETRACE	n=1000	nnz=2910	f0=12260	tasks=40	fill_fire=false	cost_fire=false
FENCETRACE	n=1000	nnz=2910	f0=11510	tasks=1	fill_fire=false	cost_fire=false
FENCETRACE	n=1000	nnz=2910	f0=11510	tasks=5	fill_fire=false	cost_fire=false
FENCETRACE	n=1000	nnz=2910	f0=11510	tasks=527	fill_fire=false	cost_fire=false
FENCETRACE	n=1000	nnz=2910	f0=11380	tasks=16	fill_fire=false	cost_fire=false
RATIOGATE	1.0	false	85
LADGATE	1000	10000	0.432	0
COUNTS	clay0305hfsg	1000	2910	12260	11240
FENCETRACE	n=64	nnz=232	f0=2343	tasks=45	fill_fire=false	cost_fire=false
FENCETRACE	n=64	nnz=232	f0=1964	tasks=1	fill_fire=false	cost_fire=false
FENCETRACE	n=64	nnz=232	f0=1964	tasks=5	fill_fire=false	cost_fire=false
FENCETRACE	n=64	nnz=232	f0=1964	tasks=527	fill_fire=false	cost_fire=false
FENCETRACE	n=64	nnz=232	f0=1964	tasks=16	fill_fire=false	cost_fire=false
RATIOGATE	1.0	false	85
LADGATE	64	10000	0.206	0
COUNTS	st_test8	64	232	2343	1964
FENCETRACE	n=17364	nnz=252910	f0=6179750712	tasks=12	fill_fire=false	cost_fire=false
FENCETRACE	n=17364	nnz=252910	f0=5685636433	tasks=1	fill_fire=false	cost_fire=false
FENCETRACE	n=17364	nnz=252910	f0=4909743311	tasks=3	fill_fire=false	cost_fire=false
COUNTS	gams05	17364	252910	6179750712	3259322396
FENCETRACE	n=31	nnz=156	f0=862	tasks=47	fill_fire=false	cost_fire=false
FENCETRACE	n=31	nnz=156	f0=862	tasks=1	fill_fire=false	cost_fire=false
FENCETRACE	n=31	nnz=156	f0=862	tasks=5	fill_fire=false	cost_fire=false
FENCETRACE	n=31	nnz=156	f0=862	tasks=527	fill_fire=false	cost_fire=false
RATIOGATE	1.0	false	85
LADGATE	31	10000	0.181	0
COUNTS	sporttournament08	31	156	862	862
FENCETRACE	n=1121	nnz=4194	f0=24944	tasks=25	fill_fire=false	cost_fire=false
FENCETRACE	n=1121	nnz=4194	f0=23714	tasks=1	fill_fire=false	cost_fire=false
FENCETRACE	n=1121	nnz=4194	f0=23714	tasks=5	fill_fire=false	cost_fire=false
FENCETRACE	n=1121	nnz=4194	f0=23714	tasks=527	fill_fire=false	cost_fire=false
RATIOGATE	1.0	false	85
LADGATE	1121	10000	0.355	0
COUNTS	powerflow0030p	1121	4194	24944	23642
FENCETRACE	n=22407	nnz=105584	f0=2567878	tasks=9	fill_fire=false	cost_fire=false
FENCETRACE	n=22407	nnz=105584	f0=2567878	tasks=1	fill_fire=false	cost_fire=false
FENCETRACE	n=22407	nnz=105584	f0=2567878	tasks=65	fill_fire=false	cost_fire=false
RATIOGATE	0.9	false	85
LADGATE	22407	10000	0.870	0
COUNTS	popdynm200	22407	105584	2567878	2436690
FENCETRACE	n=11120	nnz=40790	f0=3037207	tasks=7	fill_fire=false	cost_fire=false
FENCETRACE	n=11120	nnz=40790	f0=2641057	tasks=1	fill_fire=false	cost_fire=false
FENCETRACE	n=11120	nnz=40790	f0=1785672	tasks=2	fill_fire=false	cost_fire=false
FENCETRACE	n=11120	nnz=40790	f0=1785672	tasks=114	fill_fire=false	cost_fire=false
RATIOGATE	0.4	true	85
LADGATE	11120	10000	0.841	0
COUNTS	mpbp_35	11120	40790	3037207	977650
FENCETRACE	n=1492	nnz=3936	f0=13752	tasks=22	fill_fire=false	cost_fire=false
FENCETRACE	n=1492	nnz=3936	f0=13521	tasks=1	fill_fire=false	cost_fire=false
FENCETRACE	n=1492	nnz=3936	f0=13521	tasks=5	fill_fire=false	cost_fire=false
FENCETRACE	n=1492	nnz=3936	f0=13521	tasks=527	fill_fire=false	cost_fire=false
RATIOGATE	1.0	false	85
LADGATE	1492	10000	0.434	0
COUNTS	syn30m02m	1492	3936	13752	13455
FENCETRACE	n=481	nnz=3252	f0=60135	tasks=46	fill_fire=false	cost_fire=false
FENCETRACE	n=481	nnz=3252	f0=60068	tasks=1	fill_fire=false	cost_fire=false
FENCETRACE	n=481	nnz=3252	f0=60068	tasks=5	fill_fire=false	cost_fire=false
FENCETRACE	n=481	nnz=3252	f0=60068	tasks=527	fill_fire=false	cost_fire=false
FENCETRACE	n=481	nnz=3252	f0=60068	tasks=16	fill_fire=false	cost_fire=false
RATIOGATE	1.0	false	85
LADGATE	481	10000	0.344	0
COUNTS	wastewater13m1	481	3252	60135	60068
FENCETRACE	n=1022	nnz=2624	f0=8432	tasks=22	fill_fire=false	cost_fire=false
FENCETRACE	n=1022	nnz=2624	f0=8287	tasks=1	fill_fire=false	cost_fire=false
FENCETRACE	n=1022	nnz=2624	f0=8287	tasks=5	fill_fire=false	cost_fire=false
FENCETRACE	n=1022	nnz=2624	f0=8287	tasks=527	fill_fire=false	cost_fire=false
RATIOGATE	1.0	false	85
LADGATE	1022	10000	0.320	0
COUNTS	syn40hfsg	1022	2624	8432	8155
FENCETRACE	n=69	nnz=206	f0=1097	tasks=45	fill_fire=false	cost_fire=false
FENCETRACE	n=69	nnz=206	f0=1047	tasks=1	fill_fire=false	cost_fire=false
FENCETRACE	n=69	nnz=206	f0=1047	tasks=5	fill_fire=false	cost_fire=false
FENCETRACE	n=69	nnz=206	f0=1047	tasks=527	fill_fire=false	cost_fire=false
FENCETRACE	n=69	nnz=206	f0=1047	tasks=16	fill_fire=false	cost_fire=false
RATIOGATE	1.0	false	85
LADGATE	69	10000	0.208	0
COUNTS	sep1	69	206	1097	1047
FENCETRACE	n=2508	nnz=6804	f0=26806	tasks=24	fill_fire=false	cost_fire=false
FENCETRACE	n=2508	nnz=6804	f0=26806	tasks=1	fill_fire=false	cost_fire=false
FENCETRACE	n=2508	nnz=6804	f0=26806	tasks=5	fill_fire=false	cost_fire=false
FENCETRACE	n=2508	nnz=6804	f0=26806	tasks=527	fill_fire=false	cost_fire=false
RATIOGATE	1.0	false	85
LADGATE	2508	10000	0.471	0
COUNTS	syn30m03m	2508	6804	26806	26552
COUNTS	st_qpc-m3a	30	304	2330	1574
FENCETRACE	n=2644	nnz=11426	f0=1381490	tasks=25	fill_fire=false	cost_fire=false
FENCETRACE	n=2644	nnz=11426	f0=1164811	tasks=1	fill_fire=false	cost_fire=false
FENCETRACE	n=2644	nnz=11426	f0=1164811	tasks=2	fill_fire=false	cost_fire=false
FENCETRACE	n=2644	nnz=11426	f0=1164811	tasks=515	fill_fire=false	cost_fire=false
FENCETRACE	n=2644	nnz=11426	f0=972973	tasks=32	fill_fire=false	cost_fire=false
RATIOGATE	0.7	true	85
LADGATE	2644	10000	0.735	1
COUNTS	crudeoil_pooling_ct3	2644	11426	1381490	867709
FENCETRACE	n=634	nnz=3246	f0=29078	tasks=46	fill_fire=false	cost_fire=false
FENCETRACE	n=634	nnz=3246	f0=28824	tasks=1	fill_fire=false	cost_fire=false
FENCETRACE	n=634	nnz=3246	f0=28824	tasks=5	fill_fire=false	cost_fire=false
FENCETRACE	n=634	nnz=3246	f0=28824	tasks=527	fill_fire=false	cost_fire=false
FENCETRACE	n=634	nnz=3246	f0=28631	tasks=16	fill_fire=false	cost_fire=false
RATIOGATE	1.0	false	85
LADGATE	634	10000	0.393	0
COUNTS	space25a	634	3246	29078	27875
COUNTS	autocorr_bern20-15	23	394	2784	2784
FENCETRACE	n=35	nnz=134	f0=352	tasks=45	fill_fire=false	cost_fire=false
FENCETRACE	n=35	nnz=134	f0=341	tasks=1	fill_fire=false	cost_fire=false
FENCETRACE	n=35	nnz=134	f0=341	tasks=5	fill_fire=false	cost_fire=false
FENCETRACE	n=35	nnz=134	f0=341	tasks=527	fill_fire=false	cost_fire=false
FENCETRACE	n=35	nnz=134	f0=341	tasks=16	fill_fire=false	cost_fire=false
RATIOGATE	1.0	false	85
LADGATE	35	10000	0.182	0
COUNTS	ex7_2_1	35	134	352	341
FENCETRACE	n=2092	nnz=6236	f0=69051	tasks=24	fill_fire=false	cost_fire=false
FENCETRACE	n=2092	nnz=6236	f0=62503	tasks=1	fill_fire=false	cost_fire=false
FENCETRACE	n=2092	nnz=6236	f0=62503	tasks=5	fill_fire=false	cost_fire=false
FENCETRACE	n=2092	nnz=6236	f0=62503	tasks=527	fill_fire=false	cost_fire=false
RATIOGATE	0.9	false	85
LADGATE	2092	10000	0.648	0
COUNTS	hydroenergy2	2092	6236	69051	56014
FENCETRACE	n=514	nnz=5340	f0=325989	tasks=30	fill_fire=false	cost_fire=false
FENCETRACE	n=514	nnz=5340	f0=301912	tasks=1	fill_fire=false	cost_fire=false
FENCETRACE	n=514	nnz=5340	f0=301912	tasks=5	fill_fire=false	cost_fire=false
FENCETRACE	n=514	nnz=5340	f0=301912	tasks=527	fill_fire=false	cost_fire=false
FENCETRACE	n=514	nnz=5340	f0=298475	tasks=16	fill_fire=false	cost_fire=false
RATIOGATE	0.9	false	85
LADGATE	514	10000	0.393	0
COUNTS	pooling_digabel19	514	5340	325989	277303
FENCETRACE	n=132	nnz=420	f0=1348	tasks=45	fill_fire=false	cost_fire=false
FENCETRACE	n=132	nnz=420	f0=1348	tasks=1	fill_fire=false	cost_fire=false
FENCETRACE	n=132	nnz=420	f0=1348	tasks=5	fill_fire=false	cost_fire=false
FENCETRACE	n=132	nnz=420	f0=1348	tasks=527	fill_fire=false	cost_fire=false
RATIOGATE	1.0	false	85
LADGATE	132	10000	0.235	0
COUNTS	clay0203m	132	420	1348	1348
FENCETRACE	n=13680	nnz=36000	f0=252605	tasks=8	fill_fire=false	cost_fire=false
FENCETRACE	n=13680	nnz=36000	f0=252605	tasks=1	fill_fire=false	cost_fire=false
FENCETRACE	n=13680	nnz=36000	f0=252605	tasks=124	fill_fire=false	cost_fire=false
RATIOGATE	1.0	false	85
LADGATE	13680	10000	0.363	0
COUNTS	squfl030-150	13680	36000	252605	252605

--- every order() call, slowest first (TSV) ---
secs	matrix	n	nnz	ratio
1.1226	acopf_case9241pegase_qcqp	313068	1292408	0.9737
1.0522	gabriel10	244056	1148210	0.9285
1.0321	crudeoil_lee4_10	17809	120632	0.6253
1.0265	arki0013	44909	160172	0.4021
0.9999	crudeoil_lee4_09	15904	101792	0.6258
0.9986	nuclear104	39098	257806	0.7593
0.9977	crudeoil_lee4_06	10429	55492	0.5043
0.9679	crudeoil_pooling_dt3	30660	152210	0.6919
0.9525	transswitch0300p	11659	48446	0.9351
0.9287	mpbp_48	28368	91016	0.4772
0.9055	gams05	17364	252910	0.5274
0.8765	pooling_sppc3pq	23173	893724	0.2822
0.8727	crudeoil_lee2_06	6418	34646	0.7159
0.8708	popdynm200	22407	105584	0.9489
0.8486	faclay75	272878	1379706	0.9405
0.8465	arki0016	7993	37208	0.9512
0.8409	mpbp_35	11120	40790	0.3219
0.8375	powerflow0300p	11251	41918	0.9616
0.8269	chp_partload	5211	16740	0.7353
0.8118	ringpack_30_2	17999	121458	0.2318
0.8067	crudeoil_lee1_07	3670	19322	0.7465
0.8005	mpbp_15	9858	31692	0.8001
0.7920	gasprod_sarawak81	22536	75636	0.9135
0.7883	gabriel09	21688	89702	0.8976
0.7868	mpbp_07	9532	30810	0.9127
0.7722	chimera_selby-c16-01	2031	10964	0.6744
0.7714	crudeoil_pooling_ct3	2644	11426	0.6281
0.7598	chp_shorttermplan2d	16364	52108	0.5147
0.7580	pinene200	19995	97990	0.8350
0.7572	procurement1large	14416	41068	0.5323
0.7523	rsyn0840m04m	8508	24272	0.8118
0.7517	rsyn0805m03m	2868	8270	0.8995
0.7474	crudeoil_pooling_dt2	18742	75910	0.6638
0.7454	chimera_selby-c16-02	2031	10878	0.5373
0.7327	nuclear10a	17493	163816	0.6766
0.7214	mpbp_34	11556	40860	0.2887
0.7046	mpbp_21	11716	37660	0.8615
0.6958	sfacloc2_3_80	4799	20600	0.9580
0.6949	pooling_sppb5pq	18529	674470	0.4077
0.6804	powerflow0118p	5065	18730	0.9666
0.6790	chimera_k64ising-02	1225	3846	0.6080
0.6749	sfacloc2_4_80	5067	21424	0.9584
0.6731	methanol200	11999	76128	0.7019
0.6698	chimera_rfr-02	2032	15140	0.6452
0.6648	rsyn0815m04m	5456	15756	0.7820
0.6481	hydroenergy2	2092	6236	0.8112
0.6402	popdynm25	2807	13904	0.7966
0.6392	chimera_mgw-c16-2031-01	2032	15900	0.7814
0.6390	crudeoil_li05	4225	14628	0.7847
0.6366	nd_netgen-3000-1-1-b-b-ns_7	33155	90000	0.9599
0.6335	rsyn0810m02hfsg	2670	6964	0.9428
0.6329	mpbp_47	5310	17098	0.8927
0.6329	transswitch2383wpr	59853	277562	0.9785
0.6303	faclay35	26778	132380	0.9522
0.6298	gasprod_sarawak16	4596	15316	0.9168
0.6269	methanol400	23999	151728	0.7208
0.6235	pooling_sppa9tp	5040	121302	0.1613
0.6169	waste	4825	21504	0.8654
0.6102	batchs201210m	5188	17910	0.8685
0.6065	rsyn0810m04m	4772	13836	0.7829
0.6054	syn40m04m	4960	13792	0.9591
0.5960	nuclear25a	1942	16030	0.5747
0.5890	chp_shorttermplan1a	4952	15700	0.8017
0.5843	edgecross24-115	16747	77352	0.8173
0.5791	multiplants_mtg1b	645	4404	0.6627
0.5778	rsyn0820m04m	6028	17372	0.7771
0.5755	rsyn0820m02m	2486	6932	0.9339
0.5701	ndcc13	969	5882	0.6183
0.5628	rsyn0815m02hfsg	3054	7968	0.9285
0.5554	multiplants_stg1	736	3594	0.7853
0.5551	chimera_lga-01	1120	6400	0.7448
0.5550	rsyn0830m04m	7252	20752	0.8100
0.5537	unitcommit_200_100_1_mod_8	146830	476332	0.9764
0.5526	multiplants_stg1b	814	3992	0.6079
0.5441	sporttournament48	1131	6676	0.6461
0.5440	oil	3270	8430	0.9572
0.5435	transswitch2736spr	69651	331010	0.9179
0.5395	multiplants_stg5	827	3804	0.4153
0.5372	multiplants_stg1c	800	3894	0.9532
0.5365	ndcc12	974	5982	0.9533
0.5245	sonet24v5	874	7260	0.5940
0.5236	netmod_kar1	1746	4928	0.7717
0.5228	multiplants_stg1a	726	3510	0.8549
0.5156	risk2bpb	1462	5396	0.5574
0.5110	chp_shorttermplan2a	8992	26288	0.7035
0.5104	batchs121208m	3404	11462	0.9332
0.5095	sonet23v4	803	6462	0.6753
0.5021	pooling_foulds5tp	1218	8364	0.6828
0.5014	pooling_sppc1pq	14100	477680	0.1683
0.4975	squfl020-150	9170	24000	1.0000
0.4963	crudeoil_pooling_ct1	1271	4642	0.7501
0.4899	qapw	705	87496	1.0000
0.4885	maxcsp-langford-3-11	660	29646	0.3098
0.4863	faclay30	16678	82242	0.9552
0.4840	torsion50	2508	29808	0.6618
0.4831	ringpack_20_3	6709	45220	0.3584
0.4809	rsyn0840m02m	3486	9576	0.9500
0.4743	emfl100_5_5	21925	52300	1.0000
0.4725	pooling_sppa0pq	1649	24192	0.3297
0.4710	syn30m03m	2508	6804	0.9905
0.4694	kan_r3_h1_n4	3183	14062	0.9408
0.4669	cont6-qq	120395	557994	0.6962
0.4659	nd_netgen-2000-3-4-b-a-ns_7	22074	60000	0.9446
0.4634	arki0002	4432	11248	0.9764
0.4624	squfl015-060	2775	7200	1.0000
0.4602	mpbp_46	4518	14492	0.8970
0.4597	rsyn0815m	821	2242	0.9377
0.4506	rsyn0830hfsg	1590	4100	0.9514
0.4481	kall_circlespolygons_c1p5b	1681	7432	0.9608
0.4367	ndcc12persp	1112	5522	0.9521
0.4341	syn30m02m	1492	3936	0.9784
0.4341	slay09h	2718	7488	0.8982
0.4335	pooling_foulds4pq	1294	8302	0.9989
0.4323	clay0305hfsg	1000	2910	0.9168
0.4313	chimera_mgw-c8-439-onc8-001	440	3040	0.7522
0.4279	supplychainr1_053050	16640	57800	1.0000
0.4273	kall_circlesrectangles_c6r39	1306	5378	0.9850
0.4256	squfl010-040persp	2450	7200	1.0000
0.4249	chimera_mgw-c8-439-onc8-002	440	3038	0.8835
0.4237	ringpack_20_2	6089	40368	0.3779
0.4214	sonet21v6	8232	40744	0.9650
0.4189	p_ball_30b_7p_2d_h	2207	7516	0.9968
0.4156	kissing2	20772	401024	1.0000
0.4133	gancns	548	2800	0.8502
0.4097	forest	713	2658	0.9933
0.4094	rocket50	555	3488	0.9641
0.4062	glider400	10017	49624	0.8781
0.3933	space25a	634	3246	0.9586
0.3926	pooling_digabel19	514	5340	0.8507
0.3899	edgecross10-030	1053	4654	0.7406
0.3884	pooling_sppa9pq	5030	120730	0.6312
0.3814	supplychainr1_022020	4620	15680	0.9999
0.3770	waternd2	615	2580	0.4806
0.3743	syn15m04m	1908	5288	0.9652
0.3738	tls6	413	2860	0.9474
0.3682	p_ball_30b_5p_2d_h	1543	5224	0.9961
0.3647	pooling_foulds5pq	1218	8300	1.0000
0.3646	slay05h	760	2080	0.8961
0.3631	squfl030-150	13680	36000	1.0000
0.3548	rsyn0840m	1159	3168	0.9404
0.3546	powerflow0030p	1121	4194	0.9478
0.3473	wastewater05m1	98	536	0.6874
0.3444	edgecross14-156	3097	19664	0.9254
0.3435	wastewater13m1	481	3252	0.9989
0.3420	blend146	1422	4460	0.8232
0.3402	squfl025-030	2305	6000	1.0000
0.3398	sonetgr17	440	2958	0.8190
0.3366	syn40m04hfsg	6328	16896	0.9691
0.3352	squfl010-080	2490	6400	1.0000
0.3339	maxcsp-ehi-85-297-71	2372	207996	0.8040
0.3321	clay0204hfsg	590	1696	0.9116
0.3307	sfacloc2_4_90	1491	4500	0.9104
0.3280	blend718	1386	4310	0.8737
0.3240	blend721	1428	4548	0.8528
0.3222	edgecross10-040	1053	5116	0.8868
0.3220	syn40m	560	1528	0.9644
0.3208	waterund14	333	2204	0.3600
0.3199	syn40hfsg	1022	2624	0.9671
0.3196	p_ball_10b_7p_3d_h	1236	4186	0.9739
0.3177	emfl050_5_5	13175	32300	1.0000
0.3156	korcns	156	712	0.9113
0.3135	edgecross10-090	1053	5204	0.8181
0.3134	genpooling_lee2	221	1048	0.7051
0.3110	sporttournament18	156	886	0.7754
0.3102	syn10m03hfsg	1071	2772	0.9921
0.3101	primary	378	5610	0.8688
0.3075	pooling_adhya4pq	170	932	0.6809
0.3073	p_ball_10b_5p_4d_m	403	1484	0.9784
0.3040	wastepaper4	115	724	0.7397
0.3033	slay08m	660	2016	1.0000
0.3024	ex8_3_9	123	834	0.7643
0.3012	edgecross10-080	1053	5940	0.9638
0.2990	syn10m04m	1224	3384	0.9979
0.2988	powerflow0014r	403	1630	0.9628
0.2976	space25	1178	4334	0.9559
0.2975	o9_ar4_1	1049	4336	0.9177
0.2919	st_e31	301	744	0.9389
0.2894	knp5-43	2065	31132	1.0000
0.2873	fo9_ar25_1	1049	4336	0.9177
0.2846	qspp_0_14_0_1_10_1	560	120274	0.9950
0.2809	ex1265a	123	560	0.9498
0.2780	slay07m	497	1512	1.0000
0.2780	syn15hfsg	399	1022	0.9915
0.2766	wastepaper6	191	1416	1.0000
0.2754	p_ball_10b_5p_2d_m	293	964	0.9848
0.2741	demo7	155	618	0.9573
0.2737	waterund01	96	404	0.7297
0.2726	hydroenergy1	1046	3024	1.0000
0.2722	waterund11	160	828	0.7224
0.2718	catmix400	2001	11192	0.9998
0.2709	lop97icx	1073	2118	0.8078
0.2698	sssd25-08	401	1200	1.0000
0.2681	squfl015-080persp	7295	21600	1.0000
0.2635	sssd18-08persp	338	1168	1.0000
0.2633	sssd20-08persp	356	1232	1.0000
0.2626	pooling_rt2tp	118	654	0.9864
0.2615	graphpart_clique-30	120	2790	0.7961
0.2609	st_rv9	90	840	0.9447
0.2605	knp5-44	2157	32604	1.0000
0.2591	squfl025-025persp	3800	11250	1.0000
0.2568	chain200	601	2396	1.0000
0.2462	graphpart_clique-20	80	1260	0.7985
0.2420	graphpart_clique-70	280	14910	0.8103
0.2413	graphpart_3g-0244-0244	128	672	0.9727
0.2393	clay0204m	222	704	1.0000
0.2371	catmix200	1001	5592	0.9995
0.2366	waterund08	230	1290	0.8534
0.2366	orth_d4m6_pl	172	1096	0.9785
0.2358	clay0304m	258	840	1.0000
0.2358	emfl100_3_3	6885	15948	1.0000
0.2346	clay0203m	132	420	1.0000
0.2340	slay06m	357	1080	1.0000
0.2325	slay04m	146	432	1.0000
0.2303	pooling_adhya4tp	170	936	0.7667
0.2270	slay05m	240	720	1.0000
0.2251	st_m2	72	1226	1.0000
0.2239	qspp_0_13_0_1_10_1	481	88522	0.9948
0.2194	chain400	1201	4796	1.0000
0.2194	prolog	64	292	0.9839
0.2179	tspn08	72	668	0.6863
0.2125	graphpart_3g-0333-0333	108	648	0.8064
0.2080	sep1	69	206	0.9544
0.2060	st_test8	64	232	0.8382
0.2053	elf	124	376	0.7951
0.2022	ex1263a	94	390	1.0000
0.2018	qspp_0_11_0_1_10_1	341	44264	0.9926
0.2001	csched1	110	376	1.0000
0.1992	sssd15-04	163	440	1.0000
0.1987	maxmin	181	1440	1.0000
0.1950	wastewater02m1	36	138	0.9316
0.1929	qspp_0_10_0_1_10_1	280	29636	0.9946
0.1925	hybriddynamic_fixed	168	388	1.0000
0.1871	meanvar-orl400_05_e_8	4405	171604	1.0000
0.1871	st_rv2	40	340	1.0000
0.1859	meanvar-orl400_05_e_7	5205	174804	0.9998
0.1845	ex1223	33	82	1.0000
0.1825	tln2	32	88	1.0000
0.1818	ex7_2_1	35	134	0.9688
0.1806	sporttournament08	31	156	1.0000
0.1797	ex8_4_1	32	100	1.0000
0.1797	ex2_1_3	31	72	1.0000
0.1771	ex9_2_6	28	68	1.0000
0.1753	pooling_haverly1tp	31	96	0.9527
0.1741	st_bpaf1a	30	120	0.9310
0.1725	pooling_haverly1pq	31	96	0.9782
0.1722	ex1225	26	66	0.9415
0.1714	st_jcbpaf2	36	246	0.9437
0.1701	ex1223b	25	66	1.0000
0.1613	st_e07	19	60	1.0000
0.1600	ex9_1_2	19	54	0.9521
0.1599	kall_diffcircles_6	76	302	1.0000
0.1598	st_m1	42	432	1.0000
0.1591	ex5_2_4	18	62	0.9461
0.1590	pointpack04	29	120	1.0000
0.1560	nvs05	22	84	0.9603
0.1559	pointpack06	55	276	1.0000
0.1518	prob02	22	76	0.8689
0.1493	watercontamination0303r	1310	37028	1.0000
0.1466	qap	255	43748	0.9605
0.1455	st_glmp_ss1	24	66	1.0000
0.1451	st_ph1	16	58	0.8504
0.1447	ex3_1_3	18	36	0.9222
0.1442	st_glmp_ss2	18	48	1.0000
0.1419	st_ph13	23	68	0.8599
0.1409	oaer	20	40	1.0000
0.1396	st_bpk1	16	44	0.9391
0.1386	st_qpk3	55	548	0.6881
0.1256	ex6_1_4	10	48	0.7766
0.1223	st_bsj2	13	40	0.7972
0.1207	st_pan1	11	32	0.7642
0.1188	ex9_2_4	15	36	1.0000
0.1185	ex8_1_7	14	46	0.9343
0.1152	himmel11	14	60	1.0000
0.1145	ex14_1_8	11	30	1.0000
0.1141	nvs02	11	46	1.0000
0.1091	st_ht	8	18	0.8627
0.1049	st_e22	12	30	0.9091
0.0003	polygon75	5846	49652	1.0000
0.0001	pedigree_sim400	351	23546	0.9997
0.0001	camshape400	2000	7188	1.0000
0.0000	autocorr_bern40-30	43	1534	1.0000
0.0000	autocorr_bern35-35fix	38	1264	1.0000
0.0000	smallinvDAXr1b010-011	39	1120	0.9859
0.0000	autocorr_bern30-23	33	878	1.0000
0.0000	autocorr_bern25-19	28	612	1.0000
0.0000	cvxnonsep_psig30	30	870	1.0000
0.0000	autocorr_bern20-15	23	394	1.0000
0.0000	st_qpc-m3a	30	304	0.6755
0.0000	cvxnonsep_psig20	20	380	1.0000
0.0000	nvs19	24	200	0.6534
0.0000	cvxnonsep_normcon40r	162	322	1.0000
0.0000	nvs23	27	252	0.6356
0.0000	st_iqpbk1	22	98	1.0000
0.0000	st_e25	20	92	0.7798
0.0000	cvxnonsep_normcon20r	82	162	1.0000
0.0000	cvxnonsep_psig30r	126	250	1.0000
0.0000	st_e24	10	26	0.8906
0.0000	st_e41	8	32	1.0000
0.0000	st_miqp2	10	18	1.0000
0.0000	cvxnonsep_psig20r	86	170	1.0000
matrices under 0.010s: 23/300
matrices under 0.050s: 23/300
matrices under 0.100s: 23/300
matrices under 0.200s: 73/300
matrices under 0.400s: 173/300

--- per-bucket ---
lt_1k    count=147   geomean=0.8875
1k_10k   count=108   geomean=0.8392
gt_10k   count=45    geomean=0.6857
SCORE = 0.792263
WORST order() = 1.123 s
FORCEAUDIT	stage1b_sites=39	force_fires=10	unsound=0	core_total_mismatch=0	max_drift_ppm=0	worst_incumbent=0	worst_adopted=0	tie_window_opened=0	tie_pass_run=0
test ordering::probe::probe_timing_and_score ... ok

test result: ok. 1 passed; 0 failed; 0 ignored; 0 measured; 164 filtered out; finished in 118.30s

