INDEP_CANDIDATE	slay06m	0	210	147	660	0	4025	4025	4025	0.000061
INDEP_CANDIDATE	slay06m	0	210	147	660	1	4025	4025	4025	0.000044
INDEP_CANDIDATE	slay06m	0	210	147	660	2	4025	4460	4460	0.000043
INDEP_ROW	slay06m	357	1080	4025	4025	4025	4025	4025	4025	4025	4025	4025	4025	4025
INDEP_CANDIDATE	sssd25-08	0	48	353	1200	0	5965	7715	7715	0.000367
INDEP_CANDIDATE	sssd25-08	0	48	353	1200	1	5965	5965	5965	0.000093
INDEP_CANDIDATE	sssd25-08	0	48	353	1200	2	5965	6802	6802	0.000088
INDEP_CANDIDATE	sssd25-08	1	56	345	1232	0	6373	9350	9350	0.000341
INDEP_CANDIDATE	sssd25-08	1	56	345	1232	1	6373	6301	6301	0.000085
INDEP_CANDIDATE	sssd25-08	1	56	345	1232	2	6373	7026	7026	0.000079
INDEP_CANDIDATE	sssd25-08	2	312	89	640	0	6441	6441	6441	0.000036
INDEP_CANDIDATE	sssd25-08	2	312	89	640	1	6441	6007	6007	0.000028
INDEP_CANDIDATE	sssd25-08	2	312	89	640	2	6441	11831	11831	0.000028
INDEP_ROW	sssd25-08	401	1200	5389	5389	5389	5389	5389	5389	5389	5389	5389	5389	5389
INDEP_CANDIDATE	rsyn0810m04m	0	2160	2612	9652	0	144047	248568	248568	0.005764
INDEP_CANDIDATE	rsyn0810m04m	0	2160	2612	9652	1	144047	138062	138062	0.000837
INDEP_CANDIDATE	rsyn0810m04m	0	2160	2612	9652	2	144047	1277853	1277853	0.001342
INDEP_CANDIDATE	rsyn0810m04m	1	2252	2520	9996	0	158333	220954	220954	0.005241
INDEP_CANDIDATE	rsyn0810m04m	1	2252	2520	9996	1	158333	137987	137987	0.000810
INDEP_CANDIDATE	rsyn0810m04m	1	2252	2520	9996	2	158333	878104	878104	0.001094
INDEP_CANDIDATE	rsyn0810m04m	2	1390	3382	13136	0	163023	247014	247014	0.006932
INDEP_CANDIDATE	rsyn0810m04m	2	1390	3382	13136	1	163023	163023	163023	0.000925
INDEP_CANDIDATE	rsyn0810m04m	2	1390	3382	13136	2	163023	1354468	1354468	0.001270
INDEP_CANDIDATE	rsyn0810m04m	3	1914	2858	13500	0	175594	248607	248607	0.007236
INDEP_CANDIDATE	rsyn0810m04m	3	1914	2858	13500	1	175594	168764	168764	0.000915
INDEP_CANDIDATE	rsyn0810m04m	3	1914	2858	13500	2	175594	1170793	1170793	0.001193
INDEP_CANDIDATE	rsyn0810m04m	4	1948	2824	13704	0	179695	236376	236376	0.006362
INDEP_CANDIDATE	rsyn0810m04m	4	1948	2824	13704	1	179695	170404	170404	0.000902
INDEP_CANDIDATE	rsyn0810m04m	4	1948	2824	13704	2	179695	1389376	1389376	0.001119
INDEP_CANDIDATE	rsyn0810m04m	5	2333	2439	13978	0	198231	359435	359435	0.004855
INDEP_CANDIDATE	rsyn0810m04m	5	2333	2439	13978	1	198231	197735	197735	0.000857
INDEP_CANDIDATE	rsyn0810m04m	5	2333	2439	13978	2	198231	1657613	1657613	0.001202
INDEP_ROW	rsyn0810m04m	4772	13836	147553	113458	113335	113335	113335	113335	113335	113335	113335	113335	113335
INDEP_ROW	pooling_sppc3pq	23173	893724	1153877333	325595394	325595394	325595394	325595394	325595394	325595394	325595394	325595394	325595394	325595394
INDEP_CANDIDATE	sporttournament48	0	410	721	7408	0	916006	1432776	1432776	0.002357
INDEP_CANDIDATE	sporttournament48	0	410	721	7408	1	916006	857603	857603	0.000598
INDEP_CANDIDATE	sporttournament48	0	410	721	7408	2	916006	2066323	2066323	0.000652
INDEP_CANDIDATE	sporttournament48	1	428	703	7168	0	1014595	1289760	1289760	0.002329
INDEP_CANDIDATE	sporttournament48	1	428	703	7168	1	1014595	897203	897203	0.000607
INDEP_CANDIDATE	sporttournament48	1	428	703	7168	2	1014595	4091586	4091586	0.000789
INDEP_CANDIDATE	sporttournament48	2	50	1081	6480	0	1024318	1503238	1503238	0.002664
INDEP_CANDIDATE	sporttournament48	2	50	1081	6480	1	1024318	1024318	1024318	0.000634
INDEP_CANDIDATE	sporttournament48	2	50	1081	6480	2	1024318	25189797	25189797	0.001608
INDEP_ROW	sporttournament48	1131	6676	919582	594138	594138	594138	594138	594138	594138	594138	594138	594138	594138
INDEP_ROW	pooling_sppa9pq	5030	120730	23971280	15130622	15130622	15130622	15130622	15130622	15130622	15130622	15130622	15130622	15130622
INDEP_CANDIDATE	edgecross10-090	0	482	571	4240	0	126115	210504	210504	0.001097
INDEP_CANDIDATE	edgecross10-090	0	482	571	4240	1	126115	126115	126115	0.000261
INDEP_CANDIDATE	edgecross10-090	0	482	571	4240	2	126115	166347	166347	0.000228
INDEP_CANDIDATE	edgecross10-090	1	480	573	5684	0	136195	211235	211235	0.001474
INDEP_CANDIDATE	edgecross10-090	1	480	573	5684	1	136195	136195	136195	0.000290
INDEP_CANDIDATE	edgecross10-090	1	480	573	5684	2	136195	127918	127918	0.000279
INDEP_ROW	edgecross10-090	1053	5204	126115	103179	103179	103179	103179	103179	103179	103179	103179	103179	103179
INDEP_ROW	maxcsp-ehi-85-297-71	2372	207996	1381768944	1110971341	1110971341	1110971341	1110971341	1110971341	1110971341	1110971341	1110971341	1110971341	1110971341
INDEP_ROW	st_bpaf1a	30	120	623	580	580	580	580	580	580	580	580	580	580
INDEP_CANDIDATE	risk2bpb	0	834	628	4030	0	74990	150729	150729	0.000857
INDEP_CANDIDATE	risk2bpb	0	834	628	4030	1	74990	72782	72782	0.000357
INDEP_CANDIDATE	risk2bpb	0	834	628	4030	2	74990	229280	229280	0.000324
INDEP_CANDIDATE	risk2bpb	1	846	616	4228	0	77854	146482	146482	0.000924
INDEP_CANDIDATE	risk2bpb	1	846	616	4228	1	77854	79260	79260	0.000335
INDEP_CANDIDATE	risk2bpb	1	846	616	4228	2	77854	267061	267061	0.000343
INDEP_ROW	risk2bpb	1462	5396	118471	66041	66041	66041	66041	66041	66041	66041	66041	66041	66041
INDEP_CANDIDATE	qap	0	30	225	49148	0	3829905	3829905	3829905	0.004511
INDEP_CANDIDATE	qap	0	30	225	49148	1	3829905	3829905	3829905	0.000395
INDEP_CANDIDATE	qap	0	30	225	49148	2	3829905	3829905	3829905	0.000332
INDEP_ROW	qap	255	43748	3802533	3650113	3650113	3650113	3650113	3650113	3650113	3650113	3650113	3650113	3650113
INDEP_CANDIDATE	rsyn0830m04m	0	3372	3880	14336	0	221827	356710	356710	0.009491
INDEP_CANDIDATE	rsyn0830m04m	0	3372	3880	14336	1	221827	223559	223559	0.001207
INDEP_CANDIDATE	rsyn0830m04m	0	3372	3880	14336	2	221827	1916691	1916691	0.001891
INDEP_CANDIDATE	rsyn0830m04m	1	3508	3744	14872	0	227852	321072	321072	0.008531
INDEP_CANDIDATE	rsyn0830m04m	1	3508	3744	14872	1	227852	211125	211125	0.001196
INDEP_CANDIDATE	rsyn0830m04m	1	3508	3744	14872	2	227852	1585485	1585485	0.001593
INDEP_CANDIDATE	rsyn0830m04m	2	2222	5030	19632	0	258497	401531	401531	0.009938
INDEP_CANDIDATE	rsyn0830m04m	2	2222	5030	19632	1	258497	258525	258525	0.001389
INDEP_CANDIDATE	rsyn0830m04m	2	2222	5030	19632	2	258497	15803796	15803796	0.002927
INDEP_CANDIDATE	rsyn0830m04m	3	2950	4302	20124	0	315544	428102	428102	0.010294
INDEP_CANDIDATE	rsyn0830m04m	3	2950	4302	20124	1	315544	333536	333536	0.001329
INDEP_CANDIDATE	rsyn0830m04m	3	2950	4302	20124	2	315544	1837857	1837857	0.001761
INDEP_CANDIDATE	rsyn0830m04m	4	3004	4248	20448	0	318304	350290	350290	0.010854
INDEP_CANDIDATE	rsyn0830m04m	4	3004	4248	20448	1	318304	336296	336296	0.001329
INDEP_CANDIDATE	rsyn0830m04m	4	3004	4248	20448	2	318304	2150965	2150965	0.001720
INDEP_CANDIDATE	rsyn0830m04m	5	3680	3572	23178	0	319797	745502	745502	0.008542
INDEP_CANDIDATE	rsyn0830m04m	5	3680	3572	23178	1	319797	315146	315146	0.001256
INDEP_CANDIDATE	rsyn0830m04m	5	3680	3572	23178	2	319797	13262474	13262474	0.002264
INDEP_ROW	rsyn0830m04m	7252	20752	212130	171680	171680	171680	171680	171680	171680	171680	171680	171680	171680
INDEP_CANDIDATE	lop97icx	0	918	155	1760	0	75937	75937	75937	0.000151
INDEP_CANDIDATE	lop97icx	0	918	155	1760	1	75937	75088	75088	0.000149
INDEP_CANDIDATE	lop97icx	0	918	155	1760	2	75937	199486	199486	0.000142
INDEP_CANDIDATE	lop97icx	1	859	214	1910	0	79114	89981	89981	0.000571
INDEP_CANDIDATE	lop97icx	1	859	214	1910	1	79114	105986	105986	0.000198
INDEP_CANDIDATE	lop97icx	1	859	214	1910	2	79114	194983	194983	0.000206
INDEP_CANDIDATE	lop97icx	2	2	1071	2116	0	79305	89672	89672	0.000888
INDEP_CANDIDATE	lop97icx	2	2	1071	2116	1	79305	79248	79248	0.000220
INDEP_CANDIDATE	lop97icx	2	2	1071	2116	2	79305	289599	289599	0.000226
INDEP_CANDIDATE	lop97icx	3	45	1028	2812	0	79471	98639	98639	0.001032
INDEP_CANDIDATE	lop97icx	3	45	1028	2812	1	79471	79434	79434	0.000222
INDEP_CANDIDATE	lop97icx	3	45	1028	2812	2	79471	149247	149247	0.000210
INDEP_CANDIDATE	lop97icx	4	12	1061	2150	0	79532	79647	79647	0.000905
INDEP_CANDIDATE	lop97icx	4	12	1061	2150	1	79532	79495	79495	0.000215
INDEP_CANDIDATE	lop97icx	4	12	1061	2150	2	79532	194137	194137	0.000227
INDEP_CANDIDATE	lop97icx	5	889	184	1848	0	79867	79867	79867	0.000178
INDEP_CANDIDATE	lop97icx	5	889	184	1848	1	79867	79010	79010	0.000179
INDEP_CANDIDATE	lop97icx	5	889	184	1848	2	79867	178222	178222	0.000175
INDEP_CANDIDATE	lop97icx	6	63	1010	3736	0	97478	137684	137684	0.001022
INDEP_CANDIDATE	lop97icx	6	63	1010	3736	1	97478	97478	97478	0.000237
INDEP_CANDIDATE	lop97icx	6	63	1010	3736	2	97478	233198	233198	0.000202
INDEP_CANDIDATE	lop97icx	7	65	1008	4002	0	106770	170131	170131	0.001041
INDEP_CANDIDATE	lop97icx	7	65	1008	4002	1	106770	106770	106770	0.000229
INDEP_CANDIDATE	lop97icx	7	65	1008	4002	2	106770	223789	223789	0.000207
INDEP_ROW	lop97icx	1073	2118	79286	64044	64044	64044	64044	64044	64044	64044	64044	64044	64044
INDEP_CANDIDATE	chain400	0	401	800	3196	0	16382	19142	19142	0.000440
INDEP_CANDIDATE	chain400	0	401	800	3196	1	16382	16382	16382	0.000105
INDEP_CANDIDATE	chain400	0	401	800	3196	2	16382	16382	16382	0.000110
INDEP_CANDIDATE	chain400	1	2	1199	4792	0	16405	26174	26174	0.000900
INDEP_CANDIDATE	chain400	1	2	1199	4792	1	16405	16405	16405	0.000169
INDEP_CANDIDATE	chain400	1	2	1199	4792	2	16405	16405	16405	0.000167
INDEP_CANDIDATE	chain400	2	399	802	4000	0	19978	22814	22814	0.000478
INDEP_CANDIDATE	chain400	2	399	802	4000	1	19978	19978	19978	0.000106
INDEP_CANDIDATE	chain400	2	399	802	4000	2	19978	19978	19978	0.000102
INDEP_ROW	chain400	1201	4796	16382	16382	16382	16382	16382	16382	16382	16382	16382	16382	16382
INDEP_CANDIDATE	mpbp_07	0	3828	5704	23110	0	1368477	3787752	3787752	0.013887
INDEP_CANDIDATE	mpbp_07	0	3828	5704	23110	1	1368477	1559703	1559703	0.001540
INDEP_CANDIDATE	mpbp_07	0	3828	5704	23110	2	1368477	3907963	3907963	0.002015
INDEP_CANDIDATE	mpbp_07	1	3789	5743	29208	0	1413880	3197444	3197444	0.013901
INDEP_CANDIDATE	mpbp_07	1	3789	5743	29208	1	1413880	1605106	1605106	0.001598
INDEP_CANDIDATE	mpbp_07	1	3789	5743	29208	2	1413880	3122207	3122207	0.002232
INDEP_CANDIDATE	mpbp_07	2	3828	5704	29562	0	1420502	3125375	3125375	0.014315
INDEP_CANDIDATE	mpbp_07	2	3828	5704	29562	1	1420502	1603957	1603957	0.001602
INDEP_CANDIDATE	mpbp_07	2	3828	5704	29562	2	1420502	16673291	16673291	0.003283
INDEP_CANDIDATE	mpbp_07	3	3832	5700	29626	0	1434892	3299522	3299522	0.014073
INDEP_CANDIDATE	mpbp_07	3	3832	5700	29626	1	1434892	1600916	1600916	0.001581
INDEP_CANDIDATE	mpbp_07	3	3832	5700	29626	2	1434892	15419626	15419626	0.003264
INDEP_CANDIDATE	mpbp_07	4	4028	5504	23936	0	1566528	5101531	5101531	0.013768
INDEP_CANDIDATE	mpbp_07	4	4028	5504	23936	1	1566528	1566528	1566528	0.001491
INDEP_CANDIDATE	mpbp_07	4	4028	5504	23936	2	1566528	3147182	3147182	0.002135
INDEP_ROW	mpbp_07	9532	30810	1368477	1248947	1248947	1248947	1248947	1248947	1248947	1248947	1248947	1248947	1248947
INDEP_CANDIDATE	sonetgr17	0	139	301	2682	0	38054	34419	34419	0.000467
INDEP_CANDIDATE	sonetgr17	0	139	301	2682	1	38054	53385	53385	0.000150
INDEP_CANDIDATE	sonetgr17	0	139	301	2682	2	38054	112922	112922	0.000125
INDEP_CANDIDATE	sonetgr17	1	143	297	2698	0	38113	39681	39681	0.000466
INDEP_CANDIDATE	sonetgr17	1	143	297	2698	1	38113	53444	53444	0.000142
INDEP_CANDIDATE	sonetgr17	1	143	297	2698	2	38113	112981	112981	0.000122
INDEP_CANDIDATE	sonetgr17	2	121	319	2716	0	39266	39747	39747	0.000457
INDEP_CANDIDATE	sonetgr17	2	121	319	2716	1	39266	54837	54837	0.000152
INDEP_CANDIDATE	sonetgr17	2	121	319	2716	2	39266	189675	189675	0.000135
INDEP_CANDIDATE	sonetgr17	3	123	317	2712	0	39319	42057	42057	0.000430
INDEP_CANDIDATE	sonetgr17	3	123	317	2712	1	39319	54890	54890	0.000142
INDEP_CANDIDATE	sonetgr17	3	123	317	2712	2	39319	189728	189728	0.000125
INDEP_CANDIDATE	sonetgr17	4	127	313	2704	0	39597	43368	43368	0.000442
INDEP_CANDIDATE	sonetgr17	4	127	313	2704	1	39597	55168	55168	0.000133
INDEP_CANDIDATE	sonetgr17	4	127	313	2704	2	39597	120728	120728	0.000115
INDEP_CANDIDATE	sonetgr17	5	151	289	2866	0	43850	56031	56031	0.000467
INDEP_CANDIDATE	sonetgr17	5	151	289	2866	1	43850	53758	53758	0.000152
INDEP_CANDIDATE	sonetgr17	5	151	289	2866	2	43850	118070	118070	0.000128
INDEP_CANDIDATE	sonetgr17	6	158	282	3038	0	54959	62613	62613	0.000521
INDEP_CANDIDATE	sonetgr17	6	158	282	3038	1	54959	54959	54959	0.000148
INDEP_CANDIDATE	sonetgr17	6	158	282	3038	2	54959	104108	104108	0.000134
INDEP_CANDIDATE	sonetgr17	7	162	278	3114	0	56040	63032	63032	0.000500
INDEP_CANDIDATE	sonetgr17	7	162	278	3114	1	56040	56040	56040	0.000156
INDEP_CANDIDATE	sonetgr17	7	162	278	3114	2	56040	95230	95230	0.000133
INDEP_ROW	sonetgr17	440	2958	37814	30971	30971	30971	30971	30971	30971	30971	30971	30971	30971
INDEP_CANDIDATE	p_ball_30b_7p_2d_h	0	792	1415	5932	0	42456	94738	94738	0.001463
INDEP_CANDIDATE	p_ball_30b_7p_2d_h	0	792	1415	5932	1	42456	42456	42456	0.000389
INDEP_CANDIDATE	p_ball_30b_7p_2d_h	0	792	1415	5932	2	42456	60419	60419	0.000355
INDEP_CANDIDATE	p_ball_30b_7p_2d_h	1	426	1781	6676	0	47568	81190	81190	0.001156
INDEP_CANDIDATE	p_ball_30b_7p_2d_h	1	426	1781	6676	1	47568	47568	47568	0.000415
INDEP_CANDIDATE	p_ball_30b_7p_2d_h	1	426	1781	6676	2	47568	67715	67715	0.000389
INDEP_CANDIDATE	p_ball_30b_7p_2d_h	2	1212	995	5932	0	49176	107286	107286	0.000950
INDEP_CANDIDATE	p_ball_30b_7p_2d_h	2	1212	995	5932	1	49176	49176	49176	0.000364
INDEP_CANDIDATE	p_ball_30b_7p_2d_h	2	1212	995	5932	2	49176	67139	67139	0.000307
INDEP_CANDIDATE	p_ball_30b_7p_2d_h	3	720	1487	6748	0	54036	103447	103447	0.001708
INDEP_CANDIDATE	p_ball_30b_7p_2d_h	3	720	1487	6748	1	54036	54036	54036	0.000408
INDEP_CANDIDATE	p_ball_30b_7p_2d_h	3	720	1487	6748	2	54036	71999	71999	0.000364
INDEP_ROW	p_ball_30b_7p_2d_h	2207	7516	42456	42319	42319	42319	42319	42319	42319	42319	42319	42319	42319
INDEP_ROW	pinene200	19995	97990	1358716	1134463	1134463	1134463	1134463	1134463	1134463	1134463	1134463	1134463	1134463
INDEP_ROW	unitcommit_200_100_1_mod_8	146830	476332	3053940	2981835	2981835	2981835	2981835	2981835	2981835	2981835	2981835	2981835	2981835
INDEP_CANDIDATE	ex8_3_9	0	62	61	872	0	14965	14965	14965	0.000036
INDEP_CANDIDATE	ex8_3_9	0	62	61	872	1	14965	14965	14965	0.000030
INDEP_CANDIDATE	ex8_3_9	0	62	61	872	2	14965	15040	15040	0.000030
INDEP_CANDIDATE	ex8_3_9	1	32	91	786	0	14965	14965	14965	0.000040
INDEP_CANDIDATE	ex8_3_9	1	32	91	786	1	14965	14965	14965	0.000039
INDEP_CANDIDATE	ex8_3_9	1	32	91	786	2	14965	16060	16060	0.000054
INDEP_CANDIDATE	ex8_3_9	2	22	101	766	0	14965	14965	14965	0.000042
INDEP_CANDIDATE	ex8_3_9	2	22	101	766	1	14965	14965	14965	0.000040
INDEP_CANDIDATE	ex8_3_9	2	22	101	766	2	14965	27249	27249	0.000057
INDEP_CANDIDATE	ex8_3_9	3	8	115	860	0	16958	16958	16958	0.000049
INDEP_CANDIDATE	ex8_3_9	3	8	115	860	1	16958	16958	16958	0.000044
INDEP_CANDIDATE	ex8_3_9	3	8	115	860	2	16958	33988	33988	0.000058
INDEP_ROW	ex8_3_9	123	834	15050	11503	11503	11503	11503	11503	11503	11503	11503	11503	11503
INDEP_CANDIDATE	rsyn0820m02m	0	1122	1364	4808	0	38946	51648	51648	0.002433
INDEP_CANDIDATE	rsyn0820m02m	0	1122	1364	4808	1	38946	38409	38409	0.000429
INDEP_CANDIDATE	rsyn0820m02m	0	1122	1364	4808	2	38946	507001	507001	0.000637
INDEP_CANDIDATE	rsyn0820m02m	1	666	1820	6560	0	45940	56265	56265	0.003170
INDEP_CANDIDATE	rsyn0820m02m	1	666	1820	6560	1	45940	46234	46234	0.000512
INDEP_CANDIDATE	rsyn0820m02m	1	666	1820	6560	2	45940	1265933	1265933	0.000882
INDEP_CANDIDATE	rsyn0820m02m	2	1250	1236	5640	0	48130	61810	61810	0.002148
INDEP_CANDIDATE	rsyn0820m02m	2	1250	1236	5640	1	48130	45847	45847	0.000420
INDEP_CANDIDATE	rsyn0820m02m	2	1250	1236	5640	2	48130	217563	217563	0.000554
INDEP_CANDIDATE	rsyn0820m02m	3	996	1490	6800	0	55817	64992	64992	0.002825
INDEP_CANDIDATE	rsyn0820m02m	3	996	1490	6800	1	55817	55584	55584	0.000475
INDEP_CANDIDATE	rsyn0820m02m	3	996	1490	6800	2	55817	148830	148830	0.000529
INDEP_ROW	rsyn0820m02m	2486	6932	38190	35631	35631	35631	35631	35631	35631	35631	35631	35631	35631
INDEP_CANDIDATE	p_ball_10b_5p_2d_m	0	174	119	716	0	6648	6648	6648	0.000044
INDEP_CANDIDATE	p_ball_10b_5p_2d_m	0	174	119	716	1	6648	6648	6648	0.000040
INDEP_CANDIDATE	p_ball_10b_5p_2d_m	0	174	119	716	2	6648	7307	7307	0.000040
INDEP_CANDIDATE	p_ball_10b_5p_2d_m	1	4	289	964	0	6696	9120	9120	0.000295
INDEP_CANDIDATE	p_ball_10b_5p_2d_m	1	4	289	964	1	6696	6696	6696	0.000065
INDEP_CANDIDATE	p_ball_10b_5p_2d_m	1	4	289	964	2	6696	7495	7495	0.000078
INDEP_CANDIDATE	p_ball_10b_5p_2d_m	2	94	199	1106	0	8726	8726	8726	0.000061
INDEP_CANDIDATE	p_ball_10b_5p_2d_m	2	94	199	1106	1	8726	8726	8726	0.000065
INDEP_CANDIDATE	p_ball_10b_5p_2d_m	2	94	199	1106	2	8726	24441	24441	0.000080
INDEP_ROW	p_ball_10b_5p_2d_m	293	964	6648	6547	6547	6547	6547	6547	6547	6547	6547	6547	6547
INDEP_CANDIDATE	pooling_adhya4tp	0	77	93	806	0	26842	26842	26842	0.000041
INDEP_CANDIDATE	pooling_adhya4tp	0	77	93	806	1	26842	23070	23070	0.000045
INDEP_CANDIDATE	pooling_adhya4tp	0	77	93	806	2	26842	36582	36582	0.000054
INDEP_CANDIDATE	pooling_adhya4tp	1	75	95	786	0	26842	26842	26842	0.000037
INDEP_CANDIDATE	pooling_adhya4tp	1	75	95	786	1	26842	23070	23070	0.000038
INDEP_CANDIDATE	pooling_adhya4tp	1	75	95	786	2	26842	36582	36582	0.000043
INDEP_CANDIDATE	pooling_adhya4tp	2	30	140	1608	0	39857	39857	39857	0.000079
INDEP_CANDIDATE	pooling_adhya4tp	2	30	140	1608	1	39857	39857	39857	0.000070
INDEP_CANDIDATE	pooling_adhya4tp	2	30	140	1608	2	39857	80673	80673	0.000070
INDEP_ROW	pooling_adhya4tp	170	936	26842	20581	20540	20540	20540	20540	20540	20540	20540	20540	20540
INDEP_CANDIDATE	squfl015-080persp	0	1200	6095	21600	0	88920	377142	377142	0.004592
INDEP_CANDIDATE	squfl015-080persp	0	1200	6095	21600	1	88920	88920	88920	0.002483
INDEP_CANDIDATE	squfl015-080persp	0	1200	6095	21600	2	88920	92651	92651	0.001514
INDEP_CANDIDATE	squfl015-080persp	1	4800	2495	12000	0	91320	351151	351151	0.002674
INDEP_CANDIDATE	squfl015-080persp	1	4800	2495	12000	1	91320	91320	91320	0.000863
INDEP_CANDIDATE	squfl015-080persp	1	4800	2495	12000	2	91320	95051	95051	0.000840
INDEP_CANDIDATE	squfl015-080persp	2	2400	4895	21600	0	122520	373095	373095	0.003913
INDEP_CANDIDATE	squfl015-080persp	2	2400	4895	21600	1	122520	122520	122520	0.001963
INDEP_CANDIDATE	squfl015-080persp	2	2400	4895	21600	2	122520	126251	126251	0.001454
INDEP_ROW	squfl015-080persp	7295	21600	74520	74520	74520	74520	74520	74520	74520	74520	74520	74520	74520
INDEP_CANDIDATE	edgecross10-080	0	482	571	4976	0	170814	244539	244539	0.001328
INDEP_CANDIDATE	edgecross10-080	0	482	571	4976	1	170814	170814	170814	0.000299
INDEP_CANDIDATE	edgecross10-080	0	482	571	4976	2	170814	221529	221529	0.000233
INDEP_CANDIDATE	edgecross10-080	1	480	573	6420	0	180894	242413	242413	0.001395
INDEP_CANDIDATE	edgecross10-080	1	480	573	6420	1	180894	180894	180894	0.000328
INDEP_CANDIDATE	edgecross10-080	1	480	573	6420	2	180894	188235	188235	0.000318
INDEP_ROW	edgecross10-080	1053	5940	170814	164639	164639	164639	164639	164639	164639	164639	164639	164639	164639
INDEP_CANDIDATE	clay0204hfsg	0	318	272	1208	0	7662	7786	7786	0.000363
INDEP_CANDIDATE	clay0204hfsg	0	318	272	1208	1	7662	7662	7662	0.000078
INDEP_CANDIDATE	clay0204hfsg	0	318	272	1208	2	7662	8556	8556	0.000072
INDEP_CANDIDATE	clay0204hfsg	1	312	278	1184	0	7662	8850	8850	0.000334
INDEP_CANDIDATE	clay0204hfsg	1	312	278	1184	1	7662	7662	7662	0.000072
INDEP_CANDIDATE	clay0204hfsg	1	312	278	1184	2	7662	8016	8016	0.000066
INDEP_CANDIDATE	clay0204hfsg	2	112	478	1664	0	8542	9981	9981	0.000392
INDEP_CANDIDATE	clay0204hfsg	2	112	478	1664	1	8542	8670	8670	0.000110
INDEP_CANDIDATE	clay0204hfsg	2	112	478	1664	2	8542	11334	11334	0.000119
INDEP_ROW	clay0204hfsg	590	1696	7198	6562	6562	6562	6562	6562	6562	6562	6562	6562	6562
INDEP_ROW	st_bsj2	13	40	143	114	114	114	114	114	114	114	114	114	114
INDEP_CANDIDATE	chimera_mgw-c8-439-onc8-002	0	22	418	3060	0	95268	124770	124770	0.000977
INDEP_CANDIDATE	chimera_mgw-c8-439-onc8-002	0	22	418	3060	1	95268	103579	103579	0.000257
INDEP_CANDIDATE	chimera_mgw-c8-439-onc8-002	0	22	418	3060	2	95268	275843	275843	0.000316
INDEP_CANDIDATE	chimera_mgw-c8-439-onc8-002	1	191	249	3062	0	97036	156643	156643	0.000570
INDEP_CANDIDATE	chimera_mgw-c8-439-onc8-002	1	191	249	3062	1	97036	95723	95723	0.000203
INDEP_CANDIDATE	chimera_mgw-c8-439-onc8-002	1	191	249	3062	2	97036	159619	159619	0.000194
INDEP_CANDIDATE	chimera_mgw-c8-439-onc8-002	2	6	434	3010	0	98672	142856	142856	0.000792
INDEP_CANDIDATE	chimera_mgw-c8-439-onc8-002	2	6	434	3010	1	98672	102892	102892	0.000255
INDEP_CANDIDATE	chimera_mgw-c8-439-onc8-002	2	6	434	3010	2	98672	319192	319192	0.000309
INDEP_CANDIDATE	chimera_mgw-c8-439-onc8-002	3	166	274	3574	0	104737	127418	127418	0.000562
INDEP_CANDIDATE	chimera_mgw-c8-439-onc8-002	3	166	274	3574	1	104737	107092	107092	0.000205
INDEP_CANDIDATE	chimera_mgw-c8-439-onc8-002	3	166	274	3574	2	104737	190656	190656	0.000223
INDEP_CANDIDATE	chimera_mgw-c8-439-onc8-002	4	92	348	2904	0	107364	132422	132422	0.000582
INDEP_CANDIDATE	chimera_mgw-c8-439-onc8-002	4	92	348	2904	1	107364	99791	99791	0.000234
INDEP_CANDIDATE	chimera_mgw-c8-439-onc8-002	4	92	348	2904	2	107364	216306	216306	0.000243
INDEP_ROW	chimera_mgw-c8-439-onc8-002	440	3038	97870	86464	86464	86464	86464	86464	86464	86464	86464	86464	86464
INDEP_CANDIDATE	batchs201210m	0	2543	2645	13208	0	351986	927655	927655	0.005905
INDEP_CANDIDATE	batchs201210m	0	2543	2645	13208	1	351986	351986	351986	0.000913
INDEP_CANDIDATE	batchs201210m	0	2543	2645	13208	2	351986	1241283	1241283	0.001330
INDEP_CANDIDATE	batchs201210m	1	502	4686	17408	0	354986	1046487	1046487	0.007932
INDEP_CANDIDATE	batchs201210m	1	502	4686	17408	1	354986	354986	354986	0.001232
INDEP_CANDIDATE	batchs201210m	1	502	4686	17408	2	354986	867533	867533	0.001492
INDEP_CANDIDATE	batchs201210m	2	2583	2605	14328	0	362666	961497	961497	0.005512
INDEP_CANDIDATE	batchs201210m	2	2583	2605	14328	1	362666	362666	362666	0.000923
INDEP_CANDIDATE	batchs201210m	2	2583	2605	14328	2	362666	948769	948769	0.001235
INDEP_CANDIDATE	batchs201210m	3	2302	2886	18408	0	392786	1021813	1021813	0.005989
INDEP_CANDIDATE	batchs201210m	3	2302	2886	18408	1	392786	392786	392786	0.001084
INDEP_CANDIDATE	batchs201210m	3	2302	2886	18408	2	392786	924736	924736	0.001280
INDEP_CANDIDATE	batchs201210m	4	2326	2862	20088	0	405554	1240236	1240236	0.005071
INDEP_CANDIDATE	batchs201210m	4	2326	2862	20088	1	405554	405554	405554	0.001066
INDEP_CANDIDATE	batchs201210m	4	2326	2862	20088	2	405554	981543	981543	0.001512
INDEP_CANDIDATE	batchs201210m	5	2327	2861	20466	0	406034	841905	841905	0.006594
INDEP_CANDIDATE	batchs201210m	5	2327	2861	20466	1	406034	406034	406034	0.001071
INDEP_CANDIDATE	batchs201210m	5	2327	2861	20466	2	406034	1276794	1276794	0.001615
INDEP_ROW	batchs201210m	5188	17910	349298	303381	303381	303381	303381	303381	303381	303381	303381	303381	303381
INDEP_CANDIDATE	rsyn0815m04m	0	2490	2966	10968	0	200785	347907	347907	0.007208
INDEP_CANDIDATE	rsyn0815m04m	0	2490	2966	10968	1	200785	203066	203066	0.000943
INDEP_CANDIDATE	rsyn0815m04m	0	2490	2966	10968	2	200785	2144721	2144721	0.001534
INDEP_CANDIDATE	rsyn0815m04m	1	2606	2850	11440	0	202924	274375	274375	0.006631
INDEP_CANDIDATE	rsyn0815m04m	1	2606	2850	11440	1	202924	189952	189952	0.000921
INDEP_CANDIDATE	rsyn0815m04m	1	2606	2850	11440	2	202924	1497906	1497906	0.001354
INDEP_CANDIDATE	rsyn0815m04m	2	1625	3831	14940	0	229068	323963	323963	0.008058
INDEP_CANDIDATE	rsyn0815m04m	2	1625	3831	14940	1	229068	229068	229068	0.001130
INDEP_CANDIDATE	rsyn0815m04m	2	1625	3831	14940	2	229068	7138776	7138776	0.001915
INDEP_CANDIDATE	rsyn0815m04m	3	2705	2751	16314	0	260303	390644	390644	0.006593
INDEP_CANDIDATE	rsyn0815m04m	3	2705	2751	16314	1	260303	254483	254483	0.000961
INDEP_CANDIDATE	rsyn0815m04m	3	2705	2751	16314	2	260303	8045811	8045811	0.001823
INDEP_CANDIDATE	rsyn0815m04m	4	2207	3249	15350	0	275518	360902	360902	0.007296
INDEP_CANDIDATE	rsyn0815m04m	4	2207	3249	15350	1	275518	276971	276971	0.001025
INDEP_CANDIDATE	rsyn0815m04m	4	2207	3249	15350	2	275518	1687178	1687178	0.001409
INDEP_CANDIDATE	rsyn0815m04m	5	2246	3210	15584	0	277438	313372	313372	0.007779
INDEP_CANDIDATE	rsyn0815m04m	5	2246	3210	15584	1	277438	278891	278891	0.001068
INDEP_CANDIDATE	rsyn0815m04m	5	2246	3210	15584	2	277438	1894216	1894216	0.001341
INDEP_ROW	rsyn0815m04m	5456	15756	184352	143458	143458	143458	143458	143458	143458	143458	143458	143458	143458
INDEP_CANDIDATE	syn40m	0	269	291	1080	0	5348	5598	5598	0.000269
INDEP_CANDIDATE	syn40m	0	269	291	1080	1	5348	5423	5423	0.000101
INDEP_CANDIDATE	syn40m	0	269	291	1080	2	5348	12846	12846	0.000110
INDEP_CANDIDATE	syn40m	1	139	421	1514	0	6700	7505	7505	0.000515
INDEP_CANDIDATE	syn40m	1	139	421	1514	1	6700	6714	6714	0.000113
INDEP_CANDIDATE	syn40m	1	139	421	1514	2	6700	20948	20948	0.000145
INDEP_CANDIDATE	syn40m	2	301	259	1240	0	7236	7390	7390	0.000272
INDEP_CANDIDATE	syn40m	2	301	259	1240	1	7236	7086	7086	0.000100
INDEP_CANDIDATE	syn40m	2	301	259	1240	2	7236	13529	13529	0.000101
INDEP_ROW	syn40m	560	1528	5007	4829	4829	4829	4829	4829	4829	4829	4829	4829	4829
INDEP_CANDIDATE	knp5-44	0	990	1167	31152	0	3764003	3764003	3764003	0.003810
INDEP_CANDIDATE	knp5-44	0	990	1167	31152	1	3764003	3764003	3764003	0.001329
INDEP_CANDIDATE	knp5-44	0	990	1167	31152	2	3764003	3764003	3764003	0.001291
INDEP_CANDIDATE	knp5-44	1	946	1211	30712	0	3764003	3764003	3764003	0.004096
INDEP_CANDIDATE	knp5-44	1	946	1211	30712	1	3764003	3764003	3764003	0.001357
INDEP_CANDIDATE	knp5-44	1	946	1211	30712	2	3764003	3764003	3764003	0.001318
INDEP_CANDIDATE	knp5-44	2	946	1211	69872	0	3920093	4170263	4170263	0.005696
INDEP_CANDIDATE	knp5-44	2	946	1211	69872	1	3920093	3920093	3920093	0.000959
INDEP_CANDIDATE	knp5-44	2	946	1211	69872	2	3920093	3920093	3920093	0.000974
INDEP_ROW	knp5-44	2157	32604	3764003	3764003	3764003	3764003	3764003	3764003	3764003	3764003	3764003	3764003	3764003
INDEP_CANDIDATE	ex1263a	0	35	59	320	0	2098	2098	2098	0.000023
INDEP_CANDIDATE	ex1263a	0	35	59	320	1	2098	3927	3927	0.000027
INDEP_CANDIDATE	ex1263a	0	35	59	320	2	2098	4110	4110	0.000025
INDEP_CANDIDATE	ex1263a	1	14	80	382	0	2266	2266	2266	0.000024
INDEP_CANDIDATE	ex1263a	1	14	80	382	1	2266	2866	2866	0.000030
INDEP_CANDIDATE	ex1263a	1	14	80	382	2	2266	4278	4278	0.000028
INDEP_CANDIDATE	ex1263a	2	15	79	386	0	2298	2298	2298	0.000023
INDEP_CANDIDATE	ex1263a	2	15	79	386	1	2298	2898	2898	0.000020
INDEP_CANDIDATE	ex1263a	2	15	79	386	2	2298	4310	4310	0.000020
INDEP_ROW	ex1263a	94	390	2098	2098	2098	2098	2098	2098	2098	2098	2098	2098	2098
INDEP_ROW	st_e41	8	32	88	88	88	88	88	88	88	88	88	88	88
INDEP_CANDIDATE	squfl025-030	0	1500	805	3000	0	42305	49980	49980	0.000833
INDEP_CANDIDATE	squfl025-030	0	1500	805	3000	1	42305	42305	42305	0.000301
INDEP_CANDIDATE	squfl025-030	0	1500	805	3000	2	42305	60981	60981	0.000245
INDEP_CANDIDATE	squfl025-030	1	750	1555	6000	0	51305	64230	64230	0.000931
INDEP_CANDIDATE	squfl025-030	1	750	1555	6000	1	51305	51305	51305	0.000425
INDEP_CANDIDATE	squfl025-030	1	750	1555	6000	2	51305	69981	69981	0.000389
INDEP_ROW	squfl025-030	2305	6000	42305	42305	42305	42305	42305	42305	42305	42305	42305	42305	42305
INDEP_CANDIDATE	wastewater05m1	0	36	62	740	0	9395	9395	9395	0.000027
INDEP_CANDIDATE	wastewater05m1	0	36	62	740	1	9395	9131	9131	0.000025
INDEP_CANDIDATE	wastewater05m1	0	36	62	740	2	9395	10771	10771	0.000023
INDEP_CANDIDATE	wastewater05m1	1	21	77	542	0	10180	10180	10180	0.000030
INDEP_CANDIDATE	wastewater05m1	1	21	77	542	1	10180	9865	9865	0.000033
INDEP_CANDIDATE	wastewater05m1	1	21	77	542	2	10180	11618	11618	0.000036
INDEP_CANDIDATE	wastewater05m1	2	21	77	494	0	11690	11690	11690	0.000032
INDEP_CANDIDATE	wastewater05m1	2	21	77	494	1	11690	13522	13522	0.000035
INDEP_CANDIDATE	wastewater05m1	2	21	77	494	2	11690	15053	15053	0.000037
INDEP_CANDIDATE	wastewater05m1	3	9	89	518	0	11735	11735	11735	0.000032
INDEP_CANDIDATE	wastewater05m1	3	9	89	518	1	11735	13567	13567	0.000032
INDEP_CANDIDATE	wastewater05m1	3	9	89	518	2	11735	15161	15161	0.000031
INDEP_CANDIDATE	wastewater05m1	4	31	67	618	0	13522	13522	13522	0.000035
INDEP_CANDIDATE	wastewater05m1	4	31	67	618	1	13522	12530	12530	0.000041
INDEP_CANDIDATE	wastewater05m1	4	31	67	618	2	13522	16159	16159	0.000032
INDEP_CANDIDATE	wastewater05m1	5	28	70	540	0	13522	13522	13522	0.000031
INDEP_CANDIDATE	wastewater05m1	5	28	70	540	1	13522	12530	12530	0.000033
INDEP_CANDIDATE	wastewater05m1	5	28	70	540	2	13522	16582	16582	0.000029
INDEP_CANDIDATE	wastewater05m1	6	40	58	906	0	13682	13682	13682	0.000042
INDEP_CANDIDATE	wastewater05m1	6	40	58	906	1	13682	13682	13682	0.000031
INDEP_CANDIDATE	wastewater05m1	6	40	58	906	2	13682	14599	14599	0.000028
INDEP_ROW	wastewater05m1	98	536	11690	8036	8036	8036	8036	8036	8036	8036	8036	8036	8036
INDEP_ROW	cvxnonsep_psig20	20	380	2870	2870	2870	2870	2870	2870	2870	2870	2870	2870	2870
INDEP_ROW	meanvar-orl400_05_e_8	4405	171604	21923414	21922611	21922611	21922611	21922611	21922611	21922611	21922611	21922611	21922611	21922611
INDEP_CANDIDATE	st_e31	0	138	163	492	0	4698	4698	4698	0.000048
INDEP_CANDIDATE	st_e31	0	138	163	492	1	4698	4677	4677	0.000049
INDEP_CANDIDATE	st_e31	0	138	163	492	2	4698	39564	39564	0.000077
INDEP_CANDIDATE	st_e31	1	110	191	636	0	5261	5261	5261	0.000049
INDEP_CANDIDATE	st_e31	1	110	191	636	1	5261	5261	5261	0.000044
INDEP_CANDIDATE	st_e31	1	110	191	636	2	5261	21183	21183	0.000071
INDEP_CANDIDATE	st_e31	2	117	184	682	0	5441	5441	5441	0.000046
INDEP_CANDIDATE	st_e31	2	117	184	682	1	5441	5441	5441	0.000041
INDEP_CANDIDATE	st_e31	2	117	184	682	2	5441	15534	15534	0.000067
INDEP_CANDIDATE	st_e31	3	119	182	704	0	5531	5531	5531	0.000050
INDEP_CANDIDATE	st_e31	3	119	182	704	1	5531	5602	5602	0.000045
INDEP_CANDIDATE	st_e31	3	119	182	704	2	5531	13843	13843	0.000057
INDEP_CANDIDATE	st_e31	4	148	153	546	0	5588	5588	5588	0.000058
INDEP_CANDIDATE	st_e31	4	148	153	546	1	5588	5438	5438	0.000053
INDEP_CANDIDATE	st_e31	4	148	153	546	2	5588	40765	40765	0.000075
INDEP_ROW	st_e31	301	744	4534	4257	4257	4257	4257	4257	4257	4257	4257	4257	4257
INDEP_ROW	pooling_sppc1pq	14100	477680	812210652	136686008	136686008	136686008	136686008	136686008	136686008	136686008	136686008	136686008	136686008
INDEP_ROW	pooling_haverly1pq	31	96	412	403	403	403	403	403	403	403	403	403	403
INDEP_CANDIDATE	graphpart_3g-0244-0244	0	32	96	672	0	33154	33154	33154	0.000049
INDEP_CANDIDATE	graphpart_3g-0244-0244	0	32	96	672	1	33154	33154	33154	0.000056
INDEP_CANDIDATE	graphpart_3g-0244-0244	0	32	96	672	2	33154	70162	70162	0.000071
INDEP_CANDIDATE	graphpart_3g-0244-0244	1	48	80	1056	0	38986	38986	38986	0.000042
INDEP_CANDIDATE	graphpart_3g-0244-0244	1	48	80	1056	1	38986	38986	38986	0.000035
INDEP_CANDIDATE	graphpart_3g-0244-0244	1	48	80	1056	2	38986	56165	56165	0.000052
INDEP_ROW	graphpart_3g-0244-0244	128	672	33446	32534	32534	32534	32534	32534	32534	32534	32534	32534	32534
INDEP_CANDIDATE	graphpart_clique-20	0	3	77	1254	0	33808	33808	33808	0.000036
INDEP_CANDIDATE	graphpart_clique-20	0	3	77	1254	1	33808	33808	33808	0.000032
INDEP_CANDIDATE	graphpart_clique-20	0	3	77	1254	2	33808	63748	63748	0.000022
INDEP_CANDIDATE	graphpart_clique-20	1	20	60	1260	0	34885	34885	34885	0.000035
INDEP_CANDIDATE	graphpart_clique-20	1	20	60	1260	1	34885	34999	34999	0.000034
INDEP_CANDIDATE	graphpart_clique-20	1	20	60	1260	2	34885	44497	44497	0.000029
INDEP_ROW	graphpart_clique-20	80	1260	34885	27856	27856	27856	27856	27856	27856	27856	27856	27856	27856
INDEP_ROW	mpbp_48	28368	91016	33835023	16144599	16144599	16144599	16144599	16144599	16144599	16144599	16144599	16144599	16144599
INDEP_ROW	pooling_sppb5pq	18529	674470	523815053	213571545	213571545	213571545	213571545	213571545	213571545	213571545	213571545	213571545	213571545
INDEP_CANDIDATE	slay07m	0	294	203	924	0	5740	13279	13279	0.000253
INDEP_CANDIDATE	slay07m	0	294	203	924	1	5740	5740	5740	0.000061
INDEP_CANDIDATE	slay07m	0	294	203	924	2	5740	6349	6349	0.000062
INDEP_ROW	slay07m	497	1512	5740	5740	5740	5740	5740	5740	5740	5740	5740	5740	5740
INDEP_ROW	nvs19	24	200	1353	884	884	884	884	884	884	884	884	884	884
INDEP_CANDIDATE	oil	0	1583	1687	5444	0	38694	60410	60410	0.002002
INDEP_CANDIDATE	oil	0	1583	1687	5444	1	38694	38744	38744	0.000480
INDEP_CANDIDATE	oil	0	1583	1687	5444	2	38694	266157	266157	0.000705
INDEP_CANDIDATE	oil	1	1614	1656	5528	0	40115	74967	74967	0.002101
INDEP_CANDIDATE	oil	1	1614	1656	5528	1	40115	40207	40207	0.000483
INDEP_CANDIDATE	oil	1	1614	1656	5528	2	40115	195972	195972	0.000610
INDEP_CANDIDATE	oil	2	1615	1655	5556	0	41081	67662	67662	0.001797
INDEP_CANDIDATE	oil	2	1615	1655	5556	1	41081	40970	40970	0.000492
INDEP_CANDIDATE	oil	2	1615	1655	5556	2	41081	200471	200471	0.000609
INDEP_CANDIDATE	oil	3	1176	2094	6860	0	44093	52829	52829	0.001984
INDEP_CANDIDATE	oil	3	1176	2094	6860	1	44093	44236	44236	0.000613
INDEP_CANDIDATE	oil	3	1176	2094	6860	2	44093	188609	188609	0.000732
INDEP_CANDIDATE	oil	4	1619	1651	5836	0	45430	72479	72479	0.001897
INDEP_CANDIDATE	oil	4	1619	1651	5836	1	45430	44414	44414	0.000488
INDEP_CANDIDATE	oil	4	1619	1651	5836	2	45430	210225	210225	0.000617
INDEP_CANDIDATE	oil	5	1222	2048	7024	0	45575	52986	52986	0.001889
INDEP_CANDIDATE	oil	5	1222	2048	7024	1	45575	45718	45718	0.000608
INDEP_CANDIDATE	oil	5	1222	2048	7024	2	45575	610104	610104	0.000836
INDEP_CANDIDATE	oil	6	1238	2032	7224	0	48820	64529	64529	0.002463
INDEP_CANDIDATE	oil	6	1238	2032	7224	1	48820	48245	48245	0.000611
INDEP_CANDIDATE	oil	6	1238	2032	7224	2	48820	377028	377028	0.000772
INDEP_ROW	oil	3270	8430	36313	34760	34760	34760	34760	34760	34760	34760	34760	34760	34760
INDEP_CANDIDATE	squfl015-060	0	1800	975	3600	0	36400	76471	76471	0.000850
INDEP_CANDIDATE	squfl015-060	0	1800	975	3600	1	36400	36400	36400	0.000394
INDEP_CANDIDATE	squfl015-060	0	1800	975	3600	2	36400	40131	40131	0.000384
INDEP_CANDIDATE	squfl015-060	1	900	1875	7200	0	47200	166525	166525	0.001600
INDEP_CANDIDATE	squfl015-060	1	900	1875	7200	1	47200	47200	47200	0.000653
INDEP_CANDIDATE	squfl015-060	1	900	1875	7200	2	47200	50931	50931	0.000629
INDEP_ROW	squfl015-060	2775	7200	36400	36400	36400	36400	36400	36400	36400	36400	36400	36400	36400
INDEP_CANDIDATE	ndcc12persp	0	151	961	5220	0	299115	418473	418473	0.001981
INDEP_CANDIDATE	ndcc12persp	0	151	961	5220	1	299115	299115	299115	0.000342
INDEP_CANDIDATE	ndcc12persp	0	151	961	5220	2	299115	388085	388085	0.000372
INDEP_CANDIDATE	ndcc12persp	1	82	1030	5506	0	299721	418080	418080	0.001963
INDEP_CANDIDATE	ndcc12persp	1	82	1030	5506	1	299721	299721	299721	0.000346
INDEP_CANDIDATE	ndcc12persp	1	82	1030	5506	2	299721	388691	388691	0.000374
INDEP_CANDIDATE	ndcc12persp	2	725	387	5744	0	321823	416145	416145	0.001452
INDEP_CANDIDATE	ndcc12persp	2	725	387	5744	1	321823	402150	402150	0.000225
INDEP_CANDIDATE	ndcc12persp	2	725	387	5744	2	321823	532822	532822	0.000210
INDEP_ROW	ndcc12persp	1112	5522	299115	284793	284793	284793	284793	284793	284793	284793	284793	284793	284793
INDEP_ROW	kissing2	20772	401024	156414018	156414018	156414018	156414018	156414018	156414018	156414018	156414018	156414018	156414018	156414018
INDEP_CANDIDATE	nuclear25a	0	1187	755	18260	0	1393206	1540326	1540326	0.002749
INDEP_CANDIDATE	nuclear25a	0	1187	755	18260	1	1393206	1390212	1390212	0.000676
INDEP_CANDIDATE	nuclear25a	0	1187	755	18260	2	1393206	3828838	3828838	0.000868
INDEP_CANDIDATE	nuclear25a	1	1077	865	14768	0	1457891	2211731	2211731	0.003261
INDEP_CANDIDATE	nuclear25a	1	1077	865	14768	1	1457891	1394899	1394899	0.000752
INDEP_CANDIDATE	nuclear25a	1	1077	865	14768	2	1457891	2992295	2992295	0.001151
INDEP_CANDIDATE	nuclear25a	2	1257	685	25834	0	1465173	1547564	1547564	0.003623
INDEP_CANDIDATE	nuclear25a	2	1257	685	25834	1	1465173	1462101	1462101	0.000626
INDEP_CANDIDATE	nuclear25a	2	1257	685	25834	2	1465173	2280294	2280294	0.000585
INDEP_CANDIDATE	nuclear25a	3	425	1517	15230	0	1977163	1477170	1477170	0.003984
INDEP_CANDIDATE	nuclear25a	3	425	1517	15230	1	1977163	1397047	1397047	0.001069
INDEP_CANDIDATE	nuclear25a	3	425	1517	15230	2	1977163	2474136	2474136	0.001475
INDEP_CANDIDATE	nuclear25a	4	200	1742	15630	0	1979563	2006569	2006569	0.004998
INDEP_CANDIDATE	nuclear25a	4	200	1742	15630	1	1979563	1399447	1399447	0.001123
INDEP_CANDIDATE	nuclear25a	4	200	1742	15630	2	1979563	2333916	2333916	0.001480
INDEP_CANDIDATE	nuclear25a	5	203	1739	15722	0	1980099	1666065	1666065	0.004232
INDEP_CANDIDATE	nuclear25a	5	203	1739	15722	1	1980099	1399447	1399447	0.001099
INDEP_CANDIDATE	nuclear25a	5	203	1739	15722	2	1980099	2332802	2332802	0.001503
INDEP_CANDIDATE	nuclear25a	6	1050	892	14030	0	1980235	1381702	1381702	0.002767
INDEP_CANDIDATE	nuclear25a	6	1050	892	14030	1	1980235	1393872	1393872	0.000737
INDEP_CANDIDATE	nuclear25a	6	1050	892	14030	2	1980235	2480832	2480832	0.001106
INDEP_CANDIDATE	nuclear25a	7	216	1726	16188	0	1986366	1405628	1405628	0.004305
INDEP_CANDIDATE	nuclear25a	7	216	1726	16188	1	1986366	1399447	1399447	0.001135
INDEP_CANDIDATE	nuclear25a	7	216	1726	16188	2	1986366	2342033	2342033	0.001508
INDEP_ROW	nuclear25a	1942	16030	1977163	1136191	1136191	1136191	1136191	1136191	1136191	1136191	1136191	1136191	1136191
INDEP_CANDIDATE	clay0204m	0	120	102	464	0	2330	2330	2330	0.000032
INDEP_CANDIDATE	clay0204m	0	120	102	464	1	2330	2330	2330	0.000031
INDEP_CANDIDATE	clay0204m	0	120	102	464	2	2330	2504	2504	0.000030
INDEP_ROW	clay0204m	222	704	2330	2330	2330	2330	2330	2330	2330	2330	2330	2330	2330
INDEP_ROW	st_ph13	23	68	207	178	178	178	178	178	178	178	178	178	178
INDEP_CANDIDATE	edgecross10-030	0	482	571	3690	0	125298	207239	207239	0.001132
INDEP_CANDIDATE	edgecross10-030	0	482	571	3690	1	125298	125298	125298	0.000269
INDEP_CANDIDATE	edgecross10-030	0	482	571	3690	2	125298	125251	125251	0.000253
INDEP_CANDIDATE	edgecross10-030	1	480	573	5134	0	135378	166411	166411	0.001175
INDEP_CANDIDATE	edgecross10-030	1	480	573	5134	1	135378	135378	135378	0.000325
INDEP_CANDIDATE	edgecross10-030	1	480	573	5134	2	135378	135331	135331	0.000289
INDEP_ROW	edgecross10-030	1053	4654	135854	100080	100080	100080	100080	100080	100080	100080	100080	100080	100080
INDEP_CANDIDATE	chain200	0	201	400	1596	0	8182	9540	9540	0.000259
INDEP_CANDIDATE	chain200	0	201	400	1596	1	8182	8182	8182	0.000052
INDEP_CANDIDATE	chain200	0	201	400	1596	2	8182	8182	8182	0.000049
INDEP_CANDIDATE	chain200	1	2	599	2392	0	8196	13053	13053	0.000419
INDEP_CANDIDATE	chain200	1	2	599	2392	1	8196	8196	8196	0.000108
INDEP_CANDIDATE	chain200	1	2	599	2392	2	8196	8221	8221	0.000121
INDEP_CANDIDATE	chain200	2	199	402	2000	0	9978	11359	11359	0.000251
INDEP_CANDIDATE	chain200	2	199	402	2000	1	9978	9978	9978	0.000055
INDEP_CANDIDATE	chain200	2	199	402	2000	2	9978	9978	9978	0.000051
INDEP_ROW	chain200	601	2396	8182	8182	8182	8182	8182	8182	8182	8182	8182	8182	8182
INDEP_ROW	ex1223b	25	66	178	178	178	178	178	178	178	178	178	178	178
INDEP_CANDIDATE	slay09h	0	1548	1170	5184	0	38073	38001	38001	0.000773
INDEP_CANDIDATE	slay09h	0	1548	1170	5184	1	38073	38073	38073	0.000260
INDEP_CANDIDATE	slay09h	0	1548	1170	5184	2	38073	39117	39117	0.000258
INDEP_CANDIDATE	slay09h	1	1512	1206	5040	0	38073	38001	38001	0.001052
INDEP_CANDIDATE	slay09h	1	1512	1206	5040	1	38073	38073	38073	0.000261
INDEP_CANDIDATE	slay09h	1	1512	1206	5040	2	38073	35877	35877	0.000253
INDEP_CANDIDATE	slay09h	2	576	2142	7488	0	42969	43401	43401	0.001226
INDEP_CANDIDATE	slay09h	2	576	2142	7488	1	42969	42969	42969	0.000381
INDEP_CANDIDATE	slay09h	2	576	2142	7488	2	42969	56577	56577	0.000443
INDEP_ROW	slay09h	2718	7488	36057	32385	32385	32385	32385	32385	32385	32385	32385	32385	32385
INDEP_CANDIDATE	ndcc12	0	72	902	6222	0	338367	668029	668029	0.002081
INDEP_CANDIDATE	ndcc12	0	72	902	6222	1	338367	338367	338367	0.000374
INDEP_CANDIDATE	ndcc12	0	72	902	6222	2	338367	694471	694471	0.000417
INDEP_CANDIDATE	ndcc12	1	151	823	5680	0	345696	491917	491917	0.001756
INDEP_CANDIDATE	ndcc12	1	151	823	5680	1	345696	361889	361889	0.000410
INDEP_CANDIDATE	ndcc12	1	151	823	5680	2	345696	1734312	1734312	0.000523
INDEP_CANDIDATE	ndcc12	2	643	331	7328	0	349770	454679	454679	0.000892
INDEP_CANDIDATE	ndcc12	2	643	331	7328	1	349770	361889	361889	0.000253
INDEP_CANDIDATE	ndcc12	2	643	331	7328	2	349770	554412	554412	0.000231
INDEP_CANDIDATE	ndcc12	3	649	325	8108	0	452137	487264	487264	0.001016
INDEP_CANDIDATE	ndcc12	3	649	325	8108	1	452137	509742	509742	0.000273
INDEP_CANDIDATE	ndcc12	3	649	325	8108	2	452137	569943	569943	0.000229
INDEP_ROW	ndcc12	974	5982	345696	329556	329342	329342	329342	329342	329342	329342	329342	329342	329342
INDEP_CANDIDATE	kall_circlesrectangles_c6r39	0	382	924	4638	0	75749	101117	101117	0.001400
INDEP_CANDIDATE	kall_circlesrectangles_c6r39	0	382	924	4638	1	75749	83126	83126	0.000360
INDEP_CANDIDATE	kall_circlesrectangles_c6r39	0	382	924	4638	2	75749	170225	170225	0.000452
INDEP_CANDIDATE	kall_circlesrectangles_c6r39	1	286	1020	4890	0	77589	148769	148769	0.001819
INDEP_CANDIDATE	kall_circlesrectangles_c6r39	1	286	1020	4890	1	77589	84966	84966	0.000366
INDEP_CANDIDATE	kall_circlesrectangles_c6r39	1	286	1020	4890	2	77589	624490	624490	0.000625
INDEP_CANDIDATE	kall_circlesrectangles_c6r39	2	631	675	4608	0	79655	149777	149777	0.001424
INDEP_CANDIDATE	kall_circlesrectangles_c6r39	2	631	675	4608	1	79655	85391	85391	0.000309
INDEP_CANDIDATE	kall_circlesrectangles_c6r39	2	631	675	4608	2	79655	90347	90347	0.000312
INDEP_CANDIDATE	kall_circlesrectangles_c6r39	3	637	669	4848	0	86618	116352	116352	0.001217
INDEP_CANDIDATE	kall_circlesrectangles_c6r39	3	637	669	4848	1	86618	85391	85391	0.000280
INDEP_CANDIDATE	kall_circlesrectangles_c6r39	3	637	669	4848	2	86618	570594	570594	0.000345
INDEP_CANDIDATE	kall_circlesrectangles_c6r39	4	535	771	6408	0	89439	94807	94807	0.001255
INDEP_CANDIDATE	kall_circlesrectangles_c6r39	4	535	771	6408	1	89439	91071	91071	0.000282
INDEP_CANDIDATE	kall_circlesrectangles_c6r39	4	535	771	6408	2	89439	123390	123390	0.000327
INDEP_ROW	kall_circlesrectangles_c6r39	1306	5378	75744	74610	74610	74610	74610	74610	74610	74610	74610	74610	74610
INDEP_CANDIDATE	squfl020-150	0	6000	3170	12000	0	135020	466839	466839	0.003010
INDEP_CANDIDATE	squfl020-150	0	6000	3170	12000	1	135020	135020	135020	0.002211
INDEP_CANDIDATE	squfl020-150	0	6000	3170	12000	2	135020	144311	144311	0.002184
INDEP_CANDIDATE	squfl020-150	1	3000	6170	24000	0	171020	1720014	1720014	0.008113
INDEP_CANDIDATE	squfl020-150	1	3000	6170	24000	1	171020	171020	171020	0.003686
INDEP_CANDIDATE	squfl020-150	1	3000	6170	24000	2	171020	180311	180311	0.003649
INDEP_ROW	squfl020-150	9170	24000	135020	135020	135020	135020	135020	135020	135020	135020	135020	135020	135020
INDEP_CANDIDATE	autocorr_bern40-30	0	4	39	1410	0	20034	20034	20034	0.000029
INDEP_CANDIDATE	autocorr_bern40-30	0	4	39	1410	1	20034	20034	20034	0.000025
INDEP_CANDIDATE	autocorr_bern40-30	0	4	39	1410	2	20034	20034	20034	0.000022
INDEP_CANDIDATE	autocorr_bern40-30	1	2	41	1530	0	20034	20034	20034	0.000030
INDEP_CANDIDATE	autocorr_bern40-30	1	2	41	1530	1	20034	20034	20034	0.000021
INDEP_CANDIDATE	autocorr_bern40-30	1	2	41	1530	2	20034	20034	20034	0.000022
INDEP_CANDIDATE	autocorr_bern40-30	2	2	41	1414	0	20160	20160	20160	0.000027
INDEP_CANDIDATE	autocorr_bern40-30	2	2	41	1414	1	20160	20160	20160	0.000019
INDEP_CANDIDATE	autocorr_bern40-30	2	2	41	1414	2	20160	20160	20160	0.000020
INDEP_ROW	autocorr_bern40-30	43	1534	20034	20034	20034	20034	20034	20034	20034	20034	20034	20034	20034
INDEP_CANDIDATE	slay08m	0	392	268	1232	0	7796	24138	24138	0.000301
INDEP_CANDIDATE	slay08m	0	392	268	1232	1	7796	7796	7796	0.000079
INDEP_CANDIDATE	slay08m	0	392	268	1232	2	7796	8608	8608	0.000082
INDEP_ROW	slay08m	660	2016	7796	7796	7796	7796	7796	7796	7796	7796	7796	7796	7796
INDEP_CANDIDATE	chimera_mgw-c16-2031-01	0	722	1310	21060	0	3257515	4310813	4310813	0.004539
INDEP_CANDIDATE	chimera_mgw-c16-2031-01	0	722	1310	21060	1	3257515	3336735	3336735	0.000945
INDEP_CANDIDATE	chimera_mgw-c16-2031-01	0	722	1310	21060	2	3257515	5610085	5610085	0.001904
INDEP_CANDIDATE	chimera_mgw-c16-2031-01	1	785	1247	19482	0	3376437	3764402	3764402	0.004360
INDEP_CANDIDATE	chimera_mgw-c16-2031-01	1	785	1247	19482	1	3376437	3368762	3368762	0.000995
INDEP_CANDIDATE	chimera_mgw-c16-2031-01	1	785	1247	19482	2	3376437	4820991	4820991	0.001899
INDEP_CANDIDATE	chimera_mgw-c16-2031-01	2	11	2021	15902	0	3967354	4679876	4679876	0.005240
INDEP_CANDIDATE	chimera_mgw-c16-2031-01	2	11	2021	15902	1	3967354	3967354	3967354	0.001146
INDEP_CANDIDATE	chimera_mgw-c16-2031-01	2	11	2021	15902	2	3967354	8924583	8924583	0.002997
INDEP_ROW	chimera_mgw-c16-2031-01	2032	15900	3328073	2565876	2565126	2565126	2565126	2565126	2565126	2565126	2565126	2565126	2565126
INDEP_CANDIDATE	forest	0	309	404	2076	0	10879	26149	26149	0.000620
INDEP_CANDIDATE	forest	0	309	404	2076	1	10879	10879	10879	0.000125
INDEP_CANDIDATE	forest	0	309	404	2076	2	10879	16644	16644	0.000125
INDEP_CANDIDATE	forest	1	306	407	2076	0	11093	22600	22600	0.000396
INDEP_CANDIDATE	forest	1	306	407	2076	1	11093	11003	11003	0.000125
INDEP_CANDIDATE	forest	1	306	407	2076	2	11093	18694	18694	0.000117
INDEP_CANDIDATE	forest	2	171	542	2436	0	12033	14831	14831	0.000500
INDEP_CANDIDATE	forest	2	171	542	2436	1	12033	12033	12033	0.000146
INDEP_CANDIDATE	forest	2	171	542	2436	2	12033	17191	17191	0.000143
INDEP_CANDIDATE	forest	3	357	356	2174	0	13039	29041	29041	0.000432
INDEP_CANDIDATE	forest	3	357	356	2174	1	13039	13039	13039	0.000128
INDEP_CANDIDATE	forest	3	357	356	2174	2	13039	16856	16856	0.000112
INDEP_CANDIDATE	forest	4	231	482	2510	0	14823	29627	29627	0.000607
INDEP_CANDIDATE	forest	4	231	482	2510	1	14823	14733	14733	0.000146
INDEP_CANDIDATE	forest	4	231	482	2510	2	14823	22459	22459	0.000138
INDEP_ROW	forest	713	2658	10614	10543	10543	10543	10543	10543	10543	10543	10543	10543	10543
INDEP_CANDIDATE	qspp_0_10_0_1_10_1	0	36	244	29450	0	1943262	2550558	2550558	0.002555
INDEP_CANDIDATE	qspp_0_10_0_1_10_1	0	36	244	29450	1	1943262	1943262	1943262	0.000358
INDEP_CANDIDATE	qspp_0_10_0_1_10_1	0	36	244	29450	2	1943262	1948763	1948763	0.000363
INDEP_CANDIDATE	qspp_0_10_0_1_10_1	1	100	180	29012	0	1954547	1954547	1954547	0.000346
INDEP_CANDIDATE	qspp_0_10_0_1_10_1	1	100	180	29012	1	1954547	1954547	1954547	0.000263
INDEP_CANDIDATE	qspp_0_10_0_1_10_1	1	100	180	29012	2	1954547	1954547	1954547	0.000187
INDEP_CANDIDATE	qspp_0_10_0_1_10_1	2	3	277	33630	0	2081366	3418520	3418520	0.002414
INDEP_CANDIDATE	qspp_0_10_0_1_10_1	2	3	277	33630	1	2081366	2081366	2081366	0.000385
INDEP_CANDIDATE	qspp_0_10_0_1_10_1	2	3	277	33630	2	2081366	2081366	2081366	0.000308
INDEP_ROW	qspp_0_10_0_1_10_1	280	29636	1942907	1932414	1932414	1932414	1932414	1932414	1932414	1932414	1932414	1932414	1932414
INDEP_ROW	st_ph1	16	58	274	233	233	233	233	233	233	233	233	233	233
INDEP_CANDIDATE	elf	0	83	41	306	0	2582	2582	2582	0.000019
INDEP_CANDIDATE	elf	0	83	41	306	1	2582	2582	2582	0.000018
INDEP_CANDIDATE	elf	0	83	41	306	2	2582	3203	3203	0.000023
INDEP_CANDIDATE	elf	1	59	65	258	0	2733	2733	2733	0.000022
INDEP_CANDIDATE	elf	1	59	65	258	1	2733	3324	3324	0.000023
INDEP_CANDIDATE	elf	1	59	65	258	2	2733	5221	5221	0.000032
INDEP_CANDIDATE	elf	2	32	92	504	0	3693	3693	3693	0.000030
INDEP_CANDIDATE	elf	2	32	92	504	1	3693	3693	3693	0.000024
INDEP_CANDIDATE	elf	2	32	92	504	2	3693	5540	5540	0.000034
INDEP_ROW	elf	124	376	2733	2173	2173	2173	2173	2173	2173	2173	2173	2173	2173
INDEP_ROW	ex3_1_3	18	36	90	83	83	83	83	83	83	83	83	83	83
INDEP_CANDIDATE	cvxnonsep_normcon40r	0	121	41	80	0	845	845	845	0.000011
INDEP_CANDIDATE	cvxnonsep_normcon40r	0	121	41	80	1	845	845	845	0.000010
INDEP_CANDIDATE	cvxnonsep_normcon40r	0	121	41	80	2	845	845	845	0.000009
INDEP_ROW	cvxnonsep_normcon40r	162	322	645	645	645	645	645	645	645	645	645	645	645
INDEP_CANDIDATE	demo7	0	89	66	448	0	3651	3651	3651	0.000035
INDEP_CANDIDATE	demo7	0	89	66	448	1	3651	3498	3498	0.000041
INDEP_CANDIDATE	demo7	0	89	66	448	2	3651	4646	4646	0.000036
INDEP_CANDIDATE	demo7	1	15	140	604	0	3689	3689	3689	0.000045
INDEP_CANDIDATE	demo7	1	15	140	604	1	3689	3689	3689	0.000048
INDEP_CANDIDATE	demo7	1	15	140	604	2	3689	5954	5954	0.000059
INDEP_CANDIDATE	demo7	2	28	127	630	0	4124	4124	4124	0.000045
INDEP_CANDIDATE	demo7	2	28	127	630	1	4124	4124	4124	0.000046
INDEP_CANDIDATE	demo7	2	28	127	630	2	4124	6168	6168	0.000050
INDEP_ROW	demo7	155	618	3579	3426	3426	3426	3426	3426	3426	3426	3426	3426	3426
INDEP_CANDIDATE	waternd2	0	321	294	3588	0	111469	163030	163030	0.000667
INDEP_CANDIDATE	waternd2	0	321	294	3588	1	111469	112533	112533	0.000232
INDEP_CANDIDATE	waternd2	0	321	294	3588	2	111469	149029	149029	0.000193
INDEP_CANDIDATE	waternd2	1	297	318	2532	0	130236	160032	160032	0.000626
INDEP_CANDIDATE	waternd2	1	297	318	2532	1	130236	159297	159297	0.000228
INDEP_CANDIDATE	waternd2	1	297	318	2532	2	130236	191356	191356	0.000171
INDEP_CANDIDATE	waternd2	2	277	338	2036	0	155674	126716	126716	0.000569
INDEP_CANDIDATE	waternd2	2	277	338	2036	1	155674	170440	170440	0.000199
INDEP_CANDIDATE	waternd2	2	277	338	2036	2	155674	173901	173901	0.000172
INDEP_CANDIDATE	waternd2	3	165	450	2394	0	156940	124713	124713	0.000603
INDEP_CANDIDATE	waternd2	3	165	450	2394	1	156940	171706	171706	0.000221
INDEP_CANDIDATE	waternd2	3	165	450	2394	2	156940	224714	224714	0.000200
INDEP_CANDIDATE	waternd2	4	168	447	2394	0	156988	89562	89562	0.000619
INDEP_CANDIDATE	waternd2	4	168	447	2394	1	156988	171754	171754	0.000202
INDEP_CANDIDATE	waternd2	4	168	447	2394	2	156988	224735	224735	0.000185
INDEP_ROW	waternd2	615	2580	155674	74817	74817	74817	74817	74817	74817	74817	74817	74817	74817
INDEP_CANDIDATE	prolog	0	22	42	248	0	1245	1245	1245	0.000016
INDEP_CANDIDATE	prolog	0	22	42	248	1	1245	1227	1227	0.000019
INDEP_CANDIDATE	prolog	0	22	42	248	2	1245	2116	2116	0.000017
INDEP_CANDIDATE	prolog	1	37	27	180	0	1343	1343	1343	0.000014
INDEP_CANDIDATE	prolog	1	37	27	180	1	1343	1429	1429	0.000014
INDEP_CANDIDATE	prolog	1	37	27	180	2	1343	1701	1701	0.000011
INDEP_CANDIDATE	prolog	2	9	55	320	0	1511	1511	1511	0.000019
INDEP_CANDIDATE	prolog	2	9	55	320	1	1511	1643	1643	0.000022
INDEP_CANDIDATE	prolog	2	9	55	320	2	1511	2188	2188	0.000020
INDEP_ROW	prolog	64	292	1245	1225	1225	1225	1225	1225	1225	1225	1225	1225	1225
INDEP_ROW	ex14_1_8	11	30	80	80	80	80	80	80	80	80	80	80	80
INDEP_ROW	faclay75	272878	1379706	3204527350	3013800414	3013800414	3013800414	3013800414	3013800414	3013800414	3013800414	3013800414	3013800414	3013800414
INDEP_CANDIDATE	st_qpk3	0	22	33	504	0	5467	5467	5467	0.000015
INDEP_CANDIDATE	st_qpk3	0	22	33	504	1	5467	4357	4357	0.000013
INDEP_CANDIDATE	st_qpk3	0	22	33	504	2	5467	10792	10792	0.000009
INDEP_ROW	st_qpk3	55	548	5467	3762	3762	3762	3762	3762	3762	3762	3762	3762	3762
INDEP_CANDIDATE	mpbp_34	0	4320	7236	39204	0	2785691	3088528	3088528	0.018758
INDEP_CANDIDATE	mpbp_34	0	4320	7236	39204	1	2785691	3145779	3145779	0.001780
INDEP_CANDIDATE	mpbp_34	0	4320	7236	39204	2	2785691	20391915	20391915	0.003427
INDEP_CANDIDATE	mpbp_34	1	4488	7068	49956	0	2799364	2896154	2896154	0.019648
INDEP_CANDIDATE	mpbp_34	1	4488	7068	49956	1	2799364	2771991	2771991	0.001543
INDEP_CANDIDATE	mpbp_34	1	4488	7068	49956	2	2799364	19377975	19377975	0.002451
INDEP_CANDIDATE	mpbp_34	2	4326	7230	32172	0	3067255	1513829	1513829	0.011587
INDEP_CANDIDATE	mpbp_34	2	4326	7230	32172	1	3067255	2758778	2758778	0.001714
INDEP_CANDIDATE	mpbp_34	2	4326	7230	32172	2	3067255	75720110	75720110	0.005732
INDEP_CANDIDATE	mpbp_34	3	4728	6828	33648	0	3088177	1744717	1744717	0.012189
INDEP_CANDIDATE	mpbp_34	3	4728	6828	33648	1	3088177	2956806	2956806	0.001619
INDEP_CANDIDATE	mpbp_34	3	4728	6828	33648	2	3088177	260090372	260090372	0.009827
INDEP_CANDIDATE	mpbp_34	4	4254	7302	37392	0	3144893	1643679	1643679	0.012090
INDEP_CANDIDATE	mpbp_34	4	4254	7302	37392	1	3144893	3267970	3267970	0.001764
INDEP_CANDIDATE	mpbp_34	4	4254	7302	37392	2	3144893	75763991	75763991	0.005709
INDEP_CANDIDATE	mpbp_34	5	4248	7308	37332	0	3144893	1735229	1735229	0.012007
INDEP_CANDIDATE	mpbp_34	5	4248	7308	37332	1	3144893	3267970	3267970	0.001771
INDEP_CANDIDATE	mpbp_34	5	4248	7308	37332	2	3144893	75746275	75746275	0.005660
INDEP_ROW	mpbp_34	11556	40860	3093917	891674	891674	891674	891674	891674	891674	891674	891674	891674	891674
INDEP_CANDIDATE	cvxnonsep_normcon20r	0	61	21	40	0	425	425	425	0.000007
INDEP_CANDIDATE	cvxnonsep_normcon20r	0	61	21	40	1	425	425	425	0.000006
INDEP_CANDIDATE	cvxnonsep_normcon20r	0	61	21	40	2	425	425	425	0.000005
INDEP_ROW	cvxnonsep_normcon20r	82	162	325	325	325	325	325	325	325	325	325	325	325
INDEP_CANDIDATE	cvxnonsep_psig20r	0	64	22	42	0	446	446	446	0.000006
INDEP_CANDIDATE	cvxnonsep_psig20r	0	64	22	42	1	446	446	446	0.000006
INDEP_CANDIDATE	cvxnonsep_psig20r	0	64	22	42	2	446	446	446	0.000005
INDEP_ROW	cvxnonsep_psig20r	86	170	341	341	341	341	341	341	341	341	341	341	341
INDEP_ROW	crudeoil_pooling_dt2	18742	75910	14985540	9947932	9947932	9947932	9947932	9947932	9947932	9947932	9947932	9947932	9947932
INDEP_CANDIDATE	rsyn0805m03m	0	1272	1596	5810	0	64107	85499	85499	0.003315
INDEP_CANDIDATE	rsyn0805m03m	0	1272	1596	5810	1	64107	64107	64107	0.000528
INDEP_CANDIDATE	rsyn0805m03m	0	1272	1596	5810	2	64107	338602	338602	0.000703
INDEP_CANDIDATE	rsyn0805m03m	1	1332	1536	6050	0	64668	75772	75772	0.003116
INDEP_CANDIDATE	rsyn0805m03m	1	1332	1536	6050	1	64668	64629	64629	0.000494
INDEP_CANDIDATE	rsyn0805m03m	1	1332	1536	6050	2	64668	416187	416187	0.000627
INDEP_CANDIDATE	rsyn0805m03m	2	767	2101	7846	0	69287	89487	89487	0.004308
INDEP_CANDIDATE	rsyn0805m03m	2	767	2101	7846	1	69287	69287	69287	0.000592
INDEP_CANDIDATE	rsyn0805m03m	2	767	2101	7846	2	69287	373138	373138	0.000724
INDEP_CANDIDATE	rsyn0805m03m	3	1140	1728	8140	0	78107	93433	93433	0.003896
INDEP_CANDIDATE	rsyn0805m03m	3	1140	1728	8140	1	78107	78179	78179	0.000550
INDEP_CANDIDATE	rsyn0805m03m	3	1140	1728	8140	2	78107	232603	232603	0.000669
INDEP_CANDIDATE	rsyn0805m03m	4	1376	1492	7878	0	79834	162078	162078	0.002629
INDEP_CANDIDATE	rsyn0805m03m	4	1376	1492	7878	1	79834	78833	78833	0.000530
INDEP_CANDIDATE	rsyn0805m03m	4	1376	1492	7878	2	79834	429851	429851	0.000684
INDEP_CANDIDATE	rsyn0805m03m	5	1380	1488	8162	0	86106	144112	144112	0.002635
INDEP_CANDIDATE	rsyn0805m03m	5	1380	1488	8162	1	86106	86171	86171	0.000521
INDEP_CANDIDATE	rsyn0805m03m	5	1380	1488	8162	2	86106	420796	420796	0.000656
INDEP_ROW	rsyn0805m03m	2868	8270	60979	54853	54853	54853	54853	54853	54853	54853	54853	54853	54853
INDEP_ROW	st_iqpbk1	22	98	295	295	295	295	295	295	295	295	295	295	295
INDEP_CANDIDATE	waterund01	0	49	47	384	0	3560	3560	3560	0.000022
INDEP_CANDIDATE	waterund01	0	49	47	384	1	3560	3317	3317	0.000018
INDEP_CANDIDATE	waterund01	0	49	47	384	2	3560	4100	4100	0.000017
INDEP_CANDIDATE	waterund01	1	37	59	342	0	4506	4506	4506	0.000027
INDEP_CANDIDATE	waterund01	1	37	59	342	1	4506	4506	4506	0.000022
INDEP_CANDIDATE	waterund01	1	37	59	342	2	4506	5010	5010	0.000024
INDEP_CANDIDATE	waterund01	2	33	63	326	0	4546	4546	4546	0.000025
INDEP_CANDIDATE	waterund01	2	33	63	326	1	4546	4546	4546	0.000021
INDEP_CANDIDATE	waterund01	2	33	63	326	2	4546	5292	5292	0.000023
INDEP_CANDIDATE	waterund01	3	16	80	372	0	4626	4626	4626	0.000029
INDEP_CANDIDATE	waterund01	3	16	80	372	1	4626	3397	3397	0.000029
INDEP_CANDIDATE	waterund01	3	16	80	372	2	4626	5814	5814	0.000028
INDEP_CANDIDATE	waterund01	4	18	78	392	0	4690	4690	4690	0.000026
INDEP_CANDIDATE	waterund01	4	18	78	392	1	4690	4355	4355	0.000029
INDEP_CANDIDATE	waterund01	4	18	78	392	2	4690	6036	6036	0.000025
INDEP_ROW	waterund01	96	404	4546	3317	3317	3317	3317	3317	3317	3317	3317	3317	3317
INDEP_ROW	pointpack04	29	120	577	577	577	577	577	577	577	577	577	577	577
INDEP_ROW	st_e22	12	30	77	70	70	70	70	70	70	70	70	70	70
INDEP_ROW	faclay30	16678	82242	13452923	12850431	12850431	12850431	12850431	12850431	12850431	12850431	12850431	12850431	12850431
INDEP_CANDIDATE	arki0002	0	1824	2608	9424	0	690112	1104271	1104271	0.004634
INDEP_CANDIDATE	arki0002	0	1824	2608	9424	1	690112	690112	690112	0.000720
INDEP_CANDIDATE	arki0002	0	1824	2608	9424	2	690112	3188770	3188770	0.001108
INDEP_CANDIDATE	arki0002	1	2132	2300	7224	0	720880	1376032	1376032	0.003740
INDEP_CANDIDATE	arki0002	1	2132	2300	7224	1	720880	720880	720880	0.000627
INDEP_CANDIDATE	arki0002	1	2132	2300	7224	2	720880	10557000	10557000	0.002718
INDEP_CANDIDATE	arki0002	2	1976	2456	13680	0	1019236	1763174	1763174	0.004620
INDEP_CANDIDATE	arki0002	2	1976	2456	13680	1	1019236	1019236	1019236	0.000836
INDEP_CANDIDATE	arki0002	2	1976	2456	13680	2	1019236	60549998	60549998	0.000959
INDEP_ROW	arki0002	4432	11248	683476	667374	667374	667374	667374	667374	667374	667374	667374	667374	667374
INDEP_CANDIDATE	transswitch0300p	0	4909	6750	41276	0	410312	848554	848554	0.014402
INDEP_CANDIDATE	transswitch0300p	0	4909	6750	41276	1	410312	422060	422060	0.002238
INDEP_CANDIDATE	transswitch0300p	0	4909	6750	41276	2	410312	6017978	6017978	0.003881
INDEP_CANDIDATE	transswitch0300p	1	3684	7975	43430	0	440415	882421	882421	0.017619
INDEP_CANDIDATE	transswitch0300p	1	3684	7975	43430	1	440415	500716	500716	0.002807
INDEP_CANDIDATE	transswitch0300p	1	3684	7975	43430	2	440415	185658837	185658837	0.016684
INDEP_CANDIDATE	transswitch0300p	2	5519	6140	39596	0	446700	794725	794725	0.013468
INDEP_CANDIDATE	transswitch0300p	2	5519	6140	39596	1	446700	454184	454184	0.002043
INDEP_CANDIDATE	transswitch0300p	2	5519	6140	39596	2	446700	4848363	4848363	0.003081
INDEP_CANDIDATE	transswitch0300p	3	3822	7837	44186	0	574685	1001439	1001439	0.018495
INDEP_CANDIDATE	transswitch0300p	3	3822	7837	44186	1	574685	585096	585096	0.002750
INDEP_CANDIDATE	transswitch0300p	3	3822	7837	44186	2	574685	96753108	96753108	0.010367
INDEP_ROW	transswitch0300p	11659	48446	404940	377741	377741	377741	377741	377741	377741	377741	377741	377741	377741
INDEP_ROW	crudeoil_pooling_dt3	30660	152210	48975085	33883414	33883414	33883414	33883414	33883414	33883414	33883414	33883414	33883414	33883414
INDEP_ROW	gasprod_sarawak81	22536	75636	1030380	941231	941231	941231	941231	941231	941231	941231	941231	941231	941231
INDEP_CANDIDATE	maxcsp-langford-3-11	0	33	627	41846	0	23320001	14622100	14622100	0.004189
INDEP_CANDIDATE	maxcsp-langford-3-11	0	33	627	41846	1	23320001	23320001	23320001	0.001408
INDEP_CANDIDATE	maxcsp-langford-3-11	0	33	627	41846	2	23320001	26187979	26187979	0.001247
INDEP_CANDIDATE	maxcsp-langford-3-11	1	12	648	31002	0	33444033	33444033	33444033	0.003273
INDEP_CANDIDATE	maxcsp-langford-3-11	1	12	648	31002	1	33444033	32654252	32654252	0.000743
INDEP_CANDIDATE	maxcsp-langford-3-11	1	12	648	31002	2	33444033	31491534	31491534	0.000832
INDEP_CANDIDATE	maxcsp-langford-3-11	2	3	657	29808	0	33444033	33444033	33444033	0.003177
INDEP_CANDIDATE	maxcsp-langford-3-11	2	3	657	29808	1	33444033	33268033	33268033	0.000756
INDEP_CANDIDATE	maxcsp-langford-3-11	2	3	657	29808	2	33444033	31794253	31794253	0.000806
INDEP_CANDIDATE	maxcsp-langford-3-11	3	33	627	40998	0	34383553	34383553	34383553	0.002935
INDEP_CANDIDATE	maxcsp-langford-3-11	3	33	627	40998	1	34383553	34533592	34533592	0.000768
INDEP_CANDIDATE	maxcsp-langford-3-11	3	33	627	40998	2	34383553	32772730	32772730	0.000907
INDEP_CANDIDATE	maxcsp-langford-3-11	4	18	642	32628	0	34383553	34383553	34383553	0.003312
INDEP_CANDIDATE	maxcsp-langford-3-11	4	18	642	32628	1	34383553	33958472	33958472	0.000736
INDEP_CANDIDATE	maxcsp-langford-3-11	4	18	642	32628	2	34383553	31010454	31010454	0.000829
INDEP_ROW	maxcsp-langford-3-11	660	29646	33444033	10360919	10360919	10360919	10360919	10360919	10360919	10360919	10360919	10360919	10360919
INDEP_CANDIDATE	p_ball_30b_5p_2d_h	0	544	999	4136	0	25843	57062	57062	0.000821
INDEP_CANDIDATE	p_ball_30b_5p_2d_h	0	544	999	4136	1	25843	38192	38192	0.000300
INDEP_CANDIDATE	p_ball_30b_5p_2d_h	0	544	999	4136	2	25843	65335	65335	0.000357
INDEP_CANDIDATE	p_ball_30b_5p_2d_h	1	304	1239	4624	0	29491	60532	60532	0.001831
INDEP_CANDIDATE	p_ball_30b_5p_2d_h	1	304	1239	4624	1	29491	29491	29491	0.000305
INDEP_CANDIDATE	p_ball_30b_5p_2d_h	1	304	1239	4624	2	29491	35960	35960	0.000283
INDEP_CANDIDATE	p_ball_30b_5p_2d_h	2	844	699	4136	0	30643	76134	76134	0.000689
INDEP_CANDIDATE	p_ball_30b_5p_2d_h	2	844	699	4136	1	30643	42992	42992	0.000291
INDEP_CANDIDATE	p_ball_30b_5p_2d_h	2	844	699	4136	2	30643	58737	58737	0.000297
INDEP_CANDIDATE	p_ball_30b_5p_2d_h	3	494	1049	4656	0	33621	66579	66579	0.001119
INDEP_CANDIDATE	p_ball_30b_5p_2d_h	3	494	1049	4656	1	33621	33621	33621	0.000281
INDEP_CANDIDATE	p_ball_30b_5p_2d_h	3	494	1049	4656	2	33621	72478	72478	0.000329
INDEP_CANDIDATE	p_ball_30b_5p_2d_h	4	849	694	4366	0	34579	108297	108297	0.000772
INDEP_CANDIDATE	p_ball_30b_5p_2d_h	4	849	694	4366	1	34579	47008	47008	0.000296
INDEP_CANDIDATE	p_ball_30b_5p_2d_h	4	849	694	4366	2	34579	62304	62304	0.000302
INDEP_ROW	p_ball_30b_5p_2d_h	1543	5224	25843	25742	25742	25742	25742	25742	25742	25742	25742	25742	25742
INDEP_CANDIDATE	ringpack_20_3	0	3258	3451	41284	0	1364402	2165878	2165878	0.006847
INDEP_CANDIDATE	ringpack_20_3	0	3258	3451	41284	1	1364402	1364402	1364402	0.004470
INDEP_CANDIDATE	ringpack_20_3	0	3258	3451	41284	2	1364402	2176794	2176794	0.004151
INDEP_CANDIDATE	ringpack_20_3	1	3217	3492	56776	0	1467390	2099045	2099045	0.007561
INDEP_CANDIDATE	ringpack_20_3	1	3217	3492	56776	1	1467390	1467390	1467390	0.003712
INDEP_CANDIDATE	ringpack_20_3	1	3217	3492	56776	2	1467390	2213018	2213018	0.003550
INDEP_CANDIDATE	ringpack_20_3	2	3223	3486	57520	0	1468542	2148831	2148831	0.007868
INDEP_CANDIDATE	ringpack_20_3	2	3223	3486	57520	1	1468542	1468542	1468542	0.003763
INDEP_CANDIDATE	ringpack_20_3	2	3223	3486	57520	2	1468542	2214170	2214170	0.003579
INDEP_ROW	ringpack_20_3	6709	45220	2415136	865627	865627	865627	865627	865627	865627	865627	865627	865627	865627
INDEP_CANDIDATE	waste	0	2692	2133	32876	0	1459922	2937379	2937379	0.003813
INDEP_CANDIDATE	waste	0	2692	2133	32876	1	1459922	1756094	1756094	0.003519
INDEP_CANDIDATE	waste	0	2692	2133	32876	2	1459922	1949152	1949152	0.002918
INDEP_CANDIDATE	waste	1	2322	2503	19260	0	1468261	1764275	1764275	0.003847
INDEP_CANDIDATE	waste	1	2322	2503	19260	1	1468261	1826088	1826088	0.002285
INDEP_CANDIDATE	waste	1	2322	2503	19260	2	1468261	2984026	2984026	0.001751
INDEP_CANDIDATE	waste	2	2295	2530	19314	0	1468261	1777303	1777303	0.003647
INDEP_CANDIDATE	waste	2	2295	2530	19314	1	1468261	1585098	1585098	0.002518
INDEP_CANDIDATE	waste	2	2295	2530	19314	2	1468261	2796664	2796664	0.001861
INDEP_CANDIDATE	waste	3	1684	3141	18960	0	1473505	3855500	3855500	0.004556
INDEP_CANDIDATE	waste	3	1684	3141	18960	1	1473505	1590342	1590342	0.002586
INDEP_CANDIDATE	waste	3	1684	3141	18960	2	1473505	2801908	2801908	0.001908
INDEP_CANDIDATE	waste	4	1768	3057	19134	0	1474261	2111447	2111447	0.004014
INDEP_CANDIDATE	waste	4	1768	3057	19134	1	1474261	1591098	1591098	0.002591
INDEP_CANDIDATE	waste	4	1768	3057	19134	2	1474261	2802664	2802664	0.001901
INDEP_CANDIDATE	waste	5	1805	3020	20572	0	1508024	3208868	3208868	0.004951
INDEP_CANDIDATE	waste	5	1805	3020	20572	1	1508024	1508024	1508024	0.002287
INDEP_CANDIDATE	waste	5	1805	3020	20572	2	1508024	2548289	2548289	0.001979
INDEP_ROW	waste	4825	21504	1468261	1270649	1270649	1270649	1270649	1270649	1270649	1270649	1270649	1270649	1270649
INDEP_CANDIDATE	catmix400	0	3	1998	11180	0	36364	74057	74057	0.002307
INDEP_CANDIDATE	catmix400	0	3	1998	11180	1	36364	36364	36364	0.000279
INDEP_CANDIDATE	catmix400	0	3	1998	11180	2	36364	36364	36364	0.000262
INDEP_CANDIDATE	catmix400	1	3	1998	11180	0	36389	73934	73934	0.002222
INDEP_CANDIDATE	catmix400	1	3	1998	11180	1	36389	36389	36389	0.000269
INDEP_CANDIDATE	catmix400	1	3	1998	11180	2	36389	36389	36389	0.000272
INDEP_CANDIDATE	catmix400	2	801	1200	7188	0	48733	63005	63005	0.001152
INDEP_CANDIDATE	catmix400	2	801	1200	7188	1	48733	48733	48733	0.000183
INDEP_CANDIDATE	catmix400	2	801	1200	7188	2	48733	48733	48733	0.000175
INDEP_CANDIDATE	catmix400	3	401	1600	11180	0	53901	66505	66505	0.001878
INDEP_CANDIDATE	catmix400	3	401	1600	11180	1	53901	53901	53901	0.000229
INDEP_CANDIDATE	catmix400	3	401	1600	11180	2	53901	53901	53901	0.000216
INDEP_ROW	catmix400	2001	11192	36373	36364	36364	36364	36364	36364	36364	36364	36364	36364	36364
INDEP_CANDIDATE	rsyn0815m02hfsg	0	1357	1697	5478	0	45566	52576	52576	0.002429
INDEP_CANDIDATE	rsyn0815m02hfsg	0	1357	1697	5478	1	45566	44944	44944	0.000495
INDEP_CANDIDATE	rsyn0815m02hfsg	0	1357	1697	5478	2	45566	2359118	2359118	0.001322
INDEP_CANDIDATE	rsyn0815m02hfsg	1	1475	1579	5808	0	49444	60064	60064	0.002155
INDEP_CANDIDATE	rsyn0815m02hfsg	1	1475	1579	5808	1	49444	50315	50315	0.000506
INDEP_CANDIDATE	rsyn0815m02hfsg	1	1475	1579	5808	2	49444	2923332	2923332	0.001354
INDEP_CANDIDATE	rsyn0815m02hfsg	2	1478	1576	5954	0	50761	68504	68504	0.002646
INDEP_CANDIDATE	rsyn0815m02hfsg	2	1478	1576	5954	1	50761	51825	51825	0.000516
INDEP_CANDIDATE	rsyn0815m02hfsg	2	1478	1576	5954	2	50761	1556608	1556608	0.001171
INDEP_CANDIDATE	rsyn0815m02hfsg	3	824	2230	7502	0	55639	68489	68489	0.003766
INDEP_CANDIDATE	rsyn0815m02hfsg	3	824	2230	7502	1	55639	53876	53876	0.000595
INDEP_CANDIDATE	rsyn0815m02hfsg	3	824	2230	7502	2	55639	2043889	2043889	0.001205
INDEP_CANDIDATE	rsyn0815m02hfsg	4	1485	1569	6608	0	60955	81722	81722	0.002246
INDEP_CANDIDATE	rsyn0815m02hfsg	4	1485	1569	6608	1	60955	64683	64683	0.000526
INDEP_CANDIDATE	rsyn0815m02hfsg	4	1485	1569	6608	2	60955	2339469	2339469	0.001288
INDEP_CANDIDATE	rsyn0815m02hfsg	5	959	2095	7888	0	64446	74824	74824	0.003356
INDEP_CANDIDATE	rsyn0815m02hfsg	5	959	2095	7888	1	64446	64255	64255	0.000590
INDEP_CANDIDATE	rsyn0815m02hfsg	5	959	2095	7888	2	64446	372973	372973	0.000803
INDEP_ROW	rsyn0815m02hfsg	3054	7968	44604	41416	41416	41416	41416	41416	41416	41416	41416	41416	41416
INDEP_CANDIDATE	p_ball_10b_7p_3d_h	0	485	751	3216	0	24709	32523	32523	0.000756
INDEP_CANDIDATE	p_ball_10b_7p_3d_h	0	485	751	3216	1	24709	24709	24709	0.000191
INDEP_CANDIDATE	p_ball_10b_7p_3d_h	0	485	751	3216	2	24709	195706	195706	0.000286
INDEP_CANDIDATE	p_ball_10b_7p_3d_h	1	216	1020	3766	0	27301	37710	37710	0.000953
INDEP_CANDIDATE	p_ball_10b_7p_3d_h	1	216	1020	3766	1	27301	27301	27301	0.000209
INDEP_CANDIDATE	p_ball_10b_7p_3d_h	1	216	1020	3766	2	27301	280228	280228	0.000351
INDEP_CANDIDATE	p_ball_10b_7p_3d_h	2	695	541	3216	0	27740	34637	34637	0.000783
INDEP_CANDIDATE	p_ball_10b_7p_3d_h	2	695	541	3216	1	27740	27740	27740	0.000166
INDEP_CANDIDATE	p_ball_10b_7p_3d_h	2	695	541	3216	2	27740	133145	133145	0.000212
INDEP_CANDIDATE	p_ball_10b_7p_3d_h	3	412	824	4160	0	34518	41089	41089	0.000974
INDEP_CANDIDATE	p_ball_10b_7p_3d_h	3	412	824	4160	1	34518	34189	34189	0.000214
INDEP_CANDIDATE	p_ball_10b_7p_3d_h	3	412	824	4160	2	34518	190687	190687	0.000297
INDEP_ROW	p_ball_10b_7p_3d_h	1236	4186	24380	23744	23744	23744	23744	23744	23744	23744	23744	23744	23744
INDEP_CANDIDATE	chimera_k64ising-02	0	343	882	3452	0	511691	650276	650276	0.001670
INDEP_CANDIDATE	chimera_k64ising-02	0	343	882	3452	1	511691	702693	702693	0.000464
INDEP_CANDIDATE	chimera_k64ising-02	0	343	882	3452	2	511691	6913461	6913461	0.001121
INDEP_CANDIDATE	chimera_k64ising-02	1	452	773	3716	0	624516	643413	643413	0.001626
INDEP_CANDIDATE	chimera_k64ising-02	1	452	773	3716	1	624516	605743	605743	0.000435
INDEP_CANDIDATE	chimera_k64ising-02	1	452	773	3716	2	624516	7171780	7171780	0.001098
INDEP_CANDIDATE	chimera_k64ising-02	2	481	744	3030	0	632913	496779	496779	0.001526
INDEP_CANDIDATE	chimera_k64ising-02	2	481	744	3030	1	632913	617035	617035	0.000401
INDEP_CANDIDATE	chimera_k64ising-02	2	481	744	3030	2	632913	5069471	5069471	0.000893
INDEP_CANDIDATE	chimera_k64ising-02	3	453	772	3732	0	635071	668290	668290	0.001646
INDEP_CANDIDATE	chimera_k64ising-02	3	453	772	3732	1	635071	575979	575979	0.000437
INDEP_CANDIDATE	chimera_k64ising-02	3	453	772	3732	2	635071	6842543	6842543	0.001057
INDEP_CANDIDATE	chimera_k64ising-02	4	543	682	3134	0	649110	579293	579293	0.001463
INDEP_CANDIDATE	chimera_k64ising-02	4	543	682	3134	1	649110	779294	779294	0.000393
INDEP_CANDIDATE	chimera_k64ising-02	4	543	682	3134	2	649110	5224717	5224717	0.000896
INDEP_CANDIDATE	chimera_k64ising-02	5	542	683	3122	0	649110	556311	556311	0.001487
INDEP_CANDIDATE	chimera_k64ising-02	5	542	683	3122	1	649110	719949	719949	0.000387
INDEP_CANDIDATE	chimera_k64ising-02	5	542	683	3122	2	649110	4788612	4788612	0.000869
INDEP_ROW	chimera_k64ising-02	1225	3846	613390	371142	371142	371142	371142	371142	371142	371142	371142	371142	371142
INDEP_CANDIDATE	batchs121208m	0	1679	1725	8392	0	140046	251245	251245	0.003858
INDEP_CANDIDATE	batchs121208m	0	1679	1725	8392	1	140046	140046	140046	0.000529
INDEP_CANDIDATE	batchs121208m	0	1679	1725	8392	2	140046	157062	157062	0.000534
INDEP_CANDIDATE	batchs121208m	1	406	2998	11056	0	142566	282826	282826	0.005114
INDEP_CANDIDATE	batchs121208m	1	406	2998	11056	1	142566	142566	142566	0.000714
INDEP_CANDIDATE	batchs121208m	1	406	2998	11056	2	142566	616039	616039	0.000839
INDEP_CANDIDATE	batchs121208m	2	1703	1701	9064	0	146454	278143	278143	0.003774
INDEP_CANDIDATE	batchs121208m	2	1703	1701	9064	1	146454	146454	146454	0.000531
INDEP_CANDIDATE	batchs121208m	2	1703	1701	9064	2	146454	565843	565843	0.000667
INDEP_CANDIDATE	batchs121208m	3	1486	1918	11656	0	165246	281337	281337	0.004470
INDEP_CANDIDATE	batchs121208m	3	1486	1918	11656	1	165246	165246	165246	0.000613
INDEP_CANDIDATE	batchs121208m	3	1486	1918	11656	2	165246	601285	601285	0.000729
INDEP_CANDIDATE	batchs121208m	4	1510	1894	12616	0	172182	289328	289328	0.004458
INDEP_CANDIDATE	batchs121208m	4	1510	1894	12616	1	172182	172182	172182	0.000622
INDEP_CANDIDATE	batchs121208m	4	1510	1894	12616	2	172182	648073	648073	0.000887
INDEP_CANDIDATE	batchs121208m	5	1511	1893	12746	0	172374	274590	274590	0.004555
INDEP_CANDIDATE	batchs121208m	5	1511	1893	12746	1	172374	172374	172374	0.000612
INDEP_CANDIDATE	batchs121208m	5	1511	1893	12746	2	172374	668476	668476	0.000892
INDEP_ROW	batchs121208m	3404	11462	138030	128816	128816	128816	128816	128816	128816	128816	128816	128816	128816
INDEP_ROW	nvs02	11	46	142	142	142	142	142	142	142	142	142	142	142
INDEP_CANDIDATE	wastepaper6	0	35	156	1358	0	16616	16616	16616	0.000068
INDEP_CANDIDATE	wastepaper6	0	35	156	1358	1	16616	16616	16616	0.000071
INDEP_CANDIDATE	wastepaper6	0	35	156	1358	2	16616	20852	20852	0.000074
INDEP_CANDIDATE	wastepaper6	1	1	190	1414	0	16616	16616	16616	0.000066
INDEP_CANDIDATE	wastepaper6	1	1	190	1414	1	16616	16616	16616	0.000078
INDEP_CANDIDATE	wastepaper6	1	1	190	1414	2	16616	21248	21248	0.000077
INDEP_CANDIDATE	wastepaper6	2	7	184	1414	0	16790	16790	16790	0.000069
INDEP_CANDIDATE	wastepaper6	2	7	184	1414	1	16790	16790	16790	0.000069
INDEP_CANDIDATE	wastepaper6	2	7	184	1414	2	16790	21302	21302	0.000066
INDEP_CANDIDATE	wastepaper6	3	119	72	1266	0	17122	17122	17122	0.000050
INDEP_CANDIDATE	wastepaper6	3	119	72	1266	1	17122	16760	16760	0.000048
INDEP_CANDIDATE	wastepaper6	3	119	72	1266	2	17122	18905	18905	0.000043
INDEP_ROW	wastepaper6	191	1416	16611	16611	16611	16611	16611	16611	16611	16611	16611	16611	16611
INDEP_CANDIDATE	syn15hfsg	0	178	221	666	0	3310	3576	3576	0.000244
INDEP_CANDIDATE	syn15hfsg	0	178	221	666	1	3310	3289	3289	0.000071
INDEP_CANDIDATE	syn15hfsg	0	178	221	666	2	3310	34583	34583	0.000101
INDEP_CANDIDATE	syn15hfsg	1	199	200	670	0	3788	3788	3788	0.000070
INDEP_CANDIDATE	syn15hfsg	1	199	200	670	1	3788	3729	3729	0.000065
INDEP_CANDIDATE	syn15hfsg	1	199	200	670	2	3788	14283	14283	0.000078
INDEP_CANDIDATE	syn15hfsg	2	87	312	974	0	4460	5024	5024	0.000271
INDEP_CANDIDATE	syn15hfsg	2	87	312	974	1	4460	4453	4453	0.000089
INDEP_CANDIDATE	syn15hfsg	2	87	312	974	2	4460	18055	18055	0.000112
INDEP_ROW	syn15hfsg	399	1022	3300	3272	3272	3272	3272	3272	3272	3272	3272	3272	3272
INDEP_CANDIDATE	st_jcbpaf2	0	13	23	220	0	1635	1635	1635	0.000013
INDEP_CANDIDATE	st_jcbpaf2	0	13	23	220	1	1635	1543	1543	0.000015
INDEP_CANDIDATE	st_jcbpaf2	0	13	23	220	2	1635	1564	1564	0.000012
INDEP_CANDIDATE	st_jcbpaf2	1	6	30	314	0	2073	2073	2073	0.000015
INDEP_CANDIDATE	st_jcbpaf2	1	6	30	314	1	2073	2073	2073	0.000014
INDEP_CANDIDATE	st_jcbpaf2	1	6	30	314	2	2073	2002	2002	0.000012
INDEP_ROW	st_jcbpaf2	36	246	1635	1543	1543	1543	1543	1543	1543	1543	1543	1543	1543
INDEP_CANDIDATE	camshape400	0	800	1200	5588	0	16768	22638	22638	0.001208
INDEP_CANDIDATE	camshape400	0	800	1200	5588	1	16768	16768	16768	0.000188
INDEP_CANDIDATE	camshape400	0	800	1200	5588	2	16768	16775	16775	0.000164
INDEP_CANDIDATE	camshape400	1	801	1199	5588	0	16811	23511	23511	0.001264
INDEP_CANDIDATE	camshape400	1	801	1199	5588	1	16811	16811	16811	0.000183
INDEP_CANDIDATE	camshape400	1	801	1199	5588	2	16811	16838	16838	0.000152
INDEP_CANDIDATE	camshape400	2	402	1598	6384	0	21585	27699	27699	0.001673
INDEP_CANDIDATE	camshape400	2	402	1598	6384	1	21585	21585	21585	0.000218
INDEP_CANDIDATE	camshape400	2	402	1598	6384	2	21585	21592	21592	0.000216
INDEP_ROW	camshape400	2000	7188	16768	16768	16768	16768	16768	16768	16768	16768	16768	16768	16768
INDEP_CANDIDATE	graphpart_clique-30	0	3	117	2784	0	112091	112091	112091	0.000068
INDEP_CANDIDATE	graphpart_clique-30	0	3	117	2784	1	112091	112091	112091	0.000060
INDEP_CANDIDATE	graphpart_clique-30	0	3	117	2784	2	112091	223583	223583	0.000044
INDEP_CANDIDATE	graphpart_clique-30	1	30	90	2790	0	114505	114505	114505	0.000069
INDEP_CANDIDATE	graphpart_clique-30	1	30	90	2790	1	114505	114505	114505	0.000059
INDEP_CANDIDATE	graphpart_clique-30	1	30	90	2790	2	114505	148624	148624	0.000053
INDEP_ROW	graphpart_clique-30	120	2790	114505	91153	91153	91153	91153	91153	91153	91153	91153	91153	91153
INDEP_CANDIDATE	graphpart_clique-70	0	3	277	14904	0	1399494	1540337	1540337	0.000983
INDEP_CANDIDATE	graphpart_clique-70	0	3	277	14904	1	1399494	1419051	1419051	0.000273
INDEP_CANDIDATE	graphpart_clique-70	0	3	277	14904	2	1399494	1929971	1929971	0.000245
INDEP_CANDIDATE	graphpart_clique-70	1	70	210	14910	0	1413012	1660928	1660928	0.001408
INDEP_CANDIDATE	graphpart_clique-70	1	70	210	14910	1	1413012	1413012	1413012	0.000283
INDEP_CANDIDATE	graphpart_clique-70	1	70	210	14910	2	1413012	1960209	1960209	0.000233
INDEP_ROW	graphpart_clique-70	280	14910	1413012	1144894	1144894	1144894	1144894	1144894	1144894	1144894	1144894	1144894	1144894
INDEP_CANDIDATE	smallinvDAXr1b010-011	0	5	34	1110	0	13510	13510	13510	0.000023
INDEP_CANDIDATE	smallinvDAXr1b010-011	0	5	34	1110	1	13510	13510	13510	0.000015
INDEP_CANDIDATE	smallinvDAXr1b010-011	0	5	34	1110	2	13510	13510	13510	0.000014
INDEP_CANDIDATE	smallinvDAXr1b010-011	1	6	33	1056	0	13705	13705	13705	0.000020
INDEP_CANDIDATE	smallinvDAXr1b010-011	1	6	33	1056	1	13705	13705	13705	0.000012
INDEP_CANDIDATE	smallinvDAXr1b010-011	1	6	33	1056	2	13705	13705	13705	0.000012
INDEP_CANDIDATE	smallinvDAXr1b010-011	2	4	35	1172	0	18807	18807	18807	0.000023
INDEP_CANDIDATE	smallinvDAXr1b010-011	2	4	35	1172	1	18807	18807	18807	0.000015
INDEP_CANDIDATE	smallinvDAXr1b010-011	2	4	35	1172	2	18807	18807	18807	0.000015
INDEP_ROW	smallinvDAXr1b010-011	39	1120	13510	13319	13319	13319	13319	13319	13319	13319	13319	13319	13319
INDEP_ROW	nd_netgen-2000-3-4-b-a-ns_7	22074	60000	289420	273394	273394	273394	273394	273394	273394	273394	273394	273394	273394
INDEP_CANDIDATE	slay05m	0	140	100	440	0	2635	2635	2635	0.000029
INDEP_CANDIDATE	slay05m	0	140	100	440	1	2635	2635	2635	0.000028
INDEP_CANDIDATE	slay05m	0	140	100	440	2	2635	2925	2925	0.000030
INDEP_ROW	slay05m	240	720	2635	2635	2635	2635	2635	2635	2635	2635	2635	2635	2635
INDEP_CANDIDATE	chimera_selby-c16-01	0	649	1382	14804	0	3170710	3409776	3409776	0.004770
INDEP_CANDIDATE	chimera_selby-c16-01	0	649	1382	14804	1	3170710	3240906	3240906	0.001146
INDEP_CANDIDATE	chimera_selby-c16-01	0	649	1382	14804	2	3170710	9256942	9256942	0.001929
INDEP_CANDIDATE	chimera_selby-c16-01	1	514	1517	13662	0	3213287	3172241	3172241	0.005009
INDEP_CANDIDATE	chimera_selby-c16-01	1	514	1517	13662	1	3213287	3458520	3458520	0.001219
INDEP_CANDIDATE	chimera_selby-c16-01	1	514	1517	13662	2	3213287	7498656	7498656	0.002046
INDEP_CANDIDATE	chimera_selby-c16-01	2	29	2002	10960	0	3606354	3629828	3629828	0.005278
INDEP_CANDIDATE	chimera_selby-c16-01	2	29	2002	10960	1	3606354	4059597	4059597	0.001348
INDEP_CANDIDATE	chimera_selby-c16-01	2	29	2002	10960	2	3606354	8718080	8718080	0.002583
INDEP_CANDIDATE	chimera_selby-c16-01	3	332	1699	13264	0	3668042	3529456	3529456	0.005280
INDEP_CANDIDATE	chimera_selby-c16-01	3	332	1699	13264	1	3668042	3327202	3327202	0.001264
INDEP_CANDIDATE	chimera_selby-c16-01	3	332	1699	13264	2	3668042	8743639	8743639	0.002328
INDEP_CANDIDATE	chimera_selby-c16-01	4	645	1386	16130	0	3683574	3294364	3294364	0.004369
INDEP_CANDIDATE	chimera_selby-c16-01	4	645	1386	16130	1	3683574	3881183	3881183	0.001171
INDEP_CANDIDATE	chimera_selby-c16-01	4	645	1386	16130	2	3683574	5724766	5724766	0.001960
INDEP_ROW	chimera_selby-c16-01	2031	10964	3605628	2421342	2419363	2419363	2419363	2419363	2419363	2419363	2419363	2419363	2419363
INDEP_CANDIDATE	csched1	0	80	30	100	0	996	996	996	0.000014
INDEP_CANDIDATE	csched1	0	80	30	100	1	996	996	996	0.000014
INDEP_CANDIDATE	csched1	0	80	30	100	2	996	1309	1309	0.000014
INDEP_CANDIDATE	csched1	1	15	95	358	0	1104	1104	1104	0.000023
INDEP_CANDIDATE	csched1	1	15	95	358	1	1104	1104	1104	0.000024
INDEP_CANDIDATE	csched1	1	15	95	358	2	1104	2079	2079	0.000026
INDEP_CANDIDATE	csched1	2	83	27	118	0	1125	1125	1125	0.000015
INDEP_CANDIDATE	csched1	2	83	27	118	1	1125	1125	1125	0.000011
INDEP_CANDIDATE	csched1	2	83	27	118	2	1125	1310	1310	0.000013
INDEP_CANDIDATE	csched1	3	16	94	368	0	1154	1154	1154	0.000023
INDEP_CANDIDATE	csched1	3	16	94	368	1	1154	1154	1154	0.000022
INDEP_CANDIDATE	csched1	3	16	94	368	2	1154	2068	2068	0.000024
INDEP_CANDIDATE	csched1	4	17	93	394	0	1445	1445	1445	0.000024
INDEP_CANDIDATE	csched1	4	17	93	394	1	1445	1443	1443	0.000023
INDEP_CANDIDATE	csched1	4	17	93	394	2	1445	1466	1466	0.000022
INDEP_ROW	csched1	110	376	975	975	975	975	975	975	975	975	975	975	975
INDEP_CANDIDATE	watercontamination0303r	0	555	755	35918	0	2171882	4293484	4293484	0.008694
INDEP_CANDIDATE	watercontamination0303r	0	555	755	35918	1	2171882	2362791	2362791	0.000594
INDEP_CANDIDATE	watercontamination0303r	0	555	755	35918	2	2171882	2384427	2384427	0.000594
INDEP_CANDIDATE	watercontamination0303r	1	555	755	36288	0	2177247	3902268	3902268	0.008348
INDEP_CANDIDATE	watercontamination0303r	1	555	755	36288	1	2177247	2368156	2368156	0.000558
INDEP_CANDIDATE	watercontamination0303r	1	555	755	36288	2	2177247	2389792	2389792	0.000612
INDEP_CANDIDATE	watercontamination0303r	2	556	754	36072	0	2384751	4311150	4311150	0.008590
INDEP_CANDIDATE	watercontamination0303r	2	556	754	36072	1	2384751	2384751	2384751	0.000619
INDEP_CANDIDATE	watercontamination0303r	2	556	754	36072	2	2384751	2440179	2440179	0.000621
INDEP_CANDIDATE	watercontamination0303r	3	557	753	36808	0	2473781	4289232	4289232	0.008510
INDEP_CANDIDATE	watercontamination0303r	3	557	753	36808	1	2473781	2471611	2471611	0.000577
INDEP_CANDIDATE	watercontamination0303r	3	557	753	36808	2	2473781	2433650	2433650	0.000580
INDEP_ROW	watercontamination0303r	1310	37028	2171882	2171882	2171882	2171882	2171882	2171882	2171882	2171882	2171882	2171882	2171882
INDEP_ROW	ex9_2_4	15	36	117	117	117	117	117	117	117	117	117	117	117
INDEP_CANDIDATE	sssd15-04	0	116	47	240	0	1903	1903	1903	0.000017
INDEP_CANDIDATE	sssd15-04	0	116	47	240	1	1903	1829	1829	0.000018
INDEP_CANDIDATE	sssd15-04	0	116	47	240	2	1903	2836	2836	0.000017
INDEP_CANDIDATE	sssd15-04	1	24	139	440	0	1913	1913	1913	0.000032
INDEP_CANDIDATE	sssd15-04	1	24	139	440	1	1913	1913	1913	0.000032
INDEP_CANDIDATE	sssd15-04	1	24	139	440	2	1913	2837	2837	0.000037
INDEP_ROW	sssd15-04	163	440	1625	1625	1625	1625	1625	1625	1625	1625	1625	1625	1625
INDEP_CANDIDATE	autocorr_bern35-35fix	0	3	35	1190	0	16214	16214	16214	0.000022
INDEP_CANDIDATE	autocorr_bern35-35fix	0	3	35	1190	1	16214	16214	16214	0.000013
INDEP_CANDIDATE	autocorr_bern35-35fix	0	3	35	1190	2	16214	16214	16214	0.000013
INDEP_CANDIDATE	autocorr_bern35-35fix	1	2	36	1260	0	16214	16214	16214	0.000022
INDEP_CANDIDATE	autocorr_bern35-35fix	1	2	36	1260	1	16214	16214	16214	0.000013
INDEP_CANDIDATE	autocorr_bern35-35fix	1	2	36	1260	2	16214	16214	16214	0.000013
INDEP_CANDIDATE	autocorr_bern35-35fix	2	1	37	1194	0	16214	16214	16214	0.000021
INDEP_CANDIDATE	autocorr_bern35-35fix	2	1	37	1194	1	16214	16214	16214	0.000015
INDEP_CANDIDATE	autocorr_bern35-35fix	2	1	37	1194	2	16214	16214	16214	0.000015
INDEP_ROW	autocorr_bern35-35fix	38	1264	16214	16214	16214	16214	16214	16214	16214	16214	16214	16214	16214
INDEP_CANDIDATE	sfacloc2_4_90	0	716	775	3282	0	33136	145605	145605	0.001180
INDEP_CANDIDATE	sfacloc2_4_90	0	716	775	3282	1	33136	68846	68846	0.000281
INDEP_CANDIDATE	sfacloc2_4_90	0	716	775	3282	2	33136	189098	189098	0.000424
INDEP_CANDIDATE	sfacloc2_4_90	1	440	1051	4292	0	37053	51807	51807	0.000941
INDEP_CANDIDATE	sfacloc2_4_90	1	440	1051	4292	1	37053	37053	37053	0.000352
INDEP_CANDIDATE	sfacloc2_4_90	1	440	1051	4292	2	37053	229745	229745	0.000575
INDEP_CANDIDATE	sfacloc2_4_90	2	808	683	3302	0	39651	90674	90674	0.001019
INDEP_CANDIDATE	sfacloc2_4_90	2	808	683	3302	1	39651	74111	74111	0.000300
INDEP_CANDIDATE	sfacloc2_4_90	2	808	683	3302	2	39651	128281	128281	0.000393
INDEP_CANDIDATE	sfacloc2_4_90	3	580	911	4374	0	40732	85078	85078	0.001194
INDEP_CANDIDATE	sfacloc2_4_90	3	580	911	4374	1	40732	40732	40732	0.000337
INDEP_CANDIDATE	sfacloc2_4_90	3	580	911	4374	2	40732	75946	75946	0.000384
INDEP_CANDIDATE	sfacloc2_4_90	4	811	680	3412	0	41240	68581	68581	0.000904
INDEP_CANDIDATE	sfacloc2_4_90	4	811	680	3412	1	41240	75700	75700	0.000323
INDEP_CANDIDATE	sfacloc2_4_90	4	811	680	3412	2	41240	141229	141229	0.000392
INDEP_CANDIDATE	sfacloc2_4_90	5	813	678	3720	0	47041	62591	62591	0.000812
INDEP_CANDIDATE	sfacloc2_4_90	5	813	678	3720	1	47041	81506	81506	0.000309
INDEP_CANDIDATE	sfacloc2_4_90	5	813	678	3720	2	47041	238199	238199	0.000417
INDEP_ROW	sfacloc2_4_90	1491	4500	31682	28843	28843	28843	28843	28843	28843	28843	28843	28843	28843
INDEP_ROW	cont6-qq	120395	557994	835894090	581918900	581918900	581918900	581918900	581918900	581918900	581918900	581918900	581918900	581918900
INDEP_ROW	meanvar-orl400_05_e_7	5205	174804	21939414	21935811	21935811	21935811	21935811	21935811	21935811	21935811	21935811	21935811	21935811
INDEP_CANDIDATE	glider400	0	2408	7609	43204	0	330432	568412	568412	0.015973
INDEP_CANDIDATE	glider400	0	2408	7609	43204	1	330432	375893	375893	0.001605
INDEP_CANDIDATE	glider400	0	2408	7609	43204	2	330432	4599886313	4599886313	0.077592
INDEP_CANDIDATE	glider400	1	3210	6807	43192	0	362753	562458	562458	0.023140
INDEP_CANDIDATE	glider400	1	3210	6807	43192	1	362753	414800	414800	0.010129
INDEP_CANDIDATE	glider400	1	3210	6807	43192	2	362753	4211576974	4211576974	0.062679
INDEP_CANDIDATE	glider400	2	2008	8009	44802	0	375830	572584	572584	0.015651
INDEP_CANDIDATE	glider400	2	2008	8009	44802	1	375830	386462	386462	0.001666
INDEP_CANDIDATE	glider400	2	2008	8009	44802	2	375830	7130720066	7130720066	0.088143
INDEP_CANDIDATE	glider400	3	4407	5610	42396	0	379983	608349	608349	0.011027
INDEP_CANDIDATE	glider400	3	4407	5610	42396	1	379983	443472	443472	0.001304
INDEP_CANDIDATE	glider400	3	4407	5610	42396	2	379983	4856341460	4856341460	0.041103
INDEP_CANDIDATE	glider400	4	3609	6408	44780	0	381152	717868	717868	0.014153
INDEP_CANDIDATE	glider400	4	3609	6408	44780	1	381152	412219	412219	0.001476
INDEP_CANDIDATE	glider400	4	3609	6408	44780	2	381152	9332338507	9332338507	0.067470
INDEP_CANDIDATE	glider400	5	4407	5610	43184	0	400304	726153	726153	0.012830
INDEP_CANDIDATE	glider400	5	4407	5610	43184	1	400304	421808	421808	0.001463
INDEP_CANDIDATE	glider400	5	4407	5610	43184	2	400304	3224432939	3224432939	0.058316
INDEP_ROW	glider400	10017	49624	373018	327531	327531	327531	327531	327531	327531	327531	327531	327531	327531
INDEP_CANDIDATE	syn40m04m	0	2436	2524	9280	0	67708	151088	151088	0.004573
INDEP_CANDIDATE	syn40m04m	0	2436	2524	9280	1	67708	67899	67899	0.000682
INDEP_CANDIDATE	syn40m04m	0	2436	2524	9280	2	67708	1369436	1369436	0.001371
INDEP_CANDIDATE	syn40m04m	1	2516	2444	9632	0	70827	163286	163286	0.004799
INDEP_CANDIDATE	syn40m04m	1	2516	2444	9632	1	70827	71163	71163	0.000681
INDEP_CANDIDATE	syn40m04m	1	2516	2444	9632	2	70827	450830	450830	0.000887
INDEP_CANDIDATE	syn40m04m	2	1636	3324	12936	0	88394	207242	207242	0.005179
INDEP_CANDIDATE	syn40m04m	2	1636	3324	12936	1	88394	88450	88450	0.000797
INDEP_CANDIDATE	syn40m04m	2	1636	3324	12936	2	88394	4651138	4651138	0.001496
INDEP_ROW	syn40m04m	4960	13792	65982	63265	63265	63265	63265	63265	63265	63265	63265	63265	63265
INDEP_ROW	ex2_1_3	31	72	189	189	189	189	189	189	189	189	189	189	189
INDEP_ROW	qapw	705	87496	12183146	12183146	12183146	12183146	12183146	12183146	12183146	12183146	12183146	12183146	12183146
INDEP_ROW	himmel11	14	60	198	198	198	198	198	198	198	198	198	198	198
INDEP_CANDIDATE	syn15m04m	0	938	970	3540	0	26482	70064	70064	0.001555
INDEP_CANDIDATE	syn15m04m	0	938	970	3540	1	26482	27294	27294	0.000297
INDEP_CANDIDATE	syn15m04m	0	938	970	3540	2	26482	287910	287910	0.000400
INDEP_CANDIDATE	syn15m04m	1	982	926	3724	0	28152	48401	48401	0.001515
INDEP_CANDIDATE	syn15m04m	1	982	926	3724	1	28152	28778	28778	0.000296
INDEP_CANDIDATE	syn15m04m	1	982	926	3724	2	28152	112244	112244	0.000343
INDEP_CANDIDATE	syn15m04m	2	621	1287	4964	0	34898	80998	80998	0.001917
INDEP_CANDIDATE	syn15m04m	2	621	1287	4964	1	34898	34898	34898	0.000339
INDEP_CANDIDATE	syn15m04m	2	621	1287	4964	2	34898	276217	276217	0.000447
INDEP_ROW	syn15m04m	1908	5288	26094	25061	25061	25061	25061	25061	25061	25061	25061	25061	25061
INDEP_CANDIDATE	pooling_rt2tp	0	52	66	554	0	5876	5876	5876	0.000033
INDEP_CANDIDATE	pooling_rt2tp	0	52	66	554	1	5876	6076	6076	0.000038
INDEP_CANDIDATE	pooling_rt2tp	0	52	66	554	2	5876	9259	9259	0.000034
INDEP_CANDIDATE	pooling_rt2tp	1	1	117	664	0	5908	5908	5908	0.000040
INDEP_CANDIDATE	pooling_rt2tp	1	1	117	664	1	5908	6426	6426	0.000044
INDEP_CANDIDATE	pooling_rt2tp	1	1	117	664	2	5908	10909	10909	0.000049
INDEP_CANDIDATE	pooling_rt2tp	2	54	64	648	0	7082	7082	7082	0.000033
INDEP_CANDIDATE	pooling_rt2tp	2	54	64	648	1	7082	6938	6938	0.000035
INDEP_CANDIDATE	pooling_rt2tp	2	54	64	648	2	7082	9278	9278	0.000032
INDEP_CANDIDATE	pooling_rt2tp	3	56	62	746	0	8090	8090	8090	0.000032
INDEP_CANDIDATE	pooling_rt2tp	3	56	62	746	1	8090	8104	8104	0.000029
INDEP_CANDIDATE	pooling_rt2tp	3	56	62	746	2	8090	10800	10800	0.000027
INDEP_ROW	pooling_rt2tp	118	654	5876	5796	5796	5796	5796	5796	5796	5796	5796	5796	5796
INDEP_CANDIDATE	waterund14	0	170	163	3860	0	93281	93281	93281	0.000087
INDEP_CANDIDATE	waterund14	0	170	163	3860	1	93281	85049	85049	0.000071
INDEP_CANDIDATE	waterund14	0	170	163	3860	2	93281	93281	93281	0.000080
INDEP_CANDIDATE	waterund14	1	142	191	2068	0	136821	136821	136821	0.000102
INDEP_CANDIDATE	waterund14	1	142	191	2068	1	136821	136821	136821	0.000093
INDEP_CANDIDATE	waterund14	1	142	191	2068	2	136821	173554	173554	0.000076
INDEP_CANDIDATE	waterund14	2	111	222	5356	0	139558	293437	293437	0.000834
INDEP_CANDIDATE	waterund14	2	111	222	5356	1	139558	139558	139558	0.000141
INDEP_CANDIDATE	waterund14	2	111	222	5356	2	139558	301027	301027	0.000129
INDEP_ROW	waterund14	333	2204	200484	72184	72184	72184	72184	72184	72184	72184	72184	72184	72184
INDEP_ROW	crudeoil_lee4_10	17809	120632	294531623	184173410	184173410	184173410	184173410	184173410	184173410	184173410	184173410	184173410	184173410
INDEP_CANDIDATE	pooling_foulds4pq	0	571	723	7208	0	138540	177573	177573	0.001322
INDEP_CANDIDATE	pooling_foulds4pq	0	571	723	7208	1	138540	138540	138540	0.000671
INDEP_CANDIDATE	pooling_foulds4pq	0	571	723	7208	2	138540	163705	163705	0.000769
INDEP_CANDIDATE	pooling_foulds4pq	1	563	731	7176	0	138540	197099	197099	0.001173
INDEP_CANDIDATE	pooling_foulds4pq	1	563	731	7176	1	138540	138540	138540	0.000662
INDEP_CANDIDATE	pooling_foulds4pq	1	563	731	7176	2	138540	163705	163705	0.000739
INDEP_CANDIDATE	pooling_foulds4pq	2	512	782	8574	0	148472	179124	179124	0.001685
INDEP_CANDIDATE	pooling_foulds4pq	2	512	782	8574	1	148472	148472	148472	0.000683
INDEP_CANDIDATE	pooling_foulds4pq	2	512	782	8574	2	148472	173637	173637	0.000778
INDEP_CANDIDATE	pooling_foulds4pq	3	640	654	11230	0	188920	265117	265117	0.001152
INDEP_CANDIDATE	pooling_foulds4pq	3	640	654	11230	1	188920	188768	188768	0.000647
INDEP_CANDIDATE	pooling_foulds4pq	3	640	654	11230	2	188920	189613	189613	0.000587
INDEP_ROW	pooling_foulds4pq	1294	8302	138692	138540	138540	138540	138540	138540	138540	138540	138540	138540	138540
INDEP_CANDIDATE	edgecross14-156	0	1458	1639	16748	0	1487933	1896353	1896353	0.003243
INDEP_CANDIDATE	edgecross14-156	0	1458	1639	16748	1	1487933	1487933	1487933	0.001003
INDEP_CANDIDATE	edgecross14-156	0	1458	1639	16748	2	1487933	1888225	1888225	0.000767
INDEP_CANDIDATE	edgecross14-156	1	1456	1641	21120	0	1518509	1978081	1978081	0.003572
INDEP_CANDIDATE	edgecross14-156	1	1456	1641	21120	1	1518509	1518509	1518509	0.001088
INDEP_CANDIDATE	edgecross14-156	1	1456	1641	21120	2	1518509	1523093	1523093	0.001084
INDEP_CANDIDATE	edgecross14-156	2	1457	1640	42090	0	2153781	2183085	2183085	0.006487
INDEP_CANDIDATE	edgecross14-156	2	1457	1640	42090	1	2153781	2153781	2153781	0.001340
INDEP_CANDIDATE	edgecross14-156	2	1457	1640	42090	2	2153781	2153781	2153781	0.001336
INDEP_ROW	edgecross14-156	3097	19664	1487933	1376964	1376964	1376964	1376964	1376964	1376964	1376964	1376964	1376964	1376964
INDEP_CANDIDATE	tspn08	0	38	34	646	0	7600	7600	7600	0.000020
INDEP_CANDIDATE	tspn08	0	38	34	646	1	7600	7600	7600	0.000013
INDEP_CANDIDATE	tspn08	0	38	34	646	2	7600	7600	7600	0.000011
INDEP_CANDIDATE	tspn08	1	10	62	648	0	11074	11074	11074	0.000026
INDEP_CANDIDATE	tspn08	1	10	62	648	1	11074	11074	11074	0.000028
INDEP_CANDIDATE	tspn08	1	10	62	648	2	11074	12170	12170	0.000030
INDEP_CANDIDATE	tspn08	2	8	64	652	0	11170	11170	11170	0.000025
INDEP_CANDIDATE	tspn08	2	8	64	652	1	11170	11170	11170	0.000022
INDEP_CANDIDATE	tspn08	2	8	64	652	2	11170	12266	12266	0.000023
INDEP_ROW	tspn08	72	668	11074	7600	7600	7600	7600	7600	7600	7600	7600	7600	7600
INDEP_CANDIDATE	crudeoil_li05	0	1569	2656	17380	0	640346	1491452	1491452	0.006736
INDEP_CANDIDATE	crudeoil_li05	0	1569	2656	17380	1	640346	935208	935208	0.001176
INDEP_CANDIDATE	crudeoil_li05	0	1569	2656	17380	2	640346	2557138	2557138	0.001447
INDEP_CANDIDATE	crudeoil_li05	1	1601	2624	17620	0	646270	1832595	1832595	0.005772
INDEP_CANDIDATE	crudeoil_li05	1	1601	2624	17620	1	646270	945444	945444	0.001154
INDEP_CANDIDATE	crudeoil_li05	1	1601	2624	17620	2	646270	2222215	2222215	0.001461
INDEP_CANDIDATE	crudeoil_li05	2	483	3742	14452	0	684760	1376007	1376007	0.007245
INDEP_CANDIDATE	crudeoil_li05	2	483	3742	14452	1	684760	898607	898607	0.001266
INDEP_CANDIDATE	crudeoil_li05	2	483	3742	14452	2	684760	6898485	6898485	0.002692
INDEP_CANDIDATE	crudeoil_li05	3	1871	2354	11108	0	891782	1243209	1243209	0.005065
INDEP_CANDIDATE	crudeoil_li05	3	1871	2354	11108	1	891782	1049262	1049262	0.001034
INDEP_CANDIDATE	crudeoil_li05	3	1871	2354	11108	2	891782	5370148	5370148	0.001881
INDEP_CANDIDATE	crudeoil_li05	4	1984	2241	11582	0	897882	1420993	1420993	0.005360
INDEP_CANDIDATE	crudeoil_li05	4	1984	2241	11582	1	897882	1236476	1236476	0.001050
INDEP_CANDIDATE	crudeoil_li05	4	1984	2241	11582	2	897882	3723849	3723849	0.001618
INDEP_CANDIDATE	crudeoil_li05	5	1602	2623	18218	0	901428	1917446	1917446	0.006502
INDEP_CANDIDATE	crudeoil_li05	5	1602	2623	18218	1	901428	1082267	1082267	0.001181
INDEP_CANDIDATE	crudeoil_li05	5	1602	2623	18218	2	901428	3497527	3497527	0.001564
INDEP_ROW	crudeoil_li05	4225	14628	680022	533531	533531	533531	533531	533531	533531	533531	533531	533531	533531
INDEP_CANDIDATE	procurement1large	0	5504	8912	42020	0	10481758	14109119	14109119	0.019550
INDEP_CANDIDATE	procurement1large	0	5504	8912	42020	1	10481758	10482761	10482761	0.003123
INDEP_CANDIDATE	procurement1large	0	5504	8912	42020	2	10481758	196407884	196407884	0.016802
INDEP_CANDIDATE	procurement1large	1	7614	6802	27080	0	13042618	19195137	19195137	0.013570
INDEP_CANDIDATE	procurement1large	1	7614	6802	27080	1	13042618	13531184	13531184	0.002521
INDEP_CANDIDATE	procurement1large	1	7614	6802	27080	2	13042618	146272715	146272715	0.011187
INDEP_CANDIDATE	procurement1large	2	4134	10282	34500	0	13097152	32041450	32041450	0.019996
INDEP_CANDIDATE	procurement1large	2	4134	10282	34500	1	13097152	15441748	15441748	0.003054
INDEP_CANDIDATE	procurement1large	2	4134	10282	34500	2	13097152	272503999	272503999	0.023088
INDEP_CANDIDATE	procurement1large	3	7958	6458	30874	0	13143933	26887520	26887520	0.013307
INDEP_CANDIDATE	procurement1large	3	7958	6458	30874	1	13143933	14475827	14475827	0.002621
INDEP_CANDIDATE	procurement1large	3	7958	6458	30874	2	13143933	262322712	262322712	0.016127
INDEP_CANDIDATE	procurement1large	4	8255	6161	47566	0	13478706	31170757	31170757	0.014050
INDEP_CANDIDATE	procurement1large	4	8255	6161	47566	1	13478706	13230289	13230289	0.003044
INDEP_CANDIDATE	procurement1large	4	8255	6161	47566	2	13478706	150146192	150146192	0.004238
INDEP_CANDIDATE	procurement1large	5	7810	6606	28248	0	14467076	24475900	24475900	0.012902
INDEP_CANDIDATE	procurement1large	5	7810	6606	28248	1	14467076	13666470	13666470	0.002518
INDEP_CANDIDATE	procurement1large	5	7810	6606	28248	2	14467076	213830028	213830028	0.013118
INDEP_CANDIDATE	procurement1large	6	5942	8474	53604	0	14835718	24171011	24171011	0.020707
INDEP_CANDIDATE	procurement1large	6	5942	8474	53604	1	14835718	16899228	16899228	0.003274
INDEP_CANDIDATE	procurement1large	6	5942	8474	53604	2	14835718	186675816	186675816	0.011477
INDEP_ROW	procurement1large	14416	41068	13858240	7376882	7376882	7376882	7376882	7376882	7376882	7376882	7376882	7376882	7376882
INDEP_CANDIDATE	blend721	0	611	817	3418	0	76257	201316	201316	0.001231
INDEP_CANDIDATE	blend721	0	611	817	3418	1	76257	78362	78362	0.000302
INDEP_CANDIDATE	blend721	0	611	817	3418	2	76257	142110	142110	0.000341
INDEP_CANDIDATE	blend721	1	599	829	3334	0	82127	191108	191108	0.001517
INDEP_CANDIDATE	blend721	1	599	829	3334	1	82127	83837	83837	0.000281
INDEP_CANDIDATE	blend721	1	599	829	3334	2	82127	165805	165805	0.000338
INDEP_CANDIDATE	blend721	2	579	849	4162	0	83721	166654	166654	0.001643
INDEP_CANDIDATE	blend721	2	579	849	4162	1	83721	83721	83721	0.000322
INDEP_CANDIDATE	blend721	2	579	849	4162	2	83721	127867	127867	0.000342
INDEP_CANDIDATE	blend721	3	585	843	4206	0	83974	168936	168936	0.001735
INDEP_CANDIDATE	blend721	3	585	843	4206	1	83974	83974	83974	0.000319
INDEP_CANDIDATE	blend721	3	585	843	4206	2	83974	170819	170819	0.000356
INDEP_CANDIDATE	blend721	4	703	725	5248	0	86515	198570	198570	0.001472
INDEP_CANDIDATE	blend721	4	703	725	5248	1	86515	86716	86716	0.000334
INDEP_CANDIDATE	blend721	4	703	725	5248	2	86515	211369	211369	0.000354
INDEP_ROW	blend721	1428	4548	77560	66143	66143	66143	66143	66143	66143	66143	66143	66143	66143
INDEP_CANDIDATE	chimera_selby-c16-02	0	658	1373	14406	0	2835166	3329737	3329737	0.004496
INDEP_CANDIDATE	chimera_selby-c16-02	0	658	1373	14406	1	2835166	2934736	2934736	0.001109
INDEP_CANDIDATE	chimera_selby-c16-02	0	658	1373	14406	2	2835166	12778294	12778294	0.002198
INDEP_CANDIDATE	chimera_selby-c16-02	1	547	1484	13454	0	2988563	3400800	3400800	0.004639
INDEP_CANDIDATE	chimera_selby-c16-02	1	547	1484	13454	1	2988563	3220462	3220462	0.001213
INDEP_CANDIDATE	chimera_selby-c16-02	1	547	1484	13454	2	2988563	13819123	13819123	0.002404
INDEP_CANDIDATE	chimera_selby-c16-02	2	325	1706	13296	0	3008333	3960046	3960046	0.004876
INDEP_CANDIDATE	chimera_selby-c16-02	2	325	1706	13296	1	3008333	2710883	2710883	0.001296
INDEP_CANDIDATE	chimera_selby-c16-02	2	325	1706	13296	2	3008333	9224641	9224641	0.002382
INDEP_CANDIDATE	chimera_selby-c16-02	3	595	1436	15878	0	3042146	3402019	3402019	0.004829
INDEP_CANDIDATE	chimera_selby-c16-02	3	595	1436	15878	1	3042146	3111887	3111887	0.001228
INDEP_CANDIDATE	chimera_selby-c16-02	3	595	1436	15878	2	3042146	7009177	7009177	0.002112
INDEP_CANDIDATE	chimera_selby-c16-02	4	31	2000	10868	0	3638859	3592587	3592587	0.005396
INDEP_CANDIDATE	chimera_selby-c16-02	4	31	2000	10868	1	3638859	3225179	3225179	0.001304
INDEP_CANDIDATE	chimera_selby-c16-02	4	31	2000	10868	2	3638859	10308926	10308926	0.002604
INDEP_ROW	chimera_selby-c16-02	2031	10878	4280329	2298935	2298814	2298814	2298814	2298814	2298814	2298814	2298814	2298814	2298814
INDEP_CANDIDATE	supplychainr1_053050	0	7000	9640	44160	0	2175590	3600093	3600093	0.009364
INDEP_CANDIDATE	supplychainr1_053050	0	7000	9640	44160	1	2175590	2175590	2175590	0.003486
INDEP_CANDIDATE	supplychainr1_053050	0	7000	9640	44160	2	2175590	2548178	2548178	0.004113
INDEP_CANDIDATE	supplychainr1_053050	1	8500	8140	50160	0	2213090	3185621	3185621	0.009928
INDEP_CANDIDATE	supplychainr1_053050	1	8500	8140	50160	1	2213090	2213090	2213090	0.003586
INDEP_CANDIDATE	supplychainr1_053050	1	8500	8140	50160	2	2213090	2585678	2585678	0.004124
INDEP_CANDIDATE	supplychainr1_053050	2	6360	10280	57800	0	2242310	2727591	2727591	0.012219
INDEP_CANDIDATE	supplychainr1_053050	2	6360	10280	57800	1	2242310	2242310	2242310	0.003747
INDEP_CANDIDATE	supplychainr1_053050	2	6360	10280	57800	2	2242310	2407778	2407778	0.003385
INDEP_CANDIDATE	supplychainr1_053050	3	6390	10250	58340	0	2246930	3563834	3563834	0.010726
INDEP_CANDIDATE	supplychainr1_053050	3	6390	10250	58340	1	2246930	2246930	2246930	0.004067
INDEP_CANDIDATE	supplychainr1_053050	3	6390	10250	58340	2	2246930	2537018	2537018	0.003789
INDEP_CANDIDATE	supplychainr1_053050	4	10000	6640	83320	0	2478590	3508235	3508235	0.009082
INDEP_CANDIDATE	supplychainr1_053050	4	10000	6640	83320	1	2478590	2478590	2478590	0.003949
INDEP_CANDIDATE	supplychainr1_053050	4	10000	6640	83320	2	2478590	2639348	2639348	0.004329
INDEP_ROW	supplychainr1_053050	16640	57800	2173490	2173490	2173490	2173490	2173490	2173490	2173490	2173490	2173490	2173490	2173490
INDEP_CANDIDATE	sfacloc2_4_80	0	2500	2567	16656	0	93680	212628	212628	0.003558
INDEP_CANDIDATE	sfacloc2_4_80	0	2500	2567	16656	1	93680	165269	165269	0.004713
INDEP_CANDIDATE	sfacloc2_4_80	0	2500	2567	16656	2	93680	328261	328261	0.004868
INDEP_CANDIDATE	sfacloc2_4_80	1	2590	2477	16656	0	99881	148563	148563	0.003078
INDEP_CANDIDATE	sfacloc2_4_80	1	2590	2477	16656	1	99881	164798	164798	0.003961
INDEP_CANDIDATE	sfacloc2_4_80	1	2590	2477	16656	2	99881	216707	216707	0.002550
INDEP_CANDIDATE	sfacloc2_4_80	2	579	4488	21216	0	100116	280900	280900	0.006000
INDEP_CANDIDATE	sfacloc2_4_80	2	579	4488	21216	1	100116	100116	100116	0.006510
INDEP_CANDIDATE	sfacloc2_4_80	2	579	4488	21216	2	100116	296865	296865	0.006462
INDEP_CANDIDATE	sfacloc2_4_80	3	2596	2471	17112	0	107331	212776	212776	0.003601
INDEP_CANDIDATE	sfacloc2_4_80	3	2596	2471	17112	1	107331	172248	172248	0.003997
INDEP_CANDIDATE	sfacloc2_4_80	3	2596	2471	17112	2	107331	240074	240074	0.003842
INDEP_CANDIDATE	sfacloc2_4_80	4	1997	3070	19248	0	138358	296452	296452	0.004741
INDEP_CANDIDATE	sfacloc2_4_80	4	1997	3070	19248	1	138358	138358	138358	0.005098
INDEP_CANDIDATE	sfacloc2_4_80	4	1997	3070	19248	2	138358	170561	170561	0.005036
INDEP_ROW	sfacloc2_4_80	5067	21424	93048	88884	88884	88884	88884	88884	88884	88884	88884	88884	88884
INDEP_ROW	st_e24	10	26	64	57	57	57	57	57	57	57	57	57	57
INDEP_CANDIDATE	edgecross10-040	0	482	571	4152	0	158462	230883	230883	0.001381
INDEP_CANDIDATE	edgecross10-040	0	482	571	4152	1	158462	158462	158462	0.000293
INDEP_CANDIDATE	edgecross10-040	0	482	571	4152	2	158462	208485	208485	0.000204
INDEP_CANDIDATE	edgecross10-040	1	480	573	5596	0	168542	208860	208860	0.001306
INDEP_CANDIDATE	edgecross10-040	1	480	573	5596	1	168542	168542	168542	0.000324
INDEP_CANDIDATE	edgecross10-040	1	480	573	5596	2	168542	175603	175603	0.000340
INDEP_ROW	edgecross10-040	1053	5116	161851	143518	143518	143518	143518	143518	143518	143518	143518	143518	143518
INDEP_CANDIDATE	sonet21v6	0	4011	4221	32722	0	1643311	2852354	2852354	0.008069
INDEP_CANDIDATE	sonet21v6	0	4011	4221	32722	1	1643311	1643311	1643311	0.002134
INDEP_CANDIDATE	sonet21v6	0	4011	4221	32722	2	1643311	1585871	1585871	0.001982
INDEP_CANDIDATE	sonet21v6	1	3990	4242	32802	0	1727101	3761694	3761694	0.007947
INDEP_CANDIDATE	sonet21v6	1	3990	4242	32802	1	1727101	1727101	1727101	0.002029
INDEP_CANDIDATE	sonet21v6	1	3990	4242	32802	2	1727101	1831028	1831028	0.001951
INDEP_CANDIDATE	sonet21v6	2	4011	4221	32760	0	1737181	2844978	2844978	0.007222
INDEP_CANDIDATE	sonet21v6	2	4011	4221	32760	1	1737181	1737181	1737181	0.002045
INDEP_CANDIDATE	sonet21v6	2	4011	4221	32760	2	1737181	1679741	1679741	0.001974
INDEP_ROW	sonet21v6	8232	40744	1643311	1585871	1585871	1585871	1585871	1585871	1585871	1585871	1585871	1585871	1585871
INDEP_CANDIDATE	squfl010-080	0	1600	890	3200	0	27665	40676	40676	0.000765
INDEP_CANDIDATE	squfl010-080	0	1600	890	3200	1	27665	27665	27665	0.000404
INDEP_CANDIDATE	squfl010-080	0	1600	890	3200	2	27665	28661	28661	0.000392
INDEP_CANDIDATE	squfl010-080	1	800	1690	6400	0	37265	272290	272290	0.001074
INDEP_CANDIDATE	squfl010-080	1	800	1690	6400	1	37265	37265	37265	0.000668
INDEP_CANDIDATE	squfl010-080	1	800	1690	6400	2	37265	38261	38261	0.000653
INDEP_ROW	squfl010-080	2490	6400	27665	27665	27665	27665	27665	27665	27665	27665	27665	27665	27665
INDEP_CANDIDATE	genpooling_lee2	0	76	145	896	0	19895	19895	19895	0.000049
INDEP_CANDIDATE	genpooling_lee2	0	76	145	896	1	19895	21529	21529	0.000054
INDEP_CANDIDATE	genpooling_lee2	0	76	145	896	2	19895	35321	35321	0.000073
INDEP_CANDIDATE	genpooling_lee2	1	81	140	916	0	20215	20215	20215	0.000052
INDEP_CANDIDATE	genpooling_lee2	1	81	140	916	1	20215	21849	21849	0.000051
INDEP_CANDIDATE	genpooling_lee2	1	81	140	916	2	20215	31821	31821	0.000063
INDEP_CANDIDATE	genpooling_lee2	2	52	169	1048	0	20519	20519	20519	0.000061
INDEP_CANDIDATE	genpooling_lee2	2	52	169	1048	1	20519	22153	22153	0.000060
INDEP_CANDIDATE	genpooling_lee2	2	52	169	1048	2	20519	35352	35352	0.000076
INDEP_CANDIDATE	genpooling_lee2	3	58	163	1072	0	20711	20711	20711	0.000051
INDEP_CANDIDATE	genpooling_lee2	3	58	163	1072	1	20711	22345	22345	0.000051
INDEP_CANDIDATE	genpooling_lee2	3	58	163	1072	2	20711	35544	35544	0.000053
INDEP_CANDIDATE	genpooling_lee2	4	92	129	1352	0	24073	24073	24073	0.000053
INDEP_CANDIDATE	genpooling_lee2	4	92	129	1352	1	24073	24073	24073	0.000046
INDEP_CANDIDATE	genpooling_lee2	4	92	129	1352	2	24073	25648	25648	0.000053
INDEP_CANDIDATE	genpooling_lee2	5	105	116	1244	0	29217	29217	29217	0.000076
INDEP_CANDIDATE	genpooling_lee2	5	105	116	1244	1	29217	28866	28866	0.000064
INDEP_CANDIDATE	genpooling_lee2	5	105	116	1244	2	29217	61223	61223	0.000072
INDEP_ROW	genpooling_lee2	221	1048	19895	14028	14028	14028	14028	14028	14028	14028	14028	14028	14028
INDEP_CANDIDATE	popdynm25	0	400	2407	13248	0	309884	1951426	1951426	0.004729
INDEP_CANDIDATE	popdynm25	0	400	2407	13248	1	309884	309996	309996	0.000807
INDEP_CANDIDATE	popdynm25	0	400	2407	13248	2	309884	177641881	177641881	0.005078
INDEP_CANDIDATE	popdynm25	1	458	2349	13004	0	326460	1809284	1809284	0.004545
INDEP_CANDIDATE	popdynm25	1	458	2349	13004	1	326460	307183	307183	0.000770
INDEP_CANDIDATE	popdynm25	1	458	2349	13004	2	326460	84005358	84005358	0.004252
INDEP_CANDIDATE	popdynm25	2	1104	1703	12470	0	335387	1602060	1602060	0.003932
INDEP_CANDIDATE	popdynm25	2	1104	1703	12470	1	335387	364602	364602	0.000795
INDEP_CANDIDATE	popdynm25	2	1104	1703	12470	2	335387	2115061	2115061	0.001511
INDEP_CANDIDATE	popdynm25	3	1109	1698	12514	0	336116	1419785	1419785	0.003780
INDEP_CANDIDATE	popdynm25	3	1109	1698	12514	1	336116	388761	388761	0.000876
INDEP_CANDIDATE	popdynm25	3	1109	1698	12514	2	336116	2606870	2606870	0.001482
INDEP_CANDIDATE	popdynm25	4	947	1860	13348	0	346241	1360328	1360328	0.003881
INDEP_CANDIDATE	popdynm25	4	947	1860	13348	1	346241	389764	389764	0.000817
INDEP_CANDIDATE	popdynm25	4	947	1860	13348	2	346241	11414974	11414974	0.002007
INDEP_CANDIDATE	popdynm25	5	1097	1710	14188	0	379645	1364708	1364708	0.004173
INDEP_CANDIDATE	popdynm25	5	1097	1710	14188	1	379645	434681	434681	0.000974
INDEP_CANDIDATE	popdynm25	5	1097	1710	14188	2	379645	14225679	14225679	0.002222
INDEP_ROW	popdynm25	2807	13904	360081	286812	286799	286799	286799	286799	286799	286799	286799	286799	286799
INDEP_CANDIDATE	chp_partload	0	1862	3349	14656	0	466479	1256247	1256247	0.007286
INDEP_CANDIDATE	chp_partload	0	1862	3349	14656	1	466479	560120	560120	0.001297
INDEP_CANDIDATE	chp_partload	0	1862	3349	14656	2	466479	23329924	23329924	0.004248
INDEP_CANDIDATE	chp_partload	1	1628	3583	14296	0	482120	993312	993312	0.007903
INDEP_CANDIDATE	chp_partload	1	1628	3583	14296	1	482120	466500	466500	0.001312
INDEP_CANDIDATE	chp_partload	1	1628	3583	14296	2	482120	22596540	22596540	0.004489
INDEP_CANDIDATE	chp_partload	2	2025	3186	12690	0	525940	1386285	1386285	0.006114
INDEP_CANDIDATE	chp_partload	2	2025	3186	12690	1	525940	523301	523301	0.001252
INDEP_CANDIDATE	chp_partload	2	2025	3186	12690	2	525940	23144405	23144405	0.004280
INDEP_CANDIDATE	chp_partload	3	2328	2883	14446	0	533526	1806792	1806792	0.006196
INDEP_CANDIDATE	chp_partload	3	2328	2883	14446	1	533526	585395	585395	0.001305
INDEP_CANDIDATE	chp_partload	3	2328	2883	14446	2	533526	19442152	19442152	0.003839
INDEP_CANDIDATE	chp_partload	4	2268	2943	13278	0	587132	1339142	1339142	0.006120
INDEP_CANDIDATE	chp_partload	4	2268	2943	13278	1	587132	547582	547582	0.001213
INDEP_CANDIDATE	chp_partload	4	2268	2943	13278	2	587132	14304700	14304700	0.003478
INDEP_CANDIDATE	chp_partload	5	2034	3177	16110	0	632385	1283409	1283409	0.007064
INDEP_CANDIDATE	chp_partload	5	2034	3177	16110	1	632385	602904	602904	0.001313
INDEP_CANDIDATE	chp_partload	5	2034	3177	16110	2	632385	17082467	17082467	0.003554
INDEP_CANDIDATE	chp_partload	6	2348	2863	17222	0	667818	1975783	1975783	0.005811
INDEP_CANDIDATE	chp_partload	6	2348	2863	17222	1	667818	875626	875626	0.001267
INDEP_CANDIDATE	chp_partload	6	2348	2863	17222	2	667818	22979850	22979850	0.003757
INDEP_ROW	chp_partload	5211	16740	509170	373797	373797	373797	373797	373797	373797	373797	373797	373797	373797
INDEP_ROW	qspp_0_14_0_1_10_1	560	120274	16119226	16038266	16038266	16038266	16038266	16038266	16038266	16038266	16038266	16038266	16038266
INDEP_ROW	st_glmp_ss1	24	66	160	160	160	160	160	160	160	160	160	160	160
INDEP_CANDIDATE	torsion50	0	1200	1308	20218	0	1445262	1881134	1881134	0.003389
INDEP_CANDIDATE	torsion50	0	1200	1308	20218	1	1445262	1280460	1280460	0.000703
INDEP_CANDIDATE	torsion50	0	1200	1308	20218	2	1445262	25046215	25046215	0.001444
INDEP_CANDIDATE	torsion50	1	1206	1302	20190	0	1533240	1799054	1799054	0.003155
INDEP_CANDIDATE	torsion50	1	1206	1302	20190	1	1533240	1272384	1272384	0.000689
INDEP_CANDIDATE	torsion50	1	1206	1302	20190	2	1533240	15819768	15819768	0.001214
INDEP_CANDIDATE	torsion50	2	4	2504	29800	0	1691033	2764423	2764423	0.005382
INDEP_CANDIDATE	torsion50	2	4	2504	29800	1	1691033	1326423	1326423	0.000990
INDEP_CANDIDATE	torsion50	2	4	2504	29800	2	1691033	14075156	14075156	0.001880
INDEP_ROW	torsion50	2508	29808	1691033	1119054	1119054	1119054	1119054	1119054	1119054	1119054	1119054	1119054	1119054
INDEP_CANDIDATE	st_rv2	0	30	10	90	0	2045	2045	2045	0.000007
INDEP_CANDIDATE	st_rv2	0	30	10	90	1	2045	2045	2045	0.000004
INDEP_CANDIDATE	st_rv2	0	30	10	90	2	2045	2045	2045	0.000004
INDEP_CANDIDATE	st_rv2	1	10	30	320	0	2045	2045	2045	0.000016
INDEP_CANDIDATE	st_rv2	1	10	30	320	1	2045	2045	2045	0.000018
INDEP_CANDIDATE	st_rv2	1	10	30	320	2	2045	2045	2045	0.000017
INDEP_ROW	st_rv2	40	340	2045	2045	2045	2045	2045	2045	2045	2045	2045	2045	2045
INDEP_CANDIDATE	emfl100_3_3	0	3924	2961	8100	0	55506	56010	56010	0.001917
INDEP_CANDIDATE	emfl100_3_3	0	3924	2961	8100	1	55506	55506	55506	0.000685
INDEP_CANDIDATE	emfl100_3_3	0	3924	2961	8100	2	55506	55506	55506	0.000712
INDEP_CANDIDATE	emfl100_3_3	1	1962	4923	12168	0	56604	57108	57108	0.002928
INDEP_CANDIDATE	emfl100_3_3	1	1962	4923	12168	1	56604	56604	56604	0.000858
INDEP_CANDIDATE	emfl100_3_3	1	1962	4923	12168	2	56604	56604	56604	0.000869
INDEP_ROW	emfl100_3_3	6885	15948	55506	55506	55506	55506	55506	55506	55506	55506	55506	55506	55506
INDEP_CANDIDATE	pedigree_sim400	0	101	250	23046	0	1183168	1589922	1589922	0.001806
INDEP_CANDIDATE	pedigree_sim400	0	101	250	23046	1	1183168	1183168	1183168	0.000317
INDEP_CANDIDATE	pedigree_sim400	0	101	250	23046	2	1183168	1183168	1183168	0.000304
INDEP_CANDIDATE	pedigree_sim400	1	100	251	23346	0	1183471	1627751	1627751	0.001876
INDEP_CANDIDATE	pedigree_sim400	1	100	251	23346	1	1183471	1183168	1183168	0.000324
INDEP_CANDIDATE	pedigree_sim400	1	100	251	23346	2	1183471	1183168	1183168	0.000318
INDEP_CANDIDATE	pedigree_sim400	2	100	251	23048	0	1184659	1574977	1574977	0.001895
INDEP_CANDIDATE	pedigree_sim400	2	100	251	23048	1	1184659	1184659	1184659	0.000317
INDEP_CANDIDATE	pedigree_sim400	2	100	251	23048	2	1184659	1184659	1184659	0.000311
INDEP_CANDIDATE	pedigree_sim400	3	99	252	23348	0	1184659	1619816	1619816	0.001736
INDEP_CANDIDATE	pedigree_sim400	3	99	252	23348	1	1184659	1184356	1184356	0.000299
INDEP_CANDIDATE	pedigree_sim400	3	99	252	23348	2	1184659	1184356	1184356	0.000316
INDEP_ROW	pedigree_sim400	351	23546	1183471	1183168	1183168	1183168	1183168	1183168	1183168	1183168	1183168	1183168	1183168
INDEP_CANDIDATE	polygon75	0	2849	2997	43954	0	1171822	1171822	1171822	0.006899
INDEP_CANDIDATE	polygon75	0	2849	2997	43954	1	1171822	1171822	1171822	0.002396
INDEP_CANDIDATE	polygon75	0	2849	2997	43954	2	1171822	1171822	1171822	0.002323
INDEP_CANDIDATE	polygon75	1	148	5698	49356	0	1173591	1173591	1173591	0.009994
INDEP_CANDIDATE	polygon75	1	148	5698	49356	1	1173591	1173591	1173591	0.002695
INDEP_CANDIDATE	polygon75	1	148	5698	49356	2	1173591	1173591	1173591	0.003197
INDEP_CANDIDATE	polygon75	2	2849	2997	43954	0	1260023	1260023	1260023	0.006872
INDEP_CANDIDATE	polygon75	2	2849	2997	43954	1	1260023	1260023	1260023	0.002358
INDEP_CANDIDATE	polygon75	2	2849	2997	43954	2	1260023	1260023	1260023	0.002353
INDEP_ROW	polygon75	5846	49652	1171822	1171822	1171822	1171822	1171822	1171822	1171822	1171822	1171822	1171822	1171822
INDEP_ROW	gabriel10	244056	1148210	1365442310	1267760679	1267760679	1267760679	1267760679	1267760679	1267760679	1267760679	1267760679	1267760679	1267760679
INDEP_CANDIDATE	fo9_ar25_1	0	542	507	3606	0	42316	48911	48911	0.000570
INDEP_CANDIDATE	fo9_ar25_1	0	542	507	3606	1	42316	45011	45011	0.000152
INDEP_CANDIDATE	fo9_ar25_1	0	542	507	3606	2	42316	42316	42316	0.000153
INDEP_CANDIDATE	fo9_ar25_1	1	507	542	3466	0	42316	44249	44249	0.000532
INDEP_CANDIDATE	fo9_ar25_1	1	507	542	3466	1	42316	45011	45011	0.000144
INDEP_CANDIDATE	fo9_ar25_1	1	507	542	3466	2	42316	42316	42316	0.000148
INDEP_CANDIDATE	fo9_ar25_1	2	74	975	4246	0	42556	42377	42377	0.000693
INDEP_CANDIDATE	fo9_ar25_1	2	74	975	4246	1	42556	45899	45899	0.000189
INDEP_CANDIDATE	fo9_ar25_1	2	74	975	4246	2	42556	43204	43204	0.000229
INDEP_CANDIDATE	fo9_ar25_1	3	577	472	3816	0	45011	57040	57040	0.000514
INDEP_CANDIDATE	fo9_ar25_1	3	577	472	3816	1	45011	45011	45011	0.000145
INDEP_CANDIDATE	fo9_ar25_1	3	577	472	3816	2	45011	45011	45011	0.000144
INDEP_CANDIDATE	fo9_ar25_1	4	291	758	5116	0	48559	48279	48279	0.000709
INDEP_CANDIDATE	fo9_ar25_1	4	291	758	5116	1	48559	48559	48559	0.000218
INDEP_CANDIDATE	fo9_ar25_1	4	291	758	5116	2	48559	48559	48559	0.000201
INDEP_CANDIDATE	fo9_ar25_1	5	431	618	6026	0	53634	59479	59479	0.000735
INDEP_CANDIDATE	fo9_ar25_1	5	431	618	6026	1	53634	53634	53634	0.000292
INDEP_CANDIDATE	fo9_ar25_1	5	431	618	6026	2	53634	59479	59479	0.000224
INDEP_ROW	fo9_ar25_1	1049	4336	41668	38237	38237	38237	38237	38237	38237	38237	38237	38237	38237
INDEP_CANDIDATE	rsyn0840m	0	549	610	2176	0	11830	13030	13030	0.000855
INDEP_CANDIDATE	rsyn0840m	0	549	610	2176	1	11830	12060	12060	0.000208
INDEP_CANDIDATE	rsyn0840m	0	549	610	2176	2	11830	94235	94235	0.000247
INDEP_CANDIDATE	rsyn0840m	1	268	891	3030	0	14423	17074	17074	0.001275
INDEP_CANDIDATE	rsyn0840m	1	268	891	3030	1	14423	14765	14765	0.000253
INDEP_CANDIDATE	rsyn0840m	1	268	891	3030	2	14423	42327	42327	0.000295
INDEP_CANDIDATE	rsyn0840m	2	609	550	2448	0	15024	16895	16895	0.000627
INDEP_CANDIDATE	rsyn0840m	2	609	550	2448	1	15024	14805	14805	0.000203
INDEP_CANDIDATE	rsyn0840m	2	609	550	2448	2	15024	28236	28236	0.000207
INDEP_ROW	rsyn0840m	1159	3168	11274	10602	10602	10602	10602	10602	10602	10602	10602	10602	10602
INDEP_CANDIDATE	gancns	0	264	284	2266	0	66146	129126	129126	0.000562
INDEP_CANDIDATE	gancns	0	264	284	2266	1	66146	64916	64916	0.000211
INDEP_CANDIDATE	gancns	0	264	284	2266	2	66146	215981	215981	0.000211
INDEP_CANDIDATE	gancns	1	133	415	2864	0	67411	154499	154499	0.000871
INDEP_CANDIDATE	gancns	1	133	415	2864	1	67411	67342	67342	0.000284
INDEP_CANDIDATE	gancns	1	133	415	2864	2	67411	305653	305653	0.000324
INDEP_CANDIDATE	gancns	2	190	358	2360	0	69256	116260	116260	0.000825
INDEP_CANDIDATE	gancns	2	190	358	2360	1	69256	63422	63422	0.000250
INDEP_CANDIDATE	gancns	2	190	358	2360	2	69256	314118	314118	0.000293
INDEP_CANDIDATE	gancns	3	65	483	2692	0	69503	174991	174991	0.000900
INDEP_CANDIDATE	gancns	3	65	483	2692	1	69503	70138	70138	0.000296
INDEP_CANDIDATE	gancns	3	65	483	2692	2	69503	499891	499891	0.000402
INDEP_CANDIDATE	gancns	4	230	318	2280	0	70075	100923	100923	0.000543
INDEP_CANDIDATE	gancns	4	230	318	2280	1	70075	64312	64312	0.000236
INDEP_CANDIDATE	gancns	4	230	318	2280	2	70075	211869	211869	0.000244
INDEP_CANDIDATE	gancns	5	118	430	2768	0	71420	171296	171296	0.000946
INDEP_CANDIDATE	gancns	5	118	430	2768	1	71420	71429	71429	0.000280
INDEP_CANDIDATE	gancns	5	118	430	2768	2	71420	329935	329935	0.000341
INDEP_CANDIDATE	gancns	6	148	400	3522	0	89120	156413	156413	0.000611
INDEP_CANDIDATE	gancns	6	148	400	3522	1	89120	86305	86305	0.000291
INDEP_CANDIDATE	gancns	6	148	400	3522	2	89120	212561	212561	0.000288
INDEP_ROW	gancns	548	2800	69234	58861	58861	58861	58861	58861	58861	58861	58861	58861	58861
INDEP_CANDIDATE	o9_ar4_1	0	542	507	3606	0	42316	48911	48911	0.000561
INDEP_CANDIDATE	o9_ar4_1	0	542	507	3606	1	42316	45011	45011	0.000150
INDEP_CANDIDATE	o9_ar4_1	0	542	507	3606	2	42316	42316	42316	0.000151
INDEP_CANDIDATE	o9_ar4_1	1	507	542	3466	0	42316	44249	44249	0.000529
INDEP_CANDIDATE	o9_ar4_1	1	507	542	3466	1	42316	45011	45011	0.000143
INDEP_CANDIDATE	o9_ar4_1	1	507	542	3466	2	42316	42316	42316	0.000149
INDEP_CANDIDATE	o9_ar4_1	2	74	975	4246	0	42556	42377	42377	0.000717
INDEP_CANDIDATE	o9_ar4_1	2	74	975	4246	1	42556	45899	45899	0.000191
INDEP_CANDIDATE	o9_ar4_1	2	74	975	4246	2	42556	43204	43204	0.000233
INDEP_CANDIDATE	o9_ar4_1	3	577	472	3816	0	45011	57040	57040	0.000521
INDEP_CANDIDATE	o9_ar4_1	3	577	472	3816	1	45011	45011	45011	0.000147
INDEP_CANDIDATE	o9_ar4_1	3	577	472	3816	2	45011	45011	45011	0.000145
INDEP_CANDIDATE	o9_ar4_1	4	291	758	5116	0	48559	48279	48279	0.000742
INDEP_CANDIDATE	o9_ar4_1	4	291	758	5116	1	48559	48559	48559	0.000218
INDEP_CANDIDATE	o9_ar4_1	4	291	758	5116	2	48559	48559	48559	0.000214
INDEP_CANDIDATE	o9_ar4_1	5	431	618	6026	0	53634	59479	59479	0.000745
INDEP_CANDIDATE	o9_ar4_1	5	431	618	6026	1	53634	53634	53634	0.000294
INDEP_CANDIDATE	o9_ar4_1	5	431	618	6026	2	53634	59479	59479	0.000226
INDEP_ROW	o9_ar4_1	1049	4336	41668	38237	38237	38237	38237	38237	38237	38237	38237	38237	38237
INDEP_CANDIDATE	ex1265a	0	44	79	472	0	3948	3948	3948	0.000028
INDEP_CANDIDATE	ex1265a	0	44	79	472	1	3948	9170	9170	0.000036
INDEP_CANDIDATE	ex1265a	0	44	79	472	2	3948	6656	6656	0.000031
INDEP_CANDIDATE	ex1265a	1	18	105	550	0	4164	4164	4164	0.000031
INDEP_CANDIDATE	ex1265a	1	18	105	550	1	4164	4430	4430	0.000034
INDEP_CANDIDATE	ex1265a	1	18	105	550	2	4164	6872	6872	0.000032
INDEP_CANDIDATE	ex1265a	2	39	84	670	0	5249	5249	5249	0.000034
INDEP_CANDIDATE	ex1265a	2	39	84	670	1	5249	5249	5249	0.000033
INDEP_CANDIDATE	ex1265a	2	39	84	670	2	5249	11678	11678	0.000034
INDEP_CANDIDATE	ex1265a	3	74	49	588	0	5404	5404	5404	0.000026
INDEP_CANDIDATE	ex1265a	3	74	49	588	1	5404	5362	5362	0.000020
INDEP_CANDIDATE	ex1265a	3	74	49	588	2	5404	8591	8591	0.000021
INDEP_ROW	ex1265a	123	560	3948	3750	3750	3750	3750	3750	3750	3750	3750	3750	3750
INDEP_ROW	ex9_2_6	28	68	190	190	190	190	190	190	190	190	190	190	190
INDEP_ROW	qspp_0_13_0_1_10_1	481	88522	10150185	10097446	10097446	10097446	10097446	10097446	10097446	10097446	10097446	10097446	10097446
INDEP_CANDIDATE	slay04m	0	84	62	264	0	1554	1554	1554	0.000019
INDEP_CANDIDATE	slay04m	0	84	62	264	1	1554	1554	1554	0.000018
INDEP_CANDIDATE	slay04m	0	84	62	264	2	1554	1728	1728	0.000020
INDEP_ROW	slay04m	146	432	1554	1554	1554	1554	1554	1554	1554	1554	1554	1554	1554
INDEP_ROW	st_e25	20	92	336	262	262	262	262	262	262	262	262	262	262
INDEP_CANDIDATE	ex8_4_1	0	20	12	40	0	232	232	232	0.000005
INDEP_CANDIDATE	ex8_4_1	0	20	12	40	1	232	232	232	0.000004
INDEP_CANDIDATE	ex8_4_1	0	20	12	40	2	232	370	370	0.000004
INDEP_ROW	ex8_4_1	32	100	225	225	225	225	225	225	225	225	225	225	225
INDEP_ROW	st_e07	19	60	199	199	199	199	199	199	199	199	199	199	199
INDEP_ROW	ex1225	26	66	171	161	161	161	161	161	161	161	161	161	161
INDEP_CANDIDATE	ndcc13	0	234	735	6656	0	331007	465710	465710	0.001305
INDEP_CANDIDATE	ndcc13	0	234	735	6656	1	331007	334823	334823	0.000307
INDEP_CANDIDATE	ndcc13	0	234	735	6656	2	331007	694678	694678	0.000383
INDEP_ROW	ndcc13	969	5882	525212	324727	324727	324727	324727	324727	324727	324727	324727	324727	324727
INDEP_CANDIDATE	syn10m04m	0	604	620	2256	0	13865	31638	31638	0.000743
INDEP_CANDIDATE	syn10m04m	0	604	620	2256	1	13865	13947	13947	0.000182
INDEP_CANDIDATE	syn10m04m	0	604	620	2256	2	13865	94736	94736	0.000259
INDEP_CANDIDATE	syn10m04m	1	628	596	2328	0	14707	23275	23275	0.000495
INDEP_CANDIDATE	syn10m04m	1	628	596	2328	1	14707	14731	14731	0.000170
INDEP_CANDIDATE	syn10m04m	1	628	596	2328	2	14707	37381	37381	0.000196
INDEP_CANDIDATE	syn10m04m	2	394	830	3176	0	18289	38921	38921	0.001121
INDEP_CANDIDATE	syn10m04m	2	394	830	3176	1	18289	18289	18289	0.000217
INDEP_CANDIDATE	syn10m04m	2	394	830	3176	2	18289	106897	106897	0.000287
INDEP_ROW	syn10m04m	1224	3384	13501	13473	13473	13473	13473	13473	13473	13473	13473	13473	13473
INDEP_ROW	ex5_2_4	18	62	204	193	193	193	193	193	193	193	193	193	193
INDEP_CANDIDATE	st_m2	0	51	21	420	0	16331	16331	16331	0.000015
INDEP_CANDIDATE	st_m2	0	51	21	420	1	16331	16331	16331	0.000010
INDEP_CANDIDATE	st_m2	0	51	21	420	2	16331	16331	16331	0.000010
INDEP_CANDIDATE	st_m2	1	42	30	798	0	16331	16331	16331	0.000020
INDEP_CANDIDATE	st_m2	1	42	30	798	1	16331	16331	16331	0.000013
INDEP_CANDIDATE	st_m2	1	42	30	798	2	16331	16331	16331	0.000013
INDEP_CANDIDATE	st_m2	2	21	51	1184	0	16331	16331	16331	0.000042
INDEP_CANDIDATE	st_m2	2	21	51	1184	1	16331	16331	16331	0.000045
INDEP_CANDIDATE	st_m2	2	21	51	1184	2	16331	16331	16331	0.000039
INDEP_ROW	st_m2	72	1226	16331	16331	16331	16331	16331	16331	16331	16331	16331	16331	16331
INDEP_ROW	st_bpk1	16	44	115	108	108	108	108	108	108	108	108	108	108
INDEP_CANDIDATE	multiplants_stg1	0	254	482	3336	0	198670	381207	381207	0.000954
INDEP_CANDIDATE	multiplants_stg1	0	254	482	3336	1	198670	189660	189660	0.000393
INDEP_CANDIDATE	multiplants_stg1	0	254	482	3336	2	198670	895966	895966	0.000392
INDEP_CANDIDATE	multiplants_stg1	1	102	634	3588	0	203204	370018	370018	0.001046
INDEP_CANDIDATE	multiplants_stg1	1	102	634	3588	1	203204	189003	189003	0.000429
INDEP_CANDIDATE	multiplants_stg1	1	102	634	3588	2	203204	1305240	1305240	0.000617
INDEP_CANDIDATE	multiplants_stg1	2	415	321	3112	0	206377	298550	298550	0.000636
INDEP_CANDIDATE	multiplants_stg1	2	415	321	3112	1	206377	206377	206377	0.000270
INDEP_CANDIDATE	multiplants_stg1	2	415	321	3112	2	206377	751887	751887	0.000330
INDEP_CANDIDATE	multiplants_stg1	3	457	279	2942	0	225535	331330	331330	0.000573
INDEP_CANDIDATE	multiplants_stg1	3	457	279	2942	1	225535	211541	211541	0.000228
INDEP_CANDIDATE	multiplants_stg1	3	457	279	2942	2	225535	407541	407541	0.000201
INDEP_CANDIDATE	multiplants_stg1	4	135	601	3720	0	284521	456056	456056	0.001182
INDEP_CANDIDATE	multiplants_stg1	4	135	601	3720	1	284521	284521	284521	0.000415
INDEP_CANDIDATE	multiplants_stg1	4	135	601	3720	2	284521	1450456	1450456	0.000616
INDEP_ROW	multiplants_stg1	736	3594	197998	155496	155496	155496	155496	155496	155496	155496	155496	155496	155496
INDEP_CANDIDATE	powerflow0300p	0	4909	6342	34748	0	315020	559550	559550	0.012676
INDEP_CANDIDATE	powerflow0300p	0	4909	6342	34748	1	315020	315156	315156	0.002005
INDEP_CANDIDATE	powerflow0300p	0	4909	6342	34748	2	315020	4588207	4588207	0.003484
INDEP_CANDIDATE	powerflow0300p	1	5289	5962	33988	0	321752	595047	595047	0.012006
INDEP_CANDIDATE	powerflow0300p	1	5289	5962	33988	1	321752	321140	321140	0.001958
INDEP_CANDIDATE	powerflow0300p	1	5289	5962	33988	2	321752	3844256	3844256	0.003106
INDEP_CANDIDATE	powerflow0300p	2	5298	5953	35028	0	330597	530214	530214	0.012055
INDEP_CANDIDATE	powerflow0300p	2	5298	5953	35028	1	330597	330333	330333	0.001952
INDEP_CANDIDATE	powerflow0300p	2	5298	5953	35028	2	330597	2194131	2194131	0.002826
INDEP_CANDIDATE	powerflow0300p	3	3684	7567	36902	0	341806	624514	624514	0.015731
INDEP_CANDIDATE	powerflow0300p	3	3684	7567	36902	1	341806	384070	384070	0.002511
INDEP_CANDIDATE	powerflow0300p	3	3684	7567	36902	2	341806	46381102	46381102	0.008604
INDEP_CANDIDATE	powerflow0300p	4	5074	6177	35154	0	392375	570527	570527	0.012740
INDEP_CANDIDATE	powerflow0300p	4	5074	6177	35154	1	392375	414557	414557	0.002105
INDEP_CANDIDATE	powerflow0300p	4	5074	6177	35154	2	392375	37472350	37472350	0.006231
INDEP_CANDIDATE	powerflow0300p	5	5326	5925	43388	0	430333	786925	786925	0.012554
INDEP_CANDIDATE	powerflow0300p	5	5326	5925	43388	1	430333	420021	420021	0.002097
INDEP_CANDIDATE	powerflow0300p	5	5326	5925	43388	2	430333	2874093	2874093	0.002775
INDEP_CANDIDATE	powerflow0300p	6	5104	6147	35974	0	444348	661600	661600	0.012534
INDEP_CANDIDATE	powerflow0300p	6	5104	6147	35974	1	444348	444329	444329	0.002101
INDEP_CANDIDATE	powerflow0300p	6	5104	6147	35974	2	444348	24889241	24889241	0.005212
INDEP_CANDIDATE	powerflow0300p	7	5106	6145	36150	0	447953	737760	737760	0.013411
INDEP_CANDIDATE	powerflow0300p	7	5106	6145	36150	1	447953	447934	447934	0.002127
INDEP_CANDIDATE	powerflow0300p	7	5106	6145	36150	2	447953	23882839	23882839	0.004923
INDEP_ROW	powerflow0300p	11251	41918	304705	292101	291917	291917	291917	291917	291917	291917	291917	291917	291917
INDEP_ROW	nd_netgen-3000-1-1-b-b-ns_7	33155	90000	922197	885186	885186	885186	885186	885186	885186	885186	885186	885186	885186
INDEP_CANDIDATE	sonet23v4	0	256	547	5952	0	139703	102000	102000	0.000812
INDEP_CANDIDATE	sonet23v4	0	256	547	5952	1	139703	337115	337115	0.000299
INDEP_CANDIDATE	sonet23v4	0	256	547	5952	2	139703	449242	449242	0.000246
INDEP_CANDIDATE	sonet23v4	1	260	543	5968	0	139762	114669	114669	0.000730
INDEP_CANDIDATE	sonet23v4	1	260	543	5968	1	139762	337174	337174	0.000278
INDEP_CANDIDATE	sonet23v4	1	260	543	5968	2	139762	449301	449301	0.000234
INDEP_CANDIDATE	sonet23v4	2	271	532	6162	0	140292	153927	153927	0.001025
INDEP_CANDIDATE	sonet23v4	2	271	532	6162	1	140292	337689	337689	0.000287
INDEP_CANDIDATE	sonet23v4	2	271	532	6162	2	140292	433563	433563	0.000250
INDEP_CANDIDATE	sonet23v4	3	232	571	6004	0	142487	114621	114621	0.001050
INDEP_CANDIDATE	sonet23v4	3	232	571	6004	1	142487	339595	339595	0.000310
INDEP_CANDIDATE	sonet23v4	3	232	571	6004	2	142487	951528	951528	0.000258
INDEP_CANDIDATE	sonet23v4	4	234	569	6000	0	142540	117612	117612	0.000813
INDEP_CANDIDATE	sonet23v4	4	234	569	6000	1	142540	339648	339648	0.000291
INDEP_CANDIDATE	sonet23v4	4	234	569	6000	2	142540	951581	951581	0.000243
INDEP_CANDIDATE	sonet23v4	5	238	565	5996	0	142818	115033	115033	0.001050
INDEP_CANDIDATE	sonet23v4	5	238	565	5996	1	142818	339926	339926	0.000288
INDEP_CANDIDATE	sonet23v4	5	238	565	5996	2	142818	951439	951439	0.000240
INDEP_CANDIDATE	sonet23v4	6	244	559	5996	0	171304	118497	118497	0.000742
INDEP_CANDIDATE	sonet23v4	6	244	559	5996	1	171304	341013	341013	0.000277
INDEP_CANDIDATE	sonet23v4	6	244	559	5996	2	171304	519861	519861	0.000236
INDEP_CANDIDATE	sonet23v4	7	245	558	5998	0	171620	118172	118172	0.001184
INDEP_CANDIDATE	sonet23v4	7	245	558	5998	1	171620	341329	341329	0.000269
INDEP_CANDIDATE	sonet23v4	7	245	558	5998	2	171620	580246	580246	0.000238
INDEP_ROW	sonet23v4	803	6462	139703	94348	94348	94348	94348	94348	94348	94348	94348	94348	94348
INDEP_CANDIDATE	pooling_sppa0pq	0	799	850	31854	0	2721420	2130584	2130584	0.002818
INDEP_CANDIDATE	pooling_sppa0pq	0	799	850	31854	1	2721420	3802939	3802939	0.000687
INDEP_CANDIDATE	pooling_sppa0pq	0	799	850	31854	2	2721420	13170369	13170369	0.000605
INDEP_CANDIDATE	pooling_sppa0pq	1	744	905	22964	0	3256648	2041062	2041062	0.002918
INDEP_CANDIDATE	pooling_sppa0pq	1	744	905	22964	1	3256648	10794409	10794409	0.001005
INDEP_CANDIDATE	pooling_sppa0pq	1	744	905	22964	2	3256648	7856826	7856826	0.000593
INDEP_CANDIDATE	pooling_sppa0pq	2	33	1616	24880	0	3295048	4479267	4479267	0.005383
INDEP_CANDIDATE	pooling_sppa0pq	2	33	1616	24880	1	3295048	3111403	3111403	0.000885
INDEP_CANDIDATE	pooling_sppa0pq	2	33	1616	24880	2	3295048	8336610	8336610	0.000702
INDEP_CANDIDATE	pooling_sppa0pq	3	741	908	22816	0	3393425	2273718	2273718	0.002680
INDEP_CANDIDATE	pooling_sppa0pq	3	741	908	22816	1	3393425	9320215	9320215	0.001036
INDEP_CANDIDATE	pooling_sppa0pq	3	741	908	22816	2	3393425	7857125	7857125	0.000608
INDEP_CANDIDATE	pooling_sppa0pq	4	738	911	22742	0	3393425	2135757	2135757	0.002572
INDEP_CANDIDATE	pooling_sppa0pq	4	738	911	22742	1	3393425	9320215	9320215	0.001029
INDEP_CANDIDATE	pooling_sppa0pq	4	738	911	22742	2	3393425	7857125	7857125	0.000593
INDEP_CANDIDATE	pooling_sppa0pq	5	735	914	22724	0	3393425	2241134	2241134	0.003032
INDEP_CANDIDATE	pooling_sppa0pq	5	735	914	22724	1	3393425	9320215	9320215	0.001020
INDEP_CANDIDATE	pooling_sppa0pq	5	735	914	22724	2	3393425	7857125	7857125	0.000587
INDEP_CANDIDATE	pooling_sppa0pq	6	1	1648	24190	0	3745901	5706569	5706569	0.005329
INDEP_CANDIDATE	pooling_sppa0pq	6	1	1648	24190	1	3745901	3191631	3191631	0.000861
INDEP_CANDIDATE	pooling_sppa0pq	6	1	1648	24190	2	3745901	8363014	8363014	0.000705
INDEP_ROW	pooling_sppa0pq	1649	24192	3745896	1214182	1214182	1214182	1214182	1214182	1214182	1214182	1214182	1214182	1214182
INDEP_CANDIDATE	multiplants_mtg1b	0	239	406	4016	0	217582	184717	184717	0.001218
INDEP_CANDIDATE	multiplants_mtg1b	0	239	406	4016	1	217582	259758	259758	0.000352
INDEP_CANDIDATE	multiplants_mtg1b	0	239	406	4016	2	217582	305337	305337	0.000290
INDEP_CANDIDATE	multiplants_mtg1b	1	6	639	4398	0	229487	178246	178246	0.001522
INDEP_CANDIDATE	multiplants_mtg1b	1	6	639	4398	1	229487	274711	274711	0.000384
INDEP_CANDIDATE	multiplants_mtg1b	1	6	639	4398	2	229487	315521	315521	0.000324
INDEP_CANDIDATE	multiplants_mtg1b	2	227	418	3974	0	229998	184611	184611	0.001113
INDEP_CANDIDATE	multiplants_mtg1b	2	227	418	3974	1	229998	275410	275410	0.000358
INDEP_CANDIDATE	multiplants_mtg1b	2	227	418	3974	2	229998	324303	324303	0.000274
INDEP_CANDIDATE	multiplants_mtg1b	3	48	597	4788	0	230831	185427	185427	0.001647
INDEP_CANDIDATE	multiplants_mtg1b	3	48	597	4788	1	230831	287292	287292	0.000369
INDEP_CANDIDATE	multiplants_mtg1b	3	48	597	4788	2	230831	317964	317964	0.000330
INDEP_CANDIDATE	multiplants_mtg1b	4	192	453	7240	0	280360	231653	231653	0.001472
INDEP_CANDIDATE	multiplants_mtg1b	4	192	453	7240	1	280360	280360	280360	0.000362
INDEP_CANDIDATE	multiplants_mtg1b	4	192	453	7240	2	280360	462564	462564	0.000405
INDEP_CANDIDATE	multiplants_mtg1b	5	243	402	8100	0	288159	245000	245000	0.001392
INDEP_CANDIDATE	multiplants_mtg1b	5	243	402	8100	1	288159	288159	288159	0.000368
INDEP_CANDIDATE	multiplants_mtg1b	5	243	402	8100	2	288159	331298	331298	0.000358
INDEP_CANDIDATE	multiplants_mtg1b	6	289	356	5030	0	315816	263819	263819	0.000888
INDEP_CANDIDATE	multiplants_mtg1b	6	289	356	5030	1	315816	251522	251522	0.000354
INDEP_CANDIDATE	multiplants_mtg1b	6	289	356	5030	2	315816	450961	450961	0.000261
INDEP_ROW	multiplants_mtg1b	645	4404	229415	152043	152043	152043	152043	152043	152043	152043	152043	152043	152043
INDEP_CANDIDATE	sssd18-08persp	0	24	314	1120	0	4942	6751	6751	0.000277
INDEP_CANDIDATE	sssd18-08persp	0	24	314	1120	1	4942	4942	4942	0.000073
INDEP_CANDIDATE	sssd18-08persp	0	24	314	1120	2	4942	6075	6075	0.000070
INDEP_CANDIDATE	sssd18-08persp	1	200	138	768	0	5370	5370	5370	0.000038
INDEP_CANDIDATE	sssd18-08persp	1	200	138	768	1	5370	4936	4936	0.000033
INDEP_CANDIDATE	sssd18-08persp	1	200	138	768	2	5370	8470	8470	0.000032
INDEP_CANDIDATE	sssd18-08persp	2	56	282	1104	0	5686	5758	5758	0.000262
INDEP_CANDIDATE	sssd18-08persp	2	56	282	1104	1	5686	5686	5686	0.000067
INDEP_CANDIDATE	sssd18-08persp	2	56	282	1104	2	5686	6643	6643	0.000061
INDEP_CANDIDATE	sssd18-08persp	3	224	114	784	0	6234	6234	6234	0.000039
INDEP_CANDIDATE	sssd18-08persp	3	224	114	784	1	6234	5800	5800	0.000031
INDEP_CANDIDATE	sssd18-08persp	3	224	114	784	2	6234	8990	8990	0.000027
INDEP_ROW	sssd18-08persp	338	1168	4654	4654	4654	4654	4654	4654	4654	4654	4654	4654	4654
INDEP_ROW	ex9_1_2	19	54	188	179	179	179	179	179	179	179	179	179	179
INDEP_CANDIDATE	crudeoil_lee1_07	0	855	2815	18700	0	4630250	7978836	7978836	0.007376
INDEP_CANDIDATE	crudeoil_lee1_07	0	855	2815	18700	1	4630250	4922966	4922966	0.001988
INDEP_CANDIDATE	crudeoil_lee1_07	0	855	2815	18700	2	4630250	11101676	11101676	0.001890
INDEP_CANDIDATE	crudeoil_lee1_07	1	1713	1957	17600	0	4706956	11258120	11258120	0.005116
INDEP_CANDIDATE	crudeoil_lee1_07	1	1713	1957	17600	1	4706956	5401699	5401699	0.001763
INDEP_CANDIDATE	crudeoil_lee1_07	1	1713	1957	17600	2	4706956	13649419	13649419	0.001862
INDEP_CANDIDATE	crudeoil_lee1_07	2	1665	2005	16792	0	4724068	9211078	9211078	0.005649
INDEP_CANDIDATE	crudeoil_lee1_07	2	1665	2005	16792	1	4724068	5397246	5397246	0.001745
INDEP_CANDIDATE	crudeoil_lee1_07	2	1665	2005	16792	2	4724068	14799137	14799137	0.002057
INDEP_CANDIDATE	crudeoil_lee1_07	3	1298	2372	16878	0	4741151	8772299	8772299	0.005899
INDEP_CANDIDATE	crudeoil_lee1_07	3	1298	2372	16878	1	4741151	5574695	5574695	0.001843
INDEP_CANDIDATE	crudeoil_lee1_07	3	1298	2372	16878	2	4741151	12989864	12989864	0.001919
INDEP_CANDIDATE	crudeoil_lee1_07	4	795	2875	18264	0	4752200	7284521	7284521	0.006610
INDEP_CANDIDATE	crudeoil_lee1_07	4	795	2875	18264	1	4752200	5017188	5017188	0.002109
INDEP_CANDIDATE	crudeoil_lee1_07	4	795	2875	18264	2	4752200	10773158	10773158	0.003395
INDEP_CANDIDATE	crudeoil_lee1_07	5	1069	2601	23210	0	4885345	7544955	7544955	0.017009
INDEP_CANDIDATE	crudeoil_lee1_07	5	1069	2601	23210	1	4885345	5001401	5001401	0.002020
INDEP_CANDIDATE	crudeoil_lee1_07	5	1069	2601	23210	2	4885345	11364275	11364275	0.002147
INDEP_CANDIDATE	crudeoil_lee1_07	6	1253	2417	31158	0	5811957	8730329	8730329	0.007819
INDEP_CANDIDATE	crudeoil_lee1_07	6	1253	2417	31158	1	5811957	5563452	5563452	0.002154
INDEP_CANDIDATE	crudeoil_lee1_07	6	1253	2417	31158	2	5811957	15852904	15852904	0.002052
INDEP_CANDIDATE	crudeoil_lee1_07	7	1775	1895	22332	0	5845381	7092972	7092972	0.005965
INDEP_CANDIDATE	crudeoil_lee1_07	7	1775	1895	22332	1	5845381	6317243	6317243	0.001850
INDEP_CANDIDATE	crudeoil_lee1_07	7	1775	1895	22332	2	5845381	28704617	28704617	0.002245
INDEP_CANDIDATE	crudeoil_lee1_07	8	1319	2351	37232	0	6247790	8746463	8746463	0.009166
INDEP_CANDIDATE	crudeoil_lee1_07	8	1319	2351	37232	1	6247790	4977553	4977553	0.002347
INDEP_CANDIDATE	crudeoil_lee1_07	8	1319	2351	37232	2	6247790	10596885	10596885	0.002246
INDEP_ROW	crudeoil_lee1_07	3670	19322	4746188	3513213	3506832	3506832	3506832	3506832	3506832	3506832	3506832	3506832	3506832
INDEP_ROW	pooling_haverly1tp	31	96	423	403	403	403	403	403	403	403	403	403	403
INDEP_CANDIDATE	waterund08	0	110	120	1760	0	31635	31635	31635	0.000052
INDEP_CANDIDATE	waterund08	0	110	120	1760	1	31635	31635	31635	0.000040
INDEP_CANDIDATE	waterund08	0	110	120	1760	2	31635	40260	40260	0.000039
INDEP_CANDIDATE	waterund08	1	85	145	1090	0	35284	35284	35284	0.000054
INDEP_CANDIDATE	waterund08	1	85	145	1090	1	35284	35284	35284	0.000056
INDEP_CANDIDATE	waterund08	1	85	145	1090	2	35284	47190	47190	0.000066
INDEP_CANDIDATE	waterund08	2	80	150	1100	0	35284	35284	35284	0.000052
INDEP_CANDIDATE	waterund08	2	80	150	1100	1	35284	35284	35284	0.000051
INDEP_CANDIDATE	waterund08	2	80	150	1100	2	35284	50364	50364	0.000064
INDEP_CANDIDATE	waterund08	3	45	185	1200	0	35509	35509	35509	0.000063
INDEP_CANDIDATE	waterund08	3	45	185	1200	1	35509	35509	35509	0.000067
INDEP_CANDIDATE	waterund08	3	45	185	1200	2	35509	48550	48550	0.000072
INDEP_CANDIDATE	waterund08	4	55	175	1600	0	37234	37234	37234	0.000073
INDEP_CANDIDATE	waterund08	4	55	175	1600	1	37234	37234	37234	0.000068
INDEP_CANDIDATE	waterund08	4	55	175	1600	2	37234	70712	70712	0.000078
INDEP_ROW	waterund08	230	1290	35284	30110	30110	30110	30110	30110	30110	30110	30110	30110	30110
INDEP_CANDIDATE	kall_diffcircles_6	0	31	45	240	0	1516	1516	1516	0.000015
INDEP_CANDIDATE	kall_diffcircles_6	0	31	45	240	1	1516	1516	1516	0.000014
INDEP_CANDIDATE	kall_diffcircles_6	0	31	45	240	2	1516	1516	1516	0.000013
INDEP_CANDIDATE	kall_diffcircles_6	1	16	60	294	0	1682	1682	1682	0.000017
INDEP_CANDIDATE	kall_diffcircles_6	1	16	60	294	1	1682	1682	1682	0.000015
INDEP_CANDIDATE	kall_diffcircles_6	1	16	60	294	2	1682	1682	1682	0.000017
INDEP_CANDIDATE	kall_diffcircles_6	2	32	44	278	0	1918	1918	1918	0.000017
INDEP_CANDIDATE	kall_diffcircles_6	2	32	44	278	1	1918	1918	1918	0.000015
INDEP_CANDIDATE	kall_diffcircles_6	2	32	44	278	2	1918	1918	1918	0.000013
INDEP_CANDIDATE	kall_diffcircles_6	3	31	45	336	0	2162	2162	2162	0.000016
INDEP_CANDIDATE	kall_diffcircles_6	3	31	45	336	1	2162	2162	2162	0.000014
INDEP_CANDIDATE	kall_diffcircles_6	3	31	45	336	2	2162	2162	2162	0.000013
INDEP_ROW	kall_diffcircles_6	76	302	1511	1511	1511	1511	1511	1511	1511	1511	1511	1511	1511
INDEP_CANDIDATE	chimera_mgw-c8-439-onc8-001	0	111	329	2830	0	96280	117826	117826	0.000575
INDEP_CANDIDATE	chimera_mgw-c8-439-onc8-001	0	111	329	2830	1	96280	101610	101610	0.000228
INDEP_CANDIDATE	chimera_mgw-c8-439-onc8-001	0	111	329	2830	2	96280	201299	201299	0.000227
INDEP_CANDIDATE	chimera_mgw-c8-439-onc8-001	1	17	423	3066	0	100343	134877	134877	0.000758
INDEP_CANDIDATE	chimera_mgw-c8-439-onc8-001	1	17	423	3066	1	100343	103624	103624	0.000255
INDEP_CANDIDATE	chimera_mgw-c8-439-onc8-001	1	17	423	3066	2	100343	357350	357350	0.000315
INDEP_CANDIDATE	chimera_mgw-c8-439-onc8-001	2	5	435	3020	0	101709	128031	128031	0.000885
INDEP_CANDIDATE	chimera_mgw-c8-439-onc8-001	2	5	435	3020	1	101709	106242	106242	0.000250
INDEP_CANDIDATE	chimera_mgw-c8-439-onc8-001	2	5	435	3020	2	101709	424895	424895	0.000311
INDEP_CANDIDATE	chimera_mgw-c8-439-onc8-001	3	184	256	2986	0	102207	144468	144468	0.000501
INDEP_CANDIDATE	chimera_mgw-c8-439-onc8-001	3	184	256	2986	1	102207	109379	109379	0.000198
INDEP_CANDIDATE	chimera_mgw-c8-439-onc8-001	3	184	256	2986	2	102207	164597	164597	0.000189
INDEP_CANDIDATE	chimera_mgw-c8-439-onc8-001	4	139	301	3502	0	108193	151413	151413	0.000567
INDEP_CANDIDATE	chimera_mgw-c8-439-onc8-001	4	139	301	3502	1	108193	114715	114715	0.000216
INDEP_CANDIDATE	chimera_mgw-c8-439-onc8-001	4	139	301	3502	2	108193	230979	230979	0.000251
INDEP_ROW	chimera_mgw-c8-439-onc8-001	440	3040	106479	80090	80090	80090	80090	80090	80090	80090	80090	80090	80090
INDEP_CANDIDATE	waterund11	0	81	79	966	0	12927	12927	12927	0.000035
INDEP_CANDIDATE	waterund11	0	81	79	966	1	12927	11852	11852	0.000028
INDEP_CANDIDATE	waterund11	0	81	79	966	2	12927	15327	15327	0.000030
INDEP_CANDIDATE	waterund11	1	69	91	642	0	13408	13408	13408	0.000039
INDEP_CANDIDATE	waterund11	1	69	91	642	1	13408	12884	12884	0.000047
INDEP_CANDIDATE	waterund11	1	69	91	642	2	13408	15959	15959	0.000036
INDEP_CANDIDATE	waterund11	2	65	95	650	0	14370	14370	14370	0.000037
INDEP_CANDIDATE	waterund11	2	65	95	650	1	14370	14814	14814	0.000043
INDEP_CANDIDATE	waterund11	2	65	95	650	2	14370	14752	14752	0.000038
INDEP_CANDIDATE	waterund11	3	49	111	706	0	14818	14818	14818	0.000039
INDEP_CANDIDATE	waterund11	3	49	111	706	1	14818	14818	14818	0.000038
INDEP_CANDIDATE	waterund11	3	49	111	706	2	14818	14752	14752	0.000040
INDEP_CANDIDATE	waterund11	4	28	132	772	0	14958	14958	14958	0.000044
INDEP_CANDIDATE	waterund11	4	28	132	772	1	14958	14958	14958	0.000046
INDEP_CANDIDATE	waterund11	4	28	132	772	2	14958	20337	20337	0.000058
INDEP_CANDIDATE	waterund11	5	29	131	782	0	14990	14990	14990	0.000041
INDEP_CANDIDATE	waterund11	5	29	131	782	1	14990	14990	14990	0.000040
INDEP_CANDIDATE	waterund11	5	29	131	782	2	14990	14924	14924	0.000044
INDEP_CANDIDATE	waterund11	6	36	124	1032	0	16591	16591	16591	0.000054
INDEP_CANDIDATE	waterund11	6	36	124	1032	1	16591	16627	16627	0.000048
INDEP_CANDIDATE	waterund11	6	36	124	1032	2	16591	28419	28419	0.000049
INDEP_ROW	waterund11	160	828	14818	10705	10705	10705	10705	10705	10705	10705	10705	10705	10705
INDEP_CANDIDATE	chp_shorttermplan2d	0	7462	8902	38240	0	2648435	7218430	7218430	0.020095
INDEP_CANDIDATE	chp_shorttermplan2d	0	7462	8902	38240	1	2648435	4928998	4928998	0.002624
INDEP_CANDIDATE	chp_shorttermplan2d	0	7462	8902	38240	2	2648435	683750691	683750691	0.024733
INDEP_CANDIDATE	chp_shorttermplan2d	1	7654	8710	38624	0	2877333	7797517	7797517	0.020891
INDEP_CANDIDATE	chp_shorttermplan2d	1	7654	8710	38624	1	2877333	3203269	3203269	0.002876
INDEP_CANDIDATE	chp_shorttermplan2d	1	7654	8710	38624	2	2877333	253084929	253084929	0.016464
INDEP_CANDIDATE	chp_shorttermplan2d	2	6512	9852	47868	0	2962565	5732456	5732456	0.020579
INDEP_CANDIDATE	chp_shorttermplan2d	2	6512	9852	47868	1	2962565	2626154	2626154	0.003028
INDEP_CANDIDATE	chp_shorttermplan2d	2	6512	9852	47868	2	2962565	57743241	57743241	0.008454
INDEP_ROW	chp_shorttermplan2d	16364	52108	4089003	2104724	2104724	2104724	2104724	2104724	2104724	2104724	2104724	2104724	2104724
INDEP_CANDIDATE	sporttournament18	0	20	136	810	0	16710	16710	16710	0.000060
INDEP_CANDIDATE	sporttournament18	0	20	136	810	1	16710	17692	17692	0.000078
INDEP_CANDIDATE	sporttournament18	0	20	136	810	2	16710	106049	106049	0.000082
INDEP_CANDIDATE	sporttournament18	1	63	93	886	0	17251	17251	17251	0.000074
INDEP_CANDIDATE	sporttournament18	1	63	93	886	1	17251	16862	16862	0.000079
INDEP_CANDIDATE	sporttournament18	1	63	93	886	2	17251	24132	24132	0.000062
INDEP_CANDIDATE	sporttournament18	2	54	102	976	0	17755	17755	17755	0.000072
INDEP_CANDIDATE	sporttournament18	2	54	102	976	1	17755	19243	19243	0.000072
INDEP_CANDIDATE	sporttournament18	2	54	102	976	2	17755	23787	23787	0.000059
INDEP_ROW	sporttournament18	156	886	17568	13608	13608	13608	13608	13608	13608	13608	13608	13608	13608
INDEP_ROW	cvxnonsep_psig30	30	870	9455	9455	9455	9455	9455	9455	9455	9455	9455	9455	9455
INDEP_CANDIDATE	ringpack_20_2	0	2957	3132	37034	0	1110337	2882096	2882096	0.005906
INDEP_CANDIDATE	ringpack_20_2	0	2957	3132	37034	1	1110337	1110337	1110337	0.003867
INDEP_CANDIDATE	ringpack_20_2	0	2957	3132	37034	2	1110337	1593270	1593270	0.003543
INDEP_CANDIDATE	ringpack_20_2	1	2916	3173	50386	0	1165521	1757440	1757440	0.006751
INDEP_CANDIDATE	ringpack_20_2	1	2916	3173	50386	1	1165521	1165521	1165521	0.003346
INDEP_CANDIDATE	ringpack_20_2	1	2916	3173	50386	2	1165521	1697173	1697173	0.003212
INDEP_CANDIDATE	ringpack_20_2	2	2922	3167	51022	0	1166511	1971691	1971691	0.006991
INDEP_CANDIDATE	ringpack_20_2	2	2922	3167	51022	1	1166511	1166511	1166511	0.003490
INDEP_CANDIDATE	ringpack_20_2	2	2922	3167	51022	2	1166511	1698163	1698163	0.003230
INDEP_ROW	ringpack_20_2	6089	40368	1872174	707413	707413	707413	707413	707413	707413	707413	707413	707413	707413
INDEP_CANDIDATE	blend718	0	578	808	3138	0	66984	141758	141758	0.001620
INDEP_CANDIDATE	blend718	0	578	808	3138	1	66984	72761	72761	0.000286
INDEP_CANDIDATE	blend718	0	578	808	3138	2	66984	300397	300397	0.000364
INDEP_CANDIDATE	blend718	1	610	776	3384	0	72497	177095	177095	0.001159
INDEP_CANDIDATE	blend718	1	610	776	3384	1	72497	78274	78274	0.000296
INDEP_CANDIDATE	blend718	1	610	776	3384	2	72497	132409	132409	0.000327
INDEP_CANDIDATE	blend718	2	558	828	3882	0	75942	143872	143872	0.001633
INDEP_CANDIDATE	blend718	2	558	828	3882	1	75942	81719	81719	0.000323
INDEP_CANDIDATE	blend718	2	558	828	3882	2	75942	111875	111875	0.000324
INDEP_CANDIDATE	blend718	3	562	824	3906	0	76114	121418	121418	0.001664
INDEP_CANDIDATE	blend718	3	562	824	3906	1	76114	81891	81891	0.000307
INDEP_CANDIDATE	blend718	3	562	824	3906	2	76114	111777	111777	0.000314
INDEP_CANDIDATE	blend718	4	705	681	5818	0	93407	141900	141900	0.001355
INDEP_CANDIDATE	blend718	4	705	681	5818	1	93407	98094	98094	0.000406
INDEP_CANDIDATE	blend718	4	705	681	5818	2	93407	327026	327026	0.000400
INDEP_ROW	blend718	1386	4310	70355	61466	61466	61466	61466	61466	61466	61466	61466	61466	61466
INDEP_CANDIDATE	wastepaper4	0	65	50	654	0	7327	7327	7327	0.000030
INDEP_CANDIDATE	wastepaper4	0	65	50	654	1	7327	7244	7244	0.000030
INDEP_CANDIDATE	wastepaper4	0	65	50	654	2	7327	8887	8887	0.000030
INDEP_CANDIDATE	wastepaper4	1	25	90	682	0	9716	9716	9716	0.000040
INDEP_CANDIDATE	wastepaper4	1	25	90	682	1	9716	12123	12123	0.000056
INDEP_CANDIDATE	wastepaper4	1	25	90	682	2	9716	17136	17136	0.000047
INDEP_CANDIDATE	wastepaper4	2	1	114	722	0	9716	9716	9716	0.000043
INDEP_CANDIDATE	wastepaper4	2	1	114	722	1	9716	9716	9716	0.000051
INDEP_CANDIDATE	wastepaper4	2	1	114	722	2	9716	17141	17141	0.000051
INDEP_ROW	wastepaper4	115	724	9711	7183	7183	7183	7183	7183	7183	7183	7183	7183	7183
INDEP_CANDIDATE	squfl010-040persp	0	400	2050	7200	0	27625	59767	59767	0.001214
INDEP_CANDIDATE	squfl010-040persp	0	400	2050	7200	1	27625	27625	27625	0.000581
INDEP_CANDIDATE	squfl010-040persp	0	400	2050	7200	2	27625	28621	28621	0.000392
INDEP_CANDIDATE	squfl010-040persp	1	1600	850	4000	0	28425	62150	62150	0.000799
INDEP_CANDIDATE	squfl010-040persp	1	1600	850	4000	1	28425	28425	28425	0.000232
INDEP_CANDIDATE	squfl010-040persp	1	1600	850	4000	2	28425	29421	29421	0.000228
INDEP_CANDIDATE	squfl010-040persp	2	800	1650	7200	0	38825	70691	70691	0.001139
INDEP_CANDIDATE	squfl010-040persp	2	800	1650	7200	1	38825	38825	38825	0.000467
INDEP_CANDIDATE	squfl010-040persp	2	800	1650	7200	2	38825	39821	39821	0.000363
INDEP_ROW	squfl010-040persp	2450	7200	22825	22825	22825	22825	22825	22825	22825	22825	22825	22825	22825
INDEP_CANDIDATE	crudeoil_lee4_06	0	3632	6797	109128	0	41065650	52921109	52921109	0.024293
INDEP_CANDIDATE	crudeoil_lee4_06	0	3632	6797	109128	1	41065650	77863356	77863356	0.006286
INDEP_CANDIDATE	crudeoil_lee4_06	0	3632	6797	109128	2	41065650	119974008	119974008	0.008835
INDEP_CANDIDATE	crudeoil_lee4_06	1	3470	6959	94374	0	41331849	60716176	60716176	0.022991
INDEP_CANDIDATE	crudeoil_lee4_06	1	3470	6959	94374	1	41331849	45473175	45473175	0.005935
INDEP_CANDIDATE	crudeoil_lee4_06	1	3470	6959	94374	2	41331849	230542411	230542411	0.010302
INDEP_CANDIDATE	crudeoil_lee4_06	2	3491	6938	95580	0	41337834	59395149	59395149	0.024757
INDEP_CANDIDATE	crudeoil_lee4_06	2	3491	6938	95580	1	41337834	45479160	45479160	0.005881
INDEP_CANDIDATE	crudeoil_lee4_06	2	3491	6938	95580	2	41337834	229489041	229489041	0.009785
INDEP_CANDIDATE	crudeoil_lee4_06	3	5107	5322	67310	0	52824938	73822751	73822751	0.018498
INDEP_CANDIDATE	crudeoil_lee4_06	3	5107	5322	67310	1	52824938	58106145	58106145	0.005152
INDEP_CANDIDATE	crudeoil_lee4_06	3	5107	5322	67310	2	52824938	212159446	212159446	0.008100
INDEP_CANDIDATE	crudeoil_lee4_06	4	4580	5849	47404	0	53979987	74621708	74621708	0.017466
INDEP_CANDIDATE	crudeoil_lee4_06	4	4580	5849	47404	1	53979987	53769400	53769400	0.004943
INDEP_CANDIDATE	crudeoil_lee4_06	4	4580	5849	47404	2	53979987	201395990	201395990	0.013394
INDEP_CANDIDATE	crudeoil_lee4_06	5	3508	6921	48984	0	54926216	53497127	53497127	0.021752
INDEP_CANDIDATE	crudeoil_lee4_06	5	3508	6921	48984	1	54926216	58197331	58197331	0.005421
INDEP_CANDIDATE	crudeoil_lee4_06	5	3508	6921	48984	2	54926216	190882391	190882391	0.009335
INDEP_CANDIDATE	crudeoil_lee4_06	6	4951	5478	57942	0	60436269	88315987	88315987	0.018200
INDEP_CANDIDATE	crudeoil_lee4_06	6	4951	5478	57942	1	60436269	58100302	58100302	0.005200
INDEP_CANDIDATE	crudeoil_lee4_06	6	4951	5478	57942	2	60436269	346331862	346331862	0.008044
INDEP_ROW	crudeoil_lee4_06	10429	55492	65337120	32834025	32834025	32834025	32834025	32834025	32834025	32834025	32834025	32834025	32834025
INDEP_CANDIDATE	netmod_kar1	0	1014	732	3928	0	58939	247444	247444	0.000874
INDEP_CANDIDATE	netmod_kar1	0	1014	732	3928	1	58939	58878	58878	0.000487
INDEP_CANDIDATE	netmod_kar1	0	1014	732	3928	2	58939	116082	116082	0.000439
INDEP_CANDIDATE	netmod_kar1	1	948	798	3664	0	61206	80861	80861	0.000637
INDEP_CANDIDATE	netmod_kar1	1	948	798	3664	1	61206	61206	61206	0.000503
INDEP_CANDIDATE	netmod_kar1	1	948	798	3664	2	61206	380859	380859	0.000732
INDEP_CANDIDATE	netmod_kar1	2	624	1122	4928	0	64326	107048	107048	0.001713
INDEP_CANDIDATE	netmod_kar1	2	624	1122	4928	1	64326	64326	64326	0.000463
INDEP_CANDIDATE	netmod_kar1	2	624	1122	4928	2	64326	108435	108435	0.000463
INDEP_CANDIDATE	netmod_kar1	3	636	1110	4976	0	64502	190594	190594	0.001929
INDEP_CANDIDATE	netmod_kar1	3	636	1110	4976	1	64502	64502	64502	0.000462
INDEP_CANDIDATE	netmod_kar1	3	636	1110	4976	2	64502	114923	114923	0.000441
INDEP_ROW	netmod_kar1	1746	4928	56838	43864	43864	43864	43864	43864	43864	43864	43864	43864	43864
INDEP_ROW	ex8_1_7	14	46	137	128	128	128	128	128	128	128	128	128	128
INDEP_CANDIDATE	graphpart_3g-0333-0333	0	27	81	648	0	42217	42217	42217	0.000046
INDEP_CANDIDATE	graphpart_3g-0333-0333	0	27	81	648	1	42217	42217	42217	0.000046
INDEP_CANDIDATE	graphpart_3g-0333-0333	0	27	81	648	2	42217	53366	53366	0.000049
INDEP_CANDIDATE	graphpart_3g-0333-0333	1	21	87	1020	0	42535	42535	42535	0.000054
INDEP_CANDIDATE	graphpart_3g-0333-0333	1	21	87	1020	1	42535	54179	54179	0.000051
INDEP_CANDIDATE	graphpart_3g-0333-0333	1	21	87	1020	2	42535	57087	57087	0.000056
INDEP_ROW	graphpart_3g-0333-0333	108	648	44928	36228	36228	36228	36228	36228	36228	36228	36228	36228	36228
INDEP_CANDIDATE	slay05h	0	430	330	1440	0	10375	11196	11196	0.000343
INDEP_CANDIDATE	slay05h	0	430	330	1440	1	10375	10375	10375	0.000086
INDEP_CANDIDATE	slay05h	0	430	330	1440	2	10375	10665	10665	0.000086
INDEP_CANDIDATE	slay05h	1	420	340	1400	0	10375	11841	11841	0.000334
INDEP_CANDIDATE	slay05h	1	420	340	1400	1	10375	10375	10375	0.000082
INDEP_CANDIDATE	slay05h	1	420	340	1400	2	10375	9765	9765	0.000082
INDEP_CANDIDATE	slay05h	2	160	600	2080	0	11735	11899	11899	0.000745
INDEP_CANDIDATE	slay05h	2	160	600	2080	1	11735	11735	11735	0.000121
INDEP_CANDIDATE	slay05h	2	160	600	2080	2	11735	15515	15515	0.000144
INDEP_ROW	slay05h	760	2080	9815	8795	8795	8795	8795	8795	8795	8795	8795	8795	8795
INDEP_CANDIDATE	korcns	0	64	92	598	0	7206	7206	7206	0.000051
INDEP_CANDIDATE	korcns	0	64	92	598	1	7206	7754	7754	0.000063
INDEP_CANDIDATE	korcns	0	64	92	598	2	7206	20980	20980	0.000059
INDEP_CANDIDATE	korcns	1	47	109	624	0	7241	7241	7241	0.000059
INDEP_CANDIDATE	korcns	1	47	109	624	1	7241	7627	7627	0.000062
INDEP_CANDIDATE	korcns	1	47	109	624	2	7241	25841	25841	0.000066
INDEP_CANDIDATE	korcns	2	9	147	700	0	7289	7289	7289	0.000069
INDEP_CANDIDATE	korcns	2	9	147	700	1	7289	7707	7707	0.000074
INDEP_CANDIDATE	korcns	2	9	147	700	2	7289	42844	42844	0.000086
INDEP_CANDIDATE	korcns	3	68	88	616	0	7670	7670	7670	0.000057
INDEP_CANDIDATE	korcns	3	68	88	616	1	7670	7832	7832	0.000060
INDEP_CANDIDATE	korcns	3	68	88	616	2	7670	19645	19645	0.000055
INDEP_CANDIDATE	korcns	4	39	117	750	0	7933	7933	7933	0.000071
INDEP_CANDIDATE	korcns	4	39	117	750	1	7933	8326	8326	0.000065
INDEP_CANDIDATE	korcns	4	39	117	750	2	7933	21500	21500	0.000072
INDEP_CANDIDATE	korcns	5	46	110	856	0	9047	9047	9047	0.000072
INDEP_CANDIDATE	korcns	5	46	110	856	1	9047	8514	8514	0.000065
INDEP_CANDIDATE	korcns	5	46	110	856	2	9047	22856	22856	0.000062
INDEP_ROW	korcns	156	712	7241	6599	6599	6599	6599	6599	6599	6599	6599	6599	6599
INDEP_CANDIDATE	powerflow0118p	0	2255	2810	15480	0	125537	230674	230674	0.005500
INDEP_CANDIDATE	powerflow0118p	0	2255	2810	15480	1	125537	126023	126023	0.000969
INDEP_CANDIDATE	powerflow0118p	0	2255	2810	15480	2	125537	1198098	1198098	0.001519
INDEP_CANDIDATE	powerflow0118p	1	2437	2628	15116	0	127781	225946	225946	0.004680
INDEP_CANDIDATE	powerflow0118p	1	2437	2628	15116	1	127781	127965	127965	0.000921
INDEP_CANDIDATE	powerflow0118p	1	2437	2628	15116	2	127781	736053	736053	0.001333
INDEP_CANDIDATE	powerflow0118p	2	2446	2619	16172	0	137530	231069	231069	0.005371
INDEP_CANDIDATE	powerflow0118p	2	2446	2619	16172	1	137530	136694	136694	0.000945
INDEP_CANDIDATE	powerflow0118p	2	2446	2619	16172	2	137530	812468	812468	0.001333
INDEP_CANDIDATE	powerflow0118p	3	1667	3398	16394	0	138494	251719	251719	0.007136
INDEP_CANDIDATE	powerflow0118p	3	1667	3398	16394	1	138494	150233	150233	0.001172
INDEP_CANDIDATE	powerflow0118p	3	1667	3398	16394	2	138494	8628034	8628034	0.002910
INDEP_CANDIDATE	powerflow0118p	4	2453	2612	18124	0	159733	277766	277766	0.005080
INDEP_CANDIDATE	powerflow0118p	4	2453	2612	18124	1	159733	158249	158249	0.000964
INDEP_CANDIDATE	powerflow0118p	4	2453	2612	18124	2	159733	612024	612024	0.001198
INDEP_CANDIDATE	powerflow0118p	5	2255	2810	15722	0	160357	242187	242187	0.005445
INDEP_CANDIDATE	powerflow0118p	5	2255	2810	15722	1	160357	169290	169290	0.001006
INDEP_CANDIDATE	powerflow0118p	5	2255	2810	15722	2	160357	8151473	8151473	0.002320
INDEP_CANDIDATE	powerflow0118p	6	2287	2778	16538	0	185516	296314	296314	0.005011
INDEP_CANDIDATE	powerflow0118p	6	2287	2778	16538	1	185516	185516	185516	0.001006
INDEP_CANDIDATE	powerflow0118p	6	2287	2778	16538	2	185516	1285322	1285322	0.001390
INDEP_ROW	powerflow0118p	5065	18730	121503	117327	117327	117327	117327	117327	117327	117327	117327	117327	117327
INDEP_CANDIDATE	sfacloc2_3_80	0	2397	2402	16046	0	85408	149008	149008	0.002932
INDEP_CANDIDATE	sfacloc2_3_80	0	2397	2402	16046	1	85408	115632	115632	0.004069
INDEP_CANDIDATE	sfacloc2_3_80	0	2397	2402	16046	2	85408	195868	195868	0.003025
INDEP_CANDIDATE	sfacloc2_3_80	1	2442	2357	15956	0	85813	124505	124505	0.002915
INDEP_CANDIDATE	sfacloc2_3_80	1	2442	2357	15956	1	85813	116037	116037	0.003907
INDEP_CANDIDATE	sfacloc2_3_80	1	2442	2357	15956	2	85813	160794	160794	0.003035
INDEP_CANDIDATE	sfacloc2_3_80	2	492	4307	20444	0	90666	178186	178186	0.005326
INDEP_CANDIDATE	sfacloc2_3_80	2	492	4307	20444	1	90666	90666	90666	0.006543
INDEP_CANDIDATE	sfacloc2_3_80	2	492	4307	20444	2	90666	167136	167136	0.006757
INDEP_CANDIDATE	sfacloc2_3_80	3	2448	2351	16412	0	93263	118807	118807	0.003036
INDEP_CANDIDATE	sfacloc2_3_80	3	2448	2351	16412	1	93263	123487	123487	0.004022
INDEP_CANDIDATE	sfacloc2_3_80	3	2448	2351	16412	2	93263	178244	178244	0.003728
INDEP_CANDIDATE	sfacloc2_3_80	4	1895	2904	18446	0	127321	154941	154941	0.003551
INDEP_CANDIDATE	sfacloc2_3_80	4	1895	2904	18446	1	127321	127321	127321	0.004104
INDEP_CANDIDATE	sfacloc2_3_80	4	1895	2904	18446	2	127321	153801	153801	0.003644
INDEP_ROW	sfacloc2_3_80	4799	20600	84672	81119	81119	81119	81119	81119	81119	81119	81119	81119	81119
INDEP_CANDIDATE	rsyn0820m04m	0	2772	3256	12068	0	207155	342853	342853	0.007582
INDEP_CANDIDATE	rsyn0820m04m	0	2772	3256	12068	1	207155	208901	208901	0.001023
INDEP_CANDIDATE	rsyn0820m04m	0	2772	3256	12068	2	207155	2735871	2735871	0.001695
INDEP_CANDIDATE	rsyn0820m04m	1	2884	3144	12532	0	212274	319620	319620	0.007221
INDEP_CANDIDATE	rsyn0820m04m	1	2884	3144	12532	1	212274	195683	195683	0.001002
INDEP_CANDIDATE	rsyn0820m04m	1	2884	3144	12532	2	212274	1623276	1623276	0.001455
INDEP_CANDIDATE	rsyn0820m04m	2	1816	4212	16456	0	245956	333996	333996	0.008900
INDEP_CANDIDATE	rsyn0820m04m	2	1816	4212	16456	1	245956	245984	245984	0.001165
INDEP_CANDIDATE	rsyn0820m04m	2	1816	4212	16456	2	245956	8539870	8539870	0.002132
INDEP_CANDIDATE	rsyn0820m04m	3	3005	3023	18486	0	276816	543599	543599	0.006999
INDEP_CANDIDATE	rsyn0820m04m	3	3005	3023	18486	1	276816	271436	271436	0.001053
INDEP_CANDIDATE	rsyn0820m04m	3	3005	3023	18486	2	276816	11269024	11269024	0.002001
INDEP_CANDIDATE	rsyn0820m04m	4	2444	3584	16896	0	292443	315100	315100	0.008414
INDEP_CANDIDATE	rsyn0820m04m	4	2444	3584	16896	1	292443	288005	288005	0.001127
INDEP_CANDIDATE	rsyn0820m04m	4	2444	3584	16896	2	292443	1843343	1843343	0.001548
INDEP_CANDIDATE	rsyn0820m04m	5	2488	3540	17160	0	294643	301423	301423	0.008020
INDEP_CANDIDATE	rsyn0820m04m	5	2488	3540	17160	1	294643	290205	290205	0.001113
INDEP_CANDIDATE	rsyn0820m04m	5	2488	3540	17160	2	294643	2023753	2023753	0.001445
INDEP_ROW	rsyn0820m04m	6028	17372	196890	152980	152980	152980	152980	152980	152980	152980	152980	152980	152980
INDEP_CANDIDATE	hydroenergy1	0	476	570	2164	0	14735	25820	25820	0.000790
INDEP_CANDIDATE	hydroenergy1	0	476	570	2164	1	14735	14748	14748	0.000144
INDEP_CANDIDATE	hydroenergy1	0	476	570	2164	2	14735	769080	769080	0.000392
INDEP_CANDIDATE	hydroenergy1	1	501	545	2184	0	15214	28731	28731	0.000778
INDEP_CANDIDATE	hydroenergy1	1	501	545	2184	1	15214	15138	15138	0.000136
INDEP_CANDIDATE	hydroenergy1	1	501	545	2184	2	15214	1326306	1326306	0.000344
INDEP_CANDIDATE	hydroenergy1	2	309	737	2696	0	17688	29463	29463	0.000992
INDEP_CANDIDATE	hydroenergy1	2	309	737	2696	1	17688	17943	17943	0.000171
INDEP_CANDIDATE	hydroenergy1	2	309	737	2696	2	17688	525851	525851	0.000317
INDEP_CANDIDATE	hydroenergy1	3	402	644	2936	0	20026	30122	30122	0.000800
INDEP_CANDIDATE	hydroenergy1	3	402	644	2936	1	20026	20042	20042	0.000159
INDEP_CANDIDATE	hydroenergy1	3	402	644	2936	2	20026	407807	407807	0.000272
INDEP_CANDIDATE	hydroenergy1	4	424	622	3200	0	21568	31817	31817	0.000894
INDEP_CANDIDATE	hydroenergy1	4	424	622	3200	1	21568	21582	21582	0.000155
INDEP_CANDIDATE	hydroenergy1	4	424	622	3200	2	21568	246960	246960	0.000239
INDEP_ROW	hydroenergy1	1046	3024	14089	14089	14089	14089	14089	14089	14089	14089	14089	14089	14089
INDEP_CANDIDATE	maxmin	0	78	103	1284	0	8405	8405	8405	0.000050
INDEP_CANDIDATE	maxmin	0	78	103	1284	1	8405	8405	8405	0.000053
INDEP_CANDIDATE	maxmin	0	78	103	1284	2	8405	8405	8405	0.000044
INDEP_CANDIDATE	maxmin	1	12	169	1464	0	8657	8657	8657	0.000058
INDEP_CANDIDATE	maxmin	1	12	169	1464	1	8657	8657	8657	0.000061
INDEP_CANDIDATE	maxmin	1	12	169	1464	2	8657	8657	8657	0.000050
INDEP_CANDIDATE	maxmin	2	78	103	1332	0	11627	11627	11627	0.000040
INDEP_CANDIDATE	maxmin	2	78	103	1332	1	11627	11627	11627	0.000034
INDEP_CANDIDATE	maxmin	2	78	103	1332	2	11627	11627	11627	0.000031
INDEP_ROW	maxmin	181	1440	8405	8405	8405	8405	8405	8405	8405	8405	8405	8405	8405
INDEP_ROW	st_ht	8	18	51	44	44	44	44	44	44	44	44	44	44
INDEP_CANDIDATE	crudeoil_lee2_06	0	2279	4139	66598	0	20542465	33593181	33593181	0.014390
INDEP_CANDIDATE	crudeoil_lee2_06	0	2279	4139	66598	1	20542465	23035635	23035635	0.004257
INDEP_CANDIDATE	crudeoil_lee2_06	0	2279	4139	66598	2	20542465	51912347	51912347	0.004486
INDEP_CANDIDATE	crudeoil_lee2_06	1	3011	3407	33348	0	20896816	37857241	37857241	0.010170
INDEP_CANDIDATE	crudeoil_lee2_06	1	3011	3407	33348	1	20896816	27343565	27343565	0.003380
INDEP_CANDIDATE	crudeoil_lee2_06	1	3011	3407	33348	2	20896816	104105415	104105415	0.004033
INDEP_CANDIDATE	crudeoil_lee2_06	2	1340	5078	32734	0	23309291	33056396	33056396	0.012632
INDEP_CANDIDATE	crudeoil_lee2_06	2	1340	5078	32734	1	23309291	25019431	25019431	0.003662
INDEP_CANDIDATE	crudeoil_lee2_06	2	1340	5078	32734	2	23309291	97273275	97273275	0.005282
INDEP_CANDIDATE	crudeoil_lee2_06	3	1425	4993	33222	0	23311435	32018257	32018257	0.012472
INDEP_CANDIDATE	crudeoil_lee2_06	3	1425	4993	33222	1	23311435	25021575	25021575	0.003707
INDEP_CANDIDATE	crudeoil_lee2_06	3	1425	4993	33222	2	23311435	95364353	95364353	0.005438
INDEP_CANDIDATE	crudeoil_lee2_06	4	2208	4210	30512	0	24257912	32178610	32178610	0.011421
INDEP_CANDIDATE	crudeoil_lee2_06	4	2208	4210	30512	1	24257912	26960548	26960548	0.003493
INDEP_CANDIDATE	crudeoil_lee2_06	4	2208	4210	30512	2	24257912	94759071	94759071	0.005523
INDEP_CANDIDATE	crudeoil_lee2_06	5	3125	3293	41640	0	25226167	36038894	36038894	0.010383
INDEP_CANDIDATE	crudeoil_lee2_06	5	3125	3293	41640	1	25226167	28789162	28789162	0.003448
INDEP_CANDIDATE	crudeoil_lee2_06	5	3125	3293	41640	2	25226167	64519028	64519028	0.004171
INDEP_CANDIDATE	crudeoil_lee2_06	6	1849	4569	41680	0	25374005	39167352	39167352	0.013066
INDEP_CANDIDATE	crudeoil_lee2_06	6	1849	4569	41680	1	25374005	24477461	24477461	0.003562
INDEP_CANDIDATE	crudeoil_lee2_06	6	1849	4569	41680	2	25374005	127971149	127971149	0.006438
INDEP_CANDIDATE	crudeoil_lee2_06	7	2797	3621	29652	0	25420676	36652442	36652442	0.010719
INDEP_CANDIDATE	crudeoil_lee2_06	7	2797	3621	29652	1	25420676	25942175	25942175	0.003338
INDEP_CANDIDATE	crudeoil_lee2_06	7	2797	3621	29652	2	25420676	104052996	104052996	0.006834
INDEP_CANDIDATE	crudeoil_lee2_06	8	2181	4237	57776	0	25432034	32052926	32052926	0.013060
INDEP_CANDIDATE	crudeoil_lee2_06	8	2181	4237	57776	1	25432034	26274380	26274380	0.003994
INDEP_CANDIDATE	crudeoil_lee2_06	8	2181	4237	57776	2	25432034	57230823	57230823	0.004573
INDEP_CANDIDATE	crudeoil_lee2_06	9	2193	4225	58460	0	25435454	40622305	40622305	0.013729
INDEP_CANDIDATE	crudeoil_lee2_06	9	2193	4225	58460	1	25435454	26277800	26277800	0.003973
INDEP_CANDIDATE	crudeoil_lee2_06	9	2193	4225	58460	2	25435454	57242242	57242242	0.004455
INDEP_ROW	crudeoil_lee2_06	6418	34646	23299675	16574163	16450647	16450647	16450647	16450647	16450647	16450647	16450647	16450647	16450647
INDEP_CANDIDATE	kan_r3_h1_n4	0	882	2301	12330	0	106358	116255	116255	0.002357
INDEP_CANDIDATE	kan_r3_h1_n4	0	882	2301	12330	1	106358	109917	109917	0.000828
INDEP_CANDIDATE	kan_r3_h1_n4	0	882	2301	12330	2	106358	630179	630179	0.001037
INDEP_CANDIDATE	kan_r3_h1_n4	1	616	2567	12862	0	111989	122873	122873	0.003500
INDEP_CANDIDATE	kan_r3_h1_n4	1	616	2567	12862	1	111989	118996	118996	0.000869
INDEP_CANDIDATE	kan_r3_h1_n4	1	616	2567	12862	2	111989	689520	689520	0.001148
INDEP_CANDIDATE	kan_r3_h1_n4	2	1133	2050	12824	0	113930	134588	134588	0.002854
INDEP_CANDIDATE	kan_r3_h1_n4	2	1133	2050	12824	1	113930	117735	117735	0.000762
INDEP_CANDIDATE	kan_r3_h1_n4	2	1133	2050	12824	2	113930	351404	351404	0.000724
INDEP_CANDIDATE	kan_r3_h1_n4	3	1442	1741	11306	0	114925	115813	115813	0.002478
INDEP_CANDIDATE	kan_r3_h1_n4	3	1442	1741	11306	1	114925	123093	123093	0.000610
INDEP_CANDIDATE	kan_r3_h1_n4	3	1442	1741	11306	2	114925	490979	490979	0.000717
INDEP_ROW	kan_r3_h1_n4	3183	14062	104945	98715	98715	98715	98715	98715	98715	98715	98715	98715	98715
INDEP_CANDIDATE	primary	0	156	222	5294	0	106215	121955	121955	0.000871
INDEP_CANDIDATE	primary	0	156	222	5294	1	106215	97680	97680	0.000195
INDEP_CANDIDATE	primary	0	156	222	5294	2	106215	138976	138976	0.000165
INDEP_CANDIDATE	primary	1	159	219	5288	0	106231	141367	141367	0.000840
INDEP_CANDIDATE	primary	1	159	219	5288	1	106231	97707	97707	0.000189
INDEP_CANDIDATE	primary	1	159	219	5288	2	106231	139014	139014	0.000161
INDEP_CANDIDATE	primary	2	160	218	5316	0	106521	121851	121851	0.001017
INDEP_CANDIDATE	primary	2	160	218	5316	1	106521	97997	97997	0.000203
INDEP_CANDIDATE	primary	2	160	218	5316	2	106521	139304	139304	0.000168
INDEP_CANDIDATE	primary	3	161	217	5356	0	107062	133626	133626	0.001210
INDEP_CANDIDATE	primary	3	161	217	5356	1	107062	98538	98538	0.000188
INDEP_CANDIDATE	primary	3	161	217	5356	2	107062	139845	139845	0.000164
INDEP_CANDIDATE	primary	4	162	216	5484	0	109080	144891	144891	0.001085
INDEP_CANDIDATE	primary	4	162	216	5484	1	109080	100556	100556	0.000187
INDEP_CANDIDATE	primary	4	162	216	5484	2	109080	143143	143143	0.000164
INDEP_CANDIDATE	primary	5	102	276	5594	0	110847	152733	152733	0.000796
INDEP_CANDIDATE	primary	5	102	276	5594	1	110847	110917	110917	0.000196
INDEP_CANDIDATE	primary	5	102	276	5594	2	110847	110700	110700	0.000184
INDEP_CANDIDATE	primary	6	111	267	5598	0	111078	133459	133459	0.000872
INDEP_CANDIDATE	primary	6	111	267	5598	1	111078	111148	111148	0.000188
INDEP_CANDIDATE	primary	6	111	267	5598	2	111078	110793	110793	0.000191
INDEP_CANDIDATE	primary	7	116	262	5604	0	111527	154525	154525	0.000837
INDEP_CANDIDATE	primary	7	116	262	5604	1	111527	111561	111561	0.000211
INDEP_CANDIDATE	primary	7	116	262	5604	2	111527	111355	111355	0.000170
INDEP_CANDIDATE	primary	8	119	259	5618	0	111974	181202	181202	0.000875
INDEP_CANDIDATE	primary	8	119	259	5618	1	111974	112008	112008	0.000189
INDEP_CANDIDATE	primary	8	119	259	5618	2	111974	111657	111657	0.000165
INDEP_CANDIDATE	primary	9	121	257	5614	0	112520	147588	147588	0.000883
INDEP_CANDIDATE	primary	9	121	257	5614	1	112520	112554	112554	0.000177
INDEP_CANDIDATE	primary	9	121	257	5614	2	112520	112203	112203	0.000156
INDEP_CANDIDATE	primary	10	164	214	6058	0	121044	166892	166892	0.000740
INDEP_CANDIDATE	primary	10	164	214	6058	1	121044	112718	112718	0.000227
INDEP_CANDIDATE	primary	10	164	214	6058	2	121044	167939	167939	0.000207
INDEP_CANDIDATE	primary	11	154	224	5696	0	155895	171291	171291	0.000934
INDEP_CANDIDATE	primary	11	154	224	5696	1	155895	148305	148305	0.000204
INDEP_CANDIDATE	primary	11	154	224	5696	2	155895	183002	183002	0.000175
INDEP_ROW	primary	378	5610	109639	95258	95258	95258	95258	95258	95258	95258	95258	95258	95258
INDEP_CANDIDATE	syn10m03hfsg	0	480	591	1812	0	9934	13737	13737	0.000680
INDEP_CANDIDATE	syn10m03hfsg	0	480	591	1812	1	9934	9934	9934	0.000187
INDEP_CANDIDATE	syn10m03hfsg	0	480	591	1812	2	9934	75509	75509	0.000383
INDEP_CANDIDATE	syn10m03hfsg	1	516	555	1812	0	10610	15636	15636	0.000584
INDEP_CANDIDATE	syn10m03hfsg	1	516	555	1812	1	10610	10636	10636	0.000163
INDEP_CANDIDATE	syn10m03hfsg	1	516	555	1812	2	10610	54511	54511	0.000222
INDEP_CANDIDATE	syn10m03hfsg	2	286	785	2574	0	13224	19091	19091	0.001100
INDEP_CANDIDATE	syn10m03hfsg	2	286	785	2574	1	13224	13245	13245	0.000194
INDEP_CANDIDATE	syn10m03hfsg	2	286	785	2574	2	13224	41944	41944	0.000237
INDEP_ROW	syn10m03hfsg	1071	2772	9890	9812	9812	9812	9812	9812	9812	9812	9812	9812	9812
INDEP_CANDIDATE	wastewater02m1	0	12	24	118	0	805	805	805	0.000011
INDEP_CANDIDATE	wastewater02m1	0	12	24	118	1	805	1030	1030	0.000013
INDEP_CANDIDATE	wastewater02m1	0	12	24	118	2	805	828	828	0.000011
INDEP_CANDIDATE	wastewater02m1	1	20	16	102	0	855	855	855	0.000008
INDEP_CANDIDATE	wastewater02m1	1	20	16	102	1	855	808	808	0.000007
INDEP_CANDIDATE	wastewater02m1	1	20	16	102	2	855	891	891	0.000007
INDEP_CANDIDATE	wastewater02m1	2	4	32	134	0	858	858	858	0.000011
INDEP_CANDIDATE	wastewater02m1	2	4	32	134	1	858	1074	1074	0.000015
INDEP_CANDIDATE	wastewater02m1	2	4	32	134	2	858	1170	1170	0.000014
INDEP_ROW	wastewater02m1	36	138	848	790	790	790	790	790	790	790	790	790	790
INDEP_CANDIDATE	supplychainr1_022020	0	1940	2680	11920	0	273660	480736	480736	0.002170
INDEP_CANDIDATE	supplychainr1_022020	0	1940	2680	11920	1	273660	273660	273660	0.000828
INDEP_CANDIDATE	supplychainr1_022020	0	1940	2680	11920	2	273660	320608	320608	0.000897
INDEP_CANDIDATE	supplychainr1_022020	1	2340	2280	13520	0	283660	407854	407854	0.002146
INDEP_CANDIDATE	supplychainr1_022020	1	2340	2280	13520	1	283660	283660	283660	0.000746
INDEP_CANDIDATE	supplychainr1_022020	1	2340	2280	13520	2	283660	330608	330608	0.000867
INDEP_CANDIDATE	supplychainr1_022020	2	1740	2880	15680	0	291780	366660	366660	0.001930
INDEP_CANDIDATE	supplychainr1_022020	2	1740	2880	15680	1	291780	291780	291780	0.000792
INDEP_CANDIDATE	supplychainr1_022020	2	1740	2880	15680	2	291780	301150	301150	0.000730
INDEP_CANDIDATE	supplychainr1_022020	3	2740	1880	22400	0	354460	481123	481123	0.002533
INDEP_CANDIDATE	supplychainr1_022020	3	2740	1880	22400	1	354460	354460	354460	0.000838
INDEP_CANDIDATE	supplychainr1_022020	3	2740	1880	22400	2	354460	362830	362830	0.000896
INDEP_ROW	supplychainr1_022020	4620	15680	273140	273100	273100	273100	273100	273100	273100	273100	273100	273100	273100
INDEP_CANDIDATE	squfl025-025persp	0	625	3175	11250	0	57425	79800	79800	0.001504
INDEP_CANDIDATE	squfl025-025persp	0	625	3175	11250	1	57425	57425	57425	0.000748
INDEP_CANDIDATE	squfl025-025persp	0	625	3175	11250	2	57425	76101	76101	0.000515
INDEP_CANDIDATE	squfl025-025persp	1	2500	1300	6250	0	58675	58675	58675	0.001055
INDEP_CANDIDATE	squfl025-025persp	1	2500	1300	6250	1	58675	58675	58675	0.000345
INDEP_CANDIDATE	squfl025-025persp	1	2500	1300	6250	2	58675	77351	77351	0.000303
INDEP_CANDIDATE	squfl025-025persp	2	1250	2550	11250	0	74925	74973	74973	0.001752
INDEP_CANDIDATE	squfl025-025persp	2	1250	2550	11250	1	74925	74925	74925	0.000602
INDEP_CANDIDATE	squfl025-025persp	2	1250	2550	11250	2	74925	93601	93601	0.000470
INDEP_ROW	squfl025-025persp	3800	11250	49925	49925	49925	49925	49925	49925	49925	49925	49925	49925	49925
INDEP_ROW	ringpack_30_2	17999	121458	12394600	2873684	2873684	2873684	2873684	2873684	2873684	2873684	2873684	2873684	2873684
INDEP_ROW	nuclear104	39098	257806	103156931	78332024	78332024	78332024	78332024	78332024	78332024	78332024	78332024	78332024	78332024
INDEP_CANDIDATE	chp_shorttermplan1a	0	2360	2592	11264	0	336822	546277	546277	0.005709
INDEP_CANDIDATE	chp_shorttermplan1a	0	2360	2592	11264	1	336822	383918	383918	0.000783
INDEP_CANDIDATE	chp_shorttermplan1a	0	2360	2592	11264	2	336822	27555070	27555070	0.003242
INDEP_CANDIDATE	chp_shorttermplan1a	1	2452	2500	11744	0	366489	660533	660533	0.006093
INDEP_CANDIDATE	chp_shorttermplan1a	1	2452	2500	11744	1	366489	395331	395331	0.000807
INDEP_CANDIDATE	chp_shorttermplan1a	1	2452	2500	11744	2	366489	22082865	22082865	0.002444
INDEP_CANDIDATE	chp_shorttermplan1a	2	1208	3744	13964	0	388074	660134	660134	0.008117
INDEP_CANDIDATE	chp_shorttermplan1a	2	1208	3744	13964	1	388074	388074	388074	0.000974
INDEP_CANDIDATE	chp_shorttermplan1a	2	1208	3744	13964	2	388074	12828811	12828811	0.001785
INDEP_CANDIDATE	chp_shorttermplan1a	3	2014	2938	16352	0	400699	515497	515497	0.007341
INDEP_CANDIDATE	chp_shorttermplan1a	3	2014	2938	16352	1	400699	400699	400699	0.000907
INDEP_CANDIDATE	chp_shorttermplan1a	3	2014	2938	16352	2	400699	3691415	3691415	0.001414
INDEP_CANDIDATE	chp_shorttermplan1a	4	1840	3112	14828	0	427946	601334	601334	0.006984
INDEP_CANDIDATE	chp_shorttermplan1a	4	1840	3112	14828	1	427946	427946	427946	0.001011
INDEP_CANDIDATE	chp_shorttermplan1a	4	1840	3112	14828	2	427946	25415876	25415876	0.002763
INDEP_CANDIDATE	chp_shorttermplan1a	5	2062	2890	20672	0	441275	650552	650552	0.006986
INDEP_CANDIDATE	chp_shorttermplan1a	5	2062	2890	20672	1	441275	476508	476508	0.001059
INDEP_CANDIDATE	chp_shorttermplan1a	5	2062	2890	20672	2	441275	32651710	32651710	0.002138
INDEP_CANDIDATE	chp_shorttermplan1a	6	2648	2304	16656	0	493089	845772	845772	0.006046
INDEP_CANDIDATE	chp_shorttermplan1a	6	2648	2304	16656	1	493089	478196	478196	0.000809
INDEP_CANDIDATE	chp_shorttermplan1a	6	2648	2304	16656	2	493089	9376033	9376033	0.001488
INDEP_ROW	chp_shorttermplan1a	4952	15700	376486	301258	300695	300695	300695	300695	300695	300695	300695	300695	300695
INDEP_CANDIDATE	rocket50	0	4	551	3480	0	20025	34226	34226	0.000780
INDEP_CANDIDATE	rocket50	0	4	551	3480	1	20025	22473	22473	0.000127
INDEP_CANDIDATE	rocket50	0	4	551	3480	2	20025	4702732	4702732	0.000599
INDEP_CANDIDATE	rocket50	1	105	450	3272	0	22425	34199	34199	0.000419
INDEP_CANDIDATE	rocket50	1	105	450	3272	1	22425	22442	22442	0.000105
INDEP_CANDIDATE	rocket50	1	105	450	3272	2	22425	2906911	2906911	0.000409
INDEP_CANDIDATE	rocket50	2	202	353	3174	0	22481	44396	44396	0.000441
INDEP_CANDIDATE	rocket50	2	202	353	3174	1	22481	22453	22453	0.000091
INDEP_CANDIDATE	rocket50	2	202	353	3174	2	22481	1984572	1984572	0.000268
INDEP_CANDIDATE	rocket50	3	200	355	3384	0	24983	31479	31479	0.000400
INDEP_CANDIDATE	rocket50	3	200	355	3384	1	24983	25604	25604	0.000097
INDEP_CANDIDATE	rocket50	3	200	355	3384	2	24983	30516	30516	0.000093
INDEP_CANDIDATE	rocket50	4	153	402	3570	0	28318	32436	32436	0.000503
INDEP_CANDIDATE	rocket50	4	153	402	3570	1	28318	24171	24171	0.000098
INDEP_CANDIDATE	rocket50	4	153	402	3570	2	28318	1415006	1415006	0.000286
INDEP_ROW	rocket50	555	3488	19983	19265	19265	19265	19265	19265	19265	19265	19265	19265	19265
INDEP_CANDIDATE	rsyn0840m04m	0	3988	4520	16720	0	240959	420865	420865	0.010410
INDEP_CANDIDATE	rsyn0840m04m	0	3988	4520	16720	1	240959	242400	242400	0.001351
INDEP_CANDIDATE	rsyn0840m04m	0	3988	4520	16720	2	240959	2582336	2582336	0.002226
INDEP_CANDIDATE	rsyn0840m04m	1	4140	4368	17360	0	247196	447695	447695	0.009801
INDEP_CANDIDATE	rsyn0840m04m	1	4140	4368	17360	1	247196	230814	230814	0.001340
INDEP_CANDIDATE	rsyn0840m04m	1	4140	4368	17360	2	247196	1829997	1829997	0.001871
INDEP_CANDIDATE	rsyn0840m04m	2	2640	5868	22936	0	283782	443283	443283	0.011935
INDEP_CANDIDATE	rsyn0840m04m	2	2640	5868	22936	1	283782	283838	283838	0.001552
INDEP_CANDIDATE	rsyn0840m04m	2	2640	5868	22936	2	283782	22221812	22221812	0.003513
INDEP_CANDIDATE	rsyn0840m04m	3	4352	4156	27640	0	360624	874711	874711	0.009892
INDEP_CANDIDATE	rsyn0840m04m	3	4352	4156	27640	1	360624	354763	354763	0.001428
INDEP_CANDIDATE	rsyn0840m04m	3	4352	4156	27640	2	360624	32023711	32023711	0.003008
INDEP_ROW	rsyn0840m04m	8508	24272	229914	186241	186241	186241	186241	186241	186241	186241	186241	186241	186241
INDEP_CANDIDATE	mpbp_21	0	4771	6945	28072	0	1691114	5252674	5252674	0.017293
INDEP_CANDIDATE	mpbp_21	0	4771	6945	28072	1	1691114	2117979	2117979	0.001926
INDEP_CANDIDATE	mpbp_21	0	4771	6945	28072	2	1691114	4677758	4677758	0.002282
INDEP_CANDIDATE	mpbp_21	1	5149	6567	30412	0	1703866	6044896	6044896	0.017341
INDEP_CANDIDATE	mpbp_21	1	5149	6567	30412	1	1703866	1703866	1703866	0.001838
INDEP_CANDIDATE	mpbp_21	1	5149	6567	30412	2	1703866	2961505	2961505	0.001985
INDEP_CANDIDATE	mpbp_21	2	4722	6994	35724	0	1747708	4001767	4001767	0.016763
INDEP_CANDIDATE	mpbp_21	2	4722	6994	35724	1	1747708	2174573	2174573	0.002001
INDEP_CANDIDATE	mpbp_21	2	4722	6994	35724	2	1747708	7029305	7029305	0.003250
INDEP_CANDIDATE	mpbp_21	3	6058	5658	52552	0	1843719	5500299	5500299	0.014841
INDEP_CANDIDATE	mpbp_21	3	6058	5658	52552	1	1843719	1843719	1843719	0.002110
INDEP_CANDIDATE	mpbp_21	3	6058	5658	52552	2	1843719	48709013	48709013	0.003022
INDEP_CANDIDATE	mpbp_21	4	4811	6905	36578	0	2170860	5181418	5181418	0.018000
INDEP_CANDIDATE	mpbp_21	4	4811	6905	36578	1	2170860	2170860	2170860	0.001964
INDEP_CANDIDATE	mpbp_21	4	4811	6905	36578	2	2170860	60096122	60096122	0.006542
INDEP_CANDIDATE	mpbp_21	5	4816	6900	36658	0	2170925	5413239	5413239	0.018713
INDEP_CANDIDATE	mpbp_21	5	4816	6900	36658	1	2170925	2170925	2170925	0.001983
INDEP_CANDIDATE	mpbp_21	5	4816	6900	36658	2	2170925	59901944	59901944	0.006476
INDEP_ROW	mpbp_21	11716	37660	1691114	1456963	1456963	1456963	1456963	1456963	1456963	1456963	1456963	1456963	1456963
INDEP_CANDIDATE	orth_d4m6_pl	0	80	92	896	0	10703	10703	10703	0.000046
INDEP_CANDIDATE	orth_d4m6_pl	0	80	92	896	1	10703	10703	10703	0.000046
INDEP_CANDIDATE	orth_d4m6_pl	0	80	92	896	2	10703	10703	10703	0.000039
INDEP_CANDIDATE	orth_d4m6_pl	1	64	108	968	0	10703	10703	10703	0.000045
INDEP_CANDIDATE	orth_d4m6_pl	1	64	108	968	1	10703	10703	10703	0.000052
INDEP_CANDIDATE	orth_d4m6_pl	1	64	108	968	2	10703	10703	10703	0.000044
INDEP_CANDIDATE	orth_d4m6_pl	2	44	128	1008	0	10703	10703	10703	0.000049
INDEP_CANDIDATE	orth_d4m6_pl	2	44	128	1008	1	10703	10703	10703	0.000060
INDEP_CANDIDATE	orth_d4m6_pl	2	44	128	1008	2	10703	10703	10703	0.000052
INDEP_CANDIDATE	orth_d4m6_pl	3	44	128	1054	0	11231	11231	11231	0.000051
INDEP_CANDIDATE	orth_d4m6_pl	3	44	128	1054	1	11231	11231	11231	0.000051
INDEP_CANDIDATE	orth_d4m6_pl	3	44	128	1054	2	11231	11231	11231	0.000046
INDEP_CANDIDATE	orth_d4m6_pl	4	64	108	1208	0	12011	12011	12011	0.000052
INDEP_CANDIDATE	orth_d4m6_pl	4	64	108	1208	1	12011	12011	12011	0.000052
INDEP_CANDIDATE	orth_d4m6_pl	4	64	108	1208	2	12011	12011	12011	0.000043
INDEP_ROW	orth_d4m6_pl	172	1096	10938	10703	10703	10703	10703	10703	10703	10703	10703	10703	10703
INDEP_CANDIDATE	kall_circlespolygons_c1p5b	0	436	1245	6560	0	201764	292997	292997	0.001947
INDEP_CANDIDATE	kall_circlespolygons_c1p5b	0	436	1245	6560	1	201764	312380	312380	0.000512
INDEP_CANDIDATE	kall_circlespolygons_c1p5b	0	436	1245	6560	2	201764	246046	246046	0.000505
INDEP_CANDIDATE	kall_circlespolygons_c1p5b	1	801	880	5900	0	204536	382382	382382	0.001767
INDEP_CANDIDATE	kall_circlespolygons_c1p5b	1	801	880	5900	1	204536	320381	320381	0.000458
INDEP_CANDIDATE	kall_circlespolygons_c1p5b	1	801	880	5900	2	204536	229121	229121	0.000334
INDEP_CANDIDATE	kall_circlespolygons_c1p5b	2	386	1295	6804	0	204750	302493	302493	0.002172
INDEP_CANDIDATE	kall_circlespolygons_c1p5b	2	386	1295	6804	1	204750	315366	315366	0.000529
INDEP_CANDIDATE	kall_circlespolygons_c1p5b	2	386	1295	6804	2	204750	249342	249342	0.000522
INDEP_CANDIDATE	kall_circlespolygons_c1p5b	3	696	985	8724	0	214352	249354	249354	0.001519
INDEP_CANDIDATE	kall_circlespolygons_c1p5b	3	696	985	8724	1	214352	216902	216902	0.000362
INDEP_CANDIDATE	kall_circlespolygons_c1p5b	3	696	985	8724	2	214352	231977	231977	0.000388
INDEP_CANDIDATE	kall_circlespolygons_c1p5b	4	701	980	8864	0	216602	256459	256459	0.001105
INDEP_CANDIDATE	kall_circlespolygons_c1p5b	4	701	980	8864	1	216602	219152	219152	0.000352
INDEP_CANDIDATE	kall_circlespolygons_c1p5b	4	701	980	8864	2	216602	228447	228447	0.000347
INDEP_CANDIDATE	kall_circlespolygons_c1p5b	5	823	858	6396	0	220528	298511	298511	0.000818
INDEP_CANDIDATE	kall_circlespolygons_c1p5b	5	823	858	6396	1	220528	312933	312933	0.000468
INDEP_CANDIDATE	kall_circlespolygons_c1p5b	5	823	858	6396	2	220528	269996	269996	0.000340
INDEP_CANDIDATE	kall_circlespolygons_c1p5b	6	711	970	9234	0	227122	259017	259017	0.001440
INDEP_CANDIDATE	kall_circlespolygons_c1p5b	6	711	970	9234	1	227122	229672	229672	0.000379
INDEP_CANDIDATE	kall_circlespolygons_c1p5b	6	711	970	9234	2	227122	236807	236807	0.000372
INDEP_ROW	kall_circlespolygons_c1p5b	1681	7432	201759	193841	193841	193841	193841	193841	193841	193841	193841	193841	193841
INDEP_ROW	acopf_case9241pegase_qcqp	313068	1292408	34647355	33736789	33736789	33736789	33736789	33736789	33736789	33736789	33736789	33736789	33736789
INDEP_CANDIDATE	ex1223	0	15	18	54	0	261	261	261	0.000008
INDEP_CANDIDATE	ex1223	0	15	18	54	1	261	261	261	0.000008
INDEP_CANDIDATE	ex1223	0	15	18	54	2	261	429	429	0.000008
INDEP_CANDIDATE	ex1223	1	8	25	78	0	332	332	332	0.000010
INDEP_CANDIDATE	ex1223	1	8	25	78	1	332	332	332	0.000008
INDEP_CANDIDATE	ex1223	1	8	25	78	2	332	448	448	0.000009
INDEP_CANDIDATE	ex1223	2	18	15	66	0	380	380	380	0.000008
INDEP_CANDIDATE	ex1223	2	18	15	66	1	380	380	380	0.000007
INDEP_CANDIDATE	ex1223	2	18	15	66	2	380	389	389	0.000007
INDEP_ROW	ex1223	33	82	244	244	244	244	244	244	244	244	244	244	244
INDEP_ROW	ex6_1_4	10	48	197	153	153	153	153	153	153	153	153	153	153
INDEP_CANDIDATE	powerflow0014r	0	169	234	1432	0	11167	17065	17065	0.000341
INDEP_CANDIDATE	powerflow0014r	0	169	234	1432	1	11167	11363	11363	0.000086
INDEP_CANDIDATE	powerflow0014r	0	169	234	1432	2	11167	24741	24741	0.000105
INDEP_CANDIDATE	powerflow0014r	1	187	216	1414	0	11409	15550	15550	0.000351
INDEP_CANDIDATE	powerflow0014r	1	187	216	1414	1	11409	11577	11577	0.000074
INDEP_CANDIDATE	powerflow0014r	1	187	216	1414	2	11409	26150	26150	0.000093
INDEP_CANDIDATE	powerflow0014r	2	105	298	1562	0	12037	16311	16311	0.000357
INDEP_CANDIDATE	powerflow0014r	2	105	298	1562	1	12037	12980	12980	0.000118
INDEP_CANDIDATE	powerflow0014r	2	105	298	1562	2	12037	46282	46282	0.000123
INDEP_CANDIDATE	powerflow0014r	3	190	213	1612	0	13773	19825	19825	0.000317
INDEP_CANDIDATE	powerflow0014r	3	190	213	1612	1	13773	13353	13353	0.000080
INDEP_CANDIDATE	powerflow0014r	3	190	213	1612	2	13773	22855	22855	0.000095
INDEP_CANDIDATE	powerflow0014r	4	177	226	1514	0	14965	18951	18951	0.000303
INDEP_CANDIDATE	powerflow0014r	4	177	226	1514	1	14965	14965	14965	0.000091
INDEP_CANDIDATE	powerflow0014r	4	177	226	1514	2	14965	32121	32121	0.000094
INDEP_ROW	powerflow0014r	403	1630	10761	10361	10361	10361	10361	10361	10361	10361	10361	10361	10361
INDEP_CANDIDATE	knp5-43	0	946	1119	29756	0	3517788	3517788	3517788	0.003295
INDEP_CANDIDATE	knp5-43	0	946	1119	29756	1	3517788	3517788	3517788	0.001248
INDEP_CANDIDATE	knp5-43	0	946	1119	29756	2	3517788	3517788	3517788	0.001209
INDEP_CANDIDATE	knp5-43	1	903	1162	29326	0	3517788	3645817	3645817	0.003913
INDEP_CANDIDATE	knp5-43	1	903	1162	29326	1	3517788	3517788	3517788	0.001223
INDEP_CANDIDATE	knp5-43	1	903	1162	29326	2	3517788	3517788	3517788	0.001237
INDEP_CANDIDATE	knp5-43	2	903	1162	66736	0	3666783	3905878	3905878	0.005460
INDEP_CANDIDATE	knp5-43	2	903	1162	66736	1	3666783	3666783	3666783	0.000897
INDEP_CANDIDATE	knp5-43	2	903	1162	66736	2	3666783	3666783	3666783	0.000948
INDEP_ROW	knp5-43	2065	31132	3517788	3517788	3517788	3517788	3517788	3517788	3517788	3517788	3517788	3517788	3517788
INDEP_ROW	gabriel09	21688	89702	29373994	26366112	26366112	26366112	26366112	26366112	26366112	26366112	26366112	26366112	26366112
INDEP_CANDIDATE	tln2	0	14	18	60	0	233	233	233	0.000008
INDEP_CANDIDATE	tln2	0	14	18	60	1	233	233	233	0.000007
INDEP_CANDIDATE	tln2	0	14	18	60	2	233	395	395	0.000007
INDEP_ROW	tln2	32	88	233	233	233	233	233	233	233	233	233	233	233
INDEP_ROW	prob02	22	76	267	232	232	232	232	232	232	232	232	232	232
INDEP_CANDIDATE	blend146	0	596	826	3252	0	74360	186746	186746	0.001623
INDEP_CANDIDATE	blend146	0	596	826	3252	1	74360	74360	74360	0.000319
INDEP_CANDIDATE	blend146	0	596	826	3252	2	74360	154452	154452	0.000336
INDEP_CANDIDATE	blend146	1	626	796	3492	0	79557	212959	212959	0.001212
INDEP_CANDIDATE	blend146	1	626	796	3492	1	79557	79557	79557	0.000316
INDEP_CANDIDATE	blend146	1	626	796	3492	2	79557	107326	107326	0.000330
INDEP_CANDIDATE	blend146	2	576	846	4050	0	83974	144471	144471	0.001721
INDEP_CANDIDATE	blend146	2	576	846	4050	1	83974	83974	83974	0.000336
INDEP_CANDIDATE	blend146	2	576	846	4050	2	83974	263486	263486	0.000364
INDEP_CANDIDATE	blend146	3	581	841	4084	0	85154	156500	156500	0.001653
INDEP_CANDIDATE	blend146	3	581	841	4084	1	85154	85154	85154	0.000334
INDEP_CANDIDATE	blend146	3	581	841	4084	2	85154	118378	118378	0.000349
INDEP_CANDIDATE	blend146	4	703	719	5320	0	88260	298903	298903	0.001481
INDEP_CANDIDATE	blend146	4	703	719	5320	1	88260	88461	88461	0.000357
INDEP_CANDIDATE	blend146	4	703	719	5320	2	88260	280249	280249	0.000375
INDEP_ROW	blend146	1422	4460	78102	64296	64296	64296	64296	64296	64296	64296	64296	64296	64296
INDEP_CANDIDATE	mpbp_46	0	1790	2728	10872	0	499547	1586362	1586362	0.006102
INDEP_CANDIDATE	mpbp_46	0	1790	2728	10872	1	499547	566560	566560	0.000825
INDEP_CANDIDATE	mpbp_46	0	1790	2728	10872	2	499547	11925160	11925160	0.002393
INDEP_CANDIDATE	mpbp_46	1	1764	2754	13676	0	520655	1042804	1042804	0.006458
INDEP_CANDIDATE	mpbp_46	1	1764	2754	13676	1	520655	587668	587668	0.000848
INDEP_CANDIDATE	mpbp_46	1	1764	2754	13676	2	520655	1289082	1289082	0.001055
INDEP_CANDIDATE	mpbp_46	2	1794	2724	13936	0	532197	1491969	1491969	0.006131
INDEP_CANDIDATE	mpbp_46	2	1794	2724	13936	1	532197	591697	591697	0.000866
INDEP_CANDIDATE	mpbp_46	2	1794	2724	13936	2	532197	2364995	2364995	0.001265
INDEP_CANDIDATE	mpbp_46	3	1904	2614	11352	0	567968	1333478	1333478	0.006018
INDEP_CANDIDATE	mpbp_46	3	1904	2614	11352	1	567968	567968	567968	0.000797
INDEP_CANDIDATE	mpbp_46	3	1904	2614	11352	2	567968	1355297	1355297	0.000943
INDEP_ROW	mpbp_46	4518	14492	499547	447643	447603	447603	447603	447603	447603	447603	447603	447603	447603
INDEP_CANDIDATE	tls6	0	13	400	2848	0	18567	23501	23501	0.000561
INDEP_CANDIDATE	tls6	0	13	400	2848	1	18567	18079	18079	0.000133
INDEP_CANDIDATE	tls6	0	13	400	2848	2	18567	27019	27019	0.000126
INDEP_CANDIDATE	tls6	1	244	169	2112	0	18643	18643	18643	0.000090
INDEP_CANDIDATE	tls6	1	244	169	2112	1	18643	18343	18343	0.000090
INDEP_CANDIDATE	tls6	1	244	169	2112	2	18643	22629	22629	0.000074
INDEP_CANDIDATE	tls6	2	122	291	2630	0	18672	23101	23101	0.000445
INDEP_CANDIDATE	tls6	2	122	291	2630	1	18672	18439	18439	0.000107
INDEP_CANDIDATE	tls6	2	122	291	2630	2	18672	26730	26730	0.000098
INDEP_CANDIDATE	tls6	3	121	292	2620	0	18672	23013	23013	0.000437
INDEP_CANDIDATE	tls6	3	121	292	2620	1	18672	18439	18439	0.000099
INDEP_CANDIDATE	tls6	3	121	292	2620	2	18672	26979	26979	0.000088
INDEP_CANDIDATE	tls6	4	270	143	1738	0	18814	18814	18814	0.000079
INDEP_CANDIDATE	tls6	4	270	143	1738	1	18814	18343	18343	0.000069
INDEP_CANDIDATE	tls6	4	270	143	1738	2	18814	20367	20367	0.000066
INDEP_CANDIDATE	tls6	5	64	349	2942	0	19500	23894	23894	0.000467
INDEP_CANDIDATE	tls6	5	64	349	2942	1	19500	19090	19090	0.000127
INDEP_CANDIDATE	tls6	5	64	349	2942	2	19500	27056	27056	0.000109
INDEP_CANDIDATE	tls6	6	82	331	3146	0	20522	25505	25505	0.000489
INDEP_CANDIDATE	tls6	6	82	331	3146	1	20522	20478	20478	0.000114
INDEP_CANDIDATE	tls6	6	82	331	3146	2	20522	28724	28724	0.000104
INDEP_ROW	tls6	413	2860	18483	17511	17511	17511	17511	17511	17511	17511	17511	17511	17511
INDEP_ROW	emfl100_5_5	21925	52300	221650	221650	221650	221650	221650	221650	221650	221650	221650	221650	221650
INDEP_CANDIDATE	qspp_0_11_0_1_10_1	0	121	220	43506	0	3563707	3563707	3563707	0.004238
INDEP_CANDIDATE	qspp_0_11_0_1_10_1	0	121	220	43506	1	3563707	3563707	3563707	0.000324
INDEP_CANDIDATE	qspp_0_11_0_1_10_1	0	121	220	43506	2	3563707	3563707	3563707	0.000274
INDEP_CANDIDATE	qspp_0_11_0_1_10_1	1	40	301	44058	0	3563707	4599728	4599728	0.003177
INDEP_CANDIDATE	qspp_0_11_0_1_10_1	1	40	301	44058	1	3563707	3563707	3563707	0.000427
INDEP_CANDIDATE	qspp_0_11_0_1_10_1	1	40	301	44058	2	3563707	3563707	3563707	0.000381
INDEP_CANDIDATE	qspp_0_11_0_1_10_1	2	4	337	50312	0	3921348	8279862	8279862	0.006046
INDEP_CANDIDATE	qspp_0_11_0_1_10_1	2	4	337	50312	1	3921348	3921348	3921348	0.000455
INDEP_CANDIDATE	qspp_0_11_0_1_10_1	2	4	337	50312	2	3921348	3921348	3921348	0.000503
INDEP_ROW	qspp_0_11_0_1_10_1	341	44264	3563707	3531915	3531915	3531915	3531915	3531915	3531915	3531915	3531915	3531915	3531915
INDEP_CANDIDATE	p_ball_10b_5p_4d_m	0	234	169	1116	0	13380	13380	13380	0.000062
INDEP_CANDIDATE	p_ball_10b_5p_4d_m	0	234	169	1116	1	13380	13380	13380	0.000058
INDEP_CANDIDATE	p_ball_10b_5p_4d_m	0	234	169	1116	2	13380	39919	39919	0.000053
INDEP_CANDIDATE	p_ball_10b_5p_4d_m	1	4	399	1484	0	13629	18373	18373	0.000408
INDEP_CANDIDATE	p_ball_10b_5p_4d_m	1	4	399	1484	1	13629	13629	13629	0.000100
INDEP_CANDIDATE	p_ball_10b_5p_4d_m	1	4	399	1484	2	13629	58282	58282	0.000118
INDEP_CANDIDATE	p_ball_10b_5p_4d_m	2	84	319	1556	0	15589	25014	25014	0.000388
INDEP_CANDIDATE	p_ball_10b_5p_4d_m	2	84	319	1556	1	15589	15589	15589	0.000091
INDEP_CANDIDATE	p_ball_10b_5p_4d_m	2	84	319	1556	2	15589	59962	59962	0.000097
INDEP_ROW	p_ball_10b_5p_4d_m	403	1484	13581	13288	13288	13288	13288	13288	13288	13288	13288	13288	13288
INDEP_CANDIDATE	st_rv9	0	70	20	266	0	6532	6532	6532	0.000014
INDEP_CANDIDATE	st_rv9	0	70	20	266	1	6532	6563	6563	0.000012
INDEP_CANDIDATE	st_rv9	0	70	20	266	2	6532	6410	6410	0.000012
INDEP_CANDIDATE	st_rv9	1	20	70	800	0	6691	6691	6691	0.000036
INDEP_CANDIDATE	st_rv9	1	20	70	800	1	6691	6691	6691	0.000045
INDEP_CANDIDATE	st_rv9	1	20	70	800	2	6691	6408	6408	0.000047
INDEP_ROW	st_rv9	90	840	6691	6321	6321	6321	6321	6321	6321	6321	6321	6321	6321
INDEP_CANDIDATE	rsyn0840m02m	0	1610	1876	6568	0	48582	60374	60374	0.002851
INDEP_CANDIDATE	rsyn0840m02m	0	1610	1876	6568	1	48582	48071	48071	0.000576
INDEP_CANDIDATE	rsyn0840m02m	0	1610	1876	6568	2	48582	554766	554766	0.000822
INDEP_CANDIDATE	rsyn0840m02m	1	968	2518	9068	0	59034	75673	75673	0.003984
INDEP_CANDIDATE	rsyn0840m02m	1	968	2518	9068	1	59034	59342	59342	0.000660
INDEP_CANDIDATE	rsyn0840m02m	1	968	2518	9068	2	59034	3552289	3552289	0.001438
INDEP_CANDIDATE	rsyn0840m02m	2	1798	1688	7768	0	61391	79754	79754	0.003273
INDEP_CANDIDATE	rsyn0840m02m	2	1798	1688	7768	1	61391	58665	58665	0.000540
INDEP_CANDIDATE	rsyn0840m02m	2	1798	1688	7768	2	61391	292524	292524	0.000734
INDEP_CANDIDATE	rsyn0840m02m	3	1400	2086	9352	0	72488	84191	84191	0.004046
INDEP_CANDIDATE	rsyn0840m02m	3	1400	2086	9352	1	72488	71925	71925	0.000629
INDEP_CANDIDATE	rsyn0840m02m	3	1400	2086	9352	2	72488	233284	233284	0.000725
INDEP_ROW	rsyn0840m02m	3486	9576	47529	44981	44981	44981	44981	44981	44981	44981	44981	44981	44981
INDEP_ROW	nvs05	22	84	277	266	266	266	266	266	266	266	266	266	266
INDEP_ROW	autocorr_bern25-19	28	612	5278	5278	5278	5278	5278	5278	5278	5278	5278	5278	5278
INDEP_CANDIDATE	sssd20-08persp	0	24	332	1184	0	5248	7730	7730	0.000284
INDEP_CANDIDATE	sssd20-08persp	0	24	332	1184	1	5248	5248	5248	0.000076
INDEP_CANDIDATE	sssd20-08persp	0	24	332	1184	2	5248	6381	6381	0.000076
INDEP_CANDIDATE	sssd20-08persp	1	216	140	800	0	5676	5676	5676	0.000039
INDEP_CANDIDATE	sssd20-08persp	1	216	140	800	1	5676	5242	5242	0.000035
INDEP_CANDIDATE	sssd20-08persp	1	216	140	800	2	5676	9915	9915	0.000033
INDEP_CANDIDATE	sssd20-08persp	2	56	300	1168	0	5992	6533	6533	0.000286
INDEP_CANDIDATE	sssd20-08persp	2	56	300	1168	1	5992	5992	5992	0.000073
INDEP_CANDIDATE	sssd20-08persp	2	56	300	1168	2	5992	6949	6949	0.000069
INDEP_CANDIDATE	sssd20-08persp	3	240	116	816	0	6540	6540	6540	0.000039
INDEP_CANDIDATE	sssd20-08persp	3	240	116	816	1	6540	6106	6106	0.000033
INDEP_CANDIDATE	sssd20-08persp	3	240	116	816	2	6540	10435	10435	0.000029
INDEP_ROW	sssd20-08persp	356	1232	4960	4960	4960	4960	4960	4960	4960	4960	4960	4960	4960
INDEP_CANDIDATE	multiplants_stg5	0	517	310	3480	0	191394	220583	220583	0.000683
INDEP_CANDIDATE	multiplants_stg5	0	517	310	3480	1	191394	191394	191394	0.000225
INDEP_CANDIDATE	multiplants_stg5	0	517	310	3480	2	191394	467467	467467	0.000262
INDEP_CANDIDATE	multiplants_stg5	1	123	704	3798	0	210265	322810	322810	0.001544
INDEP_CANDIDATE	multiplants_stg5	1	123	704	3798	1	210265	254909	254909	0.000478
INDEP_CANDIDATE	multiplants_stg5	1	123	704	3798	2	210265	1782779	1782779	0.000762
INDEP_CANDIDATE	multiplants_stg5	2	171	656	3990	0	211356	304993	304993	0.001266
INDEP_CANDIDATE	multiplants_stg5	2	171	656	3990	1	211356	211356	211356	0.000445
INDEP_CANDIDATE	multiplants_stg5	2	171	656	3990	2	211356	813529	813529	0.000560
INDEP_CANDIDATE	multiplants_stg5	3	520	307	3774	0	229263	473799	473799	0.000770
INDEP_CANDIDATE	multiplants_stg5	3	520	307	3774	1	229263	229263	229263	0.000212
INDEP_CANDIDATE	multiplants_stg5	3	520	307	3774	2	229263	486068	486068	0.000244
INDEP_ROW	multiplants_stg5	827	3804	377794	155722	155722	155722	155722	155722	155722	155722	155722	155722	155722
INDEP_CANDIDATE	chimera_rfr-02	0	638	1394	19476	0	3170803	4348979	4348979	0.005051
INDEP_CANDIDATE	chimera_rfr-02	0	638	1394	19476	1	3170803	3065544	3065544	0.001218
INDEP_CANDIDATE	chimera_rfr-02	0	638	1394	19476	2	3170803	4822955	4822955	0.001917
INDEP_CANDIDATE	chimera_rfr-02	1	141	1891	15434	0	3504668	3588058	3588058	0.005591
INDEP_CANDIDATE	chimera_rfr-02	1	141	1891	15434	1	3504668	3390304	3390304	0.001323
INDEP_CANDIDATE	chimera_rfr-02	1	141	1891	15434	2	3504668	7393343	7393343	0.002511
INDEP_CANDIDATE	chimera_rfr-02	2	20	2012	15234	0	3551121	3636902	3636902	0.005520
INDEP_CANDIDATE	chimera_rfr-02	2	20	2012	15234	1	3551121	3762982	3762982	0.001378
INDEP_CANDIDATE	chimera_rfr-02	2	20	2012	15234	2	3551121	9716841	9716841	0.002822
INDEP_CANDIDATE	chimera_rfr-02	3	2	2030	15136	0	3860441	3905735	3905735	0.005908
INDEP_CANDIDATE	chimera_rfr-02	3	2	2030	15136	1	3860441	3660588	3660588	0.001402
INDEP_CANDIDATE	chimera_rfr-02	3	2	2030	15136	2	3860441	13525260	13525260	0.003308
INDEP_CANDIDATE	chimera_rfr-02	4	659	1373	17966	0	3893658	3651323	3651323	0.004558
INDEP_CANDIDATE	chimera_rfr-02	4	659	1373	17966	1	3893658	3980359	3980359	0.001216
INDEP_CANDIDATE	chimera_rfr-02	4	659	1373	17966	2	3893658	12237408	12237408	0.002284
INDEP_ROW	chimera_rfr-02	2032	15140	3860441	2487310	2487310	2487310	2487310	2487310	2487310	2487310	2487310	2487310	2487310
INDEP_CANDIDATE	multiplants_stg1a	0	464	262	2976	0	132743	176727	176727	0.000576
INDEP_CANDIDATE	multiplants_stg1a	0	464	262	2976	1	132743	132743	132743	0.000225
INDEP_CANDIDATE	multiplants_stg1a	0	464	262	2976	2	132743	306103	306103	0.000193
INDEP_CANDIDATE	multiplants_stg1a	1	422	304	2994	0	133293	160671	160671	0.000588
INDEP_CANDIDATE	multiplants_stg1a	1	422	304	2994	1	133293	133293	133293	0.000261
INDEP_CANDIDATE	multiplants_stg1a	1	422	304	2994	2	133293	335404	335404	0.000291
INDEP_CANDIDATE	multiplants_stg1a	2	262	464	3254	0	142709	344105	344105	0.000998
INDEP_CANDIDATE	multiplants_stg1a	2	262	464	3254	1	142709	197869	197869	0.000409
INDEP_CANDIDATE	multiplants_stg1a	2	262	464	3254	2	142709	462961	462961	0.000387
INDEP_CANDIDATE	multiplants_stg1a	3	99	627	3504	0	143246	224497	224497	0.001195
INDEP_CANDIDATE	multiplants_stg1a	3	99	627	3504	1	143246	192912	192912	0.000441
INDEP_CANDIDATE	multiplants_stg1a	3	99	627	3504	2	143246	1627882	1627882	0.000700
INDEP_CANDIDATE	multiplants_stg1a	4	467	259	3270	0	146393	188120	188120	0.000578
INDEP_CANDIDATE	multiplants_stg1a	4	467	259	3270	1	146393	146393	146393	0.000205
INDEP_CANDIDATE	multiplants_stg1a	4	467	259	3270	2	146393	356492	356492	0.000195
INDEP_ROW	multiplants_stg1a	726	3510	142058	121443	121443	121443	121443	121443	121443	121443	121443	121443	121443
INDEP_CANDIDATE	pooling_adhya4pq	0	77	93	790	0	24314	24314	24314	0.000041
INDEP_CANDIDATE	pooling_adhya4pq	0	77	93	790	1	24314	21640	21640	0.000056
INDEP_CANDIDATE	pooling_adhya4pq	0	77	93	790	2	24314	32574	32574	0.000051
INDEP_CANDIDATE	pooling_adhya4pq	1	75	95	782	0	24314	24314	24314	0.000037
INDEP_CANDIDATE	pooling_adhya4pq	1	75	95	782	1	24314	21640	21640	0.000035
INDEP_CANDIDATE	pooling_adhya4pq	1	75	95	782	2	24314	32574	32574	0.000038
INDEP_CANDIDATE	pooling_adhya4pq	2	30	140	1528	0	33565	33565	33565	0.000074
INDEP_CANDIDATE	pooling_adhya4pq	2	30	140	1528	1	33565	32373	32373	0.000079
INDEP_CANDIDATE	pooling_adhya4pq	2	30	140	1528	2	33565	67595	67595	0.000070
INDEP_ROW	pooling_adhya4pq	170	932	24314	16556	16556	16556	16556	16556	16556	16556	16556	16556	16556
INDEP_ROW	nuclear10a	17493	163816	82406325	55754381	55754381	55754381	55754381	55754381	55754381	55754381	55754381	55754381	55754381
INDEP_CANDIDATE	sonet24v5	0	279	595	6704	0	185654	133173	133173	0.000783
INDEP_CANDIDATE	sonet24v5	0	279	595	6704	1	185654	359172	359172	0.000326
INDEP_CANDIDATE	sonet24v5	0	279	595	6704	2	185654	576002	576002	0.000278
INDEP_CANDIDATE	sonet24v5	1	283	591	6720	0	185713	131764	131764	0.001210
INDEP_CANDIDATE	sonet24v5	1	283	591	6720	1	185713	359231	359231	0.000320
INDEP_CANDIDATE	sonet24v5	1	283	591	6720	2	185713	576061	576061	0.000270
INDEP_CANDIDATE	sonet24v5	2	291	583	6888	0	186027	165098	165098	0.001103
INDEP_CANDIDATE	sonet24v5	2	291	583	6888	1	186027	359545	359545	0.000322
INDEP_CANDIDATE	sonet24v5	2	291	583	6888	2	186027	572512	572512	0.000274
INDEP_CANDIDATE	sonet24v5	3	254	620	6758	0	188702	137466	137466	0.000818
INDEP_CANDIDATE	sonet24v5	3	254	620	6758	1	188702	362220	362220	0.000343
INDEP_CANDIDATE	sonet24v5	3	254	620	6758	2	188702	1545627	1545627	0.000294
INDEP_CANDIDATE	sonet24v5	4	256	618	6754	0	188755	124006	124006	0.001163
INDEP_CANDIDATE	sonet24v5	4	256	618	6754	1	188755	362273	362273	0.000340
INDEP_CANDIDATE	sonet24v5	4	256	618	6754	2	188755	1545680	1545680	0.000280
INDEP_CANDIDATE	sonet24v5	5	260	614	6746	0	189033	124329	124329	0.001073
INDEP_CANDIDATE	sonet24v5	5	260	614	6746	1	189033	362551	362551	0.000324
INDEP_CANDIDATE	sonet24v5	5	260	614	6746	2	189033	1359880	1359880	0.000269
INDEP_CANDIDATE	sonet24v5	6	267	607	6918	0	231217	159623	159623	0.001039
INDEP_CANDIDATE	sonet24v5	6	267	607	6918	1	231217	363638	363638	0.000338
INDEP_CANDIDATE	sonet24v5	6	267	607	6918	2	231217	708954	708954	0.000298
INDEP_ROW	sonet24v5	874	7260	185654	110276	110276	110276	110276	110276	110276	110276	110276	110276	110276
INDEP_ROW	transswitch2736spr	69651	331010	7933133	7281507	7281507	7281507	7281507	7281507	7281507	7281507	7281507	7281507	7281507
INDEP_CANDIDATE	chp_shorttermplan2a	0	4232	4760	18484	0	730254	960315	960315	0.011428
INDEP_CANDIDATE	chp_shorttermplan2a	0	4232	4760	18484	1	730254	821576	821576	0.001161
INDEP_CANDIDATE	chp_shorttermplan2a	0	4232	4760	18484	2	730254	83475231	83475231	0.006292
INDEP_CANDIDATE	chp_shorttermplan2a	1	4188	4804	18484	0	730254	906474	906474	0.011048
INDEP_CANDIDATE	chp_shorttermplan2a	1	4188	4804	18484	1	730254	821576	821576	0.001173
INDEP_CANDIDATE	chp_shorttermplan2a	1	4188	4804	18484	2	730254	85468926	85468926	0.006531
INDEP_CANDIDATE	chp_shorttermplan2a	2	2688	6304	22448	0	845446	1081074	1081074	0.014021
INDEP_CANDIDATE	chp_shorttermplan2a	2	2688	6304	22448	1	845446	850358	850358	0.001354
INDEP_CANDIDATE	chp_shorttermplan2a	2	2688	6304	22448	2	845446	25148021	25148021	0.002686
INDEP_CANDIDATE	chp_shorttermplan2a	3	3838	5154	25332	0	862169	941575	941575	0.013141
INDEP_CANDIDATE	chp_shorttermplan2a	3	3838	5154	25332	1	862169	878462	878462	0.001310
INDEP_CANDIDATE	chp_shorttermplan2a	3	3838	5154	25332	2	862169	34320608	34320608	0.003236
INDEP_CANDIDATE	chp_shorttermplan2a	4	3744	5248	22832	0	867382	870103	870103	0.012895
INDEP_CANDIDATE	chp_shorttermplan2a	4	3744	5248	22832	1	867382	867382	867382	0.001283
INDEP_CANDIDATE	chp_shorttermplan2a	4	3744	5248	22832	2	867382	22118889	22118889	0.002984
INDEP_ROW	chp_shorttermplan2a	8992	26288	821014	576395	576395	576395	576395	576395	576395	576395	576395	576395	576395
INDEP_CANDIDATE	catmix200	0	3	998	5580	0	18164	35825	35825	0.000976
INDEP_CANDIDATE	catmix200	0	3	998	5580	1	18164	18164	18164	0.000135
INDEP_CANDIDATE	catmix200	0	3	998	5580	2	18164	18164	18164	0.000130
INDEP_CANDIDATE	catmix200	1	3	998	5580	0	18189	35910	35910	0.000878
INDEP_CANDIDATE	catmix200	1	3	998	5580	1	18189	18189	18189	0.000136
INDEP_CANDIDATE	catmix200	1	3	998	5580	2	18189	18189	18189	0.000134
INDEP_CANDIDATE	catmix200	2	401	600	3588	0	24333	31381	31381	0.000466
INDEP_CANDIDATE	catmix200	2	401	600	3588	1	24333	24333	24333	0.000089
INDEP_CANDIDATE	catmix200	2	401	600	3588	2	24333	24333	24333	0.000086
INDEP_CANDIDATE	catmix200	3	201	800	5580	0	26901	32209	32209	0.000688
INDEP_CANDIDATE	catmix200	3	201	800	5580	1	26901	26901	26901	0.000117
INDEP_CANDIDATE	catmix200	3	201	800	5580	2	26901	26901	26901	0.000116
INDEP_ROW	catmix200	1001	5592	18173	18164	18164	18164	18164	18164	18164	18164	18164	18164	18164
INDEP_ROW	nvs23	27	252	1921	1221	1221	1221	1221	1221	1221	1221	1221	1221	1221
INDEP_ROW	oaer	20	40	107	107	107	107	107	107	107	107	107	107	107
INDEP_CANDIDATE	hybriddynamic_fixed	0	67	101	292	0	1547	1547	1547	0.000026
INDEP_CANDIDATE	hybriddynamic_fixed	0	67	101	292	1	1547	1547	1547	0.000020
INDEP_CANDIDATE	hybriddynamic_fixed	0	67	101	292	2	1547	2156	2156	0.000024
INDEP_CANDIDATE	hybriddynamic_fixed	1	88	80	250	0	1727	1727	1727	0.000024
INDEP_CANDIDATE	hybriddynamic_fixed	1	88	80	250	1	1727	1510	1510	0.000017
INDEP_CANDIDATE	hybriddynamic_fixed	1	88	80	250	2	1727	1708	1708	0.000016
INDEP_ROW	hybriddynamic_fixed	168	388	1103	1103	1103	1103	1103	1103	1103	1103	1103	1103	1103
INDEP_CANDIDATE	edgecross24-115	0	8098	8649	61156	0	35697421	56685717	56685717	0.020180
INDEP_CANDIDATE	edgecross24-115	0	8098	8649	61156	1	35697421	35697421	35697421	0.005783
INDEP_CANDIDATE	edgecross24-115	0	8098	8649	61156	2	35697421	41115895	41115895	0.004056
INDEP_CANDIDATE	edgecross24-115	1	8096	8651	85448	0	35867437	55968032	55968032	0.020837
INDEP_CANDIDATE	edgecross24-115	1	8096	8651	85448	1	35867437	35867437	35867437	0.006351
INDEP_CANDIDATE	edgecross24-115	1	8096	8651	85448	2	35867437	27935538	27935538	0.006862
INDEP_ROW	edgecross24-115	16747	77352	35096942	28685704	28685704	28685704	28685704	28685704	28685704	27935538	27935538	27935538	27935538
INDEP_CANDIDATE	space25	0	935	243	1212	0	22673	30059	30059	0.000365
INDEP_CANDIDATE	space25	0	935	243	1212	1	22673	22761	22761	0.000117
INDEP_CANDIDATE	space25	0	935	243	1212	2	22673	30847	30847	0.000124
INDEP_CANDIDATE	space25	1	100	1078	4234	0	24586	74300	74300	0.000975
INDEP_CANDIDATE	space25	1	100	1078	4234	1	24586	25978	25978	0.000251
INDEP_CANDIDATE	space25	1	100	1078	4234	2	24586	240542	240542	0.000356
INDEP_CANDIDATE	space25	2	923	255	1120	0	24714	29299	29299	0.000387
INDEP_CANDIDATE	space25	2	923	255	1120	1	24714	22761	22761	0.000121
INDEP_CANDIDATE	space25	2	923	255	1120	2	24714	44388	44388	0.000142
INDEP_CANDIDATE	space25	3	894	284	1100	0	24816	62870	62870	0.000389
INDEP_CANDIDATE	space25	3	894	284	1100	1	24816	25378	25378	0.000139
INDEP_CANDIDATE	space25	3	894	284	1100	2	24816	113378	113378	0.000156
INDEP_CANDIDATE	space25	4	117	1061	4234	0	25820	64601	64601	0.000990
INDEP_CANDIDATE	space25	4	117	1061	4234	1	25820	24110	24110	0.000243
INDEP_CANDIDATE	space25	4	117	1061	4234	2	25820	223522	223522	0.000338
INDEP_CANDIDATE	space25	5	125	1053	4334	0	26500	65879	65879	0.000928
INDEP_CANDIDATE	space25	5	125	1053	4334	1	26500	24470	24470	0.000225
INDEP_CANDIDATE	space25	5	125	1053	4334	2	26500	85757	85757	0.000262
INDEP_ROW	space25	1178	4334	23567	22528	22528	22528	22528	22528	22528	22528	22528	22528	22528
INDEP_ROW	methanol400	23999	151728	2586036	1864047	1864047	1864047	1864047	1864047	1864047	1864047	1864047	1864047	1864047
INDEP_CANDIDATE	pooling_foulds5tp	0	563	655	8078	0	251833	313963	313963	0.001587
INDEP_CANDIDATE	pooling_foulds5tp	0	563	655	8078	1	251833	251833	251833	0.000681
INDEP_CANDIDATE	pooling_foulds5tp	0	563	655	8078	2	251833	255781	255781	0.000629
INDEP_CANDIDATE	pooling_foulds5tp	1	559	659	7246	0	251833	255267	255267	0.001550
INDEP_CANDIDATE	pooling_foulds5tp	1	559	659	7246	1	251833	251833	251833	0.000645
INDEP_CANDIDATE	pooling_foulds5tp	1	559	659	7246	2	251833	252088	252088	0.000596
INDEP_CANDIDATE	pooling_foulds5tp	2	512	706	8380	0	261798	203780	203780	0.001370
INDEP_CANDIDATE	pooling_foulds5tp	2	512	706	8380	1	261798	261798	261798	0.000661
INDEP_CANDIDATE	pooling_foulds5tp	2	512	706	8380	2	261798	262053	262053	0.000616
INDEP_CANDIDATE	pooling_foulds5tp	3	576	642	18268	0	374422	375406	375406	0.001734
INDEP_CANDIDATE	pooling_foulds5tp	3	576	642	18268	1	374422	374422	374422	0.000835
INDEP_CANDIDATE	pooling_foulds5tp	3	576	642	18268	2	374422	549378	549378	0.000621
INDEP_ROW	pooling_foulds5tp	1218	8364	251833	171941	171941	171941	171941	171941	171941	171941	171941	171941	171941
INDEP_ROW	pooling_sppa9tp	5040	121302	104609262	16877457	16877457	16877457	16877457	16877457	16877457	16877457	16877457	16877457	16877457
INDEP_ROW	st_miqp2	10	18	37	37	37	37	37	37	37	37	37	37	37
INDEP_CANDIDATE	autocorr_bern30-23	0	4	29	782	0	8940	8940	8940	0.000017
INDEP_CANDIDATE	autocorr_bern30-23	0	4	29	782	1	8940	8940	8940	0.000012
INDEP_CANDIDATE	autocorr_bern30-23	0	4	29	782	2	8940	8940	8940	0.000010
INDEP_CANDIDATE	autocorr_bern30-23	1	2	31	874	0	8940	8940	8940	0.000018
INDEP_CANDIDATE	autocorr_bern30-23	1	2	31	874	1	8940	8940	8940	0.000013
INDEP_CANDIDATE	autocorr_bern30-23	1	2	31	874	2	8940	8940	8940	0.000014
INDEP_CANDIDATE	autocorr_bern30-23	2	2	31	786	0	9038	9038	9038	0.000016
INDEP_CANDIDATE	autocorr_bern30-23	2	2	31	786	1	9038	9038	9038	0.000011
INDEP_CANDIDATE	autocorr_bern30-23	2	2	31	786	2	9038	9038	9038	0.000010
INDEP_ROW	autocorr_bern30-23	33	878	8940	8940	8940	8940	8940	8940	8940	8940	8940	8940	8940
INDEP_CANDIDATE	mpbp_15	0	4308	5550	25800	0	1507950	4172339	4172339	0.013745
INDEP_CANDIDATE	mpbp_15	0	4308	5550	25800	1	1507950	2690664	2690664	0.001426
INDEP_CANDIDATE	mpbp_15	0	4308	5550	25800	2	1507950	3162035	3162035	0.001590
INDEP_CANDIDATE	mpbp_15	1	3972	5886	23712	0	1509319	4537590	4537590	0.014237
INDEP_CANDIDATE	mpbp_15	1	3972	5886	23712	1	1509319	2657185	2657185	0.001471
INDEP_CANDIDATE	mpbp_15	1	3972	5886	23712	2	1509319	1375826	1375826	0.001403
INDEP_CANDIDATE	mpbp_15	2	3936	5922	29904	0	1556491	3325669	3325669	0.014062
INDEP_CANDIDATE	mpbp_15	2	3936	5922	29904	1	1556491	1592949	1592949	0.001515
INDEP_CANDIDATE	mpbp_15	2	3936	5922	29904	2	1556491	1419584	1419584	0.001488
INDEP_CANDIDATE	mpbp_15	3	3948	5910	29988	0	1593111	3282776	3282776	0.014661
INDEP_CANDIDATE	mpbp_15	3	3948	5910	29988	1	1593111	1593111	1593111	0.001499
INDEP_CANDIDATE	mpbp_15	3	3948	5910	29988	2	1593111	3255645	3255645	0.001724
INDEP_ROW	mpbp_15	9858	31692	1496502	1185325	1185325	1185325	1185325	1185325	1185325	1185325	1185325	1185325	1185325
INDEP_CANDIDATE	cvxnonsep_psig30r	0	94	32	62	0	656	656	656	0.000009
INDEP_CANDIDATE	cvxnonsep_psig30r	0	94	32	62	1	656	656	656	0.000008
INDEP_CANDIDATE	cvxnonsep_psig30r	0	94	32	62	2	656	656	656	0.000007
INDEP_ROW	cvxnonsep_psig30r	126	250	501	501	501	501	501	501	501	501	501	501	501
INDEP_CANDIDATE	rsyn0830hfsg	0	714	876	2784	0	16777	19228	19228	0.001363
INDEP_CANDIDATE	rsyn0830hfsg	0	714	876	2784	1	16777	16697	16697	0.000276
INDEP_CANDIDATE	rsyn0830hfsg	0	714	876	2784	2	16777	680478	680478	0.000594
INDEP_CANDIDATE	rsyn0830hfsg	1	770	820	2892	0	18671	22511	22511	0.001300
INDEP_CANDIDATE	rsyn0830hfsg	1	770	820	2892	1	18671	18767	18767	0.000275
INDEP_CANDIDATE	rsyn0830hfsg	1	770	820	2892	2	18671	380808	380808	0.000466
INDEP_CANDIDATE	rsyn0830hfsg	2	391	1199	3872	0	20753	23285	23285	0.001354
INDEP_CANDIDATE	rsyn0830hfsg	2	391	1199	3872	1	20753	20709	20709	0.000333
INDEP_CANDIDATE	rsyn0830hfsg	2	391	1199	3872	2	20753	489557	489557	0.000579
INDEP_CANDIDATE	rsyn0830hfsg	3	778	812	3154	0	21340	27308	27308	0.001198
INDEP_CANDIDATE	rsyn0830hfsg	3	778	812	3154	1	21340	21668	21668	0.000283
INDEP_CANDIDATE	rsyn0830hfsg	3	778	812	3154	2	21340	380930	380930	0.000476
INDEP_CANDIDATE	rsyn0830hfsg	4	779	811	3238	0	22742	26930	26930	0.001145
INDEP_CANDIDATE	rsyn0830hfsg	4	779	811	3238	1	22742	22544	22544	0.000277
INDEP_CANDIDATE	rsyn0830hfsg	4	779	811	3238	2	22742	395930	395930	0.000477
INDEP_CANDIDATE	rsyn0830hfsg	5	454	1136	4038	0	23908	28235	28235	0.001749
INDEP_CANDIDATE	rsyn0830hfsg	5	454	1136	4038	1	23908	24104	24104	0.000340
INDEP_CANDIDATE	rsyn0830hfsg	5	454	1136	4038	2	23908	171098	171098	0.000438
INDEP_ROW	rsyn0830hfsg	1590	4100	16168	15383	15383	15383	15383	15383	15383	15383	15383	15383	15383
INDEP_CANDIDATE	crudeoil_pooling_ct1	0	607	664	3950	0	123448	223589	223589	0.001229
INDEP_CANDIDATE	crudeoil_pooling_ct1	0	607	664	3950	1	123448	161934	161934	0.000417
INDEP_CANDIDATE	crudeoil_pooling_ct1	0	607	664	3950	2	123448	632685	632685	0.000489
INDEP_CANDIDATE	crudeoil_pooling_ct1	1	549	722	3626	0	124872	219186	219186	0.001522
INDEP_CANDIDATE	crudeoil_pooling_ct1	1	549	722	3626	1	124872	199153	199153	0.000405
INDEP_CANDIDATE	crudeoil_pooling_ct1	1	549	722	3626	2	124872	1655225	1655225	0.000707
INDEP_CANDIDATE	crudeoil_pooling_ct1	2	628	643	4334	0	129569	289130	289130	0.001297
INDEP_CANDIDATE	crudeoil_pooling_ct1	2	628	643	4334	1	129569	236003	236003	0.000450
INDEP_CANDIDATE	crudeoil_pooling_ct1	2	628	643	4334	2	129569	324465	324465	0.000428
INDEP_CANDIDATE	crudeoil_pooling_ct1	3	209	1062	4486	0	133459	238619	238619	0.001881
INDEP_CANDIDATE	crudeoil_pooling_ct1	3	209	1062	4486	1	133459	181853	181853	0.000462
INDEP_CANDIDATE	crudeoil_pooling_ct1	3	209	1062	4486	2	133459	2190318	2190318	0.000799
INDEP_CANDIDATE	crudeoil_pooling_ct1	4	476	795	5900	0	149658	389700	389700	0.001765
INDEP_CANDIDATE	crudeoil_pooling_ct1	4	476	795	5900	1	149658	188852	188852	0.000481
INDEP_CANDIDATE	crudeoil_pooling_ct1	4	476	795	5900	2	149658	800591	800591	0.000603
INDEP_CANDIDATE	crudeoil_pooling_ct1	5	479	792	6026	0	150172	480386	480386	0.001575
INDEP_CANDIDATE	crudeoil_pooling_ct1	5	479	792	6026	1	150172	189366	189366	0.000467
INDEP_CANDIDATE	crudeoil_pooling_ct1	5	479	792	6026	2	150172	804771	804771	0.000600
INDEP_CANDIDATE	crudeoil_pooling_ct1	6	390	881	5030	0	154973	260145	260145	0.001674
INDEP_CANDIDATE	crudeoil_pooling_ct1	6	390	881	5030	1	154973	294401	294401	0.000485
INDEP_CANDIDATE	crudeoil_pooling_ct1	6	390	881	5030	2	154973	502290	502290	0.000543
INDEP_CANDIDATE	crudeoil_pooling_ct1	7	637	634	5034	0	157685	319839	319839	0.001329
INDEP_CANDIDATE	crudeoil_pooling_ct1	7	637	634	5034	1	157685	270147	270147	0.000442
INDEP_CANDIDATE	crudeoil_pooling_ct1	7	637	634	5034	2	157685	360371	360371	0.000410
INDEP_ROW	crudeoil_pooling_ct1	1271	4642	125127	93863	93863	93863	93863	93863	93863	93863	93863	93863	93863
INDEP_CANDIDATE	multiplants_stg1c	0	275	525	3612	0	150732	212837	212837	0.001110
INDEP_CANDIDATE	multiplants_stg1c	0	275	525	3612	1	150732	160781	160781	0.000412
INDEP_CANDIDATE	multiplants_stg1c	0	275	525	3612	2	150732	337937	337937	0.000425
INDEP_CANDIDATE	multiplants_stg1c	1	474	326	3346	0	151188	191421	191421	0.000685
INDEP_CANDIDATE	multiplants_stg1c	1	474	326	3346	1	151188	151188	151188	0.000256
INDEP_CANDIDATE	multiplants_stg1c	1	474	326	3346	2	151188	312140	312140	0.000260
INDEP_CANDIDATE	multiplants_stg1c	2	108	692	3888	0	151335	214800	214800	0.001226
INDEP_CANDIDATE	multiplants_stg1c	2	108	692	3888	1	151335	238499	238499	0.000491
INDEP_CANDIDATE	multiplants_stg1c	2	108	692	3888	2	151335	361291	361291	0.000447
INDEP_CANDIDATE	multiplants_stg1c	3	519	281	3256	0	152562	218087	218087	0.000639
INDEP_CANDIDATE	multiplants_stg1c	3	519	281	3256	1	152562	152562	152562	0.000209
INDEP_CANDIDATE	multiplants_stg1c	3	519	281	3256	2	152562	272943	272943	0.000202
INDEP_CANDIDATE	multiplants_stg1c	4	522	278	3446	0	153402	187650	187650	0.000573
INDEP_CANDIDATE	multiplants_stg1c	4	522	278	3446	1	153402	153402	153402	0.000191
INDEP_CANDIDATE	multiplants_stg1c	4	522	278	3446	2	153402	307871	307871	0.000188
INDEP_ROW	multiplants_stg1c	800	3894	150039	143020	143020	143020	143020	143020	143020	143020	143020	143020	143020
INDEP_ROW	st_pan1	11	32	123	94	94	94	94	94	94	94	94	94	94
INDEP_CANDIDATE	multiplants_stg1b	0	519	295	3264	0	212088	276007	276007	0.000638
INDEP_CANDIDATE	multiplants_stg1b	0	519	295	3264	1	212088	225519	225519	0.000212
INDEP_CANDIDATE	multiplants_stg1b	0	519	295	3264	2	212088	550164	550164	0.000236
INDEP_CANDIDATE	multiplants_stg1b	1	522	292	3474	0	215475	383801	383801	0.000717
INDEP_CANDIDATE	multiplants_stg1b	1	522	292	3474	1	215475	228890	228890	0.000197
INDEP_CANDIDATE	multiplants_stg1b	1	522	292	3474	2	215475	571169	571169	0.000212
INDEP_CANDIDATE	multiplants_stg1b	2	525	289	3892	0	216771	330668	330668	0.000705
INDEP_CANDIDATE	multiplants_stg1b	2	525	289	3892	1	216771	216771	216771	0.000198
INDEP_CANDIDATE	multiplants_stg1b	2	525	289	3892	2	216771	586188	586188	0.000204
INDEP_CANDIDATE	multiplants_stg1b	3	477	337	3456	0	275576	249308	249308	0.000984
INDEP_CANDIDATE	multiplants_stg1b	3	477	337	3456	1	275576	264830	264830	0.000281
INDEP_CANDIDATE	multiplants_stg1b	3	477	337	3456	2	275576	502395	502395	0.000264
INDEP_CANDIDATE	multiplants_stg1b	4	268	546	3706	0	309326	608526	608526	0.001104
INDEP_CANDIDATE	multiplants_stg1b	4	268	546	3706	1	309326	273790	273790	0.000460
INDEP_CANDIDATE	multiplants_stg1b	4	268	546	3706	2	309326	516909	516909	0.000438
INDEP_CANDIDATE	multiplants_stg1b	5	111	703	3986	0	309944	665627	665627	0.001282
INDEP_CANDIDATE	multiplants_stg1b	5	111	703	3986	1	309944	291040	291040	0.000487
INDEP_CANDIDATE	multiplants_stg1b	5	111	703	3986	2	309944	2201009	2201009	0.000807
INDEP_ROW	multiplants_stg1b	814	3992	308612	187593	187593	187593	187593	187593	187593	187593	187593	187593	187593
INDEP_CANDIDATE	methanol200	0	2400	9599	71328	0	941791	1391712	1391712	0.017593
INDEP_CANDIDATE	methanol200	0	2400	9599	71328	1	941791	1221086	1221086	0.002204
INDEP_CANDIDATE	methanol200	0	2400	9599	71328	2	941791	2332801	2332801	0.002383
INDEP_CANDIDATE	methanol200	1	4083	7916	74586	0	1048491	1469132	1469132	0.017196
INDEP_CANDIDATE	methanol200	1	4083	7916	74586	1	1048491	1323293	1323293	0.002065
INDEP_CANDIDATE	methanol200	1	4083	7916	74586	2	1048491	2124282	2124282	0.002184
INDEP_CANDIDATE	methanol200	2	3057	8942	76608	0	1106551	2707433	2707433	0.019159
INDEP_CANDIDATE	methanol200	2	3057	8942	76608	1	1106551	1262195	1262195	0.002203
INDEP_CANDIDATE	methanol200	2	3057	8942	76608	2	1106551	2313229	2313229	0.002322
INDEP_CANDIDATE	methanol200	3	5260	6739	72394	0	1139961	1573308	1573308	0.014622
INDEP_CANDIDATE	methanol200	3	5260	6739	72394	1	1139961	1278696	1278696	0.001948
INDEP_CANDIDATE	methanol200	3	5260	6739	72394	2	1139961	2179356	2179356	0.002215
INDEP_CANDIDATE	methanol200	4	5883	6116	73400	0	1231818	1261175	1261175	0.012712
INDEP_CANDIDATE	methanol200	4	5883	6116	73400	1	1231818	1419566	1419566	0.001827
INDEP_CANDIDATE	methanol200	4	5883	6116	73400	2	1231818	1750613	1750613	0.001674
INDEP_ROW	methanol200	11999	76128	1290836	905945	905945	905945	905945	905945	905945	905945	905945	905945	905945
INDEP_ROW	faclay35	26778	132380	33630126	32021838	32021838	32021838	32021838	32021838	32021838	32021838	32021838	32021838	32021838
INDEP_CANDIDATE	emfl050_5_5	0	7500	5675	17300	0	155400	159600	159600	0.005158
INDEP_CANDIDATE	emfl050_5_5	0	7500	5675	17300	1	155400	155400	155400	0.001642
INDEP_CANDIDATE	emfl050_5_5	0	7500	5675	17300	2	155400	155400	155400	0.001727
INDEP_CANDIDATE	emfl050_5_5	1	3750	9425	26000	0	164050	168250	168250	0.008067
INDEP_CANDIDATE	emfl050_5_5	1	3750	9425	26000	1	164050	164050	164050	0.002059
INDEP_CANDIDATE	emfl050_5_5	1	3750	9425	26000	2	164050	164050	164050	0.002060
INDEP_CANDIDATE	emfl050_5_5	2	5600	7575	33400	0	225100	264200	264200	0.006828
INDEP_CANDIDATE	emfl050_5_5	2	5600	7575	33400	1	225100	225100	225100	0.001921
INDEP_CANDIDATE	emfl050_5_5	2	5600	7575	33400	2	225100	225100	225100	0.001968
INDEP_ROW	emfl050_5_5	13175	32300	155400	155400	155400	155400	155400	155400	155400	155400	155400	155400	155400
INDEP_ROW	transswitch2383wpr	59853	277562	3946309	3861509	3861509	3861509	3861509	3861509	3861509	3861509	3861509	3861509	3861509
INDEP_CANDIDATE	chimera_lga-01	0	457	663	5722	0	582357	617108	617108	0.001903
INDEP_CANDIDATE	chimera_lga-01	0	457	663	5722	1	582357	669653	669653	0.000517
INDEP_CANDIDATE	chimera_lga-01	0	457	663	5722	2	582357	7125257	7125257	0.000933
INDEP_CANDIDATE	chimera_lga-01	1	399	721	5500	0	603816	673808	673808	0.001903
INDEP_CANDIDATE	chimera_lga-01	1	399	721	5500	1	603816	730162	730162	0.000530
INDEP_CANDIDATE	chimera_lga-01	1	399	721	5500	2	603816	4937902	4937902	0.000809
INDEP_CANDIDATE	chimera_lga-01	2	153	967	5788	0	699369	858909	858909	0.001950
INDEP_CANDIDATE	chimera_lga-01	2	153	967	5788	1	699369	645024	645024	0.000600
INDEP_CANDIDATE	chimera_lga-01	2	153	967	5788	2	699369	11127974	11127974	0.001298
INDEP_CANDIDATE	chimera_lga-01	3	281	839	6078	0	739553	703116	703116	0.001985
INDEP_CANDIDATE	chimera_lga-01	3	281	839	6078	1	739553	914731	914731	0.000590
INDEP_CANDIDATE	chimera_lga-01	3	281	839	6078	2	739553	8727785	8727785	0.001206
INDEP_CANDIDATE	chimera_lga-01	4	52	1068	6192	0	764753	737165	737165	0.002472
INDEP_CANDIDATE	chimera_lga-01	4	52	1068	6192	1	764753	690168	690168	0.000643
INDEP_CANDIDATE	chimera_lga-01	4	52	1068	6192	2	764753	14213851	14213851	0.001592
INDEP_CANDIDATE	chimera_lga-01	5	366	754	6556	0	867502	830898	830898	0.002000
INDEP_CANDIDATE	chimera_lga-01	5	366	754	6556	1	867502	778673	778673	0.000594
INDEP_CANDIDATE	chimera_lga-01	5	366	754	6556	2	867502	6090070	6090070	0.001016
INDEP_ROW	chimera_lga-01	1120	6400	668019	497101	497101	497101	497101	497101	497101	497101	497101	497101	497101
INDEP_CANDIDATE	gasprod_sarawak16	0	1964	2632	12316	0	214366	388413	388413	0.002153
INDEP_CANDIDATE	gasprod_sarawak16	0	1964	2632	12316	1	214366	214958	214958	0.000798
INDEP_CANDIDATE	gasprod_sarawak16	0	1964	2632	12316	2	214366	5016310	5016310	0.001519
INDEP_CANDIDATE	gasprod_sarawak16	1	2061	2535	12550	0	217277	419303	419303	0.002061
INDEP_CANDIDATE	gasprod_sarawak16	1	2061	2535	12550	1	217277	217869	217869	0.000770
INDEP_CANDIDATE	gasprod_sarawak16	1	2061	2535	12550	2	217277	4881603	4881603	0.001391
INDEP_CANDIDATE	gasprod_sarawak16	2	1334	3262	13530	0	221602	2300140	2300140	0.004219
INDEP_CANDIDATE	gasprod_sarawak16	2	1334	3262	13530	1	221602	262346	262346	0.000885
INDEP_CANDIDATE	gasprod_sarawak16	2	1334	3262	13530	2	221602	959384	959384	0.001559
INDEP_CANDIDATE	gasprod_sarawak16	3	2191	2405	14656	0	240290	452495	452495	0.002068
INDEP_CANDIDATE	gasprod_sarawak16	3	2191	2405	14656	1	240290	239138	239138	0.000764
INDEP_CANDIDATE	gasprod_sarawak16	3	2191	2405	14656	2	240290	1860940	1860940	0.001018
INDEP_CANDIDATE	gasprod_sarawak16	4	1793	2803	14786	0	274199	1157895	1157895	0.003730
INDEP_CANDIDATE	gasprod_sarawak16	4	1793	2803	14786	1	274199	275271	275271	0.000870
INDEP_CANDIDATE	gasprod_sarawak16	4	1793	2803	14786	2	274199	6389981	6389981	0.001761
INDEP_CANDIDATE	gasprod_sarawak16	5	1794	2802	14796	0	274244	1995399	1995399	0.004618
INDEP_CANDIDATE	gasprod_sarawak16	5	1794	2802	14796	1	274244	275316	275316	0.000866
INDEP_CANDIDATE	gasprod_sarawak16	5	1794	2802	14796	2	274244	6390026	6390026	0.001761
INDEP_ROW	gasprod_sarawak16	4596	15316	213850	196064	196064	196064	196064	196064	196064	196064	196064	196064	196064
INDEP_ROW	crudeoil_lee4_09	15904	101792	208785578	130655525	130655525	130655525	130655525	130655525	130655525	130655525	130655525	130655525	130655525
INDEP_ROW	arki0013	44909	160172	390472987	157005417	157005417	157005417	157005417	157005417	157005417	157005417	157005417	157005417	157005417
INDEP_CANDIDATE	st_m1	0	31	11	110	0	3097	3097	3097	0.000009
INDEP_CANDIDATE	st_m1	0	31	11	110	1	3097	3097	3097	0.000006
INDEP_CANDIDATE	st_m1	0	31	11	110	2	3097	3097	3097	0.000004
INDEP_CANDIDATE	st_m1	1	15	27	450	0	3097	3097	3097	0.000016
INDEP_CANDIDATE	st_m1	1	15	27	450	1	3097	3097	3097	0.000012
INDEP_CANDIDATE	st_m1	1	15	27	450	2	3097	3097	3097	0.000009
INDEP_CANDIDATE	st_m1	2	11	31	410	0	3097	3097	3097	0.000017
INDEP_CANDIDATE	st_m1	2	11	31	410	1	3097	3097	3097	0.000016
INDEP_CANDIDATE	st_m1	2	11	31	410	2	3097	3097	3097	0.000012
INDEP_ROW	st_m1	42	432	3097	3097	3097	3097	3097	3097	3097	3097	3097	3097	3097
INDEP_CANDIDATE	mpbp_47	0	2128	3182	12798	0	730624	2194604	2194604	0.007172
INDEP_CANDIDATE	mpbp_47	0	2128	3182	12798	1	730624	816107	816107	0.000962
INDEP_CANDIDATE	mpbp_47	0	2128	3182	12798	2	730624	1810600	1810600	0.001237
INDEP_CANDIDATE	mpbp_47	1	2101	3209	16184	0	755771	1618668	1618668	0.007510
INDEP_CANDIDATE	mpbp_47	1	2101	3209	16184	1	755771	841254	841254	0.000983
INDEP_CANDIDATE	mpbp_47	1	2101	3209	16184	2	755771	1671673	1671673	0.001317
INDEP_CANDIDATE	mpbp_47	2	2132	3178	16450	0	772644	2368871	2368871	0.007545
INDEP_CANDIDATE	mpbp_47	2	2132	3178	16450	1	772644	834382	834382	0.000983
INDEP_CANDIDATE	mpbp_47	2	2132	3178	16450	2	772644	3144988	3144988	0.001630
INDEP_CANDIDATE	mpbp_47	3	2136	3174	16618	0	776080	1935289	1935289	0.007889
INDEP_CANDIDATE	mpbp_47	3	2136	3174	16618	1	776080	838358	838358	0.000983
INDEP_CANDIDATE	mpbp_47	3	2136	3174	16618	2	776080	3087633	3087633	0.001611
INDEP_CANDIDATE	mpbp_47	4	2254	3056	13328	0	817771	2813305	2813305	0.006912
INDEP_CANDIDATE	mpbp_47	4	2254	3056	13328	1	817771	817771	817771	0.000923
INDEP_CANDIDATE	mpbp_47	4	2254	3056	13328	2	817771	2328251	2328251	0.001315
INDEP_ROW	mpbp_47	5310	17098	730624	652248	652248	652248	652248	652248	652248	652248	652248	652248	652248
INDEP_CANDIDATE	rsyn0815m	0	387	434	1516	0	8620	9231	9231	0.000577
INDEP_CANDIDATE	rsyn0815m	0	387	434	1516	1	8620	8789	8789	0.000144
INDEP_CANDIDATE	rsyn0815m	0	387	434	1516	2	8620	27479	27479	0.000159
INDEP_CANDIDATE	rsyn0815m	1	183	638	2112	0	10394	11804	11804	0.000741
INDEP_CANDIDATE	rsyn0815m	1	183	638	2112	1	10394	10722	10722	0.000181
INDEP_CANDIDATE	rsyn0815m	1	183	638	2112	2	10394	22727	22727	0.000214
INDEP_CANDIDATE	rsyn0815m	2	429	392	1692	0	10545	11566	11566	0.000510
INDEP_CANDIDATE	rsyn0815m	2	429	392	1692	1	10545	10407	10407	0.000140
INDEP_CANDIDATE	rsyn0815m	2	429	392	1692	2	10545	37144	37144	0.000160
INDEP_ROW	rsyn0815m	821	2242	8260	7745	7745	7745	7745	7745	7745	7745	7745	7745	7745
INDEP_CANDIDATE	arki0016	0	3025	4968	26810	0	865843	1494922	1494922	0.008266
INDEP_CANDIDATE	arki0016	0	3025	4968	26810	1	865843	865843	865843	0.004149
INDEP_CANDIDATE	arki0016	0	3025	4968	26810	2	865843	2548957	2548957	0.003498
INDEP_CANDIDATE	arki0016	1	2174	5819	32898	0	865920	1625356	1625356	0.007843
INDEP_CANDIDATE	arki0016	1	2174	5819	32898	1	865920	865926	865926	0.004323
INDEP_CANDIDATE	arki0016	1	2174	5819	32898	2	865920	3020691	3020691	0.003782
INDEP_CANDIDATE	arki0016	2	4917	3076	28312	0	917161	1338894	1338894	0.006238
INDEP_CANDIDATE	arki0016	2	4917	3076	28312	1	917161	918034	918034	0.003134
INDEP_CANDIDATE	arki0016	2	4917	3076	28312	2	917161	2505019	2505019	0.002615
INDEP_CANDIDATE	arki0016	3	2609	5384	34432	0	963668	2940952	2940952	0.008689
INDEP_CANDIDATE	arki0016	3	2609	5384	34432	1	963668	963134	963134	0.004261
INDEP_CANDIDATE	arki0016	3	2609	5384	34432	2	963668	2883470	2883470	0.003760
INDEP_CANDIDATE	arki0016	4	2647	5346	35376	0	1129044	2319079	2319079	0.007707
INDEP_CANDIDATE	arki0016	4	2647	5346	35376	1	1129044	1114811	1114811	0.004382
INDEP_CANDIDATE	arki0016	4	2647	5346	35376	2	1129044	2919841	2919841	0.003835
INDEP_ROW	arki0016	7993	37208	878890	835803	835803	835803	835803	835803	835803	835803	835803	835803	835803
INDEP_ROW	st_glmp_ss2	18	48	121	121	121	121	121	121	121	121	121	121	121
INDEP_CANDIDATE	rsyn0810m02hfsg	0	1186	1484	4808	0	37384	54308	54308	0.002819
INDEP_CANDIDATE	rsyn0810m02hfsg	0	1186	1484	4808	1	37384	37923	37923	0.000432
INDEP_CANDIDATE	rsyn0810m02hfsg	0	1186	1484	4808	2	37384	2140498	2140498	0.001122
INDEP_CANDIDATE	rsyn0810m02hfsg	1	1276	1394	5100	0	40125	46677	46677	0.002069
INDEP_CANDIDATE	rsyn0810m02hfsg	1	1276	1394	5100	1	40125	41296	41296	0.000434
INDEP_CANDIDATE	rsyn0810m02hfsg	1	1276	1394	5100	2	40125	886109	886109	0.000869
INDEP_CANDIDATE	rsyn0810m02hfsg	2	1280	1390	5232	0	41308	72451	72451	0.002259
INDEP_CANDIDATE	rsyn0810m02hfsg	2	1280	1390	5232	1	41308	42631	42631	0.000435
INDEP_CANDIDATE	rsyn0810m02hfsg	2	1280	1390	5232	2	41308	740081	740081	0.000833
INDEP_CANDIDATE	rsyn0810m02hfsg	3	720	1950	6572	0	45146	55078	55078	0.003301
INDEP_CANDIDATE	rsyn0810m02hfsg	3	720	1950	6572	1	45146	44230	44230	0.000519
INDEP_CANDIDATE	rsyn0810m02hfsg	3	720	1950	6572	2	45146	1075184	1075184	0.000917
INDEP_CANDIDATE	rsyn0810m02hfsg	4	1284	1386	5582	0	46596	58847	58847	0.002278
INDEP_CANDIDATE	rsyn0810m02hfsg	4	1284	1386	5582	1	46596	47899	47899	0.000456
INDEP_CANDIDATE	rsyn0810m02hfsg	4	1284	1386	5582	2	46596	645705	645705	0.000796
INDEP_CANDIDATE	rsyn0810m02hfsg	5	834	1836	6932	0	51953	60392	60392	0.003217
INDEP_CANDIDATE	rsyn0810m02hfsg	5	834	1836	6932	1	51953	51379	51379	0.000523
INDEP_CANDIDATE	rsyn0810m02hfsg	5	834	1836	6932	2	51953	206090	206090	0.000663
INDEP_ROW	rsyn0810m02hfsg	2670	6964	36862	34753	34753	34753	34753	34753	34753	34753	34753	34753	34753
INDEP_CANDIDATE	pointpack06	0	21	34	234	0	1497	1497	1497	0.000014
INDEP_CANDIDATE	pointpack06	0	21	34	234	1	1497	1497	1497	0.000015
INDEP_CANDIDATE	pointpack06	0	21	34	234	2	1497	2312	2312	0.000016
INDEP_CANDIDATE	pointpack06	1	6	49	264	0	1569	1569	1569	0.000015
INDEP_CANDIDATE	pointpack06	1	6	49	264	1	1569	1569	1569	0.000016
INDEP_CANDIDATE	pointpack06	1	6	49	264	2	1569	2622	2622	0.000017
INDEP_CANDIDATE	pointpack06	2	21	34	330	0	2244	2244	2244	0.000015
INDEP_CANDIDATE	pointpack06	2	21	34	330	1	2244	2244	2244	0.000015
INDEP_CANDIDATE	pointpack06	2	21	34	330	2	2244	2444	2444	0.000017
INDEP_ROW	pointpack06	55	276	1497	1497	1497	1497	1497	1497	1497	1497	1497	1497	1497
INDEP_CANDIDATE	syn40m04hfsg	0	2836	3492	11224	0	76850	200835	200835	0.006548
INDEP_CANDIDATE	syn40m04hfsg	0	2836	3492	11224	1	76850	77951	77951	0.000897
INDEP_CANDIDATE	syn40m04hfsg	0	2836	3492	11224	2	76850	3030682	3030682	0.001880
INDEP_CANDIDATE	syn40m04hfsg	1	3052	3276	11256	0	82276	148402	148402	0.005769
INDEP_CANDIDATE	syn40m04hfsg	1	3052	3276	11256	1	82276	82127	82127	0.000863
INDEP_CANDIDATE	syn40m04hfsg	1	3052	3276	11256	2	82276	2363459	2363459	0.001580
INDEP_CANDIDATE	syn40m04hfsg	2	1828	4500	15608	0	99671	248100	248100	0.008360
INDEP_CANDIDATE	syn40m04hfsg	2	1828	4500	15608	1	99671	99839	99839	0.001041
INDEP_CANDIDATE	syn40m04hfsg	2	1828	4500	15608	2	99671	2311274	2311274	0.001736
INDEP_ROW	syn40m04hfsg	6328	16896	76232	73685	73685	73685	73685	73685	73685	73685	73685	73685	73685
INDEP_CANDIDATE	clay0304m	0	136	122	576	0	2778	2778	2778	0.000037
INDEP_CANDIDATE	clay0304m	0	136	122	576	1	2778	2778	2778	0.000035
INDEP_CANDIDATE	clay0304m	0	136	122	576	2	2778	2952	2952	0.000037
INDEP_ROW	clay0304m	258	840	2742	2742	2742	2742	2742	2742	2742	2742	2742	2742	2742
INDEP_CANDIDATE	pooling_foulds5pq	0	563	655	7342	0	159641	296393	296393	0.001369
INDEP_CANDIDATE	pooling_foulds5pq	0	563	655	7342	1	159641	159641	159641	0.000702
INDEP_CANDIDATE	pooling_foulds5pq	0	563	655	7342	2	159641	191548	191548	0.000678
INDEP_CANDIDATE	pooling_foulds5pq	1	559	659	7182	0	159641	199235	199235	0.001442
INDEP_CANDIDATE	pooling_foulds5pq	1	559	659	7182	1	159641	159641	159641	0.000692
INDEP_CANDIDATE	pooling_foulds5pq	1	559	659	7182	2	159641	191548	191548	0.000665
INDEP_CANDIDATE	pooling_foulds5pq	2	512	706	8316	0	169606	205826	205826	0.001626
INDEP_CANDIDATE	pooling_foulds5pq	2	512	706	8316	1	169606	169606	169606	0.000694
INDEP_CANDIDATE	pooling_foulds5pq	2	512	706	8316	2	169606	201513	201513	0.000694
INDEP_ROW	pooling_foulds5pq	1218	8300	159641	159641	159641	159641	159641	159641	159641	159641	159641	159641	159641
INDEP_CANDIDATE	clay0305hfsg	0	515	485	2050	0	12865	14517	14517	0.000617
INDEP_CANDIDATE	clay0305hfsg	0	515	485	2050	1	12865	12865	12865	0.000117
INDEP_CANDIDATE	clay0305hfsg	0	515	485	2050	2	12865	16325	16325	0.000113
INDEP_CANDIDATE	clay0305hfsg	1	535	465	2130	0	13580	13680	13680	0.000438
INDEP_CANDIDATE	clay0305hfsg	1	535	465	2130	1	13580	13580	13580	0.000112
INDEP_CANDIDATE	clay0305hfsg	1	535	465	2130	2	13580	15545	15545	0.000112
INDEP_CANDIDATE	clay0305hfsg	2	190	810	2850	0	14540	14955	14955	0.000663
INDEP_CANDIDATE	clay0305hfsg	2	190	810	2850	1	14540	14585	14585	0.000158
INDEP_CANDIDATE	clay0305hfsg	2	190	810	2850	2	14540	20530	20530	0.000191
INDEP_ROW	clay0305hfsg	1000	2910	12260	11240	11240	11240	11240	11240	11240	11240	11240	11240	11240
INDEP_CANDIDATE	st_test8	0	20	44	192	0	2268	2268	2268	0.000014
INDEP_CANDIDATE	st_test8	0	20	44	192	1	2268	3199	3199	0.000015
INDEP_CANDIDATE	st_test8	0	20	44	192	2	2268	4087	4087	0.000016
INDEP_CANDIDATE	st_test8	1	44	20	212	0	2538	2538	2538	0.000011
INDEP_CANDIDATE	st_test8	1	44	20	212	1	2538	2238	2238	0.000008
INDEP_CANDIDATE	st_test8	1	44	20	212	2	2538	2970	2970	0.000007
INDEP_CANDIDATE	st_test8	2	12	52	280	0	2727	2727	2727	0.000016
INDEP_CANDIDATE	st_test8	2	12	52	280	1	2727	2727	2727	0.000015
INDEP_CANDIDATE	st_test8	2	12	52	280	2	2727	6143	6143	0.000017
INDEP_ROW	st_test8	64	232	2343	1964	1964	1964	1964	1964	1964	1964	1964	1964	1964
INDEP_ROW	gams05	17364	252910	6179750712	3259322396	3259322396	3259322396	3259322396	3259322396	3259322396	3259322396	3259322396	3259322396	3259322396
INDEP_ROW	sporttournament08	31	156	862	862	862	862	862	862	862	862	862	862	862
INDEP_CANDIDATE	powerflow0030p	0	479	642	3468	0	25326	43996	43996	0.000963
INDEP_CANDIDATE	powerflow0030p	0	479	642	3468	1	25326	25417	25417	0.000229
INDEP_CANDIDATE	powerflow0030p	0	479	642	3468	2	25326	62607	62607	0.000288
INDEP_CANDIDATE	powerflow0030p	1	537	584	3352	0	26099	42453	42453	0.000791
INDEP_CANDIDATE	powerflow0030p	1	537	584	3352	1	26099	26099	26099	0.000210
INDEP_CANDIDATE	powerflow0030p	1	537	584	3352	2	26099	61357	61357	0.000257
INDEP_CANDIDATE	powerflow0030p	2	538	583	3472	0	27044	35337	35337	0.000802
INDEP_CANDIDATE	powerflow0030p	2	538	583	3472	1	27044	27044	27044	0.000222
INDEP_CANDIDATE	powerflow0030p	2	538	583	3472	2	27044	58131	58131	0.000268
INDEP_CANDIDATE	powerflow0030p	3	371	750	3698	0	28559	37781	37781	0.001061
INDEP_CANDIDATE	powerflow0030p	3	371	750	3698	1	28559	31721	31721	0.000283
INDEP_CANDIDATE	powerflow0030p	3	371	750	3698	2	28559	232035	232035	0.000405
INDEP_CANDIDATE	powerflow0030p	4	489	632	3570	0	31336	41448	41448	0.000886
INDEP_CANDIDATE	powerflow0030p	4	489	632	3570	1	31336	36616	36616	0.000242
INDEP_CANDIDATE	powerflow0030p	4	489	632	3570	2	31336	251425	251425	0.000358
INDEP_CANDIDATE	powerflow0030p	5	493	628	3662	0	36616	48077	48077	0.000810
INDEP_CANDIDATE	powerflow0030p	5	493	628	3662	1	36616	36616	36616	0.000235
INDEP_CANDIDATE	powerflow0030p	5	493	628	3662	2	36616	258383	258383	0.000341
INDEP_ROW	powerflow0030p	1121	4194	24944	23642	23642	23642	23642	23642	23642	23642	23642	23642	23642
INDEP_ROW	popdynm200	22407	105584	2567878	2436690	2436690	2436690	2436690	2436690	2436690	2436690	2436690	2436690	2436690
INDEP_CANDIDATE	mpbp_35	0	4125	6995	37320	0	3061211	1778439	1778439	0.013189
INDEP_CANDIDATE	mpbp_35	0	4125	6995	37320	1	3061211	5243633	5243633	0.001944
INDEP_CANDIDATE	mpbp_35	0	4125	6995	37320	2	3061211	2646314	2646314	0.002118
INDEP_CANDIDATE	mpbp_35	1	4120	7000	37270	0	3061211	1897820	1897820	0.014072
INDEP_CANDIDATE	mpbp_35	1	4120	7000	37270	1	3061211	5243633	5243633	0.001885
INDEP_CANDIDATE	mpbp_35	1	4120	7000	37270	2	3061211	2647896	2647896	0.002141
INDEP_CANDIDATE	mpbp_35	2	4205	6915	38590	0	3093218	2966623	2966623	0.018281
INDEP_CANDIDATE	mpbp_35	2	4205	6915	38590	1	3093218	5192010	5192010	0.001891
INDEP_CANDIDATE	mpbp_35	2	4205	6915	38590	2	3093218	227326124	227326124	0.010180
INDEP_CANDIDATE	mpbp_35	3	4200	6920	32350	0	3225659	1738004	1738004	0.013641
INDEP_CANDIDATE	mpbp_35	3	4200	6920	32350	1	3225659	5551023	5551023	0.001859
INDEP_CANDIDATE	mpbp_35	3	4200	6920	32350	2	3225659	2621653	2621653	0.002189
INDEP_CANDIDATE	mpbp_35	4	4600	6520	34160	0	3243599	2929430	2929430	0.016480
INDEP_CANDIDATE	mpbp_35	4	4600	6520	34160	1	3243599	5633442	5633442	0.001828
INDEP_CANDIDATE	mpbp_35	4	4600	6520	34160	2	3243599	265829673	265829673	0.011249
INDEP_CANDIDATE	mpbp_35	5	4340	6780	54620	0	3252527	2983438	2983438	0.020685
INDEP_CANDIDATE	mpbp_35	5	4340	6780	54620	1	3252527	3506040	3506040	0.001637
INDEP_CANDIDATE	mpbp_35	5	4340	6780	54620	2	3252527	151266705	151266705	0.004094
INDEP_ROW	mpbp_35	11120	40790	3037207	976558	976558	976558	976558	976558	976558	976558	976558	976558	976558
INDEP_CANDIDATE	syn30m02m	0	730	762	2608	0	14191	18076	18076	0.000771
INDEP_CANDIDATE	syn30m02m	0	730	762	2608	1	14191	14243	14243	0.000218
INDEP_CANDIDATE	syn30m02m	0	730	762	2608	2	14191	63080	63080	0.000261
INDEP_CANDIDATE	syn30m02m	1	444	1048	3736	0	19233	24651	24651	0.001157
INDEP_CANDIDATE	syn30m02m	1	444	1048	3736	1	19233	19247	19247	0.000264
INDEP_CANDIDATE	syn30m02m	1	444	1048	3736	2	19233	476812	476812	0.000472
INDEP_CANDIDATE	syn30m02m	2	822	670	3152	0	19793	25192	25192	0.000768
INDEP_CANDIDATE	syn30m02m	2	822	670	3152	1	19793	18979	18979	0.000219
INDEP_CANDIDATE	syn30m02m	2	822	670	3152	2	19793	94183	94183	0.000282
INDEP_ROW	syn30m02m	1492	3936	13752	13455	13455	13455	13455	13455	13455	13455	13455	13455	13455
INDEP_CANDIDATE	wastewater13m1	0	15	466	3222	0	60210	109454	109454	0.000913
INDEP_CANDIDATE	wastewater13m1	0	15	466	3222	1	60210	60210	60210	0.000182
INDEP_CANDIDATE	wastewater13m1	0	15	466	3222	2	60210	70855	70855	0.000167
INDEP_CANDIDATE	wastewater13m1	1	128	353	3026	0	61113	100553	100553	0.000726
INDEP_CANDIDATE	wastewater13m1	1	128	353	3026	1	61113	60068	60068	0.000157
INDEP_CANDIDATE	wastewater13m1	1	128	353	3026	2	61113	68013	68013	0.000137
INDEP_CANDIDATE	wastewater13m1	2	383	98	2516	0	65065	65065	65065	0.000074
INDEP_CANDIDATE	wastewater13m1	2	383	98	2516	1	65065	62191	62191	0.000065
INDEP_CANDIDATE	wastewater13m1	2	383	98	2516	2	65065	68148	68148	0.000056
INDEP_ROW	wastewater13m1	481	3252	60135	60068	60068	60068	60068	60068	60068	60068	60068	60068	60068
INDEP_CANDIDATE	syn40hfsg	0	449	573	1726	0	8416	10352	10352	0.000742
INDEP_CANDIDATE	syn40hfsg	0	449	573	1726	1	8416	8301	8301	0.000160
INDEP_CANDIDATE	syn40hfsg	0	449	573	1726	2	8416	202465	202465	0.000264
INDEP_CANDIDATE	syn40hfsg	1	503	519	1734	0	9710	11191	11191	0.000678
INDEP_CANDIDATE	syn40hfsg	1	503	519	1734	1	9710	9415	9415	0.000156
INDEP_CANDIDATE	syn40hfsg	1	503	519	1734	2	9710	63626	63626	0.000213
INDEP_CANDIDATE	syn40hfsg	2	227	795	2502	0	11404	15077	15077	0.001119
INDEP_CANDIDATE	syn40hfsg	2	227	795	2502	1	11404	11404	11404	0.000193
INDEP_CANDIDATE	syn40hfsg	2	227	795	2502	2	11404	254089	254089	0.000357
INDEP_ROW	syn40hfsg	1022	2624	8432	8155	8155	8155	8155	8155	8155	8155	8155	8155	8155
INDEP_CANDIDATE	sep1	0	17	52	180	0	1152	1152	1152	0.000016
INDEP_CANDIDATE	sep1	0	17	52	180	1	1152	1178	1178	0.000019
INDEP_CANDIDATE	sep1	0	17	52	180	2	1152	2138	2138	0.000022
INDEP_CANDIDATE	sep1	1	33	36	150	0	1180	1180	1180	0.000015
INDEP_CANDIDATE	sep1	1	33	36	150	1	1180	1180	1180	0.000015
INDEP_CANDIDATE	sep1	1	33	36	150	2	1180	2091	2091	0.000017
INDEP_CANDIDATE	sep1	2	34	35	150	0	1193	1193	1193	0.000014
INDEP_CANDIDATE	sep1	2	34	35	150	1	1193	1206	1206	0.000014
INDEP_CANDIDATE	sep1	2	34	35	150	2	1193	2035	2035	0.000012
INDEP_CANDIDATE	sep1	3	29	40	214	0	1494	1494	1494	0.000019
INDEP_CANDIDATE	sep1	3	29	40	214	1	1494	1494	1494	0.000020
INDEP_CANDIDATE	sep1	3	29	40	214	2	1494	2185	2185	0.000017
INDEP_ROW	sep1	69	206	1097	1047	1047	1047	1047	1047	1047	1047	1047	1047	1047
INDEP_CANDIDATE	syn30m03m	0	1230	1278	4542	0	27566	43086	43086	0.001869
INDEP_CANDIDATE	syn30m03m	0	1230	1278	4542	1	27566	27679	27679	0.000365
INDEP_CANDIDATE	syn30m03m	0	1230	1278	4542	2	27566	186856	186856	0.000465
INDEP_CANDIDATE	syn30m03m	1	1278	1230	4728	0	29493	42018	42018	0.001862
INDEP_CANDIDATE	syn30m03m	1	1278	1230	4728	1	29493	29414	29414	0.000358
INDEP_CANDIDATE	syn30m03m	1	1278	1230	4728	2	29493	93316	93316	0.000382
INDEP_CANDIDATE	syn30m03m	2	786	1722	6414	0	37146	55452	55452	0.002357
INDEP_CANDIDATE	syn30m03m	2	786	1722	6414	1	37146	37167	37167	0.000419
INDEP_CANDIDATE	syn30m03m	2	786	1722	6414	2	37146	980803	980803	0.000691
INDEP_ROW	syn30m03m	2508	6804	26806	26552	26552	26552	26552	26552	26552	26552	26552	26552	26552
INDEP_ROW	st_qpc-m3a	30	304	2330	1574	1574	1574	1574	1574	1574	1574	1574	1574	1574
INDEP_CANDIDATE	crudeoil_pooling_ct3	0	1058	1586	9346	0	1156858	2317891	2317891	0.003795
INDEP_CANDIDATE	crudeoil_pooling_ct3	0	1058	1586	9346	1	1156858	2074331	2074331	0.000993
INDEP_CANDIDATE	crudeoil_pooling_ct3	0	1058	1586	9346	2	1156858	14538266	14538266	0.002265
INDEP_CANDIDATE	crudeoil_pooling_ct3	1	1257	1387	10286	0	1279364	1747238	1747238	0.003839
INDEP_CANDIDATE	crudeoil_pooling_ct3	1	1257	1387	10286	1	1279364	1905416	1905416	0.000988
INDEP_CANDIDATE	crudeoil_pooling_ct3	1	1257	1387	10286	2	1279364	4461369	4461369	0.001410
INDEP_CANDIDATE	crudeoil_pooling_ct3	2	269	2375	11230	0	1525162	1841279	1841279	0.005256
INDEP_CANDIDATE	crudeoil_pooling_ct3	2	269	2375	11230	1	1525162	1576106	1576106	0.001114
INDEP_CANDIDATE	crudeoil_pooling_ct3	2	269	2375	11230	2	1525162	13300633	13300633	0.002320
INDEP_CANDIDATE	crudeoil_pooling_ct3	3	626	2018	12170	0	1586698	1961601	1961601	0.004928
INDEP_CANDIDATE	crudeoil_pooling_ct3	3	626	2018	12170	1	1586698	1532860	1532860	0.001116
INDEP_CANDIDATE	crudeoil_pooling_ct3	3	626	2018	12170	2	1586698	18842299	18842299	0.002267
INDEP_CANDIDATE	crudeoil_pooling_ct3	4	891	1753	14862	0	1709215	1932266	1932266	0.004565
INDEP_CANDIDATE	crudeoil_pooling_ct3	4	891	1753	14862	1	1709215	1725586	1725586	0.001103
INDEP_CANDIDATE	crudeoil_pooling_ct3	4	891	1753	14862	2	1709215	8665008	8665008	0.001819
INDEP_ROW	crudeoil_pooling_ct3	2644	11426	1381490	866223	865127	865127	865127	865127	865127	865127	865127	865127	865127
INDEP_CANDIDATE	space25a	0	100	534	3146	0	29678	75896	75896	0.000725
INDEP_CANDIDATE	space25a	0	100	534	3146	1	29678	31646	31646	0.000185
INDEP_CANDIDATE	space25a	0	100	534	3146	2	29678	179614	179614	0.000215
INDEP_CANDIDATE	space25a	1	217	417	2530	0	29739	54277	54277	0.000545
INDEP_CANDIDATE	space25a	1	217	417	2530	1	29739	31046	31046	0.000162
INDEP_CANDIDATE	space25a	1	217	417	2530	2	29739	181850	181850	0.000205
INDEP_CANDIDATE	space25a	2	117	517	3146	0	30771	87083	87083	0.000654
INDEP_CANDIDATE	space25a	2	117	517	3146	1	30771	32050	32050	0.000183
INDEP_CANDIDATE	space25a	2	117	517	3146	2	30771	131717	131717	0.000184
INDEP_CANDIDATE	space25a	3	396	238	1150	0	31095	36512	36512	0.000335
INDEP_CANDIDATE	space25a	3	396	238	1150	1	31095	31304	31304	0.000116
INDEP_CANDIDATE	space25a	3	396	238	1150	2	31095	141967	141967	0.000161
INDEP_CANDIDATE	space25a	4	408	226	1242	0	31304	79562	79562	0.000317
INDEP_CANDIDATE	space25a	4	408	226	1242	1	31304	31304	31304	0.000108
INDEP_CANDIDATE	space25a	4	408	226	1242	2	31304	106853	106853	0.000137
INDEP_CANDIDATE	space25a	5	125	509	3246	0	32806	67000	67000	0.000651
INDEP_CANDIDATE	space25a	5	125	509	3246	1	32806	32498	32498	0.000185
INDEP_CANDIDATE	space25a	5	125	509	3246	2	32806	57192	57192	0.000153
INDEP_ROW	space25a	634	3246	29078	27875	27875	27875	27875	27875	27875	27875	27875	27875	27875
INDEP_ROW	autocorr_bern20-15	23	394	2784	2784	2784	2784	2784	2784	2784	2784	2784	2784	2784
INDEP_CANDIDATE	ex7_2_1	0	14	21	106	0	352	352	352	0.000008
INDEP_CANDIDATE	ex7_2_1	0	14	21	106	1	352	341	341	0.000010
INDEP_CANDIDATE	ex7_2_1	0	14	21	106	2	352	368	368	0.000008
INDEP_CANDIDATE	ex7_2_1	1	4	31	126	0	400	400	400	0.000010
INDEP_CANDIDATE	ex7_2_1	1	4	31	126	1	400	400	400	0.000009
INDEP_CANDIDATE	ex7_2_1	1	4	31	126	2	400	633	633	0.000012
INDEP_ROW	ex7_2_1	35	134	352	341	341	341	341	341	341	341	341	341	341
INDEP_CANDIDATE	hydroenergy2	0	1002	1090	4556	0	62118	125395	125395	0.002187
INDEP_CANDIDATE	hydroenergy2	0	1002	1090	4556	1	62118	66469	66469	0.000323
INDEP_CANDIDATE	hydroenergy2	0	1002	1090	4556	2	62118	7669514	7669514	0.001197
INDEP_CANDIDATE	hydroenergy2	1	952	1140	4516	0	74596	139524	139524	0.002170
INDEP_CANDIDATE	hydroenergy2	1	952	1140	4516	1	74596	70264	70264	0.000327
INDEP_CANDIDATE	hydroenergy2	1	952	1140	4516	2	74596	7529637	7529637	0.001420
INDEP_CANDIDATE	hydroenergy2	2	595	1497	5626	0	76144	145911	145911	0.002522
INDEP_CANDIDATE	hydroenergy2	2	595	1497	5626	1	76144	74135	74135	0.000402
INDEP_CANDIDATE	hydroenergy2	2	595	1497	5626	2	76144	6349956	6349956	0.001321
INDEP_CANDIDATE	hydroenergy2	3	802	1290	6094	0	83317	132908	132908	0.002622
INDEP_CANDIDATE	hydroenergy2	3	802	1290	6094	1	83317	81246	81246	0.000365
INDEP_CANDIDATE	hydroenergy2	3	802	1290	6094	2	83317	4186355	4186355	0.000963
INDEP_ROW	hydroenergy2	2092	6236	69051	56014	56014	56014	56014	56014	56014	56014	56014	56014	56014
INDEP_CANDIDATE	pooling_digabel19	0	264	250	5960	0	321902	347695	347695	0.000798
INDEP_CANDIDATE	pooling_digabel19	0	264	250	5960	1	321902	924830	924830	0.000294
INDEP_CANDIDATE	pooling_digabel19	0	264	250	5960	2	321902	567880	567880	0.000222
INDEP_CANDIDATE	pooling_digabel19	1	218	296	5918	0	321902	436188	436188	0.000805
INDEP_CANDIDATE	pooling_digabel19	1	218	296	5918	1	321902	925942	925942	0.000330
INDEP_CANDIDATE	pooling_digabel19	1	218	296	5918	2	321902	660288	660288	0.000265
INDEP_CANDIDATE	pooling_digabel19	2	143	371	5074	0	325989	450134	450134	0.000903
INDEP_CANDIDATE	pooling_digabel19	2	143	371	5074	1	325989	603147	603147	0.000385
INDEP_CANDIDATE	pooling_digabel19	2	143	371	5074	2	325989	611118	611118	0.000302
INDEP_CANDIDATE	pooling_digabel19	3	131	383	5078	0	325989	475086	475086	0.000815
INDEP_CANDIDATE	pooling_digabel19	3	131	383	5078	1	325989	601688	601688	0.000377
INDEP_CANDIDATE	pooling_digabel19	3	131	383	5078	2	325989	816625	816625	0.000301
INDEP_CANDIDATE	pooling_digabel19	4	4	510	5340	0	326037	447854	447854	0.001217
INDEP_CANDIDATE	pooling_digabel19	4	4	510	5340	1	326037	925262	925262	0.000410
INDEP_CANDIDATE	pooling_digabel19	4	4	510	5340	2	326037	818762	818762	0.000307
INDEP_CANDIDATE	pooling_digabel19	5	5	509	5348	0	326069	491499	491499	0.001291
INDEP_CANDIDATE	pooling_digabel19	5	5	509	5348	1	326069	925294	925294	0.000395
INDEP_CANDIDATE	pooling_digabel19	5	5	509	5348	2	326069	818794	818794	0.000307
INDEP_CANDIDATE	pooling_digabel19	6	30	484	5682	0	377742	610687	610687	0.001308
INDEP_CANDIDATE	pooling_digabel19	6	30	484	5682	1	377742	993569	993569	0.000405
INDEP_CANDIDATE	pooling_digabel19	6	30	484	5682	2	377742	708988	708988	0.000310
INDEP_ROW	pooling_digabel19	514	5340	325989	274903	274903	274903	274903	274903	274903	274903	274903	274903	274903
INDEP_CANDIDATE	clay0203m	0	69	63	282	0	1348	1348	1348	0.000021
INDEP_CANDIDATE	clay0203m	0	69	63	282	1	1348	1348	1348	0.000022
INDEP_CANDIDATE	clay0203m	0	69	63	282	2	1348	1679	1679	0.000023
INDEP_ROW	clay0203m	132	420	1348	1348	1348	1348	1348	1348	1348	1348	1348	1348	1348
INDEP_CANDIDATE	squfl030-150	0	9000	4680	18000	0	252605	1061930	1061930	0.006002
INDEP_CANDIDATE	squfl030-150	0	9000	4680	18000	1	252605	252605	252605	0.003458
INDEP_CANDIDATE	squfl030-150	0	9000	4680	18000	2	252605	285491	285491	0.003309
INDEP_CANDIDATE	squfl030-150	1	4500	9180	36000	0	306605	2004805	2004805	0.015023
INDEP_CANDIDATE	squfl030-150	1	4500	9180	36000	1	306605	306605	306605	0.005793
INDEP_CANDIDATE	squfl030-150	1	4500	9180	36000	2	306605	339491	339491	0.005590
INDEP_ROW	squfl030-150	13680	36000	252605	252605	252605	252605	252605	252605	252605	252605	252605	252605	252605
INDEP_BASE parent=0.791864560331 tail=0.791821436276
INDEP_TOTAL arm=0 score=0.791821436276 wins=[0, 0, 0] seconds=1.743341 max=0.087743
INDEP_TOTAL arm=1 score=0.791821436276 wins=[0, 0, 0] seconds=2.371181 max=0.110734
INDEP_TOTAL arm=2 score=0.791821436276 wins=[0, 0, 0] seconds=2.976363 max=0.135491
INDEP_TOTAL arm=3 score=0.791821436276 wins=[0, 0, 0] seconds=3.417686 max=0.150612
INDEP_TOTAL arm=4 score=0.791660025456 wins=[0, 0, 1] seconds=3.851507 max=0.219954
INDEP_TOTAL arm=5 score=0.791660025456 wins=[0, 0, 1] seconds=4.278676 max=0.309763
INDEP_TOTAL arm=6 score=0.791660025456 wins=[0, 0, 1] seconds=6.389982 max=0.518903
INDEP_TOTAL arm=7 score=0.791660025456 wins=[0, 0, 1] seconds=6.389983 max=0.518903
