PORT_CANDIDATE	slay06m	0	0	0	80000000	4025	0.000032
PORT_CANDIDATE	slay06m	0	0	1	1000000	4025	0.000025
PORT_CANDIDATE	slay06m	0	1	0	80000000	4025	0.000027
PORT_CANDIDATE	slay06m	0	1	1	1000000	4025	0.000024
PORT_CANDIDATE	slay06m	0	2	0	80000000	4025	0.000027
PORT_CANDIDATE	slay06m	0	2	1	1000000	4025	0.000024
PORT_CANDIDATE	slay06m	0	3	0	80000000	4460	0.000030
PORT_CANDIDATE	slay06m	0	3	1	1000000	4460	0.000026
PORT_CANDIDATE	slay06m	0	4	1	1000000	4460	0.000023
PORT_ROW	slay06m	357	1080	4025	4025	4025	4025	4025	4025	4025	4025	4025	4025
PORT_CANDIDATE	sssd25-08	0	0	0	80000000	6373	0.000070
PORT_CANDIDATE	sssd25-08	0	0	1	1000000	6373	0.000062
PORT_CANDIDATE	sssd25-08	0	1	0	80000000	6301	0.000063
PORT_CANDIDATE	sssd25-08	0	1	1	1000000	6301	0.000056
PORT_CANDIDATE	sssd25-08	0	2	0	80000000	6301	0.000062
PORT_CANDIDATE	sssd25-08	0	2	1	1000000	6301	0.000059
PORT_CANDIDATE	sssd25-08	0	3	0	80000000	6583	0.000068
PORT_CANDIDATE	sssd25-08	0	3	1	1000000	6583	0.000062
PORT_CANDIDATE	sssd25-08	0	4	1	1000000	7026	0.000057
PORT_CANDIDATE	sssd25-08	1	0	0	80000000	6649	0.000020
PORT_CANDIDATE	sssd25-08	1	0	1	1000000	6649	0.000016
PORT_CANDIDATE	sssd25-08	1	1	0	80000000	5797	0.000025
PORT_CANDIDATE	sssd25-08	1	1	1	1000000	5797	0.000023
PORT_CANDIDATE	sssd25-08	1	2	0	80000000	6007	0.000018
PORT_CANDIDATE	sssd25-08	1	2	1	1000000	6007	0.000017
PORT_CANDIDATE	sssd25-08	1	3	0	80000000	5941	0.000021
PORT_CANDIDATE	sssd25-08	1	3	1	1000000	5941	0.000018
PORT_CANDIDATE	sssd25-08	1	4	1	1000000	11831	0.000016
PORT_ROW	sssd25-08	401	1200	5389	5389	5389	5389	5389	5389	5389	5389	5389	5389
PORT_CANDIDATE	rsyn0810m04m	0	0	0	80000000	275878	0.000599
PORT_CANDIDATE	rsyn0810m04m	0	0	1	1000000	18446744073709551615	0.000047
PORT_CANDIDATE	rsyn0810m04m	0	1	0	80000000	146952	0.000597
PORT_CANDIDATE	rsyn0810m04m	0	1	1	1000000	18446744073709551615	0.000040
PORT_CANDIDATE	rsyn0810m04m	0	2	0	80000000	138062	0.000610
PORT_CANDIDATE	rsyn0810m04m	0	2	1	1000000	18446744073709551615	0.000044
PORT_CANDIDATE	rsyn0810m04m	0	3	0	80000000	162892	0.000650
PORT_CANDIDATE	rsyn0810m04m	0	3	1	1000000	18446744073709551615	0.000046
PORT_CANDIDATE	rsyn0810m04m	0	4	1	1000000	18446744073709551615	0.000111
PORT_CANDIDATE	rsyn0810m04m	1	0	0	80000000	300150	0.000580
PORT_CANDIDATE	rsyn0810m04m	1	0	1	1000000	18446744073709551615	0.000046
PORT_CANDIDATE	rsyn0810m04m	1	1	0	80000000	139142	0.000570
PORT_CANDIDATE	rsyn0810m04m	1	1	1	1000000	18446744073709551615	0.000041
PORT_CANDIDATE	rsyn0810m04m	1	2	0	80000000	137987	0.000576
PORT_CANDIDATE	rsyn0810m04m	1	2	1	1000000	18446744073709551615	0.000044
PORT_CANDIDATE	rsyn0810m04m	1	3	0	80000000	177546	0.000615
PORT_CANDIDATE	rsyn0810m04m	1	3	1	1000000	18446744073709551615	0.000047
PORT_CANDIDATE	rsyn0810m04m	1	4	1	1000000	18446744073709551615	0.000059
PORT_ROW	rsyn0810m04m	4772	13836	147553	113458	113458	113458	113458	113458	113458	113458	113458	113458
PORT_ROW	pooling_sppc3pq	23173	893724	1153877333	325595394	325595394	325595394	325595394	325595394	325595394	325595394	325595394	325595394
PORT_ROW	sporttournament48	1131	6676	919582	594138	594138	594138	594138	594138	594138	594138	594138	594138
PORT_ROW	pooling_sppa9pq	5030	120730	23971280	15130622	15130622	15130622	15130622	15130622	15130622	15130622	15130622	15130622
PORT_CANDIDATE	edgecross10-090	0	0	0	80000000	111990	0.000191
PORT_CANDIDATE	edgecross10-090	0	0	1	1000000	111990	0.000160
PORT_CANDIDATE	edgecross10-090	0	1	0	80000000	162931	0.000169
PORT_CANDIDATE	edgecross10-090	0	1	1	1000000	162931	0.000145
PORT_CANDIDATE	edgecross10-090	0	2	0	80000000	126115	0.000187
PORT_CANDIDATE	edgecross10-090	0	2	1	1000000	126115	0.000161
PORT_CANDIDATE	edgecross10-090	0	3	0	80000000	110733	0.000193
PORT_CANDIDATE	edgecross10-090	0	3	1	1000000	110733	0.000170
PORT_CANDIDATE	edgecross10-090	0	4	1	1000000	166347	0.000157
PORT_CANDIDATE	edgecross10-090	1	0	0	80000000	122070	0.000200
PORT_CANDIDATE	edgecross10-090	1	0	1	1000000	122070	0.000171
PORT_CANDIDATE	edgecross10-090	1	1	0	80000000	136195	0.000196
PORT_CANDIDATE	edgecross10-090	1	1	1	1000000	136195	0.000168
PORT_CANDIDATE	edgecross10-090	1	2	0	80000000	136195	0.000172
PORT_CANDIDATE	edgecross10-090	1	2	1	1000000	136195	0.000158
PORT_CANDIDATE	edgecross10-090	1	3	0	80000000	120813	0.000196
PORT_CANDIDATE	edgecross10-090	1	3	1	1000000	120813	0.000177
PORT_CANDIDATE	edgecross10-090	1	4	1	1000000	127918	0.000188
PORT_ROW	edgecross10-090	1053	5204	126115	103179	103179	103179	103179	103179	103179	103179	103179	103179
PORT_ROW	maxcsp-ehi-85-297-71	2372	207996	1381768944	1110971341	1110971341	1110971341	1110971341	1110971341	1110971341	1110971341	1110971341	1110971341
PORT_ROW	st_bpaf1a	30	120	623	580	580	580	580	580	580	580	580	580
PORT_CANDIDATE	risk2bpb	0	0	0	80000000	103177	0.000236
PORT_CANDIDATE	risk2bpb	0	0	1	1000000	103177	0.000184
PORT_CANDIDATE	risk2bpb	0	1	0	80000000	111198	0.000252
PORT_CANDIDATE	risk2bpb	0	1	1	1000000	111198	0.000200
PORT_CANDIDATE	risk2bpb	0	2	0	80000000	72782	0.000248
PORT_CANDIDATE	risk2bpb	0	2	1	1000000	72782	0.000196
PORT_CANDIDATE	risk2bpb	0	3	0	80000000	93645	0.000234
PORT_CANDIDATE	risk2bpb	0	3	1	1000000	93645	0.000187
PORT_CANDIDATE	risk2bpb	0	4	1	1000000	229280	0.000239
PORT_CANDIDATE	risk2bpb	1	0	0	80000000	100549	0.000231
PORT_CANDIDATE	risk2bpb	1	0	1	1000000	100549	0.000190
PORT_CANDIDATE	risk2bpb	1	1	0	80000000	81791	0.000259
PORT_CANDIDATE	risk2bpb	1	1	1	1000000	81791	0.000204
PORT_CANDIDATE	risk2bpb	1	2	0	80000000	79260	0.000236
PORT_CANDIDATE	risk2bpb	1	2	1	1000000	79260	0.000187
PORT_CANDIDATE	risk2bpb	1	3	0	80000000	100313	0.000232
PORT_CANDIDATE	risk2bpb	1	3	1	1000000	100313	0.000186
PORT_CANDIDATE	risk2bpb	1	4	1	1000000	267061	0.000253
PORT_ROW	risk2bpb	1462	5396	118471	66041	66041	66041	66041	66041	66041	66041	66041	66041
PORT_ROW	qap	255	43748	3802533	3650113	3650113	3650113	3650113	3650113	3650113	3650113	3650113	3650113
PORT_CANDIDATE	rsyn0830m04m	0	0	0	80000000	423716	0.000893
PORT_CANDIDATE	rsyn0830m04m	0	0	1	1000000	18446744073709551615	0.000044
PORT_CANDIDATE	rsyn0830m04m	0	1	0	80000000	218564	0.000872
PORT_CANDIDATE	rsyn0830m04m	0	1	1	1000000	18446744073709551615	0.000041
PORT_CANDIDATE	rsyn0830m04m	0	2	0	80000000	223559	0.000894
PORT_CANDIDATE	rsyn0830m04m	0	2	1	1000000	18446744073709551615	0.000041
PORT_CANDIDATE	rsyn0830m04m	0	3	0	80000000	255368	0.000958
PORT_CANDIDATE	rsyn0830m04m	0	3	1	1000000	18446744073709551615	0.000042
PORT_CANDIDATE	rsyn0830m04m	0	4	1	1000000	18446744073709551615	0.000066
PORT_CANDIDATE	rsyn0830m04m	1	0	0	80000000	363130	0.000862
PORT_CANDIDATE	rsyn0830m04m	1	0	1	1000000	18446744073709551615	0.000042
PORT_CANDIDATE	rsyn0830m04m	1	1	0	80000000	226519	0.000852
PORT_CANDIDATE	rsyn0830m04m	1	1	1	1000000	18446744073709551615	0.000040
PORT_CANDIDATE	rsyn0830m04m	1	2	0	80000000	211125	0.000865
PORT_CANDIDATE	rsyn0830m04m	1	2	1	1000000	18446744073709551615	0.000042
PORT_CANDIDATE	rsyn0830m04m	1	3	0	80000000	407119	0.000929
PORT_CANDIDATE	rsyn0830m04m	1	3	1	1000000	18446744073709551615	0.000043
PORT_CANDIDATE	rsyn0830m04m	1	4	1	1000000	18446744073709551615	0.000051
PORT_ROW	rsyn0830m04m	7252	20752	212130	171680	171680	171680	171680	171680	171680	171680	171680	171680
PORT_CANDIDATE	lop97icx	0	0	0	80000000	101024	0.000098
PORT_CANDIDATE	lop97icx	0	0	1	1000000	101024	0.000060
PORT_CANDIDATE	lop97icx	0	1	0	80000000	75076	0.000110
PORT_CANDIDATE	lop97icx	0	1	1	1000000	75076	0.000070
PORT_CANDIDATE	lop97icx	0	2	0	80000000	75088	0.000094
PORT_CANDIDATE	lop97icx	0	2	1	1000000	75088	0.000064
PORT_CANDIDATE	lop97icx	0	3	0	80000000	103736	0.000115
PORT_CANDIDATE	lop97icx	0	3	1	1000000	103736	0.000080
PORT_CANDIDATE	lop97icx	0	4	1	1000000	199486	0.000105
PORT_CANDIDATE	lop97icx	1	0	0	80000000	113633	0.000135
PORT_CANDIDATE	lop97icx	1	0	1	1000000	113633	0.000100
PORT_CANDIDATE	lop97icx	1	1	0	80000000	104693	0.000149
PORT_CANDIDATE	lop97icx	1	1	1	1000000	104693	0.000111
PORT_CANDIDATE	lop97icx	1	2	0	80000000	105986	0.000146
PORT_CANDIDATE	lop97icx	1	2	1	1000000	105986	0.000105
PORT_CANDIDATE	lop97icx	1	3	0	80000000	88764	0.000162
PORT_CANDIDATE	lop97icx	1	3	1	1000000	88764	0.000118
PORT_CANDIDATE	lop97icx	1	4	1	1000000	194983	0.000159
PORT_ROW	lop97icx	1073	2118	79286	64044	64044	64044	64044	64044	64044	64044	64044	64044
PORT_CANDIDATE	chain400	0	0	0	80000000	16382	0.000064
PORT_CANDIDATE	chain400	0	0	1	1000000	16382	0.000067
PORT_CANDIDATE	chain400	0	1	0	80000000	16382	0.000066
PORT_CANDIDATE	chain400	0	1	1	1000000	16382	0.000061
PORT_CANDIDATE	chain400	0	2	0	80000000	16382	0.000063
PORT_CANDIDATE	chain400	0	2	1	1000000	16382	0.000062
PORT_CANDIDATE	chain400	0	3	0	80000000	16382	0.000066
PORT_CANDIDATE	chain400	0	3	1	1000000	16382	0.000063
PORT_CANDIDATE	chain400	0	4	1	1000000	16382	0.000062
PORT_CANDIDATE	chain400	1	0	0	80000000	19978	0.000063
PORT_CANDIDATE	chain400	1	0	1	1000000	19978	0.000063
PORT_CANDIDATE	chain400	1	1	0	80000000	19978	0.000063
PORT_CANDIDATE	chain400	1	1	1	1000000	19978	0.000061
PORT_CANDIDATE	chain400	1	2	0	80000000	19978	0.000063
PORT_CANDIDATE	chain400	1	2	1	1000000	19978	0.000062
PORT_CANDIDATE	chain400	1	3	0	80000000	19978	0.000064
PORT_CANDIDATE	chain400	1	3	1	1000000	19978	0.000065
PORT_CANDIDATE	chain400	1	4	1	1000000	19978	0.000062
PORT_ROW	chain400	1201	4796	16382	16382	16382	16382	16382	16382	16382	16382	16382	16382
PORT_CANDIDATE	mpbp_07	0	0	0	80000000	1879448	0.001144
PORT_CANDIDATE	mpbp_07	0	0	1	4995788	18446744073709551615	0.000098
PORT_CANDIDATE	mpbp_07	0	1	0	80000000	1557351	0.001173
PORT_CANDIDATE	mpbp_07	0	1	1	4995788	18446744073709551615	0.000088
PORT_CANDIDATE	mpbp_07	0	2	0	80000000	1559703	0.001181
PORT_CANDIDATE	mpbp_07	0	2	1	4995788	18446744073709551615	0.000104
PORT_CANDIDATE	mpbp_07	0	3	0	80000000	4905425	0.001450
PORT_CANDIDATE	mpbp_07	0	3	1	4995788	18446744073709551615	0.000108
PORT_CANDIDATE	mpbp_07	0	4	1	4995788	18446744073709551615	0.000095
PORT_CANDIDATE	mpbp_07	1	0	0	80000000	1974666	0.001138
PORT_CANDIDATE	mpbp_07	1	0	1	4995788	18446744073709551615	0.000106
PORT_CANDIDATE	mpbp_07	1	1	0	80000000	1603957	0.001146
PORT_CANDIDATE	mpbp_07	1	1	1	4995788	18446744073709551615	0.000098
PORT_CANDIDATE	mpbp_07	1	2	0	80000000	1603957	0.001199
PORT_CANDIDATE	mpbp_07	1	2	1	4995788	18446744073709551615	0.000113
PORT_CANDIDATE	mpbp_07	1	3	0	80000000	11072278	0.001487
PORT_CANDIDATE	mpbp_07	1	3	1	4995788	18446744073709551615	0.000117
PORT_CANDIDATE	mpbp_07	1	4	1	4995788	18446744073709551615	0.000106
PORT_ROW	mpbp_07	9532	30810	1368477	1248947	1248947	1248947	1248947	1248947	1248947	1248947	1248947	1248947
PORT_CANDIDATE	sonetgr17	0	0	0	80000000	114303	0.000076
PORT_CANDIDATE	sonetgr17	0	0	1	1000000	114303	0.000056
PORT_CANDIDATE	sonetgr17	0	1	0	80000000	172427	0.000091
PORT_CANDIDATE	sonetgr17	0	1	1	1000000	172427	0.000070
PORT_CANDIDATE	sonetgr17	0	2	0	80000000	53385	0.000103
PORT_CANDIDATE	sonetgr17	0	2	1	1000000	53385	0.000084
PORT_CANDIDATE	sonetgr17	0	3	0	80000000	49972	0.000101
PORT_CANDIDATE	sonetgr17	0	3	1	1000000	49972	0.000085
PORT_CANDIDATE	sonetgr17	0	4	1	1000000	112922	0.000071
PORT_CANDIDATE	sonetgr17	1	0	0	80000000	114362	0.000063
PORT_CANDIDATE	sonetgr17	1	0	1	1000000	114362	0.000050
PORT_CANDIDATE	sonetgr17	1	1	0	80000000	172486	0.000075
PORT_CANDIDATE	sonetgr17	1	1	1	1000000	172486	0.000062
PORT_CANDIDATE	sonetgr17	1	2	0	80000000	53444	0.000090
PORT_CANDIDATE	sonetgr17	1	2	1	1000000	53444	0.000077
PORT_CANDIDATE	sonetgr17	1	3	0	80000000	48931	0.000100
PORT_CANDIDATE	sonetgr17	1	3	1	1000000	48931	0.000083
PORT_CANDIDATE	sonetgr17	1	4	1	1000000	112981	0.000072
PORT_ROW	sonetgr17	440	2958	37814	30971	30971	30971	30971	30971	30971	30971	30971	30971
PORT_CANDIDATE	p_ball_30b_7p_2d_h	0	0	0	80000000	42319	0.000305
PORT_CANDIDATE	p_ball_30b_7p_2d_h	0	0	1	1000000	18446744073709551615	0.000173
PORT_CANDIDATE	p_ball_30b_7p_2d_h	0	1	0	80000000	1673679	0.000238
PORT_CANDIDATE	p_ball_30b_7p_2d_h	0	1	1	1000000	18446744073709551615	0.000140
PORT_CANDIDATE	p_ball_30b_7p_2d_h	0	2	0	80000000	42456	0.000279
PORT_CANDIDATE	p_ball_30b_7p_2d_h	0	2	1	1000000	42456	0.000270
PORT_CANDIDATE	p_ball_30b_7p_2d_h	0	3	0	80000000	59794	0.000302
PORT_CANDIDATE	p_ball_30b_7p_2d_h	0	3	1	1000000	18446744073709551615	0.000179
PORT_CANDIDATE	p_ball_30b_7p_2d_h	0	4	1	1000000	60419	0.000254
PORT_CANDIDATE	p_ball_30b_7p_2d_h	1	0	0	80000000	49039	0.000278
PORT_CANDIDATE	p_ball_30b_7p_2d_h	1	0	1	1000000	49039	0.000259
PORT_CANDIDATE	p_ball_30b_7p_2d_h	1	1	0	80000000	1680399	0.000248
PORT_CANDIDATE	p_ball_30b_7p_2d_h	1	1	1	1000000	18446744073709551615	0.000155
PORT_CANDIDATE	p_ball_30b_7p_2d_h	1	2	0	80000000	49176	0.000284
PORT_CANDIDATE	p_ball_30b_7p_2d_h	1	2	1	1000000	49176	0.000271
PORT_CANDIDATE	p_ball_30b_7p_2d_h	1	3	0	80000000	66514	0.000249
PORT_CANDIDATE	p_ball_30b_7p_2d_h	1	3	1	1000000	66514	0.000230
PORT_CANDIDATE	p_ball_30b_7p_2d_h	1	4	1	1000000	67139	0.000229
PORT_ROW	p_ball_30b_7p_2d_h	2207	7516	42456	42319	42319	42319	42319	42319	42319	42319	42319	42319
PORT_ROW	pinene200	19995	97990	1358716	1134463	1134463	1134463	1134463	1134463	1134463	1134463	1134463	1134463
PORT_ROW	unitcommit_200_100_1_mod_8	146830	476332	3053940	2981835	2981835	2981835	2981835	2981835	2981835	2981835	2981835	2981835
PORT_CANDIDATE	ex8_3_9	0	0	0	80000000	14965	0.000030
PORT_CANDIDATE	ex8_3_9	0	0	1	1000000	14965	0.000019
PORT_CANDIDATE	ex8_3_9	0	1	0	80000000	14965	0.000024
PORT_CANDIDATE	ex8_3_9	0	1	1	1000000	14965	0.000019
PORT_CANDIDATE	ex8_3_9	0	2	0	80000000	14965	0.000023
PORT_CANDIDATE	ex8_3_9	0	2	1	1000000	14965	0.000018
PORT_CANDIDATE	ex8_3_9	0	3	0	80000000	15040	0.000035
PORT_CANDIDATE	ex8_3_9	0	3	1	1000000	15040	0.000022
PORT_CANDIDATE	ex8_3_9	0	4	1	1000000	16060	0.000028
PORT_ROW	ex8_3_9	123	834	15050	11503	11503	11503	11503	11503	11503	11503	11503	11503
PORT_CANDIDATE	rsyn0820m02m	0	0	0	80000000	56042	0.000309
PORT_CANDIDATE	rsyn0820m02m	0	0	1	1000000	56042	0.000249
PORT_CANDIDATE	rsyn0820m02m	0	1	0	80000000	38200	0.000300
PORT_CANDIDATE	rsyn0820m02m	0	1	1	1000000	38200	0.000243
PORT_CANDIDATE	rsyn0820m02m	0	2	0	80000000	38409	0.000292
PORT_CANDIDATE	rsyn0820m02m	0	2	1	1000000	38409	0.000249
PORT_CANDIDATE	rsyn0820m02m	0	3	0	80000000	64412	0.000333
PORT_CANDIDATE	rsyn0820m02m	0	3	1	1000000	64412	0.000272
PORT_CANDIDATE	rsyn0820m02m	0	4	1	1000000	507001	0.000500
PORT_CANDIDATE	rsyn0820m02m	1	0	0	80000000	55448	0.000300
PORT_CANDIDATE	rsyn0820m02m	1	0	1	1000000	55448	0.000239
PORT_CANDIDATE	rsyn0820m02m	1	1	0	80000000	45999	0.000274
PORT_CANDIDATE	rsyn0820m02m	1	1	1	1000000	45999	0.000218
PORT_CANDIDATE	rsyn0820m02m	1	2	0	80000000	45847	0.000255
PORT_CANDIDATE	rsyn0820m02m	1	2	1	1000000	45847	0.000217
PORT_CANDIDATE	rsyn0820m02m	1	3	0	80000000	57082	0.000317
PORT_CANDIDATE	rsyn0820m02m	1	3	1	1000000	57082	0.000263
PORT_CANDIDATE	rsyn0820m02m	1	4	1	1000000	217563	0.000405
PORT_ROW	rsyn0820m02m	2486	6932	38190	35631	35631	35631	35631	35631	35631	35631	35631	35631
PORT_CANDIDATE	p_ball_10b_5p_2d_m	0	0	0	80000000	6648	0.000029
PORT_CANDIDATE	p_ball_10b_5p_2d_m	0	0	1	1000000	6648	0.000023
PORT_CANDIDATE	p_ball_10b_5p_2d_m	0	1	0	80000000	6648	0.000025
PORT_CANDIDATE	p_ball_10b_5p_2d_m	0	1	1	1000000	6648	0.000022
PORT_CANDIDATE	p_ball_10b_5p_2d_m	0	2	0	80000000	6648	0.000025
PORT_CANDIDATE	p_ball_10b_5p_2d_m	0	2	1	1000000	6648	0.000023
PORT_CANDIDATE	p_ball_10b_5p_2d_m	0	3	0	80000000	8018	0.000029
PORT_CANDIDATE	p_ball_10b_5p_2d_m	0	3	1	1000000	8018	0.000023
PORT_CANDIDATE	p_ball_10b_5p_2d_m	0	4	1	1000000	7307	0.000024
PORT_CANDIDATE	p_ball_10b_5p_2d_m	1	0	0	80000000	33813	0.000052
PORT_CANDIDATE	p_ball_10b_5p_2d_m	1	0	1	1000000	33813	0.000035
PORT_CANDIDATE	p_ball_10b_5p_2d_m	1	1	0	80000000	38424	0.000045
PORT_CANDIDATE	p_ball_10b_5p_2d_m	1	1	1	1000000	38424	0.000032
PORT_CANDIDATE	p_ball_10b_5p_2d_m	1	2	0	80000000	8726	0.000046
PORT_CANDIDATE	p_ball_10b_5p_2d_m	1	2	1	1000000	8726	0.000037
PORT_CANDIDATE	p_ball_10b_5p_2d_m	1	3	0	80000000	10096	0.000048
PORT_CANDIDATE	p_ball_10b_5p_2d_m	1	3	1	1000000	10096	0.000036
PORT_CANDIDATE	p_ball_10b_5p_2d_m	1	4	1	1000000	24441	0.000050
PORT_ROW	p_ball_10b_5p_2d_m	293	964	6648	6547	6547	6547	6547	6547	6547	6547	6547	6547
PORT_CANDIDATE	pooling_adhya4tp	0	0	0	80000000	27390	0.000031
PORT_CANDIDATE	pooling_adhya4tp	0	0	1	1000000	27390	0.000020
PORT_CANDIDATE	pooling_adhya4tp	0	1	0	80000000	23070	0.000026
PORT_CANDIDATE	pooling_adhya4tp	0	1	1	1000000	23070	0.000020
PORT_CANDIDATE	pooling_adhya4tp	0	2	0	80000000	23070	0.000022
PORT_CANDIDATE	pooling_adhya4tp	0	2	1	1000000	23070	0.000019
PORT_CANDIDATE	pooling_adhya4tp	0	3	0	80000000	23070	0.000025
PORT_CANDIDATE	pooling_adhya4tp	0	3	1	1000000	23070	0.000020
PORT_CANDIDATE	pooling_adhya4tp	0	4	1	1000000	36582	0.000025
PORT_CANDIDATE	pooling_adhya4tp	1	0	0	80000000	27390	0.000022
PORT_CANDIDATE	pooling_adhya4tp	1	0	1	1000000	27390	0.000018
PORT_CANDIDATE	pooling_adhya4tp	1	1	0	80000000	23070	0.000020
PORT_CANDIDATE	pooling_adhya4tp	1	1	1	1000000	23070	0.000018
PORT_CANDIDATE	pooling_adhya4tp	1	2	0	80000000	23070	0.000020
PORT_CANDIDATE	pooling_adhya4tp	1	2	1	1000000	23070	0.000019
PORT_CANDIDATE	pooling_adhya4tp	1	3	0	80000000	23070	0.000021
PORT_CANDIDATE	pooling_adhya4tp	1	3	1	1000000	23070	0.000020
PORT_CANDIDATE	pooling_adhya4tp	1	4	1	1000000	36582	0.000022
PORT_ROW	pooling_adhya4tp	170	936	26842	20581	20581	20581	20581	20581	20581	20581	20581	20581
PORT_CANDIDATE	squfl015-080persp	0	0	0	80000000	91320	0.000699
PORT_CANDIDATE	squfl015-080persp	0	0	1	1000000	18446744073709551615	0.000142
PORT_CANDIDATE	squfl015-080persp	0	1	0	80000000	91320	0.000696
PORT_CANDIDATE	squfl015-080persp	0	1	1	1000000	18446744073709551615	0.000140
PORT_CANDIDATE	squfl015-080persp	0	2	0	80000000	91320	0.000705
PORT_CANDIDATE	squfl015-080persp	0	2	1	1000000	18446744073709551615	0.000145
PORT_CANDIDATE	squfl015-080persp	0	3	0	80000000	93045	0.000702
PORT_CANDIDATE	squfl015-080persp	0	3	1	1000000	18446744073709551615	0.000144
PORT_CANDIDATE	squfl015-080persp	0	4	1	1000000	18446744073709551615	0.000142
PORT_ROW	squfl015-080persp	7295	21600	74520	74520	74520	74520	74520	74520	74520	74520	74520	74520
PORT_CANDIDATE	edgecross10-080	0	0	0	80000000	182971	0.000216
PORT_CANDIDATE	edgecross10-080	0	0	1	1000000	182971	0.000181
PORT_CANDIDATE	edgecross10-080	0	1	0	80000000	220029	0.000174
PORT_CANDIDATE	edgecross10-080	0	1	1	1000000	220029	0.000152
PORT_CANDIDATE	edgecross10-080	0	2	0	80000000	170814	0.000222
PORT_CANDIDATE	edgecross10-080	0	2	1	1000000	170814	0.000189
PORT_CANDIDATE	edgecross10-080	0	3	0	80000000	168991	0.000219
PORT_CANDIDATE	edgecross10-080	0	3	1	1000000	168991	0.000190
PORT_CANDIDATE	edgecross10-080	0	4	1	1000000	221529	0.000167
PORT_CANDIDATE	edgecross10-080	1	0	0	80000000	193051	0.000227
PORT_CANDIDATE	edgecross10-080	1	0	1	1000000	193051	0.000203
PORT_CANDIDATE	edgecross10-080	1	1	0	80000000	180894	0.000229
PORT_CANDIDATE	edgecross10-080	1	1	1	1000000	180894	0.000209
PORT_CANDIDATE	edgecross10-080	1	2	0	80000000	180894	0.000204
PORT_CANDIDATE	edgecross10-080	1	2	1	1000000	180894	0.000183
PORT_CANDIDATE	edgecross10-080	1	3	0	80000000	179071	0.000226
PORT_CANDIDATE	edgecross10-080	1	3	1	1000000	179071	0.000202
PORT_CANDIDATE	edgecross10-080	1	4	1	1000000	188235	0.000216
PORT_ROW	edgecross10-080	1053	5940	170814	164639	164639	164639	164639	164639	164639	164639	164639	164639
PORT_CANDIDATE	clay0204hfsg	0	0	0	80000000	7904	0.000056
PORT_CANDIDATE	clay0204hfsg	0	0	1	1000000	7904	0.000042
PORT_CANDIDATE	clay0204hfsg	0	1	0	80000000	7662	0.000049
PORT_CANDIDATE	clay0204hfsg	0	1	1	1000000	7662	0.000039
PORT_CANDIDATE	clay0204hfsg	0	2	0	80000000	7662	0.000043
PORT_CANDIDATE	clay0204hfsg	0	2	1	1000000	7662	0.000041
PORT_CANDIDATE	clay0204hfsg	0	3	0	80000000	8099	0.000054
PORT_CANDIDATE	clay0204hfsg	0	3	1	1000000	8099	0.000041
PORT_CANDIDATE	clay0204hfsg	0	4	1	1000000	8556	0.000042
PORT_CANDIDATE	clay0204hfsg	1	0	0	80000000	7904	0.000046
PORT_CANDIDATE	clay0204hfsg	1	0	1	1000000	7904	0.000040
PORT_CANDIDATE	clay0204hfsg	1	1	0	80000000	7662	0.000043
PORT_CANDIDATE	clay0204hfsg	1	1	1	1000000	7662	0.000039
PORT_CANDIDATE	clay0204hfsg	1	2	0	80000000	7662	0.000043
PORT_CANDIDATE	clay0204hfsg	1	2	1	1000000	7662	0.000041
PORT_CANDIDATE	clay0204hfsg	1	3	0	80000000	7318	0.000049
PORT_CANDIDATE	clay0204hfsg	1	3	1	1000000	7318	0.000040
PORT_CANDIDATE	clay0204hfsg	1	4	1	1000000	8016	0.000040
PORT_ROW	clay0204hfsg	590	1696	7198	6562	6562	6562	6562	6562	6562	6562	6562	6562
PORT_ROW	st_bsj2	13	40	143	114	114	114	114	114	114	114	114	114
PORT_CANDIDATE	chimera_mgw-c8-439-onc8-002	0	0	0	80000000	138308	0.000164
PORT_CANDIDATE	chimera_mgw-c8-439-onc8-002	0	0	1	1000000	138308	0.000112
PORT_CANDIDATE	chimera_mgw-c8-439-onc8-002	0	1	0	80000000	103669	0.000176
PORT_CANDIDATE	chimera_mgw-c8-439-onc8-002	0	1	1	1000000	103669	0.000125
PORT_CANDIDATE	chimera_mgw-c8-439-onc8-002	0	2	0	80000000	103579	0.000138
PORT_CANDIDATE	chimera_mgw-c8-439-onc8-002	0	2	1	1000000	103579	0.000110
PORT_CANDIDATE	chimera_mgw-c8-439-onc8-002	0	3	0	80000000	134587	0.000214
PORT_CANDIDATE	chimera_mgw-c8-439-onc8-002	0	3	1	1000000	134587	0.000170
PORT_CANDIDATE	chimera_mgw-c8-439-onc8-002	0	4	1	1000000	275843	0.000220
PORT_ROW	chimera_mgw-c8-439-onc8-002	440	3038	97870	86464	86464	86464	86464	86464	86464	86464	86464	86464
PORT_CANDIDATE	batchs201210m	0	0	0	80000000	407227	0.000718
PORT_CANDIDATE	batchs201210m	0	0	1	1213524	18446744073709551615	0.000104
PORT_CANDIDATE	batchs201210m	0	1	0	80000000	351986	0.000711
PORT_CANDIDATE	batchs201210m	0	1	1	1213524	18446744073709551615	0.000101
PORT_CANDIDATE	batchs201210m	0	2	0	80000000	351986	0.000728
PORT_CANDIDATE	batchs201210m	0	2	1	1213524	18446744073709551615	0.000107
PORT_CANDIDATE	batchs201210m	0	3	0	80000000	350506	0.000777
PORT_CANDIDATE	batchs201210m	0	3	1	1213524	18446744073709551615	0.000108
PORT_CANDIDATE	batchs201210m	0	4	1	1213524	18446744073709551615	0.000103
PORT_CANDIDATE	batchs201210m	1	0	0	80000000	417907	0.000682
PORT_CANDIDATE	batchs201210m	1	0	1	1213524	18446744073709551615	0.000105
PORT_CANDIDATE	batchs201210m	1	1	0	80000000	433935	0.000742
PORT_CANDIDATE	batchs201210m	1	1	1	1213524	18446744073709551615	0.000104
PORT_CANDIDATE	batchs201210m	1	2	0	80000000	362666	0.000710
PORT_CANDIDATE	batchs201210m	1	2	1	1213524	18446744073709551615	0.000110
PORT_CANDIDATE	batchs201210m	1	3	0	80000000	361186	0.000759
PORT_CANDIDATE	batchs201210m	1	3	1	1213524	18446744073709551615	0.000111
PORT_CANDIDATE	batchs201210m	1	4	1	1213524	18446744073709551615	0.000108
PORT_ROW	batchs201210m	5188	17910	349298	303381	303381	303381	303381	303381	303381	303381	303381	303381
PORT_CANDIDATE	rsyn0815m04m	0	0	0	80000000	371480	0.000691
PORT_CANDIDATE	rsyn0815m04m	0	0	1	1000000	18446744073709551615	0.000045
PORT_CANDIDATE	rsyn0815m04m	0	1	0	80000000	186442	0.000681
PORT_CANDIDATE	rsyn0815m04m	0	1	1	1000000	18446744073709551615	0.000039
PORT_CANDIDATE	rsyn0815m04m	0	2	0	80000000	203066	0.000695
PORT_CANDIDATE	rsyn0815m04m	0	2	1	1000000	18446744073709551615	0.000043
PORT_CANDIDATE	rsyn0815m04m	0	3	0	80000000	371403	0.000743
PORT_CANDIDATE	rsyn0815m04m	0	3	1	1000000	18446744073709551615	0.000045
PORT_CANDIDATE	rsyn0815m04m	0	4	1	1000000	18446744073709551615	0.000081
PORT_CANDIDATE	rsyn0815m04m	1	0	0	80000000	384899	0.000667
PORT_CANDIDATE	rsyn0815m04m	1	0	1	1000000	18446744073709551615	0.000044
PORT_CANDIDATE	rsyn0815m04m	1	1	0	80000000	204488	0.000663
PORT_CANDIDATE	rsyn0815m04m	1	1	1	1000000	18446744073709551615	0.000040
PORT_CANDIDATE	rsyn0815m04m	1	2	0	80000000	189952	0.000669
PORT_CANDIDATE	rsyn0815m04m	1	2	1	1000000	18446744073709551615	0.000043
PORT_CANDIDATE	rsyn0815m04m	1	3	0	80000000	348281	0.000729
PORT_CANDIDATE	rsyn0815m04m	1	3	1	1000000	18446744073709551615	0.000046
PORT_CANDIDATE	rsyn0815m04m	1	4	1	1000000	18446744073709551615	0.000059
PORT_ROW	rsyn0815m04m	5456	15756	184352	143458	143458	143458	143458	143458	143458	143458	143458	143458
PORT_CANDIDATE	syn40m	0	0	0	80000000	5788	0.000071
PORT_CANDIDATE	syn40m	0	0	1	1000000	5788	0.000046
PORT_CANDIDATE	syn40m	0	1	0	80000000	5554	0.000065
PORT_CANDIDATE	syn40m	0	1	1	1000000	5554	0.000042
PORT_CANDIDATE	syn40m	0	2	0	80000000	5423	0.000062
PORT_CANDIDATE	syn40m	0	2	1	1000000	5423	0.000044
PORT_CANDIDATE	syn40m	0	3	0	80000000	6010	0.000070
PORT_CANDIDATE	syn40m	0	3	1	1000000	6010	0.000046
PORT_CANDIDATE	syn40m	0	4	1	1000000	12846	0.000065
PORT_CANDIDATE	syn40m	1	0	0	80000000	7739	0.000070
PORT_CANDIDATE	syn40m	1	0	1	1000000	7739	0.000043
PORT_CANDIDATE	syn40m	1	1	0	80000000	7189	0.000063
PORT_CANDIDATE	syn40m	1	1	1	1000000	7189	0.000042
PORT_CANDIDATE	syn40m	1	2	0	80000000	7086	0.000061
PORT_CANDIDATE	syn40m	1	2	1	1000000	7086	0.000041
PORT_CANDIDATE	syn40m	1	3	0	80000000	7897	0.000063
PORT_CANDIDATE	syn40m	1	3	1	1000000	7897	0.000039
PORT_CANDIDATE	syn40m	1	4	1	1000000	13529	0.000062
PORT_ROW	syn40m	560	1528	5007	4829	4829	4829	4829	4829	4829	4829	4829	4829
PORT_ROW	knp5-44	2157	32604	3764003	3764003	3764003	3764003	3764003	3764003	3764003	3764003	3764003	3764003
PORT_CANDIDATE	ex1263a	0	0	0	80000000	3927	0.000018
PORT_CANDIDATE	ex1263a	0	0	1	1000000	3927	0.000011
PORT_CANDIDATE	ex1263a	0	1	0	80000000	3927	0.000014
PORT_CANDIDATE	ex1263a	0	1	1	1000000	3927	0.000010
PORT_CANDIDATE	ex1263a	0	2	0	80000000	3927	0.000012
PORT_CANDIDATE	ex1263a	0	2	1	1000000	3927	0.000010
PORT_CANDIDATE	ex1263a	0	3	0	80000000	2130	0.000019
PORT_CANDIDATE	ex1263a	0	3	1	1000000	2130	0.000012
PORT_CANDIDATE	ex1263a	0	4	1	1000000	4110	0.000011
PORT_CANDIDATE	ex1263a	1	0	0	80000000	4127	0.000018
PORT_CANDIDATE	ex1263a	1	0	1	1000000	4127	0.000012
PORT_CANDIDATE	ex1263a	1	1	0	80000000	2898	0.000017
PORT_CANDIDATE	ex1263a	1	1	1	1000000	2898	0.000010
PORT_CANDIDATE	ex1263a	1	2	0	80000000	2898	0.000012
PORT_CANDIDATE	ex1263a	1	2	1	1000000	2898	0.000010
PORT_CANDIDATE	ex1263a	1	3	0	80000000	2598	0.000018
PORT_CANDIDATE	ex1263a	1	3	1	1000000	2598	0.000012
PORT_CANDIDATE	ex1263a	1	4	1	1000000	4310	0.000012
PORT_ROW	ex1263a	94	390	2098	2098	2098	2098	2098	2098	2098	2098	2098	2098
PORT_ROW	st_e41	8	32	88	88	88	88	88	88	88	88	88	88
PORT_CANDIDATE	squfl025-030	0	0	0	80000000	42305	0.000237
PORT_CANDIDATE	squfl025-030	0	0	1	1000000	42305	0.000228
PORT_CANDIDATE	squfl025-030	0	1	0	80000000	42305	0.000231
PORT_CANDIDATE	squfl025-030	0	1	1	1000000	42305	0.000224
PORT_CANDIDATE	squfl025-030	0	2	0	80000000	42305	0.000236
PORT_CANDIDATE	squfl025-030	0	2	1	1000000	42305	0.000234
PORT_CANDIDATE	squfl025-030	0	3	0	80000000	53306	0.000223
PORT_CANDIDATE	squfl025-030	0	3	1	1000000	53306	0.000219
PORT_CANDIDATE	squfl025-030	0	4	1	1000000	60981	0.000202
PORT_CANDIDATE	squfl025-030	1	0	0	80000000	51305	0.000336
PORT_CANDIDATE	squfl025-030	1	0	1	1000000	18446744073709551615	0.000125
PORT_CANDIDATE	squfl025-030	1	1	0	80000000	51305	0.000342
PORT_CANDIDATE	squfl025-030	1	1	1	1000000	18446744073709551615	0.000105
PORT_CANDIDATE	squfl025-030	1	2	0	80000000	51305	0.000341
PORT_CANDIDATE	squfl025-030	1	2	1	1000000	18446744073709551615	0.000127
PORT_CANDIDATE	squfl025-030	1	3	0	80000000	62306	0.000318
PORT_CANDIDATE	squfl025-030	1	3	1	1000000	18446744073709551615	0.000126
PORT_CANDIDATE	squfl025-030	1	4	1	1000000	18446744073709551615	0.000124
PORT_ROW	squfl025-030	2305	6000	42305	42305	42305	42305	42305	42305	42305	42305	42305	42305
PORT_CANDIDATE	wastewater05m1	0	0	0	80000000	9096	0.000015
PORT_CANDIDATE	wastewater05m1	0	0	1	1000000	9096	0.000009
PORT_CANDIDATE	wastewater05m1	0	1	0	80000000	9096	0.000011
PORT_CANDIDATE	wastewater05m1	0	1	1	1000000	9096	0.000008
PORT_CANDIDATE	wastewater05m1	0	2	0	80000000	9131	0.000012
PORT_CANDIDATE	wastewater05m1	0	2	1	1000000	9131	0.000009
PORT_CANDIDATE	wastewater05m1	0	3	0	80000000	9131	0.000011
PORT_CANDIDATE	wastewater05m1	0	3	1	1000000	9131	0.000009
PORT_CANDIDATE	wastewater05m1	0	4	1	1000000	10771	0.000011
PORT_CANDIDATE	wastewater05m1	1	0	0	80000000	10858	0.000021
PORT_CANDIDATE	wastewater05m1	1	0	1	1000000	10858	0.000012
PORT_CANDIDATE	wastewater05m1	1	1	0	80000000	9865	0.000025
PORT_CANDIDATE	wastewater05m1	1	1	1	1000000	9865	0.000014
PORT_CANDIDATE	wastewater05m1	1	2	0	80000000	9865	0.000020
PORT_CANDIDATE	wastewater05m1	1	2	1	1000000	9865	0.000013
PORT_CANDIDATE	wastewater05m1	1	3	0	80000000	11367	0.000023
PORT_CANDIDATE	wastewater05m1	1	3	1	1000000	11367	0.000014
PORT_CANDIDATE	wastewater05m1	1	4	1	1000000	11618	0.000019
PORT_ROW	wastewater05m1	98	536	11690	8036	8036	8036	8036	8036	8036	8036	8036	8036
PORT_ROW	cvxnonsep_psig20	20	380	2870	2870	2870	2870	2870	2870	2870	2870	2870	2870
PORT_ROW	meanvar-orl400_05_e_8	4405	171604	21923414	21922611	21922611	21922611	21922611	21922611	21922611	21922611	21922611	21922611
PORT_CANDIDATE	st_e31	0	0	0	80000000	5756	0.000040
PORT_CANDIDATE	st_e31	0	0	1	1000000	5756	0.000026
PORT_CANDIDATE	st_e31	0	1	0	80000000	4761	0.000036
PORT_CANDIDATE	st_e31	0	1	1	1000000	4761	0.000023
PORT_CANDIDATE	st_e31	0	2	0	80000000	4677	0.000033
PORT_CANDIDATE	st_e31	0	2	1	1000000	4677	0.000023
PORT_CANDIDATE	st_e31	0	3	0	80000000	5100	0.000034
PORT_CANDIDATE	st_e31	0	3	1	1000000	5100	0.000023
PORT_CANDIDATE	st_e31	0	4	1	1000000	39564	0.000053
PORT_CANDIDATE	st_e31	1	0	0	80000000	5610	0.000037
PORT_CANDIDATE	st_e31	1	0	1	1000000	5610	0.000024
PORT_CANDIDATE	st_e31	1	1	0	80000000	5504	0.000038
PORT_CANDIDATE	st_e31	1	1	1	1000000	5504	0.000026
PORT_CANDIDATE	st_e31	1	2	0	80000000	5441	0.000039
PORT_CANDIDATE	st_e31	1	2	1	1000000	5441	0.000025
PORT_CANDIDATE	st_e31	1	3	0	80000000	5822	0.000036
PORT_CANDIDATE	st_e31	1	3	1	1000000	5822	0.000024
PORT_CANDIDATE	st_e31	1	4	1	1000000	15534	0.000044
PORT_ROW	st_e31	301	744	4534	4257	4257	4257	4257	4257	4257	4257	4257	4257
PORT_ROW	pooling_sppc1pq	14100	477680	812210652	136686008	136686008	136686008	136686008	136686008	136686008	136686008	136686008	136686008
PORT_ROW	pooling_haverly1pq	31	96	412	403	403	403	403	403	403	403	403	403
PORT_CANDIDATE	graphpart_3g-0244-0244	0	0	0	80000000	33746	0.000045
PORT_CANDIDATE	graphpart_3g-0244-0244	0	0	1	1000000	33746	0.000028
PORT_CANDIDATE	graphpart_3g-0244-0244	0	1	0	80000000	33154	0.000037
PORT_CANDIDATE	graphpart_3g-0244-0244	0	1	1	1000000	33154	0.000026
PORT_CANDIDATE	graphpart_3g-0244-0244	0	2	0	80000000	33154	0.000029
PORT_CANDIDATE	graphpart_3g-0244-0244	0	2	1	1000000	33154	0.000024
PORT_CANDIDATE	graphpart_3g-0244-0244	0	3	0	80000000	32618	0.000034
PORT_CANDIDATE	graphpart_3g-0244-0244	0	3	1	1000000	32618	0.000026
PORT_CANDIDATE	graphpart_3g-0244-0244	0	4	1	1000000	70162	0.000044
PORT_ROW	graphpart_3g-0244-0244	128	672	33446	32534	32534	32534	32534	32534	32534	32534	32534	32534
PORT_ROW	graphpart_clique-20	80	1260	34885	27856	27856	27856	27856	27856	27856	27856	27856	27856
PORT_ROW	mpbp_48	28368	91016	33835023	16144599	16144599	16144599	16144599	16144599	16144599	16144599	16144599	16144599
PORT_ROW	pooling_sppb5pq	18529	674470	523815053	213571545	213571545	213571545	213571545	213571545	213571545	213571545	213571545	213571545
PORT_CANDIDATE	slay07m	0	0	0	80000000	5740	0.000042
PORT_CANDIDATE	slay07m	0	0	1	1000000	5740	0.000035
PORT_CANDIDATE	slay07m	0	1	0	80000000	5740	0.000037
PORT_CANDIDATE	slay07m	0	1	1	1000000	5740	0.000034
PORT_CANDIDATE	slay07m	0	2	0	80000000	5740	0.000038
PORT_CANDIDATE	slay07m	0	2	1	1000000	5740	0.000035
PORT_CANDIDATE	slay07m	0	3	0	80000000	6349	0.000042
PORT_CANDIDATE	slay07m	0	3	1	1000000	6349	0.000036
PORT_CANDIDATE	slay07m	0	4	1	1000000	6349	0.000033
PORT_ROW	slay07m	497	1512	5740	5740	5740	5740	5740	5740	5740	5740	5740	5740
PORT_ROW	nvs19	24	200	1353	884	884	884	884	884	884	884	884	884
PORT_CANDIDATE	oil	0	0	0	80000000	40629	0.000352
PORT_CANDIDATE	oil	0	0	1	1000000	18446744073709551615	0.000067
PORT_CANDIDATE	oil	0	1	0	80000000	39028	0.000329
PORT_CANDIDATE	oil	0	1	1	1000000	18446744073709551615	0.000055
PORT_CANDIDATE	oil	0	2	0	80000000	38744	0.000340
PORT_CANDIDATE	oil	0	2	1	1000000	18446744073709551615	0.000067
PORT_CANDIDATE	oil	0	3	0	80000000	46486	0.000359
PORT_CANDIDATE	oil	0	3	1	1000000	18446744073709551615	0.000072
PORT_CANDIDATE	oil	0	4	1	1000000	266157	0.000539
PORT_CANDIDATE	oil	1	0	0	80000000	43154	0.000347
PORT_CANDIDATE	oil	1	0	1	1000000	18446744073709551615	0.000070
PORT_CANDIDATE	oil	1	1	0	80000000	40489	0.000330
PORT_CANDIDATE	oil	1	1	1	1000000	18446744073709551615	0.000062
PORT_CANDIDATE	oil	1	2	0	80000000	40207	0.000341
PORT_CANDIDATE	oil	1	2	1	1000000	18446744073709551615	0.000073
PORT_CANDIDATE	oil	1	3	0	80000000	48228	0.000353
PORT_CANDIDATE	oil	1	3	1	1000000	18446744073709551615	0.000075
PORT_CANDIDATE	oil	1	4	1	1000000	195972	0.000472
PORT_ROW	oil	3270	8430	36313	34760	34760	34760	34760	34760	34760	34760	34760	34760
PORT_CANDIDATE	squfl015-060	0	0	0	80000000	36400	0.000356
PORT_CANDIDATE	squfl015-060	0	0	1	1000000	36400	0.000351
PORT_CANDIDATE	squfl015-060	0	1	0	80000000	36400	0.000355
PORT_CANDIDATE	squfl015-060	0	1	1	1000000	36400	0.000342
PORT_CANDIDATE	squfl015-060	0	2	0	80000000	36400	0.000359
PORT_CANDIDATE	squfl015-060	0	2	1	1000000	36400	0.000355
PORT_CANDIDATE	squfl015-060	0	3	0	80000000	38125	0.000359
PORT_CANDIDATE	squfl015-060	0	3	1	1000000	38125	0.000359
PORT_CANDIDATE	squfl015-060	0	4	1	1000000	40131	0.000348
PORT_CANDIDATE	squfl015-060	1	0	0	80000000	47200	0.000545
PORT_CANDIDATE	squfl015-060	1	0	1	1000000	18446744073709551615	0.000129
PORT_CANDIDATE	squfl015-060	1	1	0	80000000	47200	0.000571
PORT_CANDIDATE	squfl015-060	1	1	1	1000000	18446744073709551615	0.000114
PORT_CANDIDATE	squfl015-060	1	2	0	80000000	47200	0.000550
PORT_CANDIDATE	squfl015-060	1	2	1	1000000	18446744073709551615	0.000131
PORT_CANDIDATE	squfl015-060	1	3	0	80000000	48925	0.000538
PORT_CANDIDATE	squfl015-060	1	3	1	1000000	18446744073709551615	0.000129
PORT_CANDIDATE	squfl015-060	1	4	1	1000000	18446744073709551615	0.000129
PORT_ROW	squfl015-060	2775	7200	36400	36400	36400	36400	36400	36400	36400	36400	36400	36400
PORT_CANDIDATE	ndcc12persp	0	0	0	80000000	343666	0.000242
PORT_CANDIDATE	ndcc12persp	0	0	1	1139172	343666	0.000207
PORT_CANDIDATE	ndcc12persp	0	1	0	80000000	299115	0.000277
PORT_CANDIDATE	ndcc12persp	0	1	1	1139172	299115	0.000243
PORT_CANDIDATE	ndcc12persp	0	2	0	80000000	299115	0.000247
PORT_CANDIDATE	ndcc12persp	0	2	1	1139172	299115	0.000224
PORT_CANDIDATE	ndcc12persp	0	3	0	80000000	446843	0.000327
PORT_CANDIDATE	ndcc12persp	0	3	1	1139172	446843	0.000289
PORT_CANDIDATE	ndcc12persp	0	4	1	1139172	388085	0.000274
PORT_CANDIDATE	ndcc12persp	1	0	0	80000000	319427	0.000250
PORT_CANDIDATE	ndcc12persp	1	0	1	1139172	319427	0.000216
PORT_CANDIDATE	ndcc12persp	1	1	0	80000000	299721	0.000275
PORT_CANDIDATE	ndcc12persp	1	1	1	1139172	299721	0.000240
PORT_CANDIDATE	ndcc12persp	1	2	0	80000000	299721	0.000254
PORT_CANDIDATE	ndcc12persp	1	2	1	1139172	299721	0.000232
PORT_CANDIDATE	ndcc12persp	1	3	0	80000000	447449	0.000311
PORT_CANDIDATE	ndcc12persp	1	3	1	1139172	447449	0.000281
PORT_CANDIDATE	ndcc12persp	1	4	1	1139172	388691	0.000277
PORT_ROW	ndcc12persp	1112	5522	299115	284793	284793	284793	284793	284793	284793	284793	284793	284793
PORT_ROW	kissing2	20772	401024	156414018	156414018	156414018	156414018	156414018	156414018	156414018	156414018	156414018	156414018
PORT_ROW	nuclear25a	1942	16030	1977163	1136191	1136191	1136191	1136191	1136191	1136191	1136191	1136191	1136191
PORT_CANDIDATE	clay0204m	0	0	0	80000000	2330	0.000026
PORT_CANDIDATE	clay0204m	0	0	1	1000000	2330	0.000018
PORT_CANDIDATE	clay0204m	0	1	0	80000000	2330	0.000020
PORT_CANDIDATE	clay0204m	0	1	1	1000000	2330	0.000017
PORT_CANDIDATE	clay0204m	0	2	0	80000000	2330	0.000019
PORT_CANDIDATE	clay0204m	0	2	1	1000000	2330	0.000017
PORT_CANDIDATE	clay0204m	0	3	0	80000000	2504	0.000021
PORT_CANDIDATE	clay0204m	0	3	1	1000000	2504	0.000017
PORT_CANDIDATE	clay0204m	0	4	1	1000000	2504	0.000014
PORT_ROW	clay0204m	222	704	2330	2330	2330	2330	2330	2330	2330	2330	2330	2330
PORT_ROW	st_ph13	23	68	207	178	178	178	178	178	178	178	178	178
PORT_CANDIDATE	edgecross10-030	0	0	0	80000000	139238	0.000194
PORT_CANDIDATE	edgecross10-030	0	0	1	1000000	139238	0.000156
PORT_CANDIDATE	edgecross10-030	0	1	0	80000000	183104	0.000151
PORT_CANDIDATE	edgecross10-030	0	1	1	1000000	183104	0.000127
PORT_CANDIDATE	edgecross10-030	0	2	0	80000000	125298	0.000199
PORT_CANDIDATE	edgecross10-030	0	2	1	1000000	125298	0.000168
PORT_CANDIDATE	edgecross10-030	0	3	0	80000000	111885	0.000221
PORT_CANDIDATE	edgecross10-030	0	3	1	1000000	111885	0.000193
PORT_CANDIDATE	edgecross10-030	0	4	1	1000000	125251	0.000177
PORT_CANDIDATE	edgecross10-030	1	0	0	80000000	149318	0.000198
PORT_CANDIDATE	edgecross10-030	1	0	1	1000000	149318	0.000176
PORT_CANDIDATE	edgecross10-030	1	1	0	80000000	135378	0.000210
PORT_CANDIDATE	edgecross10-030	1	1	1	1000000	135378	0.000176
PORT_CANDIDATE	edgecross10-030	1	2	0	80000000	135378	0.000179
PORT_CANDIDATE	edgecross10-030	1	2	1	1000000	135378	0.000174
PORT_CANDIDATE	edgecross10-030	1	3	0	80000000	121965	0.000235
PORT_CANDIDATE	edgecross10-030	1	3	1	1000000	121965	0.000200
PORT_CANDIDATE	edgecross10-030	1	4	1	1000000	135331	0.000201
PORT_ROW	edgecross10-030	1053	4654	135854	100080	100080	100080	100080	100080	100080	100080	100080	100080
PORT_CANDIDATE	chain200	0	0	0	80000000	8182	0.000031
PORT_CANDIDATE	chain200	0	0	1	1000000	8182	0.000031
PORT_CANDIDATE	chain200	0	1	0	80000000	8182	0.000032
PORT_CANDIDATE	chain200	0	1	1	1000000	8182	0.000031
PORT_CANDIDATE	chain200	0	2	0	80000000	8182	0.000031
PORT_CANDIDATE	chain200	0	2	1	1000000	8182	0.000031
PORT_CANDIDATE	chain200	0	3	0	80000000	8182	0.000031
PORT_CANDIDATE	chain200	0	3	1	1000000	8182	0.000031
PORT_CANDIDATE	chain200	0	4	1	1000000	8182	0.000030
PORT_CANDIDATE	chain200	1	0	0	80000000	9978	0.000032
PORT_CANDIDATE	chain200	1	0	1	1000000	9978	0.000031
PORT_CANDIDATE	chain200	1	1	0	80000000	9978	0.000032
PORT_CANDIDATE	chain200	1	1	1	1000000	9978	0.000031
PORT_CANDIDATE	chain200	1	2	0	80000000	9978	0.000032
PORT_CANDIDATE	chain200	1	2	1	1000000	9978	0.000031
PORT_CANDIDATE	chain200	1	3	0	80000000	9978	0.000032
PORT_CANDIDATE	chain200	1	3	1	1000000	9978	0.000032
PORT_CANDIDATE	chain200	1	4	1	1000000	9978	0.000031
PORT_ROW	chain200	601	2396	8182	8182	8182	8182	8182	8182	8182	8182	8182	8182
PORT_ROW	ex1223b	25	66	178	178	178	178	178	178	178	178	178	178
PORT_CANDIDATE	slay09h	0	0	0	80000000	37209	0.000199
PORT_CANDIDATE	slay09h	0	0	1	1000000	37209	0.000179
PORT_CANDIDATE	slay09h	0	1	0	80000000	38073	0.000181
PORT_CANDIDATE	slay09h	0	1	1	1000000	38073	0.000170
PORT_CANDIDATE	slay09h	0	2	0	80000000	38073	0.000187
PORT_CANDIDATE	slay09h	0	2	1	1000000	38073	0.000181
PORT_CANDIDATE	slay09h	0	3	0	80000000	37209	0.000192
PORT_CANDIDATE	slay09h	0	3	1	1000000	37209	0.000178
PORT_CANDIDATE	slay09h	0	4	1	1000000	39117	0.000181
PORT_CANDIDATE	slay09h	1	0	0	80000000	37209	0.000187
PORT_CANDIDATE	slay09h	1	0	1	1000000	37209	0.000179
PORT_CANDIDATE	slay09h	1	1	0	80000000	38073	0.000176
PORT_CANDIDATE	slay09h	1	1	1	1000000	38073	0.000173
PORT_CANDIDATE	slay09h	1	2	0	80000000	38073	0.000190
PORT_CANDIDATE	slay09h	1	2	1	1000000	38073	0.000186
PORT_CANDIDATE	slay09h	1	3	0	80000000	34401	0.000194
PORT_CANDIDATE	slay09h	1	3	1	1000000	34401	0.000184
PORT_CANDIDATE	slay09h	1	4	1	1000000	35877	0.000175
PORT_ROW	slay09h	2718	7488	36057	32385	32385	32385	32385	32385	32385	32385	32385	32385
PORT_CANDIDATE	ndcc12	0	0	0	80000000	356079	0.000247
PORT_CANDIDATE	ndcc12	0	0	1	1318224	356079	0.000211
PORT_CANDIDATE	ndcc12	0	1	0	80000000	338367	0.000264
PORT_CANDIDATE	ndcc12	0	1	1	1318224	338367	0.000233
PORT_CANDIDATE	ndcc12	0	2	0	80000000	338367	0.000246
PORT_CANDIDATE	ndcc12	0	2	1	1318224	338367	0.000230
PORT_CANDIDATE	ndcc12	0	3	0	80000000	1093350	0.000289
PORT_CANDIDATE	ndcc12	0	3	1	1318224	1093350	0.000255
PORT_CANDIDATE	ndcc12	0	4	1	1318224	694471	0.000307
PORT_CANDIDATE	ndcc12	1	0	0	80000000	454507	0.000260
PORT_CANDIDATE	ndcc12	1	0	1	1318224	454507	0.000220
PORT_CANDIDATE	ndcc12	1	1	0	80000000	665282	0.000254
PORT_CANDIDATE	ndcc12	1	1	1	1318224	665282	0.000228
PORT_CANDIDATE	ndcc12	1	2	0	80000000	361889	0.000305
PORT_CANDIDATE	ndcc12	1	2	1	1318224	361889	0.000271
PORT_CANDIDATE	ndcc12	1	3	0	80000000	581840	0.000366
PORT_CANDIDATE	ndcc12	1	3	1	1318224	581840	0.000319
PORT_CANDIDATE	ndcc12	1	4	1	1318224	1734312	0.000423
PORT_ROW	ndcc12	974	5982	345696	329556	329556	329556	329556	329556	329556	329556	329556	329556
PORT_CANDIDATE	kall_circlesrectangles_c6r39	0	0	0	80000000	526059	0.000231
PORT_CANDIDATE	kall_circlesrectangles_c6r39	0	0	1	1000000	526059	0.000188
PORT_CANDIDATE	kall_circlesrectangles_c6r39	0	1	0	80000000	83126	0.000271
PORT_CANDIDATE	kall_circlesrectangles_c6r39	0	1	1	1000000	83126	0.000221
PORT_CANDIDATE	kall_circlesrectangles_c6r39	0	2	0	80000000	83126	0.000253
PORT_CANDIDATE	kall_circlesrectangles_c6r39	0	2	1	1000000	83126	0.000224
PORT_CANDIDATE	kall_circlesrectangles_c6r39	0	3	0	80000000	88445	0.000268
PORT_CANDIDATE	kall_circlesrectangles_c6r39	0	3	1	1000000	88445	0.000229
PORT_CANDIDATE	kall_circlesrectangles_c6r39	0	4	1	1000000	170225	0.000343
PORT_CANDIDATE	kall_circlesrectangles_c6r39	1	0	0	80000000	272147	0.000188
PORT_CANDIDATE	kall_circlesrectangles_c6r39	1	0	1	1000000	272147	0.000151
PORT_CANDIDATE	kall_circlesrectangles_c6r39	1	1	0	80000000	85073	0.000240
PORT_CANDIDATE	kall_circlesrectangles_c6r39	1	1	1	1000000	85073	0.000191
PORT_CANDIDATE	kall_circlesrectangles_c6r39	1	2	0	80000000	85391	0.000231
PORT_CANDIDATE	kall_circlesrectangles_c6r39	1	2	1	1000000	85391	0.000200
PORT_CANDIDATE	kall_circlesrectangles_c6r39	1	3	0	80000000	78965	0.000233
PORT_CANDIDATE	kall_circlesrectangles_c6r39	1	3	1	1000000	78965	0.000190
PORT_CANDIDATE	kall_circlesrectangles_c6r39	1	4	1	1000000	90347	0.000225
PORT_ROW	kall_circlesrectangles_c6r39	1306	5378	75744	74610	74610	74610	74610	74610	74610	74610	74610	74610
PORT_CANDIDATE	squfl020-150	0	0	0	80000000	135020	0.002067
PORT_CANDIDATE	squfl020-150	0	0	1	1000000	18446744073709551615	0.000125
PORT_CANDIDATE	squfl020-150	0	1	0	80000000	135020	0.002049
PORT_CANDIDATE	squfl020-150	0	1	1	1000000	18446744073709551615	0.000122
PORT_CANDIDATE	squfl020-150	0	2	0	80000000	135020	0.002071
PORT_CANDIDATE	squfl020-150	0	2	1	1000000	18446744073709551615	0.000125
PORT_CANDIDATE	squfl020-150	0	3	0	80000000	140445	0.002079
PORT_CANDIDATE	squfl020-150	0	3	1	1000000	18446744073709551615	0.000126
PORT_CANDIDATE	squfl020-150	0	4	1	1000000	18446744073709551615	0.000125
PORT_CANDIDATE	squfl020-150	1	0	0	80000000	171020	0.003352
PORT_CANDIDATE	squfl020-150	1	0	1	1000000	18446744073709551615	0.000082
PORT_CANDIDATE	squfl020-150	1	1	0	80000000	171020	0.003650
PORT_CANDIDATE	squfl020-150	1	1	1	1000000	18446744073709551615	0.000088
PORT_CANDIDATE	squfl020-150	1	2	0	80000000	171020	0.003364
PORT_CANDIDATE	squfl020-150	1	2	1	1000000	18446744073709551615	0.000084
PORT_CANDIDATE	squfl020-150	1	3	0	80000000	176445	0.003359
PORT_CANDIDATE	squfl020-150	1	3	1	1000000	18446744073709551615	0.000084
PORT_CANDIDATE	squfl020-150	1	4	1	1000000	18446744073709551615	0.000083
PORT_ROW	squfl020-150	9170	24000	135020	135020	135020	135020	135020	135020	135020	135020	135020	135020
PORT_ROW	autocorr_bern40-30	43	1534	20034	20034	20034	20034	20034	20034	20034	20034	20034	20034
PORT_CANDIDATE	slay08m	0	0	0	80000000	7796	0.000058
PORT_CANDIDATE	slay08m	0	0	1	1000000	7796	0.000049
PORT_CANDIDATE	slay08m	0	1	0	80000000	7796	0.000052
PORT_CANDIDATE	slay08m	0	1	1	1000000	7796	0.000048
PORT_CANDIDATE	slay08m	0	2	0	80000000	7796	0.000053
PORT_CANDIDATE	slay08m	0	2	1	1000000	7796	0.000049
PORT_CANDIDATE	slay08m	0	3	0	80000000	8608	0.000056
PORT_CANDIDATE	slay08m	0	3	1	1000000	8608	0.000048
PORT_CANDIDATE	slay08m	0	4	1	1000000	8608	0.000044
PORT_ROW	slay08m	660	2016	7796	7796	7796	7796	7796	7796	7796	7796	7796	7796
PORT_ROW	chimera_mgw-c16-2031-01	2032	15900	3328073	2565876	2565876	2565876	2565876	2565876	2565876	2565876	2565876	2565876
PORT_CANDIDATE	forest	0	0	0	80000000	11059	0.000087
PORT_CANDIDATE	forest	0	0	1	1000000	11059	0.000070
PORT_CANDIDATE	forest	0	1	0	80000000	13504	0.000091
PORT_CANDIDATE	forest	0	1	1	1000000	13504	0.000070
PORT_CANDIDATE	forest	0	2	0	80000000	10879	0.000090
PORT_CANDIDATE	forest	0	2	1	1000000	10879	0.000074
PORT_CANDIDATE	forest	0	3	0	80000000	12202	0.000093
PORT_CANDIDATE	forest	0	3	1	1000000	12202	0.000072
PORT_CANDIDATE	forest	0	4	1	1000000	16644	0.000070
PORT_CANDIDATE	forest	1	0	0	80000000	11747	0.000083
PORT_CANDIDATE	forest	1	0	1	1000000	11747	0.000068
PORT_CANDIDATE	forest	1	1	0	80000000	13504	0.000076
PORT_CANDIDATE	forest	1	1	1	1000000	13504	0.000065
PORT_CANDIDATE	forest	1	2	0	80000000	11003	0.000085
PORT_CANDIDATE	forest	1	2	1	1000000	11003	0.000072
PORT_CANDIDATE	forest	1	3	0	80000000	12282	0.000082
PORT_CANDIDATE	forest	1	3	1	1000000	12282	0.000070
PORT_CANDIDATE	forest	1	4	1	1000000	18694	0.000070
PORT_ROW	forest	713	2658	10614	10543	10543	10543	10543	10543	10543	10543	10543	10543
PORT_ROW	qspp_0_10_0_1_10_1	280	29636	1942907	1932414	1932414	1932414	1932414	1932414	1932414	1932414	1932414	1932414
PORT_ROW	st_ph1	16	58	274	233	233	233	233	233	233	233	233	233
PORT_CANDIDATE	elf	0	0	0	80000000	2582	0.000011
PORT_CANDIDATE	elf	0	0	1	1000000	2582	0.000008
PORT_CANDIDATE	elf	0	1	0	80000000	2582	0.000008
PORT_CANDIDATE	elf	0	1	1	1000000	2582	0.000007
PORT_CANDIDATE	elf	0	2	0	80000000	2582	0.000008
PORT_CANDIDATE	elf	0	2	1	1000000	2582	0.000007
PORT_CANDIDATE	elf	0	3	0	80000000	2691	0.000012
PORT_CANDIDATE	elf	0	3	1	1000000	2691	0.000008
PORT_CANDIDATE	elf	0	4	1	1000000	3203	0.000010
PORT_CANDIDATE	elf	1	0	0	80000000	2940	0.000017
PORT_CANDIDATE	elf	1	0	1	1000000	2940	0.000010
PORT_CANDIDATE	elf	1	1	0	80000000	3969	0.000015
PORT_CANDIDATE	elf	1	1	1	1000000	3969	0.000009
PORT_CANDIDATE	elf	1	2	0	80000000	3324	0.000014
PORT_CANDIDATE	elf	1	2	1	1000000	3324	0.000010
PORT_CANDIDATE	elf	1	3	0	80000000	2594	0.000018
PORT_CANDIDATE	elf	1	3	1	1000000	2594	0.000012
PORT_CANDIDATE	elf	1	4	1	1000000	5221	0.000016
PORT_ROW	elf	124	376	2733	2173	2173	2173	2173	2173	2173	2173	2173	2173
PORT_ROW	ex3_1_3	18	36	90	83	83	83	83	83	83	83	83	83
PORT_CANDIDATE	cvxnonsep_normcon40r	0	0	0	80000000	845	0.000007
PORT_CANDIDATE	cvxnonsep_normcon40r	0	0	1	1000000	845	0.000006
PORT_CANDIDATE	cvxnonsep_normcon40r	0	1	0	80000000	845	0.000007
PORT_CANDIDATE	cvxnonsep_normcon40r	0	1	1	1000000	845	0.000006
PORT_CANDIDATE	cvxnonsep_normcon40r	0	2	0	80000000	845	0.000008
PORT_CANDIDATE	cvxnonsep_normcon40r	0	2	1	1000000	845	0.000007
PORT_CANDIDATE	cvxnonsep_normcon40r	0	3	0	80000000	845	0.000008
PORT_CANDIDATE	cvxnonsep_normcon40r	0	3	1	1000000	845	0.000008
PORT_CANDIDATE	cvxnonsep_normcon40r	0	4	1	1000000	845	0.000006
PORT_ROW	cvxnonsep_normcon40r	162	322	645	645	645	645	645	645	645	645	645	645
PORT_CANDIDATE	demo7	0	0	0	80000000	3726	0.000026
PORT_CANDIDATE	demo7	0	0	1	1000000	3726	0.000015
PORT_CANDIDATE	demo7	0	1	0	80000000	3817	0.000030
PORT_CANDIDATE	demo7	0	1	1	1000000	3817	0.000017
PORT_CANDIDATE	demo7	0	2	0	80000000	3498	0.000026
PORT_CANDIDATE	demo7	0	2	1	1000000	3498	0.000016
PORT_CANDIDATE	demo7	0	3	0	80000000	3626	0.000025
PORT_CANDIDATE	demo7	0	3	1	1000000	3626	0.000015
PORT_CANDIDATE	demo7	0	4	1	1000000	4646	0.000020
PORT_CANDIDATE	demo7	1	0	0	80000000	4286	0.000042
PORT_CANDIDATE	demo7	1	0	1	1000000	4286	0.000026
PORT_CANDIDATE	demo7	1	1	0	80000000	4152	0.000041
PORT_CANDIDATE	demo7	1	1	1	1000000	4152	0.000028
PORT_CANDIDATE	demo7	1	2	0	80000000	4124	0.000037
PORT_CANDIDATE	demo7	1	2	1	1000000	4124	0.000026
PORT_CANDIDATE	demo7	1	3	0	80000000	4230	0.000046
PORT_CANDIDATE	demo7	1	3	1	1000000	4230	0.000025
PORT_CANDIDATE	demo7	1	4	1	1000000	6168	0.000035
PORT_ROW	demo7	155	618	3579	3426	3426	3426	3426	3426	3426	3426	3426	3426
PORT_ROW	waternd2	615	2580	155674	74817	74817	74817	74817	74817	74817	74817	74817	74817
PORT_CANDIDATE	prolog	0	0	0	80000000	1227	0.000012
PORT_CANDIDATE	prolog	0	0	1	1000000	1227	0.000007
PORT_CANDIDATE	prolog	0	1	0	80000000	1227	0.000011
PORT_CANDIDATE	prolog	0	1	1	1000000	1227	0.000006
PORT_CANDIDATE	prolog	0	2	0	80000000	1227	0.000008
PORT_CANDIDATE	prolog	0	2	1	1000000	1227	0.000006
PORT_CANDIDATE	prolog	0	3	0	80000000	1394	0.000013
PORT_CANDIDATE	prolog	0	3	1	1000000	1394	0.000007
PORT_CANDIDATE	prolog	0	4	1	1000000	2116	0.000008
PORT_CANDIDATE	prolog	1	0	0	80000000	1356	0.000009
PORT_CANDIDATE	prolog	1	0	1	1000000	1356	0.000005
PORT_CANDIDATE	prolog	1	1	0	80000000	1429	0.000008
PORT_CANDIDATE	prolog	1	1	1	1000000	1429	0.000005
PORT_CANDIDATE	prolog	1	2	0	80000000	1429	0.000006
PORT_CANDIDATE	prolog	1	2	1	1000000	1429	0.000005
PORT_CANDIDATE	prolog	1	3	0	80000000	1328	0.000008
PORT_CANDIDATE	prolog	1	3	1	1000000	1328	0.000005
PORT_CANDIDATE	prolog	1	4	1	1000000	1701	0.000005
PORT_ROW	prolog	64	292	1245	1225	1225	1225	1225	1225	1225	1225	1225	1225
PORT_ROW	ex14_1_8	11	30	80	80	80	80	80	80	80	80	80	80
PORT_ROW	faclay75	272878	1379706	3204527350	3013800414	3013800414	3013800414	3013800414	3013800414	3013800414	3013800414	3013800414	3013800414
PORT_ROW	st_qpk3	55	548	5467	3762	3762	3762	3762	3762	3762	3762	3762	3762
PORT_ROW	mpbp_34	11556	40860	3093917	891674	891674	891674	891674	891674	891674	891674	891674	891674
PORT_CANDIDATE	cvxnonsep_normcon20r	0	0	0	80000000	425	0.000004
PORT_CANDIDATE	cvxnonsep_normcon20r	0	0	1	1000000	425	0.000004
PORT_CANDIDATE	cvxnonsep_normcon20r	0	1	0	80000000	425	0.000004
PORT_CANDIDATE	cvxnonsep_normcon20r	0	1	1	1000000	425	0.000003
PORT_CANDIDATE	cvxnonsep_normcon20r	0	2	0	80000000	425	0.000004
PORT_CANDIDATE	cvxnonsep_normcon20r	0	2	1	1000000	425	0.000004
PORT_CANDIDATE	cvxnonsep_normcon20r	0	3	0	80000000	425	0.000004
PORT_CANDIDATE	cvxnonsep_normcon20r	0	3	1	1000000	425	0.000004
PORT_CANDIDATE	cvxnonsep_normcon20r	0	4	1	1000000	425	0.000003
PORT_ROW	cvxnonsep_normcon20r	82	162	325	325	325	325	325	325	325	325	325	325
PORT_CANDIDATE	cvxnonsep_psig20r	0	0	0	80000000	446	0.000004
PORT_CANDIDATE	cvxnonsep_psig20r	0	0	1	1000000	446	0.000003
PORT_CANDIDATE	cvxnonsep_psig20r	0	1	0	80000000	446	0.000004
PORT_CANDIDATE	cvxnonsep_psig20r	0	1	1	1000000	446	0.000003
PORT_CANDIDATE	cvxnonsep_psig20r	0	2	0	80000000	446	0.000004
PORT_CANDIDATE	cvxnonsep_psig20r	0	2	1	1000000	446	0.000004
PORT_CANDIDATE	cvxnonsep_psig20r	0	3	0	80000000	446	0.000005
PORT_CANDIDATE	cvxnonsep_psig20r	0	3	1	1000000	446	0.000004
PORT_CANDIDATE	cvxnonsep_psig20r	0	4	1	1000000	446	0.000003
PORT_ROW	cvxnonsep_psig20r	86	170	341	341	341	341	341	341	341	341	341	341
PORT_ROW	crudeoil_pooling_dt2	18742	75910	14985540	9947932	9947932	9947932	9947932	9947932	9947932	9947932	9947932	9947932
PORT_CANDIDATE	rsyn0805m03m	0	0	0	80000000	140256	0.000364
PORT_CANDIDATE	rsyn0805m03m	0	0	1	1000000	18446744073709551615	0.000081
PORT_CANDIDATE	rsyn0805m03m	0	1	0	80000000	61745	0.000359
PORT_CANDIDATE	rsyn0805m03m	0	1	1	1000000	18446744073709551615	0.000071
PORT_CANDIDATE	rsyn0805m03m	0	2	0	80000000	64107	0.000360
PORT_CANDIDATE	rsyn0805m03m	0	2	1	1000000	18446744073709551615	0.000078
PORT_CANDIDATE	rsyn0805m03m	0	3	0	80000000	80593	0.000388
PORT_CANDIDATE	rsyn0805m03m	0	3	1	1000000	18446744073709551615	0.000087
PORT_CANDIDATE	rsyn0805m03m	0	4	1	1000000	18446744073709551615	0.000258
PORT_CANDIDATE	rsyn0805m03m	1	0	0	80000000	130035	0.000351
PORT_CANDIDATE	rsyn0805m03m	1	0	1	1000000	18446744073709551615	0.000091
PORT_CANDIDATE	rsyn0805m03m	1	1	0	80000000	64024	0.000343
PORT_CANDIDATE	rsyn0805m03m	1	1	1	1000000	18446744073709551615	0.000078
PORT_CANDIDATE	rsyn0805m03m	1	2	0	80000000	64629	0.000340
PORT_CANDIDATE	rsyn0805m03m	1	2	1	1000000	18446744073709551615	0.000089
PORT_CANDIDATE	rsyn0805m03m	1	3	0	80000000	77428	0.000378
PORT_CANDIDATE	rsyn0805m03m	1	3	1	1000000	18446744073709551615	0.000098
PORT_CANDIDATE	rsyn0805m03m	1	4	1	1000000	18446744073709551615	0.000271
PORT_ROW	rsyn0805m03m	2868	8270	60979	54853	54853	54853	54853	54853	54853	54853	54853	54853
PORT_ROW	st_iqpbk1	22	98	295	295	295	295	295	295	295	295	295	295
PORT_CANDIDATE	waterund01	0	0	0	80000000	3317	0.000012
PORT_CANDIDATE	waterund01	0	0	1	1000000	3317	0.000007
PORT_CANDIDATE	waterund01	0	1	0	80000000	3317	0.000010
PORT_CANDIDATE	waterund01	0	1	1	1000000	3317	0.000007
PORT_CANDIDATE	waterund01	0	2	0	80000000	3317	0.000007
PORT_CANDIDATE	waterund01	0	2	1	1000000	3317	0.000006
PORT_CANDIDATE	waterund01	0	3	0	80000000	3317	0.000009
PORT_CANDIDATE	waterund01	0	3	1	1000000	3317	0.000007
PORT_CANDIDATE	waterund01	0	4	1	1000000	4100	0.000008
PORT_CANDIDATE	waterund01	1	0	0	80000000	4958	0.000018
PORT_CANDIDATE	waterund01	1	0	1	1000000	4958	0.000010
PORT_CANDIDATE	waterund01	1	1	0	80000000	4506	0.000018
PORT_CANDIDATE	waterund01	1	1	1	1000000	4506	0.000010
PORT_CANDIDATE	waterund01	1	2	0	80000000	4506	0.000014
PORT_CANDIDATE	waterund01	1	2	1	1000000	4506	0.000009
PORT_CANDIDATE	waterund01	1	3	0	80000000	4275	0.000018
PORT_CANDIDATE	waterund01	1	3	1	1000000	4275	0.000010
PORT_CANDIDATE	waterund01	1	4	1	1000000	5010	0.000012
PORT_ROW	waterund01	96	404	4546	3317	3317	3317	3317	3317	3317	3317	3317	3317
PORT_ROW	pointpack04	29	120	577	577	577	577	577	577	577	577	577	577
PORT_ROW	st_e22	12	30	77	70	70	70	70	70	70	70	70	70
PORT_ROW	faclay30	16678	82242	13452923	12850431	12850431	12850431	12850431	12850431	12850431	12850431	12850431	12850431
PORT_CANDIDATE	arki0002	0	0	0	80000000	779638	0.000482
PORT_CANDIDATE	arki0002	0	0	1	2669496	18446744073709551615	0.000113
PORT_CANDIDATE	arki0002	0	1	0	80000000	925334	0.000500
PORT_CANDIDATE	arki0002	0	1	1	2669496	18446744073709551615	0.000110
PORT_CANDIDATE	arki0002	0	2	0	80000000	690112	0.000485
PORT_CANDIDATE	arki0002	0	2	1	2669496	18446744073709551615	0.000119
PORT_CANDIDATE	arki0002	0	3	0	80000000	1387110	0.000601
PORT_CANDIDATE	arki0002	0	3	1	2669496	18446744073709551615	0.000140
PORT_CANDIDATE	arki0002	0	4	1	2669496	18446744073709551615	0.000334
PORT_CANDIDATE	arki0002	1	0	0	80000000	2748592	0.000578
PORT_CANDIDATE	arki0002	1	0	1	2669496	18446744073709551615	0.000307
PORT_CANDIDATE	arki0002	1	1	0	80000000	7703122	0.000570
PORT_CANDIDATE	arki0002	1	1	1	2669496	18446744073709551615	0.000321
PORT_CANDIDATE	arki0002	1	2	0	80000000	720880	0.000512
PORT_CANDIDATE	arki0002	1	2	1	2669496	18446744073709551615	0.000295
PORT_CANDIDATE	arki0002	1	3	0	80000000	1163906	0.000630
PORT_CANDIDATE	arki0002	1	3	1	2669496	18446744073709551615	0.000311
PORT_CANDIDATE	arki0002	1	4	1	2669496	18446744073709551615	0.000683
PORT_ROW	arki0002	4432	11248	683476	667374	667374	667374	667374	667374	667374	667374	667374	667374
PORT_CANDIDATE	transswitch0300p	0	0	0	80000000	691620	0.001531
PORT_CANDIDATE	transswitch0300p	0	0	1	1510964	18446744073709551615	0.000068
PORT_CANDIDATE	transswitch0300p	0	1	0	80000000	420450	0.001470
PORT_CANDIDATE	transswitch0300p	0	1	1	1510964	18446744073709551615	0.000061
PORT_CANDIDATE	transswitch0300p	0	2	0	80000000	422060	0.001354
PORT_CANDIDATE	transswitch0300p	0	2	1	1510964	18446744073709551615	0.000060
PORT_CANDIDATE	transswitch0300p	0	3	0	80000000	421461	0.001441
PORT_CANDIDATE	transswitch0300p	0	3	1	1510964	18446744073709551615	0.000061
PORT_CANDIDATE	transswitch0300p	0	4	1	1510964	18446744073709551615	0.000059
PORT_CANDIDATE	transswitch0300p	1	0	0	80000000	1157123	0.001496
PORT_CANDIDATE	transswitch0300p	1	0	1	1510964	18446744073709551615	0.000063
PORT_CANDIDATE	transswitch0300p	1	1	0	80000000	456504	0.001354
PORT_CANDIDATE	transswitch0300p	1	1	1	1510964	18446744073709551615	0.000059
PORT_CANDIDATE	transswitch0300p	1	2	0	80000000	454184	0.001355
PORT_CANDIDATE	transswitch0300p	1	2	1	1510964	18446744073709551615	0.000059
PORT_CANDIDATE	transswitch0300p	1	3	0	80000000	439833	0.001399
PORT_CANDIDATE	transswitch0300p	1	3	1	1510964	18446744073709551615	0.000059
PORT_CANDIDATE	transswitch0300p	1	4	1	1510964	18446744073709551615	0.000057
PORT_ROW	transswitch0300p	11659	48446	404940	377741	377741	377741	377741	377741	377741	377741	377741	377741
PORT_ROW	crudeoil_pooling_dt3	30660	152210	48975085	33883414	33883414	33883414	33883414	33883414	33883414	33883414	33883414	33883414
PORT_ROW	gasprod_sarawak81	22536	75636	1030380	941231	941231	941231	941231	941231	941231	941231	941231	941231
PORT_ROW	maxcsp-langford-3-11	660	29646	33444033	10360919	10360919	10360919	10360919	10360919	10360919	10360919	10360919	10360919
PORT_CANDIDATE	p_ball_30b_5p_2d_h	0	0	0	80000000	25742	0.000227
PORT_CANDIDATE	p_ball_30b_5p_2d_h	0	0	1	1000000	25742	0.000204
PORT_CANDIDATE	p_ball_30b_5p_2d_h	0	1	0	80000000	625636	0.000177
PORT_CANDIDATE	p_ball_30b_5p_2d_h	0	1	1	1000000	18446744073709551615	0.000107
PORT_CANDIDATE	p_ball_30b_5p_2d_h	0	2	0	80000000	38192	0.000234
PORT_CANDIDATE	p_ball_30b_5p_2d_h	0	2	1	1000000	38192	0.000219
PORT_CANDIDATE	p_ball_30b_5p_2d_h	0	3	0	80000000	43878	0.000218
PORT_CANDIDATE	p_ball_30b_5p_2d_h	0	3	1	1000000	43878	0.000201
PORT_CANDIDATE	p_ball_30b_5p_2d_h	0	4	1	1000000	65335	0.000264
PORT_CANDIDATE	p_ball_30b_5p_2d_h	1	0	0	80000000	30542	0.000205
PORT_CANDIDATE	p_ball_30b_5p_2d_h	1	0	1	1000000	30542	0.000186
PORT_CANDIDATE	p_ball_30b_5p_2d_h	1	1	0	80000000	630436	0.000180
PORT_CANDIDATE	p_ball_30b_5p_2d_h	1	1	1	1000000	630436	0.000162
PORT_CANDIDATE	p_ball_30b_5p_2d_h	1	2	0	80000000	42992	0.000224
PORT_CANDIDATE	p_ball_30b_5p_2d_h	1	2	1	1000000	42992	0.000213
PORT_CANDIDATE	p_ball_30b_5p_2d_h	1	3	0	80000000	48678	0.000178
PORT_CANDIDATE	p_ball_30b_5p_2d_h	1	3	1	1000000	48678	0.000161
PORT_CANDIDATE	p_ball_30b_5p_2d_h	1	4	1	1000000	58737	0.000229
PORT_ROW	p_ball_30b_5p_2d_h	1543	5224	25843	25742	25742	25742	25742	25742	25742	25742	25742	25742
PORT_ROW	ringpack_20_3	6709	45220	2415136	865627	865627	865627	865627	865627	865627	865627	865627	865627
PORT_CANDIDATE	waste	0	0	0	80000000	3022171	0.001901
PORT_CANDIDATE	waste	0	0	1	5082596	3022171	0.001804
PORT_CANDIDATE	waste	0	1	0	80000000	17586037	0.001366
PORT_CANDIDATE	waste	0	1	1	5082596	18446744073709551615	0.001056
PORT_CANDIDATE	waste	0	2	0	80000000	1826088	0.002063
PORT_CANDIDATE	waste	0	2	1	5082596	1826088	0.002005
PORT_CANDIDATE	waste	0	3	0	80000000	4740377	0.002146
PORT_CANDIDATE	waste	0	3	1	5082596	4740377	0.002084
PORT_CANDIDATE	waste	0	4	1	5082596	2984026	0.001511
PORT_ROW	waste	4825	21504	1468261	1270649	1270649	1270649	1270649	1270649	1270649	1270649	1270649	1270649
PORT_CANDIDATE	catmix400	0	0	0	80000000	36364	0.000141
PORT_CANDIDATE	catmix400	0	0	1	1000000	36364	0.000138
PORT_CANDIDATE	catmix400	0	1	0	80000000	48702	0.000148
PORT_CANDIDATE	catmix400	0	1	1	1000000	18446744073709551615	0.000060
PORT_CANDIDATE	catmix400	0	2	0	80000000	36364	0.000138
PORT_CANDIDATE	catmix400	0	2	1	1000000	36364	0.000139
PORT_CANDIDATE	catmix400	0	3	0	80000000	36364	0.000140
PORT_CANDIDATE	catmix400	0	3	1	1000000	36364	0.000138
PORT_CANDIDATE	catmix400	0	4	1	1000000	36364	0.000134
PORT_CANDIDATE	catmix400	1	0	0	80000000	36389	0.000140
PORT_CANDIDATE	catmix400	1	0	1	1000000	36389	0.000141
PORT_CANDIDATE	catmix400	1	1	0	80000000	48727	0.000147
PORT_CANDIDATE	catmix400	1	1	1	1000000	18446744073709551615	0.000061
PORT_CANDIDATE	catmix400	1	2	0	80000000	36389	0.000137
PORT_CANDIDATE	catmix400	1	2	1	1000000	36389	0.000136
PORT_CANDIDATE	catmix400	1	3	0	80000000	36389	0.000139
PORT_CANDIDATE	catmix400	1	3	1	1000000	36389	0.000142
PORT_CANDIDATE	catmix400	1	4	1	1000000	36389	0.000139
PORT_ROW	catmix400	2001	11192	36373	36364	36364	36364	36364	36364	36364	36364	36364	36364
PORT_CANDIDATE	rsyn0815m02hfsg	0	0	0	80000000	60221	0.000363
PORT_CANDIDATE	rsyn0815m02hfsg	0	0	1	1000000	18446744073709551615	0.000066
PORT_CANDIDATE	rsyn0815m02hfsg	0	1	0	80000000	47777	0.000367
PORT_CANDIDATE	rsyn0815m02hfsg	0	1	1	1000000	18446744073709551615	0.000062
PORT_CANDIDATE	rsyn0815m02hfsg	0	2	0	80000000	44944	0.000353
PORT_CANDIDATE	rsyn0815m02hfsg	0	2	1	1000000	18446744073709551615	0.000066
PORT_CANDIDATE	rsyn0815m02hfsg	0	3	0	80000000	57819	0.000404
PORT_CANDIDATE	rsyn0815m02hfsg	0	3	1	1000000	18446744073709551615	0.000078
PORT_CANDIDATE	rsyn0815m02hfsg	0	4	1	1000000	18446744073709551615	0.000421
PORT_CANDIDATE	rsyn0815m02hfsg	1	0	0	80000000	68875	0.000355
PORT_CANDIDATE	rsyn0815m02hfsg	1	0	1	1000000	18446744073709551615	0.000083
PORT_CANDIDATE	rsyn0815m02hfsg	1	1	0	80000000	50724	0.000347
PORT_CANDIDATE	rsyn0815m02hfsg	1	1	1	1000000	18446744073709551615	0.000075
PORT_CANDIDATE	rsyn0815m02hfsg	1	2	0	80000000	50315	0.000339
PORT_CANDIDATE	rsyn0815m02hfsg	1	2	1	1000000	18446744073709551615	0.000080
PORT_CANDIDATE	rsyn0815m02hfsg	1	3	0	80000000	56202	0.000370
PORT_CANDIDATE	rsyn0815m02hfsg	1	3	1	1000000	18446744073709551615	0.000094
PORT_CANDIDATE	rsyn0815m02hfsg	1	4	1	1000000	18446744073709551615	0.000340
PORT_ROW	rsyn0815m02hfsg	3054	7968	44604	41416	41416	41416	41416	41416	41416	41416	41416	41416
PORT_CANDIDATE	p_ball_10b_7p_3d_h	0	0	0	80000000	30574	0.000140
PORT_CANDIDATE	p_ball_10b_7p_3d_h	0	0	1	1000000	30574	0.000117
PORT_CANDIDATE	p_ball_10b_7p_3d_h	0	1	0	80000000	215584	0.000137
PORT_CANDIDATE	p_ball_10b_7p_3d_h	0	1	1	1000000	215584	0.000112
PORT_CANDIDATE	p_ball_10b_7p_3d_h	0	2	0	80000000	24709	0.000140
PORT_CANDIDATE	p_ball_10b_7p_3d_h	0	2	1	1000000	24709	0.000126
PORT_CANDIDATE	p_ball_10b_7p_3d_h	0	3	0	80000000	24709	0.000141
PORT_CANDIDATE	p_ball_10b_7p_3d_h	0	3	1	1000000	24709	0.000128
PORT_CANDIDATE	p_ball_10b_7p_3d_h	0	4	1	1000000	195706	0.000208
PORT_CANDIDATE	p_ball_10b_7p_3d_h	1	0	0	80000000	33934	0.000114
PORT_CANDIDATE	p_ball_10b_7p_3d_h	1	0	1	1000000	33934	0.000099
PORT_CANDIDATE	p_ball_10b_7p_3d_h	1	1	0	80000000	130265	0.000113
PORT_CANDIDATE	p_ball_10b_7p_3d_h	1	1	1	1000000	130265	0.000096
PORT_CANDIDATE	p_ball_10b_7p_3d_h	1	2	0	80000000	27740	0.000112
PORT_CANDIDATE	p_ball_10b_7p_3d_h	1	2	1	1000000	27740	0.000104
PORT_CANDIDATE	p_ball_10b_7p_3d_h	1	3	0	80000000	28069	0.000114
PORT_CANDIDATE	p_ball_10b_7p_3d_h	1	3	1	1000000	28069	0.000106
PORT_CANDIDATE	p_ball_10b_7p_3d_h	1	4	1	1000000	133145	0.000149
PORT_ROW	p_ball_10b_7p_3d_h	1236	4186	24380	23744	23744	23744	23744	23744	23744	23744	23744	23744
PORT_ROW	chimera_k64ising-02	1225	3846	613390	371142	371142	371142	371142	371142	371142	371142	371142	371142
PORT_CANDIDATE	batchs121208m	0	0	0	80000000	159224	0.000376
PORT_CANDIDATE	batchs121208m	0	0	1	1000000	18446744073709551615	0.000104
PORT_CANDIDATE	batchs121208m	0	1	0	80000000	140046	0.000387
PORT_CANDIDATE	batchs121208m	0	1	1	1000000	18446744073709551615	0.000101
PORT_CANDIDATE	batchs121208m	0	2	0	80000000	140046	0.000390
PORT_CANDIDATE	batchs121208m	0	2	1	1000000	18446744073709551615	0.000110
PORT_CANDIDATE	batchs121208m	0	3	0	80000000	167233	0.000442
PORT_CANDIDATE	batchs121208m	0	3	1	1000000	18446744073709551615	0.000112
PORT_CANDIDATE	batchs121208m	0	4	1	1000000	18446744073709551615	0.000133
PORT_CANDIDATE	batchs121208m	1	0	0	80000000	165632	0.000368
PORT_CANDIDATE	batchs121208m	1	0	1	1000000	18446744073709551615	0.000105
PORT_CANDIDATE	batchs121208m	1	1	0	80000000	159764	0.000395
PORT_CANDIDATE	batchs121208m	1	1	1	1000000	18446744073709551615	0.000102
PORT_CANDIDATE	batchs121208m	1	2	0	80000000	146454	0.000393
PORT_CANDIDATE	batchs121208m	1	2	1	1000000	18446744073709551615	0.000110
PORT_CANDIDATE	batchs121208m	1	3	0	80000000	173641	0.000442
PORT_CANDIDATE	batchs121208m	1	3	1	1000000	18446744073709551615	0.000123
PORT_CANDIDATE	batchs121208m	1	4	1	1000000	18446744073709551615	0.000111
PORT_ROW	batchs121208m	3404	11462	138030	128816	128816	128816	128816	128816	128816	128816	128816	128816
PORT_ROW	nvs02	11	46	142	142	142	142	142	142	142	142	142	142
PORT_CANDIDATE	wastepaper6	0	0	0	80000000	25952	0.000054
PORT_CANDIDATE	wastepaper6	0	0	1	1000000	25952	0.000039
PORT_CANDIDATE	wastepaper6	0	1	0	80000000	16616	0.000052
PORT_CANDIDATE	wastepaper6	0	1	1	1000000	16616	0.000040
PORT_CANDIDATE	wastepaper6	0	2	0	80000000	16616	0.000047
PORT_CANDIDATE	wastepaper6	0	2	1	1000000	16616	0.000039
PORT_CANDIDATE	wastepaper6	0	3	0	80000000	45960	0.000046
PORT_CANDIDATE	wastepaper6	0	3	1	1000000	45960	0.000035
PORT_CANDIDATE	wastepaper6	0	4	1	1000000	20852	0.000042
PORT_CANDIDATE	wastepaper6	1	0	0	80000000	26126	0.000061
PORT_CANDIDATE	wastepaper6	1	0	1	1000000	26126	0.000044
PORT_CANDIDATE	wastepaper6	1	1	0	80000000	16790	0.000054
PORT_CANDIDATE	wastepaper6	1	1	1	1000000	16790	0.000043
PORT_CANDIDATE	wastepaper6	1	2	0	80000000	16790	0.000048
PORT_CANDIDATE	wastepaper6	1	2	1	1000000	16790	0.000043
PORT_CANDIDATE	wastepaper6	1	3	0	80000000	46068	0.000051
PORT_CANDIDATE	wastepaper6	1	3	1	1000000	46068	0.000040
PORT_CANDIDATE	wastepaper6	1	4	1	1000000	21302	0.000051
PORT_ROW	wastepaper6	191	1416	16611	16611	16611	16611	16611	16611	16611	16611	16611	16611
PORT_CANDIDATE	syn15hfsg	0	0	0	80000000	3393	0.000052
PORT_CANDIDATE	syn15hfsg	0	0	1	1000000	3393	0.000032
PORT_CANDIDATE	syn15hfsg	0	1	0	80000000	3531	0.000052
PORT_CANDIDATE	syn15hfsg	0	1	1	1000000	3531	0.000033
PORT_CANDIDATE	syn15hfsg	0	2	0	80000000	3289	0.000047
PORT_CANDIDATE	syn15hfsg	0	2	1	1000000	3289	0.000032
PORT_CANDIDATE	syn15hfsg	0	3	0	80000000	3482	0.000054
PORT_CANDIDATE	syn15hfsg	0	3	1	1000000	3482	0.000034
PORT_CANDIDATE	syn15hfsg	0	4	1	1000000	34583	0.000069
PORT_CANDIDATE	syn15hfsg	1	0	0	80000000	3878	0.000047
PORT_CANDIDATE	syn15hfsg	1	0	1	1000000	3878	0.000031
PORT_CANDIDATE	syn15hfsg	1	1	0	80000000	3867	0.000047
PORT_CANDIDATE	syn15hfsg	1	1	1	1000000	3867	0.000031
PORT_CANDIDATE	syn15hfsg	1	2	0	80000000	3729	0.000045
PORT_CANDIDATE	syn15hfsg	1	2	1	1000000	3729	0.000030
PORT_CANDIDATE	syn15hfsg	1	3	0	80000000	4015	0.000046
PORT_CANDIDATE	syn15hfsg	1	3	1	1000000	4015	0.000030
PORT_CANDIDATE	syn15hfsg	1	4	1	1000000	14283	0.000056
PORT_ROW	syn15hfsg	399	1022	3300	3272	3272	3272	3272	3272	3272	3272	3272	3272
PORT_CANDIDATE	st_jcbpaf2	0	0	0	80000000	1635	0.000009
PORT_CANDIDATE	st_jcbpaf2	0	0	1	1000000	1635	0.000005
PORT_CANDIDATE	st_jcbpaf2	0	1	0	80000000	1543	0.000007
PORT_CANDIDATE	st_jcbpaf2	0	1	1	1000000	1543	0.000005
PORT_CANDIDATE	st_jcbpaf2	0	2	0	80000000	1543	0.000006
PORT_CANDIDATE	st_jcbpaf2	0	2	1	1000000	1543	0.000005
PORT_CANDIDATE	st_jcbpaf2	0	3	0	80000000	1543	0.000007
PORT_CANDIDATE	st_jcbpaf2	0	3	1	1000000	1543	0.000006
PORT_CANDIDATE	st_jcbpaf2	0	4	1	1000000	1564	0.000005
PORT_CANDIDATE	st_jcbpaf2	1	0	0	80000000	2004	0.000011
PORT_CANDIDATE	st_jcbpaf2	1	0	1	1000000	2004	0.000006
PORT_CANDIDATE	st_jcbpaf2	1	1	0	80000000	2073	0.000008
PORT_CANDIDATE	st_jcbpaf2	1	1	1	1000000	2073	0.000006
PORT_CANDIDATE	st_jcbpaf2	1	2	0	80000000	2073	0.000007
PORT_CANDIDATE	st_jcbpaf2	1	2	1	1000000	2073	0.000006
PORT_CANDIDATE	st_jcbpaf2	1	3	0	80000000	1981	0.000010
PORT_CANDIDATE	st_jcbpaf2	1	3	1	1000000	1981	0.000006
PORT_CANDIDATE	st_jcbpaf2	1	4	1	1000000	2002	0.000006
PORT_ROW	st_jcbpaf2	36	246	1635	1543	1543	1543	1543	1543	1543	1543	1543	1543
PORT_CANDIDATE	camshape400	0	0	0	80000000	16768	0.000121
PORT_CANDIDATE	camshape400	0	0	1	1000000	16768	0.000119
PORT_CANDIDATE	camshape400	0	1	0	80000000	16768	0.000113
PORT_CANDIDATE	camshape400	0	1	1	1000000	16768	0.000112
PORT_CANDIDATE	camshape400	0	2	0	80000000	16768	0.000125
PORT_CANDIDATE	camshape400	0	2	1	1000000	16768	0.000124
PORT_CANDIDATE	camshape400	0	3	0	80000000	16768	0.000128
PORT_CANDIDATE	camshape400	0	3	1	1000000	16768	0.000126
PORT_CANDIDATE	camshape400	0	4	1	1000000	16775	0.000098
PORT_CANDIDATE	camshape400	1	0	0	80000000	16811	0.000118
PORT_CANDIDATE	camshape400	1	0	1	1000000	16811	0.000116
PORT_CANDIDATE	camshape400	1	1	0	80000000	16811	0.000111
PORT_CANDIDATE	camshape400	1	1	1	1000000	16811	0.000109
PORT_CANDIDATE	camshape400	1	2	0	80000000	16811	0.000120
PORT_CANDIDATE	camshape400	1	2	1	1000000	16811	0.000119
PORT_CANDIDATE	camshape400	1	3	0	80000000	16811	0.000121
PORT_CANDIDATE	camshape400	1	3	1	1000000	16811	0.000122
PORT_CANDIDATE	camshape400	1	4	1	1000000	16838	0.000097
PORT_ROW	camshape400	2000	7188	16768	16768	16768	16768	16768	16768	16768	16768	16768	16768
PORT_ROW	graphpart_clique-30	120	2790	114505	91153	91153	91153	91153	91153	91153	91153	91153	91153
PORT_ROW	graphpart_clique-70	280	14910	1413012	1144894	1144894	1144894	1144894	1144894	1144894	1144894	1144894	1144894
PORT_ROW	smallinvDAXr1b010-011	39	1120	13510	13319	13319	13319	13319	13319	13319	13319	13319	13319
PORT_ROW	nd_netgen-2000-3-4-b-a-ns_7	22074	60000	289420	273394	273394	273394	273394	273394	273394	273394	273394	273394
PORT_CANDIDATE	slay05m	0	0	0	80000000	2635	0.000023
PORT_CANDIDATE	slay05m	0	0	1	1000000	2635	0.000017
PORT_CANDIDATE	slay05m	0	1	0	80000000	2635	0.000019
PORT_CANDIDATE	slay05m	0	1	1	1000000	2635	0.000016
PORT_CANDIDATE	slay05m	0	2	0	80000000	2635	0.000018
PORT_CANDIDATE	slay05m	0	2	1	1000000	2635	0.000015
PORT_CANDIDATE	slay05m	0	3	0	80000000	2925	0.000022
PORT_CANDIDATE	slay05m	0	3	1	1000000	2925	0.000017
PORT_CANDIDATE	slay05m	0	4	1	1000000	2925	0.000016
PORT_ROW	slay05m	240	720	2635	2635	2635	2635	2635	2635	2635	2635	2635	2635
PORT_CANDIDATE	chimera_selby-c16-01	0	0	0	80000000	6044894	0.000762
PORT_CANDIDATE	chimera_selby-c16-01	0	0	1	9685368	6044894	0.000749
PORT_CANDIDATE	chimera_selby-c16-01	0	1	0	80000000	3240906	0.000838
PORT_CANDIDATE	chimera_selby-c16-01	0	1	1	9685368	3240906	0.000790
PORT_CANDIDATE	chimera_selby-c16-01	0	2	0	80000000	3240906	0.000756
PORT_CANDIDATE	chimera_selby-c16-01	0	2	1	9685368	3240906	0.000749
PORT_CANDIDATE	chimera_selby-c16-01	0	3	0	80000000	7265471	0.000994
PORT_CANDIDATE	chimera_selby-c16-01	0	3	1	9685368	7265471	0.000958
PORT_CANDIDATE	chimera_selby-c16-01	0	4	1	9685368	9256942	0.001628
PORT_CANDIDATE	chimera_selby-c16-01	1	0	0	80000000	6921238	0.000815
PORT_CANDIDATE	chimera_selby-c16-01	1	0	1	9685368	6921238	0.000754
PORT_CANDIDATE	chimera_selby-c16-01	1	1	0	80000000	3458520	0.000891
PORT_CANDIDATE	chimera_selby-c16-01	1	1	1	9685368	3458520	0.000843
PORT_CANDIDATE	chimera_selby-c16-01	1	2	0	80000000	3458520	0.000854
PORT_CANDIDATE	chimera_selby-c16-01	1	2	1	9685368	3458520	0.000834
PORT_CANDIDATE	chimera_selby-c16-01	1	3	0	80000000	4593651	0.001017
PORT_CANDIDATE	chimera_selby-c16-01	1	3	1	9685368	4593651	0.000999
PORT_CANDIDATE	chimera_selby-c16-01	1	4	1	9685368	7498656	0.001724
PORT_ROW	chimera_selby-c16-01	2031	10964	3605628	2421342	2421342	2421342	2421342	2421342	2421342	2421342	2421342	2421342
PORT_CANDIDATE	csched1	0	0	0	80000000	996	0.000011
PORT_CANDIDATE	csched1	0	0	1	1000000	996	0.000006
PORT_CANDIDATE	csched1	0	1	0	80000000	1154	0.000010
PORT_CANDIDATE	csched1	0	1	1	1000000	1154	0.000006
PORT_CANDIDATE	csched1	0	2	0	80000000	996	0.000010
PORT_CANDIDATE	csched1	0	2	1	1000000	996	0.000006
PORT_CANDIDATE	csched1	0	3	0	80000000	996	0.000010
PORT_CANDIDATE	csched1	0	3	1	1000000	996	0.000006
PORT_CANDIDATE	csched1	0	4	1	1000000	1309	0.000007
PORT_CANDIDATE	csched1	1	0	0	80000000	1125	0.000009
PORT_CANDIDATE	csched1	1	0	1	1000000	1125	0.000006
PORT_CANDIDATE	csched1	1	1	0	80000000	1143	0.000009
PORT_CANDIDATE	csched1	1	1	1	1000000	1143	0.000006
PORT_CANDIDATE	csched1	1	2	0	80000000	1125	0.000008
PORT_CANDIDATE	csched1	1	2	1	1000000	1125	0.000006
PORT_CANDIDATE	csched1	1	3	0	80000000	1125	0.000009
PORT_CANDIDATE	csched1	1	3	1	1000000	1125	0.000006
PORT_CANDIDATE	csched1	1	4	1	1000000	1310	0.000007
PORT_ROW	csched1	110	376	975	975	975	975	975	975	975	975	975	975
PORT_ROW	watercontamination0303r	1310	37028	2171882	2171882	2171882	2171882	2171882	2171882	2171882	2171882	2171882	2171882
PORT_ROW	ex9_2_4	15	36	117	117	117	117	117	117	117	117	117	117
PORT_CANDIDATE	sssd15-04	0	0	0	80000000	1959	0.000011
PORT_CANDIDATE	sssd15-04	0	0	1	1000000	1959	0.000008
PORT_CANDIDATE	sssd15-04	0	1	0	80000000	1829	0.000012
PORT_CANDIDATE	sssd15-04	0	1	1	1000000	1829	0.000010
PORT_CANDIDATE	sssd15-04	0	2	0	80000000	1829	0.000011
PORT_CANDIDATE	sssd15-04	0	2	1	1000000	1829	0.000010
PORT_CANDIDATE	sssd15-04	0	3	0	80000000	1901	0.000011
PORT_CANDIDATE	sssd15-04	0	3	1	1000000	1901	0.000008
PORT_CANDIDATE	sssd15-04	0	4	1	1000000	2836	0.000008
PORT_ROW	sssd15-04	163	440	1625	1625	1625	1625	1625	1625	1625	1625	1625	1625
PORT_ROW	autocorr_bern35-35fix	38	1264	16214	16214	16214	16214	16214	16214	16214	16214	16214	16214
PORT_CANDIDATE	sfacloc2_4_90	0	0	0	80000000	53166	0.000208
PORT_CANDIDATE	sfacloc2_4_90	0	0	1	1000000	53166	0.000168
PORT_CANDIDATE	sfacloc2_4_90	0	1	0	80000000	100340	0.000192
PORT_CANDIDATE	sfacloc2_4_90	0	1	1	1000000	100340	0.000156
PORT_CANDIDATE	sfacloc2_4_90	0	2	0	80000000	68846	0.000195
PORT_CANDIDATE	sfacloc2_4_90	0	2	1	1000000	68846	0.000164
PORT_CANDIDATE	sfacloc2_4_90	0	3	0	80000000	47792	0.000235
PORT_CANDIDATE	sfacloc2_4_90	0	3	1	1000000	47792	0.000195
PORT_CANDIDATE	sfacloc2_4_90	0	4	1	1000000	189098	0.000336
PORT_CANDIDATE	sfacloc2_4_90	1	0	0	80000000	104652	0.000209
PORT_CANDIDATE	sfacloc2_4_90	1	0	1	1000000	104652	0.000163
PORT_CANDIDATE	sfacloc2_4_90	1	1	0	80000000	74531	0.000211
PORT_CANDIDATE	sfacloc2_4_90	1	1	1	1000000	74531	0.000177
PORT_CANDIDATE	sfacloc2_4_90	1	2	0	80000000	74111	0.000199
PORT_CANDIDATE	sfacloc2_4_90	1	2	1	1000000	74111	0.000170
PORT_CANDIDATE	sfacloc2_4_90	1	3	0	80000000	122941	0.000204
PORT_CANDIDATE	sfacloc2_4_90	1	3	1	1000000	122941	0.000173
PORT_CANDIDATE	sfacloc2_4_90	1	4	1	1000000	128281	0.000294
PORT_ROW	sfacloc2_4_90	1491	4500	31682	28843	28843	28843	28843	28843	28843	28843	28843	28843
PORT_ROW	cont6-qq	120395	557994	835894090	581918900	581918900	581918900	581918900	581918900	581918900	581918900	581918900	581918900
PORT_ROW	meanvar-orl400_05_e_7	5205	174804	21939414	21935811	21935811	21935811	21935811	21935811	21935811	21935811	21935811	21935811
PORT_CANDIDATE	glider400	0	0	0	80000000	801012	0.001084
PORT_CANDIDATE	glider400	0	0	1	1310124	18446744073709551615	0.000055
PORT_CANDIDATE	glider400	0	1	0	80000000	443921	0.001020
PORT_CANDIDATE	glider400	0	1	1	1310124	18446744073709551615	0.000056
PORT_CANDIDATE	glider400	0	2	0	80000000	375893	0.001086
PORT_CANDIDATE	glider400	0	2	1	1310124	18446744073709551615	0.000057
PORT_CANDIDATE	glider400	0	3	0	80000000	398897	0.001192
PORT_CANDIDATE	glider400	0	3	1	1310124	18446744073709551615	0.000060
PORT_CANDIDATE	glider400	0	4	1	1310124	18446744073709551615	0.000204
PORT_CANDIDATE	glider400	1	0	0	80000000	453148	0.000880
PORT_CANDIDATE	glider400	1	0	1	1310124	18446744073709551615	0.000053
PORT_CANDIDATE	glider400	1	1	0	80000000	523218	0.000937
PORT_CANDIDATE	glider400	1	1	1	1310124	18446744073709551615	0.000052
PORT_CANDIDATE	glider400	1	2	0	80000000	414800	0.000888
PORT_CANDIDATE	glider400	1	2	1	1310124	18446744073709551615	0.000055
PORT_CANDIDATE	glider400	1	3	0	80000000	399210	0.001016
PORT_CANDIDATE	glider400	1	3	1	1310124	18446744073709551615	0.000058
PORT_CANDIDATE	glider400	1	4	1	1310124	18446744073709551615	0.000202
PORT_ROW	glider400	10017	49624	373018	327531	327531	327531	327531	327531	327531	327531	327531	327531
PORT_CANDIDATE	syn40m04m	0	0	0	80000000	75592	0.000479
PORT_CANDIDATE	syn40m04m	0	0	1	1000000	18446744073709551615	0.000049
PORT_CANDIDATE	syn40m04m	0	1	0	80000000	67899	0.000480
PORT_CANDIDATE	syn40m04m	0	1	1	1000000	18446744073709551615	0.000046
PORT_CANDIDATE	syn40m04m	0	2	0	80000000	67899	0.000479
PORT_CANDIDATE	syn40m04m	0	2	1	1000000	18446744073709551615	0.000052
PORT_CANDIDATE	syn40m04m	0	3	0	80000000	81237	0.000513
PORT_CANDIDATE	syn40m04m	0	3	1	1000000	18446744073709551615	0.000054
PORT_CANDIDATE	syn40m04m	0	4	1	1000000	18446744073709551615	0.000048
PORT_CANDIDATE	syn40m04m	1	0	0	80000000	78111	0.000455
PORT_CANDIDATE	syn40m04m	1	0	1	1000000	18446744073709551615	0.000048
PORT_CANDIDATE	syn40m04m	1	1	0	80000000	71163	0.000449
PORT_CANDIDATE	syn40m04m	1	1	1	1000000	18446744073709551615	0.000045
PORT_CANDIDATE	syn40m04m	1	2	0	80000000	71163	0.000456
PORT_CANDIDATE	syn40m04m	1	2	1	1000000	18446744073709551615	0.000051
PORT_CANDIDATE	syn40m04m	1	3	0	80000000	84239	0.000476
PORT_CANDIDATE	syn40m04m	1	3	1	1000000	18446744073709551615	0.000053
PORT_CANDIDATE	syn40m04m	1	4	1	1000000	18446744073709551615	0.000048
PORT_ROW	syn40m04m	4960	13792	65982	63265	63265	63265	63265	63265	63265	63265	63265	63265
PORT_ROW	ex2_1_3	31	72	189	189	189	189	189	189	189	189	189	189
PORT_ROW	qapw	705	87496	12183146	12183146	12183146	12183146	12183146	12183146	12183146	12183146	12183146	12183146
PORT_ROW	himmel11	14	60	198	198	198	198	198	198	198	198	198	198
PORT_CANDIDATE	syn15m04m	0	0	0	80000000	31124	0.000205
PORT_CANDIDATE	syn15m04m	0	0	1	1000000	31124	0.000164
PORT_CANDIDATE	syn15m04m	0	1	0	80000000	27294	0.000202
PORT_CANDIDATE	syn15m04m	0	1	1	1000000	27294	0.000160
PORT_CANDIDATE	syn15m04m	0	2	0	80000000	27294	0.000191
PORT_CANDIDATE	syn15m04m	0	2	1	1000000	27294	0.000161
PORT_CANDIDATE	syn15m04m	0	3	0	80000000	35053	0.000210
PORT_CANDIDATE	syn15m04m	0	3	1	1000000	35053	0.000171
PORT_CANDIDATE	syn15m04m	0	4	1	1000000	287910	0.000307
PORT_CANDIDATE	syn15m04m	1	0	0	80000000	32733	0.000185
PORT_CANDIDATE	syn15m04m	1	0	1	1000000	32733	0.000149
PORT_CANDIDATE	syn15m04m	1	1	0	80000000	29093	0.000184
PORT_CANDIDATE	syn15m04m	1	1	1	1000000	29093	0.000155
PORT_CANDIDATE	syn15m04m	1	2	0	80000000	28778	0.000184
PORT_CANDIDATE	syn15m04m	1	2	1	1000000	28778	0.000156
PORT_CANDIDATE	syn15m04m	1	3	0	80000000	36745	0.000195
PORT_CANDIDATE	syn15m04m	1	3	1	1000000	36745	0.000159
PORT_CANDIDATE	syn15m04m	1	4	1	1000000	112244	0.000245
PORT_ROW	syn15m04m	1908	5288	26094	25061	25061	25061	25061	25061	25061	25061	25061	25061
PORT_CANDIDATE	pooling_rt2tp	0	0	0	80000000	6140	0.000028
PORT_CANDIDATE	pooling_rt2tp	0	0	1	1000000	6140	0.000016
PORT_CANDIDATE	pooling_rt2tp	0	1	0	80000000	6076	0.000024
PORT_CANDIDATE	pooling_rt2tp	0	1	1	1000000	6076	0.000015
PORT_CANDIDATE	pooling_rt2tp	0	2	0	80000000	6076	0.000020
PORT_CANDIDATE	pooling_rt2tp	0	2	1	1000000	6076	0.000015
PORT_CANDIDATE	pooling_rt2tp	0	3	0	80000000	6060	0.000024
PORT_CANDIDATE	pooling_rt2tp	0	3	1	1000000	6060	0.000015
PORT_CANDIDATE	pooling_rt2tp	0	4	1	1000000	9259	0.000018
PORT_CANDIDATE	pooling_rt2tp	1	0	0	80000000	6172	0.000036
PORT_CANDIDATE	pooling_rt2tp	1	0	1	1000000	6172	0.000022
PORT_CANDIDATE	pooling_rt2tp	1	1	0	80000000	8540	0.000027
PORT_CANDIDATE	pooling_rt2tp	1	1	1	1000000	8540	0.000016
PORT_CANDIDATE	pooling_rt2tp	1	2	0	80000000	6426	0.000030
PORT_CANDIDATE	pooling_rt2tp	1	2	1	1000000	6426	0.000020
PORT_CANDIDATE	pooling_rt2tp	1	3	0	80000000	6155	0.000034
PORT_CANDIDATE	pooling_rt2tp	1	3	1	1000000	6155	0.000023
PORT_CANDIDATE	pooling_rt2tp	1	4	1	1000000	10909	0.000028
PORT_ROW	pooling_rt2tp	118	654	5876	5796	5796	5796	5796	5796	5796	5796	5796	5796
PORT_ROW	waterund14	333	2204	200484	72184	72184	72184	72184	72184	72184	72184	72184	72184
PORT_ROW	crudeoil_lee4_10	17809	120632	294531623	184173410	184173410	184173410	184173410	184173410	184173410	184173410	184173410	184173410
PORT_CANDIDATE	pooling_foulds4pq	0	0	0	80000000	139537	0.000610
PORT_CANDIDATE	pooling_foulds4pq	0	0	1	1000000	139537	0.000557
PORT_CANDIDATE	pooling_foulds4pq	0	1	0	80000000	138540	0.000555
PORT_CANDIDATE	pooling_foulds4pq	0	1	1	1000000	138540	0.000514
PORT_CANDIDATE	pooling_foulds4pq	0	2	0	80000000	138540	0.000527
PORT_CANDIDATE	pooling_foulds4pq	0	2	1	1000000	138540	0.000510
PORT_CANDIDATE	pooling_foulds4pq	0	3	0	80000000	163652	0.000553
PORT_CANDIDATE	pooling_foulds4pq	0	3	1	1000000	163652	0.000557
PORT_CANDIDATE	pooling_foulds4pq	0	4	1	1000000	163705	0.000697
PORT_CANDIDATE	pooling_foulds4pq	1	0	0	80000000	139537	0.000578
PORT_CANDIDATE	pooling_foulds4pq	1	0	1	1000000	139537	0.000536
PORT_CANDIDATE	pooling_foulds4pq	1	1	0	80000000	138540	0.000544
PORT_CANDIDATE	pooling_foulds4pq	1	1	1	1000000	138540	0.000510
PORT_CANDIDATE	pooling_foulds4pq	1	2	0	80000000	138540	0.000536
PORT_CANDIDATE	pooling_foulds4pq	1	2	1	1000000	138540	0.000506
PORT_CANDIDATE	pooling_foulds4pq	1	3	0	80000000	163652	0.000540
PORT_CANDIDATE	pooling_foulds4pq	1	3	1	1000000	163652	0.000512
PORT_CANDIDATE	pooling_foulds4pq	1	4	1	1000000	163705	0.000691
PORT_ROW	pooling_foulds4pq	1294	8302	138692	138540	138540	138540	138540	138540	138540	138540	138540	138540
PORT_CANDIDATE	edgecross14-156	0	0	0	80000000	1659640	0.000729
PORT_CANDIDATE	edgecross14-156	0	0	1	5507856	1659640	0.000691
PORT_CANDIDATE	edgecross14-156	0	1	0	80000000	1888225	0.000607
PORT_CANDIDATE	edgecross14-156	0	1	1	5507856	1888225	0.000586
PORT_CANDIDATE	edgecross14-156	0	2	0	80000000	1487933	0.000800
PORT_CANDIDATE	edgecross14-156	0	2	1	5507856	1487933	0.000764
PORT_CANDIDATE	edgecross14-156	0	3	0	80000000	1474532	0.000787
PORT_CANDIDATE	edgecross14-156	0	3	1	5507856	1474532	0.000759
PORT_CANDIDATE	edgecross14-156	0	4	1	5507856	1888225	0.000597
PORT_ROW	edgecross14-156	3097	19664	1487933	1376964	1376964	1376964	1376964	1376964	1376964	1376964	1376964	1376964
PORT_CANDIDATE	tspn08	0	0	0	80000000	14285	0.000018
PORT_CANDIDATE	tspn08	0	0	1	1000000	14285	0.000011
PORT_CANDIDATE	tspn08	0	1	0	80000000	11074	0.000017
PORT_CANDIDATE	tspn08	0	1	1	1000000	11074	0.000012
PORT_CANDIDATE	tspn08	0	2	0	80000000	11074	0.000015
PORT_CANDIDATE	tspn08	0	2	1	1000000	11074	0.000011
PORT_CANDIDATE	tspn08	0	3	0	80000000	11384	0.000021
PORT_CANDIDATE	tspn08	0	3	1	1000000	11384	0.000013
PORT_CANDIDATE	tspn08	0	4	1	1000000	12170	0.000013
PORT_ROW	tspn08	72	668	11074	7600	7600	7600	7600	7600	7600	7600	7600	7600
PORT_CANDIDATE	crudeoil_li05	0	0	0	80000000	1471529	0.000799
PORT_CANDIDATE	crudeoil_li05	0	0	1	2134124	18446744073709551615	0.000125
PORT_CANDIDATE	crudeoil_li05	0	1	0	80000000	1300681	0.000880
PORT_CANDIDATE	crudeoil_li05	0	1	1	2134124	18446744073709551615	0.000117
PORT_CANDIDATE	crudeoil_li05	0	2	0	80000000	935208	0.000866
PORT_CANDIDATE	crudeoil_li05	0	2	1	2134124	18446744073709551615	0.000130
PORT_CANDIDATE	crudeoil_li05	0	3	0	80000000	1571976	0.001033
PORT_CANDIDATE	crudeoil_li05	0	3	1	2134124	18446744073709551615	0.000133
PORT_CANDIDATE	crudeoil_li05	0	4	1	2134124	18446744073709551615	0.000196
PORT_CANDIDATE	crudeoil_li05	1	0	0	80000000	1765035	0.000773
PORT_CANDIDATE	crudeoil_li05	1	0	1	2134124	18446744073709551615	0.000121
PORT_CANDIDATE	crudeoil_li05	1	1	0	80000000	1310917	0.000882
PORT_CANDIDATE	crudeoil_li05	1	1	1	2134124	18446744073709551615	0.000116
PORT_CANDIDATE	crudeoil_li05	1	2	0	80000000	945444	0.000853
PORT_CANDIDATE	crudeoil_li05	1	2	1	2134124	18446744073709551615	0.000124
PORT_CANDIDATE	crudeoil_li05	1	3	0	80000000	1572392	0.001011
PORT_CANDIDATE	crudeoil_li05	1	3	1	2134124	18446744073709551615	0.000140
PORT_CANDIDATE	crudeoil_li05	1	4	1	2134124	18446744073709551615	0.000197
PORT_ROW	crudeoil_li05	4225	14628	680022	533531	533531	533531	533531	533531	533531	533531	533531	533531
PORT_CANDIDATE	procurement1large	0	0	0	80000000	18306059	0.002375
PORT_CANDIDATE	procurement1large	0	0	1	29507528	18446744073709551615	0.000445
PORT_CANDIDATE	procurement1large	0	1	0	80000000	11184225	0.002288
PORT_CANDIDATE	procurement1large	0	1	1	29507528	18446744073709551615	0.000404
PORT_CANDIDATE	procurement1large	0	2	0	80000000	10482761	0.002406
PORT_CANDIDATE	procurement1large	0	2	1	29507528	18446744073709551615	0.000458
PORT_CANDIDATE	procurement1large	0	3	0	80000000	23265187	0.002743
PORT_CANDIDATE	procurement1large	0	3	1	29507528	18446744073709551615	0.000485
PORT_CANDIDATE	procurement1large	0	4	1	29507528	18446744073709551615	0.002138
PORT_ROW	procurement1large	14416	41068	13858240	7376882	7376882	7376882	7376882	7376882	7376882	7376882	7376882	7376882
PORT_CANDIDATE	blend721	0	0	0	80000000	100482	0.000216
PORT_CANDIDATE	blend721	0	0	1	1000000	100482	0.000168
PORT_CANDIDATE	blend721	0	1	0	80000000	78362	0.000215
PORT_CANDIDATE	blend721	0	1	1	1000000	78362	0.000171
PORT_CANDIDATE	blend721	0	2	0	80000000	78362	0.000185
PORT_CANDIDATE	blend721	0	2	1	1000000	78362	0.000161
PORT_CANDIDATE	blend721	0	3	0	80000000	119068	0.000225
PORT_CANDIDATE	blend721	0	3	1	1000000	119068	0.000180
PORT_CANDIDATE	blend721	0	4	1	1000000	142110	0.000253
PORT_CANDIDATE	blend721	1	0	0	80000000	97190	0.000206
PORT_CANDIDATE	blend721	1	0	1	1000000	97190	0.000160
PORT_CANDIDATE	blend721	1	1	0	80000000	77744	0.000199
PORT_CANDIDATE	blend721	1	1	1	1000000	77744	0.000161
PORT_CANDIDATE	blend721	1	2	0	80000000	83837	0.000201
PORT_CANDIDATE	blend721	1	2	1	1000000	83837	0.000170
PORT_CANDIDATE	blend721	1	3	0	80000000	117856	0.000210
PORT_CANDIDATE	blend721	1	3	1	1000000	117856	0.000174
PORT_CANDIDATE	blend721	1	4	1	1000000	165805	0.000258
PORT_ROW	blend721	1428	4548	77560	66143	66143	66143	66143	66143	66143	66143	66143	66143
PORT_CANDIDATE	chimera_selby-c16-02	0	0	0	80000000	5110132	0.000752
PORT_CANDIDATE	chimera_selby-c16-02	0	0	1	9195740	5110132	0.000728
PORT_CANDIDATE	chimera_selby-c16-02	0	1	0	80000000	2934736	0.000787
PORT_CANDIDATE	chimera_selby-c16-02	0	1	1	9195740	2934736	0.000735
PORT_CANDIDATE	chimera_selby-c16-02	0	2	0	80000000	2934736	0.000730
PORT_CANDIDATE	chimera_selby-c16-02	0	2	1	9195740	2934736	0.000693
PORT_CANDIDATE	chimera_selby-c16-02	0	3	0	80000000	5122932	0.000942
PORT_CANDIDATE	chimera_selby-c16-02	0	3	1	9195740	5122932	0.000906
PORT_CANDIDATE	chimera_selby-c16-02	0	4	1	9195740	12778294	0.001832
PORT_CANDIDATE	chimera_selby-c16-02	1	0	0	80000000	6410650	0.000782
PORT_CANDIDATE	chimera_selby-c16-02	1	0	1	9195740	6410650	0.000735
PORT_CANDIDATE	chimera_selby-c16-02	1	1	0	80000000	3212741	0.000860
PORT_CANDIDATE	chimera_selby-c16-02	1	1	1	9195740	3212741	0.000824
PORT_CANDIDATE	chimera_selby-c16-02	1	2	0	80000000	3220462	0.000836
PORT_CANDIDATE	chimera_selby-c16-02	1	2	1	9195740	3220462	0.000813
PORT_CANDIDATE	chimera_selby-c16-02	1	3	0	80000000	5539836	0.001011
PORT_CANDIDATE	chimera_selby-c16-02	1	3	1	9195740	5539836	0.000989
PORT_CANDIDATE	chimera_selby-c16-02	1	4	1	9195740	18446744073709551615	0.001754
PORT_ROW	chimera_selby-c16-02	2031	10878	4280329	2298935	2298935	2298935	2298935	2298935	2298935	2298935	2298935	2298935
PORT_CANDIDATE	supplychainr1_053050	0	0	0	80000000	2175590	0.003029
PORT_CANDIDATE	supplychainr1_053050	0	0	1	8693960	18446744073709551615	0.000112
PORT_CANDIDATE	supplychainr1_053050	0	1	0	80000000	18446744073709551615	0.002198
PORT_CANDIDATE	supplychainr1_053050	0	1	1	8693960	18446744073709551615	0.000110
PORT_CANDIDATE	supplychainr1_053050	0	2	0	80000000	2175590	0.003102
PORT_CANDIDATE	supplychainr1_053050	0	2	1	8693960	18446744073709551615	0.000117
PORT_CANDIDATE	supplychainr1_053050	0	3	0	80000000	2921465	0.003065
PORT_CANDIDATE	supplychainr1_053050	0	3	1	8693960	18446744073709551615	0.000166
PORT_CANDIDATE	supplychainr1_053050	0	4	1	8693960	18446744073709551615	0.000395
PORT_CANDIDATE	supplychainr1_053050	1	0	0	80000000	2213090	0.003143
PORT_CANDIDATE	supplychainr1_053050	1	0	1	8693960	18446744073709551615	0.000118
PORT_CANDIDATE	supplychainr1_053050	1	1	0	80000000	18446744073709551615	0.002469
PORT_CANDIDATE	supplychainr1_053050	1	1	1	8693960	18446744073709551615	0.000121
PORT_CANDIDATE	supplychainr1_053050	1	2	0	80000000	2213090	0.003171
PORT_CANDIDATE	supplychainr1_053050	1	2	1	8693960	18446744073709551615	0.000124
PORT_CANDIDATE	supplychainr1_053050	1	3	0	80000000	2958965	0.003102
PORT_CANDIDATE	supplychainr1_053050	1	3	1	8693960	18446744073709551615	0.000131
PORT_CANDIDATE	supplychainr1_053050	1	4	1	8693960	18446744073709551615	0.000581
PORT_ROW	supplychainr1_053050	16640	57800	2173490	2173490	2173490	2173490	2173490	2173490	2173490	2173490	2173490	2173490
PORT_CANDIDATE	sfacloc2_4_80	0	0	0	80000000	141723	0.004460
PORT_CANDIDATE	sfacloc2_4_80	0	0	1	1000000	18446744073709551615	0.000179
PORT_CANDIDATE	sfacloc2_4_80	0	1	0	80000000	219012	0.004479
PORT_CANDIDATE	sfacloc2_4_80	0	1	1	1000000	18446744073709551615	0.000177
PORT_CANDIDATE	sfacloc2_4_80	0	2	0	80000000	165269	0.004534
PORT_CANDIDATE	sfacloc2_4_80	0	2	1	1000000	18446744073709551615	0.000181
PORT_CANDIDATE	sfacloc2_4_80	0	3	0	80000000	108236	0.004589
PORT_CANDIDATE	sfacloc2_4_80	0	3	1	1000000	18446744073709551615	0.000114
PORT_CANDIDATE	sfacloc2_4_80	0	4	1	1000000	18446744073709551615	0.000395
PORT_CANDIDATE	sfacloc2_4_80	1	0	0	80000000	232678	0.003723
PORT_CANDIDATE	sfacloc2_4_80	1	0	1	1000000	18446744073709551615	0.000216
PORT_CANDIDATE	sfacloc2_4_80	1	1	0	80000000	165218	0.003720
PORT_CANDIDATE	sfacloc2_4_80	1	1	1	1000000	18446744073709551615	0.000216
PORT_CANDIDATE	sfacloc2_4_80	1	2	0	80000000	164798	0.003784
PORT_CANDIDATE	sfacloc2_4_80	1	2	1	1000000	18446744073709551615	0.000220
PORT_CANDIDATE	sfacloc2_4_80	1	3	0	80000000	151791	0.003783
PORT_CANDIDATE	sfacloc2_4_80	1	3	1	1000000	18446744073709551615	0.000227
PORT_CANDIDATE	sfacloc2_4_80	1	4	1	1000000	18446744073709551615	0.000213
PORT_ROW	sfacloc2_4_80	5067	21424	93048	88884	88884	88884	88884	88884	88884	88884	88884	88884
PORT_ROW	st_e24	10	26	64	57	57	57	57	57	57	57	57	57
PORT_CANDIDATE	edgecross10-040	0	0	0	80000000	175527	0.000204
PORT_CANDIDATE	edgecross10-040	0	0	1	1000000	175527	0.000167
PORT_CANDIDATE	edgecross10-040	0	1	0	80000000	208485	0.000149
PORT_CANDIDATE	edgecross10-040	0	1	1	1000000	208485	0.000132
PORT_CANDIDATE	edgecross10-040	0	2	0	80000000	158462	0.000212
PORT_CANDIDATE	edgecross10-040	0	2	1	1000000	158462	0.000181
PORT_CANDIDATE	edgecross10-040	0	3	0	80000000	161687	0.000230
PORT_CANDIDATE	edgecross10-040	0	3	1	1000000	161687	0.000200
PORT_CANDIDATE	edgecross10-040	0	4	1	1000000	208485	0.000141
PORT_CANDIDATE	edgecross10-040	1	0	0	80000000	185607	0.000211
PORT_CANDIDATE	edgecross10-040	1	0	1	1000000	185607	0.000188
PORT_CANDIDATE	edgecross10-040	1	1	0	80000000	168542	0.000218
PORT_CANDIDATE	edgecross10-040	1	1	1	1000000	168542	0.000195
PORT_CANDIDATE	edgecross10-040	1	2	0	80000000	168542	0.000194
PORT_CANDIDATE	edgecross10-040	1	2	1	1000000	168542	0.000173
PORT_CANDIDATE	edgecross10-040	1	3	0	80000000	171767	0.000236
PORT_CANDIDATE	edgecross10-040	1	3	1	1000000	171767	0.000207
PORT_CANDIDATE	edgecross10-040	1	4	1	1000000	175603	0.000218
PORT_ROW	edgecross10-040	1053	5116	161851	143518	143518	143518	143518	143518	143518	143518	143518	143518
PORT_CANDIDATE	sonet21v6	0	0	0	80000000	1642415	0.001730
PORT_CANDIDATE	sonet21v6	0	0	1	6343484	18446744073709551615	0.000644
PORT_CANDIDATE	sonet21v6	0	1	0	80000000	1643311	0.001679
PORT_CANDIDATE	sonet21v6	0	1	1	6343484	18446744073709551615	0.000635
PORT_CANDIDATE	sonet21v6	0	2	0	80000000	1643311	0.001693
PORT_CANDIDATE	sonet21v6	0	2	1	6343484	18446744073709551615	0.000641
PORT_CANDIDATE	sonet21v6	0	3	0	80000000	1585871	0.001743
PORT_CANDIDATE	sonet21v6	0	3	1	6343484	18446744073709551615	0.000653
PORT_CANDIDATE	sonet21v6	0	4	1	6343484	18446744073709551615	0.000633
PORT_CANDIDATE	sonet21v6	1	0	0	80000000	1726205	0.001716
PORT_CANDIDATE	sonet21v6	1	0	1	6343484	18446744073709551615	0.000622
PORT_CANDIDATE	sonet21v6	1	1	0	80000000	1727101	0.001691
PORT_CANDIDATE	sonet21v6	1	1	1	6343484	18446744073709551615	0.000620
PORT_CANDIDATE	sonet21v6	1	2	0	80000000	1727101	0.001701
PORT_CANDIDATE	sonet21v6	1	2	1	6343484	18446744073709551615	0.000624
PORT_CANDIDATE	sonet21v6	1	3	0	80000000	1669661	0.001723
PORT_CANDIDATE	sonet21v6	1	3	1	6343484	18446744073709551615	0.000627
PORT_CANDIDATE	sonet21v6	1	4	1	6343484	18446744073709551615	0.000617
PORT_ROW	sonet21v6	8232	40744	1643311	1585871	1585871	1585871	1585871	1585871	1585871	1585871	1585871	1585871
PORT_CANDIDATE	squfl010-080	0	0	0	80000000	27665	0.000361
PORT_CANDIDATE	squfl010-080	0	0	1	1000000	27665	0.000355
PORT_CANDIDATE	squfl010-080	0	1	0	80000000	27665	0.000353
PORT_CANDIDATE	squfl010-080	0	1	1	1000000	27665	0.000356
PORT_CANDIDATE	squfl010-080	0	2	0	80000000	27665	0.000365
PORT_CANDIDATE	squfl010-080	0	2	1	1000000	27665	0.000363
PORT_CANDIDATE	squfl010-080	0	3	0	80000000	28218	0.000369
PORT_CANDIDATE	squfl010-080	0	3	1	1000000	28218	0.000368
PORT_CANDIDATE	squfl010-080	0	4	1	1000000	28661	0.000358
PORT_CANDIDATE	squfl010-080	1	0	0	80000000	37265	0.000569
PORT_CANDIDATE	squfl010-080	1	0	1	1000000	18446744073709551615	0.000181
PORT_CANDIDATE	squfl010-080	1	1	0	80000000	37265	0.000616
PORT_CANDIDATE	squfl010-080	1	1	1	1000000	18446744073709551615	0.000166
PORT_CANDIDATE	squfl010-080	1	2	0	80000000	37265	0.000582
PORT_CANDIDATE	squfl010-080	1	2	1	1000000	18446744073709551615	0.000182
PORT_CANDIDATE	squfl010-080	1	3	0	80000000	37818	0.000584
PORT_CANDIDATE	squfl010-080	1	3	1	1000000	18446744073709551615	0.000184
PORT_CANDIDATE	squfl010-080	1	4	1	1000000	18446744073709551615	0.000182
PORT_ROW	squfl010-080	2490	6400	27665	27665	27665	27665	27665	27665	27665	27665	27665	27665
PORT_CANDIDATE	genpooling_lee2	0	0	0	80000000	22761	0.000038
PORT_CANDIDATE	genpooling_lee2	0	0	1	1000000	22761	0.000028
PORT_CANDIDATE	genpooling_lee2	0	1	0	80000000	21529	0.000037
PORT_CANDIDATE	genpooling_lee2	0	1	1	1000000	21529	0.000028
PORT_CANDIDATE	genpooling_lee2	0	2	0	80000000	21529	0.000031
PORT_CANDIDATE	genpooling_lee2	0	2	1	1000000	21529	0.000028
PORT_CANDIDATE	genpooling_lee2	0	3	0	80000000	22250	0.000046
PORT_CANDIDATE	genpooling_lee2	0	3	1	1000000	22250	0.000034
PORT_CANDIDATE	genpooling_lee2	0	4	1	1000000	35321	0.000047
PORT_CANDIDATE	genpooling_lee2	1	0	0	80000000	23081	0.000034
PORT_CANDIDATE	genpooling_lee2	1	0	1	1000000	23081	0.000026
PORT_CANDIDATE	genpooling_lee2	1	1	0	80000000	21849	0.000035
PORT_CANDIDATE	genpooling_lee2	1	1	1	1000000	21849	0.000028
PORT_CANDIDATE	genpooling_lee2	1	2	0	80000000	21849	0.000030
PORT_CANDIDATE	genpooling_lee2	1	2	1	1000000	21849	0.000028
PORT_CANDIDATE	genpooling_lee2	1	3	0	80000000	22570	0.000040
PORT_CANDIDATE	genpooling_lee2	1	3	1	1000000	22570	0.000032
PORT_CANDIDATE	genpooling_lee2	1	4	1	1000000	31821	0.000041
PORT_ROW	genpooling_lee2	221	1048	19895	14028	14028	14028	14028	14028	14028	14028	14028	14028
PORT_CANDIDATE	popdynm25	0	0	0	80000000	5635404	0.000605
PORT_CANDIDATE	popdynm25	0	0	1	1147248	18446744073709551615	0.000060
PORT_CANDIDATE	popdynm25	0	1	0	80000000	307183	0.000547
PORT_CANDIDATE	popdynm25	0	1	1	1147248	18446744073709551615	0.000052
PORT_CANDIDATE	popdynm25	0	2	0	80000000	307183	0.000530
PORT_CANDIDATE	popdynm25	0	2	1	1147248	18446744073709551615	0.000058
PORT_CANDIDATE	popdynm25	0	3	0	80000000	1460934	0.000844
PORT_CANDIDATE	popdynm25	0	3	1	1147248	18446744073709551615	0.000109
PORT_CANDIDATE	popdynm25	0	4	1	1147248	18446744073709551615	0.000336
PORT_CANDIDATE	popdynm25	1	0	0	80000000	2465244	0.000505
PORT_CANDIDATE	popdynm25	1	0	1	1147248	18446744073709551615	0.000262
PORT_CANDIDATE	popdynm25	1	1	0	80000000	358007	0.000576
PORT_CANDIDATE	popdynm25	1	1	1	1147248	18446744073709551615	0.000247
PORT_CANDIDATE	popdynm25	1	2	0	80000000	364602	0.000568
PORT_CANDIDATE	popdynm25	1	2	1	1147248	18446744073709551615	0.000232
PORT_CANDIDATE	popdynm25	1	3	0	80000000	475823	0.000727
PORT_CANDIDATE	popdynm25	1	3	1	1147248	18446744073709551615	0.000286
PORT_CANDIDATE	popdynm25	1	4	1	1147248	18446744073709551615	0.000822
PORT_ROW	popdynm25	2807	13904	360081	286812	286812	286812	286812	286812	286812	286812	286812	286812
PORT_CANDIDATE	chp_partload	0	0	0	80000000	1003575	0.000966
PORT_CANDIDATE	chp_partload	0	0	1	1495188	18446744073709551615	0.000053
PORT_CANDIDATE	chp_partload	0	1	0	80000000	544986	0.000942
PORT_CANDIDATE	chp_partload	0	1	1	1495188	18446744073709551615	0.000044
PORT_CANDIDATE	chp_partload	0	2	0	80000000	560120	0.000932
PORT_CANDIDATE	chp_partload	0	2	1	1495188	18446744073709551615	0.000045
PORT_CANDIDATE	chp_partload	0	3	0	80000000	1770716	0.001047
PORT_CANDIDATE	chp_partload	0	3	1	1495188	18446744073709551615	0.000050
PORT_CANDIDATE	chp_partload	0	4	1	1495188	18446744073709551615	0.000472
PORT_CANDIDATE	chp_partload	1	0	0	80000000	1192409	0.000931
PORT_CANDIDATE	chp_partload	1	0	1	1495188	18446744073709551615	0.000060
PORT_CANDIDATE	chp_partload	1	1	0	80000000	544611	0.000925
PORT_CANDIDATE	chp_partload	1	1	1	1495188	18446744073709551615	0.000053
PORT_CANDIDATE	chp_partload	1	2	0	80000000	523301	0.000923
PORT_CANDIDATE	chp_partload	1	2	1	1495188	18446744073709551615	0.000055
PORT_CANDIDATE	chp_partload	1	3	0	80000000	1070798	0.000962
PORT_CANDIDATE	chp_partload	1	3	1	1495188	18446744073709551615	0.000057
PORT_CANDIDATE	chp_partload	1	4	1	1495188	18446744073709551615	0.000441
PORT_ROW	chp_partload	5211	16740	509170	373797	373797	373797	373797	373797	373797	373797	373797	373797
PORT_ROW	qspp_0_14_0_1_10_1	560	120274	16119226	16038266	16038266	16038266	16038266	16038266	16038266	16038266	16038266	16038266
PORT_ROW	st_glmp_ss1	24	66	160	160	160	160	160	160	160	160	160	160
PORT_ROW	torsion50	2508	29808	1691033	1119054	1119054	1119054	1119054	1119054	1119054	1119054	1119054	1119054
PORT_CANDIDATE	st_rv2	0	0	0	80000000	2045	0.000003
PORT_CANDIDATE	st_rv2	0	0	1	1000000	2045	0.000003
PORT_CANDIDATE	st_rv2	0	1	0	80000000	2045	0.000002
PORT_CANDIDATE	st_rv2	0	1	1	1000000	2045	0.000002
PORT_CANDIDATE	st_rv2	0	2	0	80000000	2045	0.000002
PORT_CANDIDATE	st_rv2	0	2	1	1000000	2045	0.000002
PORT_CANDIDATE	st_rv2	0	3	0	80000000	2045	0.000003
PORT_CANDIDATE	st_rv2	0	3	1	1000000	2045	0.000003
PORT_CANDIDATE	st_rv2	0	4	1	1000000	2045	0.000002
PORT_CANDIDATE	st_rv2	1	0	0	80000000	2045	0.000010
PORT_CANDIDATE	st_rv2	1	0	1	1000000	2045	0.000008
PORT_CANDIDATE	st_rv2	1	1	0	80000000	2045	0.000010
PORT_CANDIDATE	st_rv2	1	1	1	1000000	2045	0.000009
PORT_CANDIDATE	st_rv2	1	2	0	80000000	2045	0.000011
PORT_CANDIDATE	st_rv2	1	2	1	1000000	2045	0.000010
PORT_CANDIDATE	st_rv2	1	3	0	80000000	2045	0.000009
PORT_CANDIDATE	st_rv2	1	3	1	1000000	2045	0.000008
PORT_CANDIDATE	st_rv2	1	4	1	1000000	2045	0.000009
PORT_ROW	st_rv2	40	340	2045	2045	2045	2045	2045	2045	2045	2045	2045	2045
PORT_CANDIDATE	emfl100_3_3	0	0	0	80000000	55506	0.000520
PORT_CANDIDATE	emfl100_3_3	0	0	1	1000000	18446744073709551615	0.000054
PORT_CANDIDATE	emfl100_3_3	0	1	0	80000000	55506	0.000496
PORT_CANDIDATE	emfl100_3_3	0	1	1	1000000	18446744073709551615	0.000030
PORT_CANDIDATE	emfl100_3_3	0	2	0	80000000	55506	0.000527
PORT_CANDIDATE	emfl100_3_3	0	2	1	1000000	18446744073709551615	0.000057
PORT_CANDIDATE	emfl100_3_3	0	3	0	80000000	55506	0.000602
PORT_CANDIDATE	emfl100_3_3	0	3	1	1000000	18446744073709551615	0.000074
PORT_CANDIDATE	emfl100_3_3	0	4	1	1000000	18446744073709551615	0.000097
PORT_ROW	emfl100_3_3	6885	15948	55506	55506	55506	55506	55506	55506	55506	55506	55506	55506
PORT_ROW	pedigree_sim400	351	23546	1183471	1183168	1183168	1183168	1183168	1183168	1183168	1183168	1183168	1183168
PORT_ROW	polygon75	5846	49652	1171822	1171822	1171822	1171822	1171822	1171822	1171822	1171822	1171822	1171822
PORT_ROW	gabriel10	244056	1148210	1365442310	1267760679	1267760679	1267760679	1267760679	1267760679	1267760679	1267760679	1267760679	1267760679
PORT_CANDIDATE	fo9_ar25_1	0	0	0	80000000	42316	0.000114
PORT_CANDIDATE	fo9_ar25_1	0	0	1	1000000	42316	0.000097
PORT_CANDIDATE	fo9_ar25_1	0	1	0	80000000	45011	0.000098
PORT_CANDIDATE	fo9_ar25_1	0	1	1	1000000	45011	0.000082
PORT_CANDIDATE	fo9_ar25_1	0	2	0	80000000	45011	0.000085
PORT_CANDIDATE	fo9_ar25_1	0	2	1	1000000	45011	0.000079
PORT_CANDIDATE	fo9_ar25_1	0	3	0	80000000	42316	0.000105
PORT_CANDIDATE	fo9_ar25_1	0	3	1	1000000	42316	0.000092
PORT_CANDIDATE	fo9_ar25_1	0	4	1	1000000	42316	0.000092
PORT_CANDIDATE	fo9_ar25_1	1	0	0	80000000	42316	0.000104
PORT_CANDIDATE	fo9_ar25_1	1	0	1	1000000	42316	0.000094
PORT_CANDIDATE	fo9_ar25_1	1	1	0	80000000	45011	0.000095
PORT_CANDIDATE	fo9_ar25_1	1	1	1	1000000	45011	0.000082
PORT_CANDIDATE	fo9_ar25_1	1	2	0	80000000	45011	0.000086
PORT_CANDIDATE	fo9_ar25_1	1	2	1	1000000	45011	0.000081
PORT_CANDIDATE	fo9_ar25_1	1	3	0	80000000	42316	0.000110
PORT_CANDIDATE	fo9_ar25_1	1	3	1	1000000	42316	0.000098
PORT_CANDIDATE	fo9_ar25_1	1	4	1	1000000	42316	0.000098
PORT_ROW	fo9_ar25_1	1049	4336	41668	38237	38237	38237	38237	38237	38237	38237	38237	38237
PORT_CANDIDATE	rsyn0840m	0	0	0	80000000	12548	0.000143
PORT_CANDIDATE	rsyn0840m	0	0	1	1000000	12548	0.000100
PORT_CANDIDATE	rsyn0840m	0	1	0	80000000	12230	0.000135
PORT_CANDIDATE	rsyn0840m	0	1	1	1000000	12230	0.000098
PORT_CANDIDATE	rsyn0840m	0	2	0	80000000	12060	0.000132
PORT_CANDIDATE	rsyn0840m	0	2	1	1000000	12060	0.000099
PORT_CANDIDATE	rsyn0840m	0	3	0	80000000	13564	0.000142
PORT_CANDIDATE	rsyn0840m	0	3	1	1000000	13564	0.000101
PORT_CANDIDATE	rsyn0840m	0	4	1	1000000	94235	0.000175
PORT_CANDIDATE	rsyn0840m	1	0	0	80000000	17890	0.000138
PORT_CANDIDATE	rsyn0840m	1	0	1	1000000	17890	0.000095
PORT_CANDIDATE	rsyn0840m	1	1	0	80000000	16811	0.000130
PORT_CANDIDATE	rsyn0840m	1	1	1	1000000	16811	0.000094
PORT_CANDIDATE	rsyn0840m	1	2	0	80000000	14805	0.000125
PORT_CANDIDATE	rsyn0840m	1	2	1	1000000	14805	0.000095
PORT_CANDIDATE	rsyn0840m	1	3	0	80000000	15620	0.000129
PORT_CANDIDATE	rsyn0840m	1	3	1	1000000	15620	0.000094
PORT_CANDIDATE	rsyn0840m	1	4	1	1000000	28236	0.000134
PORT_ROW	rsyn0840m	1159	3168	11274	10602	10602	10602	10602	10602	10602	10602	10602	10602
PORT_CANDIDATE	gancns	0	0	0	80000000	115506	0.000154
PORT_CANDIDATE	gancns	0	0	1	1000000	115506	0.000106
PORT_CANDIDATE	gancns	0	1	0	80000000	79832	0.000168
PORT_CANDIDATE	gancns	0	1	1	1000000	79832	0.000113
PORT_CANDIDATE	gancns	0	2	0	80000000	64916	0.000152
PORT_CANDIDATE	gancns	0	2	1	1000000	64916	0.000106
PORT_CANDIDATE	gancns	0	3	0	80000000	112973	0.000177
PORT_CANDIDATE	gancns	0	3	1	1000000	112973	0.000129
PORT_CANDIDATE	gancns	0	4	1	1000000	215981	0.000157
PORT_CANDIDATE	gancns	1	0	0	80000000	100028	0.000201
PORT_CANDIDATE	gancns	1	0	1	1000000	100028	0.000143
PORT_CANDIDATE	gancns	1	1	0	80000000	73784	0.000219
PORT_CANDIDATE	gancns	1	1	1	1000000	73784	0.000162
PORT_CANDIDATE	gancns	1	2	0	80000000	67342	0.000202
PORT_CANDIDATE	gancns	1	2	1	1000000	67342	0.000151
PORT_CANDIDATE	gancns	1	3	0	80000000	137693	0.000214
PORT_CANDIDATE	gancns	1	3	1	1000000	137693	0.000169
PORT_CANDIDATE	gancns	1	4	1	1000000	305653	0.000259
PORT_ROW	gancns	548	2800	69234	58861	58861	58861	58861	58861	58861	58861	58861	58861
PORT_CANDIDATE	o9_ar4_1	0	0	0	80000000	42316	0.000110
PORT_CANDIDATE	o9_ar4_1	0	0	1	1000000	42316	0.000096
PORT_CANDIDATE	o9_ar4_1	0	1	0	80000000	45011	0.000098
PORT_CANDIDATE	o9_ar4_1	0	1	1	1000000	45011	0.000084
PORT_CANDIDATE	o9_ar4_1	0	2	0	80000000	45011	0.000085
PORT_CANDIDATE	o9_ar4_1	0	2	1	1000000	45011	0.000079
PORT_CANDIDATE	o9_ar4_1	0	3	0	80000000	42316	0.000108
PORT_CANDIDATE	o9_ar4_1	0	3	1	1000000	42316	0.000093
PORT_CANDIDATE	o9_ar4_1	0	4	1	1000000	42316	0.000093
PORT_CANDIDATE	o9_ar4_1	1	0	0	80000000	42316	0.000105
PORT_CANDIDATE	o9_ar4_1	1	0	1	1000000	42316	0.000094
PORT_CANDIDATE	o9_ar4_1	1	1	0	80000000	45011	0.000095
PORT_CANDIDATE	o9_ar4_1	1	1	1	1000000	45011	0.000083
PORT_CANDIDATE	o9_ar4_1	1	2	0	80000000	45011	0.000086
PORT_CANDIDATE	o9_ar4_1	1	2	1	1000000	45011	0.000082
PORT_CANDIDATE	o9_ar4_1	1	3	0	80000000	42316	0.000112
PORT_CANDIDATE	o9_ar4_1	1	3	1	1000000	42316	0.000099
PORT_CANDIDATE	o9_ar4_1	1	4	1	1000000	42316	0.000098
PORT_ROW	o9_ar4_1	1049	4336	41668	38237	38237	38237	38237	38237	38237	38237	38237	38237
PORT_CANDIDATE	ex1265a	0	0	0	80000000	7337	0.000026
PORT_CANDIDATE	ex1265a	0	0	1	1000000	7337	0.000014
PORT_CANDIDATE	ex1265a	0	1	0	80000000	9170	0.000025
PORT_CANDIDATE	ex1265a	0	1	1	1000000	9170	0.000016
PORT_CANDIDATE	ex1265a	0	2	0	80000000	9170	0.000018
PORT_CANDIDATE	ex1265a	0	2	1	1000000	9170	0.000015
PORT_CANDIDATE	ex1265a	0	3	0	80000000	4079	0.000026
PORT_CANDIDATE	ex1265a	0	3	1	1000000	4079	0.000017
PORT_CANDIDATE	ex1265a	0	4	1	1000000	6656	0.000014
PORT_CANDIDATE	ex1265a	1	0	0	80000000	10311	0.000027
PORT_CANDIDATE	ex1265a	1	0	1	1000000	10311	0.000017
PORT_CANDIDATE	ex1265a	1	1	0	80000000	4430	0.000023
PORT_CANDIDATE	ex1265a	1	1	1	1000000	4430	0.000015
PORT_CANDIDATE	ex1265a	1	2	0	80000000	4430	0.000016
PORT_CANDIDATE	ex1265a	1	2	1	1000000	4430	0.000013
PORT_CANDIDATE	ex1265a	1	3	0	80000000	4805	0.000027
PORT_CANDIDATE	ex1265a	1	3	1	1000000	4805	0.000017
PORT_CANDIDATE	ex1265a	1	4	1	1000000	6872	0.000016
PORT_ROW	ex1265a	123	560	3948	3750	3750	3750	3750	3750	3750	3750	3750	3750
PORT_ROW	ex9_2_6	28	68	190	190	190	190	190	190	190	190	190	190
PORT_ROW	qspp_0_13_0_1_10_1	481	88522	10150185	10097446	10097446	10097446	10097446	10097446	10097446	10097446	10097446	10097446
PORT_CANDIDATE	slay04m	0	0	0	80000000	1554	0.000013
PORT_CANDIDATE	slay04m	0	0	1	1000000	1554	0.000009
PORT_CANDIDATE	slay04m	0	1	0	80000000	1554	0.000012
PORT_CANDIDATE	slay04m	0	1	1	1000000	1554	0.000009
PORT_CANDIDATE	slay04m	0	2	0	80000000	1554	0.000011
PORT_CANDIDATE	slay04m	0	2	1	1000000	1554	0.000009
PORT_CANDIDATE	slay04m	0	3	0	80000000	1728	0.000014
PORT_CANDIDATE	slay04m	0	3	1	1000000	1728	0.000010
PORT_CANDIDATE	slay04m	0	4	1	1000000	1728	0.000009
PORT_ROW	slay04m	146	432	1554	1554	1554	1554	1554	1554	1554	1554	1554	1554
PORT_ROW	st_e25	20	92	336	262	262	262	262	262	262	262	262	262
PORT_CANDIDATE	ex8_4_1	0	0	0	80000000	248	0.000003
PORT_CANDIDATE	ex8_4_1	0	0	1	1000000	248	0.000002
PORT_CANDIDATE	ex8_4_1	0	1	0	80000000	225	0.000002
PORT_CANDIDATE	ex8_4_1	0	1	1	1000000	225	0.000002
PORT_CANDIDATE	ex8_4_1	0	2	0	80000000	232	0.000003
PORT_CANDIDATE	ex8_4_1	0	2	1	1000000	232	0.000002
PORT_CANDIDATE	ex8_4_1	0	3	0	80000000	225	0.000003
PORT_CANDIDATE	ex8_4_1	0	3	1	1000000	225	0.000002
PORT_CANDIDATE	ex8_4_1	0	4	1	1000000	370	0.000002
PORT_ROW	ex8_4_1	32	100	225	225	225	225	225	225	225	225	225	225
PORT_ROW	st_e07	19	60	199	199	199	199	199	199	199	199	199	199
PORT_ROW	ex1225	26	66	171	161	161	161	161	161	161	161	161	161
PORT_CANDIDATE	ndcc13	0	0	0	80000000	558758	0.000202
PORT_CANDIDATE	ndcc13	0	0	1	1298908	558758	0.000173
PORT_CANDIDATE	ndcc13	0	1	0	80000000	334823	0.000212
PORT_CANDIDATE	ndcc13	0	1	1	1298908	334823	0.000185
PORT_CANDIDATE	ndcc13	0	2	0	80000000	334823	0.000194
PORT_CANDIDATE	ndcc13	0	2	1	1298908	334823	0.000180
PORT_CANDIDATE	ndcc13	0	3	0	80000000	1088987	0.000249
PORT_CANDIDATE	ndcc13	0	3	1	1298908	1088987	0.000223
PORT_CANDIDATE	ndcc13	0	4	1	1298908	694678	0.000291
PORT_ROW	ndcc13	969	5882	525212	324727	324727	324727	324727	324727	324727	324727	324727	324727
PORT_CANDIDATE	syn10m04m	0	0	0	80000000	15358	0.000136
PORT_CANDIDATE	syn10m04m	0	0	1	1000000	15358	0.000131
PORT_CANDIDATE	syn10m04m	0	1	0	80000000	14003	0.000136
PORT_CANDIDATE	syn10m04m	0	1	1	1000000	14003	0.000106
PORT_CANDIDATE	syn10m04m	0	2	0	80000000	13947	0.000120
PORT_CANDIDATE	syn10m04m	0	2	1	1000000	13947	0.000098
PORT_CANDIDATE	syn10m04m	0	3	0	80000000	15558	0.000136
PORT_CANDIDATE	syn10m04m	0	3	1	1000000	15558	0.000104
PORT_CANDIDATE	syn10m04m	0	4	1	1000000	94736	0.000203
PORT_CANDIDATE	syn10m04m	1	0	0	80000000	16213	0.000124
PORT_CANDIDATE	syn10m04m	1	0	1	1000000	16213	0.000094
PORT_CANDIDATE	syn10m04m	1	1	0	80000000	14731	0.000110
PORT_CANDIDATE	syn10m04m	1	1	1	1000000	14731	0.000089
PORT_CANDIDATE	syn10m04m	1	2	0	80000000	14731	0.000105
PORT_CANDIDATE	syn10m04m	1	2	1	1000000	14731	0.000092
PORT_CANDIDATE	syn10m04m	1	3	0	80000000	15412	0.000115
PORT_CANDIDATE	syn10m04m	1	3	1	1000000	15412	0.000094
PORT_CANDIDATE	syn10m04m	1	4	1	1000000	37381	0.000143
PORT_ROW	syn10m04m	1224	3384	13501	13473	13473	13473	13473	13473	13473	13473	13473	13473
PORT_ROW	ex5_2_4	18	62	204	193	193	193	193	193	193	193	193	193
PORT_ROW	st_m2	72	1226	16331	16331	16331	16331	16331	16331	16331	16331	16331	16331
PORT_ROW	st_bpk1	16	44	115	108	108	108	108	108	108	108	108	108
PORT_CANDIDATE	multiplants_stg1	0	0	0	80000000	391267	0.000308
PORT_CANDIDATE	multiplants_stg1	0	0	1	1000000	391267	0.000252
PORT_CANDIDATE	multiplants_stg1	0	1	0	80000000	189660	0.000303
PORT_CANDIDATE	multiplants_stg1	0	1	1	1000000	189660	0.000253
PORT_CANDIDATE	multiplants_stg1	0	2	0	80000000	189660	0.000264
PORT_CANDIDATE	multiplants_stg1	0	2	1	1000000	189660	0.000236
PORT_CANDIDATE	multiplants_stg1	0	3	0	80000000	552825	0.000346
PORT_CANDIDATE	multiplants_stg1	0	3	1	1000000	552825	0.000298
PORT_CANDIDATE	multiplants_stg1	0	4	1	1000000	895966	0.000330
PORT_CANDIDATE	multiplants_stg1	1	0	0	80000000	374021	0.000181
PORT_CANDIDATE	multiplants_stg1	1	0	1	1000000	374021	0.000127
PORT_CANDIDATE	multiplants_stg1	1	1	0	80000000	206377	0.000188
PORT_CANDIDATE	multiplants_stg1	1	1	1	1000000	206377	0.000147
PORT_CANDIDATE	multiplants_stg1	1	2	0	80000000	206377	0.000160
PORT_CANDIDATE	multiplants_stg1	1	2	1	1000000	206377	0.000130
PORT_CANDIDATE	multiplants_stg1	1	3	0	80000000	397139	0.000207
PORT_CANDIDATE	multiplants_stg1	1	3	1	1000000	397139	0.000161
PORT_CANDIDATE	multiplants_stg1	1	4	1	1000000	751887	0.000269
PORT_ROW	multiplants_stg1	736	3594	197998	155496	155496	155496	155496	155496	155496	155496	155496	155496
PORT_CANDIDATE	powerflow0300p	0	0	0	80000000	483056	0.001437
PORT_CANDIDATE	powerflow0300p	0	0	1	1168404	18446744073709551615	0.000059
PORT_CANDIDATE	powerflow0300p	0	1	0	80000000	317276	0.001390
PORT_CANDIDATE	powerflow0300p	0	1	1	1168404	18446744073709551615	0.000052
PORT_CANDIDATE	powerflow0300p	0	2	0	80000000	315156	0.001394
PORT_CANDIDATE	powerflow0300p	0	2	1	1168404	18446744073709551615	0.000052
PORT_CANDIDATE	powerflow0300p	0	3	0	80000000	585653	0.001510
PORT_CANDIDATE	powerflow0300p	0	3	1	1168404	18446744073709551615	0.000052
PORT_CANDIDATE	powerflow0300p	0	4	1	1168404	18446744073709551615	0.000050
PORT_CANDIDATE	powerflow0300p	1	0	0	80000000	474244	0.001385
PORT_CANDIDATE	powerflow0300p	1	0	1	1168404	18446744073709551615	0.000050
PORT_CANDIDATE	powerflow0300p	1	1	0	80000000	321140	0.001290
PORT_CANDIDATE	powerflow0300p	1	1	1	1168404	18446744073709551615	0.000049
PORT_CANDIDATE	powerflow0300p	1	2	0	80000000	321140	0.001278
PORT_CANDIDATE	powerflow0300p	1	2	1	1168404	18446744073709551615	0.000049
PORT_CANDIDATE	powerflow0300p	1	3	0	80000000	431298	0.001463
PORT_CANDIDATE	powerflow0300p	1	3	1	1168404	18446744073709551615	0.000051
PORT_CANDIDATE	powerflow0300p	1	4	1	1168404	18446744073709551615	0.000049
PORT_ROW	powerflow0300p	11251	41918	304705	292101	292101	292101	292101	292101	292101	292101	292101	292101
PORT_ROW	nd_netgen-3000-1-1-b-b-ns_7	33155	90000	922197	885186	885186	885186	885186	885186	885186	885186	885186	885186
PORT_CANDIDATE	sonet23v4	0	0	0	80000000	752358	0.000181
PORT_CANDIDATE	sonet23v4	0	0	1	1000000	752358	0.000142
PORT_CANDIDATE	sonet23v4	0	1	0	80000000	982348	0.000179
PORT_CANDIDATE	sonet23v4	0	1	1	1000000	18446744073709551615	0.000107
PORT_CANDIDATE	sonet23v4	0	2	0	80000000	337115	0.000211
PORT_CANDIDATE	sonet23v4	0	2	1	1000000	337115	0.000185
PORT_CANDIDATE	sonet23v4	0	3	0	80000000	201843	0.000214
PORT_CANDIDATE	sonet23v4	0	3	1	1000000	201843	0.000193
PORT_CANDIDATE	sonet23v4	0	4	1	1000000	449242	0.000153
PORT_CANDIDATE	sonet23v4	1	0	0	80000000	740859	0.000154
PORT_CANDIDATE	sonet23v4	1	0	1	1000000	740859	0.000128
PORT_CANDIDATE	sonet23v4	1	1	0	80000000	982407	0.000162
PORT_CANDIDATE	sonet23v4	1	1	1	1000000	18446744073709551615	0.000102
PORT_CANDIDATE	sonet23v4	1	2	0	80000000	337174	0.000207
PORT_CANDIDATE	sonet23v4	1	2	1	1000000	337174	0.000170
PORT_CANDIDATE	sonet23v4	1	3	0	80000000	201902	0.000201
PORT_CANDIDATE	sonet23v4	1	3	1	1000000	201902	0.000183
PORT_CANDIDATE	sonet23v4	1	4	1	1000000	449301	0.000156
PORT_ROW	sonet23v4	803	6462	139703	94348	94348	94348	94348	94348	94348	94348	94348	94348
PORT_ROW	pooling_sppa0pq	1649	24192	3745896	1214182	1214182	1214182	1214182	1214182	1214182	1214182	1214182	1214182
PORT_CANDIDATE	multiplants_mtg1b	0	0	0	80000000	306707	0.000238
PORT_CANDIDATE	multiplants_mtg1b	0	0	1	1000000	306707	0.000176
PORT_CANDIDATE	multiplants_mtg1b	0	1	0	80000000	273800	0.000264
PORT_CANDIDATE	multiplants_mtg1b	0	1	1	1000000	273800	0.000219
PORT_CANDIDATE	multiplants_mtg1b	0	2	0	80000000	259758	0.000241
PORT_CANDIDATE	multiplants_mtg1b	0	2	1	1000000	259758	0.000193
PORT_CANDIDATE	multiplants_mtg1b	0	3	0	80000000	605328	0.000289
PORT_CANDIDATE	multiplants_mtg1b	0	3	1	1000000	605328	0.000231
PORT_CANDIDATE	multiplants_mtg1b	0	4	1	1000000	305337	0.000208
PORT_ROW	multiplants_mtg1b	645	4404	229415	152043	152043	152043	152043	152043	152043	152043	152043	152043
PORT_CANDIDATE	sssd18-08persp	0	0	0	80000000	5722	0.000024
PORT_CANDIDATE	sssd18-08persp	0	0	1	1000000	5722	0.000019
PORT_CANDIDATE	sssd18-08persp	0	1	0	80000000	4726	0.000026
PORT_CANDIDATE	sssd18-08persp	0	1	1	1000000	4726	0.000022
PORT_CANDIDATE	sssd18-08persp	0	2	0	80000000	4936	0.000022
PORT_CANDIDATE	sssd18-08persp	0	2	1	1000000	4936	0.000020
PORT_CANDIDATE	sssd18-08persp	0	3	0	80000000	4870	0.000023
PORT_CANDIDATE	sssd18-08persp	0	3	1	1000000	4870	0.000019
PORT_CANDIDATE	sssd18-08persp	0	4	1	1000000	8470	0.000017
PORT_CANDIDATE	sssd18-08persp	1	0	0	80000000	5830	0.000048
PORT_CANDIDATE	sssd18-08persp	1	0	1	1000000	5830	0.000042
PORT_CANDIDATE	sssd18-08persp	1	1	0	80000000	5686	0.000047
PORT_CANDIDATE	sssd18-08persp	1	1	1	1000000	5686	0.000042
PORT_CANDIDATE	sssd18-08persp	1	2	0	80000000	5686	0.000046
PORT_CANDIDATE	sssd18-08persp	1	2	1	1000000	5686	0.000044
PORT_CANDIDATE	sssd18-08persp	1	3	0	80000000	5896	0.000047
PORT_CANDIDATE	sssd18-08persp	1	3	1	1000000	5896	0.000044
PORT_CANDIDATE	sssd18-08persp	1	4	1	1000000	6643	0.000040
PORT_ROW	sssd18-08persp	338	1168	4654	4654	4654	4654	4654	4654	4654	4654	4654	4654
PORT_ROW	ex9_1_2	19	54	188	179	179	179	179	179	179	179	179	179
PORT_CANDIDATE	crudeoil_lee1_07	0	0	0	80000000	7025353	0.001415
PORT_CANDIDATE	crudeoil_lee1_07	0	0	1	14052852	7025353	0.001354
PORT_CANDIDATE	crudeoil_lee1_07	0	1	0	80000000	6962617	0.001604
PORT_CANDIDATE	crudeoil_lee1_07	0	1	1	14052852	6962617	0.001580
PORT_CANDIDATE	crudeoil_lee1_07	0	2	0	80000000	4922966	0.001660
PORT_CANDIDATE	crudeoil_lee1_07	0	2	1	14052852	4922966	0.001629
PORT_CANDIDATE	crudeoil_lee1_07	0	3	0	80000000	11944299	0.001808
PORT_CANDIDATE	crudeoil_lee1_07	0	3	1	14052852	11944299	0.001729
PORT_CANDIDATE	crudeoil_lee1_07	0	4	1	14052852	11101676	0.001570
PORT_CANDIDATE	crudeoil_lee1_07	1	0	0	80000000	6990455	0.001286
PORT_CANDIDATE	crudeoil_lee1_07	1	0	1	14052852	6990455	0.001213
PORT_CANDIDATE	crudeoil_lee1_07	1	1	0	80000000	5308478	0.001436
PORT_CANDIDATE	crudeoil_lee1_07	1	1	1	14052852	5308478	0.001336
PORT_CANDIDATE	crudeoil_lee1_07	1	2	0	80000000	5401699	0.001487
PORT_CANDIDATE	crudeoil_lee1_07	1	2	1	14052852	5401699	0.001393
PORT_CANDIDATE	crudeoil_lee1_07	1	3	0	80000000	8199024	0.001548
PORT_CANDIDATE	crudeoil_lee1_07	1	3	1	14052852	8199024	0.001483
PORT_CANDIDATE	crudeoil_lee1_07	1	4	1	14052852	13649419	0.001617
PORT_ROW	crudeoil_lee1_07	3670	19322	4746188	3513213	3513213	3513213	3513213	3513213	3513213	3513213	3513213	3513213
PORT_ROW	pooling_haverly1tp	31	96	423	403	403	403	403	403	403	403	403	403
PORT_CANDIDATE	waterund08	0	0	0	80000000	34436	0.000043
PORT_CANDIDATE	waterund08	0	0	1	1000000	34436	0.000031
PORT_CANDIDATE	waterund08	0	1	0	80000000	35284	0.000037
PORT_CANDIDATE	waterund08	0	1	1	1000000	35284	0.000028
PORT_CANDIDATE	waterund08	0	2	0	80000000	35284	0.000033
PORT_CANDIDATE	waterund08	0	2	1	1000000	35284	0.000028
PORT_CANDIDATE	waterund08	0	3	0	80000000	37852	0.000050
PORT_CANDIDATE	waterund08	0	3	1	1000000	37852	0.000034
PORT_CANDIDATE	waterund08	0	4	1	1000000	47190	0.000037
PORT_ROW	waterund08	230	1290	35284	30110	30110	30110	30110	30110	30110	30110	30110	30110
PORT_CANDIDATE	kall_diffcircles_6	0	0	0	80000000	1516	0.000010
PORT_CANDIDATE	kall_diffcircles_6	0	0	1	1000000	1516	0.000007
PORT_CANDIDATE	kall_diffcircles_6	0	1	0	80000000	1516	0.000010
PORT_CANDIDATE	kall_diffcircles_6	0	1	1	1000000	1516	0.000007
PORT_CANDIDATE	kall_diffcircles_6	0	2	0	80000000	1516	0.000008
PORT_CANDIDATE	kall_diffcircles_6	0	2	1	1000000	1516	0.000007
PORT_CANDIDATE	kall_diffcircles_6	0	3	0	80000000	1516	0.000009
PORT_CANDIDATE	kall_diffcircles_6	0	3	1	1000000	1516	0.000007
PORT_CANDIDATE	kall_diffcircles_6	0	4	1	1000000	1516	0.000007
PORT_CANDIDATE	kall_diffcircles_6	1	0	0	80000000	1918	0.000012
PORT_CANDIDATE	kall_diffcircles_6	1	0	1	1000000	1918	0.000008
PORT_CANDIDATE	kall_diffcircles_6	1	1	0	80000000	1918	0.000010
PORT_CANDIDATE	kall_diffcircles_6	1	1	1	1000000	1918	0.000007
PORT_CANDIDATE	kall_diffcircles_6	1	2	0	80000000	1918	0.000009
PORT_CANDIDATE	kall_diffcircles_6	1	2	1	1000000	1918	0.000007
PORT_CANDIDATE	kall_diffcircles_6	1	3	0	80000000	1918	0.000010
PORT_CANDIDATE	kall_diffcircles_6	1	3	1	1000000	1918	0.000008
PORT_CANDIDATE	kall_diffcircles_6	1	4	1	1000000	1918	0.000007
PORT_ROW	kall_diffcircles_6	76	302	1511	1511	1511	1511	1511	1511	1511	1511	1511	1511
PORT_CANDIDATE	chimera_mgw-c8-439-onc8-001	0	0	0	80000000	151721	0.000147
PORT_CANDIDATE	chimera_mgw-c8-439-onc8-001	0	0	1	1000000	151721	0.000098
PORT_CANDIDATE	chimera_mgw-c8-439-onc8-001	0	1	0	80000000	101957	0.000159
PORT_CANDIDATE	chimera_mgw-c8-439-onc8-001	0	1	1	1000000	101957	0.000112
PORT_CANDIDATE	chimera_mgw-c8-439-onc8-001	0	2	0	80000000	101610	0.000122
PORT_CANDIDATE	chimera_mgw-c8-439-onc8-001	0	2	1	1000000	101610	0.000093
PORT_CANDIDATE	chimera_mgw-c8-439-onc8-001	0	3	0	80000000	113030	0.000168
PORT_CANDIDATE	chimera_mgw-c8-439-onc8-001	0	3	1	1000000	113030	0.000125
PORT_CANDIDATE	chimera_mgw-c8-439-onc8-001	0	4	1	1000000	201299	0.000167
PORT_CANDIDATE	chimera_mgw-c8-439-onc8-001	1	0	0	80000000	171268	0.000168
PORT_CANDIDATE	chimera_mgw-c8-439-onc8-001	1	0	1	1000000	171268	0.000130
PORT_CANDIDATE	chimera_mgw-c8-439-onc8-001	1	1	0	80000000	106032	0.000180
PORT_CANDIDATE	chimera_mgw-c8-439-onc8-001	1	1	1	1000000	106032	0.000141
PORT_CANDIDATE	chimera_mgw-c8-439-onc8-001	1	2	0	80000000	103624	0.000151
PORT_CANDIDATE	chimera_mgw-c8-439-onc8-001	1	2	1	1000000	103624	0.000114
PORT_CANDIDATE	chimera_mgw-c8-439-onc8-001	1	3	0	80000000	119439	0.000202
PORT_CANDIDATE	chimera_mgw-c8-439-onc8-001	1	3	1	1000000	119439	0.000152
PORT_CANDIDATE	chimera_mgw-c8-439-onc8-001	1	4	1	1000000	357350	0.000247
PORT_ROW	chimera_mgw-c8-439-onc8-001	440	3040	106479	80090	80090	80090	80090	80090	80090	80090	80090	80090
PORT_CANDIDATE	waterund11	0	0	0	80000000	12588	0.000031
PORT_CANDIDATE	waterund11	0	0	1	1000000	12588	0.000018
PORT_CANDIDATE	waterund11	0	1	0	80000000	12884	0.000027
PORT_CANDIDATE	waterund11	0	1	1	1000000	12884	0.000017
PORT_CANDIDATE	waterund11	0	2	0	80000000	12884	0.000022
PORT_CANDIDATE	waterund11	0	2	1	1000000	12884	0.000017
PORT_CANDIDATE	waterund11	0	3	0	80000000	11328	0.000031
PORT_CANDIDATE	waterund11	0	3	1	1000000	11328	0.000019
PORT_CANDIDATE	waterund11	0	4	1	1000000	15959	0.000019
PORT_ROW	waterund11	160	828	14818	10705	10705	10705	10705	10705	10705	10705	10705	10705
PORT_CANDIDATE	chp_shorttermplan2d	0	0	0	80000000	3953335	0.002070
PORT_CANDIDATE	chp_shorttermplan2d	0	0	1	8418896	18446744073709551615	0.000124
PORT_CANDIDATE	chp_shorttermplan2d	0	1	0	80000000	4928998	0.002059
PORT_CANDIDATE	chp_shorttermplan2d	0	1	1	8418896	18446744073709551615	0.000115
PORT_CANDIDATE	chp_shorttermplan2d	0	2	0	80000000	4928998	0.002143
PORT_CANDIDATE	chp_shorttermplan2d	0	2	1	8418896	18446744073709551615	0.000130
PORT_CANDIDATE	chp_shorttermplan2d	0	3	0	80000000	7616318	0.002595
PORT_CANDIDATE	chp_shorttermplan2d	0	3	1	8418896	18446744073709551615	0.000141
PORT_CANDIDATE	chp_shorttermplan2d	0	4	1	8418896	18446744073709551615	0.000131
PORT_CANDIDATE	chp_shorttermplan2d	1	0	0	80000000	3961591	0.002021
PORT_CANDIDATE	chp_shorttermplan2d	1	0	1	8418896	18446744073709551615	0.000125
PORT_CANDIDATE	chp_shorttermplan2d	1	1	0	80000000	3833670	0.002194
PORT_CANDIDATE	chp_shorttermplan2d	1	1	1	8418896	18446744073709551615	0.000123
PORT_CANDIDATE	chp_shorttermplan2d	1	2	0	80000000	3203269	0.002135
PORT_CANDIDATE	chp_shorttermplan2d	1	2	1	8418896	18446744073709551615	0.000133
PORT_CANDIDATE	chp_shorttermplan2d	1	3	0	80000000	17492342	0.002522
PORT_CANDIDATE	chp_shorttermplan2d	1	3	1	8418896	18446744073709551615	0.000137
PORT_CANDIDATE	chp_shorttermplan2d	1	4	1	8418896	18446744073709551615	0.000126
PORT_ROW	chp_shorttermplan2d	16364	52108	4089003	2104724	2104724	2104724	2104724	2104724	2104724	2104724	2104724	2104724
PORT_CANDIDATE	sporttournament18	0	0	0	80000000	23169	0.000055
PORT_CANDIDATE	sporttournament18	0	0	1	1000000	23169	0.000032
PORT_CANDIDATE	sporttournament18	0	1	0	80000000	17692	0.000054
PORT_CANDIDATE	sporttournament18	0	1	1	1000000	17692	0.000032
PORT_CANDIDATE	sporttournament18	0	2	0	80000000	17692	0.000039
PORT_CANDIDATE	sporttournament18	0	2	1	1000000	17692	0.000029
PORT_CANDIDATE	sporttournament18	0	3	0	80000000	19513	0.000069
PORT_CANDIDATE	sporttournament18	0	3	1	1000000	19513	0.000040
PORT_CANDIDATE	sporttournament18	0	4	1	1000000	106049	0.000056
PORT_CANDIDATE	sporttournament18	1	0	0	80000000	19801	0.000055
PORT_CANDIDATE	sporttournament18	1	0	1	1000000	19801	0.000029
PORT_CANDIDATE	sporttournament18	1	1	0	80000000	16862	0.000053
PORT_CANDIDATE	sporttournament18	1	1	1	1000000	16862	0.000032
PORT_CANDIDATE	sporttournament18	1	2	0	80000000	16862	0.000039
PORT_CANDIDATE	sporttournament18	1	2	1	1000000	16862	0.000029
PORT_CANDIDATE	sporttournament18	1	3	0	80000000	25367	0.000058
PORT_CANDIDATE	sporttournament18	1	3	1	1000000	25367	0.000034
PORT_CANDIDATE	sporttournament18	1	4	1	1000000	24132	0.000041
PORT_ROW	sporttournament18	156	886	17568	13608	13608	13608	13608	13608	13608	13608	13608	13608
PORT_ROW	cvxnonsep_psig30	30	870	9455	9455	9455	9455	9455	9455	9455	9455	9455	9455
PORT_ROW	ringpack_20_2	6089	40368	1872174	707413	707413	707413	707413	707413	707413	707413	707413	707413
PORT_CANDIDATE	blend718	0	0	0	80000000	78565	0.000205
PORT_CANDIDATE	blend718	0	0	1	1000000	78565	0.000155
PORT_CANDIDATE	blend718	0	1	0	80000000	76567	0.000215
PORT_CANDIDATE	blend718	0	1	1	1000000	76567	0.000169
PORT_CANDIDATE	blend718	0	2	0	80000000	72761	0.000198
PORT_CANDIDATE	blend718	0	2	1	1000000	72761	0.000164
PORT_CANDIDATE	blend718	0	3	0	80000000	79120	0.000214
PORT_CANDIDATE	blend718	0	3	1	1000000	79120	0.000174
PORT_CANDIDATE	blend718	0	4	1	1000000	300397	0.000282
PORT_CANDIDATE	blend718	1	0	0	80000000	81835	0.000208
PORT_CANDIDATE	blend718	1	0	1	1000000	81835	0.000158
PORT_CANDIDATE	blend718	1	1	0	80000000	78274	0.000206
PORT_CANDIDATE	blend718	1	1	1	1000000	78274	0.000165
PORT_CANDIDATE	blend718	1	2	0	80000000	78274	0.000181
PORT_CANDIDATE	blend718	1	2	1	1000000	78274	0.000159
PORT_CANDIDATE	blend718	1	3	0	80000000	81262	0.000194
PORT_CANDIDATE	blend718	1	3	1	1000000	81262	0.000162
PORT_CANDIDATE	blend718	1	4	1	1000000	132409	0.000241
PORT_ROW	blend718	1386	4310	70355	61466	61466	61466	61466	61466	61466	61466	61466	61466
PORT_CANDIDATE	wastepaper4	0	0	0	80000000	12544	0.000038
PORT_CANDIDATE	wastepaper4	0	0	1	1000000	12544	0.000024
PORT_CANDIDATE	wastepaper4	0	1	0	80000000	12123	0.000031
PORT_CANDIDATE	wastepaper4	0	1	1	1000000	12123	0.000022
PORT_CANDIDATE	wastepaper4	0	2	0	80000000	12123	0.000026
PORT_CANDIDATE	wastepaper4	0	2	1	1000000	12123	0.000022
PORT_CANDIDATE	wastepaper4	0	3	0	80000000	9872	0.000040
PORT_CANDIDATE	wastepaper4	0	3	1	1000000	9872	0.000025
PORT_CANDIDATE	wastepaper4	0	4	1	1000000	17136	0.000025
PORT_ROW	wastepaper4	115	724	9711	7183	7183	7183	7183	7183	7183	7183	7183	7183
PORT_CANDIDATE	squfl010-040persp	0	0	0	80000000	28425	0.000176
PORT_CANDIDATE	squfl010-040persp	0	0	1	1000000	28425	0.000171
PORT_CANDIDATE	squfl010-040persp	0	1	0	80000000	28425	0.000172
PORT_CANDIDATE	squfl010-040persp	0	1	1	1000000	28425	0.000169
PORT_CANDIDATE	squfl010-040persp	0	2	0	80000000	28425	0.000176
PORT_CANDIDATE	squfl010-040persp	0	2	1	1000000	28425	0.000173
PORT_CANDIDATE	squfl010-040persp	0	3	0	80000000	28978	0.000174
PORT_CANDIDATE	squfl010-040persp	0	3	1	1000000	28978	0.000171
PORT_CANDIDATE	squfl010-040persp	0	4	1	1000000	29421	0.000171
PORT_ROW	squfl010-040persp	2450	7200	22825	22825	22825	22825	22825	22825	22825	22825	22825	22825
PORT_ROW	crudeoil_lee4_06	10429	55492	65337120	32834025	32834025	32834025	32834025	32834025	32834025	32834025	32834025	32834025
PORT_CANDIDATE	netmod_kar1	0	0	0	80000000	68801	0.000374
PORT_CANDIDATE	netmod_kar1	0	0	1	1000000	68801	0.000315
PORT_CANDIDATE	netmod_kar1	0	1	0	80000000	76997	0.000471
PORT_CANDIDATE	netmod_kar1	0	1	1	1000000	76997	0.000427
PORT_CANDIDATE	netmod_kar1	0	2	0	80000000	58878	0.000365
PORT_CANDIDATE	netmod_kar1	0	2	1	1000000	58878	0.000327
PORT_CANDIDATE	netmod_kar1	0	3	0	80000000	73494	0.000386
PORT_CANDIDATE	netmod_kar1	0	3	1	1000000	73494	0.000331
PORT_CANDIDATE	netmod_kar1	0	4	1	1000000	116082	0.000341
PORT_CANDIDATE	netmod_kar1	1	0	0	80000000	77046	0.000388
PORT_CANDIDATE	netmod_kar1	1	0	1	1000000	77046	0.000336
PORT_CANDIDATE	netmod_kar1	1	1	0	80000000	61188	0.000407
PORT_CANDIDATE	netmod_kar1	1	1	1	1000000	61188	0.000368
PORT_CANDIDATE	netmod_kar1	1	2	0	80000000	61206	0.000397
PORT_CANDIDATE	netmod_kar1	1	2	1	1000000	61206	0.000362
PORT_CANDIDATE	netmod_kar1	1	3	0	80000000	82197	0.000371
PORT_CANDIDATE	netmod_kar1	1	3	1	1000000	82197	0.000321
PORT_CANDIDATE	netmod_kar1	1	4	1	1000000	380859	0.000624
PORT_ROW	netmod_kar1	1746	4928	56838	43864	43864	43864	43864	43864	43864	43864	43864	43864
PORT_ROW	ex8_1_7	14	46	137	128	128	128	128	128	128	128	128	128
PORT_CANDIDATE	graphpart_3g-0333-0333	0	0	0	80000000	45972	0.000035
PORT_CANDIDATE	graphpart_3g-0333-0333	0	0	1	1000000	45972	0.000020
PORT_CANDIDATE	graphpart_3g-0333-0333	0	1	0	80000000	42217	0.000029
PORT_CANDIDATE	graphpart_3g-0333-0333	0	1	1	1000000	42217	0.000019
PORT_CANDIDATE	graphpart_3g-0333-0333	0	2	0	80000000	42217	0.000024
PORT_CANDIDATE	graphpart_3g-0333-0333	0	2	1	1000000	42217	0.000019
PORT_CANDIDATE	graphpart_3g-0333-0333	0	3	0	80000000	45369	0.000037
PORT_CANDIDATE	graphpart_3g-0333-0333	0	3	1	1000000	45369	0.000023
PORT_CANDIDATE	graphpart_3g-0333-0333	0	4	1	1000000	53366	0.000027
PORT_CANDIDATE	graphpart_3g-0333-0333	1	0	0	80000000	47442	0.000037
PORT_CANDIDATE	graphpart_3g-0333-0333	1	0	1	1000000	47442	0.000020
PORT_CANDIDATE	graphpart_3g-0333-0333	1	1	0	80000000	54179	0.000031
PORT_CANDIDATE	graphpart_3g-0333-0333	1	1	1	1000000	54179	0.000017
PORT_CANDIDATE	graphpart_3g-0333-0333	1	2	0	80000000	54179	0.000021
PORT_CANDIDATE	graphpart_3g-0333-0333	1	2	1	1000000	54179	0.000017
PORT_CANDIDATE	graphpart_3g-0333-0333	1	3	0	80000000	48463	0.000037
PORT_CANDIDATE	graphpart_3g-0333-0333	1	3	1	1000000	48463	0.000022
PORT_CANDIDATE	graphpart_3g-0333-0333	1	4	1	1000000	57087	0.000032
PORT_ROW	graphpart_3g-0333-0333	108	648	44928	36228	36228	36228	36228	36228	36228	36228	36228	36228
PORT_CANDIDATE	slay05h	0	0	0	80000000	10135	0.000060
PORT_CANDIDATE	slay05h	0	0	1	1000000	10135	0.000050
PORT_CANDIDATE	slay05h	0	1	0	80000000	10375	0.000055
PORT_CANDIDATE	slay05h	0	1	1	1000000	10375	0.000048
PORT_CANDIDATE	slay05h	0	2	0	80000000	10375	0.000053
PORT_CANDIDATE	slay05h	0	2	1	1000000	10375	0.000051
PORT_CANDIDATE	slay05h	0	3	0	80000000	10135	0.000057
PORT_CANDIDATE	slay05h	0	3	1	1000000	10135	0.000049
PORT_CANDIDATE	slay05h	0	4	1	1000000	10665	0.000051
PORT_CANDIDATE	slay05h	1	0	0	80000000	10135	0.000055
PORT_CANDIDATE	slay05h	1	0	1	1000000	10135	0.000050
PORT_CANDIDATE	slay05h	1	1	0	80000000	10375	0.000052
PORT_CANDIDATE	slay05h	1	1	1	1000000	10375	0.000048
PORT_CANDIDATE	slay05h	1	2	0	80000000	10375	0.000054
PORT_CANDIDATE	slay05h	1	2	1	1000000	10375	0.000051
PORT_CANDIDATE	slay05h	1	3	0	80000000	9355	0.000060
PORT_CANDIDATE	slay05h	1	3	1	1000000	9355	0.000051
PORT_CANDIDATE	slay05h	1	4	1	1000000	9765	0.000051
PORT_ROW	slay05h	760	2080	9815	8795	8795	8795	8795	8795	8795	8795	8795	8795
PORT_CANDIDATE	korcns	0	0	0	80000000	8214	0.000046
PORT_CANDIDATE	korcns	0	0	1	1000000	8214	0.000023
PORT_CANDIDATE	korcns	0	1	0	80000000	7754	0.000046
PORT_CANDIDATE	korcns	0	1	1	1000000	7754	0.000024
PORT_CANDIDATE	korcns	0	2	0	80000000	7754	0.000031
PORT_CANDIDATE	korcns	0	2	1	1000000	7754	0.000021
PORT_CANDIDATE	korcns	0	3	0	80000000	7531	0.000048
PORT_CANDIDATE	korcns	0	3	1	1000000	7531	0.000027
PORT_CANDIDATE	korcns	0	4	1	1000000	20980	0.000036
PORT_CANDIDATE	korcns	1	0	0	80000000	7483	0.000048
PORT_CANDIDATE	korcns	1	0	1	1000000	7483	0.000027
PORT_CANDIDATE	korcns	1	1	0	80000000	7627	0.000045
PORT_CANDIDATE	korcns	1	1	1	1000000	7627	0.000026
PORT_CANDIDATE	korcns	1	2	0	80000000	7627	0.000032
PORT_CANDIDATE	korcns	1	2	1	1000000	7627	0.000023
PORT_CANDIDATE	korcns	1	3	0	80000000	7260	0.000051
PORT_CANDIDATE	korcns	1	3	1	1000000	7260	0.000029
PORT_CANDIDATE	korcns	1	4	1	1000000	25841	0.000046
PORT_ROW	korcns	156	712	7241	6599	6599	6599	6599	6599	6599	6599	6599	6599
PORT_CANDIDATE	powerflow0118p	0	0	0	80000000	180579	0.000673
PORT_CANDIDATE	powerflow0118p	0	0	1	1000000	18446744073709551615	0.000051
PORT_CANDIDATE	powerflow0118p	0	1	0	80000000	127587	0.000652
PORT_CANDIDATE	powerflow0118p	0	1	1	1000000	18446744073709551615	0.000046
PORT_CANDIDATE	powerflow0118p	0	2	0	80000000	126023	0.000629
PORT_CANDIDATE	powerflow0118p	0	2	1	1000000	18446744073709551615	0.000047
PORT_CANDIDATE	powerflow0118p	0	3	0	80000000	289129	0.000699
PORT_CANDIDATE	powerflow0118p	0	3	1	1000000	18446744073709551615	0.000049
PORT_CANDIDATE	powerflow0118p	0	4	1	1000000	18446744073709551615	0.000066
PORT_CANDIDATE	powerflow0118p	1	0	0	80000000	182693	0.000637
PORT_CANDIDATE	powerflow0118p	1	0	1	1000000	18446744073709551615	0.000052
PORT_CANDIDATE	powerflow0118p	1	1	0	80000000	127965	0.000582
PORT_CANDIDATE	powerflow0118p	1	1	1	1000000	18446744073709551615	0.000048
PORT_CANDIDATE	powerflow0118p	1	2	0	80000000	127965	0.000582
PORT_CANDIDATE	powerflow0118p	1	2	1	1000000	18446744073709551615	0.000053
PORT_CANDIDATE	powerflow0118p	1	3	0	80000000	188525	0.000673
PORT_CANDIDATE	powerflow0118p	1	3	1	1000000	18446744073709551615	0.000054
PORT_CANDIDATE	powerflow0118p	1	4	1	1000000	18446744073709551615	0.000054
PORT_ROW	powerflow0118p	5065	18730	121503	117327	117327	117327	117327	117327	117327	117327	117327	117327
PORT_CANDIDATE	sfacloc2_3_80	0	0	0	80000000	192348	0.003686
PORT_CANDIDATE	sfacloc2_3_80	0	0	1	1000000	18446744073709551615	0.000223
PORT_CANDIDATE	sfacloc2_3_80	0	1	0	80000000	150859	0.003654
PORT_CANDIDATE	sfacloc2_3_80	0	1	1	1000000	18446744073709551615	0.000220
PORT_CANDIDATE	sfacloc2_3_80	0	2	0	80000000	115632	0.003681
PORT_CANDIDATE	sfacloc2_3_80	0	2	1	1000000	18446744073709551615	0.000224
PORT_CANDIDATE	sfacloc2_3_80	0	3	0	80000000	100879	0.003863
PORT_CANDIDATE	sfacloc2_3_80	0	3	1	1000000	18446744073709551615	0.000198
PORT_CANDIDATE	sfacloc2_3_80	0	4	1	1000000	18446744073709551615	0.000222
PORT_CANDIDATE	sfacloc2_3_80	1	0	0	80000000	141226	0.003640
PORT_CANDIDATE	sfacloc2_3_80	1	0	1	1000000	18446744073709551615	0.000224
PORT_CANDIDATE	sfacloc2_3_80	1	1	0	80000000	116307	0.003626
PORT_CANDIDATE	sfacloc2_3_80	1	1	1	1000000	18446744073709551615	0.000225
PORT_CANDIDATE	sfacloc2_3_80	1	2	0	80000000	116037	0.003781
PORT_CANDIDATE	sfacloc2_3_80	1	2	1	1000000	18446744073709551615	0.000237
PORT_CANDIDATE	sfacloc2_3_80	1	3	0	80000000	94076	0.003554
PORT_CANDIDATE	sfacloc2_3_80	1	3	1	1000000	18446744073709551615	0.000225
PORT_CANDIDATE	sfacloc2_3_80	1	4	1	1000000	18446744073709551615	0.000272
PORT_ROW	sfacloc2_3_80	4799	20600	84672	81119	81119	81119	81119	81119	81119	81119	81119	81119
PORT_CANDIDATE	rsyn0820m04m	0	0	0	80000000	408283	0.000753
PORT_CANDIDATE	rsyn0820m04m	0	0	1	1000000	18446744073709551615	0.000045
PORT_CANDIDATE	rsyn0820m04m	0	1	0	80000000	198487	0.000733
PORT_CANDIDATE	rsyn0820m04m	0	1	1	1000000	18446744073709551615	0.000040
PORT_CANDIDATE	rsyn0820m04m	0	2	0	80000000	208901	0.000751
PORT_CANDIDATE	rsyn0820m04m	0	2	1	1000000	18446744073709551615	0.000043
PORT_CANDIDATE	rsyn0820m04m	0	3	0	80000000	398651	0.000807
PORT_CANDIDATE	rsyn0820m04m	0	3	1	1000000	18446744073709551615	0.000044
PORT_CANDIDATE	rsyn0820m04m	0	4	1	1000000	18446744073709551615	0.000077
PORT_CANDIDATE	rsyn0820m04m	1	0	0	80000000	389565	0.000718
PORT_CANDIDATE	rsyn0820m04m	1	0	1	1000000	18446744073709551615	0.000045
PORT_CANDIDATE	rsyn0820m04m	1	1	0	80000000	211077	0.000712
PORT_CANDIDATE	rsyn0820m04m	1	1	1	1000000	18446744073709551615	0.000039
PORT_CANDIDATE	rsyn0820m04m	1	2	0	80000000	195683	0.000719
PORT_CANDIDATE	rsyn0820m04m	1	2	1	1000000	18446744073709551615	0.000042
PORT_CANDIDATE	rsyn0820m04m	1	3	0	80000000	472017	0.000779
PORT_CANDIDATE	rsyn0820m04m	1	3	1	1000000	18446744073709551615	0.000046
PORT_CANDIDATE	rsyn0820m04m	1	4	1	1000000	18446744073709551615	0.000056
PORT_ROW	rsyn0820m04m	6028	17372	196890	152980	152980	152980	152980	152980	152980	152980	152980	152980
PORT_CANDIDATE	hydroenergy1	0	0	0	80000000	20306	0.000118
PORT_CANDIDATE	hydroenergy1	0	0	1	1000000	20306	0.000089
PORT_CANDIDATE	hydroenergy1	0	1	0	80000000	16901	0.000104
PORT_CANDIDATE	hydroenergy1	0	1	1	1000000	16901	0.000084
PORT_CANDIDATE	hydroenergy1	0	2	0	80000000	14748	0.000106
PORT_CANDIDATE	hydroenergy1	0	2	1	1000000	14748	0.000090
PORT_CANDIDATE	hydroenergy1	0	3	0	80000000	19997	0.000127
PORT_CANDIDATE	hydroenergy1	0	3	1	1000000	19997	0.000097
PORT_CANDIDATE	hydroenergy1	0	4	1	1000000	769080	0.000354
PORT_CANDIDATE	hydroenergy1	1	0	0	80000000	16721	0.000098
PORT_CANDIDATE	hydroenergy1	1	0	1	1000000	16721	0.000076
PORT_CANDIDATE	hydroenergy1	1	1	0	80000000	15164	0.000092
PORT_CANDIDATE	hydroenergy1	1	1	1	1000000	15164	0.000077
PORT_CANDIDATE	hydroenergy1	1	2	0	80000000	15138	0.000099
PORT_CANDIDATE	hydroenergy1	1	2	1	1000000	15138	0.000085
PORT_CANDIDATE	hydroenergy1	1	3	0	80000000	16540	0.000099
PORT_CANDIDATE	hydroenergy1	1	3	1	1000000	16540	0.000085
PORT_CANDIDATE	hydroenergy1	1	4	1	1000000	18446744073709551615	0.000176
PORT_ROW	hydroenergy1	1046	3024	14089	14089	14089	14089	14089	14089	14089	14089	14089	14089
PORT_CANDIDATE	maxmin	0	0	0	80000000	8657	0.000035
PORT_CANDIDATE	maxmin	0	0	1	1000000	8657	0.000032
PORT_CANDIDATE	maxmin	0	1	0	80000000	8657	0.000033
PORT_CANDIDATE	maxmin	0	1	1	1000000	8657	0.000031
PORT_CANDIDATE	maxmin	0	2	0	80000000	8657	0.000035
PORT_CANDIDATE	maxmin	0	2	1	1000000	8657	0.000033
PORT_CANDIDATE	maxmin	0	3	0	80000000	8657	0.000034
PORT_CANDIDATE	maxmin	0	3	1	1000000	8657	0.000032
PORT_CANDIDATE	maxmin	0	4	1	1000000	8657	0.000032
PORT_ROW	maxmin	181	1440	8405	8405	8405	8405	8405	8405	8405	8405	8405	8405
PORT_ROW	st_ht	8	18	51	44	44	44	44	44	44	44	44	44
PORT_CANDIDATE	crudeoil_lee2_06	0	0	0	80000000	42465898	0.002267
PORT_CANDIDATE	crudeoil_lee2_06	0	0	1	66296652	42465898	0.002222
PORT_CANDIDATE	crudeoil_lee2_06	0	1	0	80000000	25924330	0.002814
PORT_CANDIDATE	crudeoil_lee2_06	0	1	1	66296652	25924330	0.002804
PORT_CANDIDATE	crudeoil_lee2_06	0	2	0	80000000	27343565	0.002904
PORT_CANDIDATE	crudeoil_lee2_06	0	2	1	66296652	27343565	0.002888
PORT_CANDIDATE	crudeoil_lee2_06	0	3	0	80000000	75443671	0.003100
PORT_CANDIDATE	crudeoil_lee2_06	0	3	1	66296652	75443671	0.003093
PORT_CANDIDATE	crudeoil_lee2_06	0	4	1	66296652	104105415	0.003533
PORT_ROW	crudeoil_lee2_06	6418	34646	23299675	16574163	16574163	16574163	16574163	16574163	16574163	16574163	16574163	16574163
PORT_CANDIDATE	kan_r3_h1_n4	0	0	0	80000000	141634	0.000613
PORT_CANDIDATE	kan_r3_h1_n4	0	0	1	1000000	18446744073709551615	0.000092
PORT_CANDIDATE	kan_r3_h1_n4	0	1	0	80000000	213255	0.000714
PORT_CANDIDATE	kan_r3_h1_n4	0	1	1	1000000	18446744073709551615	0.000088
PORT_CANDIDATE	kan_r3_h1_n4	0	2	0	80000000	109917	0.000671
PORT_CANDIDATE	kan_r3_h1_n4	0	2	1	1000000	18446744073709551615	0.000092
PORT_CANDIDATE	kan_r3_h1_n4	0	3	0	80000000	119926	0.000617
PORT_CANDIDATE	kan_r3_h1_n4	0	3	1	1000000	18446744073709551615	0.000093
PORT_CANDIDATE	kan_r3_h1_n4	0	4	1	1000000	18446744073709551615	0.000297
PORT_CANDIDATE	kan_r3_h1_n4	1	0	0	80000000	125413	0.000572
PORT_CANDIDATE	kan_r3_h1_n4	1	0	1	1000000	18446744073709551615	0.000100
PORT_CANDIDATE	kan_r3_h1_n4	1	1	0	80000000	307924	0.000553
PORT_CANDIDATE	kan_r3_h1_n4	1	1	1	1000000	18446744073709551615	0.000097
PORT_CANDIDATE	kan_r3_h1_n4	1	2	0	80000000	117735	0.000624
PORT_CANDIDATE	kan_r3_h1_n4	1	2	1	1000000	18446744073709551615	0.000103
PORT_CANDIDATE	kan_r3_h1_n4	1	3	0	80000000	123959	0.000578
PORT_CANDIDATE	kan_r3_h1_n4	1	3	1	1000000	18446744073709551615	0.000101
PORT_CANDIDATE	kan_r3_h1_n4	1	4	1	1000000	18446744073709551615	0.000332
PORT_ROW	kan_r3_h1_n4	3183	14062	104945	98715	98715	98715	98715	98715	98715	98715	98715	98715
PORT_ROW	primary	378	5610	109639	95258	95258	95258	95258	95258	95258	95258	95258	95258
PORT_CANDIDATE	syn10m03hfsg	0	0	0	80000000	10303	0.000119
PORT_CANDIDATE	syn10m03hfsg	0	0	1	1000000	10303	0.000091
PORT_CANDIDATE	syn10m03hfsg	0	1	0	80000000	10444	0.000121
PORT_CANDIDATE	syn10m03hfsg	0	1	1	1000000	10444	0.000091
PORT_CANDIDATE	syn10m03hfsg	0	2	0	80000000	9934	0.000117
PORT_CANDIDATE	syn10m03hfsg	0	2	1	1000000	9934	0.000093
PORT_CANDIDATE	syn10m03hfsg	0	3	0	80000000	10411	0.000121
PORT_CANDIDATE	syn10m03hfsg	0	3	1	1000000	10411	0.000093
PORT_CANDIDATE	syn10m03hfsg	0	4	1	1000000	75509	0.000176
PORT_CANDIDATE	syn10m03hfsg	1	0	0	80000000	10861	0.000110
PORT_CANDIDATE	syn10m03hfsg	1	0	1	1000000	10861	0.000083
PORT_CANDIDATE	syn10m03hfsg	1	1	0	80000000	10894	0.000106
PORT_CANDIDATE	syn10m03hfsg	1	1	1	1000000	10894	0.000084
PORT_CANDIDATE	syn10m03hfsg	1	2	0	80000000	10636	0.000106
PORT_CANDIDATE	syn10m03hfsg	1	2	1	1000000	10636	0.000086
PORT_CANDIDATE	syn10m03hfsg	1	3	0	80000000	11050	0.000103
PORT_CANDIDATE	syn10m03hfsg	1	3	1	1000000	11050	0.000082
PORT_CANDIDATE	syn10m03hfsg	1	4	1	1000000	54511	0.000160
PORT_ROW	syn10m03hfsg	1071	2772	9890	9812	9812	9812	9812	9812	9812	9812	9812	9812
PORT_CANDIDATE	wastewater02m1	0	0	0	80000000	1153	0.000009
PORT_CANDIDATE	wastewater02m1	0	0	1	1000000	1153	0.000004
PORT_CANDIDATE	wastewater02m1	0	1	0	80000000	1230	0.000009
PORT_CANDIDATE	wastewater02m1	0	1	1	1000000	1230	0.000005
PORT_CANDIDATE	wastewater02m1	0	2	0	80000000	1030	0.000008
PORT_CANDIDATE	wastewater02m1	0	2	1	1000000	1030	0.000004
PORT_CANDIDATE	wastewater02m1	0	3	0	80000000	830	0.000009
PORT_CANDIDATE	wastewater02m1	0	3	1	1000000	830	0.000004
PORT_CANDIDATE	wastewater02m1	0	4	1	1000000	828	0.000005
PORT_CANDIDATE	wastewater02m1	1	0	0	80000000	808	0.000005
PORT_CANDIDATE	wastewater02m1	1	0	1	1000000	808	0.000003
PORT_CANDIDATE	wastewater02m1	1	1	0	80000000	808	0.000004
PORT_CANDIDATE	wastewater02m1	1	1	1	1000000	808	0.000002
PORT_CANDIDATE	wastewater02m1	1	2	0	80000000	808	0.000003
PORT_CANDIDATE	wastewater02m1	1	2	1	1000000	808	0.000003
PORT_CANDIDATE	wastewater02m1	1	3	0	80000000	808	0.000004
PORT_CANDIDATE	wastewater02m1	1	3	1	1000000	808	0.000003
PORT_CANDIDATE	wastewater02m1	1	4	1	1000000	891	0.000003
PORT_ROW	wastewater02m1	36	138	848	790	790	790	790	790	790	790	790	790
PORT_CANDIDATE	supplychainr1_022020	0	0	0	80000000	273880	0.000583
PORT_CANDIDATE	supplychainr1_022020	0	0	1	1092400	18446744073709551615	0.000038
PORT_CANDIDATE	supplychainr1_022020	0	1	0	80000000	11756996	0.000539
PORT_CANDIDATE	supplychainr1_022020	0	1	1	1092400	18446744073709551615	0.000037
PORT_CANDIDATE	supplychainr1_022020	0	2	0	80000000	273660	0.000597
PORT_CANDIDATE	supplychainr1_022020	0	2	1	1092400	18446744073709551615	0.000044
PORT_CANDIDATE	supplychainr1_022020	0	3	0	80000000	315375	0.000617
PORT_CANDIDATE	supplychainr1_022020	0	3	1	1092400	18446744073709551615	0.000055
PORT_CANDIDATE	supplychainr1_022020	0	4	1	1092400	18446744073709551615	0.000119
PORT_CANDIDATE	supplychainr1_022020	1	0	0	80000000	283880	0.000594
PORT_CANDIDATE	supplychainr1_022020	1	0	1	1092400	18446744073709551615	0.000049
PORT_CANDIDATE	supplychainr1_022020	1	1	0	80000000	11766996	0.000552
PORT_CANDIDATE	supplychainr1_022020	1	1	1	1092400	18446744073709551615	0.000046
PORT_CANDIDATE	supplychainr1_022020	1	2	0	80000000	283660	0.000602
PORT_CANDIDATE	supplychainr1_022020	1	2	1	1092400	18446744073709551615	0.000053
PORT_CANDIDATE	supplychainr1_022020	1	3	0	80000000	325375	0.000615
PORT_CANDIDATE	supplychainr1_022020	1	3	1	1092400	18446744073709551615	0.000062
PORT_CANDIDATE	supplychainr1_022020	1	4	1	1092400	18446744073709551615	0.000173
PORT_ROW	supplychainr1_022020	4620	15680	273140	273100	273100	273100	273100	273100	273100	273100	273100	273100
PORT_CANDIDATE	squfl025-025persp	0	0	0	80000000	58675	0.000260
PORT_CANDIDATE	squfl025-025persp	0	0	1	1000000	58675	0.000253
PORT_CANDIDATE	squfl025-025persp	0	1	0	80000000	58675	0.000259
PORT_CANDIDATE	squfl025-025persp	0	1	1	1000000	58675	0.000253
PORT_CANDIDATE	squfl025-025persp	0	2	0	80000000	58675	0.000257
PORT_CANDIDATE	squfl025-025persp	0	2	1	1000000	58675	0.000253
PORT_CANDIDATE	squfl025-025persp	0	3	0	80000000	69676	0.000238
PORT_CANDIDATE	squfl025-025persp	0	3	1	1000000	69676	0.000236
PORT_CANDIDATE	squfl025-025persp	0	4	1	1000000	77351	0.000224
PORT_ROW	squfl025-025persp	3800	11250	49925	49925	49925	49925	49925	49925	49925	49925	49925	49925
PORT_ROW	ringpack_30_2	17999	121458	12394600	2873684	2873684	2873684	2873684	2873684	2873684	2873684	2873684	2873684
PORT_ROW	nuclear104	39098	257806	103156931	78332024	78332024	78332024	78332024	78332024	78332024	78332024	78332024	78332024
PORT_CANDIDATE	chp_shorttermplan1a	0	0	0	80000000	727584	0.000566
PORT_CANDIDATE	chp_shorttermplan1a	0	0	1	1205032	18446744073709551615	0.000056
PORT_CANDIDATE	chp_shorttermplan1a	0	1	0	80000000	365371	0.000597
PORT_CANDIDATE	chp_shorttermplan1a	0	1	1	1205032	18446744073709551615	0.000052
PORT_CANDIDATE	chp_shorttermplan1a	0	2	0	80000000	383918	0.000615
PORT_CANDIDATE	chp_shorttermplan1a	0	2	1	1205032	18446744073709551615	0.000060
PORT_CANDIDATE	chp_shorttermplan1a	0	3	0	80000000	715766	0.000732
PORT_CANDIDATE	chp_shorttermplan1a	0	3	1	1205032	18446744073709551615	0.000066
PORT_CANDIDATE	chp_shorttermplan1a	0	4	1	1205032	18446744073709551615	0.000227
PORT_CANDIDATE	chp_shorttermplan1a	1	0	0	80000000	532299	0.000535
PORT_CANDIDATE	chp_shorttermplan1a	1	0	1	1205032	18446744073709551615	0.000059
PORT_CANDIDATE	chp_shorttermplan1a	1	1	0	80000000	359213	0.000615
PORT_CANDIDATE	chp_shorttermplan1a	1	1	1	1205032	18446744073709551615	0.000054
PORT_CANDIDATE	chp_shorttermplan1a	1	2	0	80000000	395331	0.000597
PORT_CANDIDATE	chp_shorttermplan1a	1	2	1	1205032	18446744073709551615	0.000063
PORT_CANDIDATE	chp_shorttermplan1a	1	3	0	80000000	360557	0.000638
PORT_CANDIDATE	chp_shorttermplan1a	1	3	1	1205032	18446744073709551615	0.000066
PORT_CANDIDATE	chp_shorttermplan1a	1	4	1	1205032	18446744073709551615	0.000124
PORT_ROW	chp_shorttermplan1a	4952	15700	376486	301258	301258	301258	301258	301258	301258	301258	301258	301258
PORT_CANDIDATE	rocket50	0	0	0	80000000	22412	0.000071
PORT_CANDIDATE	rocket50	0	0	1	1000000	22412	0.000061
PORT_CANDIDATE	rocket50	0	1	0	80000000	22442	0.000067
PORT_CANDIDATE	rocket50	0	1	1	1000000	22442	0.000061
PORT_CANDIDATE	rocket50	0	2	0	80000000	22442	0.000069
PORT_CANDIDATE	rocket50	0	2	1	1000000	22442	0.000064
PORT_CANDIDATE	rocket50	0	3	0	80000000	20003	0.000063
PORT_CANDIDATE	rocket50	0	3	1	1000000	20003	0.000056
PORT_CANDIDATE	rocket50	0	4	1	1000000	18446744073709551615	0.000209
PORT_CANDIDATE	rocket50	1	0	0	80000000	22453	0.000058
PORT_CANDIDATE	rocket50	1	0	1	1000000	22453	0.000048
PORT_CANDIDATE	rocket50	1	1	0	80000000	26417	0.000056
PORT_CANDIDATE	rocket50	1	1	1	1000000	26417	0.000049
PORT_CANDIDATE	rocket50	1	2	0	80000000	22453	0.000055
PORT_CANDIDATE	rocket50	1	2	1	1000000	22453	0.000051
PORT_CANDIDATE	rocket50	1	3	0	80000000	24547	0.000058
PORT_CANDIDATE	rocket50	1	3	1	1000000	24547	0.000052
PORT_CANDIDATE	rocket50	1	4	1	1000000	18446744073709551615	0.000158
PORT_ROW	rocket50	555	3488	19983	19265	19265	19265	19265	19265	19265	19265	19265	19265
PORT_CANDIDATE	rsyn0840m04m	0	0	0	80000000	446195	0.001128
PORT_CANDIDATE	rsyn0840m04m	0	0	1	1000000	18446744073709551615	0.000043
PORT_CANDIDATE	rsyn0840m04m	0	1	0	80000000	237368	0.000972
PORT_CANDIDATE	rsyn0840m04m	0	1	1	1000000	18446744073709551615	0.000043
PORT_CANDIDATE	rsyn0840m04m	0	2	0	80000000	242400	0.001001
PORT_CANDIDATE	rsyn0840m04m	0	2	1	1000000	18446744073709551615	0.000041
PORT_CANDIDATE	rsyn0840m04m	0	3	0	80000000	274855	0.001069
PORT_CANDIDATE	rsyn0840m04m	0	3	1	1000000	18446744073709551615	0.000041
PORT_CANDIDATE	rsyn0840m04m	0	4	1	1000000	18446744073709551615	0.000060
PORT_CANDIDATE	rsyn0840m04m	1	0	0	80000000	387292	0.001080
PORT_CANDIDATE	rsyn0840m04m	1	0	1	1000000	18446744073709551615	0.000041
PORT_CANDIDATE	rsyn0840m04m	1	1	0	80000000	246208	0.000925
PORT_CANDIDATE	rsyn0840m04m	1	1	1	1000000	18446744073709551615	0.000041
PORT_CANDIDATE	rsyn0840m04m	1	2	0	80000000	230814	0.000959
PORT_CANDIDATE	rsyn0840m04m	1	2	1	1000000	18446744073709551615	0.000041
PORT_CANDIDATE	rsyn0840m04m	1	3	0	80000000	361791	0.001092
PORT_CANDIDATE	rsyn0840m04m	1	3	1	1000000	18446744073709551615	0.000043
PORT_CANDIDATE	rsyn0840m04m	1	4	1	1000000	18446744073709551615	0.000046
PORT_ROW	rsyn0840m04m	8508	24272	229914	186241	186241	186241	186241	186241	186241	186241	186241	186241
PORT_CANDIDATE	mpbp_21	0	0	0	80000000	2473133	0.001386
PORT_CANDIDATE	mpbp_21	0	0	1	5827852	18446744073709551615	0.000099
PORT_CANDIDATE	mpbp_21	0	1	0	80000000	2112743	0.001399
PORT_CANDIDATE	mpbp_21	0	1	1	5827852	18446744073709551615	0.000091
PORT_CANDIDATE	mpbp_21	0	2	0	80000000	2117979	0.001481
PORT_CANDIDATE	mpbp_21	0	2	1	5827852	18446744073709551615	0.000108
PORT_CANDIDATE	mpbp_21	0	3	0	80000000	16034512	0.002099
PORT_CANDIDATE	mpbp_21	0	3	1	5827852	18446744073709551615	0.000110
PORT_CANDIDATE	mpbp_21	0	4	1	5827852	18446744073709551615	0.000097
PORT_CANDIDATE	mpbp_21	1	0	0	80000000	3157627	0.001292
PORT_CANDIDATE	mpbp_21	1	0	1	5827852	18446744073709551615	0.000105
PORT_CANDIDATE	mpbp_21	1	1	0	80000000	3363401	0.001568
PORT_CANDIDATE	mpbp_21	1	1	1	5827852	18446744073709551615	0.000095
PORT_CANDIDATE	mpbp_21	1	2	0	80000000	1703866	0.001402
PORT_CANDIDATE	mpbp_21	1	2	1	5827852	18446744073709551615	0.000110
PORT_CANDIDATE	mpbp_21	1	3	0	80000000	13747485	0.001773
PORT_CANDIDATE	mpbp_21	1	3	1	5827852	18446744073709551615	0.000115
PORT_CANDIDATE	mpbp_21	1	4	1	5827852	18446744073709551615	0.000103
PORT_ROW	mpbp_21	11716	37660	1691114	1456963	1456963	1456963	1456963	1456963	1456963	1456963	1456963	1456963
PORT_CANDIDATE	orth_d4m6_pl	0	0	0	80000000	10703	0.000031
PORT_CANDIDATE	orth_d4m6_pl	0	0	1	1000000	10703	0.000022
PORT_CANDIDATE	orth_d4m6_pl	0	1	0	80000000	10703	0.000025
PORT_CANDIDATE	orth_d4m6_pl	0	1	1	1000000	10703	0.000021
PORT_CANDIDATE	orth_d4m6_pl	0	2	0	80000000	10703	0.000026
PORT_CANDIDATE	orth_d4m6_pl	0	2	1	1000000	10703	0.000022
PORT_CANDIDATE	orth_d4m6_pl	0	3	0	80000000	11174	0.000034
PORT_CANDIDATE	orth_d4m6_pl	0	3	1	1000000	11174	0.000025
PORT_CANDIDATE	orth_d4m6_pl	0	4	1	1000000	10703	0.000023
PORT_CANDIDATE	orth_d4m6_pl	1	0	0	80000000	10703	0.000035
PORT_CANDIDATE	orth_d4m6_pl	1	0	1	1000000	10703	0.000026
PORT_CANDIDATE	orth_d4m6_pl	1	1	0	80000000	10703	0.000030
PORT_CANDIDATE	orth_d4m6_pl	1	1	1	1000000	10703	0.000026
PORT_CANDIDATE	orth_d4m6_pl	1	2	0	80000000	10703	0.000031
PORT_CANDIDATE	orth_d4m6_pl	1	2	1	1000000	10703	0.000027
PORT_CANDIDATE	orth_d4m6_pl	1	3	0	80000000	11174	0.000037
PORT_CANDIDATE	orth_d4m6_pl	1	3	1	1000000	11174	0.000029
PORT_CANDIDATE	orth_d4m6_pl	1	4	1	1000000	10703	0.000028
PORT_ROW	orth_d4m6_pl	172	1096	10938	10703	10703	10703	10703	10703	10703	10703	10703	10703
PORT_CANDIDATE	kall_circlespolygons_c1p5b	0	0	0	80000000	615049	0.000309
PORT_CANDIDATE	kall_circlespolygons_c1p5b	0	0	1	1000000	615049	0.000259
PORT_CANDIDATE	kall_circlespolygons_c1p5b	0	1	0	80000000	406154	0.000405
PORT_CANDIDATE	kall_circlespolygons_c1p5b	0	1	1	1000000	18446744073709551615	0.000281
PORT_CANDIDATE	kall_circlespolygons_c1p5b	0	2	0	80000000	312380	0.000408
PORT_CANDIDATE	kall_circlespolygons_c1p5b	0	2	1	1000000	18446744073709551615	0.000283
PORT_CANDIDATE	kall_circlespolygons_c1p5b	0	3	0	80000000	235517	0.000358
PORT_CANDIDATE	kall_circlespolygons_c1p5b	0	3	1	1000000	235517	0.000303
PORT_CANDIDATE	kall_circlespolygons_c1p5b	0	4	1	1000000	246046	0.000378
PORT_CANDIDATE	kall_circlespolygons_c1p5b	1	0	0	80000000	575253	0.000257
PORT_CANDIDATE	kall_circlespolygons_c1p5b	1	0	1	1000000	575253	0.000210
PORT_CANDIDATE	kall_circlespolygons_c1p5b	1	1	0	80000000	282355	0.000352
PORT_CANDIDATE	kall_circlespolygons_c1p5b	1	1	1	1000000	282355	0.000296
PORT_CANDIDATE	kall_circlespolygons_c1p5b	1	2	0	80000000	320381	0.000360
PORT_CANDIDATE	kall_circlespolygons_c1p5b	1	2	1	1000000	320381	0.000309
PORT_CANDIDATE	kall_circlespolygons_c1p5b	1	3	0	80000000	218878	0.000285
PORT_CANDIDATE	kall_circlespolygons_c1p5b	1	3	1	1000000	218878	0.000240
PORT_CANDIDATE	kall_circlespolygons_c1p5b	1	4	1	1000000	229121	0.000254
PORT_ROW	kall_circlespolygons_c1p5b	1681	7432	201759	193841	193841	193841	193841	193841	193841	193841	193841	193841
PORT_ROW	acopf_case9241pegase_qcqp	313068	1292408	34647355	33736789	33736789	33736789	33736789	33736789	33736789	33736789	33736789	33736789
PORT_CANDIDATE	ex1223	0	0	0	80000000	268	0.000006
PORT_CANDIDATE	ex1223	0	0	1	1000000	268	0.000003
PORT_CANDIDATE	ex1223	0	1	0	80000000	261	0.000005
PORT_CANDIDATE	ex1223	0	1	1	1000000	261	0.000003
PORT_CANDIDATE	ex1223	0	2	0	80000000	261	0.000003
PORT_CANDIDATE	ex1223	0	2	1	1000000	261	0.000002
PORT_CANDIDATE	ex1223	0	3	0	80000000	261	0.000006
PORT_CANDIDATE	ex1223	0	3	1	1000000	261	0.000003
PORT_CANDIDATE	ex1223	0	4	1	1000000	429	0.000004
PORT_CANDIDATE	ex1223	1	0	0	80000000	332	0.000006
PORT_CANDIDATE	ex1223	1	0	1	1000000	332	0.000003
PORT_CANDIDATE	ex1223	1	1	0	80000000	377	0.000006
PORT_CANDIDATE	ex1223	1	1	1	1000000	377	0.000003
PORT_CANDIDATE	ex1223	1	2	0	80000000	332	0.000006
PORT_CANDIDATE	ex1223	1	2	1	1000000	332	0.000003
PORT_CANDIDATE	ex1223	1	3	0	80000000	332	0.000004
PORT_CANDIDATE	ex1223	1	3	1	1000000	332	0.000003
PORT_CANDIDATE	ex1223	1	4	1	1000000	448	0.000004
PORT_ROW	ex1223	33	82	244	244	244	244	244	244	244	244	244	244
PORT_ROW	ex6_1_4	10	48	197	153	153	153	153	153	153	153	153	153
PORT_CANDIDATE	powerflow0014r	0	0	0	80000000	14507	0.000058
PORT_CANDIDATE	powerflow0014r	0	0	1	1000000	14507	0.000035
PORT_CANDIDATE	powerflow0014r	0	1	0	80000000	11523	0.000056
PORT_CANDIDATE	powerflow0014r	0	1	1	1000000	11523	0.000036
PORT_CANDIDATE	powerflow0014r	0	2	0	80000000	11363	0.000045
PORT_CANDIDATE	powerflow0014r	0	2	1	1000000	11363	0.000033
PORT_CANDIDATE	powerflow0014r	0	3	0	80000000	13567	0.000057
PORT_CANDIDATE	powerflow0014r	0	3	1	1000000	13567	0.000037
PORT_CANDIDATE	powerflow0014r	0	4	1	1000000	24741	0.000063
PORT_CANDIDATE	powerflow0014r	1	0	0	80000000	15581	0.000046
PORT_CANDIDATE	powerflow0014r	1	0	1	1000000	15581	0.000029
PORT_CANDIDATE	powerflow0014r	1	1	0	80000000	11577	0.000041
PORT_CANDIDATE	powerflow0014r	1	1	1	1000000	11577	0.000029
PORT_CANDIDATE	powerflow0014r	1	2	0	80000000	11577	0.000033
PORT_CANDIDATE	powerflow0014r	1	2	1	1000000	11577	0.000028
PORT_CANDIDATE	powerflow0014r	1	3	0	80000000	13809	0.000046
PORT_CANDIDATE	powerflow0014r	1	3	1	1000000	13809	0.000033
PORT_CANDIDATE	powerflow0014r	1	4	1	1000000	26150	0.000057
PORT_ROW	powerflow0014r	403	1630	10761	10361	10361	10361	10361	10361	10361	10361	10361	10361
PORT_ROW	knp5-43	2065	31132	3517788	3517788	3517788	3517788	3517788	3517788	3517788	3517788	3517788	3517788
PORT_ROW	gabriel09	21688	89702	29373994	26366112	26366112	26366112	26366112	26366112	26366112	26366112	26366112	26366112
PORT_CANDIDATE	tln2	0	0	0	80000000	233	0.000005
PORT_CANDIDATE	tln2	0	0	1	1000000	233	0.000003
PORT_CANDIDATE	tln2	0	1	0	80000000	276	0.000004
PORT_CANDIDATE	tln2	0	1	1	1000000	276	0.000002
PORT_CANDIDATE	tln2	0	2	0	80000000	233	0.000004
PORT_CANDIDATE	tln2	0	2	1	1000000	233	0.000002
PORT_CANDIDATE	tln2	0	3	0	80000000	233	0.000005
PORT_CANDIDATE	tln2	0	3	1	1000000	233	0.000003
PORT_CANDIDATE	tln2	0	4	1	1000000	395	0.000003
PORT_ROW	tln2	32	88	233	233	233	233	233	233	233	233	233	233
PORT_ROW	prob02	22	76	267	232	232	232	232	232	232	232	232	232
PORT_CANDIDATE	blend146	0	0	0	80000000	83704	0.000215
PORT_CANDIDATE	blend146	0	0	1	1000000	83704	0.000162
PORT_CANDIDATE	blend146	0	1	0	80000000	81825	0.000227
PORT_CANDIDATE	blend146	0	1	1	1000000	81825	0.000180
PORT_CANDIDATE	blend146	0	2	0	80000000	74360	0.000219
PORT_CANDIDATE	blend146	0	2	1	1000000	74360	0.000181
PORT_CANDIDATE	blend146	0	3	0	80000000	124976	0.000225
PORT_CANDIDATE	blend146	0	3	1	1000000	124976	0.000180
PORT_CANDIDATE	blend146	0	4	1	1000000	154452	0.000255
PORT_CANDIDATE	blend146	1	0	0	80000000	91563	0.000210
PORT_CANDIDATE	blend146	1	0	1	1000000	91563	0.000164
PORT_CANDIDATE	blend146	1	1	0	80000000	79557	0.000211
PORT_CANDIDATE	blend146	1	1	1	1000000	79557	0.000174
PORT_CANDIDATE	blend146	1	2	0	80000000	79557	0.000189
PORT_CANDIDATE	blend146	1	2	1	1000000	79557	0.000168
PORT_CANDIDATE	blend146	1	3	0	80000000	101384	0.000223
PORT_CANDIDATE	blend146	1	3	1	1000000	101384	0.000179
PORT_CANDIDATE	blend146	1	4	1	1000000	107326	0.000234
PORT_ROW	blend146	1422	4460	78102	64296	64296	64296	64296	64296	64296	64296	64296	64296
PORT_CANDIDATE	mpbp_46	0	0	0	80000000	741325	0.000585
PORT_CANDIDATE	mpbp_46	0	0	1	1790572	18446744073709551615	0.000067
PORT_CANDIDATE	mpbp_46	0	1	0	80000000	560458	0.000617
PORT_CANDIDATE	mpbp_46	0	1	1	1790572	18446744073709551615	0.000061
PORT_CANDIDATE	mpbp_46	0	2	0	80000000	566560	0.000621
PORT_CANDIDATE	mpbp_46	0	2	1	1790572	18446744073709551615	0.000074
PORT_CANDIDATE	mpbp_46	0	3	0	80000000	2575616	0.000763
PORT_CANDIDATE	mpbp_46	0	3	1	1790572	18446744073709551615	0.000080
PORT_CANDIDATE	mpbp_46	0	4	1	1790572	18446744073709551615	0.000069
PORT_CANDIDATE	mpbp_46	1	0	0	80000000	693059	0.000610
PORT_CANDIDATE	mpbp_46	1	0	1	1790572	18446744073709551615	0.000075
PORT_CANDIDATE	mpbp_46	1	1	0	80000000	591697	0.000606
PORT_CANDIDATE	mpbp_46	1	1	1	1790572	18446744073709551615	0.000068
PORT_CANDIDATE	mpbp_46	1	2	0	80000000	591697	0.000598
PORT_CANDIDATE	mpbp_46	1	2	1	1790572	18446744073709551615	0.000079
PORT_CANDIDATE	mpbp_46	1	3	0	80000000	4616369	0.000771
PORT_CANDIDATE	mpbp_46	1	3	1	1790572	18446744073709551615	0.000085
PORT_CANDIDATE	mpbp_46	1	4	1	1790572	18446744073709551615	0.000078
PORT_ROW	mpbp_46	4518	14492	499547	447643	447643	447643	447643	447643	447643	447643	447643	447643
PORT_CANDIDATE	tls6	0	0	0	80000000	18554	0.000060
PORT_CANDIDATE	tls6	0	0	1	1000000	18554	0.000045
PORT_CANDIDATE	tls6	0	1	0	80000000	47420	0.000080
PORT_CANDIDATE	tls6	0	1	1	1000000	47420	0.000059
PORT_CANDIDATE	tls6	0	2	0	80000000	18439	0.000066
PORT_CANDIDATE	tls6	0	2	1	1000000	18439	0.000052
PORT_CANDIDATE	tls6	0	3	0	80000000	18953	0.000066
PORT_CANDIDATE	tls6	0	3	1	1000000	18953	0.000050
PORT_CANDIDATE	tls6	0	4	1	1000000	26730	0.000056
PORT_ROW	tls6	413	2860	18483	17511	17511	17511	17511	17511	17511	17511	17511	17511
PORT_ROW	emfl100_5_5	21925	52300	221650	221650	221650	221650	221650	221650	221650	221650	221650	221650
PORT_ROW	qspp_0_11_0_1_10_1	341	44264	3563707	3531915	3531915	3531915	3531915	3531915	3531915	3531915	3531915	3531915
PORT_CANDIDATE	p_ball_10b_5p_4d_m	0	0	0	80000000	13909	0.000041
PORT_CANDIDATE	p_ball_10b_5p_4d_m	0	0	1	1000000	13909	0.000033
PORT_CANDIDATE	p_ball_10b_5p_4d_m	0	1	0	80000000	13380	0.000040
PORT_CANDIDATE	p_ball_10b_5p_4d_m	0	1	1	1000000	13380	0.000034
PORT_CANDIDATE	p_ball_10b_5p_4d_m	0	2	0	80000000	13380	0.000037
PORT_CANDIDATE	p_ball_10b_5p_4d_m	0	2	1	1000000	13380	0.000034
PORT_CANDIDATE	p_ball_10b_5p_4d_m	0	3	0	80000000	15788	0.000042
PORT_CANDIDATE	p_ball_10b_5p_4d_m	0	3	1	1000000	15788	0.000036
PORT_CANDIDATE	p_ball_10b_5p_4d_m	0	4	1	1000000	39919	0.000031
PORT_CANDIDATE	p_ball_10b_5p_4d_m	1	0	0	80000000	15917	0.000062
PORT_CANDIDATE	p_ball_10b_5p_4d_m	1	0	1	1000000	15917	0.000050
PORT_CANDIDATE	p_ball_10b_5p_4d_m	1	1	0	80000000	15589	0.000058
PORT_CANDIDATE	p_ball_10b_5p_4d_m	1	1	1	1000000	15589	0.000050
PORT_CANDIDATE	p_ball_10b_5p_4d_m	1	2	0	80000000	15589	0.000055
PORT_CANDIDATE	p_ball_10b_5p_4d_m	1	2	1	1000000	15589	0.000050
PORT_CANDIDATE	p_ball_10b_5p_4d_m	1	3	0	80000000	17949	0.000060
PORT_CANDIDATE	p_ball_10b_5p_4d_m	1	3	1	1000000	17949	0.000052
PORT_CANDIDATE	p_ball_10b_5p_4d_m	1	4	1	1000000	59962	0.000065
PORT_ROW	p_ball_10b_5p_4d_m	403	1484	13581	13288	13288	13288	13288	13288	13288	13288	13288	13288
PORT_CANDIDATE	st_rv9	0	0	0	80000000	6561	0.000032
PORT_CANDIDATE	st_rv9	0	0	1	1000000	6561	0.000024
PORT_CANDIDATE	st_rv9	0	1	0	80000000	6691	0.000025
PORT_CANDIDATE	st_rv9	0	1	1	1000000	6691	0.000023
PORT_CANDIDATE	st_rv9	0	2	0	80000000	6691	0.000029
PORT_CANDIDATE	st_rv9	0	2	1	1000000	6691	0.000025
PORT_CANDIDATE	st_rv9	0	3	0	80000000	6691	0.000030
PORT_CANDIDATE	st_rv9	0	3	1	1000000	6691	0.000026
PORT_CANDIDATE	st_rv9	0	4	1	1000000	6408	0.000026
PORT_ROW	st_rv9	90	840	6691	6321	6321	6321	6321	6321	6321	6321	6321	6321
PORT_CANDIDATE	rsyn0840m02m	0	0	0	80000000	65973	0.000415
PORT_CANDIDATE	rsyn0840m02m	0	0	1	1000000	18446744073709551615	0.000061
PORT_CANDIDATE	rsyn0840m02m	0	1	0	80000000	48002	0.000398
PORT_CANDIDATE	rsyn0840m02m	0	1	1	1000000	18446744073709551615	0.000054
PORT_CANDIDATE	rsyn0840m02m	0	2	0	80000000	48071	0.000392
PORT_CANDIDATE	rsyn0840m02m	0	2	1	1000000	18446744073709551615	0.000060
PORT_CANDIDATE	rsyn0840m02m	0	3	0	80000000	64368	0.000436
PORT_CANDIDATE	rsyn0840m02m	0	3	1	1000000	18446744073709551615	0.000066
PORT_CANDIDATE	rsyn0840m02m	0	4	1	1000000	18446744073709551615	0.000312
PORT_CANDIDATE	rsyn0840m02m	1	0	0	80000000	68385	0.000394
PORT_CANDIDATE	rsyn0840m02m	1	0	1	1000000	18446744073709551615	0.000090
PORT_CANDIDATE	rsyn0840m02m	1	1	0	80000000	58817	0.000363
PORT_CANDIDATE	rsyn0840m02m	1	1	1	1000000	18446744073709551615	0.000080
PORT_CANDIDATE	rsyn0840m02m	1	2	0	80000000	58665	0.000348
PORT_CANDIDATE	rsyn0840m02m	1	2	1	1000000	18446744073709551615	0.000085
PORT_CANDIDATE	rsyn0840m02m	1	3	0	80000000	74229	0.000416
PORT_CANDIDATE	rsyn0840m02m	1	3	1	1000000	18446744073709551615	0.000105
PORT_CANDIDATE	rsyn0840m02m	1	4	1	1000000	18446744073709551615	0.000338
PORT_ROW	rsyn0840m02m	3486	9576	47529	44981	44981	44981	44981	44981	44981	44981	44981	44981
PORT_ROW	nvs05	22	84	277	266	266	266	266	266	266	266	266	266
PORT_ROW	autocorr_bern25-19	28	612	5278	5278	5278	5278	5278	5278	5278	5278	5278	5278
PORT_CANDIDATE	sssd20-08persp	0	0	0	80000000	6028	0.000024
PORT_CANDIDATE	sssd20-08persp	0	0	1	1000000	6028	0.000020
PORT_CANDIDATE	sssd20-08persp	0	1	0	80000000	5032	0.000027
PORT_CANDIDATE	sssd20-08persp	0	1	1	1000000	5032	0.000024
PORT_CANDIDATE	sssd20-08persp	0	2	0	80000000	5242	0.000023
PORT_CANDIDATE	sssd20-08persp	0	2	1	1000000	5242	0.000021
PORT_CANDIDATE	sssd20-08persp	0	3	0	80000000	5176	0.000024
PORT_CANDIDATE	sssd20-08persp	0	3	1	1000000	5176	0.000020
PORT_CANDIDATE	sssd20-08persp	0	4	1	1000000	9915	0.000018
PORT_CANDIDATE	sssd20-08persp	1	0	0	80000000	6136	0.000053
PORT_CANDIDATE	sssd20-08persp	1	0	1	1000000	6136	0.000047
PORT_CANDIDATE	sssd20-08persp	1	1	0	80000000	5992	0.000051
PORT_CANDIDATE	sssd20-08persp	1	1	1	1000000	5992	0.000047
PORT_CANDIDATE	sssd20-08persp	1	2	0	80000000	5992	0.000051
PORT_CANDIDATE	sssd20-08persp	1	2	1	1000000	5992	0.000049
PORT_CANDIDATE	sssd20-08persp	1	3	0	80000000	6202	0.000052
PORT_CANDIDATE	sssd20-08persp	1	3	1	1000000	6202	0.000049
PORT_CANDIDATE	sssd20-08persp	1	4	1	1000000	6949	0.000045
PORT_ROW	sssd20-08persp	356	1232	4960	4960	4960	4960	4960	4960	4960	4960	4960	4960
PORT_CANDIDATE	multiplants_stg5	0	0	0	80000000	356708	0.000167
PORT_CANDIDATE	multiplants_stg5	0	0	1	1000000	356708	0.000112
PORT_CANDIDATE	multiplants_stg5	0	1	0	80000000	439208	0.000164
PORT_CANDIDATE	multiplants_stg5	0	1	1	1000000	439208	0.000121
PORT_CANDIDATE	multiplants_stg5	0	2	0	80000000	191394	0.000163
PORT_CANDIDATE	multiplants_stg5	0	2	1	1000000	191394	0.000123
PORT_CANDIDATE	multiplants_stg5	0	3	0	80000000	234844	0.000173
PORT_CANDIDATE	multiplants_stg5	0	3	1	1000000	234844	0.000127
PORT_CANDIDATE	multiplants_stg5	0	4	1	1000000	467467	0.000194
PORT_CANDIDATE	multiplants_stg5	1	0	0	80000000	259856	0.000331
PORT_CANDIDATE	multiplants_stg5	1	0	1	1000000	259856	0.000267
PORT_CANDIDATE	multiplants_stg5	1	1	0	80000000	286738	0.000359
PORT_CANDIDATE	multiplants_stg5	1	1	1	1000000	286738	0.000303
PORT_CANDIDATE	multiplants_stg5	1	2	0	80000000	211356	0.000350
PORT_CANDIDATE	multiplants_stg5	1	2	1	1000000	211356	0.000302
PORT_CANDIDATE	multiplants_stg5	1	3	0	80000000	631959	0.000404
PORT_CANDIDATE	multiplants_stg5	1	3	1	1000000	631959	0.000339
PORT_CANDIDATE	multiplants_stg5	1	4	1	1000000	813529	0.000436
PORT_ROW	multiplants_stg5	827	3804	377794	155722	155722	155722	155722	155722	155722	155722	155722	155722
PORT_CANDIDATE	chimera_rfr-02	0	0	0	80000000	7319112	0.000951
PORT_CANDIDATE	chimera_rfr-02	0	0	1	9949240	7319112	0.000886
PORT_CANDIDATE	chimera_rfr-02	0	1	0	80000000	3556522	0.000986
PORT_CANDIDATE	chimera_rfr-02	0	1	1	9949240	3556522	0.000925
PORT_CANDIDATE	chimera_rfr-02	0	2	0	80000000	3390304	0.000932
PORT_CANDIDATE	chimera_rfr-02	0	2	1	9949240	3390304	0.000905
PORT_CANDIDATE	chimera_rfr-02	0	3	0	80000000	4839140	0.001177
PORT_CANDIDATE	chimera_rfr-02	0	3	1	9949240	4839140	0.001151
PORT_CANDIDATE	chimera_rfr-02	0	4	1	9949240	7393343	0.002230
PORT_ROW	chimera_rfr-02	2032	15140	3860441	2487310	2487310	2487310	2487310	2487310	2487310	2487310	2487310	2487310
PORT_CANDIDATE	multiplants_stg1a	0	0	0	80000000	160466	0.000149
PORT_CANDIDATE	multiplants_stg1a	0	0	1	1000000	160466	0.000102
PORT_CANDIDATE	multiplants_stg1a	0	1	0	80000000	449978	0.000132
PORT_CANDIDATE	multiplants_stg1a	0	1	1	1000000	449978	0.000093
PORT_CANDIDATE	multiplants_stg1a	0	2	0	80000000	132743	0.000171
PORT_CANDIDATE	multiplants_stg1a	0	2	1	1000000	132743	0.000130
PORT_CANDIDATE	multiplants_stg1a	0	3	0	80000000	284077	0.000175
PORT_CANDIDATE	multiplants_stg1a	0	3	1	1000000	284077	0.000133
PORT_CANDIDATE	multiplants_stg1a	0	4	1	1000000	306103	0.000134
PORT_CANDIDATE	multiplants_stg1a	1	0	0	80000000	173677	0.000178
PORT_CANDIDATE	multiplants_stg1a	1	0	1	1000000	173677	0.000125
PORT_CANDIDATE	multiplants_stg1a	1	1	0	80000000	133293	0.000176
PORT_CANDIDATE	multiplants_stg1a	1	1	1	1000000	133293	0.000134
PORT_CANDIDATE	multiplants_stg1a	1	2	0	80000000	133293	0.000145
PORT_CANDIDATE	multiplants_stg1a	1	2	1	1000000	133293	0.000121
PORT_CANDIDATE	multiplants_stg1a	1	3	0	80000000	229835	0.000233
PORT_CANDIDATE	multiplants_stg1a	1	3	1	1000000	229835	0.000187
PORT_CANDIDATE	multiplants_stg1a	1	4	1	1000000	335404	0.000220
PORT_ROW	multiplants_stg1a	726	3510	142058	121443	121443	121443	121443	121443	121443	121443	121443	121443
PORT_CANDIDATE	pooling_adhya4pq	0	0	0	80000000	24898	0.000032
PORT_CANDIDATE	pooling_adhya4pq	0	0	1	1000000	24898	0.000021
PORT_CANDIDATE	pooling_adhya4pq	0	1	0	80000000	21640	0.000025
PORT_CANDIDATE	pooling_adhya4pq	0	1	1	1000000	21640	0.000019
PORT_CANDIDATE	pooling_adhya4pq	0	2	0	80000000	21640	0.000021
PORT_CANDIDATE	pooling_adhya4pq	0	2	1	1000000	21640	0.000018
PORT_CANDIDATE	pooling_adhya4pq	0	3	0	80000000	21640	0.000023
PORT_CANDIDATE	pooling_adhya4pq	0	3	1	1000000	21640	0.000019
PORT_CANDIDATE	pooling_adhya4pq	0	4	1	1000000	32574	0.000023
PORT_CANDIDATE	pooling_adhya4pq	1	0	0	80000000	24898	0.000023
PORT_CANDIDATE	pooling_adhya4pq	1	0	1	1000000	24898	0.000019
PORT_CANDIDATE	pooling_adhya4pq	1	1	0	80000000	21640	0.000019
PORT_CANDIDATE	pooling_adhya4pq	1	1	1	1000000	21640	0.000017
PORT_CANDIDATE	pooling_adhya4pq	1	2	0	80000000	21640	0.000019
PORT_CANDIDATE	pooling_adhya4pq	1	2	1	1000000	21640	0.000018
PORT_CANDIDATE	pooling_adhya4pq	1	3	0	80000000	21640	0.000021
PORT_CANDIDATE	pooling_adhya4pq	1	3	1	1000000	21640	0.000019
PORT_CANDIDATE	pooling_adhya4pq	1	4	1	1000000	32574	0.000021
PORT_ROW	pooling_adhya4pq	170	932	24314	16556	16556	16556	16556	16556	16556	16556	16556	16556
PORT_ROW	nuclear10a	17493	163816	82406325	55754381	55754381	55754381	55754381	55754381	55754381	55754381	55754381	55754381
PORT_ROW	sonet24v5	874	7260	185654	110276	110276	110276	110276	110276	110276	110276	110276	110276
PORT_ROW	transswitch2736spr	69651	331010	7933133	7281507	7281507	7281507	7281507	7281507	7281507	7281507	7281507	7281507
PORT_CANDIDATE	chp_shorttermplan2a	0	0	0	80000000	2289507	0.000877
PORT_CANDIDATE	chp_shorttermplan2a	0	0	1	2305580	18446744073709551615	0.000063
PORT_CANDIDATE	chp_shorttermplan2a	0	1	0	80000000	821576	0.000858
PORT_CANDIDATE	chp_shorttermplan2a	0	1	1	2305580	18446744073709551615	0.000059
PORT_CANDIDATE	chp_shorttermplan2a	0	2	0	80000000	821576	0.000842
PORT_CANDIDATE	chp_shorttermplan2a	0	2	1	2305580	18446744073709551615	0.000068
PORT_CANDIDATE	chp_shorttermplan2a	0	3	0	80000000	1883511	0.000854
PORT_CANDIDATE	chp_shorttermplan2a	0	3	1	2305580	18446744073709551615	0.000071
PORT_CANDIDATE	chp_shorttermplan2a	0	4	1	2305580	18446744073709551615	0.000065
PORT_CANDIDATE	chp_shorttermplan2a	1	0	0	80000000	2289507	0.000884
PORT_CANDIDATE	chp_shorttermplan2a	1	0	1	2305580	18446744073709551615	0.000065
PORT_CANDIDATE	chp_shorttermplan2a	1	1	0	80000000	821576	0.000816
PORT_CANDIDATE	chp_shorttermplan2a	1	1	1	2305580	18446744073709551615	0.000059
PORT_CANDIDATE	chp_shorttermplan2a	1	2	0	80000000	821576	0.000831
PORT_CANDIDATE	chp_shorttermplan2a	1	2	1	2305580	18446744073709551615	0.000068
PORT_CANDIDATE	chp_shorttermplan2a	1	3	0	80000000	1424791	0.000851
PORT_CANDIDATE	chp_shorttermplan2a	1	3	1	2305580	18446744073709551615	0.000071
PORT_CANDIDATE	chp_shorttermplan2a	1	4	1	2305580	18446744073709551615	0.000064
PORT_ROW	chp_shorttermplan2a	8992	26288	821014	576395	576395	576395	576395	576395	576395	576395	576395	576395
PORT_CANDIDATE	catmix200	0	0	0	80000000	18164	0.000072
PORT_CANDIDATE	catmix200	0	0	1	1000000	18164	0.000070
PORT_CANDIDATE	catmix200	0	1	0	80000000	24302	0.000077
PORT_CANDIDATE	catmix200	0	1	1	1000000	24302	0.000075
PORT_CANDIDATE	catmix200	0	2	0	80000000	18164	0.000071
PORT_CANDIDATE	catmix200	0	2	1	1000000	18164	0.000071
PORT_CANDIDATE	catmix200	0	3	0	80000000	18164	0.000070
PORT_CANDIDATE	catmix200	0	3	1	1000000	18164	0.000069
PORT_CANDIDATE	catmix200	0	4	1	1000000	18164	0.000069
PORT_CANDIDATE	catmix200	1	0	0	80000000	18189	0.000072
PORT_CANDIDATE	catmix200	1	0	1	1000000	18189	0.000071
PORT_CANDIDATE	catmix200	1	1	0	80000000	24327	0.000074
PORT_CANDIDATE	catmix200	1	1	1	1000000	24327	0.000074
PORT_CANDIDATE	catmix200	1	2	0	80000000	18189	0.000073
PORT_CANDIDATE	catmix200	1	2	1	1000000	18189	0.000070
PORT_CANDIDATE	catmix200	1	3	0	80000000	18189	0.000069
PORT_CANDIDATE	catmix200	1	3	1	1000000	18189	0.000068
PORT_CANDIDATE	catmix200	1	4	1	1000000	18189	0.000068
PORT_ROW	catmix200	1001	5592	18173	18164	18164	18164	18164	18164	18164	18164	18164	18164
PORT_ROW	nvs23	27	252	1921	1221	1221	1221	1221	1221	1221	1221	1221	1221
PORT_ROW	oaer	20	40	107	107	107	107	107	107	107	107	107	107
PORT_CANDIDATE	hybriddynamic_fixed	0	0	0	80000000	1547	0.000015
PORT_CANDIDATE	hybriddynamic_fixed	0	0	1	1000000	1547	0.000011
PORT_CANDIDATE	hybriddynamic_fixed	0	1	0	80000000	1566	0.000016
PORT_CANDIDATE	hybriddynamic_fixed	0	1	1	1000000	1566	0.000011
PORT_CANDIDATE	hybriddynamic_fixed	0	2	0	80000000	1547	0.000013
PORT_CANDIDATE	hybriddynamic_fixed	0	2	1	1000000	1547	0.000011
PORT_CANDIDATE	hybriddynamic_fixed	0	3	0	80000000	1818	0.000014
PORT_CANDIDATE	hybriddynamic_fixed	0	3	1	1000000	1818	0.000011
PORT_CANDIDATE	hybriddynamic_fixed	0	4	1	1000000	2156	0.000012
PORT_ROW	hybriddynamic_fixed	168	388	1103	1103	1103	1103	1103	1103	1103	1103	1103	1103
PORT_CANDIDATE	edgecross24-115	0	0	0	80000000	40345166	0.004297
PORT_CANDIDATE	edgecross24-115	0	0	1	80000000	40345166	0.004258
PORT_CANDIDATE	edgecross24-115	0	1	0	80000000	41115895	0.003435
PORT_CANDIDATE	edgecross24-115	0	1	1	80000000	41115895	0.003423
PORT_CANDIDATE	edgecross24-115	0	2	0	80000000	35697421	0.005033
PORT_CANDIDATE	edgecross24-115	0	2	1	80000000	35697421	0.005000
PORT_CANDIDATE	edgecross24-115	0	3	0	80000000	29138829	0.006051
PORT_CANDIDATE	edgecross24-115	0	3	1	80000000	29138829	0.006024
PORT_CANDIDATE	edgecross24-115	0	4	1	80000000	41115895	0.003471
PORT_CANDIDATE	edgecross24-115	1	0	0	80000000	40515182	0.004689
PORT_CANDIDATE	edgecross24-115	1	0	1	80000000	40515182	0.004670
PORT_CANDIDATE	edgecross24-115	1	1	0	80000000	37443932	0.005290
PORT_CANDIDATE	edgecross24-115	1	1	1	80000000	37443932	0.005238
PORT_CANDIDATE	edgecross24-115	1	2	0	80000000	35867437	0.005417
PORT_CANDIDATE	edgecross24-115	1	2	1	80000000	35867437	0.005422
PORT_CANDIDATE	edgecross24-115	1	3	0	80000000	29270595	0.006451
PORT_CANDIDATE	edgecross24-115	1	3	1	80000000	29270595	0.006400
PORT_CANDIDATE	edgecross24-115	1	4	1	80000000	27935538	0.006008
PORT_ROW	edgecross24-115	16747	77352	35096942	27935538	27935538	27935538	27935538	27935538	27935538	27935538	27935538	27935538
PORT_CANDIDATE	space25	0	0	0	80000000	26649	0.000089
PORT_CANDIDATE	space25	0	0	1	1000000	26649	0.000067
PORT_CANDIDATE	space25	0	1	0	80000000	23253	0.000090
PORT_CANDIDATE	space25	0	1	1	1000000	23253	0.000067
PORT_CANDIDATE	space25	0	2	0	80000000	22761	0.000085
PORT_CANDIDATE	space25	0	2	1	1000000	22761	0.000067
PORT_CANDIDATE	space25	0	3	0	80000000	23628	0.000091
PORT_CANDIDATE	space25	0	3	1	1000000	23628	0.000070
PORT_CANDIDATE	space25	0	4	1	1000000	30847	0.000083
PORT_CANDIDATE	space25	1	0	0	80000000	25399	0.000089
PORT_CANDIDATE	space25	1	0	1	1000000	25399	0.000068
PORT_CANDIDATE	space25	1	1	0	80000000	23743	0.000093
PORT_CANDIDATE	space25	1	1	1	1000000	23743	0.000072
PORT_CANDIDATE	space25	1	2	0	80000000	22761	0.000086
PORT_CANDIDATE	space25	1	2	1	1000000	22761	0.000070
PORT_CANDIDATE	space25	1	3	0	80000000	26465	0.000093
PORT_CANDIDATE	space25	1	3	1	1000000	26465	0.000072
PORT_CANDIDATE	space25	1	4	1	1000000	44388	0.000092
PORT_ROW	space25	1178	4334	23567	22528	22528	22528	22528	22528	22528	22528	22528	22528
PORT_ROW	methanol400	23999	151728	2586036	1864047	1864047	1864047	1864047	1864047	1864047	1864047	1864047	1864047
PORT_CANDIDATE	pooling_foulds5tp	0	0	0	80000000	404899	0.000510
PORT_CANDIDATE	pooling_foulds5tp	0	0	1	1000000	404899	0.000477
PORT_CANDIDATE	pooling_foulds5tp	0	1	0	80000000	251833	0.000519
PORT_CANDIDATE	pooling_foulds5tp	0	1	1	1000000	251833	0.000493
PORT_CANDIDATE	pooling_foulds5tp	0	2	0	80000000	251833	0.000516
PORT_CANDIDATE	pooling_foulds5tp	0	2	1	1000000	251833	0.000491
PORT_CANDIDATE	pooling_foulds5tp	0	3	0	80000000	314406	0.000430
PORT_CANDIDATE	pooling_foulds5tp	0	3	1	1000000	314406	0.000400
PORT_CANDIDATE	pooling_foulds5tp	0	4	1	1000000	252088	0.000480
PORT_ROW	pooling_foulds5tp	1218	8364	251833	171941	171941	171941	171941	171941	171941	171941	171941	171941
PORT_ROW	pooling_sppa9tp	5040	121302	104609262	16877457	16877457	16877457	16877457	16877457	16877457	16877457	16877457	16877457
PORT_ROW	st_miqp2	10	18	37	37	37	37	37	37	37	37	37	37
PORT_ROW	autocorr_bern30-23	33	878	8940	8940	8940	8940	8940	8940	8940	8940	8940	8940
PORT_CANDIDATE	mpbp_15	0	0	0	80000000	1546639	0.001031
PORT_CANDIDATE	mpbp_15	0	0	1	4741300	18446744073709551615	0.000091
PORT_CANDIDATE	mpbp_15	0	1	0	80000000	3244515	0.001304
PORT_CANDIDATE	mpbp_15	0	1	1	4741300	18446744073709551615	0.000089
PORT_CANDIDATE	mpbp_15	0	2	0	80000000	2690664	0.001104
PORT_CANDIDATE	mpbp_15	0	2	1	4741300	18446744073709551615	0.000103
PORT_CANDIDATE	mpbp_15	0	3	0	80000000	5763562	0.001304
PORT_CANDIDATE	mpbp_15	0	3	1	4741300	18446744073709551615	0.000100
PORT_CANDIDATE	mpbp_15	0	4	1	4741300	18446744073709551615	0.000089
PORT_CANDIDATE	mpbp_15	1	0	0	80000000	1547498	0.001074
PORT_CANDIDATE	mpbp_15	1	0	1	4741300	18446744073709551615	0.000084
PORT_CANDIDATE	mpbp_15	1	1	0	80000000	2290386	0.001145
PORT_CANDIDATE	mpbp_15	1	1	1	4741300	18446744073709551615	0.000081
PORT_CANDIDATE	mpbp_15	1	2	0	80000000	2657185	0.001155
PORT_CANDIDATE	mpbp_15	1	2	1	4741300	18446744073709551615	0.000098
PORT_CANDIDATE	mpbp_15	1	3	0	80000000	4295590	0.001409
PORT_CANDIDATE	mpbp_15	1	3	1	4741300	18446744073709551615	0.000091
PORT_CANDIDATE	mpbp_15	1	4	1	4741300	18446744073709551615	0.000084
PORT_ROW	mpbp_15	9858	31692	1496502	1185325	1185325	1185325	1185325	1185325	1185325	1185325	1185325	1185325
PORT_CANDIDATE	cvxnonsep_psig30r	0	0	0	80000000	656	0.000006
PORT_CANDIDATE	cvxnonsep_psig30r	0	0	1	1000000	656	0.000005
PORT_CANDIDATE	cvxnonsep_psig30r	0	1	0	80000000	656	0.000005
PORT_CANDIDATE	cvxnonsep_psig30r	0	1	1	1000000	656	0.000005
PORT_CANDIDATE	cvxnonsep_psig30r	0	2	0	80000000	656	0.000006
PORT_CANDIDATE	cvxnonsep_psig30r	0	2	1	1000000	656	0.000006
PORT_CANDIDATE	cvxnonsep_psig30r	0	3	0	80000000	656	0.000006
PORT_CANDIDATE	cvxnonsep_psig30r	0	3	1	1000000	656	0.000006
PORT_CANDIDATE	cvxnonsep_psig30r	0	4	1	1000000	656	0.000005
PORT_ROW	cvxnonsep_psig30r	126	250	501	501	501	501	501	501	501	501	501	501
PORT_CANDIDATE	rsyn0830hfsg	0	0	0	80000000	17095	0.000199
PORT_CANDIDATE	rsyn0830hfsg	0	0	1	1000000	17095	0.000145
PORT_CANDIDATE	rsyn0830hfsg	0	1	0	80000000	18186	0.000196
PORT_CANDIDATE	rsyn0830hfsg	0	1	1	1000000	18186	0.000148
PORT_CANDIDATE	rsyn0830hfsg	0	2	0	80000000	16697	0.000184
PORT_CANDIDATE	rsyn0830hfsg	0	2	1	1000000	16697	0.000148
PORT_CANDIDATE	rsyn0830hfsg	0	3	0	80000000	17276	0.000200
PORT_CANDIDATE	rsyn0830hfsg	0	3	1	1000000	17276	0.000150
PORT_CANDIDATE	rsyn0830hfsg	0	4	1	1000000	680478	0.000474
PORT_CANDIDATE	rsyn0830hfsg	1	0	0	80000000	19658	0.000184
PORT_CANDIDATE	rsyn0830hfsg	1	0	1	1000000	19658	0.000134
PORT_CANDIDATE	rsyn0830hfsg	1	1	0	80000000	19215	0.000182
PORT_CANDIDATE	rsyn0830hfsg	1	1	1	1000000	19215	0.000139
PORT_CANDIDATE	rsyn0830hfsg	1	2	0	80000000	18767	0.000182
PORT_CANDIDATE	rsyn0830hfsg	1	2	1	1000000	18767	0.000144
PORT_CANDIDATE	rsyn0830hfsg	1	3	0	80000000	20248	0.000187
PORT_CANDIDATE	rsyn0830hfsg	1	3	1	1000000	20248	0.000146
PORT_CANDIDATE	rsyn0830hfsg	1	4	1	1000000	380808	0.000377
PORT_ROW	rsyn0830hfsg	1590	4100	16168	15383	15383	15383	15383	15383	15383	15383	15383	15383
PORT_CANDIDATE	crudeoil_pooling_ct1	0	0	0	80000000	160634	0.000294
PORT_CANDIDATE	crudeoil_pooling_ct1	0	0	1	1000000	160634	0.000225
PORT_CANDIDATE	crudeoil_pooling_ct1	0	1	0	80000000	251452	0.000305
PORT_CANDIDATE	crudeoil_pooling_ct1	0	1	1	1000000	251452	0.000248
PORT_CANDIDATE	crudeoil_pooling_ct1	0	2	0	80000000	161934	0.000296
PORT_CANDIDATE	crudeoil_pooling_ct1	0	2	1	1000000	161934	0.000256
PORT_CANDIDATE	crudeoil_pooling_ct1	0	3	0	80000000	164650	0.000324
PORT_CANDIDATE	crudeoil_pooling_ct1	0	3	1	1000000	164650	0.000270
PORT_CANDIDATE	crudeoil_pooling_ct1	0	4	1	1000000	632685	0.000389
PORT_CANDIDATE	crudeoil_pooling_ct1	1	0	0	80000000	223128	0.000311
PORT_CANDIDATE	crudeoil_pooling_ct1	1	0	1	1000000	223128	0.000247
PORT_CANDIDATE	crudeoil_pooling_ct1	1	1	0	80000000	335837	0.000304
PORT_CANDIDATE	crudeoil_pooling_ct1	1	1	1	1000000	335837	0.000257
PORT_CANDIDATE	crudeoil_pooling_ct1	1	2	0	80000000	199153	0.000305
PORT_CANDIDATE	crudeoil_pooling_ct1	1	2	1	1000000	199153	0.000249
PORT_CANDIDATE	crudeoil_pooling_ct1	1	3	0	80000000	219900	0.000343
PORT_CANDIDATE	crudeoil_pooling_ct1	1	3	1	1000000	219900	0.000276
PORT_CANDIDATE	crudeoil_pooling_ct1	1	4	1	1000000	18446744073709551615	0.000355
PORT_ROW	crudeoil_pooling_ct1	1271	4642	125127	93863	93863	93863	93863	93863	93863	93863	93863	93863
PORT_CANDIDATE	multiplants_stg1c	0	0	0	80000000	328882	0.000330
PORT_CANDIDATE	multiplants_stg1c	0	0	1	1000000	328882	0.000275
PORT_CANDIDATE	multiplants_stg1c	0	1	0	80000000	160781	0.000318
PORT_CANDIDATE	multiplants_stg1c	0	1	1	1000000	160781	0.000275
PORT_CANDIDATE	multiplants_stg1c	0	2	0	80000000	160781	0.000283
PORT_CANDIDATE	multiplants_stg1c	0	2	1	1000000	160781	0.000258
PORT_CANDIDATE	multiplants_stg1c	0	3	0	80000000	671800	0.000435
PORT_CANDIDATE	multiplants_stg1c	0	3	1	1000000	671800	0.000388
PORT_CANDIDATE	multiplants_stg1c	0	4	1	1000000	337937	0.000342
PORT_CANDIDATE	multiplants_stg1c	1	0	0	80000000	174522	0.000200
PORT_CANDIDATE	multiplants_stg1c	1	0	1	1000000	174522	0.000155
PORT_CANDIDATE	multiplants_stg1c	1	1	0	80000000	151188	0.000189
PORT_CANDIDATE	multiplants_stg1c	1	1	1	1000000	151188	0.000147
PORT_CANDIDATE	multiplants_stg1c	1	2	0	80000000	151188	0.000153
PORT_CANDIDATE	multiplants_stg1c	1	2	1	1000000	151188	0.000127
PORT_CANDIDATE	multiplants_stg1c	1	3	0	80000000	346933	0.000228
PORT_CANDIDATE	multiplants_stg1c	1	3	1	1000000	346933	0.000180
PORT_CANDIDATE	multiplants_stg1c	1	4	1	1000000	312140	0.000197
PORT_ROW	multiplants_stg1c	800	3894	150039	143020	143020	143020	143020	143020	143020	143020	143020	143020
PORT_ROW	st_pan1	11	32	123	94	94	94	94	94	94	94	94	94
PORT_CANDIDATE	multiplants_stg1b	0	0	0	80000000	227338	0.000155
PORT_CANDIDATE	multiplants_stg1b	0	0	1	1000000	227338	0.000108
PORT_CANDIDATE	multiplants_stg1b	0	1	0	80000000	717083	0.000139
PORT_CANDIDATE	multiplants_stg1b	0	1	1	1000000	717083	0.000101
PORT_CANDIDATE	multiplants_stg1b	0	2	0	80000000	225519	0.000148
PORT_CANDIDATE	multiplants_stg1b	0	2	1	1000000	225519	0.000108
PORT_CANDIDATE	multiplants_stg1b	0	3	0	80000000	357818	0.000239
PORT_CANDIDATE	multiplants_stg1b	0	3	1	1000000	357818	0.000182
PORT_CANDIDATE	multiplants_stg1b	0	4	1	1000000	550164	0.000173
PORT_CANDIDATE	multiplants_stg1b	1	0	0	80000000	246994	0.000145
PORT_CANDIDATE	multiplants_stg1b	1	0	1	1000000	246994	0.000102
PORT_CANDIDATE	multiplants_stg1b	1	1	0	80000000	713777	0.000155
PORT_CANDIDATE	multiplants_stg1b	1	1	1	1000000	713777	0.000116
PORT_CANDIDATE	multiplants_stg1b	1	2	0	80000000	228890	0.000129
PORT_CANDIDATE	multiplants_stg1b	1	2	1	1000000	228890	0.000098
PORT_CANDIDATE	multiplants_stg1b	1	3	0	80000000	330156	0.000181
PORT_CANDIDATE	multiplants_stg1b	1	3	1	1000000	330156	0.000130
PORT_CANDIDATE	multiplants_stg1b	1	4	1	1000000	571169	0.000156
PORT_ROW	multiplants_stg1b	814	3992	308612	187593	187593	187593	187593	187593	187593	187593	187593	187593
PORT_CANDIDATE	methanol200	0	0	0	80000000	1249243	0.001438
PORT_CANDIDATE	methanol200	0	0	1	3623780	18446744073709551615	0.000099
PORT_CANDIDATE	methanol200	0	1	0	80000000	1221086	0.001427
PORT_CANDIDATE	methanol200	0	1	1	3623780	18446744073709551615	0.000096
PORT_CANDIDATE	methanol200	0	2	0	80000000	1221086	0.001482
PORT_CANDIDATE	methanol200	0	2	1	3623780	18446744073709551615	0.000107
PORT_CANDIDATE	methanol200	0	3	0	80000000	3955305	0.001718
PORT_CANDIDATE	methanol200	0	3	1	3623780	18446744073709551615	0.000103
PORT_CANDIDATE	methanol200	0	4	1	3623780	18446744073709551615	0.000146
PORT_CANDIDATE	methanol200	1	0	0	80000000	1255142	0.001286
PORT_CANDIDATE	methanol200	1	0	1	3623780	18446744073709551615	0.000102
PORT_CANDIDATE	methanol200	1	1	0	80000000	1444554	0.001386
PORT_CANDIDATE	methanol200	1	1	1	3623780	18446744073709551615	0.000100
PORT_CANDIDATE	methanol200	1	2	0	80000000	1323293	0.001336
PORT_CANDIDATE	methanol200	1	2	1	3623780	18446744073709551615	0.000106
PORT_CANDIDATE	methanol200	1	3	0	80000000	1728205	0.001424
PORT_CANDIDATE	methanol200	1	3	1	3623780	18446744073709551615	0.000107
PORT_CANDIDATE	methanol200	1	4	1	3623780	18446744073709551615	0.000169
PORT_ROW	methanol200	11999	76128	1290836	905945	905945	905945	905945	905945	905945	905945	905945	905945
PORT_ROW	faclay35	26778	132380	33630126	32021838	32021838	32021838	32021838	32021838	32021838	32021838	32021838	32021838
PORT_CANDIDATE	emfl050_5_5	0	0	0	80000000	155400	0.001300
PORT_CANDIDATE	emfl050_5_5	0	0	1	1000000	18446744073709551615	0.000035
PORT_CANDIDATE	emfl050_5_5	0	1	0	80000000	155400	0.001272
PORT_CANDIDATE	emfl050_5_5	0	1	1	1000000	18446744073709551615	0.000036
PORT_CANDIDATE	emfl050_5_5	0	2	0	80000000	155400	0.001310
PORT_CANDIDATE	emfl050_5_5	0	2	1	1000000	18446744073709551615	0.000037
PORT_CANDIDATE	emfl050_5_5	0	3	0	80000000	155400	0.001624
PORT_CANDIDATE	emfl050_5_5	0	3	1	1000000	18446744073709551615	0.000050
PORT_CANDIDATE	emfl050_5_5	0	4	1	1000000	18446744073709551615	0.000060
PORT_CANDIDATE	emfl050_5_5	1	0	0	80000000	225100	0.001659
PORT_CANDIDATE	emfl050_5_5	1	0	1	1000000	18446744073709551615	0.000053
PORT_CANDIDATE	emfl050_5_5	1	1	0	80000000	225100	0.001381
PORT_CANDIDATE	emfl050_5_5	1	1	1	1000000	18446744073709551615	0.000048
PORT_CANDIDATE	emfl050_5_5	1	2	0	80000000	225100	0.001417
PORT_CANDIDATE	emfl050_5_5	1	2	1	1000000	18446744073709551615	0.000049
PORT_CANDIDATE	emfl050_5_5	1	3	0	80000000	225100	0.001521
PORT_CANDIDATE	emfl050_5_5	1	3	1	1000000	18446744073709551615	0.000053
PORT_CANDIDATE	emfl050_5_5	1	4	1	1000000	18446744073709551615	0.000065
PORT_ROW	emfl050_5_5	13175	32300	155400	155400	155400	155400	155400	155400	155400	155400	155400	155400
PORT_ROW	transswitch2383wpr	59853	277562	3946309	3861509	3861509	3861509	3861509	3861509	3861509	3861509	3861509	3861509
PORT_CANDIDATE	chimera_lga-01	0	0	0	80000000	1098475	0.000354
PORT_CANDIDATE	chimera_lga-01	0	0	1	1988404	1098475	0.000289
PORT_CANDIDATE	chimera_lga-01	0	1	0	80000000	660121	0.000371
PORT_CANDIDATE	chimera_lga-01	0	1	1	1988404	660121	0.000323
PORT_CANDIDATE	chimera_lga-01	0	2	0	80000000	669653	0.000368
PORT_CANDIDATE	chimera_lga-01	0	2	1	1988404	669653	0.000334
PORT_CANDIDATE	chimera_lga-01	0	3	0	80000000	795997	0.000452
PORT_CANDIDATE	chimera_lga-01	0	3	1	1988404	795997	0.000403
PORT_CANDIDATE	chimera_lga-01	0	4	1	1988404	18446744073709551615	0.000378
PORT_CANDIDATE	chimera_lga-01	1	0	0	80000000	916339	0.000366
PORT_CANDIDATE	chimera_lga-01	1	0	1	1988404	916339	0.000307
PORT_CANDIDATE	chimera_lga-01	1	1	0	80000000	707565	0.000393
PORT_CANDIDATE	chimera_lga-01	1	1	1	1988404	707565	0.000350
PORT_CANDIDATE	chimera_lga-01	1	2	0	80000000	730162	0.000389
PORT_CANDIDATE	chimera_lga-01	1	2	1	1988404	730162	0.000358
PORT_CANDIDATE	chimera_lga-01	1	3	0	80000000	1483358	0.000465
PORT_CANDIDATE	chimera_lga-01	1	3	1	1988404	1483358	0.000434
PORT_CANDIDATE	chimera_lga-01	1	4	1	1988404	18446744073709551615	0.000436
PORT_ROW	chimera_lga-01	1120	6400	668019	497101	497101	497101	497101	497101	497101	497101	497101	497101
PORT_CANDIDATE	gasprod_sarawak16	0	0	0	80000000	418903	0.000622
PORT_CANDIDATE	gasprod_sarawak16	0	0	1	1000000	18446744073709551615	0.000052
PORT_CANDIDATE	gasprod_sarawak16	0	1	0	80000000	215102	0.000590
PORT_CANDIDATE	gasprod_sarawak16	0	1	1	1000000	18446744073709551615	0.000049
PORT_CANDIDATE	gasprod_sarawak16	0	2	0	80000000	214958	0.000596
PORT_CANDIDATE	gasprod_sarawak16	0	2	1	1000000	18446744073709551615	0.000052
PORT_CANDIDATE	gasprod_sarawak16	0	3	0	80000000	762298	0.000648
PORT_CANDIDATE	gasprod_sarawak16	0	3	1	1000000	18446744073709551615	0.000056
PORT_CANDIDATE	gasprod_sarawak16	0	4	1	1000000	18446744073709551615	0.000114
PORT_CANDIDATE	gasprod_sarawak16	1	0	0	80000000	421814	0.000598
PORT_CANDIDATE	gasprod_sarawak16	1	0	1	1000000	18446744073709551615	0.000049
PORT_CANDIDATE	gasprod_sarawak16	1	1	0	80000000	218013	0.000564
PORT_CANDIDATE	gasprod_sarawak16	1	1	1	1000000	18446744073709551615	0.000051
PORT_CANDIDATE	gasprod_sarawak16	1	2	0	80000000	217869	0.000561
PORT_CANDIDATE	gasprod_sarawak16	1	2	1	1000000	18446744073709551615	0.000051
PORT_CANDIDATE	gasprod_sarawak16	1	3	0	80000000	765065	0.000652
PORT_CANDIDATE	gasprod_sarawak16	1	3	1	1000000	18446744073709551615	0.000056
PORT_CANDIDATE	gasprod_sarawak16	1	4	1	1000000	18446744073709551615	0.000116
PORT_ROW	gasprod_sarawak16	4596	15316	213850	196064	196064	196064	196064	196064	196064	196064	196064	196064
PORT_ROW	crudeoil_lee4_09	15904	101792	208785578	130655525	130655525	130655525	130655525	130655525	130655525	130655525	130655525	130655525
PORT_ROW	arki0013	44909	160172	390472987	157005417	157005417	157005417	157005417	157005417	157005417	157005417	157005417	157005417
PORT_CANDIDATE	st_m1	0	0	0	80000000	3097	0.000003
PORT_CANDIDATE	st_m1	0	0	1	1000000	3097	0.000003
PORT_CANDIDATE	st_m1	0	1	0	80000000	3097	0.000003
PORT_CANDIDATE	st_m1	0	1	1	1000000	3097	0.000003
PORT_CANDIDATE	st_m1	0	2	0	80000000	3097	0.000003
PORT_CANDIDATE	st_m1	0	2	1	1000000	3097	0.000003
PORT_CANDIDATE	st_m1	0	3	0	80000000	3097	0.000003
PORT_CANDIDATE	st_m1	0	3	1	1000000	3097	0.000003
PORT_CANDIDATE	st_m1	0	4	1	1000000	3097	0.000003
PORT_ROW	st_m1	42	432	3097	3097	3097	3097	3097	3097	3097	3097	3097	3097
PORT_CANDIDATE	mpbp_47	0	0	0	80000000	1414621	0.000663
PORT_CANDIDATE	mpbp_47	0	0	1	2608992	18446744073709551615	0.000086
PORT_CANDIDATE	mpbp_47	0	1	0	80000000	808416	0.000701
PORT_CANDIDATE	mpbp_47	0	1	1	2608992	18446744073709551615	0.000078
PORT_CANDIDATE	mpbp_47	0	2	0	80000000	816107	0.000725
PORT_CANDIDATE	mpbp_47	0	2	1	2608992	18446744073709551615	0.000094
PORT_CANDIDATE	mpbp_47	0	3	0	80000000	3121821	0.000853
PORT_CANDIDATE	mpbp_47	0	3	1	2608992	18446744073709551615	0.000099
PORT_CANDIDATE	mpbp_47	0	4	1	2608992	18446744073709551615	0.000088
PORT_CANDIDATE	mpbp_47	1	0	0	80000000	1454379	0.000690
PORT_CANDIDATE	mpbp_47	1	0	1	2608992	18446744073709551615	0.000096
PORT_CANDIDATE	mpbp_47	1	1	0	80000000	834382	0.000697
PORT_CANDIDATE	mpbp_47	1	1	1	2608992	18446744073709551615	0.000088
PORT_CANDIDATE	mpbp_47	1	2	0	80000000	834382	0.000689
PORT_CANDIDATE	mpbp_47	1	2	1	2608992	18446744073709551615	0.000100
PORT_CANDIDATE	mpbp_47	1	3	0	80000000	3002903	0.000862
PORT_CANDIDATE	mpbp_47	1	3	1	2608992	18446744073709551615	0.000106
PORT_CANDIDATE	mpbp_47	1	4	1	2608992	18446744073709551615	0.000096
PORT_ROW	mpbp_47	5310	17098	730624	652248	652248	652248	652248	652248	652248	652248	652248	652248
PORT_CANDIDATE	rsyn0815m	0	0	0	80000000	9216	0.000111
PORT_CANDIDATE	rsyn0815m	0	0	1	1000000	9216	0.000070
PORT_CANDIDATE	rsyn0815m	0	1	0	80000000	8807	0.000096
PORT_CANDIDATE	rsyn0815m	0	1	1	1000000	8807	0.000067
PORT_CANDIDATE	rsyn0815m	0	2	0	80000000	8789	0.000094
PORT_CANDIDATE	rsyn0815m	0	2	1	1000000	8789	0.000069
PORT_CANDIDATE	rsyn0815m	0	3	0	80000000	9087	0.000103
PORT_CANDIDATE	rsyn0815m	0	3	1	1000000	9087	0.000076
PORT_CANDIDATE	rsyn0815m	0	4	1	1000000	27479	0.000103
PORT_CANDIDATE	rsyn0815m	1	0	0	80000000	12612	0.000095
PORT_CANDIDATE	rsyn0815m	1	0	1	1000000	12612	0.000062
PORT_CANDIDATE	rsyn0815m	1	1	0	80000000	12299	0.000092
PORT_CANDIDATE	rsyn0815m	1	1	1	1000000	12299	0.000063
PORT_CANDIDATE	rsyn0815m	1	2	0	80000000	10407	0.000087
PORT_CANDIDATE	rsyn0815m	1	2	1	1000000	10407	0.000062
PORT_CANDIDATE	rsyn0815m	1	3	0	80000000	10993	0.000091
PORT_CANDIDATE	rsyn0815m	1	3	1	1000000	10993	0.000065
PORT_CANDIDATE	rsyn0815m	1	4	1	1000000	37144	0.000108
PORT_ROW	rsyn0815m	821	2242	8260	7745	7745	7745	7745	7745	7745	7745	7745	7745
PORT_CANDIDATE	arki0016	0	0	0	80000000	1045563	0.003408
PORT_CANDIDATE	arki0016	0	0	1	3343212	18446744073709551615	0.000103
PORT_CANDIDATE	arki0016	0	1	0	80000000	1174598	0.003880
PORT_CANDIDATE	arki0016	0	1	1	3343212	18446744073709551615	0.000095
PORT_CANDIDATE	arki0016	0	2	0	80000000	865843	0.003744
PORT_CANDIDATE	arki0016	0	2	1	3343212	18446744073709551615	0.000101
PORT_CANDIDATE	arki0016	0	3	0	80000000	1642772	0.003440
PORT_CANDIDATE	arki0016	0	3	1	3343212	18446744073709551615	0.000119
PORT_CANDIDATE	arki0016	0	4	1	3343212	18446744073709551615	0.000233
PORT_CANDIDATE	arki0016	1	0	0	80000000	1133007	0.002466
PORT_CANDIDATE	arki0016	1	0	1	3343212	18446744073709551615	0.000443
PORT_CANDIDATE	arki0016	1	1	0	80000000	911357	0.002783
PORT_CANDIDATE	arki0016	1	1	1	3343212	18446744073709551615	0.000423
PORT_CANDIDATE	arki0016	1	2	0	80000000	918034	0.002771
PORT_CANDIDATE	arki0016	1	2	1	3343212	18446744073709551615	0.000453
PORT_CANDIDATE	arki0016	1	3	0	80000000	1842795	0.002422
PORT_CANDIDATE	arki0016	1	3	1	3343212	18446744073709551615	0.000476
PORT_CANDIDATE	arki0016	1	4	1	3343212	18446744073709551615	0.000562
PORT_ROW	arki0016	7993	37208	878890	835803	835803	835803	835803	835803	835803	835803	835803	835803
PORT_ROW	st_glmp_ss2	18	48	121	121	121	121	121	121	121	121	121	121
PORT_CANDIDATE	rsyn0810m02hfsg	0	0	0	80000000	44791	0.000322
PORT_CANDIDATE	rsyn0810m02hfsg	0	0	1	1000000	18446744073709551615	0.000098
PORT_CANDIDATE	rsyn0810m02hfsg	0	1	0	80000000	41026	0.000323
PORT_CANDIDATE	rsyn0810m02hfsg	0	1	1	1000000	18446744073709551615	0.000094
PORT_CANDIDATE	rsyn0810m02hfsg	0	2	0	80000000	37923	0.000302
PORT_CANDIDATE	rsyn0810m02hfsg	0	2	1	1000000	18446744073709551615	0.000091
PORT_CANDIDATE	rsyn0810m02hfsg	0	3	0	80000000	51544	0.000329
PORT_CANDIDATE	rsyn0810m02hfsg	0	3	1	1000000	18446744073709551615	0.000116
PORT_CANDIDATE	rsyn0810m02hfsg	0	4	1	1000000	18446744073709551615	0.000372
PORT_CANDIDATE	rsyn0810m02hfsg	1	0	0	80000000	52967	0.000303
PORT_CANDIDATE	rsyn0810m02hfsg	1	0	1	1000000	52967	0.000245
PORT_CANDIDATE	rsyn0810m02hfsg	1	1	0	80000000	42004	0.000306
PORT_CANDIDATE	rsyn0810m02hfsg	1	1	1	1000000	42004	0.000240
PORT_CANDIDATE	rsyn0810m02hfsg	1	2	0	80000000	41296	0.000287
PORT_CANDIDATE	rsyn0810m02hfsg	1	2	1	1000000	41296	0.000240
PORT_CANDIDATE	rsyn0810m02hfsg	1	3	0	80000000	48700	0.000320
PORT_CANDIDATE	rsyn0810m02hfsg	1	3	1	1000000	48700	0.000266
PORT_CANDIDATE	rsyn0810m02hfsg	1	4	1	1000000	18446744073709551615	0.000510
PORT_ROW	rsyn0810m02hfsg	2670	6964	36862	34753	34753	34753	34753	34753	34753	34753	34753	34753
PORT_CANDIDATE	pointpack06	0	0	0	80000000	1497	0.000010
PORT_CANDIDATE	pointpack06	0	0	1	1000000	1497	0.000007
PORT_CANDIDATE	pointpack06	0	1	0	80000000	1497	0.000008
PORT_CANDIDATE	pointpack06	0	1	1	1000000	1497	0.000006
PORT_CANDIDATE	pointpack06	0	2	0	80000000	1497	0.000007
PORT_CANDIDATE	pointpack06	0	2	1	1000000	1497	0.000006
PORT_CANDIDATE	pointpack06	0	3	0	80000000	1497	0.000008
PORT_CANDIDATE	pointpack06	0	3	1	1000000	1497	0.000006
PORT_CANDIDATE	pointpack06	0	4	1	1000000	2312	0.000007
PORT_CANDIDATE	pointpack06	1	0	0	80000000	1569	0.000012
PORT_CANDIDATE	pointpack06	1	0	1	1000000	1569	0.000007
PORT_CANDIDATE	pointpack06	1	1	0	80000000	4520	0.000013
PORT_CANDIDATE	pointpack06	1	1	1	1000000	4520	0.000007
PORT_CANDIDATE	pointpack06	1	2	0	80000000	1569	0.000010
PORT_CANDIDATE	pointpack06	1	2	1	1000000	1569	0.000007
PORT_CANDIDATE	pointpack06	1	3	0	80000000	1569	0.000009
PORT_CANDIDATE	pointpack06	1	3	1	1000000	1569	0.000007
PORT_CANDIDATE	pointpack06	1	4	1	1000000	2622	0.000008
PORT_ROW	pointpack06	55	276	1497	1497	1497	1497	1497	1497	1497	1497	1497	1497
PORT_CANDIDATE	syn40m04hfsg	0	0	0	80000000	87372	0.000640
PORT_CANDIDATE	syn40m04hfsg	0	0	1	1000000	18446744073709551615	0.000039
PORT_CANDIDATE	syn40m04hfsg	0	1	0	80000000	78800	0.000630
PORT_CANDIDATE	syn40m04hfsg	0	1	1	1000000	18446744073709551615	0.000037
PORT_CANDIDATE	syn40m04hfsg	0	2	0	80000000	77951	0.000648
PORT_CANDIDATE	syn40m04hfsg	0	2	1	1000000	18446744073709551615	0.000039
PORT_CANDIDATE	syn40m04hfsg	0	3	0	80000000	87564	0.000695
PORT_CANDIDATE	syn40m04hfsg	0	3	1	1000000	18446744073709551615	0.000041
PORT_CANDIDATE	syn40m04hfsg	0	4	1	1000000	18446744073709551615	0.000038
PORT_CANDIDATE	syn40m04hfsg	1	0	0	80000000	100734	0.000601
PORT_CANDIDATE	syn40m04hfsg	1	0	1	1000000	18446744073709551615	0.000039
PORT_CANDIDATE	syn40m04hfsg	1	1	0	80000000	84243	0.000605
PORT_CANDIDATE	syn40m04hfsg	1	1	1	1000000	18446744073709551615	0.000037
PORT_CANDIDATE	syn40m04hfsg	1	2	0	80000000	82127	0.000618
PORT_CANDIDATE	syn40m04hfsg	1	2	1	1000000	18446744073709551615	0.000040
PORT_CANDIDATE	syn40m04hfsg	1	3	0	80000000	94778	0.000639
PORT_CANDIDATE	syn40m04hfsg	1	3	1	1000000	18446744073709551615	0.000042
PORT_CANDIDATE	syn40m04hfsg	1	4	1	1000000	18446744073709551615	0.000040
PORT_ROW	syn40m04hfsg	6328	16896	76232	73685	73685	73685	73685	73685	73685	73685	73685	73685
PORT_CANDIDATE	clay0304m	0	0	0	80000000	2778	0.000032
PORT_CANDIDATE	clay0304m	0	0	1	1000000	2778	0.000023
PORT_CANDIDATE	clay0304m	0	1	0	80000000	2778	0.000028
PORT_CANDIDATE	clay0304m	0	1	1	1000000	2778	0.000021
PORT_CANDIDATE	clay0304m	0	2	0	80000000	2778	0.000023
PORT_CANDIDATE	clay0304m	0	2	1	1000000	2778	0.000021
PORT_CANDIDATE	clay0304m	0	3	0	80000000	2952	0.000028
PORT_CANDIDATE	clay0304m	0	3	1	1000000	2952	0.000022
PORT_CANDIDATE	clay0304m	0	4	1	1000000	2952	0.000019
PORT_ROW	clay0304m	258	840	2742	2742	2742	2742	2742	2742	2742	2742	2742	2742
PORT_CANDIDATE	pooling_foulds5pq	0	0	0	80000000	160240	0.000579
PORT_CANDIDATE	pooling_foulds5pq	0	0	1	1000000	160240	0.000550
PORT_CANDIDATE	pooling_foulds5pq	0	1	0	80000000	159641	0.000549
PORT_CANDIDATE	pooling_foulds5pq	0	1	1	1000000	159641	0.000528
PORT_CANDIDATE	pooling_foulds5pq	0	2	0	80000000	159641	0.000541
PORT_CANDIDATE	pooling_foulds5pq	0	2	1	1000000	159641	0.000524
PORT_CANDIDATE	pooling_foulds5pq	0	3	0	80000000	329652	0.000430
PORT_CANDIDATE	pooling_foulds5pq	0	3	1	1000000	329652	0.000413
PORT_CANDIDATE	pooling_foulds5pq	0	4	1	1000000	191548	0.000538
PORT_CANDIDATE	pooling_foulds5pq	1	0	0	80000000	160240	0.000525
PORT_CANDIDATE	pooling_foulds5pq	1	0	1	1000000	160240	0.000509
PORT_CANDIDATE	pooling_foulds5pq	1	1	0	80000000	159641	0.000506
PORT_CANDIDATE	pooling_foulds5pq	1	1	1	1000000	159641	0.000502
PORT_CANDIDATE	pooling_foulds5pq	1	2	0	80000000	159641	0.000516
PORT_CANDIDATE	pooling_foulds5pq	1	2	1	1000000	159641	0.000508
PORT_CANDIDATE	pooling_foulds5pq	1	3	0	80000000	334417	0.000418
PORT_CANDIDATE	pooling_foulds5pq	1	3	1	1000000	334417	0.000406
PORT_CANDIDATE	pooling_foulds5pq	1	4	1	1000000	191548	0.000530
PORT_ROW	pooling_foulds5pq	1218	8300	159641	159641	159641	159641	159641	159641	159641	159641	159641	159641
PORT_CANDIDATE	clay0305hfsg	0	0	0	80000000	12625	0.000083
PORT_CANDIDATE	clay0305hfsg	0	0	1	1000000	12625	0.000070
PORT_CANDIDATE	clay0305hfsg	0	1	0	80000000	13580	0.000079
PORT_CANDIDATE	clay0305hfsg	0	1	1	1000000	13580	0.000067
PORT_CANDIDATE	clay0305hfsg	0	2	0	80000000	12865	0.000078
PORT_CANDIDATE	clay0305hfsg	0	2	1	1000000	12865	0.000071
PORT_CANDIDATE	clay0305hfsg	0	3	0	80000000	12370	0.000083
PORT_CANDIDATE	clay0305hfsg	0	3	1	1000000	12370	0.000070
PORT_CANDIDATE	clay0305hfsg	0	4	1	1000000	16325	0.000072
PORT_CANDIDATE	clay0305hfsg	1	0	0	80000000	13340	0.000076
PORT_CANDIDATE	clay0305hfsg	1	0	1	1000000	13340	0.000066
PORT_CANDIDATE	clay0305hfsg	1	1	0	80000000	13580	0.000069
PORT_CANDIDATE	clay0305hfsg	1	1	1	1000000	13580	0.000063
PORT_CANDIDATE	clay0305hfsg	1	2	0	80000000	13580	0.000070
PORT_CANDIDATE	clay0305hfsg	1	2	1	1000000	13580	0.000067
PORT_CANDIDATE	clay0305hfsg	1	3	0	80000000	13405	0.000078
PORT_CANDIDATE	clay0305hfsg	1	3	1	1000000	13405	0.000067
PORT_CANDIDATE	clay0305hfsg	1	4	1	1000000	15545	0.000070
PORT_ROW	clay0305hfsg	1000	2910	12260	11240	11240	11240	11240	11240	11240	11240	11240	11240
PORT_CANDIDATE	st_test8	0	0	0	80000000	3206	0.000011
PORT_CANDIDATE	st_test8	0	0	1	1000000	3206	0.000007
PORT_CANDIDATE	st_test8	0	1	0	80000000	3199	0.000010
PORT_CANDIDATE	st_test8	0	1	1	1000000	3199	0.000007
PORT_CANDIDATE	st_test8	0	2	0	80000000	3199	0.000007
PORT_CANDIDATE	st_test8	0	2	1	1000000	3199	0.000006
PORT_CANDIDATE	st_test8	0	3	0	80000000	2189	0.000012
PORT_CANDIDATE	st_test8	0	3	1	1000000	2189	0.000007
PORT_CANDIDATE	st_test8	0	4	1	1000000	4087	0.000007
PORT_CANDIDATE	st_test8	1	0	0	80000000	2538	0.000005
PORT_CANDIDATE	st_test8	1	0	1	1000000	2538	0.000003
PORT_CANDIDATE	st_test8	1	1	0	80000000	1970	0.000004
PORT_CANDIDATE	st_test8	1	1	1	1000000	1970	0.000003
PORT_CANDIDATE	st_test8	1	2	0	80000000	2238	0.000004
PORT_CANDIDATE	st_test8	1	2	1	1000000	2238	0.000003
PORT_CANDIDATE	st_test8	1	3	0	80000000	1970	0.000004
PORT_CANDIDATE	st_test8	1	3	1	1000000	1970	0.000003
PORT_CANDIDATE	st_test8	1	4	1	1000000	2970	0.000003
PORT_ROW	st_test8	64	232	2343	1964	1964	1964	1964	1964	1964	1964	1964	1964
PORT_ROW	gams05	17364	252910	6179750712	3259322396	3259322396	3259322396	3259322396	3259322396	3259322396	3259322396	3259322396	3259322396
PORT_ROW	sporttournament08	31	156	862	862	862	862	862	862	862	862	862	862
PORT_CANDIDATE	powerflow0030p	0	0	0	80000000	29649	0.000158
PORT_CANDIDATE	powerflow0030p	0	0	1	1000000	29649	0.000114
PORT_CANDIDATE	powerflow0030p	0	1	0	80000000	25937	0.000166
PORT_CANDIDATE	powerflow0030p	0	1	1	1000000	25937	0.000125
PORT_CANDIDATE	powerflow0030p	0	2	0	80000000	25417	0.000149
PORT_CANDIDATE	powerflow0030p	0	2	1	1000000	25417	0.000116
PORT_CANDIDATE	powerflow0030p	0	3	0	80000000	30197	0.000163
PORT_CANDIDATE	powerflow0030p	0	3	1	1000000	30197	0.000122
PORT_CANDIDATE	powerflow0030p	0	4	1	1000000	62607	0.000202
PORT_CANDIDATE	powerflow0030p	1	0	0	80000000	31803	0.000146
PORT_CANDIDATE	powerflow0030p	1	0	1	1000000	31803	0.000106
PORT_CANDIDATE	powerflow0030p	1	1	0	80000000	26099	0.000138
PORT_CANDIDATE	powerflow0030p	1	1	1	1000000	26099	0.000104
PORT_CANDIDATE	powerflow0030p	1	2	0	80000000	26099	0.000109
PORT_CANDIDATE	powerflow0030p	1	2	1	1000000	26099	0.000096
PORT_CANDIDATE	powerflow0030p	1	3	0	80000000	29472	0.000155
PORT_CANDIDATE	powerflow0030p	1	3	1	1000000	29472	0.000122
PORT_CANDIDATE	powerflow0030p	1	4	1	1000000	61357	0.000185
PORT_ROW	powerflow0030p	1121	4194	24944	23642	23642	23642	23642	23642	23642	23642	23642	23642
PORT_ROW	popdynm200	22407	105584	2567878	2436690	2436690	2436690	2436690	2436690	2436690	2436690	2436690	2436690
PORT_ROW	mpbp_35	11120	40790	3037207	976558	976558	976558	976558	976558	976558	976558	976558	976558
PORT_CANDIDATE	syn30m02m	0	0	0	80000000	14515	0.000161
PORT_CANDIDATE	syn30m02m	0	0	1	1000000	14515	0.000122
PORT_CANDIDATE	syn30m02m	0	1	0	80000000	14499	0.000157
PORT_CANDIDATE	syn30m02m	0	1	1	1000000	14499	0.000122
PORT_CANDIDATE	syn30m02m	0	2	0	80000000	14243	0.000152
PORT_CANDIDATE	syn30m02m	0	2	1	1000000	14243	0.000121
PORT_CANDIDATE	syn30m02m	0	3	0	80000000	15382	0.000171
PORT_CANDIDATE	syn30m02m	0	3	1	1000000	15382	0.000128
PORT_CANDIDATE	syn30m02m	0	4	1	1000000	63080	0.000190
PORT_CANDIDATE	syn30m02m	1	0	0	80000000	19251	0.000149
PORT_CANDIDATE	syn30m02m	1	0	1	1000000	19251	0.000107
PORT_CANDIDATE	syn30m02m	1	1	0	80000000	18966	0.000130
PORT_CANDIDATE	syn30m02m	1	1	1	1000000	18966	0.000099
PORT_CANDIDATE	syn30m02m	1	2	0	80000000	18979	0.000124
PORT_CANDIDATE	syn30m02m	1	2	1	1000000	18979	0.000100
PORT_CANDIDATE	syn30m02m	1	3	0	80000000	20950	0.000161
PORT_CANDIDATE	syn30m02m	1	3	1	1000000	20950	0.000120
PORT_CANDIDATE	syn30m02m	1	4	1	1000000	94183	0.000200
PORT_ROW	syn30m02m	1492	3936	13752	13455	13455	13455	13455	13455	13455	13455	13455	13455
PORT_CANDIDATE	wastewater13m1	0	0	0	80000000	60248	0.000158
PORT_CANDIDATE	wastewater13m1	0	0	1	1000000	60248	0.000135
PORT_CANDIDATE	wastewater13m1	0	1	0	80000000	60345	0.000146
PORT_CANDIDATE	wastewater13m1	0	1	1	1000000	60345	0.000128
PORT_CANDIDATE	wastewater13m1	0	2	0	80000000	60210	0.000142
PORT_CANDIDATE	wastewater13m1	0	2	1	1000000	60210	0.000131
PORT_CANDIDATE	wastewater13m1	0	3	0	80000000	66968	0.000142
PORT_CANDIDATE	wastewater13m1	0	3	1	1000000	66968	0.000123
PORT_CANDIDATE	wastewater13m1	0	4	1	1000000	70855	0.000124
PORT_CANDIDATE	wastewater13m1	1	0	0	80000000	60758	0.000116
PORT_CANDIDATE	wastewater13m1	1	0	1	1000000	60758	0.000102
PORT_CANDIDATE	wastewater13m1	1	1	0	80000000	60203	0.000123
PORT_CANDIDATE	wastewater13m1	1	1	1	1000000	60203	0.000112
PORT_CANDIDATE	wastewater13m1	1	2	0	80000000	60068	0.000115
PORT_CANDIDATE	wastewater13m1	1	2	1	1000000	60068	0.000108
PORT_CANDIDATE	wastewater13m1	1	3	0	80000000	66893	0.000114
PORT_CANDIDATE	wastewater13m1	1	3	1	1000000	66893	0.000096
PORT_CANDIDATE	wastewater13m1	1	4	1	1000000	68013	0.000096
PORT_ROW	wastewater13m1	481	3252	60135	60068	60068	60068	60068	60068	60068	60068	60068	60068
PORT_CANDIDATE	syn40hfsg	0	0	0	80000000	8573	0.000116
PORT_CANDIDATE	syn40hfsg	0	0	1	1000000	8573	0.000083
PORT_CANDIDATE	syn40hfsg	0	1	0	80000000	9107	0.000115
PORT_CANDIDATE	syn40hfsg	0	1	1	1000000	9107	0.000082
PORT_CANDIDATE	syn40hfsg	0	2	0	80000000	8301	0.000109
PORT_CANDIDATE	syn40hfsg	0	2	1	1000000	8301	0.000083
PORT_CANDIDATE	syn40hfsg	0	3	0	80000000	8688	0.000121
PORT_CANDIDATE	syn40hfsg	0	3	1	1000000	8688	0.000086
PORT_CANDIDATE	syn40hfsg	0	4	1	1000000	202465	0.000194
PORT_CANDIDATE	syn40hfsg	1	0	0	80000000	9976	0.000105
PORT_CANDIDATE	syn40hfsg	1	0	1	1000000	9976	0.000079
PORT_CANDIDATE	syn40hfsg	1	1	0	80000000	9825	0.000104
PORT_CANDIDATE	syn40hfsg	1	1	1	1000000	9825	0.000076
PORT_CANDIDATE	syn40hfsg	1	2	0	80000000	9415	0.000103
PORT_CANDIDATE	syn40hfsg	1	2	1	1000000	9415	0.000077
PORT_CANDIDATE	syn40hfsg	1	3	0	80000000	9919	0.000107
PORT_CANDIDATE	syn40hfsg	1	3	1	1000000	9919	0.000077
PORT_CANDIDATE	syn40hfsg	1	4	1	1000000	63626	0.000155
PORT_ROW	syn40hfsg	1022	2624	8432	8155	8155	8155	8155	8155	8155	8155	8155	8155
PORT_CANDIDATE	sep1	0	0	0	80000000	1227	0.000011
PORT_CANDIDATE	sep1	0	0	1	1000000	1227	0.000006
PORT_CANDIDATE	sep1	0	1	0	80000000	1180	0.000010
PORT_CANDIDATE	sep1	0	1	1	1000000	1180	0.000006
PORT_CANDIDATE	sep1	0	2	0	80000000	1180	0.000007
PORT_CANDIDATE	sep1	0	2	1	1000000	1180	0.000005
PORT_CANDIDATE	sep1	0	3	0	80000000	1258	0.000011
PORT_CANDIDATE	sep1	0	3	1	1000000	1258	0.000006
PORT_CANDIDATE	sep1	0	4	1	1000000	2091	0.000008
PORT_CANDIDATE	sep1	1	0	0	80000000	1208	0.000009
PORT_CANDIDATE	sep1	1	0	1	1000000	1208	0.000005
PORT_CANDIDATE	sep1	1	1	0	80000000	1206	0.000009
PORT_CANDIDATE	sep1	1	1	1	1000000	1206	0.000005
PORT_CANDIDATE	sep1	1	2	0	80000000	1206	0.000007
PORT_CANDIDATE	sep1	1	2	1	1000000	1206	0.000005
PORT_CANDIDATE	sep1	1	3	0	80000000	1234	0.000008
PORT_CANDIDATE	sep1	1	3	1	1000000	1234	0.000006
PORT_CANDIDATE	sep1	1	4	1	1000000	2035	0.000007
PORT_ROW	sep1	69	206	1097	1047	1047	1047	1047	1047	1047	1047	1047	1047
PORT_CANDIDATE	syn30m03m	0	0	0	80000000	29633	0.000263
PORT_CANDIDATE	syn30m03m	0	0	1	1000000	29633	0.000214
PORT_CANDIDATE	syn30m03m	0	1	0	80000000	27998	0.000253
PORT_CANDIDATE	syn30m03m	0	1	1	1000000	27998	0.000209
PORT_CANDIDATE	syn30m03m	0	2	0	80000000	27679	0.000247
PORT_CANDIDATE	syn30m03m	0	2	1	1000000	27679	0.000208
PORT_CANDIDATE	syn30m03m	0	3	0	80000000	30617	0.000266
PORT_CANDIDATE	syn30m03m	0	3	1	1000000	30617	0.000218
PORT_CANDIDATE	syn30m03m	0	4	1	1000000	186856	0.000346
PORT_CANDIDATE	syn30m03m	1	0	0	80000000	33441	0.000247
PORT_CANDIDATE	syn30m03m	1	0	1	1000000	33441	0.000204
PORT_CANDIDATE	syn30m03m	1	1	0	80000000	29673	0.000228
PORT_CANDIDATE	syn30m03m	1	1	1	1000000	29673	0.000191
PORT_CANDIDATE	syn30m03m	1	2	0	80000000	29414	0.000225
PORT_CANDIDATE	syn30m03m	1	2	1	1000000	29414	0.000192
PORT_CANDIDATE	syn30m03m	1	3	0	80000000	32986	0.000243
PORT_CANDIDATE	syn30m03m	1	3	1	1000000	32986	0.000202
PORT_CANDIDATE	syn30m03m	1	4	1	1000000	93316	0.000256
PORT_ROW	syn30m03m	2508	6804	26806	26552	26552	26552	26552	26552	26552	26552	26552	26552
PORT_ROW	st_qpc-m3a	30	304	2330	1574	1574	1574	1574	1574	1574	1574	1574	1574
PORT_CANDIDATE	crudeoil_pooling_ct3	0	0	0	80000000	3469528	0.000758
PORT_CANDIDATE	crudeoil_pooling_ct3	0	0	1	3464892	18446744073709551615	0.000544
PORT_CANDIDATE	crudeoil_pooling_ct3	0	1	0	80000000	4666250	0.000789
PORT_CANDIDATE	crudeoil_pooling_ct3	0	1	1	3464892	18446744073709551615	0.000575
PORT_CANDIDATE	crudeoil_pooling_ct3	0	2	0	80000000	2074331	0.000851
PORT_CANDIDATE	crudeoil_pooling_ct3	0	2	1	3464892	2074331	0.000767
PORT_CANDIDATE	crudeoil_pooling_ct3	0	3	0	80000000	6015526	0.000913
PORT_CANDIDATE	crudeoil_pooling_ct3	0	3	1	3464892	18446744073709551615	0.000687
PORT_CANDIDATE	crudeoil_pooling_ct3	0	4	1	3464892	18446744073709551615	0.000658
PORT_CANDIDATE	crudeoil_pooling_ct3	1	0	0	80000000	2919742	0.000736
PORT_CANDIDATE	crudeoil_pooling_ct3	1	0	1	3464892	2919742	0.000655
PORT_CANDIDATE	crudeoil_pooling_ct3	1	1	0	80000000	4605273	0.000771
PORT_CANDIDATE	crudeoil_pooling_ct3	1	1	1	3464892	18446744073709551615	0.000560
PORT_CANDIDATE	crudeoil_pooling_ct3	1	2	0	80000000	1905416	0.000756
PORT_CANDIDATE	crudeoil_pooling_ct3	1	2	1	3464892	1905416	0.000718
PORT_CANDIDATE	crudeoil_pooling_ct3	1	3	0	80000000	2361860	0.000855
PORT_CANDIDATE	crudeoil_pooling_ct3	1	3	1	3464892	2361860	0.000790
PORT_CANDIDATE	crudeoil_pooling_ct3	1	4	1	3464892	18446744073709551615	0.000917
PORT_ROW	crudeoil_pooling_ct3	2644	11426	1381490	866223	866223	866223	866223	866223	866223	866223	866223	866223
PORT_CANDIDATE	space25a	0	0	0	80000000	30827	0.000126
PORT_CANDIDATE	space25a	0	0	1	1000000	30827	0.000091
PORT_CANDIDATE	space25a	0	1	0	80000000	30598	0.000123
PORT_CANDIDATE	space25a	0	1	1	1000000	30598	0.000093
PORT_CANDIDATE	space25a	0	2	0	80000000	31046	0.000120
PORT_CANDIDATE	space25a	0	2	1	1000000	31046	0.000094
PORT_CANDIDATE	space25a	0	3	0	80000000	43401	0.000120
PORT_CANDIDATE	space25a	0	3	1	1000000	43401	0.000092
PORT_CANDIDATE	space25a	0	4	1	1000000	181850	0.000153
PORT_CANDIDATE	space25a	1	0	0	80000000	32643	0.000131
PORT_CANDIDATE	space25a	1	0	1	1000000	32643	0.000099
PORT_CANDIDATE	space25a	1	1	0	80000000	30797	0.000134
PORT_CANDIDATE	space25a	1	1	1	1000000	30797	0.000100
PORT_CANDIDATE	space25a	1	2	0	80000000	32050	0.000122
PORT_CANDIDATE	space25a	1	2	1	1000000	32050	0.000100
PORT_CANDIDATE	space25a	1	3	0	80000000	40953	0.000130
PORT_CANDIDATE	space25a	1	3	1	1000000	40953	0.000108
PORT_CANDIDATE	space25a	1	4	1	1000000	131717	0.000135
PORT_ROW	space25a	634	3246	29078	27875	27875	27875	27875	27875	27875	27875	27875	27875
PORT_ROW	autocorr_bern20-15	23	394	2784	2784	2784	2784	2784	2784	2784	2784	2784	2784
PORT_CANDIDATE	ex7_2_1	0	0	0	80000000	352	0.000006
PORT_CANDIDATE	ex7_2_1	0	0	1	1000000	352	0.000004
PORT_CANDIDATE	ex7_2_1	0	1	0	80000000	341	0.000006
PORT_CANDIDATE	ex7_2_1	0	1	1	1000000	341	0.000004
PORT_CANDIDATE	ex7_2_1	0	2	0	80000000	341	0.000006
PORT_CANDIDATE	ex7_2_1	0	2	1	1000000	341	0.000003
PORT_CANDIDATE	ex7_2_1	0	3	0	80000000	370	0.000006
PORT_CANDIDATE	ex7_2_1	0	3	1	1000000	370	0.000003
PORT_CANDIDATE	ex7_2_1	0	4	1	1000000	368	0.000003
PORT_ROW	ex7_2_1	35	134	352	341	341	341	341	341	341	341	341	341
PORT_CANDIDATE	hydroenergy2	0	0	0	80000000	86091	0.000231
PORT_CANDIDATE	hydroenergy2	0	0	1	1000000	86091	0.000182
PORT_CANDIDATE	hydroenergy2	0	1	0	80000000	102917	0.000247
PORT_CANDIDATE	hydroenergy2	0	1	1	1000000	102917	0.000196
PORT_CANDIDATE	hydroenergy2	0	2	0	80000000	66469	0.000233
PORT_CANDIDATE	hydroenergy2	0	2	1	1000000	66469	0.000193
PORT_CANDIDATE	hydroenergy2	0	3	0	80000000	98227	0.000251
PORT_CANDIDATE	hydroenergy2	0	3	1	1000000	98227	0.000206
PORT_CANDIDATE	hydroenergy2	0	4	1	1000000	18446744073709551615	0.000206
PORT_CANDIDATE	hydroenergy2	1	0	0	80000000	88390	0.000230
PORT_CANDIDATE	hydroenergy2	1	0	1	1000000	88390	0.000183
PORT_CANDIDATE	hydroenergy2	1	1	0	80000000	106365	0.000238
PORT_CANDIDATE	hydroenergy2	1	1	1	1000000	106365	0.000189
PORT_CANDIDATE	hydroenergy2	1	2	0	80000000	70264	0.000231
PORT_CANDIDATE	hydroenergy2	1	2	1	1000000	70264	0.000191
PORT_CANDIDATE	hydroenergy2	1	3	0	80000000	93213	0.000251
PORT_CANDIDATE	hydroenergy2	1	3	1	1000000	93213	0.000215
PORT_CANDIDATE	hydroenergy2	1	4	1	1000000	18446744073709551615	0.000220
PORT_ROW	hydroenergy2	2092	6236	69051	56014	56014	56014	56014	56014	56014	56014	56014	56014
PORT_ROW	pooling_digabel19	514	5340	325989	274903	274903	274903	274903	274903	274903	274903	274903	274903
PORT_CANDIDATE	clay0203m	0	0	0	80000000	1348	0.000015
PORT_CANDIDATE	clay0203m	0	0	1	1000000	1348	0.000010
PORT_CANDIDATE	clay0203m	0	1	0	80000000	1348	0.000011
PORT_CANDIDATE	clay0203m	0	1	1	1000000	1348	0.000010
PORT_CANDIDATE	clay0203m	0	2	0	80000000	1348	0.000011
PORT_CANDIDATE	clay0203m	0	2	1	1000000	1348	0.000010
PORT_CANDIDATE	clay0203m	0	3	0	80000000	1435	0.000015
PORT_CANDIDATE	clay0203m	0	3	1	1000000	1435	0.000010
PORT_CANDIDATE	clay0203m	0	4	1	1000000	1679	0.000009
PORT_ROW	clay0203m	132	420	1348	1348	1348	1348	1348	1348	1348	1348	1348	1348
PORT_CANDIDATE	squfl030-150	0	0	0	80000000	252605	0.003205
PORT_CANDIDATE	squfl030-150	0	0	1	1010420	18446744073709551615	0.000096
PORT_CANDIDATE	squfl030-150	0	1	0	80000000	252605	0.003192
PORT_CANDIDATE	squfl030-150	0	1	1	1010420	18446744073709551615	0.000093
PORT_CANDIDATE	squfl030-150	0	2	0	80000000	252605	0.003210
PORT_CANDIDATE	squfl030-150	0	2	1	1010420	18446744073709551615	0.000093
PORT_CANDIDATE	squfl030-150	0	3	0	80000000	272086	0.003210
PORT_CANDIDATE	squfl030-150	0	3	1	1010420	18446744073709551615	0.000093
PORT_CANDIDATE	squfl030-150	0	4	1	1010420	18446744073709551615	0.000092
PORT_CANDIDATE	squfl030-150	1	0	0	80000000	306605	0.005152
PORT_CANDIDATE	squfl030-150	1	0	1	1010420	18446744073709551615	0.000080
PORT_CANDIDATE	squfl030-150	1	1	0	80000000	306605	0.005572
PORT_CANDIDATE	squfl030-150	1	1	1	1010420	18446744073709551615	0.000081
PORT_CANDIDATE	squfl030-150	1	2	0	80000000	306605	0.005160
PORT_CANDIDATE	squfl030-150	1	2	1	1010420	18446744073709551615	0.000080
PORT_CANDIDATE	squfl030-150	1	3	0	80000000	326086	0.005143
PORT_CANDIDATE	squfl030-150	1	3	1	1010420	18446744073709551615	0.000081
PORT_CANDIDATE	squfl030-150	1	4	1	1010420	18446744073709551615	0.000078
PORT_ROW	squfl030-150	13680	36000	252605	252605	252605	252605	252605	252605	252605	252605	252605	252605
PORT_BASE score=0.791703147252
PORT_TOTAL arm=0 score=0.791703147252 wins=0 losses=0 seconds=0.155895 max=0.008987
PORT_TOTAL arm=1 score=0.791703147252 wins=0 losses=0 seconds=0.155837 max=0.008764
PORT_TOTAL arm=2 score=0.791703147252 wins=0 losses=0 seconds=0.158724 max=0.010450
PORT_TOTAL arm=3 score=0.791703147252 wins=0 losses=0 seconds=0.172265 max=0.012502
PORT_TOTAL arm=4 score=0.791703147252 wins=0 losses=0 seconds=0.079817 max=0.009479
PORT_TOTAL arm=5 score=0.791703147252 wins=0 losses=0 seconds=0.227559 max=0.040435
PORT_TOTAL arm=6 score=0.791703147252 wins=0 losses=0 seconds=0.307376 max=0.049914
PORT_TOTAL arm=7 score=0.791703147252 wins=0 losses=0 seconds=0.642721 max=0.040665
