POST_CANDIDATE	slay06m	0	1	4460	0.000035
POST_CANDIDATE	slay06m	0	2	4460	0.000045
POST_CANDIDATE	slay06m	0	3	4460	0.000035
POST_CANDIDATE	slay06m	0	4	4460	0.000044
POST_CANDIDATE	slay06m	0	5	4460	0.000039
POST_CANDIDATE	slay06m	0	6	4460	0.000047
POST_CANDIDATE	slay06m	0	7	4025	0.000019
POST_CANDIDATE	slay06m	0	8	4460	0.000027
POST_CANDIDATE	slay06m	0	9	4460	0.000030
POST_ROW	slay06m	357	1080	4025	4025	1113	4025	4025	4025	4025	4025	4025	4025	4025	4025	4025	4025	4025
POST_CANDIDATE	sssd25-08	0	1	6445	0.000076
POST_CANDIDATE	sssd25-08	0	2	6373	0.000076
POST_CANDIDATE	sssd25-08	0	3	7026	0.000071
POST_CANDIDATE	sssd25-08	0	4	6667	0.000085
POST_CANDIDATE	sssd25-08	0	5	6970	0.000082
POST_CANDIDATE	sssd25-08	0	6	6931	0.000083
POST_CANDIDATE	sssd25-08	0	7	6557	0.000031
POST_CANDIDATE	sssd25-08	0	8	7026	0.000062
POST_CANDIDATE	sssd25-08	0	9	7026	0.000055
POST_CANDIDATE	sssd25-08	1	1	5941	0.000021
POST_CANDIDATE	sssd25-08	1	2	5797	0.000021
POST_CANDIDATE	sssd25-08	1	3	11831	0.000020
POST_CANDIDATE	sssd25-08	1	4	9251	0.000027
POST_CANDIDATE	sssd25-08	1	5	11759	0.000025
POST_CANDIDATE	sssd25-08	1	6	11128	0.000025
POST_CANDIDATE	sssd25-08	1	7	5941	0.000018
POST_CANDIDATE	sssd25-08	1	8	5941	0.000016
POST_CANDIDATE	sssd25-08	1	9	11831	0.000018
POST_ROW	sssd25-08	401	1200	5389	5389	1325	5389	5389	5389	5389	5389	5389	5389	5389	5389	5389	5389	5389
POST_CANDIDATE	rsyn0810m04m	0	1	18446744073709551615	0.000135
POST_CANDIDATE	rsyn0810m04m	0	2	18446744073709551615	0.000176
POST_CANDIDATE	rsyn0810m04m	0	3	18446744073709551615	0.000172
POST_CANDIDATE	rsyn0810m04m	0	4	18446744073709551615	0.000187
POST_CANDIDATE	rsyn0810m04m	0	5	18446744073709551615	0.000197
POST_CANDIDATE	rsyn0810m04m	0	6	18446744073709551615	0.000195
POST_CANDIDATE	rsyn0810m04m	0	7	18446744073709551615	0.000133
POST_CANDIDATE	rsyn0810m04m	0	8	18446744073709551615	0.000112
POST_CANDIDATE	rsyn0810m04m	0	9	18446744073709551615	0.000119
POST_CANDIDATE	rsyn0810m04m	1	1	18446744073709551615	0.000082
POST_CANDIDATE	rsyn0810m04m	1	2	18446744073709551615	0.000120
POST_CANDIDATE	rsyn0810m04m	1	3	18446744073709551615	0.000119
POST_CANDIDATE	rsyn0810m04m	1	4	18446744073709551615	0.000137
POST_CANDIDATE	rsyn0810m04m	1	5	18446744073709551615	0.000136
POST_CANDIDATE	rsyn0810m04m	1	6	18446744073709551615	0.000139
POST_CANDIDATE	rsyn0810m04m	1	7	18446744073709551615	0.000080
POST_CANDIDATE	rsyn0810m04m	1	8	18446744073709551615	0.000071
POST_CANDIDATE	rsyn0810m04m	1	9	18446744073709551615	0.000070
POST_ROW	rsyn0810m04m	4772	13836	147553	113458	17276	113458	113458	113458	113458	113458	113458	113458	113458	113458	113458	113458	113458
POST_ROW	pooling_sppc3pq	23173	893724	1153877333	325595394	1305528	325595394	325595394	325595394	325595394	325595394	325595394	325595394	325595394	325595394	325595394	325595394	325595394
POST_ROW	sporttournament48	1131	6676	919582	594138	20480	594138	594138	594138	594138	594138	594138	594138	594138	594138	594138	594138	594138
POST_ROW	pooling_sppa9pq	5030	120730	23971280	15130622	152488	15130622	15130622	15130622	15130622	15130622	15130622	15130622	15130622	15130622	15130622	15130622	15130622
POST_CANDIDATE	edgecross10-090	0	1	152058	0.000196
POST_CANDIDATE	edgecross10-090	0	2	132734	0.000194
POST_CANDIDATE	edgecross10-090	0	3	168652	0.000193
POST_CANDIDATE	edgecross10-090	0	4	155616	0.000219
POST_CANDIDATE	edgecross10-090	0	5	160345	0.000216
POST_CANDIDATE	edgecross10-090	0	6	164422	0.000212
POST_CANDIDATE	edgecross10-090	0	7	166347	0.000083
POST_CANDIDATE	edgecross10-090	0	8	117838	0.000206
POST_CANDIDATE	edgecross10-090	0	9	166347	0.000176
POST_CANDIDATE	edgecross10-090	1	1	143335	0.000226
POST_CANDIDATE	edgecross10-090	1	2	127330	0.000225
POST_CANDIDATE	edgecross10-090	1	3	142786	0.000227
POST_CANDIDATE	edgecross10-090	1	4	140994	0.000261
POST_CANDIDATE	edgecross10-090	1	5	141474	0.000255
POST_CANDIDATE	edgecross10-090	1	6	142786	0.000252
POST_CANDIDATE	edgecross10-090	1	7	212841	0.000068
POST_CANDIDATE	edgecross10-090	1	8	133015	0.000220
POST_CANDIDATE	edgecross10-090	1	9	127918	0.000218
POST_ROW	edgecross10-090	1053	5204	126115	103179	5545	103179	103179	103179	103179	103179	103179	103179	103179	103179	103179	103179	103179
POST_ROW	maxcsp-ehi-85-297-71	2372	207996	1381768944	1110971341	1294981	1110971341	1110971341	1110971341	1110971341	1110971341	1110971341	1110971341	1110971341	1110971341	1110971341	1110971341	1110971341
POST_ROW	st_bpaf1a	30	120	623	580	120	580	580	580	580	580	580	580	580	580	580	580	580
POST_CANDIDATE	risk2bpb	0	1	313914	0.000297
POST_CANDIDATE	risk2bpb	0	2	205401	0.000264
POST_CANDIDATE	risk2bpb	0	3	227139	0.000257
POST_CANDIDATE	risk2bpb	0	4	224548	0.000305
POST_CANDIDATE	risk2bpb	0	5	246070	0.000290
POST_CANDIDATE	risk2bpb	0	6	269113	0.000280
POST_CANDIDATE	risk2bpb	0	7	302706	0.000165
POST_CANDIDATE	risk2bpb	0	8	200355	0.000225
POST_CANDIDATE	risk2bpb	0	9	229280	0.000232
POST_CANDIDATE	risk2bpb	1	1	252205	0.000267
POST_CANDIDATE	risk2bpb	1	2	255907	0.000267
POST_CANDIDATE	risk2bpb	1	3	267392	0.000260
POST_CANDIDATE	risk2bpb	1	4	458326	0.000337
POST_CANDIDATE	risk2bpb	1	5	354999	0.000313
POST_CANDIDATE	risk2bpb	1	6	443354	0.000334
POST_CANDIDATE	risk2bpb	1	7	298897	0.000147
POST_CANDIDATE	risk2bpb	1	8	202994	0.000215
POST_CANDIDATE	risk2bpb	1	9	267061	0.000237
POST_ROW	risk2bpb	1462	5396	118471	66041	6655	66041	66041	66041	66041	66041	66041	66041	66041	66041	66041	66041	66041
POST_ROW	qap	255	43748	3802533	3650113	25541	3650113	3650113	3650113	3650113	3650113	3650113	3650113	3650113	3650113	3650113	3650113	3650113
POST_CANDIDATE	rsyn0830m04m	0	1	18446744073709551615	0.000114
POST_CANDIDATE	rsyn0830m04m	0	2	18446744073709551615	0.000168
POST_CANDIDATE	rsyn0830m04m	0	3	18446744073709551615	0.000176
POST_CANDIDATE	rsyn0830m04m	0	4	18446744073709551615	0.000194
POST_CANDIDATE	rsyn0830m04m	0	5	18446744073709551615	0.000215
POST_CANDIDATE	rsyn0830m04m	0	6	18446744073709551615	0.000193
POST_CANDIDATE	rsyn0830m04m	0	7	18446744073709551615	0.000113
POST_CANDIDATE	rsyn0830m04m	0	8	18446744073709551615	0.000102
POST_CANDIDATE	rsyn0830m04m	0	9	18446744073709551615	0.000105
POST_CANDIDATE	rsyn0830m04m	1	1	18446744073709551615	0.000090
POST_CANDIDATE	rsyn0830m04m	1	2	18446744073709551615	0.000152
POST_CANDIDATE	rsyn0830m04m	1	3	18446744073709551615	0.000153
POST_CANDIDATE	rsyn0830m04m	1	4	18446744073709551615	0.000166
POST_CANDIDATE	rsyn0830m04m	1	5	18446744073709551615	0.000164
POST_CANDIDATE	rsyn0830m04m	1	6	18446744073709551615	0.000167
POST_CANDIDATE	rsyn0830m04m	1	7	18446744073709551615	0.000088
POST_CANDIDATE	rsyn0830m04m	1	8	18446744073709551615	0.000080
POST_CANDIDATE	rsyn0830m04m	1	9	18446744073709551615	0.000078
POST_ROW	rsyn0830m04m	7252	20752	212130	171680	25680	171680	171680	171680	171680	171680	171680	171680	171680	171680	171680	171680	171680
POST_CANDIDATE	lop97icx	0	1	175218	0.000124
POST_CANDIDATE	lop97icx	0	2	164380	0.000114
POST_CANDIDATE	lop97icx	0	3	174411	0.000111
POST_CANDIDATE	lop97icx	0	4	208079	0.000109
POST_CANDIDATE	lop97icx	0	5	204506	0.000107
POST_CANDIDATE	lop97icx	0	6	183487	0.000111
POST_CANDIDATE	lop97icx	0	7	217144	0.000080
POST_CANDIDATE	lop97icx	0	8	121781	0.000093
POST_CANDIDATE	lop97icx	0	9	199486	0.000106
POST_CANDIDATE	lop97icx	1	1	246227	0.000177
POST_CANDIDATE	lop97icx	1	2	181280	0.000169
POST_CANDIDATE	lop97icx	1	3	208386	0.000165
POST_CANDIDATE	lop97icx	1	4	237286	0.000175
POST_CANDIDATE	lop97icx	1	5	235173	0.000173
POST_CANDIDATE	lop97icx	1	6	242865	0.000172
POST_CANDIDATE	lop97icx	1	7	214621	0.000138
POST_CANDIDATE	lop97icx	1	8	194983	0.000160
POST_CANDIDATE	lop97icx	1	9	194983	0.000116
POST_ROW	lop97icx	1073	2118	79286	64044	3950	64044	64044	64044	64044	64044	64044	64044	64044	64044	64044	64044	64044
POST_CANDIDATE	chain400	0	1	16382	0.000074
POST_CANDIDATE	chain400	0	2	16382	0.000074
POST_CANDIDATE	chain400	0	3	16382	0.000075
POST_CANDIDATE	chain400	0	4	16501	0.000094
POST_CANDIDATE	chain400	0	5	17894	0.000097
POST_CANDIDATE	chain400	0	6	17110	0.000102
POST_CANDIDATE	chain400	0	7	16382	0.000069
POST_CANDIDATE	chain400	0	8	16382	0.000068
POST_CANDIDATE	chain400	0	9	16382	0.000132
POST_CANDIDATE	chain400	1	1	19969	0.000072
POST_CANDIDATE	chain400	1	2	19969	0.000076
POST_CANDIDATE	chain400	1	3	19978	0.000072
POST_CANDIDATE	chain400	1	4	20251	0.000095
POST_CANDIDATE	chain400	1	5	21688	0.000099
POST_CANDIDATE	chain400	1	6	21058	0.000099
POST_CANDIDATE	chain400	1	7	19978	0.000071
POST_CANDIDATE	chain400	1	8	19978	0.000070
POST_CANDIDATE	chain400	1	9	19969	0.000185
POST_ROW	chain400	1201	4796	16382	16382	4398	16382	16382	16382	16382	16382	16382	16382	16382	16382	16382	16382	16382
POST_CANDIDATE	mpbp_07	0	1	18446744073709551615	0.000239
POST_CANDIDATE	mpbp_07	0	2	18446744073709551615	0.000203
POST_CANDIDATE	mpbp_07	0	3	18446744073709551615	0.000186
POST_CANDIDATE	mpbp_07	0	4	18446744073709551615	0.000349
POST_CANDIDATE	mpbp_07	0	5	18446744073709551615	0.000361
POST_CANDIDATE	mpbp_07	0	6	18446744073709551615	0.000363
POST_CANDIDATE	mpbp_07	0	7	18446744073709551615	0.000150
POST_CANDIDATE	mpbp_07	0	8	18446744073709551615	0.000148
POST_CANDIDATE	mpbp_07	0	9	18446744073709551615	0.000138
POST_CANDIDATE	mpbp_07	1	1	18446744073709551615	0.000173
POST_CANDIDATE	mpbp_07	1	2	18446744073709551615	0.000212
POST_CANDIDATE	mpbp_07	1	3	18446744073709551615	0.000206
POST_CANDIDATE	mpbp_07	1	4	18446744073709551615	0.000333
POST_CANDIDATE	mpbp_07	1	5	18446744073709551615	0.000334
POST_CANDIDATE	mpbp_07	1	6	18446744073709551615	0.000332
POST_CANDIDATE	mpbp_07	1	7	18446744073709551615	0.000179
POST_CANDIDATE	mpbp_07	1	8	18446744073709551615	0.000171
POST_CANDIDATE	mpbp_07	1	9	18446744073709551615	0.000161
POST_ROW	mpbp_07	9532	30810	1368477	1248947	55603	1248947	1248947	1248947	1248947	1248947	1248947	1248947	1248947	1248947	1248947	1248947	1248947
POST_CANDIDATE	sonetgr17	0	1	101140	0.000103
POST_CANDIDATE	sonetgr17	0	2	109552	0.000107
POST_CANDIDATE	sonetgr17	0	3	115693	0.000098
POST_CANDIDATE	sonetgr17	0	4	106959	0.000114
POST_CANDIDATE	sonetgr17	0	5	113390	0.000114
POST_CANDIDATE	sonetgr17	0	6	108211	0.000108
POST_CANDIDATE	sonetgr17	0	7	119110	0.000072
POST_CANDIDATE	sonetgr17	0	8	112922	0.000086
POST_CANDIDATE	sonetgr17	0	9	112922	0.000063
POST_CANDIDATE	sonetgr17	1	1	101199	0.000091
POST_CANDIDATE	sonetgr17	1	2	111147	0.000101
POST_CANDIDATE	sonetgr17	1	3	113147	0.000086
POST_CANDIDATE	sonetgr17	1	4	111627	0.000117
POST_CANDIDATE	sonetgr17	1	5	104585	0.000109
POST_CANDIDATE	sonetgr17	1	6	94594	0.000106
POST_CANDIDATE	sonetgr17	1	7	119439	0.000067
POST_CANDIDATE	sonetgr17	1	8	112981	0.000074
POST_CANDIDATE	sonetgr17	1	9	112981	0.000061
POST_ROW	sonetgr17	440	2958	37814	30971	2807	30971	30971	30971	30971	30971	30971	30971	30971	30971	30971	30971	30971
POST_CANDIDATE	p_ball_30b_7p_2d_h	0	1	42319	0.000282
POST_CANDIDATE	p_ball_30b_7p_2d_h	0	2	42319	0.000283
POST_CANDIDATE	p_ball_30b_7p_2d_h	0	3	60419	0.000281
POST_CANDIDATE	p_ball_30b_7p_2d_h	0	4	58787	0.000384
POST_CANDIDATE	p_ball_30b_7p_2d_h	0	5	58787	0.000357
POST_CANDIDATE	p_ball_30b_7p_2d_h	0	6	54429	0.000354
POST_CANDIDATE	p_ball_30b_7p_2d_h	0	7	60419	0.000295
POST_CANDIDATE	p_ball_30b_7p_2d_h	0	8	60419	0.000287
POST_CANDIDATE	p_ball_30b_7p_2d_h	0	9	60419	0.000264
POST_CANDIDATE	p_ball_30b_7p_2d_h	1	1	49039	0.000265
POST_CANDIDATE	p_ball_30b_7p_2d_h	1	2	49039	0.000261
POST_CANDIDATE	p_ball_30b_7p_2d_h	1	3	67139	0.000259
POST_CANDIDATE	p_ball_30b_7p_2d_h	1	4	63966	0.000339
POST_CANDIDATE	p_ball_30b_7p_2d_h	1	5	63966	0.000331
POST_CANDIDATE	p_ball_30b_7p_2d_h	1	6	67139	0.000324
POST_CANDIDATE	p_ball_30b_7p_2d_h	1	7	49754	0.000165
POST_CANDIDATE	p_ball_30b_7p_2d_h	1	8	49754	0.000150
POST_CANDIDATE	p_ball_30b_7p_2d_h	1	9	67139	0.000242
POST_ROW	p_ball_30b_7p_2d_h	2207	7516	42456	42319	7771	42319	42319	42319	42319	42319	42319	42319	42319	42319	42319	42319	42319
POST_ROW	pinene200	19995	97990	1358716	1134463	133427	1134463	1134463	1134463	1134463	1134463	1134463	1134463	1134463	1134463	1134463	1134463	1134463
POST_ROW	unitcommit_200_100_1_mod_8	146830	476332	3053940	2981835	498723	2981835	2981835	2981835	2981835	2981835	2981835	2981835	2981835	2981835	2981835	2981835	2981835
POST_CANDIDATE	ex8_3_9	0	1	22739	0.000043
POST_CANDIDATE	ex8_3_9	0	2	15541	0.000039
POST_CANDIDATE	ex8_3_9	0	3	22430	0.000039
POST_CANDIDATE	ex8_3_9	0	4	19439	0.000041
POST_CANDIDATE	ex8_3_9	0	5	19503	0.000042
POST_CANDIDATE	ex8_3_9	0	6	19699	0.000038
POST_CANDIDATE	ex8_3_9	0	7	16060	0.000033
POST_CANDIDATE	ex8_3_9	0	8	16060	0.000020
POST_CANDIDATE	ex8_3_9	0	9	16060	0.000019
POST_ROW	ex8_3_9	123	834	15050	11503	1019	11503	11503	11503	11503	11503	11503	11503	11503	11503	11503	11503	11503
POST_CANDIDATE	rsyn0820m02m	0	1	425209	0.000543
POST_CANDIDATE	rsyn0820m02m	0	2	440423	0.000547
POST_CANDIDATE	rsyn0820m02m	0	3	476127	0.000533
POST_CANDIDATE	rsyn0820m02m	0	4	446434	0.000592
POST_CANDIDATE	rsyn0820m02m	0	5	405621	0.000566
POST_CANDIDATE	rsyn0820m02m	0	6	479473	0.000582
POST_CANDIDATE	rsyn0820m02m	0	7	507001	0.000495
POST_CANDIDATE	rsyn0820m02m	0	8	507001	0.000432
POST_CANDIDATE	rsyn0820m02m	0	9	507001	0.000412
POST_CANDIDATE	rsyn0820m02m	1	1	256861	0.000456
POST_CANDIDATE	rsyn0820m02m	1	2	189715	0.000443
POST_CANDIDATE	rsyn0820m02m	1	3	234363	0.000434
POST_CANDIDATE	rsyn0820m02m	1	4	277602	0.000516
POST_CANDIDATE	rsyn0820m02m	1	5	213657	0.000494
POST_CANDIDATE	rsyn0820m02m	1	6	218104	0.000491
POST_CANDIDATE	rsyn0820m02m	1	7	217563	0.000405
POST_CANDIDATE	rsyn0820m02m	1	8	217563	0.000342
POST_CANDIDATE	rsyn0820m02m	1	9	217563	0.000310
POST_ROW	rsyn0820m02m	2486	6932	38190	35631	8131	35631	35631	35631	35631	35631	35631	35631	35631	35631	35631	35631	35631
POST_CANDIDATE	p_ball_10b_5p_2d_m	0	1	7763	0.000038
POST_CANDIDATE	p_ball_10b_5p_2d_m	0	2	7763	0.000034
POST_CANDIDATE	p_ball_10b_5p_2d_m	0	3	7329	0.000036
POST_CANDIDATE	p_ball_10b_5p_2d_m	0	4	7640	0.000041
POST_CANDIDATE	p_ball_10b_5p_2d_m	0	5	7368	0.000040
POST_CANDIDATE	p_ball_10b_5p_2d_m	0	6	7640	0.000039
POST_CANDIDATE	p_ball_10b_5p_2d_m	0	7	6982	0.000016
POST_CANDIDATE	p_ball_10b_5p_2d_m	0	8	7307	0.000030
POST_CANDIDATE	p_ball_10b_5p_2d_m	0	9	7307	0.000023
POST_CANDIDATE	p_ball_10b_5p_2d_m	1	1	26232	0.000087
POST_CANDIDATE	p_ball_10b_5p_2d_m	1	2	23524	0.000065
POST_CANDIDATE	p_ball_10b_5p_2d_m	1	3	24441	0.000059
POST_CANDIDATE	p_ball_10b_5p_2d_m	1	4	26356	0.000087
POST_CANDIDATE	p_ball_10b_5p_2d_m	1	5	26232	0.000082
POST_CANDIDATE	p_ball_10b_5p_2d_m	1	6	26241	0.000088
POST_CANDIDATE	p_ball_10b_5p_2d_m	1	7	17923	0.000034
POST_CANDIDATE	p_ball_10b_5p_2d_m	1	8	17923	0.000027
POST_CANDIDATE	p_ball_10b_5p_2d_m	1	9	24441	0.000056
POST_ROW	p_ball_10b_5p_2d_m	293	964	6648	6547	1135	6547	6547	6547	6547	6547	6547	6547	6547	6547	6547	6547	6547
POST_CANDIDATE	pooling_adhya4tp	0	1	29827	0.000040
POST_CANDIDATE	pooling_adhya4tp	0	2	30914	0.000039
POST_CANDIDATE	pooling_adhya4tp	0	3	31108	0.000040
POST_CANDIDATE	pooling_adhya4tp	0	4	39158	0.000040
POST_CANDIDATE	pooling_adhya4tp	0	5	35890	0.000038
POST_CANDIDATE	pooling_adhya4tp	0	6	37227	0.000041
POST_CANDIDATE	pooling_adhya4tp	0	7	65443	0.000042
POST_CANDIDATE	pooling_adhya4tp	0	8	36582	0.000038
POST_CANDIDATE	pooling_adhya4tp	0	9	36582	0.000023
POST_CANDIDATE	pooling_adhya4tp	1	1	29827	0.000033
POST_CANDIDATE	pooling_adhya4tp	1	2	31290	0.000035
POST_CANDIDATE	pooling_adhya4tp	1	3	30085	0.000036
POST_CANDIDATE	pooling_adhya4tp	1	4	40966	0.000041
POST_CANDIDATE	pooling_adhya4tp	1	5	46188	0.000041
POST_CANDIDATE	pooling_adhya4tp	1	6	40966	0.000038
POST_CANDIDATE	pooling_adhya4tp	1	7	69058	0.000039
POST_CANDIDATE	pooling_adhya4tp	1	8	36582	0.000031
POST_CANDIDATE	pooling_adhya4tp	1	9	36582	0.000022
POST_ROW	pooling_adhya4tp	170	936	26842	20581	1459	20581	20581	20581	20581	20581	20581	20581	20581	20581	20581	20581	20581
POST_CANDIDATE	squfl015-080persp	0	1	18446744073709551615	0.000166
POST_CANDIDATE	squfl015-080persp	0	2	18446744073709551615	0.000165
POST_CANDIDATE	squfl015-080persp	0	3	18446744073709551615	0.000173
POST_CANDIDATE	squfl015-080persp	0	4	18446744073709551615	0.000189
POST_CANDIDATE	squfl015-080persp	0	5	18446744073709551615	0.000184
POST_CANDIDATE	squfl015-080persp	0	6	18446744073709551615	0.000181
POST_CANDIDATE	squfl015-080persp	0	7	18446744073709551615	0.000069
POST_CANDIDATE	squfl015-080persp	0	8	18446744073709551615	0.000069
POST_CANDIDATE	squfl015-080persp	0	9	18446744073709551615	0.000170
POST_ROW	squfl015-080persp	7295	21600	74520	74520	20600	74520	74520	74520	74520	74520	74520	74520	74520	74520	74520	74520	74520
POST_CANDIDATE	edgecross10-080	0	1	231032	0.000194
POST_CANDIDATE	edgecross10-080	0	2	187994	0.000198
POST_CANDIDATE	edgecross10-080	0	3	237629	0.000197
POST_CANDIDATE	edgecross10-080	0	4	225051	0.000215
POST_CANDIDATE	edgecross10-080	0	5	234295	0.000212
POST_CANDIDATE	edgecross10-080	0	6	222557	0.000210
POST_CANDIDATE	edgecross10-080	0	7	221529	0.000070
POST_CANDIDATE	edgecross10-080	0	8	178155	0.000231
POST_CANDIDATE	edgecross10-080	0	9	221529	0.000182
POST_CANDIDATE	edgecross10-080	1	1	188235	0.000256
POST_CANDIDATE	edgecross10-080	1	2	188099	0.000254
POST_CANDIDATE	edgecross10-080	1	3	188235	0.000255
POST_CANDIDATE	edgecross10-080	1	4	188235	0.000270
POST_CANDIDATE	edgecross10-080	1	5	188235	0.000266
POST_CANDIDATE	edgecross10-080	1	6	188051	0.000263
POST_CANDIDATE	edgecross10-080	1	7	236896	0.000073
POST_CANDIDATE	edgecross10-080	1	8	196515	0.000224
POST_CANDIDATE	edgecross10-080	1	9	188235	0.000245
POST_ROW	edgecross10-080	1053	5940	170814	164639	6247	164639	164639	164639	164639	164639	164639	164639	164639	164639	164639	164639	164639
POST_CANDIDATE	clay0204hfsg	0	1	13599	0.000074
POST_CANDIDATE	clay0204hfsg	0	2	7694	0.000058
POST_CANDIDATE	clay0204hfsg	0	3	8730	0.000056
POST_CANDIDATE	clay0204hfsg	0	4	10924	0.000076
POST_CANDIDATE	clay0204hfsg	0	5	9465	0.000072
POST_CANDIDATE	clay0204hfsg	0	6	10105	0.000073
POST_CANDIDATE	clay0204hfsg	0	7	8556	0.000048
POST_CANDIDATE	clay0204hfsg	0	8	8556	0.000038
POST_CANDIDATE	clay0204hfsg	0	9	8556	0.000037
POST_CANDIDATE	clay0204hfsg	1	1	11946	0.000054
POST_CANDIDATE	clay0204hfsg	1	2	7352	0.000050
POST_CANDIDATE	clay0204hfsg	1	3	8538	0.000047
POST_CANDIDATE	clay0204hfsg	1	4	7942	0.000065
POST_CANDIDATE	clay0204hfsg	1	5	8024	0.000063
POST_CANDIDATE	clay0204hfsg	1	6	8734	0.000066
POST_CANDIDATE	clay0204hfsg	1	7	8016	0.000043
POST_CANDIDATE	clay0204hfsg	1	8	8016	0.000037
POST_CANDIDATE	clay0204hfsg	1	9	8016	0.000036
POST_ROW	clay0204hfsg	590	1696	7198	6562	1858	6562	6562	6562	6562	6562	6562	6562	6562	6562	6562	6562	6562
POST_ROW	st_bsj2	13	40	143	114	36	114	114	114	114	114	114	114	114	114	114	114	114
POST_CANDIDATE	chimera_mgw-c8-439-onc8-002	0	1	356650	0.000253
POST_CANDIDATE	chimera_mgw-c8-439-onc8-002	0	2	310039	0.000248
POST_CANDIDATE	chimera_mgw-c8-439-onc8-002	0	3	290295	0.000240
POST_CANDIDATE	chimera_mgw-c8-439-onc8-002	0	4	311780	0.000262
POST_CANDIDATE	chimera_mgw-c8-439-onc8-002	0	5	286863	0.000257
POST_CANDIDATE	chimera_mgw-c8-439-onc8-002	0	6	276822	0.000242
POST_CANDIDATE	chimera_mgw-c8-439-onc8-002	0	7	275843	0.000225
POST_CANDIDATE	chimera_mgw-c8-439-onc8-002	0	8	275843	0.000185
POST_CANDIDATE	chimera_mgw-c8-439-onc8-002	0	9	275843	0.000176
POST_ROW	chimera_mgw-c8-439-onc8-002	440	3038	97870	86464	5210	86464	86464	86464	86464	86464	86464	86464	86464	86464	86464	86464	86464
POST_CANDIDATE	batchs201210m	0	1	18446744073709551615	0.000112
POST_CANDIDATE	batchs201210m	0	2	18446744073709551615	0.000167
POST_CANDIDATE	batchs201210m	0	3	18446744073709551615	0.000154
POST_CANDIDATE	batchs201210m	0	4	18446744073709551615	0.000180
POST_CANDIDATE	batchs201210m	0	5	18446744073709551615	0.000178
POST_CANDIDATE	batchs201210m	0	6	18446744073709551615	0.000176
POST_CANDIDATE	batchs201210m	0	7	18446744073709551615	0.000082
POST_CANDIDATE	batchs201210m	0	8	18446744073709551615	0.000131
POST_CANDIDATE	batchs201210m	0	9	18446744073709551615	0.000129
POST_CANDIDATE	batchs201210m	1	1	18446744073709551615	0.000114
POST_CANDIDATE	batchs201210m	1	2	18446744073709551615	0.000173
POST_CANDIDATE	batchs201210m	1	3	18446744073709551615	0.000178
POST_CANDIDATE	batchs201210m	1	4	18446744073709551615	0.000188
POST_CANDIDATE	batchs201210m	1	5	18446744073709551615	0.000182
POST_CANDIDATE	batchs201210m	1	6	18446744073709551615	0.000183
POST_CANDIDATE	batchs201210m	1	7	18446744073709551615	0.000085
POST_CANDIDATE	batchs201210m	1	8	18446744073709551615	0.000136
POST_CANDIDATE	batchs201210m	1	9	18446744073709551615	0.000131
POST_ROW	batchs201210m	5188	17910	349298	303381	21409	303381	303381	303381	303381	303381	303381	303381	303381	303381	303381	303381	303381
POST_CANDIDATE	rsyn0815m04m	0	1	18446744073709551615	0.000104
POST_CANDIDATE	rsyn0815m04m	0	2	18446744073709551615	0.000159
POST_CANDIDATE	rsyn0815m04m	0	3	18446744073709551615	0.000161
POST_CANDIDATE	rsyn0815m04m	0	4	18446744073709551615	0.000178
POST_CANDIDATE	rsyn0815m04m	0	5	18446744073709551615	0.000172
POST_CANDIDATE	rsyn0815m04m	0	6	18446744073709551615	0.000174
POST_CANDIDATE	rsyn0815m04m	0	7	18446744073709551615	0.000108
POST_CANDIDATE	rsyn0815m04m	0	8	18446744073709551615	0.000092
POST_CANDIDATE	rsyn0815m04m	0	9	18446744073709551615	0.000084
POST_CANDIDATE	rsyn0815m04m	1	1	18446744073709551615	0.000082
POST_CANDIDATE	rsyn0815m04m	1	2	18446744073709551615	0.000134
POST_CANDIDATE	rsyn0815m04m	1	3	18446744073709551615	0.000137
POST_CANDIDATE	rsyn0815m04m	1	4	18446744073709551615	0.000142
POST_CANDIDATE	rsyn0815m04m	1	5	18446744073709551615	0.000147
POST_CANDIDATE	rsyn0815m04m	1	6	18446744073709551615	0.000145
POST_CANDIDATE	rsyn0815m04m	1	7	18446744073709551615	0.000087
POST_CANDIDATE	rsyn0815m04m	1	8	18446744073709551615	0.000074
POST_CANDIDATE	rsyn0815m04m	1	9	18446744073709551615	0.000068
POST_ROW	rsyn0815m04m	5456	15756	184352	143458	20102	143458	143458	143458	143458	143458	143458	143458	143458	143458	143458	143458	143458
POST_CANDIDATE	syn40m	0	1	19420	0.000091
POST_CANDIDATE	syn40m	0	2	12162	0.000081
POST_CANDIDATE	syn40m	0	3	12749	0.000077
POST_CANDIDATE	syn40m	0	4	15906	0.000084
POST_CANDIDATE	syn40m	0	5	12053	0.000075
POST_CANDIDATE	syn40m	0	6	21245	0.000084
POST_CANDIDATE	syn40m	0	7	12846	0.000066
POST_CANDIDATE	syn40m	0	8	12846	0.000044
POST_CANDIDATE	syn40m	0	9	12846	0.000040
POST_CANDIDATE	syn40m	1	1	10384	0.000071
POST_CANDIDATE	syn40m	1	2	11508	0.000068
POST_CANDIDATE	syn40m	1	3	13565	0.000069
POST_CANDIDATE	syn40m	1	4	10786	0.000072
POST_CANDIDATE	syn40m	1	5	10340	0.000067
POST_CANDIDATE	syn40m	1	6	13350	0.000070
POST_CANDIDATE	syn40m	1	7	13529	0.000062
POST_CANDIDATE	syn40m	1	8	13529	0.000038
POST_CANDIDATE	syn40m	1	9	13529	0.000035
POST_ROW	syn40m	560	1528	5007	4829	1585	4829	4829	4829	4829	4829	4829	4829	4829	4829	4829	4829	4829
POST_ROW	knp5-44	2157	32604	3764003	3764003	38039	3764003	3764003	3764003	3764003	3764003	3764003	3764003	3764003	3764003	3764003	3764003	3764003
POST_CANDIDATE	ex1263a	0	1	3707	0.000019
POST_CANDIDATE	ex1263a	0	2	3722	0.000019
POST_CANDIDATE	ex1263a	0	3	4409	0.000016
POST_CANDIDATE	ex1263a	0	4	3573	0.000016
POST_CANDIDATE	ex1263a	0	5	4204	0.000017
POST_CANDIDATE	ex1263a	0	6	4409	0.000016
POST_CANDIDATE	ex1263a	0	7	4110	0.000013
POST_CANDIDATE	ex1263a	0	8	4110	0.000009
POST_CANDIDATE	ex1263a	0	9	4110	0.000008
POST_CANDIDATE	ex1263a	1	1	3907	0.000017
POST_CANDIDATE	ex1263a	1	2	4310	0.000018
POST_CANDIDATE	ex1263a	1	3	4609	0.000016
POST_CANDIDATE	ex1263a	1	4	4592	0.000019
POST_CANDIDATE	ex1263a	1	5	4624	0.000018
POST_CANDIDATE	ex1263a	1	6	4389	0.000018
POST_CANDIDATE	ex1263a	1	7	4437	0.000017
POST_CANDIDATE	ex1263a	1	8	4310	0.000014
POST_CANDIDATE	ex1263a	1	9	4310	0.000010
POST_ROW	ex1263a	94	390	2098	2098	392	2098	2098	2098	2098	2098	2098	2098	2098	2098	2098	2098	2098
POST_ROW	st_e41	8	32	88	88	24	88	88	88	88	88	88	88	88	88	88	88	88
POST_CANDIDATE	squfl025-030	0	1	42305	0.000227
POST_CANDIDATE	squfl025-030	0	2	42305	0.000213
POST_CANDIDATE	squfl025-030	0	3	60981	0.000228
POST_CANDIDATE	squfl025-030	0	4	60981	0.000228
POST_CANDIDATE	squfl025-030	0	5	60981	0.000224
POST_CANDIDATE	squfl025-030	0	6	60981	0.000222
POST_CANDIDATE	squfl025-030	0	7	42305	0.000113
POST_CANDIDATE	squfl025-030	0	8	60981	0.000221
POST_CANDIDATE	squfl025-030	0	9	60981	0.000212
POST_CANDIDATE	squfl025-030	1	1	18446744073709551615	0.000146
POST_CANDIDATE	squfl025-030	1	2	18446744073709551615	0.000147
POST_CANDIDATE	squfl025-030	1	3	18446744073709551615	0.000141
POST_CANDIDATE	squfl025-030	1	4	18446744073709551615	0.000183
POST_CANDIDATE	squfl025-030	1	5	18446744073709551615	0.000172
POST_CANDIDATE	squfl025-030	1	6	18446744073709551615	0.000171
POST_CANDIDATE	squfl025-030	1	7	18446744073709551615	0.000062
POST_CANDIDATE	squfl025-030	1	8	18446744073709551615	0.000140
POST_CANDIDATE	squfl025-030	1	9	18446744073709551615	0.000146
POST_ROW	squfl025-030	2305	6000	42305	42305	7105	42305	42305	42305	42305	42305	42305	42305	42305	42305	42305	42305	42305
POST_CANDIDATE	wastewater05m1	0	1	10185	0.000019
POST_CANDIDATE	wastewater05m1	0	2	10771	0.000017
POST_CANDIDATE	wastewater05m1	0	3	11561	0.000016
POST_CANDIDATE	wastewater05m1	0	4	11222	0.000018
POST_CANDIDATE	wastewater05m1	0	5	10979	0.000018
POST_CANDIDATE	wastewater05m1	0	6	11153	0.000017
POST_CANDIDATE	wastewater05m1	0	7	9203	0.000011
POST_CANDIDATE	wastewater05m1	0	8	11192	0.000009
POST_CANDIDATE	wastewater05m1	0	9	10771	0.000013
POST_CANDIDATE	wastewater05m1	1	1	12591	0.000028
POST_CANDIDATE	wastewater05m1	1	2	12587	0.000025
POST_CANDIDATE	wastewater05m1	1	3	11930	0.000024
POST_CANDIDATE	wastewater05m1	1	4	12640	0.000027
POST_CANDIDATE	wastewater05m1	1	5	13089	0.000027
POST_CANDIDATE	wastewater05m1	1	6	13037	0.000027
POST_CANDIDATE	wastewater05m1	1	7	11618	0.000022
POST_CANDIDATE	wastewater05m1	1	8	11618	0.000013
POST_CANDIDATE	wastewater05m1	1	9	11618	0.000012
POST_ROW	wastewater05m1	98	536	11690	8036	722	8036	8036	8036	8036	8036	8036	8036	8036	8036	8036	8036	8036
POST_ROW	cvxnonsep_psig20	20	380	2870	2870	210	2870	2870	2870	2870	2870	2870	2870	2870	2870	2870	2870	2870
POST_ROW	meanvar-orl400_05_e_8	4405	171604	21923414	21922611	91407	21922611	21922611	21922611	21922611	21922611	21922611	21922611	21922611	21922611	21922611	21922611	21922611
POST_CANDIDATE	st_e31	0	1	31980	0.000067
POST_CANDIDATE	st_e31	0	2	40696	0.000062
POST_CANDIDATE	st_e31	0	3	43020	0.000062
POST_CANDIDATE	st_e31	0	4	25021	0.000060
POST_CANDIDATE	st_e31	0	5	34988	0.000066
POST_CANDIDATE	st_e31	0	6	28159	0.000062
POST_CANDIDATE	st_e31	0	7	39564	0.000058
POST_CANDIDATE	st_e31	0	8	39564	0.000042
POST_CANDIDATE	st_e31	0	9	39564	0.000040
POST_CANDIDATE	st_e31	1	1	15502	0.000057
POST_CANDIDATE	st_e31	1	2	14088	0.000054
POST_CANDIDATE	st_e31	1	3	15158	0.000052
POST_CANDIDATE	st_e31	1	4	14634	0.000056
POST_CANDIDATE	st_e31	1	5	15024	0.000054
POST_CANDIDATE	st_e31	1	6	15133	0.000053
POST_CANDIDATE	st_e31	1	7	15534	0.000045
POST_CANDIDATE	st_e31	1	8	15534	0.000031
POST_CANDIDATE	st_e31	1	9	15534	0.000031
POST_ROW	st_e31	301	744	4534	4257	983	4257	4257	4257	4257	4257	4257	4257	4257	4257	4257	4257	4257
POST_ROW	pooling_sppc1pq	14100	477680	812210652	136686008	761724	136686008	136686008	136686008	136686008	136686008	136686008	136686008	136686008	136686008	136686008	136686008	136686008
POST_ROW	pooling_haverly1pq	31	96	412	403	105	403	403	403	403	403	403	403	403	403	403	403	403
POST_CANDIDATE	graphpart_3g-0244-0244	0	1	70162	0.000063
POST_CANDIDATE	graphpart_3g-0244-0244	0	2	70162	0.000042
POST_CANDIDATE	graphpart_3g-0244-0244	0	3	70162	0.000033
POST_CANDIDATE	graphpart_3g-0244-0244	0	4	69508	0.000052
POST_CANDIDATE	graphpart_3g-0244-0244	0	5	70010	0.000051
POST_CANDIDATE	graphpart_3g-0244-0244	0	6	71612	0.000049
POST_CANDIDATE	graphpart_3g-0244-0244	0	7	70162	0.000035
POST_CANDIDATE	graphpart_3g-0244-0244	0	8	70162	0.000031
POST_CANDIDATE	graphpart_3g-0244-0244	0	9	70162	0.000031
POST_ROW	graphpart_3g-0244-0244	128	672	33446	32534	1608	32534	32534	32534	32534	32534	32534	32534	32534	32534	32534	32534	32534
POST_ROW	graphpart_clique-20	80	1260	34885	27856	1384	27856	27856	27856	27856	27856	27856	27856	27856	27856	27856	27856	27856
POST_ROW	mpbp_48	28368	91016	33835023	16144599	218431	16144599	16144599	16144599	16144599	16144599	16144599	16144599	16144599	16144599	16144599	16144599	16144599
POST_ROW	pooling_sppb5pq	18529	674470	523815053	213571545	857699	213571545	213571545	213571545	213571545	213571545	213571545	213571545	213571545	213571545	213571545	213571545	213571545
POST_CANDIDATE	slay07m	0	1	6349	0.000041
POST_CANDIDATE	slay07m	0	2	6349	0.000045
POST_CANDIDATE	slay07m	0	3	6349	0.000039
POST_CANDIDATE	slay07m	0	4	6349	0.000056
POST_CANDIDATE	slay07m	0	5	6349	0.000054
POST_CANDIDATE	slay07m	0	6	6349	0.000053
POST_CANDIDATE	slay07m	0	7	5740	0.000022
POST_CANDIDATE	slay07m	0	8	6349	0.000037
POST_CANDIDATE	slay07m	0	9	6349	0.000031
POST_ROW	slay07m	497	1512	5740	5740	1554	5740	5740	5740	5740	5740	5740	5740	5740	5740	5740	5740	5740
POST_ROW	nvs19	24	200	1353	884	124	884	884	884	884	884	884	884	884	884	884	884	884
POST_CANDIDATE	oil	0	1	271892	0.000561
POST_CANDIDATE	oil	0	2	353057	0.000608
POST_CANDIDATE	oil	0	3	431414	0.000629
POST_CANDIDATE	oil	0	4	246401	0.000614
POST_CANDIDATE	oil	0	5	193077	0.000581
POST_CANDIDATE	oil	0	6	222207	0.000608
POST_CANDIDATE	oil	0	7	260942	0.000477
POST_CANDIDATE	oil	0	8	260942	0.000419
POST_CANDIDATE	oil	0	9	266157	0.000488
POST_CANDIDATE	oil	1	1	132369	0.000432
POST_CANDIDATE	oil	1	2	255942	0.000525
POST_CANDIDATE	oil	1	3	302759	0.000531
POST_CANDIDATE	oil	1	4	170422	0.000584
POST_CANDIDATE	oil	1	5	159904	0.000563
POST_CANDIDATE	oil	1	6	174048	0.000566
POST_CANDIDATE	oil	1	7	199791	0.000455
POST_CANDIDATE	oil	1	8	199791	0.000362
POST_CANDIDATE	oil	1	9	195972	0.000431
POST_ROW	oil	3270	8430	36313	34760	9956	34760	34760	34760	34760	34760	34760	34760	34760	34760	34760	34760	34760
POST_CANDIDATE	squfl015-060	0	1	36400	0.000370
POST_CANDIDATE	squfl015-060	0	2	36400	0.000361
POST_CANDIDATE	squfl015-060	0	3	40131	0.000362
POST_CANDIDATE	squfl015-060	0	4	40131	0.000390
POST_CANDIDATE	squfl015-060	0	5	39546	0.000378
POST_CANDIDATE	squfl015-060	0	6	38125	0.000376
POST_CANDIDATE	squfl015-060	0	7	36400	0.000126
POST_CANDIDATE	squfl015-060	0	8	40131	0.000370
POST_CANDIDATE	squfl015-060	0	9	40131	0.000364
POST_CANDIDATE	squfl015-060	1	1	18446744073709551615	0.000160
POST_CANDIDATE	squfl015-060	1	2	18446744073709551615	0.000157
POST_CANDIDATE	squfl015-060	1	3	18446744073709551615	0.000154
POST_CANDIDATE	squfl015-060	1	4	18446744073709551615	0.000174
POST_CANDIDATE	squfl015-060	1	5	18446744073709551615	0.000166
POST_CANDIDATE	squfl015-060	1	6	18446744073709551615	0.000164
POST_CANDIDATE	squfl015-060	1	7	18446744073709551615	0.000054
POST_CANDIDATE	squfl015-060	1	8	18446744073709551615	0.000051
POST_CANDIDATE	squfl015-060	1	9	18446744073709551615	0.000148
POST_ROW	squfl015-060	2775	7200	36400	36400	8280	36400	36400	36400	36400	36400	36400	36400	36400	36400	36400	36400	36400
POST_CANDIDATE	ndcc12persp	0	1	384147	0.000322
POST_CANDIDATE	ndcc12persp	0	2	388085	0.000318
POST_CANDIDATE	ndcc12persp	0	3	339890	0.000303
POST_CANDIDATE	ndcc12persp	0	4	406828	0.000417
POST_CANDIDATE	ndcc12persp	0	5	389328	0.000396
POST_CANDIDATE	ndcc12persp	0	6	401104	0.000397
POST_CANDIDATE	ndcc12persp	0	7	405659	0.000281
POST_CANDIDATE	ndcc12persp	0	8	388085	0.000278
POST_CANDIDATE	ndcc12persp	0	9	388085	0.000240
POST_CANDIDATE	ndcc12persp	1	1	384549	0.000303
POST_CANDIDATE	ndcc12persp	1	2	388691	0.000304
POST_CANDIDATE	ndcc12persp	1	3	340496	0.000297
POST_CANDIDATE	ndcc12persp	1	4	389953	0.000389
POST_CANDIDATE	ndcc12persp	1	5	379231	0.000383
POST_CANDIDATE	ndcc12persp	1	6	384087	0.000383
POST_CANDIDATE	ndcc12persp	1	7	392307	0.000275
POST_CANDIDATE	ndcc12persp	1	8	388691	0.000273
POST_CANDIDATE	ndcc12persp	1	9	388691	0.000239
POST_ROW	ndcc12persp	1112	5522	299115	284793	10779	284793	284793	284793	284793	284793	284793	284793	284793	284793	284793	284793	284793
POST_ROW	kissing2	20772	401024	156414018	156414018	482006	156414018	156414018	156414018	156414018	156414018	156414018	156414018	156414018	156414018	156414018	156414018	156414018
POST_ROW	nuclear25a	1942	16030	1977163	1136191	28193	1136191	1136191	1136191	1136191	1136191	1136191	1136191	1136191	1136191	1136191	1136191	1136191
POST_CANDIDATE	clay0204m	0	1	3060	0.000028
POST_CANDIDATE	clay0204m	0	2	2504	0.000024
POST_CANDIDATE	clay0204m	0	3	2504	0.000019
POST_CANDIDATE	clay0204m	0	4	2616	0.000026
POST_CANDIDATE	clay0204m	0	5	2566	0.000024
POST_CANDIDATE	clay0204m	0	6	2580	0.000024
POST_CANDIDATE	clay0204m	0	7	2330	0.000013
POST_CANDIDATE	clay0204m	0	8	2504	0.000016
POST_CANDIDATE	clay0204m	0	9	2504	0.000013
POST_ROW	clay0204m	222	704	2330	2330	682	2330	2330	2330	2330	2330	2330	2330	2330	2330	2330	2330	2330
POST_ROW	st_ph13	23	68	207	178	60	178	178	178	178	178	178	178	178	178	178	178	178
POST_CANDIDATE	edgecross10-030	0	1	135530	0.000220
POST_CANDIDATE	edgecross10-030	0	2	126192	0.000217
POST_CANDIDATE	edgecross10-030	0	3	125644	0.000209
POST_CANDIDATE	edgecross10-030	0	4	124551	0.000234
POST_CANDIDATE	edgecross10-030	0	5	134772	0.000233
POST_CANDIDATE	edgecross10-030	0	6	122286	0.000227
POST_CANDIDATE	edgecross10-030	0	7	154873	0.000147
POST_CANDIDATE	edgecross10-030	0	8	125251	0.000202
POST_CANDIDATE	edgecross10-030	0	9	125251	0.000185
POST_CANDIDATE	edgecross10-030	1	1	145610	0.000233
POST_CANDIDATE	edgecross10-030	1	2	136272	0.000229
POST_CANDIDATE	edgecross10-030	1	3	135724	0.000233
POST_CANDIDATE	edgecross10-030	1	4	133311	0.000261
POST_CANDIDATE	edgecross10-030	1	5	133842	0.000252
POST_CANDIDATE	edgecross10-030	1	6	135395	0.000254
POST_CANDIDATE	edgecross10-030	1	7	199071	0.000072
POST_CANDIDATE	edgecross10-030	1	8	135331	0.000225
POST_CANDIDATE	edgecross10-030	1	9	135331	0.000205
POST_ROW	edgecross10-030	1053	4654	135854	100080	5536	100080	100080	100080	100080	100080	100080	100080	100080	100080	100080	100080	100080
POST_CANDIDATE	chain200	0	1	8182	0.000042
POST_CANDIDATE	chain200	0	2	8182	0.000038
POST_CANDIDATE	chain200	0	3	8182	0.000038
POST_CANDIDATE	chain200	0	4	8238	0.000048
POST_CANDIDATE	chain200	0	5	8651	0.000049
POST_CANDIDATE	chain200	0	6	9288	0.000049
POST_CANDIDATE	chain200	0	7	8182	0.000035
POST_CANDIDATE	chain200	0	8	8182	0.000034
POST_CANDIDATE	chain200	0	9	8182	0.000054
POST_CANDIDATE	chain200	1	1	9969	0.000037
POST_CANDIDATE	chain200	1	2	9969	0.000039
POST_CANDIDATE	chain200	1	3	9978	0.000050
POST_CANDIDATE	chain200	1	4	9985	0.000048
POST_CANDIDATE	chain200	1	5	11329	0.000052
POST_CANDIDATE	chain200	1	6	10344	0.000049
POST_CANDIDATE	chain200	1	7	9978	0.000036
POST_CANDIDATE	chain200	1	8	9978	0.000035
POST_CANDIDATE	chain200	1	9	9969	0.000075
POST_ROW	chain200	601	2396	8182	8182	2198	8182	8182	8182	8182	8182	8182	8182	8182	8182	8182	8182	8182
POST_ROW	ex1223b	25	66	178	178	64	178	178	178	178	178	178	178	178	178	178	178	178
POST_CANDIDATE	slay09h	0	1	38973	0.000205
POST_CANDIDATE	slay09h	0	2	37929	0.000218
POST_CANDIDATE	slay09h	0	3	40161	0.000222
POST_CANDIDATE	slay09h	0	4	38377	0.000316
POST_CANDIDATE	slay09h	0	5	38490	0.000289
POST_CANDIDATE	slay09h	0	6	38609	0.000282
POST_CANDIDATE	slay09h	0	7	39117	0.000195
POST_CANDIDATE	slay09h	0	8	39117	0.000179
POST_CANDIDATE	slay09h	0	9	39117	0.000176
POST_CANDIDATE	slay09h	1	1	39009	0.000191
POST_CANDIDATE	slay09h	1	2	35877	0.000210
POST_CANDIDATE	slay09h	1	3	39009	0.000203
POST_CANDIDATE	slay09h	1	4	37343	0.000276
POST_CANDIDATE	slay09h	1	5	37407	0.000262
POST_CANDIDATE	slay09h	1	6	37184	0.000262
POST_CANDIDATE	slay09h	1	7	35877	0.000191
POST_CANDIDATE	slay09h	1	8	35877	0.000176
POST_CANDIDATE	slay09h	1	9	35877	0.000172
POST_ROW	slay09h	2718	7488	36057	32385	8703	32385	32385	32385	32385	32385	32385	32385	32385	32385	32385	32385	32385
POST_CANDIDATE	ndcc12	0	1	734258	0.000354
POST_CANDIDATE	ndcc12	0	2	667021	0.000343
POST_CANDIDATE	ndcc12	0	3	783175	0.000347
POST_CANDIDATE	ndcc12	0	4	712573	0.000441
POST_CANDIDATE	ndcc12	0	5	770592	0.000407
POST_CANDIDATE	ndcc12	0	6	857978	0.000405
POST_CANDIDATE	ndcc12	0	7	703613	0.000293
POST_CANDIDATE	ndcc12	0	8	694471	0.000313
POST_CANDIDATE	ndcc12	0	9	694471	0.000271
POST_CANDIDATE	ndcc12	1	1	18446744073709551615	0.000304
POST_CANDIDATE	ndcc12	1	2	1679574	0.000444
POST_CANDIDATE	ndcc12	1	3	1921217	0.000437
POST_CANDIDATE	ndcc12	1	4	18446744073709551615	0.000330
POST_CANDIDATE	ndcc12	1	5	18446744073709551615	0.000323
POST_CANDIDATE	ndcc12	1	6	18446744073709551615	0.000332
POST_CANDIDATE	ndcc12	1	7	779982	0.000322
POST_CANDIDATE	ndcc12	1	8	1734312	0.000414
POST_CANDIDATE	ndcc12	1	9	1734312	0.000359
POST_ROW	ndcc12	974	5982	345696	329556	12112	329556	329556	329556	329556	329556	329556	329556	329556	329556	329556	329556	329556
POST_CANDIDATE	kall_circlesrectangles_c6r39	0	1	183563	0.000390
POST_CANDIDATE	kall_circlesrectangles_c6r39	0	2	183563	0.000381
POST_CANDIDATE	kall_circlesrectangles_c6r39	0	3	175097	0.000386
POST_CANDIDATE	kall_circlesrectangles_c6r39	0	4	177557	0.000479
POST_CANDIDATE	kall_circlesrectangles_c6r39	0	5	179303	0.000459
POST_CANDIDATE	kall_circlesrectangles_c6r39	0	6	176365	0.000460
POST_CANDIDATE	kall_circlesrectangles_c6r39	0	7	170225	0.000347
POST_CANDIDATE	kall_circlesrectangles_c6r39	0	8	170225	0.000285
POST_CANDIDATE	kall_circlesrectangles_c6r39	0	9	170225	0.000268
POST_CANDIDATE	kall_circlesrectangles_c6r39	1	1	89222	0.000241
POST_CANDIDATE	kall_circlesrectangles_c6r39	1	2	89222	0.000228
POST_CANDIDATE	kall_circlesrectangles_c6r39	1	3	90347	0.000219
POST_CANDIDATE	kall_circlesrectangles_c6r39	1	4	90763	0.000289
POST_CANDIDATE	kall_circlesrectangles_c6r39	1	5	91222	0.000277
POST_CANDIDATE	kall_circlesrectangles_c6r39	1	6	91181	0.000276
POST_CANDIDATE	kall_circlesrectangles_c6r39	1	7	90347	0.000207
POST_CANDIDATE	kall_circlesrectangles_c6r39	1	8	90347	0.000177
POST_CANDIDATE	kall_circlesrectangles_c6r39	1	9	90347	0.000170
POST_ROW	kall_circlesrectangles_c6r39	1306	5378	75744	74610	7868	74610	74610	74610	74610	74610	74610	74610	74610	74610	74610	74610	74610
POST_CANDIDATE	squfl020-150	0	1	18446744073709551615	0.000153
POST_CANDIDATE	squfl020-150	0	2	18446744073709551615	0.000167
POST_CANDIDATE	squfl020-150	0	3	18446744073709551615	0.000154
POST_CANDIDATE	squfl020-150	0	4	18446744073709551615	0.000125
POST_CANDIDATE	squfl020-150	0	5	18446744073709551615	0.000123
POST_CANDIDATE	squfl020-150	0	6	18446744073709551615	0.000122
POST_CANDIDATE	squfl020-150	0	7	18446744073709551615	0.000060
POST_CANDIDATE	squfl020-150	0	8	18446744073709551615	0.000061
POST_CANDIDATE	squfl020-150	0	9	18446744073709551615	0.000150
POST_CANDIDATE	squfl020-150	1	1	18446744073709551615	0.000136
POST_CANDIDATE	squfl020-150	1	2	18446744073709551615	0.000158
POST_CANDIDATE	squfl020-150	1	3	18446744073709551615	0.000152
POST_CANDIDATE	squfl020-150	1	4	18446744073709551615	0.000213
POST_CANDIDATE	squfl020-150	1	5	18446744073709551615	0.000208
POST_CANDIDATE	squfl020-150	1	6	18446744073709551615	0.000210
POST_CANDIDATE	squfl020-150	1	7	18446744073709551615	0.000091
POST_CANDIDATE	squfl020-150	1	8	18446744073709551615	0.000090
POST_CANDIDATE	squfl020-150	1	9	18446744073709551615	0.000135
POST_ROW	squfl020-150	9170	24000	135020	135020	27360	135020	135020	135020	135020	135020	135020	135020	135020	135020	135020	135020	135020
POST_ROW	autocorr_bern40-30	43	1534	20034	20034	810	20034	20034	20034	20034	20034	20034	20034	20034	20034	20034	20034	20034
POST_CANDIDATE	slay08m	0	1	8608	0.000057
POST_CANDIDATE	slay08m	0	2	8608	0.000057
POST_CANDIDATE	slay08m	0	3	8608	0.000050
POST_CANDIDATE	slay08m	0	4	8608	0.000078
POST_CANDIDATE	slay08m	0	5	8608	0.000072
POST_CANDIDATE	slay08m	0	6	8608	0.000071
POST_CANDIDATE	slay08m	0	7	7796	0.000029
POST_CANDIDATE	slay08m	0	8	8608	0.000049
POST_CANDIDATE	slay08m	0	9	8608	0.000043
POST_ROW	slay08m	660	2016	7796	7796	2068	7796	7796	7796	7796	7796	7796	7796	7796	7796	7796	7796	7796
POST_ROW	chimera_mgw-c16-2031-01	2032	15900	3328073	2565876	53470	2565876	2565876	2565876	2565876	2565876	2565876	2565876	2565876	2565876	2565876	2565876	2565876
POST_CANDIDATE	forest	0	1	25044	0.000092
POST_CANDIDATE	forest	0	2	16644	0.000096
POST_CANDIDATE	forest	0	3	23555	0.000089
POST_CANDIDATE	forest	0	4	17644	0.000116
POST_CANDIDATE	forest	0	5	18439	0.000112
POST_CANDIDATE	forest	0	6	22178	0.000109
POST_CANDIDATE	forest	0	7	14852	0.000075
POST_CANDIDATE	forest	0	8	14319	0.000069
POST_CANDIDATE	forest	0	9	16644	0.000077
POST_CANDIDATE	forest	1	1	26324	0.000082
POST_CANDIDATE	forest	1	2	18510	0.000084
POST_CANDIDATE	forest	1	3	25647	0.000085
POST_CANDIDATE	forest	1	4	23843	0.000110
POST_CANDIDATE	forest	1	5	18836	0.000110
POST_CANDIDATE	forest	1	6	21775	0.000108
POST_CANDIDATE	forest	1	7	15992	0.000070
POST_CANDIDATE	forest	1	8	16369	0.000066
POST_CANDIDATE	forest	1	9	18694	0.000076
POST_ROW	forest	713	2658	10614	10543	2445	10543	10543	10543	10543	10543	10543	10543	10543	10543	10543	10543	10543
POST_ROW	qspp_0_10_0_1_10_1	280	29636	1942907	1932414	16660	1932414	1932414	1932414	1932414	1932414	1932414	1932414	1932414	1932414	1932414	1932414	1932414
POST_ROW	st_ph1	16	58	274	233	55	233	233	233	233	233	233	233	233	233	233	233	233
POST_CANDIDATE	elf	0	1	3125	0.000020
POST_CANDIDATE	elf	0	2	3125	0.000015
POST_CANDIDATE	elf	0	3	3203	0.000014
POST_CANDIDATE	elf	0	4	3283	0.000017
POST_CANDIDATE	elf	0	5	3358	0.000017
POST_CANDIDATE	elf	0	6	3158	0.000016
POST_CANDIDATE	elf	0	7	3875	0.000012
POST_CANDIDATE	elf	0	8	3875	0.000008
POST_CANDIDATE	elf	0	9	3203	0.000012
POST_CANDIDATE	elf	1	1	4977	0.000022
POST_CANDIDATE	elf	1	2	4977	0.000018
POST_CANDIDATE	elf	1	3	5221	0.000019
POST_CANDIDATE	elf	1	4	4993	0.000019
POST_CANDIDATE	elf	1	5	4977	0.000019
POST_CANDIDATE	elf	1	6	5133	0.000019
POST_CANDIDATE	elf	1	7	5221	0.000016
POST_CANDIDATE	elf	1	8	5221	0.000012
POST_CANDIDATE	elf	1	9	5221	0.000011
POST_ROW	elf	124	376	2733	2173	441	2173	2173	2173	2173	2173	2173	2173	2173	2173	2173	2173	2173
POST_ROW	ex3_1_3	18	36	90	83	37	83	83	83	83	83	83	83	83	83	83	83	83
POST_CANDIDATE	cvxnonsep_normcon40r	0	1	845	0.000009
POST_CANDIDATE	cvxnonsep_normcon40r	0	2	845	0.000008
POST_CANDIDATE	cvxnonsep_normcon40r	0	3	845	0.000007
POST_CANDIDATE	cvxnonsep_normcon40r	0	4	845	0.000007
POST_CANDIDATE	cvxnonsep_normcon40r	0	5	845	0.000007
POST_CANDIDATE	cvxnonsep_normcon40r	0	6	845	0.000006
POST_CANDIDATE	cvxnonsep_normcon40r	0	7	845	0.000005
POST_CANDIDATE	cvxnonsep_normcon40r	0	8	845	0.000005
POST_CANDIDATE	cvxnonsep_normcon40r	0	9	845	0.000005
POST_ROW	cvxnonsep_normcon40r	162	322	645	645	323	645	645	645	645	645	645	645	645	645	645	645	645
POST_CANDIDATE	demo7	0	1	4111	0.000031
POST_CANDIDATE	demo7	0	2	4111	0.000028
POST_CANDIDATE	demo7	0	3	4590	0.000027
POST_CANDIDATE	demo7	0	4	4342	0.000028
POST_CANDIDATE	demo7	0	5	4258	0.000026
POST_CANDIDATE	demo7	0	6	4677	0.000026
POST_CANDIDATE	demo7	0	7	4318	0.000021
POST_CANDIDATE	demo7	0	8	4677	0.000022
POST_CANDIDATE	demo7	0	9	4646	0.000021
POST_CANDIDATE	demo7	1	1	5097	0.000046
POST_CANDIDATE	demo7	1	2	5536	0.000044
POST_CANDIDATE	demo7	1	3	6276	0.000044
POST_CANDIDATE	demo7	1	4	5633	0.000045
POST_CANDIDATE	demo7	1	5	5301	0.000043
POST_CANDIDATE	demo7	1	6	5351	0.000043
POST_CANDIDATE	demo7	1	7	7643	0.000031
POST_CANDIDATE	demo7	1	8	6168	0.000039
POST_CANDIDATE	demo7	1	9	6168	0.000024
POST_ROW	demo7	155	618	3579	3426	620	3426	3426	3426	3426	3426	3426	3426	3426	3426	3426	3426	3426
POST_ROW	waternd2	615	2580	155674	74817	4059	74817	74817	74817	74817	74817	74817	74817	74817	74817	74817	74817	74817
POST_CANDIDATE	prolog	0	1	1794	0.000017
POST_CANDIDATE	prolog	0	2	1698	0.000013
POST_CANDIDATE	prolog	0	3	2256	0.000012
POST_CANDIDATE	prolog	0	4	2040	0.000012
POST_CANDIDATE	prolog	0	5	1944	0.000012
POST_CANDIDATE	prolog	0	6	1880	0.000011
POST_CANDIDATE	prolog	0	7	1882	0.000010
POST_CANDIDATE	prolog	0	8	1882	0.000006
POST_CANDIDATE	prolog	0	9	2116	0.000008
POST_CANDIDATE	prolog	1	1	1410	0.000009
POST_CANDIDATE	prolog	1	2	1410	0.000008
POST_CANDIDATE	prolog	1	3	1705	0.000008
POST_CANDIDATE	prolog	1	4	1560	0.000009
POST_CANDIDATE	prolog	1	5	1573	0.000008
POST_CANDIDATE	prolog	1	6	1496	0.000008
POST_CANDIDATE	prolog	1	7	1701	0.000007
POST_CANDIDATE	prolog	1	8	1701	0.000004
POST_CANDIDATE	prolog	1	9	1701	0.000004
POST_ROW	prolog	64	292	1245	1225	257	1225	1225	1225	1225	1225	1225	1225	1225	1225	1225	1225	1225
POST_ROW	ex14_1_8	11	30	80	80	28	80	80	80	80	80	80	80	80	80	80	80	80
POST_ROW	faclay75	272878	1379706	3204527350	3013800414	3449330	3013800414	3013800414	3013800414	3013800414	3013800414	3013800414	3013800414	3013800414	3013800414	3013800414	3013800414	3013800414
POST_ROW	st_qpk3	55	548	5467	3762	374	3762	3762	3762	3762	3762	3762	3762	3762	3762	3762	3762	3762
POST_ROW	mpbp_34	11556	40860	3093917	891674	62446	891674	891674	891674	891674	891674	891674	891674	891674	891674	891674	891674	891674
POST_CANDIDATE	cvxnonsep_normcon20r	0	1	425	0.000006
POST_CANDIDATE	cvxnonsep_normcon20r	0	2	425	0.000005
POST_CANDIDATE	cvxnonsep_normcon20r	0	3	425	0.000005
POST_CANDIDATE	cvxnonsep_normcon20r	0	4	425	0.000003
POST_CANDIDATE	cvxnonsep_normcon20r	0	5	425	0.000003
POST_CANDIDATE	cvxnonsep_normcon20r	0	6	425	0.000003
POST_CANDIDATE	cvxnonsep_normcon20r	0	7	425	0.000003
POST_CANDIDATE	cvxnonsep_normcon20r	0	8	425	0.000003
POST_CANDIDATE	cvxnonsep_normcon20r	0	9	425	0.000003
POST_ROW	cvxnonsep_normcon20r	82	162	325	325	163	325	325	325	325	325	325	325	325	325	325	325	325
POST_CANDIDATE	cvxnonsep_psig20r	0	1	446	0.000006
POST_CANDIDATE	cvxnonsep_psig20r	0	2	446	0.000005
POST_CANDIDATE	cvxnonsep_psig20r	0	3	446	0.000004
POST_CANDIDATE	cvxnonsep_psig20r	0	4	446	0.000004
POST_CANDIDATE	cvxnonsep_psig20r	0	5	446	0.000004
POST_CANDIDATE	cvxnonsep_psig20r	0	6	446	0.000004
POST_CANDIDATE	cvxnonsep_psig20r	0	7	446	0.000003
POST_CANDIDATE	cvxnonsep_psig20r	0	8	446	0.000003
POST_CANDIDATE	cvxnonsep_psig20r	0	9	446	0.000003
POST_ROW	cvxnonsep_psig20r	86	170	341	341	171	341	341	341	341	341	341	341	341	341	341	341	341
POST_ROW	crudeoil_pooling_dt2	18742	75910	14985540	9947932	174214	9947932	9947932	9947932	9947932	9947932	9947932	9947932	9947932	9947932	9947932	9947932	9947932
POST_CANDIDATE	rsyn0805m03m	0	1	18446744073709551615	0.000352
POST_CANDIDATE	rsyn0805m03m	0	2	18446744073709551615	0.000292
POST_CANDIDATE	rsyn0805m03m	0	3	18446744073709551615	0.000308
POST_CANDIDATE	rsyn0805m03m	0	4	18446744073709551615	0.000503
POST_CANDIDATE	rsyn0805m03m	0	5	359908	0.000693
POST_CANDIDATE	rsyn0805m03m	0	6	341237	0.000666
POST_CANDIDATE	rsyn0805m03m	0	7	18446744073709551615	0.000281
POST_CANDIDATE	rsyn0805m03m	0	8	18446744073709551615	0.000222
POST_CANDIDATE	rsyn0805m03m	0	9	18446744073709551615	0.000197
POST_CANDIDATE	rsyn0805m03m	1	1	18446744073709551615	0.000315
POST_CANDIDATE	rsyn0805m03m	1	2	18446744073709551615	0.000295
POST_CANDIDATE	rsyn0805m03m	1	3	18446744073709551615	0.000292
POST_CANDIDATE	rsyn0805m03m	1	4	18446744073709551615	0.000372
POST_CANDIDATE	rsyn0805m03m	1	5	18446744073709551615	0.000380
POST_CANDIDATE	rsyn0805m03m	1	6	18446744073709551615	0.000385
POST_CANDIDATE	rsyn0805m03m	1	7	18446744073709551615	0.000267
POST_CANDIDATE	rsyn0805m03m	1	8	18446744073709551615	0.000218
POST_CANDIDATE	rsyn0805m03m	1	9	18446744073709551615	0.000200
POST_ROW	rsyn0805m03m	2868	8270	60979	54853	10111	54853	54853	54853	54853	54853	54853	54853	54853	54853	54853	54853	54853
POST_ROW	st_iqpbk1	22	98	295	295	71	295	295	295	295	295	295	295	295	295	295	295	295
POST_CANDIDATE	waterund01	0	1	3848	0.000017
POST_CANDIDATE	waterund01	0	2	3908	0.000015
POST_CANDIDATE	waterund01	0	3	4100	0.000013
POST_CANDIDATE	waterund01	0	4	3753	0.000016
POST_CANDIDATE	waterund01	0	5	4100	0.000016
POST_CANDIDATE	waterund01	0	6	3908	0.000015
POST_CANDIDATE	waterund01	0	7	3317	0.000011
POST_CANDIDATE	waterund01	0	8	4100	0.000011
POST_CANDIDATE	waterund01	0	9	4100	0.000007
POST_CANDIDATE	waterund01	1	1	5867	0.000021
POST_CANDIDATE	waterund01	1	2	5010	0.000018
POST_CANDIDATE	waterund01	1	3	5541	0.000016
POST_CANDIDATE	waterund01	1	4	5064	0.000019
POST_CANDIDATE	waterund01	1	5	4657	0.000018
POST_CANDIDATE	waterund01	1	6	4603	0.000018
POST_CANDIDATE	waterund01	1	7	5010	0.000014
POST_CANDIDATE	waterund01	1	8	5010	0.000009
POST_CANDIDATE	waterund01	1	9	5010	0.000008
POST_ROW	waterund01	96	404	4546	3317	457	3317	3317	3317	3317	3317	3317	3317	3317	3317	3317	3317	3317
POST_ROW	pointpack04	29	120	577	577	113	577	577	577	577	577	577	577	577	577	577	577	577
POST_ROW	st_e22	12	30	77	70	28	70	70	70	70	70	70	70	70	70	70	70	70
POST_ROW	faclay30	16678	82242	13452923	12850431	116585	12850431	12850431	12850431	12850431	12850431	12850431	12850431	12850431	12850431	12850431	12850431	12850431
POST_CANDIDATE	arki0002	0	1	18446744073709551615	0.000358
POST_CANDIDATE	arki0002	0	2	18446744073709551615	0.000371
POST_CANDIDATE	arki0002	0	3	18446744073709551615	0.000361
POST_CANDIDATE	arki0002	0	4	18446744073709551615	0.000463
POST_CANDIDATE	arki0002	0	5	18446744073709551615	0.000460
POST_CANDIDATE	arki0002	0	6	18446744073709551615	0.000453
POST_CANDIDATE	arki0002	0	7	18446744073709551615	0.000334
POST_CANDIDATE	arki0002	0	8	18446744073709551615	0.000299
POST_CANDIDATE	arki0002	0	9	18446744073709551615	0.000288
POST_CANDIDATE	arki0002	1	1	18446744073709551615	0.000663
POST_CANDIDATE	arki0002	1	2	18446744073709551615	0.000707
POST_CANDIDATE	arki0002	1	3	18446744073709551615	0.000662
POST_CANDIDATE	arki0002	1	4	18446744073709551615	0.000824
POST_CANDIDATE	arki0002	1	5	18446744073709551615	0.000842
POST_CANDIDATE	arki0002	1	6	18446744073709551615	0.000753
POST_CANDIDATE	arki0002	1	7	18446744073709551615	0.000677
POST_CANDIDATE	arki0002	1	8	18446744073709551615	0.000660
POST_CANDIDATE	arki0002	1	9	18446744073709551615	0.000651
POST_ROW	arki0002	4432	11248	683476	667374	27906	667374	667374	667374	667374	667374	667374	667374	667374	667374	667374	667374	667374
POST_CANDIDATE	transswitch0300p	0	1	18446744073709551615	0.000197
POST_CANDIDATE	transswitch0300p	0	2	18446744073709551615	0.000242
POST_CANDIDATE	transswitch0300p	0	3	18446744073709551615	0.000241
POST_CANDIDATE	transswitch0300p	0	4	18446744073709551615	0.000333
POST_CANDIDATE	transswitch0300p	0	5	18446744073709551615	0.000342
POST_CANDIDATE	transswitch0300p	0	6	18446744073709551615	0.000347
POST_CANDIDATE	transswitch0300p	0	7	18446744073709551615	0.000167
POST_CANDIDATE	transswitch0300p	0	8	18446744073709551615	0.000153
POST_CANDIDATE	transswitch0300p	0	9	18446744073709551615	0.000139
POST_CANDIDATE	transswitch0300p	1	1	18446744073709551615	0.000174
POST_CANDIDATE	transswitch0300p	1	2	18446744073709551615	0.000237
POST_CANDIDATE	transswitch0300p	1	3	18446744073709551615	0.000234
POST_CANDIDATE	transswitch0300p	1	4	18446744073709551615	0.000299
POST_CANDIDATE	transswitch0300p	1	5	18446744073709551615	0.000293
POST_CANDIDATE	transswitch0300p	1	6	18446744073709551615	0.000306
POST_CANDIDATE	transswitch0300p	1	7	18446744073709551615	0.000169
POST_CANDIDATE	transswitch0300p	1	8	18446744073709551615	0.000158
POST_CANDIDATE	transswitch0300p	1	9	18446744073709551615	0.000155
POST_ROW	transswitch0300p	11659	48446	404940	377741	51785	377741	377741	377741	377741	377741	377741	377741	377741	377741	377741	377741	377741
POST_ROW	crudeoil_pooling_dt3	30660	152210	48975085	33883414	471330	33883414	33883414	33883414	33883414	33883414	33883414	33883414	33883414	33883414	33883414	33883414	33883414
POST_ROW	gasprod_sarawak81	22536	75636	1030380	941231	110997	941231	941231	941231	941231	941231	941231	941231	941231	941231	941231	941231	941231
POST_ROW	maxcsp-langford-3-11	660	29646	33444033	10360919	72709	10360919	10360919	10360919	10360919	10360919	10360919	10360919	10360919	10360919	10360919	10360919	10360919
POST_CANDIDATE	p_ball_30b_5p_2d_h	0	1	64679	0.000294
POST_CANDIDATE	p_ball_30b_5p_2d_h	0	2	64679	0.000278
POST_CANDIDATE	p_ball_30b_5p_2d_h	0	3	65335	0.000276
POST_CANDIDATE	p_ball_30b_5p_2d_h	0	4	74597	0.000381
POST_CANDIDATE	p_ball_30b_5p_2d_h	0	5	75261	0.000367
POST_CANDIDATE	p_ball_30b_5p_2d_h	0	6	73709	0.000360
POST_CANDIDATE	p_ball_30b_5p_2d_h	0	7	65335	0.000265
POST_CANDIDATE	p_ball_30b_5p_2d_h	0	8	65335	0.000243
POST_CANDIDATE	p_ball_30b_5p_2d_h	0	9	65335	0.000238
POST_CANDIDATE	p_ball_30b_5p_2d_h	1	1	58587	0.000239
POST_CANDIDATE	p_ball_30b_5p_2d_h	1	2	58012	0.000246
POST_CANDIDATE	p_ball_30b_5p_2d_h	1	3	58737	0.000237
POST_CANDIDATE	p_ball_30b_5p_2d_h	1	4	53713	0.000340
POST_CANDIDATE	p_ball_30b_5p_2d_h	1	5	54694	0.000326
POST_CANDIDATE	p_ball_30b_5p_2d_h	1	6	56599	0.000318
POST_CANDIDATE	p_ball_30b_5p_2d_h	1	7	46464	0.000086
POST_CANDIDATE	p_ball_30b_5p_2d_h	1	8	52845	0.000109
POST_CANDIDATE	p_ball_30b_5p_2d_h	1	9	58737	0.000234
POST_ROW	p_ball_30b_5p_2d_h	1543	5224	25843	25742	5370	25742	25742	25742	25742	25742	25742	25742	25742	25742	25742	25742	25742
POST_ROW	ringpack_20_3	6709	45220	2415136	865627	40969	865627	865627	865627	865627	865627	865627	865627	865627	865627	865627	865627	865627
POST_CANDIDATE	waste	0	1	5217320	0.001582
POST_CANDIDATE	waste	0	2	2869222	0.001629
POST_CANDIDATE	waste	0	3	5538645	0.001568
POST_CANDIDATE	waste	0	4	5738153	0.001996
POST_CANDIDATE	waste	0	5	5077172	0.001946
POST_CANDIDATE	waste	0	6	5847248	0.001915
POST_CANDIDATE	waste	0	7	3766237	0.000788
POST_CANDIDATE	waste	0	8	4619917	0.001319
POST_CANDIDATE	waste	0	9	2984026	0.001552
POST_ROW	waste	4825	21504	1468261	1270649	38413	1270649	1270649	1270649	1270649	1270649	1270649	1270649	1270649	1270649	1270649	1270649	1270649
POST_CANDIDATE	catmix400	0	1	36364	0.000169
POST_CANDIDATE	catmix400	0	2	36364	0.000180
POST_CANDIDATE	catmix400	0	3	36364	0.000179
POST_CANDIDATE	catmix400	0	4	36364	0.000223
POST_CANDIDATE	catmix400	0	5	36364	0.000216
POST_CANDIDATE	catmix400	0	6	36364	0.000216
POST_CANDIDATE	catmix400	0	7	36364	0.000155
POST_CANDIDATE	catmix400	0	8	36364	0.000155
POST_CANDIDATE	catmix400	0	9	36364	0.000154
POST_CANDIDATE	catmix400	1	1	36389	0.000156
POST_CANDIDATE	catmix400	1	2	36389	0.000165
POST_CANDIDATE	catmix400	1	3	36389	0.000173
POST_CANDIDATE	catmix400	1	4	36389	0.000214
POST_CANDIDATE	catmix400	1	5	36389	0.000214
POST_CANDIDATE	catmix400	1	6	36389	0.000217
POST_CANDIDATE	catmix400	1	7	36389	0.000157
POST_CANDIDATE	catmix400	1	8	36389	0.000157
POST_CANDIDATE	catmix400	1	9	36389	0.000157
POST_ROW	catmix400	2001	11192	36373	36364	8396	36364	36364	36364	36364	36364	36364	36364	36364	36364	36364	36364	36364
POST_CANDIDATE	rsyn0815m02hfsg	0	1	18446744073709551615	0.000394
POST_CANDIDATE	rsyn0815m02hfsg	0	2	18446744073709551615	0.000461
POST_CANDIDATE	rsyn0815m02hfsg	0	3	18446744073709551615	0.000449
POST_CANDIDATE	rsyn0815m02hfsg	0	4	18446744073709551615	0.000489
POST_CANDIDATE	rsyn0815m02hfsg	0	5	18446744073709551615	0.000500
POST_CANDIDATE	rsyn0815m02hfsg	0	6	18446744073709551615	0.000498
POST_CANDIDATE	rsyn0815m02hfsg	0	7	18446744073709551615	0.000437
POST_CANDIDATE	rsyn0815m02hfsg	0	8	18446744073709551615	0.000422
POST_CANDIDATE	rsyn0815m02hfsg	0	9	18446744073709551615	0.000388
POST_CANDIDATE	rsyn0815m02hfsg	1	1	18446744073709551615	0.000371
POST_CANDIDATE	rsyn0815m02hfsg	1	2	18446744073709551615	0.000382
POST_CANDIDATE	rsyn0815m02hfsg	1	3	18446744073709551615	0.000382
POST_CANDIDATE	rsyn0815m02hfsg	1	4	18446744073709551615	0.000428
POST_CANDIDATE	rsyn0815m02hfsg	1	5	18446744073709551615	0.000456
POST_CANDIDATE	rsyn0815m02hfsg	1	6	18446744073709551615	0.000424
POST_CANDIDATE	rsyn0815m02hfsg	1	7	18446744073709551615	0.000356
POST_CANDIDATE	rsyn0815m02hfsg	1	8	18446744073709551615	0.000324
POST_CANDIDATE	rsyn0815m02hfsg	1	9	18446744073709551615	0.000313
POST_ROW	rsyn0815m02hfsg	3054	7968	44604	41416	9904	41416	41416	41416	41416	41416	41416	41416	41416	41416	41416	41416	41416
POST_CANDIDATE	p_ball_10b_7p_3d_h	0	1	178444	0.000249
POST_CANDIDATE	p_ball_10b_7p_3d_h	0	2	178444	0.000237
POST_CANDIDATE	p_ball_10b_7p_3d_h	0	3	195706	0.000227
POST_CANDIDATE	p_ball_10b_7p_3d_h	0	4	58411	0.000216
POST_CANDIDATE	p_ball_10b_7p_3d_h	0	5	45133	0.000199
POST_CANDIDATE	p_ball_10b_7p_3d_h	0	6	53639	0.000199
POST_CANDIDATE	p_ball_10b_7p_3d_h	0	7	195706	0.000218
POST_CANDIDATE	p_ball_10b_7p_3d_h	0	8	195706	0.000194
POST_CANDIDATE	p_ball_10b_7p_3d_h	0	9	195706	0.000188
POST_CANDIDATE	p_ball_10b_7p_3d_h	1	1	104988	0.000165
POST_CANDIDATE	p_ball_10b_7p_3d_h	1	2	117306	0.000167
POST_CANDIDATE	p_ball_10b_7p_3d_h	1	3	133145	0.000161
POST_CANDIDATE	p_ball_10b_7p_3d_h	1	4	60682	0.000193
POST_CANDIDATE	p_ball_10b_7p_3d_h	1	5	54667	0.000187
POST_CANDIDATE	p_ball_10b_7p_3d_h	1	6	56292	0.000183
POST_CANDIDATE	p_ball_10b_7p_3d_h	1	7	35157	0.000082
POST_CANDIDATE	p_ball_10b_7p_3d_h	1	8	133145	0.000157
POST_CANDIDATE	p_ball_10b_7p_3d_h	1	9	133145	0.000135
POST_ROW	p_ball_10b_7p_3d_h	1236	4186	24380	23744	4436	23744	23744	23744	23744	23744	23744	23744	23744	23744	23744	23744	23744
POST_ROW	chimera_k64ising-02	1225	3846	613390	371142	11742	371142	371142	371142	371142	371142	371142	371142	371142	371142	371142	371142	371142
POST_CANDIDATE	batchs121208m	0	1	18446744073709551615	0.000141
POST_CANDIDATE	batchs121208m	0	2	18446744073709551615	0.000173
POST_CANDIDATE	batchs121208m	0	3	18446744073709551615	0.000175
POST_CANDIDATE	batchs121208m	0	4	18446744073709551615	0.000228
POST_CANDIDATE	batchs121208m	0	5	18446744073709551615	0.000222
POST_CANDIDATE	batchs121208m	0	6	18446744073709551615	0.000218
POST_CANDIDATE	batchs121208m	0	7	18446744073709551615	0.000101
POST_CANDIDATE	batchs121208m	0	8	18446744073709551615	0.000150
POST_CANDIDATE	batchs121208m	0	9	18446744073709551615	0.000135
POST_CANDIDATE	batchs121208m	1	1	18446744073709551615	0.000143
POST_CANDIDATE	batchs121208m	1	2	18446744073709551615	0.000161
POST_CANDIDATE	batchs121208m	1	3	18446744073709551615	0.000161
POST_CANDIDATE	batchs121208m	1	4	18446744073709551615	0.000233
POST_CANDIDATE	batchs121208m	1	5	18446744073709551615	0.000236
POST_CANDIDATE	batchs121208m	1	6	18446744073709551615	0.000231
POST_CANDIDATE	batchs121208m	1	7	18446744073709551615	0.000088
POST_CANDIDATE	batchs121208m	1	8	18446744073709551615	0.000132
POST_CANDIDATE	batchs121208m	1	9	18446744073709551615	0.000126
POST_ROW	batchs121208m	3404	11462	138030	128816	13224	128816	128816	128816	128816	128816	128816	128816	128816	128816	128816	128816	128816
POST_ROW	nvs02	11	46	142	142	36	142	142	142	142	142	142	142	142	142	142	142	142
POST_CANDIDATE	wastepaper6	0	1	18586	0.000071
POST_CANDIDATE	wastepaper6	0	2	18586	0.000062
POST_CANDIDATE	wastepaper6	0	3	20852	0.000059
POST_CANDIDATE	wastepaper6	0	4	19533	0.000071
POST_CANDIDATE	wastepaper6	0	5	20388	0.000069
POST_CANDIDATE	wastepaper6	0	6	19605	0.000068
POST_CANDIDATE	wastepaper6	0	7	53651	0.000032
POST_CANDIDATE	wastepaper6	0	8	20852	0.000052
POST_CANDIDATE	wastepaper6	0	9	20852	0.000038
POST_CANDIDATE	wastepaper6	1	1	19036	0.000064
POST_CANDIDATE	wastepaper6	1	2	18958	0.000066
POST_CANDIDATE	wastepaper6	1	3	21224	0.000063
POST_CANDIDATE	wastepaper6	1	4	21204	0.000077
POST_CANDIDATE	wastepaper6	1	5	21191	0.000075
POST_CANDIDATE	wastepaper6	1	6	20443	0.000074
POST_CANDIDATE	wastepaper6	1	7	38341	0.000035
POST_CANDIDATE	wastepaper6	1	8	21302	0.000055
POST_CANDIDATE	wastepaper6	1	9	21302	0.000041
POST_ROW	wastepaper6	191	1416	16611	16611	1511	16611	16611	16611	16611	16611	16611	16611	16611	16611	16611	16611	16611
POST_CANDIDATE	syn15hfsg	0	1	28907	0.000082
POST_CANDIDATE	syn15hfsg	0	2	21053	0.000068
POST_CANDIDATE	syn15hfsg	0	3	49113	0.000081
POST_CANDIDATE	syn15hfsg	0	4	35315	0.000081
POST_CANDIDATE	syn15hfsg	0	5	57386	0.000092
POST_CANDIDATE	syn15hfsg	0	6	31539	0.000080
POST_CANDIDATE	syn15hfsg	0	7	34583	0.000073
POST_CANDIDATE	syn15hfsg	0	8	34583	0.000058
POST_CANDIDATE	syn15hfsg	0	9	34583	0.000054
POST_CANDIDATE	syn15hfsg	1	1	21325	0.000066
POST_CANDIDATE	syn15hfsg	1	2	13770	0.000059
POST_CANDIDATE	syn15hfsg	1	3	21367	0.000065
POST_CANDIDATE	syn15hfsg	1	4	21952	0.000068
POST_CANDIDATE	syn15hfsg	1	5	24836	0.000070
POST_CANDIDATE	syn15hfsg	1	6	25729	0.000068
POST_CANDIDATE	syn15hfsg	1	7	14283	0.000057
POST_CANDIDATE	syn15hfsg	1	8	14283	0.000041
POST_CANDIDATE	syn15hfsg	1	9	14283	0.000037
POST_ROW	syn15hfsg	399	1022	3300	3272	1106	3272	3272	3272	3272	3272	3272	3272	3272	3272	3272	3272	3272
POST_CANDIDATE	st_jcbpaf2	0	1	1543	0.000011
POST_CANDIDATE	st_jcbpaf2	0	2	1543	0.000010
POST_CANDIDATE	st_jcbpaf2	0	3	1564	0.000009
POST_CANDIDATE	st_jcbpaf2	0	4	1543	0.000009
POST_CANDIDATE	st_jcbpaf2	0	5	1543	0.000008
POST_CANDIDATE	st_jcbpaf2	0	6	1564	0.000008
POST_CANDIDATE	st_jcbpaf2	0	7	1564	0.000007
POST_CANDIDATE	st_jcbpaf2	0	8	1564	0.000004
POST_CANDIDATE	st_jcbpaf2	0	9	1564	0.000004
POST_CANDIDATE	st_jcbpaf2	1	1	1981	0.000010
POST_CANDIDATE	st_jcbpaf2	1	2	1981	0.000010
POST_CANDIDATE	st_jcbpaf2	1	3	2002	0.000009
POST_CANDIDATE	st_jcbpaf2	1	4	2065	0.000010
POST_CANDIDATE	st_jcbpaf2	1	5	2065	0.000010
POST_CANDIDATE	st_jcbpaf2	1	6	2002	0.000010
POST_CANDIDATE	st_jcbpaf2	1	7	2846	0.000005
POST_CANDIDATE	st_jcbpaf2	1	8	2846	0.000004
POST_CANDIDATE	st_jcbpaf2	1	9	2002	0.000008
POST_ROW	st_jcbpaf2	36	246	1635	1543	199	1543	1543	1543	1543	1543	1543	1543	1543	1543	1543	1543	1543
POST_CANDIDATE	camshape400	0	1	16768	0.000115
POST_CANDIDATE	camshape400	0	2	16768	0.000124
POST_CANDIDATE	camshape400	0	3	16775	0.000119
POST_CANDIDATE	camshape400	0	4	16768	0.000178
POST_CANDIDATE	camshape400	0	5	16768	0.000181
POST_CANDIDATE	camshape400	0	6	16768	0.000162
POST_CANDIDATE	camshape400	0	7	16775	0.000109
POST_CANDIDATE	camshape400	0	8	16775	0.000108
POST_CANDIDATE	camshape400	0	9	16775	0.000107
POST_CANDIDATE	camshape400	1	1	16811	0.000137
POST_CANDIDATE	camshape400	1	2	16811	0.000120
POST_CANDIDATE	camshape400	1	3	16838	0.000115
POST_CANDIDATE	camshape400	1	4	16827	0.000157
POST_CANDIDATE	camshape400	1	5	16811	0.000197
POST_CANDIDATE	camshape400	1	6	16811	0.000171
POST_CANDIDATE	camshape400	1	7	16838	0.000109
POST_CANDIDATE	camshape400	1	8	16838	0.000109
POST_CANDIDATE	camshape400	1	9	16838	0.000108
POST_ROW	camshape400	2000	7188	16768	16768	5594	16768	16768	16768	16768	16768	16768	16768	16768	16768	16768	16768	16768
POST_ROW	graphpart_clique-30	120	2790	114505	91153	3027	91153	91153	91153	91153	91153	91153	91153	91153	91153	91153	91153	91153
POST_ROW	graphpart_clique-70	280	14910	1413012	1144894	15796	1144894	1144894	1144894	1144894	1144894	1144894	1144894	1144894	1144894	1144894	1144894	1144894
POST_ROW	smallinvDAXr1b010-011	39	1120	13510	13319	599	13319	13319	13319	13319	13319	13319	13319	13319	13319	13319	13319	13319
POST_ROW	nd_netgen-2000-3-4-b-a-ns_7	22074	60000	289420	273394	64374	273394	273394	273394	273394	273394	273394	273394	273394	273394	273394	273394	273394
POST_CANDIDATE	slay05m	0	1	3729	0.000032
POST_CANDIDATE	slay05m	0	2	2925	0.000025
POST_CANDIDATE	slay05m	0	3	2925	0.000020
POST_CANDIDATE	slay05m	0	4	2925	0.000027
POST_CANDIDATE	slay05m	0	5	2925	0.000025
POST_CANDIDATE	slay05m	0	6	2925	0.000025
POST_CANDIDATE	slay05m	0	7	2925	0.000017
POST_CANDIDATE	slay05m	0	8	2925	0.000014
POST_CANDIDATE	slay05m	0	9	2925	0.000014
POST_ROW	slay05m	240	720	2635	2635	745	2635	2635	2635	2635	2635	2635	2635	2635	2635	2635	2635	2635
POST_CANDIDATE	chimera_selby-c16-01	0	1	8840687	0.001736
POST_CANDIDATE	chimera_selby-c16-01	0	2	9025295	0.001636
POST_CANDIDATE	chimera_selby-c16-01	0	3	9228608	0.001631
POST_CANDIDATE	chimera_selby-c16-01	0	4	11150541	0.001911
POST_CANDIDATE	chimera_selby-c16-01	0	5	9491722	0.001882
POST_CANDIDATE	chimera_selby-c16-01	0	6	9078562	0.001694
POST_CANDIDATE	chimera_selby-c16-01	0	7	9256942	0.001650
POST_CANDIDATE	chimera_selby-c16-01	0	8	9256942	0.001634
POST_CANDIDATE	chimera_selby-c16-01	0	9	9256942	0.001560
POST_CANDIDATE	chimera_selby-c16-01	1	1	9431567	0.001857
POST_CANDIDATE	chimera_selby-c16-01	1	2	7428272	0.001760
POST_CANDIDATE	chimera_selby-c16-01	1	3	7587589	0.001726
POST_CANDIDATE	chimera_selby-c16-01	1	4	12520750	0.002093
POST_CANDIDATE	chimera_selby-c16-01	1	5	11189277	0.002027
POST_CANDIDATE	chimera_selby-c16-01	1	6	7529047	0.001788
POST_CANDIDATE	chimera_selby-c16-01	1	7	7498656	0.001729
POST_CANDIDATE	chimera_selby-c16-01	1	8	7498656	0.001682
POST_CANDIDATE	chimera_selby-c16-01	1	9	7498656	0.001613
POST_ROW	chimera_selby-c16-01	2031	10964	3605628	2421342	50264	2421342	2421342	2421342	2421342	2421342	2421342	2421342	2421342	2421342	2421342	2421342	2421342
POST_CANDIDATE	csched1	0	1	1386	0.000013
POST_CANDIDATE	csched1	0	2	1156	0.000011
POST_CANDIDATE	csched1	0	3	1582	0.000011
POST_CANDIDATE	csched1	0	4	1426	0.000010
POST_CANDIDATE	csched1	0	5	1447	0.000010
POST_CANDIDATE	csched1	0	6	1218	0.000010
POST_CANDIDATE	csched1	0	7	1309	0.000009
POST_CANDIDATE	csched1	0	8	1309	0.000006
POST_CANDIDATE	csched1	0	9	1309	0.000006
POST_CANDIDATE	csched1	1	1	1246	0.000010
POST_CANDIDATE	csched1	1	2	1535	0.000011
POST_CANDIDATE	csched1	1	3	1663	0.000010
POST_CANDIDATE	csched1	1	4	1408	0.000010
POST_CANDIDATE	csched1	1	5	1317	0.000009
POST_CANDIDATE	csched1	1	6	1304	0.000009
POST_CANDIDATE	csched1	1	7	1310	0.000009
POST_CANDIDATE	csched1	1	8	1310	0.000006
POST_CANDIDATE	csched1	1	9	1310	0.000006
POST_ROW	csched1	110	376	975	975	323	975	975	975	975	975	975	975	975	975	975	975	975
POST_ROW	watercontamination0303r	1310	37028	2171882	2171882	20194	2171882	2171882	2171882	2171882	2171882	2171882	2171882	2171882	2171882	2171882	2171882	2171882
POST_ROW	ex9_2_4	15	36	117	117	41	117	117	117	117	117	117	117	117	117	117	117	117
POST_CANDIDATE	sssd15-04	0	1	1901	0.000012
POST_CANDIDATE	sssd15-04	0	2	1829	0.000012
POST_CANDIDATE	sssd15-04	0	3	2836	0.000011
POST_CANDIDATE	sssd15-04	0	4	2618	0.000012
POST_CANDIDATE	sssd15-04	0	5	2800	0.000012
POST_CANDIDATE	sssd15-04	0	6	1894	0.000011
POST_CANDIDATE	sssd15-04	0	7	1901	0.000009
POST_CANDIDATE	sssd15-04	0	8	1901	0.000007
POST_CANDIDATE	sssd15-04	0	9	2836	0.000008
POST_ROW	sssd15-04	163	440	1625	1625	497	1625	1625	1625	1625	1625	1625	1625	1625	1625	1625	1625	1625
POST_ROW	autocorr_bern35-35fix	38	1264	16214	16214	670	16214	16214	16214	16214	16214	16214	16214	16214	16214	16214	16214	16214
POST_CANDIDATE	sfacloc2_4_90	0	1	241501	0.000415
POST_CANDIDATE	sfacloc2_4_90	0	2	181573	0.000356
POST_CANDIDATE	sfacloc2_4_90	0	3	188381	0.000350
POST_CANDIDATE	sfacloc2_4_90	0	4	234806	0.000419
POST_CANDIDATE	sfacloc2_4_90	0	5	260246	0.000425
POST_CANDIDATE	sfacloc2_4_90	0	6	231826	0.000416
POST_CANDIDATE	sfacloc2_4_90	0	7	85698	0.000191
POST_CANDIDATE	sfacloc2_4_90	0	8	189098	0.000328
POST_CANDIDATE	sfacloc2_4_90	0	9	189098	0.000279
POST_CANDIDATE	sfacloc2_4_90	1	1	166017	0.000327
POST_CANDIDATE	sfacloc2_4_90	1	2	183658	0.000340
POST_CANDIDATE	sfacloc2_4_90	1	3	128281	0.000312
POST_CANDIDATE	sfacloc2_4_90	1	4	183505	0.000380
POST_CANDIDATE	sfacloc2_4_90	1	5	161602	0.000344
POST_CANDIDATE	sfacloc2_4_90	1	6	174201	0.000362
POST_CANDIDATE	sfacloc2_4_90	1	7	75281	0.000149
POST_CANDIDATE	sfacloc2_4_90	1	8	128281	0.000299
POST_CANDIDATE	sfacloc2_4_90	1	9	128281	0.000241
POST_ROW	sfacloc2_4_90	1491	4500	31682	28843	5335	28843	28843	28843	28843	28843	28843	28843	28843	28843	28843	28843	28843
POST_ROW	cont6-qq	120395	557994	835894090	581918900	3410086	581918900	581918900	581918900	581918900	581918900	581918900	581918900	581918900	581918900	581918900	581918900	581918900
POST_ROW	meanvar-orl400_05_e_7	5205	174804	21939414	21935811	95007	21935811	21935811	21935811	21935811	21935811	21935811	21935811	21935811	21935811	21935811	21935811	21935811
POST_CANDIDATE	glider400	0	1	18446744073709551615	0.000288
POST_CANDIDATE	glider400	0	2	18446744073709551615	0.000400
POST_CANDIDATE	glider400	0	3	18446744073709551615	0.000390
POST_CANDIDATE	glider400	0	4	18446744073709551615	0.000505
POST_CANDIDATE	glider400	0	5	18446744073709551615	0.000508
POST_CANDIDATE	glider400	0	6	18446744073709551615	0.000511
POST_CANDIDATE	glider400	0	7	18446744073709551615	0.000299
POST_CANDIDATE	glider400	0	8	18446744073709551615	0.000282
POST_CANDIDATE	glider400	0	9	18446744073709551615	0.000461
POST_CANDIDATE	glider400	1	1	18446744073709551615	0.000279
POST_CANDIDATE	glider400	1	2	18446744073709551615	0.000414
POST_CANDIDATE	glider400	1	3	18446744073709551615	0.000395
POST_CANDIDATE	glider400	1	4	18446744073709551615	0.000473
POST_CANDIDATE	glider400	1	5	18446744073709551615	0.000451
POST_CANDIDATE	glider400	1	6	18446744073709551615	0.000437
POST_CANDIDATE	glider400	1	7	18446744073709551615	0.000286
POST_CANDIDATE	glider400	1	8	18446744073709551615	0.000278
POST_CANDIDATE	glider400	1	9	18446744073709551615	0.000461
POST_ROW	glider400	10017	49624	373018	327531	54133	327531	327531	327531	327531	327531	327531	327531	327531	327531	327531	327531	327531
POST_CANDIDATE	syn40m04m	0	1	18446744073709551615	0.000248
POST_CANDIDATE	syn40m04m	0	2	18446744073709551615	0.000120
POST_CANDIDATE	syn40m04m	0	3	18446744073709551615	0.000106
POST_CANDIDATE	syn40m04m	0	4	18446744073709551615	0.000269
POST_CANDIDATE	syn40m04m	0	5	18446744073709551615	0.000281
POST_CANDIDATE	syn40m04m	0	6	18446744073709551615	0.000275
POST_CANDIDATE	syn40m04m	0	7	18446744073709551615	0.000076
POST_CANDIDATE	syn40m04m	0	8	18446744073709551615	0.000067
POST_CANDIDATE	syn40m04m	0	9	18446744073709551615	0.000065
POST_CANDIDATE	syn40m04m	1	1	18446744073709551615	0.000096
POST_CANDIDATE	syn40m04m	1	2	18446744073709551615	0.000111
POST_CANDIDATE	syn40m04m	1	3	18446744073709551615	0.000103
POST_CANDIDATE	syn40m04m	1	4	18446744073709551615	0.000144
POST_CANDIDATE	syn40m04m	1	5	18446744073709551615	0.000142
POST_CANDIDATE	syn40m04m	1	6	18446744073709551615	0.000142
POST_CANDIDATE	syn40m04m	1	7	18446744073709551615	0.000073
POST_CANDIDATE	syn40m04m	1	8	18446744073709551615	0.000067
POST_CANDIDATE	syn40m04m	1	9	18446744073709551615	0.000066
POST_ROW	syn40m04m	4960	13792	65982	63265	15219	63265	63265	63265	63265	63265	63265	63265	63265	63265	63265	63265	63265
POST_ROW	ex2_1_3	31	72	189	189	73	189	189	189	189	189	189	189	189	189	189	189	189
POST_ROW	qapw	705	87496	12183146	12183146	69878	12183146	12183146	12183146	12183146	12183146	12183146	12183146	12183146	12183146	12183146	12183146	12183146
POST_ROW	himmel11	14	60	198	198	48	198	198	198	198	198	198	198	198	198	198	198	198
POST_CANDIDATE	syn15m04m	0	1	110103	0.000238
POST_CANDIDATE	syn15m04m	0	2	236454	0.000320
POST_CANDIDATE	syn15m04m	0	3	286222	0.000315
POST_CANDIDATE	syn15m04m	0	4	125844	0.000315
POST_CANDIDATE	syn15m04m	0	5	124221	0.000296
POST_CANDIDATE	syn15m04m	0	6	184510	0.000326
POST_CANDIDATE	syn15m04m	0	7	287910	0.000308
POST_CANDIDATE	syn15m04m	0	8	287910	0.000266
POST_CANDIDATE	syn15m04m	0	9	287910	0.000251
POST_CANDIDATE	syn15m04m	1	1	153983	0.000297
POST_CANDIDATE	syn15m04m	1	2	103947	0.000267
POST_CANDIDATE	syn15m04m	1	3	117212	0.000258
POST_CANDIDATE	syn15m04m	1	4	109115	0.000332
POST_CANDIDATE	syn15m04m	1	5	156345	0.000343
POST_CANDIDATE	syn15m04m	1	6	109624	0.000314
POST_CANDIDATE	syn15m04m	1	7	112244	0.000244
POST_CANDIDATE	syn15m04m	1	8	112244	0.000195
POST_CANDIDATE	syn15m04m	1	9	112244	0.000179
POST_ROW	syn15m04m	1908	5288	26094	25061	5853	25061	25061	25061	25061	25061	25061	25061	25061	25061	25061	25061	25061
POST_CANDIDATE	pooling_rt2tp	0	1	6580	0.000034
POST_CANDIDATE	pooling_rt2tp	0	2	6857	0.000026
POST_CANDIDATE	pooling_rt2tp	0	3	9259	0.000026
POST_CANDIDATE	pooling_rt2tp	0	4	7987	0.000029
POST_CANDIDATE	pooling_rt2tp	0	5	8359	0.000027
POST_CANDIDATE	pooling_rt2tp	0	6	7475	0.000027
POST_CANDIDATE	pooling_rt2tp	0	7	9259	0.000021
POST_CANDIDATE	pooling_rt2tp	0	8	9259	0.000013
POST_CANDIDATE	pooling_rt2tp	0	9	9259	0.000012
POST_CANDIDATE	pooling_rt2tp	1	1	10435	0.000037
POST_CANDIDATE	pooling_rt2tp	1	2	8827	0.000035
POST_CANDIDATE	pooling_rt2tp	1	3	10522	0.000034
POST_CANDIDATE	pooling_rt2tp	1	4	9093	0.000039
POST_CANDIDATE	pooling_rt2tp	1	5	9627	0.000040
POST_CANDIDATE	pooling_rt2tp	1	6	8819	0.000035
POST_CANDIDATE	pooling_rt2tp	1	7	10909	0.000033
POST_CANDIDATE	pooling_rt2tp	1	8	10909	0.000019
POST_CANDIDATE	pooling_rt2tp	1	9	10909	0.000018
POST_ROW	pooling_rt2tp	118	654	5876	5796	708	5796	5796	5796	5796	5796	5796	5796	5796	5796	5796	5796	5796
POST_ROW	waterund14	333	2204	200484	72184	3330	72184	72184	72184	72184	72184	72184	72184	72184	72184	72184	72184	72184
POST_ROW	crudeoil_lee4_10	17809	120632	294531623	184173410	690884	184173410	184173410	184173410	184173410	184173410	184173410	184173410	184173410	184173410	184173410	184173410	184173410
POST_CANDIDATE	pooling_foulds4pq	0	1	173507	0.000715
POST_CANDIDATE	pooling_foulds4pq	0	2	173582	0.000718
POST_CANDIDATE	pooling_foulds4pq	0	3	172097	0.000659
POST_CANDIDATE	pooling_foulds4pq	0	4	175163	0.000826
POST_CANDIDATE	pooling_foulds4pq	0	5	174056	0.000794
POST_CANDIDATE	pooling_foulds4pq	0	6	175483	0.000799
POST_CANDIDATE	pooling_foulds4pq	0	7	173052	0.000099
POST_CANDIDATE	pooling_foulds4pq	0	8	163705	0.000673
POST_CANDIDATE	pooling_foulds4pq	0	9	163705	0.000616
POST_CANDIDATE	pooling_foulds4pq	1	1	173507	0.000719
POST_CANDIDATE	pooling_foulds4pq	1	2	173582	0.000709
POST_CANDIDATE	pooling_foulds4pq	1	3	172097	0.000660
POST_CANDIDATE	pooling_foulds4pq	1	4	172992	0.000807
POST_CANDIDATE	pooling_foulds4pq	1	5	173738	0.000788
POST_CANDIDATE	pooling_foulds4pq	1	6	176855	0.000813
POST_CANDIDATE	pooling_foulds4pq	1	7	173052	0.000099
POST_CANDIDATE	pooling_foulds4pq	1	8	163705	0.000664
POST_CANDIDATE	pooling_foulds4pq	1	9	163705	0.000625
POST_ROW	pooling_foulds4pq	1294	8302	138692	138540	9768	138540	138540	138540	138540	138540	138540	138540	138540	138540	138540	138540	138540
POST_CANDIDATE	edgecross14-156	0	1	1873658	0.000643
POST_CANDIDATE	edgecross14-156	0	2	1780420	0.000680
POST_CANDIDATE	edgecross14-156	0	3	1965252	0.000682
POST_CANDIDATE	edgecross14-156	0	4	1880317	0.000730
POST_CANDIDATE	edgecross14-156	0	5	1958712	0.000737
POST_CANDIDATE	edgecross14-156	0	6	1895989	0.000730
POST_CANDIDATE	edgecross14-156	0	7	1802623	0.000213
POST_CANDIDATE	edgecross14-156	0	8	1492517	0.000873
POST_CANDIDATE	edgecross14-156	0	9	1888225	0.000639
POST_ROW	edgecross14-156	3097	19664	1487933	1376964	22658	1376964	1376964	1376964	1376964	1376964	1376964	1376964	1376964	1376964	1376964	1376964	1376964
POST_CANDIDATE	tspn08	0	1	7600	0.000025
POST_CANDIDATE	tspn08	0	2	12021	0.000025
POST_CANDIDATE	tspn08	0	3	12170	0.000023
POST_CANDIDATE	tspn08	0	4	7936	0.000026
POST_CANDIDATE	tspn08	0	5	7987	0.000025
POST_CANDIDATE	tspn08	0	6	7936	0.000024
POST_CANDIDATE	tspn08	0	7	12457	0.000018
POST_CANDIDATE	tspn08	0	8	12457	0.000011
POST_CANDIDATE	tspn08	0	9	12170	0.000020
POST_ROW	tspn08	72	668	11074	7600	602	7600	7600	7600	7600	7600	7600	7600	7600	7600	7600	7600	7600
POST_CANDIDATE	crudeoil_li05	0	1	18446744073709551615	0.000231
POST_CANDIDATE	crudeoil_li05	0	2	18446744073709551615	0.000282
POST_CANDIDATE	crudeoil_li05	0	3	18446744073709551615	0.000282
POST_CANDIDATE	crudeoil_li05	0	4	18446744073709551615	0.000356
POST_CANDIDATE	crudeoil_li05	0	5	18446744073709551615	0.000343
POST_CANDIDATE	crudeoil_li05	0	6	18446744073709551615	0.000329
POST_CANDIDATE	crudeoil_li05	0	7	18446744073709551615	0.000243
POST_CANDIDATE	crudeoil_li05	0	8	18446744073709551615	0.000198
POST_CANDIDATE	crudeoil_li05	0	9	18446744073709551615	0.000180
POST_CANDIDATE	crudeoil_li05	1	1	18446744073709551615	0.000236
POST_CANDIDATE	crudeoil_li05	1	2	18446744073709551615	0.000273
POST_CANDIDATE	crudeoil_li05	1	3	18446744073709551615	0.000276
POST_CANDIDATE	crudeoil_li05	1	4	18446744073709551615	0.000346
POST_CANDIDATE	crudeoil_li05	1	5	18446744073709551615	0.000337
POST_CANDIDATE	crudeoil_li05	1	6	18446744073709551615	0.000319
POST_CANDIDATE	crudeoil_li05	1	7	18446744073709551615	0.000201
POST_CANDIDATE	crudeoil_li05	1	8	18446744073709551615	0.000177
POST_CANDIDATE	crudeoil_li05	1	9	18446744073709551615	0.000172
POST_ROW	crudeoil_li05	4225	14628	680022	533531	25833	533531	533531	533531	533531	533531	533531	533531	533531	533531	533531	533531	533531
POST_CANDIDATE	procurement1large	0	1	18446744073709551615	0.005105
POST_CANDIDATE	procurement1large	0	2	18446744073709551615	0.002477
POST_CANDIDATE	procurement1large	0	3	18446744073709551615	0.002436
POST_CANDIDATE	procurement1large	0	4	18446744073709551615	0.004946
POST_CANDIDATE	procurement1large	0	5	18446744073709551615	0.004793
POST_CANDIDATE	procurement1large	0	6	18446744073709551615	0.004432
POST_CANDIDATE	procurement1large	0	7	18446744073709551615	0.002248
POST_CANDIDATE	procurement1large	0	8	18446744073709551615	0.002122
POST_CANDIDATE	procurement1large	0	9	18446744073709551615	0.002103
POST_ROW	procurement1large	14416	41068	13858240	7376882	108978	7376882	7376882	7376882	7376882	7376882	7376882	7376882	7376882	7376882	7376882	7376882	7376882
POST_CANDIDATE	blend721	0	1	149954	0.000296
POST_CANDIDATE	blend721	0	2	139982	0.000300
POST_CANDIDATE	blend721	0	3	140070	0.000287
POST_CANDIDATE	blend721	0	4	134923	0.000293
POST_CANDIDATE	blend721	0	5	185822	0.000284
POST_CANDIDATE	blend721	0	6	130802	0.000281
POST_CANDIDATE	blend721	0	7	142110	0.000262
POST_CANDIDATE	blend721	0	8	142110	0.000207
POST_CANDIDATE	blend721	0	9	142110	0.000189
POST_CANDIDATE	blend721	1	1	164262	0.000273
POST_CANDIDATE	blend721	1	2	156330	0.000271
POST_CANDIDATE	blend721	1	3	172349	0.000271
POST_CANDIDATE	blend721	1	4	182115	0.000315
POST_CANDIDATE	blend721	1	5	163476	0.000298
POST_CANDIDATE	blend721	1	6	161068	0.000293
POST_CANDIDATE	blend721	1	7	165805	0.000257
POST_CANDIDATE	blend721	1	8	165805	0.000218
POST_CANDIDATE	blend721	1	9	165805	0.000200
POST_ROW	blend721	1428	4548	77560	66143	6157	66143	66143	66143	66143	66143	66143	66143	66143	66143	66143	66143	66143
POST_CANDIDATE	chimera_selby-c16-02	0	1	11150496	0.001707
POST_CANDIDATE	chimera_selby-c16-02	0	2	12537435	0.001921
POST_CANDIDATE	chimera_selby-c16-02	0	3	13303589	0.001917
POST_CANDIDATE	chimera_selby-c16-02	0	4	12502475	0.001939
POST_CANDIDATE	chimera_selby-c16-02	0	5	11057726	0.001807
POST_CANDIDATE	chimera_selby-c16-02	0	6	12507094	0.001934
POST_CANDIDATE	chimera_selby-c16-02	0	7	12778294	0.001870
POST_CANDIDATE	chimera_selby-c16-02	0	8	12778294	0.001800
POST_CANDIDATE	chimera_selby-c16-02	0	9	12778294	0.001736
POST_CANDIDATE	chimera_selby-c16-02	1	1	11595054	0.001847
POST_CANDIDATE	chimera_selby-c16-02	1	2	18446744073709551615	0.001790
POST_CANDIDATE	chimera_selby-c16-02	1	3	13181833	0.001987
POST_CANDIDATE	chimera_selby-c16-02	1	4	12741431	0.002016
POST_CANDIDATE	chimera_selby-c16-02	1	5	10527093	0.001857
POST_CANDIDATE	chimera_selby-c16-02	1	6	13334202	0.002057
POST_CANDIDATE	chimera_selby-c16-02	1	7	18446744073709551615	0.001771
POST_CANDIDATE	chimera_selby-c16-02	1	8	18446744073709551615	0.001708
POST_CANDIDATE	chimera_selby-c16-02	1	9	18446744073709551615	0.001673
POST_ROW	chimera_selby-c16-02	2031	10878	4280329	2298935	48835	2298935	2298935	2298935	2298935	2298935	2298935	2298935	2298935	2298935	2298935	2298935	2298935
POST_CANDIDATE	supplychainr1_053050	0	1	18446744073709551615	0.000294
POST_CANDIDATE	supplychainr1_053050	0	2	18446744073709551615	0.000593
POST_CANDIDATE	supplychainr1_053050	0	3	18446744073709551615	0.000548
POST_CANDIDATE	supplychainr1_053050	0	4	18446744073709551615	0.000664
POST_CANDIDATE	supplychainr1_053050	0	5	18446744073709551615	0.000659
POST_CANDIDATE	supplychainr1_053050	0	6	18446744073709551615	0.000639
POST_CANDIDATE	supplychainr1_053050	0	7	18446744073709551615	0.000484
POST_CANDIDATE	supplychainr1_053050	0	8	18446744073709551615	0.000460
POST_CANDIDATE	supplychainr1_053050	0	9	18446744073709551615	0.000454
POST_CANDIDATE	supplychainr1_053050	1	1	18446744073709551615	0.000307
POST_CANDIDATE	supplychainr1_053050	1	2	18446744073709551615	0.000739
POST_CANDIDATE	supplychainr1_053050	1	3	18446744073709551615	0.000724
POST_CANDIDATE	supplychainr1_053050	1	4	18446744073709551615	0.000828
POST_CANDIDATE	supplychainr1_053050	1	5	18446744073709551615	0.000819
POST_CANDIDATE	supplychainr1_053050	1	6	18446744073709551615	0.000821
POST_CANDIDATE	supplychainr1_053050	1	7	18446744073709551615	0.000465
POST_CANDIDATE	supplychainr1_053050	1	8	18446744073709551615	0.000674
POST_CANDIDATE	supplychainr1_053050	1	9	18446744073709551615	0.000635
POST_ROW	supplychainr1_053050	16640	57800	2173490	2173490	77190	2173490	2173490	2173490	2173490	2173490	2173490	2173490	2173490	2173490	2173490	2173490	2173490
POST_CANDIDATE	sfacloc2_4_80	0	1	18446744073709551615	0.000236
POST_CANDIDATE	sfacloc2_4_80	0	2	18446744073709551615	0.000480
POST_CANDIDATE	sfacloc2_4_80	0	3	18446744073709551615	0.000453
POST_CANDIDATE	sfacloc2_4_80	0	4	18446744073709551615	0.000474
POST_CANDIDATE	sfacloc2_4_80	0	5	18446744073709551615	0.000504
POST_CANDIDATE	sfacloc2_4_80	0	6	18446744073709551615	0.000579
POST_CANDIDATE	sfacloc2_4_80	0	7	18446744073709551615	0.000251
POST_CANDIDATE	sfacloc2_4_80	0	8	18446744073709551615	0.000289
POST_CANDIDATE	sfacloc2_4_80	0	9	18446744073709551615	0.000454
POST_CANDIDATE	sfacloc2_4_80	1	1	18446744073709551615	0.000225
POST_CANDIDATE	sfacloc2_4_80	1	2	18446744073709551615	0.000282
POST_CANDIDATE	sfacloc2_4_80	1	3	18446744073709551615	0.000289
POST_CANDIDATE	sfacloc2_4_80	1	4	18446744073709551615	0.000273
POST_CANDIDATE	sfacloc2_4_80	1	5	18446744073709551615	0.000278
POST_CANDIDATE	sfacloc2_4_80	1	6	18446744073709551615	0.000276
POST_CANDIDATE	sfacloc2_4_80	1	7	18446744073709551615	0.000074
POST_CANDIDATE	sfacloc2_4_80	1	8	18446744073709551615	0.000103
POST_CANDIDATE	sfacloc2_4_80	1	9	18446744073709551615	0.000287
POST_ROW	sfacloc2_4_80	5067	21424	93048	88884	17868	88884	88884	88884	88884	88884	88884	88884	88884	88884	88884	88884	88884
POST_ROW	st_e24	10	26	64	57	23	57	57	57	57	57	57	57	57	57	57	57	57
POST_CANDIDATE	edgecross10-040	0	1	216732	0.000174
POST_CANDIDATE	edgecross10-040	0	2	170804	0.000182
POST_CANDIDATE	edgecross10-040	0	3	235616	0.000185
POST_CANDIDATE	edgecross10-040	0	4	235443	0.000199
POST_CANDIDATE	edgecross10-040	0	5	228414	0.000196
POST_CANDIDATE	edgecross10-040	0	6	216096	0.000196
POST_CANDIDATE	edgecross10-040	0	7	168498	0.000089
POST_CANDIDATE	edgecross10-040	0	8	165523	0.000235
POST_CANDIDATE	edgecross10-040	0	9	208485	0.000164
POST_CANDIDATE	edgecross10-040	1	1	181410	0.000246
POST_CANDIDATE	edgecross10-040	1	2	173787	0.000260
POST_CANDIDATE	edgecross10-040	1	3	175926	0.000256
POST_CANDIDATE	edgecross10-040	1	4	185485	0.000286
POST_CANDIDATE	edgecross10-040	1	5	182682	0.000274
POST_CANDIDATE	edgecross10-040	1	6	182545	0.000277
POST_CANDIDATE	edgecross10-040	1	7	218565	0.000067
POST_CANDIDATE	edgecross10-040	1	8	175603	0.000248
POST_CANDIDATE	edgecross10-040	1	9	175603	0.000225
POST_ROW	edgecross10-040	1053	5116	161851	143518	6034	143518	143518	143518	143518	143518	143518	143518	143518	143518	143518	143518	143518
POST_CANDIDATE	sonet21v6	0	1	18446744073709551615	0.000672
POST_CANDIDATE	sonet21v6	0	2	18446744073709551615	0.000699
POST_CANDIDATE	sonet21v6	0	3	18446744073709551615	0.000715
POST_CANDIDATE	sonet21v6	0	4	18446744073709551615	0.000854
POST_CANDIDATE	sonet21v6	0	5	18446744073709551615	0.000845
POST_CANDIDATE	sonet21v6	0	6	18446744073709551615	0.000839
POST_CANDIDATE	sonet21v6	0	7	18446744073709551615	0.000105
POST_CANDIDATE	sonet21v6	0	8	18446744073709551615	0.000694
POST_CANDIDATE	sonet21v6	0	9	18446744073709551615	0.000683
POST_CANDIDATE	sonet21v6	1	1	18446744073709551615	0.000650
POST_CANDIDATE	sonet21v6	1	2	18446744073709551615	0.000686
POST_CANDIDATE	sonet21v6	1	3	18446744073709551615	0.000708
POST_CANDIDATE	sonet21v6	1	4	18446744073709551615	0.000842
POST_CANDIDATE	sonet21v6	1	5	18446744073709551615	0.000823
POST_CANDIDATE	sonet21v6	1	6	18446744073709551615	0.000823
POST_CANDIDATE	sonet21v6	1	7	18446744073709551615	0.000106
POST_CANDIDATE	sonet21v6	1	8	18446744073709551615	0.000685
POST_CANDIDATE	sonet21v6	1	9	18446744073709551615	0.000661
POST_ROW	sonet21v6	8232	40744	1643311	1585871	40593	1585871	1585871	1585871	1585871	1585871	1585871	1585871	1585871	1585871	1585871	1585871	1585871
POST_CANDIDATE	squfl010-080	0	1	27665	0.000383
POST_CANDIDATE	squfl010-080	0	2	27665	0.000373
POST_CANDIDATE	squfl010-080	0	3	28661	0.000371
POST_CANDIDATE	squfl010-080	0	4	28218	0.000398
POST_CANDIDATE	squfl010-080	0	5	28421	0.000391
POST_CANDIDATE	squfl010-080	0	6	28661	0.000389
POST_CANDIDATE	squfl010-080	0	7	27665	0.000104
POST_CANDIDATE	squfl010-080	0	8	27665	0.000105
POST_CANDIDATE	squfl010-080	0	9	28661	0.000372
POST_CANDIDATE	squfl010-080	1	1	18446744073709551615	0.000206
POST_CANDIDATE	squfl010-080	1	2	18446744073709551615	0.000207
POST_CANDIDATE	squfl010-080	1	3	18446744073709551615	0.000204
POST_CANDIDATE	squfl010-080	1	4	18446744073709551615	0.000215
POST_CANDIDATE	squfl010-080	1	5	18446744073709551615	0.000212
POST_CANDIDATE	squfl010-080	1	6	18446744073709551615	0.000210
POST_CANDIDATE	squfl010-080	1	7	18446744073709551615	0.000052
POST_CANDIDATE	squfl010-080	1	8	18446744073709551615	0.000052
POST_CANDIDATE	squfl010-080	1	9	18446744073709551615	0.000200
POST_ROW	squfl010-080	2490	6400	27665	27665	7335	27665	27665	27665	27665	27665	27665	27665	27665	27665	27665	27665	27665
POST_CANDIDATE	genpooling_lee2	0	1	30705	0.000060
POST_CANDIDATE	genpooling_lee2	0	2	31202	0.000063
POST_CANDIDATE	genpooling_lee2	0	3	35321	0.000054
POST_CANDIDATE	genpooling_lee2	0	4	32886	0.000058
POST_CANDIDATE	genpooling_lee2	0	5	32295	0.000055
POST_CANDIDATE	genpooling_lee2	0	6	32356	0.000053
POST_CANDIDATE	genpooling_lee2	0	7	35321	0.000048
POST_CANDIDATE	genpooling_lee2	0	8	35321	0.000037
POST_CANDIDATE	genpooling_lee2	0	9	35321	0.000034
POST_CANDIDATE	genpooling_lee2	1	1	30785	0.000044
POST_CANDIDATE	genpooling_lee2	1	2	30057	0.000041
POST_CANDIDATE	genpooling_lee2	1	3	32604	0.000046
POST_CANDIDATE	genpooling_lee2	1	4	31894	0.000052
POST_CANDIDATE	genpooling_lee2	1	5	32272	0.000051
POST_CANDIDATE	genpooling_lee2	1	6	32754	0.000050
POST_CANDIDATE	genpooling_lee2	1	7	31821	0.000040
POST_CANDIDATE	genpooling_lee2	1	8	31821	0.000030
POST_CANDIDATE	genpooling_lee2	1	9	31821	0.000029
POST_ROW	genpooling_lee2	221	1048	19895	14028	1302	14028	14028	14028	14028	14028	14028	14028	14028	14028	14028	14028	14028
POST_CANDIDATE	popdynm25	0	1	18446744073709551615	0.000784
POST_CANDIDATE	popdynm25	0	2	18446744073709551615	0.000466
POST_CANDIDATE	popdynm25	0	3	18446744073709551615	0.000455
POST_CANDIDATE	popdynm25	0	4	18446744073709551615	0.000494
POST_CANDIDATE	popdynm25	0	5	18446744073709551615	0.000853
POST_CANDIDATE	popdynm25	0	6	18446744073709551615	0.000849
POST_CANDIDATE	popdynm25	0	7	18446744073709551615	0.000212
POST_CANDIDATE	popdynm25	0	8	18446744073709551615	0.000292
POST_CANDIDATE	popdynm25	0	9	18446744073709551615	0.000354
POST_CANDIDATE	popdynm25	1	1	18446744073709551615	0.000940
POST_CANDIDATE	popdynm25	1	2	18446744073709551615	0.000817
POST_CANDIDATE	popdynm25	1	3	18446744073709551615	0.000886
POST_CANDIDATE	popdynm25	1	4	18446744073709551615	0.000917
POST_CANDIDATE	popdynm25	1	5	18446744073709551615	0.000813
POST_CANDIDATE	popdynm25	1	6	18446744073709551615	0.000961
POST_CANDIDATE	popdynm25	1	7	18446744073709551615	0.000340
POST_CANDIDATE	popdynm25	1	8	18446744073709551615	0.000364
POST_CANDIDATE	popdynm25	1	9	18446744073709551615	0.000842
POST_ROW	popdynm25	2807	13904	360081	286812	22528	286812	286812	286812	286812	286812	286812	286812	286812	286812	286812	286812	286812
POST_CANDIDATE	chp_partload	0	1	18446744073709551615	0.000472
POST_CANDIDATE	chp_partload	0	2	18446744073709551615	0.000515
POST_CANDIDATE	chp_partload	0	3	18446744073709551615	0.000548
POST_CANDIDATE	chp_partload	0	4	18446744073709551615	0.000530
POST_CANDIDATE	chp_partload	0	5	18446744073709551615	0.000486
POST_CANDIDATE	chp_partload	0	6	18446744073709551615	0.000606
POST_CANDIDATE	chp_partload	0	7	18446744073709551615	0.000506
POST_CANDIDATE	chp_partload	0	8	18446744073709551615	0.000455
POST_CANDIDATE	chp_partload	0	9	18446744073709551615	0.000440
POST_CANDIDATE	chp_partload	1	1	18446744073709551615	0.000436
POST_CANDIDATE	chp_partload	1	2	18446744073709551615	0.000526
POST_CANDIDATE	chp_partload	1	3	18446744073709551615	0.000473
POST_CANDIDATE	chp_partload	1	4	18446744073709551615	0.000569
POST_CANDIDATE	chp_partload	1	5	18446744073709551615	0.000538
POST_CANDIDATE	chp_partload	1	6	18446744073709551615	0.000556
POST_CANDIDATE	chp_partload	1	7	18446744073709551615	0.000456
POST_CANDIDATE	chp_partload	1	8	18446744073709551615	0.000414
POST_CANDIDATE	chp_partload	1	9	18446744073709551615	0.000397
POST_ROW	chp_partload	5211	16740	509170	373797	28209	373797	373797	373797	373797	373797	373797	373797	373797	373797	373797	373797	373797
POST_ROW	qspp_0_14_0_1_10_1	560	120274	16119226	16038266	67194	16038266	16038266	16038266	16038266	16038266	16038266	16038266	16038266	16038266	16038266	16038266	16038266
POST_ROW	st_glmp_ss1	24	66	160	160	60	160	160	160	160	160	160	160	160	160	160	160	160
POST_ROW	torsion50	2508	29808	1691033	1119054	42300	1119054	1119054	1119054	1119054	1119054	1119054	1119054	1119054	1119054	1119054	1119054	1119054
POST_CANDIDATE	st_rv2	0	1	2045	0.000005
POST_CANDIDATE	st_rv2	0	2	2045	0.000005
POST_CANDIDATE	st_rv2	0	3	2045	0.000003
POST_CANDIDATE	st_rv2	0	4	2045	0.000003
POST_CANDIDATE	st_rv2	0	5	2045	0.000003
POST_CANDIDATE	st_rv2	0	6	2045	0.000003
POST_CANDIDATE	st_rv2	0	7	2045	0.000003
POST_CANDIDATE	st_rv2	0	8	2045	0.000003
POST_CANDIDATE	st_rv2	0	9	2045	0.000003
POST_CANDIDATE	st_rv2	1	1	2148	0.000016
POST_CANDIDATE	st_rv2	1	2	2045	0.000017
POST_CANDIDATE	st_rv2	1	3	2148	0.000014
POST_CANDIDATE	st_rv2	1	4	2064	0.000017
POST_CANDIDATE	st_rv2	1	5	2104	0.000015
POST_CANDIDATE	st_rv2	1	6	2045	0.000015
POST_CANDIDATE	st_rv2	1	7	2045	0.000013
POST_CANDIDATE	st_rv2	1	8	2045	0.000009
POST_CANDIDATE	st_rv2	1	9	2045	0.000012
POST_ROW	st_rv2	40	340	2045	2045	255	2045	2045	2045	2045	2045	2045	2045	2045	2045	2045	2045	2045
POST_CANDIDATE	emfl100_3_3	0	1	18446744073709551615	0.000094
POST_CANDIDATE	emfl100_3_3	0	2	18446744073709551615	0.000136
POST_CANDIDATE	emfl100_3_3	0	3	18446744073709551615	0.000144
POST_CANDIDATE	emfl100_3_3	0	4	18446744073709551615	0.000119
POST_CANDIDATE	emfl100_3_3	0	5	18446744073709551615	0.000111
POST_CANDIDATE	emfl100_3_3	0	6	18446744073709551615	0.000104
POST_CANDIDATE	emfl100_3_3	0	7	18446744073709551615	0.000047
POST_CANDIDATE	emfl100_3_3	0	8	18446744073709551615	0.000115
POST_CANDIDATE	emfl100_3_3	0	9	18446744073709551615	0.000109
POST_ROW	emfl100_3_3	6885	15948	55506	55506	18972	55506	55506	55506	55506	55506	55506	55506	55506	55506	55506	55506	55506
POST_ROW	pedigree_sim400	351	23546	1183471	1183168	12124	1183168	1183168	1183168	1183168	1183168	1183168	1183168	1183168	1183168	1183168	1183168	1183168
POST_ROW	polygon75	5846	49652	1171822	1171822	30672	1171822	1171822	1171822	1171822	1171822	1171822	1171822	1171822	1171822	1171822	1171822	1171822
POST_ROW	gabriel10	244056	1148210	1365442310	1267760679	4735821	1267760679	1267760679	1267760679	1267760679	1267760679	1267760679	1267760679	1267760679	1267760679	1267760679	1267760679	1267760679
POST_CANDIDATE	fo9_ar25_1	0	1	42316	0.000127
POST_CANDIDATE	fo9_ar25_1	0	2	42316	0.000125
POST_CANDIDATE	fo9_ar25_1	0	3	42316	0.000127
POST_CANDIDATE	fo9_ar25_1	0	4	42316	0.000173
POST_CANDIDATE	fo9_ar25_1	0	5	42316	0.000167
POST_CANDIDATE	fo9_ar25_1	0	6	42316	0.000160
POST_CANDIDATE	fo9_ar25_1	0	7	42316	0.000059
POST_CANDIDATE	fo9_ar25_1	0	8	42316	0.000118
POST_CANDIDATE	fo9_ar25_1	0	9	42316	0.000097
POST_CANDIDATE	fo9_ar25_1	1	1	44871	0.000145
POST_CANDIDATE	fo9_ar25_1	1	2	42316	0.000126
POST_CANDIDATE	fo9_ar25_1	1	3	42316	0.000121
POST_CANDIDATE	fo9_ar25_1	1	4	43068	0.000219
POST_CANDIDATE	fo9_ar25_1	1	5	43617	0.000189
POST_CANDIDATE	fo9_ar25_1	1	6	43479	0.000178
POST_CANDIDATE	fo9_ar25_1	1	7	48196	0.000061
POST_CANDIDATE	fo9_ar25_1	1	8	42316	0.000116
POST_CANDIDATE	fo9_ar25_1	1	9	42316	0.000099
POST_ROW	fo9_ar25_1	1049	4336	41668	38237	4747	38237	38237	38237	38237	38237	38237	38237	38237	38237	38237	38237	38237
POST_CANDIDATE	rsyn0840m	0	1	85275	0.000209
POST_CANDIDATE	rsyn0840m	0	2	91711	0.000197
POST_CANDIDATE	rsyn0840m	0	3	106689	0.000194
POST_CANDIDATE	rsyn0840m	0	4	84805	0.000205
POST_CANDIDATE	rsyn0840m	0	5	93496	0.000209
POST_CANDIDATE	rsyn0840m	0	6	101383	0.000213
POST_CANDIDATE	rsyn0840m	0	7	94235	0.000177
POST_CANDIDATE	rsyn0840m	0	8	94235	0.000137
POST_CANDIDATE	rsyn0840m	0	9	94235	0.000125
POST_CANDIDATE	rsyn0840m	1	1	37326	0.000163
POST_CANDIDATE	rsyn0840m	1	2	24557	0.000147
POST_CANDIDATE	rsyn0840m	1	3	27853	0.000144
POST_CANDIDATE	rsyn0840m	1	4	44203	0.000172
POST_CANDIDATE	rsyn0840m	1	5	30890	0.000161
POST_CANDIDATE	rsyn0840m	1	6	32147	0.000162
POST_CANDIDATE	rsyn0840m	1	7	28236	0.000139
POST_CANDIDATE	rsyn0840m	1	8	28236	0.000096
POST_CANDIDATE	rsyn0840m	1	9	28236	0.000079
POST_ROW	rsyn0840m	1159	3168	11274	10602	3316	10602	10602	10602	10602	10602	10602	10602	10602	10602	10602	10602	10602
POST_CANDIDATE	gancns	0	1	216731	0.000175
POST_CANDIDATE	gancns	0	2	201931	0.000162
POST_CANDIDATE	gancns	0	3	214364	0.000158
POST_CANDIDATE	gancns	0	4	221842	0.000170
POST_CANDIDATE	gancns	0	5	196485	0.000159
POST_CANDIDATE	gancns	0	6	202691	0.000160
POST_CANDIDATE	gancns	0	7	279120	0.000106
POST_CANDIDATE	gancns	0	8	215981	0.000163
POST_CANDIDATE	gancns	0	9	215981	0.000107
POST_CANDIDATE	gancns	1	1	334151	0.000284
POST_CANDIDATE	gancns	1	2	305922	0.000273
POST_CANDIDATE	gancns	1	3	319611	0.000263
POST_CANDIDATE	gancns	1	4	320778	0.000282
POST_CANDIDATE	gancns	1	5	291685	0.000271
POST_CANDIDATE	gancns	1	6	358175	0.000286
POST_CANDIDATE	gancns	1	7	347939	0.000213
POST_CANDIDATE	gancns	1	8	305653	0.000251
POST_CANDIDATE	gancns	1	9	305653	0.000203
POST_ROW	gancns	548	2800	69234	58861	4041	58861	58861	58861	58861	58861	58861	58861	58861	58861	58861	58861	58861
POST_CANDIDATE	o9_ar4_1	0	1	42316	0.000121
POST_CANDIDATE	o9_ar4_1	0	2	42316	0.000121
POST_CANDIDATE	o9_ar4_1	0	3	42316	0.000123
POST_CANDIDATE	o9_ar4_1	0	4	42316	0.000168
POST_CANDIDATE	o9_ar4_1	0	5	42316	0.000159
POST_CANDIDATE	o9_ar4_1	0	6	42316	0.000157
POST_CANDIDATE	o9_ar4_1	0	7	42316	0.000058
POST_CANDIDATE	o9_ar4_1	0	8	42316	0.000113
POST_CANDIDATE	o9_ar4_1	0	9	42316	0.000095
POST_CANDIDATE	o9_ar4_1	1	1	44871	0.000142
POST_CANDIDATE	o9_ar4_1	1	2	42316	0.000125
POST_CANDIDATE	o9_ar4_1	1	3	42316	0.000118
POST_CANDIDATE	o9_ar4_1	1	4	43068	0.000184
POST_CANDIDATE	o9_ar4_1	1	5	43617	0.000182
POST_CANDIDATE	o9_ar4_1	1	6	43479	0.000177
POST_CANDIDATE	o9_ar4_1	1	7	48196	0.000063
POST_CANDIDATE	o9_ar4_1	1	8	42316	0.000109
POST_CANDIDATE	o9_ar4_1	1	9	42316	0.000095
POST_ROW	o9_ar4_1	1049	4336	41668	38237	4747	38237	38237	38237	38237	38237	38237	38237	38237	38237	38237	38237	38237
POST_CANDIDATE	ex1265a	0	1	9639	0.000031
POST_CANDIDATE	ex1265a	0	2	6656	0.000024
POST_CANDIDATE	ex1265a	0	3	9639	0.000022
POST_CANDIDATE	ex1265a	0	4	9184	0.000024
POST_CANDIDATE	ex1265a	0	5	8728	0.000025
POST_CANDIDATE	ex1265a	0	6	8263	0.000024
POST_CANDIDATE	ex1265a	0	7	6656	0.000018
POST_CANDIDATE	ex1265a	0	8	6656	0.000012
POST_CANDIDATE	ex1265a	0	9	6656	0.000012
POST_CANDIDATE	ex1265a	1	1	9855	0.000025
POST_CANDIDATE	ex1265a	1	2	6872	0.000023
POST_CANDIDATE	ex1265a	1	3	9855	0.000023
POST_CANDIDATE	ex1265a	1	4	9520	0.000027
POST_CANDIDATE	ex1265a	1	5	8874	0.000027
POST_CANDIDATE	ex1265a	1	6	8704	0.000027
POST_CANDIDATE	ex1265a	1	7	7522	0.000022
POST_CANDIDATE	ex1265a	1	8	6872	0.000019
POST_CANDIDATE	ex1265a	1	9	6872	0.000014
POST_ROW	ex1265a	123	560	3948	3750	588	3750	3750	3750	3750	3750	3750	3750	3750	3750	3750	3750	3750
POST_ROW	ex9_2_6	28	68	190	190	70	190	190	190	190	190	190	190	190	190	190	190	190
POST_ROW	qspp_0_13_0_1_10_1	481	88522	10150185	10097446	49486	10097446	10097446	10097446	10097446	10097446	10097446	10097446	10097446	10097446	10097446	10097446	10097446
POST_CANDIDATE	slay04m	0	1	2284	0.000021
POST_CANDIDATE	slay04m	0	2	1728	0.000016
POST_CANDIDATE	slay04m	0	3	1728	0.000012
POST_CANDIDATE	slay04m	0	4	1883	0.000018
POST_CANDIDATE	slay04m	0	5	1763	0.000016
POST_CANDIDATE	slay04m	0	6	2214	0.000017
POST_CANDIDATE	slay04m	0	7	1728	0.000010
POST_CANDIDATE	slay04m	0	8	1728	0.000008
POST_CANDIDATE	slay04m	0	9	1728	0.000008
POST_ROW	slay04m	146	432	1554	1554	450	1554	1554	1554	1554	1554	1554	1554	1554	1554	1554	1554	1554
POST_ROW	st_e25	20	92	336	262	66	262	262	262	262	262	262	262	262	262	262	262	262
POST_CANDIDATE	ex8_4_1	0	1	225	0.000004
POST_CANDIDATE	ex8_4_1	0	2	225	0.000003
POST_CANDIDATE	ex8_4_1	0	3	370	0.000003
POST_CANDIDATE	ex8_4_1	0	4	225	0.000003
POST_CANDIDATE	ex8_4_1	0	5	315	0.000002
POST_CANDIDATE	ex8_4_1	0	6	275	0.000002
POST_CANDIDATE	ex8_4_1	0	7	370	0.000002
POST_CANDIDATE	ex8_4_1	0	8	370	0.000002
POST_CANDIDATE	ex8_4_1	0	9	370	0.000002
POST_ROW	ex8_4_1	32	100	225	225	83	225	225	225	225	225	225	225	225	225	225	225	225
POST_ROW	st_e07	19	60	199	199	59	199	199	199	199	199	199	199	199	199	199	199	199
POST_ROW	ex1225	26	66	171	161	63	161	161	161	161	161	161	161	161	161	161	161	161
POST_CANDIDATE	ndcc13	0	1	653936	0.000326
POST_CANDIDATE	ndcc13	0	2	698514	0.000319
POST_CANDIDATE	ndcc13	0	3	716192	0.000317
POST_CANDIDATE	ndcc13	0	4	733382	0.000385
POST_CANDIDATE	ndcc13	0	5	718479	0.000376
POST_CANDIDATE	ndcc13	0	6	554691	0.000415
POST_CANDIDATE	ndcc13	0	7	3633477	0.000337
POST_CANDIDATE	ndcc13	0	8	694678	0.000303
POST_CANDIDATE	ndcc13	0	9	694678	0.000252
POST_ROW	ndcc13	969	5882	525212	324727	12325	324727	324727	324727	324727	324727	324727	324727	324727	324727	324727	324727	324727
POST_CANDIDATE	syn10m04m	0	1	47573	0.000154
POST_CANDIDATE	syn10m04m	0	2	108098	0.000226
POST_CANDIDATE	syn10m04m	0	3	92394	0.000211
POST_CANDIDATE	syn10m04m	0	4	61082	0.000205
POST_CANDIDATE	syn10m04m	0	5	45605	0.000189
POST_CANDIDATE	syn10m04m	0	6	89551	0.000225
POST_CANDIDATE	syn10m04m	0	7	94736	0.000199
POST_CANDIDATE	syn10m04m	0	8	94736	0.000162
POST_CANDIDATE	syn10m04m	0	9	94736	0.000149
POST_CANDIDATE	syn10m04m	1	1	55797	0.000165
POST_CANDIDATE	syn10m04m	1	2	34313	0.000157
POST_CANDIDATE	syn10m04m	1	3	37620	0.000145
POST_CANDIDATE	syn10m04m	1	4	44226	0.000196
POST_CANDIDATE	syn10m04m	1	5	29410	0.000181
POST_CANDIDATE	syn10m04m	1	6	32145	0.000183
POST_CANDIDATE	syn10m04m	1	7	37381	0.000138
POST_CANDIDATE	syn10m04m	1	8	37381	0.000104
POST_CANDIDATE	syn10m04m	1	9	37381	0.000097
POST_ROW	syn10m04m	1224	3384	13501	13473	3639	13473	13473	13473	13473	13473	13473	13473	13473	13473	13473	13473	13473
POST_ROW	ex5_2_4	18	62	204	193	55	193	193	193	193	193	193	193	193	193	193	193	193
POST_ROW	st_m2	72	1226	16331	16331	895	16331	16331	16331	16331	16331	16331	16331	16331	16331	16331	16331	16331
POST_ROW	st_bpk1	16	44	115	108	40	108	108	108	108	108	108	108	108	108	108	108	108
POST_CANDIDATE	multiplants_stg1	0	1	1066321	0.000361
POST_CANDIDATE	multiplants_stg1	0	2	920994	0.000380
POST_CANDIDATE	multiplants_stg1	0	3	993478	0.000348
POST_CANDIDATE	multiplants_stg1	0	4	18446744073709551615	0.000415
POST_CANDIDATE	multiplants_stg1	0	5	18446744073709551615	0.000414
POST_CANDIDATE	multiplants_stg1	0	6	18446744073709551615	0.000425
POST_CANDIDATE	multiplants_stg1	0	7	1588063	0.000397
POST_CANDIDATE	multiplants_stg1	0	8	18446744073709551615	0.000380
POST_CANDIDATE	multiplants_stg1	0	9	895966	0.000330
POST_CANDIDATE	multiplants_stg1	1	1	705225	0.000266
POST_CANDIDATE	multiplants_stg1	1	2	766013	0.000285
POST_CANDIDATE	multiplants_stg1	1	3	750664	0.000280
POST_CANDIDATE	multiplants_stg1	1	4	735684	0.000291
POST_CANDIDATE	multiplants_stg1	1	5	750418	0.000291
POST_CANDIDATE	multiplants_stg1	1	6	760818	0.000287
POST_CANDIDATE	multiplants_stg1	1	7	1304722	0.000231
POST_CANDIDATE	multiplants_stg1	1	8	752497	0.000242
POST_CANDIDATE	multiplants_stg1	1	9	751887	0.000256
POST_ROW	multiplants_stg1	736	3594	197998	155496	6926	155496	155496	155496	155496	155496	155496	155496	155496	155496	155496	155496	155496
POST_CANDIDATE	powerflow0300p	0	1	18446744073709551615	0.000160
POST_CANDIDATE	powerflow0300p	0	2	18446744073709551615	0.000195
POST_CANDIDATE	powerflow0300p	0	3	18446744073709551615	0.000189
POST_CANDIDATE	powerflow0300p	0	4	18446744073709551615	0.000266
POST_CANDIDATE	powerflow0300p	0	5	18446744073709551615	0.000265
POST_CANDIDATE	powerflow0300p	0	6	18446744073709551615	0.000267
POST_CANDIDATE	powerflow0300p	0	7	18446744073709551615	0.000149
POST_CANDIDATE	powerflow0300p	0	8	18446744073709551615	0.000131
POST_CANDIDATE	powerflow0300p	0	9	18446744073709551615	0.000126
POST_CANDIDATE	powerflow0300p	1	1	18446744073709551615	0.000128
POST_CANDIDATE	powerflow0300p	1	2	18446744073709551615	0.000186
POST_CANDIDATE	powerflow0300p	1	3	18446744073709551615	0.000186
POST_CANDIDATE	powerflow0300p	1	4	18446744073709551615	0.000234
POST_CANDIDATE	powerflow0300p	1	5	18446744073709551615	0.000231
POST_CANDIDATE	powerflow0300p	1	6	18446744073709551615	0.000232
POST_CANDIDATE	powerflow0300p	1	7	18446744073709551615	0.000129
POST_CANDIDATE	powerflow0300p	1	8	18446744073709551615	0.000113
POST_CANDIDATE	powerflow0300p	1	9	18446744073709551615	0.000121
POST_ROW	powerflow0300p	11251	41918	304705	292101	45391	292101	292101	292101	292101	292101	292101	292101	292101	292101	292101	292101	292101
POST_ROW	nd_netgen-3000-1-1-b-b-ns_7	33155	90000	922197	885186	101542	885186	885186	885186	885186	885186	885186	885186	885186	885186	885186	885186	885186
POST_CANDIDATE	sonet23v4	0	1	469030	0.000197
POST_CANDIDATE	sonet23v4	0	2	465192	0.000213
POST_CANDIDATE	sonet23v4	0	3	506340	0.000203
POST_CANDIDATE	sonet23v4	0	4	468503	0.000234
POST_CANDIDATE	sonet23v4	0	5	532113	0.000231
POST_CANDIDATE	sonet23v4	0	6	540510	0.000231
POST_CANDIDATE	sonet23v4	0	7	484492	0.000157
POST_CANDIDATE	sonet23v4	0	8	449242	0.000181
POST_CANDIDATE	sonet23v4	0	9	449242	0.000149
POST_CANDIDATE	sonet23v4	1	1	469089	0.000181
POST_CANDIDATE	sonet23v4	1	2	467747	0.000204
POST_CANDIDATE	sonet23v4	1	3	496203	0.000194
POST_CANDIDATE	sonet23v4	1	4	488267	0.000230
POST_CANDIDATE	sonet23v4	1	5	496972	0.000223
POST_CANDIDATE	sonet23v4	1	6	473949	0.000234
POST_CANDIDATE	sonet23v4	1	7	487590	0.000146
POST_CANDIDATE	sonet23v4	1	8	449301	0.000163
POST_CANDIDATE	sonet23v4	1	9	449301	0.000140
POST_ROW	sonet23v4	803	6462	139703	94348	6246	94348	94348	94348	94348	94348	94348	94348	94348	94348	94348	94348	94348
POST_ROW	pooling_sppa0pq	1649	24192	3745896	1214182	31968	1214182	1214182	1214182	1214182	1214182	1214182	1214182	1214182	1214182	1214182	1214182	1214182
POST_CANDIDATE	multiplants_mtg1b	0	1	241441	0.000233
POST_CANDIDATE	multiplants_mtg1b	0	2	297676	0.000221
POST_CANDIDATE	multiplants_mtg1b	0	3	330616	0.000214
POST_CANDIDATE	multiplants_mtg1b	0	4	314695	0.000249
POST_CANDIDATE	multiplants_mtg1b	0	5	297394	0.000241
POST_CANDIDATE	multiplants_mtg1b	0	6	295075	0.000241
POST_CANDIDATE	multiplants_mtg1b	0	7	286528	0.000185
POST_CANDIDATE	multiplants_mtg1b	0	8	304662	0.000211
POST_CANDIDATE	multiplants_mtg1b	0	9	305337	0.000196
POST_ROW	multiplants_mtg1b	645	4404	229415	152043	6901	152043	152043	152043	152043	152043	152043	152043	152043	152043	152043	152043	152043
POST_CANDIDATE	sssd18-08persp	0	1	4726	0.000029
POST_CANDIDATE	sssd18-08persp	0	2	4870	0.000025
POST_CANDIDATE	sssd18-08persp	0	3	8470	0.000024
POST_CANDIDATE	sssd18-08persp	0	4	7021	0.000033
POST_CANDIDATE	sssd18-08persp	0	5	8331	0.000031
POST_CANDIDATE	sssd18-08persp	0	6	5008	0.000029
POST_CANDIDATE	sssd18-08persp	0	7	5286	0.000020
POST_CANDIDATE	sssd18-08persp	0	8	8470	0.000019
POST_CANDIDATE	sssd18-08persp	0	9	8470	0.000017
POST_CANDIDATE	sssd18-08persp	1	1	5686	0.000052
POST_CANDIDATE	sssd18-08persp	1	2	5686	0.000050
POST_CANDIDATE	sssd18-08persp	1	3	6643	0.000052
POST_CANDIDATE	sssd18-08persp	1	4	6369	0.000067
POST_CANDIDATE	sssd18-08persp	1	5	6113	0.000065
POST_CANDIDATE	sssd18-08persp	1	6	6252	0.000063
POST_CANDIDATE	sssd18-08persp	1	7	6174	0.000026
POST_CANDIDATE	sssd18-08persp	1	8	6643	0.000046
POST_CANDIDATE	sssd18-08persp	1	9	6643	0.000040
POST_ROW	sssd18-08persp	338	1168	4654	4654	1142	4654	4654	4654	4654	4654	4654	4654	4654	4654	4654	4654	4654
POST_ROW	ex9_1_2	19	54	188	179	57	179	179	179	179	179	179	179	179	179	179	179	179
POST_CANDIDATE	crudeoil_lee1_07	0	1	8921763	0.001478
POST_CANDIDATE	crudeoil_lee1_07	0	2	12535404	0.001631
POST_CANDIDATE	crudeoil_lee1_07	0	3	12424612	0.001643
POST_CANDIDATE	crudeoil_lee1_07	0	4	11144303	0.001822
POST_CANDIDATE	crudeoil_lee1_07	0	5	9781847	0.001778
POST_CANDIDATE	crudeoil_lee1_07	0	6	9589171	0.001796
POST_CANDIDATE	crudeoil_lee1_07	0	7	11101676	0.001559
POST_CANDIDATE	crudeoil_lee1_07	0	8	11101676	0.001453
POST_CANDIDATE	crudeoil_lee1_07	0	9	11101676	0.001400
POST_CANDIDATE	crudeoil_lee1_07	1	1	10245218	0.001612
POST_CANDIDATE	crudeoil_lee1_07	1	2	11308974	0.001622
POST_CANDIDATE	crudeoil_lee1_07	1	3	12815193	0.001615
POST_CANDIDATE	crudeoil_lee1_07	1	4	13327309	0.001842
POST_CANDIDATE	crudeoil_lee1_07	1	5	13678644	0.001741
POST_CANDIDATE	crudeoil_lee1_07	1	6	11364297	0.001709
POST_CANDIDATE	crudeoil_lee1_07	1	7	13649419	0.001619
POST_CANDIDATE	crudeoil_lee1_07	1	8	13649419	0.001517
POST_CANDIDATE	crudeoil_lee1_07	1	9	13649419	0.001446
POST_ROW	crudeoil_lee1_07	3670	19322	4746188	3513213	52939	3513213	3513213	3513213	3513213	3513213	3513213	3513213	3513213	3513213	3513213	3513213	3513213
POST_ROW	pooling_haverly1tp	31	96	423	403	105	403	403	403	403	403	403	403	403	403	403	403	403
POST_CANDIDATE	waterund08	0	1	53450	0.000053
POST_CANDIDATE	waterund08	0	2	46260	0.000051
POST_CANDIDATE	waterund08	0	3	54790	0.000048
POST_CANDIDATE	waterund08	0	4	57441	0.000058
POST_CANDIDATE	waterund08	0	5	53875	0.000055
POST_CANDIDATE	waterund08	0	6	55352	0.000056
POST_CANDIDATE	waterund08	0	7	47190	0.000044
POST_CANDIDATE	waterund08	0	8	47190	0.000029
POST_CANDIDATE	waterund08	0	9	47190	0.000028
POST_ROW	waterund08	230	1290	35284	30110	1770	30110	30110	30110	30110	30110	30110	30110	30110	30110	30110	30110	30110
POST_CANDIDATE	kall_diffcircles_6	0	1	1516	0.000014
POST_CANDIDATE	kall_diffcircles_6	0	2	1516	0.000013
POST_CANDIDATE	kall_diffcircles_6	0	3	1516	0.000011
POST_CANDIDATE	kall_diffcircles_6	0	4	1516	0.000014
POST_CANDIDATE	kall_diffcircles_6	0	5	1516	0.000014
POST_CANDIDATE	kall_diffcircles_6	0	6	1516	0.000014
POST_CANDIDATE	kall_diffcircles_6	0	7	1516	0.000009
POST_CANDIDATE	kall_diffcircles_6	0	8	1516	0.000007
POST_CANDIDATE	kall_diffcircles_6	0	9	1516	0.000007
POST_CANDIDATE	kall_diffcircles_6	1	1	1918	0.000014
POST_CANDIDATE	kall_diffcircles_6	1	2	1918	0.000014
POST_CANDIDATE	kall_diffcircles_6	1	3	1918	0.000012
POST_CANDIDATE	kall_diffcircles_6	1	4	1918	0.000016
POST_CANDIDATE	kall_diffcircles_6	1	5	1918	0.000015
POST_CANDIDATE	kall_diffcircles_6	1	6	1918	0.000014
POST_CANDIDATE	kall_diffcircles_6	1	7	1918	0.000011
POST_CANDIDATE	kall_diffcircles_6	1	8	1918	0.000008
POST_CANDIDATE	kall_diffcircles_6	1	9	1918	0.000007
POST_ROW	kall_diffcircles_6	76	302	1511	1511	281	1511	1511	1511	1511	1511	1511	1511	1511	1511	1511	1511	1511
POST_CANDIDATE	chimera_mgw-c8-439-onc8-001	0	1	198367	0.000190
POST_CANDIDATE	chimera_mgw-c8-439-onc8-001	0	2	185256	0.000179
POST_CANDIDATE	chimera_mgw-c8-439-onc8-001	0	3	200161	0.000176
POST_CANDIDATE	chimera_mgw-c8-439-onc8-001	0	4	194592	0.000178
POST_CANDIDATE	chimera_mgw-c8-439-onc8-001	0	5	189656	0.000181
POST_CANDIDATE	chimera_mgw-c8-439-onc8-001	0	6	192089	0.000179
POST_CANDIDATE	chimera_mgw-c8-439-onc8-001	0	7	201299	0.000167
POST_CANDIDATE	chimera_mgw-c8-439-onc8-001	0	8	201299	0.000130
POST_CANDIDATE	chimera_mgw-c8-439-onc8-001	0	9	201299	0.000120
POST_CANDIDATE	chimera_mgw-c8-439-onc8-001	1	1	346049	0.000250
POST_CANDIDATE	chimera_mgw-c8-439-onc8-001	1	2	360195	0.000262
POST_CANDIDATE	chimera_mgw-c8-439-onc8-001	1	3	366625	0.000249
POST_CANDIDATE	chimera_mgw-c8-439-onc8-001	1	4	369384	0.000262
POST_CANDIDATE	chimera_mgw-c8-439-onc8-001	1	5	354376	0.000253
POST_CANDIDATE	chimera_mgw-c8-439-onc8-001	1	6	365810	0.000262
POST_CANDIDATE	chimera_mgw-c8-439-onc8-001	1	7	357350	0.000244
POST_CANDIDATE	chimera_mgw-c8-439-onc8-001	1	8	357350	0.000207
POST_CANDIDATE	chimera_mgw-c8-439-onc8-001	1	9	357350	0.000193
POST_ROW	chimera_mgw-c8-439-onc8-001	440	3040	106479	80090	5060	80090	80090	80090	80090	80090	80090	80090	80090	80090	80090	80090	80090
POST_CANDIDATE	waterund11	0	1	15404	0.000041
POST_CANDIDATE	waterund11	0	2	15575	0.000030
POST_CANDIDATE	waterund11	0	3	16004	0.000030
POST_CANDIDATE	waterund11	0	4	15764	0.000034
POST_CANDIDATE	waterund11	0	5	15743	0.000032
POST_CANDIDATE	waterund11	0	6	15139	0.000032
POST_CANDIDATE	waterund11	0	7	15959	0.000024
POST_CANDIDATE	waterund11	0	8	15959	0.000019
POST_CANDIDATE	waterund11	0	9	15959	0.000015
POST_ROW	waterund11	160	828	14818	10705	989	10705	10705	10705	10705	10705	10705	10705	10705	10705	10705	10705	10705
POST_CANDIDATE	chp_shorttermplan2d	0	1	18446744073709551615	0.000861
POST_CANDIDATE	chp_shorttermplan2d	0	2	18446744073709551615	0.000337
POST_CANDIDATE	chp_shorttermplan2d	0	3	18446744073709551615	0.000306
POST_CANDIDATE	chp_shorttermplan2d	0	4	18446744073709551615	0.000544
POST_CANDIDATE	chp_shorttermplan2d	0	5	18446744073709551615	0.000557
POST_CANDIDATE	chp_shorttermplan2d	0	6	18446744073709551615	0.000557
POST_CANDIDATE	chp_shorttermplan2d	0	7	18446744073709551615	0.000220
POST_CANDIDATE	chp_shorttermplan2d	0	8	18446744073709551615	0.000209
POST_CANDIDATE	chp_shorttermplan2d	0	9	18446744073709551615	0.000195
POST_CANDIDATE	chp_shorttermplan2d	1	1	18446744073709551615	0.000706
POST_CANDIDATE	chp_shorttermplan2d	1	2	18446744073709551615	0.000338
POST_CANDIDATE	chp_shorttermplan2d	1	3	18446744073709551615	0.000313
POST_CANDIDATE	chp_shorttermplan2d	1	4	18446744073709551615	0.000533
POST_CANDIDATE	chp_shorttermplan2d	1	5	18446744073709551615	0.000526
POST_CANDIDATE	chp_shorttermplan2d	1	6	18446744073709551615	0.000528
POST_CANDIDATE	chp_shorttermplan2d	1	7	18446744073709551615	0.000210
POST_CANDIDATE	chp_shorttermplan2d	1	8	18446744073709551615	0.000208
POST_CANDIDATE	chp_shorttermplan2d	1	9	18446744073709551615	0.000201
POST_ROW	chp_shorttermplan2d	16364	52108	4089003	2104724	82190	2104724	2104724	2104724	2104724	2104724	2104724	2104724	2104724	2104724	2104724	2104724	2104724
POST_CANDIDATE	sporttournament18	0	1	132702	0.000071
POST_CANDIDATE	sporttournament18	0	2	106049	0.000063
POST_CANDIDATE	sporttournament18	0	3	106049	0.000051
POST_CANDIDATE	sporttournament18	0	4	106669	0.000060
POST_CANDIDATE	sporttournament18	0	5	72999	0.000052
POST_CANDIDATE	sporttournament18	0	6	130326	0.000059
POST_CANDIDATE	sporttournament18	0	7	106049	0.000046
POST_CANDIDATE	sporttournament18	0	8	106049	0.000039
POST_CANDIDATE	sporttournament18	0	9	106049	0.000038
POST_CANDIDATE	sporttournament18	1	1	24977	0.000045
POST_CANDIDATE	sporttournament18	1	2	39274	0.000048
POST_CANDIDATE	sporttournament18	1	3	35443	0.000044
POST_CANDIDATE	sporttournament18	1	4	22855	0.000043
POST_CANDIDATE	sporttournament18	1	5	31855	0.000044
POST_CANDIDATE	sporttournament18	1	6	33379	0.000044
POST_CANDIDATE	sporttournament18	1	7	24132	0.000039
POST_CANDIDATE	sporttournament18	1	8	24132	0.000023
POST_CANDIDATE	sporttournament18	1	9	24132	0.000020
POST_ROW	sporttournament18	156	886	17568	13608	1328	13608	13608	13608	13608	13608	13608	13608	13608	13608	13608	13608	13608
POST_ROW	cvxnonsep_psig30	30	870	9455	9455	465	9455	9455	9455	9455	9455	9455	9455	9455	9455	9455	9455	9455
POST_ROW	ringpack_20_2	6089	40368	1872174	707413	36329	707413	707413	707413	707413	707413	707413	707413	707413	707413	707413	707413	707413
POST_CANDIDATE	blend718	0	1	448163	0.000313
POST_CANDIDATE	blend718	0	2	302636	0.000303
POST_CANDIDATE	blend718	0	3	338964	0.000291
POST_CANDIDATE	blend718	0	4	382740	0.000326
POST_CANDIDATE	blend718	0	5	434118	0.000320
POST_CANDIDATE	blend718	0	6	366202	0.000318
POST_CANDIDATE	blend718	0	7	300397	0.000275
POST_CANDIDATE	blend718	0	8	300397	0.000227
POST_CANDIDATE	blend718	0	9	300397	0.000208
POST_CANDIDATE	blend718	1	1	137268	0.000255
POST_CANDIDATE	blend718	1	2	131362	0.000264
POST_CANDIDATE	blend718	1	3	140760	0.000254
POST_CANDIDATE	blend718	1	4	135687	0.000270
POST_CANDIDATE	blend718	1	5	133237	0.000264
POST_CANDIDATE	blend718	1	6	128427	0.000262
POST_CANDIDATE	blend718	1	7	132409	0.000232
POST_CANDIDATE	blend718	1	8	132409	0.000181
POST_CANDIDATE	blend718	1	9	132409	0.000163
POST_ROW	blend718	1386	4310	70355	61466	5842	61466	61466	61466	61466	61466	61466	61466	61466	61466	61466	61466	61466
POST_CANDIDATE	wastepaper4	0	1	16059	0.000044
POST_CANDIDATE	wastepaper4	0	2	12388	0.000036
POST_CANDIDATE	wastepaper4	0	3	19422	0.000035
POST_CANDIDATE	wastepaper4	0	4	17868	0.000041
POST_CANDIDATE	wastepaper4	0	5	16545	0.000036
POST_CANDIDATE	wastepaper4	0	6	17522	0.000037
POST_CANDIDATE	wastepaper4	0	7	14140	0.000022
POST_CANDIDATE	wastepaper4	0	8	17136	0.000029
POST_CANDIDATE	wastepaper4	0	9	17136	0.000018
POST_ROW	wastepaper4	115	724	9711	7183	807	7183	7183	7183	7183	7183	7183	7183	7183	7183	7183	7183	7183
POST_CANDIDATE	squfl010-040persp	0	1	28425	0.000185
POST_CANDIDATE	squfl010-040persp	0	2	28425	0.000179
POST_CANDIDATE	squfl010-040persp	0	3	29421	0.000184
POST_CANDIDATE	squfl010-040persp	0	4	29421	0.000238
POST_CANDIDATE	squfl010-040persp	0	5	29421	0.000238
POST_CANDIDATE	squfl010-040persp	0	6	28978	0.000235
POST_CANDIDATE	squfl010-040persp	0	7	28425	0.000103
POST_CANDIDATE	squfl010-040persp	0	8	28425	0.000105
POST_CANDIDATE	squfl010-040persp	0	9	29421	0.000195
POST_ROW	squfl010-040persp	2450	7200	22825	22825	6895	22825	22825	22825	22825	22825	22825	22825	22825	22825	22825	22825	22825
POST_ROW	crudeoil_lee4_06	10429	55492	65337120	32834025	235115	32834025	32834025	32834025	32834025	32834025	32834025	32834025	32834025	32834025	32834025	32834025	32834025
POST_CANDIDATE	netmod_kar1	0	1	78666	0.000351
POST_CANDIDATE	netmod_kar1	0	2	117867	0.000364
POST_CANDIDATE	netmod_kar1	0	3	119793	0.000346
POST_CANDIDATE	netmod_kar1	0	4	179507	0.000484
POST_CANDIDATE	netmod_kar1	0	5	85577	0.000400
POST_CANDIDATE	netmod_kar1	0	6	83031	0.000415
POST_CANDIDATE	netmod_kar1	0	7	71766	0.000196
POST_CANDIDATE	netmod_kar1	0	8	72330	0.000224
POST_CANDIDATE	netmod_kar1	0	9	116082	0.000352
POST_CANDIDATE	netmod_kar1	1	1	542326	0.000664
POST_CANDIDATE	netmod_kar1	1	2	368186	0.000625
POST_CANDIDATE	netmod_kar1	1	3	376974	0.000615
POST_CANDIDATE	netmod_kar1	1	4	514461	0.000682
POST_CANDIDATE	netmod_kar1	1	5	475015	0.000678
POST_CANDIDATE	netmod_kar1	1	6	419514	0.000645
POST_CANDIDATE	netmod_kar1	1	7	330324	0.000365
POST_CANDIDATE	netmod_kar1	1	8	299119	0.000451
POST_CANDIDATE	netmod_kar1	1	9	380859	0.000620
POST_ROW	netmod_kar1	1746	4928	56838	43864	6364	43864	43864	43864	43864	43864	43864	43864	43864	43864	43864	43864	43864
POST_ROW	ex8_1_7	14	46	137	128	40	128	128	128	128	128	128	128	128	128	128	128	128
POST_CANDIDATE	graphpart_3g-0333-0333	0	1	53366	0.000049
POST_CANDIDATE	graphpart_3g-0333-0333	0	2	53366	0.000027
POST_CANDIDATE	graphpart_3g-0333-0333	0	3	53366	0.000020
POST_CANDIDATE	graphpart_3g-0333-0333	0	4	57954	0.000038
POST_CANDIDATE	graphpart_3g-0333-0333	0	5	52947	0.000038
POST_CANDIDATE	graphpart_3g-0333-0333	0	6	58420	0.000036
POST_CANDIDATE	graphpart_3g-0333-0333	0	7	53366	0.000022
POST_CANDIDATE	graphpart_3g-0333-0333	0	8	53366	0.000018
POST_CANDIDATE	graphpart_3g-0333-0333	0	9	53366	0.000017
POST_CANDIDATE	graphpart_3g-0333-0333	1	1	60270	0.000038
POST_CANDIDATE	graphpart_3g-0333-0333	1	2	57747	0.000040
POST_CANDIDATE	graphpart_3g-0333-0333	1	3	57026	0.000038
POST_CANDIDATE	graphpart_3g-0333-0333	1	4	56813	0.000040
POST_CANDIDATE	graphpart_3g-0333-0333	1	5	57050	0.000039
POST_CANDIDATE	graphpart_3g-0333-0333	1	6	56923	0.000039
POST_CANDIDATE	graphpart_3g-0333-0333	1	7	57721	0.000037
POST_CANDIDATE	graphpart_3g-0333-0333	1	8	57087	0.000036
POST_CANDIDATE	graphpart_3g-0333-0333	1	9	57087	0.000022
POST_ROW	graphpart_3g-0333-0333	108	648	44928	36228	1594	36228	36228	36228	36228	36228	36228	36228	36228	36228	36228	36228	36228
POST_CANDIDATE	slay05h	0	1	27017	0.000080
POST_CANDIDATE	slay05h	0	2	10335	0.000070
POST_CANDIDATE	slay05h	0	3	10955	0.000065
POST_CANDIDATE	slay05h	0	4	10453	0.000092
POST_CANDIDATE	slay05h	0	5	10439	0.000087
POST_CANDIDATE	slay05h	0	6	10556	0.000084
POST_CANDIDATE	slay05h	0	7	10665	0.000059
POST_CANDIDATE	slay05h	0	8	10665	0.000050
POST_CANDIDATE	slay05h	0	9	10665	0.000048
POST_CANDIDATE	slay05h	1	1	21097	0.000068
POST_CANDIDATE	slay05h	1	2	9765	0.000062
POST_CANDIDATE	slay05h	1	3	10635	0.000058
POST_CANDIDATE	slay05h	1	4	9998	0.000079
POST_CANDIDATE	slay05h	1	5	10373	0.000079
POST_CANDIDATE	slay05h	1	6	10147	0.000074
POST_CANDIDATE	slay05h	1	7	9765	0.000054
POST_CANDIDATE	slay05h	1	8	9765	0.000048
POST_CANDIDATE	slay05h	1	9	9765	0.000046
POST_ROW	slay05h	760	2080	9815	8795	2425	8795	8795	8795	8795	8795	8795	8795	8795	8795	8795	8795	8795
POST_CANDIDATE	korcns	0	1	21177	0.000052
POST_CANDIDATE	korcns	0	2	19359	0.000045
POST_CANDIDATE	korcns	0	3	22282	0.000044
POST_CANDIDATE	korcns	0	4	17482	0.000042
POST_CANDIDATE	korcns	0	5	16864	0.000043
POST_CANDIDATE	korcns	0	6	23127	0.000044
POST_CANDIDATE	korcns	0	7	20941	0.000039
POST_CANDIDATE	korcns	0	8	20980	0.000033
POST_CANDIDATE	korcns	0	9	20980	0.000024
POST_CANDIDATE	korcns	1	1	24910	0.000054
POST_CANDIDATE	korcns	1	2	23399	0.000052
POST_CANDIDATE	korcns	1	3	25621	0.000049
POST_CANDIDATE	korcns	1	4	25772	0.000054
POST_CANDIDATE	korcns	1	5	28250	0.000053
POST_CANDIDATE	korcns	1	6	31907	0.000053
POST_CANDIDATE	korcns	1	7	25802	0.000044
POST_CANDIDATE	korcns	1	8	25841	0.000038
POST_CANDIDATE	korcns	1	9	25841	0.000028
POST_ROW	korcns	156	712	7241	6599	887	6599	6599	6599	6599	6599	6599	6599	6599	6599	6599	6599	6599
POST_CANDIDATE	powerflow0118p	0	1	18446744073709551615	0.000113
POST_CANDIDATE	powerflow0118p	0	2	18446744073709551615	0.000139
POST_CANDIDATE	powerflow0118p	0	3	18446744073709551615	0.000141
POST_CANDIDATE	powerflow0118p	0	4	18446744073709551615	0.000165
POST_CANDIDATE	powerflow0118p	0	5	18446744073709551615	0.000164
POST_CANDIDATE	powerflow0118p	0	6	18446744073709551615	0.000164
POST_CANDIDATE	powerflow0118p	0	7	18446744073709551615	0.000101
POST_CANDIDATE	powerflow0118p	0	8	18446744073709551615	0.000089
POST_CANDIDATE	powerflow0118p	0	9	18446744073709551615	0.000083
POST_CANDIDATE	powerflow0118p	1	1	18446744073709551615	0.000092
POST_CANDIDATE	powerflow0118p	1	2	18446744073709551615	0.000121
POST_CANDIDATE	powerflow0118p	1	3	18446744073709551615	0.000120
POST_CANDIDATE	powerflow0118p	1	4	18446744073709551615	0.000168
POST_CANDIDATE	powerflow0118p	1	5	18446744073709551615	0.000146
POST_CANDIDATE	powerflow0118p	1	6	18446744073709551615	0.000162
POST_CANDIDATE	powerflow0118p	1	7	18446744073709551615	0.000084
POST_CANDIDATE	powerflow0118p	1	8	18446744073709551615	0.000083
POST_CANDIDATE	powerflow0118p	1	9	18446744073709551615	0.000078
POST_ROW	powerflow0118p	5065	18730	121503	117327	20045	117327	117327	117327	117327	117327	117327	117327	117327	117327	117327	117327	117327
POST_CANDIDATE	sfacloc2_3_80	0	1	18446744073709551615	0.000229
POST_CANDIDATE	sfacloc2_3_80	0	2	18446744073709551615	0.000295
POST_CANDIDATE	sfacloc2_3_80	0	3	18446744073709551615	0.000276
POST_CANDIDATE	sfacloc2_3_80	0	4	18446744073709551615	0.000260
POST_CANDIDATE	sfacloc2_3_80	0	5	18446744073709551615	0.000284
POST_CANDIDATE	sfacloc2_3_80	0	6	18446744073709551615	0.000256
POST_CANDIDATE	sfacloc2_3_80	0	7	18446744073709551615	0.000171
POST_CANDIDATE	sfacloc2_3_80	0	8	18446744073709551615	0.000201
POST_CANDIDATE	sfacloc2_3_80	0	9	18446744073709551615	0.000253
POST_CANDIDATE	sfacloc2_3_80	1	1	18446744073709551615	0.000240
POST_CANDIDATE	sfacloc2_3_80	1	2	18446744073709551615	0.000336
POST_CANDIDATE	sfacloc2_3_80	1	3	18446744073709551615	0.000317
POST_CANDIDATE	sfacloc2_3_80	1	4	18446744073709551615	0.000289
POST_CANDIDATE	sfacloc2_3_80	1	5	18446744073709551615	0.000279
POST_CANDIDATE	sfacloc2_3_80	1	6	18446744073709551615	0.000285
POST_CANDIDATE	sfacloc2_3_80	1	7	18446744073709551615	0.000150
POST_CANDIDATE	sfacloc2_3_80	1	8	18446744073709551615	0.000189
POST_CANDIDATE	sfacloc2_3_80	1	9	18446744073709551615	0.000330
POST_ROW	sfacloc2_3_80	4799	20600	84672	81119	16813	81119	81119	81119	81119	81119	81119	81119	81119	81119	81119	81119	81119
POST_CANDIDATE	rsyn0820m04m	0	1	18446744073709551615	0.000106
POST_CANDIDATE	rsyn0820m04m	0	2	18446744073709551615	0.000164
POST_CANDIDATE	rsyn0820m04m	0	3	18446744073709551615	0.000168
POST_CANDIDATE	rsyn0820m04m	0	4	18446744073709551615	0.000171
POST_CANDIDATE	rsyn0820m04m	0	5	18446744073709551615	0.000170
POST_CANDIDATE	rsyn0820m04m	0	6	18446744073709551615	0.000170
POST_CANDIDATE	rsyn0820m04m	0	7	18446744073709551615	0.000108
POST_CANDIDATE	rsyn0820m04m	0	8	18446744073709551615	0.000091
POST_CANDIDATE	rsyn0820m04m	0	9	18446744073709551615	0.000083
POST_CANDIDATE	rsyn0820m04m	1	1	18446744073709551615	0.000084
POST_CANDIDATE	rsyn0820m04m	1	2	18446744073709551615	0.000142
POST_CANDIDATE	rsyn0820m04m	1	3	18446744073709551615	0.000142
POST_CANDIDATE	rsyn0820m04m	1	4	18446744073709551615	0.000150
POST_CANDIDATE	rsyn0820m04m	1	5	18446744073709551615	0.000148
POST_CANDIDATE	rsyn0820m04m	1	6	18446744073709551615	0.000148
POST_CANDIDATE	rsyn0820m04m	1	7	18446744073709551615	0.000084
POST_CANDIDATE	rsyn0820m04m	1	8	18446744073709551615	0.000074
POST_CANDIDATE	rsyn0820m04m	1	9	18446744073709551615	0.000067
POST_ROW	rsyn0820m04m	6028	17372	196890	152980	21916	152980	152980	152980	152980	152980	152980	152980	152980	152980	152980	152980	152980
POST_CANDIDATE	hydroenergy1	0	1	18446744073709551615	0.000249
POST_CANDIDATE	hydroenergy1	0	2	740377	0.000347
POST_CANDIDATE	hydroenergy1	0	3	18446744073709551615	0.000314
POST_CANDIDATE	hydroenergy1	0	4	18446744073709551615	0.000355
POST_CANDIDATE	hydroenergy1	0	5	1007878	0.000427
POST_CANDIDATE	hydroenergy1	0	6	18446744073709551615	0.000299
POST_CANDIDATE	hydroenergy1	0	7	769080	0.000338
POST_CANDIDATE	hydroenergy1	0	8	769080	0.000325
POST_CANDIDATE	hydroenergy1	0	9	769080	0.000318
POST_CANDIDATE	hydroenergy1	1	1	18446744073709551615	0.000236
POST_CANDIDATE	hydroenergy1	1	2	820132	0.000303
POST_CANDIDATE	hydroenergy1	1	3	18446744073709551615	0.000192
POST_CANDIDATE	hydroenergy1	1	4	18446744073709551615	0.000279
POST_CANDIDATE	hydroenergy1	1	5	331360	0.000267
POST_CANDIDATE	hydroenergy1	1	6	1008331	0.000365
POST_CANDIDATE	hydroenergy1	1	7	18446744073709551615	0.000180
POST_CANDIDATE	hydroenergy1	1	8	18446744073709551615	0.000171
POST_CANDIDATE	hydroenergy1	1	9	18446744073709551615	0.000166
POST_ROW	hydroenergy1	1046	3024	14089	14089	3435	14089	14089	14089	14089	14089	14089	14089	14089	14089	14089	14089	14089
POST_CANDIDATE	maxmin	0	1	8657	0.000054
POST_CANDIDATE	maxmin	0	2	8657	0.000048
POST_CANDIDATE	maxmin	0	3	8657	0.000044
POST_CANDIDATE	maxmin	0	4	8657	0.000060
POST_CANDIDATE	maxmin	0	5	8657	0.000059
POST_CANDIDATE	maxmin	0	6	8657	0.000056
POST_CANDIDATE	maxmin	0	7	11627	0.000017
POST_CANDIDATE	maxmin	0	8	11627	0.000015
POST_CANDIDATE	maxmin	0	9	8657	0.000042
POST_ROW	maxmin	181	1440	8405	8405	925	8405	8405	8405	8405	8405	8405	8405	8405	8405	8405	8405	8405
POST_ROW	st_ht	8	18	51	44	18	44	44	44	44	44	44	44	44	44	44	44	44
POST_CANDIDATE	crudeoil_lee2_06	0	1	103797958	0.003545
POST_CANDIDATE	crudeoil_lee2_06	0	2	103441262	0.003535
POST_CANDIDATE	crudeoil_lee2_06	0	3	112488714	0.003593
POST_CANDIDATE	crudeoil_lee2_06	0	4	106906257	0.004051
POST_CANDIDATE	crudeoil_lee2_06	0	5	105520202	0.004021
POST_CANDIDATE	crudeoil_lee2_06	0	6	97930675	0.003923
POST_CANDIDATE	crudeoil_lee2_06	0	7	104105415	0.003490
POST_CANDIDATE	crudeoil_lee2_06	0	8	104105415	0.003474
POST_CANDIDATE	crudeoil_lee2_06	0	9	104105415	0.003519
POST_ROW	crudeoil_lee2_06	6418	34646	23299675	16574163	134923	16574163	16574163	16574163	16574163	16574163	16574163	16574163	16574163	16574163	16574163	16574163	16574163
POST_CANDIDATE	kan_r3_h1_n4	0	1	18446744073709551615	0.000251
POST_CANDIDATE	kan_r3_h1_n4	0	2	18446744073709551615	0.000346
POST_CANDIDATE	kan_r3_h1_n4	0	3	18446744073709551615	0.000302
POST_CANDIDATE	kan_r3_h1_n4	0	4	18446744073709551615	0.000358
POST_CANDIDATE	kan_r3_h1_n4	0	5	18446744073709551615	0.000349
POST_CANDIDATE	kan_r3_h1_n4	0	6	18446744073709551615	0.000356
POST_CANDIDATE	kan_r3_h1_n4	0	7	18446744073709551615	0.000232
POST_CANDIDATE	kan_r3_h1_n4	0	8	18446744073709551615	0.000211
POST_CANDIDATE	kan_r3_h1_n4	0	9	18446744073709551615	0.000315
POST_CANDIDATE	kan_r3_h1_n4	1	1	18446744073709551615	0.000409
POST_CANDIDATE	kan_r3_h1_n4	1	2	18446744073709551615	0.000384
POST_CANDIDATE	kan_r3_h1_n4	1	3	18446744073709551615	0.000387
POST_CANDIDATE	kan_r3_h1_n4	1	4	18446744073709551615	0.000471
POST_CANDIDATE	kan_r3_h1_n4	1	5	18446744073709551615	0.000462
POST_CANDIDATE	kan_r3_h1_n4	1	6	18446744073709551615	0.000446
POST_CANDIDATE	kan_r3_h1_n4	1	7	18446744073709551615	0.000260
POST_CANDIDATE	kan_r3_h1_n4	1	8	18446744073709551615	0.000228
POST_CANDIDATE	kan_r3_h1_n4	1	9	18446744073709551615	0.000341
POST_ROW	kan_r3_h1_n4	3183	14062	104945	98715	15597	98715	98715	98715	98715	98715	98715	98715	98715	98715	98715	98715	98715
POST_ROW	primary	378	5610	109639	95258	3428	95258	95258	95258	95258	95258	95258	95258	95258	95258	95258	95258	95258
POST_CANDIDATE	syn10m03hfsg	0	1	77257	0.000193
POST_CANDIDATE	syn10m03hfsg	0	2	64496	0.000199
POST_CANDIDATE	syn10m03hfsg	0	3	91830	0.000195
POST_CANDIDATE	syn10m03hfsg	0	4	71684	0.000210
POST_CANDIDATE	syn10m03hfsg	0	5	60568	0.000205
POST_CANDIDATE	syn10m03hfsg	0	6	58194	0.000201
POST_CANDIDATE	syn10m03hfsg	0	7	75509	0.000187
POST_CANDIDATE	syn10m03hfsg	0	8	75509	0.000152
POST_CANDIDATE	syn10m03hfsg	0	9	75509	0.000137
POST_CANDIDATE	syn10m03hfsg	1	1	68905	0.000175
POST_CANDIDATE	syn10m03hfsg	1	2	49182	0.000173
POST_CANDIDATE	syn10m03hfsg	1	3	65536	0.000179
POST_CANDIDATE	syn10m03hfsg	1	4	41859	0.000181
POST_CANDIDATE	syn10m03hfsg	1	5	43333	0.000183
POST_CANDIDATE	syn10m03hfsg	1	6	64702	0.000198
POST_CANDIDATE	syn10m03hfsg	1	7	54511	0.000165
POST_CANDIDATE	syn10m03hfsg	1	8	54511	0.000128
POST_CANDIDATE	syn10m03hfsg	1	9	54511	0.000116
POST_ROW	syn10m03hfsg	1071	2772	9890	9812	3040	9812	9812	9812	9812	9812	9812	9812	9812	9812	9812	9812	9812
POST_CANDIDATE	wastewater02m1	0	1	1163	0.000010
POST_CANDIDATE	wastewater02m1	0	2	843	0.000009
POST_CANDIDATE	wastewater02m1	0	3	852	0.000007
POST_CANDIDATE	wastewater02m1	0	4	1040	0.000008
POST_CANDIDATE	wastewater02m1	0	5	1144	0.000007
POST_CANDIDATE	wastewater02m1	0	6	1064	0.000007
POST_CANDIDATE	wastewater02m1	0	7	828	0.000006
POST_CANDIDATE	wastewater02m1	0	8	828	0.000004
POST_CANDIDATE	wastewater02m1	0	9	828	0.000003
POST_CANDIDATE	wastewater02m1	1	1	891	0.000006
POST_CANDIDATE	wastewater02m1	1	2	808	0.000005
POST_CANDIDATE	wastewater02m1	1	3	891	0.000005
POST_CANDIDATE	wastewater02m1	1	4	840	0.000005
POST_CANDIDATE	wastewater02m1	1	5	891	0.000005
POST_CANDIDATE	wastewater02m1	1	6	855	0.000005
POST_CANDIDATE	wastewater02m1	1	7	891	0.000004
POST_CANDIDATE	wastewater02m1	1	8	891	0.000002
POST_CANDIDATE	wastewater02m1	1	9	891	0.000002
POST_ROW	wastewater02m1	36	138	848	790	156	790	790	790	790	790	790	790	790	790	790	790	790
POST_CANDIDATE	supplychainr1_022020	0	1	18446744073709551615	0.000083
POST_CANDIDATE	supplychainr1_022020	0	2	18446744073709551615	0.000183
POST_CANDIDATE	supplychainr1_022020	0	3	18446744073709551615	0.000158
POST_CANDIDATE	supplychainr1_022020	0	4	18446744073709551615	0.000225
POST_CANDIDATE	supplychainr1_022020	0	5	18446744073709551615	0.000210
POST_CANDIDATE	supplychainr1_022020	0	6	18446744073709551615	0.000207
POST_CANDIDATE	supplychainr1_022020	0	7	18446744073709551615	0.000148
POST_CANDIDATE	supplychainr1_022020	0	8	18446744073709551615	0.000127
POST_CANDIDATE	supplychainr1_022020	0	9	18446744073709551615	0.000122
POST_CANDIDATE	supplychainr1_022020	1	1	18446744073709551615	0.000112
POST_CANDIDATE	supplychainr1_022020	1	2	18446744073709551615	0.000231
POST_CANDIDATE	supplychainr1_022020	1	3	18446744073709551615	0.000228
POST_CANDIDATE	supplychainr1_022020	1	4	18446744073709551615	0.000292
POST_CANDIDATE	supplychainr1_022020	1	5	18446744073709551615	0.000266
POST_CANDIDATE	supplychainr1_022020	1	6	18446744073709551615	0.000283
POST_CANDIDATE	supplychainr1_022020	1	7	18446744073709551615	0.000136
POST_CANDIDATE	supplychainr1_022020	1	8	18446744073709551615	0.000199
POST_CANDIDATE	supplychainr1_022020	1	9	18446744073709551615	0.000178
POST_ROW	supplychainr1_022020	4620	15680	273140	273100	20540	273100	273100	273100	273100	273100	273100	273100	273100	273100	273100	273100	273100
POST_CANDIDATE	squfl025-025persp	0	1	77351	0.000240
POST_CANDIDATE	squfl025-025persp	0	2	77351	0.000253
POST_CANDIDATE	squfl025-025persp	0	3	77351	0.000249
POST_CANDIDATE	squfl025-025persp	0	4	69676	0.000313
POST_CANDIDATE	squfl025-025persp	0	5	73998	0.000305
POST_CANDIDATE	squfl025-025persp	0	6	75626	0.000299
POST_CANDIDATE	squfl025-025persp	0	7	58675	0.000135
POST_CANDIDATE	squfl025-025persp	0	8	77351	0.000246
POST_CANDIDATE	squfl025-025persp	0	9	77351	0.000233
POST_ROW	squfl025-025persp	3800	11250	49925	49925	10975	49925	49925	49925	49925	49925	49925	49925	49925	49925	49925	49925	49925
POST_ROW	ringpack_30_2	17999	121458	12394600	2873684	108470	2873684	2873684	2873684	2873684	2873684	2873684	2873684	2873684	2873684	2873684	2873684	2873684
POST_ROW	nuclear104	39098	257806	103156931	78332024	523338	78332024	78332024	78332024	78332024	78332024	78332024	78332024	78332024	78332024	78332024	78332024	78332024
POST_CANDIDATE	chp_shorttermplan1a	0	1	18446744073709551615	0.000087
POST_CANDIDATE	chp_shorttermplan1a	0	2	18446744073709551615	0.000283
POST_CANDIDATE	chp_shorttermplan1a	0	3	18446744073709551615	0.000259
POST_CANDIDATE	chp_shorttermplan1a	0	4	18446744073709551615	0.000356
POST_CANDIDATE	chp_shorttermplan1a	0	5	18446744073709551615	0.000329
POST_CANDIDATE	chp_shorttermplan1a	0	6	18446744073709551615	0.000384
POST_CANDIDATE	chp_shorttermplan1a	0	7	18446744073709551615	0.000244
POST_CANDIDATE	chp_shorttermplan1a	0	8	18446744073709551615	0.000234
POST_CANDIDATE	chp_shorttermplan1a	0	9	18446744073709551615	0.000230
POST_CANDIDATE	chp_shorttermplan1a	1	1	18446744073709551615	0.000101
POST_CANDIDATE	chp_shorttermplan1a	1	2	18446744073709551615	0.000179
POST_CANDIDATE	chp_shorttermplan1a	1	3	18446744073709551615	0.000181
POST_CANDIDATE	chp_shorttermplan1a	1	4	18446744073709551615	0.000244
POST_CANDIDATE	chp_shorttermplan1a	1	5	18446744073709551615	0.000193
POST_CANDIDATE	chp_shorttermplan1a	1	6	18446744073709551615	0.000246
POST_CANDIDATE	chp_shorttermplan1a	1	7	18446744073709551615	0.000144
POST_CANDIDATE	chp_shorttermplan1a	1	8	18446744073709551615	0.000130
POST_CANDIDATE	chp_shorttermplan1a	1	9	18446744073709551615	0.000131
POST_ROW	chp_shorttermplan1a	4952	15700	376486	301258	22620	301258	301258	301258	301258	301258	301258	301258	301258	301258	301258	301258	301258
POST_CANDIDATE	rocket50	0	1	18446744073709551615	0.000135
POST_CANDIDATE	rocket50	0	2	1242858	0.000265
POST_CANDIDATE	rocket50	0	3	18446744073709551615	0.000194
POST_CANDIDATE	rocket50	0	4	18446744073709551615	0.000278
POST_CANDIDATE	rocket50	0	5	18446744073709551615	0.000283
POST_CANDIDATE	rocket50	0	6	18446744073709551615	0.000255
POST_CANDIDATE	rocket50	0	7	18446744073709551615	0.000217
POST_CANDIDATE	rocket50	0	8	18446744073709551615	0.000209
POST_CANDIDATE	rocket50	0	9	18446744073709551615	0.000240
POST_CANDIDATE	rocket50	1	1	18446744073709551615	0.000164
POST_CANDIDATE	rocket50	1	2	18446744073709551615	0.000169
POST_CANDIDATE	rocket50	1	3	18446744073709551615	0.000172
POST_CANDIDATE	rocket50	1	4	18446744073709551615	0.000199
POST_CANDIDATE	rocket50	1	5	18446744073709551615	0.000201
POST_CANDIDATE	rocket50	1	6	18446744073709551615	0.000193
POST_CANDIDATE	rocket50	1	7	18446744073709551615	0.000165
POST_CANDIDATE	rocket50	1	8	18446744073709551615	0.000156
POST_CANDIDATE	rocket50	1	9	18446744073709551615	0.000155
POST_ROW	rocket50	555	3488	19983	19265	3185	19265	19265	19265	19265	19265	19265	19265	19265	19265	19265	19265	19265
POST_CANDIDATE	rsyn0840m04m	0	1	18446744073709551615	0.000112
POST_CANDIDATE	rsyn0840m04m	0	2	18446744073709551615	0.000177
POST_CANDIDATE	rsyn0840m04m	0	3	18446744073709551615	0.000183
POST_CANDIDATE	rsyn0840m04m	0	4	18446744073709551615	0.000196
POST_CANDIDATE	rsyn0840m04m	0	5	18446744073709551615	0.000196
POST_CANDIDATE	rsyn0840m04m	0	6	18446744073709551615	0.000207
POST_CANDIDATE	rsyn0840m04m	0	7	18446744073709551615	0.000105
POST_CANDIDATE	rsyn0840m04m	0	8	18446744073709551615	0.000092
POST_CANDIDATE	rsyn0840m04m	0	9	18446744073709551615	0.000090
POST_CANDIDATE	rsyn0840m04m	1	1	18446744073709551615	0.000090
POST_CANDIDATE	rsyn0840m04m	1	2	18446744073709551615	0.000162
POST_CANDIDATE	rsyn0840m04m	1	3	18446744073709551615	0.000154
POST_CANDIDATE	rsyn0840m04m	1	4	18446744073709551615	0.000176
POST_CANDIDATE	rsyn0840m04m	1	5	18446744073709551615	0.000174
POST_CANDIDATE	rsyn0840m04m	1	6	18446744073709551615	0.000173
POST_CANDIDATE	rsyn0840m04m	1	7	18446744073709551615	0.000083
POST_CANDIDATE	rsyn0840m04m	1	8	18446744073709551615	0.000082
POST_CANDIDATE	rsyn0840m04m	1	9	18446744073709551615	0.000081
POST_ROW	rsyn0840m04m	8508	24272	229914	186241	29583	186241	186241	186241	186241	186241	186241	186241	186241	186241	186241	186241	186241
POST_CANDIDATE	mpbp_21	0	1	18446744073709551615	0.000245
POST_CANDIDATE	mpbp_21	0	2	18446744073709551615	0.000226
POST_CANDIDATE	mpbp_21	0	3	18446744073709551615	0.000196
POST_CANDIDATE	mpbp_21	0	4	18446744073709551615	0.000414
POST_CANDIDATE	mpbp_21	0	5	18446744073709551615	0.000376
POST_CANDIDATE	mpbp_21	0	6	18446744073709551615	0.000376
POST_CANDIDATE	mpbp_21	0	7	18446744073709551615	0.000164
POST_CANDIDATE	mpbp_21	0	8	18446744073709551615	0.000151
POST_CANDIDATE	mpbp_21	0	9	18446744073709551615	0.000151
POST_CANDIDATE	mpbp_21	1	1	18446744073709551615	0.000159
POST_CANDIDATE	mpbp_21	1	2	18446744073709551615	0.000266
POST_CANDIDATE	mpbp_21	1	3	18446744073709551615	0.000236
POST_CANDIDATE	mpbp_21	1	4	18446744073709551615	0.000301
POST_CANDIDATE	mpbp_21	1	5	18446744073709551615	0.000299
POST_CANDIDATE	mpbp_21	1	6	18446744073709551615	0.000299
POST_CANDIDATE	mpbp_21	1	7	18446744073709551615	0.000172
POST_CANDIDATE	mpbp_21	1	8	18446744073709551615	0.000168
POST_CANDIDATE	mpbp_21	1	9	18446744073709551615	0.000158
POST_ROW	mpbp_21	11716	37660	1691114	1456963	65805	1456963	1456963	1456963	1456963	1456963	1456963	1456963	1456963	1456963	1456963	1456963	1456963
POST_CANDIDATE	orth_d4m6_pl	0	1	10887	0.000048
POST_CANDIDATE	orth_d4m6_pl	0	2	10703	0.000043
POST_CANDIDATE	orth_d4m6_pl	0	3	10887	0.000040
POST_CANDIDATE	orth_d4m6_pl	0	4	10938	0.000047
POST_CANDIDATE	orth_d4m6_pl	0	5	10887	0.000045
POST_CANDIDATE	orth_d4m6_pl	0	6	10887	0.000046
POST_CANDIDATE	orth_d4m6_pl	0	7	10931	0.000019
POST_CANDIDATE	orth_d4m6_pl	0	8	10989	0.000023
POST_CANDIDATE	orth_d4m6_pl	0	9	10703	0.000035
POST_CANDIDATE	orth_d4m6_pl	1	1	10887	0.000050
POST_CANDIDATE	orth_d4m6_pl	1	2	10703	0.000047
POST_CANDIDATE	orth_d4m6_pl	1	3	10887	0.000045
POST_CANDIDATE	orth_d4m6_pl	1	4	10938	0.000056
POST_CANDIDATE	orth_d4m6_pl	1	5	10887	0.000055
POST_CANDIDATE	orth_d4m6_pl	1	6	10938	0.000055
POST_CANDIDATE	orth_d4m6_pl	1	7	10931	0.000020
POST_CANDIDATE	orth_d4m6_pl	1	8	11217	0.000041
POST_CANDIDATE	orth_d4m6_pl	1	9	10703	0.000039
POST_ROW	orth_d4m6_pl	172	1096	10938	10703	1019	10703	10703	10703	10703	10703	10703	10703	10703	10703	10703	10703	10703
POST_CANDIDATE	kall_circlespolygons_c1p5b	0	1	368912	0.000410
POST_CANDIDATE	kall_circlespolygons_c1p5b	0	2	371170	0.000413
POST_CANDIDATE	kall_circlespolygons_c1p5b	0	3	249016	0.000407
POST_CANDIDATE	kall_circlespolygons_c1p5b	0	4	335803	0.000533
POST_CANDIDATE	kall_circlespolygons_c1p5b	0	5	344329	0.000518
POST_CANDIDATE	kall_circlespolygons_c1p5b	0	6	361814	0.000504
POST_CANDIDATE	kall_circlespolygons_c1p5b	0	7	246046	0.000379
POST_CANDIDATE	kall_circlespolygons_c1p5b	0	8	246046	0.000328
POST_CANDIDATE	kall_circlespolygons_c1p5b	0	9	246046	0.000316
POST_CANDIDATE	kall_circlespolygons_c1p5b	1	1	350715	0.000276
POST_CANDIDATE	kall_circlespolygons_c1p5b	1	2	348010	0.000260
POST_CANDIDATE	kall_circlespolygons_c1p5b	1	3	229121	0.000267
POST_CANDIDATE	kall_circlespolygons_c1p5b	1	4	349502	0.000376
POST_CANDIDATE	kall_circlespolygons_c1p5b	1	5	262927	0.000358
POST_CANDIDATE	kall_circlespolygons_c1p5b	1	6	341948	0.000356
POST_CANDIDATE	kall_circlespolygons_c1p5b	1	7	482209	0.000308
POST_CANDIDATE	kall_circlespolygons_c1p5b	1	8	229121	0.000236
POST_CANDIDATE	kall_circlespolygons_c1p5b	1	9	229121	0.000214
POST_ROW	kall_circlespolygons_c1p5b	1681	7432	201759	193841	11831	193841	193841	193841	193841	193841	193841	193841	193841	193841	193841	193841	193841
POST_ROW	acopf_case9241pegase_qcqp	313068	1292408	34647355	33736789	1988065	33736789	33736789	33736789	33736789	33736789	33736789	33736789	33736789	33736789	33736789	33736789	33736789
POST_CANDIDATE	ex1223	0	1	320	0.000007
POST_CANDIDATE	ex1223	0	2	360	0.000006
POST_CANDIDATE	ex1223	0	3	347	0.000005
POST_CANDIDATE	ex1223	0	4	340	0.000005
POST_CANDIDATE	ex1223	0	5	438	0.000005
POST_CANDIDATE	ex1223	0	6	407	0.000005
POST_CANDIDATE	ex1223	0	7	429	0.000005
POST_CANDIDATE	ex1223	0	8	429	0.000003
POST_CANDIDATE	ex1223	0	9	429	0.000003
POST_CANDIDATE	ex1223	1	1	411	0.000007
POST_CANDIDATE	ex1223	1	2	415	0.000008
POST_CANDIDATE	ex1223	1	3	472	0.000007
POST_CANDIDATE	ex1223	1	4	426	0.000006
POST_CANDIDATE	ex1223	1	5	488	0.000006
POST_CANDIDATE	ex1223	1	6	415	0.000006
POST_CANDIDATE	ex1223	1	7	448	0.000005
POST_CANDIDATE	ex1223	1	8	448	0.000003
POST_CANDIDATE	ex1223	1	9	448	0.000003
POST_ROW	ex1223	33	82	244	244	86	244	244	244	244	244	244	244	244	244	244	244	244
POST_ROW	ex6_1_4	10	48	197	153	37	153	153	153	153	153	153	153	153	153	153	153	153
POST_CANDIDATE	powerflow0014r	0	1	21178	0.000087
POST_CANDIDATE	powerflow0014r	0	2	19592	0.000078
POST_CANDIDATE	powerflow0014r	0	3	25870	0.000076
POST_CANDIDATE	powerflow0014r	0	4	28009	0.000085
POST_CANDIDATE	powerflow0014r	0	5	21174	0.000077
POST_CANDIDATE	powerflow0014r	0	6	25947	0.000077
POST_CANDIDATE	powerflow0014r	0	7	19011	0.000055
POST_CANDIDATE	powerflow0014r	0	8	24741	0.000065
POST_CANDIDATE	powerflow0014r	0	9	24741	0.000042
POST_CANDIDATE	powerflow0014r	1	1	17623	0.000062
POST_CANDIDATE	powerflow0014r	1	2	20591	0.000066
POST_CANDIDATE	powerflow0014r	1	3	26430	0.000061
POST_CANDIDATE	powerflow0014r	1	4	19604	0.000066
POST_CANDIDATE	powerflow0014r	1	5	17587	0.000066
POST_CANDIDATE	powerflow0014r	1	6	18369	0.000065
POST_CANDIDATE	powerflow0014r	1	7	17740	0.000046
POST_CANDIDATE	powerflow0014r	1	8	26150	0.000053
POST_CANDIDATE	powerflow0014r	1	9	26150	0.000037
POST_ROW	powerflow0014r	403	1630	10761	10361	1783	10361	10361	10361	10361	10361	10361	10361	10361	10361	10361	10361	10361
POST_ROW	knp5-43	2065	31132	3517788	3517788	36336	3517788	3517788	3517788	3517788	3517788	3517788	3517788	3517788	3517788	3517788	3517788	3517788
POST_ROW	gabriel09	21688	89702	29373994	26366112	228634	26366112	26366112	26366112	26366112	26366112	26366112	26366112	26366112	26366112	26366112	26366112	26366112
POST_CANDIDATE	tln2	0	1	303	0.000006
POST_CANDIDATE	tln2	0	2	448	0.000005
POST_CANDIDATE	tln2	0	3	395	0.000005
POST_CANDIDATE	tln2	0	4	374	0.000004
POST_CANDIDATE	tln2	0	5	298	0.000004
POST_CANDIDATE	tln2	0	6	303	0.000004
POST_CANDIDATE	tln2	0	7	395	0.000003
POST_CANDIDATE	tln2	0	8	395	0.000002
POST_CANDIDATE	tln2	0	9	395	0.000002
POST_ROW	tln2	32	88	233	233	83	233	233	233	233	233	233	233	233	233	233	233	233
POST_ROW	prob02	22	76	267	232	66	232	232	232	232	232	232	232	232	232	232	232	232
POST_CANDIDATE	blend146	0	1	148010	0.000265
POST_CANDIDATE	blend146	0	2	155265	0.000278
POST_CANDIDATE	blend146	0	3	166365	0.000266
POST_CANDIDATE	blend146	0	4	152354	0.000315
POST_CANDIDATE	blend146	0	5	130657	0.000289
POST_CANDIDATE	blend146	0	6	408896	0.000326
POST_CANDIDATE	blend146	0	7	154452	0.000251
POST_CANDIDATE	blend146	0	8	154452	0.000198
POST_CANDIDATE	blend146	0	9	154452	0.000180
POST_CANDIDATE	blend146	1	1	116550	0.000251
POST_CANDIDATE	blend146	1	2	107782	0.000252
POST_CANDIDATE	blend146	1	3	117864	0.000244
POST_CANDIDATE	blend146	1	4	121539	0.000276
POST_CANDIDATE	blend146	1	5	118672	0.000284
POST_CANDIDATE	blend146	1	6	108277	0.000285
POST_CANDIDATE	blend146	1	7	107326	0.000235
POST_CANDIDATE	blend146	1	8	107326	0.000184
POST_CANDIDATE	blend146	1	9	107326	0.000160
POST_ROW	blend146	1422	4460	78102	64296	6042	64296	64296	64296	64296	64296	64296	64296	64296	64296	64296	64296	64296
POST_CANDIDATE	mpbp_46	0	1	18446744073709551615	0.000329
POST_CANDIDATE	mpbp_46	0	2	18446744073709551615	0.000111
POST_CANDIDATE	mpbp_46	0	3	18446744073709551615	0.000110
POST_CANDIDATE	mpbp_46	0	4	18446744073709551615	0.000594
POST_CANDIDATE	mpbp_46	0	5	18446744073709551615	0.000583
POST_CANDIDATE	mpbp_46	0	6	18446744073709551615	0.000639
POST_CANDIDATE	mpbp_46	0	7	18446744073709551615	0.000093
POST_CANDIDATE	mpbp_46	0	8	18446744073709551615	0.000087
POST_CANDIDATE	mpbp_46	0	9	18446744073709551615	0.000086
POST_CANDIDATE	mpbp_46	1	1	18446744073709551615	0.000108
POST_CANDIDATE	mpbp_46	1	2	18446744073709551615	0.000133
POST_CANDIDATE	mpbp_46	1	3	18446744073709551615	0.000131
POST_CANDIDATE	mpbp_46	1	4	18446744073709551615	0.000198
POST_CANDIDATE	mpbp_46	1	5	18446744073709551615	0.000192
POST_CANDIDATE	mpbp_46	1	6	18446744073709551615	0.000190
POST_CANDIDATE	mpbp_46	1	7	18446744073709551615	0.000105
POST_CANDIDATE	mpbp_46	1	8	18446744073709551615	0.000097
POST_CANDIDATE	mpbp_46	1	9	18446744073709551615	0.000095
POST_ROW	mpbp_46	4518	14492	499547	447643	24571	447643	447643	447643	447643	447643	447643	447643	447643	447643	447643	447643	447643
POST_CANDIDATE	tls6	0	1	25743	0.000075
POST_CANDIDATE	tls6	0	2	24830	0.000073
POST_CANDIDATE	tls6	0	3	27677	0.000067
POST_CANDIDATE	tls6	0	4	26960	0.000084
POST_CANDIDATE	tls6	0	5	26695	0.000079
POST_CANDIDATE	tls6	0	6	26564	0.000079
POST_CANDIDATE	tls6	0	7	39856	0.000051
POST_CANDIDATE	tls6	0	8	35060	0.000048
POST_CANDIDATE	tls6	0	9	26730	0.000061
POST_ROW	tls6	413	2860	18483	17511	2429	17511	17511	17511	17511	17511	17511	17511	17511	17511	17511	17511	17511
POST_ROW	emfl100_5_5	21925	52300	221650	221650	62300	221650	221650	221650	221650	221650	221650	221650	221650	221650	221650	221650	221650
POST_ROW	qspp_0_11_0_1_10_1	341	44264	3563707	3531915	24763	3531915	3531915	3531915	3531915	3531915	3531915	3531915	3531915	3531915	3531915	3531915	3531915
POST_CANDIDATE	p_ball_10b_5p_4d_m	0	1	39867	0.000044
POST_CANDIDATE	p_ball_10b_5p_4d_m	0	2	38283	0.000040
POST_CANDIDATE	p_ball_10b_5p_4d_m	0	3	39919	0.000041
POST_CANDIDATE	p_ball_10b_5p_4d_m	0	4	18116	0.000061
POST_CANDIDATE	p_ball_10b_5p_4d_m	0	5	17884	0.000058
POST_CANDIDATE	p_ball_10b_5p_4d_m	0	6	30681	0.000054
POST_CANDIDATE	p_ball_10b_5p_4d_m	0	7	17507	0.000022
POST_CANDIDATE	p_ball_10b_5p_4d_m	0	8	39919	0.000036
POST_CANDIDATE	p_ball_10b_5p_4d_m	0	9	39919	0.000028
POST_CANDIDATE	p_ball_10b_5p_4d_m	1	1	62172	0.000110
POST_CANDIDATE	p_ball_10b_5p_4d_m	1	2	56505	0.000083
POST_CANDIDATE	p_ball_10b_5p_4d_m	1	3	60622	0.000077
POST_CANDIDATE	p_ball_10b_5p_4d_m	1	4	62659	0.000129
POST_CANDIDATE	p_ball_10b_5p_4d_m	1	5	62130	0.000126
POST_CANDIDATE	p_ball_10b_5p_4d_m	1	6	62863	0.000129
POST_CANDIDATE	p_ball_10b_5p_4d_m	1	7	20841	0.000040
POST_CANDIDATE	p_ball_10b_5p_4d_m	1	8	59962	0.000073
POST_CANDIDATE	p_ball_10b_5p_4d_m	1	9	59962	0.000057
POST_ROW	p_ball_10b_5p_4d_m	403	1484	13581	13288	1736	13288	13288	13288	13288	13288	13288	13288	13288	13288	13288	13288	13288
POST_CANDIDATE	st_rv9	0	1	6885	0.000040
POST_CANDIDATE	st_rv9	0	2	6379	0.000039
POST_CANDIDATE	st_rv9	0	3	6885	0.000033
POST_CANDIDATE	st_rv9	0	4	6350	0.000045
POST_CANDIDATE	st_rv9	0	5	6525	0.000048
POST_CANDIDATE	st_rv9	0	6	6379	0.000045
POST_CANDIDATE	st_rv9	0	7	6691	0.000009
POST_CANDIDATE	st_rv9	0	8	6379	0.000033
POST_CANDIDATE	st_rv9	0	9	6408	0.000032
POST_ROW	st_rv9	90	840	6691	6321	679	6321	6321	6321	6321	6321	6321	6321	6321	6321	6321	6321	6321
POST_CANDIDATE	rsyn0840m02m	0	1	18446744073709551615	0.000408
POST_CANDIDATE	rsyn0840m02m	0	2	18446744073709551615	0.000349
POST_CANDIDATE	rsyn0840m02m	0	3	18446744073709551615	0.000391
POST_CANDIDATE	rsyn0840m02m	0	4	18446744073709551615	0.000481
POST_CANDIDATE	rsyn0840m02m	0	5	18446744073709551615	0.000482
POST_CANDIDATE	rsyn0840m02m	0	6	18446744073709551615	0.000431
POST_CANDIDATE	rsyn0840m02m	0	7	18446744073709551615	0.000324
POST_CANDIDATE	rsyn0840m02m	0	8	18446744073709551615	0.000278
POST_CANDIDATE	rsyn0840m02m	0	9	18446744073709551615	0.000260
POST_CANDIDATE	rsyn0840m02m	1	1	18446744073709551615	0.000345
POST_CANDIDATE	rsyn0840m02m	1	2	18446744073709551615	0.000380
POST_CANDIDATE	rsyn0840m02m	1	3	18446744073709551615	0.000378
POST_CANDIDATE	rsyn0840m02m	1	4	18446744073709551615	0.000400
POST_CANDIDATE	rsyn0840m02m	1	5	245978	0.000647
POST_CANDIDATE	rsyn0840m02m	1	6	18446744073709551615	0.000436
POST_CANDIDATE	rsyn0840m02m	1	7	18446744073709551615	0.000345
POST_CANDIDATE	rsyn0840m02m	1	8	18446744073709551615	0.000280
POST_CANDIDATE	rsyn0840m02m	1	9	18446744073709551615	0.000255
POST_ROW	rsyn0840m02m	3486	9576	47529	44981	10989	44981	44981	44981	44981	44981	44981	44981	44981	44981	44981	44981	44981
POST_ROW	nvs05	22	84	277	266	72	266	266	266	266	266	266	266	266	266	266	266	266
POST_ROW	autocorr_bern25-19	28	612	5278	5278	334	5278	5278	5278	5278	5278	5278	5278	5278	5278	5278	5278	5278
POST_CANDIDATE	sssd20-08persp	0	1	5032	0.000028
POST_CANDIDATE	sssd20-08persp	0	2	5176	0.000024
POST_CANDIDATE	sssd20-08persp	0	3	9915	0.000023
POST_CANDIDATE	sssd20-08persp	0	4	9189	0.000034
POST_CANDIDATE	sssd20-08persp	0	5	9745	0.000032
POST_CANDIDATE	sssd20-08persp	0	6	9828	0.000030
POST_CANDIDATE	sssd20-08persp	0	7	5592	0.000020
POST_CANDIDATE	sssd20-08persp	0	8	9915	0.000020
POST_CANDIDATE	sssd20-08persp	0	9	9915	0.000018
POST_CANDIDATE	sssd20-08persp	1	1	5992	0.000057
POST_CANDIDATE	sssd20-08persp	1	2	5992	0.000056
POST_CANDIDATE	sssd20-08persp	1	3	6949	0.000056
POST_CANDIDATE	sssd20-08persp	1	4	6450	0.000073
POST_CANDIDATE	sssd20-08persp	1	5	6666	0.000076
POST_CANDIDATE	sssd20-08persp	1	6	6421	0.000066
POST_CANDIDATE	sssd20-08persp	1	7	6480	0.000027
POST_CANDIDATE	sssd20-08persp	1	8	6949	0.000050
POST_CANDIDATE	sssd20-08persp	1	9	6949	0.000044
POST_ROW	sssd20-08persp	356	1232	4960	4960	1208	4960	4960	4960	4960	4960	4960	4960	4960	4960	4960	4960	4960
POST_CANDIDATE	multiplants_stg5	0	1	448599	0.000211
POST_CANDIDATE	multiplants_stg5	0	2	473749	0.000203
POST_CANDIDATE	multiplants_stg5	0	3	472707	0.000199
POST_CANDIDATE	multiplants_stg5	0	4	521940	0.000231
POST_CANDIDATE	multiplants_stg5	0	5	432570	0.000230
POST_CANDIDATE	multiplants_stg5	0	6	463170	0.000236
POST_CANDIDATE	multiplants_stg5	0	7	1017564	0.000184
POST_CANDIDATE	multiplants_stg5	0	8	467467	0.000198
POST_CANDIDATE	multiplants_stg5	0	9	433994	0.000181
POST_CANDIDATE	multiplants_stg5	1	1	851340	0.000446
POST_CANDIDATE	multiplants_stg5	1	2	817716	0.000453
POST_CANDIDATE	multiplants_stg5	1	3	849015	0.000453
POST_CANDIDATE	multiplants_stg5	1	4	857046	0.000482
POST_CANDIDATE	multiplants_stg5	1	5	836764	0.000471
POST_CANDIDATE	multiplants_stg5	1	6	820476	0.000466
POST_CANDIDATE	multiplants_stg5	1	7	876495	0.000380
POST_CANDIDATE	multiplants_stg5	1	8	817187	0.000398
POST_CANDIDATE	multiplants_stg5	1	9	813529	0.000410
POST_ROW	multiplants_stg5	827	3804	377794	155722	7440	155722	155722	155722	155722	155722	155722	155722	155722	155722	155722	155722	155722
POST_CANDIDATE	chimera_rfr-02	0	1	9391229	0.002368
POST_CANDIDATE	chimera_rfr-02	0	2	7407541	0.002173
POST_CANDIDATE	chimera_rfr-02	0	3	7437618	0.002193
POST_CANDIDATE	chimera_rfr-02	0	4	18446744073709551615	0.001948
POST_CANDIDATE	chimera_rfr-02	0	5	6677473	0.002178
POST_CANDIDATE	chimera_rfr-02	0	6	11116987	0.002729
POST_CANDIDATE	chimera_rfr-02	0	7	7393343	0.002141
POST_CANDIDATE	chimera_rfr-02	0	8	7393343	0.002096
POST_CANDIDATE	chimera_rfr-02	0	9	7393343	0.002908
POST_ROW	chimera_rfr-02	2032	15140	3860441	2487310	51728	2487310	2487310	2487310	2487310	2487310	2487310	2487310	2487310	2487310	2487310	2487310	2487310
POST_CANDIDATE	multiplants_stg1a	0	1	236542	0.000167
POST_CANDIDATE	multiplants_stg1a	0	2	248838	0.000151
POST_CANDIDATE	multiplants_stg1a	0	3	304595	0.000155
POST_CANDIDATE	multiplants_stg1a	0	4	312363	0.000168
POST_CANDIDATE	multiplants_stg1a	0	5	309941	0.000167
POST_CANDIDATE	multiplants_stg1a	0	6	235977	0.000154
POST_CANDIDATE	multiplants_stg1a	0	7	407992	0.000131
POST_CANDIDATE	multiplants_stg1a	0	8	341420	0.000147
POST_CANDIDATE	multiplants_stg1a	0	9	306103	0.000140
POST_CANDIDATE	multiplants_stg1a	1	1	462344	0.000236
POST_CANDIDATE	multiplants_stg1a	1	2	324425	0.000234
POST_CANDIDATE	multiplants_stg1a	1	3	324729	0.000233
POST_CANDIDATE	multiplants_stg1a	1	4	347431	0.000249
POST_CANDIDATE	multiplants_stg1a	1	5	333843	0.000241
POST_CANDIDATE	multiplants_stg1a	1	6	447249	0.000246
POST_CANDIDATE	multiplants_stg1a	1	7	461821	0.000172
POST_CANDIDATE	multiplants_stg1a	1	8	353129	0.000208
POST_CANDIDATE	multiplants_stg1a	1	9	335404	0.000202
POST_ROW	multiplants_stg1a	726	3510	142058	121443	6211	121443	121443	121443	121443	121443	121443	121443	121443	121443	121443	121443	121443
POST_CANDIDATE	pooling_adhya4pq	0	1	28947	0.000044
POST_CANDIDATE	pooling_adhya4pq	0	2	31832	0.000043
POST_CANDIDATE	pooling_adhya4pq	0	3	34866	0.000040
POST_CANDIDATE	pooling_adhya4pq	0	4	28554	0.000041
POST_CANDIDATE	pooling_adhya4pq	0	5	29163	0.000043
POST_CANDIDATE	pooling_adhya4pq	0	6	36824	0.000042
POST_CANDIDATE	pooling_adhya4pq	0	7	58769	0.000042
POST_CANDIDATE	pooling_adhya4pq	0	8	32574	0.000038
POST_CANDIDATE	pooling_adhya4pq	0	9	32574	0.000023
POST_CANDIDATE	pooling_adhya4pq	1	1	28947	0.000032
POST_CANDIDATE	pooling_adhya4pq	1	2	31832	0.000036
POST_CANDIDATE	pooling_adhya4pq	1	3	35969	0.000036
POST_CANDIDATE	pooling_adhya4pq	1	4	31223	0.000041
POST_CANDIDATE	pooling_adhya4pq	1	5	38952	0.000041
POST_CANDIDATE	pooling_adhya4pq	1	6	31407	0.000039
POST_CANDIDATE	pooling_adhya4pq	1	7	59682	0.000040
POST_CANDIDATE	pooling_adhya4pq	1	8	32574	0.000030
POST_CANDIDATE	pooling_adhya4pq	1	9	32574	0.000021
POST_ROW	pooling_adhya4pq	170	932	24314	16556	1362	16556	16556	16556	16556	16556	16556	16556	16556	16556	16556	16556	16556
POST_ROW	nuclear10a	17493	163816	82406325	55754381	365783	55754381	55754381	55754381	55754381	55754381	55754381	55754381	55754381	55754381	55754381	55754381	55754381
POST_ROW	sonet24v5	874	7260	185654	110276	7010	110276	110276	110276	110276	110276	110276	110276	110276	110276	110276	110276	110276
POST_ROW	transswitch2736spr	69651	331010	7933133	7281507	439563	7281507	7281507	7281507	7281507	7281507	7281507	7281507	7281507	7281507	7281507	7281507	7281507
POST_CANDIDATE	chp_shorttermplan2a	0	1	18446744073709551615	0.000108
POST_CANDIDATE	chp_shorttermplan2a	0	2	18446744073709551615	0.000153
POST_CANDIDATE	chp_shorttermplan2a	0	3	18446744073709551615	0.000148
POST_CANDIDATE	chp_shorttermplan2a	0	4	18446744073709551615	0.000268
POST_CANDIDATE	chp_shorttermplan2a	0	5	18446744073709551615	0.000266
POST_CANDIDATE	chp_shorttermplan2a	0	6	18446744073709551615	0.000257
POST_CANDIDATE	chp_shorttermplan2a	0	7	18446744073709551615	0.000102
POST_CANDIDATE	chp_shorttermplan2a	0	8	18446744073709551615	0.000100
POST_CANDIDATE	chp_shorttermplan2a	0	9	18446744073709551615	0.000099
POST_CANDIDATE	chp_shorttermplan2a	1	1	18446744073709551615	0.000100
POST_CANDIDATE	chp_shorttermplan2a	1	2	18446744073709551615	0.000159
POST_CANDIDATE	chp_shorttermplan2a	1	3	18446744073709551615	0.000142
POST_CANDIDATE	chp_shorttermplan2a	1	4	18446744073709551615	0.000252
POST_CANDIDATE	chp_shorttermplan2a	1	5	18446744073709551615	0.000252
POST_CANDIDATE	chp_shorttermplan2a	1	6	18446744073709551615	0.000271
POST_CANDIDATE	chp_shorttermplan2a	1	7	18446744073709551615	0.000107
POST_CANDIDATE	chp_shorttermplan2a	1	8	18446744073709551615	0.000101
POST_CANDIDATE	chp_shorttermplan2a	1	9	18446744073709551615	0.000101
POST_ROW	chp_shorttermplan2a	8992	26288	821014	576395	38347	576395	576395	576395	576395	576395	576395	576395	576395	576395	576395	576395	576395
POST_CANDIDATE	catmix200	0	1	18164	0.000082
POST_CANDIDATE	catmix200	0	2	18164	0.000089
POST_CANDIDATE	catmix200	0	3	18164	0.000087
POST_CANDIDATE	catmix200	0	4	18164	0.000112
POST_CANDIDATE	catmix200	0	5	18164	0.000106
POST_CANDIDATE	catmix200	0	6	18164	0.000106
POST_CANDIDATE	catmix200	0	7	18164	0.000079
POST_CANDIDATE	catmix200	0	8	18164	0.000078
POST_CANDIDATE	catmix200	0	9	18164	0.000077
POST_CANDIDATE	catmix200	1	1	18189	0.000079
POST_CANDIDATE	catmix200	1	2	18189	0.000084
POST_CANDIDATE	catmix200	1	3	18189	0.000087
POST_CANDIDATE	catmix200	1	4	18189	0.000105
POST_CANDIDATE	catmix200	1	5	18189	0.000103
POST_CANDIDATE	catmix200	1	6	18189	0.000106
POST_CANDIDATE	catmix200	1	7	18189	0.000079
POST_CANDIDATE	catmix200	1	8	18189	0.000077
POST_CANDIDATE	catmix200	1	9	18189	0.000077
POST_ROW	catmix200	1001	5592	18173	18164	4196	18164	18164	18164	18164	18164	18164	18164	18164	18164	18164	18164	18164
POST_ROW	nvs23	27	252	1921	1221	153	1221	1221	1221	1221	1221	1221	1221	1221	1221	1221	1221	1221
POST_ROW	oaer	20	40	107	107	45	107	107	107	107	107	107	107	107	107	107	107	107
POST_CANDIDATE	hybriddynamic_fixed	0	1	1727	0.000019
POST_CANDIDATE	hybriddynamic_fixed	0	2	2077	0.000017
POST_CANDIDATE	hybriddynamic_fixed	0	3	1791	0.000016
POST_CANDIDATE	hybriddynamic_fixed	0	4	4164	0.000023
POST_CANDIDATE	hybriddynamic_fixed	0	5	3324	0.000021
POST_CANDIDATE	hybriddynamic_fixed	0	6	2642	0.000019
POST_CANDIDATE	hybriddynamic_fixed	0	7	2156	0.000014
POST_CANDIDATE	hybriddynamic_fixed	0	8	2156	0.000011
POST_CANDIDATE	hybriddynamic_fixed	0	9	2156	0.000010
POST_ROW	hybriddynamic_fixed	168	388	1103	1103	421	1103	1103	1103	1103	1103	1103	1103	1103	1103	1103	1103	1103
POST_CANDIDATE	edgecross24-115	0	1	40301578	0.003525
POST_CANDIDATE	edgecross24-115	0	2	48269554	0.003744
POST_CANDIDATE	edgecross24-115	0	3	51951198	0.003822
POST_CANDIDATE	edgecross24-115	0	4	50632479	0.004443
POST_CANDIDATE	edgecross24-115	0	5	50289579	0.004404
POST_CANDIDATE	edgecross24-115	0	6	50735923	0.004369
POST_CANDIDATE	edgecross24-115	0	7	30969662	0.005400
POST_CANDIDATE	edgecross24-115	0	8	27812129	0.005569
POST_CANDIDATE	edgecross24-115	0	9	41115895	0.003571
POST_CANDIDATE	edgecross24-115	1	1	30035616	0.006186
POST_CANDIDATE	edgecross24-115	1	2	27941722	0.006307
POST_CANDIDATE	edgecross24-115	1	3	27934515	0.006269
POST_CANDIDATE	edgecross24-115	1	4	32193683	0.007959
POST_CANDIDATE	edgecross24-115	1	5	29332830	0.007634
POST_CANDIDATE	edgecross24-115	1	6	27860642	0.007577
POST_CANDIDATE	edgecross24-115	1	7	47105806	0.001147
POST_CANDIDATE	edgecross24-115	1	8	28019600	0.006071
POST_CANDIDATE	edgecross24-115	1	9	27935538	0.006049
POST_ROW	edgecross24-115	16747	77352	35096942	27935538	185122	27626301	27935538	27935538	27934515	27935538	27935538	27860642	27935538	27812129	27935538	27812129	27654483
POST_CANDIDATE	space25	0	1	31468	0.000112
POST_CANDIDATE	space25	0	2	28825	0.000103
POST_CANDIDATE	space25	0	3	32893	0.000101
POST_CANDIDATE	space25	0	4	29628	0.000106
POST_CANDIDATE	space25	0	5	29711	0.000104
POST_CANDIDATE	space25	0	6	30430	0.000101
POST_CANDIDATE	space25	0	7	41327	0.000087
POST_CANDIDATE	space25	0	8	30847	0.000091
POST_CANDIDATE	space25	0	9	30847	0.000069
POST_CANDIDATE	space25	1	1	45799	0.000102
POST_CANDIDATE	space25	1	2	48021	0.000117
POST_CANDIDATE	space25	1	3	48568	0.000109
POST_CANDIDATE	space25	1	4	40017	0.000109
POST_CANDIDATE	space25	1	5	44506	0.000105
POST_CANDIDATE	space25	1	6	45760	0.000108
POST_CANDIDATE	space25	1	7	44388	0.000096
POST_CANDIDATE	space25	1	8	44388	0.000070
POST_CANDIDATE	space25	1	9	44388	0.000076
POST_ROW	space25	1178	4334	23567	22528	4186	22528	22528	22528	22528	22528	22528	22528	22528	22528	22528	22528	22528
POST_ROW	methanol400	23999	151728	2586036	1864047	186271	1864047	1864047	1864047	1864047	1864047	1864047	1864047	1864047	1864047	1864047	1864047	1864047
POST_CANDIDATE	pooling_foulds5tp	0	1	282908	0.000557
POST_CANDIDATE	pooling_foulds5tp	0	2	252088	0.000578
POST_CANDIDATE	pooling_foulds5tp	0	3	294013	0.000542
POST_CANDIDATE	pooling_foulds5tp	0	4	292796	0.000712
POST_CANDIDATE	pooling_foulds5tp	0	5	285548	0.000724
POST_CANDIDATE	pooling_foulds5tp	0	6	283027	0.000707
POST_CANDIDATE	pooling_foulds5tp	0	7	208539	0.000102
POST_CANDIDATE	pooling_foulds5tp	0	8	255582	0.000388
POST_CANDIDATE	pooling_foulds5tp	0	9	252088	0.000515
POST_ROW	pooling_foulds5tp	1218	8364	251833	171941	9811	171941	171941	171941	171941	171941	171941	171941	171941	171941	171941	171941	171941
POST_ROW	pooling_sppa9tp	5040	121302	104609262	16877457	158869	16877457	16877457	16877457	16877457	16877457	16877457	16877457	16877457	16877457	16877457	16877457	16877457
POST_ROW	st_miqp2	10	18	37	37	19	37	37	37	37	37	37	37	37	37	37	37	37
POST_ROW	autocorr_bern30-23	33	878	8940	8940	472	8940	8940	8940	8940	8940	8940	8940	8940	8940	8940	8940	8940
POST_CANDIDATE	mpbp_15	0	1	18446744073709551615	0.000150
POST_CANDIDATE	mpbp_15	0	2	18446744073709551615	0.000213
POST_CANDIDATE	mpbp_15	0	3	18446744073709551615	0.000189
POST_CANDIDATE	mpbp_15	0	4	18446744073709551615	0.000269
POST_CANDIDATE	mpbp_15	0	5	18446744073709551615	0.000263
POST_CANDIDATE	mpbp_15	0	6	18446744073709551615	0.000273
POST_CANDIDATE	mpbp_15	0	7	18446744073709551615	0.000150
POST_CANDIDATE	mpbp_15	0	8	18446744073709551615	0.000132
POST_CANDIDATE	mpbp_15	0	9	18446744073709551615	0.000132
POST_CANDIDATE	mpbp_15	1	1	18446744073709551615	0.000163
POST_CANDIDATE	mpbp_15	1	2	18446744073709551615	0.000189
POST_CANDIDATE	mpbp_15	1	3	18446744073709551615	0.000171
POST_CANDIDATE	mpbp_15	1	4	18446744073709551615	0.000277
POST_CANDIDATE	mpbp_15	1	5	18446744073709551615	0.000274
POST_CANDIDATE	mpbp_15	1	6	18446744073709551615	0.000279
POST_CANDIDATE	mpbp_15	1	7	18446744073709551615	0.000133
POST_CANDIDATE	mpbp_15	1	8	18446744073709551615	0.000128
POST_CANDIDATE	mpbp_15	1	9	18446744073709551615	0.000136
POST_ROW	mpbp_15	9858	31692	1496502	1185325	56119	1185325	1185325	1185325	1185325	1185325	1185325	1185325	1185325	1185325	1185325	1185325	1185325
POST_CANDIDATE	cvxnonsep_psig30r	0	1	656	0.000009
POST_CANDIDATE	cvxnonsep_psig30r	0	2	656	0.000007
POST_CANDIDATE	cvxnonsep_psig30r	0	3	656	0.000006
POST_CANDIDATE	cvxnonsep_psig30r	0	4	656	0.000005
POST_CANDIDATE	cvxnonsep_psig30r	0	5	656	0.000005
POST_CANDIDATE	cvxnonsep_psig30r	0	6	656	0.000005
POST_CANDIDATE	cvxnonsep_psig30r	0	7	656	0.000004
POST_CANDIDATE	cvxnonsep_psig30r	0	8	656	0.000004
POST_CANDIDATE	cvxnonsep_psig30r	0	9	656	0.000004
POST_ROW	cvxnonsep_psig30r	126	250	501	501	251	501	501	501	501	501	501	501	501	501	501	501	501
POST_CANDIDATE	rsyn0830hfsg	0	1	234381	0.000377
POST_CANDIDATE	rsyn0830hfsg	0	2	538555	0.000490
POST_CANDIDATE	rsyn0830hfsg	0	3	651007	0.000496
POST_CANDIDATE	rsyn0830hfsg	0	4	337861	0.000428
POST_CANDIDATE	rsyn0830hfsg	0	5	471110	0.000466
POST_CANDIDATE	rsyn0830hfsg	0	6	499609	0.000506
POST_CANDIDATE	rsyn0830hfsg	0	7	680478	0.000487
POST_CANDIDATE	rsyn0830hfsg	0	8	680478	0.000440
POST_CANDIDATE	rsyn0830hfsg	0	9	680478	0.000424
POST_CANDIDATE	rsyn0830hfsg	1	1	152498	0.000311
POST_CANDIDATE	rsyn0830hfsg	1	2	259873	0.000361
POST_CANDIDATE	rsyn0830hfsg	1	3	355132	0.000388
POST_CANDIDATE	rsyn0830hfsg	1	4	377824	0.000425
POST_CANDIDATE	rsyn0830hfsg	1	5	208428	0.000362
POST_CANDIDATE	rsyn0830hfsg	1	6	149034	0.000332
POST_CANDIDATE	rsyn0830hfsg	1	7	380808	0.000386
POST_CANDIDATE	rsyn0830hfsg	1	8	380808	0.000340
POST_CANDIDATE	rsyn0830hfsg	1	9	380808	0.000317
POST_ROW	rsyn0830hfsg	1590	4100	16168	15383	4687	15383	15383	15383	15383	15383	15383	15383	15383	15383	15383	15383	15383
POST_CANDIDATE	crudeoil_pooling_ct1	0	1	884610	0.000446
POST_CANDIDATE	crudeoil_pooling_ct1	0	2	555692	0.000402
POST_CANDIDATE	crudeoil_pooling_ct1	0	3	655698	0.000389
POST_CANDIDATE	crudeoil_pooling_ct1	0	4	915090	0.000484
POST_CANDIDATE	crudeoil_pooling_ct1	0	5	792555	0.000461
POST_CANDIDATE	crudeoil_pooling_ct1	0	6	688131	0.000447
POST_CANDIDATE	crudeoil_pooling_ct1	0	7	504910	0.000282
POST_CANDIDATE	crudeoil_pooling_ct1	0	8	632685	0.000374
POST_CANDIDATE	crudeoil_pooling_ct1	0	9	632685	0.000317
POST_CANDIDATE	crudeoil_pooling_ct1	1	1	18446744073709551615	0.000327
POST_CANDIDATE	crudeoil_pooling_ct1	1	2	18446744073709551615	0.000348
POST_CANDIDATE	crudeoil_pooling_ct1	1	3	18446744073709551615	0.000360
POST_CANDIDATE	crudeoil_pooling_ct1	1	4	18446744073709551615	0.000392
POST_CANDIDATE	crudeoil_pooling_ct1	1	5	18446744073709551615	0.000403
POST_CANDIDATE	crudeoil_pooling_ct1	1	6	18446744073709551615	0.000348
POST_CANDIDATE	crudeoil_pooling_ct1	1	7	18446744073709551615	0.000345
POST_CANDIDATE	crudeoil_pooling_ct1	1	8	18446744073709551615	0.000343
POST_CANDIDATE	crudeoil_pooling_ct1	1	9	18446744073709551615	0.000310
POST_ROW	crudeoil_pooling_ct1	1271	4642	125127	93863	7323	93863	93863	93863	93863	93863	93863	93863	93863	93863	93863	93863	93863
POST_CANDIDATE	multiplants_stg1c	0	1	343121	0.000387
POST_CANDIDATE	multiplants_stg1c	0	2	338926	0.000372
POST_CANDIDATE	multiplants_stg1c	0	3	351200	0.000365
POST_CANDIDATE	multiplants_stg1c	0	4	337432	0.000418
POST_CANDIDATE	multiplants_stg1c	0	5	331347	0.000418
POST_CANDIDATE	multiplants_stg1c	0	6	340751	0.000401
POST_CANDIDATE	multiplants_stg1c	0	7	605101	0.000316
POST_CANDIDATE	multiplants_stg1c	0	8	340241	0.000243
POST_CANDIDATE	multiplants_stg1c	0	9	337937	0.000342
POST_CANDIDATE	multiplants_stg1c	1	1	308819	0.000220
POST_CANDIDATE	multiplants_stg1c	1	2	312056	0.000216
POST_CANDIDATE	multiplants_stg1c	1	3	290051	0.000218
POST_CANDIDATE	multiplants_stg1c	1	4	307108	0.000238
POST_CANDIDATE	multiplants_stg1c	1	5	301506	0.000240
POST_CANDIDATE	multiplants_stg1c	1	6	308241	0.000234
POST_CANDIDATE	multiplants_stg1c	1	7	521674	0.000201
POST_CANDIDATE	multiplants_stg1c	1	8	297556	0.000184
POST_CANDIDATE	multiplants_stg1c	1	9	312140	0.000202
POST_ROW	multiplants_stg1c	800	3894	150039	143020	6946	143020	143020	143020	143020	143020	143020	143020	143020	143020	143020	143020	143020
POST_ROW	st_pan1	11	32	123	94	30	94	94	94	94	94	94	94	94	94	94	94	94
POST_CANDIDATE	multiplants_stg1b	0	1	502888	0.000182
POST_CANDIDATE	multiplants_stg1b	0	2	558526	0.000191
POST_CANDIDATE	multiplants_stg1b	0	3	504496	0.000180
POST_CANDIDATE	multiplants_stg1b	0	4	503132	0.000209
POST_CANDIDATE	multiplants_stg1b	0	5	488447	0.000210
POST_CANDIDATE	multiplants_stg1b	0	6	493800	0.000202
POST_CANDIDATE	multiplants_stg1b	0	7	900555	0.000170
POST_CANDIDATE	multiplants_stg1b	0	8	523144	0.000172
POST_CANDIDATE	multiplants_stg1b	0	9	550164	0.000178
POST_CANDIDATE	multiplants_stg1b	1	1	660536	0.000181
POST_CANDIDATE	multiplants_stg1b	1	2	557436	0.000176
POST_CANDIDATE	multiplants_stg1b	1	3	608334	0.000172
POST_CANDIDATE	multiplants_stg1b	1	4	640333	0.000200
POST_CANDIDATE	multiplants_stg1b	1	5	619602	0.000192
POST_CANDIDATE	multiplants_stg1b	1	6	600853	0.000190
POST_CANDIDATE	multiplants_stg1b	1	7	1070006	0.000156
POST_CANDIDATE	multiplants_stg1b	1	8	606704	0.000160
POST_CANDIDATE	multiplants_stg1b	1	9	555149	0.000167
POST_ROW	multiplants_stg1b	814	3992	308612	187593	7725	187593	187593	187593	187593	187593	187593	187593	187593	187593	187593	187593	187593
POST_CANDIDATE	methanol200	0	1	18446744073709551615	0.000291
POST_CANDIDATE	methanol200	0	2	18446744073709551615	0.000389
POST_CANDIDATE	methanol200	0	3	18446744073709551615	0.000395
POST_CANDIDATE	methanol200	0	4	18446744073709551615	0.000529
POST_CANDIDATE	methanol200	0	5	18446744073709551615	0.000533
POST_CANDIDATE	methanol200	0	6	18446744073709551615	0.000520
POST_CANDIDATE	methanol200	0	7	18446744073709551615	0.000286
POST_CANDIDATE	methanol200	0	8	18446744073709551615	0.000276
POST_CANDIDATE	methanol200	0	9	18446744073709551615	0.000468
POST_CANDIDATE	methanol200	1	1	18446744073709551615	0.000296
POST_CANDIDATE	methanol200	1	2	18446744073709551615	0.000370
POST_CANDIDATE	methanol200	1	3	18446744073709551615	0.000352
POST_CANDIDATE	methanol200	1	4	18446744073709551615	0.000576
POST_CANDIDATE	methanol200	1	5	18446744073709551615	0.000558
POST_CANDIDATE	methanol200	1	6	18446744073709551615	0.000550
POST_CANDIDATE	methanol200	1	7	18446744073709551615	0.000284
POST_CANDIDATE	methanol200	1	8	18446744073709551615	0.000270
POST_CANDIDATE	methanol200	1	9	18446744073709551615	0.000279
POST_ROW	methanol200	11999	76128	1290836	905945	92103	905945	905945	905945	905945	905945	905945	905945	905945	905945	905945	905945	905945
POST_ROW	faclay35	26778	132380	33630126	32021838	204090	32021838	32021838	32021838	32021838	32021838	32021838	32021838	32021838	32021838	32021838	32021838	32021838
POST_CANDIDATE	emfl050_5_5	0	1	18446744073709551615	0.000087
POST_CANDIDATE	emfl050_5_5	0	2	18446744073709551615	0.000128
POST_CANDIDATE	emfl050_5_5	0	3	18446744073709551615	0.000128
POST_CANDIDATE	emfl050_5_5	0	4	18446744073709551615	0.000136
POST_CANDIDATE	emfl050_5_5	0	5	18446744073709551615	0.000134
POST_CANDIDATE	emfl050_5_5	0	6	18446744073709551615	0.000139
POST_CANDIDATE	emfl050_5_5	0	7	18446744073709551615	0.000080
POST_CANDIDATE	emfl050_5_5	0	8	18446744073709551615	0.000105
POST_CANDIDATE	emfl050_5_5	0	9	18446744073709551615	0.000096
POST_CANDIDATE	emfl050_5_5	1	1	18446744073709551615	0.000122
POST_CANDIDATE	emfl050_5_5	1	2	18446744073709551615	0.000189
POST_CANDIDATE	emfl050_5_5	1	3	18446744073709551615	0.000192
POST_CANDIDATE	emfl050_5_5	1	4	18446744073709551615	0.000254
POST_CANDIDATE	emfl050_5_5	1	5	18446744073709551615	0.000252
POST_CANDIDATE	emfl050_5_5	1	6	18446744073709551615	0.000260
POST_CANDIDATE	emfl050_5_5	1	7	18446744073709551615	0.000122
POST_CANDIDATE	emfl050_5_5	1	8	18446744073709551615	0.000139
POST_CANDIDATE	emfl050_5_5	1	9	18446744073709551615	0.000135
POST_ROW	emfl050_5_5	13175	32300	155400	155400	38550	155400	155400	155400	155400	155400	155400	155400	155400	155400	155400	155400	155400
POST_ROW	transswitch2383wpr	59853	277562	3946309	3861509	332327	3861509	3861509	3861509	3861509	3861509	3861509	3861509	3861509	3861509	3861509	3861509	3861509
POST_CANDIDATE	chimera_lga-01	0	1	18446744073709551615	0.000442
POST_CANDIDATE	chimera_lga-01	0	2	18446744073709551615	0.000394
POST_CANDIDATE	chimera_lga-01	0	3	18446744073709551615	0.000419
POST_CANDIDATE	chimera_lga-01	0	4	18446744073709551615	0.000444
POST_CANDIDATE	chimera_lga-01	0	5	18446744073709551615	0.000423
POST_CANDIDATE	chimera_lga-01	0	6	18446744073709551615	0.000436
POST_CANDIDATE	chimera_lga-01	0	7	18446744073709551615	0.000395
POST_CANDIDATE	chimera_lga-01	0	8	18446744073709551615	0.000355
POST_CANDIDATE	chimera_lga-01	0	9	18446744073709551615	0.000335
POST_CANDIDATE	chimera_lga-01	1	1	18446744073709551615	0.000432
POST_CANDIDATE	chimera_lga-01	1	2	18446744073709551615	0.000418
POST_CANDIDATE	chimera_lga-01	1	3	18446744073709551615	0.000422
POST_CANDIDATE	chimera_lga-01	1	4	18446744073709551615	0.000435
POST_CANDIDATE	chimera_lga-01	1	5	18446744073709551615	0.000412
POST_CANDIDATE	chimera_lga-01	1	6	18446744073709551615	0.000385
POST_CANDIDATE	chimera_lga-01	1	7	18446744073709551615	0.000444
POST_CANDIDATE	chimera_lga-01	1	8	18446744073709551615	0.000405
POST_CANDIDATE	chimera_lga-01	1	9	18446744073709551615	0.000378
POST_ROW	chimera_lga-01	1120	6400	668019	497101	15989	497101	497101	497101	497101	497101	497101	497101	497101	497101	497101	497101	497101
POST_CANDIDATE	gasprod_sarawak16	0	1	18446744073709551615	0.000092
POST_CANDIDATE	gasprod_sarawak16	0	2	18446744073709551615	0.000191
POST_CANDIDATE	gasprod_sarawak16	0	3	18446744073709551615	0.000193
POST_CANDIDATE	gasprod_sarawak16	0	4	18446744073709551615	0.000281
POST_CANDIDATE	gasprod_sarawak16	0	5	18446744073709551615	0.000284
POST_CANDIDATE	gasprod_sarawak16	0	6	18446744073709551615	0.000268
POST_CANDIDATE	gasprod_sarawak16	0	7	18446744073709551615	0.000139
POST_CANDIDATE	gasprod_sarawak16	0	8	18446744073709551615	0.000121
POST_CANDIDATE	gasprod_sarawak16	0	9	18446744073709551615	0.000117
POST_CANDIDATE	gasprod_sarawak16	1	1	18446744073709551615	0.000098
POST_CANDIDATE	gasprod_sarawak16	1	2	18446744073709551615	0.000188
POST_CANDIDATE	gasprod_sarawak16	1	3	18446744073709551615	0.000185
POST_CANDIDATE	gasprod_sarawak16	1	4	18446744073709551615	0.000196
POST_CANDIDATE	gasprod_sarawak16	1	5	18446744073709551615	0.000186
POST_CANDIDATE	gasprod_sarawak16	1	6	18446744073709551615	0.000183
POST_CANDIDATE	gasprod_sarawak16	1	7	18446744073709551615	0.000133
POST_CANDIDATE	gasprod_sarawak16	1	8	18446744073709551615	0.000119
POST_CANDIDATE	gasprod_sarawak16	1	9	18446744073709551615	0.000116
POST_ROW	gasprod_sarawak16	4596	15316	213850	196064	22604	196064	196064	196064	196064	196064	196064	196064	196064	196064	196064	196064	196064
POST_ROW	crudeoil_lee4_09	15904	101792	208785578	130655525	559733	130655525	130655525	130655525	130655525	130655525	130655525	130655525	130655525	130655525	130655525	130655525	130655525
POST_ROW	arki0013	44909	160172	390472987	157005417	695571	157005417	157005417	157005417	157005417	157005417	157005417	157005417	157005417	157005417	157005417	157005417	157005417
POST_CANDIDATE	st_m1	0	1	3097	0.000006
POST_CANDIDATE	st_m1	0	2	3097	0.000005
POST_CANDIDATE	st_m1	0	3	3097	0.000003
POST_CANDIDATE	st_m1	0	4	3097	0.000003
POST_CANDIDATE	st_m1	0	5	3097	0.000004
POST_CANDIDATE	st_m1	0	6	3097	0.000003
POST_CANDIDATE	st_m1	0	7	3097	0.000003
POST_CANDIDATE	st_m1	0	8	3097	0.000003
POST_CANDIDATE	st_m1	0	9	3097	0.000003
POST_ROW	st_m1	42	432	3097	3097	313	3097	3097	3097	3097	3097	3097	3097	3097	3097	3097	3097	3097
POST_CANDIDATE	mpbp_47	0	1	18446744073709551615	0.000185
POST_CANDIDATE	mpbp_47	0	2	18446744073709551615	0.000146
POST_CANDIDATE	mpbp_47	0	3	18446744073709551615	0.000138
POST_CANDIDATE	mpbp_47	0	4	18446744073709551615	0.000257
POST_CANDIDATE	mpbp_47	0	5	18446744073709551615	0.000253
POST_CANDIDATE	mpbp_47	0	6	18446744073709551615	0.000244
POST_CANDIDATE	mpbp_47	0	7	18446744073709551615	0.000116
POST_CANDIDATE	mpbp_47	0	8	18446744073709551615	0.000113
POST_CANDIDATE	mpbp_47	0	9	18446744073709551615	0.000108
POST_CANDIDATE	mpbp_47	1	1	18446744073709551615	0.000130
POST_CANDIDATE	mpbp_47	1	2	18446744073709551615	0.000158
POST_CANDIDATE	mpbp_47	1	3	18446744073709551615	0.000156
POST_CANDIDATE	mpbp_47	1	4	18446744073709551615	0.000237
POST_CANDIDATE	mpbp_47	1	5	18446744073709551615	0.000228
POST_CANDIDATE	mpbp_47	1	6	18446744073709551615	0.000230
POST_CANDIDATE	mpbp_47	1	7	18446744073709551615	0.000132
POST_CANDIDATE	mpbp_47	1	8	18446744073709551615	0.000121
POST_CANDIDATE	mpbp_47	1	9	18446744073709551615	0.000120
POST_ROW	mpbp_47	5310	17098	730624	652248	30546	652248	652248	652248	652248	652248	652248	652248	652248	652248	652248	652248	652248
POST_CANDIDATE	rsyn0815m	0	1	23356	0.000127
POST_CANDIDATE	rsyn0815m	0	2	23739	0.000117
POST_CANDIDATE	rsyn0815m	0	3	31221	0.000122
POST_CANDIDATE	rsyn0815m	0	4	33362	0.000137
POST_CANDIDATE	rsyn0815m	0	5	26138	0.000124
POST_CANDIDATE	rsyn0815m	0	6	31098	0.000126
POST_CANDIDATE	rsyn0815m	0	7	27479	0.000103
POST_CANDIDATE	rsyn0815m	0	8	27479	0.000071
POST_CANDIDATE	rsyn0815m	0	9	27479	0.000064
POST_CANDIDATE	rsyn0815m	1	1	32155	0.000119
POST_CANDIDATE	rsyn0815m	1	2	31248	0.000115
POST_CANDIDATE	rsyn0815m	1	3	38016	0.000111
POST_CANDIDATE	rsyn0815m	1	4	32994	0.000123
POST_CANDIDATE	rsyn0815m	1	5	35547	0.000120
POST_CANDIDATE	rsyn0815m	1	6	21486	0.000113
POST_CANDIDATE	rsyn0815m	1	7	37144	0.000105
POST_CANDIDATE	rsyn0815m	1	8	37144	0.000074
POST_CANDIDATE	rsyn0815m	1	9	37144	0.000067
POST_ROW	rsyn0815m	821	2242	8260	7745	2365	7745	7745	7745	7745	7745	7745	7745	7745	7745	7745	7745	7745
POST_CANDIDATE	arki0016	0	1	18446744073709551615	0.000329
POST_CANDIDATE	arki0016	0	2	18446744073709551615	0.000365
POST_CANDIDATE	arki0016	0	3	18446744073709551615	0.000355
POST_CANDIDATE	arki0016	0	4	18446744073709551615	0.000420
POST_CANDIDATE	arki0016	0	5	18446744073709551615	0.000412
POST_CANDIDATE	arki0016	0	6	18446744073709551615	0.000387
POST_CANDIDATE	arki0016	0	7	18446744073709551615	0.000276
POST_CANDIDATE	arki0016	0	8	18446744073709551615	0.000257
POST_CANDIDATE	arki0016	0	9	18446744073709551615	0.000249
POST_CANDIDATE	arki0016	1	1	18446744073709551615	0.000580
POST_CANDIDATE	arki0016	1	2	18446744073709551615	0.000664
POST_CANDIDATE	arki0016	1	3	18446744073709551615	0.000673
POST_CANDIDATE	arki0016	1	4	18446744073709551615	0.000688
POST_CANDIDATE	arki0016	1	5	18446744073709551615	0.000707
POST_CANDIDATE	arki0016	1	6	18446744073709551615	0.000697
POST_CANDIDATE	arki0016	1	7	18446744073709551615	0.000454
POST_CANDIDATE	arki0016	1	8	18446744073709551615	0.000526
POST_CANDIDATE	arki0016	1	9	18446744073709551615	0.000908
POST_ROW	arki0016	7993	37208	878890	835803	47535	835803	835803	835803	835803	835803	835803	835803	835803	835803	835803	835803	835803
POST_ROW	st_glmp_ss2	18	48	121	121	45	121	121	121	121	121	121	121	121	121	121	121	121
POST_CANDIDATE	rsyn0810m02hfsg	0	1	18446744073709551615	0.000376
POST_CANDIDATE	rsyn0810m02hfsg	0	2	18446744073709551615	0.000388
POST_CANDIDATE	rsyn0810m02hfsg	0	3	18446744073709551615	0.000406
POST_CANDIDATE	rsyn0810m02hfsg	0	4	18446744073709551615	0.000418
POST_CANDIDATE	rsyn0810m02hfsg	0	5	18446744073709551615	0.000424
POST_CANDIDATE	rsyn0810m02hfsg	0	6	18446744073709551615	0.000419
POST_CANDIDATE	rsyn0810m02hfsg	0	7	18446744073709551615	0.000386
POST_CANDIDATE	rsyn0810m02hfsg	0	8	18446744073709551615	0.000360
POST_CANDIDATE	rsyn0810m02hfsg	0	9	18446744073709551615	0.000343
POST_CANDIDATE	rsyn0810m02hfsg	1	1	18446744073709551615	0.000479
POST_CANDIDATE	rsyn0810m02hfsg	1	2	18446744073709551615	0.000555
POST_CANDIDATE	rsyn0810m02hfsg	1	3	18446744073709551615	0.000546
POST_CANDIDATE	rsyn0810m02hfsg	1	4	537271	0.000710
POST_CANDIDATE	rsyn0810m02hfsg	1	5	18446744073709551615	0.000561
POST_CANDIDATE	rsyn0810m02hfsg	1	6	686785	0.000754
POST_CANDIDATE	rsyn0810m02hfsg	1	7	18446744073709551615	0.000519
POST_CANDIDATE	rsyn0810m02hfsg	1	8	18446744073709551615	0.000479
POST_CANDIDATE	rsyn0810m02hfsg	1	9	18446744073709551615	0.000462
POST_ROW	rsyn0810m02hfsg	2670	6964	36862	34753	8593	34753	34753	34753	34753	34753	34753	34753	34753	34753	34753	34753	34753
POST_CANDIDATE	pointpack06	0	1	1630	0.000013
POST_CANDIDATE	pointpack06	0	2	1630	0.000013
POST_CANDIDATE	pointpack06	0	3	2312	0.000012
POST_CANDIDATE	pointpack06	0	4	2072	0.000014
POST_CANDIDATE	pointpack06	0	5	1915	0.000011
POST_CANDIDATE	pointpack06	0	6	1658	0.000013
POST_CANDIDATE	pointpack06	0	7	2312	0.000010
POST_CANDIDATE	pointpack06	0	8	2312	0.000006
POST_CANDIDATE	pointpack06	0	9	2312	0.000005
POST_CANDIDATE	pointpack06	1	1	1702	0.000013
POST_CANDIDATE	pointpack06	1	2	1702	0.000012
POST_CANDIDATE	pointpack06	1	3	2622	0.000011
POST_CANDIDATE	pointpack06	1	4	2007	0.000014
POST_CANDIDATE	pointpack06	1	5	1766	0.000014
POST_CANDIDATE	pointpack06	1	6	1927	0.000014
POST_CANDIDATE	pointpack06	1	7	2622	0.000011
POST_CANDIDATE	pointpack06	1	8	2622	0.000006
POST_CANDIDATE	pointpack06	1	9	2622	0.000006
POST_ROW	pointpack06	55	276	1497	1497	241	1497	1497	1497	1497	1497	1497	1497	1497	1497	1497	1497	1497
POST_CANDIDATE	syn40m04hfsg	0	1	18446744073709551615	0.000115
POST_CANDIDATE	syn40m04hfsg	0	2	18446744073709551615	0.000116
POST_CANDIDATE	syn40m04hfsg	0	3	18446744073709551615	0.000117
POST_CANDIDATE	syn40m04hfsg	0	4	18446744073709551615	0.000170
POST_CANDIDATE	syn40m04hfsg	0	5	18446744073709551615	0.000186
POST_CANDIDATE	syn40m04hfsg	0	6	18446744073709551615	0.000178
POST_CANDIDATE	syn40m04hfsg	0	7	18446744073709551615	0.000070
POST_CANDIDATE	syn40m04hfsg	0	8	18446744073709551615	0.000062
POST_CANDIDATE	syn40m04hfsg	0	9	18446744073709551615	0.000059
POST_CANDIDATE	syn40m04hfsg	1	1	18446744073709551615	0.000128
POST_CANDIDATE	syn40m04hfsg	1	2	18446744073709551615	0.000136
POST_CANDIDATE	syn40m04hfsg	1	3	18446744073709551615	0.000120
POST_CANDIDATE	syn40m04hfsg	1	4	18446744073709551615	0.000188
POST_CANDIDATE	syn40m04hfsg	1	5	18446744073709551615	0.000191
POST_CANDIDATE	syn40m04hfsg	1	6	18446744073709551615	0.000184
POST_CANDIDATE	syn40m04hfsg	1	7	18446744073709551615	0.000068
POST_CANDIDATE	syn40m04hfsg	1	8	18446744073709551615	0.000061
POST_CANDIDATE	syn40m04hfsg	1	9	18446744073709551615	0.000061
POST_ROW	syn40m04hfsg	6328	16896	76232	73685	18919	73685	73685	73685	73685	73685	73685	73685	73685	73685	73685	73685	73685
POST_CANDIDATE	clay0304m	0	1	3508	0.000033
POST_CANDIDATE	clay0304m	0	2	2952	0.000028
POST_CANDIDATE	clay0304m	0	3	2952	0.000023
POST_CANDIDATE	clay0304m	0	4	2968	0.000034
POST_CANDIDATE	clay0304m	0	5	2992	0.000031
POST_CANDIDATE	clay0304m	0	6	3092	0.000031
POST_CANDIDATE	clay0304m	0	7	2778	0.000016
POST_CANDIDATE	clay0304m	0	8	2952	0.000021
POST_CANDIDATE	clay0304m	0	9	2952	0.000017
POST_ROW	clay0304m	258	840	2742	2742	798	2742	2742	2742	2742	2742	2742	2742	2742	2742	2742	2742	2742
POST_CANDIDATE	pooling_foulds5pq	0	1	211913	0.000620
POST_CANDIDATE	pooling_foulds5pq	0	2	193490	0.000627
POST_CANDIDATE	pooling_foulds5pq	0	3	195045	0.000580
POST_CANDIDATE	pooling_foulds5pq	0	4	204390	0.000822
POST_CANDIDATE	pooling_foulds5pq	0	5	202428	0.000813
POST_CANDIDATE	pooling_foulds5pq	0	6	207349	0.000795
POST_CANDIDATE	pooling_foulds5pq	0	7	160839	0.000090
POST_CANDIDATE	pooling_foulds5pq	0	8	210633	0.000418
POST_CANDIDATE	pooling_foulds5pq	0	9	191548	0.000594
POST_CANDIDATE	pooling_foulds5pq	1	1	211913	0.000600
POST_CANDIDATE	pooling_foulds5pq	1	2	193490	0.000597
POST_CANDIDATE	pooling_foulds5pq	1	3	195045	0.000565
POST_CANDIDATE	pooling_foulds5pq	1	4	203181	0.000803
POST_CANDIDATE	pooling_foulds5pq	1	5	200991	0.000811
POST_CANDIDATE	pooling_foulds5pq	1	6	204052	0.000792
POST_CANDIDATE	pooling_foulds5pq	1	7	160839	0.000090
POST_CANDIDATE	pooling_foulds5pq	1	8	198212	0.000441
POST_CANDIDATE	pooling_foulds5pq	1	9	191548	0.000577
POST_ROW	pooling_foulds5pq	1218	8300	159641	159641	9583	159641	159641	159641	159641	159641	159641	159641	159641	159641	159641	159641	159641
POST_CANDIDATE	clay0305hfsg	0	1	24927	0.000102
POST_CANDIDATE	clay0305hfsg	0	2	13585	0.000091
POST_CANDIDATE	clay0305hfsg	0	3	17205	0.000088
POST_CANDIDATE	clay0305hfsg	0	4	15340	0.000116
POST_CANDIDATE	clay0305hfsg	0	5	15558	0.000113
POST_CANDIDATE	clay0305hfsg	0	6	16633	0.000114
POST_CANDIDATE	clay0305hfsg	0	7	16325	0.000078
POST_CANDIDATE	clay0305hfsg	0	8	16325	0.000067
POST_CANDIDATE	clay0305hfsg	0	9	16325	0.000064
POST_CANDIDATE	clay0305hfsg	1	1	30407	0.000094
POST_CANDIDATE	clay0305hfsg	1	2	13725	0.000088
POST_CANDIDATE	clay0305hfsg	1	3	15835	0.000084
POST_CANDIDATE	clay0305hfsg	1	4	14955	0.000124
POST_CANDIDATE	clay0305hfsg	1	5	14641	0.000117
POST_CANDIDATE	clay0305hfsg	1	6	14662	0.000113
POST_CANDIDATE	clay0305hfsg	1	7	15545	0.000077
POST_CANDIDATE	clay0305hfsg	1	8	15545	0.000067
POST_CANDIDATE	clay0305hfsg	1	9	15545	0.000064
POST_ROW	clay0305hfsg	1000	2910	12260	11240	3160	11240	11240	11240	11240	11240	11240	11240	11240	11240	11240	11240	11240
POST_CANDIDATE	st_test8	0	1	4455	0.000012
POST_CANDIDATE	st_test8	0	2	4087	0.000012
POST_CANDIDATE	st_test8	0	3	4087	0.000009
POST_CANDIDATE	st_test8	0	4	4183	0.000010
POST_CANDIDATE	st_test8	0	5	3970	0.000010
POST_CANDIDATE	st_test8	0	6	3814	0.000009
POST_CANDIDATE	st_test8	0	7	4087	0.000007
POST_CANDIDATE	st_test8	0	8	4087	0.000006
POST_CANDIDATE	st_test8	0	9	4087	0.000005
POST_CANDIDATE	st_test8	1	1	2180	0.000006
POST_CANDIDATE	st_test8	1	2	1970	0.000005
POST_CANDIDATE	st_test8	1	3	2970	0.000005
POST_CANDIDATE	st_test8	1	4	2970	0.000005
POST_CANDIDATE	st_test8	1	5	2557	0.000005
POST_CANDIDATE	st_test8	1	6	2970	0.000005
POST_CANDIDATE	st_test8	1	7	2970	0.000004
POST_CANDIDATE	st_test8	1	8	2970	0.000003
POST_CANDIDATE	st_test8	1	9	2970	0.000003
POST_ROW	st_test8	64	232	2343	1964	316	1964	1964	1964	1964	1964	1964	1964	1964	1964	1964	1964	1964
POST_ROW	gams05	17364	252910	6179750712	3259322396	3290984	3259322396	3259322396	3259322396	3259322396	3259322396	3259322396	3259322396	3259322396	3259322396	3259322396	3259322396	3259322396
POST_ROW	sporttournament08	31	156	862	862	154	862	862	862	862	862	862	862	862	862	862	862	862
POST_CANDIDATE	powerflow0030p	0	1	182724	0.000305
POST_CANDIDATE	powerflow0030p	0	2	59945	0.000235
POST_CANDIDATE	powerflow0030p	0	3	66225	0.000230
POST_CANDIDATE	powerflow0030p	0	4	161027	0.000299
POST_CANDIDATE	powerflow0030p	0	5	168869	0.000305
POST_CANDIDATE	powerflow0030p	0	6	174863	0.000304
POST_CANDIDATE	powerflow0030p	0	7	61855	0.000149
POST_CANDIDATE	powerflow0030p	0	8	62739	0.000206
POST_CANDIDATE	powerflow0030p	0	9	62607	0.000178
POST_CANDIDATE	powerflow0030p	1	1	63167	0.000213
POST_CANDIDATE	powerflow0030p	1	2	60144	0.000203
POST_CANDIDATE	powerflow0030p	1	3	65310	0.000201
POST_CANDIDATE	powerflow0030p	1	4	65407	0.000223
POST_CANDIDATE	powerflow0030p	1	5	74042	0.000226
POST_CANDIDATE	powerflow0030p	1	6	59938	0.000221
POST_CANDIDATE	powerflow0030p	1	7	61217	0.000131
POST_CANDIDATE	powerflow0030p	1	8	74487	0.000184
POST_CANDIDATE	powerflow0030p	1	9	61357	0.000176
POST_ROW	powerflow0030p	1121	4194	24944	23642	4378	23642	23642	23642	23642	23642	23642	23642	23642	23642	23642	23642	23642
POST_ROW	popdynm200	22407	105584	2567878	2436690	185112	2436690	2436690	2436690	2436690	2436690	2436690	2436690	2436690	2436690	2436690	2436690	2436690
POST_ROW	mpbp_35	11120	40790	3037207	976558	63274	976558	976558	976558	976558	976558	976558	976558	976558	976558	976558	976558	976558
POST_CANDIDATE	syn30m02m	0	1	103811	0.000272
POST_CANDIDATE	syn30m02m	0	2	83925	0.000235
POST_CANDIDATE	syn30m02m	0	3	62115	0.000204
POST_CANDIDATE	syn30m02m	0	4	77955	0.000248
POST_CANDIDATE	syn30m02m	0	5	104166	0.000260
POST_CANDIDATE	syn30m02m	0	6	102414	0.000253
POST_CANDIDATE	syn30m02m	0	7	63080	0.000186
POST_CANDIDATE	syn30m02m	0	8	63080	0.000146
POST_CANDIDATE	syn30m02m	0	9	63080	0.000129
POST_CANDIDATE	syn30m02m	1	1	75259	0.000201
POST_CANDIDATE	syn30m02m	1	2	83871	0.000217
POST_CANDIDATE	syn30m02m	1	3	110116	0.000208
POST_CANDIDATE	syn30m02m	1	4	66784	0.000214
POST_CANDIDATE	syn30m02m	1	5	74663	0.000218
POST_CANDIDATE	syn30m02m	1	6	70770	0.000215
POST_CANDIDATE	syn30m02m	1	7	94183	0.000197
POST_CANDIDATE	syn30m02m	1	8	94183	0.000155
POST_CANDIDATE	syn30m02m	1	9	94183	0.000144
POST_ROW	syn30m02m	1492	3936	13752	13455	4221	13455	13455	13455	13455	13455	13455	13455	13455	13455	13455	13455	13455
POST_CANDIDATE	wastewater13m1	0	1	91389	0.000144
POST_CANDIDATE	wastewater13m1	0	2	64263	0.000147
POST_CANDIDATE	wastewater13m1	0	3	91389	0.000144
POST_CANDIDATE	wastewater13m1	0	4	91461	0.000183
POST_CANDIDATE	wastewater13m1	0	5	91461	0.000175
POST_CANDIDATE	wastewater13m1	0	6	91461	0.000175
POST_CANDIDATE	wastewater13m1	0	7	60143	0.000052
POST_CANDIDATE	wastewater13m1	0	8	70855	0.000136
POST_CANDIDATE	wastewater13m1	0	9	70855	0.000118
POST_CANDIDATE	wastewater13m1	1	1	96328	0.000115
POST_CANDIDATE	wastewater13m1	1	2	68013	0.000119
POST_CANDIDATE	wastewater13m1	1	3	96328	0.000117
POST_CANDIDATE	wastewater13m1	1	4	96328	0.000144
POST_CANDIDATE	wastewater13m1	1	5	96328	0.000139
POST_CANDIDATE	wastewater13m1	1	6	96328	0.000139
POST_CANDIDATE	wastewater13m1	1	7	61113	0.000043
POST_CANDIDATE	wastewater13m1	1	8	68013	0.000109
POST_CANDIDATE	wastewater13m1	1	9	68013	0.000098
POST_ROW	wastewater13m1	481	3252	60135	60068	3560	60068	60068	60068	60068	60068	60068	60068	60068	60068	60068	60068	60068
POST_CANDIDATE	syn40hfsg	0	1	156916	0.000234
POST_CANDIDATE	syn40hfsg	0	2	128138	0.000201
POST_CANDIDATE	syn40hfsg	0	3	375979	0.000267
POST_CANDIDATE	syn40hfsg	0	4	246437	0.000268
POST_CANDIDATE	syn40hfsg	0	5	118552	0.000214
POST_CANDIDATE	syn40hfsg	0	6	119381	0.000232
POST_CANDIDATE	syn40hfsg	0	7	202465	0.000207
POST_CANDIDATE	syn40hfsg	0	8	202465	0.000177
POST_CANDIDATE	syn40hfsg	0	9	202465	0.000171
POST_CANDIDATE	syn40hfsg	1	1	77040	0.000177
POST_CANDIDATE	syn40hfsg	1	2	54456	0.000162
POST_CANDIDATE	syn40hfsg	1	3	106718	0.000185
POST_CANDIDATE	syn40hfsg	1	4	80532	0.000192
POST_CANDIDATE	syn40hfsg	1	5	65793	0.000179
POST_CANDIDATE	syn40hfsg	1	6	95422	0.000196
POST_CANDIDATE	syn40hfsg	1	7	63626	0.000152
POST_CANDIDATE	syn40hfsg	1	8	63626	0.000122
POST_CANDIDATE	syn40hfsg	1	9	63626	0.000114
POST_ROW	syn40hfsg	1022	2624	8432	8155	2807	8155	8155	8155	8155	8155	8155	8155	8155	8155	8155	8155	8155
POST_CANDIDATE	sep1	0	1	1847	0.000016
POST_CANDIDATE	sep1	0	2	1729	0.000014
POST_CANDIDATE	sep1	0	3	1815	0.000012
POST_CANDIDATE	sep1	0	4	2002	0.000013
POST_CANDIDATE	sep1	0	5	1717	0.000013
POST_CANDIDATE	sep1	0	6	1736	0.000011
POST_CANDIDATE	sep1	0	7	2091	0.000011
POST_CANDIDATE	sep1	0	8	2091	0.000007
POST_CANDIDATE	sep1	0	9	2091	0.000006
POST_CANDIDATE	sep1	1	1	1791	0.000010
POST_CANDIDATE	sep1	1	2	1690	0.000010
POST_CANDIDATE	sep1	1	3	1776	0.000009
POST_CANDIDATE	sep1	1	4	1823	0.000011
POST_CANDIDATE	sep1	1	5	1684	0.000012
POST_CANDIDATE	sep1	1	6	1848	0.000011
POST_CANDIDATE	sep1	1	7	2035	0.000009
POST_CANDIDATE	sep1	1	8	2035	0.000006
POST_CANDIDATE	sep1	1	9	2035	0.000006
POST_ROW	sep1	69	206	1097	1047	249	1047	1047	1047	1047	1047	1047	1047	1047	1047	1047	1047	1047
POST_CANDIDATE	syn30m03m	0	1	431750	0.000414
POST_CANDIDATE	syn30m03m	0	2	158953	0.000386
POST_CANDIDATE	syn30m03m	0	3	186097	0.000381
POST_CANDIDATE	syn30m03m	0	4	211116	0.000462
POST_CANDIDATE	syn30m03m	0	5	249760	0.000470
POST_CANDIDATE	syn30m03m	0	6	417546	0.000534
POST_CANDIDATE	syn30m03m	0	7	186856	0.000362
POST_CANDIDATE	syn30m03m	0	8	186856	0.000303
POST_CANDIDATE	syn30m03m	0	9	186856	0.000276
POST_CANDIDATE	syn30m03m	1	1	98958	0.000317
POST_CANDIDATE	syn30m03m	1	2	69637	0.000284
POST_CANDIDATE	syn30m03m	1	3	93455	0.000274
POST_CANDIDATE	syn30m03m	1	4	104605	0.000387
POST_CANDIDATE	syn30m03m	1	5	88622	0.000385
POST_CANDIDATE	syn30m03m	1	6	158247	0.000409
POST_CANDIDATE	syn30m03m	1	7	93316	0.000262
POST_CANDIDATE	syn30m03m	1	8	93316	0.000205
POST_CANDIDATE	syn30m03m	1	9	93316	0.000192
POST_ROW	syn30m03m	2508	6804	26806	26552	7404	26552	26552	26552	26552	26552	26552	26552	26552	26552	26552	26552	26552
POST_ROW	st_qpc-m3a	30	304	2330	1574	182	1574	1574	1574	1574	1574	1574	1574	1574	1574	1574	1574	1574
POST_CANDIDATE	crudeoil_pooling_ct3	0	1	18446744073709551615	0.000694
POST_CANDIDATE	crudeoil_pooling_ct3	0	2	18446744073709551615	0.000671
POST_CANDIDATE	crudeoil_pooling_ct3	0	3	18446744073709551615	0.000677
POST_CANDIDATE	crudeoil_pooling_ct3	0	4	18446744073709551615	0.000728
POST_CANDIDATE	crudeoil_pooling_ct3	0	5	18446744073709551615	0.000757
POST_CANDIDATE	crudeoil_pooling_ct3	0	6	18446744073709551615	0.000754
POST_CANDIDATE	crudeoil_pooling_ct3	0	7	18446744073709551615	0.000612
POST_CANDIDATE	crudeoil_pooling_ct3	0	8	18446744073709551615	0.000632
POST_CANDIDATE	crudeoil_pooling_ct3	0	9	18446744073709551615	0.000599
POST_CANDIDATE	crudeoil_pooling_ct3	1	1	18446744073709551615	0.000573
POST_CANDIDATE	crudeoil_pooling_ct3	1	2	18446744073709551615	0.000934
POST_CANDIDATE	crudeoil_pooling_ct3	1	3	18446744073709551615	0.000920
POST_CANDIDATE	crudeoil_pooling_ct3	1	4	18446744073709551615	0.000702
POST_CANDIDATE	crudeoil_pooling_ct3	1	5	18446744073709551615	0.000830
POST_CANDIDATE	crudeoil_pooling_ct3	1	6	18446744073709551615	0.000814
POST_CANDIDATE	crudeoil_pooling_ct3	1	7	18446744073709551615	0.000751
POST_CANDIDATE	crudeoil_pooling_ct3	1	8	18446744073709551615	0.000892
POST_CANDIDATE	crudeoil_pooling_ct3	1	9	18446744073709551615	0.000838
POST_ROW	crudeoil_pooling_ct3	2644	11426	1381490	866223	26611	866223	866223	866223	866223	866223	866223	866223	866223	866223	866223	866223	866223
POST_CANDIDATE	space25a	0	1	163939	0.000153
POST_CANDIDATE	space25a	0	2	167844	0.000168
POST_CANDIDATE	space25a	0	3	190328	0.000166
POST_CANDIDATE	space25a	0	4	184974	0.000177
POST_CANDIDATE	space25a	0	5	193610	0.000180
POST_CANDIDATE	space25a	0	6	184925	0.000172
POST_CANDIDATE	space25a	0	7	182060	0.000122
POST_CANDIDATE	space25a	0	8	181850	0.000147
POST_CANDIDATE	space25a	0	9	181850	0.000125
POST_CANDIDATE	space25a	1	1	146650	0.000154
POST_CANDIDATE	space25a	1	2	114426	0.000150
POST_CANDIDATE	space25a	1	3	112417	0.000146
POST_CANDIDATE	space25a	1	4	169521	0.000199
POST_CANDIDATE	space25a	1	5	167144	0.000189
POST_CANDIDATE	space25a	1	6	148657	0.000169
POST_CANDIDATE	space25a	1	7	193407	0.000118
POST_CANDIDATE	space25a	1	8	131717	0.000134
POST_CANDIDATE	space25a	1	9	131717	0.000107
POST_ROW	space25a	634	3246	29078	27875	3349	27875	27875	27875	27875	27875	27875	27875	27875	27875	27875	27875	27875
POST_ROW	autocorr_bern20-15	23	394	2784	2784	220	2784	2784	2784	2784	2784	2784	2784	2784	2784	2784	2784	2784
POST_CANDIDATE	ex7_2_1	0	1	359	0.000008
POST_CANDIDATE	ex7_2_1	0	2	359	0.000006
POST_CANDIDATE	ex7_2_1	0	3	368	0.000006
POST_CANDIDATE	ex7_2_1	0	4	359	0.000007
POST_CANDIDATE	ex7_2_1	0	5	368	0.000006
POST_CANDIDATE	ex7_2_1	0	6	368	0.000006
POST_CANDIDATE	ex7_2_1	0	7	368	0.000004
POST_CANDIDATE	ex7_2_1	0	8	368	0.000003
POST_CANDIDATE	ex7_2_1	0	9	368	0.000003
POST_ROW	ex7_2_1	35	134	352	341	103	341	341	341	341	341	341	341	341	341	341	341	341
POST_CANDIDATE	hydroenergy2	0	1	18446744073709551615	0.000211
POST_CANDIDATE	hydroenergy2	0	2	18446744073709551615	0.000225
POST_CANDIDATE	hydroenergy2	0	3	18446744073709551615	0.000240
POST_CANDIDATE	hydroenergy2	0	4	18446744073709551615	0.000279
POST_CANDIDATE	hydroenergy2	0	5	18446744073709551615	0.000275
POST_CANDIDATE	hydroenergy2	0	6	18446744073709551615	0.000262
POST_CANDIDATE	hydroenergy2	0	7	18446744073709551615	0.000228
POST_CANDIDATE	hydroenergy2	0	8	18446744073709551615	0.000199
POST_CANDIDATE	hydroenergy2	0	9	18446744073709551615	0.000197
POST_CANDIDATE	hydroenergy2	1	1	18446744073709551615	0.000216
POST_CANDIDATE	hydroenergy2	1	2	18446744073709551615	0.000225
POST_CANDIDATE	hydroenergy2	1	3	18446744073709551615	0.000233
POST_CANDIDATE	hydroenergy2	1	4	18446744073709551615	0.000280
POST_CANDIDATE	hydroenergy2	1	5	18446744073709551615	0.000262
POST_CANDIDATE	hydroenergy2	1	6	18446744073709551615	0.000279
POST_CANDIDATE	hydroenergy2	1	7	18446744073709551615	0.000220
POST_CANDIDATE	hydroenergy2	1	8	18446744073709551615	0.000213
POST_CANDIDATE	hydroenergy2	1	9	18446744073709551615	0.000210
POST_ROW	hydroenergy2	2092	6236	69051	56014	8284	56014	56014	56014	56014	56014	56014	56014	56014	56014	56014	56014	56014
POST_ROW	pooling_digabel19	514	5340	325989	274903	8765	274903	274903	274903	274903	274903	274903	274903	274903	274903	274903	274903	274903
POST_CANDIDATE	clay0203m	0	1	1549	0.000019
POST_CANDIDATE	clay0203m	0	2	1435	0.000017
POST_CANDIDATE	clay0203m	0	3	1679	0.000014
POST_CANDIDATE	clay0203m	0	4	1483	0.000016
POST_CANDIDATE	clay0203m	0	5	1470	0.000016
POST_CANDIDATE	clay0203m	0	6	1652	0.000016
POST_CANDIDATE	clay0203m	0	7	1679	0.000010
POST_CANDIDATE	clay0203m	0	8	1679	0.000008
POST_CANDIDATE	clay0203m	0	9	1679	0.000008
POST_ROW	clay0203m	132	420	1348	1348	402	1348	1348	1348	1348	1348	1348	1348	1348	1348	1348	1348	1348
POST_CANDIDATE	squfl030-150	0	1	18446744073709551615	0.000136
POST_CANDIDATE	squfl030-150	0	2	18446744073709551615	0.000147
POST_CANDIDATE	squfl030-150	0	3	18446744073709551615	0.000139
POST_CANDIDATE	squfl030-150	0	4	18446744073709551615	0.000126
POST_CANDIDATE	squfl030-150	0	5	18446744073709551615	0.000124
POST_CANDIDATE	squfl030-150	0	6	18446744073709551615	0.000127
POST_CANDIDATE	squfl030-150	0	7	18446744073709551615	0.000076
POST_CANDIDATE	squfl030-150	0	8	18446744073709551615	0.000131
POST_CANDIDATE	squfl030-150	0	9	18446744073709551615	0.000130
POST_CANDIDATE	squfl030-150	1	1	18446744073709551615	0.000156
POST_CANDIDATE	squfl030-150	1	2	18446744073709551615	0.000195
POST_CANDIDATE	squfl030-150	1	3	18446744073709551615	0.000185
POST_CANDIDATE	squfl030-150	1	4	18446744073709551615	0.000273
POST_CANDIDATE	squfl030-150	1	5	18446744073709551615	0.000273
POST_CANDIDATE	squfl030-150	1	6	18446744073709551615	0.000284
POST_CANDIDATE	squfl030-150	1	7	18446744073709551615	0.000127
POST_CANDIDATE	squfl030-150	1	8	18446744073709551615	0.000127
POST_CANDIDATE	squfl030-150	1	9	18446744073709551615	0.000154
POST_ROW	squfl030-150	13680	36000	252605	252605	41115	252605	252605	252605	252605	252605	252605	252605	252605	252605	252605	252605	252605
POST_TOTAL arm=0 score=0.791635371701 wins=1 seconds=0.010956 max=0.010956
POST_TOTAL arm=1 score=0.791703147252 wins=0 seconds=0.091734 max=0.009711
POST_TOTAL arm=2 score=0.791703147252 wins=0 seconds=0.092601 max=0.010051
POST_TOTAL arm=3 score=0.791702924252 wins=1 seconds=0.091384 max=0.010091
POST_TOTAL arm=4 score=0.791703147252 wins=0 seconds=0.110403 max=0.012401
POST_TOTAL arm=5 score=0.791703147252 wins=0 seconds=0.108839 max=0.012037
POST_TOTAL arm=6 score=0.791686799843 wins=1 seconds=0.108703 max=0.011945
POST_TOTAL arm=7 score=0.791703147252 wins=0 seconds=0.069380 max=0.006547
POST_TOTAL arm=8 score=0.791676188056 wins=1 seconds=0.079482 max=0.011640
POST_TOTAL arm=9 score=0.791703147252 wins=0 seconds=0.079919 max=0.009620
POST_TOTAL arm=10 score=0.791676188056 wins=1 seconds=0.832446 max=0.094044
POST_TOTAL arm=11 score=0.791641578999 wins=1 seconds=0.843084 max=0.104682
