CORE_SEARCH_CANDIDATE	slay06m	0	0	2735	18446744073709551615	0.021697
CORE_SEARCH_CANDIDATE	slay06m	0	1	2735	18446744073709551615	0.043671
CORE_SEARCH_CANDIDATE	slay06m	0	2	2735	18446744073709551615	0.065057
CORE_SEARCH_CANDIDATE	slay06m	0	3	2735	18446744073709551615	0.043281
CORE_SEARCH_CANDIDATE	slay06m	0	4	2735	18446744073709551615	0.048100
CORE_SEARCH_CANDIDATE	slay06m	0	5	2735	18446744073709551615	0.072540
CORE_SEARCH_ROW	slay06m	357	1080	4025	4025	1113	4025	4025	4025	4025	4025	4025	4025	4025
CORE_SEARCH_CANDIDATE	sssd25-08	0	0	5333	18446744073709551615	0.022065
CORE_SEARCH_CANDIDATE	sssd25-08	0	1	5333	18446744073709551615	0.044711
CORE_SEARCH_CANDIDATE	sssd25-08	0	2	5333	18446744073709551615	0.066789
CORE_SEARCH_CANDIDATE	sssd25-08	0	3	5333	18446744073709551615	0.044181
CORE_SEARCH_CANDIDATE	sssd25-08	0	4	5333	18446744073709551615	0.048991
CORE_SEARCH_CANDIDATE	sssd25-08	0	5	5333	18446744073709551615	0.074157
CORE_SEARCH_CANDIDATE	sssd25-08	1	0	3261	5797	0.017631
CORE_SEARCH_CANDIDATE	sssd25-08	1	1	3261	5797	0.035187
CORE_SEARCH_CANDIDATE	sssd25-08	1	2	3261	5797	0.052879
CORE_SEARCH_CANDIDATE	sssd25-08	1	3	3261	5797	0.035368
CORE_SEARCH_CANDIDATE	sssd25-08	1	4	3261	5797	0.048769
CORE_SEARCH_CANDIDATE	sssd25-08	1	5	3261	5797	0.073065
CORE_SEARCH_ROW	sssd25-08	401	1200	5389	5389	1325	5389	5389	5389	5389	5389	5389	5389	5389
CORE_SEARCH_CANDIDATE	rsyn0810m04m	0	0	103826	18446744073709551615	0.016172
CORE_SEARCH_CANDIDATE	rsyn0810m04m	0	1	103826	18446744073709551615	0.027019
CORE_SEARCH_CANDIDATE	rsyn0810m04m	0	2	103826	18446744073709551615	0.041631
CORE_SEARCH_CANDIDATE	rsyn0810m04m	0	3	103826	18446744073709551615	0.032835
CORE_SEARCH_CANDIDATE	rsyn0810m04m	0	4	103826	18446744073709551615	0.030374
CORE_SEARCH_CANDIDATE	rsyn0810m04m	0	5	103826	18446744073709551615	0.043665
CORE_SEARCH_CANDIDATE	rsyn0810m04m	1	0	102639	18446744073709551615	0.019397
CORE_SEARCH_CANDIDATE	rsyn0810m04m	1	1	102639	18446744073709551615	0.033049
CORE_SEARCH_CANDIDATE	rsyn0810m04m	1	2	102639	18446744073709551615	0.032742
CORE_SEARCH_CANDIDATE	rsyn0810m04m	1	3	102639	18446744073709551615	0.030726
CORE_SEARCH_CANDIDATE	rsyn0810m04m	1	4	102639	18446744073709551615	0.030155
CORE_SEARCH_CANDIDATE	rsyn0810m04m	1	5	102639	18446744073709551615	0.043243
CORE_SEARCH_ROW	rsyn0810m04m	4772	13836	147553	113458	17276	113458	113458	113458	113458	113458	113458	113458	113458
CORE_SEARCH_ROW	pooling_sppc3pq	23173	893724	1153877333	325595394	1305528	325595394	325595394	325595394	325595394	325595394	325595394	325595394	325595394
CORE_SEARCH_ROW	sporttournament48	1131	6676	919582	594138	20480	594138	594138	594138	594138	594138	594138	594138	594138
CORE_SEARCH_ROW	pooling_sppa9pq	5030	120730	23971280	15130622	152488	15130622	15130622	15130622	15130622	15130622	15130622	15130622	15130622
CORE_SEARCH_CANDIDATE	edgecross10-090	0	0	101251	18446744073709551615	0.011979
CORE_SEARCH_CANDIDATE	edgecross10-090	0	1	101251	18446744073709551615	0.026020
CORE_SEARCH_CANDIDATE	edgecross10-090	0	2	101251	18446744073709551615	0.040300
CORE_SEARCH_CANDIDATE	edgecross10-090	0	3	101251	18446744073709551615	0.027059
CORE_SEARCH_CANDIDATE	edgecross10-090	0	4	101251	18446744073709551615	0.031684
CORE_SEARCH_CANDIDATE	edgecross10-090	0	5	101251	18446744073709551615	0.045911
CORE_SEARCH_CANDIDATE	edgecross10-090	1	0	101259	18446744073709551615	0.011841
CORE_SEARCH_CANDIDATE	edgecross10-090	1	1	101259	18446744073709551615	0.027205
CORE_SEARCH_CANDIDATE	edgecross10-090	1	2	101259	18446744073709551615	0.040745
CORE_SEARCH_CANDIDATE	edgecross10-090	1	3	101259	18446744073709551615	0.025924
CORE_SEARCH_CANDIDATE	edgecross10-090	1	4	101259	18446744073709551615	0.031581
CORE_SEARCH_CANDIDATE	edgecross10-090	1	5	101259	18446744073709551615	0.046129
CORE_SEARCH_ROW	edgecross10-090	1053	5204	126115	103179	5545	103179	103179	103179	103179	103179	103179	103179	103179
CORE_SEARCH_ROW	maxcsp-ehi-85-297-71	2372	207996	1381768944	1110971341	1294981	1110971341	1110971341	1110971341	1110971341	1110971341	1110971341	1110971341	1110971341
CORE_SEARCH_ROW	st_bpaf1a	30	120	623	580	120	580	580	580	580	580	580	580	580
CORE_SEARCH_CANDIDATE	risk2bpb	0	0	65411	69629	0.015697
CORE_SEARCH_CANDIDATE	risk2bpb	0	1	65411	69629	0.032408
CORE_SEARCH_CANDIDATE	risk2bpb	0	2	65411	69629	0.049710
CORE_SEARCH_CANDIDATE	risk2bpb	0	3	65411	69629	0.032625
CORE_SEARCH_CANDIDATE	risk2bpb	0	4	65411	69629	0.036057
CORE_SEARCH_CANDIDATE	risk2bpb	0	5	65411	69629	0.054703
CORE_SEARCH_CANDIDATE	risk2bpb	1	0	87094	76133	0.015373
CORE_SEARCH_CANDIDATE	risk2bpb	1	1	87094	76133	0.032373
CORE_SEARCH_CANDIDATE	risk2bpb	1	2	87094	76133	0.049454
CORE_SEARCH_CANDIDATE	risk2bpb	1	3	87094	76133	0.031490
CORE_SEARCH_CANDIDATE	risk2bpb	1	4	87094	76359	0.035873
CORE_SEARCH_CANDIDATE	risk2bpb	1	5	87094	77119	0.053985
CORE_SEARCH_ROW	risk2bpb	1462	5396	118471	66041	6655	66041	66041	66041	66041	66041	66041	66041	66041
CORE_SEARCH_ROW	qap	255	43748	3802533	3650113	25541	3650113	3650113	3650113	3650113	3650113	3650113	3650113	3650113
CORE_SEARCH_CANDIDATE	rsyn0830m04m	0	0	157643	174495	0.018150
CORE_SEARCH_CANDIDATE	rsyn0830m04m	0	1	157643	174495	0.033854
CORE_SEARCH_CANDIDATE	rsyn0830m04m	0	2	157643	174495	0.054990
CORE_SEARCH_CANDIDATE	rsyn0830m04m	0	3	157643	174506	0.032663
CORE_SEARCH_CANDIDATE	rsyn0830m04m	0	4	157643	18446744073709551615	0.034133
CORE_SEARCH_CANDIDATE	rsyn0830m04m	0	5	157643	18446744073709551615	0.047814
CORE_SEARCH_CANDIDATE	rsyn0830m04m	1	0	157419	18446744073709551615	0.017619
CORE_SEARCH_CANDIDATE	rsyn0830m04m	1	1	157419	18446744073709551615	0.030485
CORE_SEARCH_CANDIDATE	rsyn0830m04m	1	2	157419	177755	0.047813
CORE_SEARCH_CANDIDATE	rsyn0830m04m	1	3	157419	177755	0.035720
CORE_SEARCH_CANDIDATE	rsyn0830m04m	1	4	157419	18446744073709551615	0.033146
CORE_SEARCH_CANDIDATE	rsyn0830m04m	1	5	157419	18446744073709551615	0.046666
CORE_SEARCH_ROW	rsyn0830m04m	7252	20752	212130	171680	25680	171680	171680	171680	171680	171680	171680	171680	171680
CORE_SEARCH_CANDIDATE	lop97icx	0	0	60209	18446744073709551615	0.018233
CORE_SEARCH_CANDIDATE	lop97icx	0	1	60209	18446744073709551615	0.036540
CORE_SEARCH_CANDIDATE	lop97icx	0	2	60209	18446744073709551615	0.054103
CORE_SEARCH_CANDIDATE	lop97icx	0	3	60209	18446744073709551615	0.036200
CORE_SEARCH_CANDIDATE	lop97icx	0	4	60209	18446744073709551615	0.040985
CORE_SEARCH_CANDIDATE	lop97icx	0	5	60209	18446744073709551615	0.061574
CORE_SEARCH_CANDIDATE	lop97icx	1	0	62829	18446744073709551615	0.017785
CORE_SEARCH_CANDIDATE	lop97icx	1	1	62829	18446744073709551615	0.036507
CORE_SEARCH_CANDIDATE	lop97icx	1	2	62829	18446744073709551615	0.055146
CORE_SEARCH_CANDIDATE	lop97icx	1	3	62829	18446744073709551615	0.036792
CORE_SEARCH_CANDIDATE	lop97icx	1	4	62829	18446744073709551615	0.043534
CORE_SEARCH_CANDIDATE	lop97icx	1	5	62829	18446744073709551615	0.065555
CORE_SEARCH_ROW	lop97icx	1073	2118	79286	64044	3950	64044	64044	64044	64044	64044	64044	64044	64044
CORE_SEARCH_CANDIDATE	chain400	0	0	9980	18446744073709551615	0.017800
CORE_SEARCH_CANDIDATE	chain400	0	1	9980	18446744073709551615	0.027713
CORE_SEARCH_CANDIDATE	chain400	0	2	9980	18446744073709551615	0.046287
CORE_SEARCH_CANDIDATE	chain400	0	3	9980	18446744073709551615	0.025867
CORE_SEARCH_CANDIDATE	chain400	0	4	9980	18446744073709551615	0.030573
CORE_SEARCH_CANDIDATE	chain400	0	5	9980	18446744073709551615	0.040940
CORE_SEARCH_CANDIDATE	chain400	1	0	10012	18446744073709551615	0.017451
CORE_SEARCH_CANDIDATE	chain400	1	1	10012	18446744073709551615	0.027799
CORE_SEARCH_CANDIDATE	chain400	1	2	10012	18446744073709551615	0.045838
CORE_SEARCH_CANDIDATE	chain400	1	3	10012	18446744073709551615	0.027289
CORE_SEARCH_CANDIDATE	chain400	1	4	10012	18446744073709551615	0.026123
CORE_SEARCH_CANDIDATE	chain400	1	5	10012	18446744073709551615	0.043766
CORE_SEARCH_ROW	chain400	1201	4796	16382	16382	4398	16382	16382	16382	16382	16382	16382	16382	16382
CORE_SEARCH_CANDIDATE	mpbp_07	0	0	1233525	18446744073709551615	0.015142
CORE_SEARCH_CANDIDATE	mpbp_07	0	1	1233525	18446744073709551615	0.016208
CORE_SEARCH_CANDIDATE	mpbp_07	0	2	1233525	18446744073709551615	0.029579
CORE_SEARCH_CANDIDATE	mpbp_07	0	3	1233525	18446744073709551615	0.026289
CORE_SEARCH_CANDIDATE	mpbp_07	0	4	1233525	18446744073709551615	0.045729
CORE_SEARCH_CANDIDATE	mpbp_07	0	5	1233525	18446744073709551615	0.060280
CORE_SEARCH_CANDIDATE	mpbp_07	1	0	1338912	18446744073709551615	0.017530
CORE_SEARCH_CANDIDATE	mpbp_07	1	1	1338912	18446744073709551615	0.030321
CORE_SEARCH_CANDIDATE	mpbp_07	1	2	1338912	18446744073709551615	0.039783
CORE_SEARCH_CANDIDATE	mpbp_07	1	3	1338912	18446744073709551615	0.022665
CORE_SEARCH_CANDIDATE	mpbp_07	1	4	1338912	18446744073709551615	0.045340
CORE_SEARCH_CANDIDATE	mpbp_07	1	5	1338912	18446744073709551615	0.059897
CORE_SEARCH_ROW	mpbp_07	9532	30810	1368477	1248947	55603	1248947	1248947	1248947	1248947	1248947	1248947	1248947	1248947
CORE_SEARCH_CANDIDATE	sonetgr17	0	0	30398	18446744073709551615	0.019417
CORE_SEARCH_CANDIDATE	sonetgr17	0	1	30398	18446744073709551615	0.038920
CORE_SEARCH_CANDIDATE	sonetgr17	0	2	30398	18446744073709551615	0.059101
CORE_SEARCH_CANDIDATE	sonetgr17	0	3	30398	18446744073709551615	0.039232
CORE_SEARCH_CANDIDATE	sonetgr17	0	4	30398	18446744073709551615	0.044824
CORE_SEARCH_CANDIDATE	sonetgr17	0	5	30398	18446744073709551615	0.066867
CORE_SEARCH_CANDIDATE	sonetgr17	1	0	30335	18446744073709551615	0.019513
CORE_SEARCH_CANDIDATE	sonetgr17	1	1	30335	18446744073709551615	0.039072
CORE_SEARCH_CANDIDATE	sonetgr17	1	2	30335	18446744073709551615	0.059075
CORE_SEARCH_CANDIDATE	sonetgr17	1	3	30335	18446744073709551615	0.039116
CORE_SEARCH_CANDIDATE	sonetgr17	1	4	30335	18446744073709551615	0.044561
CORE_SEARCH_CANDIDATE	sonetgr17	1	5	30335	18446744073709551615	0.066505
CORE_SEARCH_ROW	sonetgr17	440	2958	37814	30971	2807	30971	30971	30971	30971	30971	30971	30971	30971
CORE_SEARCH_CANDIDATE	p_ball_30b_7p_2d_h	0	0	38941	18446744073709551615	0.013094
CORE_SEARCH_CANDIDATE	p_ball_30b_7p_2d_h	0	1	38941	18446744073709551615	0.026822
CORE_SEARCH_CANDIDATE	p_ball_30b_7p_2d_h	0	2	38941	18446744073709551615	0.047451
CORE_SEARCH_CANDIDATE	p_ball_30b_7p_2d_h	0	3	38941	18446744073709551615	0.036676
CORE_SEARCH_CANDIDATE	p_ball_30b_7p_2d_h	0	4	38941	18446744073709551615	0.024945
CORE_SEARCH_CANDIDATE	p_ball_30b_7p_2d_h	0	5	38941	18446744073709551615	0.025125
CORE_SEARCH_CANDIDATE	p_ball_30b_7p_2d_h	1	0	35161	18446744073709551615	0.014971
CORE_SEARCH_CANDIDATE	p_ball_30b_7p_2d_h	1	1	35161	18446744073709551615	0.024429
CORE_SEARCH_CANDIDATE	p_ball_30b_7p_2d_h	1	2	35161	18446744073709551615	0.043333
CORE_SEARCH_CANDIDATE	p_ball_30b_7p_2d_h	1	3	35161	18446744073709551615	0.025554
CORE_SEARCH_CANDIDATE	p_ball_30b_7p_2d_h	1	4	35161	18446744073709551615	0.027741
CORE_SEARCH_CANDIDATE	p_ball_30b_7p_2d_h	1	5	35161	18446744073709551615	0.040347
CORE_SEARCH_ROW	p_ball_30b_7p_2d_h	2207	7516	42456	42319	7771	42319	42319	42319	42319	42319	42319	42319	42319
CORE_SEARCH_ROW	pinene200	19995	97990	1358716	1134463	133427	1134463	1134463	1134463	1134463	1134463	1134463	1134463	1134463
CORE_SEARCH_ROW	unitcommit_200_100_1_mod_8	146830	476332	3053940	2981835	498723	2981835	2981835	2981835	2981835	2981835	2981835	2981835	2981835
CORE_SEARCH_CANDIDATE	ex8_3_9	0	0	10950	18446744073709551615	0.021903
CORE_SEARCH_CANDIDATE	ex8_3_9	0	1	10950	18446744073709551615	0.043781
CORE_SEARCH_CANDIDATE	ex8_3_9	0	2	10950	18446744073709551615	0.066071
CORE_SEARCH_CANDIDATE	ex8_3_9	0	3	10950	18446744073709551615	0.044033
CORE_SEARCH_CANDIDATE	ex8_3_9	0	4	10950	18446744073709551615	0.054673
CORE_SEARCH_CANDIDATE	ex8_3_9	0	5	10950	18446744073709551615	0.080804
CORE_SEARCH_ROW	ex8_3_9	123	834	15050	11503	1019	11503	11503	11503	11503	11503	11503	11503	11503
CORE_SEARCH_CANDIDATE	rsyn0820m02m	0	0	30467	36226	0.007483
CORE_SEARCH_CANDIDATE	rsyn0820m02m	0	1	30467	36226	0.023019
CORE_SEARCH_CANDIDATE	rsyn0820m02m	0	2	30467	36226	0.052063
CORE_SEARCH_CANDIDATE	rsyn0820m02m	0	3	30467	36226	0.031857
CORE_SEARCH_CANDIDATE	rsyn0820m02m	0	4	30467	18446744073709551615	0.018722
CORE_SEARCH_CANDIDATE	rsyn0820m02m	0	5	30467	18446744073709551615	0.040962
CORE_SEARCH_CANDIDATE	rsyn0820m02m	1	0	38498	44619	0.017855
CORE_SEARCH_CANDIDATE	rsyn0820m02m	1	1	38498	43880	0.024986
CORE_SEARCH_CANDIDATE	rsyn0820m02m	1	2	38498	43861	0.038335
CORE_SEARCH_CANDIDATE	rsyn0820m02m	1	3	38498	44602	0.028312
CORE_SEARCH_CANDIDATE	rsyn0820m02m	1	4	38498	43861	0.024927
CORE_SEARCH_CANDIDATE	rsyn0820m02m	1	5	38498	43855	0.038879
CORE_SEARCH_ROW	rsyn0820m02m	2486	6932	38190	35631	8131	35631	35631	35631	35631	35631	35631	35631	35631
CORE_SEARCH_CANDIDATE	p_ball_10b_5p_2d_m	0	0	5151	18446744073709551615	0.023876
CORE_SEARCH_CANDIDATE	p_ball_10b_5p_2d_m	0	1	5151	18446744073709551615	0.047975
CORE_SEARCH_CANDIDATE	p_ball_10b_5p_2d_m	0	2	5151	18446744073709551615	0.071690
CORE_SEARCH_CANDIDATE	p_ball_10b_5p_2d_m	0	3	5151	18446744073709551615	0.047476
CORE_SEARCH_CANDIDATE	p_ball_10b_5p_2d_m	0	4	5151	18446744073709551615	0.055686
CORE_SEARCH_CANDIDATE	p_ball_10b_5p_2d_m	0	5	5151	18446744073709551615	0.083910
CORE_SEARCH_CANDIDATE	p_ball_10b_5p_2d_m	1	0	6311	18446744073709551615	0.023004
CORE_SEARCH_CANDIDATE	p_ball_10b_5p_2d_m	1	1	6311	18446744073709551615	0.046208
CORE_SEARCH_CANDIDATE	p_ball_10b_5p_2d_m	1	2	6311	18446744073709551615	0.069281
CORE_SEARCH_CANDIDATE	p_ball_10b_5p_2d_m	1	3	6311	18446744073709551615	0.046020
CORE_SEARCH_CANDIDATE	p_ball_10b_5p_2d_m	1	4	6311	18446744073709551615	0.050500
CORE_SEARCH_CANDIDATE	p_ball_10b_5p_2d_m	1	5	6311	18446744073709551615	0.075968
CORE_SEARCH_ROW	p_ball_10b_5p_2d_m	293	964	6648	6547	1135	6547	6547	6547	6547	6547	6547	6547	6547
CORE_SEARCH_CANDIDATE	pooling_adhya4tp	0	0	22585	21928	0.019299
CORE_SEARCH_CANDIDATE	pooling_adhya4tp	0	1	22585	21928	0.037846
CORE_SEARCH_CANDIDATE	pooling_adhya4tp	0	2	22585	21928	0.056988
CORE_SEARCH_CANDIDATE	pooling_adhya4tp	0	3	22585	21928	0.037655
CORE_SEARCH_CANDIDATE	pooling_adhya4tp	0	4	22585	18446744073709551615	0.043444
CORE_SEARCH_CANDIDATE	pooling_adhya4tp	0	5	22585	18446744073709551615	0.065693
CORE_SEARCH_CANDIDATE	pooling_adhya4tp	1	0	19801	18446744073709551615	0.018920
CORE_SEARCH_CANDIDATE	pooling_adhya4tp	1	1	19801	18446744073709551615	0.037874
CORE_SEARCH_CANDIDATE	pooling_adhya4tp	1	2	19801	18446744073709551615	0.056838
CORE_SEARCH_CANDIDATE	pooling_adhya4tp	1	3	19801	18446744073709551615	0.037957
CORE_SEARCH_CANDIDATE	pooling_adhya4tp	1	4	19801	18446744073709551615	0.046929
CORE_SEARCH_CANDIDATE	pooling_adhya4tp	1	5	19801	18446744073709551615	0.070958
CORE_SEARCH_ROW	pooling_adhya4tp	170	936	26842	20581	1459	20581	20581	20581	20581	20581	20581	20581	20581
CORE_SEARCH_CANDIDATE	squfl015-080persp	0	0	51720	18446744073709551615	0.014006
CORE_SEARCH_CANDIDATE	squfl015-080persp	0	1	51720	18446744073709551615	0.041894
CORE_SEARCH_CANDIDATE	squfl015-080persp	0	2	51720	18446744073709551615	0.055046
CORE_SEARCH_CANDIDATE	squfl015-080persp	0	3	51720	18446744073709551615	0.026298
CORE_SEARCH_CANDIDATE	squfl015-080persp	0	4	51720	18446744073709551615	0.028503
CORE_SEARCH_CANDIDATE	squfl015-080persp	0	5	51720	18446744073709551615	0.039368
CORE_SEARCH_ROW	squfl015-080persp	7295	21600	74520	74520	20600	74520	74520	74520	74520	74520	74520	74520	74520
CORE_SEARCH_CANDIDATE	edgecross10-080	0	0	162711	18446744073709551615	0.010466
CORE_SEARCH_CANDIDATE	edgecross10-080	0	1	162711	18446744073709551615	0.022128
CORE_SEARCH_CANDIDATE	edgecross10-080	0	2	162711	18446744073709551615	0.035591
CORE_SEARCH_CANDIDATE	edgecross10-080	0	3	162711	18446744073709551615	0.022698
CORE_SEARCH_CANDIDATE	edgecross10-080	0	4	162711	18446744073709551615	0.027439
CORE_SEARCH_CANDIDATE	edgecross10-080	0	5	162711	18446744073709551615	0.041682
CORE_SEARCH_CANDIDATE	edgecross10-080	1	0	162719	18446744073709551615	0.011163
CORE_SEARCH_CANDIDATE	edgecross10-080	1	1	162719	18446744073709551615	0.023235
CORE_SEARCH_CANDIDATE	edgecross10-080	1	2	162719	18446744073709551615	0.035059
CORE_SEARCH_CANDIDATE	edgecross10-080	1	3	162719	18446744073709551615	0.022147
CORE_SEARCH_CANDIDATE	edgecross10-080	1	4	162719	18446744073709551615	0.027570
CORE_SEARCH_CANDIDATE	edgecross10-080	1	5	162719	18446744073709551615	0.041702
CORE_SEARCH_ROW	edgecross10-080	1053	5940	170814	164639	6247	164639	164639	164639	164639	164639	164639	164639	164639
CORE_SEARCH_CANDIDATE	clay0204hfsg	0	0	4896	7206	0.021474
CORE_SEARCH_CANDIDATE	clay0204hfsg	0	1	4896	7206	0.043580
CORE_SEARCH_CANDIDATE	clay0204hfsg	0	2	4896	7206	0.065987
CORE_SEARCH_CANDIDATE	clay0204hfsg	0	3	4896	7206	0.043517
CORE_SEARCH_CANDIDATE	clay0204hfsg	0	4	4896	7206	0.048468
CORE_SEARCH_CANDIDATE	clay0204hfsg	0	5	4896	7206	0.073028
CORE_SEARCH_CANDIDATE	clay0204hfsg	1	0	4866	18446744073709551615	0.021992
CORE_SEARCH_CANDIDATE	clay0204hfsg	1	1	4866	18446744073709551615	0.044274
CORE_SEARCH_CANDIDATE	clay0204hfsg	1	2	4866	18446744073709551615	0.066422
CORE_SEARCH_CANDIDATE	clay0204hfsg	1	3	4866	18446744073709551615	0.044493
CORE_SEARCH_CANDIDATE	clay0204hfsg	1	4	4866	18446744073709551615	0.048855
CORE_SEARCH_CANDIDATE	clay0204hfsg	1	5	4866	18446744073709551615	0.072997
CORE_SEARCH_ROW	clay0204hfsg	590	1696	7198	6562	1858	6562	6562	6562	6562	6562	6562	6562	6562
CORE_SEARCH_ROW	st_bsj2	13	40	143	114	36	114	114	114	114	114	114	114	114
CORE_SEARCH_CANDIDATE	chimera_mgw-c8-439-onc8-002	0	0	91169	91862	0.017892
CORE_SEARCH_CANDIDATE	chimera_mgw-c8-439-onc8-002	0	1	91169	91627	0.036756
CORE_SEARCH_CANDIDATE	chimera_mgw-c8-439-onc8-002	0	2	91169	91477	0.054649
CORE_SEARCH_CANDIDATE	chimera_mgw-c8-439-onc8-002	0	3	91169	91752	0.035815
CORE_SEARCH_CANDIDATE	chimera_mgw-c8-439-onc8-002	0	4	91169	18446744073709551615	0.040671
CORE_SEARCH_CANDIDATE	chimera_mgw-c8-439-onc8-002	0	5	91169	18446744073709551615	0.061358
CORE_SEARCH_ROW	chimera_mgw-c8-439-onc8-002	440	3038	97870	86464	5210	86464	86464	86464	86464	86464	86464	86464	86464
CORE_SEARCH_CANDIDATE	batchs201210m	0	0	293353	18446744073709551615	0.015806
CORE_SEARCH_CANDIDATE	batchs201210m	0	1	293353	18446744073709551615	0.027945
CORE_SEARCH_CANDIDATE	batchs201210m	0	2	293353	18446744073709551615	0.049295
CORE_SEARCH_CANDIDATE	batchs201210m	0	3	293353	18446744073709551615	0.027069
CORE_SEARCH_CANDIDATE	batchs201210m	0	4	293353	18446744073709551615	0.029485
CORE_SEARCH_CANDIDATE	batchs201210m	0	5	293353	18446744073709551615	0.040679
CORE_SEARCH_CANDIDATE	batchs201210m	1	0	310633	321869	0.016473
CORE_SEARCH_CANDIDATE	batchs201210m	1	1	310633	320061	0.027410
CORE_SEARCH_CANDIDATE	batchs201210m	1	2	310633	319813	0.034759
CORE_SEARCH_CANDIDATE	batchs201210m	1	3	310633	319584	0.026633
CORE_SEARCH_CANDIDATE	batchs201210m	1	4	310633	18446744073709551615	0.028057
CORE_SEARCH_CANDIDATE	batchs201210m	1	5	310633	18446744073709551615	0.039166
CORE_SEARCH_ROW	batchs201210m	5188	17910	349298	303381	21409	303381	303381	303381	303381	303381	303381	303381	303381
CORE_SEARCH_CANDIDATE	rsyn0815m04m	0	0	132326	144389	0.015159
CORE_SEARCH_CANDIDATE	rsyn0815m04m	0	1	132326	144389	0.032849
CORE_SEARCH_CANDIDATE	rsyn0815m04m	0	2	132326	144389	0.047894
CORE_SEARCH_CANDIDATE	rsyn0815m04m	0	3	132326	144389	0.031841
CORE_SEARCH_CANDIDATE	rsyn0815m04m	0	4	132326	18446744073709551615	0.030878
CORE_SEARCH_CANDIDATE	rsyn0815m04m	0	5	132326	18446744073709551615	0.043880
CORE_SEARCH_CANDIDATE	rsyn0815m04m	1	0	144808	159559	0.016805
CORE_SEARCH_CANDIDATE	rsyn0815m04m	1	1	144808	159859	0.018587
CORE_SEARCH_CANDIDATE	rsyn0815m04m	1	2	144808	156108	0.046186
CORE_SEARCH_CANDIDATE	rsyn0815m04m	1	3	144808	156328	0.021622
CORE_SEARCH_CANDIDATE	rsyn0815m04m	1	4	144808	18446744073709551615	0.030829
CORE_SEARCH_CANDIDATE	rsyn0815m04m	1	5	144808	18446744073709551615	0.043573
CORE_SEARCH_ROW	rsyn0815m04m	5456	15756	184352	143458	20102	143458	143458	143458	143458	143458	143458	143458	143458
CORE_SEARCH_CANDIDATE	syn40m	0	0	3715	5355	0.022828
CORE_SEARCH_CANDIDATE	syn40m	0	1	3715	5355	0.045657
CORE_SEARCH_CANDIDATE	syn40m	0	2	3715	5355	0.068442
CORE_SEARCH_CANDIDATE	syn40m	0	3	3715	5355	0.045811
CORE_SEARCH_CANDIDATE	syn40m	0	4	3715	5355	0.049481
CORE_SEARCH_CANDIDATE	syn40m	0	5	3715	5355	0.073961
CORE_SEARCH_CANDIDATE	syn40m	1	0	4660	7054	0.023649
CORE_SEARCH_CANDIDATE	syn40m	1	1	4660	7054	0.047296
CORE_SEARCH_CANDIDATE	syn40m	1	2	4660	7063	0.071032
CORE_SEARCH_CANDIDATE	syn40m	1	3	4660	7075	0.048136
CORE_SEARCH_CANDIDATE	syn40m	1	4	4660	7054	0.051962
CORE_SEARCH_CANDIDATE	syn40m	1	5	4660	7054	0.078417
CORE_SEARCH_ROW	syn40m	560	1528	5007	4829	1585	4829	4829	4829	4829	4829	4829	4829	4829
CORE_SEARCH_ROW	knp5-44	2157	32604	3764003	3764003	38039	3764003	3764003	3764003	3764003	3764003	3764003	3764003	3764003
CORE_SEARCH_CANDIDATE	ex1263a	0	0	1958	18446744073709551615	0.025544
CORE_SEARCH_CANDIDATE	ex1263a	0	1	1958	18446744073709551615	0.051272
CORE_SEARCH_CANDIDATE	ex1263a	0	2	1958	18446744073709551615	0.076508
CORE_SEARCH_CANDIDATE	ex1263a	0	3	1958	18446744073709551615	0.050976
CORE_SEARCH_CANDIDATE	ex1263a	0	4	1958	18446744073709551615	0.062023
CORE_SEARCH_CANDIDATE	ex1263a	0	5	1958	18446744073709551615	0.092844
CORE_SEARCH_CANDIDATE	ex1263a	1	0	2038	18446744073709551615	0.025386
CORE_SEARCH_CANDIDATE	ex1263a	1	1	2038	18446744073709551615	0.050922
CORE_SEARCH_CANDIDATE	ex1263a	1	2	2038	18446744073709551615	0.076327
CORE_SEARCH_CANDIDATE	ex1263a	1	3	2038	18446744073709551615	0.050962
CORE_SEARCH_CANDIDATE	ex1263a	1	4	2038	18446744073709551615	0.066133
CORE_SEARCH_CANDIDATE	ex1263a	1	5	2038	18446744073709551615	0.099014
CORE_SEARCH_ROW	ex1263a	94	390	2098	2098	392	2098	2098	2098	2098	2098	2098	2098	2098
CORE_SEARCH_ROW	st_e41	8	32	88	88	24	88	88	88	88	88	88	88	88
CORE_SEARCH_CANDIDATE	squfl025-030	0	0	32555	18446744073709551615	0.016697
CORE_SEARCH_CANDIDATE	squfl025-030	0	1	32555	18446744073709551615	0.026631
CORE_SEARCH_CANDIDATE	squfl025-030	0	2	32555	18446744073709551615	0.044620
CORE_SEARCH_CANDIDATE	squfl025-030	0	3	32555	18446744073709551615	0.026011
CORE_SEARCH_CANDIDATE	squfl025-030	0	4	32555	18446744073709551615	0.027778
CORE_SEARCH_CANDIDATE	squfl025-030	0	5	32555	18446744073709551615	0.042556
CORE_SEARCH_CANDIDATE	squfl025-030	1	0	39305	18446744073709551615	0.019688
CORE_SEARCH_CANDIDATE	squfl025-030	1	1	39305	18446744073709551615	0.040634
CORE_SEARCH_CANDIDATE	squfl025-030	1	2	39305	18446744073709551615	0.041219
CORE_SEARCH_CANDIDATE	squfl025-030	1	3	39305	18446744073709551615	0.028493
CORE_SEARCH_CANDIDATE	squfl025-030	1	4	39305	18446744073709551615	0.039475
CORE_SEARCH_CANDIDATE	squfl025-030	1	5	39305	18446744073709551615	0.041029
CORE_SEARCH_ROW	squfl025-030	2305	6000	42305	42305	7105	42305	42305	42305	42305	42305	42305	42305	42305
CORE_SEARCH_CANDIDATE	wastewater05m1	0	0	7043	18446744073709551615	0.020869
CORE_SEARCH_CANDIDATE	wastewater05m1	0	1	7043	18446744073709551615	0.041047
CORE_SEARCH_CANDIDATE	wastewater05m1	0	2	7043	18446744073709551615	0.061849
CORE_SEARCH_CANDIDATE	wastewater05m1	0	3	7043	18446744073709551615	0.041177
CORE_SEARCH_CANDIDATE	wastewater05m1	0	4	7043	18446744073709551615	0.052692
CORE_SEARCH_CANDIDATE	wastewater05m1	0	5	7043	18446744073709551615	0.079322
CORE_SEARCH_CANDIDATE	wastewater05m1	1	0	7568	18446744073709551615	0.020586
CORE_SEARCH_CANDIDATE	wastewater05m1	1	1	7568	18446744073709551615	0.041335
CORE_SEARCH_CANDIDATE	wastewater05m1	1	2	7568	18446744073709551615	0.061972
CORE_SEARCH_CANDIDATE	wastewater05m1	1	3	7568	18446744073709551615	0.041589
CORE_SEARCH_CANDIDATE	wastewater05m1	1	4	7568	18446744073709551615	0.056430
CORE_SEARCH_CANDIDATE	wastewater05m1	1	5	7568	18446744073709551615	0.084252
CORE_SEARCH_ROW	wastewater05m1	98	536	11690	8036	722	8036	8036	8036	8036	8036	8036	8036	8036
CORE_SEARCH_ROW	cvxnonsep_psig20	20	380	2870	2870	210	2870	2870	2870	2870	2870	2870	2870	2870
CORE_SEARCH_ROW	meanvar-orl400_05_e_8	4405	171604	21923414	21922611	91407	21922611	21922611	21922611	21922611	21922611	21922611	21922611	21922611
CORE_SEARCH_CANDIDATE	st_e31	0	0	3445	18446744073709551615	0.025742
CORE_SEARCH_CANDIDATE	st_e31	0	1	3445	18446744073709551615	0.052959
CORE_SEARCH_CANDIDATE	st_e31	0	2	3445	18446744073709551615	0.078689
CORE_SEARCH_CANDIDATE	st_e31	0	3	3445	18446744073709551615	0.051678
CORE_SEARCH_CANDIDATE	st_e31	0	4	3445	18446744073709551615	0.057850
CORE_SEARCH_CANDIDATE	st_e31	0	5	3445	18446744073709551615	0.086304
CORE_SEARCH_CANDIDATE	st_e31	1	0	4339	5305	0.025489
CORE_SEARCH_CANDIDATE	st_e31	1	1	4339	5305	0.051038
CORE_SEARCH_CANDIDATE	st_e31	1	2	4339	5305	0.076282
CORE_SEARCH_CANDIDATE	st_e31	1	3	4339	5305	0.051182
CORE_SEARCH_CANDIDATE	st_e31	1	4	4339	5305	0.058614
CORE_SEARCH_CANDIDATE	st_e31	1	5	4339	5305	0.088130
CORE_SEARCH_ROW	st_e31	301	744	4534	4257	983	4257	4257	4257	4257	4257	4257	4257	4257
CORE_SEARCH_ROW	pooling_sppc1pq	14100	477680	812210652	136686008	761724	136686008	136686008	136686008	136686008	136686008	136686008	136686008	136686008
CORE_SEARCH_ROW	pooling_haverly1pq	31	96	412	403	105	403	403	403	403	403	403	403	403
CORE_SEARCH_CANDIDATE	graphpart_3g-0244-0244	0	0	32022	18446744073709551615	0.018579
CORE_SEARCH_CANDIDATE	graphpart_3g-0244-0244	0	1	32022	18446744073709551615	0.037328
CORE_SEARCH_CANDIDATE	graphpart_3g-0244-0244	0	2	32022	18446744073709551615	0.055493
CORE_SEARCH_CANDIDATE	graphpart_3g-0244-0244	0	3	32022	18446744073709551615	0.037971
CORE_SEARCH_CANDIDATE	graphpart_3g-0244-0244	0	4	32022	18446744073709551615	0.043785
CORE_SEARCH_CANDIDATE	graphpart_3g-0244-0244	0	5	32022	18446744073709551615	0.065563
CORE_SEARCH_ROW	graphpart_3g-0244-0244	128	672	33446	32534	1608	32534	32534	32534	32534	32534	32534	32534	32534
CORE_SEARCH_ROW	graphpart_clique-20	80	1260	34885	27856	1384	27856	27856	27856	27856	27856	27856	27856	27856
CORE_SEARCH_ROW	mpbp_48	28368	91016	33835023	16144599	218431	16144599	16144599	16144599	16144599	16144599	16144599	16144599	16144599
CORE_SEARCH_ROW	pooling_sppb5pq	18529	674470	523815053	213571545	857699	213571545	213571545	213571545	213571545	213571545	213571545	213571545	213571545
CORE_SEARCH_CANDIDATE	slay07m	0	0	3934	18446744073709551615	0.020505
CORE_SEARCH_CANDIDATE	slay07m	0	1	3934	18446744073709551615	0.041144
CORE_SEARCH_CANDIDATE	slay07m	0	2	3934	18446744073709551615	0.062001
CORE_SEARCH_CANDIDATE	slay07m	0	3	3934	18446744073709551615	0.041645
CORE_SEARCH_CANDIDATE	slay07m	0	4	3934	18446744073709551615	0.044553
CORE_SEARCH_CANDIDATE	slay07m	0	5	3934	18446744073709551615	0.066197
CORE_SEARCH_ROW	slay07m	497	1512	5740	5740	1554	5740	5740	5740	5740	5740	5740	5740	5740
CORE_SEARCH_ROW	nvs19	24	200	1353	884	124	884	884	884	884	884	884	884	884
CORE_SEARCH_CANDIDATE	oil	0	0	24843	38088	0.022815
CORE_SEARCH_CANDIDATE	oil	0	1	24843	37650	0.022146
CORE_SEARCH_CANDIDATE	oil	0	2	24843	37650	0.022108
CORE_SEARCH_CANDIDATE	oil	0	3	24843	37629	0.022163
CORE_SEARCH_CANDIDATE	oil	0	4	24843	37650	0.022107
CORE_SEARCH_CANDIDATE	oil	0	5	24843	37629	0.022164
CORE_SEARCH_CANDIDATE	oil	1	0	26409	39592	0.018213
CORE_SEARCH_CANDIDATE	oil	1	1	26409	39024	0.019519
CORE_SEARCH_CANDIDATE	oil	1	2	26409	38900	0.024014
CORE_SEARCH_CANDIDATE	oil	1	3	26409	39000	0.019065
CORE_SEARCH_CANDIDATE	oil	1	4	26409	39024	0.019632
CORE_SEARCH_CANDIDATE	oil	1	5	26409	38891	0.042283
CORE_SEARCH_ROW	oil	3270	8430	36313	34760	9956	34760	34760	34760	34760	34760	34760	34760	34760
CORE_SEARCH_CANDIDATE	squfl015-060	0	0	24700	18446744073709551615	0.017222
CORE_SEARCH_CANDIDATE	squfl015-060	0	1	24700	18446744073709551615	0.022394
CORE_SEARCH_CANDIDATE	squfl015-060	0	2	24700	18446744073709551615	0.039633
CORE_SEARCH_CANDIDATE	squfl015-060	0	3	24700	18446744073709551615	0.022838
CORE_SEARCH_CANDIDATE	squfl015-060	0	4	24700	18446744073709551615	0.021223
CORE_SEARCH_CANDIDATE	squfl015-060	0	5	24700	18446744073709551615	0.044476
CORE_SEARCH_CANDIDATE	squfl015-060	1	0	32800	18446744073709551615	0.021376
CORE_SEARCH_CANDIDATE	squfl015-060	1	1	32800	18446744073709551615	0.043990
CORE_SEARCH_CANDIDATE	squfl015-060	1	2	32800	18446744073709551615	0.052994
CORE_SEARCH_CANDIDATE	squfl015-060	1	3	32800	18446744073709551615	0.046012
CORE_SEARCH_CANDIDATE	squfl015-060	1	4	32800	18446744073709551615	0.035184
CORE_SEARCH_CANDIDATE	squfl015-060	1	5	32800	18446744073709551615	0.053121
CORE_SEARCH_ROW	squfl015-060	2775	7200	36400	36400	8280	36400	36400	36400	36400	36400	36400	36400	36400
CORE_SEARCH_CANDIDATE	ndcc12persp	0	0	284129	18446744073709551615	0.012654
CORE_SEARCH_CANDIDATE	ndcc12persp	0	1	284129	18446744073709551615	0.017060
CORE_SEARCH_CANDIDATE	ndcc12persp	0	2	284129	18446744073709551615	0.028223
CORE_SEARCH_CANDIDATE	ndcc12persp	0	3	284129	18446744073709551615	0.017016
CORE_SEARCH_CANDIDATE	ndcc12persp	0	4	284129	18446744073709551615	0.024002
CORE_SEARCH_CANDIDATE	ndcc12persp	0	5	284129	18446744073709551615	0.037432
CORE_SEARCH_CANDIDATE	ndcc12persp	1	0	285141	287055	0.015171
CORE_SEARCH_CANDIDATE	ndcc12persp	1	1	285141	287055	0.023821
CORE_SEARCH_CANDIDATE	ndcc12persp	1	2	285141	287055	0.034548
CORE_SEARCH_CANDIDATE	ndcc12persp	1	3	285141	287174	0.026826
CORE_SEARCH_CANDIDATE	ndcc12persp	1	4	285141	18446744073709551615	0.022909
CORE_SEARCH_CANDIDATE	ndcc12persp	1	5	285141	18446744073709551615	0.037913
CORE_SEARCH_ROW	ndcc12persp	1112	5522	299115	284793	10779	284793	284793	284793	284793	284793	284793	284793	284793
CORE_SEARCH_ROW	kissing2	20772	401024	156414018	156414018	482006	156414018	156414018	156414018	156414018	156414018	156414018	156414018	156414018
CORE_SEARCH_ROW	nuclear25a	1942	16030	1977163	1136191	28193	1136191	1136191	1136191	1136191	1136191	1136191	1136191	1136191
CORE_SEARCH_CANDIDATE	clay0204m	0	0	1650	18446744073709551615	0.024132
CORE_SEARCH_CANDIDATE	clay0204m	0	1	1650	18446744073709551615	0.048067
CORE_SEARCH_CANDIDATE	clay0204m	0	2	1650	18446744073709551615	0.071871
CORE_SEARCH_CANDIDATE	clay0204m	0	3	1650	18446744073709551615	0.047659
CORE_SEARCH_CANDIDATE	clay0204m	0	4	1650	18446744073709551615	0.054478
CORE_SEARCH_CANDIDATE	clay0204m	0	5	1650	18446744073709551615	0.082300
CORE_SEARCH_ROW	clay0204m	222	704	2330	2330	682	2330	2330	2330	2330	2330	2330	2330	2330
CORE_SEARCH_ROW	st_ph13	23	68	207	178	60	178	178	178	178	178	178	178	178
CORE_SEARCH_CANDIDATE	edgecross10-030	0	0	98152	18446744073709551615	0.012489
CORE_SEARCH_CANDIDATE	edgecross10-030	0	1	98152	18446744073709551615	0.027341
CORE_SEARCH_CANDIDATE	edgecross10-030	0	2	98152	18446744073709551615	0.041704
CORE_SEARCH_CANDIDATE	edgecross10-030	0	3	98152	18446744073709551615	0.027071
CORE_SEARCH_CANDIDATE	edgecross10-030	0	4	98152	18446744073709551615	0.030977
CORE_SEARCH_CANDIDATE	edgecross10-030	0	5	98152	18446744073709551615	0.046088
CORE_SEARCH_CANDIDATE	edgecross10-030	1	0	98160	18446744073709551615	0.012631
CORE_SEARCH_CANDIDATE	edgecross10-030	1	1	98160	18446744073709551615	0.026862
CORE_SEARCH_CANDIDATE	edgecross10-030	1	2	98160	18446744073709551615	0.041728
CORE_SEARCH_CANDIDATE	edgecross10-030	1	3	98160	18446744073709551615	0.026817
CORE_SEARCH_CANDIDATE	edgecross10-030	1	4	98160	18446744073709551615	0.031485
CORE_SEARCH_CANDIDATE	edgecross10-030	1	5	98160	18446744073709551615	0.045917
CORE_SEARCH_ROW	edgecross10-030	1053	4654	135854	100080	5536	100080	100080	100080	100080	100080	100080	100080	100080
CORE_SEARCH_CANDIDATE	chain200	0	0	4980	18446744073709551615	0.019433
CORE_SEARCH_CANDIDATE	chain200	0	1	4980	18446744073709551615	0.040345
CORE_SEARCH_CANDIDATE	chain200	0	2	4980	18446744073709551615	0.059978
CORE_SEARCH_CANDIDATE	chain200	0	3	4980	18446744073709551615	0.040331
CORE_SEARCH_CANDIDATE	chain200	0	4	4980	18446744073709551615	0.040497
CORE_SEARCH_CANDIDATE	chain200	0	5	4980	18446744073709551615	0.060666
CORE_SEARCH_CANDIDATE	chain200	1	0	5012	18446744073709551615	0.019826
CORE_SEARCH_CANDIDATE	chain200	1	1	5012	18446744073709551615	0.040723
CORE_SEARCH_CANDIDATE	chain200	1	2	5012	18446744073709551615	0.061498
CORE_SEARCH_CANDIDATE	chain200	1	3	5012	18446744073709551615	0.040365
CORE_SEARCH_CANDIDATE	chain200	1	4	5012	18446744073709551615	0.041424
CORE_SEARCH_CANDIDATE	chain200	1	5	5012	18446744073709551615	0.062705
CORE_SEARCH_ROW	chain200	601	2396	8182	8182	2198	8182	8182	8182	8182	8182	8182	8182	8182
CORE_SEARCH_ROW	ex1223b	25	66	178	178	64	178	178	178	178	178	178	178	178
CORE_SEARCH_CANDIDATE	slay09h	0	0	23277	18446744073709551615	0.013498
CORE_SEARCH_CANDIDATE	slay09h	0	1	23277	18446744073709551615	0.028523
CORE_SEARCH_CANDIDATE	slay09h	0	2	23277	18446744073709551615	0.039671
CORE_SEARCH_CANDIDATE	slay09h	0	3	23277	18446744073709551615	0.036595
CORE_SEARCH_CANDIDATE	slay09h	0	4	23277	18446744073709551615	0.025626
CORE_SEARCH_CANDIDATE	slay09h	0	5	23277	18446744073709551615	0.039919
CORE_SEARCH_CANDIDATE	slay09h	1	0	23097	18446744073709551615	0.011814
CORE_SEARCH_CANDIDATE	slay09h	1	1	23097	18446744073709551615	0.036907
CORE_SEARCH_CANDIDATE	slay09h	1	2	23097	18446744073709551615	0.037009
CORE_SEARCH_CANDIDATE	slay09h	1	3	23097	18446744073709551615	0.033642
CORE_SEARCH_CANDIDATE	slay09h	1	4	23097	18446744073709551615	0.026459
CORE_SEARCH_CANDIDATE	slay09h	1	5	23097	18446744073709551615	0.041314
CORE_SEARCH_ROW	slay09h	2718	7488	36057	32385	8703	32385	32385	32385	32385	32385	32385	32385	32385
CORE_SEARCH_CANDIDATE	ndcc12	0	0	327074	18446744073709551615	0.011994
CORE_SEARCH_CANDIDATE	ndcc12	0	1	327074	18446744073709551615	0.019349
CORE_SEARCH_CANDIDATE	ndcc12	0	2	327074	18446744073709551615	0.033137
CORE_SEARCH_CANDIDATE	ndcc12	0	3	327074	18446744073709551615	0.020498
CORE_SEARCH_CANDIDATE	ndcc12	0	4	327074	18446744073709551615	0.023678
CORE_SEARCH_CANDIDATE	ndcc12	0	5	327074	18446744073709551615	0.041159
CORE_SEARCH_CANDIDATE	ndcc12	1	0	328892	18446744073709551615	0.012511
CORE_SEARCH_CANDIDATE	ndcc12	1	1	328892	18446744073709551615	0.021191
CORE_SEARCH_CANDIDATE	ndcc12	1	2	328892	18446744073709551615	0.033065
CORE_SEARCH_CANDIDATE	ndcc12	1	3	328892	18446744073709551615	0.020203
CORE_SEARCH_CANDIDATE	ndcc12	1	4	328892	18446744073709551615	0.023152
CORE_SEARCH_CANDIDATE	ndcc12	1	5	328892	18446744073709551615	0.039582
CORE_SEARCH_ROW	ndcc12	974	5982	345696	329556	12112	329556	329556	329556	329556	329556	329556	329556	329556
CORE_SEARCH_CANDIDATE	kall_circlesrectangles_c6r39	0	0	71393	18446744073709551615	0.015932
CORE_SEARCH_CANDIDATE	kall_circlesrectangles_c6r39	0	1	71393	18446744073709551615	0.024004
CORE_SEARCH_CANDIDATE	kall_circlesrectangles_c6r39	0	2	71393	18446744073709551615	0.040269
CORE_SEARCH_CANDIDATE	kall_circlesrectangles_c6r39	0	3	71393	18446744073709551615	0.025510
CORE_SEARCH_CANDIDATE	kall_circlesrectangles_c6r39	0	4	71393	18446744073709551615	0.029947
CORE_SEARCH_CANDIDATE	kall_circlesrectangles_c6r39	0	5	71393	18446744073709551615	0.041896
CORE_SEARCH_CANDIDATE	kall_circlesrectangles_c6r39	1	0	81224	77590	0.013718
CORE_SEARCH_CANDIDATE	kall_circlesrectangles_c6r39	1	1	81224	77498	0.029996
CORE_SEARCH_CANDIDATE	kall_circlesrectangles_c6r39	1	2	81224	77498	0.046111
CORE_SEARCH_CANDIDATE	kall_circlesrectangles_c6r39	1	3	81224	77452	0.030176
CORE_SEARCH_CANDIDATE	kall_circlesrectangles_c6r39	1	4	81224	77452	0.034020
CORE_SEARCH_CANDIDATE	kall_circlesrectangles_c6r39	1	5	81224	77452	0.049929
CORE_SEARCH_ROW	kall_circlesrectangles_c6r39	1306	5378	75744	74610	7868	74610	74610	74610	74610	74610	74610	74610	74610
CORE_SEARCH_CANDIDATE	squfl020-150	0	0	96020	18446744073709551615	0.021865
CORE_SEARCH_CANDIDATE	squfl020-150	0	1	96020	18446744073709551615	0.029484
CORE_SEARCH_CANDIDATE	squfl020-150	0	2	96020	18446744073709551615	0.049593
CORE_SEARCH_CANDIDATE	squfl020-150	0	3	96020	18446744073709551615	0.040350
CORE_SEARCH_CANDIDATE	squfl020-150	0	4	96020	18446744073709551615	0.039135
CORE_SEARCH_CANDIDATE	squfl020-150	0	5	96020	18446744073709551615	0.052412
CORE_SEARCH_CANDIDATE	squfl020-150	1	0	123020	18446744073709551615	0.022603
CORE_SEARCH_CANDIDATE	squfl020-150	1	1	123020	18446744073709551615	0.048908
CORE_SEARCH_CANDIDATE	squfl020-150	1	2	123020	18446744073709551615	0.075917
CORE_SEARCH_CANDIDATE	squfl020-150	1	3	123020	18446744073709551615	0.031222
CORE_SEARCH_CANDIDATE	squfl020-150	1	4	123020	18446744073709551615	0.056381
CORE_SEARCH_CANDIDATE	squfl020-150	1	5	123020	18446744073709551615	0.080065
CORE_SEARCH_ROW	squfl020-150	9170	24000	135020	135020	27360	135020	135020	135020	135020	135020	135020	135020	135020
CORE_SEARCH_ROW	autocorr_bern40-30	43	1534	20034	20034	810	20034	20034	20034	20034	20034	20034	20034	20034
CORE_SEARCH_CANDIDATE	slay08m	0	0	5388	18446744073709551615	0.019831
CORE_SEARCH_CANDIDATE	slay08m	0	1	5388	18446744073709551615	0.039406
CORE_SEARCH_CANDIDATE	slay08m	0	2	5388	18446744073709551615	0.059549
CORE_SEARCH_CANDIDATE	slay08m	0	3	5388	18446744073709551615	0.039787
CORE_SEARCH_CANDIDATE	slay08m	0	4	5388	18446744073709551615	0.041956
CORE_SEARCH_CANDIDATE	slay08m	0	5	5388	18446744073709551615	0.062833
CORE_SEARCH_ROW	slay08m	660	2016	7796	7796	2068	7796	7796	7796	7796	7796	7796	7796	7796
CORE_SEARCH_ROW	chimera_mgw-c16-2031-01	2032	15900	3328073	2565876	53470	2565876	2565876	2565876	2565876	2565876	2565876	2565876	2565876
CORE_SEARCH_CANDIDATE	forest	0	0	9004	18446744073709551615	0.019702
CORE_SEARCH_CANDIDATE	forest	0	1	9004	18446744073709551615	0.040254
CORE_SEARCH_CANDIDATE	forest	0	2	9004	18446744073709551615	0.060751
CORE_SEARCH_CANDIDATE	forest	0	3	9004	18446744073709551615	0.040378
CORE_SEARCH_CANDIDATE	forest	0	4	9004	18446744073709551615	0.043512
CORE_SEARCH_CANDIDATE	forest	0	5	9004	18446744073709551615	0.065844
CORE_SEARCH_CANDIDATE	forest	1	0	9079	18446744073709551615	0.020027
CORE_SEARCH_CANDIDATE	forest	1	1	9079	18446744073709551615	0.040652
CORE_SEARCH_CANDIDATE	forest	1	2	9079	18446744073709551615	0.061655
CORE_SEARCH_CANDIDATE	forest	1	3	9079	18446744073709551615	0.040793
CORE_SEARCH_CANDIDATE	forest	1	4	9079	18446744073709551615	0.044326
CORE_SEARCH_CANDIDATE	forest	1	5	9079	18446744073709551615	0.066243
CORE_SEARCH_ROW	forest	713	2658	10614	10543	2445	10543	10543	10543	10543	10543	10543	10543	10543
CORE_SEARCH_ROW	qspp_0_10_0_1_10_1	280	29636	1942907	1932414	16660	1932414	1932414	1932414	1932414	1932414	1932414	1932414	1932414
CORE_SEARCH_ROW	st_ph1	16	58	274	233	55	233	233	233	233	233	233	233	233
CORE_SEARCH_CANDIDATE	elf	0	0	1685	18446744073709551615	0.021229
CORE_SEARCH_CANDIDATE	elf	0	1	1685	18446744073709551615	0.042554
CORE_SEARCH_CANDIDATE	elf	0	2	1685	18446744073709551615	0.063700
CORE_SEARCH_CANDIDATE	elf	0	3	1685	18446744073709551615	0.042545
CORE_SEARCH_CANDIDATE	elf	0	4	1685	18446744073709551615	0.058553
CORE_SEARCH_CANDIDATE	elf	0	5	1685	18446744073709551615	0.088057
CORE_SEARCH_CANDIDATE	elf	1	0	1901	18446744073709551615	0.023815
CORE_SEARCH_CANDIDATE	elf	1	1	1901	18446744073709551615	0.047411
CORE_SEARCH_CANDIDATE	elf	1	2	1901	18446744073709551615	0.070341
CORE_SEARCH_CANDIDATE	elf	1	3	1901	18446744073709551615	0.046960
CORE_SEARCH_CANDIDATE	elf	1	4	1901	18446744073709551615	0.058364
CORE_SEARCH_CANDIDATE	elf	1	5	1901	18446744073709551615	0.086991
CORE_SEARCH_ROW	elf	124	376	2733	2173	441	2173	2173	2173	2173	2173	2173	2173	2173
CORE_SEARCH_ROW	ex3_1_3	18	36	90	83	37	83	83	83	83	83	83	83	83
CORE_SEARCH_CANDIDATE	cvxnonsep_normcon40r	0	0	161	18446744073709551615	0.018424
CORE_SEARCH_CANDIDATE	cvxnonsep_normcon40r	0	1	161	18446744073709551615	0.036665
CORE_SEARCH_CANDIDATE	cvxnonsep_normcon40r	0	2	161	18446744073709551615	0.055079
CORE_SEARCH_CANDIDATE	cvxnonsep_normcon40r	0	3	161	18446744073709551615	0.036739
CORE_SEARCH_CANDIDATE	cvxnonsep_normcon40r	0	4	161	18446744073709551615	0.048564
CORE_SEARCH_CANDIDATE	cvxnonsep_normcon40r	0	5	161	18446744073709551615	0.073205
CORE_SEARCH_ROW	cvxnonsep_normcon40r	162	322	645	645	323	645	645	645	645	645	645	645	645
CORE_SEARCH_CANDIDATE	demo7	0	0	2822	18446744073709551615	0.022142
CORE_SEARCH_CANDIDATE	demo7	0	1	2822	18446744073709551615	0.044735
CORE_SEARCH_CANDIDATE	demo7	0	2	2822	18446744073709551615	0.067076
CORE_SEARCH_CANDIDATE	demo7	0	3	2822	18446744073709551615	0.044606
CORE_SEARCH_CANDIDATE	demo7	0	4	2822	18446744073709551615	0.059210
CORE_SEARCH_CANDIDATE	demo7	0	5	2822	18446744073709551615	0.088821
CORE_SEARCH_CANDIDATE	demo7	1	0	3622	4047	0.027213
CORE_SEARCH_CANDIDATE	demo7	1	1	3622	4047	0.053770
CORE_SEARCH_CANDIDATE	demo7	1	2	3622	4047	0.081301
CORE_SEARCH_CANDIDATE	demo7	1	3	3622	4047	0.053919
CORE_SEARCH_CANDIDATE	demo7	1	4	3622	4047	0.067353
CORE_SEARCH_CANDIDATE	demo7	1	5	3622	4047	0.100980
CORE_SEARCH_ROW	demo7	155	618	3579	3426	620	3426	3426	3426	3426	3426	3426	3426	3426
CORE_SEARCH_ROW	waternd2	615	2580	155674	74817	4059	74817	74817	74817	74817	74817	74817	74817	74817
CORE_SEARCH_CANDIDATE	prolog	0	0	1137	18446744073709551615	0.024611
CORE_SEARCH_CANDIDATE	prolog	0	1	1137	18446744073709551615	0.048548
CORE_SEARCH_CANDIDATE	prolog	0	2	1137	18446744073709551615	0.072384
CORE_SEARCH_CANDIDATE	prolog	0	3	1137	18446744073709551615	0.048543
CORE_SEARCH_CANDIDATE	prolog	0	4	1137	18446744073709551615	0.060991
CORE_SEARCH_CANDIDATE	prolog	0	5	1137	18446744073709551615	0.091361
CORE_SEARCH_CANDIDATE	prolog	1	0	883	1315	0.020315
CORE_SEARCH_CANDIDATE	prolog	1	1	883	1315	0.039706
CORE_SEARCH_CANDIDATE	prolog	1	2	883	1315	0.060287
CORE_SEARCH_CANDIDATE	prolog	1	3	883	1315	0.039537
CORE_SEARCH_CANDIDATE	prolog	1	4	883	1315	0.051781
CORE_SEARCH_CANDIDATE	prolog	1	5	883	1315	0.077563
CORE_SEARCH_ROW	prolog	64	292	1245	1225	257	1225	1225	1225	1225	1225	1225	1225	1225
CORE_SEARCH_ROW	ex14_1_8	11	30	80	80	28	80	80	80	80	80	80	80	80
CORE_SEARCH_ROW	faclay75	272878	1379706	3204527350	3013800414	3449330	3013800414	3013800414	3013800414	3013800414	3013800414	3013800414	3013800414	3013800414
CORE_SEARCH_ROW	st_qpk3	55	548	5467	3762	374	3762	3762	3762	3762	3762	3762	3762	3762
CORE_SEARCH_ROW	mpbp_34	11556	40860	3093917	891674	62446	891674	891674	891674	891674	891674	891674	891674	891674
CORE_SEARCH_CANDIDATE	cvxnonsep_normcon20r	0	0	81	18446744073709551615	0.017810
CORE_SEARCH_CANDIDATE	cvxnonsep_normcon20r	0	1	81	18446744073709551615	0.035320
CORE_SEARCH_CANDIDATE	cvxnonsep_normcon20r	0	2	81	18446744073709551615	0.052947
CORE_SEARCH_CANDIDATE	cvxnonsep_normcon20r	0	3	81	18446744073709551615	0.035156
CORE_SEARCH_CANDIDATE	cvxnonsep_normcon20r	0	4	81	18446744073709551615	0.045294
CORE_SEARCH_CANDIDATE	cvxnonsep_normcon20r	0	5	81	18446744073709551615	0.067820
CORE_SEARCH_ROW	cvxnonsep_normcon20r	82	162	325	325	163	325	325	325	325	325	325	325	325
CORE_SEARCH_CANDIDATE	cvxnonsep_psig20r	0	0	85	18446744073709551615	0.017873
CORE_SEARCH_CANDIDATE	cvxnonsep_psig20r	0	1	85	18446744073709551615	0.035186
CORE_SEARCH_CANDIDATE	cvxnonsep_psig20r	0	2	85	18446744073709551615	0.052711
CORE_SEARCH_CANDIDATE	cvxnonsep_psig20r	0	3	85	18446744073709551615	0.035195
CORE_SEARCH_CANDIDATE	cvxnonsep_psig20r	0	4	85	18446744073709551615	0.045324
CORE_SEARCH_CANDIDATE	cvxnonsep_psig20r	0	5	85	18446744073709551615	0.068387
CORE_SEARCH_ROW	cvxnonsep_psig20r	86	170	341	341	171	341	341	341	341	341	341	341	341
CORE_SEARCH_ROW	crudeoil_pooling_dt2	18742	75910	14985540	9947932	174214	9947932	9947932	9947932	9947932	9947932	9947932	9947932	9947932
CORE_SEARCH_CANDIDATE	rsyn0805m03m	0	0	49150	18446744073709551615	0.016996
CORE_SEARCH_CANDIDATE	rsyn0805m03m	0	1	49150	18446744073709551615	0.020802
CORE_SEARCH_CANDIDATE	rsyn0805m03m	0	2	49150	18446744073709551615	0.020791
CORE_SEARCH_CANDIDATE	rsyn0805m03m	0	3	49150	18446744073709551615	0.020777
CORE_SEARCH_CANDIDATE	rsyn0805m03m	0	4	49150	18446744073709551615	0.020582
CORE_SEARCH_CANDIDATE	rsyn0805m03m	0	5	49150	18446744073709551615	0.020697
CORE_SEARCH_CANDIDATE	rsyn0805m03m	1	0	48526	56212	0.010710
CORE_SEARCH_CANDIDATE	rsyn0805m03m	1	1	48526	18446744073709551615	0.018416
CORE_SEARCH_CANDIDATE	rsyn0805m03m	1	2	48526	18446744073709551615	0.019658
CORE_SEARCH_CANDIDATE	rsyn0805m03m	1	3	48526	18446744073709551615	0.018445
CORE_SEARCH_CANDIDATE	rsyn0805m03m	1	4	48526	18446744073709551615	0.018366
CORE_SEARCH_CANDIDATE	rsyn0805m03m	1	5	48526	18446744073709551615	0.021225
CORE_SEARCH_ROW	rsyn0805m03m	2868	8270	60979	54853	10111	54853	54853	54853	54853	54853	54853	54853	54853
CORE_SEARCH_ROW	st_iqpbk1	22	98	295	295	71	295	295	295	295	295	295	295	295
CORE_SEARCH_CANDIDATE	waterund01	0	0	2425	18446744073709551615	0.019766
CORE_SEARCH_CANDIDATE	waterund01	0	1	2425	18446744073709551615	0.038872
CORE_SEARCH_CANDIDATE	waterund01	0	2	2425	18446744073709551615	0.058694
CORE_SEARCH_CANDIDATE	waterund01	0	3	2425	18446744073709551615	0.039020
CORE_SEARCH_CANDIDATE	waterund01	0	4	2425	18446744073709551615	0.047282
CORE_SEARCH_CANDIDATE	waterund01	0	5	2425	18446744073709551615	0.070511
CORE_SEARCH_CANDIDATE	waterund01	1	0	3013	18446744073709551615	0.023678
CORE_SEARCH_CANDIDATE	waterund01	1	1	3013	18446744073709551615	0.047037
CORE_SEARCH_CANDIDATE	waterund01	1	2	3013	18446744073709551615	0.070680
CORE_SEARCH_CANDIDATE	waterund01	1	3	3013	18446744073709551615	0.046588
CORE_SEARCH_CANDIDATE	waterund01	1	4	3013	18446744073709551615	0.059657
CORE_SEARCH_CANDIDATE	waterund01	1	5	3013	18446744073709551615	0.089494
CORE_SEARCH_ROW	waterund01	96	404	4546	3317	457	3317	3317	3317	3317	3317	3317	3317	3317
CORE_SEARCH_ROW	pointpack04	29	120	577	577	113	577	577	577	577	577	577	577	577
CORE_SEARCH_ROW	st_e22	12	30	77	70	28	70	70	70	70	70	70	70	70
CORE_SEARCH_ROW	faclay30	16678	82242	13452923	12850431	116585	12850431	12850431	12850431	12850431	12850431	12850431	12850431	12850431
CORE_SEARCH_CANDIDATE	arki0002	0	0	651623	18446744073709551615	0.015418
CORE_SEARCH_CANDIDATE	arki0002	0	1	651623	18446744073709551615	0.023812
CORE_SEARCH_CANDIDATE	arki0002	0	2	651623	18446744073709551615	0.032777
CORE_SEARCH_CANDIDATE	arki0002	0	3	651623	18446744073709551615	0.024114
CORE_SEARCH_CANDIDATE	arki0002	0	4	651623	18446744073709551615	0.031310
CORE_SEARCH_CANDIDATE	arki0002	0	5	651623	18446744073709551615	0.045597
CORE_SEARCH_CANDIDATE	arki0002	1	0	748170	741951	0.014609
CORE_SEARCH_CANDIDATE	arki0002	1	1	748170	739179	0.018443
CORE_SEARCH_CANDIDATE	arki0002	1	2	748170	725436	0.040072
CORE_SEARCH_CANDIDATE	arki0002	1	3	748170	731014	0.021877
CORE_SEARCH_CANDIDATE	arki0002	1	4	748170	18446744073709551615	0.032752
CORE_SEARCH_CANDIDATE	arki0002	1	5	748170	18446744073709551615	0.046014
CORE_SEARCH_ROW	arki0002	4432	11248	683476	667374	27906	667374	667374	667374	667374	667374	667374	667374	667374
CORE_SEARCH_CANDIDATE	transswitch0300p	0	0	350547	18446744073709551615	0.013922
CORE_SEARCH_CANDIDATE	transswitch0300p	0	1	350547	382538	0.014320
CORE_SEARCH_CANDIDATE	transswitch0300p	0	2	350547	382538	0.021871
CORE_SEARCH_CANDIDATE	transswitch0300p	0	3	350547	18446744073709551615	0.018415
CORE_SEARCH_CANDIDATE	transswitch0300p	0	4	350547	18446744073709551615	0.035370
CORE_SEARCH_CANDIDATE	transswitch0300p	0	5	350547	18446744073709551615	0.048161
CORE_SEARCH_CANDIDATE	transswitch0300p	1	0	346563	18446744073709551615	0.012339
CORE_SEARCH_CANDIDATE	transswitch0300p	1	1	346563	18446744073709551615	0.019778
CORE_SEARCH_CANDIDATE	transswitch0300p	1	2	346563	18446744073709551615	0.027196
CORE_SEARCH_CANDIDATE	transswitch0300p	1	3	346563	416227	0.013687
CORE_SEARCH_CANDIDATE	transswitch0300p	1	4	346563	18446744073709551615	0.033358
CORE_SEARCH_CANDIDATE	transswitch0300p	1	5	346563	18446744073709551615	0.045856
CORE_SEARCH_ROW	transswitch0300p	11659	48446	404940	377741	51785	377741	377741	377741	377741	377741	377741	377741	377741
CORE_SEARCH_ROW	crudeoil_pooling_dt3	30660	152210	48975085	33883414	471330	33883414	33883414	33883414	33883414	33883414	33883414	33883414	33883414
CORE_SEARCH_ROW	gasprod_sarawak81	22536	75636	1030380	941231	110997	941231	941231	941231	941231	941231	941231	941231	941231
CORE_SEARCH_ROW	maxcsp-langford-3-11	660	29646	33444033	10360919	72709	10360919	10360919	10360919	10360919	10360919	10360919	10360919	10360919
CORE_SEARCH_CANDIDATE	p_ball_30b_5p_2d_h	0	0	23466	18446744073709551615	0.013850
CORE_SEARCH_CANDIDATE	p_ball_30b_5p_2d_h	0	1	23466	18446744073709551615	0.022226
CORE_SEARCH_CANDIDATE	p_ball_30b_5p_2d_h	0	2	23466	18446744073709551615	0.038354
CORE_SEARCH_CANDIDATE	p_ball_30b_5p_2d_h	0	3	23466	18446744073709551615	0.021597
CORE_SEARCH_CANDIDATE	p_ball_30b_5p_2d_h	0	4	23466	18446744073709551615	0.023060
CORE_SEARCH_CANDIDATE	p_ball_30b_5p_2d_h	0	5	23466	18446744073709551615	0.035764
CORE_SEARCH_CANDIDATE	p_ball_30b_5p_2d_h	1	0	20766	18446744073709551615	0.015239
CORE_SEARCH_CANDIDATE	p_ball_30b_5p_2d_h	1	1	20766	18446744073709551615	0.033643
CORE_SEARCH_CANDIDATE	p_ball_30b_5p_2d_h	1	2	20766	18446744073709551615	0.051618
CORE_SEARCH_CANDIDATE	p_ball_30b_5p_2d_h	1	3	20766	18446744073709551615	0.034196
CORE_SEARCH_CANDIDATE	p_ball_30b_5p_2d_h	1	4	20766	18446744073709551615	0.035007
CORE_SEARCH_CANDIDATE	p_ball_30b_5p_2d_h	1	5	20766	18446744073709551615	0.050645
CORE_SEARCH_ROW	p_ball_30b_5p_2d_h	1543	5224	25843	25742	5370	25742	25742	25742	25742	25742	25742	25742	25742
CORE_SEARCH_ROW	ringpack_20_3	6709	45220	2415136	865627	40969	865627	865627	865627	865627	865627	865627	865627	865627
CORE_SEARCH_CANDIDATE	waste	0	0	1242867	18446744073709551615	0.010378
CORE_SEARCH_CANDIDATE	waste	0	1	1242867	18446744073709551615	0.016448
CORE_SEARCH_CANDIDATE	waste	0	2	1242867	18446744073709551615	0.013732
CORE_SEARCH_CANDIDATE	waste	0	3	1242867	18446744073709551615	0.019164
CORE_SEARCH_CANDIDATE	waste	0	4	1242867	18446744073709551615	0.023801
CORE_SEARCH_CANDIDATE	waste	0	5	1242867	18446744073709551615	0.034420
CORE_SEARCH_ROW	waste	4825	21504	1468261	1270649	38413	1270649	1270649	1270649	1270649	1270649	1270649	1270649	1270649
CORE_SEARCH_CANDIDATE	catmix400	0	0	36323	18446744073709551615	0.014044
CORE_SEARCH_CANDIDATE	catmix400	0	1	36323	18446744073709551615	0.014590
CORE_SEARCH_CANDIDATE	catmix400	0	2	36323	18446744073709551615	0.014716
CORE_SEARCH_CANDIDATE	catmix400	0	3	36323	18446744073709551615	0.014827
CORE_SEARCH_CANDIDATE	catmix400	0	4	36323	18446744073709551615	0.014649
CORE_SEARCH_CANDIDATE	catmix400	0	5	36323	18446744073709551615	0.014798
CORE_SEARCH_CANDIDATE	catmix400	1	0	36314	18446744073709551615	0.014400
CORE_SEARCH_CANDIDATE	catmix400	1	1	36314	18446744073709551615	0.014652
CORE_SEARCH_CANDIDATE	catmix400	1	2	36314	18446744073709551615	0.014542
CORE_SEARCH_CANDIDATE	catmix400	1	3	36314	18446744073709551615	0.014629
CORE_SEARCH_CANDIDATE	catmix400	1	4	36314	18446744073709551615	0.014509
CORE_SEARCH_CANDIDATE	catmix400	1	5	36314	18446744073709551615	0.014455
CORE_SEARCH_ROW	catmix400	2001	11192	36373	36364	8396	36364	36364	36364	36364	36364	36364	36364	36364
CORE_SEARCH_CANDIDATE	rsyn0815m02hfsg	0	0	34563	18446744073709551615	0.017577
CORE_SEARCH_CANDIDATE	rsyn0815m02hfsg	0	1	34563	18446744073709551615	0.029886
CORE_SEARCH_CANDIDATE	rsyn0815m02hfsg	0	2	34563	18446744073709551615	0.030056
CORE_SEARCH_CANDIDATE	rsyn0815m02hfsg	0	3	34563	18446744073709551615	0.030095
CORE_SEARCH_CANDIDATE	rsyn0815m02hfsg	0	4	34563	18446744073709551615	0.030283
CORE_SEARCH_CANDIDATE	rsyn0815m02hfsg	0	5	34563	18446744073709551615	0.030120
CORE_SEARCH_CANDIDATE	rsyn0815m02hfsg	1	0	50028	47487	0.018042
CORE_SEARCH_CANDIDATE	rsyn0815m02hfsg	1	1	50028	46698	0.023337
CORE_SEARCH_CANDIDATE	rsyn0815m02hfsg	1	2	50028	46698	0.023315
CORE_SEARCH_CANDIDATE	rsyn0815m02hfsg	1	3	50028	46664	0.023310
CORE_SEARCH_CANDIDATE	rsyn0815m02hfsg	1	4	50028	46698	0.023485
CORE_SEARCH_CANDIDATE	rsyn0815m02hfsg	1	5	50028	46664	0.023366
CORE_SEARCH_ROW	rsyn0815m02hfsg	3054	7968	44604	41416	9904	41416	41416	41416	41416	41416	41416	41416	41416
CORE_SEARCH_CANDIDATE	p_ball_10b_7p_3d_h	0	0	21489	18446744073709551615	0.018634
CORE_SEARCH_CANDIDATE	p_ball_10b_7p_3d_h	0	1	21489	18446744073709551615	0.031753
CORE_SEARCH_CANDIDATE	p_ball_10b_7p_3d_h	0	2	21489	18446744073709551615	0.050079
CORE_SEARCH_CANDIDATE	p_ball_10b_7p_3d_h	0	3	21489	18446744073709551615	0.032888
CORE_SEARCH_CANDIDATE	p_ball_10b_7p_3d_h	0	4	21489	18446744073709551615	0.031664
CORE_SEARCH_CANDIDATE	p_ball_10b_7p_3d_h	0	5	21489	18446744073709551615	0.049122
CORE_SEARCH_CANDIDATE	p_ball_10b_7p_3d_h	1	0	19599	18446744073709551615	0.017139
CORE_SEARCH_CANDIDATE	p_ball_10b_7p_3d_h	1	1	19599	18446744073709551615	0.034676
CORE_SEARCH_CANDIDATE	p_ball_10b_7p_3d_h	1	2	19599	18446744073709551615	0.053180
CORE_SEARCH_CANDIDATE	p_ball_10b_7p_3d_h	1	3	19599	18446744073709551615	0.034717
CORE_SEARCH_CANDIDATE	p_ball_10b_7p_3d_h	1	4	19599	18446744073709551615	0.035077
CORE_SEARCH_CANDIDATE	p_ball_10b_7p_3d_h	1	5	19599	18446744073709551615	0.053686
CORE_SEARCH_ROW	p_ball_10b_7p_3d_h	1236	4186	24380	23744	4436	23744	23744	23744	23744	23744	23744	23744	23744
CORE_SEARCH_ROW	chimera_k64ising-02	1225	3846	613390	371142	11742	371142	371142	371142	371142	371142	371142	371142	371142
CORE_SEARCH_CANDIDATE	batchs121208m	0	0	122148	18446744073709551615	0.018262
CORE_SEARCH_CANDIDATE	batchs121208m	0	1	122148	18446744073709551615	0.033878
CORE_SEARCH_CANDIDATE	batchs121208m	0	2	122148	18446744073709551615	0.033865
CORE_SEARCH_CANDIDATE	batchs121208m	0	3	122148	18446744073709551615	0.033058
CORE_SEARCH_CANDIDATE	batchs121208m	0	4	122148	18446744073709551615	0.027536
CORE_SEARCH_CANDIDATE	batchs121208m	0	5	122148	18446744073709551615	0.034282
CORE_SEARCH_CANDIDATE	batchs121208m	1	0	133956	142847	0.016457
CORE_SEARCH_CANDIDATE	batchs121208m	1	1	133956	139384	0.030756
CORE_SEARCH_CANDIDATE	batchs121208m	1	2	133956	140217	0.027571
CORE_SEARCH_CANDIDATE	batchs121208m	1	3	133956	140217	0.034874
CORE_SEARCH_CANDIDATE	batchs121208m	1	4	133956	18446744073709551615	0.026716
CORE_SEARCH_CANDIDATE	batchs121208m	1	5	133956	140217	0.027179
CORE_SEARCH_ROW	batchs121208m	3404	11462	138030	128816	13224	128816	128816	128816	128816	128816	128816	128816	128816
CORE_SEARCH_ROW	nvs02	11	46	142	142	36	142	142	142	142	142	142	142	142
CORE_SEARCH_CANDIDATE	wastepaper6	0	0	16111	18446744073709551615	0.023652
CORE_SEARCH_CANDIDATE	wastepaper6	0	1	16111	18446744073709551615	0.047386
CORE_SEARCH_CANDIDATE	wastepaper6	0	2	16111	18446744073709551615	0.070898
CORE_SEARCH_CANDIDATE	wastepaper6	0	3	16111	18446744073709551615	0.047211
CORE_SEARCH_CANDIDATE	wastepaper6	0	4	16111	18446744073709551615	0.053216
CORE_SEARCH_CANDIDATE	wastepaper6	0	5	16111	18446744073709551615	0.080349
CORE_SEARCH_CANDIDATE	wastepaper6	1	0	16697	16790	0.022342
CORE_SEARCH_CANDIDATE	wastepaper6	1	1	16697	16790	0.045094
CORE_SEARCH_CANDIDATE	wastepaper6	1	2	16697	16790	0.068413
CORE_SEARCH_CANDIDATE	wastepaper6	1	3	16697	16790	0.045644
CORE_SEARCH_CANDIDATE	wastepaper6	1	4	16697	16790	0.051024
CORE_SEARCH_CANDIDATE	wastepaper6	1	5	16697	16790	0.076808
CORE_SEARCH_ROW	wastepaper6	191	1416	16611	16611	1511	16611	16611	16611	16611	16611	16611	16611	16611
CORE_SEARCH_CANDIDATE	syn15hfsg	0	0	2400	18446744073709551615	0.024501
CORE_SEARCH_CANDIDATE	syn15hfsg	0	1	2400	18446744073709551615	0.049440
CORE_SEARCH_CANDIDATE	syn15hfsg	0	2	2400	18446744073709551615	0.074034
CORE_SEARCH_CANDIDATE	syn15hfsg	0	3	2400	18446744073709551615	0.049092
CORE_SEARCH_CANDIDATE	syn15hfsg	0	4	2400	18446744073709551615	0.054866
CORE_SEARCH_CANDIDATE	syn15hfsg	0	5	2400	18446744073709551615	0.082051
CORE_SEARCH_CANDIDATE	syn15hfsg	1	0	2327	3715	0.024295
CORE_SEARCH_CANDIDATE	syn15hfsg	1	1	2327	3715	0.049149
CORE_SEARCH_CANDIDATE	syn15hfsg	1	2	2327	3715	0.073394
CORE_SEARCH_CANDIDATE	syn15hfsg	1	3	2327	3715	0.049533
CORE_SEARCH_CANDIDATE	syn15hfsg	1	4	2327	3722	0.054962
CORE_SEARCH_CANDIDATE	syn15hfsg	1	5	2327	3715	0.082925
CORE_SEARCH_ROW	syn15hfsg	399	1022	3300	3272	1106	3272	3272	3272	3272	3272	3272	3272	3272
CORE_SEARCH_CANDIDATE	st_jcbpaf2	0	0	1491	18446744073709551615	0.019239
CORE_SEARCH_CANDIDATE	st_jcbpaf2	0	1	1491	18446744073709551615	0.038639
CORE_SEARCH_CANDIDATE	st_jcbpaf2	0	2	1491	18446744073709551615	0.057483
CORE_SEARCH_CANDIDATE	st_jcbpaf2	0	3	1491	18446744073709551615	0.038347
CORE_SEARCH_CANDIDATE	st_jcbpaf2	0	4	1491	18446744073709551615	0.040558
CORE_SEARCH_CANDIDATE	st_jcbpaf2	0	5	1491	18446744073709551615	0.061374
CORE_SEARCH_CANDIDATE	st_jcbpaf2	1	0	1519	18446744073709551615	0.019618
CORE_SEARCH_CANDIDATE	st_jcbpaf2	1	1	1519	18446744073709551615	0.038975
CORE_SEARCH_CANDIDATE	st_jcbpaf2	1	2	1519	18446744073709551615	0.058366
CORE_SEARCH_CANDIDATE	st_jcbpaf2	1	3	1519	18446744073709551615	0.038672
CORE_SEARCH_CANDIDATE	st_jcbpaf2	1	4	1519	18446744073709551615	0.046427
CORE_SEARCH_CANDIDATE	st_jcbpaf2	1	5	1519	18446744073709551615	0.069144
CORE_SEARCH_ROW	st_jcbpaf2	36	246	1635	1543	199	1543	1543	1543	1543	1543	1543	1543	1543
CORE_SEARCH_CANDIDATE	camshape400	0	0	13568	18446744073709551615	0.015628
CORE_SEARCH_CANDIDATE	camshape400	0	1	13568	18446744073709551615	0.035141
CORE_SEARCH_CANDIDATE	camshape400	0	2	13568	18446744073709551615	0.039329
CORE_SEARCH_CANDIDATE	camshape400	0	3	13568	18446744073709551615	0.027513
CORE_SEARCH_CANDIDATE	camshape400	0	4	13568	18446744073709551615	0.021844
CORE_SEARCH_CANDIDATE	camshape400	0	5	13568	18446744073709551615	0.045068
CORE_SEARCH_CANDIDATE	camshape400	1	0	13575	18446744073709551615	0.017899
CORE_SEARCH_CANDIDATE	camshape400	1	1	13575	18446744073709551615	0.036551
CORE_SEARCH_CANDIDATE	camshape400	1	2	13575	18446744073709551615	0.039391
CORE_SEARCH_CANDIDATE	camshape400	1	3	13575	18446744073709551615	0.034792
CORE_SEARCH_CANDIDATE	camshape400	1	4	13575	18446744073709551615	0.022560
CORE_SEARCH_CANDIDATE	camshape400	1	5	13575	18446744073709551615	0.039890
CORE_SEARCH_ROW	camshape400	2000	7188	16768	16768	5594	16768	16768	16768	16768	16768	16768	16768	16768
CORE_SEARCH_ROW	graphpart_clique-30	120	2790	114505	91153	3027	91153	91153	91153	91153	91153	91153	91153	91153
CORE_SEARCH_ROW	graphpart_clique-70	280	14910	1413012	1144894	15796	1144894	1144894	1144894	1144894	1144894	1144894	1144894	1144894
CORE_SEARCH_ROW	smallinvDAXr1b010-011	39	1120	13510	13319	599	13319	13319	13319	13319	13319	13319	13319	13319
CORE_SEARCH_ROW	nd_netgen-2000-3-4-b-a-ns_7	22074	60000	289420	273394	64374	273394	273394	273394	273394	273394	273394	273394	273394
CORE_SEARCH_CANDIDATE	slay05m	0	0	1775	18446744073709551615	0.023152
CORE_SEARCH_CANDIDATE	slay05m	0	1	1775	18446744073709551615	0.046105
CORE_SEARCH_CANDIDATE	slay05m	0	2	1775	18446744073709551615	0.069630
CORE_SEARCH_CANDIDATE	slay05m	0	3	1775	18446744073709551615	0.046624
CORE_SEARCH_CANDIDATE	slay05m	0	4	1775	18446744073709551615	0.052786
CORE_SEARCH_CANDIDATE	slay05m	0	5	1775	18446744073709551615	0.079173
CORE_SEARCH_ROW	slay05m	240	720	2635	2635	745	2635	2635	2635	2635	2635	2635	2635	2635
CORE_SEARCH_CANDIDATE	chimera_selby-c16-01	0	0	26329083	3854754	0.007848
CORE_SEARCH_CANDIDATE	chimera_selby-c16-01	0	1	26329083	3830766	0.010905
CORE_SEARCH_CANDIDATE	chimera_selby-c16-01	0	2	26329083	3686416	0.014499
CORE_SEARCH_CANDIDATE	chimera_selby-c16-01	0	3	26329083	3594798	0.007709
CORE_SEARCH_CANDIDATE	chimera_selby-c16-01	0	4	26329083	3608935	0.008142
CORE_SEARCH_CANDIDATE	chimera_selby-c16-01	0	5	26329083	3255352	0.021994
CORE_SEARCH_CANDIDATE	chimera_selby-c16-01	1	0	8362889	3163580	0.007720
CORE_SEARCH_CANDIDATE	chimera_selby-c16-01	1	1	8362889	3768352	0.006348
CORE_SEARCH_CANDIDATE	chimera_selby-c16-01	1	2	8362889	3387982	0.024241
CORE_SEARCH_CANDIDATE	chimera_selby-c16-01	1	3	8362889	3309372	0.008389
CORE_SEARCH_CANDIDATE	chimera_selby-c16-01	1	4	8362889	3763938	0.005918
CORE_SEARCH_CANDIDATE	chimera_selby-c16-01	1	5	8362889	3309372	0.015166
CORE_SEARCH_ROW	chimera_selby-c16-01	2031	10964	3605628	2421342	50264	2421342	2421342	2421342	2421342	2421342	2421342	2421342	2421342
CORE_SEARCH_CANDIDATE	csched1	0	0	305	18446744073709551615	0.023332
CORE_SEARCH_CANDIDATE	csched1	0	1	305	18446744073709551615	0.046548
CORE_SEARCH_CANDIDATE	csched1	0	2	305	18446744073709551615	0.069494
CORE_SEARCH_CANDIDATE	csched1	0	3	305	18446744073709551615	0.046837
CORE_SEARCH_CANDIDATE	csched1	0	4	305	18446744073709551615	0.065090
CORE_SEARCH_CANDIDATE	csched1	0	5	305	18446744073709551615	0.098502
CORE_SEARCH_CANDIDATE	csched1	1	0	483	1125	0.023466
CORE_SEARCH_CANDIDATE	csched1	1	1	483	1125	0.045892
CORE_SEARCH_CANDIDATE	csched1	1	2	483	1125	0.069593
CORE_SEARCH_CANDIDATE	csched1	1	3	483	1125	0.046477
CORE_SEARCH_CANDIDATE	csched1	1	4	483	1125	0.061704
CORE_SEARCH_CANDIDATE	csched1	1	5	483	1125	0.092354
CORE_SEARCH_ROW	csched1	110	376	975	975	323	975	975	975	975	975	975	975	975
CORE_SEARCH_ROW	watercontamination0303r	1310	37028	2171882	2171882	20194	2171882	2171882	2171882	2171882	2171882	2171882	2171882	2171882
CORE_SEARCH_ROW	ex9_2_4	15	36	117	117	41	117	117	117	117	117	117	117	117
CORE_SEARCH_CANDIDATE	sssd15-04	0	0	921	1829	0.021231
CORE_SEARCH_CANDIDATE	sssd15-04	0	1	921	1829	0.042048
CORE_SEARCH_CANDIDATE	sssd15-04	0	2	921	1829	0.062830
CORE_SEARCH_CANDIDATE	sssd15-04	0	3	921	1829	0.042094
CORE_SEARCH_CANDIDATE	sssd15-04	0	4	921	1829	0.053132
CORE_SEARCH_CANDIDATE	sssd15-04	0	5	921	1829	0.079665
CORE_SEARCH_ROW	sssd15-04	163	440	1625	1625	497	1625	1625	1625	1625	1625	1625	1625	1625
CORE_SEARCH_ROW	autocorr_bern35-35fix	38	1264	16214	16214	670	16214	16214	16214	16214	16214	16214	16214	16214
CORE_SEARCH_CANDIDATE	sfacloc2_4_90	0	0	25811	18446744073709551615	0.018159
CORE_SEARCH_CANDIDATE	sfacloc2_4_90	0	1	25811	18446744073709551615	0.030262
CORE_SEARCH_CANDIDATE	sfacloc2_4_90	0	2	25811	18446744073709551615	0.047247
CORE_SEARCH_CANDIDATE	sfacloc2_4_90	0	3	25811	18446744073709551615	0.030309
CORE_SEARCH_CANDIDATE	sfacloc2_4_90	0	4	25811	18446744073709551615	0.030714
CORE_SEARCH_CANDIDATE	sfacloc2_4_90	0	5	25811	18446744073709551615	0.049946
CORE_SEARCH_CANDIDATE	sfacloc2_4_90	1	0	38684	39410	0.014888
CORE_SEARCH_CANDIDATE	sfacloc2_4_90	1	1	38684	39410	0.032921
CORE_SEARCH_CANDIDATE	sfacloc2_4_90	1	2	38684	39410	0.051207
CORE_SEARCH_CANDIDATE	sfacloc2_4_90	1	3	38684	39410	0.032619
CORE_SEARCH_CANDIDATE	sfacloc2_4_90	1	4	38684	39407	0.035567
CORE_SEARCH_CANDIDATE	sfacloc2_4_90	1	5	38684	39299	0.051544
CORE_SEARCH_ROW	sfacloc2_4_90	1491	4500	31682	28843	5335	28843	28843	28843	28843	28843	28843	28843	28843
CORE_SEARCH_ROW	cont6-qq	120395	557994	835894090	581918900	3410086	581918900	581918900	581918900	581918900	581918900	581918900	581918900	581918900
CORE_SEARCH_ROW	meanvar-orl400_05_e_7	5205	174804	21939414	21935811	95007	21935811	21935811	21935811	21935811	21935811	21935811	21935811	21935811
CORE_SEARCH_CANDIDATE	glider400	0	0	300231	18446744073709551615	0.010668
CORE_SEARCH_CANDIDATE	glider400	0	1	300231	18446744073709551615	0.018997
CORE_SEARCH_CANDIDATE	glider400	0	2	300231	18446744073709551615	0.024490
CORE_SEARCH_CANDIDATE	glider400	0	3	300231	18446744073709551615	0.021466
CORE_SEARCH_CANDIDATE	glider400	0	4	300231	18446744073709551615	0.031956
CORE_SEARCH_CANDIDATE	glider400	0	5	300231	18446744073709551615	0.044248
CORE_SEARCH_CANDIDATE	glider400	1	0	1550642745	497211	0.011306
CORE_SEARCH_CANDIDATE	glider400	1	1	1550642745	497211	0.023466
CORE_SEARCH_CANDIDATE	glider400	1	2	1550642745	482139	0.029615
CORE_SEARCH_CANDIDATE	glider400	1	3	1550642745	484628	0.019326
CORE_SEARCH_CANDIDATE	glider400	1	4	1550642745	497211	0.029665
CORE_SEARCH_CANDIDATE	glider400	1	5	1550642745	484773	0.041888
CORE_SEARCH_ROW	glider400	10017	49624	373018	327531	54133	327531	327531	327531	327531	327531	327531	327531	327531
CORE_SEARCH_CANDIDATE	syn40m04m	0	0	52011	18446744073709551615	0.019493
CORE_SEARCH_CANDIDATE	syn40m04m	0	1	52011	18446744073709551615	0.026885
CORE_SEARCH_CANDIDATE	syn40m04m	0	2	52011	18446744073709551615	0.038965
CORE_SEARCH_CANDIDATE	syn40m04m	0	3	52011	18446744073709551615	0.016986
CORE_SEARCH_CANDIDATE	syn40m04m	0	4	52011	18446744073709551615	0.031777
CORE_SEARCH_CANDIDATE	syn40m04m	0	5	52011	18446744073709551615	0.044689
CORE_SEARCH_CANDIDATE	syn40m04m	1	0	53926	18446744073709551615	0.011984
CORE_SEARCH_CANDIDATE	syn40m04m	1	1	53926	18446744073709551615	0.037468
CORE_SEARCH_CANDIDATE	syn40m04m	1	2	53926	18446744073709551615	0.054210
CORE_SEARCH_CANDIDATE	syn40m04m	1	3	53926	18446744073709551615	0.036597
CORE_SEARCH_CANDIDATE	syn40m04m	1	4	53926	18446744073709551615	0.030545
CORE_SEARCH_CANDIDATE	syn40m04m	1	5	53926	18446744073709551615	0.044081
CORE_SEARCH_ROW	syn40m04m	4960	13792	65982	63265	15219	63265	63265	63265	63265	63265	63265	63265	63265
CORE_SEARCH_ROW	ex2_1_3	31	72	189	189	73	189	189	189	189	189	189	189	189
CORE_SEARCH_ROW	qapw	705	87496	12183146	12183146	69878	12183146	12183146	12183146	12183146	12183146	12183146	12183146	12183146
CORE_SEARCH_ROW	himmel11	14	60	198	198	48	198	198	198	198	198	198	198	198
CORE_SEARCH_CANDIDATE	syn15m04m	0	0	20874	18446744073709551615	0.017590
CORE_SEARCH_CANDIDATE	syn15m04m	0	1	20874	18446744073709551615	0.028227
CORE_SEARCH_CANDIDATE	syn15m04m	0	2	20874	18446744073709551615	0.046734
CORE_SEARCH_CANDIDATE	syn15m04m	0	3	20874	18446744073709551615	0.027813
CORE_SEARCH_CANDIDATE	syn15m04m	0	4	20874	18446744073709551615	0.028160
CORE_SEARCH_CANDIDATE	syn15m04m	0	5	20874	18446744073709551615	0.047997
CORE_SEARCH_CANDIDATE	syn15m04m	1	0	21821	18446744073709551615	0.018612
CORE_SEARCH_CANDIDATE	syn15m04m	1	1	21821	27804	0.030295
CORE_SEARCH_CANDIDATE	syn15m04m	1	2	21821	27773	0.048197
CORE_SEARCH_CANDIDATE	syn15m04m	1	3	21821	27815	0.030016
CORE_SEARCH_CANDIDATE	syn15m04m	1	4	21821	18446744073709551615	0.029898
CORE_SEARCH_CANDIDATE	syn15m04m	1	5	21821	18446744073709551615	0.046546
CORE_SEARCH_ROW	syn15m04m	1908	5288	26094	25061	5853	25061	25061	25061	25061	25061	25061	25061	25061
CORE_SEARCH_CANDIDATE	pooling_rt2tp	0	0	5348	18446744073709551615	0.019327
CORE_SEARCH_CANDIDATE	pooling_rt2tp	0	1	5348	18446744073709551615	0.039022
CORE_SEARCH_CANDIDATE	pooling_rt2tp	0	2	5348	18446744073709551615	0.058184
CORE_SEARCH_CANDIDATE	pooling_rt2tp	0	3	5348	18446744073709551615	0.037976
CORE_SEARCH_CANDIDATE	pooling_rt2tp	0	4	5348	18446744073709551615	0.047297
CORE_SEARCH_CANDIDATE	pooling_rt2tp	0	5	5348	18446744073709551615	0.072994
CORE_SEARCH_CANDIDATE	pooling_rt2tp	1	0	5792	18446744073709551615	0.022459
CORE_SEARCH_CANDIDATE	pooling_rt2tp	1	1	5792	18446744073709551615	0.045076
CORE_SEARCH_CANDIDATE	pooling_rt2tp	1	2	5792	18446744073709551615	0.066973
CORE_SEARCH_CANDIDATE	pooling_rt2tp	1	3	5792	18446744073709551615	0.044778
CORE_SEARCH_CANDIDATE	pooling_rt2tp	1	4	5792	18446744073709551615	0.057582
CORE_SEARCH_CANDIDATE	pooling_rt2tp	1	5	5792	18446744073709551615	0.086285
CORE_SEARCH_ROW	pooling_rt2tp	118	654	5876	5796	708	5796	5796	5796	5796	5796	5796	5796	5796
CORE_SEARCH_ROW	waterund14	333	2204	200484	72184	3330	72184	72184	72184	72184	72184	72184	72184	72184
CORE_SEARCH_ROW	crudeoil_lee4_10	17809	120632	294531623	184173410	690884	184173410	184173410	184173410	184173410	184173410	184173410	184173410	184173410
CORE_SEARCH_CANDIDATE	pooling_foulds4pq	0	0	129944	18446744073709551615	0.014147
CORE_SEARCH_CANDIDATE	pooling_foulds4pq	0	1	129944	18446744073709551615	0.022456
CORE_SEARCH_CANDIDATE	pooling_foulds4pq	0	2	129944	18446744073709551615	0.036973
CORE_SEARCH_CANDIDATE	pooling_foulds4pq	0	3	129944	18446744073709551615	0.022470
CORE_SEARCH_CANDIDATE	pooling_foulds4pq	0	4	129944	18446744073709551615	0.026909
CORE_SEARCH_CANDIDATE	pooling_foulds4pq	0	5	129944	18446744073709551615	0.040803
CORE_SEARCH_CANDIDATE	pooling_foulds4pq	1	0	130144	18446744073709551615	0.014702
CORE_SEARCH_CANDIDATE	pooling_foulds4pq	1	1	130144	18446744073709551615	0.022394
CORE_SEARCH_CANDIDATE	pooling_foulds4pq	1	2	130144	18446744073709551615	0.037695
CORE_SEARCH_CANDIDATE	pooling_foulds4pq	1	3	130144	18446744073709551615	0.022978
CORE_SEARCH_CANDIDATE	pooling_foulds4pq	1	4	130144	18446744073709551615	0.027149
CORE_SEARCH_CANDIDATE	pooling_foulds4pq	1	5	130144	18446744073709551615	0.037253
CORE_SEARCH_ROW	pooling_foulds4pq	1294	8302	138692	138540	9768	138540	138540	138540	138540	138540	138540	138540	138540
CORE_SEARCH_CANDIDATE	edgecross14-156	0	0	1371132	18446744073709551615	0.013081
CORE_SEARCH_CANDIDATE	edgecross14-156	0	1	1371132	1372564	0.014183
CORE_SEARCH_CANDIDATE	edgecross14-156	0	2	1371132	18446744073709551615	0.015794
CORE_SEARCH_CANDIDATE	edgecross14-156	0	3	1371132	18446744073709551615	0.011748
CORE_SEARCH_CANDIDATE	edgecross14-156	0	4	1371132	18446744073709551615	0.027111
CORE_SEARCH_CANDIDATE	edgecross14-156	0	5	1371132	18446744073709551615	0.033715
CORE_SEARCH_ROW	edgecross14-156	3097	19664	1487933	1376964	22658	1376964	1372564	1376964	1376964	1376964	1376964	1372564	1372564
CORE_SEARCH_CANDIDATE	tspn08	0	0	7560	18446744073709551615	0.020355
CORE_SEARCH_CANDIDATE	tspn08	0	1	7560	18446744073709551615	0.040657
CORE_SEARCH_CANDIDATE	tspn08	0	2	7560	18446744073709551615	0.062653
CORE_SEARCH_CANDIDATE	tspn08	0	3	7560	18446744073709551615	0.040633
CORE_SEARCH_CANDIDATE	tspn08	0	4	7560	18446744073709551615	0.051106
CORE_SEARCH_CANDIDATE	tspn08	0	5	7560	18446744073709551615	0.075007
CORE_SEARCH_ROW	tspn08	72	668	11074	7600	602	7600	7600	7600	7600	7600	7600	7600	7600
CORE_SEARCH_CANDIDATE	crudeoil_li05	0	0	596958	18446744073709551615	0.012467
CORE_SEARCH_CANDIDATE	crudeoil_li05	0	1	596958	18446744073709551615	0.017518
CORE_SEARCH_CANDIDATE	crudeoil_li05	0	2	596958	18446744073709551615	0.034929
CORE_SEARCH_CANDIDATE	crudeoil_li05	0	3	596958	18446744073709551615	0.023675
CORE_SEARCH_CANDIDATE	crudeoil_li05	0	4	596958	18446744073709551615	0.025576
CORE_SEARCH_CANDIDATE	crudeoil_li05	0	5	596958	18446744073709551615	0.028988
CORE_SEARCH_CANDIDATE	crudeoil_li05	1	0	603051	18446744073709551615	0.010467
CORE_SEARCH_CANDIDATE	crudeoil_li05	1	1	603051	18446744073709551615	0.022098
CORE_SEARCH_CANDIDATE	crudeoil_li05	1	2	603051	634674	0.031773
CORE_SEARCH_CANDIDATE	crudeoil_li05	1	3	603051	620157	0.016454
CORE_SEARCH_CANDIDATE	crudeoil_li05	1	4	603051	18446744073709551615	0.027021
CORE_SEARCH_CANDIDATE	crudeoil_li05	1	5	603051	18446744073709551615	0.028809
CORE_SEARCH_ROW	crudeoil_li05	4225	14628	680022	533531	25833	533531	533531	533531	533531	533531	533531	533531	533531
CORE_SEARCH_CANDIDATE	procurement1large	0	0	29264854	11863471	0.017615
CORE_SEARCH_CANDIDATE	procurement1large	0	1	29264854	11863471	0.019141
CORE_SEARCH_CANDIDATE	procurement1large	0	2	29264854	11863471	0.023732
CORE_SEARCH_CANDIDATE	procurement1large	0	3	29264854	12254051	0.018669
CORE_SEARCH_CANDIDATE	procurement1large	0	4	29264854	11863471	0.028333
CORE_SEARCH_CANDIDATE	procurement1large	0	5	29264854	12254051	0.043479
CORE_SEARCH_ROW	procurement1large	14416	41068	13858240	7376882	108978	7376882	7376882	7376882	7376882	7376882	7376882	7376882	7376882
CORE_SEARCH_CANDIDATE	blend721	0	0	63919	18446744073709551615	0.016848
CORE_SEARCH_CANDIDATE	blend721	0	1	63919	18446744073709551615	0.029102
CORE_SEARCH_CANDIDATE	blend721	0	2	63919	18446744073709551615	0.047541
CORE_SEARCH_CANDIDATE	blend721	0	3	63919	18446744073709551615	0.029530
CORE_SEARCH_CANDIDATE	blend721	0	4	63919	18446744073709551615	0.032570
CORE_SEARCH_CANDIDATE	blend721	0	5	63919	18446744073709551615	0.050841
CORE_SEARCH_CANDIDATE	blend721	1	0	63667	18446744073709551615	0.016549
CORE_SEARCH_CANDIDATE	blend721	1	1	63667	18446744073709551615	0.029060
CORE_SEARCH_CANDIDATE	blend721	1	2	63667	18446744073709551615	0.046068
CORE_SEARCH_CANDIDATE	blend721	1	3	63667	18446744073709551615	0.029105
CORE_SEARCH_CANDIDATE	blend721	1	4	63667	18446744073709551615	0.032615
CORE_SEARCH_CANDIDATE	blend721	1	5	63667	18446744073709551615	0.053520
CORE_SEARCH_ROW	blend721	1428	4548	77560	66143	6157	66143	66143	66143	66143	66143	66143	66143	66143
CORE_SEARCH_CANDIDATE	chimera_selby-c16-02	0	0	15225361	2952781	0.006293
CORE_SEARCH_CANDIDATE	chimera_selby-c16-02	0	1	15225361	2900058	0.011545
CORE_SEARCH_CANDIDATE	chimera_selby-c16-02	0	2	15225361	2895761	0.019527
CORE_SEARCH_CANDIDATE	chimera_selby-c16-02	0	3	15225361	3504778	0.007581
CORE_SEARCH_CANDIDATE	chimera_selby-c16-02	0	4	15225361	3693568	0.012433
CORE_SEARCH_CANDIDATE	chimera_selby-c16-02	0	5	15225361	3013435	0.022029
CORE_SEARCH_CANDIDATE	chimera_selby-c16-02	1	0	6444949	3476428	0.007402
CORE_SEARCH_CANDIDATE	chimera_selby-c16-02	1	1	6444949	3476428	0.011351
CORE_SEARCH_CANDIDATE	chimera_selby-c16-02	1	2	6444949	3234347	0.016553
CORE_SEARCH_CANDIDATE	chimera_selby-c16-02	1	3	6444949	3074690	0.014731
CORE_SEARCH_CANDIDATE	chimera_selby-c16-02	1	4	6444949	3467148	0.009640
CORE_SEARCH_CANDIDATE	chimera_selby-c16-02	1	5	6444949	3181036	0.019531
CORE_SEARCH_ROW	chimera_selby-c16-02	2031	10878	4280329	2298935	48835	2298935	2298935	2298935	2298935	2298935	2298935	2298935	2298935
CORE_SEARCH_CANDIDATE	supplychainr1_053050	0	0	2135440	18446744073709551615	0.026276
CORE_SEARCH_CANDIDATE	supplychainr1_053050	0	1	2135440	18446744073709551615	0.031334
CORE_SEARCH_CANDIDATE	supplychainr1_053050	0	2	2135440	18446744073709551615	0.052921
CORE_SEARCH_CANDIDATE	supplychainr1_053050	0	3	2135440	18446744073709551615	0.054311
CORE_SEARCH_CANDIDATE	supplychainr1_053050	0	4	2135440	18446744073709551615	0.048973
CORE_SEARCH_CANDIDATE	supplychainr1_053050	0	5	2135440	18446744073709551615	0.081255
CORE_SEARCH_CANDIDATE	supplychainr1_053050	1	0	2135440	18446744073709551615	0.016767
CORE_SEARCH_CANDIDATE	supplychainr1_053050	1	1	2135440	18446744073709551615	0.022074
CORE_SEARCH_CANDIDATE	supplychainr1_053050	1	2	2135440	18446744073709551615	0.022181
CORE_SEARCH_CANDIDATE	supplychainr1_053050	1	3	2135440	18446744073709551615	0.020556
CORE_SEARCH_CANDIDATE	supplychainr1_053050	1	4	2135440	18446744073709551615	0.046393
CORE_SEARCH_CANDIDATE	supplychainr1_053050	1	5	2135440	18446744073709551615	0.067589
CORE_SEARCH_ROW	supplychainr1_053050	16640	57800	2173490	2173490	77190	2173490	2173490	2173490	2173490	2173490	2173490	2173490	2173490
CORE_SEARCH_CANDIDATE	sfacloc2_4_80	0	0	78739	18446744073709551615	0.017099
CORE_SEARCH_CANDIDATE	sfacloc2_4_80	0	1	78739	18446744073709551615	0.033636
CORE_SEARCH_CANDIDATE	sfacloc2_4_80	0	2	78739	18446744073709551615	0.043600
CORE_SEARCH_CANDIDATE	sfacloc2_4_80	0	3	78739	18446744073709551615	0.022953
CORE_SEARCH_CANDIDATE	sfacloc2_4_80	0	4	78739	18446744073709551615	0.027604
CORE_SEARCH_CANDIDATE	sfacloc2_4_80	0	5	78739	18446744073709551615	0.037759
CORE_SEARCH_CANDIDATE	sfacloc2_4_80	1	0	91441	99281	0.014746
CORE_SEARCH_CANDIDATE	sfacloc2_4_80	1	1	91441	99112	0.035899
CORE_SEARCH_CANDIDATE	sfacloc2_4_80	1	2	91441	99112	0.054778
CORE_SEARCH_CANDIDATE	sfacloc2_4_80	1	3	91441	99125	0.036087
CORE_SEARCH_CANDIDATE	sfacloc2_4_80	1	4	91441	99284	0.025066
CORE_SEARCH_CANDIDATE	sfacloc2_4_80	1	5	91441	99284	0.034604
CORE_SEARCH_ROW	sfacloc2_4_80	5067	21424	93048	88884	17868	88884	88884	88884	88884	88884	88884	88884	88884
CORE_SEARCH_ROW	st_e24	10	26	64	57	23	57	57	57	57	57	57	57	57
CORE_SEARCH_CANDIDATE	edgecross10-040	0	0	141590	18446744073709551615	0.012617
CORE_SEARCH_CANDIDATE	edgecross10-040	0	1	141590	18446744073709551615	0.024849
CORE_SEARCH_CANDIDATE	edgecross10-040	0	2	141590	18446744073709551615	0.036117
CORE_SEARCH_CANDIDATE	edgecross10-040	0	3	141590	18446744073709551615	0.024323
CORE_SEARCH_CANDIDATE	edgecross10-040	0	4	141590	18446744073709551615	0.027102
CORE_SEARCH_CANDIDATE	edgecross10-040	0	5	141590	18446744073709551615	0.041468
CORE_SEARCH_CANDIDATE	edgecross10-040	1	0	141598	18446744073709551615	0.011559
CORE_SEARCH_CANDIDATE	edgecross10-040	1	1	141598	18446744073709551615	0.024171
CORE_SEARCH_CANDIDATE	edgecross10-040	1	2	141598	18446744073709551615	0.038385
CORE_SEARCH_CANDIDATE	edgecross10-040	1	3	141598	18446744073709551615	0.024479
CORE_SEARCH_CANDIDATE	edgecross10-040	1	4	141598	18446744073709551615	0.027123
CORE_SEARCH_CANDIDATE	edgecross10-040	1	5	141598	18446744073709551615	0.041368
CORE_SEARCH_ROW	edgecross10-040	1053	5116	161851	143518	6034	143518	143518	143518	143518	143518	143518	143518	143518
CORE_SEARCH_CANDIDATE	sonet21v6	0	0	1569827	18446744073709551615	0.018722
CORE_SEARCH_CANDIDATE	sonet21v6	0	1	1569827	18446744073709551615	0.037009
CORE_SEARCH_CANDIDATE	sonet21v6	0	2	1569827	18446744073709551615	0.046184
CORE_SEARCH_CANDIDATE	sonet21v6	0	3	1569827	18446744073709551615	0.015806
CORE_SEARCH_CANDIDATE	sonet21v6	0	4	1569827	18446744073709551615	0.043361
CORE_SEARCH_CANDIDATE	sonet21v6	0	5	1569827	18446744073709551615	0.053829
CORE_SEARCH_CANDIDATE	sonet21v6	1	0	1569911	18446744073709551615	0.020477
CORE_SEARCH_CANDIDATE	sonet21v6	1	1	1569911	18446744073709551615	0.045484
CORE_SEARCH_CANDIDATE	sonet21v6	1	2	1569911	18446744073709551615	0.046302
CORE_SEARCH_CANDIDATE	sonet21v6	1	3	1569911	18446744073709551615	0.020994
CORE_SEARCH_CANDIDATE	sonet21v6	1	4	1569911	18446744073709551615	0.043521
CORE_SEARCH_CANDIDATE	sonet21v6	1	5	1569911	18446744073709551615	0.054327
CORE_SEARCH_ROW	sonet21v6	8232	40744	1643311	1585871	40593	1585871	1585871	1585871	1585871	1585871	1585871	1585871	1585871
CORE_SEARCH_CANDIDATE	squfl010-080	0	0	17265	18446744073709551615	0.016190
CORE_SEARCH_CANDIDATE	squfl010-080	0	1	17265	18446744073709551615	0.027525
CORE_SEARCH_CANDIDATE	squfl010-080	0	2	17265	18446744073709551615	0.044594
CORE_SEARCH_CANDIDATE	squfl010-080	0	3	17265	18446744073709551615	0.026378
CORE_SEARCH_CANDIDATE	squfl010-080	0	4	17265	18446744073709551615	0.025739
CORE_SEARCH_CANDIDATE	squfl010-080	0	5	17265	18446744073709551615	0.044242
CORE_SEARCH_CANDIDATE	squfl010-080	1	0	24465	18446744073709551615	0.022821
CORE_SEARCH_CANDIDATE	squfl010-080	1	1	24465	18446744073709551615	0.036421
CORE_SEARCH_CANDIDATE	squfl010-080	1	2	24465	18446744073709551615	0.047254
CORE_SEARCH_CANDIDATE	squfl010-080	1	3	24465	18446744073709551615	0.050220
CORE_SEARCH_CANDIDATE	squfl010-080	1	4	24465	18446744073709551615	0.037521
CORE_SEARCH_CANDIDATE	squfl010-080	1	5	24465	18446744073709551615	0.048473
CORE_SEARCH_ROW	squfl010-080	2490	6400	27665	27665	7335	27665	27665	27665	27665	27665	27665	27665	27665
CORE_SEARCH_CANDIDATE	genpooling_lee2	0	0	13724	18446744073709551615	0.018756
CORE_SEARCH_CANDIDATE	genpooling_lee2	0	1	13724	18446744073709551615	0.037836
CORE_SEARCH_CANDIDATE	genpooling_lee2	0	2	13724	18446744073709551615	0.056872
CORE_SEARCH_CANDIDATE	genpooling_lee2	0	3	13724	18446744073709551615	0.037821
CORE_SEARCH_CANDIDATE	genpooling_lee2	0	4	13724	18446744073709551615	0.045382
CORE_SEARCH_CANDIDATE	genpooling_lee2	0	5	13724	18446744073709551615	0.067528
CORE_SEARCH_CANDIDATE	genpooling_lee2	1	0	36908	18983	0.018217
CORE_SEARCH_CANDIDATE	genpooling_lee2	1	1	36908	18983	0.035920
CORE_SEARCH_CANDIDATE	genpooling_lee2	1	2	36908	18983	0.054149
CORE_SEARCH_CANDIDATE	genpooling_lee2	1	3	36908	18983	0.036165
CORE_SEARCH_CANDIDATE	genpooling_lee2	1	4	36908	18983	0.041142
CORE_SEARCH_CANDIDATE	genpooling_lee2	1	5	36908	18983	0.062087
CORE_SEARCH_ROW	genpooling_lee2	221	1048	19895	14028	1302	14028	14028	14028	14028	14028	14028	14028	14028
CORE_SEARCH_CANDIDATE	popdynm25	0	0	282318	18446744073709551615	0.012916
CORE_SEARCH_CANDIDATE	popdynm25	0	1	282318	18446744073709551615	0.025079
CORE_SEARCH_CANDIDATE	popdynm25	0	2	282318	18446744073709551615	0.037122
CORE_SEARCH_CANDIDATE	popdynm25	0	3	282318	18446744073709551615	0.025654
CORE_SEARCH_CANDIDATE	popdynm25	0	4	282318	18446744073709551615	0.023925
CORE_SEARCH_CANDIDATE	popdynm25	0	5	282318	18446744073709551615	0.033379
CORE_SEARCH_CANDIDATE	popdynm25	1	0	635772	416553	0.010539
CORE_SEARCH_CANDIDATE	popdynm25	1	1	635772	461966	0.017849
CORE_SEARCH_CANDIDATE	popdynm25	1	2	635772	461966	0.017982
CORE_SEARCH_CANDIDATE	popdynm25	1	3	635772	413274	0.023190
CORE_SEARCH_CANDIDATE	popdynm25	1	4	635772	461966	0.017791
CORE_SEARCH_CANDIDATE	popdynm25	1	5	635772	416412	0.017100
CORE_SEARCH_ROW	popdynm25	2807	13904	360081	286812	22528	286812	286812	286812	286812	286812	286812	286812	286812
CORE_SEARCH_CANDIDATE	chp_partload	0	0	379853	18446744073709551615	0.012616
CORE_SEARCH_CANDIDATE	chp_partload	0	1	379853	18446744073709551615	0.022498
CORE_SEARCH_CANDIDATE	chp_partload	0	2	379853	18446744073709551615	0.033306
CORE_SEARCH_CANDIDATE	chp_partload	0	3	379853	18446744073709551615	0.014724
CORE_SEARCH_CANDIDATE	chp_partload	0	4	379853	18446744073709551615	0.029895
CORE_SEARCH_CANDIDATE	chp_partload	0	5	379853	18446744073709551615	0.042443
CORE_SEARCH_CANDIDATE	chp_partload	1	0	372495	18446744073709551615	0.010277
CORE_SEARCH_CANDIDATE	chp_partload	1	1	372495	18446744073709551615	0.023166
CORE_SEARCH_CANDIDATE	chp_partload	1	2	372495	18446744073709551615	0.038556
CORE_SEARCH_CANDIDATE	chp_partload	1	3	372495	18446744073709551615	0.023758
CORE_SEARCH_CANDIDATE	chp_partload	1	4	372495	18446744073709551615	0.032211
CORE_SEARCH_CANDIDATE	chp_partload	1	5	372495	18446744073709551615	0.045682
CORE_SEARCH_ROW	chp_partload	5211	16740	509170	373797	28209	373797	373797	373797	373797	373797	373797	373797	373797
CORE_SEARCH_ROW	qspp_0_14_0_1_10_1	560	120274	16119226	16038266	67194	16038266	16038266	16038266	16038266	16038266	16038266	16038266	16038266
CORE_SEARCH_ROW	st_glmp_ss1	24	66	160	160	60	160	160	160	160	160	160	160	160
CORE_SEARCH_ROW	torsion50	2508	29808	1691033	1119054	42300	1119054	1119054	1119054	1119054	1119054	1119054	1119054	1119054
CORE_SEARCH_CANDIDATE	st_rv2	0	0	385	18446744073709551615	0.016714
CORE_SEARCH_CANDIDATE	st_rv2	0	1	385	18446744073709551615	0.033367
CORE_SEARCH_CANDIDATE	st_rv2	0	2	385	18446744073709551615	0.050089
CORE_SEARCH_CANDIDATE	st_rv2	0	3	385	18446744073709551615	0.033092
CORE_SEARCH_CANDIDATE	st_rv2	0	4	385	18446744073709551615	0.033273
CORE_SEARCH_CANDIDATE	st_rv2	0	5	385	18446744073709551615	0.050235
CORE_SEARCH_CANDIDATE	st_rv2	1	0	2005	18446744073709551615	0.022765
CORE_SEARCH_CANDIDATE	st_rv2	1	1	2005	18446744073709551615	0.045747
CORE_SEARCH_CANDIDATE	st_rv2	1	2	2005	18446744073709551615	0.068617
CORE_SEARCH_CANDIDATE	st_rv2	1	3	2005	18446744073709551615	0.045617
CORE_SEARCH_CANDIDATE	st_rv2	1	4	2005	18446744073709551615	0.059762
CORE_SEARCH_CANDIDATE	st_rv2	1	5	2005	18446744073709551615	0.089653
CORE_SEARCH_ROW	st_rv2	40	340	2045	2045	255	2045	2045	2045	2045	2045	2045	2045	2045
CORE_SEARCH_CANDIDATE	emfl100_3_3	0	0	30090	18446744073709551615	0.024661
CORE_SEARCH_CANDIDATE	emfl100_3_3	0	1	30090	18446744073709551615	0.048412
CORE_SEARCH_CANDIDATE	emfl100_3_3	0	2	30090	18446744073709551615	0.063346
CORE_SEARCH_CANDIDATE	emfl100_3_3	0	3	30090	18446744073709551615	0.046708
CORE_SEARCH_CANDIDATE	emfl100_3_3	0	4	30090	18446744073709551615	0.038371
CORE_SEARCH_CANDIDATE	emfl100_3_3	0	5	30090	18446744073709551615	0.052439
CORE_SEARCH_ROW	emfl100_3_3	6885	15948	55506	55506	18972	55506	55506	55506	55506	55506	55506	55506	55506
CORE_SEARCH_ROW	pedigree_sim400	351	23546	1183471	1183168	12124	1183168	1183168	1183168	1183168	1183168	1183168	1183168	1183168
CORE_SEARCH_ROW	polygon75	5846	49652	1171822	1171822	30672	1171822	1171822	1171822	1171822	1171822	1171822	1171822	1171822
CORE_SEARCH_ROW	gabriel10	244056	1148210	1365442310	1267760679	4735821	1267760679	1267760679	1267760679	1267760679	1267760679	1267760679	1267760679	1267760679
CORE_SEARCH_CANDIDATE	fo9_ar25_1	0	0	38438	18446744073709551615	0.014763
CORE_SEARCH_CANDIDATE	fo9_ar25_1	0	1	38438	18446744073709551615	0.031394
CORE_SEARCH_CANDIDATE	fo9_ar25_1	0	2	38438	18446744073709551615	0.046908
CORE_SEARCH_CANDIDATE	fo9_ar25_1	0	3	38438	18446744073709551615	0.030507
CORE_SEARCH_CANDIDATE	fo9_ar25_1	0	4	38438	18446744073709551615	0.034178
CORE_SEARCH_CANDIDATE	fo9_ar25_1	0	5	38438	18446744073709551615	0.052093
CORE_SEARCH_CANDIDATE	fo9_ar25_1	1	0	35988	18446744073709551615	0.013929
CORE_SEARCH_CANDIDATE	fo9_ar25_1	1	1	35988	18446744073709551615	0.029301
CORE_SEARCH_CANDIDATE	fo9_ar25_1	1	2	35988	18446744073709551615	0.045141
CORE_SEARCH_CANDIDATE	fo9_ar25_1	1	3	35988	18446744073709551615	0.029996
CORE_SEARCH_CANDIDATE	fo9_ar25_1	1	4	35988	18446744073709551615	0.033680
CORE_SEARCH_CANDIDATE	fo9_ar25_1	1	5	35988	18446744073709551615	0.049906
CORE_SEARCH_ROW	fo9_ar25_1	1049	4336	41668	38237	4747	38237	38237	38237	38237	38237	38237	38237	38237
CORE_SEARCH_CANDIDATE	rsyn0840m	0	0	8159	11279	0.016511
CORE_SEARCH_CANDIDATE	rsyn0840m	0	1	8159	11279	0.036194
CORE_SEARCH_CANDIDATE	rsyn0840m	0	2	8159	11277	0.055649
CORE_SEARCH_CANDIDATE	rsyn0840m	0	3	8159	11277	0.035668
CORE_SEARCH_CANDIDATE	rsyn0840m	0	4	8159	18446744073709551615	0.036744
CORE_SEARCH_CANDIDATE	rsyn0840m	0	5	8159	18446744073709551615	0.054792
CORE_SEARCH_CANDIDATE	rsyn0840m	1	0	9629	14214	0.019455
CORE_SEARCH_CANDIDATE	rsyn0840m	1	1	9629	14209	0.040163
CORE_SEARCH_CANDIDATE	rsyn0840m	1	2	9629	14188	0.059949
CORE_SEARCH_CANDIDATE	rsyn0840m	1	3	9629	14163	0.039671
CORE_SEARCH_CANDIDATE	rsyn0840m	1	4	9629	14209	0.042148
CORE_SEARCH_CANDIDATE	rsyn0840m	1	5	9629	14202	0.062236
CORE_SEARCH_ROW	rsyn0840m	1159	3168	11274	10602	3316	10602	10602	10602	10602	10602	10602	10602	10602
CORE_SEARCH_CANDIDATE	gancns	0	0	64742	60810	0.019276
CORE_SEARCH_CANDIDATE	gancns	0	1	64742	61493	0.039153
CORE_SEARCH_CANDIDATE	gancns	0	2	64742	60714	0.058460
CORE_SEARCH_CANDIDATE	gancns	0	3	64742	61370	0.039032
CORE_SEARCH_CANDIDATE	gancns	0	4	64742	61524	0.046563
CORE_SEARCH_CANDIDATE	gancns	0	5	64742	61482	0.069996
CORE_SEARCH_CANDIDATE	gancns	1	0	147685	68170	0.018312
CORE_SEARCH_CANDIDATE	gancns	1	1	147685	66890	0.037410
CORE_SEARCH_CANDIDATE	gancns	1	2	147685	66694	0.056392
CORE_SEARCH_CANDIDATE	gancns	1	3	147685	66938	0.037580
CORE_SEARCH_CANDIDATE	gancns	1	4	147685	67474	0.044473
CORE_SEARCH_CANDIDATE	gancns	1	5	147685	67980	0.066825
CORE_SEARCH_ROW	gancns	548	2800	69234	58861	4041	58861	58861	58861	58861	58861	58861	58861	58861
CORE_SEARCH_CANDIDATE	o9_ar4_1	0	0	38438	18446744073709551615	0.014786
CORE_SEARCH_CANDIDATE	o9_ar4_1	0	1	38438	18446744073709551615	0.031447
CORE_SEARCH_CANDIDATE	o9_ar4_1	0	2	38438	18446744073709551615	0.046899
CORE_SEARCH_CANDIDATE	o9_ar4_1	0	3	38438	18446744073709551615	0.030559
CORE_SEARCH_CANDIDATE	o9_ar4_1	0	4	38438	18446744073709551615	0.034323
CORE_SEARCH_CANDIDATE	o9_ar4_1	0	5	38438	18446744073709551615	0.052227
CORE_SEARCH_CANDIDATE	o9_ar4_1	1	0	35988	18446744073709551615	0.013830
CORE_SEARCH_CANDIDATE	o9_ar4_1	1	1	35988	18446744073709551615	0.029456
CORE_SEARCH_CANDIDATE	o9_ar4_1	1	2	35988	18446744073709551615	0.045289
CORE_SEARCH_CANDIDATE	o9_ar4_1	1	3	35988	18446744073709551615	0.030298
CORE_SEARCH_CANDIDATE	o9_ar4_1	1	4	35988	18446744073709551615	0.033909
CORE_SEARCH_CANDIDATE	o9_ar4_1	1	5	35988	18446744073709551615	0.049810
CORE_SEARCH_ROW	o9_ar4_1	1049	4336	41668	38237	4747	38237	38237	38237	38237	38237	38237	38237	38237
CORE_SEARCH_CANDIDATE	ex1265a	0	0	3574	18446744073709551615	0.024288
CORE_SEARCH_CANDIDATE	ex1265a	0	1	3574	18446744073709551615	0.048459
CORE_SEARCH_CANDIDATE	ex1265a	0	2	3574	18446744073709551615	0.072942
CORE_SEARCH_CANDIDATE	ex1265a	0	3	3574	18446744073709551615	0.048266
CORE_SEARCH_CANDIDATE	ex1265a	0	4	3574	18446744073709551615	0.058088
CORE_SEARCH_CANDIDATE	ex1265a	0	5	3574	18446744073709551615	0.086829
CORE_SEARCH_CANDIDATE	ex1265a	1	0	3678	18446744073709551615	0.027649
CORE_SEARCH_CANDIDATE	ex1265a	1	1	3678	18446744073709551615	0.055320
CORE_SEARCH_CANDIDATE	ex1265a	1	2	3678	18446744073709551615	0.083631
CORE_SEARCH_CANDIDATE	ex1265a	1	3	3678	18446744073709551615	0.056601
CORE_SEARCH_CANDIDATE	ex1265a	1	4	3678	18446744073709551615	0.068198
CORE_SEARCH_CANDIDATE	ex1265a	1	5	3678	18446744073709551615	0.100707
CORE_SEARCH_ROW	ex1265a	123	560	3948	3750	588	3750	3750	3750	3750	3750	3750	3750	3750
CORE_SEARCH_ROW	ex9_2_6	28	68	190	190	70	190	190	190	190	190	190	190	190
CORE_SEARCH_ROW	qspp_0_13_0_1_10_1	481	88522	10150185	10097446	49486	10097446	10097446	10097446	10097446	10097446	10097446	10097446	10097446
CORE_SEARCH_CANDIDATE	slay04m	0	0	1038	18446744073709551615	0.024573
CORE_SEARCH_CANDIDATE	slay04m	0	1	1038	18446744073709551615	0.048218
CORE_SEARCH_CANDIDATE	slay04m	0	2	1038	18446744073709551615	0.072318
CORE_SEARCH_CANDIDATE	slay04m	0	3	1038	18446744073709551615	0.047936
CORE_SEARCH_CANDIDATE	slay04m	0	4	1038	18446744073709551615	0.060102
CORE_SEARCH_CANDIDATE	slay04m	0	5	1038	18446744073709551615	0.090271
CORE_SEARCH_ROW	slay04m	146	432	1554	1554	450	1554	1554	1554	1554	1554	1554	1554	1554
CORE_SEARCH_ROW	st_e25	20	92	336	262	66	262	262	262	262	262	262	262	262
CORE_SEARCH_CANDIDATE	ex8_4_1	0	0	95	18446744073709551615	0.018442
CORE_SEARCH_CANDIDATE	ex8_4_1	0	1	95	18446744073709551615	0.037573
CORE_SEARCH_CANDIDATE	ex8_4_1	0	2	95	18446744073709551615	0.056265
CORE_SEARCH_CANDIDATE	ex8_4_1	0	3	95	18446744073709551615	0.037558
CORE_SEARCH_CANDIDATE	ex8_4_1	0	4	95	18446744073709551615	0.041182
CORE_SEARCH_CANDIDATE	ex8_4_1	0	5	95	18446744073709551615	0.062091
CORE_SEARCH_ROW	ex8_4_1	32	100	225	225	83	225	225	225	225	225	225	225	225
CORE_SEARCH_ROW	st_e07	19	60	199	199	59	199	199	199	199	199	199	199	199
CORE_SEARCH_ROW	ex1225	26	66	171	161	63	161	161	161	161	161	161	161	161
CORE_SEARCH_CANDIDATE	ndcc13	0	0	316303	18446744073709551615	0.012852
CORE_SEARCH_CANDIDATE	ndcc13	0	1	316303	18446744073709551615	0.022746
CORE_SEARCH_CANDIDATE	ndcc13	0	2	316303	18446744073709551615	0.034776
CORE_SEARCH_CANDIDATE	ndcc13	0	3	316303	18446744073709551615	0.022734
CORE_SEARCH_CANDIDATE	ndcc13	0	4	316303	18446744073709551615	0.028062
CORE_SEARCH_CANDIDATE	ndcc13	0	5	316303	18446744073709551615	0.043590
CORE_SEARCH_ROW	ndcc13	969	5882	525212	324727	12325	324727	324727	324727	324727	324727	324727	324727	324727
CORE_SEARCH_CANDIDATE	syn10m04m	0	0	10765	18446744073709551615	0.016967
CORE_SEARCH_CANDIDATE	syn10m04m	0	1	10765	18446744073709551615	0.035762
CORE_SEARCH_CANDIDATE	syn10m04m	0	2	10765	18446744073709551615	0.054643
CORE_SEARCH_CANDIDATE	syn10m04m	0	3	10765	18446744073709551615	0.036189
CORE_SEARCH_CANDIDATE	syn10m04m	0	4	10765	18446744073709551615	0.035382
CORE_SEARCH_CANDIDATE	syn10m04m	0	5	10765	18446744073709551615	0.054770
CORE_SEARCH_CANDIDATE	syn10m04m	1	0	10949	14759	0.017427
CORE_SEARCH_CANDIDATE	syn10m04m	1	1	10949	14714	0.036206
CORE_SEARCH_CANDIDATE	syn10m04m	1	2	10949	14714	0.056064
CORE_SEARCH_CANDIDATE	syn10m04m	1	3	10949	18446744073709551615	0.036816
CORE_SEARCH_CANDIDATE	syn10m04m	1	4	10949	18446744073709551615	0.035960
CORE_SEARCH_CANDIDATE	syn10m04m	1	5	10949	14741	0.055146
CORE_SEARCH_ROW	syn10m04m	1224	3384	13501	13473	3639	13473	13473	13473	13473	13473	13473	13473	13473
CORE_SEARCH_ROW	ex5_2_4	18	62	204	193	55	193	193	193	193	193	193	193	193
CORE_SEARCH_ROW	st_m2	72	1226	16331	16331	895	16331	16331	16331	16331	16331	16331	16331	16331
CORE_SEARCH_ROW	st_bpk1	16	44	115	108	40	108	108	108	108	108	108	108	108
CORE_SEARCH_CANDIDATE	multiplants_stg1	0	0	153635	18446744073709551615	0.014731
CORE_SEARCH_CANDIDATE	multiplants_stg1	0	1	153635	18446744073709551615	0.030813
CORE_SEARCH_CANDIDATE	multiplants_stg1	0	2	153635	18446744073709551615	0.047339
CORE_SEARCH_CANDIDATE	multiplants_stg1	0	3	153635	18446744073709551615	0.031012
CORE_SEARCH_CANDIDATE	multiplants_stg1	0	4	153635	18446744073709551615	0.035993
CORE_SEARCH_CANDIDATE	multiplants_stg1	0	5	153635	18446744073709551615	0.054344
CORE_SEARCH_CANDIDATE	multiplants_stg1	1	0	197034	170398	0.015024
CORE_SEARCH_CANDIDATE	multiplants_stg1	1	1	197034	170398	0.030472
CORE_SEARCH_CANDIDATE	multiplants_stg1	1	2	197034	170398	0.046149
CORE_SEARCH_CANDIDATE	multiplants_stg1	1	3	197034	170398	0.031705
CORE_SEARCH_CANDIDATE	multiplants_stg1	1	4	197034	169885	0.035831
CORE_SEARCH_CANDIDATE	multiplants_stg1	1	5	197034	169885	0.053647
CORE_SEARCH_ROW	multiplants_stg1	736	3594	197998	155496	6926	155496	155496	155496	155496	155496	155496	155496	155496
CORE_SEARCH_CANDIDATE	powerflow0300p	0	0	276577	306388	0.016390
CORE_SEARCH_CANDIDATE	powerflow0300p	0	1	276577	304340	0.033751
CORE_SEARCH_CANDIDATE	powerflow0300p	0	2	276577	304340	0.046509
CORE_SEARCH_CANDIDATE	powerflow0300p	0	3	276577	310239	0.028791
CORE_SEARCH_CANDIDATE	powerflow0300p	0	4	276577	306388	0.036929
CORE_SEARCH_CANDIDATE	powerflow0300p	0	5	276577	18446744073709551615	0.049606
CORE_SEARCH_CANDIDATE	powerflow0300p	1	0	271372	319792	0.017090
CORE_SEARCH_CANDIDATE	powerflow0300p	1	1	271372	318332	0.028480
CORE_SEARCH_CANDIDATE	powerflow0300p	1	2	271372	318332	0.045098
CORE_SEARCH_CANDIDATE	powerflow0300p	1	3	271372	316792	0.029597
CORE_SEARCH_CANDIDATE	powerflow0300p	1	4	271372	321006	0.036061
CORE_SEARCH_CANDIDATE	powerflow0300p	1	5	271372	316792	0.048497
CORE_SEARCH_ROW	powerflow0300p	11251	41918	304705	292101	45391	292101	292101	292101	292101	292101	292101	292101	292101
CORE_SEARCH_ROW	nd_netgen-3000-1-1-b-b-ns_7	33155	90000	922197	885186	101542	885186	885186	885186	885186	885186	885186	885186	885186
CORE_SEARCH_CANDIDATE	sonet23v4	0	0	93307	18446744073709551615	0.015036
CORE_SEARCH_CANDIDATE	sonet23v4	0	1	93307	18446744073709551615	0.029931
CORE_SEARCH_CANDIDATE	sonet23v4	0	2	93307	18446744073709551615	0.044714
CORE_SEARCH_CANDIDATE	sonet23v4	0	3	93307	18446744073709551615	0.029745
CORE_SEARCH_CANDIDATE	sonet23v4	0	4	93307	18446744073709551615	0.036101
CORE_SEARCH_CANDIDATE	sonet23v4	0	5	93307	18446744073709551615	0.054481
CORE_SEARCH_CANDIDATE	sonet23v4	1	0	93244	18446744073709551615	0.014492
CORE_SEARCH_CANDIDATE	sonet23v4	1	1	93244	18446744073709551615	0.029198
CORE_SEARCH_CANDIDATE	sonet23v4	1	2	93244	18446744073709551615	0.045613
CORE_SEARCH_CANDIDATE	sonet23v4	1	3	93244	18446744073709551615	0.028445
CORE_SEARCH_CANDIDATE	sonet23v4	1	4	93244	18446744073709551615	0.035645
CORE_SEARCH_CANDIDATE	sonet23v4	1	5	93244	18446744073709551615	0.053703
CORE_SEARCH_ROW	sonet23v4	803	6462	139703	94348	6246	94348	94348	94348	94348	94348	94348	94348	94348
CORE_SEARCH_ROW	pooling_sppa0pq	1649	24192	3745896	1214182	31968	1214182	1214182	1214182	1214182	1214182	1214182	1214182	1214182
CORE_SEARCH_CANDIDATE	multiplants_mtg1b	0	0	150584	18446744073709551615	0.014765
CORE_SEARCH_CANDIDATE	multiplants_mtg1b	0	1	150584	18446744073709551615	0.029509
CORE_SEARCH_CANDIDATE	multiplants_mtg1b	0	2	150584	18446744073709551615	0.044554
CORE_SEARCH_CANDIDATE	multiplants_mtg1b	0	3	150584	18446744073709551615	0.029559
CORE_SEARCH_CANDIDATE	multiplants_mtg1b	0	4	150584	18446744073709551615	0.036181
CORE_SEARCH_CANDIDATE	multiplants_mtg1b	0	5	150584	18446744073709551615	0.054095
CORE_SEARCH_ROW	multiplants_mtg1b	645	4404	229415	152043	6901	152043	152043	152043	152043	152043	152043	152043	152043
CORE_SEARCH_CANDIDATE	sssd18-08persp	0	0	3134	18446744073709551615	0.024338
CORE_SEARCH_CANDIDATE	sssd18-08persp	0	1	3134	18446744073709551615	0.049679
CORE_SEARCH_CANDIDATE	sssd18-08persp	0	2	3134	18446744073709551615	0.073751
CORE_SEARCH_CANDIDATE	sssd18-08persp	0	3	3134	18446744073709551615	0.049354
CORE_SEARCH_CANDIDATE	sssd18-08persp	0	4	3134	18446744073709551615	0.056797
CORE_SEARCH_CANDIDATE	sssd18-08persp	0	5	3134	18446744073709551615	0.085023
CORE_SEARCH_CANDIDATE	sssd18-08persp	1	0	4646	5686	0.022161
CORE_SEARCH_CANDIDATE	sssd18-08persp	1	1	4646	5686	0.045384
CORE_SEARCH_CANDIDATE	sssd18-08persp	1	2	4646	5686	0.067287
CORE_SEARCH_CANDIDATE	sssd18-08persp	1	3	4646	5686	0.045580
CORE_SEARCH_CANDIDATE	sssd18-08persp	1	4	4646	5686	0.050962
CORE_SEARCH_CANDIDATE	sssd18-08persp	1	5	4646	5686	0.076566
CORE_SEARCH_ROW	sssd18-08persp	338	1168	4654	4654	1142	4654	4654	4654	4654	4654	4654	4654	4654
CORE_SEARCH_ROW	ex9_1_2	19	54	188	179	57	179	179	179	179	179	179	179	179
CORE_SEARCH_CANDIDATE	crudeoil_lee1_07	0	0	3510206	18446744073709551615	0.008537
CORE_SEARCH_CANDIDATE	crudeoil_lee1_07	0	1	3510206	3520576	0.009896
CORE_SEARCH_CANDIDATE	crudeoil_lee1_07	0	2	3510206	3520576	0.016109
CORE_SEARCH_CANDIDATE	crudeoil_lee1_07	0	3	3510206	18446744073709551615	0.003468
CORE_SEARCH_CANDIDATE	crudeoil_lee1_07	0	4	3510206	18446744073709551615	0.019681
CORE_SEARCH_CANDIDATE	crudeoil_lee1_07	0	5	3510206	18446744073709551615	0.026525
CORE_SEARCH_CANDIDATE	crudeoil_lee1_07	1	0	3526181	3545058	0.002673
CORE_SEARCH_CANDIDATE	crudeoil_lee1_07	1	1	3526181	18446744073709551615	0.009628
CORE_SEARCH_CANDIDATE	crudeoil_lee1_07	1	2	3526181	3545058	0.019514
CORE_SEARCH_CANDIDATE	crudeoil_lee1_07	1	3	3526181	18446744073709551615	0.011864
CORE_SEARCH_CANDIDATE	crudeoil_lee1_07	1	4	3526181	18446744073709551615	0.011449
CORE_SEARCH_CANDIDATE	crudeoil_lee1_07	1	5	3526181	18446744073709551615	0.011595
CORE_SEARCH_ROW	crudeoil_lee1_07	3670	19322	4746188	3513213	52939	3513213	3513213	3513213	3513213	3513213	3513213	3513213	3513213
CORE_SEARCH_ROW	pooling_haverly1tp	31	96	423	403	105	403	403	403	403	403	403	403	403
CORE_SEARCH_CANDIDATE	waterund08	0	0	29305	18446744073709551615	0.017431
CORE_SEARCH_CANDIDATE	waterund08	0	1	29305	18446744073709551615	0.035692
CORE_SEARCH_CANDIDATE	waterund08	0	2	29305	18446744073709551615	0.053454
CORE_SEARCH_CANDIDATE	waterund08	0	3	29305	18446744073709551615	0.035638
CORE_SEARCH_CANDIDATE	waterund08	0	4	29305	18446744073709551615	0.039811
CORE_SEARCH_CANDIDATE	waterund08	0	5	29305	18446744073709551615	0.059984
CORE_SEARCH_ROW	waterund08	230	1290	35284	30110	1770	30110	30110	30110	30110	30110	30110	30110	30110
CORE_SEARCH_CANDIDATE	kall_diffcircles_6	0	0	1387	18446744073709551615	0.019916
CORE_SEARCH_CANDIDATE	kall_diffcircles_6	0	1	1387	18446744073709551615	0.039129
CORE_SEARCH_CANDIDATE	kall_diffcircles_6	0	2	1387	18446744073709551615	0.058563
CORE_SEARCH_CANDIDATE	kall_diffcircles_6	0	3	1387	18446744073709551615	0.039135
CORE_SEARCH_CANDIDATE	kall_diffcircles_6	0	4	1387	18446744073709551615	0.044835
CORE_SEARCH_CANDIDATE	kall_diffcircles_6	0	5	1387	18446744073709551615	0.067699
CORE_SEARCH_CANDIDATE	kall_diffcircles_6	1	0	1810	1918	0.021178
CORE_SEARCH_CANDIDATE	kall_diffcircles_6	1	1	1810	1918	0.041799
CORE_SEARCH_CANDIDATE	kall_diffcircles_6	1	2	1810	1918	0.062698
CORE_SEARCH_CANDIDATE	kall_diffcircles_6	1	3	1810	1918	0.041749
CORE_SEARCH_CANDIDATE	kall_diffcircles_6	1	4	1810	1918	0.051537
CORE_SEARCH_CANDIDATE	kall_diffcircles_6	1	5	1810	1918	0.077153
CORE_SEARCH_ROW	kall_diffcircles_6	76	302	1511	1511	281	1511	1511	1511	1511	1511	1511	1511	1511
CORE_SEARCH_CANDIDATE	chimera_mgw-c8-439-onc8-001	0	0	115285	93188	0.017243
CORE_SEARCH_CANDIDATE	chimera_mgw-c8-439-onc8-001	0	1	115285	85771	0.035293
CORE_SEARCH_CANDIDATE	chimera_mgw-c8-439-onc8-001	0	2	115285	90546	0.052023
CORE_SEARCH_CANDIDATE	chimera_mgw-c8-439-onc8-001	0	3	115285	89668	0.034767
CORE_SEARCH_CANDIDATE	chimera_mgw-c8-439-onc8-001	0	4	115285	91204	0.040722
CORE_SEARCH_CANDIDATE	chimera_mgw-c8-439-onc8-001	0	5	115285	90473	0.060765
CORE_SEARCH_CANDIDATE	chimera_mgw-c8-439-onc8-001	1	0	85265	81176	0.017085
CORE_SEARCH_CANDIDATE	chimera_mgw-c8-439-onc8-001	1	1	85265	82070	0.036400
CORE_SEARCH_CANDIDATE	chimera_mgw-c8-439-onc8-001	1	2	85265	80148	0.054211
CORE_SEARCH_CANDIDATE	chimera_mgw-c8-439-onc8-001	1	3	85265	80266	0.036226
CORE_SEARCH_CANDIDATE	chimera_mgw-c8-439-onc8-001	1	4	85265	18446744073709551615	0.040619
CORE_SEARCH_CANDIDATE	chimera_mgw-c8-439-onc8-001	1	5	85265	18446744073709551615	0.061502
CORE_SEARCH_ROW	chimera_mgw-c8-439-onc8-001	440	3040	106479	80090	5060	80090	80090	80090	80090	80090	80090	80090	80090
CORE_SEARCH_CANDIDATE	waterund11	0	0	9725	18446744073709551615	0.019806
CORE_SEARCH_CANDIDATE	waterund11	0	1	9725	18446744073709551615	0.039746
CORE_SEARCH_CANDIDATE	waterund11	0	2	9725	18446744073709551615	0.059590
CORE_SEARCH_CANDIDATE	waterund11	0	3	9725	18446744073709551615	0.039285
CORE_SEARCH_CANDIDATE	waterund11	0	4	9725	18446744073709551615	0.045055
CORE_SEARCH_CANDIDATE	waterund11	0	5	9725	18446744073709551615	0.067650
CORE_SEARCH_ROW	waterund11	160	828	14818	10705	989	10705	10705	10705	10705	10705	10705	10705	10705
CORE_SEARCH_CANDIDATE	chp_shorttermplan2d	0	0	2068060	18446744073709551615	0.018557
CORE_SEARCH_CANDIDATE	chp_shorttermplan2d	0	1	2068060	18446744073709551615	0.029670
CORE_SEARCH_CANDIDATE	chp_shorttermplan2d	0	2	2068060	1997662	0.033274
CORE_SEARCH_CANDIDATE	chp_shorttermplan2d	0	3	2068060	1999612	0.032045
CORE_SEARCH_CANDIDATE	chp_shorttermplan2d	0	4	2068060	18446744073709551615	0.034045
CORE_SEARCH_CANDIDATE	chp_shorttermplan2d	0	5	2068060	18446744073709551615	0.064450
CORE_SEARCH_CANDIDATE	chp_shorttermplan2d	1	0	2069424	18446744073709551615	0.015747
CORE_SEARCH_CANDIDATE	chp_shorttermplan2d	1	1	2069424	2018695	0.028840
CORE_SEARCH_CANDIDATE	chp_shorttermplan2d	1	2	2069424	2018695	0.047579
CORE_SEARCH_CANDIDATE	chp_shorttermplan2d	1	3	2069424	2030881	0.024461
CORE_SEARCH_CANDIDATE	chp_shorttermplan2d	1	4	2069424	18446744073709551615	0.043336
CORE_SEARCH_CANDIDATE	chp_shorttermplan2d	1	5	2069424	18446744073709551615	0.059534
CORE_SEARCH_ROW	chp_shorttermplan2d	16364	52108	4089003	2104724	82190	2104724	2018695	1997662	1999612	2104724	2104724	1997662	1997381
CORE_SEARCH_CANDIDATE	sporttournament18	0	0	13312	18446744073709551615	0.026593
CORE_SEARCH_CANDIDATE	sporttournament18	0	1	13312	18446744073709551615	0.053781
CORE_SEARCH_CANDIDATE	sporttournament18	0	2	13312	18446744073709551615	0.082045
CORE_SEARCH_CANDIDATE	sporttournament18	0	3	13312	18446744073709551615	0.053327
CORE_SEARCH_CANDIDATE	sporttournament18	0	4	13312	18446744073709551615	0.065943
CORE_SEARCH_CANDIDATE	sporttournament18	0	5	13312	18446744073709551615	0.098493
CORE_SEARCH_CANDIDATE	sporttournament18	1	0	46168	16419	0.023645
CORE_SEARCH_CANDIDATE	sporttournament18	1	1	46168	16419	0.046896
CORE_SEARCH_CANDIDATE	sporttournament18	1	2	46168	15662	0.071173
CORE_SEARCH_CANDIDATE	sporttournament18	1	3	46168	16419	0.047051
CORE_SEARCH_CANDIDATE	sporttournament18	1	4	46168	15680	0.062214
CORE_SEARCH_CANDIDATE	sporttournament18	1	5	46168	15811	0.093759
CORE_SEARCH_ROW	sporttournament18	156	886	17568	13608	1328	13608	13608	13608	13608	13608	13608	13608	13608
CORE_SEARCH_ROW	cvxnonsep_psig30	30	870	9455	9455	465	9455	9455	9455	9455	9455	9455	9455	9455
CORE_SEARCH_ROW	ringpack_20_2	6089	40368	1872174	707413	36329	707413	707413	707413	707413	707413	707413	707413	707413
CORE_SEARCH_CANDIDATE	blend718	0	0	59074	18446744073709551615	0.016515
CORE_SEARCH_CANDIDATE	blend718	0	1	59074	18446744073709551615	0.029714
CORE_SEARCH_CANDIDATE	blend718	0	2	59074	18446744073709551615	0.046462
CORE_SEARCH_CANDIDATE	blend718	0	3	59074	18446744073709551615	0.031502
CORE_SEARCH_CANDIDATE	blend718	0	4	59074	18446744073709551615	0.032753
CORE_SEARCH_CANDIDATE	blend718	0	5	59074	18446744073709551615	0.050585
CORE_SEARCH_CANDIDATE	blend718	1	0	60196	18446744073709551615	0.015851
CORE_SEARCH_CANDIDATE	blend718	1	1	60196	18446744073709551615	0.030808
CORE_SEARCH_CANDIDATE	blend718	1	2	60196	18446744073709551615	0.046462
CORE_SEARCH_CANDIDATE	blend718	1	3	60196	18446744073709551615	0.030857
CORE_SEARCH_CANDIDATE	blend718	1	4	60196	18446744073709551615	0.036169
CORE_SEARCH_CANDIDATE	blend718	1	5	60196	18446744073709551615	0.053653
CORE_SEARCH_ROW	blend718	1386	4310	70355	61466	5842	61466	61466	61466	61466	61466	61466	61466	61466
CORE_SEARCH_CANDIDATE	wastepaper4	0	0	6843	18446744073709551615	0.025438
CORE_SEARCH_CANDIDATE	wastepaper4	0	1	6843	18446744073709551615	0.050941
CORE_SEARCH_CANDIDATE	wastepaper4	0	2	6843	18446744073709551615	0.076852
CORE_SEARCH_CANDIDATE	wastepaper4	0	3	6843	18446744073709551615	0.051518
CORE_SEARCH_CANDIDATE	wastepaper4	0	4	6843	18446744073709551615	0.063871
CORE_SEARCH_CANDIDATE	wastepaper4	0	5	6843	18446744073709551615	0.095950
CORE_SEARCH_ROW	wastepaper4	115	724	9711	7183	807	7183	7183	7183	7183	7183	7183	7183	7183
CORE_SEARCH_CANDIDATE	squfl010-040persp	0	0	15225	18446744073709551615	0.014853
CORE_SEARCH_CANDIDATE	squfl010-040persp	0	1	15225	18446744073709551615	0.023508
CORE_SEARCH_CANDIDATE	squfl010-040persp	0	2	15225	18446744073709551615	0.040933
CORE_SEARCH_CANDIDATE	squfl010-040persp	0	3	15225	18446744073709551615	0.023613
CORE_SEARCH_CANDIDATE	squfl010-040persp	0	4	15225	18446744073709551615	0.027262
CORE_SEARCH_CANDIDATE	squfl010-040persp	0	5	15225	18446744073709551615	0.036514
CORE_SEARCH_ROW	squfl010-040persp	2450	7200	22825	22825	6895	22825	22825	22825	22825	22825	22825	22825	22825
CORE_SEARCH_ROW	crudeoil_lee4_06	10429	55492	65337120	32834025	235115	32834025	32834025	32834025	32834025	32834025	32834025	32834025	32834025
CORE_SEARCH_CANDIDATE	netmod_kar1	0	0	55104	56607	0.017425
CORE_SEARCH_CANDIDATE	netmod_kar1	0	1	55104	56711	0.028986
CORE_SEARCH_CANDIDATE	netmod_kar1	0	2	55104	56711	0.044746
CORE_SEARCH_CANDIDATE	netmod_kar1	0	3	55104	56607	0.029553
CORE_SEARCH_CANDIDATE	netmod_kar1	0	4	55104	56670	0.030153
CORE_SEARCH_CANDIDATE	netmod_kar1	0	5	55104	56607	0.046358
CORE_SEARCH_CANDIDATE	netmod_kar1	1	0	40684	18446744073709551615	0.017485
CORE_SEARCH_CANDIDATE	netmod_kar1	1	1	40684	18446744073709551615	0.027314
CORE_SEARCH_CANDIDATE	netmod_kar1	1	2	40684	18446744073709551615	0.044856
CORE_SEARCH_CANDIDATE	netmod_kar1	1	3	40684	18446744073709551615	0.027038
CORE_SEARCH_CANDIDATE	netmod_kar1	1	4	40684	18446744073709551615	0.026129
CORE_SEARCH_CANDIDATE	netmod_kar1	1	5	40684	18446744073709551615	0.041256
CORE_SEARCH_ROW	netmod_kar1	1746	4928	56838	43864	6364	43864	43864	43864	43864	43864	43864	43864	43864
CORE_SEARCH_ROW	ex8_1_7	14	46	137	128	40	128	128	128	128	128	128	128	128
CORE_SEARCH_CANDIDATE	graphpart_3g-0333-0333	0	0	35796	18446744073709551615	0.017088
CORE_SEARCH_CANDIDATE	graphpart_3g-0333-0333	0	1	35796	18446744073709551615	0.034576
CORE_SEARCH_CANDIDATE	graphpart_3g-0333-0333	0	2	35796	18446744073709551615	0.051872
CORE_SEARCH_CANDIDATE	graphpart_3g-0333-0333	0	3	35796	18446744073709551615	0.034305
CORE_SEARCH_CANDIDATE	graphpart_3g-0333-0333	0	4	35796	18446744073709551615	0.037699
CORE_SEARCH_CANDIDATE	graphpart_3g-0333-0333	0	5	35796	18446744073709551615	0.056388
CORE_SEARCH_CANDIDATE	graphpart_3g-0333-0333	1	0	72967	41962	0.016683
CORE_SEARCH_CANDIDATE	graphpart_3g-0333-0333	1	1	72967	41962	0.033150
CORE_SEARCH_CANDIDATE	graphpart_3g-0333-0333	1	2	72967	41962	0.049862
CORE_SEARCH_CANDIDATE	graphpart_3g-0333-0333	1	3	72967	41962	0.033420
CORE_SEARCH_CANDIDATE	graphpart_3g-0333-0333	1	4	72967	41962	0.028042
CORE_SEARCH_CANDIDATE	graphpart_3g-0333-0333	1	5	72967	41962	0.042220
CORE_SEARCH_ROW	graphpart_3g-0333-0333	108	648	44928	36228	1594	36228	36228	36228	36228	36228	36228	36228	36228
CORE_SEARCH_CANDIDATE	slay05h	0	0	6265	18446744073709551615	0.020098
CORE_SEARCH_CANDIDATE	slay05h	0	1	6265	18446744073709551615	0.040835
CORE_SEARCH_CANDIDATE	slay05h	0	2	6265	18446744073709551615	0.061019
CORE_SEARCH_CANDIDATE	slay05h	0	3	6265	18446744073709551615	0.040280
CORE_SEARCH_CANDIDATE	slay05h	0	4	6265	18446744073709551615	0.045648
CORE_SEARCH_CANDIDATE	slay05h	0	5	6265	18446744073709551615	0.068397
CORE_SEARCH_CANDIDATE	slay05h	1	0	6215	18446744073709551615	0.020597
CORE_SEARCH_CANDIDATE	slay05h	1	1	6215	18446744073709551615	0.041562
CORE_SEARCH_CANDIDATE	slay05h	1	2	6215	18446744073709551615	0.062746
CORE_SEARCH_CANDIDATE	slay05h	1	3	6215	18446744073709551615	0.041165
CORE_SEARCH_CANDIDATE	slay05h	1	4	6215	18446744073709551615	0.046063
CORE_SEARCH_CANDIDATE	slay05h	1	5	6215	18446744073709551615	0.068512
CORE_SEARCH_ROW	slay05h	760	2080	9815	8795	2425	8795	8795	8795	8795	8795	8795	8795	8795
CORE_SEARCH_CANDIDATE	korcns	0	0	9363	6777	0.025888
CORE_SEARCH_CANDIDATE	korcns	0	1	9363	6777	0.051571
CORE_SEARCH_CANDIDATE	korcns	0	2	9363	6773	0.077924
CORE_SEARCH_CANDIDATE	korcns	0	3	9363	6801	0.052180
CORE_SEARCH_CANDIDATE	korcns	0	4	9363	6872	0.064788
CORE_SEARCH_CANDIDATE	korcns	0	5	9363	6872	0.097264
CORE_SEARCH_CANDIDATE	korcns	1	0	6258	6629	0.026235
CORE_SEARCH_CANDIDATE	korcns	1	1	6258	6629	0.052193
CORE_SEARCH_CANDIDATE	korcns	1	2	6258	6629	0.078808
CORE_SEARCH_CANDIDATE	korcns	1	3	6258	6629	0.052455
CORE_SEARCH_CANDIDATE	korcns	1	4	6258	18446744073709551615	0.064963
CORE_SEARCH_CANDIDATE	korcns	1	5	6258	18446744073709551615	0.096745
CORE_SEARCH_ROW	korcns	156	712	7241	6599	887	6599	6599	6599	6599	6599	6599	6599	6599
CORE_SEARCH_CANDIDATE	powerflow0118p	0	0	109816	124221	0.016180
CORE_SEARCH_CANDIDATE	powerflow0118p	0	1	109816	125910	0.021938
CORE_SEARCH_CANDIDATE	powerflow0118p	0	2	109816	124313	0.035055
CORE_SEARCH_CANDIDATE	powerflow0118p	0	3	109816	124181	0.024642
CORE_SEARCH_CANDIDATE	powerflow0118p	0	4	109816	125910	0.029590
CORE_SEARCH_CANDIDATE	powerflow0118p	0	5	109816	124413	0.041641
CORE_SEARCH_CANDIDATE	powerflow0118p	1	0	105850	126773	0.014151
CORE_SEARCH_CANDIDATE	powerflow0118p	1	1	105850	126395	0.031682
CORE_SEARCH_CANDIDATE	powerflow0118p	1	2	105850	126373	0.026962
CORE_SEARCH_CANDIDATE	powerflow0118p	1	3	105850	126514	0.027576
CORE_SEARCH_CANDIDATE	powerflow0118p	1	4	105850	127097	0.029693
CORE_SEARCH_CANDIDATE	powerflow0118p	1	5	105850	127174	0.039355
CORE_SEARCH_ROW	powerflow0118p	5065	18730	121503	117327	20045	117327	117327	117327	117327	117327	117327	117327	117327
CORE_SEARCH_CANDIDATE	sfacloc2_3_80	0	0	74782	85157	0.010575
CORE_SEARCH_CANDIDATE	sfacloc2_3_80	0	1	74782	84578	0.027163
CORE_SEARCH_CANDIDATE	sfacloc2_3_80	0	2	74782	83915	0.036086
CORE_SEARCH_CANDIDATE	sfacloc2_3_80	0	3	74782	83755	0.020517
CORE_SEARCH_CANDIDATE	sfacloc2_3_80	0	4	74782	85157	0.025476
CORE_SEARCH_CANDIDATE	sfacloc2_3_80	0	5	74782	85157	0.035534
CORE_SEARCH_CANDIDATE	sfacloc2_3_80	1	0	74558	84948	0.018834
CORE_SEARCH_CANDIDATE	sfacloc2_3_80	1	1	74558	84806	0.022713
CORE_SEARCH_CANDIDATE	sfacloc2_3_80	1	2	74558	84090	0.022825
CORE_SEARCH_CANDIDATE	sfacloc2_3_80	1	3	74558	85165	0.034186
CORE_SEARCH_CANDIDATE	sfacloc2_3_80	1	4	74558	85562	0.024927
CORE_SEARCH_CANDIDATE	sfacloc2_3_80	1	5	74558	85165	0.034069
CORE_SEARCH_ROW	sfacloc2_3_80	4799	20600	84672	81119	16813	81119	81119	81119	81119	81119	81119	81119	81119
CORE_SEARCH_CANDIDATE	rsyn0820m04m	0	0	150380	162134	0.014122
CORE_SEARCH_CANDIDATE	rsyn0820m04m	0	1	150380	162134	0.028736
CORE_SEARCH_CANDIDATE	rsyn0820m04m	0	2	150380	155590	0.051822
CORE_SEARCH_CANDIDATE	rsyn0820m04m	0	3	150380	153598	0.031052
CORE_SEARCH_CANDIDATE	rsyn0820m04m	0	4	150380	18446744073709551615	0.031865
CORE_SEARCH_CANDIDATE	rsyn0820m04m	0	5	150380	18446744073709551615	0.044614
CORE_SEARCH_CANDIDATE	rsyn0820m04m	1	0	149535	158573	0.016560
CORE_SEARCH_CANDIDATE	rsyn0820m04m	1	1	149535	158573	0.026149
CORE_SEARCH_CANDIDATE	rsyn0820m04m	1	2	149535	155063	0.053948
CORE_SEARCH_CANDIDATE	rsyn0820m04m	1	3	149535	158680	0.028841
CORE_SEARCH_CANDIDATE	rsyn0820m04m	1	4	149535	18446744073709551615	0.032093
CORE_SEARCH_CANDIDATE	rsyn0820m04m	1	5	149535	18446744073709551615	0.044918
CORE_SEARCH_ROW	rsyn0820m04m	6028	17372	196890	152980	21916	152980	152980	152980	152980	152980	152980	152980	152980
CORE_SEARCH_CANDIDATE	hydroenergy1	0	0	12147	18446744073709551615	0.017785
CORE_SEARCH_CANDIDATE	hydroenergy1	0	1	12147	18446744073709551615	0.037670
CORE_SEARCH_CANDIDATE	hydroenergy1	0	2	12147	18446744073709551615	0.057902
CORE_SEARCH_CANDIDATE	hydroenergy1	0	3	12147	18446744073709551615	0.037813
CORE_SEARCH_CANDIDATE	hydroenergy1	0	4	12147	18446744073709551615	0.038408
CORE_SEARCH_CANDIDATE	hydroenergy1	0	5	12147	18446744073709551615	0.059110
CORE_SEARCH_CANDIDATE	hydroenergy1	1	0	394972	15074	0.018386
CORE_SEARCH_CANDIDATE	hydroenergy1	1	1	394972	15074	0.037632
CORE_SEARCH_CANDIDATE	hydroenergy1	1	2	394972	15059	0.058092
CORE_SEARCH_CANDIDATE	hydroenergy1	1	3	394972	15083	0.037835
CORE_SEARCH_CANDIDATE	hydroenergy1	1	4	394972	15074	0.038936
CORE_SEARCH_CANDIDATE	hydroenergy1	1	5	394972	15066	0.059307
CORE_SEARCH_ROW	hydroenergy1	1046	3024	14089	14089	3435	14089	14089	14089	14089	14089	14089	14089	14089
CORE_SEARCH_CANDIDATE	maxmin	0	0	8357	18446744073709551615	0.017688
CORE_SEARCH_CANDIDATE	maxmin	0	1	8357	18446744073709551615	0.035231
CORE_SEARCH_CANDIDATE	maxmin	0	2	8357	18446744073709551615	0.053892
CORE_SEARCH_CANDIDATE	maxmin	0	3	8357	18446744073709551615	0.035847
CORE_SEARCH_CANDIDATE	maxmin	0	4	8357	18446744073709551615	0.043080
CORE_SEARCH_CANDIDATE	maxmin	0	5	8357	18446744073709551615	0.064640
CORE_SEARCH_ROW	maxmin	181	1440	8405	8405	925	8405	8405	8405	8405	8405	8405	8405	8405
CORE_SEARCH_ROW	st_ht	8	18	51	44	18	44	44	44	44	44	44	44	44
CORE_SEARCH_CANDIDATE	crudeoil_lee2_06	0	0	44465947	27011986	0.004111
CORE_SEARCH_CANDIDATE	crudeoil_lee2_06	0	1	44465947	27011986	0.008219
CORE_SEARCH_CANDIDATE	crudeoil_lee2_06	0	2	44465947	27011986	0.011891
CORE_SEARCH_CANDIDATE	crudeoil_lee2_06	0	3	44465947	25348939	0.009098
CORE_SEARCH_CANDIDATE	crudeoil_lee2_06	0	4	44465947	26398727	0.017978
CORE_SEARCH_CANDIDATE	crudeoil_lee2_06	0	5	44465947	28780919	0.029708
CORE_SEARCH_ROW	crudeoil_lee2_06	6418	34646	23299675	16574163	134923	16574163	16574163	16574163	16574163	16574163	16574163	16574163	16574163
CORE_SEARCH_CANDIDATE	kan_r3_h1_n4	0	0	92002	18446744073709551615	0.014266
CORE_SEARCH_CANDIDATE	kan_r3_h1_n4	0	1	92002	18446744073709551615	0.030078
CORE_SEARCH_CANDIDATE	kan_r3_h1_n4	0	2	92002	18446744073709551615	0.031290
CORE_SEARCH_CANDIDATE	kan_r3_h1_n4	0	3	92002	18446744073709551615	0.032434
CORE_SEARCH_CANDIDATE	kan_r3_h1_n4	0	4	92002	18446744073709551615	0.024610
CORE_SEARCH_CANDIDATE	kan_r3_h1_n4	0	5	92002	18446744073709551615	0.029811
CORE_SEARCH_CANDIDATE	kan_r3_h1_n4	1	0	386297	116781	0.012412
CORE_SEARCH_CANDIDATE	kan_r3_h1_n4	1	1	386297	116551	0.018790
CORE_SEARCH_CANDIDATE	kan_r3_h1_n4	1	2	386297	116551	0.019026
CORE_SEARCH_CANDIDATE	kan_r3_h1_n4	1	3	386297	116149	0.018975
CORE_SEARCH_CANDIDATE	kan_r3_h1_n4	1	4	386297	116551	0.018905
CORE_SEARCH_CANDIDATE	kan_r3_h1_n4	1	5	386297	116149	0.018893
CORE_SEARCH_ROW	kan_r3_h1_n4	3183	14062	104945	98715	15597	98715	98715	98715	98715	98715	98715	98715	98715
CORE_SEARCH_ROW	primary	378	5610	109639	95258	3428	95258	95258	95258	95258	95258	95258	95258	95258
CORE_SEARCH_CANDIDATE	syn10m03hfsg	0	0	7562	18446744073709551615	0.016966
CORE_SEARCH_CANDIDATE	syn10m03hfsg	0	1	7562	18446744073709551615	0.037213
CORE_SEARCH_CANDIDATE	syn10m03hfsg	0	2	7562	18446744073709551615	0.057423
CORE_SEARCH_CANDIDATE	syn10m03hfsg	0	3	7562	18446744073709551615	0.037978
CORE_SEARCH_CANDIDATE	syn10m03hfsg	0	4	7562	18446744073709551615	0.036325
CORE_SEARCH_CANDIDATE	syn10m03hfsg	0	5	7562	18446744073709551615	0.057054
CORE_SEARCH_CANDIDATE	syn10m03hfsg	1	0	7515	10550	0.018291
CORE_SEARCH_CANDIDATE	syn10m03hfsg	1	1	7515	10537	0.038258
CORE_SEARCH_CANDIDATE	syn10m03hfsg	1	2	7515	10537	0.059531
CORE_SEARCH_CANDIDATE	syn10m03hfsg	1	3	7515	10536	0.038365
CORE_SEARCH_CANDIDATE	syn10m03hfsg	1	4	7515	10543	0.038257
CORE_SEARCH_CANDIDATE	syn10m03hfsg	1	5	7515	10536	0.059386
CORE_SEARCH_ROW	syn10m03hfsg	1071	2772	9890	9812	3040	9812	9812	9812	9812	9812	9812	9812	9812
CORE_SEARCH_CANDIDATE	wastewater02m1	0	0	655	18446744073709551615	0.022489
CORE_SEARCH_CANDIDATE	wastewater02m1	0	1	655	18446744073709551615	0.044069
CORE_SEARCH_CANDIDATE	wastewater02m1	0	2	655	18446744073709551615	0.065786
CORE_SEARCH_CANDIDATE	wastewater02m1	0	3	655	18446744073709551615	0.043463
CORE_SEARCH_CANDIDATE	wastewater02m1	0	4	655	18446744073709551615	0.057916
CORE_SEARCH_CANDIDATE	wastewater02m1	0	5	655	18446744073709551615	0.086197
CORE_SEARCH_CANDIDATE	wastewater02m1	1	0	473	18446744073709551615	0.018476
CORE_SEARCH_CANDIDATE	wastewater02m1	1	1	473	18446744073709551615	0.036716
CORE_SEARCH_CANDIDATE	wastewater02m1	1	2	473	18446744073709551615	0.055226
CORE_SEARCH_CANDIDATE	wastewater02m1	1	3	473	18446744073709551615	0.036286
CORE_SEARCH_CANDIDATE	wastewater02m1	1	4	473	18446744073709551615	0.041132
CORE_SEARCH_CANDIDATE	wastewater02m1	1	5	473	18446744073709551615	0.061429
CORE_SEARCH_ROW	wastewater02m1	36	138	848	790	156	790	790	790	790	790	790	790	790
CORE_SEARCH_CANDIDATE	supplychainr1_022020	0	0	262540	18446744073709551615	0.013972
CORE_SEARCH_CANDIDATE	supplychainr1_022020	0	1	262540	18446744073709551615	0.028356
CORE_SEARCH_CANDIDATE	supplychainr1_022020	0	2	262540	18446744073709551615	0.040636
CORE_SEARCH_CANDIDATE	supplychainr1_022020	0	3	262540	18446744073709551615	0.021530
CORE_SEARCH_CANDIDATE	supplychainr1_022020	0	4	262540	18446744073709551615	0.030951
CORE_SEARCH_CANDIDATE	supplychainr1_022020	0	5	262540	18446744073709551615	0.044421
CORE_SEARCH_CANDIDATE	supplychainr1_022020	1	0	262540	18446744073709551615	0.013099
CORE_SEARCH_CANDIDATE	supplychainr1_022020	1	1	262540	18446744073709551615	0.021949
CORE_SEARCH_CANDIDATE	supplychainr1_022020	1	2	262540	18446744073709551615	0.037493
CORE_SEARCH_CANDIDATE	supplychainr1_022020	1	3	262540	18446744073709551615	0.022729
CORE_SEARCH_CANDIDATE	supplychainr1_022020	1	4	262540	18446744073709551615	0.028706
CORE_SEARCH_CANDIDATE	supplychainr1_022020	1	5	262540	18446744073709551615	0.035650
CORE_SEARCH_ROW	supplychainr1_022020	4620	15680	273140	273100	20540	273100	273100	273100	273100	273100	273100	273100	273100
CORE_SEARCH_CANDIDATE	squfl025-025persp	0	0	38050	18446744073709551615	0.015077
CORE_SEARCH_CANDIDATE	squfl025-025persp	0	1	38050	18446744073709551615	0.023394
CORE_SEARCH_CANDIDATE	squfl025-025persp	0	2	38050	18446744073709551615	0.031727
CORE_SEARCH_CANDIDATE	squfl025-025persp	0	3	38050	18446744073709551615	0.031405
CORE_SEARCH_CANDIDATE	squfl025-025persp	0	4	38050	18446744073709551615	0.023704
CORE_SEARCH_CANDIDATE	squfl025-025persp	0	5	38050	18446744073709551615	0.023648
CORE_SEARCH_ROW	squfl025-025persp	3800	11250	49925	49925	10975	49925	49925	49925	49925	49925	49925	49925	49925
CORE_SEARCH_ROW	ringpack_30_2	17999	121458	12394600	2873684	108470	2873684	2873684	2873684	2873684	2873684	2873684	2873684	2873684
CORE_SEARCH_ROW	nuclear104	39098	257806	103156931	78332024	523338	78332024	78332024	78332024	78332024	78332024	78332024	78332024	78332024
CORE_SEARCH_CANDIDATE	chp_shorttermplan1a	0	0	442008	406675	0.013815
CORE_SEARCH_CANDIDATE	chp_shorttermplan1a	0	1	442008	395245	0.028306
CORE_SEARCH_CANDIDATE	chp_shorttermplan1a	0	2	442008	381303	0.053711
CORE_SEARCH_CANDIDATE	chp_shorttermplan1a	0	3	442008	367494	0.028593
CORE_SEARCH_CANDIDATE	chp_shorttermplan1a	0	4	442008	415627	0.028707
CORE_SEARCH_CANDIDATE	chp_shorttermplan1a	0	5	442008	419231	0.041527
CORE_SEARCH_CANDIDATE	chp_shorttermplan1a	1	0	1636850	403186	0.014376
CORE_SEARCH_CANDIDATE	chp_shorttermplan1a	1	1	1636850	366710	0.025381
CORE_SEARCH_CANDIDATE	chp_shorttermplan1a	1	2	1636850	361941	0.040429
CORE_SEARCH_CANDIDATE	chp_shorttermplan1a	1	3	1636850	407485	0.027347
CORE_SEARCH_CANDIDATE	chp_shorttermplan1a	1	4	1636850	410330	0.027995
CORE_SEARCH_CANDIDATE	chp_shorttermplan1a	1	5	1636850	407485	0.038481
CORE_SEARCH_ROW	chp_shorttermplan1a	4952	15700	376486	301258	22620	301258	301258	301258	301258	301258	301258	301258	301258
CORE_SEARCH_CANDIDATE	rocket50	0	0	17959	18446744073709551615	0.018968
CORE_SEARCH_CANDIDATE	rocket50	0	1	17959	18446744073709551615	0.039429
CORE_SEARCH_CANDIDATE	rocket50	0	2	17959	18446744073709551615	0.059658
CORE_SEARCH_CANDIDATE	rocket50	0	3	17959	18446744073709551615	0.039773
CORE_SEARCH_CANDIDATE	rocket50	0	4	17959	18446744073709551615	0.039087
CORE_SEARCH_CANDIDATE	rocket50	0	5	17959	18446744073709551615	0.058275
CORE_SEARCH_CANDIDATE	rocket50	1	0	17730	22453	0.021559
CORE_SEARCH_CANDIDATE	rocket50	1	1	17730	22453	0.044094
CORE_SEARCH_CANDIDATE	rocket50	1	2	17730	22453	0.066057
CORE_SEARCH_CANDIDATE	rocket50	1	3	17730	22453	0.043625
CORE_SEARCH_CANDIDATE	rocket50	1	4	17730	22453	0.048199
CORE_SEARCH_CANDIDATE	rocket50	1	5	17730	22453	0.072403
CORE_SEARCH_ROW	rocket50	555	3488	19983	19265	3185	19265	19265	19265	19265	19265	19265	19265	19265
CORE_SEARCH_CANDIDATE	rsyn0840m04m	0	0	176852	18446744073709551615	0.018547
CORE_SEARCH_CANDIDATE	rsyn0840m04m	0	1	176852	18446744073709551615	0.034380
CORE_SEARCH_CANDIDATE	rsyn0840m04m	0	2	176852	18446744073709551615	0.046716
CORE_SEARCH_CANDIDATE	rsyn0840m04m	0	3	176852	195219	0.030160
CORE_SEARCH_CANDIDATE	rsyn0840m04m	0	4	176852	18446744073709551615	0.037183
CORE_SEARCH_CANDIDATE	rsyn0840m04m	0	5	176852	18446744073709551615	0.051319
CORE_SEARCH_CANDIDATE	rsyn0840m04m	1	0	259031	242005	0.013045
CORE_SEARCH_CANDIDATE	rsyn0840m04m	1	1	259031	242005	0.033953
CORE_SEARCH_CANDIDATE	rsyn0840m04m	1	2	259031	240926	0.046277
CORE_SEARCH_CANDIDATE	rsyn0840m04m	1	3	259031	236016	0.027068
CORE_SEARCH_CANDIDATE	rsyn0840m04m	1	4	259031	259951	0.036117
CORE_SEARCH_CANDIDATE	rsyn0840m04m	1	5	259031	255926	0.049772
CORE_SEARCH_ROW	rsyn0840m04m	8508	24272	229914	186241	29583	186241	186241	186241	186241	186241	186241	186241	186241
CORE_SEARCH_CANDIDATE	mpbp_21	0	0	1437764	18446744073709551615	0.019686
CORE_SEARCH_CANDIDATE	mpbp_21	0	1	1437764	18446744073709551615	0.024986
CORE_SEARCH_CANDIDATE	mpbp_21	0	2	1437764	18446744073709551615	0.057243
CORE_SEARCH_CANDIDATE	mpbp_21	0	3	1437764	18446744073709551615	0.030665
CORE_SEARCH_CANDIDATE	mpbp_21	0	4	1437764	18446744073709551615	0.046560
CORE_SEARCH_CANDIDATE	mpbp_21	0	5	1437764	18446744073709551615	0.069632
CORE_SEARCH_CANDIDATE	mpbp_21	1	0	1437579	18446744073709551615	0.017232
CORE_SEARCH_CANDIDATE	mpbp_21	1	1	1437579	18446744073709551615	0.023726
CORE_SEARCH_CANDIDATE	mpbp_21	1	2	1437579	18446744073709551615	0.024460
CORE_SEARCH_CANDIDATE	mpbp_21	1	3	1437579	18446744073709551615	0.023848
CORE_SEARCH_CANDIDATE	mpbp_21	1	4	1437579	18446744073709551615	0.049770
CORE_SEARCH_CANDIDATE	mpbp_21	1	5	1437579	18446744073709551615	0.063755
CORE_SEARCH_ROW	mpbp_21	11716	37660	1691114	1456963	65805	1456963	1456963	1456963	1456963	1456963	1456963	1456963	1456963
CORE_SEARCH_CANDIDATE	orth_d4m6_pl	0	0	9243	18446744073709551615	0.017709
CORE_SEARCH_CANDIDATE	orth_d4m6_pl	0	1	9243	18446744073709551615	0.035215
CORE_SEARCH_CANDIDATE	orth_d4m6_pl	0	2	9243	18446744073709551615	0.052887
CORE_SEARCH_CANDIDATE	orth_d4m6_pl	0	3	9243	18446744073709551615	0.035488
CORE_SEARCH_CANDIDATE	orth_d4m6_pl	0	4	9243	18446744073709551615	0.040780
CORE_SEARCH_CANDIDATE	orth_d4m6_pl	0	5	9243	18446744073709551615	0.061627
CORE_SEARCH_CANDIDATE	orth_d4m6_pl	1	0	10027	18446744073709551615	0.017805
CORE_SEARCH_CANDIDATE	orth_d4m6_pl	1	1	10027	18446744073709551615	0.035838
CORE_SEARCH_CANDIDATE	orth_d4m6_pl	1	2	10027	18446744073709551615	0.055137
CORE_SEARCH_CANDIDATE	orth_d4m6_pl	1	3	10027	18446744073709551615	0.037095
CORE_SEARCH_CANDIDATE	orth_d4m6_pl	1	4	10027	18446744073709551615	0.041705
CORE_SEARCH_CANDIDATE	orth_d4m6_pl	1	5	10027	18446744073709551615	0.062713
CORE_SEARCH_ROW	orth_d4m6_pl	172	1096	10938	10703	1019	10703	10703	10703	10703	10703	10703	10703	10703
CORE_SEARCH_CANDIDATE	kall_circlespolygons_c1p5b	0	0	190297	18446744073709551615	0.013181
CORE_SEARCH_CANDIDATE	kall_circlespolygons_c1p5b	0	1	190297	18446744073709551615	0.021474
CORE_SEARCH_CANDIDATE	kall_circlespolygons_c1p5b	0	2	190297	18446744073709551615	0.035070
CORE_SEARCH_CANDIDATE	kall_circlespolygons_c1p5b	0	3	190297	18446744073709551615	0.026968
CORE_SEARCH_CANDIDATE	kall_circlespolygons_c1p5b	0	4	190297	18446744073709551615	0.013140
CORE_SEARCH_CANDIDATE	kall_circlespolygons_c1p5b	0	5	190297	18446744073709551615	0.030767
CORE_SEARCH_CANDIDATE	kall_circlespolygons_c1p5b	1	0	183882	18446744073709551615	0.012624
CORE_SEARCH_CANDIDATE	kall_circlespolygons_c1p5b	1	1	183882	18446744073709551615	0.021581
CORE_SEARCH_CANDIDATE	kall_circlespolygons_c1p5b	1	2	183882	18446744073709551615	0.033486
CORE_SEARCH_CANDIDATE	kall_circlespolygons_c1p5b	1	3	183882	18446744073709551615	0.021402
CORE_SEARCH_CANDIDATE	kall_circlespolygons_c1p5b	1	4	183882	18446744073709551615	0.025710
CORE_SEARCH_CANDIDATE	kall_circlespolygons_c1p5b	1	5	183882	18446744073709551615	0.039900
CORE_SEARCH_ROW	kall_circlespolygons_c1p5b	1681	7432	201759	193841	11831	193841	193841	193841	193841	193841	193841	193841	193841
CORE_SEARCH_ROW	acopf_case9241pegase_qcqp	313068	1292408	34647355	33736789	1988065	33736789	33736789	33736789	33736789	33736789	33736789	33736789	33736789
CORE_SEARCH_CANDIDATE	ex1223	0	0	174	18446744073709551615	0.022676
CORE_SEARCH_CANDIDATE	ex1223	0	1	174	18446744073709551615	0.044605
CORE_SEARCH_CANDIDATE	ex1223	0	2	174	18446744073709551615	0.067200
CORE_SEARCH_CANDIDATE	ex1223	0	3	174	18446744073709551615	0.045278
CORE_SEARCH_CANDIDATE	ex1223	0	4	174	18446744073709551615	0.056873
CORE_SEARCH_CANDIDATE	ex1223	0	5	174	18446744073709551615	0.084902
CORE_SEARCH_CANDIDATE	ex1223	1	0	254	332	0.024330
CORE_SEARCH_CANDIDATE	ex1223	1	1	254	332	0.048125
CORE_SEARCH_CANDIDATE	ex1223	1	2	254	332	0.072290
CORE_SEARCH_CANDIDATE	ex1223	1	3	254	332	0.047811
CORE_SEARCH_CANDIDATE	ex1223	1	4	254	332	0.070010
CORE_SEARCH_CANDIDATE	ex1223	1	5	254	332	0.103787
CORE_SEARCH_ROW	ex1223	33	82	244	244	86	244	244	244	244	244	244	244	244
CORE_SEARCH_ROW	ex6_1_4	10	48	197	153	37	153	153	153	153	153	153	153	153
CORE_SEARCH_CANDIDATE	powerflow0014r	0	0	9576	10947	0.021848
CORE_SEARCH_CANDIDATE	powerflow0014r	0	1	9576	10947	0.044266
CORE_SEARCH_CANDIDATE	powerflow0014r	0	2	9576	10947	0.066580
CORE_SEARCH_CANDIDATE	powerflow0014r	0	3	9576	10947	0.044044
CORE_SEARCH_CANDIDATE	powerflow0014r	0	4	9576	10947	0.048800
CORE_SEARCH_CANDIDATE	powerflow0014r	0	5	9576	10947	0.073552
CORE_SEARCH_CANDIDATE	powerflow0014r	1	0	9170	11189	0.021623
CORE_SEARCH_CANDIDATE	powerflow0014r	1	1	9170	11189	0.043178
CORE_SEARCH_CANDIDATE	powerflow0014r	1	2	9170	11189	0.064379
CORE_SEARCH_CANDIDATE	powerflow0014r	1	3	9170	11189	0.042970
CORE_SEARCH_CANDIDATE	powerflow0014r	1	4	9170	11189	0.047325
CORE_SEARCH_CANDIDATE	powerflow0014r	1	5	9170	11189	0.071173
CORE_SEARCH_ROW	powerflow0014r	403	1630	10761	10361	1783	10361	10361	10361	10361	10361	10361	10361	10361
CORE_SEARCH_ROW	knp5-43	2065	31132	3517788	3517788	36336	3517788	3517788	3517788	3517788	3517788	3517788	3517788	3517788
CORE_SEARCH_ROW	gabriel09	21688	89702	29373994	26366112	228634	26366112	26366112	26366112	26366112	26366112	26366112	26366112	26366112
CORE_SEARCH_CANDIDATE	tln2	0	0	167	18446744073709551615	0.022001
CORE_SEARCH_CANDIDATE	tln2	0	1	167	18446744073709551615	0.043302
CORE_SEARCH_CANDIDATE	tln2	0	2	167	18446744073709551615	0.065381
CORE_SEARCH_CANDIDATE	tln2	0	3	167	18446744073709551615	0.043426
CORE_SEARCH_CANDIDATE	tln2	0	4	167	18446744073709551615	0.051858
CORE_SEARCH_CANDIDATE	tln2	0	5	167	18446744073709551615	0.077684
CORE_SEARCH_ROW	tln2	32	88	233	233	83	233	233	233	233	233	233	233	233
CORE_SEARCH_ROW	prob02	22	76	267	232	66	232	232	232	232	232	232	232	232
CORE_SEARCH_CANDIDATE	blend146	0	0	61832	18446744073709551615	0.016673
CORE_SEARCH_CANDIDATE	blend146	0	1	61832	18446744073709551615	0.030176
CORE_SEARCH_CANDIDATE	blend146	0	2	61832	18446744073709551615	0.046493
CORE_SEARCH_CANDIDATE	blend146	0	3	61832	18446744073709551615	0.029081
CORE_SEARCH_CANDIDATE	blend146	0	4	61832	18446744073709551615	0.032487
CORE_SEARCH_CANDIDATE	blend146	0	5	61832	18446744073709551615	0.053135
CORE_SEARCH_CANDIDATE	blend146	1	0	62467	18446744073709551615	0.016783
CORE_SEARCH_CANDIDATE	blend146	1	1	62467	18446744073709551615	0.029299
CORE_SEARCH_CANDIDATE	blend146	1	2	62467	18446744073709551615	0.046648
CORE_SEARCH_CANDIDATE	blend146	1	3	62467	18446744073709551615	0.030666
CORE_SEARCH_CANDIDATE	blend146	1	4	62467	18446744073709551615	0.034166
CORE_SEARCH_CANDIDATE	blend146	1	5	62467	18446744073709551615	0.052804
CORE_SEARCH_ROW	blend146	1422	4460	78102	64296	6042	64296	64296	64296	64296	64296	64296	64296	64296
CORE_SEARCH_CANDIDATE	mpbp_46	0	0	440383	18446744073709551615	0.009761
CORE_SEARCH_CANDIDATE	mpbp_46	0	1	440383	18446744073709551615	0.020585
CORE_SEARCH_CANDIDATE	mpbp_46	0	2	440383	18446744073709551615	0.033989
CORE_SEARCH_CANDIDATE	mpbp_46	0	3	440383	18446744073709551615	0.024008
CORE_SEARCH_CANDIDATE	mpbp_46	0	4	440383	18446744073709551615	0.033519
CORE_SEARCH_CANDIDATE	mpbp_46	0	5	440383	18446744073709551615	0.048131
CORE_SEARCH_CANDIDATE	mpbp_46	1	0	544102	543121	0.014450
CORE_SEARCH_CANDIDATE	mpbp_46	1	1	544102	543121	0.023517
CORE_SEARCH_CANDIDATE	mpbp_46	1	2	544102	527777	0.043244
CORE_SEARCH_CANDIDATE	mpbp_46	1	3	544102	530833	0.024148
CORE_SEARCH_CANDIDATE	mpbp_46	1	4	544102	564037	0.033896
CORE_SEARCH_CANDIDATE	mpbp_46	1	5	544102	556149	0.048193
CORE_SEARCH_ROW	mpbp_46	4518	14492	499547	447643	24571	447643	447643	447643	447643	447643	447643	447643	447643
CORE_SEARCH_CANDIDATE	tls6	0	0	16517	18446744073709551615	0.019574
CORE_SEARCH_CANDIDATE	tls6	0	1	16517	18446744073709551615	0.039891
CORE_SEARCH_CANDIDATE	tls6	0	2	16517	18446744073709551615	0.059403
CORE_SEARCH_CANDIDATE	tls6	0	3	16517	18446744073709551615	0.040019
CORE_SEARCH_CANDIDATE	tls6	0	4	16517	18446744073709551615	0.046030
CORE_SEARCH_CANDIDATE	tls6	0	5	16517	18446744073709551615	0.068970
CORE_SEARCH_ROW	tls6	413	2860	18483	17511	2429	17511	17511	17511	17511	17511	17511	17511	17511
CORE_SEARCH_ROW	emfl100_5_5	21925	52300	221650	221650	62300	221650	221650	221650	221650	221650	221650	221650	221650
CORE_SEARCH_ROW	qspp_0_11_0_1_10_1	341	44264	3563707	3531915	24763	3531915	3531915	3531915	3531915	3531915	3531915	3531915	3531915
CORE_SEARCH_CANDIDATE	p_ball_10b_5p_4d_m	0	0	11552	18446744073709551615	0.020234
CORE_SEARCH_CANDIDATE	p_ball_10b_5p_4d_m	0	1	11552	18446744073709551615	0.040616
CORE_SEARCH_CANDIDATE	p_ball_10b_5p_4d_m	0	2	11552	18446744073709551615	0.061582
CORE_SEARCH_CANDIDATE	p_ball_10b_5p_4d_m	0	3	11552	18446744073709551615	0.040725
CORE_SEARCH_CANDIDATE	p_ball_10b_5p_4d_m	0	4	11552	18446744073709551615	0.047411
CORE_SEARCH_CANDIDATE	p_ball_10b_5p_4d_m	0	5	11552	18446744073709551615	0.071124
CORE_SEARCH_CANDIDATE	p_ball_10b_5p_4d_m	1	0	13232	18446744073709551615	0.020364
CORE_SEARCH_CANDIDATE	p_ball_10b_5p_4d_m	1	1	13232	18446744073709551615	0.041421
CORE_SEARCH_CANDIDATE	p_ball_10b_5p_4d_m	1	2	13232	18446744073709551615	0.062022
CORE_SEARCH_CANDIDATE	p_ball_10b_5p_4d_m	1	3	13232	18446744073709551615	0.041579
CORE_SEARCH_CANDIDATE	p_ball_10b_5p_4d_m	1	4	13232	18446744073709551615	0.047218
CORE_SEARCH_CANDIDATE	p_ball_10b_5p_4d_m	1	5	13232	18446744073709551615	0.070804
CORE_SEARCH_ROW	p_ball_10b_5p_4d_m	403	1484	13581	13288	1736	13288	13288	13288	13288	13288	13288	13288	13288
CORE_SEARCH_CANDIDATE	st_rv9	0	0	6241	18446744073709551615	0.025991
CORE_SEARCH_CANDIDATE	st_rv9	0	1	6241	18446744073709551615	0.050913
CORE_SEARCH_CANDIDATE	st_rv9	0	2	6241	18446744073709551615	0.077037
CORE_SEARCH_CANDIDATE	st_rv9	0	3	6241	18446744073709551615	0.050999
CORE_SEARCH_CANDIDATE	st_rv9	0	4	6241	18446744073709551615	0.060783
CORE_SEARCH_CANDIDATE	st_rv9	0	5	6241	18446744073709551615	0.091882
CORE_SEARCH_ROW	st_rv9	90	840	6691	6321	679	6321	6321	6321	6321	6321	6321	6321	6321
CORE_SEARCH_CANDIDATE	rsyn0840m02m	0	0	37433	18446744073709551615	0.013327
CORE_SEARCH_CANDIDATE	rsyn0840m02m	0	1	37433	18446744073709551615	0.029924
CORE_SEARCH_CANDIDATE	rsyn0840m02m	0	2	37433	18446744073709551615	0.033739
CORE_SEARCH_CANDIDATE	rsyn0840m02m	0	3	37433	18446744073709551615	0.030190
CORE_SEARCH_CANDIDATE	rsyn0840m02m	0	4	37433	18446744073709551615	0.030206
CORE_SEARCH_CANDIDATE	rsyn0840m02m	0	5	37433	18446744073709551615	0.033832
CORE_SEARCH_CANDIDATE	rsyn0840m02m	1	0	47865	58745	0.016561
CORE_SEARCH_CANDIDATE	rsyn0840m02m	1	1	47865	56818	0.016146
CORE_SEARCH_CANDIDATE	rsyn0840m02m	1	2	47865	56734	0.019464
CORE_SEARCH_CANDIDATE	rsyn0840m02m	1	3	47865	57012	0.016064
CORE_SEARCH_CANDIDATE	rsyn0840m02m	1	4	47865	56818	0.016277
CORE_SEARCH_CANDIDATE	rsyn0840m02m	1	5	47865	57012	0.021716
CORE_SEARCH_ROW	rsyn0840m02m	3486	9576	47529	44981	10989	44981	44981	44981	44981	44981	44981	44981	44981
CORE_SEARCH_ROW	nvs05	22	84	277	266	72	266	266	266	266	266	266	266	266
CORE_SEARCH_ROW	autocorr_bern25-19	28	612	5278	5278	334	5278	5278	5278	5278	5278	5278	5278	5278
CORE_SEARCH_CANDIDATE	sssd20-08persp	0	0	3296	18446744073709551615	0.024394
CORE_SEARCH_CANDIDATE	sssd20-08persp	0	1	3296	18446744073709551615	0.048089
CORE_SEARCH_CANDIDATE	sssd20-08persp	0	2	3296	18446744073709551615	0.072624
CORE_SEARCH_CANDIDATE	sssd20-08persp	0	3	3296	18446744073709551615	0.048568
CORE_SEARCH_CANDIDATE	sssd20-08persp	0	4	3296	18446744073709551615	0.056254
CORE_SEARCH_CANDIDATE	sssd20-08persp	0	5	3296	18446744073709551615	0.084452
CORE_SEARCH_CANDIDATE	sssd20-08persp	1	0	4952	5992	0.021892
CORE_SEARCH_CANDIDATE	sssd20-08persp	1	1	4952	5992	0.044294
CORE_SEARCH_CANDIDATE	sssd20-08persp	1	2	4952	5992	0.067042
CORE_SEARCH_CANDIDATE	sssd20-08persp	1	3	4952	5992	0.044327
CORE_SEARCH_CANDIDATE	sssd20-08persp	1	4	4952	5992	0.049794
CORE_SEARCH_CANDIDATE	sssd20-08persp	1	5	4952	5992	0.073661
CORE_SEARCH_ROW	sssd20-08persp	356	1232	4960	4960	1208	4960	4960	4960	4960	4960	4960	4960	4960
CORE_SEARCH_CANDIDATE	multiplants_stg5	0	0	1035486	188763	0.015039
CORE_SEARCH_CANDIDATE	multiplants_stg5	0	1	1035486	189228	0.030513
CORE_SEARCH_CANDIDATE	multiplants_stg5	0	2	1035486	188763	0.047295
CORE_SEARCH_CANDIDATE	multiplants_stg5	0	3	1035486	188154	0.031261
CORE_SEARCH_CANDIDATE	multiplants_stg5	0	4	1035486	188493	0.035852
CORE_SEARCH_CANDIDATE	multiplants_stg5	0	5	1035486	188493	0.054192
CORE_SEARCH_CANDIDATE	multiplants_stg5	1	0	1048118	182122	0.014495
CORE_SEARCH_CANDIDATE	multiplants_stg5	1	1	1048118	160094	0.028302
CORE_SEARCH_CANDIDATE	multiplants_stg5	1	2	1048118	160094	0.043598
CORE_SEARCH_CANDIDATE	multiplants_stg5	1	3	1048118	159824	0.027458
CORE_SEARCH_CANDIDATE	multiplants_stg5	1	4	1048118	157839	0.033849
CORE_SEARCH_CANDIDATE	multiplants_stg5	1	5	1048118	160416	0.053353
CORE_SEARCH_ROW	multiplants_stg5	827	3804	377794	155722	7440	155722	155722	155722	155722	155722	155722	155722	155722
CORE_SEARCH_CANDIDATE	chimera_rfr-02	0	0	2964561	2771333	0.007457
CORE_SEARCH_CANDIDATE	chimera_rfr-02	0	1	2964561	2770584	0.014683
CORE_SEARCH_CANDIDATE	chimera_rfr-02	0	2	2964561	2636958	0.015671
CORE_SEARCH_CANDIDATE	chimera_rfr-02	0	3	2964561	2726522	0.008817
CORE_SEARCH_CANDIDATE	chimera_rfr-02	0	4	2964561	18446744073709551615	0.019430
CORE_SEARCH_CANDIDATE	chimera_rfr-02	0	5	2964561	18446744073709551615	0.025041
CORE_SEARCH_ROW	chimera_rfr-02	2032	15140	3860441	2487310	51728	2487310	2487310	2487310	2487310	2487310	2487310	2487310	2487310
CORE_SEARCH_CANDIDATE	multiplants_stg1a	0	0	114840	18446744073709551615	0.015411
CORE_SEARCH_CANDIDATE	multiplants_stg1a	0	1	114840	18446744073709551615	0.032564
CORE_SEARCH_CANDIDATE	multiplants_stg1a	0	2	114840	18446744073709551615	0.047171
CORE_SEARCH_CANDIDATE	multiplants_stg1a	0	3	114840	18446744073709551615	0.031351
CORE_SEARCH_CANDIDATE	multiplants_stg1a	0	4	114840	18446744073709551615	0.037212
CORE_SEARCH_CANDIDATE	multiplants_stg1a	0	5	114840	18446744073709551615	0.056330
CORE_SEARCH_CANDIDATE	multiplants_stg1a	1	0	114270	18446744073709551615	0.016917
CORE_SEARCH_CANDIDATE	multiplants_stg1a	1	1	114270	18446744073709551615	0.034277
CORE_SEARCH_CANDIDATE	multiplants_stg1a	1	2	114270	18446744073709551615	0.050239
CORE_SEARCH_CANDIDATE	multiplants_stg1a	1	3	114270	18446744073709551615	0.033499
CORE_SEARCH_CANDIDATE	multiplants_stg1a	1	4	114270	18446744073709551615	0.038510
CORE_SEARCH_CANDIDATE	multiplants_stg1a	1	5	114270	18446744073709551615	0.057786
CORE_SEARCH_ROW	multiplants_stg1a	726	3510	142058	121443	6211	121443	121443	121443	121443	121443	121443	121443	121443
CORE_SEARCH_CANDIDATE	pooling_adhya4pq	0	0	15726	18446744073709551615	0.022082
CORE_SEARCH_CANDIDATE	pooling_adhya4pq	0	1	15726	18446744073709551615	0.044382
CORE_SEARCH_CANDIDATE	pooling_adhya4pq	0	2	15726	18446744073709551615	0.066886
CORE_SEARCH_CANDIDATE	pooling_adhya4pq	0	3	15726	18446744073709551615	0.044411
CORE_SEARCH_CANDIDATE	pooling_adhya4pq	0	4	15726	18446744073709551615	0.050467
CORE_SEARCH_CANDIDATE	pooling_adhya4pq	0	5	15726	18446744073709551615	0.075085
CORE_SEARCH_CANDIDATE	pooling_adhya4pq	1	0	15776	18446744073709551615	0.022190
CORE_SEARCH_CANDIDATE	pooling_adhya4pq	1	1	15776	18446744073709551615	0.044927
CORE_SEARCH_CANDIDATE	pooling_adhya4pq	1	2	15776	18446744073709551615	0.067309
CORE_SEARCH_CANDIDATE	pooling_adhya4pq	1	3	15776	18446744073709551615	0.044392
CORE_SEARCH_CANDIDATE	pooling_adhya4pq	1	4	15776	18446744073709551615	0.049610
CORE_SEARCH_CANDIDATE	pooling_adhya4pq	1	5	15776	18446744073709551615	0.074048
CORE_SEARCH_ROW	pooling_adhya4pq	170	932	24314	16556	1362	16556	16556	16556	16556	16556	16556	16556	16556
CORE_SEARCH_ROW	nuclear10a	17493	163816	82406325	55754381	365783	55754381	55754381	55754381	55754381	55754381	55754381	55754381	55754381
CORE_SEARCH_ROW	sonet24v5	874	7260	185654	110276	7010	110276	110276	110276	110276	110276	110276	110276	110276
CORE_SEARCH_ROW	transswitch2736spr	69651	331010	7933133	7281507	439563	7281507	7281507	7281507	7281507	7281507	7281507	7281507	7281507
CORE_SEARCH_CANDIDATE	chp_shorttermplan2a	0	0	555375	18446744073709551615	0.012767
CORE_SEARCH_CANDIDATE	chp_shorttermplan2a	0	1	555375	18446744073709551615	0.025744
CORE_SEARCH_CANDIDATE	chp_shorttermplan2a	0	2	555375	18446744073709551615	0.037709
CORE_SEARCH_CANDIDATE	chp_shorttermplan2a	0	3	555375	18446744073709551615	0.024443
CORE_SEARCH_CANDIDATE	chp_shorttermplan2a	0	4	555375	18446744073709551615	0.033949
CORE_SEARCH_CANDIDATE	chp_shorttermplan2a	0	5	555375	18446744073709551615	0.046672
CORE_SEARCH_CANDIDATE	chp_shorttermplan2a	1	0	556475	18446744073709551615	0.010280
CORE_SEARCH_CANDIDATE	chp_shorttermplan2a	1	1	556475	18446744073709551615	0.025640
CORE_SEARCH_CANDIDATE	chp_shorttermplan2a	1	2	556475	18446744073709551615	0.041693
CORE_SEARCH_CANDIDATE	chp_shorttermplan2a	1	3	556475	18446744073709551615	0.020023
CORE_SEARCH_CANDIDATE	chp_shorttermplan2a	1	4	556475	18446744073709551615	0.033562
CORE_SEARCH_CANDIDATE	chp_shorttermplan2a	1	5	556475	18446744073709551615	0.046393
CORE_SEARCH_ROW	chp_shorttermplan2a	8992	26288	821014	576395	38347	576395	576395	576395	576395	576395	576395	576395	576395
CORE_SEARCH_CANDIDATE	catmix200	0	0	18123	18446744073709551615	0.018011
CORE_SEARCH_CANDIDATE	catmix200	0	1	18123	18446744073709551615	0.030210
CORE_SEARCH_CANDIDATE	catmix200	0	2	18123	18446744073709551615	0.048418
CORE_SEARCH_CANDIDATE	catmix200	0	3	18123	18446744073709551615	0.029134
CORE_SEARCH_CANDIDATE	catmix200	0	4	18123	18446744073709551615	0.029108
CORE_SEARCH_CANDIDATE	catmix200	0	5	18123	18446744073709551615	0.044476
CORE_SEARCH_CANDIDATE	catmix200	1	0	18114	18446744073709551615	0.017848
CORE_SEARCH_CANDIDATE	catmix200	1	1	18114	18446744073709551615	0.029403
CORE_SEARCH_CANDIDATE	catmix200	1	2	18114	18446744073709551615	0.047127
CORE_SEARCH_CANDIDATE	catmix200	1	3	18114	18446744073709551615	0.029452
CORE_SEARCH_CANDIDATE	catmix200	1	4	18114	18446744073709551615	0.029158
CORE_SEARCH_CANDIDATE	catmix200	1	5	18114	18446744073709551615	0.044047
CORE_SEARCH_ROW	catmix200	1001	5592	18173	18164	4196	18164	18164	18164	18164	18164	18164	18164	18164
CORE_SEARCH_ROW	nvs23	27	252	1921	1221	153	1221	1221	1221	1221	1221	1221	1221	1221
CORE_SEARCH_ROW	oaer	20	40	107	107	45	107	107	107	107	107	107	107	107
CORE_SEARCH_CANDIDATE	hybriddynamic_fixed	0	0	844	1547	0.026656
CORE_SEARCH_CANDIDATE	hybriddynamic_fixed	0	1	844	1547	0.053232
CORE_SEARCH_CANDIDATE	hybriddynamic_fixed	0	2	844	1547	0.079741
CORE_SEARCH_CANDIDATE	hybriddynamic_fixed	0	3	844	1547	0.053176
CORE_SEARCH_CANDIDATE	hybriddynamic_fixed	0	4	844	1547	0.068584
CORE_SEARCH_CANDIDATE	hybriddynamic_fixed	0	5	844	1547	0.101945
CORE_SEARCH_ROW	hybriddynamic_fixed	168	388	1103	1103	421	1103	1103	1103	1103	1103	1103	1103	1103
CORE_SEARCH_CANDIDATE	edgecross24-115	0	0	27593909	18446744073709551615	0.054399
CORE_SEARCH_CANDIDATE	edgecross24-115	0	1	27593909	18446744073709551615	0.054116
CORE_SEARCH_CANDIDATE	edgecross24-115	0	2	27593909	18446744073709551615	0.056834
CORE_SEARCH_CANDIDATE	edgecross24-115	0	3	27593909	18446744073709551615	0.053945
CORE_SEARCH_CANDIDATE	edgecross24-115	0	4	27593909	18446744073709551615	0.054106
CORE_SEARCH_CANDIDATE	edgecross24-115	0	5	27593909	18446744073709551615	0.089301
CORE_SEARCH_CANDIDATE	edgecross24-115	1	0	27593917	18446744073709551615	0.054047
CORE_SEARCH_CANDIDATE	edgecross24-115	1	1	27593917	18446744073709551615	0.054214
CORE_SEARCH_CANDIDATE	edgecross24-115	1	2	27593917	18446744073709551615	0.056322
CORE_SEARCH_CANDIDATE	edgecross24-115	1	3	27593917	18446744073709551615	0.053679
CORE_SEARCH_CANDIDATE	edgecross24-115	1	4	27593917	18446744073709551615	0.054169
CORE_SEARCH_CANDIDATE	edgecross24-115	1	5	27593917	18446744073709551615	0.088870
CORE_SEARCH_ROW	edgecross24-115	16747	77352	35096942	27626301	160407	27626301	27626301	27626301	27626301	27626301	27626301	27626301	27626301
CORE_SEARCH_CANDIDATE	space25	0	0	13057	18446744073709551615	0.021301
CORE_SEARCH_CANDIDATE	space25	0	1	13057	18446744073709551615	0.042508
CORE_SEARCH_CANDIDATE	space25	0	2	13057	18446744073709551615	0.063709
CORE_SEARCH_CANDIDATE	space25	0	3	13057	18446744073709551615	0.042647
CORE_SEARCH_CANDIDATE	space25	0	4	13057	18446744073709551615	0.049579
CORE_SEARCH_CANDIDATE	space25	0	5	13057	18446744073709551615	0.074464
CORE_SEARCH_CANDIDATE	space25	1	0	13773	18446744073709551615	0.021871
CORE_SEARCH_CANDIDATE	space25	1	1	13773	18446744073709551615	0.043668
CORE_SEARCH_CANDIDATE	space25	1	2	13773	18446744073709551615	0.065108
CORE_SEARCH_CANDIDATE	space25	1	3	13773	18446744073709551615	0.043889
CORE_SEARCH_CANDIDATE	space25	1	4	13773	18446744073709551615	0.050891
CORE_SEARCH_CANDIDATE	space25	1	5	13773	18446744073709551615	0.076872
CORE_SEARCH_ROW	space25	1178	4334	23567	22528	4186	22528	22528	22528	22528	22528	22528	22528	22528
CORE_SEARCH_ROW	methanol400	23999	151728	2586036	1864047	186271	1864047	1864047	1864047	1864047	1864047	1864047	1864047	1864047
CORE_SEARCH_CANDIDATE	pooling_foulds5tp	0	0	163561	18446744073709551615	0.009327
CORE_SEARCH_CANDIDATE	pooling_foulds5tp	0	1	163561	18446744073709551615	0.023343
CORE_SEARCH_CANDIDATE	pooling_foulds5tp	0	2	163561	18446744073709551615	0.037241
CORE_SEARCH_CANDIDATE	pooling_foulds5tp	0	3	163561	18446744073709551615	0.022340
CORE_SEARCH_CANDIDATE	pooling_foulds5tp	0	4	163561	18446744073709551615	0.023441
CORE_SEARCH_CANDIDATE	pooling_foulds5tp	0	5	163561	18446744073709551615	0.037009
CORE_SEARCH_ROW	pooling_foulds5tp	1218	8364	251833	171941	9811	171941	171941	171941	171941	171941	171941	171941	171941
CORE_SEARCH_ROW	pooling_sppa9tp	5040	121302	104609262	16877457	158869	16877457	16877457	16877457	16877457	16877457	16877457	16877457	16877457
CORE_SEARCH_ROW	st_miqp2	10	18	37	37	19	37	37	37	37	37	37	37	37
CORE_SEARCH_ROW	autocorr_bern30-23	33	878	8940	8940	472	8940	8940	8940	8940	8940	8940	8940	8940
CORE_SEARCH_CANDIDATE	mpbp_15	0	0	1169293	18446744073709551615	0.015436
CORE_SEARCH_CANDIDATE	mpbp_15	0	1	1169293	18446744073709551615	0.021279
CORE_SEARCH_CANDIDATE	mpbp_15	0	2	1169293	18446744073709551615	0.037476
CORE_SEARCH_CANDIDATE	mpbp_15	0	3	1169293	18446744073709551615	0.033726
CORE_SEARCH_CANDIDATE	mpbp_15	0	4	1169293	18446744073709551615	0.043194
CORE_SEARCH_CANDIDATE	mpbp_15	0	5	1169293	18446744073709551615	0.057095
CORE_SEARCH_CANDIDATE	mpbp_15	1	0	1169347	18446744073709551615	0.015668
CORE_SEARCH_CANDIDATE	mpbp_15	1	1	1169347	18446744073709551615	0.031956
CORE_SEARCH_CANDIDATE	mpbp_15	1	2	1169347	18446744073709551615	0.036560
CORE_SEARCH_CANDIDATE	mpbp_15	1	3	1169347	18446744073709551615	0.024789
CORE_SEARCH_CANDIDATE	mpbp_15	1	4	1169347	18446744073709551615	0.047724
CORE_SEARCH_CANDIDATE	mpbp_15	1	5	1169347	18446744073709551615	0.061621
CORE_SEARCH_ROW	mpbp_15	9858	31692	1496502	1185325	56119	1185325	1185325	1185325	1185325	1185325	1185325	1185325	1185325
CORE_SEARCH_CANDIDATE	cvxnonsep_psig30r	0	0	125	18446744073709551615	0.018503
CORE_SEARCH_CANDIDATE	cvxnonsep_psig30r	0	1	125	18446744073709551615	0.036894
CORE_SEARCH_CANDIDATE	cvxnonsep_psig30r	0	2	125	18446744073709551615	0.055165
CORE_SEARCH_CANDIDATE	cvxnonsep_psig30r	0	3	125	18446744073709551615	0.036727
CORE_SEARCH_CANDIDATE	cvxnonsep_psig30r	0	4	125	18446744073709551615	0.048188
CORE_SEARCH_CANDIDATE	cvxnonsep_psig30r	0	5	125	18446744073709551615	0.070958
CORE_SEARCH_ROW	cvxnonsep_psig30r	126	250	501	501	251	501	501	501	501	501	501	501	501
CORE_SEARCH_CANDIDATE	rsyn0830hfsg	0	0	11719	18446744073709551615	0.020090
CORE_SEARCH_CANDIDATE	rsyn0830hfsg	0	1	11719	18446744073709551615	0.031684
CORE_SEARCH_CANDIDATE	rsyn0830hfsg	0	2	11719	18446744073709551615	0.051819
CORE_SEARCH_CANDIDATE	rsyn0830hfsg	0	3	11719	18446744073709551615	0.030448
CORE_SEARCH_CANDIDATE	rsyn0830hfsg	0	4	11719	18446744073709551615	0.034558
CORE_SEARCH_CANDIDATE	rsyn0830hfsg	0	5	11719	18446744073709551615	0.052593
CORE_SEARCH_CANDIDATE	rsyn0830hfsg	1	0	14759	18240	0.020497
CORE_SEARCH_CANDIDATE	rsyn0830hfsg	1	1	14759	18153	0.032976
CORE_SEARCH_CANDIDATE	rsyn0830hfsg	1	2	14759	18153	0.053040
CORE_SEARCH_CANDIDATE	rsyn0830hfsg	1	3	14759	18159	0.033368
CORE_SEARCH_CANDIDATE	rsyn0830hfsg	1	4	14759	18153	0.035953
CORE_SEARCH_CANDIDATE	rsyn0830hfsg	1	5	14759	18146	0.050647
CORE_SEARCH_ROW	rsyn0830hfsg	1590	4100	16168	15383	4687	15383	15383	15383	15383	15383	15383	15383	15383
CORE_SEARCH_CANDIDATE	crudeoil_pooling_ct1	0	0	410102	120722	0.014739
CORE_SEARCH_CANDIDATE	crudeoil_pooling_ct1	0	1	410102	118408	0.029810
CORE_SEARCH_CANDIDATE	crudeoil_pooling_ct1	0	2	410102	118408	0.045204
CORE_SEARCH_CANDIDATE	crudeoil_pooling_ct1	0	3	410102	115777	0.030343
CORE_SEARCH_CANDIDATE	crudeoil_pooling_ct1	0	4	410102	121269	0.033913
CORE_SEARCH_CANDIDATE	crudeoil_pooling_ct1	0	5	410102	121515	0.052054
CORE_SEARCH_CANDIDATE	crudeoil_pooling_ct1	1	0	90954	18446744073709551615	0.016193
CORE_SEARCH_CANDIDATE	crudeoil_pooling_ct1	1	1	90954	18446744073709551615	0.029951
CORE_SEARCH_CANDIDATE	crudeoil_pooling_ct1	1	2	90954	18446744073709551615	0.045927
CORE_SEARCH_CANDIDATE	crudeoil_pooling_ct1	1	3	90954	18446744073709551615	0.030021
CORE_SEARCH_CANDIDATE	crudeoil_pooling_ct1	1	4	90954	18446744073709551615	0.033597
CORE_SEARCH_CANDIDATE	crudeoil_pooling_ct1	1	5	90954	18446744073709551615	0.051803
CORE_SEARCH_ROW	crudeoil_pooling_ct1	1271	4642	125127	93863	7323	93863	93863	93863	93863	93863	93863	93863	93863
CORE_SEARCH_CANDIDATE	multiplants_stg1c	0	0	140983	18446744073709551615	0.012814
CORE_SEARCH_CANDIDATE	multiplants_stg1c	0	1	140983	18446744073709551615	0.028463
CORE_SEARCH_CANDIDATE	multiplants_stg1c	0	2	140983	18446744073709551615	0.043677
CORE_SEARCH_CANDIDATE	multiplants_stg1c	0	3	140983	18446744073709551615	0.027875
CORE_SEARCH_CANDIDATE	multiplants_stg1c	0	4	140983	18446744073709551615	0.033558
CORE_SEARCH_CANDIDATE	multiplants_stg1c	0	5	140983	18446744073709551615	0.049378
CORE_SEARCH_CANDIDATE	multiplants_stg1c	1	0	134847	18446744073709551615	0.014330
CORE_SEARCH_CANDIDATE	multiplants_stg1c	1	1	134847	18446744073709551615	0.029980
CORE_SEARCH_CANDIDATE	multiplants_stg1c	1	2	134847	18446744073709551615	0.044268
CORE_SEARCH_CANDIDATE	multiplants_stg1c	1	3	134847	18446744073709551615	0.030038
CORE_SEARCH_CANDIDATE	multiplants_stg1c	1	4	134847	18446744073709551615	0.034866
CORE_SEARCH_CANDIDATE	multiplants_stg1c	1	5	134847	18446744073709551615	0.052887
CORE_SEARCH_ROW	multiplants_stg1c	800	3894	150039	143020	6946	143020	143020	143020	143020	143020	143020	143020	143020
CORE_SEARCH_ROW	st_pan1	11	32	123	94	30	94	94	94	94	94	94	94	94
CORE_SEARCH_CANDIDATE	multiplants_stg1b	0	0	177364	18446744073709551615	0.014911
CORE_SEARCH_CANDIDATE	multiplants_stg1b	0	1	177364	18446744073709551615	0.030040
CORE_SEARCH_CANDIDATE	multiplants_stg1b	0	2	177364	18446744073709551615	0.043294
CORE_SEARCH_CANDIDATE	multiplants_stg1b	0	3	177364	18446744073709551615	0.030708
CORE_SEARCH_CANDIDATE	multiplants_stg1b	0	4	177364	18446744073709551615	0.031953
CORE_SEARCH_CANDIDATE	multiplants_stg1b	0	5	177364	18446744073709551615	0.048360
CORE_SEARCH_CANDIDATE	multiplants_stg1b	1	0	180979	18446744073709551615	0.014856
CORE_SEARCH_CANDIDATE	multiplants_stg1b	1	1	180979	18446744073709551615	0.030007
CORE_SEARCH_CANDIDATE	multiplants_stg1b	1	2	180979	192573	0.045397
CORE_SEARCH_CANDIDATE	multiplants_stg1b	1	3	180979	18446744073709551615	0.028811
CORE_SEARCH_CANDIDATE	multiplants_stg1b	1	4	180979	18446744073709551615	0.032814
CORE_SEARCH_CANDIDATE	multiplants_stg1b	1	5	180979	18446744073709551615	0.049581
CORE_SEARCH_ROW	multiplants_stg1b	814	3992	308612	187593	7725	187593	187593	187593	187593	187593	187593	187593	187593
CORE_SEARCH_CANDIDATE	methanol200	0	0	887345	18446744073709551615	0.011754
CORE_SEARCH_CANDIDATE	methanol200	0	1	887345	18446744073709551615	0.025866
CORE_SEARCH_CANDIDATE	methanol200	0	2	887345	18446744073709551615	0.027833
CORE_SEARCH_CANDIDATE	methanol200	0	3	887345	18446744073709551615	0.017352
CORE_SEARCH_CANDIDATE	methanol200	0	4	887345	18446744073709551615	0.031720
CORE_SEARCH_CANDIDATE	methanol200	0	5	887345	18446744073709551615	0.046102
CORE_SEARCH_CANDIDATE	methanol200	1	0	835870	18446744073709551615	0.009716
CORE_SEARCH_CANDIDATE	methanol200	1	1	835870	18446744073709551615	0.014702
CORE_SEARCH_CANDIDATE	methanol200	1	2	835870	18446744073709551615	0.020840
CORE_SEARCH_CANDIDATE	methanol200	1	3	835870	18446744073709551615	0.014494
CORE_SEARCH_CANDIDATE	methanol200	1	4	835870	18446744073709551615	0.029348
CORE_SEARCH_CANDIDATE	methanol200	1	5	835870	18446744073709551615	0.038181
CORE_SEARCH_ROW	methanol200	11999	76128	1290836	905945	92103	905945	905945	905945	905945	905945	905945	905945	905945
CORE_SEARCH_ROW	faclay35	26778	132380	33630126	32021838	204090	32021838	32021838	32021838	32021838	32021838	32021838	32021838	32021838
CORE_SEARCH_CANDIDATE	emfl050_5_5	0	0	106900	18446744073709551615	0.021375
CORE_SEARCH_CANDIDATE	emfl050_5_5	0	1	106900	18446744073709551615	0.038646
CORE_SEARCH_CANDIDATE	emfl050_5_5	0	2	106900	18446744073709551615	0.069670
CORE_SEARCH_CANDIDATE	emfl050_5_5	0	3	106900	18446744073709551615	0.045602
CORE_SEARCH_CANDIDATE	emfl050_5_5	0	4	106900	18446744073709551615	0.057332
CORE_SEARCH_CANDIDATE	emfl050_5_5	0	5	106900	18446744073709551615	0.070680
CORE_SEARCH_CANDIDATE	emfl050_5_5	1	0	136700	18446744073709551615	0.017830
CORE_SEARCH_CANDIDATE	emfl050_5_5	1	1	136700	18446744073709551615	0.035727
CORE_SEARCH_CANDIDATE	emfl050_5_5	1	2	136700	18446744073709551615	0.055451
CORE_SEARCH_CANDIDATE	emfl050_5_5	1	3	136700	18446744073709551615	0.026686
CORE_SEARCH_CANDIDATE	emfl050_5_5	1	4	136700	18446744073709551615	0.053605
CORE_SEARCH_CANDIDATE	emfl050_5_5	1	5	136700	18446744073709551615	0.067875
CORE_SEARCH_ROW	emfl050_5_5	13175	32300	155400	155400	38550	155400	155400	155400	155400	155400	155400	155400	155400
CORE_SEARCH_ROW	transswitch2383wpr	59853	277562	3946309	3861509	332327	3861509	3861509	3861509	3861509	3861509	3861509	3861509	3861509
CORE_SEARCH_CANDIDATE	chimera_lga-01	0	0	1499953	617992	0.011273
CORE_SEARCH_CANDIDATE	chimera_lga-01	0	1	1499953	606105	0.022108
CORE_SEARCH_CANDIDATE	chimera_lga-01	0	2	1499953	605985	0.034036
CORE_SEARCH_CANDIDATE	chimera_lga-01	0	3	1499953	615246	0.021611
CORE_SEARCH_CANDIDATE	chimera_lga-01	0	4	1499953	637713	0.025518
CORE_SEARCH_CANDIDATE	chimera_lga-01	0	5	1499953	620439	0.041045
CORE_SEARCH_CANDIDATE	chimera_lga-01	1	0	1284744	683816	0.011214
CORE_SEARCH_CANDIDATE	chimera_lga-01	1	1	1284744	629960	0.019782
CORE_SEARCH_CANDIDATE	chimera_lga-01	1	2	1284744	629960	0.031134
CORE_SEARCH_CANDIDATE	chimera_lga-01	1	3	1284744	623879	0.019682
CORE_SEARCH_CANDIDATE	chimera_lga-01	1	4	1284744	653830	0.025331
CORE_SEARCH_CANDIDATE	chimera_lga-01	1	5	1284744	589752	0.041650
CORE_SEARCH_ROW	chimera_lga-01	1120	6400	668019	497101	15989	497101	497101	497101	497101	497101	497101	497101	497101
CORE_SEARCH_CANDIDATE	gasprod_sarawak16	0	0	183616	200463	0.009270
CORE_SEARCH_CANDIDATE	gasprod_sarawak16	0	1	183616	200509	0.020617
CORE_SEARCH_CANDIDATE	gasprod_sarawak16	0	2	183616	18446744073709551615	0.036002
CORE_SEARCH_CANDIDATE	gasprod_sarawak16	0	3	183616	200451	0.022898
CORE_SEARCH_CANDIDATE	gasprod_sarawak16	0	4	183616	18446744073709551615	0.026123
CORE_SEARCH_CANDIDATE	gasprod_sarawak16	0	5	183616	18446744073709551615	0.036191
CORE_SEARCH_CANDIDATE	gasprod_sarawak16	1	0	184091	203299	0.013800
CORE_SEARCH_CANDIDATE	gasprod_sarawak16	1	1	184091	203274	0.026157
CORE_SEARCH_CANDIDATE	gasprod_sarawak16	1	2	184091	18446744073709551615	0.034087
CORE_SEARCH_CANDIDATE	gasprod_sarawak16	1	3	184091	203474	0.026354
CORE_SEARCH_CANDIDATE	gasprod_sarawak16	1	4	184091	18446744073709551615	0.024267
CORE_SEARCH_CANDIDATE	gasprod_sarawak16	1	5	184091	18446744073709551615	0.034254
CORE_SEARCH_ROW	gasprod_sarawak16	4596	15316	213850	196064	22604	196064	196064	196064	196064	196064	196064	196064	196064
CORE_SEARCH_ROW	crudeoil_lee4_09	15904	101792	208785578	130655525	559733	130655525	130655525	130655525	130655525	130655525	130655525	130655525	130655525
CORE_SEARCH_ROW	arki0013	44909	160172	390472987	157005417	695571	157005417	157005417	157005417	157005417	157005417	157005417	157005417	157005417
CORE_SEARCH_CANDIDATE	st_m1	0	0	506	18446744073709551615	0.016381
CORE_SEARCH_CANDIDATE	st_m1	0	1	506	18446744073709551615	0.032999
CORE_SEARCH_CANDIDATE	st_m1	0	2	506	18446744073709551615	0.048873
CORE_SEARCH_CANDIDATE	st_m1	0	3	506	18446744073709551615	0.032247
CORE_SEARCH_CANDIDATE	st_m1	0	4	506	18446744073709551615	0.032311
CORE_SEARCH_CANDIDATE	st_m1	0	5	506	18446744073709551615	0.048354
CORE_SEARCH_ROW	st_m1	42	432	3097	3097	313	3097	3097	3097	3097	3097	3097	3097	3097
CORE_SEARCH_CANDIDATE	mpbp_47	0	0	643626	18446744073709551615	0.012070
CORE_SEARCH_CANDIDATE	mpbp_47	0	1	643626	18446744073709551615	0.024669
CORE_SEARCH_CANDIDATE	mpbp_47	0	2	643626	18446744073709551615	0.035754
CORE_SEARCH_CANDIDATE	mpbp_47	0	3	643626	18446744073709551615	0.021834
CORE_SEARCH_CANDIDATE	mpbp_47	0	4	643626	18446744073709551615	0.034395
CORE_SEARCH_CANDIDATE	mpbp_47	0	5	643626	18446744073709551615	0.049538
CORE_SEARCH_CANDIDATE	mpbp_47	1	0	700623	18446744073709551615	0.014693
CORE_SEARCH_CANDIDATE	mpbp_47	1	1	700623	18446744073709551615	0.024870
CORE_SEARCH_CANDIDATE	mpbp_47	1	2	700623	18446744073709551615	0.032684
CORE_SEARCH_CANDIDATE	mpbp_47	1	3	700623	18446744073709551615	0.016169
CORE_SEARCH_CANDIDATE	mpbp_47	1	4	700623	18446744073709551615	0.034829
CORE_SEARCH_CANDIDATE	mpbp_47	1	5	700623	18446744073709551615	0.049565
CORE_SEARCH_ROW	mpbp_47	5310	17098	730624	652248	30546	652248	652248	652248	652248	652248	652248	652248	652248
CORE_SEARCH_CANDIDATE	rsyn0815m	0	0	5948	18446744073709551615	0.021369
CORE_SEARCH_CANDIDATE	rsyn0815m	0	1	5948	18446744073709551615	0.043733
CORE_SEARCH_CANDIDATE	rsyn0815m	0	2	5948	18446744073709551615	0.066160
CORE_SEARCH_CANDIDATE	rsyn0815m	0	3	5948	18446744073709551615	0.044019
CORE_SEARCH_CANDIDATE	rsyn0815m	0	4	5948	18446744073709551615	0.044725
CORE_SEARCH_CANDIDATE	rsyn0815m	0	5	5948	18446744073709551615	0.065848
CORE_SEARCH_CANDIDATE	rsyn0815m	1	0	6727	9831	0.021686
CORE_SEARCH_CANDIDATE	rsyn0815m	1	1	6727	9877	0.043233
CORE_SEARCH_CANDIDATE	rsyn0815m	1	2	6727	9850	0.064698
CORE_SEARCH_CANDIDATE	rsyn0815m	1	3	6727	9852	0.043648
CORE_SEARCH_CANDIDATE	rsyn0815m	1	4	6727	9864	0.046572
CORE_SEARCH_CANDIDATE	rsyn0815m	1	5	6727	9854	0.070241
CORE_SEARCH_ROW	rsyn0815m	821	2242	8260	7745	2365	7745	7745	7745	7745	7745	7745	7745	7745
CORE_SEARCH_CANDIDATE	arki0016	0	0	795299	18446744073709551615	0.011467
CORE_SEARCH_CANDIDATE	arki0016	0	1	795299	18446744073709551615	0.021234
CORE_SEARCH_CANDIDATE	arki0016	0	2	795299	18446744073709551615	0.021463
CORE_SEARCH_CANDIDATE	arki0016	0	3	795299	18446744073709551615	0.025175
CORE_SEARCH_CANDIDATE	arki0016	0	4	795299	18446744073709551615	0.031205
CORE_SEARCH_CANDIDATE	arki0016	0	5	795299	18446744073709551615	0.042713
CORE_SEARCH_CANDIDATE	arki0016	1	0	765474	18446744073709551615	0.014415
CORE_SEARCH_CANDIDATE	arki0016	1	1	765474	18446744073709551615	0.022364
CORE_SEARCH_CANDIDATE	arki0016	1	2	765474	18446744073709551615	0.022563
CORE_SEARCH_CANDIDATE	arki0016	1	3	765474	18446744073709551615	0.016724
CORE_SEARCH_CANDIDATE	arki0016	1	4	765474	18446744073709551615	0.023100
CORE_SEARCH_CANDIDATE	arki0016	1	5	765474	18446744073709551615	0.031798
CORE_SEARCH_ROW	arki0016	7993	37208	878890	835803	47535	835803	835803	835803	835803	835803	835803	835803	835803
CORE_SEARCH_ROW	st_glmp_ss2	18	48	121	121	45	121	121	121	121	121	121	121	121
CORE_SEARCH_CANDIDATE	rsyn0810m02hfsg	0	0	28741	18446744073709551615	0.015649
CORE_SEARCH_CANDIDATE	rsyn0810m02hfsg	0	1	28741	35983	0.031500
CORE_SEARCH_CANDIDATE	rsyn0810m02hfsg	0	2	28741	35983	0.051596
CORE_SEARCH_CANDIDATE	rsyn0810m02hfsg	0	3	28741	35983	0.034943
CORE_SEARCH_CANDIDATE	rsyn0810m02hfsg	0	4	28741	18446744073709551615	0.024367
CORE_SEARCH_CANDIDATE	rsyn0810m02hfsg	0	5	28741	18446744073709551615	0.024398
CORE_SEARCH_CANDIDATE	rsyn0810m02hfsg	1	0	41562	39281	0.009900
CORE_SEARCH_CANDIDATE	rsyn0810m02hfsg	1	1	41562	39310	0.025036
CORE_SEARCH_CANDIDATE	rsyn0810m02hfsg	1	2	41562	39224	0.053561
CORE_SEARCH_CANDIDATE	rsyn0810m02hfsg	1	3	41562	39376	0.039151
CORE_SEARCH_CANDIDATE	rsyn0810m02hfsg	1	4	41562	39307	0.019776
CORE_SEARCH_CANDIDATE	rsyn0810m02hfsg	1	5	41562	39321	0.044005
CORE_SEARCH_ROW	rsyn0810m02hfsg	2670	6964	36862	34753	8593	34753	34753	34753	34753	34753	34753	34753	34753
CORE_SEARCH_CANDIDATE	pointpack06	0	0	1413	18446744073709551615	0.019135
CORE_SEARCH_CANDIDATE	pointpack06	0	1	1413	18446744073709551615	0.038111
CORE_SEARCH_CANDIDATE	pointpack06	0	2	1413	18446744073709551615	0.057661
CORE_SEARCH_CANDIDATE	pointpack06	0	3	1413	18446744073709551615	0.038496
CORE_SEARCH_CANDIDATE	pointpack06	0	4	1413	18446744073709551615	0.043296
CORE_SEARCH_CANDIDATE	pointpack06	0	5	1413	18446744073709551615	0.065067
CORE_SEARCH_CANDIDATE	pointpack06	1	0	1473	18446744073709551615	0.020597
CORE_SEARCH_CANDIDATE	pointpack06	1	1	1473	18446744073709551615	0.040942
CORE_SEARCH_CANDIDATE	pointpack06	1	2	1473	18446744073709551615	0.061204
CORE_SEARCH_CANDIDATE	pointpack06	1	3	1473	18446744073709551615	0.040993
CORE_SEARCH_CANDIDATE	pointpack06	1	4	1473	18446744073709551615	0.054842
CORE_SEARCH_CANDIDATE	pointpack06	1	5	1473	18446744073709551615	0.082567
CORE_SEARCH_ROW	pointpack06	55	276	1497	1497	241	1497	1497	1497	1497	1497	1497	1497	1497
CORE_SEARCH_CANDIDATE	syn40m04hfsg	0	0	60681	18446744073709551615	0.012663
CORE_SEARCH_CANDIDATE	syn40m04hfsg	0	1	60681	18446744073709551615	0.020232
CORE_SEARCH_CANDIDATE	syn40m04hfsg	0	2	60681	18446744073709551615	0.052047
CORE_SEARCH_CANDIDATE	syn40m04hfsg	0	3	60681	18446744073709551615	0.040403
CORE_SEARCH_CANDIDATE	syn40m04hfsg	0	4	60681	18446744073709551615	0.036925
CORE_SEARCH_CANDIDATE	syn40m04hfsg	0	5	60681	18446744073709551615	0.050851
CORE_SEARCH_CANDIDATE	syn40m04hfsg	1	0	59401	77884	0.017090
CORE_SEARCH_CANDIDATE	syn40m04hfsg	1	1	59401	77884	0.035651
CORE_SEARCH_CANDIDATE	syn40m04hfsg	1	2	59401	77884	0.058219
CORE_SEARCH_CANDIDATE	syn40m04hfsg	1	3	59401	18446744073709551615	0.031596
CORE_SEARCH_CANDIDATE	syn40m04hfsg	1	4	59401	18446744073709551615	0.033738
CORE_SEARCH_CANDIDATE	syn40m04hfsg	1	5	59401	18446744073709551615	0.048243
CORE_SEARCH_ROW	syn40m04hfsg	6328	16896	76232	73685	18919	73685	73685	73685	73685	73685	73685	73685	73685
CORE_SEARCH_CANDIDATE	clay0304m	0	0	2006	18446744073709551615	0.023531
CORE_SEARCH_CANDIDATE	clay0304m	0	1	2006	18446744073709551615	0.047303
CORE_SEARCH_CANDIDATE	clay0304m	0	2	2006	18446744073709551615	0.071097
CORE_SEARCH_CANDIDATE	clay0304m	0	3	2006	18446744073709551615	0.047173
CORE_SEARCH_CANDIDATE	clay0304m	0	4	2006	18446744073709551615	0.052883
CORE_SEARCH_CANDIDATE	clay0304m	0	5	2006	18446744073709551615	0.079352
CORE_SEARCH_ROW	clay0304m	258	840	2742	2742	798	2742	2742	2742	2742	2742	2742	2742	2742
CORE_SEARCH_CANDIDATE	pooling_foulds5pq	0	0	150937	18446744073709551615	0.008284
CORE_SEARCH_CANDIDATE	pooling_foulds5pq	0	1	150937	18446744073709551615	0.022662
CORE_SEARCH_CANDIDATE	pooling_foulds5pq	0	2	150937	18446744073709551615	0.037113
CORE_SEARCH_CANDIDATE	pooling_foulds5pq	0	3	150937	18446744073709551615	0.022892
CORE_SEARCH_CANDIDATE	pooling_foulds5pq	0	4	150937	18446744073709551615	0.022574
CORE_SEARCH_CANDIDATE	pooling_foulds5pq	0	5	150937	18446744073709551615	0.035046
CORE_SEARCH_CANDIDATE	pooling_foulds5pq	1	0	151261	18446744073709551615	0.008774
CORE_SEARCH_CANDIDATE	pooling_foulds5pq	1	1	151261	18446744073709551615	0.022297
CORE_SEARCH_CANDIDATE	pooling_foulds5pq	1	2	151261	18446744073709551615	0.035004
CORE_SEARCH_CANDIDATE	pooling_foulds5pq	1	3	151261	18446744073709551615	0.022449
CORE_SEARCH_CANDIDATE	pooling_foulds5pq	1	4	151261	18446744073709551615	0.023036
CORE_SEARCH_CANDIDATE	pooling_foulds5pq	1	5	151261	18446744073709551615	0.035382
CORE_SEARCH_ROW	pooling_foulds5pq	1218	8300	159641	159641	9583	159641	159641	159641	159641	159641	159641	159641	159641
CORE_SEARCH_CANDIDATE	clay0305hfsg	0	0	8265	18446744073709551615	0.017885
CORE_SEARCH_CANDIDATE	clay0305hfsg	0	1	8265	18446744073709551615	0.037423
CORE_SEARCH_CANDIDATE	clay0305hfsg	0	2	8265	18446744073709551615	0.057541
CORE_SEARCH_CANDIDATE	clay0305hfsg	0	3	8265	18446744073709551615	0.037856
CORE_SEARCH_CANDIDATE	clay0305hfsg	0	4	8265	18446744073709551615	0.039973
CORE_SEARCH_CANDIDATE	clay0305hfsg	0	5	8265	18446744073709551615	0.060155
CORE_SEARCH_CANDIDATE	clay0305hfsg	1	0	9235	12873	0.018127
CORE_SEARCH_CANDIDATE	clay0305hfsg	1	1	9235	12860	0.036912
CORE_SEARCH_CANDIDATE	clay0305hfsg	1	2	9235	12860	0.055840
CORE_SEARCH_CANDIDATE	clay0305hfsg	1	3	9235	12860	0.037005
CORE_SEARCH_CANDIDATE	clay0305hfsg	1	4	9235	12860	0.039736
CORE_SEARCH_CANDIDATE	clay0305hfsg	1	5	9235	12860	0.059783
CORE_SEARCH_ROW	clay0305hfsg	1000	2910	12260	11240	3160	11240	11240	11240	11240	11240	11240	11240	11240
CORE_SEARCH_CANDIDATE	st_test8	0	0	1884	18446744073709551615	0.025719
CORE_SEARCH_CANDIDATE	st_test8	0	1	1884	18446744073709551615	0.051746
CORE_SEARCH_CANDIDATE	st_test8	0	2	1884	18446744073709551615	0.077322
CORE_SEARCH_CANDIDATE	st_test8	0	3	1884	18446744073709551615	0.051901
CORE_SEARCH_CANDIDATE	st_test8	0	4	1884	18446744073709551615	0.072357
CORE_SEARCH_CANDIDATE	st_test8	0	5	1884	18446744073709551615	0.108261
CORE_SEARCH_CANDIDATE	st_test8	1	0	1290	18446744073709551615	0.017715
CORE_SEARCH_CANDIDATE	st_test8	1	1	1290	18446744073709551615	0.035203
CORE_SEARCH_CANDIDATE	st_test8	1	2	1290	18446744073709551615	0.052730
CORE_SEARCH_CANDIDATE	st_test8	1	3	1290	18446744073709551615	0.035158
CORE_SEARCH_CANDIDATE	st_test8	1	4	1290	18446744073709551615	0.039155
CORE_SEARCH_CANDIDATE	st_test8	1	5	1290	18446744073709551615	0.058675
CORE_SEARCH_ROW	st_test8	64	232	2343	1964	316	1964	1964	1964	1964	1964	1964	1964	1964
CORE_SEARCH_ROW	gams05	17364	252910	6179750712	3259322396	3290984	3259322396	3259322396	3259322396	3259322396	3259322396	3259322396	3259322396	3259322396
CORE_SEARCH_ROW	sporttournament08	31	156	862	862	154	862	862	862	862	862	862	862	862
CORE_SEARCH_CANDIDATE	powerflow0030p	0	0	22910	24566	0.016005
CORE_SEARCH_CANDIDATE	powerflow0030p	0	1	22910	24566	0.034218
CORE_SEARCH_CANDIDATE	powerflow0030p	0	2	22910	24566	0.052276
CORE_SEARCH_CANDIDATE	powerflow0030p	0	3	22910	24631	0.034342
CORE_SEARCH_CANDIDATE	powerflow0030p	0	4	22910	24605	0.035016
CORE_SEARCH_CANDIDATE	powerflow0030p	0	5	22910	24598	0.054062
CORE_SEARCH_CANDIDATE	powerflow0030p	1	0	21649	25339	0.016581
CORE_SEARCH_CANDIDATE	powerflow0030p	1	1	21649	25339	0.034118
CORE_SEARCH_CANDIDATE	powerflow0030p	1	2	21649	25339	0.051928
CORE_SEARCH_CANDIDATE	powerflow0030p	1	3	21649	25339	0.034536
CORE_SEARCH_CANDIDATE	powerflow0030p	1	4	21649	25339	0.036770
CORE_SEARCH_CANDIDATE	powerflow0030p	1	5	21649	25339	0.054419
CORE_SEARCH_ROW	powerflow0030p	1121	4194	24944	23642	4378	23642	23642	23642	23642	23642	23642	23642	23642
CORE_SEARCH_ROW	popdynm200	22407	105584	2567878	2436690	185112	2436690	2436690	2436690	2436690	2436690	2436690	2436690	2436690
CORE_SEARCH_ROW	mpbp_35	11120	40790	3037207	976558	63274	976558	976558	976558	976558	976558	976558	976558	976558
CORE_SEARCH_CANDIDATE	syn30m02m	0	0	9969	18446744073709551615	0.019645
CORE_SEARCH_CANDIDATE	syn30m02m	0	1	9969	18446744073709551615	0.034187
CORE_SEARCH_CANDIDATE	syn30m02m	0	2	9969	18446744073709551615	0.054320
CORE_SEARCH_CANDIDATE	syn30m02m	0	3	9969	18446744073709551615	0.034200
CORE_SEARCH_CANDIDATE	syn30m02m	0	4	9969	18446744073709551615	0.034895
CORE_SEARCH_CANDIDATE	syn30m02m	0	5	9969	18446744073709551615	0.053107
CORE_SEARCH_CANDIDATE	syn30m02m	1	0	12637	18850	0.016960
CORE_SEARCH_CANDIDATE	syn30m02m	1	1	12637	18850	0.035326
CORE_SEARCH_CANDIDATE	syn30m02m	1	2	12637	18841	0.054801
CORE_SEARCH_CANDIDATE	syn30m02m	1	3	12637	18841	0.036951
CORE_SEARCH_CANDIDATE	syn30m02m	1	4	12637	18841	0.037899
CORE_SEARCH_CANDIDATE	syn30m02m	1	5	12637	18841	0.055839
CORE_SEARCH_ROW	syn30m02m	1492	3936	13752	13455	4221	13455	13455	13455	13455	13455	13455	13455	13455
CORE_SEARCH_CANDIDATE	wastewater13m1	0	0	60008	18446744073709551615	0.013527
CORE_SEARCH_CANDIDATE	wastewater13m1	0	1	60008	18446744073709551615	0.029071
CORE_SEARCH_CANDIDATE	wastewater13m1	0	2	60008	18446744073709551615	0.044703
CORE_SEARCH_CANDIDATE	wastewater13m1	0	3	60008	18446744073709551615	0.029530
CORE_SEARCH_CANDIDATE	wastewater13m1	0	4	60008	18446744073709551615	0.030896
CORE_SEARCH_CANDIDATE	wastewater13m1	0	5	60008	18446744073709551615	0.046912
CORE_SEARCH_CANDIDATE	wastewater13m1	1	0	58324	18446744073709551615	0.016137
CORE_SEARCH_CANDIDATE	wastewater13m1	1	1	58324	18446744073709551615	0.032933
CORE_SEARCH_CANDIDATE	wastewater13m1	1	2	58324	18446744073709551615	0.050363
CORE_SEARCH_CANDIDATE	wastewater13m1	1	3	58324	18446744073709551615	0.032870
CORE_SEARCH_CANDIDATE	wastewater13m1	1	4	58324	18446744073709551615	0.037944
CORE_SEARCH_CANDIDATE	wastewater13m1	1	5	58324	18446744073709551615	0.055805
CORE_SEARCH_ROW	wastewater13m1	481	3252	60135	60068	3560	60068	60068	60068	60068	60068	60068	60068	60068
CORE_SEARCH_CANDIDATE	syn40hfsg	0	0	5959	18446744073709551615	0.017732
CORE_SEARCH_CANDIDATE	syn40hfsg	0	1	5959	18446744073709551615	0.037859
CORE_SEARCH_CANDIDATE	syn40hfsg	0	2	5959	18446744073709551615	0.058418
CORE_SEARCH_CANDIDATE	syn40hfsg	0	3	5959	18446744073709551615	0.037965
CORE_SEARCH_CANDIDATE	syn40hfsg	0	4	5959	18446744073709551615	0.039594
CORE_SEARCH_CANDIDATE	syn40hfsg	0	5	5959	18446744073709551615	0.059760
CORE_SEARCH_CANDIDATE	syn40hfsg	1	0	5927	9422	0.018126
CORE_SEARCH_CANDIDATE	syn40hfsg	1	1	5927	9422	0.038662
CORE_SEARCH_CANDIDATE	syn40hfsg	1	2	5927	9408	0.059035
CORE_SEARCH_CANDIDATE	syn40hfsg	1	3	5927	9415	0.038695
CORE_SEARCH_CANDIDATE	syn40hfsg	1	4	5927	9450	0.039470
CORE_SEARCH_CANDIDATE	syn40hfsg	1	5	5927	9415	0.061111
CORE_SEARCH_ROW	syn40hfsg	1022	2624	8432	8155	2807	8155	8155	8155	8155	8155	8155	8155	8155
CORE_SEARCH_CANDIDATE	sep1	0	0	891	1140	0.024172
CORE_SEARCH_CANDIDATE	sep1	0	1	891	1140	0.048117
CORE_SEARCH_CANDIDATE	sep1	0	2	891	1140	0.071692
CORE_SEARCH_CANDIDATE	sep1	0	3	891	1140	0.047509
CORE_SEARCH_CANDIDATE	sep1	0	4	891	1140	0.063351
CORE_SEARCH_CANDIDATE	sep1	0	5	891	1140	0.095076
CORE_SEARCH_CANDIDATE	sep1	1	0	877	1153	0.023658
CORE_SEARCH_CANDIDATE	sep1	1	1	877	1153	0.047086
CORE_SEARCH_CANDIDATE	sep1	1	2	877	1153	0.070486
CORE_SEARCH_CANDIDATE	sep1	1	3	877	1153	0.047073
CORE_SEARCH_CANDIDATE	sep1	1	4	877	1153	0.062703
CORE_SEARCH_CANDIDATE	sep1	1	5	877	1153	0.093275
CORE_SEARCH_ROW	sep1	69	206	1097	1047	249	1047	1047	1047	1047	1047	1047	1047	1047
CORE_SEARCH_CANDIDATE	syn30m03m	0	0	20816	18446744073709551615	0.018420
CORE_SEARCH_CANDIDATE	syn30m03m	0	1	20816	18446744073709551615	0.027395
CORE_SEARCH_CANDIDATE	syn30m03m	0	2	20816	18446744073709551615	0.034692
CORE_SEARCH_CANDIDATE	syn30m03m	0	3	20816	18446744073709551615	0.036552
CORE_SEARCH_CANDIDATE	syn30m03m	0	4	20816	18446744073709551615	0.016142
CORE_SEARCH_CANDIDATE	syn30m03m	0	5	20816	18446744073709551615	0.035419
CORE_SEARCH_CANDIDATE	syn30m03m	1	0	21744	18446744073709551615	0.008867
CORE_SEARCH_CANDIDATE	syn30m03m	1	1	21744	18446744073709551615	0.029992
CORE_SEARCH_CANDIDATE	syn30m03m	1	2	21744	29398	0.036999
CORE_SEARCH_CANDIDATE	syn30m03m	1	3	21744	18446744073709551615	0.035159
CORE_SEARCH_CANDIDATE	syn30m03m	1	4	21744	29398	0.028658
CORE_SEARCH_CANDIDATE	syn30m03m	1	5	21744	29389	0.044309
CORE_SEARCH_ROW	syn30m03m	2508	6804	26806	26552	7404	26552	26552	26552	26552	26552	26552	26552	26552
CORE_SEARCH_ROW	st_qpc-m3a	30	304	2330	1574	182	1574	1574	1574	1574	1574	1574	1574	1574
CORE_SEARCH_CANDIDATE	crudeoil_pooling_ct3	0	0	858918	18446744073709551615	0.010291
CORE_SEARCH_CANDIDATE	crudeoil_pooling_ct3	0	1	858918	18446744073709551615	0.010809
CORE_SEARCH_CANDIDATE	crudeoil_pooling_ct3	0	2	858918	18446744073709551615	0.021749
CORE_SEARCH_CANDIDATE	crudeoil_pooling_ct3	0	3	858918	18446744073709551615	0.011146
CORE_SEARCH_CANDIDATE	crudeoil_pooling_ct3	0	4	858918	18446744073709551615	0.010999
CORE_SEARCH_CANDIDATE	crudeoil_pooling_ct3	0	5	858918	18446744073709551615	0.025479
CORE_SEARCH_CANDIDATE	crudeoil_pooling_ct3	1	0	1075593	966912	0.011809
CORE_SEARCH_CANDIDATE	crudeoil_pooling_ct3	1	1	1075593	949692	0.017878
CORE_SEARCH_CANDIDATE	crudeoil_pooling_ct3	1	2	1075593	959556	0.031677
CORE_SEARCH_CANDIDATE	crudeoil_pooling_ct3	1	3	1075593	966571	0.022074
CORE_SEARCH_CANDIDATE	crudeoil_pooling_ct3	1	4	1075593	18446744073709551615	0.017777
CORE_SEARCH_CANDIDATE	crudeoil_pooling_ct3	1	5	1075593	18446744073709551615	0.031946
CORE_SEARCH_ROW	crudeoil_pooling_ct3	2644	11426	1381490	866223	26611	866223	866223	866223	866223	866223	866223	866223	866223
CORE_SEARCH_CANDIDATE	space25a	0	0	25738	18446744073709551615	0.017217
CORE_SEARCH_CANDIDATE	space25a	0	1	25738	18446744073709551615	0.035678
CORE_SEARCH_CANDIDATE	space25a	0	2	25738	18446744073709551615	0.055196
CORE_SEARCH_CANDIDATE	space25a	0	3	25738	18446744073709551615	0.035905
CORE_SEARCH_CANDIDATE	space25a	0	4	25738	18446744073709551615	0.039072
CORE_SEARCH_CANDIDATE	space25a	0	5	25738	18446744073709551615	0.059393
CORE_SEARCH_CANDIDATE	space25a	1	0	27518	29309	0.016314
CORE_SEARCH_CANDIDATE	space25a	1	1	27518	29309	0.033434
CORE_SEARCH_CANDIDATE	space25a	1	2	27518	29309	0.051643
CORE_SEARCH_CANDIDATE	space25a	1	3	27518	18446744073709551615	0.033727
CORE_SEARCH_CANDIDATE	space25a	1	4	27518	18446744073709551615	0.036535
CORE_SEARCH_CANDIDATE	space25a	1	5	27518	18446744073709551615	0.055215
CORE_SEARCH_ROW	space25a	634	3246	29078	27875	3349	27875	27875	27875	27875	27875	27875	27875	27875
CORE_SEARCH_ROW	autocorr_bern20-15	23	394	2784	2784	220	2784	2784	2784	2784	2784	2784	2784	2784
CORE_SEARCH_CANDIDATE	ex7_2_1	0	0	285	18446744073709551615	0.021940
CORE_SEARCH_CANDIDATE	ex7_2_1	0	1	285	18446744073709551615	0.043895
CORE_SEARCH_CANDIDATE	ex7_2_1	0	2	285	18446744073709551615	0.064930
CORE_SEARCH_CANDIDATE	ex7_2_1	0	3	285	18446744073709551615	0.043333
CORE_SEARCH_CANDIDATE	ex7_2_1	0	4	285	18446744073709551615	0.052396
CORE_SEARCH_CANDIDATE	ex7_2_1	0	5	285	18446744073709551615	0.078635
CORE_SEARCH_ROW	ex7_2_1	35	134	352	341	103	341	341	341	341	341	341	341	341
CORE_SEARCH_CANDIDATE	hydroenergy2	0	0	1238340	77912	0.016597
CORE_SEARCH_CANDIDATE	hydroenergy2	0	1	1238340	77232	0.031644
CORE_SEARCH_CANDIDATE	hydroenergy2	0	2	1238340	72438	0.043475
CORE_SEARCH_CANDIDATE	hydroenergy2	0	3	1238340	77966	0.035808
CORE_SEARCH_CANDIDATE	hydroenergy2	0	4	1238340	75833	0.033077
CORE_SEARCH_CANDIDATE	hydroenergy2	0	5	1238340	77388	0.045643
CORE_SEARCH_CANDIDATE	hydroenergy2	1	0	52010	18446744073709551615	0.017646
CORE_SEARCH_CANDIDATE	hydroenergy2	1	1	52010	18446744073709551615	0.031784
CORE_SEARCH_CANDIDATE	hydroenergy2	1	2	52010	18446744073709551615	0.045038
CORE_SEARCH_CANDIDATE	hydroenergy2	1	3	52010	18446744073709551615	0.032995
CORE_SEARCH_CANDIDATE	hydroenergy2	1	4	52010	18446744073709551615	0.024383
CORE_SEARCH_CANDIDATE	hydroenergy2	1	5	52010	18446744073709551615	0.042911
CORE_SEARCH_ROW	hydroenergy2	2092	6236	69051	56014	8284	56014	56014	56014	56014	56014	56014	56014	56014
CORE_SEARCH_ROW	pooling_digabel19	514	5340	325989	274903	8765	274903	274903	274903	274903	274903	274903	274903	274903
CORE_SEARCH_CANDIDATE	clay0203m	0	0	967	18446744073709551615	0.024641
CORE_SEARCH_CANDIDATE	clay0203m	0	1	967	18446744073709551615	0.048951
CORE_SEARCH_CANDIDATE	clay0203m	0	2	967	18446744073709551615	0.073540
CORE_SEARCH_CANDIDATE	clay0203m	0	3	967	18446744073709551615	0.048983
CORE_SEARCH_CANDIDATE	clay0203m	0	4	967	18446744073709551615	0.062166
CORE_SEARCH_CANDIDATE	clay0203m	0	5	967	18446744073709551615	0.092773
CORE_SEARCH_ROW	clay0203m	132	420	1348	1348	402	1348	1348	1348	1348	1348	1348	1348	1348
CORE_SEARCH_CANDIDATE	squfl030-150	0	0	194105	18446744073709551615	0.026957
CORE_SEARCH_CANDIDATE	squfl030-150	0	1	194105	18446744073709551615	0.039837
CORE_SEARCH_CANDIDATE	squfl030-150	0	2	194105	18446744073709551615	0.052224
CORE_SEARCH_CANDIDATE	squfl030-150	0	3	194105	18446744073709551615	0.020009
CORE_SEARCH_CANDIDATE	squfl030-150	0	4	194105	18446744073709551615	0.053062
CORE_SEARCH_CANDIDATE	squfl030-150	0	5	194105	18446744073709551615	0.065816
CORE_SEARCH_CANDIDATE	squfl030-150	1	0	234605	18446744073709551615	0.043106
CORE_SEARCH_CANDIDATE	squfl030-150	1	1	234605	18446744073709551615	0.080614
CORE_SEARCH_CANDIDATE	squfl030-150	1	2	234605	18446744073709551615	0.080773
CORE_SEARCH_CANDIDATE	squfl030-150	1	3	234605	18446744073709551615	0.045672
CORE_SEARCH_CANDIDATE	squfl030-150	1	4	234605	18446744073709551615	0.085686
CORE_SEARCH_CANDIDATE	squfl030-150	1	5	234605	18446744073709551615	0.085810
CORE_SEARCH_ROW	squfl030-150	13680	36000	252605	252605	41115	252605	252605	252605	252605	252605	252605	252605	252605
CORE_SEARCH_TOTAL arm=0 score=0.791635371701 wins=0 seconds=5.787117 max=0.108446
CORE_SEARCH_TOTAL arm=1 score=0.791373969115 wins=2 seconds=10.929286 max=0.120452
CORE_SEARCH_TOTAL arm=2 score=0.791317724103 wins=1 seconds=16.207036 max=0.156732
CORE_SEARCH_TOTAL arm=3 score=0.791323657065 wins=1 seconds=10.877572 max=0.107624
CORE_SEARCH_TOTAL arm=4 score=0.791635371701 wins=0 seconds=12.551660 max=0.138748
CORE_SEARCH_TOTAL arm=5 score=0.791635371701 wins=0 seconds=18.498847 max=0.194009
CORE_SEARCH_TOTAL arm=6 score=0.791310272024 wins=2 seconds=74.851518 max=0.741013
CORE_SEARCH_TOTAL arm=7 score=0.791309416602 wins=2 seconds=74.856834 max=0.741013
