# cmd: for P,A16,A22: env SSI_INDEP_FORCE=1 [SSI_TERM_CLASS_N=N] taskset -c 0-3 cargo test --release -p ssi-candidate-worker -- --ignored --nocapture --test-threads=1 probe_timing_and_score
############ ARM P : env SSI_INDEP_FORCE=1
warning: unused doc comment
    --> candidate-worker/src/../../src/ordering/mod.rs:1223:1
     |
1223 | / /// TEST-ONLY sweep switch for the mid-size `rgreedy` stream opened by the 0154
1224 | | /// engine census. Returns `(ops_budget, gate_variant, stream_count)`; a zero
1225 | | /// budget disables the stream, which is what production compiles to — the
1226 | | /// switch can never change a submitted ordering. Configured through
1227 | | /// `SSI_MID_ENGINE="<variant>:<budget>[:<streams>]"` so one build can sweep
1228 | | /// several gate/budget points.
     | |_------------------------------^
     |   |
     |   rustdoc does not generate documentation for macro invocations
     |
     = help: to document an item produced by a macro, the macro must produce the documentation as part of its expansion
     = note: `#[warn(unused_doc_comments)]` (part of `#[warn(unused)]`) on by default

warning: unused doc comment
    --> candidate-worker/src/../../src/ordering/mod.rs:1491:1
     |
1491 | / /// TEST-ONLY kill switch for the heavy-tier arm (metrics + no-dense AMD +
1492 | | /// extra AMF α), so a probe can A/B the arm in one process.
     | |_-----------------------------------------------------------^
     |   |
     |   rustdoc does not generate documentation for macro invocations
     |
     = help: to document an item produced by a macro, the macro must produce the documentation as part of its expansion

warning: unused doc comment
   --> candidate-worker/src/../../src/ordering/parallel.rs:335:1
    |
335 | / /// TEST-ONLY switch forcing every batch onto the sequential path, so a probe
336 | | /// can run the SAME `order()` both ways in one process and compare the
337 | | /// returned permutations element by element. Production builds compile
338 | | /// [`force_sequential`] down to a constant `false`.
    | |_---------------------------------------------------^
    |   |
    |   rustdoc does not generate documentation for macro invocations
    |
    = help: to document an item produced by a macro, the macro must produce the documentation as part of its expansion

warning: unused doc comment
   --> candidate-worker/src/../../src/ordering/parallel.rs:369:1
    |
369 | / /// TEST-ONLY per-phase wall-clock marks: `phase_mark(label, t0)` appends
370 | | /// `(label, secs since t0)`; `phase_take()` drains them. Lets a probe see which
371 | | /// stage of `order()` sets a row's critical path. Never compiled into the
372 | | /// shipped binary.
    | |_------------------^
    |   |
    |   rustdoc does not generate documentation for macro invocations
    |
    = help: to document an item produced by a macro, the macro must produce the documentation as part of its expansion

warning: unused doc comment
    --> candidate-worker/src/../../src/ordering/mod.rs:5154:5
     |
5154 | /     /// ── 0192: the window is the frontier's own chain scope ─────────────────
5155 | |     /// The chain no longer reaches above n = 10 000 (see `PEO_ALT_MAX_N`), so
5156 | |     /// the draw takes over the whole band the chain used to own. Measured on the
5157 | |     /// 300 dev rows: with the window at 50 000 instead of 12 000 the draw adds
...    |
5163 | |     /// spender there), and its worst row is 1.127 s against the frontier's
5164 | |     /// 1.160 s base, so the wide band stays below the frontier's own footprint.
     | |________________________________________________________________________________^
5165 |       #[cfg(test)]
5166 | /     let window_n: usize = std::env::var("SSI_TERM_WIN_N")
5167 | |         .ok()
5168 | |         .and_then(|v| v.trim().parse::<usize>().ok())
5169 | |         .unwrap_or(50_000);
     | |___________________________- rustdoc does not generate documentation for statements
     |
     = help: use `//` for a plain comment

warning: unused doc comment
    --> candidate-worker/src/../../src/ordering/mod.rs:5306:9
     |
5306 | /         /// `nnz < 3n` = the sparse band of the 0184 price law (66 of the 300 dev
5307 | |         /// rows, all of them in-window). Structural, never per-matrix.
     | |_______________________________________________________________________^
5308 | /         let shipped_ladder = || {
5309 | |             if nnz < 3 * n {
5310 | |                 SHIPPED_SPARSE_LADDER.to_vec()
5311 | |             } else {
...    |
5314 | |         };
     | |__________- rustdoc does not generate documentation for statements
     |
     = help: use `//` for a plain comment

warning: variable does not need to be mutable
    --> candidate-worker/src/../../src/ordering/probe.rs:4151:9
     |
4151 |     let mut next = |s: &mut u64| -> u64 {
     |         ----^^^^
     |         |
     |         help: remove this `mut`
     |
     = note: `#[warn(unused_mut)]` (part of `#[warn(unused)]`) on by default

warning: value assigned to `d` is never read
   --> candidate-worker/src/../../src/ordering/rgreedy.rs:397:29
    |
397 |                 let mut d = 0u32;
    |                             ^^^^
    |
    = help: maybe it is overwritten before being read?
    = note: `#[warn(unused_assignments)]` (part of `#[warn(unused)]`) on by default

warning: constant `SUBTREE_MAX_N` is never used
   --> candidate-worker/src/../../src/ordering/mod.rs:855:7
    |
855 | const SUBTREE_MAX_N: usize = 250_000;
    |       ^^^^^^^^^^^^^
    |
    = note: `#[warn(dead_code)]` (part of `#[warn(unused)]`) on by default

warning: function `refine` is never used
  --> candidate-worker/src/../../src/ordering/completion.rs:12:15
   |
12 | pub(super) fn refine(
   |               ^^^^^^

warning: type alias `PermFn` is never used
  --> candidate-worker/src/../../src/ordering/parallel.rs:80:17
   |
80 | pub(crate) type PermFn<'a> = Box<dyn Fn() -> Option<Vec<usize>> + Sync + 'a>;
   |                 ^^^^^^

warning: function `run_perms` is never used
   --> candidate-worker/src/../../src/ordering/parallel.rs:189:15
    |
189 | pub(crate) fn run_perms(
    |               ^^^^^^^^^

warning: function `accept` is never used
   --> candidate-worker/src/../../src/ordering/parallel.rs:314:15
    |
314 | pub(crate) fn accept(results: &mut [CandOut], best_flops: &mut u64, best_perm: &mut Vec<usize>) -> bool {
    |               ^^^^^^

warning: function `minl_is_clique` is never used
   --> candidate-worker/src/../../src/ordering/minl.rs:136:4
    |
136 | fn minl_is_clique(adj: &[Vec<u32>], c: &[u32], ops: &mut i64) -> bool {
    |    ^^^^^^^^^^^^^^

warning: function `minl_try_delete_edge` is never used
   --> candidate-worker/src/../../src/ordering/minl.rs:232:4
    |
232 | fn minl_try_delete_edge(
    |    ^^^^^^^^^^^^^^^^^^^^

warning: function `run_sequential_180` is never used
   --> candidate-worker/src/../../src/ordering/indep_first.rs:632:4
    |
632 | fn run_sequential_180(sp: &ScoringPattern, ledger: u64) -> Option<(u64, Vec<usize>)> {
    |    ^^^^^^^^^^^^^^^^^^

warning: function `reset` is never used
   --> candidate-worker/src/../../src/ordering/mod.rs:557:19
    |
557 |     pub(crate) fn reset() {
    |                   ^^^^^

warning: `ssi-candidate-worker` (bin "ssi-candidate-worker" test) generated 17 warnings (run `cargo fix --bin "ssi-candidate-worker" -p ssi-candidate-worker --tests` to apply 1 suggestion)
    Finished `release` profile [optimized] target(s) in 0.01s
     Running unittests src/main.rs (target/release/deps/ssi_candidate_worker-9bc17c144118ca64)

running 1 test
test ordering::probe::probe_timing_and_score ... LADGATE	357	10000	0.221	1
LIFT	slay06m	357	147	660	147
COUNTS	slay06m	357	1080	4025	4025
LADGATE	401	10000	0.254	1
LIFT	sssd25-08	401	89	640	89
COUNTS	sssd25-08	401	1200	5389	5389
LADGATE	4772	10000	0.621	1
LIFT	rsyn0810m04m	4772	2520	9996	2520
COUNTS	rsyn0810m04m	4772	13836	147553	113250
LIFT	pooling_sppc3pq	23173	12327	872032	12327
COUNTS	pooling_sppc3pq	23173	893724	1153877333	325595394
LADGATE	1131	10000	0.554	1
LIFT	sporttournament48	1131	721	7408	721
COUNTS	sporttournament48	1131	6676	919582	594138
LADGATE	5030	10000	0.424	1
LIFT	pooling_sppa9pq	5030	2509	126346	2509
COUNTS	pooling_sppa9pq	5030	120730	23971280	15130622
LADGATE	1053	10000	0.314	1
LIFT	edgecross10-090	1053	571	4240	571
COUNTS	edgecross10-090	1053	5204	126115	103179
LIFT	maxcsp-ehi-85-297-71	2372	2075	216272	2075
COUNTS	maxcsp-ehi-85-297-71	2372	207996	1381768944	1110971341
LADGATE	30	10000	0.168	1
COUNTS	st_bpaf1a	30	120	623	580
LADGATE	1462	10000	0.478	1
LIFT	risk2bpb	1462	628	4030	628
COUNTS	risk2bpb	1462	5396	118471	66041
LADGATE	255	10000	0.134	1
LIFT	qap	255	225	49148	225
COUNTS	qap	255	43748	3802533	3650113
LADGATE	7252	10000	0.569	1
LIFT	rsyn0830m04m	7252	3744	14872	3744
COUNTS	rsyn0830m04m	7252	20752	212130	171656
LADGATE	1073	10000	0.265	1
LIFT	lop97icx	1073	155	1760	155
COUNTS	lop97icx	1073	2118	79286	64044
LADGATE	1201	10000	0.233	1
LIFT	chain400	1201	800	3196	800
COUNTS	chain400	1201	4796	16382	16382
LADGATE	9532	10000	0.743	1
LIFT	mpbp_07	9532	5704	23110	5704
COUNTS	mpbp_07	9532	30810	1368477	1248947
LADGATE	440	10000	0.338	1
LIFT	sonetgr17	440	317	2712	317
COUNTS	sonetgr17	440	2958	37814	30971
LADGATE	2207	10000	0.582	1
LIFT	p_ball_30b_7p_2d_h	2207	1415	5932	1415
COUNTS	p_ball_30b_7p_2d_h	2207	7516	42456	42319
LADGATE	19995	10000	0.704	0
LIFT	pinene200	19995	15795	89590	15795
COUNTS	pinene200	19995	97990	1358716	1134463
LIFT	unitcommit_200_100_1_mod_8	146830	73272	329560	73272
COUNTS	unitcommit_200_100_1_mod_8	146830	476332	3053940	2981835
LADGATE	123	10000	0.273	1
LIFT	ex8_3_9	123	101	766	101
COUNTS	ex8_3_9	123	834	15050	11503
LADGATE	2486	10000	0.608	1
LIFT	rsyn0820m02m	2486	1364	4808	1364
COUNTS	rsyn0820m02m	2486	6932	38190	35631
LADGATE	293	10000	0.252	1
LIFT	p_ball_10b_5p_2d_m	293	119	716	119
COUNTS	p_ball_10b_5p_2d_m	293	964	6648	6547
LADGATE	170	10000	0.205	1
LIFT	pooling_adhya4tp	170	93	806	93
COUNTS	pooling_adhya4tp	170	936	26842	20581
LADGATE	7295	10000	0.308	1
LIFT	squfl015-080persp	7295	2495	12000	2495
COUNTS	squfl015-080persp	7295	21600	74520	74520
LADGATE	1053	10000	0.320	1
LIFT	edgecross10-080	1053	571	4976	571
COUNTS	edgecross10-080	1053	5940	170814	164639
LADGATE	590	10000	0.312	1
LIFT	clay0204hfsg	590	278	1184	278
COUNTS	clay0204hfsg	590	1696	7198	6562
LADGATE	13	10000	0.120	1
COUNTS	st_bsj2	13	40	143	114
LADGATE	440	10000	0.465	1
LIFT	chimera_mgw-c8-439-onc8-002	440	418	3060	418
COUNTS	chimera_mgw-c8-439-onc8-002	440	3038	97870	86464
LADGATE	5188	10000	0.675	1
LIFT	batchs201210m	5188	2645	13208	2645
COUNTS	batchs201210m	5188	17910	349298	303381
LADGATE	5456	10000	0.669	1
LIFT	rsyn0815m04m	5456	2966	10968	2966
COUNTS	rsyn0815m04m	5456	15756	184352	143458
LADGATE	560	10000	0.307	1
LIFT	syn40m	560	291	1080	291
COUNTS	syn40m	560	1528	5007	4829
LADGATE	2157	10000	0.269	1
LIFT	knp5-44	2157	1167	31152	1167
COUNTS	knp5-44	2157	32604	3764003	3764003
LADGATE	94	10000	0.188	1
LIFT	ex1263a	94	59	320	59
COUNTS	ex1263a	94	390	2098	2098
COUNTS	st_e41	8	32	88	88
LADGATE	2305	10000	0.658	1
LIFT	squfl025-030	2305	805	3000	805
COUNTS	squfl025-030	2305	6000	42305	42305
LADGATE	98	10000	0.243	1
LIFT	wastewater05m1	98	62	740	62
COUNTS	wastewater05m1	98	536	11690	8036
COUNTS	cvxnonsep_psig20	20	380	2870	2870
LADGATE	4405	10000	0.183	1
LIFT	meanvar-orl400_05_e_8	4405	2403	168400	2403
COUNTS	meanvar-orl400_05_e_8	4405	171604	21923414	21922611
LADGATE	301	10000	0.269	1
LIFT	st_e31	301	163	492	163
COUNTS	st_e31	301	744	4534	4257
LIFT	pooling_sppc1pq	14100	7273	535700	7273
COUNTS	pooling_sppc1pq	14100	477680	812210652	136686008
LADGATE	31	10000	0.167	1
COUNTS	pooling_haverly1pq	31	96	412	403
LADGATE	128	10000	0.225	1
LIFT	graphpart_3g-0244-0244	128	96	672	96
COUNTS	graphpart_3g-0244-0244	128	672	33446	32534
LADGATE	80	10000	0.234	1
LIFT	graphpart_clique-20	80	77	1254	77
COUNTS	graphpart_clique-20	80	1260	34885	27856
LADGATE	28368	10000	0.856	0
LIFT	mpbp_48	28368	16000	66180	16000
COUNTS	mpbp_48	28368	91016	33835023	16144599
LIFT	pooling_sppb5pq	18529	9496	693670	9496
COUNTS	pooling_sppb5pq	18529	674470	523815053	213571545
LADGATE	497	10000	0.252	1
LIFT	slay07m	497	203	924	203
COUNTS	slay07m	497	1512	5740	5740
COUNTS	nvs19	24	200	1353	884
LADGATE	3270	10000	0.519	1
LIFT	oil	3270	1687	5444	1687
COUNTS	oil	3270	8430	36313	34760
LADGATE	2775	10000	0.843	1
LIFT	squfl015-060	2775	975	3600	975
COUNTS	squfl015-060	2775	7200	36400	36400
LADGATE	1112	10000	0.455	1
LIFT	ndcc12persp	1112	961	5220	961
COUNTS	ndcc12persp	1112	5522	299115	284793
LIFT	kissing2	20772	10772	381024	10772
COUNTS	kissing2	20772	401024	156414018	156414018
LADGATE	1942	10000	0.579	1
LIFT	nuclear25a	1942	755	18260	755
COUNTS	nuclear25a	1942	16030	1977163	1136191
LADGATE	222	10000	0.217	1
LIFT	clay0204m	222	102	464	102
COUNTS	clay0204m	222	704	2330	2330
LADGATE	23	10000	0.136	1
COUNTS	st_ph13	23	68	207	178
LADGATE	1053	10000	0.396	1
LIFT	edgecross10-030	1053	573	5134	573
COUNTS	edgecross10-030	1053	4654	135854	100080
LADGATE	601	10000	0.258	1
LIFT	chain200	601	400	1596	400
COUNTS	chain200	601	2396	8182	8182
LADGATE	25	10000	0.167	1
COUNTS	ex1223b	25	66	178	178
LADGATE	2718	10000	0.552	1
LIFT	slay09h	2718	1206	5040	1206
COUNTS	slay09h	2718	7488	36057	32385
LADGATE	974	10000	0.546	1
LIFT	ndcc12	974	902	6222	902
COUNTS	ndcc12	974	5982	345696	329556
LADGATE	1306	10000	0.420	1
LIFT	kall_circlesrectangles_c6r39	1306	924	4638	924
COUNTS	kall_circlesrectangles_c6r39	1306	5378	75744	74610
LADGATE	9170	10000	0.534	1
LIFT	squfl020-150	9170	3170	12000	3170
COUNTS	squfl020-150	9170	24000	135020	135020
COUNTS	autocorr_bern40-30	43	1534	20034	20034
LADGATE	660	10000	0.291	1
LIFT	slay08m	660	268	1232	268
COUNTS	slay08m	660	2016	7796	7796
LADGATE	2032	10000	0.600	1
LIFT	chimera_mgw-c16-2031-01	2032	2021	15902	2021
COUNTS	chimera_mgw-c16-2031-01	2032	15900	3328073	2569662
LADGATE	713	10000	0.400	1
LIFT	forest	713	404	2076	404
COUNTS	forest	713	2658	10614	10543
LADGATE	280	10000	0.170	1
LIFT	qspp_0_10_0_1_10_1	280	244	29450	244
COUNTS	qspp_0_10_0_1_10_1	280	29636	1942907	1932414
LADGATE	16	10000	0.139	1
COUNTS	st_ph1	16	58	274	233
LADGATE	124	10000	0.186	1
LIFT	elf	124	65	258	65
COUNTS	elf	124	376	2733	2173
LADGATE	18	10000	0.143	1
COUNTS	ex3_1_3	18	36	90	83
COUNTS	cvxnonsep_normcon40r	162	322	645	645
LADGATE	155	10000	0.248	1
LIFT	demo7	155	66	448	66
COUNTS	demo7	155	618	3579	3426
LADGATE	615	10000	0.386	1
LIFT	waternd2	615	447	2394	447
COUNTS	waternd2	615	2580	155674	74817
LADGATE	64	10000	0.200	1
LIFT	prolog	64	42	248	42
COUNTS	prolog	64	292	1245	1225
LADGATE	11	10000	0.114	1
COUNTS	ex14_1_8	11	30	80	80
LIFT	faclay75	272878	137826	1109602	137826
COUNTS	faclay75	272878	1379706	3204527350	3013800414
LADGATE	55	10000	0.130	1
LIFT	st_qpk3	55	33	504	33
COUNTS	st_qpk3	55	548	5467	3762
LADGATE	11556	10000	0.592	0
LIFT	mpbp_34	11556	7230	32172	7230
COUNTS	mpbp_34	11556	40860	3093917	891278
COUNTS	cvxnonsep_normcon20r	82	162	325	325
COUNTS	cvxnonsep_psig20r	86	170	341	341
LADGATE	18742	10000	0.678	0
LIFT	crudeoil_pooling_dt2	18742	10735	60222	10735
COUNTS	crudeoil_pooling_dt2	18742	75910	14985540	9947932
LADGATE	2868	10000	0.899	1
LIFT	rsyn0805m03m	2868	1596	5810	1596
COUNTS	rsyn0805m03m	2868	8270	60979	54853
COUNTS	st_iqpbk1	22	98	295	295
LADGATE	96	10000	0.259	1
LIFT	waterund01	96	47	384	47
COUNTS	waterund01	96	404	4546	3317
LADGATE	29	10000	0.153	1
COUNTS	pointpack04	29	120	577	577
LADGATE	12	10000	0.105	1
COUNTS	st_e22	12	30	77	70
LADGATE	16678	10000	0.442	0
LIFT	faclay30	16678	8556	65998	8556
COUNTS	faclay30	16678	82242	13452923	12850431
LADGATE	4432	10000	0.431	1
LIFT	arki0002	4432	2608	9424	2608
COUNTS	arki0002	4432	11248	683476	667374
LADGATE	11659	10000	0.782	0
LIFT	transswitch0300p	11659	6750	41276	6750
COUNTS	transswitch0300p	11659	48446	404940	374416
LADGATE	30660	10000	0.829	0
LIFT	crudeoil_pooling_dt3	30660	15957	134914	15957
COUNTS	crudeoil_pooling_dt3	30660	152210	48975085	33883414
LADGATE	22536	10000	0.727	0
LIFT	gasprod_sarawak81	22536	12902	61066	12902
COUNTS	gasprod_sarawak81	22536	75636	1030380	941231
LADGATE	660	10000	0.405	1
LIFT	maxcsp-langford-3-11	660	627	41846	627
COUNTS	maxcsp-langford-3-11	660	29646	33444033	10360919
LADGATE	1543	10000	0.354	1
LIFT	p_ball_30b_5p_2d_h	1543	999	4136	999
COUNTS	p_ball_30b_5p_2d_h	1543	5224	25843	25742
LADGATE	6709	10000	0.462	1
LIFT	ringpack_20_3	6709	3451	41284	3451
COUNTS	ringpack_20_3	6709	45220	2415136	865627
LADGATE	4825	10000	0.662	1
LIFT	waste	4825	2503	19260	2503
COUNTS	waste	4825	21504	1468261	1270649
LADGATE	2001	10000	0.292	1
LIFT	catmix400	2001	1998	11180	1998
COUNTS	catmix400	2001	11192	36373	36364
LADGATE	3054	10000	0.532	1
LIFT	rsyn0815m02hfsg	3054	1697	5478	1697
COUNTS	rsyn0815m02hfsg	3054	7968	44604	41384
LADGATE	1236	10000	0.300	1
LIFT	p_ball_10b_7p_3d_h	1236	751	3216	751
COUNTS	p_ball_10b_7p_3d_h	1236	4186	24380	23744
LADGATE	1225	10000	0.616	1
LIFT	chimera_k64ising-02	1225	772	3732	772
COUNTS	chimera_k64ising-02	1225	3846	613390	371142
LADGATE	3404	10000	0.563	1
LIFT	batchs121208m	3404	1725	8392	1725
COUNTS	batchs121208m	3404	11462	138030	128816
LADGATE	11	10000	0.115	1
COUNTS	nvs02	11	46	142	142
LADGATE	191	10000	0.257	1
LIFT	wastepaper6	191	156	1358	156
COUNTS	wastepaper6	191	1416	16611	16611
LADGATE	399	10000	0.261	1
LIFT	syn15hfsg	399	221	666	221
COUNTS	syn15hfsg	399	1022	3300	3272
LADGATE	36	10000	0.161	1
LIFT	st_jcbpaf2	36	23	220	23
COUNTS	st_jcbpaf2	36	246	1635	1543
COUNTS	camshape400	2000	7188	16768	16768
LADGATE	120	10000	0.259	1
LIFT	graphpart_clique-30	120	117	2784	117
COUNTS	graphpart_clique-30	120	2790	114505	91153
LADGATE	280	10000	0.209	1
LIFT	graphpart_clique-70	280	277	14904	277
COUNTS	graphpart_clique-70	280	14910	1413012	1144894
COUNTS	smallinvDAXr1b010-011	39	1120	13510	13319
LADGATE	22074	10000	0.402	0
LIFT	nd_netgen-2000-3-4-b-a-ns_7	22074	10074	36000	10074
COUNTS	nd_netgen-2000-3-4-b-a-ns_7	22074	60000	289420	273394
LADGATE	240	10000	0.214	1
LIFT	slay05m	240	100	440	100
COUNTS	slay05m	240	720	2635	2635
LADGATE	2031	10000	1.112	1
LIFT	chimera_selby-c16-01	2031	1517	13662	1517
COUNTS	chimera_selby-c16-01	2031	10964	3605628	2419538
LADGATE	110	10000	0.184	1
LIFT	csched1	110	30	100	30
COUNTS	csched1	110	376	975	975
LADGATE	1310	10000	0.137	1
LIFT	watercontamination0303r	1310	755	35918	755
COUNTS	watercontamination0303r	1310	37028	2171882	2171882
LADGATE	15	10000	0.121	1
COUNTS	ex9_2_4	15	36	117	117
LADGATE	163	10000	0.185	1
LIFT	sssd15-04	163	47	240	47
COUNTS	sssd15-04	163	440	1625	1625
COUNTS	autocorr_bern35-35fix	38	1264	16214	16214
LADGATE	1491	10000	0.344	1
LIFT	sfacloc2_4_90	1491	775	3282	775
COUNTS	sfacloc2_4_90	1491	4500	31682	28843
LIFT	cont6-qq	120395	79800	397602	79800
COUNTS	cont6-qq	120395	557994	835894090	581918900
LADGATE	5205	10000	0.171	1
LIFT	meanvar-orl400_05_e_7	5205	2803	170000	2803
COUNTS	meanvar-orl400_05_e_7	5205	174804	21939414	21935811
LADGATE	10017	10000	0.359	0
LIFT	glider400	10017	7609	43204	7609
COUNTS	glider400	10017	49624	373018	327461
LADGATE	4960	10000	0.627	1
LIFT	syn40m04m	4960	2524	9280	2524
COUNTS	syn40m04m	4960	13792	65982	63265
LADGATE	31	10000	0.162	1
COUNTS	ex2_1_3	31	72	189	189
LADGATE	705	10000	0.499	1
LIFT	qapw	705	480	87046	480
COUNTS	qapw	705	87496	12183146	12183146
LADGATE	14	10000	0.119	1
COUNTS	himmel11	14	60	198	198
LADGATE	1908	10000	0.383	1
LIFT	syn15m04m	1908	970	3540	970
COUNTS	syn15m04m	1908	5288	26094	25061
LADGATE	118	10000	0.232	1
LIFT	pooling_rt2tp	118	66	554	66
COUNTS	pooling_rt2tp	118	654	5876	5796
LADGATE	333	10000	0.304	1
LIFT	waterund14	333	191	2068	191
COUNTS	waterund14	333	2204	200484	72184
LADGATE	17809	10000	1.055	0
LIFT	crudeoil_lee4_10	17809	10229	106656	10229
COUNTS	crudeoil_lee4_10	17809	120632	294531623	184173410
LADGATE	1294	10000	0.504	1
LIFT	pooling_foulds4pq	1294	723	7208	723
COUNTS	pooling_foulds4pq	1294	8302	138692	138540
LADGATE	3097	10000	0.351	1
LIFT	edgecross14-156	3097	1639	16748	1639
COUNTS	edgecross14-156	3097	19664	1487933	1376964
LADGATE	72	10000	0.206	1
LIFT	tspn08	72	34	646	34
COUNTS	tspn08	72	668	11074	7600
LADGATE	4225	10000	0.582	1
LIFT	crudeoil_li05	4225	2656	17380	2656
COUNTS	crudeoil_li05	4225	14628	680022	533531
LADGATE	14416	10000	0.663	0
LIFT	procurement1large	14416	6606	28248	6606
COUNTS	procurement1large	14416	41068	13858240	7376882
LADGATE	1428	10000	0.333	1
LIFT	blend721	1428	829	3334	829
COUNTS	blend721	1428	4548	77560	66143
LADGATE	2031	10000	1.129	1
LIFT	chimera_selby-c16-02	2031	1436	15878	1436
COUNTS	chimera_selby-c16-02	2031	10878	4280329	2298651
LADGATE	16640	10000	0.423	0
LIFT	supplychainr1_053050	16640	9640	44160	9640
COUNTS	supplychainr1_053050	16640	57800	2173490	2173490
LADGATE	5067	10000	0.750	1
LIFT	sfacloc2_4_80	5067	2567	16656	2567
COUNTS	sfacloc2_4_80	5067	21424	93048	88884
COUNTS	st_e24	10	26	64	57
LADGATE	1053	10000	0.331	1
LIFT	edgecross10-040	1053	571	4152	571
COUNTS	edgecross10-040	1053	5116	161851	143518
LADGATE	8232	10000	0.388	1
LIFT	sonet21v6	8232	4221	32722	4221
COUNTS	sonet21v6	8232	40744	1643311	1585871
LADGATE	2490	10000	0.676	1
LIFT	squfl010-080	2490	890	3200	890
COUNTS	squfl010-080	2490	6400	27665	27665
LADGATE	221	10000	0.234	1
LIFT	genpooling_lee2	221	145	896	145
COUNTS	genpooling_lee2	221	1048	19895	14028
LADGATE	2807	10000	0.664	1
LIFT	popdynm25	2807	2349	13004	2349
COUNTS	popdynm25	2807	13904	360081	286812
LADGATE	5211	10000	0.780	1
LIFT	chp_partload	5211	3186	12690	3186
COUNTS	chp_partload	5211	16740	509170	373134
LADGATE	560	10000	0.250	1
LIFT	qspp_0_14_0_1_10_1	560	364	119024	364
COUNTS	qspp_0_14_0_1_10_1	560	120274	16119226	16038266
LADGATE	24	10000	0.144	1
COUNTS	st_glmp_ss1	24	66	160	160
LADGATE	2508	10000	0.483	1
LIFT	torsion50	2508	1302	20190	1302
COUNTS	torsion50	2508	29808	1691033	1119054
LADGATE	40	10000	0.180	1
LIFT	st_rv2	40	10	90	10
COUNTS	st_rv2	40	340	2045	2045
LADGATE	6885	10000	0.256	1
LIFT	emfl100_3_3	6885	2961	8100	2961
COUNTS	emfl100_3_3	6885	15948	55506	55506
COUNTS	pedigree_sim400	351	23546	1183471	1183168
COUNTS	polygon75	5846	49652	1171822	1171822
LIFT	gabriel10	244056	129644	1260406	129644
COUNTS	gabriel10	244056	1148210	1365442310	1267760679
LADGATE	1049	10000	0.293	1
LIFT	fo9_ar25_1	1049	507	3606	507
COUNTS	fo9_ar25_1	1049	4336	41668	38237
LADGATE	1159	10000	0.330	1
LIFT	rsyn0840m	1159	610	2176	610
COUNTS	rsyn0840m	1159	3168	11274	10602
LADGATE	548	10000	0.404	1
LIFT	gancns	548	318	2280	318
COUNTS	gancns	548	2800	69234	58861
LADGATE	1049	10000	0.294	1
LIFT	o9_ar4_1	1049	507	3606	507
COUNTS	o9_ar4_1	1049	4336	41668	38237
LADGATE	123	10000	0.276	1
LIFT	ex1265a	123	79	472	79
COUNTS	ex1265a	123	560	3948	3750
LADGATE	28	10000	0.161	1
COUNTS	ex9_2_6	28	68	190	190
LADGATE	481	10000	0.203	1
LIFT	qspp_0_13_0_1_10_1	481	312	87460	312
COUNTS	qspp_0_13_0_1_10_1	481	88522	10150185	10097446
LADGATE	146	10000	0.219	1
LIFT	slay04m	146	62	264	62
COUNTS	slay04m	146	432	1554	1554
COUNTS	st_e25	20	92	336	262
LADGATE	32	10000	0.177	1
LIFT	ex8_4_1	32	12	40	12
COUNTS	ex8_4_1	32	100	225	225
LADGATE	19	10000	0.174	1
COUNTS	st_e07	19	60	199	199
LADGATE	26	10000	0.176	1
COUNTS	ex1225	26	66	171	161
LADGATE	969	10000	0.690	1
LIFT	ndcc13	969	735	6656	735
COUNTS	ndcc13	969	5882	525212	324727
LADGATE	1224	10000	0.297	1
LIFT	syn10m04m	1224	620	2256	620
COUNTS	syn10m04m	1224	3384	13501	13473
LADGATE	18	10000	0.158	1
COUNTS	ex5_2_4	18	62	204	193
LADGATE	72	10000	0.208	1
LIFT	st_m2	72	21	420	21
COUNTS	st_m2	72	1226	16331	16331
LADGATE	16	10000	0.140	1
COUNTS	st_bpk1	16	44	115	108
LADGATE	736	10000	0.593	1
LIFT	multiplants_stg1	736	321	3112	321
COUNTS	multiplants_stg1	736	3594	197998	155496
LADGATE	11251	10000	0.762	0
LIFT	powerflow0300p	11251	6342	34748	6342
COUNTS	powerflow0300p	11251	41918	304705	292256
LADGATE	33155	10000	0.564	0
LIFT	nd_netgen-3000-1-1-b-b-ns_7	33155	15155	54000	15155
COUNTS	nd_netgen-3000-1-1-b-b-ns_7	33155	90000	922197	885186
LADGATE	803	10000	0.514	1
LIFT	sonet23v4	803	547	5952	547
COUNTS	sonet23v4	803	6462	139703	94348
LADGATE	1649	10000	0.434	1
LIFT	pooling_sppa0pq	1649	1648	24190	1648
COUNTS	pooling_sppa0pq	1649	24192	3745896	1214182
LADGATE	645	10000	0.602	1
LIFT	multiplants_mtg1b	645	406	4016	406
COUNTS	multiplants_mtg1b	645	4404	229415	152043
LADGATE	338	10000	0.246	1
LIFT	sssd18-08persp	338	138	768	138
COUNTS	sssd18-08persp	338	1168	4654	4654
LADGATE	19	10000	0.161	1
COUNTS	ex9_1_2	19	54	188	179
LADGATE	3670	10000	0.809	1
LIFT	crudeoil_lee1_07	3670	1957	17600	1957
COUNTS	crudeoil_lee1_07	3670	19322	4746188	3506464
LADGATE	31	10000	0.165	1
COUNTS	pooling_haverly1tp	31	96	423	403
LADGATE	230	10000	0.220	1
LIFT	waterund08	230	120	1760	120
COUNTS	waterund08	230	1290	35284	30110
LADGATE	76	10000	0.151	1
LIFT	kall_diffcircles_6	76	45	240	45
COUNTS	kall_diffcircles_6	76	302	1511	1511
LADGATE	440	10000	0.442	1
LIFT	chimera_mgw-c8-439-onc8-001	440	423	3066	423
COUNTS	chimera_mgw-c8-439-onc8-001	440	3040	106479	80090
LADGATE	160	10000	0.253	1
LIFT	waterund11	160	91	642	91
COUNTS	waterund11	160	828	14818	10705
LADGATE	16364	10000	0.712	0
LIFT	chp_shorttermplan2d	16364	8902	38240	8902
COUNTS	chp_shorttermplan2d	16364	52108	4089003	2104724
LADGATE	156	10000	0.292	1
LIFT	sporttournament18	156	136	810	136
COUNTS	sporttournament18	156	886	17568	13608
COUNTS	cvxnonsep_psig30	30	870	9455	9455
LADGATE	6089	10000	0.459	1
LIFT	ringpack_20_2	6089	3132	37034	3132
COUNTS	ringpack_20_2	6089	40368	1872174	707413
LADGATE	1386	10000	0.327	1
LIFT	blend718	1386	808	3138	808
COUNTS	blend718	1386	4310	70355	61466
LADGATE	115	10000	0.271	1
LIFT	wastepaper4	115	50	654	50
COUNTS	wastepaper4	115	724	9711	7183
LADGATE	2450	10000	0.615	1
LIFT	squfl010-040persp	2450	850	4000	850
COUNTS	squfl010-040persp	2450	7200	22825	22825
LADGATE	10429	10000	0.956	0
LIFT	crudeoil_lee4_06	10429	6797	109128	6797
COUNTS	crudeoil_lee4_06	10429	55492	65337120	32564806
LADGATE	1746	10000	0.581	1
LIFT	netmod_kar1	1746	798	3664	798
COUNTS	netmod_kar1	1746	4928	56838	43864
LADGATE	14	10000	0.117	1
COUNTS	ex8_1_7	14	46	137	128
LADGATE	108	10000	0.203	1
LIFT	graphpart_3g-0333-0333	108	81	648	81
COUNTS	graphpart_3g-0333-0333	108	648	44928	36228
LADGATE	760	10000	0.332	1
LIFT	slay05h	760	340	1400	340
COUNTS	slay05h	760	2080	9815	8795
LADGATE	156	10000	0.275	1
LIFT	korcns	156	92	598	92
COUNTS	korcns	156	712	7241	6599
LADGATE	5065	10000	0.702	1
LIFT	powerflow0118p	5065	2810	15480	2810
COUNTS	powerflow0118p	5065	18730	121503	117327
LADGATE	4799	10000	0.784	1
LIFT	sfacloc2_3_80	4799	2402	16046	2402
COUNTS	sfacloc2_3_80	4799	20600	84672	81119
LADGATE	6028	10000	0.577	1
LIFT	rsyn0820m04m	6028	3144	12532	3144
COUNTS	rsyn0820m04m	6028	17372	196890	152980
LADGATE	1046	10000	0.258	1
LIFT	hydroenergy1	1046	570	2164	570
COUNTS	hydroenergy1	1046	3024	14089	14089
LADGATE	181	10000	0.187	1
LIFT	maxmin	181	103	1284	103
COUNTS	maxmin	181	1440	8405	8405
LADGATE	8	10000	0.109	1
COUNTS	st_ht	8	18	51	44
LADGATE	6418	10000	0.876	1
LIFT	crudeoil_lee2_06	6418	4139	66598	4139
COUNTS	crudeoil_lee2_06	6418	34646	23299675	16292510
LADGATE	3183	10000	0.493	1
LIFT	kan_r3_h1_n4	3183	2301	12330	2301
COUNTS	kan_r3_h1_n4	3183	14062	104945	98715
LADGATE	378	10000	0.294	1
LIFT	primary	378	222	5294	222
COUNTS	primary	378	5610	109639	95258
LADGATE	1071	10000	0.283	1
LIFT	syn10m03hfsg	1071	591	1812	591
COUNTS	syn10m03hfsg	1071	2772	9890	9812
LADGATE	36	10000	0.185	1
LIFT	wastewater02m1	36	24	118	24
COUNTS	wastewater02m1	36	138	848	790
LADGATE	4620	10000	0.386	1
LIFT	supplychainr1_022020	4620	2680	11920	2680
COUNTS	supplychainr1_022020	4620	15680	273140	273100
LADGATE	3800	10000	0.264	1
LIFT	squfl025-025persp	3800	1300	6250	1300
COUNTS	squfl025-025persp	3800	11250	49925	49925
LADGATE	17999	10000	0.907	0
LIFT	ringpack_30_2	17999	9231	103922	9231
COUNTS	ringpack_30_2	17999	121458	12394600	2873684
LIFT	nuclear104	39098	26306	232222	26306
COUNTS	nuclear104	39098	257806	103156931	78332024
LADGATE	4952	10000	0.616	1
LIFT	chp_shorttermplan1a	4952	2592	11264	2592
COUNTS	chp_shorttermplan1a	4952	15700	376486	299825
LADGATE	555	10000	0.434	1
LIFT	rocket50	555	450	3272	450
COUNTS	rocket50	555	3488	19983	19265
LADGATE	8508	10000	0.726	1
LIFT	rsyn0840m04m	8508	4368	17360	4368
COUNTS	rsyn0840m04m	8508	24272	229914	185120
LADGATE	11716	10000	0.662	0
LIFT	mpbp_21	11716	6945	28072	6945
COUNTS	mpbp_21	11716	37660	1691114	1456963
LADGATE	172	10000	0.218	1
LIFT	orth_d4m6_pl	172	92	896	92
COUNTS	orth_d4m6_pl	172	1096	10938	10703
LADGATE	1681	10000	0.533	1
LIFT	kall_circlespolygons_c1p5b	1681	1245	6560	1245
COUNTS	kall_circlespolygons_c1p5b	1681	7432	201759	193841
LIFT	acopf_case9241pegase_qcqp	313068	201757	1141270	201757
COUNTS	acopf_case9241pegase_qcqp	313068	1292408	34647355	33736789
LADGATE	33	10000	0.173	1
LIFT	ex1223	33	18	54	18
COUNTS	ex1223	33	82	244	244
LADGATE	10	10000	0.126	1
COUNTS	ex6_1_4	10	48	197	153
LADGATE	403	10000	0.289	1
LIFT	powerflow0014r	403	234	1432	234
COUNTS	powerflow0014r	403	1630	10761	10361
LADGATE	2065	10000	0.266	1
LIFT	knp5-43	2065	1119	29756	1119
COUNTS	knp5-43	2065	31132	3517788	3517788
LADGATE	21688	10000	0.756	0
LIFT	gabriel09	21688	11348	105698	11348
COUNTS	gabriel09	21688	89702	29373994	26366112
LADGATE	32	10000	0.167	1
LIFT	tln2	32	18	60	18
COUNTS	tln2	32	88	233	233
LADGATE	22	10000	0.150	1
COUNTS	prob02	22	76	267	232
LADGATE	1422	10000	0.340	1
LIFT	blend146	1422	826	3252	826
COUNTS	blend146	1422	4460	78102	64296
LADGATE	4518	10000	0.463	1
LIFT	mpbp_46	4518	2728	10872	2728
COUNTS	mpbp_46	4518	14492	499547	447603
LADGATE	413	10000	0.351	1
LIFT	tls6	413	291	2630	291
COUNTS	tls6	413	2860	18483	17511
LADGATE	21925	10000	0.417	0
LIFT	emfl100_5_5	21925	9425	27300	9425
COUNTS	emfl100_5_5	21925	52300	221650	221650
LADGATE	341	10000	0.174	1
LIFT	qspp_0_11_0_1_10_1	341	220	43506	220
COUNTS	qspp_0_11_0_1_10_1	341	44264	3563707	3531915
LADGATE	403	10000	0.264	1
LIFT	p_ball_10b_5p_4d_m	403	169	1116	169
COUNTS	p_ball_10b_5p_4d_m	403	1484	13581	13288
LADGATE	90	10000	0.231	1
LIFT	st_rv9	90	70	800	70
COUNTS	st_rv9	90	840	6691	6321
LADGATE	3486	10000	0.501	1
LIFT	rsyn0840m02m	3486	1876	6568	1876
COUNTS	rsyn0840m02m	3486	9576	47529	44981
LADGATE	22	10000	0.156	1
COUNTS	nvs05	22	84	277	266
COUNTS	autocorr_bern25-19	28	612	5278	5278
LADGATE	356	10000	0.250	1
LIFT	sssd20-08persp	356	140	800	140
COUNTS	sssd20-08persp	356	1232	4960	4960
LADGATE	827	10000	0.620	1
LIFT	multiplants_stg5	827	310	3480	310
COUNTS	multiplants_stg5	827	3804	377794	155722
LADGATE	2032	10000	0.686	1
LIFT	chimera_rfr-02	2032	2012	15234	2012
COUNTS	chimera_rfr-02	2032	15140	3860441	2487302
LADGATE	726	10000	0.582	1
LIFT	multiplants_stg1a	726	304	2994	304
COUNTS	multiplants_stg1a	726	3510	142058	121443
LADGATE	170	10000	0.223	1
LIFT	pooling_adhya4pq	170	93	790	93
COUNTS	pooling_adhya4pq	170	932	24314	16556
LADGATE	17493	10000	0.791	0
LIFT	nuclear10a	17493	15309	159656	15309
COUNTS	nuclear10a	17493	163816	82406325	55754381
LADGATE	874	10000	0.543	1
LIFT	sonet24v5	874	595	6704	595
COUNTS	sonet24v5	874	7260	185654	110276
LIFT	transswitch2736spr	69651	44696	297260	44696
COUNTS	transswitch2736spr	69651	331010	7933133	7281507
LADGATE	8992	10000	0.542	1
LIFT	chp_shorttermplan2a	8992	4760	18484	4760
COUNTS	chp_shorttermplan2a	8992	26288	821014	575282
LADGATE	1001	10000	0.223	1
LIFT	catmix200	1001	998	5580	998
COUNTS	catmix200	1001	5592	18173	18164
COUNTS	nvs23	27	252	1921	1221
LADGATE	20	10000	0.141	1
COUNTS	oaer	20	40	107	107
LADGATE	168	10000	0.179	1
LIFT	hybriddynamic_fixed	168	80	250	80
COUNTS	hybriddynamic_fixed	168	388	1103	1103
LADGATE	16747	10000	0.590	0
LIFT	edgecross24-115	16747	8651	85448	8651
COUNTS	edgecross24-115	16747	77352	35096942	28685704
LADGATE	1178	10000	0.298	1
LIFT	space25	1178	243	1212	243
COUNTS	space25	1178	4334	23567	22528
LADGATE	23999	10000	0.583	0
LIFT	methanol400	23999	19199	142128	19199
COUNTS	methanol400	23999	151728	2586036	1864047
LADGATE	1218	10000	0.531	1
LIFT	pooling_foulds5tp	1218	659	7246	659
COUNTS	pooling_foulds5tp	1218	8364	251833	171941
LADGATE	5040	10000	0.672	1
LIFT	pooling_sppa9tp	5040	2642	116234	2642
COUNTS	pooling_sppa9tp	5040	121302	104609262	16877457
COUNTS	st_miqp2	10	18	37	37
COUNTS	autocorr_bern30-23	33	878	8940	8940
LADGATE	9858	10000	0.741	1
LIFT	mpbp_15	9858	5550	25800	5550
COUNTS	mpbp_15	9858	31692	1496502	1167920
COUNTS	cvxnonsep_psig30r	126	250	501	501
LADGATE	1590	10000	0.424	1
LIFT	rsyn0830hfsg	1590	876	2784	876
COUNTS	rsyn0830hfsg	1590	4100	16168	15383
LADGATE	1271	10000	0.530	1
LIFT	crudeoil_pooling_ct1	1271	722	3626	722
COUNTS	crudeoil_pooling_ct1	1271	4642	125127	93863
LADGATE	800	10000	0.607	1
LIFT	multiplants_stg1c	800	326	3346	326
COUNTS	multiplants_stg1c	800	3894	150039	143020
LADGATE	11	10000	0.124	1
COUNTS	st_pan1	11	32	123	94
LADGATE	814	10000	0.645	1
LIFT	multiplants_stg1b	814	337	3456	337
COUNTS	multiplants_stg1b	814	3992	308612	187593
LADGATE	11999	10000	0.630	0
LIFT	methanol200	11999	9599	71328	9599
COUNTS	methanol200	11999	76128	1290836	905945
LADGATE	26778	10000	0.567	0
LIFT	faclay35	26778	13686	106196	13686
COUNTS	faclay35	26778	132380	33630126	32021838
LADGATE	13175	10000	0.262	0
LIFT	emfl050_5_5	13175	5675	17300	5675
COUNTS	emfl050_5_5	13175	32300	155400	155400
LIFT	transswitch2383wpr	59853	37844	247952	37844
COUNTS	transswitch2383wpr	59853	277562	3946309	3861509
LADGATE	1120	10000	0.517	1
LIFT	chimera_lga-01	1120	721	5500	721
COUNTS	chimera_lga-01	1120	6400	668019	497101
LADGATE	4596	10000	0.692	1
LIFT	gasprod_sarawak16	4596	2632	12316	2632
COUNTS	gasprod_sarawak16	4596	15316	213850	196064
LADGATE	15904	10000	1.179	0
LIFT	crudeoil_lee4_09	15904	10632	92014	10632
COUNTS	crudeoil_lee4_09	15904	101792	208785578	130655525
LADGATE	44909	10000	1.007	0
LIFT	arki0013	44909	18463	161472	18463
COUNTS	arki0013	44909	160172	390472987	157005417
LADGATE	42	10000	0.149	1
LIFT	st_m1	42	11	110	11
COUNTS	st_m1	42	432	3097	3097
LADGATE	5310	10000	0.757	1
LIFT	mpbp_47	5310	3182	12798	3182
COUNTS	mpbp_47	5310	17098	730624	652248
LADGATE	821	10000	0.443	1
LIFT	rsyn0815m	821	434	1516	434
COUNTS	rsyn0815m	821	2242	8260	7745
LADGATE	7993	10000	1.117	1
LIFT	arki0016	7993	4968	26810	4968
COUNTS	arki0016	7993	37208	878890	835794
LADGATE	18	10000	0.143	1
COUNTS	st_glmp_ss2	18	48	121	121
LADGATE	2670	10000	0.689	1
LIFT	rsyn0810m02hfsg	2670	1484	4808	1484
COUNTS	rsyn0810m02hfsg	2670	6964	36862	34753
LADGATE	55	10000	0.147	1
LIFT	pointpack06	55	34	234	34
COUNTS	pointpack06	55	276	1497	1497
LADGATE	6328	10000	0.355	1
LIFT	syn40m04hfsg	6328	3492	11224	3492
COUNTS	syn40m04hfsg	6328	16896	76232	73685
LADGATE	258	10000	0.219	1
LIFT	clay0304m	258	122	576	122
COUNTS	clay0304m	258	840	2742	2742
LADGATE	1218	10000	0.425	1
LIFT	pooling_foulds5pq	1218	655	7342	655
COUNTS	pooling_foulds5pq	1218	8300	159641	159641
LADGATE	1000	10000	0.414	1
LIFT	clay0305hfsg	1000	485	2050	485
COUNTS	clay0305hfsg	1000	2910	12260	11240
LADGATE	64	10000	0.197	1
LIFT	st_test8	64	44	192	44
COUNTS	st_test8	64	232	2343	1964
LIFT	gams05	17364	8487	278504	8487
COUNTS	gams05	17364	252910	6179750712	3259322396
LADGATE	31	10000	0.176	1
COUNTS	sporttournament08	31	156	862	862
LADGATE	1121	10000	0.356	1
LIFT	powerflow0030p	1121	642	3468	642
COUNTS	powerflow0030p	1121	4194	24944	23642
LADGATE	22407	10000	0.865	0
LIFT	popdynm200	22407	18799	98384	18799
COUNTS	popdynm200	22407	105584	2567878	2436690
LADGATE	11120	10000	0.753	0
LIFT	mpbp_35	11120	6920	32350	6920
COUNTS	mpbp_35	11120	40790	3037207	975441
LADGATE	1492	10000	0.417	1
LIFT	syn30m02m	1492	762	2608	762
COUNTS	syn30m02m	1492	3936	13752	13455
LADGATE	481	10000	0.369	1
LIFT	wastewater13m1	481	353	3026	353
COUNTS	wastewater13m1	481	3252	60135	60068
LADGATE	1022	10000	0.298	1
LIFT	syn40hfsg	1022	573	1726	573
COUNTS	syn40hfsg	1022	2624	8432	8155
LADGATE	69	10000	0.180	1
LIFT	sep1	69	36	150	36
COUNTS	sep1	69	206	1097	1047
LADGATE	2508	10000	0.519	1
LIFT	syn30m03m	2508	1278	4542	1278
COUNTS	syn30m03m	2508	6804	26806	26552
COUNTS	st_qpc-m3a	30	304	2330	1574
LADGATE	2644	10000	1.135	1
LIFT	crudeoil_pooling_ct3	2644	1586	9346	1586
COUNTS	crudeoil_pooling_ct3	2644	11426	1381490	866197
LADGATE	634	10000	0.396	1
LIFT	space25a	634	417	2530	417
COUNTS	space25a	634	3246	29078	27875
COUNTS	autocorr_bern20-15	23	394	2784	2784
LADGATE	35	10000	0.174	1
LIFT	ex7_2_1	35	21	106	21
COUNTS	ex7_2_1	35	134	352	341
LADGATE	2092	10000	0.722	1
LIFT	hydroenergy2	2092	1090	4556	1090
COUNTS	hydroenergy2	2092	6236	69051	56014
LADGATE	514	10000	0.402	1
LIFT	pooling_digabel19	514	296	5918	296
COUNTS	pooling_digabel19	514	5340	325989	274903
LADGATE	132	10000	0.229	1
LIFT	clay0203m	132	63	282	63
COUNTS	clay0203m	132	420	1348	1348
LADGATE	13680	10000	0.383	0
LIFT	squfl030-150	13680	4680	18000	4680
COUNTS	squfl030-150	13680	36000	252605	252605

--- every order() call, slowest first (TSV) ---
secs	matrix	n	nnz	ratio
1.2380	arki0016	7993	37208	0.9510
1.2204	crudeoil_pooling_ct3	2644	11426	0.6270
1.2167	chimera_selby-c16-02	2031	10878	0.5370
1.1960	chimera_selby-c16-01	2031	10964	0.6710
1.1795	crudeoil_lee4_09	15904	101792	0.6258
1.1398	gams05	17364	252910	0.5274
1.1367	gabriel10	244056	1148210	0.9285
1.1179	acopf_case9241pegase_qcqp	313068	1292408	0.9737
1.0559	crudeoil_lee4_10	17809	120632	0.6253
1.0085	arki0013	44909	160172	0.4021
1.0058	crudeoil_lee4_06	10429	55492	0.4984
0.9998	nuclear104	39098	257806	0.7593
0.9688	crudeoil_lee2_06	6418	34646	0.6993
0.9538	rsyn0805m03m	2868	8270	0.8995
0.9178	chp_partload	5211	16740	0.7328
0.9075	ringpack_30_2	17999	121458	0.2318
0.9015	mpbp_07	9532	30810	0.9127
0.8950	transswitch0300p	11659	48446	0.9246
0.8934	sfacloc2_3_80	4799	20600	0.9580
0.8932	mpbp_15	9858	31692	0.7804
0.8769	crudeoil_lee1_07	3670	19322	0.7388
0.8751	squfl015-060	2775	7200	1.0000
0.8667	powerflow0300p	11251	41918	0.9591
0.8655	popdynm200	22407	105584	0.9489
0.8569	mpbp_48	28368	91016	0.4772
0.8534	mpbp_35	11120	40790	0.3212
0.8474	sfacloc2_4_80	5067	21424	0.9552
0.8412	mpbp_47	5310	17098	0.8927
0.8345	rsyn0840m04m	8508	24272	0.8052
0.8303	crudeoil_pooling_dt3	30660	152210	0.6919
0.8232	powerflow0118p	5065	18730	0.9656
0.8192	faclay75	272878	1379706	0.9405
0.8051	gasprod_sarawak16	4596	15316	0.9168
0.7916	nuclear10a	17493	163816	0.6766
0.7849	pooling_sppc3pq	23173	893724	0.2822
0.7818	batchs201210m	5188	17910	0.8685
0.7772	methanol200	11999	76128	0.7018
0.7762	chimera_rfr-02	2032	15140	0.6443
0.7691	hydroenergy2	2092	6236	0.8112
0.7646	rsyn0815m04m	5456	15756	0.7782
0.7592	popdynm25	2807	13904	0.7965
0.7586	ndcc13	969	5882	0.6183
0.7564	gabriel09	21688	89702	0.8976
0.7544	waste	4825	21504	0.8654
0.7460	mpbp_21	11716	37660	0.8615
0.7460	rsyn0810m02hfsg	2670	6964	0.9428
0.7312	chp_shorttermplan1a	4952	15700	0.7964
0.7282	gasprod_sarawak81	22536	75636	0.9135
0.7165	multiplants_stg1b	814	3992	0.6079
0.7127	chp_shorttermplan2d	16364	52108	0.5147
0.7122	squfl010-080	2490	6400	1.0000
0.7041	pinene200	19995	97990	0.8350
0.7035	chimera_k64ising-02	1225	3846	0.6051
0.6949	squfl025-030	2305	6000	1.0000
0.6923	syn40m04m	4960	13792	0.9588
0.6910	chimera_mgw-c16-2031-01	2032	15900	0.7721
0.6899	mpbp_34	11556	40860	0.2881
0.6867	pooling_sppa9tp	5040	121302	0.1613
0.6862	rsyn0810m04m	4772	13836	0.7675
0.6836	crudeoil_li05	4225	14628	0.7846
0.6796	p_ball_30b_7p_2d_h	2207	7516	0.9968
0.6787	multiplants_mtg1b	645	4404	0.6627
0.6786	crudeoil_pooling_dt2	18742	75910	0.6638
0.6772	multiplants_stg5	827	3804	0.4122
0.6724	multiplants_stg1	736	3594	0.7853
0.6701	multiplants_stg1c	800	3894	0.9532
0.6646	pooling_sppb5pq	18529	674470	0.4077
0.6636	procurement1large	14416	41068	0.5323
0.6616	rsyn0820m02m	2486	6932	0.9330
0.6610	chp_shorttermplan2a	8992	26288	0.7007
0.6599	multiplants_stg1a	726	3510	0.8549
0.6588	rsyn0820m04m	6028	17372	0.7770
0.6584	rsyn0830m04m	7252	20752	0.8092
0.6572	batchs121208m	3404	11462	0.9332
0.6524	sporttournament48	1131	6676	0.6461
0.6522	nuclear25a	1942	16030	0.5747
0.6447	transswitch2383wpr	59853	277562	0.9785
0.6416	squfl010-040persp	2450	7200	1.0000
0.6401	squfl020-150	9170	24000	1.0000
0.6322	netmod_kar1	1746	4928	0.7717
0.6318	kall_circlespolygons_c1p5b	1681	7432	0.9608
0.6222	sonet24v5	874	7260	0.5940
0.6205	ndcc12	974	5982	0.9533
0.6128	crudeoil_pooling_ct1	1271	4642	0.7501
0.6053	chimera_lga-01	1120	6400	0.7441
0.5999	pooling_foulds5tp	1218	8364	0.6828
0.5932	rsyn0815m02hfsg	3054	7968	0.9278
0.5922	slay09h	2718	7488	0.8982
0.5913	sonet23v4	803	6462	0.6753
0.5904	edgecross24-115	16747	77352	0.8173
0.5861	transswitch2736spr	69651	331010	0.9179
0.5833	methanol400	23999	151728	0.7208
0.5757	pooling_foulds4pq	1294	8302	0.9989
0.5703	oil	3270	8430	0.9572
0.5700	kan_r3_h1_n4	3183	14062	0.9406
0.5684	faclay35	26778	132380	0.9522
0.5683	qapw	705	87496	1.0000
0.5656	torsion50	2508	29808	0.6618
0.5653	nd_netgen-3000-1-1-b-b-ns_7	33155	90000	0.9599
0.5631	rsyn0840m02m	3486	9576	0.9464
0.5617	syn30m03m	2508	6804	0.9905
0.5613	mpbp_46	4518	14492	0.8960
0.5584	ringpack_20_3	6709	45220	0.3584
0.5575	risk2bpb	1462	5396	0.5574
0.5525	chimera_mgw-c8-439-onc8-002	440	3038	0.8835
0.5486	ringpack_20_2	6089	40368	0.3779
0.5456	unitcommit_200_100_1_mod_8	146830	476332	0.9764
0.5363	chimera_mgw-c8-439-onc8-001	440	3040	0.7522
0.5262	rocket50	555	3488	0.9641
0.5222	ndcc12persp	1112	5522	0.9521
0.5101	pooling_sppa0pq	1649	24192	0.3241
0.5048	sonet21v6	8232	40744	0.9650
0.5028	arki0002	4432	11248	0.9764
0.5009	pooling_foulds5pq	1218	8300	1.0000
0.4997	supplychainr1_022020	4620	15680	0.9999
0.4983	kall_circlesrectangles_c6r39	1306	5378	0.9850
0.4908	pooling_sppc1pq	14100	477680	0.1683
0.4878	maxcsp-langford-3-11	660	29646	0.3098
0.4876	gancns	548	2800	0.8502
0.4875	rsyn0815m	821	2242	0.9377
0.4804	rsyn0830hfsg	1590	4100	0.9514
0.4743	space25a	634	3246	0.9586
0.4737	syn30m02m	1492	3936	0.9784
0.4704	forest	713	2658	0.9933
0.4578	clay0305hfsg	1000	2910	0.9168
0.4537	edgecross10-030	1053	4654	0.7367
0.4534	pooling_digabel19	514	5340	0.8433
0.4522	waternd2	615	2580	0.4806
0.4428	faclay30	16678	82242	0.9552
0.4405	pooling_sppa9pq	5030	120730	0.6312
0.4387	glider400	10017	49624	0.8779
0.4382	syn40m04hfsg	6328	16896	0.9666
0.4348	powerflow0030p	1121	4194	0.9478
0.4337	syn15m04m	1908	5288	0.9604
0.4323	wastewater13m1	481	3252	0.9989
0.4280	cont6-qq	120395	557994	0.6962
0.4277	p_ball_30b_5p_2d_h	1543	5224	0.9961
0.4247	sfacloc2_4_90	1491	4500	0.9104
0.4238	supplychainr1_053050	16640	57800	1.0000
0.4192	tls6	413	2860	0.9474
0.4178	kissing2	20772	401024	1.0000
0.4174	emfl100_5_5	21925	52300	1.0000
0.4144	blend146	1422	4460	0.8232
0.4111	edgecross14-156	3097	19664	0.9254
0.4083	wastewater05m1	98	536	0.6874
0.4078	blend721	1428	4548	0.8528
0.4055	sonetgr17	440	2958	0.8190
0.4025	nd_netgen-2000-3-4-b-a-ns_7	22074	60000	0.9446
0.3999	blend718	1386	4310	0.8737
0.3877	squfl015-080persp	7295	21600	1.0000
0.3868	edgecross10-040	1053	5116	0.8867
0.3836	squfl030-150	13680	36000	1.0000
0.3789	p_ball_10b_7p_3d_h	1236	4186	0.9739
0.3781	sporttournament18	156	886	0.7746
0.3759	rsyn0840m	1159	3168	0.9404
0.3740	waterund14	333	2204	0.3600
0.3689	edgecross10-080	1053	5940	0.9638
0.3675	catmix400	2001	11192	0.9998
0.3672	slay05h	760	2080	0.8961
0.3642	ex1265a	123	560	0.9498
0.3623	edgecross10-090	1053	5204	0.8181
0.3622	space25	1178	4334	0.9559
0.3613	o9_ar4_1	1049	4336	0.9177
0.3592	korcns	156	712	0.9113
0.3584	fo9_ar25_1	1049	4336	0.9177
0.3546	powerflow0014r	403	1630	0.9628
0.3524	slay08m	660	2016	1.0000
0.3501	wastepaper4	115	724	0.7397
0.3478	ex8_3_9	123	834	0.7643
0.3452	primary	378	5610	0.8688
0.3437	syn40m	560	1528	0.9644
0.3430	syn40hfsg	1022	2624	0.9671
0.3412	chain200	601	2396	1.0000
0.3406	syn10m04m	1224	3384	0.9979
0.3381	clay0204hfsg	590	1696	0.9116
0.3373	waterund01	96	404	0.7297
0.3371	graphpart_clique-30	120	2790	0.7961
0.3365	emfl100_3_3	6885	15948	1.0000
0.3310	wastepaper6	191	1416	1.0000
0.3292	knp5-44	2157	32604	1.0000
0.3270	waterund11	160	828	0.7224
0.3231	syn10m03hfsg	1071	2772	0.9921
0.3217	p_ball_10b_5p_4d_m	403	1484	0.9784
0.3215	demo7	155	618	0.9573
0.3193	p_ball_10b_5p_2d_m	293	964	0.9848
0.3192	sssd20-08persp	356	1232	1.0000
0.3142	slay07m	497	1512	1.0000
0.3131	knp5-43	2065	31132	1.0000
0.3127	sssd18-08persp	338	1168	1.0000
0.3120	graphpart_clique-20	80	1260	0.7985
0.3093	catmix200	1001	5592	0.9995
0.3085	squfl025-025persp	3800	11250	1.0000
0.3031	chain400	1201	4796	1.0000
0.3024	hydroenergy1	1046	3024	1.0000
0.3020	st_e31	301	744	0.9389
0.3018	st_rv9	90	840	0.9447
0.3015	pooling_rt2tp	118	654	0.9864
0.3007	clay0203m	132	420	1.0000
0.2996	lop97icx	1073	2118	0.8078
0.2985	genpooling_lee2	221	1048	0.7051
0.2963	pooling_adhya4pq	170	932	0.6809
0.2953	graphpart_3g-0244-0244	128	672	0.9727
0.2897	qspp_0_14_0_1_10_1	560	120274	0.9950
0.2866	clay0304m	258	840	1.0000
0.2857	clay0204m	222	704	1.0000
0.2852	slay06m	357	1080	1.0000
0.2836	slay05m	240	720	1.0000
0.2830	maxcsp-ehi-85-297-71	2372	207996	0.8040
0.2815	syn15hfsg	399	1022	0.9915
0.2810	st_test8	64	232	0.8382
0.2809	prolog	64	292	0.9839
0.2805	waterund08	230	1290	0.8534
0.2797	orth_d4m6_pl	172	1096	0.9785
0.2781	graphpart_clique-70	280	14910	0.8103
0.2766	sssd25-08	401	1200	1.0000
0.2745	st_m2	72	1226	1.0000
0.2721	meanvar-orl400_05_e_7	5205	174804	0.9998
0.2718	meanvar-orl400_05_e_8	4405	171604	1.0000
0.2694	tspn08	72	668	0.6863
0.2692	graphpart_3g-0333-0333	108	648	0.8064
0.2673	ex1263a	94	390	1.0000
0.2671	pooling_adhya4tp	170	936	0.7667
0.2647	wastewater02m1	36	138	0.9316
0.2627	emfl050_5_5	13175	32300	1.0000
0.2622	csched1	110	376	1.0000
0.2617	elf	124	376	0.7951
0.2593	st_rv2	40	340	1.0000
0.2567	ex8_4_1	32	100	1.0000
0.2532	sporttournament08	31	156	1.0000
0.2516	st_e07	19	60	1.0000
0.2487	ex7_2_1	35	134	0.9688
0.2422	slay04m	146	432	1.0000
0.2409	st_bpaf1a	30	120	0.9310
0.2400	pooling_haverly1pq	31	96	0.9782
0.2390	qspp_0_13_0_1_10_1	481	88522	0.9948
0.2387	maxmin	181	1440	1.0000
0.2369	pooling_haverly1tp	31	96	0.9527
0.2301	st_jcbpaf2	36	246	0.9437
0.2294	ex5_2_4	18	62	0.9461
0.2284	nvs05	22	84	0.9603
0.2208	pointpack04	29	120	1.0000
0.2194	prob02	22	76	0.8689
0.2150	st_m1	42	432	1.0000
0.2128	kall_diffcircles_6	76	302	1.0000
0.2101	qspp_0_10_0_1_10_1	280	29636	0.9946
0.2095	qspp_0_11_0_1_10_1	341	44264	0.9911
0.2085	pointpack06	55	276	1.0000
0.2083	sssd15-04	163	440	1.0000
0.2060	hybriddynamic_fixed	168	388	1.0000
0.2038	st_ph1	16	58	0.8504
0.1997	sep1	69	206	0.9544
0.1961	ex1225	26	66	0.9415
0.1938	ex1223	33	82	1.0000
0.1887	ex6_1_4	10	48	0.7766
0.1867	tln2	32	88	1.0000
0.1864	ex1223b	25	66	1.0000
0.1852	himmel11	14	60	1.0000
0.1839	qap	255	43748	0.9599
0.1839	ex8_1_7	14	46	0.9343
0.1821	watercontamination0303r	1310	37028	1.0000
0.1812	ex2_1_3	31	72	1.0000
0.1804	ex9_2_6	28	68	1.0000
0.1800	st_bsj2	13	40	0.7972
0.1797	st_qpk3	55	548	0.6881
0.1793	nvs02	11	46	1.0000
0.1793	ex9_1_2	19	54	0.9521
0.1608	st_glmp_ss1	24	66	1.0000
0.1600	ex3_1_3	18	36	0.9222
0.1595	st_glmp_ss2	18	48	1.0000
0.1577	oaer	20	40	1.0000
0.1562	st_bpk1	16	44	0.9391
0.1525	st_ph13	23	68	0.8599
0.1399	st_pan1	11	32	0.7642
0.1384	ex9_2_4	15	36	1.0000
0.1308	ex14_1_8	11	30	1.0000
0.1252	st_ht	8	18	0.8627
0.1202	st_e22	12	30	0.9091
0.0002	polygon75	5846	49652	1.0000
0.0001	pedigree_sim400	351	23546	0.9997
0.0000	camshape400	2000	7188	1.0000
0.0000	autocorr_bern40-30	43	1534	1.0000
0.0000	autocorr_bern35-35fix	38	1264	1.0000
0.0000	smallinvDAXr1b010-011	39	1120	0.9859
0.0000	autocorr_bern25-19	28	612	1.0000
0.0000	autocorr_bern30-23	33	878	1.0000
0.0000	cvxnonsep_psig30	30	870	1.0000
0.0000	cvxnonsep_psig20	20	380	1.0000
0.0000	autocorr_bern20-15	23	394	1.0000
0.0000	st_qpc-m3a	30	304	0.6755
0.0000	nvs23	27	252	0.6356
0.0000	nvs19	24	200	0.6534
0.0000	cvxnonsep_normcon40r	162	322	1.0000
0.0000	st_iqpbk1	22	98	1.0000
0.0000	st_e25	20	92	0.7798
0.0000	cvxnonsep_psig30r	126	250	1.0000
0.0000	st_e24	10	26	0.8906
0.0000	st_e41	8	32	1.0000
0.0000	cvxnonsep_normcon20r	82	162	1.0000
0.0000	st_miqp2	10	18	1.0000
0.0000	cvxnonsep_psig20r	86	170	1.0000
matrices under 0.010s: 23/300
matrices under 0.050s: 23/300
matrices under 0.100s: 23/300
matrices under 0.200s: 50/300
matrices under 0.400s: 152/300

--- per-bucket ---
lt_1k    count=147   geomean=0.8874
1k_10k   count=108   geomean=0.8378
gt_10k   count=45    geomean=0.6852
SCORE = 0.791635
WORST order() = 1.238 s
FORCEAUDIT	stage1b_sites=39	force_fires=10	unsound=0	core_total_mismatch=0	max_drift_ppm=0	worst_incumbent=0	worst_adopted=0	tie_window_opened=16	tie_pass_run=2
ok

test result: ok. 1 passed; 0 failed; 0 ignored; 0 measured; 177 filtered out; finished in 136.02s

############ ARM P done
############ ARM A16 : env SSI_INDEP_FORCE=1 SSI_TERM_CLASS_N=16000
warning: unused doc comment
    --> candidate-worker/src/../../src/ordering/mod.rs:1223:1
     |
1223 | / /// TEST-ONLY sweep switch for the mid-size `rgreedy` stream opened by the 0154
1224 | | /// engine census. Returns `(ops_budget, gate_variant, stream_count)`; a zero
1225 | | /// budget disables the stream, which is what production compiles to — the
1226 | | /// switch can never change a submitted ordering. Configured through
1227 | | /// `SSI_MID_ENGINE="<variant>:<budget>[:<streams>]"` so one build can sweep
1228 | | /// several gate/budget points.
     | |_------------------------------^
     |   |
     |   rustdoc does not generate documentation for macro invocations
     |
     = help: to document an item produced by a macro, the macro must produce the documentation as part of its expansion
     = note: `#[warn(unused_doc_comments)]` (part of `#[warn(unused)]`) on by default

warning: unused doc comment
    --> candidate-worker/src/../../src/ordering/mod.rs:1491:1
     |
1491 | / /// TEST-ONLY kill switch for the heavy-tier arm (metrics + no-dense AMD +
1492 | | /// extra AMF α), so a probe can A/B the arm in one process.
     | |_-----------------------------------------------------------^
     |   |
     |   rustdoc does not generate documentation for macro invocations
     |
     = help: to document an item produced by a macro, the macro must produce the documentation as part of its expansion

warning: unused doc comment
   --> candidate-worker/src/../../src/ordering/parallel.rs:335:1
    |
335 | / /// TEST-ONLY switch forcing every batch onto the sequential path, so a probe
336 | | /// can run the SAME `order()` both ways in one process and compare the
337 | | /// returned permutations element by element. Production builds compile
338 | | /// [`force_sequential`] down to a constant `false`.
    | |_---------------------------------------------------^
    |   |
    |   rustdoc does not generate documentation for macro invocations
    |
    = help: to document an item produced by a macro, the macro must produce the documentation as part of its expansion

warning: unused doc comment
   --> candidate-worker/src/../../src/ordering/parallel.rs:369:1
    |
369 | / /// TEST-ONLY per-phase wall-clock marks: `phase_mark(label, t0)` appends
370 | | /// `(label, secs since t0)`; `phase_take()` drains them. Lets a probe see which
371 | | /// stage of `order()` sets a row's critical path. Never compiled into the
372 | | /// shipped binary.
    | |_------------------^
    |   |
    |   rustdoc does not generate documentation for macro invocations
    |
    = help: to document an item produced by a macro, the macro must produce the documentation as part of its expansion

warning: unused doc comment
    --> candidate-worker/src/../../src/ordering/mod.rs:5154:5
     |
5154 | /     /// ── 0192: the window is the frontier's own chain scope ─────────────────
5155 | |     /// The chain no longer reaches above n = 10 000 (see `PEO_ALT_MAX_N`), so
5156 | |     /// the draw takes over the whole band the chain used to own. Measured on the
5157 | |     /// 300 dev rows: with the window at 50 000 instead of 12 000 the draw adds
...    |
5163 | |     /// spender there), and its worst row is 1.127 s against the frontier's
5164 | |     /// 1.160 s base, so the wide band stays below the frontier's own footprint.
     | |________________________________________________________________________________^
5165 |       #[cfg(test)]
5166 | /     let window_n: usize = std::env::var("SSI_TERM_WIN_N")
5167 | |         .ok()
5168 | |         .and_then(|v| v.trim().parse::<usize>().ok())
5169 | |         .unwrap_or(50_000);
     | |___________________________- rustdoc does not generate documentation for statements
     |
     = help: use `//` for a plain comment

warning: unused doc comment
    --> candidate-worker/src/../../src/ordering/mod.rs:5306:9
     |
5306 | /         /// `nnz < 3n` = the sparse band of the 0184 price law (66 of the 300 dev
5307 | |         /// rows, all of them in-window). Structural, never per-matrix.
     | |_______________________________________________________________________^
5308 | /         let shipped_ladder = || {
5309 | |             if nnz < 3 * n {
5310 | |                 SHIPPED_SPARSE_LADDER.to_vec()
5311 | |             } else {
...    |
5314 | |         };
     | |__________- rustdoc does not generate documentation for statements
     |
     = help: use `//` for a plain comment

warning: variable does not need to be mutable
    --> candidate-worker/src/../../src/ordering/probe.rs:4151:9
     |
4151 |     let mut next = |s: &mut u64| -> u64 {
     |         ----^^^^
     |         |
     |         help: remove this `mut`
     |
     = note: `#[warn(unused_mut)]` (part of `#[warn(unused)]`) on by default

warning: value assigned to `d` is never read
   --> candidate-worker/src/../../src/ordering/rgreedy.rs:397:29
    |
397 |                 let mut d = 0u32;
    |                             ^^^^
    |
    = help: maybe it is overwritten before being read?
    = note: `#[warn(unused_assignments)]` (part of `#[warn(unused)]`) on by default

warning: constant `SUBTREE_MAX_N` is never used
   --> candidate-worker/src/../../src/ordering/mod.rs:855:7
    |
855 | const SUBTREE_MAX_N: usize = 250_000;
    |       ^^^^^^^^^^^^^
    |
    = note: `#[warn(dead_code)]` (part of `#[warn(unused)]`) on by default

warning: function `refine` is never used
  --> candidate-worker/src/../../src/ordering/completion.rs:12:15
   |
12 | pub(super) fn refine(
   |               ^^^^^^

warning: type alias `PermFn` is never used
  --> candidate-worker/src/../../src/ordering/parallel.rs:80:17
   |
80 | pub(crate) type PermFn<'a> = Box<dyn Fn() -> Option<Vec<usize>> + Sync + 'a>;
   |                 ^^^^^^

warning: function `run_perms` is never used
   --> candidate-worker/src/../../src/ordering/parallel.rs:189:15
    |
189 | pub(crate) fn run_perms(
    |               ^^^^^^^^^

warning: function `accept` is never used
   --> candidate-worker/src/../../src/ordering/parallel.rs:314:15
    |
314 | pub(crate) fn accept(results: &mut [CandOut], best_flops: &mut u64, best_perm: &mut Vec<usize>) -> bool {
    |               ^^^^^^

warning: function `minl_is_clique` is never used
   --> candidate-worker/src/../../src/ordering/minl.rs:136:4
    |
136 | fn minl_is_clique(adj: &[Vec<u32>], c: &[u32], ops: &mut i64) -> bool {
    |    ^^^^^^^^^^^^^^

warning: function `minl_try_delete_edge` is never used
   --> candidate-worker/src/../../src/ordering/minl.rs:232:4
    |
232 | fn minl_try_delete_edge(
    |    ^^^^^^^^^^^^^^^^^^^^

warning: function `run_sequential_180` is never used
   --> candidate-worker/src/../../src/ordering/indep_first.rs:632:4
    |
632 | fn run_sequential_180(sp: &ScoringPattern, ledger: u64) -> Option<(u64, Vec<usize>)> {
    |    ^^^^^^^^^^^^^^^^^^

warning: function `reset` is never used
   --> candidate-worker/src/../../src/ordering/mod.rs:557:19
    |
557 |     pub(crate) fn reset() {
    |                   ^^^^^

warning: `ssi-candidate-worker` (bin "ssi-candidate-worker" test) generated 17 warnings (run `cargo fix --bin "ssi-candidate-worker" -p ssi-candidate-worker --tests` to apply 1 suggestion)
    Finished `release` profile [optimized] target(s) in 0.01s
     Running unittests src/main.rs (target/release/deps/ssi_candidate_worker-9bc17c144118ca64)

running 1 test
test ordering::probe::probe_timing_and_score ... LADGATE	357	10000	0.221	1
LIFT	slay06m	357	147	660	147
COUNTS	slay06m	357	1080	4025	4025
LADGATE	401	10000	0.254	1
LIFT	sssd25-08	401	89	640	89
COUNTS	sssd25-08	401	1200	5389	5389
LADGATE	4772	10000	0.620	1
LIFT	rsyn0810m04m	4772	2520	9996	2520
COUNTS	rsyn0810m04m	4772	13836	147553	113250
LIFT	pooling_sppc3pq	23173	12327	872032	12327
COUNTS	pooling_sppc3pq	23173	893724	1153877333	325595394
LADGATE	1131	10000	0.548	1
LIFT	sporttournament48	1131	721	7408	721
COUNTS	sporttournament48	1131	6676	919582	594138
LADGATE	5030	10000	0.428	1
LIFT	pooling_sppa9pq	5030	2509	126346	2509
COUNTS	pooling_sppa9pq	5030	120730	23971280	15130622
LADGATE	1053	10000	0.315	1
LIFT	edgecross10-090	1053	571	4240	571
COUNTS	edgecross10-090	1053	5204	126115	103179
LIFT	maxcsp-ehi-85-297-71	2372	2075	216272	2075
COUNTS	maxcsp-ehi-85-297-71	2372	207996	1381768944	1110971341
LADGATE	30	10000	0.167	1
COUNTS	st_bpaf1a	30	120	623	580
LADGATE	1462	10000	0.484	1
LIFT	risk2bpb	1462	628	4030	628
COUNTS	risk2bpb	1462	5396	118471	66041
LADGATE	255	10000	0.133	1
LIFT	qap	255	225	49148	225
COUNTS	qap	255	43748	3802533	3650113
LADGATE	7252	10000	0.570	1
LIFT	rsyn0830m04m	7252	3744	14872	3744
COUNTS	rsyn0830m04m	7252	20752	212130	171656
LADGATE	1073	10000	0.266	1
LIFT	lop97icx	1073	155	1760	155
COUNTS	lop97icx	1073	2118	79286	64044
LADGATE	1201	10000	0.229	1
LIFT	chain400	1201	800	3196	800
COUNTS	chain400	1201	4796	16382	16382
LADGATE	9532	10000	0.754	1
LIFT	mpbp_07	9532	5704	23110	5704
COUNTS	mpbp_07	9532	30810	1368477	1248947
LADGATE	440	10000	0.336	1
LIFT	sonetgr17	440	317	2712	317
COUNTS	sonetgr17	440	2958	37814	30971
LADGATE	2207	10000	0.594	1
LIFT	p_ball_30b_7p_2d_h	2207	1415	5932	1415
COUNTS	p_ball_30b_7p_2d_h	2207	7516	42456	42319
LADGATE	19995	10000	0.704	0
LIFT	pinene200	19995	15795	89590	15795
COUNTS	pinene200	19995	97990	1358716	1134463
LIFT	unitcommit_200_100_1_mod_8	146830	73272	329560	73272
COUNTS	unitcommit_200_100_1_mod_8	146830	476332	3053940	2981835
LADGATE	123	10000	0.272	1
LIFT	ex8_3_9	123	101	766	101
COUNTS	ex8_3_9	123	834	15050	11503
LADGATE	2486	10000	0.616	1
LIFT	rsyn0820m02m	2486	1364	4808	1364
COUNTS	rsyn0820m02m	2486	6932	38190	35631
LADGATE	293	10000	0.251	1
LIFT	p_ball_10b_5p_2d_m	293	119	716	119
COUNTS	p_ball_10b_5p_2d_m	293	964	6648	6547
LADGATE	170	10000	0.205	1
LIFT	pooling_adhya4tp	170	93	806	93
COUNTS	pooling_adhya4tp	170	936	26842	20581
LADGATE	7295	10000	0.297	1
LIFT	squfl015-080persp	7295	2495	12000	2495
COUNTS	squfl015-080persp	7295	21600	74520	74520
LADGATE	1053	10000	0.318	1
LIFT	edgecross10-080	1053	571	4976	571
COUNTS	edgecross10-080	1053	5940	170814	164639
LADGATE	590	10000	0.312	1
LIFT	clay0204hfsg	590	278	1184	278
COUNTS	clay0204hfsg	590	1696	7198	6562
LADGATE	13	10000	0.120	1
COUNTS	st_bsj2	13	40	143	114
LADGATE	440	10000	0.437	1
LIFT	chimera_mgw-c8-439-onc8-002	440	418	3060	418
COUNTS	chimera_mgw-c8-439-onc8-002	440	3038	97870	86464
LADGATE	5188	10000	0.669	1
LIFT	batchs201210m	5188	2645	13208	2645
COUNTS	batchs201210m	5188	17910	349298	303381
LADGATE	5456	10000	0.665	1
LIFT	rsyn0815m04m	5456	2966	10968	2966
COUNTS	rsyn0815m04m	5456	15756	184352	143458
LADGATE	560	10000	0.303	1
LIFT	syn40m	560	291	1080	291
COUNTS	syn40m	560	1528	5007	4829
LADGATE	2157	10000	0.271	1
LIFT	knp5-44	2157	1167	31152	1167
COUNTS	knp5-44	2157	32604	3764003	3764003
LADGATE	94	10000	0.187	1
LIFT	ex1263a	94	59	320	59
COUNTS	ex1263a	94	390	2098	2098
COUNTS	st_e41	8	32	88	88
LADGATE	2305	10000	0.645	1
LIFT	squfl025-030	2305	805	3000	805
COUNTS	squfl025-030	2305	6000	42305	42305
LADGATE	98	10000	0.237	1
LIFT	wastewater05m1	98	62	740	62
COUNTS	wastewater05m1	98	536	11690	8036
COUNTS	cvxnonsep_psig20	20	380	2870	2870
LADGATE	4405	10000	0.177	1
LIFT	meanvar-orl400_05_e_8	4405	2403	168400	2403
COUNTS	meanvar-orl400_05_e_8	4405	171604	21923414	21922611
LADGATE	301	10000	0.268	1
LIFT	st_e31	301	163	492	163
COUNTS	st_e31	301	744	4534	4257
LIFT	pooling_sppc1pq	14100	7273	535700	7273
COUNTS	pooling_sppc1pq	14100	477680	812210652	136686008
LADGATE	31	10000	0.167	1
COUNTS	pooling_haverly1pq	31	96	412	403
LADGATE	128	10000	0.224	1
LIFT	graphpart_3g-0244-0244	128	96	672	96
COUNTS	graphpart_3g-0244-0244	128	672	33446	32534
LADGATE	80	10000	0.234	1
LIFT	graphpart_clique-20	80	77	1254	77
COUNTS	graphpart_clique-20	80	1260	34885	27856
LADGATE	28368	10000	0.865	0
LIFT	mpbp_48	28368	16000	66180	16000
COUNTS	mpbp_48	28368	91016	33835023	16144599
LIFT	pooling_sppb5pq	18529	9496	693670	9496
COUNTS	pooling_sppb5pq	18529	674470	523815053	213571545
LADGATE	497	10000	0.253	1
LIFT	slay07m	497	203	924	203
COUNTS	slay07m	497	1512	5740	5740
COUNTS	nvs19	24	200	1353	884
LADGATE	3270	10000	0.526	1
LIFT	oil	3270	1687	5444	1687
COUNTS	oil	3270	8430	36313	34760
LADGATE	2775	10000	0.848	1
LIFT	squfl015-060	2775	975	3600	975
COUNTS	squfl015-060	2775	7200	36400	36400
LADGATE	1112	10000	0.447	1
LIFT	ndcc12persp	1112	961	5220	961
COUNTS	ndcc12persp	1112	5522	299115	284793
LIFT	kissing2	20772	10772	381024	10772
COUNTS	kissing2	20772	401024	156414018	156414018
LADGATE	1942	10000	0.578	1
LIFT	nuclear25a	1942	755	18260	755
COUNTS	nuclear25a	1942	16030	1977163	1136191
LADGATE	222	10000	0.218	1
LIFT	clay0204m	222	102	464	102
COUNTS	clay0204m	222	704	2330	2330
LADGATE	23	10000	0.135	1
COUNTS	st_ph13	23	68	207	178
LADGATE	1053	10000	0.397	1
LIFT	edgecross10-030	1053	573	5134	573
COUNTS	edgecross10-030	1053	4654	135854	100080
LADGATE	601	10000	0.257	1
LIFT	chain200	601	400	1596	400
COUNTS	chain200	601	2396	8182	8182
LADGATE	25	10000	0.165	1
COUNTS	ex1223b	25	66	178	178
LADGATE	2718	10000	0.562	1
LIFT	slay09h	2718	1206	5040	1206
COUNTS	slay09h	2718	7488	36057	32385
LADGATE	974	10000	0.542	1
LIFT	ndcc12	974	902	6222	902
COUNTS	ndcc12	974	5982	345696	329556
LADGATE	1306	10000	0.418	1
LIFT	kall_circlesrectangles_c6r39	1306	924	4638	924
COUNTS	kall_circlesrectangles_c6r39	1306	5378	75744	74610
LADGATE	9170	10000	0.532	1
LIFT	squfl020-150	9170	3170	12000	3170
COUNTS	squfl020-150	9170	24000	135020	135020
COUNTS	autocorr_bern40-30	43	1534	20034	20034
LADGATE	660	10000	0.290	1
LIFT	slay08m	660	268	1232	268
COUNTS	slay08m	660	2016	7796	7796
LADGATE	2032	10000	0.612	1
LIFT	chimera_mgw-c16-2031-01	2032	2021	15902	2021
COUNTS	chimera_mgw-c16-2031-01	2032	15900	3328073	2569662
LADGATE	713	10000	0.398	1
LIFT	forest	713	404	2076	404
COUNTS	forest	713	2658	10614	10543
LADGATE	280	10000	0.171	1
LIFT	qspp_0_10_0_1_10_1	280	244	29450	244
COUNTS	qspp_0_10_0_1_10_1	280	29636	1942907	1932414
LADGATE	16	10000	0.139	1
COUNTS	st_ph1	16	58	274	233
LADGATE	124	10000	0.186	1
LIFT	elf	124	65	258	65
COUNTS	elf	124	376	2733	2173
LADGATE	18	10000	0.144	1
COUNTS	ex3_1_3	18	36	90	83
COUNTS	cvxnonsep_normcon40r	162	322	645	645
LADGATE	155	10000	0.250	1
LIFT	demo7	155	66	448	66
COUNTS	demo7	155	618	3579	3426
LADGATE	615	10000	0.390	1
LIFT	waternd2	615	447	2394	447
COUNTS	waternd2	615	2580	155674	74817
LADGATE	64	10000	0.200	1
LIFT	prolog	64	42	248	42
COUNTS	prolog	64	292	1245	1225
LADGATE	11	10000	0.114	1
COUNTS	ex14_1_8	11	30	80	80
LIFT	faclay75	272878	137826	1109602	137826
COUNTS	faclay75	272878	1379706	3204527350	3013800414
LADGATE	55	10000	0.130	1
LIFT	st_qpk3	55	33	504	33
COUNTS	st_qpk3	55	548	5467	3762
LADGATE	11556	10000	0.593	0
LIFT	mpbp_34	11556	7230	32172	7230
COUNTS	mpbp_34	11556	40860	3093917	891278
COUNTS	cvxnonsep_normcon20r	82	162	325	325
COUNTS	cvxnonsep_psig20r	86	170	341	341
LADGATE	18742	10000	0.712	0
LIFT	crudeoil_pooling_dt2	18742	10735	60222	10735
COUNTS	crudeoil_pooling_dt2	18742	75910	14985540	9947932
LADGATE	2868	10000	0.906	1
LIFT	rsyn0805m03m	2868	1596	5810	1596
COUNTS	rsyn0805m03m	2868	8270	60979	54853
COUNTS	st_iqpbk1	22	98	295	295
LADGATE	96	10000	0.260	1
LIFT	waterund01	96	47	384	47
COUNTS	waterund01	96	404	4546	3317
LADGATE	29	10000	0.153	1
COUNTS	pointpack04	29	120	577	577
LADGATE	12	10000	0.104	1
COUNTS	st_e22	12	30	77	70
LADGATE	16678	10000	0.444	0
LIFT	faclay30	16678	8556	65998	8556
COUNTS	faclay30	16678	82242	13452923	12850431
LADGATE	4432	10000	0.432	1
LIFT	arki0002	4432	2608	9424	2608
COUNTS	arki0002	4432	11248	683476	667374
LADGATE	11659	10000	0.895	0
LIFT	transswitch0300p	11659	6750	41276	6750
COUNTS	transswitch0300p	11659	48446	404940	374416
LADGATE	30660	10000	0.842	0
LIFT	crudeoil_pooling_dt3	30660	15957	134914	15957
COUNTS	crudeoil_pooling_dt3	30660	152210	48975085	33883414
LADGATE	22536	10000	0.747	0
LIFT	gasprod_sarawak81	22536	12902	61066	12902
COUNTS	gasprod_sarawak81	22536	75636	1030380	941231
LADGATE	660	10000	0.401	1
LIFT	maxcsp-langford-3-11	660	627	41846	627
COUNTS	maxcsp-langford-3-11	660	29646	33444033	10360919
LADGATE	1543	10000	0.359	1
LIFT	p_ball_30b_5p_2d_h	1543	999	4136	999
COUNTS	p_ball_30b_5p_2d_h	1543	5224	25843	25742
LADGATE	6709	10000	0.499	1
LIFT	ringpack_20_3	6709	3451	41284	3451
COUNTS	ringpack_20_3	6709	45220	2415136	865627
LADGATE	4825	10000	0.668	1
LIFT	waste	4825	2503	19260	2503
COUNTS	waste	4825	21504	1468261	1270649
LADGATE	2001	10000	0.295	1
LIFT	catmix400	2001	1998	11180	1998
COUNTS	catmix400	2001	11192	36373	36364
LADGATE	3054	10000	0.527	1
LIFT	rsyn0815m02hfsg	3054	1697	5478	1697
COUNTS	rsyn0815m02hfsg	3054	7968	44604	41384
LADGATE	1236	10000	0.300	1
LIFT	p_ball_10b_7p_3d_h	1236	751	3216	751
COUNTS	p_ball_10b_7p_3d_h	1236	4186	24380	23744
LADGATE	1225	10000	0.615	1
LIFT	chimera_k64ising-02	1225	772	3732	772
COUNTS	chimera_k64ising-02	1225	3846	613390	371142
LADGATE	3404	10000	0.563	1
LIFT	batchs121208m	3404	1725	8392	1725
COUNTS	batchs121208m	3404	11462	138030	128816
LADGATE	11	10000	0.112	1
COUNTS	nvs02	11	46	142	142
LADGATE	191	10000	0.257	1
LIFT	wastepaper6	191	156	1358	156
COUNTS	wastepaper6	191	1416	16611	16611
LADGATE	399	10000	0.261	1
LIFT	syn15hfsg	399	221	666	221
COUNTS	syn15hfsg	399	1022	3300	3272
LADGATE	36	10000	0.162	1
LIFT	st_jcbpaf2	36	23	220	23
COUNTS	st_jcbpaf2	36	246	1635	1543
COUNTS	camshape400	2000	7188	16768	16768
LADGATE	120	10000	0.260	1
LIFT	graphpart_clique-30	120	117	2784	117
COUNTS	graphpart_clique-30	120	2790	114505	91153
LADGATE	280	10000	0.209	1
LIFT	graphpart_clique-70	280	277	14904	277
COUNTS	graphpart_clique-70	280	14910	1413012	1144894
COUNTS	smallinvDAXr1b010-011	39	1120	13510	13319
LADGATE	22074	10000	0.403	0
LIFT	nd_netgen-2000-3-4-b-a-ns_7	22074	10074	36000	10074
COUNTS	nd_netgen-2000-3-4-b-a-ns_7	22074	60000	289420	273394
LADGATE	240	10000	0.214	1
LIFT	slay05m	240	100	440	100
COUNTS	slay05m	240	720	2635	2635
LADGATE	2031	10000	1.108	1
LIFT	chimera_selby-c16-01	2031	1517	13662	1517
COUNTS	chimera_selby-c16-01	2031	10964	3605628	2419538
LADGATE	110	10000	0.184	1
LIFT	csched1	110	30	100	30
COUNTS	csched1	110	376	975	975
LADGATE	1310	10000	0.137	1
LIFT	watercontamination0303r	1310	755	35918	755
COUNTS	watercontamination0303r	1310	37028	2171882	2171882
LADGATE	15	10000	0.119	1
COUNTS	ex9_2_4	15	36	117	117
LADGATE	163	10000	0.184	1
LIFT	sssd15-04	163	47	240	47
COUNTS	sssd15-04	163	440	1625	1625
COUNTS	autocorr_bern35-35fix	38	1264	16214	16214
LADGATE	1491	10000	0.340	1
LIFT	sfacloc2_4_90	1491	775	3282	775
COUNTS	sfacloc2_4_90	1491	4500	31682	28843
LIFT	cont6-qq	120395	79800	397602	79800
COUNTS	cont6-qq	120395	557994	835894090	581918900
LADGATE	5205	10000	0.172	1
LIFT	meanvar-orl400_05_e_7	5205	2803	170000	2803
COUNTS	meanvar-orl400_05_e_7	5205	174804	21939414	21935811
LADGATE	10017	10000	0.363	0
LIFT	glider400	10017	7609	43204	7609
COUNTS	glider400	10017	49624	373018	327461
LADGATE	4960	10000	0.627	1
LIFT	syn40m04m	4960	2524	9280	2524
COUNTS	syn40m04m	4960	13792	65982	63265
LADGATE	31	10000	0.162	1
COUNTS	ex2_1_3	31	72	189	189
LADGATE	705	10000	0.510	1
LIFT	qapw	705	480	87046	480
COUNTS	qapw	705	87496	12183146	12183146
LADGATE	14	10000	0.115	1
COUNTS	himmel11	14	60	198	198
LADGATE	1908	10000	0.382	1
LIFT	syn15m04m	1908	970	3540	970
COUNTS	syn15m04m	1908	5288	26094	25061
LADGATE	118	10000	0.230	1
LIFT	pooling_rt2tp	118	66	554	66
COUNTS	pooling_rt2tp	118	654	5876	5796
LADGATE	333	10000	0.302	1
LIFT	waterund14	333	191	2068	191
COUNTS	waterund14	333	2204	200484	72184
LADGATE	17809	10000	1.063	0
LIFT	crudeoil_lee4_10	17809	10229	106656	10229
COUNTS	crudeoil_lee4_10	17809	120632	294531623	184173410
LADGATE	1294	10000	0.565	1
LIFT	pooling_foulds4pq	1294	723	7208	723
COUNTS	pooling_foulds4pq	1294	8302	138692	138540
LADGATE	3097	10000	0.350	1
LIFT	edgecross14-156	3097	1639	16748	1639
COUNTS	edgecross14-156	3097	19664	1487933	1376964
LADGATE	72	10000	0.205	1
LIFT	tspn08	72	34	646	34
COUNTS	tspn08	72	668	11074	7600
LADGATE	4225	10000	0.583	1
LIFT	crudeoil_li05	4225	2656	17380	2656
COUNTS	crudeoil_li05	4225	14628	680022	533531
LADGATE	14416	10000	0.665	0
LIFT	procurement1large	14416	6606	28248	6606
COUNTS	procurement1large	14416	41068	13858240	7373389
LADGATE	1428	10000	0.324	1
LIFT	blend721	1428	829	3334	829
COUNTS	blend721	1428	4548	77560	66143
LADGATE	2031	10000	1.135	1
LIFT	chimera_selby-c16-02	2031	1436	15878	1436
COUNTS	chimera_selby-c16-02	2031	10878	4280329	2298651
LADGATE	16640	10000	0.425	0
LIFT	supplychainr1_053050	16640	9640	44160	9640
COUNTS	supplychainr1_053050	16640	57800	2173490	2173490
LADGATE	5067	10000	0.754	1
LIFT	sfacloc2_4_80	5067	2567	16656	2567
COUNTS	sfacloc2_4_80	5067	21424	93048	88884
COUNTS	st_e24	10	26	64	57
LADGATE	1053	10000	0.331	1
LIFT	edgecross10-040	1053	571	4152	571
COUNTS	edgecross10-040	1053	5116	161851	143518
LADGATE	8232	10000	0.386	1
LIFT	sonet21v6	8232	4221	32722	4221
COUNTS	sonet21v6	8232	40744	1643311	1585871
LADGATE	2490	10000	0.675	1
LIFT	squfl010-080	2490	890	3200	890
COUNTS	squfl010-080	2490	6400	27665	27665
LADGATE	221	10000	0.237	1
LIFT	genpooling_lee2	221	145	896	145
COUNTS	genpooling_lee2	221	1048	19895	14028
LADGATE	2807	10000	0.639	1
LIFT	popdynm25	2807	2349	13004	2349
COUNTS	popdynm25	2807	13904	360081	286812
LADGATE	5211	10000	0.780	1
LIFT	chp_partload	5211	3186	12690	3186
COUNTS	chp_partload	5211	16740	509170	373134
LADGATE	560	10000	0.252	1
LIFT	qspp_0_14_0_1_10_1	560	364	119024	364
COUNTS	qspp_0_14_0_1_10_1	560	120274	16119226	16038266
LADGATE	24	10000	0.144	1
COUNTS	st_glmp_ss1	24	66	160	160
LADGATE	2508	10000	0.483	1
LIFT	torsion50	2508	1302	20190	1302
COUNTS	torsion50	2508	29808	1691033	1119054
LADGATE	40	10000	0.181	1
LIFT	st_rv2	40	10	90	10
COUNTS	st_rv2	40	340	2045	2045
LADGATE	6885	10000	0.257	1
LIFT	emfl100_3_3	6885	2961	8100	2961
COUNTS	emfl100_3_3	6885	15948	55506	55506
COUNTS	pedigree_sim400	351	23546	1183471	1183168
COUNTS	polygon75	5846	49652	1171822	1171822
LIFT	gabriel10	244056	129644	1260406	129644
COUNTS	gabriel10	244056	1148210	1365442310	1267760679
LADGATE	1049	10000	0.294	1
LIFT	fo9_ar25_1	1049	507	3606	507
COUNTS	fo9_ar25_1	1049	4336	41668	38237
LADGATE	1159	10000	0.330	1
LIFT	rsyn0840m	1159	610	2176	610
COUNTS	rsyn0840m	1159	3168	11274	10602
LADGATE	548	10000	0.404	1
LIFT	gancns	548	318	2280	318
COUNTS	gancns	548	2800	69234	58861
LADGATE	1049	10000	0.292	1
LIFT	o9_ar4_1	1049	507	3606	507
COUNTS	o9_ar4_1	1049	4336	41668	38237
LADGATE	123	10000	0.258	1
LIFT	ex1265a	123	79	472	79
COUNTS	ex1265a	123	560	3948	3750
LADGATE	28	10000	0.162	1
COUNTS	ex9_2_6	28	68	190	190
LADGATE	481	10000	0.196	1
LIFT	qspp_0_13_0_1_10_1	481	312	87460	312
COUNTS	qspp_0_13_0_1_10_1	481	88522	10150185	10097446
LADGATE	146	10000	0.215	1
LIFT	slay04m	146	62	264	62
COUNTS	slay04m	146	432	1554	1554
COUNTS	st_e25	20	92	336	262
LADGATE	32	10000	0.178	1
LIFT	ex8_4_1	32	12	40	12
COUNTS	ex8_4_1	32	100	225	225
LADGATE	19	10000	0.159	1
COUNTS	st_e07	19	60	199	199
LADGATE	26	10000	0.161	1
COUNTS	ex1225	26	66	171	161
LADGATE	969	10000	0.547	1
LIFT	ndcc13	969	735	6656	735
COUNTS	ndcc13	969	5882	525212	324727
LADGATE	1224	10000	0.312	1
LIFT	syn10m04m	1224	620	2256	620
COUNTS	syn10m04m	1224	3384	13501	13473
LADGATE	18	10000	0.155	1
COUNTS	ex5_2_4	18	62	204	193
LADGATE	72	10000	0.211	1
LIFT	st_m2	72	21	420	21
COUNTS	st_m2	72	1226	16331	16331
LADGATE	16	10000	0.141	1
COUNTS	st_bpk1	16	44	115	108
LADGATE	736	10000	0.684	1
LIFT	multiplants_stg1	736	321	3112	321
COUNTS	multiplants_stg1	736	3594	197998	155496
LADGATE	11251	10000	0.781	0
LIFT	powerflow0300p	11251	6342	34748	6342
COUNTS	powerflow0300p	11251	41918	304705	292256
LADGATE	33155	10000	0.576	0
LIFT	nd_netgen-3000-1-1-b-b-ns_7	33155	15155	54000	15155
COUNTS	nd_netgen-3000-1-1-b-b-ns_7	33155	90000	922197	885186
LADGATE	803	10000	0.544	1
LIFT	sonet23v4	803	547	5952	547
COUNTS	sonet23v4	803	6462	139703	94348
LADGATE	1649	10000	0.444	1
LIFT	pooling_sppa0pq	1649	1648	24190	1648
COUNTS	pooling_sppa0pq	1649	24192	3745896	1214182
LADGATE	645	10000	0.627	1
LIFT	multiplants_mtg1b	645	406	4016	406
COUNTS	multiplants_mtg1b	645	4404	229415	152043
LADGATE	338	10000	0.248	1
LIFT	sssd18-08persp	338	138	768	138
COUNTS	sssd18-08persp	338	1168	4654	4654
LADGATE	19	10000	0.163	1
COUNTS	ex9_1_2	19	54	188	179
LADGATE	3670	10000	0.868	1
LIFT	crudeoil_lee1_07	3670	1957	17600	1957
COUNTS	crudeoil_lee1_07	3670	19322	4746188	3506464
LADGATE	31	10000	0.165	1
COUNTS	pooling_haverly1tp	31	96	423	403
LADGATE	230	10000	0.224	1
LIFT	waterund08	230	120	1760	120
COUNTS	waterund08	230	1290	35284	30110
LADGATE	76	10000	0.148	1
LIFT	kall_diffcircles_6	76	45	240	45
COUNTS	kall_diffcircles_6	76	302	1511	1511
LADGATE	440	10000	0.454	1
LIFT	chimera_mgw-c8-439-onc8-001	440	423	3066	423
COUNTS	chimera_mgw-c8-439-onc8-001	440	3040	106479	80090
LADGATE	160	10000	0.254	1
LIFT	waterund11	160	91	642	91
COUNTS	waterund11	160	828	14818	10705
LADGATE	16364	10000	0.770	0
LIFT	chp_shorttermplan2d	16364	8902	38240	8902
COUNTS	chp_shorttermplan2d	16364	52108	4089003	2104724
LADGATE	156	10000	0.293	1
LIFT	sporttournament18	156	136	810	136
COUNTS	sporttournament18	156	886	17568	13608
COUNTS	cvxnonsep_psig30	30	870	9455	9455
LADGATE	6089	10000	0.482	1
LIFT	ringpack_20_2	6089	3132	37034	3132
COUNTS	ringpack_20_2	6089	40368	1872174	707413
LADGATE	1386	10000	0.336	1
LIFT	blend718	1386	808	3138	808
COUNTS	blend718	1386	4310	70355	61466
LADGATE	115	10000	0.270	1
LIFT	wastepaper4	115	50	654	50
COUNTS	wastepaper4	115	724	9711	7183
LADGATE	2450	10000	0.626	1
LIFT	squfl010-040persp	2450	850	4000	850
COUNTS	squfl010-040persp	2450	7200	22825	22825
LADGATE	10429	10000	1.035	0
LIFT	crudeoil_lee4_06	10429	6797	109128	6797
COUNTS	crudeoil_lee4_06	10429	55492	65337120	32564806
LADGATE	1746	10000	0.588	1
LIFT	netmod_kar1	1746	798	3664	798
COUNTS	netmod_kar1	1746	4928	56838	43864
LADGATE	14	10000	0.116	1
COUNTS	ex8_1_7	14	46	137	128
LADGATE	108	10000	0.207	1
LIFT	graphpart_3g-0333-0333	108	81	648	81
COUNTS	graphpart_3g-0333-0333	108	648	44928	36228
LADGATE	760	10000	0.341	1
LIFT	slay05h	760	340	1400	340
COUNTS	slay05h	760	2080	9815	8795
LADGATE	156	10000	0.286	1
LIFT	korcns	156	92	598	92
COUNTS	korcns	156	712	7241	6599
LADGATE	5065	10000	0.728	1
LIFT	powerflow0118p	5065	2810	15480	2810
COUNTS	powerflow0118p	5065	18730	121503	117327
LADGATE	4799	10000	0.862	1
LIFT	sfacloc2_3_80	4799	2402	16046	2402
COUNTS	sfacloc2_3_80	4799	20600	84672	81119
LADGATE	6028	10000	0.717	1
LIFT	rsyn0820m04m	6028	3144	12532	3144
COUNTS	rsyn0820m04m	6028	17372	196890	152980
LADGATE	1046	10000	0.277	1
LIFT	hydroenergy1	1046	570	2164	570
COUNTS	hydroenergy1	1046	3024	14089	14089
LADGATE	181	10000	0.201	1
LIFT	maxmin	181	103	1284	103
COUNTS	maxmin	181	1440	8405	8405
LADGATE	8	10000	0.110	1
COUNTS	st_ht	8	18	51	44
LADGATE	6418	10000	0.957	1
LIFT	crudeoil_lee2_06	6418	4139	66598	4139
COUNTS	crudeoil_lee2_06	6418	34646	23299675	16292510
LADGATE	3183	10000	0.526	1
LIFT	kan_r3_h1_n4	3183	2301	12330	2301
COUNTS	kan_r3_h1_n4	3183	14062	104945	98715
LADGATE	378	10000	0.312	1
LIFT	primary	378	222	5294	222
COUNTS	primary	378	5610	109639	95258
LADGATE	1071	10000	0.297	1
LIFT	syn10m03hfsg	1071	591	1812	591
COUNTS	syn10m03hfsg	1071	2772	9890	9812
LADGATE	36	10000	0.190	1
LIFT	wastewater02m1	36	24	118	24
COUNTS	wastewater02m1	36	138	848	790
LADGATE	4620	10000	0.423	1
LIFT	supplychainr1_022020	4620	2680	11920	2680
COUNTS	supplychainr1_022020	4620	15680	273140	273100
LADGATE	3800	10000	0.283	1
LIFT	squfl025-025persp	3800	1300	6250	1300
COUNTS	squfl025-025persp	3800	11250	49925	49925
LADGATE	17999	10000	0.975	0
LIFT	ringpack_30_2	17999	9231	103922	9231
COUNTS	ringpack_30_2	17999	121458	12394600	2873684
LIFT	nuclear104	39098	26306	232222	26306
COUNTS	nuclear104	39098	257806	103156931	78332024
LADGATE	4952	10000	0.648	1
LIFT	chp_shorttermplan1a	4952	2592	11264	2592
COUNTS	chp_shorttermplan1a	4952	15700	376486	299825
LADGATE	555	10000	0.450	1
LIFT	rocket50	555	450	3272	450
COUNTS	rocket50	555	3488	19983	19265
LADGATE	8508	10000	0.748	1
LIFT	rsyn0840m04m	8508	4368	17360	4368
COUNTS	rsyn0840m04m	8508	24272	229914	185120
LADGATE	11716	10000	0.669	0
LIFT	mpbp_21	11716	6945	28072	6945
COUNTS	mpbp_21	11716	37660	1691114	1456963
LADGATE	172	10000	0.219	1
LIFT	orth_d4m6_pl	172	92	896	92
COUNTS	orth_d4m6_pl	172	1096	10938	10703
LADGATE	1681	10000	0.544	1
LIFT	kall_circlespolygons_c1p5b	1681	1245	6560	1245
COUNTS	kall_circlespolygons_c1p5b	1681	7432	201759	193841
LIFT	acopf_case9241pegase_qcqp	313068	201757	1141270	201757
COUNTS	acopf_case9241pegase_qcqp	313068	1292408	34647355	33736789
LADGATE	33	10000	0.173	1
LIFT	ex1223	33	18	54	18
COUNTS	ex1223	33	82	244	244
LADGATE	10	10000	0.126	1
COUNTS	ex6_1_4	10	48	197	153
LADGATE	403	10000	0.282	1
LIFT	powerflow0014r	403	234	1432	234
COUNTS	powerflow0014r	403	1630	10761	10361
LADGATE	2065	10000	0.288	1
LIFT	knp5-43	2065	1119	29756	1119
COUNTS	knp5-43	2065	31132	3517788	3517788
LADGATE	21688	10000	0.774	0
LIFT	gabriel09	21688	11348	105698	11348
COUNTS	gabriel09	21688	89702	29373994	26366112
LADGATE	32	10000	0.168	1
LIFT	tln2	32	18	60	18
COUNTS	tln2	32	88	233	233
LADGATE	22	10000	0.151	1
COUNTS	prob02	22	76	267	232
LADGATE	1422	10000	0.352	1
LIFT	blend146	1422	826	3252	826
COUNTS	blend146	1422	4460	78102	64296
LADGATE	4518	10000	0.477	1
LIFT	mpbp_46	4518	2728	10872	2728
COUNTS	mpbp_46	4518	14492	499547	447603
LADGATE	413	10000	0.357	1
LIFT	tls6	413	291	2630	291
COUNTS	tls6	413	2860	18483	17511
LADGATE	21925	10000	0.431	0
LIFT	emfl100_5_5	21925	9425	27300	9425
COUNTS	emfl100_5_5	21925	52300	221650	221650
LADGATE	341	10000	0.175	1
LIFT	qspp_0_11_0_1_10_1	341	220	43506	220
COUNTS	qspp_0_11_0_1_10_1	341	44264	3563707	3531915
LADGATE	403	10000	0.270	1
LIFT	p_ball_10b_5p_4d_m	403	169	1116	169
COUNTS	p_ball_10b_5p_4d_m	403	1484	13581	13288
LADGATE	90	10000	0.245	1
LIFT	st_rv9	90	70	800	70
COUNTS	st_rv9	90	840	6691	6321
LADGATE	3486	10000	0.525	1
LIFT	rsyn0840m02m	3486	1876	6568	1876
COUNTS	rsyn0840m02m	3486	9576	47529	44981
LADGATE	22	10000	0.159	1
COUNTS	nvs05	22	84	277	266
COUNTS	autocorr_bern25-19	28	612	5278	5278
LADGATE	356	10000	0.252	1
LIFT	sssd20-08persp	356	140	800	140
COUNTS	sssd20-08persp	356	1232	4960	4960
LADGATE	827	10000	0.647	1
LIFT	multiplants_stg5	827	310	3480	310
COUNTS	multiplants_stg5	827	3804	377794	155722
LADGATE	2032	10000	0.699	1
LIFT	chimera_rfr-02	2032	2012	15234	2012
COUNTS	chimera_rfr-02	2032	15140	3860441	2487302
LADGATE	726	10000	0.616	1
LIFT	multiplants_stg1a	726	304	2994	304
COUNTS	multiplants_stg1a	726	3510	142058	121443
LADGATE	170	10000	0.235	1
LIFT	pooling_adhya4pq	170	93	790	93
COUNTS	pooling_adhya4pq	170	932	24314	16556
LADGATE	17493	10000	0.792	0
LIFT	nuclear10a	17493	15309	159656	15309
COUNTS	nuclear10a	17493	163816	82406325	55754381
LADGATE	874	10000	0.563	1
LIFT	sonet24v5	874	595	6704	595
COUNTS	sonet24v5	874	7260	185654	110276
LIFT	transswitch2736spr	69651	44696	297260	44696
COUNTS	transswitch2736spr	69651	331010	7933133	7281507
LADGATE	8992	10000	0.547	1
LIFT	chp_shorttermplan2a	8992	4760	18484	4760
COUNTS	chp_shorttermplan2a	8992	26288	821014	575282
LADGATE	1001	10000	0.219	1
LIFT	catmix200	1001	998	5580	998
COUNTS	catmix200	1001	5592	18173	18164
COUNTS	nvs23	27	252	1921	1221
LADGATE	20	10000	0.141	1
COUNTS	oaer	20	40	107	107
LADGATE	168	10000	0.178	1
LIFT	hybriddynamic_fixed	168	80	250	80
COUNTS	hybriddynamic_fixed	168	388	1103	1103
LADGATE	16747	10000	0.607	0
LIFT	edgecross24-115	16747	8651	85448	8651
COUNTS	edgecross24-115	16747	77352	35096942	28685704
LADGATE	1178	10000	0.304	1
LIFT	space25	1178	243	1212	243
COUNTS	space25	1178	4334	23567	22528
LADGATE	23999	10000	0.608	0
LIFT	methanol400	23999	19199	142128	19199
COUNTS	methanol400	23999	151728	2586036	1864047
LADGATE	1218	10000	0.550	1
LIFT	pooling_foulds5tp	1218	659	7246	659
COUNTS	pooling_foulds5tp	1218	8364	251833	171941
LADGATE	5040	10000	0.707	1
LIFT	pooling_sppa9tp	5040	2642	116234	2642
COUNTS	pooling_sppa9tp	5040	121302	104609262	16877457
COUNTS	st_miqp2	10	18	37	37
COUNTS	autocorr_bern30-23	33	878	8940	8940
LADGATE	9858	10000	0.747	1
LIFT	mpbp_15	9858	5550	25800	5550
COUNTS	mpbp_15	9858	31692	1496502	1167920
COUNTS	cvxnonsep_psig30r	126	250	501	501
LADGATE	1590	10000	0.430	1
LIFT	rsyn0830hfsg	1590	876	2784	876
COUNTS	rsyn0830hfsg	1590	4100	16168	15383
LADGATE	1271	10000	0.536	1
LIFT	crudeoil_pooling_ct1	1271	722	3626	722
COUNTS	crudeoil_pooling_ct1	1271	4642	125127	93863
LADGATE	800	10000	0.631	1
LIFT	multiplants_stg1c	800	326	3346	326
COUNTS	multiplants_stg1c	800	3894	150039	143020
LADGATE	11	10000	0.132	1
COUNTS	st_pan1	11	32	123	94
LADGATE	814	10000	0.669	1
LIFT	multiplants_stg1b	814	337	3456	337
COUNTS	multiplants_stg1b	814	3992	308612	187593
LADGATE	11999	10000	0.634	0
LIFT	methanol200	11999	9599	71328	9599
COUNTS	methanol200	11999	76128	1290836	905945
LADGATE	26778	10000	0.567	0
LIFT	faclay35	26778	13686	106196	13686
COUNTS	faclay35	26778	132380	33630126	32021838
LADGATE	13175	10000	0.261	0
LIFT	emfl050_5_5	13175	5675	17300	5675
COUNTS	emfl050_5_5	13175	32300	155400	155400
LIFT	transswitch2383wpr	59853	37844	247952	37844
COUNTS	transswitch2383wpr	59853	277562	3946309	3861509
LADGATE	1120	10000	0.535	1
LIFT	chimera_lga-01	1120	721	5500	721
COUNTS	chimera_lga-01	1120	6400	668019	497101
LADGATE	4596	10000	0.716	1
LIFT	gasprod_sarawak16	4596	2632	12316	2632
COUNTS	gasprod_sarawak16	4596	15316	213850	196064
LADGATE	15904	10000	1.071	0
LIFT	crudeoil_lee4_09	15904	10632	92014	10632
COUNTS	crudeoil_lee4_09	15904	101792	208785578	130655525
LADGATE	44909	10000	0.978	0
LIFT	arki0013	44909	18463	161472	18463
COUNTS	arki0013	44909	160172	390472987	157005417
LADGATE	42	10000	0.151	1
LIFT	st_m1	42	11	110	11
COUNTS	st_m1	42	432	3097	3097
LADGATE	5310	10000	0.847	1
LIFT	mpbp_47	5310	3182	12798	3182
COUNTS	mpbp_47	5310	17098	730624	652248
LADGATE	821	10000	0.477	1
LIFT	rsyn0815m	821	434	1516	434
COUNTS	rsyn0815m	821	2242	8260	7745
LADGATE	7993	10000	1.185	1
LIFT	arki0016	7993	4968	26810	4968
COUNTS	arki0016	7993	37208	878890	835794
LADGATE	18	10000	0.168	1
COUNTS	st_glmp_ss2	18	48	121	121
LADGATE	2670	10000	0.811	1
LIFT	rsyn0810m02hfsg	2670	1484	4808	1484
COUNTS	rsyn0810m02hfsg	2670	6964	36862	34753
LADGATE	55	10000	0.167	1
LIFT	pointpack06	55	34	234	34
COUNTS	pointpack06	55	276	1497	1497
LADGATE	6328	10000	0.447	1
LIFT	syn40m04hfsg	6328	3492	11224	3492
COUNTS	syn40m04hfsg	6328	16896	76232	73685
LADGATE	258	10000	0.231	1
LIFT	clay0304m	258	122	576	122
COUNTS	clay0304m	258	840	2742	2742
LADGATE	1218	10000	0.471	1
LIFT	pooling_foulds5pq	1218	655	7342	655
COUNTS	pooling_foulds5pq	1218	8300	159641	159641
LADGATE	1000	10000	0.447	1
LIFT	clay0305hfsg	1000	485	2050	485
COUNTS	clay0305hfsg	1000	2910	12260	11240
LADGATE	64	10000	0.246	1
LIFT	st_test8	64	44	192	44
COUNTS	st_test8	64	232	2343	1964
LIFT	gams05	17364	8487	278504	8487
COUNTS	gams05	17364	252910	6179750712	3259322396
LADGATE	31	10000	0.193	1
COUNTS	sporttournament08	31	156	862	862
LADGATE	1121	10000	0.406	1
LIFT	powerflow0030p	1121	642	3468	642
COUNTS	powerflow0030p	1121	4194	24944	23642
LADGATE	22407	10000	1.024	0
LIFT	popdynm200	22407	18799	98384	18799
COUNTS	popdynm200	22407	105584	2567878	2436690
LADGATE	11120	10000	0.871	0
LIFT	mpbp_35	11120	6920	32350	6920
COUNTS	mpbp_35	11120	40790	3037207	975441
LADGATE	1492	10000	0.474	1
LIFT	syn30m02m	1492	762	2608	762
COUNTS	syn30m02m	1492	3936	13752	13455
LADGATE	481	10000	0.442	1
LIFT	wastewater13m1	481	353	3026	353
COUNTS	wastewater13m1	481	3252	60135	60068
LADGATE	1022	10000	0.340	1
LIFT	syn40hfsg	1022	573	1726	573
COUNTS	syn40hfsg	1022	2624	8432	8155
LADGATE	69	10000	0.200	1
LIFT	sep1	69	36	150	36
COUNTS	sep1	69	206	1097	1047
LADGATE	2508	10000	0.588	1
LIFT	syn30m03m	2508	1278	4542	1278
COUNTS	syn30m03m	2508	6804	26806	26552
COUNTS	st_qpc-m3a	30	304	2330	1574
LADGATE	2644	10000	1.291	1
LIFT	crudeoil_pooling_ct3	2644	1586	9346	1586
COUNTS	crudeoil_pooling_ct3	2644	11426	1381490	866197
LADGATE	634	10000	0.450	1
LIFT	space25a	634	417	2530	417
COUNTS	space25a	634	3246	29078	27875
COUNTS	autocorr_bern20-15	23	394	2784	2784
LADGATE	35	10000	0.192	1
LIFT	ex7_2_1	35	21	106	21
COUNTS	ex7_2_1	35	134	352	341
LADGATE	2092	10000	1.084	1
LIFT	hydroenergy2	2092	1090	4556	1090
COUNTS	hydroenergy2	2092	6236	69051	56014
LADGATE	514	10000	0.535	1
LIFT	pooling_digabel19	514	296	5918	296
COUNTS	pooling_digabel19	514	5340	325989	274903
LADGATE	132	10000	0.287	1
LIFT	clay0203m	132	63	282	63
COUNTS	clay0203m	132	420	1348	1348
LADGATE	13680	10000	0.520	0
LIFT	squfl030-150	13680	4680	18000	4680
COUNTS	squfl030-150	13680	36000	252605	252605

--- every order() call, slowest first (TSV) ---
secs	matrix	n	nnz	ratio
1.3850	crudeoil_pooling_ct3	2644	11426	0.6270
1.3176	arki0016	7993	37208	0.9510
1.2229	chimera_selby-c16-02	2031	10878	0.5370
1.1915	chimera_selby-c16-01	2031	10964	0.6710
1.1912	gams05	17364	252910	0.5274
1.1526	hydroenergy2	2092	6236	0.8112
1.1185	acopf_case9241pegase_qcqp	313068	1292408	0.9737
1.0887	crudeoil_lee4_06	10429	55492	0.4984
1.0729	crudeoil_lee4_09	15904	101792	0.6258
1.0637	crudeoil_lee4_10	17809	120632	0.6253
1.0583	gabriel10	244056	1148210	0.9285
1.0555	crudeoil_lee2_06	6418	34646	0.6993
1.0332	nuclear104	39098	257806	0.7593
1.0246	popdynm200	22407	105584	0.9489
1.0091	transswitch0300p	11659	48446	0.9246
0.9817	mpbp_35	11120	40790	0.3212
0.9794	arki0013	44909	160172	0.4021
0.9757	ringpack_30_2	17999	121458	0.2318
0.9679	sfacloc2_3_80	4799	20600	0.9580
0.9616	rsyn0805m03m	2868	8270	0.8995
0.9372	mpbp_47	5310	17098	0.8927
0.9338	crudeoil_lee1_07	3670	19322	0.7388
0.9205	chp_partload	5211	16740	0.7328
0.9143	mpbp_07	9532	30810	0.9127
0.8837	powerflow0300p	11251	41918	0.9591
0.8818	squfl015-060	2775	7200	1.0000
0.8745	mpbp_15	9858	31692	0.7804
0.8726	rsyn0810m02hfsg	2670	6964	0.9428
0.8657	mpbp_48	28368	91016	0.4772
0.8549	rsyn0840m04m	8508	24272	0.8052
0.8539	powerflow0118p	5065	18730	0.9656
0.8512	sfacloc2_4_80	5067	21424	0.9552
0.8425	crudeoil_pooling_dt3	30660	152210	0.6919
0.8248	gasprod_sarawak16	4596	15316	0.9168
0.8180	faclay75	272878	1379706	0.9405
0.7983	rsyn0820m04m	6028	17372	0.7770
0.7928	nuclear10a	17493	163816	0.6766
0.7869	chimera_rfr-02	2032	15140	0.6443
0.7853	pooling_sppc3pq	23173	893724	0.2822
0.7748	gabriel09	21688	89702	0.8976
0.7740	batchs201210m	5188	17910	0.8685
0.7702	chp_shorttermplan2d	16364	52108	0.5147
0.7652	chp_shorttermplan1a	4952	15700	0.7964
0.7619	multiplants_stg1	736	3594	0.7853
0.7603	waste	4825	21504	0.8654
0.7535	methanol200	11999	76128	0.7018
0.7514	mpbp_21	11716	37660	0.8615
0.7487	rsyn0815m04m	5456	15756	0.7782
0.7480	gasprod_sarawak81	22536	75636	0.9135
0.7400	multiplants_stg1b	814	3992	0.6079
0.7348	popdynm25	2807	13904	0.7965
0.7217	pooling_sppa9tp	5040	121302	0.1613
0.7127	squfl010-080	2490	6400	1.0000
0.7125	crudeoil_pooling_dt2	18742	75910	0.6638
0.7062	multiplants_mtg1b	645	4404	0.6627
0.7044	pinene200	19995	97990	0.8350
0.7044	multiplants_stg5	827	3804	0.4122
0.7042	multiplants_stg1a	726	3510	0.8549
0.7018	chimera_k64ising-02	1225	3846	0.6051
0.6977	chimera_mgw-c16-2031-01	2032	15900	0.7721
0.6971	multiplants_stg1c	800	3894	0.9532
0.6924	p_ball_30b_7p_2d_h	2207	7516	0.9968
0.6914	syn40m04m	4960	13792	0.9588
0.6910	mpbp_34	11556	40860	0.2881
0.6861	crudeoil_li05	4225	14628	0.7846
0.6849	rsyn0810m04m	4772	13836	0.7675
0.6830	procurement1large	14416	41068	0.5321
0.6821	squfl025-030	2305	6000	1.0000
0.6707	rsyn0820m02m	2486	6932	0.9330
0.6680	pooling_sppb5pq	18529	674470	0.4077
0.6650	chp_shorttermplan2a	8992	26288	0.7007
0.6584	rsyn0830m04m	7252	20752	0.8092
0.6563	batchs121208m	3404	11462	0.9332
0.6518	nuclear25a	1942	16030	0.5747
0.6518	squfl010-040persp	2450	7200	1.0000
0.6471	sporttournament48	1131	6676	0.6461
0.6425	kall_circlespolygons_c1p5b	1681	7432	0.9608
0.6424	sonet24v5	874	7260	0.5940
0.6392	transswitch2383wpr	59853	277562	0.9785
0.6383	netmod_kar1	1746	4928	0.7717
0.6370	squfl020-150	9170	24000	1.0000
0.6351	syn30m03m	2508	6804	0.9905
0.6347	pooling_foulds4pq	1294	8302	0.9989
0.6215	chimera_lga-01	1120	6400	0.7441
0.6215	sonet23v4	803	6462	0.6753
0.6185	pooling_foulds5tp	1218	8364	0.6828
0.6171	crudeoil_pooling_ct1	1271	4642	0.7501
0.6169	ndcc12	974	5982	0.9533
0.6154	ndcc13	969	5882	0.6183
0.6084	kan_r3_h1_n4	3183	14062	0.9406
0.6083	methanol400	23999	151728	0.7208
0.6073	edgecross24-115	16747	77352	0.8173
0.6028	pooling_digabel19	514	5340	0.8433
0.6019	slay09h	2718	7488	0.8982
0.5951	ringpack_20_3	6709	45220	0.3584
0.5872	rsyn0815m02hfsg	3054	7968	0.9278
0.5867	rsyn0840m02m	3486	9576	0.9464
0.5792	qapw	705	87496	1.0000
0.5787	ringpack_20_2	6089	40368	0.3779
0.5777	oil	3270	8430	0.9572
0.5769	nd_netgen-3000-1-1-b-b-ns_7	33155	90000	0.9599
0.5743	mpbp_46	4518	14492	0.8960
0.5738	transswitch2736spr	69651	331010	0.9179
0.5674	faclay35	26778	132380	0.9522
0.5665	torsion50	2508	29808	0.6618
0.5627	risk2bpb	1462	5396	0.5574
0.5515	supplychainr1_022020	4620	15680	0.9999
0.5506	pooling_foulds5pq	1218	8300	1.0000
0.5483	chimera_mgw-c8-439-onc8-001	440	3040	0.7522
0.5418	unitcommit_200_100_1_mod_8	146830	476332	0.9764
0.5390	rocket50	555	3488	0.9641
0.5359	syn40m04hfsg	6328	16896	0.9666
0.5351	syn30m02m	1492	3936	0.9784
0.5350	space25a	634	3246	0.9586
0.5248	chimera_mgw-c8-439-onc8-002	440	3038	0.8835
0.5243	rsyn0815m	821	2242	0.9377
0.5234	squfl030-150	13680	36000	1.0000
0.5213	pooling_sppa0pq	1649	24192	0.3241
0.5135	ndcc12persp	1112	5522	0.9521
0.5119	wastewater13m1	481	3252	0.9989
0.5031	arki0002	4432	11248	0.9764
0.5024	sonet21v6	8232	40744	0.9650
0.4976	clay0305hfsg	1000	2910	0.9168
0.4963	kall_circlesrectangles_c6r39	1306	5378	0.9850
0.4939	powerflow0030p	1121	4194	0.9478
0.4883	gancns	548	2800	0.8502
0.4852	rsyn0830hfsg	1590	4100	0.9514
0.4823	maxcsp-langford-3-11	660	29646	0.3098
0.4764	pooling_sppc1pq	14100	477680	0.1683
0.4682	forest	713	2658	0.9933
0.4562	waternd2	615	2580	0.4806
0.4542	edgecross10-030	1053	4654	0.7367
0.4447	pooling_sppa9pq	5030	120730	0.6312
0.4445	faclay30	16678	82242	0.9552
0.4425	glider400	10017	49624	0.8779
0.4341	kissing2	20772	401024	1.0000
0.4337	tls6	413	2860	0.9474
0.4320	syn15m04m	1908	5288	0.9604
0.4319	p_ball_30b_5p_2d_h	1543	5224	0.9961
0.4314	emfl100_5_5	21925	52300	1.0000
0.4275	cont6-qq	120395	557994	0.6962
0.4255	supplychainr1_053050	16640	57800	1.0000
0.4252	blend146	1422	4460	0.8232
0.4211	sfacloc2_4_90	1491	4500	0.9104
0.4120	edgecross14-156	3097	19664	0.9254
0.4080	blend718	1386	4310	0.8737
0.4043	sonetgr17	440	2958	0.8190
0.4038	nd_netgen-2000-3-4-b-a-ns_7	22074	60000	0.9446
0.3989	blend721	1428	4548	0.8528
0.3904	syn40hfsg	1022	2624	0.9671
0.3871	edgecross10-040	1053	5116	0.8867
0.3792	p_ball_10b_7p_3d_h	1236	4186	0.9739
0.3787	sporttournament18	156	886	0.7746
0.3785	korcns	156	712	0.9113
0.3768	clay0203m	132	420	1.0000
0.3759	squfl015-080persp	7295	21600	1.0000
0.3750	space25	1178	4334	0.9559
0.3749	slay05h	760	2080	0.8961
0.3746	rsyn0840m	1159	3168	0.9404
0.3716	waterund14	333	2204	0.3600
0.3690	catmix400	2001	11192	0.9998
0.3666	edgecross10-080	1053	5940	0.9638
0.3644	primary	378	5610	0.8688
0.3640	edgecross10-090	1053	5204	0.8181
0.3596	fo9_ar25_1	1049	4336	0.9177
0.3584	o9_ar4_1	1049	4336	0.9177
0.3559	syn10m04m	1224	3384	0.9979
0.3510	slay08m	660	2016	1.0000
0.3494	wastepaper4	115	724	0.7397
0.3477	powerflow0014r	403	1630	0.9628
0.3469	ex8_3_9	123	834	0.7643
0.3464	st_test8	64	232	0.8382
0.3458	ex1265a	123	560	0.9498
0.3403	syn10m03hfsg	1071	2772	0.9921
0.3393	chain200	601	2396	1.0000
0.3391	waterund01	96	404	0.7297
0.3390	syn40m	560	1528	0.9644
0.3387	emfl100_3_3	6885	15948	1.0000
0.3385	graphpart_clique-30	120	2790	0.7961
0.3382	clay0204hfsg	590	1696	0.9116
0.3341	knp5-43	2065	31132	1.0000
0.3335	p_ball_10b_5p_4d_m	403	1484	0.9784
0.3314	wastepaper6	191	1416	1.0000
0.3306	waterund11	160	828	0.7224
0.3282	knp5-44	2157	32604	1.0000
0.3248	hydroenergy1	1046	3024	1.0000
0.3244	squfl025-025persp	3800	11250	1.0000
0.3224	demo7	155	618	0.9573
0.3204	sssd20-08persp	356	1232	1.0000
0.3200	wastewater05m1	98	536	0.6874
0.3187	p_ball_10b_5p_2d_m	293	964	0.9848
0.3155	slay07m	497	1512	1.0000
0.3150	st_rv9	90	840	0.9447
0.3141	sssd18-08persp	338	1168	1.0000
0.3128	graphpart_clique-20	80	1260	0.7985
0.3080	pooling_adhya4pq	170	932	0.6809
0.3045	catmix200	1001	5592	0.9995
0.3037	genpooling_lee2	221	1048	0.7051
0.3029	clay0304m	258	840	1.0000
0.3013	st_e31	301	744	0.9389
0.3012	lop97icx	1073	2118	0.8078
0.2988	pooling_rt2tp	118	654	0.9864
0.2985	chain400	1201	4796	1.0000
0.2957	graphpart_3g-0244-0244	128	672	0.9727
0.2923	qspp_0_14_0_1_10_1	560	120274	0.9950
0.2867	clay0204m	222	704	1.0000
0.2856	waterund08	230	1290	0.8534
0.2854	slay06m	357	1080	1.0000
0.2833	slay05m	240	720	1.0000
0.2816	syn15hfsg	399	1022	0.9915
0.2813	maxcsp-ehi-85-297-71	2372	207996	0.8040
0.2811	orth_d4m6_pl	172	1096	0.9785
0.2810	prolog	64	292	0.9839
0.2793	st_m2	72	1226	1.0000
0.2790	graphpart_clique-70	280	14910	0.8103
0.2789	sporttournament08	31	156	1.0000
0.2766	sssd25-08	401	1200	1.0000
0.2743	ex7_2_1	35	134	0.9688
0.2742	wastewater02m1	36	138	0.9316
0.2730	meanvar-orl400_05_e_7	5205	174804	0.9998
0.2723	graphpart_3g-0333-0333	108	648	0.8064
0.2681	tspn08	72	668	0.6863
0.2674	pooling_adhya4tp	170	936	0.7667
0.2657	ex1263a	94	390	1.0000
0.2639	emfl050_5_5	13175	32300	1.0000
0.2628	meanvar-orl400_05_e_8	4405	171604	1.0000
0.2624	csched1	110	376	1.0000
0.2615	elf	124	376	0.7951
0.2599	st_rv2	40	340	1.0000
0.2563	ex8_4_1	32	100	1.0000
0.2555	maxmin	181	1440	1.0000
0.2398	st_bpaf1a	30	120	0.9310
0.2392	pooling_haverly1pq	31	96	0.9782
0.2383	slay04m	146	432	1.0000
0.2381	pooling_haverly1tp	31	96	0.9527
0.2363	pointpack06	55	276	1.0000
0.2348	nvs05	22	84	0.9603
0.2324	st_e07	19	60	1.0000
0.2316	qspp_0_13_0_1_10_1	481	88522	0.9948
0.2311	st_jcbpaf2	36	246	0.9437
0.2277	ex5_2_4	18	62	0.9461
0.2212	sep1	69	206	0.9544
0.2204	pointpack04	29	120	1.0000
0.2203	prob02	22	76	0.8689
0.2165	st_m1	42	432	1.0000
0.2112	qspp_0_10_0_1_10_1	280	29636	0.9946
0.2108	kall_diffcircles_6	76	302	1.0000
0.2104	qspp_0_11_0_1_10_1	341	44264	0.9911
0.2067	sssd15-04	163	440	1.0000
0.2045	hybriddynamic_fixed	168	388	1.0000
0.2040	st_ph1	16	58	0.8504
0.1939	ex1223	33	82	1.0000
0.1886	ex6_1_4	10	48	0.7766
0.1885	st_glmp_ss2	18	48	1.0000
0.1880	tln2	32	88	1.0000
0.1841	ex9_1_2	19	54	0.9521
0.1837	ex1223b	25	66	1.0000
0.1835	qap	255	43748	0.9599
0.1828	ex8_1_7	14	46	0.9343
0.1821	watercontamination0303r	1310	37028	1.0000
0.1815	ex2_1_3	31	72	1.0000
0.1813	ex9_2_6	28	68	1.0000
0.1808	himmel11	14	60	1.0000
0.1803	st_bsj2	13	40	0.7972
0.1790	st_qpk3	55	548	0.6881
0.1788	ex1225	26	66	0.9415
0.1761	nvs02	11	46	1.0000
0.1607	ex3_1_3	18	36	0.9222
0.1606	st_glmp_ss1	24	66	1.0000
0.1579	st_bpk1	16	44	0.9391
0.1572	oaer	20	40	1.0000
0.1520	st_ph13	23	68	0.8599
0.1482	st_pan1	11	32	0.7642
0.1365	ex9_2_4	15	36	1.0000
0.1304	ex14_1_8	11	30	1.0000
0.1254	st_ht	8	18	0.8627
0.1195	st_e22	12	30	0.9091
0.0002	polygon75	5846	49652	1.0000
0.0001	pedigree_sim400	351	23546	0.9997
0.0000	camshape400	2000	7188	1.0000
0.0000	autocorr_bern40-30	43	1534	1.0000
0.0000	autocorr_bern35-35fix	38	1264	1.0000
0.0000	smallinvDAXr1b010-011	39	1120	0.9859
0.0000	autocorr_bern30-23	33	878	1.0000
0.0000	cvxnonsep_psig30	30	870	1.0000
0.0000	autocorr_bern25-19	28	612	1.0000
0.0000	autocorr_bern20-15	23	394	1.0000
0.0000	st_qpc-m3a	30	304	0.6755
0.0000	cvxnonsep_psig20	20	380	1.0000
0.0000	nvs23	27	252	0.6356
0.0000	nvs19	24	200	0.6534
0.0000	cvxnonsep_normcon40r	162	322	1.0000
0.0000	st_iqpbk1	22	98	1.0000
0.0000	st_e25	20	92	0.7798
0.0000	st_e41	8	32	1.0000
0.0000	cvxnonsep_psig30r	126	250	1.0000
0.0000	st_e24	10	26	0.8906
0.0000	cvxnonsep_normcon20r	82	162	1.0000
0.0000	st_miqp2	10	18	1.0000
0.0000	cvxnonsep_psig20r	86	170	1.0000
matrices under 0.010s: 23/300
matrices under 0.050s: 23/300
matrices under 0.100s: 23/300
matrices under 0.200s: 49/300
matrices under 0.400s: 152/300

--- per-bucket ---
lt_1k    count=147   geomean=0.8874
1k_10k   count=108   geomean=0.8378
gt_10k   count=45    geomean=0.6852
SCORE = 0.791632
WORST order() = 1.385 s
FORCEAUDIT	stage1b_sites=39	force_fires=10	unsound=0	core_total_mismatch=0	max_drift_ppm=0	worst_incumbent=0	worst_adopted=0	tie_window_opened=16	tie_pass_run=2
ok

test result: ok. 1 passed; 0 failed; 0 ignored; 0 measured; 177 filtered out; finished in 139.73s

############ ARM A16 done
############ ARM A22 : env SSI_INDEP_FORCE=1 SSI_TERM_CLASS_N=22000
warning: unused doc comment
    --> candidate-worker/src/../../src/ordering/mod.rs:1223:1
     |
1223 | / /// TEST-ONLY sweep switch for the mid-size `rgreedy` stream opened by the 0154
1224 | | /// engine census. Returns `(ops_budget, gate_variant, stream_count)`; a zero
1225 | | /// budget disables the stream, which is what production compiles to — the
1226 | | /// switch can never change a submitted ordering. Configured through
1227 | | /// `SSI_MID_ENGINE="<variant>:<budget>[:<streams>]"` so one build can sweep
1228 | | /// several gate/budget points.
     | |_------------------------------^
     |   |
     |   rustdoc does not generate documentation for macro invocations
     |
     = help: to document an item produced by a macro, the macro must produce the documentation as part of its expansion
     = note: `#[warn(unused_doc_comments)]` (part of `#[warn(unused)]`) on by default

warning: unused doc comment
    --> candidate-worker/src/../../src/ordering/mod.rs:1491:1
     |
1491 | / /// TEST-ONLY kill switch for the heavy-tier arm (metrics + no-dense AMD +
1492 | | /// extra AMF α), so a probe can A/B the arm in one process.
     | |_-----------------------------------------------------------^
     |   |
     |   rustdoc does not generate documentation for macro invocations
     |
     = help: to document an item produced by a macro, the macro must produce the documentation as part of its expansion

warning: unused doc comment
   --> candidate-worker/src/../../src/ordering/parallel.rs:335:1
    |
335 | / /// TEST-ONLY switch forcing every batch onto the sequential path, so a probe
336 | | /// can run the SAME `order()` both ways in one process and compare the
337 | | /// returned permutations element by element. Production builds compile
338 | | /// [`force_sequential`] down to a constant `false`.
    | |_---------------------------------------------------^
    |   |
    |   rustdoc does not generate documentation for macro invocations
    |
    = help: to document an item produced by a macro, the macro must produce the documentation as part of its expansion

warning: unused doc comment
   --> candidate-worker/src/../../src/ordering/parallel.rs:369:1
    |
369 | / /// TEST-ONLY per-phase wall-clock marks: `phase_mark(label, t0)` appends
370 | | /// `(label, secs since t0)`; `phase_take()` drains them. Lets a probe see which
371 | | /// stage of `order()` sets a row's critical path. Never compiled into the
372 | | /// shipped binary.
    | |_------------------^
    |   |
    |   rustdoc does not generate documentation for macro invocations
    |
    = help: to document an item produced by a macro, the macro must produce the documentation as part of its expansion

warning: unused doc comment
    --> candidate-worker/src/../../src/ordering/mod.rs:5154:5
     |
5154 | /     /// ── 0192: the window is the frontier's own chain scope ─────────────────
5155 | |     /// The chain no longer reaches above n = 10 000 (see `PEO_ALT_MAX_N`), so
5156 | |     /// the draw takes over the whole band the chain used to own. Measured on the
5157 | |     /// 300 dev rows: with the window at 50 000 instead of 12 000 the draw adds
...    |
5163 | |     /// spender there), and its worst row is 1.127 s against the frontier's
5164 | |     /// 1.160 s base, so the wide band stays below the frontier's own footprint.
     | |________________________________________________________________________________^
5165 |       #[cfg(test)]
5166 | /     let window_n: usize = std::env::var("SSI_TERM_WIN_N")
5167 | |         .ok()
5168 | |         .and_then(|v| v.trim().parse::<usize>().ok())
5169 | |         .unwrap_or(50_000);
     | |___________________________- rustdoc does not generate documentation for statements
     |
     = help: use `//` for a plain comment

warning: unused doc comment
    --> candidate-worker/src/../../src/ordering/mod.rs:5306:9
     |
5306 | /         /// `nnz < 3n` = the sparse band of the 0184 price law (66 of the 300 dev
5307 | |         /// rows, all of them in-window). Structural, never per-matrix.
     | |_______________________________________________________________________^
5308 | /         let shipped_ladder = || {
5309 | |             if nnz < 3 * n {
5310 | |                 SHIPPED_SPARSE_LADDER.to_vec()
5311 | |             } else {
...    |
5314 | |         };
     | |__________- rustdoc does not generate documentation for statements
     |
     = help: use `//` for a plain comment

warning: variable does not need to be mutable
    --> candidate-worker/src/../../src/ordering/probe.rs:4151:9
     |
4151 |     let mut next = |s: &mut u64| -> u64 {
     |         ----^^^^
     |         |
     |         help: remove this `mut`
     |
     = note: `#[warn(unused_mut)]` (part of `#[warn(unused)]`) on by default

warning: value assigned to `d` is never read
   --> candidate-worker/src/../../src/ordering/rgreedy.rs:397:29
    |
397 |                 let mut d = 0u32;
    |                             ^^^^
    |
    = help: maybe it is overwritten before being read?
    = note: `#[warn(unused_assignments)]` (part of `#[warn(unused)]`) on by default

warning: constant `SUBTREE_MAX_N` is never used
   --> candidate-worker/src/../../src/ordering/mod.rs:855:7
    |
855 | const SUBTREE_MAX_N: usize = 250_000;
    |       ^^^^^^^^^^^^^
    |
    = note: `#[warn(dead_code)]` (part of `#[warn(unused)]`) on by default

warning: function `refine` is never used
  --> candidate-worker/src/../../src/ordering/completion.rs:12:15
   |
12 | pub(super) fn refine(
   |               ^^^^^^

warning: type alias `PermFn` is never used
  --> candidate-worker/src/../../src/ordering/parallel.rs:80:17
   |
80 | pub(crate) type PermFn<'a> = Box<dyn Fn() -> Option<Vec<usize>> + Sync + 'a>;
   |                 ^^^^^^

warning: function `run_perms` is never used
   --> candidate-worker/src/../../src/ordering/parallel.rs:189:15
    |
189 | pub(crate) fn run_perms(
    |               ^^^^^^^^^

warning: function `accept` is never used
   --> candidate-worker/src/../../src/ordering/parallel.rs:314:15
    |
314 | pub(crate) fn accept(results: &mut [CandOut], best_flops: &mut u64, best_perm: &mut Vec<usize>) -> bool {
    |               ^^^^^^

warning: function `minl_is_clique` is never used
   --> candidate-worker/src/../../src/ordering/minl.rs:136:4
    |
136 | fn minl_is_clique(adj: &[Vec<u32>], c: &[u32], ops: &mut i64) -> bool {
    |    ^^^^^^^^^^^^^^

warning: function `minl_try_delete_edge` is never used
   --> candidate-worker/src/../../src/ordering/minl.rs:232:4
    |
232 | fn minl_try_delete_edge(
    |    ^^^^^^^^^^^^^^^^^^^^

warning: function `run_sequential_180` is never used
   --> candidate-worker/src/../../src/ordering/indep_first.rs:632:4
    |
632 | fn run_sequential_180(sp: &ScoringPattern, ledger: u64) -> Option<(u64, Vec<usize>)> {
    |    ^^^^^^^^^^^^^^^^^^

warning: function `reset` is never used
   --> candidate-worker/src/../../src/ordering/mod.rs:557:19
    |
557 |     pub(crate) fn reset() {
    |                   ^^^^^

warning: `ssi-candidate-worker` (bin "ssi-candidate-worker" test) generated 17 warnings (run `cargo fix --bin "ssi-candidate-worker" -p ssi-candidate-worker --tests` to apply 1 suggestion)
    Finished `release` profile [optimized] target(s) in 0.02s
     Running unittests src/main.rs (target/release/deps/ssi_candidate_worker-9bc17c144118ca64)

running 1 test
test ordering::probe::probe_timing_and_score ... LADGATE	357	10000	0.284	1
LIFT	slay06m	357	147	660	147
COUNTS	slay06m	357	1080	4025	4025
LADGATE	401	10000	0.325	1
LIFT	sssd25-08	401	89	640	89
COUNTS	sssd25-08	401	1200	5389	5389
LADGATE	4772	10000	0.847	1
LIFT	rsyn0810m04m	4772	2520	9996	2520
COUNTS	rsyn0810m04m	4772	13836	147553	113250
LIFT	pooling_sppc3pq	23173	12327	872032	12327
COUNTS	pooling_sppc3pq	23173	893724	1153877333	325595394
LADGATE	1131	10000	0.675	1
LIFT	sporttournament48	1131	721	7408	721
COUNTS	sporttournament48	1131	6676	919582	594138
LADGATE	5030	10000	0.506	1
LIFT	pooling_sppa9pq	5030	2509	126346	2509
COUNTS	pooling_sppa9pq	5030	120730	23971280	15130622
LADGATE	1053	10000	0.394	1
LIFT	edgecross10-090	1053	571	4240	571
COUNTS	edgecross10-090	1053	5204	126115	103179
LIFT	maxcsp-ehi-85-297-71	2372	2075	216272	2075
COUNTS	maxcsp-ehi-85-297-71	2372	207996	1381768944	1110971341
LADGATE	30	10000	0.176	1
COUNTS	st_bpaf1a	30	120	623	580
LADGATE	1462	10000	0.547	1
LIFT	risk2bpb	1462	628	4030	628
COUNTS	risk2bpb	1462	5396	118471	66041
LADGATE	255	10000	0.154	1
LIFT	qap	255	225	49148	225
COUNTS	qap	255	43748	3802533	3650113
LADGATE	7252	10000	0.688	1
LIFT	rsyn0830m04m	7252	3744	14872	3744
COUNTS	rsyn0830m04m	7252	20752	212130	171656
LADGATE	1073	10000	0.291	1
LIFT	lop97icx	1073	155	1760	155
COUNTS	lop97icx	1073	2118	79286	64044
LADGATE	1201	10000	0.247	1
LIFT	chain400	1201	800	3196	800
COUNTS	chain400	1201	4796	16382	16382
LADGATE	9532	10000	0.871	1
LIFT	mpbp_07	9532	5704	23110	5704
COUNTS	mpbp_07	9532	30810	1368477	1248947
LADGATE	440	10000	0.382	1
LIFT	sonetgr17	440	317	2712	317
COUNTS	sonetgr17	440	2958	37814	30971
LADGATE	2207	10000	0.724	1
LIFT	p_ball_30b_7p_2d_h	2207	1415	5932	1415
COUNTS	p_ball_30b_7p_2d_h	2207	7516	42456	42319
LADGATE	19995	10000	0.966	0
LIFT	pinene200	19995	15795	89590	15795
COUNTS	pinene200	19995	97990	1358716	1134463
LIFT	unitcommit_200_100_1_mod_8	146830	73272	329560	73272
COUNTS	unitcommit_200_100_1_mod_8	146830	476332	3053940	2981835
LADGATE	123	10000	0.328	1
LIFT	ex8_3_9	123	101	766	101
COUNTS	ex8_3_9	123	834	15050	11503
LADGATE	2486	10000	0.797	1
LIFT	rsyn0820m02m	2486	1364	4808	1364
COUNTS	rsyn0820m02m	2486	6932	38190	35631
LADGATE	293	10000	0.306	1
LIFT	p_ball_10b_5p_2d_m	293	119	716	119
COUNTS	p_ball_10b_5p_2d_m	293	964	6648	6547
LADGATE	170	10000	0.244	1
LIFT	pooling_adhya4tp	170	93	806	93
COUNTS	pooling_adhya4tp	170	936	26842	20581
LADGATE	7295	10000	0.391	1
LIFT	squfl015-080persp	7295	2495	12000	2495
COUNTS	squfl015-080persp	7295	21600	74520	74520
LADGATE	1053	10000	0.413	1
LIFT	edgecross10-080	1053	571	4976	571
COUNTS	edgecross10-080	1053	5940	170814	164639
LADGATE	590	10000	0.402	1
LIFT	clay0204hfsg	590	278	1184	278
COUNTS	clay0204hfsg	590	1696	7198	6562
LADGATE	13	10000	0.154	1
COUNTS	st_bsj2	13	40	143	114
LADGATE	440	10000	0.564	1
LIFT	chimera_mgw-c8-439-onc8-002	440	418	3060	418
COUNTS	chimera_mgw-c8-439-onc8-002	440	3038	97870	86464
LADGATE	5188	10000	0.889	1
LIFT	batchs201210m	5188	2645	13208	2645
COUNTS	batchs201210m	5188	17910	349298	303381
LADGATE	5456	10000	0.865	1
LIFT	rsyn0815m04m	5456	2966	10968	2966
COUNTS	rsyn0815m04m	5456	15756	184352	143458
LADGATE	560	10000	0.374	1
LIFT	syn40m	560	291	1080	291
COUNTS	syn40m	560	1528	5007	4829
LADGATE	2157	10000	0.333	1
LIFT	knp5-44	2157	1167	31152	1167
COUNTS	knp5-44	2157	32604	3764003	3764003
LADGATE	94	10000	0.227	1
LIFT	ex1263a	94	59	320	59
COUNTS	ex1263a	94	390	2098	2098
COUNTS	st_e41	8	32	88	88
LADGATE	2305	10000	0.757	1
LIFT	squfl025-030	2305	805	3000	805
COUNTS	squfl025-030	2305	6000	42305	42305
LADGATE	98	10000	0.254	1
LIFT	wastewater05m1	98	62	740	62
COUNTS	wastewater05m1	98	536	11690	8036
COUNTS	cvxnonsep_psig20	20	380	2870	2870
LADGATE	4405	10000	0.194	1
LIFT	meanvar-orl400_05_e_8	4405	2403	168400	2403
COUNTS	meanvar-orl400_05_e_8	4405	171604	21923414	21922611
LADGATE	301	10000	0.288	1
LIFT	st_e31	301	163	492	163
COUNTS	st_e31	301	744	4534	4257
LIFT	pooling_sppc1pq	14100	7273	535700	7273
COUNTS	pooling_sppc1pq	14100	477680	812210652	136686008
LADGATE	31	10000	0.191	1
COUNTS	pooling_haverly1pq	31	96	412	403
LADGATE	128	10000	0.254	1
LIFT	graphpart_3g-0244-0244	128	96	672	96
COUNTS	graphpart_3g-0244-0244	128	672	33446	32534
LADGATE	80	10000	0.290	1
LIFT	graphpart_clique-20	80	77	1254	77
COUNTS	graphpart_clique-20	80	1260	34885	27856
LADGATE	28368	10000	0.890	0
LIFT	mpbp_48	28368	16000	66180	16000
COUNTS	mpbp_48	28368	91016	33835023	16144599
LIFT	pooling_sppb5pq	18529	9496	693670	9496
COUNTS	pooling_sppb5pq	18529	674470	523815053	213571545
LADGATE	497	10000	0.279	1
LIFT	slay07m	497	203	924	203
COUNTS	slay07m	497	1512	5740	5740
COUNTS	nvs19	24	200	1353	884
LADGATE	3270	10000	0.631	1
LIFT	oil	3270	1687	5444	1687
COUNTS	oil	3270	8430	36313	34760
LADGATE	2775	10000	0.921	1
LIFT	squfl015-060	2775	975	3600	975
COUNTS	squfl015-060	2775	7200	36400	36400
LADGATE	1112	10000	0.533	1
LIFT	ndcc12persp	1112	961	5220	961
COUNTS	ndcc12persp	1112	5522	299115	284793
LIFT	kissing2	20772	10772	381024	10772
COUNTS	kissing2	20772	401024	156414018	156414018
LADGATE	1942	10000	0.681	1
LIFT	nuclear25a	1942	755	18260	755
COUNTS	nuclear25a	1942	16030	1977163	1136191
LADGATE	222	10000	0.236	1
LIFT	clay0204m	222	102	464	102
COUNTS	clay0204m	222	704	2330	2330
LADGATE	23	10000	0.154	1
COUNTS	st_ph13	23	68	207	178
LADGATE	1053	10000	0.516	1
LIFT	edgecross10-030	1053	573	5134	573
COUNTS	edgecross10-030	1053	4654	135854	100080
LADGATE	601	10000	0.289	1
LIFT	chain200	601	400	1596	400
COUNTS	chain200	601	2396	8182	8182
LADGATE	25	10000	0.165	1
COUNTS	ex1223b	25	66	178	178
LADGATE	2718	10000	0.569	1
LIFT	slay09h	2718	1206	5040	1206
COUNTS	slay09h	2718	7488	36057	32385
LADGATE	974	10000	0.562	1
LIFT	ndcc12	974	902	6222	902
COUNTS	ndcc12	974	5982	345696	329556
LADGATE	1306	10000	0.432	1
LIFT	kall_circlesrectangles_c6r39	1306	924	4638	924
COUNTS	kall_circlesrectangles_c6r39	1306	5378	75744	74610
LADGATE	9170	10000	0.564	1
LIFT	squfl020-150	9170	3170	12000	3170
COUNTS	squfl020-150	9170	24000	135020	135020
COUNTS	autocorr_bern40-30	43	1534	20034	20034
LADGATE	660	10000	0.310	1
LIFT	slay08m	660	268	1232	268
COUNTS	slay08m	660	2016	7796	7796
LADGATE	2032	10000	0.617	1
LIFT	chimera_mgw-c16-2031-01	2032	2021	15902	2021
COUNTS	chimera_mgw-c16-2031-01	2032	15900	3328073	2569662
LADGATE	713	10000	0.401	1
LIFT	forest	713	404	2076	404
COUNTS	forest	713	2658	10614	10543
LADGATE	280	10000	0.171	1
LIFT	qspp_0_10_0_1_10_1	280	244	29450	244
COUNTS	qspp_0_10_0_1_10_1	280	29636	1942907	1932414
LADGATE	16	10000	0.140	1
COUNTS	st_ph1	16	58	274	233
LADGATE	124	10000	0.196	1
LIFT	elf	124	65	258	65
COUNTS	elf	124	376	2733	2173
LADGATE	18	10000	0.144	1
COUNTS	ex3_1_3	18	36	90	83
COUNTS	cvxnonsep_normcon40r	162	322	645	645
LADGATE	155	10000	0.252	1
LIFT	demo7	155	66	448	66
COUNTS	demo7	155	618	3579	3426
LADGATE	615	10000	0.403	1
LIFT	waternd2	615	447	2394	447
COUNTS	waternd2	615	2580	155674	74817
LADGATE	64	10000	0.201	1
LIFT	prolog	64	42	248	42
COUNTS	prolog	64	292	1245	1225
LADGATE	11	10000	0.115	1
COUNTS	ex14_1_8	11	30	80	80
LIFT	faclay75	272878	137826	1109602	137826
COUNTS	faclay75	272878	1379706	3204527350	3013800414
LADGATE	55	10000	0.133	1
LIFT	st_qpk3	55	33	504	33
COUNTS	st_qpk3	55	548	5467	3762
LADGATE	11556	10000	0.618	0
LIFT	mpbp_34	11556	7230	32172	7230
COUNTS	mpbp_34	11556	40860	3093917	891278
COUNTS	cvxnonsep_normcon20r	82	162	325	325
COUNTS	cvxnonsep_psig20r	86	170	341	341
LADGATE	18742	10000	0.764	0
LIFT	crudeoil_pooling_dt2	18742	10735	60222	10735
COUNTS	crudeoil_pooling_dt2	18742	75910	14985540	9947932
LADGATE	2868	10000	0.929	1
LIFT	rsyn0805m03m	2868	1596	5810	1596
COUNTS	rsyn0805m03m	2868	8270	60979	54853
COUNTS	st_iqpbk1	22	98	295	295
LADGATE	96	10000	0.260	1
LIFT	waterund01	96	47	384	47
COUNTS	waterund01	96	404	4546	3317
LADGATE	29	10000	0.159	1
COUNTS	pointpack04	29	120	577	577
LADGATE	12	10000	0.109	1
COUNTS	st_e22	12	30	77	70
LADGATE	16678	10000	0.447	0
LIFT	faclay30	16678	8556	65998	8556
COUNTS	faclay30	16678	82242	13452923	12850431
LADGATE	4432	10000	0.448	1
LIFT	arki0002	4432	2608	9424	2608
COUNTS	arki0002	4432	11248	683476	667374
LADGATE	11659	10000	0.832	0
LIFT	transswitch0300p	11659	6750	41276	6750
COUNTS	transswitch0300p	11659	48446	404940	374416
LADGATE	30660	10000	0.831	0
LIFT	crudeoil_pooling_dt3	30660	15957	134914	15957
COUNTS	crudeoil_pooling_dt3	30660	152210	48975085	33883414
LADGATE	22536	10000	0.756	0
LIFT	gasprod_sarawak81	22536	12902	61066	12902
COUNTS	gasprod_sarawak81	22536	75636	1030380	941231
LADGATE	660	10000	0.410	1
LIFT	maxcsp-langford-3-11	660	627	41846	627
COUNTS	maxcsp-langford-3-11	660	29646	33444033	10360919
LADGATE	1543	10000	0.366	1
LIFT	p_ball_30b_5p_2d_h	1543	999	4136	999
COUNTS	p_ball_30b_5p_2d_h	1543	5224	25843	25742
LADGATE	6709	10000	0.481	1
LIFT	ringpack_20_3	6709	3451	41284	3451
COUNTS	ringpack_20_3	6709	45220	2415136	865627
LADGATE	4825	10000	0.688	1
LIFT	waste	4825	2503	19260	2503
COUNTS	waste	4825	21504	1468261	1270649
LADGATE	2001	10000	0.305	1
LIFT	catmix400	2001	1998	11180	1998
COUNTS	catmix400	2001	11192	36373	36364
LADGATE	3054	10000	0.565	1
LIFT	rsyn0815m02hfsg	3054	1697	5478	1697
COUNTS	rsyn0815m02hfsg	3054	7968	44604	41384
LADGATE	1236	10000	0.306	1
LIFT	p_ball_10b_7p_3d_h	1236	751	3216	751
COUNTS	p_ball_10b_7p_3d_h	1236	4186	24380	23744
LADGATE	1225	10000	0.638	1
LIFT	chimera_k64ising-02	1225	772	3732	772
COUNTS	chimera_k64ising-02	1225	3846	613390	371142
LADGATE	3404	10000	0.604	1
LIFT	batchs121208m	3404	1725	8392	1725
COUNTS	batchs121208m	3404	11462	138030	128816
LADGATE	11	10000	0.116	1
COUNTS	nvs02	11	46	142	142
LADGATE	191	10000	0.268	1
LIFT	wastepaper6	191	156	1358	156
COUNTS	wastepaper6	191	1416	16611	16611
LADGATE	399	10000	0.272	1
LIFT	syn15hfsg	399	221	666	221
COUNTS	syn15hfsg	399	1022	3300	3272
LADGATE	36	10000	0.168	1
LIFT	st_jcbpaf2	36	23	220	23
COUNTS	st_jcbpaf2	36	246	1635	1543
COUNTS	camshape400	2000	7188	16768	16768
LADGATE	120	10000	0.270	1
LIFT	graphpart_clique-30	120	117	2784	117
COUNTS	graphpart_clique-30	120	2790	114505	91153
LADGATE	280	10000	0.219	1
LIFT	graphpart_clique-70	280	277	14904	277
COUNTS	graphpart_clique-70	280	14910	1413012	1144894
COUNTS	smallinvDAXr1b010-011	39	1120	13510	13319
LADGATE	22074	10000	0.437	0
LIFT	nd_netgen-2000-3-4-b-a-ns_7	22074	10074	36000	10074
COUNTS	nd_netgen-2000-3-4-b-a-ns_7	22074	60000	289420	273394
LADGATE	240	10000	0.225	1
LIFT	slay05m	240	100	440	100
COUNTS	slay05m	240	720	2635	2635
LADGATE	2031	10000	1.263	1
LIFT	chimera_selby-c16-01	2031	1517	13662	1517
COUNTS	chimera_selby-c16-01	2031	10964	3605628	2419538
LADGATE	110	10000	0.190	1
LIFT	csched1	110	30	100	30
COUNTS	csched1	110	376	975	975
LADGATE	1310	10000	0.144	1
LIFT	watercontamination0303r	1310	755	35918	755
COUNTS	watercontamination0303r	1310	37028	2171882	2171882
LADGATE	15	10000	0.123	1
COUNTS	ex9_2_4	15	36	117	117
LADGATE	163	10000	0.201	1
LIFT	sssd15-04	163	47	240	47
COUNTS	sssd15-04	163	440	1625	1625
COUNTS	autocorr_bern35-35fix	38	1264	16214	16214
LADGATE	1491	10000	0.368	1
LIFT	sfacloc2_4_90	1491	775	3282	775
COUNTS	sfacloc2_4_90	1491	4500	31682	28843
LIFT	cont6-qq	120395	79800	397602	79800
COUNTS	cont6-qq	120395	557994	835894090	581918900
LADGATE	5205	10000	0.177	1
LIFT	meanvar-orl400_05_e_7	5205	2803	170000	2803
COUNTS	meanvar-orl400_05_e_7	5205	174804	21939414	21935811
LADGATE	10017	10000	0.415	0
LIFT	glider400	10017	7609	43204	7609
COUNTS	glider400	10017	49624	373018	327461
LADGATE	4960	10000	0.727	1
LIFT	syn40m04m	4960	2524	9280	2524
COUNTS	syn40m04m	4960	13792	65982	63265
LADGATE	31	10000	0.169	1
COUNTS	ex2_1_3	31	72	189	189
LADGATE	705	10000	0.518	1
LIFT	qapw	705	480	87046	480
COUNTS	qapw	705	87496	12183146	12183146
LADGATE	14	10000	0.115	1
COUNTS	himmel11	14	60	198	198
LADGATE	1908	10000	0.390	1
LIFT	syn15m04m	1908	970	3540	970
COUNTS	syn15m04m	1908	5288	26094	25061
LADGATE	118	10000	0.231	1
LIFT	pooling_rt2tp	118	66	554	66
COUNTS	pooling_rt2tp	118	654	5876	5796
LADGATE	333	10000	0.305	1
LIFT	waterund14	333	191	2068	191
COUNTS	waterund14	333	2204	200484	72184
LADGATE	17809	10000	1.099	0
LIFT	crudeoil_lee4_10	17809	10229	106656	10229
COUNTS	crudeoil_lee4_10	17809	120632	294531623	184173410
LADGATE	1294	10000	0.515	1
LIFT	pooling_foulds4pq	1294	723	7208	723
COUNTS	pooling_foulds4pq	1294	8302	138692	138540
LADGATE	3097	10000	0.358	1
LIFT	edgecross14-156	3097	1639	16748	1639
COUNTS	edgecross14-156	3097	19664	1487933	1376964
LADGATE	72	10000	0.206	1
LIFT	tspn08	72	34	646	34
COUNTS	tspn08	72	668	11074	7600
LADGATE	4225	10000	0.590	1
LIFT	crudeoil_li05	4225	2656	17380	2656
COUNTS	crudeoil_li05	4225	14628	680022	533531
LADGATE	14416	10000	0.670	0
LIFT	procurement1large	14416	6606	28248	6606
COUNTS	procurement1large	14416	41068	13858240	7373389
LADGATE	1428	10000	0.329	1
LIFT	blend721	1428	829	3334	829
COUNTS	blend721	1428	4548	77560	66143
LADGATE	2031	10000	1.133	1
LIFT	chimera_selby-c16-02	2031	1436	15878	1436
COUNTS	chimera_selby-c16-02	2031	10878	4280329	2298651
LADGATE	16640	10000	0.464	0
LIFT	supplychainr1_053050	16640	9640	44160	9640
COUNTS	supplychainr1_053050	16640	57800	2173490	2173490
LADGATE	5067	10000	0.800	1
LIFT	sfacloc2_4_80	5067	2567	16656	2567
COUNTS	sfacloc2_4_80	5067	21424	93048	88884
COUNTS	st_e24	10	26	64	57
LADGATE	1053	10000	0.331	1
LIFT	edgecross10-040	1053	571	4152	571
COUNTS	edgecross10-040	1053	5116	161851	143518
LADGATE	8232	10000	0.383	1
LIFT	sonet21v6	8232	4221	32722	4221
COUNTS	sonet21v6	8232	40744	1643311	1585871
LADGATE	2490	10000	0.680	1
LIFT	squfl010-080	2490	890	3200	890
COUNTS	squfl010-080	2490	6400	27665	27665
LADGATE	221	10000	0.235	1
LIFT	genpooling_lee2	221	145	896	145
COUNTS	genpooling_lee2	221	1048	19895	14028
LADGATE	2807	10000	0.639	1
LIFT	popdynm25	2807	2349	13004	2349
COUNTS	popdynm25	2807	13904	360081	286812
LADGATE	5211	10000	0.785	1
LIFT	chp_partload	5211	3186	12690	3186
COUNTS	chp_partload	5211	16740	509170	373134
LADGATE	560	10000	0.249	1
LIFT	qspp_0_14_0_1_10_1	560	364	119024	364
COUNTS	qspp_0_14_0_1_10_1	560	120274	16119226	16038266
LADGATE	24	10000	0.145	1
COUNTS	st_glmp_ss1	24	66	160	160
LADGATE	2508	10000	0.482	1
LIFT	torsion50	2508	1302	20190	1302
COUNTS	torsion50	2508	29808	1691033	1119054
LADGATE	40	10000	0.180	1
LIFT	st_rv2	40	10	90	10
COUNTS	st_rv2	40	340	2045	2045
LADGATE	6885	10000	0.255	1
LIFT	emfl100_3_3	6885	2961	8100	2961
COUNTS	emfl100_3_3	6885	15948	55506	55506
COUNTS	pedigree_sim400	351	23546	1183471	1183168
COUNTS	polygon75	5846	49652	1171822	1171822
LIFT	gabriel10	244056	129644	1260406	129644
COUNTS	gabriel10	244056	1148210	1365442310	1267760679
LADGATE	1049	10000	0.289	1
LIFT	fo9_ar25_1	1049	507	3606	507
COUNTS	fo9_ar25_1	1049	4336	41668	38237
LADGATE	1159	10000	0.333	1
LIFT	rsyn0840m	1159	610	2176	610
COUNTS	rsyn0840m	1159	3168	11274	10602
LADGATE	548	10000	0.404	1
LIFT	gancns	548	318	2280	318
COUNTS	gancns	548	2800	69234	58861
LADGATE	1049	10000	0.298	1
LIFT	o9_ar4_1	1049	507	3606	507
COUNTS	o9_ar4_1	1049	4336	41668	38237
LADGATE	123	10000	0.258	1
LIFT	ex1265a	123	79	472	79
COUNTS	ex1265a	123	560	3948	3750
LADGATE	28	10000	0.161	1
COUNTS	ex9_2_6	28	68	190	190
LADGATE	481	10000	0.196	1
LIFT	qspp_0_13_0_1_10_1	481	312	87460	312
COUNTS	qspp_0_13_0_1_10_1	481	88522	10150185	10097446
LADGATE	146	10000	0.217	1
LIFT	slay04m	146	62	264	62
COUNTS	slay04m	146	432	1554	1554
COUNTS	st_e25	20	92	336	262
LADGATE	32	10000	0.177	1
LIFT	ex8_4_1	32	12	40	12
COUNTS	ex8_4_1	32	100	225	225
LADGATE	19	10000	0.160	1
COUNTS	st_e07	19	60	199	199
LADGATE	26	10000	0.161	1
COUNTS	ex1225	26	66	171	161
LADGATE	969	10000	0.544	1
LIFT	ndcc13	969	735	6656	735
COUNTS	ndcc13	969	5882	525212	324727
LADGATE	1224	10000	0.284	1
LIFT	syn10m04m	1224	620	2256	620
COUNTS	syn10m04m	1224	3384	13501	13473
LADGATE	18	10000	0.152	1
COUNTS	ex5_2_4	18	62	204	193
LADGATE	72	10000	0.206	1
LIFT	st_m2	72	21	420	21
COUNTS	st_m2	72	1226	16331	16331
LADGATE	16	10000	0.140	1
COUNTS	st_bpk1	16	44	115	108
LADGATE	736	10000	0.592	1
LIFT	multiplants_stg1	736	321	3112	321
COUNTS	multiplants_stg1	736	3594	197998	155496
LADGATE	11251	10000	0.766	0
LIFT	powerflow0300p	11251	6342	34748	6342
COUNTS	powerflow0300p	11251	41918	304705	292256
LADGATE	33155	10000	0.649	0
LIFT	nd_netgen-3000-1-1-b-b-ns_7	33155	15155	54000	15155
COUNTS	nd_netgen-3000-1-1-b-b-ns_7	33155	90000	922197	885186
LADGATE	803	10000	0.527	1
LIFT	sonet23v4	803	547	5952	547
COUNTS	sonet23v4	803	6462	139703	94348
LADGATE	1649	10000	0.436	1
LIFT	pooling_sppa0pq	1649	1648	24190	1648
COUNTS	pooling_sppa0pq	1649	24192	3745896	1214182
LADGATE	645	10000	0.606	1
LIFT	multiplants_mtg1b	645	406	4016	406
COUNTS	multiplants_mtg1b	645	4404	229415	152043
LADGATE	338	10000	0.269	1
LIFT	sssd18-08persp	338	138	768	138
COUNTS	sssd18-08persp	338	1168	4654	4654
LADGATE	19	10000	0.162	1
COUNTS	ex9_1_2	19	54	188	179
LADGATE	3670	10000	0.886	1
LIFT	crudeoil_lee1_07	3670	1957	17600	1957
COUNTS	crudeoil_lee1_07	3670	19322	4746188	3506464
LADGATE	31	10000	0.165	1
COUNTS	pooling_haverly1tp	31	96	423	403
LADGATE	230	10000	0.220	1
LIFT	waterund08	230	120	1760	120
COUNTS	waterund08	230	1290	35284	30110
LADGATE	76	10000	0.148	1
LIFT	kall_diffcircles_6	76	45	240	45
COUNTS	kall_diffcircles_6	76	302	1511	1511
LADGATE	440	10000	0.442	1
LIFT	chimera_mgw-c8-439-onc8-001	440	423	3066	423
COUNTS	chimera_mgw-c8-439-onc8-001	440	3040	106479	80090
LADGATE	160	10000	0.250	1
LIFT	waterund11	160	91	642	91
COUNTS	waterund11	160	828	14818	10705
LADGATE	16364	10000	0.709	0
LIFT	chp_shorttermplan2d	16364	8902	38240	8902
COUNTS	chp_shorttermplan2d	16364	52108	4089003	2104683
LADGATE	156	10000	0.291	1
LIFT	sporttournament18	156	136	810	136
COUNTS	sporttournament18	156	886	17568	13608
COUNTS	cvxnonsep_psig30	30	870	9455	9455
LADGATE	6089	10000	0.469	1
LIFT	ringpack_20_2	6089	3132	37034	3132
COUNTS	ringpack_20_2	6089	40368	1872174	707413
LADGATE	1386	10000	0.335	1
LIFT	blend718	1386	808	3138	808
COUNTS	blend718	1386	4310	70355	61466
LADGATE	115	10000	0.272	1
LIFT	wastepaper4	115	50	654	50
COUNTS	wastepaper4	115	724	9711	7183
LADGATE	2450	10000	0.615	1
LIFT	squfl010-040persp	2450	850	4000	850
COUNTS	squfl010-040persp	2450	7200	22825	22825
LADGATE	10429	10000	0.960	0
LIFT	crudeoil_lee4_06	10429	6797	109128	6797
COUNTS	crudeoil_lee4_06	10429	55492	65337120	32564806
LADGATE	1746	10000	0.572	1
LIFT	netmod_kar1	1746	798	3664	798
COUNTS	netmod_kar1	1746	4928	56838	43864
LADGATE	14	10000	0.117	1
COUNTS	ex8_1_7	14	46	137	128
LADGATE	108	10000	0.203	1
LIFT	graphpart_3g-0333-0333	108	81	648	81
COUNTS	graphpart_3g-0333-0333	108	648	44928	36228
LADGATE	760	10000	0.333	1
LIFT	slay05h	760	340	1400	340
COUNTS	slay05h	760	2080	9815	8795
LADGATE	156	10000	0.276	1
LIFT	korcns	156	92	598	92
COUNTS	korcns	156	712	7241	6599
LADGATE	5065	10000	0.727	1
LIFT	powerflow0118p	5065	2810	15480	2810
COUNTS	powerflow0118p	5065	18730	121503	117327
LADGATE	4799	10000	0.804	1
LIFT	sfacloc2_3_80	4799	2402	16046	2402
COUNTS	sfacloc2_3_80	4799	20600	84672	81119
LADGATE	6028	10000	0.585	1
LIFT	rsyn0820m04m	6028	3144	12532	3144
COUNTS	rsyn0820m04m	6028	17372	196890	152980
LADGATE	1046	10000	0.259	1
LIFT	hydroenergy1	1046	570	2164	570
COUNTS	hydroenergy1	1046	3024	14089	14089
LADGATE	181	10000	0.198	1
LIFT	maxmin	181	103	1284	103
COUNTS	maxmin	181	1440	8405	8405
LADGATE	8	10000	0.116	1
COUNTS	st_ht	8	18	51	44
LADGATE	6418	10000	0.889	1
LIFT	crudeoil_lee2_06	6418	4139	66598	4139
COUNTS	crudeoil_lee2_06	6418	34646	23299675	16292510
LADGATE	3183	10000	0.512	1
LIFT	kan_r3_h1_n4	3183	2301	12330	2301
COUNTS	kan_r3_h1_n4	3183	14062	104945	98715
LADGATE	378	10000	0.293	1
LIFT	primary	378	222	5294	222
COUNTS	primary	378	5610	109639	95258
LADGATE	1071	10000	0.296	1
LIFT	syn10m03hfsg	1071	591	1812	591
COUNTS	syn10m03hfsg	1071	2772	9890	9812
LADGATE	36	10000	0.189	1
LIFT	wastewater02m1	36	24	118	24
COUNTS	wastewater02m1	36	138	848	790
LADGATE	4620	10000	0.390	1
LIFT	supplychainr1_022020	4620	2680	11920	2680
COUNTS	supplychainr1_022020	4620	15680	273140	273100
LADGATE	3800	10000	0.265	1
LIFT	squfl025-025persp	3800	1300	6250	1300
COUNTS	squfl025-025persp	3800	11250	49925	49925
LADGATE	17999	10000	0.904	0
LIFT	ringpack_30_2	17999	9231	103922	9231
COUNTS	ringpack_30_2	17999	121458	12394600	2873684
LIFT	nuclear104	39098	26306	232222	26306
COUNTS	nuclear104	39098	257806	103156931	78332024
LADGATE	4952	10000	0.645	1
LIFT	chp_shorttermplan1a	4952	2592	11264	2592
COUNTS	chp_shorttermplan1a	4952	15700	376486	299825
LADGATE	555	10000	0.434	1
LIFT	rocket50	555	450	3272	450
COUNTS	rocket50	555	3488	19983	19265
LADGATE	8508	10000	0.728	1
LIFT	rsyn0840m04m	8508	4368	17360	4368
COUNTS	rsyn0840m04m	8508	24272	229914	185120
LADGATE	11716	10000	0.673	0
LIFT	mpbp_21	11716	6945	28072	6945
COUNTS	mpbp_21	11716	37660	1691114	1456963
LADGATE	172	10000	0.222	1
LIFT	orth_d4m6_pl	172	92	896	92
COUNTS	orth_d4m6_pl	172	1096	10938	10703
LADGATE	1681	10000	0.532	1
LIFT	kall_circlespolygons_c1p5b	1681	1245	6560	1245
COUNTS	kall_circlespolygons_c1p5b	1681	7432	201759	193841
LIFT	acopf_case9241pegase_qcqp	313068	201757	1141270	201757
COUNTS	acopf_case9241pegase_qcqp	313068	1292408	34647355	33736789
LADGATE	33	10000	0.177	1
LIFT	ex1223	33	18	54	18
COUNTS	ex1223	33	82	244	244
LADGATE	10	10000	0.126	1
COUNTS	ex6_1_4	10	48	197	153
LADGATE	403	10000	0.282	1
LIFT	powerflow0014r	403	234	1432	234
COUNTS	powerflow0014r	403	1630	10761	10361
LADGATE	2065	10000	0.270	1
LIFT	knp5-43	2065	1119	29756	1119
COUNTS	knp5-43	2065	31132	3517788	3517788
LADGATE	21688	10000	0.806	0
LIFT	gabriel09	21688	11348	105698	11348
COUNTS	gabriel09	21688	89702	29373994	26366112
LADGATE	32	10000	0.193	1
LIFT	tln2	32	18	60	18
COUNTS	tln2	32	88	233	233
LADGATE	22	10000	0.169	1
COUNTS	prob02	22	76	267	232
LADGATE	1422	10000	0.403	1
LIFT	blend146	1422	826	3252	826
COUNTS	blend146	1422	4460	78102	64296
LADGATE	4518	10000	0.649	1
LIFT	mpbp_46	4518	2728	10872	2728
COUNTS	mpbp_46	4518	14492	499547	447603
LADGATE	413	10000	0.445	1
LIFT	tls6	413	291	2630	291
COUNTS	tls6	413	2860	18483	17511
LADGATE	21925	10000	0.479	0
LIFT	emfl100_5_5	21925	9425	27300	9425
COUNTS	emfl100_5_5	21925	52300	221650	221650
LADGATE	341	10000	0.202	1
LIFT	qspp_0_11_0_1_10_1	341	220	43506	220
COUNTS	qspp_0_11_0_1_10_1	341	44264	3563707	3531915
LADGATE	403	10000	0.335	1
LIFT	p_ball_10b_5p_4d_m	403	169	1116	169
COUNTS	p_ball_10b_5p_4d_m	403	1484	13581	13288
LADGATE	90	10000	0.263	1
LIFT	st_rv9	90	70	800	70
COUNTS	st_rv9	90	840	6691	6321
LADGATE	3486	10000	0.615	1
LIFT	rsyn0840m02m	3486	1876	6568	1876
COUNTS	rsyn0840m02m	3486	9576	47529	44981
LADGATE	22	10000	0.190	1
COUNTS	nvs05	22	84	277	266
COUNTS	autocorr_bern25-19	28	612	5278	5278
LADGATE	356	10000	0.295	1
LIFT	sssd20-08persp	356	140	800	140
COUNTS	sssd20-08persp	356	1232	4960	4960
LADGATE	827	10000	0.814	1
LIFT	multiplants_stg5	827	310	3480	310
COUNTS	multiplants_stg5	827	3804	377794	155722
LADGATE	2032	10000	0.787	1
LIFT	chimera_rfr-02	2032	2012	15234	2012
COUNTS	chimera_rfr-02	2032	15140	3860441	2487302
LADGATE	726	10000	0.668	1
LIFT	multiplants_stg1a	726	304	2994	304
COUNTS	multiplants_stg1a	726	3510	142058	121443
LADGATE	170	10000	0.250	1
LIFT	pooling_adhya4pq	170	93	790	93
COUNTS	pooling_adhya4pq	170	932	24314	16556
LADGATE	17493	10000	0.887	0
LIFT	nuclear10a	17493	15309	159656	15309
COUNTS	nuclear10a	17493	163816	82406325	55754381
LADGATE	874	10000	0.627	1
LIFT	sonet24v5	874	595	6704	595
COUNTS	sonet24v5	874	7260	185654	110276
LIFT	transswitch2736spr	69651	44696	297260	44696
COUNTS	transswitch2736spr	69651	331010	7933133	7281507
LADGATE	8992	10000	0.617	1
LIFT	chp_shorttermplan2a	8992	4760	18484	4760
COUNTS	chp_shorttermplan2a	8992	26288	821014	575282
LADGATE	1001	10000	0.265	1
LIFT	catmix200	1001	998	5580	998
COUNTS	catmix200	1001	5592	18173	18164
COUNTS	nvs23	27	252	1921	1221
LADGATE	20	10000	0.164	1
COUNTS	oaer	20	40	107	107
LADGATE	168	10000	0.184	1
LIFT	hybriddynamic_fixed	168	80	250	80
COUNTS	hybriddynamic_fixed	168	388	1103	1103
LADGATE	16747	10000	0.653	0
LIFT	edgecross24-115	16747	8651	85448	8651
COUNTS	edgecross24-115	16747	77352	35096942	28685704
LADGATE	1178	10000	0.337	1
LIFT	space25	1178	243	1212	243
COUNTS	space25	1178	4334	23567	22528
LADGATE	23999	10000	0.668	0
LIFT	methanol400	23999	19199	142128	19199
COUNTS	methanol400	23999	151728	2586036	1864047
LADGATE	1218	10000	0.595	1
LIFT	pooling_foulds5tp	1218	659	7246	659
COUNTS	pooling_foulds5tp	1218	8364	251833	171941
LADGATE	5040	10000	0.788	1
LIFT	pooling_sppa9tp	5040	2642	116234	2642
COUNTS	pooling_sppa9tp	5040	121302	104609262	16877457
COUNTS	st_miqp2	10	18	37	37
COUNTS	autocorr_bern30-23	33	878	8940	8940
LADGATE	9858	10000	0.769	1
LIFT	mpbp_15	9858	5550	25800	5550
COUNTS	mpbp_15	9858	31692	1496502	1167920
COUNTS	cvxnonsep_psig30r	126	250	501	501
LADGATE	1590	10000	0.434	1
LIFT	rsyn0830hfsg	1590	876	2784	876
COUNTS	rsyn0830hfsg	1590	4100	16168	15383
LADGATE	1271	10000	0.543	1
LIFT	crudeoil_pooling_ct1	1271	722	3626	722
COUNTS	crudeoil_pooling_ct1	1271	4642	125127	93863
LADGATE	800	10000	0.637	1
LIFT	multiplants_stg1c	800	326	3346	326
COUNTS	multiplants_stg1c	800	3894	150039	143020
LADGATE	11	10000	0.158	1
COUNTS	st_pan1	11	32	123	94
LADGATE	814	10000	0.849	1
LIFT	multiplants_stg1b	814	337	3456	337
COUNTS	multiplants_stg1b	814	3992	308612	187593
LADGATE	11999	10000	0.685	0
LIFT	methanol200	11999	9599	71328	9599
COUNTS	methanol200	11999	76128	1290836	905945
LADGATE	26778	10000	0.599	0
LIFT	faclay35	26778	13686	106196	13686
COUNTS	faclay35	26778	132380	33630126	32021838
LADGATE	13175	10000	0.266	0
LIFT	emfl050_5_5	13175	5675	17300	5675
COUNTS	emfl050_5_5	13175	32300	155400	155400
LIFT	transswitch2383wpr	59853	37844	247952	37844
COUNTS	transswitch2383wpr	59853	277562	3946309	3861509
LADGATE	1120	10000	0.509	1
LIFT	chimera_lga-01	1120	721	5500	721
COUNTS	chimera_lga-01	1120	6400	668019	497101
LADGATE	4596	10000	0.684	1
LIFT	gasprod_sarawak16	4596	2632	12316	2632
COUNTS	gasprod_sarawak16	4596	15316	213850	196064
LADGATE	15904	10000	1.214	0
LIFT	crudeoil_lee4_09	15904	10632	92014	10632
COUNTS	crudeoil_lee4_09	15904	101792	208785578	130655525
LADGATE	44909	10000	1.077	0
LIFT	arki0013	44909	18463	161472	18463
COUNTS	arki0013	44909	160172	390472987	157005417
LADGATE	42	10000	0.183	1
LIFT	st_m1	42	11	110	11
COUNTS	st_m1	42	432	3097	3097
LADGATE	5310	10000	1.084	1
LIFT	mpbp_47	5310	3182	12798	3182
COUNTS	mpbp_47	5310	17098	730624	652248
LADGATE	821	10000	0.587	1
LIFT	rsyn0815m	821	434	1516	434
COUNTS	rsyn0815m	821	2242	8260	7745
LADGATE	7993	10000	1.173	1
LIFT	arki0016	7993	4968	26810	4968
COUNTS	arki0016	7993	37208	878890	835794
LADGATE	18	10000	0.160	1
COUNTS	st_glmp_ss2	18	48	121	121
LADGATE	2670	10000	0.796	1
LIFT	rsyn0810m02hfsg	2670	1484	4808	1484
COUNTS	rsyn0810m02hfsg	2670	6964	36862	34753
LADGATE	55	10000	0.169	1
LIFT	pointpack06	55	34	234	34
COUNTS	pointpack06	55	276	1497	1497
LADGATE	6328	10000	0.402	1
LIFT	syn40m04hfsg	6328	3492	11224	3492
COUNTS	syn40m04hfsg	6328	16896	76232	73685
LADGATE	258	10000	0.239	1
LIFT	clay0304m	258	122	576	122
COUNTS	clay0304m	258	840	2742	2742
LADGATE	1218	10000	0.483	1
LIFT	pooling_foulds5pq	1218	655	7342	655
COUNTS	pooling_foulds5pq	1218	8300	159641	159641
LADGATE	1000	10000	0.461	1
LIFT	clay0305hfsg	1000	485	2050	485
COUNTS	clay0305hfsg	1000	2910	12260	11240
LADGATE	64	10000	0.222	1
LIFT	st_test8	64	44	192	44
COUNTS	st_test8	64	232	2343	1964
LIFT	gams05	17364	8487	278504	8487
COUNTS	gams05	17364	252910	6179750712	3259322396
LADGATE	31	10000	0.179	1
COUNTS	sporttournament08	31	156	862	862
LADGATE	1121	10000	0.377	1
LIFT	powerflow0030p	1121	642	3468	642
COUNTS	powerflow0030p	1121	4194	24944	23642
LADGATE	22407	10000	0.925	0
LIFT	popdynm200	22407	18799	98384	18799
COUNTS	popdynm200	22407	105584	2567878	2436690
LADGATE	11120	10000	0.781	0
LIFT	mpbp_35	11120	6920	32350	6920
COUNTS	mpbp_35	11120	40790	3037207	975441
LADGATE	1492	10000	0.422	1
LIFT	syn30m02m	1492	762	2608	762
COUNTS	syn30m02m	1492	3936	13752	13455
LADGATE	481	10000	0.369	1
LIFT	wastewater13m1	481	353	3026	353
COUNTS	wastewater13m1	481	3252	60135	60068
LADGATE	1022	10000	0.299	1
LIFT	syn40hfsg	1022	573	1726	573
COUNTS	syn40hfsg	1022	2624	8432	8155
LADGATE	69	10000	0.180	1
LIFT	sep1	69	36	150	36
COUNTS	sep1	69	206	1097	1047
LADGATE	2508	10000	0.522	1
LIFT	syn30m03m	2508	1278	4542	1278
COUNTS	syn30m03m	2508	6804	26806	26552
COUNTS	st_qpc-m3a	30	304	2330	1574
LADGATE	2644	10000	1.146	1
LIFT	crudeoil_pooling_ct3	2644	1586	9346	1586
COUNTS	crudeoil_pooling_ct3	2644	11426	1381490	866197
LADGATE	634	10000	0.400	1
LIFT	space25a	634	417	2530	417
COUNTS	space25a	634	3246	29078	27875
COUNTS	autocorr_bern20-15	23	394	2784	2784
LADGATE	35	10000	0.178	1
LIFT	ex7_2_1	35	21	106	21
COUNTS	ex7_2_1	35	134	352	341
LADGATE	2092	10000	0.748	1
LIFT	hydroenergy2	2092	1090	4556	1090
COUNTS	hydroenergy2	2092	6236	69051	56014
LADGATE	514	10000	0.418	1
LIFT	pooling_digabel19	514	296	5918	296
COUNTS	pooling_digabel19	514	5340	325989	274903
LADGATE	132	10000	0.222	1
LIFT	clay0203m	132	63	282	63
COUNTS	clay0203m	132	420	1348	1348
LADGATE	13680	10000	0.407	0
LIFT	squfl030-150	13680	4680	18000	4680
COUNTS	squfl030-150	13680	36000	252605	252605

--- every order() call, slowest first (TSV) ---
secs	matrix	n	nnz	ratio
1.3490	chimera_selby-c16-01	2031	10964	0.6710
1.2984	arki0016	7993	37208	0.9510
1.2291	crudeoil_pooling_ct3	2644	11426	0.6270
1.2286	chimera_selby-c16-02	2031	10878	0.5370
1.2160	crudeoil_lee4_09	15904	101792	0.6258
1.1808	mpbp_47	5310	17098	0.8927
1.1573	acopf_case9241pegase_qcqp	313068	1292408	0.9737
1.1008	crudeoil_lee4_10	17809	120632	0.6253
1.0782	arki0013	44909	160172	0.4021
1.0446	mpbp_07	9532	30810	0.9127
1.0412	gabriel10	244056	1148210	0.9285
1.0305	gams05	17364	252910	0.5274
1.0214	batchs201210m	5188	17910	0.8685
1.0101	crudeoil_lee4_06	10429	55492	0.4984
0.9815	rsyn0805m03m	2868	8270	0.8995
0.9811	crudeoil_lee2_06	6418	34646	0.6993
0.9729	pinene200	19995	97990	0.8350
0.9680	rsyn0815m04m	5456	15756	0.7782
0.9646	nuclear104	39098	257806	0.7593
0.9549	squfl015-060	2775	7200	1.0000
0.9543	crudeoil_lee1_07	3670	19322	0.7388
0.9433	transswitch0300p	11659	48446	0.9246
0.9296	multiplants_stg1b	814	3992	0.6079
0.9292	rsyn0810m04m	4772	13836	0.7675
0.9252	popdynm200	22407	105584	0.9489
0.9220	chp_partload	5211	16740	0.7328
0.9133	sfacloc2_3_80	4799	20600	0.9580
0.9095	ringpack_30_2	17999	121458	0.2318
0.8995	sfacloc2_4_80	5067	21424	0.9552
0.8988	mpbp_15	9858	31692	0.7804
0.8917	mpbp_48	28368	91016	0.4772
0.8885	nuclear10a	17493	163816	0.6766
0.8871	chimera_rfr-02	2032	15140	0.6443
0.8801	mpbp_35	11120	40790	0.3212
0.8749	multiplants_stg5	827	3804	0.4122
0.8717	powerflow0300p	11251	41918	0.9591
0.8625	rsyn0820m02m	2486	6932	0.9330
0.8582	rsyn0810m02hfsg	2670	6964	0.9428
0.8512	powerflow0118p	5065	18730	0.9656
0.8420	unitcommit_200_100_1_mod_8	146830	476332	0.9764
0.8368	p_ball_30b_7p_2d_h	2207	7516	0.9968
0.8366	pooling_sppc3pq	23173	893724	0.2822
0.8362	rsyn0840m04m	8508	24272	0.8052
0.8322	crudeoil_pooling_dt3	30660	152210	0.6919
0.8156	faclay75	272878	1379706	0.9405
0.8131	methanol200	11999	76128	0.7018
0.8075	gabriel09	21688	89702	0.8976
0.8058	pooling_sppa9tp	5040	121302	0.1613
0.8011	gasprod_sarawak16	4596	15316	0.9168
0.7985	pooling_sppb5pq	18529	674470	0.4077
0.7955	squfl025-030	2305	6000	1.0000
0.7937	hydroenergy2	2092	6236	0.8112
0.7915	syn40m04m	4960	13792	0.9588
0.7887	rsyn0830m04m	7252	20752	0.8092
0.7847	sporttournament48	1131	6676	0.6461
0.7772	waste	4825	21504	0.8654
0.7650	crudeoil_pooling_dt2	18742	75910	0.6638
0.7598	chp_shorttermplan1a	4952	15700	0.7964
0.7589	mpbp_46	4518	14492	0.8960
0.7585	nuclear25a	1942	16030	0.5747
0.7566	gasprod_sarawak81	22536	75636	0.9135
0.7557	multiplants_stg1a	726	3510	0.8549
0.7556	mpbp_21	11716	37660	0.8615
0.7334	popdynm25	2807	13904	0.7965
0.7281	chp_shorttermplan2a	8992	26288	0.7007
0.7230	chimera_k64ising-02	1225	3846	0.6051
0.7189	squfl010-080	2490	6400	1.0000
0.7181	chp_shorttermplan2d	16364	52108	0.5147
0.7168	sonet24v5	874	7260	0.5940
0.7154	mpbp_34	11556	40860	0.2881
0.7039	chimera_mgw-c16-2031-01	2032	15900	0.7721
0.7030	multiplants_stg1c	800	3894	0.9532
0.6945	batchs121208m	3404	11462	0.9332
0.6940	crudeoil_li05	4225	14628	0.7846
0.6925	rsyn0840m02m	3486	9576	0.9464
0.6876	oil	3270	8430	0.9572
0.6875	procurement1large	14416	41068	0.5321
0.6809	multiplants_mtg1b	645	4404	0.6627
0.6741	squfl020-150	9170	24000	1.0000
0.6704	multiplants_stg1	736	3594	0.7853
0.6695	chimera_mgw-c8-439-onc8-002	440	3038	0.8835
0.6691	methanol400	23999	151728	0.7208
0.6687	pooling_foulds5tp	1218	8364	0.6828
0.6657	rsyn0820m04m	6028	17372	0.7770
0.6544	edgecross24-115	16747	77352	0.8173
0.6501	nd_netgen-3000-1-1-b-b-ns_7	33155	90000	0.9599
0.6498	transswitch2736spr	69651	331010	0.9179
0.6412	squfl010-040persp	2450	7200	1.0000
0.6387	transswitch2383wpr	59853	277562	0.9785
0.6380	rsyn0815m	821	2242	0.9377
0.6359	ndcc12	974	5982	0.9533
0.6331	risk2bpb	1462	5396	0.5574
0.6313	kall_circlespolygons_c1p5b	1681	7432	0.9608
0.6271	crudeoil_pooling_ct1	1271	4642	0.7501
0.6238	rsyn0815m02hfsg	3054	7968	0.9278
0.6236	netmod_kar1	1746	4928	0.7717
0.6123	ndcc13	969	5882	0.6183
0.6073	slay09h	2718	7488	0.8982
0.6057	ndcc12persp	1112	5522	0.9521
0.6043	sonet23v4	803	6462	0.6753
0.6001	faclay35	26778	132380	0.9522
0.5956	chimera_lga-01	1120	6400	0.7441
0.5910	kan_r3_h1_n4	3183	14062	0.9406
0.5880	qapw	705	87496	1.0000
0.5847	pooling_foulds4pq	1294	8302	0.9989
0.5788	edgecross10-030	1053	4654	0.7367
0.5764	ringpack_20_3	6709	45220	0.3584
0.5656	torsion50	2508	29808	0.6618
0.5644	syn30m03m	2508	6804	0.9905
0.5638	ringpack_20_2	6089	40368	0.3779
0.5612	pooling_foulds5pq	1218	8300	1.0000
0.5369	chimera_mgw-c8-439-onc8-001	440	3040	0.7522
0.5273	pooling_sppa9pq	5030	120730	0.6312
0.5236	rocket50	555	3488	0.9641
0.5232	tls6	413	2860	0.9474
0.5172	arki0002	4432	11248	0.9764
0.5139	pooling_sppc1pq	14100	477680	0.1683
0.5115	pooling_sppa0pq	1649	24192	0.3241
0.5099	clay0305hfsg	1000	2910	0.9168
0.5093	kall_circlesrectangles_c6r39	1306	5378	0.9850
0.5036	supplychainr1_022020	4620	15680	0.9999
0.5001	glider400	10017	49624	0.8779
0.4988	sonet21v6	8232	40744	0.9650
0.4921	syn40m04hfsg	6328	16896	0.9666
0.4912	maxcsp-langford-3-11	660	29646	0.3098
0.4900	rsyn0830hfsg	1590	4100	0.9514
0.4891	blend146	1422	4460	0.8232
0.4874	gancns	548	2800	0.8502
0.4846	emfl100_5_5	21925	52300	1.0000
0.4845	squfl015-080persp	7295	21600	1.0000
0.4788	space25a	634	3246	0.9586
0.4784	syn30m02m	1492	3936	0.9784
0.4730	edgecross10-080	1053	5940	0.9638
0.4713	forest	713	2658	0.9933
0.4703	pooling_digabel19	514	5340	0.8433
0.4687	waternd2	615	2580	0.4806
0.4684	supplychainr1_053050	16640	57800	1.0000
0.4663	powerflow0030p	1121	4194	0.9478
0.4609	cont6-qq	120395	557994	0.6962
0.4575	edgecross10-090	1053	5204	0.8181
0.4565	sonetgr17	440	2958	0.8190
0.4519	faclay30	16678	82242	0.9552
0.4493	kissing2	20772	401024	1.0000
0.4492	sfacloc2_4_90	1491	4500	0.9104
0.4390	syn15m04m	1908	5288	0.9604
0.4379	p_ball_30b_5p_2d_h	1543	5224	0.9961
0.4374	nd_netgen-2000-3-4-b-a-ns_7	22074	60000	0.9446
0.4361	clay0204hfsg	590	1696	0.9116
0.4317	wastewater13m1	481	3252	0.9989
0.4177	syn40m	560	1528	0.9644
0.4171	edgecross14-156	3097	19664	0.9254
0.4153	ex8_3_9	123	834	0.7643
0.4100	squfl030-150	13680	36000	1.0000
0.4077	blend718	1386	4310	0.8737
0.4074	space25	1178	4334	0.9559
0.4044	blend721	1428	4548	0.8528
0.4029	knp5-44	2157	32604	1.0000
0.4019	p_ball_10b_5p_4d_m	403	1484	0.9784
0.3870	edgecross10-040	1053	5116	0.8867
0.3855	p_ball_10b_5p_2d_m	293	964	0.9848
0.3842	p_ball_10b_7p_3d_h	1236	4186	0.9739
0.3831	sssd20-08persp	356	1232	1.0000
0.3779	chain200	601	2396	1.0000
0.3777	catmix400	2001	11192	0.9998
0.3766	sporttournament18	156	886	0.7746
0.3765	rsyn0840m	1159	3168	0.9404
0.3753	maxcsp-ehi-85-297-71	2372	207996	0.8040
0.3745	waterund14	333	2204	0.3600
0.3734	slay08m	660	2016	1.0000
0.3712	graphpart_clique-20	80	1260	0.7985
0.3678	slay05h	760	2080	0.8961
0.3640	o9_ar4_1	1049	4336	0.9177
0.3635	korcns	156	712	0.9113
0.3608	slay06m	357	1080	1.0000
0.3591	catmix200	1001	5592	0.9995
0.3536	fo9_ar25_1	1049	4336	0.9177
0.3525	sssd25-08	401	1200	1.0000
0.3513	wastepaper4	115	724	0.7397
0.3489	graphpart_clique-30	120	2790	0.7961
0.3483	slay07m	497	1512	1.0000
0.3479	powerflow0014r	403	1630	0.9628
0.3459	ex1265a	123	560	0.9498
0.3455	st_rv9	90	840	0.9447
0.3443	primary	378	5610	0.8688
0.3442	wastepaper6	191	1416	1.0000
0.3431	syn40hfsg	1022	2624	0.9671
0.3426	wastewater05m1	98	536	0.6874
0.3414	waterund01	96	404	0.7297
0.3364	syn10m03hfsg	1071	2772	0.9921
0.3356	emfl100_3_3	6885	15948	1.0000
0.3355	sssd18-08persp	338	1168	1.0000
0.3334	graphpart_3g-0244-0244	128	672	0.9727
0.3320	pooling_adhya4pq	170	932	0.6809
0.3271	syn10m04m	1224	3384	0.9979
0.3260	lop97icx	1073	2118	0.8078
0.3244	demo7	155	618	0.9573
0.3240	waterund11	160	828	0.7224
0.3239	st_e31	301	744	0.9389
0.3194	pooling_adhya4tp	170	936	0.7667
0.3188	chain400	1201	4796	1.0000
0.3187	ex1263a	94	390	1.0000
0.3160	clay0204m	222	704	1.0000
0.3159	knp5-43	2065	31132	1.0000
0.3151	clay0304m	258	840	1.0000
0.3123	st_test8	64	232	0.8382
0.3086	squfl025-025persp	3800	11250	1.0000
0.3032	hydroenergy1	1046	3024	1.0000
0.3026	slay05m	240	720	1.0000
0.2998	pooling_rt2tp	118	654	0.9864
0.2989	genpooling_lee2	221	1048	0.7051
0.2929	syn15hfsg	399	1022	0.9915
0.2921	clay0203m	132	420	1.0000
0.2900	prolog	64	292	0.9839
0.2896	graphpart_clique-70	280	14910	0.8103
0.2886	qspp_0_14_0_1_10_1	560	120274	0.9950
0.2831	orth_d4m6_pl	172	1096	0.9785
0.2828	meanvar-orl400_05_e_8	4405	171604	1.0000
0.2811	waterund08	230	1290	0.8534
0.2801	st_m1	42	432	1.0000
0.2796	meanvar-orl400_05_e_7	5205	174804	0.9998
0.2722	st_m2	72	1226	1.0000
0.2717	elf	124	376	0.7951
0.2712	csched1	110	376	1.0000
0.2702	nvs05	22	84	0.9603
0.2696	wastewater02m1	36	138	0.9316
0.2691	emfl050_5_5	13175	32300	1.0000
0.2690	graphpart_3g-0333-0333	108	648	0.8064
0.2689	pooling_haverly1pq	31	96	0.9782
0.2686	tspn08	72	668	0.6863
0.2587	st_rv2	40	340	1.0000
0.2574	sporttournament08	31	156	1.0000
0.2563	ex7_2_1	35	134	0.9688
0.2561	ex8_4_1	32	100	1.0000
0.2556	maxmin	181	1440	1.0000
0.2554	st_bpaf1a	30	120	0.9310
0.2471	prob02	22	76	0.8689
0.2465	qspp_0_11_0_1_10_1	341	44264	0.9911
0.2413	st_jcbpaf2	36	246	0.9437
0.2398	slay04m	146	432	1.0000
0.2371	pooling_haverly1tp	31	96	0.9527
0.2362	pointpack06	55	276	1.0000
0.2332	st_e07	19	60	1.0000
0.2329	qspp_0_13_0_1_10_1	481	88522	0.9948
0.2321	st_bsj2	13	40	0.7972
0.2305	pointpack04	29	120	1.0000
0.2246	sssd15-04	163	440	1.0000
0.2216	ex5_2_4	18	62	0.9461
0.2172	tln2	32	88	1.0000
0.2127	qap	255	43748	0.9599
0.2108	qspp_0_10_0_1_10_1	280	29636	0.9946
0.2101	hybriddynamic_fixed	168	388	1.0000
0.2093	kall_diffcircles_6	76	302	1.0000
0.2052	st_ph1	16	58	0.8504
0.1995	sep1	69	206	0.9544
0.1981	ex1223	33	82	1.0000
0.1896	ex2_1_3	31	72	1.0000
0.1893	watercontamination0303r	1310	37028	1.0000
0.1885	ex6_1_4	10	48	0.7766
0.1881	st_qpk3	55	548	0.6881
0.1839	ex1223b	25	66	1.0000
0.1831	ex8_1_7	14	46	0.9343
0.1814	nvs02	11	46	1.0000
0.1813	oaer	20	40	1.0000
0.1807	ex9_1_2	19	54	0.9521
0.1805	ex9_2_6	28	68	1.0000
0.1802	himmel11	14	60	1.0000
0.1796	ex1225	26	66	0.9415
0.1783	st_glmp_ss2	18	48	1.0000
0.1756	st_pan1	11	32	0.7642
0.1728	st_ph13	23	68	0.8599
0.1620	ex3_1_3	18	36	0.9222
0.1613	st_glmp_ss1	24	66	1.0000
0.1572	st_bpk1	16	44	0.9391
0.1429	ex9_2_4	15	36	1.0000
0.1322	st_ht	8	18	0.8627
0.1313	ex14_1_8	11	30	1.0000
0.1249	st_e22	12	30	0.9091
0.0002	polygon75	5846	49652	1.0000
0.0001	pedigree_sim400	351	23546	0.9997
0.0001	camshape400	2000	7188	1.0000
0.0000	autocorr_bern40-30	43	1534	1.0000
0.0000	autocorr_bern35-35fix	38	1264	1.0000
0.0000	autocorr_bern30-23	33	878	1.0000
0.0000	smallinvDAXr1b010-011	39	1120	0.9859
0.0000	autocorr_bern25-19	28	612	1.0000
0.0000	autocorr_bern20-15	23	394	1.0000
0.0000	cvxnonsep_psig30	30	870	1.0000
0.0000	st_qpc-m3a	30	304	0.6755
0.0000	cvxnonsep_psig20	20	380	1.0000
0.0000	nvs23	27	252	0.6356
0.0000	nvs19	24	200	0.6534
0.0000	cvxnonsep_normcon40r	162	322	1.0000
0.0000	st_iqpbk1	22	98	1.0000
0.0000	st_e25	20	92	0.7798
0.0000	cvxnonsep_psig30r	126	250	1.0000
0.0000	st_e41	8	32	1.0000
0.0000	cvxnonsep_normcon20r	82	162	1.0000
0.0000	st_e24	10	26	0.8906
0.0000	st_miqp2	10	18	1.0000
0.0000	cvxnonsep_psig20r	86	170	1.0000
matrices under 0.010s: 23/300
matrices under 0.050s: 23/300
matrices under 0.100s: 23/300
matrices under 0.200s: 47/300
matrices under 0.400s: 142/300

--- per-bucket ---
lt_1k    count=147   geomean=0.8874
1k_10k   count=108   geomean=0.8378
gt_10k   count=45    geomean=0.6852
SCORE = 0.791632
WORST order() = 1.349 s
FORCEAUDIT	stage1b_sites=39	force_fires=10	unsound=0	core_total_mismatch=0	max_drift_ppm=0	worst_incumbent=0	worst_adopted=0	tie_window_opened=16	tie_pass_run=2
ok

test result: ok. 1 passed; 0 failed; 0 ignored; 0 measured; 177 filtered out; finished in 146.03s

############ ARM A22 done
############ TRACE prod phases+classtrace (FORCE=1)
warning: unused doc comment
    --> candidate-worker/src/../../src/ordering/mod.rs:1223:1
     |
1223 | / /// TEST-ONLY sweep switch for the mid-size `rgreedy` stream opened by the 0154
1224 | | /// engine census. Returns `(ops_budget, gate_variant, stream_count)`; a zero
1225 | | /// budget disables the stream, which is what production compiles to — the
1226 | | /// switch can never change a submitted ordering. Configured through
1227 | | /// `SSI_MID_ENGINE="<variant>:<budget>[:<streams>]"` so one build can sweep
1228 | | /// several gate/budget points.
     | |_------------------------------^
     |   |
     |   rustdoc does not generate documentation for macro invocations
     |
     = help: to document an item produced by a macro, the macro must produce the documentation as part of its expansion
     = note: `#[warn(unused_doc_comments)]` (part of `#[warn(unused)]`) on by default

warning: unused doc comment
    --> candidate-worker/src/../../src/ordering/mod.rs:1491:1
     |
1491 | / /// TEST-ONLY kill switch for the heavy-tier arm (metrics + no-dense AMD +
1492 | | /// extra AMF α), so a probe can A/B the arm in one process.
     | |_-----------------------------------------------------------^
     |   |
     |   rustdoc does not generate documentation for macro invocations
     |
     = help: to document an item produced by a macro, the macro must produce the documentation as part of its expansion

warning: unused doc comment
   --> candidate-worker/src/../../src/ordering/parallel.rs:335:1
    |
335 | / /// TEST-ONLY switch forcing every batch onto the sequential path, so a probe
336 | | /// can run the SAME `order()` both ways in one process and compare the
337 | | /// returned permutations element by element. Production builds compile
338 | | /// [`force_sequential`] down to a constant `false`.
    | |_---------------------------------------------------^
    |   |
    |   rustdoc does not generate documentation for macro invocations
    |
    = help: to document an item produced by a macro, the macro must produce the documentation as part of its expansion

warning: unused doc comment
   --> candidate-worker/src/../../src/ordering/parallel.rs:369:1
    |
369 | / /// TEST-ONLY per-phase wall-clock marks: `phase_mark(label, t0)` appends
370 | | /// `(label, secs since t0)`; `phase_take()` drains them. Lets a probe see which
371 | | /// stage of `order()` sets a row's critical path. Never compiled into the
372 | | /// shipped binary.
    | |_------------------^
    |   |
    |   rustdoc does not generate documentation for macro invocations
    |
    = help: to document an item produced by a macro, the macro must produce the documentation as part of its expansion

warning: unused doc comment
    --> candidate-worker/src/../../src/ordering/mod.rs:5154:5
     |
5154 | /     /// ── 0192: the window is the frontier's own chain scope ─────────────────
5155 | |     /// The chain no longer reaches above n = 10 000 (see `PEO_ALT_MAX_N`), so
5156 | |     /// the draw takes over the whole band the chain used to own. Measured on the
5157 | |     /// 300 dev rows: with the window at 50 000 instead of 12 000 the draw adds
...    |
5163 | |     /// spender there), and its worst row is 1.127 s against the frontier's
5164 | |     /// 1.160 s base, so the wide band stays below the frontier's own footprint.
     | |________________________________________________________________________________^
5165 |       #[cfg(test)]
5166 | /     let window_n: usize = std::env::var("SSI_TERM_WIN_N")
5167 | |         .ok()
5168 | |         .and_then(|v| v.trim().parse::<usize>().ok())
5169 | |         .unwrap_or(50_000);
     | |___________________________- rustdoc does not generate documentation for statements
     |
     = help: use `//` for a plain comment

warning: unused doc comment
    --> candidate-worker/src/../../src/ordering/mod.rs:5306:9
     |
5306 | /         /// `nnz < 3n` = the sparse band of the 0184 price law (66 of the 300 dev
5307 | |         /// rows, all of them in-window). Structural, never per-matrix.
     | |_______________________________________________________________________^
5308 | /         let shipped_ladder = || {
5309 | |             if nnz < 3 * n {
5310 | |                 SHIPPED_SPARSE_LADDER.to_vec()
5311 | |             } else {
...    |
5314 | |         };
     | |__________- rustdoc does not generate documentation for statements
     |
     = help: use `//` for a plain comment

warning: variable does not need to be mutable
    --> candidate-worker/src/../../src/ordering/probe.rs:4151:9
     |
4151 |     let mut next = |s: &mut u64| -> u64 {
     |         ----^^^^
     |         |
     |         help: remove this `mut`
     |
     = note: `#[warn(unused_mut)]` (part of `#[warn(unused)]`) on by default

warning: value assigned to `d` is never read
   --> candidate-worker/src/../../src/ordering/rgreedy.rs:397:29
    |
397 |                 let mut d = 0u32;
    |                             ^^^^
    |
    = help: maybe it is overwritten before being read?
    = note: `#[warn(unused_assignments)]` (part of `#[warn(unused)]`) on by default

warning: constant `SUBTREE_MAX_N` is never used
   --> candidate-worker/src/../../src/ordering/mod.rs:855:7
    |
855 | const SUBTREE_MAX_N: usize = 250_000;
    |       ^^^^^^^^^^^^^
    |
    = note: `#[warn(dead_code)]` (part of `#[warn(unused)]`) on by default

warning: function `refine` is never used
  --> candidate-worker/src/../../src/ordering/completion.rs:12:15
   |
12 | pub(super) fn refine(
   |               ^^^^^^

warning: type alias `PermFn` is never used
  --> candidate-worker/src/../../src/ordering/parallel.rs:80:17
   |
80 | pub(crate) type PermFn<'a> = Box<dyn Fn() -> Option<Vec<usize>> + Sync + 'a>;
   |                 ^^^^^^

warning: function `run_perms` is never used
   --> candidate-worker/src/../../src/ordering/parallel.rs:189:15
    |
189 | pub(crate) fn run_perms(
    |               ^^^^^^^^^

warning: function `accept` is never used
   --> candidate-worker/src/../../src/ordering/parallel.rs:314:15
    |
314 | pub(crate) fn accept(results: &mut [CandOut], best_flops: &mut u64, best_perm: &mut Vec<usize>) -> bool {
    |               ^^^^^^

warning: function `minl_is_clique` is never used
   --> candidate-worker/src/../../src/ordering/minl.rs:136:4
    |
136 | fn minl_is_clique(adj: &[Vec<u32>], c: &[u32], ops: &mut i64) -> bool {
    |    ^^^^^^^^^^^^^^

warning: function `minl_try_delete_edge` is never used
   --> candidate-worker/src/../../src/ordering/minl.rs:232:4
    |
232 | fn minl_try_delete_edge(
    |    ^^^^^^^^^^^^^^^^^^^^

warning: function `run_sequential_180` is never used
   --> candidate-worker/src/../../src/ordering/indep_first.rs:632:4
    |
632 | fn run_sequential_180(sp: &ScoringPattern, ledger: u64) -> Option<(u64, Vec<usize>)> {
    |    ^^^^^^^^^^^^^^^^^^

warning: function `reset` is never used
   --> candidate-worker/src/../../src/ordering/mod.rs:557:19
    |
557 |     pub(crate) fn reset() {
    |                   ^^^^^

warning: `ssi-candidate-worker` (bin "ssi-candidate-worker" test) generated 17 warnings (run `cargo fix --bin "ssi-candidate-worker" -p ssi-candidate-worker --tests` to apply 1 suggestion)
    Finished `release` profile [optimized] target(s) in 0.01s
     Running unittests src/main.rs (target/release/deps/ssi_candidate_worker-9bc17c144118ca64)

running 1 test
test ordering::probe::probe_timing_and_score ... PHASES	kissing2	0.4280	1.portfolio=0.0835/1.0000	1b.indep=0.1137/1.0000	2.descent=0.0018/1.0000	3.search=0.0018/1.0000	4.subtree=0.0071/1.0000	4b.indep-accept=0.0018/1.0000	5.terminal=0.0018/1.0000	6.extra=0.0018/1.0000	7.telos=0.0018/1.0000	8.cleanup=0.0018/1.0000	9.reduce=0.0796/1.0000	10.completion=0.0018/1.0000	11.corecand=0.0018/1.0000	12.peo=0.0053/1.0000	13p.prep=0.0033/0.0000	13p.seeds=1.0000/0.0000	13p.rounds=1.0000/0.0000	13p.ledger=903802.0000/0.0000	13p.recon=0.0027/0.0000	13p.mcs=0.0028/0.0000	13.alt=0.0158/1.0000	14.transplant=0.0018/1.0000	15.minl=0.0590/1.0000	15.peel=0.0020/1.0000	16.late=0.0020/1.0000	17.final=0.0019/1.0000	18.simp=0.0019/1.0000	19.five=0.0019/1.0000	20.lt1k=0.0019/1.0000	21.comp=0.0019/1.0000	22.win=0.0019/1.0000	final=1.0000
LIFT	kissing2	20772	10772	381024	10772
COUNTS	kissing2	20772	401024	156414018	156414018
LADGATE	16678	10000	0.500	0
PHASES	faclay30	0.5010	1.portfolio=0.1972/0.9552	1b.indep=0.0537/0.9552	2.descent=0.0006/0.9552	3.search=0.0005/0.9552	4.subtree=0.0035/0.9552	4b.indep-accept=0.0013/0.9552	5.terminal=0.0136/0.9552	6.extra=0.0017/0.9552	7.telos=0.0017/0.9552	8.cleanup=0.0015/0.9552	9.reduce=0.0595/0.9552	10.completion=0.0158/0.9552	11.corecand=0.0006/0.9552	12.peo=0.0053/0.9552	13p.prep=0.0138/0.0000	13p.seeds=6.0000/0.0000	13p.rounds=10.0000/0.0000	13p.ledger=2231060.0000/0.0000	13p.recon=0.0076/0.0000	13p.mcs=0.0093/0.0000	13.alt=0.0447/0.9552	14.transplant=0.0019/0.9552	15.minl=0.0877/0.9552	15.peel=0.0005/0.9552	16.late=0.0005/0.9552	17.final=0.0036/0.9552	18.simp=0.0006/0.9552	19.five=0.0006/0.9552	20.lt1k=0.0006/0.9552	21.comp=0.0006/0.9552	22.win=0.0006/0.9552	final=0.9552
LIFT	faclay30	16678	8556	65998	8556
COUNTS	faclay30	16678	82242	13452923	12850431
LADGATE	17809	10000	1.124	0
PHASES	crudeoil_lee4_10	1.1248	1.portfolio=0.4941/0.6858	1b.indep=0.1805/0.6858	2.descent=0.0013/0.6858	3.search=0.0013/0.6858	4.subtree=0.1649/0.6763	4b.indep-accept=0.0011/0.6512	5.terminal=0.0076/0.6512	6.extra=0.0011/0.6512	7.telos=0.0011/0.6512	8.cleanup=0.0011/0.6512	9.reduce=0.1088/0.6512	10.completion=0.0034/0.6512	11.corecand=0.0011/0.6512	12.peo=0.0169/0.6417	13p.prep=0.0229/0.0000	13p.seeds=8.0000/0.0000	13p.rounds=10.0000/0.0000	13p.ledger=3414409.0000/0.0000	13p.recon=0.0134/0.0000	13p.mcs=0.0235/0.0000	13.alt=0.0724/0.6417	14.transplant=0.0129/0.6278	15.minl=0.0175/0.6278	15.peel=0.0011/0.6278	16.late=0.0011/0.6278	17.final=0.0319/0.6253	18.simp=0.0012/0.6253	19.five=0.0012/0.6253	20.lt1k=0.0012/0.6253	21.comp=0.0012/0.6253	22.win=0.0011/0.6253	final=0.6253
LIFT	crudeoil_lee4_10	17809	10229	106656	10229
COUNTS	crudeoil_lee4_10	17809	120632	294531623	184173410
LADGATE	16640	10000	0.447	0
PHASES	supplychainr1_053050	0.4471	1.portfolio=0.2417/1.0000	1b.indep=0.0702/1.0000	2.descent=0.0004/1.0000	3.search=0.0004/1.0000	4.subtree=0.0056/1.0000	4b.indep-accept=0.0004/1.0000	5.terminal=0.0042/1.0000	6.extra=0.0005/1.0000	7.telos=0.0005/1.0000	8.cleanup=0.0004/1.0000	9.reduce=0.0524/1.0000	10.completion=0.0101/1.0000	11.corecand=0.0004/1.0000	12.peo=0.0035/1.0000	13p.prep=0.0107/0.0000	13p.seeds=8.0000/0.0000	13p.rounds=8.0000/0.0000	13p.ledger=1214071.0000/0.0000	13p.recon=0.0040/0.0000	13p.mcs=0.0039/0.0000	13.alt=0.0267/1.0000	14.transplant=0.0085/1.0000	15.minl=0.0174/1.0000	15.peel=0.0004/1.0000	16.late=0.0004/1.0000	17.final=0.0060/1.0000	18.simp=0.0004/1.0000	19.five=0.0004/1.0000	20.lt1k=0.0004/1.0000	21.comp=0.0004/1.0000	22.win=0.0004/1.0000	final=1.0000
LIFT	supplychainr1_053050	16640	9640	44160	9640
COUNTS	supplychainr1_053050	16640	57800	2173490	2173490
LADGATE	21925	10000	0.425	0
PHASES	emfl100_5_5	0.4251	1.portfolio=0.2155/1.0000	1b.indep=0.0659/1.0000	2.descent=0.0005/1.0000	3.search=0.0005/1.0000	4.subtree=0.0033/1.0000	4b.indep-accept=0.0005/1.0000	5.terminal=0.0044/1.0000	6.extra=0.0005/1.0000	7.telos=0.0005/1.0000	8.cleanup=0.0005/1.0000	9.reduce=0.0356/1.0000	10.completion=0.0078/1.0000	11.corecand=0.0005/1.0000	12.peo=0.0042/1.0000	13p.prep=0.0255/0.0000	13p.seeds=8.0000/0.0000	13p.rounds=15.0000/0.0000	13p.ledger=2047903.0000/0.0000	13p.recon=0.0074/0.0001	13p.mcs=0.0092/0.0000	13.alt=0.0595/1.0000	14.transplant=0.0085/1.0000	15.minl=0.0152/1.0000	15.peel=0.0005/1.0000	16.late=0.0005/1.0000	17.final=0.0037/1.0000	18.simp=0.0005/1.0000	19.five=0.0005/1.0000	20.lt1k=0.0005/1.0000	21.comp=0.0005/1.0000	22.win=0.0005/1.0000	final=1.0000
LIFT	emfl100_5_5	21925	9425	27300	9425
COUNTS	emfl100_5_5	21925	52300	221650	221650
LADGATE	17493	10000	0.778	0
PHASES	nuclear10a	0.7785	1.portfolio=0.1740/1.0000	1b.indep=0.1786/0.8730	2.descent=0.0009/0.8730	3.search=0.0009/0.8730	4.subtree=0.1425/0.8575	4b.indep-accept=0.0010/0.8575	5.terminal=0.0060/0.8575	6.extra=0.0010/0.8575	7.telos=0.0010/0.8575	8.cleanup=0.0010/0.8575	9.reduce=0.1367/0.7602	10.completion=0.0025/0.7602	11.corecand=0.0009/0.7602	12.peo=0.0103/0.7070	13p.prep=0.0151/0.0000	13p.seeds=8.0000/0.0000	13p.rounds=9.0000/0.0000	13p.ledger=3813962.0000/0.0000	13p.recon=0.0121/0.0000	13p.mcs=0.0190/0.0000	13.alt=0.0609/0.7070	14.transplant=0.0083/0.6774	15.minl=0.0092/0.6774	15.peel=0.0009/0.6774	16.late=0.0009/0.6774	17.final=0.0279/0.6766	18.simp=0.0010/0.6766	19.five=0.0010/0.6766	20.lt1k=0.0010/0.6766	21.comp=0.0010/0.6766	22.win=0.0010/0.6766	final=0.6766
LIFT	nuclear10a	17493	15309	159656	15309
COUNTS	nuclear10a	17493	163816	82406325	55754381
LADGATE	16747	10000	0.618	0
PHASES	edgecross24-115	0.6189	1.portfolio=0.2825/0.8174	1b.indep=0.0898/0.8174	2.descent=0.0006/0.8174	3.search=0.0006/0.8174	4.subtree=0.0039/0.8174	4b.indep-accept=0.0006/0.8174	5.terminal=0.0040/0.8174	6.extra=0.0006/0.8174	7.telos=0.0006/0.8174	8.cleanup=0.0006/0.8174	9.reduce=0.0251/0.8174	10.completion=0.0065/0.8174	11.corecand=0.0006/0.8174	12.peo=0.0104/0.8174	13p.prep=0.0131/0.0000	13p.seeds=8.0000/0.0000	13p.rounds=9.0000/0.0000	13p.ledger=2319963.0000/0.0000	13p.recon=0.0081/0.0000	13p.mcs=0.0119/0.0000	13.alt=0.0462/0.8174	14.transplant=0.0091/0.8173	15.minl=0.1333/0.8173	15.peel=0.0006/0.8173	16.late=0.0006/0.8173	17.final=0.0037/0.8173	18.simp=0.0006/0.8173	19.five=0.0006/0.8173	20.lt1k=0.0006/0.8173	21.comp=0.0006/0.8173	22.win=0.0006/0.8173	final=0.8173
LIFT	edgecross24-115	16747	8651	85448	8651
COUNTS	edgecross24-115	16747	77352	35096942	28685704
LADGATE	11999	10000	0.695	0
CLASSTRACE	xchg	11999	76128	admitted
CLASSTRACE	xchg	11999	76128	candidate=1
CLASSTRACE	follow	11999	76128	flops=905945	nnzl=92103	key=150000
CLASSTRACE	peo	11999	76128	cands=2
CLASSTRACE	spans	11999	76128	final=905945
PHASES	methanol200	0.7949	1.portfolio=0.1536/0.7376	1b.indep=0.0498/0.7376	2.descent=0.0004/0.7376	3.search=0.0004/0.7376	4.subtree=0.2347/0.7369	4b.indep-accept=0.0005/0.7296	5.terminal=0.0051/0.7288	6.extra=0.0005/0.7288	7.telos=0.0005/0.7288	8.cleanup=0.0004/0.7288	9.reduce=0.0278/0.7288	10.completion=0.0107/0.7288	11.corecand=0.0004/0.7288	12.peo=0.0036/0.7288	13p.prep=0.0301/0.0000	13p.seeds=8.0000/0.0000	13p.rounds=24.0000/0.0000	13p.ledger=3962812.0000/0.0000	13p.recon=0.0120/0.0000	13p.mcs=0.0148/0.0000	13.alt=0.0801/0.7288	14.transplant=0.0082/0.7061	15.minl=0.0198/0.7061	15.peel=0.0005/0.7061	16.late=0.0005/0.7061	17.final=0.0443/0.7019	18.simp=0.0005/0.7019	19.five=0.0206/0.7019	20.lt1k=0.0005/0.7019	21.comp=0.0005/0.7019	22.win=0.0241/0.7019	final=0.7018
LIFT	methanol200	11999	9599	71328	9599
COUNTS	methanol200	11999	76128	1290836	905945
LADGATE	13175	10000	0.292	0
PHASES	emfl050_5_5	0.2924	1.portfolio=0.1613/1.0000	1b.indep=0.0365/1.0000	2.descent=0.0003/1.0000	3.search=0.0003/1.0000	4.subtree=0.0021/1.0000	4b.indep-accept=0.0003/1.0000	5.terminal=0.0030/1.0000	6.extra=0.0003/1.0000	7.telos=0.0003/1.0000	8.cleanup=0.0003/1.0000	9.reduce=0.0291/1.0000	10.completion=0.0050/1.0000	11.corecand=0.0003/1.0000	12.peo=0.0027/1.0000	13p.prep=0.0167/0.0000	13p.seeds=8.0000/0.0000	13p.rounds=15.0000/0.0000	13p.ledger=1260403.0000/0.0000	13p.recon=0.0049/0.0001	13p.mcs=0.0056/0.0000	13.alt=0.0385/1.0000	14.transplant=0.0007/1.0000	15.minl=0.0051/1.0000	15.peel=0.0003/1.0000	16.late=0.0003/1.0000	17.final=0.0028/1.0000	18.simp=0.0003/1.0000	19.five=0.0003/1.0000	20.lt1k=0.0003/1.0000	21.comp=0.0003/1.0000	22.win=0.0003/1.0000	final=1.0000
LIFT	emfl050_5_5	13175	5675	17300	5675
COUNTS	emfl050_5_5	13175	32300	155400	155400
LADGATE	15904	10000	1.236	0
PHASES	crudeoil_lee4_09	1.2366	1.portfolio=0.4180/0.6866	1b.indep=0.1698/0.6866	2.descent=0.0014/0.6866	3.search=0.0013/0.6866	4.subtree=0.2448/0.6815	4b.indep-accept=0.0012/0.6651	5.terminal=0.0093/0.6647	6.extra=0.0011/0.6647	7.telos=0.0011/0.6647	8.cleanup=0.0012/0.6647	9.reduce=0.1067/0.6647	10.completion=0.0033/0.6647	11.corecand=0.0011/0.6647	12.peo=0.0282/0.6484	13p.prep=0.0290/0.0000	13p.seeds=8.0000/0.0000	13p.rounds=12.0000/0.0000	13p.ledger=3496772.0000/0.0000	13p.recon=0.0149/0.0000	13p.mcs=0.0258/0.0000	13.alt=0.0849/0.6484	14.transplant=0.0149/0.6297	15.minl=0.1126/0.6280	15.peel=0.0010/0.6280	16.late=0.0010/0.6280	17.final=0.0339/0.6258	18.simp=0.0011/0.6258	19.five=0.0011/0.6258	20.lt1k=0.0011/0.6258	21.comp=0.0011/0.6258	22.win=0.0011/0.6258	final=0.6258
LIFT	crudeoil_lee4_09	15904	10632	92014	10632
COUNTS	crudeoil_lee4_09	15904	101792	208785578	130655525
LADGATE	13680	10000	0.425	0
PHASES	squfl030-150	0.4256	1.portfolio=0.2827/1.0000	1b.indep=0.0609/1.0000	2.descent=0.0004/1.0000	3.search=0.0004/1.0000	4.subtree=0.0051/1.0000	4b.indep-accept=0.0004/1.0000	5.terminal=0.0044/1.0000	6.extra=0.0004/1.0000	7.telos=0.0004/1.0000	8.cleanup=0.0004/1.0000	9.reduce=0.0139/1.0000	10.completion=0.0073/1.0000	11.corecand=0.0003/1.0000	12.peo=0.0030/1.0000	13p.prep=0.0110/0.0000	13p.seeds=8.0000/0.0000	13p.rounds=10.0000/0.0000	13p.ledger=908297.0000/0.0000	13p.recon=0.0035/0.0000	13p.mcs=0.0043/0.0000	13.alt=0.0268/1.0000	14.transplant=0.0007/1.0000	15.minl=0.0061/1.0000	15.peel=0.0004/1.0000	16.late=0.0004/1.0000	17.final=0.0063/1.0000	18.simp=0.0004/1.0000	19.five=0.0003/1.0000	20.lt1k=0.0004/1.0000	21.comp=0.0003/1.0000	22.win=0.0003/1.0000	final=1.0000
LIFT	squfl030-150	13680	4680	18000	4680
COUNTS	squfl030-150	13680	36000	252605	252605

--- every order() call, slowest first (TSV) ---
secs	matrix	n	nnz	ratio
1.2366	crudeoil_lee4_09	15904	101792	0.6258
1.1248	crudeoil_lee4_10	17809	120632	0.6253
0.7949	methanol200	11999	76128	0.7018
0.7785	nuclear10a	17493	163816	0.6766
0.6189	edgecross24-115	16747	77352	0.8173
0.5010	faclay30	16678	82242	0.9552
0.4471	supplychainr1_053050	16640	57800	1.0000
0.4280	kissing2	20772	401024	1.0000
0.4256	squfl030-150	13680	36000	1.0000
0.4251	emfl100_5_5	21925	52300	1.0000
0.2924	emfl050_5_5	13175	32300	1.0000
matrices under 0.010s: 0/11
matrices under 0.050s: 0/11
matrices under 0.100s: 0/11
matrices under 0.200s: 0/11
matrices under 0.400s: 1/11

--- per-bucket ---
gt_10k   count=11    geomean=0.8390
SCORE = 0.839033
WORST order() = 1.237 s
FORCEAUDIT	stage1b_sites=4	force_fires=0	unsound=0	core_total_mismatch=0	max_drift_ppm=0	worst_incumbent=0	worst_adopted=0	tie_window_opened=4	tie_pass_run=2
ok

test result: ok. 1 passed; 0 failed; 0 ignored; 0 measured; 177 filtered out; finished in 7.71s

############ TRACE classn22000 phases+classtrace (FORCE=1)
warning: unused doc comment
    --> candidate-worker/src/../../src/ordering/mod.rs:1223:1
     |
1223 | / /// TEST-ONLY sweep switch for the mid-size `rgreedy` stream opened by the 0154
1224 | | /// engine census. Returns `(ops_budget, gate_variant, stream_count)`; a zero
1225 | | /// budget disables the stream, which is what production compiles to — the
1226 | | /// switch can never change a submitted ordering. Configured through
1227 | | /// `SSI_MID_ENGINE="<variant>:<budget>[:<streams>]"` so one build can sweep
1228 | | /// several gate/budget points.
     | |_------------------------------^
     |   |
     |   rustdoc does not generate documentation for macro invocations
     |
     = help: to document an item produced by a macro, the macro must produce the documentation as part of its expansion
     = note: `#[warn(unused_doc_comments)]` (part of `#[warn(unused)]`) on by default

warning: unused doc comment
    --> candidate-worker/src/../../src/ordering/mod.rs:1491:1
     |
1491 | / /// TEST-ONLY kill switch for the heavy-tier arm (metrics + no-dense AMD +
1492 | | /// extra AMF α), so a probe can A/B the arm in one process.
     | |_-----------------------------------------------------------^
     |   |
     |   rustdoc does not generate documentation for macro invocations
     |
     = help: to document an item produced by a macro, the macro must produce the documentation as part of its expansion

warning: unused doc comment
   --> candidate-worker/src/../../src/ordering/parallel.rs:335:1
    |
335 | / /// TEST-ONLY switch forcing every batch onto the sequential path, so a probe
336 | | /// can run the SAME `order()` both ways in one process and compare the
337 | | /// returned permutations element by element. Production builds compile
338 | | /// [`force_sequential`] down to a constant `false`.
    | |_---------------------------------------------------^
    |   |
    |   rustdoc does not generate documentation for macro invocations
    |
    = help: to document an item produced by a macro, the macro must produce the documentation as part of its expansion

warning: unused doc comment
   --> candidate-worker/src/../../src/ordering/parallel.rs:369:1
    |
369 | / /// TEST-ONLY per-phase wall-clock marks: `phase_mark(label, t0)` appends
370 | | /// `(label, secs since t0)`; `phase_take()` drains them. Lets a probe see which
371 | | /// stage of `order()` sets a row's critical path. Never compiled into the
372 | | /// shipped binary.
    | |_------------------^
    |   |
    |   rustdoc does not generate documentation for macro invocations
    |
    = help: to document an item produced by a macro, the macro must produce the documentation as part of its expansion

warning: unused doc comment
    --> candidate-worker/src/../../src/ordering/mod.rs:5154:5
     |
5154 | /     /// ── 0192: the window is the frontier's own chain scope ─────────────────
5155 | |     /// The chain no longer reaches above n = 10 000 (see `PEO_ALT_MAX_N`), so
5156 | |     /// the draw takes over the whole band the chain used to own. Measured on the
5157 | |     /// 300 dev rows: with the window at 50 000 instead of 12 000 the draw adds
...    |
5163 | |     /// spender there), and its worst row is 1.127 s against the frontier's
5164 | |     /// 1.160 s base, so the wide band stays below the frontier's own footprint.
     | |________________________________________________________________________________^
5165 |       #[cfg(test)]
5166 | /     let window_n: usize = std::env::var("SSI_TERM_WIN_N")
5167 | |         .ok()
5168 | |         .and_then(|v| v.trim().parse::<usize>().ok())
5169 | |         .unwrap_or(50_000);
     | |___________________________- rustdoc does not generate documentation for statements
     |
     = help: use `//` for a plain comment

warning: unused doc comment
    --> candidate-worker/src/../../src/ordering/mod.rs:5306:9
     |
5306 | /         /// `nnz < 3n` = the sparse band of the 0184 price law (66 of the 300 dev
5307 | |         /// rows, all of them in-window). Structural, never per-matrix.
     | |_______________________________________________________________________^
5308 | /         let shipped_ladder = || {
5309 | |             if nnz < 3 * n {
5310 | |                 SHIPPED_SPARSE_LADDER.to_vec()
5311 | |             } else {
...    |
5314 | |         };
     | |__________- rustdoc does not generate documentation for statements
     |
     = help: use `//` for a plain comment

warning: variable does not need to be mutable
    --> candidate-worker/src/../../src/ordering/probe.rs:4151:9
     |
4151 |     let mut next = |s: &mut u64| -> u64 {
     |         ----^^^^
     |         |
     |         help: remove this `mut`
     |
     = note: `#[warn(unused_mut)]` (part of `#[warn(unused)]`) on by default

warning: value assigned to `d` is never read
   --> candidate-worker/src/../../src/ordering/rgreedy.rs:397:29
    |
397 |                 let mut d = 0u32;
    |                             ^^^^
    |
    = help: maybe it is overwritten before being read?
    = note: `#[warn(unused_assignments)]` (part of `#[warn(unused)]`) on by default

warning: constant `SUBTREE_MAX_N` is never used
   --> candidate-worker/src/../../src/ordering/mod.rs:855:7
    |
855 | const SUBTREE_MAX_N: usize = 250_000;
    |       ^^^^^^^^^^^^^
    |
    = note: `#[warn(dead_code)]` (part of `#[warn(unused)]`) on by default

warning: function `refine` is never used
  --> candidate-worker/src/../../src/ordering/completion.rs:12:15
   |
12 | pub(super) fn refine(
   |               ^^^^^^

warning: type alias `PermFn` is never used
  --> candidate-worker/src/../../src/ordering/parallel.rs:80:17
   |
80 | pub(crate) type PermFn<'a> = Box<dyn Fn() -> Option<Vec<usize>> + Sync + 'a>;
   |                 ^^^^^^

warning: function `run_perms` is never used
   --> candidate-worker/src/../../src/ordering/parallel.rs:189:15
    |
189 | pub(crate) fn run_perms(
    |               ^^^^^^^^^

warning: function `accept` is never used
   --> candidate-worker/src/../../src/ordering/parallel.rs:314:15
    |
314 | pub(crate) fn accept(results: &mut [CandOut], best_flops: &mut u64, best_perm: &mut Vec<usize>) -> bool {
    |               ^^^^^^

warning: function `minl_is_clique` is never used
   --> candidate-worker/src/../../src/ordering/minl.rs:136:4
    |
136 | fn minl_is_clique(adj: &[Vec<u32>], c: &[u32], ops: &mut i64) -> bool {
    |    ^^^^^^^^^^^^^^

warning: function `minl_try_delete_edge` is never used
   --> candidate-worker/src/../../src/ordering/minl.rs:232:4
    |
232 | fn minl_try_delete_edge(
    |    ^^^^^^^^^^^^^^^^^^^^

warning: function `run_sequential_180` is never used
   --> candidate-worker/src/../../src/ordering/indep_first.rs:632:4
    |
632 | fn run_sequential_180(sp: &ScoringPattern, ledger: u64) -> Option<(u64, Vec<usize>)> {
    |    ^^^^^^^^^^^^^^^^^^

warning: function `reset` is never used
   --> candidate-worker/src/../../src/ordering/mod.rs:557:19
    |
557 |     pub(crate) fn reset() {
    |                   ^^^^^

warning: `ssi-candidate-worker` (bin "ssi-candidate-worker" test) generated 17 warnings (run `cargo fix --bin "ssi-candidate-worker" -p ssi-candidate-worker --tests` to apply 1 suggestion)
    Finished `release` profile [optimized] target(s) in 0.01s
     Running unittests src/main.rs (target/release/deps/ssi_candidate_worker-9bc17c144118ca64)

running 1 test
test ordering::probe::probe_timing_and_score ... PHASES	kissing2	0.4604	1.portfolio=0.0916/1.0000	1b.indep=0.1225/1.0000	2.descent=0.0020/1.0000	3.search=0.0020/1.0000	4.subtree=0.0077/1.0000	4b.indep-accept=0.0020/1.0000	5.terminal=0.0020/1.0000	6.extra=0.0020/1.0000	7.telos=0.0021/1.0000	8.cleanup=0.0020/1.0000	9.reduce=0.0784/1.0000	10.completion=0.0022/1.0000	11.corecand=0.0021/1.0000	12.peo=0.0059/1.0000	13p.prep=0.0036/0.0000	13p.seeds=1.0000/0.0000	13p.rounds=1.0000/0.0000	13p.ledger=903802.0000/0.0000	13p.recon=0.0031/0.0000	13p.mcs=0.0037/0.0000	13.alt=0.0185/1.0000	14.transplant=0.0021/1.0000	15.minl=0.0646/1.0000	15.peel=0.0023/1.0000	16.late=0.0021/1.0000	17.final=0.0021/1.0000	18.simp=0.0021/1.0000	19.five=0.0021/1.0000	20.lt1k=0.0021/1.0000	21.comp=0.0021/1.0000	22.win=0.0021/1.0000	final=1.0000
LIFT	kissing2	20772	10772	381024	10772
COUNTS	kissing2	20772	401024	156414018	156414018
LADGATE	16678	10000	0.509	0
CLASSTRACE	xchg	16678	82242	admitted
CLASSTRACE	xchg	16678	82242	candidate=0
CLASSTRACE	follow	16678	82242	flops=12850431	nnzl=116585	key=150000
CLASSTRACE	peo	16678	82242	cands=2
CLASSTRACE	spans	16678	82242	final=12850431
PHASES	faclay30	0.5147	1.portfolio=0.2247/0.9552	1b.indep=0.0603/0.9552	2.descent=0.0006/0.9552	3.search=0.0006/0.9552	4.subtree=0.0039/0.9552	4b.indep-accept=0.0006/0.9552	5.terminal=0.0044/0.9552	6.extra=0.0007/0.9552	7.telos=0.0006/0.9552	8.cleanup=0.0006/0.9552	9.reduce=0.0381/0.9552	10.completion=0.0145/0.9552	11.corecand=0.0006/0.9552	12.peo=0.0050/0.9552	13p.prep=0.0141/0.0000	13p.seeds=6.0000/0.0000	13p.rounds=10.0000/0.0000	13p.ledger=2231060.0000/0.0000	13p.recon=0.0079/0.0000	13p.mcs=0.0092/0.0000	13.alt=0.0455/0.9552	14.transplant=0.0021/0.9552	15.minl=0.0951/0.9552	15.peel=0.0006/0.9552	16.late=0.0006/0.9552	17.final=0.0042/0.9552	18.simp=0.0006/0.9552	19.five=0.0006/0.9552	20.lt1k=0.0007/0.9552	21.comp=0.0006/0.9552	22.win=0.0006/0.9552	final=0.9552
LIFT	faclay30	16678	8556	65998	8556
COUNTS	faclay30	16678	82242	13452923	12850431
LADGATE	17809	10000	1.267	0
CLASSTRACE	xchg	17809	120632	admitted
CLASSTRACE	xchg	17809	120632	candidate=0
CLASSTRACE	follow	17809	120632	flops=184173410	nnzl=690884	key=150000
PHASES	crudeoil_lee4_10	1.2690	1.portfolio=0.5686/0.6858	1b.indep=0.1984/0.6858	2.descent=0.0015/0.6858	3.search=0.0014/0.6858	4.subtree=0.1939/0.6763	4b.indep-accept=0.0012/0.6512	5.terminal=0.0080/0.6512	6.extra=0.0012/0.6512	7.telos=0.0012/0.6512	8.cleanup=0.0013/0.6512	9.reduce=0.1137/0.6512	10.completion=0.0035/0.6512	11.corecand=0.0012/0.6512	12.peo=0.0177/0.6417	13p.prep=0.0254/0.0000	13p.seeds=8.0000/0.0000	13p.rounds=10.0000/0.0000	13p.ledger=3414409.0000/0.0000	13p.recon=0.0146/0.0000	13p.mcs=0.0261/0.0000	13.alt=0.0798/0.6417	14.transplant=0.0146/0.6278	15.minl=0.0197/0.6278	15.peel=0.0012/0.6278	16.late=0.0012/0.6278	17.final=0.0343/0.6253	18.simp=0.0012/0.6253	19.five=0.0013/0.6253	20.lt1k=0.0012/0.6253	21.comp=0.0012/0.6253	22.win=0.0013/0.6253	final=0.6253
LIFT	crudeoil_lee4_10	17809	10229	106656	10229
COUNTS	crudeoil_lee4_10	17809	120632	294531623	184173410
LADGATE	16640	10000	0.517	0
CLASSTRACE	xchg	16640	57800	admitted
CLASSTRACE	xchg	16640	57800	candidate=0
CLASSTRACE	follow	16640	57800	flops=2173490	nnzl=77190	key=150000
CLASSTRACE	peo	16640	57800	cands=2
CLASSTRACE	spans	16640	57800	final=2173490
PHASES	supplychainr1_053050	0.5215	1.portfolio=0.2813/1.0000	1b.indep=0.0830/1.0000	2.descent=0.0005/1.0000	3.search=0.0005/1.0000	4.subtree=0.0065/1.0000	4b.indep-accept=0.0005/1.0000	5.terminal=0.0048/1.0000	6.extra=0.0005/1.0000	7.telos=0.0005/1.0000	8.cleanup=0.0005/1.0000	9.reduce=0.0600/1.0000	10.completion=0.0118/1.0000	11.corecand=0.0005/1.0000	12.peo=0.0041/1.0000	13p.prep=0.0120/0.0000	13p.seeds=8.0000/0.0000	13p.rounds=8.0000/0.0000	13p.ledger=1214071.0000/0.0000	13p.recon=0.0045/0.0000	13p.mcs=0.0045/0.0000	13.alt=0.0300/1.0000	14.transplant=0.0092/1.0000	15.minl=0.0190/1.0000	15.peel=0.0005/1.0000	16.late=0.0005/1.0000	17.final=0.0067/1.0000	18.simp=0.0005/1.0000	19.five=0.0005/1.0000	20.lt1k=0.0004/1.0000	21.comp=0.0005/1.0000	22.win=0.0005/1.0000	final=1.0000
LIFT	supplychainr1_053050	16640	9640	44160	9640
COUNTS	supplychainr1_053050	16640	57800	2173490	2173490
LADGATE	21925	10000	0.462	0
CLASSTRACE	xchg	21925	52300	admitted
CLASSTRACE	xchg	21925	52300	candidate=0
CLASSTRACE	follow	21925	52300	flops=221650	nnzl=62300	key=150000
CLASSTRACE	peo	21925	52300	cands=2
CLASSTRACE	spans	21925	52300	final=221650
PHASES	emfl100_5_5	0.4668	1.portfolio=0.2409/1.0000	1b.indep=0.0704/1.0000	2.descent=0.0005/1.0000	3.search=0.0005/1.0000	4.subtree=0.0034/1.0000	4b.indep-accept=0.0005/1.0000	5.terminal=0.0044/1.0000	6.extra=0.0005/1.0000	7.telos=0.0005/1.0000	8.cleanup=0.0005/1.0000	9.reduce=0.0369/1.0000	10.completion=0.0081/1.0000	11.corecand=0.0005/1.0000	12.peo=0.0044/1.0000	13p.prep=0.0270/0.0000	13p.seeds=8.0000/0.0000	13p.rounds=15.0000/0.0000	13p.ledger=2047903.0000/0.0000	13p.recon=0.0080/0.0001	13p.mcs=0.0099/0.0000	13.alt=0.0632/1.0000	14.transplant=0.0090/1.0000	15.minl=0.0160/1.0000	15.peel=0.0005/1.0000	16.late=0.0005/1.0000	17.final=0.0039/1.0000	18.simp=0.0005/1.0000	19.five=0.0005/1.0000	20.lt1k=0.0005/1.0000	21.comp=0.0005/1.0000	22.win=0.0005/1.0000	final=1.0000
LIFT	emfl100_5_5	21925	9425	27300	9425
COUNTS	emfl100_5_5	21925	52300	221650	221650
LADGATE	17493	10000	0.805	0
CLASSTRACE	xchg	17493	163816	admitted
CLASSTRACE	xchg	17493	163816	candidate=0
CLASSTRACE	follow	17493	163816	flops=55754381	nnzl=365783	key=150000
PHASES	nuclear10a	0.8071	1.portfolio=0.1896/1.0000	1b.indep=0.1817/0.8730	2.descent=0.0009/0.8730	3.search=0.0009/0.8730	4.subtree=0.1423/0.8575	4b.indep-accept=0.0010/0.8575	5.terminal=0.0060/0.8575	6.extra=0.0010/0.8575	7.telos=0.0010/0.8575	8.cleanup=0.0010/0.8575	9.reduce=0.1455/0.7602	10.completion=0.0025/0.7602	11.corecand=0.0009/0.7602	12.peo=0.0106/0.7070	13p.prep=0.0151/0.0000	13p.seeds=8.0000/0.0000	13p.rounds=9.0000/0.0000	13p.ledger=3813962.0000/0.0000	13p.recon=0.0122/0.0000	13p.mcs=0.0196/0.0000	13.alt=0.0617/0.7070	14.transplant=0.0084/0.6774	15.minl=0.0093/0.6774	15.peel=0.0009/0.6774	16.late=0.0009/0.6774	17.final=0.0267/0.6766	18.simp=0.0009/0.6766	19.five=0.0009/0.6766	20.lt1k=0.0009/0.6766	21.comp=0.0009/0.6766	22.win=0.0009/0.6766	final=0.6766
LIFT	nuclear10a	17493	15309	159656	15309
COUNTS	nuclear10a	17493	163816	82406325	55754381
LADGATE	16747	10000	0.628	0
CLASSTRACE	xchg	16747	77352	admitted
CLASSTRACE	xchg	16747	77352	candidate=0
CLASSTRACE	follow	16747	77352	flops=28685704	nnzl=161504	key=150000
PHASES	edgecross24-115	0.6293	1.portfolio=0.2811/0.8174	1b.indep=0.0942/0.8174	2.descent=0.0007/0.8174	3.search=0.0006/0.8174	4.subtree=0.0039/0.8174	4b.indep-accept=0.0006/0.8174	5.terminal=0.0045/0.8174	6.extra=0.0006/0.8174	7.telos=0.0006/0.8174	8.cleanup=0.0006/0.8174	9.reduce=0.0271/0.8174	10.completion=0.0065/0.8174	11.corecand=0.0006/0.8174	12.peo=0.0110/0.8174	13p.prep=0.0138/0.0000	13p.seeds=8.0000/0.0000	13p.rounds=9.0000/0.0000	13p.ledger=2319963.0000/0.0000	13p.recon=0.0082/0.0000	13p.mcs=0.0126/0.0000	13.alt=0.0481/0.8174	14.transplant=0.0097/0.8173	15.minl=0.1343/0.8173	15.peel=0.0006/0.8173	16.late=0.0006/0.8173	17.final=0.0040/0.8173	18.simp=0.0006/0.8173	19.five=0.0006/0.8173	20.lt1k=0.0006/0.8173	21.comp=0.0006/0.8173	22.win=0.0006/0.8173	final=0.8173
LIFT	edgecross24-115	16747	8651	85448	8651
COUNTS	edgecross24-115	16747	77352	35096942	28685704
LADGATE	11999	10000	0.628	0
CLASSTRACE	xchg	11999	76128	admitted
CLASSTRACE	xchg	11999	76128	candidate=1
CLASSTRACE	follow	11999	76128	flops=905945	nnzl=92103	key=150000
CLASSTRACE	peo	11999	76128	cands=2
CLASSTRACE	spans	11999	76128	final=905945
PHASES	methanol200	0.7330	1.portfolio=0.1479/0.7376	1b.indep=0.0461/0.7376	2.descent=0.0004/0.7376	3.search=0.0004/0.7376	4.subtree=0.1900/0.7369	4b.indep-accept=0.0004/0.7296	5.terminal=0.0046/0.7288	6.extra=0.0004/0.7288	7.telos=0.0004/0.7288	8.cleanup=0.0004/0.7288	9.reduce=0.0259/0.7288	10.completion=0.0100/0.7288	11.corecand=0.0004/0.7288	12.peo=0.0034/0.7288	13p.prep=0.0285/0.0000	13p.seeds=8.0000/0.0000	13p.rounds=24.0000/0.0000	13p.ledger=3962812.0000/0.0000	13p.recon=0.0116/0.0000	13p.mcs=0.0143/0.0000	13.alt=0.0767/0.7288	14.transplant=0.0079/0.7061	15.minl=0.0192/0.7061	15.peel=0.0005/0.7061	16.late=0.0005/0.7061	17.final=0.0329/0.7019	18.simp=0.0005/0.7019	19.five=0.0227/0.7019	20.lt1k=0.0005/0.7019	21.comp=0.0005/0.7019	22.win=0.0268/0.7019	final=0.7018
LIFT	methanol200	11999	9599	71328	9599
COUNTS	methanol200	11999	76128	1290836	905945
LADGATE	13175	10000	0.410	0
CLASSTRACE	xchg	13175	32300	admitted
CLASSTRACE	xchg	13175	32300	candidate=0
CLASSTRACE	follow	13175	32300	flops=155400	nnzl=38550	key=150000
CLASSTRACE	peo	13175	32300	cands=2
CLASSTRACE	spans	13175	32300	final=155400
PHASES	emfl050_5_5	0.4133	1.portfolio=0.2396/1.0000	1b.indep=0.0509/1.0000	2.descent=0.0004/1.0000	3.search=0.0004/1.0000	4.subtree=0.0027/1.0000	4b.indep-accept=0.0004/1.0000	5.terminal=0.0037/1.0000	6.extra=0.0004/1.0000	7.telos=0.0004/1.0000	8.cleanup=0.0004/1.0000	9.reduce=0.0370/1.0000	10.completion=0.0064/1.0000	11.corecand=0.0004/1.0000	12.peo=0.0033/1.0000	13p.prep=0.0212/0.0000	13p.seeds=8.0000/0.0000	13p.rounds=15.0000/0.0000	13p.ledger=1260403.0000/0.0000	13p.recon=0.0062/0.0001	13p.mcs=0.0071/0.0000	13.alt=0.0490/1.0000	14.transplant=0.0008/1.0000	15.minl=0.0062/1.0000	15.peel=0.0004/1.0000	16.late=0.0004/1.0000	17.final=0.0032/1.0000	18.simp=0.0004/1.0000	19.five=0.0004/1.0000	20.lt1k=0.0004/1.0000	21.comp=0.0004/1.0000	22.win=0.0004/1.0000	final=1.0000
LIFT	emfl050_5_5	13175	5675	17300	5675
COUNTS	emfl050_5_5	13175	32300	155400	155400
LADGATE	15904	10000	1.238	0
CLASSTRACE	xchg	15904	101792	admitted
CLASSTRACE	xchg	15904	101792	candidate=0
CLASSTRACE	follow	15904	101792	flops=130655525	nnzl=559733	key=150000
PHASES	crudeoil_lee4_09	1.2398	1.portfolio=0.5036/0.6866	1b.indep=0.1731/0.6866	2.descent=0.0012/0.6866	3.search=0.0012/0.6866	4.subtree=0.1729/0.6815	4b.indep-accept=0.0011/0.6651	5.terminal=0.0083/0.6647	6.extra=0.0011/0.6647	7.telos=0.0011/0.6647	8.cleanup=0.0011/0.6647	9.reduce=0.0999/0.6647	10.completion=0.0030/0.6647	11.corecand=0.0010/0.6647	12.peo=0.0265/0.6484	13p.prep=0.0264/0.0000	13p.seeds=8.0000/0.0000	13p.rounds=12.0000/0.0000	13p.ledger=3496772.0000/0.0000	13p.recon=0.0141/0.0000	13p.mcs=0.0255/0.0000	13.alt=0.0803/0.6484	14.transplant=0.0137/0.6297	15.minl=0.1087/0.6280	15.peel=0.0011/0.6280	16.late=0.0011/0.6280	17.final=0.0351/0.6258	18.simp=0.0012/0.6258	19.five=0.0011/0.6258	20.lt1k=0.0011/0.6258	21.comp=0.0011/0.6258	22.win=0.0011/0.6258	final=0.6258
LIFT	crudeoil_lee4_09	15904	10632	92014	10632
COUNTS	crudeoil_lee4_09	15904	101792	208785578	130655525
LADGATE	13680	10000	0.423	0
CLASSTRACE	xchg	13680	36000	admitted
CLASSTRACE	xchg	13680	36000	candidate=0
CLASSTRACE	follow	13680	36000	flops=252605	nnzl=41115	key=150000
CLASSTRACE	peo	13680	36000	cands=2
CLASSTRACE	spans	13680	36000	final=252605
PHASES	squfl030-150	0.4262	1.portfolio=0.2868/1.0000	1b.indep=0.0600/1.0000	2.descent=0.0003/1.0000	3.search=0.0003/1.0000	4.subtree=0.0046/1.0000	4b.indep-accept=0.0003/1.0000	5.terminal=0.0039/1.0000	6.extra=0.0004/1.0000	7.telos=0.0003/1.0000	8.cleanup=0.0003/1.0000	9.reduce=0.0130/1.0000	10.completion=0.0066/1.0000	11.corecand=0.0003/1.0000	12.peo=0.0027/1.0000	13p.prep=0.0109/0.0000	13p.seeds=8.0000/0.0000	13p.rounds=10.0000/0.0000	13p.ledger=908297.0000/0.0000	13p.recon=0.0033/0.0000	13p.mcs=0.0041/0.0000	13.alt=0.0260/1.0000	14.transplant=0.0006/1.0000	15.minl=0.0054/1.0000	15.peel=0.0003/1.0000	16.late=0.0003/1.0000	17.final=0.0056/1.0000	18.simp=0.0003/1.0000	19.five=0.0003/1.0000	20.lt1k=0.0003/1.0000	21.comp=0.0003/1.0000	22.win=0.0003/1.0000	final=1.0000
LIFT	squfl030-150	13680	4680	18000	4680
COUNTS	squfl030-150	13680	36000	252605	252605

--- every order() call, slowest first (TSV) ---
secs	matrix	n	nnz	ratio
1.2690	crudeoil_lee4_10	17809	120632	0.6253
1.2398	crudeoil_lee4_09	15904	101792	0.6258
0.8071	nuclear10a	17493	163816	0.6766
0.7330	methanol200	11999	76128	0.7018
0.6293	edgecross24-115	16747	77352	0.8173
0.5215	supplychainr1_053050	16640	57800	1.0000
0.5147	faclay30	16678	82242	0.9552
0.4668	emfl100_5_5	21925	52300	1.0000
0.4604	kissing2	20772	401024	1.0000
0.4262	squfl030-150	13680	36000	1.0000
0.4133	emfl050_5_5	13175	32300	1.0000
matrices under 0.010s: 0/11
matrices under 0.050s: 0/11
matrices under 0.100s: 0/11
matrices under 0.200s: 0/11
matrices under 0.400s: 0/11

--- per-bucket ---
gt_10k   count=11    geomean=0.8390
SCORE = 0.839033
WORST order() = 1.269 s
FORCEAUDIT	stage1b_sites=4	force_fires=0	unsound=0	core_total_mismatch=0	max_drift_ppm=0	worst_incumbent=0	worst_adopted=0	tie_window_opened=4	tie_pass_run=2
ok

test result: ok. 1 passed; 0 failed; 0 ignored; 0 measured; 177 filtered out; finished in 8.15s

