# arms: P (shipped 5 windows) | X (5+4 extra widths) | X22 (+class_n 22000); env SSI_INDEP_FORCE=1; taskset -c 0-3; one binary one session
   Compiling ssi-candidate-worker v0.1.0 (/home/frosty/angelX/.tmp/live-performance-20260911/matrices-deepseek/candidate-worker)
warning: unused doc comment
    --> candidate-worker/src/../../src/ordering/mod.rs:5323:9
     |
5323 | /         /// `nnz < 3n` = the sparse band of the 0184 price law (66 of the 300 dev
5324 | |         /// rows, all of them in-window). Structural, never per-matrix.
     | |_______________________________________________________________________^
5325 | /         let shipped_ladder = || {
5326 | |             if nnz < 3 * n {
5327 | |                 SHIPPED_SPARSE_LADDER.to_vec()
5328 | |             } else {
...    |
5331 | |         };
     | |__________- rustdoc does not generate documentation for statements
     |
     = help: use `//` for a plain comment
     = note: `#[warn(unused_doc_comments)]` (part of `#[warn(unused)]`) on by default

warning: value assigned to `d` is never read
   --> candidate-worker/src/../../src/ordering/rgreedy.rs:397:29
    |
397 |                 let mut d = 0u32;
    |                             ^^^^
    |
    = help: maybe it is overwritten before being read?
    = note: `#[warn(unused_assignments)]` (part of `#[warn(unused)]`) on by default

warning: constant `RELABEL_BUDGET` is never used
   --> candidate-worker/src/../../src/ordering/mod.rs:808:7
    |
808 | const RELABEL_BUDGET: usize = 300_000;
    |       ^^^^^^^^^^^^^^
    |
    = note: `#[warn(dead_code)]` (part of `#[warn(unused)]`) on by default

warning: constant `RELABEL_MAX_RESTARTS` is never used
   --> candidate-worker/src/../../src/ordering/mod.rs:809:7
    |
809 | const RELABEL_MAX_RESTARTS: usize = 24;
    |       ^^^^^^^^^^^^^^^^^^^^

warning: constant `SUBTREE_MAX_N` is never used
   --> candidate-worker/src/../../src/ordering/mod.rs:872:7
    |
872 | const SUBTREE_MAX_N: usize = 250_000;
    |       ^^^^^^^^^^^^^

warning: function `relabel_restarts` is never used
    --> candidate-worker/src/../../src/ordering/mod.rs:1176:4
     |
1176 | fn relabel_restarts(budget: usize, cap: usize, nnz: usize) -> usize {
     |    ^^^^^^^^^^^^^^^^

warning: function `paired_swap_refine` is never used
    --> candidate-worker/src/../../src/ordering/mod.rs:1310:4
     |
1310 | fn paired_swap_refine(pattern: &Pattern, mut best: Vec<usize>) -> Vec<usize> {
     |    ^^^^^^^^^^^^^^^^^^

warning: function `plateau_refine` is never used
    --> candidate-worker/src/../../src/ordering/mod.rs:1333:4
     |
1333 | fn plateau_refine(pattern: &Pattern, start: Vec<usize>, neutral: bool) -> Vec<usize> {
     |    ^^^^^^^^^^^^^^

warning: function `capture` is never used
  --> candidate-worker/src/../../src/ordering/transplant_probe.rs:11:15
   |
11 | pub(super) fn capture(pool: &[(u64, Vec<usize>)]) {
   |               ^^^^^^^

warning: function `terminal_pass` is never used
   --> candidate-worker/src/../../src/ordering/transplant_probe.rs:240:4
    |
240 | fn terminal_pass(
    |    ^^^^^^^^^^^^^

warning: function `refine` is never used
  --> candidate-worker/src/../../src/ordering/completion.rs:12:15
   |
12 | pub(super) fn refine(
   |               ^^^^^^

warning: function `candidates` is never used
  --> candidate-worker/src/../../src/ordering/peo_extract.rs:63:15
   |
63 | pub(super) fn candidates(
   |               ^^^^^^^^^^

warning: type alias `PermFn` is never used
  --> candidate-worker/src/../../src/ordering/parallel.rs:80:17
   |
80 | pub(crate) type PermFn<'a> = Box<dyn Fn() -> Option<Vec<usize>> + Sync + 'a>;
   |                 ^^^^^^

warning: function `run_perms` is never used
   --> candidate-worker/src/../../src/ordering/parallel.rs:189:15
    |
189 | pub(crate) fn run_perms(
    |               ^^^^^^^^^

warning: function `accept` is never used
   --> candidate-worker/src/../../src/ordering/parallel.rs:314:15
    |
314 | pub(crate) fn accept(results: &mut [CandOut], best_flops: &mut u64, best_perm: &mut Vec<usize>) -> bool {
    |               ^^^^^^

warning: function `minl_is_clique` is never used
   --> candidate-worker/src/../../src/ordering/minl.rs:136:4
    |
136 | fn minl_is_clique(adj: &[Vec<u32>], c: &[u32], ops: &mut i64) -> bool {
    |    ^^^^^^^^^^^^^^

warning: function `minl_try_delete_edge` is never used
   --> candidate-worker/src/../../src/ordering/minl.rs:232:4
    |
232 | fn minl_try_delete_edge(
    |    ^^^^^^^^^^^^^^^^^^^^

warning: function `order` is never used
  --> candidate-worker/src/../../src/ordering/chordal_certificate.rs:32:15
   |
32 | pub(crate) fn order(n: usize, cp: &[usize], ri: &[usize]) -> Option<Vec<usize>> {
   |               ^^^^^

warning: function `run_sequential_180` is never used
   --> candidate-worker/src/../../src/ordering/indep_first.rs:632:4
    |
632 | fn run_sequential_180(sp: &ScoringPattern, ledger: u64) -> Option<(u64, Vec<usize>)> {
    |    ^^^^^^^^^^^^^^^^^^

warning: `ssi-candidate-worker` (bin "ssi-candidate-worker") generated 19 warnings
    Finished `release` profile [optimized] target(s) in 6.05s
############ ARM P : env SSI_INDEP_FORCE=1
   Compiling ssi-candidate-worker v0.1.0 (/home/frosty/angelX/.tmp/live-performance-20260911/matrices-deepseek/candidate-worker)
warning: unused doc comment
    --> candidate-worker/src/../../src/ordering/mod.rs:1240:1
     |
1240 | / /// TEST-ONLY sweep switch for the mid-size `rgreedy` stream opened by the 0154
1241 | | /// engine census. Returns `(ops_budget, gate_variant, stream_count)`; a zero
1242 | | /// budget disables the stream, which is what production compiles to — the
1243 | | /// switch can never change a submitted ordering. Configured through
1244 | | /// `SSI_MID_ENGINE="<variant>:<budget>[:<streams>]"` so one build can sweep
1245 | | /// several gate/budget points.
     | |_------------------------------^
     |   |
     |   rustdoc does not generate documentation for macro invocations
     |
     = help: to document an item produced by a macro, the macro must produce the documentation as part of its expansion
     = note: `#[warn(unused_doc_comments)]` (part of `#[warn(unused)]`) on by default

warning: unused doc comment
    --> candidate-worker/src/../../src/ordering/mod.rs:1508:1
     |
1508 | / /// TEST-ONLY kill switch for the heavy-tier arm (metrics + no-dense AMD +
1509 | | /// extra AMF α), so a probe can A/B the arm in one process.
     | |_-----------------------------------------------------------^
     |   |
     |   rustdoc does not generate documentation for macro invocations
     |
     = help: to document an item produced by a macro, the macro must produce the documentation as part of its expansion

warning: unused doc comment
   --> candidate-worker/src/../../src/ordering/parallel.rs:335:1
    |
335 | / /// TEST-ONLY switch forcing every batch onto the sequential path, so a probe
336 | | /// can run the SAME `order()` both ways in one process and compare the
337 | | /// returned permutations element by element. Production builds compile
338 | | /// [`force_sequential`] down to a constant `false`.
    | |_---------------------------------------------------^
    |   |
    |   rustdoc does not generate documentation for macro invocations
    |
    = help: to document an item produced by a macro, the macro must produce the documentation as part of its expansion

warning: unused doc comment
   --> candidate-worker/src/../../src/ordering/parallel.rs:369:1
    |
369 | / /// TEST-ONLY per-phase wall-clock marks: `phase_mark(label, t0)` appends
370 | | /// `(label, secs since t0)`; `phase_take()` drains them. Lets a probe see which
371 | | /// stage of `order()` sets a row's critical path. Never compiled into the
372 | | /// shipped binary.
    | |_------------------^
    |   |
    |   rustdoc does not generate documentation for macro invocations
    |
    = help: to document an item produced by a macro, the macro must produce the documentation as part of its expansion

warning: unused doc comment
    --> candidate-worker/src/../../src/ordering/mod.rs:5171:5
     |
5171 | /     /// ── 0192: the window is the frontier's own chain scope ─────────────────
5172 | |     /// The chain no longer reaches above n = 10 000 (see `PEO_ALT_MAX_N`), so
5173 | |     /// the draw takes over the whole band the chain used to own. Measured on the
5174 | |     /// 300 dev rows: with the window at 50 000 instead of 12 000 the draw adds
...    |
5180 | |     /// spender there), and its worst row is 1.127 s against the frontier's
5181 | |     /// 1.160 s base, so the wide band stays below the frontier's own footprint.
     | |________________________________________________________________________________^
5182 |       #[cfg(test)]
5183 | /     let window_n: usize = std::env::var("SSI_TERM_WIN_N")
5184 | |         .ok()
5185 | |         .and_then(|v| v.trim().parse::<usize>().ok())
5186 | |         .unwrap_or(50_000);
     | |___________________________- rustdoc does not generate documentation for statements
     |
     = help: use `//` for a plain comment

warning: unused doc comment
    --> candidate-worker/src/../../src/ordering/mod.rs:5323:9
     |
5323 | /         /// `nnz < 3n` = the sparse band of the 0184 price law (66 of the 300 dev
5324 | |         /// rows, all of them in-window). Structural, never per-matrix.
     | |_______________________________________________________________________^
5325 | /         let shipped_ladder = || {
5326 | |             if nnz < 3 * n {
5327 | |                 SHIPPED_SPARSE_LADDER.to_vec()
5328 | |             } else {
...    |
5331 | |         };
     | |__________- rustdoc does not generate documentation for statements
     |
     = help: use `//` for a plain comment

warning: variable does not need to be mutable
    --> candidate-worker/src/../../src/ordering/probe.rs:4151:9
     |
4151 |     let mut next = |s: &mut u64| -> u64 {
     |         ----^^^^
     |         |
     |         help: remove this `mut`
     |
     = note: `#[warn(unused_mut)]` (part of `#[warn(unused)]`) on by default

warning: value assigned to `d` is never read
   --> candidate-worker/src/../../src/ordering/rgreedy.rs:397:29
    |
397 |                 let mut d = 0u32;
    |                             ^^^^
    |
    = help: maybe it is overwritten before being read?
    = note: `#[warn(unused_assignments)]` (part of `#[warn(unused)]`) on by default

warning: constant `SUBTREE_MAX_N` is never used
   --> candidate-worker/src/../../src/ordering/mod.rs:872:7
    |
872 | const SUBTREE_MAX_N: usize = 250_000;
    |       ^^^^^^^^^^^^^
    |
    = note: `#[warn(dead_code)]` (part of `#[warn(unused)]`) on by default

warning: function `refine` is never used
  --> candidate-worker/src/../../src/ordering/completion.rs:12:15
   |
12 | pub(super) fn refine(
   |               ^^^^^^

warning: type alias `PermFn` is never used
  --> candidate-worker/src/../../src/ordering/parallel.rs:80:17
   |
80 | pub(crate) type PermFn<'a> = Box<dyn Fn() -> Option<Vec<usize>> + Sync + 'a>;
   |                 ^^^^^^

warning: function `run_perms` is never used
   --> candidate-worker/src/../../src/ordering/parallel.rs:189:15
    |
189 | pub(crate) fn run_perms(
    |               ^^^^^^^^^

warning: function `accept` is never used
   --> candidate-worker/src/../../src/ordering/parallel.rs:314:15
    |
314 | pub(crate) fn accept(results: &mut [CandOut], best_flops: &mut u64, best_perm: &mut Vec<usize>) -> bool {
    |               ^^^^^^

warning: function `minl_is_clique` is never used
   --> candidate-worker/src/../../src/ordering/minl.rs:136:4
    |
136 | fn minl_is_clique(adj: &[Vec<u32>], c: &[u32], ops: &mut i64) -> bool {
    |    ^^^^^^^^^^^^^^

warning: function `minl_try_delete_edge` is never used
   --> candidate-worker/src/../../src/ordering/minl.rs:232:4
    |
232 | fn minl_try_delete_edge(
    |    ^^^^^^^^^^^^^^^^^^^^

warning: function `run_sequential_180` is never used
   --> candidate-worker/src/../../src/ordering/indep_first.rs:632:4
    |
632 | fn run_sequential_180(sp: &ScoringPattern, ledger: u64) -> Option<(u64, Vec<usize>)> {
    |    ^^^^^^^^^^^^^^^^^^

warning: function `reset` is never used
   --> candidate-worker/src/../../src/ordering/mod.rs:557:19
    |
557 |     pub(crate) fn reset() {
    |                   ^^^^^

warning: `ssi-candidate-worker` (bin "ssi-candidate-worker" test) generated 17 warnings (run `cargo fix --bin "ssi-candidate-worker" -p ssi-candidate-worker --tests` to apply 1 suggestion)
    Finished `release` profile [optimized] target(s) in 15.33s
     Running unittests src/main.rs (target/release/deps/ssi_candidate_worker-9bc17c144118ca64)

running 1 test
test ordering::probe::probe_timing_and_score ... LADGATE	357	10000	0.222	1
LIFT	slay06m	357	147	660	147
COUNTS	slay06m	357	1080	4025	4025
LADGATE	401	10000	0.255	1
LIFT	sssd25-08	401	89	640	89
COUNTS	sssd25-08	401	1200	5389	5389
LADGATE	4772	10000	0.621	1
LIFT	rsyn0810m04m	4772	2520	9996	2520
COUNTS	rsyn0810m04m	4772	13836	147553	113250
LIFT	pooling_sppc3pq	23173	12327	872032	12327
COUNTS	pooling_sppc3pq	23173	893724	1153877333	325595394
LADGATE	1131	10000	0.551	1
LIFT	sporttournament48	1131	721	7408	721
COUNTS	sporttournament48	1131	6676	919582	594138
LADGATE	5030	10000	0.425	1
LIFT	pooling_sppa9pq	5030	2509	126346	2509
COUNTS	pooling_sppa9pq	5030	120730	23971280	15130622
LADGATE	1053	10000	0.306	1
LIFT	edgecross10-090	1053	571	4240	571
COUNTS	edgecross10-090	1053	5204	126115	103179
LIFT	maxcsp-ehi-85-297-71	2372	2075	216272	2075
COUNTS	maxcsp-ehi-85-297-71	2372	207996	1381768944	1110971341
LADGATE	30	10000	0.167	1
COUNTS	st_bpaf1a	30	120	623	580
LADGATE	1462	10000	0.482	1
LIFT	risk2bpb	1462	628	4030	628
COUNTS	risk2bpb	1462	5396	118471	66041
LADGATE	255	10000	0.132	1
LIFT	qap	255	225	49148	225
COUNTS	qap	255	43748	3802533	3650113
LADGATE	7252	10000	0.568	1
LIFT	rsyn0830m04m	7252	3744	14872	3744
COUNTS	rsyn0830m04m	7252	20752	212130	171656
LADGATE	1073	10000	0.266	1
LIFT	lop97icx	1073	155	1760	155
COUNTS	lop97icx	1073	2118	79286	64044
LADGATE	1201	10000	0.222	1
LIFT	chain400	1201	800	3196	800
COUNTS	chain400	1201	4796	16382	16382
LADGATE	9532	10000	0.746	1
LIFT	mpbp_07	9532	5704	23110	5704
COUNTS	mpbp_07	9532	30810	1368477	1248947
LADGATE	440	10000	0.337	1
LIFT	sonetgr17	440	317	2712	317
COUNTS	sonetgr17	440	2958	37814	30971
LADGATE	2207	10000	0.586	1
LIFT	p_ball_30b_7p_2d_h	2207	1415	5932	1415
COUNTS	p_ball_30b_7p_2d_h	2207	7516	42456	42319
LADGATE	19995	10000	0.702	0
LIFT	pinene200	19995	15795	89590	15795
COUNTS	pinene200	19995	97990	1358716	1134463
LIFT	unitcommit_200_100_1_mod_8	146830	73272	329560	73272
COUNTS	unitcommit_200_100_1_mod_8	146830	476332	3053940	2981835
LADGATE	123	10000	0.273	1
LIFT	ex8_3_9	123	101	766	101
COUNTS	ex8_3_9	123	834	15050	11503
LADGATE	2486	10000	0.616	1
LIFT	rsyn0820m02m	2486	1364	4808	1364
COUNTS	rsyn0820m02m	2486	6932	38190	35631
LADGATE	293	10000	0.255	1
LIFT	p_ball_10b_5p_2d_m	293	119	716	119
COUNTS	p_ball_10b_5p_2d_m	293	964	6648	6547
LADGATE	170	10000	0.205	1
LIFT	pooling_adhya4tp	170	93	806	93
COUNTS	pooling_adhya4tp	170	936	26842	20581
LADGATE	7295	10000	0.301	1
LIFT	squfl015-080persp	7295	2495	12000	2495
COUNTS	squfl015-080persp	7295	21600	74520	74520
LADGATE	1053	10000	0.319	1
LIFT	edgecross10-080	1053	571	4976	571
COUNTS	edgecross10-080	1053	5940	170814	164639
LADGATE	590	10000	0.311	1
LIFT	clay0204hfsg	590	278	1184	278
COUNTS	clay0204hfsg	590	1696	7198	6562
LADGATE	13	10000	0.120	1
COUNTS	st_bsj2	13	40	143	114
LADGATE	440	10000	0.439	1
LIFT	chimera_mgw-c8-439-onc8-002	440	418	3060	418
COUNTS	chimera_mgw-c8-439-onc8-002	440	3038	97870	86464
LADGATE	5188	10000	0.667	1
LIFT	batchs201210m	5188	2645	13208	2645
COUNTS	batchs201210m	5188	17910	349298	303381
LADGATE	5456	10000	0.663	1
LIFT	rsyn0815m04m	5456	2966	10968	2966
COUNTS	rsyn0815m04m	5456	15756	184352	143458
LADGATE	560	10000	0.303	1
LIFT	syn40m	560	291	1080	291
COUNTS	syn40m	560	1528	5007	4829
LADGATE	2157	10000	0.274	1
LIFT	knp5-44	2157	1167	31152	1167
COUNTS	knp5-44	2157	32604	3764003	3764003
LADGATE	94	10000	0.190	1
LIFT	ex1263a	94	59	320	59
COUNTS	ex1263a	94	390	2098	2098
COUNTS	st_e41	8	32	88	88
LADGATE	2305	10000	0.631	1
LIFT	squfl025-030	2305	805	3000	805
COUNTS	squfl025-030	2305	6000	42305	42305
LADGATE	98	10000	0.239	1
LIFT	wastewater05m1	98	62	740	62
COUNTS	wastewater05m1	98	536	11690	8036
COUNTS	cvxnonsep_psig20	20	380	2870	2870
LADGATE	4405	10000	0.177	1
LIFT	meanvar-orl400_05_e_8	4405	2403	168400	2403
COUNTS	meanvar-orl400_05_e_8	4405	171604	21923414	21922611
LADGATE	301	10000	0.270	1
LIFT	st_e31	301	163	492	163
COUNTS	st_e31	301	744	4534	4257
LIFT	pooling_sppc1pq	14100	7273	535700	7273
COUNTS	pooling_sppc1pq	14100	477680	812210652	136686008
LADGATE	31	10000	0.167	1
COUNTS	pooling_haverly1pq	31	96	412	403
LADGATE	128	10000	0.228	1
LIFT	graphpart_3g-0244-0244	128	96	672	96
COUNTS	graphpart_3g-0244-0244	128	672	33446	32534
LADGATE	80	10000	0.234	1
LIFT	graphpart_clique-20	80	77	1254	77
COUNTS	graphpart_clique-20	80	1260	34885	27856
LADGATE	28368	10000	0.855	0
LIFT	mpbp_48	28368	16000	66180	16000
COUNTS	mpbp_48	28368	91016	33835023	16144599
LIFT	pooling_sppb5pq	18529	9496	693670	9496
COUNTS	pooling_sppb5pq	18529	674470	523815053	213571545
LADGATE	497	10000	0.254	1
LIFT	slay07m	497	203	924	203
COUNTS	slay07m	497	1512	5740	5740
COUNTS	nvs19	24	200	1353	884
LADGATE	3270	10000	0.522	1
LIFT	oil	3270	1687	5444	1687
COUNTS	oil	3270	8430	36313	34760
LADGATE	2775	10000	0.843	1
LIFT	squfl015-060	2775	975	3600	975
COUNTS	squfl015-060	2775	7200	36400	36400
LADGATE	1112	10000	0.446	1
LIFT	ndcc12persp	1112	961	5220	961
COUNTS	ndcc12persp	1112	5522	299115	284793
LIFT	kissing2	20772	10772	381024	10772
COUNTS	kissing2	20772	401024	156414018	156414018
LADGATE	1942	10000	0.578	1
LIFT	nuclear25a	1942	755	18260	755
COUNTS	nuclear25a	1942	16030	1977163	1136191
LADGATE	222	10000	0.218	1
LIFT	clay0204m	222	102	464	102
COUNTS	clay0204m	222	704	2330	2330
LADGATE	23	10000	0.135	1
COUNTS	st_ph13	23	68	207	178
LADGATE	1053	10000	0.391	1
LIFT	edgecross10-030	1053	573	5134	573
COUNTS	edgecross10-030	1053	4654	135854	100080
LADGATE	601	10000	0.256	1
LIFT	chain200	601	400	1596	400
COUNTS	chain200	601	2396	8182	8182
LADGATE	25	10000	0.166	1
COUNTS	ex1223b	25	66	178	178
LADGATE	2718	10000	0.558	1
LIFT	slay09h	2718	1206	5040	1206
COUNTS	slay09h	2718	7488	36057	32385
LADGATE	974	10000	0.550	1
LIFT	ndcc12	974	902	6222	902
COUNTS	ndcc12	974	5982	345696	329556
LADGATE	1306	10000	0.424	1
LIFT	kall_circlesrectangles_c6r39	1306	924	4638	924
COUNTS	kall_circlesrectangles_c6r39	1306	5378	75744	74610
LADGATE	9170	10000	0.529	1
LIFT	squfl020-150	9170	3170	12000	3170
COUNTS	squfl020-150	9170	24000	135020	135020
COUNTS	autocorr_bern40-30	43	1534	20034	20034
LADGATE	660	10000	0.290	1
LIFT	slay08m	660	268	1232	268
COUNTS	slay08m	660	2016	7796	7796
LADGATE	2032	10000	0.595	1
LIFT	chimera_mgw-c16-2031-01	2032	2021	15902	2021
COUNTS	chimera_mgw-c16-2031-01	2032	15900	3328073	2569662
LADGATE	713	10000	0.401	1
LIFT	forest	713	404	2076	404
COUNTS	forest	713	2658	10614	10543
LADGATE	280	10000	0.172	1
LIFT	qspp_0_10_0_1_10_1	280	244	29450	244
COUNTS	qspp_0_10_0_1_10_1	280	29636	1942907	1932414
LADGATE	16	10000	0.169	1
COUNTS	st_ph1	16	58	274	233
LADGATE	124	10000	0.188	1
LIFT	elf	124	65	258	65
COUNTS	elf	124	376	2733	2173
LADGATE	18	10000	0.144	1
COUNTS	ex3_1_3	18	36	90	83
COUNTS	cvxnonsep_normcon40r	162	322	645	645
LADGATE	155	10000	0.249	1
LIFT	demo7	155	66	448	66
COUNTS	demo7	155	618	3579	3426
LADGATE	615	10000	0.390	1
LIFT	waternd2	615	447	2394	447
COUNTS	waternd2	615	2580	155674	74817
LADGATE	64	10000	0.200	1
LIFT	prolog	64	42	248	42
COUNTS	prolog	64	292	1245	1225
LADGATE	11	10000	0.115	1
COUNTS	ex14_1_8	11	30	80	80
LIFT	faclay75	272878	137826	1109602	137826
COUNTS	faclay75	272878	1379706	3204527350	3013800414
LADGATE	55	10000	0.131	1
LIFT	st_qpk3	55	33	504	33
COUNTS	st_qpk3	55	548	5467	3762
LADGATE	11556	10000	0.592	0
LIFT	mpbp_34	11556	7230	32172	7230
COUNTS	mpbp_34	11556	40860	3093917	891278
COUNTS	cvxnonsep_normcon20r	82	162	325	325
COUNTS	cvxnonsep_psig20r	86	170	341	341
LADGATE	18742	10000	0.684	0
LIFT	crudeoil_pooling_dt2	18742	10735	60222	10735
COUNTS	crudeoil_pooling_dt2	18742	75910	14985540	9947932
LADGATE	2868	10000	0.908	1
LIFT	rsyn0805m03m	2868	1596	5810	1596
COUNTS	rsyn0805m03m	2868	8270	60979	54853
COUNTS	st_iqpbk1	22	98	295	295
LADGATE	96	10000	0.259	1
LIFT	waterund01	96	47	384	47
COUNTS	waterund01	96	404	4546	3317
LADGATE	29	10000	0.153	1
COUNTS	pointpack04	29	120	577	577
LADGATE	12	10000	0.104	1
COUNTS	st_e22	12	30	77	70
LADGATE	16678	10000	0.442	0
LIFT	faclay30	16678	8556	65998	8556
COUNTS	faclay30	16678	82242	13452923	12850431
LADGATE	4432	10000	0.429	1
LIFT	arki0002	4432	2608	9424	2608
COUNTS	arki0002	4432	11248	683476	667374
LADGATE	11659	10000	0.779	0
LIFT	transswitch0300p	11659	6750	41276	6750
COUNTS	transswitch0300p	11659	48446	404940	374416
LADGATE	30660	10000	0.826	0
LIFT	crudeoil_pooling_dt3	30660	15957	134914	15957
COUNTS	crudeoil_pooling_dt3	30660	152210	48975085	33883414
LADGATE	22536	10000	0.723	0
LIFT	gasprod_sarawak81	22536	12902	61066	12902
COUNTS	gasprod_sarawak81	22536	75636	1030380	941231
LADGATE	660	10000	0.395	1
LIFT	maxcsp-langford-3-11	660	627	41846	627
COUNTS	maxcsp-langford-3-11	660	29646	33444033	10360919
LADGATE	1543	10000	0.356	1
LIFT	p_ball_30b_5p_2d_h	1543	999	4136	999
COUNTS	p_ball_30b_5p_2d_h	1543	5224	25843	25742
LADGATE	6709	10000	0.458	1
LIFT	ringpack_20_3	6709	3451	41284	3451
COUNTS	ringpack_20_3	6709	45220	2415136	865627
LADGATE	4825	10000	0.656	1
LIFT	waste	4825	2503	19260	2503
COUNTS	waste	4825	21504	1468261	1270649
LADGATE	2001	10000	0.294	1
LIFT	catmix400	2001	1998	11180	1998
COUNTS	catmix400	2001	11192	36373	36364
LADGATE	3054	10000	0.525	1
LIFT	rsyn0815m02hfsg	3054	1697	5478	1697
COUNTS	rsyn0815m02hfsg	3054	7968	44604	41384
LADGATE	1236	10000	0.300	1
LIFT	p_ball_10b_7p_3d_h	1236	751	3216	751
COUNTS	p_ball_10b_7p_3d_h	1236	4186	24380	23744
LADGATE	1225	10000	0.620	1
LIFT	chimera_k64ising-02	1225	772	3732	772
COUNTS	chimera_k64ising-02	1225	3846	613390	371142
LADGATE	3404	10000	0.564	1
LIFT	batchs121208m	3404	1725	8392	1725
COUNTS	batchs121208m	3404	11462	138030	128816
LADGATE	11	10000	0.112	1
COUNTS	nvs02	11	46	142	142
LADGATE	191	10000	0.257	1
LIFT	wastepaper6	191	156	1358	156
COUNTS	wastepaper6	191	1416	16611	16611
LADGATE	399	10000	0.260	1
LIFT	syn15hfsg	399	221	666	221
COUNTS	syn15hfsg	399	1022	3300	3272
LADGATE	36	10000	0.161	1
LIFT	st_jcbpaf2	36	23	220	23
COUNTS	st_jcbpaf2	36	246	1635	1543
COUNTS	camshape400	2000	7188	16768	16768
LADGATE	120	10000	0.261	1
LIFT	graphpart_clique-30	120	117	2784	117
COUNTS	graphpart_clique-30	120	2790	114505	91153
LADGATE	280	10000	0.211	1
LIFT	graphpart_clique-70	280	277	14904	277
COUNTS	graphpart_clique-70	280	14910	1413012	1144894
COUNTS	smallinvDAXr1b010-011	39	1120	13510	13319
LADGATE	22074	10000	0.403	0
LIFT	nd_netgen-2000-3-4-b-a-ns_7	22074	10074	36000	10074
COUNTS	nd_netgen-2000-3-4-b-a-ns_7	22074	60000	289420	273394
LADGATE	240	10000	0.215	1
LIFT	slay05m	240	100	440	100
COUNTS	slay05m	240	720	2635	2635
LADGATE	2031	10000	1.112	1
LIFT	chimera_selby-c16-01	2031	1517	13662	1517
COUNTS	chimera_selby-c16-01	2031	10964	3605628	2419538
LADGATE	110	10000	0.186	1
LIFT	csched1	110	30	100	30
COUNTS	csched1	110	376	975	975
LADGATE	1310	10000	0.137	1
LIFT	watercontamination0303r	1310	755	35918	755
COUNTS	watercontamination0303r	1310	37028	2171882	2171882
LADGATE	15	10000	0.120	1
COUNTS	ex9_2_4	15	36	117	117
LADGATE	163	10000	0.187	1
LIFT	sssd15-04	163	47	240	47
COUNTS	sssd15-04	163	440	1625	1625
COUNTS	autocorr_bern35-35fix	38	1264	16214	16214
LADGATE	1491	10000	0.340	1
LIFT	sfacloc2_4_90	1491	775	3282	775
COUNTS	sfacloc2_4_90	1491	4500	31682	28843
LIFT	cont6-qq	120395	79800	397602	79800
COUNTS	cont6-qq	120395	557994	835894090	581918900
LADGATE	5205	10000	0.171	1
LIFT	meanvar-orl400_05_e_7	5205	2803	170000	2803
COUNTS	meanvar-orl400_05_e_7	5205	174804	21939414	21935811
LADGATE	10017	10000	0.361	0
LIFT	glider400	10017	7609	43204	7609
COUNTS	glider400	10017	49624	373018	327461
LADGATE	4960	10000	0.630	1
LIFT	syn40m04m	4960	2524	9280	2524
COUNTS	syn40m04m	4960	13792	65982	63265
LADGATE	31	10000	0.164	1
COUNTS	ex2_1_3	31	72	189	189
LADGATE	705	10000	0.494	1
LIFT	qapw	705	480	87046	480
COUNTS	qapw	705	87496	12183146	12183146
LADGATE	14	10000	0.114	1
COUNTS	himmel11	14	60	198	198
LADGATE	1908	10000	0.379	1
LIFT	syn15m04m	1908	970	3540	970
COUNTS	syn15m04m	1908	5288	26094	25061
LADGATE	118	10000	0.232	1
LIFT	pooling_rt2tp	118	66	554	66
COUNTS	pooling_rt2tp	118	654	5876	5796
LADGATE	333	10000	0.302	1
LIFT	waterund14	333	191	2068	191
COUNTS	waterund14	333	2204	200484	72184
LADGATE	17809	10000	1.061	0
LIFT	crudeoil_lee4_10	17809	10229	106656	10229
COUNTS	crudeoil_lee4_10	17809	120632	294531623	184173410
LADGATE	1294	10000	0.496	1
LIFT	pooling_foulds4pq	1294	723	7208	723
COUNTS	pooling_foulds4pq	1294	8302	138692	138540
LADGATE	3097	10000	0.351	1
LIFT	edgecross14-156	3097	1639	16748	1639
COUNTS	edgecross14-156	3097	19664	1487933	1376964
LADGATE	72	10000	0.205	1
LIFT	tspn08	72	34	646	34
COUNTS	tspn08	72	668	11074	7600
LADGATE	4225	10000	0.584	1
LIFT	crudeoil_li05	4225	2656	17380	2656
COUNTS	crudeoil_li05	4225	14628	680022	533531
LADGATE	14416	10000	0.664	0
LIFT	procurement1large	14416	6606	28248	6606
COUNTS	procurement1large	14416	41068	13858240	7376882
LADGATE	1428	10000	0.323	1
LIFT	blend721	1428	829	3334	829
COUNTS	blend721	1428	4548	77560	66143
LADGATE	2031	10000	1.129	1
LIFT	chimera_selby-c16-02	2031	1436	15878	1436
COUNTS	chimera_selby-c16-02	2031	10878	4280329	2298651
LADGATE	16640	10000	0.422	0
LIFT	supplychainr1_053050	16640	9640	44160	9640
COUNTS	supplychainr1_053050	16640	57800	2173490	2173490
LADGATE	5067	10000	0.752	1
LIFT	sfacloc2_4_80	5067	2567	16656	2567
COUNTS	sfacloc2_4_80	5067	21424	93048	88884
COUNTS	st_e24	10	26	64	57
LADGATE	1053	10000	0.338	1
LIFT	edgecross10-040	1053	571	4152	571
COUNTS	edgecross10-040	1053	5116	161851	143518
LADGATE	8232	10000	0.387	1
LIFT	sonet21v6	8232	4221	32722	4221
COUNTS	sonet21v6	8232	40744	1643311	1585871
LADGATE	2490	10000	0.672	1
LIFT	squfl010-080	2490	890	3200	890
COUNTS	squfl010-080	2490	6400	27665	27665
LADGATE	221	10000	0.235	1
LIFT	genpooling_lee2	221	145	896	145
COUNTS	genpooling_lee2	221	1048	19895	14028
LADGATE	2807	10000	0.633	1
LIFT	popdynm25	2807	2349	13004	2349
COUNTS	popdynm25	2807	13904	360081	286812
LADGATE	5211	10000	0.777	1
LIFT	chp_partload	5211	3186	12690	3186
COUNTS	chp_partload	5211	16740	509170	373134
LADGATE	560	10000	0.253	1
LIFT	qspp_0_14_0_1_10_1	560	364	119024	364
COUNTS	qspp_0_14_0_1_10_1	560	120274	16119226	16038266
LADGATE	24	10000	0.144	1
COUNTS	st_glmp_ss1	24	66	160	160
LADGATE	2508	10000	0.485	1
LIFT	torsion50	2508	1302	20190	1302
COUNTS	torsion50	2508	29808	1691033	1119054
LADGATE	40	10000	0.179	1
LIFT	st_rv2	40	10	90	10
COUNTS	st_rv2	40	340	2045	2045
LADGATE	6885	10000	0.255	1
LIFT	emfl100_3_3	6885	2961	8100	2961
COUNTS	emfl100_3_3	6885	15948	55506	55506
COUNTS	pedigree_sim400	351	23546	1183471	1183168
COUNTS	polygon75	5846	49652	1171822	1171822
LIFT	gabriel10	244056	129644	1260406	129644
COUNTS	gabriel10	244056	1148210	1365442310	1267760679
LADGATE	1049	10000	0.289	1
LIFT	fo9_ar25_1	1049	507	3606	507
COUNTS	fo9_ar25_1	1049	4336	41668	38237
LADGATE	1159	10000	0.330	1
LIFT	rsyn0840m	1159	610	2176	610
COUNTS	rsyn0840m	1159	3168	11274	10602
LADGATE	548	10000	0.403	1
LIFT	gancns	548	318	2280	318
COUNTS	gancns	548	2800	69234	58861
LADGATE	1049	10000	0.289	1
LIFT	o9_ar4_1	1049	507	3606	507
COUNTS	o9_ar4_1	1049	4336	41668	38237
LADGATE	123	10000	0.265	1
LIFT	ex1265a	123	79	472	79
COUNTS	ex1265a	123	560	3948	3750
LADGATE	28	10000	0.161	1
COUNTS	ex9_2_6	28	68	190	190
LADGATE	481	10000	0.194	1
LIFT	qspp_0_13_0_1_10_1	481	312	87460	312
COUNTS	qspp_0_13_0_1_10_1	481	88522	10150185	10097446
LADGATE	146	10000	0.217	1
LIFT	slay04m	146	62	264	62
COUNTS	slay04m	146	432	1554	1554
COUNTS	st_e25	20	92	336	262
LADGATE	32	10000	0.176	1
LIFT	ex8_4_1	32	12	40	12
COUNTS	ex8_4_1	32	100	225	225
LADGATE	19	10000	0.160	1
COUNTS	st_e07	19	60	199	199
LADGATE	26	10000	0.183	1
COUNTS	ex1225	26	66	171	161
LADGATE	969	10000	0.543	1
LIFT	ndcc13	969	735	6656	735
COUNTS	ndcc13	969	5882	525212	324727
LADGATE	1224	10000	0.284	1
LIFT	syn10m04m	1224	620	2256	620
COUNTS	syn10m04m	1224	3384	13501	13473
LADGATE	18	10000	0.151	1
COUNTS	ex5_2_4	18	62	204	193
LADGATE	72	10000	0.208	1
LIFT	st_m2	72	21	420	21
COUNTS	st_m2	72	1226	16331	16331
LADGATE	16	10000	0.139	1
COUNTS	st_bpk1	16	44	115	108
LADGATE	736	10000	0.585	1
LIFT	multiplants_stg1	736	321	3112	321
COUNTS	multiplants_stg1	736	3594	197998	155496
LADGATE	11251	10000	0.757	0
LIFT	powerflow0300p	11251	6342	34748	6342
COUNTS	powerflow0300p	11251	41918	304705	292256
LADGATE	33155	10000	0.568	0
LIFT	nd_netgen-3000-1-1-b-b-ns_7	33155	15155	54000	15155
COUNTS	nd_netgen-3000-1-1-b-b-ns_7	33155	90000	922197	885186
LADGATE	803	10000	0.513	1
LIFT	sonet23v4	803	547	5952	547
COUNTS	sonet23v4	803	6462	139703	94348
LADGATE	1649	10000	0.433	1
LIFT	pooling_sppa0pq	1649	1648	24190	1648
COUNTS	pooling_sppa0pq	1649	24192	3745896	1214182
LADGATE	645	10000	0.586	1
LIFT	multiplants_mtg1b	645	406	4016	406
COUNTS	multiplants_mtg1b	645	4404	229415	152043
LADGATE	338	10000	0.246	1
LIFT	sssd18-08persp	338	138	768	138
COUNTS	sssd18-08persp	338	1168	4654	4654
LADGATE	19	10000	0.159	1
COUNTS	ex9_1_2	19	54	188	179
LADGATE	3670	10000	0.804	1
LIFT	crudeoil_lee1_07	3670	1957	17600	1957
COUNTS	crudeoil_lee1_07	3670	19322	4746188	3506464
LADGATE	31	10000	0.167	1
COUNTS	pooling_haverly1tp	31	96	423	403
LADGATE	230	10000	0.220	1
LIFT	waterund08	230	120	1760	120
COUNTS	waterund08	230	1290	35284	30110
LADGATE	76	10000	0.148	1
LIFT	kall_diffcircles_6	76	45	240	45
COUNTS	kall_diffcircles_6	76	302	1511	1511
LADGATE	440	10000	0.442	1
LIFT	chimera_mgw-c8-439-onc8-001	440	423	3066	423
COUNTS	chimera_mgw-c8-439-onc8-001	440	3040	106479	80090
LADGATE	160	10000	0.252	1
LIFT	waterund11	160	91	642	91
COUNTS	waterund11	160	828	14818	10705
LADGATE	16364	10000	0.708	0
LIFT	chp_shorttermplan2d	16364	8902	38240	8902
COUNTS	chp_shorttermplan2d	16364	52108	4089003	2104724
LADGATE	156	10000	0.290	1
LIFT	sporttournament18	156	136	810	136
COUNTS	sporttournament18	156	886	17568	13608
COUNTS	cvxnonsep_psig30	30	870	9455	9455
LADGATE	6089	10000	0.449	1
LIFT	ringpack_20_2	6089	3132	37034	3132
COUNTS	ringpack_20_2	6089	40368	1872174	707413
LADGATE	1386	10000	0.325	1
LIFT	blend718	1386	808	3138	808
COUNTS	blend718	1386	4310	70355	61466
LADGATE	115	10000	0.274	1
LIFT	wastepaper4	115	50	654	50
COUNTS	wastepaper4	115	724	9711	7183
LADGATE	2450	10000	0.613	1
LIFT	squfl010-040persp	2450	850	4000	850
COUNTS	squfl010-040persp	2450	7200	22825	22825
LADGATE	10429	10000	0.975	0
LIFT	crudeoil_lee4_06	10429	6797	109128	6797
COUNTS	crudeoil_lee4_06	10429	55492	65337120	32564806
LADGATE	1746	10000	0.597	1
LIFT	netmod_kar1	1746	798	3664	798
COUNTS	netmod_kar1	1746	4928	56838	43864
LADGATE	14	10000	0.121	1
COUNTS	ex8_1_7	14	46	137	128
LADGATE	108	10000	0.203	1
LIFT	graphpart_3g-0333-0333	108	81	648	81
COUNTS	graphpart_3g-0333-0333	108	648	44928	36228
LADGATE	760	10000	0.335	1
LIFT	slay05h	760	340	1400	340
COUNTS	slay05h	760	2080	9815	8795
LADGATE	156	10000	0.276	1
LIFT	korcns	156	92	598	92
COUNTS	korcns	156	712	7241	6599
LADGATE	5065	10000	0.710	1
LIFT	powerflow0118p	5065	2810	15480	2810
COUNTS	powerflow0118p	5065	18730	121503	117327
LADGATE	4799	10000	0.796	1
LIFT	sfacloc2_3_80	4799	2402	16046	2402
COUNTS	sfacloc2_3_80	4799	20600	84672	81119
LADGATE	6028	10000	0.594	1
LIFT	rsyn0820m04m	6028	3144	12532	3144
COUNTS	rsyn0820m04m	6028	17372	196890	152980
LADGATE	1046	10000	0.259	1
LIFT	hydroenergy1	1046	570	2164	570
COUNTS	hydroenergy1	1046	3024	14089	14089
LADGATE	181	10000	0.188	1
LIFT	maxmin	181	103	1284	103
COUNTS	maxmin	181	1440	8405	8405
LADGATE	8	10000	0.109	1
COUNTS	st_ht	8	18	51	44
LADGATE	6418	10000	0.864	1
LIFT	crudeoil_lee2_06	6418	4139	66598	4139
COUNTS	crudeoil_lee2_06	6418	34646	23299675	16292510
LADGATE	3183	10000	0.489	1
LIFT	kan_r3_h1_n4	3183	2301	12330	2301
COUNTS	kan_r3_h1_n4	3183	14062	104945	98715
LADGATE	378	10000	0.299	1
LIFT	primary	378	222	5294	222
COUNTS	primary	378	5610	109639	95258
LADGATE	1071	10000	0.284	1
LIFT	syn10m03hfsg	1071	591	1812	591
COUNTS	syn10m03hfsg	1071	2772	9890	9812
LADGATE	36	10000	0.184	1
LIFT	wastewater02m1	36	24	118	24
COUNTS	wastewater02m1	36	138	848	790
LADGATE	4620	10000	0.385	1
LIFT	supplychainr1_022020	4620	2680	11920	2680
COUNTS	supplychainr1_022020	4620	15680	273140	273100
LADGATE	3800	10000	0.261	1
LIFT	squfl025-025persp	3800	1300	6250	1300
COUNTS	squfl025-025persp	3800	11250	49925	49925
LADGATE	17999	10000	0.903	0
LIFT	ringpack_30_2	17999	9231	103922	9231
COUNTS	ringpack_30_2	17999	121458	12394600	2873684
LIFT	nuclear104	39098	26306	232222	26306
COUNTS	nuclear104	39098	257806	103156931	78332024
LADGATE	4952	10000	0.615	1
LIFT	chp_shorttermplan1a	4952	2592	11264	2592
COUNTS	chp_shorttermplan1a	4952	15700	376486	299825
LADGATE	555	10000	0.433	1
LIFT	rocket50	555	450	3272	450
COUNTS	rocket50	555	3488	19983	19265
LADGATE	8508	10000	0.728	1
LIFT	rsyn0840m04m	8508	4368	17360	4368
COUNTS	rsyn0840m04m	8508	24272	229914	185120
LADGATE	11716	10000	0.653	0
LIFT	mpbp_21	11716	6945	28072	6945
COUNTS	mpbp_21	11716	37660	1691114	1456963
LADGATE	172	10000	0.219	1
LIFT	orth_d4m6_pl	172	92	896	92
COUNTS	orth_d4m6_pl	172	1096	10938	10703
LADGATE	1681	10000	0.557	1
LIFT	kall_circlespolygons_c1p5b	1681	1245	6560	1245
COUNTS	kall_circlespolygons_c1p5b	1681	7432	201759	193841
LIFT	acopf_case9241pegase_qcqp	313068	201757	1141270	201757
COUNTS	acopf_case9241pegase_qcqp	313068	1292408	34647355	33736789
LADGATE	33	10000	0.175	1
LIFT	ex1223	33	18	54	18
COUNTS	ex1223	33	82	244	244
LADGATE	10	10000	0.125	1
COUNTS	ex6_1_4	10	48	197	153
LADGATE	403	10000	0.287	1
LIFT	powerflow0014r	403	234	1432	234
COUNTS	powerflow0014r	403	1630	10761	10361
LADGATE	2065	10000	0.272	1
LIFT	knp5-43	2065	1119	29756	1119
COUNTS	knp5-43	2065	31132	3517788	3517788
LADGATE	21688	10000	0.751	0
LIFT	gabriel09	21688	11348	105698	11348
COUNTS	gabriel09	21688	89702	29373994	26366112
LADGATE	32	10000	0.167	1
LIFT	tln2	32	18	60	18
COUNTS	tln2	32	88	233	233
LADGATE	22	10000	0.149	1
COUNTS	prob02	22	76	267	232
LADGATE	1422	10000	0.335	1
LIFT	blend146	1422	826	3252	826
COUNTS	blend146	1422	4460	78102	64296
LADGATE	4518	10000	0.462	1
LIFT	mpbp_46	4518	2728	10872	2728
COUNTS	mpbp_46	4518	14492	499547	447603
LADGATE	413	10000	0.353	1
LIFT	tls6	413	291	2630	291
COUNTS	tls6	413	2860	18483	17511
LADGATE	21925	10000	0.417	0
LIFT	emfl100_5_5	21925	9425	27300	9425
COUNTS	emfl100_5_5	21925	52300	221650	221650
LADGATE	341	10000	0.173	1
LIFT	qspp_0_11_0_1_10_1	341	220	43506	220
COUNTS	qspp_0_11_0_1_10_1	341	44264	3563707	3531915
LADGATE	403	10000	0.266	1
LIFT	p_ball_10b_5p_4d_m	403	169	1116	169
COUNTS	p_ball_10b_5p_4d_m	403	1484	13581	13288
LADGATE	90	10000	0.231	1
LIFT	st_rv9	90	70	800	70
COUNTS	st_rv9	90	840	6691	6321
LADGATE	3486	10000	0.505	1
LIFT	rsyn0840m02m	3486	1876	6568	1876
COUNTS	rsyn0840m02m	3486	9576	47529	44981
LADGATE	22	10000	0.156	1
COUNTS	nvs05	22	84	277	266
COUNTS	autocorr_bern25-19	28	612	5278	5278
LADGATE	356	10000	0.251	1
LIFT	sssd20-08persp	356	140	800	140
COUNTS	sssd20-08persp	356	1232	4960	4960
LADGATE	827	10000	0.618	1
LIFT	multiplants_stg5	827	310	3480	310
COUNTS	multiplants_stg5	827	3804	377794	155722
LADGATE	2032	10000	0.669	1
LIFT	chimera_rfr-02	2032	2012	15234	2012
COUNTS	chimera_rfr-02	2032	15140	3860441	2487302
LADGATE	726	10000	0.580	1
LIFT	multiplants_stg1a	726	304	2994	304
COUNTS	multiplants_stg1a	726	3510	142058	121443
LADGATE	170	10000	0.227	1
LIFT	pooling_adhya4pq	170	93	790	93
COUNTS	pooling_adhya4pq	170	932	24314	16556
LADGATE	17493	10000	0.763	0
LIFT	nuclear10a	17493	15309	159656	15309
COUNTS	nuclear10a	17493	163816	82406325	55754381
LADGATE	874	10000	0.541	1
LIFT	sonet24v5	874	595	6704	595
COUNTS	sonet24v5	874	7260	185654	110276
LIFT	transswitch2736spr	69651	44696	297260	44696
COUNTS	transswitch2736spr	69651	331010	7933133	7281507
LADGATE	8992	10000	0.514	1
LIFT	chp_shorttermplan2a	8992	4760	18484	4760
COUNTS	chp_shorttermplan2a	8992	26288	821014	575282
LADGATE	1001	10000	0.222	1
LIFT	catmix200	1001	998	5580	998
COUNTS	catmix200	1001	5592	18173	18164
COUNTS	nvs23	27	252	1921	1221
LADGATE	20	10000	0.142	1
COUNTS	oaer	20	40	107	107
LADGATE	168	10000	0.179	1
LIFT	hybriddynamic_fixed	168	80	250	80
COUNTS	hybriddynamic_fixed	168	388	1103	1103
LADGATE	16747	10000	0.589	0
LIFT	edgecross24-115	16747	8651	85448	8651
COUNTS	edgecross24-115	16747	77352	35096942	28685704
LADGATE	1178	10000	0.297	1
LIFT	space25	1178	243	1212	243
COUNTS	space25	1178	4334	23567	22528
LADGATE	23999	10000	0.590	0
LIFT	methanol400	23999	19199	142128	19199
COUNTS	methanol400	23999	151728	2586036	1864047
LADGATE	1218	10000	0.542	1
LIFT	pooling_foulds5tp	1218	659	7246	659
COUNTS	pooling_foulds5tp	1218	8364	251833	171941
LADGATE	5040	10000	0.671	1
LIFT	pooling_sppa9tp	5040	2642	116234	2642
COUNTS	pooling_sppa9tp	5040	121302	104609262	16877457
COUNTS	st_miqp2	10	18	37	37
COUNTS	autocorr_bern30-23	33	878	8940	8940
LADGATE	9858	10000	0.708	1
LIFT	mpbp_15	9858	5550	25800	5550
COUNTS	mpbp_15	9858	31692	1496502	1167920
COUNTS	cvxnonsep_psig30r	126	250	501	501
LADGATE	1590	10000	0.423	1
LIFT	rsyn0830hfsg	1590	876	2784	876
COUNTS	rsyn0830hfsg	1590	4100	16168	15383
LADGATE	1271	10000	0.523	1
LIFT	crudeoil_pooling_ct1	1271	722	3626	722
COUNTS	crudeoil_pooling_ct1	1271	4642	125127	93863
LADGATE	800	10000	0.611	1
LIFT	multiplants_stg1c	800	326	3346	326
COUNTS	multiplants_stg1c	800	3894	150039	143020
LADGATE	11	10000	0.123	1
COUNTS	st_pan1	11	32	123	94
LADGATE	814	10000	0.641	1
LIFT	multiplants_stg1b	814	337	3456	337
COUNTS	multiplants_stg1b	814	3992	308612	187593
LADGATE	11999	10000	0.592	0
LIFT	methanol200	11999	9599	71328	9599
COUNTS	methanol200	11999	76128	1290836	905945
LADGATE	26778	10000	0.569	0
LIFT	faclay35	26778	13686	106196	13686
COUNTS	faclay35	26778	132380	33630126	32021838
LADGATE	13175	10000	0.257	0
LIFT	emfl050_5_5	13175	5675	17300	5675
COUNTS	emfl050_5_5	13175	32300	155400	155400
LIFT	transswitch2383wpr	59853	37844	247952	37844
COUNTS	transswitch2383wpr	59853	277562	3946309	3861509
LADGATE	1120	10000	0.509	1
LIFT	chimera_lga-01	1120	721	5500	721
COUNTS	chimera_lga-01	1120	6400	668019	497101
LADGATE	4596	10000	0.675	1
LIFT	gasprod_sarawak16	4596	2632	12316	2632
COUNTS	gasprod_sarawak16	4596	15316	213850	196064
LADGATE	15904	10000	1.028	0
LIFT	crudeoil_lee4_09	15904	10632	92014	10632
COUNTS	crudeoil_lee4_09	15904	101792	208785578	130655525
LADGATE	44909	10000	0.950	0
LIFT	arki0013	44909	18463	161472	18463
COUNTS	arki0013	44909	160172	390472987	157005417
LADGATE	42	10000	0.149	1
LIFT	st_m1	42	11	110	11
COUNTS	st_m1	42	432	3097	3097
LADGATE	5310	10000	0.703	1
LIFT	mpbp_47	5310	3182	12798	3182
COUNTS	mpbp_47	5310	17098	730624	652248
LADGATE	821	10000	0.439	1
LIFT	rsyn0815m	821	434	1516	434
COUNTS	rsyn0815m	821	2242	8260	7745
LADGATE	7993	10000	1.015	1
LIFT	arki0016	7993	4968	26810	4968
COUNTS	arki0016	7993	37208	878890	835794
LADGATE	18	10000	0.143	1
COUNTS	st_glmp_ss2	18	48	121	121
LADGATE	2670	10000	0.696	1
LIFT	rsyn0810m02hfsg	2670	1484	4808	1484
COUNTS	rsyn0810m02hfsg	2670	6964	36862	34753
LADGATE	55	10000	0.147	1
LIFT	pointpack06	55	34	234	34
COUNTS	pointpack06	55	276	1497	1497
LADGATE	6328	10000	0.353	1
LIFT	syn40m04hfsg	6328	3492	11224	3492
COUNTS	syn40m04hfsg	6328	16896	76232	73685
LADGATE	258	10000	0.218	1
LIFT	clay0304m	258	122	576	122
COUNTS	clay0304m	258	840	2742	2742
LADGATE	1218	10000	0.429	1
LIFT	pooling_foulds5pq	1218	655	7342	655
COUNTS	pooling_foulds5pq	1218	8300	159641	159641
LADGATE	1000	10000	0.420	1
LIFT	clay0305hfsg	1000	485	2050	485
COUNTS	clay0305hfsg	1000	2910	12260	11240
LADGATE	64	10000	0.197	1
LIFT	st_test8	64	44	192	44
COUNTS	st_test8	64	232	2343	1964
LIFT	gams05	17364	8487	278504	8487
COUNTS	gams05	17364	252910	6179750712	3259322396
LADGATE	31	10000	0.174	1
COUNTS	sporttournament08	31	156	862	862
LADGATE	1121	10000	0.356	1
LIFT	powerflow0030p	1121	642	3468	642
COUNTS	powerflow0030p	1121	4194	24944	23642
LADGATE	22407	10000	0.860	0
LIFT	popdynm200	22407	18799	98384	18799
COUNTS	popdynm200	22407	105584	2567878	2436690
LADGATE	11120	10000	0.751	0
LIFT	mpbp_35	11120	6920	32350	6920
COUNTS	mpbp_35	11120	40790	3037207	975441
LADGATE	1492	10000	0.420	1
LIFT	syn30m02m	1492	762	2608	762
COUNTS	syn30m02m	1492	3936	13752	13455
LADGATE	481	10000	0.368	1
LIFT	wastewater13m1	481	353	3026	353
COUNTS	wastewater13m1	481	3252	60135	60068
LADGATE	1022	10000	0.297	1
LIFT	syn40hfsg	1022	573	1726	573
COUNTS	syn40hfsg	1022	2624	8432	8155
LADGATE	69	10000	0.179	1
LIFT	sep1	69	36	150	36
COUNTS	sep1	69	206	1097	1047
LADGATE	2508	10000	0.518	1
LIFT	syn30m03m	2508	1278	4542	1278
COUNTS	syn30m03m	2508	6804	26806	26552
COUNTS	st_qpc-m3a	30	304	2330	1574
LADGATE	2644	10000	1.135	1
LIFT	crudeoil_pooling_ct3	2644	1586	9346	1586
COUNTS	crudeoil_pooling_ct3	2644	11426	1381490	866197
LADGATE	634	10000	0.434	1
LIFT	space25a	634	417	2530	417
COUNTS	space25a	634	3246	29078	27875
COUNTS	autocorr_bern20-15	23	394	2784	2784
LADGATE	35	10000	0.174	1
LIFT	ex7_2_1	35	21	106	21
COUNTS	ex7_2_1	35	134	352	341
LADGATE	2092	10000	0.723	1
LIFT	hydroenergy2	2092	1090	4556	1090
COUNTS	hydroenergy2	2092	6236	69051	56014
LADGATE	514	10000	0.412	1
LIFT	pooling_digabel19	514	296	5918	296
COUNTS	pooling_digabel19	514	5340	325989	274903
LADGATE	132	10000	0.221	1
LIFT	clay0203m	132	63	282	63
COUNTS	clay0203m	132	420	1348	1348
LADGATE	13680	10000	0.380	0
LIFT	squfl030-150	13680	4680	18000	4680
COUNTS	squfl030-150	13680	36000	252605	252605

--- every order() call, slowest first (TSV) ---
secs	matrix	n	nnz	ratio
1.2205	crudeoil_pooling_ct3	2644	11426	0.6270
1.2163	chimera_selby-c16-02	2031	10878	0.5370
1.1953	chimera_selby-c16-01	2031	10964	0.6710
1.1352	arki0016	7993	37208	0.9510
1.1059	acopf_case9241pegase_qcqp	313068	1292408	0.9737
1.0614	crudeoil_lee4_10	17809	120632	0.6253
1.0572	gabriel10	244056	1148210	0.9285
1.0283	crudeoil_lee4_09	15904	101792	0.6258
1.0253	crudeoil_lee4_06	10429	55492	0.4984
0.9930	gams05	17364	252910	0.5274
0.9630	nuclear104	39098	257806	0.7593
0.9627	rsyn0805m03m	2868	8270	0.8995
0.9565	crudeoil_lee2_06	6418	34646	0.6993
0.9517	arki0013	44909	160172	0.4021
0.9147	chp_partload	5211	16740	0.7328
0.9059	sfacloc2_3_80	4799	20600	0.9580
0.9049	mpbp_07	9532	30810	0.9127
0.9037	ringpack_30_2	17999	121458	0.2318
0.8934	transswitch0300p	11659	48446	0.9246
0.8759	squfl015-060	2775	7200	1.0000
0.8711	crudeoil_lee1_07	3670	19322	0.7388
0.8638	powerflow0300p	11251	41918	0.9591
0.8609	popdynm200	22407	105584	0.9489
0.8555	mpbp_48	28368	91016	0.4772
0.8514	mpbp_35	11120	40790	0.3212
0.8504	sfacloc2_4_80	5067	21424	0.9552
0.8377	mpbp_15	9858	31692	0.7804
0.8366	rsyn0840m04m	8508	24272	0.8052
0.8332	powerflow0118p	5065	18730	0.9656
0.8274	faclay75	272878	1379706	0.9405
0.8271	crudeoil_pooling_dt3	30660	152210	0.6919
0.8041	pooling_sppc3pq	23173	893724	0.2822
0.7881	mpbp_47	5310	17098	0.8927
0.7878	gasprod_sarawak16	4596	15316	0.9168
0.7727	batchs201210m	5188	17910	0.8685
0.7696	hydroenergy2	2092	6236	0.8112
0.7641	nuclear10a	17493	163816	0.6766
0.7576	chimera_rfr-02	2032	15140	0.6443
0.7517	rsyn0810m02hfsg	2670	6964	0.9428
0.7517	gabriel09	21688	89702	0.8976
0.7471	waste	4825	21504	0.8654
0.7455	rsyn0815m04m	5456	15756	0.7782
0.7345	mpbp_21	11716	37660	0.8615
0.7287	chp_shorttermplan1a	4952	15700	0.7964
0.7278	popdynm25	2807	13904	0.7965
0.7233	gasprod_sarawak81	22536	75636	0.9135
0.7119	multiplants_stg1b	814	3992	0.6079
0.7102	squfl010-080	2490	6400	1.0000
0.7079	chp_shorttermplan2d	16364	52108	0.5147
0.7057	chimera_k64ising-02	1225	3846	0.6051
0.7027	pinene200	19995	97990	0.8350
0.6951	syn40m04m	4960	13792	0.9588
0.6906	mpbp_34	11556	40860	0.2881
0.6857	rsyn0810m04m	4772	13836	0.7675
0.6852	pooling_sppa9tp	5040	121302	0.1613
0.6848	p_ball_30b_7p_2d_h	2207	7516	0.9968
0.6844	methanol200	11999	76128	0.7018
0.6843	crudeoil_li05	4225	14628	0.7846
0.6842	crudeoil_pooling_dt2	18742	75910	0.6638
0.6781	chimera_mgw-c16-2031-01	2032	15900	0.7721
0.6752	multiplants_stg5	827	3804	0.4122
0.6751	rsyn0820m04m	6028	17372	0.7770
0.6733	multiplants_stg1c	800	3894	0.9532
0.6696	rsyn0820m02m	2486	6932	0.9330
0.6688	squfl025-030	2305	6000	1.0000
0.6648	procurement1large	14416	41068	0.5323
0.6632	multiplants_stg1	736	3594	0.7853
0.6620	multiplants_mtg1b	645	4404	0.6627
0.6610	pooling_sppb5pq	18529	674470	0.4077
0.6590	batchs121208m	3404	11462	0.9332
0.6580	multiplants_stg1a	726	3510	0.8549
0.6554	rsyn0830m04m	7252	20752	0.8092
0.6550	kall_circlespolygons_c1p5b	1681	7432	0.9608
0.6497	nuclear25a	1942	16030	0.5747
0.6488	netmod_kar1	1746	4928	0.7717
0.6484	sporttournament48	1131	6676	0.6461
0.6441	transswitch2383wpr	59853	277562	0.9785
0.6388	squfl010-040persp	2450	7200	1.0000
0.6340	squfl020-150	9170	24000	1.0000
0.6239	ndcc12	974	5982	0.9533
0.6203	sonet24v5	874	7260	0.5940
0.6165	chp_shorttermplan2a	8992	26288	0.7007
0.6109	ndcc13	969	5882	0.6183
0.6108	pooling_foulds5tp	1218	8364	0.6828
0.6060	crudeoil_pooling_ct1	1271	4642	0.7501
0.5981	slay09h	2718	7488	0.8982
0.5945	chimera_lga-01	1120	6400	0.7441
0.5908	methanol400	23999	151728	0.7208
0.5899	sonet23v4	803	6462	0.6753
0.5896	edgecross24-115	16747	77352	0.8173
0.5861	rsyn0815m02hfsg	3054	7968	0.9278
0.5782	transswitch2736spr	69651	331010	0.9179
0.5738	oil	3270	8430	0.9572
0.5704	faclay35	26778	132380	0.9522
0.5689	nd_netgen-3000-1-1-b-b-ns_7	33155	90000	0.9599
0.5676	torsion50	2508	29808	0.6618
0.5666	rsyn0840m02m	3486	9576	0.9464
0.5660	kan_r3_h1_n4	3183	14062	0.9406
0.5650	pooling_foulds4pq	1294	8302	0.9989
0.5618	qapw	705	87496	1.0000
0.5614	mpbp_46	4518	14492	0.8960
0.5609	syn30m03m	2508	6804	0.9905
0.5601	risk2bpb	1462	5396	0.5574
0.5532	ringpack_20_3	6709	45220	0.3584
0.5376	ringpack_20_2	6089	40368	0.3779
0.5361	unitcommit_200_100_1_mod_8	146830	476332	0.9764
0.5360	chimera_mgw-c8-439-onc8-001	440	3040	0.7522
0.5259	chimera_mgw-c8-439-onc8-002	440	3038	0.8835
0.5226	rocket50	555	3488	0.9641
0.5134	space25a	634	3246	0.9586
0.5128	ndcc12persp	1112	5522	0.9521
0.5083	pooling_sppa0pq	1649	24192	0.3241
0.5049	pooling_foulds5pq	1218	8300	1.0000
0.5032	sonet21v6	8232	40744	0.9650
0.5015	kall_circlesrectangles_c6r39	1306	5378	0.9850
0.5010	arki0002	4432	11248	0.9764
0.4976	supplychainr1_022020	4620	15680	0.9999
0.4862	gancns	548	2800	0.8502
0.4841	rsyn0815m	821	2242	0.9377
0.4799	rsyn0830hfsg	1590	4100	0.9514
0.4769	syn30m02m	1492	3936	0.9784
0.4753	maxcsp-langford-3-11	660	29646	0.3098
0.4716	forest	713	2658	0.9933
0.4644	clay0305hfsg	1000	2910	0.9168
0.4642	pooling_digabel19	514	5340	0.8433
0.4621	pooling_sppc1pq	14100	477680	0.1683
0.4564	waternd2	615	2580	0.4806
0.4480	edgecross10-030	1053	4654	0.7367
0.4456	cont6-qq	120395	557994	0.6962
0.4428	faclay30	16678	82242	0.9552
0.4406	pooling_sppa9pq	5030	120730	0.6312
0.4405	glider400	10017	49624	0.8779
0.4372	syn40m04hfsg	6328	16896	0.9666
0.4350	powerflow0030p	1121	4194	0.9478
0.4305	wastewater13m1	481	3252	0.9989
0.4299	syn15m04m	1908	5288	0.9604
0.4290	p_ball_30b_5p_2d_h	1543	5224	0.9961
0.4218	supplychainr1_053050	16640	57800	1.0000
0.4216	tls6	413	2860	0.9474
0.4196	sfacloc2_4_90	1491	4500	0.9104
0.4174	emfl100_5_5	21925	52300	1.0000
0.4121	edgecross14-156	3097	19664	0.9254
0.4074	blend146	1422	4460	0.8232
0.4064	kissing2	20772	401024	1.0000
0.4046	sonetgr17	440	2958	0.8190
0.4036	nd_netgen-2000-3-4-b-a-ns_7	22074	60000	0.9446
0.3994	blend718	1386	4310	0.8737
0.3983	blend721	1428	4548	0.8528
0.3955	edgecross10-040	1053	5116	0.8867
0.3803	squfl015-080persp	7295	21600	1.0000
0.3799	squfl030-150	13680	36000	1.0000
0.3787	p_ball_10b_7p_3d_h	1236	4186	0.9739
0.3759	sporttournament18	156	886	0.7746
0.3743	rsyn0840m	1159	3168	0.9404
0.3713	waterund14	333	2204	0.3600
0.3693	catmix400	2001	11192	0.9998
0.3693	slay05h	760	2080	0.8961
0.3678	edgecross10-080	1053	5940	0.9638
0.3617	space25	1178	4334	0.9559
0.3608	korcns	156	712	0.9113
0.3574	o9_ar4_1	1049	4336	0.9177
0.3547	edgecross10-090	1053	5204	0.8181
0.3539	fo9_ar25_1	1049	4336	0.9177
0.3538	ex1265a	123	560	0.9498
0.3537	powerflow0014r	403	1630	0.9628
0.3533	wastepaper4	115	724	0.7397
0.3507	slay08m	660	2016	1.0000
0.3498	primary	378	5610	0.8688
0.3483	ex8_3_9	123	834	0.7643
0.3422	syn40hfsg	1022	2624	0.9671
0.3398	syn40m	560	1528	0.9644
0.3395	graphpart_clique-30	120	2790	0.7961
0.3387	waterund01	96	404	0.7297
0.3386	chain200	601	2396	1.0000
0.3367	clay0204hfsg	590	1696	0.9116
0.3352	emfl100_3_3	6885	15948	1.0000
0.3317	knp5-44	2157	32604	1.0000
0.3308	wastepaper6	191	1416	1.0000
0.3270	syn10m04m	1224	3384	0.9979
0.3259	waterund11	160	828	0.7224
0.3244	p_ball_10b_5p_2d_m	293	964	0.9848
0.3242	syn10m03hfsg	1071	2772	0.9921
0.3237	demo7	155	618	0.9573
0.3232	p_ball_10b_5p_4d_m	403	1484	0.9784
0.3223	wastewater05m1	98	536	0.6874
0.3196	sssd20-08persp	356	1232	1.0000
0.3177	knp5-43	2065	31132	1.0000
0.3167	slay07m	497	1512	1.0000
0.3128	graphpart_clique-20	80	1260	0.7985
0.3126	sssd18-08persp	338	1168	1.0000
0.3058	graphpart_3g-0244-0244	128	672	0.9727
0.3057	squfl025-025persp	3800	11250	1.0000
0.3056	catmix200	1001	5592	0.9995
0.3043	hydroenergy1	1046	3024	1.0000
0.3041	st_e31	301	744	0.9389
0.3015	st_rv9	90	840	0.9447
0.3014	lop97icx	1073	2118	0.8078
0.3013	pooling_rt2tp	118	654	0.9864
0.3001	pooling_adhya4pq	170	932	0.6809
0.2992	genpooling_lee2	221	1048	0.7051
0.2955	chain400	1201	4796	1.0000
0.2919	clay0203m	132	420	1.0000
0.2917	qspp_0_14_0_1_10_1	560	120274	0.9950
0.2874	clay0204m	222	704	1.0000
0.2861	slay06m	357	1080	1.0000
0.2855	clay0304m	258	840	1.0000
0.2844	slay05m	240	720	1.0000
0.2822	prolog	64	292	0.9839
0.2808	st_test8	64	232	0.8382
0.2807	graphpart_clique-70	280	14910	0.8103
0.2806	orth_d4m6_pl	172	1096	0.9785
0.2805	waterund08	230	1290	0.8534
0.2805	syn15hfsg	399	1022	0.9915
0.2778	sssd25-08	401	1200	1.0000
0.2767	maxcsp-ehi-85-297-71	2372	207996	0.8040
0.2747	st_m2	72	1226	1.0000
0.2713	meanvar-orl400_05_e_7	5205	174804	0.9998
0.2692	graphpart_3g-0333-0333	108	648	0.8064
0.2692	ex1263a	94	390	1.0000
0.2678	tspn08	72	668	0.6863
0.2672	pooling_adhya4tp	170	936	0.7667
0.2642	csched1	110	376	1.0000
0.2641	elf	124	376	0.7951
0.2638	wastewater02m1	36	138	0.9316
0.2603	meanvar-orl400_05_e_8	4405	171604	1.0000
0.2582	st_rv2	40	340	1.0000
0.2576	emfl050_5_5	13175	32300	1.0000
0.2547	ex8_4_1	32	100	1.0000
0.2521	sporttournament08	31	156	1.0000
0.2516	ex7_2_1	35	134	0.9688
0.2505	pooling_haverly1tp	31	96	0.9527
0.2403	maxmin	181	1440	1.0000
0.2399	slay04m	146	432	1.0000
0.2396	st_bpaf1a	30	120	0.9310
0.2386	pooling_haverly1pq	31	96	0.9782
0.2340	st_ph1	16	58	0.8504
0.2336	st_e07	19	60	1.0000
0.2305	st_jcbpaf2	36	246	0.9437
0.2294	qspp_0_13_0_1_10_1	481	88522	0.9948
0.2277	nvs05	22	84	0.9603
0.2213	pointpack04	29	120	1.0000
0.2209	ex5_2_4	18	62	0.9461
0.2177	prob02	22	76	0.8689
0.2145	st_m1	42	432	1.0000
0.2132	qspp_0_10_0_1_10_1	280	29636	0.9946
0.2106	kall_diffcircles_6	76	302	1.0000
0.2101	sssd15-04	163	440	1.0000
0.2089	pointpack06	55	276	1.0000
0.2078	qspp_0_11_0_1_10_1	341	44264	0.9911
0.2059	hybriddynamic_fixed	168	388	1.0000
0.2010	ex1225	26	66	0.9415
0.1990	sep1	69	206	0.9544
0.1966	ex1223	33	82	1.0000
0.1885	ex8_1_7	14	46	0.9343
0.1872	ex6_1_4	10	48	0.7766
0.1870	tln2	32	88	1.0000
0.1853	ex1223b	25	66	1.0000
0.1833	st_qpk3	55	548	0.6881
0.1828	ex2_1_3	31	72	1.0000
0.1825	qap	255	43748	0.9599
0.1816	watercontamination0303r	1310	37028	1.0000
0.1802	ex9_2_6	28	68	1.0000
0.1798	st_bsj2	13	40	0.7972
0.1794	himmel11	14	60	1.0000
0.1783	ex9_1_2	19	54	0.9521
0.1761	nvs02	11	46	1.0000
0.1606	st_glmp_ss1	24	66	1.0000
0.1605	ex3_1_3	18	36	0.9222
0.1603	st_glmp_ss2	18	48	1.0000
0.1582	oaer	20	40	1.0000
0.1559	st_bpk1	16	44	0.9391
0.1524	st_ph13	23	68	0.8599
0.1383	st_pan1	11	32	0.7642
0.1371	ex9_2_4	15	36	1.0000
0.1313	ex14_1_8	11	30	1.0000
0.1250	st_ht	8	18	0.8627
0.1193	st_e22	12	30	0.9091
0.0002	polygon75	5846	49652	1.0000
0.0001	pedigree_sim400	351	23546	0.9997
0.0000	camshape400	2000	7188	1.0000
0.0000	autocorr_bern40-30	43	1534	1.0000
0.0000	autocorr_bern35-35fix	38	1264	1.0000
0.0000	smallinvDAXr1b010-011	39	1120	0.9859
0.0000	autocorr_bern30-23	33	878	1.0000
0.0000	autocorr_bern25-19	28	612	1.0000
0.0000	cvxnonsep_psig30	30	870	1.0000
0.0000	autocorr_bern20-15	23	394	1.0000
0.0000	st_qpc-m3a	30	304	0.6755
0.0000	cvxnonsep_psig20	20	380	1.0000
0.0000	nvs23	27	252	0.6356
0.0000	nvs19	24	200	0.6534
0.0000	st_iqpbk1	22	98	1.0000
0.0000	cvxnonsep_normcon40r	162	322	1.0000
0.0000	st_e25	20	92	0.7798
0.0000	st_e41	8	32	1.0000
0.0000	st_e24	10	26	0.8906
0.0000	cvxnonsep_normcon20r	82	162	1.0000
0.0000	cvxnonsep_psig30r	126	250	1.0000
0.0000	st_miqp2	10	18	1.0000
0.0000	cvxnonsep_psig20r	86	170	1.0000
matrices under 0.010s: 23/300
matrices under 0.050s: 23/300
matrices under 0.100s: 23/300
matrices under 0.200s: 49/300
matrices under 0.400s: 154/300

--- per-bucket ---
lt_1k    count=147   geomean=0.8874
1k_10k   count=108   geomean=0.8378
gt_10k   count=45    geomean=0.6852
SCORE = 0.791635
WORST order() = 1.221 s
FORCEAUDIT	stage1b_sites=39	force_fires=10	unsound=0	core_total_mismatch=0	max_drift_ppm=0	worst_incumbent=0	worst_adopted=0	tie_window_opened=16	tie_pass_run=2
ok

test result: ok. 1 passed; 0 failed; 0 ignored; 0 measured; 177 filtered out; finished in 134.67s

############ ARM P done
############ ARM X : env SSI_INDEP_FORCE=1 SSI_SPAN_WINDOWS_EXTRA=1
warning: unused doc comment
    --> candidate-worker/src/../../src/ordering/mod.rs:1240:1
     |
1240 | / /// TEST-ONLY sweep switch for the mid-size `rgreedy` stream opened by the 0154
1241 | | /// engine census. Returns `(ops_budget, gate_variant, stream_count)`; a zero
1242 | | /// budget disables the stream, which is what production compiles to — the
1243 | | /// switch can never change a submitted ordering. Configured through
1244 | | /// `SSI_MID_ENGINE="<variant>:<budget>[:<streams>]"` so one build can sweep
1245 | | /// several gate/budget points.
     | |_------------------------------^
     |   |
     |   rustdoc does not generate documentation for macro invocations
     |
     = help: to document an item produced by a macro, the macro must produce the documentation as part of its expansion
     = note: `#[warn(unused_doc_comments)]` (part of `#[warn(unused)]`) on by default

warning: unused doc comment
    --> candidate-worker/src/../../src/ordering/mod.rs:1508:1
     |
1508 | / /// TEST-ONLY kill switch for the heavy-tier arm (metrics + no-dense AMD +
1509 | | /// extra AMF α), so a probe can A/B the arm in one process.
     | |_-----------------------------------------------------------^
     |   |
     |   rustdoc does not generate documentation for macro invocations
     |
     = help: to document an item produced by a macro, the macro must produce the documentation as part of its expansion

warning: unused doc comment
   --> candidate-worker/src/../../src/ordering/parallel.rs:335:1
    |
335 | / /// TEST-ONLY switch forcing every batch onto the sequential path, so a probe
336 | | /// can run the SAME `order()` both ways in one process and compare the
337 | | /// returned permutations element by element. Production builds compile
338 | | /// [`force_sequential`] down to a constant `false`.
    | |_---------------------------------------------------^
    |   |
    |   rustdoc does not generate documentation for macro invocations
    |
    = help: to document an item produced by a macro, the macro must produce the documentation as part of its expansion

warning: unused doc comment
   --> candidate-worker/src/../../src/ordering/parallel.rs:369:1
    |
369 | / /// TEST-ONLY per-phase wall-clock marks: `phase_mark(label, t0)` appends
370 | | /// `(label, secs since t0)`; `phase_take()` drains them. Lets a probe see which
371 | | /// stage of `order()` sets a row's critical path. Never compiled into the
372 | | /// shipped binary.
    | |_------------------^
    |   |
    |   rustdoc does not generate documentation for macro invocations
    |
    = help: to document an item produced by a macro, the macro must produce the documentation as part of its expansion

warning: unused doc comment
    --> candidate-worker/src/../../src/ordering/mod.rs:5171:5
     |
5171 | /     /// ── 0192: the window is the frontier's own chain scope ─────────────────
5172 | |     /// The chain no longer reaches above n = 10 000 (see `PEO_ALT_MAX_N`), so
5173 | |     /// the draw takes over the whole band the chain used to own. Measured on the
5174 | |     /// 300 dev rows: with the window at 50 000 instead of 12 000 the draw adds
...    |
5180 | |     /// spender there), and its worst row is 1.127 s against the frontier's
5181 | |     /// 1.160 s base, so the wide band stays below the frontier's own footprint.
     | |________________________________________________________________________________^
5182 |       #[cfg(test)]
5183 | /     let window_n: usize = std::env::var("SSI_TERM_WIN_N")
5184 | |         .ok()
5185 | |         .and_then(|v| v.trim().parse::<usize>().ok())
5186 | |         .unwrap_or(50_000);
     | |___________________________- rustdoc does not generate documentation for statements
     |
     = help: use `//` for a plain comment

warning: unused doc comment
    --> candidate-worker/src/../../src/ordering/mod.rs:5323:9
     |
5323 | /         /// `nnz < 3n` = the sparse band of the 0184 price law (66 of the 300 dev
5324 | |         /// rows, all of them in-window). Structural, never per-matrix.
     | |_______________________________________________________________________^
5325 | /         let shipped_ladder = || {
5326 | |             if nnz < 3 * n {
5327 | |                 SHIPPED_SPARSE_LADDER.to_vec()
5328 | |             } else {
...    |
5331 | |         };
     | |__________- rustdoc does not generate documentation for statements
     |
     = help: use `//` for a plain comment

warning: variable does not need to be mutable
    --> candidate-worker/src/../../src/ordering/probe.rs:4151:9
     |
4151 |     let mut next = |s: &mut u64| -> u64 {
     |         ----^^^^
     |         |
     |         help: remove this `mut`
     |
     = note: `#[warn(unused_mut)]` (part of `#[warn(unused)]`) on by default

warning: value assigned to `d` is never read
   --> candidate-worker/src/../../src/ordering/rgreedy.rs:397:29
    |
397 |                 let mut d = 0u32;
    |                             ^^^^
    |
    = help: maybe it is overwritten before being read?
    = note: `#[warn(unused_assignments)]` (part of `#[warn(unused)]`) on by default

warning: constant `SUBTREE_MAX_N` is never used
   --> candidate-worker/src/../../src/ordering/mod.rs:872:7
    |
872 | const SUBTREE_MAX_N: usize = 250_000;
    |       ^^^^^^^^^^^^^
    |
    = note: `#[warn(dead_code)]` (part of `#[warn(unused)]`) on by default

warning: function `refine` is never used
  --> candidate-worker/src/../../src/ordering/completion.rs:12:15
   |
12 | pub(super) fn refine(
   |               ^^^^^^

warning: type alias `PermFn` is never used
  --> candidate-worker/src/../../src/ordering/parallel.rs:80:17
   |
80 | pub(crate) type PermFn<'a> = Box<dyn Fn() -> Option<Vec<usize>> + Sync + 'a>;
   |                 ^^^^^^

warning: function `run_perms` is never used
   --> candidate-worker/src/../../src/ordering/parallel.rs:189:15
    |
189 | pub(crate) fn run_perms(
    |               ^^^^^^^^^

warning: function `accept` is never used
   --> candidate-worker/src/../../src/ordering/parallel.rs:314:15
    |
314 | pub(crate) fn accept(results: &mut [CandOut], best_flops: &mut u64, best_perm: &mut Vec<usize>) -> bool {
    |               ^^^^^^

warning: function `minl_is_clique` is never used
   --> candidate-worker/src/../../src/ordering/minl.rs:136:4
    |
136 | fn minl_is_clique(adj: &[Vec<u32>], c: &[u32], ops: &mut i64) -> bool {
    |    ^^^^^^^^^^^^^^

warning: function `minl_try_delete_edge` is never used
   --> candidate-worker/src/../../src/ordering/minl.rs:232:4
    |
232 | fn minl_try_delete_edge(
    |    ^^^^^^^^^^^^^^^^^^^^

warning: function `run_sequential_180` is never used
   --> candidate-worker/src/../../src/ordering/indep_first.rs:632:4
    |
632 | fn run_sequential_180(sp: &ScoringPattern, ledger: u64) -> Option<(u64, Vec<usize>)> {
    |    ^^^^^^^^^^^^^^^^^^

warning: function `reset` is never used
   --> candidate-worker/src/../../src/ordering/mod.rs:557:19
    |
557 |     pub(crate) fn reset() {
    |                   ^^^^^

warning: `ssi-candidate-worker` (bin "ssi-candidate-worker" test) generated 17 warnings (run `cargo fix --bin "ssi-candidate-worker" -p ssi-candidate-worker --tests` to apply 1 suggestion)
    Finished `release` profile [optimized] target(s) in 0.01s
     Running unittests src/main.rs (target/release/deps/ssi_candidate_worker-9bc17c144118ca64)

running 1 test
test ordering::probe::probe_timing_and_score ... LADGATE	357	10000	0.229	1
LIFT	slay06m	357	147	660	147
COUNTS	slay06m	357	1080	4025	4025
LADGATE	401	10000	0.266	1
LIFT	sssd25-08	401	89	640	89
COUNTS	sssd25-08	401	1200	5389	5389
LADGATE	4772	10000	0.649	1
LIFT	rsyn0810m04m	4772	2520	9996	2520
COUNTS	rsyn0810m04m	4772	13836	147553	113250
LIFT	pooling_sppc3pq	23173	12327	872032	12327
COUNTS	pooling_sppc3pq	23173	893724	1153877333	325595394
LADGATE	1131	10000	0.557	1
LIFT	sporttournament48	1131	721	7408	721
COUNTS	sporttournament48	1131	6676	919582	592120
LADGATE	5030	10000	0.431	1
LIFT	pooling_sppa9pq	5030	2509	126346	2509
COUNTS	pooling_sppa9pq	5030	120730	23971280	15130622
LADGATE	1053	10000	0.306	1
LIFT	edgecross10-090	1053	571	4240	571
COUNTS	edgecross10-090	1053	5204	126115	103179
LIFT	maxcsp-ehi-85-297-71	2372	2075	216272	2075
COUNTS	maxcsp-ehi-85-297-71	2372	207996	1381768944	1110971341
LADGATE	30	10000	0.168	1
COUNTS	st_bpaf1a	30	120	623	580
LADGATE	1462	10000	0.488	1
LIFT	risk2bpb	1462	628	4030	628
COUNTS	risk2bpb	1462	5396	118471	66041
LADGATE	255	10000	0.134	1
LIFT	qap	255	225	49148	225
COUNTS	qap	255	43748	3802533	3650113
LADGATE	7252	10000	0.570	1
LIFT	rsyn0830m04m	7252	3744	14872	3744
COUNTS	rsyn0830m04m	7252	20752	212130	171656
LADGATE	1073	10000	0.267	1
LIFT	lop97icx	1073	155	1760	155
COUNTS	lop97icx	1073	2118	79286	64044
LADGATE	1201	10000	0.223	1
LIFT	chain400	1201	800	3196	800
COUNTS	chain400	1201	4796	16382	16382
LADGATE	9532	10000	0.745	1
LIFT	mpbp_07	9532	5704	23110	5704
COUNTS	mpbp_07	9532	30810	1368477	1248947
LADGATE	440	10000	0.339	1
LIFT	sonetgr17	440	317	2712	317
COUNTS	sonetgr17	440	2958	37814	30971
LADGATE	2207	10000	0.599	1
LIFT	p_ball_30b_7p_2d_h	2207	1415	5932	1415
COUNTS	p_ball_30b_7p_2d_h	2207	7516	42456	42319
LADGATE	19995	10000	0.708	0
LIFT	pinene200	19995	15795	89590	15795
COUNTS	pinene200	19995	97990	1358716	1134463
LIFT	unitcommit_200_100_1_mod_8	146830	73272	329560	73272
COUNTS	unitcommit_200_100_1_mod_8	146830	476332	3053940	2981835
LADGATE	123	10000	0.274	1
LIFT	ex8_3_9	123	101	766	101
COUNTS	ex8_3_9	123	834	15050	11503
LADGATE	2486	10000	0.609	1
LIFT	rsyn0820m02m	2486	1364	4808	1364
COUNTS	rsyn0820m02m	2486	6932	38190	35631
LADGATE	293	10000	0.252	1
LIFT	p_ball_10b_5p_2d_m	293	119	716	119
COUNTS	p_ball_10b_5p_2d_m	293	964	6648	6547
LADGATE	170	10000	0.204	1
LIFT	pooling_adhya4tp	170	93	806	93
COUNTS	pooling_adhya4tp	170	936	26842	20581
LADGATE	7295	10000	0.304	1
LIFT	squfl015-080persp	7295	2495	12000	2495
COUNTS	squfl015-080persp	7295	21600	74520	74520
LADGATE	1053	10000	0.316	1
LIFT	edgecross10-080	1053	571	4976	571
COUNTS	edgecross10-080	1053	5940	170814	164639
LADGATE	590	10000	0.310	1
LIFT	clay0204hfsg	590	278	1184	278
COUNTS	clay0204hfsg	590	1696	7198	6562
LADGATE	13	10000	0.120	1
COUNTS	st_bsj2	13	40	143	114
LADGATE	440	10000	0.438	1
LIFT	chimera_mgw-c8-439-onc8-002	440	418	3060	418
COUNTS	chimera_mgw-c8-439-onc8-002	440	3038	97870	86464
LADGATE	5188	10000	0.666	1
LIFT	batchs201210m	5188	2645	13208	2645
COUNTS	batchs201210m	5188	17910	349298	303381
LADGATE	5456	10000	0.672	1
LIFT	rsyn0815m04m	5456	2966	10968	2966
COUNTS	rsyn0815m04m	5456	15756	184352	143458
LADGATE	560	10000	0.304	1
LIFT	syn40m	560	291	1080	291
COUNTS	syn40m	560	1528	5007	4829
LADGATE	2157	10000	0.269	1
LIFT	knp5-44	2157	1167	31152	1167
COUNTS	knp5-44	2157	32604	3764003	3764003
LADGATE	94	10000	0.188	1
LIFT	ex1263a	94	59	320	59
COUNTS	ex1263a	94	390	2098	2098
COUNTS	st_e41	8	32	88	88
LADGATE	2305	10000	0.634	1
LIFT	squfl025-030	2305	805	3000	805
COUNTS	squfl025-030	2305	6000	42305	42305
LADGATE	98	10000	0.237	1
LIFT	wastewater05m1	98	62	740	62
COUNTS	wastewater05m1	98	536	11690	8002
COUNTS	cvxnonsep_psig20	20	380	2870	2870
LADGATE	4405	10000	0.178	1
LIFT	meanvar-orl400_05_e_8	4405	2403	168400	2403
COUNTS	meanvar-orl400_05_e_8	4405	171604	21923414	21922611
LADGATE	301	10000	0.268	1
LIFT	st_e31	301	163	492	163
COUNTS	st_e31	301	744	4534	4257
LIFT	pooling_sppc1pq	14100	7273	535700	7273
COUNTS	pooling_sppc1pq	14100	477680	812210652	136686008
LADGATE	31	10000	0.165	1
COUNTS	pooling_haverly1pq	31	96	412	403
LADGATE	128	10000	0.226	1
LIFT	graphpart_3g-0244-0244	128	96	672	96
COUNTS	graphpart_3g-0244-0244	128	672	33446	32534
LADGATE	80	10000	0.233	1
LIFT	graphpart_clique-20	80	77	1254	77
COUNTS	graphpart_clique-20	80	1260	34885	27856
LADGATE	28368	10000	0.851	0
LIFT	mpbp_48	28368	16000	66180	16000
COUNTS	mpbp_48	28368	91016	33835023	16144599
LIFT	pooling_sppb5pq	18529	9496	693670	9496
COUNTS	pooling_sppb5pq	18529	674470	523815053	213571545
LADGATE	497	10000	0.252	1
LIFT	slay07m	497	203	924	203
COUNTS	slay07m	497	1512	5740	5740
COUNTS	nvs19	24	200	1353	884
LADGATE	3270	10000	0.525	1
LIFT	oil	3270	1687	5444	1687
COUNTS	oil	3270	8430	36313	34760
LADGATE	2775	10000	0.856	1
LIFT	squfl015-060	2775	975	3600	975
COUNTS	squfl015-060	2775	7200	36400	36400
LADGATE	1112	10000	0.451	1
LIFT	ndcc12persp	1112	961	5220	961
COUNTS	ndcc12persp	1112	5522	299115	284793
LIFT	kissing2	20772	10772	381024	10772
COUNTS	kissing2	20772	401024	156414018	156414018
LADGATE	1942	10000	0.579	1
LIFT	nuclear25a	1942	755	18260	755
COUNTS	nuclear25a	1942	16030	1977163	1136191
LADGATE	222	10000	0.219	1
LIFT	clay0204m	222	102	464	102
COUNTS	clay0204m	222	704	2330	2330
LADGATE	23	10000	0.135	1
COUNTS	st_ph13	23	68	207	178
LADGATE	1053	10000	0.395	1
LIFT	edgecross10-030	1053	573	5134	573
COUNTS	edgecross10-030	1053	4654	135854	100080
LADGATE	601	10000	0.257	1
LIFT	chain200	601	400	1596	400
COUNTS	chain200	601	2396	8182	8182
LADGATE	25	10000	0.164	1
COUNTS	ex1223b	25	66	178	178
LADGATE	2718	10000	0.556	1
LIFT	slay09h	2718	1206	5040	1206
COUNTS	slay09h	2718	7488	36057	32385
LADGATE	974	10000	0.542	1
LIFT	ndcc12	974	902	6222	902
COUNTS	ndcc12	974	5982	345696	329556
LADGATE	1306	10000	0.416	1
LIFT	kall_circlesrectangles_c6r39	1306	924	4638	924
COUNTS	kall_circlesrectangles_c6r39	1306	5378	75744	74610
LADGATE	9170	10000	0.536	1
LIFT	squfl020-150	9170	3170	12000	3170
COUNTS	squfl020-150	9170	24000	135020	135020
COUNTS	autocorr_bern40-30	43	1534	20034	20034
LADGATE	660	10000	0.289	1
LIFT	slay08m	660	268	1232	268
COUNTS	slay08m	660	2016	7796	7796
LADGATE	2032	10000	0.599	1
LIFT	chimera_mgw-c16-2031-01	2032	2021	15902	2021
COUNTS	chimera_mgw-c16-2031-01	2032	15900	3328073	2569662
LADGATE	713	10000	0.398	1
LIFT	forest	713	404	2076	404
COUNTS	forest	713	2658	10614	10543
LADGATE	280	10000	0.172	1
LIFT	qspp_0_10_0_1_10_1	280	244	29450	244
COUNTS	qspp_0_10_0_1_10_1	280	29636	1942907	1932414
LADGATE	16	10000	0.139	1
COUNTS	st_ph1	16	58	274	233
LADGATE	124	10000	0.188	1
LIFT	elf	124	65	258	65
COUNTS	elf	124	376	2733	2173
LADGATE	18	10000	0.144	1
COUNTS	ex3_1_3	18	36	90	83
COUNTS	cvxnonsep_normcon40r	162	322	645	645
LADGATE	155	10000	0.246	1
LIFT	demo7	155	66	448	66
COUNTS	demo7	155	618	3579	3426
LADGATE	615	10000	0.388	1
LIFT	waternd2	615	447	2394	447
COUNTS	waternd2	615	2580	155674	74817
LADGATE	64	10000	0.202	1
LIFT	prolog	64	42	248	42
COUNTS	prolog	64	292	1245	1225
LADGATE	11	10000	0.115	1
COUNTS	ex14_1_8	11	30	80	80
LIFT	faclay75	272878	137826	1109602	137826
COUNTS	faclay75	272878	1379706	3204527350	3013800414
LADGATE	55	10000	0.131	1
LIFT	st_qpk3	55	33	504	33
COUNTS	st_qpk3	55	548	5467	3762
LADGATE	11556	10000	0.595	0
LIFT	mpbp_34	11556	7230	32172	7230
COUNTS	mpbp_34	11556	40860	3093917	891278
COUNTS	cvxnonsep_normcon20r	82	162	325	325
COUNTS	cvxnonsep_psig20r	86	170	341	341
LADGATE	18742	10000	0.680	0
LIFT	crudeoil_pooling_dt2	18742	10735	60222	10735
COUNTS	crudeoil_pooling_dt2	18742	75910	14985540	9947932
LADGATE	2868	10000	0.893	1
LIFT	rsyn0805m03m	2868	1596	5810	1596
COUNTS	rsyn0805m03m	2868	8270	60979	54853
COUNTS	st_iqpbk1	22	98	295	295
LADGATE	96	10000	0.259	1
LIFT	waterund01	96	47	384	47
COUNTS	waterund01	96	404	4546	3317
LADGATE	29	10000	0.153	1
COUNTS	pointpack04	29	120	577	577
LADGATE	12	10000	0.104	1
COUNTS	st_e22	12	30	77	70
LADGATE	16678	10000	0.437	0
LIFT	faclay30	16678	8556	65998	8556
COUNTS	faclay30	16678	82242	13452923	12850431
LADGATE	4432	10000	0.431	1
LIFT	arki0002	4432	2608	9424	2608
COUNTS	arki0002	4432	11248	683476	667374
LADGATE	11659	10000	0.776	0
LIFT	transswitch0300p	11659	6750	41276	6750
COUNTS	transswitch0300p	11659	48446	404940	374193
LADGATE	30660	10000	0.827	0
LIFT	crudeoil_pooling_dt3	30660	15957	134914	15957
COUNTS	crudeoil_pooling_dt3	30660	152210	48975085	33883414
LADGATE	22536	10000	0.726	0
LIFT	gasprod_sarawak81	22536	12902	61066	12902
COUNTS	gasprod_sarawak81	22536	75636	1030380	941231
LADGATE	660	10000	0.395	1
LIFT	maxcsp-langford-3-11	660	627	41846	627
COUNTS	maxcsp-langford-3-11	660	29646	33444033	10360919
LADGATE	1543	10000	0.354	1
LIFT	p_ball_30b_5p_2d_h	1543	999	4136	999
COUNTS	p_ball_30b_5p_2d_h	1543	5224	25843	25742
LADGATE	6709	10000	0.457	1
LIFT	ringpack_20_3	6709	3451	41284	3451
COUNTS	ringpack_20_3	6709	45220	2415136	865627
LADGATE	4825	10000	0.657	1
LIFT	waste	4825	2503	19260	2503
COUNTS	waste	4825	21504	1468261	1270649
LADGATE	2001	10000	0.294	1
LIFT	catmix400	2001	1998	11180	1998
COUNTS	catmix400	2001	11192	36373	36364
LADGATE	3054	10000	0.526	1
LIFT	rsyn0815m02hfsg	3054	1697	5478	1697
COUNTS	rsyn0815m02hfsg	3054	7968	44604	41384
LADGATE	1236	10000	0.300	1
LIFT	p_ball_10b_7p_3d_h	1236	751	3216	751
COUNTS	p_ball_10b_7p_3d_h	1236	4186	24380	23744
LADGATE	1225	10000	0.615	1
LIFT	chimera_k64ising-02	1225	772	3732	772
COUNTS	chimera_k64ising-02	1225	3846	613390	371142
LADGATE	3404	10000	0.564	1
LIFT	batchs121208m	3404	1725	8392	1725
COUNTS	batchs121208m	3404	11462	138030	128816
LADGATE	11	10000	0.113	1
COUNTS	nvs02	11	46	142	142
LADGATE	191	10000	0.257	1
LIFT	wastepaper6	191	156	1358	156
COUNTS	wastepaper6	191	1416	16611	16611
LADGATE	399	10000	0.260	1
LIFT	syn15hfsg	399	221	666	221
COUNTS	syn15hfsg	399	1022	3300	3272
LADGATE	36	10000	0.161	1
LIFT	st_jcbpaf2	36	23	220	23
COUNTS	st_jcbpaf2	36	246	1635	1543
COUNTS	camshape400	2000	7188	16768	16768
LADGATE	120	10000	0.260	1
LIFT	graphpart_clique-30	120	117	2784	117
COUNTS	graphpart_clique-30	120	2790	114505	91153
LADGATE	280	10000	0.209	1
LIFT	graphpart_clique-70	280	277	14904	277
COUNTS	graphpart_clique-70	280	14910	1413012	1144894
COUNTS	smallinvDAXr1b010-011	39	1120	13510	13319
LADGATE	22074	10000	0.403	0
LIFT	nd_netgen-2000-3-4-b-a-ns_7	22074	10074	36000	10074
COUNTS	nd_netgen-2000-3-4-b-a-ns_7	22074	60000	289420	273394
LADGATE	240	10000	0.214	1
LIFT	slay05m	240	100	440	100
COUNTS	slay05m	240	720	2635	2635
LADGATE	2031	10000	1.111	1
LIFT	chimera_selby-c16-01	2031	1517	13662	1517
COUNTS	chimera_selby-c16-01	2031	10964	3605628	2419538
LADGATE	110	10000	0.184	1
LIFT	csched1	110	30	100	30
COUNTS	csched1	110	376	975	975
LADGATE	1310	10000	0.137	1
LIFT	watercontamination0303r	1310	755	35918	755
COUNTS	watercontamination0303r	1310	37028	2171882	2171882
LADGATE	15	10000	0.119	1
COUNTS	ex9_2_4	15	36	117	117
LADGATE	163	10000	0.184	1
LIFT	sssd15-04	163	47	240	47
COUNTS	sssd15-04	163	440	1625	1625
COUNTS	autocorr_bern35-35fix	38	1264	16214	16214
LADGATE	1491	10000	0.336	1
LIFT	sfacloc2_4_90	1491	775	3282	775
COUNTS	sfacloc2_4_90	1491	4500	31682	28843
LIFT	cont6-qq	120395	79800	397602	79800
COUNTS	cont6-qq	120395	557994	835894090	581918900
LADGATE	5205	10000	0.172	1
LIFT	meanvar-orl400_05_e_7	5205	2803	170000	2803
COUNTS	meanvar-orl400_05_e_7	5205	174804	21939414	21935811
LADGATE	10017	10000	0.363	0
LIFT	glider400	10017	7609	43204	7609
COUNTS	glider400	10017	49624	373018	327461
LADGATE	4960	10000	0.677	1
LIFT	syn40m04m	4960	2524	9280	2524
COUNTS	syn40m04m	4960	13792	65982	63265
LADGATE	31	10000	0.163	1
COUNTS	ex2_1_3	31	72	189	189
LADGATE	705	10000	0.503	1
LIFT	qapw	705	480	87046	480
COUNTS	qapw	705	87496	12183146	12183146
LADGATE	14	10000	0.116	1
COUNTS	himmel11	14	60	198	198
LADGATE	1908	10000	0.381	1
LIFT	syn15m04m	1908	970	3540	970
COUNTS	syn15m04m	1908	5288	26094	25061
LADGATE	118	10000	0.231	1
LIFT	pooling_rt2tp	118	66	554	66
COUNTS	pooling_rt2tp	118	654	5876	5796
LADGATE	333	10000	0.313	1
LIFT	waterund14	333	191	2068	191
COUNTS	waterund14	333	2204	200484	72184
LADGATE	17809	10000	1.158	0
LIFT	crudeoil_lee4_10	17809	10229	106656	10229
COUNTS	crudeoil_lee4_10	17809	120632	294531623	184173410
LADGATE	1294	10000	0.519	1
LIFT	pooling_foulds4pq	1294	723	7208	723
COUNTS	pooling_foulds4pq	1294	8302	138692	138540
LADGATE	3097	10000	0.355	1
LIFT	edgecross14-156	3097	1639	16748	1639
COUNTS	edgecross14-156	3097	19664	1487933	1376964
LADGATE	72	10000	0.210	1
LIFT	tspn08	72	34	646	34
COUNTS	tspn08	72	668	11074	7600
LADGATE	4225	10000	0.586	1
LIFT	crudeoil_li05	4225	2656	17380	2656
COUNTS	crudeoil_li05	4225	14628	680022	533531
LADGATE	14416	10000	0.666	0
LIFT	procurement1large	14416	6606	28248	6606
COUNTS	procurement1large	14416	41068	13858240	7376882
LADGATE	1428	10000	0.328	1
LIFT	blend721	1428	829	3334	829
COUNTS	blend721	1428	4548	77560	66143
LADGATE	2031	10000	1.124	1
LIFT	chimera_selby-c16-02	2031	1436	15878	1436
COUNTS	chimera_selby-c16-02	2031	10878	4280329	2298504
LADGATE	16640	10000	0.425	0
LIFT	supplychainr1_053050	16640	9640	44160	9640
COUNTS	supplychainr1_053050	16640	57800	2173490	2173490
LADGATE	5067	10000	0.752	1
LIFT	sfacloc2_4_80	5067	2567	16656	2567
COUNTS	sfacloc2_4_80	5067	21424	93048	88884
COUNTS	st_e24	10	26	64	57
LADGATE	1053	10000	0.332	1
LIFT	edgecross10-040	1053	571	4152	571
COUNTS	edgecross10-040	1053	5116	161851	143518
LADGATE	8232	10000	0.385	1
LIFT	sonet21v6	8232	4221	32722	4221
COUNTS	sonet21v6	8232	40744	1643311	1585871
LADGATE	2490	10000	0.674	1
LIFT	squfl010-080	2490	890	3200	890
COUNTS	squfl010-080	2490	6400	27665	27665
LADGATE	221	10000	0.233	1
LIFT	genpooling_lee2	221	145	896	145
COUNTS	genpooling_lee2	221	1048	19895	14028
LADGATE	2807	10000	0.633	1
LIFT	popdynm25	2807	2349	13004	2349
COUNTS	popdynm25	2807	13904	360081	286762
LADGATE	5211	10000	0.779	1
LIFT	chp_partload	5211	3186	12690	3186
COUNTS	chp_partload	5211	16740	509170	373134
LADGATE	560	10000	0.249	1
LIFT	qspp_0_14_0_1_10_1	560	364	119024	364
COUNTS	qspp_0_14_0_1_10_1	560	120274	16119226	16038266
LADGATE	24	10000	0.143	1
COUNTS	st_glmp_ss1	24	66	160	160
LADGATE	2508	10000	0.484	1
LIFT	torsion50	2508	1302	20190	1302
COUNTS	torsion50	2508	29808	1691033	1118955
LADGATE	40	10000	0.180	1
LIFT	st_rv2	40	10	90	10
COUNTS	st_rv2	40	340	2045	2045
LADGATE	6885	10000	0.255	1
LIFT	emfl100_3_3	6885	2961	8100	2961
COUNTS	emfl100_3_3	6885	15948	55506	55506
COUNTS	pedigree_sim400	351	23546	1183471	1183168
COUNTS	polygon75	5846	49652	1171822	1171822
LIFT	gabriel10	244056	129644	1260406	129644
COUNTS	gabriel10	244056	1148210	1365442310	1267760679
LADGATE	1049	10000	0.289	1
LIFT	fo9_ar25_1	1049	507	3606	507
COUNTS	fo9_ar25_1	1049	4336	41668	38237
LADGATE	1159	10000	0.330	1
LIFT	rsyn0840m	1159	610	2176	610
COUNTS	rsyn0840m	1159	3168	11274	10602
LADGATE	548	10000	0.404	1
LIFT	gancns	548	318	2280	318
COUNTS	gancns	548	2800	69234	58861
LADGATE	1049	10000	0.293	1
LIFT	o9_ar4_1	1049	507	3606	507
COUNTS	o9_ar4_1	1049	4336	41668	38237
LADGATE	123	10000	0.262	1
LIFT	ex1265a	123	79	472	79
COUNTS	ex1265a	123	560	3948	3750
LADGATE	28	10000	0.161	1
COUNTS	ex9_2_6	28	68	190	190
LADGATE	481	10000	0.195	1
LIFT	qspp_0_13_0_1_10_1	481	312	87460	312
COUNTS	qspp_0_13_0_1_10_1	481	88522	10150185	10097446
LADGATE	146	10000	0.216	1
LIFT	slay04m	146	62	264	62
COUNTS	slay04m	146	432	1554	1554
COUNTS	st_e25	20	92	336	262
LADGATE	32	10000	0.178	1
LIFT	ex8_4_1	32	12	40	12
COUNTS	ex8_4_1	32	100	225	225
LADGATE	19	10000	0.160	1
COUNTS	st_e07	19	60	199	199
LADGATE	26	10000	0.162	1
COUNTS	ex1225	26	66	171	161
LADGATE	969	10000	0.536	1
LIFT	ndcc13	969	735	6656	735
COUNTS	ndcc13	969	5882	525212	324727
LADGATE	1224	10000	0.285	1
LIFT	syn10m04m	1224	620	2256	620
COUNTS	syn10m04m	1224	3384	13501	13463
LADGATE	18	10000	0.152	1
COUNTS	ex5_2_4	18	62	204	193
LADGATE	72	10000	0.245	1
LIFT	st_m2	72	21	420	21
COUNTS	st_m2	72	1226	16331	16331
LADGATE	16	10000	0.139	1
COUNTS	st_bpk1	16	44	115	108
LADGATE	736	10000	0.587	1
LIFT	multiplants_stg1	736	321	3112	321
COUNTS	multiplants_stg1	736	3594	197998	155496
LADGATE	11251	10000	0.767	0
LIFT	powerflow0300p	11251	6342	34748	6342
COUNTS	powerflow0300p	11251	41918	304705	291964
LADGATE	33155	10000	0.559	0
LIFT	nd_netgen-3000-1-1-b-b-ns_7	33155	15155	54000	15155
COUNTS	nd_netgen-3000-1-1-b-b-ns_7	33155	90000	922197	885186
LADGATE	803	10000	0.520	1
LIFT	sonet23v4	803	547	5952	547
COUNTS	sonet23v4	803	6462	139703	94348
LADGATE	1649	10000	0.432	1
LIFT	pooling_sppa0pq	1649	1648	24190	1648
COUNTS	pooling_sppa0pq	1649	24192	3745896	1214182
LADGATE	645	10000	0.587	1
LIFT	multiplants_mtg1b	645	406	4016	406
COUNTS	multiplants_mtg1b	645	4404	229415	152043
LADGATE	338	10000	0.245	1
LIFT	sssd18-08persp	338	138	768	138
COUNTS	sssd18-08persp	338	1168	4654	4654
LADGATE	19	10000	0.161	1
COUNTS	ex9_1_2	19	54	188	179
LADGATE	3670	10000	0.806	1
LIFT	crudeoil_lee1_07	3670	1957	17600	1957
COUNTS	crudeoil_lee1_07	3670	19322	4746188	3506464
LADGATE	31	10000	0.165	1
COUNTS	pooling_haverly1tp	31	96	423	403
LADGATE	230	10000	0.220	1
LIFT	waterund08	230	120	1760	120
COUNTS	waterund08	230	1290	35284	30110
LADGATE	76	10000	0.150	1
LIFT	kall_diffcircles_6	76	45	240	45
COUNTS	kall_diffcircles_6	76	302	1511	1511
LADGATE	440	10000	0.443	1
LIFT	chimera_mgw-c8-439-onc8-001	440	423	3066	423
COUNTS	chimera_mgw-c8-439-onc8-001	440	3040	106479	80090
LADGATE	160	10000	0.252	1
LIFT	waterund11	160	91	642	91
COUNTS	waterund11	160	828	14818	10705
LADGATE	16364	10000	0.713	0
LIFT	chp_shorttermplan2d	16364	8902	38240	8902
COUNTS	chp_shorttermplan2d	16364	52108	4089003	2104724
LADGATE	156	10000	0.292	1
LIFT	sporttournament18	156	136	810	136
COUNTS	sporttournament18	156	886	17568	13608
COUNTS	cvxnonsep_psig30	30	870	9455	9455
LADGATE	6089	10000	0.451	1
LIFT	ringpack_20_2	6089	3132	37034	3132
COUNTS	ringpack_20_2	6089	40368	1872174	707413
LADGATE	1386	10000	0.327	1
LIFT	blend718	1386	808	3138	808
COUNTS	blend718	1386	4310	70355	61466
LADGATE	115	10000	0.275	1
LIFT	wastepaper4	115	50	654	50
COUNTS	wastepaper4	115	724	9711	7183
LADGATE	2450	10000	0.622	1
LIFT	squfl010-040persp	2450	850	4000	850
COUNTS	squfl010-040persp	2450	7200	22825	22825
LADGATE	10429	10000	0.962	0
LIFT	crudeoil_lee4_06	10429	6797	109128	6797
COUNTS	crudeoil_lee4_06	10429	55492	65337120	32564806
LADGATE	1746	10000	0.569	1
LIFT	netmod_kar1	1746	798	3664	798
COUNTS	netmod_kar1	1746	4928	56838	43864
LADGATE	14	10000	0.116	1
COUNTS	ex8_1_7	14	46	137	128
LADGATE	108	10000	0.204	1
LIFT	graphpart_3g-0333-0333	108	81	648	81
COUNTS	graphpart_3g-0333-0333	108	648	44928	36228
LADGATE	760	10000	0.332	1
LIFT	slay05h	760	340	1400	340
COUNTS	slay05h	760	2080	9815	8795
LADGATE	156	10000	0.275	1
LIFT	korcns	156	92	598	92
COUNTS	korcns	156	712	7241	6599
LADGATE	5065	10000	0.702	1
LIFT	powerflow0118p	5065	2810	15480	2810
COUNTS	powerflow0118p	5065	18730	121503	117327
LADGATE	4799	10000	0.784	1
LIFT	sfacloc2_3_80	4799	2402	16046	2402
COUNTS	sfacloc2_3_80	4799	20600	84672	81119
LADGATE	6028	10000	0.579	1
LIFT	rsyn0820m04m	6028	3144	12532	3144
COUNTS	rsyn0820m04m	6028	17372	196890	152980
LADGATE	1046	10000	0.259	1
LIFT	hydroenergy1	1046	570	2164	570
COUNTS	hydroenergy1	1046	3024	14089	14089
LADGATE	181	10000	0.187	1
LIFT	maxmin	181	103	1284	103
COUNTS	maxmin	181	1440	8405	8405
LADGATE	8	10000	0.110	1
COUNTS	st_ht	8	18	51	44
LADGATE	6418	10000	0.867	1
LIFT	crudeoil_lee2_06	6418	4139	66598	4139
COUNTS	crudeoil_lee2_06	6418	34646	23299675	16202735
LADGATE	3183	10000	0.492	1
LIFT	kan_r3_h1_n4	3183	2301	12330	2301
COUNTS	kan_r3_h1_n4	3183	14062	104945	98713
LADGATE	378	10000	0.294	1
LIFT	primary	378	222	5294	222
COUNTS	primary	378	5610	109639	95258
LADGATE	1071	10000	0.284	1
LIFT	syn10m03hfsg	1071	591	1812	591
COUNTS	syn10m03hfsg	1071	2772	9890	9812
LADGATE	36	10000	0.186	1
LIFT	wastewater02m1	36	24	118	24
COUNTS	wastewater02m1	36	138	848	790
LADGATE	4620	10000	0.386	1
LIFT	supplychainr1_022020	4620	2680	11920	2680
COUNTS	supplychainr1_022020	4620	15680	273140	273100
LADGATE	3800	10000	0.264	1
LIFT	squfl025-025persp	3800	1300	6250	1300
COUNTS	squfl025-025persp	3800	11250	49925	49925
LADGATE	17999	10000	0.883	0
LIFT	ringpack_30_2	17999	9231	103922	9231
COUNTS	ringpack_30_2	17999	121458	12394600	2873684
LIFT	nuclear104	39098	26306	232222	26306
COUNTS	nuclear104	39098	257806	103156931	78332024
LADGATE	4952	10000	0.616	1
LIFT	chp_shorttermplan1a	4952	2592	11264	2592
COUNTS	chp_shorttermplan1a	4952	15700	376486	299565
LADGATE	555	10000	0.434	1
LIFT	rocket50	555	450	3272	450
COUNTS	rocket50	555	3488	19983	19265
LADGATE	8508	10000	0.728	1
LIFT	rsyn0840m04m	8508	4368	17360	4368
COUNTS	rsyn0840m04m	8508	24272	229914	184908
LADGATE	11716	10000	0.659	0
LIFT	mpbp_21	11716	6945	28072	6945
COUNTS	mpbp_21	11716	37660	1691114	1456963
LADGATE	172	10000	0.220	1
LIFT	orth_d4m6_pl	172	92	896	92
COUNTS	orth_d4m6_pl	172	1096	10938	10703
LADGATE	1681	10000	0.556	1
LIFT	kall_circlespolygons_c1p5b	1681	1245	6560	1245
COUNTS	kall_circlespolygons_c1p5b	1681	7432	201759	193841
LIFT	acopf_case9241pegase_qcqp	313068	201757	1141270	201757
COUNTS	acopf_case9241pegase_qcqp	313068	1292408	34647355	33736789
LADGATE	33	10000	0.177	1
LIFT	ex1223	33	18	54	18
COUNTS	ex1223	33	82	244	244
LADGATE	10	10000	0.126	1
COUNTS	ex6_1_4	10	48	197	153
LADGATE	403	10000	0.282	1
LIFT	powerflow0014r	403	234	1432	234
COUNTS	powerflow0014r	403	1630	10761	10361
LADGATE	2065	10000	0.270	1
LIFT	knp5-43	2065	1119	29756	1119
COUNTS	knp5-43	2065	31132	3517788	3517788
LADGATE	21688	10000	0.754	0
LIFT	gabriel09	21688	11348	105698	11348
COUNTS	gabriel09	21688	89702	29373994	26366112
LADGATE	32	10000	0.168	1
LIFT	tln2	32	18	60	18
COUNTS	tln2	32	88	233	233
LADGATE	22	10000	0.149	1
COUNTS	prob02	22	76	267	232
LADGATE	1422	10000	0.340	1
LIFT	blend146	1422	826	3252	826
COUNTS	blend146	1422	4460	78102	64296
LADGATE	4518	10000	0.461	1
LIFT	mpbp_46	4518	2728	10872	2728
COUNTS	mpbp_46	4518	14492	499547	447603
LADGATE	413	10000	0.352	1
LIFT	tls6	413	291	2630	291
COUNTS	tls6	413	2860	18483	17511
LADGATE	21925	10000	0.440	0
LIFT	emfl100_5_5	21925	9425	27300	9425
COUNTS	emfl100_5_5	21925	52300	221650	221650
LADGATE	341	10000	0.171	1
LIFT	qspp_0_11_0_1_10_1	341	220	43506	220
COUNTS	qspp_0_11_0_1_10_1	341	44264	3563707	3531915
LADGATE	403	10000	0.266	1
LIFT	p_ball_10b_5p_4d_m	403	169	1116	169
COUNTS	p_ball_10b_5p_4d_m	403	1484	13581	13288
LADGATE	90	10000	0.233	1
LIFT	st_rv9	90	70	800	70
COUNTS	st_rv9	90	840	6691	6321
LADGATE	3486	10000	0.503	1
LIFT	rsyn0840m02m	3486	1876	6568	1876
COUNTS	rsyn0840m02m	3486	9576	47529	44981
LADGATE	22	10000	0.157	1
COUNTS	nvs05	22	84	277	266
COUNTS	autocorr_bern25-19	28	612	5278	5278
LADGATE	356	10000	0.254	1
LIFT	sssd20-08persp	356	140	800	140
COUNTS	sssd20-08persp	356	1232	4960	4960
LADGATE	827	10000	0.657	1
LIFT	multiplants_stg5	827	310	3480	310
COUNTS	multiplants_stg5	827	3804	377794	155722
LADGATE	2032	10000	0.709	1
LIFT	chimera_rfr-02	2032	2012	15234	2012
COUNTS	chimera_rfr-02	2032	15140	3860441	2486435
LADGATE	726	10000	0.596	1
LIFT	multiplants_stg1a	726	304	2994	304
COUNTS	multiplants_stg1a	726	3510	142058	121443
LADGATE	170	10000	0.221	1
LIFT	pooling_adhya4pq	170	93	790	93
COUNTS	pooling_adhya4pq	170	932	24314	16556
LADGATE	17493	10000	0.799	0
LIFT	nuclear10a	17493	15309	159656	15309
COUNTS	nuclear10a	17493	163816	82406325	55754381
LADGATE	874	10000	0.554	1
LIFT	sonet24v5	874	595	6704	595
COUNTS	sonet24v5	874	7260	185654	110276
LIFT	transswitch2736spr	69651	44696	297260	44696
COUNTS	transswitch2736spr	69651	331010	7933133	7281507
LADGATE	8992	10000	0.516	1
LIFT	chp_shorttermplan2a	8992	4760	18484	4760
COUNTS	chp_shorttermplan2a	8992	26288	821014	575282
LADGATE	1001	10000	0.223	1
LIFT	catmix200	1001	998	5580	998
COUNTS	catmix200	1001	5592	18173	18164
COUNTS	nvs23	27	252	1921	1221
LADGATE	20	10000	0.141	1
COUNTS	oaer	20	40	107	107
LADGATE	168	10000	0.179	1
LIFT	hybriddynamic_fixed	168	80	250	80
COUNTS	hybriddynamic_fixed	168	388	1103	1103
LADGATE	16747	10000	0.595	0
LIFT	edgecross24-115	16747	8651	85448	8651
COUNTS	edgecross24-115	16747	77352	35096942	28685704
LADGATE	1178	10000	0.297	1
LIFT	space25	1178	243	1212	243
COUNTS	space25	1178	4334	23567	22528
LADGATE	23999	10000	0.581	0
LIFT	methanol400	23999	19199	142128	19199
COUNTS	methanol400	23999	151728	2586036	1864047
LADGATE	1218	10000	0.544	1
LIFT	pooling_foulds5tp	1218	659	7246	659
COUNTS	pooling_foulds5tp	1218	8364	251833	171941
LADGATE	5040	10000	0.670	1
LIFT	pooling_sppa9tp	5040	2642	116234	2642
COUNTS	pooling_sppa9tp	5040	121302	104609262	16877457
COUNTS	st_miqp2	10	18	37	37
COUNTS	autocorr_bern30-23	33	878	8940	8940
LADGATE	9858	10000	0.712	1
LIFT	mpbp_15	9858	5550	25800	5550
COUNTS	mpbp_15	9858	31692	1496502	1167635
COUNTS	cvxnonsep_psig30r	126	250	501	501
LADGATE	1590	10000	0.425	1
LIFT	rsyn0830hfsg	1590	876	2784	876
COUNTS	rsyn0830hfsg	1590	4100	16168	15383
LADGATE	1271	10000	0.523	1
LIFT	crudeoil_pooling_ct1	1271	722	3626	722
COUNTS	crudeoil_pooling_ct1	1271	4642	125127	93863
LADGATE	800	10000	0.604	1
LIFT	multiplants_stg1c	800	326	3346	326
COUNTS	multiplants_stg1c	800	3894	150039	143020
LADGATE	11	10000	0.122	1
COUNTS	st_pan1	11	32	123	94
LADGATE	814	10000	0.642	1
LIFT	multiplants_stg1b	814	337	3456	337
COUNTS	multiplants_stg1b	814	3992	308612	187593
LADGATE	11999	10000	0.596	0
LIFT	methanol200	11999	9599	71328	9599
COUNTS	methanol200	11999	76128	1290836	905945
LADGATE	26778	10000	0.574	0
LIFT	faclay35	26778	13686	106196	13686
COUNTS	faclay35	26778	132380	33630126	32021838
LADGATE	13175	10000	0.259	0
LIFT	emfl050_5_5	13175	5675	17300	5675
COUNTS	emfl050_5_5	13175	32300	155400	155400
LIFT	transswitch2383wpr	59853	37844	247952	37844
COUNTS	transswitch2383wpr	59853	277562	3946309	3861509
LADGATE	1120	10000	0.505	1
LIFT	chimera_lga-01	1120	721	5500	721
COUNTS	chimera_lga-01	1120	6400	668019	497058
LADGATE	4596	10000	0.676	1
LIFT	gasprod_sarawak16	4596	2632	12316	2632
COUNTS	gasprod_sarawak16	4596	15316	213850	196064
LADGATE	15904	10000	1.037	0
LIFT	crudeoil_lee4_09	15904	10632	92014	10632
COUNTS	crudeoil_lee4_09	15904	101792	208785578	130655525
LADGATE	44909	10000	0.957	0
LIFT	arki0013	44909	18463	161472	18463
COUNTS	arki0013	44909	160172	390472987	157005417
LADGATE	42	10000	0.150	1
LIFT	st_m1	42	11	110	11
COUNTS	st_m1	42	432	3097	3097
LADGATE	5310	10000	0.701	1
LIFT	mpbp_47	5310	3182	12798	3182
COUNTS	mpbp_47	5310	17098	730624	652208
LADGATE	821	10000	0.438	1
LIFT	rsyn0815m	821	434	1516	434
COUNTS	rsyn0815m	821	2242	8260	7745
LADGATE	7993	10000	1.002	1
LIFT	arki0016	7993	4968	26810	4968
COUNTS	arki0016	7993	37208	878890	835794
LADGATE	18	10000	0.143	1
COUNTS	st_glmp_ss2	18	48	121	121
LADGATE	2670	10000	0.696	1
LIFT	rsyn0810m02hfsg	2670	1484	4808	1484
COUNTS	rsyn0810m02hfsg	2670	6964	36862	34738
LADGATE	55	10000	0.147	1
LIFT	pointpack06	55	34	234	34
COUNTS	pointpack06	55	276	1497	1497
LADGATE	6328	10000	0.356	1
LIFT	syn40m04hfsg	6328	3492	11224	3492
COUNTS	syn40m04hfsg	6328	16896	76232	73657
LADGATE	258	10000	0.219	1
LIFT	clay0304m	258	122	576	122
COUNTS	clay0304m	258	840	2742	2742
LADGATE	1218	10000	0.440	1
LIFT	pooling_foulds5pq	1218	655	7342	655
COUNTS	pooling_foulds5pq	1218	8300	159641	159641
LADGATE	1000	10000	0.415	1
LIFT	clay0305hfsg	1000	485	2050	485
COUNTS	clay0305hfsg	1000	2910	12260	11240
LADGATE	64	10000	0.197	1
LIFT	st_test8	64	44	192	44
COUNTS	st_test8	64	232	2343	1964
LIFT	gams05	17364	8487	278504	8487
COUNTS	gams05	17364	252910	6179750712	3259322396
LADGATE	31	10000	0.174	1
COUNTS	sporttournament08	31	156	862	862
LADGATE	1121	10000	0.357	1
LIFT	powerflow0030p	1121	642	3468	642
COUNTS	powerflow0030p	1121	4194	24944	23642
LADGATE	22407	10000	0.862	0
LIFT	popdynm200	22407	18799	98384	18799
COUNTS	popdynm200	22407	105584	2567878	2436690
LADGATE	11120	10000	0.752	0
LIFT	mpbp_35	11120	6920	32350	6920
COUNTS	mpbp_35	11120	40790	3037207	975441
LADGATE	1492	10000	0.417	1
LIFT	syn30m02m	1492	762	2608	762
COUNTS	syn30m02m	1492	3936	13752	13455
LADGATE	481	10000	0.369	1
LIFT	wastewater13m1	481	353	3026	353
COUNTS	wastewater13m1	481	3252	60135	60068
LADGATE	1022	10000	0.297	1
LIFT	syn40hfsg	1022	573	1726	573
COUNTS	syn40hfsg	1022	2624	8432	8155
LADGATE	69	10000	0.180	1
LIFT	sep1	69	36	150	36
COUNTS	sep1	69	206	1097	1047
LADGATE	2508	10000	0.521	1
LIFT	syn30m03m	2508	1278	4542	1278
COUNTS	syn30m03m	2508	6804	26806	26552
COUNTS	st_qpc-m3a	30	304	2330	1574
LADGATE	2644	10000	1.132	1
LIFT	crudeoil_pooling_ct3	2644	1586	9346	1586
COUNTS	crudeoil_pooling_ct3	2644	11426	1381490	866197
LADGATE	634	10000	0.395	1
LIFT	space25a	634	417	2530	417
COUNTS	space25a	634	3246	29078	27875
COUNTS	autocorr_bern20-15	23	394	2784	2784
LADGATE	35	10000	0.173	1
LIFT	ex7_2_1	35	21	106	21
COUNTS	ex7_2_1	35	134	352	341
LADGATE	2092	10000	0.723	1
LIFT	hydroenergy2	2092	1090	4556	1090
COUNTS	hydroenergy2	2092	6236	69051	56014
LADGATE	514	10000	0.410	1
LIFT	pooling_digabel19	514	296	5918	296
COUNTS	pooling_digabel19	514	5340	325989	274903
LADGATE	132	10000	0.221	1
LIFT	clay0203m	132	63	282	63
COUNTS	clay0203m	132	420	1348	1348
LADGATE	13680	10000	0.384	0
LIFT	squfl030-150	13680	4680	18000	4680
COUNTS	squfl030-150	13680	36000	252605	252605

--- every order() call, slowest first (TSV) ---
secs	matrix	n	nnz	ratio
1.2659	chimera_selby-c16-02	2031	10878	0.5370
1.2615	crudeoil_pooling_ct3	2644	11426	0.6270
1.2411	chimera_selby-c16-01	2031	10964	0.6710
1.1684	arki0016	7993	37208	0.9510
1.1585	crudeoil_lee4_10	17809	120632	0.6253
1.1041	acopf_case9241pegase_qcqp	313068	1292408	0.9737
1.0480	gabriel10	244056	1148210	0.9285
1.0373	crudeoil_lee4_09	15904	101792	0.6258
1.0214	gams05	17364	252910	0.5274
1.0119	crudeoil_lee4_06	10429	55492	0.4984
0.9952	crudeoil_lee2_06	6418	34646	0.6954
0.9892	nuclear104	39098	257806	0.7593
0.9847	rsyn0805m03m	2868	8270	0.8995
0.9629	chp_partload	5211	16740	0.7328
0.9585	arki0013	44909	160172	0.4021
0.9493	mpbp_07	9532	30810	0.9127
0.9434	transswitch0300p	11659	48446	0.9241
0.9334	sfacloc2_3_80	4799	20600	0.9580
0.9265	powerflow0300p	11251	41918	0.9582
0.9124	squfl015-060	2775	7200	1.0000
0.9116	crudeoil_lee1_07	3670	19322	0.7388
0.9057	mpbp_35	11120	40790	0.3212
0.8936	mpbp_15	9858	31692	0.7802
0.8892	rsyn0840m04m	8508	24272	0.8042
0.8891	sfacloc2_4_80	5067	21424	0.9552
0.8837	ringpack_30_2	17999	121458	0.2318
0.8673	powerflow0118p	5065	18730	0.9656
0.8631	popdynm200	22407	105584	0.9489
0.8520	mpbp_48	28368	91016	0.4772
0.8479	chimera_rfr-02	2032	15140	0.6441
0.8340	gasprod_sarawak16	4596	15316	0.9168
0.8280	crudeoil_pooling_dt3	30660	152210	0.6919
0.8256	mpbp_47	5310	17098	0.8927
0.8196	faclay75	272878	1379706	0.9405
0.8118	hydroenergy2	2092	6236	0.8112
0.8115	batchs201210m	5188	17910	0.8685
0.8086	pooling_sppc3pq	23173	893724	0.2822
0.8003	nuclear10a	17493	163816	0.6766
0.8003	rsyn0815m04m	5456	15756	0.7782
0.7923	mpbp_21	11716	37660	0.8615
0.7887	waste	4825	21504	0.8654
0.7841	rsyn0810m02hfsg	2670	6964	0.9424
0.7808	syn40m04m	4960	13792	0.9588
0.7712	popdynm25	2807	13904	0.7964
0.7665	chp_shorttermplan1a	4952	15700	0.7957
0.7562	rsyn0810m04m	4772	13836	0.7675
0.7549	gabriel09	21688	89702	0.8976
0.7475	multiplants_stg1b	814	3992	0.6079
0.7448	chimera_k64ising-02	1225	3846	0.6051
0.7446	mpbp_34	11556	40860	0.2881
0.7436	multiplants_stg5	827	3804	0.4122
0.7360	methanol200	11999	76128	0.7018
0.7331	chimera_mgw-c16-2031-01	2032	15900	0.7721
0.7315	crudeoil_li05	4225	14628	0.7846
0.7286	squfl010-080	2490	6400	1.0000
0.7270	gasprod_sarawak81	22536	75636	0.9135
0.7239	p_ball_30b_7p_2d_h	2207	7516	0.9968
0.7138	chp_shorttermplan2d	16364	52108	0.5147
0.7126	sporttournament48	1131	6676	0.6439
0.7086	pinene200	19995	97990	0.8350
0.7081	multiplants_stg1a	726	3510	0.8549
0.7074	rsyn0820m04m	6028	17372	0.7770
0.7066	rsyn0830m04m	7252	20752	0.8092
0.7024	multiplants_stg1	736	3594	0.7853
0.7019	rsyn0820m02m	2486	6932	0.9330
0.7015	multiplants_mtg1b	645	4404	0.6627
0.6985	nuclear25a	1942	16030	0.5747
0.6980	kall_circlespolygons_c1p5b	1681	7432	0.9608
0.6961	multiplants_stg1c	800	3894	0.9532
0.6937	squfl025-030	2305	6000	1.0000
0.6913	batchs121208m	3404	11462	0.9332
0.6864	squfl020-150	9170	24000	1.0000
0.6844	pooling_sppa9tp	5040	121302	0.1613
0.6817	sonet24v5	874	7260	0.5940
0.6807	crudeoil_pooling_dt2	18742	75910	0.6638
0.6722	chp_shorttermplan2a	8992	26288	0.7007
0.6665	procurement1large	14416	41068	0.5323
0.6633	squfl010-040persp	2450	7200	1.0000
0.6618	ndcc12	974	5982	0.9533
0.6552	netmod_kar1	1746	4928	0.7717
0.6496	crudeoil_pooling_ct1	1271	4642	0.7501
0.6473	pooling_sppb5pq	18529	674470	0.4077
0.6463	transswitch2383wpr	59853	277562	0.9785
0.6456	pooling_foulds5tp	1218	8364	0.6828
0.6434	chimera_lga-01	1120	6400	0.7441
0.6397	sonet23v4	803	6462	0.6753
0.6396	ndcc13	969	5882	0.6183
0.6250	rsyn0815m02hfsg	3054	7968	0.9278
0.6237	pooling_foulds4pq	1294	8302	0.9989
0.6188	qapw	705	87496	1.0000
0.6186	slay09h	2718	7488	0.8982
0.6142	torsion50	2508	29808	0.6617
0.6085	oil	3270	8430	0.9572
0.6050	rsyn0840m02m	3486	9576	0.9464
0.6022	risk2bpb	1462	5396	0.5574
0.5990	kan_r3_h1_n4	3183	14062	0.9406
0.5956	edgecross24-115	16747	77352	0.8173
0.5944	mpbp_46	4518	14492	0.8960
0.5917	syn30m03m	2508	6804	0.9905
0.5863	ringpack_20_3	6709	45220	0.3584
0.5850	transswitch2736spr	69651	331010	0.9179
0.5830	ringpack_20_2	6089	40368	0.3779
0.5815	methanol400	23999	151728	0.7208
0.5773	chimera_mgw-c8-439-onc8-001	440	3040	0.7522
0.5748	faclay35	26778	132380	0.9522
0.5725	rocket50	555	3488	0.9641
0.5626	chimera_mgw-c8-439-onc8-002	440	3038	0.8835
0.5597	nd_netgen-3000-1-1-b-b-ns_7	33155	90000	0.9599
0.5552	pooling_sppa0pq	1649	24192	0.3241
0.5550	ndcc12persp	1112	5522	0.9521
0.5508	pooling_foulds5pq	1218	8300	1.0000
0.5425	sonet21v6	8232	40744	0.9650
0.5418	unitcommit_200_100_1_mod_8	146830	476332	0.9764
0.5411	arki0002	4432	11248	0.9764
0.5369	kall_circlesrectangles_c6r39	1306	5378	0.9850
0.5341	maxcsp-langford-3-11	660	29646	0.3098
0.5279	supplychainr1_022020	4620	15680	0.9999
0.5227	gancns	548	2800	0.8502
0.5224	rsyn0830hfsg	1590	4100	0.9514
0.5157	syn30m02m	1492	3936	0.9784
0.5143	rsyn0815m	821	2242	0.9377
0.5056	space25a	634	3246	0.9586
0.4955	forest	713	2658	0.9933
0.4945	clay0305hfsg	1000	2910	0.9168
0.4915	pooling_digabel19	514	5340	0.8433
0.4897	glider400	10017	49624	0.8779
0.4868	syn40m04hfsg	6328	16896	0.9662
0.4822	waternd2	615	2580	0.4806
0.4807	pooling_sppc1pq	14100	477680	0.1683
0.4786	edgecross10-030	1053	4654	0.7367
0.4723	powerflow0030p	1121	4194	0.9478
0.4700	syn15m04m	1908	5288	0.9604
0.4638	p_ball_30b_5p_2d_h	1543	5224	0.9961
0.4608	cont6-qq	120395	557994	0.6962
0.4573	sfacloc2_4_90	1491	4500	0.9104
0.4553	wastewater13m1	481	3252	0.9989
0.4522	blend146	1422	4460	0.8232
0.4474	pooling_sppa9pq	5030	120730	0.6312
0.4470	edgecross14-156	3097	19664	0.9254
0.4462	tls6	413	2860	0.9474
0.4409	emfl100_5_5	21925	52300	1.0000
0.4384	blend718	1386	4310	0.8737
0.4372	faclay30	16678	82242	0.9552
0.4368	blend721	1428	4548	0.8528
0.4253	squfl015-080persp	7295	21600	1.0000
0.4250	supplychainr1_053050	16640	57800	1.0000
0.4248	sonetgr17	440	2958	0.8190
0.4197	p_ball_10b_7p_3d_h	1236	4186	0.9739
0.4161	waterund14	333	2204	0.3600
0.4158	edgecross10-040	1053	5116	0.8867
0.4104	catmix400	2001	11192	0.9998
0.4066	rsyn0840m	1159	3168	0.9404
0.4055	kissing2	20772	401024	1.0000
0.4038	nd_netgen-2000-3-4-b-a-ns_7	22074	60000	0.9446
0.4001	sporttournament18	156	886	0.7746
0.3931	slay05h	760	2080	0.8961
0.3925	edgecross10-080	1053	5940	0.9638
0.3885	space25	1178	4334	0.9559
0.3863	chain200	601	2396	1.0000
0.3861	o9_ar4_1	1049	4336	0.9177
0.3840	squfl030-150	13680	36000	1.0000
0.3837	fo9_ar25_1	1049	4336	0.9177
0.3809	edgecross10-090	1053	5204	0.8181
0.3803	emfl100_3_3	6885	15948	1.0000
0.3797	korcns	156	712	0.9113
0.3741	syn40hfsg	1022	2624	0.9671
0.3726	primary	378	5610	0.8688
0.3665	ex1265a	123	560	0.9498
0.3663	syn40m	560	1528	0.9644
0.3659	knp5-44	2157	32604	1.0000
0.3650	graphpart_clique-30	120	2790	0.7961
0.3624	wastepaper4	115	724	0.7397
0.3602	syn10m04m	1224	3384	0.9972
0.3593	ex8_3_9	123	834	0.7643
0.3583	powerflow0014r	403	1630	0.9628
0.3572	knp5-43	2065	31132	1.0000
0.3571	slay08m	660	2016	1.0000
0.3556	clay0204hfsg	590	1696	0.9116
0.3538	catmix200	1001	5592	0.9995
0.3538	wastepaper6	191	1416	1.0000
0.3481	syn10m03hfsg	1071	2772	0.9921
0.3458	waterund01	96	404	0.7297
0.3452	waterund11	160	828	0.7224
0.3431	sssd20-08persp	356	1232	1.0000
0.3411	hydroenergy1	1046	3024	1.0000
0.3387	qspp_0_14_0_1_10_1	560	120274	0.9950
0.3362	p_ball_10b_5p_4d_m	403	1484	0.9784
0.3359	chain400	1201	4796	1.0000
0.3343	sssd18-08persp	338	1168	1.0000
0.3340	wastewater05m1	98	536	0.6845
0.3327	p_ball_10b_5p_2d_m	293	964	0.9848
0.3324	squfl025-025persp	3800	11250	1.0000
0.3294	lop97icx	1073	2118	0.8078
0.3289	graphpart_clique-20	80	1260	0.7985
0.3261	st_e31	301	744	0.9389
0.3255	demo7	155	618	0.9573
0.3245	st_m2	72	1226	1.0000
0.3235	graphpart_3g-0244-0244	128	672	0.9727
0.3185	slay07m	497	1512	1.0000
0.3169	genpooling_lee2	221	1048	0.7051
0.3147	graphpart_clique-70	280	14910	0.8103
0.3132	st_rv9	90	840	0.9447
0.3122	sssd25-08	401	1200	1.0000
0.3109	pooling_adhya4pq	170	932	0.6809
0.3086	pooling_rt2tp	118	654	0.9864
0.2979	waterund08	230	1290	0.8534
0.2978	clay0203m	132	420	1.0000
0.2967	meanvar-orl400_05_e_7	5205	174804	0.9998
0.2967	slay06m	357	1080	1.0000
0.2950	orth_d4m6_pl	172	1096	0.9785
0.2944	clay0204m	222	704	1.0000
0.2927	clay0304m	258	840	1.0000
0.2910	graphpart_3g-0333-0333	108	648	0.8064
0.2885	tspn08	72	668	0.6863
0.2873	slay05m	240	720	1.0000
0.2870	prolog	64	292	0.9839
0.2869	st_test8	64	232	0.8382
0.2852	meanvar-orl400_05_e_8	4405	171604	1.0000
0.2838	syn15hfsg	399	1022	0.9915
0.2832	pooling_adhya4tp	170	936	0.7667
0.2814	maxcsp-ehi-85-297-71	2372	207996	0.8040
0.2810	qspp_0_13_0_1_10_1	481	88522	0.9948
0.2762	ex1263a	94	390	1.0000
0.2734	csched1	110	376	1.0000
0.2683	elf	124	376	0.7951
0.2680	wastewater02m1	36	138	0.9316
0.2633	st_rv2	40	340	1.0000
0.2590	ex8_4_1	32	100	1.0000
0.2589	emfl050_5_5	13175	32300	1.0000
0.2548	sporttournament08	31	156	1.0000
0.2503	ex7_2_1	35	134	0.9688
0.2498	qspp_0_10_0_1_10_1	280	29636	0.9946
0.2486	qspp_0_11_0_1_10_1	341	44264	0.9911
0.2469	maxmin	181	1440	1.0000
0.2451	st_bpaf1a	30	120	0.9310
0.2412	slay04m	146	432	1.0000
0.2408	pooling_haverly1pq	31	96	0.9782
0.2397	pooling_haverly1tp	31	96	0.9527
0.2365	st_jcbpaf2	36	246	0.9437
0.2358	st_e07	19	60	1.0000
0.2312	nvs05	22	84	0.9603
0.2295	hybriddynamic_fixed	168	388	1.0000
0.2250	qap	255	43748	0.9599
0.2250	pointpack04	29	120	1.0000
0.2233	ex5_2_4	18	62	0.9461
0.2215	st_m1	42	432	1.0000
0.2206	prob02	22	76	0.8689
0.2200	watercontamination0303r	1310	37028	1.0000
0.2178	kall_diffcircles_6	76	302	1.0000
0.2172	sssd15-04	163	440	1.0000
0.2130	pointpack06	55	276	1.0000
0.2042	st_ph1	16	58	0.8504
0.2033	sep1	69	206	0.9544
0.2013	ex1223	33	82	1.0000
0.1900	tln2	32	88	1.0000
0.1882	ex6_1_4	10	48	0.7766
0.1872	st_qpk3	55	548	0.6881
0.1854	ex1223b	25	66	1.0000
0.1848	ex8_1_7	14	46	0.9343
0.1847	ex2_1_3	31	72	1.0000
0.1836	himmel11	14	60	1.0000
0.1816	ex9_2_6	28	68	1.0000
0.1815	st_bsj2	13	40	0.7972
0.1812	ex9_1_2	19	54	0.9521
0.1809	ex1225	26	66	0.9415
0.1770	nvs02	11	46	1.0000
0.1635	st_glmp_ss2	18	48	1.0000
0.1622	st_glmp_ss1	24	66	1.0000
0.1608	ex3_1_3	18	36	0.9222
0.1599	oaer	20	40	1.0000
0.1588	st_bpk1	16	44	0.9391
0.1540	st_ph13	23	68	0.8599
0.1395	ex9_2_4	15	36	1.0000
0.1386	st_pan1	11	32	0.7642
0.1319	ex14_1_8	11	30	1.0000
0.1257	st_ht	8	18	0.8627
0.1204	st_e22	12	30	0.9091
0.0002	polygon75	5846	49652	1.0000
0.0001	pedigree_sim400	351	23546	0.9997
0.0000	camshape400	2000	7188	1.0000
0.0000	autocorr_bern40-30	43	1534	1.0000
0.0000	smallinvDAXr1b010-011	39	1120	0.9859
0.0000	autocorr_bern35-35fix	38	1264	1.0000
0.0000	autocorr_bern30-23	33	878	1.0000
0.0000	cvxnonsep_psig30	30	870	1.0000
0.0000	autocorr_bern25-19	28	612	1.0000
0.0000	autocorr_bern20-15	23	394	1.0000
0.0000	st_qpc-m3a	30	304	0.6755
0.0000	cvxnonsep_psig20	20	380	1.0000
0.0000	nvs19	24	200	0.6534
0.0000	nvs23	27	252	0.6356
0.0000	st_iqpbk1	22	98	1.0000
0.0000	cvxnonsep_normcon40r	162	322	1.0000
0.0000	st_e25	20	92	0.7798
0.0000	st_e41	8	32	1.0000
0.0000	st_e24	10	26	0.8906
0.0000	cvxnonsep_psig30r	126	250	1.0000
0.0000	cvxnonsep_normcon20r	82	162	1.0000
0.0000	st_miqp2	10	18	1.0000
0.0000	cvxnonsep_psig20r	86	170	1.0000
matrices under 0.010s: 23/300
matrices under 0.050s: 23/300
matrices under 0.100s: 23/300
matrices under 0.200s: 46/300
matrices under 0.400s: 145/300

--- per-bucket ---
lt_1k    count=147   geomean=0.8873
1k_10k   count=108   geomean=0.8377
gt_10k   count=45    geomean=0.6852
SCORE = 0.791586
WORST order() = 1.266 s
FORCEAUDIT	stage1b_sites=39	force_fires=10	unsound=0	core_total_mismatch=0	max_drift_ppm=0	worst_incumbent=0	worst_adopted=0	tie_window_opened=16	tie_pass_run=2
ok

test result: ok. 1 passed; 0 failed; 0 ignored; 0 measured; 177 filtered out; finished in 141.33s

############ ARM X done
############ ARM X22 : env SSI_INDEP_FORCE=1 SSI_SPAN_WINDOWS_EXTRA=1 SSI_TERM_CLASS_N=22000
warning: unused doc comment
    --> candidate-worker/src/../../src/ordering/mod.rs:1240:1
     |
1240 | / /// TEST-ONLY sweep switch for the mid-size `rgreedy` stream opened by the 0154
1241 | | /// engine census. Returns `(ops_budget, gate_variant, stream_count)`; a zero
1242 | | /// budget disables the stream, which is what production compiles to — the
1243 | | /// switch can never change a submitted ordering. Configured through
1244 | | /// `SSI_MID_ENGINE="<variant>:<budget>[:<streams>]"` so one build can sweep
1245 | | /// several gate/budget points.
     | |_------------------------------^
     |   |
     |   rustdoc does not generate documentation for macro invocations
     |
     = help: to document an item produced by a macro, the macro must produce the documentation as part of its expansion
     = note: `#[warn(unused_doc_comments)]` (part of `#[warn(unused)]`) on by default

warning: unused doc comment
    --> candidate-worker/src/../../src/ordering/mod.rs:1508:1
     |
1508 | / /// TEST-ONLY kill switch for the heavy-tier arm (metrics + no-dense AMD +
1509 | | /// extra AMF α), so a probe can A/B the arm in one process.
     | |_-----------------------------------------------------------^
     |   |
     |   rustdoc does not generate documentation for macro invocations
     |
     = help: to document an item produced by a macro, the macro must produce the documentation as part of its expansion

warning: unused doc comment
   --> candidate-worker/src/../../src/ordering/parallel.rs:335:1
    |
335 | / /// TEST-ONLY switch forcing every batch onto the sequential path, so a probe
336 | | /// can run the SAME `order()` both ways in one process and compare the
337 | | /// returned permutations element by element. Production builds compile
338 | | /// [`force_sequential`] down to a constant `false`.
    | |_---------------------------------------------------^
    |   |
    |   rustdoc does not generate documentation for macro invocations
    |
    = help: to document an item produced by a macro, the macro must produce the documentation as part of its expansion

warning: unused doc comment
   --> candidate-worker/src/../../src/ordering/parallel.rs:369:1
    |
369 | / /// TEST-ONLY per-phase wall-clock marks: `phase_mark(label, t0)` appends
370 | | /// `(label, secs since t0)`; `phase_take()` drains them. Lets a probe see which
371 | | /// stage of `order()` sets a row's critical path. Never compiled into the
372 | | /// shipped binary.
    | |_------------------^
    |   |
    |   rustdoc does not generate documentation for macro invocations
    |
    = help: to document an item produced by a macro, the macro must produce the documentation as part of its expansion

warning: unused doc comment
    --> candidate-worker/src/../../src/ordering/mod.rs:5171:5
     |
5171 | /     /// ── 0192: the window is the frontier's own chain scope ─────────────────
5172 | |     /// The chain no longer reaches above n = 10 000 (see `PEO_ALT_MAX_N`), so
5173 | |     /// the draw takes over the whole band the chain used to own. Measured on the
5174 | |     /// 300 dev rows: with the window at 50 000 instead of 12 000 the draw adds
...    |
5180 | |     /// spender there), and its worst row is 1.127 s against the frontier's
5181 | |     /// 1.160 s base, so the wide band stays below the frontier's own footprint.
     | |________________________________________________________________________________^
5182 |       #[cfg(test)]
5183 | /     let window_n: usize = std::env::var("SSI_TERM_WIN_N")
5184 | |         .ok()
5185 | |         .and_then(|v| v.trim().parse::<usize>().ok())
5186 | |         .unwrap_or(50_000);
     | |___________________________- rustdoc does not generate documentation for statements
     |
     = help: use `//` for a plain comment

warning: unused doc comment
    --> candidate-worker/src/../../src/ordering/mod.rs:5323:9
     |
5323 | /         /// `nnz < 3n` = the sparse band of the 0184 price law (66 of the 300 dev
5324 | |         /// rows, all of them in-window). Structural, never per-matrix.
     | |_______________________________________________________________________^
5325 | /         let shipped_ladder = || {
5326 | |             if nnz < 3 * n {
5327 | |                 SHIPPED_SPARSE_LADDER.to_vec()
5328 | |             } else {
...    |
5331 | |         };
     | |__________- rustdoc does not generate documentation for statements
     |
     = help: use `//` for a plain comment

warning: variable does not need to be mutable
    --> candidate-worker/src/../../src/ordering/probe.rs:4151:9
     |
4151 |     let mut next = |s: &mut u64| -> u64 {
     |         ----^^^^
     |         |
     |         help: remove this `mut`
     |
     = note: `#[warn(unused_mut)]` (part of `#[warn(unused)]`) on by default

warning: value assigned to `d` is never read
   --> candidate-worker/src/../../src/ordering/rgreedy.rs:397:29
    |
397 |                 let mut d = 0u32;
    |                             ^^^^
    |
    = help: maybe it is overwritten before being read?
    = note: `#[warn(unused_assignments)]` (part of `#[warn(unused)]`) on by default

warning: constant `SUBTREE_MAX_N` is never used
   --> candidate-worker/src/../../src/ordering/mod.rs:872:7
    |
872 | const SUBTREE_MAX_N: usize = 250_000;
    |       ^^^^^^^^^^^^^
    |
    = note: `#[warn(dead_code)]` (part of `#[warn(unused)]`) on by default

warning: function `refine` is never used
  --> candidate-worker/src/../../src/ordering/completion.rs:12:15
   |
12 | pub(super) fn refine(
   |               ^^^^^^

warning: type alias `PermFn` is never used
  --> candidate-worker/src/../../src/ordering/parallel.rs:80:17
   |
80 | pub(crate) type PermFn<'a> = Box<dyn Fn() -> Option<Vec<usize>> + Sync + 'a>;
   |                 ^^^^^^

warning: function `run_perms` is never used
   --> candidate-worker/src/../../src/ordering/parallel.rs:189:15
    |
189 | pub(crate) fn run_perms(
    |               ^^^^^^^^^

warning: function `accept` is never used
   --> candidate-worker/src/../../src/ordering/parallel.rs:314:15
    |
314 | pub(crate) fn accept(results: &mut [CandOut], best_flops: &mut u64, best_perm: &mut Vec<usize>) -> bool {
    |               ^^^^^^

warning: function `minl_is_clique` is never used
   --> candidate-worker/src/../../src/ordering/minl.rs:136:4
    |
136 | fn minl_is_clique(adj: &[Vec<u32>], c: &[u32], ops: &mut i64) -> bool {
    |    ^^^^^^^^^^^^^^

warning: function `minl_try_delete_edge` is never used
   --> candidate-worker/src/../../src/ordering/minl.rs:232:4
    |
232 | fn minl_try_delete_edge(
    |    ^^^^^^^^^^^^^^^^^^^^

warning: function `run_sequential_180` is never used
   --> candidate-worker/src/../../src/ordering/indep_first.rs:632:4
    |
632 | fn run_sequential_180(sp: &ScoringPattern, ledger: u64) -> Option<(u64, Vec<usize>)> {
    |    ^^^^^^^^^^^^^^^^^^

warning: function `reset` is never used
   --> candidate-worker/src/../../src/ordering/mod.rs:557:19
    |
557 |     pub(crate) fn reset() {
    |                   ^^^^^

warning: `ssi-candidate-worker` (bin "ssi-candidate-worker" test) generated 17 warnings (run `cargo fix --bin "ssi-candidate-worker" -p ssi-candidate-worker --tests` to apply 1 suggestion)
    Finished `release` profile [optimized] target(s) in 0.01s
     Running unittests src/main.rs (target/release/deps/ssi_candidate_worker-9bc17c144118ca64)

running 1 test
test ordering::probe::probe_timing_and_score ... LADGATE	357	10000	0.221	1
LIFT	slay06m	357	147	660	147
COUNTS	slay06m	357	1080	4025	4025
LADGATE	401	10000	0.254	1
LIFT	sssd25-08	401	89	640	89
COUNTS	sssd25-08	401	1200	5389	5389
LADGATE	4772	10000	0.621	1
LIFT	rsyn0810m04m	4772	2520	9996	2520
COUNTS	rsyn0810m04m	4772	13836	147553	113250
LIFT	pooling_sppc3pq	23173	12327	872032	12327
COUNTS	pooling_sppc3pq	23173	893724	1153877333	325595394
LADGATE	1131	10000	0.556	1
LIFT	sporttournament48	1131	721	7408	721
COUNTS	sporttournament48	1131	6676	919582	592120
LADGATE	5030	10000	0.427	1
LIFT	pooling_sppa9pq	5030	2509	126346	2509
COUNTS	pooling_sppa9pq	5030	120730	23971280	15130622
LADGATE	1053	10000	0.314	1
LIFT	edgecross10-090	1053	571	4240	571
COUNTS	edgecross10-090	1053	5204	126115	103179
LIFT	maxcsp-ehi-85-297-71	2372	2075	216272	2075
COUNTS	maxcsp-ehi-85-297-71	2372	207996	1381768944	1110971341
LADGATE	30	10000	0.167	1
COUNTS	st_bpaf1a	30	120	623	580
LADGATE	1462	10000	0.480	1
LIFT	risk2bpb	1462	628	4030	628
COUNTS	risk2bpb	1462	5396	118471	66041
LADGATE	255	10000	0.133	1
LIFT	qap	255	225	49148	225
COUNTS	qap	255	43748	3802533	3650113
LADGATE	7252	10000	0.569	1
LIFT	rsyn0830m04m	7252	3744	14872	3744
COUNTS	rsyn0830m04m	7252	20752	212130	171656
LADGATE	1073	10000	0.266	1
LIFT	lop97icx	1073	155	1760	155
COUNTS	lop97icx	1073	2118	79286	64044
LADGATE	1201	10000	0.229	1
LIFT	chain400	1201	800	3196	800
COUNTS	chain400	1201	4796	16382	16382
LADGATE	9532	10000	0.745	1
LIFT	mpbp_07	9532	5704	23110	5704
COUNTS	mpbp_07	9532	30810	1368477	1248947
LADGATE	440	10000	0.336	1
LIFT	sonetgr17	440	317	2712	317
COUNTS	sonetgr17	440	2958	37814	30971
LADGATE	2207	10000	0.594	1
LIFT	p_ball_30b_7p_2d_h	2207	1415	5932	1415
COUNTS	p_ball_30b_7p_2d_h	2207	7516	42456	42319
LADGATE	19995	10000	0.703	0
LIFT	pinene200	19995	15795	89590	15795
COUNTS	pinene200	19995	97990	1358716	1134463
LIFT	unitcommit_200_100_1_mod_8	146830	73272	329560	73272
COUNTS	unitcommit_200_100_1_mod_8	146830	476332	3053940	2981835
LADGATE	123	10000	0.277	1
LIFT	ex8_3_9	123	101	766	101
COUNTS	ex8_3_9	123	834	15050	11503
LADGATE	2486	10000	0.610	1
LIFT	rsyn0820m02m	2486	1364	4808	1364
COUNTS	rsyn0820m02m	2486	6932	38190	35631
LADGATE	293	10000	0.251	1
LIFT	p_ball_10b_5p_2d_m	293	119	716	119
COUNTS	p_ball_10b_5p_2d_m	293	964	6648	6547
LADGATE	170	10000	0.204	1
LIFT	pooling_adhya4tp	170	93	806	93
COUNTS	pooling_adhya4tp	170	936	26842	20581
LADGATE	7295	10000	0.303	1
LIFT	squfl015-080persp	7295	2495	12000	2495
COUNTS	squfl015-080persp	7295	21600	74520	74520
LADGATE	1053	10000	0.318	1
LIFT	edgecross10-080	1053	571	4976	571
COUNTS	edgecross10-080	1053	5940	170814	164639
LADGATE	590	10000	0.312	1
LIFT	clay0204hfsg	590	278	1184	278
COUNTS	clay0204hfsg	590	1696	7198	6562
LADGATE	13	10000	0.120	1
COUNTS	st_bsj2	13	40	143	114
LADGATE	440	10000	0.439	1
LIFT	chimera_mgw-c8-439-onc8-002	440	418	3060	418
COUNTS	chimera_mgw-c8-439-onc8-002	440	3038	97870	86464
LADGATE	5188	10000	0.667	1
LIFT	batchs201210m	5188	2645	13208	2645
COUNTS	batchs201210m	5188	17910	349298	303381
LADGATE	5456	10000	0.666	1
LIFT	rsyn0815m04m	5456	2966	10968	2966
COUNTS	rsyn0815m04m	5456	15756	184352	143458
LADGATE	560	10000	0.307	1
LIFT	syn40m	560	291	1080	291
COUNTS	syn40m	560	1528	5007	4829
LADGATE	2157	10000	0.267	1
LIFT	knp5-44	2157	1167	31152	1167
COUNTS	knp5-44	2157	32604	3764003	3764003
LADGATE	94	10000	0.214	1
LIFT	ex1263a	94	59	320	59
COUNTS	ex1263a	94	390	2098	2098
COUNTS	st_e41	8	32	88	88
LADGATE	2305	10000	0.640	1
LIFT	squfl025-030	2305	805	3000	805
COUNTS	squfl025-030	2305	6000	42305	42305
LADGATE	98	10000	0.246	1
LIFT	wastewater05m1	98	62	740	62
COUNTS	wastewater05m1	98	536	11690	8002
COUNTS	cvxnonsep_psig20	20	380	2870	2870
LADGATE	4405	10000	0.176	1
LIFT	meanvar-orl400_05_e_8	4405	2403	168400	2403
COUNTS	meanvar-orl400_05_e_8	4405	171604	21923414	21922611
LADGATE	301	10000	0.268	1
LIFT	st_e31	301	163	492	163
COUNTS	st_e31	301	744	4534	4257
LIFT	pooling_sppc1pq	14100	7273	535700	7273
COUNTS	pooling_sppc1pq	14100	477680	812210652	136686008
LADGATE	31	10000	0.166	1
COUNTS	pooling_haverly1pq	31	96	412	403
LADGATE	128	10000	0.228	1
LIFT	graphpart_3g-0244-0244	128	96	672	96
COUNTS	graphpart_3g-0244-0244	128	672	33446	32534
LADGATE	80	10000	0.243	1
LIFT	graphpart_clique-20	80	77	1254	77
COUNTS	graphpart_clique-20	80	1260	34885	27856
LADGATE	28368	10000	1.007	0
LIFT	mpbp_48	28368	16000	66180	16000
COUNTS	mpbp_48	28368	91016	33835023	16144599
LIFT	pooling_sppb5pq	18529	9496	693670	9496
COUNTS	pooling_sppb5pq	18529	674470	523815053	213571545
LADGATE	497	10000	0.271	1
LIFT	slay07m	497	203	924	203
COUNTS	slay07m	497	1512	5740	5740
COUNTS	nvs19	24	200	1353	884
LADGATE	3270	10000	0.541	1
LIFT	oil	3270	1687	5444	1687
COUNTS	oil	3270	8430	36313	34760
LADGATE	2775	10000	0.862	1
LIFT	squfl015-060	2775	975	3600	975
COUNTS	squfl015-060	2775	7200	36400	36400
LADGATE	1112	10000	0.455	1
LIFT	ndcc12persp	1112	961	5220	961
COUNTS	ndcc12persp	1112	5522	299115	284793
LIFT	kissing2	20772	10772	381024	10772
COUNTS	kissing2	20772	401024	156414018	156414018
LADGATE	1942	10000	0.604	1
LIFT	nuclear25a	1942	755	18260	755
COUNTS	nuclear25a	1942	16030	1977163	1136191
LADGATE	222	10000	0.237	1
LIFT	clay0204m	222	102	464	102
COUNTS	clay0204m	222	704	2330	2330
LADGATE	23	10000	0.135	1
COUNTS	st_ph13	23	68	207	178
LADGATE	1053	10000	0.403	1
LIFT	edgecross10-030	1053	573	5134	573
COUNTS	edgecross10-030	1053	4654	135854	100080
LADGATE	601	10000	0.259	1
LIFT	chain200	601	400	1596	400
COUNTS	chain200	601	2396	8182	8182
LADGATE	25	10000	0.164	1
COUNTS	ex1223b	25	66	178	178
LADGATE	2718	10000	0.574	1
LIFT	slay09h	2718	1206	5040	1206
COUNTS	slay09h	2718	7488	36057	32385
LADGATE	974	10000	0.584	1
LIFT	ndcc12	974	902	6222	902
COUNTS	ndcc12	974	5982	345696	329556
LADGATE	1306	10000	0.429	1
LIFT	kall_circlesrectangles_c6r39	1306	924	4638	924
COUNTS	kall_circlesrectangles_c6r39	1306	5378	75744	74610
LADGATE	9170	10000	0.555	1
LIFT	squfl020-150	9170	3170	12000	3170
COUNTS	squfl020-150	9170	24000	135020	135020
COUNTS	autocorr_bern40-30	43	1534	20034	20034
LADGATE	660	10000	0.293	1
LIFT	slay08m	660	268	1232	268
COUNTS	slay08m	660	2016	7796	7796
LADGATE	2032	10000	0.640	1
LIFT	chimera_mgw-c16-2031-01	2032	2021	15902	2021
COUNTS	chimera_mgw-c16-2031-01	2032	15900	3328073	2569662
LADGATE	713	10000	0.400	1
LIFT	forest	713	404	2076	404
COUNTS	forest	713	2658	10614	10543
LADGATE	280	10000	0.171	1
LIFT	qspp_0_10_0_1_10_1	280	244	29450	244
COUNTS	qspp_0_10_0_1_10_1	280	29636	1942907	1932414
LADGATE	16	10000	0.138	1
COUNTS	st_ph1	16	58	274	233
LADGATE	124	10000	0.187	1
LIFT	elf	124	65	258	65
COUNTS	elf	124	376	2733	2173
LADGATE	18	10000	0.144	1
COUNTS	ex3_1_3	18	36	90	83
COUNTS	cvxnonsep_normcon40r	162	322	645	645
LADGATE	155	10000	0.247	1
LIFT	demo7	155	66	448	66
COUNTS	demo7	155	618	3579	3426
LADGATE	615	10000	0.387	1
LIFT	waternd2	615	447	2394	447
COUNTS	waternd2	615	2580	155674	74817
LADGATE	64	10000	0.202	1
LIFT	prolog	64	42	248	42
COUNTS	prolog	64	292	1245	1225
LADGATE	11	10000	0.115	1
COUNTS	ex14_1_8	11	30	80	80
LIFT	faclay75	272878	137826	1109602	137826
COUNTS	faclay75	272878	1379706	3204527350	3013800414
LADGATE	55	10000	0.132	1
LIFT	st_qpk3	55	33	504	33
COUNTS	st_qpk3	55	548	5467	3762
LADGATE	11556	10000	0.590	0
LIFT	mpbp_34	11556	7230	32172	7230
COUNTS	mpbp_34	11556	40860	3093917	891278
COUNTS	cvxnonsep_normcon20r	82	162	325	325
COUNTS	cvxnonsep_psig20r	86	170	341	341
LADGATE	18742	10000	0.692	0
LIFT	crudeoil_pooling_dt2	18742	10735	60222	10735
COUNTS	crudeoil_pooling_dt2	18742	75910	14985540	9947932
LADGATE	2868	10000	0.927	1
LIFT	rsyn0805m03m	2868	1596	5810	1596
COUNTS	rsyn0805m03m	2868	8270	60979	54853
COUNTS	st_iqpbk1	22	98	295	295
LADGATE	96	10000	0.258	1
LIFT	waterund01	96	47	384	47
COUNTS	waterund01	96	404	4546	3317
LADGATE	29	10000	0.152	1
COUNTS	pointpack04	29	120	577	577
LADGATE	12	10000	0.104	1
COUNTS	st_e22	12	30	77	70
LADGATE	16678	10000	0.437	0
LIFT	faclay30	16678	8556	65998	8556
COUNTS	faclay30	16678	82242	13452923	12850431
LADGATE	4432	10000	0.438	1
LIFT	arki0002	4432	2608	9424	2608
COUNTS	arki0002	4432	11248	683476	667374
LADGATE	11659	10000	0.804	0
LIFT	transswitch0300p	11659	6750	41276	6750
COUNTS	transswitch0300p	11659	48446	404940	374193
LADGATE	30660	10000	0.828	0
LIFT	crudeoil_pooling_dt3	30660	15957	134914	15957
COUNTS	crudeoil_pooling_dt3	30660	152210	48975085	33883414
LADGATE	22536	10000	0.740	0
LIFT	gasprod_sarawak81	22536	12902	61066	12902
COUNTS	gasprod_sarawak81	22536	75636	1030380	941231
LADGATE	660	10000	0.399	1
LIFT	maxcsp-langford-3-11	660	627	41846	627
COUNTS	maxcsp-langford-3-11	660	29646	33444033	10360919
LADGATE	1543	10000	0.361	1
LIFT	p_ball_30b_5p_2d_h	1543	999	4136	999
COUNTS	p_ball_30b_5p_2d_h	1543	5224	25843	25742
LADGATE	6709	10000	0.487	1
LIFT	ringpack_20_3	6709	3451	41284	3451
COUNTS	ringpack_20_3	6709	45220	2415136	865627
LADGATE	4825	10000	0.689	1
LIFT	waste	4825	2503	19260	2503
COUNTS	waste	4825	21504	1468261	1270649
LADGATE	2001	10000	0.294	1
LIFT	catmix400	2001	1998	11180	1998
COUNTS	catmix400	2001	11192	36373	36364
LADGATE	3054	10000	0.531	1
LIFT	rsyn0815m02hfsg	3054	1697	5478	1697
COUNTS	rsyn0815m02hfsg	3054	7968	44604	41384
LADGATE	1236	10000	0.298	1
LIFT	p_ball_10b_7p_3d_h	1236	751	3216	751
COUNTS	p_ball_10b_7p_3d_h	1236	4186	24380	23744
LADGATE	1225	10000	0.628	1
LIFT	chimera_k64ising-02	1225	772	3732	772
COUNTS	chimera_k64ising-02	1225	3846	613390	371142
LADGATE	3404	10000	0.582	1
LIFT	batchs121208m	3404	1725	8392	1725
COUNTS	batchs121208m	3404	11462	138030	128816
LADGATE	11	10000	0.112	1
COUNTS	nvs02	11	46	142	142
LADGATE	191	10000	0.267	1
LIFT	wastepaper6	191	156	1358	156
COUNTS	wastepaper6	191	1416	16611	16611
LADGATE	399	10000	0.266	1
LIFT	syn15hfsg	399	221	666	221
COUNTS	syn15hfsg	399	1022	3300	3272
LADGATE	36	10000	0.181	1
LIFT	st_jcbpaf2	36	23	220	23
COUNTS	st_jcbpaf2	36	246	1635	1543
COUNTS	camshape400	2000	7188	16768	16768
LADGATE	120	10000	0.262	1
LIFT	graphpart_clique-30	120	117	2784	117
COUNTS	graphpart_clique-30	120	2790	114505	91153
LADGATE	280	10000	0.216	1
LIFT	graphpart_clique-70	280	277	14904	277
COUNTS	graphpart_clique-70	280	14910	1413012	1144894
COUNTS	smallinvDAXr1b010-011	39	1120	13510	13319
LADGATE	22074	10000	0.407	0
LIFT	nd_netgen-2000-3-4-b-a-ns_7	22074	10074	36000	10074
COUNTS	nd_netgen-2000-3-4-b-a-ns_7	22074	60000	289420	273394
LADGATE	240	10000	0.230	1
LIFT	slay05m	240	100	440	100
COUNTS	slay05m	240	720	2635	2635
LADGATE	2031	10000	1.127	1
LIFT	chimera_selby-c16-01	2031	1517	13662	1517
COUNTS	chimera_selby-c16-01	2031	10964	3605628	2419538
LADGATE	110	10000	0.187	1
LIFT	csched1	110	30	100	30
COUNTS	csched1	110	376	975	975
LADGATE	1310	10000	0.157	1
LIFT	watercontamination0303r	1310	755	35918	755
COUNTS	watercontamination0303r	1310	37028	2171882	2171882
LADGATE	15	10000	0.119	1
COUNTS	ex9_2_4	15	36	117	117
LADGATE	163	10000	0.186	1
LIFT	sssd15-04	163	47	240	47
COUNTS	sssd15-04	163	440	1625	1625
COUNTS	autocorr_bern35-35fix	38	1264	16214	16214
LADGATE	1491	10000	0.346	1
LIFT	sfacloc2_4_90	1491	775	3282	775
COUNTS	sfacloc2_4_90	1491	4500	31682	28843
LIFT	cont6-qq	120395	79800	397602	79800
COUNTS	cont6-qq	120395	557994	835894090	581918900
LADGATE	5205	10000	0.171	1
LIFT	meanvar-orl400_05_e_7	5205	2803	170000	2803
COUNTS	meanvar-orl400_05_e_7	5205	174804	21939414	21935811
LADGATE	10017	10000	0.356	0
LIFT	glider400	10017	7609	43204	7609
COUNTS	glider400	10017	49624	373018	327461
LADGATE	4960	10000	0.644	1
LIFT	syn40m04m	4960	2524	9280	2524
COUNTS	syn40m04m	4960	13792	65982	63265
LADGATE	31	10000	0.163	1
COUNTS	ex2_1_3	31	72	189	189
LADGATE	705	10000	0.514	1
LIFT	qapw	705	480	87046	480
COUNTS	qapw	705	87496	12183146	12183146
LADGATE	14	10000	0.114	1
COUNTS	himmel11	14	60	198	198
LADGATE	1908	10000	0.382	1
LIFT	syn15m04m	1908	970	3540	970
COUNTS	syn15m04m	1908	5288	26094	25061
LADGATE	118	10000	0.230	1
LIFT	pooling_rt2tp	118	66	554	66
COUNTS	pooling_rt2tp	118	654	5876	5796
LADGATE	333	10000	0.301	1
LIFT	waterund14	333	191	2068	191
COUNTS	waterund14	333	2204	200484	72184
LADGATE	17809	10000	1.093	0
LIFT	crudeoil_lee4_10	17809	10229	106656	10229
COUNTS	crudeoil_lee4_10	17809	120632	294531623	184173410
LADGATE	1294	10000	0.505	1
LIFT	pooling_foulds4pq	1294	723	7208	723
COUNTS	pooling_foulds4pq	1294	8302	138692	138540
LADGATE	3097	10000	0.355	1
LIFT	edgecross14-156	3097	1639	16748	1639
COUNTS	edgecross14-156	3097	19664	1487933	1376964
LADGATE	72	10000	0.208	1
LIFT	tspn08	72	34	646	34
COUNTS	tspn08	72	668	11074	7600
LADGATE	4225	10000	0.619	1
LIFT	crudeoil_li05	4225	2656	17380	2656
COUNTS	crudeoil_li05	4225	14628	680022	533531
LADGATE	14416	10000	0.681	0
LIFT	procurement1large	14416	6606	28248	6606
COUNTS	procurement1large	14416	41068	13858240	7373389
LADGATE	1428	10000	0.338	1
LIFT	blend721	1428	829	3334	829
COUNTS	blend721	1428	4548	77560	66143
LADGATE	2031	10000	1.150	1
LIFT	chimera_selby-c16-02	2031	1436	15878	1436
COUNTS	chimera_selby-c16-02	2031	10878	4280329	2298504
LADGATE	16640	10000	0.431	0
LIFT	supplychainr1_053050	16640	9640	44160	9640
COUNTS	supplychainr1_053050	16640	57800	2173490	2173490
LADGATE	5067	10000	0.797	1
LIFT	sfacloc2_4_80	5067	2567	16656	2567
COUNTS	sfacloc2_4_80	5067	21424	93048	88884
COUNTS	st_e24	10	26	64	57
LADGATE	1053	10000	0.340	1
LIFT	edgecross10-040	1053	571	4152	571
COUNTS	edgecross10-040	1053	5116	161851	143518
LADGATE	8232	10000	0.387	1
LIFT	sonet21v6	8232	4221	32722	4221
COUNTS	sonet21v6	8232	40744	1643311	1585871
LADGATE	2490	10000	0.681	1
LIFT	squfl010-080	2490	890	3200	890
COUNTS	squfl010-080	2490	6400	27665	27665
LADGATE	221	10000	0.253	1
LIFT	genpooling_lee2	221	145	896	145
COUNTS	genpooling_lee2	221	1048	19895	14028
LADGATE	2807	10000	0.665	1
LIFT	popdynm25	2807	2349	13004	2349
COUNTS	popdynm25	2807	13904	360081	286762
LADGATE	5211	10000	0.803	1
LIFT	chp_partload	5211	3186	12690	3186
COUNTS	chp_partload	5211	16740	509170	373134
LADGATE	560	10000	0.251	1
LIFT	qspp_0_14_0_1_10_1	560	364	119024	364
COUNTS	qspp_0_14_0_1_10_1	560	120274	16119226	16038266
LADGATE	24	10000	0.144	1
COUNTS	st_glmp_ss1	24	66	160	160
LADGATE	2508	10000	0.502	1
LIFT	torsion50	2508	1302	20190	1302
COUNTS	torsion50	2508	29808	1691033	1118955
LADGATE	40	10000	0.179	1
LIFT	st_rv2	40	10	90	10
COUNTS	st_rv2	40	340	2045	2045
LADGATE	6885	10000	0.266	1
LIFT	emfl100_3_3	6885	2961	8100	2961
COUNTS	emfl100_3_3	6885	15948	55506	55506
COUNTS	pedigree_sim400	351	23546	1183471	1183168
COUNTS	polygon75	5846	49652	1171822	1171822
LIFT	gabriel10	244056	129644	1260406	129644
COUNTS	gabriel10	244056	1148210	1365442310	1267760679
LADGATE	1049	10000	0.303	1
LIFT	fo9_ar25_1	1049	507	3606	507
COUNTS	fo9_ar25_1	1049	4336	41668	38237
LADGATE	1159	10000	0.333	1
LIFT	rsyn0840m	1159	610	2176	610
COUNTS	rsyn0840m	1159	3168	11274	10602
LADGATE	548	10000	0.421	1
LIFT	gancns	548	318	2280	318
COUNTS	gancns	548	2800	69234	58861
LADGATE	1049	10000	0.323	1
LIFT	o9_ar4_1	1049	507	3606	507
COUNTS	o9_ar4_1	1049	4336	41668	38237
LADGATE	123	10000	0.280	1
LIFT	ex1265a	123	79	472	79
COUNTS	ex1265a	123	560	3948	3750
LADGATE	28	10000	0.185	1
COUNTS	ex9_2_6	28	68	190	190
LADGATE	481	10000	0.206	1
LIFT	qspp_0_13_0_1_10_1	481	312	87460	312
COUNTS	qspp_0_13_0_1_10_1	481	88522	10150185	10097446
LADGATE	146	10000	0.228	1
LIFT	slay04m	146	62	264	62
COUNTS	slay04m	146	432	1554	1554
COUNTS	st_e25	20	92	336	262
LADGATE	32	10000	0.183	1
LIFT	ex8_4_1	32	12	40	12
COUNTS	ex8_4_1	32	100	225	225
LADGATE	19	10000	0.168	1
COUNTS	st_e07	19	60	199	199
LADGATE	26	10000	0.175	1
COUNTS	ex1225	26	66	171	161
LADGATE	969	10000	0.614	1
LIFT	ndcc13	969	735	6656	735
COUNTS	ndcc13	969	5882	525212	324727
LADGATE	1224	10000	0.291	1
LIFT	syn10m04m	1224	620	2256	620
COUNTS	syn10m04m	1224	3384	13501	13463
LADGATE	18	10000	0.160	1
COUNTS	ex5_2_4	18	62	204	193
LADGATE	72	10000	0.211	1
LIFT	st_m2	72	21	420	21
COUNTS	st_m2	72	1226	16331	16331
LADGATE	16	10000	0.145	1
COUNTS	st_bpk1	16	44	115	108
LADGATE	736	10000	0.609	1
LIFT	multiplants_stg1	736	321	3112	321
COUNTS	multiplants_stg1	736	3594	197998	155496
LADGATE	11251	10000	0.766	0
LIFT	powerflow0300p	11251	6342	34748	6342
COUNTS	powerflow0300p	11251	41918	304705	291964
LADGATE	33155	10000	0.559	0
LIFT	nd_netgen-3000-1-1-b-b-ns_7	33155	15155	54000	15155
COUNTS	nd_netgen-3000-1-1-b-b-ns_7	33155	90000	922197	885186
LADGATE	803	10000	0.542	1
LIFT	sonet23v4	803	547	5952	547
COUNTS	sonet23v4	803	6462	139703	94348
LADGATE	1649	10000	0.436	1
LIFT	pooling_sppa0pq	1649	1648	24190	1648
COUNTS	pooling_sppa0pq	1649	24192	3745896	1214182
LADGATE	645	10000	0.611	1
LIFT	multiplants_mtg1b	645	406	4016	406
COUNTS	multiplants_mtg1b	645	4404	229415	152043
LADGATE	338	10000	0.247	1
LIFT	sssd18-08persp	338	138	768	138
COUNTS	sssd18-08persp	338	1168	4654	4654
LADGATE	19	10000	0.159	1
COUNTS	ex9_1_2	19	54	188	179
LADGATE	3670	10000	0.859	1
LIFT	crudeoil_lee1_07	3670	1957	17600	1957
COUNTS	crudeoil_lee1_07	3670	19322	4746188	3506464
LADGATE	31	10000	0.165	1
COUNTS	pooling_haverly1tp	31	96	423	403
LADGATE	230	10000	0.220	1
LIFT	waterund08	230	120	1760	120
COUNTS	waterund08	230	1290	35284	30110
LADGATE	76	10000	0.147	1
LIFT	kall_diffcircles_6	76	45	240	45
COUNTS	kall_diffcircles_6	76	302	1511	1511
LADGATE	440	10000	0.450	1
LIFT	chimera_mgw-c8-439-onc8-001	440	423	3066	423
COUNTS	chimera_mgw-c8-439-onc8-001	440	3040	106479	80090
LADGATE	160	10000	0.262	1
LIFT	waterund11	160	91	642	91
COUNTS	waterund11	160	828	14818	10705
LADGATE	16364	10000	0.731	0
LIFT	chp_shorttermplan2d	16364	8902	38240	8902
COUNTS	chp_shorttermplan2d	16364	52108	4089003	2104683
LADGATE	156	10000	0.292	1
LIFT	sporttournament18	156	136	810	136
COUNTS	sporttournament18	156	886	17568	13608
COUNTS	cvxnonsep_psig30	30	870	9455	9455
LADGATE	6089	10000	0.472	1
LIFT	ringpack_20_2	6089	3132	37034	3132
COUNTS	ringpack_20_2	6089	40368	1872174	707413
LADGATE	1386	10000	0.326	1
LIFT	blend718	1386	808	3138	808
COUNTS	blend718	1386	4310	70355	61466
LADGATE	115	10000	0.274	1
LIFT	wastepaper4	115	50	654	50
COUNTS	wastepaper4	115	724	9711	7183
LADGATE	2450	10000	0.616	1
LIFT	squfl010-040persp	2450	850	4000	850
COUNTS	squfl010-040persp	2450	7200	22825	22825
LADGATE	10429	10000	1.005	0
LIFT	crudeoil_lee4_06	10429	6797	109128	6797
COUNTS	crudeoil_lee4_06	10429	55492	65337120	32564806
LADGATE	1746	10000	0.589	1
LIFT	netmod_kar1	1746	798	3664	798
COUNTS	netmod_kar1	1746	4928	56838	43864
LADGATE	14	10000	0.116	1
COUNTS	ex8_1_7	14	46	137	128
LADGATE	108	10000	0.204	1
LIFT	graphpart_3g-0333-0333	108	81	648	81
COUNTS	graphpart_3g-0333-0333	108	648	44928	36228
LADGATE	760	10000	0.339	1
LIFT	slay05h	760	340	1400	340
COUNTS	slay05h	760	2080	9815	8795
LADGATE	156	10000	0.276	1
LIFT	korcns	156	92	598	92
COUNTS	korcns	156	712	7241	6599
LADGATE	5065	10000	0.758	1
LIFT	powerflow0118p	5065	2810	15480	2810
COUNTS	powerflow0118p	5065	18730	121503	117327
LADGATE	4799	10000	0.858	1
LIFT	sfacloc2_3_80	4799	2402	16046	2402
COUNTS	sfacloc2_3_80	4799	20600	84672	81119
LADGATE	6028	10000	0.628	1
LIFT	rsyn0820m04m	6028	3144	12532	3144
COUNTS	rsyn0820m04m	6028	17372	196890	152980
LADGATE	1046	10000	0.258	1
LIFT	hydroenergy1	1046	570	2164	570
COUNTS	hydroenergy1	1046	3024	14089	14089
LADGATE	181	10000	0.188	1
LIFT	maxmin	181	103	1284	103
COUNTS	maxmin	181	1440	8405	8405
LADGATE	8	10000	0.109	1
COUNTS	st_ht	8	18	51	44
LADGATE	6418	10000	0.892	1
LIFT	crudeoil_lee2_06	6418	4139	66598	4139
COUNTS	crudeoil_lee2_06	6418	34646	23299675	16202735
LADGATE	3183	10000	0.513	1
LIFT	kan_r3_h1_n4	3183	2301	12330	2301
COUNTS	kan_r3_h1_n4	3183	14062	104945	98713
LADGATE	378	10000	0.305	1
LIFT	primary	378	222	5294	222
COUNTS	primary	378	5610	109639	95258
LADGATE	1071	10000	0.283	1
LIFT	syn10m03hfsg	1071	591	1812	591
COUNTS	syn10m03hfsg	1071	2772	9890	9812
LADGATE	36	10000	0.185	1
LIFT	wastewater02m1	36	24	118	24
COUNTS	wastewater02m1	36	138	848	790
LADGATE	4620	10000	0.412	1
LIFT	supplychainr1_022020	4620	2680	11920	2680
COUNTS	supplychainr1_022020	4620	15680	273140	273100
LADGATE	3800	10000	0.267	1
LIFT	squfl025-025persp	3800	1300	6250	1300
COUNTS	squfl025-025persp	3800	11250	49925	49925
LADGATE	17999	10000	0.944	0
LIFT	ringpack_30_2	17999	9231	103922	9231
COUNTS	ringpack_30_2	17999	121458	12394600	2873684
LIFT	nuclear104	39098	26306	232222	26306
COUNTS	nuclear104	39098	257806	103156931	78332024
LADGATE	4952	10000	0.635	1
LIFT	chp_shorttermplan1a	4952	2592	11264	2592
COUNTS	chp_shorttermplan1a	4952	15700	376486	299565
LADGATE	555	10000	0.439	1
LIFT	rocket50	555	450	3272	450
COUNTS	rocket50	555	3488	19983	19265
LADGATE	8508	10000	0.768	1
LIFT	rsyn0840m04m	8508	4368	17360	4368
COUNTS	rsyn0840m04m	8508	24272	229914	184908
LADGATE	11716	10000	0.645	0
LIFT	mpbp_21	11716	6945	28072	6945
COUNTS	mpbp_21	11716	37660	1691114	1456963
LADGATE	172	10000	0.222	1
LIFT	orth_d4m6_pl	172	92	896	92
COUNTS	orth_d4m6_pl	172	1096	10938	10703
LADGATE	1681	10000	0.557	1
LIFT	kall_circlespolygons_c1p5b	1681	1245	6560	1245
COUNTS	kall_circlespolygons_c1p5b	1681	7432	201759	193841
LIFT	acopf_case9241pegase_qcqp	313068	201757	1141270	201757
COUNTS	acopf_case9241pegase_qcqp	313068	1292408	34647355	33736789
LADGATE	33	10000	0.174	1
LIFT	ex1223	33	18	54	18
COUNTS	ex1223	33	82	244	244
LADGATE	10	10000	0.125	1
COUNTS	ex6_1_4	10	48	197	153
LADGATE	403	10000	0.290	1
LIFT	powerflow0014r	403	234	1432	234
COUNTS	powerflow0014r	403	1630	10761	10361
LADGATE	2065	10000	0.279	1
LIFT	knp5-43	2065	1119	29756	1119
COUNTS	knp5-43	2065	31132	3517788	3517788
LADGATE	21688	10000	0.782	0
LIFT	gabriel09	21688	11348	105698	11348
COUNTS	gabriel09	21688	89702	29373994	26366112
LADGATE	32	10000	0.167	1
LIFT	tln2	32	18	60	18
COUNTS	tln2	32	88	233	233
LADGATE	22	10000	0.151	1
COUNTS	prob02	22	76	267	232
LADGATE	1422	10000	0.339	1
LIFT	blend146	1422	826	3252	826
COUNTS	blend146	1422	4460	78102	64296
LADGATE	4518	10000	0.462	1
LIFT	mpbp_46	4518	2728	10872	2728
COUNTS	mpbp_46	4518	14492	499547	447603
LADGATE	413	10000	0.352	1
LIFT	tls6	413	291	2630	291
COUNTS	tls6	413	2860	18483	17511
LADGATE	21925	10000	0.437	0
LIFT	emfl100_5_5	21925	9425	27300	9425
COUNTS	emfl100_5_5	21925	52300	221650	221650
LADGATE	341	10000	0.182	1
LIFT	qspp_0_11_0_1_10_1	341	220	43506	220
COUNTS	qspp_0_11_0_1_10_1	341	44264	3563707	3531915
LADGATE	403	10000	0.280	1
LIFT	p_ball_10b_5p_4d_m	403	169	1116	169
COUNTS	p_ball_10b_5p_4d_m	403	1484	13581	13288
LADGATE	90	10000	0.234	1
LIFT	st_rv9	90	70	800	70
COUNTS	st_rv9	90	840	6691	6321
LADGATE	3486	10000	0.519	1
LIFT	rsyn0840m02m	3486	1876	6568	1876
COUNTS	rsyn0840m02m	3486	9576	47529	44981
LADGATE	22	10000	0.164	1
COUNTS	nvs05	22	84	277	266
COUNTS	autocorr_bern25-19	28	612	5278	5278
LADGATE	356	10000	0.255	1
LIFT	sssd20-08persp	356	140	800	140
COUNTS	sssd20-08persp	356	1232	4960	4960
LADGATE	827	10000	0.638	1
LIFT	multiplants_stg5	827	310	3480	310
COUNTS	multiplants_stg5	827	3804	377794	155722
LADGATE	2032	10000	0.687	1
LIFT	chimera_rfr-02	2032	2012	15234	2012
COUNTS	chimera_rfr-02	2032	15140	3860441	2486435
LADGATE	726	10000	0.595	1
LIFT	multiplants_stg1a	726	304	2994	304
COUNTS	multiplants_stg1a	726	3510	142058	121443
LADGATE	170	10000	0.230	1
LIFT	pooling_adhya4pq	170	93	790	93
COUNTS	pooling_adhya4pq	170	932	24314	16556
LADGATE	17493	10000	0.788	0
LIFT	nuclear10a	17493	15309	159656	15309
COUNTS	nuclear10a	17493	163816	82406325	55754381
LADGATE	874	10000	0.555	1
LIFT	sonet24v5	874	595	6704	595
COUNTS	sonet24v5	874	7260	185654	110276
LIFT	transswitch2736spr	69651	44696	297260	44696
COUNTS	transswitch2736spr	69651	331010	7933133	7281507
LADGATE	8992	10000	0.514	1
LIFT	chp_shorttermplan2a	8992	4760	18484	4760
COUNTS	chp_shorttermplan2a	8992	26288	821014	575282
LADGATE	1001	10000	0.224	1
LIFT	catmix200	1001	998	5580	998
COUNTS	catmix200	1001	5592	18173	18164
COUNTS	nvs23	27	252	1921	1221
LADGATE	20	10000	0.141	1
COUNTS	oaer	20	40	107	107
LADGATE	168	10000	0.179	1
LIFT	hybriddynamic_fixed	168	80	250	80
COUNTS	hybriddynamic_fixed	168	388	1103	1103
LADGATE	16747	10000	0.615	0
LIFT	edgecross24-115	16747	8651	85448	8651
COUNTS	edgecross24-115	16747	77352	35096942	28685704
LADGATE	1178	10000	0.307	1
LIFT	space25	1178	243	1212	243
COUNTS	space25	1178	4334	23567	22528
LADGATE	23999	10000	0.587	0
LIFT	methanol400	23999	19199	142128	19199
COUNTS	methanol400	23999	151728	2586036	1864047
LADGATE	1218	10000	0.552	1
LIFT	pooling_foulds5tp	1218	659	7246	659
COUNTS	pooling_foulds5tp	1218	8364	251833	171941
LADGATE	5040	10000	0.715	1
LIFT	pooling_sppa9tp	5040	2642	116234	2642
COUNTS	pooling_sppa9tp	5040	121302	104609262	16877457
COUNTS	st_miqp2	10	18	37	37
COUNTS	autocorr_bern30-23	33	878	8940	8940
LADGATE	9858	10000	0.787	1
LIFT	mpbp_15	9858	5550	25800	5550
COUNTS	mpbp_15	9858	31692	1496502	1167635
COUNTS	cvxnonsep_psig30r	126	250	501	501
LADGATE	1590	10000	0.446	1
LIFT	rsyn0830hfsg	1590	876	2784	876
COUNTS	rsyn0830hfsg	1590	4100	16168	15383
LADGATE	1271	10000	0.540	1
LIFT	crudeoil_pooling_ct1	1271	722	3626	722
COUNTS	crudeoil_pooling_ct1	1271	4642	125127	93863
LADGATE	800	10000	0.723	1
LIFT	multiplants_stg1c	800	326	3346	326
COUNTS	multiplants_stg1c	800	3894	150039	143020
LADGATE	11	10000	0.139	1
COUNTS	st_pan1	11	32	123	94
LADGATE	814	10000	0.687	1
LIFT	multiplants_stg1b	814	337	3456	337
COUNTS	multiplants_stg1b	814	3992	308612	187593
LADGATE	11999	10000	0.628	0
LIFT	methanol200	11999	9599	71328	9599
COUNTS	methanol200	11999	76128	1290836	905945
LADGATE	26778	10000	0.594	0
LIFT	faclay35	26778	13686	106196	13686
COUNTS	faclay35	26778	132380	33630126	32021838
LADGATE	13175	10000	0.267	0
LIFT	emfl050_5_5	13175	5675	17300	5675
COUNTS	emfl050_5_5	13175	32300	155400	155400
LIFT	transswitch2383wpr	59853	37844	247952	37844
COUNTS	transswitch2383wpr	59853	277562	3946309	3861509
LADGATE	1120	10000	0.550	1
LIFT	chimera_lga-01	1120	721	5500	721
COUNTS	chimera_lga-01	1120	6400	668019	497058
LADGATE	4596	10000	0.748	1
LIFT	gasprod_sarawak16	4596	2632	12316	2632
COUNTS	gasprod_sarawak16	4596	15316	213850	196064
LADGATE	15904	10000	1.064	0
LIFT	crudeoil_lee4_09	15904	10632	92014	10632
COUNTS	crudeoil_lee4_09	15904	101792	208785578	130655525
LADGATE	44909	10000	0.964	0
LIFT	arki0013	44909	18463	161472	18463
COUNTS	arki0013	44909	160172	390472987	157005417
LADGATE	42	10000	0.149	1
LIFT	st_m1	42	11	110	11
COUNTS	st_m1	42	432	3097	3097
LADGATE	5310	10000	0.726	1
LIFT	mpbp_47	5310	3182	12798	3182
COUNTS	mpbp_47	5310	17098	730624	652208
LADGATE	821	10000	0.445	1
LIFT	rsyn0815m	821	434	1516	434
COUNTS	rsyn0815m	821	2242	8260	7745
LADGATE	7993	10000	1.110	1
LIFT	arki0016	7993	4968	26810	4968
COUNTS	arki0016	7993	37208	878890	835794
LADGATE	18	10000	0.142	1
COUNTS	st_glmp_ss2	18	48	121	121
LADGATE	2670	10000	0.704	1
LIFT	rsyn0810m02hfsg	2670	1484	4808	1484
COUNTS	rsyn0810m02hfsg	2670	6964	36862	34738
LADGATE	55	10000	0.147	1
LIFT	pointpack06	55	34	234	34
COUNTS	pointpack06	55	276	1497	1497
LADGATE	6328	10000	0.358	1
LIFT	syn40m04hfsg	6328	3492	11224	3492
COUNTS	syn40m04hfsg	6328	16896	76232	73657
LADGATE	258	10000	0.218	1
LIFT	clay0304m	258	122	576	122
COUNTS	clay0304m	258	840	2742	2742
LADGATE	1218	10000	0.436	1
LIFT	pooling_foulds5pq	1218	655	7342	655
COUNTS	pooling_foulds5pq	1218	8300	159641	159641
LADGATE	1000	10000	0.428	1
LIFT	clay0305hfsg	1000	485	2050	485
COUNTS	clay0305hfsg	1000	2910	12260	11240
LADGATE	64	10000	0.197	1
LIFT	st_test8	64	44	192	44
COUNTS	st_test8	64	232	2343	1964
LIFT	gams05	17364	8487	278504	8487
COUNTS	gams05	17364	252910	6179750712	3259322396
LADGATE	31	10000	0.176	1
COUNTS	sporttournament08	31	156	862	862
LADGATE	1121	10000	0.366	1
LIFT	powerflow0030p	1121	642	3468	642
COUNTS	powerflow0030p	1121	4194	24944	23642
LADGATE	22407	10000	0.921	0
LIFT	popdynm200	22407	18799	98384	18799
COUNTS	popdynm200	22407	105584	2567878	2436690
LADGATE	11120	10000	0.780	0
LIFT	mpbp_35	11120	6920	32350	6920
COUNTS	mpbp_35	11120	40790	3037207	975441
LADGATE	1492	10000	0.418	1
LIFT	syn30m02m	1492	762	2608	762
COUNTS	syn30m02m	1492	3936	13752	13455
LADGATE	481	10000	0.370	1
LIFT	wastewater13m1	481	353	3026	353
COUNTS	wastewater13m1	481	3252	60135	60068
LADGATE	1022	10000	0.298	1
LIFT	syn40hfsg	1022	573	1726	573
COUNTS	syn40hfsg	1022	2624	8432	8155
LADGATE	69	10000	0.180	1
LIFT	sep1	69	36	150	36
COUNTS	sep1	69	206	1097	1047
LADGATE	2508	10000	0.515	1
LIFT	syn30m03m	2508	1278	4542	1278
COUNTS	syn30m03m	2508	6804	26806	26552
COUNTS	st_qpc-m3a	30	304	2330	1574
LADGATE	2644	10000	1.132	1
LIFT	crudeoil_pooling_ct3	2644	1586	9346	1586
COUNTS	crudeoil_pooling_ct3	2644	11426	1381490	866197
LADGATE	634	10000	0.394	1
LIFT	space25a	634	417	2530	417
COUNTS	space25a	634	3246	29078	27875
COUNTS	autocorr_bern20-15	23	394	2784	2784
LADGATE	35	10000	0.173	1
LIFT	ex7_2_1	35	21	106	21
COUNTS	ex7_2_1	35	134	352	341
LADGATE	2092	10000	0.719	1
LIFT	hydroenergy2	2092	1090	4556	1090
COUNTS	hydroenergy2	2092	6236	69051	56014
LADGATE	514	10000	0.402	1
LIFT	pooling_digabel19	514	296	5918	296
COUNTS	pooling_digabel19	514	5340	325989	274903
LADGATE	132	10000	0.226	1
LIFT	clay0203m	132	63	282	63
COUNTS	clay0203m	132	420	1348	1348
LADGATE	13680	10000	0.374	0
LIFT	squfl030-150	13680	4680	18000	4680
COUNTS	squfl030-150	13680	36000	252605	252605

--- every order() call, slowest first (TSV) ---
secs	matrix	n	nnz	ratio
1.2877	chimera_selby-c16-02	2031	10878	0.5370
1.2735	arki0016	7993	37208	0.9510
1.2615	crudeoil_pooling_ct3	2644	11426	0.6270
1.2549	chimera_selby-c16-01	2031	10964	0.6710
1.1966	gabriel10	244056	1148210	0.9285
1.0949	crudeoil_lee4_10	17809	120632	0.6253
1.0878	acopf_case9241pegase_qcqp	313068	1292408	0.9737
1.0656	crudeoil_lee4_09	15904	101792	0.6258
1.0544	crudeoil_lee4_06	10429	55492	0.4984
1.0387	gams05	17364	252910	0.5274
1.0170	crudeoil_lee2_06	6418	34646	0.6954
1.0166	rsyn0805m03m	2868	8270	0.8995
1.0152	sfacloc2_3_80	4799	20600	0.9580
1.0076	mpbp_48	28368	91016	0.4772
1.0020	nuclear104	39098	257806	0.7593
0.9792	chp_partload	5211	16740	0.7328
0.9677	transswitch0300p	11659	48446	0.9241
0.9651	arki0013	44909	160172	0.4021
0.9621	mpbp_15	9858	31692	0.7802
0.9600	crudeoil_lee1_07	3670	19322	0.7388
0.9499	mpbp_07	9532	30810	0.9127
0.9499	ringpack_30_2	17999	121458	0.2318
0.9340	mpbp_35	11120	40790	0.3212
0.9301	sfacloc2_4_80	5067	21424	0.9552
0.9251	rsyn0840m04m	8508	24272	0.8042
0.9217	powerflow0300p	11251	41918	0.9582
0.9216	popdynm200	22407	105584	0.9489
0.9215	powerflow0118p	5065	18730	0.9656
0.9149	squfl015-060	2775	7200	1.0000
0.9063	gasprod_sarawak16	4596	15316	0.9168
0.8510	mpbp_47	5310	17098	0.8927
0.8285	crudeoil_pooling_dt3	30660	152210	0.6919
0.8246	multiplants_stg1c	800	3894	0.9532
0.8241	chimera_rfr-02	2032	15140	0.6441
0.8166	waste	4825	21504	0.8654
0.8133	faclay75	272878	1379706	0.9405
0.8083	batchs201210m	5188	17910	0.8685
0.8073	hydroenergy2	2092	6236	0.8112
0.7982	popdynm25	2807	13904	0.7964
0.7936	rsyn0815m04m	5456	15756	0.7782
0.7928	pooling_sppc3pq	23173	893724	0.2822
0.7922	multiplants_stg1b	814	3992	0.6079
0.7899	rsyn0810m02hfsg	2670	6964	0.9424
0.7893	nuclear10a	17493	163816	0.6766
0.7862	chp_shorttermplan1a	4952	15700	0.7957
0.7832	gabriel09	21688	89702	0.8976
0.7784	mpbp_21	11716	37660	0.8615
0.7726	methanol200	11999	76128	0.7018
0.7718	chimera_mgw-c16-2031-01	2032	15900	0.7721
0.7569	chimera_k64ising-02	1225	3846	0.6051
0.7566	crudeoil_li05	4225	14628	0.7846
0.7543	rsyn0820m04m	6028	17372	0.7770
0.7421	syn40m04m	4960	13792	0.9588
0.7416	mpbp_34	11556	40860	0.2881
0.7404	gasprod_sarawak81	22536	75636	0.9135
0.7395	chp_shorttermplan2d	16364	52108	0.5147
0.7336	squfl010-080	2490	6400	1.0000
0.7301	pooling_sppa9tp	5040	121302	0.1613
0.7241	multiplants_mtg1b	645	4404	0.6627
0.7230	rsyn0810m04m	4772	13836	0.7675
0.7229	multiplants_stg1	736	3594	0.7853
0.7216	multiplants_stg5	827	3804	0.4122
0.7209	nuclear25a	1942	16030	0.5747
0.7201	p_ball_30b_7p_2d_h	2207	7516	0.9968
0.7180	multiplants_stg1a	726	3510	0.8549
0.7165	ndcc13	969	5882	0.6183
0.7103	sporttournament48	1131	6676	0.6439
0.7089	pooling_sppb5pq	18529	674470	0.4077
0.7085	pinene200	19995	97990	0.8350
0.7063	rsyn0830m04m	7252	20752	0.8092
0.7032	rsyn0820m02m	2486	6932	0.9330
0.7028	batchs121208m	3404	11462	0.9332
0.7027	ndcc12	974	5982	0.9533
0.6991	squfl025-030	2305	6000	1.0000
0.6990	kall_circlespolygons_c1p5b	1681	7432	0.9608
0.6990	squfl020-150	9170	24000	1.0000
0.6984	procurement1large	14416	41068	0.5321
0.6928	crudeoil_pooling_dt2	18742	75910	0.6638
0.6886	chimera_lga-01	1120	6400	0.7441
0.6844	transswitch2383wpr	59853	277562	0.9785
0.6762	crudeoil_pooling_ct1	1271	4642	0.7501
0.6758	sonet24v5	874	7260	0.5940
0.6741	netmod_kar1	1746	4928	0.7717
0.6643	chp_shorttermplan2a	8992	26288	0.7007
0.6608	sonet23v4	803	6462	0.6753
0.6562	squfl010-040persp	2450	7200	1.0000
0.6521	pooling_foulds5tp	1218	8364	0.6828
0.6330	slay09h	2718	7488	0.8982
0.6295	torsion50	2508	29808	0.6617
0.6288	qapw	705	87496	1.0000
0.6270	rsyn0815m02hfsg	3054	7968	0.9278
0.6223	ringpack_20_3	6709	45220	0.3584
0.6216	oil	3270	8430	0.9572
0.6185	rsyn0840m02m	3486	9576	0.9464
0.6166	edgecross24-115	16747	77352	0.8173
0.6163	kan_r3_h1_n4	3183	14062	0.9406
0.6069	pooling_foulds4pq	1294	8302	0.9989
0.5999	ringpack_20_2	6089	40368	0.3779
0.5954	faclay35	26778	132380	0.9522
0.5949	risk2bpb	1462	5396	0.5574
0.5898	mpbp_46	4518	14492	0.8960
0.5876	methanol400	23999	151728	0.7208
0.5870	syn30m03m	2508	6804	0.9905
0.5853	chimera_mgw-c8-439-onc8-001	440	3040	0.7522
0.5767	transswitch2736spr	69651	331010	0.9179
0.5765	rocket50	555	3488	0.9641
0.5696	unitcommit_200_100_1_mod_8	146830	476332	0.9764
0.5636	chimera_mgw-c8-439-onc8-002	440	3038	0.8835
0.5596	nd_netgen-3000-1-1-b-b-ns_7	33155	90000	0.9599
0.5589	ndcc12persp	1112	5522	0.9521
0.5578	arki0002	4432	11248	0.9764
0.5548	pooling_sppa0pq	1649	24192	0.3241
0.5539	supplychainr1_022020	4620	15680	0.9999
0.5495	kall_circlesrectangles_c6r39	1306	5378	0.9850
0.5479	maxcsp-langford-3-11	660	29646	0.3098
0.5447	pooling_foulds5pq	1218	8300	1.0000
0.5441	sonet21v6	8232	40744	0.9650
0.5423	rsyn0830hfsg	1590	4100	0.9514
0.5420	gancns	548	2800	0.8502
0.5196	rsyn0815m	821	2242	0.9377
0.5153	syn30m02m	1492	3936	0.9784
0.5056	clay0305hfsg	1000	2910	0.9168
0.5044	space25a	634	3246	0.9586
0.4964	forest	713	2658	0.9933
0.4868	edgecross10-030	1053	4654	0.7367
0.4851	syn40m04hfsg	6328	16896	0.9662
0.4819	pooling_digabel19	514	5340	0.8433
0.4815	glider400	10017	49624	0.8779
0.4809	waternd2	615	2580	0.4806
0.4803	powerflow0030p	1121	4194	0.9478
0.4774	sfacloc2_4_90	1491	4500	0.9104
0.4703	syn15m04m	1908	5288	0.9604
0.4684	p_ball_30b_5p_2d_h	1543	5224	0.9961
0.4633	pooling_sppc1pq	14100	477680	0.1683
0.4574	wastewater13m1	481	3252	0.9989
0.4515	blend721	1428	4548	0.8528
0.4492	blend146	1422	4460	0.8232
0.4449	tls6	413	2860	0.9474
0.4436	pooling_sppa9pq	5030	120730	0.6312
0.4432	faclay30	16678	82242	0.9552
0.4421	emfl100_5_5	21925	52300	1.0000
0.4394	edgecross14-156	3097	19664	0.9254
0.4354	supplychainr1_053050	16640	57800	1.0000
0.4351	blend718	1386	4310	0.8737
0.4345	cont6-qq	120395	557994	0.6962
0.4273	squfl015-080persp	7295	21600	1.0000
0.4256	o9_ar4_1	1049	4336	0.9177
0.4226	edgecross10-040	1053	5116	0.8867
0.4213	sonetgr17	440	2958	0.8190
0.4155	p_ball_10b_7p_3d_h	1236	4186	0.9739
0.4121	rsyn0840m	1159	3168	0.9404
0.4114	kissing2	20772	401024	1.0000
0.4080	nd_netgen-2000-3-4-b-a-ns_7	22074	60000	0.9446
0.4077	catmix400	2001	11192	0.9998
0.4040	waterund14	333	2204	0.3600
0.3996	sporttournament18	156	886	0.7746
0.3992	slay05h	760	2080	0.8961
0.3986	space25	1178	4334	0.9559
0.3957	fo9_ar25_1	1049	4336	0.9177
0.3943	edgecross10-080	1053	5940	0.9638
0.3928	ex1265a	123	560	0.9498
0.3889	edgecross10-090	1053	5204	0.8181
0.3885	emfl100_3_3	6885	15948	1.0000
0.3864	chain200	601	2396	1.0000
0.3822	primary	378	5610	0.8688
0.3809	korcns	156	712	0.9113
0.3765	squfl030-150	13680	36000	1.0000
0.3745	syn40hfsg	1022	2624	0.9671
0.3700	syn40m	560	1528	0.9644
0.3696	slay08m	660	2016	1.0000
0.3683	graphpart_clique-30	120	2790	0.7961
0.3657	wastepaper6	191	1416	1.0000
0.3657	powerflow0014r	403	1630	0.9628
0.3649	waterund11	160	828	0.7224
0.3646	knp5-43	2065	31132	1.0000
0.3637	syn10m04m	1224	3384	0.9972
0.3627	knp5-44	2157	32604	1.0000
0.3623	ex8_3_9	123	834	0.7643
0.3595	wastepaper4	115	724	0.7397
0.3573	clay0204hfsg	590	1696	0.9116
0.3548	catmix200	1001	5592	0.9995
0.3500	p_ball_10b_5p_4d_m	403	1484	0.9784
0.3470	syn10m03hfsg	1071	2772	0.9921
0.3446	waterund01	96	404	0.7297
0.3433	wastewater05m1	98	536	0.6845
0.3422	chain400	1201	4796	1.0000
0.3421	graphpart_clique-20	80	1260	0.7985
0.3419	slay07m	497	1512	1.0000
0.3418	sssd20-08persp	356	1232	1.0000
0.3406	qspp_0_14_0_1_10_1	560	120274	0.9950
0.3384	genpooling_lee2	221	1048	0.7051
0.3381	hydroenergy1	1046	3024	1.0000
0.3354	sssd18-08persp	338	1168	1.0000
0.3328	p_ball_10b_5p_2d_m	293	964	0.9848
0.3309	squfl025-025persp	3800	11250	1.0000
0.3275	lop97icx	1073	2118	0.8078
0.3262	demo7	155	618	0.9573
0.3261	st_e31	301	744	0.9389
0.3253	graphpart_3g-0244-0244	128	672	0.9727
0.3207	graphpart_clique-70	280	14910	0.8103
0.3198	pooling_adhya4pq	170	932	0.6809
0.3144	st_rv9	90	840	0.9447
0.3108	clay0204m	222	704	1.0000
0.3079	pooling_rt2tp	118	654	0.9864
0.3067	ex1263a	94	390	1.0000
0.3035	clay0203m	132	420	1.0000
0.3033	slay05m	240	720	1.0000
0.2988	orth_d4m6_pl	172	1096	0.9785
0.2979	st_m2	72	1226	1.0000
0.2975	waterund08	230	1290	0.8534
0.2970	sssd25-08	401	1200	1.0000
0.2956	meanvar-orl400_05_e_7	5205	174804	0.9998
0.2925	syn15hfsg	399	1022	0.9915
0.2918	clay0304m	258	840	1.0000
0.2916	qspp_0_13_0_1_10_1	481	88522	0.9948
0.2915	graphpart_3g-0333-0333	108	648	0.8064
0.2903	prolog	64	292	0.9839
0.2887	slay06m	357	1080	1.0000
0.2850	st_test8	64	232	0.8382
0.2843	tspn08	72	668	0.6863
0.2841	pooling_adhya4tp	170	936	0.7667
0.2817	meanvar-orl400_05_e_8	4405	171604	1.0000
0.2812	maxcsp-ehi-85-297-71	2372	207996	0.8040
0.2770	csched1	110	376	1.0000
0.2696	emfl050_5_5	13175	32300	1.0000
0.2676	elf	124	376	0.7951
0.2676	wastewater02m1	36	138	0.9316
0.2669	qspp_0_11_0_1_10_1	341	44264	0.9911
0.2663	ex8_4_1	32	100	1.0000
0.2622	st_rv2	40	340	1.0000
0.2566	sporttournament08	31	156	1.0000
0.2566	st_jcbpaf2	36	246	0.9437
0.2563	st_e07	19	60	1.0000
0.2547	slay04m	146	432	1.0000
0.2498	ex7_2_1	35	134	0.9688
0.2486	qspp_0_10_0_1_10_1	280	29636	0.9946
0.2473	maxmin	181	1440	1.0000
0.2472	nvs05	22	84	0.9603
0.2442	st_bpaf1a	30	120	0.9310
0.2432	pooling_haverly1pq	31	96	0.9782
0.2409	watercontamination0303r	1310	37028	1.0000
0.2400	pooling_haverly1tp	31	96	0.9527
0.2318	ex5_2_4	18	62	0.9461
0.2282	hybriddynamic_fixed	168	388	1.0000
0.2240	pointpack04	29	120	1.0000
0.2239	qap	255	43748	0.9599
0.2222	prob02	22	76	0.8689
0.2203	st_m1	42	432	1.0000
0.2196	sssd15-04	163	440	1.0000
0.2152	kall_diffcircles_6	76	302	1.0000
0.2141	pointpack06	55	276	1.0000
0.2105	ex9_2_6	28	68	1.0000
0.2031	st_ph1	16	58	0.8504
0.2030	sep1	69	206	0.9544
0.1989	ex1223	33	82	1.0000
0.1955	ex1225	26	66	0.9415
0.1889	st_qpk3	55	548	0.6881
0.1888	ex6_1_4	10	48	0.7766
0.1887	tln2	32	88	1.0000
0.1854	ex1223b	25	66	1.0000
0.1849	ex2_1_3	31	72	1.0000
0.1846	ex8_1_7	14	46	0.9343
0.1816	himmel11	14	60	1.0000
0.1809	st_bsj2	13	40	0.7972
0.1798	ex9_1_2	19	54	0.9521
0.1764	nvs02	11	46	1.0000
0.1645	st_bpk1	16	44	0.9391
0.1633	st_glmp_ss1	24	66	1.0000
0.1628	st_glmp_ss2	18	48	1.0000
0.1605	ex3_1_3	18	36	0.9222
0.1601	oaer	20	40	1.0000
0.1571	st_pan1	11	32	0.7642
0.1543	st_ph13	23	68	0.8599
0.1399	ex9_2_4	15	36	1.0000
0.1318	ex14_1_8	11	30	1.0000
0.1252	st_ht	8	18	0.8627
0.1201	st_e22	12	30	0.9091
0.0002	polygon75	5846	49652	1.0000
0.0001	pedigree_sim400	351	23546	0.9997
0.0000	camshape400	2000	7188	1.0000
0.0000	autocorr_bern40-30	43	1534	1.0000
0.0000	autocorr_bern35-35fix	38	1264	1.0000
0.0000	autocorr_bern30-23	33	878	1.0000
0.0000	smallinvDAXr1b010-011	39	1120	0.9859
0.0000	autocorr_bern25-19	28	612	1.0000
0.0000	cvxnonsep_psig30	30	870	1.0000
0.0000	autocorr_bern20-15	23	394	1.0000
0.0000	st_qpc-m3a	30	304	0.6755
0.0000	cvxnonsep_psig20	20	380	1.0000
0.0000	nvs23	27	252	0.6356
0.0000	nvs19	24	200	0.6534
0.0000	st_iqpbk1	22	98	1.0000
0.0000	st_e25	20	92	0.7798
0.0000	cvxnonsep_normcon40r	162	322	1.0000
0.0000	st_e41	8	32	1.0000
0.0000	cvxnonsep_psig30r	126	250	1.0000
0.0000	st_e24	10	26	0.8906
0.0000	cvxnonsep_normcon20r	82	162	1.0000
0.0000	st_miqp2	10	18	1.0000
0.0000	cvxnonsep_psig20r	86	170	1.0000
matrices under 0.010s: 23/300
matrices under 0.050s: 23/300
matrices under 0.100s: 23/300
matrices under 0.200s: 46/300
matrices under 0.400s: 145/300

--- per-bucket ---
lt_1k    count=147   geomean=0.8873
1k_10k   count=108   geomean=0.8377
gt_10k   count=45    geomean=0.6852
SCORE = 0.791583
WORST order() = 1.288 s
FORCEAUDIT	stage1b_sites=39	force_fires=10	unsound=0	core_total_mismatch=0	max_drift_ppm=0	worst_incumbent=0	worst_adopted=0	tie_window_opened=16	tie_pass_run=2
ok

test result: ok. 1 passed; 0 failed; 0 ignored; 0 measured; 177 filtered out; finished in 144.12s

############ ARM X22 done
