probe binary: /home/frosty/angelX/.tmp/live-performance-20260911/matrices-deepseek/target/probe/release/deps/ssi_candidate_worker-9bc17c144118ca64

running 1 test
test ordering::probe::probe_timing_and_score ... LADGATE	357	10000	0.044	1
PHASES	slay06m	0.0563	1.portfolio=0.0243/1.0000	1b.indep=0.0004/1.0000	2.descent=0.0000/1.0000	3.search=0.0000/1.0000	4.subtree=0.0001/1.0000	4b.indep-accept=0.0000/1.0000	5.terminal=0.0000/1.0000	6.extra=0.0000/1.0000	7.telos=0.0000/1.0000	8.cleanup=0.0000/1.0000	9.reduce=0.0008/1.0000	10.completion=0.0001/1.0000	11.corecand=0.0058/1.0000	12.peo=0.0001/1.0000	13p.prep=0.0001/0.0000	13p.seeds=8.0000/0.0000	13p.rounds=8.0000/0.0000	13p.ledger=20694.0000/0.0000	13p.recon=0.0001/0.0020	13p.mcs=0.0001/0.0000	13.alt=0.0004/1.0000	14.transplant=0.0000/1.0000	15.minl=0.0001/1.0000	15.peel=0.0000/1.0000	16.late=0.0000/1.0000	17.final=0.0001/1.0000	18.simp=0.0000/1.0000	19.five=0.0000/1.0000	20.lt1k=0.0115/1.0000	21.comp=0.0001/1.0000	22.win=0.0000/1.0000	final=1.0000
LIFT	slay06m	357	147	660	147
COUNTS	slay06m	357	1080	4025	4025
LADGATE	401	10000	0.058	1
PHASES	sssd25-08	0.0738	1.portfolio=0.0327/1.0000	1b.indep=0.0010/1.0000	2.descent=0.0000/1.0000	3.search=0.0000/1.0000	4.subtree=0.0001/1.0000	4b.indep-accept=0.0000/1.0000	5.terminal=0.0001/1.0000	6.extra=0.0000/1.0000	7.telos=0.0000/1.0000	8.cleanup=0.0000/1.0000	9.reduce=0.0006/1.0000	10.completion=0.0001/1.0000	11.corecand=0.0076/1.0000	12.peo=0.0001/1.0000	13p.prep=0.0002/0.0000	13p.seeds=8.0000/0.0000	13p.rounds=11.0000/0.0000	13p.ledger=32225.0000/0.0000	13p.recon=0.0001/0.0020	13p.mcs=0.0001/0.0000	13.alt=0.0007/1.0000	14.transplant=0.0000/1.0000	15.minl=0.0001/1.0000	15.peel=0.0000/1.0000	16.late=0.0000/1.0000	17.final=0.0001/1.0000	18.simp=0.0000/1.0000	19.five=0.0000/1.0000	20.lt1k=0.0151/1.0000	21.comp=0.0001/1.0000	22.win=0.0000/1.0000	final=1.0000
LIFT	sssd25-08	401	89	640	89
COUNTS	sssd25-08	401	1200	5389	5389
LADGATE	4772	10000	0.267	1
PHASES	rsyn0810m04m	0.2676	1.portfolio=0.1989/0.8632	1b.indep=0.0137/0.8632	2.descent=0.0000/0.8632	3.search=0.0000/0.8632	4.subtree=0.0006/0.8632	4b.indep-accept=0.0000/0.8632	5.terminal=0.0006/0.8632	6.extra=0.0004/0.8632	7.telos=0.0000/0.8632	8.cleanup=0.0000/0.8632	9.reduce=0.0392/0.8060	10.completion=0.0035/0.8021	11.corecand=0.0000/0.8021	12.peo=0.0008/0.8021	13p.prep=0.0000/0.0000	13p.seeds=0.0000/0.0000	13p.rounds=0.0000/0.0000	13p.ledger=0.0000/0.0000	13p.recon=0.0000/0.0000	13p.mcs=0.0000/0.0000	13.alt=0.0000/0.8021	14.transplant=0.0088/0.7977	15.minl=0.0088/0.7977	15.peel=0.0000/0.7977	16.late=0.0000/0.7977	17.final=0.0004/0.7977	18.simp=0.0000/0.7977	19.five=0.0000/0.7977	20.lt1k=0.0000/0.7977	21.comp=0.0000/0.7977	22.win=0.0000/0.7977	final=0.7977
LIFT	rsyn0810m04m	4772	2520	9996	2520
COUNTS	rsyn0810m04m	4772	13836	147553	117704
PHASES	pooling_sppc3pq	0.6227	1.portfolio=0.2272/0.4846	1b.indep=0.1825/0.2829	2.descent=0.0000/0.2829	3.search=0.0000/0.2829	4.subtree=0.0074/0.2829	4b.indep-accept=0.0000/0.2829	5.terminal=0.0000/0.2829	6.extra=0.0000/0.2829	7.telos=0.0000/0.2829	8.cleanup=0.0000/0.2829	9.reduce=0.0642/0.2829	10.completion=0.0000/0.2829	11.corecand=0.0000/0.2829	12.peo=0.0060/0.2829	13p.prep=0.0277/0.0000	13p.seeds=4.0000/0.0000	13p.rounds=5.0000/0.0000	13p.ledger=2833016.0000/0.0000	13p.recon=0.0115/0.0000	13p.mcs=0.0136/0.0000	13.alt=0.0635/0.2829	14.transplant=0.0000/0.2829	15.minl=0.0000/0.2829	15.peel=0.0285/0.2829	16.late=0.0000/0.2829	17.final=0.0000/0.2829	18.simp=0.0000/0.2829	19.five=0.0000/0.2829	20.lt1k=0.0000/0.2829	21.comp=0.0000/0.2829	22.win=0.0000/0.2829	final=0.2829
LIFT	pooling_sppc3pq	23173	12327	872032	12327
COUNTS	pooling_sppc3pq	23173	893724	1153877333	326440652
LADGATE	1131	10000	0.283	1
PHASES	sporttournament48	0.2828	1.portfolio=0.1925/0.6507	1b.indep=0.0068/0.6507	2.descent=0.0000/0.6507	3.search=0.0000/0.6507	4.subtree=0.0003/0.6507	4b.indep-accept=0.0000/0.6507	5.terminal=0.0003/0.6507	6.extra=0.0003/0.6507	7.telos=0.0000/0.6507	8.cleanup=0.0000/0.6507	9.reduce=0.0381/0.6507	10.completion=0.0141/0.6493	11.corecand=0.0000/0.6493	12.peo=0.0006/0.6493	13p.prep=0.0029/0.0000	13p.seeds=8.0000/0.0000	13p.rounds=28.0000/0.0000	13p.ledger=805323.0000/0.0000	13p.recon=0.0029/0.0000	13p.mcs=0.0065/0.0000	13.alt=0.0173/0.6493	14.transplant=0.0035/0.6483	15.minl=0.0116/0.6483	15.peel=0.0000/0.6483	16.late=0.0000/0.6483	17.final=0.0003/0.6483	18.simp=0.0000/0.6483	19.five=0.0000/0.6483	20.lt1k=0.0000/0.6483	21.comp=0.0000/0.6483	22.win=0.0000/0.6483	final=0.6483
LIFT	sporttournament48	1131	721	7408	721
COUNTS	sporttournament48	1131	6676	919582	596210
LADGATE	5030	10000	0.381	1
PHASES	pooling_sppa9pq	0.3816	1.portfolio=0.2607/0.6530	1b.indep=0.0406/0.6530	2.descent=0.0000/0.6530	3.search=0.0000/0.6530	4.subtree=0.0012/0.6530	4b.indep-accept=0.0000/0.6448	5.terminal=0.0016/0.6448	6.extra=0.0000/0.6448	7.telos=0.0000/0.6448	8.cleanup=0.0000/0.6448	9.reduce=0.0243/0.6448	10.completion=0.0118/0.6302	11.corecand=0.0000/0.6302	12.peo=0.0032/0.6302	13p.prep=0.0000/0.0000	13p.seeds=0.0000/0.0000	13p.rounds=0.0000/0.0000	13p.ledger=0.0000/0.0000	13p.recon=0.0000/0.0000	13p.mcs=0.0000/0.0000	13.alt=0.0000/0.6302	14.transplant=0.0039/0.6302	15.minl=0.0330/0.6302	15.peel=0.0000/0.6302	16.late=0.0000/0.6302	17.final=0.0012/0.6302	18.simp=0.0000/0.6302	19.five=0.0000/0.6302	20.lt1k=0.0000/0.6302	21.comp=0.0000/0.6302	22.win=0.0000/0.6302	final=0.6302
LIFT	pooling_sppa9pq	5030	2509	126346	2509
COUNTS	pooling_sppa9pq	5030	120730	23971280	15107714
LADGATE	1053	10000	0.178	1
PHASES	edgecross10-090	0.1783	1.portfolio=0.1479/0.8420	1b.indep=0.0029/0.8420	2.descent=0.0000/0.8420	3.search=0.0000/0.8420	4.subtree=0.0002/0.8420	4b.indep-accept=0.0000/0.8420	5.terminal=0.0001/0.8420	6.extra=0.0001/0.8420	7.telos=0.0000/0.8420	8.cleanup=0.0000/0.8420	9.reduce=0.0216/0.8420	10.completion=0.0010/0.8420	11.corecand=0.0000/0.8420	12.peo=0.0002/0.8420	13p.prep=0.0004/0.0000	13p.seeds=8.0000/0.0000	13p.rounds=9.0000/0.0000	13p.ledger=106931.0000/0.0000	13p.recon=0.0003/0.0001	13p.mcs=0.0005/0.0000	13.alt=0.0021/0.8420	14.transplant=0.0007/0.8420	15.minl=0.0016/0.8420	15.peel=0.0000/0.8420	16.late=0.0000/0.8420	17.final=0.0002/0.8420	18.simp=0.0000/0.8420	19.five=0.0000/0.8420	20.lt1k=0.0000/0.8420	21.comp=0.0000/0.8420	22.win=0.0000/0.8420	final=0.8420
LIFT	edgecross10-090	1053	571	4240	571
COUNTS	edgecross10-090	1053	5204	126115	106194
PHASES	maxcsp-ehi-85-297-71	0.2368	1.portfolio=0.0988/0.8073	1b.indep=0.0406/0.8073	2.descent=0.0000/0.8073	3.search=0.0000/0.8073	4.subtree=0.0024/0.8073	4b.indep-accept=0.0000/0.8073	5.terminal=0.0033/0.8073	6.extra=0.0000/0.8073	7.telos=0.0000/0.8073	8.cleanup=0.0000/0.8073	9.reduce=0.0047/0.8073	10.completion=0.0000/0.8073	11.corecand=0.0000/0.8073	12.peo=0.0200/0.8073	13p.prep=0.0160/0.0000	13p.seeds=8.0000/0.0000	13p.rounds=10.0000/0.0000	13p.ledger=3015029.0000/0.0000	13p.recon=0.0113/0.0000	13p.mcs=0.0177/0.0000	13.alt=0.0506/0.8073	14.transplant=0.0043/0.8073	15.minl=0.0068/0.8041	15.peel=0.0000/0.8041	16.late=0.0000/0.8041	17.final=0.0021/0.8041	18.simp=0.0000/0.8041	19.five=0.0000/0.8041	20.lt1k=0.0000/0.8041	21.comp=0.0000/0.8041	22.win=0.0000/0.8041	final=0.8041
LIFT	maxcsp-ehi-85-297-71	2372	2075	216272	2075
COUNTS	maxcsp-ehi-85-297-71	2372	207996	1381768944	1111065177
LADGATE	30	10000	0.004	1
PHASES	st_bpaf1a	0.0049	1.portfolio=0.0025/0.9310	1b.indep=0.0000/0.9310	2.descent=0.0000/0.9310	3.search=0.0000/0.9310	4.subtree=0.0001/0.9310	4b.indep-accept=0.0000/0.9310	5.terminal=0.0000/0.9310	6.extra=0.0000/0.9310	7.telos=0.0000/0.9310	8.cleanup=0.0000/0.9310	9.reduce=0.0000/0.9310	10.completion=0.0000/0.9310	11.corecand=0.0004/0.9310	12.peo=0.0000/0.9310	13p.prep=0.0000/0.0000	13p.seeds=8.0000/0.0000	13p.rounds=11.0000/0.0000	13p.ledger=2984.0000/0.0000	13p.recon=0.0000/0.0177	13p.mcs=0.0000/0.0000	13.alt=0.0001/0.9310	14.transplant=0.0000/0.9310	15.minl=0.0000/0.9310	15.peel=0.0000/0.9310	16.late=0.0000/0.9310	17.final=0.0000/0.9310	18.simp=0.0000/0.9310	19.five=0.0000/0.9310	20.lt1k=0.0008/0.9310	21.comp=0.0000/0.9310	22.win=0.0000/0.9310	final=0.9310
COUNTS	st_bpaf1a	30	120	623	580
LADGATE	1462	10000	0.230	1
PHASES	risk2bpb	0.2302	1.portfolio=0.1896/0.6032	1b.indep=0.0039/0.6032	2.descent=0.0000/0.6032	3.search=0.0000/0.6032	4.subtree=0.0002/0.6032	4b.indep-accept=0.0000/0.6032	5.terminal=0.0002/0.6032	6.extra=0.0001/0.6032	7.telos=0.0000/0.6032	8.cleanup=0.0000/0.6032	9.reduce=0.0252/0.5792	10.completion=0.0014/0.5792	11.corecand=0.0014/0.5792	12.peo=0.0003/0.5792	13p.prep=0.0011/0.0000	13p.seeds=8.0000/0.0000	13p.rounds=16.0000/0.0000	13p.ledger=218880.0000/0.0000	13p.recon=0.0008/0.0001	13p.mcs=0.0010/0.0000	13.alt=0.0048/0.5792	14.transplant=0.0025/0.5634	15.minl=0.0025/0.5634	15.peel=0.0000/0.5634	16.late=0.0000/0.5634	17.final=0.0002/0.5634	18.simp=0.0000/0.5634	19.five=0.0000/0.5634	20.lt1k=0.0000/0.5634	21.comp=0.0000/0.5634	22.win=0.0000/0.5634	final=0.5634
LIFT	risk2bpb	1462	628	4030	628
COUNTS	risk2bpb	1462	5396	118471	66743
LADGATE	255	10000	0.163	1
PHASES	qap	0.1635	1.portfolio=0.0689/0.9605	1b.indep=0.0348/0.9605	2.descent=0.0000/0.9605	3.search=0.0000/0.9605	4.subtree=0.0014/0.9605	4b.indep-accept=0.0000/0.9605	5.terminal=0.0017/0.9605	6.extra=0.0011/0.9605	7.telos=0.0000/0.9605	8.cleanup=0.0000/0.9605	9.reduce=0.0036/0.9605	10.completion=0.0075/0.9605	11.corecand=0.0000/0.9605	12.peo=0.0018/0.9605	13p.prep=0.0069/0.0000	13p.seeds=8.0000/0.0000	13p.rounds=16.0000/0.0000	13p.ledger=1116552.0000/0.0000	13p.recon=0.0037/0.0000	13p.mcs=0.0049/0.0000	13.alt=0.0258/0.9605	14.transplant=0.0005/0.9605	15.minl=0.0029/0.9605	15.peel=0.0000/0.9605	16.late=0.0000/0.9605	17.final=0.0007/0.9605	18.simp=0.0000/0.9605	19.five=0.0000/0.9605	20.lt1k=0.0128/0.9605	21.comp=0.0000/0.9605	22.win=0.0000/0.9605	final=0.9605
LIFT	qap	255	225	49148	225
COUNTS	qap	255	43748	3802533	3652461
LADGATE	7252	10000	0.326	1
PHASES	rsyn0830m04m	0.3264	1.portfolio=0.2257/0.8669	1b.indep=0.0230/0.8669	2.descent=0.0000/0.8669	3.search=0.0000/0.8669	4.subtree=0.0008/0.8669	4b.indep-accept=0.0000/0.8669	5.terminal=0.0009/0.8669	6.extra=0.0005/0.8669	7.telos=0.0000/0.8669	8.cleanup=0.0000/0.8669	9.reduce=0.0547/0.8500	10.completion=0.0053/0.8496	11.corecand=0.0000/0.8496	12.peo=0.0012/0.8496	13p.prep=0.0000/0.0000	13p.seeds=0.0000/0.0000	13p.rounds=0.0000/0.0000	13p.ledger=0.0000/0.0000	13p.recon=0.0000/0.0000	13p.mcs=0.0000/0.0000	13.alt=0.0000/0.8496	14.transplant=0.0120/0.8309	15.minl=0.0120/0.8309	15.peel=0.0000/0.8309	16.late=0.0000/0.8309	17.final=0.0006/0.8309	18.simp=0.0000/0.8309	19.five=0.0000/0.8309	20.lt1k=0.0000/0.8309	21.comp=0.0000/0.8309	22.win=0.0000/0.8309	final=0.8309
LIFT	rsyn0830m04m	7252	3744	14872	3744
COUNTS	rsyn0830m04m	7252	20752	212130	176267
LADGATE	1073	10000	0.112	1
PHASES	lop97icx	0.1119	1.portfolio=0.0816/0.8712	1b.indep=0.0027/0.8712	2.descent=0.0000/0.8712	3.search=0.0000/0.8712	4.subtree=0.0003/0.8712	4b.indep-accept=0.0000/0.8712	5.terminal=0.0001/0.8712	6.extra=0.0001/0.8712	7.telos=0.0000/0.8712	8.cleanup=0.0000/0.8712	9.reduce=0.0195/0.8712	10.completion=0.0014/0.8664	11.corecand=0.0014/0.8664	12.peo=0.0002/0.8664	13p.prep=0.0006/0.0000	13p.seeds=8.0000/0.0000	13p.rounds=15.0000/0.0000	13p.ledger=109385.0000/0.0000	13p.recon=0.0005/0.0002	13p.mcs=0.0007/0.0000	13.alt=0.0028/0.8664	14.transplant=0.0008/0.8463	15.minl=0.0015/0.8463	15.peel=0.0000/0.8463	16.late=0.0000/0.8463	17.final=0.0001/0.8463	18.simp=0.0000/0.8463	19.five=0.0000/0.8463	20.lt1k=0.0000/0.8463	21.comp=0.0000/0.8463	22.win=0.0000/0.8463	final=0.8463
LIFT	lop97icx	1073	155	1760	155
COUNTS	lop97icx	1073	2118	79286	67096
LADGATE	1201	10000	0.116	1
PHASES	chain400	0.1157	1.portfolio=0.1013/1.0000	1b.indep=0.0010/1.0000	2.descent=0.0000/1.0000	3.search=0.0000/1.0000	4.subtree=0.0001/1.0000	4b.indep-accept=0.0000/1.0000	5.terminal=0.0001/1.0000	6.extra=0.0000/1.0000	7.telos=0.0000/1.0000	8.cleanup=0.0000/1.0000	9.reduce=0.0010/1.0000	10.completion=0.0006/1.0000	11.corecand=0.0000/1.0000	12.peo=0.0002/1.0000	13p.prep=0.0027/0.0000	13p.seeds=8.0000/0.0000	13p.rounds=51.0000/0.0000	13p.ledger=539390.0000/0.0000	13p.recon=0.0017/0.0031	13p.mcs=0.0019/0.0000	13.alt=0.0107/1.0000	14.transplant=0.0000/1.0000	15.minl=0.0005/1.0000	15.peel=0.0000/1.0000	16.late=0.0000/1.0000	17.final=0.0002/1.0000	18.simp=0.0000/1.0000	19.five=0.0000/1.0000	20.lt1k=0.0000/1.0000	21.comp=0.0000/1.0000	22.win=0.0000/1.0000	final=1.0000
LIFT	chain400	1201	800	3196	800
COUNTS	chain400	1201	4796	16382	16382
LADGATE	9532	10000	0.403	1
PHASES	mpbp_07	0.4032	1.portfolio=0.2183/0.9360	1b.indep=0.0304/0.9360	2.descent=0.0000/0.9360	3.search=0.0000/0.9360	4.subtree=0.0008/0.9360	4b.indep-accept=0.0000/0.9360	5.terminal=0.0010/0.9360	6.extra=0.0006/0.9360	7.telos=0.0000/0.9360	8.cleanup=0.0000/0.9360	9.reduce=0.0414/0.9360	10.completion=0.0137/0.9290	11.corecand=0.0000/0.9290	12.peo=0.0066/0.9290	13p.prep=0.0116/0.0000	13p.seeds=8.0000/0.0000	13p.rounds=36.0000/0.0000	13p.ledger=3474434.0000/0.0000	13p.recon=0.0113/0.0000	13p.mcs=0.0184/0.0000	13.alt=0.0624/0.9290	14.transplant=0.0103/0.9210	15.minl=0.0257/0.9209	15.peel=0.0000/0.9209	16.late=0.0000/0.9209	17.final=0.0007/0.9209	18.simp=0.0000/0.9209	19.five=0.0000/0.9209	20.lt1k=0.0000/0.9209	21.comp=0.0000/0.9209	22.win=0.0000/0.9209	final=0.9209
LIFT	mpbp_07	9532	5704	23110	5704
COUNTS	mpbp_07	9532	30810	1368477	1260236
LADGATE	440	10000	0.125	1
PHASES	sonetgr17	0.1477	1.portfolio=0.0815/0.8221	1b.indep=0.0024/0.8221	2.descent=0.0000/0.8221	3.search=0.0000/0.8221	4.subtree=0.0002/0.8221	4b.indep-accept=0.0000/0.8221	5.terminal=0.0001/0.8221	6.extra=0.0001/0.8221	7.telos=0.0000/0.8221	8.cleanup=0.0000/0.8221	9.reduce=0.0028/0.8221	10.completion=0.0005/0.8221	11.corecand=0.0112/0.8221	12.peo=0.0001/0.8221	13p.prep=0.0006/0.0000	13p.seeds=8.0000/0.0000	13p.rounds=18.0000/0.0000	13p.ledger=112343.0000/0.0000	13p.recon=0.0004/0.0005	13p.mcs=0.0005/0.0000	13.alt=0.0025/0.8221	14.transplant=0.0007/0.8221	15.minl=0.0011/0.8221	15.peel=0.0000/0.8221	16.late=0.0000/0.8221	17.final=0.0002/0.8221	18.simp=0.0000/0.8221	19.five=0.0000/0.8221	20.lt1k=0.0222/0.8221	21.comp=0.0005/0.8221	22.win=0.0000/0.8221	final=0.8221
LIFT	sonetgr17	440	317	2712	317
COUNTS	sonetgr17	440	2958	37814	31086
LADGATE	2207	10000	0.415	1
PHASES	p_ball_30b_7p_2d_h	0.4146	1.portfolio=0.3812/0.9968	1b.indep=0.0052/0.9968	2.descent=0.0000/0.9968	3.search=0.0000/0.9968	4.subtree=0.0003/0.9968	4b.indep-accept=0.0000/0.9968	5.terminal=0.0002/0.9968	6.extra=0.0001/0.9968	7.telos=0.0000/0.9968	8.cleanup=0.0000/0.9968	9.reduce=0.0196/0.9968	10.completion=0.0011/0.9968	11.corecand=0.0000/0.9968	12.peo=0.0003/0.9968	13p.prep=0.0007/0.0000	13p.seeds=8.0000/0.0000	13p.rounds=10.0000/0.0000	13p.ledger=175122.0000/0.0000	13p.recon=0.0005/0.0002	13p.mcs=0.0005/0.0000	13.alt=0.0030/0.9968	14.transplant=0.0023/0.9968	15.minl=0.0029/0.9968	15.peel=0.0000/0.9968	16.late=0.0000/0.9968	17.final=0.0003/0.9968	18.simp=0.0000/0.9968	19.five=0.0000/0.9968	20.lt1k=0.0000/0.9968	21.comp=0.0000/0.9968	22.win=0.0000/0.9968	final=0.9968
LIFT	p_ball_30b_7p_2d_h	2207	1415	5932	1415
COUNTS	p_ball_30b_7p_2d_h	2207	7516	42456	42319
LADGATE	19995	10000	0.373	0
PHASES	pinene200	0.3735	1.portfolio=0.1771/0.8796	1b.indep=0.0639/0.8796	2.descent=0.0000/0.8796	3.search=0.0000/0.8796	4.subtree=0.0013/0.8796	4b.indep-accept=0.0000/0.8491	5.terminal=0.0019/0.8491	6.extra=0.0000/0.8491	7.telos=0.0000/0.8491	8.cleanup=0.0000/0.8491	9.reduce=0.0200/0.8491	10.completion=0.0113/0.8486	11.corecand=0.0000/0.8486	12.peo=0.0072/0.8486	13p.prep=0.0145/0.0000	13p.seeds=8.0000/0.0000	13p.rounds=18.0000/0.0000	13p.ledger=3877514.0000/0.0000	13p.recon=0.0111/0.0000	13p.mcs=0.0139/0.0000	13.alt=0.0594/0.8486	14.transplant=0.0074/0.8453	15.minl=0.0271/0.8452	15.peel=0.0000/0.8452	16.late=0.0000/0.8452	17.final=0.0014/0.8452	18.simp=0.0000/0.8452	19.five=0.0000/0.8452	20.lt1k=0.0000/0.8452	21.comp=0.0000/0.8452	22.win=0.0000/0.8452	final=0.8452
LIFT	pinene200	19995	15795	89590	15795
COUNTS	pinene200	19995	97990	1358716	1148403
PHASES	unitcommit_200_100_1_mod_8	0.4101	1.portfolio=0.1563/0.9978	1b.indep=0.1384/0.9978	2.descent=0.0000/0.9978	3.search=0.0000/0.9978	4.subtree=0.0000/0.9978	4b.indep-accept=0.0000/0.9939	5.terminal=0.0000/0.9939	6.extra=0.0000/0.9939	7.telos=0.0000/0.9939	8.cleanup=0.0000/0.9939	9.reduce=0.0675/0.9764	10.completion=0.0000/0.9764	11.corecand=0.0000/0.9764	12.peo=0.0059/0.9764	13p.prep=0.0000/0.0000	13p.seeds=0.0000/0.0000	13p.rounds=0.0000/0.0000	13p.ledger=0.0000/0.0000	13p.recon=0.0000/0.0000	13p.mcs=0.0000/0.0000	13.alt=0.0000/0.9764	14.transplant=0.0000/0.9764	15.minl=0.0000/0.9764	15.peel=0.0000/0.9764	16.late=0.0000/0.9764	17.final=0.0000/0.9764	18.simp=0.0000/0.9764	19.five=0.0000/0.9764	20.lt1k=0.0000/0.9764	21.comp=0.0000/0.9764	22.win=0.0000/0.9764	final=0.9764
LIFT	unitcommit_200_100_1_mod_8	146830	73272	329560	73272
COUNTS	unitcommit_200_100_1_mod_8	146830	476332	3053940	2981835
LADGATE	123	10000	0.025	1
PHASES	ex8_3_9	0.0289	1.portfolio=0.0155/0.7700	1b.indep=0.0007/0.7700	2.descent=0.0000/0.7700	3.search=0.0000/0.7700	4.subtree=0.0001/0.7700	4b.indep-accept=0.0000/0.7643	5.terminal=0.0000/0.7643	6.extra=0.0000/0.7643	7.telos=0.0000/0.7643	8.cleanup=0.0000/0.7643	9.reduce=0.0010/0.7643	10.completion=0.0002/0.7643	11.corecand=0.0020/0.7643	12.peo=0.0001/0.7643	13p.prep=0.0001/0.0000	13p.seeds=8.0000/0.0000	13p.rounds=15.0000/0.0000	13p.ledger=29961.0000/0.0000	13p.recon=0.0001/0.0010	13p.mcs=0.0002/0.0000	13.alt=0.0006/0.7643	14.transplant=0.0001/0.7643	15.minl=0.0002/0.7643	15.peel=0.0000/0.7643	16.late=0.0000/0.7643	17.final=0.0001/0.7643	18.simp=0.0000/0.7643	19.five=0.0000/0.7643	20.lt1k=0.0040/0.7643	21.comp=0.0002/0.7643	22.win=0.0000/0.7643	final=0.7643
LIFT	ex8_3_9	123	101	766	101
COUNTS	ex8_3_9	123	834	15050	11503
LADGATE	2486	10000	0.336	1
PHASES	rsyn0820m02m	0.3360	1.portfolio=0.2911/0.9472	1b.indep=0.0062/0.9472	2.descent=0.0000/0.9472	3.search=0.0000/0.9472	4.subtree=0.0004/0.9472	4b.indep-accept=0.0000/0.9472	5.terminal=0.0004/0.9472	6.extra=0.0002/0.9472	7.telos=0.0000/0.9472	8.cleanup=0.0000/0.9472	9.reduce=0.0186/0.9472	10.completion=0.0014/0.9427	11.corecand=0.0000/0.9427	12.peo=0.0005/0.9427	13p.prep=0.0027/0.0000	13p.seeds=8.0000/0.0000	13p.rounds=24.0000/0.0000	13p.ledger=422343.0000/0.0000	13p.recon=0.0017/0.0006	13p.mcs=0.0020/0.0000	13.alt=0.0114/0.9427	14.transplant=0.0040/0.9417	15.minl=0.0050/0.9417	15.peel=0.0000/0.9417	16.late=0.0000/0.9417	17.final=0.0003/0.9417	18.simp=0.0000/0.9417	19.five=0.0000/0.9417	20.lt1k=0.0000/0.9417	21.comp=0.0000/0.9417	22.win=0.0000/0.9417	final=0.9417
LIFT	rsyn0820m02m	2486	1364	4808	1364
COUNTS	rsyn0820m02m	2486	6932	38190	35963
LADGATE	293	10000	0.041	1
PHASES	p_ball_10b_5p_2d_m	0.0510	1.portfolio=0.0237/0.9848	1b.indep=0.0007/0.9848	2.descent=0.0000/0.9848	3.search=0.0000/0.9848	4.subtree=0.0001/0.9848	4b.indep-accept=0.0000/0.9848	5.terminal=0.0000/0.9848	6.extra=0.0000/0.9848	7.telos=0.0000/0.9848	8.cleanup=0.0000/0.9848	9.reduce=0.0010/0.9848	10.completion=0.0001/0.9848	11.corecand=0.0047/0.9848	12.peo=0.0001/0.9848	13p.prep=0.0002/0.0000	13p.seeds=8.0000/0.0000	13p.rounds=15.0000/0.0000	13p.ledger=36035.0000/0.0000	13p.recon=0.0001/0.0023	13p.mcs=0.0002/0.0000	13.alt=0.0008/0.9848	14.transplant=0.0002/0.9848	15.minl=0.0004/0.9848	15.peel=0.0000/0.9848	16.late=0.0000/0.9848	17.final=0.0001/0.9848	18.simp=0.0000/0.9848	19.five=0.0000/0.9848	20.lt1k=0.0094/0.9848	21.comp=0.0001/0.9848	22.win=0.0000/0.9848	final=0.9848
LIFT	p_ball_10b_5p_2d_m	293	119	716	119
COUNTS	p_ball_10b_5p_2d_m	293	964	6648	6547
LADGATE	170	10000	0.035	1
PHASES	pooling_adhya4tp	0.0418	1.portfolio=0.0210/0.8645	1b.indep=0.0007/0.8645	2.descent=0.0000/0.8645	3.search=0.0000/0.8645	4.subtree=0.0001/0.8645	4b.indep-accept=0.0000/0.8595	5.terminal=0.0000/0.8595	6.extra=0.0000/0.8595	7.telos=0.0000/0.8595	8.cleanup=0.0000/0.8595	9.reduce=0.0015/0.8595	10.completion=0.0004/0.8595	11.corecand=0.0033/0.8595	12.peo=0.0001/0.8595	13p.prep=0.0001/0.0000	13p.seeds=8.0000/0.0000	13p.rounds=12.0000/0.0000	13p.ledger=31550.0000/0.0000	13p.recon=0.0001/0.0004	13p.mcs=0.0002/0.0000	13.alt=0.0007/0.8595	14.transplant=0.0002/0.8595	15.minl=0.0004/0.8595	15.peel=0.0000/0.8595	16.late=0.0000/0.8595	17.final=0.0001/0.8595	18.simp=0.0000/0.8595	19.five=0.0000/0.8595	20.lt1k=0.0065/0.8595	21.comp=0.0004/0.8595	22.win=0.0000/0.8595	final=0.8595
LIFT	pooling_adhya4tp	170	93	806	93
COUNTS	pooling_adhya4tp	170	936	26842	23070
LADGATE	7295	10000	0.264	1
PHASES	squfl015-080persp	0.2641	1.portfolio=0.2376/1.0000	1b.indep=0.0123/1.0000	2.descent=0.0000/1.0000	3.search=0.0000/1.0000	4.subtree=0.0004/1.0000	4b.indep-accept=0.0000/1.0000	5.terminal=0.0006/1.0000	6.extra=0.0000/1.0000	7.telos=0.0000/1.0000	8.cleanup=0.0000/1.0000	9.reduce=0.0064/1.0000	10.completion=0.0018/1.0000	11.corecand=0.0000/1.0000	12.peo=0.0009/1.0000	13p.prep=0.0000/0.0000	13p.seeds=0.0000/0.0000	13p.rounds=0.0000/0.0000	13p.ledger=0.0000/0.0000	13p.recon=0.0000/0.0000	13p.mcs=0.0000/0.0000	13.alt=0.0000/1.0000	14.transplant=0.0002/1.0000	15.minl=0.0019/1.0000	15.peel=0.0000/1.0000	16.late=0.0000/1.0000	17.final=0.0004/1.0000	18.simp=0.0000/1.0000	19.five=0.0000/1.0000	20.lt1k=0.0000/1.0000	21.comp=0.0000/1.0000	22.win=0.0000/1.0000	final=1.0000
LIFT	squfl015-080persp	7295	2495	12000	2495
COUNTS	squfl015-080persp	7295	21600	74520	74520
LADGATE	1053	10000	0.193	1
PHASES	edgecross10-080	0.1929	1.portfolio=0.1511/0.9824	1b.indep=0.0037/0.9824	2.descent=0.0000/0.9824	3.search=0.0000/0.9824	4.subtree=0.0002/0.9824	4b.indep-accept=0.0000/0.9824	5.terminal=0.0002/0.9824	6.extra=0.0001/0.9824	7.telos=0.0000/0.9824	8.cleanup=0.0000/0.9824	9.reduce=0.0313/0.9824	10.completion=0.0014/0.9824	11.corecand=0.0000/0.9824	12.peo=0.0003/0.9824	13p.prep=0.0005/0.0000	13p.seeds=8.0000/0.0000	13p.rounds=8.0000/0.0000	13p.ledger=106223.0000/0.0000	13p.recon=0.0004/0.0000	13p.mcs=0.0005/0.0000	13.alt=0.0022/0.9824	14.transplant=0.0009/0.9678	15.minl=0.0018/0.9678	15.peel=0.0000/0.9678	16.late=0.0000/0.9678	17.final=0.0003/0.9678	18.simp=0.0000/0.9678	19.five=0.0000/0.9678	20.lt1k=0.0000/0.9678	21.comp=0.0000/0.9678	22.win=0.0000/0.9678	final=0.9678
LIFT	edgecross10-080	1053	571	4976	571
COUNTS	edgecross10-080	1053	5940	170814	165311
LADGATE	590	10000	0.084	1
PHASES	clay0204hfsg	0.1076	1.portfolio=0.0425/0.9246	1b.indep=0.0009/0.9246	2.descent=0.0000/0.9246	3.search=0.0000/0.9246	4.subtree=0.0002/0.9246	4b.indep-accept=0.0000/0.9246	5.terminal=0.0001/0.9246	6.extra=0.0001/0.9246	7.telos=0.0000/0.9246	8.cleanup=0.0000/0.9246	9.reduce=0.0013/0.9246	10.completion=0.0002/0.9116	11.corecand=0.0120/0.9116	12.peo=0.0001/0.9116	13p.prep=0.0004/0.0000	13p.seeds=8.0000/0.0000	13p.rounds=18.0000/0.0000	13p.ledger=74752.0000/0.0000	13p.recon=0.0003/0.0025	13p.mcs=0.0003/0.0000	13.alt=0.0017/0.9116	14.transplant=0.0008/0.9116	15.minl=0.0010/0.9116	15.peel=0.0000/0.9116	16.late=0.0000/0.9116	17.final=0.0001/0.9116	18.simp=0.0000/0.9116	19.five=0.0000/0.9116	20.lt1k=0.0234/0.9116	21.comp=0.0002/0.9116	22.win=0.0000/0.9116	final=0.9116
LIFT	clay0204hfsg	590	278	1184	278
COUNTS	clay0204hfsg	590	1696	7198	6562
LADGATE	13	10000	0.002	1
PHASES	st_bsj2	0.0018	1.portfolio=0.0012/0.7972	1b.indep=0.0000/0.7972	2.descent=0.0000/0.7972	3.search=0.0000/0.7972	4.subtree=0.0000/0.7972	4b.indep-accept=0.0000/0.7972	5.terminal=0.0000/0.7972	6.extra=0.0000/0.7972	7.telos=0.0000/0.7972	8.cleanup=0.0000/0.7972	9.reduce=0.0000/0.7972	10.completion=0.0000/0.7972	11.corecand=0.0001/0.7972	12.peo=0.0000/0.7972	13p.prep=0.0000/0.0000	13p.seeds=0.0000/0.0000	13p.rounds=0.0000/0.0000	13p.ledger=0.0000/0.0000	13p.recon=0.0000/0.0000	13p.mcs=0.0000/0.0000	13.alt=0.0000/0.7972	14.transplant=0.0000/0.7972	15.minl=0.0000/0.7972	15.peel=0.0000/0.7972	16.late=0.0000/0.7972	17.final=0.0000/0.7972	18.simp=0.0000/0.7972	19.five=0.0000/0.7972	20.lt1k=0.0002/0.7972	21.comp=0.0000/0.7972	22.win=0.0000/0.7972	final=0.7972
COUNTS	st_bsj2	13	40	143	114
LADGATE	440	10000	0.229	1
PHASES	chimera_mgw-c8-439-onc8-002	0.2522	1.portfolio=0.1718/0.9256	1b.indep=0.0035/0.9256	2.descent=0.0000/0.9256	3.search=0.0000/0.9256	4.subtree=0.0002/0.9256	4b.indep-accept=0.0000/0.9256	5.terminal=0.0001/0.9256	6.extra=0.0001/0.9256	7.telos=0.0000/0.9256	8.cleanup=0.0000/0.9256	9.reduce=0.0146/0.9048	10.completion=0.0017/0.9048	11.corecand=0.0110/0.9048	12.peo=0.0002/0.9048	13p.prep=0.0004/0.0000	13p.seeds=8.0000/0.0000	13p.rounds=10.0000/0.0000	13p.ledger=88196.0000/0.0000	13p.recon=0.0004/0.0001	13p.mcs=0.0007/0.0000	13.alt=0.0022/0.9048	14.transplant=0.0010/0.9025	15.minl=0.0010/0.9025	15.peel=0.0000/0.9025	16.late=0.0000/0.9025	17.final=0.0001/0.9025	18.simp=0.0000/0.9025	19.five=0.0000/0.9025	20.lt1k=0.0210/0.9001	21.comp=0.0017/0.9001	22.win=0.0000/0.9001	final=0.8997
LIFT	chimera_mgw-c8-439-onc8-002	440	418	3060	418
COUNTS	chimera_mgw-c8-439-onc8-002	440	3038	97870	88053
LADGATE	5188	10000	0.335	1
PHASES	batchs201210m	0.3350	1.portfolio=0.2607/0.9221	1b.indep=0.0195/0.9221	2.descent=0.0000/0.9221	3.search=0.0000/0.9221	4.subtree=0.0005/0.9221	4b.indep-accept=0.0000/0.9221	5.terminal=0.0005/0.9221	6.extra=0.0003/0.9221	7.telos=0.0000/0.9221	8.cleanup=0.0000/0.9221	9.reduce=0.0369/0.9194	10.completion=0.0066/0.8775	11.corecand=0.0000/0.8775	12.peo=0.0007/0.8775	13p.prep=0.0000/0.0000	13p.seeds=0.0000/0.0000	13p.rounds=0.0000/0.0000	13p.ledger=0.0000/0.0000	13p.recon=0.0000/0.0000	13p.mcs=0.0000/0.0000	13.alt=0.0000/0.8775	14.transplant=0.0080/0.8688	15.minl=0.0080/0.8688	15.peel=0.0000/0.8688	16.late=0.0000/0.8688	17.final=0.0004/0.8688	18.simp=0.0000/0.8688	19.five=0.0000/0.8688	20.lt1k=0.0000/0.8688	21.comp=0.0000/0.8688	22.win=0.0000/0.8688	final=0.8688
LIFT	batchs201210m	5188	2645	13208	2645
COUNTS	batchs201210m	5188	17910	349298	303464
LADGATE	5456	10000	0.303	1
PHASES	rsyn0815m04m	0.3028	1.portfolio=0.2173/0.8705	1b.indep=0.0184/0.8705	2.descent=0.0000/0.8705	3.search=0.0000/0.8705	4.subtree=0.0006/0.8705	4b.indep-accept=0.0000/0.8705	5.terminal=0.0007/0.8705	6.extra=0.0004/0.8705	7.telos=0.0000/0.8705	8.cleanup=0.0000/0.8705	9.reduce=0.0479/0.8647	10.completion=0.0045/0.8643	11.corecand=0.0000/0.8643	12.peo=0.0009/0.8643	13p.prep=0.0000/0.0000	13p.seeds=0.0000/0.0000	13p.rounds=0.0000/0.0000	13p.ledger=0.0000/0.0000	13p.recon=0.0000/0.0000	13p.mcs=0.0000/0.0000	13.alt=0.0000/0.8643	14.transplant=0.0106/0.8314	15.minl=0.0106/0.8314	15.peel=0.0000/0.8314	16.late=0.0000/0.8314	17.final=0.0005/0.8314	18.simp=0.0000/0.8314	19.five=0.0000/0.8314	20.lt1k=0.0000/0.8314	21.comp=0.0000/0.8314	22.win=0.0000/0.8314	final=0.8314
LIFT	rsyn0815m04m	5456	2966	10968	2966
COUNTS	rsyn0815m04m	5456	15756	184352	153262
LADGATE	560	10000	0.083	1
PHASES	syn40m	0.1046	1.portfolio=0.0431/0.9758	1b.indep=0.0010/0.9758	2.descent=0.0000/0.9758	3.search=0.0000/0.9758	4.subtree=0.0002/0.9758	4b.indep-accept=0.0000/0.9758	5.terminal=0.0001/0.9758	6.extra=0.0001/0.9758	7.telos=0.0000/0.9758	8.cleanup=0.0000/0.9758	9.reduce=0.0010/0.9758	10.completion=0.0002/0.9658	11.corecand=0.0115/0.9658	12.peo=0.0001/0.9658	13p.prep=0.0007/0.0000	13p.seeds=8.0000/0.0000	13p.rounds=25.0000/0.0000	13p.ledger=91954.0000/0.0000	13p.recon=0.0004/0.0050	13p.mcs=0.0004/0.0000	13.alt=0.0027/0.9658	14.transplant=0.0008/0.9658	15.minl=0.0010/0.9644	15.peel=0.0000/0.9644	16.late=0.0000/0.9644	17.final=0.0002/0.9644	18.simp=0.0000/0.9644	19.five=0.0000/0.9644	20.lt1k=0.0212/0.9644	21.comp=0.0002/0.9644	22.win=0.0000/0.9644	final=0.9644
LIFT	syn40m	560	291	1080	291
COUNTS	syn40m	560	1528	5007	4829
LADGATE	2157	10000	0.223	1
PHASES	knp5-44	0.2234	1.portfolio=0.1623/1.0000	1b.indep=0.0301/1.0000	2.descent=0.0000/1.0000	3.search=0.0000/1.0000	4.subtree=0.0004/1.0000	4b.indep-accept=0.0000/1.0000	5.terminal=0.0004/1.0000	6.extra=0.0000/1.0000	7.telos=0.0000/1.0000	8.cleanup=0.0000/1.0000	9.reduce=0.0052/1.0000	10.completion=0.0060/1.0000	11.corecand=0.0000/1.0000	12.peo=0.0009/1.0000	13p.prep=0.0019/0.0000	13p.seeds=4.0000/0.0000	13p.rounds=10.0000/0.0000	13p.ledger=756318.0000/0.0000	13p.recon=0.0020/0.0000	13p.mcs=0.0027/0.0000	13.alt=0.0097/1.0000	14.transplant=0.0001/1.0000	15.minl=0.0068/1.0000	15.peel=0.0000/1.0000	16.late=0.0000/1.0000	17.final=0.0004/1.0000	18.simp=0.0000/1.0000	19.five=0.0000/1.0000	20.lt1k=0.0000/1.0000	21.comp=0.0000/1.0000	22.win=0.0000/1.0000	final=1.0000
LIFT	knp5-44	2157	1167	31152	1167
COUNTS	knp5-44	2157	32604	3764003	3764003
LADGATE	94	10000	0.013	1
PHASES	ex1263a	0.0163	1.portfolio=0.0073/1.0000	1b.indep=0.0003/1.0000	2.descent=0.0000/1.0000	3.search=0.0000/1.0000	4.subtree=0.0000/1.0000	4b.indep-accept=0.0000/1.0000	5.terminal=0.0000/1.0000	6.extra=0.0000/1.0000	7.telos=0.0000/1.0000	8.cleanup=0.0000/1.0000	9.reduce=0.0004/1.0000	10.completion=0.0001/1.0000	11.corecand=0.0016/1.0000	12.peo=0.0000/1.0000	13p.prep=0.0001/0.0000	13p.seeds=8.0000/0.0000	13p.rounds=13.0000/0.0000	13p.ledger=11403.0000/0.0000	13p.recon=0.0000/0.0062	13p.mcs=0.0001/0.0000	13.alt=0.0003/1.0000	14.transplant=0.0000/1.0000	15.minl=0.0001/1.0000	15.peel=0.0000/1.0000	16.late=0.0000/1.0000	17.final=0.0001/1.0000	18.simp=0.0000/1.0000	19.five=0.0000/1.0000	20.lt1k=0.0029/1.0000	21.comp=0.0001/1.0000	22.win=0.0000/1.0000	final=1.0000
LIFT	ex1263a	94	59	320	59
COUNTS	ex1263a	94	390	2098	2098
PHASES	st_e41	0.0000	final=1.0000
COUNTS	st_e41	8	32	88	88
LADGATE	2305	10000	0.502	1
PHASES	squfl025-030	0.5025	1.portfolio=0.4907/1.0000	1b.indep=0.0040/1.0000	2.descent=0.0000/1.0000	3.search=0.0000/1.0000	4.subtree=0.0002/1.0000	4b.indep-accept=0.0000/1.0000	5.terminal=0.0002/1.0000	6.extra=0.0000/1.0000	7.telos=0.0000/1.0000	8.cleanup=0.0000/1.0000	9.reduce=0.0022/1.0000	10.completion=0.0013/1.0000	11.corecand=0.0000/1.0000	12.peo=0.0003/1.0000	13p.prep=0.0005/0.0000	13p.seeds=8.0000/0.0000	13p.rounds=8.0000/0.0000	13p.ledger=123364.0000/0.0000	13p.recon=0.0004/0.0002	13p.mcs=0.0004/0.0000	13.alt=0.0022/1.0000	14.transplant=0.0001/1.0000	15.minl=0.0006/1.0000	15.peel=0.0000/1.0000	16.late=0.0000/1.0000	17.final=0.0003/1.0000	18.simp=0.0000/1.0000	19.five=0.0000/1.0000	20.lt1k=0.0000/1.0000	21.comp=0.0000/1.0000	22.win=0.0000/1.0000	final=1.0000
LIFT	squfl025-030	2305	805	3000	805
COUNTS	squfl025-030	2305	6000	42305	42305
LADGATE	98	10000	0.019	1
PHASES	wastewater05m1	0.0224	1.portfolio=0.0108/0.8215	1b.indep=0.0006/0.8215	2.descent=0.0000/0.8215	3.search=0.0000/0.8215	4.subtree=0.0001/0.8215	4b.indep-accept=0.0000/0.7503	5.terminal=0.0000/0.7503	6.extra=0.0000/0.7503	7.telos=0.0000/0.7503	8.cleanup=0.0000/0.7503	9.reduce=0.0007/0.7503	10.completion=0.0002/0.7464	11.corecand=0.0017/0.7464	12.peo=0.0001/0.7464	13p.prep=0.0002/0.0000	13p.seeds=8.0000/0.0000	13p.rounds=22.0000/0.0000	13p.ledger=31224.0000/0.0000	13p.recon=0.0001/0.0019	13p.mcs=0.0003/0.0000	13.alt=0.0009/0.7464	14.transplant=0.0001/0.7464	15.minl=0.0002/0.6964	15.peel=0.0000/0.6964	16.late=0.0000/0.6964	17.final=0.0002/0.6964	18.simp=0.0000/0.6964	19.five=0.0000/0.6964	20.lt1k=0.0033/0.6964	21.comp=0.0002/0.6964	22.win=0.0000/0.6964	final=0.6964
LIFT	wastewater05m1	98	62	740	62
COUNTS	wastewater05m1	98	536	11690	8141
PHASES	cvxnonsep_psig20	0.0000	final=1.0000
COUNTS	cvxnonsep_psig20	20	380	2870	2870
LADGATE	4405	10000	0.148	1
PHASES	meanvar-orl400_05_e_8	0.1485	1.portfolio=0.0899/1.0000	1b.indep=0.0340/1.0000	2.descent=0.0000/1.0000	3.search=0.0000/1.0000	4.subtree=0.0012/1.0000	4b.indep-accept=0.0000/1.0000	5.terminal=0.0017/1.0000	6.extra=0.0000/1.0000	7.telos=0.0000/1.0000	8.cleanup=0.0000/1.0000	9.reduce=0.0051/1.0000	10.completion=0.0034/1.0000	11.corecand=0.0000/1.0000	12.peo=0.0028/1.0000	13p.prep=0.0000/0.0000	13p.seeds=0.0000/0.0000	13p.rounds=0.0000/0.0000	13p.ledger=0.0000/0.0000	13p.recon=0.0000/0.0000	13p.mcs=0.0000/0.0000	13.alt=0.0000/1.0000	14.transplant=0.0029/1.0000	15.minl=0.0070/1.0000	15.peel=0.0000/1.0000	16.late=0.0000/1.0000	17.final=0.0011/1.0000	18.simp=0.0000/1.0000	19.five=0.0000/1.0000	20.lt1k=0.0000/1.0000	21.comp=0.0000/1.0000	22.win=0.0000/1.0000	final=1.0000
LIFT	meanvar-orl400_05_e_8	4405	2403	168400	2403
COUNTS	meanvar-orl400_05_e_8	4405	171604	21923414	21922611
LADGATE	301	10000	0.037	1
PHASES	st_e31	0.0464	1.portfolio=0.0191/0.9746	1b.indep=0.0007/0.9746	2.descent=0.0000/0.9746	3.search=0.0000/0.9746	4.subtree=0.0001/0.9746	4b.indep-accept=0.0000/0.9746	5.terminal=0.0000/0.9746	6.extra=0.0000/0.9746	7.telos=0.0000/0.9746	8.cleanup=0.0000/0.9746	9.reduce=0.0009/0.9746	10.completion=0.0001/0.9746	11.corecand=0.0048/0.9746	12.peo=0.0001/0.9746	13p.prep=0.0002/0.0000	13p.seeds=8.0000/0.0000	13p.rounds=9.0000/0.0000	13p.ledger=18332.0000/0.0000	13p.recon=0.0001/0.0020	13p.mcs=0.0001/0.0000	13.alt=0.0006/0.9746	14.transplant=0.0003/0.9746	15.minl=0.0005/0.9746	15.peel=0.0000/0.9746	16.late=0.0000/0.9746	17.final=0.0001/0.9746	18.simp=0.0000/0.9746	19.five=0.0000/0.9746	20.lt1k=0.0095/0.9746	21.comp=0.0001/0.9746	22.win=0.0000/0.9746	final=0.9746
LIFT	st_e31	301	163	492	163
COUNTS	st_e31	301	744	4534	4419
PHASES	pooling_sppc1pq	0.4165	1.portfolio=0.1930/0.3037	1b.indep=0.0942/0.1683	2.descent=0.0000/0.1683	3.search=0.0000/0.1683	4.subtree=0.0041/0.1683	4b.indep-accept=0.0000/0.1683	5.terminal=0.0000/0.1683	6.extra=0.0000/0.1683	7.telos=0.0000/0.1683	8.cleanup=0.0000/0.1683	9.reduce=0.0387/0.1683	10.completion=0.0000/0.1683	11.corecand=0.0000/0.1683	12.peo=0.0031/0.1683	13p.prep=0.0218/0.0000	13p.seeds=8.0000/0.0000	13p.rounds=8.0000/0.0000	13p.ledger=3551983.0000/0.0000	13p.recon=0.0127/0.0000	13p.mcs=0.0187/0.0000	13.alt=0.0625/0.1683	14.transplant=0.0000/0.1683	15.minl=0.0049/0.1683	15.peel=0.0000/0.1683	16.late=0.0000/0.1683	17.final=0.0000/0.1683	18.simp=0.0000/0.1683	19.five=0.0000/0.1683	20.lt1k=0.0000/0.1683	21.comp=0.0000/0.1683	22.win=0.0000/0.1683	final=0.1683
LIFT	pooling_sppc1pq	14100	7273	535700	7273
COUNTS	pooling_sppc1pq	14100	477680	812210652	136686008
LADGATE	31	10000	0.004	1
PHASES	pooling_haverly1pq	0.0051	1.portfolio=0.0025/0.9782	1b.indep=0.0000/0.9782	2.descent=0.0000/0.9782	3.search=0.0000/0.9782	4.subtree=0.0001/0.9782	4b.indep-accept=0.0000/0.9782	5.terminal=0.0000/0.9782	6.extra=0.0000/0.9782	7.telos=0.0000/0.9782	8.cleanup=0.0000/0.9782	9.reduce=0.0000/0.9782	10.completion=0.0000/0.9782	11.corecand=0.0004/0.9782	12.peo=0.0000/0.9782	13p.prep=0.0000/0.0000	13p.seeds=8.0000/0.0000	13p.rounds=9.0000/0.0000	13p.ledger=2103.0000/0.0000	13p.recon=0.0000/0.0218	13p.mcs=0.0000/0.0000	13.alt=0.0001/0.9782	14.transplant=0.0000/0.9782	15.minl=0.0000/0.9782	15.peel=0.0000/0.9782	16.late=0.0000/0.9782	17.final=0.0000/0.9782	18.simp=0.0000/0.9782	19.five=0.0000/0.9782	20.lt1k=0.0009/0.9782	21.comp=0.0000/0.9782	22.win=0.0000/0.9782	final=0.9782
COUNTS	pooling_haverly1pq	31	96	412	403
LADGATE	128	10000	0.028	1
PHASES	graphpart_3g-0244-0244	0.0319	1.portfolio=0.0197/0.9737	1b.indep=0.0004/0.9737	2.descent=0.0000/0.9737	3.search=0.0000/0.9737	4.subtree=0.0001/0.9737	4b.indep-accept=0.0000/0.9731	5.terminal=0.0000/0.9731	6.extra=0.0000/0.9731	7.telos=0.0000/0.9731	8.cleanup=0.0000/0.9731	9.reduce=0.0005/0.9731	10.completion=0.0006/0.9731	11.corecand=0.0017/0.9731	12.peo=0.0001/0.9731	13p.prep=0.0001/0.0000	13p.seeds=8.0000/0.0000	13p.rounds=14.0000/0.0000	13p.ledger=33773.0000/0.0000	13p.recon=0.0001/0.0004	13p.mcs=0.0003/0.0000	13.alt=0.0008/0.9731	14.transplant=0.0000/0.9731	15.minl=0.0003/0.9731	15.peel=0.0000/0.9731	16.late=0.0000/0.9731	17.final=0.0001/0.9731	18.simp=0.0000/0.9731	19.five=0.0000/0.9731	20.lt1k=0.0034/0.9731	21.comp=0.0006/0.9731	22.win=0.0000/0.9731	final=0.9731
LIFT	graphpart_3g-0244-0244	128	96	672	96
COUNTS	graphpart_3g-0244-0244	128	672	33446	32546
LADGATE	80	10000	0.023	1
PHASES	graphpart_clique-20	0.0282	1.portfolio=0.0128/0.8654	1b.indep=0.0003/0.8654	2.descent=0.0000/0.8654	3.search=0.0000/0.8654	4.subtree=0.0001/0.8654	4b.indep-accept=0.0000/0.8654	5.terminal=0.0000/0.8654	6.extra=0.0000/0.8654	7.telos=0.0000/0.8654	8.cleanup=0.0000/0.8654	9.reduce=0.0003/0.8654	10.completion=0.0004/0.8654	11.corecand=0.0025/0.8654	12.peo=0.0001/0.8654	13p.prep=0.0002/0.0000	13p.seeds=8.0000/0.0000	13p.rounds=16.0000/0.0000	13p.ledger=43925.0000/0.0000	13p.recon=0.0001/0.0005	13p.mcs=0.0003/0.0000	13.alt=0.0009/0.8654	14.transplant=0.0001/0.8654	15.minl=0.0004/0.8040	15.peel=0.0000/0.8040	16.late=0.0000/0.8040	17.final=0.0001/0.8040	18.simp=0.0000/0.8040	19.five=0.0000/0.8040	20.lt1k=0.0048/0.8015	21.comp=0.0004/0.8015	22.win=0.0000/0.8015	final=0.8015
LIFT	graphpart_clique-20	80	77	1254	77
COUNTS	graphpart_clique-20	80	1260	34885	27960
LADGATE	28368	10000	0.639	0
PHASES	mpbp_48	0.6400	1.portfolio=0.2953/0.4938	1b.indep=0.0865/0.4938	2.descent=0.0000/0.4938	3.search=0.0000/0.4938	4.subtree=0.0018/0.4938	4b.indep-accept=0.0000/0.4938	5.terminal=0.0024/0.4938	6.extra=0.0000/0.4938	7.telos=0.0000/0.4938	8.cleanup=0.0000/0.4938	9.reduce=0.0257/0.4938	10.completion=0.0061/0.4938	11.corecand=0.0000/0.4938	12.peo=0.0470/0.4938	13p.prep=0.0179/0.0000	13p.seeds=8.0000/0.0000	13p.rounds=18.0000/0.0000	13p.ledger=3775285.0000/0.0000	13p.recon=0.0138/0.0000	13p.mcs=0.0224/0.0000	13.alt=0.0739/0.4938	14.transplant=0.0116/0.4892	15.minl=0.0949/0.4856	15.peel=0.0000/0.4856	16.late=0.0000/0.4856	17.final=0.0016/0.4856	18.simp=0.0000/0.4856	19.five=0.0000/0.4856	20.lt1k=0.0000/0.4856	21.comp=0.0000/0.4856	22.win=0.0000/0.4856	final=0.4856
LIFT	mpbp_48	28368	16000	66180	16000
COUNTS	mpbp_48	28368	91016	33835023	16431643
PHASES	pooling_sppb5pq	0.5591	1.portfolio=0.2601/0.4077	1b.indep=0.1187/0.4077	2.descent=0.0000/0.4077	3.search=0.0000/0.4077	4.subtree=0.0054/0.4077	4b.indep-accept=0.0000/0.4077	5.terminal=0.0000/0.4077	6.extra=0.0000/0.4077	7.telos=0.0000/0.4077	8.cleanup=0.0000/0.4077	9.reduce=0.0643/0.4077	10.completion=0.0000/0.4077	11.corecand=0.0000/0.4077	12.peo=0.0044/0.4077	13p.prep=0.0401/0.0000	13p.seeds=8.0000/0.0000	13p.rounds=9.0000/0.0000	13p.ledger=3103531.0000/0.0000	13p.recon=0.0083/0.0000	13p.mcs=0.0108/0.0000	13.alt=0.0728/0.4077	14.transplant=0.0000/0.4077	15.minl=0.0070/0.4077	15.peel=0.0000/0.4077	16.late=0.0000/0.4077	17.final=0.0000/0.4077	18.simp=0.0000/0.4077	19.five=0.0000/0.4077	20.lt1k=0.0000/0.4077	21.comp=0.0000/0.4077	22.win=0.0000/0.4077	final=0.4077
LIFT	pooling_sppb5pq	18529	9496	693670	9496
COUNTS	pooling_sppb5pq	18529	674470	523815053	213571545
LADGATE	497	10000	0.074	1
PHASES	slay07m	0.0931	1.portfolio=0.0424/1.0000	1b.indep=0.0009/1.0000	2.descent=0.0000/1.0000	3.search=0.0000/1.0000	4.subtree=0.0001/1.0000	4b.indep-accept=0.0000/1.0000	5.terminal=0.0001/1.0000	6.extra=0.0000/1.0000	7.telos=0.0000/1.0000	8.cleanup=0.0000/1.0000	9.reduce=0.0011/1.0000	10.completion=0.0002/1.0000	11.corecand=0.0094/1.0000	12.peo=0.0001/1.0000	13p.prep=0.0001/0.0000	13p.seeds=8.0000/0.0000	13p.rounds=8.0000/0.0000	13p.ledger=28981.0000/0.0000	13p.recon=0.0001/0.0014	13p.mcs=0.0001/0.0000	13.alt=0.0006/1.0000	14.transplant=0.0000/1.0000	15.minl=0.0001/1.0000	15.peel=0.0000/1.0000	16.late=0.0000/1.0000	17.final=0.0001/1.0000	18.simp=0.0000/1.0000	19.five=0.0000/1.0000	20.lt1k=0.0184/1.0000	21.comp=0.0002/1.0000	22.win=0.0000/1.0000	final=1.0000
LIFT	slay07m	497	203	924	203
COUNTS	slay07m	497	1512	5740	5740
PHASES	nvs19	0.0000	final=0.6534
COUNTS	nvs19	24	200	1353	884
LADGATE	3270	10000	0.194	1
PHASES	oil	0.1938	1.portfolio=0.1455/0.9943	1b.indep=0.0077/0.9943	2.descent=0.0000/0.9943	3.search=0.0000/0.9943	4.subtree=0.0004/0.9943	4b.indep-accept=0.0000/0.9943	5.terminal=0.0004/0.9943	6.extra=0.0002/0.9943	7.telos=0.0000/0.9943	8.cleanup=0.0000/0.9943	9.reduce=0.0132/0.9614	10.completion=0.0012/0.9611	11.corecand=0.0012/0.9611	12.peo=0.0005/0.9611	13p.prep=0.0043/0.0000	13p.seeds=8.0000/0.0000	13p.rounds=29.0000/0.0000	13p.ledger=630832.0000/0.0000	13p.recon=0.0027/0.0008	13p.mcs=0.0030/0.0000	13.alt=0.0177/0.9611	14.transplant=0.0049/0.9592	15.minl=0.0049/0.9592	15.peel=0.0000/0.9592	16.late=0.0000/0.9592	17.final=0.0003/0.9592	18.simp=0.0000/0.9592	19.five=0.0000/0.9592	20.lt1k=0.0000/0.9592	21.comp=0.0000/0.9592	22.win=0.0000/0.9592	final=0.9592
LIFT	oil	3270	1687	5444	1687
COUNTS	oil	3270	8430	36313	34833
LADGATE	2775	10000	0.746	1
PHASES	squfl015-060	0.7464	1.portfolio=0.7326/1.0000	1b.indep=0.0053/1.0000	2.descent=0.0000/1.0000	3.search=0.0000/1.0000	4.subtree=0.0003/1.0000	4b.indep-accept=0.0000/1.0000	5.terminal=0.0002/1.0000	6.extra=0.0000/1.0000	7.telos=0.0000/1.0000	8.cleanup=0.0000/1.0000	9.reduce=0.0027/1.0000	10.completion=0.0009/1.0000	11.corecand=0.0000/1.0000	12.peo=0.0003/1.0000	13p.prep=0.0005/0.0000	13p.seeds=8.0000/0.0000	13p.rounds=8.0000/0.0000	13p.ledger=146139.0000/0.0000	13p.recon=0.0005/0.0002	13p.mcs=0.0005/0.0000	13.alt=0.0026/1.0000	14.transplant=0.0001/1.0000	15.minl=0.0008/1.0000	15.peel=0.0000/1.0000	16.late=0.0000/1.0000	17.final=0.0003/1.0000	18.simp=0.0000/1.0000	19.five=0.0000/1.0000	20.lt1k=0.0000/1.0000	21.comp=0.0000/1.0000	22.win=0.0000/1.0000	final=1.0000
LIFT	squfl015-060	2775	975	3600	975
COUNTS	squfl015-060	2775	7200	36400	36400
LADGATE	1112	10000	0.280	1
PHASES	ndcc12persp	0.2805	1.portfolio=0.1958/0.9577	1b.indep=0.0050/0.9577	2.descent=0.0000/0.9577	3.search=0.0000/0.9577	4.subtree=0.0002/0.9577	4b.indep-accept=0.0000/0.9577	5.terminal=0.0002/0.9577	6.extra=0.0001/0.9577	7.telos=0.0000/0.9577	8.cleanup=0.0000/0.9577	9.reduce=0.0677/0.9577	10.completion=0.0048/0.9577	11.corecand=0.0000/0.9577	12.peo=0.0003/0.9577	13p.prep=0.0005/0.0000	13p.seeds=8.0000/0.0000	13p.rounds=9.0000/0.0000	13p.ledger=157789.0000/0.0000	13p.recon=0.0005/0.0000	13p.mcs=0.0008/0.0000	13.alt=0.0027/0.9577	14.transplant=0.0017/0.9521	15.minl=0.0032/0.9521	15.peel=0.0000/0.9521	16.late=0.0000/0.9521	17.final=0.0002/0.9521	18.simp=0.0000/0.9521	19.five=0.0000/0.9521	20.lt1k=0.0000/0.9521	21.comp=0.0000/0.9521	22.win=0.0000/0.9521	final=0.9521
LIFT	ndcc12persp	1112	961	5220	961
COUNTS	ndcc12persp	1112	5522	299115	284793
PHASES	kissing2	0.3504	1.portfolio=0.0786/1.0000	1b.indep=0.0986/1.0000	2.descent=0.0000/1.0000	3.search=0.0000/1.0000	4.subtree=0.0032/1.0000	4b.indep-accept=0.0000/1.0000	5.terminal=0.0000/1.0000	6.extra=0.0000/1.0000	7.telos=0.0000/1.0000	8.cleanup=0.0000/1.0000	9.reduce=0.0729/1.0000	10.completion=0.0000/1.0000	11.corecand=0.0000/1.0000	12.peo=0.0028/1.0000	13p.prep=0.0028/0.0000	13p.seeds=1.0000/0.0000	13p.rounds=1.0000/0.0000	13p.ledger=903802.0000/0.0000	13p.recon=0.0026/0.0000	13p.mcs=0.0026/0.0000	13.alt=0.0132/1.0000	14.transplant=0.0000/1.0000	15.minl=0.0492/1.0000	15.peel=0.0000/1.0000	16.late=0.0000/1.0000	17.final=0.0000/1.0000	18.simp=0.0000/1.0000	19.five=0.0000/1.0000	20.lt1k=0.0000/1.0000	21.comp=0.0000/1.0000	22.win=0.0000/1.0000	final=1.0000
LIFT	kissing2	20772	10772	381024	10772
COUNTS	kissing2	20772	401024	156414018	156414018
LADGATE	1942	10000	0.451	1
PHASES	nuclear25a	0.4512	1.portfolio=0.3367/0.6705	1b.indep=0.0149/0.6705	2.descent=0.0000/0.6705	3.search=0.0000/0.6705	4.subtree=0.0005/0.6705	4b.indep-accept=0.0000/0.6705	5.terminal=0.0004/0.6705	6.extra=0.0002/0.6705	7.telos=0.0000/0.6705	8.cleanup=0.0000/0.6705	9.reduce=0.0549/0.6705	10.completion=0.0099/0.6543	11.corecand=0.0000/0.6543	12.peo=0.0061/0.6543	13p.prep=0.0014/0.0000	13p.seeds=8.0000/0.0000	13p.rounds=10.0000/0.0000	13p.ledger=492154.0000/0.0000	13p.recon=0.0015/0.0000	13p.mcs=0.0026/0.0000	13.alt=0.0080/0.6543	14.transplant=0.0045/0.6248	15.minl=0.0183/0.6235	15.peel=0.0000/0.6235	16.late=0.0000/0.6235	17.final=0.0003/0.6235	18.simp=0.0000/0.6235	19.five=0.0000/0.6235	20.lt1k=0.0000/0.6235	21.comp=0.0000/0.6235	22.win=0.0000/0.6235	final=0.6235
LIFT	nuclear25a	1942	755	18260	755
COUNTS	nuclear25a	1942	16030	1977163	1232664
LADGATE	222	10000	0.027	1
PHASES	clay0204m	0.0352	1.portfolio=0.0137/1.0000	1b.indep=0.0003/1.0000	2.descent=0.0000/1.0000	3.search=0.0000/1.0000	4.subtree=0.0000/1.0000	4b.indep-accept=0.0000/1.0000	5.terminal=0.0000/1.0000	6.extra=0.0000/1.0000	7.telos=0.0000/1.0000	8.cleanup=0.0000/1.0000	9.reduce=0.0005/1.0000	10.completion=0.0001/1.0000	11.corecand=0.0039/1.0000	12.peo=0.0000/1.0000	13p.prep=0.0001/0.0000	13p.seeds=8.0000/0.0000	13p.rounds=8.0000/0.0000	13p.ledger=13017.0000/0.0000	13p.recon=0.0001/0.0034	13p.mcs=0.0001/0.0000	13.alt=0.0003/1.0000	14.transplant=0.0000/1.0000	15.minl=0.0001/1.0000	15.peel=0.0000/1.0000	16.late=0.0000/1.0000	17.final=0.0001/1.0000	18.simp=0.0000/1.0000	19.five=0.0000/1.0000	20.lt1k=0.0078/1.0000	21.comp=0.0001/1.0000	22.win=0.0000/1.0000	final=1.0000
LIFT	clay0204m	222	102	464	102
COUNTS	clay0204m	222	704	2330	2330
LADGATE	23	10000	0.002	1
PHASES	st_ph13	0.0030	1.portfolio=0.0015/0.8599	1b.indep=0.0000/0.8599	2.descent=0.0000/0.8599	3.search=0.0000/0.8599	4.subtree=0.0000/0.8599	4b.indep-accept=0.0000/0.8599	5.terminal=0.0000/0.8599	6.extra=0.0000/0.8599	7.telos=0.0000/0.8599	8.cleanup=0.0000/0.8599	9.reduce=0.0000/0.8599	10.completion=0.0000/0.8599	11.corecand=0.0003/0.8599	12.peo=0.0000/0.8599	13p.prep=0.0000/0.0000	13p.seeds=8.0000/0.0000	13p.rounds=15.0000/0.0000	13p.ledger=2330.0000/0.0000	13p.recon=0.0000/0.0725	13p.mcs=0.0000/0.0000	13.alt=0.0001/0.8599	14.transplant=0.0000/0.8599	15.minl=0.0000/0.8599	15.peel=0.0000/0.8599	16.late=0.0000/0.8599	17.final=0.0000/0.8599	18.simp=0.0000/0.8599	19.five=0.0000/0.8599	20.lt1k=0.0005/0.8599	21.comp=0.0000/0.8599	22.win=0.0000/0.8599	final=0.8599
COUNTS	st_ph13	23	68	207	178
LADGATE	1053	10000	0.178	1
PHASES	edgecross10-030	0.1782	1.portfolio=0.1483/0.7718	1b.indep=0.0032/0.7718	2.descent=0.0000/0.7718	3.search=0.0000/0.7718	4.subtree=0.0002/0.7718	4b.indep-accept=0.0000/0.7718	5.terminal=0.0001/0.7718	6.extra=0.0001/0.7718	7.telos=0.0000/0.7718	8.cleanup=0.0000/0.7718	9.reduce=0.0185/0.7718	10.completion=0.0016/0.7667	11.corecand=0.0000/0.7667	12.peo=0.0002/0.7667	13p.prep=0.0007/0.0000	13p.seeds=8.0000/0.0000	13p.rounds=15.0000/0.0000	13p.ledger=169765.0000/0.0000	13p.recon=0.0006/0.0001	13p.mcs=0.0008/0.0000	13.alt=0.0032/0.7667	14.transplant=0.0008/0.7402	15.minl=0.0022/0.7402	15.peel=0.0000/0.7402	16.late=0.0000/0.7402	17.final=0.0002/0.7402	18.simp=0.0000/0.7402	19.five=0.0000/0.7402	20.lt1k=0.0000/0.7402	21.comp=0.0000/0.7402	22.win=0.0000/0.7402	final=0.7402
LIFT	edgecross10-030	1053	573	5134	573
COUNTS	edgecross10-030	1053	4654	135854	100563
LADGATE	601	10000	0.094	1
PHASES	chain200	0.1078	1.portfolio=0.0695/1.0000	1b.indep=0.0006/1.0000	2.descent=0.0000/1.0000	3.search=0.0000/1.0000	4.subtree=0.0001/1.0000	4b.indep-accept=0.0000/1.0000	5.terminal=0.0001/1.0000	6.extra=0.0000/1.0000	7.telos=0.0000/1.0000	8.cleanup=0.0000/1.0000	9.reduce=0.0005/1.0000	10.completion=0.0002/1.0000	11.corecand=0.0071/1.0000	12.peo=0.0001/1.0000	13p.prep=0.0004/0.0000	13p.seeds=8.0000/0.0000	13p.rounds=17.0000/0.0000	13p.ledger=88362.0000/0.0000	13p.recon=0.0003/0.0021	13p.mcs=0.0003/0.0000	13.alt=0.0015/1.0000	14.transplant=0.0000/1.0000	15.minl=0.0002/1.0000	15.peel=0.0000/1.0000	16.late=0.0000/1.0000	17.final=0.0002/1.0000	18.simp=0.0000/1.0000	19.five=0.0000/1.0000	20.lt1k=0.0140/1.0000	21.comp=0.0002/1.0000	22.win=0.0000/1.0000	final=1.0000
LIFT	chain200	601	400	1596	400
COUNTS	chain200	601	2396	8182	8182
LADGATE	25	10000	0.003	1
PHASES	ex1223b	0.0037	1.portfolio=0.0017/1.0000	1b.indep=0.0000/1.0000	2.descent=0.0000/1.0000	3.search=0.0000/1.0000	4.subtree=0.0000/1.0000	4b.indep-accept=0.0000/1.0000	5.terminal=0.0000/1.0000	6.extra=0.0000/1.0000	7.telos=0.0000/1.0000	8.cleanup=0.0000/1.0000	9.reduce=0.0000/1.0000	10.completion=0.0000/1.0000	11.corecand=0.0004/1.0000	12.peo=0.0000/1.0000	13p.prep=0.0000/0.0000	13p.seeds=8.0000/0.0000	13p.rounds=13.0000/0.0000	13p.ledger=2054.0000/0.0000	13p.recon=0.0000/0.0730	13p.mcs=0.0000/0.0000	13.alt=0.0001/1.0000	14.transplant=0.0000/1.0000	15.minl=0.0000/1.0000	15.peel=0.0000/1.0000	16.late=0.0000/1.0000	17.final=0.0000/1.0000	18.simp=0.0000/1.0000	19.five=0.0000/1.0000	20.lt1k=0.0007/1.0000	21.comp=0.0000/1.0000	22.win=0.0000/1.0000	final=1.0000
COUNTS	ex1223b	25	66	178	178
LADGATE	2718	10000	0.352	1
PHASES	slay09h	0.3516	1.portfolio=0.3242/0.8982	1b.indep=0.0026/0.8982	2.descent=0.0000/0.8982	3.search=0.0000/0.8982	4.subtree=0.0003/0.8982	4b.indep-accept=0.0000/0.8982	5.terminal=0.0003/0.8982	6.extra=0.0002/0.8982	7.telos=0.0000/0.8982	8.cleanup=0.0000/0.8982	9.reduce=0.0151/0.8982	10.completion=0.0008/0.8982	11.corecand=0.0000/0.8982	12.peo=0.0003/0.8982	13p.prep=0.0008/0.0000	13p.seeds=8.0000/0.0000	13p.rounds=11.0000/0.0000	13p.ledger=210052.0000/0.0000	13p.recon=0.0007/0.0003	13p.mcs=0.0008/0.0000	13.alt=0.0038/0.8982	14.transplant=0.0025/0.8982	15.minl=0.0032/0.8982	15.peel=0.0000/0.8982	16.late=0.0000/0.8982	17.final=0.0003/0.8982	18.simp=0.0000/0.8982	19.five=0.0000/0.8982	20.lt1k=0.0000/0.8982	21.comp=0.0000/0.8982	22.win=0.0000/0.8982	final=0.8982
LIFT	slay09h	2718	1206	5040	1206
COUNTS	slay09h	2718	7488	36057	32385
LADGATE	974	10000	0.324	1
PHASES	ndcc12	0.3861	1.portfolio=0.1966/0.9674	1b.indep=0.0063/0.9674	2.descent=0.0000/0.9674	3.search=0.0000/0.9674	4.subtree=0.0003/0.9674	4b.indep-accept=0.0000/0.9536	5.terminal=0.0002/0.9536	6.extra=0.0001/0.9536	7.telos=0.0000/0.9536	8.cleanup=0.0000/0.9536	9.reduce=0.0107/0.9536	10.completion=0.0046/0.9536	11.corecand=0.0323/0.9536	12.peo=0.0003/0.9536	13p.prep=0.0009/0.0000	13p.seeds=8.0000/0.0000	13p.rounds=17.0000/0.0000	13p.ledger=327874.0000/0.0000	13p.recon=0.0009/0.0000	13p.mcs=0.0017/0.0000	13.alt=0.0051/0.9536	14.transplant=0.0017/0.9527	15.minl=0.0034/0.9527	15.peel=0.0000/0.9527	16.late=0.0000/0.9527	17.final=0.0002/0.9527	18.simp=0.0000/0.9527	19.five=0.0000/0.9527	20.lt1k=0.0600/0.9527	21.comp=0.0038/0.9527	22.win=0.0000/0.9527	final=0.9527
LIFT	ndcc12	974	902	6222	902
COUNTS	ndcc12	974	5982	345696	329342
LADGATE	1306	10000	0.202	1
PHASES	kall_circlesrectangles_c6r39	0.2020	1.portfolio=0.1534/0.9941	1b.indep=0.0049/0.9941	2.descent=0.0000/0.9941	3.search=0.0000/0.9941	4.subtree=0.0002/0.9941	4b.indep-accept=0.0000/0.9941	5.terminal=0.0002/0.9941	6.extra=0.0001/0.9941	7.telos=0.0000/0.9941	8.cleanup=0.0000/0.9941	9.reduce=0.0355/0.9941	10.completion=0.0015/0.9941	11.corecand=0.0000/0.9941	12.peo=0.0003/0.9941	13p.prep=0.0006/0.0000	13p.seeds=8.0000/0.0000	13p.rounds=10.0000/0.0000	13p.ledger=146661.0000/0.0000	13p.recon=0.0005/0.0001	13p.mcs=0.0007/0.0000	13.alt=0.0028/0.9941	14.transplant=0.0019/0.9850	15.minl=0.0026/0.9850	15.peel=0.0000/0.9850	16.late=0.0000/0.9850	17.final=0.0002/0.9850	18.simp=0.0000/0.9850	19.five=0.0000/0.9850	20.lt1k=0.0000/0.9850	21.comp=0.0000/0.9850	22.win=0.0000/0.9850	final=0.9850
LIFT	kall_circlesrectangles_c6r39	1306	924	4638	924
COUNTS	kall_circlesrectangles_c6r39	1306	5378	75744	74610
LADGATE	9170	10000	0.476	1
PHASES	squfl020-150	0.4762	1.portfolio=0.4081/1.0000	1b.indep=0.0307/1.0000	2.descent=0.0000/1.0000	3.search=0.0000/1.0000	4.subtree=0.0005/1.0000	4b.indep-accept=0.0000/1.0000	5.terminal=0.0007/1.0000	6.extra=0.0000/1.0000	7.telos=0.0000/1.0000	8.cleanup=0.0000/1.0000	9.reduce=0.0161/1.0000	10.completion=0.0038/1.0000	11.corecand=0.0000/1.0000	12.peo=0.0011/1.0000	13p.prep=0.0019/0.0000	13p.seeds=8.0000/0.0000	13p.rounds=8.0000/0.0000	13p.ledger=484429.0000/0.0000	13p.recon=0.0016/0.0001	13p.mcs=0.0020/0.0000	13.alt=0.0092/1.0000	14.transplant=0.0002/1.0000	15.minl=0.0029/1.0000	15.peel=0.0000/1.0000	16.late=0.0000/1.0000	17.final=0.0005/1.0000	18.simp=0.0000/1.0000	19.five=0.0000/1.0000	20.lt1k=0.0000/1.0000	21.comp=0.0000/1.0000	22.win=0.0000/1.0000	final=1.0000
LIFT	squfl020-150	9170	3170	12000	3170
COUNTS	squfl020-150	9170	24000	135020	135020
PHASES	autocorr_bern40-30	0.0000	final=1.0000
COUNTS	autocorr_bern40-30	43	1534	20034	20034
LADGATE	660	10000	0.118	1
PHASES	slay08m	0.1486	1.portfolio=0.0705/1.0000	1b.indep=0.0011/1.0000	2.descent=0.0000/1.0000	3.search=0.0000/1.0000	4.subtree=0.0001/1.0000	4b.indep-accept=0.0000/1.0000	5.terminal=0.0001/1.0000	6.extra=0.0000/1.0000	7.telos=0.0000/1.0000	8.cleanup=0.0000/1.0000	9.reduce=0.0015/1.0000	10.completion=0.0002/1.0000	11.corecand=0.0145/1.0000	12.peo=0.0001/1.0000	13p.prep=0.0002/0.0000	13p.seeds=8.0000/0.0000	13p.rounds=8.0000/0.0000	13p.ledger=38555.0000/0.0000	13p.recon=0.0001/0.0010	13p.mcs=0.0002/0.0000	13.alt=0.0009/1.0000	14.transplant=0.0000/1.0000	15.minl=0.0002/1.0000	15.peel=0.0000/1.0000	16.late=0.0000/1.0000	17.final=0.0002/1.0000	18.simp=0.0000/1.0000	19.five=0.0000/1.0000	20.lt1k=0.0288/1.0000	21.comp=0.0002/1.0000	22.win=0.0000/1.0000	final=1.0000
LIFT	slay08m	660	268	1232	268
COUNTS	slay08m	660	2016	7796	7796
LADGATE	2032	10000	0.362	1
PHASES	chimera_mgw-c16-2031-01	0.3616	1.portfolio=0.2234/0.8858	1b.indep=0.0132/0.8858	2.descent=0.0000/0.8858	3.search=0.0000/0.8858	4.subtree=0.0005/0.8858	4b.indep-accept=0.0000/0.8858	5.terminal=0.0006/0.8858	6.extra=0.0004/0.8858	7.telos=0.0000/0.8858	8.cleanup=0.0000/0.8858	9.reduce=0.0192/0.8858	10.completion=0.0123/0.8826	11.corecand=0.0000/0.8826	12.peo=0.0037/0.8826	13p.prep=0.0071/0.0000	13p.seeds=8.0000/0.0000	13p.rounds=37.0000/0.0000	13p.ledger=2799598.0000/0.0000	13p.recon=0.0090/0.0000	13p.mcs=0.0177/0.0000	13.alt=0.0455/0.8826	14.transplant=0.0059/0.8281	15.minl=0.0414/0.8175	15.peel=0.0000/0.8175	16.late=0.0000/0.8175	17.final=0.0004/0.8175	18.simp=0.0000/0.8175	19.five=0.0000/0.8175	20.lt1k=0.0000/0.8175	21.comp=0.0000/0.8175	22.win=0.0000/0.8175	final=0.8175
LIFT	chimera_mgw-c16-2031-01	2032	2021	15902	2021
COUNTS	chimera_mgw-c16-2031-01	2032	15900	3328073	2720855
LADGATE	713	10000	0.173	1
PHASES	forest	0.2041	1.portfolio=0.1184/0.9933	1b.indep=0.0020/0.9933	2.descent=0.0000/0.9933	3.search=0.0000/0.9933	4.subtree=0.0002/0.9933	4b.indep-accept=0.0000/0.9933	5.terminal=0.0001/0.9933	6.extra=0.0001/0.9933	7.telos=0.0000/0.9933	8.cleanup=0.0000/0.9933	9.reduce=0.0024/0.9933	10.completion=0.0002/0.9933	11.corecand=0.0158/0.9933	12.peo=0.0001/0.9933	13p.prep=0.0004/0.0000	13p.seeds=8.0000/0.0000	13p.rounds=12.0000/0.0000	13p.ledger=69815.0000/0.0000	13p.recon=0.0002/0.0011	13p.mcs=0.0003/0.0000	13.alt=0.0015/0.9933	14.transplant=0.0009/0.9933	15.minl=0.0011/0.9933	15.peel=0.0000/0.9933	16.late=0.0000/0.9933	17.final=0.0002/0.9933	18.simp=0.0000/0.9933	19.five=0.0000/0.9933	20.lt1k=0.0306/0.9933	21.comp=0.0002/0.9933	22.win=0.0000/0.9933	final=0.9933
LIFT	forest	713	404	2076	404
COUNTS	forest	713	2658	10614	10543
LADGATE	280	10000	0.109	1
PHASES	qspp_0_10_0_1_10_1	0.1094	1.portfolio=0.0733/0.9960	1b.indep=0.0046/0.9960	2.descent=0.0000/0.9960	3.search=0.0000/0.9960	4.subtree=0.0005/0.9960	4b.indep-accept=0.0000/0.9960	5.terminal=0.0005/0.9960	6.extra=0.0004/0.9960	7.telos=0.0000/0.9960	8.cleanup=0.0000/0.9960	9.reduce=0.0139/0.9958	10.completion=0.0024/0.9958	11.corecand=0.0000/0.9958	12.peo=0.0007/0.9958	13p.prep=0.0027/0.0000	13p.seeds=8.0000/0.0000	13p.rounds=13.0000/0.0000	13p.ledger=605736.0000/0.0000	13p.recon=0.0012/0.0000	13p.mcs=0.0016/0.0000	13.alt=0.0099/0.9958	14.transplant=0.0002/0.9958	15.minl=0.0002/0.9958	15.peel=0.0000/0.9958	16.late=0.0000/0.9958	17.final=0.0003/0.9958	18.simp=0.0000/0.9958	19.five=0.0000/0.9958	20.lt1k=0.0023/0.9958	21.comp=0.0000/0.9958	22.win=0.0000/0.9958	final=0.9958
LIFT	qspp_0_10_0_1_10_1	280	244	29450	244
COUNTS	qspp_0_10_0_1_10_1	280	29636	1942907	1934693
LADGATE	16	10000	0.002	1
PHASES	st_ph1	0.0028	1.portfolio=0.0016/0.8504	1b.indep=0.0000/0.8504	2.descent=0.0000/0.8504	3.search=0.0000/0.8504	4.subtree=0.0000/0.8504	4b.indep-accept=0.0000/0.8504	5.terminal=0.0000/0.8504	6.extra=0.0000/0.8504	7.telos=0.0000/0.8504	8.cleanup=0.0000/0.8504	9.reduce=0.0000/0.8504	10.completion=0.0000/0.8504	11.corecand=0.0002/0.8504	12.peo=0.0000/0.8504	13p.prep=0.0000/0.0000	13p.seeds=8.0000/0.0000	13p.rounds=10.0000/0.0000	13p.ledger=1311.0000/0.0000	13p.recon=0.0000/0.0365	13p.mcs=0.0000/0.0000	13.alt=0.0001/0.8504	14.transplant=0.0000/0.8504	15.minl=0.0000/0.8504	15.peel=0.0000/0.8504	16.late=0.0000/0.8504	17.final=0.0000/0.8504	18.simp=0.0000/0.8504	19.five=0.0000/0.8504	20.lt1k=0.0004/0.8504	21.comp=0.0000/0.8504	22.win=0.0000/0.8504	final=0.8504
COUNTS	st_ph1	16	58	274	233
LADGATE	124	10000	0.017	1
PHASES	elf	0.0205	1.portfolio=0.0094/0.8042	1b.indep=0.0004/0.8042	2.descent=0.0000/0.8042	3.search=0.0000/0.8042	4.subtree=0.0001/0.8042	4b.indep-accept=0.0000/0.8042	5.terminal=0.0000/0.8042	6.extra=0.0000/0.8042	7.telos=0.0000/0.8042	8.cleanup=0.0000/0.8042	9.reduce=0.0004/0.7951	10.completion=0.0001/0.7951	11.corecand=0.0019/0.7951	12.peo=0.0000/0.7951	13p.prep=0.0001/0.0000	13p.seeds=8.0000/0.0000	13p.rounds=9.0000/0.0000	13p.ledger=8742.0000/0.0000	13p.recon=0.0000/0.0033	13p.mcs=0.0001/0.0000	13.alt=0.0002/0.7951	14.transplant=0.0001/0.7951	15.minl=0.0001/0.7951	15.peel=0.0000/0.7951	16.late=0.0000/0.7951	17.final=0.0001/0.7951	18.simp=0.0000/0.7951	19.five=0.0000/0.7951	20.lt1k=0.0038/0.7951	21.comp=0.0001/0.7951	22.win=0.0000/0.7951	final=0.7951
LIFT	elf	124	65	258	65
COUNTS	elf	124	376	2733	2173
LADGATE	18	10000	0.003	1
PHASES	ex3_1_3	0.0031	1.portfolio=0.0018/0.9222	1b.indep=0.0000/0.9222	2.descent=0.0000/0.9222	3.search=0.0000/0.9222	4.subtree=0.0000/0.9222	4b.indep-accept=0.0000/0.9222	5.terminal=0.0000/0.9222	6.extra=0.0000/0.9222	7.telos=0.0000/0.9222	8.cleanup=0.0000/0.9222	9.reduce=0.0000/0.9222	10.completion=0.0000/0.9222	11.corecand=0.0002/0.9222	12.peo=0.0000/0.9222	13p.prep=0.0000/0.0000	13p.seeds=5.0000/0.0000	13p.rounds=8.0000/0.0000	13p.ledger=741.0000/0.0000	13p.recon=0.0000/0.0889	13p.mcs=0.0000/0.0000	13.alt=0.0000/0.9222	14.transplant=0.0000/0.9222	15.minl=0.0000/0.9222	15.peel=0.0000/0.9222	16.late=0.0000/0.9222	17.final=0.0000/0.9222	18.simp=0.0000/0.9222	19.five=0.0000/0.9222	20.lt1k=0.0005/0.9222	21.comp=0.0000/0.9222	22.win=0.0000/0.9222	final=0.9222
COUNTS	ex3_1_3	18	36	90	83
PHASES	cvxnonsep_normcon40r	0.0000	final=1.0000
COUNTS	cvxnonsep_normcon40r	162	322	645	645
LADGATE	155	10000	0.025	1
PHASES	demo7	0.0309	1.portfolio=0.0148/0.9573	1b.indep=0.0006/0.9573	2.descent=0.0000/0.9573	3.search=0.0000/0.9573	4.subtree=0.0001/0.9573	4b.indep-accept=0.0000/0.9573	5.terminal=0.0000/0.9573	6.extra=0.0000/0.9573	7.telos=0.0000/0.9573	8.cleanup=0.0000/0.9573	9.reduce=0.0009/0.9573	10.completion=0.0001/0.9573	11.corecand=0.0026/0.9573	12.peo=0.0000/0.9573	13p.prep=0.0001/0.0000	13p.seeds=8.0000/0.0000	13p.rounds=13.0000/0.0000	13p.ledger=18143.0000/0.0000	13p.recon=0.0001/0.0036	13p.mcs=0.0001/0.0000	13.alt=0.0006/0.9573	14.transplant=0.0002/0.9573	15.minl=0.0003/0.9573	15.peel=0.0000/0.9573	16.late=0.0000/0.9573	17.final=0.0001/0.9573	18.simp=0.0000/0.9573	19.five=0.0000/0.9573	20.lt1k=0.0052/0.9573	21.comp=0.0001/0.9573	22.win=0.0000/0.9573	final=0.9573
LIFT	demo7	155	66	448	66
COUNTS	demo7	155	618	3579	3426
LADGATE	615	10000	0.190	1
PHASES	waternd2	0.2173	1.portfolio=0.1388/0.4806	1b.indep=0.0033/0.4806	2.descent=0.0000/0.4806	3.search=0.0000/0.4806	4.subtree=0.0002/0.4806	4b.indep-accept=0.0000/0.4806	5.terminal=0.0001/0.4806	6.extra=0.0001/0.4806	7.telos=0.0000/0.4806	8.cleanup=0.0000/0.4806	9.reduce=0.0033/0.4806	10.completion=0.0010/0.4806	11.corecand=0.0130/0.4806	12.peo=0.0002/0.4806	13p.prep=0.0005/0.0000	13p.seeds=8.0000/0.0000	13p.rounds=14.0000/0.0000	13p.ledger=105524.0000/0.0000	13p.recon=0.0004/0.0001	13p.mcs=0.0006/0.0000	13.alt=0.0023/0.4806	14.transplant=0.0010/0.4806	15.minl=0.0015/0.4806	15.peel=0.0000/0.4806	16.late=0.0000/0.4806	17.final=0.0002/0.4806	18.simp=0.0000/0.4806	19.five=0.0000/0.4806	20.lt1k=0.0251/0.4806	21.comp=0.0009/0.4806	22.win=0.0000/0.4806	final=0.4806
LIFT	waternd2	615	338	2036	338
COUNTS	waternd2	615	2580	155674	74817
LADGATE	64	10000	0.010	1
PHASES	prolog	0.0123	1.portfolio=0.0059/0.9855	1b.indep=0.0003/0.9855	2.descent=0.0000/0.9855	3.search=0.0000/0.9855	4.subtree=0.0001/0.9855	4b.indep-accept=0.0000/0.9855	5.terminal=0.0000/0.9855	6.extra=0.0000/0.9855	7.telos=0.0000/0.9855	8.cleanup=0.0000/0.9855	9.reduce=0.0004/0.9855	10.completion=0.0000/0.9855	11.corecand=0.0010/0.9855	12.peo=0.0000/0.9855	13p.prep=0.0001/0.0000	13p.seeds=8.0000/0.0000	13p.rounds=13.0000/0.0000	13p.ledger=7993.0000/0.0000	13p.recon=0.0000/0.0104	13p.mcs=0.0001/0.0000	13.alt=0.0002/0.9855	14.transplant=0.0000/0.9855	15.minl=0.0001/0.9855	15.peel=0.0000/0.9855	16.late=0.0000/0.9855	17.final=0.0000/0.9855	18.simp=0.0000/0.9855	19.five=0.0000/0.9855	20.lt1k=0.0020/0.9855	21.comp=0.0000/0.9855	22.win=0.0000/0.9855	final=0.9855
LIFT	prolog	64	42	248	42
COUNTS	prolog	64	292	1245	1227
LADGATE	11	10000	0.001	1
PHASES	ex14_1_8	0.0014	1.portfolio=0.0014/1.0000	1b.indep=0.0000/1.0000	2.descent=0.0000/1.0000	3.search=0.0000/1.0000	4.subtree=0.0000/1.0000	4b.indep-accept=0.0000/1.0000	5.terminal=0.0000/1.0000	6.extra=0.0000/1.0000	7.telos=0.0000/1.0000	8.cleanup=0.0000/1.0000	9.reduce=0.0000/1.0000	10.completion=0.0000/1.0000	11.corecand=0.0000/1.0000	12.peo=0.0000/1.0000	13p.prep=0.0000/0.0000	13p.seeds=0.0000/0.0000	13p.rounds=0.0000/0.0000	13p.ledger=0.0000/0.0000	13p.recon=0.0000/0.0000	13p.mcs=0.0000/0.0000	13.alt=0.0000/1.0000	14.transplant=0.0000/1.0000	15.minl=0.0000/1.0000	15.peel=0.0000/1.0000	16.late=0.0000/1.0000	17.final=0.0000/1.0000	18.simp=0.0000/1.0000	19.five=0.0000/1.0000	20.lt1k=0.0000/1.0000	21.comp=0.0000/1.0000	22.win=0.0000/1.0000	final=1.0000
COUNTS	ex14_1_8	11	30	80	80
PHASES	faclay75	0.5591	1.portfolio=0.1663/0.9405	1b.indep=0.1718/0.9405	2.descent=0.0000/0.9405	3.search=0.0000/0.9405	4.subtree=0.0000/0.9405	4b.indep-accept=0.0000/0.9405	5.terminal=0.0000/0.9405	6.extra=0.0000/0.9405	7.telos=0.0000/0.9405	8.cleanup=0.0000/0.9405	9.reduce=0.0776/0.9405	10.completion=0.0000/0.9405	11.corecand=0.0000/0.9405	12.peo=0.0000/0.9405	13p.prep=0.0000/0.0000	13p.seeds=0.0000/0.0000	13p.rounds=0.0000/0.0000	13p.ledger=0.0000/0.0000	13p.recon=0.0000/0.0000	13p.mcs=0.0000/0.0000	13.alt=0.0000/0.9405	14.transplant=0.0000/0.9405	15.minl=0.0000/0.9405	15.peel=0.0000/0.9405	16.late=0.0000/0.9405	17.final=0.0000/0.9405	18.simp=0.0000/0.9405	19.five=0.0000/0.9405	20.lt1k=0.0000/0.9405	21.comp=0.0000/0.9405	22.win=0.0000/0.9405	final=0.9405
LIFT	faclay75	272878	137826	1109602	137826
COUNTS	faclay75	272878	1379706	3204527350	3013800414
LADGATE	55	10000	0.007	1
PHASES	st_qpk3	0.0085	1.portfolio=0.0046/0.6881	1b.indep=0.0002/0.6881	2.descent=0.0000/0.6881	3.search=0.0000/0.6881	4.subtree=0.0000/0.6881	4b.indep-accept=0.0000/0.6881	5.terminal=0.0000/0.6881	6.extra=0.0000/0.6881	7.telos=0.0000/0.6881	8.cleanup=0.0000/0.6881	9.reduce=0.0002/0.6881	10.completion=0.0001/0.6881	11.corecand=0.0006/0.6881	12.peo=0.0000/0.6881	13p.prep=0.0001/0.0000	13p.seeds=8.0000/0.0000	13p.rounds=15.0000/0.0000	13p.ledger=14868.0000/0.0000	13p.recon=0.0000/0.0027	13p.mcs=0.0001/0.0000	13.alt=0.0003/0.6881	14.transplant=0.0000/0.6881	15.minl=0.0000/0.6881	15.peel=0.0000/0.6881	16.late=0.0000/0.6881	17.final=0.0000/0.6881	18.simp=0.0000/0.6881	19.five=0.0000/0.6881	20.lt1k=0.0012/0.6881	21.comp=0.0000/0.6881	22.win=0.0000/0.6881	final=0.6881
LIFT	st_qpk3	55	33	504	33
COUNTS	st_qpk3	55	548	5467	3762
LADGATE	11556	10000	0.413	0
PHASES	mpbp_34	0.4132	1.portfolio=0.2222/0.4517	1b.indep=0.0429/0.3063	2.descent=0.0000/0.3063	3.search=0.0000/0.3063	4.subtree=0.0009/0.3063	4b.indep-accept=0.0000/0.3063	5.terminal=0.0009/0.3063	6.extra=0.0000/0.3063	7.telos=0.0000/0.3063	8.cleanup=0.0000/0.3063	9.reduce=0.0195/0.3063	10.completion=0.0147/0.2957	11.corecand=0.0000/0.2957	12.peo=0.0055/0.2957	13p.prep=0.0164/0.0000	13p.seeds=8.0000/0.0000	13p.rounds=36.0000/0.0000	13p.ledger=3911347.0000/0.0000	13p.recon=0.0130/0.0000	13p.mcs=0.0206/0.0000	13.alt=0.0757/0.2957	14.transplant=0.0104/0.2937	15.minl=0.0287/0.2924	15.peel=0.0000/0.2924	16.late=0.0000/0.2924	17.final=0.0007/0.2924	18.simp=0.0000/0.2924	19.five=0.0000/0.2924	20.lt1k=0.0000/0.2924	21.comp=0.0000/0.2924	22.win=0.0000/0.2924	final=0.2924
LIFT	mpbp_34	11556	7230	32172	7230
COUNTS	mpbp_34	11556	40860	3093917	904559
PHASES	cvxnonsep_normcon20r	0.0000	final=1.0000
COUNTS	cvxnonsep_normcon20r	82	162	325	325
PHASES	cvxnonsep_psig20r	0.0000	final=1.0000
COUNTS	cvxnonsep_psig20r	86	170	341	341
LADGATE	18742	10000	0.436	0
PHASES	crudeoil_pooling_dt2	0.4360	1.portfolio=0.2117/0.7353	1b.indep=0.0563/0.7353	2.descent=0.0000/0.7353	3.search=0.0000/0.7353	4.subtree=0.0014/0.7353	4b.indep-accept=0.0000/0.7353	5.terminal=0.0020/0.7353	6.extra=0.0000/0.7353	7.telos=0.0000/0.7353	8.cleanup=0.0000/0.7353	9.reduce=0.0287/0.6783	10.completion=0.0056/0.6783	11.corecand=0.0000/0.6783	12.peo=0.0319/0.6783	13p.prep=0.0203/0.0000	13p.seeds=8.0000/0.0000	13p.rounds=21.0000/0.0000	13p.ledger=3997059.0000/0.0000	13p.recon=0.0141/0.0000	13p.mcs=0.0221/0.0000	13.alt=0.0807/0.6783	14.transplant=0.0121/0.6654	15.minl=0.0121/0.6654	15.peel=0.0000/0.6654	16.late=0.0000/0.6654	17.final=0.0015/0.6654	18.simp=0.0000/0.6654	19.five=0.0000/0.6654	20.lt1k=0.0000/0.6654	21.comp=0.0000/0.6654	22.win=0.0000/0.6654	final=0.6654
LIFT	crudeoil_pooling_dt2	18742	10735	60222	10735
COUNTS	crudeoil_pooling_dt2	18742	75910	14985540	9971615
LADGATE	2868	10000	0.489	1
PHASES	rsyn0805m03m	0.4894	1.portfolio=0.4300/0.9697	1b.indep=0.0083/0.9697	2.descent=0.0000/0.9697	3.search=0.0000/0.9697	4.subtree=0.0004/0.9697	4b.indep-accept=0.0000/0.9697	5.terminal=0.0003/0.9697	6.extra=0.0002/0.9697	7.telos=0.0000/0.9697	8.cleanup=0.0000/0.9697	9.reduce=0.0267/0.9118	10.completion=0.0018/0.9110	11.corecand=0.0000/0.9110	12.peo=0.0005/0.9110	13p.prep=0.0038/0.0000	13p.seeds=8.0000/0.0000	13p.rounds=31.0000/0.0000	13p.ledger=664329.0000/0.0000	13p.recon=0.0027/0.0005	13p.mcs=0.0030/0.0000	13.alt=0.0161/0.9110	14.transplant=0.0043/0.9044	15.minl=0.0043/0.9044	15.peel=0.0000/0.9044	16.late=0.0000/0.9044	17.final=0.0003/0.9044	18.simp=0.0000/0.9044	19.five=0.0000/0.9044	20.lt1k=0.0000/0.9044	21.comp=0.0000/0.9044	22.win=0.0000/0.9044	final=0.9044
LIFT	rsyn0805m03m	2868	1596	5810	1596
COUNTS	rsyn0805m03m	2868	8270	60979	55150
PHASES	st_iqpbk1	0.0000	final=1.0000
COUNTS	st_iqpbk1	22	98	295	295
LADGATE	96	10000	0.016	1
PHASES	waterund01	0.0186	1.portfolio=0.0093/0.7297	1b.indep=0.0004/0.7297	2.descent=0.0000/0.7297	3.search=0.0000/0.7297	4.subtree=0.0001/0.7297	4b.indep-accept=0.0000/0.7297	5.terminal=0.0000/0.7297	6.extra=0.0000/0.7297	7.telos=0.0000/0.7297	8.cleanup=0.0000/0.7297	9.reduce=0.0005/0.7297	10.completion=0.0001/0.7297	11.corecand=0.0015/0.7297	12.peo=0.0000/0.7297	13p.prep=0.0001/0.0000	13p.seeds=8.0000/0.0000	13p.rounds=14.0000/0.0000	13p.ledger=13714.0000/0.0000	13p.recon=0.0001/0.0031	13p.mcs=0.0001/0.0000	13.alt=0.0004/0.7297	14.transplant=0.0001/0.7297	15.minl=0.0001/0.7297	15.peel=0.0000/0.7297	16.late=0.0000/0.7297	17.final=0.0001/0.7297	18.simp=0.0000/0.7297	19.five=0.0000/0.7297	20.lt1k=0.0029/0.7297	21.comp=0.0001/0.7297	22.win=0.0000/0.7297	final=0.7297
LIFT	waterund01	96	47	384	47
COUNTS	waterund01	96	404	4546	3317
LADGATE	29	10000	0.004	1
PHASES	pointpack04	0.0043	1.portfolio=0.0023/1.0000	1b.indep=0.0000/1.0000	2.descent=0.0000/1.0000	3.search=0.0000/1.0000	4.subtree=0.0000/1.0000	4b.indep-accept=0.0000/1.0000	5.terminal=0.0000/1.0000	6.extra=0.0000/1.0000	7.telos=0.0000/1.0000	8.cleanup=0.0000/1.0000	9.reduce=0.0000/1.0000	10.completion=0.0000/1.0000	11.corecand=0.0003/1.0000	12.peo=0.0000/1.0000	13p.prep=0.0000/0.0000	13p.seeds=8.0000/0.0000	13p.rounds=14.0000/0.0000	13p.ledger=3724.0000/0.0000	13p.recon=0.0000/0.0243	13p.mcs=0.0000/0.0000	13.alt=0.0002/1.0000	14.transplant=0.0000/1.0000	15.minl=0.0000/1.0000	15.peel=0.0000/1.0000	16.late=0.0000/1.0000	17.final=0.0000/1.0000	18.simp=0.0000/1.0000	19.five=0.0000/1.0000	20.lt1k=0.0006/1.0000	21.comp=0.0000/1.0000	22.win=0.0000/1.0000	final=1.0000
COUNTS	pointpack04	29	120	577	577
LADGATE	12	10000	0.002	1
PHASES	st_e22	0.0020	1.portfolio=0.0014/0.9091	1b.indep=0.0000/0.9091	2.descent=0.0000/0.9091	3.search=0.0000/0.9091	4.subtree=0.0000/0.9091	4b.indep-accept=0.0000/0.9091	5.terminal=0.0000/0.9091	6.extra=0.0000/0.9091	7.telos=0.0000/0.9091	8.cleanup=0.0000/0.9091	9.reduce=0.0000/0.9091	10.completion=0.0000/0.9091	11.corecand=0.0001/0.9091	12.peo=0.0000/0.9091	13p.prep=0.0000/0.0000	13p.seeds=0.0000/0.0000	13p.rounds=0.0000/0.0000	13p.ledger=0.0000/0.0000	13p.recon=0.0000/0.0000	13p.mcs=0.0000/0.0000	13.alt=0.0000/0.9091	14.transplant=0.0000/0.9091	15.minl=0.0000/0.9091	15.peel=0.0000/0.9091	16.late=0.0000/0.9091	17.final=0.0000/0.9091	18.simp=0.0000/0.9091	19.five=0.0000/0.9091	20.lt1k=0.0002/0.9091	21.comp=0.0000/0.9091	22.win=0.0000/0.9091	final=0.9091
COUNTS	st_e22	12	30	77	70
LADGATE	16678	10000	0.397	0
PHASES	faclay30	0.3976	1.portfolio=0.1818/0.9552	1b.indep=0.0442/0.9552	2.descent=0.0000/0.9552	3.search=0.0000/0.9552	4.subtree=0.0013/0.9552	4b.indep-accept=0.0000/0.9552	5.terminal=0.0018/0.9552	6.extra=0.0000/0.9552	7.telos=0.0000/0.9552	8.cleanup=0.0000/0.9552	9.reduce=0.0276/0.9552	10.completion=0.0123/0.9552	11.corecand=0.0000/0.9552	12.peo=0.0034/0.9552	13p.prep=0.0072/0.0000	13p.seeds=6.0000/0.0000	13p.rounds=10.0000/0.0000	13p.ledger=2231060.0000/0.0000	13p.recon=0.0071/0.0000	13p.mcs=0.0091/0.0000	13.alt=0.0357/0.9552	14.transplant=0.0013/0.9552	15.minl=0.0839/0.9552	15.peel=0.0000/0.9552	16.late=0.0000/0.9552	17.final=0.0013/0.9552	18.simp=0.0000/0.9552	19.five=0.0000/0.9552	20.lt1k=0.0000/0.9552	21.comp=0.0000/0.9552	22.win=0.0000/0.9552	final=0.9552
LIFT	faclay30	16678	8556	65998	8556
COUNTS	faclay30	16678	82242	13452923	12850431
LADGATE	4432	10000	0.305	1
PHASES	arki0002	0.3053	1.portfolio=0.1922/0.9953	1b.indep=0.0107/0.9953	2.descent=0.0000/0.9953	3.search=0.0000/0.9953	4.subtree=0.0004/0.9953	4b.indep-accept=0.0000/0.9953	5.terminal=0.0004/0.9953	6.extra=0.0002/0.9953	7.telos=0.0000/0.9953	8.cleanup=0.0000/0.9953	9.reduce=0.0799/0.9953	10.completion=0.0085/0.9953	11.corecand=0.0000/0.9953	12.peo=0.0008/0.9953	13p.prep=0.0000/0.0000	13p.seeds=0.0000/0.0000	13p.rounds=0.0000/0.0000	13p.ledger=0.0000/0.0000	13p.recon=0.0000/0.0000	13p.mcs=0.0000/0.0000	13.alt=0.0000/0.9953	14.transplant=0.0070/0.9764	15.minl=0.0111/0.9764	15.peel=0.0000/0.9764	16.late=0.0000/0.9764	17.final=0.0005/0.9764	18.simp=0.0000/0.9764	19.five=0.0000/0.9764	20.lt1k=0.0000/0.9764	21.comp=0.0000/0.9764	22.win=0.0000/0.9764	final=0.9764
LIFT	arki0002	4432	2608	9424	2608
COUNTS	arki0002	4432	11248	683476	667374
LADGATE	11659	10000	0.358	0
PHASES	transswitch0300p	0.3580	1.portfolio=0.1670/0.9724	1b.indep=0.0304/0.9724	2.descent=0.0000/0.9724	3.search=0.0000/0.9724	4.subtree=0.0012/0.9724	4b.indep-accept=0.0000/0.9724	5.terminal=0.0016/0.9724	6.extra=0.0000/0.9724	7.telos=0.0000/0.9724	8.cleanup=0.0000/0.9724	9.reduce=0.0350/0.9724	10.completion=0.0124/0.9717	11.corecand=0.0000/0.9717	12.peo=0.0025/0.9717	13p.prep=0.0201/0.0000	13p.seeds=8.0000/0.0000	13p.rounds=33.0000/0.0000	13p.ledger=3723829.0000/0.0000	13p.recon=0.0128/0.0001	13p.mcs=0.0174/0.0000	13.alt=0.0851/0.9717	14.transplant=0.0120/0.9691	15.minl=0.0196/0.9691	15.peel=0.0000/0.9691	16.late=0.0000/0.9691	17.final=0.0011/0.9691	18.simp=0.0000/0.9691	19.five=0.0000/0.9691	20.lt1k=0.0000/0.9691	21.comp=0.0000/0.9691	22.win=0.0000/0.9691	final=0.9691
LIFT	transswitch0300p	11659	6750	41276	6750
COUNTS	transswitch0300p	11659	48446	404940	392409
LADGATE	30660	10000	0.593	0
PHASES	crudeoil_pooling_dt3	0.5944	1.portfolio=0.1996/0.7538	1b.indep=0.1013/0.7538	2.descent=0.0000/0.7538	3.search=0.0000/0.7538	4.subtree=0.0025/0.7538	4b.indep-accept=0.0000/0.7335	5.terminal=0.0035/0.7335	6.extra=0.0000/0.7335	7.telos=0.0000/0.7335	8.cleanup=0.0000/0.7335	9.reduce=0.0516/0.7335	10.completion=0.0000/0.7335	11.corecand=0.0000/0.7335	12.peo=0.0123/0.7335	13p.prep=0.0194/0.0000	13p.seeds=8.0000/0.0000	13p.rounds=10.0000/0.0000	13p.ledger=3615751.0000/0.0000	13p.recon=0.0140/0.0000	13p.mcs=0.0234/0.0000	13.alt=0.0782/0.7335	14.transplant=0.0127/0.7179	15.minl=0.1339/0.7170	15.peel=0.0000/0.7170	16.late=0.0000/0.7170	17.final=0.0028/0.7170	18.simp=0.0000/0.7170	19.five=0.0000/0.7170	20.lt1k=0.0000/0.7170	21.comp=0.0000/0.7170	22.win=0.0000/0.7170	final=0.7170
LIFT	crudeoil_pooling_dt3	30660	15957	134914	15957
COUNTS	crudeoil_pooling_dt3	30660	152210	48975085	35114276
LADGATE	22536	10000	0.507	0
PHASES	gasprod_sarawak81	0.5076	1.portfolio=0.2999/1.0000	1b.indep=0.0565/1.0000	2.descent=0.0000/1.0000	3.search=0.0000/1.0000	4.subtree=0.0012/1.0000	4b.indep-accept=0.0000/0.9442	5.terminal=0.0018/0.9442	6.extra=0.0000/0.9442	7.telos=0.0000/0.9442	8.cleanup=0.0000/0.9442	9.reduce=0.0285/0.9400	10.completion=0.0139/0.9224	11.corecand=0.0000/0.9224	12.peo=0.0036/0.9224	13p.prep=0.0209/0.0000	13p.seeds=8.0000/0.0000	13p.rounds=21.0000/0.0000	13p.ledger=3810606.0000/0.0000	13p.recon=0.0141/0.0000	13p.mcs=0.0176/0.0000	13.alt=0.0844/0.9224	14.transplant=0.0121/0.9223	15.minl=0.0121/0.9223	15.peel=0.0000/0.9223	16.late=0.0000/0.9223	17.final=0.0013/0.9223	18.simp=0.0000/0.9223	19.five=0.0000/0.9223	20.lt1k=0.0000/0.9223	21.comp=0.0000/0.9223	22.win=0.0000/0.9223	final=0.9223
LIFT	gasprod_sarawak81	22536	12902	61066	12902
COUNTS	gasprod_sarawak81	22536	75636	1030380	950297
LADGATE	660	10000	0.270	1
PHASES	maxcsp-langford-3-11	0.2702	1.portfolio=0.1130/0.3919	1b.indep=0.0117/0.3919	2.descent=0.0000/0.3919	3.search=0.0000/0.3919	4.subtree=0.0004/0.3919	4b.indep-accept=0.0000/0.3919	5.terminal=0.0005/0.3919	6.extra=0.0003/0.3919	7.telos=0.0000/0.3919	8.cleanup=0.0000/0.3919	9.reduce=0.0013/0.3919	10.completion=0.0082/0.3919	11.corecand=0.0000/0.3919	12.peo=0.0108/0.3919	13p.prep=0.0067/0.0000	13p.seeds=8.0000/0.0000	13p.rounds=30.0000/0.0000	13p.ledger=3404325.0000/0.0000	13p.recon=0.0098/0.0000	13p.mcs=0.0203/0.0000	13.alt=0.0472/0.3919	14.transplant=0.0043/0.3310	15.minl=0.0457/0.3280	15.peel=0.0000/0.3280	16.late=0.0000/0.3280	17.final=0.0004/0.3280	18.simp=0.0000/0.3280	19.five=0.0000/0.3280	20.lt1k=0.0299/0.3260	21.comp=0.0000/0.3260	22.win=0.0000/0.3260	final=0.3260
LIFT	maxcsp-langford-3-11	660	627	41846	627
COUNTS	maxcsp-langford-3-11	660	29646	33444033	10903592
LADGATE	1543	10000	0.150	1
PHASES	p_ball_30b_5p_2d_h	0.1505	1.portfolio=0.1301/0.9961	1b.indep=0.0039/0.9961	2.descent=0.0000/0.9961	3.search=0.0000/0.9961	4.subtree=0.0002/0.9961	4b.indep-accept=0.0000/0.9961	5.terminal=0.0001/0.9961	6.extra=0.0001/0.9961	7.telos=0.0000/0.9961	8.cleanup=0.0000/0.9961	9.reduce=0.0105/0.9961	10.completion=0.0006/0.9961	11.corecand=0.0000/0.9961	12.peo=0.0002/0.9961	13p.prep=0.0005/0.0000	13p.seeds=8.0000/0.0000	13p.rounds=11.0000/0.0000	13p.ledger=133647.0000/0.0000	13p.recon=0.0004/0.0004	13p.mcs=0.0004/0.0000	13.alt=0.0022/0.9961	14.transplant=0.0015/0.9961	15.minl=0.0020/0.9961	15.peel=0.0000/0.9961	16.late=0.0000/0.9961	17.final=0.0002/0.9961	18.simp=0.0000/0.9961	19.five=0.0000/0.9961	20.lt1k=0.0000/0.9961	21.comp=0.0000/0.9961	22.win=0.0000/0.9961	final=0.9961
LIFT	p_ball_30b_5p_2d_h	1543	999	4136	999
COUNTS	p_ball_30b_5p_2d_h	1543	5224	25843	25742
LADGATE	6709	10000	0.398	1
PHASES	ringpack_20_3	0.3978	1.portfolio=0.2838/0.3698	1b.indep=0.0447/0.3698	2.descent=0.0000/0.3698	3.search=0.0000/0.3698	4.subtree=0.0007/0.3698	4b.indep-accept=0.0000/0.3698	5.terminal=0.0008/0.3698	6.extra=0.0005/0.3698	7.telos=0.0000/0.3698	8.cleanup=0.0000/0.3698	9.reduce=0.0499/0.3595	10.completion=0.0055/0.3595	11.corecand=0.0000/0.3595	12.peo=0.0014/0.3595	13p.prep=0.0000/0.0000	13p.seeds=0.0000/0.0000	13p.rounds=0.0000/0.0000	13p.ledger=0.0000/0.0000	13p.recon=0.0000/0.0000	13p.mcs=0.0000/0.0000	13.alt=0.0000/0.3595	14.transplant=0.0063/0.3595	15.minl=0.0063/0.3595	15.peel=0.0000/0.3595	16.late=0.0000/0.3595	17.final=0.0006/0.3595	18.simp=0.0000/0.3595	19.five=0.0000/0.3595	20.lt1k=0.0000/0.3595	21.comp=0.0000/0.3595	22.win=0.0000/0.3595	final=0.3595
LIFT	ringpack_20_3	6709	3451	41284	3451
COUNTS	ringpack_20_3	6709	45220	2415136	868159
LADGATE	4825	10000	0.554	1
PHASES	waste	0.5538	1.portfolio=0.3999/0.9569	1b.indep=0.0417/0.9569	2.descent=0.0000/0.9569	3.search=0.0000/0.9569	4.subtree=0.0007/0.9569	4b.indep-accept=0.0000/0.8976	5.terminal=0.0006/0.8976	6.extra=0.0003/0.8976	7.telos=0.0000/0.8976	8.cleanup=0.0000/0.8976	9.reduce=0.0796/0.8976	10.completion=0.0080/0.8770	11.corecand=0.0000/0.8770	12.peo=0.0028/0.8770	13p.prep=0.0000/0.0000	13p.seeds=0.0000/0.0000	13p.rounds=0.0000/0.0000	13p.ledger=0.0000/0.0000	13p.recon=0.0000/0.0000	13p.mcs=0.0000/0.0000	13.alt=0.0000/0.8770	14.transplant=0.0091/0.8770	15.minl=0.0179/0.8654	15.peel=0.0000/0.8654	16.late=0.0000/0.8654	17.final=0.0004/0.8654	18.simp=0.0000/0.8654	19.five=0.0000/0.8654	20.lt1k=0.0000/0.8654	21.comp=0.0000/0.8654	22.win=0.0000/0.8654	final=0.8654
LIFT	waste	4825	2503	19260	2503
COUNTS	waste	4825	21504	1468261	1270649
LADGATE	2001	10000	0.205	1
PHASES	catmix400	0.2051	1.portfolio=0.1881/0.9998	1b.indep=0.0041/0.9998	2.descent=0.0000/0.9998	3.search=0.0000/0.9998	4.subtree=0.0002/0.9998	4b.indep-accept=0.0000/0.9998	5.terminal=0.0002/0.9998	6.extra=0.0001/0.9998	7.telos=0.0000/0.9998	8.cleanup=0.0000/0.9998	9.reduce=0.0052/0.9998	10.completion=0.0004/0.9998	11.corecand=0.0000/0.9998	12.peo=0.0003/0.9998	13p.prep=0.0013/0.0000	13p.seeds=6.0000/0.0000	13p.rounds=18.0000/0.0000	13p.ledger=413541.0000/0.0000	13p.recon=0.0010/0.0005	13p.mcs=0.0010/0.0000	13.alt=0.0055/0.9998	14.transplant=0.0001/0.9998	15.minl=0.0006/0.9998	15.peel=0.0000/0.9998	16.late=0.0000/0.9998	17.final=0.0002/0.9998	18.simp=0.0000/0.9998	19.five=0.0000/0.9998	20.lt1k=0.0000/0.9998	21.comp=0.0000/0.9998	22.win=0.0000/0.9998	final=0.9998
LIFT	catmix400	2001	1998	11180	1998
COUNTS	catmix400	2001	11192	36373	36364
LADGATE	3054	10000	0.194	1
PHASES	rsyn0815m02hfsg	0.1946	1.portfolio=0.1426/0.9733	1b.indep=0.0080/0.9733	2.descent=0.0000/0.9733	3.search=0.0000/0.9733	4.subtree=0.0004/0.9733	4b.indep-accept=0.0000/0.9733	5.terminal=0.0004/0.9733	6.extra=0.0002/0.9733	7.telos=0.0000/0.9733	8.cleanup=0.0000/0.9733	9.reduce=0.0194/0.9395	10.completion=0.0016/0.9344	11.corecand=0.0000/0.9344	12.peo=0.0006/0.9344	13p.prep=0.0039/0.0000	13p.seeds=8.0000/0.0000	13p.rounds=26.0000/0.0000	13p.ledger=546806.0000/0.0000	13p.recon=0.0024/0.0006	13p.mcs=0.0025/0.0000	13.alt=0.0155/0.9344	14.transplant=0.0050/0.9325	15.minl=0.0050/0.9325	15.peel=0.0000/0.9325	16.late=0.0000/0.9325	17.final=0.0003/0.9325	18.simp=0.0000/0.9325	19.five=0.0000/0.9325	20.lt1k=0.0000/0.9325	21.comp=0.0000/0.9325	22.win=0.0000/0.9325	final=0.9325
LIFT	rsyn0815m02hfsg	3054	1697	5478	1697
COUNTS	rsyn0815m02hfsg	3054	7968	44604	41595
LADGATE	1236	10000	0.098	1
PHASES	p_ball_10b_7p_3d_h	0.0983	1.portfolio=0.0835/0.9739	1b.indep=0.0022/0.9739	2.descent=0.0000/0.9739	3.search=0.0000/0.9739	4.subtree=0.0002/0.9739	4b.indep-accept=0.0000/0.9739	5.terminal=0.0001/0.9739	6.extra=0.0001/0.9739	7.telos=0.0000/0.9739	8.cleanup=0.0000/0.9739	9.reduce=0.0069/0.9739	10.completion=0.0005/0.9739	11.corecand=0.0000/0.9739	12.peo=0.0002/0.9739	13p.prep=0.0005/0.0000	13p.seeds=8.0000/0.0000	13p.rounds=14.0000/0.0000	13p.ledger=138069.0000/0.0000	13p.recon=0.0004/0.0006	13p.mcs=0.0005/0.0000	13.alt=0.0024/0.9739	14.transplant=0.0014/0.9739	15.minl=0.0018/0.9739	15.peel=0.0000/0.9739	16.late=0.0000/0.9739	17.final=0.0002/0.9739	18.simp=0.0000/0.9739	19.five=0.0000/0.9739	20.lt1k=0.0000/0.9739	21.comp=0.0000/0.9739	22.win=0.0000/0.9739	final=0.9739
LIFT	p_ball_10b_7p_3d_h	1236	751	3216	751
COUNTS	p_ball_10b_7p_3d_h	1236	4186	24380	23744
LADGATE	1225	10000	0.313	1
PHASES	chimera_k64ising-02	0.3127	1.portfolio=0.1891/0.6237	1b.indep=0.0059/0.6237	2.descent=0.0000/0.6237	3.search=0.0000/0.6237	4.subtree=0.0003/0.6237	4b.indep-accept=0.0000/0.6237	5.terminal=0.0003/0.6237	6.extra=0.0002/0.6237	7.telos=0.0000/0.6237	8.cleanup=0.0000/0.6237	9.reduce=0.0954/0.6237	10.completion=0.0071/0.6207	11.corecand=0.0000/0.6207	12.peo=0.0005/0.6207	13p.prep=0.0012/0.0000	13p.seeds=8.0000/0.0000	13p.rounds=13.0000/0.0000	13p.ledger=224132.0000/0.0000	13p.recon=0.0010/0.0000	13p.mcs=0.0017/0.0000	13.alt=0.0061/0.6207	14.transplant=0.0033/0.6200	15.minl=0.0070/0.6200	15.peel=0.0000/0.6200	16.late=0.0000/0.6200	17.final=0.0004/0.6200	18.simp=0.0000/0.6200	19.five=0.0000/0.6200	20.lt1k=0.0000/0.6200	21.comp=0.0000/0.6200	22.win=0.0000/0.6200	final=0.6200
LIFT	chimera_k64ising-02	1225	772	3732	772
COUNTS	chimera_k64ising-02	1225	3846	613390	380324
LADGATE	3404	10000	0.203	1
PHASES	batchs121208m	0.2028	1.portfolio=0.1641/1.0000	1b.indep=0.0104/1.0000	2.descent=0.0000/1.0000	3.search=0.0000/1.0000	4.subtree=0.0003/1.0000	4b.indep-accept=0.0000/1.0000	5.terminal=0.0003/1.0000	6.extra=0.0000/1.0000	7.telos=0.0000/1.0000	8.cleanup=0.0000/1.0000	9.reduce=0.0193/0.9740	10.completion=0.0033/0.9740	11.corecand=0.0000/0.9740	12.peo=0.0005/0.9740	13p.prep=0.0000/0.0000	13p.seeds=0.0000/0.0000	13p.rounds=0.0000/0.0000	13p.ledger=0.0000/0.0000	13p.recon=0.0000/0.0000	13p.mcs=0.0000/0.0000	13.alt=0.0000/0.9740	14.transplant=0.0036/0.9472	15.minl=0.0036/0.9472	15.peel=0.0000/0.9472	16.late=0.0000/0.9472	17.final=0.0003/0.9472	18.simp=0.0000/0.9472	19.five=0.0000/0.9472	20.lt1k=0.0000/0.9472	21.comp=0.0000/0.9472	22.win=0.0000/0.9472	final=0.9472
LIFT	batchs121208m	3404	1725	8392	1725
COUNTS	batchs121208m	3404	11462	138030	130744
LADGATE	11	10000	0.001	1
PHASES	nvs02	0.0012	1.portfolio=0.0011/1.0000	1b.indep=0.0000/1.0000	2.descent=0.0000/1.0000	3.search=0.0000/1.0000	4.subtree=0.0000/1.0000	4b.indep-accept=0.0000/1.0000	5.terminal=0.0000/1.0000	6.extra=0.0000/1.0000	7.telos=0.0000/1.0000	8.cleanup=0.0000/1.0000	9.reduce=0.0000/1.0000	10.completion=0.0000/1.0000	11.corecand=0.0000/1.0000	12.peo=0.0000/1.0000	13p.prep=0.0000/0.0000	13p.seeds=0.0000/0.0000	13p.rounds=0.0000/0.0000	13p.ledger=0.0000/0.0000	13p.recon=0.0000/0.0000	13p.mcs=0.0000/0.0000	13.alt=0.0000/1.0000	14.transplant=0.0000/1.0000	15.minl=0.0000/1.0000	15.peel=0.0000/1.0000	16.late=0.0000/1.0000	17.final=0.0000/1.0000	18.simp=0.0000/1.0000	19.five=0.0000/1.0000	20.lt1k=0.0000/1.0000	21.comp=0.0000/1.0000	22.win=0.0000/1.0000	final=1.0000
COUNTS	nvs02	11	46	142	142
LADGATE	191	10000	0.044	1
PHASES	wastepaper6	0.0509	1.portfolio=0.0299/1.0000	1b.indep=0.0009/1.0000	2.descent=0.0000/1.0000	3.search=0.0000/1.0000	4.subtree=0.0000/1.0000	4b.indep-accept=0.0000/1.0000	5.terminal=0.0001/1.0000	6.extra=0.0000/1.0000	7.telos=0.0000/1.0000	8.cleanup=0.0000/1.0000	9.reduce=0.0013/1.0000	10.completion=0.0002/1.0000	11.corecand=0.0034/1.0000	12.peo=0.0001/1.0000	13p.prep=0.0001/0.0000	13p.seeds=8.0000/0.0000	13p.rounds=9.0000/0.0000	13p.ledger=28088.0000/0.0000	13p.recon=0.0001/0.0005	13p.mcs=0.0001/0.0000	13.alt=0.0005/1.0000	14.transplant=0.0000/1.0000	15.minl=0.0002/1.0000	15.peel=0.0000/1.0000	16.late=0.0000/1.0000	17.final=0.0001/1.0000	18.simp=0.0000/1.0000	19.five=0.0000/1.0000	20.lt1k=0.0068/1.0000	21.comp=0.0002/1.0000	22.win=0.0000/1.0000	final=1.0000
LIFT	wastepaper6	191	156	1358	156
COUNTS	wastepaper6	191	1416	16611	16611
LADGATE	399	10000	0.053	1
PHASES	syn15hfsg	0.0672	1.portfolio=0.0262/0.9915	1b.indep=0.0008/0.9915	2.descent=0.0000/0.9915	3.search=0.0000/0.9915	4.subtree=0.0002/0.9915	4b.indep-accept=0.0000/0.9915	5.terminal=0.0001/0.9915	6.extra=0.0000/0.9915	7.telos=0.0000/0.9915	8.cleanup=0.0000/0.9915	9.reduce=0.0007/0.9915	10.completion=0.0001/0.9915	11.corecand=0.0074/0.9915	12.peo=0.0001/0.9915	13p.prep=0.0004/0.0000	13p.seeds=8.0000/0.0000	13p.rounds=19.0000/0.0000	13p.ledger=48055.0000/0.0000	13p.recon=0.0002/0.0058	13p.mcs=0.0002/0.0000	13.alt=0.0015/0.9915	14.transplant=0.0005/0.9915	15.minl=0.0006/0.9915	15.peel=0.0000/0.9915	16.late=0.0000/0.9915	17.final=0.0001/0.9915	18.simp=0.0000/0.9915	19.five=0.0000/0.9915	20.lt1k=0.0147/0.9915	21.comp=0.0001/0.9915	22.win=0.0000/0.9915	final=0.9915
LIFT	syn15hfsg	399	221	666	221
COUNTS	syn15hfsg	399	1022	3300	3272
LADGATE	36	10000	0.006	1
PHASES	st_jcbpaf2	0.0065	1.portfolio=0.0039/0.9437	1b.indep=0.0002/0.9437	2.descent=0.0000/0.9437	3.search=0.0000/0.9437	4.subtree=0.0001/0.9437	4b.indep-accept=0.0000/0.9437	5.terminal=0.0000/0.9437	6.extra=0.0000/0.9437	7.telos=0.0000/0.9437	8.cleanup=0.0000/0.9437	9.reduce=0.0000/0.9437	10.completion=0.0000/0.9437	11.corecand=0.0004/0.9437	12.peo=0.0000/0.9437	13p.prep=0.0000/0.0000	13p.seeds=8.0000/0.0000	13p.rounds=13.0000/0.0000	13p.ledger=6271.0000/0.0000	13p.recon=0.0000/0.0080	13p.mcs=0.0000/0.0000	13.alt=0.0002/0.9437	14.transplant=0.0000/0.9437	15.minl=0.0000/0.9437	15.peel=0.0000/0.9437	16.late=0.0000/0.9437	17.final=0.0000/0.9437	18.simp=0.0000/0.9437	19.five=0.0000/0.9437	20.lt1k=0.0007/0.9437	21.comp=0.0000/0.9437	22.win=0.0000/0.9437	final=0.9437
LIFT	st_jcbpaf2	36	23	220	23
COUNTS	st_jcbpaf2	36	246	1635	1543
PHASES	camshape400	0.0000	final=1.0000
COUNTS	camshape400	2000	7188	16768	16768
LADGATE	120	10000	0.061	1
PHASES	graphpart_clique-30	0.0715	1.portfolio=0.0396/0.8379	1b.indep=0.0004/0.8379	2.descent=0.0000/0.8379	3.search=0.0000/0.8379	4.subtree=0.0001/0.8379	4b.indep-accept=0.0000/0.8379	5.terminal=0.0001/0.8379	6.extra=0.0000/0.8379	7.telos=0.0000/0.8379	8.cleanup=0.0000/0.8379	9.reduce=0.0007/0.8379	10.completion=0.0006/0.8379	11.corecand=0.0057/0.8379	12.peo=0.0001/0.8379	13p.prep=0.0002/0.0000	13p.seeds=8.0000/0.0000	13p.rounds=10.0000/0.0000	13p.ledger=60197.0000/0.0000	13p.recon=0.0001/0.0001	13p.mcs=0.0003/0.0000	13.alt=0.0010/0.8379	14.transplant=0.0003/0.8379	15.minl=0.0009/0.8302	15.peel=0.0000/0.8302	16.late=0.0000/0.8302	17.final=0.0001/0.8302	18.simp=0.0000/0.8302	19.five=0.0000/0.8302	20.lt1k=0.0115/0.8302	21.comp=0.0007/0.8302	22.win=0.0000/0.8302	final=0.8110
LIFT	graphpart_clique-30	120	117	2784	117
COUNTS	graphpart_clique-30	120	2790	114505	92868
LADGATE	280	10000	0.116	1
PHASES	graphpart_clique-70	0.1163	1.portfolio=0.0539/0.8318	1b.indep=0.0018/0.8318	2.descent=0.0000/0.8318	3.search=0.0000/0.8318	4.subtree=0.0002/0.8318	4b.indep-accept=0.0000/0.8318	5.terminal=0.0002/0.8318	6.extra=0.0001/0.8318	7.telos=0.0000/0.8318	8.cleanup=0.0000/0.8318	9.reduce=0.0070/0.8318	10.completion=0.0042/0.8318	11.corecand=0.0000/0.8318	12.peo=0.0004/0.8318	13p.prep=0.0014/0.0000	13p.seeds=8.0000/0.0000	13p.rounds=16.0000/0.0000	13p.ledger=504648.0000/0.0000	13p.recon=0.0011/0.0000	13p.mcs=0.0018/0.0000	13.alt=0.0065/0.8318	14.transplant=0.0014/0.8318	15.minl=0.0060/0.8318	15.peel=0.0000/0.8318	16.late=0.0000/0.8318	17.final=0.0002/0.8318	18.simp=0.0000/0.8318	19.five=0.0000/0.8318	20.lt1k=0.0291/0.8170	21.comp=0.0065/0.8144	22.win=0.0000/0.8144	final=0.8144
LIFT	graphpart_clique-70	280	277	14904	277
COUNTS	graphpart_clique-70	280	14910	1413012	1150755
PHASES	smallinvDAXr1b010-011	0.0000	final=0.9859
COUNTS	smallinvDAXr1b010-011	39	1120	13510	13319
LADGATE	22074	10000	0.302	0
PHASES	nd_netgen-2000-3-4-b-a-ns_7	0.3026	1.portfolio=0.1702/0.9588	1b.indep=0.0172/0.9588	2.descent=0.0000/0.9588	3.search=0.0000/0.9588	4.subtree=0.0012/0.9588	4b.indep-accept=0.0000/0.9588	5.terminal=0.0017/0.9588	6.extra=0.0000/0.9588	7.telos=0.0000/0.9588	8.cleanup=0.0000/0.9588	9.reduce=0.0255/0.9588	10.completion=0.0059/0.9588	11.corecand=0.0000/0.9588	12.peo=0.0032/0.9588	13p.prep=0.0120/0.0000	13p.seeds=8.0000/0.0000	13p.rounds=17.0000/0.0000	13p.ledger=2499757.0000/0.0000	13p.recon=0.0091/0.0001	13p.mcs=0.0121/0.0000	13.alt=0.0544/0.9588	14.transplant=0.0096/0.9453	15.minl=0.0196/0.9452	15.peel=0.0000/0.9452	16.late=0.0000/0.9452	17.final=0.0011/0.9452	18.simp=0.0000/0.9452	19.five=0.0000/0.9452	20.lt1k=0.0000/0.9452	21.comp=0.0000/0.9452	22.win=0.0000/0.9452	final=0.9452
LIFT	nd_netgen-2000-3-4-b-a-ns_7	22074	10074	36000	10074
COUNTS	nd_netgen-2000-3-4-b-a-ns_7	22074	60000	289420	273569
LADGATE	240	10000	0.029	1
PHASES	slay05m	0.0375	1.portfolio=0.0143/1.0000	1b.indep=0.0003/1.0000	2.descent=0.0000/1.0000	3.search=0.0000/1.0000	4.subtree=0.0000/1.0000	4b.indep-accept=0.0000/1.0000	5.terminal=0.0000/1.0000	6.extra=0.0000/1.0000	7.telos=0.0000/1.0000	8.cleanup=0.0000/1.0000	9.reduce=0.0005/1.0000	10.completion=0.0001/1.0000	11.corecand=0.0042/1.0000	12.peo=0.0000/1.0000	13p.prep=0.0001/0.0000	13p.seeds=8.0000/0.0000	13p.rounds=8.0000/0.0000	13p.ledger=13805.0000/0.0000	13p.recon=0.0001/0.0030	13p.mcs=0.0001/0.0000	13.alt=0.0003/1.0000	14.transplant=0.0000/1.0000	15.minl=0.0001/1.0000	15.peel=0.0000/1.0000	16.late=0.0000/1.0000	17.final=0.0001/1.0000	18.simp=0.0000/1.0000	19.five=0.0000/1.0000	20.lt1k=0.0087/1.0000	21.comp=0.0001/1.0000	22.win=0.0000/1.0000	final=1.0000
LIFT	slay05m	240	100	440	100
COUNTS	slay05m	240	720	2635	2635
LADGATE	2031	10000	0.938	1
PHASES	chimera_selby-c16-01	0.9379	1.portfolio=0.7710/0.7219	1b.indep=0.0158/0.7219	2.descent=0.0000/0.7219	3.search=0.0000/0.7219	4.subtree=0.0004/0.7219	4b.indep-accept=0.0000/0.7219	5.terminal=0.0006/0.7219	6.extra=0.0003/0.7219	7.telos=0.0000/0.7219	8.cleanup=0.0000/0.7219	9.reduce=0.0509/0.7219	10.completion=0.0143/0.7199	11.corecand=0.0000/0.7199	12.peo=0.0041/0.7199	13p.prep=0.0071/0.0000	13p.seeds=8.0000/0.0000	13p.rounds=35.0000/0.0000	13p.ledger=2309530.0000/0.0000	13p.recon=0.0087/0.0000	13p.mcs=0.0177/0.0000	13.alt=0.0462/0.7199	14.transplant=0.0065/0.6931	15.minl=0.0325/0.6874	15.peel=0.0000/0.6874	16.late=0.0000/0.6874	17.final=0.0004/0.6874	18.simp=0.0000/0.6874	19.five=0.0000/0.6874	20.lt1k=0.0000/0.6874	21.comp=0.0000/0.6874	22.win=0.0000/0.6874	final=0.6874
LIFT	chimera_selby-c16-01	2031	1517	13662	1517
COUNTS	chimera_selby-c16-01	2031	10964	3605628	2478396
LADGATE	110	10000	0.014	1
PHASES	csched1	0.0171	1.portfolio=0.0071/1.0000	1b.indep=0.0004/1.0000	2.descent=0.0000/1.0000	3.search=0.0000/1.0000	4.subtree=0.0000/1.0000	4b.indep-accept=0.0000/1.0000	5.terminal=0.0000/1.0000	6.extra=0.0000/1.0000	7.telos=0.0000/1.0000	8.cleanup=0.0000/1.0000	9.reduce=0.0001/1.0000	10.completion=0.0000/1.0000	11.corecand=0.0018/1.0000	12.peo=0.0000/1.0000	13p.prep=0.0001/0.0000	13p.seeds=8.0000/0.0000	13p.rounds=14.0000/0.0000	13p.ledger=11355.0000/0.0000	13p.recon=0.0000/0.0144	13p.mcs=0.0000/0.0000	13.alt=0.0003/1.0000	14.transplant=0.0000/1.0000	15.minl=0.0000/1.0000	15.peel=0.0000/1.0000	16.late=0.0000/1.0000	17.final=0.0001/1.0000	18.simp=0.0000/1.0000	19.five=0.0000/1.0000	20.lt1k=0.0035/1.0000	21.comp=0.0000/1.0000	22.win=0.0000/1.0000	final=1.0000
LIFT	csched1	110	30	100	30
COUNTS	csched1	110	376	975	975
LADGATE	1310	10000	0.090	1
PHASES	watercontamination0303r	0.0897	1.portfolio=0.0600/1.0000	1b.indep=0.0121/1.0000	2.descent=0.0000/1.0000	3.search=0.0000/1.0000	4.subtree=0.0004/1.0000	4b.indep-accept=0.0000/1.0000	5.terminal=0.0005/1.0000	6.extra=0.0000/1.0000	7.telos=0.0000/1.0000	8.cleanup=0.0000/1.0000	9.reduce=0.0026/1.0000	10.completion=0.0008/1.0000	11.corecand=0.0000/1.0000	12.peo=0.0007/1.0000	13p.prep=0.0030/0.0000	13p.seeds=8.0000/0.0000	13p.rounds=15.0000/0.0000	13p.ledger=882403.0000/0.0000	13p.recon=0.0015/0.0000	13p.mcs=0.0017/0.0000	13.alt=0.0106/1.0000	14.transplant=0.0001/1.0000	15.minl=0.0011/1.0000	15.peel=0.0000/1.0000	16.late=0.0000/1.0000	17.final=0.0004/1.0000	18.simp=0.0000/1.0000	19.five=0.0000/1.0000	20.lt1k=0.0000/1.0000	21.comp=0.0000/1.0000	22.win=0.0000/1.0000	final=1.0000
LIFT	watercontamination0303r	1310	755	35918	755
COUNTS	watercontamination0303r	1310	37028	2171882	2171882
LADGATE	15	10000	0.002	1
PHASES	ex9_2_4	0.0029	1.portfolio=0.0017/1.0000	1b.indep=0.0000/1.0000	2.descent=0.0000/1.0000	3.search=0.0000/1.0000	4.subtree=0.0000/1.0000	4b.indep-accept=0.0000/1.0000	5.terminal=0.0000/1.0000	6.extra=0.0000/1.0000	7.telos=0.0000/1.0000	8.cleanup=0.0000/1.0000	9.reduce=0.0000/1.0000	10.completion=0.0000/1.0000	11.corecand=0.0003/1.0000	12.peo=0.0000/1.0000	13p.prep=0.0000/0.0000	13p.seeds=0.0000/0.0000	13p.rounds=0.0000/0.0000	13p.ledger=0.0000/0.0000	13p.recon=0.0000/0.0000	13p.mcs=0.0000/0.0000	13.alt=0.0000/1.0000	14.transplant=0.0000/1.0000	15.minl=0.0000/1.0000	15.peel=0.0000/1.0000	16.late=0.0000/1.0000	17.final=0.0000/1.0000	18.simp=0.0000/1.0000	19.five=0.0000/1.0000	20.lt1k=0.0005/1.0000	21.comp=0.0000/1.0000	22.win=0.0000/1.0000	final=1.0000
COUNTS	ex9_2_4	15	36	117	117
LADGATE	163	10000	0.018	1
PHASES	sssd15-04	0.0236	1.portfolio=0.0088/1.0000	1b.indep=0.0002/1.0000	2.descent=0.0000/1.0000	3.search=0.0000/1.0000	4.subtree=0.0000/1.0000	4b.indep-accept=0.0000/1.0000	5.terminal=0.0000/1.0000	6.extra=0.0000/1.0000	7.telos=0.0000/1.0000	8.cleanup=0.0000/1.0000	9.reduce=0.0003/1.0000	10.completion=0.0001/1.0000	11.corecand=0.0027/1.0000	12.peo=0.0000/1.0000	13p.prep=0.0001/0.0000	13p.seeds=8.0000/0.0000	13p.rounds=14.0000/0.0000	13p.ledger=15440.0000/0.0000	13p.recon=0.0001/0.0086	13p.mcs=0.0001/0.0000	13.alt=0.0004/1.0000	14.transplant=0.0000/1.0000	15.minl=0.0001/1.0000	15.peel=0.0000/1.0000	16.late=0.0000/1.0000	17.final=0.0001/1.0000	18.simp=0.0000/1.0000	19.five=0.0000/1.0000	20.lt1k=0.0054/1.0000	21.comp=0.0001/1.0000	22.win=0.0000/1.0000	final=1.0000
LIFT	sssd15-04	163	47	240	47
COUNTS	sssd15-04	163	440	1625	1625
PHASES	autocorr_bern35-35fix	0.0000	final=1.0000
COUNTS	autocorr_bern35-35fix	38	1264	16214	16214
LADGATE	1491	10000	0.161	1
PHASES	sfacloc2_4_90	0.1607	1.portfolio=0.1382/0.9120	1b.indep=0.0040/0.9120	2.descent=0.0000/0.9120	3.search=0.0000/0.9120	4.subtree=0.0002/0.9120	4b.indep-accept=0.0000/0.9120	5.terminal=0.0002/0.9120	6.extra=0.0001/0.9120	7.telos=0.0000/0.9120	8.cleanup=0.0000/0.9120	9.reduce=0.0120/0.9120	10.completion=0.0007/0.9120	11.corecand=0.0000/0.9120	12.peo=0.0002/0.9120	13p.prep=0.0005/0.0000	13p.seeds=8.0000/0.0000	13p.rounds=10.0000/0.0000	13p.ledger=113497.0000/0.0000	13p.recon=0.0004/0.0003	13p.mcs=0.0004/0.0000	13.alt=0.0024/0.9120	14.transplant=0.0016/0.9120	15.minl=0.0022/0.9120	15.peel=0.0000/0.9120	16.late=0.0000/0.9120	17.final=0.0003/0.9120	18.simp=0.0000/0.9120	19.five=0.0000/0.9120	20.lt1k=0.0000/0.9120	21.comp=0.0000/0.9120	22.win=0.0000/0.9120	final=0.9120
LIFT	sfacloc2_4_90	1491	775	3282	775
COUNTS	sfacloc2_4_90	1491	4500	31682	28895
PHASES	cont6-qq	0.2927	1.portfolio=0.1611/0.7983	1b.indep=0.0693/0.6962	2.descent=0.0000/0.6962	3.search=0.0000/0.6962	4.subtree=0.0000/0.6962	4b.indep-accept=0.0000/0.6962	5.terminal=0.0000/0.6962	6.extra=0.0000/0.6962	7.telos=0.0000/0.6962	8.cleanup=0.0000/0.6962	9.reduce=0.0173/0.6962	10.completion=0.0000/0.6962	11.corecand=0.0000/0.6962	12.peo=0.0067/0.6962	13p.prep=0.0000/0.0000	13p.seeds=0.0000/0.0000	13p.rounds=0.0000/0.0000	13p.ledger=0.0000/0.0000	13p.recon=0.0000/0.0000	13p.mcs=0.0000/0.0000	13.alt=0.0000/0.6962	14.transplant=0.0000/0.6962	15.minl=0.0108/0.6962	15.peel=0.0000/0.6962	16.late=0.0000/0.6962	17.final=0.0000/0.6962	18.simp=0.0000/0.6962	19.five=0.0000/0.6962	20.lt1k=0.0000/0.6962	21.comp=0.0000/0.6962	22.win=0.0000/0.6962	final=0.6962
LIFT	cont6-qq	120395	79800	397602	79800
COUNTS	cont6-qq	120395	557994	835894090	581918900
LADGATE	5205	10000	0.125	1
PHASES	meanvar-orl400_05_e_7	0.1255	1.portfolio=0.0552/0.9999	1b.indep=0.0331/0.9999	2.descent=0.0000/0.9999	3.search=0.0000/0.9999	4.subtree=0.0014/0.9999	4b.indep-accept=0.0000/0.9999	5.terminal=0.0020/0.9999	6.extra=0.0000/0.9999	7.telos=0.0000/0.9999	8.cleanup=0.0000/0.9999	9.reduce=0.0121/0.9999	10.completion=0.0055/0.9999	11.corecand=0.0000/0.9999	12.peo=0.0031/0.9999	13p.prep=0.0000/0.0000	13p.seeds=0.0000/0.0000	13p.rounds=0.0000/0.0000	13p.ledger=0.0000/0.0000	13p.recon=0.0000/0.0000	13p.mcs=0.0000/0.0000	13.alt=0.0000/0.9999	14.transplant=0.0045/0.9999	15.minl=0.0089/0.9999	15.peel=0.0000/0.9999	16.late=0.0000/0.9999	17.final=0.0015/0.9999	18.simp=0.0000/0.9999	19.five=0.0000/0.9999	20.lt1k=0.0000/0.9999	21.comp=0.0000/0.9999	22.win=0.0000/0.9999	final=0.9999
LIFT	meanvar-orl400_05_e_7	5205	2803	170000	2803
COUNTS	meanvar-orl400_05_e_7	5205	174804	21939414	21936553
LADGATE	10017	10000	0.282	0
PHASES	glider400	0.2825	1.portfolio=0.1690/0.8890	1b.indep=0.0350/0.8890	2.descent=0.0000/0.8890	3.search=0.0000/0.8890	4.subtree=0.0007/0.8890	4b.indep-accept=0.0000/0.8858	5.terminal=0.0009/0.8858	6.extra=0.0000/0.8858	7.telos=0.0000/0.8858	8.cleanup=0.0000/0.8858	9.reduce=0.0235/0.8858	10.completion=0.0063/0.8858	11.corecand=0.0000/0.8858	12.peo=0.0017/0.8858	13p.prep=0.0071/0.0000	13p.seeds=8.0000/0.0000	13p.rounds=16.0000/0.0000	13p.ledger=1848323.0000/0.0000	13p.recon=0.0054/0.0000	13p.mcs=0.0070/0.0000	13.alt=0.0317/0.8858	14.transplant=0.0072/0.8786	15.minl=0.0114/0.8786	15.peel=0.0000/0.8786	16.late=0.0000/0.8786	17.final=0.0009/0.8786	18.simp=0.0000/0.8786	19.five=0.0000/0.8786	20.lt1k=0.0000/0.8786	21.comp=0.0000/0.8786	22.win=0.0000/0.8786	final=0.8786
LIFT	glider400	10017	7609	43204	7609
COUNTS	glider400	10017	49624	373018	327748
LADGATE	4960	10000	0.218	1
PHASES	syn40m04m	0.2181	1.portfolio=0.1744/0.9768	1b.indep=0.0102/0.9768	2.descent=0.0000/0.9768	3.search=0.0000/0.9768	4.subtree=0.0005/0.9768	4b.indep-accept=0.0000/0.9768	5.terminal=0.0006/0.9768	6.extra=0.0003/0.9768	7.telos=0.0000/0.9768	8.cleanup=0.0000/0.9768	9.reduce=0.0167/0.9768	10.completion=0.0023/0.9738	11.corecand=0.0000/0.9738	12.peo=0.0008/0.9738	13p.prep=0.0000/0.0000	13p.seeds=0.0000/0.0000	13p.rounds=0.0000/0.0000	13p.ledger=0.0000/0.0000	13p.recon=0.0000/0.0000	13p.mcs=0.0000/0.0000	13.alt=0.0000/0.9738	14.transplant=0.0094/0.9724	15.minl=0.0111/0.9724	15.peel=0.0000/0.9724	16.late=0.0000/0.9724	17.final=0.0005/0.9724	18.simp=0.0000/0.9724	19.five=0.0000/0.9724	20.lt1k=0.0000/0.9724	21.comp=0.0000/0.9724	22.win=0.0000/0.9724	final=0.9724
LIFT	syn40m04m	4960	2524	9280	2524
COUNTS	syn40m04m	4960	13792	65982	64159
LADGATE	31	10000	0.003	1
PHASES	ex2_1_3	0.0043	1.portfolio=0.0019/1.0000	1b.indep=0.0000/1.0000	2.descent=0.0000/1.0000	3.search=0.0000/1.0000	4.subtree=0.0001/1.0000	4b.indep-accept=0.0000/1.0000	5.terminal=0.0000/1.0000	6.extra=0.0000/1.0000	7.telos=0.0000/1.0000	8.cleanup=0.0000/1.0000	9.reduce=0.0000/1.0000	10.completion=0.0000/1.0000	11.corecand=0.0004/1.0000	12.peo=0.0000/1.0000	13p.prep=0.0000/0.0000	13p.seeds=8.0000/0.0000	13p.rounds=9.0000/0.0000	13p.ledger=1611.0000/0.0000	13p.recon=0.0000/0.0476	13p.mcs=0.0000/0.0000	13.alt=0.0001/1.0000	14.transplant=0.0000/1.0000	15.minl=0.0000/1.0000	15.peel=0.0000/1.0000	16.late=0.0000/1.0000	17.final=0.0000/1.0000	18.simp=0.0000/1.0000	19.five=0.0000/1.0000	20.lt1k=0.0008/1.0000	21.comp=0.0000/1.0000	22.win=0.0000/1.0000	final=1.0000
COUNTS	ex2_1_3	31	72	189	189
LADGATE	705	10000	0.455	1
PHASES	qapw	0.4556	1.portfolio=0.2922/1.0000	1b.indep=0.0292/1.0000	2.descent=0.0000/1.0000	3.search=0.0000/1.0000	4.subtree=0.0006/1.0000	4b.indep-accept=0.0000/1.0000	5.terminal=0.0010/1.0000	6.extra=0.0000/1.0000	7.telos=0.0000/1.0000	8.cleanup=0.0000/1.0000	9.reduce=0.0194/1.0000	10.completion=0.0067/1.0000	11.corecand=0.0000/1.0000	12.peo=0.0018/1.0000	13p.prep=0.0121/0.0000	13p.seeds=8.0000/0.0000	13p.rounds=26.0000/0.0000	13p.ledger=3957645.0000/0.0000	13p.recon=0.0075/0.0000	13p.mcs=0.0125/0.0000	13.alt=0.0480/1.0000	14.transplant=0.0003/1.0000	15.minl=0.0100/1.0000	15.peel=0.0000/1.0000	16.late=0.0000/1.0000	17.final=0.0008/1.0000	18.simp=0.0000/1.0000	19.five=0.0000/1.0000	20.lt1k=0.0351/1.0000	21.comp=0.0000/1.0000	22.win=0.0000/1.0000	final=1.0000
LIFT	qapw	705	480	87046	480
COUNTS	qapw	705	87496	12183146	12183146
LADGATE	14	10000	0.002	1
PHASES	himmel11	0.0023	1.portfolio=0.0015/1.0000	1b.indep=0.0000/1.0000	2.descent=0.0000/1.0000	3.search=0.0000/1.0000	4.subtree=0.0000/1.0000	4b.indep-accept=0.0000/1.0000	5.terminal=0.0000/1.0000	6.extra=0.0000/1.0000	7.telos=0.0000/1.0000	8.cleanup=0.0000/1.0000	9.reduce=0.0000/1.0000	10.completion=0.0000/1.0000	11.corecand=0.0002/1.0000	12.peo=0.0000/1.0000	13p.prep=0.0000/0.0000	13p.seeds=0.0000/0.0000	13p.rounds=0.0000/0.0000	13p.ledger=0.0000/0.0000	13p.recon=0.0000/0.0000	13p.mcs=0.0000/0.0000	13.alt=0.0000/1.0000	14.transplant=0.0000/1.0000	15.minl=0.0000/1.0000	15.peel=0.0000/1.0000	16.late=0.0000/1.0000	17.final=0.0000/1.0000	18.simp=0.0000/1.0000	19.five=0.0000/1.0000	20.lt1k=0.0003/1.0000	21.comp=0.0000/1.0000	22.win=0.0000/1.0000	final=1.0000
COUNTS	himmel11	14	60	198	198
LADGATE	1908	10000	0.168	1
PHASES	syn15m04m	0.1685	1.portfolio=0.1496/0.9813	1b.indep=0.0038/0.9813	2.descent=0.0000/0.9813	3.search=0.0000/0.9813	4.subtree=0.0003/0.9813	4b.indep-accept=0.0000/0.9813	5.terminal=0.0003/0.9813	6.extra=0.0001/0.9813	7.telos=0.0000/0.9813	8.cleanup=0.0000/0.9813	9.reduce=0.0065/0.9813	10.completion=0.0008/0.9813	11.corecand=0.0000/0.9813	12.peo=0.0004/0.9813	13p.prep=0.0007/0.0000	13p.seeds=8.0000/0.0000	13p.rounds=8.0000/0.0000	13p.ledger=104590.0000/0.0000	13p.recon=0.0005/0.0003	13p.mcs=0.0004/0.0000	13.alt=0.0028/0.9813	14.transplant=0.0026/0.9813	15.minl=0.0033/0.9813	15.peel=0.0000/0.9813	16.late=0.0000/0.9813	17.final=0.0003/0.9813	18.simp=0.0000/0.9813	19.five=0.0000/0.9813	20.lt1k=0.0000/0.9813	21.comp=0.0000/0.9813	22.win=0.0000/0.9813	final=0.9813
LIFT	syn15m04m	1908	970	3540	970
COUNTS	syn15m04m	1908	5288	26094	25606
LADGATE	118	10000	0.019	1
PHASES	pooling_rt2tp	0.0232	1.portfolio=0.0107/0.9951	1b.indep=0.0006/0.9951	2.descent=0.0000/0.9951	3.search=0.0000/0.9951	4.subtree=0.0001/0.9951	4b.indep-accept=0.0000/0.9951	5.terminal=0.0000/0.9951	6.extra=0.0000/0.9951	7.telos=0.0000/0.9951	8.cleanup=0.0000/0.9951	9.reduce=0.0011/0.9951	10.completion=0.0001/0.9951	11.corecand=0.0020/0.9951	12.peo=0.0000/0.9951	13p.prep=0.0001/0.0000	13p.seeds=8.0000/0.0000	13p.rounds=9.0000/0.0000	13p.ledger=13364.0000/0.0000	13p.recon=0.0001/0.0015	13p.mcs=0.0001/0.0000	13.alt=0.0003/0.9951	14.transplant=0.0001/0.9951	15.minl=0.0002/0.9951	15.peel=0.0000/0.9951	16.late=0.0000/0.9951	17.final=0.0001/0.9951	18.simp=0.0000/0.9951	19.five=0.0000/0.9951	20.lt1k=0.0039/0.9951	21.comp=0.0001/0.9951	22.win=0.0000/0.9951	final=0.9951
LIFT	pooling_rt2tp	118	66	554	66
COUNTS	pooling_rt2tp	118	654	5876	5847
LADGATE	333	10000	0.109	1
PHASES	waterund14	0.1230	1.portfolio=0.0766/0.4054	1b.indep=0.0012/0.4054	2.descent=0.0000/0.4054	3.search=0.0000/0.4054	4.subtree=0.0001/0.4054	4b.indep-accept=0.0000/0.3698	5.terminal=0.0001/0.3698	6.extra=0.0000/0.3698	7.telos=0.0000/0.3698	8.cleanup=0.0000/0.3698	9.reduce=0.0026/0.3698	10.completion=0.0011/0.3568	11.corecand=0.0070/0.3568	12.peo=0.0003/0.3568	13p.prep=0.0008/0.0000	13p.seeds=8.0000/0.0000	13p.rounds=35.0000/0.0000	13p.ledger=210985.0000/0.0000	13p.recon=0.0007/0.0002	13p.mcs=0.0011/0.0000	13.alt=0.0038/0.3568	14.transplant=0.0005/0.3542	15.minl=0.0011/0.3542	15.peel=0.0000/0.3542	16.late=0.0000/0.3542	17.final=0.0001/0.3542	18.simp=0.0000/0.3542	19.five=0.0000/0.3542	20.lt1k=0.0136/0.3519	21.comp=0.0010/0.3519	22.win=0.0000/0.3519	final=0.3516
LIFT	waterund14	333	191	2068	191
COUNTS	waterund14	333	2204	200484	70488
LADGATE	17809	10000	0.818	0
PHASES	crudeoil_lee4_10	0.8184	1.portfolio=0.4793/0.6858	1b.indep=0.1376/0.6858	2.descent=0.0000/0.6858	3.search=0.0000/0.6858	4.subtree=0.0023/0.6858	4b.indep-accept=0.0000/0.6512	5.terminal=0.0030/0.6512	6.extra=0.0000/0.6512	7.telos=0.0000/0.6512	8.cleanup=0.0000/0.6512	9.reduce=0.0940/0.6512	10.completion=0.0013/0.6512	11.corecand=0.0000/0.6512	12.peo=0.0129/0.6512	13p.prep=0.0144/0.0000	13p.seeds=8.0000/0.0000	13p.rounds=10.0000/0.0000	13p.ledger=3414409.0000/0.0000	13p.recon=0.0130/0.0000	13p.mcs=0.0221/0.0000	13.alt=0.0606/0.6512	14.transplant=0.0120/0.6278	15.minl=0.0144/0.6278	15.peel=0.0000/0.6278	16.late=0.0000/0.6278	17.final=0.0021/0.6278	18.simp=0.0000/0.6278	19.five=0.0000/0.6278	20.lt1k=0.0000/0.6278	21.comp=0.0000/0.6278	22.win=0.0000/0.6278	final=0.6278
LIFT	crudeoil_lee4_10	17809	10229	106656	10229
COUNTS	crudeoil_lee4_10	17809	120632	294531623	184893697
LADGATE	1294	10000	0.335	1
PHASES	pooling_foulds4pq	0.3353	1.portfolio=0.2745/0.9989	1b.indep=0.0081/0.9989	2.descent=0.0000/0.9989	3.search=0.0000/0.9989	4.subtree=0.0002/0.9989	4b.indep-accept=0.0000/0.9989	5.terminal=0.0002/0.9989	6.extra=0.0001/0.9989	7.telos=0.0000/0.9989	8.cleanup=0.0000/0.9989	9.reduce=0.0424/0.9989	10.completion=0.0018/0.9989	11.corecand=0.0000/0.9989	12.peo=0.0003/0.9989	13p.prep=0.0010/0.0000	13p.seeds=8.0000/0.0000	13p.rounds=16.0000/0.0000	13p.ledger=309848.0000/0.0000	13p.recon=0.0008/0.0001	13p.mcs=0.0010/0.0000	13.alt=0.0045/0.9989	14.transplant=0.0014/0.9989	15.minl=0.0024/0.9989	15.peel=0.0000/0.9989	16.late=0.0000/0.9989	17.final=0.0002/0.9989	18.simp=0.0000/0.9989	19.five=0.0000/0.9989	20.lt1k=0.0000/0.9989	21.comp=0.0000/0.9989	22.win=0.0000/0.9989	final=0.9989
LIFT	pooling_foulds4pq	1294	723	7208	723
COUNTS	pooling_foulds4pq	1294	8302	138692	138540
LADGATE	3097	10000	0.235	1
PHASES	edgecross14-156	0.2352	1.portfolio=0.1706/0.9556	1b.indep=0.0118/0.9556	2.descent=0.0000/0.9556	3.search=0.0000/0.9556	4.subtree=0.0005/0.9556	4b.indep-accept=0.0000/0.9556	5.terminal=0.0005/0.9556	6.extra=0.0003/0.9556	7.telos=0.0000/0.9556	8.cleanup=0.0000/0.9556	9.reduce=0.0361/0.9556	10.completion=0.0062/0.9491	11.corecand=0.0000/0.9491	12.peo=0.0008/0.9491	13p.prep=0.0000/0.0000	13p.seeds=0.0000/0.0000	13p.rounds=0.0000/0.0000	13p.ledger=0.0000/0.0000	13p.recon=0.0000/0.0000	13p.mcs=0.0000/0.0000	13.alt=0.0000/0.9491	14.transplant=0.0025/0.9491	15.minl=0.0073/0.9491	15.peel=0.0000/0.9491	16.late=0.0000/0.9491	17.final=0.0004/0.9491	18.simp=0.0000/0.9491	19.five=0.0000/0.9491	20.lt1k=0.0000/0.9491	21.comp=0.0000/0.9491	22.win=0.0000/0.9491	final=0.9491
LIFT	edgecross14-156	3097	1641	21120	1641
COUNTS	edgecross14-156	3097	19664	1487933	1412123
LADGATE	72	10000	0.012	1
PHASES	tspn08	0.0142	1.portfolio=0.0083/0.6863	1b.indep=0.0004/0.6863	2.descent=0.0000/0.6863	3.search=0.0000/0.6863	4.subtree=0.0001/0.6863	4b.indep-accept=0.0000/0.6863	5.terminal=0.0000/0.6863	6.extra=0.0000/0.6863	7.telos=0.0000/0.6863	8.cleanup=0.0000/0.6863	9.reduce=0.0004/0.6863	10.completion=0.0001/0.6863	11.corecand=0.0008/0.6863	12.peo=0.0000/0.6863	13p.prep=0.0001/0.0000	13p.seeds=8.0000/0.0000	13p.rounds=12.0000/0.0000	13p.ledger=16498.0000/0.0000	13p.recon=0.0001/0.0011	13p.mcs=0.0001/0.0000	13.alt=0.0004/0.6863	14.transplant=0.0000/0.6863	15.minl=0.0001/0.6863	15.peel=0.0000/0.6863	16.late=0.0000/0.6863	17.final=0.0001/0.6863	18.simp=0.0000/0.6863	19.five=0.0000/0.6863	20.lt1k=0.0016/0.6863	21.comp=0.0001/0.6863	22.win=0.0000/0.6863	final=0.6863
LIFT	tspn08	72	34	646	34
COUNTS	tspn08	72	668	11074	7600
LADGATE	4225	10000	0.338	1
PHASES	crudeoil_li05	0.3386	1.portfolio=0.2296/0.8645	1b.indep=0.0200/0.8645	2.descent=0.0000/0.8645	3.search=0.0000/0.8645	4.subtree=0.0006/0.8645	4b.indep-accept=0.0000/0.8645	5.terminal=0.0006/0.8645	6.extra=0.0004/0.8645	7.telos=0.0000/0.8645	8.cleanup=0.0000/0.8645	9.reduce=0.0546/0.8645	10.completion=0.0124/0.8415	11.corecand=0.0000/0.8415	12.peo=0.0011/0.8415	13p.prep=0.0000/0.0000	13p.seeds=0.0000/0.0000	13p.rounds=0.0000/0.0000	13p.ledger=0.0000/0.0000	13p.recon=0.0000/0.0000	13p.mcs=0.0000/0.0000	13.alt=0.0000/0.8415	14.transplant=0.0092/0.8280	15.minl=0.0178/0.8221	15.peel=0.0000/0.8221	16.late=0.0000/0.8221	17.final=0.0004/0.8221	18.simp=0.0000/0.8221	19.five=0.0000/0.8221	20.lt1k=0.0000/0.8221	21.comp=0.0000/0.8221	22.win=0.0000/0.8221	final=0.8221
LIFT	crudeoil_li05	4225	2656	17380	2656
COUNTS	crudeoil_li05	4225	14628	680022	559040
LADGATE	14416	10000	0.455	0
PHASES	procurement1large	0.4553	1.portfolio=0.1791/0.6518	1b.indep=0.0565/0.6518	2.descent=0.0000/0.6518	3.search=0.0000/0.6518	4.subtree=0.0012/0.6518	4b.indep-accept=0.0000/0.6150	5.terminal=0.0014/0.6150	6.extra=0.0000/0.6150	7.telos=0.0000/0.6150	8.cleanup=0.0000/0.6150	9.reduce=0.0333/0.6150	10.completion=0.0183/0.6143	11.corecand=0.0000/0.6143	12.peo=0.0092/0.6143	13p.prep=0.0187/0.0000	13p.seeds=8.0000/0.0000	13p.rounds=28.0000/0.0000	13p.ledger=3920504.0000/0.0000	13p.recon=0.0151/0.0000	13p.mcs=0.0225/0.0000	13.alt=0.0844/0.6143	14.transplant=0.0150/0.6014	15.minl=0.0680/0.6010	15.peel=0.0000/0.6010	16.late=0.0000/0.6010	17.final=0.0011/0.6010	18.simp=0.0000/0.6010	19.five=0.0000/0.6010	20.lt1k=0.0000/0.6010	21.comp=0.0000/0.6010	22.win=0.0000/0.6010	final=0.6010
LIFT	procurement1large	14416	6606	28248	6606
COUNTS	procurement1large	14416	41068	13858240	8329236
LADGATE	1428	10000	0.153	1
PHASES	blend721	0.1526	1.portfolio=0.1240/0.8929	1b.indep=0.0041/0.8929	2.descent=0.0000/0.8929	3.search=0.0000/0.8929	4.subtree=0.0002/0.8929	4b.indep-accept=0.0000/0.8929	5.terminal=0.0002/0.8929	6.extra=0.0001/0.8929	7.telos=0.0000/0.8929	8.cleanup=0.0000/0.8929	9.reduce=0.0158/0.8921	10.completion=0.0012/0.8921	11.corecand=0.0000/0.8921	12.peo=0.0003/0.8921	13p.prep=0.0009/0.0000	13p.seeds=8.0000/0.0000	13p.rounds=15.0000/0.0000	13p.ledger=185040.0000/0.0000	13p.recon=0.0007/0.0002	13p.mcs=0.0010/0.0000	13.alt=0.0042/0.8921	14.transplant=0.0020/0.8885	15.minl=0.0020/0.8885	15.peel=0.0000/0.8885	16.late=0.0000/0.8885	17.final=0.0003/0.8885	18.simp=0.0000/0.8885	19.five=0.0000/0.8885	20.lt1k=0.0000/0.8885	21.comp=0.0000/0.8885	22.win=0.0000/0.8885	final=0.8885
LIFT	blend721	1428	829	3334	829
COUNTS	blend721	1428	4548	77560	68912
LADGATE	2031	10000	1.104	1
PHASES	chimera_selby-c16-02	1.1042	1.portfolio=0.9550/0.5557	1b.indep=0.0154/0.5557	2.descent=0.0000/0.5557	3.search=0.0000/0.5557	4.subtree=0.0004/0.5557	4b.indep-accept=0.0000/0.5557	5.terminal=0.0006/0.5557	6.extra=0.0003/0.5557	7.telos=0.0000/0.5557	8.cleanup=0.0000/0.5557	9.reduce=0.0354/0.5557	10.completion=0.0130/0.5531	11.corecand=0.0000/0.5531	12.peo=0.0014/0.5531	13p.prep=0.0081/0.0000	13p.seeds=8.0000/0.0000	13p.rounds=39.0000/0.0000	13p.ledger=2494745.0000/0.0000	13p.recon=0.0096/0.0000	13p.mcs=0.0205/0.0000	13.alt=0.0524/0.5531	14.transplant=0.0068/0.5506	15.minl=0.0286/0.5497	15.peel=0.0000/0.5497	16.late=0.0000/0.5497	17.final=0.0004/0.5497	18.simp=0.0000/0.5497	19.five=0.0000/0.5497	20.lt1k=0.0000/0.5497	21.comp=0.0000/0.5497	22.win=0.0000/0.5497	final=0.5497
LIFT	chimera_selby-c16-02	2031	1436	15878	1436
COUNTS	chimera_selby-c16-02	2031	10878	4280329	2352764
LADGATE	16640	10000	0.386	0
PHASES	supplychainr1_053050	0.3859	1.portfolio=0.2362/1.0000	1b.indep=0.0570/1.0000	2.descent=0.0000/1.0000	3.search=0.0000/1.0000	4.subtree=0.0010/1.0000	4b.indep-accept=0.0000/1.0000	5.terminal=0.0014/1.0000	6.extra=0.0000/1.0000	7.telos=0.0000/1.0000	8.cleanup=0.0000/1.0000	9.reduce=0.0372/1.0000	10.completion=0.0094/1.0000	11.corecand=0.0000/1.0000	12.peo=0.0024/1.0000	13p.prep=0.0045/0.0000	13p.seeds=8.0000/0.0000	13p.rounds=8.0000/0.0000	13p.ledger=1214071.0000/0.0000	13p.recon=0.0041/0.0000	13p.mcs=0.0042/0.0000	13.alt=0.0205/1.0000	14.transplant=0.0083/1.0000	15.minl=0.0164/1.0000	15.peel=0.0000/1.0000	16.late=0.0000/1.0000	17.final=0.0010/1.0000	18.simp=0.0000/1.0000	19.five=0.0000/1.0000	20.lt1k=0.0000/1.0000	21.comp=0.0000/1.0000	22.win=0.0000/1.0000	final=1.0000
LIFT	supplychainr1_053050	16640	9640	44160	9640
COUNTS	supplychainr1_053050	16640	57800	2173490	2173490
LADGATE	5067	10000	0.616	1
PHASES	sfacloc2_4_80	0.6164	1.portfolio=0.4635/0.9744	1b.indep=0.0937/0.9744	2.descent=0.0000/0.9744	3.search=0.0000/0.9744	4.subtree=0.0006/0.9744	4b.indep-accept=0.0000/0.9744	5.terminal=0.0006/0.9744	6.extra=0.0004/0.9744	7.telos=0.0000/0.9744	8.cleanup=0.0000/0.9744	9.reduce=0.0399/0.9744	10.completion=0.0023/0.9656	11.corecand=0.0000/0.9656	12.peo=0.0008/0.9656	13p.prep=0.0000/0.0000	13p.seeds=0.0000/0.0000	13p.rounds=0.0000/0.0000	13p.ledger=0.0000/0.0000	13p.recon=0.0000/0.0000	13p.mcs=0.0000/0.0000	13.alt=0.0000/0.9656	14.transplant=0.0078/0.9599	15.minl=0.0096/0.9599	15.peel=0.0000/0.9599	16.late=0.0000/0.9599	17.final=0.0005/0.9599	18.simp=0.0000/0.9599	19.five=0.0000/0.9599	20.lt1k=0.0000/0.9599	21.comp=0.0000/0.9599	22.win=0.0000/0.9599	final=0.9599
LIFT	sfacloc2_4_80	5067	2567	16656	2567
COUNTS	sfacloc2_4_80	5067	21424	93048	89313
PHASES	st_e24	0.0000	final=0.8906
COUNTS	st_e24	10	26	64	57
LADGATE	1053	10000	0.202	1
PHASES	edgecross10-040	0.2019	1.portfolio=0.1666/0.9124	1b.indep=0.0039/0.9124	2.descent=0.0000/0.9124	3.search=0.0000/0.9124	4.subtree=0.0002/0.9124	4b.indep-accept=0.0000/0.9124	5.terminal=0.0002/0.9124	6.extra=0.0001/0.9124	7.telos=0.0000/0.9124	8.cleanup=0.0000/0.9124	9.reduce=0.0235/0.9124	10.completion=0.0019/0.8916	11.corecand=0.0000/0.8916	12.peo=0.0002/0.8916	13p.prep=0.0006/0.0000	13p.seeds=8.0000/0.0000	13p.rounds=11.0000/0.0000	13p.ledger=134841.0000/0.0000	13p.recon=0.0005/0.0001	13p.mcs=0.0007/0.0000	13.alt=0.0028/0.8916	14.transplant=0.0008/0.8916	15.minl=0.0020/0.8916	15.peel=0.0000/0.8916	16.late=0.0000/0.8916	17.final=0.0002/0.8916	18.simp=0.0000/0.8916	19.five=0.0000/0.8916	20.lt1k=0.0000/0.8916	21.comp=0.0000/0.8916	22.win=0.0000/0.8916	final=0.8916
LIFT	edgecross10-040	1053	571	4152	571
COUNTS	edgecross10-040	1053	5116	161851	144309
LADGATE	8232	10000	0.319	1
PHASES	sonet21v6	0.3192	1.portfolio=0.1860/0.9650	1b.indep=0.0258/0.9650	2.descent=0.0000/0.9650	3.search=0.0000/0.9650	4.subtree=0.0006/0.9650	4b.indep-accept=0.0000/0.9650	5.terminal=0.0008/0.9650	6.extra=0.0005/0.9650	7.telos=0.0000/0.9650	8.cleanup=0.0000/0.9650	9.reduce=0.0398/0.9650	10.completion=0.0081/0.9650	11.corecand=0.0000/0.9650	12.peo=0.0015/0.9650	13p.prep=0.0079/0.0000	13p.seeds=8.0000/0.0000	13p.rounds=21.0000/0.0000	13p.ledger=1973758.0000/0.0000	13p.recon=0.0057/0.0000	13p.mcs=0.0080/0.0000	13.alt=0.0347/0.9650	14.transplant=0.0006/0.9650	15.minl=0.0187/0.9650	15.peel=0.0000/0.9650	16.late=0.0000/0.9650	17.final=0.0007/0.9650	18.simp=0.0000/0.9650	19.five=0.0000/0.9650	20.lt1k=0.0000/0.9650	21.comp=0.0000/0.9650	22.win=0.0000/0.9650	final=0.9650
LIFT	sonet21v6	8232	4221	32722	4221
COUNTS	sonet21v6	8232	40744	1643311	1585871
LADGATE	2490	10000	0.562	1
PHASES	squfl010-080	0.5620	1.portfolio=0.5480/1.0000	1b.indep=0.0054/1.0000	2.descent=0.0000/1.0000	3.search=0.0000/1.0000	4.subtree=0.0001/1.0000	4b.indep-accept=0.0000/1.0000	5.terminal=0.0002/1.0000	6.extra=0.0000/1.0000	7.telos=0.0000/1.0000	8.cleanup=0.0000/1.0000	9.reduce=0.0028/1.0000	10.completion=0.0007/1.0000	11.corecand=0.0000/1.0000	12.peo=0.0003/1.0000	13p.prep=0.0006/0.0000	13p.seeds=8.0000/0.0000	13p.rounds=10.0000/0.0000	13p.ledger=162340.0000/0.0000	13p.recon=0.0005/0.0004	13p.mcs=0.0005/0.0000	13.alt=0.0029/1.0000	14.transplant=0.0001/1.0000	15.minl=0.0007/1.0000	15.peel=0.0000/1.0000	16.late=0.0000/1.0000	17.final=0.0002/1.0000	18.simp=0.0000/1.0000	19.five=0.0000/1.0000	20.lt1k=0.0000/1.0000	21.comp=0.0000/1.0000	22.win=0.0000/1.0000	final=1.0000
LIFT	squfl010-080	2490	890	3200	890
COUNTS	squfl010-080	2490	6400	27665	27665
LADGATE	221	10000	0.042	1
PHASES	genpooling_lee2	0.0507	1.portfolio=0.0252/0.7148	1b.indep=0.0009/0.7148	2.descent=0.0000/0.7148	3.search=0.0000/0.7148	4.subtree=0.0001/0.7148	4b.indep-accept=0.0000/0.7148	5.terminal=0.0001/0.7148	6.extra=0.0000/0.7148	7.telos=0.0000/0.7148	8.cleanup=0.0000/0.7148	9.reduce=0.0008/0.7148	10.completion=0.0003/0.7099	11.corecand=0.0043/0.7099	12.peo=0.0001/0.7099	13p.prep=0.0002/0.0000	13p.seeds=8.0000/0.0000	13p.rounds=12.0000/0.0000	13p.ledger=31507.0000/0.0000	13p.recon=0.0001/0.0006	13p.mcs=0.0002/0.0000	13.alt=0.0008/0.7099	14.transplant=0.0003/0.7099	15.minl=0.0004/0.7051	15.peel=0.0000/0.7051	16.late=0.0000/0.7051	17.final=0.0001/0.7051	18.simp=0.0000/0.7051	19.five=0.0000/0.7051	20.lt1k=0.0086/0.7051	21.comp=0.0003/0.7051	22.win=0.0000/0.7051	final=0.7051
LIFT	genpooling_lee2	221	145	896	145
COUNTS	genpooling_lee2	221	1048	19895	14028
LADGATE	2807	10000	0.310	1
PHASES	popdynm25	0.3100	1.portfolio=0.2289/0.8331	1b.indep=0.0145/0.8331	2.descent=0.0000/0.8331	3.search=0.0000/0.8331	4.subtree=0.0004/0.8331	4b.indep-accept=0.0000/0.8304	5.terminal=0.0004/0.8304	6.extra=0.0003/0.8304	7.telos=0.0000/0.8304	8.cleanup=0.0000/0.8304	9.reduce=0.0356/0.8304	10.completion=0.0080/0.8285	11.corecand=0.0000/0.8285	12.peo=0.0008/0.8285	13p.prep=0.0022/0.0000	13p.seeds=8.0000/0.0000	13p.rounds=15.0000/0.0000	13p.ledger=594087.0000/0.0000	13p.recon=0.0020/0.0000	13p.mcs=0.0029/0.0000	13.alt=0.0111/0.8285	14.transplant=0.0054/0.7918	15.minl=0.0090/0.7918	15.peel=0.0000/0.7918	16.late=0.0000/0.7918	17.final=0.0004/0.7918	18.simp=0.0000/0.7918	19.five=0.0000/0.7918	20.lt1k=0.0000/0.7918	21.comp=0.0000/0.7918	22.win=0.0000/0.7918	final=0.7918
LIFT	popdynm25	2807	2349	13004	2349
COUNTS	popdynm25	2807	13904	360081	285105
LADGATE	5211	10000	0.394	1
PHASES	chp_partload	0.3939	1.portfolio=0.2569/0.8105	1b.indep=0.0230/0.8105	2.descent=0.0000/0.8105	3.search=0.0000/0.8105	4.subtree=0.0007/0.8105	4b.indep-accept=0.0000/0.8105	5.terminal=0.0008/0.8105	6.extra=0.0005/0.8105	7.telos=0.0000/0.8105	8.cleanup=0.0000/0.8105	9.reduce=0.0824/0.7784	10.completion=0.0113/0.7739	11.corecand=0.0000/0.7739	12.peo=0.0013/0.7739	13p.prep=0.0000/0.0000	13p.seeds=0.0000/0.0000	13p.rounds=0.0000/0.0000	13p.ledger=0.0000/0.0000	13p.recon=0.0000/0.0000	13p.mcs=0.0000/0.0000	13.alt=0.0000/0.7739	14.transplant=0.0150/0.7513	15.minl=0.0150/0.7513	15.peel=0.0000/0.7513	16.late=0.0000/0.7513	17.final=0.0007/0.7513	18.simp=0.0000/0.7513	19.five=0.0000/0.7513	20.lt1k=0.0000/0.7513	21.comp=0.0000/0.7513	22.win=0.0000/0.7513	final=0.7513
LIFT	chp_partload	5211	3186	12690	3186
COUNTS	chp_partload	5211	16740	509170	382533
LADGATE	560	10000	0.204	1
PHASES	qspp_0_14_0_1_10_1	0.2051	1.portfolio=0.1029/0.9950	1b.indep=0.0104/0.9950	2.descent=0.0000/0.9950	3.search=0.0000/0.9950	4.subtree=0.0013/0.9950	4b.indep-accept=0.0000/0.9950	5.terminal=0.0017/0.9950	6.extra=0.0000/0.9950	7.telos=0.0000/0.9950	8.cleanup=0.0000/0.9950	9.reduce=0.0052/0.9950	10.completion=0.0059/0.9950	11.corecand=0.0000/0.9950	12.peo=0.0026/0.9950	13p.prep=0.0183/0.0000	13p.seeds=8.0000/0.0000	13p.rounds=21.0000/0.0000	13p.ledger=3950119.0000/0.0000	13p.recon=0.0076/0.0000	13p.mcs=0.0081/0.0000	13.alt=0.0619/0.9950	14.transplant=0.0010/0.9950	15.minl=0.0059/0.9950	15.peel=0.0000/0.9950	16.late=0.0000/0.9950	17.final=0.0013/0.9950	18.simp=0.0000/0.9950	19.five=0.0000/0.9950	20.lt1k=0.0047/0.9950	21.comp=0.0000/0.9950	22.win=0.0000/0.9950	final=0.9950
LIFT	qspp_0_14_0_1_10_1	560	364	119024	364
COUNTS	qspp_0_14_0_1_10_1	560	120274	16119226	16038266
LADGATE	24	10000	0.003	1
PHASES	st_glmp_ss1	0.0034	1.portfolio=0.0016/1.0000	1b.indep=0.0000/1.0000	2.descent=0.0000/1.0000	3.search=0.0000/1.0000	4.subtree=0.0001/1.0000	4b.indep-accept=0.0000/1.0000	5.terminal=0.0000/1.0000	6.extra=0.0000/1.0000	7.telos=0.0000/1.0000	8.cleanup=0.0000/1.0000	9.reduce=0.0000/1.0000	10.completion=0.0000/1.0000	11.corecand=0.0003/1.0000	12.peo=0.0000/1.0000	13p.prep=0.0000/0.0000	13p.seeds=6.0000/0.0000	13p.rounds=10.0000/0.0000	13p.ledger=1569.0000/0.0000	13p.recon=0.0000/0.0625	13p.mcs=0.0000/0.0000	13.alt=0.0001/1.0000	14.transplant=0.0000/1.0000	15.minl=0.0000/1.0000	15.peel=0.0000/1.0000	16.late=0.0000/1.0000	17.final=0.0000/1.0000	18.simp=0.0000/1.0000	19.five=0.0000/1.0000	20.lt1k=0.0006/1.0000	21.comp=0.0000/1.0000	22.win=0.0000/1.0000	final=1.0000
COUNTS	st_glmp_ss1	24	66	160	160
LADGATE	2508	10000	0.303	1
PHASES	torsion50	0.3030	1.portfolio=0.2285/0.6777	1b.indep=0.0109/0.6777	2.descent=0.0000/0.6777	3.search=0.0000/0.6777	4.subtree=0.0005/0.6777	4b.indep-accept=0.0000/0.6669	5.terminal=0.0006/0.6669	6.extra=0.0004/0.6669	7.telos=0.0000/0.6669	8.cleanup=0.0000/0.6669	9.reduce=0.0151/0.6669	10.completion=0.0140/0.6669	11.corecand=0.0000/0.6669	12.peo=0.0012/0.6669	13p.prep=0.0026/0.0000	13p.seeds=8.0000/0.0000	13p.rounds=10.0000/0.0000	13p.ledger=767707.0000/0.0000	13p.recon=0.0021/0.0000	13p.mcs=0.0036/0.0000	13.alt=0.0124/0.6669	14.transplant=0.0071/0.6661	15.minl=0.0180/0.6661	15.peel=0.0000/0.6661	16.late=0.0000/0.6661	17.final=0.0006/0.6661	18.simp=0.0000/0.6661	19.five=0.0000/0.6661	20.lt1k=0.0000/0.6661	21.comp=0.0000/0.6661	22.win=0.0000/0.6661	final=0.6661
LIFT	torsion50	2508	1302	20190	1302
COUNTS	torsion50	2508	29808	1691033	1126327
LADGATE	40	10000	0.007	1
PHASES	st_rv2	0.0080	1.portfolio=0.0047/1.0000	1b.indep=0.0002/1.0000	2.descent=0.0000/1.0000	3.search=0.0000/1.0000	4.subtree=0.0001/1.0000	4b.indep-accept=0.0000/1.0000	5.terminal=0.0000/1.0000	6.extra=0.0000/1.0000	7.telos=0.0000/1.0000	8.cleanup=0.0000/1.0000	9.reduce=0.0000/1.0000	10.completion=0.0000/1.0000	11.corecand=0.0005/1.0000	12.peo=0.0000/1.0000	13p.prep=0.0001/0.0000	13p.seeds=8.0000/0.0000	13p.rounds=14.0000/0.0000	13p.ledger=8936.0000/0.0000	13p.recon=0.0000/0.0068	13p.mcs=0.0000/0.0000	13.alt=0.0002/1.0000	14.transplant=0.0000/1.0000	15.minl=0.0000/1.0000	15.peel=0.0000/1.0000	16.late=0.0000/1.0000	17.final=0.0000/1.0000	18.simp=0.0000/1.0000	19.five=0.0000/1.0000	20.lt1k=0.0011/1.0000	21.comp=0.0000/1.0000	22.win=0.0000/1.0000	final=1.0000
LIFT	st_rv2	40	10	90	10
COUNTS	st_rv2	40	340	2045	2045
LADGATE	6885	10000	0.201	1
PHASES	emfl100_3_3	0.2012	1.portfolio=0.1784/1.0000	1b.indep=0.0098/1.0000	2.descent=0.0000/1.0000	3.search=0.0000/1.0000	4.subtree=0.0003/1.0000	4b.indep-accept=0.0000/1.0000	5.terminal=0.0004/1.0000	6.extra=0.0000/1.0000	7.telos=0.0000/1.0000	8.cleanup=0.0000/1.0000	9.reduce=0.0070/1.0000	10.completion=0.0016/1.0000	11.corecand=0.0000/1.0000	12.peo=0.0008/1.0000	13p.prep=0.0000/0.0000	13p.seeds=0.0000/0.0000	13p.rounds=0.0000/0.0000	13p.ledger=0.0000/0.0000	13p.recon=0.0000/0.0000	13p.mcs=0.0000/0.0000	13.alt=0.0000/1.0000	14.transplant=0.0002/1.0000	15.minl=0.0018/1.0000	15.peel=0.0000/1.0000	16.late=0.0000/1.0000	17.final=0.0002/1.0000	18.simp=0.0000/1.0000	19.five=0.0000/1.0000	20.lt1k=0.0000/1.0000	21.comp=0.0000/1.0000	22.win=0.0000/1.0000	final=1.0000
LIFT	emfl100_3_3	6885	2961	8100	2961
COUNTS	emfl100_3_3	6885	15948	55506	55506
PHASES	pedigree_sim400	0.0001	final=0.9997
COUNTS	pedigree_sim400	351	23546	1183471	1183168
PHASES	polygon75	0.0002	final=1.0000
COUNTS	polygon75	5846	49652	1171822	1171822
PHASES	gabriel10	0.7327	1.portfolio=0.3623/0.9480	1b.indep=0.1272/0.9480	2.descent=0.0000/0.9480	3.search=0.0000/0.9480	4.subtree=0.0000/0.9480	4b.indep-accept=0.0000/0.9285	5.terminal=0.0000/0.9285	6.extra=0.0000/0.9285	7.telos=0.0000/0.9285	8.cleanup=0.0000/0.9285	9.reduce=0.1371/0.9285	10.completion=0.0000/0.9285	11.corecand=0.0000/0.9285	12.peo=0.0210/0.9285	13p.prep=0.0000/0.0000	13p.seeds=0.0000/0.0000	13p.rounds=0.0000/0.0000	13p.ledger=0.0000/0.0000	13p.recon=0.0000/0.0000	13p.mcs=0.0000/0.0000	13.alt=0.0000/0.9285	14.transplant=0.0000/0.9285	15.minl=0.0000/0.9285	15.peel=0.0000/0.9285	16.late=0.0000/0.9285	17.final=0.0000/0.9285	18.simp=0.0000/0.9285	19.five=0.0000/0.9285	20.lt1k=0.0000/0.9285	21.comp=0.0000/0.9285	22.win=0.0000/0.9285	final=0.9285
LIFT	gabriel10	244056	129644	1260406	129644
COUNTS	gabriel10	244056	1148210	1365442310	1267760679
LADGATE	1049	10000	0.133	1
PHASES	fo9_ar25_1	0.1326	1.portfolio=0.1007/0.9182	1b.indep=0.0027/0.9182	2.descent=0.0000/0.9182	3.search=0.0000/0.9182	4.subtree=0.0001/0.9182	4b.indep-accept=0.0000/0.9182	5.terminal=0.0001/0.9182	6.extra=0.0001/0.9182	7.telos=0.0000/0.9182	8.cleanup=0.0000/0.9182	9.reduce=0.0234/0.9182	10.completion=0.0008/0.9177	11.corecand=0.0000/0.9177	12.peo=0.0002/0.9177	13p.prep=0.0006/0.0000	13p.seeds=8.0000/0.0000	13p.rounds=13.0000/0.0000	13p.ledger=132006.0000/0.0000	13p.recon=0.0004/0.0003	13p.mcs=0.0005/0.0000	13.alt=0.0024/0.9177	14.transplant=0.0013/0.9177	15.minl=0.0017/0.9177	15.peel=0.0000/0.9177	16.late=0.0000/0.9177	17.final=0.0002/0.9177	18.simp=0.0000/0.9177	19.five=0.0000/0.9177	20.lt1k=0.0000/0.9177	21.comp=0.0000/0.9177	22.win=0.0000/0.9177	final=0.9177
LIFT	fo9_ar25_1	1049	507	3606	507
COUNTS	fo9_ar25_1	1049	4336	41668	38237
LADGATE	1159	10000	0.097	1
PHASES	rsyn0840m	0.0972	1.portfolio=0.0802/0.9519	1b.indep=0.0022/0.9519	2.descent=0.0000/0.9519	3.search=0.0000/0.9519	4.subtree=0.0002/0.9519	4b.indep-accept=0.0000/0.9519	5.terminal=0.0002/0.9519	6.extra=0.0001/0.9519	7.telos=0.0000/0.9519	8.cleanup=0.0000/0.9519	9.reduce=0.0040/0.9519	10.completion=0.0005/0.9442	11.corecand=0.0000/0.9442	12.peo=0.0002/0.9442	13p.prep=0.0018/0.0000	13p.seeds=8.0000/0.0000	13p.rounds=31.0000/0.0000	13p.ledger=237626.0000/0.0000	13p.recon=0.0010/0.0027	13p.mcs=0.0012/0.0000	13.alt=0.0070/0.9442	14.transplant=0.0018/0.9442	15.minl=0.0021/0.9442	15.peel=0.0000/0.9442	16.late=0.0000/0.9442	17.final=0.0002/0.9442	18.simp=0.0000/0.9442	19.five=0.0000/0.9442	20.lt1k=0.0000/0.9442	21.comp=0.0000/0.9442	22.win=0.0000/0.9442	final=0.9442
LIFT	rsyn0840m	1159	610	2176	610
COUNTS	rsyn0840m	1159	3168	11274	10645
LADGATE	548	10000	0.170	1
PHASES	gancns	0.1932	1.portfolio=0.1189/0.8567	1b.indep=0.0033/0.8567	2.descent=0.0000/0.8567	3.search=0.0000/0.8567	4.subtree=0.0002/0.8567	4b.indep-accept=0.0000/0.8567	5.terminal=0.0001/0.8567	6.extra=0.0001/0.8567	7.telos=0.0000/0.8567	8.cleanup=0.0000/0.8567	9.reduce=0.0060/0.8567	10.completion=0.0014/0.8567	11.corecand=0.0116/0.8567	12.peo=0.0003/0.8567	13p.prep=0.0006/0.0000	13p.seeds=8.0000/0.0000	13p.rounds=12.0000/0.0000	13p.ledger=88904.0000/0.0000	13p.recon=0.0004/0.0002	13p.mcs=0.0006/0.0000	13.alt=0.0026/0.8567	14.transplant=0.0010/0.8557	15.minl=0.0017/0.8557	15.peel=0.0000/0.8557	16.late=0.0000/0.8557	17.final=0.0002/0.8557	18.simp=0.0000/0.8557	19.five=0.0000/0.8557	20.lt1k=0.0220/0.8557	21.comp=0.0014/0.8557	22.win=0.0000/0.8557	final=0.8557
LIFT	gancns	548	318	2280	318
COUNTS	gancns	548	2800	69234	59246
LADGATE	1049	10000	0.136	1
PHASES	o9_ar4_1	0.1362	1.portfolio=0.1048/0.9182	1b.indep=0.0027/0.9182	2.descent=0.0000/0.9182	3.search=0.0000/0.9182	4.subtree=0.0001/0.9182	4b.indep-accept=0.0000/0.9182	5.terminal=0.0001/0.9182	6.extra=0.0001/0.9182	7.telos=0.0000/0.9182	8.cleanup=0.0000/0.9182	9.reduce=0.0230/0.9182	10.completion=0.0008/0.9177	11.corecand=0.0000/0.9177	12.peo=0.0002/0.9177	13p.prep=0.0006/0.0000	13p.seeds=8.0000/0.0000	13p.rounds=13.0000/0.0000	13p.ledger=132006.0000/0.0000	13p.recon=0.0004/0.0003	13p.mcs=0.0005/0.0000	13.alt=0.0024/0.9177	14.transplant=0.0013/0.9177	15.minl=0.0017/0.9177	15.peel=0.0000/0.9177	16.late=0.0000/0.9177	17.final=0.0001/0.9177	18.simp=0.0000/0.9177	19.five=0.0000/0.9177	20.lt1k=0.0000/0.9177	21.comp=0.0000/0.9177	22.win=0.0000/0.9177	final=0.9177
LIFT	o9_ar4_1	1049	507	3606	507
COUNTS	o9_ar4_1	1049	4336	41668	38237
LADGATE	123	10000	0.017	1
PHASES	ex1265a	0.0214	1.portfolio=0.0099/0.9547	1b.indep=0.0005/0.9547	2.descent=0.0000/0.9547	3.search=0.0000/0.9547	4.subtree=0.0001/0.9547	4b.indep-accept=0.0000/0.9547	5.terminal=0.0000/0.9547	6.extra=0.0000/0.9547	7.telos=0.0000/0.9547	8.cleanup=0.0000/0.9547	9.reduce=0.0004/0.9547	10.completion=0.0001/0.9547	11.corecand=0.0019/0.9547	12.peo=0.0000/0.9547	13p.prep=0.0001/0.0000	13p.seeds=8.0000/0.0000	13p.rounds=15.0000/0.0000	13p.ledger=19166.0000/0.0000	13p.recon=0.0001/0.0038	13p.mcs=0.0001/0.0000	13.alt=0.0005/0.9547	14.transplant=0.0001/0.9547	15.minl=0.0001/0.9547	15.peel=0.0000/0.9547	16.late=0.0000/0.9547	17.final=0.0001/0.9547	18.simp=0.0000/0.9547	19.five=0.0000/0.9547	20.lt1k=0.0038/0.9547	21.comp=0.0001/0.9547	22.win=0.0000/0.9547	final=0.9547
LIFT	ex1265a	123	79	472	79
COUNTS	ex1265a	123	560	3948	3769
LADGATE	28	10000	0.003	1
PHASES	ex9_2_6	0.0041	1.portfolio=0.0016/1.0000	1b.indep=0.0000/1.0000	2.descent=0.0000/1.0000	3.search=0.0000/1.0000	4.subtree=0.0001/1.0000	4b.indep-accept=0.0000/1.0000	5.terminal=0.0000/1.0000	6.extra=0.0000/1.0000	7.telos=0.0000/1.0000	8.cleanup=0.0000/1.0000	9.reduce=0.0000/1.0000	10.completion=0.0000/1.0000	11.corecand=0.0005/1.0000	12.peo=0.0000/1.0000	13p.prep=0.0000/0.0000	13p.seeds=7.0000/0.0000	13p.rounds=14.0000/0.0000	13p.ledger=2364.0000/0.0000	13p.recon=0.0000/0.0737	13p.mcs=0.0000/0.0000	13.alt=0.0001/1.0000	14.transplant=0.0000/1.0000	15.minl=0.0000/1.0000	15.peel=0.0000/1.0000	16.late=0.0000/1.0000	17.final=0.0000/1.0000	18.simp=0.0000/1.0000	19.five=0.0000/1.0000	20.lt1k=0.0009/1.0000	21.comp=0.0000/1.0000	22.win=0.0000/1.0000	final=1.0000
COUNTS	ex9_2_6	28	68	190	190
LADGATE	481	10000	0.144	1
PHASES	qspp_0_13_0_1_10_1	0.1447	1.portfolio=0.0767/0.9948	1b.indep=0.0062/0.9948	2.descent=0.0000/0.9948	3.search=0.0000/0.9948	4.subtree=0.0008/0.9948	4b.indep-accept=0.0000/0.9948	5.terminal=0.0011/0.9948	6.extra=0.0008/0.9948	7.telos=0.0000/0.9948	8.cleanup=0.0000/0.9948	9.reduce=0.0038/0.9948	10.completion=0.0052/0.9948	11.corecand=0.0000/0.9948	12.peo=0.0018/0.9948	13p.prep=0.0103/0.0000	13p.seeds=8.0000/0.0000	13p.rounds=18.0000/0.0000	13p.ledger=2493830.0000/0.0000	13p.recon=0.0048/0.0000	13p.mcs=0.0051/0.0000	13.alt=0.0360/0.9948	14.transplant=0.0034/0.9948	15.minl=0.0067/0.9948	15.peel=0.0000/0.9948	16.late=0.0000/0.9948	17.final=0.0009/0.9948	18.simp=0.0000/0.9948	19.five=0.0000/0.9948	20.lt1k=0.0037/0.9948	21.comp=0.0000/0.9948	22.win=0.0000/0.9948	final=0.9948
LIFT	qspp_0_13_0_1_10_1	481	312	87460	312
COUNTS	qspp_0_13_0_1_10_1	481	88522	10150185	10097446
LADGATE	146	10000	0.017	1
PHASES	slay04m	0.0219	1.portfolio=0.0089/1.0000	1b.indep=0.0002/1.0000	2.descent=0.0000/1.0000	3.search=0.0000/1.0000	4.subtree=0.0000/1.0000	4b.indep-accept=0.0000/1.0000	5.terminal=0.0000/1.0000	6.extra=0.0000/1.0000	7.telos=0.0000/1.0000	8.cleanup=0.0000/1.0000	9.reduce=0.0004/1.0000	10.completion=0.0001/1.0000	11.corecand=0.0024/1.0000	12.peo=0.0000/1.0000	13p.prep=0.0001/0.0000	13p.seeds=8.0000/0.0000	13p.rounds=8.0000/0.0000	13p.ledger=8356.0000/0.0000	13p.recon=0.0000/0.0051	13p.mcs=0.0000/0.0000	13.alt=0.0002/1.0000	14.transplant=0.0000/1.0000	15.minl=0.0001/1.0000	15.peel=0.0000/1.0000	16.late=0.0000/1.0000	17.final=0.0001/1.0000	18.simp=0.0000/1.0000	19.five=0.0000/1.0000	20.lt1k=0.0047/1.0000	21.comp=0.0000/1.0000	22.win=0.0000/1.0000	final=1.0000
LIFT	slay04m	146	62	264	62
COUNTS	slay04m	146	432	1554	1554
PHASES	st_e25	0.0000	final=0.7798
COUNTS	st_e25	20	92	336	262
LADGATE	32	10000	0.004	1
PHASES	ex8_4_1	0.0045	1.portfolio=0.0020/1.0000	1b.indep=0.0001/1.0000	2.descent=0.0000/1.0000	3.search=0.0000/1.0000	4.subtree=0.0000/1.0000	4b.indep-accept=0.0000/1.0000	5.terminal=0.0000/1.0000	6.extra=0.0000/1.0000	7.telos=0.0000/1.0000	8.cleanup=0.0000/1.0000	9.reduce=0.0000/1.0000	10.completion=0.0000/1.0000	11.corecand=0.0005/1.0000	12.peo=0.0000/1.0000	13p.prep=0.0000/0.0000	13p.seeds=4.0000/0.0000	13p.rounds=6.0000/0.0000	13p.ledger=1305.0000/0.0000	13p.recon=0.0000/0.0267	13p.mcs=0.0000/0.0000	13.alt=0.0000/1.0000	14.transplant=0.0000/1.0000	15.minl=0.0000/1.0000	15.peel=0.0000/1.0000	16.late=0.0000/1.0000	17.final=0.0000/1.0000	18.simp=0.0000/1.0000	19.five=0.0000/1.0000	20.lt1k=0.0009/1.0000	21.comp=0.0000/1.0000	22.win=0.0000/1.0000	final=1.0000
LIFT	ex8_4_1	32	12	40	12
COUNTS	ex8_4_1	32	100	225	225
LADGATE	19	10000	0.003	1
PHASES	st_e07	0.0031	1.portfolio=0.0016/1.0000	1b.indep=0.0000/1.0000	2.descent=0.0000/1.0000	3.search=0.0000/1.0000	4.subtree=0.0000/1.0000	4b.indep-accept=0.0000/1.0000	5.terminal=0.0000/1.0000	6.extra=0.0000/1.0000	7.telos=0.0000/1.0000	8.cleanup=0.0000/1.0000	9.reduce=0.0000/1.0000	10.completion=0.0000/1.0000	11.corecand=0.0003/1.0000	12.peo=0.0000/1.0000	13p.prep=0.0000/0.0000	13p.seeds=8.0000/0.0000	13p.rounds=12.0000/0.0000	13p.ledger=1677.0000/0.0000	13p.recon=0.0000/0.0603	13p.mcs=0.0000/0.0000	13.alt=0.0001/1.0000	14.transplant=0.0000/1.0000	15.minl=0.0000/1.0000	15.peel=0.0000/1.0000	16.late=0.0000/1.0000	17.final=0.0000/1.0000	18.simp=0.0000/1.0000	19.five=0.0000/1.0000	20.lt1k=0.0006/1.0000	21.comp=0.0000/1.0000	22.win=0.0000/1.0000	final=1.0000
COUNTS	st_e07	19	60	199	199
LADGATE	26	10000	0.003	1
PHASES	ex1225	0.0039	1.portfolio=0.0017/0.9415	1b.indep=0.0000/0.9415	2.descent=0.0000/0.9415	3.search=0.0000/0.9415	4.subtree=0.0001/0.9415	4b.indep-accept=0.0000/0.9415	5.terminal=0.0000/0.9415	6.extra=0.0000/0.9415	7.telos=0.0000/0.9415	8.cleanup=0.0000/0.9415	9.reduce=0.0000/0.9415	10.completion=0.0000/0.9415	11.corecand=0.0004/0.9415	12.peo=0.0000/0.9415	13p.prep=0.0000/0.0000	13p.seeds=8.0000/0.0000	13p.rounds=17.0000/0.0000	13p.ledger=2652.0000/0.0000	13p.recon=0.0000/0.0994	13p.mcs=0.0000/0.0000	13.alt=0.0001/0.9415	14.transplant=0.0000/0.9415	15.minl=0.0000/0.9415	15.peel=0.0000/0.9415	16.late=0.0000/0.9415	17.final=0.0000/0.9415	18.simp=0.0000/0.9415	19.five=0.0000/0.9415	20.lt1k=0.0007/0.9415	21.comp=0.0000/0.9415	22.win=0.0000/0.9415	final=0.9415
COUNTS	ex1225	26	66	171	161
LADGATE	969	10000	0.323	1
PHASES	ndcc13	0.3871	1.portfolio=0.1990/0.7060	1b.indep=0.0031/0.6255	2.descent=0.0000/0.6255	3.search=0.0000/0.6255	4.subtree=0.0003/0.6255	4b.indep-accept=0.0000/0.6255	5.terminal=0.0001/0.6255	6.extra=0.0001/0.6255	7.telos=0.0000/0.6255	8.cleanup=0.0000/0.6255	9.reduce=0.0102/0.6255	10.completion=0.0034/0.6255	11.corecand=0.0318/0.6255	12.peo=0.0003/0.6255	13p.prep=0.0007/0.0000	13p.seeds=8.0000/0.0000	13p.rounds=12.0000/0.0000	13p.ledger=244062.0000/0.0000	13p.recon=0.0007/0.0000	13p.mcs=0.0013/0.0000	13.alt=0.0039/0.6255	14.transplant=0.0016/0.6255	15.minl=0.0033/0.6255	15.peel=0.0000/0.6255	16.late=0.0000/0.6255	17.final=0.0003/0.6255	18.simp=0.0000/0.6255	19.five=0.0000/0.6255	20.lt1k=0.0633/0.6255	21.comp=0.0035/0.6255	22.win=0.0000/0.6255	final=0.6255
LIFT	ndcc13	969	735	6656	735
COUNTS	ndcc13	969	5882	525212	328543
LADGATE	1224	10000	0.098	1
PHASES	syn10m04m	0.0975	1.portfolio=0.0880/1.0000	1b.indep=0.0022/1.0000	2.descent=0.0000/1.0000	3.search=0.0000/1.0000	4.subtree=0.0002/1.0000	4b.indep-accept=0.0000/1.0000	5.terminal=0.0002/1.0000	6.extra=0.0000/1.0000	7.telos=0.0000/1.0000	8.cleanup=0.0000/1.0000	9.reduce=0.0039/1.0000	10.completion=0.0004/1.0000	11.corecand=0.0000/1.0000	12.peo=0.0002/1.0000	13p.prep=0.0004/0.0000	13p.seeds=8.0000/0.0000	13p.rounds=8.0000/0.0000	13p.ledger=66038.0000/0.0000	13p.recon=0.0003/0.0006	13p.mcs=0.0003/0.0000	13.alt=0.0016/1.0000	14.transplant=0.0000/1.0000	15.minl=0.0004/1.0000	15.peel=0.0000/1.0000	16.late=0.0000/1.0000	17.final=0.0002/1.0000	18.simp=0.0000/1.0000	19.five=0.0000/1.0000	20.lt1k=0.0000/1.0000	21.comp=0.0000/1.0000	22.win=0.0000/1.0000	final=1.0000
LIFT	syn10m04m	1224	620	2256	620
COUNTS	syn10m04m	1224	3384	13501	13501
LADGATE	18	10000	0.002	1
PHASES	ex5_2_4	0.0028	1.portfolio=0.0016/0.9461	1b.indep=0.0000/0.9461	2.descent=0.0000/0.9461	3.search=0.0000/0.9461	4.subtree=0.0000/0.9461	4b.indep-accept=0.0000/0.9461	5.terminal=0.0000/0.9461	6.extra=0.0000/0.9461	7.telos=0.0000/0.9461	8.cleanup=0.0000/0.9461	9.reduce=0.0000/0.9461	10.completion=0.0000/0.9461	11.corecand=0.0002/0.9461	12.peo=0.0000/0.9461	13p.prep=0.0000/0.0000	13p.seeds=8.0000/0.0000	13p.rounds=10.0000/0.0000	13p.ledger=1368.0000/0.0000	13p.recon=0.0000/0.0490	13p.mcs=0.0000/0.0000	13.alt=0.0001/0.9461	14.transplant=0.0000/0.9461	15.minl=0.0000/0.9461	15.peel=0.0000/0.9461	16.late=0.0000/0.9461	17.final=0.0000/0.9461	18.simp=0.0000/0.9461	19.five=0.0000/0.9461	20.lt1k=0.0004/0.9461	21.comp=0.0000/0.9461	22.win=0.0000/0.9461	final=0.9461
COUNTS	ex5_2_4	18	62	204	193
LADGATE	72	10000	0.018	1
PHASES	st_m2	0.0208	1.portfolio=0.0121/1.0000	1b.indep=0.0003/1.0000	2.descent=0.0000/1.0000	3.search=0.0000/1.0000	4.subtree=0.0000/1.0000	4b.indep-accept=0.0000/1.0000	5.terminal=0.0000/1.0000	6.extra=0.0000/1.0000	7.telos=0.0000/1.0000	8.cleanup=0.0000/1.0000	9.reduce=0.0004/1.0000	10.completion=0.0001/1.0000	11.corecand=0.0013/1.0000	12.peo=0.0000/1.0000	13p.prep=0.0001/0.0000	13p.seeds=8.0000/0.0000	13p.rounds=15.0000/0.0000	13p.ledger=33451.0000/0.0000	13p.recon=0.0001/0.0009	13p.mcs=0.0001/0.0000	13.alt=0.0005/1.0000	14.transplant=0.0000/1.0000	15.minl=0.0001/1.0000	15.peel=0.0000/1.0000	16.late=0.0000/1.0000	17.final=0.0001/1.0000	18.simp=0.0000/1.0000	19.five=0.0000/1.0000	20.lt1k=0.0027/1.0000	21.comp=0.0001/1.0000	22.win=0.0000/1.0000	final=1.0000
LIFT	st_m2	72	21	420	21
COUNTS	st_m2	72	1226	16331	16331
LADGATE	16	10000	0.002	1
PHASES	st_bpk1	0.0022	1.portfolio=0.0012/0.9391	1b.indep=0.0000/0.9391	2.descent=0.0000/0.9391	3.search=0.0000/0.9391	4.subtree=0.0000/0.9391	4b.indep-accept=0.0000/0.9391	5.terminal=0.0000/0.9391	6.extra=0.0000/0.9391	7.telos=0.0000/0.9391	8.cleanup=0.0000/0.9391	9.reduce=0.0000/0.9391	10.completion=0.0000/0.9391	11.corecand=0.0002/0.9391	12.peo=0.0000/0.9391	13p.prep=0.0000/0.0000	13p.seeds=8.0000/0.0000	13p.rounds=13.0000/0.0000	13p.ledger=1345.0000/0.0000	13p.recon=0.0000/0.1130	13p.mcs=0.0000/0.0000	13.alt=0.0001/0.9391	14.transplant=0.0000/0.9391	15.minl=0.0000/0.9391	15.peel=0.0000/0.9391	16.late=0.0000/0.9391	17.final=0.0000/0.9391	18.simp=0.0000/0.9391	19.five=0.0000/0.9391	20.lt1k=0.0003/0.9391	21.comp=0.0000/0.9391	22.win=0.0000/0.9391	final=0.9391
COUNTS	st_bpk1	16	44	115	108
LADGATE	736	10000	0.361	1
PHASES	multiplants_stg1	0.3944	1.portfolio=0.2786/0.8633	1b.indep=0.0050/0.8633	2.descent=0.0000/0.8633	3.search=0.0000/0.8633	4.subtree=0.0002/0.8633	4b.indep-accept=0.0000/0.8633	5.terminal=0.0001/0.8633	6.extra=0.0001/0.8633	7.telos=0.0000/0.8633	8.cleanup=0.0000/0.8633	9.reduce=0.0146/0.8633	10.completion=0.0034/0.8633	11.corecand=0.0162/0.8633	12.peo=0.0003/0.8633	13p.prep=0.0006/0.0000	13p.seeds=8.0000/0.0000	13p.rounds=13.0000/0.0000	13p.ledger=150435.0000/0.0000	13p.recon=0.0005/0.0001	13p.mcs=0.0009/0.0000	13.alt=0.0032/0.8633	14.transplant=0.0015/0.8594	15.minl=0.0031/0.8594	15.peel=0.0000/0.8594	16.late=0.0000/0.8594	17.final=0.0002/0.8594	18.simp=0.0000/0.8594	19.five=0.0000/0.8594	20.lt1k=0.0320/0.8594	21.comp=0.0035/0.8594	22.win=0.0000/0.8594	final=0.8588
LIFT	multiplants_stg1	736	321	3112	321
COUNTS	multiplants_stg1	736	3594	197998	170048
LADGATE	11251	10000	0.333	0
PHASES	powerflow0300p	0.3329	1.portfolio=0.1548/0.9924	1b.indep=0.0327/0.9924	2.descent=0.0000/0.9924	3.search=0.0000/0.9924	4.subtree=0.0010/0.9924	4b.indep-accept=0.0000/0.9924	5.terminal=0.0014/0.9924	6.extra=0.0000/0.9924	7.telos=0.0000/0.9924	8.cleanup=0.0000/0.9924	9.reduce=0.0305/0.9924	10.completion=0.0094/0.9917	11.corecand=0.0000/0.9917	12.peo=0.0023/0.9917	13p.prep=0.0183/0.0000	13p.seeds=8.0000/0.0000	13p.rounds=35.0000/0.0000	13p.ledger=3473544.0000/0.0000	13p.recon=0.0122/0.0001	13p.mcs=0.0160/0.0000	13.alt=0.0794/0.9917	14.transplant=0.0119/0.9813	15.minl=0.0183/0.9813	15.peel=0.0000/0.9813	16.late=0.0000/0.9813	17.final=0.0010/0.9813	18.simp=0.0000/0.9813	19.five=0.0000/0.9813	20.lt1k=0.0000/0.9813	21.comp=0.0000/0.9813	22.win=0.0000/0.9813	final=0.9813
LIFT	powerflow0300p	11251	6342	34748	6342
COUNTS	powerflow0300p	11251	41918	304705	298993
LADGATE	33155	10000	0.364	0
PHASES	nd_netgen-3000-1-1-b-b-ns_7	0.3648	1.portfolio=0.2089/0.9676	1b.indep=0.0283/0.9676	2.descent=0.0000/0.9676	3.search=0.0000/0.9676	4.subtree=0.0019/0.9676	4b.indep-accept=0.0000/0.9676	5.terminal=0.0027/0.9676	6.extra=0.0000/0.9676	7.telos=0.0000/0.9676	8.cleanup=0.0000/0.9676	9.reduce=0.0211/0.9676	10.completion=0.0000/0.9676	11.corecand=0.0000/0.9676	12.peo=0.0053/0.9676	13p.prep=0.0147/0.0000	13p.seeds=8.0000/0.0000	13p.rounds=13.0000/0.0000	13p.ledger=2932628.0000/0.0000	13p.recon=0.0115/0.0000	13p.mcs=0.0174/0.0000	13.alt=0.0687/0.9676	14.transplant=0.0119/0.9607	15.minl=0.0219/0.9607	15.peel=0.0000/0.9607	16.late=0.0000/0.9607	17.final=0.0018/0.9607	18.simp=0.0000/0.9607	19.five=0.0000/0.9607	20.lt1k=0.0000/0.9607	21.comp=0.0000/0.9607	22.win=0.0000/0.9607	final=0.9607
LIFT	nd_netgen-3000-1-1-b-b-ns_7	33155	15155	54000	15155
COUNTS	nd_netgen-3000-1-1-b-b-ns_7	33155	90000	922197	885921
LADGATE	803	10000	0.242	1
PHASES	sonet23v4	0.2950	1.portfolio=0.1414/0.6786	1b.indep=0.0046/0.6786	2.descent=0.0000/0.6786	3.search=0.0000/0.6786	4.subtree=0.0002/0.6786	4b.indep-accept=0.0000/0.6786	5.terminal=0.0001/0.6786	6.extra=0.0001/0.6786	7.telos=0.0000/0.6786	8.cleanup=0.0000/0.6786	9.reduce=0.0050/0.6786	10.completion=0.0013/0.6786	11.corecand=0.0268/0.6786	12.peo=0.0003/0.6786	13p.prep=0.0011/0.0000	13p.seeds=8.0000/0.0000	13p.rounds=17.0000/0.0000	13p.ledger=230623.0000/0.0000	13p.recon=0.0007/0.0001	13p.mcs=0.0009/0.0000	13.alt=0.0046/0.6786	14.transplant=0.0020/0.6775	15.minl=0.0030/0.6775	15.peel=0.0000/0.6775	16.late=0.0000/0.6775	17.final=0.0003/0.6775	18.simp=0.0000/0.6775	19.five=0.0000/0.6775	20.lt1k=0.0520/0.6772	21.comp=0.0016/0.6772	22.win=0.0000/0.6772	final=0.6768
LIFT	sonet23v4	803	547	5952	547
COUNTS	sonet23v4	803	6462	139703	94555
LADGATE	1649	10000	0.248	1
PHASES	pooling_sppa0pq	0.2478	1.portfolio=0.1362/0.4042	1b.indep=0.0121/0.4042	2.descent=0.0000/0.4042	3.search=0.0000/0.4042	4.subtree=0.0004/0.4042	4b.indep-accept=0.0000/0.4042	5.terminal=0.0004/0.4042	6.extra=0.0002/0.4042	7.telos=0.0000/0.4042	8.cleanup=0.0000/0.4042	9.reduce=0.0434/0.4042	10.completion=0.0106/0.4023	11.corecand=0.0000/0.4023	12.peo=0.0009/0.4023	13p.prep=0.0043/0.0000	13p.seeds=8.0000/0.0000	13p.rounds=28.0000/0.0000	13p.ledger=1747866.0000/0.0000	13p.recon=0.0045/0.0000	13p.mcs=0.0077/0.0000	13.alt=0.0234/0.4023	14.transplant=0.0045/0.3950	15.minl=0.0189/0.3937	15.peel=0.0000/0.3937	16.late=0.0000/0.3937	17.final=0.0004/0.3937	18.simp=0.0000/0.3937	19.five=0.0000/0.3937	20.lt1k=0.0000/0.3937	21.comp=0.0000/0.3937	22.win=0.0000/0.3937	final=0.3937
LIFT	pooling_sppa0pq	1649	1648	24190	1648
COUNTS	pooling_sppa0pq	1649	24192	3745896	1474716
LADGATE	645	10000	0.380	1
PHASES	multiplants_mtg1b	0.4191	1.portfolio=0.2793/0.7745	1b.indep=0.0051/0.7745	2.descent=0.0000/0.7745	3.search=0.0000/0.7745	4.subtree=0.0002/0.7745	4b.indep-accept=0.0000/0.7745	5.terminal=0.0001/0.7745	6.extra=0.0001/0.7745	7.telos=0.0000/0.7745	8.cleanup=0.0000/0.7745	9.reduce=0.0139/0.7745	10.completion=0.0032/0.7307	11.corecand=0.0197/0.7307	12.peo=0.0003/0.7307	13p.prep=0.0023/0.0000	13p.seeds=8.0000/0.0000	13p.rounds=43.0000/0.0000	13p.ledger=536578.0000/0.0000	13p.recon=0.0020/0.0002	13p.mcs=0.0032/0.0000	13.alt=0.0112/0.7307	14.transplant=0.0015/0.7213	15.minl=0.0042/0.7043	15.peel=0.0000/0.7043	16.late=0.0000/0.7043	17.final=0.0002/0.7043	18.simp=0.0000/0.7043	19.five=0.0000/0.7043	20.lt1k=0.0397/0.7036	21.comp=0.0024/0.7036	22.win=0.0000/0.7036	final=0.7035
LIFT	multiplants_mtg1b	645	406	4016	406
COUNTS	multiplants_mtg1b	645	4404	229415	161402
LADGATE	338	10000	0.047	1
PHASES	sssd18-08persp	0.0601	1.portfolio=0.0261/1.0000	1b.indep=0.0006/1.0000	2.descent=0.0000/1.0000	3.search=0.0000/1.0000	4.subtree=0.0001/1.0000	4b.indep-accept=0.0000/1.0000	5.terminal=0.0001/1.0000	6.extra=0.0000/1.0000	7.telos=0.0000/1.0000	8.cleanup=0.0000/1.0000	9.reduce=0.0006/1.0000	10.completion=0.0001/1.0000	11.corecand=0.0062/1.0000	12.peo=0.0001/1.0000	13p.prep=0.0001/0.0000	13p.seeds=8.0000/0.0000	13p.rounds=9.0000/0.0000	13p.ledger=23850.0000/0.0000	13p.recon=0.0001/0.0019	13p.mcs=0.0001/0.0000	13.alt=0.0005/1.0000	14.transplant=0.0000/1.0000	15.minl=0.0001/1.0000	15.peel=0.0000/1.0000	16.late=0.0000/1.0000	17.final=0.0001/1.0000	18.simp=0.0000/1.0000	19.five=0.0000/1.0000	20.lt1k=0.0125/1.0000	21.comp=0.0001/1.0000	22.win=0.0000/1.0000	final=1.0000
LIFT	sssd18-08persp	338	138	768	138
COUNTS	sssd18-08persp	338	1168	4654	4654
LADGATE	19	10000	0.003	1
PHASES	ex9_1_2	0.0031	1.portfolio=0.0016/0.9521	1b.indep=0.0000/0.9521	2.descent=0.0000/0.9521	3.search=0.0000/0.9521	4.subtree=0.0000/0.9521	4b.indep-accept=0.0000/0.9521	5.terminal=0.0000/0.9521	6.extra=0.0000/0.9521	7.telos=0.0000/0.9521	8.cleanup=0.0000/0.9521	9.reduce=0.0000/0.9521	10.completion=0.0000/0.9521	11.corecand=0.0003/0.9521	12.peo=0.0000/0.9521	13p.prep=0.0000/0.0000	13p.seeds=8.0000/0.0000	13p.rounds=13.0000/0.0000	13p.ledger=1718.0000/0.0000	13p.recon=0.0000/0.0691	13p.mcs=0.0000/0.0000	13.alt=0.0001/0.9521	14.transplant=0.0000/0.9521	15.minl=0.0000/0.9521	15.peel=0.0000/0.9521	16.late=0.0000/0.9521	17.final=0.0000/0.9521	18.simp=0.0000/0.9521	19.five=0.0000/0.9521	20.lt1k=0.0005/0.9521	21.comp=0.0000/0.9521	22.win=0.0000/0.9521	final=0.9521
COUNTS	ex9_1_2	19	54	188	179
LADGATE	3670	10000	0.472	1
PHASES	crudeoil_lee1_07	0.4719	1.portfolio=0.3089/0.8529	1b.indep=0.0306/0.8529	2.descent=0.0000/0.8529	3.search=0.0000/0.8529	4.subtree=0.0006/0.8529	4b.indep-accept=0.0000/0.8529	5.terminal=0.0007/0.8529	6.extra=0.0004/0.8529	7.telos=0.0000/0.8529	8.cleanup=0.0000/0.8529	9.reduce=0.0587/0.8529	10.completion=0.0125/0.8304	11.corecand=0.0000/0.8304	12.peo=0.0114/0.8304	13p.prep=0.0000/0.0000	13p.seeds=0.0000/0.0000	13p.rounds=0.0000/0.0000	13p.ledger=0.0000/0.0000	13p.recon=0.0000/0.0000	13p.mcs=0.0000/0.0000	13.alt=0.0000/0.8304	14.transplant=0.0106/0.8111	15.minl=0.0460/0.8091	15.peel=0.0000/0.8091	16.late=0.0000/0.8091	17.final=0.0005/0.8091	18.simp=0.0000/0.8091	19.five=0.0000/0.8091	20.lt1k=0.0000/0.8091	21.comp=0.0000/0.8091	22.win=0.0000/0.8091	final=0.8091
LIFT	crudeoil_lee1_07	3670	1957	17600	1957
COUNTS	crudeoil_lee1_07	3670	19322	4746188	3840065
LADGATE	31	10000	0.004	1
PHASES	pooling_haverly1tp	0.0050	1.portfolio=0.0025/0.9527	1b.indep=0.0000/0.9527	2.descent=0.0000/0.9527	3.search=0.0000/0.9527	4.subtree=0.0001/0.9527	4b.indep-accept=0.0000/0.9527	5.terminal=0.0000/0.9527	6.extra=0.0000/0.9527	7.telos=0.0000/0.9527	8.cleanup=0.0000/0.9527	9.reduce=0.0000/0.9527	10.completion=0.0000/0.9527	11.corecand=0.0004/0.9527	12.peo=0.0000/0.9527	13p.prep=0.0000/0.0000	13p.seeds=8.0000/0.0000	13p.rounds=9.0000/0.0000	13p.ledger=2105.0000/0.0000	13p.recon=0.0000/0.0213	13p.mcs=0.0000/0.0000	13.alt=0.0001/0.9527	14.transplant=0.0000/0.9527	15.minl=0.0000/0.9527	15.peel=0.0000/0.9527	16.late=0.0000/0.9527	17.final=0.0000/0.9527	18.simp=0.0000/0.9527	19.five=0.0000/0.9527	20.lt1k=0.0009/0.9527	21.comp=0.0000/0.9527	22.win=0.0000/0.9527	final=0.9527
COUNTS	pooling_haverly1tp	31	96	423	403
LADGATE	230	10000	0.046	1
PHASES	waterund08	0.0542	1.portfolio=0.0306/0.8534	1b.indep=0.0008/0.8534	2.descent=0.0000/0.8534	3.search=0.0000/0.8534	4.subtree=0.0001/0.8534	4b.indep-accept=0.0000/0.8534	5.terminal=0.0000/0.8534	6.extra=0.0000/0.8534	7.telos=0.0000/0.8534	8.cleanup=0.0000/0.8534	9.reduce=0.0014/0.8534	10.completion=0.0003/0.8534	11.corecand=0.0037/0.8534	12.peo=0.0001/0.8534	13p.prep=0.0002/0.0000	13p.seeds=8.0000/0.0000	13p.rounds=14.0000/0.0000	13p.ledger=46168.0000/0.0000	13p.recon=0.0002/0.0004	13p.mcs=0.0002/0.0000	13.alt=0.0009/0.8534	14.transplant=0.0002/0.8534	15.minl=0.0004/0.8534	15.peel=0.0000/0.8534	16.late=0.0000/0.8534	17.final=0.0001/0.8534	18.simp=0.0000/0.8534	19.five=0.0000/0.8534	20.lt1k=0.0073/0.8534	21.comp=0.0003/0.8534	22.win=0.0000/0.8534	final=0.8534
LIFT	waterund08	230	120	1760	120
COUNTS	waterund08	230	1290	35284	30110
LADGATE	76	10000	0.009	1
PHASES	kall_diffcircles_6	0.0110	1.portfolio=0.0053/1.0000	1b.indep=0.0003/1.0000	2.descent=0.0000/1.0000	3.search=0.0000/1.0000	4.subtree=0.0000/1.0000	4b.indep-accept=0.0000/1.0000	5.terminal=0.0000/1.0000	6.extra=0.0000/1.0000	7.telos=0.0000/1.0000	8.cleanup=0.0000/1.0000	9.reduce=0.0003/1.0000	10.completion=0.0000/1.0000	11.corecand=0.0009/1.0000	12.peo=0.0000/1.0000	13p.prep=0.0001/0.0000	13p.seeds=6.0000/0.0000	13p.rounds=10.0000/0.0000	13p.ledger=7425.0000/0.0000	13p.recon=0.0000/0.0066	13p.mcs=0.0001/0.0000	13.alt=0.0002/1.0000	14.transplant=0.0000/1.0000	15.minl=0.0000/1.0000	15.peel=0.0000/1.0000	16.late=0.0000/1.0000	17.final=0.0000/1.0000	18.simp=0.0000/1.0000	19.five=0.0000/1.0000	20.lt1k=0.0018/1.0000	21.comp=0.0000/1.0000	22.win=0.0000/1.0000	final=1.0000
LIFT	kall_diffcircles_6	76	45	240	45
COUNTS	kall_diffcircles_6	76	302	1511	1511
LADGATE	440	10000	0.219	1
PHASES	chimera_mgw-c8-439-onc8-001	0.2414	1.portfolio=0.1610/0.8219	1b.indep=0.0029/0.8219	2.descent=0.0000/0.8219	3.search=0.0000/0.8219	4.subtree=0.0002/0.8219	4b.indep-accept=0.0000/0.8219	5.terminal=0.0001/0.8219	6.extra=0.0001/0.8219	7.telos=0.0000/0.8219	8.cleanup=0.0000/0.8219	9.reduce=0.0134/0.8219	10.completion=0.0021/0.8171	11.corecand=0.0107/0.8171	12.peo=0.0008/0.8171	13p.prep=0.0005/0.0000	13p.seeds=8.0000/0.0000	13p.rounds=12.0000/0.0000	13p.ledger=105157.0000/0.0000	13p.recon=0.0004/0.0001	13p.mcs=0.0007/0.0000	13.alt=0.0025/0.8171	14.transplant=0.0010/0.7981	15.minl=0.0019/0.7981	15.peel=0.0000/0.7981	16.late=0.0000/0.7981	17.final=0.0002/0.7981	18.simp=0.0000/0.7981	19.five=0.0000/0.7981	20.lt1k=0.0209/0.7964	21.comp=0.0020/0.7930	22.win=0.0000/0.7930	final=0.7843
LIFT	chimera_mgw-c8-439-onc8-001	440	423	3066	423
COUNTS	chimera_mgw-c8-439-onc8-001	440	3040	106479	83507
LADGATE	160	10000	0.027	1
PHASES	waterund11	0.0330	1.portfolio=0.0162/0.7998	1b.indep=0.0007/0.7998	2.descent=0.0000/0.7998	3.search=0.0000/0.7998	4.subtree=0.0001/0.7998	4b.indep-accept=0.0000/0.7878	5.terminal=0.0000/0.7878	6.extra=0.0000/0.7878	7.telos=0.0000/0.7878	8.cleanup=0.0000/0.7878	9.reduce=0.0008/0.7878	10.completion=0.0002/0.7601	11.corecand=0.0028/0.7601	12.peo=0.0001/0.7601	13p.prep=0.0001/0.0000	13p.seeds=8.0000/0.0000	13p.rounds=10.0000/0.0000	13p.ledger=20104.0000/0.0000	13p.recon=0.0001/0.0007	13p.mcs=0.0001/0.0000	13.alt=0.0005/0.7601	14.transplant=0.0001/0.7601	15.minl=0.0003/0.7601	15.peel=0.0000/0.7601	16.late=0.0000/0.7601	17.final=0.0001/0.7601	18.simp=0.0000/0.7601	19.five=0.0000/0.7601	20.lt1k=0.0055/0.7601	21.comp=0.0002/0.7601	22.win=0.0000/0.7601	final=0.7601
LIFT	waterund11	160	91	642	91
COUNTS	waterund11	160	828	14818	11263
LADGATE	16364	10000	0.452	0
PHASES	chp_shorttermplan2d	0.4521	1.portfolio=0.2072/0.5641	1b.indep=0.0426/0.5641	2.descent=0.0000/0.5641	3.search=0.0000/0.5641	4.subtree=0.0013/0.5641	4b.indep-accept=0.0000/0.5641	5.terminal=0.0017/0.5641	6.extra=0.0000/0.5641	7.telos=0.0000/0.5641	8.cleanup=0.0000/0.5641	9.reduce=0.0333/0.5641	10.completion=0.0169/0.5226	11.corecand=0.0000/0.5226	12.peo=0.0155/0.5226	13p.prep=0.0204/0.0000	13p.seeds=8.0000/0.0000	13p.rounds=29.0000/0.0000	13p.ledger=3960635.0000/0.0000	13p.recon=0.0143/0.0000	13p.mcs=0.0191/0.0000	13.alt=0.0876/0.5226	14.transplant=0.0120/0.5167	15.minl=0.0420/0.5162	15.peel=0.0000/0.5162	16.late=0.0000/0.5162	17.final=0.0011/0.5162	18.simp=0.0000/0.5162	19.five=0.0000/0.5162	20.lt1k=0.0000/0.5162	21.comp=0.0000/0.5162	22.win=0.0000/0.5162	final=0.5162
LIFT	chp_shorttermplan2d	16364	8902	38240	8902
COUNTS	chp_shorttermplan2d	16364	52108	4089003	2110767
LADGATE	156	10000	0.035	1
PHASES	sporttournament18	0.0406	1.portfolio=0.0219/0.7823	1b.indep=0.0007/0.7823	2.descent=0.0000/0.7823	3.search=0.0000/0.7823	4.subtree=0.0001/0.7823	4b.indep-accept=0.0000/0.7823	5.terminal=0.0000/0.7823	6.extra=0.0000/0.7823	7.telos=0.0000/0.7823	8.cleanup=0.0000/0.7823	9.reduce=0.0013/0.7823	10.completion=0.0003/0.7823	11.corecand=0.0029/0.7823	12.peo=0.0001/0.7823	13p.prep=0.0001/0.0000	13p.seeds=8.0000/0.0000	13p.rounds=8.0000/0.0000	13p.ledger=19218.0000/0.0000	13p.recon=0.0001/0.0005	13p.mcs=0.0001/0.0000	13.alt=0.0005/0.7823	14.transplant=0.0003/0.7823	15.minl=0.0005/0.7794	15.peel=0.0000/0.7794	16.late=0.0000/0.7794	17.final=0.0001/0.7794	18.simp=0.0000/0.7794	19.five=0.0000/0.7794	20.lt1k=0.0058/0.7794	21.comp=0.0003/0.7794	22.win=0.0000/0.7794	final=0.7794
LIFT	sporttournament18	156	136	810	136
COUNTS	sporttournament18	156	886	17568	13693
PHASES	cvxnonsep_psig30	0.0000	final=1.0000
COUNTS	cvxnonsep_psig30	30	870	9455	9455
LADGATE	6089	10000	0.380	1
PHASES	ringpack_20_2	0.3804	1.portfolio=0.2807/0.5327	1b.indep=0.0391/0.5327	2.descent=0.0000/0.5327	3.search=0.0000/0.5327	4.subtree=0.0006/0.5327	4b.indep-accept=0.0000/0.5327	5.terminal=0.0007/0.5327	6.extra=0.0004/0.5327	7.telos=0.0000/0.5327	8.cleanup=0.0000/0.5327	9.reduce=0.0425/0.3790	10.completion=0.0052/0.3790	11.corecand=0.0000/0.3790	12.peo=0.0012/0.3790	13p.prep=0.0000/0.0000	13p.seeds=0.0000/0.0000	13p.rounds=0.0000/0.0000	13p.ledger=0.0000/0.0000	13p.recon=0.0000/0.0000	13p.mcs=0.0000/0.0000	13.alt=0.0000/0.3790	14.transplant=0.0062/0.3790	15.minl=0.0062/0.3790	15.peel=0.0000/0.3790	16.late=0.0000/0.3790	17.final=0.0006/0.3790	18.simp=0.0000/0.3790	19.five=0.0000/0.3790	20.lt1k=0.0000/0.3790	21.comp=0.0000/0.3790	22.win=0.0000/0.3790	final=0.3790
LIFT	ringpack_20_2	6089	3132	37034	3132
COUNTS	ringpack_20_2	6089	40368	1872174	709597
LADGATE	1386	10000	0.144	1
PHASES	blend718	0.1442	1.portfolio=0.1179/0.9104	1b.indep=0.0048/0.9104	2.descent=0.0000/0.9104	3.search=0.0000/0.9104	4.subtree=0.0002/0.9104	4b.indep-accept=0.0000/0.9104	5.terminal=0.0002/0.9104	6.extra=0.0001/0.9104	7.telos=0.0000/0.9104	8.cleanup=0.0000/0.9104	9.reduce=0.0144/0.8791	10.completion=0.0011/0.8791	11.corecand=0.0000/0.8791	12.peo=0.0003/0.8791	13p.prep=0.0006/0.0000	13p.seeds=8.0000/0.0000	13p.rounds=10.0000/0.0000	13p.ledger=116855.0000/0.0000	13p.recon=0.0005/0.0001	13p.mcs=0.0006/0.0000	13.alt=0.0028/0.8791	14.transplant=0.0018/0.8752	15.minl=0.0018/0.8752	15.peel=0.0000/0.8752	16.late=0.0000/0.8752	17.final=0.0002/0.8752	18.simp=0.0000/0.8752	19.five=0.0000/0.8752	20.lt1k=0.0000/0.8752	21.comp=0.0000/0.8752	22.win=0.0000/0.8752	final=0.8752
LIFT	blend718	1386	808	3138	808
COUNTS	blend718	1386	4310	70355	61572
LADGATE	115	10000	0.021	1
PHASES	wastepaper4	0.0250	1.portfolio=0.0136/0.7397	1b.indep=0.0005/0.7397	2.descent=0.0000/0.7397	3.search=0.0000/0.7397	4.subtree=0.0001/0.7397	4b.indep-accept=0.0000/0.7397	5.terminal=0.0000/0.7397	6.extra=0.0000/0.7397	7.telos=0.0000/0.7397	8.cleanup=0.0000/0.7397	9.reduce=0.0006/0.7397	10.completion=0.0001/0.7397	11.corecand=0.0018/0.7397	12.peo=0.0000/0.7397	13p.prep=0.0001/0.0000	13p.seeds=8.0000/0.0000	13p.rounds=8.0000/0.0000	13p.ledger=13235.0000/0.0000	13p.recon=0.0001/0.0008	13p.mcs=0.0001/0.0000	13.alt=0.0003/0.7397	14.transplant=0.0001/0.7397	15.minl=0.0002/0.7397	15.peel=0.0000/0.7397	16.late=0.0000/0.7397	17.final=0.0001/0.7397	18.simp=0.0000/0.7397	19.five=0.0000/0.7397	20.lt1k=0.0036/0.7397	21.comp=0.0001/0.7397	22.win=0.0000/0.7397	final=0.7397
LIFT	wastepaper4	115	50	654	50
COUNTS	wastepaper4	115	724	9711	7183
LADGATE	2450	10000	0.476	1
PHASES	squfl010-040persp	0.4759	1.portfolio=0.4648/1.0000	1b.indep=0.0031/1.0000	2.descent=0.0000/1.0000	3.search=0.0000/1.0000	4.subtree=0.0002/1.0000	4b.indep-accept=0.0000/1.0000	5.terminal=0.0002/1.0000	6.extra=0.0000/1.0000	7.telos=0.0000/1.0000	8.cleanup=0.0000/1.0000	9.reduce=0.0017/1.0000	10.completion=0.0005/1.0000	11.corecand=0.0000/1.0000	12.peo=0.0003/1.0000	13p.prep=0.0009/0.0000	13p.seeds=8.0000/0.0000	13p.rounds=13.0000/0.0000	13p.ledger=215662.0000/0.0000	13p.recon=0.0006/0.0006	13p.mcs=0.0006/0.0000	13.alt=0.0038/1.0000	14.transplant=0.0001/1.0000	15.minl=0.0006/1.0000	15.peel=0.0000/1.0000	16.late=0.0000/1.0000	17.final=0.0002/1.0000	18.simp=0.0000/1.0000	19.five=0.0000/1.0000	20.lt1k=0.0000/1.0000	21.comp=0.0000/1.0000	22.win=0.0000/1.0000	final=1.0000
LIFT	squfl010-040persp	2450	850	4000	850
COUNTS	squfl010-040persp	2450	7200	22825	22825
LADGATE	10429	10000	0.662	0
PHASES	crudeoil_lee4_06	0.6621	1.portfolio=0.3116/0.6843	1b.indep=0.0796/0.5424	2.descent=0.0000/0.5424	3.search=0.0000/0.5424	4.subtree=0.0011/0.5424	4b.indep-accept=0.0000/0.5424	5.terminal=0.0015/0.5424	6.extra=0.0000/0.5424	7.telos=0.0000/0.5424	8.cleanup=0.0000/0.5424	9.reduce=0.0600/0.5424	10.completion=0.0052/0.5424	11.corecand=0.0000/0.5424	12.peo=0.0385/0.5424	13p.prep=0.0099/0.0000	13p.seeds=8.0000/0.0000	13p.rounds=13.0000/0.0000	13p.ledger=3816181.0000/0.0000	13p.recon=0.0138/0.0000	13p.mcs=0.0242/0.0000	13.alt=0.0625/0.5424	14.transplant=0.0118/0.5082	15.minl=0.0967/0.5064	15.peel=0.0000/0.5064	16.late=0.0000/0.5064	17.final=0.0011/0.5064	18.simp=0.0000/0.5064	19.five=0.0000/0.5064	20.lt1k=0.0000/0.5064	21.comp=0.0000/0.5064	22.win=0.0000/0.5064	final=0.5064
LIFT	crudeoil_lee4_06	10429	6797	109128	6797
COUNTS	crudeoil_lee4_06	10429	55492	65337120	33083473
LADGATE	1746	10000	0.238	1
PHASES	netmod_kar1	0.2377	1.portfolio=0.2052/0.8353	1b.indep=0.0049/0.8353	2.descent=0.0000/0.8353	3.search=0.0000/0.8353	4.subtree=0.0002/0.8353	4b.indep-accept=0.0000/0.8353	5.terminal=0.0002/0.8353	6.extra=0.0001/0.8353	7.telos=0.0000/0.8353	8.cleanup=0.0000/0.8353	9.reduce=0.0158/0.8353	10.completion=0.0014/0.8343	11.corecand=0.0000/0.8343	12.peo=0.0003/0.8343	13p.prep=0.0011/0.0000	13p.seeds=8.0000/0.0000	13p.rounds=17.0000/0.0000	13p.ledger=227612.0000/0.0000	13p.recon=0.0008/0.0003	13p.mcs=0.0009/0.0000	13.alt=0.0048/0.8343	14.transplant=0.0024/0.8164	15.minl=0.0042/0.8144	15.peel=0.0000/0.8144	16.late=0.0000/0.8144	17.final=0.0002/0.8144	18.simp=0.0000/0.8144	19.five=0.0000/0.8144	20.lt1k=0.0000/0.8144	21.comp=0.0000/0.8144	22.win=0.0000/0.8144	final=0.8144
LIFT	netmod_kar1	1746	798	3664	798
COUNTS	netmod_kar1	1746	4928	56838	46290
LADGATE	14	10000	0.002	1
PHASES	ex8_1_7	0.0022	1.portfolio=0.0014/0.9343	1b.indep=0.0000/0.9343	2.descent=0.0000/0.9343	3.search=0.0000/0.9343	4.subtree=0.0000/0.9343	4b.indep-accept=0.0000/0.9343	5.terminal=0.0000/0.9343	6.extra=0.0000/0.9343	7.telos=0.0000/0.9343	8.cleanup=0.0000/0.9343	9.reduce=0.0000/0.9343	10.completion=0.0000/0.9343	11.corecand=0.0002/0.9343	12.peo=0.0000/0.9343	13p.prep=0.0000/0.0000	13p.seeds=0.0000/0.0000	13p.rounds=0.0000/0.0000	13p.ledger=0.0000/0.0000	13p.recon=0.0000/0.0000	13p.mcs=0.0000/0.0000	13.alt=0.0000/0.9343	14.transplant=0.0000/0.9343	15.minl=0.0000/0.9343	15.peel=0.0000/0.9343	16.late=0.0000/0.9343	17.final=0.0000/0.9343	18.simp=0.0000/0.9343	19.five=0.0000/0.9343	20.lt1k=0.0003/0.9343	21.comp=0.0000/0.9343	22.win=0.0000/0.9343	final=0.9343
COUNTS	ex8_1_7	14	46	137	128
LADGATE	108	10000	0.025	1
PHASES	graphpart_3g-0333-0333	0.0275	1.portfolio=0.0172/0.8064	1b.indep=0.0005/0.8064	2.descent=0.0000/0.8064	3.search=0.0000/0.8064	4.subtree=0.0001/0.8064	4b.indep-accept=0.0000/0.8064	5.terminal=0.0000/0.8064	6.extra=0.0000/0.8064	7.telos=0.0000/0.8064	8.cleanup=0.0000/0.8064	9.reduce=0.0005/0.8064	10.completion=0.0005/0.8064	11.corecand=0.0014/0.8064	12.peo=0.0001/0.8064	13p.prep=0.0001/0.0000	13p.seeds=8.0000/0.0000	13p.rounds=8.0000/0.0000	13p.ledger=19044.0000/0.0000	13p.recon=0.0001/0.0002	13p.mcs=0.0002/0.0000	13.alt=0.0005/0.8064	14.transplant=0.0002/0.8064	15.minl=0.0004/0.8064	15.peel=0.0000/0.8064	16.late=0.0000/0.8064	17.final=0.0001/0.8064	18.simp=0.0000/0.8064	19.five=0.0000/0.8064	20.lt1k=0.0028/0.8064	21.comp=0.0005/0.8064	22.win=0.0000/0.8064	final=0.8064
LIFT	graphpart_3g-0333-0333	108	81	648	81
COUNTS	graphpart_3g-0333-0333	108	648	44928	36228
LADGATE	760	10000	0.106	1
PHASES	slay05h	0.1364	1.portfolio=0.0566/0.8961	1b.indep=0.0009/0.8961	2.descent=0.0000/0.8961	3.search=0.0000/0.8961	4.subtree=0.0001/0.8961	4b.indep-accept=0.0000/0.8961	5.terminal=0.0001/0.8961	6.extra=0.0001/0.8961	7.telos=0.0000/0.8961	8.cleanup=0.0000/0.8961	9.reduce=0.0015/0.8961	10.completion=0.0002/0.8961	11.corecand=0.0146/0.8961	12.peo=0.0001/0.8961	13p.prep=0.0004/0.0000	13p.seeds=8.0000/0.0000	13p.rounds=14.0000/0.0000	13p.ledger=73997.0000/0.0000	13p.recon=0.0002/0.0014	13p.mcs=0.0003/0.0000	13.alt=0.0015/0.8961	14.transplant=0.0008/0.8961	15.minl=0.0010/0.8961	15.peel=0.0000/0.8961	16.late=0.0000/0.8961	17.final=0.0001/0.8961	18.simp=0.0000/0.8961	19.five=0.0000/0.8961	20.lt1k=0.0289/0.8961	21.comp=0.0002/0.8961	22.win=0.0000/0.8961	final=0.8961
LIFT	slay05h	760	340	1400	340
COUNTS	slay05h	760	2080	9815	8795
LADGATE	156	10000	0.036	1
PHASES	korcns	0.0356	1.portfolio=0.0177/0.9439	1b.indep=0.0009/0.9439	2.descent=0.0000/0.9439	3.search=0.0000/0.9439	4.subtree=0.0001/0.9439	4b.indep-accept=0.0000/0.9439	5.terminal=0.0000/0.9439	6.extra=0.0000/0.9439	7.telos=0.0000/0.9439	8.cleanup=0.0000/0.9439	9.reduce=0.0014/0.9437	10.completion=0.0002/0.9437	11.corecand=0.0030/0.9437	12.peo=0.0001/0.9437	13p.prep=0.0001/0.0000	13p.seeds=8.0000/0.0000	13p.rounds=8.0000/0.0000	13p.ledger=14137.0000/0.0000	13p.recon=0.0001/0.0011	13p.mcs=0.0001/0.0000	13.alt=0.0005/0.9437	14.transplant=0.0003/0.9399	15.minl=0.0003/0.9399	15.peel=0.0000/0.9399	16.late=0.0000/0.9399	17.final=0.0001/0.9399	18.simp=0.0000/0.9399	19.five=0.0000/0.9399	20.lt1k=0.0112/0.9352	21.comp=0.0002/0.9352	22.win=0.0000/0.9352	final=0.9352
LIFT	korcns	156	92	598	92
COUNTS	korcns	156	712	7241	6772
LADGATE	5065	10000	0.286	1
PHASES	powerflow0118p	0.2862	1.portfolio=0.2047/0.9919	1b.indep=0.0152/0.9919	2.descent=0.0000/0.9919	3.search=0.0000/0.9919	4.subtree=0.0006/0.9919	4b.indep-accept=0.0000/0.9919	5.terminal=0.0007/0.9919	6.extra=0.0004/0.9919	7.telos=0.0000/0.9919	8.cleanup=0.0000/0.9919	9.reduce=0.0487/0.9759	10.completion=0.0037/0.9750	11.corecand=0.0000/0.9750	12.peo=0.0010/0.9750	13p.prep=0.0000/0.0000	13p.seeds=0.0000/0.0000	13p.rounds=0.0000/0.0000	13p.ledger=0.0000/0.0000	13p.recon=0.0000/0.0000	13p.mcs=0.0000/0.0000	13.alt=0.0000/0.9750	14.transplant=0.0099/0.9745	15.minl=0.0099/0.9745	15.peel=0.0000/0.9745	16.late=0.0000/0.9745	17.final=0.0005/0.9745	18.simp=0.0000/0.9745	19.five=0.0000/0.9745	20.lt1k=0.0000/0.9745	21.comp=0.0000/0.9745	22.win=0.0000/0.9745	final=0.9745
LIFT	powerflow0118p	5065	2810	15480	2810
COUNTS	powerflow0118p	5065	18730	121503	118409
LADGATE	4799	10000	0.598	1
PHASES	sfacloc2_3_80	0.5977	1.portfolio=0.4666/0.9606	1b.indep=0.0826/0.9606	2.descent=0.0000/0.9606	3.search=0.0000/0.9606	4.subtree=0.0005/0.9606	4b.indep-accept=0.0000/0.9606	5.terminal=0.0005/0.9606	6.extra=0.0003/0.9606	7.telos=0.0000/0.9606	8.cleanup=0.0000/0.9606	9.reduce=0.0315/0.9606	10.completion=0.0019/0.9582	11.corecand=0.0000/0.9582	12.peo=0.0007/0.9582	13p.prep=0.0000/0.0000	13p.seeds=0.0000/0.0000	13p.rounds=0.0000/0.0000	13p.ledger=0.0000/0.0000	13p.recon=0.0000/0.0000	13p.mcs=0.0000/0.0000	13.alt=0.0000/0.9582	14.transplant=0.0067/0.9582	15.minl=0.0082/0.9582	15.peel=0.0000/0.9582	16.late=0.0000/0.9582	17.final=0.0004/0.9582	18.simp=0.0000/0.9582	19.five=0.0000/0.9582	20.lt1k=0.0000/0.9582	21.comp=0.0000/0.9582	22.win=0.0000/0.9582	final=0.9582
LIFT	sfacloc2_3_80	4799	2402	16046	2402
COUNTS	sfacloc2_3_80	4799	20600	84672	81129
LADGATE	6028	10000	0.309	1
PHASES	rsyn0820m04m	0.3088	1.portfolio=0.2210/0.8532	1b.indep=0.0184/0.8532	2.descent=0.0000/0.8532	3.search=0.0000/0.8532	4.subtree=0.0006/0.8532	4b.indep-accept=0.0000/0.8532	5.terminal=0.0007/0.8532	6.extra=0.0004/0.8532	7.telos=0.0000/0.8532	8.cleanup=0.0000/0.8532	9.reduce=0.0489/0.8463	10.completion=0.0048/0.8459	11.corecand=0.0000/0.8459	12.peo=0.0010/0.8459	13p.prep=0.0000/0.0000	13p.seeds=0.0000/0.0000	13p.rounds=0.0000/0.0000	13p.ledger=0.0000/0.0000	13p.recon=0.0000/0.0000	13p.mcs=0.0000/0.0000	13.alt=0.0000/0.8459	14.transplant=0.0114/0.8216	15.minl=0.0114/0.8216	15.peel=0.0000/0.8216	16.late=0.0000/0.8216	17.final=0.0006/0.8216	18.simp=0.0000/0.8216	19.five=0.0000/0.8216	20.lt1k=0.0000/0.8216	21.comp=0.0000/0.8216	22.win=0.0000/0.8216	final=0.8216
LIFT	rsyn0820m04m	6028	3144	12532	3144
COUNTS	rsyn0820m04m	6028	17372	196890	161768
LADGATE	1046	10000	0.082	1
PHASES	hydroenergy1	0.0822	1.portfolio=0.0727/1.0000	1b.indep=0.0021/1.0000	2.descent=0.0000/1.0000	3.search=0.0000/1.0000	4.subtree=0.0001/1.0000	4b.indep-accept=0.0000/1.0000	5.terminal=0.0001/1.0000	6.extra=0.0000/1.0000	7.telos=0.0000/1.0000	8.cleanup=0.0000/1.0000	9.reduce=0.0046/1.0000	10.completion=0.0003/1.0000	11.corecand=0.0000/1.0000	12.peo=0.0002/1.0000	13p.prep=0.0003/0.0000	13p.seeds=8.0000/0.0000	13p.rounds=9.0000/0.0000	13p.ledger=67581.0000/0.0000	13p.recon=0.0003/0.0006	13p.mcs=0.0002/0.0000	13.alt=0.0015/1.0000	14.transplant=0.0000/1.0000	15.minl=0.0004/1.0000	15.peel=0.0000/1.0000	16.late=0.0000/1.0000	17.final=0.0002/1.0000	18.simp=0.0000/1.0000	19.five=0.0000/1.0000	20.lt1k=0.0000/1.0000	21.comp=0.0000/1.0000	22.win=0.0000/1.0000	final=1.0000
LIFT	hydroenergy1	1046	570	2164	570
COUNTS	hydroenergy1	1046	3024	14089	14089
LADGATE	181	10000	0.036	1
PHASES	maxmin	0.0404	1.portfolio=0.0264/1.0000	1b.indep=0.0007/1.0000	2.descent=0.0000/1.0000	3.search=0.0000/1.0000	4.subtree=0.0000/1.0000	4b.indep-accept=0.0000/1.0000	5.terminal=0.0000/1.0000	6.extra=0.0000/1.0000	7.telos=0.0000/1.0000	8.cleanup=0.0000/1.0000	9.reduce=0.0010/1.0000	10.completion=0.0001/1.0000	11.corecand=0.0020/1.0000	12.peo=0.0000/1.0000	13p.prep=0.0003/0.0000	13p.seeds=8.0000/0.0000	13p.rounds=23.0000/0.0000	13p.ledger=61119.0000/0.0000	13p.recon=0.0002/0.0027	13p.mcs=0.0002/0.0000	13.alt=0.0010/1.0000	14.transplant=0.0000/1.0000	15.minl=0.0001/1.0000	15.peel=0.0000/1.0000	16.late=0.0000/1.0000	17.final=0.0001/1.0000	18.simp=0.0000/1.0000	19.five=0.0000/1.0000	20.lt1k=0.0040/1.0000	21.comp=0.0001/1.0000	22.win=0.0000/1.0000	final=1.0000
LIFT	maxmin	181	103	1284	103
COUNTS	maxmin	181	1440	8405	8405
LADGATE	8	10000	0.001	1
PHASES	st_ht	0.0009	1.portfolio=0.0009/0.8627	1b.indep=0.0000/0.8627	2.descent=0.0000/0.8627	3.search=0.0000/0.8627	4.subtree=0.0000/0.8627	4b.indep-accept=0.0000/0.8627	5.terminal=0.0000/0.8627	6.extra=0.0000/0.8627	7.telos=0.0000/0.8627	8.cleanup=0.0000/0.8627	9.reduce=0.0000/0.8627	10.completion=0.0000/0.8627	11.corecand=0.0000/0.8627	12.peo=0.0000/0.8627	13p.prep=0.0000/0.0000	13p.seeds=0.0000/0.0000	13p.rounds=0.0000/0.0000	13p.ledger=0.0000/0.0000	13p.recon=0.0000/0.0000	13p.mcs=0.0000/0.0000	13.alt=0.0000/0.8627	14.transplant=0.0000/0.8627	15.minl=0.0000/0.8627	15.peel=0.0000/0.8627	16.late=0.0000/0.8627	17.final=0.0000/0.8627	18.simp=0.0000/0.8627	19.five=0.0000/0.8627	20.lt1k=0.0000/0.8627	21.comp=0.0000/0.8627	22.win=0.0000/0.8627	final=0.8627
COUNTS	st_ht	8	18	51	44
LADGATE	6418	10000	0.619	1
PHASES	crudeoil_lee2_06	0.6192	1.portfolio=0.3215/0.9301	1b.indep=0.0598/0.8082	2.descent=0.0000/0.8082	3.search=0.0000/0.8082	4.subtree=0.0009/0.8082	4b.indep-accept=0.0000/0.8082	5.terminal=0.0010/0.8082	6.extra=0.0006/0.8082	7.telos=0.0000/0.8082	8.cleanup=0.0000/0.8082	9.reduce=0.1167/0.8082	10.completion=0.0038/0.8082	11.corecand=0.0000/0.8082	12.peo=0.0239/0.8082	13p.prep=0.0000/0.0000	13p.seeds=0.0000/0.0000	13p.rounds=0.0000/0.0000	13p.ledger=0.0000/0.0000	13p.recon=0.0000/0.0000	13p.mcs=0.0000/0.0000	13.alt=0.0000/0.8082	14.transplant=0.0115/0.7798	15.minl=0.0872/0.7786	15.peel=0.0000/0.7786	16.late=0.0000/0.7786	17.final=0.0008/0.7786	18.simp=0.0000/0.7786	19.five=0.0000/0.7786	20.lt1k=0.0000/0.7786	21.comp=0.0000/0.7786	22.win=0.0000/0.7786	final=0.7786
LIFT	crudeoil_lee2_06	6418	4139	66598	4139
COUNTS	crudeoil_lee2_06	6418	34646	23299675	18140801
LADGATE	3183	10000	0.270	1
PHASES	kan_r3_h1_n4	0.2697	1.portfolio=0.2177/0.9683	1b.indep=0.0082/0.9683	2.descent=0.0000/0.9683	3.search=0.0000/0.9683	4.subtree=0.0003/0.9683	4b.indep-accept=0.0000/0.9683	5.terminal=0.0004/0.9683	6.extra=0.0002/0.9683	7.telos=0.0000/0.9683	8.cleanup=0.0000/0.9683	9.reduce=0.0335/0.9683	10.completion=0.0021/0.9509	11.corecand=0.0000/0.9509	12.peo=0.0005/0.9509	13p.prep=0.0000/0.0000	13p.seeds=0.0000/0.0000	13p.rounds=0.0000/0.0000	13p.ledger=0.0000/0.0000	13p.recon=0.0000/0.0000	13p.mcs=0.0000/0.0000	13.alt=0.0000/0.9509	14.transplant=0.0044/0.9509	15.minl=0.0057/0.9509	15.peel=0.0000/0.9509	16.late=0.0000/0.9509	17.final=0.0003/0.9509	18.simp=0.0000/0.9509	19.five=0.0000/0.9509	20.lt1k=0.0000/0.9509	21.comp=0.0000/0.9509	22.win=0.0000/0.9509	final=0.9509
LIFT	kan_r3_h1_n4	3183	2301	12330	2301
COUNTS	kan_r3_h1_n4	3183	14062	104945	99793
LADGATE	378	10000	0.140	1
PHASES	primary	0.1581	1.portfolio=0.1035/0.8689	1b.indep=0.0030/0.8689	2.descent=0.0000/0.8689	3.search=0.0000/0.8689	4.subtree=0.0001/0.8689	4b.indep-accept=0.0000/0.8689	5.terminal=0.0001/0.8689	6.extra=0.0001/0.8689	7.telos=0.0000/0.8689	8.cleanup=0.0000/0.8689	9.reduce=0.0035/0.8688	10.completion=0.0002/0.8688	11.corecand=0.0085/0.8688	12.peo=0.0002/0.8688	13p.prep=0.0007/0.0000	13p.seeds=8.0000/0.0000	13p.rounds=17.0000/0.0000	13p.ledger=160384.0000/0.0000	13p.recon=0.0004/0.0002	13p.mcs=0.0006/0.0000	13.alt=0.0028/0.8688	14.transplant=0.0008/0.8688	15.minl=0.0008/0.8688	15.peel=0.0000/0.8688	16.late=0.0000/0.8688	17.final=0.0002/0.8688	18.simp=0.0000/0.8688	19.five=0.0000/0.8688	20.lt1k=0.0169/0.8688	21.comp=0.0003/0.8688	22.win=0.0000/0.8688	final=0.8688
LIFT	primary	378	222	5294	222
COUNTS	primary	378	5610	109639	95258
LADGATE	1071	10000	0.077	1
PHASES	syn10m03hfsg	0.0775	1.portfolio=0.0680/0.9923	1b.indep=0.0018/0.9923	2.descent=0.0000/0.9923	3.search=0.0000/0.9923	4.subtree=0.0002/0.9923	4b.indep-accept=0.0000/0.9923	5.terminal=0.0002/0.9923	6.extra=0.0001/0.9923	7.telos=0.0000/0.9923	8.cleanup=0.0000/0.9923	9.reduce=0.0023/0.9923	10.completion=0.0004/0.9923	11.corecand=0.0000/0.9923	12.peo=0.0002/0.9923	13p.prep=0.0005/0.0000	13p.seeds=8.0000/0.0000	13p.rounds=10.0000/0.0000	13p.ledger=68852.0000/0.0000	13p.recon=0.0003/0.0010	13p.mcs=0.0003/0.0000	13.alt=0.0019/0.9923	14.transplant=0.0016/0.9923	15.minl=0.0019/0.9923	15.peel=0.0000/0.9923	16.late=0.0000/0.9923	17.final=0.0002/0.9923	18.simp=0.0000/0.9923	19.five=0.0000/0.9923	20.lt1k=0.0000/0.9923	21.comp=0.0000/0.9923	22.win=0.0000/0.9923	final=0.9923
LIFT	syn10m03hfsg	1071	591	1812	591
COUNTS	syn10m03hfsg	1071	2772	9890	9814
LADGATE	36	10000	0.006	1
PHASES	wastewater02m1	0.0066	1.portfolio=0.0034/0.9316	1b.indep=0.0002/0.9316	2.descent=0.0000/0.9316	3.search=0.0000/0.9316	4.subtree=0.0000/0.9316	4b.indep-accept=0.0000/0.9316	5.terminal=0.0000/0.9316	6.extra=0.0000/0.9316	7.telos=0.0000/0.9316	8.cleanup=0.0000/0.9316	9.reduce=0.0000/0.9316	10.completion=0.0000/0.9316	11.corecand=0.0005/0.9316	12.peo=0.0000/0.9316	13p.prep=0.0000/0.0000	13p.seeds=8.0000/0.0000	13p.rounds=8.0000/0.0000	13p.ledger=2663.0000/0.0000	13p.recon=0.0000/0.0094	13p.mcs=0.0000/0.0000	13.alt=0.0001/0.9316	14.transplant=0.0000/0.9316	15.minl=0.0000/0.9316	15.peel=0.0000/0.9316	16.late=0.0000/0.9316	17.final=0.0000/0.9316	18.simp=0.0000/0.9316	19.five=0.0000/0.9316	20.lt1k=0.0010/0.9316	21.comp=0.0000/0.9316	22.win=0.0000/0.9316	final=0.9316
LIFT	wastewater02m1	36	24	118	24
COUNTS	wastewater02m1	36	138	848	790
LADGATE	4620	10000	0.260	1
PHASES	supplychainr1_022020	0.2603	1.portfolio=0.1800/0.9999	1b.indep=0.0118/0.9999	2.descent=0.0000/0.9999	3.search=0.0000/0.9999	4.subtree=0.0003/0.9999	4b.indep-accept=0.0000/0.9999	5.terminal=0.0004/0.9999	6.extra=0.0002/0.9999	7.telos=0.0000/0.9999	8.cleanup=0.0000/0.9999	9.reduce=0.0546/0.9999	10.completion=0.0036/0.9999	11.corecand=0.0000/0.9999	12.peo=0.0006/0.9999	13p.prep=0.0000/0.0000	13p.seeds=0.0000/0.0000	13p.rounds=0.0000/0.0000	13p.ledger=0.0000/0.0000	13p.recon=0.0000/0.0000	13p.mcs=0.0000/0.0000	13.alt=0.0000/0.9999	14.transplant=0.0060/0.9999	15.minl=0.0078/0.9999	15.peel=0.0000/0.9999	16.late=0.0000/0.9999	17.final=0.0003/0.9999	18.simp=0.0000/0.9999	19.five=0.0000/0.9999	20.lt1k=0.0000/0.9999	21.comp=0.0000/0.9999	22.win=0.0000/0.9999	final=0.9999
LIFT	supplychainr1_022020	4620	2680	11920	2680
COUNTS	supplychainr1_022020	4620	15680	273140	273100
LADGATE	3800	10000	0.151	1
PHASES	squfl025-025persp	0.1515	1.portfolio=0.1406/1.0000	1b.indep=0.0039/1.0000	2.descent=0.0000/1.0000	3.search=0.0000/1.0000	4.subtree=0.0001/1.0000	4b.indep-accept=0.0000/1.0000	5.terminal=0.0003/1.0000	6.extra=0.0000/1.0000	7.telos=0.0000/1.0000	8.cleanup=0.0000/1.0000	9.reduce=0.0028/1.0000	10.completion=0.0014/1.0000	11.corecand=0.0000/1.0000	12.peo=0.0005/1.0000	13p.prep=0.0000/0.0000	13p.seeds=0.0000/0.0000	13p.rounds=0.0000/0.0000	13p.ledger=0.0000/0.0000	13p.recon=0.0000/0.0000	13p.mcs=0.0000/0.0000	13.alt=0.0000/1.0000	14.transplant=0.0001/1.0000	15.minl=0.0010/1.0000	15.peel=0.0000/1.0000	16.late=0.0000/1.0000	17.final=0.0003/1.0000	18.simp=0.0000/1.0000	19.five=0.0000/1.0000	20.lt1k=0.0000/1.0000	21.comp=0.0000/1.0000	22.win=0.0000/1.0000	final=1.0000
LIFT	squfl025-025persp	3800	1300	6250	1300
COUNTS	squfl025-025persp	3800	11250	49925	49925
LADGATE	17999	10000	0.816	0
PHASES	ringpack_30_2	0.8165	1.portfolio=0.5289/0.2325	1b.indep=0.0941/0.2325	2.descent=0.0000/0.2325	3.search=0.0000/0.2325	4.subtree=0.0016/0.2325	4b.indep-accept=0.0000/0.2325	5.terminal=0.0022/0.2325	6.extra=0.0000/0.2325	7.telos=0.0000/0.2325	8.cleanup=0.0000/0.2325	9.reduce=0.0718/0.2325	10.completion=0.0108/0.2322	11.corecand=0.0000/0.2322	12.peo=0.0039/0.2322	13p.prep=0.0168/0.0000	13p.seeds=8.0000/0.0000	13p.rounds=17.0000/0.0000	13p.ledger=3775849.0000/0.0000	13p.recon=0.0102/0.0000	13p.mcs=0.0124/0.0000	13.alt=0.0619/0.2322	14.transplant=0.0079/0.2318	15.minl=0.0260/0.2318	15.peel=0.0000/0.2318	16.late=0.0000/0.2318	17.final=0.0015/0.2318	18.simp=0.0000/0.2318	19.five=0.0000/0.2318	20.lt1k=0.0000/0.2318	21.comp=0.0000/0.2318	22.win=0.0000/0.2318	final=0.2318
LIFT	ringpack_30_2	17999	9231	103922	9231
COUNTS	ringpack_30_2	17999	121458	12394600	2873684
PHASES	nuclear104	0.7309	1.portfolio=0.2414/1.0000	1b.indep=0.2033/1.0000	2.descent=0.0000/1.0000	3.search=0.0000/1.0000	4.subtree=0.0030/1.0000	4b.indep-accept=0.0000/1.0000	5.terminal=0.0000/1.0000	6.extra=0.0000/1.0000	7.telos=0.0000/1.0000	8.cleanup=0.0000/1.0000	9.reduce=0.1602/0.8997	10.completion=0.0000/0.8997	11.corecand=0.0000/0.8997	12.peo=0.0147/0.8997	13p.prep=0.0184/0.0000	13p.seeds=5.0000/0.0000	13p.rounds=8.0000/0.0000	13p.ledger=3510306.0000/0.0000	13p.recon=0.0119/0.0000	13p.mcs=0.0196/0.0000	13.alt=0.0655/0.8997	14.transplant=0.0093/0.7600	15.minl=0.0093/0.7600	15.peel=0.0000/0.7600	16.late=0.0000/0.7600	17.final=0.0032/0.7600	18.simp=0.0000/0.7600	19.five=0.0000/0.7600	20.lt1k=0.0000/0.7600	21.comp=0.0000/0.7600	22.win=0.0000/0.7600	final=0.7600
LIFT	nuclear104	39098	26306	232222	26306
COUNTS	nuclear104	39098	257806	103156931	78397379
LADGATE	4952	10000	0.335	1
PHASES	chp_shorttermplan1a	0.3355	1.portfolio=0.2270/0.8306	1b.indep=0.0137/0.8306	2.descent=0.0000/0.8306	3.search=0.0000/0.8306	4.subtree=0.0005/0.8306	4b.indep-accept=0.0000/0.8306	5.terminal=0.0006/0.8306	6.extra=0.0003/0.8306	7.telos=0.0000/0.8306	8.cleanup=0.0000/0.8306	9.reduce=0.0662/0.8306	10.completion=0.0079/0.8225	11.corecand=0.0000/0.8225	12.peo=0.0009/0.8225	13p.prep=0.0000/0.0000	13p.seeds=0.0000/0.0000	13p.rounds=0.0000/0.0000	13p.ledger=0.0000/0.0000	13p.recon=0.0000/0.0000	13p.mcs=0.0000/0.0000	13.alt=0.0000/0.8225	14.transplant=0.0094/0.8186	15.minl=0.0170/0.8180	15.peel=0.0000/0.8180	16.late=0.0000/0.8180	17.final=0.0005/0.8180	18.simp=0.0000/0.8180	19.five=0.0000/0.8180	20.lt1k=0.0000/0.8180	21.comp=0.0000/0.8180	22.win=0.0000/0.8180	final=0.8180
LIFT	chp_shorttermplan1a	4952	2592	11264	2592
COUNTS	chp_shorttermplan1a	4952	15700	376486	307981
LADGATE	555	10000	0.217	1
PHASES	rocket50	0.2405	1.portfolio=0.1696/0.9977	1b.indep=0.0014/0.9977	2.descent=0.0000/0.9977	3.search=0.0000/0.9977	4.subtree=0.0001/0.9977	4b.indep-accept=0.0000/0.9977	5.terminal=0.0002/0.9977	6.extra=0.0001/0.9977	7.telos=0.0000/0.9977	8.cleanup=0.0000/0.9977	9.reduce=0.0074/0.9977	10.completion=0.0004/0.9977	11.corecand=0.0115/0.9977	12.peo=0.0001/0.9977	13p.prep=0.0003/0.0000	13p.seeds=8.0000/0.0000	13p.rounds=11.0000/0.0000	13p.ledger=80403.0000/0.0000	13p.recon=0.0002/0.0006	13p.mcs=0.0003/0.0000	13.alt=0.0013/0.9977	14.transplant=0.0008/0.9977	15.minl=0.0011/0.9963	15.peel=0.0000/0.9963	16.late=0.0000/0.9963	17.final=0.0002/0.9963	18.simp=0.0000/0.9963	19.five=0.0000/0.9963	20.lt1k=0.0230/0.9963	21.comp=0.0004/0.9963	22.win=0.0000/0.9963	final=0.9963
LIFT	rocket50	555	450	3272	450
COUNTS	rocket50	555	3488	19983	19910
LADGATE	8508	10000	0.385	1
PHASES	rsyn0840m04m	0.3852	1.portfolio=0.2072/0.8720	1b.indep=0.0243/0.8720	2.descent=0.0000/0.8720	3.search=0.0000/0.8720	4.subtree=0.0009/0.8720	4b.indep-accept=0.0000/0.8720	5.terminal=0.0010/0.8720	6.extra=0.0006/0.8720	7.telos=0.0000/0.8720	8.cleanup=0.0000/0.8720	9.reduce=0.0439/0.8647	10.completion=0.0060/0.8643	11.corecand=0.0000/0.8643	12.peo=0.0014/0.8643	13p.prep=0.0199/0.0000	13p.seeds=8.0000/0.0000	13p.rounds=55.0000/0.0000	13p.ledger=3468899.0000/0.0000	13p.recon=0.0137/0.0002	13p.mcs=0.0156/0.0000	13.alt=0.0849/0.8643	14.transplant=0.0129/0.8450	15.minl=0.0129/0.8450	15.peel=0.0000/0.8450	16.late=0.0000/0.8450	17.final=0.0008/0.8450	18.simp=0.0000/0.8450	19.five=0.0000/0.8450	20.lt1k=0.0000/0.8450	21.comp=0.0000/0.8450	22.win=0.0000/0.8450	final=0.8450
LIFT	rsyn0840m04m	8508	4368	17360	4368
COUNTS	rsyn0840m04m	8508	24272	229914	194288
LADGATE	11716	10000	0.381	0
PHASES	mpbp_21	0.3811	1.portfolio=0.1838/0.8789	1b.indep=0.0389/0.8789	2.descent=0.0000/0.8789	3.search=0.0000/0.8789	4.subtree=0.0010/0.8789	4b.indep-accept=0.0000/0.8789	5.terminal=0.0012/0.8789	6.extra=0.0000/0.8789	7.telos=0.0000/0.8789	8.cleanup=0.0000/0.8789	9.reduce=0.0232/0.8789	10.completion=0.0147/0.8705	11.corecand=0.0000/0.8705	12.peo=0.0123/0.8705	13p.prep=0.0150/0.0000	13p.seeds=8.0000/0.0000	13p.rounds=37.0000/0.0000	13p.ledger=3932571.0000/0.0000	13p.recon=0.0135/0.0000	13p.mcs=0.0213/0.0000	13.alt=0.0739/0.8705	14.transplant=0.0106/0.8635	15.minl=0.0295/0.8634	15.peel=0.0000/0.8634	16.late=0.0000/0.8634	17.final=0.0007/0.8634	18.simp=0.0000/0.8634	19.five=0.0000/0.8634	20.lt1k=0.0000/0.8634	21.comp=0.0000/0.8634	22.win=0.0000/0.8634	final=0.8634
LIFT	mpbp_21	11716	6945	28072	6945
COUNTS	mpbp_21	11716	37660	1691114	1460093
LADGATE	172	10000	0.033	1
PHASES	orth_d4m6_pl	0.0383	1.portfolio=0.0226/0.9785	1b.indep=0.0009/0.9785	2.descent=0.0000/0.9785	3.search=0.0000/0.9785	4.subtree=0.0001/0.9785	4b.indep-accept=0.0000/0.9785	5.terminal=0.0000/0.9785	6.extra=0.0000/0.9785	7.telos=0.0000/0.9785	8.cleanup=0.0000/0.9785	9.reduce=0.0010/0.9785	10.completion=0.0002/0.9785	11.corecand=0.0024/0.9785	12.peo=0.0001/0.9785	13p.prep=0.0001/0.0000	13p.seeds=8.0000/0.0000	13p.rounds=12.0000/0.0000	13p.ledger=27488.0000/0.0000	13p.recon=0.0001/0.0011	13p.mcs=0.0002/0.0000	13.alt=0.0006/0.9785	14.transplant=0.0000/0.9785	15.minl=0.0001/0.9785	15.peel=0.0000/0.9785	16.late=0.0000/0.9785	17.final=0.0001/0.9785	18.simp=0.0000/0.9785	19.five=0.0000/0.9785	20.lt1k=0.0046/0.9785	21.comp=0.0002/0.9785	22.win=0.0000/0.9785	final=0.9785
LIFT	orth_d4m6_pl	172	92	896	92
COUNTS	orth_d4m6_pl	172	1096	10938	10703
LADGATE	1681	10000	0.356	1
PHASES	kall_circlespolygons_c1p5b	0.3563	1.portfolio=0.2833/0.9608	1b.indep=0.0062/0.9608	2.descent=0.0000/0.9608	3.search=0.0000/0.9608	4.subtree=0.0002/0.9608	4b.indep-accept=0.0000/0.9608	5.terminal=0.0002/0.9608	6.extra=0.0001/0.9608	7.telos=0.0000/0.9608	8.cleanup=0.0000/0.9608	9.reduce=0.0537/0.9608	10.completion=0.0032/0.9608	11.corecand=0.0000/0.9608	12.peo=0.0004/0.9608	13p.prep=0.0009/0.0000	13p.seeds=8.0000/0.0000	13p.rounds=12.0000/0.0000	13p.ledger=253610.0000/0.0000	13p.recon=0.0008/0.0001	13p.mcs=0.0012/0.0000	13.alt=0.0045/0.9608	14.transplant=0.0026/0.9608	15.minl=0.0038/0.9608	15.peel=0.0000/0.9608	16.late=0.0000/0.9608	17.final=0.0003/0.9608	18.simp=0.0000/0.9608	19.five=0.0000/0.9608	20.lt1k=0.0000/0.9608	21.comp=0.0000/0.9608	22.win=0.0000/0.9608	final=0.9608
LIFT	kall_circlespolygons_c1p5b	1681	1245	6560	1245
COUNTS	kall_circlespolygons_c1p5b	1681	7432	201759	193841
PHASES	acopf_case9241pegase_qcqp	0.6590	1.portfolio=0.2794/0.9737	1b.indep=0.1799/0.9737	2.descent=0.0000/0.9737	3.search=0.0000/0.9737	4.subtree=0.0000/0.9737	4b.indep-accept=0.0000/0.9737	5.terminal=0.0000/0.9737	6.extra=0.0000/0.9737	7.telos=0.0000/0.9737	8.cleanup=0.0000/0.9737	9.reduce=0.0731/0.9737	10.completion=0.0000/0.9737	11.corecand=0.0000/0.9737	12.peo=0.0000/0.9737	13p.prep=0.0000/0.0000	13p.seeds=0.0000/0.0000	13p.rounds=0.0000/0.0000	13p.ledger=0.0000/0.0000	13p.recon=0.0000/0.0000	13p.mcs=0.0000/0.0000	13.alt=0.0027/0.9737	14.transplant=0.0000/0.9737	15.minl=0.0000/0.9737	15.peel=0.0000/0.9737	16.late=0.0000/0.9737	17.final=0.0000/0.9737	18.simp=0.0000/0.9737	19.five=0.0000/0.9737	20.lt1k=0.0000/0.9737	21.comp=0.0000/0.9737	22.win=0.0000/0.9737	final=0.9737
LIFT	acopf_case9241pegase_qcqp	313068	201757	1141270	201757
COUNTS	acopf_case9241pegase_qcqp	313068	1292408	34647355	33736789
LADGATE	33	10000	0.004	1
PHASES	ex1223	0.0051	1.portfolio=0.0022/1.0000	1b.indep=0.0002/1.0000	2.descent=0.0000/1.0000	3.search=0.0000/1.0000	4.subtree=0.0001/1.0000	4b.indep-accept=0.0000/1.0000	5.terminal=0.0000/1.0000	6.extra=0.0000/1.0000	7.telos=0.0000/1.0000	8.cleanup=0.0000/1.0000	9.reduce=0.0000/1.0000	10.completion=0.0000/1.0000	11.corecand=0.0005/1.0000	12.peo=0.0000/1.0000	13p.prep=0.0000/0.0000	13p.seeds=8.0000/0.0000	13p.rounds=14.0000/0.0000	13p.ledger=2832.0000/0.0000	13p.recon=0.0000/0.0574	13p.mcs=0.0000/0.0000	13.alt=0.0001/1.0000	14.transplant=0.0000/1.0000	15.minl=0.0000/1.0000	15.peel=0.0000/1.0000	16.late=0.0000/1.0000	17.final=0.0000/1.0000	18.simp=0.0000/1.0000	19.five=0.0000/1.0000	20.lt1k=0.0009/1.0000	21.comp=0.0000/1.0000	22.win=0.0000/1.0000	final=1.0000
LIFT	ex1223	33	18	54	18
COUNTS	ex1223	33	82	244	244
LADGATE	10	10000	0.001	1
PHASES	ex6_1_4	0.0010	1.portfolio=0.0010/0.7766	1b.indep=0.0000/0.7766	2.descent=0.0000/0.7766	3.search=0.0000/0.7766	4.subtree=0.0000/0.7766	4b.indep-accept=0.0000/0.7766	5.terminal=0.0000/0.7766	6.extra=0.0000/0.7766	7.telos=0.0000/0.7766	8.cleanup=0.0000/0.7766	9.reduce=0.0000/0.7766	10.completion=0.0000/0.7766	11.corecand=0.0000/0.7766	12.peo=0.0000/0.7766	13p.prep=0.0000/0.0000	13p.seeds=0.0000/0.0000	13p.rounds=0.0000/0.0000	13p.ledger=0.0000/0.0000	13p.recon=0.0000/0.0000	13p.mcs=0.0000/0.0000	13.alt=0.0000/0.7766	14.transplant=0.0000/0.7766	15.minl=0.0000/0.7766	15.peel=0.0000/0.7766	16.late=0.0000/0.7766	17.final=0.0000/0.7766	18.simp=0.0000/0.7766	19.five=0.0000/0.7766	20.lt1k=0.0000/0.7766	21.comp=0.0000/0.7766	22.win=0.0000/0.7766	final=0.7766
COUNTS	ex6_1_4	10	48	197	153
LADGATE	403	10000	0.071	1
PHASES	powerflow0014r	0.0853	1.portfolio=0.0434/0.9628	1b.indep=0.0011/0.9628	2.descent=0.0000/0.9628	3.search=0.0000/0.9628	4.subtree=0.0001/0.9628	4b.indep-accept=0.0000/0.9628	5.terminal=0.0001/0.9628	6.extra=0.0000/0.9628	7.telos=0.0000/0.9628	8.cleanup=0.0000/0.9628	9.reduce=0.0019/0.9628	10.completion=0.0003/0.9628	11.corecand=0.0073/0.9628	12.peo=0.0001/0.9628	13p.prep=0.0002/0.0000	13p.seeds=8.0000/0.0000	13p.rounds=8.0000/0.0000	13p.ledger=30553.0000/0.0000	13p.recon=0.0001/0.0007	13p.mcs=0.0002/0.0000	13.alt=0.0007/0.9628	14.transplant=0.0004/0.9628	15.minl=0.0007/0.9628	15.peel=0.0000/0.9628	16.late=0.0000/0.9628	17.final=0.0001/0.9628	18.simp=0.0000/0.9628	19.five=0.0000/0.9628	20.lt1k=0.0144/0.9628	21.comp=0.0003/0.9628	22.win=0.0000/0.9628	final=0.9628
LIFT	powerflow0014r	403	234	1432	234
COUNTS	powerflow0014r	403	1630	10761	10361
LADGATE	2065	10000	0.215	1
PHASES	knp5-43	0.2156	1.portfolio=0.1463/1.0000	1b.indep=0.0237/1.0000	2.descent=0.0000/1.0000	3.search=0.0000/1.0000	4.subtree=0.0004/1.0000	4b.indep-accept=0.0000/1.0000	5.terminal=0.0004/1.0000	6.extra=0.0000/1.0000	7.telos=0.0000/1.0000	8.cleanup=0.0000/1.0000	9.reduce=0.0196/1.0000	10.completion=0.0059/1.0000	11.corecand=0.0000/1.0000	12.peo=0.0008/1.0000	13p.prep=0.0022/0.0000	13p.seeds=4.0000/0.0000	13p.rounds=12.0000/0.0000	13p.ledger=872008.0000/0.0000	13p.recon=0.0021/0.0000	13p.mcs=0.0029/0.0000	13.alt=0.0107/1.0000	14.transplant=0.0001/1.0000	15.minl=0.0062/1.0000	15.peel=0.0000/1.0000	16.late=0.0000/1.0000	17.final=0.0005/1.0000	18.simp=0.0000/1.0000	19.five=0.0000/1.0000	20.lt1k=0.0000/1.0000	21.comp=0.0000/1.0000	22.win=0.0000/1.0000	final=1.0000
LIFT	knp5-43	2065	1119	29756	1119
COUNTS	knp5-43	2065	31132	3517788	3517788
LADGATE	21688	10000	0.558	0
PHASES	gabriel09	0.5588	1.portfolio=0.2378/0.9446	1b.indep=0.0739/0.9446	2.descent=0.0000/0.9446	3.search=0.0000/0.9446	4.subtree=0.0015/0.9446	4b.indep-accept=0.0000/0.9353	5.terminal=0.0021/0.9353	6.extra=0.0000/0.9353	7.telos=0.0000/0.9353	8.cleanup=0.0000/0.9353	9.reduce=0.0224/0.9353	10.completion=0.0063/0.9353	11.corecand=0.0000/0.9353	12.peo=0.0447/0.9353	13p.prep=0.0146/0.0000	13p.seeds=8.0000/0.0000	13p.rounds=16.0000/0.0000	13p.ledger=3820437.0000/0.0000	13p.recon=0.0131/0.0000	13p.mcs=0.0208/0.0000	13.alt=0.0662/0.9353	14.transplant=0.0097/0.9004	15.minl=0.0975/0.8984	15.peel=0.0000/0.8984	16.late=0.0000/0.8984	17.final=0.0014/0.8984	18.simp=0.0000/0.8984	19.five=0.0000/0.8984	20.lt1k=0.0000/0.8984	21.comp=0.0000/0.8984	22.win=0.0000/0.8984	final=0.8984
LIFT	gabriel09	21688	11348	105698	11348
COUNTS	gabriel09	21688	89702	29373994	26388676
LADGATE	32	10000	0.004	1
PHASES	tln2	0.0047	1.portfolio=0.0020/1.0000	1b.indep=0.0002/1.0000	2.descent=0.0000/1.0000	3.search=0.0000/1.0000	4.subtree=0.0000/1.0000	4b.indep-accept=0.0000/1.0000	5.terminal=0.0000/1.0000	6.extra=0.0000/1.0000	7.telos=0.0000/1.0000	8.cleanup=0.0000/1.0000	9.reduce=0.0000/1.0000	10.completion=0.0000/1.0000	11.corecand=0.0005/1.0000	12.peo=0.0000/1.0000	13p.prep=0.0000/0.0000	13p.seeds=8.0000/0.0000	13p.rounds=13.0000/0.0000	13p.ledger=2688.0000/0.0000	13p.recon=0.0000/0.0558	13p.mcs=0.0000/0.0000	13.alt=0.0001/1.0000	14.transplant=0.0000/1.0000	15.minl=0.0000/1.0000	15.peel=0.0000/1.0000	16.late=0.0000/1.0000	17.final=0.0000/1.0000	18.simp=0.0000/1.0000	19.five=0.0000/1.0000	20.lt1k=0.0009/1.0000	21.comp=0.0000/1.0000	22.win=0.0000/1.0000	final=1.0000
LIFT	tln2	32	18	60	18
COUNTS	tln2	32	88	233	233
LADGATE	22	10000	0.003	1
PHASES	prob02	0.0031	1.portfolio=0.0017/0.8689	1b.indep=0.0000/0.8689	2.descent=0.0000/0.8689	3.search=0.0000/0.8689	4.subtree=0.0000/0.8689	4b.indep-accept=0.0000/0.8689	5.terminal=0.0000/0.8689	6.extra=0.0000/0.8689	7.telos=0.0000/0.8689	8.cleanup=0.0000/0.8689	9.reduce=0.0000/0.8689	10.completion=0.0000/0.8689	11.corecand=0.0003/0.8689	12.peo=0.0000/0.8689	13p.prep=0.0000/0.0000	13p.seeds=8.0000/0.0000	13p.rounds=12.0000/0.0000	13p.ledger=1997.0000/0.0000	13p.recon=0.0000/0.0449	13p.mcs=0.0000/0.0000	13.alt=0.0001/0.8689	14.transplant=0.0000/0.8689	15.minl=0.0000/0.8689	15.peel=0.0000/0.8689	16.late=0.0000/0.8689	17.final=0.0000/0.8689	18.simp=0.0000/0.8689	19.five=0.0000/0.8689	20.lt1k=0.0005/0.8689	21.comp=0.0000/0.8689	22.win=0.0000/0.8689	final=0.8689
COUNTS	prob02	22	76	267	232
LADGATE	1422	10000	0.158	1
PHASES	blend146	0.1584	1.portfolio=0.1285/0.8375	1b.indep=0.0049/0.8375	2.descent=0.0000/0.8375	3.search=0.0000/0.8375	4.subtree=0.0002/0.8375	4b.indep-accept=0.0000/0.8375	5.terminal=0.0002/0.8375	6.extra=0.0001/0.8375	7.telos=0.0000/0.8375	8.cleanup=0.0000/0.8375	9.reduce=0.0152/0.8375	10.completion=0.0012/0.8375	11.corecand=0.0000/0.8375	12.peo=0.0003/0.8375	13p.prep=0.0010/0.0000	13p.seeds=8.0000/0.0000	13p.rounds=16.0000/0.0000	13p.ledger=194279.0000/0.0000	13p.recon=0.0007/0.0002	13p.mcs=0.0010/0.0000	13.alt=0.0044/0.8375	14.transplant=0.0018/0.8325	15.minl=0.0028/0.8325	15.peel=0.0000/0.8325	16.late=0.0000/0.8325	17.final=0.0002/0.8325	18.simp=0.0000/0.8325	19.five=0.0000/0.8325	20.lt1k=0.0000/0.8325	21.comp=0.0000/0.8325	22.win=0.0000/0.8325	final=0.8325
LIFT	blend146	1422	826	3252	826
COUNTS	blend146	1422	4460	78102	65021
LADGATE	4518	10000	0.330	1
PHASES	mpbp_46	0.3305	1.portfolio=0.1932/0.9041	1b.indep=0.0123/0.9041	2.descent=0.0000/0.9041	3.search=0.0000/0.9041	4.subtree=0.0004/0.9041	4b.indep-accept=0.0000/0.9041	5.terminal=0.0005/0.9041	6.extra=0.0003/0.9041	7.telos=0.0000/0.9041	8.cleanup=0.0000/0.9041	9.reduce=0.0999/0.9041	10.completion=0.0085/0.9015	11.corecand=0.0000/0.9015	12.peo=0.0008/0.9015	13p.prep=0.0000/0.0000	13p.seeds=0.0000/0.0000	13p.rounds=0.0000/0.0000	13p.ledger=0.0000/0.0000	13p.recon=0.0000/0.0000	13p.mcs=0.0000/0.0000	13.alt=0.0000/0.9015	14.transplant=0.0082/0.9004	15.minl=0.0132/0.9004	15.peel=0.0000/0.9004	16.late=0.0000/0.9004	17.final=0.0005/0.9004	18.simp=0.0000/0.9004	19.five=0.0000/0.9004	20.lt1k=0.0000/0.9004	21.comp=0.0000/0.9004	22.win=0.0000/0.9004	final=0.9004
LIFT	mpbp_46	4518	2728	10872	2728
COUNTS	mpbp_46	4518	14492	499547	449797
LADGATE	413	10000	0.125	1
PHASES	tls6	0.1447	1.portfolio=0.0872/0.9583	1b.indep=0.0013/0.9583	2.descent=0.0000/0.9583	3.search=0.0000/0.9583	4.subtree=0.0002/0.9583	4b.indep-accept=0.0000/0.9583	5.terminal=0.0001/0.9583	6.extra=0.0000/0.9583	7.telos=0.0000/0.9583	8.cleanup=0.0000/0.9583	9.reduce=0.0044/0.9583	10.completion=0.0003/0.9583	11.corecand=0.0095/0.9583	12.peo=0.0001/0.9583	13p.prep=0.0004/0.0000	13p.seeds=8.0000/0.0000	13p.rounds=14.0000/0.0000	13p.ledger=80039.0000/0.0000	13p.recon=0.0002/0.0008	13p.mcs=0.0003/0.0000	13.alt=0.0015/0.9583	14.transplant=0.0005/0.9583	15.minl=0.0008/0.9583	15.peel=0.0000/0.9583	16.late=0.0000/0.9583	17.final=0.0002/0.9583	18.simp=0.0000/0.9583	19.five=0.0000/0.9583	20.lt1k=0.0189/0.9583	21.comp=0.0003/0.9583	22.win=0.0000/0.9583	final=0.9564
LIFT	tls6	413	291	2630	291
COUNTS	tls6	413	2860	18483	17677
LADGATE	21925	10000	0.362	0
PHASES	emfl100_5_5	0.3622	1.portfolio=0.2028/1.0000	1b.indep=0.0563/1.0000	2.descent=0.0000/1.0000	3.search=0.0000/1.0000	4.subtree=0.0008/1.0000	4b.indep-accept=0.0000/1.0000	5.terminal=0.0014/1.0000	6.extra=0.0000/1.0000	7.telos=0.0000/1.0000	8.cleanup=0.0000/1.0000	9.reduce=0.0290/1.0000	10.completion=0.0064/1.0000	11.corecand=0.0000/1.0000	12.peo=0.0027/1.0000	13p.prep=0.0095/0.0000	13p.seeds=8.0000/0.0000	13p.rounds=15.0000/0.0000	13p.ledger=2047903.0000/0.0000	13p.recon=0.0077/0.0001	13p.mcs=0.0108/0.0000	13.alt=0.0449/1.0000	14.transplant=0.0083/1.0000	15.minl=0.0138/1.0000	15.peel=0.0000/1.0000	16.late=0.0000/1.0000	17.final=0.0010/1.0000	18.simp=0.0000/1.0000	19.five=0.0000/1.0000	20.lt1k=0.0000/1.0000	21.comp=0.0000/1.0000	22.win=0.0000/1.0000	final=1.0000
LIFT	emfl100_5_5	21925	9425	27300	9425
COUNTS	emfl100_5_5	21925	52300	221650	221650
LADGATE	341	10000	0.113	1
PHASES	qspp_0_11_0_1_10_1	0.1130	1.portfolio=0.0749/0.9929	1b.indep=0.0068/0.9929	2.descent=0.0000/0.9929	3.search=0.0000/0.9929	4.subtree=0.0005/0.9929	4b.indep-accept=0.0000/0.9929	5.terminal=0.0007/0.9929	6.extra=0.0005/0.9929	7.telos=0.0000/0.9929	8.cleanup=0.0000/0.9929	9.reduce=0.0046/0.9929	10.completion=0.0023/0.9929	11.corecand=0.0000/0.9929	12.peo=0.0010/0.9929	13p.prep=0.0045/0.0000	13p.seeds=8.0000/0.0000	13p.rounds=16.0000/0.0000	13p.ledger=1110647.0000/0.0000	13p.recon=0.0020/0.0000	13p.mcs=0.0025/0.0000	13.alt=0.0163/0.9929	14.transplant=0.0004/0.9929	15.minl=0.0020/0.9929	15.peel=0.0000/0.9929	16.late=0.0000/0.9929	17.final=0.0004/0.9929	18.simp=0.0000/0.9929	19.five=0.0000/0.9929	20.lt1k=0.0025/0.9929	21.comp=0.0000/0.9929	22.win=0.0000/0.9929	final=0.9929
LIFT	qspp_0_11_0_1_10_1	341	220	43506	220
COUNTS	qspp_0_11_0_1_10_1	341	44264	3563707	3538483
LADGATE	403	10000	0.065	1
PHASES	p_ball_10b_5p_4d_m	0.0807	1.portfolio=0.0377/0.9787	1b.indep=0.0008/0.9787	2.descent=0.0000/0.9787	3.search=0.0000/0.9787	4.subtree=0.0001/0.9787	4b.indep-accept=0.0000/0.9787	5.terminal=0.0001/0.9787	6.extra=0.0000/0.9787	7.telos=0.0000/0.9787	8.cleanup=0.0000/0.9787	9.reduce=0.0014/0.9787	10.completion=0.0002/0.9787	11.corecand=0.0075/0.9787	12.peo=0.0001/0.9787	13p.prep=0.0002/0.0000	13p.seeds=8.0000/0.0000	13p.rounds=11.0000/0.0000	13p.ledger=39874.0000/0.0000	13p.recon=0.0001/0.0008	13p.mcs=0.0002/0.0000	13.alt=0.0008/0.9787	14.transplant=0.0003/0.9787	15.minl=0.0005/0.9787	15.peel=0.0000/0.9787	16.late=0.0000/0.9787	17.final=0.0001/0.9787	18.simp=0.0000/0.9787	19.five=0.0000/0.9787	20.lt1k=0.0149/0.9787	21.comp=0.0002/0.9787	22.win=0.0000/0.9787	final=0.9787
LIFT	p_ball_10b_5p_4d_m	403	169	1116	169
COUNTS	p_ball_10b_5p_4d_m	403	1484	13581	13292
LADGATE	90	10000	0.017	1
PHASES	st_rv9	0.0202	1.portfolio=0.0120/0.9447	1b.indep=0.0004/0.9447	2.descent=0.0000/0.9447	3.search=0.0000/0.9447	4.subtree=0.0001/0.9447	4b.indep-accept=0.0000/0.9447	5.terminal=0.0000/0.9447	6.extra=0.0000/0.9447	7.telos=0.0000/0.9447	8.cleanup=0.0000/0.9447	9.reduce=0.0004/0.9447	10.completion=0.0001/0.9447	11.corecand=0.0012/0.9447	12.peo=0.0000/0.9447	13p.prep=0.0001/0.0000	13p.seeds=8.0000/0.0000	13p.rounds=16.0000/0.0000	13p.ledger=25773.0000/0.0000	13p.recon=0.0001/0.0024	13p.mcs=0.0001/0.0000	13.alt=0.0005/0.9447	14.transplant=0.0000/0.9447	15.minl=0.0001/0.9447	15.peel=0.0000/0.9447	16.late=0.0000/0.9447	17.final=0.0001/0.9447	18.simp=0.0000/0.9447	19.five=0.0000/0.9447	20.lt1k=0.0024/0.9447	21.comp=0.0001/0.9447	22.win=0.0000/0.9447	final=0.9447
LIFT	st_rv9	90	70	800	70
COUNTS	st_rv9	90	840	6691	6321
LADGATE	3486	10000	0.178	1
PHASES	rsyn0840m02m	0.1778	1.portfolio=0.1380/0.9956	1b.indep=0.0072/0.9956	2.descent=0.0000/0.9956	3.search=0.0000/0.9956	4.subtree=0.0005/0.9956	4b.indep-accept=0.0000/0.9956	5.terminal=0.0004/0.9956	6.extra=0.0002/0.9956	7.telos=0.0000/0.9956	8.cleanup=0.0000/0.9956	9.reduce=0.0229/0.9587	10.completion=0.0017/0.9553	11.corecand=0.0000/0.9553	12.peo=0.0006/0.9553	13p.prep=0.0000/0.0000	13p.seeds=0.0000/0.0000	13p.rounds=0.0000/0.0000	13p.ledger=0.0000/0.0000	13p.recon=0.0000/0.0000	13p.mcs=0.0000/0.0000	13.alt=0.0000/0.9553	14.transplant=0.0054/0.9520	15.minl=0.0054/0.9520	15.peel=0.0000/0.9520	16.late=0.0000/0.9520	17.final=0.0004/0.9520	18.simp=0.0000/0.9520	19.five=0.0000/0.9520	20.lt1k=0.0000/0.9520	21.comp=0.0000/0.9520	22.win=0.0000/0.9520	final=0.9520
LIFT	rsyn0840m02m	3486	1876	6568	1876
COUNTS	rsyn0840m02m	3486	9576	47529	45249
LADGATE	22	10000	0.003	1
PHASES	nvs05	0.0037	1.portfolio=0.0020/0.9603	1b.indep=0.0000/0.9603	2.descent=0.0000/0.9603	3.search=0.0000/0.9603	4.subtree=0.0000/0.9603	4b.indep-accept=0.0000/0.9603	5.terminal=0.0000/0.9603	6.extra=0.0000/0.9603	7.telos=0.0000/0.9603	8.cleanup=0.0000/0.9603	9.reduce=0.0000/0.9603	10.completion=0.0000/0.9603	11.corecand=0.0003/0.9603	12.peo=0.0000/0.9603	13p.prep=0.0000/0.0000	13p.seeds=8.0000/0.0000	13p.rounds=12.0000/0.0000	13p.ledger=2149.0000/0.0000	13p.recon=0.0000/0.0433	13p.mcs=0.0000/0.0000	13.alt=0.0001/0.9603	14.transplant=0.0000/0.9603	15.minl=0.0000/0.9603	15.peel=0.0000/0.9603	16.late=0.0000/0.9603	17.final=0.0000/0.9603	18.simp=0.0000/0.9603	19.five=0.0000/0.9603	20.lt1k=0.0006/0.9603	21.comp=0.0000/0.9603	22.win=0.0000/0.9603	final=0.9603
COUNTS	nvs05	22	84	277	266
PHASES	autocorr_bern25-19	0.0000	final=1.0000
COUNTS	autocorr_bern25-19	28	612	5278	5278
LADGATE	356	10000	0.051	1
PHASES	sssd20-08persp	0.0643	1.portfolio=0.0293/1.0000	1b.indep=0.0007/1.0000	2.descent=0.0000/1.0000	3.search=0.0000/1.0000	4.subtree=0.0001/1.0000	4b.indep-accept=0.0000/1.0000	5.terminal=0.0001/1.0000	6.extra=0.0000/1.0000	7.telos=0.0000/1.0000	8.cleanup=0.0000/1.0000	9.reduce=0.0006/1.0000	10.completion=0.0001/1.0000	11.corecand=0.0065/1.0000	12.peo=0.0001/1.0000	13p.prep=0.0001/0.0000	13p.seeds=8.0000/0.0000	13p.rounds=8.0000/0.0000	13p.ledger=22384.0000/0.0000	13p.recon=0.0001/0.0016	13p.mcs=0.0001/0.0000	13.alt=0.0005/1.0000	14.transplant=0.0000/1.0000	15.minl=0.0001/1.0000	15.peel=0.0000/1.0000	16.late=0.0000/1.0000	17.final=0.0001/1.0000	18.simp=0.0000/1.0000	19.five=0.0000/1.0000	20.lt1k=0.0129/1.0000	21.comp=0.0001/1.0000	22.win=0.0000/1.0000	final=1.0000
LIFT	sssd20-08persp	356	140	800	140
COUNTS	sssd20-08persp	356	1232	4960	4960
LADGATE	827	10000	0.394	1
PHASES	multiplants_stg5	0.4323	1.portfolio=0.3083/0.4302	1b.indep=0.0042/0.4302	2.descent=0.0000/0.4302	3.search=0.0000/0.4302	4.subtree=0.0002/0.4302	4b.indep-accept=0.0000/0.4302	5.terminal=0.0002/0.4302	6.extra=0.0001/0.4302	7.telos=0.0000/0.4302	8.cleanup=0.0000/0.4302	9.reduce=0.0147/0.4302	10.completion=0.0040/0.4302	11.corecand=0.0179/0.4302	12.peo=0.0003/0.4302	13p.prep=0.0004/0.0000	13p.seeds=8.0000/0.0000	13p.rounds=8.0000/0.0000	13p.ledger=97659.0000/0.0000	13p.recon=0.0003/0.0000	13p.mcs=0.0007/0.0000	13.alt=0.0022/0.4302	14.transplant=0.0016/0.4297	15.minl=0.0032/0.4297	15.peel=0.0000/0.4297	16.late=0.0000/0.4297	17.final=0.0002/0.4297	18.simp=0.0000/0.4297	19.five=0.0000/0.4297	20.lt1k=0.0342/0.4281	21.comp=0.0042/0.4273	22.win=0.0000/0.4273	final=0.4271
LIFT	multiplants_stg5	827	310	3480	310
COUNTS	multiplants_stg5	827	3804	377794	161348
LADGATE	2032	10000	0.450	1
PHASES	chimera_rfr-02	0.4504	1.portfolio=0.2987/0.6708	1b.indep=0.0171/0.6708	2.descent=0.0000/0.6708	3.search=0.0000/0.6708	4.subtree=0.0005/0.6708	4b.indep-accept=0.0000/0.6708	5.terminal=0.0006/0.6708	6.extra=0.0004/0.6708	7.telos=0.0000/0.6708	8.cleanup=0.0000/0.6708	9.reduce=0.0349/0.6708	10.completion=0.0140/0.6698	11.corecand=0.0000/0.6698	12.peo=0.0028/0.6698	13p.prep=0.0087/0.0000	13p.seeds=8.0000/0.0000	13p.rounds=36.0000/0.0000	13p.ledger=2572196.0000/0.0000	13p.recon=0.0096/0.0000	13p.mcs=0.0183/0.0000	13.alt=0.0509/0.6698	14.transplant=0.0070/0.6582	15.minl=0.0286/0.6570	15.peel=0.0000/0.6570	16.late=0.0000/0.6570	17.final=0.0004/0.6570	18.simp=0.0000/0.6570	19.five=0.0000/0.6570	20.lt1k=0.0000/0.6570	21.comp=0.0000/0.6570	22.win=0.0000/0.6570	final=0.6570
LIFT	chimera_rfr-02	2032	2012	15234	2012
COUNTS	chimera_rfr-02	2032	15140	3860441	2536175
LADGATE	726	10000	0.332	1
PHASES	multiplants_stg1a	0.3664	1.portfolio=0.2546/0.8977	1b.indep=0.0044/0.8977	2.descent=0.0000/0.8977	3.search=0.0000/0.8977	4.subtree=0.0002/0.8977	4b.indep-accept=0.0000/0.8977	5.terminal=0.0002/0.8977	6.extra=0.0001/0.8977	7.telos=0.0000/0.8977	8.cleanup=0.0000/0.8977	9.reduce=0.0144/0.8977	10.completion=0.0023/0.8977	11.corecand=0.0156/0.8977	12.peo=0.0005/0.8977	13p.prep=0.0004/0.0000	13p.seeds=8.0000/0.0000	13p.rounds=8.0000/0.0000	13p.ledger=84511.0000/0.0000	13p.recon=0.0003/0.0001	13p.mcs=0.0005/0.0000	13.alt=0.0019/0.8977	14.transplant=0.0014/0.8846	15.minl=0.0026/0.8846	15.peel=0.0000/0.8846	16.late=0.0000/0.8846	17.final=0.0002/0.8846	18.simp=0.0000/0.8846	19.five=0.0000/0.8846	20.lt1k=0.0323/0.8846	21.comp=0.0023/0.8846	22.win=0.0000/0.8846	final=0.8830
LIFT	multiplants_stg1a	726	304	2994	304
COUNTS	multiplants_stg1a	726	3510	142058	125432
LADGATE	170	10000	0.034	1
PHASES	pooling_adhya4pq	0.0400	1.portfolio=0.0205/0.8936	1b.indep=0.0006/0.8936	2.descent=0.0000/0.8936	3.search=0.0000/0.8936	4.subtree=0.0001/0.8936	4b.indep-accept=0.0000/0.8900	5.terminal=0.0000/0.8900	6.extra=0.0000/0.8900	7.telos=0.0000/0.8900	8.cleanup=0.0000/0.8900	9.reduce=0.0014/0.8900	10.completion=0.0003/0.8900	11.corecand=0.0031/0.8900	12.peo=0.0001/0.8900	13p.prep=0.0002/0.0000	13p.seeds=8.0000/0.0000	13p.rounds=14.0000/0.0000	13p.ledger=36069.0000/0.0000	13p.recon=0.0001/0.0006	13p.mcs=0.0002/0.0000	13.alt=0.0008/0.8900	14.transplant=0.0002/0.8900	15.minl=0.0004/0.8900	15.peel=0.0000/0.8900	16.late=0.0000/0.8900	17.final=0.0001/0.8900	18.simp=0.0000/0.8900	19.five=0.0000/0.8900	20.lt1k=0.0061/0.8900	21.comp=0.0003/0.8900	22.win=0.0000/0.8900	final=0.8900
LIFT	pooling_adhya4pq	170	93	790	93
COUNTS	pooling_adhya4pq	170	932	24314	21640
LADGATE	17493	10000	0.554	0
PHASES	nuclear10a	0.5548	1.portfolio=0.1746/1.0000	1b.indep=0.1407/0.8730	2.descent=0.0000/0.8730	3.search=0.0000/0.8730	4.subtree=0.0019/0.8730	4b.indep-accept=0.0000/0.8730	5.terminal=0.0027/0.8730	6.extra=0.0000/0.8730	7.telos=0.0000/0.8730	8.cleanup=0.0000/0.8730	9.reduce=0.1377/0.7602	10.completion=0.0012/0.7602	11.corecand=0.0000/0.7602	12.peo=0.0090/0.7602	13p.prep=0.0124/0.0000	13p.seeds=8.0000/0.0000	13p.rounds=9.0000/0.0000	13p.ledger=3813962.0000/0.0000	13p.recon=0.0126/0.0000	13p.mcs=0.0218/0.0000	13.alt=0.0609/0.7602	14.transplant=0.0076/0.6774	15.minl=0.0076/0.6774	15.peel=0.0000/0.6774	16.late=0.0000/0.6774	17.final=0.0019/0.6774	18.simp=0.0000/0.6774	19.five=0.0000/0.6774	20.lt1k=0.0000/0.6774	21.comp=0.0000/0.6774	22.win=0.0000/0.6774	final=0.6774
LIFT	nuclear10a	17493	15309	159656	15309
COUNTS	nuclear10a	17493	163816	82406325	55819041
LADGATE	874	10000	0.274	1
PHASES	sonet24v5	0.3344	1.portfolio=0.1580/0.6007	1b.indep=0.0049/0.6007	2.descent=0.0000/0.6007	3.search=0.0000/0.6007	4.subtree=0.0002/0.6007	4b.indep-accept=0.0000/0.6007	5.terminal=0.0002/0.6007	6.extra=0.0001/0.6007	7.telos=0.0000/0.6007	8.cleanup=0.0000/0.6007	9.reduce=0.0059/0.5976	10.completion=0.0014/0.5976	11.corecand=0.0303/0.5976	12.peo=0.0003/0.5976	13p.prep=0.0018/0.0000	13p.seeds=8.0000/0.0000	13p.rounds=26.0000/0.0000	13p.ledger=395578.0000/0.0000	13p.recon=0.0012/0.0001	13p.mcs=0.0015/0.0000	13.alt=0.0077/0.5976	14.transplant=0.0019/0.5976	15.minl=0.0019/0.5976	15.peel=0.0000/0.5976	16.late=0.0000/0.5976	17.final=0.0002/0.5976	18.simp=0.0000/0.5976	19.five=0.0000/0.5976	20.lt1k=0.0607/0.5976	21.comp=0.0015/0.5976	22.win=0.0000/0.5976	final=0.5976
LIFT	sonet24v5	874	595	6704	595
COUNTS	sonet24v5	874	7260	185654	110956
PHASES	transswitch2736spr	0.4599	1.portfolio=0.1871/0.9249	1b.indep=0.0319/0.9249	2.descent=0.0000/0.9249	3.search=0.0000/0.9249	4.subtree=0.0000/0.9249	4b.indep-accept=0.0000/0.9249	5.terminal=0.0000/0.9249	6.extra=0.0000/0.9249	7.telos=0.0000/0.9249	8.cleanup=0.0000/0.9249	9.reduce=0.0330/0.9249	10.completion=0.0000/0.9249	11.corecand=0.0000/0.9249	12.peo=0.0274/0.9249	13p.prep=0.0000/0.0000	13p.seeds=0.0000/0.0000	13p.rounds=0.0000/0.0000	13p.ledger=0.0000/0.0000	13p.recon=0.0000/0.0000	13p.mcs=0.0000/0.0000	13.alt=0.0000/0.9249	14.transplant=0.0000/0.9249	15.minl=0.1659/0.9179	15.peel=0.0000/0.9179	16.late=0.0000/0.9179	17.final=0.0000/0.9179	18.simp=0.0000/0.9179	19.five=0.0000/0.9179	20.lt1k=0.0000/0.9179	21.comp=0.0000/0.9179	22.win=0.0000/0.9179	final=0.9179
LIFT	transswitch2736spr	69651	44696	297260	44696
COUNTS	transswitch2736spr	69651	331010	7933133	7281507
LADGATE	8992	10000	0.354	1
PHASES	chp_shorttermplan2a	0.3545	1.portfolio=0.2171/0.7148	1b.indep=0.0211/0.7148	2.descent=0.0000/0.7148	3.search=0.0000/0.7148	4.subtree=0.0007/0.7148	4b.indep-accept=0.0000/0.7148	5.terminal=0.0007/0.7148	6.extra=0.0005/0.7148	7.telos=0.0000/0.7148	8.cleanup=0.0000/0.7148	9.reduce=0.0497/0.7148	10.completion=0.0116/0.7144	11.corecand=0.0057/0.7144	12.peo=0.0027/0.7144	13p.prep=0.0051/0.0000	13p.seeds=8.0000/0.0000	13p.rounds=15.0000/0.0000	13p.ledger=1124510.0000/0.0000	13p.recon=0.0041/0.0000	13p.mcs=0.0054/0.0000	13.alt=0.0239/0.7144	14.transplant=0.0104/0.7056	15.minl=0.0190/0.7056	15.peel=0.0000/0.7056	16.late=0.0000/0.7056	17.final=0.0007/0.7056	18.simp=0.0000/0.7056	19.five=0.0000/0.7056	20.lt1k=0.0000/0.7056	21.comp=0.0000/0.7056	22.win=0.0000/0.7056	final=0.7056
LIFT	chp_shorttermplan2a	8992	4760	18484	4760
COUNTS	chp_shorttermplan2a	8992	26288	821014	579303
LADGATE	1001	10000	0.064	1
PHASES	catmix200	0.0643	1.portfolio=0.0507/0.9995	1b.indep=0.0019/0.9995	2.descent=0.0000/0.9995	3.search=0.0000/0.9995	4.subtree=0.0001/0.9995	4b.indep-accept=0.0000/0.9995	5.terminal=0.0001/0.9995	6.extra=0.0001/0.9995	7.telos=0.0000/0.9995	8.cleanup=0.0000/0.9995	9.reduce=0.0071/0.9995	10.completion=0.0002/0.9995	11.corecand=0.0000/0.9995	12.peo=0.0002/0.9995	13p.prep=0.0008/0.0000	13p.seeds=8.0000/0.0000	13p.rounds=22.0000/0.0000	13p.ledger=248604.0000/0.0000	13p.recon=0.0006/0.0012	13p.mcs=0.0007/0.0000	13.alt=0.0035/0.9995	14.transplant=0.0001/0.9995	15.minl=0.0003/0.9995	15.peel=0.0000/0.9995	16.late=0.0000/0.9995	17.final=0.0002/0.9995	18.simp=0.0000/0.9995	19.five=0.0000/0.9995	20.lt1k=0.0000/0.9995	21.comp=0.0000/0.9995	22.win=0.0000/0.9995	final=0.9995
LIFT	catmix200	1001	998	5580	998
COUNTS	catmix200	1001	5592	18173	18164
PHASES	nvs23	0.0000	final=0.6356
COUNTS	nvs23	27	252	1921	1221
LADGATE	20	10000	0.002	1
PHASES	oaer	0.0030	1.portfolio=0.0013/1.0000	1b.indep=0.0000/1.0000	2.descent=0.0000/1.0000	3.search=0.0000/1.0000	4.subtree=0.0000/1.0000	4b.indep-accept=0.0000/1.0000	5.terminal=0.0000/1.0000	6.extra=0.0000/1.0000	7.telos=0.0000/1.0000	8.cleanup=0.0000/1.0000	9.reduce=0.0000/1.0000	10.completion=0.0000/1.0000	11.corecand=0.0003/1.0000	12.peo=0.0000/1.0000	13p.prep=0.0000/0.0000	13p.seeds=6.0000/0.0000	13p.rounds=11.0000/0.0000	13p.ledger=1171.0000/0.0000	13p.recon=0.0000/0.1028	13p.mcs=0.0000/0.0000	13.alt=0.0001/1.0000	14.transplant=0.0000/1.0000	15.minl=0.0000/1.0000	15.peel=0.0000/1.0000	16.late=0.0000/1.0000	17.final=0.0000/1.0000	18.simp=0.0000/1.0000	19.five=0.0000/1.0000	20.lt1k=0.0006/1.0000	21.comp=0.0000/1.0000	22.win=0.0000/1.0000	final=1.0000
COUNTS	oaer	20	40	107	107
LADGATE	168	10000	0.015	1
PHASES	hybriddynamic_fixed	0.0201	1.portfolio=0.0077/1.0000	1b.indep=0.0002/1.0000	2.descent=0.0000/1.0000	3.search=0.0000/1.0000	4.subtree=0.0001/1.0000	4b.indep-accept=0.0000/1.0000	5.terminal=0.0001/1.0000	6.extra=0.0000/1.0000	7.telos=0.0000/1.0000	8.cleanup=0.0000/1.0000	9.reduce=0.0001/1.0000	10.completion=0.0000/1.0000	11.corecand=0.0021/1.0000	12.peo=0.0000/1.0000	13p.prep=0.0002/0.0000	13p.seeds=8.0000/0.0000	13p.rounds=22.0000/0.0000	13p.ledger=21542.0000/0.0000	13p.recon=0.0001/0.0199	13p.mcs=0.0001/0.0000	13.alt=0.0007/1.0000	14.transplant=0.0000/1.0000	15.minl=0.0001/1.0000	15.peel=0.0000/1.0000	16.late=0.0000/1.0000	17.final=0.0001/1.0000	18.simp=0.0000/1.0000	19.five=0.0000/1.0000	20.lt1k=0.0042/1.0000	21.comp=0.0000/1.0000	22.win=0.0000/1.0000	final=1.0000
LIFT	hybriddynamic_fixed	168	80	250	80
COUNTS	hybriddynamic_fixed	168	388	1103	1103
LADGATE	16747	10000	0.547	0
PHASES	edgecross24-115	0.5474	1.portfolio=0.2571/0.8174	1b.indep=0.0714/0.8174	2.descent=0.0000/0.8174	3.search=0.0000/0.8174	4.subtree=0.0012/0.8174	4b.indep-accept=0.0000/0.8174	5.terminal=0.0017/0.8174	6.extra=0.0000/0.8174	7.telos=0.0000/0.8174	8.cleanup=0.0000/0.8174	9.reduce=0.0234/0.8174	10.completion=0.0051/0.8174	11.corecand=0.0000/0.8174	12.peo=0.0087/0.8174	13p.prep=0.0073/0.0000	13p.seeds=8.0000/0.0000	13p.rounds=9.0000/0.0000	13p.ledger=2319963.0000/0.0000	13p.recon=0.0079/0.0000	13p.mcs=0.0126/0.0000	13.alt=0.0402/0.8174	14.transplant=0.0087/0.8173	15.minl=0.1320/0.8173	15.peel=0.0000/0.8173	16.late=0.0000/0.8173	17.final=0.0013/0.8173	18.simp=0.0000/0.8173	19.five=0.0000/0.8173	20.lt1k=0.0000/0.8173	21.comp=0.0000/0.8173	22.win=0.0000/0.8173	final=0.8173
LIFT	edgecross24-115	16747	8651	85448	8651
COUNTS	edgecross24-115	16747	77352	35096942	28685704
LADGATE	1178	10000	0.099	1
PHASES	space25	0.0989	1.portfolio=0.0854/0.9683	1b.indep=0.0023/0.9683	2.descent=0.0000/0.9683	3.search=0.0000/0.9683	4.subtree=0.0002/0.9683	4b.indep-accept=0.0000/0.9604	5.terminal=0.0002/0.9604	6.extra=0.0001/0.9604	7.telos=0.0000/0.9604	8.cleanup=0.0000/0.9604	9.reduce=0.0049/0.9604	10.completion=0.0005/0.9604	11.corecand=0.0000/0.9604	12.peo=0.0002/0.9604	13p.prep=0.0006/0.0000	13p.seeds=8.0000/0.0000	13p.rounds=14.0000/0.0000	13p.ledger=136112.0000/0.0000	13p.recon=0.0004/0.0006	13p.mcs=0.0005/0.0000	13.alt=0.0027/0.9604	14.transplant=0.0016/0.9595	15.minl=0.0021/0.9595	15.peel=0.0000/0.9595	16.late=0.0000/0.9595	17.final=0.0002/0.9595	18.simp=0.0000/0.9595	19.five=0.0000/0.9595	20.lt1k=0.0000/0.9595	21.comp=0.0000/0.9595	22.win=0.0000/0.9595	final=0.9595
LIFT	space25	1178	243	1212	243
COUNTS	space25	1178	4334	23567	22612
LADGATE	23999	10000	0.325	0
PHASES	methanol400	0.3256	1.portfolio=0.0966/0.9653	1b.indep=0.0660/0.7289	2.descent=0.0000/0.7289	3.search=0.0000/0.7289	4.subtree=0.0018/0.7289	4b.indep-accept=0.0000/0.7289	5.terminal=0.0027/0.7289	6.extra=0.0000/0.7289	7.telos=0.0000/0.7289	8.cleanup=0.0000/0.7289	9.reduce=0.0239/0.7289	10.completion=0.0175/0.7289	11.corecand=0.0000/0.7289	12.peo=0.0051/0.7289	13p.prep=0.0253/0.0000	13p.seeds=8.0000/0.0000	13p.rounds=17.0000/0.0000	13p.ledger=3894637.0000/0.0000	13p.recon=0.0123/0.0000	13p.mcs=0.0175/0.0000	13.alt=0.0797/0.7289	14.transplant=0.0056/0.7289	15.minl=0.0267/0.7289	15.peel=0.0000/0.7289	16.late=0.0000/0.7289	17.final=0.0019/0.7289	18.simp=0.0000/0.7289	19.five=0.0000/0.7289	20.lt1k=0.0000/0.7289	21.comp=0.0000/0.7289	22.win=0.0000/0.7289	final=0.7289
LIFT	methanol400	23999	19199	142128	19199
COUNTS	methanol400	23999	151728	2586036	1884991
LADGATE	1218	10000	0.333	1
PHASES	pooling_foulds5tp	0.3330	1.portfolio=0.2761/0.6828	1b.indep=0.0082/0.6828	2.descent=0.0000/0.6828	3.search=0.0000/0.6828	4.subtree=0.0001/0.6828	4b.indep-accept=0.0000/0.6828	5.terminal=0.0002/0.6828	6.extra=0.0001/0.6828	7.telos=0.0000/0.6828	8.cleanup=0.0000/0.6828	9.reduce=0.0383/0.6828	10.completion=0.0018/0.6828	11.corecand=0.0000/0.6828	12.peo=0.0003/0.6828	13p.prep=0.0010/0.0000	13p.seeds=8.0000/0.0000	13p.rounds=18.0000/0.0000	13p.ledger=349195.0000/0.0000	13p.recon=0.0009/0.0001	13p.mcs=0.0013/0.0000	13.alt=0.0049/0.6828	14.transplant=0.0013/0.6828	15.minl=0.0022/0.6828	15.peel=0.0000/0.6828	16.late=0.0000/0.6828	17.final=0.0002/0.6828	18.simp=0.0000/0.6828	19.five=0.0000/0.6828	20.lt1k=0.0000/0.6828	21.comp=0.0000/0.6828	22.win=0.0000/0.6828	final=0.6828
LIFT	pooling_foulds5tp	1218	659	7246	659
COUNTS	pooling_foulds5tp	1218	8364	251833	171941
LADGATE	5040	10000	0.442	1
PHASES	pooling_sppa9tp	0.4425	1.portfolio=0.3255/0.1801	1b.indep=0.0241/0.1801	2.descent=0.0000/0.1801	3.search=0.0000/0.1801	4.subtree=0.0012/0.1801	4b.indep-accept=0.0000/0.1801	5.terminal=0.0016/0.1801	6.extra=0.0000/0.1801	7.telos=0.0000/0.1801	8.cleanup=0.0000/0.1801	9.reduce=0.0195/0.1801	10.completion=0.0042/0.1801	11.corecand=0.0000/0.1801	12.peo=0.0157/0.1801	13p.prep=0.0000/0.0000	13p.seeds=0.0000/0.0000	13p.rounds=0.0000/0.0000	13p.ledger=0.0000/0.0000	13p.recon=0.0000/0.0000	13p.mcs=0.0000/0.0000	13.alt=0.0000/0.1801	14.transplant=0.0051/0.1751	15.minl=0.0451/0.1751	15.peel=0.0000/0.1751	16.late=0.0000/0.1751	17.final=0.0012/0.1751	18.simp=0.0000/0.1751	19.five=0.0000/0.1751	20.lt1k=0.0000/0.1751	21.comp=0.0000/0.1751	22.win=0.0000/0.1751	final=0.1751
LIFT	pooling_sppa9tp	5040	2642	116234	2642
COUNTS	pooling_sppa9tp	5040	121302	104609262	18321002
PHASES	st_miqp2	0.0000	final=1.0000
COUNTS	st_miqp2	10	18	37	37
PHASES	autocorr_bern30-23	0.0000	final=1.0000
COUNTS	autocorr_bern30-23	33	878	8940	8940
LADGATE	9858	10000	0.398	1
PHASES	mpbp_15	0.3987	1.portfolio=0.2061/0.8156	1b.indep=0.0260/0.8156	2.descent=0.0000/0.8156	3.search=0.0000/0.8156	4.subtree=0.0008/0.8156	4b.indep-accept=0.0000/0.8156	5.terminal=0.0010/0.8156	6.extra=0.0006/0.8156	7.telos=0.0000/0.8156	8.cleanup=0.0000/0.8156	9.reduce=0.0399/0.8156	10.completion=0.0163/0.8115	11.corecand=0.0000/0.8115	12.peo=0.0018/0.8115	13p.prep=0.0146/0.0000	13p.seeds=8.0000/0.0000	13p.rounds=41.0000/0.0000	13p.ledger=3927484.0000/0.0000	13p.recon=0.0134/0.0000	13p.mcs=0.0210/0.0000	13.alt=0.0745/0.8115	14.transplant=0.0109/0.8036	15.minl=0.0296/0.8027	15.peel=0.0000/0.8027	16.late=0.0000/0.8027	17.final=0.0007/0.8027	18.simp=0.0000/0.8027	19.five=0.0000/0.8027	20.lt1k=0.0000/0.8027	21.comp=0.0000/0.8027	22.win=0.0000/0.8027	final=0.8027
LIFT	mpbp_15	9858	5550	25800	5550
COUNTS	mpbp_15	9858	31692	1496502	1201225
PHASES	cvxnonsep_psig30r	0.0000	final=1.0000
COUNTS	cvxnonsep_psig30r	126	250	501	501
LADGATE	1590	10000	0.126	1
PHASES	rsyn0830hfsg	0.1263	1.portfolio=0.1006/0.9724	1b.indep=0.0043/0.9724	2.descent=0.0000/0.9724	3.search=0.0000/0.9724	4.subtree=0.0002/0.9724	4b.indep-accept=0.0000/0.9724	5.terminal=0.0003/0.9724	6.extra=0.0001/0.9724	7.telos=0.0000/0.9724	8.cleanup=0.0000/0.9724	9.reduce=0.0051/0.9724	10.completion=0.0007/0.9623	11.corecand=0.0000/0.9623	12.peo=0.0003/0.9623	13p.prep=0.0027/0.0000	13p.seeds=8.0000/0.0000	13p.rounds=34.0000/0.0000	13p.ledger=353821.0000/0.0000	13p.recon=0.0015/0.0021	13p.mcs=0.0017/0.0000	13.alt=0.0107/0.9623	14.transplant=0.0028/0.9611	15.minl=0.0033/0.9611	15.peel=0.0000/0.9611	16.late=0.0000/0.9611	17.final=0.0003/0.9611	18.simp=0.0000/0.9611	19.five=0.0000/0.9611	20.lt1k=0.0000/0.9611	21.comp=0.0000/0.9611	22.win=0.0000/0.9611	final=0.9611
LIFT	rsyn0830hfsg	1590	876	2784	876
COUNTS	rsyn0830hfsg	1590	4100	16168	15539
LADGATE	1271	10000	0.214	1
PHASES	crudeoil_pooling_ct1	0.2144	1.portfolio=0.1572/0.7825	1b.indep=0.0057/0.7825	2.descent=0.0000/0.7825	3.search=0.0000/0.7825	4.subtree=0.0002/0.7825	4b.indep-accept=0.0000/0.7825	5.terminal=0.0002/0.7825	6.extra=0.0001/0.7825	7.telos=0.0000/0.7825	8.cleanup=0.0000/0.7825	9.reduce=0.0402/0.7825	10.completion=0.0025/0.7825	11.corecand=0.0000/0.7825	12.peo=0.0003/0.7825	13p.prep=0.0007/0.0000	13p.seeds=8.0000/0.0000	13p.rounds=9.0000/0.0000	13p.ledger=121349.0000/0.0000	13p.recon=0.0005/0.0001	13p.mcs=0.0008/0.0000	13.alt=0.0032/0.7825	14.transplant=0.0025/0.7714	15.minl=0.0039/0.7714	15.peel=0.0000/0.7714	16.late=0.0000/0.7714	17.final=0.0003/0.7714	18.simp=0.0000/0.7714	19.five=0.0000/0.7714	20.lt1k=0.0000/0.7714	21.comp=0.0000/0.7714	22.win=0.0000/0.7714	final=0.7714
LIFT	crudeoil_pooling_ct1	1271	722	3626	722
COUNTS	crudeoil_pooling_ct1	1271	4642	125127	96526
LADGATE	800	10000	0.391	1
PHASES	multiplants_stg1c	0.4271	1.portfolio=0.3080/0.9796	1b.indep=0.0053/0.9796	2.descent=0.0000/0.9796	3.search=0.0000/0.9796	4.subtree=0.0002/0.9796	4b.indep-accept=0.0000/0.9796	5.terminal=0.0001/0.9796	6.extra=0.0001/0.9796	7.telos=0.0000/0.9796	8.cleanup=0.0000/0.9796	9.reduce=0.0151/0.9796	10.completion=0.0025/0.9796	11.corecand=0.0164/0.9796	12.peo=0.0005/0.9796	13p.prep=0.0006/0.0000	13p.seeds=8.0000/0.0000	13p.rounds=12.0000/0.0000	13p.ledger=140562.0000/0.0000	13p.recon=0.0005/0.0001	13p.mcs=0.0008/0.0000	13.alt=0.0029/0.9796	14.transplant=0.0015/0.9565	15.minl=0.0026/0.9565	15.peel=0.0000/0.9565	16.late=0.0000/0.9565	17.final=0.0002/0.9565	18.simp=0.0000/0.9565	19.five=0.0000/0.9565	20.lt1k=0.0346/0.9565	21.comp=0.0024/0.9565	22.win=0.0000/0.9565	final=0.9565
LIFT	multiplants_stg1c	800	326	3346	326
COUNTS	multiplants_stg1c	800	3894	150039	143518
LADGATE	11	10000	0.001	1
PHASES	st_pan1	0.0014	1.portfolio=0.0014/0.7642	1b.indep=0.0000/0.7642	2.descent=0.0000/0.7642	3.search=0.0000/0.7642	4.subtree=0.0000/0.7642	4b.indep-accept=0.0000/0.7642	5.terminal=0.0000/0.7642	6.extra=0.0000/0.7642	7.telos=0.0000/0.7642	8.cleanup=0.0000/0.7642	9.reduce=0.0000/0.7642	10.completion=0.0000/0.7642	11.corecand=0.0000/0.7642	12.peo=0.0000/0.7642	13p.prep=0.0000/0.0000	13p.seeds=0.0000/0.0000	13p.rounds=0.0000/0.0000	13p.ledger=0.0000/0.0000	13p.recon=0.0000/0.0000	13p.mcs=0.0000/0.0000	13.alt=0.0000/0.7642	14.transplant=0.0000/0.7642	15.minl=0.0000/0.7642	15.peel=0.0000/0.7642	16.late=0.0000/0.7642	17.final=0.0000/0.7642	18.simp=0.0000/0.7642	19.five=0.0000/0.7642	20.lt1k=0.0000/0.7642	21.comp=0.0000/0.7642	22.win=0.0000/0.7642	final=0.7642
COUNTS	st_pan1	11	32	123	94
LADGATE	814	10000	0.426	1
PHASES	multiplants_stg1b	0.4636	1.portfolio=0.3395/0.6251	1b.indep=0.0047/0.6251	2.descent=0.0000/0.6251	3.search=0.0000/0.6251	4.subtree=0.0003/0.6251	4b.indep-accept=0.0000/0.6251	5.terminal=0.0001/0.6251	6.extra=0.0001/0.6251	7.telos=0.0000/0.6251	8.cleanup=0.0000/0.6251	9.reduce=0.0146/0.6251	10.completion=0.0029/0.6251	11.corecand=0.0172/0.6251	12.peo=0.0005/0.6251	13p.prep=0.0005/0.0000	13p.seeds=8.0000/0.0000	13p.rounds=10.0000/0.0000	13p.ledger=126876.0000/0.0000	13p.recon=0.0005/0.0000	13p.mcs=0.0008/0.0000	13.alt=0.0027/0.6251	14.transplant=0.0016/0.6122	15.minl=0.0030/0.6122	15.peel=0.0000/0.6122	16.late=0.0000/0.6122	17.final=0.0002/0.6122	18.simp=0.0000/0.6122	19.five=0.0000/0.6122	20.lt1k=0.0374/0.6122	21.comp=0.0027/0.6122	22.win=0.0000/0.6122	final=0.6122
LIFT	multiplants_stg1b	814	337	3456	337
COUNTS	multiplants_stg1b	814	3992	308612	188938
LADGATE	11999	10000	0.296	0
PHASES	methanol200	0.2960	1.portfolio=0.1476/0.7376	1b.indep=0.0422/0.7376	2.descent=0.0000/0.7376	3.search=0.0000/0.7376	4.subtree=0.0010/0.7376	4b.indep-accept=0.0000/0.7296	5.terminal=0.0013/0.7296	6.extra=0.0000/0.7296	7.telos=0.0000/0.7296	8.cleanup=0.0000/0.7296	9.reduce=0.0129/0.7296	10.completion=0.0094/0.7296	11.corecand=0.0000/0.7296	12.peo=0.0025/0.7296	13p.prep=0.0154/0.0000	13p.seeds=8.0000/0.0000	13p.rounds=24.0000/0.0000	13p.ledger=3962812.0000/0.0000	13p.recon=0.0110/0.0000	13p.mcs=0.0138/0.0000	13.alt=0.0607/0.7296	14.transplant=0.0066/0.7061	15.minl=0.0157/0.7061	15.peel=0.0000/0.7061	16.late=0.0000/0.7061	17.final=0.0009/0.7061	18.simp=0.0000/0.7061	19.five=0.0000/0.7061	20.lt1k=0.0000/0.7061	21.comp=0.0000/0.7061	22.win=0.0000/0.7061	final=0.7061
LIFT	methanol200	11999	9599	71328	9599
COUNTS	methanol200	11999	76128	1290836	911476
LADGATE	26778	10000	0.513	0
PHASES	faclay35	0.5142	1.portfolio=0.1607/0.9523	1b.indep=0.0915/0.9523	2.descent=0.0000/0.9523	3.search=0.0000/0.9523	4.subtree=0.0017/0.9523	4b.indep-accept=0.0000/0.9523	5.terminal=0.0025/0.9523	6.extra=0.0000/0.9523	7.telos=0.0000/0.9523	8.cleanup=0.0000/0.9523	9.reduce=0.0336/0.9523	10.completion=0.0064/0.9523	11.corecand=0.0000/0.9523	12.peo=0.0112/0.9523	13p.prep=0.0094/0.0000	13p.seeds=4.0000/0.0000	13p.rounds=8.0000/0.0000	13p.ledger=3039504.0000/0.0000	13p.recon=0.0099/0.0000	13p.mcs=0.0124/0.0000	13.alt=0.0475/0.9523	14.transplant=0.0061/0.9523	15.minl=0.1496/0.9522	15.peel=0.0000/0.9522	16.late=0.0000/0.9522	17.final=0.0017/0.9522	18.simp=0.0000/0.9522	19.five=0.0000/0.9522	20.lt1k=0.0000/0.9522	21.comp=0.0000/0.9522	22.win=0.0000/0.9522	final=0.9522
LIFT	faclay35	26778	13686	106196	13686
COUNTS	faclay35	26778	132380	33630126	32021838
LADGATE	13175	10000	0.222	0
PHASES	emfl050_5_5	0.2219	1.portfolio=0.1375/1.0000	1b.indep=0.0254/1.0000	2.descent=0.0000/1.0000	3.search=0.0000/1.0000	4.subtree=0.0005/1.0000	4b.indep-accept=0.0000/1.0000	5.terminal=0.0009/1.0000	6.extra=0.0000/1.0000	7.telos=0.0000/1.0000	8.cleanup=0.0000/1.0000	9.reduce=0.0209/1.0000	10.completion=0.0039/1.0000	11.corecand=0.0000/1.0000	12.peo=0.0015/1.0000	13p.prep=0.0056/0.0000	13p.seeds=8.0000/0.0000	13p.rounds=15.0000/0.0000	13p.ledger=1260403.0000/0.0000	13p.recon=0.0044/0.0001	13p.mcs=0.0053/0.0000	13.alt=0.0252/1.0000	14.transplant=0.0003/1.0000	15.minl=0.0036/1.0000	15.peel=0.0000/1.0000	16.late=0.0000/1.0000	17.final=0.0006/1.0000	18.simp=0.0000/1.0000	19.five=0.0000/1.0000	20.lt1k=0.0000/1.0000	21.comp=0.0000/1.0000	22.win=0.0000/1.0000	final=1.0000
LIFT	emfl050_5_5	13175	5675	17300	5675
COUNTS	emfl050_5_5	13175	32300	155400	155400
PHASES	transswitch2383wpr	0.5105	1.portfolio=0.3185/0.9810	1b.indep=0.0264/0.9810	2.descent=0.0000/0.9810	3.search=0.0000/0.9810	4.subtree=0.0000/0.9810	4b.indep-accept=0.0000/0.9810	5.terminal=0.0000/0.9810	6.extra=0.0000/0.9810	7.telos=0.0000/0.9810	8.cleanup=0.0000/0.9810	9.reduce=0.0274/0.9810	10.completion=0.0000/0.9810	11.corecand=0.0000/0.9810	12.peo=0.0177/0.9810	13p.prep=0.0000/0.0000	13p.seeds=0.0000/0.0000	13p.rounds=0.0000/0.0000	13p.ledger=0.0000/0.0000	13p.recon=0.0000/0.0000	13p.mcs=0.0000/0.0000	13.alt=0.0000/0.9810	14.transplant=0.0000/0.9810	15.minl=0.1035/0.9803	15.peel=0.0000/0.9803	16.late=0.0000/0.9803	17.final=0.0049/0.9803	18.simp=0.0000/0.9803	19.five=0.0000/0.9803	20.lt1k=0.0000/0.9803	21.comp=0.0000/0.9803	22.win=0.0000/0.9803	final=0.9803
LIFT	transswitch2383wpr	59853	37844	247952	37844
COUNTS	transswitch2383wpr	59853	277562	3946309	3868522
LADGATE	1120	10000	0.295	1
PHASES	chimera_lga-01	0.2955	1.portfolio=0.1797/0.8181	1b.indep=0.0072/0.8181	2.descent=0.0000/0.8181	3.search=0.0000/0.8181	4.subtree=0.0004/0.8181	4b.indep-accept=0.0000/0.8005	5.terminal=0.0003/0.8005	6.extra=0.0002/0.8005	7.telos=0.0000/0.8005	8.cleanup=0.0000/0.8005	9.reduce=0.0706/0.8005	10.completion=0.0100/0.7999	11.corecand=0.0000/0.7999	12.peo=0.0006/0.7999	13p.prep=0.0029/0.0000	13p.seeds=8.0000/0.0000	13p.rounds=25.0000/0.0000	13p.ledger=609077.0000/0.0000	13p.recon=0.0025/0.0000	13p.mcs=0.0044/0.0000	13.alt=0.0149/0.7999	14.transplant=0.0037/0.7947	15.minl=0.0106/0.7922	15.peel=0.0000/0.7922	16.late=0.0000/0.7922	17.final=0.0003/0.7922	18.simp=0.0000/0.7922	19.five=0.0000/0.7922	20.lt1k=0.0000/0.7922	21.comp=0.0000/0.7922	22.win=0.0000/0.7922	final=0.7922
LIFT	chimera_lga-01	1120	721	5500	721
COUNTS	chimera_lga-01	1120	6400	668019	529216
LADGATE	4596	10000	0.319	1
PHASES	gasprod_sarawak16	0.3193	1.portfolio=0.2170/0.9929	1b.indep=0.0107/0.9929	2.descent=0.0000/0.9929	3.search=0.0000/0.9929	4.subtree=0.0005/0.9929	4b.indep-accept=0.0000/0.9929	5.terminal=0.0007/0.9929	6.extra=0.0003/0.9929	7.telos=0.0000/0.9929	8.cleanup=0.0000/0.9929	9.reduce=0.0651/0.9929	10.completion=0.0063/0.9882	11.corecand=0.0035/0.9882	12.peo=0.0008/0.9882	13p.prep=0.0000/0.0000	13p.seeds=0.0000/0.0000	13p.rounds=0.0000/0.0000	13p.ledger=0.0000/0.0000	13p.recon=0.0000/0.0000	13p.mcs=0.0000/0.0000	13.alt=0.0000/0.9882	14.transplant=0.0087/0.9207	15.minl=0.0129/0.9207	15.peel=0.0000/0.9207	16.late=0.0000/0.9207	17.final=0.0004/0.9207	18.simp=0.0000/0.9207	19.five=0.0000/0.9207	20.lt1k=0.0000/0.9207	21.comp=0.0000/0.9207	22.win=0.0000/0.9207	final=0.9207
LIFT	gasprod_sarawak16	4596	2632	12316	2632
COUNTS	gasprod_sarawak16	4596	15316	213850	196882
LADGATE	15904	10000	0.779	0
PHASES	crudeoil_lee4_09	0.7797	1.portfolio=0.3850/0.6866	1b.indep=0.1260/0.6866	2.descent=0.0000/0.6866	3.search=0.0000/0.6866	4.subtree=0.0020/0.6866	4b.indep-accept=0.0000/0.6651	5.terminal=0.0026/0.6651	6.extra=0.0000/0.6651	7.telos=0.0000/0.6651	8.cleanup=0.0000/0.6651	9.reduce=0.0810/0.6651	10.completion=0.0011/0.6651	11.corecand=0.0000/0.6651	12.peo=0.0202/0.6651	13p.prep=0.0150/0.0000	13p.seeds=8.0000/0.0000	13p.rounds=12.0000/0.0000	13p.ledger=3496772.0000/0.0000	13p.recon=0.0128/0.0000	13p.mcs=0.0226/0.0000	13.alt=0.0621/0.6651	14.transplant=0.0119/0.6233	15.minl=0.0890/0.6184	15.peel=0.0000/0.6184	16.late=0.0000/0.6184	17.final=0.0018/0.6184	18.simp=0.0000/0.6184	19.five=0.0000/0.6184	20.lt1k=0.0000/0.6184	21.comp=0.0000/0.6184	22.win=0.0000/0.6184	final=0.6184
LIFT	crudeoil_lee4_09	15904	10632	92014	10632
COUNTS	crudeoil_lee4_09	15904	101792	208785578	129113809
LADGATE	44909	10000	0.625	0
PHASES	arki0013	0.6266	1.portfolio=0.2331/0.6159	1b.indep=0.1418/0.4393	2.descent=0.0000/0.4393	3.search=0.0000/0.4393	4.subtree=0.0035/0.4393	4b.indep-accept=0.0000/0.4393	5.terminal=0.0049/0.4393	6.extra=0.0000/0.4393	7.telos=0.0000/0.4393	8.cleanup=0.0000/0.4393	9.reduce=0.0959/0.4393	10.completion=0.0000/0.4393	11.corecand=0.0000/0.4393	12.peo=0.0198/0.4393	13p.prep=0.0291/0.0000	13p.seeds=8.0000/0.0000	13p.rounds=12.0000/0.0000	13p.ledger=3763668.0000/0.0000	13p.recon=0.0156/0.0000	13p.mcs=0.0253/0.0000	13.alt=0.0916/0.4393	14.transplant=0.0144/0.4040	15.minl=0.0187/0.4040	15.peel=0.0000/0.4040	16.late=0.0000/0.4040	17.final=0.0037/0.4040	18.simp=0.0000/0.4040	19.five=0.0000/0.4040	20.lt1k=0.0000/0.4040	21.comp=0.0000/0.4040	22.win=0.0000/0.4040	final=0.4040
LIFT	arki0013	44909	18463	161472	18463
COUNTS	arki0013	44909	160172	390472987	157739604
LADGATE	42	10000	0.006	1
PHASES	st_m1	0.0076	1.portfolio=0.0039/1.0000	1b.indep=0.0003/1.0000	2.descent=0.0000/1.0000	3.search=0.0000/1.0000	4.subtree=0.0000/1.0000	4b.indep-accept=0.0000/1.0000	5.terminal=0.0000/1.0000	6.extra=0.0000/1.0000	7.telos=0.0000/1.0000	8.cleanup=0.0000/1.0000	9.reduce=0.0000/1.0000	10.completion=0.0000/1.0000	11.corecand=0.0005/1.0000	12.peo=0.0000/1.0000	13p.prep=0.0001/0.0000	13p.seeds=8.0000/0.0000	13p.rounds=15.0000/0.0000	13p.ledger=11872.0000/0.0000	13p.recon=0.0000/0.0048	13p.mcs=0.0001/0.0000	13.alt=0.0003/1.0000	14.transplant=0.0000/1.0000	15.minl=0.0000/1.0000	15.peel=0.0000/1.0000	16.late=0.0000/1.0000	17.final=0.0001/1.0000	18.simp=0.0000/1.0000	19.five=0.0000/1.0000	20.lt1k=0.0011/1.0000	21.comp=0.0000/1.0000	22.win=0.0000/1.0000	final=1.0000
LIFT	st_m1	42	11	110	11
COUNTS	st_m1	42	432	3097	3097
LADGATE	5310	10000	0.322	1
PHASES	mpbp_47	0.3225	1.portfolio=0.2084/0.9380	1b.indep=0.0153/0.9380	2.descent=0.0000/0.9380	3.search=0.0000/0.9380	4.subtree=0.0005/0.9380	4b.indep-accept=0.0000/0.9380	5.terminal=0.0006/0.9380	6.extra=0.0004/0.9380	7.telos=0.0000/0.9380	8.cleanup=0.0000/0.9380	9.reduce=0.0671/0.9380	10.completion=0.0117/0.9307	11.corecand=0.0000/0.9307	12.peo=0.0010/0.9307	13p.prep=0.0000/0.0000	13p.seeds=0.0000/0.0000	13p.rounds=0.0000/0.0000	13p.ledger=0.0000/0.0000	13p.recon=0.0000/0.0000	13p.mcs=0.0000/0.0000	13.alt=0.0000/0.9307	14.transplant=0.0093/0.9296	15.minl=0.0161/0.9296	15.peel=0.0000/0.9296	16.late=0.0000/0.9296	17.final=0.0005/0.9296	18.simp=0.0000/0.9296	19.five=0.0000/0.9296	20.lt1k=0.0000/0.9296	21.comp=0.0000/0.9296	22.win=0.0000/0.9296	final=0.9296
LIFT	mpbp_47	5310	3182	12798	3182
COUNTS	mpbp_47	5310	17098	730624	679157
LADGATE	821	10000	0.134	1
PHASES	rsyn0815m	0.1682	1.portfolio=0.0738/0.9449	1b.indep=0.0017/0.9449	2.descent=0.0000/0.9449	3.search=0.0000/0.9449	4.subtree=0.0002/0.9449	4b.indep-accept=0.0000/0.9449	5.terminal=0.0001/0.9449	6.extra=0.0001/0.9449	7.telos=0.0000/0.9449	8.cleanup=0.0000/0.9449	9.reduce=0.0016/0.9449	10.completion=0.0003/0.9415	11.corecand=0.0171/0.9415	12.peo=0.0002/0.9415	13p.prep=0.0008/0.0000	13p.seeds=8.0000/0.0000	13p.rounds=20.0000/0.0000	13p.ledger=108707.0000/0.0000	13p.recon=0.0005/0.0024	13p.mcs=0.0005/0.0000	13.alt=0.0031/0.9415	14.transplant=0.0012/0.9415	15.minl=0.0015/0.9415	15.peel=0.0000/0.9415	16.late=0.0000/0.9415	17.final=0.0002/0.9415	18.simp=0.0000/0.9415	19.five=0.0000/0.9415	20.lt1k=0.0340/0.9415	21.comp=0.0003/0.9415	22.win=0.0000/0.9415	final=0.9415
LIFT	rsyn0815m	821	434	1516	434
COUNTS	rsyn0815m	821	2242	8260	7777
LADGATE	7993	10000	0.699	1
PHASES	arki0016	0.6995	1.portfolio=0.4939/0.9636	1b.indep=0.0583/0.9636	2.descent=0.0000/0.9636	3.search=0.0000/0.9636	4.subtree=0.0009/0.9636	4b.indep-accept=0.0000/0.9636	5.terminal=0.0010/0.9636	6.extra=0.0005/0.9636	7.telos=0.0000/0.9636	8.cleanup=0.0000/0.9636	9.reduce=0.1091/0.9636	10.completion=0.0128/0.9635	11.corecand=0.0000/0.9635	12.peo=0.0016/0.9635	13p.prep=0.0000/0.0000	13p.seeds=0.0000/0.0000	13p.rounds=0.0000/0.0000	13p.ledger=0.0000/0.0000	13p.recon=0.0000/0.0000	13p.mcs=0.0000/0.0000	13.alt=0.0000/0.9635	14.transplant=0.0085/0.9627	15.minl=0.0162/0.9627	15.peel=0.0000/0.9627	16.late=0.0000/0.9627	17.final=0.0007/0.9627	18.simp=0.0000/0.9627	19.five=0.0000/0.9627	20.lt1k=0.0000/0.9627	21.comp=0.0000/0.9627	22.win=0.0000/0.9627	final=0.9627
LIFT	arki0016	7993	4968	26810	4968
COUNTS	arki0016	7993	37208	878890	846089
LADGATE	18	10000	0.002	1
PHASES	st_glmp_ss2	0.0026	1.portfolio=0.0013/1.0000	1b.indep=0.0000/1.0000	2.descent=0.0000/1.0000	3.search=0.0000/1.0000	4.subtree=0.0000/1.0000	4b.indep-accept=0.0000/1.0000	5.terminal=0.0000/1.0000	6.extra=0.0000/1.0000	7.telos=0.0000/1.0000	8.cleanup=0.0000/1.0000	9.reduce=0.0000/1.0000	10.completion=0.0000/1.0000	11.corecand=0.0002/1.0000	12.peo=0.0000/1.0000	13p.prep=0.0000/0.0000	13p.seeds=6.0000/0.0000	13p.rounds=10.0000/0.0000	13p.ledger=1149.0000/0.0000	13p.recon=0.0000/0.0826	13p.mcs=0.0000/0.0000	13.alt=0.0001/1.0000	14.transplant=0.0000/1.0000	15.minl=0.0000/1.0000	15.peel=0.0000/1.0000	16.late=0.0000/1.0000	17.final=0.0000/1.0000	18.simp=0.0000/1.0000	19.five=0.0000/1.0000	20.lt1k=0.0004/1.0000	21.comp=0.0000/1.0000	22.win=0.0000/1.0000	final=1.0000
COUNTS	st_glmp_ss2	18	48	121	121
LADGATE	2670	10000	0.317	1
PHASES	rsyn0810m02hfsg	0.3170	1.portfolio=0.2710/0.9589	1b.indep=0.0080/0.9589	2.descent=0.0000/0.9589	3.search=0.0000/0.9589	4.subtree=0.0004/0.9589	4b.indep-accept=0.0000/0.9589	5.terminal=0.0004/0.9589	6.extra=0.0002/0.9589	7.telos=0.0000/0.9589	8.cleanup=0.0000/0.9589	9.reduce=0.0155/0.9575	10.completion=0.0014/0.9532	11.corecand=0.0000/0.9532	12.peo=0.0005/0.9532	13p.prep=0.0035/0.0000	13p.seeds=8.0000/0.0000	13p.rounds=29.0000/0.0000	13p.ledger=529801.0000/0.0000	13p.recon=0.0022/0.0008	13p.mcs=0.0025/0.0000	13.alt=0.0146/0.9532	14.transplant=0.0044/0.9496	15.minl=0.0044/0.9496	15.peel=0.0000/0.9496	16.late=0.0000/0.9496	17.final=0.0003/0.9496	18.simp=0.0000/0.9496	19.five=0.0000/0.9496	20.lt1k=0.0000/0.9496	21.comp=0.0000/0.9496	22.win=0.0000/0.9496	final=0.9496
LIFT	rsyn0810m02hfsg	2670	1484	4808	1484
COUNTS	rsyn0810m02hfsg	2670	6964	36862	35004
LADGATE	55	10000	0.007	1
PHASES	pointpack06	0.0086	1.portfolio=0.0046/1.0000	1b.indep=0.0003/1.0000	2.descent=0.0000/1.0000	3.search=0.0000/1.0000	4.subtree=0.0000/1.0000	4b.indep-accept=0.0000/1.0000	5.terminal=0.0000/1.0000	6.extra=0.0000/1.0000	7.telos=0.0000/1.0000	8.cleanup=0.0000/1.0000	9.reduce=0.0002/1.0000	10.completion=0.0000/1.0000	11.corecand=0.0006/1.0000	12.peo=0.0000/1.0000	13p.prep=0.0001/0.0000	13p.seeds=8.0000/0.0000	13p.rounds=13.0000/0.0000	13p.ledger=8059.0000/0.0000	13p.recon=0.0000/0.0087	13p.mcs=0.0001/0.0000	13.alt=0.0003/1.0000	14.transplant=0.0000/1.0000	15.minl=0.0000/1.0000	15.peel=0.0000/1.0000	16.late=0.0000/1.0000	17.final=0.0000/1.0000	18.simp=0.0000/1.0000	19.five=0.0000/1.0000	20.lt1k=0.0011/1.0000	21.comp=0.0000/1.0000	22.win=0.0000/1.0000	final=1.0000
LIFT	pointpack06	55	34	234	34
COUNTS	pointpack06	55	276	1497	1497
LADGATE	6328	10000	0.258	1
PHASES	syn40m04hfsg	0.2584	1.portfolio=0.2064/0.9808	1b.indep=0.0134/0.9808	2.descent=0.0000/0.9808	3.search=0.0000/0.9808	4.subtree=0.0005/0.9808	4b.indep-accept=0.0000/0.9808	5.terminal=0.0006/0.9808	6.extra=0.0003/0.9808	7.telos=0.0000/0.9808	8.cleanup=0.0000/0.9808	9.reduce=0.0188/0.9808	10.completion=0.0026/0.9779	11.corecand=0.0000/0.9779	12.peo=0.0009/0.9779	13p.prep=0.0000/0.0000	13p.seeds=0.0000/0.0000	13p.rounds=0.0000/0.0000	13p.ledger=0.0000/0.0000	13p.recon=0.0000/0.0000	13p.mcs=0.0000/0.0000	13.alt=0.0000/0.9779	14.transplant=0.0113/0.9776	15.minl=0.0134/0.9776	15.peel=0.0000/0.9776	16.late=0.0000/0.9776	17.final=0.0005/0.9776	18.simp=0.0000/0.9776	19.five=0.0000/0.9776	20.lt1k=0.0000/0.9776	21.comp=0.0000/0.9776	22.win=0.0000/0.9776	final=0.9776
LIFT	syn40m04hfsg	6328	3492	11224	3492
COUNTS	syn40m04hfsg	6328	16896	76232	74527
LADGATE	258	10000	0.031	1
PHASES	clay0304m	0.0399	1.portfolio=0.0168/1.0000	1b.indep=0.0004/1.0000	2.descent=0.0000/1.0000	3.search=0.0000/1.0000	4.subtree=0.0000/1.0000	4b.indep-accept=0.0000/1.0000	5.terminal=0.0000/1.0000	6.extra=0.0000/1.0000	7.telos=0.0000/1.0000	8.cleanup=0.0000/1.0000	9.reduce=0.0007/1.0000	10.completion=0.0001/1.0000	11.corecand=0.0042/1.0000	12.peo=0.0001/1.0000	13p.prep=0.0001/0.0000	13p.seeds=8.0000/0.0000	13p.rounds=13.0000/0.0000	13p.ledger=24773.0000/0.0000	13p.recon=0.0001/0.0047	13p.mcs=0.0001/0.0000	13.alt=0.0006/1.0000	14.transplant=0.0000/1.0000	15.minl=0.0001/1.0000	15.peel=0.0000/1.0000	16.late=0.0000/1.0000	17.final=0.0001/1.0000	18.simp=0.0000/1.0000	19.five=0.0000/1.0000	20.lt1k=0.0082/1.0000	21.comp=0.0001/1.0000	22.win=0.0000/1.0000	final=1.0000
LIFT	clay0304m	258	122	576	122
COUNTS	clay0304m	258	840	2742	2742
LADGATE	1218	10000	0.321	1
PHASES	pooling_foulds5pq	0.3214	1.portfolio=0.2660/1.0000	1b.indep=0.0077/1.0000	2.descent=0.0000/1.0000	3.search=0.0000/1.0000	4.subtree=0.0001/1.0000	4b.indep-accept=0.0000/1.0000	5.terminal=0.0002/1.0000	6.extra=0.0000/1.0000	7.telos=0.0000/1.0000	8.cleanup=0.0000/1.0000	9.reduce=0.0392/1.0000	10.completion=0.0019/1.0000	11.corecand=0.0000/1.0000	12.peo=0.0003/1.0000	13p.prep=0.0008/0.0000	13p.seeds=8.0000/0.0000	13p.rounds=15.0000/0.0000	13p.ledger=286594.0000/0.0000	13p.recon=0.0007/0.0001	13p.mcs=0.0010/0.0000	13.alt=0.0040/1.0000	14.transplant=0.0000/1.0000	15.minl=0.0013/1.0000	15.peel=0.0000/1.0000	16.late=0.0000/1.0000	17.final=0.0002/1.0000	18.simp=0.0000/1.0000	19.five=0.0000/1.0000	20.lt1k=0.0000/1.0000	21.comp=0.0000/1.0000	22.win=0.0000/1.0000	final=1.0000
LIFT	pooling_foulds5pq	1218	655	7342	655
COUNTS	pooling_foulds5pq	1218	8300	159641	159641
LADGATE	1000	10000	0.167	1
PHASES	clay0305hfsg	0.2122	1.portfolio=0.0915/0.9282	1b.indep=0.0015/0.9282	2.descent=0.0000/0.9282	3.search=0.0000/0.9282	4.subtree=0.0002/0.9282	4b.indep-accept=0.0000/0.9282	5.terminal=0.0001/0.9282	6.extra=0.0001/0.9282	7.telos=0.0000/0.9282	8.cleanup=0.0000/0.9282	9.reduce=0.0036/0.9282	10.completion=0.0003/0.9282	11.corecand=0.0206/0.9282	12.peo=0.0002/0.9282	13p.prep=0.0007/0.0000	13p.seeds=8.0000/0.0000	13p.rounds=19.0000/0.0000	13p.ledger=134572.0000/0.0000	13p.recon=0.0005/0.0015	13p.mcs=0.0005/0.0000	13.alt=0.0028/0.9282	14.transplant=0.0011/0.9282	15.minl=0.0014/0.9168	15.peel=0.0000/0.9168	16.late=0.0000/0.9168	17.final=0.0002/0.9168	18.simp=0.0000/0.9168	19.five=0.0000/0.9168	20.lt1k=0.0445/0.9168	21.comp=0.0003/0.9168	22.win=0.0000/0.9168	final=0.9168
LIFT	clay0305hfsg	1000	485	2050	485
COUNTS	clay0305hfsg	1000	2910	12260	11240
LADGATE	64	10000	0.008	1
PHASES	st_test8	0.0102	1.portfolio=0.0049/0.8382	1b.indep=0.0003/0.8382	2.descent=0.0000/0.8382	3.search=0.0000/0.8382	4.subtree=0.0001/0.8382	4b.indep-accept=0.0000/0.8382	5.terminal=0.0000/0.8382	6.extra=0.0000/0.8382	7.telos=0.0000/0.8382	8.cleanup=0.0000/0.8382	9.reduce=0.0002/0.8382	10.completion=0.0001/0.8382	11.corecand=0.0009/0.8382	12.peo=0.0000/0.8382	13p.prep=0.0000/0.0000	13p.seeds=8.0000/0.0000	13p.rounds=9.0000/0.0000	13p.ledger=5499.0000/0.0000	13p.recon=0.0000/0.0038	13p.mcs=0.0000/0.0000	13.alt=0.0002/0.8382	14.transplant=0.0000/0.8382	15.minl=0.0001/0.8382	15.peel=0.0000/0.8382	16.late=0.0000/0.8382	17.final=0.0000/0.8382	18.simp=0.0000/0.8382	19.five=0.0000/0.8382	20.lt1k=0.0017/0.8382	21.comp=0.0001/0.8382	22.win=0.0000/0.8382	final=0.8382
LIFT	st_test8	64	44	192	44
COUNTS	st_test8	64	232	2343	1964
PHASES	gams05	0.7774	1.portfolio=0.2322/0.7945	1b.indep=0.2766/0.5388	2.descent=0.0000/0.5388	3.search=0.0000/0.5388	4.subtree=0.0037/0.5388	4b.indep-accept=0.0000/0.5388	5.terminal=0.0000/0.5388	6.extra=0.0000/0.5388	7.telos=0.0000/0.5388	8.cleanup=0.0000/0.5388	9.reduce=0.1829/0.5388	10.completion=0.0000/0.5388	11.corecand=0.0000/0.5388	12.peo=0.0026/0.5388	13p.prep=0.0206/0.0000	13p.seeds=8.0000/0.0000	13p.rounds=8.0000/0.0000	13p.ledger=0.0000/0.0000	13p.recon=0.0000/0.0000	13p.mcs=0.0000/0.0000	13.alt=0.0228/0.5388	14.transplant=0.0106/0.5381	15.minl=0.0151/0.5381	15.peel=0.0000/0.5381	16.late=0.0000/0.5381	17.final=0.0037/0.5381	18.simp=0.0000/0.5381	19.five=0.0000/0.5381	20.lt1k=0.0000/0.5381	21.comp=0.0000/0.5381	22.win=0.0000/0.5381	final=0.5381
LIFT	gams05	17364	8487	278504	8487
COUNTS	gams05	17364	252910	6179750712	3325565643
LADGATE	31	10000	0.005	1
PHASES	sporttournament08	0.0058	1.portfolio=0.0031/1.0000	1b.indep=0.0000/1.0000	2.descent=0.0000/1.0000	3.search=0.0000/1.0000	4.subtree=0.0000/1.0000	4b.indep-accept=0.0000/1.0000	5.terminal=0.0000/1.0000	6.extra=0.0000/1.0000	7.telos=0.0000/1.0000	8.cleanup=0.0000/1.0000	9.reduce=0.0000/1.0000	10.completion=0.0000/1.0000	11.corecand=0.0005/1.0000	12.peo=0.0000/1.0000	13p.prep=0.0000/0.0000	13p.seeds=8.0000/0.0000	13p.rounds=9.0000/0.0000	13p.ledger=3087.0000/0.0000	13p.recon=0.0000/0.0104	13p.mcs=0.0000/0.0000	13.alt=0.0001/1.0000	14.transplant=0.0000/1.0000	15.minl=0.0000/1.0000	15.peel=0.0000/1.0000	16.late=0.0000/1.0000	17.final=0.0000/1.0000	18.simp=0.0000/1.0000	19.five=0.0000/1.0000	20.lt1k=0.0009/1.0000	21.comp=0.0000/1.0000	22.win=0.0000/1.0000	final=1.0000
COUNTS	sporttournament08	31	156	862	862
LADGATE	1121	10000	0.126	1
PHASES	powerflow0030p	0.1258	1.portfolio=0.1050/0.9507	1b.indep=0.0030/0.9507	2.descent=0.0000/0.9507	3.search=0.0000/0.9507	4.subtree=0.0002/0.9507	4b.indep-accept=0.0000/0.9507	5.terminal=0.0002/0.9507	6.extra=0.0001/0.9507	7.telos=0.0000/0.9507	8.cleanup=0.0000/0.9507	9.reduce=0.0117/0.9507	10.completion=0.0007/0.9507	11.corecand=0.0000/0.9507	12.peo=0.0003/0.9507	13p.prep=0.0004/0.0000	13p.seeds=8.0000/0.0000	13p.rounds=8.0000/0.0000	13p.ledger=77682.0000/0.0000	13p.recon=0.0003/0.0003	13p.mcs=0.0003/0.0000	13.alt=0.0018/0.9507	14.transplant=0.0018/0.9484	15.minl=0.0023/0.9484	15.peel=0.0000/0.9484	16.late=0.0000/0.9484	17.final=0.0002/0.9484	18.simp=0.0000/0.9484	19.five=0.0000/0.9484	20.lt1k=0.0000/0.9484	21.comp=0.0000/0.9484	22.win=0.0000/0.9484	final=0.9484
LIFT	powerflow0030p	1121	642	3468	642
COUNTS	powerflow0030p	1121	4194	24944	23658
LADGATE	22407	10000	0.528	0
PHASES	popdynm200	0.5290	1.portfolio=0.2769/0.9879	1b.indep=0.0720/0.9879	2.descent=0.0000/0.9879	3.search=0.0000/0.9879	4.subtree=0.0016/0.9879	4b.indep-accept=0.0000/0.9694	5.terminal=0.0021/0.9694	6.extra=0.0000/0.9694	7.telos=0.0000/0.9694	8.cleanup=0.0000/0.9694	9.reduce=0.0551/0.9694	10.completion=0.0064/0.9694	11.corecand=0.0000/0.9694	12.peo=0.0047/0.9694	13p.prep=0.0146/0.0000	13p.seeds=8.0000/0.0000	13p.rounds=15.0000/0.0000	13p.ledger=3816894.0000/0.0000	13p.recon=0.0121/0.0000	13p.mcs=0.0170/0.0000	13.alt=0.0631/0.9694	14.transplant=0.0082/0.9600	15.minl=0.0373/0.9600	15.peel=0.0000/0.9600	16.late=0.0000/0.9600	17.final=0.0018/0.9600	18.simp=0.0000/0.9600	19.five=0.0000/0.9600	20.lt1k=0.0000/0.9600	21.comp=0.0000/0.9600	22.win=0.0000/0.9600	final=0.9600
LIFT	popdynm200	22407	18799	98384	18799
COUNTS	popdynm200	22407	105584	2567878	2465286
LADGATE	11120	10000	0.436	0
PHASES	mpbp_35	0.4358	1.portfolio=0.2214/0.4688	1b.indep=0.0352/0.4688	2.descent=0.0000/0.4688	3.search=0.0000/0.4688	4.subtree=0.0008/0.4688	4b.indep-accept=0.0000/0.4323	5.terminal=0.0010/0.4323	6.extra=0.0000/0.4323	7.telos=0.0000/0.4323	8.cleanup=0.0000/0.4323	9.reduce=0.0190/0.4323	10.completion=0.0203/0.4298	11.corecand=0.0000/0.4298	12.peo=0.0081/0.4298	13p.prep=0.0152/0.0000	13p.seeds=8.0000/0.0000	13p.rounds=33.0000/0.0000	13p.ledger=3902006.0000/0.0000	13p.recon=0.0133/0.0000	13p.mcs=0.0212/0.0000	13.alt=0.0749/0.4298	14.transplant=0.0117/0.3988	15.minl=0.0528/0.3886	15.peel=0.0000/0.3886	16.late=0.0000/0.3886	17.final=0.0008/0.3886	18.simp=0.0000/0.3886	19.five=0.0000/0.3886	20.lt1k=0.0000/0.3886	21.comp=0.0000/0.3886	22.win=0.0000/0.3886	final=0.3886
LIFT	mpbp_35	11120	6920	32350	6920
COUNTS	mpbp_35	11120	40790	3037207	1180356
LADGATE	1492	10000	0.119	1
PHASES	syn30m02m	0.1187	1.portfolio=0.1050/0.9832	1b.indep=0.0023/0.9832	2.descent=0.0000/0.9832	3.search=0.0000/0.9832	4.subtree=0.0003/0.9832	4b.indep-accept=0.0000/0.9832	5.terminal=0.0002/0.9832	6.extra=0.0001/0.9832	7.telos=0.0000/0.9832	8.cleanup=0.0000/0.9832	9.reduce=0.0036/0.9832	10.completion=0.0005/0.9832	11.corecand=0.0000/0.9832	12.peo=0.0003/0.9832	13p.prep=0.0008/0.0000	13p.seeds=8.0000/0.0000	13p.rounds=12.0000/0.0000	13p.ledger=115931.0000/0.0000	13p.recon=0.0005/0.0009	13p.mcs=0.0005/0.0000	13.alt=0.0032/0.9832	14.transplant=0.0023/0.9824	15.minl=0.0028/0.9824	15.peel=0.0000/0.9824	16.late=0.0000/0.9824	17.final=0.0002/0.9824	18.simp=0.0000/0.9824	19.five=0.0000/0.9824	20.lt1k=0.0000/0.9824	21.comp=0.0000/0.9824	22.win=0.0000/0.9824	final=0.9824
LIFT	syn30m02m	1492	762	2608	762
COUNTS	syn30m02m	1492	3936	13752	13510
LADGATE	481	10000	0.184	1
PHASES	wastewater13m1	0.2066	1.portfolio=0.1435/0.9989	1b.indep=0.0024/0.9989	2.descent=0.0000/0.9989	3.search=0.0000/0.9989	4.subtree=0.0002/0.9989	4b.indep-accept=0.0000/0.9989	5.terminal=0.0001/0.9989	6.extra=0.0000/0.9989	7.telos=0.0000/0.9989	8.cleanup=0.0000/0.9989	9.reduce=0.0033/0.9989	10.completion=0.0005/0.9989	11.corecand=0.0103/0.9989	12.peo=0.0001/0.9989	13p.prep=0.0003/0.0000	13p.seeds=8.0000/0.0000	13p.rounds=12.0000/0.0000	13p.ledger=87623.0000/0.0000	13p.recon=0.0002/0.0002	13p.mcs=0.0003/0.0000	13.alt=0.0012/0.9989	14.transplant=0.0005/0.9989	15.minl=0.0008/0.9989	15.peel=0.0000/0.9989	16.late=0.0000/0.9989	17.final=0.0001/0.9989	18.simp=0.0000/0.9989	19.five=0.0000/0.9989	20.lt1k=0.0208/0.9989	21.comp=0.0005/0.9989	22.win=0.0000/0.9989	final=0.9989
LIFT	wastewater13m1	481	353	3026	353
COUNTS	wastewater13m1	481	3252	60135	60068
LADGATE	1022	10000	0.076	1
PHASES	syn40hfsg	0.0755	1.portfolio=0.0623/0.9828	1b.indep=0.0019/0.9828	2.descent=0.0000/0.9828	3.search=0.0000/0.9828	4.subtree=0.0002/0.9828	4b.indep-accept=0.0000/0.9828	5.terminal=0.0002/0.9828	6.extra=0.0001/0.9828	7.telos=0.0000/0.9828	8.cleanup=0.0000/0.9828	9.reduce=0.0018/0.9828	10.completion=0.0004/0.9680	11.corecand=0.0000/0.9680	12.peo=0.0002/0.9680	13p.prep=0.0016/0.0000	13p.seeds=8.0000/0.0000	13p.rounds=34.0000/0.0000	13p.ledger=219739.0000/0.0000	13p.recon=0.0009/0.0040	13p.mcs=0.0009/0.0000	13.alt=0.0063/0.9680	14.transplant=0.0016/0.9680	15.minl=0.0018/0.9671	15.peel=0.0000/0.9671	16.late=0.0000/0.9671	17.final=0.0002/0.9671	18.simp=0.0000/0.9671	19.five=0.0000/0.9671	20.lt1k=0.0000/0.9671	21.comp=0.0000/0.9671	22.win=0.0000/0.9671	final=0.9671
LIFT	syn40hfsg	1022	573	1726	573
COUNTS	syn40hfsg	1022	2624	8432	8155
LADGATE	69	10000	0.010	1
PHASES	sep1	0.0120	1.portfolio=0.0053/0.9544	1b.indep=0.0002/0.9544	2.descent=0.0000/0.9544	3.search=0.0000/0.9544	4.subtree=0.0001/0.9544	4b.indep-accept=0.0000/0.9544	5.terminal=0.0000/0.9544	6.extra=0.0000/0.9544	7.telos=0.0000/0.9544	8.cleanup=0.0000/0.9544	9.reduce=0.0003/0.9544	10.completion=0.0000/0.9544	11.corecand=0.0011/0.9544	12.peo=0.0000/0.9544	13p.prep=0.0000/0.0000	13p.seeds=8.0000/0.0000	13p.rounds=8.0000/0.0000	13p.ledger=4206.0000/0.0000	13p.recon=0.0000/0.0073	13p.mcs=0.0000/0.0000	13.alt=0.0002/0.9544	14.transplant=0.0001/0.9544	15.minl=0.0001/0.9544	15.peel=0.0000/0.9544	16.late=0.0000/0.9544	17.final=0.0001/0.9544	18.simp=0.0000/0.9544	19.five=0.0000/0.9544	20.lt1k=0.0022/0.9544	21.comp=0.0000/0.9544	22.win=0.0000/0.9544	final=0.9544
LIFT	sep1	69	36	150	36
COUNTS	sep1	69	206	1097	1047
LADGATE	2508	10000	0.283	1
PHASES	syn30m03m	0.2829	1.portfolio=0.2595/0.9962	1b.indep=0.0045/0.9962	2.descent=0.0000/0.9962	3.search=0.0000/0.9962	4.subtree=0.0003/0.9962	4b.indep-accept=0.0000/0.9962	5.terminal=0.0003/0.9962	6.extra=0.0002/0.9962	7.telos=0.0000/0.9962	8.cleanup=0.0000/0.9962	9.reduce=0.0081/0.9962	10.completion=0.0009/0.9962	11.corecand=0.0000/0.9962	12.peo=0.0005/0.9962	13p.prep=0.0009/0.0000	13p.seeds=8.0000/0.0000	13p.rounds=8.0000/0.0000	13p.ledger=133866.0000/0.0000	13p.recon=0.0006/0.0003	13p.mcs=0.0005/0.0000	13.alt=0.0036/0.9962	14.transplant=0.0035/0.9955	15.minl=0.0044/0.9955	15.peel=0.0000/0.9955	16.late=0.0000/0.9955	17.final=0.0003/0.9955	18.simp=0.0000/0.9955	19.five=0.0000/0.9955	20.lt1k=0.0000/0.9955	21.comp=0.0000/0.9955	22.win=0.0000/0.9955	final=0.9955
LIFT	syn30m03m	2508	1278	4542	1278
COUNTS	syn30m03m	2508	6804	26806	26686
PHASES	st_qpc-m3a	0.0000	final=0.6755
COUNTS	st_qpc-m3a	30	304	2330	1574
LADGATE	2644	10000	0.889	1
PHASES	crudeoil_pooling_ct3	0.8886	1.portfolio=0.7441/0.7043	1b.indep=0.0136/0.7043	2.descent=0.0000/0.7043	3.search=0.0000/0.7043	4.subtree=0.0004/0.7043	4b.indep-accept=0.0000/0.7043	5.terminal=0.0005/0.7043	6.extra=0.0003/0.7043	7.telos=0.0000/0.7043	8.cleanup=0.0000/0.7043	9.reduce=0.0547/0.7043	10.completion=0.0150/0.6906	11.corecand=0.0000/0.6906	12.peo=0.0009/0.6906	13p.prep=0.0080/0.0000	13p.seeds=8.0000/0.0000	13p.rounds=42.0000/0.0000	13p.ledger=1777310.0000/0.0000	13p.recon=0.0069/0.0000	13p.mcs=0.0112/0.0000	13.alt=0.0394/0.6906	14.transplant=0.0056/0.6870	15.minl=0.0183/0.6867	15.peel=0.0000/0.6867	16.late=0.0000/0.6867	17.final=0.0004/0.6867	18.simp=0.0000/0.6867	19.five=0.0000/0.6867	20.lt1k=0.0000/0.6867	21.comp=0.0000/0.6867	22.win=0.0000/0.6867	final=0.6867
LIFT	crudeoil_pooling_ct3	2644	1586	9346	1586
COUNTS	crudeoil_pooling_ct3	2644	11426	1381490	948617
LADGATE	634	10000	0.167	1
PHASES	space25a	0.2000	1.portfolio=0.1099/0.9846	1b.indep=0.0020/0.9846	2.descent=0.0000/0.9846	3.search=0.0000/0.9846	4.subtree=0.0002/0.9846	4b.indep-accept=0.0000/0.9846	5.terminal=0.0001/0.9846	6.extra=0.0001/0.9846	7.telos=0.0000/0.9846	8.cleanup=0.0000/0.9846	9.reduce=0.0039/0.9846	10.completion=0.0006/0.9846	11.corecand=0.0153/0.9846	12.peo=0.0002/0.9846	13p.prep=0.0004/0.0000	13p.seeds=8.0000/0.0000	13p.rounds=11.0000/0.0000	13p.ledger=79848.0000/0.0000	13p.recon=0.0003/0.0004	13p.mcs=0.0003/0.0000	13.alt=0.0016/0.9846	14.transplant=0.0010/0.9846	15.minl=0.0015/0.9837	15.peel=0.0000/0.9837	16.late=0.0000/0.9837	17.final=0.0002/0.9837	18.simp=0.0000/0.9837	19.five=0.0000/0.9837	20.lt1k=0.0307/0.9837	21.comp=0.0006/0.9837	22.win=0.0000/0.9837	final=0.9835
LIFT	space25a	634	417	2530	417
COUNTS	space25a	634	3246	29078	28597
PHASES	autocorr_bern20-15	0.0000	final=1.0000
COUNTS	autocorr_bern20-15	23	394	2784	2784
LADGATE	35	10000	0.005	1
PHASES	ex7_2_1	0.0056	1.portfolio=0.0027/0.9688	1b.indep=0.0001/0.9688	2.descent=0.0000/0.9688	3.search=0.0000/0.9688	4.subtree=0.0000/0.9688	4b.indep-accept=0.0000/0.9688	5.terminal=0.0000/0.9688	6.extra=0.0000/0.9688	7.telos=0.0000/0.9688	8.cleanup=0.0000/0.9688	9.reduce=0.0000/0.9688	10.completion=0.0000/0.9688	11.corecand=0.0005/0.9688	12.peo=0.0000/0.9688	13p.prep=0.0000/0.0000	13p.seeds=8.0000/0.0000	13p.rounds=15.0000/0.0000	13p.ledger=4109.0000/0.0000	13p.recon=0.0000/0.0426	13p.mcs=0.0000/0.0000	13.alt=0.0002/0.9688	14.transplant=0.0000/0.9688	15.minl=0.0000/0.9688	15.peel=0.0000/0.9688	16.late=0.0000/0.9688	17.final=0.0000/0.9688	18.simp=0.0000/0.9688	19.five=0.0000/0.9688	20.lt1k=0.0009/0.9688	21.comp=0.0000/0.9688	22.win=0.0000/0.9688	final=0.9688
LIFT	ex7_2_1	35	21	106	21
COUNTS	ex7_2_1	35	134	352	341
LADGATE	2092	10000	0.256	1
PHASES	hydroenergy2	0.2556	1.portfolio=0.2159/0.8769	1b.indep=0.0045/0.8769	2.descent=0.0000/0.8769	3.search=0.0000/0.8769	4.subtree=0.0003/0.8769	4b.indep-accept=0.0000/0.8769	5.terminal=0.0003/0.8769	6.extra=0.0002/0.8769	7.telos=0.0000/0.8769	8.cleanup=0.0000/0.8769	9.reduce=0.0219/0.8263	10.completion=0.0016/0.8238	11.corecand=0.0000/0.8238	12.peo=0.0004/0.8238	13p.prep=0.0017/0.0000	13p.seeds=8.0000/0.0000	13p.rounds=18.0000/0.0000	13p.ledger=302848.0000/0.0000	13p.recon=0.0012/0.0003	13p.mcs=0.0015/0.0000	13.alt=0.0074/0.8238	14.transplant=0.0026/0.8238	15.minl=0.0026/0.8238	15.peel=0.0000/0.8238	16.late=0.0000/0.8238	17.final=0.0003/0.8238	18.simp=0.0000/0.8238	19.five=0.0000/0.8238	20.lt1k=0.0000/0.8238	21.comp=0.0000/0.8238	22.win=0.0000/0.8238	final=0.8238
LIFT	hydroenergy2	2092	1090	4556	1090
COUNTS	hydroenergy2	2092	6236	69051	56887
LADGATE	514	10000	0.218	1
PHASES	pooling_digabel19	0.2513	1.portfolio=0.1473/0.9156	1b.indep=0.0050/0.9156	2.descent=0.0000/0.9156	3.search=0.0000/0.9156	4.subtree=0.0002/0.9156	4b.indep-accept=0.0000/0.9096	5.terminal=0.0001/0.9096	6.extra=0.0001/0.9096	7.telos=0.0000/0.9096	8.cleanup=0.0000/0.9096	9.reduce=0.0070/0.8833	10.completion=0.0041/0.8833	11.corecand=0.0148/0.8833	12.peo=0.0003/0.8833	13p.prep=0.0009/0.0000	13p.seeds=8.0000/0.0000	13p.rounds=16.0000/0.0000	13p.ledger=239904.0000/0.0000	13p.recon=0.0008/0.0000	13p.mcs=0.0016/0.0000	13.alt=0.0047/0.8833	14.transplant=0.0010/0.8811	15.minl=0.0010/0.8811	15.peel=0.0000/0.8811	16.late=0.0000/0.8811	17.final=0.0002/0.8811	18.simp=0.0000/0.8811	19.five=0.0000/0.8811	20.lt1k=0.0285/0.8803	21.comp=0.0044/0.8781	22.win=0.0000/0.8781	final=0.8768
LIFT	pooling_digabel19	514	296	5918	296
COUNTS	pooling_digabel19	514	5340	325989	285837
LADGATE	132	10000	0.016	1
PHASES	clay0203m	0.0209	1.portfolio=0.0086/1.0000	1b.indep=0.0003/1.0000	2.descent=0.0000/1.0000	3.search=0.0000/1.0000	4.subtree=0.0000/1.0000	4b.indep-accept=0.0000/1.0000	5.terminal=0.0000/1.0000	6.extra=0.0000/1.0000	7.telos=0.0000/1.0000	8.cleanup=0.0000/1.0000	9.reduce=0.0004/1.0000	10.completion=0.0000/1.0000	11.corecand=0.0022/1.0000	12.peo=0.0000/1.0000	13p.prep=0.0001/0.0000	13p.seeds=8.0000/0.0000	13p.rounds=9.0000/0.0000	13p.ledger=8632.0000/0.0000	13p.recon=0.0000/0.0067	13p.mcs=0.0000/0.0000	13.alt=0.0002/1.0000	14.transplant=0.0000/1.0000	15.minl=0.0000/1.0000	15.peel=0.0000/1.0000	16.late=0.0000/1.0000	17.final=0.0001/1.0000	18.simp=0.0000/1.0000	19.five=0.0000/1.0000	20.lt1k=0.0044/1.0000	21.comp=0.0000/1.0000	22.win=0.0000/1.0000	final=1.0000
LIFT	clay0203m	132	63	282	63
COUNTS	clay0203m	132	420	1348	1348
LADGATE	13680	10000	0.337	0
PHASES	squfl030-150	0.3368	1.portfolio=0.2460/1.0000	1b.indep=0.0457/1.0000	2.descent=0.0000/1.0000	3.search=0.0000/1.0000	4.subtree=0.0008/1.0000	4b.indep-accept=0.0000/1.0000	5.terminal=0.0011/1.0000	6.extra=0.0000/1.0000	7.telos=0.0000/1.0000	8.cleanup=0.0000/1.0000	9.reduce=0.0101/1.0000	10.completion=0.0055/1.0000	11.corecand=0.0000/1.0000	12.peo=0.0016/1.0000	13p.prep=0.0037/0.0000	13p.seeds=8.0000/0.0000	13p.rounds=10.0000/0.0000	13p.ledger=908297.0000/0.0000	13p.recon=0.0029/0.0000	13p.mcs=0.0039/0.0000	13.alt=0.0174/1.0000	14.transplant=0.0003/1.0000	15.minl=0.0040/1.0000	15.peel=0.0000/1.0000	16.late=0.0000/1.0000	17.final=0.0007/1.0000	18.simp=0.0000/1.0000	19.five=0.0000/1.0000	20.lt1k=0.0000/1.0000	21.comp=0.0000/1.0000	22.win=0.0000/1.0000	final=1.0000
LIFT	squfl030-150	13680	4680	18000	4680
COUNTS	squfl030-150	13680	36000	252605	252605

--- every order() call, slowest first (TSV) ---
secs	matrix	n	nnz	ratio
1.1042	chimera_selby-c16-02	2031	10878	0.5497
0.9379	chimera_selby-c16-01	2031	10964	0.6874
0.8886	crudeoil_pooling_ct3	2644	11426	0.6867
0.8184	crudeoil_lee4_10	17809	120632	0.6278
0.8165	ringpack_30_2	17999	121458	0.2318
0.7797	crudeoil_lee4_09	15904	101792	0.6184
0.7774	gams05	17364	252910	0.5381
0.7464	squfl015-060	2775	7200	1.0000
0.7327	gabriel10	244056	1148210	0.9285
0.7309	nuclear104	39098	257806	0.7600
0.6995	arki0016	7993	37208	0.9627
0.6621	crudeoil_lee4_06	10429	55492	0.5064
0.6590	acopf_case9241pegase_qcqp	313068	1292408	0.9737
0.6400	mpbp_48	28368	91016	0.4856
0.6266	arki0013	44909	160172	0.4040
0.6227	pooling_sppc3pq	23173	893724	0.2829
0.6192	crudeoil_lee2_06	6418	34646	0.7786
0.6164	sfacloc2_4_80	5067	21424	0.9599
0.5977	sfacloc2_3_80	4799	20600	0.9582
0.5944	crudeoil_pooling_dt3	30660	152210	0.7170
0.5620	squfl010-080	2490	6400	1.0000
0.5591	faclay75	272878	1379706	0.9405
0.5591	pooling_sppb5pq	18529	674470	0.4077
0.5588	gabriel09	21688	89702	0.8984
0.5548	nuclear10a	17493	163816	0.6774
0.5538	waste	4825	21504	0.8654
0.5474	edgecross24-115	16747	77352	0.8173
0.5290	popdynm200	22407	105584	0.9600
0.5142	faclay35	26778	132380	0.9522
0.5105	transswitch2383wpr	59853	277562	0.9803
0.5076	gasprod_sarawak81	22536	75636	0.9223
0.5025	squfl025-030	2305	6000	1.0000
0.4894	rsyn0805m03m	2868	8270	0.9044
0.4762	squfl020-150	9170	24000	1.0000
0.4759	squfl010-040persp	2450	7200	1.0000
0.4719	crudeoil_lee1_07	3670	19322	0.8091
0.4636	multiplants_stg1b	814	3992	0.6122
0.4599	transswitch2736spr	69651	331010	0.9179
0.4556	qapw	705	87496	1.0000
0.4553	procurement1large	14416	41068	0.6010
0.4521	chp_shorttermplan2d	16364	52108	0.5162
0.4512	nuclear25a	1942	16030	0.6235
0.4504	chimera_rfr-02	2032	15140	0.6570
0.4425	pooling_sppa9tp	5040	121302	0.1751
0.4360	crudeoil_pooling_dt2	18742	75910	0.6654
0.4358	mpbp_35	11120	40790	0.3886
0.4323	multiplants_stg5	827	3804	0.4271
0.4271	multiplants_stg1c	800	3894	0.9565
0.4191	multiplants_mtg1b	645	4404	0.7035
0.4165	pooling_sppc1pq	14100	477680	0.1683
0.4146	p_ball_30b_7p_2d_h	2207	7516	0.9968
0.4132	mpbp_34	11556	40860	0.2924
0.4101	unitcommit_200_100_1_mod_8	146830	476332	0.9764
0.4032	mpbp_07	9532	30810	0.9209
0.3987	mpbp_15	9858	31692	0.8027
0.3978	ringpack_20_3	6709	45220	0.3595
0.3976	faclay30	16678	82242	0.9552
0.3944	multiplants_stg1	736	3594	0.8588
0.3939	chp_partload	5211	16740	0.7513
0.3871	ndcc13	969	5882	0.6255
0.3861	ndcc12	974	5982	0.9527
0.3859	supplychainr1_053050	16640	57800	1.0000
0.3852	rsyn0840m04m	8508	24272	0.8450
0.3816	pooling_sppa9pq	5030	120730	0.6302
0.3811	mpbp_21	11716	37660	0.8634
0.3804	ringpack_20_2	6089	40368	0.3790
0.3735	pinene200	19995	97990	0.8452
0.3664	multiplants_stg1a	726	3510	0.8830
0.3648	nd_netgen-3000-1-1-b-b-ns_7	33155	90000	0.9607
0.3622	emfl100_5_5	21925	52300	1.0000
0.3616	chimera_mgw-c16-2031-01	2032	15900	0.8175
0.3580	transswitch0300p	11659	48446	0.9691
0.3563	kall_circlespolygons_c1p5b	1681	7432	0.9608
0.3545	chp_shorttermplan2a	8992	26288	0.7056
0.3516	slay09h	2718	7488	0.8982
0.3504	kissing2	20772	401024	1.0000
0.3386	crudeoil_li05	4225	14628	0.8221
0.3368	squfl030-150	13680	36000	1.0000
0.3360	rsyn0820m02m	2486	6932	0.9417
0.3355	chp_shorttermplan1a	4952	15700	0.8180
0.3353	pooling_foulds4pq	1294	8302	0.9989
0.3350	batchs201210m	5188	17910	0.8688
0.3344	sonet24v5	874	7260	0.5976
0.3330	pooling_foulds5tp	1218	8364	0.6828
0.3329	powerflow0300p	11251	41918	0.9813
0.3305	mpbp_46	4518	14492	0.9004
0.3264	rsyn0830m04m	7252	20752	0.8309
0.3256	methanol400	23999	151728	0.7289
0.3225	mpbp_47	5310	17098	0.9296
0.3214	pooling_foulds5pq	1218	8300	1.0000
0.3193	gasprod_sarawak16	4596	15316	0.9207
0.3192	sonet21v6	8232	40744	0.9650
0.3170	rsyn0810m02hfsg	2670	6964	0.9496
0.3127	chimera_k64ising-02	1225	3846	0.6200
0.3100	popdynm25	2807	13904	0.7918
0.3088	rsyn0820m04m	6028	17372	0.8216
0.3053	arki0002	4432	11248	0.9764
0.3030	torsion50	2508	29808	0.6661
0.3028	rsyn0815m04m	5456	15756	0.8314
0.3026	nd_netgen-2000-3-4-b-a-ns_7	22074	60000	0.9452
0.2960	methanol200	11999	76128	0.7061
0.2955	chimera_lga-01	1120	6400	0.7922
0.2950	sonet23v4	803	6462	0.6768
0.2927	cont6-qq	120395	557994	0.6962
0.2862	powerflow0118p	5065	18730	0.9745
0.2829	syn30m03m	2508	6804	0.9955
0.2828	sporttournament48	1131	6676	0.6483
0.2825	glider400	10017	49624	0.8786
0.2805	ndcc12persp	1112	5522	0.9521
0.2702	maxcsp-langford-3-11	660	29646	0.3260
0.2697	kan_r3_h1_n4	3183	14062	0.9509
0.2676	rsyn0810m04m	4772	13836	0.7977
0.2641	squfl015-080persp	7295	21600	1.0000
0.2603	supplychainr1_022020	4620	15680	0.9999
0.2584	syn40m04hfsg	6328	16896	0.9776
0.2556	hydroenergy2	2092	6236	0.8238
0.2522	chimera_mgw-c8-439-onc8-002	440	3038	0.8997
0.2513	pooling_digabel19	514	5340	0.8768
0.2478	pooling_sppa0pq	1649	24192	0.3937
0.2414	chimera_mgw-c8-439-onc8-001	440	3040	0.7843
0.2405	rocket50	555	3488	0.9963
0.2377	netmod_kar1	1746	4928	0.8144
0.2368	maxcsp-ehi-85-297-71	2372	207996	0.8041
0.2352	edgecross14-156	3097	19664	0.9491
0.2302	risk2bpb	1462	5396	0.5634
0.2234	knp5-44	2157	32604	1.0000
0.2219	emfl050_5_5	13175	32300	1.0000
0.2181	syn40m04m	4960	13792	0.9724
0.2173	waternd2	615	2580	0.4806
0.2156	knp5-43	2065	31132	1.0000
0.2144	crudeoil_pooling_ct1	1271	4642	0.7714
0.2122	clay0305hfsg	1000	2910	0.9168
0.2066	wastewater13m1	481	3252	0.9989
0.2051	catmix400	2001	11192	0.9998
0.2051	qspp_0_14_0_1_10_1	560	120274	0.9950
0.2041	forest	713	2658	0.9933
0.2028	batchs121208m	3404	11462	0.9472
0.2020	kall_circlesrectangles_c6r39	1306	5378	0.9850
0.2019	edgecross10-040	1053	5116	0.8916
0.2012	emfl100_3_3	6885	15948	1.0000
0.2000	space25a	634	3246	0.9835
0.1946	rsyn0815m02hfsg	3054	7968	0.9325
0.1938	oil	3270	8430	0.9592
0.1932	gancns	548	2800	0.8557
0.1929	edgecross10-080	1053	5940	0.9678
0.1783	edgecross10-090	1053	5204	0.8420
0.1782	edgecross10-030	1053	4654	0.7402
0.1778	rsyn0840m02m	3486	9576	0.9520
0.1685	syn15m04m	1908	5288	0.9813
0.1682	rsyn0815m	821	2242	0.9415
0.1635	qap	255	43748	0.9605
0.1607	sfacloc2_4_90	1491	4500	0.9120
0.1584	blend146	1422	4460	0.8325
0.1581	primary	378	5610	0.8688
0.1526	blend721	1428	4548	0.8885
0.1515	squfl025-025persp	3800	11250	1.0000
0.1505	p_ball_30b_5p_2d_h	1543	5224	0.9961
0.1486	slay08m	660	2016	1.0000
0.1485	meanvar-orl400_05_e_8	4405	171604	1.0000
0.1477	sonetgr17	440	2958	0.8221
0.1447	tls6	413	2860	0.9564
0.1447	qspp_0_13_0_1_10_1	481	88522	0.9948
0.1442	blend718	1386	4310	0.8752
0.1364	slay05h	760	2080	0.8961
0.1362	o9_ar4_1	1049	4336	0.9177
0.1326	fo9_ar25_1	1049	4336	0.9177
0.1263	rsyn0830hfsg	1590	4100	0.9611
0.1258	powerflow0030p	1121	4194	0.9484
0.1255	meanvar-orl400_05_e_7	5205	174804	0.9999
0.1230	waterund14	333	2204	0.3516
0.1187	syn30m02m	1492	3936	0.9824
0.1163	graphpart_clique-70	280	14910	0.8144
0.1157	chain400	1201	4796	1.0000
0.1130	qspp_0_11_0_1_10_1	341	44264	0.9929
0.1119	lop97icx	1073	2118	0.8463
0.1094	qspp_0_10_0_1_10_1	280	29636	0.9958
0.1078	chain200	601	2396	1.0000
0.1076	clay0204hfsg	590	1696	0.9116
0.1046	syn40m	560	1528	0.9644
0.0989	space25	1178	4334	0.9595
0.0983	p_ball_10b_7p_3d_h	1236	4186	0.9739
0.0975	syn10m04m	1224	3384	1.0000
0.0972	rsyn0840m	1159	3168	0.9442
0.0931	slay07m	497	1512	1.0000
0.0897	watercontamination0303r	1310	37028	1.0000
0.0853	powerflow0014r	403	1630	0.9628
0.0822	hydroenergy1	1046	3024	1.0000
0.0807	p_ball_10b_5p_4d_m	403	1484	0.9787
0.0775	syn10m03hfsg	1071	2772	0.9923
0.0755	syn40hfsg	1022	2624	0.9671
0.0738	sssd25-08	401	1200	1.0000
0.0715	graphpart_clique-30	120	2790	0.8110
0.0672	syn15hfsg	399	1022	0.9915
0.0643	sssd20-08persp	356	1232	1.0000
0.0643	catmix200	1001	5592	0.9995
0.0601	sssd18-08persp	338	1168	1.0000
0.0563	slay06m	357	1080	1.0000
0.0542	waterund08	230	1290	0.8534
0.0510	p_ball_10b_5p_2d_m	293	964	0.9848
0.0509	wastepaper6	191	1416	1.0000
0.0507	genpooling_lee2	221	1048	0.7051
0.0464	st_e31	301	744	0.9746
0.0418	pooling_adhya4tp	170	936	0.8595
0.0406	sporttournament18	156	886	0.7794
0.0404	maxmin	181	1440	1.0000
0.0400	pooling_adhya4pq	170	932	0.8900
0.0399	clay0304m	258	840	1.0000
0.0383	orth_d4m6_pl	172	1096	0.9785
0.0375	slay05m	240	720	1.0000
0.0356	korcns	156	712	0.9352
0.0352	clay0204m	222	704	1.0000
0.0330	waterund11	160	828	0.7601
0.0319	graphpart_3g-0244-0244	128	672	0.9731
0.0309	demo7	155	618	0.9573
0.0289	ex8_3_9	123	834	0.7643
0.0282	graphpart_clique-20	80	1260	0.8015
0.0275	graphpart_3g-0333-0333	108	648	0.8064
0.0250	wastepaper4	115	724	0.7397
0.0236	sssd15-04	163	440	1.0000
0.0232	pooling_rt2tp	118	654	0.9951
0.0224	wastewater05m1	98	536	0.6964
0.0219	slay04m	146	432	1.0000
0.0214	ex1265a	123	560	0.9547
0.0209	clay0203m	132	420	1.0000
0.0208	st_m2	72	1226	1.0000
0.0205	elf	124	376	0.7951
0.0202	st_rv9	90	840	0.9447
0.0201	hybriddynamic_fixed	168	388	1.0000
0.0186	waterund01	96	404	0.7297
0.0171	csched1	110	376	1.0000
0.0163	ex1263a	94	390	1.0000
0.0142	tspn08	72	668	0.6863
0.0123	prolog	64	292	0.9855
0.0120	sep1	69	206	0.9544
0.0110	kall_diffcircles_6	76	302	1.0000
0.0102	st_test8	64	232	0.8382
0.0086	pointpack06	55	276	1.0000
0.0085	st_qpk3	55	548	0.6881
0.0080	st_rv2	40	340	1.0000
0.0076	st_m1	42	432	1.0000
0.0066	wastewater02m1	36	138	0.9316
0.0065	st_jcbpaf2	36	246	0.9437
0.0058	sporttournament08	31	156	1.0000
0.0056	ex7_2_1	35	134	0.9688
0.0051	ex1223	33	82	1.0000
0.0051	pooling_haverly1pq	31	96	0.9782
0.0050	pooling_haverly1tp	31	96	0.9527
0.0049	st_bpaf1a	30	120	0.9310
0.0047	tln2	32	88	1.0000
0.0045	ex8_4_1	32	100	1.0000
0.0043	pointpack04	29	120	1.0000
0.0043	ex2_1_3	31	72	1.0000
0.0041	ex9_2_6	28	68	1.0000
0.0039	ex1225	26	66	0.9415
0.0037	ex1223b	25	66	1.0000
0.0037	nvs05	22	84	0.9603
0.0034	st_glmp_ss1	24	66	1.0000
0.0031	st_e07	19	60	1.0000
0.0031	ex9_1_2	19	54	0.9521
0.0031	ex3_1_3	18	36	0.9222
0.0031	prob02	22	76	0.8689
0.0030	st_ph13	23	68	0.8599
0.0030	oaer	20	40	1.0000
0.0029	ex9_2_4	15	36	1.0000
0.0028	ex5_2_4	18	62	0.9461
0.0028	st_ph1	16	58	0.8504
0.0026	st_glmp_ss2	18	48	1.0000
0.0023	himmel11	14	60	1.0000
0.0022	st_bpk1	16	44	0.9391
0.0022	ex8_1_7	14	46	0.9343
0.0020	st_e22	12	30	0.9091
0.0018	st_bsj2	13	40	0.7972
0.0014	ex14_1_8	11	30	1.0000
0.0014	st_pan1	11	32	0.7642
0.0012	nvs02	11	46	1.0000
0.0010	ex6_1_4	10	48	0.7766
0.0009	st_ht	8	18	0.8627
0.0002	polygon75	5846	49652	1.0000
0.0001	pedigree_sim400	351	23546	0.9997
0.0000	camshape400	2000	7188	1.0000
0.0000	autocorr_bern40-30	43	1534	1.0000
0.0000	autocorr_bern35-35fix	38	1264	1.0000
0.0000	smallinvDAXr1b010-011	39	1120	0.9859
0.0000	autocorr_bern30-23	33	878	1.0000
0.0000	autocorr_bern25-19	28	612	1.0000
0.0000	cvxnonsep_psig30	30	870	1.0000
0.0000	autocorr_bern20-15	23	394	1.0000
0.0000	st_qpc-m3a	30	304	0.6755
0.0000	cvxnonsep_psig20	20	380	1.0000
0.0000	nvs23	27	252	0.6356
0.0000	nvs19	24	200	0.6534
0.0000	st_iqpbk1	22	98	1.0000
0.0000	st_e25	20	92	0.7798
0.0000	cvxnonsep_psig30r	126	250	1.0000
0.0000	cvxnonsep_normcon40r	162	322	1.0000
0.0000	st_e24	10	26	0.8906
0.0000	cvxnonsep_normcon20r	82	162	1.0000
0.0000	st_e41	8	32	1.0000
0.0000	st_miqp2	10	18	1.0000
0.0000	cvxnonsep_psig20r	86	170	1.0000
matrices under 0.010s: 64/300
matrices under 0.050s: 99/300
matrices under 0.100s: 121/300
matrices under 0.200s: 160/300
matrices under 0.400s: 246/300

--- per-bucket ---
lt_1k    count=147   geomean=0.8935
1k_10k   count=108   geomean=0.8514
gt_10k   count=45    geomean=0.6936
SCORE = 0.800932
WORST order() = 1.104 s
FORCEAUDIT	stage1b_sites=39	force_fires=0	unsound=0	core_total_mismatch=0	max_drift_ppm=0	worst_incumbent=0	worst_adopted=0	tie_window_opened=16	tie_pass_run=2
ok

test result: ok. 1 passed; 0 failed; 0 ignored; 0 measured; 180 filtered out; finished in 66.60s

