probe binary: /home/frosty/angelX/.tmp/live-performance-20260911/matrices-deepseek/target/probe/release/deps/ssi_candidate_worker-9bc17c144118ca64

running 1 test
test ordering::probe::probe_timing_and_score ... XCHTIME	0	0	0	0	0	0	0	0	0	0	0	0
XCHTIME	357	2	4	159999	7496	1367	1395	229	149512	138405186948160	138405186951040	1080
XCHTIME	0	0	0	0	0	0	0	0	0	0	0	0
XCHTIME	357	2	6	489414	3858	886	1257	263	483150	138405186948160	138405186951040	1080
XCHTIME	0	0	0	0	0	0	0	0	0	0	0	0
XCHTIME	357	2	5	235979	6365	1799	1451	246	226118	138405186948160	138405186951040	1080
XCHTIME	0	0	0	0	0	0	0	0	0	0	0	0
XCHTIME	357	4	18	704782	3991	953	2419	924	696495	138405186948160	138405186951040	1080
LADGATE	357	10000	0.218	1
XCHTIME	0	0	0	0	0	0	0	0	0	0	0	0
XCHTIME	357	5	26	1121490	4312	1137	2967	1228	1111846	138405186948160	138405186951040	1080
XCHTIME	0	0	0	0	0	0	0	0	0	0	0	0
XCHTIME	357	2	19	7054430	3501	867	1223	956	7047883	138405186948160	138405186951040	1080
XCHTIME	0	0	0	0	0	0	0	0	0	0	0	0
XCHTIME	357	4	15	332464	4085	962	2542	648	324227	138405186948160	138405186951040	1080
XCHTIME	0	0	0	0	0	0	0	0	0	0	0	0
XCHTIME	357	4	10	251660	3885	906	2566	353	243950	138405186948160	138405186951040	1080
XCHTIME	0	0	0	0	0	0	0	0	0	0	0	0
XCHTIME	357	4	18	691224	3860	758	2304	884	683418	138405186948160	138405186951040	1080
XCHTIME	0	0	0	0	0	0	0	0	0	0	0	0
XCHTIME	357	4	11	198251	3916	891	2313	377	190754	138405186948160	138405186951040	1080
XCHTIME	0	0	0	0	0	0	0	0	0	0	0	0
XCHTIME	357	4	14	407159	3796	727	2396	575	399665	138405186948160	138405186951040	1080
XCHTIME	0	0	0	0	0	0	0	0	0	0	0	0
XCHTIME	357	4	13	651057	3799	778	2232	547	643701	138405186948160	138405186951040	1080
XCHTIME	0	0	0	0	0	0	0	0	0	0	0	0
XCHTIME	357	4	16	2104321	3911	810	2898	856	2095846	138405186948160	138405186951040	1080
XCHTIME	0	0	0	0	0	0	0	0	0	0	0	0
XCHTIME	357	4	6	152473	4057	934	2098	240	145144	138405186948160	138405186951040	1080
LIFT	slay06m	357	147	660	147
COUNTS	slay06m	357	1080	4025	4025
XCHTIME	0	0	0	0	0	0	0	0	0	0	0	0
XCHTIME	401	2	4	328323	9539	2233	2035	183	314333	138405186968160	138405186971392	1200
XCHTIME	0	0	0	0	0	0	0	0	0	0	0	0
XCHTIME	401	2	6	2701149	4992	1287	2145	295	2692430	138405186968160	138405186971392	1200
XCHTIME	0	0	0	0	0	0	0	0	0	0	0	0
XCHTIME	401	2	5	898097	5021	1533	1674	221	889648	138405186968160	138405186971392	1200
XCHTIME	0	0	0	0	0	0	0	0	0	0	0	0
XCHTIME	401	4	18	5366436	4837	1170	3465	947	5356017	138405186968160	138405186971392	1200
LADGATE	401	10000	0.248	1
XCHTIME	0	0	0	0	0	0	0	0	0	0	0	0
XCHTIME	401	5	26	6588385	4800	1450	3553	1373	6577209	138405186968160	138405186971392	1200
XCHTIME	0	0	0	0	0	0	0	0	0	0	0	0
XCHTIME	401	4	66	1706070	4535	1226	3241	2436	1694632	138405186968160	138405186971392	1200
XCHTIME	0	0	0	0	0	0	0	0	0	0	0	0
XCHTIME	401	4	15	975162	4836	1210	3499	672	964945	138405186968160	138405186971392	1200
XCHTIME	0	0	0	0	0	0	0	0	0	0	0	0
XCHTIME	401	4	10	612420	4813	1197	3471	420	602519	138405186968160	138405186971392	1200
XCHTIME	0	0	0	0	0	0	0	0	0	0	0	0
XCHTIME	401	4	18	5267304	4721	1163	2984	889	5257547	138405186968160	138405186971392	1200
XCHTIME	0	0	0	0	0	0	0	0	0	0	0	0
XCHTIME	401	4	11	320047	4820	1202	3199	497	310329	138405186968160	138405186971392	1200
XCHTIME	0	0	0	0	0	0	0	0	0	0	0	0
XCHTIME	401	4	14	1663691	4911	1169	3283	677	1653651	138405186968160	138405186971392	1200
XCHTIME	0	0	0	0	0	0	0	0	0	0	0	0
XCHTIME	401	4	13	3379279	4735	1193	2944	589	3369818	138405186968160	138405186971392	1200
XCHTIME	0	0	0	0	0	0	0	0	0	0	0	0
XCHTIME	401	4	16	14961580	4702	1177	4819	879	14950003	138405186968160	138405186971392	1200
XCHTIME	0	0	0	0	0	0	0	0	0	0	0	0
XCHTIME	401	4	6	215913	5568	1940	3069	263	205073	138405186968160	138405186971392	1200
LIFT	sssd25-08	401	89	640	89
COUNTS	sssd25-08	401	1200	5389	5389
XCHTIME	0	0	0	0	0	0	0	0	0	0	0	0
XCHTIME	4772	1	0	2657852	427542	172268	167299	0	1890743	138405187389984	138405290389520	13836
XCHTIME	0	0	0	0	0	0	0	0	0	0	0	0
XCHTIME	4772	1	0	4249929	386489	176776	198701	0	3487963	138405187389984	138405290389520	13836
XCHTIME	0	0	0	0	0	0	0	0	0	0	0	0
XCHTIME	4772	1	0	3218626	357400	172836	174164	0	2514226	138405187389984	138405290389520	13836
XCHTIME	0	0	0	0	0	0	0	0	0	0	0	0
XCHTIME	4772	1	0	11037185	349444	170276	166383	0	10351082	138405187389984	138405290389520	13836
LADGATE	4772	10000	0.654	1
XCHTIME	0	0	0	0	0	0	0	0	0	0	0	0
XCHTIME	4772	5	26	72979220	334526	156833	917569	7180	71563112	138405187389984	138405290389520	13836
XCHTIME	0	0	0	0	0	0	0	0	0	0	0	0
XCHTIME	4772	4	66	5812717	383206	179277	643850	10465	4595919	138405187389984	138405290389520	13836
XCHTIME	0	0	0	0	0	0	0	0	0	0	0	0
XCHTIME	4772	4	15	6133625	351597	161218	608348	2565	5009897	138405187389984	138405290389520	13836
XCHTIME	0	0	0	0	0	0	0	0	0	0	0	0
XCHTIME	4772	4	10	6026610	351985	154794	622963	1915	4894953	138405187389984	138405290389520	13836
XCHTIME	0	0	0	0	0	0	0	0	0	0	0	0
XCHTIME	4772	3	15	12439932	360373	156418	519768	3080	11400293	138405187389984	138405290389520	13836
XCHTIME	0	0	0	0	0	0	0	0	0	0	0	0
XCHTIME	4772	4	11	5594771	377453	165898	641906	2486	4407028	138405187389984	138405290389520	13836
XCHTIME	0	0	0	0	0	0	0	0	0	0	0	0
XCHTIME	4772	4	14	8724166	337555	157715	639518	2910	7586468	138405187389984	138405290389520	13836
XCHTIME	0	0	0	0	0	0	0	0	0	0	0	0
XCHTIME	4772	4	13	11861665	356197	167275	649472	2840	10685881	138405187389984	138405290389520	13836
XCHTIME	0	0	0	0	0	0	0	0	0	0	0	0
XCHTIME	4772	1	0	10840132	374242	168662	171400	0	10125828	138405187389984	138405290389520	13836
XCHTIME	0	0	0	0	0	0	0	0	0	0	0	0
XCHTIME	4772	4	6	5124335	383123	181173	616776	1296	3941967	138405187389984	138405290389520	13836
LIFT	rsyn0810m04m	4772	2520	9996	2520
COUNTS	rsyn0810m04m	4772	13836	147553	113207
LIFT	pooling_sppc3pq	23173	12327	872032	12327
COUNTS	pooling_sppc3pq	23173	893724	1153877333	325595394
XCHTIME	0	0	0	0	0	0	0	0	0	0	0	0
XCHTIME	1131	2	4	2817440	21644	3684	8141	569	2783402	138405193658640	138405193286304	6676
XCHTIME	0	0	0	0	0	0	0	0	0	0	0	0
XCHTIME	1131	1	0	9100861	21239	4304	3647	0	9071671	138405193658640	138405193286304	6676
XCHTIME	0	0	0	0	0	0	0	0	0	0	0	0
XCHTIME	1131	2	5	6874952	21161	4246	7691	656	6841198	138405193658640	138405193286304	6676
XCHTIME	0	0	0	0	0	0	0	0	0	0	0	0
XCHTIME	1131	2	5	17806406	20613	3595	8365	829	17773004	138405193658640	138405193286304	6676
LADGATE	1131	10000	0.568	1
XCHTIME	0	0	0	0	0	0	0	0	0	0	0	0
XCHTIME	1131	4	10	5488293	21757	4228	14682	1237	5446389	138405193658640	138405193286304	6676
XCHTIME	0	0	0	0	0	0	0	0	0	0	0	0
XCHTIME	1131	4	66	5980488	20880	3693	15393	10293	5930229	138405193658640	138405193286304	6676
XCHTIME	0	0	0	0	0	0	0	0	0	0	0	0
XCHTIME	1131	4	15	8636059	20647	4223	14921	2004	8594264	138405193658640	138405193286304	6676
XCHTIME	0	0	0	0	0	0	0	0	0	0	0	0
XCHTIME	1131	4	10	5503756	20936	3460	14651	1282	5463427	138405193658640	138405193286304	6676
XCHTIME	0	0	0	0	0	0	0	0	0	0	0	0
XCHTIME	1131	2	5	17854742	20668	3402	8142	818	17821712	138405193658640	138405193286304	6676
XCHTIME	0	0	0	0	0	0	0	0	0	0	0	0
XCHTIME	1131	4	11	3471517	21571	4589	14733	1241	3429383	138405193658640	138405193286304	6676
XCHTIME	0	0	0	0	0	0	0	0	0	0	0	0
XCHTIME	1131	4	14	18514838	20973	3655	14448	1750	18474012	138405193658640	138405193286304	6676
XCHTIME	0	0	0	0	0	0	0	0	0	0	0	0
XCHTIME	1131	3	12	18562245	21066	4066	11520	1713	18523880	138405193658640	138405193286304	6676
XCHTIME	0	0	0	0	0	0	0	0	0	0	0	0
XCHTIME	1131	1	0	17743950	21431	3801	3790	0	17714928	138405193658640	138405193286304	6676
XCHTIME	0	0	0	0	0	0	0	0	0	0	0	0
XCHTIME	1131	4	6	2503745	29017	8453	16470	567	2449238	138405193658640	138405193286304	6676
LIFT	sporttournament48	1131	721	7408	721
COUNTS	sporttournament48	1131	6676	919582	592120
XCHTIME	0	0	0	0	0	0	0	0	0	0	0	0
XCHTIME	5030	1	0	2101809	640176	242996	207938	0	1010699	138405197865696	138405193741280	120730
XCHTIME	0	0	0	0	0	0	0	0	0	0	0	0
XCHTIME	5030	1	0	3589061	586592	199313	196670	0	2606486	138405197865696	138405193741280	120730
XCHTIME	0	0	0	0	0	0	0	0	0	0	0	0
XCHTIME	5030	1	0	2613499	606424	194164	198798	0	1614113	138405197865696	138405193741280	120730
XCHTIME	0	0	0	0	0	0	0	0	0	0	0	0
XCHTIME	5030	1	0	8540008	580517	189390	204540	0	7565561	138405197865696	138405193741280	120730
LADGATE	5030	10000	0.421	1
LIFT	pooling_sppa9pq	5030	2509	126346	2509
COUNTS	pooling_sppa9pq	5030	120730	23971280	15130622
XCHTIME	0	0	0	0	0	0	0	0	0	0	0	0
XCHTIME	1053	2	4	468377	18467	3211	6321	193	440185	138405187355024	138405193552544	5204
XCHTIME	0	0	0	0	0	0	0	0	0	0	0	0
XCHTIME	1053	2	6	4776244	18144	3152	6615	410	4747923	138405187355024	138405193552544	5204
XCHTIME	0	0	0	0	0	0	0	0	0	0	0	0
XCHTIME	1053	2	5	1491787	18783	4412	6170	222	1462200	138405187355024	138405193552544	5204
XCHTIME	0	0	0	0	0	0	0	0	0	0	0	0
XCHTIME	1053	4	18	8957733	18086	3231	13053	727	8922636	138405187355024	138405193552544	5204
LADGATE	1053	10000	0.323	1
XCHTIME	0	0	0	0	0	0	0	0	0	0	0	0
XCHTIME	1053	5	26	11483657	18086	3736	16994	1166	11443675	138405187355024	138405193552544	5204
XCHTIME	0	0	0	0	0	0	0	0	0	0	0	0
XCHTIME	1053	4	66	454772	18779	4420	12460	2093	417020	138405187355024	138405193552544	5204
XCHTIME	0	0	0	0	0	0	0	0	0	0	0	0
XCHTIME	1053	4	15	1562153	17829	3054	12441	584	1528245	138405187355024	138405193552544	5204
XCHTIME	0	0	0	0	0	0	0	0	0	0	0	0
XCHTIME	1053	4	10	780480	17782	3093	12464	399	746742	138405187355024	138405193552544	5204
XCHTIME	0	0	0	0	0	0	0	0	0	0	0	0
XCHTIME	1053	4	18	8979753	17449	3044	13826	781	8944653	138405187355024	138405193552544	5204
XCHTIME	0	0	0	0	0	0	0	0	0	0	0	0
XCHTIME	1053	4	11	508959	18236	3645	12310	447	474321	138405187355024	138405193552544	5204
XCHTIME	0	0	0	0	0	0	0	0	0	0	0	0
XCHTIME	1053	4	14	2901841	17686	3011	12497	525	2868122	138405187355024	138405193552544	5204
XCHTIME	0	0	0	0	0	0	0	0	0	0	0	0
XCHTIME	1053	4	13	5223078	17865	3425	12390	519	5188879	138405187355024	138405193552544	5204
XCHTIME	0	0	0	0	0	0	0	0	0	0	0	0
XCHTIME	1053	3	15	17644143	17883	3338	27046	790	17595086	138405187355024	138405193552544	5204
XCHTIME	0	0	0	0	0	0	0	0	0	0	0	0
XCHTIME	1053	4	6	388383	18923	4400	12535	243	352282	138405187355024	138405193552544	5204
LIFT	edgecross10-090	1053	571	4240	571
COUNTS	edgecross10-090	1053	5204	126115	103179
LIFT	maxcsp-ehi-85-297-71	2372	2075	216272	2075
COUNTS	maxcsp-ehi-85-297-71	2372	207996	1381768944	1110971341
XCHTIME	0	0	0	0	0	0	0	0	0	0	0	0
XCHTIME	30	2	4	52983	793	403	167	127	51493	138405193246000	138405186931648	120
XCHTIME	0	0	0	0	0	0	0	0	0	0	0	0
XCHTIME	30	2	6	465671	565	279	8227	126	456474	138405193246000	138405186931648	120
XCHTIME	0	0	0	0	0	0	0	0	0	0	0	0
XCHTIME	30	2	5	195943	631	471	212	101	194528	138405193246000	138405186931648	120
XCHTIME	0	0	0	0	0	0	0	0	0	0	0	0
XCHTIME	30	4	18	799486	557	286	214	363	798066	138405193246000	138405186931648	120
LADGATE	30	10000	0.166	1
XCHTIME	0	0	0	0	0	0	0	0	0	0	0	0
XCHTIME	30	5	26	905742	1143	717	337	563	902982	138405193246000	138405186931648	120
XCHTIME	0	0	0	0	0	0	0	0	0	0	0	0
XCHTIME	30	4	58	180140	678	347	243	1835	177037	138405193246000	138405186931648	120
XCHTIME	0	0	0	0	0	0	0	0	0	0	0	0
XCHTIME	30	4	15	182037	579	246	211	306	180695	138405193246000	138405186931648	120
XCHTIME	0	0	0	0	0	0	0	0	0	0	0	0
XCHTIME	30	4	10	91807	532	264	213	196	90602	138405193246000	138405186931648	120
XCHTIME	0	0	0	0	0	0	0	0	0	0	0	0
XCHTIME	30	4	18	784335	531	270	216	358	782960	138405193246000	138405186931648	120
XCHTIME	0	0	0	0	0	0	0	0	0	0	0	0
XCHTIME	30	4	11	62420	653	297	214	220	61036	138405193246000	138405186931648	120
XCHTIME	0	0	0	0	0	0	0	0	0	0	0	0
XCHTIME	30	4	14	264652	607	254	191	288	263312	138405193246000	138405186931648	120
XCHTIME	0	0	0	0	0	0	0	0	0	0	0	0
XCHTIME	30	4	13	382370	588	294	226	269	380993	138405193246000	138405186931648	120
XCHTIME	0	0	0	0	0	0	0	0	0	0	0	0
XCHTIME	30	4	16	3144080	629	275	266	360	3142550	138405193246000	138405186931648	120
XCHTIME	0	0	0	0	0	0	0	0	0	0	0	0
XCHTIME	30	4	6	30850	852	397	244	149	29208	138405193246000	138405186931648	120
COUNTS	st_bpaf1a	30	120	623	580
XCHTIME	0	0	0	0	0	0	0	0	0	0	0	0
XCHTIME	1462	2	4	1773227	29295	5546	11281	291	1726814	138405196064464	138405193368240	5396
XCHTIME	0	0	0	0	0	0	0	0	0	0	0	0
XCHTIME	1462	1	0	6081526	28430	5269	5271	0	6042556	138405196064464	138405193368240	5396
XCHTIME	0	0	0	0	0	0	0	0	0	0	0	0
XCHTIME	1462	2	5	4605071	34882	8233	11775	334	4549847	138405196064464	138405193368240	5396
XCHTIME	0	0	0	0	0	0	0	0	0	0	0	0
XCHTIME	1462	3	15	13198483	29948	5709	24212	1162	13137452	138405196064464	138405193368240	5396
LADGATE	1462	10000	0.491	1
XCHTIME	0	0	0	0	0	0	0	0	0	0	0	0
XCHTIME	1462	5	26	32630190	28314	5479	41933	2014	32552450	138405196064464	138405193368240	5396
XCHTIME	0	0	0	0	0	0	0	0	0	0	0	0
XCHTIME	1462	4	66	6025950	33111	8498	36631	3621	5944089	138405196064464	138405193368240	5396
XCHTIME	0	0	0	0	0	0	0	0	0	0	0	0
XCHTIME	1462	4	15	5346216	29001	5820	21396	900	5289099	138405196064464	138405193368240	5396
XCHTIME	0	0	0	0	0	0	0	0	0	0	0	0
XCHTIME	1462	4	10	3419468	28081	5504	21382	629	3363872	138405196064464	138405193368240	5396
XCHTIME	0	0	0	0	0	0	0	0	0	0	0	0
XCHTIME	1462	3	15	13066834	28075	5275	25952	1076	13006456	138405196064464	138405193368240	5396
XCHTIME	0	0	0	0	0	0	0	0	0	0	0	0
XCHTIME	1462	4	11	2276353	30674	6127	21293	641	2217618	138405196064464	138405193368240	5396
XCHTIME	0	0	0	0	0	0	0	0	0	0	0	0
XCHTIME	1462	4	14	8584098	28178	5149	22157	803	8527811	138405196064464	138405193368240	5396
XCHTIME	0	0	0	0	0	0	0	0	0	0	0	0
XCHTIME	1462	4	13	13604725	28384	5302	25060	837	13545142	138405196064464	138405193368240	5396
XCHTIME	0	0	0	0	0	0	0	0	0	0	0	0
XCHTIME	1462	1	0	11950787	29231	5890	5263	0	11910403	138405196064464	138405193368240	5396
XCHTIME	0	0	0	0	0	0	0	0	0	0	0	0
XCHTIME	1462	4	6	1624411	39770	14415	24568	400	1545258	138405196064464	138405193368240	5396
LIFT	risk2bpb	1462	628	4030	628
COUNTS	risk2bpb	1462	5396	118471	66041
XCHTIME	0	0	0	0	0	0	0	0	0	0	0	0
XCHTIME	255	2	4	654282	55442	1646	794	505	595895	138405193214240	138405195117552	43748
XCHTIME	0	0	0	0	0	0	0	0	0	0	0	0
XCHTIME	255	2	6	11028531	54418	1122	1096	680	10971215	138405193214240	138405195117552	43748
XCHTIME	0	0	0	0	0	0	0	0	0	0	0	0
XCHTIME	255	2	5	3193568	54093	1501	760	600	3136614	138405193214240	138405195117552	43748
XCHTIME	0	0	0	0	0	0	0	0	0	0	0	0
XCHTIME	255	4	18	22112365	54641	1240	1434	2180	22052870	138405193214240	138405195117552	43748
LADGATE	255	10000	0.128	1
XCHTIME	0	0	0	0	0	0	0	0	0	0	0	0
XCHTIME	255	4	10	1155978	53839	849	1287	1108	1098895	138405193214240	138405195117552	43748
XCHTIME	0	0	0	0	0	0	0	0	0	0	0	0
XCHTIME	255	4	66	385344	54188	858	1068	17791	311439	138405193214240	138405195117552	43748
XCHTIME	0	0	0	0	0	0	0	0	0	0	0	0
XCHTIME	255	4	15	2918628	53587	596	1710	1716	2861019	138405193214240	138405195117552	43748
XCHTIME	0	0	0	0	0	0	0	0	0	0	0	0
XCHTIME	255	4	10	1144130	54345	619	1286	1171	1086709	138405193214240	138405195117552	43748
XCHTIME	0	0	0	0	0	0	0	0	0	0	0	0
XCHTIME	255	4	18	22088829	54032	485	1386	2362	22030564	138405193214240	138405195117552	43748
XCHTIME	0	0	0	0	0	0	0	0	0	0	0	0
XCHTIME	255	4	11	774023	54536	592	1109	1230	716556	138405193214240	138405195117552	43748
XCHTIME	0	0	0	0	0	0	0	0	0	0	0	0
XCHTIME	255	4	14	6584989	58368	489	1340	1697	6523095	138405193214240	138405195117552	43748
XCHTIME	0	0	0	0	0	0	0	0	0	0	0	0
XCHTIME	255	4	13	13103933	53913	562	1338	1710	13046410	138405193214240	138405195117552	43748
XCHTIME	0	0	0	0	0	0	0	0	0	0	0	0
XCHTIME	255	1	0	21503809	54229	638	272	0	21448670	138405193214240	138405195117552	43748
XCHTIME	0	0	0	0	0	0	0	0	0	0	0	0
XCHTIME	255	4	6	594017	56541	1287	1067	782	534340	138405193214240	138405195117552	43748
LIFT	qap	255	225	49148	225
COUNTS	qap	255	43748	3802533	3650113
XCHTIME	0	0	0	0	0	0	0	0	0	0	0	0
XCHTIME	7252	1	0	3259452	964303	463361	470194	0	1361594	138405186990240	138405187048272	20752
XCHTIME	0	0	0	0	0	0	0	0	0	0	0	0
XCHTIME	7252	1	0	3981602	914169	447857	503821	0	2115755	138405186990240	138405187048272	20752
XCHTIME	0	0	0	0	0	0	0	0	0	0	0	0
XCHTIME	7252	1	0	3831298	909940	449401	486009	0	1985948	138405186990240	138405187048272	20752
XCHTIME	0	0	0	0	0	0	0	0	0	0	0	0
XCHTIME	7252	1	0	11874056	961349	463767	481335	0	9967605	138405186990240	138405187048272	20752
LADGATE	7252	10000	0.570	1
XCHTIME	0	0	0	0	0	0	0	0	0	0	0	0
XCHTIME	7252	5	26	122612221	920927	478135	2422035	10341	118780783	138405186990240	138405187048272	20752
XCHTIME	0	0	0	0	0	0	0	0	0	0	0	0
XCHTIME	7252	1	0	5951871	1012452	511032	538700	0	3889687	138405186990240	138405187048272	20752
XCHTIME	0	0	0	0	0	0	0	0	0	0	0	0
XCHTIME	7252	1	0	6896365	986107	453225	462190	0	4994843	138405186990240	138405187048272	20752
XCHTIME	0	0	0	0	0	0	0	0	0	0	0	0
XCHTIME	7252	3	9	12852658	933811	451152	1433172	3611	10030912	138405186990240	138405187048272	20752
XCHTIME	0	0	0	0	0	0	0	0	0	0	0	0
XCHTIME	7252	1	0	11829066	935410	478629	457172	0	9957855	138405186990240	138405187048272	20752
XCHTIME	0	0	0	0	0	0	0	0	0	0	0	0
XCHTIME	7252	3	9	12312158	924799	451769	1436977	3414	9495199	138405186990240	138405187048272	20752
XCHTIME	0	0	0	0	0	0	0	0	0	0	0	0
XCHTIME	7252	2	4	12953111	952746	468659	1002550	1861	10527295	138405186990240	138405187048272	20752
XCHTIME	0	0	0	0	0	0	0	0	0	0	0	0
XCHTIME	7252	1	0	12237993	920595	458337	496945	0	10362116	138405186990240	138405187048272	20752
XCHTIME	0	0	0	0	0	0	0	0	0	0	0	0
XCHTIME	7252	1	0	10686607	940929	456586	452819	0	8836273	138405186990240	138405187048272	20752
XCHTIME	0	0	0	0	0	0	0	0	0	0	0	0
XCHTIME	7252	3	3	12177255	963588	475703	1414113	1505	9322346	138405186990240	138405187048272	20752
LIFT	rsyn0830m04m	7252	3744	14872	3744
COUNTS	rsyn0830m04m	7252	20752	212130	171516
XCHTIME	0	0	0	0	0	0	0	0	0	0	0	0
XCHTIME	1073	2	4	629002	15570	3387	6809	242	602994	138405187339152	138405187310432	2118
XCHTIME	0	0	0	0	0	0	0	0	0	0	0	0
XCHTIME	1073	2	6	6353125	15010	3500	8385	264	6325966	138405187339152	138405187310432	2118
XCHTIME	0	0	0	0	0	0	0	0	0	0	0	0
XCHTIME	1073	2	5	1852726	16252	4192	6475	229	1825578	138405187339152	138405187310432	2118
XCHTIME	0	0	0	0	0	0	0	0	0	0	0	0
XCHTIME	1073	4	18	12099328	15126	3319	15351	754	12064778	138405187339152	138405187310432	2118
LADGATE	1073	10000	0.261	1
XCHTIME	0	0	0	0	0	0	0	0	0	0	0	0
XCHTIME	1073	5	26	14766113	15162	3255	17627	1131	14728938	138405187339152	138405187310432	2118
XCHTIME	0	0	0	0	0	0	0	0	0	0	0	0
XCHTIME	1073	4	66	6965237	15939	3824	29152	2230	6914092	138405187339152	138405187310432	2118
XCHTIME	0	0	0	0	0	0	0	0	0	0	0	0
XCHTIME	1073	4	15	2149517	21225	7382	13778	570	2106562	138405187339152	138405187310432	2118
XCHTIME	0	0	0	0	0	0	0	0	0	0	0	0
XCHTIME	1073	4	10	1205031	15350	3588	13845	380	1171868	138405187339152	138405187310432	2118
XCHTIME	0	0	0	0	0	0	0	0	0	0	0	0
XCHTIME	1073	4	18	12112625	15258	3145	17121	764	12076337	138405187339152	138405187310432	2118
XCHTIME	0	0	0	0	0	0	0	0	0	0	0	0
XCHTIME	1073	4	11	733511	15753	3690	13070	429	700569	138405187339152	138405187310432	2118
XCHTIME	0	0	0	0	0	0	0	0	0	0	0	0
XCHTIME	1073	4	14	3630500	15105	3141	12971	516	3598767	138405187339152	138405187310432	2118
XCHTIME	0	0	0	0	0	0	0	0	0	0	0	0
XCHTIME	1073	4	13	6279055	14944	3377	13671	582	6246481	138405187339152	138405187310432	2118
XCHTIME	0	0	0	0	0	0	0	0	0	0	0	0
XCHTIME	1073	2	5	15707709	14966	3391	15389	296	15673667	138405187339152	138405187310432	2118
XCHTIME	0	0	0	0	0	0	0	0	0	0	0	0
XCHTIME	1073	4	6	547634	20517	7908	14009	252	504948	138405187339152	138405187310432	2118
LIFT	lop97icx	1073	155	1760	155
COUNTS	lop97icx	1073	2118	79286	64044
XCHTIME	0	0	0	0	0	0	0	0	0	0	0	0
XCHTIME	1201	2	4	2259000	20347	4251	7891	360	2226151	138405187366352	138405193433792	4796
XCHTIME	0	0	0	0	0	0	0	0	0	0	0	0
XCHTIME	1201	1	0	6072704	20054	3887	3756	0	6045007	138405187366352	138405193433792	4796
XCHTIME	0	0	0	0	0	0	0	0	0	0	0	0
XCHTIME	1201	1	0	4995660	20593	4914	3782	0	4966371	138405187366352	138405193433792	4796
XCHTIME	0	0	0	0	0	0	0	0	0	0	0	0
XCHTIME	1201	1	0	12214078	20730	4434	3778	0	12185136	138405187366352	138405193433792	4796
LADGATE	1201	10000	0.219	1
XCHTIME	0	0	0	0	0	0	0	0	0	0	0	0
XCHTIME	1201	5	26	127459841	20183	4152	26935	2090	127406481	138405187366352	138405193433792	4796
XCHTIME	0	0	0	0	0	0	0	0	0	0	0	0
XCHTIME	1201	4	66	664160	22307	5479	15460	3474	617440	138405187366352	138405193433792	4796
XCHTIME	0	0	0	0	0	0	0	0	0	0	0	0
XCHTIME	1201	2	4	3314460	19950	3826	7897	273	3282514	138405187366352	138405193433792	4796
XCHTIME	0	0	0	0	0	0	0	0	0	0	0	0
XCHTIME	1201	4	10	5534455	20009	3787	15787	847	5494025	138405187366352	138405193433792	4796
XCHTIME	0	0	0	0	0	0	0	0	0	0	0	0
XCHTIME	1201	1	0	12161137	20058	3749	3744	0	12133586	138405187366352	138405193433792	4796
XCHTIME	0	0	0	0	0	0	0	0	0	0	0	0
XCHTIME	1201	4	11	2553090	20971	5014	15356	828	2510921	138405187366352	138405193433792	4796
XCHTIME	0	0	0	0	0	0	0	0	0	0	0	0
XCHTIME	1201	2	4	12943353	20274	3787	8007	342	12910943	138405187366352	138405193433792	4796
XCHTIME	0	0	0	0	0	0	0	0	0	0	0	0
XCHTIME	1201	1	0	13138420	20499	3933	3723	0	13110265	138405187366352	138405193433792	4796
XCHTIME	0	0	0	0	0	0	0	0	0	0	0	0
XCHTIME	1201	1	0	12071186	21236	4113	3788	0	12042049	138405187366352	138405193433792	4796
XCHTIME	0	0	0	0	0	0	0	0	0	0	0	0
XCHTIME	1201	4	6	1648792	28632	10116	15640	522	1593882	138405187366352	138405193433792	4796
LIFT	chain400	1201	800	3196	800
COUNTS	chain400	1201	4796	16382	16382
XCHTIME	0	0	0	0	0	0	0	0	0	0	0	0
XCHTIME	9532	1	0	5422327	1719761	838643	836125	0	2027798	138405192684080	138405196439472	30810
XCHTIME	0	0	0	0	0	0	0	0	0	0	0	0
XCHTIME	9532	1	0	6965667	1783582	841499	845329	0	3495257	138405192684080	138405196439472	30810
XCHTIME	0	0	0	0	0	0	0	0	0	0	0	0
XCHTIME	9532	1	0	6401726	1825965	824488	838713	0	2912560	138405192684080	138405196439472	30810
XCHTIME	0	0	0	0	0	0	0	0	0	0	0	0
XCHTIME	9532	1	0	13025209	1724871	840438	853009	0	9606891	138405192684080	138405196439472	30810
LADGATE	9532	10000	0.715	1
XCHTIME	0	0	0	0	0	0	0	0	0	0	0	0
XCHTIME	9532	5	26	59734514	1746828	849518	4222997	11579	52903592	138405192684080	138405196439472	30810
XCHTIME	0	0	0	0	0	0	0	0	0	0	0	0
XCHTIME	9532	1	0	6880473	1768460	841649	840936	0	3429428	138405192684080	138405196439472	30810
XCHTIME	0	0	0	0	0	0	0	0	0	0	0	0
XCHTIME	9532	1	0	7053384	1740027	843079	846814	0	3623464	138405192684080	138405196439472	30810
XCHTIME	0	0	0	0	0	0	0	0	0	0	0	0
XCHTIME	9532	2	3	11266764	1759768	834588	1680678	2029	6989701	138405192684080	138405196439472	30810
XCHTIME	0	0	0	0	0	0	0	0	0	0	0	0
XCHTIME	9532	1	0	12930362	1763769	829612	839598	0	9497383	138405192684080	138405196439472	30810
XCHTIME	0	0	0	0	0	0	0	0	0	0	0	0
XCHTIME	9532	2	3	10954201	1758790	841822	1680610	1974	6671005	138405192684080	138405196439472	30810
XCHTIME	0	0	0	0	0	0	0	0	0	0	0	0
XCHTIME	9532	2	4	12472162	1766752	835977	1682422	2470	8184541	138405192684080	138405196439472	30810
XCHTIME	0	0	0	0	0	0	0	0	0	0	0	0
XCHTIME	9532	2	4	13128810	1730321	906732	1694421	2472	8794864	138405192684080	138405196439472	30810
XCHTIME	0	0	0	0	0	0	0	0	0	0	0	0
XCHTIME	9532	1	0	11986467	1788088	836959	847225	0	8514195	138405192684080	138405196439472	30810
XCHTIME	0	0	0	0	0	0	0	0	0	0	0	0
XCHTIME	9532	2	3	10829632	1750490	841142	1656835	1787	6579378	138405192684080	138405196439472	30810
LIFT	mpbp_07	9532	5704	23110	5704
COUNTS	mpbp_07	9532	30810	1368477	1248083
XCHTIME	0	0	0	0	0	0	0	0	0	0	0	0
XCHTIME	440	2	4	379348	11208	1368	1932	155	364685	138405186910544	138405193598640	2958
XCHTIME	0	0	0	0	0	0	0	0	0	0	0	0
XCHTIME	440	2	6	3550913	7087	1142	2079	173	3540432	138405186910544	138405193598640	2958
XCHTIME	0	0	0	0	0	0	0	0	0	0	0	0
XCHTIME	440	2	5	1152133	6980	1442	1636	128	1141947	138405186910544	138405193598640	2958
XCHTIME	0	0	0	0	0	0	0	0	0	0	0	0
XCHTIME	440	4	18	4138568	6456	1044	3121	528	4127419	138405186910544	138405193598640	2958
LADGATE	440	10000	0.315	1
XCHTIME	0	0	0	0	0	0	0	0	0	0	0	0
XCHTIME	440	5	26	5811057	7338	1404	3923	783	5797609	138405186910544	138405193598640	2958
XCHTIME	0	0	0	0	0	0	0	0	0	0	0	0
XCHTIME	440	4	66	6612749	6977	1350	3313	1560	6599549	138405186910544	138405193598640	2958
XCHTIME	0	0	0	0	0	0	0	0	0	0	0	0
XCHTIME	440	4	15	1276772	6898	1161	3510	422	1264781	138405186910544	138405193598640	2958
XCHTIME	0	0	0	0	0	0	0	0	0	0	0	0
XCHTIME	440	4	10	688086	6542	1137	3438	297	676672	138405186910544	138405193598640	2958
XCHTIME	0	0	0	0	0	0	0	0	0	0	0	0
XCHTIME	440	4	18	4136274	6724	1065	3173	550	4124762	138405186910544	138405193598640	2958
XCHTIME	0	0	0	0	0	0	0	0	0	0	0	0
XCHTIME	440	4	11	376277	6516	1184	3260	280	365037	138405186910544	138405193598640	2958
XCHTIME	0	0	0	0	0	0	0	0	0	0	0	0
XCHTIME	440	4	14	2130247	6472	1041	3291	354	2119089	138405186910544	138405193598640	2958
XCHTIME	0	0	0	0	0	0	0	0	0	0	0	0
XCHTIME	440	4	13	3302307	6623	1074	3203	374	3291033	138405186910544	138405193598640	2958
XCHTIME	0	0	0	0	0	0	0	0	0	0	0	0
XCHTIME	440	4	16	12110718	6716	1094	5885	598	12096425	138405186910544	138405193598640	2958
XCHTIME	0	0	0	0	0	0	0	0	0	0	0	0
XCHTIME	440	4	6	294068	7654	2227	3318	190	280679	138405186910544	138405193598640	2958
LIFT	sonetgr17	440	317	2712	317
COUNTS	sonetgr17	440	2958	37814	30971
XCHTIME	0	0	0	0	0	0	0	0	0	0	0	0
XCHTIME	2207	2	4	983854	57224	12068	30041	321	884200	138405193249360	138405193667712	7516
XCHTIME	0	0	0	0	0	0	0	0	0	0	0	0
XCHTIME	2207	2	6	3062331	64520	13207	49083	722	2934799	138405193249360	138405193667712	7516
XCHTIME	0	0	0	0	0	0	0	0	0	0	0	0
XCHTIME	2207	2	5	1071492	65145	18251	35309	662	952125	138405193249360	138405193667712	7516
XCHTIME	0	0	0	0	0	0	0	0	0	0	0	0
XCHTIME	2207	4	18	12353772	71469	21594	114693	2024	12143992	138405193249360	138405193667712	7516
LADGATE	2207	10000	0.581	1
XCHTIME	0	0	0	0	0	0	0	0	0	0	0	0
XCHTIME	2207	5	26	15492431	79780	25286	157036	2978	15227351	138405193249360	138405193667712	7516
XCHTIME	0	0	0	0	0	0	0	0	0	0	0	0
XCHTIME	2207	3	57	4704297	74348	24547	98089	5196	4502117	138405193249360	138405193667712	7516
XCHTIME	0	0	0	0	0	0	0	0	0	0	0	0
XCHTIME	2207	4	15	2539365	74066	25573	85364	1373	2352989	138405193249360	138405193667712	7516
XCHTIME	0	0	0	0	0	0	0	0	0	0	0	0
XCHTIME	2207	4	10	2152763	67902	18134	74775	1075	1990877	138405193249360	138405193667712	7516
XCHTIME	0	0	0	0	0	0	0	0	0	0	0	0
XCHTIME	2207	4	18	12435046	67143	16820	115929	2176	12232978	138405193249360	138405193667712	7516
XCHTIME	0	0	0	0	0	0	0	0	0	0	0	0
XCHTIME	2207	4	11	2208319	80162	25106	94159	1264	2007628	138405193249360	138405193667712	7516
XCHTIME	0	0	0	0	0	0	0	0	0	0	0	0
XCHTIME	2207	4	14	2862655	74885	19962	74876	1226	2691706	138405193249360	138405193667712	7516
XCHTIME	0	0	0	0	0	0	0	0	0	0	0	0
XCHTIME	2207	4	13	6635407	69300	14344	98749	1832	6451182	138405193249360	138405193667712	7516
XCHTIME	0	0	0	0	0	0	0	0	0	0	0	0
XCHTIME	2207	2	5	13627567	71634	20470	64024	663	13470776	138405193249360	138405193667712	7516
XCHTIME	0	0	0	0	0	0	0	0	0	0	0	0
XCHTIME	2207	4	6	1932032	87755	27880	77679	536	1738182	138405193249360	138405193667712	7516
LIFT	p_ball_30b_7p_2d_h	2207	1415	5932	1415
COUNTS	p_ball_30b_7p_2d_h	2207	7516	42456	42319
XCHTIME	0	0	0	0	0	0	0	0	0	0	0	0
XCHTIME	19995	0	0	0	0	0	0	0	0	138405197251744	138405188477184	97990
XCHTIME	0	0	0	0	0	0	0	0	0	0	0	0
XCHTIME	19995	0	0	30549305	15357312	15191993	0	0	0	138405197251744	138405188477184	97990
XCHTIME	0	0	0	0	0	0	0	0	0	0	0	0
XCHTIME	19995	0	0	29841171	14890840	14950331	0	0	0	138405197251744	138405188477184	97990
XCHTIME	0	0	0	0	0	0	0	0	0	0	0	0
XCHTIME	19995	1	0	36679044	14940654	14941740	2404724	0	4391926	138405197251744	138405188477184	97990
LADGATE	19995	10000	0.742	0
XCHTIME	0	0	0	0	0	0	0	0	0	0	0	0
XCHTIME	19995	5	26	171326768	15004230	14882436	12266098	17924	129156080	138405197251744	138405188477184	97990
XCHTIME	0	0	0	0	0	0	0	0	0	0	0	0
XCHTIME	19995	0	0	30181586	15162588	15018998	0	0	0	138405197251744	138405188477184	97990
XCHTIME	0	0	0	0	0	0	0	0	0	0	0	0
XCHTIME	19995	0	0	30003285	15021020	14982265	0	0	0	138405197251744	138405188477184	97990
XCHTIME	0	0	0	0	0	0	0	0	0	0	0	0
XCHTIME	19995	1	0	35787592	15046786	15040514	2415519	0	3284773	138405197251744	138405188477184	97990
XCHTIME	0	0	0	0	0	0	0	0	0	0	0	0
XCHTIME	19995	1	0	36773138	15008132	14981243	2488312	0	4295451	138405197251744	138405188477184	97990
XCHTIME	0	0	0	0	0	0	0	0	0	0	0	0
XCHTIME	19995	1	0	35742095	15001545	14969183	2429137	0	3342230	138405197251744	138405188477184	97990
XCHTIME	0	0	0	0	0	0	0	0	0	0	0	0
XCHTIME	19995	1	0	36181197	15012572	15009211	2425234	0	3734180	138405197251744	138405188477184	97990
XCHTIME	0	0	0	0	0	0	0	0	0	0	0	0
XCHTIME	19995	1	0	37124961	15013978	14907719	2429655	0	4773609	138405197251744	138405188477184	97990
XCHTIME	0	0	0	0	0	0	0	0	0	0	0	0
XCHTIME	19995	1	0	37364437	15019406	14928443	2433139	0	4983449	138405197251744	138405188477184	97990
XCHTIME	0	0	0	0	0	0	0	0	0	0	0	0
XCHTIME	19995	1	0	35517227	14943072	14906883	2431674	0	3235598	138405197251744	138405188477184	97990
LIFT	pinene200	19995	15795	89590	15795
COUNTS	pinene200	19995	97990	1358716	1132981
LIFT	unitcommit_200_100_1_mod_8	146830	73272	329560	73272
COUNTS	unitcommit_200_100_1_mod_8	146830	476332	3053940	2981835
XCHTIME	0	0	0	0	0	0	0	0	0	0	0	0
XCHTIME	123	2	4	149829	4324	595	336	254	144320	138405196060224	138405186899296	834
XCHTIME	0	0	0	0	0	0	0	0	0	0	0	0
XCHTIME	123	2	6	1144231	2122	389	514	284	1140922	138405196060224	138405186899296	834
XCHTIME	0	0	0	0	0	0	0	0	0	0	0	0
XCHTIME	123	2	5	414824	2155	525	373	222	411549	138405196060224	138405186899296	834
XCHTIME	0	0	0	0	0	0	0	0	0	0	0	0
XCHTIME	123	4	18	2588847	2059	353	836	827	2584772	138405196060224	138405186899296	834
LADGATE	123	10000	0.268	1
XCHTIME	0	0	0	0	0	0	0	0	0	0	0	0
XCHTIME	123	5	26	3286017	2385	721	963	1182	3280766	138405196060224	138405186899296	834
XCHTIME	0	0	0	0	0	0	0	0	0	0	0	0
XCHTIME	123	4	66	1594318	1965	485	774	3133	1587961	138405196060224	138405186899296	834
XCHTIME	0	0	0	0	0	0	0	0	0	0	0	0
XCHTIME	123	4	15	447197	2186	637	604	614	443156	138405196060224	138405186899296	834
XCHTIME	0	0	0	0	0	0	0	0	0	0	0	0
XCHTIME	123	4	10	270380	2290	540	588	477	266485	138405196060224	138405186899296	834
XCHTIME	0	0	0	0	0	0	0	0	0	0	0	0
XCHTIME	123	4	18	2654485	2027	309	829	824	2650496	138405196060224	138405186899296	834
XCHTIME	0	0	0	0	0	0	0	0	0	0	0	0
XCHTIME	123	4	11	175652	2138	464	551	467	172032	138405196060224	138405186899296	834
XCHTIME	0	0	0	0	0	0	0	0	0	0	0	0
XCHTIME	123	4	14	833223	2143	304	733	609	829434	138405196060224	138405186899296	834
XCHTIME	0	0	0	0	0	0	0	0	0	0	0	0
XCHTIME	123	4	13	1353863	2099	342	789	497	1350136	138405196060224	138405186899296	834
XCHTIME	0	0	0	0	0	0	0	0	0	0	0	0
XCHTIME	123	4	16	7964486	2169	336	1196	746	7960039	138405196060224	138405186899296	834
XCHTIME	0	0	0	0	0	0	0	0	0	0	0	0
XCHTIME	123	4	6	103692	2225	609	628	261	99969	138405196060224	138405186899296	834
LIFT	ex8_3_9	123	101	766	101
COUNTS	ex8_3_9	123	834	15050	11503
XCHTIME	0	0	0	0	0	0	0	0	0	0	0	0
XCHTIME	2486	2	4	2766161	72408	17282	41811	411	2634249	138405192608576	138405189263632	6932
XCHTIME	0	0	0	0	0	0	0	0	0	0	0	0
XCHTIME	2486	1	0	4778250	89560	32693	22410	0	4633587	138405192608576	138405189263632	6932
XCHTIME	0	0	0	0	0	0	0	0	0	0	0	0
XCHTIME	2486	1	0	3619115	96383	32963	21096	0	3468673	138405192608576	138405189263632	6932
XCHTIME	0	0	0	0	0	0	0	0	0	0	0	0
XCHTIME	2486	1	0	10969877	85305	24085	19046	0	10841441	138405192608576	138405189263632	6932
LADGATE	2486	10000	0.594	1
XCHTIME	0	0	0	0	0	0	0	0	0	0	0	0
XCHTIME	2486	5	26	44816015	73973	18288	155687	2856	44565211	138405192608576	138405189263632	6932
XCHTIME	0	0	0	0	0	0	0	0	0	0	0	0
XCHTIME	2486	1	0	6125851	87579	26642	20028	0	5991602	138405192608576	138405189263632	6932
XCHTIME	0	0	0	0	0	0	0	0	0	0	0	0
XCHTIME	2486	4	15	6975307	104118	37045	104929	1667	6727548	138405192608576	138405189263632	6932
XCHTIME	0	0	0	0	0	0	0	0	0	0	0	0
XCHTIME	2486	4	10	5701051	79307	22201	99436	1011	5499096	138405192608576	138405189263632	6932
XCHTIME	0	0	0	0	0	0	0	0	0	0	0	0
XCHTIME	2486	1	0	10949668	86870	26123	22031	0	10814644	138405192608576	138405189263632	6932
XCHTIME	0	0	0	0	0	0	0	0	0	0	0	0
XCHTIME	2486	4	11	4183648	97826	26525	92712	1086	3965499	138405192608576	138405189263632	6932
XCHTIME	0	0	0	0	0	0	0	0	0	0	0	0
XCHTIME	2486	4	14	12675826	80115	19536	102149	1746	12472280	138405192608576	138405189263632	6932
XCHTIME	0	0	0	0	0	0	0	0	0	0	0	0
XCHTIME	2486	2	4	11779985	82875	22258	50168	460	11624224	138405192608576	138405189263632	6932
XCHTIME	0	0	0	0	0	0	0	0	0	0	0	0
XCHTIME	2486	1	0	11842817	96047	25190	17001	0	11704579	138405192608576	138405189263632	6932
XCHTIME	0	0	0	0	0	0	0	0	0	0	0	0
XCHTIME	2486	4	6	3064587	105944	46988	98686	641	2812328	138405192608576	138405189263632	6932
LIFT	rsyn0820m02m	2486	1364	4808	1364
COUNTS	rsyn0820m02m	2486	6932	38190	35625
XCHTIME	0	0	0	0	0	0	0	0	0	0	0	0
XCHTIME	293	2	4	238102	6963	1467	861	133	228678	138405187377360	138405193633472	964
XCHTIME	0	0	0	0	0	0	0	0	0	0	0	0
XCHTIME	293	2	6	1415255	3056	1005	1190	158	1409846	138405187377360	138405193633472	964
XCHTIME	0	0	0	0	0	0	0	0	0	0	0	0
XCHTIME	293	2	5	512356	3380	1168	930	125	506753	138405187377360	138405193633472	964
XCHTIME	0	0	0	0	0	0	0	0	0	0	0	0
XCHTIME	293	4	18	3883140	3180	1037	2537	526	3875860	138405187377360	138405193633472	964
LADGATE	293	10000	0.247	1
XCHTIME	0	0	0	0	0	0	0	0	0	0	0	0
XCHTIME	293	5	26	4577589	3395	1079	2097	770	4570248	138405187377360	138405193633472	964
XCHTIME	0	0	0	0	0	0	0	0	0	0	0	0
XCHTIME	293	4	66	749459	2891	1015	1410	2216	741927	138405187377360	138405193633472	964
XCHTIME	0	0	0	0	0	0	0	0	0	0	0	0
XCHTIME	293	4	15	685298	3184	968	2146	370	678630	138405187377360	138405193633472	964
XCHTIME	0	0	0	0	0	0	0	0	0	0	0	0
XCHTIME	293	4	10	434647	3175	934	1690	334	428514	138405187377360	138405193633472	964
XCHTIME	0	0	0	0	0	0	0	0	0	0	0	0
XCHTIME	293	4	18	3890907	3022	844	2307	526	3884208	138405187377360	138405193633472	964
XCHTIME	0	0	0	0	0	0	0	0	0	0	0	0
XCHTIME	293	4	11	289430	3537	919	1571	274	283129	138405187377360	138405193633472	964
XCHTIME	0	0	0	0	0	0	0	0	0	0	0	0
XCHTIME	293	4	14	1014462	3030	818	1777	355	1008482	138405187377360	138405193633472	964
XCHTIME	0	0	0	0	0	0	0	0	0	0	0	0
XCHTIME	293	4	13	1794993	2986	945	1594	350	1789118	138405187377360	138405193633472	964
XCHTIME	0	0	0	0	0	0	0	0	0	0	0	0
XCHTIME	293	4	16	10996406	3160	963	2759	572	10988952	138405187377360	138405193633472	964
XCHTIME	0	0	0	0	0	0	0	0	0	0	0	0
XCHTIME	293	4	6	235531	3721	1384	1800	206	228420	138405187377360	138405193633472	964
LIFT	p_ball_10b_5p_2d_m	293	119	716	119
COUNTS	p_ball_10b_5p_2d_m	293	964	6648	6547
XCHTIME	0	0	0	0	0	0	0	0	0	0	0	0
XCHTIME	170	2	4	175598	4658	727	527	118	169568	138405196076176	138405193643472	936
XCHTIME	0	0	0	0	0	0	0	0	0	0	0	0
XCHTIME	170	2	6	1867654	2508	462	516	161	1864007	138405196076176	138405193643472	936
XCHTIME	0	0	0	0	0	0	0	0	0	0	0	0
XCHTIME	170	2	5	579869	2810	520	493	142	575904	138405196076176	138405193643472	936
XCHTIME	0	0	0	0	0	0	0	0	0	0	0	0
XCHTIME	170	4	18	3822095	2486	642	1244	502	3817221	138405196076176	138405193643472	936
LADGATE	170	10000	0.204	1
XCHTIME	0	0	0	0	0	0	0	0	0	0	0	0
XCHTIME	170	5	26	4760548	3111	829	1214	682	4754712	138405196076176	138405193643472	936
XCHTIME	0	0	0	0	0	0	0	0	0	0	0	0
XCHTIME	170	4	66	109856	2475	518	963	1512	104388	138405196076176	138405193643472	936
XCHTIME	0	0	0	0	0	0	0	0	0	0	0	0
XCHTIME	170	4	15	650814	2606	395	875	319	646619	138405196076176	138405193643472	936
XCHTIME	0	0	0	0	0	0	0	0	0	0	0	0
XCHTIME	170	4	10	313185	2413	438	749	228	309357	138405196076176	138405193643472	936
XCHTIME	0	0	0	0	0	0	0	0	0	0	0	0
XCHTIME	170	4	18	3815965	2436	459	1299	468	3811303	138405196076176	138405193643472	936
XCHTIME	0	0	0	0	0	0	0	0	0	0	0	0
XCHTIME	170	4	11	187968	2710	436	869	268	183685	138405196076176	138405193643472	936
XCHTIME	0	0	0	0	0	0	0	0	0	0	0	0
XCHTIME	170	4	14	1126883	2432	367	824	308	1122952	138405196076176	138405193643472	936
XCHTIME	0	0	0	0	0	0	0	0	0	0	0	0
XCHTIME	170	4	13	2018303	2686	423	1105	307	2013782	138405196076176	138405193643472	936
XCHTIME	0	0	0	0	0	0	0	0	0	0	0	0
XCHTIME	170	4	16	13822320	2568	433	1886	593	13816840	138405196076176	138405193643472	936
XCHTIME	0	0	0	0	0	0	0	0	0	0	0	0
XCHTIME	170	4	6	115271	3366	752	899	148	110106	138405196076176	138405193643472	936
LIFT	pooling_adhya4tp	170	93	806	93
COUNTS	pooling_adhya4tp	170	936	26842	20581
XCHTIME	0	0	0	0	0	0	0	0	0	0	0	0
XCHTIME	7295	1	0	2722891	1011711	483220	483970	0	743990	138405196898240	138405196956624	21600
XCHTIME	0	0	0	0	0	0	0	0	0	0	0	0
XCHTIME	7295	1	0	2907282	1018231	463467	490350	0	935234	138405196898240	138405196956624	21600
XCHTIME	0	0	0	0	0	0	0	0	0	0	0	0
XCHTIME	7295	1	0	3027546	1006919	461529	490760	0	1068338	138405196898240	138405196956624	21600
XCHTIME	0	0	0	0	0	0	0	0	0	0	0	0
XCHTIME	7295	4	18	12124593	1018048	472744	1895975	15637	8722189	138405196898240	138405196956624	21600
LADGATE	7295	10000	0.291	1
XCHTIME	0	0	0	0	0	0	0	0	0	0	0	0
XCHTIME	7295	5	26	18329245	956371	457542	2339172	11030	14565130	138405196898240	138405196956624	21600
XCHTIME	0	0	0	0	0	0	0	0	0	0	0	0
XCHTIME	7295	2	19	6154250	991490	474174	944333	5603	3738650	138405196898240	138405196956624	21600
XCHTIME	0	0	0	0	0	0	0	0	0	0	0	0
XCHTIME	7295	2	4	6495479	970298	481732	944930	1958	4096561	138405196898240	138405196956624	21600
XCHTIME	0	0	0	0	0	0	0	0	0	0	0	0
XCHTIME	7295	4	10	11806157	971609	469411	1848948	5416	8510773	138405196898240	138405196956624	21600
XCHTIME	0	0	0	0	0	0	0	0	0	0	0	0
XCHTIME	7295	4	18	12175503	951569	475751	1888376	8022	8851785	138405196898240	138405196956624	21600
XCHTIME	0	0	0	0	0	0	0	0	0	0	0	0
XCHTIME	7295	4	11	12054823	997509	459014	1867051	5663	8725586	138405196898240	138405196956624	21600
XCHTIME	0	0	0	0	0	0	0	0	0	0	0	0
XCHTIME	7295	4	14	11699239	1021299	473528	1861753	6185	8336474	138405196898240	138405196956624	21600
XCHTIME	0	0	0	0	0	0	0	0	0	0	0	0
XCHTIME	7295	4	13	12021267	1009248	478222	1864168	10063	8659566	138405196898240	138405196956624	21600
XCHTIME	0	0	0	0	0	0	0	0	0	0	0	0
XCHTIME	7295	2	5	10023315	995309	466485	966313	2755	7592453	138405196898240	138405196956624	21600
XCHTIME	0	0	0	0	0	0	0	0	0	0	0	0
XCHTIME	7295	4	6	11872339	1026374	472284	1857351	3599	8512731	138405196898240	138405196956624	21600
LIFT	squfl015-080persp	7295	2495	12000	2495
COUNTS	squfl015-080persp	7295	21600	74520	74520
XCHTIME	0	0	0	0	0	0	0	0	0	0	0	0
XCHTIME	1053	2	4	641054	19074	3691	6640	303	611346	138405193522384	138405189394736	5940
XCHTIME	0	0	0	0	0	0	0	0	0	0	0	0
XCHTIME	1053	2	6	6026493	19541	3792	10255	474	5992431	138405193522384	138405189394736	5940
XCHTIME	0	0	0	0	0	0	0	0	0	0	0	0
XCHTIME	1053	2	5	1843943	24165	8216	7707	515	1803340	138405193522384	138405189394736	5940
XCHTIME	0	0	0	0	0	0	0	0	0	0	0	0
XCHTIME	1053	4	18	11502917	18736	3699	20664	1481	11458337	138405193522384	138405189394736	5940
LADGATE	1053	10000	0.322	1
XCHTIME	0	0	0	0	0	0	0	0	0	0	0	0
XCHTIME	1053	5	26	14438389	18873	4137	22523	2034	14390822	138405193522384	138405189394736	5940
XCHTIME	0	0	0	0	0	0	0	0	0	0	0	0
XCHTIME	1053	4	66	755917	20054	5211	12338	3314	715000	138405193522384	138405189394736	5940
XCHTIME	0	0	0	0	0	0	0	0	0	0	0	0
XCHTIME	1053	4	15	2095507	19190	3346	13106	795	2059070	138405193522384	138405189394736	5940
XCHTIME	0	0	0	0	0	0	0	0	0	0	0	0
XCHTIME	1053	4	10	1216755	19010	3503	17884	743	1175615	138405193522384	138405189394736	5940
XCHTIME	0	0	0	0	0	0	0	0	0	0	0	0
XCHTIME	1053	4	18	11612502	19674	4268	20867	1401	11566292	138405193522384	138405189394736	5940
XCHTIME	0	0	0	0	0	0	0	0	0	0	0	0
XCHTIME	1053	4	11	853819	20105	5032	12393	714	815575	138405193522384	138405189394736	5940
XCHTIME	0	0	0	0	0	0	0	0	0	0	0	0
XCHTIME	1053	4	14	3693270	18994	3206	13991	1018	3656061	138405193522384	138405189394736	5940
XCHTIME	0	0	0	0	0	0	0	0	0	0	0	0
XCHTIME	1053	4	13	6396154	19834	5177	15341	1007	6354795	138405193522384	138405189394736	5940
XCHTIME	0	0	0	0	0	0	0	0	0	0	0	0
XCHTIME	1053	2	5	17018789	19068	4078	16721	675	16978247	138405193522384	138405189394736	5940
XCHTIME	0	0	0	0	0	0	0	0	0	0	0	0
XCHTIME	1053	4	6	779703	25298	10082	14153	438	729732	138405193522384	138405189394736	5940
LIFT	edgecross10-080	1053	571	4976	571
COUNTS	edgecross10-080	1053	5940	170814	164639
XCHTIME	0	0	0	0	0	0	0	0	0	0	0	0
XCHTIME	590	2	4	429461	13042	2469	2937	210	410803	138405193228160	138405193499344	1696
XCHTIME	0	0	0	0	0	0	0	0	0	0	0	0
XCHTIME	590	2	6	2693618	7039	1658	2636	208	2682077	138405193228160	138405193499344	1696
XCHTIME	0	0	0	0	0	0	0	0	0	0	0	0
XCHTIME	590	2	5	930382	6920	1889	2504	207	918862	138405193228160	138405193499344	1696
XCHTIME	0	0	0	0	0	0	0	0	0	0	0	0
XCHTIME	590	4	18	5255939	6788	1607	5174	760	5241610	138405193228160	138405193499344	1696
LADGATE	590	10000	0.290	1
XCHTIME	0	0	0	0	0	0	0	0	0	0	0	0
XCHTIME	590	5	26	6079233	7531	2132	6082	1062	6062426	138405193228160	138405193499344	1696
XCHTIME	0	0	0	0	0	0	0	0	0	0	0	0
XCHTIME	590	4	66	2876600	6546	1613	7709	2530	2858202	138405193228160	138405193499344	1696
XCHTIME	0	0	0	0	0	0	0	0	0	0	0	0
XCHTIME	590	4	15	1281720	8132	2422	5821	493	1264852	138405193228160	138405193499344	1696
XCHTIME	0	0	0	0	0	0	0	0	0	0	0	0
XCHTIME	590	4	10	846090	7290	1824	5936	367	830673	138405193228160	138405193499344	1696
XCHTIME	0	0	0	0	0	0	0	0	0	0	0	0
XCHTIME	590	4	18	5326389	7973	2000	7128	865	5308423	138405193228160	138405193499344	1696
XCHTIME	0	0	0	0	0	0	0	0	0	0	0	0
XCHTIME	590	4	11	569241	7972	2388	5450	469	552962	138405193228160	138405193499344	1696
XCHTIME	0	0	0	0	0	0	0	0	0	0	0	0
XCHTIME	590	4	14	1880120	7817	1895	5661	543	1864204	138405193228160	138405193499344	1696
XCHTIME	0	0	0	0	0	0	0	0	0	0	0	0
XCHTIME	590	4	13	2993606	7624	1976	6756	652	2976598	138405193228160	138405193499344	1696
XCHTIME	0	0	0	0	0	0	0	0	0	0	0	0
XCHTIME	590	4	16	13200007	7957	2566	11317	1027	13177140	138405193228160	138405193499344	1696
XCHTIME	0	0	0	0	0	0	0	0	0	0	0	0
XCHTIME	590	4	6	385085	8364	2958	5202	265	368296	138405193228160	138405193499344	1696
LIFT	clay0204hfsg	590	278	1184	278
COUNTS	clay0204hfsg	590	1696	7198	6562
XCHTIME	0	0	0	0	0	0	0	0	0	0	0	0
XCHTIME	13	2	4	27207	675	469	100	91	25872	138405193245872	138405193216304	40
XCHTIME	0	0	0	0	0	0	0	0	0	0	0	0
XCHTIME	13	2	6	315906	400	326	63	168	314949	138405193245872	138405193216304	40
XCHTIME	0	0	0	0	0	0	0	0	0	0	0	0
XCHTIME	13	2	5	92195	327	230	61	134	91443	138405193245872	138405193216304	40
XCHTIME	0	0	0	0	0	0	0	0	0	0	0	0
XCHTIME	13	4	18	378727	288	237	120	491	377591	138405193245872	138405193216304	40
LADGATE	13	10000	0.115	1
XCHTIME	0	0	0	0	0	0	0	0	0	0	0	0
XCHTIME	13	5	26	403835	482	381	179	720	402073	138405193245872	138405193216304	40
XCHTIME	0	0	0	0	0	0	0	0	0	0	0	0
XCHTIME	13	4	35	638021	638	693	476	1339	634875	138405193245872	138405193216304	40
XCHTIME	0	0	0	0	0	0	0	0	0	0	0	0
XCHTIME	13	4	15	118337	478	416	136	362	116945	138405193245872	138405193216304	40
XCHTIME	0	0	0	0	0	0	0	0	0	0	0	0
XCHTIME	13	4	10	53160	367	269	131	238	52155	138405193245872	138405193216304	40
XCHTIME	0	0	0	0	0	0	0	0	0	0	0	0
XCHTIME	13	4	18	412702	311	219	178	544	411450	138405193245872	138405193216304	40
XCHTIME	0	0	0	0	0	0	0	0	0	0	0	0
XCHTIME	13	4	11	37363	701	279	124	260	35999	138405193245872	138405193216304	40
XCHTIME	0	0	0	0	0	0	0	0	0	0	0	0
XCHTIME	13	4	14	186025	356	220	118	317	185014	138405193245872	138405193216304	40
XCHTIME	0	0	0	0	0	0	0	0	0	0	0	0
XCHTIME	13	4	13	341240	320	253	139	309	340219	138405193245872	138405193216304	40
XCHTIME	0	0	0	0	0	0	0	0	0	0	0	0
XCHTIME	13	4	16	976637	340	240	157	686	975214	138405193245872	138405193216304	40
XCHTIME	0	0	0	0	0	0	0	0	0	0	0	0
XCHTIME	13	4	6	22084	810	408	123	139	20604	138405193245872	138405193216304	40
COUNTS	st_bsj2	13	40	143	114
XCHTIME	0	0	0	0	0	0	0	0	0	0	0	0
XCHTIME	440	2	4	948056	11343	1440	2081	450	932742	138405193544768	138405197218784	3038
XCHTIME	0	0	0	0	0	0	0	0	0	0	0	0
XCHTIME	440	2	6	9156453	7454	984	2148	678	9145189	138405193544768	138405197218784	3038
XCHTIME	0	0	0	0	0	0	0	0	0	0	0	0
XCHTIME	440	2	5	2988103	8003	1180	2050	596	2976274	138405193544768	138405197218784	3038
XCHTIME	0	0	0	0	0	0	0	0	0	0	0	0
XCHTIME	440	4	18	17910291	7604	1130	4705	1880	17894972	138405193544768	138405197218784	3038
LADGATE	440	10000	0.419	1
XCHTIME	0	0	0	0	0	0	0	0	0	0	0	0
XCHTIME	440	4	10	1808623	9567	2150	4402	1124	1791380	138405193544768	138405197218784	3038
XCHTIME	0	0	0	0	0	0	0	0	0	0	0	0
XCHTIME	440	4	66	6317013	7916	1281	5150	6620	6296046	138405193544768	138405197218784	3038
XCHTIME	0	0	0	0	0	0	0	0	0	0	0	0
XCHTIME	440	4	15	3152570	8208	1614	3849	1467	3137432	138405193544768	138405197218784	3038
XCHTIME	0	0	0	0	0	0	0	0	0	0	0	0
XCHTIME	440	4	10	1776896	7907	1267	3633	1114	1762975	138405193544768	138405197218784	3038
XCHTIME	0	0	0	0	0	0	0	0	0	0	0	0
XCHTIME	440	4	18	17813446	7721	1137	4777	2081	17797730	138405193544768	138405197218784	3038
XCHTIME	0	0	0	0	0	0	0	0	0	0	0	0
XCHTIME	440	4	11	983572	8359	1366	3252	1090	969505	138405193544768	138405197218784	3038
XCHTIME	0	0	0	0	0	0	0	0	0	0	0	0
XCHTIME	440	4	14	5803503	7727	962	4660	1445	5788709	138405193544768	138405197218784	3038
XCHTIME	0	0	0	0	0	0	0	0	0	0	0	0
XCHTIME	440	4	13	9954071	8064	1712	3984	1342	9938969	138405193544768	138405197218784	3038
XCHTIME	0	0	0	0	0	0	0	0	0	0	0	0
XCHTIME	440	2	5	20333834	7945	1249	2798	606	20321236	138405193544768	138405197218784	3038
XCHTIME	0	0	0	0	0	0	0	0	0	0	0	0
XCHTIME	440	4	6	633140	8933	2389	3890	624	617304	138405193544768	138405197218784	3038
LIFT	chimera_mgw-c8-439-onc8-002	440	418	3060	418
COUNTS	chimera_mgw-c8-439-onc8-002	440	3038	97870	86320
XCHTIME	0	0	0	0	0	0	0	0	0	0	0	0
XCHTIME	5188	1	0	2456852	485854	219385	218360	0	1533253	138405192760352	138405192801872	17910
XCHTIME	0	0	0	0	0	0	0	0	0	0	0	0
XCHTIME	5188	1	0	2987613	463197	239155	217533	0	2067728	138405192760352	138405192801872	17910
XCHTIME	0	0	0	0	0	0	0	0	0	0	0	0
XCHTIME	5188	1	0	2790018	457641	227596	222088	0	1882693	138405192760352	138405192801872	17910
XCHTIME	0	0	0	0	0	0	0	0	0	0	0	0
XCHTIME	5188	2	5	10902215	452902	222152	444852	1153	9781156	138405192760352	138405192801872	17910
LADGATE	5188	10000	0.653	1
XCHTIME	0	0	0	0	0	0	0	0	0	0	0	0
XCHTIME	5188	5	26	21231623	458921	218702	1133998	7845	19412157	138405192760352	138405192801872	17910
XCHTIME	0	0	0	0	0	0	0	0	0	0	0	0
XCHTIME	5188	1	0	5196954	474494	224926	227036	0	4270498	138405192760352	138405192801872	17910
XCHTIME	0	0	0	0	0	0	0	0	0	0	0	0
XCHTIME	5188	3	12	6134499	475668	218816	650779	3534	4785702	138405192760352	138405192801872	17910
XCHTIME	0	0	0	0	0	0	0	0	0	0	0	0
XCHTIME	5188	4	10	8968562	478840	236329	890102	3065	7360226	138405192760352	138405192801872	17910
XCHTIME	0	0	0	0	0	0	0	0	0	0	0	0
XCHTIME	5188	2	5	11013261	477076	218057	492804	1600	9823724	138405192760352	138405192801872	17910
XCHTIME	0	0	0	0	0	0	0	0	0	0	0	0
XCHTIME	5188	4	11	8696399	459399	239754	873625	3383	7120238	138405192760352	138405192801872	17910
XCHTIME	0	0	0	0	0	0	0	0	0	0	0	0
XCHTIME	5188	4	14	10449397	467666	225735	870521	5059	8880416	138405192760352	138405192801872	17910
XCHTIME	0	0	0	0	0	0	0	0	0	0	0	0
XCHTIME	5188	4	13	11580773	468094	221962	929545	3910	9957262	138405192760352	138405192801872	17910
XCHTIME	0	0	0	0	0	0	0	0	0	0	0	0
XCHTIME	5188	1	0	10136494	456621	201744	216195	0	9261934	138405192760352	138405192801872	17910
XCHTIME	0	0	0	0	0	0	0	0	0	0	0	0
XCHTIME	5188	4	6	8398669	465606	225860	869940	2341	6834922	138405192760352	138405192801872	17910
LIFT	batchs201210m	5188	2645	13208	2645
COUNTS	batchs201210m	5188	17910	349298	303381
XCHTIME	0	0	0	0	0	0	0	0	0	0	0	0
XCHTIME	5456	1	0	2711333	516425	264324	252432	0	1678152	138405193014880	138405193058544	15756
XCHTIME	0	0	0	0	0	0	0	0	0	0	0	0
XCHTIME	5456	1	0	3855599	518652	245840	256104	0	2835003	138405193014880	138405193058544	15756
XCHTIME	0	0	0	0	0	0	0	0	0	0	0	0
XCHTIME	5456	1	0	3409455	520498	243173	243541	0	2402243	138405193014880	138405193058544	15756
XCHTIME	0	0	0	0	0	0	0	0	0	0	0	0
XCHTIME	5456	1	0	11300835	514087	258194	244724	0	10283830	138405193014880	138405193058544	15756
LADGATE	5456	10000	0.651	1
XCHTIME	0	0	0	0	0	0	0	0	0	0	0	0
XCHTIME	5456	5	26	90333940	529667	234643	1277177	8935	88283518	138405193014880	138405193058544	15756
XCHTIME	0	0	0	0	0	0	0	0	0	0	0	0
XCHTIME	5456	1	0	5932130	526453	259811	280185	0	4865681	138405193014880	138405193058544	15756
XCHTIME	0	0	0	0	0	0	0	0	0	0	0	0
XCHTIME	5456	2	4	6682659	526281	259383	496176	1512	5399307	138405193014880	138405193058544	15756
XCHTIME	0	0	0	0	0	0	0	0	0	0	0	0
XCHTIME	5456	4	10	12934355	507681	243712	971740	4125	11207097	138405193014880	138405193058544	15756
XCHTIME	0	0	0	0	0	0	0	0	0	0	0	0
XCHTIME	5456	1	0	11404136	516090	278144	251063	0	10358839	138405193014880	138405193058544	15756
XCHTIME	0	0	0	0	0	0	0	0	0	0	0	0
XCHTIME	5456	4	11	11912681	538677	252782	974456	4320	10142446	138405193014880	138405193058544	15756
XCHTIME	0	0	0	0	0	0	0	0	0	0	0	0
XCHTIME	5456	2	4	12630937	526265	277171	511154	1865	11314482	138405193014880	138405193058544	15756
XCHTIME	0	0	0	0	0	0	0	0	0	0	0	0
XCHTIME	5456	1	0	12168603	515590	247810	272210	0	11132993	138405193014880	138405193058544	15756
XCHTIME	0	0	0	0	0	0	0	0	0	0	0	0
XCHTIME	5456	1	0	11043919	528454	275427	250495	0	9989543	138405193014880	138405193058544	15756
XCHTIME	0	0	0	0	0	0	0	0	0	0	0	0
XCHTIME	5456	4	6	9984743	553607	246076	946069	2609	8236382	138405193014880	138405193058544	15756
LIFT	rsyn0815m04m	5456	2966	10968	2966
COUNTS	rsyn0815m04m	5456	15756	184352	143402
XCHTIME	0	0	0	0	0	0	0	0	0	0	0	0
XCHTIME	560	2	4	720145	12995	1976	2453	180	702541	138405193530832	138405192628480	1528
XCHTIME	0	0	0	0	0	0	0	0	0	0	0	0
XCHTIME	560	2	6	5733944	6661	1569	2667	389	5722658	138405193530832	138405192628480	1528
XCHTIME	0	0	0	0	0	0	0	0	0	0	0	0
XCHTIME	560	2	5	1918332	6848	1595	2566	278	1907045	138405193530832	138405192628480	1528
XCHTIME	0	0	0	0	0	0	0	0	0	0	0	0
XCHTIME	560	4	18	11563275	6667	1536	5531	1120	11548421	138405193530832	138405192628480	1528
LADGATE	560	10000	0.285	1
XCHTIME	0	0	0	0	0	0	0	0	0	0	0	0
XCHTIME	560	5	26	14342676	6402	1511	6365	1424	14326974	138405193530832	138405192628480	1528
XCHTIME	0	0	0	0	0	0	0	0	0	0	0	0
XCHTIME	560	4	66	4687864	7068	2069	7424	2699	4668604	138405193530832	138405192628480	1528
XCHTIME	0	0	0	0	0	0	0	0	0	0	0	0
XCHTIME	560	4	15	2300361	7553	2022	5247	625	2284914	138405193530832	138405192628480	1528
XCHTIME	0	0	0	0	0	0	0	0	0	0	0	0
XCHTIME	560	4	10	1361983	7122	1892	5456	402	1347111	138405193530832	138405192628480	1528
XCHTIME	0	0	0	0	0	0	0	0	0	0	0	0
XCHTIME	560	4	18	11596414	6501	1837	6643	1027	11580406	138405193530832	138405192628480	1528
XCHTIME	0	0	0	0	0	0	0	0	0	0	0	0
XCHTIME	560	4	11	774781	7944	2360	4881	553	759043	138405193530832	138405192628480	1528
XCHTIME	0	0	0	0	0	0	0	0	0	0	0	0
XCHTIME	560	4	14	3774804	6365	1558	5933	626	3760322	138405193530832	138405192628480	1528
XCHTIME	0	0	0	0	0	0	0	0	0	0	0	0
XCHTIME	560	4	13	6184015	7162	1987	6443	640	6167783	138405193530832	138405192628480	1528
XCHTIME	0	0	0	0	0	0	0	0	0	0	0	0
XCHTIME	560	2	5	16102663	7196	2138	4886	383	16088060	138405193530832	138405192628480	1528
XCHTIME	0	0	0	0	0	0	0	0	0	0	0	0
XCHTIME	560	4	6	485972	8308	2586	4767	377	469934	138405193530832	138405192628480	1528
LIFT	syn40m	560	291	1080	291
COUNTS	syn40m	560	1528	5007	4829
XCHTIME	0	0	0	0	0	0	0	0	0	0	0	0
XCHTIME	2157	2	4	1787591	83270	14419	28062	709	1661131	138405196132384	138405197411728	32604
XCHTIME	0	0	0	0	0	0	0	0	0	0	0	0
XCHTIME	2157	1	0	7389300	93434	16448	12738	0	7266680	138405196132384	138405197411728	32604
XCHTIME	0	0	0	0	0	0	0	0	0	0	0	0
XCHTIME	2157	2	5	4461624	106331	27850	52171	785	4274487	138405196132384	138405197411728	32604
XCHTIME	0	0	0	0	0	0	0	0	0	0	0	0
XCHTIME	2157	2	5	14687136	111461	22569	51003	911	14501192	138405196132384	138405197411728	32604
LADGATE	2157	10000	0.256	1
XCHTIME	0	0	0	0	0	0	0	0	0	0	0	0
XCHTIME	2157	5	26	42096944	92950	18402	169234	5023	41811335	138405196132384	138405197411728	32604
XCHTIME	0	0	0	0	0	0	0	0	0	0	0	0
XCHTIME	2157	4	66	2738306	98081	27838	67139	6423	2538825	138405196132384	138405197411728	32604
XCHTIME	0	0	0	0	0	0	0	0	0	0	0	0
XCHTIME	2157	4	15	4719099	96798	20087	91989	2159	4508066	138405196132384	138405197411728	32604
XCHTIME	0	0	0	0	0	0	0	0	0	0	0	0
XCHTIME	2157	4	10	3257171	79364	13078	52761	1121	3110847	138405196132384	138405197411728	32604
XCHTIME	0	0	0	0	0	0	0	0	0	0	0	0
XCHTIME	2157	2	5	14614891	82334	12902	54184	1135	14464336	138405196132384	138405197411728	32604
XCHTIME	0	0	0	0	0	0	0	0	0	0	0	0
XCHTIME	2157	4	11	2904878	98691	25318	69844	1466	2709559	138405196132384	138405197411728	32604
XCHTIME	0	0	0	0	0	0	0	0	0	0	0	0
XCHTIME	2157	4	14	10218289	93087	17520	92004	2419	10013259	138405196132384	138405197411728	32604
XCHTIME	0	0	0	0	0	0	0	0	0	0	0	0
XCHTIME	2157	3	12	13703479	95376	20840	72066	2197	13513000	138405196132384	138405197411728	32604
XCHTIME	0	0	0	0	0	0	0	0	0	0	0	0
XCHTIME	2157	1	0	14717891	107815	28096	17021	0	14564959	138405196132384	138405197411728	32604
XCHTIME	0	0	0	0	0	0	0	0	0	0	0	0
XCHTIME	2157	4	6	2643877	107907	35004	67088	929	2432949	138405196132384	138405197411728	32604
LIFT	knp5-44	2157	1167	31152	1167
COUNTS	knp5-44	2157	32604	3764003	3764003
XCHTIME	0	0	0	0	0	0	0	0	0	0	0	0
XCHTIME	94	2	4	165057	2901	900	355	154	160747	138405187349344	138405193535328	390
XCHTIME	0	0	0	0	0	0	0	0	0	0	0	0
XCHTIME	94	2	6	1258562	1515	484	289	197	1256077	138405187349344	138405193535328	390
XCHTIME	0	0	0	0	0	0	0	0	0	0	0	0
XCHTIME	94	2	5	445781	1876	782	415	160	442548	138405187349344	138405193535328	390
XCHTIME	0	0	0	0	0	0	0	0	0	0	0	0
XCHTIME	94	4	18	2509708	1680	1049	747	716	2505516	138405187349344	138405193535328	390
LADGATE	94	10000	0.186	1
XCHTIME	0	0	0	0	0	0	0	0	0	0	0	0
XCHTIME	94	5	26	3094023	2342	802	791	905	3089183	138405187349344	138405193535328	390
XCHTIME	0	0	0	0	0	0	0	0	0	0	0	0
XCHTIME	94	4	66	1947290	1311	561	519	2394	1942505	138405187349344	138405193535328	390
XCHTIME	0	0	0	0	0	0	0	0	0	0	0	0
XCHTIME	94	4	15	548622	1520	522	533	525	545522	138405187349344	138405193535328	390
XCHTIME	0	0	0	0	0	0	0	0	0	0	0	0
XCHTIME	94	4	10	295986	1339	438	449	301	293459	138405187349344	138405193535328	390
XCHTIME	0	0	0	0	0	0	0	0	0	0	0	0
XCHTIME	94	4	18	2512765	1457	442	630	600	2509636	138405187349344	138405193535328	390
XCHTIME	0	0	0	0	0	0	0	0	0	0	0	0
XCHTIME	94	4	11	177393	1553	449	557	401	174433	138405187349344	138405193535328	390
XCHTIME	0	0	0	0	0	0	0	0	0	0	0	0
XCHTIME	94	4	14	911228	1363	372	551	460	908482	138405187349344	138405193535328	390
XCHTIME	0	0	0	0	0	0	0	0	0	0	0	0
XCHTIME	94	4	13	1333405	1502	502	536	409	1330456	138405187349344	138405193535328	390
XCHTIME	0	0	0	0	0	0	0	0	0	0	0	0
XCHTIME	94	4	16	6912195	1444	471	1491	561	6908228	138405187349344	138405193535328	390
XCHTIME	0	0	0	0	0	0	0	0	0	0	0	0
XCHTIME	94	4	6	104246	1995	1001	551	201	100498	138405187349344	138405193535328	390
LIFT	ex1263a	94	59	320	59
COUNTS	ex1263a	94	390	2098	2098
COUNTS	st_e41	8	32	88	88
XCHTIME	0	0	0	0	0	0	0	0	0	0	0	0
XCHTIME	2305	2	4	1097274	59577	12600	28971	334	995792	138405198037040	138405189329184	6000
XCHTIME	0	0	0	0	0	0	0	0	0	0	0	0
XCHTIME	2305	2	6	3269630	61193	14535	55026	824	3138052	138405198037040	138405189329184	6000
XCHTIME	0	0	0	0	0	0	0	0	0	0	0	0
XCHTIME	2305	2	5	1240127	79215	21538	28200	484	1110690	138405198037040	138405189329184	6000
XCHTIME	0	0	0	0	0	0	0	0	0	0	0	0
XCHTIME	2305	4	18	6061681	60428	12730	108822	2064	5877637	138405198037040	138405189329184	6000
LADGATE	2305	10000	0.630	1
XCHTIME	0	0	0	0	0	0	0	0	0	0	0	0
XCHTIME	2305	5	26	7782844	67730	20017	170209	3613	7521275	138405198037040	138405189329184	6000
XCHTIME	0	0	0	0	0	0	0	0	0	0	0	0
XCHTIME	2305	4	66	2449496	78400	25772	98422	5981	2240921	138405198037040	138405189329184	6000
XCHTIME	0	0	0	0	0	0	0	0	0	0	0	0
XCHTIME	2305	4	15	2205453	67567	16780	63173	1210	2056723	138405198037040	138405189329184	6000
XCHTIME	0	0	0	0	0	0	0	0	0	0	0	0
XCHTIME	2305	4	10	2113329	60153	12496	63564	761	1976355	138405198037040	138405189329184	6000
XCHTIME	0	0	0	0	0	0	0	0	0	0	0	0
XCHTIME	2305	4	18	6191210	63700	15082	119054	2288	5991086	138405198037040	138405189329184	6000
XCHTIME	0	0	0	0	0	0	0	0	0	0	0	0
XCHTIME	2305	4	11	2116354	72832	29967	73831	1113	1938611	138405198037040	138405189329184	6000
XCHTIME	0	0	0	0	0	0	0	0	0	0	0	0
XCHTIME	2305	4	14	2491654	63738	16987	81606	1155	2328168	138405198037040	138405189329184	6000
XCHTIME	0	0	0	0	0	0	0	0	0	0	0	0
XCHTIME	2305	4	13	2908617	65996	18190	78307	1210	2744914	138405198037040	138405189329184	6000
XCHTIME	0	0	0	0	0	0	0	0	0	0	0	0
XCHTIME	2305	4	16	15364333	66291	18603	177133	2791	15099515	138405198037040	138405189329184	6000
XCHTIME	0	0	0	0	0	0	0	0	0	0	0	0
XCHTIME	2305	4	6	2157634	88566	37604	76588	614	1954262	138405198037040	138405189329184	6000
LIFT	squfl025-030	2305	805	3000	805
COUNTS	squfl025-030	2305	6000	42305	42305
XCHTIME	0	0	0	0	0	0	0	0	0	0	0	0
XCHTIME	98	2	4	179618	3467	978	474	318	174381	138405186938144	138405193189632	536
XCHTIME	0	0	0	0	0	0	0	0	0	0	0	0
XCHTIME	98	2	6	1859948	1582	403	304	461	1857198	138405186938144	138405193189632	536
XCHTIME	0	0	0	0	0	0	0	0	0	0	0	0
XCHTIME	98	2	5	465357	1843	469	272	420	462353	138405186938144	138405193189632	536
XCHTIME	0	0	0	0	0	0	0	0	0	0	0	0
XCHTIME	98	4	18	3275119	1639	363	535	1260	3271322	138405186938144	138405193189632	536
LADGATE	98	10000	0.235	1
XCHTIME	0	0	0	0	0	0	0	0	0	0	0	0
XCHTIME	98	5	26	3945073	2056	892	697	1705	3939723	138405186938144	138405193189632	536
XCHTIME	0	0	0	0	0	0	0	0	0	0	0	0
XCHTIME	98	4	66	5431274	1597	552	955	4120	5424050	138405186938144	138405193189632	536
XCHTIME	0	0	0	0	0	0	0	0	0	0	0	0
XCHTIME	98	4	15	594759	2337	925	656	1029	589812	138405186938144	138405193189632	536
XCHTIME	0	0	0	0	0	0	0	0	0	0	0	0
XCHTIME	98	4	10	323790	1737	581	499	683	320290	138405186938144	138405193189632	536
XCHTIME	0	0	0	0	0	0	0	0	0	0	0	0
XCHTIME	98	4	18	3271532	1675	380	781	1264	3267432	138405186938144	138405193189632	536
XCHTIME	0	0	0	0	0	0	0	0	0	0	0	0
XCHTIME	98	4	11	185211	1975	575	453	711	181497	138405186938144	138405193189632	536
XCHTIME	0	0	0	0	0	0	0	0	0	0	0	0
XCHTIME	98	4	14	1015110	1614	386	523	893	1011694	138405186938144	138405193189632	536
XCHTIME	0	0	0	0	0	0	0	0	0	0	0	0
XCHTIME	98	4	13	1894280	1700	408	725	902	1890545	138405186938144	138405193189632	536
XCHTIME	0	0	0	0	0	0	0	0	0	0	0	0
XCHTIME	98	4	16	10807079	1682	486	1525	1305	10802081	138405186938144	138405193189632	536
XCHTIME	0	0	0	0	0	0	0	0	0	0	0	0
XCHTIME	98	4	6	126718	2998	727	522	404	122067	138405186938144	138405193189632	536
LIFT	wastewater05m1	98	62	740	62
COUNTS	wastewater05m1	98	536	11690	8002
COUNTS	cvxnonsep_psig20	20	380	2870	2870
XCHTIME	0	0	0	0	0	0	0	0	0	0	0	0
XCHTIME	4405	1	0	1619383	539129	167578	141748	0	770928	138405188166624	138405200388848	171604
XCHTIME	0	0	0	0	0	0	0	0	0	0	0	0
XCHTIME	4405	1	0	1451961	563345	142740	144013	0	601863	138405188166624	138405200388848	171604
XCHTIME	0	0	0	0	0	0	0	0	0	0	0	0
XCHTIME	4405	1	0	1434436	548198	155231	145191	0	585816	138405188166624	138405200388848	171604
XCHTIME	0	0	0	0	0	0	0	0	0	0	0	0
XCHTIME	4405	3	15	5278063	543280	147991	415942	3244	4167606	138405188166624	138405200388848	171604
LADGATE	4405	10000	0.154	1
XCHTIME	0	0	0	0	0	0	0	0	0	0	0	0
XCHTIME	4405	4	10	7234519	592764	164328	540047	1992	5935388	138405188166624	138405200388848	171604
XCHTIME	0	0	0	0	0	0	0	0	0	0	0	0
XCHTIME	4405	2	19	3009493	552681	161197	278013	2976	2014626	138405188166624	138405200388848	171604
XCHTIME	0	0	0	0	0	0	0	0	0	0	0	0
XCHTIME	4405	2	4	3230292	540950	148433	306121	925	2233863	138405188166624	138405200388848	171604
XCHTIME	0	0	0	0	0	0	0	0	0	0	0	0
XCHTIME	4405	3	9	5114804	585086	155722	376676	1811	3995509	138405188166624	138405200388848	171604
XCHTIME	0	0	0	0	0	0	0	0	0	0	0	0
XCHTIME	4405	3	15	5363298	546870	142153	464261	4065	4205949	138405188166624	138405200388848	171604
XCHTIME	0	0	0	0	0	0	0	0	0	0	0	0
XCHTIME	4405	3	9	5433084	565282	144711	431720	1813	4289558	138405188166624	138405200388848	171604
XCHTIME	0	0	0	0	0	0	0	0	0	0	0	0
XCHTIME	4405	3	12	5308519	556259	141703	416056	2593	4191908	138405188166624	138405200388848	171604
XCHTIME	0	0	0	0	0	0	0	0	0	0	0	0
XCHTIME	4405	3	12	5531955	572063	152283	467386	2776	4337447	138405188166624	138405200388848	171604
XCHTIME	0	0	0	0	0	0	0	0	0	0	0	0
XCHTIME	4405	2	5	6845352	551396	146378	290437	1105	5856036	138405188166624	138405200388848	171604
XCHTIME	0	0	0	0	0	0	0	0	0	0	0	0
XCHTIME	4405	3	3	5250556	550910	148444	445939	591	4104672	138405188166624	138405200388848	171604
LIFT	meanvar-orl400_05_e_8	4405	2403	168400	2403
COUNTS	meanvar-orl400_05_e_8	4405	171604	21923414	21922611
XCHTIME	0	0	0	0	0	0	0	0	0	0	0	0
XCHTIME	301	2	4	499545	6919	894	946	179	490607	138405193208064	138405192589600	744
XCHTIME	0	0	0	0	0	0	0	0	0	0	0	0
XCHTIME	301	2	6	4367748	3462	731	999	218	4362338	138405193208064	138405192589600	744
XCHTIME	0	0	0	0	0	0	0	0	0	0	0	0
XCHTIME	301	2	5	1487954	3334	838	865	200	1482717	138405193208064	138405192589600	744
XCHTIME	0	0	0	0	0	0	0	0	0	0	0	0
XCHTIME	301	4	18	8202770	3369	746	2345	688	8195622	138405193208064	138405192589600	744
LADGATE	301	10000	0.260	1
XCHTIME	0	0	0	0	0	0	0	0	0	0	0	0
XCHTIME	301	5	26	10425403	3356	816	2703	1009	10417519	138405193208064	138405192589600	744
XCHTIME	0	0	0	0	0	0	0	0	0	0	0	0
XCHTIME	301	4	66	5470679	3026	834	2133	3025	5461661	138405193208064	138405192589600	744
XCHTIME	0	0	0	0	0	0	0	0	0	0	0	0
XCHTIME	301	4	15	1716099	4080	1270	2097	525	1708127	138405193208064	138405192589600	744
XCHTIME	0	0	0	0	0	0	0	0	0	0	0	0
XCHTIME	301	4	10	933096	3485	753	1963	388	926507	138405193208064	138405192589600	744
XCHTIME	0	0	0	0	0	0	0	0	0	0	0	0
XCHTIME	301	4	18	8264749	3216	907	2867	734	8257025	138405193208064	138405192589600	744
XCHTIME	0	0	0	0	0	0	0	0	0	0	0	0
XCHTIME	301	4	11	566794	3691	1327	1870	412	559494	138405193208064	138405192589600	744
XCHTIME	0	0	0	0	0	0	0	0	0	0	0	0
XCHTIME	301	4	14	2942442	3220	748	2122	499	2935853	138405193208064	138405192589600	744
XCHTIME	0	0	0	0	0	0	0	0	0	0	0	0
XCHTIME	301	4	13	4820104	3534	832	2205	521	4813012	138405193208064	138405192589600	744
XCHTIME	0	0	0	0	0	0	0	0	0	0	0	0
XCHTIME	301	3	15	15725622	3728	947	2790	734	15717423	138405193208064	138405192589600	744
XCHTIME	0	0	0	0	0	0	0	0	0	0	0	0
XCHTIME	301	4	6	308581	4258	1091	1803	349	301080	138405193208064	138405192589600	744
LIFT	st_e31	301	163	492	163
COUNTS	st_e31	301	744	4534	4257
LIFT	pooling_sppc1pq	14100	7273	535700	7273
COUNTS	pooling_sppc1pq	14100	477680	812210652	136686008
XCHTIME	0	0	0	0	0	0	0	0	0	0	0	0
XCHTIME	31	2	4	65483	1027	825	371	131	63129	138405186930016	138405193267040	96
XCHTIME	0	0	0	0	0	0	0	0	0	0	0	0
XCHTIME	31	2	6	339804	804	412	167	139	338282	138405186930016	138405193267040	96
XCHTIME	0	0	0	0	0	0	0	0	0	0	0	0
XCHTIME	31	2	5	102741	831	556	150	141	101063	138405186930016	138405193267040	96
XCHTIME	0	0	0	0	0	0	0	0	0	0	0	0
XCHTIME	31	4	18	622512	613	379	285	490	620745	138405186930016	138405193267040	96
LADGATE	31	10000	0.164	1
XCHTIME	0	0	0	0	0	0	0	0	0	0	0	0
XCHTIME	31	5	26	791160	1330	690	335	784	788021	138405186930016	138405193267040	96
XCHTIME	0	0	0	0	0	0	0	0	0	0	0	0
XCHTIME	31	4	59	365668	639	408	230	1834	362557	138405186930016	138405193267040	96
XCHTIME	0	0	0	0	0	0	0	0	0	0	0	0
XCHTIME	31	4	15	146335	696	279	279	295	144786	138405186930016	138405193267040	96
XCHTIME	0	0	0	0	0	0	0	0	0	0	0	0
XCHTIME	31	4	10	66307	685	326	196	206	64894	138405186930016	138405193267040	96
XCHTIME	0	0	0	0	0	0	0	0	0	0	0	0
XCHTIME	31	4	18	608830	617	323	200	414	607276	138405186930016	138405193267040	96
XCHTIME	0	0	0	0	0	0	0	0	0	0	0	0
XCHTIME	31	4	11	49442	621	315	237	257	48012	138405186930016	138405193267040	96
XCHTIME	0	0	0	0	0	0	0	0	0	0	0	0
XCHTIME	31	4	14	216976	617	251	231	276	215601	138405186930016	138405193267040	96
XCHTIME	0	0	0	0	0	0	0	0	0	0	0	0
XCHTIME	31	4	13	270442	677	230	215	268	269052	138405186930016	138405193267040	96
XCHTIME	0	0	0	0	0	0	0	0	0	0	0	0
XCHTIME	31	4	16	2797684	646	323	631	514	2795570	138405186930016	138405193267040	96
XCHTIME	0	0	0	0	0	0	0	0	0	0	0	0
XCHTIME	31	4	6	30314	1377	1185	281	146	27325	138405186930016	138405193267040	96
COUNTS	pooling_haverly1pq	31	96	412	403
XCHTIME	0	0	0	0	0	0	0	0	0	0	0	0
XCHTIME	128	2	4	222959	3542	670	394	197	218156	138405193247792	138405192596000	672
XCHTIME	0	0	0	0	0	0	0	0	0	0	0	0
XCHTIME	128	2	6	2736698	1799	431	364	290	2733814	138405193247792	138405192596000	672
XCHTIME	0	0	0	0	0	0	0	0	0	0	0	0
XCHTIME	128	2	5	782025	2020	467	324	208	779006	138405193247792	138405192596000	672
XCHTIME	0	0	0	0	0	0	0	0	0	0	0	0
XCHTIME	128	4	18	5367055	1877	429	681	809	5363259	138405193247792	138405192596000	672
LADGATE	128	10000	0.222	1
XCHTIME	0	0	0	0	0	0	0	0	0	0	0	0
XCHTIME	128	5	26	6711311	2122	796	829	1062	6706502	138405193247792	138405192596000	672
XCHTIME	0	0	0	0	0	0	0	0	0	0	0	0
XCHTIME	128	4	66	1067797	1625	493	621	2743	1062315	138405193247792	138405192596000	672
XCHTIME	0	0	0	0	0	0	0	0	0	0	0	0
XCHTIME	128	4	15	850487	1954	459	621	542	846911	138405193247792	138405192596000	672
XCHTIME	0	0	0	0	0	0	0	0	0	0	0	0
XCHTIME	128	4	10	406282	1874	542	586	361	402919	138405193247792	138405192596000	672
XCHTIME	0	0	0	0	0	0	0	0	0	0	0	0
XCHTIME	128	4	18	5350598	1626	395	654	747	5347176	138405193247792	138405192596000	672
XCHTIME	0	0	0	0	0	0	0	0	0	0	0	0
XCHTIME	128	4	11	201602	1677	376	574	419	198556	138405193247792	138405192596000	672
XCHTIME	0	0	0	0	0	0	0	0	0	0	0	0
XCHTIME	128	4	14	1576248	1789	341	621	613	1572884	138405193247792	138405192596000	672
XCHTIME	0	0	0	0	0	0	0	0	0	0	0	0
XCHTIME	128	4	13	2906851	1834	406	676	565	2903370	138405193247792	138405192596000	672
XCHTIME	0	0	0	0	0	0	0	0	0	0	0	0
XCHTIME	128	4	16	20965768	1882	466	1250	854	20961316	138405193247792	138405192596000	672
XCHTIME	0	0	0	0	0	0	0	0	0	0	0	0
XCHTIME	128	4	6	130161	2419	624	601	272	126245	138405193247792	138405192596000	672
LIFT	graphpart_3g-0244-0244	128	96	672	96
COUNTS	graphpart_3g-0244-0244	128	672	33446	32534
XCHTIME	0	0	0	0	0	0	0	0	0	0	0	0
XCHTIME	80	2	4	177515	3010	996	287	668	172554	138405193520336	138405192573200	1260
XCHTIME	0	0	0	0	0	0	0	0	0	0	0	0
XCHTIME	80	2	6	2143638	2152	398	296	1119	2139673	138405193520336	138405192573200	1260
XCHTIME	0	0	0	0	0	0	0	0	0	0	0	0
XCHTIME	80	2	5	661838	2672	535	334	774	657523	138405193520336	138405192573200	1260
XCHTIME	0	0	0	0	0	0	0	0	0	0	0	0
XCHTIME	80	4	18	3497312	2094	402	776	2804	3491236	138405193520336	138405192573200	1260
LADGATE	80	10000	0.228	1
XCHTIME	0	0	0	0	0	0	0	0	0	0	0	0
XCHTIME	80	5	26	4560899	2691	936	711	3979	4552582	138405193520336	138405192573200	1260
XCHTIME	0	0	0	0	0	0	0	0	0	0	0	0
XCHTIME	80	4	66	1505526	1928	507	531	7937	1494623	138405193520336	138405192573200	1260
XCHTIME	0	0	0	0	0	0	0	0	0	0	0	0
XCHTIME	80	4	15	613202	2425	529	678	2140	607430	138405193520336	138405192573200	1260
XCHTIME	0	0	0	0	0	0	0	0	0	0	0	0
XCHTIME	80	4	10	308797	2028	425	377	1483	304484	138405193520336	138405192573200	1260
XCHTIME	0	0	0	0	0	0	0	0	0	0	0	0
XCHTIME	80	4	18	3486920	2058	312	680	2648	3481222	138405193520336	138405192573200	1260
XCHTIME	0	0	0	0	0	0	0	0	0	0	0	0
XCHTIME	80	4	11	167636	2032	416	410	1605	163173	138405193520336	138405192573200	1260
XCHTIME	0	0	0	0	0	0	0	0	0	0	0	0
XCHTIME	80	4	14	1169529	2009	449	447	2123	1164501	138405193520336	138405192573200	1260
XCHTIME	0	0	0	0	0	0	0	0	0	0	0	0
XCHTIME	80	4	13	2224552	2192	406	519	1997	2219438	138405193520336	138405192573200	1260
XCHTIME	0	0	0	0	0	0	0	0	0	0	0	0
XCHTIME	80	4	16	13581766	2117	460	756	2578	13575855	138405193520336	138405192573200	1260
XCHTIME	0	0	0	0	0	0	0	0	0	0	0	0
XCHTIME	80	4	6	113228	2740	665	603	937	108283	138405193520336	138405192573200	1260
LIFT	graphpart_clique-20	80	77	1254	77
COUNTS	graphpart_clique-20	80	1260	34885	27856
LADGATE	28368	10000	0.774	0
LIFT	mpbp_48	28368	16000	66180	16000
COUNTS	mpbp_48	28368	91016	33835023	16144599
LIFT	pooling_sppb5pq	18529	9496	693670	9496
COUNTS	pooling_sppb5pq	18529	674470	523815053	213571545
XCHTIME	0	0	0	0	0	0	0	0	0	0	0	0
XCHTIME	497	2	4	207744	12135	3123	2204	203	190079	138405193201152	138405196091920	1512
XCHTIME	0	0	0	0	0	0	0	0	0	0	0	0
XCHTIME	497	2	6	717602	5242	1518	2182	354	708306	138405193201152	138405196091920	1512
XCHTIME	0	0	0	0	0	0	0	0	0	0	0	0
XCHTIME	497	2	5	327354	5030	1383	2009	285	318647	138405193201152	138405196091920	1512
XCHTIME	0	0	0	0	0	0	0	0	0	0	0	0
XCHTIME	497	4	18	1509444	5133	1413	4099	1066	1497733	138405193201152	138405196091920	1512
LADGATE	497	10000	0.239	1
XCHTIME	0	0	0	0	0	0	0	0	0	0	0	0
XCHTIME	497	5	26	1703289	6019	1983	4606	1546	1689135	138405193201152	138405196091920	1512
XCHTIME	0	0	0	0	0	0	0	0	0	0	0	0
XCHTIME	497	2	19	7366683	4979	1272	2530	1056	7356846	138405193201152	138405196091920	1512
XCHTIME	0	0	0	0	0	0	0	0	0	0	0	0
XCHTIME	497	4	15	460221	5809	1797	4009	689	447917	138405193201152	138405196091920	1512
XCHTIME	0	0	0	0	0	0	0	0	0	0	0	0
XCHTIME	497	4	10	334029	4943	1308	4023	331	323424	138405193201152	138405196091920	1512
XCHTIME	0	0	0	0	0	0	0	0	0	0	0	0
XCHTIME	497	4	18	1516435	4858	1165	3882	914	1505616	138405193201152	138405196091920	1512
XCHTIME	0	0	0	0	0	0	0	0	0	0	0	0
XCHTIME	497	4	11	266202	5925	1517	3890	427	254443	138405193201152	138405196091920	1512
XCHTIME	0	0	0	0	0	0	0	0	0	0	0	0
XCHTIME	497	4	14	592584	4815	1110	3975	695	581989	138405193201152	138405196091920	1512
XCHTIME	0	0	0	0	0	0	0	0	0	0	0	0
XCHTIME	497	4	13	890281	4952	1295	3874	582	879578	138405193201152	138405196091920	1512
XCHTIME	0	0	0	0	0	0	0	0	0	0	0	0
XCHTIME	497	4	16	2637423	5212	1254	5652	1000	2624305	138405193201152	138405196091920	1512
XCHTIME	0	0	0	0	0	0	0	0	0	0	0	0
XCHTIME	497	4	6	222314	5859	1628	3852	247	210728	138405193201152	138405196091920	1512
LIFT	slay07m	497	203	924	203
COUNTS	slay07m	497	1512	5740	5740
COUNTS	nvs19	24	200	1353	884
XCHTIME	0	0	0	0	0	0	0	0	0	0	0	0
XCHTIME	3270	2	4	1993147	157865	58634	116780	791	1659077	138405197907712	138405196280752	8430
XCHTIME	0	0	0	0	0	0	0	0	0	0	0	0
XCHTIME	3270	1	0	2927391	156582	55885	63228	0	2651696	138405197907712	138405196280752	8430
XCHTIME	0	0	0	0	0	0	0	0	0	0	0	0
XCHTIME	3270	2	5	2604778	162166	61731	119464	868	2260549	138405197907712	138405196280752	8430
XCHTIME	0	0	0	0	0	0	0	0	0	0	0	0
XCHTIME	3270	3	15	11462480	153871	58191	195134	2102	11053182	138405197907712	138405196280752	8430
LADGATE	3270	10000	0.508	1
XCHTIME	0	0	0	0	0	0	0	0	0	0	0	0
XCHTIME	3270	5	26	18259018	159016	55436	323547	4179	17716840	138405197907712	138405196280752	8430
XCHTIME	0	0	0	0	0	0	0	0	0	0	0	0
XCHTIME	3270	2	19	5523556	172694	62576	129082	1896	5157308	138405197907712	138405196280752	8430
XCHTIME	0	0	0	0	0	0	0	0	0	0	0	0
XCHTIME	3270	4	15	5509027	166169	66714	250591	2269	5023284	138405197907712	138405196280752	8430
XCHTIME	0	0	0	0	0	0	0	0	0	0	0	0
XCHTIME	3270	4	10	4704344	161109	54447	231813	2055	4254920	138405197907712	138405196280752	8430
XCHTIME	0	0	0	0	0	0	0	0	0	0	0	0
XCHTIME	3270	3	15	11347182	157815	55609	186011	1990	10945757	138405197907712	138405196280752	8430
XCHTIME	0	0	0	0	0	0	0	0	0	0	0	0
XCHTIME	3270	4	11	4173604	164643	57673	228174	2208	3720906	138405197907712	138405196280752	8430
XCHTIME	0	0	0	0	0	0	0	0	0	0	0	0
XCHTIME	3270	4	14	6633575	155974	56131	242042	2549	6176879	138405197907712	138405196280752	8430
XCHTIME	0	0	0	0	0	0	0	0	0	0	0	0
XCHTIME	3270	4	13	10944765	158902	57946	273294	2439	10452184	138405197907712	138405196280752	8430
XCHTIME	0	0	0	0	0	0	0	0	0	0	0	0
XCHTIME	3270	1	0	10757057	157509	56218	58144	0	10485186	138405197907712	138405196280752	8430
XCHTIME	0	0	0	0	0	0	0	0	0	0	0	0
XCHTIME	3270	4	6	3659108	167630	66573	228506	1136	3195263	138405197907712	138405196280752	8430
LIFT	oil	3270	1687	5444	1687
COUNTS	oil	3270	8430	36313	34760
XCHTIME	0	0	0	0	0	0	0	0	0	0	0	0
XCHTIME	2775	2	4	1475527	104788	30538	58218	779	1281204	138405189484112	138405197933888	7200
XCHTIME	0	0	0	0	0	0	0	0	0	0	0	0
XCHTIME	2775	2	6	2163307	103390	29421	61619	1418	1967459	138405189484112	138405197933888	7200
XCHTIME	0	0	0	0	0	0	0	0	0	0	0	0
XCHTIME	2775	2	5	1647678	112459	34426	67568	903	1432322	138405189484112	138405197933888	7200
XCHTIME	0	0	0	0	0	0	0	0	0	0	0	0
XCHTIME	2775	4	18	4173193	107631	29986	113786	2147	3919643	138405189484112	138405197933888	7200
LADGATE	2775	10000	0.847	1
XCHTIME	0	0	0	0	0	0	0	0	0	0	0	0
XCHTIME	2775	5	26	5410593	102075	29292	209248	4420	5065558	138405189484112	138405197933888	7200
XCHTIME	0	0	0	0	0	0	0	0	0	0	0	0
XCHTIME	2775	4	66	3603100	99186	28709	116705	17104	3341396	138405189484112	138405197933888	7200
XCHTIME	0	0	0	0	0	0	0	0	0	0	0	0
XCHTIME	2775	4	15	2827124	106772	29365	115501	2088	2573398	138405189484112	138405197933888	7200
XCHTIME	0	0	0	0	0	0	0	0	0	0	0	0
XCHTIME	2775	4	10	2756148	101686	27591	124646	1798	2500427	138405189484112	138405197933888	7200
XCHTIME	0	0	0	0	0	0	0	0	0	0	0	0
XCHTIME	2775	4	18	4253420	104558	29081	135742	3127	3980912	138405189484112	138405197933888	7200
XCHTIME	0	0	0	0	0	0	0	0	0	0	0	0
XCHTIME	2775	4	11	2721540	107662	32490	131045	2297	2448046	138405189484112	138405197933888	7200
XCHTIME	0	0	0	0	0	0	0	0	0	0	0	0
XCHTIME	2775	4	14	3068552	104224	28872	127480	2579	2805397	138405189484112	138405197933888	7200
XCHTIME	0	0	0	0	0	0	0	0	0	0	0	0
XCHTIME	2775	4	13	3453213	122431	32847	135637	2552	3159746	138405189484112	138405197933888	7200
XCHTIME	0	0	0	0	0	0	0	0	0	0	0	0
XCHTIME	2775	4	16	13720315	106504	29935	261177	3469	13319230	138405189484112	138405197933888	7200
XCHTIME	0	0	0	0	0	0	0	0	0	0	0	0
XCHTIME	2775	4	6	2815127	129274	54973	133273	1359	2496248	138405189484112	138405197933888	7200
LIFT	squfl015-060	2775	975	3600	975
COUNTS	squfl015-060	2775	7200	36400	36400
XCHTIME	0	0	0	0	0	0	0	0	0	0	0	0
XCHTIME	1112	2	4	1126522	19420	3355	7052	191	1096504	138405192644880	138405196149664	5522
XCHTIME	0	0	0	0	0	0	0	0	0	0	0	0
XCHTIME	1112	2	6	7818930	19014	3379	11225	365	7784947	138405192644880	138405196149664	5522
XCHTIME	0	0	0	0	0	0	0	0	0	0	0	0
XCHTIME	1112	2	5	3804500	20396	4100	8288	225	3771491	138405192644880	138405196149664	5522
XCHTIME	0	0	0	0	0	0	0	0	0	0	0	0
XCHTIME	1112	3	15	15950443	25353	8337	17134	729	15898890	138405192644880	138405196149664	5522
LADGATE	1112	10000	0.450	1
XCHTIME	0	0	0	0	0	0	0	0	0	0	0	0
XCHTIME	1112	5	26	31017340	20308	4424	31138	1391	30960079	138405192644880	138405196149664	5522
XCHTIME	0	0	0	0	0	0	0	0	0	0	0	0
XCHTIME	1112	3	57	6100940	23278	6919	12913	1907	6055923	138405192644880	138405196149664	5522
XCHTIME	0	0	0	0	0	0	0	0	0	0	0	0
XCHTIME	1112	4	15	3735098	19836	4051	14695	627	3695889	138405192644880	138405196149664	5522
XCHTIME	0	0	0	0	0	0	0	0	0	0	0	0
XCHTIME	1112	4	10	2203078	19767	3992	14681	549	2164089	138405192644880	138405196149664	5522
XCHTIME	0	0	0	0	0	0	0	0	0	0	0	0
XCHTIME	1112	3	15	15971907	19778	3503	18876	657	15929093	138405192644880	138405196149664	5522
XCHTIME	0	0	0	0	0	0	0	0	0	0	0	0
XCHTIME	1112	4	11	1333672	20813	4296	14153	699	1293711	138405192644880	138405196149664	5522
XCHTIME	0	0	0	0	0	0	0	0	0	0	0	0
XCHTIME	1112	4	14	7594430	19348	3378	15448	659	7555597	138405192644880	138405196149664	5522
XCHTIME	0	0	0	0	0	0	0	0	0	0	0	0
XCHTIME	1112	4	13	14016932	20227	4477	20093	825	13971310	138405192644880	138405196149664	5522
XCHTIME	0	0	0	0	0	0	0	0	0	0	0	0
XCHTIME	1112	1	0	14987140	25289	8609	3594	0	14949648	138405192644880	138405196149664	5522
XCHTIME	0	0	0	0	0	0	0	0	0	0	0	0
XCHTIME	1112	4	6	871844	35343	14262	15379	293	806567	138405192644880	138405196149664	5522
LIFT	ndcc12persp	1112	961	5220	961
COUNTS	ndcc12persp	1112	5522	299115	284793
LIFT	kissing2	20772	10772	381024	10772
COUNTS	kissing2	20772	401024	156414018	156414018
XCHTIME	0	0	0	0	0	0	0	0	0	0	0	0
XCHTIME	1942	2	4	2730971	55044	9212	21570	758	2644387	138405197768096	138405208245904	16030
XCHTIME	0	0	0	0	0	0	0	0	0	0	0	0
XCHTIME	1942	1	0	7582104	56246	9749	9800	0	7506309	138405197768096	138405208245904	16030
XCHTIME	0	0	0	0	0	0	0	0	0	0	0	0
XCHTIME	1942	2	5	5334947	71331	19617	39379	1015	5203605	138405197768096	138405208245904	16030
XCHTIME	0	0	0	0	0	0	0	0	0	0	0	0
XCHTIME	1942	2	5	15363998	61782	14108	47292	1260	15239556	138405197768096	138405208245904	16030
LADGATE	1942	10000	0.566	1
XCHTIME	0	0	0	0	0	0	0	0	0	0	0	0
XCHTIME	1942	5	26	71858265	61114	13685	133995	7032	71642439	138405197768096	138405208245904	16030
XCHTIME	0	0	0	0	0	0	0	0	0	0	0	0
XCHTIME	1942	2	19	6835822	72026	23785	41944	3164	6694903	138405197768096	138405208245904	16030
XCHTIME	0	0	0	0	0	0	0	0	0	0	0	0
XCHTIME	1942	3	12	6710103	67829	16813	43845	2492	6579124	138405197768096	138405208245904	16030
XCHTIME	0	0	0	0	0	0	0	0	0	0	0	0
XCHTIME	1942	4	10	5383400	66113	15755	58831	2167	5240534	138405197768096	138405208245904	16030
XCHTIME	0	0	0	0	0	0	0	0	0	0	0	0
XCHTIME	1942	2	5	15360429	58929	11777	43424	1591	15244708	138405197768096	138405208245904	16030
XCHTIME	0	0	0	0	0	0	0	0	0	0	0	0
XCHTIME	1942	4	11	3597084	68069	15787	39269	1788	3472171	138405197768096	138405208245904	16030
XCHTIME	0	0	0	0	0	0	0	0	0	0	0	0
XCHTIME	1942	4	14	14301964	55238	8478	50404	2913	14184931	138405197768096	138405208245904	16030
XCHTIME	0	0	0	0	0	0	0	0	0	0	0	0
XCHTIME	1942	2	4	14801380	57017	10818	31947	967	14700631	138405197768096	138405208245904	16030
XCHTIME	0	0	0	0	0	0	0	0	0	0	0	0
XCHTIME	1942	1	0	14905608	70080	17701	9999	0	14807828	138405197768096	138405208245904	16030
XCHTIME	0	0	0	0	0	0	0	0	0	0	0	0
XCHTIME	1942	4	6	2868605	79238	24573	55115	1470	2708209	138405197768096	138405208245904	16030
LIFT	nuclear25a	1942	755	18260	755
COUNTS	nuclear25a	1942	16030	1977163	1136191
XCHTIME	0	0	0	0	0	0	0	0	0	0	0	0
XCHTIME	222	2	4	151353	5274	702	601	211	144565	138405196411888	138405189464384	704
XCHTIME	0	0	0	0	0	0	0	0	0	0	0	0
XCHTIME	222	2	6	816155	2268	480	560	225	812622	138405196411888	138405189464384	704
XCHTIME	0	0	0	0	0	0	0	0	0	0	0	0
XCHTIME	222	2	5	359478	2503	733	552	219	355471	138405196411888	138405189464384	704
XCHTIME	0	0	0	0	0	0	0	0	0	0	0	0
XCHTIME	222	4	18	1536181	2209	426	1220	765	1531561	138405196411888	138405189464384	704
LADGATE	222	10000	0.213	1
XCHTIME	0	0	0	0	0	0	0	0	0	0	0	0
XCHTIME	222	5	26	1732493	3122	1030	1534	1165	1725642	138405196411888	138405189464384	704
XCHTIME	0	0	0	0	0	0	0	0	0	0	0	0
XCHTIME	222	4	66	5592356	2106	542	1736	2748	5585224	138405196411888	138405189464384	704
XCHTIME	0	0	0	0	0	0	0	0	0	0	0	0
XCHTIME	222	4	15	413852	2388	958	1308	679	408519	138405196411888	138405189464384	704
XCHTIME	0	0	0	0	0	0	0	0	0	0	0	0
XCHTIME	222	4	10	223826	2303	529	1178	406	219410	138405196411888	138405189464384	704
XCHTIME	0	0	0	0	0	0	0	0	0	0	0	0
XCHTIME	222	4	18	1547569	2167	506	1321	830	1542745	138405196411888	138405189464384	704
XCHTIME	0	0	0	0	0	0	0	0	0	0	0	0
XCHTIME	222	4	11	175114	2336	630	1038	451	170659	138405196411888	138405189464384	704
XCHTIME	0	0	0	0	0	0	0	0	0	0	0	0
XCHTIME	222	4	14	634060	2164	420	1137	553	629786	138405196411888	138405189464384	704
XCHTIME	0	0	0	0	0	0	0	0	0	0	0	0
XCHTIME	222	4	13	914789	2284	542	1345	556	910062	138405196411888	138405189464384	704
XCHTIME	0	0	0	0	0	0	0	0	0	0	0	0
XCHTIME	222	4	16	4182542	2307	459	1693	766	4177317	138405196411888	138405189464384	704
XCHTIME	0	0	0	0	0	0	0	0	0	0	0	0
XCHTIME	222	4	6	126872	2505	1023	1065	235	122044	138405196411888	138405189464384	704
LIFT	clay0204m	222	102	464	102
COUNTS	clay0204m	222	704	2330	2330
XCHTIME	0	0	0	0	0	0	0	0	0	0	0	0
XCHTIME	23	2	4	36129	970	616	174	118	34251	138405188476240	138405193223456	68
XCHTIME	0	0	0	0	0	0	0	0	0	0	0	0
XCHTIME	23	2	6	414998	624	364	127	134	413749	138405188476240	138405193223456	68
XCHTIME	0	0	0	0	0	0	0	0	0	0	0	0
XCHTIME	23	2	5	98812	548	298	106	101	97759	138405188476240	138405193223456	68
XCHTIME	0	0	0	0	0	0	0	0	0	0	0	0
XCHTIME	23	4	18	238208	706	261	203	424	236614	138405188476240	138405193223456	68
LADGATE	23	10000	0.132	1
XCHTIME	0	0	0	0	0	0	0	0	0	0	0	0
XCHTIME	23	5	26	543396	594	386	277	639	541500	138405188476240	138405193223456	68
XCHTIME	0	0	0	0	0	0	0	0	0	0	0	0
XCHTIME	23	4	51	1234917	447	367	194	1319	1232590	138405188476240	138405193223456	68
XCHTIME	0	0	0	0	0	0	0	0	0	0	0	0
XCHTIME	23	4	15	78290	599	634	190	341	76526	138405188476240	138405193223456	68
XCHTIME	0	0	0	0	0	0	0	0	0	0	0	0
XCHTIME	23	4	10	45335	430	419	169	201	44116	138405188476240	138405193223456	68
XCHTIME	0	0	0	0	0	0	0	0	0	0	0	0
XCHTIME	23	4	18	243028	418	308	177	446	241679	138405188476240	138405193223456	68
XCHTIME	0	0	0	0	0	0	0	0	0	0	0	0
XCHTIME	23	4	11	33885	416	358	183	219	32709	138405188476240	138405193223456	68
XCHTIME	0	0	0	0	0	0	0	0	0	0	0	0
XCHTIME	23	4	14	189088	401	253	192	322	187920	138405188476240	138405193223456	68
XCHTIME	0	0	0	0	0	0	0	0	0	0	0	0
XCHTIME	23	4	13	334419	421	288	195	310	333205	138405188476240	138405193223456	68
XCHTIME	0	0	0	0	0	0	0	0	0	0	0	0
XCHTIME	23	4	16	1767722	441	337	214	409	1766321	138405188476240	138405193223456	68
XCHTIME	0	0	0	0	0	0	0	0	0	0	0	0
XCHTIME	23	4	6	22345	588	565	204	123	20865	138405188476240	138405193223456	68
COUNTS	st_ph13	23	68	207	178
XCHTIME	0	0	0	0	0	0	0	0	0	0	0	0
XCHTIME	1053	2	4	731292	17764	3231	6425	233	703639	138405198001456	138405198055504	4654
XCHTIME	0	0	0	0	0	0	0	0	0	0	0	0
XCHTIME	1053	2	6	5903822	17409	3248	7357	411	5875397	138405198001456	138405198055504	4654
XCHTIME	0	0	0	0	0	0	0	0	0	0	0	0
XCHTIME	1053	2	5	1920879	18340	3983	6662	323	1891571	138405198001456	138405198055504	4654
XCHTIME	0	0	0	0	0	0	0	0	0	0	0	0
XCHTIME	1053	4	18	11702882	17696	3765	18207	1168	11662046	138405198001456	138405198055504	4654
LADGATE	1053	10000	0.391	1
XCHTIME	0	0	0	0	0	0	0	0	0	0	0	0
XCHTIME	1053	5	26	13803319	17427	3496	17345	1828	13763223	138405198001456	138405198055504	4654
XCHTIME	0	0	0	0	0	0	0	0	0	0	0	0
XCHTIME	1053	4	66	831799	17902	3955	12130	2955	794857	138405198001456	138405198055504	4654
XCHTIME	0	0	0	0	0	0	0	0	0	0	0	0
XCHTIME	1053	4	15	2157936	17254	3151	12894	966	2123671	138405198001456	138405198055504	4654
XCHTIME	0	0	0	0	0	0	0	0	0	0	0	0
XCHTIME	1053	4	10	1303436	17740	3372	14775	673	1266876	138405198001456	138405198055504	4654
XCHTIME	0	0	0	0	0	0	0	0	0	0	0	0
XCHTIME	1053	4	18	11254779	18291	4165	14725	1239	11216359	138405198001456	138405198055504	4654
XCHTIME	0	0	0	0	0	0	0	0	0	0	0	0
XCHTIME	1053	4	11	935510	17819	4141	12514	705	900331	138405198001456	138405198055504	4654
XCHTIME	0	0	0	0	0	0	0	0	0	0	0	0
XCHTIME	1053	4	14	3651362	17463	3177	12848	870	3617004	138405198001456	138405198055504	4654
XCHTIME	0	0	0	0	0	0	0	0	0	0	0	0
XCHTIME	1053	4	13	6461756	17381	3655	14804	906	6425010	138405198001456	138405198055504	4654
XCHTIME	0	0	0	0	0	0	0	0	0	0	0	0
XCHTIME	1053	2	5	16992100	17720	3697	13682	459	16956542	138405198001456	138405198055504	4654
XCHTIME	0	0	0	0	0	0	0	0	0	0	0	0
XCHTIME	1053	4	6	791898	23378	9519	14055	441	744505	138405198001456	138405198055504	4654
LIFT	edgecross10-030	1053	573	5134	573
COUNTS	edgecross10-030	1053	4654	135854	100080
XCHTIME	0	0	0	0	0	0	0	0	0	0	0	0
XCHTIME	601	2	4	1476804	14142	2393	2965	276	1457028	138405196105520	138405197783648	2396
XCHTIME	0	0	0	0	0	0	0	0	0	0	0	0
XCHTIME	601	1	0	6985446	7510	1489	1314	0	6975133	138405196105520	138405197783648	2396
XCHTIME	0	0	0	0	0	0	0	0	0	0	0	0
XCHTIME	601	2	5	5817263	8830	2314	3108	370	5802641	138405196105520	138405197783648	2396
XCHTIME	0	0	0	0	0	0	0	0	0	0	0	0
XCHTIME	601	2	5	13950437	7753	1783	3566	422	13936913	138405196105520	138405197783648	2396
LADGATE	601	10000	0.245	1
XCHTIME	0	0	0	0	0	0	0	0	0	0	0	0
XCHTIME	601	5	26	61074574	8687	2151	7459	1870	61054407	138405196105520	138405197783648	2396
XCHTIME	0	0	0	0	0	0	0	0	0	0	0	0
XCHTIME	601	4	66	217961	7636	1819	5280	2790	200436	138405196105520	138405197783648	2396
XCHTIME	0	0	0	0	0	0	0	0	0	0	0	0
XCHTIME	601	4	15	4571556	7920	1511	5730	898	4555497	138405196105520	138405197783648	2396
XCHTIME	0	0	0	0	0	0	0	0	0	0	0	0
XCHTIME	601	4	10	2783902	7519	1617	6043	769	2767954	138405196105520	138405197783648	2396
XCHTIME	0	0	0	0	0	0	0	0	0	0	0	0
XCHTIME	601	2	5	13835326	7647	1621	2838	338	13822882	138405196105520	138405197783648	2396
XCHTIME	0	0	0	0	0	0	0	0	0	0	0	0
XCHTIME	601	4	11	1137120	7751	1626	5249	634	1121860	138405196105520	138405197783648	2396
XCHTIME	0	0	0	0	0	0	0	0	0	0	0	0
XCHTIME	601	4	14	14141877	7301	1496	5355	960	14126765	138405196105520	138405197783648	2396
XCHTIME	0	0	0	0	0	0	0	0	0	0	0	0
XCHTIME	601	3	12	15242396	7762	1644	4481	752	15227757	138405196105520	138405197783648	2396
XCHTIME	0	0	0	0	0	0	0	0	0	0	0	0
XCHTIME	601	1	0	14323928	7632	1530	1297	0	14313469	138405196105520	138405197783648	2396
XCHTIME	0	0	0	0	0	0	0	0	0	0	0	0
XCHTIME	601	4	6	743728	10637	4373	6075	531	722112	138405196105520	138405197783648	2396
LIFT	chain200	601	400	1596	400
COUNTS	chain200	601	2396	8182	8182
XCHTIME	0	0	0	0	0	0	0	0	0	0	0	0
XCHTIME	25	2	4	42362	757	432	186	116	40871	138405192589072	138405189474640	66
XCHTIME	0	0	0	0	0	0	0	0	0	0	0	0
XCHTIME	25	2	6	309208	430	225	125	192	308236	138405192589072	138405189474640	66
XCHTIME	0	0	0	0	0	0	0	0	0	0	0	0
XCHTIME	25	2	5	91452	461	289	126	153	90423	138405192589072	138405189474640	66
XCHTIME	0	0	0	0	0	0	0	0	0	0	0	0
XCHTIME	25	4	18	670016	493	266	253	493	668511	138405192589072	138405189474640	66
LADGATE	25	10000	0.163	1
XCHTIME	0	0	0	0	0	0	0	0	0	0	0	0
XCHTIME	25	5	26	668476	720	742	315	816	665883	138405192589072	138405189474640	66
XCHTIME	0	0	0	0	0	0	0	0	0	0	0	0
XCHTIME	25	4	53	9791	548	364	240	1434	7205	138405192589072	138405189474640	66
XCHTIME	0	0	0	0	0	0	0	0	0	0	0	0
XCHTIME	25	4	15	114811	513	286	216	346	113450	138405192589072	138405189474640	66
XCHTIME	0	0	0	0	0	0	0	0	0	0	0	0
XCHTIME	25	4	10	79108	539	257	165	226	77921	138405192589072	138405189474640	66
XCHTIME	0	0	0	0	0	0	0	0	0	0	0	0
XCHTIME	25	4	18	648314	459	228	206	489	646932	138405192589072	138405189474640	66
XCHTIME	0	0	0	0	0	0	0	0	0	0	0	0
XCHTIME	25	4	11	52973	536	312	212	296	51617	138405192589072	138405189474640	66
XCHTIME	0	0	0	0	0	0	0	0	0	0	0	0
XCHTIME	25	4	14	167735	477	241	199	350	166468	138405192589072	138405189474640	66
XCHTIME	0	0	0	0	0	0	0	0	0	0	0	0
XCHTIME	25	4	13	343856	485	271	196	353	342551	138405192589072	138405189474640	66
XCHTIME	0	0	0	0	0	0	0	0	0	0	0	0
XCHTIME	25	4	16	1405725	480	270	224	420	1404331	138405192589072	138405189474640	66
XCHTIME	0	0	0	0	0	0	0	0	0	0	0	0
XCHTIME	25	4	6	33794	707	388	229	187	32283	138405192589072	138405189474640	66
COUNTS	ex1223b	25	66	178	178
XCHTIME	0	0	0	0	0	0	0	0	0	0	0	0
XCHTIME	2718	2	4	1335532	91479	23990	53424	699	1165940	138405196215552	138405188267136	7488
XCHTIME	0	0	0	0	0	0	0	0	0	0	0	0
XCHTIME	2718	1	0	1376602	96058	28099	26490	0	1225955	138405196215552	138405188267136	7488
XCHTIME	0	0	0	0	0	0	0	0	0	0	0	0
XCHTIME	2718	2	5	1121425	99147	27280	58038	930	936030	138405196215552	138405188267136	7488
XCHTIME	0	0	0	0	0	0	0	0	0	0	0	0
XCHTIME	2718	4	18	5786882	96291	27405	132318	3041	5527827	138405196215552	138405188267136	7488
LADGATE	2718	10000	0.558	1
XCHTIME	0	0	0	0	0	0	0	0	0	0	0	0
XCHTIME	2718	5	26	6768109	96458	26454	154721	3978	6486498	138405196215552	138405188267136	7488
XCHTIME	0	0	0	0	0	0	0	0	0	0	0	0
XCHTIME	2718	2	19	5762570	105820	32455	63409	2077	5558809	138405196215552	138405188267136	7488
XCHTIME	0	0	0	0	0	0	0	0	0	0	0	0
XCHTIME	2718	4	15	3209116	129537	36245	121560	2769	2919005	138405196215552	138405188267136	7488
XCHTIME	0	0	0	0	0	0	0	0	0	0	0	0
XCHTIME	2718	4	10	3173237	97609	29716	158722	2075	2885115	138405196215552	138405188267136	7488
XCHTIME	0	0	0	0	0	0	0	0	0	0	0	0
XCHTIME	2718	4	18	5686624	105168	28261	115692	2620	5434883	138405196215552	138405188267136	7488
XCHTIME	0	0	0	0	0	0	0	0	0	0	0	0
XCHTIME	2718	4	11	2811840	97566	26577	112414	1962	2573321	138405196215552	138405188267136	7488
XCHTIME	0	0	0	0	0	0	0	0	0	0	0	0
XCHTIME	2718	4	14	3349304	99381	28540	118795	2314	3100274	138405196215552	138405188267136	7488
XCHTIME	0	0	0	0	0	0	0	0	0	0	0	0
XCHTIME	2718	4	13	4397178	100254	29238	123817	2136	4141733	138405196215552	138405188267136	7488
XCHTIME	0	0	0	0	0	0	0	0	0	0	0	0
XCHTIME	2718	1	0	11238763	97860	27484	28287	0	11085132	138405196215552	138405188267136	7488
XCHTIME	0	0	0	0	0	0	0	0	0	0	0	0
XCHTIME	2718	4	6	2723847	122489	52850	122662	1430	2424416	138405196215552	138405188267136	7488
LIFT	slay09h	2718	1206	5040	1206
COUNTS	slay09h	2718	7488	36057	32385
XCHTIME	0	0	0	0	0	0	0	0	0	0	0	0
XCHTIME	974	2	4	1272187	19739	5918	5805	188	1240537	138405196237312	138405208393376	5982
XCHTIME	0	0	0	0	0	0	0	0	0	0	0	0
XCHTIME	974	2	6	8993112	17705	2864	7590	285	8964668	138405196237312	138405208393376	5982
XCHTIME	0	0	0	0	0	0	0	0	0	0	0	0
XCHTIME	974	2	5	4595313	17880	3636	5969	188	4567640	138405196237312	138405208393376	5982
XCHTIME	0	0	0	0	0	0	0	0	0	0	0	0
XCHTIME	974	3	15	17633558	17985	4118	14609	645	17596201	138405196237312	138405208393376	5982
LADGATE	974	10000	0.480	1
XCHTIME	0	0	0	0	0	0	0	0	0	0	0	0
XCHTIME	974	5	26	40209426	17699	3638	21933	1326	40164830	138405196237312	138405208393376	5982
XCHTIME	0	0	0	0	0	0	0	0	0	0	0	0
XCHTIME	974	3	57	7190436	17691	4576	16168	1935	7150066	138405196237312	138405208393376	5982
XCHTIME	0	0	0	0	0	0	0	0	0	0	0	0
XCHTIME	974	4	15	4662044	18042	4695	14587	851	4623869	138405196237312	138405208393376	5982
XCHTIME	0	0	0	0	0	0	0	0	0	0	0	0
XCHTIME	974	4	10	2416020	17670	2945	11787	412	2383206	138405196237312	138405208393376	5982
XCHTIME	0	0	0	0	0	0	0	0	0	0	0	0
XCHTIME	974	3	15	17597418	17445	3024	16965	678	17559306	138405196237312	138405208393376	5982
XCHTIME	0	0	0	0	0	0	0	0	0	0	0	0
XCHTIME	974	4	11	1347377	18110	4452	11619	736	1312460	138405196237312	138405208393376	5982
XCHTIME	0	0	0	0	0	0	0	0	0	0	0	0
XCHTIME	974	4	14	9261832	17559	2980	13382	632	9227279	138405196237312	138405208393376	5982
XCHTIME	0	0	0	0	0	0	0	0	0	0	0	0
XCHTIME	974	4	13	17292103	17884	4185	19261	948	17249825	138405196237312	138405208393376	5982
XCHTIME	0	0	0	0	0	0	0	0	0	0	0	0
XCHTIME	974	1	0	17106891	18353	4705	2753	0	17081080	138405196237312	138405208393376	5982
XCHTIME	0	0	0	0	0	0	0	0	0	0	0	0
XCHTIME	974	4	6	862724	24557	7665	11978	330	818194	138405196237312	138405208393376	5982
LIFT	ndcc12	974	902	6222	902
COUNTS	ndcc12	974	5982	345696	329556
XCHTIME	0	0	0	0	0	0	0	0	0	0	0	0
XCHTIME	1306	2	4	1646703	23639	4286	8812	297	1609669	138405192663392	138405199906784	5378
XCHTIME	0	0	0	0	0	0	0	0	0	0	0	0
XCHTIME	1306	2	6	7206116	24084	4858	11791	559	7164824	138405192663392	138405199906784	5378
XCHTIME	0	0	0	0	0	0	0	0	0	0	0	0
XCHTIME	1306	2	5	5228218	24614	4826	11070	389	5187319	138405192663392	138405199906784	5378
XCHTIME	0	0	0	0	0	0	0	0	0	0	0	0
XCHTIME	1306	3	15	15409071	25353	5426	22021	1034	15355237	138405192663392	138405199906784	5378
LADGATE	1306	10000	0.419	1
XCHTIME	0	0	0	0	0	0	0	0	0	0	0	0
XCHTIME	1306	5	26	34462923	24160	5463	41836	2128	34389336	138405192663392	138405199906784	5378
XCHTIME	0	0	0	0	0	0	0	0	0	0	0	0
XCHTIME	1306	1	0	6668802	29756	8480	4652	0	6625914	138405192663392	138405199906784	5378
XCHTIME	0	0	0	0	0	0	0	0	0	0	0	0
XCHTIME	1306	4	15	6851811	31922	10254	26026	1169	6782440	138405192663392	138405199906784	5378
XCHTIME	0	0	0	0	0	0	0	0	0	0	0	0
XCHTIME	1306	4	10	3106734	26270	6376	20206	760	3053122	138405192663392	138405199906784	5378
XCHTIME	0	0	0	0	0	0	0	0	0	0	0	0
XCHTIME	1306	3	15	15637965	25076	5230	30003	1286	15576370	138405192663392	138405199906784	5378
XCHTIME	0	0	0	0	0	0	0	0	0	0	0	0
XCHTIME	1306	4	11	2681052	30021	17394	24762	891	2607984	138405192663392	138405199906784	5378
XCHTIME	0	0	0	0	0	0	0	0	0	0	0	0
XCHTIME	1306	4	14	10672303	25237	5325	27348	1236	10613157	138405192663392	138405199906784	5378
XCHTIME	0	0	0	0	0	0	0	0	0	0	0	0
XCHTIME	1306	4	13	16132526	26742	6463	29722	1175	16068424	138405192663392	138405199906784	5378
XCHTIME	0	0	0	0	0	0	0	0	0	0	0	0
XCHTIME	1306	1	0	15419807	27081	6529	4662	0	15381535	138405192663392	138405199906784	5378
XCHTIME	0	0	0	0	0	0	0	0	0	0	0	0
XCHTIME	1306	4	6	1458554	32470	10995	21116	542	1393431	138405192663392	138405199906784	5378
LIFT	kall_circlesrectangles_c6r39	1306	924	4638	924
COUNTS	kall_circlesrectangles_c6r39	1306	5378	75744	74610
XCHTIME	0	0	0	0	0	0	0	0	0	0	0	0
XCHTIME	9170	1	0	4474721	1598278	784194	782538	0	1309711	138405187449472	138405187522848	24000
XCHTIME	0	0	0	0	0	0	0	0	0	0	0	0
XCHTIME	9170	1	0	6123514	1523009	773454	779749	0	3047302	138405187449472	138405187522848	24000
XCHTIME	0	0	0	0	0	0	0	0	0	0	0	0
XCHTIME	9170	1	0	5399214	1615869	758274	781595	0	2243476	138405187449472	138405187522848	24000
XCHTIME	0	0	0	0	0	0	0	0	0	0	0	0
XCHTIME	9170	2	5	10623823	1536104	767063	1564224	2999	6753433	138405187449472	138405187522848	24000
LADGATE	9170	10000	0.519	1
XCHTIME	0	0	0	0	0	0	0	0	0	0	0	0
XCHTIME	9170	5	26	28437677	1558764	773972	3919444	12480	22173017	138405187449472	138405187522848	24000
XCHTIME	0	0	0	0	0	0	0	0	0	0	0	0
XCHTIME	9170	1	0	6202339	1610556	779122	784582	0	3028079	138405187449472	138405187522848	24000
XCHTIME	0	0	0	0	0	0	0	0	0	0	0	0
XCHTIME	9170	1	0	6257295	1610869	758365	780603	0	3107458	138405187449472	138405187522848	24000
XCHTIME	0	0	0	0	0	0	0	0	0	0	0	0
XCHTIME	9170	2	3	10960186	1607273	783073	1561071	2581	7006188	138405187449472	138405187522848	24000
XCHTIME	0	0	0	0	0	0	0	0	0	0	0	0
XCHTIME	9170	2	5	10700122	1605444	766513	1552824	2921	6772420	138405187449472	138405187522848	24000
XCHTIME	0	0	0	0	0	0	0	0	0	0	0	0
XCHTIME	9170	2	3	11024035	1615754	772222	1595223	1970	7038866	138405187449472	138405187522848	24000
XCHTIME	0	0	0	0	0	0	0	0	0	0	0	0
XCHTIME	9170	2	4	10820180	1603267	762012	1559431	3037	6892433	138405187449472	138405187522848	24000
XCHTIME	0	0	0	0	0	0	0	0	0	0	0	0
XCHTIME	9170	2	4	10850824	1602470	778684	1550679	2394	6916597	138405187449472	138405187522848	24000
XCHTIME	0	0	0	0	0	0	0	0	0	0	0	0
XCHTIME	9170	2	5	11478418	1609101	771371	1608772	2796	7486378	138405187449472	138405187522848	24000
XCHTIME	0	0	0	0	0	0	0	0	0	0	0	0
XCHTIME	9170	2	3	10378008	1497055	761399	1560427	2461	6556666	138405187449472	138405187522848	24000
LIFT	squfl020-150	9170	3170	12000	3170
COUNTS	squfl020-150	9170	24000	135020	135020
COUNTS	autocorr_bern40-30	43	1534	20034	20034
XCHTIME	0	0	0	0	0	0	0	0	0	0	0	0
XCHTIME	660	2	4	243252	15495	3283	3181	239	221054	138405187428592	138405197816432	2016
XCHTIME	0	0	0	0	0	0	0	0	0	0	0	0
XCHTIME	660	2	6	993556	7858	1637	3185	381	980495	138405187428592	138405197816432	2016
XCHTIME	0	0	0	0	0	0	0	0	0	0	0	0
XCHTIME	660	2	5	426372	8406	2062	3292	264	412348	138405187428592	138405197816432	2016
XCHTIME	0	0	0	0	0	0	0	0	0	0	0	0
XCHTIME	660	4	18	1707665	7879	1922	6086	1047	1690731	138405187428592	138405197816432	2016
LADGATE	660	10000	0.280	1
XCHTIME	0	0	0	0	0	0	0	0	0	0	0	0
XCHTIME	660	5	26	2232187	8580	2003	7179	1608	2212817	138405187428592	138405197816432	2016
XCHTIME	0	0	0	0	0	0	0	0	0	0	0	0
XCHTIME	660	1	0	6771919	7691	1768	1478	0	6760982	138405187428592	138405197816432	2016
XCHTIME	0	0	0	0	0	0	0	0	0	0	0	0
XCHTIME	660	4	15	592397	9137	2952	9884	842	569582	138405187428592	138405197816432	2016
XCHTIME	0	0	0	0	0	0	0	0	0	0	0	0
XCHTIME	660	4	10	419352	7838	1730	6309	478	402997	138405187428592	138405197816432	2016
XCHTIME	0	0	0	0	0	0	0	0	0	0	0	0
XCHTIME	660	4	18	1730221	7679	1723	6820	1108	1712891	138405187428592	138405197816432	2016
XCHTIME	0	0	0	0	0	0	0	0	0	0	0	0
XCHTIME	660	4	11	355257	7924	2224	5973	515	338621	138405187428592	138405197816432	2016
XCHTIME	0	0	0	0	0	0	0	0	0	0	0	0
XCHTIME	660	4	14	771739	7725	1698	6277	772	755267	138405187428592	138405197816432	2016
XCHTIME	0	0	0	0	0	0	0	0	0	0	0	0
XCHTIME	660	4	13	1073232	7923	1784	6223	757	1056545	138405187428592	138405197816432	2016
XCHTIME	0	0	0	0	0	0	0	0	0	0	0	0
XCHTIME	660	4	16	5176635	7897	2038	9361	1076	5156263	138405187428592	138405197816432	2016
XCHTIME	0	0	0	0	0	0	0	0	0	0	0	0
XCHTIME	660	4	6	322554	10283	4044	6254	348	301625	138405187428592	138405197816432	2016
LIFT	slay08m	660	268	1232	268
COUNTS	slay08m	660	2016	7796	7796
XCHTIME	0	0	0	0	0	0	0	0	0	0	0	0
XCHTIME	2032	1	0	2938286	66850	16349	11375	0	2843712	138405188235808	138405199972336	15900
XCHTIME	0	0	0	0	0	0	0	0	0	0	0	0
XCHTIME	2032	1	0	7730065	67781	15515	12740	0	7634029	138405188235808	138405199972336	15900
XCHTIME	0	0	0	0	0	0	0	0	0	0	0	0
XCHTIME	2032	1	0	5702183	78310	26508	15861	0	5581504	138405188235808	138405199972336	15900
XCHTIME	0	0	0	0	0	0	0	0	0	0	0	0
XCHTIME	2032	1	0	15543158	72990	20650	15083	0	15434435	138405188235808	138405199972336	15900
LADGATE	2032	10000	0.584	1
XCHTIME	0	0	0	0	0	0	0	0	0	0	0	0
XCHTIME	2032	4	10	11856927	67687	16431	67705	2290	11702814	138405188235808	138405199972336	15900
XCHTIME	0	0	0	0	0	0	0	0	0	0	0	0
XCHTIME	2032	3	57	6380406	74202	21851	75055	11017	6198281	138405188235808	138405199972336	15900
XCHTIME	0	0	0	0	0	0	0	0	0	0	0	0
XCHTIME	2032	2	4	6305544	71145	18847	36418	1159	6177975	138405188235808	138405199972336	15900
XCHTIME	0	0	0	0	0	0	0	0	0	0	0	0
XCHTIME	2032	4	10	7450073	77896	24946	79729	1765	7265737	138405188235808	138405199972336	15900
XCHTIME	0	0	0	0	0	0	0	0	0	0	0	0
XCHTIME	2032	1	0	16022013	68626	12517	11269	0	15929601	138405188235808	138405199972336	15900
XCHTIME	0	0	0	0	0	0	0	0	0	0	0	0
XCHTIME	2032	4	11	5123189	79005	26715	60783	2426	4954260	138405188235808	138405199972336	15900
XCHTIME	0	0	0	0	0	0	0	0	0	0	0	0
XCHTIME	2032	3	12	14211915	69213	15681	61588	2842	14062591	138405188235808	138405199972336	15900
XCHTIME	0	0	0	0	0	0	0	0	0	0	0	0
XCHTIME	2032	2	4	15285506	69981	18152	40172	993	15156208	138405188235808	138405199972336	15900
XCHTIME	0	0	0	0	0	0	0	0	0	0	0	0
XCHTIME	2032	1	0	16675524	75520	21913	13083	0	16565008	138405188235808	138405199972336	15900
XCHTIME	0	0	0	0	0	0	0	0	0	0	0	0
XCHTIME	2032	4	6	4236255	82565	26733	67109	940	4058908	138405188235808	138405199972336	15900
LIFT	chimera_mgw-c16-2031-01	2032	2021	15902	2021
COUNTS	chimera_mgw-c16-2031-01	2032	15900	3328073	2569662
XCHTIME	0	0	0	0	0	0	0	0	0	0	0	0
XCHTIME	713	2	4	814722	19158	3628	3640	175	788121	138405187433888	138405198009904	2658
XCHTIME	0	0	0	0	0	0	0	0	0	0	0	0
XCHTIME	713	2	6	5727175	10021	1966	5405	411	5709372	138405187433888	138405198009904	2658
XCHTIME	0	0	0	0	0	0	0	0	0	0	0	0
XCHTIME	713	2	5	1788974	11110	2375	3473	196	1771820	138405187433888	138405198009904	2658
XCHTIME	0	0	0	0	0	0	0	0	0	0	0	0
XCHTIME	713	4	18	11290573	10157	1938	8037	1080	11269361	138405187433888	138405198009904	2658
LADGATE	713	10000	0.369	1
XCHTIME	0	0	0	0	0	0	0	0	0	0	0	0
XCHTIME	713	5	26	14137213	9990	2311	10116	1717	14113079	138405187433888	138405198009904	2658
XCHTIME	0	0	0	0	0	0	0	0	0	0	0	0
XCHTIME	713	4	66	2685753	9878	1978	7475	3506	2662916	138405187433888	138405198009904	2658
XCHTIME	0	0	0	0	0	0	0	0	0	0	0	0
XCHTIME	713	4	15	2564347	10903	2420	7772	734	2542518	138405187433888	138405198009904	2658
XCHTIME	0	0	0	0	0	0	0	0	0	0	0	0
XCHTIME	713	4	10	1608406	9890	1862	7785	467	1588402	138405187433888	138405198009904	2658
XCHTIME	0	0	0	0	0	0	0	0	0	0	0	0
XCHTIME	713	4	18	11342333	9977	1729	9197	1061	11320369	138405187433888	138405198009904	2658
XCHTIME	0	0	0	0	0	0	0	0	0	0	0	0
XCHTIME	713	4	11	1038783	10481	2322	7233	496	1018251	138405187433888	138405198009904	2658
XCHTIME	0	0	0	0	0	0	0	0	0	0	0	0
XCHTIME	713	4	14	4173998	9937	1744	10186	864	4151267	138405187433888	138405198009904	2658
XCHTIME	0	0	0	0	0	0	0	0	0	0	0	0
XCHTIME	713	4	13	7009328	10538	2293	7041	672	6988784	138405187433888	138405198009904	2658
XCHTIME	0	0	0	0	0	0	0	0	0	0	0	0
XCHTIME	713	2	5	14874042	10847	2537	7103	336	14853219	138405187433888	138405198009904	2658
XCHTIME	0	0	0	0	0	0	0	0	0	0	0	0
XCHTIME	713	4	6	659844	11871	3774	7386	296	636517	138405187433888	138405198009904	2658
LIFT	forest	713	404	2076	404
COUNTS	forest	713	2658	10614	10543
XCHTIME	0	0	0	0	0	0	0	0	0	0	0	0
XCHTIME	280	2	4	489573	37646	1676	782	243	449226	138405188123536	138405195523072	29636
XCHTIME	0	0	0	0	0	0	0	0	0	0	0	0
XCHTIME	280	2	6	10221358	37119	1231	691	382	10181935	138405188123536	138405195523072	29636
XCHTIME	0	0	0	0	0	0	0	0	0	0	0	0
XCHTIME	280	2	5	2696336	37327	1517	709	316	2656467	138405188123536	138405195523072	29636
XCHTIME	0	0	0	0	0	0	0	0	0	0	0	0
XCHTIME	280	4	18	20392027	37321	1245	2081	1342	20350038	138405188123536	138405195523072	29636
LADGATE	280	10000	0.166	1
XCHTIME	0	0	0	0	0	0	0	0	0	0	0	0
XCHTIME	280	4	10	885034	37535	1217	1520	473	844289	138405188123536	138405195523072	29636
XCHTIME	0	0	0	0	0	0	0	0	0	0	0	0
XCHTIME	280	4	66	385874	37113	1417	1125	3228	342991	138405188123536	138405195523072	29636
XCHTIME	0	0	0	0	0	0	0	0	0	0	0	0
XCHTIME	280	4	15	2505617	37174	1013	2282	727	2464421	138405188123536	138405195523072	29636
XCHTIME	0	0	0	0	0	0	0	0	0	0	0	0
XCHTIME	280	4	10	911403	37585	1175	1517	576	870550	138405188123536	138405195523072	29636
XCHTIME	0	0	0	0	0	0	0	0	0	0	0	0
XCHTIME	280	4	18	20343995	37015	928	2174	1226	20302652	138405188123536	138405195523072	29636
XCHTIME	0	0	0	0	0	0	0	0	0	0	0	0
XCHTIME	280	4	11	573573	38150	1397	1614	531	531881	138405188123536	138405195523072	29636
XCHTIME	0	0	0	0	0	0	0	0	0	0	0	0
XCHTIME	280	4	14	5362050	38406	959	2014	915	5319756	138405188123536	138405195523072	29636
XCHTIME	0	0	0	0	0	0	0	0	0	0	0	0
XCHTIME	280	4	13	10830050	36888	1057	2020	880	10789205	138405188123536	138405195523072	29636
XCHTIME	0	0	0	0	0	0	0	0	0	0	0	0
XCHTIME	280	2	5	20900381	37117	1156	1361	587	20860160	138405188123536	138405195523072	29636
XCHTIME	0	0	0	0	0	0	0	0	0	0	0	0
XCHTIME	280	4	6	433418	41843	1766	1643	269	387897	138405188123536	138405195523072	29636
LIFT	qspp_0_10_0_1_10_1	280	244	29450	244
COUNTS	qspp_0_10_0_1_10_1	280	29636	1942907	1932414
XCHTIME	0	0	0	0	0	0	0	0	0	0	0	0
XCHTIME	16	2	4	28066	859	461	145	172	26429	138405186926352	138405196415744	58
XCHTIME	0	0	0	0	0	0	0	0	0	0	0	0
XCHTIME	16	2	6	87970	478	306	79	191	86916	138405186926352	138405196415744	58
XCHTIME	0	0	0	0	0	0	0	0	0	0	0	0
XCHTIME	16	2	5	47436	648	259	75	140	46314	138405186926352	138405196415744	58
XCHTIME	0	0	0	0	0	0	0	0	0	0	0	0
XCHTIME	16	4	18	324153	453	220	160	594	322726	138405186926352	138405196415744	58
LADGATE	16	10000	0.136	1
XCHTIME	0	0	0	0	0	0	0	0	0	0	0	0
XCHTIME	16	5	26	336689	709	417	222	899	334442	138405186926352	138405196415744	58
XCHTIME	0	0	0	0	0	0	0	0	0	0	0	0
XCHTIME	16	4	41	12790	518	475	167	1392	10238	138405186926352	138405196415744	58
XCHTIME	0	0	0	0	0	0	0	0	0	0	0	0
XCHTIME	16	4	15	38358	438	287	145	386	37102	138405186926352	138405196415744	58
XCHTIME	0	0	0	0	0	0	0	0	0	0	0	0
XCHTIME	16	4	10	35012	390	196	147	239	34040	138405186926352	138405196415744	58
XCHTIME	0	0	0	0	0	0	0	0	0	0	0	0
XCHTIME	16	4	18	320839	318	184	197	483	319657	138405186926352	138405196415744	58
XCHTIME	0	0	0	0	0	0	0	0	0	0	0	0
XCHTIME	16	4	11	40728	2179	1205	368	386	36590	138405186926352	138405196415744	58
XCHTIME	0	0	0	0	0	0	0	0	0	0	0	0
XCHTIME	16	4	14	69097	496	372	167	397	67665	138405186926352	138405196415744	58
XCHTIME	0	0	0	0	0	0	0	0	0	0	0	0
XCHTIME	16	4	13	102583	528	286	219	335	101215	138405186926352	138405196415744	58
XCHTIME	0	0	0	0	0	0	0	0	0	0	0	0
XCHTIME	16	4	16	1078140	364	385	205	717	1076469	138405186926352	138405196415744	58
XCHTIME	0	0	0	0	0	0	0	0	0	0	0	0
XCHTIME	16	4	6	19121	884	568	208	193	17268	138405186926352	138405196415744	58
COUNTS	st_ph1	16	58	274	233
XCHTIME	0	0	0	0	0	0	0	0	0	0	0	0
XCHTIME	124	2	4	74409	4061	841	503	118	68886	138405196082048	138405193513696	376
XCHTIME	0	0	0	0	0	0	0	0	0	0	0	0
XCHTIME	124	2	6	469475	1497	439	340	165	467034	138405196082048	138405193513696	376
XCHTIME	0	0	0	0	0	0	0	0	0	0	0	0
XCHTIME	124	2	5	213091	1398	278	422	175	210818	138405196082048	138405193513696	376
XCHTIME	0	0	0	0	0	0	0	0	0	0	0	0
XCHTIME	124	4	18	1201241	1400	428	590	365	1198458	138405196082048	138405193513696	376
LADGATE	124	10000	0.186	1
XCHTIME	0	0	0	0	0	0	0	0	0	0	0	0
XCHTIME	124	5	26	1555403	2204	831	3484	589	1548295	138405196082048	138405193513696	376
XCHTIME	0	0	0	0	0	0	0	0	0	0	0	0
XCHTIME	124	4	66	101241	1578	458	551	1395	97259	138405196082048	138405193513696	376
XCHTIME	0	0	0	0	0	0	0	0	0	0	0	0
XCHTIME	124	4	15	209410	1636	515	595	347	206317	138405196082048	138405193513696	376
XCHTIME	0	0	0	0	0	0	0	0	0	0	0	0
XCHTIME	124	4	10	120562	1507	387	563	247	117858	138405196082048	138405193513696	376
XCHTIME	0	0	0	0	0	0	0	0	0	0	0	0
XCHTIME	124	4	18	1251475	1417	363	629	419	1248647	138405196082048	138405193513696	376
XCHTIME	0	0	0	0	0	0	0	0	0	0	0	0
XCHTIME	124	4	11	74264	1538	377	491	229	71629	138405196082048	138405193513696	376
XCHTIME	0	0	0	0	0	0	0	0	0	0	0	0
XCHTIME	124	4	14	368437	1600	339	624	298	365576	138405196082048	138405193513696	376
XCHTIME	0	0	0	0	0	0	0	0	0	0	0	0
XCHTIME	124	4	13	629391	1406	369	701	273	626642	138405196082048	138405193513696	376
XCHTIME	0	0	0	0	0	0	0	0	0	0	0	0
XCHTIME	124	4	16	3399313	1475	430	1037	405	3395966	138405196082048	138405193513696	376
XCHTIME	0	0	0	0	0	0	0	0	0	0	0	0
XCHTIME	124	4	6	43976	1985	749	507	150	40585	138405196082048	138405193513696	376
LIFT	elf	124	65	258	65
COUNTS	elf	124	376	2733	2173
XCHTIME	0	0	0	0	0	0	0	0	0	0	0	0
XCHTIME	18	2	4	31872	978	492	227	161	30014	138405187332032	138405198034496	36
XCHTIME	0	0	0	0	0	0	0	0	0	0	0	0
XCHTIME	18	2	6	78635	378	306	118	164	77669	138405187332032	138405198034496	36
XCHTIME	0	0	0	0	0	0	0	0	0	0	0	0
XCHTIME	18	2	5	71761	370	349	92	133	70817	138405187332032	138405198034496	36
XCHTIME	0	0	0	0	0	0	0	0	0	0	0	0
XCHTIME	18	4	18	78329	367	261	166	473	77062	138405187332032	138405198034496	36
LADGATE	18	10000	0.140	1
XCHTIME	0	0	0	0	0	0	0	0	0	0	0	0
XCHTIME	18	5	26	99367	895	596	241	779	96856	138405187332032	138405198034496	36
XCHTIME	0	0	0	0	0	0	0	0	0	0	0	0
XCHTIME	18	4	45	70641	427	267	167	1044	68736	138405187332032	138405198034496	36
XCHTIME	0	0	0	0	0	0	0	0	0	0	0	0
XCHTIME	18	4	15	56743	360	207	155	345	55676	138405187332032	138405198034496	36
XCHTIME	0	0	0	0	0	0	0	0	0	0	0	0
XCHTIME	18	4	10	49793	316	209	173	221	48874	138405187332032	138405198034496	36
XCHTIME	0	0	0	0	0	0	0	0	0	0	0	0
XCHTIME	18	4	18	86870	304	214	175	448	85729	138405187332032	138405198034496	36
XCHTIME	0	0	0	0	0	0	0	0	0	0	0	0
XCHTIME	18	4	11	29299	338	201	159	239	28362	138405187332032	138405198034496	36
XCHTIME	0	0	0	0	0	0	0	0	0	0	0	0
XCHTIME	18	4	14	93974	279	200	170	338	92987	138405187332032	138405198034496	36
XCHTIME	0	0	0	0	0	0	0	0	0	0	0	0
XCHTIME	18	4	13	106334	306	202	154	305	105367	138405187332032	138405198034496	36
XCHTIME	0	0	0	0	0	0	0	0	0	0	0	0
XCHTIME	18	4	16	101013	290	184	143	390	100006	138405187332032	138405198034496	36
XCHTIME	0	0	0	0	0	0	0	0	0	0	0	0
XCHTIME	18	4	6	15202	277	177	170	128	14450	138405187332032	138405198034496	36
COUNTS	ex3_1_3	18	36	90	83
COUNTS	cvxnonsep_normcon40r	162	322	645	645
XCHTIME	0	0	0	0	0	0	0	0	0	0	0	0
XCHTIME	155	2	4	95651	5134	595	426	134	89362	138405192586208	138405187439616	618
XCHTIME	0	0	0	0	0	0	0	0	0	0	0	0
XCHTIME	155	2	6	576269	2432	459	416	128	572834	138405192586208	138405187439616	618
XCHTIME	0	0	0	0	0	0	0	0	0	0	0	0
XCHTIME	155	2	5	224904	2158	586	418	103	221639	138405192586208	138405187439616	618
XCHTIME	0	0	0	0	0	0	0	0	0	0	0	0
XCHTIME	155	4	18	1098363	2064	421	1011	374	1094493	138405192586208	138405187439616	618
LADGATE	155	10000	0.246	1
XCHTIME	0	0	0	0	0	0	0	0	0	0	0	0
XCHTIME	155	5	26	1511474	2873	1006	1359	568	1505668	138405192586208	138405187439616	618
XCHTIME	0	0	0	0	0	0	0	0	0	0	0	0
XCHTIME	155	4	66	244210	2223	585	987	1416	238999	138405192586208	138405187439616	618
XCHTIME	0	0	0	0	0	0	0	0	0	0	0	0
XCHTIME	155	4	15	253913	2594	456	970	302	249591	138405192586208	138405187439616	618
XCHTIME	0	0	0	0	0	0	0	0	0	0	0	0
XCHTIME	155	4	10	152486	2136	413	785	208	148944	138405192586208	138405187439616	618
XCHTIME	0	0	0	0	0	0	0	0	0	0	0	0
XCHTIME	155	4	18	1136819	2081	361	1034	385	1132958	138405192586208	138405187439616	618
XCHTIME	0	0	0	0	0	0	0	0	0	0	0	0
XCHTIME	155	4	11	98208	2575	763	705	225	93940	138405192586208	138405187439616	618
XCHTIME	0	0	0	0	0	0	0	0	0	0	0	0
XCHTIME	155	4	14	405088	2247	400	847	301	401293	138405192586208	138405187439616	618
XCHTIME	0	0	0	0	0	0	0	0	0	0	0	0
XCHTIME	155	4	13	759626	2186	394	5274	273	751499	138405192586208	138405187439616	618
XCHTIME	0	0	0	0	0	0	0	0	0	0	0	0
XCHTIME	155	4	16	4961137	2262	643	1489	490	4956253	138405192586208	138405187439616	618
XCHTIME	0	0	0	0	0	0	0	0	0	0	0	0
XCHTIME	155	4	6	70287	3078	661	734	158	65656	138405192586208	138405187439616	618
LIFT	demo7	155	66	448	66
COUNTS	demo7	155	618	3579	3426
XCHTIME	0	0	0	0	0	0	0	0	0	0	0	0
XCHTIME	615	2	4	708379	14845	2038	3003	173	688320	138405196247072	138405188125792	2580
XCHTIME	0	0	0	0	0	0	0	0	0	0	0	0
XCHTIME	615	2	6	5934076	8349	1548	3236	262	5920681	138405196247072	138405188125792	2580
XCHTIME	0	0	0	0	0	0	0	0	0	0	0	0
XCHTIME	615	2	5	2014247	8662	2126	2939	207	2000313	138405196247072	138405188125792	2580
XCHTIME	0	0	0	0	0	0	0	0	0	0	0	0
XCHTIME	615	4	18	11359079	8735	1763	6747	911	11340923	138405196247072	138405188125792	2580
LADGATE	615	10000	0.365	1
XCHTIME	0	0	0	0	0	0	0	0	0	0	0	0
XCHTIME	615	5	26	14372724	9193	2028	8428	1629	14351446	138405196247072	138405188125792	2580
XCHTIME	0	0	0	0	0	0	0	0	0	0	0	0
XCHTIME	615	4	66	4835982	8505	2100	8037	3661	4813679	138405196247072	138405188125792	2580
XCHTIME	0	0	0	0	0	0	0	0	0	0	0	0
XCHTIME	615	4	15	2329294	17044	3302	6890	656	2301402	138405196247072	138405188125792	2580
XCHTIME	0	0	0	0	0	0	0	0	0	0	0	0
XCHTIME	615	4	10	1299766	8604	2009	5726	375	1283052	138405196247072	138405188125792	2580
XCHTIME	0	0	0	0	0	0	0	0	0	0	0	0
XCHTIME	615	4	18	11524686	8088	1665	9531	890	11504512	138405196247072	138405188125792	2580
XCHTIME	0	0	0	0	0	0	0	0	0	0	0	0
XCHTIME	615	4	11	877393	9562	3160	5794	432	858445	138405196247072	138405188125792	2580
XCHTIME	0	0	0	0	0	0	0	0	0	0	0	0
XCHTIME	615	4	14	3997148	8032	2010	7692	598	3978816	138405196247072	138405188125792	2580
XCHTIME	0	0	0	0	0	0	0	0	0	0	0	0
XCHTIME	615	4	13	6613341	8847	2880	6740	750	6594124	138405196247072	138405188125792	2580
XCHTIME	0	0	0	0	0	0	0	0	0	0	0	0
XCHTIME	615	2	5	16267871	8548	2653	5176	302	16251192	138405196247072	138405188125792	2580
XCHTIME	0	0	0	0	0	0	0	0	0	0	0	0
XCHTIME	615	4	6	583959	10767	2969	5526	264	564433	138405196247072	138405188125792	2580
LIFT	waternd2	615	338	2036	338
COUNTS	waternd2	615	2580	155674	74817
XCHTIME	0	0	0	0	0	0	0	0	0	0	0	0
XCHTIME	64	2	4	60655	1391	544	286	99	58335	138405196091392	138405189475680	292
XCHTIME	0	0	0	0	0	0	0	0	0	0	0	0
XCHTIME	64	2	6	412141	1105	395	218	137	410286	138405196091392	138405189475680	292
XCHTIME	0	0	0	0	0	0	0	0	0	0	0	0
XCHTIME	64	2	5	141147	1188	381	182	109	139287	138405196091392	138405189475680	292
XCHTIME	0	0	0	0	0	0	0	0	0	0	0	0
XCHTIME	64	4	18	956827	1045	370	455	367	954590	138405196091392	138405189475680	292
LADGATE	64	10000	0.199	1
XCHTIME	0	0	0	0	0	0	0	0	0	0	0	0
XCHTIME	64	5	26	1003266	1606	1053	461	547	999599	138405196091392	138405189475680	292
XCHTIME	0	0	0	0	0	0	0	0	0	0	0	0
XCHTIME	64	4	66	605970	1338	547	514	1704	601867	138405196091392	138405189475680	292
XCHTIME	0	0	0	0	0	0	0	0	0	0	0	0
XCHTIME	64	4	15	168335	1185	511	342	303	165994	138405196091392	138405189475680	292
XCHTIME	0	0	0	0	0	0	0	0	0	0	0	0
XCHTIME	64	4	10	88658	986	703	353	202	86414	138405196091392	138405189475680	292
XCHTIME	0	0	0	0	0	0	0	0	0	0	0	0
XCHTIME	64	4	18	943163	862	459	372	375	941095	138405196091392	138405189475680	292
XCHTIME	0	0	0	0	0	0	0	0	0	0	0	0
XCHTIME	64	4	11	57724	1636	420	331	215	55122	138405196091392	138405189475680	292
XCHTIME	0	0	0	0	0	0	0	0	0	0	0	0
XCHTIME	64	4	14	318132	911	369	385	311	316156	138405196091392	138405189475680	292
XCHTIME	0	0	0	0	0	0	0	0	0	0	0	0
XCHTIME	64	4	13	302415	1133	378	308	267	300329	138405196091392	138405189475680	292
XCHTIME	0	0	0	0	0	0	0	0	0	0	0	0
XCHTIME	64	4	16	1862880	1114	344	481	358	1860583	138405196091392	138405189475680	292
XCHTIME	0	0	0	0	0	0	0	0	0	0	0	0
XCHTIME	64	4	6	40985	1707	532	345	130	38271	138405196091392	138405189475680	292
LIFT	prolog	64	42	248	42
COUNTS	prolog	64	292	1245	1225
XCHTIME	0	0	0	0	0	0	0	0	0	0	0	0
XCHTIME	11	2	4	60464	537	345	87	109	59386	138405196077968	138405192585232	30
XCHTIME	0	0	0	0	0	0	0	0	0	0	0	0
XCHTIME	11	2	6	146332	373	318	78	197	145366	138405196077968	138405192585232	30
XCHTIME	0	0	0	0	0	0	0	0	0	0	0	0
XCHTIME	11	2	5	42605	446	301	68	134	41656	138405196077968	138405192585232	30
XCHTIME	0	0	0	0	0	0	0	0	0	0	0	0
XCHTIME	11	4	18	160191	387	282	127	466	158929	138405196077968	138405192585232	30
LADGATE	11	10000	0.109	1
XCHTIME	0	0	0	0	0	0	0	0	0	0	0	0
XCHTIME	11	5	26	167132	530	548	165	824	165065	138405196077968	138405192585232	30
XCHTIME	0	0	0	0	0	0	0	0	0	0	0	0
XCHTIME	11	4	31	140739	407	320	111	848	139053	138405196077968	138405192585232	30
XCHTIME	0	0	0	0	0	0	0	0	0	0	0	0
XCHTIME	11	4	15	39927	373	280	115	344	38815	138405196077968	138405192585232	30
XCHTIME	0	0	0	0	0	0	0	0	0	0	0	0
XCHTIME	11	4	10	30572	332	210	111	217	29702	138405196077968	138405192585232	30
XCHTIME	0	0	0	0	0	0	0	0	0	0	0	0
XCHTIME	11	4	18	154087	318	201	106	433	153029	138405196077968	138405192585232	30
XCHTIME	0	0	0	0	0	0	0	0	0	0	0	0
XCHTIME	11	4	11	24504	323	199	118	236	23628	138405196077968	138405192585232	30
XCHTIME	0	0	0	0	0	0	0	0	0	0	0	0
XCHTIME	11	4	14	83166	288	216	125	316	82221	138405196077968	138405192585232	30
XCHTIME	0	0	0	0	0	0	0	0	0	0	0	0
XCHTIME	11	4	13	221385	232	198	120	323	220512	138405196077968	138405192585232	30
XCHTIME	0	0	0	0	0	0	0	0	0	0	0	0
XCHTIME	11	4	16	212661	284	228	136	519	211494	138405196077968	138405192585232	30
XCHTIME	0	0	0	0	0	0	0	0	0	0	0	0
XCHTIME	11	4	6	14536	312	229	134	142	13719	138405196077968	138405192585232	30
COUNTS	ex14_1_8	11	30	80	80
LIFT	faclay75	272878	137826	1109602	137826
COUNTS	faclay75	272878	1379706	3204527350	3013800414
XCHTIME	0	0	0	0	0	0	0	0	0	0	0	0
XCHTIME	55	2	4	74760	1482	696	247	103	72232	138405193205696	138405188154480	548
XCHTIME	0	0	0	0	0	0	0	0	0	0	0	0
XCHTIME	55	2	6	713293	1130	319	236	122	711486	138405193205696	138405188154480	548
XCHTIME	0	0	0	0	0	0	0	0	0	0	0	0
XCHTIME	55	2	5	256443	1321	398	171	103	254450	138405193205696	138405188154480	548
XCHTIME	0	0	0	0	0	0	0	0	0	0	0	0
XCHTIME	55	4	18	1462148	1112	253	419	363	1460001	138405193205696	138405188154480	548
LADGATE	55	10000	0.130	1
XCHTIME	0	0	0	0	0	0	0	0	0	0	0	0
XCHTIME	55	5	26	1879262	1319	943	474	545	1875981	138405193205696	138405188154480	548
XCHTIME	0	0	0	0	0	0	0	0	0	0	0	0
XCHTIME	55	4	66	22215	1131	450	310	1708	18616	138405193205696	138405188154480	548
XCHTIME	0	0	0	0	0	0	0	0	0	0	0	0
XCHTIME	55	4	15	253398	1060	353	317	302	251366	138405193205696	138405188154480	548
XCHTIME	0	0	0	0	0	0	0	0	0	0	0	0
XCHTIME	55	4	10	129358	1053	280	283	204	127538	138405193205696	138405188154480	548
XCHTIME	0	0	0	0	0	0	0	0	0	0	0	0
XCHTIME	55	4	18	1409535	979	266	345	366	1407579	138405193205696	138405188154480	548
XCHTIME	0	0	0	0	0	0	0	0	0	0	0	0
XCHTIME	55	4	11	77902	1023	259	284	218	76118	138405193205696	138405188154480	548
XCHTIME	0	0	0	0	0	0	0	0	0	0	0	0
XCHTIME	55	4	14	410655	1073	253	309	284	408736	138405193205696	138405188154480	548
XCHTIME	0	0	0	0	0	0	0	0	0	0	0	0
XCHTIME	55	4	13	884421	1053	260	320	271	882517	138405193205696	138405188154480	548
XCHTIME	0	0	0	0	0	0	0	0	0	0	0	0
XCHTIME	55	4	16	5211848	1018	267	771	347	5209445	138405193205696	138405188154480	548
XCHTIME	0	0	0	0	0	0	0	0	0	0	0	0
XCHTIME	55	4	6	35687	1466	499	289	130	33303	138405193205696	138405188154480	548
LIFT	st_qpk3	55	33	504	33
COUNTS	st_qpk3	55	548	5467	3762
XCHTIME	0	0	0	0	0	0	0	0	0	0	0	0
XCHTIME	11556	1	0	5578132	2610966	1278259	1271451	0	417456	138405216196000	138405216288464	40860
XCHTIME	0	0	0	0	0	0	0	0	0	0	0	0
XCHTIME	11556	1	0	6114914	2619304	1286931	1257414	0	951265	138405216196000	138405216288464	40860
XCHTIME	0	0	0	0	0	0	0	0	0	0	0	0
XCHTIME	11556	1	0	5699329	2644503	1273895	1262707	0	518224	138405216196000	138405216288464	40860
XCHTIME	0	0	0	0	0	0	0	0	0	0	0	0
XCHTIME	11556	1	0	13974761	2617779	1294950	1270967	0	8791065	138405216196000	138405216288464	40860
LADGATE	11556	10000	0.551	0
XCHTIME	0	0	0	0	0	0	0	0	0	0	0	0
XCHTIME	11556	5	26	134926954	2627413	1273748	6417297	11942	124596554	138405216196000	138405216288464	40860
XCHTIME	0	0	0	0	0	0	0	0	0	0	0	0
XCHTIME	11556	1	0	8869703	2658561	1268474	1289564	0	3653104	138405216196000	138405216288464	40860
XCHTIME	0	0	0	0	0	0	0	0	0	0	0	0
XCHTIME	11556	1	0	8723068	2620504	1261693	1259460	0	3581411	138405216196000	138405216288464	40860
XCHTIME	0	0	0	0	0	0	0	0	0	0	0	0
XCHTIME	11556	1	0	12520261	2643379	1250684	1258723	0	7367475	138405216196000	138405216288464	40860
XCHTIME	0	0	0	0	0	0	0	0	0	0	0	0
XCHTIME	11556	1	0	14100963	2660042	1264485	1271427	0	8905009	138405216196000	138405216288464	40860
XCHTIME	0	0	0	0	0	0	0	0	0	0	0	0
XCHTIME	11556	1	0	12309773	2639305	1270047	1276108	0	7124313	138405216196000	138405216288464	40860
XCHTIME	0	0	0	0	0	0	0	0	0	0	0	0
XCHTIME	11556	1	0	13610030	2637929	1259165	1321529	0	8391407	138405216196000	138405216288464	40860
XCHTIME	0	0	0	0	0	0	0	0	0	0	0	0
XCHTIME	11556	1	0	14402290	2661665	1336007	1273272	0	9131346	138405216196000	138405216288464	40860
XCHTIME	0	0	0	0	0	0	0	0	0	0	0	0
XCHTIME	11556	1	0	12962548	2654560	1262346	1257266	0	7788376	138405216196000	138405216288464	40860
XCHTIME	0	0	0	0	0	0	0	0	0	0	0	0
XCHTIME	11556	1	0	12072674	2664832	1263502	1275851	0	6868489	138405216196000	138405216288464	40860
LIFT	mpbp_34	11556	7230	32172	7230
COUNTS	mpbp_34	11556	40860	3093917	891022
COUNTS	cvxnonsep_normcon20r	82	162	325	325
COUNTS	cvxnonsep_psig20r	86	170	341	341
XCHTIME	0	0	0	0	0	0	0	0	0	0	0	0
XCHTIME	18742	0	0	0	0	0	0	0	0	138405199371520	138405206220400	75910
XCHTIME	0	0	0	0	0	0	0	0	0	0	0	0
XCHTIME	18742	1	0	28513109	13646399	12453588	2103105	0	310017	138405199371520	138405206220400	75910
XCHTIME	0	0	0	0	0	0	0	0	0	0	0	0
XCHTIME	18742	0	0	25366445	13019707	12346738	0	0	0	138405199371520	138405206220400	75910
XCHTIME	0	0	0	0	0	0	0	0	0	0	0	0
XCHTIME	18742	1	0	33003714	12985499	12314937	2130261	0	5573017	138405199371520	138405206220400	75910
LADGATE	18742	10000	0.707	0
XCHTIME	0	0	0	0	0	0	0	0	0	0	0	0
XCHTIME	18742	5	26	293968532	13091093	12373156	10688740	17102	257798441	138405199371520	138405206220400	75910
LIFT	crudeoil_pooling_dt2	18742	10735	60222	10735
COUNTS	crudeoil_pooling_dt2	18742	75910	14985540	9905819
XCHTIME	0	0	0	0	0	0	0	0	0	0	0	0
XCHTIME	2868	2	4	2523745	95410	24596	58041	562	2345136	138405208486496	138405195850768	8270
XCHTIME	0	0	0	0	0	0	0	0	0	0	0	0
XCHTIME	2868	1	0	4593478	110204	33950	32843	0	4416481	138405208486496	138405195850768	8270
XCHTIME	0	0	0	0	0	0	0	0	0	0	0	0
XCHTIME	2868	1	0	3954286	125503	39793	38881	0	3750109	138405208486496	138405195850768	8270
XCHTIME	0	0	0	0	0	0	0	0	0	0	0	0
XCHTIME	2868	1	0	11301307	119421	38463	34144	0	11109279	138405208486496	138405195850768	8270
LADGATE	2868	10000	0.883	1
XCHTIME	0	0	0	0	0	0	0	0	0	0	0	0
XCHTIME	2868	5	26	48980119	107637	31696	255407	3594	48581785	138405208486496	138405195850768	8270
XCHTIME	0	0	0	0	0	0	0	0	0	0	0	0
XCHTIME	2868	2	19	4240965	148910	43200	82089	2105	3964661	138405208486496	138405195850768	8270
XCHTIME	0	0	0	0	0	0	0	0	0	0	0	0
XCHTIME	2868	3	12	6705673	130765	45661	111257	1551	6416439	138405208486496	138405195850768	8270
XCHTIME	0	0	0	0	0	0	0	0	0	0	0	0
XCHTIME	2868	4	10	6260114	116391	35362	153088	1671	5953602	138405208486496	138405195850768	8270
XCHTIME	0	0	0	0	0	0	0	0	0	0	0	0
XCHTIME	2868	1	0	11287179	116542	37117	34002	0	11099518	138405208486496	138405195850768	8270
XCHTIME	0	0	0	0	0	0	0	0	0	0	0	0
XCHTIME	2868	4	11	4612057	119573	38911	125376	1673	4326524	138405208486496	138405195850768	8270
XCHTIME	0	0	0	0	0	0	0	0	0	0	0	0
XCHTIME	2868	4	14	12802051	117664	35917	169334	2001	12477135	138405208486496	138405195850768	8270
XCHTIME	0	0	0	0	0	0	0	0	0	0	0	0
XCHTIME	2868	2	4	11959822	124556	40058	81563	837	11712808	138405208486496	138405195850768	8270
XCHTIME	0	0	0	0	0	0	0	0	0	0	0	0
XCHTIME	2868	1	0	9456079	129900	42292	35288	0	9248599	138405208486496	138405195850768	8270
XCHTIME	0	0	0	0	0	0	0	0	0	0	0	0
XCHTIME	2868	4	6	3913734	129649	45688	171663	1482	3565252	138405208486496	138405195850768	8270
LIFT	rsyn0805m03m	2868	1596	5810	1596
COUNTS	rsyn0805m03m	2868	8270	60979	54830
COUNTS	st_iqpbk1	22	98	295	295
XCHTIME	0	0	0	0	0	0	0	0	0	0	0	0
XCHTIME	96	2	4	114366	4162	1200	498	266	108240	138405197862928	138405208475312	404
XCHTIME	0	0	0	0	0	0	0	0	0	0	0	0
XCHTIME	96	2	6	907415	1694	431	296	359	904635	138405197862928	138405208475312	404
XCHTIME	0	0	0	0	0	0	0	0	0	0	0	0
XCHTIME	96	2	5	261790	1862	621	318	246	258743	138405197862928	138405208475312	404
XCHTIME	0	0	0	0	0	0	0	0	0	0	0	0
XCHTIME	96	4	18	1927754	1573	420	653	790	1924318	138405197862928	138405208475312	404
LADGATE	96	10000	0.258	1
XCHTIME	0	0	0	0	0	0	0	0	0	0	0	0
XCHTIME	96	5	26	2746091	3953	1725	1568	2071	2736774	138405197862928	138405208475312	404
XCHTIME	0	0	0	0	0	0	0	0	0	0	0	0
XCHTIME	96	4	66	735411	2771	1371	573	2420	728276	138405197862928	138405208475312	404
XCHTIME	0	0	0	0	0	0	0	0	0	0	0	0
XCHTIME	96	4	15	370180	1978	697	529	588	366388	138405197862928	138405208475312	404
XCHTIME	0	0	0	0	0	0	0	0	0	0	0	0
XCHTIME	96	4	10	189614	1610	581	446	393	186584	138405197862928	138405208475312	404
XCHTIME	0	0	0	0	0	0	0	0	0	0	0	0
XCHTIME	96	4	18	2160851	1392	442	1499	930	2156588	138405197862928	138405208475312	404
XCHTIME	0	0	0	0	0	0	0	0	0	0	0	0
XCHTIME	96	4	11	173274	2406	1440	762	755	167911	138405197862928	138405208475312	404
XCHTIME	0	0	0	0	0	0	0	0	0	0	0	0
XCHTIME	96	4	14	687400	1951	859	643	806	683141	138405197862928	138405208475312	404
XCHTIME	0	0	0	0	0	0	0	0	0	0	0	0
XCHTIME	96	4	13	1099663	1906	883	537	580	1095757	138405197862928	138405208475312	404
XCHTIME	0	0	0	0	0	0	0	0	0	0	0	0
XCHTIME	96	4	16	6284378	1821	429	1126	921	6280081	138405197862928	138405208475312	404
XCHTIME	0	0	0	0	0	0	0	0	0	0	0	0
XCHTIME	96	4	6	93876	2526	922	669	278	89481	138405197862928	138405208475312	404
LIFT	waterund01	96	47	384	47
COUNTS	waterund01	96	404	4546	3317
XCHTIME	0	0	0	0	0	0	0	0	0	0	0	0
XCHTIME	29	2	4	57524	1092	725	251	132	55324	138405192679024	138405187447824	120
XCHTIME	0	0	0	0	0	0	0	0	0	0	0	0
XCHTIME	29	2	6	451200	602	651	121	214	449612	138405192679024	138405187447824	120
XCHTIME	0	0	0	0	0	0	0	0	0	0	0	0
XCHTIME	29	2	5	124928	680	686	113	145	123304	138405192679024	138405187447824	120
XCHTIME	0	0	0	0	0	0	0	0	0	0	0	0
XCHTIME	29	4	18	970444	505	379	242	726	968592	138405192679024	138405187447824	120
LADGATE	29	10000	0.158	1
XCHTIME	0	0	0	0	0	0	0	0	0	0	0	0
XCHTIME	29	5	26	1011111	1204	1024	420	1052	1007411	138405192679024	138405187447824	120
XCHTIME	0	0	0	0	0	0	0	0	0	0	0	0
XCHTIME	29	4	57	91772	695	401	219	1843	88614	138405192679024	138405187447824	120
XCHTIME	0	0	0	0	0	0	0	0	0	0	0	0
XCHTIME	29	4	15	115284	573	392	223	389	113707	138405192679024	138405187447824	120
XCHTIME	0	0	0	0	0	0	0	0	0	0	0	0
XCHTIME	29	4	10	76934	556	414	243	241	75480	138405192679024	138405187447824	120
XCHTIME	0	0	0	0	0	0	0	0	0	0	0	0
XCHTIME	29	4	18	943506	525	373	253	550	941805	138405192679024	138405187447824	120
XCHTIME	0	0	0	0	0	0	0	0	0	0	0	0
XCHTIME	29	4	11	55335	622	445	235	337	53696	138405192679024	138405187447824	120
XCHTIME	0	0	0	0	0	0	0	0	0	0	0	0
XCHTIME	29	4	14	207079	607	337	220	412	205503	138405192679024	138405187447824	120
XCHTIME	0	0	0	0	0	0	0	0	0	0	0	0
XCHTIME	29	4	13	390662	558	310	223	432	389139	138405192679024	138405187447824	120
XCHTIME	0	0	0	0	0	0	0	0	0	0	0	0
XCHTIME	29	4	16	3917701	551	330	634	513	3915673	138405192679024	138405187447824	120
XCHTIME	0	0	0	0	0	0	0	0	0	0	0	0
XCHTIME	29	4	6	33095	881	749	217	198	31050	138405192679024	138405187447824	120
COUNTS	pointpack04	29	120	577	577
XCHTIME	0	0	0	0	0	0	0	0	0	0	0	0
XCHTIME	12	2	4	25550	820	905	153	97	23575	138405193199312	138405188161040	30
XCHTIME	0	0	0	0	0	0	0	0	0	0	0	0
XCHTIME	12	2	6	298036	345	482	93	202	296914	138405193199312	138405188161040	30
XCHTIME	0	0	0	0	0	0	0	0	0	0	0	0
XCHTIME	12	2	5	82322	424	416	90	138	81254	138405193199312	138405188161040	30
XCHTIME	0	0	0	0	0	0	0	0	0	0	0	0
XCHTIME	12	4	18	331955	352	288	127	460	330728	138405193199312	138405188161040	30
LADGATE	12	10000	0.103	1
XCHTIME	0	0	0	0	0	0	0	0	0	0	0	0
XCHTIME	12	5	26	339021	415	349	226	797	337234	138405193199312	138405188161040	30
XCHTIME	0	0	0	0	0	0	0	0	0	0	0	0
XCHTIME	12	4	33	272915	365	313	118	836	271283	138405193199312	138405188161040	30
XCHTIME	0	0	0	0	0	0	0	0	0	0	0	0
XCHTIME	12	4	15	91425	375	262	119	319	90350	138405193199312	138405188161040	30
XCHTIME	0	0	0	0	0	0	0	0	0	0	0	0
XCHTIME	12	4	10	42715	364	248	139	211	41753	138405193199312	138405188161040	30
XCHTIME	0	0	0	0	0	0	0	0	0	0	0	0
XCHTIME	12	4	18	311469	292	203	123	432	310419	138405193199312	138405188161040	30
XCHTIME	0	0	0	0	0	0	0	0	0	0	0	0
XCHTIME	12	4	11	26998	345	295	116	239	26003	138405193199312	138405188161040	30
XCHTIME	0	0	0	0	0	0	0	0	0	0	0	0
XCHTIME	12	4	14	155645	253	215	114	309	154754	138405193199312	138405188161040	30
XCHTIME	0	0	0	0	0	0	0	0	0	0	0	0
XCHTIME	12	4	13	309037	310	214	127	288	308098	138405193199312	138405188161040	30
XCHTIME	0	0	0	0	0	0	0	0	0	0	0	0
XCHTIME	12	4	16	441494	310	209	120	478	440377	138405193199312	138405188161040	30
XCHTIME	0	0	0	0	0	0	0	0	0	0	0	0
XCHTIME	12	4	6	17951	325	241	113	139	17133	138405193199312	138405188161040	30
COUNTS	st_e22	12	30	77	70
XCHTIME	0	0	0	0	0	0	0	0	0	0	0	0
XCHTIME	16678	0	0	20811838	10696050	10115788	0	0	0	138405207400064	138405202486016	82242
XCHTIME	0	0	0	0	0	0	0	0	0	0	0	0
XCHTIME	16678	1	0	23098016	10278072	9907055	1658310	0	1254579	138405207400064	138405202486016	82242
XCHTIME	0	0	0	0	0	0	0	0	0	0	0	0
XCHTIME	16678	1	0	22067185	10280281	9858232	1676657	0	252015	138405207400064	138405202486016	82242
XCHTIME	0	0	0	0	0	0	0	0	0	0	0	0
XCHTIME	16678	1	0	26903254	10219857	9838233	1641905	0	5203259	138405207400064	138405202486016	82242
LADGATE	16678	10000	0.511	0
XCHTIME	0	0	0	0	0	0	0	0	0	0	0	0
XCHTIME	16678	5	26	125125696	10346045	9808735	8411428	17574	96541914	138405207400064	138405202486016	82242
XCHTIME	0	0	0	0	0	0	0	0	0	0	0	0
XCHTIME	16678	1	0	23327324	10443897	9981505	1639153	0	1262769	138405207400064	138405202486016	82242
XCHTIME	0	0	0	0	0	0	0	0	0	0	0	0
XCHTIME	16678	1	0	23344142	10443126	9997252	1657263	0	1246501	138405207400064	138405202486016	82242
XCHTIME	0	0	0	0	0	0	0	0	0	0	0	0
XCHTIME	16678	1	0	27088899	10303882	9907892	1647705	0	5229420	138405207400064	138405202486016	82242
XCHTIME	0	0	0	0	0	0	0	0	0	0	0	0
XCHTIME	16678	1	0	27253694	10364250	10058273	1691845	0	5139326	138405207400064	138405202486016	82242
XCHTIME	0	0	0	0	0	0	0	0	0	0	0	0
XCHTIME	16678	1	0	27657635	10345326	10152344	1658023	0	5501942	138405207400064	138405202486016	82242
XCHTIME	0	0	0	0	0	0	0	0	0	0	0	0
XCHTIME	16678	1	0	27510638	10501990	10003724	1678512	0	5326412	138405207400064	138405202486016	82242
XCHTIME	0	0	0	0	0	0	0	0	0	0	0	0
XCHTIME	16678	1	0	27844321	10758324	10083074	1684718	0	5318205	138405207400064	138405202486016	82242
XCHTIME	0	0	0	0	0	0	0	0	0	0	0	0
XCHTIME	16678	1	0	27317922	10481749	9931513	1663926	0	5240734	138405207400064	138405202486016	82242
XCHTIME	0	0	0	0	0	0	0	0	0	0	0	0
XCHTIME	16678	1	0	27302123	10431774	9826998	1664523	0	5378828	138405207400064	138405202486016	82242
LIFT	faclay30	16678	8556	65998	8556
COUNTS	faclay30	16678	82242	13452923	12850431
XCHTIME	0	0	0	0	0	0	0	0	0	0	0	0
XCHTIME	4432	1	0	2130255	376191	157682	141773	0	1454609	138405200209920	138405200245392	11248
XCHTIME	0	0	0	0	0	0	0	0	0	0	0	0
XCHTIME	4432	1	0	3123231	341868	141973	141548	0	2497842	138405200209920	138405200245392	11248
XCHTIME	0	0	0	0	0	0	0	0	0	0	0	0
XCHTIME	4432	1	0	2777212	374850	149771	148778	0	2103813	138405200209920	138405200245392	11248
XCHTIME	0	0	0	0	0	0	0	0	0	0	0	0
XCHTIME	4432	1	0	10924402	346861	154148	153321	0	10270072	138405200209920	138405200245392	11248
LADGATE	4432	10000	0.426	1
XCHTIME	0	0	0	0	0	0	0	0	0	0	0	0
XCHTIME	4432	5	26	48016061	368897	163327	775032	6754	46702051	138405200209920	138405200245392	11248
XCHTIME	0	0	0	0	0	0	0	0	0	0	0	0
XCHTIME	4432	1	0	4631022	364946	159024	141430	0	3965622	138405200209920	138405200245392	11248
XCHTIME	0	0	0	0	0	0	0	0	0	0	0	0
XCHTIME	4432	2	4	5321325	343800	149095	295590	1482	4531358	138405200209920	138405200245392	11248
XCHTIME	0	0	0	0	0	0	0	0	0	0	0	0
XCHTIME	4432	4	10	9008987	326873	144918	567795	2753	7966648	138405200209920	138405200245392	11248
XCHTIME	0	0	0	0	0	0	0	0	0	0	0	0
XCHTIME	4432	1	0	10672798	333658	145088	151498	0	10042554	138405200209920	138405200245392	11248
XCHTIME	0	0	0	0	0	0	0	0	0	0	0	0
XCHTIME	4432	4	11	8317972	344119	163750	678172	3318	7128613	138405200209920	138405200245392	11248
XCHTIME	0	0	0	0	0	0	0	0	0	0	0	0
XCHTIME	4432	3	12	10345664	352107	146845	468071	2642	9375999	138405200209920	138405200245392	11248
XCHTIME	0	0	0	0	0	0	0	0	0	0	0	0
XCHTIME	4432	2	4	10649867	347931	157120	298541	960	9845315	138405200209920	138405200245392	11248
XCHTIME	0	0	0	0	0	0	0	0	0	0	0	0
XCHTIME	4432	1	0	9514627	339142	145823	141743	0	8887919	138405200209920	138405200245392	11248
XCHTIME	0	0	0	0	0	0	0	0	0	0	0	0
XCHTIME	4432	4	6	7650456	361152	163021	565536	2037	6558710	138405200209920	138405200245392	11248
LIFT	arki0002	4432	2608	9424	2608
COUNTS	arki0002	4432	11248	683476	667374
XCHTIME	0	0	0	0	0	0	0	0	0	0	0	0
XCHTIME	11659	1	0	5038890	2804449	882255	901690	0	450496	138405215611936	138405215705232	48446
XCHTIME	0	0	0	0	0	0	0	0	0	0	0	0
XCHTIME	11659	1	0	5700845	2697248	904669	885166	0	1213762	138405215611936	138405215705232	48446
XCHTIME	0	0	0	0	0	0	0	0	0	0	0	0
XCHTIME	11659	1	0	5434145	2712173	905771	937671	0	878530	138405215611936	138405215705232	48446
XCHTIME	0	0	0	0	0	0	0	0	0	0	0	0
XCHTIME	11659	1	0	13269609	2740827	868671	885477	0	8774634	138405215611936	138405215705232	48446
LADGATE	11659	10000	0.727	0
XCHTIME	0	0	0	0	0	0	0	0	0	0	0	0
XCHTIME	11659	5	26	309231615	2807040	917762	4850373	11532	300644908	138405215611936	138405215705232	48446
XCHTIME	0	0	0	0	0	0	0	0	0	0	0	0
XCHTIME	11659	1	0	8193260	2771710	957601	928209	0	3535740	138405215611936	138405215705232	48446
XCHTIME	0	0	0	0	0	0	0	0	0	0	0	0
XCHTIME	11659	1	0	8667544	2835557	942703	967674	0	3921610	138405215611936	138405215705232	48446
XCHTIME	0	0	0	0	0	0	0	0	0	0	0	0
XCHTIME	11659	1	0	17088797	3493573	1105227	1149670	0	11340327	138405215611936	138405215705232	48446
XCHTIME	0	0	0	0	0	0	0	0	0	0	0	0
XCHTIME	11659	1	0	13813127	2807901	933015	989956	0	9082255	138405215611936	138405215705232	48446
XCHTIME	0	0	0	0	0	0	0	0	0	0	0	0
XCHTIME	11659	1	0	13408671	2919174	935283	919306	0	8634908	138405215611936	138405215705232	48446
XCHTIME	0	0	0	0	0	0	0	0	0	0	0	0
XCHTIME	11659	1	0	14442390	2833580	919075	881533	0	9808202	138405215611936	138405215705232	48446
XCHTIME	0	0	0	0	0	0	0	0	0	0	0	0
XCHTIME	11659	1	0	13792319	2658423	865582	895082	0	9373232	138405215611936	138405215705232	48446
XCHTIME	0	0	0	0	0	0	0	0	0	0	0	0
XCHTIME	11659	1	0	12367755	2749869	884007	898827	0	7835052	138405215611936	138405215705232	48446
XCHTIME	0	0	0	0	0	0	0	0	0	0	0	0
XCHTIME	11659	1	0	12386808	2753899	883389	881624	0	7867896	138405215611936	138405215705232	48446
LIFT	transswitch0300p	11659	6750	41276	6750
COUNTS	transswitch0300p	11659	48446	404940	375245
LADGATE	30660	10000	0.760	0
LIFT	crudeoil_pooling_dt3	30660	15957	134914	15957
COUNTS	crudeoil_pooling_dt3	30660	152210	48975085	34772719
XCHTIME	0	0	0	0	0	0	0	0	0	0	0	0
XCHTIME	22536	0	0	0	0	0	0	0	0	138404987479744	138404987660048	75636
XCHTIME	0	0	0	0	0	0	0	0	0	0	0	0
XCHTIME	22536	0	0	35579553	18488974	17090579	0	0	0	138404987479744	138404987660048	75636
XCHTIME	0	0	0	0	0	0	0	0	0	0	0	0
XCHTIME	22536	0	0	0	0	0	0	0	0	138404987479744	138404987660048	75636
XCHTIME	0	0	0	0	0	0	0	0	0	0	0	0
XCHTIME	22536	1	0	42422682	18508118	17106814	3056962	0	3750788	138404987479744	138404987660048	75636
LADGATE	22536	10000	0.639	0
XCHTIME	0	0	0	0	0	0	0	0	0	0	0	0
XCHTIME	22536	5	26	188339958	18657057	17250546	16311699	20183	136100473	138404987479744	138404987660048	75636
XCHTIME	0	0	0	0	0	0	0	0	0	0	0	0
XCHTIME	22536	0	0	36733710	19205231	17528479	0	0	0	138404987479744	138404987660048	75636
XCHTIME	0	0	0	0	0	0	0	0	0	0	0	0
XCHTIME	22536	0	0	36392889	18827456	17565433	0	0	0	138404987479744	138404987660048	75636
XCHTIME	0	0	0	0	0	0	0	0	0	0	0	0
XCHTIME	22536	1	0	42349061	18684073	17575578	3187127	0	2902283	138404987479744	138404987660048	75636
XCHTIME	0	0	0	0	0	0	0	0	0	0	0	0
XCHTIME	22536	1	0	43085137	18655886	17634745	3070638	0	3723868	138404987479744	138404987660048	75636
XCHTIME	0	0	0	0	0	0	0	0	0	0	0	0
XCHTIME	22536	1	0	42818669	18905909	17692353	3115947	0	3104460	138404987479744	138404987660048	75636
XCHTIME	0	0	0	0	0	0	0	0	0	0	0	0
XCHTIME	22536	1	0	43472855	18842517	17729831	3220022	0	3680485	138404987479744	138404987660048	75636
XCHTIME	0	0	0	0	0	0	0	0	0	0	0	0
XCHTIME	22536	1	0	43419660	18888719	17666121	3125774	0	3739046	138404987479744	138404987660048	75636
XCHTIME	0	0	0	0	0	0	0	0	0	0	0	0
XCHTIME	22536	1	0	42543133	18851758	17242048	3192637	0	3256690	138404987479744	138404987660048	75636
XCHTIME	0	0	0	0	0	0	0	0	0	0	0	0
XCHTIME	22536	1	0	42013577	19025712	17216317	3089971	0	2681577	138404987479744	138404987660048	75636
LIFT	gasprod_sarawak81	22536	12902	61066	12902
COUNTS	gasprod_sarawak81	22536	75636	1030380	939449
XCHTIME	0	0	0	0	0	0	0	0	0	0	0	0
XCHTIME	660	2	4	2510533	38068	3363	3405	1613	2464084	138405188393392	138405207533504	29646
XCHTIME	0	0	0	0	0	0	0	0	0	0	0	0
XCHTIME	660	1	0	10114053	37316	2135	1515	0	10073087	138405188393392	138405207533504	29646
XCHTIME	0	0	0	0	0	0	0	0	0	0	0	0
XCHTIME	660	2	5	7040022	38385	3039	3428	1927	6993243	138405188393392	138405207533504	29646
XCHTIME	0	0	0	0	0	0	0	0	0	0	0	0
XCHTIME	660	2	5	19975317	38056	2912	4206	1847	19928296	138405188393392	138405207533504	29646
LADGATE	660	10000	0.394	1
XCHTIME	0	0	0	0	0	0	0	0	0	0	0	0
XCHTIME	660	4	10	4919286	37491	2132	6490	3558	4869615	138405188393392	138405207533504	29646
XCHTIME	0	0	0	0	0	0	0	0	0	0	0	0
XCHTIME	660	1	0	9580472	39935	3597	1596	0	9535344	138405188393392	138405207533504	29646
XCHTIME	0	0	0	0	0	0	0	0	0	0	0	0
XCHTIME	660	4	15	8252468	41261	3101	7702	5753	8194651	138405188393392	138405207533504	29646
XCHTIME	0	0	0	0	0	0	0	0	0	0	0	0
XCHTIME	660	4	10	4962292	38656	2471	7960	3679	4909526	138405188393392	138405207533504	29646
XCHTIME	0	0	0	0	0	0	0	0	0	0	0	0
XCHTIME	660	2	5	20088521	38666	2477	4424	2231	20040723	138405188393392	138405207533504	29646
XCHTIME	0	0	0	0	0	0	0	0	0	0	0	0
XCHTIME	660	4	11	3434041	40722	3065	6562	3995	3379697	138405188393392	138405207533504	29646
XCHTIME	0	0	0	0	0	0	0	0	0	0	0	0
XCHTIME	660	4	14	15880315	37416	1966	7126	5084	15828723	138405188393392	138405207533504	29646
XCHTIME	0	0	0	0	0	0	0	0	0	0	0	0
XCHTIME	660	3	12	19658243	38256	2252	6961	4563	19606211	138405188393392	138405207533504	29646
XCHTIME	0	0	0	0	0	0	0	0	0	0	0	0
XCHTIME	660	1	0	19378931	37924	2367	1497	0	19337143	138405188393392	138405207533504	29646
XCHTIME	0	0	0	0	0	0	0	0	0	0	0	0
XCHTIME	660	4	6	2928940	39919	3038	7526	2699	2875758	138405188393392	138405207533504	29646
LIFT	maxcsp-langford-3-11	660	627	41846	627
COUNTS	maxcsp-langford-3-11	660	29646	33444033	10360919
XCHTIME	0	0	0	0	0	0	0	0	0	0	0	0
XCHTIME	1543	2	4	2369804	30269	6134	13248	435	2319718	138405208512960	138405188398688	5224
XCHTIME	0	0	0	0	0	0	0	0	0	0	0	0
XCHTIME	1543	2	6	6748191	32259	6909	23283	694	6685046	138405208512960	138405188398688	5224
XCHTIME	0	0	0	0	0	0	0	0	0	0	0	0
XCHTIME	1543	2	5	4743638	37102	11157	15309	555	4679515	138405208512960	138405188398688	5224
XCHTIME	0	0	0	0	0	0	0	0	0	0	0	0
XCHTIME	1543	4	18	13494677	38857	12520	61653	2157	13379490	138405208512960	138405188398688	5224
LADGATE	1543	10000	0.354	1
XCHTIME	0	0	0	0	0	0	0	0	0	0	0	0
XCHTIME	1543	5	26	21896198	31369	7526	70604	2639	21784060	138405208512960	138405188398688	5224
XCHTIME	0	0	0	0	0	0	0	0	0	0	0	0
XCHTIME	1543	2	19	5652274	41848	12339	26447	1415	5570225	138405208512960	138405188398688	5224
XCHTIME	0	0	0	0	0	0	0	0	0	0	0	0
XCHTIME	1543	4	15	6068794	31293	7147	33140	1397	5995817	138405208512960	138405188398688	5224
XCHTIME	0	0	0	0	0	0	0	0	0	0	0	0
XCHTIME	1543	4	10	4636318	31528	7079	42780	980	4553951	138405208512960	138405188398688	5224
XCHTIME	0	0	0	0	0	0	0	0	0	0	0	0
XCHTIME	1543	4	18	13402912	34589	8035	52819	1803	13305666	138405208512960	138405188398688	5224
XCHTIME	0	0	0	0	0	0	0	0	0	0	0	0
XCHTIME	1543	4	11	2355131	36423	11083	36178	948	2270499	138405208512960	138405188398688	5224
XCHTIME	0	0	0	0	0	0	0	0	0	0	0	0
XCHTIME	1543	4	14	9444228	30722	6245	40708	1319	9365234	138405208512960	138405188398688	5224
XCHTIME	0	0	0	0	0	0	0	0	0	0	0	0
XCHTIME	1543	4	13	12766129	32544	7166	42229	1357	12682833	138405208512960	138405188398688	5224
XCHTIME	0	0	0	0	0	0	0	0	0	0	0	0
XCHTIME	1543	2	5	13138460	35267	10063	31429	573	13061128	138405208512960	138405188398688	5224
XCHTIME	0	0	0	0	0	0	0	0	0	0	0	0
XCHTIME	1543	4	6	1604031	42191	13767	28434	420	1519219	138405208512960	138405188398688	5224
LIFT	p_ball_30b_5p_2d_h	1543	999	4136	999
COUNTS	p_ball_30b_5p_2d_h	1543	5224	25843	25742
XCHTIME	0	0	0	0	0	0	0	0	0	0	0	0
XCHTIME	6709	1	0	2934695	851941	407243	399731	0	1275780	138405216639520	138405198815984	45220
XCHTIME	0	0	0	0	0	0	0	0	0	0	0	0
XCHTIME	6709	1	0	3600381	821789	412827	398925	0	1966840	138405216639520	138405198815984	45220
XCHTIME	0	0	0	0	0	0	0	0	0	0	0	0
XCHTIME	6709	1	0	3083906	871996	393738	399006	0	1419166	138405216639520	138405198815984	45220
XCHTIME	0	0	0	0	0	0	0	0	0	0	0	0
XCHTIME	6709	4	18	9308253	840542	400681	1665570	5628	6395832	138405216639520	138405198815984	45220
LADGATE	6709	10000	0.437	1
XCHTIME	0	0	0	0	0	0	0	0	0	0	0	0
XCHTIME	6709	5	26	13241387	829512	416982	1987624	15101	9992168	138405216639520	138405198815984	45220
XCHTIME	0	0	0	0	0	0	0	0	0	0	0	0
XCHTIME	6709	2	19	4771195	841213	409717	837149	3705	2679411	138405216639520	138405198815984	45220
XCHTIME	0	0	0	0	0	0	0	0	0	0	0	0
XCHTIME	6709	2	4	4604975	835906	419373	813554	1796	2534346	138405216639520	138405198815984	45220
XCHTIME	0	0	0	0	0	0	0	0	0	0	0	0
XCHTIME	6709	4	10	7869604	876904	402604	1619407	3802	4966887	138405216639520	138405198815984	45220
XCHTIME	0	0	0	0	0	0	0	0	0	0	0	0
XCHTIME	6709	4	18	9336372	875622	403199	1628182	4769	6424600	138405216639520	138405198815984	45220
XCHTIME	0	0	0	0	0	0	0	0	0	0	0	0
XCHTIME	6709	4	11	7892461	882080	401800	1635885	3917	4968779	138405216639520	138405198815984	45220
XCHTIME	0	0	0	0	0	0	0	0	0	0	0	0
XCHTIME	6709	4	14	8355750	890463	410322	1592542	4004	5458419	138405216639520	138405198815984	45220
XCHTIME	0	0	0	0	0	0	0	0	0	0	0	0
XCHTIME	6709	4	13	8718794	820908	392844	1574046	3790	5927206	138405216639520	138405198815984	45220
XCHTIME	0	0	0	0	0	0	0	0	0	0	0	0
XCHTIME	6709	3	15	10681544	909548	508835	1262901	3654	7996606	138405216639520	138405198815984	45220
XCHTIME	0	0	0	0	0	0	0	0	0	0	0	0
XCHTIME	6709	4	6	7873432	909540	468633	1601484	2299	4891476	138405216639520	138405198815984	45220
LIFT	ringpack_20_3	6709	3451	41284	3451
COUNTS	ringpack_20_3	6709	45220	2415136	865627
XCHTIME	0	0	0	0	0	0	0	0	0	0	0	0
XCHTIME	4825	1	0	2065674	437331	192642	174236	0	1261465	138405188065024	138405198291680	21504
XCHTIME	0	0	0	0	0	0	0	0	0	0	0	0
XCHTIME	4825	1	0	2877777	489034	208448	187189	0	1993106	138405188065024	138405198291680	21504
XCHTIME	0	0	0	0	0	0	0	0	0	0	0	0
XCHTIME	4825	1	0	2249920	420039	191660	180504	0	1457717	138405188065024	138405198291680	21504
XCHTIME	0	0	0	0	0	0	0	0	0	0	0	0
XCHTIME	4825	2	5	11388648	430587	191455	379219	1556	10385831	138405188065024	138405198291680	21504
LADGATE	4825	10000	0.644	1
XCHTIME	0	0	0	0	0	0	0	0	0	0	0	0
XCHTIME	4825	5	26	42777245	439156	178504	929457	7938	41222190	138405188065024	138405198291680	21504
XCHTIME	0	0	0	0	0	0	0	0	0	0	0	0
XCHTIME	4825	2	19	5241174	430545	201263	372959	4461	4231946	138405188065024	138405198291680	21504
XCHTIME	0	0	0	0	0	0	0	0	0	0	0	0
XCHTIME	4825	2	4	5459402	418569	182527	381126	1287	4475893	138405188065024	138405198291680	21504
XCHTIME	0	0	0	0	0	0	0	0	0	0	0	0
XCHTIME	4825	4	10	10072861	418001	172794	769372	3093	8709601	138405188065024	138405198291680	21504
XCHTIME	0	0	0	0	0	0	0	0	0	0	0	0
XCHTIME	4825	2	5	11317115	455209	178922	356406	1255	10325323	138405188065024	138405198291680	21504
XCHTIME	0	0	0	0	0	0	0	0	0	0	0	0
XCHTIME	4825	4	11	9564006	415449	188025	784948	3173	8172411	138405188065024	138405198291680	21504
XCHTIME	0	0	0	0	0	0	0	0	0	0	0	0
XCHTIME	4825	3	12	10129662	418950	173900	608600	2966	8925246	138405188065024	138405198291680	21504
XCHTIME	0	0	0	0	0	0	0	0	0	0	0	0
XCHTIME	4825	2	4	10909145	438122	183946	366591	1121	9919365	138405188065024	138405198291680	21504
XCHTIME	0	0	0	0	0	0	0	0	0	0	0	0
XCHTIME	4825	1	0	10411256	444824	184103	174764	0	9607565	138405188065024	138405198291680	21504
XCHTIME	0	0	0	0	0	0	0	0	0	0	0	0
XCHTIME	4825	4	6	9051935	428275	186583	740571	1756	7694750	138405188065024	138405198291680	21504
LIFT	waste	4825	2503	19260	2503
COUNTS	waste	4825	21504	1468261	1270649
XCHTIME	0	0	0	0	0	0	0	0	0	0	0	0
XCHTIME	2001	1	0	407281	61217	15047	12070	0	318947	138405196255616	138405199200000	11192
XCHTIME	0	0	0	0	0	0	0	0	0	0	0	0
XCHTIME	2001	1	0	6983168	55499	11567	11254	0	6904848	138405196255616	138405199200000	11192
XCHTIME	0	0	0	0	0	0	0	0	0	0	0	0
XCHTIME	2001	1	0	4548610	64228	20467	12730	0	4451185	138405196255616	138405199200000	11192
XCHTIME	0	0	0	0	0	0	0	0	0	0	0	0
XCHTIME	2001	1	0	13829568	62702	17562	12470	0	13736834	138405196255616	138405199200000	11192
LADGATE	2001	10000	0.281	1
XCHTIME	0	0	0	0	0	0	0	0	0	0	0	0
XCHTIME	2001	5	26	304244209	68615	16644	153820	5476	303999654	138405196255616	138405199200000	11192
XCHTIME	0	0	0	0	0	0	0	0	0	0	0	0
XCHTIME	2001	4	66	2804172	72505	24385	77383	7108	2622791	138405196255616	138405199200000	11192
XCHTIME	0	0	0	0	0	0	0	0	0	0	0	0
XCHTIME	2001	4	15	1855474	54363	9809	40474	1662	1749166	138405196255616	138405199200000	11192
XCHTIME	0	0	0	0	0	0	0	0	0	0	0	0
XCHTIME	2001	4	10	1534847	52514	9479	40632	1108	1431114	138405196255616	138405199200000	11192
XCHTIME	0	0	0	0	0	0	0	0	0	0	0	0
XCHTIME	2001	1	0	13800340	52668	9930	9980	0	13727762	138405196255616	138405199200000	11192
XCHTIME	0	0	0	0	0	0	0	0	0	0	0	0
XCHTIME	2001	4	11	1492636	64989	19953	57323	2342	1348029	138405196255616	138405199200000	11192
XCHTIME	0	0	0	0	0	0	0	0	0	0	0	0
XCHTIME	2001	1	0	11901974	55081	11350	11249	0	11824294	138405196255616	138405199200000	11192
XCHTIME	0	0	0	0	0	0	0	0	0	0	0	0
XCHTIME	2001	1	0	14411163	60807	15280	12033	0	14323043	138405196255616	138405199200000	11192
XCHTIME	0	0	0	0	0	0	0	0	0	0	0	0
XCHTIME	2001	1	0	13862373	70287	21401	13500	0	13757185	138405196255616	138405199200000	11192
XCHTIME	0	0	0	0	0	0	0	0	0	0	0	0
XCHTIME	2001	4	6	1454592	73352	28159	57767	1267	1294047	138405196255616	138405199200000	11192
LIFT	catmix400	2001	1998	11180	1998
COUNTS	catmix400	2001	11192	36373	36364
XCHTIME	0	0	0	0	0	0	0	0	0	0	0	0
XCHTIME	3054	2	4	2431236	132627	45140	97586	504	2155379	138405199652560	138405207955408	7968
XCHTIME	0	0	0	0	0	0	0	0	0	0	0	0
XCHTIME	3054	1	0	3799277	132728	44909	44917	0	3576723	138405199652560	138405207955408	7968
XCHTIME	0	0	0	0	0	0	0	0	0	0	0	0
XCHTIME	3054	1	0	3283716	136385	48090	45922	0	3053319	138405199652560	138405207955408	7968
XCHTIME	0	0	0	0	0	0	0	0	0	0	0	0
XCHTIME	3054	1	0	10471092	144389	49146	45164	0	10232393	138405199652560	138405207955408	7968
LADGATE	3054	10000	0.512	1
XCHTIME	0	0	0	0	0	0	0	0	0	0	0	0
XCHTIME	3054	5	26	52021505	149830	45828	298315	3876	51523656	138405199652560	138405207955408	7968
XCHTIME	0	0	0	0	0	0	0	0	0	0	0	0
XCHTIME	3054	1	0	5109298	161257	57518	41198	0	4849325	138405199652560	138405207955408	7968
XCHTIME	0	0	0	0	0	0	0	0	0	0	0	0
XCHTIME	3054	3	12	6642395	155211	49035	145200	1447	6291502	138405199652560	138405207955408	7968
XCHTIME	0	0	0	0	0	0	0	0	0	0	0	0
XCHTIME	3054	4	10	6786466	132156	44950	160525	1107	6447728	138405199652560	138405207955408	7968
XCHTIME	0	0	0	0	0	0	0	0	0	0	0	0
XCHTIME	3054	1	0	10391880	126694	35632	37309	0	10192245	138405199652560	138405207955408	7968
XCHTIME	0	0	0	0	0	0	0	0	0	0	0	0
XCHTIME	3054	4	11	5278801	142291	45026	187828	1674	4901982	138405199652560	138405207955408	7968
XCHTIME	0	0	0	0	0	0	0	0	0	0	0	0
XCHTIME	3054	4	14	12563387	142354	47381	211360	2008	12160284	138405199652560	138405207955408	7968
XCHTIME	0	0	0	0	0	0	0	0	0	0	0	0
XCHTIME	3054	2	4	11481272	137772	46239	100630	687	11195944	138405199652560	138405207955408	7968
XCHTIME	0	0	0	0	0	0	0	0	0	0	0	0
XCHTIME	3054	1	0	9285898	138588	46506	45546	0	9055258	138405199652560	138405207955408	7968
XCHTIME	0	0	0	0	0	0	0	0	0	0	0	0
XCHTIME	3054	4	6	4082207	143129	54309	206192	1187	3677390	138405199652560	138405207955408	7968
LIFT	rsyn0815m02hfsg	3054	1697	5478	1697
COUNTS	rsyn0815m02hfsg	3054	7968	44604	41384
XCHTIME	0	0	0	0	0	0	0	0	0	0	0	0
XCHTIME	1236	2	4	1289424	20996	3903	7929	211	1256385	138405196110352	138405199521472	4186
XCHTIME	0	0	0	0	0	0	0	0	0	0	0	0
XCHTIME	1236	1	0	6572708	20778	3836	3928	0	6544166	138405196110352	138405199521472	4186
XCHTIME	0	0	0	0	0	0	0	0	0	0	0	0
XCHTIME	1236	2	5	4366010	24862	5730	8616	315	4326487	138405196110352	138405199521472	4186
XCHTIME	0	0	0	0	0	0	0	0	0	0	0	0
XCHTIME	1236	3	15	13859789	21526	4270	17650	679	13815664	138405196110352	138405199521472	4186
LADGATE	1236	10000	0.297	1
XCHTIME	0	0	0	0	0	0	0	0	0	0	0	0
XCHTIME	1236	5	26	31080845	21669	4930	29197	1276	31023773	138405196110352	138405199521472	4186
XCHTIME	0	0	0	0	0	0	0	0	0	0	0	0
XCHTIME	1236	1	0	6546320	23955	6241	4213	0	6511911	138405196110352	138405199521472	4186
XCHTIME	0	0	0	0	0	0	0	0	0	0	0	0
XCHTIME	1236	4	15	4723333	25595	6964	19251	790	4670733	138405196110352	138405199521472	4186
XCHTIME	0	0	0	0	0	0	0	0	0	0	0	0
XCHTIME	1236	4	10	2393529	21852	5371	18067	464	2347775	138405196110352	138405199521472	4186
XCHTIME	0	0	0	0	0	0	0	0	0	0	0	0
XCHTIME	1236	3	15	13907635	21112	4861	18102	656	13862904	138405196110352	138405199521472	4186
XCHTIME	0	0	0	0	0	0	0	0	0	0	0	0
XCHTIME	1236	4	11	1681765	21768	6264	18061	464	1635208	138405196110352	138405199521472	4186
XCHTIME	0	0	0	0	0	0	0	0	0	0	0	0
XCHTIME	1236	4	14	8718439	21495	4377	23264	675	8668628	138405196110352	138405199521472	4186
XCHTIME	0	0	0	0	0	0	0	0	0	0	0	0
XCHTIME	1236	4	13	14758493	24907	5347	18911	771	14708557	138405196110352	138405199521472	4186
XCHTIME	0	0	0	0	0	0	0	0	0	0	0	0
XCHTIME	1236	2	5	14789861	21742	4532	18407	255	14744925	138405196110352	138405199521472	4186
XCHTIME	0	0	0	0	0	0	0	0	0	0	0	0
XCHTIME	1236	4	6	1136193	24256	8279	18653	285	1084720	138405196110352	138405199521472	4186
LIFT	p_ball_10b_7p_3d_h	1236	751	3216	751
COUNTS	p_ball_10b_7p_3d_h	1236	4186	24380	23744
XCHTIME	0	0	0	0	0	0	0	0	0	0	0	0
XCHTIME	1225	2	4	2320986	24725	4538	9320	424	2281979	138405188464240	138405216155808	3846
XCHTIME	0	0	0	0	0	0	0	0	0	0	0	0
XCHTIME	1225	1	0	7422501	23978	4257	4057	0	7390209	138405188464240	138405216155808	3846
XCHTIME	0	0	0	0	0	0	0	0	0	0	0	0
XCHTIME	1225	2	5	6115234	28750	6831	10899	596	6068158	138405188464240	138405216155808	3846
XCHTIME	0	0	0	0	0	0	0	0	0	0	0	0
XCHTIME	1225	2	5	15595277	26966	6189	12906	575	15548641	138405188464240	138405216155808	3846
LADGATE	1225	10000	0.614	1
XCHTIME	0	0	0	0	0	0	0	0	0	0	0	0
XCHTIME	1225	5	26	44534395	25099	5366	42147	3482	44458301	138405188464240	138405216155808	3846
XCHTIME	0	0	0	0	0	0	0	0	0	0	0	0
XCHTIME	1225	2	19	6336023	28336	6732	15358	1835	6283762	138405188464240	138405216155808	3846
XCHTIME	0	0	0	0	0	0	0	0	0	0	0	0
XCHTIME	1225	4	15	7755264	33519	7528	22509	1747	7689961	138405188464240	138405216155808	3846
XCHTIME	0	0	0	0	0	0	0	0	0	0	0	0
XCHTIME	1225	4	10	4621225	32311	8625	23750	1131	4555408	138405188464240	138405216155808	3846
XCHTIME	0	0	0	0	0	0	0	0	0	0	0	0
XCHTIME	1225	2	5	15591437	26787	5452	14555	757	15543886	138405188464240	138405216155808	3846
XCHTIME	0	0	0	0	0	0	0	0	0	0	0	0
XCHTIME	1225	4	11	3018992	28872	6064	18600	1085	2964371	138405188464240	138405216155808	3846
XCHTIME	0	0	0	0	0	0	0	0	0	0	0	0
XCHTIME	1225	4	14	11936327	24939	4683	27562	1494	11877649	138405188464240	138405216155808	3846
XCHTIME	0	0	0	0	0	0	0	0	0	0	0	0
XCHTIME	1225	4	13	16101711	32233	6960	28194	1876	16032448	138405188464240	138405216155808	3846
XCHTIME	0	0	0	0	0	0	0	0	0	0	0	0
XCHTIME	1225	1	0	13523908	25835	5348	4137	0	13488588	138405188464240	138405216155808	3846
XCHTIME	0	0	0	0	0	0	0	0	0	0	0	0
XCHTIME	1225	4	6	2109315	36722	11401	18638	720	2041834	138405188464240	138405216155808	3846
LIFT	chimera_k64ising-02	1225	772	3732	772
COUNTS	chimera_k64ising-02	1225	3846	613390	371142
XCHTIME	0	0	0	0	0	0	0	0	0	0	0	0
XCHTIME	3404	2	4	2233044	171189	60061	136330	934	1864530	138405199331088	138404987256448	11462
XCHTIME	0	0	0	0	0	0	0	0	0	0	0	0
XCHTIME	3404	1	0	2719467	169592	64115	89482	0	2396278	138405199331088	138404987256448	11462
XCHTIME	0	0	0	0	0	0	0	0	0	0	0	0
XCHTIME	3404	1	0	2863107	175543	65065	67471	0	2555028	138405199331088	138404987256448	11462
XCHTIME	0	0	0	0	0	0	0	0	0	0	0	0
XCHTIME	3404	3	15	11639982	191091	79971	227079	2804	11139037	138405199331088	138404987256448	11462
LADGATE	3404	10000	0.558	1
XCHTIME	0	0	0	0	0	0	0	0	0	0	0	0
XCHTIME	3404	5	26	19813383	174422	65062	373993	4704	19195202	138405199331088	138404987256448	11462
XCHTIME	0	0	0	0	0	0	0	0	0	0	0	0
XCHTIME	3404	2	19	5285716	192413	75472	155449	3613	4858769	138405199331088	138404987256448	11462
XCHTIME	0	0	0	0	0	0	0	0	0	0	0	0
XCHTIME	3404	4	15	5886622	174724	74684	262326	2679	5372209	138405199331088	138404987256448	11462
XCHTIME	0	0	0	0	0	0	0	0	0	0	0	0
XCHTIME	3404	4	10	5343690	208712	72717	307064	1884	4753313	138405199331088	138404987256448	11462
XCHTIME	0	0	0	0	0	0	0	0	0	0	0	0
XCHTIME	3404	3	15	11445142	144670	51906	208049	2766	11037751	138405199331088	138404987256448	11462
XCHTIME	0	0	0	0	0	0	0	0	0	0	0	0
XCHTIME	3404	4	11	4531671	173768	67721	234957	1665	4053560	138405199331088	138404987256448	11462
XCHTIME	0	0	0	0	0	0	0	0	0	0	0	0
XCHTIME	3404	4	14	8036552	227317	85243	332177	2280	7389535	138405199331088	138404987256448	11462
XCHTIME	0	0	0	0	0	0	0	0	0	0	0	0
XCHTIME	3404	4	13	11324176	222491	74263	306603	2491	10718328	138405199331088	138404987256448	11462
XCHTIME	0	0	0	0	0	0	0	0	0	0	0	0
XCHTIME	3404	1	0	9618129	224948	75471	60822	0	9256888	138405199331088	138404987256448	11462
XCHTIME	0	0	0	0	0	0	0	0	0	0	0	0
XCHTIME	3404	4	6	4418951	194179	78066	258088	1317	3887301	138405199331088	138404987256448	11462
LIFT	batchs121208m	3404	1725	8392	1725
COUNTS	batchs121208m	3404	11462	138030	128816
XCHTIME	0	0	0	0	0	0	0	0	0	0	0	0
XCHTIME	11	2	4	23988	754	438	92	118	22586	138405208512848	138405188161376	46
XCHTIME	0	0	0	0	0	0	0	0	0	0	0	0
XCHTIME	11	2	6	162759	352	309	79	258	161761	138405208512848	138405188161376	46
XCHTIME	0	0	0	0	0	0	0	0	0	0	0	0
XCHTIME	11	2	5	80039	417	319	66	183	79054	138405208512848	138405188161376	46
XCHTIME	0	0	0	0	0	0	0	0	0	0	0	0
XCHTIME	11	4	18	175069	407	299	124	579	173660	138405208512848	138405188161376	46
LADGATE	11	10000	0.112	1
XCHTIME	0	0	0	0	0	0	0	0	0	0	0	0
XCHTIME	11	4	10	53544	467	459	138	295	52185	138405208512848	138405188161376	46
XCHTIME	0	0	0	0	0	0	0	0	0	0	0	0
XCHTIME	11	4	31	156628	383	294	155	1040	154756	138405208512848	138405188161376	46
XCHTIME	0	0	0	0	0	0	0	0	0	0	0	0
XCHTIME	11	4	15	51701	379	272	131	456	50463	138405208512848	138405188161376	46
XCHTIME	0	0	0	0	0	0	0	0	0	0	0	0
XCHTIME	11	4	10	46908	317	221	109	266	45995	138405208512848	138405188161376	46
XCHTIME	0	0	0	0	0	0	0	0	0	0	0	0
XCHTIME	11	4	18	177604	338	199	107	518	176442	138405208512848	138405188161376	46
XCHTIME	0	0	0	0	0	0	0	0	0	0	0	0
XCHTIME	11	4	11	29644	318	204	122	272	28728	138405208512848	138405188161376	46
XCHTIME	0	0	0	0	0	0	0	0	0	0	0	0
XCHTIME	11	4	14	122173	284	219	128	388	121154	138405208512848	138405188161376	46
XCHTIME	0	0	0	0	0	0	0	0	0	0	0	0
XCHTIME	11	4	13	234573	286	198	109	399	233581	138405208512848	138405188161376	46
XCHTIME	0	0	0	0	0	0	0	0	0	0	0	0
XCHTIME	11	4	16	224454	272	207	112	480	223383	138405208512848	138405188161376	46
XCHTIME	0	0	0	0	0	0	0	0	0	0	0	0
XCHTIME	11	4	6	18101	355	232	134	146	17234	138405208512848	138405188161376	46
COUNTS	nvs02	11	46	142	142
XCHTIME	0	0	0	0	0	0	0	0	0	0	0	0
XCHTIME	191	2	4	336079	5650	776	737	223	328693	138405192653792	138405188103648	1416
XCHTIME	0	0	0	0	0	0	0	0	0	0	0	0
XCHTIME	191	2	6	2326595	3184	442	700	328	2321941	138405192653792	138405188103648	1416
XCHTIME	0	0	0	0	0	0	0	0	0	0	0	0
XCHTIME	191	2	5	790519	3112	794	488	273	785852	138405192653792	138405188103648	1416
XCHTIME	0	0	0	0	0	0	0	0	0	0	0	0
XCHTIME	191	4	18	4816240	2998	427	1145	976	4810694	138405192653792	138405188103648	1416
LADGATE	191	10000	0.255	1
XCHTIME	0	0	0	0	0	0	0	0	0	0	0	0
XCHTIME	191	5	26	6262755	3453	722	1277	1421	6255882	138405192653792	138405188103648	1416
XCHTIME	0	0	0	0	0	0	0	0	0	0	0	0
XCHTIME	191	4	66	470369	2743	435	933	3259	462999	138405192653792	138405188103648	1416
XCHTIME	0	0	0	0	0	0	0	0	0	0	0	0
XCHTIME	191	4	15	881666	3003	472	1066	803	876322	138405192653792	138405188103648	1416
XCHTIME	0	0	0	0	0	0	0	0	0	0	0	0
XCHTIME	191	4	10	594877	3074	448	964	551	589840	138405192653792	138405188103648	1416
XCHTIME	0	0	0	0	0	0	0	0	0	0	0	0
XCHTIME	191	4	18	4827088	2870	422	1148	1015	4821633	138405192653792	138405188103648	1416
XCHTIME	0	0	0	0	0	0	0	0	0	0	0	0
XCHTIME	191	4	11	331330	3273	700	932	605	325820	138405192653792	138405188103648	1416
XCHTIME	0	0	0	0	0	0	0	0	0	0	0	0
XCHTIME	191	4	14	1622410	2950	404	1192	759	1617105	138405192653792	138405188103648	1416
XCHTIME	0	0	0	0	0	0	0	0	0	0	0	0
XCHTIME	191	4	13	2848064	2971	441	1223	717	2842712	138405192653792	138405188103648	1416
XCHTIME	0	0	0	0	0	0	0	0	0	0	0	0
XCHTIME	191	4	16	16666185	3085	447	2339	1061	16659253	138405192653792	138405188103648	1416
XCHTIME	0	0	0	0	0	0	0	0	0	0	0	0
XCHTIME	191	4	6	174870	4054	871	904	356	168685	138405192653792	138405188103648	1416
LIFT	wastepaper6	191	156	1358	156
COUNTS	wastepaper6	191	1416	16611	16611
XCHTIME	0	0	0	0	0	0	0	0	0	0	0	0
XCHTIME	399	2	4	186458	9248	1461	1744	219	173786	138405192656816	138405199358336	1022
XCHTIME	0	0	0	0	0	0	0	0	0	0	0	0
XCHTIME	399	2	6	649085	4676	986	1672	322	641429	138405192656816	138405199358336	1022
XCHTIME	0	0	0	0	0	0	0	0	0	0	0	0
XCHTIME	399	2	5	275527	5008	1037	1629	208	267645	138405192656816	138405199358336	1022
XCHTIME	0	0	0	0	0	0	0	0	0	0	0	0
XCHTIME	399	4	18	1343054	4501	970	3192	755	1333636	138405192656816	138405199358336	1022
LADGATE	399	10000	0.247	1
XCHTIME	0	0	0	0	0	0	0	0	0	0	0	0
XCHTIME	399	5	26	1495044	5012	1306	3666	1145	1483915	138405192656816	138405199358336	1022
XCHTIME	0	0	0	0	0	0	0	0	0	0	0	0
XCHTIME	399	4	66	3129938	4557	1048	3836	2565	3117932	138405192656816	138405199358336	1022
XCHTIME	0	0	0	0	0	0	0	0	0	0	0	0
XCHTIME	399	4	15	426832	5558	1562	3163	571	415978	138405192656816	138405199358336	1022
XCHTIME	0	0	0	0	0	0	0	0	0	0	0	0
XCHTIME	399	4	10	313083	4754	989	3148	294	303898	138405192656816	138405199358336	1022
XCHTIME	0	0	0	0	0	0	0	0	0	0	0	0
XCHTIME	399	4	18	1342357	4876	901	2878	770	1332932	138405192656816	138405199358336	1022
XCHTIME	0	0	0	0	0	0	0	0	0	0	0	0
XCHTIME	399	4	11	252713	4754	1038	3069	531	243321	138405192656816	138405199358336	1022
XCHTIME	0	0	0	0	0	0	0	0	0	0	0	0
XCHTIME	399	4	14	577002	8824	1468	3129	609	562972	138405192656816	138405199358336	1022
XCHTIME	0	0	0	0	0	0	0	0	0	0	0	0
XCHTIME	399	4	13	828071	4598	983	2803	543	819144	138405192656816	138405199358336	1022
XCHTIME	0	0	0	0	0	0	0	0	0	0	0	0
XCHTIME	399	4	16	2092444	4690	1083	4018	788	2081865	138405192656816	138405199358336	1022
XCHTIME	0	0	0	0	0	0	0	0	0	0	0	0
XCHTIME	399	4	6	188118	5374	1404	3175	289	177876	138405192656816	138405199358336	1022
LIFT	syn15hfsg	399	221	666	221
COUNTS	syn15hfsg	399	1022	3300	3272
XCHTIME	0	0	0	0	0	0	0	0	0	0	0	0
XCHTIME	36	2	4	70267	1206	452	174	152	68283	138405193733488	138405199367120	246
XCHTIME	0	0	0	0	0	0	0	0	0	0	0	0
XCHTIME	36	2	6	700086	1216	291	190	309	698080	138405193733488	138405199367120	246
XCHTIME	0	0	0	0	0	0	0	0	0	0	0	0
XCHTIME	36	2	5	180293	884	404	132	188	178685	138405193733488	138405199367120	246
XCHTIME	0	0	0	0	0	0	0	0	0	0	0	0
XCHTIME	36	4	18	1327684	853	256	268	814	1325493	138405193733488	138405199367120	246
LADGATE	36	10000	0.163	1
XCHTIME	0	0	0	0	0	0	0	0	0	0	0	0
XCHTIME	36	5	26	1656498	1264	763	374	1031	1653066	138405193733488	138405199367120	246
XCHTIME	0	0	0	0	0	0	0	0	0	0	0	0
XCHTIME	36	4	64	7389	884	477	290	2473	3265	138405193733488	138405199367120	246
XCHTIME	0	0	0	0	0	0	0	0	0	0	0	0
XCHTIME	36	4	15	247203	721	244	273	513	245452	138405193733488	138405199367120	246
XCHTIME	0	0	0	0	0	0	0	0	0	0	0	0
XCHTIME	36	4	10	112289	1027	261	230	273	110498	138405193733488	138405199367120	246
XCHTIME	0	0	0	0	0	0	0	0	0	0	0	0
XCHTIME	36	4	18	1311790	843	232	260	710	1309745	138405193733488	138405199367120	246
XCHTIME	0	0	0	0	0	0	0	0	0	0	0	0
XCHTIME	36	4	11	75288	973	288	250	342	73435	138405193733488	138405199367120	246
XCHTIME	0	0	0	0	0	0	0	0	0	0	0	0
XCHTIME	36	4	14	355351	831	244	255	432	353589	138405193733488	138405199367120	246
XCHTIME	0	0	0	0	0	0	0	0	0	0	0	0
XCHTIME	36	4	13	718002	849	258	360	432	716103	138405193733488	138405199367120	246
XCHTIME	0	0	0	0	0	0	0	0	0	0	0	0
XCHTIME	36	4	16	4265994	916	247	372	828	4263631	138405193733488	138405199367120	246
XCHTIME	0	0	0	0	0	0	0	0	0	0	0	0
XCHTIME	36	4	6	45820	1684	953	388	276	42519	138405193733488	138405199367120	246
LIFT	st_jcbpaf2	36	23	220	23
COUNTS	st_jcbpaf2	36	246	1635	1543
COUNTS	camshape400	2000	7188	16768	16768
XCHTIME	0	0	0	0	0	0	0	0	0	0	0	0
XCHTIME	120	2	4	253577	5587	985	527	840	245638	138405186914864	138405208020960	2790
XCHTIME	0	0	0	0	0	0	0	0	0	0	0	0
XCHTIME	120	2	6	3277777	3852	410	521	1224	3271770	138405186914864	138405208020960	2790
XCHTIME	0	0	0	0	0	0	0	0	0	0	0	0
XCHTIME	120	2	5	927552	4333	739	377	1024	921079	138405186914864	138405208020960	2790
XCHTIME	0	0	0	0	0	0	0	0	0	0	0	0
XCHTIME	120	4	18	6171078	4092	568	844	3679	6161895	138405186914864	138405208020960	2790
LADGATE	120	10000	0.253	1
XCHTIME	0	0	0	0	0	0	0	0	0	0	0	0
XCHTIME	120	4	10	435880	4524	838	588	2069	427861	138405186914864	138405208020960	2790
XCHTIME	0	0	0	0	0	0	0	0	0	0	0	0
XCHTIME	120	4	66	541164	3902	471	485	10411	525895	138405186914864	138405208020960	2790
XCHTIME	0	0	0	0	0	0	0	0	0	0	0	0
XCHTIME	120	4	15	943441	3640	438	610	2984	935769	138405186914864	138405208020960	2790
XCHTIME	0	0	0	0	0	0	0	0	0	0	0	0
XCHTIME	120	4	10	420466	3773	443	607	2053	413590	138405186914864	138405208020960	2790
XCHTIME	0	0	0	0	0	0	0	0	0	0	0	0
XCHTIME	120	4	18	6147155	4003	386	657	3599	6138510	138405186914864	138405208020960	2790
XCHTIME	0	0	0	0	0	0	0	0	0	0	0	0
XCHTIME	120	4	11	229886	4216	505	529	2145	222491	138405186914864	138405208020960	2790
XCHTIME	0	0	0	0	0	0	0	0	0	0	0	0
XCHTIME	120	4	14	1741803	4039	424	621	2819	1733900	138405186914864	138405208020960	2790
XCHTIME	0	0	0	0	0	0	0	0	0	0	0	0
XCHTIME	120	4	13	3253482	4077	384	826	2589	3245606	138405186914864	138405208020960	2790
XCHTIME	0	0	0	0	0	0	0	0	0	0	0	0
XCHTIME	120	4	16	21134523	4076	446	1088	3322	21125591	138405186914864	138405208020960	2790
XCHTIME	0	0	0	0	0	0	0	0	0	0	0	0
XCHTIME	120	4	6	167292	4202	961	573	1236	160320	138405186914864	138405208020960	2790
LIFT	graphpart_clique-30	120	117	2784	117
COUNTS	graphpart_clique-30	120	2790	114505	91153
XCHTIME	0	0	0	0	0	0	0	0	0	0	0	0
XCHTIME	280	2	4	605429	21270	1463	1120	2453	579123	138405199588064	138405198586608	14910
XCHTIME	0	0	0	0	0	0	0	0	0	0	0	0
XCHTIME	280	2	6	8489327	20393	1593	1272	3526	8462543	138405199588064	138405198586608	14910
XCHTIME	0	0	0	0	0	0	0	0	0	0	0	0
XCHTIME	280	2	5	2486772	19834	1552	981	2944	2461461	138405199588064	138405198586608	14910
XCHTIME	0	0	0	0	0	0	0	0	0	0	0	0
XCHTIME	280	4	18	16502655	18955	1185	2464	10499	16469552	138405199588064	138405198586608	14910
LADGATE	280	10000	0.209	1
XCHTIME	0	0	0	0	0	0	0	0	0	0	0	0
XCHTIME	280	4	10	1149770	18580	1628	1699	6263	1121600	138405199588064	138405198586608	14910
XCHTIME	0	0	0	0	0	0	0	0	0	0	0	0
XCHTIME	280	4	66	2646756	18074	1341	1530	32562	2593249	138405199588064	138405198586608	14910
XCHTIME	0	0	0	0	0	0	0	0	0	0	0	0
XCHTIME	280	4	15	2494570	18706	1582	1981	8996	2463305	138405199588064	138405198586608	14910
XCHTIME	0	0	0	0	0	0	0	0	0	0	0	0
XCHTIME	280	4	10	1183690	18212	1141	1778	5874	1156685	138405199588064	138405198586608	14910
XCHTIME	0	0	0	0	0	0	0	0	0	0	0	0
XCHTIME	280	4	18	16685540	18013	952	2379	10689	16653507	138405199588064	138405198586608	14910
XCHTIME	0	0	0	0	0	0	0	0	0	0	0	0
XCHTIME	280	4	11	775445	18477	1274	1899	6333	747462	138405199588064	138405198586608	14910
XCHTIME	0	0	0	0	0	0	0	0	0	0	0	0
XCHTIME	280	4	14	4726742	18744	1133	2388	8301	4696176	138405199588064	138405198586608	14910
XCHTIME	0	0	0	0	0	0	0	0	0	0	0	0
XCHTIME	280	4	13	8904540	18846	1465	1788	7636	8874805	138405199588064	138405198586608	14910
XCHTIME	0	0	0	0	0	0	0	0	0	0	0	0
XCHTIME	280	2	5	21371410	18283	1337	1339	3105	21347346	138405199588064	138405198586608	14910
XCHTIME	0	0	0	0	0	0	0	0	0	0	0	0
XCHTIME	280	4	6	614263	20602	1877	1517	3552	586715	138405199588064	138405198586608	14910
LIFT	graphpart_clique-70	280	277	14904	277
COUNTS	graphpart_clique-70	280	14910	1413012	1144894
COUNTS	smallinvDAXr1b010-011	39	1120	13510	13319
XCHTIME	0	0	0	0	0	0	0	0	0	0	0	0
XCHTIME	22074	0	0	0	0	0	0	0	0	138405203838432	138405204015040	60000
XCHTIME	0	0	0	0	0	0	0	0	0	0	0	0
XCHTIME	22074	0	0	37186761	18633454	18553307	0	0	0	138405203838432	138405204015040	60000
XCHTIME	0	0	0	0	0	0	0	0	0	0	0	0
XCHTIME	22074	0	0	36371262	18018200	18353062	0	0	0	138405203838432	138405204015040	60000
XCHTIME	0	0	0	0	0	0	0	0	0	0	0	0
XCHTIME	22074	1	0	43692495	18060902	18579241	2978603	0	4073749	138405203838432	138405204015040	60000
LADGATE	22074	10000	0.482	0
XCHTIME	0	0	0	0	0	0	0	0	0	0	0	0
XCHTIME	22074	5	26	163618410	17974980	18389169	15081992	18762	112153507	138405203838432	138405204015040	60000
XCHTIME	0	0	0	0	0	0	0	0	0	0	0	0
XCHTIME	22074	0	0	36710485	18177234	18533251	0	0	0	138405203838432	138405204015040	60000
XCHTIME	0	0	0	0	0	0	0	0	0	0	0	0
XCHTIME	22074	0	0	36473512	18061579	18411933	0	0	0	138405203838432	138405204015040	60000
XCHTIME	0	0	0	0	0	0	0	0	0	0	0	0
XCHTIME	22074	1	0	43793589	18420739	18506227	2988395	0	3878228	138405203838432	138405204015040	60000
XCHTIME	0	0	0	0	0	0	0	0	0	0	0	0
XCHTIME	22074	1	0	44042124	18258979	18736805	2995182	0	4051158	138405203838432	138405204015040	60000
XCHTIME	0	0	0	0	0	0	0	0	0	0	0	0
XCHTIME	22074	1	0	43376814	18160615	18524460	2960026	0	3731713	138405203838432	138405204015040	60000
XCHTIME	0	0	0	0	0	0	0	0	0	0	0	0
XCHTIME	22074	1	0	43712014	18141050	18691844	3009134	0	3869986	138405203838432	138405204015040	60000
XCHTIME	0	0	0	0	0	0	0	0	0	0	0	0
XCHTIME	22074	1	0	42898909	18281136	18407126	2968134	0	3242513	138405203838432	138405204015040	60000
XCHTIME	0	0	0	0	0	0	0	0	0	0	0	0
XCHTIME	22074	1	0	43759624	18236601	18571038	3028874	0	3923111	138405203838432	138405204015040	60000
XCHTIME	0	0	0	0	0	0	0	0	0	0	0	0
XCHTIME	22074	1	0	43575947	18211373	18719984	2950269	0	3694321	138405203838432	138405204015040	60000
LIFT	nd_netgen-2000-3-4-b-a-ns_7	22074	10074	36000	10074
COUNTS	nd_netgen-2000-3-4-b-a-ns_7	22074	60000	289420	272736
XCHTIME	0	0	0	0	0	0	0	0	0	0	0	0
XCHTIME	240	2	4	110480	5609	963	632	202	103074	138405188120048	138405200376480	720
XCHTIME	0	0	0	0	0	0	0	0	0	0	0	0
XCHTIME	240	2	6	455218	2354	570	674	285	451335	138405188120048	138405200376480	720
XCHTIME	0	0	0	0	0	0	0	0	0	0	0	0
XCHTIME	240	2	5	172378	2111	485	688	213	168881	138405188120048	138405200376480	720
XCHTIME	0	0	0	0	0	0	0	0	0	0	0	0
XCHTIME	240	4	18	861339	2070	382	1253	784	856850	138405188120048	138405200376480	720
LADGATE	240	10000	0.207	1
XCHTIME	0	0	0	0	0	0	0	0	0	0	0	0
XCHTIME	240	5	26	975232	2636	771	1764	1067	968994	138405188120048	138405200376480	720
XCHTIME	0	0	0	0	0	0	0	0	0	0	0	0
XCHTIME	240	3	57	7453235	2130	582	1351	2130	7447042	138405188120048	138405200376480	720
XCHTIME	0	0	0	0	0	0	0	0	0	0	0	0
XCHTIME	240	4	15	238415	2819	1036	1275	682	232603	138405188120048	138405200376480	720
XCHTIME	0	0	0	0	0	0	0	0	0	0	0	0
XCHTIME	240	4	10	179696	2264	580	1192	376	175284	138405188120048	138405200376480	720
XCHTIME	0	0	0	0	0	0	0	0	0	0	0	0
XCHTIME	240	4	18	887734	2208	578	1390	915	882643	138405188120048	138405200376480	720
XCHTIME	0	0	0	0	0	0	0	0	0	0	0	0
XCHTIME	240	4	11	137391	2218	522	1147	353	133151	138405188120048	138405200376480	720
XCHTIME	0	0	0	0	0	0	0	0	0	0	0	0
XCHTIME	240	4	14	325952	2123	405	1277	537	321610	138405188120048	138405200376480	720
XCHTIME	0	0	0	0	0	0	0	0	0	0	0	0
XCHTIME	240	4	13	387195	2225	490	1334	473	382673	138405188120048	138405200376480	720
XCHTIME	0	0	0	0	0	0	0	0	0	0	0	0
XCHTIME	240	4	16	3117203	2157	481	1820	1016	3111729	138405188120048	138405200376480	720
XCHTIME	0	0	0	0	0	0	0	0	0	0	0	0
XCHTIME	240	4	6	119964	3323	1131	1275	283	113952	138405188120048	138405200376480	720
LIFT	slay05m	240	100	440	100
COUNTS	slay05m	240	720	2635	2635
XCHTIME	0	0	0	0	0	0	0	0	0	0	0	0
XCHTIME	2031	1	0	3011720	64350	12366	11578	0	2923426	138405200168960	138405187785008	10964
XCHTIME	0	0	0	0	0	0	0	0	0	0	0	0
XCHTIME	2031	1	0	7497379	67376	14052	11661	0	7404290	138405200168960	138405187785008	10964
XCHTIME	0	0	0	0	0	0	0	0	0	0	0	0
XCHTIME	2031	1	0	5732422	75992	23095	12790	0	5620545	138405200168960	138405187785008	10964
XCHTIME	0	0	0	0	0	0	0	0	0	0	0	0
XCHTIME	2031	1	0	15388079	71007	20486	12559	0	15284027	138405200168960	138405187785008	10964
LADGATE	2031	10000	1.092	1
XCHTIME	0	0	0	0	0	0	0	0	0	0	0	0
XCHTIME	2031	5	26	151405869	68594	21646	166791	5462	151143376	138405200168960	138405187785008	10964
XCHTIME	0	0	0	0	0	0	0	0	0	0	0	0
XCHTIME	2031	1	0	6360581	79240	25493	13176	0	6242672	138405200168960	138405187785008	10964
XCHTIME	0	0	0	0	0	0	0	0	0	0	0	0
XCHTIME	2031	2	4	7080352	101956	26419	36515	1182	6914280	138405200168960	138405187785008	10964
XCHTIME	0	0	0	0	0	0	0	0	0	0	0	0
XCHTIME	2031	4	10	11975572	67120	17789	81560	2727	11806376	138405200168960	138405187785008	10964
XCHTIME	0	0	0	0	0	0	0	0	0	0	0	0
XCHTIME	2031	1	0	15791329	66285	14093	12358	0	15698593	138405200168960	138405187785008	10964
XCHTIME	0	0	0	0	0	0	0	0	0	0	0	0
XCHTIME	2031	4	11	7835805	76027	24571	70524	3249	7661434	138405200168960	138405187785008	10964
XCHTIME	0	0	0	0	0	0	0	0	0	0	0	0
XCHTIME	2031	2	4	15287819	66753	17696	39846	1081	15162443	138405200168960	138405187785008	10964
XCHTIME	0	0	0	0	0	0	0	0	0	0	0	0
XCHTIME	2031	1	0	15575933	69719	17856	12594	0	15475764	138405200168960	138405187785008	10964
XCHTIME	0	0	0	0	0	0	0	0	0	0	0	0
XCHTIME	2031	1	0	16387177	71473	20032	12431	0	16283241	138405200168960	138405187785008	10964
XCHTIME	0	0	0	0	0	0	0	0	0	0	0	0
XCHTIME	2031	4	6	5365459	80646	30204	64623	1388	5188598	138405200168960	138405187785008	10964
LIFT	chimera_selby-c16-01	2031	1517	13662	1517
COUNTS	chimera_selby-c16-01	2031	10964	3605628	2404634
XCHTIME	0	0	0	0	0	0	0	0	0	0	0	0
XCHTIME	110	2	4	118723	4502	720	369	172	112960	138405193234608	138405196120256	376
XCHTIME	0	0	0	0	0	0	0	0	0	0	0	0
XCHTIME	110	2	6	958171	1592	362	439	251	955527	138405193234608	138405196120256	376
XCHTIME	0	0	0	0	0	0	0	0	0	0	0	0
XCHTIME	110	2	5	422623	1721	527	302	193	419880	138405193234608	138405196120256	376
XCHTIME	0	0	0	0	0	0	0	0	0	0	0	0
XCHTIME	110	4	18	2119449	1496	442	709	654	2116148	138405193234608	138405196120256	376
LADGATE	110	10000	0.181	1
XCHTIME	0	0	0	0	0	0	0	0	0	0	0	0
XCHTIME	110	5	26	2766072	2301	958	784	1065	2760964	138405193234608	138405196120256	376
XCHTIME	0	0	0	0	0	0	0	0	0	0	0	0
XCHTIME	110	4	66	1445759	1377	552	1079	2094	1440657	138405193234608	138405196120256	376
XCHTIME	0	0	0	0	0	0	0	0	0	0	0	0
XCHTIME	110	4	15	370748	1909	900	573	453	366913	138405193234608	138405196120256	376
XCHTIME	0	0	0	0	0	0	0	0	0	0	0	0
XCHTIME	110	4	10	198641	1512	360	514	262	195993	138405193234608	138405196120256	376
XCHTIME	0	0	0	0	0	0	0	0	0	0	0	0
XCHTIME	110	4	18	2134727	1399	341	664	601	2131722	138405193234608	138405196120256	376
XCHTIME	0	0	0	0	0	0	0	0	0	0	0	0
XCHTIME	110	4	11	144849	1827	610	686	348	141378	138405193234608	138405196120256	376
XCHTIME	0	0	0	0	0	0	0	0	0	0	0	0
XCHTIME	110	4	14	703373	1465	398	567	486	700457	138405193234608	138405196120256	376
XCHTIME	0	0	0	0	0	0	0	0	0	0	0	0
XCHTIME	110	4	13	1233792	1552	392	589	416	1230843	138405193234608	138405196120256	376
XCHTIME	0	0	0	0	0	0	0	0	0	0	0	0
XCHTIME	110	4	16	8516888	1541	437	1427	595	8512888	138405193234608	138405196120256	376
XCHTIME	0	0	0	0	0	0	0	0	0	0	0	0
XCHTIME	110	4	6	77227	1847	895	509	187	73789	138405193234608	138405196120256	376
LIFT	csched1	110	30	100	30
COUNTS	csched1	110	376	975	975
XCHTIME	0	0	0	0	0	0	0	0	0	0	0	0
XCHTIME	1310	2	4	937784	63144	4295	8992	257	861096	138405187956288	138404988446496	37028
XCHTIME	0	0	0	0	0	0	0	0	0	0	0	0
XCHTIME	1310	2	6	8275820	63407	4105	13584	573	8194151	138405187956288	138404988446496	37028
XCHTIME	0	0	0	0	0	0	0	0	0	0	0	0
XCHTIME	1310	2	5	3638315	70840	6640	11107	805	3548923	138405187956288	138404988446496	37028
XCHTIME	0	0	0	0	0	0	0	0	0	0	0	0
XCHTIME	1310	3	15	17008971	69701	7864	26054	1333	16904019	138405187956288	138404988446496	37028
LADGATE	1310	10000	0.130	1
XCHTIME	0	0	0	0	0	0	0	0	0	0	0	0
XCHTIME	1310	4	10	1742028	65402	5945	19006	861	1650814	138405187956288	138404988446496	37028
XCHTIME	0	0	0	0	0	0	0	0	0	0	0	0
XCHTIME	1310	4	66	6127951	64342	5776	36053	3687	6018093	138405187956288	138404988446496	37028
XCHTIME	0	0	0	0	0	0	0	0	0	0	0	0
XCHTIME	1310	4	15	3682596	70603	5331	17701	985	3587976	138405187956288	138404988446496	37028
XCHTIME	0	0	0	0	0	0	0	0	0	0	0	0
XCHTIME	1310	4	10	1702076	67472	4420	17795	594	1611795	138405187956288	138404988446496	37028
XCHTIME	0	0	0	0	0	0	0	0	0	0	0	0
XCHTIME	1310	3	15	16838572	67471	4221	17587	1472	16747821	138405187956288	138404988446496	37028
XCHTIME	0	0	0	0	0	0	0	0	0	0	0	0
XCHTIME	1310	4	11	1256248	65019	6476	18052	655	1166046	138405187956288	138404988446496	37028
XCHTIME	0	0	0	0	0	0	0	0	0	0	0	0
XCHTIME	1310	4	14	7084259	67478	4321	19895	904	6991661	138405187956288	138404988446496	37028
XCHTIME	0	0	0	0	0	0	0	0	0	0	0	0
XCHTIME	1310	4	13	13004550	64856	6923	20211	993	12911567	138405187956288	138404988446496	37028
XCHTIME	0	0	0	0	0	0	0	0	0	0	0	0
XCHTIME	1310	1	0	18379648	63872	5800	4354	0	18305622	138405187956288	138404988446496	37028
XCHTIME	0	0	0	0	0	0	0	0	0	0	0	0
XCHTIME	1310	4	6	1038995	70255	11837	23958	468	932477	138405187956288	138404988446496	37028
LIFT	watercontamination0303r	1310	755	35918	755
COUNTS	watercontamination0303r	1310	37028	2171882	2171882
XCHTIME	0	0	0	0	0	0	0	0	0	0	0	0
XCHTIME	15	2	4	33541	783	559	172	198	31829	138405193243360	138405196125392	36
XCHTIME	0	0	0	0	0	0	0	0	0	0	0	0
XCHTIME	15	2	6	296966	423	303	83	192	295965	138405193243360	138405196125392	36
XCHTIME	0	0	0	0	0	0	0	0	0	0	0	0
XCHTIME	15	2	5	102796	409	273	88	142	101884	138405193243360	138405196125392	36
XCHTIME	0	0	0	0	0	0	0	0	0	0	0	0
XCHTIME	15	4	18	591409	406	263	158	530	590052	138405193243360	138405196125392	36
LADGATE	15	10000	0.116	1
XCHTIME	0	0	0	0	0	0	0	0	0	0	0	0
XCHTIME	15	5	26	615000	506	269	223	789	613213	138405193243360	138405196125392	36
XCHTIME	0	0	0	0	0	0	0	0	0	0	0	0
XCHTIME	15	4	39	7276	412	292	158	1146	5268	138405193243360	138405196125392	36
XCHTIME	0	0	0	0	0	0	0	0	0	0	0	0
XCHTIME	15	4	15	113948	305	223	132	420	112868	138405193243360	138405196125392	36
XCHTIME	0	0	0	0	0	0	0	0	0	0	0	0
XCHTIME	15	4	10	66831	373	218	130	280	65830	138405193243360	138405196125392	36
XCHTIME	0	0	0	0	0	0	0	0	0	0	0	0
XCHTIME	15	4	18	604134	414	206	137	577	602800	138405193243360	138405196125392	36
XCHTIME	0	0	0	0	0	0	0	0	0	0	0	0
XCHTIME	15	4	11	42564	473	280	155	314	41342	138405193243360	138405196125392	36
XCHTIME	0	0	0	0	0	0	0	0	0	0	0	0
XCHTIME	15	4	14	179808	379	229	130	390	178680	138405193243360	138405196125392	36
XCHTIME	0	0	0	0	0	0	0	0	0	0	0	0
XCHTIME	15	4	13	390289	380	249	131	368	389161	138405193243360	138405196125392	36
XCHTIME	0	0	0	0	0	0	0	0	0	0	0	0
XCHTIME	15	4	16	2282730	336	254	330	457	2281353	138405193243360	138405196125392	36
XCHTIME	0	0	0	0	0	0	0	0	0	0	0	0
XCHTIME	15	4	6	29269	441	747	253	173	27655	138405193243360	138405196125392	36
COUNTS	ex9_2_4	15	36	117	117
XCHTIME	0	0	0	0	0	0	0	0	0	0	0	0
XCHTIME	163	2	4	159304	4516	741	441	168	153438	138405192655344	138405196271648	440
XCHTIME	0	0	0	0	0	0	0	0	0	0	0	0
XCHTIME	163	2	6	1225043	1985	475	420	273	1221890	138405192655344	138405196271648	440
XCHTIME	0	0	0	0	0	0	0	0	0	0	0	0
XCHTIME	163	2	5	449186	1852	494	407	186	446247	138405192655344	138405196271648	440
XCHTIME	0	0	0	0	0	0	0	0	0	0	0	0
XCHTIME	163	4	18	2824662	1818	411	1000	699	2820734	138405192655344	138405196271648	440
LADGATE	163	10000	0.179	1
XCHTIME	0	0	0	0	0	0	0	0	0	0	0	0
XCHTIME	163	5	26	3298525	2033	476	1185	1093	3293738	138405192655344	138405196271648	440
XCHTIME	0	0	0	0	0	0	0	0	0	0	0	0
XCHTIME	163	4	66	1808134	1679	449	926	2112	1802968	138405192655344	138405196271648	440
XCHTIME	0	0	0	0	0	0	0	0	0	0	0	0
XCHTIME	163	4	15	475870	2778	865	1192	559	470476	138405192655344	138405196271648	440
XCHTIME	0	0	0	0	0	0	0	0	0	0	0	0
XCHTIME	163	4	10	279839	1836	525	954	313	276211	138405192655344	138405196271648	440
XCHTIME	0	0	0	0	0	0	0	0	0	0	0	0
XCHTIME	163	4	18	2811367	1857	656	1371	749	2806734	138405192655344	138405196271648	440
XCHTIME	0	0	0	0	0	0	0	0	0	0	0	0
XCHTIME	163	4	11	156050	2369	638	751	404	151888	138405192655344	138405196271648	440
XCHTIME	0	0	0	0	0	0	0	0	0	0	0	0
XCHTIME	163	4	14	788738	1669	394	873	483	785319	138405192655344	138405196271648	440
XCHTIME	0	0	0	0	0	0	0	0	0	0	0	0
XCHTIME	163	4	13	1414490	1736	382	863	498	1411011	138405192655344	138405196271648	440
XCHTIME	0	0	0	0	0	0	0	0	0	0	0	0
XCHTIME	163	4	16	7205083	1840	466	1780	787	7200210	138405192655344	138405196271648	440
XCHTIME	0	0	0	0	0	0	0	0	0	0	0	0
XCHTIME	163	4	6	113507	2565	1002	820	229	108891	138405192655344	138405196271648	440
LIFT	sssd15-04	163	47	240	47
COUNTS	sssd15-04	163	440	1625	1625
COUNTS	autocorr_bern35-35fix	38	1264	16214	16214
XCHTIME	0	0	0	0	0	0	0	0	0	0	0	0
XCHTIME	1491	2	4	1854301	28559	5719	11176	303	1808544	138405187933920	138405198729984	4500
XCHTIME	0	0	0	0	0	0	0	0	0	0	0	0
XCHTIME	1491	1	0	6398992	28365	5293	5552	0	6359782	138405187933920	138405198729984	4500
XCHTIME	0	0	0	0	0	0	0	0	0	0	0	0
XCHTIME	1491	2	5	5083853	36581	10735	15072	592	5020873	138405187933920	138405198729984	4500
XCHTIME	0	0	0	0	0	0	0	0	0	0	0	0
XCHTIME	1491	3	15	13529722	29984	7230	36902	1130	13454476	138405187933920	138405198729984	4500
LADGATE	1491	10000	0.337	1
XCHTIME	0	0	0	0	0	0	0	0	0	0	0	0
XCHTIME	1491	5	26	37464110	28819	6155	66465	2283	37360388	138405187933920	138405198729984	4500
XCHTIME	0	0	0	0	0	0	0	0	0	0	0	0
XCHTIME	1491	2	19	6597295	35036	11060	25281	1423	6524495	138405187933920	138405198729984	4500
XCHTIME	0	0	0	0	0	0	0	0	0	0	0	0
XCHTIME	1491	4	15	5621344	34479	8222	25123	1168	5552352	138405187933920	138405198729984	4500
XCHTIME	0	0	0	0	0	0	0	0	0	0	0	0
XCHTIME	1491	4	10	3459494	28324	5574	22977	818	3401801	138405187933920	138405198729984	4500
XCHTIME	0	0	0	0	0	0	0	0	0	0	0	0
XCHTIME	1491	3	15	13419659	28779	5749	39168	1148	13344815	138405187933920	138405198729984	4500
XCHTIME	0	0	0	0	0	0	0	0	0	0	0	0
XCHTIME	1491	4	11	2204496	34364	7491	28400	795	2133446	138405187933920	138405198729984	4500
XCHTIME	0	0	0	0	0	0	0	0	0	0	0	0
XCHTIME	1491	4	14	11226827	31369	7218	37184	1315	11149741	138405187933920	138405198729984	4500
XCHTIME	0	0	0	0	0	0	0	0	0	0	0	0
XCHTIME	1491	3	12	13292192	36726	8769	24265	1000	13221432	138405187933920	138405198729984	4500
XCHTIME	0	0	0	0	0	0	0	0	0	0	0	0
XCHTIME	1491	1	0	12808084	31733	8053	5889	0	12762409	138405187933920	138405198729984	4500
XCHTIME	0	0	0	0	0	0	0	0	0	0	0	0
XCHTIME	1491	4	6	1470577	40073	14779	26930	507	1388288	138405187933920	138405198729984	4500
LIFT	sfacloc2_4_90	1491	775	3282	775
COUNTS	sfacloc2_4_90	1491	4500	31682	28843
LIFT	cont6-qq	120395	79800	397602	79800
COUNTS	cont6-qq	120395	557994	835894090	581918900
XCHTIME	0	0	0	0	0	0	0	0	0	0	0	0
XCHTIME	5205	1	0	2641913	737563	936879	221990	0	745481	138404988829488	138405224380400	174804
XCHTIME	0	0	0	0	0	0	0	0	0	0	0	0
XCHTIME	5205	1	0	2249883	792809	237453	211330	0	1008291	138404988829488	138405224380400	174804
XCHTIME	0	0	0	0	0	0	0	0	0	0	0	0
XCHTIME	5205	1	0	1959859	749303	222019	226978	0	761559	138404988829488	138405224380400	174804
XCHTIME	0	0	0	0	0	0	0	0	0	0	0	0
XCHTIME	5205	2	5	5569683	693983	215638	445615	2046	4212401	138404988829488	138405224380400	174804
LADGATE	5205	10000	0.140	1
XCHTIME	0	0	0	0	0	0	0	0	0	0	0	0
XCHTIME	5205	4	10	9051127	735234	236587	847708	3539	7228059	138404988829488	138405224380400	174804
XCHTIME	0	0	0	0	0	0	0	0	0	0	0	0
XCHTIME	5205	1	0	4768332	733308	230431	221462	0	3583131	138404988829488	138405224380400	174804
XCHTIME	0	0	0	0	0	0	0	0	0	0	0	0
XCHTIME	5205	1	0	3022066	729550	232267	228688	0	1831561	138404988829488	138405224380400	174804
XCHTIME	0	0	0	0	0	0	0	0	0	0	0	0
XCHTIME	5205	2	3	4981444	773972	234951	464708	1207	3506606	138404988829488	138405224380400	174804
XCHTIME	0	0	0	0	0	0	0	0	0	0	0	0
XCHTIME	5205	2	5	5391824	718206	229351	434570	1515	4008182	138404988829488	138405224380400	174804
XCHTIME	0	0	0	0	0	0	0	0	0	0	0	0
XCHTIME	5205	2	3	5263623	746069	226225	427456	1281	3862592	138404988829488	138405224380400	174804
XCHTIME	0	0	0	0	0	0	0	0	0	0	0	0
XCHTIME	5205	2	4	5310177	732351	225405	428694	1593	3922134	138404988829488	138405224380400	174804
XCHTIME	0	0	0	0	0	0	0	0	0	0	0	0
XCHTIME	5205	2	4	6395561	725130	227062	433136	1675	5008558	138404988829488	138405224380400	174804
XCHTIME	0	0	0	0	0	0	0	0	0	0	0	0
XCHTIME	5205	2	5	7561928	737477	229703	475465	1734	6117549	138404988829488	138405224380400	174804
XCHTIME	0	0	0	0	0	0	0	0	0	0	0	0
XCHTIME	5205	2	3	5028065	669203	225263	419750	1151	3712698	138404988829488	138405224380400	174804
LIFT	meanvar-orl400_05_e_7	5205	2803	170000	2803
COUNTS	meanvar-orl400_05_e_7	5205	174804	21939414	21935811
XCHTIME	0	0	0	0	0	0	0	0	0	0	0	0
XCHTIME	10017	1	0	4519248	2166266	943620	964252	0	445110	138405253487424	138404988871152	49624
XCHTIME	0	0	0	0	0	0	0	0	0	0	0	0
XCHTIME	10017	1	0	5493167	2143500	944309	961101	0	1444257	138405253487424	138404988871152	49624
XCHTIME	0	0	0	0	0	0	0	0	0	0	0	0
XCHTIME	10017	1	0	4885175	2137792	942203	953378	0	851802	138405253487424	138404988871152	49624
XCHTIME	0	0	0	0	0	0	0	0	0	0	0	0
XCHTIME	10017	1	0	11823127	2136024	952517	936205	0	7798381	138405253487424	138404988871152	49624
LADGATE	10017	10000	0.332	0
XCHTIME	0	0	0	0	0	0	0	0	0	0	0	0
XCHTIME	10017	5	26	53688524	2177607	925534	4781009	17306	45787068	138405253487424	138404988871152	49624
XCHTIME	0	0	0	0	0	0	0	0	0	0	0	0
XCHTIME	10017	1	0	7614975	2166159	944568	931335	0	3572913	138405253487424	138404988871152	49624
XCHTIME	0	0	0	0	0	0	0	0	0	0	0	0
XCHTIME	10017	1	0	7106821	2162022	983183	1013886	0	2947730	138405253487424	138404988871152	49624
XCHTIME	0	0	0	0	0	0	0	0	0	0	0	0
XCHTIME	10017	2	3	11514430	2133213	954707	1941993	2952	6481565	138405253487424	138404988871152	49624
XCHTIME	0	0	0	0	0	0	0	0	0	0	0	0
XCHTIME	10017	1	0	11931028	2148414	929671	998313	0	7854630	138405253487424	138404988871152	49624
XCHTIME	0	0	0	0	0	0	0	0	0	0	0	0
XCHTIME	10017	2	3	11349671	2158690	944111	1889543	2804	6354523	138405253487424	138404988871152	49624
XCHTIME	0	0	0	0	0	0	0	0	0	0	0	0
XCHTIME	10017	1	0	11739583	2172301	927736	942646	0	7696900	138405253487424	138404988871152	49624
XCHTIME	0	0	0	0	0	0	0	0	0	0	0	0
XCHTIME	10017	1	0	12416103	2142552	934124	969573	0	8369854	138405253487424	138404988871152	49624
XCHTIME	0	0	0	0	0	0	0	0	0	0	0	0
XCHTIME	10017	1	0	12437214	2221470	946676	977556	0	8291512	138405253487424	138404988871152	49624
XCHTIME	0	0	0	0	0	0	0	0	0	0	0	0
XCHTIME	10017	2	3	11212019	2168538	919471	1926774	2647	6194589	138405253487424	138404988871152	49624
LIFT	glider400	10017	7609	43204	7609
COUNTS	glider400	10017	49624	373018	327407
XCHTIME	0	0	0	0	0	0	0	0	0	0	0	0
XCHTIME	4960	2	4	2741758	410431	191250	400163	1092	1738822	138405187966784	138405216693216	13792
XCHTIME	0	0	0	0	0	0	0	0	0	0	0	0
XCHTIME	4960	2	6	4737084	429442	225298	396263	1669	3684412	138405187966784	138405216693216	13792
XCHTIME	0	0	0	0	0	0	0	0	0	0	0	0
XCHTIME	4960	2	5	3723658	398377	199480	364489	1354	2759958	138405187966784	138405216693216	13792
XCHTIME	0	0	0	0	0	0	0	0	0	0	0	0
XCHTIME	4960	4	18	13108235	420074	198003	759786	5081	11725291	138405187966784	138405216693216	13792
LADGATE	4960	10000	0.615	1
XCHTIME	0	0	0	0	0	0	0	0	0	0	0	0
XCHTIME	4960	5	26	19987788	402630	183004	987521	7572	18407061	138405187966784	138405216693216	13792
XCHTIME	0	0	0	0	0	0	0	0	0	0	0	0
XCHTIME	4960	3	57	5786716	421589	197064	568842	10823	4588398	138405187966784	138405216693216	13792
XCHTIME	0	0	0	0	0	0	0	0	0	0	0	0
XCHTIME	4960	4	15	6878040	450023	218821	747925	4913	5456358	138405187966784	138405216693216	13792
XCHTIME	0	0	0	0	0	0	0	0	0	0	0	0
XCHTIME	4960	4	10	7036525	409983	190286	738598	3592	5694066	138405187966784	138405216693216	13792
XCHTIME	0	0	0	0	0	0	0	0	0	0	0	0
XCHTIME	4960	4	18	13166063	411358	193286	757426	4862	11799131	138405187966784	138405216693216	13792
XCHTIME	0	0	0	0	0	0	0	0	0	0	0	0
XCHTIME	4960	4	11	6444623	400849	207226	718012	3263	5115273	138405187966784	138405216693216	13792
XCHTIME	0	0	0	0	0	0	0	0	0	0	0	0
XCHTIME	4960	4	14	9160810	442017	196963	726174	4393	7791263	138405187966784	138405216693216	13792
XCHTIME	0	0	0	0	0	0	0	0	0	0	0	0
XCHTIME	4960	4	13	11605301	414983	199431	753086	4066	10233735	138405187966784	138405216693216	13792
XCHTIME	0	0	0	0	0	0	0	0	0	0	0	0
XCHTIME	4960	2	5	11307774	409493	198748	397542	1542	10300449	138405187966784	138405216693216	13792
XCHTIME	0	0	0	0	0	0	0	0	0	0	0	0
XCHTIME	4960	4	6	6081103	423407	193434	750828	2235	4711199	138405187966784	138405216693216	13792
LIFT	syn40m04m	4960	2524	9280	2524
COUNTS	syn40m04m	4960	13792	65982	63265
XCHTIME	0	0	0	0	0	0	0	0	0	0	0	0
XCHTIME	31	2	4	59668	1283	740	158	117	57370	138405186933200	138405199370208	72
XCHTIME	0	0	0	0	0	0	0	0	0	0	0	0
XCHTIME	31	2	6	319296	684	358	126	128	318000	138405186933200	138405199370208	72
XCHTIME	0	0	0	0	0	0	0	0	0	0	0	0
XCHTIME	31	2	5	126973	786	355	155	98	125579	138405186933200	138405199370208	72
XCHTIME	0	0	0	0	0	0	0	0	0	0	0	0
XCHTIME	31	4	18	608850	656	286	235	379	607294	138405186933200	138405199370208	72
LADGATE	31	10000	0.160	1
XCHTIME	0	0	0	0	0	0	0	0	0	0	0	0
XCHTIME	31	5	26	726806	1111	764	324	642	723965	138405186933200	138405199370208	72
XCHTIME	0	0	0	0	0	0	0	0	0	0	0	0
XCHTIME	31	4	59	144083	848	509	216	1612	140898	138405186933200	138405199370208	72
XCHTIME	0	0	0	0	0	0	0	0	0	0	0	0
XCHTIME	31	4	15	146432	694	367	216	320	144835	138405186933200	138405199370208	72
XCHTIME	0	0	0	0	0	0	0	0	0	0	0	0
XCHTIME	31	4	10	104950	635	492	212	196	103415	138405186933200	138405199370208	72
XCHTIME	0	0	0	0	0	0	0	0	0	0	0	0
XCHTIME	31	4	18	620075	534	248	291	386	618616	138405186933200	138405199370208	72
XCHTIME	0	0	0	0	0	0	0	0	0	0	0	0
XCHTIME	31	4	11	71507	916	574	265	236	69516	138405186933200	138405199370208	72
XCHTIME	0	0	0	0	0	0	0	0	0	0	0	0
XCHTIME	31	4	14	204813	635	212	214	279	203473	138405186933200	138405199370208	72
XCHTIME	0	0	0	0	0	0	0	0	0	0	0	0
XCHTIME	31	4	13	343748	696	230	325	281	342216	138405186933200	138405199370208	72
XCHTIME	0	0	0	0	0	0	0	0	0	0	0	0
XCHTIME	31	4	16	2598757	872	548	291	342	2596704	138405186933200	138405199370208	72
XCHTIME	0	0	0	0	0	0	0	0	0	0	0	0
XCHTIME	31	4	6	40113	1113	896	227	134	37743	138405186933200	138405199370208	72
COUNTS	ex2_1_3	31	72	189	189
XCHTIME	0	0	0	0	0	0	0	0	0	0	0	0
XCHTIME	705	2	4	1624414	114675	6852	3831	614	1498442	138405253679040	138405222283232	87496
XCHTIME	0	0	0	0	0	0	0	0	0	0	0	0
XCHTIME	705	2	6	9375356	111861	3191	4909	825	9254570	138405253679040	138405222283232	87496
XCHTIME	0	0	0	0	0	0	0	0	0	0	0	0
XCHTIME	705	2	5	4819360	119268	3208	5817	702	4690365	138405253679040	138405222283232	87496
XCHTIME	0	0	0	0	0	0	0	0	0	0	0	0
XCHTIME	705	3	15	18927248	128077	2492	8965	2206	18785508	138405253679040	138405222283232	87496
LADGATE	705	10000	0.505	1
XCHTIME	0	0	0	0	0	0	0	0	0	0	0	0
XCHTIME	705	4	10	3053939	113713	3836	7426	1315	2927649	138405253679040	138405222283232	87496
XCHTIME	0	0	0	0	0	0	0	0	0	0	0	0
XCHTIME	705	4	66	3879490	115809	5304	10047	15448	3732882	138405253679040	138405222283232	87496
XCHTIME	0	0	0	0	0	0	0	0	0	0	0	0
XCHTIME	705	4	15	5312100	113107	2728	10532	2000	5183733	138405253679040	138405222283232	87496
XCHTIME	0	0	0	0	0	0	0	0	0	0	0	0
XCHTIME	705	4	10	3035358	112778	3890	7437	1317	2909936	138405253679040	138405222283232	87496
XCHTIME	0	0	0	0	0	0	0	0	0	0	0	0
XCHTIME	705	3	15	18761858	109588	1852	7429	2065	18640924	138405253679040	138405222283232	87496
XCHTIME	0	0	0	0	0	0	0	0	0	0	0	0
XCHTIME	705	4	11	2617312	111457	3006	7412	1835	2493602	138405253679040	138405222283232	87496
XCHTIME	0	0	0	0	0	0	0	0	0	0	0	0
XCHTIME	705	4	14	9315473	111567	1805	7485	1940	9192676	138405253679040	138405222283232	87496
XCHTIME	0	0	0	0	0	0	0	0	0	0	0	0
XCHTIME	705	4	13	16727086	111205	3720	8339	1890	16601932	138405253679040	138405222283232	87496
XCHTIME	0	0	0	0	0	0	0	0	0	0	0	0
XCHTIME	705	1	0	18798313	111608	2435	1750	0	18682520	138405253679040	138405222283232	87496
XCHTIME	0	0	0	0	0	0	0	0	0	0	0	0
XCHTIME	705	4	6	2419821	117126	5363	9071	872	2287389	138405253679040	138405222283232	87496
LIFT	qapw	705	480	87046	480
COUNTS	qapw	705	87496	12183146	12183146
XCHTIME	0	0	0	0	0	0	0	0	0	0	0	0
XCHTIME	14	2	4	19211	753	538	114	146	17660	138405196413968	138405199587024	60
XCHTIME	0	0	0	0	0	0	0	0	0	0	0	0
XCHTIME	14	2	6	168108	449	332	91	177	167059	138405196413968	138405199587024	60
XCHTIME	0	0	0	0	0	0	0	0	0	0	0	0
XCHTIME	14	2	5	46787	397	317	80	137	45856	138405196413968	138405199587024	60
XCHTIME	0	0	0	0	0	0	0	0	0	0	0	0
XCHTIME	14	4	18	320454	363	277	136	547	319131	138405196413968	138405199587024	60
LADGATE	14	10000	0.111	1
XCHTIME	0	0	0	0	0	0	0	0	0	0	0	0
XCHTIME	14	4	10	39314	478	514	186	413	37723	138405196413968	138405199587024	60
XCHTIME	0	0	0	0	0	0	0	0	0	0	0	0
XCHTIME	14	4	37	1316742	410	303	151	1313	1314565	138405196413968	138405199587024	60
XCHTIME	0	0	0	0	0	0	0	0	0	0	0	0
XCHTIME	14	4	15	68397	599	405	134	463	66796	138405196413968	138405199587024	60
XCHTIME	0	0	0	0	0	0	0	0	0	0	0	0
XCHTIME	14	4	10	37361	445	302	127	292	36195	138405196413968	138405199587024	60
XCHTIME	0	0	0	0	0	0	0	0	0	0	0	0
XCHTIME	14	4	18	338702	396	272	130	640	337264	138405196413968	138405199587024	60
XCHTIME	0	0	0	0	0	0	0	0	0	0	0	0
XCHTIME	14	4	11	29346	462	290	127	343	28124	138405196413968	138405199587024	60
XCHTIME	0	0	0	0	0	0	0	0	0	0	0	0
XCHTIME	14	4	14	123962	393	213	137	411	122808	138405196413968	138405199587024	60
XCHTIME	0	0	0	0	0	0	0	0	0	0	0	0
XCHTIME	14	4	13	186820	380	246	128	389	185677	138405196413968	138405199587024	60
XCHTIME	0	0	0	0	0	0	0	0	0	0	0	0
XCHTIME	14	4	16	2007251	378	217	135	654	2005867	138405196413968	138405199587024	60
XCHTIME	0	0	0	0	0	0	0	0	0	0	0	0
XCHTIME	14	4	6	18636	501	351	193	226	17365	138405196413968	138405199587024	60
COUNTS	himmel11	14	60	198	198
XCHTIME	0	0	0	0	0	0	0	0	0	0	0	0
XCHTIME	1908	2	4	1883803	42656	9194	22066	312	1809575	138405216619088	138405216824304	5288
XCHTIME	0	0	0	0	0	0	0	0	0	0	0	0
XCHTIME	1908	2	6	6710125	43153	9129	38884	750	6618209	138405216619088	138405216824304	5288
XCHTIME	0	0	0	0	0	0	0	0	0	0	0	0
XCHTIME	1908	2	5	5139319	48185	15655	30510	526	5044443	138405216619088	138405216824304	5288
XCHTIME	0	0	0	0	0	0	0	0	0	0	0	0
XCHTIME	1908	3	15	13818246	55252	21726	63796	1790	13675682	138405216619088	138405216824304	5288
LADGATE	1908	10000	0.376	1
XCHTIME	0	0	0	0	0	0	0	0	0	0	0	0
XCHTIME	1908	5	26	34155276	46398	13220	125637	3376	33966645	138405216619088	138405216824304	5288
XCHTIME	0	0	0	0	0	0	0	0	0	0	0	0
XCHTIME	1908	2	19	6821040	73557	20420	45491	1476	6680096	138405216619088	138405216824304	5288
XCHTIME	0	0	0	0	0	0	0	0	0	0	0	0
XCHTIME	1908	4	15	5634795	49513	13368	42082	1210	5528622	138405216619088	138405216824304	5288
XCHTIME	0	0	0	0	0	0	0	0	0	0	0	0
XCHTIME	1908	4	10	3467532	43770	9263	41740	699	3372060	138405216619088	138405216824304	5288
XCHTIME	0	0	0	0	0	0	0	0	0	0	0	0
XCHTIME	1908	3	15	13981842	44985	9715	60785	2093	13864264	138405216619088	138405216824304	5288
XCHTIME	0	0	0	0	0	0	0	0	0	0	0	0
XCHTIME	1908	4	11	2566155	51584	18350	56219	1234	2438768	138405216619088	138405216824304	5288
XCHTIME	0	0	0	0	0	0	0	0	0	0	0	0
XCHTIME	1908	4	14	9197996	46177	13262	76309	1923	9060325	138405216619088	138405216824304	5288
XCHTIME	0	0	0	0	0	0	0	0	0	0	0	0
XCHTIME	1908	4	13	13935106	46897	11374	70444	1562	13804829	138405216619088	138405216824304	5288
XCHTIME	0	0	0	0	0	0	0	0	0	0	0	0
XCHTIME	1908	1	0	12197873	48810	14777	12264	0	12122022	138405216619088	138405216824304	5288
XCHTIME	0	0	0	0	0	0	0	0	0	0	0	0
XCHTIME	1908	4	6	1953915	59193	25411	60785	656	1807870	138405216619088	138405216824304	5288
LIFT	syn15m04m	1908	970	3540	970
COUNTS	syn15m04m	1908	5288	26094	25061
XCHTIME	0	0	0	0	0	0	0	0	0	0	0	0
XCHTIME	118	2	4	112064	3832	1137	409	170	106516	138405196419520	138405187945872	654
XCHTIME	0	0	0	0	0	0	0	0	0	0	0	0
XCHTIME	118	2	6	1122638	1876	425	357	151	1119829	138405196419520	138405187945872	654
XCHTIME	0	0	0	0	0	0	0	0	0	0	0	0
XCHTIME	118	2	5	248712	1896	528	297	121	245870	138405196419520	138405187945872	654
XCHTIME	0	0	0	0	0	0	0	0	0	0	0	0
XCHTIME	118	4	18	2180992	1900	357	637	553	2177545	138405196419520	138405187945872	654
LADGATE	118	10000	0.230	1
XCHTIME	0	0	0	0	0	0	0	0	0	0	0	0
XCHTIME	118	5	26	2659245	2264	1175	833	620	2654353	138405196419520	138405187945872	654
XCHTIME	0	0	0	0	0	0	0	0	0	0	0	0
XCHTIME	118	4	66	1651915	1854	571	877	1506	1647107	138405196419520	138405187945872	654
XCHTIME	0	0	0	0	0	0	0	0	0	0	0	0
XCHTIME	118	4	15	411754	1971	607	609	345	408222	138405196419520	138405187945872	654
XCHTIME	0	0	0	0	0	0	0	0	0	0	0	0
XCHTIME	118	4	10	222510	1707	425	634	214	219530	138405196419520	138405187945872	654
XCHTIME	0	0	0	0	0	0	0	0	0	0	0	0
XCHTIME	118	4	18	2179070	1842	325	696	427	2175780	138405196419520	138405187945872	654
XCHTIME	0	0	0	0	0	0	0	0	0	0	0	0
XCHTIME	118	4	11	135589	1715	452	562	223	132637	138405196419520	138405187945872	654
XCHTIME	0	0	0	0	0	0	0	0	0	0	0	0
XCHTIME	118	4	14	602518	1766	347	554	311	599540	138405196419520	138405187945872	654
XCHTIME	0	0	0	0	0	0	0	0	0	0	0	0
XCHTIME	118	4	13	1054880	1859	420	571	280	1051750	138405196419520	138405187945872	654
XCHTIME	0	0	0	0	0	0	0	0	0	0	0	0
XCHTIME	118	4	16	7039694	1875	447	1644	529	7035199	138405196419520	138405187945872	654
XCHTIME	0	0	0	0	0	0	0	0	0	0	0	0
XCHTIME	118	4	6	87390	2427	1356	499	166	82942	138405196419520	138405187945872	654
LIFT	pooling_rt2tp	118	66	554	66
COUNTS	pooling_rt2tp	118	654	5876	5796
XCHTIME	0	0	0	0	0	0	0	0	0	0	0	0
XCHTIME	333	2	4	452665	9793	1225	1278	226	440143	138405208525328	138405188365456	2204
XCHTIME	0	0	0	0	0	0	0	0	0	0	0	0
XCHTIME	333	2	6	4228588	5030	902	1565	257	4220834	138405208525328	138405188365456	2204
XCHTIME	0	0	0	0	0	0	0	0	0	0	0	0
XCHTIME	333	2	5	1312633	5310	1312	1392	212	1304407	138405208525328	138405188365456	2204
XCHTIME	0	0	0	0	0	0	0	0	0	0	0	0
XCHTIME	333	4	18	8655029	5220	991	2919	745	8645154	138405208525328	138405188365456	2204
LADGATE	333	10000	0.291	1
XCHTIME	0	0	0	0	0	0	0	0	0	0	0	0
XCHTIME	333	5	26	11040660	5527	1114	2973	1089	11029957	138405208525328	138405188365456	2204
XCHTIME	0	0	0	0	0	0	0	0	0	0	0	0
XCHTIME	333	4	66	3482302	4941	933	3098	2060	3471270	138405208525328	138405188365456	2204
XCHTIME	0	0	0	0	0	0	0	0	0	0	0	0
XCHTIME	333	4	15	1492395	5849	1486	3526	576	1480958	138405208525328	138405188365456	2204
XCHTIME	0	0	0	0	0	0	0	0	0	0	0	0
XCHTIME	333	4	10	832783	5307	970	3130	383	822993	138405208525328	138405188365456	2204
XCHTIME	0	0	0	0	0	0	0	0	0	0	0	0
XCHTIME	333	4	18	8668387	5206	943	4230	816	8657192	138405208525328	138405188365456	2204
XCHTIME	0	0	0	0	0	0	0	0	0	0	0	0
XCHTIME	333	4	11	479375	5685	1490	2493	405	469302	138405208525328	138405188365456	2204
XCHTIME	0	0	0	0	0	0	0	0	0	0	0	0
XCHTIME	333	4	14	2623793	5072	861	2783	503	2614574	138405208525328	138405188365456	2204
XCHTIME	0	0	0	0	0	0	0	0	0	0	0	0
XCHTIME	333	4	13	4764032	4937	985	2843	519	4754748	138405208525328	138405188365456	2204
XCHTIME	0	0	0	0	0	0	0	0	0	0	0	0
XCHTIME	333	3	15	21141667	5335	1159	3482	666	21131025	138405208525328	138405188365456	2204
XCHTIME	0	0	0	0	0	0	0	0	0	0	0	0
XCHTIME	333	4	6	352940	5816	1952	2538	239	342395	138405208525328	138405188365456	2204
LIFT	waterund14	333	191	2068	191
COUNTS	waterund14	333	2204	200484	72184
XCHTIME	0	0	0	0	0	0	0	0	0	0	0	0
XCHTIME	17809	0	0	24497277	12754589	11742688	0	0	0	138405223553680	138405204539344	120632
XCHTIME	0	0	0	0	0	0	0	0	0	0	0	0
XCHTIME	17809	1	0	25991324	12118668	11656151	1909058	0	307447	138405223553680	138405204539344	120632
XCHTIME	0	0	0	0	0	0	0	0	0	0	0	0
XCHTIME	17809	0	0	23579733	12140428	11439305	0	0	0	138405223553680	138405204539344	120632
XCHTIME	0	0	0	0	0	0	0	0	0	0	0	0
XCHTIME	17809	1	0	31316021	12234921	11526811	1921331	0	5632958	138405223553680	138405204539344	120632
LADGATE	17809	10000	1.097	0
XCHTIME	0	0	0	0	0	0	0	0	0	0	0	0
XCHTIME	17809	5	26	379383307	12362258	11554438	9757402	15664	345693545	138405223553680	138405204539344	120632
LIFT	crudeoil_lee4_10	17809	10229	106656	10229
COUNTS	crudeoil_lee4_10	17809	120632	294531623	179065997
XCHTIME	0	0	0	0	0	0	0	0	0	0	0	0
XCHTIME	1294	2	4	1472539	26729	4273	10023	461	1431053	138405208052768	138405195981856	8302
XCHTIME	0	0	0	0	0	0	0	0	0	0	0	0
XCHTIME	1294	2	6	6821100	33550	8499	15714	815	6762522	138405208052768	138405195981856	8302
XCHTIME	0	0	0	0	0	0	0	0	0	0	0	0
XCHTIME	1294	2	5	3720827	30296	6348	11655	664	3671864	138405208052768	138405195981856	8302
XCHTIME	0	0	0	0	0	0	0	0	0	0	0	0
XCHTIME	1294	4	18	14377859	30470	6062	35913	2352	14303062	138405208052768	138405195981856	8302
LADGATE	1294	10000	0.502	1
XCHTIME	0	0	0	0	0	0	0	0	0	0	0	0
XCHTIME	1294	5	26	21249114	28159	4790	40539	3068	21172558	138405208052768	138405195981856	8302
XCHTIME	0	0	0	0	0	0	0	0	0	0	0	0
XCHTIME	1294	2	19	4002815	30911	7613	11351	1719	3951221	138405208052768	138405195981856	8302
XCHTIME	0	0	0	0	0	0	0	0	0	0	0	0
XCHTIME	1294	4	15	4290707	29154	5692	24904	2050	4228907	138405208052768	138405195981856	8302
XCHTIME	0	0	0	0	0	0	0	0	0	0	0	0
XCHTIME	1294	4	10	2961577	33652	8439	26273	1134	2892079	138405208052768	138405195981856	8302
XCHTIME	0	0	0	0	0	0	0	0	0	0	0	0
XCHTIME	1294	4	18	14423509	29314	5091	37650	2785	14348669	138405208052768	138405195981856	8302
XCHTIME	0	0	0	0	0	0	0	0	0	0	0	0
XCHTIME	1294	4	11	1743120	29623	6215	19596	1042	1686644	138405208052768	138405195981856	8302
XCHTIME	0	0	0	0	0	0	0	0	0	0	0	0
XCHTIME	1294	4	14	7196656	28919	4567	25499	1508	7136163	138405208052768	138405195981856	8302
XCHTIME	0	0	0	0	0	0	0	0	0	0	0	0
XCHTIME	1294	4	13	10658923	29701	7215	32706	1393	10587908	138405208052768	138405195981856	8302
XCHTIME	0	0	0	0	0	0	0	0	0	0	0	0
XCHTIME	1294	2	5	14958853	29474	6860	19732	686	14902101	138405208052768	138405195981856	8302
XCHTIME	0	0	0	0	0	0	0	0	0	0	0	0
XCHTIME	1294	4	6	1280932	31994	8113	19448	527	1220850	138405208052768	138405195981856	8302
LIFT	pooling_foulds4pq	1294	723	7208	723
COUNTS	pooling_foulds4pq	1294	8302	138692	138540
XCHTIME	0	0	0	0	0	0	0	0	0	0	0	0
XCHTIME	3097	2	4	2071457	125501	34571	76434	563	1834388	138405199600400	138405223331824	19664
XCHTIME	0	0	0	0	0	0	0	0	0	0	0	0
XCHTIME	3097	1	0	3315415	183643	61149	49125	0	3021498	138405199600400	138405223331824	19664
XCHTIME	0	0	0	0	0	0	0	0	0	0	0	0
XCHTIME	3097	2	5	2921284	152340	50825	98996	931	2618192	138405199600400	138405223331824	19664
XCHTIME	0	0	0	0	0	0	0	0	0	0	0	0
XCHTIME	3097	4	18	11344959	148080	47929	227273	3506	10918171	138405199600400	138405223331824	19664
LADGATE	3097	10000	0.339	1
XCHTIME	0	0	0	0	0	0	0	0	0	0	0	0
XCHTIME	3097	5	26	14783670	160379	64120	316614	5394	14237163	138405199600400	138405223331824	19664
XCHTIME	0	0	0	0	0	0	0	0	0	0	0	0
XCHTIME	3097	4	66	5114032	166673	57863	206044	9114	4674338	138405199600400	138405223331824	19664
XCHTIME	0	0	0	0	0	0	0	0	0	0	0	0
XCHTIME	3097	4	15	4593060	215567	64242	171079	2620	4139552	138405199600400	138405223331824	19664
XCHTIME	0	0	0	0	0	0	0	0	0	0	0	0
XCHTIME	3097	4	10	4101049	147226	51778	210006	2147	3689892	138405199600400	138405223331824	19664
XCHTIME	0	0	0	0	0	0	0	0	0	0	0	0
XCHTIME	3097	4	18	11476741	155579	54322	222374	3980	11040486	138405199600400	138405223331824	19664
XCHTIME	0	0	0	0	0	0	0	0	0	0	0	0
XCHTIME	3097	4	11	3883681	150755	54541	206093	2088	3470204	138405199600400	138405223331824	19664
XCHTIME	0	0	0	0	0	0	0	0	0	0	0	0
XCHTIME	3097	4	14	5944026	147760	48927	222118	3262	5521959	138405199600400	138405223331824	19664
XCHTIME	0	0	0	0	0	0	0	0	0	0	0	0
XCHTIME	3097	4	13	7778041	152038	52269	228137	2352	7343245	138405199600400	138405223331824	19664
XCHTIME	0	0	0	0	0	0	0	0	0	0	0	0
XCHTIME	3097	2	5	11684649	148567	47255	123473	1329	11364025	138405199600400	138405223331824	19664
XCHTIME	0	0	0	0	0	0	0	0	0	0	0	0
XCHTIME	3097	4	6	3738187	164543	52838	201039	1169	3318598	138405199600400	138405223331824	19664
LIFT	edgecross14-156	3097	1641	21120	1641
COUNTS	edgecross14-156	3097	19664	1487933	1376964
XCHTIME	0	0	0	0	0	0	0	0	0	0	0	0
XCHTIME	72	2	4	129704	2960	695	306	116	125627	138405197906096	138405216188592	668
XCHTIME	0	0	0	0	0	0	0	0	0	0	0	0
XCHTIME	72	2	6	1683989	1566	314	229	161	1681719	138405197906096	138405216188592	668
XCHTIME	0	0	0	0	0	0	0	0	0	0	0	0
XCHTIME	72	2	5	426327	1860	389	260	117	423701	138405197906096	138405216188592	668
XCHTIME	0	0	0	0	0	0	0	0	0	0	0	0
XCHTIME	72	4	18	3128137	1825	621	549	438	3124704	138405197906096	138405216188592	668
LADGATE	72	10000	0.203	1
XCHTIME	0	0	0	0	0	0	0	0	0	0	0	0
XCHTIME	72	5	26	3783414	2479	737	577	708	3778913	138405197906096	138405216188592	668
XCHTIME	0	0	0	0	0	0	0	0	0	0	0	0
XCHTIME	72	4	66	28398	1623	450	407	2342	23576	138405197906096	138405216188592	668
XCHTIME	0	0	0	0	0	0	0	0	0	0	0	0
XCHTIME	72	4	15	440728	1564	298	436	333	438097	138405197906096	138405216188592	668
XCHTIME	0	0	0	0	0	0	0	0	0	0	0	0
XCHTIME	72	4	10	207585	1513	339	398	244	205091	138405197906096	138405216188592	668
XCHTIME	0	0	0	0	0	0	0	0	0	0	0	0
XCHTIME	72	4	18	3017277	1446	355	469	504	3014503	138405197906096	138405216188592	668
XCHTIME	0	0	0	0	0	0	0	0	0	0	0	0
XCHTIME	72	4	11	109718	1671	438	420	294	106895	138405197906096	138405216188592	668
XCHTIME	0	0	0	0	0	0	0	0	0	0	0	0
XCHTIME	72	4	14	878890	1549	303	500	309	876229	138405197906096	138405216188592	668
XCHTIME	0	0	0	0	0	0	0	0	0	0	0	0
XCHTIME	72	4	13	1566034	1589	307	427	336	1563375	138405197906096	138405216188592	668
XCHTIME	0	0	0	0	0	0	0	0	0	0	0	0
XCHTIME	72	4	16	10848018	1647	358	1359	403	10844251	138405197906096	138405216188592	668
XCHTIME	0	0	0	0	0	0	0	0	0	0	0	0
XCHTIME	72	4	6	62736	2193	1190	478	160	58715	138405197906096	138405216188592	668
LIFT	tspn08	72	34	646	34
COUNTS	tspn08	72	668	11074	7600
XCHTIME	0	0	0	0	0	0	0	0	0	0	0	0
XCHTIME	4225	1	0	2385588	326158	131953	129307	0	1798170	138405253946864	138405253100544	14628
XCHTIME	0	0	0	0	0	0	0	0	0	0	0	0
XCHTIME	4225	1	0	4153681	300415	136426	131701	0	3585139	138405253946864	138405253100544	14628
XCHTIME	0	0	0	0	0	0	0	0	0	0	0	0
XCHTIME	4225	1	0	3502298	353010	135147	134765	0	2879376	138405253946864	138405253100544	14628
XCHTIME	0	0	0	0	0	0	0	0	0	0	0	0
XCHTIME	4225	1	0	11193130	306546	137288	128052	0	10621244	138405253946864	138405253100544	14628
LADGATE	4225	10000	0.569	1
XCHTIME	0	0	0	0	0	0	0	0	0	0	0	0
XCHTIME	4225	5	26	69553011	309992	145235	724371	2770	68370643	138405253946864	138405253100544	14628
XCHTIME	0	0	0	0	0	0	0	0	0	0	0	0
XCHTIME	4225	1	0	4966683	344771	141825	137030	0	4343057	138405253946864	138405253100544	14628
XCHTIME	0	0	0	0	0	0	0	0	0	0	0	0
XCHTIME	4225	2	4	6640906	335926	135778	260451	579	5908172	138405253946864	138405253100544	14628
XCHTIME	0	0	0	0	0	0	0	0	0	0	0	0
XCHTIME	4225	4	10	11217809	306235	173849	517204	1362	10219159	138405253946864	138405253100544	14628
XCHTIME	0	0	0	0	0	0	0	0	0	0	0	0
XCHTIME	4225	1	0	11236959	304089	128841	128882	0	10675147	138405253946864	138405253100544	14628
XCHTIME	0	0	0	0	0	0	0	0	0	0	0	0
XCHTIME	4225	4	11	9364337	315680	156769	517058	1681	8373149	138405253946864	138405253100544	14628
XCHTIME	0	0	0	0	0	0	0	0	0	0	0	0
XCHTIME	4225	3	12	12808665	305100	148187	422323	1596	11931459	138405253946864	138405253100544	14628
XCHTIME	0	0	0	0	0	0	0	0	0	0	0	0
XCHTIME	4225	2	4	12109495	289529	125152	270129	488	11424197	138405253946864	138405253100544	14628
XCHTIME	0	0	0	0	0	0	0	0	0	0	0	0
XCHTIME	4225	1	0	9704058	296311	137109	135611	0	9135027	138405253946864	138405253100544	14628
XCHTIME	0	0	0	0	0	0	0	0	0	0	0	0
XCHTIME	4225	4	6	8024132	305151	134781	540847	916	7042437	138405253946864	138405253100544	14628
LIFT	crudeoil_li05	4225	2656	17380	2656
COUNTS	crudeoil_li05	4225	14628	680022	533453
XCHTIME	0	0	0	0	0	0	0	0	0	0	0	0
XCHTIME	14416	0	0	15991254	8200402	7790852	0	0	0	138405253223440	138405223696176	41068
XCHTIME	0	0	0	0	0	0	0	0	0	0	0	0
XCHTIME	14416	1	0	13740320	4049654	7516586	1361740	0	812340	138405253223440	138405223696176	41068
XCHTIME	0	0	0	0	0	0	0	0	0	0	0	0
XCHTIME	14416	1	0	13139508	3800063	7505653	1368247	0	465545	138405253223440	138405223696176	41068
XCHTIME	0	0	0	0	0	0	0	0	0	0	0	0
XCHTIME	14416	1	0	19797720	3835456	7433305	1357441	0	7171518	138405253223440	138405223696176	41068
LADGATE	14416	10000	0.678	0
XCHTIME	0	0	0	0	0	0	0	0	0	0	0	0
XCHTIME	14416	5	26	263158231	3836755	7520465	6944255	15420	244841336	138405253223440	138405223696176	41068
XCHTIME	0	0	0	0	0	0	0	0	0	0	0	0
XCHTIME	14416	1	0	15271867	3921630	7403440	1369301	0	2577496	138405253223440	138405223696176	41068
XCHTIME	0	0	0	0	0	0	0	0	0	0	0	0
XCHTIME	14416	1	0	15244914	3822009	7468756	1358008	0	2596141	138405253223440	138405223696176	41068
XCHTIME	0	0	0	0	0	0	0	0	0	0	0	0
XCHTIME	14416	1	0	19954998	3795232	7473641	1361260	0	7324865	138405253223440	138405223696176	41068
XCHTIME	0	0	0	0	0	0	0	0	0	0	0	0
XCHTIME	14416	1	0	19831332	3709788	7457928	1360413	0	7303203	138405253223440	138405223696176	41068
XCHTIME	0	0	0	0	0	0	0	0	0	0	0	0
XCHTIME	14416	1	0	20003335	3853283	7443213	1360657	0	7346182	138405253223440	138405223696176	41068
XCHTIME	0	0	0	0	0	0	0	0	0	0	0	0
XCHTIME	14416	1	0	19992657	3824795	7506993	1355401	0	7305468	138405253223440	138405223696176	41068
XCHTIME	0	0	0	0	0	0	0	0	0	0	0	0
XCHTIME	14416	1	0	19993021	3846296	7458351	1356031	0	7332343	138405253223440	138405223696176	41068
XCHTIME	0	0	0	0	0	0	0	0	0	0	0	0
XCHTIME	14416	1	0	19893403	3749453	7472428	1360289	0	7311233	138405253223440	138405223696176	41068
XCHTIME	0	0	0	0	0	0	0	0	0	0	0	0
XCHTIME	14416	1	0	20026061	3793671	7478742	1364944	0	7388704	138405253223440	138405223696176	41068
LIFT	procurement1large	14416	6606	28248	6606
COUNTS	procurement1large	14416	41068	13858240	7313217
XCHTIME	0	0	0	0	0	0	0	0	0	0	0	0
XCHTIME	1428	2	4	1200176	26688	5284	12160	358	1155686	138405208063136	138405188006480	4548
XCHTIME	0	0	0	0	0	0	0	0	0	0	0	0
XCHTIME	1428	2	6	7187424	29023	6515	15698	942	7135246	138405208063136	138405188006480	4548
XCHTIME	0	0	0	0	0	0	0	0	0	0	0	0
XCHTIME	1428	2	5	3234134	34869	8359	15075	604	3175227	138405208063136	138405188006480	4548
XCHTIME	0	0	0	0	0	0	0	0	0	0	0	0
XCHTIME	1428	4	18	15703985	32502	6612	40869	5716	15618286	138405208063136	138405188006480	4548
LADGATE	1428	10000	0.325	1
XCHTIME	0	0	0	0	0	0	0	0	0	0	0	0
XCHTIME	1428	5	26	25088219	28877	6498	46306	3054	25003484	138405208063136	138405188006480	4548
XCHTIME	0	0	0	0	0	0	0	0	0	0	0	0
XCHTIME	1428	2	19	5647438	32241	9146	18940	1059	5586052	138405208063136	138405188006480	4548
XCHTIME	0	0	0	0	0	0	0	0	0	0	0	0
XCHTIME	1428	4	15	4067113	36248	12759	46420	1788	3969898	138405208063136	138405188006480	4548
XCHTIME	0	0	0	0	0	0	0	0	0	0	0	0
XCHTIME	1428	4	10	2368267	30116	8952	25774	1032	2302393	138405208063136	138405188006480	4548
XCHTIME	0	0	0	0	0	0	0	0	0	0	0	0
XCHTIME	1428	4	18	15852405	30400	8085	43736	2310	15767874	138405208063136	138405188006480	4548
XCHTIME	0	0	0	0	0	0	0	0	0	0	0	0
XCHTIME	1428	4	11	1562610	31171	8256	25407	1287	1496489	138405208063136	138405188006480	4548
XCHTIME	0	0	0	0	0	0	0	0	0	0	0	0
XCHTIME	1428	4	14	6637543	29556	6854	30869	1333	6568931	138405208063136	138405188006480	4548
XCHTIME	0	0	0	0	0	0	0	0	0	0	0	0
XCHTIME	1428	4	13	10834959	30655	7182	42955	1592	10752575	138405208063136	138405188006480	4548
XCHTIME	0	0	0	0	0	0	0	0	0	0	0	0
XCHTIME	1428	1	0	14786475	31266	7492	5897	0	14741820	138405208063136	138405188006480	4548
XCHTIME	0	0	0	0	0	0	0	0	0	0	0	0
XCHTIME	1428	4	6	1239494	37080	13041	24326	485	1164562	138405208063136	138405188006480	4548
LIFT	blend721	1428	829	3334	829
COUNTS	blend721	1428	4548	77560	66143
XCHTIME	0	0	0	0	0	0	0	0	0	0	0	0
XCHTIME	2031	1	0	3230353	63576	12693	11503	0	3142581	138405200189424	138405224220480	10878
XCHTIME	0	0	0	0	0	0	0	0	0	0	0	0
XCHTIME	2031	1	0	7657320	64179	13708	11816	0	7567617	138405200189424	138405224220480	10878
XCHTIME	0	0	0	0	0	0	0	0	0	0	0	0
XCHTIME	2031	1	0	5693106	77861	24064	13723	0	5577458	138405200189424	138405224220480	10878
XCHTIME	0	0	0	0	0	0	0	0	0	0	0	0
XCHTIME	2031	1	0	15509627	69987	19632	13695	0	15406313	138405200189424	138405224220480	10878
LADGATE	2031	10000	1.114	1
XCHTIME	0	0	0	0	0	0	0	0	0	0	0	0
XCHTIME	2031	5	26	163276539	63966	14707	154531	8304	163035031	138405200189424	138405224220480	10878
XCHTIME	0	0	0	0	0	0	0	0	0	0	0	0
XCHTIME	2031	1	0	6137944	77384	31837	17197	0	6011526	138405200189424	138405224220480	10878
XCHTIME	0	0	0	0	0	0	0	0	0	0	0	0
XCHTIME	2031	2	4	7272681	79668	27344	46079	1330	7118260	138405200189424	138405224220480	10878
XCHTIME	0	0	0	0	0	0	0	0	0	0	0	0
XCHTIME	2031	4	10	12685154	65947	17263	73345	3380	12525219	138405200189424	138405224220480	10878
XCHTIME	0	0	0	0	0	0	0	0	0	0	0	0
XCHTIME	2031	1	0	15580852	66082	15981	12820	0	15485969	138405200189424	138405224220480	10878
XCHTIME	0	0	0	0	0	0	0	0	0	0	0	0
XCHTIME	2031	4	11	8498693	105649	27719	70170	3660	8291495	138405200189424	138405224220480	10878
XCHTIME	0	0	0	0	0	0	0	0	0	0	0	0
XCHTIME	2031	2	4	15078300	65664	16636	37012	1386	14957602	138405200189424	138405224220480	10878
XCHTIME	0	0	0	0	0	0	0	0	0	0	0	0
XCHTIME	2031	1	0	15436784	68957	19286	12954	0	15335587	138405200189424	138405224220480	10878
XCHTIME	0	0	0	0	0	0	0	0	0	0	0	0
XCHTIME	2031	1	0	15719563	76643	22221	13023	0	15607676	138405200189424	138405224220480	10878
XCHTIME	0	0	0	0	0	0	0	0	0	0	0	0
XCHTIME	2031	4	6	5663339	77798	26525	64389	1778	5492849	138405200189424	138405224220480	10878
LIFT	chimera_selby-c16-02	2031	1436	15878	1436
COUNTS	chimera_selby-c16-02	2031	10878	4280329	2297782
XCHTIME	0	0	0	0	0	0	0	0	0	0	0	0
XCHTIME	16640	0	0	20659516	10367171	10292345	0	0	0	138405203494160	138405227083792	57800
XCHTIME	0	0	0	0	0	0	0	0	0	0	0	0
XCHTIME	16640	1	0	22037051	10324118	9839905	1643683	0	229345	138405203494160	138405227083792	57800
XCHTIME	0	0	0	0	0	0	0	0	0	0	0	0
XCHTIME	16640	1	0	21982314	10241863	10098622	1629607	0	12222	138405203494160	138405227083792	57800
XCHTIME	0	0	0	0	0	0	0	0	0	0	0	0
XCHTIME	16640	1	0	27071272	10275572	10058849	1662709	0	5074142	138405203494160	138405227083792	57800
LADGATE	16640	10000	0.483	0
XCHTIME	0	0	0	0	0	0	0	0	0	0	0	0
XCHTIME	16640	5	26	90277379	10322113	10045582	8410293	17969	61481422	138405203494160	138405227083792	57800
XCHTIME	0	0	0	0	0	0	0	0	0	0	0	0
XCHTIME	16640	1	0	22822226	10479496	10121650	1680541	0	540539	138405203494160	138405227083792	57800
XCHTIME	0	0	0	0	0	0	0	0	0	0	0	0
XCHTIME	16640	1	0	23274859	10295025	10061581	1670155	0	1248098	138405203494160	138405227083792	57800
XCHTIME	0	0	0	0	0	0	0	0	0	0	0	0
XCHTIME	16640	1	0	27153518	10264916	10158999	1720130	0	5009473	138405203494160	138405227083792	57800
XCHTIME	0	0	0	0	0	0	0	0	0	0	0	0
XCHTIME	16640	1	0	27259297	10309811	10157814	1651344	0	5140328	138405203494160	138405227083792	57800
XCHTIME	0	0	0	0	0	0	0	0	0	0	0	0
XCHTIME	16640	1	0	27294532	10359138	10171416	1665462	0	5098516	138405203494160	138405227083792	57800
XCHTIME	0	0	0	0	0	0	0	0	0	0	0	0
XCHTIME	16640	1	0	27084526	10289108	10125026	1646988	0	5023404	138405203494160	138405227083792	57800
XCHTIME	0	0	0	0	0	0	0	0	0	0	0	0
XCHTIME	16640	1	0	27227855	10341080	10040283	1657680	0	5188812	138405203494160	138405227083792	57800
XCHTIME	0	0	0	0	0	0	0	0	0	0	0	0
XCHTIME	16640	1	0	27263158	10304388	9996844	1663528	0	5298398	138405203494160	138405227083792	57800
XCHTIME	0	0	0	0	0	0	0	0	0	0	0	0
XCHTIME	16640	1	0	27217572	10296263	10166746	1653175	0	5101388	138405203494160	138405227083792	57800
LIFT	supplychainr1_053050	16640	9640	44160	9640
COUNTS	supplychainr1_053050	16640	57800	2173490	2173490
XCHTIME	0	0	0	0	0	0	0	0	0	0	0	0
XCHTIME	5067	1	0	2510030	430173	197667	209566	0	1672624	138405253378208	138404989395456	21424
XCHTIME	0	0	0	0	0	0	0	0	0	0	0	0
XCHTIME	5067	1	0	4085992	447720	217300	202595	0	3218377	138405253378208	138404989395456	21424
XCHTIME	0	0	0	0	0	0	0	0	0	0	0	0
XCHTIME	5067	1	0	3078812	447169	205909	213421	0	2212313	138405253378208	138404989395456	21424
XCHTIME	0	0	0	0	0	0	0	0	0	0	0	0
XCHTIME	5067	2	5	10994138	444777	213880	416900	1440	9917141	138405253378208	138404989395456	21424
LADGATE	5067	10000	0.718	1
XCHTIME	0	0	0	0	0	0	0	0	0	0	0	0
XCHTIME	5067	5	26	25587846	454424	221549	1060496	7506	23843871	138405253378208	138404989395456	21424
XCHTIME	0	0	0	0	0	0	0	0	0	0	0	0
XCHTIME	5067	1	0	5525236	452595	223134	204064	0	4645443	138405253378208	138404989395456	21424
XCHTIME	0	0	0	0	0	0	0	0	0	0	0	0
XCHTIME	5067	3	12	6257059	434054	221144	607676	3379	4990806	138405253378208	138404989395456	21424
XCHTIME	0	0	0	0	0	0	0	0	0	0	0	0
XCHTIME	5067	4	10	8804360	434435	212113	780057	3363	7374392	138405253378208	138404989395456	21424
XCHTIME	0	0	0	0	0	0	0	0	0	0	0	0
XCHTIME	5067	2	5	10695258	416769	214234	416663	1426	9646166	138405253378208	138404989395456	21424
XCHTIME	0	0	0	0	0	0	0	0	0	0	0	0
XCHTIME	5067	4	11	8444837	442680	209664	813316	3863	6975314	138405253378208	138404989395456	21424
XCHTIME	0	0	0	0	0	0	0	0	0	0	0	0
XCHTIME	5067	4	14	11083566	446788	212943	805940	4260	9613635	138405253378208	138404989395456	21424
XCHTIME	0	0	0	0	0	0	0	0	0	0	0	0
XCHTIME	5067	3	12	11512306	443548	224077	623122	3110	10218449	138405253378208	138404989395456	21424
XCHTIME	0	0	0	0	0	0	0	0	0	0	0	0
XCHTIME	5067	1	0	9967913	442218	205085	207698	0	9112912	138405253378208	138404989395456	21424
XCHTIME	0	0	0	0	0	0	0	0	0	0	0	0
XCHTIME	5067	4	6	7982240	453662	231582	793143	2160	6501693	138405253378208	138404989395456	21424
LIFT	sfacloc2_4_80	5067	2567	16656	2567
COUNTS	sfacloc2_4_80	5067	21424	93048	88884
COUNTS	st_e24	10	26	64	57
XCHTIME	0	0	0	0	0	0	0	0	0	0	0	0
XCHTIME	1053	2	4	717530	18086	3444	6691	235	689074	138404987469472	138405223494656	5116
XCHTIME	0	0	0	0	0	0	0	0	0	0	0	0
XCHTIME	1053	2	6	6159457	18115	3909	9528	532	6127373	138404987469472	138405223494656	5116
XCHTIME	0	0	0	0	0	0	0	0	0	0	0	0
XCHTIME	1053	2	5	1966550	19553	5695	7421	320	1933561	138404987469472	138405223494656	5116
XCHTIME	0	0	0	0	0	0	0	0	0	0	0	0
XCHTIME	1053	4	18	11709042	18010	3609	21762	1411	11664250	138404987469472	138405223494656	5116
LADGATE	1053	10000	0.335	1
XCHTIME	0	0	0	0	0	0	0	0	0	0	0	0
XCHTIME	1053	5	26	14616371	18393	4475	20540	1842	14571121	138404987469472	138405223494656	5116
XCHTIME	0	0	0	0	0	0	0	0	0	0	0	0
XCHTIME	1053	4	66	1369155	19270	4573	13212	3201	1328899	138404987469472	138405223494656	5116
XCHTIME	0	0	0	0	0	0	0	0	0	0	0	0
XCHTIME	1053	4	15	2172757	17914	3270	14494	858	2136221	138404987469472	138405223494656	5116
XCHTIME	0	0	0	0	0	0	0	0	0	0	0	0
XCHTIME	1053	4	10	1320534	22464	3917	13725	576	1279852	138404987469472	138405223494656	5116
XCHTIME	0	0	0	0	0	0	0	0	0	0	0	0
XCHTIME	1053	4	18	11546954	17972	3701	20454	1321	11503506	138404987469472	138405223494656	5116
XCHTIME	0	0	0	0	0	0	0	0	0	0	0	0
XCHTIME	1053	4	11	968411	19114	4920	12287	612	931478	138404987469472	138405223494656	5116
XCHTIME	0	0	0	0	0	0	0	0	0	0	0	0
XCHTIME	1053	4	14	3749190	17646	3276	14132	882	3713254	138404987469472	138405223494656	5116
XCHTIME	0	0	0	0	0	0	0	0	0	0	0	0
XCHTIME	1053	4	13	6259852	17592	3726	15761	751	6222022	138404987469472	138405223494656	5116
XCHTIME	0	0	0	0	0	0	0	0	0	0	0	0
XCHTIME	1053	2	5	17648231	18179	3893	14412	478	17611269	138404987469472	138405223494656	5116
XCHTIME	0	0	0	0	0	0	0	0	0	0	0	0
XCHTIME	1053	4	6	836205	23461	9861	13044	424	789415	138404987469472	138405223494656	5116
LIFT	edgecross10-040	1053	571	4152	571
COUNTS	edgecross10-040	1053	5116	161851	143518
XCHTIME	0	0	0	0	0	0	0	0	0	0	0	0
XCHTIME	8232	1	0	4404770	1518729	658642	650329	0	1577070	138405203268368	138405226559504	40744
XCHTIME	0	0	0	0	0	0	0	0	0	0	0	0
XCHTIME	8232	1	0	6096657	1457840	596770	604954	0	3437093	138405203268368	138405226559504	40744
XCHTIME	0	0	0	0	0	0	0	0	0	0	0	0
XCHTIME	8232	1	0	5495994	1509953	620969	620583	0	2744489	138405203268368	138405226559504	40744
XCHTIME	0	0	0	0	0	0	0	0	0	0	0	0
XCHTIME	8232	2	5	11808112	1428105	609035	1254846	4542	8511584	138405203268368	138405226559504	40744
LADGATE	8232	10000	0.363	1
XCHTIME	0	0	0	0	0	0	0	0	0	0	0	0
XCHTIME	8232	5	26	44418355	1495350	615968	3173174	19340	39114523	138405203268368	138405226559504	40744
XCHTIME	0	0	0	0	0	0	0	0	0	0	0	0
XCHTIME	8232	1	0	6442910	1546057	598395	613060	0	3685398	138405203268368	138405226559504	40744
XCHTIME	0	0	0	0	0	0	0	0	0	0	0	0
XCHTIME	8232	1	0	6049939	1402490	614426	618261	0	3414762	138405203268368	138405226559504	40744
XCHTIME	0	0	0	0	0	0	0	0	0	0	0	0
XCHTIME	8232	3	9	10467607	1477113	620685	1824073	7162	6538574	138405203268368	138405226559504	40744
XCHTIME	0	0	0	0	0	0	0	0	0	0	0	0
XCHTIME	8232	2	5	11906694	1513290	611403	1232421	4483	8545097	138405203268368	138405226559504	40744
XCHTIME	0	0	0	0	0	0	0	0	0	0	0	0
XCHTIME	8232	3	9	10577195	1537490	615958	1841751	7457	6574539	138405203268368	138405226559504	40744
XCHTIME	0	0	0	0	0	0	0	0	0	0	0	0
XCHTIME	8232	2	4	10871344	1373437	606017	1230816	4454	7656620	138405203268368	138405226559504	40744
XCHTIME	0	0	0	0	0	0	0	0	0	0	0	0
XCHTIME	8232	2	4	11430269	1448947	612375	1247179	4680	8117088	138405203268368	138405226559504	40744
XCHTIME	0	0	0	0	0	0	0	0	0	0	0	0
XCHTIME	8232	1	0	12637744	1374154	594719	606923	0	10061948	138405203268368	138405226559504	40744
XCHTIME	0	0	0	0	0	0	0	0	0	0	0	0
XCHTIME	8232	3	3	10392613	1447509	628890	1816256	2663	6497295	138405203268368	138405226559504	40744
LIFT	sonet21v6	8232	4221	32722	4221
COUNTS	sonet21v6	8232	40744	1643311	1585871
XCHTIME	0	0	0	0	0	0	0	0	0	0	0	0
XCHTIME	2490	2	4	1200986	74207	19825	36933	883	1069138	138405198795536	138405253567584	6400
XCHTIME	0	0	0	0	0	0	0	0	0	0	0	0
XCHTIME	2490	2	6	1944009	75038	17263	41052	776	1809880	138405198795536	138405253567584	6400
XCHTIME	0	0	0	0	0	0	0	0	0	0	0	0
XCHTIME	2490	2	5	1354076	78497	19081	42673	774	1213051	138405198795536	138405253567584	6400
XCHTIME	0	0	0	0	0	0	0	0	0	0	0	0
XCHTIME	2490	4	18	3924569	80535	18775	104242	2605	3718412	138405198795536	138405253567584	6400
LADGATE	2490	10000	0.672	1
XCHTIME	0	0	0	0	0	0	0	0	0	0	0	0
XCHTIME	2490	5	26	4639677	87271	19662	109983	2568	4420193	138405198795536	138405253567584	6400
XCHTIME	0	0	0	0	0	0	0	0	0	0	0	0
XCHTIME	2490	4	66	2786991	84977	24066	87780	5559	2584609	138405198795536	138405253567584	6400
XCHTIME	0	0	0	0	0	0	0	0	0	0	0	0
XCHTIME	2490	4	15	2471557	79367	20934	111622	1742	2257892	138405198795536	138405253567584	6400
XCHTIME	0	0	0	0	0	0	0	0	0	0	0	0
XCHTIME	2490	4	10	2300951	69371	14936	76490	1041	2139113	138405198795536	138405253567584	6400
XCHTIME	0	0	0	0	0	0	0	0	0	0	0	0
XCHTIME	2490	4	18	3850263	80996	18759	92333	2244	3655931	138405198795536	138405253567584	6400
XCHTIME	0	0	0	0	0	0	0	0	0	0	0	0
XCHTIME	2490	4	11	2256467	77571	19171	85478	1474	2072773	138405198795536	138405253567584	6400
XCHTIME	0	0	0	0	0	0	0	0	0	0	0	0
XCHTIME	2490	4	14	2569802	76845	18802	81390	1472	2391293	138405198795536	138405253567584	6400
XCHTIME	0	0	0	0	0	0	0	0	0	0	0	0
XCHTIME	2490	4	13	2879222	77540	17800	89879	1739	2692264	138405198795536	138405253567584	6400
XCHTIME	0	0	0	0	0	0	0	0	0	0	0	0
XCHTIME	2490	4	16	7059632	78105	18859	164152	2074	6796442	138405198795536	138405253567584	6400
XCHTIME	0	0	0	0	0	0	0	0	0	0	0	0
XCHTIME	2490	4	6	2340608	81253	24495	103823	901	2130136	138405198795536	138405253567584	6400
LIFT	squfl010-080	2490	890	3200	890
COUNTS	squfl010-080	2490	6400	27665	27665
XCHTIME	0	0	0	0	0	0	0	0	0	0	0	0
XCHTIME	221	2	4	257910	5568	1182	841	197	250122	138405196252016	138405188047456	1048
XCHTIME	0	0	0	0	0	0	0	0	0	0	0	0
XCHTIME	221	2	6	2425029	2668	476	776	338	2420771	138405196252016	138405188047456	1048
XCHTIME	0	0	0	0	0	0	0	0	0	0	0	0
XCHTIME	221	2	5	667592	2674	761	567	269	663321	138405196252016	138405188047456	1048
XCHTIME	0	0	0	0	0	0	0	0	0	0	0	0
XCHTIME	221	4	18	4832385	2703	459	1397	928	4826898	138405196252016	138405188047456	1048
LADGATE	221	10000	0.230	1
XCHTIME	0	0	0	0	0	0	0	0	0	0	0	0
XCHTIME	221	5	26	6119776	3042	1033	1884	1292	6112525	138405196252016	138405188047456	1048
XCHTIME	0	0	0	0	0	0	0	0	0	0	0	0
XCHTIME	221	4	66	2034113	2540	582	1143	2864	2026984	138405196252016	138405188047456	1048
XCHTIME	0	0	0	0	0	0	0	0	0	0	0	0
XCHTIME	221	4	15	882653	4069	1280	1557	752	874995	138405196252016	138405188047456	1048
XCHTIME	0	0	0	0	0	0	0	0	0	0	0	0
XCHTIME	221	4	10	446209	2970	529	1200	581	440929	138405196252016	138405188047456	1048
XCHTIME	0	0	0	0	0	0	0	0	0	0	0	0
XCHTIME	221	4	18	4862914	2484	542	2294	875	4856719	138405196252016	138405188047456	1048
XCHTIME	0	0	0	0	0	0	0	0	0	0	0	0
XCHTIME	221	4	11	271289	2906	880	1045	496	265962	138405196252016	138405188047456	1048
XCHTIME	0	0	0	0	0	0	0	0	0	0	0	0
XCHTIME	221	4	14	1401464	2606	521	1141	770	1396426	138405196252016	138405188047456	1048
XCHTIME	0	0	0	0	0	0	0	0	0	0	0	0
XCHTIME	221	4	13	2601925	2566	510	1213	664	2596972	138405196252016	138405188047456	1048
XCHTIME	0	0	0	0	0	0	0	0	0	0	0	0
XCHTIME	221	4	16	14920677	2531	674	2411	895	14914166	138405196252016	138405188047456	1048
XCHTIME	0	0	0	0	0	0	0	0	0	0	0	0
XCHTIME	221	4	6	187652	3166	1175	1120	301	181890	138405196252016	138405188047456	1048
LIFT	genpooling_lee2	221	145	896	145
COUNTS	genpooling_lee2	221	1048	19895	14028
XCHTIME	0	0	0	0	0	0	0	0	0	0	0	0
XCHTIME	2807	1	0	2208168	147365	41950	45999	0	1972854	138405253646912	138404989657616	13904
XCHTIME	0	0	0	0	0	0	0	0	0	0	0	0
XCHTIME	2807	1	0	4839699	129503	41327	36058	0	4632811	138405253646912	138404989657616	13904
XCHTIME	0	0	0	0	0	0	0	0	0	0	0	0
XCHTIME	2807	1	0	3940841	136291	51416	46490	0	3706644	138405253646912	138404989657616	13904
XCHTIME	0	0	0	0	0	0	0	0	0	0	0	0
XCHTIME	2807	1	0	11752379	139641	41507	35748	0	11535483	138405253646912	138404989657616	13904
LADGATE	2807	10000	0.615	1
XCHTIME	0	0	0	0	0	0	0	0	0	0	0	0
XCHTIME	2807	5	26	86348721	120904	32106	229416	5070	85961225	138405253646912	138404989657616	13904
XCHTIME	0	0	0	0	0	0	0	0	0	0	0	0
XCHTIME	2807	1	0	6242972	136696	46987	43415	0	6015874	138405253646912	138404989657616	13904
XCHTIME	0	0	0	0	0	0	0	0	0	0	0	0
XCHTIME	2807	2	4	6747480	140526	55821	90532	658	6459943	138405253646912	138404989657616	13904
XCHTIME	0	0	0	0	0	0	0	0	0	0	0	0
XCHTIME	2807	4	10	10247340	121756	38020	154738	1674	9931152	138405253646912	138404989657616	13904
XCHTIME	0	0	0	0	0	0	0	0	0	0	0	0
XCHTIME	2807	1	0	11768633	123223	37998	35250	0	11572162	138405253646912	138404989657616	13904
XCHTIME	0	0	0	0	0	0	0	0	0	0	0	0
XCHTIME	2807	4	11	6984862	134227	44219	149608	1732	6655076	138405253646912	138404989657616	13904
XCHTIME	0	0	0	0	0	0	0	0	0	0	0	0
XCHTIME	2807	2	4	12960521	101093	25361	58719	641	12774707	138405253646912	138404989657616	13904
XCHTIME	0	0	0	0	0	0	0	0	0	0	0	0
XCHTIME	2807	1	0	12417839	123821	34444	32469	0	12227105	138405253646912	138404989657616	13904
XCHTIME	0	0	0	0	0	0	0	0	0	0	0	0
XCHTIME	2807	1	0	11418628	134220	39160	36637	0	11208611	138405253646912	138404989657616	13904
XCHTIME	0	0	0	0	0	0	0	0	0	0	0	0
XCHTIME	2807	4	6	5099484	139125	54308	152147	1324	4752580	138405253646912	138404989657616	13904
LIFT	popdynm25	2807	2349	13004	2349
COUNTS	popdynm25	2807	13904	360081	286728
XCHTIME	0	0	0	0	0	0	0	0	0	0	0	0
XCHTIME	5211	1	0	2096863	497291	222977	217360	0	1159235	138405205952944	138405203627296	16740
XCHTIME	0	0	0	0	0	0	0	0	0	0	0	0
XCHTIME	5211	1	0	1994092	510576	266807	221367	0	995342	138405205952944	138405203627296	16740
XCHTIME	0	0	0	0	0	0	0	0	0	0	0	0
XCHTIME	5211	1	0	2206605	469430	238229	220778	0	1278168	138405205952944	138405203627296	16740
XCHTIME	0	0	0	0	0	0	0	0	0	0	0	0
XCHTIME	5211	1	0	11517753	508295	239176	221794	0	10548488	138405205952944	138405203627296	16740
LADGATE	5211	10000	0.758	1
XCHTIME	0	0	0	0	0	0	0	0	0	0	0	0
XCHTIME	5211	5	26	113502460	487496	236442	1205365	6554	111566603	138405205952944	138405203627296	16740
XCHTIME	0	0	0	0	0	0	0	0	0	0	0	0
XCHTIME	5211	1	0	6365812	499737	264372	218071	0	5383632	138405205952944	138405203627296	16740
XCHTIME	0	0	0	0	0	0	0	0	0	0	0	0
XCHTIME	5211	2	4	6325587	496988	239777	456173	1182	5131467	138405205952944	138405203627296	16740
XCHTIME	0	0	0	0	0	0	0	0	0	0	0	0
XCHTIME	5211	4	10	10624665	506885	224368	855207	2888	9035317	138405205952944	138405203627296	16740
XCHTIME	0	0	0	0	0	0	0	0	0	0	0	0
XCHTIME	5211	2	5	12383434	498302	244016	443946	1334	11195836	138405205952944	138405203627296	16740
XCHTIME	0	0	0	0	0	0	0	0	0	0	0	0
XCHTIME	5211	4	11	9674913	501385	244405	870129	4040	8054954	138405205952944	138405203627296	16740
XCHTIME	0	0	0	0	0	0	0	0	0	0	0	0
XCHTIME	5211	4	14	12216767	516643	220235	862952	3860	10613077	138405205952944	138405203627296	16740
XCHTIME	0	0	0	0	0	0	0	0	0	0	0	0
XCHTIME	5211	3	12	12291797	466519	218982	683937	3219	10919140	138405205952944	138405203627296	16740
XCHTIME	0	0	0	0	0	0	0	0	0	0	0	0
XCHTIME	5211	1	0	12657965	506851	231304	217446	0	11702364	138405205952944	138405203627296	16740
XCHTIME	0	0	0	0	0	0	0	0	0	0	0	0
XCHTIME	5211	4	6	9039613	500628	246534	871330	1728	7419393	138405205952944	138405203627296	16740
LIFT	chp_partload	5211	3186	12690	3186
COUNTS	chp_partload	5211	16740	509170	373130
XCHTIME	0	0	0	0	0	0	0	0	0	0	0	0
XCHTIME	560	2	4	1198277	156006	4399	2491	323	1035058	138405228734816	138405228739312	120274
XCHTIME	0	0	0	0	0	0	0	0	0	0	0	0
XCHTIME	560	1	0	9688206	160417	2605	1227	0	9523957	138405228734816	138405228739312	120274
XCHTIME	0	0	0	0	0	0	0	0	0	0	0	0
XCHTIME	560	2	5	6031379	155719	3236	3039	387	5868998	138405228734816	138405228739312	120274
XCHTIME	0	0	0	0	0	0	0	0	0	0	0	0
XCHTIME	560	2	5	19597692	155920	2646	4270	601	19434255	138405228734816	138405228739312	120274
LADGATE	560	10000	0.236	1
XCHTIME	0	0	0	0	0	0	0	0	0	0	0	0
XCHTIME	560	4	10	2239715	154244	3304	4868	572	2076727	138405228734816	138405228739312	120274
XCHTIME	0	0	0	0	0	0	0	0	0	0	0	0
XCHTIME	560	4	66	1733920	169648	4224	5909	4461	1549678	138405228734816	138405228739312	120274
XCHTIME	0	0	0	0	0	0	0	0	0	0	0	0
XCHTIME	560	4	15	5456327	157979	2986	5398	1025	5288939	138405228734816	138405228739312	120274
XCHTIME	0	0	0	0	0	0	0	0	0	0	0	0
XCHTIME	560	4	10	2291732	155343	2465	7197	582	2126145	138405228734816	138405228739312	120274
XCHTIME	0	0	0	0	0	0	0	0	0	0	0	0
XCHTIME	560	2	5	19574325	154869	3031	3233	512	19412680	138405228734816	138405228739312	120274
XCHTIME	0	0	0	0	0	0	0	0	0	0	0	0
XCHTIME	560	4	11	1569078	161921	2687	4847	635	1398988	138405228734816	138405228739312	120274
XCHTIME	0	0	0	0	0	0	0	0	0	0	0	0
XCHTIME	560	4	14	11634276	150163	1805	5401	1035	11475872	138405228734816	138405228739312	120274
XCHTIME	0	0	0	0	0	0	0	0	0	0	0	0
XCHTIME	560	4	13	19048079	164028	2623	6331	1229	18873868	138405228734816	138405228739312	120274
XCHTIME	0	0	0	0	0	0	0	0	0	0	0	0
XCHTIME	560	1	0	19460771	156891	2323	1237	0	19300320	138405228734816	138405228739312	120274
XCHTIME	0	0	0	0	0	0	0	0	0	0	0	0
XCHTIME	560	4	6	1267900	156814	3527	4935	334	1102290	138405228734816	138405228739312	120274
LIFT	qspp_0_14_0_1_10_1	560	364	119024	364
COUNTS	qspp_0_14_0_1_10_1	560	120274	16119226	16038266
XCHTIME	0	0	0	0	0	0	0	0	0	0	0	0
XCHTIME	24	2	4	49573	788	467	167	98	48053	138405188475680	138405208051696	66
XCHTIME	0	0	0	0	0	0	0	0	0	0	0	0
XCHTIME	24	2	6	323802	495	302	141	143	322721	138405188475680	138405208051696	66
XCHTIME	0	0	0	0	0	0	0	0	0	0	0	0
XCHTIME	24	2	5	120157	728	263	101	109	118956	138405188475680	138405208051696	66
XCHTIME	0	0	0	0	0	0	0	0	0	0	0	0
XCHTIME	24	4	18	521154	581	237	187	382	519767	138405188475680	138405208051696	66
LADGATE	24	10000	0.140	1
XCHTIME	0	0	0	0	0	0	0	0	0	0	0	0
XCHTIME	24	5	26	795139	1065	744	311	589	792430	138405188475680	138405208051696	66
XCHTIME	0	0	0	0	0	0	0	0	0	0	0	0
XCHTIME	24	4	52	6754	555	313	186	1315	4385	138405188475680	138405208051696	66
XCHTIME	0	0	0	0	0	0	0	0	0	0	0	0
XCHTIME	24	4	15	79053	531	280	183	322	77737	138405188475680	138405208051696	66
XCHTIME	0	0	0	0	0	0	0	0	0	0	0	0
XCHTIME	24	4	10	60535	545	223	210	198	59359	138405188475680	138405208051696	66
XCHTIME	0	0	0	0	0	0	0	0	0	0	0	0
XCHTIME	24	4	18	518366	489	217	191	364	517105	138405188475680	138405208051696	66
XCHTIME	0	0	0	0	0	0	0	0	0	0	0	0
XCHTIME	24	4	11	41931	504	228	190	223	40786	138405188475680	138405208051696	66
XCHTIME	0	0	0	0	0	0	0	0	0	0	0	0
XCHTIME	24	4	14	195717	473	203	254	289	194498	138405188475680	138405208051696	66
XCHTIME	0	0	0	0	0	0	0	0	0	0	0	0
XCHTIME	24	4	13	301224	600	210	190	256	299968	138405188475680	138405208051696	66
XCHTIME	0	0	0	0	0	0	0	0	0	0	0	0
XCHTIME	24	4	16	1690365	606	241	340	383	1688795	138405188475680	138405208051696	66
XCHTIME	0	0	0	0	0	0	0	0	0	0	0	0
XCHTIME	24	4	6	22014	977	512	206	122	20197	138405188475680	138405208051696	66
COUNTS	st_glmp_ss1	24	66	160	160
XCHTIME	0	0	0	0	0	0	0	0	0	0	0	0
XCHTIME	2508	1	0	2427052	109912	21949	20860	0	2274331	138405199625200	138405226035200	29808
XCHTIME	0	0	0	0	0	0	0	0	0	0	0	0
XCHTIME	2508	1	0	5375318	142650	33602	22434	0	5176632	138405199625200	138405226035200	29808
XCHTIME	0	0	0	0	0	0	0	0	0	0	0	0
XCHTIME	2508	1	0	3593709	126243	35430	26993	0	3405043	138405199625200	138405226035200	29808
XCHTIME	0	0	0	0	0	0	0	0	0	0	0	0
XCHTIME	2508	1	0	12058322	115348	32168	24764	0	11886042	138405199625200	138405226035200	29808
LADGATE	2508	10000	0.469	1
XCHTIME	0	0	0	0	0	0	0	0	0	0	0	0
XCHTIME	2508	4	10	9486007	116872	35946	123445	2223	9207521	138405199625200	138405226035200	29808
XCHTIME	0	0	0	0	0	0	0	0	0	0	0	0
XCHTIME	2508	2	19	6057853	132480	33780	72862	3762	5814969	138405199625200	138405226035200	29808
XCHTIME	0	0	0	0	0	0	0	0	0	0	0	0
XCHTIME	2508	2	4	6405418	119066	30932	61682	652	6193086	138405199625200	138405226035200	29808
XCHTIME	0	0	0	0	0	0	0	0	0	0	0	0
XCHTIME	2508	4	10	9478755	114783	27639	127121	2275	9206937	138405199625200	138405226035200	29808
XCHTIME	0	0	0	0	0	0	0	0	0	0	0	0
XCHTIME	2508	1	0	12390138	116381	27010	24592	0	12222155	138405199625200	138405226035200	29808
XCHTIME	0	0	0	0	0	0	0	0	0	0	0	0
XCHTIME	2508	4	11	7171110	119367	30290	121172	1792	6898489	138405199625200	138405226035200	29808
XCHTIME	0	0	0	0	0	0	0	0	0	0	0	0
XCHTIME	2508	3	12	12731820	119543	23167	86882	2543	12499685	138405199625200	138405226035200	29808
XCHTIME	0	0	0	0	0	0	0	0	0	0	0	0
XCHTIME	2508	2	4	12446679	111053	24731	55593	629	12254673	138405199625200	138405226035200	29808
XCHTIME	0	0	0	0	0	0	0	0	0	0	0	0
XCHTIME	2508	1	0	14841828	120731	31323	25091	0	14664683	138405199625200	138405226035200	29808
XCHTIME	0	0	0	0	0	0	0	0	0	0	0	0
XCHTIME	2508	4	6	5660220	131997	41074	112028	834	5374287	138405199625200	138405226035200	29808
LIFT	torsion50	2508	1302	20190	1302
COUNTS	torsion50	2508	29808	1691033	1118955
XCHTIME	0	0	0	0	0	0	0	0	0	0	0	0
XCHTIME	40	2	4	64584	1180	670	221	173	62340	138405189481392	138405208074576	340
XCHTIME	0	0	0	0	0	0	0	0	0	0	0	0
XCHTIME	40	2	6	443926	1387	299	160	261	441819	138405189481392	138405208074576	340
XCHTIME	0	0	0	0	0	0	0	0	0	0	0	0
XCHTIME	40	2	5	169733	1125	340	158	194	167916	138405189481392	138405208074576	340
XCHTIME	0	0	0	0	0	0	0	0	0	0	0	0
XCHTIME	40	4	18	1210605	848	311	390	615	1208441	138405189481392	138405208074576	340
LADGATE	40	10000	0.176	1
XCHTIME	0	0	0	0	0	0	0	0	0	0	0	0
XCHTIME	40	4	10	114666	1315	898	323	407	111723	138405189481392	138405208074576	340
XCHTIME	0	0	0	0	0	0	0	0	0	0	0	0
XCHTIME	40	4	66	8885	826	469	318	2411	4861	138405189481392	138405208074576	340
XCHTIME	0	0	0	0	0	0	0	0	0	0	0	0
XCHTIME	40	4	15	176972	693	307	260	477	175235	138405189481392	138405208074576	340
XCHTIME	0	0	0	0	0	0	0	0	0	0	0	0
XCHTIME	40	4	10	113271	810	326	287	332	111516	138405189481392	138405208074576	340
XCHTIME	0	0	0	0	0	0	0	0	0	0	0	0
XCHTIME	40	4	18	1216896	747	284	316	649	1214900	138405189481392	138405208074576	340
XCHTIME	0	0	0	0	0	0	0	0	0	0	0	0
XCHTIME	40	4	11	56647	1030	334	268	364	54651	138405189481392	138405208074576	340
XCHTIME	0	0	0	0	0	0	0	0	0	0	0	0
XCHTIME	40	4	14	346906	798	301	270	464	345073	138405189481392	138405208074576	340
XCHTIME	0	0	0	0	0	0	0	0	0	0	0	0
XCHTIME	40	4	13	582950	920	316	279	419	581016	138405189481392	138405208074576	340
XCHTIME	0	0	0	0	0	0	0	0	0	0	0	0
XCHTIME	40	4	16	3411605	899	311	5246	664	3404485	138405189481392	138405208074576	340
XCHTIME	0	0	0	0	0	0	0	0	0	0	0	0
XCHTIME	40	4	6	31640	1580	579	303	244	28934	138405189481392	138405208074576	340
LIFT	st_rv2	40	10	90	10
COUNTS	st_rv2	40	340	2045	2045
XCHTIME	0	0	0	0	0	0	0	0	0	0	0	0
XCHTIME	6885	1	0	2555296	864328	409580	439718	0	841670	138405226461200	138405203334240	15948
XCHTIME	0	0	0	0	0	0	0	0	0	0	0	0
XCHTIME	6885	1	0	3181224	872641	408021	434525	0	1466037	138405226461200	138405203334240	15948
XCHTIME	0	0	0	0	0	0	0	0	0	0	0	0
XCHTIME	6885	1	0	2922811	819268	422814	459407	0	1221322	138405226461200	138405203334240	15948
XCHTIME	0	0	0	0	0	0	0	0	0	0	0	0
XCHTIME	6885	4	18	11296226	831405	396797	1631372	6498	8430154	138405226461200	138405203334240	15948
LADGATE	6885	10000	0.248	1
XCHTIME	0	0	0	0	0	0	0	0	0	0	0	0
XCHTIME	6885	5	26	14807399	848582	414389	2110487	9986	11423955	138405226461200	138405203334240	15948
XCHTIME	0	0	0	0	0	0	0	0	0	0	0	0
XCHTIME	6885	2	19	6397806	899437	435974	825822	4882	4231691	138405226461200	138405203334240	15948
XCHTIME	0	0	0	0	0	0	0	0	0	0	0	0
XCHTIME	6885	2	4	6477472	891970	422305	900428	1982	4260787	138405226461200	138405203334240	15948
XCHTIME	0	0	0	0	0	0	0	0	0	0	0	0
XCHTIME	6885	4	10	11525436	814439	433961	1678697	4306	8594033	138405226461200	138405203334240	15948
XCHTIME	0	0	0	0	0	0	0	0	0	0	0	0
XCHTIME	6885	4	18	11608539	819777	436945	1661871	7376	8682570	138405226461200	138405203334240	15948
XCHTIME	0	0	0	0	0	0	0	0	0	0	0	0
XCHTIME	6885	4	11	11599704	865640	407684	1649567	4303	8672510	138405226461200	138405203334240	15948
XCHTIME	0	0	0	0	0	0	0	0	0	0	0	0
XCHTIME	6885	4	14	11403992	861971	452562	1695895	6215	8387349	138405226461200	138405203334240	15948
XCHTIME	0	0	0	0	0	0	0	0	0	0	0	0
XCHTIME	6885	4	13	11815687	889641	411663	1690698	5512	8818173	138405226461200	138405203334240	15948
XCHTIME	0	0	0	0	0	0	0	0	0	0	0	0
XCHTIME	6885	4	16	11697350	857118	414415	1663051	6709	8756057	138405226461200	138405203334240	15948
XCHTIME	0	0	0	0	0	0	0	0	0	0	0	0
XCHTIME	6885	4	6	11071257	836195	395458	1637687	2828	8199089	138405226461200	138405203334240	15948
LIFT	emfl100_3_3	6885	2961	8100	2961
COUNTS	emfl100_3_3	6885	15948	55506	55506
COUNTS	pedigree_sim400	351	23546	1183471	1183168
COUNTS	polygon75	5846	49652	1171822	1171822
LIFT	gabriel10	244056	129644	1260406	129644
COUNTS	gabriel10	244056	1148210	1365442310	1267760679
XCHTIME	0	0	0	0	0	0	0	0	0	0	0	0
XCHTIME	1049	2	4	730807	16684	3220	6482	185	704236	138405253669392	138405226956832	4336
XCHTIME	0	0	0	0	0	0	0	0	0	0	0	0
XCHTIME	1049	1	0	6501231	16556	3363	3097	0	6478215	138405253669392	138405226956832	4336
XCHTIME	0	0	0	0	0	0	0	0	0	0	0	0
XCHTIME	1049	2	5	2134097	19377	6165	6447	244	2101864	138405253669392	138405226956832	4336
XCHTIME	0	0	0	0	0	0	0	0	0	0	0	0
XCHTIME	1049	4	18	13266586	16660	3513	16259	932	13229222	138405253669392	138405226956832	4336
LADGATE	1049	10000	0.287	1
XCHTIME	0	0	0	0	0	0	0	0	0	0	0	0
XCHTIME	1049	5	26	17169837	16899	4408	19669	1456	17127405	138405253669392	138405226956832	4336
XCHTIME	0	0	0	0	0	0	0	0	0	0	0	0
XCHTIME	1049	4	66	3972156	17936	4378	17586	3069	3929187	138405253669392	138405226956832	4336
XCHTIME	0	0	0	0	0	0	0	0	0	0	0	0
XCHTIME	1049	4	15	2779459	16962	4479	15264	765	2741989	138405253669392	138405226956832	4336
XCHTIME	0	0	0	0	0	0	0	0	0	0	0	0
XCHTIME	1049	4	10	1501018	17205	4122	13532	406	1465753	138405253669392	138405226956832	4336
XCHTIME	0	0	0	0	0	0	0	0	0	0	0	0
XCHTIME	1049	4	18	13433395	16853	3648	19414	1049	13392431	138405253669392	138405226956832	4336
XCHTIME	0	0	0	0	0	0	0	0	0	0	0	0
XCHTIME	1049	4	11	1206984	17174	4550	13274	488	1171498	138405253669392	138405226956832	4336
XCHTIME	0	0	0	0	0	0	0	0	0	0	0	0
XCHTIME	1049	4	14	4488689	16747	3688	19915	843	4447496	138405253669392	138405226956832	4336
XCHTIME	0	0	0	0	0	0	0	0	0	0	0	0
XCHTIME	1049	4	13	8657771	16831	4549	16273	716	8619402	138405253669392	138405226956832	4336
XCHTIME	0	0	0	0	0	0	0	0	0	0	0	0
XCHTIME	1049	1	0	13681733	17859	4574	3117	0	13656183	138405253669392	138405226956832	4336
XCHTIME	0	0	0	0	0	0	0	0	0	0	0	0
XCHTIME	1049	4	6	840835	24375	9366	12886	392	793816	138405253669392	138405226956832	4336
LIFT	fo9_ar25_1	1049	507	3606	507
COUNTS	fo9_ar25_1	1049	4336	41668	38237
XCHTIME	0	0	0	0	0	0	0	0	0	0	0	0
XCHTIME	1159	2	4	1281800	19466	3838	7489	249	1250758	138405223543824	138405253338784	3168
XCHTIME	0	0	0	0	0	0	0	0	0	0	0	0
XCHTIME	1159	2	6	7696647	19541	3613	11238	374	7661881	138405223543824	138405253338784	3168
XCHTIME	0	0	0	0	0	0	0	0	0	0	0	0
XCHTIME	1159	2	5	3352048	26589	6315	14173	409	3304562	138405223543824	138405253338784	3168
XCHTIME	0	0	0	0	0	0	0	0	0	0	0	0
XCHTIME	1159	4	18	15503643	19974	5008	28400	1034	15449227	138405223543824	138405253338784	3168
LADGATE	1159	10000	0.326	1
XCHTIME	0	0	0	0	0	0	0	0	0	0	0	0
XCHTIME	1159	5	26	24939561	19775	4227	35510	1781	24878268	138405223543824	138405253338784	3168
XCHTIME	0	0	0	0	0	0	0	0	0	0	0	0
XCHTIME	1159	4	66	5828188	22434	6678	31736	2849	5764491	138405223543824	138405253338784	3168
XCHTIME	0	0	0	0	0	0	0	0	0	0	0	0
XCHTIME	1159	4	15	3943971	24245	6749	21957	1030	3889990	138405223543824	138405253338784	3168
XCHTIME	0	0	0	0	0	0	0	0	0	0	0	0
XCHTIME	1159	4	10	2377935	19970	4689	17433	665	2335178	138405223543824	138405253338784	3168
XCHTIME	0	0	0	0	0	0	0	0	0	0	0	0
XCHTIME	1159	4	18	15693468	28381	4953	33141	1439	15625554	138405223543824	138405253338784	3168
XCHTIME	0	0	0	0	0	0	0	0	0	0	0	0
XCHTIME	1159	4	11	1489211	21669	6279	18093	550	1442620	138405223543824	138405253338784	3168
XCHTIME	0	0	0	0	0	0	0	0	0	0	0	0
XCHTIME	1159	4	14	6354560	19949	4040	19760	982	6309829	138405223543824	138405253338784	3168
XCHTIME	0	0	0	0	0	0	0	0	0	0	0	0
XCHTIME	1159	4	13	10808039	20346	5255	27456	1225	10753757	138405223543824	138405253338784	3168
XCHTIME	0	0	0	0	0	0	0	0	0	0	0	0
XCHTIME	1159	1	0	13440737	22207	5153	3892	0	13409485	138405223543824	138405253338784	3168
XCHTIME	0	0	0	0	0	0	0	0	0	0	0	0
XCHTIME	1159	4	6	1083472	26056	9901	16083	372	1031060	138405223543824	138405253338784	3168
LIFT	rsyn0840m	1159	610	2176	610
COUNTS	rsyn0840m	1159	3168	11274	10602
XCHTIME	0	0	0	0	0	0	0	0	0	0	0	0
XCHTIME	548	2	4	1014127	14240	1964	2539	232	995152	138405205948384	138404989821472	2800
XCHTIME	0	0	0	0	0	0	0	0	0	0	0	0
XCHTIME	548	2	6	8183898	8305	1469	2700	476	8170948	138405205948384	138404989821472	2800
XCHTIME	0	0	0	0	0	0	0	0	0	0	0	0
XCHTIME	548	2	5	2846917	8840	1907	2512	321	2833337	138405205948384	138404989821472	2800
XCHTIME	0	0	0	0	0	0	0	0	0	0	0	0
XCHTIME	548	4	18	15501237	8865	2047	5650	1380	15483295	138405205948384	138404989821472	2800
LADGATE	548	10000	0.383	1
XCHTIME	0	0	0	0	0	0	0	0	0	0	0	0
XCHTIME	548	5	26	20053225	8861	1961	6717	2058	20033628	138405205948384	138404989821472	2800
XCHTIME	0	0	0	0	0	0	0	0	0	0	0	0
XCHTIME	548	3	57	6785788	9050	1849	5781	5209	6763899	138405205948384	138404989821472	2800
XCHTIME	0	0	0	0	0	0	0	0	0	0	0	0
XCHTIME	548	4	15	3210982	9468	2342	6037	1073	3192062	138405205948384	138404989821472	2800
XCHTIME	0	0	0	0	0	0	0	0	0	0	0	0
XCHTIME	548	4	10	1993584	8647	1933	7282	695	1975027	138405205948384	138404989821472	2800
XCHTIME	0	0	0	0	0	0	0	0	0	0	0	0
XCHTIME	548	4	18	15663062	9125	2035	7581	1595	15642726	138405205948384	138404989821472	2800
XCHTIME	0	0	0	0	0	0	0	0	0	0	0	0
XCHTIME	548	4	11	1196714	9265	2305	4854	733	1179557	138405205948384	138404989821472	2800
XCHTIME	0	0	0	0	0	0	0	0	0	0	0	0
XCHTIME	548	4	14	5541940	8584	1602	6002	1152	5524600	138405205948384	138404989821472	2800
XCHTIME	0	0	0	0	0	0	0	0	0	0	0	0
XCHTIME	548	4	13	9490450	8507	1883	6312	944	9472804	138405205948384	138404989821472	2800
XCHTIME	0	0	0	0	0	0	0	0	0	0	0	0
XCHTIME	548	2	5	17852901	8819	2078	4443	493	17837068	138405205948384	138404989821472	2800
XCHTIME	0	0	0	0	0	0	0	0	0	0	0	0
XCHTIME	548	4	6	748933	9806	2674	6943	372	729138	138405205948384	138404989821472	2800
LIFT	gancns	548	318	2280	318
COUNTS	gancns	548	2800	69234	58299
XCHTIME	0	0	0	0	0	0	0	0	0	0	0	0
XCHTIME	1049	2	4	739864	18137	4539	8311	187	708690	138405199590320	138405227018288	4336
XCHTIME	0	0	0	0	0	0	0	0	0	0	0	0
XCHTIME	1049	1	0	6400355	16971	3439	3109	0	6376836	138405199590320	138405227018288	4336
XCHTIME	0	0	0	0	0	0	0	0	0	0	0	0
XCHTIME	1049	2	5	2133124	17361	4018	7023	287	2104435	138405199590320	138405227018288	4336
XCHTIME	0	0	0	0	0	0	0	0	0	0	0	0
XCHTIME	1049	4	18	13383863	19345	5787	25141	1033	13332557	138405199590320	138405227018288	4336
LADGATE	1049	10000	0.286	1
XCHTIME	0	0	0	0	0	0	0	0	0	0	0	0
XCHTIME	1049	5	26	17335840	17162	4101	23363	1612	17289602	138405199590320	138405227018288	4336
XCHTIME	0	0	0	0	0	0	0	0	0	0	0	0
XCHTIME	1049	4	66	3974254	18584	4520	17709	3034	3930407	138405199590320	138405227018288	4336
XCHTIME	0	0	0	0	0	0	0	0	0	0	0	0
XCHTIME	1049	4	15	2742820	20709	4728	14182	826	2702375	138405199590320	138405227018288	4336
XCHTIME	0	0	0	0	0	0	0	0	0	0	0	0
XCHTIME	1049	4	10	1509574	17773	3945	13339	479	1474038	138405199590320	138405227018288	4336
XCHTIME	0	0	0	0	0	0	0	0	0	0	0	0
XCHTIME	1049	4	18	13554520	16553	3153	26893	1400	13506521	138405199590320	138405227018288	4336
XCHTIME	0	0	0	0	0	0	0	0	0	0	0	0
XCHTIME	1049	4	11	1239003	18397	4596	16389	490	1199131	138405199590320	138405227018288	4336
XCHTIME	0	0	0	0	0	0	0	0	0	0	0	0
XCHTIME	1049	4	14	4505045	16846	4120	17002	963	4466114	138405199590320	138405227018288	4336
XCHTIME	0	0	0	0	0	0	0	0	0	0	0	0
XCHTIME	1049	4	13	8725932	17341	4225	21610	795	8681961	138405199590320	138405227018288	4336
XCHTIME	0	0	0	0	0	0	0	0	0	0	0	0
XCHTIME	1049	1	0	13841088	18831	5538	3126	0	13813593	138405199590320	138405227018288	4336
XCHTIME	0	0	0	0	0	0	0	0	0	0	0	0
XCHTIME	1049	4	6	833126	27269	8359	12782	387	784329	138405199590320	138405227018288	4336
LIFT	o9_ar4_1	1049	507	3606	507
COUNTS	o9_ar4_1	1049	4336	41668	38237
XCHTIME	0	0	0	0	0	0	0	0	0	0	0	0
XCHTIME	123	2	4	220698	4205	745	404	135	215209	138405192583696	138405253371568	560
XCHTIME	0	0	0	0	0	0	0	0	0	0	0	0
XCHTIME	123	2	6	1874106	1899	411	434	166	1871196	138405192583696	138405253371568	560
XCHTIME	0	0	0	0	0	0	0	0	0	0	0	0
XCHTIME	123	2	5	637311	1697	583	304	151	634576	138405192583696	138405253371568	560
XCHTIME	0	0	0	0	0	0	0	0	0	0	0	0
XCHTIME	123	4	18	3678901	1865	385	802	616	3675233	138405192583696	138405253371568	560
LADGATE	123	10000	0.257	1
XCHTIME	0	0	0	0	0	0	0	0	0	0	0	0
XCHTIME	123	5	26	4774990	2138	1370	920	892	4769670	138405192583696	138405253371568	560
XCHTIME	0	0	0	0	0	0	0	0	0	0	0	0
XCHTIME	123	4	66	2857171	1651	462	914	2599	2851545	138405192583696	138405253371568	560
XCHTIME	0	0	0	0	0	0	0	0	0	0	0	0
XCHTIME	123	4	15	730540	1957	955	566	325	726737	138405192583696	138405253371568	560
XCHTIME	0	0	0	0	0	0	0	0	0	0	0	0
XCHTIME	123	4	10	411282	1706	378	576	213	408409	138405192583696	138405253371568	560
XCHTIME	0	0	0	0	0	0	0	0	0	0	0	0
XCHTIME	123	4	18	3639222	1607	365	706	505	3636039	138405192583696	138405253371568	560
XCHTIME	0	0	0	0	0	0	0	0	0	0	0	0
XCHTIME	123	4	11	246923	1709	461	603	256	243894	138405192583696	138405253371568	560
XCHTIME	0	0	0	0	0	0	0	0	0	0	0	0
XCHTIME	123	4	14	1283859	1708	377	593	346	1280835	138405192583696	138405253371568	560
XCHTIME	0	0	0	0	0	0	0	0	0	0	0	0
XCHTIME	123	4	13	2276410	1797	472	703	374	2273064	138405192583696	138405253371568	560
XCHTIME	0	0	0	0	0	0	0	0	0	0	0	0
XCHTIME	123	4	16	11812458	1628	370	1225	576	11808659	138405192583696	138405253371568	560
XCHTIME	0	0	0	0	0	0	0	0	0	0	0	0
XCHTIME	123	4	6	139237	2324	899	743	162	135109	138405192583696	138405253371568	560
LIFT	ex1265a	123	79	472	79
COUNTS	ex1265a	123	560	3948	3750
XCHTIME	0	0	0	0	0	0	0	0	0	0	0	0
XCHTIME	28	2	4	59615	869	609	184	155	57798	138405192662576	138405188063856	68
XCHTIME	0	0	0	0	0	0	0	0	0	0	0	0
XCHTIME	28	2	6	230485	528	411	159	204	229183	138405192662576	138405188063856	68
XCHTIME	0	0	0	0	0	0	0	0	0	0	0	0
XCHTIME	28	2	5	116149	593	445	104	145	114862	138405192662576	138405188063856	68
XCHTIME	0	0	0	0	0	0	0	0	0	0	0	0
XCHTIME	28	4	18	363156	510	401	189	477	361579	138405192662576	138405188063856	68
LADGATE	28	10000	0.157	1
XCHTIME	0	0	0	0	0	0	0	0	0	0	0	0
XCHTIME	28	5	26	423094	822	856	324	744	420348	138405192662576	138405188063856	68
XCHTIME	0	0	0	0	0	0	0	0	0	0	0	0
XCHTIME	28	4	56	386140	539	350	190	1520	383541	138405192662576	138405188063856	68
XCHTIME	0	0	0	0	0	0	0	0	0	0	0	0
XCHTIME	28	4	15	144167	478	421	200	394	142674	138405192662576	138405188063856	68
XCHTIME	0	0	0	0	0	0	0	0	0	0	0	0
XCHTIME	28	4	10	95259	491	427	218	287	93836	138405192662576	138405188063856	68
XCHTIME	0	0	0	0	0	0	0	0	0	0	0	0
XCHTIME	28	4	18	366841	445	350	211	510	365325	138405192662576	138405188063856	68
XCHTIME	0	0	0	0	0	0	0	0	0	0	0	0
XCHTIME	28	4	11	46815	442	353	191	288	45541	138405192662576	138405188063856	68
XCHTIME	0	0	0	0	0	0	0	0	0	0	0	0
XCHTIME	28	4	14	240220	465	294	227	367	238867	138405192662576	138405188063856	68
XCHTIME	0	0	0	0	0	0	0	0	0	0	0	0
XCHTIME	28	4	13	429573	443	386	230	336	428178	138405192662576	138405188063856	68
XCHTIME	0	0	0	0	0	0	0	0	0	0	0	0
XCHTIME	28	4	16	393343	519	473	290	548	391513	138405192662576	138405188063856	68
XCHTIME	0	0	0	0	0	0	0	0	0	0	0	0
XCHTIME	28	4	6	36984	568	875	192	251	35098	138405192662576	138405188063856	68
COUNTS	ex9_2_6	28	68	190	190
XCHTIME	0	0	0	0	0	0	0	0	0	0	0	0
XCHTIME	481	2	4	1031720	119951	2927	2137	280	906425	138405227079744	138405028876416	88522
XCHTIME	0	0	0	0	0	0	0	0	0	0	0	0
XCHTIME	481	2	6	10246264	110621	1569	2663	436	10130975	138405227079744	138405028876416	88522
XCHTIME	0	0	0	0	0	0	0	0	0	0	0	0
XCHTIME	481	2	5	5191421	112362	1759	2535	339	5074426	138405227079744	138405028876416	88522
XCHTIME	0	0	0	0	0	0	0	0	0	0	0	0
XCHTIME	481	3	15	20682319	110561	1635	4660	1124	20564339	138405227079744	138405028876416	88522
LADGATE	481	10000	0.186	1
XCHTIME	0	0	0	0	0	0	0	0	0	0	0	0
XCHTIME	481	4	10	1900571	113665	2116	4477	624	1779689	138405227079744	138405028876416	88522
XCHTIME	0	0	0	0	0	0	0	0	0	0	0	0
XCHTIME	481	4	66	880878	114029	3025	3606	3772	756446	138405227079744	138405028876416	88522
XCHTIME	0	0	0	0	0	0	0	0	0	0	0	0
XCHTIME	481	4	15	4640099	112995	1987	4610	999	4519508	138405227079744	138405028876416	88522
XCHTIME	0	0	0	0	0	0	0	0	0	0	0	0
XCHTIME	481	4	10	1901114	112703	1953	4011	605	1781842	138405227079744	138405028876416	88522
XCHTIME	0	0	0	0	0	0	0	0	0	0	0	0
XCHTIME	481	3	15	20788357	113905	1530	5192	1132	20666598	138405227079744	138405028876416	88522
XCHTIME	0	0	0	0	0	0	0	0	0	0	0	0
XCHTIME	481	4	11	1332926	116666	2347	5017	633	1208263	138405227079744	138405028876416	88522
XCHTIME	0	0	0	0	0	0	0	0	0	0	0	0
XCHTIME	481	4	14	10075296	111163	1984	4838	986	9956325	138405227079744	138405028876416	88522
XCHTIME	0	0	0	0	0	0	0	0	0	0	0	0
XCHTIME	481	4	13	20238995	116886	2115	6482	1236	20112276	138405227079744	138405028876416	88522
XCHTIME	0	0	0	0	0	0	0	0	0	0	0	0
XCHTIME	481	1	0	19771254	110813	2146	1142	0	19657153	138405227079744	138405028876416	88522
XCHTIME	0	0	0	0	0	0	0	0	0	0	0	0
XCHTIME	481	4	6	1032332	113561	2841	4169	530	911231	138405227079744	138405028876416	88522
LIFT	qspp_0_13_0_1_10_1	481	312	87460	312
COUNTS	qspp_0_13_0_1_10_1	481	88522	10150185	10097446
XCHTIME	0	0	0	0	0	0	0	0	0	0	0	0
XCHTIME	146	2	4	76112	3687	723	425	192	71085	138405253677808	138405196049456	432
XCHTIME	0	0	0	0	0	0	0	0	0	0	0	0
XCHTIME	146	2	6	364542	1679	436	388	183	361856	138405253677808	138405196049456	432
XCHTIME	0	0	0	0	0	0	0	0	0	0	0	0
XCHTIME	146	2	5	126963	1724	458	344	174	124263	138405253677808	138405196049456	432
XCHTIME	0	0	0	0	0	0	0	0	0	0	0	0
XCHTIME	146	4	18	601643	1634	419	782	737	598071	138405253677808	138405196049456	432
LADGATE	146	10000	0.214	1
XCHTIME	0	0	0	0	0	0	0	0	0	0	0	0
XCHTIME	146	5	26	662038	1896	770	1032	957	657383	138405253677808	138405196049456	432
XCHTIME	0	0	0	0	0	0	0	0	0	0	0	0
XCHTIME	146	4	66	5646414	1569	474	993	2568	5640810	138405253677808	138405196049456	432
XCHTIME	0	0	0	0	0	0	0	0	0	0	0	0
XCHTIME	146	4	15	169517	1866	684	754	580	165633	138405253677808	138405196049456	432
XCHTIME	0	0	0	0	0	0	0	0	0	0	0	0
XCHTIME	146	4	10	126971	1661	440	687	308	123875	138405253677808	138405196049456	432
XCHTIME	0	0	0	0	0	0	0	0	0	0	0	0
XCHTIME	146	4	18	586632	1800	425	740	622	583045	138405253677808	138405196049456	432
XCHTIME	0	0	0	0	0	0	0	0	0	0	0	0
XCHTIME	146	4	11	97423	1743	337	715	316	94312	138405253677808	138405196049456	432
XCHTIME	0	0	0	0	0	0	0	0	0	0	0	0
XCHTIME	146	4	14	181456	1582	441	689	494	178250	138405253677808	138405196049456	432
XCHTIME	0	0	0	0	0	0	0	0	0	0	0	0
XCHTIME	146	4	13	330131	1582	286	698	394	327171	138405253677808	138405196049456	432
XCHTIME	0	0	0	0	0	0	0	0	0	0	0	0
XCHTIME	146	4	16	1571792	1611	449	1177	733	1567822	138405253677808	138405196049456	432
XCHTIME	0	0	0	0	0	0	0	0	0	0	0	0
XCHTIME	146	4	6	73298	2230	953	651	207	69257	138405253677808	138405196049456	432
LIFT	slay04m	146	62	264	62
COUNTS	slay04m	146	432	1554	1554
COUNTS	st_e25	20	92	336	262
XCHTIME	0	0	0	0	0	0	0	0	0	0	0	0
XCHTIME	32	2	4	29774	973	863	187	119	27632	138405196125920	138405216194496	100
XCHTIME	0	0	0	0	0	0	0	0	0	0	0	0
XCHTIME	32	2	6	153094	632	294	124	143	151901	138405196125920	138405216194496	100
XCHTIME	0	0	0	0	0	0	0	0	0	0	0	0
XCHTIME	32	2	5	49375	944	330	135	143	47823	138405196125920	138405216194496	100
XCHTIME	0	0	0	0	0	0	0	0	0	0	0	0
XCHTIME	32	4	18	367316	678	270	248	454	365666	138405196125920	138405216194496	100
LADGATE	32	10000	0.173	1
XCHTIME	0	0	0	0	0	0	0	0	0	0	0	0
XCHTIME	32	4	10	51009	973	608	290	280	48858	138405196125920	138405216194496	100
XCHTIME	0	0	0	0	0	0	0	0	0	0	0	0
XCHTIME	32	4	60	643469	648	277	271	1548	640725	138405196125920	138405216194496	100
XCHTIME	0	0	0	0	0	0	0	0	0	0	0	0
XCHTIME	32	4	15	71162	762	423	241	337	69399	138405196125920	138405216194496	100
XCHTIME	0	0	0	0	0	0	0	0	0	0	0	0
XCHTIME	32	4	10	44206	663	294	228	222	42799	138405196125920	138405216194496	100
XCHTIME	0	0	0	0	0	0	0	0	0	0	0	0
XCHTIME	32	4	18	359691	597	193	224	432	358245	138405196125920	138405216194496	100
XCHTIME	0	0	0	0	0	0	0	0	0	0	0	0
XCHTIME	32	4	11	23970	534	240	196	242	22758	138405196125920	138405216194496	100
XCHTIME	0	0	0	0	0	0	0	0	0	0	0	0
XCHTIME	32	4	14	129574	526	386	296	316	128050	138405196125920	138405216194496	100
XCHTIME	0	0	0	0	0	0	0	0	0	0	0	0
XCHTIME	32	4	13	184202	603	246	244	312	182797	138405196125920	138405216194496	100
XCHTIME	0	0	0	0	0	0	0	0	0	0	0	0
XCHTIME	32	4	16	1732071	632	258	238	369	1730574	138405196125920	138405216194496	100
XCHTIME	0	0	0	0	0	0	0	0	0	0	0	0
XCHTIME	32	4	6	21181	1112	588	288	243	18950	138405196125920	138405216194496	100
LIFT	ex8_4_1	32	12	40	12
COUNTS	ex8_4_1	32	100	225	225
XCHTIME	0	0	0	0	0	0	0	0	0	0	0	0
XCHTIME	19	2	4	39555	668	487	180	160	38060	138405198035024	138405199677008	60
XCHTIME	0	0	0	0	0	0	0	0	0	0	0	0
XCHTIME	19	2	6	308388	486	344	115	204	307239	138405198035024	138405199677008	60
XCHTIME	0	0	0	0	0	0	0	0	0	0	0	0
XCHTIME	19	2	5	121651	534	309	137	193	120478	138405198035024	138405199677008	60
XCHTIME	0	0	0	0	0	0	0	0	0	0	0	0
XCHTIME	19	4	18	634681	419	235	192	598	633237	138405198035024	138405199677008	60
LADGATE	19	10000	0.157	1
XCHTIME	0	0	0	0	0	0	0	0	0	0	0	0
XCHTIME	19	5	26	785415	610	419	266	878	783242	138405198035024	138405199677008	60
XCHTIME	0	0	0	0	0	0	0	0	0	0	0	0
XCHTIME	19	4	47	82284	531	298	210	1518	79727	138405198035024	138405199677008	60
XCHTIME	0	0	0	0	0	0	0	0	0	0	0	0
XCHTIME	19	4	15	104544	467	264	168	403	103242	138405198035024	138405199677008	60
XCHTIME	0	0	0	0	0	0	0	0	0	0	0	0
XCHTIME	19	4	10	83565	427	270	160	281	82427	138405198035024	138405199677008	60
XCHTIME	0	0	0	0	0	0	0	0	0	0	0	0
XCHTIME	19	4	18	631319	403	212	200	599	629905	138405198035024	138405199677008	60
XCHTIME	0	0	0	0	0	0	0	0	0	0	0	0
XCHTIME	19	4	11	53039	488	297	159	414	51681	138405198035024	138405199677008	60
XCHTIME	0	0	0	0	0	0	0	0	0	0	0	0
XCHTIME	19	4	14	198864	424	232	175	429	197604	138405198035024	138405199677008	60
XCHTIME	0	0	0	0	0	0	0	0	0	0	0	0
XCHTIME	19	4	13	332442	430	275	180	413	331144	138405198035024	138405199677008	60
XCHTIME	0	0	0	0	0	0	0	0	0	0	0	0
XCHTIME	19	4	16	2219118	472	311	195	541	2217599	138405198035024	138405199677008	60
XCHTIME	0	0	0	0	0	0	0	0	0	0	0	0
XCHTIME	19	4	6	29676	586	604	174	191	28121	138405198035024	138405199677008	60
COUNTS	st_e07	19	60	199	199
XCHTIME	0	0	0	0	0	0	0	0	0	0	0	0
XCHTIME	26	2	4	26220	1016	480	188	102	24434	138405199678960	138405196055616	66
XCHTIME	0	0	0	0	0	0	0	0	0	0	0	0
XCHTIME	26	2	6	147257	587	285	126	120	146139	138405199678960	138405196055616	66
XCHTIME	0	0	0	0	0	0	0	0	0	0	0	0
XCHTIME	26	2	5	75186	720	303	107	99	73957	138405199678960	138405196055616	66
XCHTIME	0	0	0	0	0	0	0	0	0	0	0	0
XCHTIME	26	4	18	350842	631	300	222	410	349279	138405199678960	138405196055616	66
LADGATE	26	10000	0.158	1
XCHTIME	0	0	0	0	0	0	0	0	0	0	0	0
XCHTIME	26	5	26	362053	997	609	271	601	359575	138405199678960	138405196055616	66
XCHTIME	0	0	0	0	0	0	0	0	0	0	0	0
XCHTIME	26	4	54	13209	550	344	242	1425	10648	138405199678960	138405196055616	66
XCHTIME	0	0	0	0	0	0	0	0	0	0	0	0
XCHTIME	26	4	15	83706	557	204	207	303	82435	138405199678960	138405196055616	66
XCHTIME	0	0	0	0	0	0	0	0	0	0	0	0
XCHTIME	26	4	10	55715	494	267	215	202	54537	138405199678960	138405196055616	66
XCHTIME	0	0	0	0	0	0	0	0	0	0	0	0
XCHTIME	26	4	18	350459	494	205	204	389	349167	138405199678960	138405196055616	66
XCHTIME	0	0	0	0	0	0	0	0	0	0	0	0
XCHTIME	26	4	11	34855	541	245	172	219	33678	138405199678960	138405196055616	66
XCHTIME	0	0	0	0	0	0	0	0	0	0	0	0
XCHTIME	26	4	14	77170	474	220	206	282	75988	138405199678960	138405196055616	66
XCHTIME	0	0	0	0	0	0	0	0	0	0	0	0
XCHTIME	26	4	13	186764	579	249	224	276	185436	138405199678960	138405196055616	66
XCHTIME	0	0	0	0	0	0	0	0	0	0	0	0
XCHTIME	26	4	16	898636	549	242	236	387	897222	138405199678960	138405196055616	66
XCHTIME	0	0	0	0	0	0	0	0	0	0	0	0
XCHTIME	26	4	6	22974	726	354	206	121	21567	138405199678960	138405196055616	66
COUNTS	ex1225	26	66	171	161
XCHTIME	0	0	0	0	0	0	0	0	0	0	0	0
XCHTIME	969	2	4	887354	21208	4679	6423	385	854659	138405253633136	138405228585024	5882
XCHTIME	0	0	0	0	0	0	0	0	0	0	0	0
XCHTIME	969	2	6	8260929	17662	3375	9791	911	8229190	138405253633136	138405228585024	5882
XCHTIME	0	0	0	0	0	0	0	0	0	0	0	0
XCHTIME	969	2	5	3000568	17755	3723	6079	525	2972486	138405253633136	138405228585024	5882
XCHTIME	0	0	0	0	0	0	0	0	0	0	0	0
XCHTIME	969	4	18	17258111	18729	4597	19224	1934	17213627	138405253633136	138405228585024	5882
LADGATE	969	10000	0.475	1
XCHTIME	0	0	0	0	0	0	0	0	0	0	0	0
XCHTIME	969	5	26	21937103	17539	3584	24449	2695	21888836	138405253633136	138405228585024	5882
XCHTIME	0	0	0	0	0	0	0	0	0	0	0	0
XCHTIME	969	4	66	7173800	19594	4829	21665	5085	7122627	138405253633136	138405228585024	5882
XCHTIME	0	0	0	0	0	0	0	0	0	0	0	0
XCHTIME	969	4	15	3248102	17704	4488	15475	1315	3209120	138405253633136	138405228585024	5882
XCHTIME	0	0	0	0	0	0	0	0	0	0	0	0
XCHTIME	969	4	10	1718355	18111	4666	14270	894	1680414	138405253633136	138405228585024	5882
XCHTIME	0	0	0	0	0	0	0	0	0	0	0	0
XCHTIME	969	4	18	17218354	16899	3327	23543	2043	17172542	138405253633136	138405228585024	5882
XCHTIME	0	0	0	0	0	0	0	0	0	0	0	0
XCHTIME	969	4	11	1033066	19227	5334	13076	961	994468	138405253633136	138405228585024	5882
XCHTIME	0	0	0	0	0	0	0	0	0	0	0	0
XCHTIME	969	4	14	6073858	16771	2972	14078	1378	6038659	138405253633136	138405228585024	5882
XCHTIME	0	0	0	0	0	0	0	0	0	0	0	0
XCHTIME	969	4	13	10336530	17311	3564	17326	1302	10297027	138405253633136	138405228585024	5882
XCHTIME	0	0	0	0	0	0	0	0	0	0	0	0
XCHTIME	969	2	5	17878702	18132	7115	13589	656	17839210	138405253633136	138405228585024	5882
XCHTIME	0	0	0	0	0	0	0	0	0	0	0	0
XCHTIME	969	4	6	750198	21096	5300	12488	509	710805	138405253633136	138405228585024	5882
LIFT	ndcc13	969	735	6656	735
COUNTS	ndcc13	969	5882	525212	324727
XCHTIME	0	0	0	0	0	0	0	0	0	0	0	0
XCHTIME	1224	2	4	1250056	20545	4046	8787	274	1216404	138405188252080	138405253438112	3384
XCHTIME	0	0	0	0	0	0	0	0	0	0	0	0
XCHTIME	1224	2	6	7672039	20425	3918	15026	726	7631944	138405188252080	138405253438112	3384
XCHTIME	0	0	0	0	0	0	0	0	0	0	0	0
XCHTIME	1224	2	5	2923210	24930	6510	9958	522	2881290	138405188252080	138405253438112	3384
XCHTIME	0	0	0	0	0	0	0	0	0	0	0	0
XCHTIME	1224	4	18	15081877	21553	5411	27646	1244	15026023	138405188252080	138405253438112	3384
LADGATE	1224	10000	0.282	1
XCHTIME	0	0	0	0	0	0	0	0	0	0	0	0
XCHTIME	1224	5	26	21842193	20600	4475	32871	1914	21782333	138405188252080	138405253438112	3384
XCHTIME	0	0	0	0	0	0	0	0	0	0	0	0
XCHTIME	1224	4	66	5785809	23087	5901	34991	3194	5718636	138405188252080	138405253438112	3384
XCHTIME	0	0	0	0	0	0	0	0	0	0	0	0
XCHTIME	1224	4	15	3601390	21490	5822	22466	966	3550646	138405188252080	138405253438112	3384
XCHTIME	0	0	0	0	0	0	0	0	0	0	0	0
XCHTIME	1224	4	10	2336671	22797	5756	19142	572	2288404	138405188252080	138405253438112	3384
XCHTIME	0	0	0	0	0	0	0	0	0	0	0	0
XCHTIME	1224	4	18	15262083	22723	5895	35927	1653	15195885	138405188252080	138405253438112	3384
XCHTIME	0	0	0	0	0	0	0	0	0	0	0	0
XCHTIME	1224	4	11	1539778	24265	7583	19955	604	1487371	138405188252080	138405253438112	3384
XCHTIME	0	0	0	0	0	0	0	0	0	0	0	0
XCHTIME	1224	4	14	5623103	21098	4875	24046	1159	5571925	138405188252080	138405253438112	3384
XCHTIME	0	0	0	0	0	0	0	0	0	0	0	0
XCHTIME	1224	4	13	9543040	22572	5156	26781	986	9487545	138405188252080	138405253438112	3384
XCHTIME	0	0	0	0	0	0	0	0	0	0	0	0
XCHTIME	1224	2	5	14531309	22373	6571	20252	503	14481610	138405188252080	138405253438112	3384
XCHTIME	0	0	0	0	0	0	0	0	0	0	0	0
XCHTIME	1224	4	6	1140697	25540	9703	19420	354	1085680	138405188252080	138405253438112	3384
LIFT	syn10m04m	1224	620	2256	620
COUNTS	syn10m04m	1224	3384	13501	13463
XCHTIME	0	0	0	0	0	0	0	0	0	0	0	0
XCHTIME	18	2	4	34786	768	540	191	155	33132	138405192595840	138405188261888	62
XCHTIME	0	0	0	0	0	0	0	0	0	0	0	0
XCHTIME	18	2	6	316321	520	273	118	201	315209	138405192595840	138405188261888	62
XCHTIME	0	0	0	0	0	0	0	0	0	0	0	0
XCHTIME	18	2	5	104389	648	275	106	151	103209	138405192595840	138405188261888	62
XCHTIME	0	0	0	0	0	0	0	0	0	0	0	0
XCHTIME	18	4	18	489160	470	264	224	552	487650	138405192595840	138405188261888	62
LADGATE	18	10000	0.150	1
XCHTIME	0	0	0	0	0	0	0	0	0	0	0	0
XCHTIME	18	5	26	582178	844	443	286	830	579775	138405192595840	138405188261888	62
XCHTIME	0	0	0	0	0	0	0	0	0	0	0	0
XCHTIME	18	4	45	41650	509	319	174	1450	39198	138405192595840	138405188261888	62
XCHTIME	0	0	0	0	0	0	0	0	0	0	0	0
XCHTIME	18	4	15	101842	600	271	215	384	100372	138405192595840	138405188261888	62
XCHTIME	0	0	0	0	0	0	0	0	0	0	0	0
XCHTIME	18	4	10	74801	466	267	167	250	73651	138405192595840	138405188261888	62
XCHTIME	0	0	0	0	0	0	0	0	0	0	0	0
XCHTIME	18	4	18	492526	519	240	151	501	491115	138405192595840	138405188261888	62
XCHTIME	0	0	0	0	0	0	0	0	0	0	0	0
XCHTIME	18	4	11	45061	560	289	162	286	43764	138405192595840	138405188261888	62
XCHTIME	0	0	0	0	0	0	0	0	0	0	0	0
XCHTIME	18	4	14	178858	550	225	175	382	177526	138405192595840	138405188261888	62
XCHTIME	0	0	0	0	0	0	0	0	0	0	0	0
XCHTIME	18	4	13	240818	542	256	154	353	239513	138405192595840	138405188261888	62
XCHTIME	0	0	0	0	0	0	0	0	0	0	0	0
XCHTIME	18	4	16	912213	502	228	192	479	910812	138405192595840	138405188261888	62
XCHTIME	0	0	0	0	0	0	0	0	0	0	0	0
XCHTIME	18	4	6	26325	526	241	172	178	25208	138405192595840	138405188261888	62
COUNTS	ex5_2_4	18	62	204	193
XCHTIME	0	0	0	0	0	0	0	0	0	0	0	0
XCHTIME	72	2	4	110069	3055	715	250	265	105784	138405187955696	138405224367952	1226
XCHTIME	0	0	0	0	0	0	0	0	0	0	0	0
XCHTIME	72	2	6	1369924	2171	345	233	448	1366727	138405187955696	138405224367952	1226
XCHTIME	0	0	0	0	0	0	0	0	0	0	0	0
XCHTIME	72	2	5	345151	2117	323	324	359	342028	138405187955696	138405224367952	1226
XCHTIME	0	0	0	0	0	0	0	0	0	0	0	0
XCHTIME	72	4	18	2485297	2271	299	440	1423	2480864	138405187955696	138405224367952	1226
LADGATE	72	10000	0.204	1
XCHTIME	0	0	0	0	0	0	0	0	0	0	0	0
XCHTIME	72	4	10	181804	2659	911	389	567	177278	138405187955696	138405224367952	1226
XCHTIME	0	0	0	0	0	0	0	0	0	0	0	0
XCHTIME	72	4	66	28943	2286	386	355	5023	20893	138405187955696	138405224367952	1226
XCHTIME	0	0	0	0	0	0	0	0	0	0	0	0
XCHTIME	72	4	15	393390	2113	334	395	949	389599	138405187955696	138405224367952	1226
XCHTIME	0	0	0	0	0	0	0	0	0	0	0	0
XCHTIME	72	4	10	185664	2064	358	370	525	182347	138405187955696	138405224367952	1226
XCHTIME	0	0	0	0	0	0	0	0	0	0	0	0
XCHTIME	72	4	18	2454273	2196	424	428	1486	2449739	138405187955696	138405224367952	1226
XCHTIME	0	0	0	0	0	0	0	0	0	0	0	0
XCHTIME	72	4	11	102371	2260	470	442	617	98582	138405187955696	138405224367952	1226
XCHTIME	0	0	0	0	0	0	0	0	0	0	0	0
XCHTIME	72	4	14	742402	2189	307	404	917	738585	138405187955696	138405224367952	1226
XCHTIME	0	0	0	0	0	0	0	0	0	0	0	0
XCHTIME	72	4	13	1382767	2275	327	392	985	1378788	138405187955696	138405224367952	1226
XCHTIME	0	0	0	0	0	0	0	0	0	0	0	0
XCHTIME	72	4	16	10512109	2263	360	788	1552	10507146	138405187955696	138405224367952	1226
XCHTIME	0	0	0	0	0	0	0	0	0	0	0	0
XCHTIME	72	4	6	56070	3200	1013	409	155	51293	138405187955696	138405224367952	1226
LIFT	st_m2	72	21	420	21
COUNTS	st_m2	72	1226	16331	16331
XCHTIME	0	0	0	0	0	0	0	0	0	0	0	0
XCHTIME	16	2	4	27157	590	445	112	136	25874	138405193238480	138405187932480	44
XCHTIME	0	0	0	0	0	0	0	0	0	0	0	0
XCHTIME	16	2	6	95068	452	316	81	206	94013	138405193238480	138405187932480	44
XCHTIME	0	0	0	0	0	0	0	0	0	0	0	0
XCHTIME	16	2	5	98383	591	298	93	148	97253	138405193238480	138405187932480	44
XCHTIME	0	0	0	0	0	0	0	0	0	0	0	0
XCHTIME	16	4	18	483122	451	252	156	574	481689	138405193238480	138405187932480	44
LADGATE	16	10000	0.135	1
XCHTIME	0	0	0	0	0	0	0	0	0	0	0	0
XCHTIME	16	5	26	496446	431	427	201	792	494595	138405193238480	138405187932480	44
XCHTIME	0	0	0	0	0	0	0	0	0	0	0	0
XCHTIME	16	4	41	12629	507	405	167	1091	10459	138405193238480	138405187932480	44
XCHTIME	0	0	0	0	0	0	0	0	0	0	0	0
XCHTIME	16	4	15	73770	362	259	131	324	72694	138405193238480	138405187932480	44
XCHTIME	0	0	0	0	0	0	0	0	0	0	0	0
XCHTIME	16	4	10	52846	407	231	128	218	51862	138405193238480	138405187932480	44
XCHTIME	0	0	0	0	0	0	0	0	0	0	0	0
XCHTIME	16	4	18	464516	381	278	134	463	463260	138405193238480	138405187932480	44
XCHTIME	0	0	0	0	0	0	0	0	0	0	0	0
XCHTIME	16	4	11	38553	517	261	124	241	37410	138405193238480	138405187932480	44
XCHTIME	0	0	0	0	0	0	0	0	0	0	0	0
XCHTIME	16	4	14	118221	315	202	147	324	117233	138405193238480	138405187932480	44
XCHTIME	0	0	0	0	0	0	0	0	0	0	0	0
XCHTIME	16	4	13	193809	360	228	141	311	192769	138405193238480	138405187932480	44
XCHTIME	0	0	0	0	0	0	0	0	0	0	0	0
XCHTIME	16	4	16	2475794	330	200	143	485	2474636	138405193238480	138405187932480	44
XCHTIME	0	0	0	0	0	0	0	0	0	0	0	0
XCHTIME	16	4	6	18126	730	394	131	141	16730	138405193238480	138405187932480	44
COUNTS	st_bpk1	16	44	115	108
XCHTIME	0	0	0	0	0	0	0	0	0	0	0	0
XCHTIME	736	2	4	1177938	18385	2451	3708	243	1153151	138405253640912	138405205994656	3594
XCHTIME	0	0	0	0	0	0	0	0	0	0	0	0
XCHTIME	736	2	6	8181850	10879	2240	3961	414	8164356	138405253640912	138405205994656	3594
XCHTIME	0	0	0	0	0	0	0	0	0	0	0	0
XCHTIME	736	2	5	3499624	11751	2376	3564	308	3481625	138405253640912	138405205994656	3594
XCHTIME	0	0	0	0	0	0	0	0	0	0	0	0
XCHTIME	736	4	18	17334628	11035	2103	8335	1077	17312078	138405253640912	138405205994656	3594
LADGATE	736	10000	0.550	1
XCHTIME	0	0	0	0	0	0	0	0	0	0	0	0
XCHTIME	736	5	26	26812157	14208	2606	9641	1692	26784010	138405253640912	138405205994656	3594
XCHTIME	0	0	0	0	0	0	0	0	0	0	0	0
XCHTIME	736	3	57	6791597	11452	2421	7399	3141	6767184	138405253640912	138405205994656	3594
XCHTIME	0	0	0	0	0	0	0	0	0	0	0	0
XCHTIME	736	4	15	3754236	11735	3137	7851	783	3730730	138405253640912	138405205994656	3594
XCHTIME	0	0	0	0	0	0	0	0	0	0	0	0
XCHTIME	736	4	10	2238896	11252	2855	7721	530	2216538	138405253640912	138405205994656	3594
XCHTIME	0	0	0	0	0	0	0	0	0	0	0	0
XCHTIME	736	4	18	17465797	10948	2032	10632	1279	17440906	138405253640912	138405205994656	3594
XCHTIME	0	0	0	0	0	0	0	0	0	0	0	0
XCHTIME	736	4	11	1301832	11657	2675	7198	464	1279838	138405253640912	138405205994656	3594
XCHTIME	0	0	0	0	0	0	0	0	0	0	0	0
XCHTIME	736	4	14	6829148	10753	1925	6987	798	6808685	138405253640912	138405205994656	3594
XCHTIME	0	0	0	0	0	0	0	0	0	0	0	0
XCHTIME	736	4	13	11482648	10857	2122	7367	838	11461464	138405253640912	138405205994656	3594
XCHTIME	0	0	0	0	0	0	0	0	0	0	0	0
XCHTIME	736	2	5	16089020	11382	2373	7821	392	16067052	138405253640912	138405205994656	3594
XCHTIME	0	0	0	0	0	0	0	0	0	0	0	0
XCHTIME	736	4	6	891217	13337	3950	7214	301	866415	138405253640912	138405205994656	3594
LIFT	multiplants_stg1	736	321	3112	321
COUNTS	multiplants_stg1	736	3594	197998	155496
XCHTIME	0	0	0	0	0	0	0	0	0	0	0	0
XCHTIME	11251	1	0	5452715	2496441	1162597	1239998	0	553679	138405028147632	138405028237664	41918
XCHTIME	0	0	0	0	0	0	0	0	0	0	0	0
XCHTIME	11251	1	0	6084865	2481596	1199760	1185975	0	1217534	138405028147632	138405028237664	41918
XCHTIME	0	0	0	0	0	0	0	0	0	0	0	0
XCHTIME	11251	1	0	5749147	2458087	1185057	1191018	0	914985	138405028147632	138405028237664	41918
XCHTIME	0	0	0	0	0	0	0	0	0	0	0	0
XCHTIME	11251	1	0	14008966	2506467	1155844	1190939	0	9155716	138405028147632	138405028237664	41918
LADGATE	11251	10000	0.696	0
XCHTIME	0	0	0	0	0	0	0	0	0	0	0	0
XCHTIME	11251	5	26	204698337	2458809	1199098	6076262	11712	194952456	138405028147632	138405028237664	41918
XCHTIME	0	0	0	0	0	0	0	0	0	0	0	0
XCHTIME	11251	1	0	8362657	2514401	1181123	1182964	0	3484169	138405028147632	138405028237664	41918
XCHTIME	0	0	0	0	0	0	0	0	0	0	0	0
XCHTIME	11251	1	0	8808638	2592195	1185598	1166801	0	3864044	138405028147632	138405028237664	41918
XCHTIME	0	0	0	0	0	0	0	0	0	0	0	0
XCHTIME	11251	1	0	13400935	2384021	1173369	1194550	0	8648995	138405028147632	138405028237664	41918
XCHTIME	0	0	0	0	0	0	0	0	0	0	0	0
XCHTIME	11251	1	0	13972341	2477192	1194250	1195273	0	9105626	138405028147632	138405028237664	41918
XCHTIME	0	0	0	0	0	0	0	0	0	0	0	0
XCHTIME	11251	1	0	13038294	2422833	1197416	1179288	0	8238757	138405028147632	138405028237664	41918
XCHTIME	0	0	0	0	0	0	0	0	0	0	0	0
XCHTIME	11251	1	0	14404299	2463103	1194918	1193288	0	9552990	138405028147632	138405028237664	41918
XCHTIME	0	0	0	0	0	0	0	0	0	0	0	0
XCHTIME	11251	1	0	14209831	2494044	1192078	1244954	0	9278755	138405028147632	138405028237664	41918
XCHTIME	0	0	0	0	0	0	0	0	0	0	0	0
XCHTIME	11251	1	0	12355987	2460121	1174570	1189895	0	7531401	138405028147632	138405028237664	41918
XCHTIME	0	0	0	0	0	0	0	0	0	0	0	0
XCHTIME	11251	1	0	12415022	2424221	1193531	1178042	0	7619228	138405028147632	138405028237664	41918
LIFT	powerflow0300p	11251	6342	34748	6342
COUNTS	powerflow0300p	11251	41918	304705	290023
LADGATE	33155	10000	0.483	0
LIFT	nd_netgen-3000-1-1-b-b-ns_7	33155	15155	54000	15155
COUNTS	nd_netgen-3000-1-1-b-b-ns_7	33155	90000	922197	885186
XCHTIME	0	0	0	0	0	0	0	0	0	0	0	0
XCHTIME	803	2	4	1336082	21776	2937	4262	275	1306832	138405253472000	138405230438864	6462
XCHTIME	0	0	0	0	0	0	0	0	0	0	0	0
XCHTIME	803	2	6	8688093	14868	2348	5210	644	8665023	138405253472000	138405230438864	6462
XCHTIME	0	0	0	0	0	0	0	0	0	0	0	0
XCHTIME	803	2	5	4337992	15401	3131	4129	340	4314991	138405253472000	138405230438864	6462
XCHTIME	0	0	0	0	0	0	0	0	0	0	0	0
XCHTIME	803	3	15	17734124	14987	2636	7989	967	17707545	138405253472000	138405230438864	6462
LADGATE	803	10000	0.460	1
XCHTIME	0	0	0	0	0	0	0	0	0	0	0	0
XCHTIME	803	5	26	34474873	14887	2631	12995	1794	34442566	138405253472000	138405230438864	6462
XCHTIME	0	0	0	0	0	0	0	0	0	0	0	0
XCHTIME	803	4	66	7825608	15953	3587	16233	3846	7785989	138405253472000	138405230438864	6462
XCHTIME	0	0	0	0	0	0	0	0	0	0	0	0
XCHTIME	803	4	15	4829382	15446	3455	11857	858	4797766	138405253472000	138405230438864	6462
XCHTIME	0	0	0	0	0	0	0	0	0	0	0	0
XCHTIME	803	4	10	2613023	15331	3121	8988	578	2585005	138405253472000	138405230438864	6462
XCHTIME	0	0	0	0	0	0	0	0	0	0	0	0
XCHTIME	803	3	15	17936177	15935	3558	11242	1043	17904399	138405253472000	138405230438864	6462
XCHTIME	0	0	0	0	0	0	0	0	0	0	0	0
XCHTIME	803	4	11	1374057	17830	5451	14420	834	1335522	138405253472000	138405230438864	6462
XCHTIME	0	0	0	0	0	0	0	0	0	0	0	0
XCHTIME	803	4	14	8549959	15066	2703	12585	801	8518804	138405253472000	138405230438864	6462
XCHTIME	0	0	0	0	0	0	0	0	0	0	0	0
XCHTIME	803	4	13	15096415	16083	3624	13415	881	15062412	138405253472000	138405230438864	6462
XCHTIME	0	0	0	0	0	0	0	0	0	0	0	0
XCHTIME	803	1	0	15859020	16654	3777	2164	0	15836425	138405253472000	138405230438864	6462
XCHTIME	0	0	0	0	0	0	0	0	0	0	0	0
XCHTIME	803	4	6	910377	18919	9626	8807	403	872622	138405253472000	138405230438864	6462
LIFT	sonet23v4	803	547	5952	547
COUNTS	sonet23v4	803	6462	139703	94348
XCHTIME	0	0	0	0	0	0	0	0	0	0	0	0
XCHTIME	1649	2	4	3292755	54232	7608	16311	414	3214190	138405230566592	138405227608096	24192
XCHTIME	0	0	0	0	0	0	0	0	0	0	0	0
XCHTIME	1649	1	0	8158726	52687	7332	7713	0	8090994	138405230566592	138405227608096	24192
XCHTIME	0	0	0	0	0	0	0	0	0	0	0	0
XCHTIME	1649	2	5	6146599	65387	13832	23627	562	6043191	138405230566592	138405227608096	24192
XCHTIME	0	0	0	0	0	0	0	0	0	0	0	0
XCHTIME	1649	1	0	16523077	55440	10370	8961	0	16448306	138405230566592	138405227608096	24192
LADGATE	1649	10000	0.420	1
XCHTIME	0	0	0	0	0	0	0	0	0	0	0	0
XCHTIME	1649	5	26	87188775	53549	7528	90454	2750	87034494	138405230566592	138405227608096	24192
XCHTIME	0	0	0	0	0	0	0	0	0	0	0	0
XCHTIME	1649	3	57	7813157	58307	16426	55049	4235	7679140	138405230566592	138405227608096	24192
XCHTIME	0	0	0	0	0	0	0	0	0	0	0	0
XCHTIME	1649	4	15	6293818	55849	12131	54721	1607	6169510	138405230566592	138405227608096	24192
XCHTIME	0	0	0	0	0	0	0	0	0	0	0	0
XCHTIME	1649	4	10	4147194	53719	8422	40657	880	4043516	138405230566592	138405227608096	24192
XCHTIME	0	0	0	0	0	0	0	0	0	0	0	0
XCHTIME	1649	3	15	16069292	54928	9299	44256	1465	15959344	138405230566592	138405227608096	24192
XCHTIME	0	0	0	0	0	0	0	0	0	0	0	0
XCHTIME	1649	4	11	2981131	61792	12857	43718	1215	2861549	138405230566592	138405227608096	24192
XCHTIME	0	0	0	0	0	0	0	0	0	0	0	0
XCHTIME	1649	4	14	9893217	54504	10860	60120	1921	9765812	138405230566592	138405227608096	24192
XCHTIME	0	0	0	0	0	0	0	0	0	0	0	0
XCHTIME	1649	4	13	15653783	54122	8684	52186	1640	15537151	138405230566592	138405227608096	24192
XCHTIME	0	0	0	0	0	0	0	0	0	0	0	0
XCHTIME	1649	1	0	16784841	58109	12745	8056	0	16705931	138405230566592	138405227608096	24192
XCHTIME	0	0	0	0	0	0	0	0	0	0	0	0
XCHTIME	1649	4	6	2484992	70427	19964	50198	1408	2342995	138405230566592	138405227608096	24192
LIFT	pooling_sppa0pq	1649	1648	24190	1648
COUNTS	pooling_sppa0pq	1649	24192	3745896	1187945
XCHTIME	0	0	0	0	0	0	0	0	0	0	0	0
XCHTIME	645	2	4	1096367	17837	2229	3133	219	1072949	138405203823920	138405226516304	4404
XCHTIME	0	0	0	0	0	0	0	0	0	0	0	0
XCHTIME	645	2	6	9452325	11291	1677	3325	428	9435604	138405203823920	138405226516304	4404
XCHTIME	0	0	0	0	0	0	0	0	0	0	0	0
XCHTIME	645	2	5	3401060	12021	2003	3276	325	3383435	138405203823920	138405226516304	4404
XCHTIME	0	0	0	0	0	0	0	0	0	0	0	0
XCHTIME	645	4	18	19037757	11670	2254	7793	1312	19014728	138405203823920	138405226516304	4404
LADGATE	645	10000	0.551	1
XCHTIME	0	0	0	0	0	0	0	0	0	0	0	0
XCHTIME	645	5	26	26711396	11784	2147	9356	1835	26686274	138405203823920	138405226516304	4404
XCHTIME	0	0	0	0	0	0	0	0	0	0	0	0
XCHTIME	645	3	57	7584772	11120	2446	7612	3774	7559820	138405203823920	138405226516304	4404
XCHTIME	0	0	0	0	0	0	0	0	0	0	0	0
XCHTIME	645	4	15	3722734	12226	2407	7293	810	3699998	138405203823920	138405226516304	4404
XCHTIME	0	0	0	0	0	0	0	0	0	0	0	0
XCHTIME	645	4	10	2103799	11512	2419	6478	629	2082761	138405203823920	138405226516304	4404
XCHTIME	0	0	0	0	0	0	0	0	0	0	0	0
XCHTIME	645	4	18	19030948	11080	1876	11390	1299	19005303	138405203823920	138405226516304	4404
XCHTIME	0	0	0	0	0	0	0	0	0	0	0	0
XCHTIME	645	4	11	1172274	12938	2728	6048	516	1150044	138405203823920	138405226516304	4404
XCHTIME	0	0	0	0	0	0	0	0	0	0	0	0
XCHTIME	645	4	14	6649145	11306	1839	10984	888	6624128	138405203823920	138405226516304	4404
XCHTIME	0	0	0	0	0	0	0	0	0	0	0	0
XCHTIME	645	4	13	11577829	12419	2625	8418	838	11553529	138405203823920	138405226516304	4404
XCHTIME	0	0	0	0	0	0	0	0	0	0	0	0
XCHTIME	645	2	5	18185293	12710	2685	5930	530	18163438	138405203823920	138405226516304	4404
XCHTIME	0	0	0	0	0	0	0	0	0	0	0	0
XCHTIME	645	4	6	768919	11707	2753	5987	230	748242	138405203823920	138405226516304	4404
LIFT	multiplants_mtg1b	645	406	4016	406
COUNTS	multiplants_mtg1b	645	4404	229415	152043
XCHTIME	0	0	0	0	0	0	0	0	0	0	0	0
XCHTIME	338	2	4	305838	7298	1571	1260	171	295538	138405216616160	138405253980688	1168
XCHTIME	0	0	0	0	0	0	0	0	0	0	0	0
XCHTIME	338	2	6	2404224	3677	989	1049	258	2398251	138405216616160	138405253980688	1168
XCHTIME	0	0	0	0	0	0	0	0	0	0	0	0
XCHTIME	338	2	5	729543	3799	998	1144	222	723380	138405216616160	138405253980688	1168
XCHTIME	0	0	0	0	0	0	0	0	0	0	0	0
XCHTIME	338	4	18	4409658	3777	1010	2230	725	4401916	138405216616160	138405253980688	1168
LADGATE	338	10000	0.234	1
XCHTIME	0	0	0	0	0	0	0	0	0	0	0	0
XCHTIME	338	5	26	5368762	4085	1135	2764	1027	5359751	138405216616160	138405253980688	1168
XCHTIME	0	0	0	0	0	0	0	0	0	0	0	0
XCHTIME	338	4	66	3153173	3372	1031	3005	2155	3143610	138405216616160	138405253980688	1168
XCHTIME	0	0	0	0	0	0	0	0	0	0	0	0
XCHTIME	338	4	15	856831	4566	1590	2423	579	847673	138405216616160	138405253980688	1168
XCHTIME	0	0	0	0	0	0	0	0	0	0	0	0
XCHTIME	338	4	10	535105	4047	947	2474	367	527270	138405216616160	138405253980688	1168
XCHTIME	0	0	0	0	0	0	0	0	0	0	0	0
XCHTIME	338	4	18	4416226	3789	911	2388	773	4408365	138405216616160	138405253980688	1168
XCHTIME	0	0	0	0	0	0	0	0	0	0	0	0
XCHTIME	338	4	11	297991	4087	1295	2407	425	289777	138405216616160	138405253980688	1168
XCHTIME	0	0	0	0	0	0	0	0	0	0	0	0
XCHTIME	338	4	14	1567065	3595	902	2340	549	1559679	138405216616160	138405253980688	1168
XCHTIME	0	0	0	0	0	0	0	0	0	0	0	0
XCHTIME	338	4	13	2883973	3688	1021	2263	523	2876478	138405216616160	138405253980688	1168
XCHTIME	0	0	0	0	0	0	0	0	0	0	0	0
XCHTIME	338	4	16	17212861	3691	1070	3809	663	17203628	138405216616160	138405253980688	1168
XCHTIME	0	0	0	0	0	0	0	0	0	0	0	0
XCHTIME	338	4	6	218466	4945	1760	2142	242	209377	138405216616160	138405253980688	1168
LIFT	sssd18-08persp	338	138	768	138
COUNTS	sssd18-08persp	338	1168	4654	4654
XCHTIME	0	0	0	0	0	0	0	0	0	0	0	0
XCHTIME	19	2	4	35690	909	656	145	172	33808	138405187933712	138405215610576	54
XCHTIME	0	0	0	0	0	0	0	0	0	0	0	0
XCHTIME	19	2	6	280649	441	422	140	165	279481	138405187933712	138405215610576	54
XCHTIME	0	0	0	0	0	0	0	0	0	0	0	0
XCHTIME	19	2	5	56593	557	596	111	153	55176	138405187933712	138405215610576	54
XCHTIME	0	0	0	0	0	0	0	0	0	0	0	0
XCHTIME	19	4	18	297069	452	300	183	512	295622	138405187933712	138405215610576	54
LADGATE	19	10000	0.156	1
XCHTIME	0	0	0	0	0	0	0	0	0	0	0	0
XCHTIME	19	5	26	440673	486	603	249	743	438592	138405187933712	138405215610576	54
XCHTIME	0	0	0	0	0	0	0	0	0	0	0	0
XCHTIME	19	4	47	78617	435	407	192	1483	76100	138405187933712	138405215610576	54
XCHTIME	0	0	0	0	0	0	0	0	0	0	0	0
XCHTIME	19	4	15	89053	412	389	200	410	87642	138405187933712	138405215610576	54
XCHTIME	0	0	0	0	0	0	0	0	0	0	0	0
XCHTIME	19	4	10	59610	403	416	173	276	58342	138405187933712	138405215610576	54
XCHTIME	0	0	0	0	0	0	0	0	0	0	0	0
XCHTIME	19	4	18	294835	351	399	182	507	293396	138405187933712	138405215610576	54
XCHTIME	0	0	0	0	0	0	0	0	0	0	0	0
XCHTIME	19	4	11	33415	340	401	159	302	32213	138405187933712	138405215610576	54
XCHTIME	0	0	0	0	0	0	0	0	0	0	0	0
XCHTIME	19	4	14	123602	374	315	172	392	122349	138405187933712	138405215610576	54
XCHTIME	0	0	0	0	0	0	0	0	0	0	0	0
XCHTIME	19	4	13	177574	406	325	185	363	176295	138405187933712	138405215610576	54
XCHTIME	0	0	0	0	0	0	0	0	0	0	0	0
XCHTIME	19	4	16	1229951	377	324	222	475	1228553	138405187933712	138405215610576	54
XCHTIME	0	0	0	0	0	0	0	0	0	0	0	0
XCHTIME	19	4	6	18216	435	561	173	177	16870	138405187933712	138405215610576	54
COUNTS	ex9_1_2	19	54	188	179
XCHTIME	0	0	0	0	0	0	0	0	0	0	0	0
XCHTIME	3670	1	0	2251473	231132	87516	86096	0	1846729	138405228017712	138405028630896	19322
XCHTIME	0	0	0	0	0	0	0	0	0	0	0	0
XCHTIME	3670	1	0	3933587	225432	83446	82772	0	3541937	138405228017712	138405028630896	19322
XCHTIME	0	0	0	0	0	0	0	0	0	0	0	0
XCHTIME	3670	1	0	3314128	226557	99975	83090	0	2904506	138405228017712	138405028630896	19322
XCHTIME	0	0	0	0	0	0	0	0	0	0	0	0
XCHTIME	3670	1	0	11646542	222699	83755	84647	0	11255441	138405228017712	138405028630896	19322
LADGATE	3670	10000	0.792	1
XCHTIME	0	0	0	0	0	0	0	0	0	0	0	0
XCHTIME	3670	5	26	34749100	220389	84456	489340	4685	33950230	138405228017712	138405028630896	19322
XCHTIME	0	0	0	0	0	0	0	0	0	0	0	0
XCHTIME	3670	2	19	4977649	235087	101217	170143	2420	4468782	138405228017712	138405028630896	19322
XCHTIME	0	0	0	0	0	0	0	0	0	0	0	0
XCHTIME	3670	3	12	4578479	245370	100258	300154	2421	3930276	138405228017712	138405028630896	19322
XCHTIME	0	0	0	0	0	0	0	0	0	0	0	0
XCHTIME	3670	4	10	6694123	209813	86191	337313	2320	6058486	138405228017712	138405028630896	19322
XCHTIME	0	0	0	0	0	0	0	0	0	0	0	0
XCHTIME	3670	2	5	10859986	216287	82848	180696	1230	10378925	138405228017712	138405028630896	19322
XCHTIME	0	0	0	0	0	0	0	0	0	0	0	0
XCHTIME	3670	4	11	6100386	216653	86696	338853	2149	5456035	138405228017712	138405028630896	19322
XCHTIME	0	0	0	0	0	0	0	0	0	0	0	0
XCHTIME	3670	4	14	9494490	222853	86290	373627	2808	8808912	138405228017712	138405028630896	19322
XCHTIME	0	0	0	0	0	0	0	0	0	0	0	0
XCHTIME	3670	3	12	9867020	223827	80233	263571	2064	9297325	138405228017712	138405028630896	19322
XCHTIME	0	0	0	0	0	0	0	0	0	0	0	0
XCHTIME	3670	1	0	10844614	206790	77823	79203	0	10480798	138405228017712	138405028630896	19322
XCHTIME	0	0	0	0	0	0	0	0	0	0	0	0
XCHTIME	3670	4	6	5837020	233999	89125	328094	1329	5184473	138405228017712	138405028630896	19322
LIFT	crudeoil_lee1_07	3670	1957	17600	1957
COUNTS	crudeoil_lee1_07	3670	19322	4746188	3506339
XCHTIME	0	0	0	0	0	0	0	0	0	0	0	0
XCHTIME	31	2	4	40290	944	642	198	131	38375	138405188393120	138405188474064	96
XCHTIME	0	0	0	0	0	0	0	0	0	0	0	0
XCHTIME	31	2	6	325419	724	326	133	125	324111	138405188393120	138405188474064	96
XCHTIME	0	0	0	0	0	0	0	0	0	0	0	0
XCHTIME	31	2	5	99860	883	416	302	117	98142	138405188393120	138405188474064	96
XCHTIME	0	0	0	0	0	0	0	0	0	0	0	0
XCHTIME	31	4	18	511400	685	508	275	462	509470	138405188393120	138405188474064	96
LADGATE	31	10000	0.162	1
XCHTIME	0	0	0	0	0	0	0	0	0	0	0	0
XCHTIME	31	5	26	671096	823	884	314	612	668463	138405188393120	138405188474064	96
XCHTIME	0	0	0	0	0	0	0	0	0	0	0	0
XCHTIME	31	4	59	343211	647	303	272	1864	340125	138405188393120	138405188474064	96
XCHTIME	0	0	0	0	0	0	0	0	0	0	0	0
XCHTIME	31	4	15	151029	708	344	233	293	149451	138405188393120	138405188474064	96
XCHTIME	0	0	0	0	0	0	0	0	0	0	0	0
XCHTIME	31	4	10	67193	656	267	212	198	65860	138405188393120	138405188474064	96
XCHTIME	0	0	0	0	0	0	0	0	0	0	0	0
XCHTIME	31	4	18	497570	579	282	226	437	496046	138405188393120	138405188474064	96
XCHTIME	0	0	0	0	0	0	0	0	0	0	0	0
XCHTIME	31	4	11	48140	529	258	210	223	46920	138405188393120	138405188474064	96
XCHTIME	0	0	0	0	0	0	0	0	0	0	0	0
XCHTIME	31	4	14	211946	497	232	226	285	210706	138405188393120	138405188474064	96
XCHTIME	0	0	0	0	0	0	0	0	0	0	0	0
XCHTIME	31	4	13	291502	826	299	223	265	289889	138405188393120	138405188474064	96
XCHTIME	0	0	0	0	0	0	0	0	0	0	0	0
XCHTIME	31	4	16	2707466	778	277	378	457	2705576	138405188393120	138405188474064	96
XCHTIME	0	0	0	0	0	0	0	0	0	0	0	0
XCHTIME	31	4	6	29722	1047	660	271	136	27608	138405188393120	138405188474064	96
COUNTS	pooling_haverly1tp	31	96	423	403
XCHTIME	0	0	0	0	0	0	0	0	0	0	0	0
XCHTIME	230	2	4	190590	6056	1185	710	181	182458	138405208509456	138405206043824	1290
XCHTIME	0	0	0	0	0	0	0	0	0	0	0	0
XCHTIME	230	2	6	1697988	2984	430	657	287	1693630	138405208509456	138405206043824	1290
XCHTIME	0	0	0	0	0	0	0	0	0	0	0	0
XCHTIME	230	2	5	651734	2755	626	604	187	647562	138405208509456	138405206043824	1290
XCHTIME	0	0	0	0	0	0	0	0	0	0	0	0
XCHTIME	230	4	18	3768754	2913	542	1468	747	3763084	138405208509456	138405206043824	1290
LADGATE	230	10000	0.216	1
XCHTIME	0	0	0	0	0	0	0	0	0	0	0	0
XCHTIME	230	5	26	4589853	3182	979	2030	1121	4582541	138405208509456	138405206043824	1290
XCHTIME	0	0	0	0	0	0	0	0	0	0	0	0
XCHTIME	230	4	66	1300012	3020	945	13067	2436	1280544	138405208509456	138405206043824	1290
XCHTIME	0	0	0	0	0	0	0	0	0	0	0	0
XCHTIME	230	4	15	635107	3067	897	1531	583	629029	138405208509456	138405206043824	1290
XCHTIME	0	0	0	0	0	0	0	0	0	0	0	0
XCHTIME	230	4	10	343535	2819	524	1223	362	338607	138405208509456	138405206043824	1290
XCHTIME	0	0	0	0	0	0	0	0	0	0	0	0
XCHTIME	230	4	18	3762404	2673	411	1334	841	3757145	138405208509456	138405206043824	1290
XCHTIME	0	0	0	0	0	0	0	0	0	0	0	0
XCHTIME	230	4	11	242640	2891	536	1058	470	237685	138405208509456	138405206043824	1290
XCHTIME	0	0	0	0	0	0	0	0	0	0	0	0
XCHTIME	230	4	14	1087735	2884	456	1149	563	1082683	138405208509456	138405206043824	1290
XCHTIME	0	0	0	0	0	0	0	0	0	0	0	0
XCHTIME	230	4	13	1942283	2901	517	1103	513	1937249	138405208509456	138405206043824	1290
XCHTIME	0	0	0	0	0	0	0	0	0	0	0	0
XCHTIME	230	4	16	13800839	3059	726	2575	1137	13793342	138405208509456	138405206043824	1290
XCHTIME	0	0	0	0	0	0	0	0	0	0	0	0
XCHTIME	230	4	6	176651	3686	1303	1563	295	169804	138405208509456	138405206043824	1290
LIFT	waterund08	230	120	1760	120
COUNTS	waterund08	230	1290	35284	30110
XCHTIME	0	0	0	0	0	0	0	0	0	0	0	0
XCHTIME	76	2	4	94407	3121	474	316	176	90320	138405197244192	138405216910352	302
XCHTIME	0	0	0	0	0	0	0	0	0	0	0	0
XCHTIME	76	2	6	674950	1774	357	247	216	672356	138405197244192	138405216910352	302
XCHTIME	0	0	0	0	0	0	0	0	0	0	0	0
XCHTIME	76	2	5	247725	1254	441	209	176	245645	138405197244192	138405216910352	302
XCHTIME	0	0	0	0	0	0	0	0	0	0	0	0
XCHTIME	76	4	18	1672369	1198	369	572	589	1669641	138405197244192	138405216910352	302
LADGATE	76	10000	0.146	1
XCHTIME	0	0	0	0	0	0	0	0	0	0	0	0
XCHTIME	76	5	26	2032306	1689	908	761	900	2028048	138405197244192	138405216910352	302
XCHTIME	0	0	0	0	0	0	0	0	0	0	0	0
XCHTIME	76	4	66	74956	1036	477	415	1909	71119	138405197244192	138405216910352	302
XCHTIME	0	0	0	0	0	0	0	0	0	0	0	0
XCHTIME	76	4	15	288546	1276	386	397	460	286027	138405197244192	138405216910352	302
XCHTIME	0	0	0	0	0	0	0	0	0	0	0	0
XCHTIME	76	4	10	156976	1246	332	448	273	154677	138405197244192	138405216910352	302
XCHTIME	0	0	0	0	0	0	0	0	0	0	0	0
XCHTIME	76	4	18	1693462	1190	309	525	707	1690731	138405197244192	138405216910352	302
XCHTIME	0	0	0	0	0	0	0	0	0	0	0	0
XCHTIME	76	4	11	110377	1235	350	412	386	107994	138405197244192	138405216910352	302
XCHTIME	0	0	0	0	0	0	0	0	0	0	0	0
XCHTIME	76	4	14	405376	1213	285	436	471	402971	138405197244192	138405216910352	302
XCHTIME	0	0	0	0	0	0	0	0	0	0	0	0
XCHTIME	76	4	13	875057	1261	337	439	430	872590	138405197244192	138405216910352	302
XCHTIME	0	0	0	0	0	0	0	0	0	0	0	0
XCHTIME	76	4	16	5300131	1431	403	955	587	5296755	138405197244192	138405216910352	302
XCHTIME	0	0	0	0	0	0	0	0	0	0	0	0
XCHTIME	76	4	6	70935	1645	721	370	204	67995	138405197244192	138405216910352	302
LIFT	kall_diffcircles_6	76	45	240	45
COUNTS	kall_diffcircles_6	76	302	1511	1511
XCHTIME	0	0	0	0	0	0	0	0	0	0	0	0
XCHTIME	440	2	4	1012908	11735	2231	5203	358	993381	138405253999136	138405203465328	3040
XCHTIME	0	0	0	0	0	0	0	0	0	0	0	0
XCHTIME	440	2	6	10600046	8076	1258	2310	626	10587776	138405253999136	138405203465328	3040
XCHTIME	0	0	0	0	0	0	0	0	0	0	0	0
XCHTIME	440	2	5	3241970	9377	2047	2163	617	3227766	138405253999136	138405203465328	3040
XCHTIME	0	0	0	0	0	0	0	0	0	0	0	0
XCHTIME	440	4	18	20858095	8112	1440	4246	1904	20842393	138405253999136	138405203465328	3040
LADGATE	440	10000	0.422	1
XCHTIME	0	0	0	0	0	0	0	0	0	0	0	0
XCHTIME	440	4	10	1935672	8494	1801	3455	937	1920985	138405253999136	138405203465328	3040
XCHTIME	0	0	0	0	0	0	0	0	0	0	0	0
XCHTIME	440	4	66	8752298	7428	1095	4988	6872	8731915	138405253999136	138405203465328	3040
XCHTIME	0	0	0	0	0	0	0	0	0	0	0	0
XCHTIME	440	4	15	3633374	8448	1496	17045	1448	3604937	138405253999136	138405203465328	3040
XCHTIME	0	0	0	0	0	0	0	0	0	0	0	0
XCHTIME	440	4	10	1913949	8224	1427	3516	864	1899918	138405253999136	138405203465328	3040
XCHTIME	0	0	0	0	0	0	0	0	0	0	0	0
XCHTIME	440	4	18	20938912	7573	1103	4835	1915	20923486	138405253999136	138405203465328	3040
XCHTIME	0	0	0	0	0	0	0	0	0	0	0	0
XCHTIME	440	4	11	1055312	9022	1499	3584	927	1040280	138405253999136	138405203465328	3040
XCHTIME	0	0	0	0	0	0	0	0	0	0	0	0
XCHTIME	440	4	14	6321732	7779	982	3657	1331	6307983	138405253999136	138405203465328	3040
XCHTIME	0	0	0	0	0	0	0	0	0	0	0	0
XCHTIME	440	4	13	11568155	8066	1197	4817	1343	11552732	138405253999136	138405203465328	3040
XCHTIME	0	0	0	0	0	0	0	0	0	0	0	0
XCHTIME	440	2	5	19635980	8282	1441	2949	811	19622497	138405253999136	138405203465328	3040
XCHTIME	0	0	0	0	0	0	0	0	0	0	0	0
XCHTIME	440	4	6	604939	9177	2014	3279	518	589951	138405253999136	138405203465328	3040
LIFT	chimera_mgw-c8-439-onc8-001	440	423	3066	423
COUNTS	chimera_mgw-c8-439-onc8-001	440	3040	106479	80090
XCHTIME	0	0	0	0	0	0	0	0	0	0	0	0
XCHTIME	160	2	4	234109	4842	680	439	202	227946	138405196276000	138405253418768	828
XCHTIME	0	0	0	0	0	0	0	0	0	0	0	0
XCHTIME	160	2	6	1896243	2448	496	696	234	1892369	138405196276000	138405253418768	828
XCHTIME	0	0	0	0	0	0	0	0	0	0	0	0
XCHTIME	160	2	5	645448	2675	584	616	193	641380	138405196276000	138405253418768	828
XCHTIME	0	0	0	0	0	0	0	0	0	0	0	0
XCHTIME	160	4	18	4105574	2419	469	1107	628	4100951	138405196276000	138405253418768	828
LADGATE	160	10000	0.249	1
XCHTIME	0	0	0	0	0	0	0	0	0	0	0	0
XCHTIME	160	5	26	4899378	2819	933	1702	913	4893011	138405196276000	138405253418768	828
XCHTIME	0	0	0	0	0	0	0	0	0	0	0	0
XCHTIME	160	4	66	1859563	2434	794	1222	2159	1852954	138405196276000	138405253418768	828
XCHTIME	0	0	0	0	0	0	0	0	0	0	0	0
XCHTIME	160	4	15	677073	3037	819	1215	647	671355	138405196276000	138405253418768	828
XCHTIME	0	0	0	0	0	0	0	0	0	0	0	0
XCHTIME	160	4	10	365215	2658	653	862	254	360788	138405196276000	138405253418768	828
XCHTIME	0	0	0	0	0	0	0	0	0	0	0	0
XCHTIME	160	4	18	4148677	2440	492	1552	630	4143563	138405196276000	138405253418768	828
XCHTIME	0	0	0	0	0	0	0	0	0	0	0	0
XCHTIME	160	4	11	246331	3434	1035	1100	534	240228	138405196276000	138405253418768	828
XCHTIME	0	0	0	0	0	0	0	0	0	0	0	0
XCHTIME	160	4	14	1257751	2348	458	817	412	1253716	138405196276000	138405253418768	828
XCHTIME	0	0	0	0	0	0	0	0	0	0	0	0
XCHTIME	160	4	13	2170798	2966	495	1297	425	2165615	138405196276000	138405253418768	828
XCHTIME	0	0	0	0	0	0	0	0	0	0	0	0
XCHTIME	160	4	16	15453887	2567	622	1762	585	15448351	138405196276000	138405253418768	828
XCHTIME	0	0	0	0	0	0	0	0	0	0	0	0
XCHTIME	160	4	6	151996	3023	875	705	167	147226	138405196276000	138405253418768	828
LIFT	waterund11	160	91	642	91
COUNTS	waterund11	160	828	14818	10705
XCHTIME	0	0	0	0	0	0	0	0	0	0	0	0
XCHTIME	16364	0	0	15290961	5053162	10237799	0	0	0	138405030013072	138405030144000	52108
XCHTIME	0	0	0	0	0	0	0	0	0	0	0	0
XCHTIME	16364	1	0	13988780	5037726	6090776	1706144	0	1154134	138405030013072	138405030144000	52108
XCHTIME	0	0	0	0	0	0	0	0	0	0	0	0
XCHTIME	16364	1	0	8824730	5002140	1727106	1732065	0	363419	138405030013072	138405030144000	52108
XCHTIME	0	0	0	0	0	0	0	0	0	0	0	0
XCHTIME	16364	1	0	15130552	5092453	1694861	1729407	0	6613831	138405030013072	138405030144000	52108
LADGATE	16364	10000	0.701	0
XCHTIME	0	0	0	0	0	0	0	0	0	0	0	0
XCHTIME	16364	5	26	230979132	5040833	1745898	8886126	9033	215297242	138405030013072	138405030144000	52108
XCHTIME	0	0	0	0	0	0	0	0	0	0	0	0
XCHTIME	16364	1	0	11180394	5135480	1771988	1733675	0	2539251	138405030013072	138405030144000	52108
XCHTIME	0	0	0	0	0	0	0	0	0	0	0	0
XCHTIME	16364	1	0	11467616	5205715	1751570	1806688	0	2703643	138405030013072	138405030144000	52108
XCHTIME	0	0	0	0	0	0	0	0	0	0	0	0
XCHTIME	16364	1	0	15846132	5096807	1745338	1729155	0	7274832	138405030013072	138405030144000	52108
XCHTIME	0	0	0	0	0	0	0	0	0	0	0	0
XCHTIME	16364	1	0	15879186	5086171	1806498	1732391	0	7254126	138405030013072	138405030144000	52108
XCHTIME	0	0	0	0	0	0	0	0	0	0	0	0
XCHTIME	16364	1	0	15843090	5138329	1751052	1718301	0	7235408	138405030013072	138405030144000	52108
XCHTIME	0	0	0	0	0	0	0	0	0	0	0	0
XCHTIME	16364	1	0	15958549	5052942	1795399	1772925	0	7337283	138405030013072	138405030144000	52108
XCHTIME	0	0	0	0	0	0	0	0	0	0	0	0
XCHTIME	16364	1	0	15834330	5059775	1777513	1745931	0	7251111	138405030013072	138405030144000	52108
XCHTIME	0	0	0	0	0	0	0	0	0	0	0	0
XCHTIME	16364	1	0	16054666	5131749	1784712	1741854	0	7396351	138405030013072	138405030144000	52108
XCHTIME	0	0	0	0	0	0	0	0	0	0	0	0
XCHTIME	16364	1	0	15806020	5107868	1726904	1737342	0	7233906	138405030013072	138405030144000	52108
LIFT	chp_shorttermplan2d	16364	8902	38240	8902
COUNTS	chp_shorttermplan2d	16364	52108	4089003	2054862
XCHTIME	0	0	0	0	0	0	0	0	0	0	0	0
XCHTIME	156	2	4	241628	4495	867	472	354	235440	138405224378928	138405230533088	886
XCHTIME	0	0	0	0	0	0	0	0	0	0	0	0
XCHTIME	156	2	6	2348672	2295	429	762	462	2344724	138405224378928	138405230533088	886
XCHTIME	0	0	0	0	0	0	0	0	0	0	0	0
XCHTIME	156	2	5	732925	2374	761	393	480	728917	138405224378928	138405230533088	886
XCHTIME	0	0	0	0	0	0	0	0	0	0	0	0
XCHTIME	156	4	18	4691282	2211	434	834	1394	4686409	138405224378928	138405230533088	886
LADGATE	156	10000	0.288	1
XCHTIME	0	0	0	0	0	0	0	0	0	0	0	0
XCHTIME	156	4	10	472059	2893	790	899	779	466698	138405224378928	138405230533088	886
XCHTIME	0	0	0	0	0	0	0	0	0	0	0	0
XCHTIME	156	4	66	697030	2115	521	929	4157	689308	138405224378928	138405230533088	886
XCHTIME	0	0	0	0	0	0	0	0	0	0	0	0
XCHTIME	156	4	15	868190	2261	405	819	1086	863619	138405224378928	138405230533088	886
XCHTIME	0	0	0	0	0	0	0	0	0	0	0	0
XCHTIME	156	4	10	443960	2271	467	715	766	439741	138405224378928	138405230533088	886
XCHTIME	0	0	0	0	0	0	0	0	0	0	0	0
XCHTIME	156	4	18	5297193	2239	456	829	1446	5292223	138405224378928	138405230533088	886
XCHTIME	0	0	0	0	0	0	0	0	0	0	0	0
XCHTIME	156	4	11	247859	2370	520	707	831	243431	138405224378928	138405230533088	886
XCHTIME	0	0	0	0	0	0	0	0	0	0	0	0
XCHTIME	156	4	14	1528282	2145	410	806	1082	1523839	138405224378928	138405230533088	886
XCHTIME	0	0	0	0	0	0	0	0	0	0	0	0
XCHTIME	156	4	13	2782474	2262	469	904	1072	2777767	138405224378928	138405230533088	886
XCHTIME	0	0	0	0	0	0	0	0	0	0	0	0
XCHTIME	156	4	16	17758232	2293	470	1517	1447	17752505	138405224378928	138405230533088	886
XCHTIME	0	0	0	0	0	0	0	0	0	0	0	0
XCHTIME	156	4	6	153697	3143	1044	882	526	148102	138405224378928	138405230533088	886
LIFT	sporttournament18	156	136	810	136
COUNTS	sporttournament18	156	886	17568	13608
COUNTS	cvxnonsep_psig30	30	870	9455	9455
XCHTIME	0	0	0	0	0	0	0	0	0	0	0	0
XCHTIME	6089	1	0	3043683	694038	330928	322214	0	1696503	138405027926704	138405031323680	40368
XCHTIME	0	0	0	0	0	0	0	0	0	0	0	0
XCHTIME	6089	1	0	4294870	658442	350700	326899	0	2958829	138405027926704	138405031323680	40368
XCHTIME	0	0	0	0	0	0	0	0	0	0	0	0
XCHTIME	6089	1	0	3603063	715855	321955	320048	0	2245205	138405027926704	138405031323680	40368
XCHTIME	0	0	0	0	0	0	0	0	0	0	0	0
XCHTIME	6089	2	5	11260899	704016	323156	636579	1259	9595889	138405027926704	138405031323680	40368
LADGATE	6089	10000	0.427	1
XCHTIME	0	0	0	0	0	0	0	0	0	0	0	0
XCHTIME	6089	5	26	32478875	722385	316152	1610547	5950	29823841	138405027926704	138405031323680	40368
XCHTIME	0	0	0	0	0	0	0	0	0	0	0	0
XCHTIME	6089	2	19	5484896	716046	330396	646021	3834	3788599	138405027926704	138405031323680	40368
XCHTIME	0	0	0	0	0	0	0	0	0	0	0	0
XCHTIME	6089	2	4	5646255	723053	310709	641640	1342	3969511	138405027926704	138405031323680	40368
XCHTIME	0	0	0	0	0	0	0	0	0	0	0	0
XCHTIME	6089	4	10	9887866	703716	309543	1226950	2773	7644884	138405027926704	138405031323680	40368
XCHTIME	0	0	0	0	0	0	0	0	0	0	0	0
XCHTIME	6089	2	5	11202459	690168	311440	669550	1286	9530015	138405027926704	138405031323680	40368
XCHTIME	0	0	0	0	0	0	0	0	0	0	0	0
XCHTIME	6089	4	11	9901606	678061	324414	1302907	3144	7593080	138405027926704	138405031323680	40368
XCHTIME	0	0	0	0	0	0	0	0	0	0	0	0
XCHTIME	6089	3	12	10518847	645698	309950	952494	2772	8607933	138405027926704	138405031323680	40368
XCHTIME	0	0	0	0	0	0	0	0	0	0	0	0
XCHTIME	6089	3	12	10865772	679711	306189	959296	2784	8917792	138405027926704	138405031323680	40368
XCHTIME	0	0	0	0	0	0	0	0	0	0	0	0
XCHTIME	6089	1	0	10059382	678284	316646	323449	0	8741003	138405027926704	138405031323680	40368
XCHTIME	0	0	0	0	0	0	0	0	0	0	0	0
XCHTIME	6089	4	6	9713520	715958	325706	1233045	1846	7436965	138405027926704	138405031323680	40368
LIFT	ringpack_20_2	6089	3132	37034	3132
COUNTS	ringpack_20_2	6089	40368	1872174	707413
XCHTIME	0	0	0	0	0	0	0	0	0	0	0	0
XCHTIME	1386	2	4	2116166	38128	8271	20988	375	2048404	138405228001840	138405228047088	4310
XCHTIME	0	0	0	0	0	0	0	0	0	0	0	0
XCHTIME	1386	2	6	8546043	42080	13229	24184	457	8466093	138405228001840	138405228047088	4310
XCHTIME	0	0	0	0	0	0	0	0	0	0	0	0
XCHTIME	1386	2	5	3759542	47249	9556	13986	348	3688403	138405228001840	138405228047088	4310
XCHTIME	0	0	0	0	0	0	0	0	0	0	0	0
XCHTIME	1386	3	15	15019267	28672	5558	31050	1095	14952892	138405228001840	138405228047088	4310
LADGATE	1386	10000	0.335	1
XCHTIME	0	0	0	0	0	0	0	0	0	0	0	0
XCHTIME	1386	5	26	27709919	25098	5728	55835	2184	27621074	138405228001840	138405228047088	4310
XCHTIME	0	0	0	0	0	0	0	0	0	0	0	0
XCHTIME	1386	1	0	6375026	33202	10986	6311	0	6324527	138405228001840	138405228047088	4310
XCHTIME	0	0	0	0	0	0	0	0	0	0	0	0
XCHTIME	1386	4	15	4528882	32800	7488	28259	1207	4459128	138405228001840	138405228047088	4310
XCHTIME	0	0	0	0	0	0	0	0	0	0	0	0
XCHTIME	1386	4	10	2664512	26234	6837	20783	620	2610038	138405228001840	138405228047088	4310
XCHTIME	0	0	0	0	0	0	0	0	0	0	0	0
XCHTIME	1386	3	15	15157867	24789	5248	30229	988	15096613	138405228001840	138405228047088	4310
XCHTIME	0	0	0	0	0	0	0	0	0	0	0	0
XCHTIME	1386	4	11	1705813	30184	9178	22233	733	1643485	138405228001840	138405228047088	4310
XCHTIME	0	0	0	0	0	0	0	0	0	0	0	0
XCHTIME	1386	4	14	7520594	25188	5564	25058	1105	7463679	138405228001840	138405228047088	4310
XCHTIME	0	0	0	0	0	0	0	0	0	0	0	0
XCHTIME	1386	4	13	13096739	33700	10342	24868	943	13026886	138405228001840	138405228047088	4310
XCHTIME	0	0	0	0	0	0	0	0	0	0	0	0
XCHTIME	1386	1	0	14214600	33013	8478	5067	0	14168042	138405228001840	138405228047088	4310
XCHTIME	0	0	0	0	0	0	0	0	0	0	0	0
XCHTIME	1386	4	6	1304328	35778	13687	22505	365	1231993	138405228001840	138405228047088	4310
LIFT	blend718	1386	808	3138	808
COUNTS	blend718	1386	4310	70355	61466
XCHTIME	0	0	0	0	0	0	0	0	0	0	0	0
XCHTIME	115	2	4	92157	3777	1089	327	114	86850	138405196083872	138405253478448	724
XCHTIME	0	0	0	0	0	0	0	0	0	0	0	0
XCHTIME	115	2	6	712461	1824	435	334	119	709749	138405196083872	138405253478448	724
XCHTIME	0	0	0	0	0	0	0	0	0	0	0	0
XCHTIME	115	2	5	264457	1714	447	309	110	261877	138405196083872	138405253478448	724
XCHTIME	0	0	0	0	0	0	0	0	0	0	0	0
XCHTIME	115	4	18	1420022	1684	430	693	507	1416708	138405196083872	138405253478448	724
LADGATE	115	10000	0.270	1
XCHTIME	0	0	0	0	0	0	0	0	0	0	0	0
XCHTIME	115	5	26	1937154	2045	1158	752	886	1932313	138405196083872	138405253478448	724
XCHTIME	0	0	0	0	0	0	0	0	0	0	0	0
XCHTIME	115	4	66	266864	1958	544	677	2204	261481	138405196083872	138405253478448	724
XCHTIME	0	0	0	0	0	0	0	0	0	0	0	0
XCHTIME	115	4	15	229381	1887	483	571	357	226083	138405196083872	138405253478448	724
XCHTIME	0	0	0	0	0	0	0	0	0	0	0	0
XCHTIME	115	4	10	153215	1823	498	563	205	150126	138405196083872	138405253478448	724
XCHTIME	0	0	0	0	0	0	0	0	0	0	0	0
XCHTIME	115	4	18	1435849	1940	381	643	622	1432263	138405196083872	138405253478448	724
XCHTIME	0	0	0	0	0	0	0	0	0	0	0	0
XCHTIME	115	4	11	93978	1769	469	502	251	90987	138405196083872	138405253478448	724
XCHTIME	0	0	0	0	0	0	0	0	0	0	0	0
XCHTIME	115	4	14	439178	1630	380	541	358	436269	138405196083872	138405253478448	724
XCHTIME	0	0	0	0	0	0	0	0	0	0	0	0
XCHTIME	115	4	13	723466	1653	399	537	311	720566	138405196083872	138405253478448	724
XCHTIME	0	0	0	0	0	0	0	0	0	0	0	0
XCHTIME	115	4	16	4844097	1582	354	1035	642	4840484	138405196083872	138405253478448	724
XCHTIME	0	0	0	0	0	0	0	0	0	0	0	0
XCHTIME	115	4	6	62758	2392	634	557	131	59044	138405196083872	138405253478448	724
LIFT	wastepaper4	115	50	654	50
COUNTS	wastepaper4	115	724	9711	7183
XCHTIME	0	0	0	0	0	0	0	0	0	0	0	0
XCHTIME	2450	2	4	2021313	146031	51540	94002	756	1728984	138405028106528	138405230579808	7200
XCHTIME	0	0	0	0	0	0	0	0	0	0	0	0
XCHTIME	2450	2	6	2763933	152858	49043	109592	1671	2450769	138405028106528	138405230579808	7200
XCHTIME	0	0	0	0	0	0	0	0	0	0	0	0
XCHTIME	2450	2	5	2393259	186780	70186	118954	885	2016454	138405028106528	138405230579808	7200
XCHTIME	0	0	0	0	0	0	0	0	0	0	0	0
XCHTIME	2450	4	18	5466071	161327	53706	297042	3964	4950032	138405028106528	138405230579808	7200
LADGATE	2450	10000	0.626	1
XCHTIME	0	0	0	0	0	0	0	0	0	0	0	0
XCHTIME	2450	5	26	6697630	180916	66826	397409	5781	6046698	138405028106528	138405230579808	7200
XCHTIME	0	0	0	0	0	0	0	0	0	0	0	0
XCHTIME	2450	4	66	4333793	163999	70997	244902	11693	3842202	138405028106528	138405230579808	7200
XCHTIME	0	0	0	0	0	0	0	0	0	0	0	0
XCHTIME	2450	4	15	3458934	198788	62127	165563	2468	3029988	138405028106528	138405230579808	7200
XCHTIME	0	0	0	0	0	0	0	0	0	0	0	0
XCHTIME	2450	4	10	3374430	134500	33040	139343	1610	3065937	138405028106528	138405230579808	7200
XCHTIME	0	0	0	0	0	0	0	0	0	0	0	0
XCHTIME	2450	4	18	6378042	153282	44991	282788	4931	5892050	138405028106528	138405230579808	7200
XCHTIME	0	0	0	0	0	0	0	0	0	0	0	0
XCHTIME	2450	4	11	5437845	231558	75211	232656	2652	4895768	138405028106528	138405230579808	7200
XCHTIME	0	0	0	0	0	0	0	0	0	0	0	0
XCHTIME	2450	4	14	5486244	219876	52687	265070	4068	4944543	138405028106528	138405230579808	7200
XCHTIME	0	0	0	0	0	0	0	0	0	0	0	0
XCHTIME	2450	4	13	3897434	185874	53261	169489	2212	3486598	138405028106528	138405230579808	7200
XCHTIME	0	0	0	0	0	0	0	0	0	0	0	0
XCHTIME	2450	4	16	14059583	132686	46061	288670	4560	13587606	138405028106528	138405230579808	7200
XCHTIME	0	0	0	0	0	0	0	0	0	0	0	0
XCHTIME	2450	4	6	2679909	172187	62234	154951	1222	2289315	138405028106528	138405230579808	7200
LIFT	squfl010-040persp	2450	850	4000	850
COUNTS	squfl010-040persp	2450	7200	22825	22825
XCHTIME	0	0	0	0	0	0	0	0	0	0	0	0
XCHTIME	10429	1	0	4951032	2185948	1001679	1006050	0	757355	138405030799376	138405034495168	55492
XCHTIME	0	0	0	0	0	0	0	0	0	0	0	0
XCHTIME	10429	1	0	5573856	2209713	1000131	1032440	0	1331572	138405030799376	138405034495168	55492
XCHTIME	0	0	0	0	0	0	0	0	0	0	0	0
XCHTIME	10429	1	0	5332525	2274957	980860	1005341	0	1071367	138405030799376	138405034495168	55492
XCHTIME	0	0	0	0	0	0	0	0	0	0	0	0
XCHTIME	10429	1	0	13284616	2255154	1019738	1021329	0	8988395	138405030799376	138405034495168	55492
LADGATE	10429	10000	1.137	0
XCHTIME	0	0	0	0	0	0	0	0	0	0	0	0
XCHTIME	10429	5	26	217720190	2229165	998259	5206196	9571	209276999	138405030799376	138405034495168	55492
LIFT	crudeoil_lee4_06	10429	6797	109128	6797
COUNTS	crudeoil_lee4_06	10429	55492	65337120	32389047
XCHTIME	0	0	0	0	0	0	0	0	0	0	0	0
XCHTIME	1746	2	4	1528576	37823	7421	16725	271	1466336	138405028126144	138405027827824	4928
XCHTIME	0	0	0	0	0	0	0	0	0	0	0	0
XCHTIME	1746	2	6	6813391	41036	12047	36584	560	6723164	138405028126144	138405027827824	4928
XCHTIME	0	0	0	0	0	0	0	0	0	0	0	0
XCHTIME	1746	2	5	4173790	48430	15843	26245	388	4082884	138405028126144	138405027827824	4928
XCHTIME	0	0	0	0	0	0	0	0	0	0	0	0
XCHTIME	1746	3	15	14063703	47584	11676	74087	1653	13928703	138405028126144	138405027827824	4928
LADGATE	1746	10000	0.557	1
XCHTIME	0	0	0	0	0	0	0	0	0	0	0	0
XCHTIME	1746	5	26	29047594	57962	15436	150495	3186	28820515	138405028126144	138405027827824	4928
XCHTIME	0	0	0	0	0	0	0	0	0	0	0	0
XCHTIME	1746	2	19	5871383	54416	20984	34504	1831	5759648	138405028126144	138405027827824	4928
XCHTIME	0	0	0	0	0	0	0	0	0	0	0	0
XCHTIME	1746	4	15	4747867	43485	11110	58963	1546	4632763	138405028126144	138405027827824	4928
XCHTIME	0	0	0	0	0	0	0	0	0	0	0	0
XCHTIME	1746	4	10	2991228	46059	9477	40318	845	2894529	138405028126144	138405027827824	4928
XCHTIME	0	0	0	0	0	0	0	0	0	0	0	0
XCHTIME	1746	3	15	13508744	38653	7865	58127	1511	13402588	138405028126144	138405027827824	4928
XCHTIME	0	0	0	0	0	0	0	0	0	0	0	0
XCHTIME	1746	4	11	2119140	50647	16676	35777	848	2015192	138405028126144	138405027827824	4928
XCHTIME	0	0	0	0	0	0	0	0	0	0	0	0
XCHTIME	1746	4	14	7646689	37534	8071	54689	1384	7545011	138405028126144	138405027827824	4928
XCHTIME	0	0	0	0	0	0	0	0	0	0	0	0
XCHTIME	1746	4	13	12635758	43033	10067	58046	1285	12523327	138405028126144	138405027827824	4928
XCHTIME	0	0	0	0	0	0	0	0	0	0	0	0
XCHTIME	1746	1	0	13028129	58245	15537	9766	0	12944581	138405028126144	138405027827824	4928
XCHTIME	0	0	0	0	0	0	0	0	0	0	0	0
XCHTIME	1746	4	6	1615625	55330	20910	44956	595	1493834	138405028126144	138405027827824	4928
LIFT	netmod_kar1	1746	798	3664	798
COUNTS	netmod_kar1	1746	4928	56838	43864
XCHTIME	0	0	0	0	0	0	0	0	0	0	0	0
XCHTIME	14	2	4	27612	619	370	128	90	26405	138405215611488	138405253486656	46
XCHTIME	0	0	0	0	0	0	0	0	0	0	0	0
XCHTIME	14	2	6	171647	550	322	83	178	170514	138405215611488	138405253486656	46
XCHTIME	0	0	0	0	0	0	0	0	0	0	0	0
XCHTIME	14	2	5	52558	722	307	70	132	51327	138405215611488	138405253486656	46
XCHTIME	0	0	0	0	0	0	0	0	0	0	0	0
XCHTIME	14	4	18	320240	406	270	119	504	318941	138405215611488	138405253486656	46
LADGATE	14	10000	0.113	1
XCHTIME	0	0	0	0	0	0	0	0	0	0	0	0
XCHTIME	14	5	26	334536	578	540	222	795	332401	138405215611488	138405253486656	46
XCHTIME	0	0	0	0	0	0	0	0	0	0	0	0
XCHTIME	14	4	37	1264454	418	314	130	1586	1262006	138405215611488	138405253486656	46
XCHTIME	0	0	0	0	0	0	0	0	0	0	0	0
XCHTIME	14	4	15	76825	477	374	136	334	75504	138405215611488	138405253486656	46
XCHTIME	0	0	0	0	0	0	0	0	0	0	0	0
XCHTIME	14	4	10	43740	462	293	154	220	42611	138405215611488	138405253486656	46
XCHTIME	0	0	0	0	0	0	0	0	0	0	0	0
XCHTIME	14	4	18	327732	342	235	154	517	326484	138405215611488	138405253486656	46
XCHTIME	0	0	0	0	0	0	0	0	0	0	0	0
XCHTIME	14	4	11	31476	417	262	140	254	30403	138405215611488	138405253486656	46
XCHTIME	0	0	0	0	0	0	0	0	0	0	0	0
XCHTIME	14	4	14	127275	359	237	135	401	126143	138405215611488	138405253486656	46
XCHTIME	0	0	0	0	0	0	0	0	0	0	0	0
XCHTIME	14	4	13	213785	344	222	146	319	212754	138405215611488	138405253486656	46
XCHTIME	0	0	0	0	0	0	0	0	0	0	0	0
XCHTIME	14	4	16	1891046	345	224	227	645	1889605	138405215611488	138405253486656	46
XCHTIME	0	0	0	0	0	0	0	0	0	0	0	0
XCHTIME	14	4	6	20800	834	710	156	136	18964	138405215611488	138405253486656	46
COUNTS	ex8_1_7	14	46	137	128
XCHTIME	0	0	0	0	0	0	0	0	0	0	0	0
XCHTIME	108	2	4	202215	3197	631	361	175	197851	138405196057776	138405028140128	648
XCHTIME	0	0	0	0	0	0	0	0	0	0	0	0
XCHTIME	108	2	6	2502532	1649	418	460	240	2499765	138405196057776	138405028140128	648
XCHTIME	0	0	0	0	0	0	0	0	0	0	0	0
XCHTIME	108	2	5	714794	1801	639	310	209	711835	138405196057776	138405028140128	648
XCHTIME	0	0	0	0	0	0	0	0	0	0	0	0
XCHTIME	108	4	18	4889883	1681	420	1018	984	4885780	138405196057776	138405028140128	648
LADGATE	108	10000	0.201	1
XCHTIME	0	0	0	0	0	0	0	0	0	0	0	0
XCHTIME	108	5	26	6199878	1779	739	953	1079	6195328	138405196057776	138405028140128	648
XCHTIME	0	0	0	0	0	0	0	0	0	0	0	0
XCHTIME	108	4	66	407553	1858	490	550	2633	402022	138405196057776	138405028140128	648
XCHTIME	0	0	0	0	0	0	0	0	0	0	0	0
XCHTIME	108	4	15	735811	1668	356	566	550	732671	138405196057776	138405028140128	648
XCHTIME	0	0	0	0	0	0	0	0	0	0	0	0
XCHTIME	108	4	10	342832	1644	426	485	376	339901	138405196057776	138405028140128	648
XCHTIME	0	0	0	0	0	0	0	0	0	0	0	0
XCHTIME	108	4	18	4762762	1627	366	658	761	4759350	138405196057776	138405028140128	648
XCHTIME	0	0	0	0	0	0	0	0	0	0	0	0
XCHTIME	108	4	11	179478	1637	385	548	432	176476	138405196057776	138405028140128	648
XCHTIME	0	0	0	0	0	0	0	0	0	0	0	0
XCHTIME	108	4	14	1297449	1507	363	586	501	1294492	138405196057776	138405028140128	648
XCHTIME	0	0	0	0	0	0	0	0	0	0	0	0
XCHTIME	108	4	13	2761442	1558	350	574	544	2758416	138405196057776	138405028140128	648
XCHTIME	0	0	0	0	0	0	0	0	0	0	0	0
XCHTIME	108	4	16	17235201	1668	460	1533	1066	17230474	138405196057776	138405028140128	648
XCHTIME	0	0	0	0	0	0	0	0	0	0	0	0
XCHTIME	108	4	6	123694	2752	1173	1134	358	118277	138405196057776	138405028140128	648
LIFT	graphpart_3g-0333-0333	108	81	648	81
COUNTS	graphpart_3g-0333-0333	108	648	44928	36228
XCHTIME	0	0	0	0	0	0	0	0	0	0	0	0
XCHTIME	760	2	4	831870	20098	2955	4422	235	804160	138405199645280	138405230645360	2080
XCHTIME	0	0	0	0	0	0	0	0	0	0	0	0
XCHTIME	760	2	6	5123389	13153	3864	6842	561	5098969	138405199645280	138405230645360	2080
XCHTIME	0	0	0	0	0	0	0	0	0	0	0	0
XCHTIME	760	2	5	1648050	11500	2715	3774	334	1629727	138405199645280	138405230645360	2080
XCHTIME	0	0	0	0	0	0	0	0	0	0	0	0
XCHTIME	760	4	18	10732689	9602	2015	10677	1308	10709087	138405199645280	138405230645360	2080
LADGATE	760	10000	0.310	1
XCHTIME	0	0	0	0	0	0	0	0	0	0	0	0
XCHTIME	760	5	26	12986044	9736	2424	12673	1695	12959516	138405199645280	138405230645360	2080
XCHTIME	0	0	0	0	0	0	0	0	0	0	0	0
XCHTIME	760	4	66	3768380	10211	2375	11933	3669	3740192	138405199645280	138405230645360	2080
XCHTIME	0	0	0	0	0	0	0	0	0	0	0	0
XCHTIME	760	4	15	2537817	10008	3115	10626	961	2513107	138405199645280	138405230645360	2080
XCHTIME	0	0	0	0	0	0	0	0	0	0	0	0
XCHTIME	760	4	10	1692164	11420	4295	11016	786	1664647	138405199645280	138405230645360	2080
XCHTIME	0	0	0	0	0	0	0	0	0	0	0	0
XCHTIME	760	4	18	10601570	11652	3798	10764	1273	10574083	138405199645280	138405230645360	2080
XCHTIME	0	0	0	0	0	0	0	0	0	0	0	0
XCHTIME	760	4	11	1070263	11099	3129	8075	611	1047349	138405199645280	138405230645360	2080
XCHTIME	0	0	0	0	0	0	0	0	0	0	0	0
XCHTIME	760	4	14	3797990	9578	2150	8309	957	3776996	138405199645280	138405230645360	2080
XCHTIME	0	0	0	0	0	0	0	0	0	0	0	0
XCHTIME	760	4	13	6241944	11678	3889	9521	1001	6215855	138405199645280	138405230645360	2080
XCHTIME	0	0	0	0	0	0	0	0	0	0	0	0
XCHTIME	760	2	5	15907907	10415	2923	7257	554	15886758	138405199645280	138405230645360	2080
XCHTIME	0	0	0	0	0	0	0	0	0	0	0	0
XCHTIME	760	4	6	634464	12696	4794	8343	395	608236	138405199645280	138405230645360	2080
LIFT	slay05h	760	340	1400	340
COUNTS	slay05h	760	2080	9815	8795
XCHTIME	0	0	0	0	0	0	0	0	0	0	0	0
XCHTIME	156	2	4	250718	4508	1417	433	196	244164	138404987477920	138405203829104	712
XCHTIME	0	0	0	0	0	0	0	0	0	0	0	0
XCHTIME	156	2	6	2078163	2679	462	713	375	2073934	138404987477920	138405203829104	712
XCHTIME	0	0	0	0	0	0	0	0	0	0	0	0
XCHTIME	156	2	5	591075	2640	814	408	255	586958	138404987477920	138405203829104	712
XCHTIME	0	0	0	0	0	0	0	0	0	0	0	0
XCHTIME	156	4	18	4325711	2529	477	1159	1033	4320513	138404987477920	138405203829104	712
LADGATE	156	10000	0.273	1
XCHTIME	0	0	0	0	0	0	0	0	0	0	0	0
XCHTIME	156	5	26	5141433	3804	1100	1398	1582	5133549	138404987477920	138405203829104	712
XCHTIME	0	0	0	0	0	0	0	0	0	0	0	0
XCHTIME	156	4	66	5487171	2591	492	1401	3948	5478739	138404987477920	138405203829104	712
XCHTIME	0	0	0	0	0	0	0	0	0	0	0	0
XCHTIME	156	4	15	712561	3803	1156	874	722	706006	138404987477920	138405203829104	712
XCHTIME	0	0	0	0	0	0	0	0	0	0	0	0
XCHTIME	156	4	10	466529	25229	624	797	327	439552	138404987477920	138405203829104	712
XCHTIME	0	0	0	0	0	0	0	0	0	0	0	0
XCHTIME	156	4	18	4358625	2499	437	1126	1095	4353468	138404987477920	138405203829104	712
XCHTIME	0	0	0	0	0	0	0	0	0	0	0	0
XCHTIME	156	4	11	282445	2867	560	783	470	277765	138404987477920	138405203829104	712
XCHTIME	0	0	0	0	0	0	0	0	0	0	0	0
XCHTIME	156	4	14	1243039	2569	473	802	610	1238585	138404987477920	138405203829104	712
XCHTIME	0	0	0	0	0	0	0	0	0	0	0	0
XCHTIME	156	4	13	2162300	2546	476	859	614	2157805	138404987477920	138405203829104	712
XCHTIME	0	0	0	0	0	0	0	0	0	0	0	0
XCHTIME	156	4	16	15356244	2672	438	2011	1051	15350072	138404987477920	138405203829104	712
XCHTIME	0	0	0	0	0	0	0	0	0	0	0	0
XCHTIME	156	4	6	176221	3655	1319	877	215	170155	138404987477920	138405203829104	712
LIFT	korcns	156	92	598	92
COUNTS	korcns	156	712	7241	6599
XCHTIME	0	0	0	0	0	0	0	0	0	0	0	0
XCHTIME	5065	1	0	2684531	481211	218084	200570	0	1784666	138405031224432	138405253684704	18730
XCHTIME	0	0	0	0	0	0	0	0	0	0	0	0
XCHTIME	5065	1	0	4074719	421033	211665	192406	0	3249615	138405031224432	138405253684704	18730
XCHTIME	0	0	0	0	0	0	0	0	0	0	0	0
XCHTIME	5065	1	0	3454720	455790	216879	203545	0	2578506	138405031224432	138405253684704	18730
XCHTIME	0	0	0	0	0	0	0	0	0	0	0	0
XCHTIME	5065	1	0	11554911	444650	229041	211835	0	10669385	138405031224432	138405253684704	18730
LADGATE	5065	10000	0.690	1
XCHTIME	0	0	0	0	0	0	0	0	0	0	0	0
XCHTIME	5065	5	26	89724501	481817	221931	1141615	6119	87873019	138405031224432	138405253684704	18730
XCHTIME	0	0	0	0	0	0	0	0	0	0	0	0
XCHTIME	5065	1	0	5294769	499567	215439	202225	0	4377538	138405031224432	138405253684704	18730
XCHTIME	0	0	0	0	0	0	0	0	0	0	0	0
XCHTIME	5065	2	4	6867492	460111	220660	399547	1116	5786058	138405031224432	138405253684704	18730
XCHTIME	0	0	0	0	0	0	0	0	0	0	0	0
XCHTIME	5065	4	10	13252232	455747	212768	821340	2989	11759388	138405031224432	138405253684704	18730
XCHTIME	0	0	0	0	0	0	0	0	0	0	0	0
XCHTIME	5065	1	0	11342636	426014	203274	197174	0	10516174	138405031224432	138405253684704	18730
XCHTIME	0	0	0	0	0	0	0	0	0	0	0	0
XCHTIME	5065	4	11	11219013	459727	217810	799125	7024	9735327	138405031224432	138405253684704	18730
XCHTIME	0	0	0	0	0	0	0	0	0	0	0	0
XCHTIME	5065	2	4	13036506	460733	213500	413335	1581	11947357	138405031224432	138405253684704	18730
XCHTIME	0	0	0	0	0	0	0	0	0	0	0	0
XCHTIME	5065	2	4	12465951	472645	207373	406276	1117	11378540	138405031224432	138405253684704	18730
XCHTIME	0	0	0	0	0	0	0	0	0	0	0	0
XCHTIME	5065	1	0	10750385	490461	217825	200039	0	9842060	138405031224432	138405253684704	18730
XCHTIME	0	0	0	0	0	0	0	0	0	0	0	0
XCHTIME	5065	4	6	9666633	452269	219537	842982	1740	8150105	138405031224432	138405253684704	18730
LIFT	powerflow0118p	5065	2810	15480	2810
COUNTS	powerflow0118p	5065	18730	121503	117327
XCHTIME	0	0	0	0	0	0	0	0	0	0	0	0
XCHTIME	4799	1	0	2483869	390174	182944	184546	0	1726205	138405031158128	138405031678000	20600
XCHTIME	0	0	0	0	0	0	0	0	0	0	0	0
XCHTIME	4799	1	0	4259699	384210	178769	199931	0	3496789	138405031158128	138405031678000	20600
XCHTIME	0	0	0	0	0	0	0	0	0	0	0	0
XCHTIME	4799	1	0	2823724	401127	185883	173078	0	2063636	138405031158128	138405031678000	20600
XCHTIME	0	0	0	0	0	0	0	0	0	0	0	0
XCHTIME	4799	2	5	11119192	388604	180491	368971	1599	10179527	138405031158128	138405031678000	20600
LADGATE	4799	10000	0.773	1
XCHTIME	0	0	0	0	0	0	0	0	0	0	0	0
XCHTIME	4799	5	26	23362032	407867	185962	903764	6945	21857494	138405031158128	138405031678000	20600
XCHTIME	0	0	0	0	0	0	0	0	0	0	0	0
XCHTIME	4799	2	19	5538349	410570	191649	364800	4200	4567130	138405031158128	138405031678000	20600
XCHTIME	0	0	0	0	0	0	0	0	0	0	0	0
XCHTIME	4799	3	12	6196992	384579	180203	524495	3307	5104408	138405031158128	138405031678000	20600
XCHTIME	0	0	0	0	0	0	0	0	0	0	0	0
XCHTIME	4799	4	10	8191760	380751	176556	756643	3371	6874439	138405031158128	138405031678000	20600
XCHTIME	0	0	0	0	0	0	0	0	0	0	0	0
XCHTIME	4799	2	5	11043648	383505	175913	366058	1173	10116999	138405031158128	138405031678000	20600
XCHTIME	0	0	0	0	0	0	0	0	0	0	0	0
XCHTIME	4799	4	11	7568694	396961	178746	680044	3153	6309790	138405031158128	138405031678000	20600
XCHTIME	0	0	0	0	0	0	0	0	0	0	0	0
XCHTIME	4799	4	14	10507659	398430	173884	698474	3620	9233251	138405031158128	138405031678000	20600
XCHTIME	0	0	0	0	0	0	0	0	0	0	0	0
XCHTIME	4799	4	13	11707580	403048	181147	727323	3499	10392563	138405031158128	138405031678000	20600
XCHTIME	0	0	0	0	0	0	0	0	0	0	0	0
XCHTIME	4799	1	0	10068017	391507	187146	172820	0	9316544	138405031158128	138405031678000	20600
XCHTIME	0	0	0	0	0	0	0	0	0	0	0	0
XCHTIME	4799	4	6	7364615	404089	182634	687874	2152	6087866	138405031158128	138405031678000	20600
LIFT	sfacloc2_3_80	4799	2402	16046	2402
COUNTS	sfacloc2_3_80	4799	20600	84672	81119
XCHTIME	0	0	0	0	0	0	0	0	0	0	0	0
XCHTIME	6028	1	0	2931632	654153	326020	310420	0	1641039	138405031264976	138405033446576	17372
XCHTIME	0	0	0	0	0	0	0	0	0	0	0	0
XCHTIME	6028	1	0	4215989	635353	323246	303567	0	2953823	138405031264976	138405033446576	17372
XCHTIME	0	0	0	0	0	0	0	0	0	0	0	0
XCHTIME	6028	1	0	3581285	643915	308983	307492	0	2320895	138405031264976	138405033446576	17372
XCHTIME	0	0	0	0	0	0	0	0	0	0	0	0
XCHTIME	6028	1	0	11872172	666378	347072	331267	0	10527455	138405031264976	138405033446576	17372
LADGATE	6028	10000	0.562	1
XCHTIME	0	0	0	0	0	0	0	0	0	0	0	0
XCHTIME	6028	5	26	101870958	649218	299472	1686934	10276	99225058	138405031264976	138405033446576	17372
XCHTIME	0	0	0	0	0	0	0	0	0	0	0	0
XCHTIME	6028	1	0	5795030	674000	339191	309728	0	4472111	138405031264976	138405033446576	17372
XCHTIME	0	0	0	0	0	0	0	0	0	0	0	0
XCHTIME	6028	1	0	6871816	671810	312759	324767	0	5562480	138405031264976	138405033446576	17372
XCHTIME	0	0	0	0	0	0	0	0	0	0	0	0
XCHTIME	6028	3	9	12851859	644747	318227	948734	3739	10936412	138405031264976	138405033446576	17372
XCHTIME	0	0	0	0	0	0	0	0	0	0	0	0
XCHTIME	6028	1	0	11954858	672731	328669	311517	0	10641941	138405031264976	138405033446576	17372
XCHTIME	0	0	0	0	0	0	0	0	0	0	0	0
XCHTIME	6028	4	11	12806540	657530	336528	1343402	4832	10464248	138405031264976	138405033446576	17372
XCHTIME	0	0	0	0	0	0	0	0	0	0	0	0
XCHTIME	6028	2	4	12941115	702934	304615	649597	1676	11282293	138405031264976	138405033446576	17372
XCHTIME	0	0	0	0	0	0	0	0	0	0	0	0
XCHTIME	6028	1	0	12472362	677252	312013	311402	0	11171695	138405031264976	138405033446576	17372
XCHTIME	0	0	0	0	0	0	0	0	0	0	0	0
XCHTIME	6028	1	0	10240784	632567	332888	300619	0	8974710	138405031264976	138405033446576	17372
XCHTIME	0	0	0	0	0	0	0	0	0	0	0	0
XCHTIME	6028	4	6	12088753	670681	307627	1370574	2609	9737262	138405031264976	138405033446576	17372
LIFT	rsyn0820m04m	6028	3144	12532	3144
COUNTS	rsyn0820m04m	6028	17372	196890	152748
XCHTIME	0	0	0	0	0	0	0	0	0	0	0	0
XCHTIME	1046	2	4	1220711	15381	2935	6442	364	1195589	138405031313216	138405228088064	3024
XCHTIME	0	0	0	0	0	0	0	0	0	0	0	0
XCHTIME	1046	2	6	8093968	15284	3492	8580	443	8066169	138405031313216	138405228088064	3024
XCHTIME	0	0	0	0	0	0	0	0	0	0	0	0
XCHTIME	1046	2	5	3620935	17133	4380	7519	424	3591479	138405031313216	138405228088064	3024
XCHTIME	0	0	0	0	0	0	0	0	0	0	0	0
XCHTIME	1046	3	15	16889164	16498	4296	17340	1231	16849799	138405031313216	138405228088064	3024
LADGATE	1046	10000	0.257	1
XCHTIME	0	0	0	0	0	0	0	0	0	0	0	0
XCHTIME	1046	5	26	29192778	16380	3990	25760	2218	29144430	138405031313216	138405228088064	3024
XCHTIME	0	0	0	0	0	0	0	0	0	0	0	0
XCHTIME	1046	4	66	6758263	16768	4691	22888	4152	6709764	138405031313216	138405228088064	3024
XCHTIME	0	0	0	0	0	0	0	0	0	0	0	0
XCHTIME	1046	4	15	4128770	19817	5279	15860	1563	4086251	138405031313216	138405228088064	3024
XCHTIME	0	0	0	0	0	0	0	0	0	0	0	0
XCHTIME	1046	4	10	2410105	16305	3867	14596	836	2374501	138405031313216	138405228088064	3024
XCHTIME	0	0	0	0	0	0	0	0	0	0	0	0
XCHTIME	1046	3	15	16977785	15688	4013	17760	1391	16938933	138405031313216	138405228088064	3024
XCHTIME	0	0	0	0	0	0	0	0	0	0	0	0
XCHTIME	1046	4	11	1471335	21603	7074	18181	889	1423588	138405031313216	138405228088064	3024
XCHTIME	0	0	0	0	0	0	0	0	0	0	0	0
XCHTIME	1046	4	14	7318571	15443	3893	16793	926	7281516	138405031313216	138405228088064	3024
XCHTIME	0	0	0	0	0	0	0	0	0	0	0	0
XCHTIME	1046	4	13	12612065	16326	4044	17004	1098	12573593	138405031313216	138405228088064	3024
XCHTIME	0	0	0	0	0	0	0	0	0	0	0	0
XCHTIME	1046	1	0	15862199	16327	3724	3093	0	15839055	138405031313216	138405228088064	3024
XCHTIME	0	0	0	0	0	0	0	0	0	0	0	0
XCHTIME	1046	4	6	1026567	21532	13265	13678	592	977500	138405031313216	138405228088064	3024
LIFT	hydroenergy1	1046	570	2164	570
COUNTS	hydroenergy1	1046	3024	14089	14089
XCHTIME	0	0	0	0	0	0	0	0	0	0	0	0
XCHTIME	181	2	4	132936	6905	614	511	152	124754	138405208481968	138405230543344	1440
XCHTIME	0	0	0	0	0	0	0	0	0	0	0	0
XCHTIME	181	2	6	1134409	2832	394	561	194	1130428	138405208481968	138405230543344	1440
XCHTIME	0	0	0	0	0	0	0	0	0	0	0	0
XCHTIME	181	2	5	346895	2828	420	468	133	343046	138405208481968	138405230543344	1440
XCHTIME	0	0	0	0	0	0	0	0	0	0	0	0
XCHTIME	181	4	18	2063577	2808	328	935	623	2058883	138405208481968	138405230543344	1440
LADGATE	181	10000	0.183	1
XCHTIME	0	0	0	0	0	0	0	0	0	0	0	0
XCHTIME	181	5	26	2470468	3224	658	1432	942	2464212	138405208481968	138405230543344	1440
XCHTIME	0	0	0	0	0	0	0	0	0	0	0	0
XCHTIME	181	4	66	109199	2975	521	841	2141	102721	138405208481968	138405230543344	1440
XCHTIME	0	0	0	0	0	0	0	0	0	0	0	0
XCHTIME	181	4	15	376829	2851	484	973	429	372092	138405208481968	138405230543344	1440
XCHTIME	0	0	0	0	0	0	0	0	0	0	0	0
XCHTIME	181	4	10	207998	2823	374	926	316	203559	138405208481968	138405230543344	1440
XCHTIME	0	0	0	0	0	0	0	0	0	0	0	0
XCHTIME	181	4	18	1993596	2744	369	1109	578	1988796	138405208481968	138405230543344	1440
XCHTIME	0	0	0	0	0	0	0	0	0	0	0	0
XCHTIME	181	4	11	142353	2783	357	825	381	138007	138405208481968	138405230543344	1440
XCHTIME	0	0	0	0	0	0	0	0	0	0	0	0
XCHTIME	181	4	14	635995	2759	411	966	387	631472	138405208481968	138405230543344	1440
XCHTIME	0	0	0	0	0	0	0	0	0	0	0	0
XCHTIME	181	4	13	1091233	2834	326	1127	361	1086585	138405208481968	138405230543344	1440
XCHTIME	0	0	0	0	0	0	0	0	0	0	0	0
XCHTIME	181	4	16	5435260	2915	395	1620	800	5429530	138405208481968	138405230543344	1440
XCHTIME	0	0	0	0	0	0	0	0	0	0	0	0
XCHTIME	181	4	6	122499	3725	1151	869	213	116541	138405208481968	138405230543344	1440
LIFT	maxmin	181	103	1284	103
COUNTS	maxmin	181	1440	8405	8405
XCHTIME	0	0	0	0	0	0	0	0	0	0	0	0
XCHTIME	8	2	4	22696	642	425	153	219	21257	138405187331952	138405223553120	18
XCHTIME	0	0	0	0	0	0	0	0	0	0	0	0
XCHTIME	8	2	6	15408	300	293	62	208	14545	138405187331952	138405223553120	18
XCHTIME	0	0	0	0	0	0	0	0	0	0	0	0
XCHTIME	8	2	5	11388	193	192	57	134	10812	138405187331952	138405223553120	18
XCHTIME	0	0	0	0	0	0	0	0	0	0	0	0
XCHTIME	8	4	16	12102	171	212	94	458	11167	138405187331952	138405223553120	18
LADGATE	8	10000	0.105	1
XCHTIME	0	0	0	0	0	0	0	0	0	0	0	0
XCHTIME	8	5	24	15258	242	254	129	588	14045	138405187331952	138405223553120	18
XCHTIME	0	0	0	0	0	0	0	0	0	0	0	0
XCHTIME	8	4	24	10492	239	247	104	570	9332	138405187331952	138405223553120	18
XCHTIME	0	0	0	0	0	0	0	0	0	0	0	0
XCHTIME	8	4	15	10236	208	194	89	342	9403	138405187331952	138405223553120	18
XCHTIME	0	0	0	0	0	0	0	0	0	0	0	0
XCHTIME	8	4	10	17931	192	212	91	236	17200	138405187331952	138405223553120	18
XCHTIME	0	0	0	0	0	0	0	0	0	0	0	0
XCHTIME	8	4	16	10419	238	226	116	402	9437	138405187331952	138405223553120	18
XCHTIME	0	0	0	0	0	0	0	0	0	0	0	0
XCHTIME	8	4	11	10836	216	221	113	251	10035	138405187331952	138405223553120	18
XCHTIME	0	0	0	0	0	0	0	0	0	0	0	0
XCHTIME	8	4	14	12317	211	203	116	312	11475	138405187331952	138405223553120	18
XCHTIME	0	0	0	0	0	0	0	0	0	0	0	0
XCHTIME	8	4	13	14787	215	204	106	325	13937	138405187331952	138405223553120	18
XCHTIME	0	0	0	0	0	0	0	0	0	0	0	0
XCHTIME	8	4	14	16427	245	200	94	372	15516	138405187331952	138405223553120	18
XCHTIME	0	0	0	0	0	0	0	0	0	0	0	0
XCHTIME	8	4	6	9609	217	213	103	140	8936	138405187331952	138405223553120	18
COUNTS	st_ht	8	18	51	44
XCHTIME	0	0	0	0	0	0	0	0	0	0	0	0
XCHTIME	6418	1	0	2718683	824035	361570	363951	0	1169127	138405034358960	138405243680784	34646
XCHTIME	0	0	0	0	0	0	0	0	0	0	0	0
XCHTIME	6418	1	0	4057459	817856	357884	359576	0	2522143	138405034358960	138405243680784	34646
XCHTIME	0	0	0	0	0	0	0	0	0	0	0	0
XCHTIME	6418	1	0	3426174	806461	380809	362490	0	1876414	138405034358960	138405243680784	34646
XCHTIME	0	0	0	0	0	0	0	0	0	0	0	0
XCHTIME	6418	1	0	11541120	808308	359902	364310	0	10008600	138405034358960	138405243680784	34646
LADGATE	6418	10000	0.842	1
XCHTIME	0	0	0	0	0	0	0	0	0	0	0	0
XCHTIME	6418	5	26	81691347	824870	369285	1959004	7422	78530766	138405034358960	138405243680784	34646
XCHTIME	0	0	0	0	0	0	0	0	0	0	0	0
XCHTIME	6418	1	0	5221829	831394	369455	361903	0	3659077	138405034358960	138405243680784	34646
XCHTIME	0	0	0	0	0	0	0	0	0	0	0	0
XCHTIME	6418	1	0	4816119	826452	369315	366136	0	3254216	138405034358960	138405243680784	34646
XCHTIME	0	0	0	0	0	0	0	0	0	0	0	0
XCHTIME	6418	2	3	7439594	835903	361675	759437	766	5481813	138405034358960	138405243680784	34646
XCHTIME	0	0	0	0	0	0	0	0	0	0	0	0
XCHTIME	6418	1	0	9317968	793343	348111	356867	0	7819647	138405034358960	138405243680784	34646
XCHTIME	0	0	0	0	0	0	0	0	0	0	0	0
XCHTIME	6418	2	3	7308400	831716	366288	740960	1329	5368107	138405034358960	138405243680784	34646
XCHTIME	0	0	0	0	0	0	0	0	0	0	0	0
XCHTIME	6418	2	4	7739400	794277	350219	728195	1149	5865560	138405034358960	138405243680784	34646
XCHTIME	0	0	0	0	0	0	0	0	0	0	0	0
XCHTIME	6418	1	0	7819727	813799	365882	361448	0	6278598	138405034358960	138405243680784	34646
XCHTIME	0	0	0	0	0	0	0	0	0	0	0	0
XCHTIME	6418	1	0	11732461	827819	370662	364366	0	10169614	138405034358960	138405243680784	34646
XCHTIME	0	0	0	0	0	0	0	0	0	0	0	0
XCHTIME	6418	2	3	7242658	825170	361708	742332	1272	5312176	138405034358960	138405243680784	34646
LIFT	crudeoil_lee2_06	6418	4139	66598	4139
COUNTS	crudeoil_lee2_06	6418	34646	23299675	15940414
XCHTIME	0	0	0	0	0	0	0	0	0	0	0	0
XCHTIME	3183	2	4	1750513	154906	53425	105540	742	1435900	138405228675696	138405031940160	14062
XCHTIME	0	0	0	0	0	0	0	0	0	0	0	0
XCHTIME	3183	1	0	4116994	153272	51656	55967	0	3856099	138405228675696	138405031940160	14062
XCHTIME	0	0	0	0	0	0	0	0	0	0	0	0
XCHTIME	3183	1	0	2282623	156188	57305	54232	0	2014898	138405228675696	138405031940160	14062
XCHTIME	0	0	0	0	0	0	0	0	0	0	0	0
XCHTIME	3183	2	5	12011263	167864	52260	135508	767	11654864	138405228675696	138405031940160	14062
LADGATE	3183	10000	0.529	1
XCHTIME	0	0	0	0	0	0	0	0	0	0	0	0
XCHTIME	3183	5	26	21517524	152375	48743	331296	5342	20979768	138405228675696	138405031940160	14062
XCHTIME	0	0	0	0	0	0	0	0	0	0	0	0
XCHTIME	3183	3	57	5965934	167752	60263	183826	5433	5548660	138405228675696	138405031940160	14062
XCHTIME	0	0	0	0	0	0	0	0	0	0	0	0
XCHTIME	3183	4	15	4684980	156980	51458	219500	2885	4254157	138405228675696	138405031940160	14062
XCHTIME	0	0	0	0	0	0	0	0	0	0	0	0
XCHTIME	3183	4	10	3586692	154964	50931	205609	2053	3173135	138405228675696	138405031940160	14062
XCHTIME	0	0	0	0	0	0	0	0	0	0	0	0
XCHTIME	3183	2	5	11976108	160260	54356	117992	855	11642645	138405228675696	138405031940160	14062
XCHTIME	0	0	0	0	0	0	0	0	0	0	0	0
XCHTIME	3183	4	11	3111101	159706	53267	216383	2477	2679268	138405228675696	138405031940160	14062
XCHTIME	0	0	0	0	0	0	0	0	0	0	0	0
XCHTIME	3183	4	14	6767353	177130	72841	261737	3165	6252480	138405228675696	138405031940160	14062
XCHTIME	0	0	0	0	0	0	0	0	0	0	0	0
XCHTIME	3183	4	13	10469957	162534	53771	242777	2518	10008357	138405228675696	138405031940160	14062
XCHTIME	0	0	0	0	0	0	0	0	0	0	0	0
XCHTIME	3183	1	0	10357939	156817	53544	52776	0	10094802	138405228675696	138405031940160	14062
XCHTIME	0	0	0	0	0	0	0	0	0	0	0	0
XCHTIME	3183	4	6	2795101	183376	66245	215856	1286	2328338	138405228675696	138405031940160	14062
LIFT	kan_r3_h1_n4	3183	2301	12330	2301
COUNTS	kan_r3_h1_n4	3183	14062	104945	98697
XCHTIME	0	0	0	0	0	0	0	0	0	0	0	0
XCHTIME	378	2	4	342260	12969	1584	1533	221	325953	138405206067168	138405027975440	5610
XCHTIME	0	0	0	0	0	0	0	0	0	0	0	0
XCHTIME	378	2	6	3231853	13475	982	1480	279	3215637	138405206067168	138405027975440	5610
XCHTIME	0	0	0	0	0	0	0	0	0	0	0	0
XCHTIME	378	2	5	1012415	9897	1138	1318	231	999831	138405206067168	138405027975440	5610
XCHTIME	0	0	0	0	0	0	0	0	0	0	0	0
XCHTIME	378	4	18	6806003	9572	963	3241	745	6791482	138405206067168	138405027975440	5610
LADGATE	378	10000	0.279	1
XCHTIME	0	0	0	0	0	0	0	0	0	0	0	0
XCHTIME	378	5	26	8818184	9975	1140	3630	1222	8802217	138405206067168	138405027975440	5610
XCHTIME	0	0	0	0	0	0	0	0	0	0	0	0
XCHTIME	378	4	66	1047817	9617	976	2519	2382	1032323	138405206067168	138405027975440	5610
XCHTIME	0	0	0	0	0	0	0	0	0	0	0	0
XCHTIME	378	4	15	1087964	10269	1133	3056	550	1072956	138405206067168	138405027975440	5610
XCHTIME	0	0	0	0	0	0	0	0	0	0	0	0
XCHTIME	378	4	10	623109	10379	977	2921	353	608479	138405206067168	138405027975440	5610
XCHTIME	0	0	0	0	0	0	0	0	0	0	0	0
XCHTIME	378	4	18	6760128	10165	842	2871	853	6745397	138405206067168	138405027975440	5610
XCHTIME	0	0	0	0	0	0	0	0	0	0	0	0
XCHTIME	378	4	11	361696	10078	1075	2619	387	347537	138405206067168	138405027975440	5610
XCHTIME	0	0	0	0	0	0	0	0	0	0	0	0
XCHTIME	378	4	14	1925505	9796	1073	2696	532	1911408	138405206067168	138405027975440	5610
XCHTIME	0	0	0	0	0	0	0	0	0	0	0	0
XCHTIME	378	4	13	3804757	9840	1076	3230	455	3790156	138405206067168	138405027975440	5610
XCHTIME	0	0	0	0	0	0	0	0	0	0	0	0
XCHTIME	378	4	16	20446011	10170	1170	5437	1060	20428174	138405206067168	138405027975440	5610
XCHTIME	0	0	0	0	0	0	0	0	0	0	0	0
XCHTIME	378	4	6	258328	11822	1795	2633	234	241844	138405206067168	138405027975440	5610
LIFT	primary	378	222	5294	222
COUNTS	primary	378	5610	109639	95258
XCHTIME	0	0	0	0	0	0	0	0	0	0	0	0
XCHTIME	1071	2	4	751040	16064	3741	6913	296	724026	138405228666960	138405227968560	2772
XCHTIME	0	0	0	0	0	0	0	0	0	0	0	0
XCHTIME	1071	2	6	4871349	15787	3167	16112	626	4835657	138405228666960	138405227968560	2772
XCHTIME	0	0	0	0	0	0	0	0	0	0	0	0
XCHTIME	1071	2	5	1716584	17649	4163	7133	364	1687275	138405228666960	138405227968560	2772
XCHTIME	0	0	0	0	0	0	0	0	0	0	0	0
XCHTIME	1071	4	18	9990597	16400	4011	19536	1386	9949264	138405228666960	138405227968560	2772
LADGATE	1071	10000	0.281	1
XCHTIME	0	0	0	0	0	0	0	0	0	0	0	0
XCHTIME	1071	5	26	12265553	16610	3866	26957	1766	12216354	138405228666960	138405227968560	2772
XCHTIME	0	0	0	0	0	0	0	0	0	0	0	0
XCHTIME	1071	4	66	6745703	17367	4356	21618	3569	6698793	138405228666960	138405227968560	2772
XCHTIME	0	0	0	0	0	0	0	0	0	0	0	0
XCHTIME	1071	4	15	2350879	21545	7429	14062	1070	2306773	138405228666960	138405227968560	2772
XCHTIME	0	0	0	0	0	0	0	0	0	0	0	0
XCHTIME	1071	4	10	1374332	16103	3399	14274	676	1339880	138405228666960	138405227968560	2772
XCHTIME	0	0	0	0	0	0	0	0	0	0	0	0
XCHTIME	1071	4	18	9976626	16224	3232	19542	1240	9936388	138405228666960	138405227968560	2772
XCHTIME	0	0	0	0	0	0	0	0	0	0	0	0
XCHTIME	1071	4	11	1031336	18236	5112	13434	743	993811	138405228666960	138405227968560	2772
XCHTIME	0	0	0	0	0	0	0	0	0	0	0	0
XCHTIME	1071	4	14	3324340	15950	3313	17231	1046	3286800	138405228666960	138405227968560	2772
XCHTIME	0	0	0	0	0	0	0	0	0	0	0	0
XCHTIME	1071	4	13	5584587	20100	4956	13645	974	5544912	138405228666960	138405227968560	2772
XCHTIME	0	0	0	0	0	0	0	0	0	0	0	0
XCHTIME	1071	3	15	13885756	16931	4178	23875	1319	13839453	138405228666960	138405227968560	2772
XCHTIME	0	0	0	0	0	0	0	0	0	0	0	0
XCHTIME	1071	4	6	798352	18584	5891	14224	472	759181	138405228666960	138405227968560	2772
LIFT	syn10m03hfsg	1071	591	1812	591
COUNTS	syn10m03hfsg	1071	2772	9890	9812
XCHTIME	0	0	0	0	0	0	0	0	0	0	0	0
XCHTIME	36	2	4	51024	1016	451	251	127	49179	138405188122304	138405203836288	138
XCHTIME	0	0	0	0	0	0	0	0	0	0	0	0
XCHTIME	36	2	6	625939	795	344	171	152	624477	138405188122304	138405203836288	138
XCHTIME	0	0	0	0	0	0	0	0	0	0	0	0
XCHTIME	36	2	5	161922	780	413	285	101	160343	138405188122304	138405203836288	138
XCHTIME	0	0	0	0	0	0	0	0	0	0	0	0
XCHTIME	36	4	18	789656	788	383	302	508	787675	138405188122304	138405203836288	138
LADGATE	36	10000	0.183	1
XCHTIME	0	0	0	0	0	0	0	0	0	0	0	0
XCHTIME	36	5	26	1116627	1459	995	599	838	1112736	138405188122304	138405203836288	138
XCHTIME	0	0	0	0	0	0	0	0	0	0	0	0
XCHTIME	36	4	64	8178	783	833	334	2196	4032	138405188122304	138405203836288	138
XCHTIME	0	0	0	0	0	0	0	0	0	0	0	0
XCHTIME	36	4	15	164340	569	291	249	343	162888	138405188122304	138405203836288	138
XCHTIME	0	0	0	0	0	0	0	0	0	0	0	0
XCHTIME	36	4	10	91076	794	268	361	218	89435	138405188122304	138405203836288	138
XCHTIME	0	0	0	0	0	0	0	0	0	0	0	0
XCHTIME	36	4	18	771523	647	251	262	509	769854	138405188122304	138405203836288	138
XCHTIME	0	0	0	0	0	0	0	0	0	0	0	0
XCHTIME	36	4	11	54014	922	404	316	250	52122	138405188122304	138405203836288	138
XCHTIME	0	0	0	0	0	0	0	0	0	0	0	0
XCHTIME	36	4	14	265737	680	289	272	348	264148	138405188122304	138405203836288	138
XCHTIME	0	0	0	0	0	0	0	0	0	0	0	0
XCHTIME	36	4	13	559352	979	502	430	305	557136	138405188122304	138405203836288	138
XCHTIME	0	0	0	0	0	0	0	0	0	0	0	0
XCHTIME	36	4	16	1810642	825	599	644	539	1808035	138405188122304	138405203836288	138
XCHTIME	0	0	0	0	0	0	0	0	0	0	0	0
XCHTIME	36	4	6	34916	1523	739	407	138	32109	138405188122304	138405203836288	138
LIFT	wastewater02m1	36	24	118	24
COUNTS	wastewater02m1	36	138	848	790
XCHTIME	0	0	0	0	0	0	0	0	0	0	0	0
XCHTIME	4620	1	0	1524494	392410	166728	169015	0	796341	138405034410320	138405033819632	15680
XCHTIME	0	0	0	0	0	0	0	0	0	0	0	0
XCHTIME	4620	1	0	1377941	488925	177239	160269	0	551508	138405034410320	138405033819632	15680
XCHTIME	0	0	0	0	0	0	0	0	0	0	0	0
XCHTIME	4620	1	0	1434990	403600	160761	167787	0	702842	138405034410320	138405033819632	15680
XCHTIME	0	0	0	0	0	0	0	0	0	0	0	0
XCHTIME	4620	4	18	8155322	420215	164678	636175	4429	6929825	138405034410320	138405033819632	15680
LADGATE	4620	10000	0.380	1
XCHTIME	0	0	0	0	0	0	0	0	0	0	0	0
XCHTIME	4620	5	26	10430589	408541	158189	812384	7156	9044319	138405034410320	138405033819632	15680
XCHTIME	0	0	0	0	0	0	0	0	0	0	0	0
XCHTIME	4620	3	32	4703470	412183	168898	485853	6455	3630081	138405034410320	138405033819632	15680
XCHTIME	0	0	0	0	0	0	0	0	0	0	0	0
XCHTIME	4620	3	12	5268029	407608	160992	469068	3146	4227215	138405034410320	138405033819632	15680
XCHTIME	0	0	0	0	0	0	0	0	0	0	0	0
XCHTIME	4620	4	10	6852229	404913	164635	617023	2471	5663187	138405034410320	138405033819632	15680
XCHTIME	0	0	0	0	0	0	0	0	0	0	0	0
XCHTIME	4620	4	18	8193174	416054	163280	652292	4977	6956571	138405034410320	138405033819632	15680
XCHTIME	0	0	0	0	0	0	0	0	0	0	0	0
XCHTIME	4620	4	11	6833364	410268	165329	615597	3082	5639088	138405034410320	138405033819632	15680
XCHTIME	0	0	0	0	0	0	0	0	0	0	0	0
XCHTIME	4620	4	14	7352323	403964	157822	632838	3724	6153975	138405034410320	138405033819632	15680
XCHTIME	0	0	0	0	0	0	0	0	0	0	0	0
XCHTIME	4620	4	13	7691798	416326	163180	619313	3528	6489451	138405034410320	138405033819632	15680
XCHTIME	0	0	0	0	0	0	0	0	0	0	0	0
XCHTIME	4620	3	15	10289831	415381	161550	516721	3525	9192654	138405034410320	138405033819632	15680
XCHTIME	0	0	0	0	0	0	0	0	0	0	0	0
XCHTIME	4620	4	6	6749418	418916	163554	679791	1553	5485604	138405034410320	138405033819632	15680
LIFT	supplychainr1_022020	4620	2680	11920	2680
COUNTS	supplychainr1_022020	4620	15680	273140	273100
XCHTIME	0	0	0	0	0	0	0	0	0	0	0	0
XCHTIME	3800	2	4	1345239	185616	72373	172287	1002	913961	138405032096032	138405031013920	11250
XCHTIME	0	0	0	0	0	0	0	0	0	0	0	0
XCHTIME	3800	2	6	1869492	218785	88594	197342	1566	1363205	138405032096032	138405031013920	11250
XCHTIME	0	0	0	0	0	0	0	0	0	0	0	0
XCHTIME	3800	2	5	1863376	226486	87769	186030	1165	1361926	138405032096032	138405031013920	11250
XCHTIME	0	0	0	0	0	0	0	0	0	0	0	0
XCHTIME	3800	4	18	5652413	185090	74285	368016	4183	5020839	138405032096032	138405031013920	11250
LADGATE	3800	10000	0.257	1
XCHTIME	0	0	0	0	0	0	0	0	0	0	0	0
XCHTIME	3800	5	26	7257095	241312	92118	477313	5616	6440736	138405032096032	138405031013920	11250
XCHTIME	0	0	0	0	0	0	0	0	0	0	0	0
XCHTIME	3800	4	66	4508988	235626	118093	374708	10285	3770276	138405032096032	138405031013920	11250
XCHTIME	0	0	0	0	0	0	0	0	0	0	0	0
XCHTIME	3800	4	15	4271371	230781	90445	365630	3727	3580788	138405032096032	138405031013920	11250
XCHTIME	0	0	0	0	0	0	0	0	0	0	0	0
XCHTIME	3800	4	10	4505005	229923	90447	384558	2241	3797836	138405032096032	138405031013920	11250
XCHTIME	0	0	0	0	0	0	0	0	0	0	0	0
XCHTIME	3800	4	18	5568068	230525	84585	347286	3906	4901766	138405032096032	138405031013920	11250
XCHTIME	0	0	0	0	0	0	0	0	0	0	0	0
XCHTIME	3800	4	11	4285310	205735	80939	370658	2762	3625216	138405032096032	138405031013920	11250
XCHTIME	0	0	0	0	0	0	0	0	0	0	0	0
XCHTIME	3800	4	14	4600769	236358	92729	374985	3662	3893035	138405032096032	138405031013920	11250
XCHTIME	0	0	0	0	0	0	0	0	0	0	0	0
XCHTIME	3800	4	13	5055550	236483	94115	372535	3062	4349355	138405032096032	138405031013920	11250
XCHTIME	0	0	0	0	0	0	0	0	0	0	0	0
XCHTIME	3800	4	16	11681048	239023	94488	437038	4137	10906362	138405032096032	138405031013920	11250
XCHTIME	0	0	0	0	0	0	0	0	0	0	0	0
XCHTIME	3800	4	6	4043259	270218	113421	384787	1435	3273398	138405032096032	138405031013920	11250
LIFT	squfl025-025persp	3800	1300	6250	1300
COUNTS	squfl025-025persp	3800	11250	49925	49925
XCHTIME	0	0	0	0	0	0	0	0	0	0	0	0
XCHTIME	17999	0	0	18818356	6413666	12404690	0	0	0	138405247661568	138405247805584	121458
XCHTIME	0	0	0	0	0	0	0	0	0	0	0	0
XCHTIME	17999	1	0	20609649	6181771	11677902	2040583	0	709393	138405247661568	138405247805584	121458
XCHTIME	0	0	0	0	0	0	0	0	0	0	0	0
XCHTIME	17999	0	0	17795944	6161706	11634238	0	0	0	138405247661568	138405247805584	121458
XCHTIME	0	0	0	0	0	0	0	0	0	0	0	0
XCHTIME	17999	1	0	24178472	6102851	11680618	2039687	0	4355316	138405247661568	138405247805584	121458
LADGATE	17999	10000	0.895	0
XCHTIME	0	0	0	0	0	0	0	0	0	0	0	0
XCHTIME	17999	5	26	133806433	6155778	11714402	10371304	12598	105552351	138405247661568	138405247805584	121458
XCHTIME	0	0	0	0	0	0	0	0	0	0	0	0
XCHTIME	17999	1	0	20696799	6279436	11664126	2044756	0	708481	138405247661568	138405247805584	121458
XCHTIME	0	0	0	0	0	0	0	0	0	0	0	0
XCHTIME	17999	1	0	20596978	6158340	11705901	2035508	0	697229	138405247661568	138405247805584	121458
XCHTIME	0	0	0	0	0	0	0	0	0	0	0	0
XCHTIME	17999	1	0	23630311	6144899	11632021	2047670	0	3805721	138405247661568	138405247805584	121458
XCHTIME	0	0	0	0	0	0	0	0	0	0	0	0
XCHTIME	17999	1	0	24093463	6095756	11605961	2043173	0	4348573	138405247661568	138405247805584	121458
XCHTIME	0	0	0	0	0	0	0	0	0	0	0	0
XCHTIME	17999	1	0	23636100	6144711	11663648	2043279	0	3784462	138405247661568	138405247805584	121458
XCHTIME	0	0	0	0	0	0	0	0	0	0	0	0
XCHTIME	17999	1	0	23791662	6154304	11638481	2089126	0	3909751	138405247661568	138405247805584	121458
XCHTIME	0	0	0	0	0	0	0	0	0	0	0	0
XCHTIME	17999	1	0	23960311	6149728	11656023	2035075	0	4119485	138405247661568	138405247805584	121458
XCHTIME	0	0	0	0	0	0	0	0	0	0	0	0
XCHTIME	17999	1	0	24652941	6195046	11642288	2041336	0	4774271	138405247661568	138405247805584	121458
XCHTIME	0	0	0	0	0	0	0	0	0	0	0	0
XCHTIME	17999	1	0	23605872	6128206	11663587	2038467	0	3775612	138405247661568	138405247805584	121458
LIFT	ringpack_30_2	17999	9231	103922	9231
COUNTS	ringpack_30_2	17999	121458	12394600	2864237
LIFT	nuclear104	39098	26306	232222	26306
COUNTS	nuclear104	39098	257806	103156931	78332024
XCHTIME	0	0	0	0	0	0	0	0	0	0	0	0
XCHTIME	4952	2	4	3001668	448677	238835	373160	1106	1939890	138405033708736	138405244188704	15700
XCHTIME	0	0	0	0	0	0	0	0	0	0	0	0
XCHTIME	4952	1	0	4412209	436012	194766	201416	0	3580015	138405033708736	138405244188704	15700
XCHTIME	0	0	0	0	0	0	0	0	0	0	0	0
XCHTIME	4952	2	5	3791531	429886	202196	403425	1141	2754883	138405033708736	138405244188704	15700
XCHTIME	0	0	0	0	0	0	0	0	0	0	0	0
XCHTIME	4952	2	5	12443974	449541	206414	410616	1273	11376130	138405033708736	138405244188704	15700
LADGATE	4952	10000	0.605	1
XCHTIME	0	0	0	0	0	0	0	0	0	0	0	0
XCHTIME	4952	5	26	24368458	431935	223344	1016166	5200	22691813	138405033708736	138405244188704	15700
XCHTIME	0	0	0	0	0	0	0	0	0	0	0	0
XCHTIME	4952	2	19	6203257	421652	218483	415390	2801	5144931	138405033708736	138405244188704	15700
XCHTIME	0	0	0	0	0	0	0	0	0	0	0	0
XCHTIME	4952	3	12	6026796	426877	203626	583098	2269	4810926	138405033708736	138405244188704	15700
XCHTIME	0	0	0	0	0	0	0	0	0	0	0	0
XCHTIME	4952	4	10	6757964	424822	196106	735031	1938	5400067	138405033708736	138405244188704	15700
XCHTIME	0	0	0	0	0	0	0	0	0	0	0	0
XCHTIME	4952	3	15	12499823	412666	195105	601973	2661	11287418	138405033708736	138405244188704	15700
XCHTIME	0	0	0	0	0	0	0	0	0	0	0	0
XCHTIME	4952	4	11	6381343	416951	202627	759010	6001	4996754	138405033708736	138405244188704	15700
XCHTIME	0	0	0	0	0	0	0	0	0	0	0	0
XCHTIME	4952	4	14	9912831	439287	199733	829596	2966	8441249	138405033708736	138405244188704	15700
XCHTIME	0	0	0	0	0	0	0	0	0	0	0	0
XCHTIME	4952	4	13	12371107	420282	225054	773395	3011	10949365	138405033708736	138405244188704	15700
XCHTIME	0	0	0	0	0	0	0	0	0	0	0	0
XCHTIME	4952	1	0	12556280	418569	201967	210270	0	11725474	138405033708736	138405244188704	15700
XCHTIME	0	0	0	0	0	0	0	0	0	0	0	0
XCHTIME	4952	4	6	6189202	438992	203555	774322	1811	4770522	138405033708736	138405244188704	15700
LIFT	chp_shorttermplan1a	4952	2592	11264	2592
COUNTS	chp_shorttermplan1a	4952	15700	376486	299565
XCHTIME	0	0	0	0	0	0	0	0	0	0	0	0
XCHTIME	555	2	4	1605707	14201	2510	2512	265	1586219	138405228012944	138405033748368	3488
XCHTIME	0	0	0	0	0	0	0	0	0	0	0	0
XCHTIME	555	2	6	9447979	8274	1429	2859	469	9434948	138405228012944	138405033748368	3488
XCHTIME	0	0	0	0	0	0	0	0	0	0	0	0
XCHTIME	555	2	5	5680637	10149	1976	2511	350	5665651	138405228012944	138405033748368	3488
XCHTIME	0	0	0	0	0	0	0	0	0	0	0	0
XCHTIME	555	2	5	19227492	8507	1707	2971	374	19213933	138405228012944	138405033748368	3488
LADGATE	555	10000	0.413	1
XCHTIME	0	0	0	0	0	0	0	0	0	0	0	0
XCHTIME	555	4	10	3202006	8911	1954	6337	907	3183897	138405228012944	138405033748368	3488
XCHTIME	0	0	0	0	0	0	0	0	0	0	0	0
XCHTIME	555	4	66	362430	8250	1486	4839	5741	342114	138405228012944	138405033748368	3488
XCHTIME	0	0	0	0	0	0	0	0	0	0	0	0
XCHTIME	555	4	15	6005634	8005	1392	4915	1121	5990201	138405228012944	138405033748368	3488
XCHTIME	0	0	0	0	0	0	0	0	0	0	0	0
XCHTIME	555	4	10	3196763	8514	1822	4836	669	3180922	138405228012944	138405033748368	3488
XCHTIME	0	0	0	0	0	0	0	0	0	0	0	0
XCHTIME	555	2	5	19163079	8480	1611	3163	328	19149497	138405228012944	138405033748368	3488
XCHTIME	0	0	0	0	0	0	0	0	0	0	0	0
XCHTIME	555	4	11	1644093	8657	1955	5068	767	1627646	138405228012944	138405033748368	3488
XCHTIME	0	0	0	0	0	0	0	0	0	0	0	0
XCHTIME	555	4	14	11296539	8498	1506	6241	1122	11279172	138405228012944	138405033748368	3488
XCHTIME	0	0	0	0	0	0	0	0	0	0	0	0
XCHTIME	555	4	13	18327364	8728	1926	5673	963	18310074	138405228012944	138405033748368	3488
XCHTIME	0	0	0	0	0	0	0	0	0	0	0	0
XCHTIME	555	1	0	17510516	8973	2068	1165	0	17498310	138405228012944	138405033748368	3488
XCHTIME	0	0	0	0	0	0	0	0	0	0	0	0
XCHTIME	555	4	6	782555	11084	3099	5296	464	762612	138405228012944	138405033748368	3488
LIFT	rocket50	555	450	3272	450
COUNTS	rocket50	555	3488	19983	19265
XCHTIME	0	0	0	0	0	0	0	0	0	0	0	0
XCHTIME	8508	1	0	3807769	1385994	649244	671502	0	1101029	138405033950720	138405034018800	24272
XCHTIME	0	0	0	0	0	0	0	0	0	0	0	0
XCHTIME	8508	1	0	4238483	1374741	657294	675615	0	1530833	138405033950720	138405034018800	24272
XCHTIME	0	0	0	0	0	0	0	0	0	0	0	0
XCHTIME	8508	1	0	4336231	1367613	659885	666173	0	1642560	138405033950720	138405034018800	24272
XCHTIME	0	0	0	0	0	0	0	0	0	0	0	0
XCHTIME	8508	1	0	12755294	1372066	666230	667762	0	10049236	138405033950720	138405034018800	24272
LADGATE	8508	10000	0.683	1
XCHTIME	0	0	0	0	0	0	0	0	0	0	0	0
XCHTIME	8508	5	26	149129185	1341977	674641	3378187	13403	143720977	138405033950720	138405034018800	24272
XCHTIME	0	0	0	0	0	0	0	0	0	0	0	0
XCHTIME	8508	1	0	6489463	1403867	661665	696411	0	3727520	138405033950720	138405034018800	24272
XCHTIME	0	0	0	0	0	0	0	0	0	0	0	0
XCHTIME	8508	1	0	7401282	1414231	674589	682308	0	4630154	138405033950720	138405034018800	24272
XCHTIME	0	0	0	0	0	0	0	0	0	0	0	0
XCHTIME	8508	2	3	13072010	1392988	649058	1348475	1648	9679841	138405033950720	138405034018800	24272
XCHTIME	0	0	0	0	0	0	0	0	0	0	0	0
XCHTIME	8508	1	0	12756213	1370161	685895	709183	0	9990974	138405033950720	138405034018800	24272
XCHTIME	0	0	0	0	0	0	0	0	0	0	0	0
XCHTIME	8508	2	3	12670139	1363710	670026	1312927	1658	9321818	138405033950720	138405034018800	24272
XCHTIME	0	0	0	0	0	0	0	0	0	0	0	0
XCHTIME	8508	1	0	13251314	1430720	696764	712021	0	10411809	138405033950720	138405034018800	24272
XCHTIME	0	0	0	0	0	0	0	0	0	0	0	0
XCHTIME	8508	1	0	13068188	1389401	654911	682024	0	10341852	138405033950720	138405034018800	24272
XCHTIME	0	0	0	0	0	0	0	0	0	0	0	0
XCHTIME	8508	1	0	11148350	1391578	656369	688345	0	8412058	138405033950720	138405034018800	24272
XCHTIME	0	0	0	0	0	0	0	0	0	0	0	0
XCHTIME	8508	2	3	12142352	1370512	695992	1407362	1703	8666783	138405033950720	138405034018800	24272
LIFT	rsyn0840m04m	8508	4368	17360	4368
COUNTS	rsyn0840m04m	8508	24272	229914	185785
XCHTIME	0	0	0	0	0	0	0	0	0	0	0	0
XCHTIME	11716	1	0	5610134	2519804	826107	853258	0	1410965	138405245740512	138405245834256	37660
XCHTIME	0	0	0	0	0	0	0	0	0	0	0	0
XCHTIME	11716	1	0	8264245	2642606	844573	871128	0	3905938	138405245740512	138405245834256	37660
XCHTIME	0	0	0	0	0	0	0	0	0	0	0	0
XCHTIME	11716	1	0	7279736	2647695	859345	870491	0	2902205	138405245740512	138405245834256	37660
XCHTIME	0	0	0	0	0	0	0	0	0	0	0	0
XCHTIME	11716	1	0	13334540	2651724	856070	860354	0	8966392	138405245740512	138405245834256	37660
LADGATE	11716	10000	0.609	0
XCHTIME	0	0	0	0	0	0	0	0	0	0	0	0
XCHTIME	11716	5	26	64657399	2569890	873265	4497265	12066	56704913	138405245740512	138405245834256	37660
XCHTIME	0	0	0	0	0	0	0	0	0	0	0	0
XCHTIME	11716	1	0	8575704	2612462	883951	867620	0	4211671	138405245740512	138405245834256	37660
XCHTIME	0	0	0	0	0	0	0	0	0	0	0	0
XCHTIME	11716	1	0	8200415	2637195	856444	857383	0	3849393	138405245740512	138405245834256	37660
XCHTIME	0	0	0	0	0	0	0	0	0	0	0	0
XCHTIME	11716	2	3	11981141	2600091	881837	1747885	2080	6749248	138405245740512	138405245834256	37660
XCHTIME	0	0	0	0	0	0	0	0	0	0	0	0
XCHTIME	11716	1	0	13382893	2600427	912463	849476	0	9020527	138405245740512	138405245834256	37660
XCHTIME	0	0	0	0	0	0	0	0	0	0	0	0
XCHTIME	11716	2	3	12256752	2641758	871011	1758236	2028	6983719	138405245740512	138405245834256	37660
XCHTIME	0	0	0	0	0	0	0	0	0	0	0	0
XCHTIME	11716	1	0	11886314	2630584	876004	877149	0	7502577	138405245740512	138405245834256	37660
XCHTIME	0	0	0	0	0	0	0	0	0	0	0	0
XCHTIME	11716	1	0	12531224	2525116	875642	883653	0	8246813	138405245740512	138405245834256	37660
XCHTIME	0	0	0	0	0	0	0	0	0	0	0	0
XCHTIME	11716	1	0	13392929	2622193	854965	878655	0	9037116	138405245740512	138405245834256	37660
XCHTIME	0	0	0	0	0	0	0	0	0	0	0	0
XCHTIME	11716	2	3	12399375	2635201	882705	1744221	2491	7134757	138405245740512	138405245834256	37660
LIFT	mpbp_21	11716	6945	28072	6945
COUNTS	mpbp_21	11716	37660	1691114	1456963
XCHTIME	0	0	0	0	0	0	0	0	0	0	0	0
XCHTIME	172	2	4	134290	5094	511	468	104	128113	138405230670432	138405033799840	1096
XCHTIME	0	0	0	0	0	0	0	0	0	0	0	0
XCHTIME	172	2	6	1499001	2432	585	450	175	1495359	138405230670432	138405033799840	1096
XCHTIME	0	0	0	0	0	0	0	0	0	0	0	0
XCHTIME	172	2	5	432246	2608	592	410	124	428512	138405230670432	138405033799840	1096
XCHTIME	0	0	0	0	0	0	0	0	0	0	0	0
XCHTIME	172	4	18	2864819	2559	461	933	415	2860451	138405230670432	138405033799840	1096
LADGATE	172	10000	0.217	1
XCHTIME	0	0	0	0	0	0	0	0	0	0	0	0
XCHTIME	172	5	26	3613663	3343	1018	1132	602	3607568	138405230670432	138405033799840	1096
XCHTIME	0	0	0	0	0	0	0	0	0	0	0	0
XCHTIME	172	4	66	109510	2318	469	840	1404	104479	138405230670432	138405033799840	1096
XCHTIME	0	0	0	0	0	0	0	0	0	0	0	0
XCHTIME	172	4	15	435948	2612	506	890	327	431613	138405230670432	138405033799840	1096
XCHTIME	0	0	0	0	0	0	0	0	0	0	0	0
XCHTIME	172	4	10	205808	2482	506	724	208	201888	138405230670432	138405033799840	1096
XCHTIME	0	0	0	0	0	0	0	0	0	0	0	0
XCHTIME	172	4	18	2887874	2436	427	813	373	2883825	138405230670432	138405033799840	1096
XCHTIME	0	0	0	0	0	0	0	0	0	0	0	0
XCHTIME	172	4	11	112314	2571	401	706	230	108406	138405230670432	138405033799840	1096
XCHTIME	0	0	0	0	0	0	0	0	0	0	0	0
XCHTIME	172	4	14	884748	2521	388	853	302	880684	138405230670432	138405033799840	1096
XCHTIME	0	0	0	0	0	0	0	0	0	0	0	0
XCHTIME	172	4	13	1511945	2566	356	792	269	1507962	138405230670432	138405033799840	1096
XCHTIME	0	0	0	0	0	0	0	0	0	0	0	0
XCHTIME	172	4	16	11598835	2606	466	1816	537	11593410	138405230670432	138405033799840	1096
XCHTIME	0	0	0	0	0	0	0	0	0	0	0	0
XCHTIME	172	4	6	77625	3646	1111	719	141	72008	138405230670432	138405033799840	1096
LIFT	orth_d4m6_pl	172	92	896	92
COUNTS	orth_d4m6_pl	172	1096	10938	10703
XCHTIME	0	0	0	0	0	0	0	0	0	0	0	0
XCHTIME	1681	2	4	2758999	36924	7468	19364	512	2694731	138405253930480	138405245535360	7432
XCHTIME	0	0	0	0	0	0	0	0	0	0	0	0
XCHTIME	1681	2	6	7562554	37674	8445	27008	898	7488529	138405253930480	138405245535360	7432
XCHTIME	0	0	0	0	0	0	0	0	0	0	0	0
XCHTIME	1681	2	5	5572701	41142	11062	22516	690	5497291	138405253930480	138405245535360	7432
XCHTIME	0	0	0	0	0	0	0	0	0	0	0	0
XCHTIME	1681	3	15	15374879	41742	10415	52101	1721	15268900	138405253930480	138405245535360	7432
LADGATE	1681	10000	0.547	1
XCHTIME	0	0	0	0	0	0	0	0	0	0	0	0
XCHTIME	1681	5	26	36535384	49518	13177	88756	3546	36380387	138405253930480	138405245535360	7432
XCHTIME	0	0	0	0	0	0	0	0	0	0	0	0
XCHTIME	1681	2	19	5217720	47348	15325	31597	1429	5122021	138405253930480	138405245535360	7432
XCHTIME	0	0	0	0	0	0	0	0	0	0	0	0
XCHTIME	1681	4	15	7164750	40681	8444	35742	1375	7078508	138405253930480	138405245535360	7432
XCHTIME	0	0	0	0	0	0	0	0	0	0	0	0
XCHTIME	1681	4	10	5486124	37163	7327	35451	1087	5405096	138405253930480	138405245535360	7432
XCHTIME	0	0	0	0	0	0	0	0	0	0	0	0
XCHTIME	1681	3	15	15214089	41506	8808	45698	1784	15116293	138405253930480	138405245535360	7432
XCHTIME	0	0	0	0	0	0	0	0	0	0	0	0
XCHTIME	1681	4	11	3961763	42349	11611	46283	1595	3859925	138405253930480	138405245535360	7432
XCHTIME	0	0	0	0	0	0	0	0	0	0	0	0
XCHTIME	1681	4	14	12047299	46306	10909	43084	1746	11945254	138405253930480	138405245535360	7432
XCHTIME	0	0	0	0	0	0	0	0	0	0	0	0
XCHTIME	1681	4	13	15148017	43468	10049	50525	1586	15042389	138405253930480	138405245535360	7432
XCHTIME	0	0	0	0	0	0	0	0	0	0	0	0
XCHTIME	1681	1	0	13448858	42378	11142	8172	0	13387166	138405253930480	138405245535360	7432
XCHTIME	0	0	0	0	0	0	0	0	0	0	0	0
XCHTIME	1681	4	6	2550106	53292	19493	40017	916	2436388	138405253930480	138405245535360	7432
LIFT	kall_circlespolygons_c1p5b	1681	1245	6560	1245
COUNTS	kall_circlespolygons_c1p5b	1681	7432	201759	193841
LIFT	acopf_case9241pegase_qcqp	313068	201757	1141270	201757
COUNTS	acopf_case9241pegase_qcqp	313068	1292408	34647355	33736789
XCHTIME	0	0	0	0	0	0	0	0	0	0	0	0
XCHTIME	33	2	4	63053	1089	707	148	143	60966	138405196413680	138405208511312	82
XCHTIME	0	0	0	0	0	0	0	0	0	0	0	0
XCHTIME	33	2	6	342389	665	528	144	156	340896	138405196413680	138405208511312	82
XCHTIME	0	0	0	0	0	0	0	0	0	0	0	0
XCHTIME	33	2	5	148471	1982	563	237	217	145472	138405196413680	138405208511312	82
XCHTIME	0	0	0	0	0	0	0	0	0	0	0	0
XCHTIME	33	4	18	535123	1019	291	366	502	532945	138405196413680	138405208511312	82
LADGATE	33	10000	0.170	1
XCHTIME	0	0	0	0	0	0	0	0	0	0	0	0
XCHTIME	33	5	26	945411	990	638	481	727	942575	138405196413680	138405208511312	82
XCHTIME	0	0	0	0	0	0	0	0	0	0	0	0
XCHTIME	33	4	61	1348837	642	675	316	1832	1345372	138405196413680	138405208511312	82
XCHTIME	0	0	0	0	0	0	0	0	0	0	0	0
XCHTIME	33	4	15	136514	1258	386	250	370	134250	138405196413680	138405208511312	82
XCHTIME	0	0	0	0	0	0	0	0	0	0	0	0
XCHTIME	33	4	10	95251	725	348	219	276	93683	138405196413680	138405208511312	82
XCHTIME	0	0	0	0	0	0	0	0	0	0	0	0
XCHTIME	33	4	18	515893	634	223	347	452	514237	138405196413680	138405208511312	82
XCHTIME	0	0	0	0	0	0	0	0	0	0	0	0
XCHTIME	33	4	11	63710	871	568	208	290	61773	138405196413680	138405208511312	82
XCHTIME	0	0	0	0	0	0	0	0	0	0	0	0
XCHTIME	33	4	14	261086	561	300	241	348	259636	138405196413680	138405208511312	82
XCHTIME	0	0	0	0	0	0	0	0	0	0	0	0
XCHTIME	33	4	13	420736	692	271	245	317	419211	138405196413680	138405208511312	82
XCHTIME	0	0	0	0	0	0	0	0	0	0	0	0
XCHTIME	33	4	16	2440573	695	375	396	476	2438631	138405196413680	138405208511312	82
XCHTIME	0	0	0	0	0	0	0	0	0	0	0	0
XCHTIME	33	4	6	41865	758	425	227	200	40255	138405196413680	138405208511312	82
LIFT	ex1223	33	18	54	18
COUNTS	ex1223	33	82	244	244
XCHTIME	0	0	0	0	0	0	0	0	0	0	0	0
XCHTIME	10	2	4	28345	623	482	96	193	26951	138405197905952	138405208483440	48
XCHTIME	0	0	0	0	0	0	0	0	0	0	0	0
XCHTIME	10	2	6	80733	363	324	75	252	79719	138405197905952	138405208483440	48
XCHTIME	0	0	0	0	0	0	0	0	0	0	0	0
XCHTIME	10	2	5	76395	320	258	73	197	75547	138405197905952	138405208483440	48
XCHTIME	0	0	0	0	0	0	0	0	0	0	0	0
XCHTIME	10	4	18	82429	263	214	120	629	81203	138405197905952	138405208483440	48
LADGATE	10	10000	0.121	1
XCHTIME	0	0	0	0	0	0	0	0	0	0	0	0
XCHTIME	10	4	10	51232	366	349	132	344	50041	138405197905952	138405208483440	48
XCHTIME	0	0	0	0	0	0	0	0	0	0	0	0
XCHTIME	10	4	29	78013	309	237	106	860	76501	138405197905952	138405208483440	48
XCHTIME	0	0	0	0	0	0	0	0	0	0	0	0
XCHTIME	10	4	15	53927	344	238	112	470	52763	138405197905952	138405208483440	48
XCHTIME	0	0	0	0	0	0	0	0	0	0	0	0
XCHTIME	10	4	10	46153	275	212	101	320	45245	138405197905952	138405208483440	48
XCHTIME	0	0	0	0	0	0	0	0	0	0	0	0
XCHTIME	10	4	18	85200	272	198	112	558	84060	138405197905952	138405208483440	48
XCHTIME	0	0	0	0	0	0	0	0	0	0	0	0
XCHTIME	10	4	11	26518	251	215	114	376	25562	138405197905952	138405208483440	48
XCHTIME	0	0	0	0	0	0	0	0	0	0	0	0
XCHTIME	10	4	14	97807	252	196	120	469	96770	138405197905952	138405208483440	48
XCHTIME	0	0	0	0	0	0	0	0	0	0	0	0
XCHTIME	10	4	13	114483	272	233	118	428	113432	138405197905952	138405208483440	48
XCHTIME	0	0	0	0	0	0	0	0	0	0	0	0
XCHTIME	10	4	16	110421	282	208	113	510	109308	138405197905952	138405208483440	48
XCHTIME	0	0	0	0	0	0	0	0	0	0	0	0
XCHTIME	10	4	6	17236	254	219	103	189	16471	138405197905952	138405208483440	48
COUNTS	ex6_1_4	10	48	197	153
XCHTIME	0	0	0	0	0	0	0	0	0	0	0	0
XCHTIME	403	2	4	228575	10026	2588	1631	195	214135	138405228129040	138405031196544	1630
XCHTIME	0	0	0	0	0	0	0	0	0	0	0	0
XCHTIME	403	2	6	1412424	4801	1114	1706	201	1404602	138405228129040	138405031196544	1630
XCHTIME	0	0	0	0	0	0	0	0	0	0	0	0
XCHTIME	403	2	5	497631	5099	1466	1437	202	489427	138405228129040	138405031196544	1630
XCHTIME	0	0	0	0	0	0	0	0	0	0	0	0
XCHTIME	403	4	18	2634226	4825	1280	4550	866	2622705	138405228129040	138405031196544	1630
LADGATE	403	10000	0.269	1
XCHTIME	0	0	0	0	0	0	0	0	0	0	0	0
XCHTIME	403	5	26	3267782	5706	1480	4267	1030	3255299	138405228129040	138405031196544	1630
XCHTIME	0	0	0	0	0	0	0	0	0	0	0	0
XCHTIME	403	4	66	1855820	4963	1400	3424	2035	1843998	138405228129040	138405031196544	1630
XCHTIME	0	0	0	0	0	0	0	0	0	0	0	0
XCHTIME	403	4	15	579216	5371	1561	3955	566	567763	138405228129040	138405031196544	1630
XCHTIME	0	0	0	0	0	0	0	0	0	0	0	0
XCHTIME	403	4	10	453208	4971	1347	4666	385	441839	138405228129040	138405031196544	1630
XCHTIME	0	0	0	0	0	0	0	0	0	0	0	0
XCHTIME	403	4	18	2601939	5242	1401	3736	634	2590926	138405228129040	138405031196544	1630
XCHTIME	0	0	0	0	0	0	0	0	0	0	0	0
XCHTIME	403	4	11	296494	4823	1287	3065	429	286890	138405228129040	138405031196544	1630
XCHTIME	0	0	0	0	0	0	0	0	0	0	0	0
XCHTIME	403	4	14	943308	4862	1190	3407	478	933371	138405228129040	138405031196544	1630
XCHTIME	0	0	0	0	0	0	0	0	0	0	0	0
XCHTIME	403	4	13	1442379	4935	1266	2982	452	1432744	138405228129040	138405031196544	1630
XCHTIME	0	0	0	0	0	0	0	0	0	0	0	0
XCHTIME	403	4	16	8022162	4846	1094	5442	690	8010090	138405228129040	138405031196544	1630
XCHTIME	0	0	0	0	0	0	0	0	0	0	0	0
XCHTIME	403	4	6	242632	6156	1839	3156	263	231218	138405228129040	138405031196544	1630
LIFT	powerflow0014r	403	234	1432	234
COUNTS	powerflow0014r	403	1630	10761	10361
XCHTIME	0	0	0	0	0	0	0	0	0	0	0	0
XCHTIME	2065	2	4	1613023	79924	15723	28462	726	1488188	138405245717184	138405246293024	31132
XCHTIME	0	0	0	0	0	0	0	0	0	0	0	0
XCHTIME	2065	1	0	7406987	78763	12806	11390	0	7304028	138405245717184	138405246293024	31132
XCHTIME	0	0	0	0	0	0	0	0	0	0	0	0
XCHTIME	2065	2	5	4467461	94249	26856	39041	835	4306480	138405245717184	138405246293024	31132
XCHTIME	0	0	0	0	0	0	0	0	0	0	0	0
XCHTIME	2065	2	5	15021376	93623	21545	56019	1148	14849041	138405245717184	138405246293024	31132
LADGATE	2065	10000	0.256	1
XCHTIME	0	0	0	0	0	0	0	0	0	0	0	0
XCHTIME	2065	5	26	40426156	77313	12998	158251	6069	40171525	138405245717184	138405246293024	31132
XCHTIME	0	0	0	0	0	0	0	0	0	0	0	0
XCHTIME	2065	4	66	3885192	93685	27615	99211	8540	3656141	138405245717184	138405246293024	31132
XCHTIME	0	0	0	0	0	0	0	0	0	0	0	0
XCHTIME	2065	4	15	4722366	81157	12710	60709	2330	4565460	138405245717184	138405246293024	31132
XCHTIME	0	0	0	0	0	0	0	0	0	0	0	0
XCHTIME	2065	4	10	3182273	80868	13708	52974	1239	3033484	138405245717184	138405246293024	31132
XCHTIME	0	0	0	0	0	0	0	0	0	0	0	0
XCHTIME	2065	2	5	14978352	80382	14192	44482	1260	14838036	138405245717184	138405246293024	31132
XCHTIME	0	0	0	0	0	0	0	0	0	0	0	0
XCHTIME	2065	4	11	2778862	92989	23381	66214	2074	2594204	138405245717184	138405246293024	31132
XCHTIME	0	0	0	0	0	0	0	0	0	0	0	0
XCHTIME	2065	4	14	9776332	83348	15416	98439	2255	9576874	138405245717184	138405246293024	31132
XCHTIME	0	0	0	0	0	0	0	0	0	0	0	0
XCHTIME	2065	4	13	13701144	84899	17499	92481	2751	13503514	138405245717184	138405246293024	31132
XCHTIME	0	0	0	0	0	0	0	0	0	0	0	0
XCHTIME	2065	1	0	15361659	81366	14953	13015	0	15252325	138405245717184	138405246293024	31132
XCHTIME	0	0	0	0	0	0	0	0	0	0	0	0
XCHTIME	2065	4	6	2610144	117880	30652	77700	869	2383043	138405245717184	138405246293024	31132
LIFT	knp5-43	2065	1119	29756	1119
COUNTS	knp5-43	2065	31132	3517788	3517788
XCHTIME	0	0	0	0	0	0	0	0	0	0	0	0
XCHTIME	21688	0	0	0	0	0	0	0	0	138405247458752	138404852400208	89702
XCHTIME	0	0	0	0	0	0	0	0	0	0	0	0
XCHTIME	21688	0	0	34348483	17693795	16654688	0	0	0	138405247458752	138404852400208	89702
XCHTIME	0	0	0	0	0	0	0	0	0	0	0	0
XCHTIME	21688	0	0	33724707	17210044	16514663	0	0	0	138405247458752	138404852400208	89702
XCHTIME	0	0	0	0	0	0	0	0	0	0	0	0
XCHTIME	21688	1	0	40347200	17143521	16593030	2821195	0	3789454	138405247458752	138404852400208	89702
LADGATE	21688	10000	0.730	0
XCHTIME	0	0	0	0	0	0	0	0	0	0	0	0
XCHTIME	21688	5	26	221794329	17303359	16537166	14158244	17771	173777789	138405247458752	138404852400208	89702
LIFT	gabriel09	21688	11348	105698	11348
COUNTS	gabriel09	21688	89702	29373994	25565816
XCHTIME	0	0	0	0	0	0	0	0	0	0	0	0
XCHTIME	32	2	4	53608	1139	572	250	130	51517	138405199371248	138405206070208	88
XCHTIME	0	0	0	0	0	0	0	0	0	0	0	0
XCHTIME	32	2	6	309643	637	296	123	169	308418	138405199371248	138405206070208	88
XCHTIME	0	0	0	0	0	0	0	0	0	0	0	0
XCHTIME	32	2	5	102296	801	324	167	141	100863	138405199371248	138405206070208	88
XCHTIME	0	0	0	0	0	0	0	0	0	0	0	0
XCHTIME	32	4	18	316045	644	243	210	518	314430	138405199371248	138405206070208	88
LADGATE	32	10000	0.165	1
XCHTIME	0	0	0	0	0	0	0	0	0	0	0	0
XCHTIME	32	5	26	629919	1005	798	388	753	626975	138405199371248	138405206070208	88
XCHTIME	0	0	0	0	0	0	0	0	0	0	0	0
XCHTIME	32	4	60	639612	682	301	225	1844	636560	138405199371248	138405206070208	88
XCHTIME	0	0	0	0	0	0	0	0	0	0	0	0
XCHTIME	32	4	15	155459	987	444	224	382	153422	138405199371248	138405206070208	88
XCHTIME	0	0	0	0	0	0	0	0	0	0	0	0
XCHTIME	32	4	10	88769	670	292	225	239	87343	138405199371248	138405206070208	88
XCHTIME	0	0	0	0	0	0	0	0	0	0	0	0
XCHTIME	32	4	18	316294	628	222	206	446	314792	138405199371248	138405206070208	88
XCHTIME	0	0	0	0	0	0	0	0	0	0	0	0
XCHTIME	32	4	11	55243	618	282	199	294	53850	138405199371248	138405206070208	88
XCHTIME	0	0	0	0	0	0	0	0	0	0	0	0
XCHTIME	32	4	14	248961	575	221	238	343	247584	138405199371248	138405206070208	88
XCHTIME	0	0	0	0	0	0	0	0	0	0	0	0
XCHTIME	32	4	13	292500	589	225	224	320	291142	138405199371248	138405206070208	88
XCHTIME	0	0	0	0	0	0	0	0	0	0	0	0
XCHTIME	32	4	16	1474292	693	238	238	492	1472631	138405199371248	138405206070208	88
XCHTIME	0	0	0	0	0	0	0	0	0	0	0	0
XCHTIME	32	4	6	33748	815	411	200	144	32178	138405199371248	138405206070208	88
LIFT	tln2	32	18	60	18
COUNTS	tln2	32	88	233	233
XCHTIME	0	0	0	0	0	0	0	0	0	0	0	0
XCHTIME	22	2	4	33115	761	376	175	137	31666	138405189482304	138405208480960	76
XCHTIME	0	0	0	0	0	0	0	0	0	0	0	0
XCHTIME	22	2	6	348655	537	302	149	173	347494	138405189482304	138405208480960	76
XCHTIME	0	0	0	0	0	0	0	0	0	0	0	0
XCHTIME	22	2	5	86778	488	307	96	137	85750	138405189482304	138405208480960	76
XCHTIME	0	0	0	0	0	0	0	0	0	0	0	0
XCHTIME	22	4	18	410626	535	253	226	675	408937	138405189482304	138405208480960	76
LADGATE	22	10000	0.148	1
XCHTIME	0	0	0	0	0	0	0	0	0	0	0	0
XCHTIME	22	5	26	711872	539	437	364	900	709632	138405189482304	138405208480960	76
XCHTIME	0	0	0	0	0	0	0	0	0	0	0	0
XCHTIME	22	4	50	677720	500	328	232	1509	675151	138405189482304	138405208480960	76
XCHTIME	0	0	0	0	0	0	0	0	0	0	0	0
XCHTIME	22	4	15	122931	676	495	170	421	121169	138405189482304	138405208480960	76
XCHTIME	0	0	0	0	0	0	0	0	0	0	0	0
XCHTIME	22	4	10	53257	493	247	172	244	52101	138405189482304	138405208480960	76
XCHTIME	0	0	0	0	0	0	0	0	0	0	0	0
XCHTIME	22	4	18	404983	450	228	179	508	403618	138405189482304	138405208480960	76
XCHTIME	0	0	0	0	0	0	0	0	0	0	0	0
XCHTIME	22	4	11	36044	516	270	201	269	34788	138405189482304	138405208480960	76
XCHTIME	0	0	0	0	0	0	0	0	0	0	0	0
XCHTIME	22	4	14	237810	482	205	176	394	236553	138405189482304	138405208480960	76
XCHTIME	0	0	0	0	0	0	0	0	0	0	0	0
XCHTIME	22	4	13	411973	471	237	206	383	410676	138405189482304	138405208480960	76
XCHTIME	0	0	0	0	0	0	0	0	0	0	0	0
XCHTIME	22	4	16	1575529	526	346	358	475	1573824	138405189482304	138405208480960	76
XCHTIME	0	0	0	0	0	0	0	0	0	0	0	0
XCHTIME	22	4	6	34713	732	728	242	201	32810	138405189482304	138405208480960	76
COUNTS	prob02	22	76	267	232
XCHTIME	0	0	0	0	0	0	0	0	0	0	0	0
XCHTIME	1422	2	4	1481091	26579	5444	11375	221	1437472	138405031212944	138405034280960	4460
XCHTIME	0	0	0	0	0	0	0	0	0	0	0	0
XCHTIME	1422	2	6	7304594	26824	5589	17585	525	7254071	138405031212944	138405034280960	4460
XCHTIME	0	0	0	0	0	0	0	0	0	0	0	0
XCHTIME	1422	2	5	4072039	32293	9208	15643	441	4014454	138405031212944	138405034280960	4460
XCHTIME	0	0	0	0	0	0	0	0	0	0	0	0
XCHTIME	1422	3	15	14953496	29144	7621	32870	1211	14882650	138405031212944	138405034280960	4460
LADGATE	1422	10000	0.335	1
XCHTIME	0	0	0	0	0	0	0	0	0	0	0	0
XCHTIME	1422	5	26	29486880	26545	6525	52828	1957	29399025	138405031212944	138405034280960	4460
XCHTIME	0	0	0	0	0	0	0	0	0	0	0	0
XCHTIME	1422	1	0	5105284	32138	8584	5898	0	5058664	138405031212944	138405034280960	4460
XCHTIME	0	0	0	0	0	0	0	0	0	0	0	0
XCHTIME	1422	4	15	4782307	35497	13654	33584	1131	4698441	138405031212944	138405034280960	4460
XCHTIME	0	0	0	0	0	0	0	0	0	0	0	0
XCHTIME	1422	4	10	2763094	30446	8099	26597	533	2697419	138405031212944	138405034280960	4460
XCHTIME	0	0	0	0	0	0	0	0	0	0	0	0
XCHTIME	1422	3	15	15170639	28438	7160	36094	1294	15097653	138405031212944	138405034280960	4460
XCHTIME	0	0	0	0	0	0	0	0	0	0	0	0
XCHTIME	1422	4	11	1950264	34642	9885	28392	785	1876560	138405031212944	138405034280960	4460
XCHTIME	0	0	0	0	0	0	0	0	0	0	0	0
XCHTIME	1422	4	14	8103048	28115	6595	34622	1154	8032562	138405031212944	138405034280960	4460
XCHTIME	0	0	0	0	0	0	0	0	0	0	0	0
XCHTIME	1422	4	13	13412591	29975	8323	36883	1059	13336351	138405031212944	138405034280960	4460
XCHTIME	0	0	0	0	0	0	0	0	0	0	0	0
XCHTIME	1422	1	0	14739131	30264	8480	6179	0	14694208	138405031212944	138405034280960	4460
XCHTIME	0	0	0	0	0	0	0	0	0	0	0	0
XCHTIME	1422	4	6	1408479	37684	12396	26202	383	1331814	138405031212944	138405034280960	4460
LIFT	blend146	1422	826	3252	826
COUNTS	blend146	1422	4460	78102	64296
XCHTIME	0	0	0	0	0	0	0	0	0	0	0	0
XCHTIME	4518	1	0	2420461	373912	162641	159426	0	1724482	138405034447296	138405246903360	14492
XCHTIME	0	0	0	0	0	0	0	0	0	0	0	0
XCHTIME	4518	1	0	3852302	406394	172112	156275	0	3117521	138405034447296	138405246903360	14492
XCHTIME	0	0	0	0	0	0	0	0	0	0	0	0
XCHTIME	4518	1	0	2739670	352375	155732	150399	0	2081164	138405034447296	138405246903360	14492
XCHTIME	0	0	0	0	0	0	0	0	0	0	0	0
XCHTIME	4518	1	0	11562193	344616	153491	157711	0	10906375	138405034447296	138405246903360	14492
LADGATE	4518	10000	0.451	1
XCHTIME	0	0	0	0	0	0	0	0	0	0	0	0
XCHTIME	4518	5	26	51170715	356698	173964	838110	9816	49792127	138405034447296	138405246903360	14492
XCHTIME	0	0	0	0	0	0	0	0	0	0	0	0
XCHTIME	4518	4	66	5168012	347623	161460	607800	11547	4039582	138405034447296	138405246903360	14492
XCHTIME	0	0	0	0	0	0	0	0	0	0	0	0
XCHTIME	4518	4	15	5918137	358877	152067	634327	4435	4768431	138405034447296	138405246903360	14492
XCHTIME	0	0	0	0	0	0	0	0	0	0	0	0
XCHTIME	4518	4	10	5252790	307280	134418	531323	2717	4277052	138405034447296	138405246903360	14492
XCHTIME	0	0	0	0	0	0	0	0	0	0	0	0
XCHTIME	4518	3	15	12182443	362445	150625	474594	3543	11191236	138405034447296	138405246903360	14492
XCHTIME	0	0	0	0	0	0	0	0	0	0	0	0
XCHTIME	4518	4	11	4887586	341925	148670	552761	2935	3841295	138405034447296	138405246903360	14492
XCHTIME	0	0	0	0	0	0	0	0	0	0	0	0
XCHTIME	4518	4	14	8984282	315343	130059	623578	4072	7911230	138405034447296	138405246903360	14492
XCHTIME	0	0	0	0	0	0	0	0	0	0	0	0
XCHTIME	4518	4	13	12126217	431324	178417	639975	4098	10872403	138405034447296	138405246903360	14492
XCHTIME	0	0	0	0	0	0	0	0	0	0	0	0
XCHTIME	4518	1	0	11093279	348338	151438	152078	0	10441425	138405034447296	138405246903360	14492
XCHTIME	0	0	0	0	0	0	0	0	0	0	0	0
XCHTIME	4518	4	6	4808895	345734	172119	611204	1771	3678067	138405034447296	138405246903360	14492
LIFT	mpbp_46	4518	2728	10872	2728
COUNTS	mpbp_46	4518	14492	499547	447603
XCHTIME	0	0	0	0	0	0	0	0	0	0	0	0
XCHTIME	413	2	4	637731	11575	1553	2060	133	622410	138405226554208	138405027893376	2860
XCHTIME	0	0	0	0	0	0	0	0	0	0	0	0
XCHTIME	413	2	6	3822378	6417	1186	2074	183	3812518	138405226554208	138405027893376	2860
XCHTIME	0	0	0	0	0	0	0	0	0	0	0	0
XCHTIME	413	2	5	1445518	6438	1372	1905	178	1435625	138405226554208	138405027893376	2860
XCHTIME	0	0	0	0	0	0	0	0	0	0	0	0
XCHTIME	413	4	18	8275018	6177	1144	3527	635	8263535	138405226554208	138405027893376	2860
LADGATE	413	10000	0.335	1
XCHTIME	0	0	0	0	0	0	0	0	0	0	0	0
XCHTIME	413	5	26	9221888	6788	1243	4699	835	9208323	138405226554208	138405027893376	2860
XCHTIME	0	0	0	0	0	0	0	0	0	0	0	0
XCHTIME	413	4	66	2578134	6132	1822	3834	3055	2563291	138405226554208	138405027893376	2860
XCHTIME	0	0	0	0	0	0	0	0	0	0	0	0
XCHTIME	413	4	15	1822175	6441	1605	4170	411	1809548	138405226554208	138405027893376	2860
XCHTIME	0	0	0	0	0	0	0	0	0	0	0	0
XCHTIME	413	4	10	1176289	6145	1215	3764	286	1164879	138405226554208	138405027893376	2860
XCHTIME	0	0	0	0	0	0	0	0	0	0	0	0
XCHTIME	413	4	18	8307669	6240	1320	4573	645	8294891	138405226554208	138405027893376	2860
XCHTIME	0	0	0	0	0	0	0	0	0	0	0	0
XCHTIME	413	4	11	738501	6498	1843	3610	319	726231	138405226554208	138405027893376	2860
XCHTIME	0	0	0	0	0	0	0	0	0	0	0	0
XCHTIME	413	4	14	2833019	6285	1254	4832	382	2820266	138405226554208	138405027893376	2860
XCHTIME	0	0	0	0	0	0	0	0	0	0	0	0
XCHTIME	413	4	13	4340819	6382	1487	4079	398	4328473	138405226554208	138405027893376	2860
XCHTIME	0	0	0	0	0	0	0	0	0	0	0	0
XCHTIME	413	4	16	18065090	6291	1493	6624	848	18049834	138405226554208	138405027893376	2860
XCHTIME	0	0	0	0	0	0	0	0	0	0	0	0
XCHTIME	413	4	6	475505	7001	1713	3389	175	463227	138405226554208	138405027893376	2860
LIFT	tls6	413	291	2630	291
COUNTS	tls6	413	2860	18483	17511
XCHTIME	0	0	0	0	0	0	0	0	0	0	0	0
XCHTIME	21925	0	0	0	0	0	0	0	0	138405249190048	138405249365472	52300
XCHTIME	0	0	0	0	0	0	0	0	0	0	0	0
XCHTIME	21925	0	0	36017274	19093751	16923523	0	0	0	138405249190048	138405249365472	52300
XCHTIME	0	0	0	0	0	0	0	0	0	0	0	0
XCHTIME	21925	0	0	34528356	17600740	16927616	0	0	0	138405249190048	138405249365472	52300
XCHTIME	0	0	0	0	0	0	0	0	0	0	0	0
XCHTIME	21925	1	0	40770503	17636296	16956390	2870702	0	3307115	138405249190048	138405249365472	52300
LADGATE	21925	10000	0.488	0
XCHTIME	0	0	0	0	0	0	0	0	0	0	0	0
XCHTIME	21925	5	26	135743590	17746093	16930486	14686917	19168	86360926	138405249190048	138405249365472	52300
XCHTIME	0	0	0	0	0	0	0	0	0	0	0	0
XCHTIME	21925	0	0	35561136	18182817	17378319	0	0	0	138405249190048	138405249365472	52300
XCHTIME	0	0	0	0	0	0	0	0	0	0	0	0
XCHTIME	21925	0	0	34916091	17608276	17307815	0	0	0	138405249190048	138405249365472	52300
XCHTIME	0	0	0	0	0	0	0	0	0	0	0	0
XCHTIME	21925	1	0	41112107	17656195	17274764	2903700	0	3277448	138405249190048	138405249365472	52300
XCHTIME	0	0	0	0	0	0	0	0	0	0	0	0
XCHTIME	21925	1	0	41155134	17698555	17297276	2893243	0	3266060	138405249190048	138405249365472	52300
XCHTIME	0	0	0	0	0	0	0	0	0	0	0	0
XCHTIME	21925	1	0	41293213	17726775	17270680	2902067	0	3393691	138405249190048	138405249365472	52300
XCHTIME	0	0	0	0	0	0	0	0	0	0	0	0
XCHTIME	21925	1	0	41264376	17732564	17341287	2901832	0	3288693	138405249190048	138405249365472	52300
XCHTIME	0	0	0	0	0	0	0	0	0	0	0	0
XCHTIME	21925	1	0	41237339	17745488	17198274	2895442	0	3398135	138405249190048	138405249365472	52300
XCHTIME	0	0	0	0	0	0	0	0	0	0	0	0
XCHTIME	21925	1	0	41380362	17732755	17302834	2892215	0	3452558	138405249190048	138405249365472	52300
XCHTIME	0	0	0	0	0	0	0	0	0	0	0	0
XCHTIME	21925	1	0	41061517	17648120	17366637	2889748	0	3157012	138405249190048	138405249365472	52300
LIFT	emfl100_5_5	21925	9425	27300	9425
COUNTS	emfl100_5_5	21925	52300	221650	221650
XCHTIME	0	0	0	0	0	0	0	0	0	0	0	0
XCHTIME	341	2	4	612317	55755	1474	1140	297	553651	138405030897280	138404851351616	44264
XCHTIME	0	0	0	0	0	0	0	0	0	0	0	0
XCHTIME	341	2	6	10807791	56000	807	1179	548	10749257	138405030897280	138404851351616	44264
XCHTIME	0	0	0	0	0	0	0	0	0	0	0	0
XCHTIME	341	2	5	3429331	57214	1484	1097	371	3369165	138405030897280	138404851351616	44264
XCHTIME	0	0	0	0	0	0	0	0	0	0	0	0
XCHTIME	341	4	18	21885370	57107	1097	2622	1572	21822972	138405030897280	138404851351616	44264
LADGATE	341	10000	0.164	1
XCHTIME	0	0	0	0	0	0	0	0	0	0	0	0
XCHTIME	341	4	10	1165349	55942	1050	2553	705	1105099	138405030897280	138404851351616	44264
XCHTIME	0	0	0	0	0	0	0	0	0	0	0	0
XCHTIME	341	4	66	372336	57348	1257	1667	3292	308772	138405030897280	138404851351616	44264
XCHTIME	0	0	0	0	0	0	0	0	0	0	0	0
XCHTIME	341	4	15	3099564	57619	619	2592	951	3037783	138405030897280	138404851351616	44264
XCHTIME	0	0	0	0	0	0	0	0	0	0	0	0
XCHTIME	341	4	10	1221978	57700	866	2435	561	1160416	138405030897280	138404851351616	44264
XCHTIME	0	0	0	0	0	0	0	0	0	0	0	0
XCHTIME	341	4	18	21730548	57667	885	3706	1359	21666931	138405030897280	138404851351616	44264
XCHTIME	0	0	0	0	0	0	0	0	0	0	0	0
XCHTIME	341	4	11	764360	58249	1332	2066	635	702078	138405030897280	138404851351616	44264
XCHTIME	0	0	0	0	0	0	0	0	0	0	0	0
XCHTIME	341	4	14	6655511	58322	660	2478	908	6593143	138405030897280	138404851351616	44264
XCHTIME	0	0	0	0	0	0	0	0	0	0	0	0
XCHTIME	341	4	13	13624906	58535	1166	2566	964	13561675	138405030897280	138404851351616	44264
XCHTIME	0	0	0	0	0	0	0	0	0	0	0	0
XCHTIME	341	1	0	20875524	56267	1328	477	0	20817452	138405030897280	138404851351616	44264
XCHTIME	0	0	0	0	0	0	0	0	0	0	0	0
XCHTIME	341	4	6	591549	59118	1692	2337	510	527892	138405030897280	138404851351616	44264
LIFT	qspp_0_11_0_1_10_1	341	220	43506	220
COUNTS	qspp_0_11_0_1_10_1	341	44264	3563707	3531915
XCHTIME	0	0	0	0	0	0	0	0	0	0	0	0
XCHTIME	403	2	4	185928	9428	1807	1821	132	172740	138405200205696	138405247632272	1484
XCHTIME	0	0	0	0	0	0	0	0	0	0	0	0
XCHTIME	403	2	6	1571844	4925	1038	1712	180	1563989	138405200205696	138405247632272	1484
XCHTIME	0	0	0	0	0	0	0	0	0	0	0	0
XCHTIME	403	2	5	450002	4566	1500	1444	125	442367	138405200205696	138405247632272	1484
XCHTIME	0	0	0	0	0	0	0	0	0	0	0	0
XCHTIME	403	4	18	3120268	4455	1084	3465	475	3110789	138405200205696	138405247632272	1484
LADGATE	403	10000	0.251	1
XCHTIME	0	0	0	0	0	0	0	0	0	0	0	0
XCHTIME	403	5	26	3740229	5429	1616	3955	816	3728413	138405200205696	138405247632272	1484
XCHTIME	0	0	0	0	0	0	0	0	0	0	0	0
XCHTIME	403	4	66	546721	4556	1347	2685	1564	536569	138405200205696	138405247632272	1484
XCHTIME	0	0	0	0	0	0	0	0	0	0	0	0
XCHTIME	403	4	15	527921	4748	1108	3239	337	518489	138405200205696	138405247632272	1484
XCHTIME	0	0	0	0	0	0	0	0	0	0	0	0
XCHTIME	403	4	10	332514	4411	1049	3178	268	323608	138405200205696	138405247632272	1484
XCHTIME	0	0	0	0	0	0	0	0	0	0	0	0
XCHTIME	403	4	18	3126891	4447	1052	3496	581	3117315	138405200205696	138405247632272	1484
XCHTIME	0	0	0	0	0	0	0	0	0	0	0	0
XCHTIME	403	4	11	211193	8188	1438	3234	277	198056	138405200205696	138405247632272	1484
XCHTIME	0	0	0	0	0	0	0	0	0	0	0	0
XCHTIME	403	4	14	957393	4354	985	3012	380	948662	138405200205696	138405247632272	1484
XCHTIME	0	0	0	0	0	0	0	0	0	0	0	0
XCHTIME	403	4	13	1668339	4406	1107	2790	306	1659730	138405200205696	138405247632272	1484
XCHTIME	0	0	0	0	0	0	0	0	0	0	0	0
XCHTIME	403	4	16	10213985	4520	1176	6323	605	10201361	138405200205696	138405247632272	1484
XCHTIME	0	0	0	0	0	0	0	0	0	0	0	0
XCHTIME	403	4	6	165686	5894	2706	2934	160	153992	138405200205696	138405247632272	1484
LIFT	p_ball_10b_5p_4d_m	403	169	1116	169
COUNTS	p_ball_10b_5p_4d_m	403	1484	13581	13288
XCHTIME	0	0	0	0	0	0	0	0	0	0	0	0
XCHTIME	90	2	4	112160	2952	840	306	199	107863	138405188165152	138405247652256	840
XCHTIME	0	0	0	0	0	0	0	0	0	0	0	0
XCHTIME	90	2	6	1345718	1624	517	261	309	1343007	138405188165152	138405247652256	840
XCHTIME	0	0	0	0	0	0	0	0	0	0	0	0
XCHTIME	90	2	5	356084	1785	608	255	253	353183	138405188165152	138405247652256	840
XCHTIME	0	0	0	0	0	0	0	0	0	0	0	0
XCHTIME	90	4	18	2454341	1659	526	467	785	2450904	138405188165152	138405247652256	840
LADGATE	90	10000	0.236	1
XCHTIME	0	0	0	0	0	0	0	0	0	0	0	0
XCHTIME	90	4	10	215165	2416	737	476	453	211083	138405188165152	138405247652256	840
XCHTIME	0	0	0	0	0	0	0	0	0	0	0	0
XCHTIME	90	4	66	28265	1977	543	412	2327	23006	138405188165152	138405247652256	840
XCHTIME	0	0	0	0	0	0	0	0	0	0	0	0
XCHTIME	90	4	15	406061	1537	408	493	560	403063	138405188165152	138405247652256	840
XCHTIME	0	0	0	0	0	0	0	0	0	0	0	0
XCHTIME	90	4	10	192421	1582	520	392	350	189577	138405188165152	138405247652256	840
XCHTIME	0	0	0	0	0	0	0	0	0	0	0	0
XCHTIME	90	4	18	2468403	1594	356	513	762	2465178	138405188165152	138405247652256	840
XCHTIME	0	0	0	0	0	0	0	0	0	0	0	0
XCHTIME	90	4	11	119674	1806	462	465	519	116422	138405188165152	138405247652256	840
XCHTIME	0	0	0	0	0	0	0	0	0	0	0	0
XCHTIME	90	4	14	687539	1683	323	451	606	684476	138405188165152	138405247652256	840
XCHTIME	0	0	0	0	0	0	0	0	0	0	0	0
XCHTIME	90	4	13	1261200	1707	403	474	560	1258056	138405188165152	138405247652256	840
XCHTIME	0	0	0	0	0	0	0	0	0	0	0	0
XCHTIME	90	4	16	8262406	1977	400	816	745	8258468	138405188165152	138405247652256	840
XCHTIME	0	0	0	0	0	0	0	0	0	0	0	0
XCHTIME	90	4	6	65637	2354	1082	500	343	61358	138405188165152	138405247652256	840
LIFT	st_rv9	90	70	800	70
COUNTS	st_rv9	90	840	6691	6321
XCHTIME	0	0	0	0	0	0	0	0	0	0	0	0
XCHTIME	3486	1	0	2388083	184811	73453	79856	0	2049963	138405245641872	138405247132752	9576
XCHTIME	0	0	0	0	0	0	0	0	0	0	0	0
XCHTIME	3486	1	0	4484758	210413	84377	81230	0	4108738	138405245641872	138405247132752	9576
XCHTIME	0	0	0	0	0	0	0	0	0	0	0	0
XCHTIME	3486	1	0	3266496	200967	81906	77361	0	2906262	138405245641872	138405247132752	9576
XCHTIME	0	0	0	0	0	0	0	0	0	0	0	0
XCHTIME	3486	1	0	11064702	193155	72851	79200	0	10719496	138405245641872	138405247132752	9576
LADGATE	3486	10000	0.492	1
XCHTIME	0	0	0	0	0	0	0	0	0	0	0	0
XCHTIME	3486	5	26	59506779	211412	99732	445332	5758	58744545	138405245641872	138405247132752	9576
XCHTIME	0	0	0	0	0	0	0	0	0	0	0	0
XCHTIME	3486	2	19	5510497	197306	83560	152203	3238	5074190	138405245641872	138405247132752	9576
XCHTIME	0	0	0	0	0	0	0	0	0	0	0	0
XCHTIME	3486	2	4	6690583	199082	80762	161901	790	6248048	138405245641872	138405247132752	9576
XCHTIME	0	0	0	0	0	0	0	0	0	0	0	0
XCHTIME	3486	4	10	8135802	210389	75273	310182	1940	7538018	138405245641872	138405247132752	9576
XCHTIME	0	0	0	0	0	0	0	0	0	0	0	0
XCHTIME	3486	1	0	11098944	191436	73484	71308	0	10762716	138405245641872	138405247132752	9576
XCHTIME	0	0	0	0	0	0	0	0	0	0	0	0
XCHTIME	3486	4	11	6272730	201748	79064	292717	2391	5696810	138405245641872	138405247132752	9576
XCHTIME	0	0	0	0	0	0	0	0	0	0	0	0
XCHTIME	3486	3	12	12552214	193764	71077	246963	2316	12038094	138405245641872	138405247132752	9576
XCHTIME	0	0	0	0	0	0	0	0	0	0	0	0
XCHTIME	3486	2	4	11831724	187678	70978	159883	814	11412371	138405245641872	138405247132752	9576
XCHTIME	0	0	0	0	0	0	0	0	0	0	0	0
XCHTIME	3486	1	0	9763087	198795	76386	71151	0	9416755	138405245641872	138405247132752	9576
XCHTIME	0	0	0	0	0	0	0	0	0	0	0	0
XCHTIME	3486	4	6	5037853	193090	84926	306295	1248	4452294	138405245641872	138405247132752	9576
LIFT	rsyn0840m02m	3486	1876	6568	1876
COUNTS	rsyn0840m02m	3486	9576	47529	44981
XCHTIME	0	0	0	0	0	0	0	0	0	0	0	0
XCHTIME	22	2	4	51766	914	623	155	169	49905	138405192677968	138405226557536	84
XCHTIME	0	0	0	0	0	0	0	0	0	0	0	0
XCHTIME	22	2	6	367911	501	296	116	199	366799	138405192677968	138405226557536	84
XCHTIME	0	0	0	0	0	0	0	0	0	0	0	0
XCHTIME	22	2	5	127459	512	454	119	166	126208	138405192677968	138405226557536	84
XCHTIME	0	0	0	0	0	0	0	0	0	0	0	0
XCHTIME	22	4	18	719119	499	248	209	630	717533	138405192677968	138405226557536	84
LADGATE	22	10000	0.154	1
XCHTIME	0	0	0	0	0	0	0	0	0	0	0	0
XCHTIME	22	5	26	1020516	787	426	246	926	1018131	138405192677968	138405226557536	84
XCHTIME	0	0	0	0	0	0	0	0	0	0	0	0
XCHTIME	22	4	50	673517	600	340	222	1591	670764	138405192677968	138405226557536	84
XCHTIME	0	0	0	0	0	0	0	0	0	0	0	0
XCHTIME	22	4	15	165384	590	291	189	501	163813	138405192677968	138405226557536	84
XCHTIME	0	0	0	0	0	0	0	0	0	0	0	0
XCHTIME	22	4	10	109332	539	271	192	308	108022	138405192677968	138405226557536	84
XCHTIME	0	0	0	0	0	0	0	0	0	0	0	0
XCHTIME	22	4	18	706477	539	273	181	2212	703272	138405192677968	138405226557536	84
XCHTIME	0	0	0	0	0	0	0	0	0	0	0	0
XCHTIME	22	4	11	60173	578	295	180	324	58796	138405192677968	138405226557536	84
XCHTIME	0	0	0	0	0	0	0	0	0	0	0	0
XCHTIME	22	4	14	291225	508	229	185	418	289885	138405192677968	138405226557536	84
XCHTIME	0	0	0	0	0	0	0	0	0	0	0	0
XCHTIME	22	4	13	434539	529	279	189	409	433133	138405192677968	138405226557536	84
XCHTIME	0	0	0	0	0	0	0	0	0	0	0	0
XCHTIME	22	4	16	1594706	486	264	206	534	1593216	138405192677968	138405226557536	84
XCHTIME	0	0	0	0	0	0	0	0	0	0	0	0
XCHTIME	22	4	6	32086	779	491	162	195	30459	138405192677968	138405226557536	84
COUNTS	nvs05	22	84	277	266
COUNTS	autocorr_bern25-19	28	612	5278	5278
XCHTIME	0	0	0	0	0	0	0	0	0	0	0	0
XCHTIME	356	2	4	312948	7876	1538	1401	197	301936	138405033816240	138405228701184	1232
XCHTIME	0	0	0	0	0	0	0	0	0	0	0	0
XCHTIME	356	2	6	1890162	3905	896	1311	232	1883818	138405033816240	138405228701184	1232
XCHTIME	0	0	0	0	0	0	0	0	0	0	0	0
XCHTIME	356	2	5	765329	4263	1174	1202	186	758504	138405033816240	138405228701184	1232
XCHTIME	0	0	0	0	0	0	0	0	0	0	0	0
XCHTIME	356	4	18	4499677	3942	990	2783	671	4491291	138405033816240	138405228701184	1232
LADGATE	356	10000	0.239	1
XCHTIME	0	0	0	0	0	0	0	0	0	0	0	0
XCHTIME	356	5	26	5841695	4292	1571	3037	1005	5831790	138405033816240	138405228701184	1232
XCHTIME	0	0	0	0	0	0	0	0	0	0	0	0
XCHTIME	356	4	66	5558013	3682	1320	3154	2080	5547777	138405033816240	138405228701184	1232
XCHTIME	0	0	0	0	0	0	0	0	0	0	0	0
XCHTIME	356	4	15	858074	5097	2047	2690	570	847670	138405033816240	138405228701184	1232
XCHTIME	0	0	0	0	0	0	0	0	0	0	0	0
XCHTIME	356	4	10	520540	4042	985	2593	326	512594	138405033816240	138405228701184	1232
XCHTIME	0	0	0	0	0	0	0	0	0	0	0	0
XCHTIME	356	4	18	4537824	3971	1016	3498	743	4528596	138405033816240	138405228701184	1232
XCHTIME	0	0	0	0	0	0	0	0	0	0	0	0
XCHTIME	356	4	11	278509	5288	1865	2457	446	268453	138405033816240	138405228701184	1232
XCHTIME	0	0	0	0	0	0	0	0	0	0	0	0
XCHTIME	356	4	14	1419735	3940	890	2569	493	1411843	138405033816240	138405228701184	1232
XCHTIME	0	0	0	0	0	0	0	0	0	0	0	0
XCHTIME	356	4	13	2522207	4080	1177	3026	563	2513361	138405033816240	138405228701184	1232
XCHTIME	0	0	0	0	0	0	0	0	0	0	0	0
XCHTIME	356	4	16	14067030	4239	1241	3996	748	14056806	138405033816240	138405228701184	1232
XCHTIME	0	0	0	0	0	0	0	0	0	0	0	0
XCHTIME	356	4	6	197200	4772	1907	2348	242	187931	138405033816240	138405228701184	1232
LIFT	sssd20-08persp	356	140	800	140
COUNTS	sssd20-08persp	356	1232	4960	4960
XCHTIME	0	0	0	0	0	0	0	0	0	0	0	0
XCHTIME	827	2	4	543313	12274	2273	4293	140	524333	138405245733728	138404853776480	3804
XCHTIME	0	0	0	0	0	0	0	0	0	0	0	0
XCHTIME	827	2	6	5686380	12226	2219	5289	244	5666402	138405245733728	138404853776480	3804
XCHTIME	0	0	0	0	0	0	0	0	0	0	0	0
XCHTIME	827	2	5	1791308	13275	3319	4114	292	1770308	138405245733728	138404853776480	3804
XCHTIME	0	0	0	0	0	0	0	0	0	0	0	0
XCHTIME	827	4	18	11541744	12713	2266	12834	889	11513042	138405245733728	138404853776480	3804
LADGATE	827	10000	0.620	1
XCHTIME	0	0	0	0	0	0	0	0	0	0	0	0
XCHTIME	827	5	26	10642626	13521	2391	13018	1255	10612441	138405245733728	138404853776480	3804
XCHTIME	0	0	0	0	0	0	0	0	0	0	0	0
XCHTIME	827	4	66	1156063	13210	3117	8829	2141	1128766	138405245733728	138404853776480	3804
XCHTIME	0	0	0	0	0	0	0	0	0	0	0	0
XCHTIME	827	4	15	1581006	12798	2542	9175	602	1555889	138405245733728	138404853776480	3804
XCHTIME	0	0	0	0	0	0	0	0	0	0	0	0
XCHTIME	827	4	10	897597	13096	2426	8987	362	872726	138405245733728	138404853776480	3804
XCHTIME	0	0	0	0	0	0	0	0	0	0	0	0
XCHTIME	827	4	18	8698683	12573	2228	12011	952	8670919	138405245733728	138404853776480	3804
XCHTIME	0	0	0	0	0	0	0	0	0	0	0	0
XCHTIME	827	4	11	608148	13428	3526	8542	461	582191	138405245733728	138404853776480	3804
XCHTIME	0	0	0	0	0	0	0	0	0	0	0	0
XCHTIME	827	4	14	2797318	13011	2474	8865	607	2772361	138405245733728	138404853776480	3804
XCHTIME	0	0	0	0	0	0	0	0	0	0	0	0
XCHTIME	827	4	13	4830775	12879	2585	9378	498	4805435	138405245733728	138404853776480	3804
XCHTIME	0	0	0	0	0	0	0	0	0	0	0	0
XCHTIME	827	3	15	18578788	12832	2648	14362	650	18548296	138405245733728	138404853776480	3804
XCHTIME	0	0	0	0	0	0	0	0	0	0	0	0
XCHTIME	827	4	6	504736	20183	5723	9506	227	469097	138405245733728	138404853776480	3804
LIFT	multiplants_stg5	827	310	3480	310
COUNTS	multiplants_stg5	827	3804	377794	155722
XCHTIME	0	0	0	0	0	0	0	0	0	0	0	0
XCHTIME	2032	1	0	3156877	62744	11315	10386	0	3072432	138405034338336	138404851748944	15140
XCHTIME	0	0	0	0	0	0	0	0	0	0	0	0
XCHTIME	2032	1	0	7540407	75904	17327	11054	0	7436122	138405034338336	138404851748944	15140
XCHTIME	0	0	0	0	0	0	0	0	0	0	0	0
XCHTIME	2032	1	0	5651720	82491	24235	13883	0	5531111	138405034338336	138404851748944	15140
XCHTIME	0	0	0	0	0	0	0	0	0	0	0	0
XCHTIME	2032	1	0	15483663	87637	20615	14145	0	15361266	138405034338336	138404851748944	15140
LADGATE	2032	10000	0.654	1
XCHTIME	0	0	0	0	0	0	0	0	0	0	0	0
XCHTIME	2032	4	10	12707571	70596	17086	84770	2284	12532835	138405034338336	138404851748944	15140
XCHTIME	0	0	0	0	0	0	0	0	0	0	0	0
XCHTIME	2032	1	0	6704591	84540	22374	14745	0	6582932	138405034338336	138404851748944	15140
XCHTIME	0	0	0	0	0	0	0	0	0	0	0	0
XCHTIME	2032	2	4	7091192	88000	35005	37653	1021	6929513	138405034338336	138404851748944	15140
XCHTIME	0	0	0	0	0	0	0	0	0	0	0	0
XCHTIME	2032	4	10	12395653	67417	14697	78713	2390	12232436	138405034338336	138404851748944	15140
XCHTIME	0	0	0	0	0	0	0	0	0	0	0	0
XCHTIME	2032	1	0	15436871	70400	15953	11218	0	15339300	138405034338336	138404851748944	15140
XCHTIME	0	0	0	0	0	0	0	0	0	0	0	0
XCHTIME	2032	4	11	8220345	77639	22423	67608	2512	8050163	138405034338336	138404851748944	15140
XCHTIME	0	0	0	0	0	0	0	0	0	0	0	0
XCHTIME	2032	2	4	15088710	68897	16525	42999	992	14959297	138405034338336	138404851748944	15140
XCHTIME	0	0	0	0	0	0	0	0	0	0	0	0
XCHTIME	2032	1	0	15388538	87681	16515	13291	0	15271051	138405034338336	138404851748944	15140
XCHTIME	0	0	0	0	0	0	0	0	0	0	0	0
XCHTIME	2032	1	0	13869913	76386	20413	13339	0	13759775	138405034338336	138404851748944	15140
XCHTIME	0	0	0	0	0	0	0	0	0	0	0	0
XCHTIME	2032	4	6	5699764	85836	29843	66775	1173	5516137	138405034338336	138404851748944	15140
LIFT	chimera_rfr-02	2032	2012	15234	2012
COUNTS	chimera_rfr-02	2032	15140	3860441	2486435
XCHTIME	0	0	0	0	0	0	0	0	0	0	0	0
XCHTIME	726	2	4	1096958	17739	2646	4372	317	1071884	138405032126448	138405030900032	3510
XCHTIME	0	0	0	0	0	0	0	0	0	0	0	0
XCHTIME	726	2	6	8482716	10775	2048	5034	486	8464373	138405032126448	138405030900032	3510
XCHTIME	0	0	0	0	0	0	0	0	0	0	0	0
XCHTIME	726	2	5	3041993	11451	2700	4307	382	3023153	138405032126448	138405030900032	3510
XCHTIME	0	0	0	0	0	0	0	0	0	0	0	0
XCHTIME	726	4	18	17344637	11349	2163	12638	1393	17317094	138405032126448	138405030900032	3510
LADGATE	726	10000	0.547	1
XCHTIME	0	0	0	0	0	0	0	0	0	0	0	0
XCHTIME	726	5	26	26437076	10913	2146	14692	2124	26407201	138405032126448	138405030900032	3510
XCHTIME	0	0	0	0	0	0	0	0	0	0	0	0
XCHTIME	726	2	19	6686037	12139	2985	4898	934	6665081	138405032126448	138405030900032	3510
XCHTIME	0	0	0	0	0	0	0	0	0	0	0	0
XCHTIME	726	4	15	3645248	12389	3748	10441	1004	3617666	138405032126448	138405030900032	3510
XCHTIME	0	0	0	0	0	0	0	0	0	0	0	0
XCHTIME	726	4	10	2038084	14981	2850	8877	696	2010680	138405032126448	138405030900032	3510
XCHTIME	0	0	0	0	0	0	0	0	0	0	0	0
XCHTIME	726	4	18	17314281	10917	2065	14157	1571	17285571	138405032126448	138405030900032	3510
XCHTIME	0	0	0	0	0	0	0	0	0	0	0	0
XCHTIME	726	4	11	1262338	11979	2976	8264	570	1238549	138405032126448	138405030900032	3510
XCHTIME	0	0	0	0	0	0	0	0	0	0	0	0
XCHTIME	726	4	14	6173817	11004	2220	8755	974	6150864	138405032126448	138405030900032	3510
XCHTIME	0	0	0	0	0	0	0	0	0	0	0	0
XCHTIME	726	4	13	11319014	11211	2363	10158	918	11294364	138405032126448	138405030900032	3510
XCHTIME	0	0	0	0	0	0	0	0	0	0	0	0
XCHTIME	726	2	5	15993682	11433	2739	7552	602	15971356	138405032126448	138405030900032	3510
XCHTIME	0	0	0	0	0	0	0	0	0	0	0	0
XCHTIME	726	4	6	808730	11721	3176	7634	345	785854	138405032126448	138405030900032	3510
LIFT	multiplants_stg1a	726	304	2994	304
COUNTS	multiplants_stg1a	726	3510	142058	121443
XCHTIME	0	0	0	0	0	0	0	0	0	0	0	0
XCHTIME	170	2	4	231076	4752	856	612	128	224728	138405031321600	138405034483456	932
XCHTIME	0	0	0	0	0	0	0	0	0	0	0	0
XCHTIME	170	2	6	2212997	2644	455	582	225	2209091	138405031321600	138405034483456	932
XCHTIME	0	0	0	0	0	0	0	0	0	0	0	0
XCHTIME	170	2	5	679877	2754	827	499	160	675637	138405031321600	138405034483456	932
XCHTIME	0	0	0	0	0	0	0	0	0	0	0	0
XCHTIME	170	4	18	4249634	2457	405	1076	604	4245092	138405031321600	138405034483456	932
LADGATE	170	10000	0.218	1
XCHTIME	0	0	0	0	0	0	0	0	0	0	0	0
XCHTIME	170	5	26	4504555	3372	851	1478	911	4497943	138405031321600	138405034483456	932
XCHTIME	0	0	0	0	0	0	0	0	0	0	0	0
XCHTIME	170	4	66	3122369	2519	695	1665	3099	3114391	138405031321600	138405034483456	932
XCHTIME	0	0	0	0	0	0	0	0	0	0	0	0
XCHTIME	170	4	15	610444	3089	1015	1270	425	604645	138405031321600	138405034483456	932
XCHTIME	0	0	0	0	0	0	0	0	0	0	0	0
XCHTIME	170	4	10	361380	2907	1031	1221	255	355966	138405031321600	138405034483456	932
XCHTIME	0	0	0	0	0	0	0	0	0	0	0	0
XCHTIME	170	4	18	3620303	3220	1084	1242	748	3614009	138405031321600	138405034483456	932
XCHTIME	0	0	0	0	0	0	0	0	0	0	0	0
XCHTIME	170	4	11	203310	3245	991	760	314	198000	138405031321600	138405034483456	932
XCHTIME	0	0	0	0	0	0	0	0	0	0	0	0
XCHTIME	170	4	14	1074560	2416	424	1244	399	1070077	138405031321600	138405034483456	932
XCHTIME	0	0	0	0	0	0	0	0	0	0	0	0
XCHTIME	170	4	13	1935346	2452	452	1392	443	1930607	138405031321600	138405034483456	932
XCHTIME	0	0	0	0	0	0	0	0	0	0	0	0
XCHTIME	170	4	16	13357096	2633	700	2254	744	13350765	138405031321600	138405034483456	932
XCHTIME	0	0	0	0	0	0	0	0	0	0	0	0
XCHTIME	170	4	6	135508	3184	1129	861	140	130194	138405031321600	138405034483456	932
LIFT	pooling_adhya4pq	170	93	790	93
COUNTS	pooling_adhya4pq	170	932	24314	16556
XCHTIME	0	0	0	0	0	0	0	0	0	0	0	0
XCHTIME	17493	0	0	18177615	6601147	11576468	0	0	0	138405000716256	138405000856224	163816
XCHTIME	0	0	0	0	0	0	0	0	0	0	0	0
XCHTIME	17493	1	0	19407877	6417936	10870330	2018579	0	101032	138405000716256	138405000856224	163816
XCHTIME	0	0	0	0	0	0	0	0	0	0	0	0
XCHTIME	17493	0	0	17243645	6291175	10952470	0	0	0	138405000716256	138405000856224	163816
XCHTIME	0	0	0	0	0	0	0	0	0	0	0	0
XCHTIME	17493	1	0	24373361	6349646	10938736	2021107	0	5063872	138405000716256	138405000856224	163816
LADGATE	17493	10000	0.768	0
XCHTIME	0	0	0	0	0	0	0	0	0	0	0	0
XCHTIME	17493	5	26	238035672	6261500	10918430	10203251	22919	210629572	138405000716256	138405000856224	163816
LIFT	nuclear10a	17493	15309	159656	15309
COUNTS	nuclear10a	17493	163816	82406325	55261166
XCHTIME	0	0	0	0	0	0	0	0	0	0	0	0
XCHTIME	874	2	4	1318813	17351	2938	4814	289	1293421	138405228721360	138405247263840	7260
XCHTIME	0	0	0	0	0	0	0	0	0	0	0	0
XCHTIME	874	2	6	8964570	16717	2341	5109	438	8939965	138405228721360	138405247263840	7260
XCHTIME	0	0	0	0	0	0	0	0	0	0	0	0
XCHTIME	874	2	5	4292622	18171	2739	4587	287	4266838	138405228721360	138405247263840	7260
XCHTIME	0	0	0	0	0	0	0	0	0	0	0	0
XCHTIME	874	3	15	18202159	17115	2725	7784	1334	18173201	138405228721360	138405247263840	7260
LADGATE	874	10000	0.478	1
XCHTIME	0	0	0	0	0	0	0	0	0	0	0	0
XCHTIME	874	5	26	32946570	16855	2558	12672	2010	32912475	138405228721360	138405247263840	7260
XCHTIME	0	0	0	0	0	0	0	0	0	0	0	0
XCHTIME	874	3	57	7495345	17139	2672	13337	5925	7456272	138405228721360	138405247263840	7260
XCHTIME	0	0	0	0	0	0	0	0	0	0	0	0
XCHTIME	874	4	15	4698115	19165	4222	10714	955	4663059	138405228721360	138405247263840	7260
XCHTIME	0	0	0	0	0	0	0	0	0	0	0	0
XCHTIME	874	4	10	2584108	19545	4425	11429	677	2548032	138405228721360	138405247263840	7260
XCHTIME	0	0	0	0	0	0	0	0	0	0	0	0
XCHTIME	874	3	15	18283106	17468	3268	13326	1346	18247698	138405228721360	138405247263840	7260
XCHTIME	0	0	0	0	0	0	0	0	0	0	0	0
XCHTIME	874	4	11	1383428	18518	3679	9979	661	1350591	138405228721360	138405247263840	7260
XCHTIME	0	0	0	0	0	0	0	0	0	0	0	0
XCHTIME	874	4	14	8584809	16831	2787	10241	821	8554129	138405228721360	138405247263840	7260
XCHTIME	0	0	0	0	0	0	0	0	0	0	0	0
XCHTIME	874	4	13	14849350	16985	3414	12399	835	14815717	138405228721360	138405247263840	7260
XCHTIME	0	0	0	0	0	0	0	0	0	0	0	0
XCHTIME	874	2	5	18300192	18109	3662	10190	454	18267777	138405228721360	138405247263840	7260
XCHTIME	0	0	0	0	0	0	0	0	0	0	0	0
XCHTIME	874	4	6	891289	19216	4600	9576	330	857567	138405228721360	138405247263840	7260
LIFT	sonet24v5	874	595	6704	595
COUNTS	sonet24v5	874	7260	185654	110276
LIFT	transswitch2736spr	69651	44696	297260	44696
COUNTS	transswitch2736spr	69651	331010	7933133	7281507
XCHTIME	0	0	0	0	0	0	0	0	0	0	0	0
XCHTIME	8992	1	0	4061102	1542357	737309	749362	0	1032074	138405246772288	138404851945568	26288
XCHTIME	0	0	0	0	0	0	0	0	0	0	0	0
XCHTIME	8992	1	0	4856564	1516468	742460	769334	0	1828302	138405246772288	138404851945568	26288
XCHTIME	0	0	0	0	0	0	0	0	0	0	0	0
XCHTIME	8992	1	0	4416792	1444335	743109	749516	0	1479832	138405246772288	138404851945568	26288
XCHTIME	0	0	0	0	0	0	0	0	0	0	0	0
XCHTIME	8992	1	0	12446647	1565459	714163	726454	0	9440571	138405246772288	138404851945568	26288
LADGATE	8992	10000	0.487	1
XCHTIME	0	0	0	0	0	0	0	0	0	0	0	0
XCHTIME	8992	5	26	84270193	1529834	744907	3751670	12816	78230966	138405246772288	138404851945568	26288
XCHTIME	0	0	0	0	0	0	0	0	0	0	0	0
XCHTIME	8992	1	0	6556645	1549438	753100	752376	0	3501731	138405246772288	138404851945568	26288
XCHTIME	0	0	0	0	0	0	0	0	0	0	0	0
XCHTIME	8992	1	0	6837409	1526185	711193	724647	0	3875384	138405246772288	138404851945568	26288
XCHTIME	0	0	0	0	0	0	0	0	0	0	0	0
XCHTIME	8992	3	9	12610692	1562560	739497	2190471	2747	8115417	138405246772288	138404851945568	26288
XCHTIME	0	0	0	0	0	0	0	0	0	0	0	0
XCHTIME	8992	1	0	13112442	1505956	727019	747308	0	10132159	138405246772288	138404851945568	26288
XCHTIME	0	0	0	0	0	0	0	0	0	0	0	0
XCHTIME	8992	3	9	12758922	1586587	743721	2162899	3093	8262622	138405246772288	138404851945568	26288
XCHTIME	0	0	0	0	0	0	0	0	0	0	0	0
XCHTIME	8992	2	4	12702117	1486210	740525	1494277	1674	8979431	138405246772288	138404851945568	26288
XCHTIME	0	0	0	0	0	0	0	0	0	0	0	0
XCHTIME	8992	2	4	13669768	1538774	739554	1497469	1381	9892590	138405246772288	138404851945568	26288
XCHTIME	0	0	0	0	0	0	0	0	0	0	0	0
XCHTIME	8992	1	0	12520665	1487815	739962	748281	0	9544607	138405246772288	138404851945568	26288
XCHTIME	0	0	0	0	0	0	0	0	0	0	0	0
XCHTIME	8992	3	3	12783415	1553416	745038	2185812	1121	8298028	138405246772288	138404851945568	26288
LIFT	chp_shorttermplan2a	8992	4760	18484	4760
COUNTS	chp_shorttermplan2a	8992	26288	821014	575280
XCHTIME	0	0	0	0	0	0	0	0	0	0	0	0
XCHTIME	1001	2	4	3415507	17766	5022	7602	372	3384745	138405031145968	138405247362160	5592
XCHTIME	0	0	0	0	0	0	0	0	0	0	0	0
XCHTIME	1001	1	0	8217406	17854	4628	2859	0	8192065	138405031145968	138405247362160	5592
XCHTIME	0	0	0	0	0	0	0	0	0	0	0	0
XCHTIME	1001	1	0	5684982	19244	6334	3132	0	5656272	138405031145968	138405247362160	5592
XCHTIME	0	0	0	0	0	0	0	0	0	0	0	0
XCHTIME	1001	1	0	16556145	18518	5155	3089	0	16529383	138405031145968	138405247362160	5592
LADGATE	1001	10000	0.220	1
XCHTIME	0	0	0	0	0	0	0	0	0	0	0	0
XCHTIME	1001	5	26	137267852	17380	4435	33603	2860	137209574	138405031145968	138405247362160	5592
XCHTIME	0	0	0	0	0	0	0	0	0	0	0	0
XCHTIME	1001	4	66	429938	21417	5366	12449	3822	386884	138405031145968	138405247362160	5592
XCHTIME	0	0	0	0	0	0	0	0	0	0	0	0
XCHTIME	1001	3	12	8041746	16616	2783	12025	1379	8008943	138405031145968	138405247362160	5592
XCHTIME	0	0	0	0	0	0	0	0	0	0	0	0
XCHTIME	1001	4	10	6962110	18741	5083	15647	818	6921821	138405031145968	138405247362160	5592
XCHTIME	0	0	0	0	0	0	0	0	0	0	0	0
XCHTIME	1001	1	0	16690354	17560	3566	2875	0	16666353	138405031145968	138405247362160	5592
XCHTIME	0	0	0	0	0	0	0	0	0	0	0	0
XCHTIME	1001	4	11	2413203	21373	6417	11893	937	2372583	138405031145968	138405247362160	5592
XCHTIME	0	0	0	0	0	0	0	0	0	0	0	0
XCHTIME	1001	3	12	14628200	16895	2824	14021	1038	14593422	138405031145968	138405247362160	5592
XCHTIME	0	0	0	0	0	0	0	0	0	0	0	0
XCHTIME	1001	2	4	17032545	18694	4407	8208	408	17000828	138405031145968	138405247362160	5592
XCHTIME	0	0	0	0	0	0	0	0	0	0	0	0
XCHTIME	1001	1	0	15168464	17599	3977	2994	0	15143894	138405031145968	138405247362160	5592
XCHTIME	0	0	0	0	0	0	0	0	0	0	0	0
XCHTIME	1001	4	6	1509623	22923	8705	14201	760	1463034	138405031145968	138405247362160	5592
LIFT	catmix200	1001	998	5580	998
COUNTS	catmix200	1001	5592	18173	18164
COUNTS	nvs23	27	252	1921	1221
XCHTIME	0	0	0	0	0	0	0	0	0	0	0	0
XCHTIME	20	2	4	34561	875	629	152	91	32814	138405253435104	138405253470896	40
XCHTIME	0	0	0	0	0	0	0	0	0	0	0	0
XCHTIME	20	2	6	80423	786	336	110	125	79066	138405253435104	138405253470896	40
XCHTIME	0	0	0	0	0	0	0	0	0	0	0	0
XCHTIME	20	2	5	100090	607	293	124	107	98959	138405253435104	138405253470896	40
XCHTIME	0	0	0	0	0	0	0	0	0	0	0	0
XCHTIME	20	4	18	332376	630	254	202	357	330933	138405253435104	138405253470896	40
LADGATE	20	10000	0.138	1
XCHTIME	0	0	0	0	0	0	0	0	0	0	0	0
XCHTIME	20	5	26	592450	531	533	239	525	590622	138405253435104	138405253470896	40
XCHTIME	0	0	0	0	0	0	0	0	0	0	0	0
XCHTIME	20	4	48	132123	488	319	200	1173	129943	138405253435104	138405253470896	40
XCHTIME	0	0	0	0	0	0	0	0	0	0	0	0
XCHTIME	20	4	15	58262	615	304	174	311	56858	138405253435104	138405253470896	40
XCHTIME	0	0	0	0	0	0	0	0	0	0	0	0
XCHTIME	20	4	10	50468	529	259	183	199	49298	138405253435104	138405253470896	40
XCHTIME	0	0	0	0	0	0	0	0	0	0	0	0
XCHTIME	20	4	18	327491	461	244	180	372	326234	138405253435104	138405253470896	40
XCHTIME	0	0	0	0	0	0	0	0	0	0	0	0
XCHTIME	20	4	11	37858	563	251	170	221	36653	138405253435104	138405253470896	40
XCHTIME	0	0	0	0	0	0	0	0	0	0	0	0
XCHTIME	20	4	14	131192	494	211	163	276	130048	138405253435104	138405253470896	40
XCHTIME	0	0	0	0	0	0	0	0	0	0	0	0
XCHTIME	20	4	13	240937	496	220	196	268	239757	138405253435104	138405253470896	40
XCHTIME	0	0	0	0	0	0	0	0	0	0	0	0
XCHTIME	20	4	16	1447740	524	239	174	322	1446481	138405253435104	138405253470896	40
XCHTIME	0	0	0	0	0	0	0	0	0	0	0	0
XCHTIME	20	4	6	16088	1101	667	169	117	14034	138405253435104	138405253470896	40
COUNTS	oaer	20	40	107	107
XCHTIME	0	0	0	0	0	0	0	0	0	0	0	0
XCHTIME	168	2	4	422433	6903	677	509	146	414198	138405189479664	138405031154000	388
XCHTIME	0	0	0	0	0	0	0	0	0	0	0	0
XCHTIME	168	2	6	2888691	1885	500	612	280	2885414	138405189479664	138405031154000	388
XCHTIME	0	0	0	0	0	0	0	0	0	0	0	0
XCHTIME	168	2	5	1062304	1978	672	537	172	1058945	138405189479664	138405031154000	388
XCHTIME	0	0	0	0	0	0	0	0	0	0	0	0
XCHTIME	168	4	18	6141836	1761	476	1212	758	6137629	138405189479664	138405031154000	388
LADGATE	168	10000	0.176	1
XCHTIME	0	0	0	0	0	0	0	0	0	0	0	0
XCHTIME	168	5	26	7910562	3164	1171	1308	1231	7903688	138405189479664	138405031154000	388
XCHTIME	0	0	0	0	0	0	0	0	0	0	0	0
XCHTIME	168	4	66	86770	1979	785	854	2270	80882	138405189479664	138405031154000	388
XCHTIME	0	0	0	0	0	0	0	0	0	0	0	0
XCHTIME	168	4	15	1270142	1769	486	1097	491	1266299	138405189479664	138405031154000	388
XCHTIME	0	0	0	0	0	0	0	0	0	0	0	0
XCHTIME	168	4	10	777896	1798	471	832	282	774513	138405189479664	138405031154000	388
XCHTIME	0	0	0	0	0	0	0	0	0	0	0	0
XCHTIME	168	4	18	6202964	1621	453	1095	690	6199105	138405189479664	138405031154000	388
XCHTIME	0	0	0	0	0	0	0	0	0	0	0	0
XCHTIME	168	4	11	432876	1782	720	856	315	429203	138405189479664	138405031154000	388
XCHTIME	0	0	0	0	0	0	0	0	0	0	0	0
XCHTIME	168	4	14	2197672	1802	525	1247	557	2193541	138405189479664	138405031154000	388
XCHTIME	0	0	0	0	0	0	0	0	0	0	0	0
XCHTIME	168	4	13	3569495	2067	665	1118	512	3565133	138405189479664	138405031154000	388
XCHTIME	0	0	0	0	0	0	0	0	0	0	0	0
XCHTIME	168	4	16	16783876	1816	772	2137	912	16778239	138405189479664	138405031154000	388
XCHTIME	0	0	0	0	0	0	0	0	0	0	0	0
XCHTIME	168	4	6	235666	2294	1034	926	135	231277	138405189479664	138405031154000	388
LIFT	hybriddynamic_fixed	168	80	250	80
COUNTS	hybriddynamic_fixed	168	388	1103	1103
XCHTIME	0	0	0	0	0	0	0	0	0	0	0	0
XCHTIME	16747	0	0	21317733	11146642	10171091	0	0	0	138405244970288	138405249889776	77352
XCHTIME	0	0	0	0	0	0	0	0	0	0	0	0
XCHTIME	16747	1	0	23437800	10511347	9957559	1702358	0	1266536	138405244970288	138405249889776	77352
XCHTIME	0	0	0	0	0	0	0	0	0	0	0	0
XCHTIME	16747	1	0	22182098	10433962	9912571	1640883	0	194682	138405244970288	138405249889776	77352
XCHTIME	0	0	0	0	0	0	0	0	0	0	0	0
XCHTIME	16747	1	0	27563027	10466037	9820254	1673010	0	5603726	138405244970288	138405249889776	77352
LADGATE	16747	10000	0.652	0
XCHTIME	0	0	0	0	0	0	0	0	0	0	0	0
XCHTIME	16747	5	26	133037486	10507707	9930614	8683524	15473	103900168	138405244970288	138405249889776	77352
LIFT	edgecross24-115	16747	8651	85448	8651
COUNTS	edgecross24-115	16747	77352	35096942	28266834
XCHTIME	0	0	0	0	0	0	0	0	0	0	0	0
XCHTIME	1178	2	4	454435	20240	3560	7920	263	422452	138405035068624	138405246844240	4334
XCHTIME	0	0	0	0	0	0	0	0	0	0	0	0
XCHTIME	1178	2	6	5807548	19795	3631	10063	308	5773751	138405035068624	138405246844240	4334
XCHTIME	0	0	0	0	0	0	0	0	0	0	0	0
XCHTIME	1178	2	5	1829916	22687	6039	9249	325	1791616	138405035068624	138405246844240	4334
XCHTIME	0	0	0	0	0	0	0	0	0	0	0	0
XCHTIME	1178	4	18	12016611	20565	4712	25291	1122	11964921	138405035068624	138405246844240	4334
LADGATE	1178	10000	0.296	1
XCHTIME	0	0	0	0	0	0	0	0	0	0	0	0
XCHTIME	1178	5	26	13695306	20532	4665	31512	1551	13637046	138405035068624	138405246844240	4334
XCHTIME	0	0	0	0	0	0	0	0	0	0	0	0
XCHTIME	1178	4	66	5079173	22940	6143	26524	2989	5020577	138405035068624	138405246844240	4334
XCHTIME	0	0	0	0	0	0	0	0	0	0	0	0
XCHTIME	1178	4	15	2225071	20550	4904	23048	1133	2175436	138405035068624	138405246844240	4334
XCHTIME	0	0	0	0	0	0	0	0	0	0	0	0
XCHTIME	1178	4	10	1030767	21254	5539	16906	541	986527	138405035068624	138405246844240	4334
XCHTIME	0	0	0	0	0	0	0	0	0	0	0	0
XCHTIME	1178	4	18	11772343	20741	4634	32892	1563	11712513	138405035068624	138405246844240	4334
XCHTIME	0	0	0	0	0	0	0	0	0	0	0	0
XCHTIME	1178	4	11	785761	22228	6253	19299	547	737434	138405035068624	138405246844240	4334
XCHTIME	0	0	0	0	0	0	0	0	0	0	0	0
XCHTIME	1178	4	14	3498312	20241	4393	23549	1153	3448976	138405035068624	138405246844240	4334
XCHTIME	0	0	0	0	0	0	0	0	0	0	0	0
XCHTIME	1178	4	13	6651074	22449	5054	24846	1160	6597565	138405035068624	138405246844240	4334
XCHTIME	0	0	0	0	0	0	0	0	0	0	0	0
XCHTIME	1178	2	5	16548252	21953	5921	17666	481	16502231	138405035068624	138405246844240	4334
XCHTIME	0	0	0	0	0	0	0	0	0	0	0	0
XCHTIME	1178	4	6	627388	27079	9406	19387	666	570850	138405035068624	138405246844240	4334
LIFT	space25	1178	243	1212	243
COUNTS	space25	1178	4334	23567	22528
XCHTIME	0	0	0	0	0	0	0	0	0	0	0	0
XCHTIME	23999	0	0	0	0	0	0	0	0	138405003215536	138405049643648	151728
XCHTIME	0	0	0	0	0	0	0	0	0	0	0	0
XCHTIME	23999	0	0	42943713	22083014	20860699	0	0	0	138405003215536	138405049643648	151728
XCHTIME	0	0	0	0	0	0	0	0	0	0	0	0
XCHTIME	23999	0	0	0	0	0	0	0	0	138405003215536	138405049643648	151728
XCHTIME	0	0	0	0	0	0	0	0	0	0	0	0
XCHTIME	23999	1	0	49290359	22012229	20767351	3529811	0	2980968	138405003215536	138405049643648	151728
LADGATE	23999	10000	0.607	0
XCHTIME	0	0	0	0	0	0	0	0	0	0	0	0
XCHTIME	23999	5	26	228767844	21961399	20626703	17608189	23111	168548442	138405003215536	138405049643648	151728
LIFT	methanol400	23999	19199	142128	19199
COUNTS	methanol400	23999	151728	2586036	1792285
XCHTIME	0	0	0	0	0	0	0	0	0	0	0	0
XCHTIME	1218	2	4	1174318	39392	6527	10811	509	1117079	138404853833104	138405028024608	8364
XCHTIME	0	0	0	0	0	0	0	0	0	0	0	0
XCHTIME	1218	2	6	7362896	28548	6171	16873	809	7310495	138404853833104	138405028024608	8364
XCHTIME	0	0	0	0	0	0	0	0	0	0	0	0
XCHTIME	1218	2	5	3448513	29192	8737	12185	838	3397561	138404853833104	138405028024608	8364
XCHTIME	0	0	0	0	0	0	0	0	0	0	0	0
XCHTIME	1218	4	18	15163516	31977	10614	36751	2675	15081499	138404853833104	138405028024608	8364
LADGATE	1218	10000	0.533	1
XCHTIME	0	0	0	0	0	0	0	0	0	0	0	0
XCHTIME	1218	5	26	25054423	25467	4969	51215	3559	24969213	138404853833104	138405028024608	8364
XCHTIME	0	0	0	0	0	0	0	0	0	0	0	0
XCHTIME	1218	3	57	6981465	30017	9167	29973	4872	6907436	138404853833104	138405028024608	8364
XCHTIME	0	0	0	0	0	0	0	0	0	0	0	0
XCHTIME	1218	4	15	3676019	26750	7264	24452	1880	3615673	138404853833104	138405028024608	8364
XCHTIME	0	0	0	0	0	0	0	0	0	0	0	0
XCHTIME	1218	4	10	2192017	28058	7250	22724	1310	2132675	138404853833104	138405028024608	8364
XCHTIME	0	0	0	0	0	0	0	0	0	0	0	0
XCHTIME	1218	4	18	15296057	26380	5548	39003	2487	15222639	138404853833104	138405028024608	8364
XCHTIME	0	0	0	0	0	0	0	0	0	0	0	0
XCHTIME	1218	4	11	1396723	27506	7552	21916	1098	1338651	138404853833104	138405028024608	8364
XCHTIME	0	0	0	0	0	0	0	0	0	0	0	0
XCHTIME	1218	4	14	6680407	25546	5102	28162	1681	6619916	138404853833104	138405028024608	8364
XCHTIME	0	0	0	0	0	0	0	0	0	0	0	0
XCHTIME	1218	4	13	11898029	27883	6503	26670	1627	11835346	138404853833104	138405028024608	8364
XCHTIME	0	0	0	0	0	0	0	0	0	0	0	0
XCHTIME	1218	1	0	13508349	26711	7034	4708	0	13469896	138404853833104	138405028024608	8364
XCHTIME	0	0	0	0	0	0	0	0	0	0	0	0
XCHTIME	1218	4	6	1166040	34199	12212	20795	646	1098188	138404853833104	138405028024608	8364
LIFT	pooling_foulds5tp	1218	659	7246	659
COUNTS	pooling_foulds5tp	1218	8364	251833	171941
XCHTIME	0	0	0	0	0	0	0	0	0	0	0	0
XCHTIME	5040	1	0	2129718	608695	228005	222346	0	1070672	138405244897776	138405250807296	121302
XCHTIME	0	0	0	0	0	0	0	0	0	0	0	0
XCHTIME	5040	1	0	3346290	587105	211897	202548	0	2344740	138405244897776	138405250807296	121302
XCHTIME	0	0	0	0	0	0	0	0	0	0	0	0
XCHTIME	5040	1	0	2659098	604067	211237	197762	0	1646032	138405244897776	138405250807296	121302
XCHTIME	0	0	0	0	0	0	0	0	0	0	0	0
XCHTIME	5040	1	0	9388987	608445	213354	201903	0	8365285	138405244897776	138405250807296	121302
LADGATE	5040	10000	0.642	1
LIFT	pooling_sppa9tp	5040	2642	116234	2642
COUNTS	pooling_sppa9tp	5040	121302	104609262	16877457
COUNTS	st_miqp2	10	18	37	37
COUNTS	autocorr_bern30-23	33	878	8940	8940
XCHTIME	0	0	0	0	0	0	0	0	0	0	0	0
XCHTIME	9858	1	0	4683332	1921373	906375	911315	0	944269	138405251972624	138405244385328	31692
XCHTIME	0	0	0	0	0	0	0	0	0	0	0	0
XCHTIME	9858	1	0	5081879	1857139	905376	925271	0	1394093	138405251972624	138405244385328	31692
XCHTIME	0	0	0	0	0	0	0	0	0	0	0	0
XCHTIME	9858	1	0	4758365	1868946	904600	909766	0	1075053	138405251972624	138405244385328	31692
XCHTIME	0	0	0	0	0	0	0	0	0	0	0	0
XCHTIME	9858	1	0	13096909	1874634	895813	914897	0	9411565	138405251972624	138405244385328	31692
LADGATE	9858	10000	0.668	1
XCHTIME	0	0	0	0	0	0	0	0	0	0	0	0
XCHTIME	9858	5	26	125558379	1888597	918186	4607247	11563	118132786	138405251972624	138405244385328	31692
XCHTIME	0	0	0	0	0	0	0	0	0	0	0	0
XCHTIME	9858	1	0	7566823	1937748	914700	910866	0	3803509	138405251972624	138405244385328	31692
XCHTIME	0	0	0	0	0	0	0	0	0	0	0	0
XCHTIME	9858	1	0	7683225	1887367	916188	923063	0	3956607	138405251972624	138405244385328	31692
XCHTIME	0	0	0	0	0	0	0	0	0	0	0	0
XCHTIME	9858	2	3	12034136	1903694	914500	1815916	1802	7398224	138405251972624	138405244385328	31692
XCHTIME	0	0	0	0	0	0	0	0	0	0	0	0
XCHTIME	9858	1	0	13050396	1803601	896304	919079	0	9431412	138405251972624	138405244385328	31692
XCHTIME	0	0	0	0	0	0	0	0	0	0	0	0
XCHTIME	9858	2	3	11982328	1900470	910727	1815504	1698	7353929	138405251972624	138405244385328	31692
XCHTIME	0	0	0	0	0	0	0	0	0	0	0	0
XCHTIME	9858	1	0	12648314	1888663	904957	921191	0	8933503	138405251972624	138405244385328	31692
XCHTIME	0	0	0	0	0	0	0	0	0	0	0	0
XCHTIME	9858	1	0	13098314	1875723	918414	906395	0	9397782	138405251972624	138405244385328	31692
XCHTIME	0	0	0	0	0	0	0	0	0	0	0	0
XCHTIME	9858	1	0	11788811	1902998	919891	896444	0	8069478	138405251972624	138405244385328	31692
XCHTIME	0	0	0	0	0	0	0	0	0	0	0	0
XCHTIME	9858	2	3	12037510	1877646	895248	1823321	2509	7438786	138405251972624	138405244385328	31692
LIFT	mpbp_15	9858	5550	25800	5550
COUNTS	mpbp_15	9858	31692	1496502	1164013
COUNTS	cvxnonsep_psig30r	126	250	501	501
XCHTIME	0	0	0	0	0	0	0	0	0	0	0	0
XCHTIME	1590	2	4	2509721	32116	7041	14722	328	2455514	138405030882832	138405245104288	4100
XCHTIME	0	0	0	0	0	0	0	0	0	0	0	0
XCHTIME	1590	1	0	6669158	32079	6794	6909	0	6623376	138405030882832	138405245104288	4100
XCHTIME	0	0	0	0	0	0	0	0	0	0	0	0
XCHTIME	1590	2	5	5527550	38904	11369	26623	746	5449908	138405030882832	138405245104288	4100
XCHTIME	0	0	0	0	0	0	0	0	0	0	0	0
XCHTIME	1590	2	5	13226149	42775	10001	24213	732	13148428	138405030882832	138405245104288	4100
LADGATE	1590	10000	0.416	1
XCHTIME	0	0	0	0	0	0	0	0	0	0	0	0
XCHTIME	1590	5	26	47350949	32630	8803	83142	3944	47222430	138405030882832	138405245104288	4100
XCHTIME	0	0	0	0	0	0	0	0	0	0	0	0
XCHTIME	1590	1	0	6712701	40547	13404	8359	0	6650391	138405030882832	138405245104288	4100
XCHTIME	0	0	0	0	0	0	0	0	0	0	0	0
XCHTIME	1590	4	15	7610785	42237	13528	40881	1977	7512162	138405030882832	138405245104288	4100
XCHTIME	0	0	0	0	0	0	0	0	0	0	0	0
XCHTIME	1590	4	10	4883948	35943	10895	35875	1405	4799830	138405030882832	138405245104288	4100
XCHTIME	0	0	0	0	0	0	0	0	0	0	0	0
XCHTIME	1590	2	5	13187088	34472	9648	27788	681	13114499	138405030882832	138405245104288	4100
XCHTIME	0	0	0	0	0	0	0	0	0	0	0	0
XCHTIME	1590	4	11	3153368	37887	11957	40806	1570	3061148	138405030882832	138405245104288	4100
XCHTIME	0	0	0	0	0	0	0	0	0	0	0	0
XCHTIME	1590	4	14	12665968	34060	9018	41431	2045	12579414	138405030882832	138405245104288	4100
XCHTIME	0	0	0	0	0	0	0	0	0	0	0	0
XCHTIME	1590	3	12	13718016	33798	9054	38167	1617	13635380	138405030882832	138405245104288	4100
XCHTIME	0	0	0	0	0	0	0	0	0	0	0	0
XCHTIME	1590	1	0	12675824	33376	8802	6831	0	12626815	138405030882832	138405245104288	4100
XCHTIME	0	0	0	0	0	0	0	0	0	0	0	0
XCHTIME	1590	4	6	2109933	43301	18823	35727	641	2011441	138405030882832	138405245104288	4100
LIFT	rsyn0830hfsg	1590	876	2784	876
COUNTS	rsyn0830hfsg	1590	4100	16168	15383
XCHTIME	0	0	0	0	0	0	0	0	0	0	0	0
XCHTIME	1271	2	4	2015101	23083	4120	8549	281	1979068	138405188217904	138405245169840	4642
XCHTIME	0	0	0	0	0	0	0	0	0	0	0	0
XCHTIME	1271	2	6	7878234	23205	4411	12511	657	7837450	138405188217904	138405245169840	4642
XCHTIME	0	0	0	0	0	0	0	0	0	0	0	0
XCHTIME	1271	2	5	5658921	27080	11033	11810	332	5608666	138405188217904	138405245169840	4642
XCHTIME	0	0	0	0	0	0	0	0	0	0	0	0
XCHTIME	1271	3	15	15958567	25122	5772	23223	1270	15903180	138405188217904	138405245169840	4642
LADGATE	1271	10000	0.522	1
XCHTIME	0	0	0	0	0	0	0	0	0	0	0	0
XCHTIME	1271	5	26	38470453	29530	5662	41719	2226	38391316	138405188217904	138405245169840	4642
XCHTIME	0	0	0	0	0	0	0	0	0	0	0	0
XCHTIME	1271	1	0	7011424	27955	6468	4490	0	6972511	138405188217904	138405245169840	4642
XCHTIME	0	0	0	0	0	0	0	0	0	0	0	0
XCHTIME	1271	4	15	6503084	31466	10191	21541	1216	6438670	138405188217904	138405245169840	4642
XCHTIME	0	0	0	0	0	0	0	0	0	0	0	0
XCHTIME	1271	4	10	3924517	24978	5469	22229	993	3870848	138405188217904	138405245169840	4642
XCHTIME	0	0	0	0	0	0	0	0	0	0	0	0
XCHTIME	1271	3	15	16058723	24563	5235	29223	1575	15998127	138405188217904	138405245169840	4642
XCHTIME	0	0	0	0	0	0	0	0	0	0	0	0
XCHTIME	1271	4	11	2339423	25570	6270	19711	790	2287082	138405188217904	138405245169840	4642
XCHTIME	0	0	0	0	0	0	0	0	0	0	0	0
XCHTIME	1271	4	14	10649344	24857	5236	23310	1201	10594740	138405188217904	138405245169840	4642
XCHTIME	0	0	0	0	0	0	0	0	0	0	0	0
XCHTIME	1271	4	13	16213348	25460	6469	29566	1102	16150751	138405188217904	138405245169840	4642
XCHTIME	0	0	0	0	0	0	0	0	0	0	0	0
XCHTIME	1271	1	0	14259150	25669	6712	4645	0	14222124	138405188217904	138405245169840	4642
XCHTIME	0	0	0	0	0	0	0	0	0	0	0	0
XCHTIME	1271	4	6	1565154	31949	10348	19655	505	1502697	138405188217904	138405245169840	4642
LIFT	crudeoil_pooling_ct1	1271	722	3626	722
COUNTS	crudeoil_pooling_ct1	1271	4642	125127	93863
XCHTIME	0	0	0	0	0	0	0	0	0	0	0	0
XCHTIME	800	2	4	596414	20425	3081	4119	203	568586	138405253428512	138405244844096	3894
XCHTIME	0	0	0	0	0	0	0	0	0	0	0	0
XCHTIME	800	2	6	5020500	11941	2031	5137	233	5001158	138405253428512	138405244844096	3894
XCHTIME	0	0	0	0	0	0	0	0	0	0	0	0
XCHTIME	800	2	5	1806194	12874	3055	4462	210	1785593	138405253428512	138405244844096	3894
XCHTIME	0	0	0	0	0	0	0	0	0	0	0	0
XCHTIME	800	4	18	11115401	13335	4057	10300	909	11086800	138405253428512	138405244844096	3894
LADGATE	800	10000	0.569	1
XCHTIME	0	0	0	0	0	0	0	0	0	0	0	0
XCHTIME	800	5	26	13787458	12380	2445	12833	1065	13758735	138405253428512	138405244844096	3894
XCHTIME	0	0	0	0	0	0	0	0	0	0	0	0
XCHTIME	800	4	66	6726035	12714	2848	13043	2234	6695196	138405253428512	138405244844096	3894
XCHTIME	0	0	0	0	0	0	0	0	0	0	0	0
XCHTIME	800	4	15	2045978	13089	3851	9702	570	2018766	138405253428512	138405244844096	3894
XCHTIME	0	0	0	0	0	0	0	0	0	0	0	0
XCHTIME	800	4	10	1088972	12328	2962	9239	409	1064034	138405253428512	138405244844096	3894
XCHTIME	0	0	0	0	0	0	0	0	0	0	0	0
XCHTIME	800	4	18	11198734	11932	2218	13203	941	11170440	138405253428512	138405244844096	3894
XCHTIME	0	0	0	0	0	0	0	0	0	0	0	0
XCHTIME	800	4	11	686112	13064	3065	8690	443	660850	138405253428512	138405244844096	3894
XCHTIME	0	0	0	0	0	0	0	0	0	0	0	0
XCHTIME	800	4	14	3417822	11949	2322	10027	586	3392938	138405253428512	138405244844096	3894
XCHTIME	0	0	0	0	0	0	0	0	0	0	0	0
XCHTIME	800	4	13	6364463	12381	3184	9918	536	6338444	138405253428512	138405244844096	3894
XCHTIME	0	0	0	0	0	0	0	0	0	0	0	0
XCHTIME	800	3	15	18556541	12216	2652	15219	728	18525726	138405253428512	138405244844096	3894
XCHTIME	0	0	0	0	0	0	0	0	0	0	0	0
XCHTIME	800	4	6	474874	12791	3533	9713	219	448618	138405253428512	138405244844096	3894
LIFT	multiplants_stg1c	800	326	3346	326
COUNTS	multiplants_stg1c	800	3894	150039	143020
XCHTIME	0	0	0	0	0	0	0	0	0	0	0	0
XCHTIME	11	2	4	31928	733	430	101	167	30497	138405197862128	138405189481024	32
XCHTIME	0	0	0	0	0	0	0	0	0	0	0	0
XCHTIME	11	2	6	160757	313	272	78	189	159905	138405197862128	138405189481024	32
XCHTIME	0	0	0	0	0	0	0	0	0	0	0	0
XCHTIME	11	2	5	80429	301	244	58	159	79667	138405197862128	138405189481024	32
XCHTIME	0	0	0	0	0	0	0	0	0	0	0	0
XCHTIME	11	4	18	168125	257	213	114	520	167021	138405197862128	138405189481024	32
LADGATE	11	10000	0.116	1
XCHTIME	0	0	0	0	0	0	0	0	0	0	0	0
XCHTIME	11	5	26	174583	372	335	227	759	172890	138405197862128	138405189481024	32
XCHTIME	0	0	0	0	0	0	0	0	0	0	0	0
XCHTIME	11	4	31	141139	318	302	109	820	139590	138405197862128	138405189481024	32
XCHTIME	0	0	0	0	0	0	0	0	0	0	0	0
XCHTIME	11	4	15	68601	322	268	121	409	67481	138405197862128	138405189481024	32
XCHTIME	0	0	0	0	0	0	0	0	0	0	0	0
XCHTIME	11	4	10	54111	329	224	121	226	53211	138405197862128	138405189481024	32
XCHTIME	0	0	0	0	0	0	0	0	0	0	0	0
XCHTIME	11	4	18	168313	287	181	113	434	167298	138405197862128	138405189481024	32
XCHTIME	0	0	0	0	0	0	0	0	0	0	0	0
XCHTIME	11	4	11	30147	273	195	106	235	29338	138405197862128	138405189481024	32
XCHTIME	0	0	0	0	0	0	0	0	0	0	0	0
XCHTIME	11	4	14	134813	249	211	107	322	133924	138405197862128	138405189481024	32
XCHTIME	0	0	0	0	0	0	0	0	0	0	0	0
XCHTIME	11	4	13	220895	275	199	126	340	219955	138405197862128	138405189481024	32
XCHTIME	0	0	0	0	0	0	0	0	0	0	0	0
XCHTIME	11	4	16	216315	258	190	130	486	215251	138405197862128	138405189481024	32
XCHTIME	0	0	0	0	0	0	0	0	0	0	0	0
XCHTIME	11	4	6	15451	322	333	117	129	14550	138405197862128	138405189481024	32
COUNTS	st_pan1	11	32	123	94
XCHTIME	0	0	0	0	0	0	0	0	0	0	0	0
XCHTIME	814	2	4	1044008	20898	3132	4196	260	1015522	138404853825648	138404852338800	3992
XCHTIME	0	0	0	0	0	0	0	0	0	0	0	0
XCHTIME	814	2	6	8591268	12424	2206	5707	564	8570367	138404853825648	138404852338800	3992
XCHTIME	0	0	0	0	0	0	0	0	0	0	0	0
XCHTIME	814	2	5	3343792	13991	2886	4502	359	3322054	138404853825648	138404852338800	3992
XCHTIME	0	0	0	0	0	0	0	0	0	0	0	0
XCHTIME	814	4	18	17449767	13064	2852	14009	1875	17417967	138404853825648	138404852338800	3992
LADGATE	814	10000	0.607	1
XCHTIME	0	0	0	0	0	0	0	0	0	0	0	0
XCHTIME	814	5	26	26726249	12752	2408	15744	2042	26693303	138404853825648	138404852338800	3992
XCHTIME	0	0	0	0	0	0	0	0	0	0	0	0
XCHTIME	814	1	0	7073944	14698	3182	2084	0	7053980	138404853825648	138404852338800	3992
XCHTIME	0	0	0	0	0	0	0	0	0	0	0	0
XCHTIME	814	4	15	3638248	15645	4602	10384	1061	3606556	138404853825648	138404852338800	3992
XCHTIME	0	0	0	0	0	0	0	0	0	0	0	0
XCHTIME	814	4	10	2065439	12875	2855	9060	601	2040048	138404853825648	138404852338800	3992
XCHTIME	0	0	0	0	0	0	0	0	0	0	0	0
XCHTIME	814	4	18	17435608	12492	2369	15497	1732	17403518	138404853825648	138404852338800	3992
XCHTIME	0	0	0	0	0	0	0	0	0	0	0	0
XCHTIME	814	4	11	1296815	15332	4266	9212	726	1267279	138404853825648	138404852338800	3992
XCHTIME	0	0	0	0	0	0	0	0	0	0	0	0
XCHTIME	814	4	14	6561427	12217	2275	8819	953	6537163	138404853825648	138404852338800	3992
XCHTIME	0	0	0	0	0	0	0	0	0	0	0	0
XCHTIME	814	4	13	11490866	13110	2474	10202	931	11464149	138404853825648	138404852338800	3992
XCHTIME	0	0	0	0	0	0	0	0	0	0	0	0
XCHTIME	814	1	0	14995525	13181	2870	2085	0	14977389	138404853825648	138404852338800	3992
XCHTIME	0	0	0	0	0	0	0	0	0	0	0	0
XCHTIME	814	4	6	833793	15706	5368	8367	436	803916	138404853825648	138404852338800	3992
LIFT	multiplants_stg1b	814	337	3456	337
COUNTS	multiplants_stg1b	814	3992	308612	187593
XCHTIME	0	0	0	0	0	0	0	0	0	0	0	0
XCHTIME	11999	1	0	5080026	2937420	938092	890606	0	313908	138405051383824	138405051479840	76128
XCHTIME	0	0	0	0	0	0	0	0	0	0	0	0
XCHTIME	11999	1	0	5694569	2929680	898936	887288	0	978665	138405051383824	138405051479840	76128
XCHTIME	0	0	0	0	0	0	0	0	0	0	0	0
XCHTIME	11999	1	0	5553883	2948435	903645	872685	0	829118	138405051383824	138405051479840	76128
XCHTIME	0	0	0	0	0	0	0	0	0	0	0	0
XCHTIME	11999	1	0	12441349	2949768	887534	875336	0	7728711	138405051383824	138405051479840	76128
LADGATE	11999	10000	0.543	0
XCHTIME	0	0	0	0	0	0	0	0	0	0	0	0
XCHTIME	11999	5	26	90118058	3018779	916624	4490694	17715	81674246	138405051383824	138405051479840	76128
XCHTIME	0	0	0	0	0	0	0	0	0	0	0	0
XCHTIME	11999	1	0	8223778	2979279	911345	884148	0	3449006	138405051383824	138405051479840	76128
XCHTIME	0	0	0	0	0	0	0	0	0	0	0	0
XCHTIME	11999	1	0	7552463	2993676	883866	882801	0	2792120	138405051383824	138405051479840	76128
XCHTIME	0	0	0	0	0	0	0	0	0	0	0	0
XCHTIME	11999	1	0	10795001	2959625	904428	868659	0	6062289	138405051383824	138405051479840	76128
XCHTIME	0	0	0	0	0	0	0	0	0	0	0	0
XCHTIME	11999	1	0	12404779	2979425	891457	869230	0	7664667	138405051383824	138405051479840	76128
XCHTIME	0	0	0	0	0	0	0	0	0	0	0	0
XCHTIME	11999	1	0	10311426	2892989	880204	836062	0	5702171	138405051383824	138405051479840	76128
XCHTIME	0	0	0	0	0	0	0	0	0	0	0	0
XCHTIME	11999	1	0	12126681	3003455	906920	872858	0	7343448	138405051383824	138405051479840	76128
XCHTIME	0	0	0	0	0	0	0	0	0	0	0	0
XCHTIME	11999	1	0	12739974	2966002	928198	845141	0	8000633	138405051383824	138405051479840	76128
XCHTIME	0	0	0	0	0	0	0	0	0	0	0	0
XCHTIME	11999	1	0	12630469	2853534	887741	877280	0	8011914	138405051383824	138405051479840	76128
XCHTIME	0	0	0	0	0	0	0	0	0	0	0	0
XCHTIME	11999	1	0	10257408	2966558	901119	872062	0	5517669	138405051383824	138405051479840	76128
LIFT	methanol200	11999	9599	71328	9599
COUNTS	methanol200	11999	76128	1290836	905945
LADGATE	26778	10000	0.518	0
LIFT	faclay35	26778	13686	106196	13686
COUNTS	faclay35	26778	132380	33630126	32021838
XCHTIME	0	0	0	0	0	0	0	0	0	0	0	0
XCHTIME	13175	1	0	8037313	3364780	3486399	1031542	0	154592	138405000570352	138405003407552	32300
XCHTIME	0	0	0	0	0	0	0	0	0	0	0	0
XCHTIME	13175	1	0	6036325	3216836	1048193	1027635	0	743661	138405000570352	138405003407552	32300
XCHTIME	0	0	0	0	0	0	0	0	0	0	0	0
XCHTIME	13175	1	0	5878762	3253725	1048095	1044837	0	532105	138405000570352	138405003407552	32300
XCHTIME	0	0	0	0	0	0	0	0	0	0	0	0
XCHTIME	13175	1	0	12041534	3247524	1040043	1023308	0	6730659	138405000570352	138405003407552	32300
LADGATE	13175	10000	0.261	0
XCHTIME	0	0	0	0	0	0	0	0	0	0	0	0
XCHTIME	13175	5	26	45010153	3334371	1051124	5346751	13999	35263908	138405000570352	138405003407552	32300
XCHTIME	0	0	0	0	0	0	0	0	0	0	0	0
XCHTIME	13175	1	0	7863263	3265363	1081466	1042445	0	2473989	138405000570352	138405003407552	32300
XCHTIME	0	0	0	0	0	0	0	0	0	0	0	0
XCHTIME	13175	1	0	8039208	3340513	1063412	1019583	0	2615700	138405000570352	138405003407552	32300
XCHTIME	0	0	0	0	0	0	0	0	0	0	0	0
XCHTIME	13175	1	0	11955103	3295408	1063719	1047150	0	6548826	138405000570352	138405003407552	32300
XCHTIME	0	0	0	0	0	0	0	0	0	0	0	0
XCHTIME	13175	1	0	12307895	3313841	1046941	1024147	0	6922966	138405000570352	138405003407552	32300
XCHTIME	0	0	0	0	0	0	0	0	0	0	0	0
XCHTIME	13175	1	0	12216070	3303105	1054498	1045803	0	6812664	138405000570352	138405003407552	32300
XCHTIME	0	0	0	0	0	0	0	0	0	0	0	0
XCHTIME	13175	1	0	11993529	3325566	1066944	1028940	0	6572079	138405000570352	138405003407552	32300
XCHTIME	0	0	0	0	0	0	0	0	0	0	0	0
XCHTIME	13175	1	0	12304811	3364310	1051704	1044355	0	6844442	138405000570352	138405003407552	32300
XCHTIME	0	0	0	0	0	0	0	0	0	0	0	0
XCHTIME	13175	1	0	12063837	3275382	1051823	1027717	0	6708915	138405000570352	138405003407552	32300
XCHTIME	0	0	0	0	0	0	0	0	0	0	0	0
XCHTIME	13175	1	0	12009677	3334009	1096824	1012793	0	6566051	138405000570352	138405003407552	32300
LIFT	emfl050_5_5	13175	5675	17300	5675
COUNTS	emfl050_5_5	13175	32300	155400	155400
LIFT	transswitch2383wpr	59853	37844	247952	37844
COUNTS	transswitch2383wpr	59853	277562	3946309	3861509
XCHTIME	0	0	0	0	0	0	0	0	0	0	0	0
XCHTIME	1120	2	4	2433196	24580	4402	7250	510	2396454	138405246893408	138405000439984	6400
XCHTIME	0	0	0	0	0	0	0	0	0	0	0	0
XCHTIME	1120	1	0	8923159	24345	3695	3406	0	8891713	138405246893408	138405000439984	6400
XCHTIME	0	0	0	0	0	0	0	0	0	0	0	0
XCHTIME	1120	2	5	6655300	27932	6383	9521	825	6610639	138405246893408	138405000439984	6400
XCHTIME	0	0	0	0	0	0	0	0	0	0	0	0
XCHTIME	1120	2	5	17097474	25416	5209	16137	1071	17049641	138405246893408	138405000439984	6400
LADGATE	1120	10000	0.493	1
XCHTIME	0	0	0	0	0	0	0	0	0	0	0	0
XCHTIME	1120	4	10	4956187	24951	4536	15839	1240	4909621	138405246893408	138405000439984	6400
XCHTIME	0	0	0	0	0	0	0	0	0	0	0	0
XCHTIME	1120	2	19	6353283	24976	4431	13451	4112	6306313	138405246893408	138405000439984	6400
XCHTIME	0	0	0	0	0	0	0	0	0	0	0	0
XCHTIME	1120	4	15	8469313	25263	5604	20273	2045	8416128	138405246893408	138405000439984	6400
XCHTIME	0	0	0	0	0	0	0	0	0	0	0	0
XCHTIME	1120	4	10	4952155	26182	4883	17872	1285	4901933	138405246893408	138405000439984	6400
XCHTIME	0	0	0	0	0	0	0	0	0	0	0	0
XCHTIME	1120	2	5	17132892	24468	4801	13234	772	17089617	138405246893408	138405000439984	6400
XCHTIME	0	0	0	0	0	0	0	0	0	0	0	0
XCHTIME	1120	4	11	2967519	28805	6222	16463	1411	2914618	138405246893408	138405000439984	6400
XCHTIME	0	0	0	0	0	0	0	0	0	0	0	0
XCHTIME	1120	4	14	14604594	26280	4471	21300	1939	14550604	138405246893408	138405000439984	6400
XCHTIME	0	0	0	0	0	0	0	0	0	0	0	0
XCHTIME	1120	3	12	17205130	26335	5437	19491	1748	17152119	138405246893408	138405000439984	6400
XCHTIME	0	0	0	0	0	0	0	0	0	0	0	0
XCHTIME	1120	1	0	17204274	28555	5564	3584	0	17166571	138405246893408	138405000439984	6400
XCHTIME	0	0	0	0	0	0	0	0	0	0	0	0
XCHTIME	1120	4	6	2137001	46747	11387	21204	745	2056918	138405246893408	138405000439984	6400
LIFT	chimera_lga-01	1120	721	5500	721
COUNTS	chimera_lga-01	1120	6400	668019	497058
XCHTIME	0	0	0	0	0	0	0	0	0	0	0	0
XCHTIME	4596	1	0	2517753	361912	156628	159795	0	1839418	138405000675776	138405052135216	15316
XCHTIME	0	0	0	0	0	0	0	0	0	0	0	0
XCHTIME	4596	1	0	3949132	382188	157509	159204	0	3250231	138405000675776	138405052135216	15316
XCHTIME	0	0	0	0	0	0	0	0	0	0	0	0
XCHTIME	4596	1	0	3525830	392655	177378	162199	0	2793598	138405000675776	138405052135216	15316
XCHTIME	0	0	0	0	0	0	0	0	0	0	0	0
XCHTIME	4596	1	0	11605894	350497	144461	170548	0	10940388	138405000675776	138405052135216	15316
LADGATE	4596	10000	0.660	1
XCHTIME	0	0	0	0	0	0	0	0	0	0	0	0
XCHTIME	4596	5	26	105079777	371295	153766	869074	6549	103679093	138405000675776	138405052135216	15316
XCHTIME	0	0	0	0	0	0	0	0	0	0	0	0
XCHTIME	4596	1	0	5206487	386516	204074	164873	0	4451024	138405000675776	138405052135216	15316
XCHTIME	0	0	0	0	0	0	0	0	0	0	0	0
XCHTIME	4596	2	4	7020138	383436	175834	322388	1033	6137447	138405000675776	138405052135216	15316
XCHTIME	0	0	0	0	0	0	0	0	0	0	0	0
XCHTIME	4596	4	10	13789748	381214	152753	619733	2933	12633115	138405000675776	138405052135216	15316
XCHTIME	0	0	0	0	0	0	0	0	0	0	0	0
XCHTIME	4596	1	0	11717011	363286	155584	152117	0	11046024	138405000675776	138405052135216	15316
XCHTIME	0	0	0	0	0	0	0	0	0	0	0	0
XCHTIME	4596	4	11	11318627	406268	174267	609072	3103	10125917	138405000675776	138405052135216	15316
XCHTIME	0	0	0	0	0	0	0	0	0	0	0	0
XCHTIME	4596	2	4	12944493	363565	176189	322545	1584	12080610	138405000675776	138405052135216	15316
XCHTIME	0	0	0	0	0	0	0	0	0	0	0	0
XCHTIME	4596	1	0	12211597	369377	160208	154685	0	11527327	138405000675776	138405052135216	15316
XCHTIME	0	0	0	0	0	0	0	0	0	0	0	0
XCHTIME	4596	1	0	10667154	384060	161027	158921	0	9963146	138405000675776	138405052135216	15316
XCHTIME	0	0	0	0	0	0	0	0	0	0	0	0
XCHTIME	4596	4	6	8994829	388141	172492	600816	1961	7831419	138405000675776	138405052135216	15316
LIFT	gasprod_sarawak16	4596	2632	12316	2632
COUNTS	gasprod_sarawak16	4596	15316	213850	196064
XCHTIME	0	0	0	0	0	0	0	0	0	0	0	0
XCHTIME	15904	0	0	11811576	5194817	6616759	0	0	0	138405003815680	138405040887440	101792
XCHTIME	0	0	0	0	0	0	0	0	0	0	0	0
XCHTIME	15904	1	0	8763155	5060753	1562634	1531179	0	608589	138405003815680	138405040887440	101792
XCHTIME	0	0	0	0	0	0	0	0	0	0	0	0
XCHTIME	15904	1	0	8447757	5016095	1566938	1514044	0	350680	138405003815680	138405040887440	101792
XCHTIME	0	0	0	0	0	0	0	0	0	0	0	0
XCHTIME	15904	1	0	14302618	5064133	1553866	1539690	0	6144929	138405003815680	138405040887440	101792
LADGATE	15904	10000	1.002	0
XCHTIME	0	0	0	0	0	0	0	0	0	0	0	0
XCHTIME	15904	5	26	337956782	5049620	1566279	7824725	12981	323503177	138405003815680	138405040887440	101792
LIFT	crudeoil_lee4_09	15904	10632	92014	10632
COUNTS	crudeoil_lee4_09	15904	101792	208785578	128088057
LADGATE	44909	10000	0.809	0
LIFT	arki0013	44909	18463	161472	18463
COUNTS	arki0013	44909	160172	390472987	157005417
XCHTIME	0	0	0	0	0	0	0	0	0	0	0	0
XCHTIME	42	2	4	66434	1397	714	202	105	64016	138405196056640	138404989862448	432
XCHTIME	0	0	0	0	0	0	0	0	0	0	0	0
XCHTIME	42	2	6	689053	1208	360	204	120	687161	138405196056640	138404989862448	432
XCHTIME	0	0	0	0	0	0	0	0	0	0	0	0
XCHTIME	42	2	5	179451	1154	590	128	101	177478	138405196056640	138404989862448	432
XCHTIME	0	0	0	0	0	0	0	0	0	0	0	0
XCHTIME	42	4	18	1344469	942	261	332	512	1342422	138405196056640	138404989862448	432
LADGATE	42	10000	0.148	1
XCHTIME	0	0	0	0	0	0	0	0	0	0	0	0
XCHTIME	42	5	26	1730129	1713	803	457	840	1726316	138405196056640	138404989862448	432
XCHTIME	0	0	0	0	0	0	0	0	0	0	0	0
XCHTIME	42	4	66	9824	1098	575	292	2509	5350	138405196056640	138404989862448	432
XCHTIME	0	0	0	0	0	0	0	0	0	0	0	0
XCHTIME	42	4	15	186986	818	435	251	306	185176	138405196056640	138404989862448	432
XCHTIME	0	0	0	0	0	0	0	0	0	0	0	0
XCHTIME	42	4	10	122040	1138	242	257	226	120177	138405196056640	138404989862448	432
XCHTIME	0	0	0	0	0	0	0	0	0	0	0	0
XCHTIME	42	4	18	1358098	1022	236	268	508	1356064	138405196056640	138404989862448	432
XCHTIME	0	0	0	0	0	0	0	0	0	0	0	0
XCHTIME	42	4	11	53361	1084	261	260	215	51541	138405196056640	138404989862448	432
XCHTIME	0	0	0	0	0	0	0	0	0	0	0	0
XCHTIME	42	4	14	407214	953	200	268	278	405515	138405196056640	138404989862448	432
XCHTIME	0	0	0	0	0	0	0	0	0	0	0	0
XCHTIME	42	4	13	712032	976	227	248	280	710301	138405196056640	138404989862448	432
XCHTIME	0	0	0	0	0	0	0	0	0	0	0	0
XCHTIME	42	4	16	5045465	1105	292	811	481	5042776	138405196056640	138404989862448	432
XCHTIME	0	0	0	0	0	0	0	0	0	0	0	0
XCHTIME	42	4	6	33364	1570	688	387	136	30583	138405196056640	138404989862448	432
LIFT	st_m1	42	11	110	11
COUNTS	st_m1	42	432	3097	3097
XCHTIME	0	0	0	0	0	0	0	0	0	0	0	0
XCHTIME	5310	1	0	2323816	468080	249391	228222	0	1378123	138405000505536	138405050954384	17098
XCHTIME	0	0	0	0	0	0	0	0	0	0	0	0
XCHTIME	5310	1	0	4756238	473536	248964	226663	0	3807075	138405000505536	138405050954384	17098
XCHTIME	0	0	0	0	0	0	0	0	0	0	0	0
XCHTIME	5310	1	0	3514082	509088	237312	233189	0	2534493	138405000505536	138405050954384	17098
XCHTIME	0	0	0	0	0	0	0	0	0	0	0	0
XCHTIME	5310	2	5	12135371	498519	254008	464508	1849	10916487	138405000505536	138405050954384	17098
LADGATE	5310	10000	0.690	1
XCHTIME	0	0	0	0	0	0	0	0	0	0	0	0
XCHTIME	5310	5	26	34651372	487892	235247	1189303	6889	32732041	138405000505536	138405050954384	17098
XCHTIME	0	0	0	0	0	0	0	0	0	0	0	0
XCHTIME	5310	3	57	4991526	489750	243396	634616	10141	3613623	138405000505536	138405050954384	17098
XCHTIME	0	0	0	0	0	0	0	0	0	0	0	0
XCHTIME	5310	3	12	5482243	468820	216267	635702	2976	4158478	138405000505536	138405050954384	17098
XCHTIME	0	0	0	0	0	0	0	0	0	0	0	0
XCHTIME	5310	4	10	7184707	504560	243906	866800	3338	5566103	138405000505536	138405050954384	17098
XCHTIME	0	0	0	0	0	0	0	0	0	0	0	0
XCHTIME	5310	2	5	12076024	461296	225698	499555	1696	10887779	138405000505536	138405050954384	17098
XCHTIME	0	0	0	0	0	0	0	0	0	0	0	0
XCHTIME	5310	4	11	6495469	519629	236164	842447	3650	4893579	138405000505536	138405050954384	17098
XCHTIME	0	0	0	0	0	0	0	0	0	0	0	0
XCHTIME	5310	4	14	10418185	494846	238173	924275	4616	8756275	138405000505536	138405050954384	17098
XCHTIME	0	0	0	0	0	0	0	0	0	0	0	0
XCHTIME	5310	3	12	11700726	478628	243901	688236	3535	10286426	138405000505536	138405050954384	17098
XCHTIME	0	0	0	0	0	0	0	0	0	0	0	0
XCHTIME	5310	1	0	11456506	498462	232205	225166	0	10500673	138405000505536	138405050954384	17098
XCHTIME	0	0	0	0	0	0	0	0	0	0	0	0
XCHTIME	5310	4	6	6190948	507163	255411	841740	2412	4584222	138405000505536	138405050954384	17098
LIFT	mpbp_47	5310	3182	12798	3182
COUNTS	mpbp_47	5310	17098	730624	652208
XCHTIME	0	0	0	0	0	0	0	0	0	0	0	0
XCHTIME	821	2	4	1085354	21794	4478	4765	222	1054095	138405004622656	138405252051504	2242
XCHTIME	0	0	0	0	0	0	0	0	0	0	0	0
XCHTIME	821	2	6	7625011	15001	4341	6332	384	7598953	138405004622656	138405252051504	2242
XCHTIME	0	0	0	0	0	0	0	0	0	0	0	0
XCHTIME	821	2	5	2529831	13619	4021	5866	233	2506092	138405004622656	138405252051504	2242
XCHTIME	0	0	0	0	0	0	0	0	0	0	0	0
XCHTIME	821	4	18	16057250	12079	2788	14472	1115	16026796	138405004622656	138405252051504	2242
LADGATE	821	10000	0.408	1
XCHTIME	0	0	0	0	0	0	0	0	0	0	0	0
XCHTIME	821	5	26	19929060	12310	3354	17222	1814	19894360	138405004622656	138405252051504	2242
XCHTIME	0	0	0	0	0	0	0	0	0	0	0	0
XCHTIME	821	4	66	7300836	12288	2898	15595	3892	7266163	138405004622656	138405252051504	2242
XCHTIME	0	0	0	0	0	0	0	0	0	0	0	0
XCHTIME	821	4	15	3262471	12514	3041	9983	828	3236105	138405004622656	138405252051504	2242
XCHTIME	0	0	0	0	0	0	0	0	0	0	0	0
XCHTIME	821	4	10	2138885	11703	2379	10510	508	2113785	138405004622656	138405252051504	2242
XCHTIME	0	0	0	0	0	0	0	0	0	0	0	0
XCHTIME	821	4	18	16079403	11680	2289	12108	1150	16052176	138405004622656	138405252051504	2242
XCHTIME	0	0	0	0	0	0	0	0	0	0	0	0
XCHTIME	821	4	11	1283398	12958	2969	9624	565	1257282	138405004622656	138405252051504	2242
XCHTIME	0	0	0	0	0	0	0	0	0	0	0	0
XCHTIME	821	4	14	5524085	11431	2130	10853	845	5498826	138405004622656	138405252051504	2242
XCHTIME	0	0	0	0	0	0	0	0	0	0	0	0
XCHTIME	821	4	13	8854390	12122	2698	13035	964	8825571	138405004622656	138405252051504	2242
XCHTIME	0	0	0	0	0	0	0	0	0	0	0	0
XCHTIME	821	2	5	14990477	12698	3120	9485	421	14964753	138405004622656	138405252051504	2242
XCHTIME	0	0	0	0	0	0	0	0	0	0	0	0
XCHTIME	821	4	6	850893	13886	4869	9610	271	822257	138405004622656	138405252051504	2242
LIFT	rsyn0815m	821	434	1516	434
COUNTS	rsyn0815m	821	2242	8260	7745
XCHTIME	0	0	0	0	0	0	0	0	0	0	0	0
XCHTIME	7993	1	0	3814033	1324813	577132	595614	0	1316474	138405003711312	138405038866800	37208
XCHTIME	0	0	0	0	0	0	0	0	0	0	0	0
XCHTIME	7993	1	0	4936917	1267271	575126	594915	0	2499605	138405003711312	138405038866800	37208
XCHTIME	0	0	0	0	0	0	0	0	0	0	0	0
XCHTIME	7993	1	0	4343057	1324492	578812	589231	0	1850522	138405003711312	138405038866800	37208
XCHTIME	0	0	0	0	0	0	0	0	0	0	0	0
XCHTIME	7993	1	0	11947273	1315809	580924	579960	0	9470580	138405003711312	138405038866800	37208
LADGATE	7993	10000	0.960	1
XCHTIME	0	0	0	0	0	0	0	0	0	0	0	0
XCHTIME	7993	5	26	93758969	1329453	591466	2946933	8989	88882128	138405003711312	138405038866800	37208
XCHTIME	0	0	0	0	0	0	0	0	0	0	0	0
XCHTIME	7993	1	0	5244234	1340697	586814	595544	0	2721179	138405003711312	138405038866800	37208
XCHTIME	0	0	0	0	0	0	0	0	0	0	0	0
XCHTIME	7993	1	0	6590528	1326991	577503	588155	0	4097879	138405003711312	138405038866800	37208
XCHTIME	0	0	0	0	0	0	0	0	0	0	0	0
XCHTIME	7993	2	3	11147440	1320661	580942	1158191	1335	8086311	138405003711312	138405038866800	37208
XCHTIME	0	0	0	0	0	0	0	0	0	0	0	0
XCHTIME	7993	1	0	11941506	1337248	575676	595658	0	9432924	138405003711312	138405038866800	37208
XCHTIME	0	0	0	0	0	0	0	0	0	0	0	0
XCHTIME	7993	2	3	10843427	1323791	587833	1144449	1163	7786191	138405003711312	138405038866800	37208
XCHTIME	0	0	0	0	0	0	0	0	0	0	0	0
XCHTIME	7993	2	4	11935972	1308283	590175	1155017	1335	8881162	138405003711312	138405038866800	37208
XCHTIME	0	0	0	0	0	0	0	0	0	0	0	0
XCHTIME	7993	1	0	11783128	1302019	595567	605923	0	9279619	138405003711312	138405038866800	37208
XCHTIME	0	0	0	0	0	0	0	0	0	0	0	0
XCHTIME	7993	1	0	11276149	1322692	587543	582515	0	8783399	138405003711312	138405038866800	37208
XCHTIME	0	0	0	0	0	0	0	0	0	0	0	0
XCHTIME	7993	2	3	10841227	1331620	580385	1383355	1409	7544458	138405003711312	138405038866800	37208
LIFT	arki0016	7993	4968	26810	4968
COUNTS	arki0016	7993	37208	878890	835794
XCHTIME	0	0	0	0	0	0	0	0	0	0	0	0
XCHTIME	18	2	4	21108	816	446	150	115	19581	138405192660032	138405187933136	48
XCHTIME	0	0	0	0	0	0	0	0	0	0	0	0
XCHTIME	18	2	6	313051	399	292	111	135	312114	138405192660032	138405187933136	48
XCHTIME	0	0	0	0	0	0	0	0	0	0	0	0
XCHTIME	18	2	5	92222	537	542	170	122	90851	138405192660032	138405187933136	48
XCHTIME	0	0	0	0	0	0	0	0	0	0	0	0
XCHTIME	18	4	18	587653	391	268	188	425	586381	138405192660032	138405187933136	48
LADGATE	18	10000	0.138	1
XCHTIME	0	0	0	0	0	0	0	0	0	0	0	0
XCHTIME	18	5	26	645045	529	465	253	623	643175	138405192660032	138405187933136	48
XCHTIME	0	0	0	0	0	0	0	0	0	0	0	0
XCHTIME	18	4	45	41323	504	339	175	1224	39081	138405192660032	138405187933136	48
XCHTIME	0	0	0	0	0	0	0	0	0	0	0	0
XCHTIME	18	4	15	86637	433	206	161	314	85523	138405192660032	138405187933136	48
XCHTIME	0	0	0	0	0	0	0	0	0	0	0	0
XCHTIME	18	4	10	61788	469	264	170	202	60683	138405192660032	138405187933136	48
XCHTIME	0	0	0	0	0	0	0	0	0	0	0	0
XCHTIME	18	4	18	576485	372	233	161	412	575307	138405192660032	138405187933136	48
XCHTIME	0	0	0	0	0	0	0	0	0	0	0	0
XCHTIME	18	4	11	37115	443	268	153	222	36029	138405192660032	138405187933136	48
XCHTIME	0	0	0	0	0	0	0	0	0	0	0	0
XCHTIME	18	4	14	176081	410	250	179	306	174936	138405192660032	138405187933136	48
XCHTIME	0	0	0	0	0	0	0	0	0	0	0	0
XCHTIME	18	4	13	225393	384	233	168	279	224329	138405192660032	138405187933136	48
XCHTIME	0	0	0	0	0	0	0	0	0	0	0	0
XCHTIME	18	4	16	2793115	382	276	172	392	2791893	138405192660032	138405187933136	48
XCHTIME	0	0	0	0	0	0	0	0	0	0	0	0
XCHTIME	18	4	6	22030	901	591	159	125	20254	138405192660032	138405187933136	48
COUNTS	st_glmp_ss2	18	48	121	121
XCHTIME	0	0	0	0	0	0	0	0	0	0	0	0
XCHTIME	2670	2	4	1756682	89753	25259	54229	418	1587023	138405000548032	138405051314864	6964
XCHTIME	0	0	0	0	0	0	0	0	0	0	0	0
XCHTIME	2670	2	6	5807711	95003	27157	64446	734	5620371	138405000548032	138405051314864	6964
XCHTIME	0	0	0	0	0	0	0	0	0	0	0	0
XCHTIME	2670	2	5	3126762	109123	36076	74088	577	2906898	138405000548032	138405051314864	6964
XCHTIME	0	0	0	0	0	0	0	0	0	0	0	0
XCHTIME	2670	4	18	12305367	97118	32474	151544	2195	12022036	138405000548032	138405051314864	6964
LADGATE	2670	10000	0.675	1
XCHTIME	0	0	0	0	0	0	0	0	0	0	0	0
XCHTIME	2670	5	26	17807349	111092	35891	181683	3044	17475639	138405000548032	138405051314864	6964
XCHTIME	0	0	0	0	0	0	0	0	0	0	0	0
XCHTIME	2670	2	19	4886484	97684	34086	69246	1609	4683859	138405000548032	138405051314864	6964
XCHTIME	0	0	0	0	0	0	0	0	0	0	0	0
XCHTIME	2670	4	15	4274024	94650	27793	127582	1538	4022461	138405000548032	138405051314864	6964
XCHTIME	0	0	0	0	0	0	0	0	0	0	0	0
XCHTIME	2670	4	10	3381715	139117	49251	124970	1351	3067026	138405000548032	138405051314864	6964
XCHTIME	0	0	0	0	0	0	0	0	0	0	0	0
XCHTIME	2670	4	18	12251021	96923	26041	132608	2162	11993287	138405000548032	138405051314864	6964
XCHTIME	0	0	0	0	0	0	0	0	0	0	0	0
XCHTIME	2670	4	11	2759279	93552	26148	111116	1117	2527346	138405000548032	138405051314864	6964
XCHTIME	0	0	0	0	0	0	0	0	0	0	0	0
XCHTIME	2670	4	14	5830604	92617	25306	128085	1849	5582747	138405000548032	138405051314864	6964
XCHTIME	0	0	0	0	0	0	0	0	0	0	0	0
XCHTIME	2670	4	13	8455662	94640	26913	131435	1557	8201117	138405000548032	138405051314864	6964
XCHTIME	0	0	0	0	0	0	0	0	0	0	0	0
XCHTIME	2670	1	0	12949344	112574	39575	28908	0	12768287	138405000548032	138405051314864	6964
XCHTIME	0	0	0	0	0	0	0	0	0	0	0	0
XCHTIME	2670	4	6	2374963	116013	54953	127969	712	2075316	138405000548032	138405051314864	6964
LIFT	rsyn0810m02hfsg	2670	1484	4808	1484
COUNTS	rsyn0810m02hfsg	2670	6964	36862	34672
XCHTIME	0	0	0	0	0	0	0	0	0	0	0	0
XCHTIME	55	2	4	65116	988	672	231	132	63093	138405208485744	138405208528016	276
XCHTIME	0	0	0	0	0	0	0	0	0	0	0	0
XCHTIME	55	2	6	644525	905	327	225	220	642848	138405208485744	138405208528016	276
XCHTIME	0	0	0	0	0	0	0	0	0	0	0	0
XCHTIME	55	2	5	177356	965	536	240	184	175431	138405208485744	138405208528016	276
XCHTIME	0	0	0	0	0	0	0	0	0	0	0	0
XCHTIME	55	4	18	1001408	908	362	311	634	999193	138405208485744	138405208528016	276
LADGATE	55	10000	0.145	1
XCHTIME	0	0	0	0	0	0	0	0	0	0	0	0
XCHTIME	55	5	26	1156398	1137	867	463	845	1153086	138405208485744	138405208528016	276
XCHTIME	0	0	0	0	0	0	0	0	0	0	0	0
XCHTIME	55	4	66	23087	1027	423	296	1879	19462	138405208485744	138405208528016	276
XCHTIME	0	0	0	0	0	0	0	0	0	0	0	0
XCHTIME	55	4	15	191608	872	387	370	376	189603	138405208485744	138405208528016	276
XCHTIME	0	0	0	0	0	0	0	0	0	0	0	0
XCHTIME	55	4	10	106735	837	302	361	283	104952	138405208485744	138405208528016	276
XCHTIME	0	0	0	0	0	0	0	0	0	0	0	0
XCHTIME	55	4	18	969348	793	268	319	597	967371	138405208485744	138405208528016	276
XCHTIME	0	0	0	0	0	0	0	0	0	0	0	0
XCHTIME	55	4	11	65484	953	362	340	334	63495	138405208485744	138405208528016	276
XCHTIME	0	0	0	0	0	0	0	0	0	0	0	0
XCHTIME	55	4	14	332161	821	276	310	472	330282	138405208485744	138405208528016	276
XCHTIME	0	0	0	0	0	0	0	0	0	0	0	0
XCHTIME	55	4	13	584248	910	285	346	406	582301	138405208485744	138405208528016	276
XCHTIME	0	0	0	0	0	0	0	0	0	0	0	0
XCHTIME	55	4	16	3396904	877	268	718	603	3394438	138405208485744	138405208528016	276
XCHTIME	0	0	0	0	0	0	0	0	0	0	0	0
XCHTIME	55	4	6	42675	1246	561	334	170	40364	138405208485744	138405208528016	276
LIFT	pointpack06	55	34	234	34
COUNTS	pointpack06	55	276	1497	1497
XCHTIME	0	0	0	0	0	0	0	0	0	0	0	0
XCHTIME	6328	1	0	2689952	731464	337855	358848	0	1261785	138405252084288	138405003942928	16896
XCHTIME	0	0	0	0	0	0	0	0	0	0	0	0
XCHTIME	6328	1	0	3920256	726111	347242	348301	0	2498602	138405252084288	138405003942928	16896
XCHTIME	0	0	0	0	0	0	0	0	0	0	0	0
XCHTIME	6328	1	0	3328975	726994	343244	344885	0	1913852	138405252084288	138405003942928	16896
XCHTIME	0	0	0	0	0	0	0	0	0	0	0	0
XCHTIME	6328	1	0	11355579	717313	342069	356427	0	9939770	138405252084288	138405003942928	16896
LADGATE	6328	10000	0.341	1
XCHTIME	0	0	0	0	0	0	0	0	0	0	0	0
XCHTIME	6328	5	26	62367691	757156	359140	1819950	10111	59421334	138405252084288	138405003942928	16896
XCHTIME	0	0	0	0	0	0	0	0	0	0	0	0
XCHTIME	6328	1	0	5409542	720026	369326	346081	0	3974109	138405252084288	138405003942928	16896
XCHTIME	0	0	0	0	0	0	0	0	0	0	0	0
XCHTIME	6328	2	4	6924612	722925	405786	763230	1611	5031060	138405252084288	138405003942928	16896
XCHTIME	0	0	0	0	0	0	0	0	0	0	0	0
XCHTIME	6328	4	10	12970768	736410	337735	1375682	4606	10516335	138405252084288	138405003942928	16896
XCHTIME	0	0	0	0	0	0	0	0	0	0	0	0
XCHTIME	6328	1	0	11490414	755238	383747	378768	0	9972661	138405252084288	138405003942928	16896
XCHTIME	0	0	0	0	0	0	0	0	0	0	0	0
XCHTIME	6328	4	11	12777274	753694	355703	1375073	4643	10288161	138405252084288	138405003942928	16896
XCHTIME	0	0	0	0	0	0	0	0	0	0	0	0
XCHTIME	6328	2	4	12764452	766001	368496	722621	1905	10905429	138405252084288	138405003942928	16896
XCHTIME	0	0	0	0	0	0	0	0	0	0	0	0
XCHTIME	6328	2	4	12271341	719508	387863	716008	1956	10446006	138405252084288	138405003942928	16896
XCHTIME	0	0	0	0	0	0	0	0	0	0	0	0
XCHTIME	6328	1	0	10560061	725405	350989	357382	0	9126285	138405252084288	138405003942928	16896
XCHTIME	0	0	0	0	0	0	0	0	0	0	0	0
XCHTIME	6328	4	6	12206574	735204	377225	1401423	2549	9690173	138405252084288	138405003942928	16896
LIFT	syn40m04hfsg	6328	3492	11224	3492
COUNTS	syn40m04hfsg	6328	16896	76232	73557
XCHTIME	0	0	0	0	0	0	0	0	0	0	0	0
XCHTIME	258	2	4	192769	6325	670	940	215	184619	138405253943952	138405251954192	840
XCHTIME	0	0	0	0	0	0	0	0	0	0	0	0
XCHTIME	258	2	6	851046	2781	539	715	252	846759	138405253943952	138405251954192	840
XCHTIME	0	0	0	0	0	0	0	0	0	0	0	0
XCHTIME	258	2	5	368037	2875	582	728	208	363644	138405253943952	138405251954192	840
XCHTIME	0	0	0	0	0	0	0	0	0	0	0	0
XCHTIME	258	4	18	1444701	2717	472	1464	859	1439189	138405253943952	138405251954192	840
LADGATE	258	10000	0.212	1
XCHTIME	0	0	0	0	0	0	0	0	0	0	0	0
XCHTIME	258	5	26	1816746	2925	717	1881	1151	1810072	138405253943952	138405251954192	840
XCHTIME	0	0	0	0	0	0	0	0	0	0	0	0
XCHTIME	258	4	66	6899478	2597	582	2314	2893	6891092	138405253943952	138405251954192	840
XCHTIME	0	0	0	0	0	0	0	0	0	0	0	0
XCHTIME	258	4	15	439845	3909	1348	1507	656	432425	138405253943952	138405251954192	840
XCHTIME	0	0	0	0	0	0	0	0	0	0	0	0
XCHTIME	258	4	10	326488	2841	800	1473	336	321038	138405253943952	138405251954192	840
XCHTIME	0	0	0	0	0	0	0	0	0	0	0	0
XCHTIME	258	4	18	1447437	2789	772	1620	843	1441413	138405253943952	138405251954192	840
XCHTIME	0	0	0	0	0	0	0	0	0	0	0	0
XCHTIME	258	4	11	207613	2986	951	1354	436	201886	138405253943952	138405251954192	840
XCHTIME	0	0	0	0	0	0	0	0	0	0	0	0
XCHTIME	258	4	14	767819	2677	506	1458	536	762642	138405253943952	138405251954192	840
XCHTIME	0	0	0	0	0	0	0	0	0	0	0	0
XCHTIME	258	4	13	1079990	2697	738	1609	581	1074365	138405253943952	138405251954192	840
XCHTIME	0	0	0	0	0	0	0	0	0	0	0	0
XCHTIME	258	4	16	3538886	2737	794	2353	781	3532221	138405253943952	138405251954192	840
XCHTIME	0	0	0	0	0	0	0	0	0	0	0	0
XCHTIME	258	4	6	148461	3275	1189	1475	263	142259	138405253943952	138405251954192	840
LIFT	clay0304m	258	122	576	122
COUNTS	clay0304m	258	840	2742	2742
XCHTIME	0	0	0	0	0	0	0	0	0	0	0	0
XCHTIME	1218	2	4	1196730	25754	4739	9791	430	1156016	138405216893584	138405246641200	8300
XCHTIME	0	0	0	0	0	0	0	0	0	0	0	0
XCHTIME	1218	2	6	7361552	26003	5108	13441	650	7316350	138405216893584	138405246641200	8300
XCHTIME	0	0	0	0	0	0	0	0	0	0	0	0
XCHTIME	1218	2	5	3184454	29086	7552	11693	491	3135632	138405216893584	138405246641200	8300
XCHTIME	0	0	0	0	0	0	0	0	0	0	0	0
XCHTIME	1218	3	15	14803498	25869	4967	24082	1603	14746977	138405216893584	138405246641200	8300
LADGATE	1218	10000	0.426	1
XCHTIME	0	0	0	0	0	0	0	0	0	0	0	0
XCHTIME	1218	5	26	27133086	25917	5134	39472	2745	27059818	138405216893584	138405246641200	8300
XCHTIME	0	0	0	0	0	0	0	0	0	0	0	0
XCHTIME	1218	3	57	6611245	29421	7403	25136	4646	6544639	138405216893584	138405246641200	8300
XCHTIME	0	0	0	0	0	0	0	0	0	0	0	0
XCHTIME	1218	4	15	3725345	28858	7090	19284	1636	3668477	138405216893584	138405246641200	8300
XCHTIME	0	0	0	0	0	0	0	0	0	0	0	0
XCHTIME	1218	4	10	2256023	26765	5638	17909	1007	2204704	138405216893584	138405246641200	8300
XCHTIME	0	0	0	0	0	0	0	0	0	0	0	0
XCHTIME	1218	3	15	15009316	25819	4514	24835	1631	14952517	138405216893584	138405246641200	8300
XCHTIME	0	0	0	0	0	0	0	0	0	0	0	0
XCHTIME	1218	4	11	1431499	29717	7883	17466	1020	1375413	138405216893584	138405246641200	8300
XCHTIME	0	0	0	0	0	0	0	0	0	0	0	0
XCHTIME	1218	4	14	6553078	26508	5229	18981	1270	6501090	138405216893584	138405246641200	8300
XCHTIME	0	0	0	0	0	0	0	0	0	0	0	0
XCHTIME	1218	4	13	11739418	26118	5305	25847	1321	11680827	138405216893584	138405246641200	8300
XCHTIME	0	0	0	0	0	0	0	0	0	0	0	0
XCHTIME	1218	1	0	14446538	27844	5712	4099	0	14408883	138405216893584	138405246641200	8300
XCHTIME	0	0	0	0	0	0	0	0	0	0	0	0
XCHTIME	1218	4	6	1141152	33667	11881	17732	582	1077290	138405216893584	138405246641200	8300
LIFT	pooling_foulds5pq	1218	655	7342	655
COUNTS	pooling_foulds5pq	1218	8300	159641	159641
XCHTIME	0	0	0	0	0	0	0	0	0	0	0	0
XCHTIME	1000	2	4	1330058	26301	4287	6281	269	1292920	138405245210816	138405244938112	2910
XCHTIME	0	0	0	0	0	0	0	0	0	0	0	0
XCHTIME	1000	2	6	7843330	14778	2816	7734	366	7817636	138405245210816	138405244938112	2910
XCHTIME	0	0	0	0	0	0	0	0	0	0	0	0
XCHTIME	1000	2	5	2992615	15372	4264	6717	329	2965933	138405245210816	138405244938112	2910
XCHTIME	0	0	0	0	0	0	0	0	0	0	0	0
XCHTIME	1000	4	18	15741948	14986	3781	18990	1379	15702812	138405245210816	138405244938112	2910
LADGATE	1000	10000	0.373	1
XCHTIME	0	0	0	0	0	0	0	0	0	0	0	0
XCHTIME	1000	5	26	21544751	14470	3189	24241	1680	21501171	138405245210816	138405244938112	2910
XCHTIME	0	0	0	0	0	0	0	0	0	0	0	0
XCHTIME	1000	2	19	6197830	15614	4364	10977	1131	6165744	138405245210816	138405244938112	2910
XCHTIME	0	0	0	0	0	0	0	0	0	0	0	0
XCHTIME	1000	4	15	3937518	19749	4194	14554	927	3898094	138405245210816	138405244938112	2910
XCHTIME	0	0	0	0	0	0	0	0	0	0	0	0
XCHTIME	1000	4	10	2514332	14988	3850	13231	570	2481693	138405245210816	138405244938112	2910
XCHTIME	0	0	0	0	0	0	0	0	0	0	0	0
XCHTIME	1000	4	18	15886004	14606	3191	21418	1430	15845359	138405245210816	138405244938112	2910
XCHTIME	0	0	0	0	0	0	0	0	0	0	0	0
XCHTIME	1000	4	11	1497044	17006	4082	12901	618	1462437	138405245210816	138405244938112	2910
XCHTIME	0	0	0	0	0	0	0	0	0	0	0	0
XCHTIME	1000	4	14	6142670	14726	3078	13664	772	6110430	138405245210816	138405244938112	2910
XCHTIME	0	0	0	0	0	0	0	0	0	0	0	0
XCHTIME	1000	4	13	10982259	14783	3448	15485	923	10947620	138405245210816	138405244938112	2910
XCHTIME	0	0	0	0	0	0	0	0	0	0	0	0
XCHTIME	1000	2	5	15740085	15997	4435	12924	431	15706298	138405245210816	138405244938112	2910
XCHTIME	0	0	0	0	0	0	0	0	0	0	0	0
XCHTIME	1000	4	6	874629	20358	5741	12724	319	835487	138405245210816	138405244938112	2910
LIFT	clay0305hfsg	1000	485	2050	485
COUNTS	clay0305hfsg	1000	2910	12260	11240
XCHTIME	0	0	0	0	0	0	0	0	0	0	0	0
XCHTIME	64	2	4	67771	1424	565	257	129	65396	138405192584704	138405252134928	232
XCHTIME	0	0	0	0	0	0	0	0	0	0	0	0
XCHTIME	64	2	6	503759	1024	350	209	121	502055	138405192584704	138405252134928	232
XCHTIME	0	0	0	0	0	0	0	0	0	0	0	0
XCHTIME	64	2	5	157716	875	341	189	96	156215	138405192584704	138405252134928	232
XCHTIME	0	0	0	0	0	0	0	0	0	0	0	0
XCHTIME	64	4	18	1013143	930	309	373	359	1011172	138405192584704	138405252134928	232
LADGATE	64	10000	0.195	1
XCHTIME	0	0	0	0	0	0	0	0	0	0	0	0
XCHTIME	64	5	26	1159613	1348	782	658	574	1156251	138405192584704	138405252134928	232
XCHTIME	0	0	0	0	0	0	0	0	0	0	0	0
XCHTIME	64	4	66	88036	929	642	407	1983	84075	138405192584704	138405252134928	232
XCHTIME	0	0	0	0	0	0	0	0	0	0	0	0
XCHTIME	64	4	15	173442	929	379	326	303	171505	138405192584704	138405252134928	232
XCHTIME	0	0	0	0	0	0	0	0	0	0	0	0
XCHTIME	64	4	10	118855	882	368	366	210	117029	138405192584704	138405252134928	232
XCHTIME	0	0	0	0	0	0	0	0	0	0	0	0
XCHTIME	64	4	18	1025059	812	259	376	370	1023242	138405192584704	138405252134928	232
XCHTIME	0	0	0	0	0	0	0	0	0	0	0	0
XCHTIME	64	4	11	70164	970	328	322	214	68330	138405192584704	138405252134928	232
XCHTIME	0	0	0	0	0	0	0	0	0	0	0	0
XCHTIME	64	4	14	346763	902	300	434	375	344752	138405192584704	138405252134928	232
XCHTIME	0	0	0	0	0	0	0	0	0	0	0	0
XCHTIME	64	4	13	503327	1081	479	373	292	501102	138405192584704	138405252134928	232
XCHTIME	0	0	0	0	0	0	0	0	0	0	0	0
XCHTIME	64	4	16	3007681	863	431	741	336	3005310	138405192584704	138405252134928	232
XCHTIME	0	0	0	0	0	0	0	0	0	0	0	0
XCHTIME	64	4	6	45441	1524	724	342	144	42707	138405192584704	138405252134928	232
LIFT	st_test8	64	44	192	44
COUNTS	st_test8	64	232	2343	1964
XCHTIME	0	0	0	0	0	0	0	0	0	0	0	0
XCHTIME	17364	2	5	417340201	13265406	10946437	3681461	3270	389443627	138405048890592	138405019576576	252910
LIFT	gams05	17364	8487	278504	8487
COUNTS	gams05	17364	252910	6179750712	3251969962
XCHTIME	0	0	0	0	0	0	0	0	0	0	0	0
XCHTIME	31	2	4	65012	1005	552	195	179	63081	138405228017408	138405051382480	156
XCHTIME	0	0	0	0	0	0	0	0	0	0	0	0
XCHTIME	31	2	6	436697	718	341	149	253	435236	138405228017408	138405051382480	156
XCHTIME	0	0	0	0	0	0	0	0	0	0	0	0
XCHTIME	31	2	5	193135	970	506	139	224	191296	138405228017408	138405051382480	156
XCHTIME	0	0	0	0	0	0	0	0	0	0	0	0
XCHTIME	31	4	18	788642	612	304	297	790	786639	138405228017408	138405051382480	156
LADGATE	31	10000	0.173	1
XCHTIME	0	0	0	0	0	0	0	0	0	0	0	0
XCHTIME	31	4	10	128930	954	811	268	431	126466	138405228017408	138405051382480	156
XCHTIME	0	0	0	0	0	0	0	0	0	0	0	0
XCHTIME	31	4	59	351453	662	423	231	2553	347584	138405228017408	138405051382480	156
XCHTIME	0	0	0	0	0	0	0	0	0	0	0	0
XCHTIME	31	4	15	202923	768	381	205	596	200973	138405228017408	138405051382480	156
XCHTIME	0	0	0	0	0	0	0	0	0	0	0	0
XCHTIME	31	4	10	126513	692	328	241	423	124829	138405228017408	138405051382480	156
XCHTIME	0	0	0	0	0	0	0	0	0	0	0	0
XCHTIME	31	4	18	785660	610	320	218	771	783741	138405228017408	138405051382480	156
XCHTIME	0	0	0	0	0	0	0	0	0	0	0	0
XCHTIME	31	4	11	89473	620	347	232	464	87810	138405228017408	138405051382480	156
XCHTIME	0	0	0	0	0	0	0	0	0	0	0	0
XCHTIME	31	4	14	305422	697	340	251	605	303529	138405228017408	138405051382480	156
XCHTIME	0	0	0	0	0	0	0	0	0	0	0	0
XCHTIME	31	4	13	447719	789	314	245	568	445803	138405228017408	138405051382480	156
XCHTIME	0	0	0	0	0	0	0	0	0	0	0	0
XCHTIME	31	4	16	2666282	786	365	257	764	2664110	138405228017408	138405051382480	156
XCHTIME	0	0	0	0	0	0	0	0	0	0	0	0
XCHTIME	31	4	6	48939	1280	561	203	266	46629	138405228017408	138405051382480	156
COUNTS	sporttournament08	31	156	862	862
XCHTIME	0	0	0	0	0	0	0	0	0	0	0	0
XCHTIME	1121	2	4	1500808	18561	3751	7192	219	1471085	138404852387968	138405246708800	4194
XCHTIME	0	0	0	0	0	0	0	0	0	0	0	0
XCHTIME	1121	2	6	7802023	18153	3424	11136	506	7768804	138404852387968	138405246708800	4194
XCHTIME	0	0	0	0	0	0	0	0	0	0	0	0
XCHTIME	1121	2	5	3830950	21364	5263	8978	348	3794997	138404852387968	138405246708800	4194
XCHTIME	0	0	0	0	0	0	0	0	0	0	0	0
XCHTIME	1121	4	18	16270628	23305	4638	28816	1688	16212181	138404852387968	138405246708800	4194
LADGATE	1121	10000	0.353	1
XCHTIME	0	0	0	0	0	0	0	0	0	0	0	0
XCHTIME	1121	5	26	25460166	18617	3941	32959	2505	25402144	138404852387968	138405246708800	4194
XCHTIME	0	0	0	0	0	0	0	0	0	0	0	0
XCHTIME	1121	2	19	6654862	22460	5422	13925	1205	6611850	138404852387968	138405246708800	4194
XCHTIME	0	0	0	0	0	0	0	0	0	0	0	0
XCHTIME	1121	4	15	4711889	24242	6667	19280	1262	4660438	138404852387968	138405246708800	4194
XCHTIME	0	0	0	0	0	0	0	0	0	0	0	0
XCHTIME	1121	4	10	2926914	19905	5116	17653	1009	2883231	138404852387968	138405246708800	4194
XCHTIME	0	0	0	0	0	0	0	0	0	0	0	0
XCHTIME	1121	4	18	16148923	19750	4872	28570	1745	16093986	138404852387968	138405246708800	4194
XCHTIME	0	0	0	0	0	0	0	0	0	0	0	0
XCHTIME	1121	4	11	1930025	23357	6257	13850	673	1885888	138404852387968	138405246708800	4194
XCHTIME	0	0	0	0	0	0	0	0	0	0	0	0
XCHTIME	1121	4	14	7517630	17890	3376	16912	1033	7478419	138404852387968	138405246708800	4194
XCHTIME	0	0	0	0	0	0	0	0	0	0	0	0
XCHTIME	1121	4	13	12171788	19156	4382	17263	895	12130092	138404852387968	138405246708800	4194
XCHTIME	0	0	0	0	0	0	0	0	0	0	0	0
XCHTIME	1121	2	5	14632797	19399	3873	16174	375	14592976	138404852387968	138405246708800	4194
XCHTIME	0	0	0	0	0	0	0	0	0	0	0	0
XCHTIME	1121	4	6	1282672	19187	4612	15389	427	1243057	138404852387968	138405246708800	4194
LIFT	powerflow0030p	1121	642	3468	642
COUNTS	powerflow0030p	1121	4194	24944	23642
XCHTIME	0	0	0	0	0	0	0	0	0	0	0	0
XCHTIME	22407	0	0	0	0	0	0	0	0	138405049266976	138405008876528	105584
XCHTIME	0	0	0	0	0	0	0	0	0	0	0	0
XCHTIME	22407	0	0	36686579	19193011	17493568	0	0	0	138405049266976	138405008876528	105584
XCHTIME	0	0	0	0	0	0	0	0	0	0	0	0
XCHTIME	22407	0	0	0	0	0	0	0	0	138405049266976	138405008876528	105584
XCHTIME	0	0	0	0	0	0	0	0	0	0	0	0
XCHTIME	22407	1	0	43756779	18895011	17794696	3127156	0	3939916	138405049266976	138405008876528	105584
LADGATE	22407	10000	0.816	0
XCHTIME	0	0	0	0	0	0	0	0	0	0	0	0
XCHTIME	22407	5	26	246852775	18761477	17463229	15251634	21010	195355425	138405049266976	138405008876528	105584
LIFT	popdynm200	22407	18799	98384	18799
COUNTS	popdynm200	22407	105584	2567878	2404589
XCHTIME	0	0	0	0	0	0	0	0	0	0	0	0
XCHTIME	11120	1	0	5206873	2307034	1236053	1177039	0	486747	138405004238064	138405010187264	40790
XCHTIME	0	0	0	0	0	0	0	0	0	0	0	0
XCHTIME	11120	1	0	6134552	2452912	1219282	1183371	0	1278987	138405004238064	138405010187264	40790
XCHTIME	0	0	0	0	0	0	0	0	0	0	0	0
XCHTIME	11120	1	0	5480174	2396262	1201234	1181711	0	700967	138405004238064	138405010187264	40790
XCHTIME	0	0	0	0	0	0	0	0	0	0	0	0
XCHTIME	11120	1	0	13627162	2415113	1200728	1161549	0	8849772	138405004238064	138405010187264	40790
LADGATE	11120	10000	0.720	0
XCHTIME	0	0	0	0	0	0	0	0	0	0	0	0
XCHTIME	11120	5	26	192091158	2393699	1214527	5815545	15262	182652125	138405004238064	138405010187264	40790
XCHTIME	0	0	0	0	0	0	0	0	0	0	0	0
XCHTIME	11120	1	0	8242534	2413569	1237550	1164285	0	3427130	138405004238064	138405010187264	40790
XCHTIME	0	0	0	0	0	0	0	0	0	0	0	0
XCHTIME	11120	1	0	8420806	2426722	1207201	1133345	0	3653538	138405004238064	138405010187264	40790
XCHTIME	0	0	0	0	0	0	0	0	0	0	0	0
XCHTIME	11120	1	0	12772848	2392699	1205680	1166155	0	8008314	138405004238064	138405010187264	40790
XCHTIME	0	0	0	0	0	0	0	0	0	0	0	0
XCHTIME	11120	1	0	13797923	2414999	1211257	1157139	0	9014528	138405004238064	138405010187264	40790
XCHTIME	0	0	0	0	0	0	0	0	0	0	0	0
XCHTIME	11120	1	0	11968374	2433477	1184888	1192479	0	7157530	138405004238064	138405010187264	40790
XCHTIME	0	0	0	0	0	0	0	0	0	0	0	0
XCHTIME	11120	1	0	13839529	2420775	1198132	1169669	0	9050953	138405004238064	138405010187264	40790
XCHTIME	0	0	0	0	0	0	0	0	0	0	0	0
XCHTIME	11120	1	0	14325160	2415745	1191984	1155285	0	9562146	138405004238064	138405010187264	40790
XCHTIME	0	0	0	0	0	0	0	0	0	0	0	0
XCHTIME	11120	1	0	12762371	2388265	1196589	1176848	0	8000669	138405004238064	138405010187264	40790
XCHTIME	0	0	0	0	0	0	0	0	0	0	0	0
XCHTIME	11120	1	0	11621539	2384956	1198682	1171430	0	6866471	138405004238064	138405010187264	40790
LIFT	mpbp_35	11120	6920	32350	6920
COUNTS	mpbp_35	11120	40790	3037207	975441
XCHTIME	0	0	0	0	0	0	0	0	0	0	0	0
XCHTIME	1492	2	4	2101695	28569	5485	12856	299	2054486	138405004392592	138405004205088	3936
XCHTIME	0	0	0	0	0	0	0	0	0	0	0	0
XCHTIME	1492	2	6	7188264	28430	5516	17726	560	7136032	138405004392592	138405004205088	3936
XCHTIME	0	0	0	0	0	0	0	0	0	0	0	0
XCHTIME	1492	2	5	5638863	36388	8187	17170	559	5576559	138405004392592	138405004205088	3936
XCHTIME	0	0	0	0	0	0	0	0	0	0	0	0
XCHTIME	1492	2	5	14239577	35401	9100	19388	531	14175157	138405004392592	138405004205088	3936
LADGATE	1492	10000	0.415	1
XCHTIME	0	0	0	0	0	0	0	0	0	0	0	0
XCHTIME	1492	5	26	36906202	30376	7228	69659	2650	36796289	138405004392592	138405004205088	3936
XCHTIME	0	0	0	0	0	0	0	0	0	0	0	0
XCHTIME	1492	2	19	7574383	35083	9971	27764	1230	7500335	138405004392592	138405004205088	3936
XCHTIME	0	0	0	0	0	0	0	0	0	0	0	0
XCHTIME	1492	4	15	7343583	63377	16494	46366	1377	7215969	138405004392592	138405004205088	3936
XCHTIME	0	0	0	0	0	0	0	0	0	0	0	0
XCHTIME	1492	4	10	4203393	31850	6351	24880	716	4139596	138405004392592	138405004205088	3936
XCHTIME	0	0	0	0	0	0	0	0	0	0	0	0
XCHTIME	1492	2	5	14372899	28288	5580	32943	603	14305485	138405004392592	138405004205088	3936
XCHTIME	0	0	0	0	0	0	0	0	0	0	0	0
XCHTIME	1492	4	11	2762401	44984	16221	44800	775	2655621	138405004392592	138405004205088	3936
XCHTIME	0	0	0	0	0	0	0	0	0	0	0	0
XCHTIME	1492	4	14	11326416	31052	6121	33079	930	11255234	138405004392592	138405004205088	3936
XCHTIME	0	0	0	0	0	0	0	0	0	0	0	0
XCHTIME	1492	4	13	16362017	43167	9839	99482	1366	16208163	138405004392592	138405004205088	3936
XCHTIME	0	0	0	0	0	0	0	0	0	0	0	0
XCHTIME	1492	1	0	17077822	35642	14127	6454	0	17021599	138405004392592	138405004205088	3936
XCHTIME	0	0	0	0	0	0	0	0	0	0	0	0
XCHTIME	1492	4	6	2008972	59199	21567	45440	488	1882278	138405004392592	138405004205088	3936
LIFT	syn30m02m	1492	762	2608	762
COUNTS	syn30m02m	1492	3936	13752	13455
XCHTIME	0	0	0	0	0	0	0	0	0	0	0	0
XCHTIME	481	2	4	393919	13236	2124	2196	243	376120	138405200185232	138405003669712	3252
XCHTIME	0	0	0	0	0	0	0	0	0	0	0	0
XCHTIME	481	2	6	4726342	7262	1282	2592	367	4714839	138405200185232	138405003669712	3252
XCHTIME	0	0	0	0	0	0	0	0	0	0	0	0
XCHTIME	481	2	5	1226850	8023	1757	2103	236	1214731	138405200185232	138405003669712	3252
XCHTIME	0	0	0	0	0	0	0	0	0	0	0	0
XCHTIME	481	4	18	8095412	7037	1235	5145	1664	8080331	138405200185232	138405003669712	3252
LADGATE	481	10000	0.354	1
XCHTIME	0	0	0	0	0	0	0	0	0	0	0	0
XCHTIME	481	5	26	10549648	8148	1621	5083	1652	10533144	138405200185232	138405003669712	3252
XCHTIME	0	0	0	0	0	0	0	0	0	0	0	0
XCHTIME	481	4	66	5302357	6932	1381	7100	3159	5283785	138405200185232	138405003669712	3252
XCHTIME	0	0	0	0	0	0	0	0	0	0	0	0
XCHTIME	481	4	15	1355560	8498	1797	4530	731	1340004	138405200185232	138405003669712	3252
XCHTIME	0	0	0	0	0	0	0	0	0	0	0	0
XCHTIME	481	4	10	652822	7400	1399	4780	712	638531	138405200185232	138405003669712	3252
XCHTIME	0	0	0	0	0	0	0	0	0	0	0	0
XCHTIME	481	4	18	8266920	7527	1440	7203	1158	8249592	138405200185232	138405003669712	3252
XCHTIME	0	0	0	0	0	0	0	0	0	0	0	0
XCHTIME	481	4	11	405473	8637	1775	4353	515	390193	138405200185232	138405003669712	3252
XCHTIME	0	0	0	0	0	0	0	0	0	0	0	0
XCHTIME	481	4	14	2584502	7402	1375	4646	641	2570438	138405200185232	138405003669712	3252
XCHTIME	0	0	0	0	0	0	0	0	0	0	0	0
XCHTIME	481	4	13	3018413	7721	1369	5957	930	3002436	138405200185232	138405003669712	3252
XCHTIME	0	0	0	0	0	0	0	0	0	0	0	0
XCHTIME	481	3	15	18373495	7491	1707	6908	1246	18356143	138405200185232	138405003669712	3252
XCHTIME	0	0	0	0	0	0	0	0	0	0	0	0
XCHTIME	481	4	6	279320	8445	1861	3886	284	264844	138405200185232	138405003669712	3252
LIFT	wastewater13m1	481	353	3026	353
COUNTS	wastewater13m1	481	3252	60135	60068
XCHTIME	0	0	0	0	0	0	0	0	0	0	0	0
XCHTIME	1022	2	4	1148393	15021	2977	6291	205	1123899	138405003702496	138405030949200	2624
XCHTIME	0	0	0	0	0	0	0	0	0	0	0	0
XCHTIME	1022	2	6	7145004	14809	2924	7188	366	7119717	138405003702496	138405030949200	2624
XCHTIME	0	0	0	0	0	0	0	0	0	0	0	0
XCHTIME	1022	2	5	2863081	16475	3816	6861	230	2835699	138405003702496	138405030949200	2624
XCHTIME	0	0	0	0	0	0	0	0	0	0	0	0
XCHTIME	1022	4	18	14388714	16022	3536	19069	905	14349182	138405003702496	138405030949200	2624
LADGATE	1022	10000	0.297	1
XCHTIME	0	0	0	0	0	0	0	0	0	0	0	0
XCHTIME	1022	5	26	22755484	17311	5299	25126	1614	22706134	138405003702496	138405030949200	2624
XCHTIME	0	0	0	0	0	0	0	0	0	0	0	0
XCHTIME	1022	3	57	7199732	17086	4594	19280	2771	7156001	138405003702496	138405030949200	2624
XCHTIME	0	0	0	0	0	0	0	0	0	0	0	0
XCHTIME	1022	4	15	3771088	15767	3739	18888	703	3731991	138405003702496	138405030949200	2624
XCHTIME	0	0	0	0	0	0	0	0	0	0	0	0
XCHTIME	1022	4	10	2300892	19403	3699	13785	571	2263434	138405003702496	138405030949200	2624
XCHTIME	0	0	0	0	0	0	0	0	0	0	0	0
XCHTIME	1022	4	18	14400390	17223	4767	19819	915	14357666	138405003702496	138405030949200	2624
XCHTIME	0	0	0	0	0	0	0	0	0	0	0	0
XCHTIME	1022	4	11	1419776	16008	4506	14031	523	1384708	138405003702496	138405030949200	2624
XCHTIME	0	0	0	0	0	0	0	0	0	0	0	0
XCHTIME	1022	4	14	6280908	14999	3246	16513	602	6245548	138405003702496	138405030949200	2624
XCHTIME	0	0	0	0	0	0	0	0	0	0	0	0
XCHTIME	1022	4	13	10591467	16891	4356	21673	1110	10547437	138405003702496	138405030949200	2624
XCHTIME	0	0	0	0	0	0	0	0	0	0	0	0
XCHTIME	1022	2	5	13611325	16489	4485	13468	504	13576379	138405003702496	138405030949200	2624
XCHTIME	0	0	0	0	0	0	0	0	0	0	0	0
XCHTIME	1022	4	6	942611	16633	5142	14082	249	906505	138405003702496	138405030949200	2624
LIFT	syn40hfsg	1022	573	1726	573
COUNTS	syn40hfsg	1022	2624	8432	8155
XCHTIME	0	0	0	0	0	0	0	0	0	0	0	0
XCHTIME	69	2	4	73159	2979	563	350	219	69048	138405196246320	138405051380416	206
XCHTIME	0	0	0	0	0	0	0	0	0	0	0	0
XCHTIME	69	2	6	404048	1298	327	221	175	402027	138405196246320	138405051380416	206
XCHTIME	0	0	0	0	0	0	0	0	0	0	0	0
XCHTIME	69	2	5	138894	1247	316	267	128	136936	138405196246320	138405051380416	206
XCHTIME	0	0	0	0	0	0	0	0	0	0	0	0
XCHTIME	69	4	18	882544	1195	383	488	677	879801	138405196246320	138405051380416	206
LADGATE	69	10000	0.179	1
XCHTIME	0	0	0	0	0	0	0	0	0	0	0	0
XCHTIME	69	5	26	1266101	1854	1197	564	899	1261587	138405196246320	138405051380416	206
XCHTIME	0	0	0	0	0	0	0	0	0	0	0	0
XCHTIME	69	4	66	486573	1400	446	363	1782	482582	138405196246320	138405051380416	206
XCHTIME	0	0	0	0	0	0	0	0	0	0	0	0
XCHTIME	69	4	15	186722	1472	638	530	478	183604	138405196246320	138405051380416	206
XCHTIME	0	0	0	0	0	0	0	0	0	0	0	0
XCHTIME	69	4	10	113453	1515	400	380	205	110953	138405196246320	138405051380416	206
XCHTIME	0	0	0	0	0	0	0	0	0	0	0	0
XCHTIME	69	4	18	869872	1222	363	642	620	867025	138405196246320	138405051380416	206
XCHTIME	0	0	0	0	0	0	0	0	0	0	0	0
XCHTIME	69	4	11	79375	1233	637	357	303	76845	138405196246320	138405051380416	206
XCHTIME	0	0	0	0	0	0	0	0	0	0	0	0
XCHTIME	69	4	14	283054	1146	376	421	340	280771	138405196246320	138405051380416	206
XCHTIME	0	0	0	0	0	0	0	0	0	0	0	0
XCHTIME	69	4	13	614157	1180	332	500	322	611823	138405196246320	138405051380416	206
XCHTIME	0	0	0	0	0	0	0	0	0	0	0	0
XCHTIME	69	4	16	2855395	1283	382	508	502	2852720	138405196246320	138405051380416	206
XCHTIME	0	0	0	0	0	0	0	0	0	0	0	0
XCHTIME	69	4	6	43405	1830	648	377	162	40388	138405196246320	138405051380416	206
LIFT	sep1	69	36	150	36
COUNTS	sep1	69	206	1097	1047
XCHTIME	0	0	0	0	0	0	0	0	0	0	0	0
XCHTIME	2508	2	4	1397175	83820	19475	49552	592	1243736	138405246751824	138405049446256	6804
XCHTIME	0	0	0	0	0	0	0	0	0	0	0	0
XCHTIME	2508	2	6	4920740	94143	26971	57370	500	4741756	138405246751824	138405049446256	6804
XCHTIME	0	0	0	0	0	0	0	0	0	0	0	0
XCHTIME	2508	2	5	2647302	109834	25596	52068	528	2459276	138405246751824	138405049446256	6804
XCHTIME	0	0	0	0	0	0	0	0	0	0	0	0
XCHTIME	2508	4	18	11441511	86468	24699	121788	1899	11206657	138405246751824	138405049446256	6804
LADGATE	2508	10000	0.511	1
XCHTIME	0	0	0	0	0	0	0	0	0	0	0	0
XCHTIME	2508	5	26	14722029	82090	22514	142113	2803	14472509	138405246751824	138405049446256	6804
XCHTIME	0	0	0	0	0	0	0	0	0	0	0	0
XCHTIME	2508	4	66	5698950	89477	27536	164612	5369	5411956	138405246751824	138405049446256	6804
XCHTIME	0	0	0	0	0	0	0	0	0	0	0	0
XCHTIME	2508	4	15	3485026	91541	29017	103646	1488	3259334	138405246751824	138405049446256	6804
XCHTIME	0	0	0	0	0	0	0	0	0	0	0	0
XCHTIME	2508	4	10	2526221	85932	21961	95945	1077	2321306	138405246751824	138405049446256	6804
XCHTIME	0	0	0	0	0	0	0	0	0	0	0	0
XCHTIME	2508	4	18	11532543	98658	24541	134317	1989	11273038	138405246751824	138405049446256	6804
XCHTIME	0	0	0	0	0	0	0	0	0	0	0	0
XCHTIME	2508	4	11	2073780	86881	25663	100379	1110	1859747	138405246751824	138405049446256	6804
XCHTIME	0	0	0	0	0	0	0	0	0	0	0	0
XCHTIME	2508	4	14	5038382	86680	23122	115238	1336	4812006	138405246751824	138405049446256	6804
XCHTIME	0	0	0	0	0	0	0	0	0	0	0	0
XCHTIME	2508	4	13	7537532	86061	25566	117663	1459	7306783	138405246751824	138405049446256	6804
XCHTIME	0	0	0	0	0	0	0	0	0	0	0	0
XCHTIME	2508	2	5	13479348	102867	29766	87103	753	13258859	138405246751824	138405049446256	6804
XCHTIME	0	0	0	0	0	0	0	0	0	0	0	0
XCHTIME	2508	4	6	1662272	102306	43189	81728	596	1434453	138405246751824	138405049446256	6804
LIFT	syn30m03m	2508	1278	4542	1278
COUNTS	syn30m03m	2508	6804	26806	26552
COUNTS	st_qpc-m3a	30	304	2330	1574
XCHTIME	0	0	0	0	0	0	0	0	0	0	0	0
XCHTIME	2644	2	4	2486746	90923	21726	47930	546	2325621	138405030981984	138405006993616	11426
XCHTIME	0	0	0	0	0	0	0	0	0	0	0	0
XCHTIME	2644	1	0	5184051	101477	35653	28396	0	5018525	138405030981984	138405006993616	11426
XCHTIME	0	0	0	0	0	0	0	0	0	0	0	0
XCHTIME	2644	1	0	3730188	104062	30748	30136	0	3565242	138405030981984	138405006993616	11426
XCHTIME	0	0	0	0	0	0	0	0	0	0	0	0
XCHTIME	2644	1	0	11954348	105997	32632	28533	0	11787186	138405030981984	138405006993616	11426
LADGATE	2644	10000	1.115	1
XCHTIME	0	0	0	0	0	0	0	0	0	0	0	0
XCHTIME	2644	5	26	66085836	108971	33194	223470	3896	65716305	138405030981984	138405006993616	11426
XCHTIME	0	0	0	0	0	0	0	0	0	0	0	0
XCHTIME	2644	1	0	6660646	111732	34981	35876	0	6478057	138405030981984	138405006993616	11426
XCHTIME	0	0	0	0	0	0	0	0	0	0	0	0
XCHTIME	2644	3	12	6505408	130592	50553	108630	1583	6214050	138405030981984	138405006993616	11426
XCHTIME	0	0	0	0	0	0	0	0	0	0	0	0
XCHTIME	2644	4	10	8259206	103634	32945	131950	1381	7989296	138405030981984	138405006993616	11426
XCHTIME	0	0	0	0	0	0	0	0	0	0	0	0
XCHTIME	2644	1	0	12132615	111803	33911	34112	0	11952789	138405030981984	138405006993616	11426
XCHTIME	0	0	0	0	0	0	0	0	0	0	0	0
XCHTIME	2644	4	11	6415839	141758	40460	140296	1491	6091834	138405030981984	138405006993616	11426
XCHTIME	0	0	0	0	0	0	0	0	0	0	0	0
XCHTIME	2644	3	12	13151885	114167	35654	127402	1773	12872889	138405030981984	138405006993616	11426
XCHTIME	0	0	0	0	0	0	0	0	0	0	0	0
XCHTIME	2644	2	4	12297728	126213	34833	70889	570	12065223	138405030981984	138405006993616	11426
XCHTIME	0	0	0	0	0	0	0	0	0	0	0	0
XCHTIME	2644	1	0	12842772	104071	29606	29834	0	12679261	138405030981984	138405006993616	11426
XCHTIME	0	0	0	0	0	0	0	0	0	0	0	0
XCHTIME	2644	4	6	5205224	120808	43187	139644	819	4900766	138405030981984	138405006993616	11426
LIFT	crudeoil_pooling_ct3	2644	1586	9346	1586
COUNTS	crudeoil_pooling_ct3	2644	11426	1381490	865101
XCHTIME	0	0	0	0	0	0	0	0	0	0	0	0
XCHTIME	634	2	4	961621	20770	4236	3288	265	933062	138405230561280	138405004327040	3246
XCHTIME	0	0	0	0	0	0	0	0	0	0	0	0
XCHTIME	634	2	6	7673416	12238	2668	3969	509	7654032	138405230561280	138405004327040	3246
XCHTIME	0	0	0	0	0	0	0	0	0	0	0	0
XCHTIME	634	2	5	2743180	10972	3334	3274	369	2725231	138405230561280	138405004327040	3246
XCHTIME	0	0	0	0	0	0	0	0	0	0	0	0
XCHTIME	634	4	18	15464069	9370	2026	9253	1553	15441867	138405230561280	138405004327040	3246
LADGATE	634	10000	0.373	1
XCHTIME	0	0	0	0	0	0	0	0	0	0	0	0
XCHTIME	634	5	26	19177484	12708	2415	10974	2011	19149376	138405230561280	138405004327040	3246
XCHTIME	0	0	0	0	0	0	0	0	0	0	0	0
XCHTIME	634	3	57	7965699	10025	2563	7540	3767	7941804	138405230561280	138405004327040	3246
XCHTIME	0	0	0	0	0	0	0	0	0	0	0	0
XCHTIME	634	4	15	3076688	10131	3110	6801	956	3055690	138405230561280	138405004327040	3246
XCHTIME	0	0	0	0	0	0	0	0	0	0	0	0
XCHTIME	634	4	10	1699927	10291	2179	6222	572	1680663	138405230561280	138405004327040	3246
XCHTIME	0	0	0	0	0	0	0	0	0	0	0	0
XCHTIME	634	4	18	15447500	9010	1909	8774	1501	15426306	138405230561280	138405004327040	3246
XCHTIME	0	0	0	0	0	0	0	0	0	0	0	0
XCHTIME	634	4	11	970780	10763	2606	5821	632	950958	138405230561280	138405004327040	3246
XCHTIME	0	0	0	0	0	0	0	0	0	0	0	0
XCHTIME	634	4	14	5190737	8957	1944	5634	869	5173333	138405230561280	138405004327040	3246
XCHTIME	0	0	0	0	0	0	0	0	0	0	0	0
XCHTIME	634	4	13	9044649	9855	2213	6895	900	9024786	138405230561280	138405004327040	3246
XCHTIME	0	0	0	0	0	0	0	0	0	0	0	0
XCHTIME	634	2	5	16823599	11003	2295	5819	698	16803784	138405230561280	138405004327040	3246
XCHTIME	0	0	0	0	0	0	0	0	0	0	0	0
XCHTIME	634	4	6	607773	12410	3924	5468	393	585578	138405230561280	138405004327040	3246
LIFT	space25a	634	417	2530	417
COUNTS	space25a	634	3246	29078	27875
COUNTS	autocorr_bern20-15	23	394	2784	2784
XCHTIME	0	0	0	0	0	0	0	0	0	0	0	0
XCHTIME	35	2	4	44423	1251	840	225	131	41976	138405226559168	138405228719632	134
XCHTIME	0	0	0	0	0	0	0	0	0	0	0	0
XCHTIME	35	2	6	471878	812	227	164	120	470555	138405226559168	138405228719632	134
XCHTIME	0	0	0	0	0	0	0	0	0	0	0	0
XCHTIME	35	2	5	168633	896	351	149	117	167120	138405226559168	138405228719632	134
XCHTIME	0	0	0	0	0	0	0	0	0	0	0	0
XCHTIME	35	4	18	537937	799	260	256	380	536242	138405226559168	138405228719632	134
LADGATE	35	10000	0.171	1
XCHTIME	0	0	0	0	0	0	0	0	0	0	0	0
XCHTIME	35	5	26	861826	1711	847	463	616	858189	138405226559168	138405228719632	134
XCHTIME	0	0	0	0	0	0	0	0	0	0	0	0
XCHTIME	35	4	63	7237	863	443	251	1797	3883	138405226559168	138405228719632	134
XCHTIME	0	0	0	0	0	0	0	0	0	0	0	0
XCHTIME	35	4	15	138422	637	286	265	322	136912	138405226559168	138405228719632	134
XCHTIME	0	0	0	0	0	0	0	0	0	0	0	0
XCHTIME	35	4	10	95748	850	254	263	206	94175	138405226559168	138405228719632	134
XCHTIME	0	0	0	0	0	0	0	0	0	0	0	0
XCHTIME	35	4	18	545452	820	221	232	395	543784	138405226559168	138405228719632	134
XCHTIME	0	0	0	0	0	0	0	0	0	0	0	0
XCHTIME	35	4	11	48954	940	276	272	234	47232	138405226559168	138405228719632	134
XCHTIME	0	0	0	0	0	0	0	0	0	0	0	0
XCHTIME	35	4	14	252026	772	230	239	290	250495	138405226559168	138405228719632	134
XCHTIME	0	0	0	0	0	0	0	0	0	0	0	0
XCHTIME	35	4	13	514582	847	222	260	277	512976	138405226559168	138405228719632	134
XCHTIME	0	0	0	0	0	0	0	0	0	0	0	0
XCHTIME	35	4	16	1552705	780	220	363	356	1550986	138405226559168	138405228719632	134
XCHTIME	0	0	0	0	0	0	0	0	0	0	0	0
XCHTIME	35	4	6	31225	802	283	251	138	29751	138405226559168	138405228719632	134
LIFT	ex7_2_1	35	21	106	21
COUNTS	ex7_2_1	35	134	352	341
XCHTIME	0	0	0	0	0	0	0	0	0	0	0	0
XCHTIME	2092	2	4	1323133	51237	10350	22405	340	1238801	138404853842864	138405049029520	6236
XCHTIME	0	0	0	0	0	0	0	0	0	0	0	0
XCHTIME	2092	2	6	8164114	56633	12717	49347	806	8044611	138404853842864	138405049029520	6236
XCHTIME	0	0	0	0	0	0	0	0	0	0	0	0
XCHTIME	2092	2	5	4633432	58294	14872	35954	427	4523885	138404853842864	138405049029520	6236
XCHTIME	0	0	0	0	0	0	0	0	0	0	0	0
XCHTIME	2092	3	15	15871678	57060	16164	94531	1558	15702365	138404853842864	138405049029520	6236
LADGATE	2092	10000	0.740	1
XCHTIME	0	0	0	0	0	0	0	0	0	0	0	0
XCHTIME	2092	5	26	38230390	65620	18959	162669	3138	37980004	138404853842864	138405049029520	6236
XCHTIME	0	0	0	0	0	0	0	0	0	0	0	0
XCHTIME	2092	4	66	1692816	67745	27868	72508	3620	1521075	138404853842864	138405049029520	6236
XCHTIME	0	0	0	0	0	0	0	0	0	0	0	0
XCHTIME	2092	4	15	4417258	69670	20649	82235	1570	4243134	138404853842864	138405049029520	6236
XCHTIME	0	0	0	0	0	0	0	0	0	0	0	0
XCHTIME	2092	4	10	2754628	59460	18608	105397	1196	2569967	138404853842864	138405049029520	6236
XCHTIME	0	0	0	0	0	0	0	0	0	0	0	0
XCHTIME	2092	3	15	16002758	55905	15873	91153	1731	15838096	138404853842864	138405049029520	6236
XCHTIME	0	0	0	0	0	0	0	0	0	0	0	0
XCHTIME	2092	4	11	1854983	59039	15981	69185	1209	1709569	138404853842864	138405049029520	6236
XCHTIME	0	0	0	0	0	0	0	0	0	0	0	0
XCHTIME	2092	4	14	9428629	59414	17715	102521	1781	9247198	138404853842864	138405049029520	6236
XCHTIME	0	0	0	0	0	0	0	0	0	0	0	0
XCHTIME	2092	4	13	15864941	59373	18569	115084	1739	15670176	138404853842864	138405049029520	6236
XCHTIME	0	0	0	0	0	0	0	0	0	0	0	0
XCHTIME	2092	1	0	15085657	65242	24297	14008	0	14982110	138404853842864	138405049029520	6236
XCHTIME	0	0	0	0	0	0	0	0	0	0	0	0
XCHTIME	2092	4	6	1544416	71942	30343	71536	883	1369712	138404853842864	138405049029520	6236
LIFT	hydroenergy2	2092	1090	4556	1090
COUNTS	hydroenergy2	2092	6236	69051	56014
XCHTIME	0	0	0	0	0	0	0	0	0	0	0	0
XCHTIME	514	2	4	488987	16428	3253	2399	160	466747	138405251966496	138405049511808	5340
XCHTIME	0	0	0	0	0	0	0	0	0	0	0	0
XCHTIME	514	2	6	4390516	10412	1555	2893	182	4375474	138405251966496	138405049511808	5340
XCHTIME	0	0	0	0	0	0	0	0	0	0	0	0
XCHTIME	514	2	5	1421642	11081	2200	2116	169	1406076	138405251966496	138405049511808	5340
XCHTIME	0	0	0	0	0	0	0	0	0	0	0	0
XCHTIME	514	4	18	8891126	10269	1622	6128	641	8872466	138405251966496	138405049511808	5340
LADGATE	514	10000	0.380	1
XCHTIME	0	0	0	0	0	0	0	0	0	0	0	0
XCHTIME	514	5	26	10843242	10698	2395	5369	835	10823945	138405251966496	138405049511808	5340
XCHTIME	0	0	0	0	0	0	0	0	0	0	0	0
XCHTIME	514	4	66	942041	10288	1476	4144	1748	924385	138405251966496	138405049511808	5340
XCHTIME	0	0	0	0	0	0	0	0	0	0	0	0
XCHTIME	514	4	15	1590575	10145	1390	4407	433	1574200	138405251966496	138405049511808	5340
XCHTIME	0	0	0	0	0	0	0	0	0	0	0	0
XCHTIME	514	4	10	840533	10394	1518	4498	283	823840	138405251966496	138405049511808	5340
XCHTIME	0	0	0	0	0	0	0	0	0	0	0	0
XCHTIME	514	4	18	8838271	9970	1462	4175	588	8822076	138405251966496	138405049511808	5340
XCHTIME	0	0	0	0	0	0	0	0	0	0	0	0
XCHTIME	514	4	11	559364	10208	1480	4404	307	542965	138405251966496	138405049511808	5340
XCHTIME	0	0	0	0	0	0	0	0	0	0	0	0
XCHTIME	514	4	14	2740137	10257	1390	4494	465	2723531	138405251966496	138405049511808	5340
XCHTIME	0	0	0	0	0	0	0	0	0	0	0	0
XCHTIME	514	4	13	4785848	10324	1469	4685	499	4768871	138405251966496	138405049511808	5340
XCHTIME	0	0	0	0	0	0	0	0	0	0	0	0
XCHTIME	514	3	15	20329733	10375	1499	8021	550	20309288	138405251966496	138405049511808	5340
XCHTIME	0	0	0	0	0	0	0	0	0	0	0	0
XCHTIME	514	4	6	462288	11439	3026	4419	197	443207	138405251966496	138405049511808	5340
LIFT	pooling_digabel19	514	296	5918	296
COUNTS	pooling_digabel19	514	5340	325989	274903
XCHTIME	0	0	0	0	0	0	0	0	0	0	0	0
XCHTIME	132	2	4	124545	5315	925	374	151	117780	138405245220896	138405034354608	420
XCHTIME	0	0	0	0	0	0	0	0	0	0	0	0
XCHTIME	132	2	6	1180471	1743	410	475	185	1177658	138405245220896	138405034354608	420
XCHTIME	0	0	0	0	0	0	0	0	0	0	0	0
XCHTIME	132	2	5	225289	1775	907	490	166	221951	138405245220896	138405034354608	420
XCHTIME	0	0	0	0	0	0	0	0	0	0	0	0
XCHTIME	132	4	18	1321925	1651	408	1207	642	1318017	138405245220896	138405034354608	420
LADGATE	132	10000	0.217	1
XCHTIME	0	0	0	0	0	0	0	0	0	0	0	0
XCHTIME	132	5	26	1767193	2129	772	1451	1005	1761836	138405245220896	138405034354608	420
XCHTIME	0	0	0	0	0	0	0	0	0	0	0	0
XCHTIME	132	4	66	1111271	1715	655	953	2271	1105677	138405245220896	138405034354608	420
XCHTIME	0	0	0	0	0	0	0	0	0	0	0	0
XCHTIME	132	4	15	351681	1707	585	754	428	348207	138405245220896	138405034354608	420
XCHTIME	0	0	0	0	0	0	0	0	0	0	0	0
XCHTIME	132	4	10	206826	1711	435	647	279	203754	138405245220896	138405034354608	420
XCHTIME	0	0	0	0	0	0	0	0	0	0	0	0
XCHTIME	132	4	18	1320626	1576	369	884	675	1317122	138405245220896	138405034354608	420
XCHTIME	0	0	0	0	0	0	0	0	0	0	0	0
XCHTIME	132	4	11	133051	1759	433	642	314	129903	138405245220896	138405034354608	420
XCHTIME	0	0	0	0	0	0	0	0	0	0	0	0
XCHTIME	132	4	14	560751	1650	352	713	436	557600	138405245220896	138405034354608	420
XCHTIME	0	0	0	0	0	0	0	0	0	0	0	0
XCHTIME	132	4	13	811155	1783	381	793	389	807809	138405245220896	138405034354608	420
XCHTIME	0	0	0	0	0	0	0	0	0	0	0	0
XCHTIME	132	4	16	5719645	1636	393	1375	706	5715535	138405245220896	138405034354608	420
XCHTIME	0	0	0	0	0	0	0	0	0	0	0	0
XCHTIME	132	4	6	104333	2440	1021	757	256	99859	138405245220896	138405034354608	420
LIFT	clay0203m	132	63	282	63
COUNTS	clay0203m	132	420	1348	1348
XCHTIME	0	0	0	0	0	0	0	0	0	0	0	0
XCHTIME	13680	1	0	5989477	3487374	1213504	1150829	0	137770	138405010830304	138405039391104	36000
XCHTIME	0	0	0	0	0	0	0	0	0	0	0	0
XCHTIME	13680	1	0	7821526	3510392	1213765	1131077	0	1966292	138405010830304	138405039391104	36000
XCHTIME	0	0	0	0	0	0	0	0	0	0	0	0
XCHTIME	13680	1	0	6906301	3469075	1155682	1140378	0	1141166	138405010830304	138405039391104	36000
XCHTIME	0	0	0	0	0	0	0	0	0	0	0	0
XCHTIME	13680	1	0	11663891	3463220	1168784	1151073	0	5880814	138405010830304	138405039391104	36000
LADGATE	13680	10000	0.379	0
XCHTIME	0	0	0	0	0	0	0	0	0	0	0	0
XCHTIME	13680	5	26	55423211	3511880	1169556	5979719	14633	44747423	138405010830304	138405039391104	36000
XCHTIME	0	0	0	0	0	0	0	0	0	0	0	0
XCHTIME	13680	1	0	8039055	3657975	1269285	1172760	0	1939035	138405010830304	138405039391104	36000
XCHTIME	0	0	0	0	0	0	0	0	0	0	0	0
XCHTIME	13680	1	0	8457278	3479680	1501532	1464517	0	2011549	138405010830304	138405039391104	36000
XCHTIME	0	0	0	0	0	0	0	0	0	0	0	0
XCHTIME	13680	1	0	12057779	3509755	1260145	1165336	0	6122543	138405010830304	138405039391104	36000
XCHTIME	0	0	0	0	0	0	0	0	0	0	0	0
XCHTIME	13680	1	0	11776176	3592901	1195568	1163339	0	5824368	138405010830304	138405039391104	36000
XCHTIME	0	0	0	0	0	0	0	0	0	0	0	0
XCHTIME	13680	1	0	12249727	3622536	1209499	1168693	0	6248999	138405010830304	138405039391104	36000
XCHTIME	0	0	0	0	0	0	0	0	0	0	0	0
XCHTIME	13680	1	0	12214346	3682937	1255068	1212264	0	6064077	138405010830304	138405039391104	36000
XCHTIME	0	0	0	0	0	0	0	0	0	0	0	0
XCHTIME	13680	1	0	12014369	3505230	1214336	1242792	0	6052011	138405010830304	138405039391104	36000
XCHTIME	0	0	0	0	0	0	0	0	0	0	0	0
XCHTIME	13680	1	0	11904102	3527344	1194485	1171095	0	6011178	138405010830304	138405039391104	36000
XCHTIME	0	0	0	0	0	0	0	0	0	0	0	0
XCHTIME	13680	1	0	11898212	3542274	1273417	1210157	0	5872364	138405010830304	138405039391104	36000
LIFT	squfl030-150	13680	4680	18000	4680
COUNTS	squfl030-150	13680	36000	252605	252605

--- every order() call, slowest first (TSV) ---
secs	matrix	n	nnz	ratio
1.4857	crudeoil_lee4_10	17809	120632	0.6080
1.4048	chimera_selby-c16-02	2031	10878	0.5368
1.3740	chimera_selby-c16-01	2031	10964	0.6669
1.3583	crudeoil_lee4_06	10429	55492	0.4957
1.3447	crudeoil_lee4_09	15904	101792	0.6135
1.3043	crudeoil_pooling_ct3	2644	11426	0.6262
1.3039	gams05	17364	252910	0.5262
1.2745	pinene200	19995	97990	0.8339
1.2608	ringpack_30_2	17999	121458	0.2311
1.2412	gasprod_sarawak81	22536	75636	0.9118
1.1979	arki0016	7993	37208	0.9510
1.1573	transswitch0300p	11659	48446	0.9267
1.1372	procurement1large	14416	41068	0.5277
1.0806	nd_netgen-2000-3-4-b-a-ns_7	22074	60000	0.9424
1.0789	chp_shorttermplan2d	16364	52108	0.5025
1.0719	popdynm200	22407	105584	0.9364
1.0496	chp_partload	5211	16740	0.7328
1.0314	crudeoil_lee2_06	6418	34646	0.6841
1.0291	emfl100_5_5	21925	52300	1.0000
1.0260	mpbp_35	11120	40790	0.3212
1.0206	rsyn0805m03m	2868	8270	0.8992
1.0184	powerflow0300p	11251	41918	0.9518
1.0122	nuclear10a	17493	163816	0.6706
1.0079	crudeoil_pooling_dt2	18742	75910	0.6610
0.9699	mpbp_07	9532	30810	0.9120
0.9604	gabriel09	21688	89702	0.8704
0.9587	rsyn0840m04m	8508	24272	0.8081
0.9425	mpbp_15	9858	31692	0.7778
0.9408	sfacloc2_3_80	4799	20600	0.9580
0.9384	powerflow0118p	5065	18730	0.9656
0.9248	crudeoil_lee1_07	3670	19322	0.7388
0.9110	gasprod_sarawak16	4596	15316	0.9168
0.9078	squfl015-060	2775	7200	1.0000
0.9046	faclay30	16678	82242	0.9552
0.8772	sfacloc2_4_80	5067	21424	0.9552
0.8661	hydroenergy2	2092	6236	0.8112
0.8589	rsyn0815m04m	5456	15756	0.7779
0.8473	nuclear104	39098	257806	0.7593
0.8459	methanol400	23999	151728	0.6931
0.8456	mpbp_47	5310	17098	0.8927
0.8397	supplychainr1_053050	16640	57800	1.0000
0.8270	popdynm25	2807	13904	0.7963
0.8181	rsyn0810m04m	4772	13836	0.7672
0.8146	batchs201210m	5188	17910	0.8685
0.8122	waste	4825	21504	0.8654
0.8102	arki0013	44909	160172	0.4021
0.8100	rsyn0830m04m	7252	20752	0.8085
0.8018	mpbp_34	11556	40860	0.2880
0.7939	chimera_rfr-02	2032	15140	0.6441
0.7910	edgecross24-115	16747	77352	0.8054
0.7850	mpbp_21	11716	37660	0.8615
0.7844	chimera_k64ising-02	1225	3846	0.6051
0.7825	chp_shorttermplan1a	4952	15700	0.7957
0.7795	rsyn0820m04m	6028	17372	0.7758
0.7786	crudeoil_li05	4225	14628	0.7845
0.7777	rsyn0810m02hfsg	2670	6964	0.9406
0.7748	mpbp_48	28368	91016	0.4772
0.7736	multiplants_stg1b	814	3992	0.6079
0.7611	crudeoil_pooling_dt3	30660	152210	0.7100
0.7524	nuclear25a	1942	16030	0.5747
0.7372	methanol200	11999	76128	0.7018
0.7351	syn40m04m	4960	13792	0.9588
0.7298	squfl010-080	2490	6400	1.0000
0.7283	rsyn0820m02m	2486	6932	0.9328
0.7282	multiplants_mtg1b	645	4404	0.6627
0.7274	sporttournament48	1131	6676	0.6439
0.7239	multiplants_stg1	736	3594	0.7853
0.7227	kall_circlespolygons_c1p5b	1681	7432	0.9608
0.7218	chimera_mgw-c16-2031-01	2032	15900	0.7721
0.7208	p_ball_30b_7p_2d_h	2207	7516	0.9968
0.7186	multiplants_stg1a	726	3510	0.8549
0.7161	multiplants_stg5	827	3804	0.4122
0.7123	multiplants_stg1c	800	3894	0.9532
0.7046	chp_shorttermplan2a	8992	26288	0.7007
0.7046	squfl010-040persp	2450	7200	1.0000
0.7027	batchs121208m	3404	11462	0.9332
0.7027	gabriel10	244056	1148210	0.9285
0.7021	ndcc12	974	5982	0.9533
0.7004	catmix400	2001	11192	0.9998
0.6981	squfl025-030	2305	6000	1.0000
0.6953	sonet24v5	874	7260	0.5940
0.6832	crudeoil_pooling_ct1	1271	4642	0.7501
0.6786	pooling_sppc3pq	23173	893724	0.2822
0.6781	squfl020-150	9170	24000	1.0000
0.6723	netmod_kar1	1746	4928	0.7717
0.6657	sonet23v4	803	6462	0.6753
0.6646	ndcc13	969	5882	0.6183
0.6615	pooling_foulds5tp	1218	8364	0.6828
0.6578	kan_r3_h1_n4	3183	14062	0.9405
0.6571	pooling_sppa9tp	5040	121302	0.1613
0.6570	rsyn0815m02hfsg	3054	7968	0.9278
0.6471	rsyn0840m02m	3486	9576	0.9464
0.6352	risk2bpb	1462	5396	0.5574
0.6338	chimera_lga-01	1120	6400	0.7441
0.6320	mpbp_46	4518	14492	0.8960
0.6318	acopf_case9241pegase_qcqp	313068	1292408	0.9737
0.6261	pooling_foulds4pq	1294	8302	0.9989
0.6250	slay09h	2718	7488	0.8982
0.6241	qapw	705	87496	1.0000
0.6230	pooling_sppa0pq	1649	24192	0.3171
0.6064	oil	3270	8430	0.9572
0.6003	torsion50	2508	29808	0.6617
0.5963	syn30m03m	2508	6804	0.9905
0.5860	ndcc12persp	1112	5522	0.9521
0.5815	ringpack_20_2	6089	40368	0.3779
0.5792	chimera_mgw-c8-439-onc8-001	440	3040	0.7522
0.5786	ringpack_20_3	6709	45220	0.3584
0.5759	rocket50	555	3488	0.9641
0.5758	arki0002	4432	11248	0.9764
0.5749	kall_circlesrectangles_c6r39	1306	5378	0.9850
0.5662	chimera_mgw-c8-439-onc8-002	440	3038	0.8820
0.5628	pooling_foulds5pq	1218	8300	1.0000
0.5621	faclay75	272878	1379706	0.9405
0.5577	rsyn0830hfsg	1590	4100	0.9514
0.5553	sonet21v6	8232	40744	0.9650
0.5530	syn30m02m	1492	3936	0.9784
0.5488	pooling_sppb5pq	18529	674470	0.4077
0.5456	gancns	548	2800	0.8421
0.5416	transswitch2383wpr	59853	277562	0.9785
0.5406	squfl030-150	13680	36000	1.0000
0.5391	supplychainr1_022020	4620	15680	0.9999
0.5359	rsyn0815m	821	2242	0.9377
0.5354	space25a	634	3246	0.9586
0.5347	maxcsp-langford-3-11	660	29646	0.3098
0.5240	syn40m04hfsg	6328	16896	0.9649
0.5187	faclay35	26778	132380	0.9522
0.5145	clay0305hfsg	1000	2910	0.9168
0.5100	forest	713	2658	0.9933
0.5038	pooling_digabel19	514	5340	0.8433
0.5013	waternd2	615	2580	0.4806
0.4964	syn15m04m	1908	5288	0.9604
0.4917	powerflow0030p	1121	4194	0.9478
0.4915	sfacloc2_4_90	1491	4500	0.9104
0.4906	edgecross10-030	1053	4654	0.7367
0.4889	glider400	10017	49624	0.8777
0.4858	catmix200	1001	5592	0.9995
0.4843	nd_netgen-3000-1-1-b-b-ns_7	33155	90000	0.9599
0.4827	p_ball_30b_5p_2d_h	1543	5224	0.9961
0.4759	wastewater13m1	481	3252	0.9989
0.4751	blend146	1422	4460	0.8232
0.4716	blend718	1386	4310	0.8737
0.4586	tls6	413	2860	0.9474
0.4574	transswitch2736spr	69651	331010	0.9179
0.4569	blend721	1428	4548	0.8528
0.4526	chain400	1201	4796	1.0000
0.4449	p_ball_10b_7p_3d_h	1236	4186	0.9739
0.4441	edgecross14-156	3097	19664	0.9254
0.4425	chain200	601	2396	1.0000
0.4370	pooling_sppa9pq	5030	120730	0.6312
0.4349	edgecross10-040	1053	5116	0.8867
0.4303	sonetgr17	440	2958	0.8190
0.4252	rsyn0840m	1159	3168	0.9404
0.4250	squfl015-080persp	7295	21600	1.0000
0.4195	pooling_sppc1pq	14100	477680	0.1683
0.4148	unitcommit_200_100_1_mod_8	146830	476332	0.9764
0.4142	edgecross10-080	1053	5940	0.9638
0.4137	slay05h	760	2080	0.8961
0.4137	waterund14	333	2204	0.3600
0.4125	emfl050_5_5	13175	32300	1.0000
0.4109	edgecross10-090	1053	5204	0.8181
0.4034	sporttournament18	156	886	0.7746
0.4019	space25	1178	4334	0.9559
0.3981	o9_ar4_1	1049	4336	0.9177
0.3976	fo9_ar25_1	1049	4336	0.9177
0.3953	knp5-44	2157	32604	1.0000
0.3944	syn40hfsg	1022	2624	0.9671
0.3902	korcns	156	712	0.9113
0.3835	emfl100_3_3	6885	15948	1.0000
0.3829	primary	378	5610	0.8688
0.3819	syn40m	560	1528	0.9644
0.3818	knp5-43	2065	31132	1.0000
0.3795	slay08m	660	2016	1.0000
0.3766	syn10m04m	1224	3384	0.9972
0.3698	ex1265a	123	560	0.9498
0.3669	graphpart_clique-30	120	2790	0.7961
0.3665	hydroenergy1	1046	3024	1.0000
0.3653	powerflow0014r	403	1630	0.9628
0.3653	wastepaper6	191	1416	1.0000
0.3638	clay0204hfsg	590	1696	0.9116
0.3614	wastepaper4	115	724	0.7397
0.3607	ex8_3_9	123	834	0.7643
0.3585	waterund01	96	404	0.7297
0.3563	syn10m03hfsg	1071	2772	0.9921
0.3541	waterund11	160	828	0.7224
0.3493	p_ball_10b_5p_2d_m	293	964	0.9848
0.3465	sssd20-08persp	356	1232	1.0000
0.3455	kissing2	20772	401024	1.0000
0.3435	p_ball_10b_5p_4d_m	403	1484	0.9784
0.3407	sssd18-08persp	338	1168	1.0000
0.3396	wastewater05m1	98	536	0.6845
0.3373	st_e31	301	744	0.9389
0.3368	lop97icx	1073	2118	0.8078
0.3334	graphpart_clique-20	80	1260	0.7985
0.3326	demo7	155	618	0.9573
0.3323	squfl025-025persp	3800	11250	1.0000
0.3301	slay07m	497	1512	1.0000
0.3291	graphpart_3g-0244-0244	128	672	0.9727
0.3290	genpooling_lee2	221	1048	0.7051
0.3280	qspp_0_14_0_1_10_1	560	120274	0.9950
0.3210	st_rv9	90	840	0.9447
0.3197	pooling_adhya4pq	170	932	0.6809
0.3158	sssd25-08	401	1200	1.0000
0.3148	pooling_rt2tp	118	654	0.9864
0.3147	graphpart_clique-70	280	14910	0.8103
0.3078	waterund08	230	1290	0.8534
0.3032	orth_d4m6_pl	172	1096	0.9785
0.3015	clay0203m	132	420	1.0000
0.3000	slay06m	357	1080	1.0000
0.2979	graphpart_3g-0333-0333	108	648	0.8064
0.2977	clay0204m	222	704	1.0000
0.2972	clay0304m	258	840	1.0000
0.2957	pooling_adhya4tp	170	936	0.7667
0.2912	slay05m	240	720	1.0000
0.2903	cont6-qq	120395	557994	0.6962
0.2876	syn15hfsg	399	1022	0.9915
0.2873	prolog	64	292	0.9839
0.2868	st_m2	72	1226	1.0000
0.2861	st_test8	64	232	0.8382
0.2847	tspn08	72	668	0.6863
0.2803	ex1263a	94	390	1.0000
0.2767	csched1	110	376	1.0000
0.2741	qspp_0_13_0_1_10_1	481	88522	0.9948
0.2730	elf	124	376	0.7951
0.2721	meanvar-orl400_05_e_7	5205	174804	0.9998
0.2698	meanvar-orl400_05_e_8	4405	171604	1.0000
0.2693	wastewater02m1	36	138	0.9316
0.2596	st_rv2	40	340	1.0000
0.2544	sporttournament08	31	156	1.0000
0.2542	maxcsp-ehi-85-297-71	2372	207996	0.8040
0.2528	ex8_4_1	32	100	1.0000
0.2506	ex7_2_1	35	134	0.9688
0.2504	maxmin	181	1440	1.0000
0.2454	slay04m	146	432	1.0000
0.2445	pooling_haverly1pq	31	96	0.9782
0.2444	st_bpaf1a	30	120	0.9310
0.2431	qspp_0_10_0_1_10_1	280	29636	0.9946
0.2413	qspp_0_11_0_1_10_1	341	44264	0.9911
0.2406	st_jcbpaf2	36	246	0.9437
0.2374	pooling_haverly1tp	31	96	0.9527
0.2373	hybriddynamic_fixed	168	388	1.0000
0.2332	pointpack04	29	120	1.0000
0.2331	st_e07	19	60	1.0000
0.2286	nvs05	22	84	0.9603
0.2230	st_m1	42	432	1.0000
0.2208	ex5_2_4	18	62	0.9461
0.2203	prob02	22	76	0.8689
0.2201	qap	255	43748	0.9599
0.2199	sssd15-04	163	440	1.0000
0.2190	kall_diffcircles_6	76	302	1.0000
0.2158	watercontamination0303r	1310	37028	1.0000
0.2142	pointpack06	55	276	1.0000
0.2065	sep1	69	206	0.9544
0.2046	st_ph1	16	58	0.8504
0.1961	ex1223	33	82	1.0000
0.1896	st_qpk3	55	548	0.6881
0.1882	tln2	32	88	1.0000
0.1857	ex1223b	25	66	1.0000
0.1841	ex2_1_3	31	72	1.0000
0.1816	ex6_1_4	10	48	0.7766
0.1801	ex8_1_7	14	46	0.9343
0.1785	st_bsj2	13	40	0.7972
0.1784	ex9_2_6	28	68	1.0000
0.1782	ex1225	26	66	0.9415
0.1780	himmel11	14	60	1.0000
0.1774	ex9_1_2	19	54	0.9521
0.1757	nvs02	11	46	1.0000
0.1597	st_glmp_ss1	24	66	1.0000
0.1594	st_glmp_ss2	18	48	1.0000
0.1576	ex3_1_3	18	36	0.9222
0.1574	oaer	20	40	1.0000
0.1545	st_bpk1	16	44	0.9391
0.1526	st_ph13	23	68	0.8599
0.1367	ex9_2_4	15	36	1.0000
0.1315	st_pan1	11	32	0.7642
0.1261	ex14_1_8	11	30	1.0000
0.1202	st_ht	8	18	0.8627
0.1191	st_e22	12	30	0.9091
0.0002	polygon75	5846	49652	1.0000
0.0001	pedigree_sim400	351	23546	0.9997
0.0000	camshape400	2000	7188	1.0000
0.0000	autocorr_bern40-30	43	1534	1.0000
0.0000	autocorr_bern35-35fix	38	1264	1.0000
0.0000	smallinvDAXr1b010-011	39	1120	0.9859
0.0000	autocorr_bern30-23	33	878	1.0000
0.0000	nvs23	27	252	0.6356
0.0000	autocorr_bern25-19	28	612	1.0000
0.0000	cvxnonsep_psig30	30	870	1.0000
0.0000	autocorr_bern20-15	23	394	1.0000
0.0000	st_qpc-m3a	30	304	0.6755
0.0000	cvxnonsep_psig20	20	380	1.0000
0.0000	nvs19	24	200	0.6534
0.0000	st_iqpbk1	22	98	1.0000
0.0000	cvxnonsep_normcon40r	162	322	1.0000
0.0000	st_e25	20	92	0.7798
0.0000	cvxnonsep_psig30r	126	250	1.0000
0.0000	cvxnonsep_normcon20r	82	162	1.0000
0.0000	st_e24	10	26	0.8906
0.0000	st_e41	8	32	1.0000
0.0000	st_miqp2	10	18	1.0000
0.0000	cvxnonsep_psig20r	86	170	1.0000
matrices under 0.010s: 23/300
matrices under 0.050s: 23/300
matrices under 0.100s: 23/300
matrices under 0.200s: 47/300
matrices under 0.400s: 138/300

--- per-bucket ---
lt_1k    count=147   geomean=0.8873
1k_10k   count=108   geomean=0.8373
gt_10k   count=45    geomean=0.6823
SCORE = 0.790308
WORST order() = 1.486 s
FORCEAUDIT	stage1b_sites=39	force_fires=0	unsound=0	core_total_mismatch=0	max_drift_ppm=0	worst_incumbent=0	worst_adopted=0	tie_window_opened=16	tie_pass_run=2
ok

test result: ok. 1 passed; 0 failed; 0 ignored; 0 measured; 180 filtered out; finished in 149.83s

