probe binary: /home/frosty/angelX/.tmp/live-performance-20260911/matrices-deepseek/target/probe/release/deps/ssi_candidate_worker-9bc17c144118ca64

running 1 test
test ordering::probe::probe_timing_and_score ... XCHTIME	0	0	0	0	0	0	0	0	0	0	0	0
XCHTIME	357	2	4	150124	5785	2527	1315	224	140273	127431881051200	127431881054080	1080
XCHTIME	0	0	0	0	0	0	0	0	0	0	0	0
XCHTIME	357	2	6	496769	2162	2063	1253	268	491023	127431881051200	127431881054080	1080
XCHTIME	0	0	0	0	0	0	0	0	0	0	0	0
XCHTIME	357	2	5	208534	1801	2256	1228	206	203043	127431881051200	127431881054080	1080
XCHTIME	0	0	0	0	0	0	0	0	0	0	0	0
XCHTIME	357	4	18	667912	1786	1998	2423	832	660873	127431881051200	127431881054080	1080
LADGATE	357	10000	0.212	1
XCHTIME	0	0	0	0	0	0	0	0	0	0	0	0
XCHTIME	357	5	26	1138524	2149	2605	2917	1153	1129700	127431881051200	127431881054080	1080
XCHTIME	0	0	0	0	0	0	0	0	0	0	0	0
XCHTIME	357	2	19	7173859	1917	2303	1048	972	7167619	127431881051200	127431881054080	1080
XCHTIME	0	0	0	0	0	0	0	0	0	0	0	0
XCHTIME	357	4	15	337684	1932	2254	2710	709	330079	127431881051200	127431881054080	1080
XCHTIME	0	0	0	0	0	0	0	0	0	0	0	0
XCHTIME	357	4	10	255805	1814	2100	2521	372	248998	127431881051200	127431881054080	1080
XCHTIME	0	0	0	0	0	0	0	0	0	0	0	0
XCHTIME	357	4	18	671652	1868	2076	2238	769	664701	127431881051200	127431881054080	1080
XCHTIME	0	0	0	0	0	0	0	0	0	0	0	0
XCHTIME	357	4	11	194125	1825	2061	2269	434	187536	127431881051200	127431881054080	1080
XCHTIME	0	0	0	0	0	0	0	0	0	0	0	0
XCHTIME	357	4	14	402617	1827	2006	2467	568	395749	127431881051200	127431881054080	1080
XCHTIME	0	0	0	0	0	0	0	0	0	0	0	0
XCHTIME	357	4	13	642527	1894	2083	2247	530	635773	127431881051200	127431881054080	1080
XCHTIME	0	0	0	0	0	0	0	0	0	0	0	0
XCHTIME	357	4	16	2145624	1705	2006	3298	882	2137733	127431881051200	127431881054080	1080
XCHTIME	0	0	0	0	0	0	0	0	0	0	0	0
XCHTIME	357	4	6	153672	2120	2623	2164	256	146509	127431881051200	127431881054080	1080
LIFT	slay06m	357	147	660	147
COUNTS	slay06m	357	1080	4025	4025
XCHTIME	0	0	0	0	0	0	0	0	0	0	0	0
XCHTIME	401	2	4	307664	6509	3140	1805	186	296024	127431881071200	127431881074432	1200
XCHTIME	0	0	0	0	0	0	0	0	0	0	0	0
XCHTIME	401	2	6	2505227	2385	2742	1871	290	2497939	127431881071200	127431881074432	1200
XCHTIME	0	0	0	0	0	0	0	0	0	0	0	0
XCHTIME	401	2	5	832728	2751	3699	1749	248	824281	127431881071200	127431881074432	1200
XCHTIME	0	0	0	0	0	0	0	0	0	0	0	0
XCHTIME	401	4	18	5017823	2367	2976	4292	945	5007243	127431881071200	127431881074432	1200
LADGATE	401	10000	0.239	1
XCHTIME	0	0	0	0	0	0	0	0	0	0	0	0
XCHTIME	401	5	26	6204225	2849	3269	3479	1071	6193557	127431881071200	127431881074432	1200
XCHTIME	0	0	0	0	0	0	0	0	0	0	0	0
XCHTIME	401	4	66	1671825	2220	3401	3571	2269	1660364	127431881071200	127431881074432	1200
XCHTIME	0	0	0	0	0	0	0	0	0	0	0	0
XCHTIME	401	4	15	907292	2784	3124	3201	627	897556	127431881071200	127431881074432	1200
XCHTIME	0	0	0	0	0	0	0	0	0	0	0	0
XCHTIME	401	4	10	548458	2640	2792	3108	372	539546	127431881071200	127431881074432	1200
XCHTIME	0	0	0	0	0	0	0	0	0	0	0	0
XCHTIME	401	4	18	4930640	2395	2672	3366	986	4921221	127431881071200	127431881074432	1200
XCHTIME	0	0	0	0	0	0	0	0	0	0	0	0
XCHTIME	401	4	11	292282	2643	2966	3006	425	283242	127431881071200	127431881074432	1200
XCHTIME	0	0	0	0	0	0	0	0	0	0	0	0
XCHTIME	401	4	14	1547101	2291	2845	3193	621	1538151	127431881071200	127431881074432	1200
XCHTIME	0	0	0	0	0	0	0	0	0	0	0	0
XCHTIME	401	4	13	3263491	2440	2782	3598	541	3254130	127431881071200	127431881074432	1200
XCHTIME	0	0	0	0	0	0	0	0	0	0	0	0
XCHTIME	401	4	16	15093685	2499	3058	4878	950	15082300	127431881071200	127431881074432	1200
XCHTIME	0	0	0	0	0	0	0	0	0	0	0	0
XCHTIME	401	4	6	208337	3403	4207	2990	280	197457	127431881071200	127431881074432	1200
LIFT	sssd25-08	401	89	640	89
COUNTS	sssd25-08	401	1200	5389	5389
XCHTIME	0	0	0	0	0	0	0	0	0	0	0	0
XCHTIME	4772	1	0	2712098	185530	390169	194593	0	1941806	127431881493024	127431967232016	13836
XCHTIME	0	0	0	0	0	0	0	0	0	0	0	0
XCHTIME	4772	1	0	4195750	185947	373133	199608	0	3437062	127431881493024	127431967232016	13836
XCHTIME	0	0	0	0	0	0	0	0	0	0	0	0
XCHTIME	4772	1	0	3272548	179281	384707	179939	0	2528621	127431881493024	127431967232016	13836
XCHTIME	0	0	0	0	0	0	0	0	0	0	0	0
XCHTIME	4772	1	0	11032761	188644	384628	194804	0	10264685	127431881493024	127431967232016	13836
LADGATE	4772	10000	0.610	1
XCHTIME	0	0	0	0	0	0	0	0	0	0	0	0
XCHTIME	4772	5	26	72610001	200852	380741	979918	9389	71039101	127431881493024	127431967232016	13836
XCHTIME	0	0	0	0	0	0	0	0	0	0	0	0
XCHTIME	4772	4	66	6199014	188577	381668	737783	15169	4875817	127431881493024	127431967232016	13836
XCHTIME	0	0	0	0	0	0	0	0	0	0	0	0
XCHTIME	4772	4	15	6662618	178411	398114	714917	4056	5367120	127431881493024	127431967232016	13836
XCHTIME	0	0	0	0	0	0	0	0	0	0	0	0
XCHTIME	4772	4	10	6687180	181247	375271	746064	3250	5381348	127431881493024	127431967232016	13836
XCHTIME	0	0	0	0	0	0	0	0	0	0	0	0
XCHTIME	4772	3	15	12499644	180643	369620	570571	3904	11374906	127431881493024	127431967232016	13836
XCHTIME	0	0	0	0	0	0	0	0	0	0	0	0
XCHTIME	4772	4	11	5809904	183210	363573	671730	2812	4588579	127431881493024	127431967232016	13836
XCHTIME	0	0	0	0	0	0	0	0	0	0	0	0
XCHTIME	4772	4	14	9113398	156499	348032	699204	4314	7905349	127431881493024	127431967232016	13836
XCHTIME	0	0	0	0	0	0	0	0	0	0	0	0
XCHTIME	4772	4	13	12325522	202342	401742	747658	3411	10970369	127431881493024	127431967232016	13836
XCHTIME	0	0	0	0	0	0	0	0	0	0	0	0
XCHTIME	4772	1	0	10886651	182695	374817	190554	0	10138585	127431881493024	127431967232016	13836
XCHTIME	0	0	0	0	0	0	0	0	0	0	0	0
XCHTIME	4772	4	6	5512272	186602	387705	702132	2037	4233796	127431881493024	127431967232016	13836
LIFT	rsyn0810m04m	4772	2520	9996	2520
COUNTS	rsyn0810m04m	4772	13836	147553	113207
LIFT	pooling_sppc3pq	23173	12327	872032	12327
COUNTS	pooling_sppc3pq	23173	893724	1153877333	325595394
XCHTIME	0	0	0	0	0	0	0	0	0	0	0	0
XCHTIME	1131	2	4	2655865	10847	13477	8001	524	2623016	127431887761680	127431887389344	6676
XCHTIME	0	0	0	0	0	0	0	0	0	0	0	0
XCHTIME	1131	1	0	9276486	11303	13932	3491	0	9247760	127431887761680	127431887389344	6676
XCHTIME	0	0	0	0	0	0	0	0	0	0	0	0
XCHTIME	1131	2	5	6646916	15236	14803	8481	742	6607654	127431887761680	127431887389344	6676
XCHTIME	0	0	0	0	0	0	0	0	0	0	0	0
XCHTIME	1131	2	5	18329015	12066	14401	9909	767	18291872	127431887761680	127431887389344	6676
LADGATE	1131	10000	0.552	1
XCHTIME	0	0	0	0	0	0	0	0	0	0	0	0
XCHTIME	1131	4	10	5251868	12750	14852	17167	1421	5205678	127431887761680	127431887389344	6676
XCHTIME	0	0	0	0	0	0	0	0	0	0	0	0
XCHTIME	1131	4	66	6100198	12367	14034	18418	10551	6044828	127431887761680	127431887389344	6676
XCHTIME	0	0	0	0	0	0	0	0	0	0	0	0
XCHTIME	1131	4	15	7820518	11592	14180	22787	2309	7769650	127431887761680	127431887389344	6676
XCHTIME	0	0	0	0	0	0	0	0	0	0	0	0
XCHTIME	1131	4	10	5274960	11484	14669	17359	1302	5230146	127431887761680	127431887389344	6676
XCHTIME	0	0	0	0	0	0	0	0	0	0	0	0
XCHTIME	1131	2	5	18311890	11893	14118	10081	893	18274905	127431887761680	127431887389344	6676
XCHTIME	0	0	0	0	0	0	0	0	0	0	0	0
XCHTIME	1131	4	11	3459452	12466	14879	17937	1466	3412704	127431887761680	127431887389344	6676
XCHTIME	0	0	0	0	0	0	0	0	0	0	0	0
XCHTIME	1131	4	14	17899158	12097	14199	22631	1890	17848341	127431887761680	127431887389344	6676
XCHTIME	0	0	0	0	0	0	0	0	0	0	0	0
XCHTIME	1131	3	12	18596558	12879	15069	16027	1656	18550927	127431887761680	127431887389344	6676
XCHTIME	0	0	0	0	0	0	0	0	0	0	0	0
XCHTIME	1131	1	0	18593686	12413	15680	3802	0	18561791	127431887761680	127431887389344	6676
XCHTIME	0	0	0	0	0	0	0	0	0	0	0	0
XCHTIME	1131	4	6	2549770	17168	17891	16727	677	2497307	127431887761680	127431887389344	6676
LIFT	sporttournament48	1131	721	7408	721
COUNTS	sporttournament48	1131	6676	919582	592120
XCHTIME	0	0	0	0	0	0	0	0	0	0	0	0
XCHTIME	5030	1	0	1960580	369531	434342	207151	0	949556	127431891968736	127431887844320	120730
XCHTIME	0	0	0	0	0	0	0	0	0	0	0	0
XCHTIME	5030	1	0	3366992	343994	422787	199857	0	2400354	127431891968736	127431887844320	120730
XCHTIME	0	0	0	0	0	0	0	0	0	0	0	0
XCHTIME	5030	1	0	2590165	412594	429514	201993	0	1546064	127431891968736	127431887844320	120730
XCHTIME	0	0	0	0	0	0	0	0	0	0	0	0
XCHTIME	5030	1	0	8172389	446818	430821	207322	0	7087428	127431891968736	127431887844320	120730
LADGATE	5030	10000	0.394	1
LIFT	pooling_sppa9pq	5030	2509	126346	2509
COUNTS	pooling_sppa9pq	5030	120730	23971280	15130622
XCHTIME	0	0	0	0	0	0	0	0	0	0	0	0
XCHTIME	1053	2	4	446276	9674	11780	7698	197	416927	127431881458064	127431887655584	5204
XCHTIME	0	0	0	0	0	0	0	0	0	0	0	0
XCHTIME	1053	2	6	4792783	9212	12439	8998	351	4761783	127431881458064	127431887655584	5204
XCHTIME	0	0	0	0	0	0	0	0	0	0	0	0
XCHTIME	1053	2	5	1490769	9796	16661	6173	223	1457916	127431881458064	127431887655584	5204
XCHTIME	0	0	0	0	0	0	0	0	0	0	0	0
XCHTIME	1053	4	18	9089024	8778	11762	15546	760	9052178	127431881458064	127431887655584	5204
LADGATE	1053	10000	0.319	1
XCHTIME	0	0	0	0	0	0	0	0	0	0	0	0
XCHTIME	1053	5	26	11745648	9028	12231	17597	1181	11705611	127431881458064	127431887655584	5204
XCHTIME	0	0	0	0	0	0	0	0	0	0	0	0
XCHTIME	1053	4	66	436367	10297	13280	12231	2122	398437	127431881458064	127431887655584	5204
XCHTIME	0	0	0	0	0	0	0	0	0	0	0	0
XCHTIME	1053	4	15	1481785	11719	11523	12391	582	1445570	127431881458064	127431887655584	5204
XCHTIME	0	0	0	0	0	0	0	0	0	0	0	0
XCHTIME	1053	4	10	762884	11561	12022	12348	439	726514	127431881458064	127431887655584	5204
XCHTIME	0	0	0	0	0	0	0	0	0	0	0	0
XCHTIME	1053	4	18	9131221	11047	11626	14466	791	9093291	127431881458064	127431887655584	5204
XCHTIME	0	0	0	0	0	0	0	0	0	0	0	0
XCHTIME	1053	4	11	517026	9860	12798	12040	496	481832	127431881458064	127431887655584	5204
XCHTIME	0	0	0	0	0	0	0	0	0	0	0	0
XCHTIME	1053	4	14	2863531	9091	11558	12704	632	2829546	127431881458064	127431887655584	5204
XCHTIME	0	0	0	0	0	0	0	0	0	0	0	0
XCHTIME	1053	4	13	5300901	9462	12721	14975	629	5263114	127431881458064	127431887655584	5204
XCHTIME	0	0	0	0	0	0	0	0	0	0	0	0
XCHTIME	1053	3	15	17946750	12357	13871	25011	916	17894595	127431881458064	127431887655584	5204
XCHTIME	0	0	0	0	0	0	0	0	0	0	0	0
XCHTIME	1053	4	6	384202	9846	13944	12291	253	347868	127431881458064	127431887655584	5204
LIFT	edgecross10-090	1053	571	4240	571
COUNTS	edgecross10-090	1053	5204	126115	103179
LIFT	maxcsp-ehi-85-297-71	2372	2075	216272	2075
COUNTS	maxcsp-ehi-85-297-71	2372	207996	1381768944	1110971341
XCHTIME	0	0	0	0	0	0	0	0	0	0	0	0
XCHTIME	30	2	4	46554	559	509	206	130	45150	127431887349040	127431881034688	120
XCHTIME	0	0	0	0	0	0	0	0	0	0	0	0
XCHTIME	30	2	6	473648	497	392	159	119	472481	127431887349040	127431881034688	120
XCHTIME	0	0	0	0	0	0	0	0	0	0	0	0
XCHTIME	30	2	5	200349	639	462	232	117	198899	127431887349040	127431881034688	120
XCHTIME	0	0	0	0	0	0	0	0	0	0	0	0
XCHTIME	30	4	18	836718	453	327	273	358	835307	127431887349040	127431881034688	120
LADGATE	30	10000	0.167	1
XCHTIME	0	0	0	0	0	0	0	0	0	0	0	0
XCHTIME	30	5	26	944972	895	721	374	787	942195	127431887349040	127431881034688	120
XCHTIME	0	0	0	0	0	0	0	0	0	0	0	0
XCHTIME	30	4	58	182887	524	387	224	1810	179942	127431887349040	127431881034688	120
XCHTIME	0	0	0	0	0	0	0	0	0	0	0	0
XCHTIME	30	4	15	185308	489	354	222	294	183949	127431887349040	127431881034688	120
XCHTIME	0	0	0	0	0	0	0	0	0	0	0	0
XCHTIME	30	4	10	92699	500	375	234	201	91389	127431887349040	127431881034688	120
XCHTIME	0	0	0	0	0	0	0	0	0	0	0	0
XCHTIME	30	4	18	804170	494	353	225	379	802719	127431887349040	127431881034688	120
XCHTIME	0	0	0	0	0	0	0	0	0	0	0	0
XCHTIME	30	4	11	60698	604	351	212	221	59310	127431887349040	127431881034688	120
XCHTIME	0	0	0	0	0	0	0	0	0	0	0	0
XCHTIME	30	4	14	271191	462	329	269	281	269850	127431887349040	127431881034688	120
XCHTIME	0	0	0	0	0	0	0	0	0	0	0	0
XCHTIME	30	4	13	399106	476	328	212	273	397817	127431887349040	127431881034688	120
XCHTIME	0	0	0	0	0	0	0	0	0	0	0	0
XCHTIME	30	4	16	3306487	512	356	259	350	3305010	127431887349040	127431881034688	120
XCHTIME	0	0	0	0	0	0	0	0	0	0	0	0
XCHTIME	30	4	6	29984	566	536	233	126	28523	127431887349040	127431881034688	120
COUNTS	st_bpaf1a	30	120	623	580
XCHTIME	0	0	0	0	0	0	0	0	0	0	0	0
XCHTIME	1462	2	4	1735207	12575	21494	11243	253	1689642	127431890167504	127431887471280	5396
XCHTIME	0	0	0	0	0	0	0	0	0	0	0	0
XCHTIME	1462	1	0	6322032	14260	21496	5411	0	6280865	127431890167504	127431887471280	5396
XCHTIME	0	0	0	0	0	0	0	0	0	0	0	0
XCHTIME	1462	2	5	4703548	16517	25398	17330	413	4643890	127431890167504	127431887471280	5396
XCHTIME	0	0	0	0	0	0	0	0	0	0	0	0
XCHTIME	1462	3	15	13541798	18369	27489	30710	1330	13463900	127431890167504	127431887471280	5396
LADGATE	1462	10000	0.470	1
XCHTIME	0	0	0	0	0	0	0	0	0	0	0	0
XCHTIME	1462	5	26	33859074	14735	22739	53543	2200	33765857	127431890167504	127431887471280	5396
XCHTIME	0	0	0	0	0	0	0	0	0	0	0	0
XCHTIME	1462	4	66	6367329	16578	25382	44466	3996	6276907	127431890167504	127431887471280	5396
XCHTIME	0	0	0	0	0	0	0	0	0	0	0	0
XCHTIME	1462	4	15	5484649	14199	29682	43419	1476	5395873	127431890167504	127431887471280	5396
XCHTIME	0	0	0	0	0	0	0	0	0	0	0	0
XCHTIME	1462	4	10	3480523	15961	26501	34427	900	3402734	127431890167504	127431887471280	5396
XCHTIME	0	0	0	0	0	0	0	0	0	0	0	0
XCHTIME	1462	3	15	13758362	16744	24330	37246	1287	13678755	127431890167504	127431887471280	5396
XCHTIME	0	0	0	0	0	0	0	0	0	0	0	0
XCHTIME	1462	4	11	2313550	13682	26556	33435	987	2238890	127431890167504	127431887471280	5396
XCHTIME	0	0	0	0	0	0	0	0	0	0	0	0
XCHTIME	1462	4	14	8745073	16281	24788	43274	1296	8659434	127431890167504	127431887471280	5396
XCHTIME	0	0	0	0	0	0	0	0	0	0	0	0
XCHTIME	1462	4	13	14108899	16728	24923	47244	1183	14018821	127431890167504	127431887471280	5396
XCHTIME	0	0	0	0	0	0	0	0	0	0	0	0
XCHTIME	1462	1	0	13033057	17145	26501	8444	0	12980967	127431890167504	127431887471280	5396
XCHTIME	0	0	0	0	0	0	0	0	0	0	0	0
XCHTIME	1462	4	6	1649021	21885	30779	33423	535	1562399	127431890167504	127431887471280	5396
LIFT	risk2bpb	1462	628	4030	628
COUNTS	risk2bpb	1462	5396	118471	66041
XCHTIME	0	0	0	0	0	0	0	0	0	0	0	0
XCHTIME	255	2	4	636710	56831	2564	861	549	575905	127431887317280	127431889220592	43748
XCHTIME	0	0	0	0	0	0	0	0	0	0	0	0
XCHTIME	255	2	6	11236258	51884	1434	847	701	11181392	127431887317280	127431889220592	43748
XCHTIME	0	0	0	0	0	0	0	0	0	0	0	0
XCHTIME	255	2	5	3263291	57309	1334	721	554	3203373	127431887317280	127431889220592	43748
XCHTIME	0	0	0	0	0	0	0	0	0	0	0	0
XCHTIME	255	4	18	22749992	57899	1803	1886	2114	22686290	127431887317280	127431889220592	43748
LADGATE	255	10000	0.133	1
XCHTIME	0	0	0	0	0	0	0	0	0	0	0	0
XCHTIME	255	4	10	1140144	56126	1918	1278	1153	1079669	127431887317280	127431889220592	43748
XCHTIME	0	0	0	0	0	0	0	0	0	0	0	0
XCHTIME	255	4	66	382692	53095	1957	1233	17790	308617	127431887317280	127431889220592	43748
XCHTIME	0	0	0	0	0	0	0	0	0	0	0	0
XCHTIME	255	4	15	2383849	52871	1341	1460	1811	2326366	127431887317280	127431889220592	43748
XCHTIME	0	0	0	0	0	0	0	0	0	0	0	0
XCHTIME	255	4	10	1130249	52256	1326	1400	1139	1074128	127431887317280	127431889220592	43748
XCHTIME	0	0	0	0	0	0	0	0	0	0	0	0
XCHTIME	255	4	18	22405748	52724	1226	1952	2255	22347591	127431887317280	127431889220592	43748
XCHTIME	0	0	0	0	0	0	0	0	0	0	0	0
XCHTIME	255	4	11	778474	53095	1618	1166	1275	721320	127431887317280	127431889220592	43748
XCHTIME	0	0	0	0	0	0	0	0	0	0	0	0
XCHTIME	255	4	14	6406681	51461	1226	1549	1546	6350899	127431887317280	127431889220592	43748
XCHTIME	0	0	0	0	0	0	0	0	0	0	0	0
XCHTIME	255	4	13	13164338	52594	1392	1532	1586	13107234	127431887317280	127431889220592	43748
XCHTIME	0	0	0	0	0	0	0	0	0	0	0	0
XCHTIME	255	1	0	22533102	52024	1491	425	0	22479162	127431887317280	127431889220592	43748
XCHTIME	0	0	0	0	0	0	0	0	0	0	0	0
XCHTIME	255	4	6	595694	53297	1793	1246	763	538595	127431887317280	127431889220592	43748
LIFT	qap	255	225	49148	225
COUNTS	qap	255	43748	3802533	3650113
XCHTIME	0	0	0	0	0	0	0	0	0	0	0	0
XCHTIME	7252	1	0	3298153	478635	956806	471242	0	1391470	127431881093280	127431881151312	20752
XCHTIME	0	0	0	0	0	0	0	0	0	0	0	0
XCHTIME	7252	1	0	3887758	429435	967948	462652	0	2027723	127431881093280	127431881151312	20752
XCHTIME	0	0	0	0	0	0	0	0	0	0	0	0
XCHTIME	7252	1	0	3845017	488105	975131	484692	0	1897089	127431881093280	127431881151312	20752
XCHTIME	0	0	0	0	0	0	0	0	0	0	0	0
XCHTIME	7252	1	0	11783536	474452	961599	487589	0	9859896	127431881093280	127431881151312	20752
LADGATE	7252	10000	0.553	1
XCHTIME	0	0	0	0	0	0	0	0	0	0	0	0
XCHTIME	7252	5	26	120884239	442739	972440	2436684	14471	117017905	127431881093280	127431881151312	20752
XCHTIME	0	0	0	0	0	0	0	0	0	0	0	0
XCHTIME	7252	1	0	6561850	481826	1189949	630498	0	4259577	127431881093280	127431881151312	20752
XCHTIME	0	0	0	0	0	0	0	0	0	0	0	0
XCHTIME	7252	1	0	8181621	568889	1238689	635117	0	5738926	127431881093280	127431881151312	20752
XCHTIME	0	0	0	0	0	0	0	0	0	0	0	0
XCHTIME	7252	3	9	13462189	477615	1028608	1699247	4483	10252236	127431881093280	127431881151312	20752
XCHTIME	0	0	0	0	0	0	0	0	0	0	0	0
XCHTIME	7252	1	0	12375089	581158	1200926	630385	0	9962620	127431881093280	127431881151312	20752
XCHTIME	0	0	0	0	0	0	0	0	0	0	0	0
XCHTIME	7252	3	9	15768304	606281	1355281	2364460	5940	11436342	127431881093280	127431881151312	20752
XCHTIME	0	0	0	0	0	0	0	0	0	0	0	0
XCHTIME	7252	2	4	16699610	509396	1493161	1784040	3217	12909796	127431881093280	127431881151312	20752
XCHTIME	0	0	0	0	0	0	0	0	0	0	0	0
XCHTIME	7252	1	0	17732419	532644	1477253	873240	0	14849282	127431881093280	127431881151312	20752
XCHTIME	0	0	0	0	0	0	0	0	0	0	0	0
XCHTIME	7252	1	0	15527182	768232	1711648	848468	0	12198834	127431881093280	127431881151312	20752
XCHTIME	0	0	0	0	0	0	0	0	0	0	0	0
XCHTIME	7252	3	3	20404776	701567	1443090	2601525	2222	15656372	127431881093280	127431881151312	20752
LIFT	rsyn0830m04m	7252	3744	14872	3744
COUNTS	rsyn0830m04m	7252	20752	212130	171516
XCHTIME	0	0	0	0	0	0	0	0	0	0	0	0
XCHTIME	1073	2	4	594036	6059	13078	7225	186	567488	127431881442192	127431881413472	2118
XCHTIME	0	0	0	0	0	0	0	0	0	0	0	0
XCHTIME	1073	2	6	6528802	6965	13319	11235	325	6496958	127431881442192	127431881413472	2118
XCHTIME	0	0	0	0	0	0	0	0	0	0	0	0
XCHTIME	1073	2	5	1886203	9149	14492	7377	283	1854902	127431881442192	127431881413472	2118
XCHTIME	0	0	0	0	0	0	0	0	0	0	0	0
XCHTIME	1073	4	18	12468700	6584	13231	23475	814	12424596	127431881442192	127431881413472	2118
LADGATE	1073	10000	0.270	1
XCHTIME	0	0	0	0	0	0	0	0	0	0	0	0
XCHTIME	1073	5	26	15136654	6122	12706	20725	1117	15095984	127431881442192	127431881413472	2118
XCHTIME	0	0	0	0	0	0	0	0	0	0	0	0
XCHTIME	1073	4	66	7318400	8461	14320	31178	2228	7262213	127431881442192	127431881413472	2118
XCHTIME	0	0	0	0	0	0	0	0	0	0	0	0
XCHTIME	1073	4	15	2135175	9273	16189	15559	721	2093433	127431881442192	127431881413472	2118
XCHTIME	0	0	0	0	0	0	0	0	0	0	0	0
XCHTIME	1073	4	10	1132957	6510	14449	19150	449	1092399	127431881442192	127431881413472	2118
XCHTIME	0	0	0	0	0	0	0	0	0	0	0	0
XCHTIME	1073	4	18	12498760	6239	12370	23298	1023	12455830	127431881442192	127431881413472	2118
XCHTIME	0	0	0	0	0	0	0	0	0	0	0	0
XCHTIME	1073	4	11	734568	7490	13895	14686	649	697848	127431881442192	127431881413472	2118
XCHTIME	0	0	0	0	0	0	0	0	0	0	0	0
XCHTIME	1073	4	14	3688020	6270	12366	16974	846	3651564	127431881442192	127431881413472	2118
XCHTIME	0	0	0	0	0	0	0	0	0	0	0	0
XCHTIME	1073	4	13	6495994	7622	14307	25592	822	6447651	127431881442192	127431881413472	2118
XCHTIME	0	0	0	0	0	0	0	0	0	0	0	0
XCHTIME	1073	2	5	16530530	6141	12806	14253	310	16497020	127431881442192	127431881413472	2118
XCHTIME	0	0	0	0	0	0	0	0	0	0	0	0
XCHTIME	1073	4	6	543752	9861	17483	13945	392	502071	127431881442192	127431881413472	2118
LIFT	lop97icx	1073	155	1760	155
COUNTS	lop97icx	1073	2118	79286	64044
XCHTIME	0	0	0	0	0	0	0	0	0	0	0	0
XCHTIME	1201	2	4	2506160	8750	16716	8526	321	2471847	127431881469392	127431887536832	4796
XCHTIME	0	0	0	0	0	0	0	0	0	0	0	0
XCHTIME	1201	1	0	6477242	8435	16679	4265	0	6447863	127431881469392	127431887536832	4796
XCHTIME	0	0	0	0	0	0	0	0	0	0	0	0
XCHTIME	1201	1	0	4924872	9933	18347	4536	0	4892056	127431881469392	127431887536832	4796
XCHTIME	0	0	0	0	0	0	0	0	0	0	0	0
XCHTIME	1201	1	0	13041150	9502	17775	4465	0	13009408	127431881469392	127431887536832	4796
LADGATE	1201	10000	0.224	1
XCHTIME	0	0	0	0	0	0	0	0	0	0	0	0
XCHTIME	1201	5	26	134797689	9049	17387	48337	2493	134720423	127431881469392	127431887536832	4796
XCHTIME	0	0	0	0	0	0	0	0	0	0	0	0
XCHTIME	1201	4	66	688020	14542	20517	18499	4117	630345	127431881469392	127431887536832	4796
XCHTIME	0	0	0	0	0	0	0	0	0	0	0	0
XCHTIME	1201	2	4	3872658	8572	16420	9406	276	3837984	127431881469392	127431887536832	4796
XCHTIME	0	0	0	0	0	0	0	0	0	0	0	0
XCHTIME	1201	4	10	6521700	9693	16399	25385	928	6469295	127431881469392	127431887536832	4796
XCHTIME	0	0	0	0	0	0	0	0	0	0	0	0
XCHTIME	1201	1	0	12741134	16604	19266	3879	0	12701385	127431881469392	127431887536832	4796
XCHTIME	0	0	0	0	0	0	0	0	0	0	0	0
XCHTIME	1201	4	11	2674258	14100	20360	17492	833	2621473	127431881469392	127431887536832	4796
XCHTIME	0	0	0	0	0	0	0	0	0	0	0	0
XCHTIME	1201	2	4	13132451	8621	15102	11243	362	13097123	127431881469392	127431887536832	4796
XCHTIME	0	0	0	0	0	0	0	0	0	0	0	0
XCHTIME	1201	1	0	13606649	9319	16114	3989	0	13577227	127431881469392	127431887536832	4796
XCHTIME	0	0	0	0	0	0	0	0	0	0	0	0
XCHTIME	1201	1	0	13074715	10633	16391	3776	0	13043915	127431881469392	127431887536832	4796
XCHTIME	0	0	0	0	0	0	0	0	0	0	0	0
XCHTIME	1201	4	6	1706886	15612	23172	21342	487	1646273	127431881469392	127431887536832	4796
LIFT	chain400	1201	800	3196	800
COUNTS	chain400	1201	4796	16382	16382
XCHTIME	0	0	0	0	0	0	0	0	0	0	0	0
XCHTIME	9532	1	0	5335928	785614	1722849	820068	0	2007397	127431886787120	127431890542512	30810
XCHTIME	0	0	0	0	0	0	0	0	0	0	0	0
XCHTIME	9532	1	0	6888865	817575	1741167	848104	0	3482019	127431886787120	127431890542512	30810
XCHTIME	0	0	0	0	0	0	0	0	0	0	0	0
XCHTIME	9532	1	0	6354931	861622	1786053	850367	0	2856889	127431886787120	127431890542512	30810
XCHTIME	0	0	0	0	0	0	0	0	0	0	0	0
XCHTIME	9532	1	0	12824208	802893	1736706	845690	0	9438919	127431886787120	127431890542512	30810
LADGATE	9532	10000	0.706	1
XCHTIME	0	0	0	0	0	0	0	0	0	0	0	0
XCHTIME	9532	5	26	59932685	922543	1766369	4307101	10598	52926074	127431886787120	127431890542512	30810
XCHTIME	0	0	0	0	0	0	0	0	0	0	0	0
XCHTIME	9532	1	0	6905966	827617	1821005	835488	0	3421856	127431886787120	127431890542512	30810
XCHTIME	0	0	0	0	0	0	0	0	0	0	0	0
XCHTIME	9532	1	0	7222693	863197	1736170	872629	0	3750697	127431886787120	127431890542512	30810
XCHTIME	0	0	0	0	0	0	0	0	0	0	0	0
XCHTIME	9532	2	3	11300465	791551	1763247	1693415	1776	7050476	127431886787120	127431890542512	30810
XCHTIME	0	0	0	0	0	0	0	0	0	0	0	0
XCHTIME	9532	1	0	12975051	861634	1743256	886556	0	9483605	127431886787120	127431890542512	30810
XCHTIME	0	0	0	0	0	0	0	0	0	0	0	0
XCHTIME	9532	2	3	11098455	901678	1738027	1718702	1674	6738374	127431886787120	127431890542512	30810
XCHTIME	0	0	0	0	0	0	0	0	0	0	0	0
XCHTIME	9532	2	4	12633487	864756	1763674	1671121	2247	8331689	127431886787120	127431890542512	30810
XCHTIME	0	0	0	0	0	0	0	0	0	0	0	0
XCHTIME	9532	2	4	13005050	793336	1792012	1734959	2683	8682060	127431886787120	127431890542512	30810
XCHTIME	0	0	0	0	0	0	0	0	0	0	0	0
XCHTIME	9532	1	0	11948407	784647	1740219	895898	0	8527643	127431886787120	127431890542512	30810
XCHTIME	0	0	0	0	0	0	0	0	0	0	0	0
XCHTIME	9532	2	3	10977355	859249	1761012	1698278	1995	6656821	127431886787120	127431890542512	30810
LIFT	mpbp_07	9532	5704	23110	5704
COUNTS	mpbp_07	9532	30810	1368477	1248083
XCHTIME	0	0	0	0	0	0	0	0	0	0	0	0
XCHTIME	440	2	4	334674	8705	3728	1857	160	320224	127431881013584	127431887701680	2958
XCHTIME	0	0	0	0	0	0	0	0	0	0	0	0
XCHTIME	440	2	6	3535486	4322	2932	1716	191	3526325	127431881013584	127431887701680	2958
XCHTIME	0	0	0	0	0	0	0	0	0	0	0	0
XCHTIME	440	2	5	1147914	4577	3043	1624	202	1138468	127431881013584	127431887701680	2958
XCHTIME	0	0	0	0	0	0	0	0	0	0	0	0
XCHTIME	440	4	18	4283378	4388	2866	3347	627	4272150	127431881013584	127431887701680	2958
LADGATE	440	10000	0.317	1
XCHTIME	0	0	0	0	0	0	0	0	0	0	0	0
XCHTIME	440	5	26	5805905	4751	3216	3898	861	5793179	127431881013584	127431887701680	2958
XCHTIME	0	0	0	0	0	0	0	0	0	0	0	0
XCHTIME	440	4	66	6793685	4361	2915	3107	1696	6781606	127431881013584	127431887701680	2958
XCHTIME	0	0	0	0	0	0	0	0	0	0	0	0
XCHTIME	440	4	15	1188091	4593	2964	3577	454	1176503	127431881013584	127431887701680	2958
XCHTIME	0	0	0	0	0	0	0	0	0	0	0	0
XCHTIME	440	4	10	588292	4282	2961	3550	285	577214	127431881013584	127431887701680	2958
XCHTIME	0	0	0	0	0	0	0	0	0	0	0	0
XCHTIME	440	4	18	4181854	4367	2900	3365	721	4170501	127431881013584	127431887701680	2958
XCHTIME	0	0	0	0	0	0	0	0	0	0	0	0
XCHTIME	440	4	11	382234	4602	3041	3251	332	371008	127431881013584	127431887701680	2958
XCHTIME	0	0	0	0	0	0	0	0	0	0	0	0
XCHTIME	440	4	14	2128282	4318	2818	3167	537	2117442	127431881013584	127431887701680	2958
XCHTIME	0	0	0	0	0	0	0	0	0	0	0	0
XCHTIME	440	4	13	3330759	4380	2926	3288	446	3319719	127431881013584	127431887701680	2958
XCHTIME	0	0	0	0	0	0	0	0	0	0	0	0
XCHTIME	440	4	16	12583277	4413	2948	6087	687	12569142	127431881013584	127431887701680	2958
XCHTIME	0	0	0	0	0	0	0	0	0	0	0	0
XCHTIME	440	4	6	292536	5571	4510	3455	209	278791	127431881013584	127431887701680	2958
LIFT	sonetgr17	440	317	2712	317
COUNTS	sonetgr17	440	2958	37814	30971
XCHTIME	0	0	0	0	0	0	0	0	0	0	0	0
XCHTIME	2207	2	4	966227	19919	49989	27090	488	868741	127431887352400	127431887770752	7516
XCHTIME	0	0	0	0	0	0	0	0	0	0	0	0
XCHTIME	2207	2	6	3121817	22637	51604	51648	1251	2994677	127431887352400	127431887770752	7516
XCHTIME	0	0	0	0	0	0	0	0	0	0	0	0
XCHTIME	2207	2	5	1090958	33854	60904	37498	721	957981	127431887352400	127431887770752	7516
XCHTIME	0	0	0	0	0	0	0	0	0	0	0	0
XCHTIME	2207	4	18	12778757	41521	59706	127872	3075	12546583	127431887352400	127431887770752	7516
LADGATE	2207	10000	0.601	1
XCHTIME	0	0	0	0	0	0	0	0	0	0	0	0
XCHTIME	2207	5	26	15734551	43238	63824	159863	4544	15463082	127431887352400	127431887770752	7516
XCHTIME	0	0	0	0	0	0	0	0	0	0	0	0
XCHTIME	2207	3	57	4861071	40757	63162	97573	6286	4653293	127431887352400	127431887770752	7516
XCHTIME	0	0	0	0	0	0	0	0	0	0	0	0
XCHTIME	2207	4	15	2510022	36198	60944	68419	2149	2342312	127431887352400	127431887770752	7516
XCHTIME	0	0	0	0	0	0	0	0	0	0	0	0
XCHTIME	2207	4	10	2170735	28561	57217	66544	1141	2017272	127431887352400	127431887770752	7516
XCHTIME	0	0	0	0	0	0	0	0	0	0	0	0
XCHTIME	2207	4	18	12677682	33206	58649	130643	2861	12452323	127431887352400	127431887770752	7516
XCHTIME	0	0	0	0	0	0	0	0	0	0	0	0
XCHTIME	2207	4	11	2135788	43904	71156	78605	1560	1940563	127431887352400	127431887770752	7516
XCHTIME	0	0	0	0	0	0	0	0	0	0	0	0
XCHTIME	2207	4	14	2865613	31895	64224	74652	1699	2693143	127431887352400	127431887770752	7516
XCHTIME	0	0	0	0	0	0	0	0	0	0	0	0
XCHTIME	2207	4	13	6771506	36436	58505	102454	2108	6572003	127431887352400	127431887770752	7516
XCHTIME	0	0	0	0	0	0	0	0	0	0	0	0
XCHTIME	2207	2	5	14022751	34776	65604	69079	1065	13852227	127431887352400	127431887770752	7516
XCHTIME	0	0	0	0	0	0	0	0	0	0	0	0
XCHTIME	2207	4	6	1968560	47162	66576	68481	699	1785642	127431887352400	127431887770752	7516
LIFT	p_ball_30b_7p_2d_h	2207	1415	5932	1415
COUNTS	p_ball_30b_7p_2d_h	2207	7516	42456	42319
XCHTIME	0	0	0	0	0	0	0	0	0	0	0	0
XCHTIME	19995	0	0	0	0	0	0	0	0	127431891354784	127431882580224	97990
XCHTIME	0	0	0	0	0	0	0	0	0	0	0	0
XCHTIME	19995	0	0	29834020	11846980	17987040	0	0	0	127431891354784	127431882580224	97990
XCHTIME	0	0	0	0	0	0	0	0	0	0	0	0
XCHTIME	19995	0	0	28500273	10994145	17506128	0	0	0	127431891354784	127431882580224	97990
XCHTIME	0	0	0	0	0	0	0	0	0	0	0	0
XCHTIME	19995	1	0	34901206	10897753	17338135	2429127	0	4236191	127431891354784	127431882580224	97990
LADGATE	19995	10000	0.860	0
XCHTIME	0	0	0	0	0	0	0	0	0	0	0	0
XCHTIME	19995	5	26	166702989	11006727	17310459	12415041	16325	125954437	127431891354784	127431882580224	97990
XCHTIME	0	0	0	0	0	0	0	0	0	0	0	0
XCHTIME	19995	0	0	29335979	11088043	18247936	0	0	0	127431891354784	127431882580224	97990
XCHTIME	0	0	0	0	0	0	0	0	0	0	0	0
XCHTIME	19995	0	0	29523073	11009269	18513804	0	0	0	127431891354784	127431882580224	97990
XCHTIME	0	0	0	0	0	0	0	0	0	0	0	0
XCHTIME	19995	1	0	35294565	11034459	18661796	2360049	0	3238261	127431891354784	127431882580224	97990
XCHTIME	0	0	0	0	0	0	0	0	0	0	0	0
XCHTIME	19995	1	0	36173842	10990536	18530388	2386518	0	4266400	127431891354784	127431882580224	97990
XCHTIME	0	0	0	0	0	0	0	0	0	0	0	0
XCHTIME	19995	1	0	35178956	10931004	18515177	2415913	0	3316862	127431891354784	127431882580224	97990
XCHTIME	0	0	0	0	0	0	0	0	0	0	0	0
XCHTIME	19995	1	0	35744496	11148651	18566571	2396820	0	3632454	127431891354784	127431882580224	97990
XCHTIME	0	0	0	0	0	0	0	0	0	0	0	0
XCHTIME	19995	1	0	36439062	11034457	18323853	2425825	0	4654927	127431891354784	127431882580224	97990
XCHTIME	0	0	0	0	0	0	0	0	0	0	0	0
XCHTIME	19995	1	0	36465758	11083368	18249464	2392844	0	4740082	127431891354784	127431882580224	97990
XCHTIME	0	0	0	0	0	0	0	0	0	0	0	0
XCHTIME	19995	1	0	34993776	11005570	18424228	2432123	0	3131855	127431891354784	127431882580224	97990
LIFT	pinene200	19995	15795	89590	15795
COUNTS	pinene200	19995	97990	1358716	1132981
LIFT	unitcommit_200_100_1_mod_8	146830	73272	329560	73272
COUNTS	unitcommit_200_100_1_mod_8	146830	476332	3053940	2981835
XCHTIME	0	0	0	0	0	0	0	0	0	0	0	0
XCHTIME	123	2	4	141307	3091	1214	495	224	136283	127431890163264	127431881002336	834
XCHTIME	0	0	0	0	0	0	0	0	0	0	0	0
XCHTIME	123	2	6	1170898	1473	788	348	319	1167970	127431890163264	127431881002336	834
XCHTIME	0	0	0	0	0	0	0	0	0	0	0	0
XCHTIME	123	2	5	421264	1553	695	311	206	418499	127431890163264	127431881002336	834
XCHTIME	0	0	0	0	0	0	0	0	0	0	0	0
XCHTIME	123	4	18	2666597	1526	715	822	820	2662714	127431890163264	127431881002336	834
LADGATE	123	10000	0.306	1
XCHTIME	0	0	0	0	0	0	0	0	0	0	0	0
XCHTIME	123	5	26	3400780	2381	1627	934	1141	3394697	127431890163264	127431881002336	834
XCHTIME	0	0	0	0	0	0	0	0	0	0	0	0
XCHTIME	123	4	66	1673629	1506	752	1020	3052	1667299	127431890163264	127431881002336	834
XCHTIME	0	0	0	0	0	0	0	0	0	0	0	0
XCHTIME	123	4	15	441915	1630	1079	592	565	438049	127431890163264	127431881002336	834
XCHTIME	0	0	0	0	0	0	0	0	0	0	0	0
XCHTIME	123	4	10	273012	1584	790	879	646	269113	127431890163264	127431881002336	834
XCHTIME	0	0	0	0	0	0	0	0	0	0	0	0
XCHTIME	123	4	18	2695899	1494	780	1023	841	2691761	127431890163264	127431881002336	834
XCHTIME	0	0	0	0	0	0	0	0	0	0	0	0
XCHTIME	123	4	11	185801	2228	797	618	523	181635	127431890163264	127431881002336	834
XCHTIME	0	0	0	0	0	0	0	0	0	0	0	0
XCHTIME	123	4	14	815886	1734	722	641	658	812131	127431890163264	127431881002336	834
XCHTIME	0	0	0	0	0	0	0	0	0	0	0	0
XCHTIME	123	4	13	1386476	1593	751	988	536	1382608	127431890163264	127431881002336	834
XCHTIME	0	0	0	0	0	0	0	0	0	0	0	0
XCHTIME	123	4	16	8166800	1820	980	1278	813	8161909	127431890163264	127431881002336	834
XCHTIME	0	0	0	0	0	0	0	0	0	0	0	0
XCHTIME	123	4	6	103340	1757	974	645	312	99652	127431890163264	127431881002336	834
LIFT	ex8_3_9	123	101	766	101
COUNTS	ex8_3_9	123	834	15050	11503
XCHTIME	0	0	0	0	0	0	0	0	0	0	0	0
XCHTIME	2486	2	4	2767798	26793	67846	42469	535	2630155	127431886711616	127431883366672	6932
XCHTIME	0	0	0	0	0	0	0	0	0	0	0	0
XCHTIME	2486	1	0	4596902	34777	73386	19935	0	4468804	127431886711616	127431883366672	6932
XCHTIME	0	0	0	0	0	0	0	0	0	0	0	0
XCHTIME	2486	1	0	3576266	36276	71762	22537	0	3445691	127431886711616	127431883366672	6932
XCHTIME	0	0	0	0	0	0	0	0	0	0	0	0
XCHTIME	2486	1	0	10858178	39378	75242	20782	0	10722776	127431886711616	127431883366672	6932
LADGATE	2486	10000	0.601	1
XCHTIME	0	0	0	0	0	0	0	0	0	0	0	0
XCHTIME	2486	5	26	43992245	25757	65291	143332	3479	43754386	127431886711616	127431883366672	6932
XCHTIME	0	0	0	0	0	0	0	0	0	0	0	0
XCHTIME	2486	1	0	6187521	32471	69843	18878	0	6066329	127431886711616	127431883366672	6932
XCHTIME	0	0	0	0	0	0	0	0	0	0	0	0
XCHTIME	2486	4	15	6904624	63067	92045	96152	1682	6651678	127431886711616	127431883366672	6932
XCHTIME	0	0	0	0	0	0	0	0	0	0	0	0
XCHTIME	2486	4	10	5737876	35480	74173	102865	1241	5524117	127431886711616	127431883366672	6932
XCHTIME	0	0	0	0	0	0	0	0	0	0	0	0
XCHTIME	2486	1	0	10755754	36172	71366	20847	0	10627369	127431886711616	127431883366672	6932
XCHTIME	0	0	0	0	0	0	0	0	0	0	0	0
XCHTIME	2486	4	11	4200446	40514	76877	96496	1157	3985402	127431886711616	127431883366672	6932
XCHTIME	0	0	0	0	0	0	0	0	0	0	0	0
XCHTIME	2486	4	14	12698360	38183	75466	121605	1608	12461498	127431886711616	127431883366672	6932
XCHTIME	0	0	0	0	0	0	0	0	0	0	0	0
XCHTIME	2486	2	4	11671137	37349	73033	50133	711	11509911	127431886711616	127431883366672	6932
XCHTIME	0	0	0	0	0	0	0	0	0	0	0	0
XCHTIME	2486	1	0	12072351	42796	78887	23501	0	11927167	127431886711616	127431883366672	6932
XCHTIME	0	0	0	0	0	0	0	0	0	0	0	0
XCHTIME	2486	4	6	3158010	56554	92592	127113	753	2880998	127431886711616	127431883366672	6932
LIFT	rsyn0820m02m	2486	1364	4808	1364
COUNTS	rsyn0820m02m	2486	6932	38190	35625
XCHTIME	0	0	0	0	0	0	0	0	0	0	0	0
XCHTIME	293	2	4	233663	5492	1854	830	150	225337	127431881480400	127431887736512	964
XCHTIME	0	0	0	0	0	0	0	0	0	0	0	0
XCHTIME	293	2	6	1462104	2037	1701	875	181	1457310	127431881480400	127431887736512	964
XCHTIME	0	0	0	0	0	0	0	0	0	0	0	0
XCHTIME	293	2	5	516464	2191	1779	717	143	511634	127431881480400	127431887736512	964
XCHTIME	0	0	0	0	0	0	0	0	0	0	0	0
XCHTIME	293	4	18	3920850	1979	1717	1763	620	3914771	127431881480400	127431887736512	964
LADGATE	293	10000	0.249	1
XCHTIME	0	0	0	0	0	0	0	0	0	0	0	0
XCHTIME	293	5	26	4725285	2134	2150	2242	844	4717915	127431881480400	127431887736512	964
XCHTIME	0	0	0	0	0	0	0	0	0	0	0	0
XCHTIME	293	4	66	766012	1880	1698	1328	2262	758844	127431881480400	127431887736512	964
XCHTIME	0	0	0	0	0	0	0	0	0	0	0	0
XCHTIME	293	4	15	684060	2031	2222	1945	382	677480	127431881480400	127431887736512	964
XCHTIME	0	0	0	0	0	0	0	0	0	0	0	0
XCHTIME	293	4	10	418474	1980	1771	1674	244	412805	127431881480400	127431887736512	964
XCHTIME	0	0	0	0	0	0	0	0	0	0	0	0
XCHTIME	293	4	18	3913528	2020	1753	1896	646	3907213	127431881480400	127431887736512	964
XCHTIME	0	0	0	0	0	0	0	0	0	0	0	0
XCHTIME	293	4	11	295261	2138	1941	1581	326	289275	127431881480400	127431887736512	964
XCHTIME	0	0	0	0	0	0	0	0	0	0	0	0
XCHTIME	293	4	14	1025428	2075	1701	1986	354	1019312	127431881480400	127431887736512	964
XCHTIME	0	0	0	0	0	0	0	0	0	0	0	0
XCHTIME	293	4	13	1827073	1918	1896	1885	419	1820955	127431881480400	127431887736512	964
XCHTIME	0	0	0	0	0	0	0	0	0	0	0	0
XCHTIME	293	4	16	11376149	2076	1839	3551	642	11368041	127431881480400	127431887736512	964
XCHTIME	0	0	0	0	0	0	0	0	0	0	0	0
XCHTIME	293	4	6	227393	2565	2758	1704	208	220158	127431881480400	127431887736512	964
LIFT	p_ball_10b_5p_2d_m	293	119	716	119
COUNTS	p_ball_10b_5p_2d_m	293	964	6648	6547
XCHTIME	0	0	0	0	0	0	0	0	0	0	0	0
XCHTIME	170	2	4	179504	4230	1429	434	138	173273	127431890179216	127431887746512	936
XCHTIME	0	0	0	0	0	0	0	0	0	0	0	0
XCHTIME	170	2	6	1945193	1807	1112	736	127	1941411	127431890179216	127431887746512	936
XCHTIME	0	0	0	0	0	0	0	0	0	0	0	0
XCHTIME	170	2	5	599467	2080	1510	557	205	595115	127431890179216	127431887746512	936
XCHTIME	0	0	0	0	0	0	0	0	0	0	0	0
XCHTIME	170	4	18	3979469	1996	887	981	408	3975197	127431890179216	127431887746512	936
LADGATE	170	10000	0.204	1
XCHTIME	0	0	0	0	0	0	0	0	0	0	0	0
XCHTIME	170	5	26	4937266	2235	1029	1208	805	4931989	127431890179216	127431887746512	936
XCHTIME	0	0	0	0	0	0	0	0	0	0	0	0
XCHTIME	170	4	66	105883	1844	1099	907	1505	100528	127431890179216	127431887746512	936
XCHTIME	0	0	0	0	0	0	0	0	0	0	0	0
XCHTIME	170	4	15	639721	1914	925	1118	314	635450	127431890179216	127431887746512	936
XCHTIME	0	0	0	0	0	0	0	0	0	0	0	0
XCHTIME	170	4	10	304537	1839	892	800	234	300772	127431890179216	127431887746512	936
XCHTIME	0	0	0	0	0	0	0	0	0	0	0	0
XCHTIME	170	4	18	3904606	1851	879	911	405	3900560	127431890179216	127431887746512	936
XCHTIME	0	0	0	0	0	0	0	0	0	0	0	0
XCHTIME	170	4	11	187585	1894	949	758	243	183741	127431890179216	127431887746512	936
XCHTIME	0	0	0	0	0	0	0	0	0	0	0	0
XCHTIME	170	4	14	1126808	1846	852	915	358	1122837	127431890179216	127431887746512	936
XCHTIME	0	0	0	0	0	0	0	0	0	0	0	0
XCHTIME	170	4	13	2056849	1948	923	969	287	2052722	127431890179216	127431887746512	936
XCHTIME	0	0	0	0	0	0	0	0	0	0	0	0
XCHTIME	170	4	16	14250398	1866	924	1970	501	14245137	127431890179216	127431887746512	936
XCHTIME	0	0	0	0	0	0	0	0	0	0	0	0
XCHTIME	170	4	6	118427	2286	1758	1005	140	113238	127431890179216	127431887746512	936
LIFT	pooling_adhya4tp	170	93	806	93
COUNTS	pooling_adhya4tp	170	936	26842	20581
XCHTIME	0	0	0	0	0	0	0	0	0	0	0	0
XCHTIME	7295	1	0	2668196	442327	991478	501860	0	732531	127431891001280	127431891059664	21600
XCHTIME	0	0	0	0	0	0	0	0	0	0	0	0
XCHTIME	7295	1	0	2848359	484739	980044	497336	0	886240	127431891001280	127431891059664	21600
XCHTIME	0	0	0	0	0	0	0	0	0	0	0	0
XCHTIME	7295	1	0	3046144	493488	965712	508622	0	1078322	127431891001280	127431891059664	21600
XCHTIME	0	0	0	0	0	0	0	0	0	0	0	0
XCHTIME	7295	4	18	11989626	508063	1014255	1982040	7982	8477286	127431891001280	127431891059664	21600
LADGATE	7295	10000	0.286	1
XCHTIME	0	0	0	0	0	0	0	0	0	0	0	0
XCHTIME	7295	5	26	18215025	468097	980600	2401223	10375	14354730	127431891001280	127431891059664	21600
XCHTIME	0	0	0	0	0	0	0	0	0	0	0	0
XCHTIME	7295	2	19	6192167	537622	976390	952936	5407	3719812	127431891001280	127431891059664	21600
XCHTIME	0	0	0	0	0	0	0	0	0	0	0	0
XCHTIME	7295	2	4	6564041	449281	1013269	1022647	1985	4076859	127431891001280	127431891059664	21600
XCHTIME	0	0	0	0	0	0	0	0	0	0	0	0
XCHTIME	7295	4	10	11877716	435053	998708	1967450	5129	8471376	127431891001280	127431891059664	21600
XCHTIME	0	0	0	0	0	0	0	0	0	0	0	0
XCHTIME	7295	4	18	11949693	449730	972740	1922556	8028	8596639	127431891001280	127431891059664	21600
XCHTIME	0	0	0	0	0	0	0	0	0	0	0	0
XCHTIME	7295	4	11	12006705	506433	984959	1932692	5267	8577354	127431891001280	127431891059664	21600
XCHTIME	0	0	0	0	0	0	0	0	0	0	0	0
XCHTIME	7295	4	14	11846211	472714	1014686	2013760	6432	8338619	127431891001280	127431891059664	21600
XCHTIME	0	0	0	0	0	0	0	0	0	0	0	0
XCHTIME	7295	4	13	11982233	543153	979373	1922776	6157	8530774	127431891001280	127431891059664	21600
XCHTIME	0	0	0	0	0	0	0	0	0	0	0	0
XCHTIME	7295	2	5	10030264	514496	985573	980786	2166	7547243	127431891001280	127431891059664	21600
XCHTIME	0	0	0	0	0	0	0	0	0	0	0	0
XCHTIME	7295	4	6	11914550	514512	986977	1996354	3458	8413249	127431891001280	127431891059664	21600
LIFT	squfl015-080persp	7295	2495	12000	2495
COUNTS	squfl015-080persp	7295	21600	74520	74520
XCHTIME	0	0	0	0	0	0	0	0	0	0	0	0
XCHTIME	1053	2	4	614853	9616	12284	6987	504	585462	127431887625424	127431883497776	5940
XCHTIME	0	0	0	0	0	0	0	0	0	0	0	0
XCHTIME	1053	2	6	6102006	9324	11811	8866	772	6071233	127431887625424	127431883497776	5940
XCHTIME	0	0	0	0	0	0	0	0	0	0	0	0
XCHTIME	1053	2	5	1797627	16055	13338	7390	607	1760237	127431887625424	127431883497776	5940
XCHTIME	0	0	0	0	0	0	0	0	0	0	0	0
XCHTIME	1053	4	18	11765679	9736	12514	18397	2537	11722495	127431887625424	127431883497776	5940
LADGATE	1053	10000	0.324	1
XCHTIME	0	0	0	0	0	0	0	0	0	0	0	0
XCHTIME	1053	5	26	14585003	9331	12730	21930	2240	14538772	127431887625424	127431883497776	5940
XCHTIME	0	0	0	0	0	0	0	0	0	0	0	0
XCHTIME	1053	4	66	750955	9634	13141	12178	3099	712903	127431887625424	127431883497776	5940
XCHTIME	0	0	0	0	0	0	0	0	0	0	0	0
XCHTIME	1053	4	15	1896674	9376	11592	12763	1058	1861885	127431887625424	127431883497776	5940
XCHTIME	0	0	0	0	0	0	0	0	0	0	0	0
XCHTIME	1053	4	10	1075191	9284	11770	12465	591	1041081	127431887625424	127431883497776	5940
XCHTIME	0	0	0	0	0	0	0	0	0	0	0	0
XCHTIME	1053	4	18	11628775	9313	11556	15346	1514	11591046	127431887625424	127431883497776	5940
XCHTIME	0	0	0	0	0	0	0	0	0	0	0	0
XCHTIME	1053	4	11	849107	10183	13076	13372	1142	811334	127431887625424	127431883497776	5940
XCHTIME	0	0	0	0	0	0	0	0	0	0	0	0
XCHTIME	1053	4	14	3592608	9365	11820	14282	1484	3555657	127431887625424	127431883497776	5940
XCHTIME	0	0	0	0	0	0	0	0	0	0	0	0
XCHTIME	1053	4	13	6525258	9406	12138	14872	1543	6487299	127431887625424	127431883497776	5940
XCHTIME	0	0	0	0	0	0	0	0	0	0	0	0
XCHTIME	1053	2	5	17362104	9557	12184	15091	818	17324454	127431887625424	127431883497776	5940
XCHTIME	0	0	0	0	0	0	0	0	0	0	0	0
XCHTIME	1053	4	6	740711	17017	16217	13071	1012	693394	127431887625424	127431883497776	5940
LIFT	edgecross10-080	1053	571	4976	571
COUNTS	edgecross10-080	1053	5940	170814	164639
XCHTIME	0	0	0	0	0	0	0	0	0	0	0	0
XCHTIME	590	2	4	433795	12052	6134	2968	266	412375	127431887331200	127431887602384	1696
XCHTIME	0	0	0	0	0	0	0	0	0	0	0	0
XCHTIME	590	2	6	2752224	3306	4499	3439	382	2740598	127431887331200	127431887602384	1696
XCHTIME	0	0	0	0	0	0	0	0	0	0	0	0
XCHTIME	590	2	5	919814	4168	5236	3178	239	906993	127431887331200	127431887602384	1696
XCHTIME	0	0	0	0	0	0	0	0	0	0	0	0
XCHTIME	590	4	18	5431410	3543	4862	7075	777	5415153	127431887331200	127431887602384	1696
LADGATE	590	10000	0.289	1
XCHTIME	0	0	0	0	0	0	0	0	0	0	0	0
XCHTIME	590	5	26	6242385	3542	4948	9694	973	6223228	127431887331200	127431887602384	1696
XCHTIME	0	0	0	0	0	0	0	0	0	0	0	0
XCHTIME	590	4	66	3045641	3634	4616	8738	2449	3026204	127431887331200	127431887602384	1696
XCHTIME	0	0	0	0	0	0	0	0	0	0	0	0
XCHTIME	590	4	15	1230735	3820	5362	5802	657	1215094	127431887331200	127431887602384	1696
XCHTIME	0	0	0	0	0	0	0	0	0	0	0	0
XCHTIME	590	4	10	822025	3512	5236	5557	574	807146	127431887331200	127431887602384	1696
XCHTIME	0	0	0	0	0	0	0	0	0	0	0	0
XCHTIME	590	4	18	5464938	3436	4664	8142	993	5447703	127431887331200	127431887602384	1696
XCHTIME	0	0	0	0	0	0	0	0	0	0	0	0
XCHTIME	590	4	11	555390	4194	5644	5877	688	538987	127431887331200	127431887602384	1696
XCHTIME	0	0	0	0	0	0	0	0	0	0	0	0
XCHTIME	590	4	14	1887207	3392	4934	5496	722	1872663	127431887331200	127431887602384	1696
XCHTIME	0	0	0	0	0	0	0	0	0	0	0	0
XCHTIME	590	4	13	3101790	3567	4950	8797	852	3083624	127431887331200	127431887602384	1696
XCHTIME	0	0	0	0	0	0	0	0	0	0	0	0
XCHTIME	590	4	16	13608415	5406	5765	11889	851	13584504	127431887331200	127431887602384	1696
XCHTIME	0	0	0	0	0	0	0	0	0	0	0	0
XCHTIME	590	4	6	386330	5102	7046	5175	296	368711	127431887331200	127431887602384	1696
LIFT	clay0204hfsg	590	278	1184	278
COUNTS	clay0204hfsg	590	1696	7198	6562
XCHTIME	0	0	0	0	0	0	0	0	0	0	0	0
XCHTIME	13	2	4	26307	207	405	83	95	25517	127431887348912	127431887319344	40
XCHTIME	0	0	0	0	0	0	0	0	0	0	0	0
XCHTIME	13	2	6	322898	172	302	78	165	322181	127431887348912	127431887319344	40
XCHTIME	0	0	0	0	0	0	0	0	0	0	0	0
XCHTIME	13	2	5	92928	246	304	68	131	92179	127431887348912	127431887319344	40
XCHTIME	0	0	0	0	0	0	0	0	0	0	0	0
XCHTIME	13	4	18	390183	231	269	118	488	389077	127431887348912	127431887319344	40
LADGATE	13	10000	0.116	1
XCHTIME	0	0	0	0	0	0	0	0	0	0	0	0
XCHTIME	13	5	26	409868	284	372	201	743	408268	127431887348912	127431887319344	40
XCHTIME	0	0	0	0	0	0	0	0	0	0	0	0
XCHTIME	13	4	35	641619	218	367	119	919	639996	127431887348912	127431887319344	40
XCHTIME	0	0	0	0	0	0	0	0	0	0	0	0
XCHTIME	13	4	15	114265	203	306	129	322	113305	127431887348912	127431887319344	40
XCHTIME	0	0	0	0	0	0	0	0	0	0	0	0
XCHTIME	13	4	10	55276	224	275	150	222	54405	127431887348912	127431887319344	40
XCHTIME	0	0	0	0	0	0	0	0	0	0	0	0
XCHTIME	13	4	18	399618	201	282	135	490	398510	127431887348912	127431887319344	40
XCHTIME	0	0	0	0	0	0	0	0	0	0	0	0
XCHTIME	13	4	11	36100	224	281	126	280	35189	127431887348912	127431887319344	40
XCHTIME	0	0	0	0	0	0	0	0	0	0	0	0
XCHTIME	13	4	14	184462	204	277	127	341	183513	127431887348912	127431887319344	40
XCHTIME	0	0	0	0	0	0	0	0	0	0	0	0
XCHTIME	13	4	13	350458	240	270	119	326	349503	127431887348912	127431887319344	40
XCHTIME	0	0	0	0	0	0	0	0	0	0	0	0
XCHTIME	13	4	16	978439	233	267	156	482	977301	127431887348912	127431887319344	40
XCHTIME	0	0	0	0	0	0	0	0	0	0	0	0
XCHTIME	13	4	6	19639	245	299	133	130	18832	127431887348912	127431887319344	40
COUNTS	st_bsj2	13	40	143	114
XCHTIME	0	0	0	0	0	0	0	0	0	0	0	0
XCHTIME	440	2	4	916778	9707	3597	1935	460	901079	127431887647808	127431891321824	3038
XCHTIME	0	0	0	0	0	0	0	0	0	0	0	0
XCHTIME	440	2	6	9252474	5541	3116	2428	736	9240653	127431887647808	127431891321824	3038
XCHTIME	0	0	0	0	0	0	0	0	0	0	0	0
XCHTIME	440	2	5	2983259	6201	3469	2558	549	2970482	127431887647808	127431891321824	3038
XCHTIME	0	0	0	0	0	0	0	0	0	0	0	0
XCHTIME	440	4	18	18204543	5685	3230	5217	2231	18188180	127431887647808	127431891321824	3038
LADGATE	440	10000	0.420	1
XCHTIME	0	0	0	0	0	0	0	0	0	0	0	0
XCHTIME	440	4	10	1641306	5564	3832	3521	916	1627473	127431887647808	127431891321824	3038
XCHTIME	0	0	0	0	0	0	0	0	0	0	0	0
XCHTIME	440	4	66	6604272	5322	3111	5034	6908	6583897	127431887647808	127431891321824	3038
XCHTIME	0	0	0	0	0	0	0	0	0	0	0	0
XCHTIME	440	4	15	3124538	6392	3728	4960	1964	3107494	127431887647808	127431891321824	3038
XCHTIME	0	0	0	0	0	0	0	0	0	0	0	0
XCHTIME	440	4	10	1665202	6148	3401	4078	1069	1650506	127431887647808	127431891321824	3038
XCHTIME	0	0	0	0	0	0	0	0	0	0	0	0
XCHTIME	440	4	18	18380333	5617	3357	6344	2331	18362684	127431887647808	127431891321824	3038
XCHTIME	0	0	0	0	0	0	0	0	0	0	0	0
XCHTIME	440	4	11	976733	5974	3802	3324	1026	962607	127431887647808	127431891321824	3038
XCHTIME	0	0	0	0	0	0	0	0	0	0	0	0
XCHTIME	440	4	14	5726688	5993	3190	4283	1390	5711832	127431887647808	127431891321824	3038
XCHTIME	0	0	0	0	0	0	0	0	0	0	0	0
XCHTIME	440	4	13	10158577	5766	3244	4845	1326	10143396	127431887647808	127431891321824	3038
XCHTIME	0	0	0	0	0	0	0	0	0	0	0	0
XCHTIME	440	2	5	21382094	5930	3448	3299	603	21368814	127431887647808	127431891321824	3038
XCHTIME	0	0	0	0	0	0	0	0	0	0	0	0
XCHTIME	440	4	6	640392	6970	4289	3519	705	624909	127431887647808	127431891321824	3038
LIFT	chimera_mgw-c8-439-onc8-002	440	418	3060	418
COUNTS	chimera_mgw-c8-439-onc8-002	440	3038	97870	86320
XCHTIME	0	0	0	0	0	0	0	0	0	0	0	0
XCHTIME	5188	1	0	2485198	242156	485767	228730	0	1528545	127431886863392	127431886904912	17910
XCHTIME	0	0	0	0	0	0	0	0	0	0	0	0
XCHTIME	5188	1	0	3003113	243069	459410	245552	0	2055082	127431886863392	127431886904912	17910
XCHTIME	0	0	0	0	0	0	0	0	0	0	0	0
XCHTIME	5188	1	0	2887715	232195	488794	231184	0	1935542	127431886863392	127431886904912	17910
XCHTIME	0	0	0	0	0	0	0	0	0	0	0	0
XCHTIME	5188	2	5	10930674	268223	512455	440334	1344	9708318	127431886863392	127431886904912	17910
LADGATE	5188	10000	0.658	1
XCHTIME	0	0	0	0	0	0	0	0	0	0	0	0
XCHTIME	5188	5	26	20938375	301964	499945	1092917	7189	19036360	127431886863392	127431886904912	17910
XCHTIME	0	0	0	0	0	0	0	0	0	0	0	0
XCHTIME	5188	1	0	5057832	248090	459407	240071	0	4110264	127431886863392	127431886904912	17910
XCHTIME	0	0	0	0	0	0	0	0	0	0	0	0
XCHTIME	5188	3	12	6144250	244566	469423	652004	3121	4775136	127431886863392	127431886904912	17910
XCHTIME	0	0	0	0	0	0	0	0	0	0	0	0
XCHTIME	5188	4	10	8926638	269106	531769	914258	3218	7208287	127431886863392	127431886904912	17910
XCHTIME	0	0	0	0	0	0	0	0	0	0	0	0
XCHTIME	5188	2	5	10858662	234738	460385	462580	1458	9699501	127431886863392	127431886904912	17910
XCHTIME	0	0	0	0	0	0	0	0	0	0	0	0
XCHTIME	5188	4	11	8752035	243384	454198	889009	3875	7161569	127431886863392	127431886904912	17910
XCHTIME	0	0	0	0	0	0	0	0	0	0	0	0
XCHTIME	5188	4	14	10342946	201995	432622	903269	4132	8800928	127431886863392	127431886904912	17910
XCHTIME	0	0	0	0	0	0	0	0	0	0	0	0
XCHTIME	5188	4	13	11425726	247393	458202	868512	3831	9847788	127431886863392	127431886904912	17910
XCHTIME	0	0	0	0	0	0	0	0	0	0	0	0
XCHTIME	5188	1	0	9750608	223572	480916	228333	0	8817787	127431886863392	127431886904912	17910
XCHTIME	0	0	0	0	0	0	0	0	0	0	0	0
XCHTIME	5188	4	6	8454563	243705	486618	880206	1726	6842308	127431886863392	127431886904912	17910
LIFT	batchs201210m	5188	2645	13208	2645
COUNTS	batchs201210m	5188	17910	349298	303381
XCHTIME	0	0	0	0	0	0	0	0	0	0	0	0
XCHTIME	5456	1	0	2646179	245753	489391	238456	0	1672579	127431887117920	127431887161584	15756
XCHTIME	0	0	0	0	0	0	0	0	0	0	0	0
XCHTIME	5456	1	0	3769477	266445	518869	248428	0	2735735	127431887117920	127431887161584	15756
XCHTIME	0	0	0	0	0	0	0	0	0	0	0	0
XCHTIME	5456	1	0	3406624	257730	532421	253707	0	2362766	127431887117920	127431887161584	15756
XCHTIME	0	0	0	0	0	0	0	0	0	0	0	0
XCHTIME	5456	1	0	11187457	255004	513186	258361	0	10160906	127431887117920	127431887161584	15756
LADGATE	5456	10000	0.652	1
XCHTIME	0	0	0	0	0	0	0	0	0	0	0	0
XCHTIME	5456	5	26	88555073	229378	491107	1328636	9443	86496509	127431887117920	127431887161584	15756
XCHTIME	0	0	0	0	0	0	0	0	0	0	0	0
XCHTIME	5456	1	0	5789544	281073	555384	244466	0	4708621	127431887117920	127431887161584	15756
XCHTIME	0	0	0	0	0	0	0	0	0	0	0	0
XCHTIME	5456	2	4	6761958	260849	541202	498913	1742	5459252	127431887117920	127431887161584	15756
XCHTIME	0	0	0	0	0	0	0	0	0	0	0	0
XCHTIME	5456	4	10	13186372	252774	507845	1100186	4298	11321269	127431887117920	127431887161584	15756
XCHTIME	0	0	0	0	0	0	0	0	0	0	0	0
XCHTIME	5456	1	0	11230158	283226	508171	241478	0	10197283	127431887117920	127431887161584	15756
XCHTIME	0	0	0	0	0	0	0	0	0	0	0	0
XCHTIME	5456	4	11	11905761	269839	535599	1015414	4725	10080184	127431887117920	127431887161584	15756
XCHTIME	0	0	0	0	0	0	0	0	0	0	0	0
XCHTIME	5456	2	4	12736427	265971	556592	527586	1546	11384732	127431887117920	127431887161584	15756
XCHTIME	0	0	0	0	0	0	0	0	0	0	0	0
XCHTIME	5456	1	0	11975464	263870	522725	245815	0	10943054	127431887117920	127431887161584	15756
XCHTIME	0	0	0	0	0	0	0	0	0	0	0	0
XCHTIME	5456	1	0	10687284	269444	534715	240900	0	9642225	127431887117920	127431887161584	15756
XCHTIME	0	0	0	0	0	0	0	0	0	0	0	0
XCHTIME	5456	4	6	9968329	292518	555090	937641	2179	8180901	127431887117920	127431887161584	15756
LIFT	rsyn0815m04m	5456	2966	10968	2966
COUNTS	rsyn0815m04m	5456	15756	184352	143402
XCHTIME	0	0	0	0	0	0	0	0	0	0	0	0
XCHTIME	560	2	4	725726	10586	9264	2475	214	703187	127431887633872	127431886731520	1528
XCHTIME	0	0	0	0	0	0	0	0	0	0	0	0
XCHTIME	560	2	6	5924964	4195	3880	2780	344	5913765	127431887633872	127431886731520	1528
XCHTIME	0	0	0	0	0	0	0	0	0	0	0	0
XCHTIME	560	2	5	1911992	4319	3928	2642	304	1900799	127431887633872	127431886731520	1528
XCHTIME	0	0	0	0	0	0	0	0	0	0	0	0
XCHTIME	560	4	18	11832463	4042	4060	6553	1368	11816440	127431887633872	127431886731520	1528
LADGATE	560	10000	0.285	1
XCHTIME	0	0	0	0	0	0	0	0	0	0	0	0
XCHTIME	560	5	26	14491124	4162	4728	7213	1308	14473713	127431887633872	127431886731520	1528
XCHTIME	0	0	0	0	0	0	0	0	0	0	0	0
XCHTIME	560	4	66	4740377	3900	4055	7562	2626	4722234	127431887633872	127431886731520	1528
XCHTIME	0	0	0	0	0	0	0	0	0	0	0	0
XCHTIME	560	4	15	2288992	4360	4725	5001	664	2274242	127431887633872	127431886731520	1528
XCHTIME	0	0	0	0	0	0	0	0	0	0	0	0
XCHTIME	560	4	10	1342837	3877	4335	4665	396	1329564	127431887633872	127431886731520	1528
XCHTIME	0	0	0	0	0	0	0	0	0	0	0	0
XCHTIME	560	4	18	11780172	3644	3742	7693	882	11764211	127431887633872	127431886731520	1528
XCHTIME	0	0	0	0	0	0	0	0	0	0	0	0
XCHTIME	560	4	11	752804	4218	4111	4486	450	739539	127431887633872	127431886731520	1528
XCHTIME	0	0	0	0	0	0	0	0	0	0	0	0
XCHTIME	560	4	14	3712021	3879	3910	4719	665	3698848	127431887633872	127431886731520	1528
XCHTIME	0	0	0	0	0	0	0	0	0	0	0	0
XCHTIME	560	4	13	6147448	3836	4068	5541	743	6133260	127431887633872	127431886731520	1528
XCHTIME	0	0	0	0	0	0	0	0	0	0	0	0
XCHTIME	560	2	5	16507032	3934	4202	3728	400	16494768	127431887633872	127431886731520	1528
XCHTIME	0	0	0	0	0	0	0	0	0	0	0	0
XCHTIME	560	4	6	496381	4890	4848	5081	485	481077	127431887633872	127431886731520	1528
LIFT	syn40m	560	291	1080	291
COUNTS	syn40m	560	1528	5007	4829
XCHTIME	0	0	0	0	0	0	0	0	0	0	0	0
XCHTIME	2157	2	4	1802581	44139	46080	28424	539	1683399	127431890235424	127431891514768	32604
XCHTIME	0	0	0	0	0	0	0	0	0	0	0	0
XCHTIME	2157	1	0	7447252	45732	49183	12189	0	7340148	127431890235424	127431891514768	32604
XCHTIME	0	0	0	0	0	0	0	0	0	0	0	0
XCHTIME	2157	2	5	4428846	57012	77822	40021	880	4253111	127431890235424	127431891514768	32604
XCHTIME	0	0	0	0	0	0	0	0	0	0	0	0
XCHTIME	2157	2	5	14869818	52082	55511	48209	1045	14712971	127431890235424	127431891514768	32604
LADGATE	2157	10000	0.258	1
XCHTIME	0	0	0	0	0	0	0	0	0	0	0	0
XCHTIME	2157	5	26	43002676	50222	53618	156368	4345	42738123	127431890235424	127431891514768	32604
XCHTIME	0	0	0	0	0	0	0	0	0	0	0	0
XCHTIME	2157	4	66	2803167	48960	68032	70646	6972	2608557	127431890235424	127431891514768	32604
XCHTIME	0	0	0	0	0	0	0	0	0	0	0	0
XCHTIME	2157	4	15	4452370	49892	53048	79254	2515	4267661	127431890235424	127431891514768	32604
XCHTIME	0	0	0	0	0	0	0	0	0	0	0	0
XCHTIME	2157	4	10	3420685	58425	54868	69104	1500	3236788	127431890235424	127431891514768	32604
XCHTIME	0	0	0	0	0	0	0	0	0	0	0	0
XCHTIME	2157	2	5	14842504	52542	53387	49266	1057	14686252	127431890235424	127431891514768	32604
XCHTIME	0	0	0	0	0	0	0	0	0	0	0	0
XCHTIME	2157	4	11	3079211	57227	61774	103125	2420	2854665	127431890235424	127431891514768	32604
XCHTIME	0	0	0	0	0	0	0	0	0	0	0	0
XCHTIME	2157	4	14	10237275	56864	54938	92151	2577	10030745	127431890235424	127431891514768	32604
XCHTIME	0	0	0	0	0	0	0	0	0	0	0	0
XCHTIME	2157	3	12	13584101	52551	54923	68762	2439	13405426	127431890235424	127431891514768	32604
XCHTIME	0	0	0	0	0	0	0	0	0	0	0	0
XCHTIME	2157	1	0	15149239	69650	57454	15609	0	15006526	127431890235424	127431891514768	32604
XCHTIME	0	0	0	0	0	0	0	0	0	0	0	0
XCHTIME	2157	4	6	2730141	66055	68929	73740	947	2520470	127431890235424	127431891514768	32604
LIFT	knp5-44	2157	1167	31152	1167
COUNTS	knp5-44	2157	32604	3764003	3764003
XCHTIME	0	0	0	0	0	0	0	0	0	0	0	0
XCHTIME	94	2	4	157881	2749	722	327	160	153923	127431881452384	127431887638368	390
XCHTIME	0	0	0	0	0	0	0	0	0	0	0	0
XCHTIME	94	2	6	1290245	1120	662	419	307	1287737	127431881452384	127431887638368	390
XCHTIME	0	0	0	0	0	0	0	0	0	0	0	0
XCHTIME	94	2	5	448374	1087	1158	293	200	445636	127431881452384	127431887638368	390
XCHTIME	0	0	0	0	0	0	0	0	0	0	0	0
XCHTIME	94	4	18	2555676	1181	703	973	714	2552105	127431881452384	127431887638368	390
LADGATE	94	10000	0.187	1
XCHTIME	0	0	0	0	0	0	0	0	0	0	0	0
XCHTIME	94	5	26	3267838	1588	901	1078	983	3263288	127431881452384	127431887638368	390
XCHTIME	0	0	0	0	0	0	0	0	0	0	0	0
XCHTIME	94	4	66	1950585	1305	938	492	2588	1945262	127431881452384	127431887638368	390
XCHTIME	0	0	0	0	0	0	0	0	0	0	0	0
XCHTIME	94	4	15	551845	1315	754	509	472	548795	127431881452384	127431887638368	390
XCHTIME	0	0	0	0	0	0	0	0	0	0	0	0
XCHTIME	94	4	10	285457	1028	698	451	326	282954	127431881452384	127431887638368	390
XCHTIME	0	0	0	0	0	0	0	0	0	0	0	0
XCHTIME	94	4	18	2551791	1036	703	525	580	2548947	127431881452384	127431887638368	390
XCHTIME	0	0	0	0	0	0	0	0	0	0	0	0
XCHTIME	94	4	11	169764	1094	713	501	380	167076	127431881452384	127431887638368	390
XCHTIME	0	0	0	0	0	0	0	0	0	0	0	0
XCHTIME	94	4	14	924027	979	624	557	523	921344	127431881452384	127431887638368	390
XCHTIME	0	0	0	0	0	0	0	0	0	0	0	0
XCHTIME	94	4	13	1354613	1172	652	504	387	1351898	127431881452384	127431887638368	390
XCHTIME	0	0	0	0	0	0	0	0	0	0	0	0
XCHTIME	94	4	16	7221584	1014	603	1503	599	7217865	127431881452384	127431887638368	390
XCHTIME	0	0	0	0	0	0	0	0	0	0	0	0
XCHTIME	94	4	6	100948	1499	1034	478	235	97702	127431881452384	127431887638368	390
LIFT	ex1263a	94	59	320	59
COUNTS	ex1263a	94	390	2098	2098
COUNTS	st_e41	8	32	88	88
XCHTIME	0	0	0	0	0	0	0	0	0	0	0	0
XCHTIME	2305	2	4	1121568	20375	54150	28306	409	1018328	127431892140080	127431883432224	6000
XCHTIME	0	0	0	0	0	0	0	0	0	0	0	0
XCHTIME	2305	2	6	3441921	22641	56130	56549	1044	3305557	127431892140080	127431883432224	6000
XCHTIME	0	0	0	0	0	0	0	0	0	0	0	0
XCHTIME	2305	2	5	1269803	32835	62006	29178	500	1145284	127431892140080	127431883432224	6000
XCHTIME	0	0	0	0	0	0	0	0	0	0	0	0
XCHTIME	2305	4	18	6226607	26558	57455	119410	2868	6020316	127431892140080	127431883432224	6000
LADGATE	2305	10000	0.639	1
XCHTIME	0	0	0	0	0	0	0	0	0	0	0	0
XCHTIME	2305	5	26	7919526	35127	66860	171549	3530	7642460	127431892140080	127431883432224	6000
XCHTIME	0	0	0	0	0	0	0	0	0	0	0	0
XCHTIME	2305	4	66	2491469	42612	71561	90952	6580	2279764	127431892140080	127431883432224	6000
XCHTIME	0	0	0	0	0	0	0	0	0	0	0	0
XCHTIME	2305	4	15	2283605	33935	65076	84347	1805	2098442	127431892140080	127431883432224	6000
XCHTIME	0	0	0	0	0	0	0	0	0	0	0	0
XCHTIME	2305	4	10	2202148	29956	62958	90612	1212	2017410	127431892140080	127431883432224	6000
XCHTIME	0	0	0	0	0	0	0	0	0	0	0	0
XCHTIME	2305	4	18	6305538	30812	66731	124942	2541	6080512	127431892140080	127431883432224	6000
XCHTIME	0	0	0	0	0	0	0	0	0	0	0	0
XCHTIME	2305	4	11	2188629	41738	74855	80900	1541	1989595	127431892140080	127431883432224	6000
XCHTIME	0	0	0	0	0	0	0	0	0	0	0	0
XCHTIME	2305	4	14	2508402	31464	62679	86868	1750	2325641	127431892140080	127431883432224	6000
XCHTIME	0	0	0	0	0	0	0	0	0	0	0	0
XCHTIME	2305	4	13	2892170	30188	60486	88311	1851	2711334	127431892140080	127431883432224	6000
XCHTIME	0	0	0	0	0	0	0	0	0	0	0	0
XCHTIME	2305	4	16	15859905	31451	61484	181842	2194	15582934	127431892140080	127431883432224	6000
XCHTIME	0	0	0	0	0	0	0	0	0	0	0	0
XCHTIME	2305	4	6	2284292	50178	85666	90848	1239	2056361	127431892140080	127431883432224	6000
LIFT	squfl025-030	2305	805	3000	805
COUNTS	squfl025-030	2305	6000	42305	42305
XCHTIME	0	0	0	0	0	0	0	0	0	0	0	0
XCHTIME	98	2	4	172963	7015	1583	507	300	163558	127431881041184	127431887292672	536
XCHTIME	0	0	0	0	0	0	0	0	0	0	0	0
XCHTIME	98	2	6	1856803	1424	706	327	433	1853913	127431881041184	127431887292672	536
XCHTIME	0	0	0	0	0	0	0	0	0	0	0	0
XCHTIME	98	2	5	466007	1402	695	390	413	463107	127431881041184	127431887292672	536
XCHTIME	0	0	0	0	0	0	0	0	0	0	0	0
XCHTIME	98	4	18	3327092	1247	622	651	1141	3323431	127431881041184	127431887292672	536
LADGATE	98	10000	0.236	1
XCHTIME	0	0	0	0	0	0	0	0	0	0	0	0
XCHTIME	98	5	26	4048757	1508	842	763	1669	4043975	127431881041184	127431887292672	536
XCHTIME	0	0	0	0	0	0	0	0	0	0	0	0
XCHTIME	98	4	66	5625018	1259	733	1316	4121	5617589	127431881041184	127431887292672	536
XCHTIME	0	0	0	0	0	0	0	0	0	0	0	0
XCHTIME	98	4	15	592054	1910	1172	727	999	587246	127431881041184	127431887292672	536
XCHTIME	0	0	0	0	0	0	0	0	0	0	0	0
XCHTIME	98	4	10	301487	1263	871	490	622	298241	127431881041184	127431887292672	536
XCHTIME	0	0	0	0	0	0	0	0	0	0	0	0
XCHTIME	98	4	18	3336590	1153	683	670	1219	3332865	127431881041184	127431887292672	536
XCHTIME	0	0	0	0	0	0	0	0	0	0	0	0
XCHTIME	98	4	11	180094	1320	1133	609	676	176356	127431881041184	127431887292672	536
XCHTIME	0	0	0	0	0	0	0	0	0	0	0	0
XCHTIME	98	4	14	1002625	1159	621	537	846	999462	127431881041184	127431887292672	536
XCHTIME	0	0	0	0	0	0	0	0	0	0	0	0
XCHTIME	98	4	13	1930854	1229	730	802	983	1927110	127431881041184	127431887292672	536
XCHTIME	0	0	0	0	0	0	0	0	0	0	0	0
XCHTIME	98	4	16	11019600	1459	1154	1258	1458	11014271	127431881041184	127431887292672	536
XCHTIME	0	0	0	0	0	0	0	0	0	0	0	0
XCHTIME	98	4	6	120314	1545	1198	564	395	116612	127431881041184	127431887292672	536
LIFT	wastewater05m1	98	62	740	62
COUNTS	wastewater05m1	98	536	11690	8002
COUNTS	cvxnonsep_psig20	20	380	2870	2870
XCHTIME	0	0	0	0	0	0	0	0	0	0	0	0
XCHTIME	4405	1	0	1634679	376143	319949	144967	0	793620	127431882269664	127431894491888	171604
XCHTIME	0	0	0	0	0	0	0	0	0	0	0	0
XCHTIME	4405	1	0	1474353	408787	312479	141449	0	611638	127431882269664	127431894491888	171604
XCHTIME	0	0	0	0	0	0	0	0	0	0	0	0
XCHTIME	4405	1	0	1456264	381852	315713	146791	0	611908	127431882269664	127431894491888	171604
XCHTIME	0	0	0	0	0	0	0	0	0	0	0	0
XCHTIME	4405	3	15	5376749	383795	327696	479064	4500	4181694	127431882269664	127431894491888	171604
LADGATE	4405	10000	0.155	1
XCHTIME	0	0	0	0	0	0	0	0	0	0	0	0
XCHTIME	4405	4	10	7358578	394822	339625	561135	2671	6060325	127431882269664	127431894491888	171604
XCHTIME	0	0	0	0	0	0	0	0	0	0	0	0
XCHTIME	4405	2	19	3073874	383923	326375	291226	3450	2068900	127431882269664	127431894491888	171604
XCHTIME	0	0	0	0	0	0	0	0	0	0	0	0
XCHTIME	4405	2	4	3263066	392844	366300	315526	1080	2187316	127431882269664	127431894491888	171604
XCHTIME	0	0	0	0	0	0	0	0	0	0	0	0
XCHTIME	4405	3	9	5287380	398895	320637	413244	2379	4152225	127431882269664	127431894491888	171604
XCHTIME	0	0	0	0	0	0	0	0	0	0	0	0
XCHTIME	4405	3	15	5441641	418928	339756	428716	3975	4250266	127431882269664	127431894491888	171604
XCHTIME	0	0	0	0	0	0	0	0	0	0	0	0
XCHTIME	4405	3	9	5443679	381771	308367	448422	2355	4302764	127431882269664	127431894491888	171604
XCHTIME	0	0	0	0	0	0	0	0	0	0	0	0
XCHTIME	4405	3	12	5394997	395583	309963	427031	2957	4259463	127431882269664	127431894491888	171604
XCHTIME	0	0	0	0	0	0	0	0	0	0	0	0
XCHTIME	4405	3	12	5500747	413471	311251	422656	3206	4350163	127431882269664	127431894491888	171604
XCHTIME	0	0	0	0	0	0	0	0	0	0	0	0
XCHTIME	4405	2	5	6815461	386270	327122	309940	1703	5790426	127431882269664	127431894491888	171604
XCHTIME	0	0	0	0	0	0	0	0	0	0	0	0
XCHTIME	4405	3	3	5367368	414608	315039	438462	634	4198625	127431882269664	127431894491888	171604
LIFT	meanvar-orl400_05_e_8	4405	2403	168400	2403
COUNTS	meanvar-orl400_05_e_8	4405	171604	21923414	21922611
XCHTIME	0	0	0	0	0	0	0	0	0	0	0	0
XCHTIME	301	2	4	498106	6134	2091	1017	162	488702	127431887311104	127431886692640	744
XCHTIME	0	0	0	0	0	0	0	0	0	0	0	0
XCHTIME	301	2	6	4457622	2303	1727	891	199	4452502	127431887311104	127431886692640	744
XCHTIME	0	0	0	0	0	0	0	0	0	0	0	0
XCHTIME	301	2	5	1496749	2336	2148	945	172	1491148	127431887311104	127431886692640	744
XCHTIME	0	0	0	0	0	0	0	0	0	0	0	0
XCHTIME	301	4	18	8321346	2186	1834	2227	595	8314504	127431887311104	127431886692640	744
LADGATE	301	10000	0.261	1
XCHTIME	0	0	0	0	0	0	0	0	0	0	0	0
XCHTIME	301	5	26	10650389	2334	2437	2576	858	10642184	127431887311104	127431886692640	744
XCHTIME	0	0	0	0	0	0	0	0	0	0	0	0
XCHTIME	301	4	66	5617408	2183	2028	2543	2349	5608305	127431887311104	127431886692640	744
XCHTIME	0	0	0	0	0	0	0	0	0	0	0	0
XCHTIME	301	4	15	1717874	2789	2370	2195	559	1709961	127431887311104	127431886692640	744
XCHTIME	0	0	0	0	0	0	0	0	0	0	0	0
XCHTIME	301	4	10	945649	2418	1978	2484	426	938343	127431887311104	127431886692640	744
XCHTIME	0	0	0	0	0	0	0	0	0	0	0	0
XCHTIME	301	4	18	8342575	2351	2288	2552	571	8334813	127431887311104	127431886692640	744
XCHTIME	0	0	0	0	0	0	0	0	0	0	0	0
XCHTIME	301	4	11	545283	2243	2258	1645	395	538742	127431887311104	127431886692640	744
XCHTIME	0	0	0	0	0	0	0	0	0	0	0	0
XCHTIME	301	4	14	2928989	1983	1767	1841	468	2922930	127431887311104	127431886692640	744
XCHTIME	0	0	0	0	0	0	0	0	0	0	0	0
XCHTIME	301	4	13	4843218	2207	2202	1737	447	4836625	127431887311104	127431886692640	744
XCHTIME	0	0	0	0	0	0	0	0	0	0	0	0
XCHTIME	301	3	15	16341842	2436	2194	2317	578	16334317	127431887311104	127431886692640	744
XCHTIME	0	0	0	0	0	0	0	0	0	0	0	0
XCHTIME	301	4	6	318780	2850	2549	3871	206	309304	127431887311104	127431886692640	744
LIFT	st_e31	301	163	492	163
COUNTS	st_e31	301	744	4534	4257
LIFT	pooling_sppc1pq	14100	7273	535700	7273
COUNTS	pooling_sppc1pq	14100	477680	812210652	136686008
XCHTIME	0	0	0	0	0	0	0	0	0	0	0	0
XCHTIME	31	2	4	39135	401	559	303	110	37762	127431881033056	127431887370080	96
XCHTIME	0	0	0	0	0	0	0	0	0	0	0	0
XCHTIME	31	2	6	361907	518	342	149	130	360768	127431881033056	127431887370080	96
XCHTIME	0	0	0	0	0	0	0	0	0	0	0	0
XCHTIME	31	2	5	103487	782	408	324	125	101848	127431881033056	127431887370080	96
XCHTIME	0	0	0	0	0	0	0	0	0	0	0	0
XCHTIME	31	4	18	641100	419	316	391	441	639533	127431881033056	127431887370080	96
LADGATE	31	10000	0.165	1
XCHTIME	0	0	0	0	0	0	0	0	0	0	0	0
XCHTIME	31	5	26	827243	582	1124	328	668	824541	127431881033056	127431887370080	96
XCHTIME	0	0	0	0	0	0	0	0	0	0	0	0
XCHTIME	31	4	59	370631	470	429	244	1774	367714	127431881033056	127431887370080	96
XCHTIME	0	0	0	0	0	0	0	0	0	0	0	0
XCHTIME	31	4	15	148953	567	321	233	305	147527	127431881033056	127431887370080	96
XCHTIME	0	0	0	0	0	0	0	0	0	0	0	0
XCHTIME	31	4	10	64036	683	306	214	199	62634	127431881033056	127431887370080	96
XCHTIME	0	0	0	0	0	0	0	0	0	0	0	0
XCHTIME	31	4	18	624712	522	308	234	411	623237	127431881033056	127431887370080	96
XCHTIME	0	0	0	0	0	0	0	0	0	0	0	0
XCHTIME	31	4	11	50143	749	373	222	218	48581	127431881033056	127431887370080	96
XCHTIME	0	0	0	0	0	0	0	0	0	0	0	0
XCHTIME	31	4	14	224642	471	320	211	278	223362	127431881033056	127431887370080	96
XCHTIME	0	0	0	0	0	0	0	0	0	0	0	0
XCHTIME	31	4	13	269994	638	356	261	266	268473	127431881033056	127431887370080	96
XCHTIME	0	0	0	0	0	0	0	0	0	0	0	0
XCHTIME	31	4	16	2861606	607	396	629	522	2859452	127431881033056	127431887370080	96
XCHTIME	0	0	0	0	0	0	0	0	0	0	0	0
XCHTIME	31	4	6	26845	738	627	401	150	24929	127431881033056	127431887370080	96
COUNTS	pooling_haverly1pq	31	96	412	403
XCHTIME	0	0	0	0	0	0	0	0	0	0	0	0
XCHTIME	128	2	4	201229	3181	988	582	183	196295	127431887350832	127431886699040	672
XCHTIME	0	0	0	0	0	0	0	0	0	0	0	0
XCHTIME	128	2	6	2848004	1319	695	415	297	2845278	127431887350832	127431886699040	672
XCHTIME	0	0	0	0	0	0	0	0	0	0	0	0
XCHTIME	128	2	5	747540	1321	842	418	243	744716	127431887350832	127431886699040	672
XCHTIME	0	0	0	0	0	0	0	0	0	0	0	0
XCHTIME	128	4	18	5434821	1424	727	834	894	5430942	127431887350832	127431886699040	672
LADGATE	128	10000	0.222	1
XCHTIME	0	0	0	0	0	0	0	0	0	0	0	0
XCHTIME	128	5	26	6946708	1347	1244	974	1123	6942020	127431887350832	127431886699040	672
XCHTIME	0	0	0	0	0	0	0	0	0	0	0	0
XCHTIME	128	4	66	1108114	1234	581	743	2590	1102966	127431887350832	127431886699040	672
XCHTIME	0	0	0	0	0	0	0	0	0	0	0	0
XCHTIME	128	4	15	777609	1549	619	725	522	774194	127431887350832	127431886699040	672
XCHTIME	0	0	0	0	0	0	0	0	0	0	0	0
XCHTIME	128	4	10	352873	1265	705	655	410	349838	127431887350832	127431886699040	672
XCHTIME	0	0	0	0	0	0	0	0	0	0	0	0
XCHTIME	128	4	18	5453184	1256	627	666	988	5449647	127431887350832	127431886699040	672
XCHTIME	0	0	0	0	0	0	0	0	0	0	0	0
XCHTIME	128	4	11	199026	1320	620	621	411	196054	127431887350832	127431886699040	672
XCHTIME	0	0	0	0	0	0	0	0	0	0	0	0
XCHTIME	128	4	14	1538924	1300	874	805	496	1535449	127431887350832	127431886699040	672
XCHTIME	0	0	0	0	0	0	0	0	0	0	0	0
XCHTIME	128	4	13	2939639	1263	929	845	708	2935894	127431887350832	127431886699040	672
XCHTIME	0	0	0	0	0	0	0	0	0	0	0	0
XCHTIME	128	4	16	21519744	1351	1125	1386	1136	21514746	127431887350832	127431886699040	672
XCHTIME	0	0	0	0	0	0	0	0	0	0	0	0
XCHTIME	128	4	6	136925	1662	1316	763	278	132906	127431887350832	127431886699040	672
LIFT	graphpart_3g-0244-0244	128	96	672	96
COUNTS	graphpart_3g-0244-0244	128	672	33446	32534
XCHTIME	0	0	0	0	0	0	0	0	0	0	0	0
XCHTIME	80	2	4	156807	2602	1242	441	642	151880	127431887623376	127431886676240	1260
XCHTIME	0	0	0	0	0	0	0	0	0	0	0	0
XCHTIME	80	2	6	2170918	1856	527	475	1037	2167023	127431887623376	127431886676240	1260
XCHTIME	0	0	0	0	0	0	0	0	0	0	0	0
XCHTIME	80	2	5	635267	1903	996	470	719	631179	127431887623376	127431886676240	1260
XCHTIME	0	0	0	0	0	0	0	0	0	0	0	0
XCHTIME	80	4	18	3584329	1877	1004	1483	2673	3577292	127431887623376	127431886676240	1260
LADGATE	80	10000	0.229	1
XCHTIME	0	0	0	0	0	0	0	0	0	0	0	0
XCHTIME	80	5	26	4663590	2348	1340	671	3873	4655358	127431887623376	127431886676240	1260
XCHTIME	0	0	0	0	0	0	0	0	0	0	0	0
XCHTIME	80	4	66	1524129	1787	784	582	7815	1513161	127431887623376	127431886676240	1260
XCHTIME	0	0	0	0	0	0	0	0	0	0	0	0
XCHTIME	80	4	15	585476	1801	902	526	2214	580033	127431887623376	127431886676240	1260
XCHTIME	0	0	0	0	0	0	0	0	0	0	0	0
XCHTIME	80	4	10	299858	1781	649	510	1590	295328	127431887623376	127431886676240	1260
XCHTIME	0	0	0	0	0	0	0	0	0	0	0	0
XCHTIME	80	4	18	3510446	1897	907	511	2642	3504489	127431887623376	127431886676240	1260
XCHTIME	0	0	0	0	0	0	0	0	0	0	0	0
XCHTIME	80	4	11	166988	1821	759	457	1640	162311	127431887623376	127431886676240	1260
XCHTIME	0	0	0	0	0	0	0	0	0	0	0	0
XCHTIME	80	4	14	1170920	1811	640	464	1969	1166036	127431887623376	127431886676240	1260
XCHTIME	0	0	0	0	0	0	0	0	0	0	0	0
XCHTIME	80	4	13	2296100	1883	688	467	1967	2291095	127431887623376	127431886676240	1260
XCHTIME	0	0	0	0	0	0	0	0	0	0	0	0
XCHTIME	80	4	16	13929085	1955	861	1033	2582	13922654	127431887623376	127431886676240	1260
XCHTIME	0	0	0	0	0	0	0	0	0	0	0	0
XCHTIME	80	4	6	109563	2028	1156	523	941	104915	127431887623376	127431886676240	1260
LIFT	graphpart_clique-20	80	77	1254	77
COUNTS	graphpart_clique-20	80	1260	34885	27856
LADGATE	28368	10000	0.775	0
LIFT	mpbp_48	28368	16000	66180	16000
COUNTS	mpbp_48	28368	91016	33835023	16144599
LIFT	pooling_sppb5pq	18529	9496	693670	9496
COUNTS	pooling_sppb5pq	18529	674470	523815053	213571545
XCHTIME	0	0	0	0	0	0	0	0	0	0	0	0
XCHTIME	497	2	4	200746	10350	4831	2595	205	182765	127431887304192	127431890194960	1512
XCHTIME	0	0	0	0	0	0	0	0	0	0	0	0
XCHTIME	497	2	6	719258	3069	3263	2474	289	710163	127431887304192	127431890194960	1512
XCHTIME	0	0	0	0	0	0	0	0	0	0	0	0
XCHTIME	497	2	5	320016	2731	3606	2303	242	311134	127431887304192	127431890194960	1512
XCHTIME	0	0	0	0	0	0	0	0	0	0	0	0
XCHTIME	497	4	18	1521734	2785	3462	4648	888	1509951	127431887304192	127431890194960	1512
LADGATE	497	10000	0.236	1
XCHTIME	0	0	0	0	0	0	0	0	0	0	0	0
XCHTIME	497	5	26	1716427	3167	3566	5210	1158	1703326	127431887304192	127431890194960	1512
XCHTIME	0	0	0	0	0	0	0	0	0	0	0	0
XCHTIME	497	2	19	7219271	2803	3460	3037	928	7209043	127431887304192	127431890194960	1512
XCHTIME	0	0	0	0	0	0	0	0	0	0	0	0
XCHTIME	497	4	15	452275	3486	4104	4718	698	439269	127431887304192	127431890194960	1512
XCHTIME	0	0	0	0	0	0	0	0	0	0	0	0
XCHTIME	497	4	10	331023	2793	3504	4703	342	319681	127431887304192	127431890194960	1512
XCHTIME	0	0	0	0	0	0	0	0	0	0	0	0
XCHTIME	497	4	18	1561423	2727	3429	5668	964	1548635	127431887304192	127431890194960	1512
XCHTIME	0	0	0	0	0	0	0	0	0	0	0	0
XCHTIME	497	4	11	265730	2970	3627	4566	422	254145	127431887304192	127431890194960	1512
XCHTIME	0	0	0	0	0	0	0	0	0	0	0	0
XCHTIME	497	4	14	575079	2876	3400	4997	713	563093	127431887304192	127431890194960	1512
XCHTIME	0	0	0	0	0	0	0	0	0	0	0	0
XCHTIME	497	4	13	900987	2814	3449	5090	587	889047	127431887304192	127431890194960	1512
XCHTIME	0	0	0	0	0	0	0	0	0	0	0	0
XCHTIME	497	4	16	2699129	2752	3510	6858	1088	2684921	127431887304192	127431890194960	1512
XCHTIME	0	0	0	0	0	0	0	0	0	0	0	0
XCHTIME	497	4	6	221961	3239	4130	4477	280	209835	127431887304192	127431890194960	1512
LIFT	slay07m	497	203	924	203
COUNTS	slay07m	497	1512	5740	5740
COUNTS	nvs19	24	200	1353	884
XCHTIME	0	0	0	0	0	0	0	0	0	0	0	0
XCHTIME	3270	2	4	2043721	72951	147586	125802	663	1696719	127431892010752	127431890383792	8430
XCHTIME	0	0	0	0	0	0	0	0	0	0	0	0
XCHTIME	3270	1	0	2909533	71150	144432	57829	0	2636122	127431892010752	127431890383792	8430
XCHTIME	0	0	0	0	0	0	0	0	0	0	0	0
XCHTIME	3270	2	5	2611637	80794	150247	124913	707	2254976	127431892010752	127431890383792	8430
XCHTIME	0	0	0	0	0	0	0	0	0	0	0	0
XCHTIME	3270	3	15	11347859	69938	144106	207030	1730	10925055	127431892010752	127431890383792	8430
LADGATE	3270	10000	0.510	1
XCHTIME	0	0	0	0	0	0	0	0	0	0	0	0
XCHTIME	3270	5	26	18478896	68786	141709	366386	3651	17898364	127431892010752	127431890383792	8430
XCHTIME	0	0	0	0	0	0	0	0	0	0	0	0
XCHTIME	3270	2	19	5380246	81446	152209	147046	1948	4997597	127431892010752	127431890383792	8430
XCHTIME	0	0	0	0	0	0	0	0	0	0	0	0
XCHTIME	3270	4	15	5634795	94519	156937	252550	2084	5128705	127431892010752	127431890383792	8430
XCHTIME	0	0	0	0	0	0	0	0	0	0	0	0
XCHTIME	3270	4	10	4870802	84875	165840	246279	1424	4372384	127431892010752	127431890383792	8430
XCHTIME	0	0	0	0	0	0	0	0	0	0	0	0
XCHTIME	3270	3	15	11457422	75345	146273	216660	2020	11017124	127431892010752	127431890383792	8430
XCHTIME	0	0	0	0	0	0	0	0	0	0	0	0
XCHTIME	3270	4	11	4303403	80852	148198	249876	1316	3823161	127431892010752	127431890383792	8430
XCHTIME	0	0	0	0	0	0	0	0	0	0	0	0
XCHTIME	3270	4	14	6777525	78792	149079	270504	1930	6277220	127431892010752	127431890383792	8430
XCHTIME	0	0	0	0	0	0	0	0	0	0	0	0
XCHTIME	3270	4	13	10926643	75454	148939	278569	1986	10421695	127431892010752	127431890383792	8430
XCHTIME	0	0	0	0	0	0	0	0	0	0	0	0
XCHTIME	3270	1	0	10730310	80558	150574	60860	0	10438318	127431892010752	127431890383792	8430
XCHTIME	0	0	0	0	0	0	0	0	0	0	0	0
XCHTIME	3270	4	6	3841581	86327	155257	249444	952	3349601	127431892010752	127431890383792	8430
LIFT	oil	3270	1687	5444	1687
COUNTS	oil	3270	8430	36313	34760
XCHTIME	0	0	0	0	0	0	0	0	0	0	0	0
XCHTIME	2775	2	4	1452242	37074	88626	64891	773	1260878	127431883587152	127431892036928	7200
XCHTIME	0	0	0	0	0	0	0	0	0	0	0	0
XCHTIME	2775	2	6	2087505	32543	81609	54210	864	1918279	127431883587152	127431892036928	7200
XCHTIME	0	0	0	0	0	0	0	0	0	0	0	0
XCHTIME	2775	2	5	1527597	34300	87573	45786	516	1359422	127431883587152	127431892036928	7200
XCHTIME	0	0	0	0	0	0	0	0	0	0	0	0
XCHTIME	2775	4	18	4146922	35597	87283	121392	2399	3900251	127431883587152	127431892036928	7200
LADGATE	2775	10000	0.839	1
XCHTIME	0	0	0	0	0	0	0	0	0	0	0	0
XCHTIME	2775	5	26	5121787	43643	93464	152301	3537	4828842	127431883587152	127431892036928	7200
XCHTIME	0	0	0	0	0	0	0	0	0	0	0	0
XCHTIME	2775	4	66	3649912	50191	107793	131245	5915	3354768	127431883587152	127431892036928	7200
XCHTIME	0	0	0	0	0	0	0	0	0	0	0	0
XCHTIME	2775	4	15	2810363	36434	100038	113131	1940	2558820	127431883587152	127431892036928	7200
XCHTIME	0	0	0	0	0	0	0	0	0	0	0	0
XCHTIME	2775	4	10	2712831	35021	92700	109357	1334	2474419	127431883587152	127431892036928	7200
XCHTIME	0	0	0	0	0	0	0	0	0	0	0	0
XCHTIME	2775	4	18	4138564	38523	90771	133938	2865	3872467	127431883587152	127431892036928	7200
XCHTIME	0	0	0	0	0	0	0	0	0	0	0	0
XCHTIME	2775	4	11	2771925	44027	91736	120753	1675	2513734	127431883587152	127431892036928	7200
XCHTIME	0	0	0	0	0	0	0	0	0	0	0	0
XCHTIME	2775	4	14	3030065	36641	88923	116090	2043	2786368	127431883587152	127431892036928	7200
XCHTIME	0	0	0	0	0	0	0	0	0	0	0	0
XCHTIME	2775	4	13	3397092	41244	89990	118196	1568	3146094	127431883587152	127431892036928	7200
XCHTIME	0	0	0	0	0	0	0	0	0	0	0	0
XCHTIME	2775	4	16	13789964	45001	90867	269124	2517	13382455	127431883587152	127431892036928	7200
XCHTIME	0	0	0	0	0	0	0	0	0	0	0	0
XCHTIME	2775	4	6	2838634	76938	119489	124150	1141	2516916	127431883587152	127431892036928	7200
LIFT	squfl015-060	2775	975	3600	975
COUNTS	squfl015-060	2775	7200	36400	36400
XCHTIME	0	0	0	0	0	0	0	0	0	0	0	0
XCHTIME	1112	2	4	1042658	9548	12930	7063	225	1012892	127431886747920	127431890252704	5522
XCHTIME	0	0	0	0	0	0	0	0	0	0	0	0
XCHTIME	1112	2	6	7946620	9799	13365	9547	287	7913622	127431886747920	127431890252704	5522
XCHTIME	0	0	0	0	0	0	0	0	0	0	0	0
XCHTIME	1112	2	5	3751693	9854	14413	7944	227	3719255	127431886747920	127431890252704	5522
XCHTIME	0	0	0	0	0	0	0	0	0	0	0	0
XCHTIME	1112	3	15	16278188	10146	13862	18140	632	16235408	127431886747920	127431890252704	5522
LADGATE	1112	10000	0.445	1
XCHTIME	0	0	0	0	0	0	0	0	0	0	0	0
XCHTIME	1112	5	26	31667673	9590	14235	27468	1242	31615138	127431886747920	127431890252704	5522
XCHTIME	0	0	0	0	0	0	0	0	0	0	0	0
XCHTIME	1112	3	57	6191765	11573	15355	14164	1885	6148788	127431886747920	127431890252704	5522
XCHTIME	0	0	0	0	0	0	0	0	0	0	0	0
XCHTIME	1112	4	15	3563755	9521	14325	16903	653	3522353	127431886747920	127431890252704	5522
XCHTIME	0	0	0	0	0	0	0	0	0	0	0	0
XCHTIME	1112	4	10	2050221	9817	13774	15963	450	2010217	127431886747920	127431890252704	5522
XCHTIME	0	0	0	0	0	0	0	0	0	0	0	0
XCHTIME	1112	3	15	16239290	9980	13481	18705	756	16196368	127431886747920	127431890252704	5522
XCHTIME	0	0	0	0	0	0	0	0	0	0	0	0
XCHTIME	1112	4	11	1254185	10318	15178	14289	495	1213905	127431886747920	127431890252704	5522
XCHTIME	0	0	0	0	0	0	0	0	0	0	0	0
XCHTIME	1112	4	14	7502673	9632	13326	19092	723	7459900	127431886747920	127431890252704	5522
XCHTIME	0	0	0	0	0	0	0	0	0	0	0	0
XCHTIME	1112	4	13	14045482	11392	13967	18762	614	14000747	127431886747920	127431890252704	5522
XCHTIME	0	0	0	0	0	0	0	0	0	0	0	0
XCHTIME	1112	1	0	15564055	10459	14358	3557	0	15535681	127431886747920	127431890252704	5522
XCHTIME	0	0	0	0	0	0	0	0	0	0	0	0
XCHTIME	1112	4	6	877624	16772	20533	16339	388	823592	127431886747920	127431890252704	5522
LIFT	ndcc12persp	1112	961	5220	961
COUNTS	ndcc12persp	1112	5522	299115	284793
LIFT	kissing2	20772	10772	381024	10772
COUNTS	kissing2	20772	401024	156414018	156414018
XCHTIME	0	0	0	0	0	0	0	0	0	0	0	0
XCHTIME	1942	2	4	2666129	26604	39159	22948	919	2576499	127431891871136	127431902348944	16030
XCHTIME	0	0	0	0	0	0	0	0	0	0	0	0
XCHTIME	1942	1	0	7709683	27766	45029	9942	0	7626946	127431891871136	127431902348944	16030
XCHTIME	0	0	0	0	0	0	0	0	0	0	0	0
XCHTIME	1942	2	5	5324447	48242	52577	32383	913	5190332	127431891871136	127431902348944	16030
XCHTIME	0	0	0	0	0	0	0	0	0	0	0	0
XCHTIME	1942	2	5	15813044	35311	48470	46547	1117	15681599	127431891871136	127431902348944	16030
LADGATE	1942	10000	0.568	1
XCHTIME	0	0	0	0	0	0	0	0	0	0	0	0
XCHTIME	1942	5	26	73293662	38564	51413	137096	5457	73061132	127431891871136	127431902348944	16030
XCHTIME	0	0	0	0	0	0	0	0	0	0	0	0
XCHTIME	1942	2	19	7024974	44675	55910	40354	3271	6880764	127431891871136	127431902348944	16030
XCHTIME	0	0	0	0	0	0	0	0	0	0	0	0
XCHTIME	1942	3	12	6634276	42586	47920	52204	2374	6489192	127431891871136	127431902348944	16030
XCHTIME	0	0	0	0	0	0	0	0	0	0	0	0
XCHTIME	1942	4	10	5298790	33705	46390	63025	2340	5153330	127431891871136	127431902348944	16030
XCHTIME	0	0	0	0	0	0	0	0	0	0	0	0
XCHTIME	1942	2	5	15702148	34585	46156	53168	1187	15567052	127431891871136	127431902348944	16030
XCHTIME	0	0	0	0	0	0	0	0	0	0	0	0
XCHTIME	1942	4	11	3733576	41312	48891	61022	2374	3579977	127431891871136	127431902348944	16030
XCHTIME	0	0	0	0	0	0	0	0	0	0	0	0
XCHTIME	1942	4	14	14546944	33399	43409	76121	2776	14391239	127431891871136	127431902348944	16030
XCHTIME	0	0	0	0	0	0	0	0	0	0	0	0
XCHTIME	1942	2	4	15181124	34410	45450	35488	948	15064828	127431891871136	127431902348944	16030
XCHTIME	0	0	0	0	0	0	0	0	0	0	0	0
XCHTIME	1942	1	0	15462432	43234	51308	12599	0	15355291	127431891871136	127431902348944	16030
XCHTIME	0	0	0	0	0	0	0	0	0	0	0	0
XCHTIME	1942	4	6	2928951	47175	54215	57602	1267	2768692	127431891871136	127431902348944	16030
LIFT	nuclear25a	1942	755	18260	755
COUNTS	nuclear25a	1942	16030	1977163	1136191
XCHTIME	0	0	0	0	0	0	0	0	0	0	0	0
XCHTIME	222	2	4	149847	4511	1529	715	206	142886	127431890514928	127431883567424	704
XCHTIME	0	0	0	0	0	0	0	0	0	0	0	0
XCHTIME	222	2	6	846951	1579	1053	529	239	843551	127431890514928	127431883567424	704
XCHTIME	0	0	0	0	0	0	0	0	0	0	0	0
XCHTIME	222	2	5	346247	1733	980	526	213	342795	127431890514928	127431883567424	704
XCHTIME	0	0	0	0	0	0	0	0	0	0	0	0
XCHTIME	222	4	18	1553444	1396	1007	1210	748	1549083	127431890514928	127431883567424	704
LADGATE	222	10000	0.213	1
XCHTIME	0	0	0	0	0	0	0	0	0	0	0	0
XCHTIME	222	5	26	1769892	1930	1743	1433	1139	1763647	127431890514928	127431883567424	704
XCHTIME	0	0	0	0	0	0	0	0	0	0	0	0
XCHTIME	222	4	66	5720646	1536	1158	1494	2686	5713772	127431890514928	127431883567424	704
XCHTIME	0	0	0	0	0	0	0	0	0	0	0	0
XCHTIME	222	4	15	401417	1665	1246	1199	593	396714	127431890514928	127431883567424	704
XCHTIME	0	0	0	0	0	0	0	0	0	0	0	0
XCHTIME	222	4	10	231353	1552	1080	1373	351	226997	127431890514928	127431883567424	704
XCHTIME	0	0	0	0	0	0	0	0	0	0	0	0
XCHTIME	222	4	18	1556135	1436	932	1456	865	1551446	127431890514928	127431883567424	704
XCHTIME	0	0	0	0	0	0	0	0	0	0	0	0
XCHTIME	222	4	11	171279	1569	1243	1032	404	167031	127431890514928	127431883567424	704
XCHTIME	0	0	0	0	0	0	0	0	0	0	0	0
XCHTIME	222	4	14	653046	1522	1001	4989	562	644972	127431890514928	127431883567424	704
XCHTIME	0	0	0	0	0	0	0	0	0	0	0	0
XCHTIME	222	4	13	957170	1819	1129	1362	521	952339	127431890514928	127431883567424	704
XCHTIME	0	0	0	0	0	0	0	0	0	0	0	0
XCHTIME	222	4	16	4331813	1778	955	1853	760	4326467	127431890514928	127431883567424	704
XCHTIME	0	0	0	0	0	0	0	0	0	0	0	0
XCHTIME	222	4	6	128318	1686	1665	1034	219	123714	127431890514928	127431883567424	704
LIFT	clay0204m	222	102	464	102
COUNTS	clay0204m	222	704	2330	2330
XCHTIME	0	0	0	0	0	0	0	0	0	0	0	0
XCHTIME	23	2	4	36398	299	374	173	113	35439	127431882579280	127431887326496	68
XCHTIME	0	0	0	0	0	0	0	0	0	0	0	0
XCHTIME	23	2	6	428623	247	397	134	138	427707	127431882579280	127431887326496	68
XCHTIME	0	0	0	0	0	0	0	0	0	0	0	0
XCHTIME	23	2	5	98401	313	367	144	97	97480	127431882579280	127431887326496	68
XCHTIME	0	0	0	0	0	0	0	0	0	0	0	0
XCHTIME	23	4	18	254743	307	307	255	440	253434	127431882579280	127431887326496	68
LADGATE	23	10000	0.131	1
XCHTIME	0	0	0	0	0	0	0	0	0	0	0	0
XCHTIME	23	5	26	552152	628	681	325	674	549844	127431882579280	127431887326496	68
XCHTIME	0	0	0	0	0	0	0	0	0	0	0	0
XCHTIME	23	4	51	1325706	398	416	188	1350	1323354	127431882579280	127431887326496	68
XCHTIME	0	0	0	0	0	0	0	0	0	0	0	0
XCHTIME	23	4	15	79701	374	403	198	331	78395	127431882579280	127431887326496	68
XCHTIME	0	0	0	0	0	0	0	0	0	0	0	0
XCHTIME	23	4	10	43323	327	338	221	196	42241	127431882579280	127431887326496	68
XCHTIME	0	0	0	0	0	0	0	0	0	0	0	0
XCHTIME	23	4	18	252780	276	290	183	413	251618	127431882579280	127431887326496	68
XCHTIME	0	0	0	0	0	0	0	0	0	0	0	0
XCHTIME	23	4	11	32999	273	283	184	224	32035	127431882579280	127431887326496	68
XCHTIME	0	0	0	0	0	0	0	0	0	0	0	0
XCHTIME	23	4	14	189545	265	229	193	324	188534	127431882579280	127431887326496	68
XCHTIME	0	0	0	0	0	0	0	0	0	0	0	0
XCHTIME	23	4	13	344323	285	251	196	302	343289	127431882579280	127431887326496	68
XCHTIME	0	0	0	0	0	0	0	0	0	0	0	0
XCHTIME	23	4	16	1846442	341	336	252	362	1845151	127431882579280	127431887326496	68
XCHTIME	0	0	0	0	0	0	0	0	0	0	0	0
XCHTIME	23	4	6	22328	358	355	232	121	21262	127431882579280	127431887326496	68
COUNTS	st_ph13	23	68	207	178
XCHTIME	0	0	0	0	0	0	0	0	0	0	0	0
XCHTIME	1053	2	4	688574	7998	11834	6127	247	662368	127431892104496	127431892158544	4654
XCHTIME	0	0	0	0	0	0	0	0	0	0	0	0
XCHTIME	1053	2	6	6067179	8598	12081	10992	485	6035023	127431892104496	127431892158544	4654
XCHTIME	0	0	0	0	0	0	0	0	0	0	0	0
XCHTIME	1053	2	5	1859709	9759	13145	6337	296	1830172	127431892104496	127431892158544	4654
XCHTIME	0	0	0	0	0	0	0	0	0	0	0	0
XCHTIME	1053	4	18	11857358	8322	12133	15949	1230	11819724	127431892104496	127431892158544	4654
LADGATE	1053	10000	0.397	1
XCHTIME	0	0	0	0	0	0	0	0	0	0	0	0
XCHTIME	1053	5	26	14212850	8497	12620	23447	1696	14166590	127431892104496	127431892158544	4654
XCHTIME	0	0	0	0	0	0	0	0	0	0	0	0
XCHTIME	1053	4	66	805382	9674	12802	11997	3186	767723	127431892104496	127431892158544	4654
XCHTIME	0	0	0	0	0	0	0	0	0	0	0	0
XCHTIME	1053	4	15	2003587	8118	11643	13137	977	1969712	127431892104496	127431892158544	4654
XCHTIME	0	0	0	0	0	0	0	0	0	0	0	0
XCHTIME	1053	4	10	1210047	8394	12041	12735	632	1176245	127431892104496	127431892158544	4654
XCHTIME	0	0	0	0	0	0	0	0	0	0	0	0
XCHTIME	1053	4	18	11570845	8174	11624	16193	1145	11533709	127431892104496	127431892158544	4654
XCHTIME	0	0	0	0	0	0	0	0	0	0	0	0
XCHTIME	1053	4	11	921661	9481	12767	12321	700	886392	127431892104496	127431892158544	4654
XCHTIME	0	0	0	0	0	0	0	0	0	0	0	0
XCHTIME	1053	4	14	3605762	8306	11822	13525	966	3571143	127431892104496	127431892158544	4654
XCHTIME	0	0	0	0	0	0	0	0	0	0	0	0
XCHTIME	1053	4	13	6410903	8710	11873	14968	762	6374590	127431892104496	127431892158544	4654
XCHTIME	0	0	0	0	0	0	0	0	0	0	0	0
XCHTIME	1053	2	5	17576737	9084	12500	14473	569	17540111	127431892104496	127431892158544	4654
XCHTIME	0	0	0	0	0	0	0	0	0	0	0	0
XCHTIME	1053	4	6	790116	12668	16957	12679	408	747404	127431892104496	127431892158544	4654
LIFT	edgecross10-030	1053	573	5134	573
COUNTS	edgecross10-030	1053	4654	135854	100080
XCHTIME	0	0	0	0	0	0	0	0	0	0	0	0
XCHTIME	601	2	4	1617452	9311	5030	2757	320	1600034	127431890208560	127431891886688	2396
XCHTIME	0	0	0	0	0	0	0	0	0	0	0	0
XCHTIME	601	1	0	7212214	4105	4603	1299	0	7202207	127431890208560	127431891886688	2396
XCHTIME	0	0	0	0	0	0	0	0	0	0	0	0
XCHTIME	601	2	5	5859037	4985	5995	2805	364	5844888	127431890208560	127431891886688	2396
XCHTIME	0	0	0	0	0	0	0	0	0	0	0	0
XCHTIME	601	2	5	14450459	4066	4968	3167	380	14437878	127431890208560	127431891886688	2396
LADGATE	601	10000	0.248	1
XCHTIME	0	0	0	0	0	0	0	0	0	0	0	0
XCHTIME	601	5	26	63591464	4253	5442	7532	1843	63572394	127431890208560	127431891886688	2396
XCHTIME	0	0	0	0	0	0	0	0	0	0	0	0
XCHTIME	601	4	66	220896	4377	5326	5194	2752	203247	127431890208560	127431891886688	2396
XCHTIME	0	0	0	0	0	0	0	0	0	0	0	0
XCHTIME	601	4	15	4594825	3810	4462	5331	951	4580271	127431890208560	127431891886688	2396
XCHTIME	0	0	0	0	0	0	0	0	0	0	0	0
XCHTIME	601	4	10	3016961	3880	4673	5712	642	3002054	127431890208560	127431891886688	2396
XCHTIME	0	0	0	0	0	0	0	0	0	0	0	0
XCHTIME	601	2	5	14544862	3977	4693	3099	379	14532714	127431890208560	127431891886688	2396
XCHTIME	0	0	0	0	0	0	0	0	0	0	0	0
XCHTIME	601	4	11	1190685	3971	5307	5418	667	1175322	127431890208560	127431891886688	2396
XCHTIME	0	0	0	0	0	0	0	0	0	0	0	0
XCHTIME	601	4	14	14453489	3885	4742	5739	1086	14438037	127431890208560	127431891886688	2396
XCHTIME	0	0	0	0	0	0	0	0	0	0	0	0
XCHTIME	601	3	12	15505198	4065	5252	4264	890	15490727	127431890208560	127431891886688	2396
XCHTIME	0	0	0	0	0	0	0	0	0	0	0	0
XCHTIME	601	1	0	15359419	3938	4793	1291	0	15349397	127431890208560	127431891886688	2396
XCHTIME	0	0	0	0	0	0	0	0	0	0	0	0
XCHTIME	601	4	6	739053	6054	7628	5583	442	719346	127431890208560	127431891886688	2396
LIFT	chain200	601	400	1596	400
COUNTS	chain200	601	2396	8182	8182
XCHTIME	0	0	0	0	0	0	0	0	0	0	0	0
XCHTIME	25	2	4	41112	299	537	185	136	39955	127431886692112	127431883577680	66
XCHTIME	0	0	0	0	0	0	0	0	0	0	0	0
XCHTIME	25	2	6	336932	281	358	210	215	335868	127431886692112	127431883577680	66
XCHTIME	0	0	0	0	0	0	0	0	0	0	0	0
XCHTIME	25	2	5	92910	293	334	142	136	92005	127431886692112	127431883577680	66
XCHTIME	0	0	0	0	0	0	0	0	0	0	0	0
XCHTIME	25	4	18	655036	317	323	247	482	653667	127431886692112	127431883577680	66
LADGATE	25	10000	0.163	1
XCHTIME	0	0	0	0	0	0	0	0	0	0	0	0
XCHTIME	25	5	26	694848	618	695	333	723	692479	127431886692112	127431883577680	66
XCHTIME	0	0	0	0	0	0	0	0	0	0	0	0
XCHTIME	25	4	53	9903	395	317	204	1432	7555	127431886692112	127431883577680	66
XCHTIME	0	0	0	0	0	0	0	0	0	0	0	0
XCHTIME	25	4	15	118171	275	272	214	363	117047	127431886692112	127431883577680	66
XCHTIME	0	0	0	0	0	0	0	0	0	0	0	0
XCHTIME	25	4	10	80097	356	279	185	255	79022	127431886692112	127431883577680	66
XCHTIME	0	0	0	0	0	0	0	0	0	0	0	0
XCHTIME	25	4	18	652217	325	269	209	452	650962	127431886692112	127431883577680	66
XCHTIME	0	0	0	0	0	0	0	0	0	0	0	0
XCHTIME	25	4	11	48806	333	327	223	344	47579	127431886692112	127431883577680	66
XCHTIME	0	0	0	0	0	0	0	0	0	0	0	0
XCHTIME	25	4	14	169710	296	269	239	406	168500	127431886692112	127431883577680	66
XCHTIME	0	0	0	0	0	0	0	0	0	0	0	0
XCHTIME	25	4	13	359706	336	295	229	350	358496	127431886692112	127431883577680	66
XCHTIME	0	0	0	0	0	0	0	0	0	0	0	0
XCHTIME	25	4	16	1462824	345	283	346	446	1461404	127431886692112	127431883577680	66
XCHTIME	0	0	0	0	0	0	0	0	0	0	0	0
XCHTIME	25	4	6	31481	561	738	221	173	29788	127431886692112	127431883577680	66
COUNTS	ex1223b	25	66	178	178
XCHTIME	0	0	0	0	0	0	0	0	0	0	0	0
XCHTIME	2718	2	4	1388521	32249	81058	52115	706	1222393	127431890318592	127431882370176	7488
XCHTIME	0	0	0	0	0	0	0	0	0	0	0	0
XCHTIME	2718	1	0	1458320	41601	92085	26993	0	1297641	127431890318592	127431882370176	7488
XCHTIME	0	0	0	0	0	0	0	0	0	0	0	0
XCHTIME	2718	2	5	1122848	49312	86328	48209	592	938407	127431890318592	127431882370176	7488
XCHTIME	0	0	0	0	0	0	0	0	0	0	0	0
XCHTIME	2718	4	18	5689652	27353	77926	115511	2608	5466254	127431890318592	127431882370176	7488
LADGATE	2718	10000	0.548	1
XCHTIME	0	0	0	0	0	0	0	0	0	0	0	0
XCHTIME	2718	5	26	6778902	38344	83396	166623	3949	6486590	127431890318592	127431882370176	7488
XCHTIME	0	0	0	0	0	0	0	0	0	0	0	0
XCHTIME	2718	2	19	6017175	46413	93931	58849	2109	5815873	127431890318592	127431882370176	7488
XCHTIME	0	0	0	0	0	0	0	0	0	0	0	0
XCHTIME	2718	4	15	3281862	67068	95206	129885	2101	2987602	127431890318592	127431882370176	7488
XCHTIME	0	0	0	0	0	0	0	0	0	0	0	0
XCHTIME	2718	4	10	3013574	36441	95022	136330	1842	2743939	127431890318592	127431882370176	7488
XCHTIME	0	0	0	0	0	0	0	0	0	0	0	0
XCHTIME	2718	4	18	5746024	39149	86644	125284	2561	5492386	127431890318592	127431882370176	7488
XCHTIME	0	0	0	0	0	0	0	0	0	0	0	0
XCHTIME	2718	4	11	2908484	40603	88763	123557	1763	2653798	127431890318592	127431882370176	7488
XCHTIME	0	0	0	0	0	0	0	0	0	0	0	0
XCHTIME	2718	4	14	3374318	38693	85351	124383	2497	3123394	127431890318592	127431882370176	7488
XCHTIME	0	0	0	0	0	0	0	0	0	0	0	0
XCHTIME	2718	4	13	4377396	41230	85108	120557	1769	4128732	127431890318592	127431882370176	7488
XCHTIME	0	0	0	0	0	0	0	0	0	0	0	0
XCHTIME	2718	1	0	11454653	37217	86976	29776	0	11300684	127431890318592	127431882370176	7488
XCHTIME	0	0	0	0	0	0	0	0	0	0	0	0
XCHTIME	2718	4	6	2741927	72860	114964	119257	997	2433849	127431890318592	127431882370176	7488
LIFT	slay09h	2718	1206	5040	1206
COUNTS	slay09h	2718	7488	36057	32385
XCHTIME	0	0	0	0	0	0	0	0	0	0	0	0
XCHTIME	974	2	4	1252484	10781	11449	5692	223	1224339	127431890340352	127431902496416	5982
XCHTIME	0	0	0	0	0	0	0	0	0	0	0	0
XCHTIME	974	2	6	9222763	8830	10669	7816	257	9195191	127431890340352	127431902496416	5982
XCHTIME	0	0	0	0	0	0	0	0	0	0	0	0
XCHTIME	974	2	5	4553478	9936	11875	6278	213	4525176	127431890340352	127431902496416	5982
XCHTIME	0	0	0	0	0	0	0	0	0	0	0	0
XCHTIME	974	3	15	17998984	9481	11442	13550	869	17963642	127431890340352	127431902496416	5982
LADGATE	974	10000	0.480	1
XCHTIME	0	0	0	0	0	0	0	0	0	0	0	0
XCHTIME	974	5	26	41484650	9447	11225	21135	1118	41441725	127431890340352	127431902496416	5982
XCHTIME	0	0	0	0	0	0	0	0	0	0	0	0
XCHTIME	974	3	57	7433600	9730	11976	16953	2191	7392750	127431890340352	127431902496416	5982
XCHTIME	0	0	0	0	0	0	0	0	0	0	0	0
XCHTIME	974	4	15	4489540	9170	11785	19453	596	4448536	127431890340352	127431902496416	5982
XCHTIME	0	0	0	0	0	0	0	0	0	0	0	0
XCHTIME	974	4	10	2366974	10333	12647	13253	529	2330212	127431890340352	127431902496416	5982
XCHTIME	0	0	0	0	0	0	0	0	0	0	0	0
XCHTIME	974	3	15	18208540	9252	11439	14648	621	18172580	127431890340352	127431902496416	5982
XCHTIME	0	0	0	0	0	0	0	0	0	0	0	0
XCHTIME	974	4	11	1290927	11657	13570	13444	484	1251772	127431890340352	127431902496416	5982
XCHTIME	0	0	0	0	0	0	0	0	0	0	0	0
XCHTIME	974	4	14	9148830	9417	17787	15924	607	9105095	127431890340352	127431902496416	5982
XCHTIME	0	0	0	0	0	0	0	0	0	0	0	0
XCHTIME	974	4	13	17708263	14594	15161	19384	622	17658502	127431890340352	127431902496416	5982
XCHTIME	0	0	0	0	0	0	0	0	0	0	0	0
XCHTIME	974	1	0	17815750	9831	12346	2746	0	17790827	127431890340352	127431902496416	5982
XCHTIME	0	0	0	0	0	0	0	0	0	0	0	0
XCHTIME	974	4	6	867993	15105	16329	11313	288	824958	127431890340352	127431902496416	5982
LIFT	ndcc12	974	902	6222	902
COUNTS	ndcc12	974	5982	345696	329556
XCHTIME	0	0	0	0	0	0	0	0	0	0	0	0
XCHTIME	1306	2	4	1635507	9944	17762	9881	305	1597615	127431886766432	127431894009824	5378
XCHTIME	0	0	0	0	0	0	0	0	0	0	0	0
XCHTIME	1306	2	6	7360485	10035	18616	12554	735	7318545	127431886766432	127431894009824	5378
XCHTIME	0	0	0	0	0	0	0	0	0	0	0	0
XCHTIME	1306	2	5	5194955	10737	18900	13296	384	5151638	127431886766432	127431894009824	5378
XCHTIME	0	0	0	0	0	0	0	0	0	0	0	0
XCHTIME	1306	3	15	15491919	12150	19498	25503	1057	15433711	127431886766432	127431894009824	5378
LADGATE	1306	10000	0.420	1
XCHTIME	0	0	0	0	0	0	0	0	0	0	0	0
XCHTIME	1306	5	26	34449358	10369	18355	50025	2301	34368308	127431886766432	127431894009824	5378
XCHTIME	0	0	0	0	0	0	0	0	0	0	0	0
XCHTIME	1306	1	0	6869992	14136	21195	5490	0	6829171	127431886766432	127431894009824	5378
XCHTIME	0	0	0	0	0	0	0	0	0	0	0	0
XCHTIME	1306	4	15	6731870	17966	25552	25983	988	6661381	127431886766432	127431894009824	5378
XCHTIME	0	0	0	0	0	0	0	0	0	0	0	0
XCHTIME	1306	4	10	3033938	11557	19655	24303	698	2977725	127431886766432	127431894009824	5378
XCHTIME	0	0	0	0	0	0	0	0	0	0	0	0
XCHTIME	1306	3	15	15588732	13389	22222	28460	1243	15523418	127431886766432	127431894009824	5378
XCHTIME	0	0	0	0	0	0	0	0	0	0	0	0
XCHTIME	1306	4	11	2526689	13453	21471	24657	856	2466252	127431886766432	127431894009824	5378
XCHTIME	0	0	0	0	0	0	0	0	0	0	0	0
XCHTIME	1306	4	14	10477686	11194	19762	28892	963	10416875	127431886766432	127431894009824	5378
XCHTIME	0	0	0	0	0	0	0	0	0	0	0	0
XCHTIME	1306	4	13	16198539	14262	20764	35672	1283	16126558	127431886766432	127431894009824	5378
XCHTIME	0	0	0	0	0	0	0	0	0	0	0	0
XCHTIME	1306	1	0	15839358	13403	21108	5097	0	15799750	127431886766432	127431894009824	5378
XCHTIME	0	0	0	0	0	0	0	0	0	0	0	0
XCHTIME	1306	4	6	1454165	18888	24240	24357	440	1386240	127431886766432	127431894009824	5378
LIFT	kall_circlesrectangles_c6r39	1306	924	4638	924
COUNTS	kall_circlesrectangles_c6r39	1306	5378	75744	74610
XCHTIME	0	0	0	0	0	0	0	0	0	0	0	0
XCHTIME	9170	1	0	4378026	804542	1573909	783678	0	1215897	127431881552512	127431881625888	24000
XCHTIME	0	0	0	0	0	0	0	0	0	0	0	0
XCHTIME	9170	1	0	6185858	758738	1583374	791619	0	3052127	127431881552512	127431881625888	24000
XCHTIME	0	0	0	0	0	0	0	0	0	0	0	0
XCHTIME	9170	1	0	5380810	783207	1586448	795245	0	2215910	127431881552512	127431881625888	24000
XCHTIME	0	0	0	0	0	0	0	0	0	0	0	0
XCHTIME	9170	2	5	10847662	804959	1614063	1578756	2730	6847154	127431881552512	127431881625888	24000
LADGATE	9170	10000	0.512	1
XCHTIME	0	0	0	0	0	0	0	0	0	0	0	0
XCHTIME	9170	5	26	28874922	792144	1606458	3917959	12768	22545593	127431881552512	127431881625888	24000
XCHTIME	0	0	0	0	0	0	0	0	0	0	0	0
XCHTIME	9170	1	0	6325986	807758	1613063	798907	0	3106258	127431881552512	127431881625888	24000
XCHTIME	0	0	0	0	0	0	0	0	0	0	0	0
XCHTIME	9170	1	0	6274539	756957	1634117	791651	0	3091814	127431881552512	127431881625888	24000
XCHTIME	0	0	0	0	0	0	0	0	0	0	0	0
XCHTIME	9170	2	3	10988518	826387	1612116	1551204	1815	6996996	127431881552512	127431881625888	24000
XCHTIME	0	0	0	0	0	0	0	0	0	0	0	0
XCHTIME	9170	2	5	10803726	807516	1591930	1581933	2685	6819662	127431881552512	127431881625888	24000
XCHTIME	0	0	0	0	0	0	0	0	0	0	0	0
XCHTIME	9170	2	3	11050109	754826	1687013	1596882	1948	7009440	127431881552512	127431881625888	24000
XCHTIME	0	0	0	0	0	0	0	0	0	0	0	0
XCHTIME	9170	2	4	10893558	784629	1636125	1569012	2523	6901269	127431881552512	127431881625888	24000
XCHTIME	0	0	0	0	0	0	0	0	0	0	0	0
XCHTIME	9170	2	4	10929988	813329	1595174	1595400	2212	6923873	127431881552512	127431881625888	24000
XCHTIME	0	0	0	0	0	0	0	0	0	0	0	0
XCHTIME	9170	2	5	11430301	803233	1647610	1662799	2480	7314179	127431881552512	127431881625888	24000
XCHTIME	0	0	0	0	0	0	0	0	0	0	0	0
XCHTIME	9170	2	3	10622153	810651	1592849	1563738	2022	6652893	127431881552512	127431881625888	24000
LIFT	squfl020-150	9170	3170	12000	3170
COUNTS	squfl020-150	9170	24000	135020	135020
COUNTS	autocorr_bern40-30	43	1534	20034	20034
XCHTIME	0	0	0	0	0	0	0	0	0	0	0	0
XCHTIME	660	2	4	252164	10991	7939	3206	239	229789	127431881531632	127431891919472	2016
XCHTIME	0	0	0	0	0	0	0	0	0	0	0	0
XCHTIME	660	2	6	1015014	3783	6108	3996	332	1000795	127431881531632	127431891919472	2016
XCHTIME	0	0	0	0	0	0	0	0	0	0	0	0
XCHTIME	660	2	5	426920	4035	7011	3314	289	412271	127431881531632	127431891919472	2016
XCHTIME	0	0	0	0	0	0	0	0	0	0	0	0
XCHTIME	660	4	18	1809883	3999	6660	8737	1228	1789259	127431881531632	127431891919472	2016
LADGATE	660	10000	0.266	1
XCHTIME	0	0	0	0	0	0	0	0	0	0	0	0
XCHTIME	660	5	26	2305854	4153	6369	7814	1556	2285962	127431881531632	127431891919472	2016
XCHTIME	0	0	0	0	0	0	0	0	0	0	0	0
XCHTIME	660	1	0	6794944	3687	6045	1520	0	6783692	127431881531632	127431891919472	2016
XCHTIME	0	0	0	0	0	0	0	0	0	0	0	0
XCHTIME	660	4	15	591545	5155	6995	6408	766	572221	127431881531632	127431891919472	2016
XCHTIME	0	0	0	0	0	0	0	0	0	0	0	0
XCHTIME	660	4	10	417406	3673	6026	6694	457	400556	127431881531632	127431891919472	2016
XCHTIME	0	0	0	0	0	0	0	0	0	0	0	0
XCHTIME	660	4	18	1773672	3286	5562	8471	1062	1755291	127431881531632	127431891919472	2016
XCHTIME	0	0	0	0	0	0	0	0	0	0	0	0
XCHTIME	660	4	11	364462	3668	6161	6068	531	348034	127431881531632	127431891919472	2016
XCHTIME	0	0	0	0	0	0	0	0	0	0	0	0
XCHTIME	660	4	14	776988	3553	5965	5796	699	760975	127431881531632	127431891919472	2016
XCHTIME	0	0	0	0	0	0	0	0	0	0	0	0
XCHTIME	660	4	13	1125375	3619	5972	6552	847	1108385	127431881531632	127431891919472	2016
XCHTIME	0	0	0	0	0	0	0	0	0	0	0	0
XCHTIME	660	4	16	5256368	3487	6059	10322	1127	5235373	127431881531632	127431891919472	2016
XCHTIME	0	0	0	0	0	0	0	0	0	0	0	0
XCHTIME	660	4	6	318869	5482	7925	5949	322	299191	127431881531632	127431891919472	2016
LIFT	slay08m	660	268	1232	268
COUNTS	slay08m	660	2016	7796	7796
XCHTIME	0	0	0	0	0	0	0	0	0	0	0	0
XCHTIME	2032	1	0	2840633	27956	45904	10886	0	2755887	127431882338848	127431894075376	15900
XCHTIME	0	0	0	0	0	0	0	0	0	0	0	0
XCHTIME	2032	1	0	7774831	33318	51980	14190	0	7675343	127431882338848	127431894075376	15900
XCHTIME	0	0	0	0	0	0	0	0	0	0	0	0
XCHTIME	2032	1	0	5704883	42444	55796	13909	0	5592734	127431882338848	127431894075376	15900
XCHTIME	0	0	0	0	0	0	0	0	0	0	0	0
XCHTIME	2032	1	0	15672551	35562	51882	13372	0	15571735	127431882338848	127431894075376	15900
LADGATE	2032	10000	0.593	1
XCHTIME	0	0	0	0	0	0	0	0	0	0	0	0
XCHTIME	2032	4	10	11494056	29937	47648	71610	2081	11342780	127431882338848	127431894075376	15900
XCHTIME	0	0	0	0	0	0	0	0	0	0	0	0
XCHTIME	2032	3	57	6308305	40381	64358	68816	10533	6124217	127431882338848	127431894075376	15900
XCHTIME	0	0	0	0	0	0	0	0	0	0	0	0
XCHTIME	2032	2	4	5836700	30873	48146	32815	1089	5723777	127431882338848	127431894075376	15900
XCHTIME	0	0	0	0	0	0	0	0	0	0	0	0
XCHTIME	2032	4	10	7264778	33063	50596	67118	2030	7111971	127431882338848	127431894075376	15900
XCHTIME	0	0	0	0	0	0	0	0	0	0	0	0
XCHTIME	2032	1	0	15995790	30783	47503	13254	0	15904250	127431882338848	127431894075376	15900
XCHTIME	0	0	0	0	0	0	0	0	0	0	0	0
XCHTIME	2032	4	11	5250439	42757	63390	62753	2138	5079401	127431882338848	127431894075376	15900
XCHTIME	0	0	0	0	0	0	0	0	0	0	0	0
XCHTIME	2032	3	12	14041147	29986	45562	58348	2817	13904434	127431882338848	127431894075376	15900
XCHTIME	0	0	0	0	0	0	0	0	0	0	0	0
XCHTIME	2032	2	4	15252896	35699	51159	37764	1107	15127167	127431882338848	127431894075376	15900
XCHTIME	0	0	0	0	0	0	0	0	0	0	0	0
XCHTIME	2032	1	0	17054246	41074	52488	14460	0	16946224	127431882338848	127431894075376	15900
XCHTIME	0	0	0	0	0	0	0	0	0	0	0	0
XCHTIME	2032	4	6	4275793	45196	60147	65233	1274	4103943	127431882338848	127431894075376	15900
LIFT	chimera_mgw-c16-2031-01	2032	2021	15902	2021
COUNTS	chimera_mgw-c16-2031-01	2032	15900	3328073	2569662
XCHTIME	0	0	0	0	0	0	0	0	0	0	0	0
XCHTIME	713	2	4	814287	13248	7457	3692	167	789723	127431881536928	127431892112944	2658
XCHTIME	0	0	0	0	0	0	0	0	0	0	0	0
XCHTIME	713	2	6	5764224	4975	6284	4189	339	5748437	127431881536928	127431892112944	2658
XCHTIME	0	0	0	0	0	0	0	0	0	0	0	0
XCHTIME	713	2	5	1787429	6326	6619	4352	254	1769878	127431881536928	127431892112944	2658
XCHTIME	0	0	0	0	0	0	0	0	0	0	0	0
XCHTIME	713	4	18	11620121	5684	6545	9000	1150	11597742	127431881536928	127431892112944	2658
LADGATE	713	10000	0.369	1
XCHTIME	0	0	0	0	0	0	0	0	0	0	0	0
XCHTIME	713	5	26	14651140	5326	6785	12039	1529	14625461	127431881536928	127431892112944	2658
XCHTIME	0	0	0	0	0	0	0	0	0	0	0	0
XCHTIME	713	4	66	2760055	5997	6825	8814	3398	2735021	127431881536928	127431892112944	2658
XCHTIME	0	0	0	0	0	0	0	0	0	0	0	0
XCHTIME	713	4	15	2546090	6467	6983	8198	652	2523790	127431881536928	127431892112944	2658
XCHTIME	0	0	0	0	0	0	0	0	0	0	0	0
XCHTIME	713	4	10	1602749	5373	6777	7786	442	1582371	127431881536928	127431892112944	2658
XCHTIME	0	0	0	0	0	0	0	0	0	0	0	0
XCHTIME	713	4	18	11865546	4924	6393	13467	1060	11839702	127431881536928	127431892112944	2658
XCHTIME	0	0	0	0	0	0	0	0	0	0	0	0
XCHTIME	713	4	11	1064598	7084	8183	8242	413	1040676	127431881536928	127431892112944	2658
XCHTIME	0	0	0	0	0	0	0	0	0	0	0	0
XCHTIME	713	4	14	4210812	4821	6842	9050	709	4189390	127431881536928	127431892112944	2658
XCHTIME	0	0	0	0	0	0	0	0	0	0	0	0
XCHTIME	713	4	13	7195387	5114	6965	9552	790	7172966	127431881536928	127431892112944	2658
XCHTIME	0	0	0	0	0	0	0	0	0	0	0	0
XCHTIME	713	2	5	15689343	5941	7298	7566	456	15668082	127431881536928	127431892112944	2658
XCHTIME	0	0	0	0	0	0	0	0	0	0	0	0
XCHTIME	713	4	6	643613	7195	8770	7593	247	619808	127431881536928	127431892112944	2658
LIFT	forest	713	404	2076	404
COUNTS	forest	713	2658	10614	10543
XCHTIME	0	0	0	0	0	0	0	0	0	0	0	0
XCHTIME	280	2	4	468454	36577	2110	814	235	428718	127431882226576	127431889626112	29636
XCHTIME	0	0	0	0	0	0	0	0	0	0	0	0
XCHTIME	280	2	6	10595079	36436	1830	1026	363	10555424	127431882226576	127431889626112	29636
XCHTIME	0	0	0	0	0	0	0	0	0	0	0	0
XCHTIME	280	2	5	2638693	36660	2639	999	319	2598076	127431882226576	127431889626112	29636
XCHTIME	0	0	0	0	0	0	0	0	0	0	0	0
XCHTIME	280	4	18	21202645	36116	2096	2557	1376	21160500	127431882226576	127431889626112	29636
LADGATE	280	10000	0.167	1
XCHTIME	0	0	0	0	0	0	0	0	0	0	0	0
XCHTIME	280	4	10	887755	36083	2705	1679	623	846665	127431882226576	127431889626112	29636
XCHTIME	0	0	0	0	0	0	0	0	0	0	0	0
XCHTIME	280	4	66	386225	36119	1773	1270	3244	343819	127431882226576	127431889626112	29636
XCHTIME	0	0	0	0	0	0	0	0	0	0	0	0
XCHTIME	280	4	15	2168776	35981	1879	1905	754	2128257	127431882226576	127431889626112	29636
XCHTIME	0	0	0	0	0	0	0	0	0	0	0	0
XCHTIME	280	4	10	873672	35884	1753	1719	513	833803	127431882226576	127431889626112	29636
XCHTIME	0	0	0	0	0	0	0	0	0	0	0	0
XCHTIME	280	4	18	20916087	36028	1703	1902	1161	20875293	127431882226576	127431889626112	29636
XCHTIME	0	0	0	0	0	0	0	0	0	0	0	0
XCHTIME	280	4	11	581687	36832	1960	1464	539	540892	127431882226576	127431889626112	29636
XCHTIME	0	0	0	0	0	0	0	0	0	0	0	0
XCHTIME	280	4	14	5245915	38543	1696	1725	876	5203075	127431882226576	127431889626112	29636
XCHTIME	0	0	0	0	0	0	0	0	0	0	0	0
XCHTIME	280	4	13	10625196	36170	1855	1758	742	10584671	127431882226576	127431889626112	29636
XCHTIME	0	0	0	0	0	0	0	0	0	0	0	0
XCHTIME	280	2	5	21306356	36474	1931	1384	626	21265941	127431882226576	127431889626112	29636
XCHTIME	0	0	0	0	0	0	0	0	0	0	0	0
XCHTIME	280	4	6	432716	36965	3133	1602	301	390715	127431882226576	127431889626112	29636
LIFT	qspp_0_10_0_1_10_1	280	244	29450	244
COUNTS	qspp_0_10_0_1_10_1	280	29636	1942907	1932414
XCHTIME	0	0	0	0	0	0	0	0	0	0	0	0
XCHTIME	16	2	4	28461	470	599	124	152	27116	127431881029392	127431890518784	58
XCHTIME	0	0	0	0	0	0	0	0	0	0	0	0
XCHTIME	16	2	6	91079	272	330	88	198	90191	127431881029392	127431890518784	58
XCHTIME	0	0	0	0	0	0	0	0	0	0	0	0
XCHTIME	16	2	5	47001	327	253	85	122	46214	127431881029392	127431890518784	58
XCHTIME	0	0	0	0	0	0	0	0	0	0	0	0
XCHTIME	16	4	18	326584	329	257	174	562	325262	127431881029392	127431890518784	58
LADGATE	16	10000	0.135	1
XCHTIME	0	0	0	0	0	0	0	0	0	0	0	0
XCHTIME	16	5	26	348682	287	382	189	894	346930	127431881029392	127431890518784	58
XCHTIME	0	0	0	0	0	0	0	0	0	0	0	0
XCHTIME	16	4	41	12250	278	291	126	1298	10257	127431881029392	127431890518784	58
XCHTIME	0	0	0	0	0	0	0	0	0	0	0	0
XCHTIME	16	4	15	39304	258	283	126	362	38275	127431881029392	127431890518784	58
XCHTIME	0	0	0	0	0	0	0	0	0	0	0	0
XCHTIME	16	4	10	36274	252	265	149	240	35368	127431881029392	127431890518784	58
XCHTIME	0	0	0	0	0	0	0	0	0	0	0	0
XCHTIME	16	4	18	320118	235	302	178	530	318873	127431881029392	127431890518784	58
XCHTIME	0	0	0	0	0	0	0	0	0	0	0	0
XCHTIME	16	4	11	32775	427	289	164	274	31621	127431881029392	127431890518784	58
XCHTIME	0	0	0	0	0	0	0	0	0	0	0	0
XCHTIME	16	4	14	66503	279	290	137	358	65439	127431881029392	127431890518784	58
XCHTIME	0	0	0	0	0	0	0	0	0	0	0	0
XCHTIME	16	4	13	106565	305	289	151	340	105480	127431881029392	127431890518784	58
XCHTIME	0	0	0	0	0	0	0	0	0	0	0	0
XCHTIME	16	4	16	1106803	289	254	160	478	1105622	127431881029392	127431890518784	58
XCHTIME	0	0	0	0	0	0	0	0	0	0	0	0
XCHTIME	16	4	6	16370	433	317	180	180	15260	127431881029392	127431890518784	58
COUNTS	st_ph1	16	58	274	233
XCHTIME	0	0	0	0	0	0	0	0	0	0	0	0
XCHTIME	124	2	4	72646	2923	828	379	114	68402	127431890185088	127431887616736	376
XCHTIME	0	0	0	0	0	0	0	0	0	0	0	0
XCHTIME	124	2	6	478103	895	562	3316	223	473107	127431890185088	127431887616736	376
XCHTIME	0	0	0	0	0	0	0	0	0	0	0	0
XCHTIME	124	2	5	202949	901	855	306	100	200787	127431890185088	127431887616736	376
XCHTIME	0	0	0	0	0	0	0	0	0	0	0	0
XCHTIME	124	4	18	1252118	869	571	797	445	1249436	127431890185088	127431887616736	376
LADGATE	124	10000	0.187	1
XCHTIME	0	0	0	0	0	0	0	0	0	0	0	0
XCHTIME	124	5	26	1615149	1452	1374	955	607	1610761	127431890185088	127431887616736	376
XCHTIME	0	0	0	0	0	0	0	0	0	0	0	0
XCHTIME	124	4	66	108017	1102	648	672	1419	104176	127431890185088	127431887616736	376
XCHTIME	0	0	0	0	0	0	0	0	0	0	0	0
XCHTIME	124	4	15	206741	1053	595	587	299	204207	127431890185088	127431887616736	376
XCHTIME	0	0	0	0	0	0	0	0	0	0	0	0
XCHTIME	124	4	10	116978	1015	692	597	207	114467	127431890185088	127431887616736	376
XCHTIME	0	0	0	0	0	0	0	0	0	0	0	0
XCHTIME	124	4	18	1249652	1087	601	757	426	1246781	127431890185088	127431887616736	376
XCHTIME	0	0	0	0	0	0	0	0	0	0	0	0
XCHTIME	124	4	11	72479	1120	653	546	230	69930	127431890185088	127431887616736	376
XCHTIME	0	0	0	0	0	0	0	0	0	0	0	0
XCHTIME	124	4	14	369555	994	602	632	292	367035	127431890185088	127431887616736	376
XCHTIME	0	0	0	0	0	0	0	0	0	0	0	0
XCHTIME	124	4	13	636910	1015	656	1046	288	633905	127431890185088	127431887616736	376
XCHTIME	0	0	0	0	0	0	0	0	0	0	0	0
XCHTIME	124	4	16	3509874	999	589	989	371	3506926	127431890185088	127431887616736	376
XCHTIME	0	0	0	0	0	0	0	0	0	0	0	0
XCHTIME	124	4	6	42391	1310	947	749	155	39230	127431890185088	127431887616736	376
LIFT	elf	124	65	258	65
COUNTS	elf	124	376	2733	2173
XCHTIME	0	0	0	0	0	0	0	0	0	0	0	0
XCHTIME	18	2	4	29722	330	406	135	199	28652	127431881435072	127431892137536	36
XCHTIME	0	0	0	0	0	0	0	0	0	0	0	0
XCHTIME	18	2	6	79440	201	277	98	157	78707	127431881435072	127431892137536	36
XCHTIME	0	0	0	0	0	0	0	0	0	0	0	0
XCHTIME	18	2	5	71618	191	271	82	155	70919	127431881435072	127431892137536	36
XCHTIME	0	0	0	0	0	0	0	0	0	0	0	0
XCHTIME	18	4	18	79458	189	261	159	496	78353	127431881435072	127431892137536	36
LADGATE	18	10000	0.137	1
XCHTIME	0	0	0	0	0	0	0	0	0	0	0	0
XCHTIME	18	5	26	96532	282	419	217	734	94880	127431881435072	127431892137536	36
XCHTIME	0	0	0	0	0	0	0	0	0	0	0	0
XCHTIME	18	4	45	72896	246	349	171	1133	70997	127431881435072	127431892137536	36
XCHTIME	0	0	0	0	0	0	0	0	0	0	0	0
XCHTIME	18	4	15	55603	205	287	174	328	54609	127431881435072	127431892137536	36
XCHTIME	0	0	0	0	0	0	0	0	0	0	0	0
XCHTIME	18	4	10	47794	186	270	151	209	46978	127431881435072	127431892137536	36
XCHTIME	0	0	0	0	0	0	0	0	0	0	0	0
XCHTIME	18	4	18	82904	192	255	141	392	81924	127431881435072	127431892137536	36
XCHTIME	0	0	0	0	0	0	0	0	0	0	0	0
XCHTIME	18	4	11	27085	221	251	143	237	26233	127431881435072	127431892137536	36
XCHTIME	0	0	0	0	0	0	0	0	0	0	0	0
XCHTIME	18	4	14	94106	302	244	160	319	93081	127431881435072	127431892137536	36
XCHTIME	0	0	0	0	0	0	0	0	0	0	0	0
XCHTIME	18	4	13	104576	301	246	139	298	103592	127431881435072	127431892137536	36
XCHTIME	0	0	0	0	0	0	0	0	0	0	0	0
XCHTIME	18	4	16	99607	281	229	146	346	98605	127431881435072	127431892137536	36
XCHTIME	0	0	0	0	0	0	0	0	0	0	0	0
XCHTIME	18	4	6	15317	215	250	140	119	14593	127431881435072	127431892137536	36
COUNTS	ex3_1_3	18	36	90	83
COUNTS	cvxnonsep_normcon40r	162	322	645	645
XCHTIME	0	0	0	0	0	0	0	0	0	0	0	0
XCHTIME	155	2	4	94238	4068	1151	450	139	88430	127431886689248	127431881542656	618
XCHTIME	0	0	0	0	0	0	0	0	0	0	0	0
XCHTIME	155	2	6	600678	1605	854	658	138	597423	127431886689248	127431881542656	618
XCHTIME	0	0	0	0	0	0	0	0	0	0	0	0
XCHTIME	155	2	5	237966	2049	962	369	106	234480	127431886689248	127431881542656	618
XCHTIME	0	0	0	0	0	0	0	0	0	0	0	0
XCHTIME	155	4	18	1173848	1964	1184	1029	366	1169305	127431886689248	127431881542656	618
LADGATE	155	10000	0.247	1
XCHTIME	0	0	0	0	0	0	0	0	0	0	0	0
XCHTIME	155	5	26	1569260	2097	1487	1190	590	1563896	127431886689248	127431881542656	618
XCHTIME	0	0	0	0	0	0	0	0	0	0	0	0
XCHTIME	155	4	66	245138	1537	965	1035	1406	240195	127431886689248	127431881542656	618
XCHTIME	0	0	0	0	0	0	0	0	0	0	0	0
XCHTIME	155	4	15	250198	1938	877	848	331	246204	127431886689248	127431881542656	618
XCHTIME	0	0	0	0	0	0	0	0	0	0	0	0
XCHTIME	155	4	10	146748	1661	892	731	212	143252	127431886689248	127431881542656	618
XCHTIME	0	0	0	0	0	0	0	0	0	0	0	0
XCHTIME	155	4	18	1161082	1746	829	876	447	1157184	127431886689248	127431881542656	618
XCHTIME	0	0	0	0	0	0	0	0	0	0	0	0
XCHTIME	155	4	11	89576	1805	793	712	219	86047	127431886689248	127431881542656	618
XCHTIME	0	0	0	0	0	0	0	0	0	0	0	0
XCHTIME	155	4	14	412272	1772	819	774	304	408603	127431886689248	127431881542656	618
XCHTIME	0	0	0	0	0	0	0	0	0	0	0	0
XCHTIME	155	4	13	789713	1796	807	8604	304	778202	127431886689248	127431881542656	618
XCHTIME	0	0	0	0	0	0	0	0	0	0	0	0
XCHTIME	155	4	16	5202841	2350	1307	1249	335	5197600	127431886689248	127431881542656	618
XCHTIME	0	0	0	0	0	0	0	0	0	0	0	0
XCHTIME	155	4	6	67912	2364	1305	707	122	63414	127431886689248	127431881542656	618
LIFT	demo7	155	66	448	66
COUNTS	demo7	155	618	3579	3426
XCHTIME	0	0	0	0	0	0	0	0	0	0	0	0
XCHTIME	615	2	4	698025	10712	9676	2903	151	674583	127431890350112	127431882228832	2580
XCHTIME	0	0	0	0	0	0	0	0	0	0	0	0
XCHTIME	615	2	6	6123419	4548	4704	3009	261	6110897	127431890350112	127431882228832	2580
XCHTIME	0	0	0	0	0	0	0	0	0	0	0	0
XCHTIME	615	2	5	1991793	4903	5284	2799	187	1978620	127431890350112	127431882228832	2580
XCHTIME	0	0	0	0	0	0	0	0	0	0	0	0
XCHTIME	615	4	18	11613977	5042	4803	6542	808	11596782	127431890350112	127431882228832	2580
LADGATE	615	10000	0.365	1
XCHTIME	0	0	0	0	0	0	0	0	0	0	0	0
XCHTIME	615	5	26	14764536	4785	5216	8221	1282	14745032	127431890350112	127431882228832	2580
XCHTIME	0	0	0	0	0	0	0	0	0	0	0	0
XCHTIME	615	4	66	5042655	4835	5017	7864	3722	5021217	127431890350112	127431882228832	2580
XCHTIME	0	0	0	0	0	0	0	0	0	0	0	0
XCHTIME	615	4	15	2350360	5894	5436	23286	773	2314971	127431890350112	127431882228832	2580
XCHTIME	0	0	0	0	0	0	0	0	0	0	0	0
XCHTIME	615	4	10	1259151	4980	5270	5560	359	1242982	127431890350112	127431882228832	2580
XCHTIME	0	0	0	0	0	0	0	0	0	0	0	0
XCHTIME	615	4	18	11664686	4483	4515	12740	774	11642174	127431890350112	127431882228832	2580
XCHTIME	0	0	0	0	0	0	0	0	0	0	0	0
XCHTIME	615	4	11	864342	5221	5760	6153	396	846812	127431890350112	127431882228832	2580
XCHTIME	0	0	0	0	0	0	0	0	0	0	0	0
XCHTIME	615	4	14	3969728	4626	4661	6624	582	3953235	127431890350112	127431882228832	2580
XCHTIME	0	0	0	0	0	0	0	0	0	0	0	0
XCHTIME	615	4	13	6744732	4615	4762	7227	538	6727590	127431890350112	127431882228832	2580
XCHTIME	0	0	0	0	0	0	0	0	0	0	0	0
XCHTIME	615	2	5	16899756	5204	5326	5929	233	16883064	127431890350112	127431882228832	2580
XCHTIME	0	0	0	0	0	0	0	0	0	0	0	0
XCHTIME	615	4	6	583418	6921	5590	5384	224	565299	127431890350112	127431882228832	2580
LIFT	waternd2	615	338	2036	338
COUNTS	waternd2	615	2580	155674	74817
XCHTIME	0	0	0	0	0	0	0	0	0	0	0	0
XCHTIME	64	2	4	61269	901	623	254	110	59381	127431890194432	127431883578720	292
XCHTIME	0	0	0	0	0	0	0	0	0	0	0	0
XCHTIME	64	2	6	414357	783	494	433	123	412524	127431890194432	127431883578720	292
XCHTIME	0	0	0	0	0	0	0	0	0	0	0	0
XCHTIME	64	2	5	141335	750	731	220	98	139536	127431890194432	127431883578720	292
XCHTIME	0	0	0	0	0	0	0	0	0	0	0	0
XCHTIME	64	4	18	1006280	834	628	372	419	1004027	127431890194432	127431883578720	292
LADGATE	64	10000	0.202	1
XCHTIME	0	0	0	0	0	0	0	0	0	0	0	0
XCHTIME	64	5	26	1044729	994	1000	522	542	1041671	127431890194432	127431883578720	292
XCHTIME	0	0	0	0	0	0	0	0	0	0	0	0
XCHTIME	64	4	66	640327	805	500	461	1674	636887	127431890194432	127431883578720	292
XCHTIME	0	0	0	0	0	0	0	0	0	0	0	0
XCHTIME	64	4	15	169037	849	763	367	321	166737	127431890194432	127431883578720	292
XCHTIME	0	0	0	0	0	0	0	0	0	0	0	0
XCHTIME	64	4	10	85458	788	506	372	198	83594	127431890194432	127431883578720	292
XCHTIME	0	0	0	0	0	0	0	0	0	0	0	0
XCHTIME	64	4	18	984092	780	398	363	395	982156	127431890194432	127431883578720	292
XCHTIME	0	0	0	0	0	0	0	0	0	0	0	0
XCHTIME	64	4	11	57535	1046	540	372	220	55357	127431890194432	127431883578720	292
XCHTIME	0	0	0	0	0	0	0	0	0	0	0	0
XCHTIME	64	4	14	323347	795	868	366	321	320997	127431890194432	127431883578720	292
XCHTIME	0	0	0	0	0	0	0	0	0	0	0	0
XCHTIME	64	4	13	308314	897	418	390	267	306342	127431890194432	127431883578720	292
XCHTIME	0	0	0	0	0	0	0	0	0	0	0	0
XCHTIME	64	4	16	1950117	822	421	536	345	1947993	127431890194432	127431883578720	292
XCHTIME	0	0	0	0	0	0	0	0	0	0	0	0
XCHTIME	64	4	6	41098	1083	843	379	116	38677	127431890194432	127431883578720	292
LIFT	prolog	64	42	248	42
COUNTS	prolog	64	292	1245	1225
XCHTIME	0	0	0	0	0	0	0	0	0	0	0	0
XCHTIME	11	2	4	56643	191	308	76	161	55907	127431890181008	127431886688272	30
XCHTIME	0	0	0	0	0	0	0	0	0	0	0	0
XCHTIME	11	2	6	153178	153	250	83	179	152513	127431890181008	127431886688272	30
XCHTIME	0	0	0	0	0	0	0	0	0	0	0	0
XCHTIME	11	2	5	42890	155	361	53	132	42189	127431890181008	127431886688272	30
XCHTIME	0	0	0	0	0	0	0	0	0	0	0	0
XCHTIME	11	4	18	164990	154	269	115	554	163898	127431890181008	127431886688272	30
LADGATE	11	10000	0.109	1
XCHTIME	0	0	0	0	0	0	0	0	0	0	0	0
XCHTIME	11	5	26	188614	209	367	173	763	187102	127431890181008	127431886688272	30
XCHTIME	0	0	0	0	0	0	0	0	0	0	0	0
XCHTIME	11	4	31	140580	218	295	113	843	139111	127431890181008	127431886688272	30
XCHTIME	0	0	0	0	0	0	0	0	0	0	0	0
XCHTIME	11	4	15	39425	255	277	121	353	38419	127431890181008	127431886688272	30
XCHTIME	0	0	0	0	0	0	0	0	0	0	0	0
XCHTIME	11	4	10	31101	185	282	109	211	30314	127431890181008	127431886688272	30
XCHTIME	0	0	0	0	0	0	0	0	0	0	0	0
XCHTIME	11	4	18	162759	171	258	126	520	161684	127431890181008	127431886688272	30
XCHTIME	0	0	0	0	0	0	0	0	0	0	0	0
XCHTIME	11	4	11	25425	203	241	109	251	24621	127431890181008	127431886688272	30
XCHTIME	0	0	0	0	0	0	0	0	0	0	0	0
XCHTIME	11	4	14	82682	188	275	116	337	81766	127431890181008	127431886688272	30
XCHTIME	0	0	0	0	0	0	0	0	0	0	0	0
XCHTIME	11	4	13	231282	200	264	130	350	230338	127431890181008	127431886688272	30
XCHTIME	0	0	0	0	0	0	0	0	0	0	0	0
XCHTIME	11	4	16	218584	190	254	120	448	217572	127431890181008	127431886688272	30
XCHTIME	0	0	0	0	0	0	0	0	0	0	0	0
XCHTIME	11	4	6	13984	200	257	107	134	13286	127431890181008	127431886688272	30
COUNTS	ex14_1_8	11	30	80	80
LIFT	faclay75	272878	137826	1109602	137826
COUNTS	faclay75	272878	1379706	3204527350	3013800414
XCHTIME	0	0	0	0	0	0	0	0	0	0	0	0
XCHTIME	55	2	4	75210	1038	546	212	124	73290	127431887308736	127431882257520	548
XCHTIME	0	0	0	0	0	0	0	0	0	0	0	0
XCHTIME	55	2	6	719177	812	419	322	153	717471	127431887308736	127431882257520	548
XCHTIME	0	0	0	0	0	0	0	0	0	0	0	0
XCHTIME	55	2	5	268281	1100	595	267	97	266222	127431887308736	127431882257520	548
XCHTIME	0	0	0	0	0	0	0	0	0	0	0	0
XCHTIME	55	4	18	1475219	957	397	482	518	1472865	127431887308736	127431882257520	548
LADGATE	55	10000	0.130	1
XCHTIME	0	0	0	0	0	0	0	0	0	0	0	0
XCHTIME	55	5	26	1950055	1107	754	472	529	1947193	127431887308736	127431882257520	548
XCHTIME	0	0	0	0	0	0	0	0	0	0	0	0
XCHTIME	55	4	66	21379	900	439	304	1662	18074	127431887308736	127431882257520	548
XCHTIME	0	0	0	0	0	0	0	0	0	0	0	0
XCHTIME	55	4	15	261776	950	376	346	310	259794	127431887308736	127431882257520	548
XCHTIME	0	0	0	0	0	0	0	0	0	0	0	0
XCHTIME	55	4	10	125446	879	349	309	201	123708	127431887308736	127431882257520	548
XCHTIME	0	0	0	0	0	0	0	0	0	0	0	0
XCHTIME	55	4	18	1467853	820	351	391	501	1465790	127431887308736	127431882257520	548
XCHTIME	0	0	0	0	0	0	0	0	0	0	0	0
XCHTIME	55	4	11	70328	996	375	299	226	68432	127431887308736	127431882257520	548
XCHTIME	0	0	0	0	0	0	0	0	0	0	0	0
XCHTIME	55	4	14	428051	878	359	367	280	426167	127431887308736	127431882257520	548
XCHTIME	0	0	0	0	0	0	0	0	0	0	0	0
XCHTIME	55	4	13	910169	912	366	356	287	908248	127431887308736	127431882257520	548
XCHTIME	0	0	0	0	0	0	0	0	0	0	0	0
XCHTIME	55	4	16	5391426	927	402	498	319	5389280	127431887308736	127431882257520	548
XCHTIME	0	0	0	0	0	0	0	0	0	0	0	0
XCHTIME	55	4	6	34024	1084	783	304	131	31722	127431887308736	127431882257520	548
LIFT	st_qpk3	55	33	504	33
COUNTS	st_qpk3	55	548	5467	3762
XCHTIME	0	0	0	0	0	0	0	0	0	0	0	0
XCHTIME	11556	1	0	5712346	1366282	2659667	1275033	0	411364	127431910299040	127431910391504	40860
XCHTIME	0	0	0	0	0	0	0	0	0	0	0	0
XCHTIME	11556	1	0	6197813	1332457	2652303	1295588	0	917465	127431910299040	127431910391504	40860
XCHTIME	0	0	0	0	0	0	0	0	0	0	0	0
XCHTIME	11556	1	0	5744867	1339706	2643006	1256314	0	505841	127431910299040	127431910391504	40860
XCHTIME	0	0	0	0	0	0	0	0	0	0	0	0
XCHTIME	11556	1	0	13626395	1293221	2587030	1261224	0	8484920	127431910299040	127431910391504	40860
LADGATE	11556	10000	0.555	0
XCHTIME	0	0	0	0	0	0	0	0	0	0	0	0
XCHTIME	11556	5	26	131547764	1303487	2593671	6346881	13171	121290554	127431910299040	127431910391504	40860
XCHTIME	0	0	0	0	0	0	0	0	0	0	0	0
XCHTIME	11556	1	0	8717620	1323186	2549748	1307657	0	3537029	127431910299040	127431910391504	40860
XCHTIME	0	0	0	0	0	0	0	0	0	0	0	0
XCHTIME	11556	1	0	8640481	1296130	2561549	1267452	0	3515350	127431910299040	127431910391504	40860
XCHTIME	0	0	0	0	0	0	0	0	0	0	0	0
XCHTIME	11556	1	0	12308310	1291435	2551190	1247763	0	7217922	127431910299040	127431910391504	40860
XCHTIME	0	0	0	0	0	0	0	0	0	0	0	0
XCHTIME	11556	1	0	13909232	1344428	2562421	1258787	0	8743596	127431910299040	127431910391504	40860
XCHTIME	0	0	0	0	0	0	0	0	0	0	0	0
XCHTIME	11556	1	0	12999529	1398693	2653673	1351812	0	7595351	127431910299040	127431910391504	40860
XCHTIME	0	0	0	0	0	0	0	0	0	0	0	0
XCHTIME	11556	1	0	14556777	1477880	2813476	1435044	0	8830377	127431910299040	127431910391504	40860
XCHTIME	0	0	0	0	0	0	0	0	0	0	0	0
XCHTIME	11556	1	0	14164331	1466166	2591681	1257532	0	8848952	127431910299040	127431910391504	40860
XCHTIME	0	0	0	0	0	0	0	0	0	0	0	0
XCHTIME	11556	1	0	12491092	1307358	2549874	1254194	0	7379666	127431910299040	127431910391504	40860
XCHTIME	0	0	0	0	0	0	0	0	0	0	0	0
XCHTIME	11556	1	0	11992747	1286364	2556281	1255605	0	6894497	127431910299040	127431910391504	40860
LIFT	mpbp_34	11556	7230	32172	7230
COUNTS	mpbp_34	11556	40860	3093917	891022
COUNTS	cvxnonsep_normcon20r	82	162	325	325
COUNTS	cvxnonsep_psig20r	86	170	341	341
XCHTIME	0	0	0	0	0	0	0	0	0	0	0	0
XCHTIME	18742	0	0	0	0	0	0	0	0	127431893474560	127431900323440	75910
XCHTIME	0	0	0	0	0	0	0	0	0	0	0	0
XCHTIME	18742	1	0	28508940	10139488	15941907	2135165	0	292380	127431893474560	127431900323440	75910
XCHTIME	0	0	0	0	0	0	0	0	0	0	0	0
XCHTIME	18742	0	0	25208980	9537751	15671229	0	0	0	127431893474560	127431900323440	75910
XCHTIME	0	0	0	0	0	0	0	0	0	0	0	0
XCHTIME	18742	1	0	33004979	9643414	15736246	2091271	0	5534048	127431893474560	127431900323440	75910
LADGATE	18742	10000	0.709	0
XCHTIME	0	0	0	0	0	0	0	0	0	0	0	0
XCHTIME	18742	5	26	289495043	9630524	15720647	10598758	16770	253528344	127431893474560	127431900323440	75910
LIFT	crudeoil_pooling_dt2	18742	10735	60222	10735
COUNTS	crudeoil_pooling_dt2	18742	75910	14985540	9905819
XCHTIME	0	0	0	0	0	0	0	0	0	0	0	0
XCHTIME	2868	2	4	2652989	52820	100972	79444	692	2419061	127431902589536	127431889953808	8270
XCHTIME	0	0	0	0	0	0	0	0	0	0	0	0
XCHTIME	2868	1	0	4487713	45452	98944	34656	0	4308661	127431902589536	127431889953808	8270
XCHTIME	0	0	0	0	0	0	0	0	0	0	0	0
XCHTIME	2868	1	0	3963281	52449	104492	38807	0	3767533	127431902589536	127431889953808	8270
XCHTIME	0	0	0	0	0	0	0	0	0	0	0	0
XCHTIME	2868	1	0	11010325	56782	105694	28950	0	10818899	127431902589536	127431889953808	8270
LADGATE	2868	10000	0.877	1
XCHTIME	0	0	0	0	0	0	0	0	0	0	0	0
XCHTIME	2868	5	26	47979225	46201	97427	246935	4911	47583751	127431902589536	127431889953808	8270
XCHTIME	0	0	0	0	0	0	0	0	0	0	0	0
XCHTIME	2868	2	19	4084870	64488	110662	79561	2445	3827714	127431902589536	127431889953808	8270
XCHTIME	0	0	0	0	0	0	0	0	0	0	0	0
XCHTIME	2868	3	12	6669182	54476	106193	123899	2099	6382515	127431902589536	127431889953808	8270
XCHTIME	0	0	0	0	0	0	0	0	0	0	0	0
XCHTIME	2868	4	10	6309270	49179	101732	151730	1959	6004670	127431902589536	127431889953808	8270
XCHTIME	0	0	0	0	0	0	0	0	0	0	0	0
XCHTIME	2868	1	0	11137907	50217	107497	37731	0	10942462	127431902589536	127431889953808	8270
XCHTIME	0	0	0	0	0	0	0	0	0	0	0	0
XCHTIME	2868	4	11	4681633	63986	118432	146261	2491	4350463	127431902589536	127431889953808	8270
XCHTIME	0	0	0	0	0	0	0	0	0	0	0	0
XCHTIME	2868	4	14	12767292	53549	103207	168526	2893	12439117	127431902589536	127431889953808	8270
XCHTIME	0	0	0	0	0	0	0	0	0	0	0	0
XCHTIME	2868	2	4	11757427	64197	108260	91357	856	11492757	127431902589536	127431889953808	8270
XCHTIME	0	0	0	0	0	0	0	0	0	0	0	0
XCHTIME	2868	1	0	9153666	57475	123193	48827	0	8924171	127431902589536	127431889953808	8270
XCHTIME	0	0	0	0	0	0	0	0	0	0	0	0
XCHTIME	2868	4	6	3708118	65584	116320	156938	1030	3368246	127431902589536	127431889953808	8270
LIFT	rsyn0805m03m	2868	1596	5810	1596
COUNTS	rsyn0805m03m	2868	8270	60979	54830
COUNTS	st_iqpbk1	22	98	295	295
XCHTIME	0	0	0	0	0	0	0	0	0	0	0	0
XCHTIME	96	2	4	109962	2524	763	331	313	106031	127431891965968	127431902578352	404
XCHTIME	0	0	0	0	0	0	0	0	0	0	0	0
XCHTIME	96	2	6	883669	1157	630	339	318	881225	127431891965968	127431902578352	404
XCHTIME	0	0	0	0	0	0	0	0	0	0	0	0
XCHTIME	96	2	5	254421	1210	598	310	260	252043	127431891965968	127431902578352	404
XCHTIME	0	0	0	0	0	0	0	0	0	0	0	0
XCHTIME	96	4	18	1988763	1226	582	855	777	1985323	127431891965968	127431902578352	404
LADGATE	96	10000	0.259	1
XCHTIME	0	0	0	0	0	0	0	0	0	0	0	0
XCHTIME	96	5	26	2424137	1596	1529	737	1105	2419170	127431891965968	127431902578352	404
XCHTIME	0	0	0	0	0	0	0	0	0	0	0	0
XCHTIME	96	4	66	801356	1329	718	574	2490	796245	127431891965968	127431902578352	404
XCHTIME	0	0	0	0	0	0	0	0	0	0	0	0
XCHTIME	96	4	15	361267	1421	941	585	682	357638	127431891965968	127431902578352	404
XCHTIME	0	0	0	0	0	0	0	0	0	0	0	0
XCHTIME	96	4	10	196643	1333	726	484	431	193669	127431891965968	127431902578352	404
XCHTIME	0	0	0	0	0	0	0	0	0	0	0	0
XCHTIME	96	4	18	1988075	1165	573	568	791	1984978	127431891965968	127431902578352	404
XCHTIME	0	0	0	0	0	0	0	0	0	0	0	0
XCHTIME	96	4	11	117667	1248	1028	525	479	114387	127431891965968	127431902578352	404
XCHTIME	0	0	0	0	0	0	0	0	0	0	0	0
XCHTIME	96	4	14	600024	1086	641	523	506	597268	127431891965968	127431902578352	404
XCHTIME	0	0	0	0	0	0	0	0	0	0	0	0
XCHTIME	96	4	13	1140813	1030	590	788	569	1137836	127431891965968	127431902578352	404
XCHTIME	0	0	0	0	0	0	0	0	0	0	0	0
XCHTIME	96	4	16	6313079	1561	804	1095	651	6308968	127431891965968	127431902578352	404
XCHTIME	0	0	0	0	0	0	0	0	0	0	0	0
XCHTIME	96	4	6	87325	1657	971	504	278	83915	127431891965968	127431902578352	404
LIFT	waterund01	96	47	384	47
COUNTS	waterund01	96	404	4546	3317
XCHTIME	0	0	0	0	0	0	0	0	0	0	0	0
XCHTIME	29	2	4	48930	336	562	177	130	47725	127431886782064	127431881550864	120
XCHTIME	0	0	0	0	0	0	0	0	0	0	0	0
XCHTIME	29	2	6	464775	311	582	189	237	463456	127431886782064	127431881550864	120
XCHTIME	0	0	0	0	0	0	0	0	0	0	0	0
XCHTIME	29	2	5	127276	600	712	147	161	125656	127431886782064	127431881550864	120
XCHTIME	0	0	0	0	0	0	0	0	0	0	0	0
XCHTIME	29	4	18	953673	388	437	315	732	951801	127431886782064	127431881550864	120
LADGATE	29	10000	0.152	1
XCHTIME	0	0	0	0	0	0	0	0	0	0	0	0
XCHTIME	29	5	26	1056517	591	781	363	850	1053932	127431886782064	127431881550864	120
XCHTIME	0	0	0	0	0	0	0	0	0	0	0	0
XCHTIME	29	4	57	90504	445	478	232	1901	87448	127431886782064	127431881550864	120
XCHTIME	0	0	0	0	0	0	0	0	0	0	0	0
XCHTIME	29	4	15	117240	412	514	217	432	115665	127431886782064	127431881550864	120
XCHTIME	0	0	0	0	0	0	0	0	0	0	0	0
XCHTIME	29	4	10	77272	391	499	219	273	75890	127431886782064	127431881550864	120
XCHTIME	0	0	0	0	0	0	0	0	0	0	0	0
XCHTIME	29	4	18	957457	343	425	219	506	955964	127431886782064	127431881550864	120
XCHTIME	0	0	0	0	0	0	0	0	0	0	0	0
XCHTIME	29	4	11	52678	405	535	229	321	51188	127431886782064	127431881550864	120
XCHTIME	0	0	0	0	0	0	0	0	0	0	0	0
XCHTIME	29	4	14	214799	375	410	234	383	213397	127431886782064	127431881550864	120
XCHTIME	0	0	0	0	0	0	0	0	0	0	0	0
XCHTIME	29	4	13	398416	372	403	209	360	397072	127431886782064	127431881550864	120
XCHTIME	0	0	0	0	0	0	0	0	0	0	0	0
XCHTIME	29	4	16	4156671	388	519	274	539	4154951	127431886782064	127431881550864	120
XCHTIME	0	0	0	0	0	0	0	0	0	0	0	0
XCHTIME	29	4	6	30063	492	519	246	173	28633	127431886782064	127431881550864	120
COUNTS	pointpack04	29	120	577	577
XCHTIME	0	0	0	0	0	0	0	0	0	0	0	0
XCHTIME	12	2	4	23427	170	279	86	90	22802	127431887302352	127431882264080	30
XCHTIME	0	0	0	0	0	0	0	0	0	0	0	0
XCHTIME	12	2	6	302586	183	273	60	173	301897	127431887302352	127431882264080	30
XCHTIME	0	0	0	0	0	0	0	0	0	0	0	0
XCHTIME	12	2	5	93850	181	291	58	118	93202	127431887302352	127431882264080	30
XCHTIME	0	0	0	0	0	0	0	0	0	0	0	0
XCHTIME	12	4	18	327272	169	263	124	508	326208	127431887302352	127431882264080	30
LADGATE	12	10000	0.100	1
XCHTIME	0	0	0	0	0	0	0	0	0	0	0	0
XCHTIME	12	5	26	334726	206	325	167	726	333302	127431887302352	127431882264080	30
XCHTIME	0	0	0	0	0	0	0	0	0	0	0	0
XCHTIME	12	4	33	278474	169	313	142	820	277030	127431887302352	127431882264080	30
XCHTIME	0	0	0	0	0	0	0	0	0	0	0	0
XCHTIME	12	4	15	88675	193	251	110	318	87803	127431887302352	127431882264080	30
XCHTIME	0	0	0	0	0	0	0	0	0	0	0	0
XCHTIME	12	4	10	42459	168	238	107	213	41733	127431887302352	127431882264080	30
XCHTIME	0	0	0	0	0	0	0	0	0	0	0	0
XCHTIME	12	4	18	336803	137	320	142	487	335717	127431887302352	127431882264080	30
XCHTIME	0	0	0	0	0	0	0	0	0	0	0	0
XCHTIME	12	4	11	26710	157	265	110	232	25946	127431887302352	127431882264080	30
XCHTIME	0	0	0	0	0	0	0	0	0	0	0	0
XCHTIME	12	4	14	166965	124	257	114	289	166181	127431887302352	127431882264080	30
XCHTIME	0	0	0	0	0	0	0	0	0	0	0	0
XCHTIME	12	4	13	307665	136	259	115	273	306882	127431887302352	127431882264080	30
XCHTIME	0	0	0	0	0	0	0	0	0	0	0	0
XCHTIME	12	4	16	429137	203	276	134	444	428080	127431887302352	127431882264080	30
XCHTIME	0	0	0	0	0	0	0	0	0	0	0	0
XCHTIME	12	4	6	17454	217	273	138	123	16703	127431887302352	127431882264080	30
COUNTS	st_e22	12	30	77	70
XCHTIME	0	0	0	0	0	0	0	0	0	0	0	0
XCHTIME	16678	0	0	21284540	7894572	13389968	0	0	0	127431901503104	127431896589056	82242
XCHTIME	0	0	0	0	0	0	0	0	0	0	0	0
XCHTIME	16678	1	0	23212342	7659495	12666210	1637669	0	1248968	127431901503104	127431896589056	82242
XCHTIME	0	0	0	0	0	0	0	0	0	0	0	0
XCHTIME	16678	1	0	22238019	7683278	12641117	1668618	0	245006	127431901503104	127431896589056	82242
XCHTIME	0	0	0	0	0	0	0	0	0	0	0	0
XCHTIME	16678	1	0	27329054	7688444	12820205	1661454	0	5158951	127431901503104	127431896589056	82242
LADGATE	16678	10000	0.509	0
XCHTIME	0	0	0	0	0	0	0	0	0	0	0	0
XCHTIME	16678	5	26	124069173	7766378	12699015	8388291	17707	95197782	127431901503104	127431896589056	82242
XCHTIME	0	0	0	0	0	0	0	0	0	0	0	0
XCHTIME	16678	1	0	23488545	7836488	12716894	1657632	0	1277531	127431901503104	127431896589056	82242
XCHTIME	0	0	0	0	0	0	0	0	0	0	0	0
XCHTIME	16678	1	0	23392642	7685854	12765100	1652003	0	1289685	127431901503104	127431896589056	82242
XCHTIME	0	0	0	0	0	0	0	0	0	0	0	0
XCHTIME	16678	1	0	27261665	7738966	12697368	1667997	0	5157334	127431901503104	127431896589056	82242
XCHTIME	0	0	0	0	0	0	0	0	0	0	0	0
XCHTIME	16678	1	0	27397954	7731161	12853223	1649952	0	5163618	127431901503104	127431896589056	82242
XCHTIME	0	0	0	0	0	0	0	0	0	0	0	0
XCHTIME	16678	1	0	27560697	7783670	12788050	1654628	0	5334349	127431901503104	127431896589056	82242
XCHTIME	0	0	0	0	0	0	0	0	0	0	0	0
XCHTIME	16678	1	0	27560325	7748952	12890515	1677239	0	5243619	127431901503104	127431896589056	82242
XCHTIME	0	0	0	0	0	0	0	0	0	0	0	0
XCHTIME	16678	1	0	27536318	7707256	12829374	1691316	0	5308372	127431901503104	127431896589056	82242
XCHTIME	0	0	0	0	0	0	0	0	0	0	0	0
XCHTIME	16678	1	0	27557951	7722438	12960038	1654824	0	5220651	127431901503104	127431896589056	82242
XCHTIME	0	0	0	0	0	0	0	0	0	0	0	0
XCHTIME	16678	1	0	27712801	7727915	12909520	1662174	0	5413192	127431901503104	127431896589056	82242
LIFT	faclay30	16678	8556	65998	8556
COUNTS	faclay30	16678	82242	13452923	12850431
XCHTIME	0	0	0	0	0	0	0	0	0	0	0	0
XCHTIME	4432	1	0	2050459	163672	302809	148869	0	1435109	127431894312960	127431894348432	11248
XCHTIME	0	0	0	0	0	0	0	0	0	0	0	0
XCHTIME	4432	1	0	3049103	156788	317163	164250	0	2410902	127431894312960	127431894348432	11248
XCHTIME	0	0	0	0	0	0	0	0	0	0	0	0
XCHTIME	4432	1	0	2645961	154768	314989	148233	0	2027971	127431894312960	127431894348432	11248
XCHTIME	0	0	0	0	0	0	0	0	0	0	0	0
XCHTIME	4432	1	0	10305743	164816	308445	150145	0	9682337	127431894312960	127431894348432	11248
LADGATE	4432	10000	0.418	1
XCHTIME	0	0	0	0	0	0	0	0	0	0	0	0
XCHTIME	4432	5	26	46642327	172904	315182	776960	6560	45370721	127431894312960	127431894348432	11248
XCHTIME	0	0	0	0	0	0	0	0	0	0	0	0
XCHTIME	4432	1	0	4388241	170697	325934	153292	0	3738318	127431894312960	127431894348432	11248
XCHTIME	0	0	0	0	0	0	0	0	0	0	0	0
XCHTIME	4432	2	4	5374625	169471	309760	298178	1255	4595961	127431894312960	127431894348432	11248
XCHTIME	0	0	0	0	0	0	0	0	0	0	0	0
XCHTIME	4432	4	10	8885620	177950	330063	553244	2737	7821626	127431894312960	127431894348432	11248
XCHTIME	0	0	0	0	0	0	0	0	0	0	0	0
XCHTIME	4432	1	0	10244290	171477	310429	145144	0	9617240	127431894312960	127431894348432	11248
XCHTIME	0	0	0	0	0	0	0	0	0	0	0	0
XCHTIME	4432	4	11	8211691	167934	306899	578264	3322	7155272	127431894312960	127431894348432	11248
XCHTIME	0	0	0	0	0	0	0	0	0	0	0	0
XCHTIME	4432	3	12	10283146	158259	329048	478238	2754	9314847	127431894312960	127431894348432	11248
XCHTIME	0	0	0	0	0	0	0	0	0	0	0	0
XCHTIME	4432	2	4	10474745	158996	313020	310534	1054	9691141	127431894312960	127431894348432	11248
XCHTIME	0	0	0	0	0	0	0	0	0	0	0	0
XCHTIME	4432	1	0	8981105	171417	304716	157285	0	8347687	127431894312960	127431894348432	11248
XCHTIME	0	0	0	0	0	0	0	0	0	0	0	0
XCHTIME	4432	4	6	7467921	172945	320932	560307	1861	6411876	127431894312960	127431894348432	11248
LIFT	arki0002	4432	2608	9424	2608
COUNTS	arki0002	4432	11248	683476	667374
XCHTIME	0	0	0	0	0	0	0	0	0	0	0	0
XCHTIME	11659	1	0	4858333	1379519	2161499	871728	0	445587	127431909714976	127431909808272	48446
XCHTIME	0	0	0	0	0	0	0	0	0	0	0	0
XCHTIME	11659	1	0	5349086	1258673	2125384	843838	0	1121191	127431909714976	127431909808272	48446
XCHTIME	0	0	0	0	0	0	0	0	0	0	0	0
XCHTIME	11659	1	0	5144304	1329516	2153486	841545	0	819757	127431909714976	127431909808272	48446
XCHTIME	0	0	0	0	0	0	0	0	0	0	0	0
XCHTIME	11659	1	0	12623488	1346052	2168949	854266	0	8254221	127431909714976	127431909808272	48446
LADGATE	11659	10000	0.717	0
XCHTIME	0	0	0	0	0	0	0	0	0	0	0	0
XCHTIME	11659	5	26	232191862	1250929	2183057	4322502	11202	224424172	127431909714976	127431909808272	48446
XCHTIME	0	0	0	0	0	0	0	0	0	0	0	0
XCHTIME	11659	1	0	7597641	1455586	2114248	830731	0	3197076	127431909714976	127431909808272	48446
XCHTIME	0	0	0	0	0	0	0	0	0	0	0	0
XCHTIME	11659	1	0	7947228	1356365	2147610	846377	0	3596876	127431909714976	127431909808272	48446
XCHTIME	0	0	0	0	0	0	0	0	0	0	0	0
XCHTIME	11659	1	0	12965679	1371022	2149726	851185	0	8593746	127431909714976	127431909808272	48446
XCHTIME	0	0	0	0	0	0	0	0	0	0	0	0
XCHTIME	11659	1	0	12795765	1388602	2159669	845511	0	8401983	127431909714976	127431909808272	48446
XCHTIME	0	0	0	0	0	0	0	0	0	0	0	0
XCHTIME	11659	1	0	12372885	1363675	2150152	850975	0	8008083	127431909714976	127431909808272	48446
XCHTIME	0	0	0	0	0	0	0	0	0	0	0	0
XCHTIME	11659	1	0	13595217	1362007	2170666	839182	0	9223362	127431909714976	127431909808272	48446
XCHTIME	0	0	0	0	0	0	0	0	0	0	0	0
XCHTIME	11659	1	0	13136989	1422702	2103896	805310	0	8805081	127431909714976	127431909808272	48446
XCHTIME	0	0	0	0	0	0	0	0	0	0	0	0
XCHTIME	11659	1	0	11531832	1356050	2151215	832525	0	7192042	127431909714976	127431909808272	48446
XCHTIME	0	0	0	0	0	0	0	0	0	0	0	0
XCHTIME	11659	1	0	11839119	1235480	2133785	846144	0	7623710	127431909714976	127431909808272	48446
LIFT	transswitch0300p	11659	6750	41276	6750
COUNTS	transswitch0300p	11659	48446	404940	375245
LADGATE	30660	10000	0.739	0
LIFT	crudeoil_pooling_dt3	30660	15957	134914	15957
COUNTS	crudeoil_pooling_dt3	30660	152210	48975085	34772719
XCHTIME	0	0	0	0	0	0	0	0	0	0	0	0
XCHTIME	22536	0	0	0	0	0	0	0	0	127431547365056	127431547545360	75636
XCHTIME	0	0	0	0	0	0	0	0	0	0	0	0
XCHTIME	22536	0	0	37542113	14341253	23200860	0	0	0	127431547365056	127431547545360	75636
XCHTIME	0	0	0	0	0	0	0	0	0	0	0	0
XCHTIME	22536	0	0	0	0	0	0	0	0	127431547365056	127431547545360	75636
XCHTIME	0	0	0	0	0	0	0	0	0	0	0	0
XCHTIME	22536	1	0	43889688	14070374	23042398	3070513	0	3706403	127431547365056	127431547545360	75636
LADGATE	22536	10000	0.616	0
XCHTIME	0	0	0	0	0	0	0	0	0	0	0	0
XCHTIME	22536	5	26	187233282	14108466	23056898	15558534	20135	134489249	127431547365056	127431547545360	75636
XCHTIME	0	0	0	0	0	0	0	0	0	0	0	0
XCHTIME	22536	0	0	37142612	14120518	23022094	0	0	0	127431547365056	127431547545360	75636
XCHTIME	0	0	0	0	0	0	0	0	0	0	0	0
XCHTIME	22536	0	0	37120725	14129316	22991409	0	0	0	127431547365056	127431547545360	75636
XCHTIME	0	0	0	0	0	0	0	0	0	0	0	0
XCHTIME	22536	1	0	43019514	13979621	23023051	3039792	0	2977050	127431547365056	127431547545360	75636
XCHTIME	0	0	0	0	0	0	0	0	0	0	0	0
XCHTIME	22536	1	0	43773743	14050487	22951649	3058252	0	3713355	127431547365056	127431547545360	75636
XCHTIME	0	0	0	0	0	0	0	0	0	0	0	0
XCHTIME	22536	1	0	43212844	14102275	22983585	3041518	0	3085466	127431547365056	127431547545360	75636
XCHTIME	0	0	0	0	0	0	0	0	0	0	0	0
XCHTIME	22536	1	0	43877979	14146152	22971913	3065451	0	3694463	127431547365056	127431547545360	75636
XCHTIME	0	0	0	0	0	0	0	0	0	0	0	0
XCHTIME	22536	1	0	43895424	14166379	23060375	3048678	0	3619992	127431547365056	127431547545360	75636
XCHTIME	0	0	0	0	0	0	0	0	0	0	0	0
XCHTIME	22536	1	0	43112515	14071410	22955644	3068556	0	3016905	127431547365056	127431547545360	75636
XCHTIME	0	0	0	0	0	0	0	0	0	0	0	0
XCHTIME	22536	1	0	42893819	14110441	23048012	3045893	0	2689473	127431547365056	127431547545360	75636
LIFT	gasprod_sarawak81	22536	12902	61066	12902
COUNTS	gasprod_sarawak81	22536	75636	1030380	939449
XCHTIME	0	0	0	0	0	0	0	0	0	0	0	0
XCHTIME	660	2	4	2456463	34103	7377	3269	1599	2410115	127431882496432	127431901636544	29646
XCHTIME	0	0	0	0	0	0	0	0	0	0	0	0
XCHTIME	660	1	0	10282665	32936	6122	1693	0	10241914	127431882496432	127431901636544	29646
XCHTIME	0	0	0	0	0	0	0	0	0	0	0	0
XCHTIME	660	2	5	6998770	34918	6923	3691	2036	6951202	127431882496432	127431901636544	29646
XCHTIME	0	0	0	0	0	0	0	0	0	0	0	0
XCHTIME	660	2	5	20228277	36906	7237	4193	1868	20178073	127431882496432	127431901636544	29646
LADGATE	660	10000	0.392	1
XCHTIME	0	0	0	0	0	0	0	0	0	0	0	0
XCHTIME	660	4	10	4786055	32999	6536	6431	3535	4736554	127431882496432	127431901636544	29646
XCHTIME	0	0	0	0	0	0	0	0	0	0	0	0
XCHTIME	660	1	0	9913722	41369	8620	1636	0	9862097	127431882496432	127431901636544	29646
XCHTIME	0	0	0	0	0	0	0	0	0	0	0	0
XCHTIME	660	4	15	7653141	41671	7331	9606	6614	7587919	127431882496432	127431901636544	29646
XCHTIME	0	0	0	0	0	0	0	0	0	0	0	0
XCHTIME	660	4	10	4747198	39328	7815	7359	3575	4689121	127431882496432	127431901636544	29646
XCHTIME	0	0	0	0	0	0	0	0	0	0	0	0
XCHTIME	660	2	5	20607646	38732	6530	4661	2513	20555210	127431882496432	127431901636544	29646
XCHTIME	0	0	0	0	0	0	0	0	0	0	0	0
XCHTIME	660	4	11	3669281	41704	7429	9733	4231	3606184	127431882496432	127431901636544	29646
XCHTIME	0	0	0	0	0	0	0	0	0	0	0	0
XCHTIME	660	4	14	15434762	36411	6386	8345	5030	15378590	127431882496432	127431901636544	29646
XCHTIME	0	0	0	0	0	0	0	0	0	0	0	0
XCHTIME	660	3	12	20013304	33036	6046	6223	4526	19963473	127431882496432	127431901636544	29646
XCHTIME	0	0	0	0	0	0	0	0	0	0	0	0
XCHTIME	660	1	0	19767801	35875	6573	1653	0	19723700	127431882496432	127431901636544	29646
XCHTIME	0	0	0	0	0	0	0	0	0	0	0	0
XCHTIME	660	4	6	2982124	39025	7555	6601	2630	2926313	127431882496432	127431901636544	29646
LIFT	maxcsp-langford-3-11	660	627	41846	627
COUNTS	maxcsp-langford-3-11	660	29646	33444033	10360919
XCHTIME	0	0	0	0	0	0	0	0	0	0	0	0
XCHTIME	1543	2	4	2316139	11202	24149	15090	437	2265261	127431902616000	127431882501728	5224
XCHTIME	0	0	0	0	0	0	0	0	0	0	0	0
XCHTIME	1543	2	6	6724188	12022	25522	24459	725	6661460	127431902616000	127431882501728	5224
XCHTIME	0	0	0	0	0	0	0	0	0	0	0	0
XCHTIME	1543	2	5	4682444	17049	30103	22219	581	4612492	127431902616000	127431882501728	5224
XCHTIME	0	0	0	0	0	0	0	0	0	0	0	0
XCHTIME	1543	4	18	13596331	15551	28844	61991	2009	13487936	127431902616000	127431882501728	5224
LADGATE	1543	10000	0.351	1
XCHTIME	0	0	0	0	0	0	0	0	0	0	0	0
XCHTIME	1543	5	26	21789846	11204	24959	83313	2770	21667600	127431902616000	127431882501728	5224
XCHTIME	0	0	0	0	0	0	0	0	0	0	0	0
XCHTIME	1543	2	19	5781253	18381	30991	27926	1663	5702292	127431902616000	127431882501728	5224
XCHTIME	0	0	0	0	0	0	0	0	0	0	0	0
XCHTIME	1543	4	15	6162104	14068	29323	49323	1576	6067814	127431902616000	127431882501728	5224
XCHTIME	0	0	0	0	0	0	0	0	0	0	0	0
XCHTIME	1543	4	10	4395530	12940	26823	32654	890	4322223	127431902616000	127431882501728	5224
XCHTIME	0	0	0	0	0	0	0	0	0	0	0	0
XCHTIME	1543	4	18	13476825	12317	26254	54954	1854	13381446	127431902616000	127431882501728	5224
XCHTIME	0	0	0	0	0	0	0	0	0	0	0	0
XCHTIME	1543	4	11	2327020	15179	30012	42175	970	2238684	127431902616000	127431882501728	5224
XCHTIME	0	0	0	0	0	0	0	0	0	0	0	0
XCHTIME	1543	4	14	9307599	13526	26685	45853	1452	9220083	127431902616000	127431882501728	5224
XCHTIME	0	0	0	0	0	0	0	0	0	0	0	0
XCHTIME	1543	4	13	12708533	20101	34003	44624	1431	12608374	127431902616000	127431882501728	5224
XCHTIME	0	0	0	0	0	0	0	0	0	0	0	0
XCHTIME	1543	2	5	13341619	15474	28414	33214	713	13263804	127431902616000	127431882501728	5224
XCHTIME	0	0	0	0	0	0	0	0	0	0	0	0
XCHTIME	1543	4	6	1642801	21633	33698	39824	531	1547115	127431902616000	127431882501728	5224
LIFT	p_ball_30b_5p_2d_h	1543	999	4136	999
COUNTS	p_ball_30b_5p_2d_h	1543	5224	25843	25742
XCHTIME	0	0	0	0	0	0	0	0	0	0	0	0
XCHTIME	6709	1	0	2817699	402685	830143	409621	0	1175250	127431910742560	127431892919024	45220
XCHTIME	0	0	0	0	0	0	0	0	0	0	0	0
XCHTIME	6709	1	0	3535442	413844	802890	412744	0	1905964	127431910742560	127431892919024	45220
XCHTIME	0	0	0	0	0	0	0	0	0	0	0	0
XCHTIME	6709	1	0	3112637	483613	807519	409331	0	1412174	127431910742560	127431892919024	45220
XCHTIME	0	0	0	0	0	0	0	0	0	0	0	0
XCHTIME	6709	4	18	9074045	401370	823960	1607057	4375	6237283	127431910742560	127431892919024	45220
LADGATE	6709	10000	0.435	1
XCHTIME	0	0	0	0	0	0	0	0	0	0	0	0
XCHTIME	6709	5	26	13033038	465962	825142	2012523	5448	9723963	127431910742560	127431892919024	45220
XCHTIME	0	0	0	0	0	0	0	0	0	0	0	0
XCHTIME	6709	2	19	4752927	454308	827861	797337	2966	2670455	127431910742560	127431892919024	45220
XCHTIME	0	0	0	0	0	0	0	0	0	0	0	0
XCHTIME	6709	2	4	4549976	390386	823466	793912	1559	2540653	127431910742560	127431892919024	45220
XCHTIME	0	0	0	0	0	0	0	0	0	0	0	0
XCHTIME	6709	4	10	8028544	394467	858799	1643708	3349	5128221	127431910742560	127431892919024	45220
XCHTIME	0	0	0	0	0	0	0	0	0	0	0	0
XCHTIME	6709	4	18	9141837	405752	794375	1653023	4123	6284564	127431910742560	127431892919024	45220
XCHTIME	0	0	0	0	0	0	0	0	0	0	0	0
XCHTIME	6709	4	11	7992051	432349	827673	1580171	3505	5148353	127431910742560	127431892919024	45220
XCHTIME	0	0	0	0	0	0	0	0	0	0	0	0
XCHTIME	6709	4	14	8334556	444264	854245	1650756	4545	5380746	127431910742560	127431892919024	45220
XCHTIME	0	0	0	0	0	0	0	0	0	0	0	0
XCHTIME	6709	4	13	8915065	450115	880101	1616977	3719	5964153	127431910742560	127431892919024	45220
XCHTIME	0	0	0	0	0	0	0	0	0	0	0	0
XCHTIME	6709	3	15	10410031	436033	839208	1231603	3377	7899810	127431910742560	127431892919024	45220
XCHTIME	0	0	0	0	0	0	0	0	0	0	0	0
XCHTIME	6709	4	6	7873443	465118	816937	1576987	2397	5012004	127431910742560	127431892919024	45220
LIFT	ringpack_20_3	6709	3451	41284	3451
COUNTS	ringpack_20_3	6709	45220	2415136	865627
XCHTIME	0	0	0	0	0	0	0	0	0	0	0	0
XCHTIME	4825	1	0	2079308	231116	374845	177299	0	1296048	127431882168064	127431892394720	21504
XCHTIME	0	0	0	0	0	0	0	0	0	0	0	0
XCHTIME	4825	1	0	2730630	221581	377153	205144	0	1926752	127431882168064	127431892394720	21504
XCHTIME	0	0	0	0	0	0	0	0	0	0	0	0
XCHTIME	4825	1	0	2292940	244415	381658	182554	0	1484313	127431882168064	127431892394720	21504
XCHTIME	0	0	0	0	0	0	0	0	0	0	0	0
XCHTIME	4825	2	5	11113235	226575	429349	370770	1117	10085424	127431882168064	127431892394720	21504
LADGATE	4825	10000	0.644	1
XCHTIME	0	0	0	0	0	0	0	0	0	0	0	0
XCHTIME	4825	5	26	41219668	227964	382406	928196	7585	39673517	127431882168064	127431892394720	21504
XCHTIME	0	0	0	0	0	0	0	0	0	0	0	0
XCHTIME	4825	2	19	5140854	248749	402546	359075	3856	4126628	127431882168064	127431892394720	21504
XCHTIME	0	0	0	0	0	0	0	0	0	0	0	0
XCHTIME	4825	2	4	5431524	222620	377741	356368	1332	4473463	127431882168064	127431892394720	21504
XCHTIME	0	0	0	0	0	0	0	0	0	0	0	0
XCHTIME	4825	4	10	9688652	224877	383270	705137	2578	8372790	127431882168064	127431892394720	21504
XCHTIME	0	0	0	0	0	0	0	0	0	0	0	0
XCHTIME	4825	2	5	11087602	227510	387888	384853	1683	10085668	127431882168064	127431892394720	21504
XCHTIME	0	0	0	0	0	0	0	0	0	0	0	0
XCHTIME	4825	4	11	9252819	230255	380173	712342	2792	7927257	127431882168064	127431892394720	21504
XCHTIME	0	0	0	0	0	0	0	0	0	0	0	0
XCHTIME	4825	3	12	9804127	225834	384279	533137	3285	8657592	127431882168064	127431892394720	21504
XCHTIME	0	0	0	0	0	0	0	0	0	0	0	0
XCHTIME	4825	2	4	10730723	229127	387576	363860	1254	9748906	127431882168064	127431892394720	21504
XCHTIME	0	0	0	0	0	0	0	0	0	0	0	0
XCHTIME	4825	1	0	9807589	242325	403511	183799	0	8977954	127431882168064	127431892394720	21504
XCHTIME	0	0	0	0	0	0	0	0	0	0	0	0
XCHTIME	4825	4	6	8668561	234830	385783	702821	1866	7343261	127431882168064	127431892394720	21504
LIFT	waste	4825	2503	19260	2503
COUNTS	waste	4825	21504	1468261	1270649
XCHTIME	0	0	0	0	0	0	0	0	0	0	0	0
XCHTIME	2001	1	0	438942	28276	47006	13957	0	349703	127431890358656	127431893303040	11192
XCHTIME	0	0	0	0	0	0	0	0	0	0	0	0
XCHTIME	2001	1	0	6989539	30616	49126	13570	0	6896227	127431890358656	127431893303040	11192
XCHTIME	0	0	0	0	0	0	0	0	0	0	0	0
XCHTIME	2001	1	0	4540135	35621	55552	13737	0	4435225	127431890358656	127431893303040	11192
XCHTIME	0	0	0	0	0	0	0	0	0	0	0	0
XCHTIME	2001	1	0	14099530	32201	53110	13888	0	14000331	127431890358656	127431893303040	11192
LADGATE	2001	10000	0.287	1
XCHTIME	0	0	0	0	0	0	0	0	0	0	0	0
XCHTIME	2001	5	26	306440350	38135	53966	161339	4402	306182508	127431890358656	127431893303040	11192
XCHTIME	0	0	0	0	0	0	0	0	0	0	0	0
XCHTIME	2001	4	66	2868500	44110	59588	87740	6805	2670257	127431890358656	127431893303040	11192
XCHTIME	0	0	0	0	0	0	0	0	0	0	0	0
XCHTIME	2001	4	15	1947389	26472	48136	62677	1852	1808252	127431890358656	127431893303040	11192
XCHTIME	0	0	0	0	0	0	0	0	0	0	0	0
XCHTIME	2001	4	10	1625554	25602	46345	57301	1203	1495103	127431890358656	127431893303040	11192
XCHTIME	0	0	0	0	0	0	0	0	0	0	0	0
XCHTIME	2001	1	0	14208396	26055	46177	13716	0	14122448	127431890358656	127431893303040	11192
XCHTIME	0	0	0	0	0	0	0	0	0	0	0	0
XCHTIME	2001	4	11	1579259	42478	61524	66063	1437	1407757	127431890358656	127431893303040	11192
XCHTIME	0	0	0	0	0	0	0	0	0	0	0	0
XCHTIME	2001	1	0	11594835	26633	46453	13509	0	11508240	127431890358656	127431893303040	11192
XCHTIME	0	0	0	0	0	0	0	0	0	0	0	0
XCHTIME	2001	1	0	15136625	32946	51005	13549	0	15039125	127431890358656	127431893303040	11192
XCHTIME	0	0	0	0	0	0	0	0	0	0	0	0
XCHTIME	2001	1	0	14329776	33718	52582	14470	0	14229006	127431890358656	127431893303040	11192
XCHTIME	0	0	0	0	0	0	0	0	0	0	0	0
XCHTIME	2001	4	6	1490226	41674	61010	58559	978	1328005	127431890358656	127431893303040	11192
LIFT	catmix400	2001	1998	11180	1998
COUNTS	catmix400	2001	11192	36373	36364
XCHTIME	0	0	0	0	0	0	0	0	0	0	0	0
XCHTIME	3054	2	4	2438257	51201	122494	96441	1009	2167112	127431893755600	127431902058448	7968
XCHTIME	0	0	0	0	0	0	0	0	0	0	0	0
XCHTIME	3054	1	0	3855032	54090	126176	44663	0	3630103	127431893755600	127431902058448	7968
XCHTIME	0	0	0	0	0	0	0	0	0	0	0	0
XCHTIME	3054	1	0	3271960	69335	129448	44503	0	3028674	127431893755600	127431902058448	7968
XCHTIME	0	0	0	0	0	0	0	0	0	0	0	0
XCHTIME	3054	1	0	10380609	60686	125847	43090	0	10150986	127431893755600	127431902058448	7968
LADGATE	3054	10000	0.514	1
XCHTIME	0	0	0	0	0	0	0	0	0	0	0	0
XCHTIME	3054	5	26	51027157	64205	119924	278209	3750	50561069	127431893755600	127431902058448	7968
XCHTIME	0	0	0	0	0	0	0	0	0	0	0	0
XCHTIME	3054	1	0	4907356	65149	125132	46364	0	4670711	127431893755600	127431902058448	7968
XCHTIME	0	0	0	0	0	0	0	0	0	0	0	0
XCHTIME	3054	3	12	6705473	63251	120555	145203	1956	6374508	127431893755600	127431902058448	7968
XCHTIME	0	0	0	0	0	0	0	0	0	0	0	0
XCHTIME	3054	4	10	6997386	58274	118971	206408	1903	6611830	127431893755600	127431902058448	7968
XCHTIME	0	0	0	0	0	0	0	0	0	0	0	0
XCHTIME	3054	1	0	10325715	50006	115311	47355	0	10113043	127431893755600	127431902058448	7968
XCHTIME	0	0	0	0	0	0	0	0	0	0	0	0
XCHTIME	3054	4	11	5301872	61180	123204	179091	2026	4936371	127431893755600	127431902058448	7968
XCHTIME	0	0	0	0	0	0	0	0	0	0	0	0
XCHTIME	3054	4	14	12383226	50751	115034	195058	2584	12019799	127431893755600	127431902058448	7968
XCHTIME	0	0	0	0	0	0	0	0	0	0	0	0
XCHTIME	3054	2	4	11404753	62952	132897	102868	611	11105425	127431893755600	127431902058448	7968
XCHTIME	0	0	0	0	0	0	0	0	0	0	0	0
XCHTIME	3054	1	0	8909416	58911	124804	42830	0	8682871	127431893755600	127431902058448	7968
XCHTIME	0	0	0	0	0	0	0	0	0	0	0	0
XCHTIME	3054	4	6	3988102	62390	137901	179494	1211	3607106	127431893755600	127431902058448	7968
LIFT	rsyn0815m02hfsg	3054	1697	5478	1697
COUNTS	rsyn0815m02hfsg	3054	7968	44604	41384
XCHTIME	0	0	0	0	0	0	0	0	0	0	0	0
XCHTIME	1236	2	4	1241399	8334	16159	8270	227	1208409	127431890213392	127431893624512	4186
XCHTIME	0	0	0	0	0	0	0	0	0	0	0	0
XCHTIME	1236	1	0	6830405	8457	16369	3958	0	6801621	127431890213392	127431893624512	4186
XCHTIME	0	0	0	0	0	0	0	0	0	0	0	0
XCHTIME	1236	2	5	4528419	11975	19309	15218	230	4481687	127431890213392	127431893624512	4186
XCHTIME	0	0	0	0	0	0	0	0	0	0	0	0
XCHTIME	1236	3	15	14239834	11636	17714	22661	625	14187198	127431890213392	127431893624512	4186
LADGATE	1236	10000	0.299	1
XCHTIME	0	0	0	0	0	0	0	0	0	0	0	0
XCHTIME	1236	5	26	32232950	8576	16846	41700	1641	32164187	127431890213392	127431893624512	4186
XCHTIME	0	0	0	0	0	0	0	0	0	0	0	0
XCHTIME	1236	1	0	6960617	11566	20111	4370	0	6924570	127431890213392	127431893624512	4186
XCHTIME	0	0	0	0	0	0	0	0	0	0	0	0
XCHTIME	1236	4	15	4697674	14115	21434	18783	683	4642659	127431890213392	127431893624512	4186
XCHTIME	0	0	0	0	0	0	0	0	0	0	0	0
XCHTIME	1236	4	10	2378717	8742	16647	16712	415	2336201	127431890213392	127431893624512	4186
XCHTIME	0	0	0	0	0	0	0	0	0	0	0	0
XCHTIME	1236	3	15	14178324	8811	16321	21813	775	14130604	127431890213392	127431893624512	4186
XCHTIME	0	0	0	0	0	0	0	0	0	0	0	0
XCHTIME	1236	4	11	1623509	11655	19565	19681	500	1572108	127431890213392	127431893624512	4186
XCHTIME	0	0	0	0	0	0	0	0	0	0	0	0
XCHTIME	1236	4	14	8809790	9175	17055	21179	699	8761682	127431890213392	127431893624512	4186
XCHTIME	0	0	0	0	0	0	0	0	0	0	0	0
XCHTIME	1236	4	13	15124513	10283	18432	28074	617	15067107	127431890213392	127431893624512	4186
XCHTIME	0	0	0	0	0	0	0	0	0	0	0	0
XCHTIME	1236	2	5	15273304	9537	18112	18596	317	15226742	127431890213392	127431893624512	4186
XCHTIME	0	0	0	0	0	0	0	0	0	0	0	0
XCHTIME	1236	4	6	1155119	11276	20540	21808	285	1101210	127431890213392	127431893624512	4186
LIFT	p_ball_10b_7p_3d_h	1236	751	3216	751
COUNTS	p_ball_10b_7p_3d_h	1236	4186	24380	23744
XCHTIME	0	0	0	0	0	0	0	0	0	0	0	0
XCHTIME	1225	2	4	2251059	11660	16009	8682	419	2214289	127431882567280	127431910258848	3846
XCHTIME	0	0	0	0	0	0	0	0	0	0	0	0
XCHTIME	1225	1	0	7680142	11884	19920	4327	0	7644011	127431882567280	127431910258848	3846
XCHTIME	0	0	0	0	0	0	0	0	0	0	0	0
XCHTIME	1225	2	5	6182118	16893	23446	11126	634	6130019	127431882567280	127431910258848	3846
XCHTIME	0	0	0	0	0	0	0	0	0	0	0	0
XCHTIME	1225	2	5	15965794	14991	22250	13381	612	15914560	127431882567280	127431910258848	3846
LADGATE	1225	10000	0.612	1
XCHTIME	0	0	0	0	0	0	0	0	0	0	0	0
XCHTIME	1225	5	26	45658257	12118	17427	38917	3778	45586017	127431882567280	127431910258848	3846
XCHTIME	0	0	0	0	0	0	0	0	0	0	0	0
XCHTIME	1225	2	19	6592878	16411	19610	15903	2139	6538815	127431882567280	127431910258848	3846
XCHTIME	0	0	0	0	0	0	0	0	0	0	0	0
XCHTIME	1225	4	15	7578231	20699	21027	23261	1796	7511448	127431882567280	127431910258848	3846
XCHTIME	0	0	0	0	0	0	0	0	0	0	0	0
XCHTIME	1225	4	10	4572722	13934	18747	26365	1376	4512300	127431882567280	127431910258848	3846
XCHTIME	0	0	0	0	0	0	0	0	0	0	0	0
XCHTIME	1225	2	5	15979261	14737	19436	14569	634	15929885	127431882567280	127431910258848	3846
XCHTIME	0	0	0	0	0	0	0	0	0	0	0	0
XCHTIME	1225	4	11	3021750	16368	18716	17909	1290	2967467	127431882567280	127431910258848	3846
XCHTIME	0	0	0	0	0	0	0	0	0	0	0	0
XCHTIME	1225	4	14	11977442	12116	16842	23797	1813	11922874	127431882567280	127431910258848	3846
XCHTIME	0	0	0	0	0	0	0	0	0	0	0	0
XCHTIME	1225	4	13	16330206	15602	19602	27670	1736	16265596	127431882567280	127431910258848	3846
XCHTIME	0	0	0	0	0	0	0	0	0	0	0	0
XCHTIME	1225	1	0	14022153	12753	17586	4387	0	13987427	127431882567280	127431910258848	3846
XCHTIME	0	0	0	0	0	0	0	0	0	0	0	0
XCHTIME	1225	4	6	2093714	17802	22921	17769	687	2034535	127431882567280	127431910258848	3846
LIFT	chimera_k64ising-02	1225	772	3732	772
COUNTS	chimera_k64ising-02	1225	3846	613390	371142
XCHTIME	0	0	0	0	0	0	0	0	0	0	0	0
XCHTIME	3404	2	4	2248694	84942	157389	132718	704	1872941	127431893434128	127431547141760	11462
XCHTIME	0	0	0	0	0	0	0	0	0	0	0	0
XCHTIME	3404	1	0	2686388	79352	156182	65146	0	2385708	127431893434128	127431547141760	11462
XCHTIME	0	0	0	0	0	0	0	0	0	0	0	0
XCHTIME	3404	1	0	2751961	80459	156483	68911	0	2446108	127431893434128	127431547141760	11462
XCHTIME	0	0	0	0	0	0	0	0	0	0	0	0
XCHTIME	3404	3	15	11543466	91851	167654	243720	2420	11037821	127431893434128	127431547141760	11462
LADGATE	3404	10000	0.557	1
XCHTIME	0	0	0	0	0	0	0	0	0	0	0	0
XCHTIME	3404	5	26	19790179	76679	160279	395645	5143	19152433	127431893434128	127431547141760	11462
XCHTIME	0	0	0	0	0	0	0	0	0	0	0	0
XCHTIME	3404	2	19	5259357	106727	173847	152646	3166	4822971	127431893434128	127431547141760	11462
XCHTIME	0	0	0	0	0	0	0	0	0	0	0	0
XCHTIME	3404	4	15	5942302	78070	158965	273284	2847	5429136	127431893434128	127431547141760	11462
XCHTIME	0	0	0	0	0	0	0	0	0	0	0	0
XCHTIME	3404	4	10	5207311	81002	160662	290579	2310	4672758	127431893434128	127431547141760	11462
XCHTIME	0	0	0	0	0	0	0	0	0	0	0	0
XCHTIME	3404	3	15	11395733	81950	155848	234356	2595	10920984	127431893434128	127431547141760	11462
XCHTIME	0	0	0	0	0	0	0	0	0	0	0	0
XCHTIME	3404	4	11	4627783	84508	162991	272220	2241	4105823	127431893434128	127431547141760	11462
XCHTIME	0	0	0	0	0	0	0	0	0	0	0	0
XCHTIME	3404	4	14	7710220	80903	157777	287359	2833	7181348	127431893434128	127431547141760	11462
XCHTIME	0	0	0	0	0	0	0	0	0	0	0	0
XCHTIME	3404	4	13	11176478	81598	157074	323794	3324	10610688	127431893434128	127431547141760	11462
XCHTIME	0	0	0	0	0	0	0	0	0	0	0	0
XCHTIME	3404	1	0	9341638	85895	161534	66559	0	9027650	127431893434128	127431547141760	11462
XCHTIME	0	0	0	0	0	0	0	0	0	0	0	0
XCHTIME	3404	4	6	4377965	93492	168797	272909	1085	3841682	127431893434128	127431547141760	11462
LIFT	batchs121208m	3404	1725	8392	1725
COUNTS	batchs121208m	3404	11462	138030	128816
XCHTIME	0	0	0	0	0	0	0	0	0	0	0	0
XCHTIME	11	2	4	23217	176	240	80	128	22593	127431902615888	127431882264416	46
XCHTIME	0	0	0	0	0	0	0	0	0	0	0	0
XCHTIME	11	2	6	168133	169	252	66	243	167403	127431902615888	127431882264416	46
XCHTIME	0	0	0	0	0	0	0	0	0	0	0	0
XCHTIME	11	2	5	80452	227	266	64	159	79736	127431902615888	127431882264416	46
XCHTIME	0	0	0	0	0	0	0	0	0	0	0	0
XCHTIME	11	4	18	180288	243	277	117	558	179093	127431902615888	127431882264416	46
LADGATE	11	10000	0.108	1
XCHTIME	0	0	0	0	0	0	0	0	0	0	0	0
XCHTIME	11	4	10	53134	377	333	145	313	51966	127431902615888	127431882264416	46
XCHTIME	0	0	0	0	0	0	0	0	0	0	0	0
XCHTIME	11	4	31	161011	228	307	120	978	159378	127431902615888	127431882264416	46
XCHTIME	0	0	0	0	0	0	0	0	0	0	0	0
XCHTIME	11	4	15	48729	205	276	114	425	47709	127431902615888	127431882264416	46
XCHTIME	0	0	0	0	0	0	0	0	0	0	0	0
XCHTIME	11	4	10	44926	207	245	119	274	44081	127431902615888	127431882264416	46
XCHTIME	0	0	0	0	0	0	0	0	0	0	0	0
XCHTIME	11	4	18	176083	222	283	111	552	174915	127431902615888	127431882264416	46
XCHTIME	0	0	0	0	0	0	0	0	0	0	0	0
XCHTIME	11	4	11	28304	202	272	113	281	27436	127431902615888	127431882264416	46
XCHTIME	0	0	0	0	0	0	0	0	0	0	0	0
XCHTIME	11	4	14	123428	168	238	109	383	122530	127431902615888	127431882264416	46
XCHTIME	0	0	0	0	0	0	0	0	0	0	0	0
XCHTIME	11	4	13	240390	187	244	120	386	239453	127431902615888	127431882264416	46
XCHTIME	0	0	0	0	0	0	0	0	0	0	0	0
XCHTIME	11	4	16	228622	163	225	143	483	227608	127431902615888	127431882264416	46
XCHTIME	0	0	0	0	0	0	0	0	0	0	0	0
XCHTIME	11	4	6	16471	166	247	139	121	15798	127431902615888	127431882264416	46
COUNTS	nvs02	11	46	142	142
XCHTIME	0	0	0	0	0	0	0	0	0	0	0	0
XCHTIME	191	2	4	338265	4609	1117	751	244	331544	127431886756832	127431882206688	1416
XCHTIME	0	0	0	0	0	0	0	0	0	0	0	0
XCHTIME	191	2	6	2395112	2402	956	611	398	2390745	127431886756832	127431882206688	1416
XCHTIME	0	0	0	0	0	0	0	0	0	0	0	0
XCHTIME	191	2	5	817016	2413	941	504	286	812872	127431886756832	127431882206688	1416
XCHTIME	0	0	0	0	0	0	0	0	0	0	0	0
XCHTIME	191	4	18	4917998	2241	908	1274	1008	4912567	127431886756832	127431882206688	1416
LADGATE	191	10000	0.256	1
XCHTIME	0	0	0	0	0	0	0	0	0	0	0	0
XCHTIME	191	5	26	6377984	2480	1751	1219	1399	6371135	127431886756832	127431882206688	1416
XCHTIME	0	0	0	0	0	0	0	0	0	0	0	0
XCHTIME	191	4	66	466042	2137	955	1014	3284	458652	127431886756832	127431882206688	1416
XCHTIME	0	0	0	0	0	0	0	0	0	0	0	0
XCHTIME	191	4	15	834298	2464	1029	1097	767	828941	127431886756832	127431882206688	1416
XCHTIME	0	0	0	0	0	0	0	0	0	0	0	0
XCHTIME	191	4	10	593178	2391	919	892	574	588402	127431886756832	127431882206688	1416
XCHTIME	0	0	0	0	0	0	0	0	0	0	0	0
XCHTIME	191	4	18	4924130	2480	934	1099	1013	4918604	127431886756832	127431882206688	1416
XCHTIME	0	0	0	0	0	0	0	0	0	0	0	0
XCHTIME	191	4	11	315586	2428	901	953	584	310720	127431886756832	127431882206688	1416
XCHTIME	0	0	0	0	0	0	0	0	0	0	0	0
XCHTIME	191	4	14	1605229	2311	895	966	752	1600305	127431886756832	127431882206688	1416
XCHTIME	0	0	0	0	0	0	0	0	0	0	0	0
XCHTIME	191	4	13	2870804	2373	910	1186	669	2865666	127431886756832	127431882206688	1416
XCHTIME	0	0	0	0	0	0	0	0	0	0	0	0
XCHTIME	191	4	16	17428588	2494	952	1768	1110	17422264	127431886756832	127431882206688	1416
XCHTIME	0	0	0	0	0	0	0	0	0	0	0	0
XCHTIME	191	4	6	171029	3209	1553	1081	335	164851	127431886756832	127431882206688	1416
LIFT	wastepaper6	191	156	1358	156
COUNTS	wastepaper6	191	1416	16611	16611
XCHTIME	0	0	0	0	0	0	0	0	0	0	0	0
XCHTIME	399	2	4	183494	7328	3472	1733	215	170746	127431886759856	127431893461376	1022
XCHTIME	0	0	0	0	0	0	0	0	0	0	0	0
XCHTIME	399	2	6	653341	2649	2649	1801	301	645941	127431886759856	127431893461376	1022
XCHTIME	0	0	0	0	0	0	0	0	0	0	0	0
XCHTIME	399	2	5	282519	2773	2865	1712	209	274960	127431886759856	127431893461376	1022
XCHTIME	0	0	0	0	0	0	0	0	0	0	0	0
XCHTIME	399	4	18	1346751	2574	2742	3495	731	1337209	127431886759856	127431893461376	1022
LADGATE	399	10000	0.246	1
XCHTIME	0	0	0	0	0	0	0	0	0	0	0	0
XCHTIME	399	5	26	1493442	2642	3294	4284	1048	1482174	127431886759856	127431893461376	1022
XCHTIME	0	0	0	0	0	0	0	0	0	0	0	0
XCHTIME	399	4	66	3184031	2736	2773	4085	2442	3171995	127431886759856	127431893461376	1022
XCHTIME	0	0	0	0	0	0	0	0	0	0	0	0
XCHTIME	399	4	15	435893	3348	3392	4044	628	424481	127431886759856	127431893461376	1022
XCHTIME	0	0	0	0	0	0	0	0	0	0	0	0
XCHTIME	399	4	10	298092	2996	2900	3326	341	288529	127431886759856	127431893461376	1022
XCHTIME	0	0	0	0	0	0	0	0	0	0	0	0
XCHTIME	399	4	18	1372752	2866	2759	3734	755	1362638	127431886759856	127431893461376	1022
XCHTIME	0	0	0	0	0	0	0	0	0	0	0	0
XCHTIME	399	4	11	253931	3056	3155	3479	454	243787	127431886759856	127431893461376	1022
XCHTIME	0	0	0	0	0	0	0	0	0	0	0	0
XCHTIME	399	4	14	577768	2738	2832	3804	595	567799	127431886759856	127431893461376	1022
XCHTIME	0	0	0	0	0	0	0	0	0	0	0	0
XCHTIME	399	4	13	820862	2746	2813	3602	477	811224	127431886759856	127431893461376	1022
XCHTIME	0	0	0	0	0	0	0	0	0	0	0	0
XCHTIME	399	4	16	2134936	2711	2977	5002	745	2123501	127431886759856	127431893461376	1022
XCHTIME	0	0	0	0	0	0	0	0	0	0	0	0
XCHTIME	399	4	6	188587	2902	3543	3158	175	178809	127431886759856	127431893461376	1022
LIFT	syn15hfsg	399	221	666	221
COUNTS	syn15hfsg	399	1022	3300	3272
XCHTIME	0	0	0	0	0	0	0	0	0	0	0	0
XCHTIME	36	2	4	69340	786	423	225	159	67747	127431887836528	127431893470160	246
XCHTIME	0	0	0	0	0	0	0	0	0	0	0	0
XCHTIME	36	2	6	696773	708	373	222	286	695184	127431887836528	127431893470160	246
XCHTIME	0	0	0	0	0	0	0	0	0	0	0	0
XCHTIME	36	2	5	175797	763	415	194	211	174214	127431887836528	127431893470160	246
XCHTIME	0	0	0	0	0	0	0	0	0	0	0	0
XCHTIME	36	4	18	1359441	691	475	421	833	1357021	127431887836528	127431893470160	246
LADGATE	36	10000	0.161	1
XCHTIME	0	0	0	0	0	0	0	0	0	0	0	0
XCHTIME	36	5	26	1712257	1034	777	396	1118	1708932	127431887836528	127431893470160	246
XCHTIME	0	0	0	0	0	0	0	0	0	0	0	0
XCHTIME	36	4	64	7664	606	488	294	2548	3728	127431887836528	127431893470160	246
XCHTIME	0	0	0	0	0	0	0	0	0	0	0	0
XCHTIME	36	4	15	248129	519	357	252	520	246481	127431887836528	127431893470160	246
XCHTIME	0	0	0	0	0	0	0	0	0	0	0	0
XCHTIME	36	4	10	114188	711	384	329	344	112420	127431887836528	127431893470160	246
XCHTIME	0	0	0	0	0	0	0	0	0	0	0	0
XCHTIME	36	4	18	1327171	726	315	279	642	1325209	127431887836528	127431893470160	246
XCHTIME	0	0	0	0	0	0	0	0	0	0	0	0
XCHTIME	36	4	11	74535	764	413	271	348	72739	127431887836528	127431893470160	246
XCHTIME	0	0	0	0	0	0	0	0	0	0	0	0
XCHTIME	36	4	14	361197	727	322	271	507	359370	127431887836528	127431893470160	246
XCHTIME	0	0	0	0	0	0	0	0	0	0	0	0
XCHTIME	36	4	13	709005	688	387	294	438	707198	127431887836528	127431893470160	246
XCHTIME	0	0	0	0	0	0	0	0	0	0	0	0
XCHTIME	36	4	16	4374159	708	343	537	758	4371813	127431887836528	127431893470160	246
XCHTIME	0	0	0	0	0	0	0	0	0	0	0	0
XCHTIME	36	4	6	44667	1080	875	302	218	42192	127431887836528	127431893470160	246
LIFT	st_jcbpaf2	36	23	220	23
COUNTS	st_jcbpaf2	36	246	1635	1543
COUNTS	camshape400	2000	7188	16768	16768
XCHTIME	0	0	0	0	0	0	0	0	0	0	0	0
XCHTIME	120	2	4	215770	4821	1262	533	816	208338	127431881017904	127431902124000	2790
XCHTIME	0	0	0	0	0	0	0	0	0	0	0	0
XCHTIME	120	2	6	3350555	3248	704	476	1252	3344875	127431881017904	127431902124000	2790
XCHTIME	0	0	0	0	0	0	0	0	0	0	0	0
XCHTIME	120	2	5	923008	4043	1557	613	1157	915638	127431881017904	127431902124000	2790
XCHTIME	0	0	0	0	0	0	0	0	0	0	0	0
XCHTIME	120	4	18	6333557	3567	1203	1081	3526	6324180	127431881017904	127431902124000	2790
LADGATE	120	10000	0.253	1
XCHTIME	0	0	0	0	0	0	0	0	0	0	0	0
XCHTIME	120	4	10	391589	3949	1562	609	2077	383392	127431881017904	127431902124000	2790
XCHTIME	0	0	0	0	0	0	0	0	0	0	0	0
XCHTIME	120	4	66	549608	3138	658	621	10411	534780	127431881017904	127431902124000	2790
XCHTIME	0	0	0	0	0	0	0	0	0	0	0	0
XCHTIME	120	4	15	816940	3192	698	669	2974	809407	127431881017904	127431902124000	2790
XCHTIME	0	0	0	0	0	0	0	0	0	0	0	0
XCHTIME	120	4	10	376230	3187	672	583	1985	369803	127431881017904	127431902124000	2790
XCHTIME	0	0	0	0	0	0	0	0	0	0	0	0
XCHTIME	120	4	18	6356326	3131	674	719	3634	6348168	127431881017904	127431902124000	2790
XCHTIME	0	0	0	0	0	0	0	0	0	0	0	0
XCHTIME	120	4	11	227287	3343	643	554	2205	220542	127431881017904	127431902124000	2790
XCHTIME	0	0	0	0	0	0	0	0	0	0	0	0
XCHTIME	120	4	14	1732878	3288	644	722	3099	1725125	127431881017904	127431902124000	2790
XCHTIME	0	0	0	0	0	0	0	0	0	0	0	0
XCHTIME	120	4	13	3307703	3602	663	817	2817	3299804	127431881017904	127431902124000	2790
XCHTIME	0	0	0	0	0	0	0	0	0	0	0	0
XCHTIME	120	4	16	21791331	3427	684	1502	3309	21782409	127431881017904	127431902124000	2790
XCHTIME	0	0	0	0	0	0	0	0	0	0	0	0
XCHTIME	120	4	6	169997	3745	1307	656	1272	163017	127431881017904	127431902124000	2790
LIFT	graphpart_clique-30	120	117	2784	117
COUNTS	graphpart_clique-30	120	2790	114505	91153
XCHTIME	0	0	0	0	0	0	0	0	0	0	0	0
XCHTIME	280	2	4	579323	18438	2664	1104	2434	554683	127431893691104	127431892689648	14910
XCHTIME	0	0	0	0	0	0	0	0	0	0	0	0
XCHTIME	280	2	6	8812249	16884	1933	1487	3561	8788384	127431893691104	127431892689648	14910
XCHTIME	0	0	0	0	0	0	0	0	0	0	0	0
XCHTIME	280	2	5	2440849	26121	3960	1131	3007	2406630	127431893691104	127431892689648	14910
XCHTIME	0	0	0	0	0	0	0	0	0	0	0	0
XCHTIME	280	4	18	16987632	16971	1868	2311	10583	16955899	127431893691104	127431892689648	14910
LADGATE	280	10000	0.210	1
XCHTIME	0	0	0	0	0	0	0	0	0	0	0	0
XCHTIME	280	4	10	1054212	16624	2578	1637	5877	1027496	127431893691104	127431892689648	14910
XCHTIME	0	0	0	0	0	0	0	0	0	0	0	0
XCHTIME	280	4	66	2708290	16601	1801	1355	32834	2655699	127431893691104	127431892689648	14910
XCHTIME	0	0	0	0	0	0	0	0	0	0	0	0
XCHTIME	280	4	15	2261951	21505	2234	2188	9036	2226988	127431893691104	127431892689648	14910
XCHTIME	0	0	0	0	0	0	0	0	0	0	0	0
XCHTIME	280	4	10	1043260	16455	1706	1825	5910	1017364	127431893691104	127431892689648	14910
XCHTIME	0	0	0	0	0	0	0	0	0	0	0	0
XCHTIME	280	4	18	16984155	16790	1728	2325	10665	16952647	127431893691104	127431892689648	14910
XCHTIME	0	0	0	0	0	0	0	0	0	0	0	0
XCHTIME	280	4	11	764475	20082	2352	1601	6439	734001	127431893691104	127431892689648	14910
XCHTIME	0	0	0	0	0	0	0	0	0	0	0	0
XCHTIME	280	4	14	4635344	16749	1764	1920	8131	4606780	127431893691104	127431892689648	14910
XCHTIME	0	0	0	0	0	0	0	0	0	0	0	0
XCHTIME	280	4	13	9187718	17133	2036	2650	7809	9158090	127431893691104	127431892689648	14910
XCHTIME	0	0	0	0	0	0	0	0	0	0	0	0
XCHTIME	280	2	5	22234837	16935	2353	1456	3346	22210747	127431893691104	127431892689648	14910
XCHTIME	0	0	0	0	0	0	0	0	0	0	0	0
XCHTIME	280	4	6	618396	27924	2939	1741	3561	582231	127431893691104	127431892689648	14910
LIFT	graphpart_clique-70	280	277	14904	277
COUNTS	graphpart_clique-70	280	14910	1413012	1144894
COUNTS	smallinvDAXr1b010-011	39	1120	13510	13319
XCHTIME	0	0	0	0	0	0	0	0	0	0	0	0
XCHTIME	22074	0	0	0	0	0	0	0	0	127431897941472	127431898118080	60000
XCHTIME	0	0	0	0	0	0	0	0	0	0	0	0
XCHTIME	22074	0	0	35766789	13834967	21931822	0	0	0	127431897941472	127431898118080	60000
XCHTIME	0	0	0	0	0	0	0	0	0	0	0	0
XCHTIME	22074	0	0	34756037	12996110	21759927	0	0	0	127431897941472	127431898118080	60000
XCHTIME	0	0	0	0	0	0	0	0	0	0	0	0
XCHTIME	22074	1	0	41741141	13038003	21819994	2907073	0	3976071	127431897941472	127431898118080	60000
LADGATE	22074	10000	0.471	0
XCHTIME	0	0	0	0	0	0	0	0	0	0	0	0
XCHTIME	22074	5	26	160107395	13091915	21733886	14795421	18654	110467519	127431897941472	127431898118080	60000
XCHTIME	0	0	0	0	0	0	0	0	0	0	0	0
XCHTIME	22074	0	0	34945136	13212348	21732788	0	0	0	127431897941472	127431898118080	60000
XCHTIME	0	0	0	0	0	0	0	0	0	0	0	0
XCHTIME	22074	0	0	34800368	13100253	21700115	0	0	0	127431897941472	127431898118080	60000
XCHTIME	0	0	0	0	0	0	0	0	0	0	0	0
XCHTIME	22074	1	0	41445921	13018637	21781441	2923210	0	3722633	127431897941472	127431898118080	60000
XCHTIME	0	0	0	0	0	0	0	0	0	0	0	0
XCHTIME	22074	1	0	41846254	13168803	21775881	2975373	0	3926197	127431897941472	127431898118080	60000
XCHTIME	0	0	0	0	0	0	0	0	0	0	0	0
XCHTIME	22074	1	0	41683111	13185171	21807421	2939818	0	3750701	127431897941472	127431898118080	60000
XCHTIME	0	0	0	0	0	0	0	0	0	0	0	0
XCHTIME	22074	1	0	41701384	13133359	21741260	2906024	0	3920741	127431897941472	127431898118080	60000
XCHTIME	0	0	0	0	0	0	0	0	0	0	0	0
XCHTIME	22074	1	0	40965673	13102765	21780213	2901388	0	3181307	127431897941472	127431898118080	60000
XCHTIME	0	0	0	0	0	0	0	0	0	0	0	0
XCHTIME	22074	1	0	41781240	13141171	21801229	2922719	0	3916121	127431897941472	127431898118080	60000
XCHTIME	0	0	0	0	0	0	0	0	0	0	0	0
XCHTIME	22074	1	0	41527620	13152738	21802360	2969071	0	3603451	127431897941472	127431898118080	60000
LIFT	nd_netgen-2000-3-4-b-a-ns_7	22074	10074	36000	10074
COUNTS	nd_netgen-2000-3-4-b-a-ns_7	22074	60000	289420	272736
XCHTIME	0	0	0	0	0	0	0	0	0	0	0	0
XCHTIME	240	2	4	115257	6623	1458	934	212	106030	127431882223088	127431894479520	720
XCHTIME	0	0	0	0	0	0	0	0	0	0	0	0
XCHTIME	240	2	6	474059	1472	1100	766	326	470395	127431882223088	127431894479520	720
XCHTIME	0	0	0	0	0	0	0	0	0	0	0	0
XCHTIME	240	2	5	172837	1407	1070	679	203	169478	127431882223088	127431894479520	720
XCHTIME	0	0	0	0	0	0	0	0	0	0	0	0
XCHTIME	240	4	18	889471	1395	1073	1603	824	884576	127431882223088	127431894479520	720
LADGATE	240	10000	0.209	1
XCHTIME	0	0	0	0	0	0	0	0	0	0	0	0
XCHTIME	240	5	26	1008270	1729	1446	1823	1149	1002123	127431882223088	127431894479520	720
XCHTIME	0	0	0	0	0	0	0	0	0	0	0	0
XCHTIME	240	3	57	7516037	1439	1203	1035	2078	7510282	127431882223088	127431894479520	720
XCHTIME	0	0	0	0	0	0	0	0	0	0	0	0
XCHTIME	240	4	15	237127	1576	1099	1379	816	232257	127431882223088	127431894479520	720
XCHTIME	0	0	0	0	0	0	0	0	0	0	0	0
XCHTIME	240	4	10	180033	1630	1036	1264	324	175779	127431882223088	127431894479520	720
XCHTIME	0	0	0	0	0	0	0	0	0	0	0	0
XCHTIME	240	4	18	925969	1478	1085	1301	706	921399	127431882223088	127431894479520	720
XCHTIME	0	0	0	0	0	0	0	0	0	0	0	0
XCHTIME	240	4	11	134506	1492	1084	1170	383	130377	127431882223088	127431894479520	720
XCHTIME	0	0	0	0	0	0	0	0	0	0	0	0
XCHTIME	240	4	14	324537	1573	1001	1253	592	320118	127431882223088	127431894479520	720
XCHTIME	0	0	0	0	0	0	0	0	0	0	0	0
XCHTIME	240	4	13	387060	1601	1118	1364	456	382521	127431882223088	127431894479520	720
XCHTIME	0	0	0	0	0	0	0	0	0	0	0	0
XCHTIME	240	4	16	3144570	1514	1032	1465	627	3139932	127431882223088	127431894479520	720
XCHTIME	0	0	0	0	0	0	0	0	0	0	0	0
XCHTIME	240	4	6	121623	1977	1515	1166	220	116745	127431882223088	127431894479520	720
LIFT	slay05m	240	100	440	100
COUNTS	slay05m	240	720	2635	2635
XCHTIME	0	0	0	0	0	0	0	0	0	0	0	0
XCHTIME	2031	1	0	2938947	31408	45934	10676	0	2850929	127431894272000	127431881888048	10964
XCHTIME	0	0	0	0	0	0	0	0	0	0	0	0
XCHTIME	2031	1	0	7638681	31183	48450	12214	0	7546834	127431894272000	127431881888048	10964
XCHTIME	0	0	0	0	0	0	0	0	0	0	0	0
XCHTIME	2031	1	0	5733309	48524	60691	17465	0	5606629	127431894272000	127431881888048	10964
XCHTIME	0	0	0	0	0	0	0	0	0	0	0	0
XCHTIME	2031	1	0	15457615	41318	53644	15635	0	15347018	127431894272000	127431881888048	10964
LADGATE	2031	10000	1.091	1
XCHTIME	0	0	0	0	0	0	0	0	0	0	0	0
XCHTIME	2031	5	26	151702618	27747	45671	158340	5450	151465410	127431894272000	127431881888048	10964
XCHTIME	0	0	0	0	0	0	0	0	0	0	0	0
XCHTIME	2031	1	0	6671888	48259	63687	20228	0	6539714	127431894272000	127431881888048	10964
XCHTIME	0	0	0	0	0	0	0	0	0	0	0	0
XCHTIME	2031	2	4	6813729	45745	60165	34928	952	6671939	127431894272000	127431881888048	10964
XCHTIME	0	0	0	0	0	0	0	0	0	0	0	0
XCHTIME	2031	4	10	11571502	38274	55319	69888	2172	11405849	127431894272000	127431881888048	10964
XCHTIME	0	0	0	0	0	0	0	0	0	0	0	0
XCHTIME	2031	1	0	15731602	34276	50734	14295	0	15632297	127431894272000	127431881888048	10964
XCHTIME	0	0	0	0	0	0	0	0	0	0	0	0
XCHTIME	2031	4	11	7872509	43953	63318	71215	2509	7691514	127431894272000	127431881888048	10964
XCHTIME	0	0	0	0	0	0	0	0	0	0	0	0
XCHTIME	2031	2	4	15092040	31483	50880	41630	774	14967273	127431894272000	127431881888048	10964
XCHTIME	0	0	0	0	0	0	0	0	0	0	0	0
XCHTIME	2031	1	0	15456857	35935	54147	15977	0	15350798	127431894272000	127431881888048	10964
XCHTIME	0	0	0	0	0	0	0	0	0	0	0	0
XCHTIME	2031	1	0	16509728	42699	54706	14093	0	16398230	127431894272000	127431881888048	10964
XCHTIME	0	0	0	0	0	0	0	0	0	0	0	0
XCHTIME	2031	4	6	5497734	44751	63797	82905	1061	5305220	127431894272000	127431881888048	10964
LIFT	chimera_selby-c16-01	2031	1517	13662	1517
COUNTS	chimera_selby-c16-01	2031	10964	3605628	2404634
XCHTIME	0	0	0	0	0	0	0	0	0	0	0	0
XCHTIME	110	2	4	117303	3783	746	393	186	112195	127431887337648	127431890223296	376
XCHTIME	0	0	0	0	0	0	0	0	0	0	0	0
XCHTIME	110	2	6	988233	1184	578	313	220	985938	127431887337648	127431890223296	376
XCHTIME	0	0	0	0	0	0	0	0	0	0	0	0
XCHTIME	110	2	5	433269	1355	615	454	215	430630	127431887337648	127431890223296	376
XCHTIME	0	0	0	0	0	0	0	0	0	0	0	0
XCHTIME	110	4	18	2174873	1201	661	727	619	2171665	127431887337648	127431890223296	376
LADGATE	110	10000	0.181	1
XCHTIME	0	0	0	0	0	0	0	0	0	0	0	0
XCHTIME	110	5	26	2823657	1464	950	1000	836	2819407	127431887337648	127431890223296	376
XCHTIME	0	0	0	0	0	0	0	0	0	0	0	0
XCHTIME	110	4	66	1431686	1075	660	796	1939	1427216	127431887337648	127431890223296	376
XCHTIME	0	0	0	0	0	0	0	0	0	0	0	0
XCHTIME	110	4	15	374018	1515	804	663	456	370580	127431887337648	127431890223296	376
XCHTIME	0	0	0	0	0	0	0	0	0	0	0	0
XCHTIME	110	4	10	204847	1273	565	582	338	202089	127431887337648	127431890223296	376
XCHTIME	0	0	0	0	0	0	0	0	0	0	0	0
XCHTIME	110	4	18	2177850	1136	715	970	563	2174466	127431887337648	127431890223296	376
XCHTIME	0	0	0	0	0	0	0	0	0	0	0	0
XCHTIME	110	4	11	138093	1362	707	603	352	135069	127431887337648	127431890223296	376
XCHTIME	0	0	0	0	0	0	0	0	0	0	0	0
XCHTIME	110	4	14	702134	1171	717	595	484	699167	127431887337648	127431890223296	376
XCHTIME	0	0	0	0	0	0	0	0	0	0	0	0
XCHTIME	110	4	13	1224288	1126	581	738	430	1221413	127431887337648	127431890223296	376
XCHTIME	0	0	0	0	0	0	0	0	0	0	0	0
XCHTIME	110	4	16	8842113	1204	624	1268	552	8838465	127431887337648	127431890223296	376
XCHTIME	0	0	0	0	0	0	0	0	0	0	0	0
XCHTIME	110	4	6	80460	1594	1152	587	194	76933	127431887337648	127431890223296	376
LIFT	csched1	110	30	100	30
COUNTS	csched1	110	376	975	975
XCHTIME	0	0	0	0	0	0	0	0	0	0	0	0
XCHTIME	1310	2	4	927020	50664	18645	8742	256	848713	127431882059328	127431548331808	37028
XCHTIME	0	0	0	0	0	0	0	0	0	0	0	0
XCHTIME	1310	2	6	8443828	48080	18028	13365	627	8363728	127431882059328	127431548331808	37028
XCHTIME	0	0	0	0	0	0	0	0	0	0	0	0
XCHTIME	1310	2	5	3610893	49639	21399	11592	403	3527860	127431882059328	127431548331808	37028
XCHTIME	0	0	0	0	0	0	0	0	0	0	0	0
XCHTIME	1310	3	15	17198769	50034	19982	21439	1327	17105987	127431882059328	127431548331808	37028
LADGATE	1310	10000	0.132	1
XCHTIME	0	0	0	0	0	0	0	0	0	0	0	0
XCHTIME	1310	4	10	1720411	50232	19046	18122	612	1632399	127431882059328	127431548331808	37028
XCHTIME	0	0	0	0	0	0	0	0	0	0	0	0
XCHTIME	1310	4	66	6270187	49016	19461	36373	4199	6161138	127431882059328	127431548331808	37028
XCHTIME	0	0	0	0	0	0	0	0	0	0	0	0
XCHTIME	1310	4	15	3258939	50374	20597	28174	1211	3158583	127431882059328	127431548331808	37028
XCHTIME	0	0	0	0	0	0	0	0	0	0	0	0
XCHTIME	1310	4	10	1752963	53312	23576	22140	805	1653130	127431882059328	127431548331808	37028
XCHTIME	0	0	0	0	0	0	0	0	0	0	0	0
XCHTIME	1310	3	15	16969468	51471	21426	27680	1138	16867753	127431882059328	127431548331808	37028
XCHTIME	0	0	0	0	0	0	0	0	0	0	0	0
XCHTIME	1310	4	11	1277584	52259	21696	21668	763	1181198	127431882059328	127431548331808	37028
XCHTIME	0	0	0	0	0	0	0	0	0	0	0	0
XCHTIME	1310	4	14	7031409	49143	18599	24195	942	6938530	127431882059328	127431548331808	37028
XCHTIME	0	0	0	0	0	0	0	0	0	0	0	0
XCHTIME	1310	4	13	13270167	50658	20422	27662	923	13170502	127431882059328	127431548331808	37028
XCHTIME	0	0	0	0	0	0	0	0	0	0	0	0
XCHTIME	1310	1	0	18729750	54956	24647	4712	0	18645435	127431882059328	127431548331808	37028
XCHTIME	0	0	0	0	0	0	0	0	0	0	0	0
XCHTIME	1310	4	6	1047730	55199	26196	19582	417	946336	127431882059328	127431548331808	37028
LIFT	watercontamination0303r	1310	755	35918	755
COUNTS	watercontamination0303r	1310	37028	2171882	2171882
XCHTIME	0	0	0	0	0	0	0	0	0	0	0	0
XCHTIME	15	2	4	33759	242	374	89	197	32857	127431887346400	127431890228432	36
XCHTIME	0	0	0	0	0	0	0	0	0	0	0	0
XCHTIME	15	2	6	292075	237	292	62	190	291294	127431887346400	127431890228432	36
XCHTIME	0	0	0	0	0	0	0	0	0	0	0	0
XCHTIME	15	2	5	105701	256	356	83	145	104861	127431887346400	127431890228432	36
XCHTIME	0	0	0	0	0	0	0	0	0	0	0	0
XCHTIME	15	4	18	595876	204	252	140	520	594760	127431887346400	127431890228432	36
LADGATE	15	10000	0.116	1
XCHTIME	0	0	0	0	0	0	0	0	0	0	0	0
XCHTIME	15	5	26	634243	337	336	237	778	632555	127431887346400	127431890228432	36
XCHTIME	0	0	0	0	0	0	0	0	0	0	0	0
XCHTIME	15	4	39	7269	263	358	136	1099	5413	127431887346400	127431890228432	36
XCHTIME	0	0	0	0	0	0	0	0	0	0	0	0
XCHTIME	15	4	15	113664	143	224	141	422	112734	127431887346400	127431890228432	36
XCHTIME	0	0	0	0	0	0	0	0	0	0	0	0
XCHTIME	15	4	10	66633	185	306	131	293	65718	127431887346400	127431890228432	36
XCHTIME	0	0	0	0	0	0	0	0	0	0	0	0
XCHTIME	15	4	18	621079	215	281	141	534	619908	127431887346400	127431890228432	36
XCHTIME	0	0	0	0	0	0	0	0	0	0	0	0
XCHTIME	15	4	11	42148	239	293	124	317	41175	127431887346400	127431890228432	36
XCHTIME	0	0	0	0	0	0	0	0	0	0	0	0
XCHTIME	15	4	14	178294	175	305	140	414	177260	127431887346400	127431890228432	36
XCHTIME	0	0	0	0	0	0	0	0	0	0	0	0
XCHTIME	15	4	13	402000	214	248	135	401	401002	127431887346400	127431890228432	36
XCHTIME	0	0	0	0	0	0	0	0	0	0	0	0
XCHTIME	15	4	16	2458220	196	277	196	452	2457099	127431887346400	127431890228432	36
XCHTIME	0	0	0	0	0	0	0	0	0	0	0	0
XCHTIME	15	4	6	27632	226	539	157	197	26513	127431887346400	127431890228432	36
COUNTS	ex9_2_4	15	36	117	117
XCHTIME	0	0	0	0	0	0	0	0	0	0	0	0
XCHTIME	163	2	4	155922	3646	910	439	181	150746	127431886758384	127431890374688	440
XCHTIME	0	0	0	0	0	0	0	0	0	0	0	0
XCHTIME	163	2	6	1260871	1234	939	627	228	1257843	127431886758384	127431890374688	440
XCHTIME	0	0	0	0	0	0	0	0	0	0	0	0
XCHTIME	163	2	5	454225	3376	1678	699	229	448243	127431886758384	127431890374688	440
XCHTIME	0	0	0	0	0	0	0	0	0	0	0	0
XCHTIME	163	4	18	2937432	1503	1001	1062	751	2933115	127431886758384	127431890374688	440
LADGATE	163	10000	0.181	1
XCHTIME	0	0	0	0	0	0	0	0	0	0	0	0
XCHTIME	163	5	26	3382915	1964	1575	1367	969	3377040	127431886758384	127431890374688	440
XCHTIME	0	0	0	0	0	0	0	0	0	0	0	0
XCHTIME	163	4	66	1857473	1126	982	703	2102	1852560	127431886758384	127431890374688	440
XCHTIME	0	0	0	0	0	0	0	0	0	0	0	0
XCHTIME	163	4	15	466150	1688	1440	1077	517	461428	127431886758384	127431890374688	440
XCHTIME	0	0	0	0	0	0	0	0	0	0	0	0
XCHTIME	163	4	10	293037	1214	898	805	346	289774	127431886758384	127431890374688	440
XCHTIME	0	0	0	0	0	0	0	0	0	0	0	0
XCHTIME	163	4	18	2929836	1331	888	1152	711	2925754	127431886758384	127431890374688	440
XCHTIME	0	0	0	0	0	0	0	0	0	0	0	0
XCHTIME	163	4	11	155133	1392	1019	1109	360	151253	127431886758384	127431890374688	440
XCHTIME	0	0	0	0	0	0	0	0	0	0	0	0
XCHTIME	163	4	14	801445	1201	894	822	479	798049	127431886758384	127431890374688	440
XCHTIME	0	0	0	0	0	0	0	0	0	0	0	0
XCHTIME	163	4	13	1429713	1145	1008	938	450	1426172	127431886758384	127431890374688	440
XCHTIME	0	0	0	0	0	0	0	0	0	0	0	0
XCHTIME	163	4	16	7550529	1313	941	2043	1025	7545207	127431886758384	127431890374688	440
XCHTIME	0	0	0	0	0	0	0	0	0	0	0	0
XCHTIME	163	4	6	108275	1643	1402	738	258	104234	127431886758384	127431890374688	440
LIFT	sssd15-04	163	47	240	47
COUNTS	sssd15-04	163	440	1625	1625
COUNTS	autocorr_bern35-35fix	38	1264	16214	16214
XCHTIME	0	0	0	0	0	0	0	0	0	0	0	0
XCHTIME	1491	2	4	1892989	11037	23855	12583	368	1845146	127431882036960	127431892833024	4500
XCHTIME	0	0	0	0	0	0	0	0	0	0	0	0
XCHTIME	1491	1	0	6479962	10756	23242	5750	0	6440214	127431882036960	127431892833024	4500
XCHTIME	0	0	0	0	0	0	0	0	0	0	0	0
XCHTIME	1491	2	5	5162659	18023	30125	17442	568	5096501	127431882036960	127431892833024	4500
XCHTIME	0	0	0	0	0	0	0	0	0	0	0	0
XCHTIME	1491	3	15	13670276	13051	26150	45142	1466	13584467	127431882036960	127431892833024	4500
LADGATE	1491	10000	0.337	1
XCHTIME	0	0	0	0	0	0	0	0	0	0	0	0
XCHTIME	1491	5	26	38229950	10744	23568	66460	2771	38126407	127431882036960	127431892833024	4500
XCHTIME	0	0	0	0	0	0	0	0	0	0	0	0
XCHTIME	1491	2	19	6755794	17312	31042	29392	1354	6676694	127431882036960	127431892833024	4500
XCHTIME	0	0	0	0	0	0	0	0	0	0	0	0
XCHTIME	1491	4	15	5797104	13708	30786	43657	1903	5707050	127431882036960	127431892833024	4500
XCHTIME	0	0	0	0	0	0	0	0	0	0	0	0
XCHTIME	1491	4	10	3615849	13481	27238	47378	1394	3526358	127431882036960	127431892833024	4500
XCHTIME	0	0	0	0	0	0	0	0	0	0	0	0
XCHTIME	1491	3	15	13433985	12361	25016	35786	1439	13359383	127431882036960	127431892833024	4500
XCHTIME	0	0	0	0	0	0	0	0	0	0	0	0
XCHTIME	1491	4	11	2196836	12304	27331	32949	1160	2123092	127431882036960	127431892833024	4500
XCHTIME	0	0	0	0	0	0	0	0	0	0	0	0
XCHTIME	1491	4	14	11355574	11904	25292	41691	1750	11274937	127431882036960	127431892833024	4500
XCHTIME	0	0	0	0	0	0	0	0	0	0	0	0
XCHTIME	1491	3	12	13690670	13474	26524	39606	1250	13609816	127431882036960	127431892833024	4500
XCHTIME	0	0	0	0	0	0	0	0	0	0	0	0
XCHTIME	1491	1	0	13207637	13943	27731	7599	0	13158364	127431882036960	127431892833024	4500
XCHTIME	0	0	0	0	0	0	0	0	0	0	0	0
XCHTIME	1491	4	6	1515684	21774	34199	33163	719	1425829	127431882036960	127431892833024	4500
LIFT	sfacloc2_4_90	1491	775	3282	775
COUNTS	sfacloc2_4_90	1491	4500	31682	28843
LIFT	cont6-qq	120395	79800	397602	79800
COUNTS	cont6-qq	120395	557994	835894090	581918900
XCHTIME	0	0	0	0	0	0	0	0	0	0	0	0
XCHTIME	5205	1	0	1986943	521610	499301	228386	0	737646	127431548714800	127431918483440	174804
XCHTIME	0	0	0	0	0	0	0	0	0	0	0	0
XCHTIME	5205	1	0	2184471	454789	479316	219835	0	1030531	127431548714800	127431918483440	174804
XCHTIME	0	0	0	0	0	0	0	0	0	0	0	0
XCHTIME	5205	1	0	1908912	482365	478967	223401	0	724179	127431548714800	127431918483440	174804
XCHTIME	0	0	0	0	0	0	0	0	0	0	0	0
XCHTIME	5205	2	5	5373404	489941	480126	439936	1728	3961673	127431548714800	127431918483440	174804
LADGATE	5205	10000	0.141	1
XCHTIME	0	0	0	0	0	0	0	0	0	0	0	0
XCHTIME	5205	4	10	9085757	485757	477959	866957	3759	7251325	127431548714800	127431918483440	174804
XCHTIME	0	0	0	0	0	0	0	0	0	0	0	0
XCHTIME	5205	1	0	4681588	494064	487372	223243	0	3476909	127431548714800	127431918483440	174804
XCHTIME	0	0	0	0	0	0	0	0	0	0	0	0
XCHTIME	5205	1	0	3025643	486941	461576	228816	0	1848310	127431548714800	127431918483440	174804
XCHTIME	0	0	0	0	0	0	0	0	0	0	0	0
XCHTIME	5205	2	3	5035767	485201	459885	454202	880	3635599	127431548714800	127431918483440	174804
XCHTIME	0	0	0	0	0	0	0	0	0	0	0	0
XCHTIME	5205	2	5	5417709	483868	465850	449979	1676	4016336	127431548714800	127431918483440	174804
XCHTIME	0	0	0	0	0	0	0	0	0	0	0	0
XCHTIME	5205	2	3	5185984	485738	457821	449674	937	3791814	127431548714800	127431918483440	174804
XCHTIME	0	0	0	0	0	0	0	0	0	0	0	0
XCHTIME	5205	2	4	5281823	492967	446667	441649	1213	3899327	127431548714800	127431918483440	174804
XCHTIME	0	0	0	0	0	0	0	0	0	0	0	0
XCHTIME	5205	2	4	6371891	480376	474992	429227	1323	4985973	127431548714800	127431918483440	174804
XCHTIME	0	0	0	0	0	0	0	0	0	0	0	0
XCHTIME	5205	2	5	7326131	479900	471969	456497	1741	5916024	127431548714800	127431918483440	174804
XCHTIME	0	0	0	0	0	0	0	0	0	0	0	0
XCHTIME	5205	2	3	5122411	530651	471821	438314	4835	3676790	127431548714800	127431918483440	174804
LIFT	meanvar-orl400_05_e_7	5205	2803	170000	2803
COUNTS	meanvar-orl400_05_e_7	5205	174804	21939414	21935811
XCHTIME	0	0	0	0	0	0	0	0	0	0	0	0
XCHTIME	10017	1	0	4471639	1144758	1973474	915221	0	438186	127431947590464	127431548756464	49624
XCHTIME	0	0	0	0	0	0	0	0	0	0	0	0
XCHTIME	10017	1	0	5292854	1046539	1901694	928750	0	1415871	127431947590464	127431548756464	49624
XCHTIME	0	0	0	0	0	0	0	0	0	0	0	0
XCHTIME	10017	1	0	4855591	1124272	1955874	939895	0	835550	127431947590464	127431548756464	49624
XCHTIME	0	0	0	0	0	0	0	0	0	0	0	0
XCHTIME	10017	1	0	11732651	1137776	1929844	942776	0	7722255	127431947590464	127431548756464	49624
LADGATE	10017	10000	0.325	0
XCHTIME	0	0	0	0	0	0	0	0	0	0	0	0
XCHTIME	10017	5	26	53440120	1149965	1918909	4700824	18424	45651998	127431947590464	127431548756464	49624
XCHTIME	0	0	0	0	0	0	0	0	0	0	0	0
XCHTIME	10017	1	0	7446189	1163347	1889579	925433	0	3467830	127431947590464	127431548756464	49624
XCHTIME	0	0	0	0	0	0	0	0	0	0	0	0
XCHTIME	10017	1	0	7043404	1142129	1912819	946050	0	3042406	127431947590464	127431548756464	49624
XCHTIME	0	0	0	0	0	0	0	0	0	0	0	0
XCHTIME	10017	2	3	11452947	1138999	1926107	1880757	2698	6504386	127431947590464	127431548756464	49624
XCHTIME	0	0	0	0	0	0	0	0	0	0	0	0
XCHTIME	10017	1	0	11794987	1146443	1912996	939465	0	7796083	127431947590464	127431548756464	49624
XCHTIME	0	0	0	0	0	0	0	0	0	0	0	0
XCHTIME	10017	2	3	11348518	1141715	1959719	1858735	3034	6385315	127431947590464	127431548756464	49624
XCHTIME	0	0	0	0	0	0	0	0	0	0	0	0
XCHTIME	10017	1	0	11467229	1147916	1917018	954901	0	7447394	127431947590464	127431548756464	49624
XCHTIME	0	0	0	0	0	0	0	0	0	0	0	0
XCHTIME	10017	1	0	12271842	1152865	1933115	943629	0	8242233	127431947590464	127431548756464	49624
XCHTIME	0	0	0	0	0	0	0	0	0	0	0	0
XCHTIME	10017	1	0	12002189	1147355	1957153	939293	0	7958388	127431947590464	127431548756464	49624
XCHTIME	0	0	0	0	0	0	0	0	0	0	0	0
XCHTIME	10017	2	3	11098461	1151835	1978082	1883531	2808	6082205	127431947590464	127431548756464	49624
LIFT	glider400	10017	7609	43204	7609
COUNTS	glider400	10017	49624	373018	327407
XCHTIME	0	0	0	0	0	0	0	0	0	0	0	0
XCHTIME	4960	2	4	2729171	180440	390343	390184	1126	1767078	127431882069824	127431910796256	13792
XCHTIME	0	0	0	0	0	0	0	0	0	0	0	0
XCHTIME	4960	2	6	4652576	191373	402116	393308	1608	3664171	127431882069824	127431910796256	13792
XCHTIME	0	0	0	0	0	0	0	0	0	0	0	0
XCHTIME	4960	2	5	3818475	204557	405384	397077	1272	2810185	127431882069824	127431910796256	13792
XCHTIME	0	0	0	0	0	0	0	0	0	0	0	0
XCHTIME	4960	4	18	13146528	211602	405696	808160	4682	11716388	127431882069824	127431910796256	13792
LADGATE	4960	10000	0.616	1
XCHTIME	0	0	0	0	0	0	0	0	0	0	0	0
XCHTIME	4960	5	26	19820587	207252	406920	1015479	11069	18179867	127431882069824	127431910796256	13792
XCHTIME	0	0	0	0	0	0	0	0	0	0	0	0
XCHTIME	4960	3	57	5741444	209714	419478	581132	10212	4520908	127431882069824	127431910796256	13792
XCHTIME	0	0	0	0	0	0	0	0	0	0	0	0
XCHTIME	4960	4	15	6808900	203989	411433	769608	4630	5419240	127431882069824	127431910796256	13792
XCHTIME	0	0	0	0	0	0	0	0	0	0	0	0
XCHTIME	4960	4	10	7081242	199421	415617	792126	2801	5671277	127431882069824	127431910796256	13792
XCHTIME	0	0	0	0	0	0	0	0	0	0	0	0
XCHTIME	4960	4	18	13038875	172245	402322	799462	4446	11660400	127431882069824	127431910796256	13792
XCHTIME	0	0	0	0	0	0	0	0	0	0	0	0
XCHTIME	4960	4	11	6395596	199905	418510	755932	2967	5018282	127431882069824	127431910796256	13792
XCHTIME	0	0	0	0	0	0	0	0	0	0	0	0
XCHTIME	4960	4	14	9204466	167944	402433	780024	4679	7849386	127431882069824	127431910796256	13792
XCHTIME	0	0	0	0	0	0	0	0	0	0	0	0
XCHTIME	4960	4	13	11615441	216092	419554	811032	3393	10165370	127431882069824	127431910796256	13792
XCHTIME	0	0	0	0	0	0	0	0	0	0	0	0
XCHTIME	4960	2	5	11279092	211843	400640	426156	1345	10239108	127431882069824	127431910796256	13792
XCHTIME	0	0	0	0	0	0	0	0	0	0	0	0
XCHTIME	4960	4	6	6138497	201140	410602	777826	1724	4747205	127431882069824	127431910796256	13792
LIFT	syn40m04m	4960	2524	9280	2524
COUNTS	syn40m04m	4960	13792	65982	63265
XCHTIME	0	0	0	0	0	0	0	0	0	0	0	0
XCHTIME	31	2	4	59183	314	599	338	95	57837	127431881036240	127431893473248	72
XCHTIME	0	0	0	0	0	0	0	0	0	0	0	0
XCHTIME	31	2	6	327620	351	455	141	123	326550	127431881036240	127431893473248	72
XCHTIME	0	0	0	0	0	0	0	0	0	0	0	0
XCHTIME	31	2	5	129494	311	564	158	98	128363	127431881036240	127431893473248	72
XCHTIME	0	0	0	0	0	0	0	0	0	0	0	0
XCHTIME	31	4	18	637777	326	417	263	416	636355	127431881036240	127431893473248	72
LADGATE	31	10000	0.161	1
XCHTIME	0	0	0	0	0	0	0	0	0	0	0	0
XCHTIME	31	5	26	734867	721	918	321	538	732369	127431881036240	127431893473248	72
XCHTIME	0	0	0	0	0	0	0	0	0	0	0	0
XCHTIME	31	4	59	152933	535	447	331	1628	149992	127431881036240	127431893473248	72
XCHTIME	0	0	0	0	0	0	0	0	0	0	0	0
XCHTIME	31	4	15	149504	617	638	242	302	147705	127431881036240	127431893473248	72
XCHTIME	0	0	0	0	0	0	0	0	0	0	0	0
XCHTIME	31	4	10	109101	417	466	432	213	107573	127431881036240	127431893473248	72
XCHTIME	0	0	0	0	0	0	0	0	0	0	0	0
XCHTIME	31	4	18	625978	386	565	214	372	624441	127431881036240	127431893473248	72
XCHTIME	0	0	0	0	0	0	0	0	0	0	0	0
XCHTIME	31	4	11	67089	302	541	223	227	65796	127431881036240	127431893473248	72
XCHTIME	0	0	0	0	0	0	0	0	0	0	0	0
XCHTIME	31	4	14	203598	354	364	226	277	202377	127431881036240	127431893473248	72
XCHTIME	0	0	0	0	0	0	0	0	0	0	0	0
XCHTIME	31	4	13	339498	321	551	328	263	338035	127431881036240	127431893473248	72
XCHTIME	0	0	0	0	0	0	0	0	0	0	0	0
XCHTIME	31	4	16	2678832	535	416	554	336	2676991	127431881036240	127431893473248	72
XCHTIME	0	0	0	0	0	0	0	0	0	0	0	0
XCHTIME	31	4	6	38449	569	1143	294	138	36305	127431881036240	127431893473248	72
COUNTS	ex2_1_3	31	72	189	189
XCHTIME	0	0	0	0	0	0	0	0	0	0	0	0
XCHTIME	705	2	4	1586680	111344	9823	3977	612	1460924	127431947782080	127431916386272	87496
XCHTIME	0	0	0	0	0	0	0	0	0	0	0	0
XCHTIME	705	2	6	9252561	108104	7989	5821	1211	9129436	127431947782080	127431916386272	87496
XCHTIME	0	0	0	0	0	0	0	0	0	0	0	0
XCHTIME	705	2	5	4574457	107795	8284	4233	699	4453446	127431947782080	127431916386272	87496
XCHTIME	0	0	0	0	0	0	0	0	0	0	0	0
XCHTIME	705	3	15	19109728	114273	8182	7305	2045	18977923	127431947782080	127431916386272	87496
LADGATE	705	10000	0.486	1
XCHTIME	0	0	0	0	0	0	0	0	0	0	0	0
XCHTIME	705	4	10	2989952	110401	8493	7891	1246	2861921	127431947782080	127431916386272	87496
XCHTIME	0	0	0	0	0	0	0	0	0	0	0	0
XCHTIME	705	4	66	3937098	111243	10419	12199	15004	3788233	127431947782080	127431916386272	87496
XCHTIME	0	0	0	0	0	0	0	0	0	0	0	0
XCHTIME	705	4	15	4301556	110020	8559	8992	2015	4171970	127431947782080	127431916386272	87496
XCHTIME	0	0	0	0	0	0	0	0	0	0	0	0
XCHTIME	705	4	10	2971573	107368	7424	7843	1206	2847732	127431947782080	127431916386272	87496
XCHTIME	0	0	0	0	0	0	0	0	0	0	0	0
XCHTIME	705	3	15	19032792	106456	6522	7357	2191	18910266	127431947782080	127431916386272	87496
XCHTIME	0	0	0	0	0	0	0	0	0	0	0	0
XCHTIME	705	4	11	2583071	108271	7662	7747	1415	2457976	127431947782080	127431916386272	87496
XCHTIME	0	0	0	0	0	0	0	0	0	0	0	0
XCHTIME	705	4	14	8981562	107713	6575	9702	1889	8855683	127431947782080	127431916386272	87496
XCHTIME	0	0	0	0	0	0	0	0	0	0	0	0
XCHTIME	705	4	13	16657404	107580	6980	8123	2048	16532673	127431947782080	127431916386272	87496
XCHTIME	0	0	0	0	0	0	0	0	0	0	0	0
XCHTIME	705	1	0	19052348	112238	7830	1919	0	18930361	127431947782080	127431916386272	87496
XCHTIME	0	0	0	0	0	0	0	0	0	0	0	0
XCHTIME	705	4	6	2394736	111239	9955	8263	829	2264450	127431947782080	127431916386272	87496
LIFT	qapw	705	480	87046	480
COUNTS	qapw	705	87496	12183146	12183146
XCHTIME	0	0	0	0	0	0	0	0	0	0	0	0
XCHTIME	14	2	4	18680	274	333	141	145	17787	127431890517008	127431893690064	60
XCHTIME	0	0	0	0	0	0	0	0	0	0	0	0
XCHTIME	14	2	6	178989	209	270	208	176	178126	127431890517008	127431893690064	60
XCHTIME	0	0	0	0	0	0	0	0	0	0	0	0
XCHTIME	14	2	5	48193	309	645	102	164	46973	127431890517008	127431893690064	60
XCHTIME	0	0	0	0	0	0	0	0	0	0	0	0
XCHTIME	14	4	18	335319	368	388	265	616	333682	127431890517008	127431893690064	60
LADGATE	14	10000	0.138	1
XCHTIME	0	0	0	0	0	0	0	0	0	0	0	0
XCHTIME	14	4	10	42497	500	686	157	324	40830	127431890517008	127431893690064	60
XCHTIME	0	0	0	0	0	0	0	0	0	0	0	0
XCHTIME	14	4	37	1385195	466	347	156	1398	1382828	127431890517008	127431893690064	60
XCHTIME	0	0	0	0	0	0	0	0	0	0	0	0
XCHTIME	14	4	15	67018	287	426	156	443	65706	127431890517008	127431893690064	60
XCHTIME	0	0	0	0	0	0	0	0	0	0	0	0
XCHTIME	14	4	10	35849	277	364	139	269	34800	127431890517008	127431893690064	60
XCHTIME	0	0	0	0	0	0	0	0	0	0	0	0
XCHTIME	14	4	18	345249	230	273	117	542	344087	127431890517008	127431893690064	60
XCHTIME	0	0	0	0	0	0	0	0	0	0	0	0
XCHTIME	14	4	11	27860	232	293	117	317	26901	127431890517008	127431893690064	60
XCHTIME	0	0	0	0	0	0	0	0	0	0	0	0
XCHTIME	14	4	14	124029	191	289	118	400	123031	127431890517008	127431893690064	60
XCHTIME	0	0	0	0	0	0	0	0	0	0	0	0
XCHTIME	14	4	13	189370	234	307	134	423	188272	127431890517008	127431893690064	60
XCHTIME	0	0	0	0	0	0	0	0	0	0	0	0
XCHTIME	14	4	16	2114509	211	249	333	609	2113107	127431890517008	127431893690064	60
XCHTIME	0	0	0	0	0	0	0	0	0	0	0	0
XCHTIME	14	4	6	18039	523	349	160	220	16787	127431890517008	127431893690064	60
COUNTS	himmel11	14	60	198	198
XCHTIME	0	0	0	0	0	0	0	0	0	0	0	0
XCHTIME	1908	2	4	1870160	13778	34912	18294	366	1802810	127431910722128	127431910927344	5288
XCHTIME	0	0	0	0	0	0	0	0	0	0	0	0
XCHTIME	1908	2	6	6808638	15189	35288	34617	917	6722627	127431910722128	127431910927344	5288
XCHTIME	0	0	0	0	0	0	0	0	0	0	0	0
XCHTIME	1908	2	5	5137327	27004	47802	27726	436	5034359	127431910722128	127431910927344	5288
XCHTIME	0	0	0	0	0	0	0	0	0	0	0	0
XCHTIME	1908	3	15	13889891	29031	50442	65847	1487	13743084	127431910722128	127431910927344	5288
LADGATE	1908	10000	0.379	1
XCHTIME	0	0	0	0	0	0	0	0	0	0	0	0
XCHTIME	1908	5	26	34318397	18292	40218	123494	3001	34133392	127431910722128	127431910927344	5288
XCHTIME	0	0	0	0	0	0	0	0	0	0	0	0
XCHTIME	1908	2	19	6926433	24810	51496	42165	1602	6806360	127431910722128	127431910927344	5288
XCHTIME	0	0	0	0	0	0	0	0	0	0	0	0
XCHTIME	1908	4	15	5618275	22339	40072	37710	1329	5516825	127431910722128	127431910927344	5288
XCHTIME	0	0	0	0	0	0	0	0	0	0	0	0
XCHTIME	1908	4	10	3478549	14877	36169	37091	726	3389686	127431910722128	127431910927344	5288
XCHTIME	0	0	0	0	0	0	0	0	0	0	0	0
XCHTIME	1908	3	15	14113407	15154	35639	62317	1366	13998931	127431910722128	127431910927344	5288
XCHTIME	0	0	0	0	0	0	0	0	0	0	0	0
XCHTIME	1908	4	11	2554855	25730	46103	51233	1124	2430665	127431910722128	127431910927344	5288
XCHTIME	0	0	0	0	0	0	0	0	0	0	0	0
XCHTIME	1908	4	14	9253203	19095	41690	78383	1885	9112150	127431910722128	127431910927344	5288
XCHTIME	0	0	0	0	0	0	0	0	0	0	0	0
XCHTIME	1908	4	13	14079507	21603	40923	66406	1431	13949144	127431910722128	127431910927344	5288
XCHTIME	0	0	0	0	0	0	0	0	0	0	0	0
XCHTIME	1908	1	0	12512379	22436	43634	11063	0	12435246	127431910722128	127431910927344	5288
XCHTIME	0	0	0	0	0	0	0	0	0	0	0	0
XCHTIME	1908	4	6	1947704	31691	53792	52235	877	1809109	127431910722128	127431910927344	5288
LIFT	syn15m04m	1908	970	3540	970
COUNTS	syn15m04m	1908	5288	26094	25061
XCHTIME	0	0	0	0	0	0	0	0	0	0	0	0
XCHTIME	118	2	4	116454	3593	984	459	127	111291	127431890522560	127431882048912	654
XCHTIME	0	0	0	0	0	0	0	0	0	0	0	0
XCHTIME	118	2	6	1184208	1533	802	319	175	1181379	127431890522560	127431882048912	654
XCHTIME	0	0	0	0	0	0	0	0	0	0	0	0
XCHTIME	118	2	5	250808	1702	682	518	132	247774	127431890522560	127431882048912	654
XCHTIME	0	0	0	0	0	0	0	0	0	0	0	0
XCHTIME	118	4	18	2253417	2222	982	959	466	2248788	127431890522560	127431882048912	654
LADGATE	118	10000	0.231	1
XCHTIME	0	0	0	0	0	0	0	0	0	0	0	0
XCHTIME	118	5	26	2762281	1925	1296	1015	807	2757238	127431890522560	127431882048912	654
XCHTIME	0	0	0	0	0	0	0	0	0	0	0	0
XCHTIME	118	4	66	1732006	1702	995	821	1494	1726994	127431890522560	127431882048912	654
XCHTIME	0	0	0	0	0	0	0	0	0	0	0	0
XCHTIME	118	4	15	423745	1701	821	688	305	420230	127431890522560	127431882048912	654
XCHTIME	0	0	0	0	0	0	0	0	0	0	0	0
XCHTIME	118	4	10	218848	1539	697	620	211	215781	127431890522560	127431882048912	654
XCHTIME	0	0	0	0	0	0	0	0	0	0	0	0
XCHTIME	118	4	18	2271593	1466	629	669	475	2268354	127431890522560	127431882048912	654
XCHTIME	0	0	0	0	0	0	0	0	0	0	0	0
XCHTIME	118	4	11	129532	1745	707	561	243	126276	127431890522560	127431882048912	654
XCHTIME	0	0	0	0	0	0	0	0	0	0	0	0
XCHTIME	118	4	14	598100	1535	799	719	301	594746	127431890522560	127431882048912	654
XCHTIME	0	0	0	0	0	0	0	0	0	0	0	0
XCHTIME	118	4	13	1068428	1432	629	746	284	1065337	127431890522560	127431882048912	654
XCHTIME	0	0	0	0	0	0	0	0	0	0	0	0
XCHTIME	118	4	16	7280847	1428	979	1094	365	7276981	127431890522560	127431882048912	654
XCHTIME	0	0	0	0	0	0	0	0	0	0	0	0
XCHTIME	118	4	6	82483	1839	1127	562	157	78798	127431890522560	127431882048912	654
LIFT	pooling_rt2tp	118	66	554	66
COUNTS	pooling_rt2tp	118	654	5876	5796
XCHTIME	0	0	0	0	0	0	0	0	0	0	0	0
XCHTIME	333	2	4	444233	7025	2994	1267	203	432744	127431902628368	127431882468496	2204
XCHTIME	0	0	0	0	0	0	0	0	0	0	0	0
XCHTIME	333	2	6	4392541	3548	2340	1417	258	4384978	127431902628368	127431882468496	2204
XCHTIME	0	0	0	0	0	0	0	0	0	0	0	0
XCHTIME	333	2	5	1310069	3404	2231	1094	248	1303092	127431902628368	127431882468496	2204
XCHTIME	0	0	0	0	0	0	0	0	0	0	0	0
XCHTIME	333	4	18	9044964	3069	2441	3392	857	9035205	127431902628368	127431882468496	2204
LADGATE	333	10000	0.291	1
XCHTIME	0	0	0	0	0	0	0	0	0	0	0	0
XCHTIME	333	5	26	11482375	3539	2753	3046	1125	11471912	127431902628368	127431882468496	2204
XCHTIME	0	0	0	0	0	0	0	0	0	0	0	0
XCHTIME	333	4	66	3619407	3179	2287	3253	2220	3608468	127431902628368	127431882468496	2204
XCHTIME	0	0	0	0	0	0	0	0	0	0	0	0
XCHTIME	333	4	15	1464842	4305	2889	2873	603	1454172	127431902628368	127431882468496	2204
XCHTIME	0	0	0	0	0	0	0	0	0	0	0	0
XCHTIME	333	4	10	780693	3270	2333	2339	425	772326	127431902628368	127431882468496	2204
XCHTIME	0	0	0	0	0	0	0	0	0	0	0	0
XCHTIME	333	4	18	8961275	3263	2204	4085	823	8950900	127431902628368	127431882468496	2204
XCHTIME	0	0	0	0	0	0	0	0	0	0	0	0
XCHTIME	333	4	11	480235	3696	2916	2275	513	470835	127431902628368	127431882468496	2204
XCHTIME	0	0	0	0	0	0	0	0	0	0	0	0
XCHTIME	333	4	14	2662584	3383	2191	2825	566	2653619	127431902628368	127431882468496	2204
XCHTIME	0	0	0	0	0	0	0	0	0	0	0	0
XCHTIME	333	4	13	4899479	3411	2354	2673	550	4890491	127431902628368	127431882468496	2204
XCHTIME	0	0	0	0	0	0	0	0	0	0	0	0
XCHTIME	333	3	15	21861797	4173	3112	3495	785	21850232	127431902628368	127431882468496	2204
XCHTIME	0	0	0	0	0	0	0	0	0	0	0	0
XCHTIME	333	4	6	377810	4279	3129	2483	269	367650	127431902628368	127431882468496	2204
LIFT	waterund14	333	191	2068	191
COUNTS	waterund14	333	2204	200484	72184
XCHTIME	0	0	0	0	0	0	0	0	0	0	0	0
XCHTIME	17809	0	0	22868273	8792144	14076129	0	0	0	127431917656720	127431898642384	120632
XCHTIME	0	0	0	0	0	0	0	0	0	0	0	0
XCHTIME	17809	1	0	24567210	8604167	13761521	1885168	0	316354	127431917656720	127431898642384	120632
XCHTIME	0	0	0	0	0	0	0	0	0	0	0	0
XCHTIME	17809	0	0	22393093	8640296	13752797	0	0	0	127431917656720	127431898642384	120632
XCHTIME	0	0	0	0	0	0	0	0	0	0	0	0
XCHTIME	17809	1	0	29788127	8684815	13717279	1889050	0	5496983	127431917656720	127431898642384	120632
LADGATE	17809	10000	1.097	0
XCHTIME	0	0	0	0	0	0	0	0	0	0	0	0
XCHTIME	17809	5	26	368046869	8809008	13772957	9707504	14706	335742694	127431917656720	127431898642384	120632
LIFT	crudeoil_lee4_10	17809	10229	106656	10229
COUNTS	crudeoil_lee4_10	17809	120632	294531623	179065997
XCHTIME	0	0	0	0	0	0	0	0	0	0	0	0
XCHTIME	1294	2	4	1399685	13265	17355	9519	443	1359103	127431902155808	127431890084896	8302
XCHTIME	0	0	0	0	0	0	0	0	0	0	0	0
XCHTIME	1294	2	6	6782855	13422	18335	12241	782	6738075	127431902155808	127431890084896	8302
XCHTIME	0	0	0	0	0	0	0	0	0	0	0	0
XCHTIME	1294	2	5	3637874	14905	18653	15708	557	3588051	127431902155808	127431890084896	8302
XCHTIME	0	0	0	0	0	0	0	0	0	0	0	0
XCHTIME	1294	4	18	14491107	16547	18921	29681	1866	14424092	127431902155808	127431890084896	8302
LADGATE	1294	10000	0.494	1
XCHTIME	0	0	0	0	0	0	0	0	0	0	0	0
XCHTIME	1294	5	26	21262755	17403	21117	44044	2959	21177232	127431902155808	127431890084896	8302
XCHTIME	0	0	0	0	0	0	0	0	0	0	0	0
XCHTIME	1294	2	19	4212343	17279	20665	12629	1844	4159926	127431902155808	127431890084896	8302
XCHTIME	0	0	0	0	0	0	0	0	0	0	0	0
XCHTIME	1294	4	15	4229678	14120	19086	20200	1453	4174819	127431902155808	127431890084896	8302
XCHTIME	0	0	0	0	0	0	0	0	0	0	0	0
XCHTIME	1294	4	10	2769709	15432	18646	20524	1055	2714052	127431902155808	127431890084896	8302
XCHTIME	0	0	0	0	0	0	0	0	0	0	0	0
XCHTIME	1294	4	18	14395972	13477	18808	35994	2019	14325674	127431902155808	127431890084896	8302
XCHTIME	0	0	0	0	0	0	0	0	0	0	0	0
XCHTIME	1294	4	11	1710432	16262	19461	19633	1069	1654007	127431902155808	127431890084896	8302
XCHTIME	0	0	0	0	0	0	0	0	0	0	0	0
XCHTIME	1294	4	14	7074366	13805	18258	24246	1439	7016618	127431902155808	127431890084896	8302
XCHTIME	0	0	0	0	0	0	0	0	0	0	0	0
XCHTIME	1294	4	13	10607989	13824	18801	26361	1501	10547502	127431902155808	127431890084896	8302
XCHTIME	0	0	0	0	0	0	0	0	0	0	0	0
XCHTIME	1294	2	5	15245010	14271	18475	24265	631	15187368	127431902155808	127431890084896	8302
XCHTIME	0	0	0	0	0	0	0	0	0	0	0	0
XCHTIME	1294	4	6	1294316	20672	23389	19322	551	1230382	127431902155808	127431890084896	8302
LIFT	pooling_foulds4pq	1294	723	7208	723
COUNTS	pooling_foulds4pq	1294	8302	138692	138540
XCHTIME	0	0	0	0	0	0	0	0	0	0	0	0
XCHTIME	3097	2	4	2164610	69185	122100	94300	910	1878115	127431893703440	127431917434864	19664
XCHTIME	0	0	0	0	0	0	0	0	0	0	0	0
XCHTIME	3097	1	0	3263005	77173	136512	48170	0	3001150	127431893703440	127431917434864	19664
XCHTIME	0	0	0	0	0	0	0	0	0	0	0	0
XCHTIME	3097	2	5	3014848	75730	139636	111293	1432	2686757	127431893703440	127431917434864	19664
XCHTIME	0	0	0	0	0	0	0	0	0	0	0	0
XCHTIME	3097	4	18	10913406	75930	120663	192348	3578	10520887	127431893703440	127431917434864	19664
LADGATE	3097	10000	0.347	1
XCHTIME	0	0	0	0	0	0	0	0	0	0	0	0
XCHTIME	3097	5	26	14591145	90723	137424	305857	6087	14051054	127431893703440	127431917434864	19664
XCHTIME	0	0	0	0	0	0	0	0	0	0	0	0
XCHTIME	3097	4	66	5078074	88136	148593	228515	10130	4602700	127431893703440	127431917434864	19664
XCHTIME	0	0	0	0	0	0	0	0	0	0	0	0
XCHTIME	3097	4	15	4814753	72022	125217	253416	3061	4361037	127431893703440	127431917434864	19664
XCHTIME	0	0	0	0	0	0	0	0	0	0	0	0
XCHTIME	3097	4	10	3874410	64870	113543	178016	1723	3516258	127431893703440	127431917434864	19664
XCHTIME	0	0	0	0	0	0	0	0	0	0	0	0
XCHTIME	3097	4	18	11122525	69153	120940	213348	4150	10714934	127431893703440	127431917434864	19664
XCHTIME	0	0	0	0	0	0	0	0	0	0	0	0
XCHTIME	3097	4	11	3841444	79906	126239	224814	3232	3407253	127431893703440	127431917434864	19664
XCHTIME	0	0	0	0	0	0	0	0	0	0	0	0
XCHTIME	3097	4	14	5835066	70447	137171	217183	3066	5407199	127431893703440	127431917434864	19664
XCHTIME	0	0	0	0	0	0	0	0	0	0	0	0
XCHTIME	3097	4	13	7779827	72384	126080	276755	3089	7301519	127431893703440	127431917434864	19664
XCHTIME	0	0	0	0	0	0	0	0	0	0	0	0
XCHTIME	3097	2	5	11506113	92227	125526	149422	747	11138191	127431893703440	127431917434864	19664
XCHTIME	0	0	0	0	0	0	0	0	0	0	0	0
XCHTIME	3097	4	6	3636756	98827	133633	207852	928	3195516	127431893703440	127431917434864	19664
LIFT	edgecross14-156	3097	1641	21120	1641
COUNTS	edgecross14-156	3097	19664	1487933	1376964
XCHTIME	0	0	0	0	0	0	0	0	0	0	0	0
XCHTIME	72	2	4	114226	2356	1478	440	162	109790	127431892009136	127431910291632	668
XCHTIME	0	0	0	0	0	0	0	0	0	0	0	0
XCHTIME	72	2	6	1745090	1217	590	314	170	1742799	127431892009136	127431910291632	668
XCHTIME	0	0	0	0	0	0	0	0	0	0	0	0
XCHTIME	72	2	5	459871	1212	642	246	147	457624	127431892009136	127431910291632	668
XCHTIME	0	0	0	0	0	0	0	0	0	0	0	0
XCHTIME	72	4	18	3140436	1217	609	595	481	3137534	127431892009136	127431910291632	668
LADGATE	72	10000	0.239	1
XCHTIME	0	0	0	0	0	0	0	0	0	0	0	0
XCHTIME	72	5	26	3860806	1348	1216	745	644	3856853	127431892009136	127431910291632	668
XCHTIME	0	0	0	0	0	0	0	0	0	0	0	0
XCHTIME	72	4	66	29430	1250	655	421	2219	24885	127431892009136	127431910291632	668
XCHTIME	0	0	0	0	0	0	0	0	0	0	0	0
XCHTIME	72	4	15	425666	1163	502	462	392	423147	127431892009136	127431910291632	668
XCHTIME	0	0	0	0	0	0	0	0	0	0	0	0
XCHTIME	72	4	10	203013	1343	682	409	257	200322	127431892009136	127431910291632	668
XCHTIME	0	0	0	0	0	0	0	0	0	0	0	0
XCHTIME	72	4	18	3107389	1189	565	590	479	3104566	127431892009136	127431910291632	668
XCHTIME	0	0	0	0	0	0	0	0	0	0	0	0
XCHTIME	72	4	11	104215	1374	599	433	299	101510	127431892009136	127431910291632	668
XCHTIME	0	0	0	0	0	0	0	0	0	0	0	0
XCHTIME	72	4	14	897580	1229	537	490	320	895004	127431892009136	127431910291632	668
XCHTIME	0	0	0	0	0	0	0	0	0	0	0	0
XCHTIME	72	4	13	1590861	1240	570	473	361	1588217	127431892009136	127431910291632	668
XCHTIME	0	0	0	0	0	0	0	0	0	0	0	0
XCHTIME	72	4	16	10861403	1259	552	798	506	10858288	127431892009136	127431910291632	668
XCHTIME	0	0	0	0	0	0	0	0	0	0	0	0
XCHTIME	72	4	6	61655	1702	1378	431	195	57949	127431892009136	127431910291632	668
LIFT	tspn08	72	34	646	34
COUNTS	tspn08	72	668	11074	7600
XCHTIME	0	0	0	0	0	0	0	0	0	0	0	0
XCHTIME	4225	1	0	2454381	166809	309797	155158	0	1822617	127431948049904	127431947203584	14628
XCHTIME	0	0	0	0	0	0	0	0	0	0	0	0
XCHTIME	4225	1	0	4096652	138081	328052	145287	0	3485232	127431948049904	127431947203584	14628
XCHTIME	0	0	0	0	0	0	0	0	0	0	0	0
XCHTIME	4225	1	0	3442917	167376	290958	137071	0	2847512	127431948049904	127431947203584	14628
XCHTIME	0	0	0	0	0	0	0	0	0	0	0	0
XCHTIME	4225	1	0	11035810	161481	277507	127868	0	10468954	127431948049904	127431947203584	14628
LADGATE	4225	10000	0.570	1
XCHTIME	0	0	0	0	0	0	0	0	0	0	0	0
XCHTIME	4225	5	26	67557408	156560	302521	731314	3774	66363239	127431948049904	127431947203584	14628
XCHTIME	0	0	0	0	0	0	0	0	0	0	0	0
XCHTIME	4225	1	0	4727835	161030	306330	127973	0	4132502	127431948049904	127431947203584	14628
XCHTIME	0	0	0	0	0	0	0	0	0	0	0	0
XCHTIME	4225	2	4	6576941	161670	294209	271112	709	5849241	127431948049904	127431947203584	14628
XCHTIME	0	0	0	0	0	0	0	0	0	0	0	0
XCHTIME	4225	4	10	10953760	145806	270590	511345	1529	10024490	127431948049904	127431947203584	14628
XCHTIME	0	0	0	0	0	0	0	0	0	0	0	0
XCHTIME	4225	1	0	10926095	142068	275601	132782	0	10375644	127431948049904	127431947203584	14628
XCHTIME	0	0	0	0	0	0	0	0	0	0	0	0
XCHTIME	4225	4	11	9135177	153967	288110	517379	1667	8174054	127431948049904	127431947203584	14628
XCHTIME	0	0	0	0	0	0	0	0	0	0	0	0
XCHTIME	4225	3	12	12520815	149885	276737	402826	1579	11689788	127431948049904	127431947203584	14628
XCHTIME	0	0	0	0	0	0	0	0	0	0	0	0
XCHTIME	4225	2	4	11780697	130166	301273	285643	596	11063019	127431948049904	127431947203584	14628
XCHTIME	0	0	0	0	0	0	0	0	0	0	0	0
XCHTIME	4225	1	0	9320187	196873	321671	125806	0	8675837	127431948049904	127431947203584	14628
XCHTIME	0	0	0	0	0	0	0	0	0	0	0	0
XCHTIME	4225	4	6	7903092	165420	292788	507718	910	6936256	127431948049904	127431947203584	14628
LIFT	crudeoil_li05	4225	2656	17380	2656
COUNTS	crudeoil_li05	4225	14628	680022	533453
XCHTIME	0	0	0	0	0	0	0	0	0	0	0	0
XCHTIME	14416	0	0	11496962	1852402	9644560	0	0	0	127431947326480	127431917799216	41068
XCHTIME	0	0	0	0	0	0	0	0	0	0	0	0
XCHTIME	14416	1	0	9934282	1860912	5952953	1357662	0	762755	127431947326480	127431917799216	41068
XCHTIME	0	0	0	0	0	0	0	0	0	0	0	0
XCHTIME	14416	1	0	7002788	1849954	3360856	1334368	0	457610	127431947326480	127431917799216	41068
XCHTIME	0	0	0	0	0	0	0	0	0	0	0	0
XCHTIME	14416	1	0	13648832	1863158	3341760	1334768	0	7109146	127431947326480	127431917799216	41068
LADGATE	14416	10000	0.661	0
XCHTIME	0	0	0	0	0	0	0	0	0	0	0	0
XCHTIME	14416	5	26	252751381	1839212	3343053	6890498	16057	240662561	127431947326480	127431917799216	41068
XCHTIME	0	0	0	0	0	0	0	0	0	0	0	0
XCHTIME	14416	1	0	9275549	1870685	3453583	1326710	0	2624571	127431947326480	127431917799216	41068
XCHTIME	0	0	0	0	0	0	0	0	0	0	0	0
XCHTIME	14416	1	0	9236996	1878060	3349913	1370162	0	2638861	127431947326480	127431917799216	41068
XCHTIME	0	0	0	0	0	0	0	0	0	0	0	0
XCHTIME	14416	1	0	14052901	1877403	3412955	1333532	0	7429011	127431947326480	127431917799216	41068
XCHTIME	0	0	0	0	0	0	0	0	0	0	0	0
XCHTIME	14416	1	0	14030853	1888681	3390513	1301992	0	7449667	127431947326480	127431917799216	41068
XCHTIME	0	0	0	0	0	0	0	0	0	0	0	0
XCHTIME	14416	1	0	14070624	1855729	3360833	1338995	0	7515067	127431947326480	127431917799216	41068
XCHTIME	0	0	0	0	0	0	0	0	0	0	0	0
XCHTIME	14416	1	0	14155388	1944755	3387316	1325741	0	7497576	127431947326480	127431917799216	41068
XCHTIME	0	0	0	0	0	0	0	0	0	0	0	0
XCHTIME	14416	1	0	14121417	1882586	3399952	1343501	0	7495378	127431947326480	127431917799216	41068
XCHTIME	0	0	0	0	0	0	0	0	0	0	0	0
XCHTIME	14416	1	0	14149036	1853651	3378846	1329740	0	7586799	127431947326480	127431917799216	41068
XCHTIME	0	0	0	0	0	0	0	0	0	0	0	0
XCHTIME	14416	1	0	14018629	1875961	3388704	1359034	0	7394930	127431947326480	127431917799216	41068
LIFT	procurement1large	14416	6606	28248	6606
COUNTS	procurement1large	14416	41068	13858240	7313217
XCHTIME	0	0	0	0	0	0	0	0	0	0	0	0
XCHTIME	1428	2	4	1191432	9816	21225	11672	359	1148360	127431902166176	127431882109520	4548
XCHTIME	0	0	0	0	0	0	0	0	0	0	0	0
XCHTIME	1428	2	6	7371282	10073	21203	15649	652	7323705	127431902166176	127431882109520	4548
XCHTIME	0	0	0	0	0	0	0	0	0	0	0	0
XCHTIME	1428	2	5	3291558	14339	24755	17438	539	3234487	127431902166176	127431882109520	4548
XCHTIME	0	0	0	0	0	0	0	0	0	0	0	0
XCHTIME	1428	4	18	15762963	16207	25044	44547	1808	15675357	127431902166176	127431882109520	4548
LADGATE	1428	10000	0.326	1
XCHTIME	0	0	0	0	0	0	0	0	0	0	0	0
XCHTIME	1428	5	26	25569838	12612	25392	53315	2310	25476209	127431902166176	127431882109520	4548
XCHTIME	0	0	0	0	0	0	0	0	0	0	0	0
XCHTIME	1428	2	19	5952751	17052	27753	18774	1249	5887923	127431902166176	127431882109520	4548
XCHTIME	0	0	0	0	0	0	0	0	0	0	0	0
XCHTIME	1428	4	15	4028749	18786	29236	29343	1323	3950061	127431902166176	127431882109520	4548
XCHTIME	0	0	0	0	0	0	0	0	0	0	0	0
XCHTIME	1428	4	10	2339052	16650	25803	23052	743	2272804	127431902166176	127431882109520	4548
XCHTIME	0	0	0	0	0	0	0	0	0	0	0	0
XCHTIME	1428	4	18	15812460	11235	23309	44604	1644	15731668	127431902166176	127431882109520	4548
XCHTIME	0	0	0	0	0	0	0	0	0	0	0	0
XCHTIME	1428	4	11	1585375	13606	24237	26296	715	1520521	127431902166176	127431882109520	4548
XCHTIME	0	0	0	0	0	0	0	0	0	0	0	0
XCHTIME	1428	4	14	6522155	10585	22184	32428	1127	6455831	127431902166176	127431882109520	4548
XCHTIME	0	0	0	0	0	0	0	0	0	0	0	0
XCHTIME	1428	4	13	10778350	10601	22520	29558	1105	10714566	127431902166176	127431882109520	4548
XCHTIME	0	0	0	0	0	0	0	0	0	0	0	0
XCHTIME	1428	1	0	15241243	12900	23199	5440	0	15199704	127431902166176	127431882109520	4548
XCHTIME	0	0	0	0	0	0	0	0	0	0	0	0
XCHTIME	1428	4	6	1248700	19556	28807	26352	507	1173478	127431902166176	127431882109520	4548
LIFT	blend721	1428	829	3334	829
COUNTS	blend721	1428	4548	77560	66143
XCHTIME	0	0	0	0	0	0	0	0	0	0	0	0
XCHTIME	2031	1	0	3202773	30578	43497	11028	0	3117670	127431894292464	127431918323520	10878
XCHTIME	0	0	0	0	0	0	0	0	0	0	0	0
XCHTIME	2031	1	0	7625746	34888	49045	11183	0	7530630	127431894292464	127431918323520	10878
XCHTIME	0	0	0	0	0	0	0	0	0	0	0	0
XCHTIME	2031	1	0	5730918	42087	67997	20266	0	5600568	127431894292464	127431918323520	10878
XCHTIME	0	0	0	0	0	0	0	0	0	0	0	0
XCHTIME	2031	1	0	15495093	34353	48352	13378	0	15399010	127431894292464	127431918323520	10878
LADGATE	2031	10000	1.118	1
XCHTIME	0	0	0	0	0	0	0	0	0	0	0	0
XCHTIME	2031	5	26	163884558	25637	42651	164471	8784	163643015	127431894292464	127431918323520	10878
XCHTIME	0	0	0	0	0	0	0	0	0	0	0	0
XCHTIME	2031	1	0	6232460	49407	62825	14803	0	6105425	127431894292464	127431918323520	10878
XCHTIME	0	0	0	0	0	0	0	0	0	0	0	0
XCHTIME	2031	2	4	7106856	43490	61866	44672	1477	6955351	127431894292464	127431918323520	10878
XCHTIME	0	0	0	0	0	0	0	0	0	0	0	0
XCHTIME	2031	4	10	12297599	38143	53176	59652	2621	12144007	127431894292464	127431918323520	10878
XCHTIME	0	0	0	0	0	0	0	0	0	0	0	0
XCHTIME	2031	1	0	15547544	29915	43018	13784	0	15460827	127431894292464	127431918323520	10878
XCHTIME	0	0	0	0	0	0	0	0	0	0	0	0
XCHTIME	2031	4	11	8500068	47969	55533	78910	3829	8313827	127431894292464	127431918323520	10878
XCHTIME	0	0	0	0	0	0	0	0	0	0	0	0
XCHTIME	2031	2	4	15020541	28404	47775	44414	1385	14898563	127431894292464	127431918323520	10878
XCHTIME	0	0	0	0	0	0	0	0	0	0	0	0
XCHTIME	2031	1	0	15338143	40234	50471	12090	0	15235348	127431894292464	127431918323520	10878
XCHTIME	0	0	0	0	0	0	0	0	0	0	0	0
XCHTIME	2031	1	0	16097364	38275	51333	13863	0	15993893	127431894292464	127431918323520	10878
XCHTIME	0	0	0	0	0	0	0	0	0	0	0	0
XCHTIME	2031	4	6	5638836	43692	55412	66405	1448	5471879	127431894292464	127431918323520	10878
LIFT	chimera_selby-c16-02	2031	1436	15878	1436
COUNTS	chimera_selby-c16-02	2031	10878	4280329	2297782
XCHTIME	0	0	0	0	0	0	0	0	0	0	0	0
XCHTIME	16640	0	0	19570192	7471780	12098412	0	0	0	127431897597200	127431921186832	57800
XCHTIME	0	0	0	0	0	0	0	0	0	0	0	0
XCHTIME	16640	1	0	21295337	7393069	12010323	1658547	0	233398	127431897597200	127431921186832	57800
XCHTIME	0	0	0	0	0	0	0	0	0	0	0	0
XCHTIME	16640	1	0	21315387	7469734	12154038	1678319	0	13296	127431897597200	127431921186832	57800
XCHTIME	0	0	0	0	0	0	0	0	0	0	0	0
XCHTIME	16640	1	0	26475661	7475507	12233223	1696933	0	5069998	127431897597200	127431921186832	57800
LADGATE	16640	10000	0.479	0
XCHTIME	0	0	0	0	0	0	0	0	0	0	0	0
XCHTIME	16640	5	26	89717523	7524967	12359324	8506107	18266	61308859	127431897597200	127431921186832	57800
XCHTIME	0	0	0	0	0	0	0	0	0	0	0	0
XCHTIME	16640	1	0	22223882	7614313	12372717	1693631	0	543221	127431897597200	127431921186832	57800
XCHTIME	0	0	0	0	0	0	0	0	0	0	0	0
XCHTIME	16640	1	0	22853477	7573487	12329540	1689346	0	1261104	127431897597200	127431921186832	57800
XCHTIME	0	0	0	0	0	0	0	0	0	0	0	0
XCHTIME	16640	1	0	26693091	7507829	12425535	1694367	0	5065360	127431897597200	127431921186832	57800
XCHTIME	0	0	0	0	0	0	0	0	0	0	0	0
XCHTIME	16640	1	0	26765485	7526217	12384390	1705848	0	5149030	127431897597200	127431921186832	57800
XCHTIME	0	0	0	0	0	0	0	0	0	0	0	0
XCHTIME	16640	1	0	26681317	7531537	12357953	1656866	0	5134961	127431897597200	127431921186832	57800
XCHTIME	0	0	0	0	0	0	0	0	0	0	0	0
XCHTIME	16640	1	0	26663294	7593840	12461040	1666757	0	4941657	127431897597200	127431921186832	57800
XCHTIME	0	0	0	0	0	0	0	0	0	0	0	0
XCHTIME	16640	1	0	26940202	7528708	12526859	1660657	0	5223978	127431897597200	127431921186832	57800
XCHTIME	0	0	0	0	0	0	0	0	0	0	0	0
XCHTIME	16640	1	0	27050559	7577180	12546106	1666306	0	5260967	127431897597200	127431921186832	57800
XCHTIME	0	0	0	0	0	0	0	0	0	0	0	0
XCHTIME	16640	1	0	26851012	7547765	12537436	1677811	0	5088000	127431897597200	127431921186832	57800
LIFT	supplychainr1_053050	16640	9640	44160	9640
COUNTS	supplychainr1_053050	16640	57800	2173490	2173490
XCHTIME	0	0	0	0	0	0	0	0	0	0	0	0
XCHTIME	5067	1	0	2555231	216091	440290	206159	0	1692691	127431947481248	127431549280768	21424
XCHTIME	0	0	0	0	0	0	0	0	0	0	0	0
XCHTIME	5067	1	0	4016110	193758	408766	229534	0	3184052	127431947481248	127431549280768	21424
XCHTIME	0	0	0	0	0	0	0	0	0	0	0	0
XCHTIME	5067	1	0	3121948	229147	439732	209645	0	2243424	127431947481248	127431549280768	21424
XCHTIME	0	0	0	0	0	0	0	0	0	0	0	0
XCHTIME	5067	2	5	10857244	226728	448287	404811	1647	9775771	127431947481248	127431549280768	21424
LADGATE	5067	10000	0.719	1
XCHTIME	0	0	0	0	0	0	0	0	0	0	0	0
XCHTIME	5067	5	26	25545671	215468	467300	1027675	8703	23826525	127431947481248	127431549280768	21424
XCHTIME	0	0	0	0	0	0	0	0	0	0	0	0
XCHTIME	5067	1	0	5358270	268752	452284	207567	0	4429667	127431947481248	127431549280768	21424
XCHTIME	0	0	0	0	0	0	0	0	0	0	0	0
XCHTIME	5067	3	12	6343314	228496	454146	620294	3644	5036734	127431947481248	127431549280768	21424
XCHTIME	0	0	0	0	0	0	0	0	0	0	0	0
XCHTIME	5067	4	10	8862369	196934	451007	800384	3806	7410238	127431947481248	127431549280768	21424
XCHTIME	0	0	0	0	0	0	0	0	0	0	0	0
XCHTIME	5067	2	5	10834374	246990	439603	427513	1492	9718776	127431947481248	127431549280768	21424
XCHTIME	0	0	0	0	0	0	0	0	0	0	0	0
XCHTIME	5067	4	11	8527854	249074	460657	878620	4046	6935457	127431947481248	127431549280768	21424
XCHTIME	0	0	0	0	0	0	0	0	0	0	0	0
XCHTIME	5067	4	14	11184893	243571	424358	827528	5122	9684314	127431947481248	127431549280768	21424
XCHTIME	0	0	0	0	0	0	0	0	0	0	0	0
XCHTIME	5067	3	12	11478529	203309	454772	624187	3704	10192557	127431947481248	127431549280768	21424
XCHTIME	0	0	0	0	0	0	0	0	0	0	0	0
XCHTIME	5067	1	0	9792858	224722	428446	227336	0	8912354	127431947481248	127431549280768	21424
XCHTIME	0	0	0	0	0	0	0	0	0	0	0	0
XCHTIME	5067	4	6	8065682	240709	434244	830630	2317	6557782	127431947481248	127431549280768	21424
LIFT	sfacloc2_4_80	5067	2567	16656	2567
COUNTS	sfacloc2_4_80	5067	21424	93048	88884
COUNTS	st_e24	10	26	64	57
XCHTIME	0	0	0	0	0	0	0	0	0	0	0	0
XCHTIME	1053	2	4	673743	8630	12700	6265	266	645882	127431547354784	127431917597696	5116
XCHTIME	0	0	0	0	0	0	0	0	0	0	0	0
XCHTIME	1053	2	6	6407061	8712	12081	8359	436	6377473	127431547354784	127431917597696	5116
XCHTIME	0	0	0	0	0	0	0	0	0	0	0	0
XCHTIME	1053	2	5	1939300	10781	13850	6914	299	1907456	127431547354784	127431917597696	5116
XCHTIME	0	0	0	0	0	0	0	0	0	0	0	0
XCHTIME	1053	4	18	12040710	10899	13624	18477	1518	11996192	127431547354784	127431917597696	5116
LADGATE	1053	10000	0.336	1
XCHTIME	0	0	0	0	0	0	0	0	0	0	0	0
XCHTIME	1053	5	26	14969251	9285	12867	21364	2320	14923415	127431547354784	127431917597696	5116
XCHTIME	0	0	0	0	0	0	0	0	0	0	0	0
XCHTIME	1053	4	66	1405198	11095	13507	14027	3327	1363242	127431547354784	127431917597696	5116
XCHTIME	0	0	0	0	0	0	0	0	0	0	0	0
XCHTIME	1053	4	15	2042773	9422	12653	17022	995	2002681	127431547354784	127431917597696	5116
XCHTIME	0	0	0	0	0	0	0	0	0	0	0	0
XCHTIME	1053	4	10	1277432	10949	13535	13660	563	1238725	127431547354784	127431917597696	5116
XCHTIME	0	0	0	0	0	0	0	0	0	0	0	0
XCHTIME	1053	4	18	11681682	9191	12690	18362	1692	11639747	127431547354784	127431917597696	5116
XCHTIME	0	0	0	0	0	0	0	0	0	0	0	0
XCHTIME	1053	4	11	975340	10925	13584	13299	637	936895	127431547354784	127431917597696	5116
XCHTIME	0	0	0	0	0	0	0	0	0	0	0	0
XCHTIME	1053	4	14	3721961	8865	12336	15141	904	3684715	127431547354784	127431917597696	5116
XCHTIME	0	0	0	0	0	0	0	0	0	0	0	0
XCHTIME	1053	4	13	6350352	8939	12795	16347	782	6311489	127431547354784	127431917597696	5116
XCHTIME	0	0	0	0	0	0	0	0	0	0	0	0
XCHTIME	1053	2	5	18281287	10047	12799	14844	493	18243104	127431547354784	127431917597696	5116
XCHTIME	0	0	0	0	0	0	0	0	0	0	0	0
XCHTIME	1053	4	6	819595	14073	18199	14276	447	772600	127431547354784	127431917597696	5116
LIFT	edgecross10-040	1053	571	4152	571
COUNTS	edgecross10-040	1053	5116	161851	143518
XCHTIME	0	0	0	0	0	0	0	0	0	0	0	0
XCHTIME	8232	1	0	4134449	596199	1290114	654437	0	1593699	127431897371408	127431920662544	40744
XCHTIME	0	0	0	0	0	0	0	0	0	0	0	0
XCHTIME	8232	1	0	5983331	632217	1258284	637760	0	3455070	127431897371408	127431920662544	40744
XCHTIME	0	0	0	0	0	0	0	0	0	0	0	0
XCHTIME	8232	1	0	5304321	644962	1271327	626267	0	2761765	127431897371408	127431920662544	40744
XCHTIME	0	0	0	0	0	0	0	0	0	0	0	0
XCHTIME	8232	2	5	11665549	603127	1277430	1290096	4562	8490334	127431897371408	127431920662544	40744
LADGATE	8232	10000	0.363	1
XCHTIME	0	0	0	0	0	0	0	0	0	0	0	0
XCHTIME	8232	5	26	43634949	656133	1347341	3163554	19065	38448856	127431897371408	127431920662544	40744
XCHTIME	0	0	0	0	0	0	0	0	0	0	0	0
XCHTIME	8232	1	0	6511991	681195	1275401	638053	0	3917342	127431897371408	127431920662544	40744
XCHTIME	0	0	0	0	0	0	0	0	0	0	0	0
XCHTIME	8232	1	0	5879671	585855	1280818	610919	0	3402079	127431897371408	127431920662544	40744
XCHTIME	0	0	0	0	0	0	0	0	0	0	0	0
XCHTIME	8232	3	9	10529302	658620	1297453	1908158	10737	6654334	127431897371408	127431920662544	40744
XCHTIME	0	0	0	0	0	0	0	0	0	0	0	0
XCHTIME	8232	2	5	11609755	626751	1291832	1253713	15692	8421767	127431897371408	127431920662544	40744
XCHTIME	0	0	0	0	0	0	0	0	0	0	0	0
XCHTIME	8232	3	9	10551811	649917	1289844	1893402	7470	6711178	127431897371408	127431920662544	40744
XCHTIME	0	0	0	0	0	0	0	0	0	0	0	0
XCHTIME	8232	2	4	10976765	672662	1347299	1253105	3922	7699777	127431897371408	127431920662544	40744
XCHTIME	0	0	0	0	0	0	0	0	0	0	0	0
XCHTIME	8232	2	4	11420179	669779	1314538	1266550	3709	8165603	127431897371408	127431920662544	40744
XCHTIME	0	0	0	0	0	0	0	0	0	0	0	0
XCHTIME	8232	1	0	12411632	574887	1289365	646782	0	9900598	127431897371408	127431920662544	40744
XCHTIME	0	0	0	0	0	0	0	0	0	0	0	0
XCHTIME	8232	3	3	10396844	677543	1289470	1840143	2512	6587176	127431897371408	127431920662544	40744
LIFT	sonet21v6	8232	4221	32722	4221
COUNTS	sonet21v6	8232	40744	1643311	1585871
XCHTIME	0	0	0	0	0	0	0	0	0	0	0	0
XCHTIME	2490	2	4	1205337	20279	61256	31990	352	1091460	127431892898576	127431947670624	6400
XCHTIME	0	0	0	0	0	0	0	0	0	0	0	0
XCHTIME	2490	2	6	1957497	22360	63829	40776	764	1829768	127431892898576	127431947670624	6400
XCHTIME	0	0	0	0	0	0	0	0	0	0	0	0
XCHTIME	2490	2	5	1347658	25972	68220	39865	577	1213024	127431892898576	127431947670624	6400
XCHTIME	0	0	0	0	0	0	0	0	0	0	0	0
XCHTIME	2490	4	18	3820211	24375	65831	96300	2168	3631537	127431892898576	127431947670624	6400
LADGATE	2490	10000	0.679	1
XCHTIME	0	0	0	0	0	0	0	0	0	0	0	0
XCHTIME	2490	5	26	4692557	37880	66855	109950	2648	4475224	127431892898576	127431947670624	6400
XCHTIME	0	0	0	0	0	0	0	0	0	0	0	0
XCHTIME	2490	4	66	2822032	33961	73801	97564	5224	2611482	127431892898576	127431947670624	6400
XCHTIME	0	0	0	0	0	0	0	0	0	0	0	0
XCHTIME	2490	4	15	2444659	29061	70070	99050	1235	2245243	127431892898576	127431947670624	6400
XCHTIME	0	0	0	0	0	0	0	0	0	0	0	0
XCHTIME	2490	4	10	2388029	28714	70515	97489	1037	2190274	127431892898576	127431947670624	6400
XCHTIME	0	0	0	0	0	0	0	0	0	0	0	0
XCHTIME	2490	4	18	3847047	29263	77150	116704	1935	3621995	127431892898576	127431947670624	6400
XCHTIME	0	0	0	0	0	0	0	0	0	0	0	0
XCHTIME	2490	4	11	2369168	31949	88917	98176	869	2149257	127431892898576	127431947670624	6400
XCHTIME	0	0	0	0	0	0	0	0	0	0	0	0
XCHTIME	2490	4	14	2685691	29940	69216	96681	1413	2488441	127431892898576	127431947670624	6400
XCHTIME	0	0	0	0	0	0	0	0	0	0	0	0
XCHTIME	2490	4	13	2923426	30654	70810	102122	1199	2718641	127431892898576	127431947670624	6400
XCHTIME	0	0	0	0	0	0	0	0	0	0	0	0
XCHTIME	2490	4	16	7393295	30045	71419	166806	1771	7123254	127431892898576	127431947670624	6400
XCHTIME	0	0	0	0	0	0	0	0	0	0	0	0
XCHTIME	2490	4	6	2287726	27356	65425	67408	582	2126955	127431892898576	127431947670624	6400
LIFT	squfl010-080	2490	890	3200	890
COUNTS	squfl010-080	2490	6400	27665	27665
XCHTIME	0	0	0	0	0	0	0	0	0	0	0	0
XCHTIME	221	2	4	243416	4185	1488	596	228	236919	127431890355056	127431882150496	1048
XCHTIME	0	0	0	0	0	0	0	0	0	0	0	0
XCHTIME	221	2	6	2476060	1936	1066	732	336	2471990	127431890355056	127431882150496	1048
XCHTIME	0	0	0	0	0	0	0	0	0	0	0	0
XCHTIME	221	2	5	663348	2047	1029	679	257	659336	127431890355056	127431882150496	1048
XCHTIME	0	0	0	0	0	0	0	0	0	0	0	0
XCHTIME	221	4	18	4944004	1871	988	1488	918	4938739	127431890355056	127431882150496	1048
LADGATE	221	10000	0.231	1
XCHTIME	0	0	0	0	0	0	0	0	0	0	0	0
XCHTIME	221	5	26	6307884	2021	1517	1693	1298	6301355	127431890355056	127431882150496	1048
XCHTIME	0	0	0	0	0	0	0	0	0	0	0	0
XCHTIME	221	4	66	2123620	2090	1094	1238	2804	2116394	127431890355056	127431882150496	1048
XCHTIME	0	0	0	0	0	0	0	0	0	0	0	0
XCHTIME	221	4	15	858760	2587	1376	1656	779	852362	127431890355056	127431882150496	1048
XCHTIME	0	0	0	0	0	0	0	0	0	0	0	0
XCHTIME	221	4	10	406449	1938	1009	1177	490	401835	127431890355056	127431882150496	1048
XCHTIME	0	0	0	0	0	0	0	0	0	0	0	0
XCHTIME	221	4	18	5055242	1922	1020	2009	964	5049327	127431890355056	127431882150496	1048
XCHTIME	0	0	0	0	0	0	0	0	0	0	0	0
XCHTIME	221	4	11	281804	2608	1809	1143	480	275764	127431890355056	127431882150496	1048
XCHTIME	0	0	0	0	0	0	0	0	0	0	0	0
XCHTIME	221	4	14	1410535	1936	943	1519	654	1405483	127431890355056	127431882150496	1048
XCHTIME	0	0	0	0	0	0	0	0	0	0	0	0
XCHTIME	221	4	13	2634600	2024	1533	1323	617	2629103	127431890355056	127431882150496	1048
XCHTIME	0	0	0	0	0	0	0	0	0	0	0	0
XCHTIME	221	4	16	15668378	2151	975	2687	954	15661611	127431890355056	127431882150496	1048
XCHTIME	0	0	0	0	0	0	0	0	0	0	0	0
XCHTIME	221	4	6	197163	2139	1759	1252	259	191754	127431890355056	127431882150496	1048
LIFT	genpooling_lee2	221	145	896	145
COUNTS	genpooling_lee2	221	1048	19895	14028
XCHTIME	0	0	0	0	0	0	0	0	0	0	0	0
XCHTIME	2807	1	0	2170049	48569	94912	30964	0	1995604	127431947749952	127431549542928	13904
XCHTIME	0	0	0	0	0	0	0	0	0	0	0	0
XCHTIME	2807	1	0	4580951	55969	100794	34617	0	4389571	127431947749952	127431549542928	13904
XCHTIME	0	0	0	0	0	0	0	0	0	0	0	0
XCHTIME	2807	1	0	3908188	54802	104100	36711	0	3712575	127431947749952	127431549542928	13904
XCHTIME	0	0	0	0	0	0	0	0	0	0	0	0
XCHTIME	2807	1	0	11505672	55245	102010	33269	0	11315148	127431947749952	127431549542928	13904
LADGATE	2807	10000	0.617	1
XCHTIME	0	0	0	0	0	0	0	0	0	0	0	0
XCHTIME	2807	5	26	85390973	64690	97387	252726	6822	84969348	127431947749952	127431549542928	13904
XCHTIME	0	0	0	0	0	0	0	0	0	0	0	0
XCHTIME	2807	1	0	6349778	85545	113023	37128	0	6114082	127431947749952	127431549542928	13904
XCHTIME	0	0	0	0	0	0	0	0	0	0	0	0
XCHTIME	2807	2	4	6996058	75141	134018	126875	1146	6658878	127431947749952	127431549542928	13904
XCHTIME	0	0	0	0	0	0	0	0	0	0	0	0
XCHTIME	2807	4	10	10446807	53505	101882	156178	2922	10132320	127431947749952	127431549542928	13904
XCHTIME	0	0	0	0	0	0	0	0	0	0	0	0
XCHTIME	2807	1	0	11569600	57660	100746	33889	0	11377305	127431947749952	127431549542928	13904
XCHTIME	0	0	0	0	0	0	0	0	0	0	0	0
XCHTIME	2807	4	11	7138900	56506	102123	171601	2655	6806015	127431947749952	127431549542928	13904
XCHTIME	0	0	0	0	0	0	0	0	0	0	0	0
XCHTIME	2807	2	4	13205462	73524	118210	100172	1027	12912529	127431947749952	127431549542928	13904
XCHTIME	0	0	0	0	0	0	0	0	0	0	0	0
XCHTIME	2807	1	0	12306878	55594	104628	37111	0	12109545	127431947749952	127431549542928	13904
XCHTIME	0	0	0	0	0	0	0	0	0	0	0	0
XCHTIME	2807	1	0	11685180	73918	112959	36958	0	11461345	127431947749952	127431549542928	13904
XCHTIME	0	0	0	0	0	0	0	0	0	0	0	0
XCHTIME	2807	4	6	5226768	86110	130353	156396	1641	4852268	127431947749952	127431549542928	13904
LIFT	popdynm25	2807	2349	13004	2349
COUNTS	popdynm25	2807	13904	360081	286728
XCHTIME	0	0	0	0	0	0	0	0	0	0	0	0
XCHTIME	5211	1	0	2064746	270939	467287	218275	0	1108245	127431900055984	127431897730336	16740
XCHTIME	0	0	0	0	0	0	0	0	0	0	0	0
XCHTIME	5211	1	0	1852088	216786	450762	221009	0	963531	127431900055984	127431897730336	16740
XCHTIME	0	0	0	0	0	0	0	0	0	0	0	0
XCHTIME	5211	1	0	2197660	278250	453502	217254	0	1248654	127431900055984	127431897730336	16740
XCHTIME	0	0	0	0	0	0	0	0	0	0	0	0
XCHTIME	5211	1	0	11112086	252637	469308	228154	0	10161987	127431900055984	127431897730336	16740
LADGATE	5211	10000	0.759	1
XCHTIME	0	0	0	0	0	0	0	0	0	0	0	0
XCHTIME	5211	5	26	109751423	260414	460208	1152471	6259	107872071	127431900055984	127431897730336	16740
XCHTIME	0	0	0	0	0	0	0	0	0	0	0	0
XCHTIME	5211	1	0	6068862	239003	464076	239520	0	5126263	127431900055984	127431897730336	16740
XCHTIME	0	0	0	0	0	0	0	0	0	0	0	0
XCHTIME	5211	2	4	6169635	254983	480986	436027	964	4996675	127431900055984	127431897730336	16740
XCHTIME	0	0	0	0	0	0	0	0	0	0	0	0
XCHTIME	5211	4	10	10535499	251749	464019	847182	2637	8969912	127431900055984	127431897730336	16740
XCHTIME	0	0	0	0	0	0	0	0	0	0	0	0
XCHTIME	5211	2	5	12082024	269842	466642	449789	1667	10894084	127431900055984	127431897730336	16740
XCHTIME	0	0	0	0	0	0	0	0	0	0	0	0
XCHTIME	5211	4	11	9360206	267596	465075	836736	2903	7787896	127431900055984	127431897730336	16740
XCHTIME	0	0	0	0	0	0	0	0	0	0	0	0
XCHTIME	5211	4	14	11884776	251617	447735	894412	3573	10287439	127431900055984	127431897730336	16740
XCHTIME	0	0	0	0	0	0	0	0	0	0	0	0
XCHTIME	5211	3	12	12071260	241614	460452	661069	2933	10705192	127431900055984	127431897730336	16740
XCHTIME	0	0	0	0	0	0	0	0	0	0	0	0
XCHTIME	5211	1	0	12319602	252293	447611	225819	0	11393879	127431900055984	127431897730336	16740
XCHTIME	0	0	0	0	0	0	0	0	0	0	0	0
XCHTIME	5211	4	6	8724182	258399	454490	820341	2295	7188657	127431900055984	127431897730336	16740
LIFT	chp_partload	5211	3186	12690	3186
COUNTS	chp_partload	5211	16740	509170	373130
XCHTIME	0	0	0	0	0	0	0	0	0	0	0	0
XCHTIME	560	2	4	1212008	150846	7915	2615	345	1050287	127431922837856	127431922842352	120274
XCHTIME	0	0	0	0	0	0	0	0	0	0	0	0
XCHTIME	560	1	0	9878949	153994	5024	1227	0	9718704	127431922837856	127431922842352	120274
XCHTIME	0	0	0	0	0	0	0	0	0	0	0	0
XCHTIME	560	2	5	6089718	154212	5723	3179	488	5926116	127431922837856	127431922842352	120274
XCHTIME	0	0	0	0	0	0	0	0	0	0	0	0
XCHTIME	560	2	5	20259737	151933	5241	3922	757	20097884	127431922837856	127431922842352	120274
LADGATE	560	10000	0.241	1
XCHTIME	0	0	0	0	0	0	0	0	0	0	0	0
XCHTIME	560	4	10	2232434	146973	5500	5364	580	2074017	127431922837856	127431922842352	120274
XCHTIME	0	0	0	0	0	0	0	0	0	0	0	0
XCHTIME	560	4	66	1774068	151070	6530	5302	3945	1607221	127431922837856	127431922842352	120274
XCHTIME	0	0	0	0	0	0	0	0	0	0	0	0
XCHTIME	560	4	15	4321715	149488	5247	5329	1015	4160636	127431922837856	127431922842352	120274
XCHTIME	0	0	0	0	0	0	0	0	0	0	0	0
XCHTIME	560	4	10	2215869	152532	4943	5355	627	2052412	127431922837856	127431922842352	120274
XCHTIME	0	0	0	0	0	0	0	0	0	0	0	0
XCHTIME	560	2	5	19852620	153762	4938	3229	412	19690279	127431922837856	127431922842352	120274
XCHTIME	0	0	0	0	0	0	0	0	0	0	0	0
XCHTIME	560	4	11	1622679	150165	5070	6352	871	1460221	127431922837856	127431922842352	120274
XCHTIME	0	0	0	0	0	0	0	0	0	0	0	0
XCHTIME	560	4	14	11386756	170189	10821	5109	1100	11199537	127431922837856	127431922842352	120274
XCHTIME	0	0	0	0	0	0	0	0	0	0	0	0
XCHTIME	560	4	13	19107476	148748	4539	5276	1332	18947581	127431922837856	127431922842352	120274
XCHTIME	0	0	0	0	0	0	0	0	0	0	0	0
XCHTIME	560	1	0	20002228	148251	4585	1280	0	19848112	127431922837856	127431922842352	120274
XCHTIME	0	0	0	0	0	0	0	0	0	0	0	0
XCHTIME	560	4	6	1285245	151575	5929	4700	416	1122625	127431922837856	127431922842352	120274
LIFT	qspp_0_14_0_1_10_1	560	364	119024	364
COUNTS	qspp_0_14_0_1_10_1	560	120274	16119226	16038266
XCHTIME	0	0	0	0	0	0	0	0	0	0	0	0
XCHTIME	24	2	4	48946	438	382	158	115	47853	127431882578720	127431902154736	66
XCHTIME	0	0	0	0	0	0	0	0	0	0	0	0
XCHTIME	24	2	6	333225	933	352	567	124	331249	127431882578720	127431902154736	66
XCHTIME	0	0	0	0	0	0	0	0	0	0	0	0
XCHTIME	24	2	5	123415	558	335	127	98	122297	127431882578720	127431902154736	66
XCHTIME	0	0	0	0	0	0	0	0	0	0	0	0
XCHTIME	24	4	18	532362	492	325	436	366	530743	127431882578720	127431902154736	66
LADGATE	24	10000	0.139	1
XCHTIME	0	0	0	0	0	0	0	0	0	0	0	0
XCHTIME	24	5	26	805893	556	546	304	537	803950	127431882578720	127431902154736	66
XCHTIME	0	0	0	0	0	0	0	0	0	0	0	0
XCHTIME	24	4	52	6414	341	402	228	1278	4165	127431882578720	127431902154736	66
XCHTIME	0	0	0	0	0	0	0	0	0	0	0	0
XCHTIME	24	4	15	78559	351	374	210	304	77320	127431882578720	127431902154736	66
XCHTIME	0	0	0	0	0	0	0	0	0	0	0	0
XCHTIME	24	4	10	60321	408	314	195	199	59205	127431882578720	127431902154736	66
XCHTIME	0	0	0	0	0	0	0	0	0	0	0	0
XCHTIME	24	4	18	521203	314	298	180	364	520047	127431882578720	127431902154736	66
XCHTIME	0	0	0	0	0	0	0	0	0	0	0	0
XCHTIME	24	4	11	41919	410	294	179	219	40817	127431882578720	127431902154736	66
XCHTIME	0	0	0	0	0	0	0	0	0	0	0	0
XCHTIME	24	4	14	200947	308	267	177	288	199907	127431882578720	127431902154736	66
XCHTIME	0	0	0	0	0	0	0	0	0	0	0	0
XCHTIME	24	4	13	305459	346	512	186	254	304161	127431882578720	127431902154736	66
XCHTIME	0	0	0	0	0	0	0	0	0	0	0	0
XCHTIME	24	4	16	1787736	452	308	243	396	1786337	127431882578720	127431902154736	66
XCHTIME	0	0	0	0	0	0	0	0	0	0	0	0
XCHTIME	24	4	6	21537	532	606	229	119	20051	127431882578720	127431902154736	66
COUNTS	st_glmp_ss1	24	66	160	160
XCHTIME	0	0	0	0	0	0	0	0	0	0	0	0
XCHTIME	2508	1	0	2395427	53110	71961	21483	0	2248873	127431893728240	127431920138240	29808
XCHTIME	0	0	0	0	0	0	0	0	0	0	0	0
XCHTIME	2508	1	0	5257218	59052	75338	22268	0	5100560	127431893728240	127431920138240	29808
XCHTIME	0	0	0	0	0	0	0	0	0	0	0	0
XCHTIME	2508	1	0	3557612	63794	80459	25641	0	3387718	127431893728240	127431920138240	29808
XCHTIME	0	0	0	0	0	0	0	0	0	0	0	0
XCHTIME	2508	1	0	11995494	64898	79110	23587	0	11827899	127431893728240	127431920138240	29808
LADGATE	2508	10000	0.468	1
XCHTIME	0	0	0	0	0	0	0	0	0	0	0	0
XCHTIME	2508	4	10	9695638	61695	78293	121791	1712	9432147	127431893728240	127431920138240	29808
XCHTIME	0	0	0	0	0	0	0	0	0	0	0	0
XCHTIME	2508	2	19	6017348	73306	93031	87654	3847	5759510	127431893728240	127431920138240	29808
XCHTIME	0	0	0	0	0	0	0	0	0	0	0	0
XCHTIME	2508	2	4	6408070	61138	81464	59311	495	6205662	127431893728240	127431920138240	29808
XCHTIME	0	0	0	0	0	0	0	0	0	0	0	0
XCHTIME	2508	4	10	9588690	63166	78127	119687	1712	9325998	127431893728240	127431920138240	29808
XCHTIME	0	0	0	0	0	0	0	0	0	0	0	0
XCHTIME	2508	1	0	11970764	61846	77110	24272	0	11807536	127431893728240	127431920138240	29808
XCHTIME	0	0	0	0	0	0	0	0	0	0	0	0
XCHTIME	2508	4	11	7157949	73948	82530	121853	1781	6877837	127431893728240	127431920138240	29808
XCHTIME	0	0	0	0	0	0	0	0	0	0	0	0
XCHTIME	2508	3	12	12628807	78807	79263	94413	2299	12374025	127431893728240	127431920138240	29808
XCHTIME	0	0	0	0	0	0	0	0	0	0	0	0
XCHTIME	2508	2	4	12464601	57726	78606	69996	691	12257582	127431893728240	127431920138240	29808
XCHTIME	0	0	0	0	0	0	0	0	0	0	0	0
XCHTIME	2508	1	0	15090275	60416	82258	24972	0	14922629	127431893728240	127431920138240	29808
XCHTIME	0	0	0	0	0	0	0	0	0	0	0	0
XCHTIME	2508	4	6	5750225	77744	107914	118822	981	5444764	127431893728240	127431920138240	29808
LIFT	torsion50	2508	1302	20190	1302
COUNTS	torsion50	2508	29808	1691033	1118955
XCHTIME	0	0	0	0	0	0	0	0	0	0	0	0
XCHTIME	40	2	4	66513	1048	1161	327	179	63798	127431883584432	127431902177616	340
XCHTIME	0	0	0	0	0	0	0	0	0	0	0	0
XCHTIME	40	2	6	458849	1085	327	176	227	457034	127431883584432	127431902177616	340
XCHTIME	0	0	0	0	0	0	0	0	0	0	0	0
XCHTIME	40	2	5	167816	836	416	153	198	166213	127431883584432	127431902177616	340
XCHTIME	0	0	0	0	0	0	0	0	0	0	0	0
XCHTIME	40	4	18	1255602	627	360	358	693	1253564	127431883584432	127431902177616	340
LADGATE	40	10000	0.179	1
XCHTIME	0	0	0	0	0	0	0	0	0	0	0	0
XCHTIME	40	4	10	113227	889	753	300	388	110897	127431883584432	127431902177616	340
XCHTIME	0	0	0	0	0	0	0	0	0	0	0	0
XCHTIME	40	4	66	8652	711	632	283	2361	4665	127431883584432	127431902177616	340
XCHTIME	0	0	0	0	0	0	0	0	0	0	0	0
XCHTIME	40	4	15	184339	540	390	337	620	182452	127431883584432	127431902177616	340
XCHTIME	0	0	0	0	0	0	0	0	0	0	0	0
XCHTIME	40	4	10	100911	689	363	273	335	99251	127431883584432	127431902177616	340
XCHTIME	0	0	0	0	0	0	0	0	0	0	0	0
XCHTIME	40	4	18	1237549	767	386	286	598	1235512	127431883584432	127431902177616	340
XCHTIME	0	0	0	0	0	0	0	0	0	0	0	0
XCHTIME	40	4	11	53910	571	511	291	378	52159	127431883584432	127431902177616	340
XCHTIME	0	0	0	0	0	0	0	0	0	0	0	0
XCHTIME	40	4	14	351973	658	423	286	489	350117	127431883584432	127431902177616	340
XCHTIME	0	0	0	0	0	0	0	0	0	0	0	0
XCHTIME	40	4	13	600082	538	572	271	465	598236	127431883584432	127431902177616	340
XCHTIME	0	0	0	0	0	0	0	0	0	0	0	0
XCHTIME	40	4	16	3533522	609	575	367	597	3531374	127431883584432	127431902177616	340
XCHTIME	0	0	0	0	0	0	0	0	0	0	0	0
XCHTIME	40	4	6	29093	804	619	333	235	27102	127431883584432	127431902177616	340
LIFT	st_rv2	40	10	90	10
COUNTS	st_rv2	40	340	2045	2045
XCHTIME	0	0	0	0	0	0	0	0	0	0	0	0
XCHTIME	6885	1	0	2576961	437139	842758	444030	0	853034	127431920564240	127431897437280	15948
XCHTIME	0	0	0	0	0	0	0	0	0	0	0	0
XCHTIME	6885	1	0	3172556	402838	867771	442632	0	1459315	127431920564240	127431897437280	15948
XCHTIME	0	0	0	0	0	0	0	0	0	0	0	0
XCHTIME	6885	1	0	2964012	442365	876665	451394	0	1193588	127431920564240	127431897437280	15948
XCHTIME	0	0	0	0	0	0	0	0	0	0	0	0
XCHTIME	6885	4	18	11577571	445814	846411	1692345	6777	8586224	127431920564240	127431897437280	15948
LADGATE	6885	10000	0.248	1
XCHTIME	0	0	0	0	0	0	0	0	0	0	0	0
XCHTIME	6885	5	26	14700769	463712	857129	2121412	8364	11250152	127431920564240	127431897437280	15948
XCHTIME	0	0	0	0	0	0	0	0	0	0	0	0
XCHTIME	6885	2	19	6528435	458277	886977	862173	5364	4315644	127431920564240	127431897437280	15948
XCHTIME	0	0	0	0	0	0	0	0	0	0	0	0
XCHTIME	6885	2	4	6386482	485879	860372	878567	1793	4159871	127431920564240	127431897437280	15948
XCHTIME	0	0	0	0	0	0	0	0	0	0	0	0
XCHTIME	6885	4	10	11474833	416869	884901	1697579	5528	8469956	127431920564240	127431897437280	15948
XCHTIME	0	0	0	0	0	0	0	0	0	0	0	0
XCHTIME	6885	4	18	11650130	382830	888946	1696008	5975	8676371	127431920564240	127431897437280	15948
XCHTIME	0	0	0	0	0	0	0	0	0	0	0	0
XCHTIME	6885	4	11	11493582	381274	866002	1663322	4346	8578638	127431920564240	127431897437280	15948
XCHTIME	0	0	0	0	0	0	0	0	0	0	0	0
XCHTIME	6885	4	14	11383982	380203	875006	1718371	5993	8404409	127431920564240	127431897437280	15948
XCHTIME	0	0	0	0	0	0	0	0	0	0	0	0
XCHTIME	6885	4	13	11748718	450735	865953	1664830	5445	8761755	127431920564240	127431897437280	15948
XCHTIME	0	0	0	0	0	0	0	0	0	0	0	0
XCHTIME	6885	4	16	11611458	419812	879694	1658444	6163	8647345	127431920564240	127431897437280	15948
XCHTIME	0	0	0	0	0	0	0	0	0	0	0	0
XCHTIME	6885	4	6	11230210	368491	888902	1753980	2689	8216148	127431920564240	127431897437280	15948
LIFT	emfl100_3_3	6885	2961	8100	2961
COUNTS	emfl100_3_3	6885	15948	55506	55506
COUNTS	pedigree_sim400	351	23546	1183471	1183168
COUNTS	polygon75	5846	49652	1171822	1171822
LIFT	gabriel10	244056	129644	1260406	129644
COUNTS	gabriel10	244056	1148210	1365442310	1267760679
XCHTIME	0	0	0	0	0	0	0	0	0	0	0	0
XCHTIME	1049	2	4	744813	7629	12360	6812	187	717825	127431947772432	127431921059872	4336
XCHTIME	0	0	0	0	0	0	0	0	0	0	0	0
XCHTIME	1049	1	0	6405589	7957	12031	3189	0	6382412	127431947772432	127431921059872	4336
XCHTIME	0	0	0	0	0	0	0	0	0	0	0	0
XCHTIME	1049	2	5	2142012	9364	14055	8063	498	2110032	127431947772432	127431921059872	4336
XCHTIME	0	0	0	0	0	0	0	0	0	0	0	0
XCHTIME	1049	4	18	13318944	8600	13530	25089	1162	13270563	127431947772432	127431921059872	4336
LADGATE	1049	10000	0.290	1
XCHTIME	0	0	0	0	0	0	0	0	0	0	0	0
XCHTIME	1049	5	26	17706718	7668	13333	26361	1614	17657742	127431947772432	127431921059872	4336
XCHTIME	0	0	0	0	0	0	0	0	0	0	0	0
XCHTIME	1049	4	66	4070370	9423	14527	25469	3945	4017006	127431947772432	127431921059872	4336
XCHTIME	0	0	0	0	0	0	0	0	0	0	0	0
XCHTIME	1049	4	15	2925367	8247	13656	18613	805	2884046	127431947772432	127431921059872	4336
XCHTIME	0	0	0	0	0	0	0	0	0	0	0	0
XCHTIME	1049	4	10	1540653	11225	15316	15294	449	1498369	127431947772432	127431921059872	4336
XCHTIME	0	0	0	0	0	0	0	0	0	0	0	0
XCHTIME	1049	4	18	13451915	8195	12022	20627	1134	13409937	127431947772432	127431921059872	4336
XCHTIME	0	0	0	0	0	0	0	0	0	0	0	0
XCHTIME	1049	4	11	1217192	7817	14031	15611	493	1179240	127431947772432	127431921059872	4336
XCHTIME	0	0	0	0	0	0	0	0	0	0	0	0
XCHTIME	1049	4	14	4553133	7735	13107	21481	774	4510036	127431947772432	127431921059872	4336
XCHTIME	0	0	0	0	0	0	0	0	0	0	0	0
XCHTIME	1049	4	13	8834686	9273	15791	20884	691	8788047	127431947772432	127431921059872	4336
XCHTIME	0	0	0	0	0	0	0	0	0	0	0	0
XCHTIME	1049	1	0	14416034	10001	14369	3585	0	14388079	127431947772432	127431921059872	4336
XCHTIME	0	0	0	0	0	0	0	0	0	0	0	0
XCHTIME	1049	4	6	858474	12966	17984	14969	347	812208	127431947772432	127431921059872	4336
LIFT	fo9_ar25_1	1049	507	3606	507
COUNTS	fo9_ar25_1	1049	4336	41668	38237
XCHTIME	0	0	0	0	0	0	0	0	0	0	0	0
XCHTIME	1159	2	4	1259811	8100	14310	7616	223	1229562	127431917646864	127431947441824	3168
XCHTIME	0	0	0	0	0	0	0	0	0	0	0	0
XCHTIME	1159	2	6	7862899	8120	14643	11015	304	7828817	127431917646864	127431947441824	3168
XCHTIME	0	0	0	0	0	0	0	0	0	0	0	0
XCHTIME	1159	2	5	3349411	11540	16581	8740	315	3312235	127431917646864	127431947441824	3168
XCHTIME	0	0	0	0	0	0	0	0	0	0	0	0
XCHTIME	1159	4	18	16121020	9699	15793	33884	1273	16060371	127431917646864	127431947441824	3168
LADGATE	1159	10000	0.335	1
XCHTIME	0	0	0	0	0	0	0	0	0	0	0	0
XCHTIME	1159	5	26	25189592	8925	15886	39280	1588	25123913	127431917646864	127431947441824	3168
XCHTIME	0	0	0	0	0	0	0	0	0	0	0	0
XCHTIME	1159	4	66	6019880	12637	17162	31887	2933	5955261	127431917646864	127431947441824	3168
XCHTIME	0	0	0	0	0	0	0	0	0	0	0	0
XCHTIME	1159	4	15	3971548	9583	17161	26694	1048	3917062	127431917646864	127431947441824	3168
XCHTIME	0	0	0	0	0	0	0	0	0	0	0	0
XCHTIME	1159	4	10	2362528	9506	16628	20202	557	2315635	127431917646864	127431947441824	3168
XCHTIME	0	0	0	0	0	0	0	0	0	0	0	0
XCHTIME	1159	4	18	15937855	8463	15571	31848	1078	15880895	127431917646864	127431947441824	3168
XCHTIME	0	0	0	0	0	0	0	0	0	0	0	0
XCHTIME	1159	4	11	1471650	9520	16500	16175	580	1428875	127431917646864	127431947441824	3168
XCHTIME	0	0	0	0	0	0	0	0	0	0	0	0
XCHTIME	1159	4	14	6330178	8502	14999	18727	737	6287213	127431917646864	127431947441824	3168
XCHTIME	0	0	0	0	0	0	0	0	0	0	0	0
XCHTIME	1159	4	13	10776333	9341	15292	20104	700	10730896	127431917646864	127431947441824	3168
XCHTIME	0	0	0	0	0	0	0	0	0	0	0	0
XCHTIME	1159	1	0	13951866	9823	15840	3953	0	13922250	127431917646864	127431947441824	3168
XCHTIME	0	0	0	0	0	0	0	0	0	0	0	0
XCHTIME	1159	4	6	1071376	14645	21808	16816	432	1017675	127431917646864	127431947441824	3168
LIFT	rsyn0840m	1159	610	2176	610
COUNTS	rsyn0840m	1159	3168	11274	10602
XCHTIME	0	0	0	0	0	0	0	0	0	0	0	0
XCHTIME	548	2	4	984964	11503	4868	2609	273	965711	127431900051424	127431549706784	2800
XCHTIME	0	0	0	0	0	0	0	0	0	0	0	0
XCHTIME	548	2	6	8407943	6056	4159	2642	659	8394427	127431900051424	127431549706784	2800
XCHTIME	0	0	0	0	0	0	0	0	0	0	0	0
XCHTIME	548	2	5	2841462	5571	4510	2570	450	2828361	127431900051424	127431549706784	2800
XCHTIME	0	0	0	0	0	0	0	0	0	0	0	0
XCHTIME	548	4	18	15926671	5566	4049	5661	1749	15909646	127431900051424	127431549706784	2800
LADGATE	548	10000	0.383	1
XCHTIME	0	0	0	0	0	0	0	0	0	0	0	0
XCHTIME	548	5	26	20566405	5971	4526	6766	2309	20546833	127431900051424	127431549706784	2800
XCHTIME	0	0	0	0	0	0	0	0	0	0	0	0
XCHTIME	548	3	57	6953355	6401	4736	6822	5630	6929766	127431900051424	127431549706784	2800
XCHTIME	0	0	0	0	0	0	0	0	0	0	0	0
XCHTIME	548	4	15	3142032	5822	4944	5397	1758	3124111	127431900051424	127431549706784	2800
XCHTIME	0	0	0	0	0	0	0	0	0	0	0	0
XCHTIME	548	4	10	1865933	5672	4405	5371	792	1849693	127431900051424	127431549706784	2800
XCHTIME	0	0	0	0	0	0	0	0	0	0	0	0
XCHTIME	548	4	18	16056919	5538	4292	7857	1880	16037352	127431900051424	127431549706784	2800
XCHTIME	0	0	0	0	0	0	0	0	0	0	0	0
XCHTIME	548	4	11	1163350	6164	5006	4946	651	1146583	127431900051424	127431549706784	2800
XCHTIME	0	0	0	0	0	0	0	0	0	0	0	0
XCHTIME	548	4	14	5534991	5308	4253	6090	1440	5517900	127431900051424	127431549706784	2800
XCHTIME	0	0	0	0	0	0	0	0	0	0	0	0
XCHTIME	548	4	13	9694414	6883	4612	6750	1361	9674808	127431900051424	127431549706784	2800
XCHTIME	0	0	0	0	0	0	0	0	0	0	0	0
XCHTIME	548	2	5	18435086	5660	5209	4771	596	18418850	127431900051424	127431549706784	2800
XCHTIME	0	0	0	0	0	0	0	0	0	0	0	0
XCHTIME	548	4	6	752695	9796	7117	5055	589	730138	127431900051424	127431549706784	2800
LIFT	gancns	548	318	2280	318
COUNTS	gancns	548	2800	69234	58299
XCHTIME	0	0	0	0	0	0	0	0	0	0	0	0
XCHTIME	1049	2	4	748722	7493	11830	6357	192	722850	127431893693360	127431921121328	4336
XCHTIME	0	0	0	0	0	0	0	0	0	0	0	0
XCHTIME	1049	1	0	6455591	7584	11823	3117	0	6433067	127431893693360	127431921121328	4336
XCHTIME	0	0	0	0	0	0	0	0	0	0	0	0
XCHTIME	1049	2	5	2158411	9849	12564	7430	260	2128308	127431893693360	127431921121328	4336
XCHTIME	0	0	0	0	0	0	0	0	0	0	0	0
XCHTIME	1049	4	18	13256924	8217	11806	16940	1047	13218914	127431893693360	127431921121328	4336
LADGATE	1049	10000	0.290	1
XCHTIME	0	0	0	0	0	0	0	0	0	0	0	0
XCHTIME	1049	5	26	17520730	8082	12931	23568	1513	17474636	127431893693360	127431921121328	4336
XCHTIME	0	0	0	0	0	0	0	0	0	0	0	0
XCHTIME	1049	4	66	4133784	9767	13573	22914	3707	4083823	127431893693360	127431921121328	4336
XCHTIME	0	0	0	0	0	0	0	0	0	0	0	0
XCHTIME	1049	4	15	2879111	8399	13830	17287	838	2838757	127431893693360	127431921121328	4336
XCHTIME	0	0	0	0	0	0	0	0	0	0	0	0
XCHTIME	1049	4	10	1520891	8877	12827	15238	449	1483500	127431893693360	127431921121328	4336
XCHTIME	0	0	0	0	0	0	0	0	0	0	0	0
XCHTIME	1049	4	18	13754734	18378	15791	23641	1022	13695902	127431893693360	127431921121328	4336
XCHTIME	0	0	0	0	0	0	0	0	0	0	0	0
XCHTIME	1049	4	11	1193351	8141	12893	13416	503	1158398	127431893693360	127431921121328	4336
XCHTIME	0	0	0	0	0	0	0	0	0	0	0	0
XCHTIME	1049	4	14	4542670	7814	11950	16191	770	4505945	127431893693360	127431921121328	4336
XCHTIME	0	0	0	0	0	0	0	0	0	0	0	0
XCHTIME	1049	4	13	8631944	8521	12198	17211	702	8593312	127431893693360	127431921121328	4336
XCHTIME	0	0	0	0	0	0	0	0	0	0	0	0
XCHTIME	1049	1	0	14541411	9031	12969	3132	0	14516279	127431893693360	127431921121328	4336
XCHTIME	0	0	0	0	0	0	0	0	0	0	0	0
XCHTIME	1049	4	6	830160	13678	17810	12850	392	785430	127431893693360	127431921121328	4336
LIFT	o9_ar4_1	1049	507	3606	507
COUNTS	o9_ar4_1	1049	4336	41668	38237
XCHTIME	0	0	0	0	0	0	0	0	0	0	0	0
XCHTIME	123	2	4	220371	3782	876	426	136	215151	127431886686736	127431947474608	560
XCHTIME	0	0	0	0	0	0	0	0	0	0	0	0
XCHTIME	123	2	6	1895479	1226	744	592	174	1892743	127431886686736	127431947474608	560
XCHTIME	0	0	0	0	0	0	0	0	0	0	0	0
XCHTIME	123	2	5	634536	1577	878	429	124	631528	127431886686736	127431947474608	560
XCHTIME	0	0	0	0	0	0	0	0	0	0	0	0
XCHTIME	123	4	18	3715710	1295	1030	915	720	3711750	127431886686736	127431947474608	560
LADGATE	123	10000	0.259	1
XCHTIME	0	0	0	0	0	0	0	0	0	0	0	0
XCHTIME	123	5	26	4790235	1767	1469	1427	921	4784651	127431886686736	127431947474608	560
XCHTIME	0	0	0	0	0	0	0	0	0	0	0	0
XCHTIME	123	4	66	2868138	1468	1367	1018	2581	2861704	127431886686736	127431947474608	560
XCHTIME	0	0	0	0	0	0	0	0	0	0	0	0
XCHTIME	123	4	15	730932	1761	832	601	374	727364	127431886686736	127431947474608	560
XCHTIME	0	0	0	0	0	0	0	0	0	0	0	0
XCHTIME	123	4	10	419438	1312	751	717	267	416391	127431886686736	127431947474608	560
XCHTIME	0	0	0	0	0	0	0	0	0	0	0	0
XCHTIME	123	4	18	3736721	1220	796	1506	624	3732575	127431886686736	127431947474608	560
XCHTIME	0	0	0	0	0	0	0	0	0	0	0	0
XCHTIME	123	4	11	251230	1433	1144	702	239	247712	127431886686736	127431947474608	560
XCHTIME	0	0	0	0	0	0	0	0	0	0	0	0
XCHTIME	123	4	14	1269280	1156	611	681	340	1266492	127431886686736	127431947474608	560
XCHTIME	0	0	0	0	0	0	0	0	0	0	0	0
XCHTIME	123	4	13	2299569	1470	715	733	317	2296334	127431886686736	127431947474608	560
XCHTIME	0	0	0	0	0	0	0	0	0	0	0	0
XCHTIME	123	4	16	12326524	1563	947	1272	614	12322128	127431886686736	127431947474608	560
XCHTIME	0	0	0	0	0	0	0	0	0	0	0	0
XCHTIME	123	4	6	124673	1419	1214	637	136	121267	127431886686736	127431947474608	560
LIFT	ex1265a	123	79	472	79
COUNTS	ex1265a	123	560	3948	3750
XCHTIME	0	0	0	0	0	0	0	0	0	0	0	0
XCHTIME	28	2	4	58911	341	541	219	151	57659	127431886765616	127431882166896	68
XCHTIME	0	0	0	0	0	0	0	0	0	0	0	0
XCHTIME	28	2	6	231248	269	431	160	188	230200	127431886765616	127431882166896	68
XCHTIME	0	0	0	0	0	0	0	0	0	0	0	0
XCHTIME	28	2	5	118917	259	341	136	155	118026	127431886765616	127431882166896	68
XCHTIME	0	0	0	0	0	0	0	0	0	0	0	0
XCHTIME	28	4	18	377549	292	416	222	502	376117	127431886765616	127431882166896	68
LADGATE	28	10000	0.160	1
XCHTIME	0	0	0	0	0	0	0	0	0	0	0	0
XCHTIME	28	5	26	436385	391	1069	287	769	433869	127431886765616	127431882166896	68
XCHTIME	0	0	0	0	0	0	0	0	0	0	0	0
XCHTIME	28	4	56	394764	373	381	206	1524	392280	127431886765616	127431882166896	68
XCHTIME	0	0	0	0	0	0	0	0	0	0	0	0
XCHTIME	28	4	15	141477	289	470	235	444	140039	127431886765616	127431882166896	68
XCHTIME	0	0	0	0	0	0	0	0	0	0	0	0
XCHTIME	28	4	10	94378	274	449	240	250	93165	127431886765616	127431882166896	68
XCHTIME	0	0	0	0	0	0	0	0	0	0	0	0
XCHTIME	28	4	18	374694	244	420	230	480	373320	127431886765616	127431882166896	68
XCHTIME	0	0	0	0	0	0	0	0	0	0	0	0
XCHTIME	28	4	11	50130	290	412	219	283	48926	127431886765616	127431882166896	68
XCHTIME	0	0	0	0	0	0	0	0	0	0	0	0
XCHTIME	28	4	14	233222	280	370	217	402	231953	127431886765616	127431882166896	68
XCHTIME	0	0	0	0	0	0	0	0	0	0	0	0
XCHTIME	28	4	13	420760	287	450	230	338	419455	127431886765616	127431882166896	68
XCHTIME	0	0	0	0	0	0	0	0	0	0	0	0
XCHTIME	28	4	16	378310	289	434	256	452	376879	127431886765616	127431882166896	68
XCHTIME	0	0	0	0	0	0	0	0	0	0	0	0
XCHTIME	28	4	6	34384	289	451	232	165	33247	127431886765616	127431882166896	68
COUNTS	ex9_2_6	28	68	190	190
XCHTIME	0	0	0	0	0	0	0	0	0	0	0	0
XCHTIME	481	2	4	1011416	111174	5739	2210	332	891961	127431921182784	127431588761728	88522
XCHTIME	0	0	0	0	0	0	0	0	0	0	0	0
XCHTIME	481	2	6	10481085	109907	4758	3532	561	10362327	127431921182784	127431588761728	88522
XCHTIME	0	0	0	0	0	0	0	0	0	0	0	0
XCHTIME	481	2	5	5061179	123368	5243	2391	400	4929777	127431921182784	127431588761728	88522
XCHTIME	0	0	0	0	0	0	0	0	0	0	0	0
XCHTIME	481	3	15	20850270	108587	4649	4885	1181	20730968	127431921182784	127431588761728	88522
LADGATE	481	10000	0.188	1
XCHTIME	0	0	0	0	0	0	0	0	0	0	0	0
XCHTIME	481	4	10	1855351	109177	4132	4274	661	1737107	127431921182784	127431588761728	88522
XCHTIME	0	0	0	0	0	0	0	0	0	0	0	0
XCHTIME	481	4	66	879756	111849	5111	3623	3839	755334	127431921182784	127431588761728	88522
XCHTIME	0	0	0	0	0	0	0	0	0	0	0	0
XCHTIME	481	4	15	3499911	106415	3411	3953	1007	3385125	127431921182784	127431588761728	88522
XCHTIME	0	0	0	0	0	0	0	0	0	0	0	0
XCHTIME	481	4	10	1835930	108004	3446	3998	557	1719925	127431921182784	127431588761728	88522
XCHTIME	0	0	0	0	0	0	0	0	0	0	0	0
XCHTIME	481	3	15	20741768	106650	3164	3366	1072	20627516	127431921182784	127431588761728	88522
XCHTIME	0	0	0	0	0	0	0	0	0	0	0	0
XCHTIME	481	4	11	1287013	108550	3770	3886	674	1170133	127431921182784	127431588761728	88522
XCHTIME	0	0	0	0	0	0	0	0	0	0	0	0
XCHTIME	481	4	14	9739535	106770	3193	4648	1117	9623807	127431921182784	127431588761728	88522
XCHTIME	0	0	0	0	0	0	0	0	0	0	0	0
XCHTIME	481	4	13	20277637	108003	3603	4240	949	20160842	127431921182784	127431588761728	88522
XCHTIME	0	0	0	0	0	0	0	0	0	0	0	0
XCHTIME	481	1	0	19866592	106271	3665	1001	0	19755655	127431921182784	127431588761728	88522
XCHTIME	0	0	0	0	0	0	0	0	0	0	0	0
XCHTIME	481	4	6	1016386	112397	4581	4193	562	894653	127431921182784	127431588761728	88522
LIFT	qspp_0_13_0_1_10_1	481	312	87460	312
COUNTS	qspp_0_13_0_1_10_1	481	88522	10150185	10097446
XCHTIME	0	0	0	0	0	0	0	0	0	0	0	0
XCHTIME	146	2	4	74994	2828	1124	480	181	70381	127431947780848	127431890152496	432
XCHTIME	0	0	0	0	0	0	0	0	0	0	0	0
XCHTIME	146	2	6	376929	1104	790	386	220	374429	127431947780848	127431890152496	432
XCHTIME	0	0	0	0	0	0	0	0	0	0	0	0
XCHTIME	146	2	5	136445	1201	827	433	187	133797	127431947780848	127431890152496	432
XCHTIME	0	0	0	0	0	0	0	0	0	0	0	0
XCHTIME	146	4	18	604376	1288	784	869	656	600779	127431947780848	127431890152496	432
LADGATE	146	10000	0.215	1
XCHTIME	0	0	0	0	0	0	0	0	0	0	0	0
XCHTIME	146	5	26	678293	1331	1250	1036	964	673712	127431947780848	127431890152496	432
XCHTIME	0	0	0	0	0	0	0	0	0	0	0	0
XCHTIME	146	4	66	5600531	1122	832	891	2580	5595106	127431947780848	127431890152496	432
XCHTIME	0	0	0	0	0	0	0	0	0	0	0	0
XCHTIME	146	4	15	169453	1318	925	733	574	165903	127431947780848	127431890152496	432
XCHTIME	0	0	0	0	0	0	0	0	0	0	0	0
XCHTIME	146	4	10	122334	1250	835	717	267	119265	127431947780848	127431890152496	432
XCHTIME	0	0	0	0	0	0	0	0	0	0	0	0
XCHTIME	146	4	18	604210	999	843	828	655	600885	127431947780848	127431890152496	432
XCHTIME	0	0	0	0	0	0	0	0	0	0	0	0
XCHTIME	146	4	11	93384	1299	794	661	375	90255	127431947780848	127431890152496	432
XCHTIME	0	0	0	0	0	0	0	0	0	0	0	0
XCHTIME	146	4	14	183414	1080	828	868	461	180177	127431947780848	127431890152496	432
XCHTIME	0	0	0	0	0	0	0	0	0	0	0	0
XCHTIME	146	4	13	333396	1027	767	724	402	330476	127431947780848	127431890152496	432
XCHTIME	0	0	0	0	0	0	0	0	0	0	0	0
XCHTIME	146	4	16	1656416	1249	778	1449	869	1652071	127431947780848	127431890152496	432
XCHTIME	0	0	0	0	0	0	0	0	0	0	0	0
XCHTIME	146	4	6	73319	1478	1318	738	204	69581	127431947780848	127431890152496	432
LIFT	slay04m	146	62	264	62
COUNTS	slay04m	146	432	1554	1554
COUNTS	st_e25	20	92	336	262
XCHTIME	0	0	0	0	0	0	0	0	0	0	0	0
XCHTIME	32	2	4	28688	476	504	177	115	27416	127431890228960	127431910297536	100
XCHTIME	0	0	0	0	0	0	0	0	0	0	0	0
XCHTIME	32	2	6	150189	337	441	135	156	149120	127431890228960	127431910297536	100
XCHTIME	0	0	0	0	0	0	0	0	0	0	0	0
XCHTIME	32	2	5	50174	304	618	115	136	49001	127431890228960	127431910297536	100
XCHTIME	0	0	0	0	0	0	0	0	0	0	0	0
XCHTIME	32	4	18	380239	263	737	295	552	378392	127431890228960	127431910297536	100
LADGATE	32	10000	0.174	1
XCHTIME	0	0	0	0	0	0	0	0	0	0	0	0
XCHTIME	32	4	10	51558	561	1235	325	293	49144	127431890228960	127431910297536	100
XCHTIME	0	0	0	0	0	0	0	0	0	0	0	0
XCHTIME	32	4	60	710496	369	369	409	1649	707700	127431890228960	127431910297536	100
XCHTIME	0	0	0	0	0	0	0	0	0	0	0	0
XCHTIME	32	4	15	72627	524	671	234	344	70854	127431890228960	127431910297536	100
XCHTIME	0	0	0	0	0	0	0	0	0	0	0	0
XCHTIME	32	4	10	45340	482	403	227	227	44001	127431890228960	127431910297536	100
XCHTIME	0	0	0	0	0	0	0	0	0	0	0	0
XCHTIME	32	4	18	373050	402	349	229	423	371647	127431890228960	127431910297536	100
XCHTIME	0	0	0	0	0	0	0	0	0	0	0	0
XCHTIME	32	4	11	23969	363	514	213	250	22629	127431890228960	127431910297536	100
XCHTIME	0	0	0	0	0	0	0	0	0	0	0	0
XCHTIME	32	4	14	132359	386	332	218	326	131097	127431890228960	127431910297536	100
XCHTIME	0	0	0	0	0	0	0	0	0	0	0	0
XCHTIME	32	4	13	184386	325	426	213	304	183118	127431890228960	127431910297536	100
XCHTIME	0	0	0	0	0	0	0	0	0	0	0	0
XCHTIME	32	4	16	1792683	337	449	390	395	1791112	127431890228960	127431910297536	100
XCHTIME	0	0	0	0	0	0	0	0	0	0	0	0
XCHTIME	32	4	6	15658	599	876	236	170	13777	127431890228960	127431910297536	100
LIFT	ex8_4_1	32	12	40	12
COUNTS	ex8_4_1	32	100	225	225
XCHTIME	0	0	0	0	0	0	0	0	0	0	0	0
XCHTIME	19	2	4	37911	311	366	142	179	36913	127431892138064	127431893780048	60
XCHTIME	0	0	0	0	0	0	0	0	0	0	0	0
XCHTIME	19	2	6	326689	232	327	133	220	325777	127431892138064	127431893780048	60
XCHTIME	0	0	0	0	0	0	0	0	0	0	0	0
XCHTIME	19	2	5	123184	244	294	126	2728	119792	127431892138064	127431893780048	60
XCHTIME	0	0	0	0	0	0	0	0	0	0	0	0
XCHTIME	19	4	18	627045	272	304	215	580	625674	127431892138064	127431893780048	60
LADGATE	19	10000	0.156	1
XCHTIME	0	0	0	0	0	0	0	0	0	0	0	0
XCHTIME	19	5	26	813909	496	406	324	952	811731	127431892138064	127431893780048	60
XCHTIME	0	0	0	0	0	0	0	0	0	0	0	0
XCHTIME	19	4	47	85550	345	355	175	1441	83234	127431892138064	127431893780048	60
XCHTIME	0	0	0	0	0	0	0	0	0	0	0	0
XCHTIME	19	4	15	108104	312	315	190	407	106880	127431892138064	127431893780048	60
XCHTIME	0	0	0	0	0	0	0	0	0	0	0	0
XCHTIME	19	4	10	86821	296	307	171	271	85776	127431892138064	127431893780048	60
XCHTIME	0	0	0	0	0	0	0	0	0	0	0	0
XCHTIME	19	4	18	633203	297	264	185	526	631931	127431892138064	127431893780048	60
XCHTIME	0	0	0	0	0	0	0	0	0	0	0	0
XCHTIME	19	4	11	50899	306	353	169	315	49756	127431892138064	127431893780048	60
XCHTIME	0	0	0	0	0	0	0	0	0	0	0	0
XCHTIME	19	4	14	196223	290	314	198	435	194986	127431892138064	127431893780048	60
XCHTIME	0	0	0	0	0	0	0	0	0	0	0	0
XCHTIME	19	4	13	338200	300	330	207	411	336952	127431892138064	127431893780048	60
XCHTIME	0	0	0	0	0	0	0	0	0	0	0	0
XCHTIME	19	4	16	2323419	278	330	214	572	2322025	127431892138064	127431893780048	60
XCHTIME	0	0	0	0	0	0	0	0	0	0	0	0
XCHTIME	19	4	6	28877	400	431	186	159	27701	127431892138064	127431893780048	60
COUNTS	st_e07	19	60	199	199
XCHTIME	0	0	0	0	0	0	0	0	0	0	0	0
XCHTIME	26	2	4	25835	407	484	202	91	24651	127431893782000	127431890158656	66
XCHTIME	0	0	0	0	0	0	0	0	0	0	0	0
XCHTIME	26	2	6	149296	273	320	126	116	148461	127431893782000	127431890158656	66
XCHTIME	0	0	0	0	0	0	0	0	0	0	0	0
XCHTIME	26	2	5	76451	395	349	142	100	75465	127431893782000	127431890158656	66
XCHTIME	0	0	0	0	0	0	0	0	0	0	0	0
XCHTIME	26	4	18	352560	372	264	249	442	351233	127431893782000	127431890158656	66
LADGATE	26	10000	0.157	1
XCHTIME	0	0	0	0	0	0	0	0	0	0	0	0
XCHTIME	26	5	26	366734	493	608	312	594	364727	127431893782000	127431890158656	66
XCHTIME	0	0	0	0	0	0	0	0	0	0	0	0
XCHTIME	26	4	54	12514	425	369	186	1375	10159	127431893782000	127431890158656	66
XCHTIME	0	0	0	0	0	0	0	0	0	0	0	0
XCHTIME	26	4	15	82358	384	291	195	301	81187	127431893782000	127431890158656	66
XCHTIME	0	0	0	0	0	0	0	0	0	0	0	0
XCHTIME	26	4	10	53975	287	292	180	207	53009	127431893782000	127431890158656	66
XCHTIME	0	0	0	0	0	0	0	0	0	0	0	0
XCHTIME	26	4	18	354023	390	451	205	370	352607	127431893782000	127431890158656	66
XCHTIME	0	0	0	0	0	0	0	0	0	0	0	0
XCHTIME	26	4	11	34319	371	270	187	222	33269	127431893782000	127431890158656	66
XCHTIME	0	0	0	0	0	0	0	0	0	0	0	0
XCHTIME	26	4	14	74379	271	241	202	276	73389	127431893782000	127431890158656	66
XCHTIME	0	0	0	0	0	0	0	0	0	0	0	0
XCHTIME	26	4	13	184472	369	254	207	259	183383	127431893782000	127431890158656	66
XCHTIME	0	0	0	0	0	0	0	0	0	0	0	0
XCHTIME	26	4	16	944736	324	287	249	377	943499	127431893782000	127431890158656	66
XCHTIME	0	0	0	0	0	0	0	0	0	0	0	0
XCHTIME	26	4	6	22518	458	379	218	119	21344	127431893782000	127431890158656	66
COUNTS	ex1225	26	66	171	161
XCHTIME	0	0	0	0	0	0	0	0	0	0	0	0
XCHTIME	969	2	4	866650	10324	11771	6594	430	837531	127431947736176	127431922688064	5882
XCHTIME	0	0	0	0	0	0	0	0	0	0	0	0
XCHTIME	969	2	6	8639942	8991	10567	8260	718	8611406	127431947736176	127431922688064	5882
XCHTIME	0	0	0	0	0	0	0	0	0	0	0	0
XCHTIME	969	2	5	3030942	11897	12169	7519	661	2998696	127431947736176	127431922688064	5882
XCHTIME	0	0	0	0	0	0	0	0	0	0	0	0
XCHTIME	969	4	18	17716026	9206	11234	21296	2057	17672233	127431947736176	127431922688064	5882
LADGATE	969	10000	0.478	1
XCHTIME	0	0	0	0	0	0	0	0	0	0	0	0
XCHTIME	969	5	26	22287072	9484	11012	25244	2933	22238399	127431947736176	127431922688064	5882
XCHTIME	0	0	0	0	0	0	0	0	0	0	0	0
XCHTIME	969	4	66	7438794	10666	13338	24853	5186	7384751	127431947736176	127431922688064	5882
XCHTIME	0	0	0	0	0	0	0	0	0	0	0	0
XCHTIME	969	4	15	2984021	10823	12940	15866	1454	2942938	127431947736176	127431922688064	5882
XCHTIME	0	0	0	0	0	0	0	0	0	0	0	0
XCHTIME	969	4	10	1636919	9989	11717	15099	922	1599192	127431947736176	127431922688064	5882
XCHTIME	0	0	0	0	0	0	0	0	0	0	0	0
XCHTIME	969	4	18	17894490	9222	11158	22059	2341	17849710	127431947736176	127431922688064	5882
XCHTIME	0	0	0	0	0	0	0	0	0	0	0	0
XCHTIME	969	4	11	1015838	10700	13625	13943	910	976660	127431947736176	127431922688064	5882
XCHTIME	0	0	0	0	0	0	0	0	0	0	0	0
XCHTIME	969	4	14	6195577	9462	11876	17320	1386	6155533	127431947736176	127431922688064	5882
XCHTIME	0	0	0	0	0	0	0	0	0	0	0	0
XCHTIME	969	4	13	10569535	11311	12883	17648	1286	10526407	127431947736176	127431922688064	5882
XCHTIME	0	0	0	0	0	0	0	0	0	0	0	0
XCHTIME	969	2	5	18459613	9415	11801	12582	711	18425104	127431947736176	127431922688064	5882
XCHTIME	0	0	0	0	0	0	0	0	0	0	0	0
XCHTIME	969	4	6	758621	11549	14612	14368	546	717546	127431947736176	127431922688064	5882
LIFT	ndcc13	969	735	6656	735
COUNTS	ndcc13	969	5882	525212	324727
XCHTIME	0	0	0	0	0	0	0	0	0	0	0	0
XCHTIME	1224	2	4	1245803	7886	15948	8686	275	1213008	127431882355120	127431947541152	3384
XCHTIME	0	0	0	0	0	0	0	0	0	0	0	0
XCHTIME	1224	2	6	7827218	8327	16224	13093	362	7789212	127431882355120	127431947541152	3384
XCHTIME	0	0	0	0	0	0	0	0	0	0	0	0
XCHTIME	1224	2	5	2954751	11829	18033	10616	297	2913976	127431882355120	127431947541152	3384
XCHTIME	0	0	0	0	0	0	0	0	0	0	0	0
XCHTIME	1224	4	18	15467310	9821	16949	32875	1129	15406536	127431882355120	127431947541152	3384
LADGATE	1224	10000	0.284	1
XCHTIME	0	0	0	0	0	0	0	0	0	0	0	0
XCHTIME	1224	5	26	22748096	8342	17123	41883	1564	22679184	127431882355120	127431947541152	3384
XCHTIME	0	0	0	0	0	0	0	0	0	0	0	0
XCHTIME	1224	4	66	6156375	11514	18531	34731	3478	6088121	127431882355120	127431947541152	3384
XCHTIME	0	0	0	0	0	0	0	0	0	0	0	0
XCHTIME	1224	4	15	3551924	8792	17663	18443	960	3506066	127431882355120	127431947541152	3384
XCHTIME	0	0	0	0	0	0	0	0	0	0	0	0
XCHTIME	1224	4	10	2342197	8026	16241	16450	517	2300963	127431882355120	127431947541152	3384
XCHTIME	0	0	0	0	0	0	0	0	0	0	0	0
XCHTIME	1224	4	18	15537400	8453	16796	30360	1113	15480678	127431882355120	127431947541152	3384
XCHTIME	0	0	0	0	0	0	0	0	0	0	0	0
XCHTIME	1224	4	11	1666300	12710	19754	30488	700	1602648	127431882355120	127431947541152	3384
XCHTIME	0	0	0	0	0	0	0	0	0	0	0	0
XCHTIME	1224	4	14	5679809	8539	16398	18109	825	5635938	127431882355120	127431947541152	3384
XCHTIME	0	0	0	0	0	0	0	0	0	0	0	0
XCHTIME	1224	4	13	9782639	8322	16140	22432	822	9734923	127431882355120	127431947541152	3384
XCHTIME	0	0	0	0	0	0	0	0	0	0	0	0
XCHTIME	1224	2	5	15211054	9790	17247	19583	373	15164061	127431882355120	127431947541152	3384
XCHTIME	0	0	0	0	0	0	0	0	0	0	0	0
XCHTIME	1224	4	6	1188075	13314	23059	18025	478	1133199	127431882355120	127431947541152	3384
LIFT	syn10m04m	1224	620	2256	620
COUNTS	syn10m04m	1224	3384	13501	13463
XCHTIME	0	0	0	0	0	0	0	0	0	0	0	0
XCHTIME	18	2	4	33689	342	421	157	187	32582	127431886698880	127431882364928	62
XCHTIME	0	0	0	0	0	0	0	0	0	0	0	0
XCHTIME	18	2	6	320256	241	380	130	176	319329	127431886698880	127431882364928	62
XCHTIME	0	0	0	0	0	0	0	0	0	0	0	0
XCHTIME	18	2	5	102747	335	516	126	162	101608	127431886698880	127431882364928	62
XCHTIME	0	0	0	0	0	0	0	0	0	0	0	0
XCHTIME	18	4	18	504381	304	334	181	543	503019	127431886698880	127431882364928	62
LADGATE	18	10000	0.147	1
XCHTIME	0	0	0	0	0	0	0	0	0	0	0	0
XCHTIME	18	5	26	602532	312	467	236	798	600719	127431886698880	127431882364928	62
XCHTIME	0	0	0	0	0	0	0	0	0	0	0	0
XCHTIME	18	4	45	42176	320	415	152	1396	39893	127431886698880	127431882364928	62
XCHTIME	0	0	0	0	0	0	0	0	0	0	0	0
XCHTIME	18	4	15	99729	304	512	191	458	98264	127431886698880	127431882364928	62
XCHTIME	0	0	0	0	0	0	0	0	0	0	0	0
XCHTIME	18	4	10	72933	280	352	183	266	71852	127431886698880	127431882364928	62
XCHTIME	0	0	0	0	0	0	0	0	0	0	0	0
XCHTIME	18	4	18	491069	266	428	181	479	489715	127431886698880	127431882364928	62
XCHTIME	0	0	0	0	0	0	0	0	0	0	0	0
XCHTIME	18	4	11	43234	347	325	187	331	42044	127431886698880	127431882364928	62
XCHTIME	0	0	0	0	0	0	0	0	0	0	0	0
XCHTIME	18	4	14	176813	272	370	164	387	175620	127431886698880	127431882364928	62
XCHTIME	0	0	0	0	0	0	0	0	0	0	0	0
XCHTIME	18	4	13	237718	267	362	159	352	236578	127431886698880	127431882364928	62
XCHTIME	0	0	0	0	0	0	0	0	0	0	0	0
XCHTIME	18	4	16	935265	265	328	183	517	933972	127431886698880	127431882364928	62
XCHTIME	0	0	0	0	0	0	0	0	0	0	0	0
XCHTIME	18	4	6	26224	329	365	185	192	25153	127431886698880	127431882364928	62
COUNTS	ex5_2_4	18	62	204	193
XCHTIME	0	0	0	0	0	0	0	0	0	0	0	0
XCHTIME	72	2	4	105956	2515	772	247	265	102157	127431882058736	127431918470992	1226
XCHTIME	0	0	0	0	0	0	0	0	0	0	0	0
XCHTIME	72	2	6	1416868	2021	494	433	505	1413415	127431882058736	127431918470992	1226
XCHTIME	0	0	0	0	0	0	0	0	0	0	0	0
XCHTIME	72	2	5	358118	1853	766	245	390	354864	127431882058736	127431918470992	1226
XCHTIME	0	0	0	0	0	0	0	0	0	0	0	0
XCHTIME	72	4	18	2527505	1983	564	610	1386	2522962	127431882058736	127431918470992	1226
LADGATE	72	10000	0.205	1
XCHTIME	0	0	0	0	0	0	0	0	0	0	0	0
XCHTIME	72	4	10	179955	1919	1335	404	619	175678	127431882058736	127431918470992	1226
XCHTIME	0	0	0	0	0	0	0	0	0	0	0	0
XCHTIME	72	4	66	29218	1735	671	433	4926	21453	127431882058736	127431918470992	1226
XCHTIME	0	0	0	0	0	0	0	0	0	0	0	0
XCHTIME	72	4	15	385808	1927	672	433	947	381829	127431882058736	127431918470992	1226
XCHTIME	0	0	0	0	0	0	0	0	0	0	0	0
XCHTIME	72	4	10	159261	1898	661	367	570	155765	127431882058736	127431918470992	1226
XCHTIME	0	0	0	0	0	0	0	0	0	0	0	0
XCHTIME	72	4	18	2544511	1874	707	493	1503	2539934	127431882058736	127431918470992	1226
XCHTIME	0	0	0	0	0	0	0	0	0	0	0	0
XCHTIME	72	4	11	90687	1942	651	420	571	87103	127431882058736	127431918470992	1226
XCHTIME	0	0	0	0	0	0	0	0	0	0	0	0
XCHTIME	72	4	14	749234	1806	507	444	1086	745391	127431882058736	127431918470992	1226
XCHTIME	0	0	0	0	0	0	0	0	0	0	0	0
XCHTIME	72	4	13	1415035	1792	518	505	1007	1411213	127431882058736	127431918470992	1226
XCHTIME	0	0	0	0	0	0	0	0	0	0	0	0
XCHTIME	72	4	16	10873257	1822	494	1089	1345	10868507	127431882058736	127431918470992	1226
XCHTIME	0	0	0	0	0	0	0	0	0	0	0	0
XCHTIME	72	4	6	54653	2093	1246	443	179	50692	127431882058736	127431918470992	1226
LIFT	st_m2	72	21	420	21
COUNTS	st_m2	72	1226	16331	16331
XCHTIME	0	0	0	0	0	0	0	0	0	0	0	0
XCHTIME	16	2	4	27754	317	512	179	148	26598	127431887341520	127431882035520	44
XCHTIME	0	0	0	0	0	0	0	0	0	0	0	0
XCHTIME	16	2	6	94043	258	352	89	184	93160	127431887341520	127431882035520	44
XCHTIME	0	0	0	0	0	0	0	0	0	0	0	0
XCHTIME	16	2	5	94480	337	310	69	156	93608	127431887341520	127431882035520	44
XCHTIME	0	0	0	0	0	0	0	0	0	0	0	0
XCHTIME	16	4	18	488786	283	288	167	556	487492	127431887341520	127431882035520	44
LADGATE	16	10000	0.134	1
XCHTIME	0	0	0	0	0	0	0	0	0	0	0	0
XCHTIME	16	5	26	503891	293	651	234	766	501947	127431887341520	127431882035520	44
XCHTIME	0	0	0	0	0	0	0	0	0	0	0	0
XCHTIME	16	4	41	11988	289	392	128	1105	10074	127431887341520	127431882035520	44
XCHTIME	0	0	0	0	0	0	0	0	0	0	0	0
XCHTIME	16	4	15	72695	197	375	134	348	71641	127431887341520	127431882035520	44
XCHTIME	0	0	0	0	0	0	0	0	0	0	0	0
XCHTIME	16	4	10	49655	281	295	139	242	48698	127431887341520	127431882035520	44
XCHTIME	0	0	0	0	0	0	0	0	0	0	0	0
XCHTIME	16	4	18	474693	213	352	135	482	473511	127431887341520	127431882035520	44
XCHTIME	0	0	0	0	0	0	0	0	0	0	0	0
XCHTIME	16	4	11	40719	373	372	133	290	39551	127431887341520	127431882035520	44
XCHTIME	0	0	0	0	0	0	0	0	0	0	0	0
XCHTIME	16	4	14	123072	209	378	161	354	121970	127431887341520	127431882035520	44
XCHTIME	0	0	0	0	0	0	0	0	0	0	0	0
XCHTIME	16	4	13	199502	255	350	151	308	198438	127431887341520	127431882035520	44
XCHTIME	0	0	0	0	0	0	0	0	0	0	0	0
XCHTIME	16	4	16	2622868	265	339	228	481	2621555	127431887341520	127431882035520	44
XCHTIME	0	0	0	0	0	0	0	0	0	0	0	0
XCHTIME	16	4	6	18515	417	659	227	121	17091	127431887341520	127431882035520	44
COUNTS	st_bpk1	16	44	115	108
XCHTIME	0	0	0	0	0	0	0	0	0	0	0	0
XCHTIME	736	2	4	1169792	14189	7304	3753	300	1144246	127431947743952	127431900097696	3594
XCHTIME	0	0	0	0	0	0	0	0	0	0	0	0
XCHTIME	736	2	6	8525656	6136	6551	4796	356	8507817	127431947743952	127431900097696	3594
XCHTIME	0	0	0	0	0	0	0	0	0	0	0	0
XCHTIME	736	2	5	3547699	7055	7066	4155	314	3529109	127431947743952	127431900097696	3594
XCHTIME	0	0	0	0	0	0	0	0	0	0	0	0
XCHTIME	736	4	18	18093937	6272	6875	12255	1333	18067202	127431947743952	127431900097696	3594
LADGATE	736	10000	0.553	1
XCHTIME	0	0	0	0	0	0	0	0	0	0	0	0
XCHTIME	736	5	26	27715700	6139	7318	14469	1684	27686090	127431947743952	127431900097696	3594
XCHTIME	0	0	0	0	0	0	0	0	0	0	0	0
XCHTIME	736	3	57	7212185	7301	7660	9687	3101	7184436	127431947743952	127431900097696	3594
XCHTIME	0	0	0	0	0	0	0	0	0	0	0	0
XCHTIME	736	4	15	3727159	7315	7937	9315	846	3701746	127431947743952	127431900097696	3594
XCHTIME	0	0	0	0	0	0	0	0	0	0	0	0
XCHTIME	736	4	10	2174203	7067	7427	9165	588	2149956	127431947743952	127431900097696	3594
XCHTIME	0	0	0	0	0	0	0	0	0	0	0	0
XCHTIME	736	4	18	18034220	6483	6624	12514	1087	18007512	127431947743952	127431900097696	3594
XCHTIME	0	0	0	0	0	0	0	0	0	0	0	0
XCHTIME	736	4	11	1291998	7012	7494	8760	473	1268259	127431947743952	127431900097696	3594
XCHTIME	0	0	0	0	0	0	0	0	0	0	0	0
XCHTIME	736	4	14	6935824	6073	6605	10619	694	6911833	127431947743952	127431900097696	3594
XCHTIME	0	0	0	0	0	0	0	0	0	0	0	0
XCHTIME	736	4	13	11842445	6375	6954	13690	829	11814597	127431947743952	127431900097696	3594
XCHTIME	0	0	0	0	0	0	0	0	0	0	0	0
XCHTIME	736	2	5	16907773	8019	7529	7584	495	16884146	127431947743952	127431900097696	3594
XCHTIME	0	0	0	0	0	0	0	0	0	0	0	0
XCHTIME	736	4	6	898325	8030	8749	8560	268	872718	127431947743952	127431900097696	3594
LIFT	multiplants_stg1	736	321	3112	321
COUNTS	multiplants_stg1	736	3594	197998	155496
XCHTIME	0	0	0	0	0	0	0	0	0	0	0	0
XCHTIME	11251	1	0	5482622	1249658	2466345	1188119	0	578500	127431588032944	127431588122976	41918
XCHTIME	0	0	0	0	0	0	0	0	0	0	0	0
XCHTIME	11251	1	0	5978546	1228308	2412023	1167808	0	1170407	127431588032944	127431588122976	41918
XCHTIME	0	0	0	0	0	0	0	0	0	0	0	0
XCHTIME	11251	1	0	5731856	1253452	2412380	1170323	0	895701	127431588032944	127431588122976	41918
XCHTIME	0	0	0	0	0	0	0	0	0	0	0	0
XCHTIME	11251	1	0	13673831	1222176	2425491	1218340	0	8807824	127431588032944	127431588122976	41918
LADGATE	11251	10000	0.702	0
XCHTIME	0	0	0	0	0	0	0	0	0	0	0	0
XCHTIME	11251	5	26	198726919	1240279	2423566	5851752	11405	189199917	127431588032944	127431588122976	41918
XCHTIME	0	0	0	0	0	0	0	0	0	0	0	0
XCHTIME	11251	1	0	8206394	1260408	2420573	1188111	0	3337302	127431588032944	127431588122976	41918
XCHTIME	0	0	0	0	0	0	0	0	0	0	0	0
XCHTIME	11251	1	0	8581142	1212389	2416990	1185645	0	3766118	127431588032944	127431588122976	41918
XCHTIME	0	0	0	0	0	0	0	0	0	0	0	0
XCHTIME	11251	1	0	13523350	1224858	2426460	1167392	0	8704640	127431588032944	127431588122976	41918
XCHTIME	0	0	0	0	0	0	0	0	0	0	0	0
XCHTIME	11251	1	0	13627037	1238161	2424493	1174353	0	8790030	127431588032944	127431588122976	41918
XCHTIME	0	0	0	0	0	0	0	0	0	0	0	0
XCHTIME	11251	1	0	13057784	1163327	2394944	1172935	0	8326578	127431588032944	127431588122976	41918
XCHTIME	0	0	0	0	0	0	0	0	0	0	0	0
XCHTIME	11251	1	0	14112476	1265507	2458415	1160471	0	9228083	127431588032944	127431588122976	41918
XCHTIME	0	0	0	0	0	0	0	0	0	0	0	0
XCHTIME	11251	1	0	14008111	1239014	2398786	1179891	0	9190420	127431588032944	127431588122976	41918
XCHTIME	0	0	0	0	0	0	0	0	0	0	0	0
XCHTIME	11251	1	0	11942426	1240180	2397087	1169410	0	7135749	127431588032944	127431588122976	41918
XCHTIME	0	0	0	0	0	0	0	0	0	0	0	0
XCHTIME	11251	1	0	12399092	1232992	2415476	1178586	0	7572038	127431588032944	127431588122976	41918
LIFT	powerflow0300p	11251	6342	34748	6342
COUNTS	powerflow0300p	11251	41918	304705	290023
LADGATE	33155	10000	0.484	0
LIFT	nd_netgen-3000-1-1-b-b-ns_7	33155	15155	54000	15155
COUNTS	nd_netgen-3000-1-1-b-b-ns_7	33155	90000	922197	885186
XCHTIME	0	0	0	0	0	0	0	0	0	0	0	0
XCHTIME	803	2	4	1259627	10245	8167	4263	232	1236720	127431947575040	127431924541904	6462
XCHTIME	0	0	0	0	0	0	0	0	0	0	0	0
XCHTIME	803	2	6	8950142	9696	7342	4869	480	8927755	127431947575040	127431924541904	6462
XCHTIME	0	0	0	0	0	0	0	0	0	0	0	0
XCHTIME	803	2	5	4343841	10091	8071	5138	368	4320173	127431947575040	127431924541904	6462
XCHTIME	0	0	0	0	0	0	0	0	0	0	0	0
XCHTIME	803	3	15	18356687	9994	8406	8517	1033	18328737	127431947575040	127431924541904	6462
LADGATE	803	10000	0.464	1
XCHTIME	0	0	0	0	0	0	0	0	0	0	0	0
XCHTIME	803	5	26	35467103	9905	7790	14312	1759	35433337	127431947575040	127431924541904	6462
XCHTIME	0	0	0	0	0	0	0	0	0	0	0	0
XCHTIME	803	4	66	8224107	11180	8771	17192	3871	8183093	127431947575040	127431924541904	6462
XCHTIME	0	0	0	0	0	0	0	0	0	0	0	0
XCHTIME	803	4	15	4670387	10055	7968	9094	883	4642387	127431947575040	127431924541904	6462
XCHTIME	0	0	0	0	0	0	0	0	0	0	0	0
XCHTIME	803	4	10	2438631	9924	7402	8242	566	2412497	127431947575040	127431924541904	6462
XCHTIME	0	0	0	0	0	0	0	0	0	0	0	0
XCHTIME	803	3	15	18236878	9645	7105	8619	926	18210583	127431947575040	127431924541904	6462
XCHTIME	0	0	0	0	0	0	0	0	0	0	0	0
XCHTIME	803	4	11	1320935	10327	8381	8824	569	1292834	127431947575040	127431924541904	6462
XCHTIME	0	0	0	0	0	0	0	0	0	0	0	0
XCHTIME	803	4	14	8595991	9532	7311	11968	870	8566310	127431947575040	127431924541904	6462
XCHTIME	0	0	0	0	0	0	0	0	0	0	0	0
XCHTIME	803	4	13	15431690	10076	8350	11635	811	15400818	127431947575040	127431924541904	6462
XCHTIME	0	0	0	0	0	0	0	0	0	0	0	0
XCHTIME	803	1	0	16666499	9791	7943	2034	0	16646731	127431947575040	127431924541904	6462
XCHTIME	0	0	0	0	0	0	0	0	0	0	0	0
XCHTIME	803	4	6	918992	17641	11317	8780	454	880800	127431947575040	127431924541904	6462
LIFT	sonet23v4	803	547	5952	547
COUNTS	sonet23v4	803	6462	139703	94348
XCHTIME	0	0	0	0	0	0	0	0	0	0	0	0
XCHTIME	1649	2	4	3181212	36989	27778	20382	424	3095639	127431924669632	127431921711136	24192
XCHTIME	0	0	0	0	0	0	0	0	0	0	0	0
XCHTIME	1649	1	0	8121562	31745	27337	7073	0	8055407	127431924669632	127431921711136	24192
XCHTIME	0	0	0	0	0	0	0	0	0	0	0	0
XCHTIME	1649	2	5	6031928	42766	35866	24817	565	5927914	127431924669632	127431921711136	24192
XCHTIME	0	0	0	0	0	0	0	0	0	0	0	0
XCHTIME	1649	1	0	16614171	36839	31113	8166	0	16538053	127431924669632	127431921711136	24192
LADGATE	1649	10000	0.421	1
XCHTIME	0	0	0	0	0	0	0	0	0	0	0	0
XCHTIME	1649	5	26	88029423	34239	29365	95158	3351	87867310	127431924669632	127431921711136	24192
XCHTIME	0	0	0	0	0	0	0	0	0	0	0	0
XCHTIME	1649	3	57	7865316	44907	34657	54956	3698	7727098	127431924669632	127431921711136	24192
XCHTIME	0	0	0	0	0	0	0	0	0	0	0	0
XCHTIME	1649	4	15	6042876	34957	30475	53016	1351	5923077	127431924669632	127431921711136	24192
XCHTIME	0	0	0	0	0	0	0	0	0	0	0	0
XCHTIME	1649	4	10	4107991	37317	31821	55094	1062	3982697	127431924669632	127431921711136	24192
XCHTIME	0	0	0	0	0	0	0	0	0	0	0	0
XCHTIME	1649	3	15	16214613	44541	31344	52630	1595	16084503	127431924669632	127431921711136	24192
XCHTIME	0	0	0	0	0	0	0	0	0	0	0	0
XCHTIME	1649	4	11	2955527	41202	34130	39213	974	2840008	127431924669632	127431921711136	24192
XCHTIME	0	0	0	0	0	0	0	0	0	0	0	0
XCHTIME	1649	4	14	9709271	35777	29980	57022	1382	9585110	127431924669632	127431921711136	24192
XCHTIME	0	0	0	0	0	0	0	0	0	0	0	0
XCHTIME	1649	4	13	15852473	37521	32273	65968	1350	15715361	127431924669632	127431921711136	24192
XCHTIME	0	0	0	0	0	0	0	0	0	0	0	0
XCHTIME	1649	1	0	17211699	37250	33190	8656	0	17132603	127431924669632	127431921711136	24192
XCHTIME	0	0	0	0	0	0	0	0	0	0	0	0
XCHTIME	1649	4	6	2487643	44802	39818	37727	602	2364694	127431924669632	127431921711136	24192
LIFT	pooling_sppa0pq	1649	1648	24190	1648
COUNTS	pooling_sppa0pq	1649	24192	3745896	1187945
XCHTIME	0	0	0	0	0	0	0	0	0	0	0	0
XCHTIME	645	2	4	1032358	8270	7041	3513	211	1013323	127431897926960	127431920619344	4404
XCHTIME	0	0	0	0	0	0	0	0	0	0	0	0
XCHTIME	645	2	6	9632269	7038	5691	3529	521	9615490	127431897926960	127431920619344	4404
XCHTIME	0	0	0	0	0	0	0	0	0	0	0	0
XCHTIME	645	2	5	3402875	7530	5880	3198	406	3385861	127431897926960	127431920619344	4404
XCHTIME	0	0	0	0	0	0	0	0	0	0	0	0
XCHTIME	645	4	18	19409474	6880	5489	7450	1414	19388241	127431897926960	127431920619344	4404
LADGATE	645	10000	0.546	1
XCHTIME	0	0	0	0	0	0	0	0	0	0	0	0
XCHTIME	645	5	26	27503356	6916	6401	8532	2078	27479429	127431897926960	127431920619344	4404
XCHTIME	0	0	0	0	0	0	0	0	0	0	0	0
XCHTIME	645	3	57	7897236	7047	6081	9530	3700	7870878	127431897926960	127431920619344	4404
XCHTIME	0	0	0	0	0	0	0	0	0	0	0	0
XCHTIME	645	4	15	3646934	6958	6278	11431	1045	3621222	127431897926960	127431920619344	4404
XCHTIME	0	0	0	0	0	0	0	0	0	0	0	0
XCHTIME	645	4	10	2011716	7385	6317	7794	556	1989664	127431897926960	127431920619344	4404
XCHTIME	0	0	0	0	0	0	0	0	0	0	0	0
XCHTIME	645	4	18	19642372	7351	5963	10602	1576	19616880	127431897926960	127431920619344	4404
XCHTIME	0	0	0	0	0	0	0	0	0	0	0	0
XCHTIME	645	4	11	1193767	9327	7310	6845	544	1169741	127431897926960	127431920619344	4404
XCHTIME	0	0	0	0	0	0	0	0	0	0	0	0
XCHTIME	645	4	14	6588373	6922	5771	7025	801	6567854	127431897926960	127431920619344	4404
XCHTIME	0	0	0	0	0	0	0	0	0	0	0	0
XCHTIME	645	4	13	11691074	7835	6351	7856	723	11668309	127431897926960	127431920619344	4404
XCHTIME	0	0	0	0	0	0	0	0	0	0	0	0
XCHTIME	645	2	5	18839208	7566	6381	9577	494	18815190	127431897926960	127431920619344	4404
XCHTIME	0	0	0	0	0	0	0	0	0	0	0	0
XCHTIME	645	4	6	781738	7525	6347	6896	187	760783	127431897926960	127431920619344	4404
LIFT	multiplants_mtg1b	645	406	4016	406
COUNTS	multiplants_mtg1b	645	4404	229415	152043
XCHTIME	0	0	0	0	0	0	0	0	0	0	0	0
XCHTIME	338	2	4	295250	5445	2494	1521	199	285591	127431910719200	127431948083728	1168
XCHTIME	0	0	0	0	0	0	0	0	0	0	0	0
XCHTIME	338	2	6	2472901	2264	1969	1460	282	2466926	127431910719200	127431948083728	1168
XCHTIME	0	0	0	0	0	0	0	0	0	0	0	0
XCHTIME	338	2	5	740217	2278	2686	1704	192	733357	127431910719200	127431948083728	1168
XCHTIME	0	0	0	0	0	0	0	0	0	0	0	0
XCHTIME	338	4	18	4503148	2251	1985	3064	762	4495086	127431910719200	127431948083728	1168
LADGATE	338	10000	0.236	1
XCHTIME	0	0	0	0	0	0	0	0	0	0	0	0
XCHTIME	338	5	26	5495641	2231	2338	3740	1049	5486283	127431910719200	127431948083728	1168
XCHTIME	0	0	0	0	0	0	0	0	0	0	0	0
XCHTIME	338	4	66	3302877	2175	2251	3009	2181	3293261	127431910719200	127431948083728	1168
XCHTIME	0	0	0	0	0	0	0	0	0	0	0	0
XCHTIME	338	4	15	869963	3087	2482	3202	630	860562	127431910719200	127431948083728	1168
XCHTIME	0	0	0	0	0	0	0	0	0	0	0	0
XCHTIME	338	4	10	533712	2385	2057	3053	378	525839	127431910719200	127431948083728	1168
XCHTIME	0	0	0	0	0	0	0	0	0	0	0	0
XCHTIME	338	4	18	4463754	2305	1932	3308	774	4455435	127431910719200	127431948083728	1168
XCHTIME	0	0	0	0	0	0	0	0	0	0	0	0
XCHTIME	338	4	11	293733	2494	2205	2858	420	285756	127431910719200	127431948083728	1168
XCHTIME	0	0	0	0	0	0	0	0	0	0	0	0
XCHTIME	338	4	14	1532899	2183	1939	3132	602	1525043	127431910719200	127431948083728	1168
XCHTIME	0	0	0	0	0	0	0	0	0	0	0	0
XCHTIME	338	4	13	2907950	2215	2009	3058	559	2900109	127431910719200	127431948083728	1168
XCHTIME	0	0	0	0	0	0	0	0	0	0	0	0
XCHTIME	338	4	16	17662923	2343	2215	4565	682	17653118	127431910719200	127431948083728	1168
XCHTIME	0	0	0	0	0	0	0	0	0	0	0	0
XCHTIME	338	4	6	222883	3412	2961	3093	257	213160	127431910719200	127431948083728	1168
LIFT	sssd18-08persp	338	138	768	138
COUNTS	sssd18-08persp	338	1168	4654	4654
XCHTIME	0	0	0	0	0	0	0	0	0	0	0	0
XCHTIME	19	2	4	34281	243	452	196	182	33208	127431882036752	127431909713616	54
XCHTIME	0	0	0	0	0	0	0	0	0	0	0	0
XCHTIME	19	2	6	283613	230	353	105	200	282725	127431882036752	127431909713616	54
XCHTIME	0	0	0	0	0	0	0	0	0	0	0	0
XCHTIME	19	2	5	49307	324	925	108	170	47780	127431882036752	127431909713616	54
XCHTIME	0	0	0	0	0	0	0	0	0	0	0	0
XCHTIME	19	4	18	301057	246	314	209	540	299748	127431882036752	127431909713616	54
LADGATE	19	10000	0.155	1
XCHTIME	0	0	0	0	0	0	0	0	0	0	0	0
XCHTIME	19	5	26	465706	255	445	252	764	463990	127431882036752	127431909713616	54
XCHTIME	0	0	0	0	0	0	0	0	0	0	0	0
XCHTIME	19	4	47	80626	289	317	152	1443	78425	127431882036752	127431909713616	54
XCHTIME	0	0	0	0	0	0	0	0	0	0	0	0
XCHTIME	19	4	15	89629	229	296	180	412	88512	127431882036752	127431909713616	54
XCHTIME	0	0	0	0	0	0	0	0	0	0	0	0
XCHTIME	19	4	10	59516	244	270	149	279	58574	127431882036752	127431909713616	54
XCHTIME	0	0	0	0	0	0	0	0	0	0	0	0
XCHTIME	19	4	18	305183	193	271	181	508	304030	127431882036752	127431909713616	54
XCHTIME	0	0	0	0	0	0	0	0	0	0	0	0
XCHTIME	19	4	11	33456	229	322	197	310	32398	127431882036752	127431909713616	54
XCHTIME	0	0	0	0	0	0	0	0	0	0	0	0
XCHTIME	19	4	14	123538	244	291	150	394	122459	127431882036752	127431909713616	54
XCHTIME	0	0	0	0	0	0	0	0	0	0	0	0
XCHTIME	19	4	13	184035	207	280	196	362	182990	127431882036752	127431909713616	54
XCHTIME	0	0	0	0	0	0	0	0	0	0	0	0
XCHTIME	19	4	16	1291377	233	274	236	560	1290074	127431882036752	127431909713616	54
XCHTIME	0	0	0	0	0	0	0	0	0	0	0	0
XCHTIME	19	4	6	17373	226	341	169	172	16465	127431882036752	127431909713616	54
COUNTS	ex9_1_2	19	54	188	179
XCHTIME	0	0	0	0	0	0	0	0	0	0	0	0
XCHTIME	3670	1	0	2277129	114718	202670	101732	0	1858009	127431922120752	127431588516208	19322
XCHTIME	0	0	0	0	0	0	0	0	0	0	0	0
XCHTIME	3670	1	0	3857146	117518	205415	83415	0	3450798	127431922120752	127431588516208	19322
XCHTIME	0	0	0	0	0	0	0	0	0	0	0	0
XCHTIME	3670	1	0	3296755	114038	202371	84392	0	2895954	127431922120752	127431588516208	19322
XCHTIME	0	0	0	0	0	0	0	0	0	0	0	0
XCHTIME	3670	1	0	11379585	116319	210628	83649	0	10968989	127431922120752	127431588516208	19322
LADGATE	3670	10000	0.794	1
XCHTIME	0	0	0	0	0	0	0	0	0	0	0	0
XCHTIME	3670	5	26	34107151	111510	197017	470355	4152	33324117	127431922120752	127431588516208	19322
XCHTIME	0	0	0	0	0	0	0	0	0	0	0	0
XCHTIME	3670	2	19	4946773	134192	216969	174367	2142	4419103	127431922120752	127431588516208	19322
XCHTIME	0	0	0	0	0	0	0	0	0	0	0	0
XCHTIME	3670	3	12	4489928	118181	199653	255288	1783	3915023	127431922120752	127431588516208	19322
XCHTIME	0	0	0	0	0	0	0	0	0	0	0	0
XCHTIME	3670	4	10	6725995	108178	209322	365569	2051	6040875	127431922120752	127431588516208	19322
XCHTIME	0	0	0	0	0	0	0	0	0	0	0	0
XCHTIME	3670	2	5	10659971	124397	200503	181037	1088	10152946	127431922120752	127431588516208	19322
XCHTIME	0	0	0	0	0	0	0	0	0	0	0	0
XCHTIME	3670	4	11	6141872	115097	202495	334882	2111	5487287	127431922120752	127431588516208	19322
XCHTIME	0	0	0	0	0	0	0	0	0	0	0	0
XCHTIME	3670	4	14	9455617	106870	193148	339160	2616	8813823	127431922120752	127431588516208	19322
XCHTIME	0	0	0	0	0	0	0	0	0	0	0	0
XCHTIME	3670	3	12	9866200	120633	197849	276427	1943	9269348	127431922120752	127431588516208	19322
XCHTIME	0	0	0	0	0	0	0	0	0	0	0	0
XCHTIME	3670	1	0	10883032	122413	202927	88743	0	10468949	127431922120752	127431588516208	19322
XCHTIME	0	0	0	0	0	0	0	0	0	0	0	0
XCHTIME	3670	4	6	5851332	121570	206716	331069	1391	5190586	127431922120752	127431588516208	19322
LIFT	crudeoil_lee1_07	3670	1957	17600	1957
COUNTS	crudeoil_lee1_07	3670	19322	4746188	3506339
XCHTIME	0	0	0	0	0	0	0	0	0	0	0	0
XCHTIME	31	2	4	38406	398	487	174	145	37202	127431882496160	127431882577104	96
XCHTIME	0	0	0	0	0	0	0	0	0	0	0	0
XCHTIME	31	2	6	335819	370	602	136	127	334584	127431882496160	127431882577104	96
XCHTIME	0	0	0	0	0	0	0	0	0	0	0	0
XCHTIME	31	2	5	101339	496	756	311	113	99663	127431882496160	127431882577104	96
XCHTIME	0	0	0	0	0	0	0	0	0	0	0	0
XCHTIME	31	4	18	519375	524	462	428	436	517525	127431882496160	127431882577104	96
LADGATE	31	10000	0.164	1
XCHTIME	0	0	0	0	0	0	0	0	0	0	0	0
XCHTIME	31	5	26	689794	528	1019	325	645	687277	127431882496160	127431882577104	96
XCHTIME	0	0	0	0	0	0	0	0	0	0	0	0
XCHTIME	31	4	59	356448	411	414	293	1822	353508	127431882496160	127431882577104	96
XCHTIME	0	0	0	0	0	0	0	0	0	0	0	0
XCHTIME	31	4	15	145846	381	517	247	317	144384	127431882496160	127431882577104	96
XCHTIME	0	0	0	0	0	0	0	0	0	0	0	0
XCHTIME	31	4	10	65642	353	495	221	208	64365	127431882496160	127431882577104	96
XCHTIME	0	0	0	0	0	0	0	0	0	0	0	0
XCHTIME	31	4	18	505055	362	377	231	415	503670	127431882496160	127431882577104	96
XCHTIME	0	0	0	0	0	0	0	0	0	0	0	0
XCHTIME	31	4	11	48523	367	470	245	218	47223	127431882496160	127431882577104	96
XCHTIME	0	0	0	0	0	0	0	0	0	0	0	0
XCHTIME	31	4	14	216262	336	420	244	286	214976	127431882496160	127431882577104	96
XCHTIME	0	0	0	0	0	0	0	0	0	0	0	0
XCHTIME	31	4	13	287021	363	473	230	278	285677	127431882496160	127431882577104	96
XCHTIME	0	0	0	0	0	0	0	0	0	0	0	0
XCHTIME	31	4	16	2888392	359	473	286	497	2886777	127431882496160	127431882577104	96
XCHTIME	0	0	0	0	0	0	0	0	0	0	0	0
XCHTIME	31	4	6	28508	638	1010	231	136	26493	127431882496160	127431882577104	96
COUNTS	pooling_haverly1tp	31	96	423	403
XCHTIME	0	0	0	0	0	0	0	0	0	0	0	0
XCHTIME	230	2	4	191690	6532	2231	907	189	181831	127431902612496	127431900146864	1290
XCHTIME	0	0	0	0	0	0	0	0	0	0	0	0
XCHTIME	230	2	6	1778908	2497	1087	589	361	1774374	127431902612496	127431900146864	1290
XCHTIME	0	0	0	0	0	0	0	0	0	0	0	0
XCHTIME	230	2	5	665378	2404	1127	637	233	660977	127431902612496	127431900146864	1290
XCHTIME	0	0	0	0	0	0	0	0	0	0	0	0
XCHTIME	230	4	18	3802939	2096	1111	1348	824	3797560	127431902612496	127431900146864	1290
LADGATE	230	10000	0.218	1
XCHTIME	0	0	0	0	0	0	0	0	0	0	0	0
XCHTIME	230	5	26	4708011	2379	1259	1908	1269	4701196	127431902612496	127431900146864	1290
XCHTIME	0	0	0	0	0	0	0	0	0	0	0	0
XCHTIME	230	4	66	1316940	2158	1076	1080	2480	1310146	127431902612496	127431900146864	1290
XCHTIME	0	0	0	0	0	0	0	0	0	0	0	0
XCHTIME	230	4	15	630078	2371	1549	1888	731	623539	127431902612496	127431900146864	1290
XCHTIME	0	0	0	0	0	0	0	0	0	0	0	0
XCHTIME	230	4	10	330503	2170	1138	1247	432	325516	127431902612496	127431900146864	1290
XCHTIME	0	0	0	0	0	0	0	0	0	0	0	0
XCHTIME	230	4	18	3860549	2097	1064	1846	868	3854674	127431902612496	127431900146864	1290
XCHTIME	0	0	0	0	0	0	0	0	0	0	0	0
XCHTIME	230	4	11	239202	2180	1175	1108	500	234239	127431902612496	127431900146864	1290
XCHTIME	0	0	0	0	0	0	0	0	0	0	0	0
XCHTIME	230	4	14	1080370	2360	1080	1374	594	1074962	127431902612496	127431900146864	1290
XCHTIME	0	0	0	0	0	0	0	0	0	0	0	0
XCHTIME	230	4	13	1954462	2314	1064	1358	545	1949181	127431902612496	127431900146864	1290
XCHTIME	0	0	0	0	0	0	0	0	0	0	0	0
XCHTIME	230	4	16	14237654	2340	1060	2986	889	14230379	127431902612496	127431900146864	1290
XCHTIME	0	0	0	0	0	0	0	0	0	0	0	0
XCHTIME	230	4	6	163143	2661	1914	1187	222	157159	127431902612496	127431900146864	1290
LIFT	waterund08	230	120	1760	120
COUNTS	waterund08	230	1290	35284	30110
XCHTIME	0	0	0	0	0	0	0	0	0	0	0	0
XCHTIME	76	2	4	92344	2982	618	295	216	88233	127431891347232	127431911013392	302
XCHTIME	0	0	0	0	0	0	0	0	0	0	0	0
XCHTIME	76	2	6	704276	920	520	455	213	702168	127431891347232	127431911013392	302
XCHTIME	0	0	0	0	0	0	0	0	0	0	0	0
XCHTIME	76	2	5	249595	1003	799	220	166	247407	127431891347232	127431911013392	302
XCHTIME	0	0	0	0	0	0	0	0	0	0	0	0
XCHTIME	76	4	18	1701534	946	474	745	660	1698709	127431891347232	127431911013392	302
LADGATE	76	10000	0.148	1
XCHTIME	0	0	0	0	0	0	0	0	0	0	0	0
XCHTIME	76	5	26	2073431	1045	915	624	904	2069943	127431891347232	127431911013392	302
XCHTIME	0	0	0	0	0	0	0	0	0	0	0	0
XCHTIME	76	4	66	78768	832	558	422	1922	75034	127431891347232	127431911013392	302
XCHTIME	0	0	0	0	0	0	0	0	0	0	0	0
XCHTIME	76	4	15	299239	1037	487	429	434	296852	127431891347232	127431911013392	302
XCHTIME	0	0	0	0	0	0	0	0	0	0	0	0
XCHTIME	76	4	10	152957	992	457	407	344	150757	127431891347232	127431911013392	302
XCHTIME	0	0	0	0	0	0	0	0	0	0	0	0
XCHTIME	76	4	18	1684790	910	666	437	590	1682187	127431891347232	127431911013392	302
XCHTIME	0	0	0	0	0	0	0	0	0	0	0	0
XCHTIME	76	4	11	107946	955	489	403	372	105727	127431891347232	127431911013392	302
XCHTIME	0	0	0	0	0	0	0	0	0	0	0	0
XCHTIME	76	4	14	394761	893	559	446	455	392408	127431891347232	127431911013392	302
XCHTIME	0	0	0	0	0	0	0	0	0	0	0	0
XCHTIME	76	4	13	853567	866	464	462	370	851405	127431891347232	127431911013392	302
XCHTIME	0	0	0	0	0	0	0	0	0	0	0	0
XCHTIME	76	4	16	5428752	944	613	653	577	5425965	127431891347232	127431911013392	302
XCHTIME	0	0	0	0	0	0	0	0	0	0	0	0
XCHTIME	76	4	6	70151	1133	948	432	235	67403	127431891347232	127431911013392	302
LIFT	kall_diffcircles_6	76	45	240	45
COUNTS	kall_diffcircles_6	76	302	1511	1511
XCHTIME	0	0	0	0	0	0	0	0	0	0	0	0
XCHTIME	440	2	4	938206	9218	3475	2060	376	923077	127431948102176	127431897568368	3040
XCHTIME	0	0	0	0	0	0	0	0	0	0	0	0
XCHTIME	440	2	6	10798890	5935	3087	2189	740	10786939	127431948102176	127431897568368	3040
XCHTIME	0	0	0	0	0	0	0	0	0	0	0	0
XCHTIME	440	2	5	3210532	6521	3404	2307	505	3197795	127431948102176	127431897568368	3040
XCHTIME	0	0	0	0	0	0	0	0	0	0	0	0
XCHTIME	440	4	18	21286316	5532	3045	4304	1839	21271596	127431948102176	127431897568368	3040
LADGATE	440	10000	0.423	1
XCHTIME	0	0	0	0	0	0	0	0	0	0	0	0
XCHTIME	440	4	10	1793773	6009	3394	3498	917	1779955	127431948102176	127431897568368	3040
XCHTIME	0	0	0	0	0	0	0	0	0	0	0	0
XCHTIME	440	4	66	9012737	5356	2950	5934	7184	8991313	127431948102176	127431897568368	3040
XCHTIME	0	0	0	0	0	0	0	0	0	0	0	0
XCHTIME	440	4	15	3458777	7288	3597	4263	1353	3442276	127431948102176	127431897568368	3040
XCHTIME	0	0	0	0	0	0	0	0	0	0	0	0
XCHTIME	440	4	10	1807639	5929	3017	4953	1011	1792729	127431948102176	127431897568368	3040
XCHTIME	0	0	0	0	0	0	0	0	0	0	0	0
XCHTIME	440	4	18	21176475	6654	3753	5104	1759	21159205	127431948102176	127431897568368	3040
XCHTIME	0	0	0	0	0	0	0	0	0	0	0	0
XCHTIME	440	4	11	1020772	5611	3683	3387	933	1007158	127431948102176	127431897568368	3040
XCHTIME	0	0	0	0	0	0	0	0	0	0	0	0
XCHTIME	440	4	14	6303224	5777	3197	4510	1337	6288403	127431948102176	127431897568368	3040
XCHTIME	0	0	0	0	0	0	0	0	0	0	0	0
XCHTIME	440	4	13	11646834	6096	3036	5042	1315	11631345	127431948102176	127431897568368	3040
XCHTIME	0	0	0	0	0	0	0	0	0	0	0	0
XCHTIME	440	2	5	20167892	5775	3346	3097	676	20154998	127431948102176	127431897568368	3040
XCHTIME	0	0	0	0	0	0	0	0	0	0	0	0
XCHTIME	440	4	6	624048	6714	4013	3181	408	609732	127431948102176	127431897568368	3040
LIFT	chimera_mgw-c8-439-onc8-001	440	423	3066	423
COUNTS	chimera_mgw-c8-439-onc8-001	440	3040	106479	80090
XCHTIME	0	0	0	0	0	0	0	0	0	0	0	0
XCHTIME	160	2	4	219522	4097	1389	696	186	213154	127431890379040	127431947521808	828
XCHTIME	0	0	0	0	0	0	0	0	0	0	0	0
XCHTIME	160	2	6	1916467	1703	933	650	203	1912978	127431890379040	127431947521808	828
XCHTIME	0	0	0	0	0	0	0	0	0	0	0	0
XCHTIME	160	2	5	647622	1881	1117	633	177	643814	127431890379040	127431947521808	828
XCHTIME	0	0	0	0	0	0	0	0	0	0	0	0
XCHTIME	160	4	18	4151446	1705	897	1155	638	4147051	127431890379040	127431947521808	828
LADGATE	160	10000	0.250	1
XCHTIME	0	0	0	0	0	0	0	0	0	0	0	0
XCHTIME	160	5	26	5077981	2096	1516	1345	982	5072042	127431890379040	127431947521808	828
XCHTIME	0	0	0	0	0	0	0	0	0	0	0	0
XCHTIME	160	4	66	1942552	1724	1080	1050	2000	1936698	127431890379040	127431947521808	828
XCHTIME	0	0	0	0	0	0	0	0	0	0	0	0
XCHTIME	160	4	15	663254	2048	1663	1136	474	657933	127431890379040	127431947521808	828
XCHTIME	0	0	0	0	0	0	0	0	0	0	0	0
XCHTIME	160	4	10	349397	1973	979	835	321	345289	127431890379040	127431947521808	828
XCHTIME	0	0	0	0	0	0	0	0	0	0	0	0
XCHTIME	160	4	18	4196020	1755	1040	1100	652	4191473	127431890379040	127431947521808	828
XCHTIME	0	0	0	0	0	0	0	0	0	0	0	0
XCHTIME	160	4	11	230777	1824	961	821	377	226794	127431890379040	127431947521808	828
XCHTIME	0	0	0	0	0	0	0	0	0	0	0	0
XCHTIME	160	4	14	1277018	1660	914	905	432	1273107	127431890379040	127431947521808	828
XCHTIME	0	0	0	0	0	0	0	0	0	0	0	0
XCHTIME	160	4	13	2177706	1750	940	933	514	2173569	127431890379040	127431947521808	828
XCHTIME	0	0	0	0	0	0	0	0	0	0	0	0
XCHTIME	160	4	16	15986672	1840	934	2222	556	15981120	127431890379040	127431947521808	828
XCHTIME	0	0	0	0	0	0	0	0	0	0	0	0
XCHTIME	160	4	6	170413	2302	1584	941	232	165354	127431890379040	127431947521808	828
LIFT	waterund11	160	91	642	91
COUNTS	waterund11	160	828	14818	10705
XCHTIME	0	0	0	0	0	0	0	0	0	0	0	0
XCHTIME	16364	0	0	20415971	7864655	12551316	0	0	0	127431589898384	127431590029312	52108
XCHTIME	0	0	0	0	0	0	0	0	0	0	0	0
XCHTIME	16364	1	0	18714843	3957084	12062287	1550347	0	1145125	127431589898384	127431590029312	52108
XCHTIME	0	0	0	0	0	0	0	0	0	0	0	0
XCHTIME	16364	1	0	22771833	8882105	11982075	1546223	0	361430	127431589898384	127431590029312	52108
XCHTIME	0	0	0	0	0	0	0	0	0	0	0	0
XCHTIME	16364	1	0	28904332	8716517	12128014	1564735	0	6495066	127431589898384	127431590029312	52108
LADGATE	16364	10000	0.747	0
XCHTIME	0	0	0	0	0	0	0	0	0	0	0	0
XCHTIME	16364	5	26	240707124	9104879	12017540	7856584	9626	211718495	127431589898384	127431590029312	52108
XCHTIME	0	0	0	0	0	0	0	0	0	0	0	0
XCHTIME	16364	1	0	25102787	8813225	12174573	1566086	0	2548903	127431589898384	127431590029312	52108
XCHTIME	0	0	0	0	0	0	0	0	0	0	0	0
XCHTIME	16364	1	0	25117528	8917483	11943676	1531628	0	2724741	127431589898384	127431590029312	52108
XCHTIME	0	0	0	0	0	0	0	0	0	0	0	0
XCHTIME	16364	1	0	29611900	8802403	12113662	1537534	0	7158301	127431589898384	127431590029312	52108
XCHTIME	0	0	0	0	0	0	0	0	0	0	0	0
XCHTIME	16364	1	0	29629494	8865234	12033405	1574257	0	7156598	127431589898384	127431590029312	52108
XCHTIME	0	0	0	0	0	0	0	0	0	0	0	0
XCHTIME	16364	1	0	29590887	8778988	12121071	1535338	0	7155490	127431589898384	127431590029312	52108
XCHTIME	0	0	0	0	0	0	0	0	0	0	0	0
XCHTIME	16364	1	0	29611541	8938389	11914314	1561839	0	7196999	127431589898384	127431590029312	52108
XCHTIME	0	0	0	0	0	0	0	0	0	0	0	0
XCHTIME	16364	1	0	29605528	8825610	12066857	1526393	0	7186668	127431589898384	127431590029312	52108
XCHTIME	0	0	0	0	0	0	0	0	0	0	0	0
XCHTIME	16364	1	0	29654521	8935468	11978093	1546874	0	7194086	127431589898384	127431590029312	52108
XCHTIME	0	0	0	0	0	0	0	0	0	0	0	0
XCHTIME	16364	1	0	29636695	8838801	12124052	1526149	0	7147693	127431589898384	127431590029312	52108
LIFT	chp_shorttermplan2d	16364	8902	38240	8902
COUNTS	chp_shorttermplan2d	16364	52108	4089003	2054862
XCHTIME	0	0	0	0	0	0	0	0	0	0	0	0
XCHTIME	156	2	4	240690	3610	1218	591	366	234905	127431918481968	127431924636128	886
XCHTIME	0	0	0	0	0	0	0	0	0	0	0	0
XCHTIME	156	2	6	2492110	1772	894	634	470	2488340	127431918481968	127431924636128	886
XCHTIME	0	0	0	0	0	0	0	0	0	0	0	0
XCHTIME	156	2	5	754518	1972	1233	453	358	750502	127431918481968	127431924636128	886
XCHTIME	0	0	0	0	0	0	0	0	0	0	0	0
XCHTIME	156	4	18	4797758	1730	1030	1367	1537	4792094	127431918481968	127431924636128	886
LADGATE	156	10000	0.289	1
XCHTIME	0	0	0	0	0	0	0	0	0	0	0	0
XCHTIME	156	4	10	419386	2132	1299	747	744	414464	127431918481968	127431924636128	886
XCHTIME	0	0	0	0	0	0	0	0	0	0	0	0
XCHTIME	156	4	66	741355	1533	1146	848	3960	733868	127431918481968	127431924636128	886
XCHTIME	0	0	0	0	0	0	0	0	0	0	0	0
XCHTIME	156	4	15	854756	1839	983	910	1210	849814	127431918481968	127431924636128	886
XCHTIME	0	0	0	0	0	0	0	0	0	0	0	0
XCHTIME	156	4	10	418489	1703	900	837	741	414308	127431918481968	127431924636128	886
XCHTIME	0	0	0	0	0	0	0	0	0	0	0	0
XCHTIME	156	4	18	5453141	1713	818	1258	1493	5447859	127431918481968	127431924636128	886
XCHTIME	0	0	0	0	0	0	0	0	0	0	0	0
XCHTIME	156	4	11	236751	2019	1254	774	820	231884	127431918481968	127431924636128	886
XCHTIME	0	0	0	0	0	0	0	0	0	0	0	0
XCHTIME	156	4	14	1524825	1727	766	1002	988	1520342	127431918481968	127431924636128	886
XCHTIME	0	0	0	0	0	0	0	0	0	0	0	0
XCHTIME	156	4	13	2842301	2002	868	1073	1052	2837306	127431918481968	127431924636128	886
XCHTIME	0	0	0	0	0	0	0	0	0	0	0	0
XCHTIME	156	4	16	18299249	1942	827	1709	1683	18293088	127431918481968	127431924636128	886
XCHTIME	0	0	0	0	0	0	0	0	0	0	0	0
XCHTIME	156	4	6	156651	1897	1856	894	592	151412	127431918481968	127431924636128	886
LIFT	sporttournament18	156	136	810	136
COUNTS	sporttournament18	156	886	17568	13608
COUNTS	cvxnonsep_psig30	30	870	9455	9455
XCHTIME	0	0	0	0	0	0	0	0	0	0	0	0
XCHTIME	6089	1	0	3074705	351506	692318	321119	0	1709762	127431587812016	127431591208992	40368
XCHTIME	0	0	0	0	0	0	0	0	0	0	0	0
XCHTIME	6089	1	0	4299149	376449	667818	320293	0	2934589	127431587812016	127431591208992	40368
XCHTIME	0	0	0	0	0	0	0	0	0	0	0	0
XCHTIME	6089	1	0	3641820	388291	653865	335817	0	2263847	127431587812016	127431591208992	40368
XCHTIME	0	0	0	0	0	0	0	0	0	0	0	0
XCHTIME	6089	2	5	11178798	368694	662629	665001	1250	9481224	127431587812016	127431591208992	40368
LADGATE	6089	10000	0.429	1
XCHTIME	0	0	0	0	0	0	0	0	0	0	0	0
XCHTIME	6089	5	26	32361006	327628	684026	1619295	5676	29724381	127431587812016	127431591208992	40368
XCHTIME	0	0	0	0	0	0	0	0	0	0	0	0
XCHTIME	6089	2	19	5423718	375041	703019	618042	4135	3723481	127431587812016	127431591208992	40368
XCHTIME	0	0	0	0	0	0	0	0	0	0	0	0
XCHTIME	6089	2	4	5746879	396304	677256	630566	1110	4041643	127431587812016	127431591208992	40368
XCHTIME	0	0	0	0	0	0	0	0	0	0	0	0
XCHTIME	6089	4	10	10187878	360115	677495	1297648	3236	7849384	127431587812016	127431591208992	40368
XCHTIME	0	0	0	0	0	0	0	0	0	0	0	0
XCHTIME	6089	2	5	11299868	370818	685688	691135	1369	9550858	127431587812016	127431591208992	40368
XCHTIME	0	0	0	0	0	0	0	0	0	0	0	0
XCHTIME	6089	4	11	9951591	321680	686053	1283156	3060	7657642	127431587812016	127431591208992	40368
XCHTIME	0	0	0	0	0	0	0	0	0	0	0	0
XCHTIME	6089	3	12	10760119	354653	680350	942171	3318	8779627	127431587812016	127431591208992	40368
XCHTIME	0	0	0	0	0	0	0	0	0	0	0	0
XCHTIME	6089	3	12	11034617	320986	683183	991462	2807	9036179	127431587812016	127431591208992	40368
XCHTIME	0	0	0	0	0	0	0	0	0	0	0	0
XCHTIME	6089	1	0	9849472	355614	668354	355081	0	8470423	127431587812016	127431591208992	40368
XCHTIME	0	0	0	0	0	0	0	0	0	0	0	0
XCHTIME	6089	4	6	9999504	388702	648364	1259219	2307	7700912	127431587812016	127431591208992	40368
LIFT	ringpack_20_2	6089	3132	37034	3132
COUNTS	ringpack_20_2	6089	40368	1872174	707413
XCHTIME	0	0	0	0	0	0	0	0	0	0	0	0
XCHTIME	1386	2	4	1359207	9422	18869	9579	241	1321096	127431922104880	127431922150128	4310
XCHTIME	0	0	0	0	0	0	0	0	0	0	0	0
XCHTIME	1386	2	6	7587554	9864	19182	16549	509	7541450	127431922104880	127431922150128	4310
XCHTIME	0	0	0	0	0	0	0	0	0	0	0	0
XCHTIME	1386	2	5	3738812	15002	22608	13617	326	3687259	127431922104880	127431922150128	4310
XCHTIME	0	0	0	0	0	0	0	0	0	0	0	0
XCHTIME	1386	3	15	15426204	12379	21427	31696	1046	15359656	127431922104880	127431922150128	4310
LADGATE	1386	10000	0.325	1
XCHTIME	0	0	0	0	0	0	0	0	0	0	0	0
XCHTIME	1386	5	26	28831239	10750	19963	60217	1983	28738326	127431922104880	127431922150128	4310
XCHTIME	0	0	0	0	0	0	0	0	0	0	0	0
XCHTIME	1386	1	0	6801204	15675	23334	5454	0	6756741	127431922104880	127431922150128	4310
XCHTIME	0	0	0	0	0	0	0	0	0	0	0	0
XCHTIME	1386	4	15	4462240	17994	22545	26331	979	4394391	127431922104880	127431922150128	4310
XCHTIME	0	0	0	0	0	0	0	0	0	0	0	0
XCHTIME	1386	4	10	2670519	11825	26767	26239	660	2605028	127431922104880	127431922150128	4310
XCHTIME	0	0	0	0	0	0	0	0	0	0	0	0
XCHTIME	1386	3	15	15573314	10486	19988	30883	1006	15510951	127431922104880	127431922150128	4310
XCHTIME	0	0	0	0	0	0	0	0	0	0	0	0
XCHTIME	1386	4	11	1703360	18559	23799	23114	632	1637256	127431922104880	127431922150128	4310
XCHTIME	0	0	0	0	0	0	0	0	0	0	0	0
XCHTIME	1386	4	14	7568103	11436	21061	31264	856	7503486	127431922104880	127431922150128	4310
XCHTIME	0	0	0	0	0	0	0	0	0	0	0	0
XCHTIME	1386	4	13	13441240	11947	21838	34234	826	13372395	127431922104880	127431922150128	4310
XCHTIME	0	0	0	0	0	0	0	0	0	0	0	0
XCHTIME	1386	1	0	14903498	14013	22561	5356	0	14861568	127431922104880	127431922150128	4310
XCHTIME	0	0	0	0	0	0	0	0	0	0	0	0
XCHTIME	1386	4	6	1352454	19153	28270	24395	408	1280228	127431922104880	127431922150128	4310
LIFT	blend718	1386	808	3138	808
COUNTS	blend718	1386	4310	70355	61466
XCHTIME	0	0	0	0	0	0	0	0	0	0	0	0
XCHTIME	115	2	4	94968	3739	3422	478	123	87206	127431890186912	127431947581488	724
XCHTIME	0	0	0	0	0	0	0	0	0	0	0	0
XCHTIME	115	2	6	731539	1453	652	356	144	728934	127431890186912	127431947581488	724
XCHTIME	0	0	0	0	0	0	0	0	0	0	0	0
XCHTIME	115	2	5	270668	1357	1010	402	124	267775	127431890186912	127431947581488	724
XCHTIME	0	0	0	0	0	0	0	0	0	0	0	0
XCHTIME	115	4	18	1446327	1439	694	672	510	1443012	127431890186912	127431947581488	724
LADGATE	115	10000	0.271	1
XCHTIME	0	0	0	0	0	0	0	0	0	0	0	0
XCHTIME	115	5	26	1996139	1768	1082	745	740	1991804	127431890186912	127431947581488	724
XCHTIME	0	0	0	0	0	0	0	0	0	0	0	0
XCHTIME	115	4	66	268894	1355	661	573	2267	264038	127431890186912	127431947581488	724
XCHTIME	0	0	0	0	0	0	0	0	0	0	0	0
XCHTIME	115	4	15	231534	1521	891	539	349	228234	127431890186912	127431947581488	724
XCHTIME	0	0	0	0	0	0	0	0	0	0	0	0
XCHTIME	115	4	10	143095	1455	664	604	203	140169	127431890186912	127431947581488	724
XCHTIME	0	0	0	0	0	0	0	0	0	0	0	0
XCHTIME	115	4	18	1503395	1404	602	620	514	1500255	127431890186912	127431947581488	724
XCHTIME	0	0	0	0	0	0	0	0	0	0	0	0
XCHTIME	115	4	11	92618	1570	658	544	232	89614	127431890186912	127431947581488	724
XCHTIME	0	0	0	0	0	0	0	0	0	0	0	0
XCHTIME	115	4	14	448601	1271	628	588	382	445732	127431890186912	127431947581488	724
XCHTIME	0	0	0	0	0	0	0	0	0	0	0	0
XCHTIME	115	4	13	735904	1470	687	612	329	732806	127431890186912	127431947581488	724
XCHTIME	0	0	0	0	0	0	0	0	0	0	0	0
XCHTIME	115	4	16	5031174	1342	644	1196	665	5027327	127431890186912	127431947581488	724
XCHTIME	0	0	0	0	0	0	0	0	0	0	0	0
XCHTIME	115	4	6	63118	1813	1078	612	123	59492	127431890186912	127431947581488	724
LIFT	wastepaper4	115	50	654	50
COUNTS	wastepaper4	115	724	9711	7183
XCHTIME	0	0	0	0	0	0	0	0	0	0	0	0
XCHTIME	2450	2	4	1015518	21514	59948	31151	472	902433	127431587991840	127431924682848	7200
XCHTIME	0	0	0	0	0	0	0	0	0	0	0	0
XCHTIME	2450	2	6	1585426	22637	61018	33972	865	1466934	127431587991840	127431924682848	7200
XCHTIME	0	0	0	0	0	0	0	0	0	0	0	0
XCHTIME	2450	2	5	1128192	27902	65420	34164	487	1000219	127431587991840	127431924682848	7200
XCHTIME	0	0	0	0	0	0	0	0	0	0	0	0
XCHTIME	2450	4	18	2903327	25331	62498	71726	1938	2741834	127431587991840	127431924682848	7200
LADGATE	2450	10000	0.611	1
XCHTIME	0	0	0	0	0	0	0	0	0	0	0	0
XCHTIME	2450	5	26	3725246	26843	63226	89689	2950	3542538	127431587991840	127431924682848	7200
XCHTIME	0	0	0	0	0	0	0	0	0	0	0	0
XCHTIME	2450	4	66	2490187	36417	72285	78405	6896	2296184	127431587991840	127431924682848	7200
XCHTIME	0	0	0	0	0	0	0	0	0	0	0	0
XCHTIME	2450	4	15	1902801	24351	66160	74525	1817	1735948	127431587991840	127431924682848	7200
XCHTIME	0	0	0	0	0	0	0	0	0	0	0	0
XCHTIME	2450	4	10	1977419	24761	65891	81141	1722	1803904	127431587991840	127431924682848	7200
XCHTIME	0	0	0	0	0	0	0	0	0	0	0	0
XCHTIME	2450	4	18	2935750	23869	65196	78851	2866	2764968	127431587991840	127431924682848	7200
XCHTIME	0	0	0	0	0	0	0	0	0	0	0	0
XCHTIME	2450	4	11	1932910	27026	64774	83320	1752	1756038	127431587991840	127431924682848	7200
XCHTIME	0	0	0	0	0	0	0	0	0	0	0	0
XCHTIME	2450	4	14	2174016	25016	66589	77224	1883	2003304	127431587991840	127431924682848	7200
XCHTIME	0	0	0	0	0	0	0	0	0	0	0	0
XCHTIME	2450	4	13	2452419	25680	72514	82387	1912	2269926	127431587991840	127431924682848	7200
XCHTIME	0	0	0	0	0	0	0	0	0	0	0	0
XCHTIME	2450	4	16	9493137	24889	67195	197663	3422	9199968	127431587991840	127431924682848	7200
XCHTIME	0	0	0	0	0	0	0	0	0	0	0	0
XCHTIME	2450	4	6	1627868	39949	78957	61558	687	1446717	127431587991840	127431924682848	7200
LIFT	squfl010-040persp	2450	850	4000	850
COUNTS	squfl010-040persp	2450	7200	22825	22825
XCHTIME	0	0	0	0	0	0	0	0	0	0	0	0
XCHTIME	10429	1	0	4945817	1161238	2065763	987981	0	730835	127431590684688	127431594380480	55492
XCHTIME	0	0	0	0	0	0	0	0	0	0	0	0
XCHTIME	10429	1	0	5514202	1131203	2056244	1009338	0	1317417	127431590684688	127431594380480	55492
XCHTIME	0	0	0	0	0	0	0	0	0	0	0	0
XCHTIME	10429	1	0	5341309	1159094	2046644	1029868	0	1105703	127431590684688	127431594380480	55492
XCHTIME	0	0	0	0	0	0	0	0	0	0	0	0
XCHTIME	10429	1	0	12924525	1031206	2074839	1026175	0	8792305	127431590684688	127431594380480	55492
LADGATE	10429	10000	0.914	0
XCHTIME	0	0	0	0	0	0	0	0	0	0	0	0
XCHTIME	10429	5	26	212240827	1044984	2054753	5073877	9215	204057998	127431590684688	127431594380480	55492
LIFT	crudeoil_lee4_06	10429	6797	109128	6797
COUNTS	crudeoil_lee4_06	10429	55492	65337120	32389047
XCHTIME	0	0	0	0	0	0	0	0	0	0	0	0
XCHTIME	1746	2	4	1503714	11863	30707	16090	317	1444737	127431588011456	127431587713136	4928
XCHTIME	0	0	0	0	0	0	0	0	0	0	0	0
XCHTIME	1746	2	6	19864000	89254	236234	80573	1023	19456916	127431588011456	127431587713136	4928
XCHTIME	0	0	0	0	0	0	0	0	0	0	0	0
XCHTIME	1746	2	5	4328766	22693	54028	27389	514	4224142	127431588011456	127431587713136	4928
XCHTIME	0	0	0	0	0	0	0	0	0	0	0	0
XCHTIME	1746	3	15	13605093	19836	37753	54900	1615	13490989	127431588011456	127431587713136	4928
LADGATE	1746	10000	0.611	1
XCHTIME	0	0	0	0	0	0	0	0	0	0	0	0
XCHTIME	1746	5	26	28043588	20991	37710	101039	2536	27881312	127431588011456	127431587713136	4928
XCHTIME	0	0	0	0	0	0	0	0	0	0	0	0
XCHTIME	1746	2	19	6037029	23461	40587	32460	1675	5938846	127431588011456	127431587713136	4928
XCHTIME	0	0	0	0	0	0	0	0	0	0	0	0
XCHTIME	1746	4	15	4677096	17756	37482	49310	1451	4571097	127431588011456	127431587713136	4928
XCHTIME	0	0	0	0	0	0	0	0	0	0	0	0
XCHTIME	1746	4	10	3152849	19107	36594	62213	1099	3033836	127431588011456	127431587713136	4928
XCHTIME	0	0	0	0	0	0	0	0	0	0	0	0
XCHTIME	1746	3	15	13282136	14997	32908	53356	1552	13179323	127431588011456	127431587713136	4928
XCHTIME	0	0	0	0	0	0	0	0	0	0	0	0
XCHTIME	1746	4	11	2102319	22578	39818	46422	1128	1992373	127431588011456	127431587713136	4928
XCHTIME	0	0	0	0	0	0	0	0	0	0	0	0
XCHTIME	1746	4	14	7755663	15766	35118	51987	1521	7651271	127431588011456	127431587713136	4928
XCHTIME	0	0	0	0	0	0	0	0	0	0	0	0
XCHTIME	1746	4	13	12799488	18311	36708	72777	1902	12669790	127431588011456	127431587713136	4928
XCHTIME	0	0	0	0	0	0	0	0	0	0	0	0
XCHTIME	1746	1	0	13443111	19658	43965	12030	0	13367458	127431588011456	127431587713136	4928
XCHTIME	0	0	0	0	0	0	0	0	0	0	0	0
XCHTIME	1746	4	6	1636121	28182	45002	48644	641	1513652	127431588011456	127431587713136	4928
LIFT	netmod_kar1	1746	798	3664	798
COUNTS	netmod_kar1	1746	4928	56838	43864
XCHTIME	0	0	0	0	0	0	0	0	0	0	0	0
XCHTIME	14	2	4	27307	231	383	126	104	26463	127431909714528	127431947589696	46
XCHTIME	0	0	0	0	0	0	0	0	0	0	0	0
XCHTIME	14	2	6	163743	201	326	93	150	162973	127431909714528	127431947589696	46
XCHTIME	0	0	0	0	0	0	0	0	0	0	0	0
XCHTIME	14	2	5	52305	200	246	73	129	51657	127431909714528	127431947589696	46
XCHTIME	0	0	0	0	0	0	0	0	0	0	0	0
XCHTIME	14	4	18	323565	194	264	124	546	322437	127431909714528	127431947589696	46
LADGATE	14	10000	0.112	1
XCHTIME	0	0	0	0	0	0	0	0	0	0	0	0
XCHTIME	14	5	26	339662	298	326	176	804	338058	127431909714528	127431947589696	46
XCHTIME	0	0	0	0	0	0	0	0	0	0	0	0
XCHTIME	14	4	37	1305994	244	327	183	1165	1304075	127431909714528	127431947589696	46
XCHTIME	0	0	0	0	0	0	0	0	0	0	0	0
XCHTIME	14	4	15	77755	432	337	230	343	76413	127431909714528	127431947589696	46
XCHTIME	0	0	0	0	0	0	0	0	0	0	0	0
XCHTIME	14	4	10	42709	294	292	136	254	41733	127431909714528	127431947589696	46
XCHTIME	0	0	0	0	0	0	0	0	0	0	0	0
XCHTIME	14	4	18	336112	289	327	123	512	334861	127431909714528	127431947589696	46
XCHTIME	0	0	0	0	0	0	0	0	0	0	0	0
XCHTIME	14	4	11	30043	228	302	133	264	29116	127431909714528	127431947589696	46
XCHTIME	0	0	0	0	0	0	0	0	0	0	0	0
XCHTIME	14	4	14	129639	258	260	128	508	128485	127431909714528	127431947589696	46
XCHTIME	0	0	0	0	0	0	0	0	0	0	0	0
XCHTIME	14	4	13	227290	214	240	124	345	226367	127431909714528	127431947589696	46
XCHTIME	0	0	0	0	0	0	0	0	0	0	0	0
XCHTIME	14	4	16	1969272	250	316	212	563	1967931	127431909714528	127431947589696	46
XCHTIME	0	0	0	0	0	0	0	0	0	0	0	0
XCHTIME	14	4	6	20508	575	797	139	119	18878	127431909714528	127431947589696	46
COUNTS	ex8_1_7	14	46	137	128
XCHTIME	0	0	0	0	0	0	0	0	0	0	0	0
XCHTIME	108	2	4	174826	2917	910	405	175	170419	127431890160816	127431588025440	648
XCHTIME	0	0	0	0	0	0	0	0	0	0	0	0
XCHTIME	108	2	6	2544441	1205	635	394	424	2541783	127431890160816	127431588025440	648
XCHTIME	0	0	0	0	0	0	0	0	0	0	0	0
XCHTIME	108	2	5	724578	1431	690	431	372	721654	127431890160816	127431588025440	648
XCHTIME	0	0	0	0	0	0	0	0	0	0	0	0
XCHTIME	108	4	18	4876138	1137	686	1014	833	4872468	127431890160816	127431588025440	648
LADGATE	108	10000	0.202	1
XCHTIME	0	0	0	0	0	0	0	0	0	0	0	0
XCHTIME	108	5	26	6276697	1364	1347	846	1050	6272090	127431890160816	127431588025440	648
XCHTIME	0	0	0	0	0	0	0	0	0	0	0	0
XCHTIME	108	4	66	423387	1335	759	551	2597	418145	127431890160816	127431588025440	648
XCHTIME	0	0	0	0	0	0	0	0	0	0	0	0
XCHTIME	108	4	15	677649	1278	624	565	529	674653	127431890160816	127431588025440	648
XCHTIME	0	0	0	0	0	0	0	0	0	0	0	0
XCHTIME	108	4	10	299703	1125	796	530	372	296880	127431890160816	127431588025440	648
XCHTIME	0	0	0	0	0	0	0	0	0	0	0	0
XCHTIME	108	4	18	4863706	1173	611	612	873	4860437	127431890160816	127431588025440	648
XCHTIME	0	0	0	0	0	0	0	0	0	0	0	0
XCHTIME	108	4	11	182625	1200	797	601	454	179573	127431890160816	127431588025440	648
XCHTIME	0	0	0	0	0	0	0	0	0	0	0	0
XCHTIME	108	4	14	1274783	1153	594	586	556	1271894	127431890160816	127431588025440	648
XCHTIME	0	0	0	0	0	0	0	0	0	0	0	0
XCHTIME	108	4	13	2753358	1112	683	668	537	2750358	127431890160816	127431588025440	648
XCHTIME	0	0	0	0	0	0	0	0	0	0	0	0
XCHTIME	108	4	16	17649299	1202	680	1458	1066	17644893	127431890160816	127431588025440	648
XCHTIME	0	0	0	0	0	0	0	0	0	0	0	0
XCHTIME	108	4	6	114718	1481	1276	705	275	110981	127431890160816	127431588025440	648
LIFT	graphpart_3g-0333-0333	108	81	648	81
COUNTS	graphpart_3g-0333-0333	108	648	44928	36228
XCHTIME	0	0	0	0	0	0	0	0	0	0	0	0
XCHTIME	760	2	4	827447	12557	8308	4055	335	802192	127431893748320	127431924748400	2080
XCHTIME	0	0	0	0	0	0	0	0	0	0	0	0
XCHTIME	760	2	6	5055460	3960	6586	5137	326	5039451	127431893748320	127431924748400	2080
XCHTIME	0	0	0	0	0	0	0	0	0	0	0	0
XCHTIME	760	2	5	1658691	4638	7063	3472	374	1643144	127431893748320	127431924748400	2080
XCHTIME	0	0	0	0	0	0	0	0	0	0	0	0
XCHTIME	760	4	18	10870413	4143	6601	9412	978	10849279	127431893748320	127431924748400	2080
LADGATE	760	10000	0.303	1
XCHTIME	0	0	0	0	0	0	0	0	0	0	0	0
XCHTIME	760	5	26	13273707	4021	6941	11766	1485	13249494	127431893748320	127431924748400	2080
XCHTIME	0	0	0	0	0	0	0	0	0	0	0	0
XCHTIME	760	4	66	3882337	4837	7256	10365	3284	3856595	127431893748320	127431924748400	2080
XCHTIME	0	0	0	0	0	0	0	0	0	0	0	0
XCHTIME	760	4	15	2606021	4229	8424	11712	1026	2580630	127431893748320	127431924748400	2080
XCHTIME	0	0	0	0	0	0	0	0	0	0	0	0
XCHTIME	760	4	10	1636638	4508	8967	9049	474	1613640	127431893748320	127431924748400	2080
XCHTIME	0	0	0	0	0	0	0	0	0	0	0	0
XCHTIME	760	4	18	10961354	4404	7777	11580	1246	10936347	127431893748320	127431924748400	2080
XCHTIME	0	0	0	0	0	0	0	0	0	0	0	0
XCHTIME	760	4	11	1035989	4996	7884	7525	498	1015086	127431893748320	127431924748400	2080
XCHTIME	0	0	0	0	0	0	0	0	0	0	0	0
XCHTIME	760	4	14	3767347	4079	6898	8021	733	3747616	127431893748320	127431924748400	2080
XCHTIME	0	0	0	0	0	0	0	0	0	0	0	0
XCHTIME	760	4	13	6320190	4739	6935	11129	720	6296667	127431893748320	127431924748400	2080
XCHTIME	0	0	0	0	0	0	0	0	0	0	0	0
XCHTIME	760	2	5	16605238	4313	7526	7189	403	16585807	127431893748320	127431924748400	2080
XCHTIME	0	0	0	0	0	0	0	0	0	0	0	0
XCHTIME	760	4	6	611794	6432	9746	7276	254	588086	127431893748320	127431924748400	2080
LIFT	slay05h	760	340	1400	340
COUNTS	slay05h	760	2080	9815	8795
XCHTIME	0	0	0	0	0	0	0	0	0	0	0	0
XCHTIME	156	2	4	254881	3711	1281	566	208	249115	127431547363232	127431897932144	712
XCHTIME	0	0	0	0	0	0	0	0	0	0	0	0
XCHTIME	156	2	6	2105005	2044	895	668	354	2101044	127431547363232	127431897932144	712
XCHTIME	0	0	0	0	0	0	0	0	0	0	0	0
XCHTIME	156	2	5	599353	2154	910	423	251	595615	127431547363232	127431897932144	712
XCHTIME	0	0	0	0	0	0	0	0	0	0	0	0
XCHTIME	156	4	18	4326763	2106	898	1059	958	4321742	127431547363232	127431897932144	712
LADGATE	156	10000	0.274	1
XCHTIME	0	0	0	0	0	0	0	0	0	0	0	0
XCHTIME	156	5	26	5214109	2460	1470	1462	1340	5207377	127431547363232	127431897932144	712
XCHTIME	0	0	0	0	0	0	0	0	0	0	0	0
XCHTIME	156	4	66	5657238	2171	1257	1510	3889	5648411	127431547363232	127431897932144	712
XCHTIME	0	0	0	0	0	0	0	0	0	0	0	0
XCHTIME	156	4	15	719020	2774	1555	829	676	713186	127431547363232	127431897932144	712
XCHTIME	0	0	0	0	0	0	0	0	0	0	0	0
XCHTIME	156	4	10	433385	1893	1174	774	406	429138	127431547363232	127431897932144	712
XCHTIME	0	0	0	0	0	0	0	0	0	0	0	0
XCHTIME	156	4	18	4371338	1954	898	1263	899	4366324	127431547363232	127431897932144	712
XCHTIME	0	0	0	0	0	0	0	0	0	0	0	0
XCHTIME	156	4	11	272199	2193	1066	800	512	267628	127431547363232	127431897932144	712
XCHTIME	0	0	0	0	0	0	0	0	0	0	0	0
XCHTIME	156	4	14	1226527	1919	1097	1143	584	1221784	127431547363232	127431897932144	712
XCHTIME	0	0	0	0	0	0	0	0	0	0	0	0
XCHTIME	156	4	13	2184453	1901	935	855	580	2180182	127431547363232	127431897932144	712
XCHTIME	0	0	0	0	0	0	0	0	0	0	0	0
XCHTIME	156	4	16	15743148	2289	1348	1557	862	15737092	127431547363232	127431897932144	712
XCHTIME	0	0	0	0	0	0	0	0	0	0	0	0
XCHTIME	156	4	6	183434	2633	1540	915	327	178019	127431547363232	127431897932144	712
LIFT	korcns	156	92	598	92
COUNTS	korcns	156	712	7241	6599
XCHTIME	0	0	0	0	0	0	0	0	0	0	0	0
XCHTIME	5065	1	0	2681656	248552	438255	207942	0	1786907	127431591109744	127431947787744	18730
XCHTIME	0	0	0	0	0	0	0	0	0	0	0	0
XCHTIME	5065	1	0	4111620	215016	437870	208888	0	3249846	127431591109744	127431947787744	18730
XCHTIME	0	0	0	0	0	0	0	0	0	0	0	0
XCHTIME	5065	1	0	3296675	192575	427429	199817	0	2476854	127431591109744	127431947787744	18730
XCHTIME	0	0	0	0	0	0	0	0	0	0	0	0
XCHTIME	5065	1	0	11309191	223792	424757	208163	0	10452479	127431591109744	127431947787744	18730
LADGATE	5065	10000	0.679	1
XCHTIME	0	0	0	0	0	0	0	0	0	0	0	0
XCHTIME	5065	5	26	85167661	240032	449302	1076163	7161	83395003	127431591109744	127431947787744	18730
XCHTIME	0	0	0	0	0	0	0	0	0	0	0	0
XCHTIME	5065	1	0	5019521	249953	440936	205792	0	4122840	127431591109744	127431947787744	18730
XCHTIME	0	0	0	0	0	0	0	0	0	0	0	0
XCHTIME	5065	2	4	6900411	240918	434040	404630	1031	5819792	127431591109744	127431947787744	18730
XCHTIME	0	0	0	0	0	0	0	0	0	0	0	0
XCHTIME	5065	4	10	13198976	226966	434648	796138	3044	11738180	127431591109744	127431947787744	18730
XCHTIME	0	0	0	0	0	0	0	0	0	0	0	0
XCHTIME	5065	1	0	11127088	210160	419123	196918	0	10300887	127431591109744	127431947787744	18730
XCHTIME	0	0	0	0	0	0	0	0	0	0	0	0
XCHTIME	5065	4	11	11313780	224142	445668	810229	4206	9829535	127431591109744	127431947787744	18730
XCHTIME	0	0	0	0	0	0	0	0	0	0	0	0
XCHTIME	5065	2	4	12835157	230806	455252	403313	1303	11744483	127431591109744	127431947787744	18730
XCHTIME	0	0	0	0	0	0	0	0	0	0	0	0
XCHTIME	5065	2	4	12314257	222296	450329	418082	1369	11222181	127431591109744	127431947787744	18730
XCHTIME	0	0	0	0	0	0	0	0	0	0	0	0
XCHTIME	5065	1	0	10305920	219807	427981	204150	0	9453982	127431591109744	127431947787744	18730
XCHTIME	0	0	0	0	0	0	0	0	0	0	0	0
XCHTIME	5065	4	6	9597134	231709	446120	817914	1910	8099481	127431591109744	127431947787744	18730
LIFT	powerflow0118p	5065	2810	15480	2810
COUNTS	powerflow0118p	5065	18730	121503	117327
XCHTIME	0	0	0	0	0	0	0	0	0	0	0	0
XCHTIME	4799	1	0	2498963	191761	374972	194654	0	1737576	127431591043440	127431591563312	20600
XCHTIME	0	0	0	0	0	0	0	0	0	0	0	0
XCHTIME	4799	1	0	4178289	207700	375992	185820	0	3408777	127431591043440	127431591563312	20600
XCHTIME	0	0	0	0	0	0	0	0	0	0	0	0
XCHTIME	4799	1	0	2833627	198541	378187	180119	0	2076780	127431591043440	127431591563312	20600
XCHTIME	0	0	0	0	0	0	0	0	0	0	0	0
XCHTIME	4799	2	5	11087189	194645	387313	396194	1195	10107842	127431591043440	127431591563312	20600
LADGATE	4799	10000	0.747	1
XCHTIME	0	0	0	0	0	0	0	0	0	0	0	0
XCHTIME	4799	5	26	22885375	189112	395880	922255	6497	21371631	127431591043440	127431591563312	20600
XCHTIME	0	0	0	0	0	0	0	0	0	0	0	0
XCHTIME	4799	2	19	5513398	198812	387475	374770	3872	4548469	127431591043440	127431591563312	20600
XCHTIME	0	0	0	0	0	0	0	0	0	0	0	0
XCHTIME	4799	3	12	6240922	184162	397031	525859	2883	5130987	127431591043440	127431591563312	20600
XCHTIME	0	0	0	0	0	0	0	0	0	0	0	0
XCHTIME	4799	4	10	8078505	205520	399105	713099	2701	6758080	127431591043440	127431591563312	20600
XCHTIME	0	0	0	0	0	0	0	0	0	0	0	0
XCHTIME	4799	2	5	10753971	158687	361611	349459	1264	9882950	127431591043440	127431591563312	20600
XCHTIME	0	0	0	0	0	0	0	0	0	0	0	0
XCHTIME	4799	4	11	7590286	195327	379806	706143	2882	6306128	127431591043440	127431591563312	20600
XCHTIME	0	0	0	0	0	0	0	0	0	0	0	0
XCHTIME	4799	4	14	10591356	198061	374241	723175	3812	9292067	127431591043440	127431591563312	20600
XCHTIME	0	0	0	0	0	0	0	0	0	0	0	0
XCHTIME	4799	4	13	11481700	189371	374273	699012	3536	10215508	127431591043440	127431591563312	20600
XCHTIME	0	0	0	0	0	0	0	0	0	0	0	0
XCHTIME	4799	1	0	9933276	181528	373803	193098	0	9184847	127431591043440	127431591563312	20600
XCHTIME	0	0	0	0	0	0	0	0	0	0	0	0
XCHTIME	4799	4	6	7302261	198797	384259	690154	1566	6027485	127431591043440	127431591563312	20600
LIFT	sfacloc2_3_80	4799	2402	16046	2402
COUNTS	sfacloc2_3_80	4799	20600	84672	81119
XCHTIME	0	0	0	0	0	0	0	0	0	0	0	0
XCHTIME	6028	1	0	2816991	328116	636692	321987	0	1530196	127431591150288	127431593331888	17372
XCHTIME	0	0	0	0	0	0	0	0	0	0	0	0
XCHTIME	6028	1	0	4298497	361850	636623	324593	0	2975431	127431591150288	127431593331888	17372
XCHTIME	0	0	0	0	0	0	0	0	0	0	0	0
XCHTIME	6028	1	0	3607302	333186	658166	311314	0	2304636	127431591150288	127431593331888	17372
XCHTIME	0	0	0	0	0	0	0	0	0	0	0	0
XCHTIME	6028	1	0	11647126	347625	639373	332528	0	10327600	127431591150288	127431593331888	17372
LADGATE	6028	10000	0.562	1
XCHTIME	0	0	0	0	0	0	0	0	0	0	0	0
XCHTIME	6028	5	26	98960779	298151	650990	1613606	12748	96385284	127431591150288	127431593331888	17372
XCHTIME	0	0	0	0	0	0	0	0	0	0	0	0
XCHTIME	6028	1	0	5545638	333452	657102	332125	0	4222959	127431591150288	127431593331888	17372
XCHTIME	0	0	0	0	0	0	0	0	0	0	0	0
XCHTIME	6028	1	0	6682383	327121	699578	318431	0	5337253	127431591150288	127431593331888	17372
XCHTIME	0	0	0	0	0	0	0	0	0	0	0	0
XCHTIME	6028	3	9	12680393	304708	626309	944650	3218	10801508	127431591150288	127431593331888	17372
XCHTIME	0	0	0	0	0	0	0	0	0	0	0	0
XCHTIME	6028	1	0	11618634	335393	639875	322169	0	10321197	127431591150288	127431593331888	17372
XCHTIME	0	0	0	0	0	0	0	0	0	0	0	0
XCHTIME	6028	4	11	12502306	335218	645897	1241339	4100	10275752	127431591150288	127431593331888	17372
XCHTIME	0	0	0	0	0	0	0	0	0	0	0	0
XCHTIME	6028	2	4	12533988	331736	636892	631501	1464	10932395	127431591150288	127431593331888	17372
XCHTIME	0	0	0	0	0	0	0	0	0	0	0	0
XCHTIME	6028	1	0	12203798	320714	657436	309258	0	10916390	127431591150288	127431593331888	17372
XCHTIME	0	0	0	0	0	0	0	0	0	0	0	0
XCHTIME	6028	1	0	9951781	335651	658368	320183	0	8637579	127431591150288	127431593331888	17372
XCHTIME	0	0	0	0	0	0	0	0	0	0	0	0
XCHTIME	6028	4	6	11557491	340001	648025	1252346	2572	9314547	127431591150288	127431593331888	17372
LIFT	rsyn0820m04m	6028	3144	12532	3144
COUNTS	rsyn0820m04m	6028	17372	196890	152748
XCHTIME	0	0	0	0	0	0	0	0	0	0	0	0
XCHTIME	1046	2	4	1207201	6095	11579	6396	329	1182802	127431591198528	127431922191104	3024
XCHTIME	0	0	0	0	0	0	0	0	0	0	0	0
XCHTIME	1046	2	6	8346516	6519	12300	9767	459	8317471	127431591198528	127431922191104	3024
XCHTIME	0	0	0	0	0	0	0	0	0	0	0	0
XCHTIME	1046	2	5	3617460	9191	13515	7856	383	3586515	127431591198528	127431922191104	3024
XCHTIME	0	0	0	0	0	0	0	0	0	0	0	0
XCHTIME	1046	3	15	17431344	7296	12554	19028	1135	17391331	127431591198528	127431922191104	3024
LADGATE	1046	10000	0.259	1
XCHTIME	0	0	0	0	0	0	0	0	0	0	0	0
XCHTIME	1046	5	26	30280505	8368	13552	33984	2343	30222258	127431591198528	127431922191104	3024
XCHTIME	0	0	0	0	0	0	0	0	0	0	0	0
XCHTIME	1046	4	66	6985024	10165	14626	29368	3984	6926881	127431591198528	127431922191104	3024
XCHTIME	0	0	0	0	0	0	0	0	0	0	0	0
XCHTIME	1046	4	15	4207678	10531	14787	19585	1227	4161548	127431591198528	127431922191104	3024
XCHTIME	0	0	0	0	0	0	0	0	0	0	0	0
XCHTIME	1046	4	10	2400090	7662	13556	16249	649	2361974	127431591198528	127431922191104	3024
XCHTIME	0	0	0	0	0	0	0	0	0	0	0	0
XCHTIME	1046	3	15	17377937	7203	13297	20268	1148	17336021	127431591198528	127431922191104	3024
XCHTIME	0	0	0	0	0	0	0	0	0	0	0	0
XCHTIME	1046	4	11	1394803	9965	15198	14359	645	1354636	127431591198528	127431922191104	3024
XCHTIME	0	0	0	0	0	0	0	0	0	0	0	0
XCHTIME	1046	4	14	7371441	6842	12410	16872	970	7334347	127431591198528	127431922191104	3024
XCHTIME	0	0	0	0	0	0	0	0	0	0	0	0
XCHTIME	1046	4	13	12969444	7806	13458	21944	889	12925347	127431591198528	127431922191104	3024
XCHTIME	0	0	0	0	0	0	0	0	0	0	0	0
XCHTIME	1046	1	0	16338414	11357	16419	3444	0	16307194	127431591198528	127431922191104	3024
XCHTIME	0	0	0	0	0	0	0	0	0	0	0	0
XCHTIME	1046	4	6	999590	13204	18206	16041	581	951558	127431591198528	127431922191104	3024
LIFT	hydroenergy1	1046	570	2164	570
COUNTS	hydroenergy1	1046	3024	14089	14089
XCHTIME	0	0	0	0	0	0	0	0	0	0	0	0
XCHTIME	181	2	4	135001	6511	1031	575	161	126723	127431902585008	127431924646384	1440
XCHTIME	0	0	0	0	0	0	0	0	0	0	0	0
XCHTIME	181	2	6	1149074	2327	878	450	245	1145174	127431902585008	127431924646384	1440
XCHTIME	0	0	0	0	0	0	0	0	0	0	0	0
XCHTIME	181	2	5	354854	2231	832	493	154	351144	127431902585008	127431924646384	1440
XCHTIME	0	0	0	0	0	0	0	0	0	0	0	0
XCHTIME	181	4	18	2060717	2300	894	1041	572	2055910	127431902585008	127431924646384	1440
LADGATE	181	10000	0.185	1
XCHTIME	0	0	0	0	0	0	0	0	0	0	0	0
XCHTIME	181	5	26	2517648	2663	1632	1167	911	2511275	127431902585008	127431924646384	1440
XCHTIME	0	0	0	0	0	0	0	0	0	0	0	0
XCHTIME	181	4	66	110836	2252	923	755	2063	104843	127431902585008	127431924646384	1440
XCHTIME	0	0	0	0	0	0	0	0	0	0	0	0
XCHTIME	181	4	15	367612	2143	896	1052	463	363058	127431902585008	127431924646384	1440
XCHTIME	0	0	0	0	0	0	0	0	0	0	0	0
XCHTIME	181	4	10	194835	2362	885	906	363	190319	127431902585008	127431924646384	1440
XCHTIME	0	0	0	0	0	0	0	0	0	0	0	0
XCHTIME	181	4	18	2054572	2272	864	1047	560	2049829	127431902585008	127431924646384	1440
XCHTIME	0	0	0	0	0	0	0	0	0	0	0	0
XCHTIME	181	4	11	140650	2247	899	963	312	136229	127431902585008	127431924646384	1440
XCHTIME	0	0	0	0	0	0	0	0	0	0	0	0
XCHTIME	181	4	14	639720	2187	845	986	411	635291	127431902585008	127431924646384	1440
XCHTIME	0	0	0	0	0	0	0	0	0	0	0	0
XCHTIME	181	4	13	1119204	2238	804	862	469	1114831	127431902585008	127431924646384	1440
XCHTIME	0	0	0	0	0	0	0	0	0	0	0	0
XCHTIME	181	4	16	5598563	2185	977	1678	720	5593003	127431902585008	127431924646384	1440
XCHTIME	0	0	0	0	0	0	0	0	0	0	0	0
XCHTIME	181	4	6	120508	2998	1586	859	202	114863	127431902585008	127431924646384	1440
LIFT	maxmin	181	103	1284	103
COUNTS	maxmin	181	1440	8405	8405
XCHTIME	0	0	0	0	0	0	0	0	0	0	0	0
XCHTIME	8	2	4	51902	193	244	168	131	51166	127431881434992	127431917656160	18
XCHTIME	0	0	0	0	0	0	0	0	0	0	0	0
XCHTIME	8	2	6	15819	136	232	61	179	15211	127431881434992	127431917656160	18
XCHTIME	0	0	0	0	0	0	0	0	0	0	0	0
XCHTIME	8	2	5	11918	107	244	63	148	11356	127431881434992	127431917656160	18
XCHTIME	0	0	0	0	0	0	0	0	0	0	0	0
XCHTIME	8	4	16	12734	96	229	93	413	11903	127431881434992	127431917656160	18
LADGATE	8	10000	0.106	1
XCHTIME	0	0	0	0	0	0	0	0	0	0	0	0
XCHTIME	8	5	24	15512	120	209	112	631	14440	127431881434992	127431917656160	18
XCHTIME	0	0	0	0	0	0	0	0	0	0	0	0
XCHTIME	8	4	24	12371	116	266	110	543	11336	127431881434992	127431917656160	18
XCHTIME	0	0	0	0	0	0	0	0	0	0	0	0
XCHTIME	8	4	15	11043	111	244	96	351	10241	127431881434992	127431917656160	18
XCHTIME	0	0	0	0	0	0	0	0	0	0	0	0
XCHTIME	8	4	10	17320	101	226	92	237	16664	127431881434992	127431917656160	18
XCHTIME	0	0	0	0	0	0	0	0	0	0	0	0
XCHTIME	8	4	16	10725	95	218	105	378	9929	127431881434992	127431917656160	18
XCHTIME	0	0	0	0	0	0	0	0	0	0	0	0
XCHTIME	8	4	11	10678	94	226	94	249	10015	127431881434992	127431917656160	18
XCHTIME	0	0	0	0	0	0	0	0	0	0	0	0
XCHTIME	8	4	14	11834	97	208	103	320	11106	127431881434992	127431917656160	18
XCHTIME	0	0	0	0	0	0	0	0	0	0	0	0
XCHTIME	8	4	13	13797	104	193	123	296	13081	127431881434992	127431917656160	18
XCHTIME	0	0	0	0	0	0	0	0	0	0	0	0
XCHTIME	8	4	14	11826	115	194	96	340	11081	127431881434992	127431917656160	18
XCHTIME	0	0	0	0	0	0	0	0	0	0	0	0
XCHTIME	8	4	6	8328	108	239	93	147	7741	127431881434992	127431917656160	18
COUNTS	st_ht	8	18	51	44
XCHTIME	0	0	0	0	0	0	0	0	0	0	0	0
XCHTIME	6418	1	0	2754449	437254	744531	384086	0	1188578	127431594244272	127431937783824	34646
XCHTIME	0	0	0	0	0	0	0	0	0	0	0	0
XCHTIME	6418	1	0	4035009	424916	733844	366445	0	2509804	127431594244272	127431937783824	34646
XCHTIME	0	0	0	0	0	0	0	0	0	0	0	0
XCHTIME	6418	1	0	3478796	453853	758410	368158	0	1898375	127431594244272	127431937783824	34646
XCHTIME	0	0	0	0	0	0	0	0	0	0	0	0
XCHTIME	6418	1	0	11341805	420585	769063	379665	0	9772492	127431594244272	127431937783824	34646
LADGATE	6418	10000	0.841	1
XCHTIME	0	0	0	0	0	0	0	0	0	0	0	0
XCHTIME	6418	5	26	81198809	490768	746651	1874420	6961	78080009	127431594244272	127431937783824	34646
XCHTIME	0	0	0	0	0	0	0	0	0	0	0	0
XCHTIME	6418	1	0	5233447	459558	767219	380794	0	3625876	127431594244272	127431937783824	34646
XCHTIME	0	0	0	0	0	0	0	0	0	0	0	0
XCHTIME	6418	1	0	4840173	474320	733947	381704	0	3250202	127431594244272	127431937783824	34646
XCHTIME	0	0	0	0	0	0	0	0	0	0	0	0
XCHTIME	6418	2	3	7425723	451149	770122	716112	1166	5487174	127431594244272	127431937783824	34646
XCHTIME	0	0	0	0	0	0	0	0	0	0	0	0
XCHTIME	6418	1	0	9339190	437839	750910	366729	0	7783712	127431594244272	127431937783824	34646
XCHTIME	0	0	0	0	0	0	0	0	0	0	0	0
XCHTIME	6418	2	3	7344158	437018	757705	738322	1161	5409952	127431594244272	127431937783824	34646
XCHTIME	0	0	0	0	0	0	0	0	0	0	0	0
XCHTIME	6418	2	4	7826908	438283	755311	745372	1629	5886313	127431594244272	127431937783824	34646
XCHTIME	0	0	0	0	0	0	0	0	0	0	0	0
XCHTIME	6418	1	0	7786630	468550	741163	365385	0	6211532	127431594244272	127431937783824	34646
XCHTIME	0	0	0	0	0	0	0	0	0	0	0	0
XCHTIME	6418	1	0	11619793	450304	768025	369197	0	10032267	127431594244272	127431937783824	34646
XCHTIME	0	0	0	0	0	0	0	0	0	0	0	0
XCHTIME	6418	2	3	7278255	447571	755566	725637	1193	5348288	127431594244272	127431937783824	34646
LIFT	crudeoil_lee2_06	6418	4139	66598	4139
COUNTS	crudeoil_lee2_06	6418	34646	23299675	15940414
XCHTIME	0	0	0	0	0	0	0	0	0	0	0	0
XCHTIME	3183	2	4	1793293	78233	136287	110413	1002	1467358	127431922778736	127431591825472	14062
XCHTIME	0	0	0	0	0	0	0	0	0	0	0	0
XCHTIME	3183	1	0	4096766	73163	141515	55361	0	3826727	127431922778736	127431591825472	14062
XCHTIME	0	0	0	0	0	0	0	0	0	0	0	0
XCHTIME	3183	1	0	2250112	72736	132433	51943	0	1993000	127431922778736	127431591825472	14062
XCHTIME	0	0	0	0	0	0	0	0	0	0	0	0
XCHTIME	3183	2	5	11855337	71760	129956	119601	918	11533102	127431922778736	127431591825472	14062
LADGATE	3183	10000	0.480	1
XCHTIME	0	0	0	0	0	0	0	0	0	0	0	0
XCHTIME	3183	5	26	21102997	72827	131268	299618	4449	20594835	127431922778736	127431591825472	14062
XCHTIME	0	0	0	0	0	0	0	0	0	0	0	0
XCHTIME	3183	3	57	5909206	80232	143462	191081	5974	5488457	127431922778736	127431591825472	14062
XCHTIME	0	0	0	0	0	0	0	0	0	0	0	0
XCHTIME	3183	4	15	4557619	54683	114953	199398	2783	4185802	127431922778736	127431591825472	14062
XCHTIME	0	0	0	0	0	0	0	0	0	0	0	0
XCHTIME	3183	4	10	3623531	71599	132813	205433	2077	3211609	127431922778736	127431591825472	14062
XCHTIME	0	0	0	0	0	0	0	0	0	0	0	0
XCHTIME	3183	2	5	11802589	70507	130108	122777	1066	11478131	127431922778736	127431591825472	14062
XCHTIME	0	0	0	0	0	0	0	0	0	0	0	0
XCHTIME	3183	4	11	3138950	73003	130630	216154	2496	2716667	127431922778736	127431591825472	14062
XCHTIME	0	0	0	0	0	0	0	0	0	0	0	0
XCHTIME	3183	4	14	6660344	70083	140284	226113	3466	6220398	127431922778736	127431591825472	14062
XCHTIME	0	0	0	0	0	0	0	0	0	0	0	0
XCHTIME	3183	4	13	10488952	84859	151759	246175	2574	10003585	127431922778736	127431591825472	14062
XCHTIME	0	0	0	0	0	0	0	0	0	0	0	0
XCHTIME	3183	1	0	10345595	75785	131922	54919	0	10082969	127431922778736	127431591825472	14062
XCHTIME	0	0	0	0	0	0	0	0	0	0	0	0
XCHTIME	3183	4	6	2784758	85930	145282	208099	1393	2344054	127431922778736	127431591825472	14062
LIFT	kan_r3_h1_n4	3183	2301	12330	2301
COUNTS	kan_r3_h1_n4	3183	14062	104945	98697
XCHTIME	0	0	0	0	0	0	0	0	0	0	0	0
XCHTIME	378	2	4	311510	7904	2887	1371	215	299133	127431900170208	127431587860752	5610
XCHTIME	0	0	0	0	0	0	0	0	0	0	0	0
XCHTIME	378	2	6	3303637	7851	2324	1382	346	3291734	127431900170208	127431587860752	5610
XCHTIME	0	0	0	0	0	0	0	0	0	0	0	0
XCHTIME	378	2	5	1044794	7983	2459	1410	223	1032719	127431900170208	127431587860752	5610
XCHTIME	0	0	0	0	0	0	0	0	0	0	0	0
XCHTIME	378	4	18	6968971	7987	2499	3131	769	6954585	127431900170208	127431587860752	5610
LADGATE	378	10000	0.285	1
XCHTIME	0	0	0	0	0	0	0	0	0	0	0	0
XCHTIME	378	5	26	9017007	8153	2439	3236	1185	9001994	127431900170208	127431587860752	5610
XCHTIME	0	0	0	0	0	0	0	0	0	0	0	0
XCHTIME	378	4	66	1068563	7732	2364	2480	2512	1053475	127431900170208	127431587860752	5610
XCHTIME	0	0	0	0	0	0	0	0	0	0	0	0
XCHTIME	378	4	15	1068138	8380	2252	2793	578	1054135	127431900170208	127431587860752	5610
XCHTIME	0	0	0	0	0	0	0	0	0	0	0	0
XCHTIME	378	4	10	581204	8081	2195	2720	410	567798	127431900170208	127431587860752	5610
XCHTIME	0	0	0	0	0	0	0	0	0	0	0	0
XCHTIME	378	4	18	6815925	8014	5708	2778	862	6798563	127431900170208	127431587860752	5610
XCHTIME	0	0	0	0	0	0	0	0	0	0	0	0
XCHTIME	378	4	11	364136	8022	2314	2636	465	350699	127431900170208	127431587860752	5610
XCHTIME	0	0	0	0	0	0	0	0	0	0	0	0
XCHTIME	378	4	14	1909789	8044	2164	2527	529	1896525	127431900170208	127431587860752	5610
XCHTIME	0	0	0	0	0	0	0	0	0	0	0	0
XCHTIME	378	4	13	3831391	8004	2227	2565	581	3818014	127431900170208	127431587860752	5610
XCHTIME	0	0	0	0	0	0	0	0	0	0	0	0
XCHTIME	378	4	16	21071122	8153	2428	5087	843	21054611	127431900170208	127431587860752	5610
XCHTIME	0	0	0	0	0	0	0	0	0	0	0	0
XCHTIME	378	4	6	257080	8796	3126	2497	299	242362	127431900170208	127431587860752	5610
LIFT	primary	378	222	5294	222
COUNTS	primary	378	5610	109639	95258
XCHTIME	0	0	0	0	0	0	0	0	0	0	0	0
XCHTIME	1071	2	4	735916	6583	12616	7096	258	709363	127431922770000	127431922071600	2772
XCHTIME	0	0	0	0	0	0	0	0	0	0	0	0
XCHTIME	1071	2	6	4931964	6615	12283	8991	485	4903590	127431922770000	127431922071600	2772
XCHTIME	0	0	0	0	0	0	0	0	0	0	0	0
XCHTIME	1071	2	5	1683085	12138	13478	6837	336	1650296	127431922770000	127431922071600	2772
XCHTIME	0	0	0	0	0	0	0	0	0	0	0	0
XCHTIME	1071	4	18	10142790	7143	12393	19731	1172	10102351	127431922770000	127431922071600	2772
LADGATE	1071	10000	0.281	1
XCHTIME	0	0	0	0	0	0	0	0	0	0	0	0
XCHTIME	1071	5	26	12412845	8493	12864	28937	1877	12360674	127431922770000	127431922071600	2772
XCHTIME	0	0	0	0	0	0	0	0	0	0	0	0
XCHTIME	1071	4	66	6941175	9002	12972	21933	3910	6893358	127431922770000	127431922071600	2772
XCHTIME	0	0	0	0	0	0	0	0	0	0	0	0
XCHTIME	1071	4	15	2315064	10998	16070	18010	1143	2268843	127431922770000	127431922071600	2772
XCHTIME	0	0	0	0	0	0	0	0	0	0	0	0
XCHTIME	1071	4	10	1375957	7396	13406	16480	677	1337998	127431922770000	127431922071600	2772
XCHTIME	0	0	0	0	0	0	0	0	0	0	0	0
XCHTIME	1071	4	18	10235684	7526	13128	22880	1211	10190939	127431922770000	127431922071600	2772
XCHTIME	0	0	0	0	0	0	0	0	0	0	0	0
XCHTIME	1071	4	11	1054167	8642	13493	14840	716	1016476	127431922770000	127431922071600	2772
XCHTIME	0	0	0	0	0	0	0	0	0	0	0	0
XCHTIME	1071	4	14	3313959	7176	12396	21712	995	3271680	127431922770000	127431922071600	2772
XCHTIME	0	0	0	0	0	0	0	0	0	0	0	0
XCHTIME	1071	4	13	5629751	9088	13831	15396	1016	5590420	127431922770000	127431922071600	2772
XCHTIME	0	0	0	0	0	0	0	0	0	0	0	0
XCHTIME	1071	3	15	14443896	7432	15678	22651	1068	14397067	127431922770000	127431922071600	2772
XCHTIME	0	0	0	0	0	0	0	0	0	0	0	0
XCHTIME	1071	4	6	790634	13366	16323	16002	655	744288	127431922770000	127431922071600	2772
LIFT	syn10m03hfsg	1071	591	1812	591
COUNTS	syn10m03hfsg	1071	2772	9890	9812
XCHTIME	0	0	0	0	0	0	0	0	0	0	0	0
XCHTIME	36	2	4	54384	1040	882	361	118	51983	127431882225344	127431897939328	138
XCHTIME	0	0	0	0	0	0	0	0	0	0	0	0
XCHTIME	36	2	6	681616	627	390	409	407	679783	127431882225344	127431897939328	138
XCHTIME	0	0	0	0	0	0	0	0	0	0	0	0
XCHTIME	36	2	5	166976	1086	1091	179	111	164509	127431882225344	127431897939328	138
XCHTIME	0	0	0	0	0	0	0	0	0	0	0	0
XCHTIME	36	4	18	805638	629	367	397	552	803693	127431882225344	127431897939328	138
LADGATE	36	10000	0.184	1
XCHTIME	0	0	0	0	0	0	0	0	0	0	0	0
XCHTIME	36	5	26	1148418	924	994	466	831	1145203	127431882225344	127431897939328	138
XCHTIME	0	0	0	0	0	0	0	0	0	0	0	0
XCHTIME	36	4	64	8312	666	948	217	2148	4333	127431882225344	127431897939328	138
XCHTIME	0	0	0	0	0	0	0	0	0	0	0	0
XCHTIME	36	4	15	169909	421	327	237	334	168590	127431882225344	127431897939328	138
XCHTIME	0	0	0	0	0	0	0	0	0	0	0	0
XCHTIME	36	4	10	95926	593	350	240	213	94530	127431882225344	127431897939328	138
XCHTIME	0	0	0	0	0	0	0	0	0	0	0	0
XCHTIME	36	4	18	797865	594	386	339	632	795914	127431882225344	127431897939328	138
XCHTIME	0	0	0	0	0	0	0	0	0	0	0	0
XCHTIME	36	4	11	53954	635	744	253	251	52071	127431882225344	127431897939328	138
XCHTIME	0	0	0	0	0	0	0	0	0	0	0	0
XCHTIME	36	4	14	273139	617	297	450	329	271446	127431882225344	127431897939328	138
XCHTIME	0	0	0	0	0	0	0	0	0	0	0	0
XCHTIME	36	4	13	573438	739	368	262	348	571721	127431882225344	127431897939328	138
XCHTIME	0	0	0	0	0	0	0	0	0	0	0	0
XCHTIME	36	4	16	1894794	767	330	379	629	1892689	127431882225344	127431897939328	138
XCHTIME	0	0	0	0	0	0	0	0	0	0	0	0
XCHTIME	36	4	6	29935	724	859	277	135	27940	127431882225344	127431897939328	138
LIFT	wastewater02m1	36	24	118	24
COUNTS	wastewater02m1	36	138	848	790
XCHTIME	0	0	0	0	0	0	0	0	0	0	0	0
XCHTIME	4620	1	0	1506952	185844	355194	159465	0	806449	127431594295632	127431593704944	15680
XCHTIME	0	0	0	0	0	0	0	0	0	0	0	0
XCHTIME	4620	1	0	1230203	175661	343720	178432	0	532390	127431594295632	127431593704944	15680
XCHTIME	0	0	0	0	0	0	0	0	0	0	0	0
XCHTIME	4620	1	0	1407767	175798	358887	167947	0	705135	127431594295632	127431593704944	15680
XCHTIME	0	0	0	0	0	0	0	0	0	0	0	0
XCHTIME	4620	4	18	8188674	185888	345254	671478	4476	6981578	127431594295632	127431593704944	15680
LADGATE	4620	10000	0.373	1
XCHTIME	0	0	0	0	0	0	0	0	0	0	0	0
XCHTIME	4620	5	26	10423027	224785	351659	826111	6435	9014037	127431594295632	127431593704944	15680
XCHTIME	0	0	0	0	0	0	0	0	0	0	0	0
XCHTIME	4620	3	32	4685944	190507	366314	471429	6975	3650719	127431594295632	127431593704944	15680
XCHTIME	0	0	0	0	0	0	0	0	0	0	0	0
XCHTIME	4620	3	12	5180782	171040	337182	489494	2840	4180226	127431594295632	127431593704944	15680
XCHTIME	0	0	0	0	0	0	0	0	0	0	0	0
XCHTIME	4620	4	10	6729533	181570	353529	646995	2981	5544458	127431594295632	127431593704944	15680
XCHTIME	0	0	0	0	0	0	0	0	0	0	0	0
XCHTIME	4620	4	18	8046200	189758	347847	666848	4422	6837325	127431594295632	127431593704944	15680
XCHTIME	0	0	0	0	0	0	0	0	0	0	0	0
XCHTIME	4620	4	11	6835339	185093	341255	671535	3239	5634217	127431594295632	127431593704944	15680
XCHTIME	0	0	0	0	0	0	0	0	0	0	0	0
XCHTIME	4620	4	14	7177661	170050	324401	629937	3579	6049694	127431594295632	127431593704944	15680
XCHTIME	0	0	0	0	0	0	0	0	0	0	0	0
XCHTIME	4620	4	13	7722111	255445	375221	642743	3049	6445653	127431594295632	127431593704944	15680
XCHTIME	0	0	0	0	0	0	0	0	0	0	0	0
XCHTIME	4620	3	15	10033410	191982	343154	518076	3369	8976829	127431594295632	127431593704944	15680
XCHTIME	0	0	0	0	0	0	0	0	0	0	0	0
XCHTIME	4620	4	6	6787611	187152	345068	688247	1865	5565279	127431594295632	127431593704944	15680
LIFT	supplychainr1_022020	4620	2680	11920	2680
COUNTS	supplychainr1_022020	4620	15680	273140	273100
XCHTIME	0	0	0	0	0	0	0	0	0	0	0	0
XCHTIME	3800	2	4	1508701	109300	242828	192978	816	962779	127431591981344	127431590899232	11250
XCHTIME	0	0	0	0	0	0	0	0	0	0	0	0
XCHTIME	3800	2	6	1751945	73374	187964	164377	1436	1324794	127431591981344	127431590899232	11250
XCHTIME	0	0	0	0	0	0	0	0	0	0	0	0
XCHTIME	3800	2	5	1846085	103731	211173	179751	943	1350487	127431591981344	127431590899232	11250
XCHTIME	0	0	0	0	0	0	0	0	0	0	0	0
XCHTIME	3800	4	18	5592152	100375	210474	367196	3376	4910731	127431591981344	127431590899232	11250
LADGATE	3800	10000	0.256	1
XCHTIME	0	0	0	0	0	0	0	0	0	0	0	0
XCHTIME	3800	5	26	7178129	110791	204765	476814	5665	6380094	127431591981344	127431590899232	11250
XCHTIME	0	0	0	0	0	0	0	0	0	0	0	0
XCHTIME	3800	4	66	4400698	116329	216880	352998	9420	3705071	127431591981344	127431590899232	11250
XCHTIME	0	0	0	0	0	0	0	0	0	0	0	0
XCHTIME	3800	4	15	4337538	108857	231281	351806	2590	3643004	127431591981344	127431590899232	11250
XCHTIME	0	0	0	0	0	0	0	0	0	0	0	0
XCHTIME	3800	4	10	4198049	114960	210333	359446	2478	3510832	127431591981344	127431590899232	11250
XCHTIME	0	0	0	0	0	0	0	0	0	0	0	0
XCHTIME	3800	4	18	5734693	106013	222175	387923	3884	5014698	127431591981344	127431590899232	11250
XCHTIME	0	0	0	0	0	0	0	0	0	0	0	0
XCHTIME	3800	4	11	4335589	88716	195800	334669	2397	3714007	127431591981344	127431590899232	11250
XCHTIME	0	0	0	0	0	0	0	0	0	0	0	0
XCHTIME	3800	4	14	4760573	124549	253343	372240	2879	4007562	127431591981344	127431590899232	11250
XCHTIME	0	0	0	0	0	0	0	0	0	0	0	0
XCHTIME	3800	4	13	5121598	113479	232395	377373	2970	4395381	127431591981344	127431590899232	11250
XCHTIME	0	0	0	0	0	0	0	0	0	0	0	0
XCHTIME	3800	4	16	11538100	109476	214391	445437	3796	10765000	127431591981344	127431590899232	11250
XCHTIME	0	0	0	0	0	0	0	0	0	0	0	0
XCHTIME	3800	4	6	3977561	135320	223099	366122	1445	3251575	127431591981344	127431590899232	11250
LIFT	squfl025-025persp	3800	1300	6250	1300
COUNTS	squfl025-025persp	3800	11250	49925	49925
XCHTIME	0	0	0	0	0	0	0	0	0	0	0	0
XCHTIME	17999	0	0	24559904	9734400	14825504	0	0	0	127431941764608	127431941908624	121458
XCHTIME	0	0	0	0	0	0	0	0	0	0	0	0
XCHTIME	17999	1	0	26584623	9092344	14732157	2044198	0	715924	127431941764608	127431941908624	121458
XCHTIME	0	0	0	0	0	0	0	0	0	0	0	0
XCHTIME	17999	0	0	23883609	9153694	14729915	0	0	0	127431941764608	127431941908624	121458
XCHTIME	0	0	0	0	0	0	0	0	0	0	0	0
XCHTIME	17999	1	0	30300485	9186790	14751234	1955314	0	4407147	127431941764608	127431941908624	121458
LADGATE	17999	10000	0.946	0
XCHTIME	0	0	0	0	0	0	0	0	0	0	0	0
XCHTIME	17999	5	26	139564534	9301243	14720409	9956717	12923	105573242	127431941764608	127431941908624	121458
XCHTIME	0	0	0	0	0	0	0	0	0	0	0	0
XCHTIME	17999	1	0	26758346	9324679	14725405	1978743	0	729519	127431941764608	127431941908624	121458
XCHTIME	0	0	0	0	0	0	0	0	0	0	0	0
XCHTIME	17999	1	0	26512339	9137378	14704468	1965742	0	704751	127431941764608	127431941908624	121458
XCHTIME	0	0	0	0	0	0	0	0	0	0	0	0
XCHTIME	17999	1	0	29583858	9154219	14637210	1944826	0	3847603	127431941764608	127431941908624	121458
XCHTIME	0	0	0	0	0	0	0	0	0	0	0	0
XCHTIME	17999	1	0	30286468	9249860	14678343	1955146	0	4403119	127431941764608	127431941908624	121458
XCHTIME	0	0	0	0	0	0	0	0	0	0	0	0
XCHTIME	17999	1	0	29746098	9273811	14673678	1955459	0	3843150	127431941764608	127431941908624	121458
XCHTIME	0	0	0	0	0	0	0	0	0	0	0	0
XCHTIME	17999	1	0	29926634	9242985	14714345	1981056	0	3988248	127431941764608	127431941908624	121458
XCHTIME	0	0	0	0	0	0	0	0	0	0	0	0
XCHTIME	17999	1	0	30213910	9264589	14771955	1984236	0	4193130	127431941764608	127431941908624	121458
XCHTIME	0	0	0	0	0	0	0	0	0	0	0	0
XCHTIME	17999	1	0	30751448	9205374	14797181	1962087	0	4786806	127431941764608	127431941908624	121458
XCHTIME	0	0	0	0	0	0	0	0	0	0	0	0
XCHTIME	17999	1	0	29772379	9218009	14726675	1992878	0	3834817	127431941764608	127431941908624	121458
LIFT	ringpack_30_2	17999	9231	103922	9231
COUNTS	ringpack_30_2	17999	121458	12394600	2864237
LIFT	nuclear104	39098	26306	232222	26306
COUNTS	nuclear104	39098	257806	103156931	78332024
XCHTIME	0	0	0	0	0	0	0	0	0	0	0	0
XCHTIME	4952	2	4	2935969	179413	408659	388264	1176	1958457	127431593594048	127431938291744	15700
XCHTIME	0	0	0	0	0	0	0	0	0	0	0	0
XCHTIME	4952	1	0	4390785	218313	452921	218773	0	3500778	127431593594048	127431938291744	15700
XCHTIME	0	0	0	0	0	0	0	0	0	0	0	0
XCHTIME	4952	2	5	3820802	237193	421196	399150	1093	2762170	127431593594048	127431938291744	15700
XCHTIME	0	0	0	0	0	0	0	0	0	0	0	0
XCHTIME	4952	2	5	12116905	203307	412154	401460	1329	11098655	127431593594048	127431938291744	15700
LADGATE	4952	10000	0.603	1
XCHTIME	0	0	0	0	0	0	0	0	0	0	0	0
XCHTIME	4952	5	26	23998966	214602	437261	1034781	5500	22306822	127431593594048	127431938291744	15700
XCHTIME	0	0	0	0	0	0	0	0	0	0	0	0
XCHTIME	4952	2	19	6102415	233071	429893	409828	3141	5026482	127431593594048	127431938291744	15700
XCHTIME	0	0	0	0	0	0	0	0	0	0	0	0
XCHTIME	4952	3	12	5986178	211759	413595	563600	2539	4794685	127431593594048	127431938291744	15700
XCHTIME	0	0	0	0	0	0	0	0	0	0	0	0
XCHTIME	4952	4	10	6824421	210776	424695	749047	2745	5437158	127431593594048	127431938291744	15700
XCHTIME	0	0	0	0	0	0	0	0	0	0	0	0
XCHTIME	4952	3	15	12375765	194981	423494	624397	3022	11129871	127431593594048	127431938291744	15700
XCHTIME	0	0	0	0	0	0	0	0	0	0	0	0
XCHTIME	4952	4	11	6385936	214337	434898	784583	2916	4949202	127431593594048	127431938291744	15700
XCHTIME	0	0	0	0	0	0	0	0	0	0	0	0
XCHTIME	4952	4	14	9702900	201176	422228	776809	3419	8299268	127431593594048	127431938291744	15700
XCHTIME	0	0	0	0	0	0	0	0	0	0	0	0
XCHTIME	4952	4	13	12203032	213442	421536	794180	2778	10771096	127431593594048	127431938291744	15700
XCHTIME	0	0	0	0	0	0	0	0	0	0	0	0
XCHTIME	4952	1	0	12320671	211470	408617	189396	0	11511188	127431593594048	127431938291744	15700
XCHTIME	0	0	0	0	0	0	0	0	0	0	0	0
XCHTIME	4952	4	6	5906105	217792	432464	743101	1533	4511215	127431593594048	127431938291744	15700
LIFT	chp_shorttermplan1a	4952	2592	11264	2592
COUNTS	chp_shorttermplan1a	4952	15700	376486	299565
XCHTIME	0	0	0	0	0	0	0	0	0	0	0	0
XCHTIME	555	2	4	1612443	10685	5800	2966	317	1592675	127431922115984	127431593633680	3488
XCHTIME	0	0	0	0	0	0	0	0	0	0	0	0
XCHTIME	555	2	6	9657599	5558	3995	3097	448	9644501	127431922115984	127431593633680	3488
XCHTIME	0	0	0	0	0	0	0	0	0	0	0	0
XCHTIME	555	2	5	5678813	6076	4106	3268	347	5665016	127431922115984	127431593633680	3488
XCHTIME	0	0	0	0	0	0	0	0	0	0	0	0
XCHTIME	555	2	5	19470181	5483	3917	2770	312	19457699	127431922115984	127431593633680	3488
LADGATE	555	10000	0.416	1
XCHTIME	0	0	0	0	0	0	0	0	0	0	0	0
XCHTIME	555	4	10	3220286	5988	4410	4740	717	3204431	127431922115984	127431593633680	3488
XCHTIME	0	0	0	0	0	0	0	0	0	0	0	0
XCHTIME	555	4	66	367953	5208	3909	4867	4908	349061	127431922115984	127431593633680	3488
XCHTIME	0	0	0	0	0	0	0	0	0	0	0	0
XCHTIME	555	4	15	6037641	5208	3847	4660	1170	6022756	127431922115984	127431593633680	3488
XCHTIME	0	0	0	0	0	0	0	0	0	0	0	0
XCHTIME	555	4	10	3224882	5506	4120	5543	694	3209019	127431922115984	127431593633680	3488
XCHTIME	0	0	0	0	0	0	0	0	0	0	0	0
XCHTIME	555	2	5	19888021	5467	4153	2806	315	19875280	127431922115984	127431593633680	3488
XCHTIME	0	0	0	0	0	0	0	0	0	0	0	0
XCHTIME	555	4	11	1619240	6091	4581	5459	762	1602347	127431922115984	127431593633680	3488
XCHTIME	0	0	0	0	0	0	0	0	0	0	0	0
XCHTIME	555	4	14	11322931	5482	4206	5264	1093	11306886	127431922115984	127431593633680	3488
XCHTIME	0	0	0	0	0	0	0	0	0	0	0	0
XCHTIME	555	4	13	18578852	5981	4506	5621	915	18561829	127431922115984	127431593633680	3488
XCHTIME	0	0	0	0	0	0	0	0	0	0	0	0
XCHTIME	555	1	0	18570128	5859	4548	1207	0	18558514	127431922115984	127431593633680	3488
XCHTIME	0	0	0	0	0	0	0	0	0	0	0	0
XCHTIME	555	4	6	795927	8120	5733	6318	505	775251	127431922115984	127431593633680	3488
LIFT	rocket50	555	450	3272	450
COUNTS	rocket50	555	3488	19983	19265
XCHTIME	0	0	0	0	0	0	0	0	0	0	0	0
XCHTIME	8508	1	0	3848127	693845	1355923	675622	0	1122737	127431593836032	127431593904112	24272
XCHTIME	0	0	0	0	0	0	0	0	0	0	0	0
XCHTIME	8508	1	0	4181095	674992	1352012	670187	0	1483904	127431593836032	127431593904112	24272
XCHTIME	0	0	0	0	0	0	0	0	0	0	0	0
XCHTIME	8508	1	0	4326170	667260	1346656	658560	0	1653694	127431593836032	127431593904112	24272
XCHTIME	0	0	0	0	0	0	0	0	0	0	0	0
XCHTIME	8508	1	0	12413165	680354	1342225	666965	0	9723621	127431593836032	127431593904112	24272
LADGATE	8508	10000	0.685	1
XCHTIME	0	0	0	0	0	0	0	0	0	0	0	0
XCHTIME	8508	5	26	145357619	618518	1361112	3351573	12332	140014084	127431593836032	127431593904112	24272
XCHTIME	0	0	0	0	0	0	0	0	0	0	0	0
XCHTIME	8508	1	0	6411058	686736	1342720	670499	0	3711103	127431593836032	127431593904112	24272
XCHTIME	0	0	0	0	0	0	0	0	0	0	0	0
XCHTIME	8508	1	0	7296586	660835	1363597	662901	0	4609253	127431593836032	127431593904112	24272
XCHTIME	0	0	0	0	0	0	0	0	0	0	0	0
XCHTIME	8508	2	3	13021712	673186	1343111	1341494	1636	9662285	127431593836032	127431593904112	24272
XCHTIME	0	0	0	0	0	0	0	0	0	0	0	0
XCHTIME	8508	1	0	12467979	684298	1344998	672063	0	9766620	127431593836032	127431593904112	24272
XCHTIME	0	0	0	0	0	0	0	0	0	0	0	0
XCHTIME	8508	2	3	12729918	687247	1352384	1355567	1627	9333093	127431593836032	127431593904112	24272
XCHTIME	0	0	0	0	0	0	0	0	0	0	0	0
XCHTIME	8508	1	0	12904136	693340	1346140	672312	0	10192344	127431593836032	127431593904112	24272
XCHTIME	0	0	0	0	0	0	0	0	0	0	0	0
XCHTIME	8508	1	0	12858089	685281	1342182	667507	0	10163119	127431593836032	127431593904112	24272
XCHTIME	0	0	0	0	0	0	0	0	0	0	0	0
XCHTIME	8508	1	0	10842173	678671	1343998	666187	0	8153317	127431593836032	127431593904112	24272
XCHTIME	0	0	0	0	0	0	0	0	0	0	0	0
XCHTIME	8508	2	3	12019789	668894	1343170	1359181	1451	8647093	127431593836032	127431593904112	24272
LIFT	rsyn0840m04m	8508	4368	17360	4368
COUNTS	rsyn0840m04m	8508	24272	229914	185785
XCHTIME	0	0	0	0	0	0	0	0	0	0	0	0
XCHTIME	11716	1	0	5856324	1283303	2263112	884960	0	1424949	127431939843552	127431939937296	37660
XCHTIME	0	0	0	0	0	0	0	0	0	0	0	0
XCHTIME	11716	1	0	8180315	1178666	2195810	882004	0	3923835	127431939843552	127431939937296	37660
XCHTIME	0	0	0	0	0	0	0	0	0	0	0	0
XCHTIME	11716	1	0	7358684	1259955	2242358	878857	0	2977514	127431939843552	127431939937296	37660
XCHTIME	0	0	0	0	0	0	0	0	0	0	0	0
XCHTIME	11716	1	0	13172272	1261665	2207145	854548	0	8848914	127431939843552	127431939937296	37660
LADGATE	11716	10000	0.612	0
XCHTIME	0	0	0	0	0	0	0	0	0	0	0	0
XCHTIME	11716	5	26	64020609	1306628	2234486	4502889	12347	55964259	127431939843552	127431939937296	37660
XCHTIME	0	0	0	0	0	0	0	0	0	0	0	0
XCHTIME	11716	1	0	8631966	1264177	2247031	882349	0	4238409	127431939843552	127431939937296	37660
XCHTIME	0	0	0	0	0	0	0	0	0	0	0	0
XCHTIME	11716	1	0	8315504	1295104	2214407	870333	0	3935660	127431939843552	127431939937296	37660
XCHTIME	0	0	0	0	0	0	0	0	0	0	0	0
XCHTIME	11716	2	3	12110566	1279449	2241945	1789300	1740	6798132	127431939843552	127431939937296	37660
XCHTIME	0	0	0	0	0	0	0	0	0	0	0	0
XCHTIME	11716	1	0	13131176	1246763	2219655	889548	0	8775210	127431939843552	127431939937296	37660
XCHTIME	0	0	0	0	0	0	0	0	0	0	0	0
XCHTIME	11716	2	3	12237839	1294951	2226510	1777245	1779	6937354	127431939843552	127431939937296	37660
XCHTIME	0	0	0	0	0	0	0	0	0	0	0	0
XCHTIME	11716	1	0	11858322	1273227	2244560	886326	0	7454209	127431939843552	127431939937296	37660
XCHTIME	0	0	0	0	0	0	0	0	0	0	0	0
XCHTIME	11716	1	0	12771134	1309019	2242043	868409	0	8351663	127431939843552	127431939937296	37660
XCHTIME	0	0	0	0	0	0	0	0	0	0	0	0
XCHTIME	11716	1	0	13354946	1206372	2238606	860076	0	9049892	127431939843552	127431939937296	37660
XCHTIME	0	0	0	0	0	0	0	0	0	0	0	0
XCHTIME	11716	2	3	12382714	1308326	2220095	1771498	1806	7080989	127431939843552	127431939937296	37660
LIFT	mpbp_21	11716	6945	28072	6945
COUNTS	mpbp_21	11716	37660	1691114	1456963
XCHTIME	0	0	0	0	0	0	0	0	0	0	0	0
XCHTIME	172	2	4	119147	4198	1091	687	119	113052	127431924773472	127431593685152	1096
XCHTIME	0	0	0	0	0	0	0	0	0	0	0	0
XCHTIME	172	2	6	1515448	1902	906	695	136	1511809	127431924773472	127431593685152	1096
XCHTIME	0	0	0	0	0	0	0	0	0	0	0	0
XCHTIME	172	2	5	444401	2142	1198	401	115	440545	127431924773472	127431593685152	1096
XCHTIME	0	0	0	0	0	0	0	0	0	0	0	0
XCHTIME	172	4	18	2948672	1867	1447	1179	386	2943793	127431924773472	127431593685152	1096
LADGATE	172	10000	0.219	1
XCHTIME	0	0	0	0	0	0	0	0	0	0	0	0
XCHTIME	172	5	26	3701209	2010	1301	1251	566	3696081	127431924773472	127431593685152	1096
XCHTIME	0	0	0	0	0	0	0	0	0	0	0	0
XCHTIME	172	4	66	117693	1802	1104	941	1737	112109	127431924773472	127431593685152	1096
XCHTIME	0	0	0	0	0	0	0	0	0	0	0	0
XCHTIME	172	4	15	389388	1789	884	1396	313	385006	127431924773472	127431593685152	1096
XCHTIME	0	0	0	0	0	0	0	0	0	0	0	0
XCHTIME	172	4	10	189843	1766	879	808	215	186175	127431924773472	127431593685152	1096
XCHTIME	0	0	0	0	0	0	0	0	0	0	0	0
XCHTIME	172	4	18	2895290	1799	882	940	389	2891280	127431924773472	127431593685152	1096
XCHTIME	0	0	0	0	0	0	0	0	0	0	0	0
XCHTIME	172	4	11	110586	1831	887	812	249	106807	127431924773472	127431593685152	1096
XCHTIME	0	0	0	0	0	0	0	0	0	0	0	0
XCHTIME	172	4	14	873110	1870	965	929	365	868981	127431924773472	127431593685152	1096
XCHTIME	0	0	0	0	0	0	0	0	0	0	0	0
XCHTIME	172	4	13	1530020	1855	858	932	275	1526100	127431924773472	127431593685152	1096
XCHTIME	0	0	0	0	0	0	0	0	0	0	0	0
XCHTIME	172	4	16	11844852	1779	857	2188	580	11839448	127431924773472	127431593685152	1096
XCHTIME	0	0	0	0	0	0	0	0	0	0	0	0
XCHTIME	172	4	6	81958	2233	1728	982	221	76794	127431924773472	127431593685152	1096
LIFT	orth_d4m6_pl	172	92	896	92
COUNTS	orth_d4m6_pl	172	1096	10938	10703
XCHTIME	0	0	0	0	0	0	0	0	0	0	0	0
XCHTIME	1681	2	4	2671066	14295	28419	14605	564	2613183	127431948033520	127431939638400	7432
XCHTIME	0	0	0	0	0	0	0	0	0	0	0	0
XCHTIME	1681	2	6	7532722	14417	28886	24586	876	7463957	127431948033520	127431939638400	7432
XCHTIME	0	0	0	0	0	0	0	0	0	0	0	0
XCHTIME	1681	2	5	5576692	16994	33486	24458	708	5501046	127431948033520	127431939638400	7432
XCHTIME	0	0	0	0	0	0	0	0	0	0	0	0
XCHTIME	1681	3	15	15293908	37051	42730	45710	2029	15166388	127431948033520	127431939638400	7432
LADGATE	1681	10000	0.526	1
XCHTIME	0	0	0	0	0	0	0	0	0	0	0	0
XCHTIME	1681	5	26	36963465	28302	36058	86107	3855	36809143	127431948033520	127431939638400	7432
XCHTIME	0	0	0	0	0	0	0	0	0	0	0	0
XCHTIME	1681	2	19	5349400	26560	38051	30117	1680	5252992	127431948033520	127431939638400	7432
XCHTIME	0	0	0	0	0	0	0	0	0	0	0	0
XCHTIME	1681	4	15	7268744	19436	33335	43881	2360	7169732	127431948033520	127431939638400	7432
XCHTIME	0	0	0	0	0	0	0	0	0	0	0	0
XCHTIME	1681	4	10	5544231	27215	40216	43027	2131	5431642	127431948033520	127431939638400	7432
XCHTIME	0	0	0	0	0	0	0	0	0	0	0	0
XCHTIME	1681	3	15	15518010	17449	32864	47596	1865	15418236	127431948033520	127431939638400	7432
XCHTIME	0	0	0	0	0	0	0	0	0	0	0	0
XCHTIME	1681	4	11	3915249	18511	33875	43725	1695	3817443	127431948033520	127431939638400	7432
XCHTIME	0	0	0	0	0	0	0	0	0	0	0	0
XCHTIME	1681	4	14	12146296	17336	31485	45875	2502	12049098	127431948033520	127431939638400	7432
XCHTIME	0	0	0	0	0	0	0	0	0	0	0	0
XCHTIME	1681	4	13	15547676	21256	33581	61516	1965	15429358	127431948033520	127431939638400	7432
XCHTIME	0	0	0	0	0	0	0	0	0	0	0	0
XCHTIME	1681	1	0	14023592	17808	32176	8419	0	13965189	127431948033520	127431939638400	7432
XCHTIME	0	0	0	0	0	0	0	0	0	0	0	0
XCHTIME	1681	4	6	2521173	27899	41070	36505	714	2414985	127431948033520	127431939638400	7432
LIFT	kall_circlespolygons_c1p5b	1681	1245	6560	1245
COUNTS	kall_circlespolygons_c1p5b	1681	7432	201759	193841
LIFT	acopf_case9241pegase_qcqp	313068	201757	1141270	201757
COUNTS	acopf_case9241pegase_qcqp	313068	1292408	34647355	33736789
XCHTIME	0	0	0	0	0	0	0	0	0	0	0	0
XCHTIME	33	2	4	64525	610	645	250	169	62851	127431890516720	127431902614352	82
XCHTIME	0	0	0	0	0	0	0	0	0	0	0	0
XCHTIME	33	2	6	356119	414	520	149	178	354858	127431890516720	127431902614352	82
XCHTIME	0	0	0	0	0	0	0	0	0	0	0	0
XCHTIME	33	2	5	137533	292	964	192	131	135954	127431890516720	127431902614352	82
XCHTIME	0	0	0	0	0	0	0	0	0	0	0	0
XCHTIME	33	4	18	526644	343	478	393	507	524923	127431890516720	127431902614352	82
LADGATE	33	10000	0.172	1
XCHTIME	0	0	0	0	0	0	0	0	0	0	0	0
XCHTIME	33	5	26	954400	687	837	510	687	951679	127431890516720	127431902614352	82
XCHTIME	0	0	0	0	0	0	0	0	0	0	0	0
XCHTIME	33	4	61	1408483	570	992	492	1732	1404697	127431890516720	127431902614352	82
XCHTIME	0	0	0	0	0	0	0	0	0	0	0	0
XCHTIME	33	4	15	136554	605	719	307	467	134456	127431890516720	127431902614352	82
XCHTIME	0	0	0	0	0	0	0	0	0	0	0	0
XCHTIME	33	4	10	95183	442	528	252	247	93714	127431890516720	127431902614352	82
XCHTIME	0	0	0	0	0	0	0	0	0	0	0	0
XCHTIME	33	4	18	531879	451	616	413	449	529950	127431890516720	127431902614352	82
XCHTIME	0	0	0	0	0	0	0	0	0	0	0	0
XCHTIME	33	4	11	63747	366	743	289	281	62068	127431890516720	127431902614352	82
XCHTIME	0	0	0	0	0	0	0	0	0	0	0	0
XCHTIME	33	4	14	269504	369	512	281	618	267724	127431890516720	127431902614352	82
XCHTIME	0	0	0	0	0	0	0	0	0	0	0	0
XCHTIME	33	4	13	423027	381	604	252	360	421430	127431890516720	127431902614352	82
XCHTIME	0	0	0	0	0	0	0	0	0	0	0	0
XCHTIME	33	4	16	2572423	415	563	763	543	2570139	127431890516720	127431902614352	82
XCHTIME	0	0	0	0	0	0	0	0	0	0	0	0
XCHTIME	33	4	6	40756	737	798	401	204	38616	127431890516720	127431902614352	82
LIFT	ex1223	33	18	54	18
COUNTS	ex1223	33	82	244	244
XCHTIME	0	0	0	0	0	0	0	0	0	0	0	0
XCHTIME	10	2	4	29358	189	236	99	173	28661	127431892008992	127431902586480	48
XCHTIME	0	0	0	0	0	0	0	0	0	0	0	0
XCHTIME	10	2	6	82400	179	289	78	236	81618	127431892008992	127431902586480	48
XCHTIME	0	0	0	0	0	0	0	0	0	0	0	0
XCHTIME	10	2	5	76085	160	261	54	207	75403	127431892008992	127431902586480	48
XCHTIME	0	0	0	0	0	0	0	0	0	0	0	0
XCHTIME	10	4	18	81269	146	255	107	631	80130	127431892008992	127431902586480	48
LADGATE	10	10000	0.122	1
XCHTIME	0	0	0	0	0	0	0	0	0	0	0	0
XCHTIME	10	4	10	48985	230	372	137	397	47849	127431892008992	127431902586480	48
XCHTIME	0	0	0	0	0	0	0	0	0	0	0	0
XCHTIME	10	4	29	76485	174	278	104	885	75044	127431892008992	127431902586480	48
XCHTIME	0	0	0	0	0	0	0	0	0	0	0	0
XCHTIME	10	4	15	54013	174	275	117	483	52964	127431892008992	127431902586480	48
XCHTIME	0	0	0	0	0	0	0	0	0	0	0	0
XCHTIME	10	4	10	47360	228	317	115	331	46369	127431892008992	127431902586480	48
XCHTIME	0	0	0	0	0	0	0	0	0	0	0	0
XCHTIME	10	4	18	86230	169	224	105	560	85172	127431892008992	127431902586480	48
XCHTIME	0	0	0	0	0	0	0	0	0	0	0	0
XCHTIME	10	4	11	24733	215	287	108	362	23761	127431892008992	127431902586480	48
XCHTIME	0	0	0	0	0	0	0	0	0	0	0	0
XCHTIME	10	4	14	95549	195	233	110	470	94541	127431892008992	127431902586480	48
XCHTIME	0	0	0	0	0	0	0	0	0	0	0	0
XCHTIME	10	4	13	113114	199	230	119	432	112134	127431892008992	127431902586480	48
XCHTIME	0	0	0	0	0	0	0	0	0	0	0	0
XCHTIME	10	4	16	109455	221	217	100	528	108389	127431892008992	127431902586480	48
XCHTIME	0	0	0	0	0	0	0	0	0	0	0	0
XCHTIME	10	4	6	16277	183	260	95	187	15552	127431892008992	127431902586480	48
COUNTS	ex6_1_4	10	48	197	153
XCHTIME	0	0	0	0	0	0	0	0	0	0	0	0
XCHTIME	403	2	4	225865	8264	4218	1823	209	211351	127431922232080	127431591081856	1630
XCHTIME	0	0	0	0	0	0	0	0	0	0	0	0
XCHTIME	403	2	6	1438895	3322	2931	1691	236	1430715	127431922232080	127431591081856	1630
XCHTIME	0	0	0	0	0	0	0	0	0	0	0	0
XCHTIME	403	2	5	501081	3293	3583	1810	271	492124	127431922232080	127431591081856	1630
XCHTIME	0	0	0	0	0	0	0	0	0	0	0	0
XCHTIME	403	4	18	2620734	3072	3163	3828	913	2609758	127431922232080	127431591081856	1630
LADGATE	403	10000	0.269	1
XCHTIME	0	0	0	0	0	0	0	0	0	0	0	0
XCHTIME	403	5	26	3307519	3060	3166	3727	972	3296594	127431922232080	127431591081856	1630
XCHTIME	0	0	0	0	0	0	0	0	0	0	0	0
XCHTIME	403	4	66	1902031	3086	3138	3571	2095	1890141	127431922232080	127431591081856	1630
XCHTIME	0	0	0	0	0	0	0	0	0	0	0	0
XCHTIME	403	4	15	567868	3143	3158	3511	571	557485	127431922232080	127431591081856	1630
XCHTIME	0	0	0	0	0	0	0	0	0	0	0	0
XCHTIME	403	4	10	406589	3166	2994	3565	397	396467	127431922232080	127431591081856	1630
XCHTIME	0	0	0	0	0	0	0	0	0	0	0	0
XCHTIME	403	4	18	2651625	3033	2874	3589	820	2641309	127431922232080	127431591081856	1630
XCHTIME	0	0	0	0	0	0	0	0	0	0	0	0
XCHTIME	403	4	11	281190	3050	3195	3223	381	271341	127431922232080	127431591081856	1630
XCHTIME	0	0	0	0	0	0	0	0	0	0	0	0
XCHTIME	403	4	14	928456	3114	2984	3784	651	917923	127431922232080	127431591081856	1630
XCHTIME	0	0	0	0	0	0	0	0	0	0	0	0
XCHTIME	403	4	13	1467978	3071	2850	3352	516	1458189	127431922232080	127431591081856	1630
XCHTIME	0	0	0	0	0	0	0	0	0	0	0	0
XCHTIME	403	4	16	8150435	3263	3025	4945	1080	8138122	127431922232080	127431591081856	1630
XCHTIME	0	0	0	0	0	0	0	0	0	0	0	0
XCHTIME	403	4	6	230110	3408	4060	3376	355	218911	127431922232080	127431591081856	1630
LIFT	powerflow0014r	403	234	1432	234
COUNTS	powerflow0014r	403	1630	10761	10361
XCHTIME	0	0	0	0	0	0	0	0	0	0	0	0
XCHTIME	2065	2	4	1638311	48165	47458	24872	702	1517114	127431939820224	127431940396064	31132
XCHTIME	0	0	0	0	0	0	0	0	0	0	0	0
XCHTIME	2065	1	0	7546990	44311	45773	10925	0	7445981	127431939820224	127431940396064	31132
XCHTIME	0	0	0	0	0	0	0	0	0	0	0	0
XCHTIME	2065	2	5	4435942	62723	59048	49109	921	4264141	127431939820224	127431940396064	31132
XCHTIME	0	0	0	0	0	0	0	0	0	0	0	0
XCHTIME	2065	2	5	15172584	50564	61471	45079	888	15014582	127431939820224	127431940396064	31132
LADGATE	2065	10000	0.254	1
XCHTIME	0	0	0	0	0	0	0	0	0	0	0	0
XCHTIME	2065	5	26	40772649	55440	54875	140813	5189	40516332	127431939820224	127431940396064	31132
XCHTIME	0	0	0	0	0	0	0	0	0	0	0	0
XCHTIME	2065	4	66	3912302	70263	64668	75541	6867	3694963	127431939820224	127431940396064	31132
XCHTIME	0	0	0	0	0	0	0	0	0	0	0	0
XCHTIME	2065	4	15	4517258	58328	56409	81151	2980	4318390	127431939820224	127431940396064	31132
XCHTIME	0	0	0	0	0	0	0	0	0	0	0	0
XCHTIME	2065	4	10	3307612	55303	53811	64106	1431	3132961	127431939820224	127431940396064	31132
XCHTIME	0	0	0	0	0	0	0	0	0	0	0	0
XCHTIME	2065	2	5	15251333	52718	52881	45379	973	15099382	127431939820224	127431940396064	31132
XCHTIME	0	0	0	0	0	0	0	0	0	0	0	0
XCHTIME	2065	4	11	2974250	60643	60856	92004	2035	2758712	127431939820224	127431940396064	31132
XCHTIME	0	0	0	0	0	0	0	0	0	0	0	0
XCHTIME	2065	4	14	9797966	52317	53359	82696	2480	9607114	127431939820224	127431940396064	31132
XCHTIME	0	0	0	0	0	0	0	0	0	0	0	0
XCHTIME	2065	4	13	13868775	59915	57469	91225	2524	13657642	127431939820224	127431940396064	31132
XCHTIME	0	0	0	0	0	0	0	0	0	0	0	0
XCHTIME	2065	1	0	15695112	55019	53586	23934	0	15562573	127431939820224	127431940396064	31132
XCHTIME	0	0	0	0	0	0	0	0	0	0	0	0
XCHTIME	2065	4	6	2593875	74455	65847	60878	933	2391762	127431939820224	127431940396064	31132
LIFT	knp5-43	2065	1119	29756	1119
COUNTS	knp5-43	2065	31132	3517788	3517788
XCHTIME	0	0	0	0	0	0	0	0	0	0	0	0
XCHTIME	21688	0	0	0	0	0	0	0	0	127431941561792	127431412285520	89702
XCHTIME	0	0	0	0	0	0	0	0	0	0	0	0
XCHTIME	21688	0	0	33153163	12581751	20571412	0	0	0	127431941561792	127431412285520	89702
XCHTIME	0	0	0	0	0	0	0	0	0	0	0	0
XCHTIME	21688	0	0	33124178	12420507	20703671	0	0	0	127431941561792	127431412285520	89702
XCHTIME	0	0	0	0	0	0	0	0	0	0	0	0
XCHTIME	21688	1	0	39886850	12418815	20847673	2856631	0	3763731	127431941561792	127431412285520	89702
LADGATE	21688	10000	0.727	0
XCHTIME	0	0	0	0	0	0	0	0	0	0	0	0
XCHTIME	21688	5	26	219551770	12537847	20717204	14451576	19407	171825736	127431941561792	127431412285520	89702
LIFT	gabriel09	21688	11348	105698	11348
COUNTS	gabriel09	21688	89702	29373994	25565816
XCHTIME	0	0	0	0	0	0	0	0	0	0	0	0
XCHTIME	32	2	4	52564	570	496	189	142	51167	127431893474288	127431900173248	88
XCHTIME	0	0	0	0	0	0	0	0	0	0	0	0
XCHTIME	32	2	6	324576	566	417	120	170	323303	127431893474288	127431900173248	88
XCHTIME	0	0	0	0	0	0	0	0	0	0	0	0
XCHTIME	32	2	5	101899	803	420	265	152	100259	127431893474288	127431900173248	88
XCHTIME	0	0	0	0	0	0	0	0	0	0	0	0
XCHTIME	32	4	18	322498	457	595	262	502	320682	127431893474288	127431900173248	88
LADGATE	32	10000	0.166	1
XCHTIME	0	0	0	0	0	0	0	0	0	0	0	0
XCHTIME	32	5	26	630657	557	861	305	808	628126	127431893474288	127431900173248	88
XCHTIME	0	0	0	0	0	0	0	0	0	0	0	0
XCHTIME	32	4	60	635755	693	669	512	1716	632165	127431893474288	127431900173248	88
XCHTIME	0	0	0	0	0	0	0	0	0	0	0	0
XCHTIME	32	4	15	150448	525	601	255	346	148721	127431893474288	127431900173248	88
XCHTIME	0	0	0	0	0	0	0	0	0	0	0	0
XCHTIME	32	4	10	86875	490	464	234	237	85450	127431893474288	127431900173248	88
XCHTIME	0	0	0	0	0	0	0	0	0	0	0	0
XCHTIME	32	4	18	310701	456	469	212	449	309115	127431893474288	127431900173248	88
XCHTIME	0	0	0	0	0	0	0	0	0	0	0	0
XCHTIME	32	4	11	52357	407	465	251	238	50996	127431893474288	127431900173248	88
XCHTIME	0	0	0	0	0	0	0	0	0	0	0	0
XCHTIME	32	4	14	243621	351	470	224	297	242279	127431893474288	127431900173248	88
XCHTIME	0	0	0	0	0	0	0	0	0	0	0	0
XCHTIME	32	4	13	284259	342	557	235	352	282773	127431893474288	127431900173248	88
XCHTIME	0	0	0	0	0	0	0	0	0	0	0	0
XCHTIME	32	4	16	1507810	460	468	335	508	1506039	127431893474288	127431900173248	88
XCHTIME	0	0	0	0	0	0	0	0	0	0	0	0
XCHTIME	32	4	6	33310	611	572	394	121	31612	127431893474288	127431900173248	88
LIFT	tln2	32	18	60	18
COUNTS	tln2	32	88	233	233
XCHTIME	0	0	0	0	0	0	0	0	0	0	0	0
XCHTIME	22	2	4	33950	388	356	158	134	32914	127431883585344	127431902584000	76
XCHTIME	0	0	0	0	0	0	0	0	0	0	0	0
XCHTIME	22	2	6	363218	301	322	135	178	362282	127431883585344	127431902584000	76
XCHTIME	0	0	0	0	0	0	0	0	0	0	0	0
XCHTIME	22	2	5	88104	327	298	123	162	87194	127431883585344	127431902584000	76
XCHTIME	0	0	0	0	0	0	0	0	0	0	0	0
XCHTIME	22	4	18	429551	307	267	229	565	428183	127431883585344	127431902584000	76
LADGATE	22	10000	0.149	1
XCHTIME	0	0	0	0	0	0	0	0	0	0	0	0
XCHTIME	22	5	26	724227	404	332	281	934	722276	127431883585344	127431902584000	76
XCHTIME	0	0	0	0	0	0	0	0	0	0	0	0
XCHTIME	22	4	50	686795	453	351	241	1871	683879	127431883585344	127431902584000	76
XCHTIME	0	0	0	0	0	0	0	0	0	0	0	0
XCHTIME	22	4	15	124733	387	324	258	471	123293	127431883585344	127431902584000	76
XCHTIME	0	0	0	0	0	0	0	0	0	0	0	0
XCHTIME	22	4	10	55835	368	330	210	270	54657	127431883585344	127431902584000	76
XCHTIME	0	0	0	0	0	0	0	0	0	0	0	0
XCHTIME	22	4	18	417059	340	287	205	541	415686	127431883585344	127431902584000	76
XCHTIME	0	0	0	0	0	0	0	0	0	0	0	0
XCHTIME	22	4	11	35963	343	308	237	314	34761	127431883585344	127431902584000	76
XCHTIME	0	0	0	0	0	0	0	0	0	0	0	0
XCHTIME	22	4	14	241755	298	273	174	395	240615	127431883585344	127431902584000	76
XCHTIME	0	0	0	0	0	0	0	0	0	0	0	0
XCHTIME	22	4	13	411125	293	276	185	390	409981	127431883585344	127431902584000	76
XCHTIME	0	0	0	0	0	0	0	0	0	0	0	0
XCHTIME	22	4	16	1610776	294	279	226	504	1609473	127431883585344	127431902584000	76
XCHTIME	0	0	0	0	0	0	0	0	0	0	0	0
XCHTIME	22	4	6	25614	621	461	232	138	24162	127431883585344	127431902584000	76
COUNTS	prob02	22	76	267	232
XCHTIME	0	0	0	0	0	0	0	0	0	0	0	0
XCHTIME	1422	2	4	1437140	10183	20856	11084	253	1394764	127431591098256	127431594166272	4460
XCHTIME	0	0	0	0	0	0	0	0	0	0	0	0
XCHTIME	1422	2	6	7431379	9956	23640	17867	431	7379485	127431591098256	127431594166272	4460
XCHTIME	0	0	0	0	0	0	0	0	0	0	0	0
XCHTIME	1422	2	5	4062578	14896	24721	14298	569	4008094	127431591098256	127431594166272	4460
XCHTIME	0	0	0	0	0	0	0	0	0	0	0	0
XCHTIME	1422	3	15	15209082	12270	23315	31349	1080	15141068	127431591098256	127431594166272	4460
LADGATE	1422	10000	0.336	1
XCHTIME	0	0	0	0	0	0	0	0	0	0	0	0
XCHTIME	1422	5	26	30073219	10813	22781	55438	2051	29982136	127431591098256	127431594166272	4460
XCHTIME	0	0	0	0	0	0	0	0	0	0	0	0
XCHTIME	1422	1	0	5401339	15207	26382	5288	0	5354462	127431591098256	127431594166272	4460
XCHTIME	0	0	0	0	0	0	0	0	0	0	0	0
XCHTIME	1422	4	15	4768755	18838	30340	32697	994	4685886	127431591098256	127431594166272	4460
XCHTIME	0	0	0	0	0	0	0	0	0	0	0	0
XCHTIME	1422	4	10	2695056	13129	23845	29378	542	2628162	127431591098256	127431594166272	4460
XCHTIME	0	0	0	0	0	0	0	0	0	0	0	0
XCHTIME	1422	3	15	15397201	11803	23478	36912	1398	15323610	127431591098256	127431594166272	4460
XCHTIME	0	0	0	0	0	0	0	0	0	0	0	0
XCHTIME	1422	4	11	1966990	16154	25333	26482	663	1898358	127431591098256	127431594166272	4460
XCHTIME	0	0	0	0	0	0	0	0	0	0	0	0
XCHTIME	1422	4	14	8086257	11768	23222	34153	869	8016245	127431591098256	127431594166272	4460
XCHTIME	0	0	0	0	0	0	0	0	0	0	0	0
XCHTIME	1422	4	13	13460284	13228	23609	37035	1483	13384929	127431591098256	127431594166272	4460
XCHTIME	0	0	0	0	0	0	0	0	0	0	0	0
XCHTIME	1422	1	0	15180798	14427	25573	5935	0	15134863	127431591098256	127431594166272	4460
XCHTIME	0	0	0	0	0	0	0	0	0	0	0	0
XCHTIME	1422	4	6	1454976	21071	28881	32136	384	1372504	127431591098256	127431594166272	4460
LIFT	blend146	1422	826	3252	826
COUNTS	blend146	1422	4460	78102	64296
XCHTIME	0	0	0	0	0	0	0	0	0	0	0	0
XCHTIME	4518	1	0	2427834	189629	352575	156874	0	1728756	127431594332608	127431941006400	14492
XCHTIME	0	0	0	0	0	0	0	0	0	0	0	0
XCHTIME	4518	1	0	3669613	164201	324942	167259	0	3013211	127431594332608	127431941006400	14492
XCHTIME	0	0	0	0	0	0	0	0	0	0	0	0
XCHTIME	4518	1	0	2730306	171449	327131	150088	0	2081638	127431594332608	127431941006400	14492
XCHTIME	0	0	0	0	0	0	0	0	0	0	0	0
XCHTIME	4518	1	0	11444477	184934	321925	145843	0	10791775	127431594332608	127431941006400	14492
LADGATE	4518	10000	0.451	1
XCHTIME	0	0	0	0	0	0	0	0	0	0	0	0
XCHTIME	4518	5	26	49832067	167003	343784	808452	9885	48502943	127431594332608	127431941006400	14492
XCHTIME	0	0	0	0	0	0	0	0	0	0	0	0
XCHTIME	4518	4	66	5151257	190553	342993	595938	11055	4010718	127431594332608	127431941006400	14492
XCHTIME	0	0	0	0	0	0	0	0	0	0	0	0
XCHTIME	4518	4	15	5691185	150675	339162	605346	4060	4591942	127431594332608	127431941006400	14492
XCHTIME	0	0	0	0	0	0	0	0	0	0	0	0
XCHTIME	4518	4	10	5580168	163183	338589	606793	3572	4468031	127431594332608	127431941006400	14492
XCHTIME	0	0	0	0	0	0	0	0	0	0	0	0
XCHTIME	4518	3	15	11927694	171055	341694	481776	3653	10929516	127431594332608	127431941006400	14492
XCHTIME	0	0	0	0	0	0	0	0	0	0	0	0
XCHTIME	4518	4	11	5078795	182953	328095	578997	4072	3984678	127431594332608	127431941006400	14492
XCHTIME	0	0	0	0	0	0	0	0	0	0	0	0
XCHTIME	4518	4	14	8876283	152379	301556	620267	4001	7798080	127431594332608	127431941006400	14492
XCHTIME	0	0	0	0	0	0	0	0	0	0	0	0
XCHTIME	4518	4	13	11878977	169872	362029	617032	4452	10725592	127431594332608	127431941006400	14492
XCHTIME	0	0	0	0	0	0	0	0	0	0	0	0
XCHTIME	4518	1	0	11029713	183378	345838	155999	0	10344498	127431594332608	127431941006400	14492
XCHTIME	0	0	0	0	0	0	0	0	0	0	0	0
XCHTIME	4518	4	6	4851924	197131	343945	598772	1997	3710079	127431594332608	127431941006400	14492
LIFT	mpbp_46	4518	2728	10872	2728
COUNTS	mpbp_46	4518	14492	499547	447603
XCHTIME	0	0	0	0	0	0	0	0	0	0	0	0
XCHTIME	413	2	4	626280	8930	3461	1932	147	611810	127431920657248	127431587778688	2860
XCHTIME	0	0	0	0	0	0	0	0	0	0	0	0
XCHTIME	413	2	6	3923290	4814	2863	1668	186	3913759	127431920657248	127431587778688	2860
XCHTIME	0	0	0	0	0	0	0	0	0	0	0	0
XCHTIME	413	2	5	1432566	4735	2917	1603	150	1423161	127431920657248	127431587778688	2860
XCHTIME	0	0	0	0	0	0	0	0	0	0	0	0
XCHTIME	413	4	18	8476667	4724	2835	3500	683	8464925	127431920657248	127431587778688	2860
LADGATE	413	10000	0.335	1
XCHTIME	0	0	0	0	0	0	0	0	0	0	0	0
XCHTIME	413	5	26	9478687	5080	3126	4172	920	9465389	127431920657248	127431587778688	2860
XCHTIME	0	0	0	0	0	0	0	0	0	0	0	0
XCHTIME	413	4	66	2655268	4598	2903	3789	3050	2640928	127431920657248	127431587778688	2860
XCHTIME	0	0	0	0	0	0	0	0	0	0	0	0
XCHTIME	413	4	15	1804789	5002	3329	3531	437	1792490	127431920657248	127431587778688	2860
XCHTIME	0	0	0	0	0	0	0	0	0	0	0	0
XCHTIME	413	4	10	1157502	4683	3138	3723	306	1145652	127431920657248	127431587778688	2860
XCHTIME	0	0	0	0	0	0	0	0	0	0	0	0
XCHTIME	413	4	18	8654380	5090	3096	4204	938	8641052	127431920657248	127431587778688	2860
XCHTIME	0	0	0	0	0	0	0	0	0	0	0	0
XCHTIME	413	4	11	726564	5350	3132	3584	315	714183	127431920657248	127431587778688	2860
XCHTIME	0	0	0	0	0	0	0	0	0	0	0	0
XCHTIME	413	4	14	2795709	4636	2872	3460	370	2784371	127431920657248	127431587778688	2860
XCHTIME	0	0	0	0	0	0	0	0	0	0	0	0
XCHTIME	413	4	13	4327697	4954	2848	3394	401	4316100	127431920657248	127431587778688	2860
XCHTIME	0	0	0	0	0	0	0	0	0	0	0	0
XCHTIME	413	4	16	18323830	4439	2882	6813	806	18308890	127431920657248	127431587778688	2860
XCHTIME	0	0	0	0	0	0	0	0	0	0	0	0
XCHTIME	413	4	6	458616	4976	3442	2974	182	447042	127431920657248	127431587778688	2860
LIFT	tls6	413	291	2630	291
COUNTS	tls6	413	2860	18483	17511
XCHTIME	0	0	0	0	0	0	0	0	0	0	0	0
XCHTIME	21925	0	0	0	0	0	0	0	0	127431943293088	127431943468512	52300
XCHTIME	0	0	0	0	0	0	0	0	0	0	0	0
XCHTIME	21925	0	0	33671178	12600233	21070945	0	0	0	127431943293088	127431943468512	52300
XCHTIME	0	0	0	0	0	0	0	0	0	0	0	0
XCHTIME	21925	0	0	33331637	12357853	20973784	0	0	0	127431943293088	127431943468512	52300
XCHTIME	0	0	0	0	0	0	0	0	0	0	0	0
XCHTIME	21925	1	0	39692867	12547900	21019588	2875579	0	3249800	127431943293088	127431943468512	52300
LADGATE	21925	10000	0.477	0
XCHTIME	0	0	0	0	0	0	0	0	0	0	0	0
XCHTIME	21925	5	26	133763304	12616589	20959404	14708599	17344	85461368	127431943293088	127431943468512	52300
XCHTIME	0	0	0	0	0	0	0	0	0	0	0	0
XCHTIME	21925	0	0	33856588	12833455	21023133	0	0	0	127431943293088	127431943468512	52300
XCHTIME	0	0	0	0	0	0	0	0	0	0	0	0
XCHTIME	21925	0	0	33857817	12846564	21011253	0	0	0	127431943293088	127431943468512	52300
XCHTIME	0	0	0	0	0	0	0	0	0	0	0	0
XCHTIME	21925	1	0	40050309	12762597	21056096	2891774	0	3339842	127431943293088	127431943468512	52300
XCHTIME	0	0	0	0	0	0	0	0	0	0	0	0
XCHTIME	21925	1	0	40086747	12812074	21150938	2894050	0	3229685	127431943293088	127431943468512	52300
XCHTIME	0	0	0	0	0	0	0	0	0	0	0	0
XCHTIME	21925	1	0	40047779	12747602	21015200	2911211	0	3373766	127431943293088	127431943468512	52300
XCHTIME	0	0	0	0	0	0	0	0	0	0	0	0
XCHTIME	21925	1	0	40150162	12851438	21072380	2913238	0	3313106	127431943293088	127431943468512	52300
XCHTIME	0	0	0	0	0	0	0	0	0	0	0	0
XCHTIME	21925	1	0	40256836	12825132	21105556	2934704	0	3391444	127431943293088	127431943468512	52300
XCHTIME	0	0	0	0	0	0	0	0	0	0	0	0
XCHTIME	21925	1	0	40111271	12767844	21093636	2888553	0	3361238	127431943293088	127431943468512	52300
XCHTIME	0	0	0	0	0	0	0	0	0	0	0	0
XCHTIME	21925	1	0	39790123	12759495	21009239	2899070	0	3122319	127431943293088	127431943468512	52300
LIFT	emfl100_5_5	21925	9425	27300	9425
COUNTS	emfl100_5_5	21925	52300	221650	221650
XCHTIME	0	0	0	0	0	0	0	0	0	0	0	0
XCHTIME	341	2	4	612849	55891	3454	1364	296	551844	127431590782592	127431411236928	44264
XCHTIME	0	0	0	0	0	0	0	0	0	0	0	0
XCHTIME	341	2	6	11206865	53510	2371	1432	480	11149072	127431590782592	127431411236928	44264
XCHTIME	0	0	0	0	0	0	0	0	0	0	0	0
XCHTIME	341	2	5	3511239	54945	2537	1259	383	3452115	127431590782592	127431411236928	44264
XCHTIME	0	0	0	0	0	0	0	0	0	0	0	0
XCHTIME	341	4	18	22302220	54610	2329	4018	1468	22239795	127431590782592	127431411236928	44264
LADGATE	341	10000	0.165	1
XCHTIME	0	0	0	0	0	0	0	0	0	0	0	0
XCHTIME	341	4	10	1157368	54450	2362	2734	658	1097164	127431590782592	127431411236928	44264
XCHTIME	0	0	0	0	0	0	0	0	0	0	0	0
XCHTIME	341	4	66	366711	56044	3371	1967	3326	302003	127431590782592	127431411236928	44264
XCHTIME	0	0	0	0	0	0	0	0	0	0	0	0
XCHTIME	341	4	15	2490241	55978	2326	3273	1088	2427576	127431590782592	127431411236928	44264
XCHTIME	0	0	0	0	0	0	0	0	0	0	0	0
XCHTIME	341	4	10	1147234	53388	2486	2638	611	1088111	127431590782592	127431411236928	44264
XCHTIME	0	0	0	0	0	0	0	0	0	0	0	0
XCHTIME	341	4	18	22302158	54053	2316	3154	1397	22241238	127431590782592	127431411236928	44264
XCHTIME	0	0	0	0	0	0	0	0	0	0	0	0
XCHTIME	341	4	11	776469	57898	2589	2503	663	712816	127431590782592	127431411236928	44264
XCHTIME	0	0	0	0	0	0	0	0	0	0	0	0
XCHTIME	341	4	14	6668800	53836	2282	3127	1222	6608333	127431590782592	127431411236928	44264
XCHTIME	0	0	0	0	0	0	0	0	0	0	0	0
XCHTIME	341	4	13	14178539	58141	3067	5144	1414	14110773	127431590782592	127431411236928	44264
XCHTIME	0	0	0	0	0	0	0	0	0	0	0	0
XCHTIME	341	1	0	21264870	56126	3002	513	0	21205229	127431590782592	127431411236928	44264
XCHTIME	0	0	0	0	0	0	0	0	0	0	0	0
XCHTIME	341	4	6	601205	66725	5016	3568	431	525465	127431590782592	127431411236928	44264
LIFT	qspp_0_11_0_1_10_1	341	220	43506	220
COUNTS	qspp_0_11_0_1_10_1	341	44264	3563707	3531915
XCHTIME	0	0	0	0	0	0	0	0	0	0	0	0
XCHTIME	403	2	4	184416	7400	3637	2126	148	171105	127431894308736	127431941735312	1484
XCHTIME	0	0	0	0	0	0	0	0	0	0	0	0
XCHTIME	403	2	6	1608998	2685	2658	1860	203	1601592	127431894308736	127431941735312	1484
XCHTIME	0	0	0	0	0	0	0	0	0	0	0	0
XCHTIME	403	2	5	460626	3082	2913	1844	131	452656	127431894308736	127431941735312	1484
XCHTIME	0	0	0	0	0	0	0	0	0	0	0	0
XCHTIME	403	4	18	3220649	2805	2741	3855	591	3210657	127431894308736	127431941735312	1484
LADGATE	403	10000	0.271	1
XCHTIME	0	0	0	0	0	0	0	0	0	0	0	0
XCHTIME	403	5	26	3917110	3149	3280	4521	1003	3905157	127431894308736	127431941735312	1484
XCHTIME	0	0	0	0	0	0	0	0	0	0	0	0
XCHTIME	403	4	66	542153	2804	3094	3367	1484	531404	127431894308736	127431941735312	1484
XCHTIME	0	0	0	0	0	0	0	0	0	0	0	0
XCHTIME	403	4	15	566095	2802	2697	3856	493	556247	127431894308736	127431941735312	1484
XCHTIME	0	0	0	0	0	0	0	0	0	0	0	0
XCHTIME	403	4	10	324157	2870	2908	3987	309	314083	127431894308736	127431941735312	1484
XCHTIME	0	0	0	0	0	0	0	0	0	0	0	0
XCHTIME	403	4	18	3167715	2837	2969	3679	563	3157667	127431894308736	127431941735312	1484
XCHTIME	0	0	0	0	0	0	0	0	0	0	0	0
XCHTIME	403	4	11	222419	2950	2873	3694	311	212591	127431894308736	127431941735312	1484
XCHTIME	0	0	0	0	0	0	0	0	0	0	0	0
XCHTIME	403	4	14	959134	2887	2700	3681	361	949505	127431894308736	127431941735312	1484
XCHTIME	0	0	0	0	0	0	0	0	0	0	0	0
XCHTIME	403	4	13	1724163	2884	2618	3699	459	1714503	127431894308736	127431941735312	1484
XCHTIME	0	0	0	0	0	0	0	0	0	0	0	0
XCHTIME	403	4	16	10536389	2838	2826	7352	568	10522805	127431894308736	127431941735312	1484
XCHTIME	0	0	0	0	0	0	0	0	0	0	0	0
XCHTIME	403	4	6	168493	4251	3924	3887	218	156213	127431894308736	127431941735312	1484
LIFT	p_ball_10b_5p_4d_m	403	169	1116	169
COUNTS	p_ball_10b_5p_4d_m	403	1484	13581	13288
XCHTIME	0	0	0	0	0	0	0	0	0	0	0	0
XCHTIME	90	2	4	109940	3173	595	393	193	105586	127431882268192	127431941755296	840
XCHTIME	0	0	0	0	0	0	0	0	0	0	0	0
XCHTIME	90	2	6	1391579	1482	560	316	267	1388954	127431882268192	127431941755296	840
XCHTIME	0	0	0	0	0	0	0	0	0	0	0	0
XCHTIME	90	2	5	361819	1658	975	300	260	358626	127431882268192	127431941755296	840
XCHTIME	0	0	0	0	0	0	0	0	0	0	0	0
XCHTIME	90	4	18	2518781	1689	730	558	768	2515036	127431882268192	127431941755296	840
LADGATE	90	10000	0.232	1
XCHTIME	0	0	0	0	0	0	0	0	0	0	0	0
XCHTIME	90	4	10	217342	2246	1717	699	487	212193	127431882268192	127431941755296	840
XCHTIME	0	0	0	0	0	0	0	0	0	0	0	0
XCHTIME	90	4	66	33324	2026	871	544	2762	27121	127431882268192	127431941755296	840
XCHTIME	0	0	0	0	0	0	0	0	0	0	0	0
XCHTIME	90	4	15	408724	1779	892	521	617	404915	127431882268192	127431941755296	840
XCHTIME	0	0	0	0	0	0	0	0	0	0	0	0
XCHTIME	90	4	10	190068	1534	881	441	407	186805	127431882268192	127431941755296	840
XCHTIME	0	0	0	0	0	0	0	0	0	0	0	0
XCHTIME	90	4	18	2552598	1643	609	551	736	2549059	127431882268192	127431941755296	840
XCHTIME	0	0	0	0	0	0	0	0	0	0	0	0
XCHTIME	90	4	11	109533	1791	1179	457	480	105626	127431882268192	127431941755296	840
XCHTIME	0	0	0	0	0	0	0	0	0	0	0	0
XCHTIME	90	4	14	688303	1519	589	509	643	685043	127431882268192	127431941755296	840
XCHTIME	0	0	0	0	0	0	0	0	0	0	0	0
XCHTIME	90	4	13	1265976	1794	573	480	533	1262596	127431882268192	127431941755296	840
XCHTIME	0	0	0	0	0	0	0	0	0	0	0	0
XCHTIME	90	4	16	8539079	1689	595	873	679	8535243	127431882268192	127431941755296	840
XCHTIME	0	0	0	0	0	0	0	0	0	0	0	0
XCHTIME	90	4	6	60748	1915	1364	423	309	56737	127431882268192	127431941755296	840
LIFT	st_rv9	90	70	800	70
COUNTS	st_rv9	90	840	6691	6321
XCHTIME	0	0	0	0	0	0	0	0	0	0	0	0
XCHTIME	3486	1	0	2347230	77900	166907	68925	0	2033498	127431939744912	127431941235792	9576
XCHTIME	0	0	0	0	0	0	0	0	0	0	0	0
XCHTIME	3486	1	0	4420945	93147	175220	72613	0	4079965	127431939744912	127431941235792	9576
XCHTIME	0	0	0	0	0	0	0	0	0	0	0	0
XCHTIME	3486	1	0	3298797	101251	191805	80586	0	2925155	127431939744912	127431941235792	9576
XCHTIME	0	0	0	0	0	0	0	0	0	0	0	0
XCHTIME	3486	1	0	10844764	88147	179516	65111	0	10511990	127431939744912	127431941235792	9576
LADGATE	3486	10000	0.495	1
XCHTIME	0	0	0	0	0	0	0	0	0	0	0	0
XCHTIME	3486	5	26	59311576	89275	172555	464772	5372	58579602	127431939744912	127431941235792	9576
XCHTIME	0	0	0	0	0	0	0	0	0	0	0	0
XCHTIME	3486	2	19	5488519	101191	191760	174853	3945	5016770	127431939744912	127431941235792	9576
XCHTIME	0	0	0	0	0	0	0	0	0	0	0	0
XCHTIME	3486	2	4	6778940	95955	175173	147706	961	6359145	127431939744912	127431941235792	9576
XCHTIME	0	0	0	0	0	0	0	0	0	0	0	0
XCHTIME	3486	4	10	8203076	100331	187895	291181	1860	7621809	127431939744912	127431941235792	9576
XCHTIME	0	0	0	0	0	0	0	0	0	0	0	0
XCHTIME	3486	1	0	11028277	112663	175906	69459	0	10670249	127431939744912	127431941235792	9576
XCHTIME	0	0	0	0	0	0	0	0	0	0	0	0
XCHTIME	3486	4	11	6419905	89357	178254	292938	2073	5857283	127431939744912	127431941235792	9576
XCHTIME	0	0	0	0	0	0	0	0	0	0	0	0
XCHTIME	3486	3	12	12596849	83546	177545	252188	2767	12080803	127431939744912	127431941235792	9576
XCHTIME	0	0	0	0	0	0	0	0	0	0	0	0
XCHTIME	3486	2	4	11806080	84758	169643	170896	941	11379842	127431939744912	127431941235792	9576
XCHTIME	0	0	0	0	0	0	0	0	0	0	0	0
XCHTIME	3486	1	0	9757290	84184	166277	68159	0	9438670	127431939744912	127431941235792	9576
XCHTIME	0	0	0	0	0	0	0	0	0	0	0	0
XCHTIME	3486	4	6	5057496	90312	182286	298016	1250	4485632	127431939744912	127431941235792	9576
LIFT	rsyn0840m02m	3486	1876	6568	1876
COUNTS	rsyn0840m02m	3486	9576	47529	44981
XCHTIME	0	0	0	0	0	0	0	0	0	0	0	0
XCHTIME	22	2	4	51446	434	381	194	175	50262	127431886781008	127431920660576	84
XCHTIME	0	0	0	0	0	0	0	0	0	0	0	0
XCHTIME	22	2	6	385263	471	337	225	235	383995	127431886781008	127431920660576	84
XCHTIME	0	0	0	0	0	0	0	0	0	0	0	0
XCHTIME	22	2	5	128464	493	353	108	168	127342	127431886781008	127431920660576	84
XCHTIME	0	0	0	0	0	0	0	0	0	0	0	0
XCHTIME	22	4	18	730730	422	337	284	637	729050	127431886781008	127431920660576	84
LADGATE	22	10000	0.153	1
XCHTIME	0	0	0	0	0	0	0	0	0	0	0	0
XCHTIME	22	5	26	1071888	501	487	319	864	1069717	127431886781008	127431920660576	84
XCHTIME	0	0	0	0	0	0	0	0	0	0	0	0
XCHTIME	22	4	50	704155	358	378	212	1684	701523	127431886781008	127431920660576	84
XCHTIME	0	0	0	0	0	0	0	0	0	0	0	0
XCHTIME	22	4	15	166764	523	354	204	444	165239	127431886781008	127431920660576	84
XCHTIME	0	0	0	0	0	0	0	0	0	0	0	0
XCHTIME	22	4	10	107078	419	339	252	290	105778	127431886781008	127431920660576	84
XCHTIME	0	0	0	0	0	0	0	0	0	0	0	0
XCHTIME	22	4	18	721301	485	377	294	581	719564	127431886781008	127431920660576	84
XCHTIME	0	0	0	0	0	0	0	0	0	0	0	0
XCHTIME	22	4	11	58785	447	322	224	334	57458	127431886781008	127431920660576	84
XCHTIME	0	0	0	0	0	0	0	0	0	0	0	0
XCHTIME	22	4	14	282875	402	310	174	407	281582	127431886781008	127431920660576	84
XCHTIME	0	0	0	0	0	0	0	0	0	0	0	0
XCHTIME	22	4	13	437475	473	332	179	370	436121	127431886781008	127431920660576	84
XCHTIME	0	0	0	0	0	0	0	0	0	0	0	0
XCHTIME	22	4	16	1680183	495	293	398	513	1678484	127431886781008	127431920660576	84
XCHTIME	0	0	0	0	0	0	0	0	0	0	0	0
XCHTIME	22	4	6	32267	659	474	202	175	30757	127431886781008	127431920660576	84
COUNTS	nvs05	22	84	277	266
COUNTS	autocorr_bern25-19	28	612	5278	5278
XCHTIME	0	0	0	0	0	0	0	0	0	0	0	0
XCHTIME	356	2	4	300998	6229	2660	1338	193	290578	127431593701552	127431922804224	1232
XCHTIME	0	0	0	0	0	0	0	0	0	0	0	0
XCHTIME	356	2	6	1925089	2241	2260	1470	233	1918885	127431593701552	127431922804224	1232
XCHTIME	0	0	0	0	0	0	0	0	0	0	0	0
XCHTIME	356	2	5	788190	2330	2569	1150	187	781954	127431593701552	127431922804224	1232
XCHTIME	0	0	0	0	0	0	0	0	0	0	0	0
XCHTIME	356	4	18	4601039	2226	2374	2561	858	4593020	127431593701552	127431922804224	1232
LADGATE	356	10000	0.241	1
XCHTIME	0	0	0	0	0	0	0	0	0	0	0	0
XCHTIME	356	5	26	5958403	2311	2933	3358	976	5948825	127431593701552	127431922804224	1232
XCHTIME	0	0	0	0	0	0	0	0	0	0	0	0
XCHTIME	356	4	66	5831282	2064	2798	5115	2146	5819159	127431593701552	127431922804224	1232
XCHTIME	0	0	0	0	0	0	0	0	0	0	0	0
XCHTIME	356	4	15	869632	2940	2819	2684	600	860589	127431593701552	127431922804224	1232
XCHTIME	0	0	0	0	0	0	0	0	0	0	0	0
XCHTIME	356	4	10	511529	2287	2402	2523	365	503952	127431593701552	127431922804224	1232
XCHTIME	0	0	0	0	0	0	0	0	0	0	0	0
XCHTIME	356	4	18	4579347	2192	2328	3212	641	4570974	127431593701552	127431922804224	1232
XCHTIME	0	0	0	0	0	0	0	0	0	0	0	0
XCHTIME	356	4	11	292558	2598	2928	2794	394	283844	127431593701552	127431922804224	1232
XCHTIME	0	0	0	0	0	0	0	0	0	0	0	0
XCHTIME	356	4	14	1442557	2826	2967	3706	503	1432555	127431593701552	127431922804224	1232
XCHTIME	0	0	0	0	0	0	0	0	0	0	0	0
XCHTIME	356	4	13	2538821	2465	2661	2314	493	2530888	127431593701552	127431922804224	1232
XCHTIME	0	0	0	0	0	0	0	0	0	0	0	0
XCHTIME	356	4	16	14718627	2075	2454	4168	738	14709192	127431593701552	127431922804224	1232
XCHTIME	0	0	0	0	0	0	0	0	0	0	0	0
XCHTIME	356	4	6	185801	2537	2851	2236	256	177921	127431593701552	127431922804224	1232
LIFT	sssd20-08persp	356	140	800	140
COUNTS	sssd20-08persp	356	1232	4960	4960
XCHTIME	0	0	0	0	0	0	0	0	0	0	0	0
XCHTIME	827	2	4	516571	6379	7536	4641	189	497826	127431939836768	127431413661792	3804
XCHTIME	0	0	0	0	0	0	0	0	0	0	0	0
XCHTIME	827	2	6	5845149	6439	7441	5881	536	5824852	127431939836768	127431413661792	3804
XCHTIME	0	0	0	0	0	0	0	0	0	0	0	0
XCHTIME	827	2	5	1719254	7224	8410	5281	315	1698024	127431939836768	127431413661792	3804
XCHTIME	0	0	0	0	0	0	0	0	0	0	0	0
XCHTIME	827	4	18	11806183	6822	8163	13059	983	11777156	127431939836768	127431413661792	3804
LADGATE	827	10000	0.623	1
XCHTIME	0	0	0	0	0	0	0	0	0	0	0	0
XCHTIME	827	5	26	11174231	7165	8485	18172	1173	11139236	127431939836768	127431413661792	3804
XCHTIME	0	0	0	0	0	0	0	0	0	0	0	0
XCHTIME	827	4	66	1163131	8078	8716	9394	2180	1134763	127431939836768	127431413661792	3804
XCHTIME	0	0	0	0	0	0	0	0	0	0	0	0
XCHTIME	827	4	15	1550494	6742	7832	10332	633	1524955	127431939836768	127431413661792	3804
XCHTIME	0	0	0	0	0	0	0	0	0	0	0	0
XCHTIME	827	4	10	865064	6931	8137	9801	403	839792	127431939836768	127431413661792	3804
XCHTIME	0	0	0	0	0	0	0	0	0	0	0	0
XCHTIME	827	4	18	8945249	6719	7630	14790	840	8915270	127431939836768	127431413661792	3804
XCHTIME	0	0	0	0	0	0	0	0	0	0	0	0
XCHTIME	827	4	11	619455	8741	9418	9812	400	591084	127431939836768	127431413661792	3804
XCHTIME	0	0	0	0	0	0	0	0	0	0	0	0
XCHTIME	827	4	14	2775908	6572	7945	10539	573	2750279	127431939836768	127431413661792	3804
XCHTIME	0	0	0	0	0	0	0	0	0	0	0	0
XCHTIME	827	4	13	4890707	6925	8047	9998	557	4865180	127431939836768	127431413661792	3804
XCHTIME	0	0	0	0	0	0	0	0	0	0	0	0
XCHTIME	827	3	15	19350083	7683	9074	16008	1038	19316280	127431939836768	127431413661792	3804
XCHTIME	0	0	0	0	0	0	0	0	0	0	0	0
XCHTIME	827	4	6	518957	9525	11448	9221	209	488554	127431939836768	127431413661792	3804
LIFT	multiplants_stg5	827	310	3480	310
COUNTS	multiplants_stg5	827	3804	377794	155722
XCHTIME	0	0	0	0	0	0	0	0	0	0	0	0
XCHTIME	2032	1	0	3051892	30507	42336	10358	0	2968691	127431594223648	127431411634256	15140
XCHTIME	0	0	0	0	0	0	0	0	0	0	0	0
XCHTIME	2032	1	0	7698030	49466	48581	12184	0	7587799	127431594223648	127431411634256	15140
XCHTIME	0	0	0	0	0	0	0	0	0	0	0	0
XCHTIME	2032	1	0	5638477	46918	65376	16303	0	5509880	127431594223648	127431411634256	15140
XCHTIME	0	0	0	0	0	0	0	0	0	0	0	0
XCHTIME	2032	1	0	15922033	45055	52974	13711	0	15810293	127431594223648	127431411634256	15140
LADGATE	2032	10000	0.661	1
XCHTIME	0	0	0	0	0	0	0	0	0	0	0	0
XCHTIME	2032	4	10	12182591	35527	46930	63234	2177	12034723	127431594223648	127431411634256	15140
XCHTIME	0	0	0	0	0	0	0	0	0	0	0	0
XCHTIME	2032	1	0	6968691	44277	56746	13847	0	6853821	127431594223648	127431411634256	15140
XCHTIME	0	0	0	0	0	0	0	0	0	0	0	0
XCHTIME	2032	2	4	6873031	49305	65287	38123	823	6719493	127431594223648	127431411634256	15140
XCHTIME	0	0	0	0	0	0	0	0	0	0	0	0
XCHTIME	2032	4	10	12112308	43071	49223	59800	2251	11957963	127431594223648	127431411634256	15140
XCHTIME	0	0	0	0	0	0	0	0	0	0	0	0
XCHTIME	2032	1	0	15808891	36455	48028	11302	0	15713106	127431594223648	127431411634256	15140
XCHTIME	0	0	0	0	0	0	0	0	0	0	0	0
XCHTIME	2032	4	11	8177081	49430	57538	64375	2132	8003606	127431594223648	127431411634256	15140
XCHTIME	0	0	0	0	0	0	0	0	0	0	0	0
XCHTIME	2032	2	4	15045095	43035	51234	37033	1023	14912770	127431594223648	127431411634256	15140
XCHTIME	0	0	0	0	0	0	0	0	0	0	0	0
XCHTIME	2032	1	0	15748131	47114	53129	13169	0	15634719	127431594223648	127431411634256	15140
XCHTIME	0	0	0	0	0	0	0	0	0	0	0	0
XCHTIME	2032	1	0	14539767	50943	60432	14862	0	14413530	127431594223648	127431411634256	15140
XCHTIME	0	0	0	0	0	0	0	0	0	0	0	0
XCHTIME	2032	4	6	5771281	52475	63247	76123	1488	5577948	127431594223648	127431411634256	15140
LIFT	chimera_rfr-02	2032	2012	15234	2012
COUNTS	chimera_rfr-02	2032	15140	3860441	2486435
XCHTIME	0	0	0	0	0	0	0	0	0	0	0	0
XCHTIME	726	2	4	1053440	13146	7265	3723	294	1029012	127431592011760	127431590785344	3510
XCHTIME	0	0	0	0	0	0	0	0	0	0	0	0
XCHTIME	726	2	6	8651767	5691	6274	3911	463	8635428	127431592011760	127431590785344	3510
XCHTIME	0	0	0	0	0	0	0	0	0	0	0	0
XCHTIME	726	2	5	3051460	6502	7005	3475	402	3034076	127431592011760	127431590785344	3510
XCHTIME	0	0	0	0	0	0	0	0	0	0	0	0
XCHTIME	726	4	18	17387210	6224	6587	7966	1193	17365240	127431592011760	127431590785344	3510
LADGATE	726	10000	0.551	1
XCHTIME	0	0	0	0	0	0	0	0	0	0	0	0
XCHTIME	726	5	26	26663015	6383	6858	11955	1742	26636077	127431592011760	127431590785344	3510
XCHTIME	0	0	0	0	0	0	0	0	0	0	0	0
XCHTIME	726	2	19	6920129	6415	7202	5537	1069	6899906	127431592011760	127431590785344	3510
XCHTIME	0	0	0	0	0	0	0	0	0	0	0	0
XCHTIME	726	4	15	3553610	7755	8331	9033	1017	3527474	127431592011760	127431590785344	3510
XCHTIME	0	0	0	0	0	0	0	0	0	0	0	0
XCHTIME	726	4	10	1956079	6193	6770	7864	592	1934660	127431592011760	127431590785344	3510
XCHTIME	0	0	0	0	0	0	0	0	0	0	0	0
XCHTIME	726	4	18	17423222	5945	6464	9054	1155	17400604	127431592011760	127431590785344	3510
XCHTIME	0	0	0	0	0	0	0	0	0	0	0	0
XCHTIME	726	4	11	1226660	6303	7141	7234	619	1205363	127431592011760	127431590785344	3510
XCHTIME	0	0	0	0	0	0	0	0	0	0	0	0
XCHTIME	726	4	14	6153486	7260	6675	7282	868	6131401	127431592011760	127431590785344	3510
XCHTIME	0	0	0	0	0	0	0	0	0	0	0	0
XCHTIME	726	4	13	11381674	5839	6690	6870	937	11361338	127431592011760	127431590785344	3510
XCHTIME	0	0	0	0	0	0	0	0	0	0	0	0
XCHTIME	726	2	5	16522236	5935	6520	8548	489	16500744	127431592011760	127431590785344	3510
XCHTIME	0	0	0	0	0	0	0	0	0	0	0	0
XCHTIME	726	4	6	812972	6942	7711	8687	319	789313	127431592011760	127431590785344	3510
LIFT	multiplants_stg1a	726	304	2994	304
COUNTS	multiplants_stg1a	726	3510	142058	121443
XCHTIME	0	0	0	0	0	0	0	0	0	0	0	0
XCHTIME	170	2	4	227405	4024	1532	605	130	221114	127431591206912	127431594368768	932
XCHTIME	0	0	0	0	0	0	0	0	0	0	0	0
XCHTIME	170	2	6	2288127	1809	994	591	213	2284520	127431591206912	127431594368768	932
XCHTIME	0	0	0	0	0	0	0	0	0	0	0	0
XCHTIME	170	2	5	674995	1947	1051	628	185	671184	127431591206912	127431594368768	932
XCHTIME	0	0	0	0	0	0	0	0	0	0	0	0
XCHTIME	170	4	18	4351419	1912	893	948	612	4347054	127431591206912	127431594368768	932
LADGATE	170	10000	0.227	1
XCHTIME	0	0	0	0	0	0	0	0	0	0	0	0
XCHTIME	170	5	26	4639258	2676	1472	1408	855	4632847	127431591206912	127431594368768	932
XCHTIME	0	0	0	0	0	0	0	0	0	0	0	0
XCHTIME	170	4	66	3396057	2009	958	2197	3077	3387816	127431591206912	127431594368768	932
XCHTIME	0	0	0	0	0	0	0	0	0	0	0	0
XCHTIME	170	4	15	561634	2058	1414	1985	461	555716	127431591206912	127431594368768	932
XCHTIME	0	0	0	0	0	0	0	0	0	0	0	0
XCHTIME	170	4	10	332355	1895	970	948	275	328267	127431591206912	127431594368768	932
XCHTIME	0	0	0	0	0	0	0	0	0	0	0	0
XCHTIME	170	4	18	3635028	1789	808	1338	651	3630442	127431591206912	127431594368768	932
XCHTIME	0	0	0	0	0	0	0	0	0	0	0	0
XCHTIME	170	4	11	193237	2067	1103	830	297	188940	127431591206912	127431594368768	932
XCHTIME	0	0	0	0	0	0	0	0	0	0	0	0
XCHTIME	170	4	14	1077112	1871	839	1199	398	1072805	127431591206912	127431594368768	932
XCHTIME	0	0	0	0	0	0	0	0	0	0	0	0
XCHTIME	170	4	13	1987053	1905	889	1061	442	1982756	127431591206912	127431594368768	932
XCHTIME	0	0	0	0	0	0	0	0	0	0	0	0
XCHTIME	170	4	16	13720511	1857	910	2389	591	13714764	127431591206912	127431594368768	932
XCHTIME	0	0	0	0	0	0	0	0	0	0	0	0
XCHTIME	170	4	6	136317	2523	1667	925	146	131056	127431591206912	127431594368768	932
LIFT	pooling_adhya4pq	170	93	790	93
COUNTS	pooling_adhya4pq	170	932	24314	16556
XCHTIME	0	0	0	0	0	0	0	0	0	0	0	0
XCHTIME	17493	0	0	24015984	9520962	14495022	0	0	0	127431560601568	127431560741536	163816
XCHTIME	0	0	0	0	0	0	0	0	0	0	0	0
XCHTIME	17493	1	0	25199286	9109591	14155536	1821740	0	112419	127431560601568	127431560741536	163816
XCHTIME	0	0	0	0	0	0	0	0	0	0	0	0
XCHTIME	17493	0	0	23223681	9053193	14170488	0	0	0	127431560601568	127431560741536	163816
XCHTIME	0	0	0	0	0	0	0	0	0	0	0	0
XCHTIME	17493	1	0	29954851	9140397	14082379	1823219	0	4908856	127431560601568	127431560741536	163816
LADGATE	17493	10000	0.804	0
XCHTIME	0	0	0	0	0	0	0	0	0	0	0	0
XCHTIME	17493	5	26	240297806	9248259	14112979	9270358	23054	207643156	127431560601568	127431560741536	163816
LIFT	nuclear10a	17493	15309	159656	15309
COUNTS	nuclear10a	17493	163816	82406325	55261166
XCHTIME	0	0	0	0	0	0	0	0	0	0	0	0
XCHTIME	874	2	4	1252354	13829	9767	5342	276	1223140	127431922824400	127431941366880	7260
XCHTIME	0	0	0	0	0	0	0	0	0	0	0	0
XCHTIME	874	2	6	9181196	11357	9100	7761	492	9152486	127431922824400	127431941366880	7260
XCHTIME	0	0	0	0	0	0	0	0	0	0	0	0
XCHTIME	874	2	5	4294444	11343	10000	6966	310	4265825	127431922824400	127431941366880	7260
XCHTIME	0	0	0	0	0	0	0	0	0	0	0	0
XCHTIME	874	3	15	18667239	13432	9675	12838	1521	18629773	127431922824400	127431941366880	7260
LADGATE	874	10000	0.484	1
XCHTIME	0	0	0	0	0	0	0	0	0	0	0	0
XCHTIME	874	5	26	33789276	10521	9087	18583	2641	33748444	127431922824400	127431941366880	7260
XCHTIME	0	0	0	0	0	0	0	0	0	0	0	0
XCHTIME	874	3	57	7949613	11653	10743	14455	6408	7906354	127431922824400	127431941366880	7260
XCHTIME	0	0	0	0	0	0	0	0	0	0	0	0
XCHTIME	874	4	15	4614432	11665	10537	14379	1153	4576698	127431922824400	127431941366880	7260
XCHTIME	0	0	0	0	0	0	0	0	0	0	0	0
XCHTIME	874	4	10	2474745	10507	10216	13375	696	2439951	127431922824400	127431941366880	7260
XCHTIME	0	0	0	0	0	0	0	0	0	0	0	0
XCHTIME	874	3	15	18576251	10429	9577	13151	1319	18541775	127431922824400	127431941366880	7260
XCHTIME	0	0	0	0	0	0	0	0	0	0	0	0
XCHTIME	874	4	11	1368212	12504	10586	10266	644	1334212	127431922824400	127431941366880	7260
XCHTIME	0	0	0	0	0	0	0	0	0	0	0	0
XCHTIME	874	4	14	8599804	10834	9100	14186	1054	8564630	127431922824400	127431941366880	7260
XCHTIME	0	0	0	0	0	0	0	0	0	0	0	0
XCHTIME	874	4	13	14982397	10777	9886	16143	861	14944730	127431922824400	127431941366880	7260
XCHTIME	0	0	0	0	0	0	0	0	0	0	0	0
XCHTIME	874	2	5	18864508	11430	9458	10074	466	18833080	127431922824400	127431941366880	7260
XCHTIME	0	0	0	0	0	0	0	0	0	0	0	0
XCHTIME	874	4	6	908772	11620	11782	11094	341	873935	127431922824400	127431941366880	7260
LIFT	sonet24v5	874	595	6704	595
COUNTS	sonet24v5	874	7260	185654	110276
LIFT	transswitch2736spr	69651	44696	297260	44696
COUNTS	transswitch2736spr	69651	331010	7933133	7281507
XCHTIME	0	0	0	0	0	0	0	0	0	0	0	0
XCHTIME	8992	1	0	4090104	753507	1515472	749556	0	1071569	127431940875328	127431411830880	26288
XCHTIME	0	0	0	0	0	0	0	0	0	0	0	0
XCHTIME	8992	1	0	4812034	757652	1508315	754750	0	1791317	127431940875328	127431411830880	26288
XCHTIME	0	0	0	0	0	0	0	0	0	0	0	0
XCHTIME	8992	1	0	4484898	750062	1511953	746333	0	1476550	127431940875328	127431411830880	26288
XCHTIME	0	0	0	0	0	0	0	0	0	0	0	0
XCHTIME	8992	1	0	12333166	754277	1538705	749821	0	9290363	127431940875328	127431411830880	26288
LADGATE	8992	10000	0.488	1
XCHTIME	0	0	0	0	0	0	0	0	0	0	0	0
XCHTIME	8992	5	26	83984759	704739	1545441	3772682	13648	77948249	127431940875328	127431411830880	26288
XCHTIME	0	0	0	0	0	0	0	0	0	0	0	0
XCHTIME	8992	1	0	6897701	761266	1535731	759973	0	3840731	127431940875328	127431411830880	26288
XCHTIME	0	0	0	0	0	0	0	0	0	0	0	0
XCHTIME	8992	1	0	7405088	731090	1533472	793551	0	4346975	127431940875328	127431411830880	26288
XCHTIME	0	0	0	0	0	0	0	0	0	0	0	0
XCHTIME	8992	3	9	12783600	709586	1516210	2191477	3239	8363088	127431940875328	127431411830880	26288
XCHTIME	0	0	0	0	0	0	0	0	0	0	0	0
XCHTIME	8992	1	0	13639146	744245	1697151	831210	0	10366540	127431940875328	127431411830880	26288
XCHTIME	0	0	0	0	0	0	0	0	0	0	0	0
XCHTIME	8992	3	9	13565065	728628	1608801	2351955	2911	8872770	127431940875328	127431411830880	26288
XCHTIME	0	0	0	0	0	0	0	0	0	0	0	0
XCHTIME	8992	2	4	12772259	706044	1552674	1492582	1483	9019476	127431940875328	127431411830880	26288
XCHTIME	0	0	0	0	0	0	0	0	0	0	0	0
XCHTIME	8992	2	4	13518436	683620	1502372	1483983	1519	9846942	127431940875328	127431411830880	26288
XCHTIME	0	0	0	0	0	0	0	0	0	0	0	0
XCHTIME	8992	1	0	12509168	705352	1539571	739947	0	9524298	127431940875328	127431411830880	26288
XCHTIME	0	0	0	0	0	0	0	0	0	0	0	0
XCHTIME	8992	3	3	12952126	768678	1551851	2213762	1307	8416528	127431940875328	127431411830880	26288
LIFT	chp_shorttermplan2a	8992	4760	18484	4760
COUNTS	chp_shorttermplan2a	8992	26288	821014	575280
XCHTIME	0	0	0	0	0	0	0	0	0	0	0	0
XCHTIME	1001	2	4	3013568	9779	15216	7411	340	2980822	127431591031280	127431941465200	5592
XCHTIME	0	0	0	0	0	0	0	0	0	0	0	0
XCHTIME	1001	1	0	8379441	11411	12228	3257	0	8352545	127431591031280	127431941465200	5592
XCHTIME	0	0	0	0	0	0	0	0	0	0	0	0
XCHTIME	1001	1	0	5127368	14304	15957	3318	0	5093789	127431591031280	127431941465200	5592
XCHTIME	0	0	0	0	0	0	0	0	0	0	0	0
XCHTIME	1001	1	0	16716094	11811	12766	3268	0	16688249	127431591031280	127431941465200	5592
LADGATE	1001	10000	0.221	1
XCHTIME	0	0	0	0	0	0	0	0	0	0	0	0
XCHTIME	1001	5	26	139186016	9943	12624	30273	2588	139130588	127431591031280	127431941465200	5592
XCHTIME	0	0	0	0	0	0	0	0	0	0	0	0
XCHTIME	1001	4	66	384674	11777	11705	12413	3616	345163	127431591031280	127431941465200	5592
XCHTIME	0	0	0	0	0	0	0	0	0	0	0	0
XCHTIME	1001	3	12	7990291	8479	10840	10245	919	7959808	127431591031280	127431941465200	5592
XCHTIME	0	0	0	0	0	0	0	0	0	0	0	0
XCHTIME	1001	4	10	5860863	9444	11261	12850	830	5826478	127431591031280	127431941465200	5592
XCHTIME	0	0	0	0	0	0	0	0	0	0	0	0
XCHTIME	1001	1	0	16862155	8612	11155	3180	0	16839208	127431591031280	127431941465200	5592
XCHTIME	0	0	0	0	0	0	0	0	0	0	0	0
XCHTIME	1001	4	11	2395577	11548	13689	12655	877	2356808	127431591031280	127431941465200	5592
XCHTIME	0	0	0	0	0	0	0	0	0	0	0	0
XCHTIME	1001	3	12	14072053	8533	10811	14620	984	14037105	127431591031280	127431941465200	5592
XCHTIME	0	0	0	0	0	0	0	0	0	0	0	0
XCHTIME	1001	2	4	17008999	11395	13366	8060	306	16975872	127431591031280	127431941465200	5592
XCHTIME	0	0	0	0	0	0	0	0	0	0	0	0
XCHTIME	1001	1	0	15509985	9361	11301	3121	0	15486202	127431591031280	127431941465200	5592
XCHTIME	0	0	0	0	0	0	0	0	0	0	0	0
XCHTIME	1001	4	6	1549364	14521	17945	15495	539	1500864	127431591031280	127431941465200	5592
LIFT	catmix200	1001	998	5580	998
COUNTS	catmix200	1001	5592	18173	18164
COUNTS	nvs23	27	252	1921	1221
XCHTIME	0	0	0	0	0	0	0	0	0	0	0	0
XCHTIME	20	2	4	33550	300	394	125	110	32621	127431947538144	127431947573936	40
XCHTIME	0	0	0	0	0	0	0	0	0	0	0	0
XCHTIME	20	2	6	82293	538	332	110	124	81189	127431947538144	127431947573936	40
XCHTIME	0	0	0	0	0	0	0	0	0	0	0	0
XCHTIME	20	2	5	98542	359	328	115	102	97638	127431947538144	127431947573936	40
XCHTIME	0	0	0	0	0	0	0	0	0	0	0	0
XCHTIME	20	4	18	329762	252	272	180	351	328707	127431947538144	127431947573936	40
LADGATE	20	10000	0.136	1
XCHTIME	0	0	0	0	0	0	0	0	0	0	0	0
XCHTIME	20	5	26	619380	415	446	255	516	617748	127431947538144	127431947573936	40
XCHTIME	0	0	0	0	0	0	0	0	0	0	0	0
XCHTIME	20	4	48	132048	318	315	184	1213	130018	127431947538144	127431947573936	40
XCHTIME	0	0	0	0	0	0	0	0	0	0	0	0
XCHTIME	20	4	15	55417	249	301	209	299	54359	127431947538144	127431947573936	40
XCHTIME	0	0	0	0	0	0	0	0	0	0	0	0
XCHTIME	20	4	10	55219	206	322	213	263	54215	127431947538144	127431947573936	40
XCHTIME	0	0	0	0	0	0	0	0	0	0	0	0
XCHTIME	20	4	18	330945	235	291	193	358	329868	127431947538144	127431947573936	40
XCHTIME	0	0	0	0	0	0	0	0	0	0	0	0
XCHTIME	20	4	11	36608	262	338	205	223	35580	127431947538144	127431947573936	40
XCHTIME	0	0	0	0	0	0	0	0	0	0	0	0
XCHTIME	20	4	14	129823	229	246	186	281	128881	127431947538144	127431947573936	40
XCHTIME	0	0	0	0	0	0	0	0	0	0	0	0
XCHTIME	20	4	13	245628	225	287	195	259	244662	127431947538144	127431947573936	40
XCHTIME	0	0	0	0	0	0	0	0	0	0	0	0
XCHTIME	20	4	16	1529580	229	267	388	316	1528380	127431947538144	127431947573936	40
XCHTIME	0	0	0	0	0	0	0	0	0	0	0	0
XCHTIME	20	4	6	15845	559	793	299	149	14045	127431947538144	127431947573936	40
COUNTS	oaer	20	40	107	107
XCHTIME	0	0	0	0	0	0	0	0	0	0	0	0
XCHTIME	168	2	4	424632	6357	1639	620	150	415866	127431883582704	127431591039312	388
XCHTIME	0	0	0	0	0	0	0	0	0	0	0	0
XCHTIME	168	2	6	2967494	1246	1042	387	266	2964553	127431883582704	127431591039312	388
XCHTIME	0	0	0	0	0	0	0	0	0	0	0	0
XCHTIME	168	2	5	1076977	1174	988	525	176	1074114	127431883582704	127431591039312	388
XCHTIME	0	0	0	0	0	0	0	0	0	0	0	0
XCHTIME	168	4	18	6302047	1227	856	1017	694	6298253	127431883582704	127431591039312	388
LADGATE	168	10000	0.178	1
XCHTIME	0	0	0	0	0	0	0	0	0	0	0	0
XCHTIME	168	5	26	8159293	1533	1089	1391	1047	8154233	127431883582704	127431591039312	388
XCHTIME	0	0	0	0	0	0	0	0	0	0	0	0
XCHTIME	168	4	66	86707	1207	968	820	2310	81402	127431883582704	127431591039312	388
XCHTIME	0	0	0	0	0	0	0	0	0	0	0	0
XCHTIME	168	4	15	1266387	1053	883	983	516	1262952	127431883582704	127431591039312	388
XCHTIME	0	0	0	0	0	0	0	0	0	0	0	0
XCHTIME	168	4	10	786603	1213	994	890	304	783202	127431883582704	127431591039312	388
XCHTIME	0	0	0	0	0	0	0	0	0	0	0	0
XCHTIME	168	4	18	6274790	1094	891	1056	667	6271082	127431883582704	127431591039312	388
XCHTIME	0	0	0	0	0	0	0	0	0	0	0	0
XCHTIME	168	4	11	435647	1160	934	778	346	432429	127431883582704	127431591039312	388
XCHTIME	0	0	0	0	0	0	0	0	0	0	0	0
XCHTIME	168	4	14	2156146	1152	876	906	508	2152704	127431883582704	127431591039312	388
XCHTIME	0	0	0	0	0	0	0	0	0	0	0	0
XCHTIME	168	4	13	3550414	1137	895	898	476	3547008	127431883582704	127431591039312	388
XCHTIME	0	0	0	0	0	0	0	0	0	0	0	0
XCHTIME	168	4	16	17348281	1180	906	2157	657	17343381	127431883582704	127431591039312	388
XCHTIME	0	0	0	0	0	0	0	0	0	0	0	0
XCHTIME	168	4	6	245532	1880	1730	1021	148	240753	127431883582704	127431591039312	388
LIFT	hybriddynamic_fixed	168	80	250	80
COUNTS	hybriddynamic_fixed	168	388	1103	1103
XCHTIME	0	0	0	0	0	0	0	0	0	0	0	0
XCHTIME	16747	0	0	21261570	8018066	13243504	0	0	0	127431939073328	127431943992816	77352
XCHTIME	0	0	0	0	0	0	0	0	0	0	0	0
XCHTIME	16747	1	0	23580348	7622452	12973137	1731189	0	1253570	127431939073328	127431943992816	77352
XCHTIME	0	0	0	0	0	0	0	0	0	0	0	0
XCHTIME	16747	1	0	22493271	7671447	12929591	1694712	0	197521	127431939073328	127431943992816	77352
XCHTIME	0	0	0	0	0	0	0	0	0	0	0	0
XCHTIME	16747	1	0	27795929	7672511	12918984	1692565	0	5511869	127431939073328	127431943992816	77352
LADGATE	16747	10000	0.655	0
XCHTIME	0	0	0	0	0	0	0	0	0	0	0	0
XCHTIME	16747	5	26	132095104	7710200	12879982	8669905	15088	102819929	127431939073328	127431943992816	77352
LIFT	edgecross24-115	16747	8651	85448	8651
COUNTS	edgecross24-115	16747	77352	35096942	28266834
XCHTIME	0	0	0	0	0	0	0	0	0	0	0	0
XCHTIME	1178	2	4	443102	8021	14462	7371	212	413036	127431594953936	127431940947280	4334
XCHTIME	0	0	0	0	0	0	0	0	0	0	0	0
XCHTIME	1178	2	6	5992482	8472	14922	9104	341	5959643	127431594953936	127431940947280	4334
XCHTIME	0	0	0	0	0	0	0	0	0	0	0	0
XCHTIME	1178	2	5	1811279	11046	18696	8214	342	1772981	127431594953936	127431940947280	4334
XCHTIME	0	0	0	0	0	0	0	0	0	0	0	0
XCHTIME	1178	4	18	11970185	9444	17737	21898	943	11920163	127431594953936	127431940947280	4334
LADGATE	1178	10000	0.295	1
XCHTIME	0	0	0	0	0	0	0	0	0	0	0	0
XCHTIME	1178	5	26	13939297	9473	15835	28472	1795	13883722	127431594953936	127431940947280	4334
XCHTIME	0	0	0	0	0	0	0	0	0	0	0	0
XCHTIME	1178	4	66	5049739	9628	16472	19839	2820	5000980	127431594953936	127431940947280	4334
XCHTIME	0	0	0	0	0	0	0	0	0	0	0	0
XCHTIME	1178	4	15	2129602	8847	15900	17804	827	2086224	127431594953936	127431940947280	4334
XCHTIME	0	0	0	0	0	0	0	0	0	0	0	0
XCHTIME	1178	4	10	1025295	9923	16999	16061	523	981789	127431594953936	127431940947280	4334
XCHTIME	0	0	0	0	0	0	0	0	0	0	0	0
XCHTIME	1178	4	18	11911346	8647	15643	23749	984	11862323	127431594953936	127431940947280	4334
XCHTIME	0	0	0	0	0	0	0	0	0	0	0	0
XCHTIME	1178	4	11	769936	10030	16698	15644	563	727001	127431594953936	127431940947280	4334
XCHTIME	0	0	0	0	0	0	0	0	0	0	0	0
XCHTIME	1178	4	14	3451021	8687	15679	18831	845	3406979	127431594953936	127431940947280	4334
XCHTIME	0	0	0	0	0	0	0	0	0	0	0	0
XCHTIME	1178	4	13	6814370	10427	16240	22639	902	6764162	127431594953936	127431940947280	4334
XCHTIME	0	0	0	0	0	0	0	0	0	0	0	0
XCHTIME	1178	2	5	16659901	13456	17041	19002	366	16610036	127431594953936	127431940947280	4334
XCHTIME	0	0	0	0	0	0	0	0	0	0	0	0
XCHTIME	1178	4	6	597849	13896	25853	16637	367	541096	127431594953936	127431940947280	4334
LIFT	space25	1178	243	1212	243
COUNTS	space25	1178	4334	23567	22528
XCHTIME	0	0	0	0	0	0	0	0	0	0	0	0
XCHTIME	23999	0	0	0	0	0	0	0	0	127431563100848	127431609528960	151728
XCHTIME	0	0	0	0	0	0	0	0	0	0	0	0
XCHTIME	23999	0	0	42559688	16033874	26525814	0	0	0	127431563100848	127431609528960	151728
XCHTIME	0	0	0	0	0	0	0	0	0	0	0	0
XCHTIME	23999	0	0	0	0	0	0	0	0	127431563100848	127431609528960	151728
XCHTIME	0	0	0	0	0	0	0	0	0	0	0	0
XCHTIME	23999	1	0	48847993	16164721	26277454	3567041	0	2838777	127431563100848	127431609528960	151728
LADGATE	23999	10000	0.601	0
XCHTIME	0	0	0	0	0	0	0	0	0	0	0	0
XCHTIME	23999	5	26	226705369	16237477	26169807	17736721	22283	166539081	127431563100848	127431609528960	151728
LIFT	methanol400	23999	19199	142128	19199
COUNTS	methanol400	23999	151728	2586036	1792285
XCHTIME	0	0	0	0	0	0	0	0	0	0	0	0
XCHTIME	1218	2	4	1081895	22032	17943	8652	372	1032896	127431413718416	127431587909920	8364
XCHTIME	0	0	0	0	0	0	0	0	0	0	0	0
XCHTIME	1218	2	6	7226457	16229	18084	14039	835	7177270	127431413718416	127431587909920	8364
XCHTIME	0	0	0	0	0	0	0	0	0	0	0	0
XCHTIME	1218	2	5	3383609	16642	20144	10535	502	3335786	127431413718416	127431587909920	8364
XCHTIME	0	0	0	0	0	0	0	0	0	0	0	0
XCHTIME	1218	4	18	15371512	15422	17820	34269	2011	15301990	127431413718416	127431587909920	8364
LADGATE	1218	10000	0.529	1
XCHTIME	0	0	0	0	0	0	0	0	0	0	0	0
XCHTIME	1218	5	26	25363696	12621	17267	44212	2950	25286646	127431413718416	127431587909920	8364
XCHTIME	0	0	0	0	0	0	0	0	0	0	0	0
XCHTIME	1218	3	57	7140259	16824	20210	30485	4623	7068117	127431413718416	127431587909920	8364
XCHTIME	0	0	0	0	0	0	0	0	0	0	0	0
XCHTIME	1218	4	15	3565427	13850	18971	21938	1373	3509295	127431413718416	127431587909920	8364
XCHTIME	0	0	0	0	0	0	0	0	0	0	0	0
XCHTIME	1218	4	10	2190690	13745	17668	32618	1036	2125623	127431413718416	127431587909920	8364
XCHTIME	0	0	0	0	0	0	0	0	0	0	0	0
XCHTIME	1218	4	18	15320586	13844	18458	35879	2200	15250205	127431413718416	127431587909920	8364
XCHTIME	0	0	0	0	0	0	0	0	0	0	0	0
XCHTIME	1218	4	11	1390772	14166	18804	21206	882	1335714	127431413718416	127431587909920	8364
XCHTIME	0	0	0	0	0	0	0	0	0	0	0	0
XCHTIME	1218	4	14	6577031	13043	17730	23839	1475	6520944	127431413718416	127431587909920	8364
XCHTIME	0	0	0	0	0	0	0	0	0	0	0	0
XCHTIME	1218	4	13	12188920	15372	20181	29032	1481	12122854	127431413718416	127431587909920	8364
XCHTIME	0	0	0	0	0	0	0	0	0	0	0	0
XCHTIME	1218	1	0	13800069	18424	19517	4674	0	13757454	127431413718416	127431587909920	8364
XCHTIME	0	0	0	0	0	0	0	0	0	0	0	0
XCHTIME	1218	4	6	1190314	19347	24054	21839	542	1124532	127431413718416	127431587909920	8364
LIFT	pooling_foulds5tp	1218	659	7246	659
COUNTS	pooling_foulds5tp	1218	8364	251833	171941
XCHTIME	0	0	0	0	0	0	0	0	0	0	0	0
XCHTIME	5040	1	0	2116319	383552	454048	216770	0	1061949	127431939000816	127431944910336	121302
XCHTIME	0	0	0	0	0	0	0	0	0	0	0	0
XCHTIME	5040	1	0	3198109	337872	403308	206506	0	2250423	127431939000816	127431944910336	121302
XCHTIME	0	0	0	0	0	0	0	0	0	0	0	0
XCHTIME	5040	1	0	2634069	365220	449705	198225	0	1620919	127431939000816	127431944910336	121302
XCHTIME	0	0	0	0	0	0	0	0	0	0	0	0
XCHTIME	5040	1	0	9079368	397596	473693	199146	0	8008933	127431939000816	127431944910336	121302
LADGATE	5040	10000	0.635	1
LIFT	pooling_sppa9tp	5040	2642	116234	2642
COUNTS	pooling_sppa9tp	5040	121302	104609262	16877457
COUNTS	st_miqp2	10	18	37	37
COUNTS	autocorr_bern30-23	33	878	8940	8940
XCHTIME	0	0	0	0	0	0	0	0	0	0	0	0
XCHTIME	9858	1	0	4683387	966125	1863888	906436	0	946938	127431946075664	127431938488368	31692
XCHTIME	0	0	0	0	0	0	0	0	0	0	0	0
XCHTIME	9858	1	0	5125215	936652	1868448	920669	0	1399446	127431946075664	127431938488368	31692
XCHTIME	0	0	0	0	0	0	0	0	0	0	0	0
XCHTIME	9858	1	0	4842004	933049	1890904	933765	0	1084286	127431946075664	127431938488368	31692
XCHTIME	0	0	0	0	0	0	0	0	0	0	0	0
XCHTIME	9858	1	0	13070707	966125	1931114	933684	0	9239784	127431946075664	127431938488368	31692
LADGATE	9858	10000	0.669	1
XCHTIME	0	0	0	0	0	0	0	0	0	0	0	0
XCHTIME	9858	5	26	124312697	953107	1898792	4664918	13041	116782839	127431946075664	127431938488368	31692
XCHTIME	0	0	0	0	0	0	0	0	0	0	0	0
XCHTIME	9858	1	0	7538293	969016	1880861	923371	0	3765045	127431946075664	127431938488368	31692
XCHTIME	0	0	0	0	0	0	0	0	0	0	0	0
XCHTIME	9858	1	0	7785036	948078	1875868	950980	0	4010110	127431946075664	127431938488368	31692
XCHTIME	0	0	0	0	0	0	0	0	0	0	0	0
XCHTIME	9858	2	3	12155914	878164	1896095	1847671	1840	7532144	127431946075664	127431938488368	31692
XCHTIME	0	0	0	0	0	0	0	0	0	0	0	0
XCHTIME	9858	1	0	13201474	952199	1875952	904388	0	9468935	127431946075664	127431938488368	31692
XCHTIME	0	0	0	0	0	0	0	0	0	0	0	0
XCHTIME	9858	2	3	12151547	958345	1879103	1834460	1759	7477880	127431946075664	127431938488368	31692
XCHTIME	0	0	0	0	0	0	0	0	0	0	0	0
XCHTIME	9858	1	0	12681986	897223	1917087	994528	0	8873148	127431946075664	127431938488368	31692
XCHTIME	0	0	0	0	0	0	0	0	0	0	0	0
XCHTIME	9858	1	0	13117989	925288	1896676	931171	0	9364854	127431946075664	127431938488368	31692
XCHTIME	0	0	0	0	0	0	0	0	0	0	0	0
XCHTIME	9858	1	0	11735262	948626	1882590	941340	0	7962706	127431946075664	127431938488368	31692
XCHTIME	0	0	0	0	0	0	0	0	0	0	0	0
XCHTIME	9858	2	3	12166591	969268	1852118	1867765	1836	7475604	127431946075664	127431938488368	31692
LIFT	mpbp_15	9858	5550	25800	5550
COUNTS	mpbp_15	9858	31692	1496502	1164013
COUNTS	cvxnonsep_psig30r	126	250	501	501
XCHTIME	0	0	0	0	0	0	0	0	0	0	0	0
XCHTIME	1590	2	4	2475286	12254	26450	14872	662	2421048	127431590768144	127431939207328	4100
XCHTIME	0	0	0	0	0	0	0	0	0	0	0	0
XCHTIME	1590	1	0	6797636	12840	26560	6884	0	6751352	127431590768144	127431939207328	4100
XCHTIME	0	0	0	0	0	0	0	0	0	0	0	0
XCHTIME	1590	2	5	5370489	22257	33187	17125	508	5297412	127431590768144	127431939207328	4100
XCHTIME	0	0	0	0	0	0	0	0	0	0	0	0
XCHTIME	1590	2	5	13534662	15529	29305	22863	524	13466441	127431590768144	127431939207328	4100
LADGATE	1590	10000	0.415	1
XCHTIME	0	0	0	0	0	0	0	0	0	0	0	0
XCHTIME	1590	5	26	48622699	13107	28870	75808	3172	48501742	127431590768144	127431939207328	4100
XCHTIME	0	0	0	0	0	0	0	0	0	0	0	0
XCHTIME	1590	1	0	6955086	18747	33202	11895	0	6891242	127431590768144	127431939207328	4100
XCHTIME	0	0	0	0	0	0	0	0	0	0	0	0
XCHTIME	1590	4	15	7479031	24668	35234	37772	1861	7379496	127431590768144	127431939207328	4100
XCHTIME	0	0	0	0	0	0	0	0	0	0	0	0
XCHTIME	1590	4	10	4883484	15713	29869	48040	1288	4788574	127431590768144	127431939207328	4100
XCHTIME	0	0	0	0	0	0	0	0	0	0	0	0
XCHTIME	1590	2	5	13462249	14053	28409	23907	726	13395154	127431590768144	127431939207328	4100
XCHTIME	0	0	0	0	0	0	0	0	0	0	0	0
XCHTIME	1590	4	11	3083512	17770	32176	32117	1203	3000246	127431590768144	127431939207328	4100
XCHTIME	0	0	0	0	0	0	0	0	0	0	0	0
XCHTIME	1590	4	14	12691299	15288	28854	40100	1613	12605444	127431590768144	127431939207328	4100
XCHTIME	0	0	0	0	0	0	0	0	0	0	0	0
XCHTIME	1590	3	12	13827307	18042	29990	38132	1266	13739877	127431590768144	127431939207328	4100
XCHTIME	0	0	0	0	0	0	0	0	0	0	0	0
XCHTIME	1590	1	0	13272489	16201	31644	7184	0	13217460	127431590768144	127431939207328	4100
XCHTIME	0	0	0	0	0	0	0	0	0	0	0	0
XCHTIME	1590	4	6	2085528	24318	45550	33172	690	1981798	127431590768144	127431939207328	4100
LIFT	rsyn0830hfsg	1590	876	2784	876
COUNTS	rsyn0830hfsg	1590	4100	16168	15383
XCHTIME	0	0	0	0	0	0	0	0	0	0	0	0
XCHTIME	1271	2	4	1954610	10282	16619	9309	243	1918157	127431882320944	127431939272880	4642
XCHTIME	0	0	0	0	0	0	0	0	0	0	0	0
XCHTIME	1271	2	6	8086552	11151	17760	14148	627	8042866	127431882320944	127431939272880	4642
XCHTIME	0	0	0	0	0	0	0	0	0	0	0	0
XCHTIME	1271	2	5	5680147	14081	19818	11653	334	5634261	127431882320944	127431939272880	4642
XCHTIME	0	0	0	0	0	0	0	0	0	0	0	0
XCHTIME	1271	3	15	16426116	12188	18270	26617	1262	16367779	127431882320944	127431939272880	4642
LADGATE	1271	10000	0.522	1
XCHTIME	0	0	0	0	0	0	0	0	0	0	0	0
XCHTIME	1271	5	26	39407850	11981	20171	47779	2085	39325834	127431882320944	127431939272880	4642
XCHTIME	0	0	0	0	0	0	0	0	0	0	0	0
XCHTIME	1271	1	0	7302716	14990	20146	4525	0	7263055	127431882320944	127431939272880	4642
XCHTIME	0	0	0	0	0	0	0	0	0	0	0	0
XCHTIME	1271	4	15	6533329	18426	23358	24745	1129	6465671	127431882320944	127431939272880	4642
XCHTIME	0	0	0	0	0	0	0	0	0	0	0	0
XCHTIME	1271	4	10	3915928	18914	24050	22610	650	3849704	127431882320944	127431939272880	4642
XCHTIME	0	0	0	0	0	0	0	0	0	0	0	0
XCHTIME	1271	3	15	16414932	11689	17448	24751	1318	16359726	127431882320944	127431939272880	4642
XCHTIME	0	0	0	0	0	0	0	0	0	0	0	0
XCHTIME	1271	4	11	2333164	11183	22246	23544	752	2275439	127431882320944	127431939272880	4642
XCHTIME	0	0	0	0	0	0	0	0	0	0	0	0
XCHTIME	1271	4	14	10693792	11367	18011	25162	1030	10638222	127431882320944	127431939272880	4642
XCHTIME	0	0	0	0	0	0	0	0	0	0	0	0
XCHTIME	1271	4	13	16445617	16416	22425	36128	1047	16369601	127431882320944	127431939272880	4642
XCHTIME	0	0	0	0	0	0	0	0	0	0	0	0
XCHTIME	1271	1	0	14820942	12687	19148	4603	0	14784504	127431882320944	127431939272880	4642
XCHTIME	0	0	0	0	0	0	0	0	0	0	0	0
XCHTIME	1271	4	6	1587425	18855	23272	21052	481	1523765	127431882320944	127431939272880	4642
LIFT	crudeoil_pooling_ct1	1271	722	3626	722
COUNTS	crudeoil_pooling_ct1	1271	4642	125127	93863
XCHTIME	0	0	0	0	0	0	0	0	0	0	0	0
XCHTIME	800	2	4	574422	15198	7817	4462	249	546696	127431947531552	127431938947136	3894
XCHTIME	0	0	0	0	0	0	0	0	0	0	0	0
XCHTIME	800	2	6	5256958	9474	7489	4835	250	5234910	127431947531552	127431938947136	3894
XCHTIME	0	0	0	0	0	0	0	0	0	0	0	0
XCHTIME	800	2	5	1768079	7823	8027	4629	210	1747390	127431947531552	127431938947136	3894
XCHTIME	0	0	0	0	0	0	0	0	0	0	0	0
XCHTIME	800	4	18	11500154	7122	7629	11326	765	11473312	127431947531552	127431938947136	3894
LADGATE	800	10000	0.568	1
XCHTIME	0	0	0	0	0	0	0	0	0	0	0	0
XCHTIME	800	5	26	14167342	7083	7822	14248	1231	14136958	127431947531552	127431938947136	3894
XCHTIME	0	0	0	0	0	0	0	0	0	0	0	0
XCHTIME	800	4	66	6886783	7211	8036	13345	1972	6856219	127431947531552	127431938947136	3894
XCHTIME	0	0	0	0	0	0	0	0	0	0	0	0
XCHTIME	800	4	15	1982603	8240	9117	11808	643	1952795	127431947531552	127431938947136	3894
XCHTIME	0	0	0	0	0	0	0	0	0	0	0	0
XCHTIME	800	4	10	1032861	7244	7572	10507	460	1007078	127431947531552	127431938947136	3894
XCHTIME	0	0	0	0	0	0	0	0	0	0	0	0
XCHTIME	800	4	18	11659769	7396	7929	14359	757	11629328	127431947531552	127431938947136	3894
XCHTIME	0	0	0	0	0	0	0	0	0	0	0	0
XCHTIME	800	4	11	686658	8050	8500	10435	455	659218	127431947531552	127431938947136	3894
XCHTIME	0	0	0	0	0	0	0	0	0	0	0	0
XCHTIME	800	4	14	3546633	7422	7315	15541	612	3515743	127431947531552	127431938947136	3894
XCHTIME	0	0	0	0	0	0	0	0	0	0	0	0
XCHTIME	800	4	13	6450879	7207	8376	9655	599	6425042	127431947531552	127431938947136	3894
XCHTIME	0	0	0	0	0	0	0	0	0	0	0	0
XCHTIME	800	3	15	19323415	6800	7955	14062	853	19293745	127431947531552	127431938947136	3894
XCHTIME	0	0	0	0	0	0	0	0	0	0	0	0
XCHTIME	800	4	6	479699	8106	8567	10516	202	452308	127431947531552	127431938947136	3894
LIFT	multiplants_stg1c	800	326	3346	326
COUNTS	multiplants_stg1c	800	3894	150039	143020
XCHTIME	0	0	0	0	0	0	0	0	0	0	0	0
XCHTIME	11	2	4	45154	321	239	70	192	44332	127431891965168	127431883584064	32
XCHTIME	0	0	0	0	0	0	0	0	0	0	0	0
XCHTIME	11	2	6	161085	164	239	62	185	160435	127431891965168	127431883584064	32
XCHTIME	0	0	0	0	0	0	0	0	0	0	0	0
XCHTIME	11	2	5	85580	166	215	58	137	85004	127431891965168	127431883584064	32
XCHTIME	0	0	0	0	0	0	0	0	0	0	0	0
XCHTIME	11	4	18	183896	216	300	109	548	182723	127431891965168	127431883584064	32
LADGATE	11	10000	0.117	1
XCHTIME	0	0	0	0	0	0	0	0	0	0	0	0
XCHTIME	11	5	26	177808	193	308	143	799	176365	127431891965168	127431883584064	32
XCHTIME	0	0	0	0	0	0	0	0	0	0	0	0
XCHTIME	11	4	31	149600	237	347	118	806	148092	127431891965168	127431883584064	32
XCHTIME	0	0	0	0	0	0	0	0	0	0	0	0
XCHTIME	11	4	15	69364	238	304	140	379	68303	127431891965168	127431883584064	32
XCHTIME	0	0	0	0	0	0	0	0	0	0	0	0
XCHTIME	11	4	10	54339	216	326	128	248	53421	127431891965168	127431883584064	32
XCHTIME	0	0	0	0	0	0	0	0	0	0	0	0
XCHTIME	11	4	18	162723	180	272	116	435	161720	127431891965168	127431883584064	32
XCHTIME	0	0	0	0	0	0	0	0	0	0	0	0
XCHTIME	11	4	11	31749	196	290	103	242	30918	127431891965168	127431883584064	32
XCHTIME	0	0	0	0	0	0	0	0	0	0	0	0
XCHTIME	11	4	14	123343	154	284	123	333	122449	127431891965168	127431883584064	32
XCHTIME	0	0	0	0	0	0	0	0	0	0	0	0
XCHTIME	11	4	13	222778	181	271	144	324	221858	127431891965168	127431883584064	32
XCHTIME	0	0	0	0	0	0	0	0	0	0	0	0
XCHTIME	11	4	16	224498	179	263	120	395	223541	127431891965168	127431883584064	32
XCHTIME	0	0	0	0	0	0	0	0	0	0	0	0
XCHTIME	11	4	6	15334	172	254	118	122	14668	127431891965168	127431883584064	32
COUNTS	st_pan1	11	32	123	94
XCHTIME	0	0	0	0	0	0	0	0	0	0	0	0
XCHTIME	814	2	4	1021169	16038	8346	4956	227	991602	127431413710960	127431412224112	3992
XCHTIME	0	0	0	0	0	0	0	0	0	0	0	0
XCHTIME	814	2	6	8890144	7045	7568	5663	488	8869380	127431413710960	127431412224112	3992
XCHTIME	0	0	0	0	0	0	0	0	0	0	0	0
XCHTIME	814	2	5	3407541	8368	8227	5469	452	3385025	127431413710960	127431412224112	3992
XCHTIME	0	0	0	0	0	0	0	0	0	0	0	0
XCHTIME	814	4	18	17590340	8554	8726	12640	1494	17558926	127431413710960	127431412224112	3992
LADGATE	814	10000	0.606	1
XCHTIME	0	0	0	0	0	0	0	0	0	0	0	0
XCHTIME	814	5	26	27107867	6776	7872	13167	2026	27078026	127431413710960	127431412224112	3992
XCHTIME	0	0	0	0	0	0	0	0	0	0	0	0
XCHTIME	814	1	0	7230249	7495	7896	2072	0	7212786	127431413710960	127431412224112	3992
XCHTIME	0	0	0	0	0	0	0	0	0	0	0	0
XCHTIME	814	4	15	3588686	9802	9908	10680	1094	3557202	127431413710960	127431412224112	3992
XCHTIME	0	0	0	0	0	0	0	0	0	0	0	0
XCHTIME	814	4	10	1998778	7759	7851	10443	561	1972164	127431413710960	127431412224112	3992
XCHTIME	0	0	0	0	0	0	0	0	0	0	0	0
XCHTIME	814	4	18	17819603	7179	7502	17398	1254	17786270	127431413710960	127431412224112	3992
XCHTIME	0	0	0	0	0	0	0	0	0	0	0	0
XCHTIME	814	4	11	1190432	8541	8392	10043	604	1162852	127431413710960	127431412224112	3992
XCHTIME	0	0	0	0	0	0	0	0	0	0	0	0
XCHTIME	814	4	14	6582690	6946	7585	11264	982	6555913	127431413710960	127431412224112	3992
XCHTIME	0	0	0	0	0	0	0	0	0	0	0	0
XCHTIME	814	4	13	11687745	7465	7968	11846	985	11659481	127431413710960	127431412224112	3992
XCHTIME	0	0	0	0	0	0	0	0	0	0	0	0
XCHTIME	814	1	0	15401817	7497	7779	2716	0	15383825	127431413710960	127431412224112	3992
XCHTIME	0	0	0	0	0	0	0	0	0	0	0	0
XCHTIME	814	4	6	850100	11066	10429	10706	437	817462	127431413710960	127431412224112	3992
LIFT	multiplants_stg1b	814	337	3456	337
COUNTS	multiplants_stg1b	814	3992	308612	187593
XCHTIME	0	0	0	0	0	0	0	0	0	0	0	0
XCHTIME	11999	1	0	4824869	1462313	2266268	789729	0	306559	127431611269136	127431611365152	76128
XCHTIME	0	0	0	0	0	0	0	0	0	0	0	0
XCHTIME	11999	1	0	5403977	1463229	2192307	787363	0	961078	127431611269136	127431611365152	76128
XCHTIME	0	0	0	0	0	0	0	0	0	0	0	0
XCHTIME	11999	1	0	5348504	1565980	2219472	765027	0	798025	127431611269136	127431611365152	76128
XCHTIME	0	0	0	0	0	0	0	0	0	0	0	0
XCHTIME	11999	1	0	12107598	1553457	2203091	797184	0	7553866	127431611269136	127431611365152	76128
LADGATE	11999	10000	0.545	0
XCHTIME	0	0	0	0	0	0	0	0	0	0	0	0
XCHTIME	11999	5	26	88268093	1570474	2220459	4068970	16597	80391593	127431611269136	127431611365152	76128
XCHTIME	0	0	0	0	0	0	0	0	0	0	0	0
XCHTIME	11999	1	0	7838983	1571653	2222189	778000	0	3267141	127431611269136	127431611365152	76128
XCHTIME	0	0	0	0	0	0	0	0	0	0	0	0
XCHTIME	11999	1	0	7336904	1548585	2232398	769265	0	2786656	127431611269136	127431611365152	76128
XCHTIME	0	0	0	0	0	0	0	0	0	0	0	0
XCHTIME	11999	1	0	10674024	1539167	2204386	792049	0	6138422	127431611269136	127431611365152	76128
XCHTIME	0	0	0	0	0	0	0	0	0	0	0	0
XCHTIME	11999	1	0	12046418	1469551	2211204	788294	0	7577369	127431611269136	127431611365152	76128
XCHTIME	0	0	0	0	0	0	0	0	0	0	0	0
XCHTIME	11999	1	0	10284126	1567013	2221166	788499	0	5707448	127431611269136	127431611365152	76128
XCHTIME	0	0	0	0	0	0	0	0	0	0	0	0
XCHTIME	11999	1	0	11843348	1576742	2223359	796144	0	7247103	127431611269136	127431611365152	76128
XCHTIME	0	0	0	0	0	0	0	0	0	0	0	0
XCHTIME	11999	1	0	12387475	1589912	2201774	794417	0	7801372	127431611269136	127431611365152	76128
XCHTIME	0	0	0	0	0	0	0	0	0	0	0	0
XCHTIME	11999	1	0	12272937	1585867	2219593	819009	0	7648468	127431611269136	127431611365152	76128
XCHTIME	0	0	0	0	0	0	0	0	0	0	0	0
XCHTIME	11999	1	0	10084410	1560176	2221181	765361	0	5537692	127431611269136	127431611365152	76128
LIFT	methanol200	11999	9599	71328	9599
COUNTS	methanol200	11999	76128	1290836	905945
LADGATE	26778	10000	0.519	0
LIFT	faclay35	26778	13686	106196	13686
COUNTS	faclay35	26778	132380	33630126	32021838
XCHTIME	0	0	0	0	0	0	0	0	0	0	0	0
XCHTIME	13175	1	0	5565443	1624584	2738743	1029681	0	172435	127431560455664	127431563292864	32300
XCHTIME	0	0	0	0	0	0	0	0	0	0	0	0
XCHTIME	13175	1	0	5990646	1505107	2739130	1017863	0	728546	127431560455664	127431563292864	32300
XCHTIME	0	0	0	0	0	0	0	0	0	0	0	0
XCHTIME	13175	1	0	5809353	1530312	2711716	1024900	0	542425	127431560455664	127431563292864	32300
XCHTIME	0	0	0	0	0	0	0	0	0	0	0	0
XCHTIME	13175	1	0	11981677	1510181	2721561	1015831	0	6734104	127431560455664	127431563292864	32300
LADGATE	13175	10000	0.258	0
XCHTIME	0	0	0	0	0	0	0	0	0	0	0	0
XCHTIME	13175	5	26	45099404	1543898	2763795	5301692	15652	35474367	127431560455664	127431563292864	32300
XCHTIME	0	0	0	0	0	0	0	0	0	0	0	0
XCHTIME	13175	1	0	7879781	1601710	2720689	1038625	0	2518757	127431560455664	127431563292864	32300
XCHTIME	0	0	0	0	0	0	0	0	0	0	0	0
XCHTIME	13175	1	0	7932903	1553713	2732237	1034907	0	2612046	127431560455664	127431563292864	32300
XCHTIME	0	0	0	0	0	0	0	0	0	0	0	0
XCHTIME	13175	1	0	11853832	1572302	2745883	1051192	0	6484455	127431560455664	127431563292864	32300
XCHTIME	0	0	0	0	0	0	0	0	0	0	0	0
XCHTIME	13175	1	0	12055823	1556223	2748775	1030141	0	6720684	127431560455664	127431563292864	32300
XCHTIME	0	0	0	0	0	0	0	0	0	0	0	0
XCHTIME	13175	1	0	12229820	1602491	2748894	1031887	0	6846548	127431560455664	127431563292864	32300
XCHTIME	0	0	0	0	0	0	0	0	0	0	0	0
XCHTIME	13175	1	0	12085433	1588027	2716297	1037849	0	6743260	127431560455664	127431563292864	32300
XCHTIME	0	0	0	0	0	0	0	0	0	0	0	0
XCHTIME	13175	1	0	12274721	1578307	2770682	1027543	0	6898189	127431560455664	127431563292864	32300
XCHTIME	0	0	0	0	0	0	0	0	0	0	0	0
XCHTIME	13175	1	0	11930559	1566348	2730757	1057611	0	6575843	127431560455664	127431563292864	32300
XCHTIME	0	0	0	0	0	0	0	0	0	0	0	0
XCHTIME	13175	1	0	11910799	1607518	2739950	1031991	0	6531340	127431560455664	127431563292864	32300
LIFT	emfl050_5_5	13175	5675	17300	5675
COUNTS	emfl050_5_5	13175	32300	155400	155400
LIFT	transswitch2383wpr	59853	37844	247952	37844
COUNTS	transswitch2383wpr	59853	277562	3946309	3861509
XCHTIME	0	0	0	0	0	0	0	0	0	0	0	0
XCHTIME	1120	2	4	2351071	14489	13941	7238	547	2314856	127431940996448	127431560325296	6400
XCHTIME	0	0	0	0	0	0	0	0	0	0	0	0
XCHTIME	1120	1	0	9229902	15488	14160	3499	0	9196755	127431940996448	127431560325296	6400
XCHTIME	0	0	0	0	0	0	0	0	0	0	0	0
XCHTIME	1120	2	5	6680814	16756	16620	8048	663	6638727	127431940996448	127431560325296	6400
XCHTIME	0	0	0	0	0	0	0	0	0	0	0	0
XCHTIME	1120	2	5	17355986	21914	15681	10106	665	17307620	127431940996448	127431560325296	6400
LADGATE	1120	10000	0.501	1
XCHTIME	0	0	0	0	0	0	0	0	0	0	0	0
XCHTIME	1120	4	10	4735074	14412	14440	14340	1350	4690532	127431940996448	127431560325296	6400
XCHTIME	0	0	0	0	0	0	0	0	0	0	0	0
XCHTIME	1120	2	19	6611612	15190	13886	13408	2265	6566863	127431940996448	127431560325296	6400
XCHTIME	0	0	0	0	0	0	0	0	0	0	0	0
XCHTIME	1120	4	15	8068041	14217	14944	17804	1861	8019215	127431940996448	127431560325296	6400
XCHTIME	0	0	0	0	0	0	0	0	0	0	0	0
XCHTIME	1120	4	10	4707491	14692	14414	15175	1238	4661972	127431940996448	127431560325296	6400
XCHTIME	0	0	0	0	0	0	0	0	0	0	0	0
XCHTIME	1120	2	5	17552419	14021	13757	10294	789	17513558	127431940996448	127431560325296	6400
XCHTIME	0	0	0	0	0	0	0	0	0	0	0	0
XCHTIME	1120	4	11	2907102	18387	17232	14285	1392	2855806	127431940996448	127431560325296	6400
XCHTIME	0	0	0	0	0	0	0	0	0	0	0	0
XCHTIME	1120	4	14	14347966	14233	13479	16192	1747	14302315	127431940996448	127431560325296	6400
XCHTIME	0	0	0	0	0	0	0	0	0	0	0	0
XCHTIME	1120	3	12	17331303	14405	13630	13969	1453	17287846	127431940996448	127431560325296	6400
XCHTIME	0	0	0	0	0	0	0	0	0	0	0	0
XCHTIME	1120	1	0	17462728	17148	14392	3430	0	17427758	127431940996448	127431560325296	6400
XCHTIME	0	0	0	0	0	0	0	0	0	0	0	0
XCHTIME	1120	4	6	2025620	19679	18460	15041	882	1971558	127431940996448	127431560325296	6400
LIFT	chimera_lga-01	1120	721	5500	721
COUNTS	chimera_lga-01	1120	6400	668019	497058
XCHTIME	0	0	0	0	0	0	0	0	0	0	0	0
XCHTIME	4596	1	0	2503660	192160	341638	161397	0	1808465	127431560561088	127431612020528	15316
XCHTIME	0	0	0	0	0	0	0	0	0	0	0	0
XCHTIME	4596	1	0	3836915	174816	353615	164091	0	3144393	127431560561088	127431612020528	15316
XCHTIME	0	0	0	0	0	0	0	0	0	0	0	0
XCHTIME	4596	1	0	3450900	181220	354823	164023	0	2750834	127431560561088	127431612020528	15316
XCHTIME	0	0	0	0	0	0	0	0	0	0	0	0
XCHTIME	4596	1	0	11442412	181260	336935	160109	0	10764108	127431560561088	127431612020528	15316
LADGATE	4596	10000	0.661	1
XCHTIME	0	0	0	0	0	0	0	0	0	0	0	0
XCHTIME	4596	5	26	101955412	183184	335681	851210	6102	100579235	127431560561088	127431612020528	15316
XCHTIME	0	0	0	0	0	0	0	0	0	0	0	0
XCHTIME	4596	1	0	4950897	197963	353073	161299	0	4238562	127431560561088	127431612020528	15316
XCHTIME	0	0	0	0	0	0	0	0	0	0	0	0
XCHTIME	4596	2	4	6892393	186813	358279	325619	1269	6020413	127431560561088	127431612020528	15316
XCHTIME	0	0	0	0	0	0	0	0	0	0	0	0
XCHTIME	4596	4	10	13710465	166247	346955	667892	2514	12526857	127431560561088	127431612020528	15316
XCHTIME	0	0	0	0	0	0	0	0	0	0	0	0
XCHTIME	4596	1	0	11406855	181014	313521	150175	0	10762145	127431560561088	127431612020528	15316
XCHTIME	0	0	0	0	0	0	0	0	0	0	0	0
XCHTIME	4596	4	11	11234969	187943	343534	650149	3082	10050261	127431560561088	127431612020528	15316
XCHTIME	0	0	0	0	0	0	0	0	0	0	0	0
XCHTIME	4596	2	4	12859725	211795	373228	350971	1063	11922668	127431560561088	127431612020528	15316
XCHTIME	0	0	0	0	0	0	0	0	0	0	0	0
XCHTIME	4596	1	0	11991453	191197	337639	162450	0	11300167	127431560561088	127431612020528	15316
XCHTIME	0	0	0	0	0	0	0	0	0	0	0	0
XCHTIME	4596	1	0	10285847	190168	355586	161195	0	9578898	127431560561088	127431612020528	15316
XCHTIME	0	0	0	0	0	0	0	0	0	0	0	0
XCHTIME	4596	4	6	8559926	204458	353984	601434	1789	7398261	127431560561088	127431612020528	15316
LIFT	gasprod_sarawak16	4596	2632	12316	2632
COUNTS	gasprod_sarawak16	4596	15316	213850	196064
XCHTIME	0	0	0	0	0	0	0	0	0	0	0	0
XCHTIME	15904	0	0	10038397	2582137	7456260	0	0	0	127431563700992	127431600772752	101792
XCHTIME	0	0	0	0	0	0	0	0	0	0	0	0
XCHTIME	15904	1	0	9772627	2663421	4699533	1773891	0	635782	127431563700992	127431600772752	101792
XCHTIME	0	0	0	0	0	0	0	0	0	0	0	0
XCHTIME	15904	1	0	9572529	2936483	4493117	1788443	0	354486	127431563700992	127431600772752	101792
XCHTIME	0	0	0	0	0	0	0	0	0	0	0	0
XCHTIME	15904	1	0	15321301	2864195	4520258	1750736	0	6186112	127431563700992	127431600772752	101792
LADGATE	15904	10000	1.001	0
XCHTIME	0	0	0	0	0	0	0	0	0	0	0	0
XCHTIME	15904	5	26	334401198	2627729	4136433	8013276	12696	319611064	127431563700992	127431600772752	101792
LIFT	crudeoil_lee4_09	15904	10632	92014	10632
COUNTS	crudeoil_lee4_09	15904	101792	208785578	128088057
LADGATE	44909	10000	0.821	0
LIFT	arki0013	44909	18463	161472	18463
COUNTS	arki0013	44909	160172	390472987	157005417
XCHTIME	0	0	0	0	0	0	0	0	0	0	0	0
XCHTIME	42	2	4	67036	1091	612	266	105	64962	127431890159680	127431549747760	432
XCHTIME	0	0	0	0	0	0	0	0	0	0	0	0
XCHTIME	42	2	6	728608	896	358	347	169	726838	127431890159680	127431549747760	432
XCHTIME	0	0	0	0	0	0	0	0	0	0	0	0
XCHTIME	42	2	5	188418	968	481	166	102	186701	127431890159680	127431549747760	432
XCHTIME	0	0	0	0	0	0	0	0	0	0	0	0
XCHTIME	42	4	18	1456246	864	401	600	638	1453743	127431890159680	127431549747760	432
LADGATE	42	10000	0.153	1
XCHTIME	0	0	0	0	0	0	0	0	0	0	0	0
XCHTIME	42	5	26	1786528	1230	812	391	855	1783240	127431890159680	127431549747760	432
XCHTIME	0	0	0	0	0	0	0	0	0	0	0	0
XCHTIME	42	4	66	10283	986	588	316	2639	5754	127431890159680	127431549747760	432
XCHTIME	0	0	0	0	0	0	0	0	0	0	0	0
XCHTIME	42	4	15	184430	808	330	352	305	182635	127431890159680	127431549747760	432
XCHTIME	0	0	0	0	0	0	0	0	0	0	0	0
XCHTIME	42	4	10	125529	774	324	380	265	123786	127431890159680	127431549747760	432
XCHTIME	0	0	0	0	0	0	0	0	0	0	0	0
XCHTIME	42	4	18	1430913	769	401	378	500	1428865	127431890159680	127431549747760	432
XCHTIME	0	0	0	0	0	0	0	0	0	0	0	0
XCHTIME	42	4	11	52044	1150	369	267	217	50041	127431890159680	127431549747760	432
XCHTIME	0	0	0	0	0	0	0	0	0	0	0	0
XCHTIME	42	4	14	420223	820	380	622	308	418093	127431890159680	127431549747760	432
XCHTIME	0	0	0	0	0	0	0	0	0	0	0	0
XCHTIME	42	4	13	732985	861	384	329	263	731148	127431890159680	127431549747760	432
XCHTIME	0	0	0	0	0	0	0	0	0	0	0	0
XCHTIME	42	4	16	5242215	811	398	790	606	5239610	127431890159680	127431549747760	432
XCHTIME	0	0	0	0	0	0	0	0	0	0	0	0
XCHTIME	42	4	6	31647	1218	923	293	124	29089	127431890159680	127431549747760	432
LIFT	st_m1	42	11	110	11
COUNTS	st_m1	42	432	3097	3097
XCHTIME	0	0	0	0	0	0	0	0	0	0	0	0
XCHTIME	5310	1	0	2330227	247275	482483	224842	0	1375627	127431560390848	127431610839696	17098
XCHTIME	0	0	0	0	0	0	0	0	0	0	0	0
XCHTIME	5310	1	0	4681636	232202	456557	230570	0	3762307	127431560390848	127431610839696	17098
XCHTIME	0	0	0	0	0	0	0	0	0	0	0	0
XCHTIME	5310	1	0	3415979	268181	474817	234589	0	2438392	127431560390848	127431610839696	17098
XCHTIME	0	0	0	0	0	0	0	0	0	0	0	0
XCHTIME	5310	2	5	11997512	282314	523923	482277	1524	10707474	127431560390848	127431610839696	17098
LADGATE	5310	10000	0.689	1
XCHTIME	0	0	0	0	0	0	0	0	0	0	0	0
XCHTIME	5310	5	26	33932831	214803	438173	1223761	8185	32047909	127431560390848	127431610839696	17098
XCHTIME	0	0	0	0	0	0	0	0	0	0	0	0
XCHTIME	5310	3	57	5098891	267395	485031	680304	9527	3656634	127431560390848	127431610839696	17098
XCHTIME	0	0	0	0	0	0	0	0	0	0	0	0
XCHTIME	5310	3	12	5610506	252316	486256	655152	2971	4213811	127431560390848	127431610839696	17098
XCHTIME	0	0	0	0	0	0	0	0	0	0	0	0
XCHTIME	5310	4	10	7101209	244336	472706	890184	2979	5491004	127431560390848	127431610839696	17098
XCHTIME	0	0	0	0	0	0	0	0	0	0	0	0
XCHTIME	5310	2	5	11886114	218723	461113	468649	2923	10734706	127431560390848	127431610839696	17098
XCHTIME	0	0	0	0	0	0	0	0	0	0	0	0
XCHTIME	5310	4	11	6588833	265545	477081	893694	3286	4949227	127431560390848	127431610839696	17098
XCHTIME	0	0	0	0	0	0	0	0	0	0	0	0
XCHTIME	5310	4	14	10208544	263030	471165	906090	3748	8564511	127431560390848	127431610839696	17098
XCHTIME	0	0	0	0	0	0	0	0	0	0	0	0
XCHTIME	5310	3	12	11541155	276160	512870	700248	3833	10048044	127431560390848	127431610839696	17098
XCHTIME	0	0	0	0	0	0	0	0	0	0	0	0
XCHTIME	5310	1	0	10998921	248573	486257	232368	0	10031723	127431560390848	127431610839696	17098
XCHTIME	0	0	0	0	0	0	0	0	0	0	0	0
XCHTIME	5310	4	6	6149902	265243	491268	873582	2279	4517530	127431560390848	127431610839696	17098
LIFT	mpbp_47	5310	3182	12798	3182
COUNTS	mpbp_47	5310	17098	730624	652208
XCHTIME	0	0	0	0	0	0	0	0	0	0	0	0
XCHTIME	821	2	4	1089405	18375	12393	4660	218	1053759	127431564507968	127431946154544	2242
XCHTIME	0	0	0	0	0	0	0	0	0	0	0	0
XCHTIME	821	2	6	7889350	5583	7259	5692	367	7870449	127431564507968	127431946154544	2242
XCHTIME	0	0	0	0	0	0	0	0	0	0	0	0
XCHTIME	821	2	5	2550855	6258	8684	4535	249	2531129	127431564507968	127431946154544	2242
XCHTIME	0	0	0	0	0	0	0	0	0	0	0	0
XCHTIME	821	4	18	16674509	5994	7664	12079	1082	16647690	127431564507968	127431946154544	2242
LADGATE	821	10000	0.404	1
XCHTIME	0	0	0	0	0	0	0	0	0	0	0	0
XCHTIME	821	5	26	20331299	5618	7755	15028	1576	20301322	127431564507968	127431946154544	2242
XCHTIME	0	0	0	0	0	0	0	0	0	0	0	0
XCHTIME	821	4	66	7476437	6369	8435	13547	3536	7444550	127431564507968	127431946154544	2242
XCHTIME	0	0	0	0	0	0	0	0	0	0	0	0
XCHTIME	821	4	15	3325614	6442	8207	11039	805	3299121	127431564507968	127431946154544	2242
XCHTIME	0	0	0	0	0	0	0	0	0	0	0	0
XCHTIME	821	4	10	2132006	7901	8777	9432	547	2105349	127431564507968	127431946154544	2242
XCHTIME	0	0	0	0	0	0	0	0	0	0	0	0
XCHTIME	821	4	18	16846004	5785	7477	14738	1156	16816848	127431564507968	127431946154544	2242
XCHTIME	0	0	0	0	0	0	0	0	0	0	0	0
XCHTIME	821	4	11	1302932	7509	9727	8928	657	1276111	127431564507968	127431946154544	2242
XCHTIME	0	0	0	0	0	0	0	0	0	0	0	0
XCHTIME	821	4	14	5544589	5619	7474	10445	701	5520350	127431564507968	127431946154544	2242
XCHTIME	0	0	0	0	0	0	0	0	0	0	0	0
XCHTIME	821	4	13	9015228	7546	8870	13829	837	8984146	127431564507968	127431946154544	2242
XCHTIME	0	0	0	0	0	0	0	0	0	0	0	0
XCHTIME	821	2	5	15619813	7491	8264	9055	396	15594607	127431564507968	127431946154544	2242
XCHTIME	0	0	0	0	0	0	0	0	0	0	0	0
XCHTIME	821	4	6	867136	7735	9798	8741	264	840598	127431564507968	127431946154544	2242
LIFT	rsyn0815m	821	434	1516	434
COUNTS	rsyn0815m	821	2242	8260	7745
XCHTIME	0	0	0	0	0	0	0	0	0	0	0	0
XCHTIME	7993	1	0	3813222	729263	1177875	579939	0	1326145	127431563596624	127431598752112	37208
XCHTIME	0	0	0	0	0	0	0	0	0	0	0	0
XCHTIME	7993	1	0	4911828	634961	1195651	598108	0	2483108	127431563596624	127431598752112	37208
XCHTIME	0	0	0	0	0	0	0	0	0	0	0	0
XCHTIME	7993	1	0	4096063	618490	1160580	565202	0	1751791	127431563596624	127431598752112	37208
XCHTIME	0	0	0	0	0	0	0	0	0	0	0	0
XCHTIME	7993	1	0	11855659	708223	1194621	585204	0	9367611	127431563596624	127431598752112	37208
LADGATE	7993	10000	0.963	1
XCHTIME	0	0	0	0	0	0	0	0	0	0	0	0
XCHTIME	7993	5	26	91776389	712379	1172258	2912931	8565	86970256	127431563596624	127431598752112	37208
XCHTIME	0	0	0	0	0	0	0	0	0	0	0	0
XCHTIME	7993	1	0	5161386	665613	1188627	581711	0	2725435	127431563596624	127431598752112	37208
XCHTIME	0	0	0	0	0	0	0	0	0	0	0	0
XCHTIME	7993	1	0	6613935	709291	1190072	575833	0	4138739	127431563596624	127431598752112	37208
XCHTIME	0	0	0	0	0	0	0	0	0	0	0	0
XCHTIME	7993	2	3	11265320	711457	1162647	1175933	1073	8214210	127431563596624	127431598752112	37208
XCHTIME	0	0	0	0	0	0	0	0	0	0	0	0
XCHTIME	7993	1	0	11862137	718650	1169356	574144	0	9399987	127431563596624	127431598752112	37208
XCHTIME	0	0	0	0	0	0	0	0	0	0	0	0
XCHTIME	7993	2	3	10960825	718538	1163013	1124822	1405	7953047	127431563596624	127431598752112	37208
XCHTIME	0	0	0	0	0	0	0	0	0	0	0	0
XCHTIME	7993	2	4	11846637	721871	1165920	1164339	1332	8793175	127431563596624	127431598752112	37208
XCHTIME	0	0	0	0	0	0	0	0	0	0	0	0
XCHTIME	7993	1	0	11646767	702945	1167774	563434	0	9212614	127431563596624	127431598752112	37208
XCHTIME	0	0	0	0	0	0	0	0	0	0	0	0
XCHTIME	7993	1	0	10970479	726292	1168803	581181	0	8494203	127431563596624	127431598752112	37208
XCHTIME	0	0	0	0	0	0	0	0	0	0	0	0
XCHTIME	7993	2	3	10636450	704693	1169991	1140038	1081	7620647	127431563596624	127431598752112	37208
LIFT	arki0016	7993	4968	26810	4968
COUNTS	arki0016	7993	37208	878890	835794
XCHTIME	0	0	0	0	0	0	0	0	0	0	0	0
XCHTIME	18	2	4	20370	280	362	154	121	19453	127431886763072	127431882036176	48
XCHTIME	0	0	0	0	0	0	0	0	0	0	0	0
XCHTIME	18	2	6	325048	217	259	100	122	324350	127431886763072	127431882036176	48
XCHTIME	0	0	0	0	0	0	0	0	0	0	0	0
XCHTIME	18	2	5	92127	276	293	138	106	91314	127431886763072	127431882036176	48
XCHTIME	0	0	0	0	0	0	0	0	0	0	0	0
XCHTIME	18	4	18	597012	300	301	243	424	595744	127431886763072	127431882036176	48
LADGATE	18	10000	0.137	1
XCHTIME	0	0	0	0	0	0	0	0	0	0	0	0
XCHTIME	18	5	26	676641	349	379	253	636	675024	127431886763072	127431882036176	48
XCHTIME	0	0	0	0	0	0	0	0	0	0	0	0
XCHTIME	18	4	45	39732	308	325	157	1124	37818	127431886763072	127431882036176	48
XCHTIME	0	0	0	0	0	0	0	0	0	0	0	0
XCHTIME	18	4	15	93229	284	281	164	338	92162	127431886763072	127431882036176	48
XCHTIME	0	0	0	0	0	0	0	0	0	0	0	0
XCHTIME	18	4	10	59963	241	257	152	208	59105	127431886763072	127431882036176	48
XCHTIME	0	0	0	0	0	0	0	0	0	0	0	0
XCHTIME	18	4	18	629885	246	275	158	406	628800	127431886763072	127431882036176	48
XCHTIME	0	0	0	0	0	0	0	0	0	0	0	0
XCHTIME	18	4	11	35267	250	243	159	220	34395	127431886763072	127431882036176	48
XCHTIME	0	0	0	0	0	0	0	0	0	0	0	0
XCHTIME	18	4	14	172333	224	254	183	316	171356	127431886763072	127431882036176	48
XCHTIME	0	0	0	0	0	0	0	0	0	0	0	0
XCHTIME	18	4	13	230005	221	251	172	280	229081	127431886763072	127431882036176	48
XCHTIME	0	0	0	0	0	0	0	0	0	0	0	0
XCHTIME	18	4	16	2937046	253	325	393	457	2935618	127431886763072	127431882036176	48
XCHTIME	0	0	0	0	0	0	0	0	0	0	0	0
XCHTIME	18	4	6	21987	601	541	181	124	20540	127431886763072	127431882036176	48
COUNTS	st_glmp_ss2	18	48	121	121
XCHTIME	0	0	0	0	0	0	0	0	0	0	0	0
XCHTIME	2670	2	4	1760175	29636	79049	54131	838	1596521	127431560433344	127431611200176	6964
XCHTIME	0	0	0	0	0	0	0	0	0	0	0	0
XCHTIME	2670	2	6	5575793	29509	74732	60252	759	5410541	127431560433344	127431611200176	6964
XCHTIME	0	0	0	0	0	0	0	0	0	0	0	0
XCHTIME	2670	2	5	3070975	36800	82133	78381	836	2872825	127431560433344	127431611200176	6964
XCHTIME	0	0	0	0	0	0	0	0	0	0	0	0
XCHTIME	2670	4	18	11939238	36609	76972	121169	2528	11701960	127431560433344	127431611200176	6964
LADGATE	2670	10000	0.681	1
XCHTIME	0	0	0	0	0	0	0	0	0	0	0	0
XCHTIME	2670	5	26	17713152	46962	89395	184062	3440	17389293	127431560433344	127431611200176	6964
XCHTIME	0	0	0	0	0	0	0	0	0	0	0	0
XCHTIME	2670	2	19	4809162	41855	88784	72028	1877	4604618	127431560433344	127431611200176	6964
XCHTIME	0	0	0	0	0	0	0	0	0	0	0	0
XCHTIME	2670	4	15	4321093	38773	82607	123847	2486	4073380	127431560433344	127431611200176	6964
XCHTIME	0	0	0	0	0	0	0	0	0	0	0	0
XCHTIME	2670	4	10	3453595	56147	134816	122984	1436	3138212	127431560433344	127431611200176	6964
XCHTIME	0	0	0	0	0	0	0	0	0	0	0	0
XCHTIME	2670	4	18	12164849	34972	84294	149951	2449	11893183	127431560433344	127431611200176	6964
XCHTIME	0	0	0	0	0	0	0	0	0	0	0	0
XCHTIME	2670	4	11	2779393	42250	82257	104352	1436	2549098	127431560433344	127431611200176	6964
XCHTIME	0	0	0	0	0	0	0	0	0	0	0	0
XCHTIME	2670	4	14	5861706	41942	88342	134768	2452	5594202	127431560433344	127431611200176	6964
XCHTIME	0	0	0	0	0	0	0	0	0	0	0	0
XCHTIME	2670	4	13	8389186	36728	82073	125777	2438	8142170	127431560433344	127431611200176	6964
XCHTIME	0	0	0	0	0	0	0	0	0	0	0	0
XCHTIME	2670	1	0	13413582	42361	90286	27154	0	13253781	127431560433344	127431611200176	6964
XCHTIME	0	0	0	0	0	0	0	0	0	0	0	0
XCHTIME	2670	4	6	2363428	59931	104454	122775	988	2075280	127431560433344	127431611200176	6964
LIFT	rsyn0810m02hfsg	2670	1484	4808	1484
COUNTS	rsyn0810m02hfsg	2670	6964	36862	34672
XCHTIME	0	0	0	0	0	0	0	0	0	0	0	0
XCHTIME	55	2	4	65621	599	716	267	130	63909	127431902588784	127431902631056	276
XCHTIME	0	0	0	0	0	0	0	0	0	0	0	0
XCHTIME	55	2	6	659924	512	479	411	225	658297	127431902588784	127431902631056	276
XCHTIME	0	0	0	0	0	0	0	0	0	0	0	0
XCHTIME	55	2	5	171941	594	737	198	117	170295	127431902588784	127431902631056	276
XCHTIME	0	0	0	0	0	0	0	0	0	0	0	0
XCHTIME	55	4	18	995889	485	551	563	516	993774	127431902588784	127431902631056	276
LADGATE	55	10000	0.150	1
XCHTIME	0	0	0	0	0	0	0	0	0	0	0	0
XCHTIME	55	5	26	1213508	660	1067	453	881	1210447	127431902588784	127431902631056	276
XCHTIME	0	0	0	0	0	0	0	0	0	0	0	0
XCHTIME	55	4	66	23920	689	470	418	1920	20423	127431902588784	127431902631056	276
XCHTIME	0	0	0	0	0	0	0	0	0	0	0	0
XCHTIME	55	4	15	189322	706	518	316	377	187405	127431902588784	127431902631056	276
XCHTIME	0	0	0	0	0	0	0	0	0	0	0	0
XCHTIME	55	4	10	102504	547	485	331	252	100889	127431902588784	127431902631056	276
XCHTIME	0	0	0	0	0	0	0	0	0	0	0	0
XCHTIME	55	4	18	1004411	1006	612	400	551	1001842	127431902588784	127431902631056	276
XCHTIME	0	0	0	0	0	0	0	0	0	0	0	0
XCHTIME	55	4	11	64669	592	523	381	325	62848	127431902588784	127431902631056	276
XCHTIME	0	0	0	0	0	0	0	0	0	0	0	0
XCHTIME	55	4	14	332448	543	416	322	426	330741	127431902588784	127431902631056	276
XCHTIME	0	0	0	0	0	0	0	0	0	0	0	0
XCHTIME	55	4	13	594562	621	436	335	431	592739	127431902588784	127431902631056	276
XCHTIME	0	0	0	0	0	0	0	0	0	0	0	0
XCHTIME	55	4	16	3589265	624	534	575	504	3587028	127431902588784	127431902631056	276
XCHTIME	0	0	0	0	0	0	0	0	0	0	0	0
XCHTIME	55	4	6	44036	1101	1292	437	183	41023	127431902588784	127431902631056	276
LIFT	pointpack06	55	34	234	34
COUNTS	pointpack06	55	276	1497	1497
XCHTIME	0	0	0	0	0	0	0	0	0	0	0	0
XCHTIME	6328	1	0	2685568	371510	718816	351816	0	1243426	127431946187328	127431563828240	16896
XCHTIME	0	0	0	0	0	0	0	0	0	0	0	0
XCHTIME	6328	1	0	3857555	348415	718324	354306	0	2436510	127431946187328	127431563828240	16896
XCHTIME	0	0	0	0	0	0	0	0	0	0	0	0
XCHTIME	6328	1	0	3334957	363906	711354	367243	0	1892454	127431946187328	127431563828240	16896
XCHTIME	0	0	0	0	0	0	0	0	0	0	0	0
XCHTIME	6328	1	0	11234902	351990	723765	347782	0	9811365	127431946187328	127431563828240	16896
LADGATE	6328	10000	0.341	1
XCHTIME	0	0	0	0	0	0	0	0	0	0	0	0
XCHTIME	6328	5	26	60833182	351911	710963	1804422	10990	57954896	127431946187328	127431563828240	16896
XCHTIME	0	0	0	0	0	0	0	0	0	0	0	0
XCHTIME	6328	1	0	5327956	353218	734094	358144	0	3882500	127431946187328	127431563828240	16896
XCHTIME	0	0	0	0	0	0	0	0	0	0	0	0
XCHTIME	6328	2	4	6898977	356412	731946	758981	2215	5049423	127431946187328	127431563828240	16896
XCHTIME	0	0	0	0	0	0	0	0	0	0	0	0
XCHTIME	6328	4	10	12917015	363597	722164	1395512	3857	10431885	127431946187328	127431563828240	16896
XCHTIME	0	0	0	0	0	0	0	0	0	0	0	0
XCHTIME	6328	1	0	11189644	360099	740086	345257	0	9744202	127431946187328	127431563828240	16896
XCHTIME	0	0	0	0	0	0	0	0	0	0	0	0
XCHTIME	6328	4	11	12712825	365248	711976	1419920	5093	10210588	127431946187328	127431563828240	16896
XCHTIME	0	0	0	0	0	0	0	0	0	0	0	0
XCHTIME	6328	2	4	12497748	348287	726299	746223	1734	10675205	127431946187328	127431563828240	16896
XCHTIME	0	0	0	0	0	0	0	0	0	0	0	0
XCHTIME	6328	2	4	12056977	361321	725848	696094	1843	10271871	127431946187328	127431563828240	16896
XCHTIME	0	0	0	0	0	0	0	0	0	0	0	0
XCHTIME	6328	1	0	10061962	344490	724175	350176	0	8643121	127431946187328	127431563828240	16896
XCHTIME	0	0	0	0	0	0	0	0	0	0	0	0
XCHTIME	6328	4	6	12097861	380014	743820	1433962	2517	9537548	127431946187328	127431563828240	16896
LIFT	syn40m04hfsg	6328	3492	11224	3492
COUNTS	syn40m04hfsg	6328	16896	76232	73557
XCHTIME	0	0	0	0	0	0	0	0	0	0	0	0
XCHTIME	258	2	4	187715	5706	2320	860	241	178588	127431948046992	127431946057232	840
XCHTIME	0	0	0	0	0	0	0	0	0	0	0	0
XCHTIME	258	2	6	863152	1635	1451	703	226	859137	127431948046992	127431946057232	840
XCHTIME	0	0	0	0	0	0	0	0	0	0	0	0
XCHTIME	258	2	5	366154	2374	1793	914	195	360878	127431948046992	127431946057232	840
XCHTIME	0	0	0	0	0	0	0	0	0	0	0	0
XCHTIME	258	4	18	1432447	1850	1389	1747	715	1426746	127431948046992	127431946057232	840
LADGATE	258	10000	0.214	1
XCHTIME	0	0	0	0	0	0	0	0	0	0	0	0
XCHTIME	258	5	26	1819031	2312	2014	1838	1146	1811721	127431948046992	127431946057232	840
XCHTIME	0	0	0	0	0	0	0	0	0	0	0	0
XCHTIME	258	4	66	6993939	1691	1572	2370	3168	6985138	127431948046992	127431946057232	840
XCHTIME	0	0	0	0	0	0	0	0	0	0	0	0
XCHTIME	258	4	15	435885	2169	2098	1435	603	429580	127431948046992	127431946057232	840
XCHTIME	0	0	0	0	0	0	0	0	0	0	0	0
XCHTIME	258	4	10	313905	2323	2129	1551	328	307574	127431948046992	127431946057232	840
XCHTIME	0	0	0	0	0	0	0	0	0	0	0	0
XCHTIME	258	4	18	1449488	1907	1579	1916	713	1443373	127431948046992	127431946057232	840
XCHTIME	0	0	0	0	0	0	0	0	0	0	0	0
XCHTIME	258	4	11	204884	1787	1711	1643	387	199356	127431948046992	127431946057232	840
XCHTIME	0	0	0	0	0	0	0	0	0	0	0	0
XCHTIME	258	4	14	761698	1941	1380	1693	843	755841	127431948046992	127431946057232	840
XCHTIME	0	0	0	0	0	0	0	0	0	0	0	0
XCHTIME	258	4	13	1089756	1669	1473	1694	492	1084428	127431948046992	127431946057232	840
XCHTIME	0	0	0	0	0	0	0	0	0	0	0	0
XCHTIME	258	4	16	3661539	2477	2379	2668	675	3653340	127431948046992	127431946057232	840
XCHTIME	0	0	0	0	0	0	0	0	0	0	0	0
XCHTIME	258	4	6	136765	1866	2163	1529	221	130986	127431948046992	127431946057232	840
LIFT	clay0304m	258	122	576	122
COUNTS	clay0304m	258	840	2742	2742
XCHTIME	0	0	0	0	0	0	0	0	0	0	0	0
XCHTIME	1218	2	4	1143819	12539	15984	8545	426	1106325	127431910996624	127431940744240	8300
XCHTIME	0	0	0	0	0	0	0	0	0	0	0	0
XCHTIME	1218	2	6	7527062	12851	16210	17091	715	7480195	127431910996624	127431940744240	8300
XCHTIME	0	0	0	0	0	0	0	0	0	0	0	0
XCHTIME	1218	2	5	3169058	16955	19338	11496	516	3120753	127431910996624	127431940744240	8300
XCHTIME	0	0	0	0	0	0	0	0	0	0	0	0
XCHTIME	1218	3	15	15416521	14053	17381	24903	1367	15358817	127431910996624	127431940744240	8300
LADGATE	1218	10000	0.425	1
XCHTIME	0	0	0	0	0	0	0	0	0	0	0	0
XCHTIME	1218	5	26	27664319	14799	19630	45415	2728	27581747	127431910996624	127431940744240	8300
XCHTIME	0	0	0	0	0	0	0	0	0	0	0	0
XCHTIME	1218	3	57	6887425	17398	20554	27216	4692	6817565	127431910996624	127431940744240	8300
XCHTIME	0	0	0	0	0	0	0	0	0	0	0	0
XCHTIME	1218	4	15	3751548	20212	25005	17765	1475	3687091	127431910996624	127431940744240	8300
XCHTIME	0	0	0	0	0	0	0	0	0	0	0	0
XCHTIME	1218	4	10	2158578	13019	16458	17780	973	2110348	127431910996624	127431940744240	8300
XCHTIME	0	0	0	0	0	0	0	0	0	0	0	0
XCHTIME	1218	3	15	15555788	12556	16216	25020	1724	15500272	127431910996624	127431940744240	8300
XCHTIME	0	0	0	0	0	0	0	0	0	0	0	0
XCHTIME	1218	4	11	1424245	16858	21542	23821	1130	1360894	127431910996624	127431940744240	8300
XCHTIME	0	0	0	0	0	0	0	0	0	0	0	0
XCHTIME	1218	4	14	6600121	13154	17208	23108	1446	6545205	127431910996624	127431940744240	8300
XCHTIME	0	0	0	0	0	0	0	0	0	0	0	0
XCHTIME	1218	4	13	11953207	14443	18794	32549	1353	11886068	127431910996624	127431940744240	8300
XCHTIME	0	0	0	0	0	0	0	0	0	0	0	0
XCHTIME	1218	1	0	15003938	14334	17741	4170	0	14967693	127431910996624	127431940744240	8300
XCHTIME	0	0	0	0	0	0	0	0	0	0	0	0
XCHTIME	1218	4	6	1170902	19745	24536	18836	727	1107058	127431910996624	127431940744240	8300
LIFT	pooling_foulds5pq	1218	655	7342	655
COUNTS	pooling_foulds5pq	1218	8300	159641	159641
XCHTIME	0	0	0	0	0	0	0	0	0	0	0	0
XCHTIME	1000	2	4	1330930	16111	11400	6125	244	1297050	127431939313856	127431939041152	2910
XCHTIME	0	0	0	0	0	0	0	0	0	0	0	0
XCHTIME	1000	2	6	8178772	6421	11054	9838	359	8151100	127431939313856	127431939041152	2910
XCHTIME	0	0	0	0	0	0	0	0	0	0	0	0
XCHTIME	1000	2	5	3029777	13316	14157	7914	306	2994084	127431939313856	127431939041152	2910
XCHTIME	0	0	0	0	0	0	0	0	0	0	0	0
XCHTIME	1000	4	18	16050720	11788	13825	20408	1657	16003042	127431939313856	127431939041152	2910
LADGATE	1000	10000	0.373	1
XCHTIME	0	0	0	0	0	0	0	0	0	0	0	0
XCHTIME	1000	5	26	22059245	6322	11208	23458	1697	22016560	127431939313856	127431939041152	2910
XCHTIME	0	0	0	0	0	0	0	0	0	0	0	0
XCHTIME	1000	2	19	6547594	14253	15478	11723	1187	6504953	127431939313856	127431939041152	2910
XCHTIME	0	0	0	0	0	0	0	0	0	0	0	0
XCHTIME	1000	4	15	4015415	16832	16734	19372	876	3961601	127431939313856	127431939041152	2910
XCHTIME	0	0	0	0	0	0	0	0	0	0	0	0
XCHTIME	1000	4	10	2571124	18696	20196	18440	549	2513243	127431939313856	127431939041152	2910
XCHTIME	0	0	0	0	0	0	0	0	0	0	0	0
XCHTIME	1000	4	18	16076015	6328	11444	20695	1186	16036362	127431939313856	127431939041152	2910
XCHTIME	0	0	0	0	0	0	0	0	0	0	0	0
XCHTIME	1000	4	11	1520696	12544	13892	19067	543	1474650	127431939313856	127431939041152	2910
XCHTIME	0	0	0	0	0	0	0	0	0	0	0	0
XCHTIME	1000	4	14	6274273	11106	13688	16196	784	6232499	127431939313856	127431939041152	2910
XCHTIME	0	0	0	0	0	0	0	0	0	0	0	0
XCHTIME	1000	4	13	11275114	12218	13811	19561	720	11228804	127431939313856	127431939041152	2910
XCHTIME	0	0	0	0	0	0	0	0	0	0	0	0
XCHTIME	1000	2	5	16375972	12215	14167	13122	365	16336103	127431939313856	127431939041152	2910
XCHTIME	0	0	0	0	0	0	0	0	0	0	0	0
XCHTIME	1000	4	6	919434	17336	18313	18031	300	865454	127431939313856	127431939041152	2910
LIFT	clay0305hfsg	1000	485	2050	485
COUNTS	clay0305hfsg	1000	2910	12260	11240
XCHTIME	0	0	0	0	0	0	0	0	0	0	0	0
XCHTIME	64	2	4	66432	731	685	283	100	64633	127431886687744	127431946237968	232
XCHTIME	0	0	0	0	0	0	0	0	0	0	0	0
XCHTIME	64	2	6	529937	680	434	238	119	528466	127431886687744	127431946237968	232
XCHTIME	0	0	0	0	0	0	0	0	0	0	0	0
XCHTIME	64	2	5	164424	717	581	180	100	162846	127431886687744	127431946237968	232
XCHTIME	0	0	0	0	0	0	0	0	0	0	0	0
XCHTIME	64	4	18	1063159	801	618	374	372	1060994	127431886687744	127431946237968	232
LADGATE	64	10000	0.197	1
XCHTIME	0	0	0	0	0	0	0	0	0	0	0	0
XCHTIME	64	5	26	1190100	966	992	669	565	1186908	127431886687744	127431946237968	232
XCHTIME	0	0	0	0	0	0	0	0	0	0	0	0
XCHTIME	64	4	66	79281	670	771	341	1996	75503	127431886687744	127431946237968	232
XCHTIME	0	0	0	0	0	0	0	0	0	0	0	0
XCHTIME	64	4	15	172627	556	557	365	294	170855	127431886687744	127431946237968	232
XCHTIME	0	0	0	0	0	0	0	0	0	0	0	0
XCHTIME	64	4	10	116173	845	493	375	209	114251	127431886687744	127431946237968	232
XCHTIME	0	0	0	0	0	0	0	0	0	0	0	0
XCHTIME	64	4	18	1037467	558	521	598	362	1035428	127431886687744	127431946237968	232
XCHTIME	0	0	0	0	0	0	0	0	0	0	0	0
XCHTIME	64	4	11	74875	1033	662	409	238	72533	127431886687744	127431946237968	232
XCHTIME	0	0	0	0	0	0	0	0	0	0	0	0
XCHTIME	64	4	14	348450	575	482	414	278	346701	127431886687744	127431946237968	232
XCHTIME	0	0	0	0	0	0	0	0	0	0	0	0
XCHTIME	64	4	13	521192	752	473	351	258	519358	127431886687744	127431946237968	232
XCHTIME	0	0	0	0	0	0	0	0	0	0	0	0
XCHTIME	64	4	16	3065994	677	447	838	514	3063518	127431886687744	127431946237968	232
XCHTIME	0	0	0	0	0	0	0	0	0	0	0	0
XCHTIME	64	4	6	40218	992	1243	346	136	37501	127431886687744	127431946237968	232
LIFT	st_test8	64	44	192	44
COUNTS	st_test8	64	232	2343	1964
XCHTIME	0	0	0	0	0	0	0	0	0	0	0	0
XCHTIME	17364	2	5	415320427	10364502	13951916	3702862	3019	387298128	127431608775904	127431579461888	252910
LIFT	gams05	17364	8487	278504	8487
COUNTS	gams05	17364	252910	6179750712	3251969962
XCHTIME	0	0	0	0	0	0	0	0	0	0	0	0
XCHTIME	31	2	4	65511	443	672	204	201	63991	127431922120448	127431611267792	156
XCHTIME	0	0	0	0	0	0	0	0	0	0	0	0
XCHTIME	31	2	6	462128	581	400	162	276	460709	127431922120448	127431611267792	156
XCHTIME	0	0	0	0	0	0	0	0	0	0	0	0
XCHTIME	31	2	5	190223	1750	1385	356	247	186485	127431922120448	127431611267792	156
XCHTIME	0	0	0	0	0	0	0	0	0	0	0	0
XCHTIME	31	4	18	852052	630	366	305	785	849966	127431922120448	127431611267792	156
LADGATE	31	10000	0.177	1
XCHTIME	0	0	0	0	0	0	0	0	0	0	0	0
XCHTIME	31	4	10	130982	772	975	290	575	128370	127431922120448	127431611267792	156
XCHTIME	0	0	0	0	0	0	0	0	0	0	0	0
XCHTIME	31	4	59	359239	386	584	221	2527	355521	127431922120448	127431611267792	156
XCHTIME	0	0	0	0	0	0	0	0	0	0	0	0
XCHTIME	31	4	15	206640	766	397	253	549	204675	127431922120448	127431611267792	156
XCHTIME	0	0	0	0	0	0	0	0	0	0	0	0
XCHTIME	31	4	10	122946	625	334	238	380	121369	127431922120448	127431611267792	156
XCHTIME	0	0	0	0	0	0	0	0	0	0	0	0
XCHTIME	31	4	18	807534	485	340	250	686	805773	127431922120448	127431611267792	156
XCHTIME	0	0	0	0	0	0	0	0	0	0	0	0
XCHTIME	31	4	11	87890	505	335	252	535	86263	127431922120448	127431611267792	156
XCHTIME	0	0	0	0	0	0	0	0	0	0	0	0
XCHTIME	31	4	14	312009	482	340	233	577	310377	127431922120448	127431611267792	156
XCHTIME	0	0	0	0	0	0	0	0	0	0	0	0
XCHTIME	31	4	13	474259	565	381	223	542	472548	127431922120448	127431611267792	156
XCHTIME	0	0	0	0	0	0	0	0	0	0	0	0
XCHTIME	31	4	16	2785417	535	308	246	761	2783567	127431922120448	127431611267792	156
XCHTIME	0	0	0	0	0	0	0	0	0	0	0	0
XCHTIME	31	4	6	47003	949	804	328	272	44650	127431922120448	127431611267792	156
COUNTS	sporttournament08	31	156	862	862
XCHTIME	0	0	0	0	0	0	0	0	0	0	0	0
XCHTIME	1121	2	4	1488364	8061	12987	7144	217	1459955	127431412273280	127431940811840	4194
XCHTIME	0	0	0	0	0	0	0	0	0	0	0	0
XCHTIME	1121	2	6	8111897	8069	13197	9349	457	8080825	127431412273280	127431940811840	4194
XCHTIME	0	0	0	0	0	0	0	0	0	0	0	0
XCHTIME	1121	2	5	3891784	9750	14769	8456	295	3858514	127431412273280	127431940811840	4194
XCHTIME	0	0	0	0	0	0	0	0	0	0	0	0
XCHTIME	1121	4	18	16346187	10608	14360	21681	1177	16298361	127431412273280	127431940811840	4194
LADGATE	1121	10000	0.356	1
XCHTIME	0	0	0	0	0	0	0	0	0	0	0	0
XCHTIME	1121	5	26	26044845	8087	13988	28361	1704	25992705	127431412273280	127431940811840	4194
XCHTIME	0	0	0	0	0	0	0	0	0	0	0	0
XCHTIME	1121	2	19	6890239	10136	15246	13447	1018	6850392	127431412273280	127431940811840	4194
XCHTIME	0	0	0	0	0	0	0	0	0	0	0	0
XCHTIME	1121	4	15	4727561	13362	16713	19357	920	4677209	127431412273280	127431940811840	4194
XCHTIME	0	0	0	0	0	0	0	0	0	0	0	0
XCHTIME	1121	4	10	2995837	9780	14184	20608	666	2950599	127431412273280	127431940811840	4194
XCHTIME	0	0	0	0	0	0	0	0	0	0	0	0
XCHTIME	1121	4	18	16434166	11558	14885	26369	1472	16379882	127431412273280	127431940811840	4194
XCHTIME	0	0	0	0	0	0	0	0	0	0	0	0
XCHTIME	1121	4	11	1913888	10660	15478	16826	660	1870264	127431412273280	127431940811840	4194
XCHTIME	0	0	0	0	0	0	0	0	0	0	0	0
XCHTIME	1121	4	14	7579131	8866	13994	18346	871	7537054	127431412273280	127431940811840	4194
XCHTIME	0	0	0	0	0	0	0	0	0	0	0	0
XCHTIME	1121	4	13	12472761	8831	14157	20962	790	12428021	127431412273280	127431940811840	4194
XCHTIME	0	0	0	0	0	0	0	0	0	0	0	0
XCHTIME	1121	2	5	15158554	8977	14013	15703	334	15119527	127431412273280	127431940811840	4194
XCHTIME	0	0	0	0	0	0	0	0	0	0	0	0
XCHTIME	1121	4	6	1360681	10556	16868	21716	383	1311158	127431412273280	127431940811840	4194
LIFT	powerflow0030p	1121	642	3468	642
COUNTS	powerflow0030p	1121	4194	24944	23642
XCHTIME	0	0	0	0	0	0	0	0	0	0	0	0
XCHTIME	22407	0	0	0	0	0	0	0	0	127431609152288	127431568761840	105584
XCHTIME	0	0	0	0	0	0	0	0	0	0	0	0
XCHTIME	22407	0	0	36731899	14306693	22425206	0	0	0	127431609152288	127431568761840	105584
XCHTIME	0	0	0	0	0	0	0	0	0	0	0	0
XCHTIME	22407	0	0	0	0	0	0	0	0	127431609152288	127431568761840	105584
XCHTIME	0	0	0	0	0	0	0	0	0	0	0	0
XCHTIME	22407	1	0	43106550	13750811	22456463	3006446	0	3892830	127431609152288	127431568761840	105584
LADGATE	22407	10000	0.811	0
XCHTIME	0	0	0	0	0	0	0	0	0	0	0	0
XCHTIME	22407	5	26	244039243	13914135	22357458	15231160	20687	192515803	127431609152288	127431568761840	105584
LIFT	popdynm200	22407	18799	98384	18799
COUNTS	popdynm200	22407	105584	2567878	2404589
XCHTIME	0	0	0	0	0	0	0	0	0	0	0	0
XCHTIME	11120	1	0	5267491	1146111	2462004	1166943	0	492433	127431564123376	127431570072576	40790
XCHTIME	0	0	0	0	0	0	0	0	0	0	0	0
XCHTIME	11120	1	0	6054852	1218479	2426032	1169226	0	1241115	127431564123376	127431570072576	40790
XCHTIME	0	0	0	0	0	0	0	0	0	0	0	0
XCHTIME	11120	1	0	5507798	1202738	2405883	1166261	0	732916	127431564123376	127431570072576	40790
XCHTIME	0	0	0	0	0	0	0	0	0	0	0	0
XCHTIME	11120	1	0	13523054	1216469	2378356	1162962	0	8765267	127431564123376	127431570072576	40790
LADGATE	11120	10000	0.710	0
XCHTIME	0	0	0	0	0	0	0	0	0	0	0	0
XCHTIME	11120	5	26	189955991	1257709	2454117	5843825	14083	180386257	127431564123376	127431570072576	40790
XCHTIME	0	0	0	0	0	0	0	0	0	0	0	0
XCHTIME	11120	1	0	8156202	1245195	2398020	1167490	0	3345497	127431564123376	127431570072576	40790
XCHTIME	0	0	0	0	0	0	0	0	0	0	0	0
XCHTIME	11120	1	0	8567009	1217616	2398114	1224409	0	3726870	127431564123376	127431570072576	40790
XCHTIME	0	0	0	0	0	0	0	0	0	0	0	0
XCHTIME	11120	1	0	12894306	1218434	2395048	1170099	0	8110725	127431564123376	127431570072576	40790
XCHTIME	0	0	0	0	0	0	0	0	0	0	0	0
XCHTIME	11120	1	0	13828251	1203834	2487948	1198262	0	8938207	127431564123376	127431570072576	40790
XCHTIME	0	0	0	0	0	0	0	0	0	0	0	0
XCHTIME	11120	1	0	12187641	1244679	2496174	1135513	0	7311275	127431564123376	127431570072576	40790
XCHTIME	0	0	0	0	0	0	0	0	0	0	0	0
XCHTIME	11120	1	0	13946036	1223498	2415197	1197106	0	9110235	127431564123376	127431570072576	40790
XCHTIME	0	0	0	0	0	0	0	0	0	0	0	0
XCHTIME	11120	1	0	14305310	1216926	2403967	1192442	0	9491975	127431564123376	127431570072576	40790
XCHTIME	0	0	0	0	0	0	0	0	0	0	0	0
XCHTIME	11120	1	0	12513008	1212654	2406528	1167395	0	7726431	127431564123376	127431570072576	40790
XCHTIME	0	0	0	0	0	0	0	0	0	0	0	0
XCHTIME	11120	1	0	11809887	1211827	2403586	1200784	0	6993690	127431564123376	127431570072576	40790
LIFT	mpbp_35	11120	6920	32350	6920
COUNTS	mpbp_35	11120	40790	3037207	975441
XCHTIME	0	0	0	0	0	0	0	0	0	0	0	0
XCHTIME	1492	2	4	2083343	10446	22842	11275	266	2038514	127431564277904	127431564090400	3936
XCHTIME	0	0	0	0	0	0	0	0	0	0	0	0
XCHTIME	1492	2	6	7296557	10691	23236	17342	742	7244546	127431564277904	127431564090400	3936
XCHTIME	0	0	0	0	0	0	0	0	0	0	0	0
XCHTIME	1492	2	5	5591500	10742	24043	15005	500	5541210	127431564277904	127431564090400	3936
XCHTIME	0	0	0	0	0	0	0	0	0	0	0	0
XCHTIME	1492	2	5	14400228	14171	25471	17181	635	14342770	127431564277904	127431564090400	3936
LADGATE	1492	10000	0.415	1
XCHTIME	0	0	0	0	0	0	0	0	0	0	0	0
XCHTIME	1492	5	26	37187015	12196	24195	58835	2574	37089215	127431564277904	127431564090400	3936
XCHTIME	0	0	0	0	0	0	0	0	0	0	0	0
XCHTIME	1492	2	19	7156424	16279	28629	22399	1616	7087501	127431564277904	127431564090400	3936
XCHTIME	0	0	0	0	0	0	0	0	0	0	0	0
XCHTIME	1492	4	15	6930354	19795	28890	36460	1964	6843245	127431564277904	127431564090400	3936
XCHTIME	0	0	0	0	0	0	0	0	0	0	0	0
XCHTIME	1492	4	10	4256997	17248	26032	29879	1267	4182571	127431564277904	127431564090400	3936
XCHTIME	0	0	0	0	0	0	0	0	0	0	0	0
XCHTIME	1492	2	5	14410417	15480	26973	19932	746	14347286	127431564277904	127431564090400	3936
XCHTIME	0	0	0	0	0	0	0	0	0	0	0	0
XCHTIME	1492	4	11	2700183	15788	28014	32881	1224	2622276	127431564277904	127431564090400	3936
XCHTIME	0	0	0	0	0	0	0	0	0	0	0	0
XCHTIME	1492	4	14	11284242	12868	27843	39055	1824	11202652	127431564277904	127431564090400	3936
XCHTIME	0	0	0	0	0	0	0	0	0	0	0	0
XCHTIME	1492	4	13	14809355	17808	29299	40577	1873	14719798	127431564277904	127431564090400	3936
XCHTIME	0	0	0	0	0	0	0	0	0	0	0	0
XCHTIME	1492	1	0	14131531	13713	26223	6481	0	14085114	127431564277904	127431564090400	3936
XCHTIME	0	0	0	0	0	0	0	0	0	0	0	0
XCHTIME	1492	4	6	1833251	19529	32090	31748	966	1748918	127431564277904	127431564090400	3936
LIFT	syn30m02m	1492	762	2608	762
COUNTS	syn30m02m	1492	3936	13752	13455
XCHTIME	0	0	0	0	0	0	0	0	0	0	0	0
XCHTIME	481	2	4	357373	9371	4231	2212	248	341311	127431894288272	127431563555024	3252
XCHTIME	0	0	0	0	0	0	0	0	0	0	0	0
XCHTIME	481	2	6	4805161	4890	3410	2548	291	4794022	127431894288272	127431563555024	3252
XCHTIME	0	0	0	0	0	0	0	0	0	0	0	0
XCHTIME	481	2	5	1226055	4799	3598	2158	282	1215218	127431894288272	127431563555024	3252
XCHTIME	0	0	0	0	0	0	0	0	0	0	0	0
XCHTIME	481	4	18	8253607	4837	3428	4100	951	8240291	127431894288272	127431563555024	3252
LADGATE	481	10000	0.351	1
XCHTIME	0	0	0	0	0	0	0	0	0	0	0	0
XCHTIME	481	5	26	10680883	5215	3334	4677	1305	10666352	127431894288272	127431563555024	3252
XCHTIME	0	0	0	0	0	0	0	0	0	0	0	0
XCHTIME	481	4	66	5500073	4574	3254	9182	3342	5479721	127431894288272	127431563555024	3252
XCHTIME	0	0	0	0	0	0	0	0	0	0	0	0
XCHTIME	481	4	15	1317157	5458	3773	3901	788	1303237	127431894288272	127431563555024	3252
XCHTIME	0	0	0	0	0	0	0	0	0	0	0	0
XCHTIME	481	4	10	591680	4556	3240	4032	514	579338	127431894288272	127431563555024	3252
XCHTIME	0	0	0	0	0	0	0	0	0	0	0	0
XCHTIME	481	4	18	8238372	4566	3146	4429	925	8225306	127431894288272	127431563555024	3252
XCHTIME	0	0	0	0	0	0	0	0	0	0	0	0
XCHTIME	481	4	11	373184	4687	3321	3932	520	360724	127431894288272	127431563555024	3252
XCHTIME	0	0	0	0	0	0	0	0	0	0	0	0
XCHTIME	481	4	14	2595313	4534	3162	3811	680	2583126	127431894288272	127431563555024	3252
XCHTIME	0	0	0	0	0	0	0	0	0	0	0	0
XCHTIME	481	4	13	3031009	4483	3197	4068	625	3018636	127431894288272	127431563555024	3252
XCHTIME	0	0	0	0	0	0	0	0	0	0	0	0
XCHTIME	481	3	15	18472161	4637	3255	5748	1061	18457460	127431894288272	127431563555024	3252
XCHTIME	0	0	0	0	0	0	0	0	0	0	0	0
XCHTIME	481	4	6	280715	5337	4278	4326	475	266299	127431894288272	127431563555024	3252
LIFT	wastewater13m1	481	353	3026	353
COUNTS	wastewater13m1	481	3252	60135	60068
XCHTIME	0	0	0	0	0	0	0	0	0	0	0	0
XCHTIME	1022	2	4	1140363	6615	11331	6096	210	1116111	127431563587808	127431590834512	2624
XCHTIME	0	0	0	0	0	0	0	0	0	0	0	0
XCHTIME	1022	2	6	7249354	6630	11071	9236	271	7222146	127431563587808	127431590834512	2624
XCHTIME	0	0	0	0	0	0	0	0	0	0	0	0
XCHTIME	1022	2	5	2948739	14817	16235	11299	221	2906167	127431563587808	127431590834512	2624
XCHTIME	0	0	0	0	0	0	0	0	0	0	0	0
XCHTIME	1022	4	18	14651674	11357	12118	20368	816	14607015	127431563587808	127431590834512	2624
LADGATE	1022	10000	0.295	1
XCHTIME	0	0	0	0	0	0	0	0	0	0	0	0
XCHTIME	1022	5	26	23079341	6981	11675	27006	1263	23032416	127431563587808	127431590834512	2624
XCHTIME	0	0	0	0	0	0	0	0	0	0	0	0
XCHTIME	1022	3	57	7472049	12498	15165	21823	2614	7419949	127431563587808	127431590834512	2624
XCHTIME	0	0	0	0	0	0	0	0	0	0	0	0
XCHTIME	1022	4	15	3678158	8966	12748	12347	664	3643433	127431563587808	127431590834512	2624
XCHTIME	0	0	0	0	0	0	0	0	0	0	0	0
XCHTIME	1022	4	10	2250798	6981	11258	12147	483	2219929	127431563587808	127431590834512	2624
XCHTIME	0	0	0	0	0	0	0	0	0	0	0	0
XCHTIME	1022	4	18	14669601	6296	10943	20933	808	14630621	127431563587808	127431590834512	2624
XCHTIME	0	0	0	0	0	0	0	0	0	0	0	0
XCHTIME	1022	4	11	1428776	12090	14548	15044	448	1386646	127431563587808	127431590834512	2624
XCHTIME	0	0	0	0	0	0	0	0	0	0	0	0
XCHTIME	1022	4	14	6262337	11022	13704	16784	703	6220124	127431563587808	127431590834512	2624
XCHTIME	0	0	0	0	0	0	0	0	0	0	0	0
XCHTIME	1022	4	13	10505911	11585	13725	20224	852	10459525	127431563587808	127431590834512	2624
XCHTIME	0	0	0	0	0	0	0	0	0	0	0	0
XCHTIME	1022	2	5	14024639	12152	13682	15526	456	13982823	127431563587808	127431590834512	2624
XCHTIME	0	0	0	0	0	0	0	0	0	0	0	0
XCHTIME	1022	4	6	949085	14801	17438	19533	331	896982	127431563587808	127431590834512	2624
LIFT	syn40hfsg	1022	573	1726	573
COUNTS	syn40hfsg	1022	2624	8432	8155
XCHTIME	0	0	0	0	0	0	0	0	0	0	0	0
XCHTIME	69	2	4	61959	1778	936	291	165	58789	127431890349360	127431611265728	206
XCHTIME	0	0	0	0	0	0	0	0	0	0	0	0
XCHTIME	69	2	6	420660	873	564	255	181	418787	127431890349360	127431611265728	206
XCHTIME	0	0	0	0	0	0	0	0	0	0	0	0
XCHTIME	69	2	5	149224	1099	641	447	154	146883	127431890349360	127431611265728	206
XCHTIME	0	0	0	0	0	0	0	0	0	0	0	0
XCHTIME	69	4	18	900798	1008	561	623	561	898045	127431890349360	127431611265728	206
LADGATE	69	10000	0.179	1
XCHTIME	0	0	0	0	0	0	0	0	0	0	0	0
XCHTIME	69	5	26	1294207	1335	1409	727	774	1289962	127431890349360	127431611265728	206
XCHTIME	0	0	0	0	0	0	0	0	0	0	0	0
XCHTIME	69	4	66	492781	816	1009	433	1794	488729	127431890349360	127431611265728	206
XCHTIME	0	0	0	0	0	0	0	0	0	0	0	0
XCHTIME	69	4	15	183238	921	627	382	412	180896	127431890349360	127431611265728	206
XCHTIME	0	0	0	0	0	0	0	0	0	0	0	0
XCHTIME	69	4	10	119072	920	741	482	227	116702	127431890349360	127431611265728	206
XCHTIME	0	0	0	0	0	0	0	0	0	0	0	0
XCHTIME	69	4	18	885101	837	669	430	486	882679	127431890349360	127431611265728	206
XCHTIME	0	0	0	0	0	0	0	0	0	0	0	0
XCHTIME	69	4	11	79611	956	574	482	294	77305	127431890349360	127431611265728	206
XCHTIME	0	0	0	0	0	0	0	0	0	0	0	0
XCHTIME	69	4	14	281119	868	525	408	313	279005	127431890349360	127431611265728	206
XCHTIME	0	0	0	0	0	0	0	0	0	0	0	0
XCHTIME	69	4	13	612244	879	628	414	289	610034	127431890349360	127431611265728	206
XCHTIME	0	0	0	0	0	0	0	0	0	0	0	0
XCHTIME	69	4	16	2912714	1147	881	946	420	2909320	127431890349360	127431611265728	206
XCHTIME	0	0	0	0	0	0	0	0	0	0	0	0
XCHTIME	69	4	6	41953	1223	887	494	165	39184	127431890349360	127431611265728	206
LIFT	sep1	69	36	150	36
COUNTS	sep1	69	206	1097	1047
XCHTIME	0	0	0	0	0	0	0	0	0	0	0	0
XCHTIME	2508	2	4	1335933	23872	66235	39586	445	1205795	127431940854864	127431609331568	6804
XCHTIME	0	0	0	0	0	0	0	0	0	0	0	0
XCHTIME	2508	2	6	4860550	28436	70789	52065	816	4708444	127431940854864	127431609331568	6804
XCHTIME	0	0	0	0	0	0	0	0	0	0	0	0
XCHTIME	2508	2	5	2622588	42085	96063	54597	662	2429181	127431940854864	127431609331568	6804
XCHTIME	0	0	0	0	0	0	0	0	0	0	0	0
XCHTIME	2508	4	18	11231536	25876	67022	100853	2030	11035755	127431940854864	127431609331568	6804
LADGATE	2508	10000	0.511	1
XCHTIME	0	0	0	0	0	0	0	0	0	0	0	0
XCHTIME	2508	5	26	14631767	25586	74728	164515	3743	14363195	127431940854864	127431609331568	6804
XCHTIME	0	0	0	0	0	0	0	0	0	0	0	0
XCHTIME	2508	4	66	5579858	38128	92980	152366	4951	5291433	127431940854864	127431609331568	6804
XCHTIME	0	0	0	0	0	0	0	0	0	0	0	0
XCHTIME	2508	4	15	3477869	29383	73922	109673	1894	3262997	127431940854864	127431609331568	6804
XCHTIME	0	0	0	0	0	0	0	0	0	0	0	0
XCHTIME	2508	4	10	2586610	33363	76483	102778	1399	2372587	127431940854864	127431609331568	6804
XCHTIME	0	0	0	0	0	0	0	0	0	0	0	0
XCHTIME	2508	4	18	11310904	30586	75196	124197	2631	11078294	127431940854864	127431609331568	6804
XCHTIME	0	0	0	0	0	0	0	0	0	0	0	0
XCHTIME	2508	4	11	2190731	47382	96235	119076	1580	1926458	127431940854864	127431609331568	6804
XCHTIME	0	0	0	0	0	0	0	0	0	0	0	0
XCHTIME	2508	4	14	5006051	30872	75706	118234	2155	4779084	127431940854864	127431609331568	6804
XCHTIME	0	0	0	0	0	0	0	0	0	0	0	0
XCHTIME	2508	4	13	7458044	31515	75017	127783	2254	7221475	127431940854864	127431609331568	6804
XCHTIME	0	0	0	0	0	0	0	0	0	0	0	0
XCHTIME	2508	2	5	14028075	33985	92331	102765	1835	13797159	127431940854864	127431609331568	6804
XCHTIME	0	0	0	0	0	0	0	0	0	0	0	0
XCHTIME	2508	4	6	1767632	52358	94236	103552	873	1516613	127431940854864	127431609331568	6804
LIFT	syn30m03m	2508	1278	4542	1278
COUNTS	syn30m03m	2508	6804	26806	26552
COUNTS	st_qpc-m3a	30	304	2330	1574
XCHTIME	0	0	0	0	0	0	0	0	0	0	0	0
XCHTIME	2644	2	4	2535833	39111	85398	54244	672	2356408	127431590867296	127431566878928	11426
XCHTIME	0	0	0	0	0	0	0	0	0	0	0	0
XCHTIME	2644	1	0	5186935	41470	86078	24145	0	5035242	127431590867296	127431566878928	11426
XCHTIME	0	0	0	0	0	0	0	0	0	0	0	0
XCHTIME	2644	1	0	3744136	67491	87046	26082	0	3563517	127431590867296	127431566878928	11426
XCHTIME	0	0	0	0	0	0	0	0	0	0	0	0
XCHTIME	2644	1	0	11625952	67005	88259	24472	0	11446216	127431590867296	127431566878928	11426
LADGATE	2644	10000	1.116	1
XCHTIME	0	0	0	0	0	0	0	0	0	0	0	0
XCHTIME	2644	5	26	65022476	46363	81739	210973	4605	64678796	127431590867296	127431566878928	11426
XCHTIME	0	0	0	0	0	0	0	0	0	0	0	0
XCHTIME	2644	1	0	6583184	52982	93085	29596	0	6407521	127431590867296	127431566878928	11426
XCHTIME	0	0	0	0	0	0	0	0	0	0	0	0
XCHTIME	2644	3	12	6583576	64841	117812	120783	2063	6278077	127431590867296	127431566878928	11426
XCHTIME	0	0	0	0	0	0	0	0	0	0	0	0
XCHTIME	2644	4	10	8298854	41526	82947	124674	1994	8047713	127431590867296	127431566878928	11426
XCHTIME	0	0	0	0	0	0	0	0	0	0	0	0
XCHTIME	2644	1	0	11644175	49039	89911	29340	0	11475885	127431590867296	127431566878928	11426
XCHTIME	0	0	0	0	0	0	0	0	0	0	0	0
XCHTIME	2644	4	11	6267656	50150	87782	129154	1689	5998881	127431590867296	127431566878928	11426
XCHTIME	0	0	0	0	0	0	0	0	0	0	0	0
XCHTIME	2644	3	12	12739464	42698	81525	111731	2046	12501464	127431590867296	127431566878928	11426
XCHTIME	0	0	0	0	0	0	0	0	0	0	0	0
XCHTIME	2644	2	4	11973608	49059	86292	65426	731	11772100	127431590867296	127431566878928	11426
XCHTIME	0	0	0	0	0	0	0	0	0	0	0	0
XCHTIME	2644	1	0	12640683	47410	87168	29518	0	12476587	127431590867296	127431566878928	11426
XCHTIME	0	0	0	0	0	0	0	0	0	0	0	0
XCHTIME	2644	4	6	5133373	67787	95102	143563	1221	4825700	127431590867296	127431566878928	11426
LIFT	crudeoil_pooling_ct3	2644	1586	9346	1586
COUNTS	crudeoil_pooling_ct3	2644	11426	1381490	865101
XCHTIME	0	0	0	0	0	0	0	0	0	0	0	0
XCHTIME	634	2	4	886514	13307	6012	2914	239	864042	127431924664320	127431564212352	3246
XCHTIME	0	0	0	0	0	0	0	0	0	0	0	0
XCHTIME	634	2	6	7747986	5325	5137	3460	385	7733679	127431924664320	127431564212352	3246
XCHTIME	0	0	0	0	0	0	0	0	0	0	0	0
XCHTIME	634	2	5	2747949	8480	8113	3256	371	2727729	127431924664320	127431564212352	3246
XCHTIME	0	0	0	0	0	0	0	0	0	0	0	0
XCHTIME	634	4	18	15816157	5795	5270	7403	1208	15796481	127431924664320	127431564212352	3246
LADGATE	634	10000	0.366	1
XCHTIME	0	0	0	0	0	0	0	0	0	0	0	0
XCHTIME	634	5	26	19798962	5347	5686	9122	1808	19776999	127431924664320	127431564212352	3246
XCHTIME	0	0	0	0	0	0	0	0	0	0	0	0
XCHTIME	634	3	57	8320560	5750	5407	8208	3579	8297616	127431924664320	127431564212352	3246
XCHTIME	0	0	0	0	0	0	0	0	0	0	0	0
XCHTIME	634	4	15	3072694	6081	6382	6928	955	3052348	127431924664320	127431564212352	3246
XCHTIME	0	0	0	0	0	0	0	0	0	0	0	0
XCHTIME	634	4	10	1689837	5519	5282	6468	643	1671925	127431924664320	127431564212352	3246
XCHTIME	0	0	0	0	0	0	0	0	0	0	0	0
XCHTIME	634	4	18	15872680	5507	5212	9141	1441	15851379	127431924664320	127431564212352	3246
XCHTIME	0	0	0	0	0	0	0	0	0	0	0	0
XCHTIME	634	4	11	964457	6340	6058	6023	616	945420	127431924664320	127431564212352	3246
XCHTIME	0	0	0	0	0	0	0	0	0	0	0	0
XCHTIME	634	4	14	5264873	5309	5236	6235	829	5247264	127431924664320	127431564212352	3246
XCHTIME	0	0	0	0	0	0	0	0	0	0	0	0
XCHTIME	634	4	13	9228989	5832	5649	9192	873	9207443	127431924664320	127431564212352	3246
XCHTIME	0	0	0	0	0	0	0	0	0	0	0	0
XCHTIME	634	2	5	17467044	5782	5892	5870	355	17449145	127431924664320	127431564212352	3246
XCHTIME	0	0	0	0	0	0	0	0	0	0	0	0
XCHTIME	634	4	6	599863	7591	7660	5757	343	578512	127431924664320	127431564212352	3246
LIFT	space25a	634	417	2530	417
COUNTS	space25a	634	3246	29078	27875
COUNTS	autocorr_bern20-15	23	394	2784	2784
XCHTIME	0	0	0	0	0	0	0	0	0	0	0	0
XCHTIME	35	2	4	43196	484	554	292	112	41754	127431920662208	127431922822672	134
XCHTIME	0	0	0	0	0	0	0	0	0	0	0	0
XCHTIME	35	2	6	483032	412	531	157	131	481801	127431920662208	127431922822672	134
XCHTIME	0	0	0	0	0	0	0	0	0	0	0	0
XCHTIME	35	2	5	169424	642	868	213	99	167602	127431920662208	127431922822672	134
XCHTIME	0	0	0	0	0	0	0	0	0	0	0	0
XCHTIME	35	4	18	544387	422	462	305	353	542845	127431920662208	127431922822672	134
LADGATE	35	10000	0.172	1
XCHTIME	0	0	0	0	0	0	0	0	0	0	0	0
XCHTIME	35	5	26	886212	895	1014	449	585	883269	127431920662208	127431922822672	134
XCHTIME	0	0	0	0	0	0	0	0	0	0	0	0
XCHTIME	35	4	63	7805	778	1121	245	1719	3942	127431920662208	127431922822672	134
XCHTIME	0	0	0	0	0	0	0	0	0	0	0	0
XCHTIME	35	4	15	135281	343	358	489	320	133771	127431920662208	127431922822672	134
XCHTIME	0	0	0	0	0	0	0	0	0	0	0	0
XCHTIME	35	4	10	89598	412	551	261	207	88167	127431920662208	127431922822672	134
XCHTIME	0	0	0	0	0	0	0	0	0	0	0	0
XCHTIME	35	4	18	539441	366	469	399	359	537848	127431920662208	127431922822672	134
XCHTIME	0	0	0	0	0	0	0	0	0	0	0	0
XCHTIME	35	4	11	46556	405	730	228	218	44975	127431920662208	127431922822672	134
XCHTIME	0	0	0	0	0	0	0	0	0	0	0	0
XCHTIME	35	4	14	249401	369	550	262	280	247940	127431920662208	127431922822672	134
XCHTIME	0	0	0	0	0	0	0	0	0	0	0	0
XCHTIME	35	4	13	528281	354	390	253	260	527024	127431920662208	127431922822672	134
XCHTIME	0	0	0	0	0	0	0	0	0	0	0	0
XCHTIME	35	4	16	1620823	381	471	734	372	1618865	127431920662208	127431922822672	134
XCHTIME	0	0	0	0	0	0	0	0	0	0	0	0
XCHTIME	35	4	6	32407	779	1204	372	124	29928	127431920662208	127431922822672	134
LIFT	ex7_2_1	35	21	106	21
COUNTS	ex7_2_1	35	134	352	341
XCHTIME	0	0	0	0	0	0	0	0	0	0	0	0
XCHTIME	2092	2	4	1389122	15919	43029	23065	308	1306801	127431413728176	127431608914832	6236
XCHTIME	0	0	0	0	0	0	0	0	0	0	0	0
XCHTIME	2092	2	6	8377213	16772	47415	46001	662	8266363	127431413728176	127431608914832	6236
XCHTIME	0	0	0	0	0	0	0	0	0	0	0	0
XCHTIME	2092	2	5	4731301	22476	49794	33953	554	4624524	127431413728176	127431608914832	6236
XCHTIME	0	0	0	0	0	0	0	0	0	0	0	0
XCHTIME	2092	3	15	16775492	28361	55901	88110	1467	16601653	127431413728176	127431608914832	6236
LADGATE	2092	10000	0.717	1
XCHTIME	0	0	0	0	0	0	0	0	0	0	0	0
XCHTIME	2092	5	26	39289894	19880	46734	166623	2964	39053693	127431413728176	127431608914832	6236
XCHTIME	0	0	0	0	0	0	0	0	0	0	0	0
XCHTIME	2092	4	66	1691343	37271	64620	69430	4255	1515767	127431413728176	127431608914832	6236
XCHTIME	0	0	0	0	0	0	0	0	0	0	0	0
XCHTIME	2092	4	15	4367361	25336	53377	81197	1468	4205983	127431413728176	127431608914832	6236
XCHTIME	0	0	0	0	0	0	0	0	0	0	0	0
XCHTIME	2092	4	10	2791555	27874	52159	95615	1223	2614684	127431413728176	127431608914832	6236
XCHTIME	0	0	0	0	0	0	0	0	0	0	0	0
XCHTIME	2092	3	15	16348215	25642	51253	82722	1750	16186848	127431413728176	127431608914832	6236
XCHTIME	0	0	0	0	0	0	0	0	0	0	0	0
XCHTIME	2092	4	11	1886003	26677	52212	64185	1114	1741815	127431413728176	127431608914832	6236
XCHTIME	0	0	0	0	0	0	0	0	0	0	0	0
XCHTIME	2092	4	14	9347855	27166	53526	76859	1511	9188793	127431413728176	127431608914832	6236
XCHTIME	0	0	0	0	0	0	0	0	0	0	0	0
XCHTIME	2092	4	13	16130936	29925	55781	105279	1597	15938354	127431413728176	127431608914832	6236
XCHTIME	0	0	0	0	0	0	0	0	0	0	0	0
XCHTIME	2092	1	0	15600955	30841	61782	16346	0	15491986	127431413728176	127431608914832	6236
XCHTIME	0	0	0	0	0	0	0	0	0	0	0	0
XCHTIME	2092	4	6	1540442	42893	67860	69060	641	1359988	127431413728176	127431608914832	6236
LIFT	hydroenergy2	2092	1090	4556	1090
COUNTS	hydroenergy2	2092	6236	69051	56014
XCHTIME	0	0	0	0	0	0	0	0	0	0	0	0
XCHTIME	514	2	4	441911	8623	5904	2632	155	424597	127431946069536	127431609397120	5340
XCHTIME	0	0	0	0	0	0	0	0	0	0	0	0
XCHTIME	514	2	6	4527723	7961	7577	3380	345	4508460	127431946069536	127431609397120	5340
XCHTIME	0	0	0	0	0	0	0	0	0	0	0	0
XCHTIME	514	2	5	1406138	7820	4805	2548	188	1390777	127431946069536	127431609397120	5340
XCHTIME	0	0	0	0	0	0	0	0	0	0	0	0
XCHTIME	514	4	18	9173242	7772	4256	7328	883	9153003	127431946069536	127431609397120	5340
LADGATE	514	10000	0.375	1
XCHTIME	0	0	0	0	0	0	0	0	0	0	0	0
XCHTIME	514	5	26	11249641	8055	4487	6131	1074	11229894	127431946069536	127431609397120	5340
XCHTIME	0	0	0	0	0	0	0	0	0	0	0	0
XCHTIME	514	4	66	926515	7755	3985	4332	1863	908580	127431946069536	127431609397120	5340
XCHTIME	0	0	0	0	0	0	0	0	0	0	0	0
XCHTIME	514	4	15	1443478	7845	3705	4374	418	1427136	127431946069536	127431609397120	5340
XCHTIME	0	0	0	0	0	0	0	0	0	0	0	0
XCHTIME	514	4	10	780697	7613	3655	4302	305	764822	127431946069536	127431609397120	5340
XCHTIME	0	0	0	0	0	0	0	0	0	0	0	0
XCHTIME	514	4	18	9230026	7520	3506	4516	654	9213830	127431946069536	127431609397120	5340
XCHTIME	0	0	0	0	0	0	0	0	0	0	0	0
XCHTIME	514	4	11	552908	7846	3873	4178	318	536693	127431946069536	127431609397120	5340
XCHTIME	0	0	0	0	0	0	0	0	0	0	0	0
XCHTIME	514	4	14	2627325	7621	3547	4148	467	2611542	127431946069536	127431609397120	5340
XCHTIME	0	0	0	0	0	0	0	0	0	0	0	0
XCHTIME	514	4	13	4822146	7575	3646	4536	520	4805869	127431946069536	127431609397120	5340
XCHTIME	0	0	0	0	0	0	0	0	0	0	0	0
XCHTIME	514	3	15	21137214	7856	3665	7315	729	21117649	127431946069536	127431609397120	5340
XCHTIME	0	0	0	0	0	0	0	0	0	0	0	0
XCHTIME	514	4	6	476920	8663	5559	4804	227	457667	127431946069536	127431609397120	5340
LIFT	pooling_digabel19	514	296	5918	296
COUNTS	pooling_digabel19	514	5340	325989	274903
XCHTIME	0	0	0	0	0	0	0	0	0	0	0	0
XCHTIME	132	2	4	123638	4218	965	721	174	117560	127431939323936	127431594239920	420
XCHTIME	0	0	0	0	0	0	0	0	0	0	0	0
XCHTIME	132	2	6	1207663	1078	928	689	177	1204791	127431939323936	127431594239920	420
XCHTIME	0	0	0	0	0	0	0	0	0	0	0	0
XCHTIME	132	2	5	222903	1358	900	702	192	219751	127431939323936	127431594239920	420
XCHTIME	0	0	0	0	0	0	0	0	0	0	0	0
XCHTIME	132	4	18	1316866	996	878	1058	642	1313292	127431939323936	127431594239920	420
LADGATE	132	10000	0.218	1
XCHTIME	0	0	0	0	0	0	0	0	0	0	0	0
XCHTIME	132	5	26	1797699	1376	1796	1514	1041	1791972	127431939323936	127431594239920	420
XCHTIME	0	0	0	0	0	0	0	0	0	0	0	0
XCHTIME	132	4	66	1114372	1156	1129	1378	2276	1108433	127431939323936	127431594239920	420
XCHTIME	0	0	0	0	0	0	0	0	0	0	0	0
XCHTIME	132	4	15	344416	1271	1130	752	411	340852	127431939323936	127431594239920	420
XCHTIME	0	0	0	0	0	0	0	0	0	0	0	0
XCHTIME	132	4	10	207069	1158	802	1248	320	203541	127431939323936	127431594239920	420
XCHTIME	0	0	0	0	0	0	0	0	0	0	0	0
XCHTIME	132	4	18	1339603	1259	855	817	710	1335962	127431939323936	127431594239920	420
XCHTIME	0	0	0	0	0	0	0	0	0	0	0	0
XCHTIME	132	4	11	128274	1153	893	1152	352	124724	127431939323936	127431594239920	420
XCHTIME	0	0	0	0	0	0	0	0	0	0	0	0
XCHTIME	132	4	14	555682	965	788	764	406	552759	127431939323936	127431594239920	420
XCHTIME	0	0	0	0	0	0	0	0	0	0	0	0
XCHTIME	132	4	13	807132	1039	851	1332	558	803352	127431939323936	127431594239920	420
XCHTIME	0	0	0	0	0	0	0	0	0	0	0	0
XCHTIME	132	4	16	6074303	1024	1104	1615	541	6070019	127431939323936	127431594239920	420
XCHTIME	0	0	0	0	0	0	0	0	0	0	0	0
XCHTIME	132	4	6	104279	1606	1570	1265	217	99621	127431939323936	127431594239920	420
LIFT	clay0203m	132	63	282	63
COUNTS	clay0203m	132	420	1348	1348
XCHTIME	0	0	0	0	0	0	0	0	0	0	0	0
XCHTIME	13680	1	0	5955779	1598283	3014365	1203073	0	140058	127431570715616	127431599276416	36000
XCHTIME	0	0	0	0	0	0	0	0	0	0	0	0
XCHTIME	13680	1	0	7899543	1706104	2979821	1179166	0	2034452	127431570715616	127431599276416	36000
XCHTIME	0	0	0	0	0	0	0	0	0	0	0	0
XCHTIME	13680	1	0	6935209	1619004	2989908	1189884	0	1136413	127431570715616	127431599276416	36000
XCHTIME	0	0	0	0	0	0	0	0	0	0	0	0
XCHTIME	13680	1	0	11510629	1663039	2996008	1189286	0	5662296	127431570715616	127431599276416	36000
LADGATE	13680	10000	0.382	0
XCHTIME	0	0	0	0	0	0	0	0	0	0	0	0
XCHTIME	13680	5	26	54805742	1658141	2988026	5987568	15880	44156127	127431570715616	127431599276416	36000
XCHTIME	0	0	0	0	0	0	0	0	0	0	0	0
XCHTIME	13680	1	0	7809198	1645903	2975194	1173634	0	2014467	127431570715616	127431599276416	36000
XCHTIME	0	0	0	0	0	0	0	0	0	0	0	0
XCHTIME	13680	1	0	7801269	1633991	2980809	1189385	0	1997084	127431570715616	127431599276416	36000
XCHTIME	0	0	0	0	0	0	0	0	0	0	0	0
XCHTIME	13680	1	0	11912121	1659962	3025442	1150581	0	6076136	127431570715616	127431599276416	36000
XCHTIME	0	0	0	0	0	0	0	0	0	0	0	0
XCHTIME	13680	1	0	11476302	1613228	2993033	1183059	0	5686982	127431570715616	127431599276416	36000
XCHTIME	0	0	0	0	0	0	0	0	0	0	0	0
XCHTIME	13680	1	0	11909071	1626884	3008285	1176371	0	6097531	127431570715616	127431599276416	36000
XCHTIME	0	0	0	0	0	0	0	0	0	0	0	0
XCHTIME	13680	1	0	11813203	1731273	2955221	1173538	0	5953171	127431570715616	127431599276416	36000
XCHTIME	0	0	0	0	0	0	0	0	0	0	0	0
XCHTIME	13680	1	0	11724683	1648871	2975360	1172941	0	5927511	127431570715616	127431599276416	36000
XCHTIME	0	0	0	0	0	0	0	0	0	0	0	0
XCHTIME	13680	1	0	11794759	1645662	3002573	1178268	0	5968256	127431570715616	127431599276416	36000
XCHTIME	0	0	0	0	0	0	0	0	0	0	0	0
XCHTIME	13680	1	0	11507950	1542367	3023663	1182911	0	5759009	127431570715616	127431599276416	36000
LIFT	squfl030-150	13680	4680	18000	4680
COUNTS	squfl030-150	13680	36000	252605	252605

--- every order() call, slowest first (TSV) ---
secs	matrix	n	nnz	ratio
1.4728	crudeoil_lee4_10	17809	120632	0.6080
1.4106	chimera_selby-c16-02	2031	10878	0.5368
1.3836	ringpack_30_2	17999	121458	0.2311
1.3758	pinene200	19995	97990	0.8339
1.3729	chimera_selby-c16-01	2031	10964	0.6669
1.3405	crudeoil_lee4_09	15904	101792	0.6135
1.3277	gams05	17364	252910	0.5262
1.3028	crudeoil_pooling_ct3	2644	11426	0.6262
1.2803	chp_shorttermplan2d	16364	52108	0.5025
1.2305	gasprod_sarawak81	22536	75636	0.9118
1.1978	arki0016	7993	37208	0.9510
1.1297	crudeoil_lee4_06	10429	55492	0.4957
1.0634	popdynm200	22407	105584	0.9364
1.0604	transswitch0300p	11659	48446	0.9267
1.0520	nuclear10a	17493	163816	0.6706
1.0481	procurement1large	14416	41068	0.5277
1.0388	chp_partload	5211	16740	0.7328
1.0357	nd_netgen-2000-3-4-b-a-ns_7	22074	60000	0.9424
1.0303	crudeoil_lee2_06	6418	34646	0.6841
1.0170	powerflow0300p	11251	41918	0.9518
1.0146	mpbp_35	11120	40790	0.3212
1.0124	rsyn0805m03m	2868	8270	0.8992
1.0059	crudeoil_pooling_dt2	18742	75910	0.6610
0.9957	emfl100_5_5	21925	52300	1.0000
0.9624	mpbp_07	9532	30810	0.9120
0.9557	rsyn0840m04m	8508	24272	0.8081
0.9546	gabriel09	21688	89702	0.8704
0.9430	mpbp_15	9858	31692	0.7778
0.9256	crudeoil_lee1_07	3670	19322	0.7388
0.9219	powerflow0118p	5065	18730	0.9656
0.9142	sfacloc2_3_80	4799	20600	0.9580
0.9066	gasprod_sarawak16	4596	15316	0.9168
0.9029	faclay30	16678	82242	0.9552
0.8991	squfl015-060	2775	7200	1.0000
0.8793	sfacloc2_4_80	5067	21424	0.9552
0.8684	nuclear104	39098	257806	0.7593
0.8603	rsyn0815m04m	5456	15756	0.7779
0.8454	hydroenergy2	2092	6236	0.8112
0.8437	mpbp_47	5310	17098	0.8927
0.8385	methanol400	23999	151728	0.6931
0.8310	popdynm25	2807	13904	0.7963
0.8279	supplychainr1_053050	16640	57800	1.0000
0.8223	arki0013	44909	160172	0.4021
0.8199	batchs201210m	5188	17910	0.8685
0.8199	rsyn0830m04m	7252	20752	0.8085
0.8082	waste	4825	21504	0.8654
0.8022	mpbp_34	11556	40860	0.2880
0.8013	chimera_rfr-02	2032	15140	0.6441
0.7933	edgecross24-115	16747	77352	0.8054
0.7871	mpbp_21	11716	37660	0.8615
0.7854	chimera_k64ising-02	1225	3846	0.6051
0.7846	rsyn0810m02hfsg	2670	6964	0.9406
0.7788	chp_shorttermplan1a	4952	15700	0.7957
0.7775	rsyn0810m04m	4772	13836	0.7672
0.7764	mpbp_48	28368	91016	0.4772
0.7749	crudeoil_li05	4225	14628	0.7845
0.7737	rsyn0820m04m	6028	17372	0.7758
0.7735	multiplants_stg1b	814	3992	0.6079
0.7575	nuclear25a	1942	16030	0.5747
0.7421	p_ball_30b_7p_2d_h	2207	7516	0.9968
0.7398	crudeoil_pooling_dt3	30660	152210	0.7100
0.7355	syn40m04m	4960	13792	0.9588
0.7354	squfl010-080	2490	6400	1.0000
0.7352	methanol200	11999	76128	0.7018
0.7338	rsyn0820m02m	2486	6932	0.9328
0.7300	multiplants_stg1	736	3594	0.7853
0.7299	chimera_mgw-c16-2031-01	2032	15900	0.7721
0.7261	multiplants_mtg1b	645	4404	0.6627
0.7256	netmod_kar1	1746	4928	0.7717
0.7240	multiplants_stg1a	726	3510	0.8549
0.7211	multiplants_stg5	827	3804	0.4122
0.7118	multiplants_stg1c	800	3894	0.9532
0.7107	catmix400	2001	11192	0.9998
0.7105	sporttournament48	1131	6676	0.6439
0.7091	squfl025-030	2305	6000	1.0000
0.7077	chp_shorttermplan2a	8992	26288	0.7007
0.7048	ndcc12	974	5982	0.9533
0.7030	kall_circlespolygons_c1p5b	1681	7432	0.9608
0.7024	gabriel10	244056	1148210	0.9285
0.7019	sonet24v5	874	7260	0.5940
0.7016	batchs121208m	3404	11462	0.9332
0.6867	crudeoil_pooling_ct1	1271	4642	0.7501
0.6766	pooling_sppc3pq	23173	893724	0.2822
0.6726	squfl020-150	9170	24000	1.0000
0.6717	sonet23v4	803	6462	0.6753
0.6687	ndcc13	969	5882	0.6183
0.6581	rsyn0815m02hfsg	3054	7968	0.9278
0.6572	pooling_foulds5tp	1218	8364	0.6828
0.6566	squfl010-040persp	2450	7200	1.0000
0.6501	rsyn0840m02m	3486	9576	0.9464
0.6492	pooling_sppa9tp	5040	121302	0.1613
0.6404	chimera_lga-01	1120	6400	0.7441
0.6301	mpbp_46	4518	14492	0.8960
0.6247	acopf_case9241pegase_qcqp	313068	1292408	0.9737
0.6247	pooling_sppa0pq	1649	24192	0.3171
0.6185	risk2bpb	1462	5396	0.5574
0.6184	pooling_foulds4pq	1294	8302	0.9989
0.6161	slay09h	2718	7488	0.8982
0.6100	oil	3270	8430	0.9572
0.6080	kan_r3_h1_n4	3183	14062	0.9405
0.6033	qapw	705	87496	1.0000
0.5992	torsion50	2508	29808	0.6617
0.5965	syn30m03m	2508	6804	0.9905
0.5849	ringpack_20_2	6089	40368	0.3779
0.5814	ndcc12persp	1112	5522	0.9521
0.5813	chimera_mgw-c8-439-onc8-001	440	3040	0.7522
0.5810	rocket50	555	3488	0.9641
0.5766	ringpack_20_3	6709	45220	0.3584
0.5760	kall_circlesrectangles_c6r39	1306	5378	0.9850
0.5701	chimera_mgw-c8-439-onc8-002	440	3038	0.8820
0.5699	faclay75	272878	1379706	0.9405
0.5649	arki0002	4432	11248	0.9764
0.5644	pooling_foulds5pq	1218	8300	1.0000
0.5590	rsyn0830hfsg	1590	4100	0.9514
0.5537	sonet21v6	8232	40744	0.9650
0.5523	pooling_sppb5pq	18529	674470	0.4077
0.5476	syn30m02m	1492	3936	0.9784
0.5468	gancns	548	2800	0.8421
0.5460	transswitch2383wpr	59853	277562	0.9785
0.5394	squfl030-150	13680	36000	1.0000
0.5332	rsyn0815m	821	2242	0.9377
0.5331	maxcsp-langford-3-11	660	29646	0.3098
0.5294	space25a	634	3246	0.9586
0.5290	supplychainr1_022020	4620	15680	0.9999
0.5204	syn40m04hfsg	6328	16896	0.9649
0.5197	faclay35	26778	132380	0.9522
0.5166	clay0305hfsg	1000	2910	0.9168
0.5133	forest	713	2658	0.9933
0.5033	waternd2	615	2580	0.4806
0.5001	syn15m04m	1908	5288	0.9604
0.5000	pooling_digabel19	514	5340	0.8433
0.4985	edgecross10-030	1053	4654	0.7367
0.4969	powerflow0030p	1121	4194	0.9478
0.4941	sfacloc2_4_90	1491	4500	0.9104
0.4875	catmix200	1001	5592	0.9995
0.4854	nd_netgen-3000-1-1-b-b-ns_7	33155	90000	0.9599
0.4797	glider400	10017	49624	0.8777
0.4793	p_ball_30b_5p_2d_h	1543	5224	0.9961
0.4776	blend146	1422	4460	0.8232
0.4720	wastewater13m1	481	3252	0.9989
0.4678	chain400	1201	4796	1.0000
0.4651	blend718	1386	4310	0.8737
0.4601	transswitch2736spr	69651	331010	0.9179
0.4594	tls6	413	2860	0.9474
0.4594	blend721	1428	4548	0.8528
0.4516	edgecross14-156	3097	19664	0.9254
0.4506	chain200	601	2396	1.0000
0.4495	p_ball_10b_7p_3d_h	1236	4186	0.9739
0.4368	edgecross10-040	1053	5116	0.8867
0.4365	rsyn0840m	1159	3168	0.9404
0.4324	sonetgr17	440	2958	0.8190
0.4226	unitcommit_200_100_1_mod_8	146830	476332	0.9764
0.4201	squfl015-080persp	7295	21600	1.0000
0.4199	pooling_sppc1pq	14100	477680	0.1683
0.4164	waterund14	333	2204	0.3600
0.4157	edgecross10-080	1053	5940	0.9638
0.4099	pooling_sppa9pq	5030	120730	0.6312
0.4089	emfl050_5_5	13175	32300	1.0000
0.4081	slay05h	760	2080	0.8961
0.4070	edgecross10-090	1053	5204	0.8181
0.4054	sporttournament18	156	886	0.7746
0.4030	o9_ar4_1	1049	4336	0.9177
0.4021	fo9_ar25_1	1049	4336	0.9177
0.4005	space25	1178	4334	0.9559
0.3998	ex8_3_9	123	834	0.7643
0.3985	knp5-44	2157	32604	1.0000
0.3938	syn40hfsg	1022	2624	0.9671
0.3904	korcns	156	712	0.9113
0.3901	primary	378	5610	0.8688
0.3831	emfl100_3_3	6885	15948	1.0000
0.3825	syn40m	560	1528	0.9644
0.3822	knp5-43	2065	31132	1.0000
0.3813	syn10m04m	1224	3384	0.9972
0.3724	ex1265a	123	560	0.9498
0.3709	hydroenergy1	1046	3024	1.0000
0.3690	wastepaper6	191	1416	1.0000
0.3678	graphpart_clique-30	120	2790	0.7961
0.3661	slay08m	660	2016	1.0000
0.3646	p_ball_10b_5p_4d_m	403	1484	0.9784
0.3645	powerflow0014r	403	1630	0.9628
0.3638	clay0204hfsg	590	1696	0.9116
0.3630	wastepaper4	115	724	0.7397
0.3580	syn10m03hfsg	1071	2772	0.9921
0.3561	waterund11	160	828	0.7224
0.3531	waterund01	96	404	0.7297
0.3510	kissing2	20772	401024	1.0000
0.3500	sssd20-08persp	356	1232	1.0000
0.3481	lop97icx	1073	2118	0.8078
0.3460	p_ball_10b_5p_2d_m	293	964	0.9848
0.3443	sssd18-08persp	338	1168	1.0000
0.3410	wastewater05m1	98	536	0.6845
0.3387	st_e31	301	744	0.9389
0.3349	graphpart_clique-20	80	1260	0.7985
0.3347	demo7	155	618	0.9573
0.3326	qspp_0_14_0_1_10_1	560	120274	0.9950
0.3320	genpooling_lee2	221	1048	0.7051
0.3317	pooling_adhya4pq	170	932	0.6809
0.3312	squfl025-025persp	3800	11250	1.0000
0.3302	graphpart_3g-0244-0244	128	672	0.9727
0.3249	slay07m	497	1512	1.0000
0.3219	tspn08	72	668	0.6863
0.3184	graphpart_clique-70	280	14910	0.8103
0.3179	pooling_rt2tp	118	654	0.9864
0.3175	st_rv9	90	840	0.9447
0.3103	waterund08	230	1290	0.8534
0.3064	orth_d4m6_pl	172	1096	0.9785
0.3043	clay0203m	132	420	1.0000
0.3035	sssd25-08	401	1200	1.0000
0.3001	clay0304m	258	840	1.0000
0.2984	graphpart_3g-0333-0333	108	648	0.8064
0.2980	clay0204m	222	704	1.0000
0.2956	pooling_adhya4tp	170	936	0.7667
0.2941	slay06m	357	1080	1.0000
0.2927	slay05m	240	720	1.0000
0.2907	cont6-qq	120395	557994	0.6962
0.2905	prolog	64	292	0.9839
0.2894	st_test8	64	232	0.8382
0.2882	st_m2	72	1226	1.0000
0.2865	syn15hfsg	399	1022	0.9915
0.2836	ex1263a	94	390	1.0000
0.2784	meanvar-orl400_05_e_7	5205	174804	0.9998
0.2775	csched1	110	376	1.0000
0.2751	qspp_0_13_0_1_10_1	481	88522	0.9948
0.2742	elf	124	376	0.7951
0.2699	meanvar-orl400_05_e_8	4405	171604	1.0000
0.2694	wastewater02m1	36	138	0.9316
0.2631	st_rv2	40	340	1.0000
0.2595	sporttournament08	31	156	1.0000
0.2553	maxcsp-ehi-85-297-71	2372	207996	0.8040
0.2552	ex8_4_1	32	100	1.0000
0.2531	maxmin	181	1440	1.0000
0.2516	ex7_2_1	35	134	0.9688
0.2460	slay04m	146	432	1.0000
0.2459	st_bpaf1a	30	120	0.9310
0.2453	qspp_0_10_0_1_10_1	280	29636	0.9946
0.2441	hybriddynamic_fixed	168	388	1.0000
0.2436	qspp_0_11_0_1_10_1	341	44264	0.9911
0.2422	pooling_haverly1pq	31	96	0.9782
0.2410	pooling_haverly1tp	31	96	0.9527
0.2390	st_jcbpaf2	36	246	0.9437
0.2327	st_e07	19	60	1.0000
0.2310	st_m1	42	432	1.0000
0.2286	nvs05	22	84	0.9603
0.2262	pointpack04	29	120	1.0000
0.2247	qap	255	43748	0.9599
0.2242	pointpack06	55	276	1.0000
0.2226	sssd15-04	163	440	1.0000
0.2212	kall_diffcircles_6	76	302	1.0000
0.2212	prob02	22	76	0.8689
0.2174	watercontamination0303r	1310	37028	1.0000
0.2171	ex5_2_4	18	62	0.9461
0.2065	sep1	69	206	0.9544
0.2045	himmel11	14	60	1.0000
0.1988	st_ph1	16	58	0.8504
0.1985	ex1223	33	82	1.0000
0.1905	st_qpk3	55	548	0.6881
0.1891	tln2	32	88	1.0000
0.1854	ex1223b	25	66	1.0000
0.1848	ex2_1_3	31	72	1.0000
0.1828	ex6_1_4	10	48	0.7766
0.1816	ex9_2_6	28	68	1.0000
0.1791	ex8_1_7	14	46	0.9343
0.1773	ex1225	26	66	0.9415
0.1758	ex9_1_2	19	54	0.9521
0.1754	st_bsj2	13	40	0.7972
0.1700	nvs02	11	46	1.0000
0.1584	st_glmp_ss1	24	66	1.0000
0.1578	st_glmp_ss2	18	48	1.0000
0.1550	oaer	20	40	1.0000
0.1541	st_bpk1	16	44	0.9391
0.1537	ex3_1_3	18	36	0.9222
0.1516	st_ph13	23	68	0.8599
0.1374	ex9_2_4	15	36	1.0000
0.1326	st_pan1	11	32	0.7642
0.1258	ex14_1_8	11	30	1.0000
0.1213	st_ht	8	18	0.8627
0.1166	st_e22	12	30	0.9091
0.0002	polygon75	5846	49652	1.0000
0.0001	pedigree_sim400	351	23546	0.9997
0.0000	camshape400	2000	7188	1.0000
0.0000	autocorr_bern40-30	43	1534	1.0000
0.0000	autocorr_bern35-35fix	38	1264	1.0000
0.0000	smallinvDAXr1b010-011	39	1120	0.9859
0.0000	autocorr_bern30-23	33	878	1.0000
0.0000	cvxnonsep_psig30	30	870	1.0000
0.0000	autocorr_bern25-19	28	612	1.0000
0.0000	autocorr_bern20-15	23	394	1.0000
0.0000	st_qpc-m3a	30	304	0.6755
0.0000	cvxnonsep_psig20	20	380	1.0000
0.0000	nvs23	27	252	0.6356
0.0000	nvs19	24	200	0.6534
0.0000	st_iqpbk1	22	98	1.0000
0.0000	st_e25	20	92	0.7798
0.0000	cvxnonsep_normcon40r	162	322	1.0000
0.0000	cvxnonsep_psig30r	126	250	1.0000
0.0000	st_e24	10	26	0.8906
0.0000	cvxnonsep_normcon20r	82	162	1.0000
0.0000	st_e41	8	32	1.0000
0.0000	st_miqp2	10	18	1.0000
0.0000	cvxnonsep_psig20r	86	170	1.0000
matrices under 0.010s: 23/300
matrices under 0.050s: 23/300
matrices under 0.100s: 23/300
matrices under 0.200s: 47/300
matrices under 0.400s: 136/300

--- per-bucket ---
lt_1k    count=147   geomean=0.8873
1k_10k   count=108   geomean=0.8373
gt_10k   count=45    geomean=0.6823
SCORE = 0.790308
WORST order() = 1.473 s
FORCEAUDIT	stage1b_sites=39	force_fires=0	unsound=0	core_total_mismatch=0	max_drift_ppm=0	worst_incumbent=0	worst_adopted=0	tie_window_opened=16	tie_pass_run=2
ok

test result: ok. 1 passed; 0 failed; 0 ignored; 0 measured; 180 filtered out; finished in 149.86s

