probe binary: /home/frosty/angelX/.tmp/live-performance-20260911/matrices-deepseek/target/probe/release/deps/ssi_candidate_worker-9bc17c144118ca64

running 1 test
test ordering::probe::probe_timing_and_score ... XCHTIME	0	0	0	0	0	0	0	0	0	0	0	0
XCHTIME	357	2	4	149326	9584	1531	1384	204	136623	124758934998080	124758935000960	1080
XCHTIME	0	0	0	0	0	0	0	0	0	0	0	0
XCHTIME	357	2	6	490056	341	1279	1205	235	486996	124758934998080	124758935000960	1080
XCHTIME	0	0	0	0	0	0	0	0	0	0	0	0
XCHTIME	357	2	5	217341	342	1268	1147	210	214374	124758934998080	124758935000960	1080
XCHTIME	0	0	0	0	0	0	0	0	0	0	0	0
XCHTIME	357	4	18	680886	279	1315	2345	905	676042	124758934998080	124758935000960	1080
LADGATE	357	10000	0.211	1
XCHTIME	0	0	0	0	0	0	0	0	0	0	0	0
XCHTIME	357	5	26	1097193	750	1747	2863	1173	1090660	124758934998080	124758935000960	1080
XCHTIME	0	0	0	0	0	0	0	0	0	0	0	0
XCHTIME	357	2	19	7046311	310	1230	973	902	7042896	124758934998080	124758935000960	1080
XCHTIME	0	0	0	0	0	0	0	0	0	0	0	0
XCHTIME	357	4	15	339199	320	1611	2497	652	334119	124758934998080	124758935000960	1080
XCHTIME	0	0	0	0	0	0	0	0	0	0	0	0
XCHTIME	357	4	10	245587	291	1268	2460	331	241237	124758934998080	124758935000960	1080
XCHTIME	0	0	0	0	0	0	0	0	0	0	0	0
XCHTIME	357	4	18	671597	270	1252	2175	799	667101	124758934998080	124758935000960	1080
XCHTIME	0	0	0	0	0	0	0	0	0	0	0	0
XCHTIME	357	4	11	198698	325	1307	2227	352	194487	124758934998080	124758935000960	1080
XCHTIME	0	0	0	0	0	0	0	0	0	0	0	0
XCHTIME	357	4	14	404684	242	1136	2356	549	400401	124758934998080	124758935000960	1080
XCHTIME	0	0	0	0	0	0	0	0	0	0	0	0
XCHTIME	357	4	13	642853	247	1234	2294	585	638493	124758934998080	124758935000960	1080
XCHTIME	0	0	0	0	0	0	0	0	0	0	0	0
XCHTIME	357	4	16	2106833	442	1238	2679	887	2101587	124758934998080	124758935000960	1080
XCHTIME	0	0	0	0	0	0	0	0	0	0	0	0
XCHTIME	357	4	6	150726	815	2092	2131	200	145488	124758934998080	124758935000960	1080
LIFT	slay06m	357	147	660	147
COUNTS	slay06m	357	1080	4025	4025
XCHTIME	0	0	0	0	0	0	0	0	0	0	0	0
XCHTIME	401	2	4	305791	5687	1739	1861	188	296316	124758935018080	124758935021312	1200
XCHTIME	0	0	0	0	0	0	0	0	0	0	0	0
XCHTIME	401	2	6	2471570	367	1459	1511	276	2467957	124758935018080	124758935021312	1200
XCHTIME	0	0	0	0	0	0	0	0	0	0	0	0
XCHTIME	401	2	5	812898	342	1550	1416	195	809395	124758935018080	124758935021312	1200
XCHTIME	0	0	0	0	0	0	0	0	0	0	0	0
XCHTIME	401	4	18	4902028	314	1497	3222	832	4896163	124758935018080	124758935021312	1200
LADGATE	401	10000	0.243	1
XCHTIME	0	0	0	0	0	0	0	0	0	0	0	0
XCHTIME	401	5	26	6063288	624	2120	4043	1049	6055452	124758935018080	124758935021312	1200
XCHTIME	0	0	0	0	0	0	0	0	0	0	0	0
XCHTIME	401	4	66	1568221	358	1484	3255	2211	1560913	124758935018080	124758935021312	1200
XCHTIME	0	0	0	0	0	0	0	0	0	0	0	0
XCHTIME	401	4	15	896567	382	1685	3241	600	890659	124758935018080	124758935021312	1200
XCHTIME	0	0	0	0	0	0	0	0	0	0	0	0
XCHTIME	401	4	10	552459	292	1572	3171	367	547057	124758935018080	124758935021312	1200
XCHTIME	0	0	0	0	0	0	0	0	0	0	0	0
XCHTIME	401	4	18	4847080	325	1616	3265	754	4841120	124758935018080	124758935021312	1200
XCHTIME	0	0	0	0	0	0	0	0	0	0	0	0
XCHTIME	401	4	11	292715	309	1891	3189	458	286868	124758935018080	124758935021312	1200
XCHTIME	0	0	0	0	0	0	0	0	0	0	0	0
XCHTIME	401	4	14	1531787	269	1511	3000	578	1526429	124758935018080	124758935021312	1200
XCHTIME	0	0	0	0	0	0	0	0	0	0	0	0
XCHTIME	401	4	13	3164325	344	1615	3404	547	3158415	124758935018080	124758935021312	1200
XCHTIME	0	0	0	0	0	0	0	0	0	0	0	0
XCHTIME	401	4	16	14343307	320	1780	5532	802	14334873	124758935018080	124758935021312	1200
XCHTIME	0	0	0	0	0	0	0	0	0	0	0	0
XCHTIME	401	4	6	213176	824	3165	3000	283	205904	124758935018080	124758935021312	1200
LIFT	sssd25-08	401	89	640	89
COUNTS	sssd25-08	401	1200	5389	5389
XCHTIME	0	0	0	0	0	0	0	0	0	0	0	0
XCHTIME	4772	1	0	2829711	418409	191690	185701	0	2033911	124758935439904	124759047155728	13836
XCHTIME	0	0	0	0	0	0	0	0	0	0	0	0
XCHTIME	4772	1	0	3912817	7252	200564	184657	0	3520344	124758935439904	124759047155728	13836
XCHTIME	0	0	0	0	0	0	0	0	0	0	0	0
XCHTIME	4772	1	0	2937204	6926	188836	177520	0	2563922	124758935439904	124759047155728	13836
XCHTIME	0	0	0	0	0	0	0	0	0	0	0	0
XCHTIME	4772	1	0	10901307	6422	193480	175041	0	10526364	124758935439904	124759047155728	13836
LADGATE	4772	10000	0.608	1
XCHTIME	0	0	0	0	0	0	0	0	0	0	0	0
XCHTIME	4772	5	26	73701038	6885	227795	981291	8634	72476433	124758935439904	124759047155728	13836
XCHTIME	0	0	0	0	0	0	0	0	0	0	0	0
XCHTIME	4772	4	66	5764022	7525	225795	705544	12276	4812882	124758935439904	124759047155728	13836
XCHTIME	0	0	0	0	0	0	0	0	0	0	0	0
XCHTIME	4772	4	15	6213498	7289	185942	707630	3998	5308639	124758935439904	124759047155728	13836
XCHTIME	0	0	0	0	0	0	0	0	0	0	0	0
XCHTIME	4772	4	10	6084903	8411	188510	716286	2127	5169569	124758935439904	124759047155728	13836
XCHTIME	0	0	0	0	0	0	0	0	0	0	0	0
XCHTIME	4772	3	15	12640531	6936	201240	657039	4007	11771309	124758935439904	124759047155728	13836
XCHTIME	0	0	0	0	0	0	0	0	0	0	0	0
XCHTIME	4772	4	11	5518563	6898	180690	686687	2366	4641922	124758935439904	124759047155728	13836
XCHTIME	0	0	0	0	0	0	0	0	0	0	0	0
XCHTIME	4772	4	14	8838271	6734	162503	703125	3065	7962844	124758935439904	124759047155728	13836
XCHTIME	0	0	0	0	0	0	0	0	0	0	0	0
XCHTIME	4772	4	13	12154147	6573	187536	741736	3543	11214759	124758935439904	124759047155728	13836
XCHTIME	0	0	0	0	0	0	0	0	0	0	0	0
XCHTIME	4772	1	0	10803165	7067	234686	201037	0	10360375	124758935439904	124759047155728	13836
XCHTIME	0	0	0	0	0	0	0	0	0	0	0	0
XCHTIME	4772	4	6	5137965	7273	206967	682608	1237	4239880	124758935439904	124759047155728	13836
LIFT	rsyn0810m04m	4772	2520	9996	2520
COUNTS	rsyn0810m04m	4772	13836	147553	113207
LIFT	pooling_sppc3pq	23173	12327	872032	12327
COUNTS	pooling_sppc3pq	23173	893724	1153877333	325595394
XCHTIME	0	0	0	0	0	0	0	0	0	0	0	0
XCHTIME	1131	2	4	2788971	25203	6527	8237	505	2748499	124758941708560	124758941336224	6676
XCHTIME	0	0	0	0	0	0	0	0	0	0	0	0
XCHTIME	1131	1	0	9028899	1938	5603	3743	0	9017615	124758941708560	124758941336224	6676
XCHTIME	0	0	0	0	0	0	0	0	0	0	0	0
XCHTIME	1131	2	5	6998830	2487	7626	11059	711	6976947	124758941708560	124758941336224	6676
XCHTIME	0	0	0	0	0	0	0	0	0	0	0	0
XCHTIME	1131	2	5	17710824	2545	8449	9073	718	17690039	124758941708560	124758941336224	6676
LADGATE	1131	10000	0.550	1
XCHTIME	0	0	0	0	0	0	0	0	0	0	0	0
XCHTIME	1131	4	10	5467263	3012	10498	15533	1249	5436971	124758941708560	124758941336224	6676
XCHTIME	0	0	0	0	0	0	0	0	0	0	0	0
XCHTIME	1131	4	66	6059802	1559	5307	17778	10199	6024959	124758941708560	124758941336224	6676
XCHTIME	0	0	0	0	0	0	0	0	0	0	0	0
XCHTIME	1131	4	15	8602262	1727	5689	16297	2005	8576544	124758941708560	124758941336224	6676
XCHTIME	0	0	0	0	0	0	0	0	0	0	0	0
XCHTIME	1131	4	10	5421382	2343	5062	15718	1272	5396987	124758941708560	124758941336224	6676
XCHTIME	0	0	0	0	0	0	0	0	0	0	0	0
XCHTIME	1131	2	5	17888592	1517	4847	10818	757	17870653	124758941708560	124758941336224	6676
XCHTIME	0	0	0	0	0	0	0	0	0	0	0	0
XCHTIME	1131	4	11	3405660	2598	6197	14727	1192	3380946	124758941708560	124758941336224	6676
XCHTIME	0	0	0	0	0	0	0	0	0	0	0	0
XCHTIME	1131	4	14	18433896	1920	4447	16913	1804	18408812	124758941708560	124758941336224	6676
XCHTIME	0	0	0	0	0	0	0	0	0	0	0	0
XCHTIME	1131	3	12	18361171	2292	7685	13952	1710	18335532	124758941708560	124758941336224	6676
XCHTIME	0	0	0	0	0	0	0	0	0	0	0	0
XCHTIME	1131	1	0	18072988	2587	5419	3423	0	18061559	124758941708560	124758941336224	6676
XCHTIME	0	0	0	0	0	0	0	0	0	0	0	0
XCHTIME	1131	4	6	2470845	3334	13798	15044	592	2438077	124758941708560	124758941336224	6676
LIFT	sporttournament48	1131	721	7408	721
COUNTS	sporttournament48	1131	6676	919582	592120
XCHTIME	0	0	0	0	0	0	0	0	0	0	0	0
XCHTIME	5030	1	0	2043070	628604	242123	216012	0	956331	124758945915616	124758941791200	120730
XCHTIME	0	0	0	0	0	0	0	0	0	0	0	0
XCHTIME	5030	1	0	2932329	48998	196822	190749	0	2495760	124758945915616	124758941791200	120730
XCHTIME	0	0	0	0	0	0	0	0	0	0	0	0
XCHTIME	5030	1	0	1992390	49263	230022	198230	0	1514875	124758945915616	124758941791200	120730
XCHTIME	0	0	0	0	0	0	0	0	0	0	0	0
XCHTIME	5030	1	0	7882372	48005	232189	206935	0	7395243	124758945915616	124758941791200	120730
LADGATE	5030	10000	0.393	1
LIFT	pooling_sppa9pq	5030	2509	126346	2509
COUNTS	pooling_sppa9pq	5030	120730	23971280	15130622
XCHTIME	0	0	0	0	0	0	0	0	0	0	0	0
XCHTIME	1053	2	4	468122	22179	8930	6241	198	430574	124758935404944	124758941602464	5204
XCHTIME	0	0	0	0	0	0	0	0	0	0	0	0
XCHTIME	1053	2	6	4609736	891	3146	7650	264	4597785	124758935404944	124758941602464	5204
XCHTIME	0	0	0	0	0	0	0	0	0	0	0	0
XCHTIME	1053	2	5	1505077	2222	7672	7337	185	1487661	124758935404944	124758941602464	5204
XCHTIME	0	0	0	0	0	0	0	0	0	0	0	0
XCHTIME	1053	4	18	9075117	2318	9298	19677	763	9043061	124758935404944	124758941602464	5204
LADGATE	1053	10000	0.305	1
XCHTIME	0	0	0	0	0	0	0	0	0	0	0	0
XCHTIME	1053	5	26	11575426	2595	7781	20988	1256	11542806	124758935404944	124758941602464	5204
XCHTIME	0	0	0	0	0	0	0	0	0	0	0	0
XCHTIME	1053	4	66	447977	2420	5725	12256	2145	425431	124758935404944	124758941602464	5204
XCHTIME	0	0	0	0	0	0	0	0	0	0	0	0
XCHTIME	1053	4	15	1544246	1468	3958	14155	595	1524070	124758935404944	124758941602464	5204
XCHTIME	0	0	0	0	0	0	0	0	0	0	0	0
XCHTIME	1053	4	10	770553	1531	5028	13734	428	749832	124758935404944	124758941602464	5204
XCHTIME	0	0	0	0	0	0	0	0	0	0	0	0
XCHTIME	1053	4	18	8980608	1578	4088	18487	810	8955645	124758935404944	124758941602464	5204
XCHTIME	0	0	0	0	0	0	0	0	0	0	0	0
XCHTIME	1053	4	11	515914	2433	9067	12225	437	491752	124758935404944	124758941602464	5204
XCHTIME	0	0	0	0	0	0	0	0	0	0	0	0
XCHTIME	1053	4	14	2851607	1182	3152	12642	652	2833979	124758935404944	124758941602464	5204
XCHTIME	0	0	0	0	0	0	0	0	0	0	0	0
XCHTIME	1053	4	13	5282134	1414	3304	13775	575	5263066	124758935404944	124758941602464	5204
XCHTIME	0	0	0	0	0	0	0	0	0	0	0	0
XCHTIME	1053	3	15	17758120	1577	3777	23657	845	17728264	124758935404944	124758941602464	5204
XCHTIME	0	0	0	0	0	0	0	0	0	0	0	0
XCHTIME	1053	4	6	384512	3011	6496	12861	246	361898	124758935404944	124758941602464	5204
LIFT	edgecross10-090	1053	571	4240	571
COUNTS	edgecross10-090	1053	5204	126115	103179
LIFT	maxcsp-ehi-85-297-71	2372	2075	216272	2075
COUNTS	maxcsp-ehi-85-297-71	2372	207996	1381768944	1110971341
XCHTIME	0	0	0	0	0	0	0	0	0	0	0	0
XCHTIME	30	2	4	51061	4667	1523	191	114	44566	124758941295920	124758934981568	120
XCHTIME	0	0	0	0	0	0	0	0	0	0	0	0
XCHTIME	30	2	6	453636	231	557	144	122	452582	124758941295920	124758934981568	120
XCHTIME	0	0	0	0	0	0	0	0	0	0	0	0
XCHTIME	30	2	5	193673	283	527	137	104	192622	124758941295920	124758934981568	120
XCHTIME	0	0	0	0	0	0	0	0	0	0	0	0
XCHTIME	30	4	18	797269	129	351	230	357	796202	124758941295920	124758934981568	120
LADGATE	30	10000	0.165	1
XCHTIME	0	0	0	0	0	0	0	0	0	0	0	0
XCHTIME	30	5	26	906646	388	778	328	550	904602	124758941295920	124758934981568	120
XCHTIME	0	0	0	0	0	0	0	0	0	0	0	0
XCHTIME	30	4	58	182039	194	473	268	1892	179212	124758941295920	124758934981568	120
XCHTIME	0	0	0	0	0	0	0	0	0	0	0	0
XCHTIME	30	4	15	182761	94	489	214	305	181659	124758941295920	124758934981568	120
XCHTIME	0	0	0	0	0	0	0	0	0	0	0	0
XCHTIME	30	4	10	92157	80	411	232	195	91239	124758941295920	124758934981568	120
XCHTIME	0	0	0	0	0	0	0	0	0	0	0	0
XCHTIME	30	4	18	790957	95	342	278	368	789874	124758941295920	124758934981568	120
XCHTIME	0	0	0	0	0	0	0	0	0	0	0	0
XCHTIME	30	4	11	61539	121	505	205	221	60487	124758941295920	124758934981568	120
XCHTIME	0	0	0	0	0	0	0	0	0	0	0	0
XCHTIME	30	4	14	264174	93	425	245	275	263136	124758941295920	124758934981568	120
XCHTIME	0	0	0	0	0	0	0	0	0	0	0	0
XCHTIME	30	4	13	379149	106	432	276	262	378073	124758941295920	124758934981568	120
XCHTIME	0	0	0	0	0	0	0	0	0	0	0	0
XCHTIME	30	4	16	3136260	158	415	288	340	3135059	124758941295920	124758934981568	120
XCHTIME	0	0	0	0	0	0	0	0	0	0	0	0
XCHTIME	30	4	6	32060	260	974	202	128	30496	124758941295920	124758934981568	120
COUNTS	st_bpaf1a	30	120	623	580
XCHTIME	0	0	0	0	0	0	0	0	0	0	0	0
XCHTIME	1462	2	4	1768333	39391	7298	10845	251	1710548	124758944114384	124758941418160	5396
XCHTIME	0	0	0	0	0	0	0	0	0	0	0	0
XCHTIME	1462	1	0	6272271	3925	21013	7717	0	6239616	124758944114384	124758941418160	5396
XCHTIME	0	0	0	0	0	0	0	0	0	0	0	0
XCHTIME	1462	2	5	4699977	2813	18437	21840	429	4656458	124758944114384	124758941418160	5396
XCHTIME	0	0	0	0	0	0	0	0	0	0	0	0
XCHTIME	1462	3	15	13331806	2371	15452	32009	1133	13280841	124758944114384	124758941418160	5396
LADGATE	1462	10000	0.484	1
XCHTIME	0	0	0	0	0	0	0	0	0	0	0	0
XCHTIME	1462	5	26	33309124	3073	14251	58910	1714	33231176	124758944114384	124758941418160	5396
XCHTIME	0	0	0	0	0	0	0	0	0	0	0	0
XCHTIME	1462	4	66	6150079	2970	16851	43187	3895	6083176	124758944114384	124758941418160	5396
XCHTIME	0	0	0	0	0	0	0	0	0	0	0	0
XCHTIME	1462	4	15	5387124	3447	13939	31654	1311	5336773	124758944114384	124758941418160	5396
XCHTIME	0	0	0	0	0	0	0	0	0	0	0	0
XCHTIME	1462	4	10	3436772	2745	10578	31554	881	3391014	124758944114384	124758941418160	5396
XCHTIME	0	0	0	0	0	0	0	0	0	0	0	0
XCHTIME	1462	3	15	13360249	2202	8084	36257	1283	13312423	124758944114384	124758941418160	5396
XCHTIME	0	0	0	0	0	0	0	0	0	0	0	0
XCHTIME	1462	4	11	2302766	2768	10051	29897	738	2259312	124758944114384	124758941418160	5396
XCHTIME	0	0	0	0	0	0	0	0	0	0	0	0
XCHTIME	1462	4	14	8620551	2504	12654	31916	797	8572680	124758944114384	124758941418160	5396
XCHTIME	0	0	0	0	0	0	0	0	0	0	0	0
XCHTIME	1462	4	13	13703743	2655	8054	29586	935	13662513	124758944114384	124758941418160	5396
XCHTIME	0	0	0	0	0	0	0	0	0	0	0	0
XCHTIME	1462	1	0	12532775	1973	8897	5520	0	12516385	124758944114384	124758941418160	5396
XCHTIME	0	0	0	0	0	0	0	0	0	0	0	0
XCHTIME	1462	4	6	1589234	3489	21076	23786	427	1540456	124758944114384	124758941418160	5396
LIFT	risk2bpb	1462	628	4030	628
COUNTS	risk2bpb	1462	5396	118471	66041
XCHTIME	0	0	0	0	0	0	0	0	0	0	0	0
XCHTIME	255	2	4	661729	67289	1320	639	539	591942	124758941264160	124758943167472	43748
XCHTIME	0	0	0	0	0	0	0	0	0	0	0	0
XCHTIME	255	2	6	11008099	6785	1507	1045	771	10997991	124758941264160	124758943167472	43748
XCHTIME	0	0	0	0	0	0	0	0	0	0	0	0
XCHTIME	255	2	5	3187493	7121	1259	594	652	3177867	124758941264160	124758943167472	43748
XCHTIME	0	0	0	0	0	0	0	0	0	0	0	0
XCHTIME	255	4	18	22089598	5324	992	1590	2177	22079515	124758941264160	124758943167472	43748
LADGATE	255	10000	0.130	1
XCHTIME	0	0	0	0	0	0	0	0	0	0	0	0
XCHTIME	255	4	10	1125253	8414	1589	1292	1136	1112822	124758941264160	124758943167472	43748
XCHTIME	0	0	0	0	0	0	0	0	0	0	0	0
XCHTIME	255	4	66	339514	9571	1725	1141	17920	309157	124758941264160	124758943167472	43748
XCHTIME	0	0	0	0	0	0	0	0	0	0	0	0
XCHTIME	255	4	15	2898893	6071	1431	1546	1740	2888105	124758941264160	124758943167472	43748
XCHTIME	0	0	0	0	0	0	0	0	0	0	0	0
XCHTIME	255	4	10	1134406	8206	1196	1250	1117	1122637	124758941264160	124758943167472	43748
XCHTIME	0	0	0	0	0	0	0	0	0	0	0	0
XCHTIME	255	4	18	22157865	7141	1253	1856	2283	22145332	124758941264160	124758943167472	43748
XCHTIME	0	0	0	0	0	0	0	0	0	0	0	0
XCHTIME	255	4	11	749316	12551	2138	1101	1255	732271	124758941264160	124758943167472	43748
XCHTIME	0	0	0	0	0	0	0	0	0	0	0	0
XCHTIME	255	4	14	6519597	7297	1348	1315	1605	6508032	124758941264160	124758943167472	43748
XCHTIME	0	0	0	0	0	0	0	0	0	0	0	0
XCHTIME	255	4	13	13086902	8767	1747	1369	1697	13073322	124758941264160	124758943167472	43748
XCHTIME	0	0	0	0	0	0	0	0	0	0	0	0
XCHTIME	255	1	0	21618360	9161	1356	291	0	21607552	124758941264160	124758943167472	43748
XCHTIME	0	0	0	0	0	0	0	0	0	0	0	0
XCHTIME	255	4	6	561286	14261	2425	1352	818	542430	124758941264160	124758943167472	43748
LIFT	qap	255	225	49148	225
COUNTS	qap	255	43748	3802533	3650113
XCHTIME	0	0	0	0	0	0	0	0	0	0	0	0
XCHTIME	7252	1	0	3311112	969676	518837	474022	0	1348577	124758935040160	124758935098192	20752
XCHTIME	0	0	0	0	0	0	0	0	0	0	0	0
XCHTIME	7252	1	0	3068531	10406	472055	504873	0	2081197	124758935040160	124758935098192	20752
XCHTIME	0	0	0	0	0	0	0	0	0	0	0	0
XCHTIME	7252	1	0	2944049	10580	491315	489056	0	1953098	124758935040160	124758935098192	20752
XCHTIME	0	0	0	0	0	0	0	0	0	0	0	0
XCHTIME	7252	1	0	11064422	9728	480309	491196	0	10083189	124758935040160	124758935098192	20752
LADGATE	7252	10000	0.547	1
XCHTIME	0	0	0	0	0	0	0	0	0	0	0	0
XCHTIME	7252	5	26	122734478	12865	500460	2536640	11059	119673454	124758935040160	124758935098192	20752
XCHTIME	0	0	0	0	0	0	0	0	0	0	0	0
XCHTIME	7252	1	0	4852521	10873	519563	477543	0	3844542	124758935040160	124758935098192	20752
XCHTIME	0	0	0	0	0	0	0	0	0	0	0	0
XCHTIME	7252	1	0	6132548	11030	504856	489232	0	5127430	124758935040160	124758935098192	20752
XCHTIME	0	0	0	0	0	0	0	0	0	0	0	0
XCHTIME	7252	3	9	12061724	11371	507390	1446589	4627	10091747	124758935040160	124758935098192	20752
XCHTIME	0	0	0	0	0	0	0	0	0	0	0	0
XCHTIME	7252	1	0	10909742	9737	455777	479694	0	9964534	124758935040160	124758935098192	20752
XCHTIME	0	0	0	0	0	0	0	0	0	0	0	0
XCHTIME	7252	3	9	11770774	10681	488848	1489345	4560	9777340	124758935040160	124758935098192	20752
XCHTIME	0	0	0	0	0	0	0	0	0	0	0	0
XCHTIME	7252	2	4	12144720	10618	486195	994886	2150	10650871	124758935040160	124758935098192	20752
XCHTIME	0	0	0	0	0	0	0	0	0	0	0	0
XCHTIME	7252	1	0	11394087	10312	505226	475897	0	10402652	124758935040160	124758935098192	20752
XCHTIME	0	0	0	0	0	0	0	0	0	0	0	0
XCHTIME	7252	1	0	10013582	10347	478824	502986	0	9021425	124758935040160	124758935098192	20752
XCHTIME	0	0	0	0	0	0	0	0	0	0	0	0
XCHTIME	7252	3	3	11228430	10808	494832	1426632	1277	9294881	124758935040160	124758935098192	20752
LIFT	rsyn0830m04m	7252	3744	14872	3744
COUNTS	rsyn0830m04m	7252	20752	212130	171516
XCHTIME	0	0	0	0	0	0	0	0	0	0	0	0
XCHTIME	1073	2	4	639907	17423	3623	6426	182	612253	124758935389072	124758935360352	2118
XCHTIME	0	0	0	0	0	0	0	0	0	0	0	0
XCHTIME	1073	2	6	6360816	766	3917	8096	254	6347783	124758935389072	124758935360352	2118
XCHTIME	0	0	0	0	0	0	0	0	0	0	0	0
XCHTIME	1073	2	5	1854559	1158	6450	6753	197	1840001	124758935389072	124758935360352	2118
XCHTIME	0	0	0	0	0	0	0	0	0	0	0	0
XCHTIME	1073	4	18	12253825	1109	6809	21815	754	12223338	124758935389072	124758935360352	2118
LADGATE	1073	10000	0.267	1
XCHTIME	0	0	0	0	0	0	0	0	0	0	0	0
XCHTIME	1073	5	26	14776097	1864	6093	26119	1015	14741006	124758935389072	124758935360352	2118
XCHTIME	0	0	0	0	0	0	0	0	0	0	0	0
XCHTIME	1073	4	66	7078064	1252	5450	27414	2179	7041769	124758935389072	124758935360352	2118
XCHTIME	0	0	0	0	0	0	0	0	0	0	0	0
XCHTIME	1073	4	15	2123174	1938	9587	14068	634	2096947	124758935389072	124758935360352	2118
XCHTIME	0	0	0	0	0	0	0	0	0	0	0	0
XCHTIME	1073	4	10	1200322	635	3735	13256	388	1182308	124758935389072	124758935360352	2118
XCHTIME	0	0	0	0	0	0	0	0	0	0	0	0
XCHTIME	1073	4	18	12133477	892	4133	26057	832	12101563	124758935389072	124758935360352	2118
XCHTIME	0	0	0	0	0	0	0	0	0	0	0	0
XCHTIME	1073	4	11	713271	1544	6619	13403	439	691266	124758935389072	124758935360352	2118
XCHTIME	0	0	0	0	0	0	0	0	0	0	0	0
XCHTIME	1073	4	14	3645044	658	3745	17457	538	3622646	124758935389072	124758935360352	2118
XCHTIME	0	0	0	0	0	0	0	0	0	0	0	0
XCHTIME	1073	4	13	6347711	1015	5316	21827	518	6319035	124758935389072	124758935360352	2118
XCHTIME	0	0	0	0	0	0	0	0	0	0	0	0
XCHTIME	1073	2	5	15899344	1392	5348	12888	293	15879423	124758935389072	124758935360352	2118
XCHTIME	0	0	0	0	0	0	0	0	0	0	0	0
XCHTIME	1073	4	6	528031	1523	10729	12597	325	502857	124758935389072	124758935360352	2118
LIFT	lop97icx	1073	155	1760	155
COUNTS	lop97icx	1073	2118	79286	64044
XCHTIME	0	0	0	0	0	0	0	0	0	0	0	0
XCHTIME	1201	2	4	2154889	25049	4826	9277	347	2115390	124758935416272	124758941483712	4796
XCHTIME	0	0	0	0	0	0	0	0	0	0	0	0
XCHTIME	1201	1	0	6055245	1068	4242	4159	0	6045776	124758935416272	124758941483712	4796
XCHTIME	0	0	0	0	0	0	0	0	0	0	0	0
XCHTIME	1201	1	0	4925975	1872	7603	4450	0	4912050	124758935416272	124758941483712	4796
XCHTIME	0	0	0	0	0	0	0	0	0	0	0	0
XCHTIME	1201	1	0	12317293	1457	5907	4437	0	12305492	124758935416272	124758941483712	4796
LADGATE	1201	10000	0.223	1
XCHTIME	0	0	0	0	0	0	0	0	0	0	0	0
XCHTIME	1201	5	26	127611816	2503	7574	35403	2240	127564096	124758935416272	124758941483712	4796
XCHTIME	0	0	0	0	0	0	0	0	0	0	0	0
XCHTIME	1201	4	66	631374	2570	8749	17553	3299	599203	124758935416272	124758941483712	4796
XCHTIME	0	0	0	0	0	0	0	0	0	0	0	0
XCHTIME	1201	2	4	3405164	1575	4319	9198	267	3389805	124758935416272	124758941483712	4796
XCHTIME	0	0	0	0	0	0	0	0	0	0	0	0
XCHTIME	1201	4	10	5555216	1241	4650	19738	810	5528777	124758935416272	124758941483712	4796
XCHTIME	0	0	0	0	0	0	0	0	0	0	0	0
XCHTIME	1201	1	0	12160142	1941	5131	3933	0	12149137	124758935416272	124758941483712	4796
XCHTIME	0	0	0	0	0	0	0	0	0	0	0	0
XCHTIME	1201	4	11	2579385	1843	7942	15933	863	2552804	124758935416272	124758941483712	4796
XCHTIME	0	0	0	0	0	0	0	0	0	0	0	0
XCHTIME	1201	2	4	13022718	1345	3870	11428	338	13005737	124758935416272	124758941483712	4796
XCHTIME	0	0	0	0	0	0	0	0	0	0	0	0
XCHTIME	1201	1	0	13142925	2584	5926	3775	0	13130640	124758935416272	124758941483712	4796
XCHTIME	0	0	0	0	0	0	0	0	0	0	0	0
XCHTIME	1201	1	0	12330630	1885	6803	3830	0	12318112	124758935416272	124758941483712	4796
XCHTIME	0	0	0	0	0	0	0	0	0	0	0	0
XCHTIME	1201	4	6	1639714	2614	14380	18750	499	1603471	124758935416272	124758941483712	4796
LIFT	chain400	1201	800	3196	800
COUNTS	chain400	1201	4796	16382	16382
XCHTIME	0	0	0	0	0	0	0	0	0	0	0	0
XCHTIME	9532	1	0	5611371	1789316	856241	874431	0	2091383	124758940734000	124758944489392	30810
XCHTIME	0	0	0	0	0	0	0	0	0	0	0	0
XCHTIME	9532	1	0	5308495	17381	867343	860085	0	3563686	124758940734000	124758944489392	30810
XCHTIME	0	0	0	0	0	0	0	0	0	0	0	0
XCHTIME	9532	1	0	4604150	17671	897793	842550	0	2846136	124758940734000	124758944489392	30810
XCHTIME	0	0	0	0	0	0	0	0	0	0	0	0
XCHTIME	9532	1	0	11152570	17345	821896	832015	0	9481314	124758940734000	124758944489392	30810
LADGATE	9532	10000	0.696	1
XCHTIME	0	0	0	0	0	0	0	0	0	0	0	0
XCHTIME	9532	5	26	58092300	14300	870036	4289483	10476	52908005	124758940734000	124758944489392	30810
XCHTIME	0	0	0	0	0	0	0	0	0	0	0	0
XCHTIME	9532	1	0	5199459	16782	920142	864614	0	3397921	124758940734000	124758944489392	30810
XCHTIME	0	0	0	0	0	0	0	0	0	0	0	0
XCHTIME	9532	1	0	5288026	17276	824589	840582	0	3605579	124758940734000	124758944489392	30810
XCHTIME	0	0	0	0	0	0	0	0	0	0	0	0
XCHTIME	9532	2	3	9542237	16548	861529	1690259	1772	6972129	124758940734000	124758944489392	30810
XCHTIME	0	0	0	0	0	0	0	0	0	0	0	0
XCHTIME	9532	1	0	11037266	16869	837970	847905	0	9334522	124758940734000	124758944489392	30810
XCHTIME	0	0	0	0	0	0	0	0	0	0	0	0
XCHTIME	9532	2	3	9266291	17194	835517	1683465	1506	6728609	124758940734000	124758944489392	30810
XCHTIME	0	0	0	0	0	0	0	0	0	0	0	0
XCHTIME	9532	2	4	10700134	16994	825480	1687769	2033	8167858	124758940734000	124758944489392	30810
XCHTIME	0	0	0	0	0	0	0	0	0	0	0	0
XCHTIME	9532	2	4	11286460	16272	844268	1688301	2099	8735520	124758940734000	124758944489392	30810
XCHTIME	0	0	0	0	0	0	0	0	0	0	0	0
XCHTIME	9532	1	0	10261361	15818	848813	846317	0	8550413	124758940734000	124758944489392	30810
XCHTIME	0	0	0	0	0	0	0	0	0	0	0	0
XCHTIME	9532	2	3	9089780	17431	863527	1669806	2102	6536914	124758940734000	124758944489392	30810
LIFT	mpbp_07	9532	5704	23110	5704
COUNTS	mpbp_07	9532	30810	1368477	1248083
XCHTIME	0	0	0	0	0	0	0	0	0	0	0	0
XCHTIME	440	2	4	361121	12926	1844	1881	142	344328	124758934960464	124758941648560	2958
XCHTIME	0	0	0	0	0	0	0	0	0	0	0	0
XCHTIME	440	2	6	3474932	624	1456	1713	170	3470969	124758934960464	124758941648560	2958
XCHTIME	0	0	0	0	0	0	0	0	0	0	0	0
XCHTIME	440	2	5	1147036	977	1789	1536	137	1142597	124758934960464	124758941648560	2958
XCHTIME	0	0	0	0	0	0	0	0	0	0	0	0
XCHTIME	440	4	18	4196092	626	1430	3170	518	4190348	124758934960464	124758941648560	2958
LADGATE	440	10000	0.315	1
XCHTIME	0	0	0	0	0	0	0	0	0	0	0	0
XCHTIME	440	5	26	5871502	1244	2029	4219	906	5863104	124758934960464	124758941648560	2958
XCHTIME	0	0	0	0	0	0	0	0	0	0	0	0
XCHTIME	440	4	66	6663813	900	1417	3588	1679	6656229	124758934960464	124758941648560	2958
XCHTIME	0	0	0	0	0	0	0	0	0	0	0	0
XCHTIME	440	4	15	1259772	960	1875	3566	418	1252953	124758934960464	124758941648560	2958
XCHTIME	0	0	0	0	0	0	0	0	0	0	0	0
XCHTIME	440	4	10	678539	638	1498	3385	269	672749	124758934960464	124758941648560	2958
XCHTIME	0	0	0	0	0	0	0	0	0	0	0	0
XCHTIME	440	4	18	4196622	763	1308	3303	621	4190627	124758934960464	124758941648560	2958
XCHTIME	0	0	0	0	0	0	0	0	0	0	0	0
XCHTIME	440	4	11	400939	956	1520	3336	294	394833	124758934960464	124758941648560	2958
XCHTIME	0	0	0	0	0	0	0	0	0	0	0	0
XCHTIME	440	4	14	2130730	524	1333	3319	378	2125176	124758934960464	124758941648560	2958
XCHTIME	0	0	0	0	0	0	0	0	0	0	0	0
XCHTIME	440	4	13	3376016	683	1328	3398	354	3370253	124758934960464	124758941648560	2958
XCHTIME	0	0	0	0	0	0	0	0	0	0	0	0
XCHTIME	440	4	16	12199830	1016	1569	5980	624	12190641	124758934960464	124758941648560	2958
XCHTIME	0	0	0	0	0	0	0	0	0	0	0	0
XCHTIME	440	4	6	310261	1655	2798	3404	228	302176	124758934960464	124758941648560	2958
LIFT	sonetgr17	440	317	2712	317
COUNTS	sonetgr17	440	2958	37814	30971
XCHTIME	0	0	0	0	0	0	0	0	0	0	0	0
XCHTIME	2207	2	4	2201490	1260937	32426	29997	323	877807	124758941299280	124758941717632	7516
XCHTIME	0	0	0	0	0	0	0	0	0	0	0	0
XCHTIME	2207	2	6	2987213	3032	13940	48086	853	2921302	124758941299280	124758941717632	7516
XCHTIME	0	0	0	0	0	0	0	0	0	0	0	0
XCHTIME	2207	2	5	1057645	3604	21698	38730	735	992878	124758941299280	124758941717632	7516
XCHTIME	0	0	0	0	0	0	0	0	0	0	0	0
XCHTIME	2207	4	18	11935377	2823	15239	94766	2402	11820147	124758941299280	124758941717632	7516
LADGATE	2207	10000	0.577	1
XCHTIME	0	0	0	0	0	0	0	0	0	0	0	0
XCHTIME	2207	5	26	15061891	4805	43619	141111	3104	14869252	124758941299280	124758941717632	7516
XCHTIME	0	0	0	0	0	0	0	0	0	0	0	0
XCHTIME	2207	3	57	4696681	3864	35606	91687	5576	4559948	124758941299280	124758941717632	7516
XCHTIME	0	0	0	0	0	0	0	0	0	0	0	0
XCHTIME	2207	4	15	2424940	4869	25167	68410	1583	2324911	124758941299280	124758941717632	7516
XCHTIME	0	0	0	0	0	0	0	0	0	0	0	0
XCHTIME	2207	4	10	2124839	2774	17960	64326	1098	2038681	124758941299280	124758941717632	7516
XCHTIME	0	0	0	0	0	0	0	0	0	0	0	0
XCHTIME	2207	4	18	12196934	2592	19791	113224	2249	12059078	124758941299280	124758941717632	7516
XCHTIME	0	0	0	0	0	0	0	0	0	0	0	0
XCHTIME	2207	4	11	2030225	4355	33227	74878	1026	1916739	124758941299280	124758941717632	7516
XCHTIME	0	0	0	0	0	0	0	0	0	0	0	0
XCHTIME	2207	4	14	2767179	2854	19438	63584	1499	2679804	124758941299280	124758941717632	7516
XCHTIME	0	0	0	0	0	0	0	0	0	0	0	0
XCHTIME	2207	4	13	6480091	2764	21452	88821	1367	6365687	124758941299280	124758941717632	7516
XCHTIME	0	0	0	0	0	0	0	0	0	0	0	0
XCHTIME	2207	2	5	13505018	3786	21096	63922	717	13415497	124758941299280	124758941717632	7516
XCHTIME	0	0	0	0	0	0	0	0	0	0	0	0
XCHTIME	2207	4	6	1924512	4544	44663	75307	576	1799422	124758941299280	124758941717632	7516
LIFT	p_ball_30b_7p_2d_h	2207	1415	5932	1415
COUNTS	p_ball_30b_7p_2d_h	2207	7516	42456	42319
XCHTIME	0	0	0	0	0	0	0	0	0	0	0	0
XCHTIME	19995	0	0	0	0	0	0	0	0	124758945301664	124758936527104	97990
XCHTIME	0	0	0	0	0	0	0	0	0	0	0	0
XCHTIME	19995	0	0	29237571	15404787	13832784	0	0	0	124758945301664	124758936527104	97990
XCHTIME	0	0	0	0	0	0	0	0	0	0	0	0
XCHTIME	19995	0	0	13698534	43666	13654868	0	0	0	124758945301664	124758936527104	97990
XCHTIME	0	0	0	0	0	0	0	0	0	0	0	0
XCHTIME	19995	1	0	20294670	48875	13532810	2389604	0	4323381	124758945301664	124758936527104	97990
LADGATE	19995	10000	0.703	0
XCHTIME	0	0	0	0	0	0	0	0	0	0	0	0
XCHTIME	19995	5	26	153079214	49349	13623316	12071784	17953	127316812	124758945301664	124758936527104	97990
XCHTIME	0	0	0	0	0	0	0	0	0	0	0	0
XCHTIME	19995	0	0	13696919	47888	13649031	0	0	0	124758945301664	124758936527104	97990
XCHTIME	0	0	0	0	0	0	0	0	0	0	0	0
XCHTIME	19995	0	0	13690388	43883	13646505	0	0	0	124758945301664	124758936527104	97990
XCHTIME	0	0	0	0	0	0	0	0	0	0	0	0
XCHTIME	19995	1	0	19230272	44412	13513466	2401136	0	3271258	124758945301664	124758936527104	97990
XCHTIME	0	0	0	0	0	0	0	0	0	0	0	0
XCHTIME	19995	1	0	20344068	47372	13623686	2384958	0	4288052	124758945301664	124758936527104	97990
XCHTIME	0	0	0	0	0	0	0	0	0	0	0	0
XCHTIME	19995	1	0	19267676	45710	13522043	2484068	0	3215855	124758945301664	124758936527104	97990
XCHTIME	0	0	0	0	0	0	0	0	0	0	0	0
XCHTIME	19995	1	0	19688304	47425	13554634	2377633	0	3708612	124758945301664	124758936527104	97990
XCHTIME	0	0	0	0	0	0	0	0	0	0	0	0
XCHTIME	19995	1	0	20726320	47217	13538896	2389941	0	4750266	124758945301664	124758936527104	97990
XCHTIME	0	0	0	0	0	0	0	0	0	0	0	0
XCHTIME	19995	1	0	20995266	46849	13554361	2387806	0	5006250	124758945301664	124758936527104	97990
XCHTIME	0	0	0	0	0	0	0	0	0	0	0	0
XCHTIME	19995	1	0	19137679	49819	13541291	2376302	0	3170267	124758945301664	124758936527104	97990
LIFT	pinene200	19995	15795	89590	15795
COUNTS	pinene200	19995	97990	1358716	1132981
LIFT	unitcommit_200_100_1_mod_8	146830	73272	329560	73272
COUNTS	unitcommit_200_100_1_mod_8	146830	476332	3053940	2981835
XCHTIME	0	0	0	0	0	0	0	0	0	0	0	0
XCHTIME	123	2	4	150631	5292	859	771	234	143475	124758944110144	124758934949216	834
XCHTIME	0	0	0	0	0	0	0	0	0	0	0	0
XCHTIME	123	2	6	1137561	296	630	392	250	1135993	124758944110144	124758934949216	834
XCHTIME	0	0	0	0	0	0	0	0	0	0	0	0
XCHTIME	123	2	5	413293	591	892	307	216	411287	124758944110144	124758934949216	834
XCHTIME	0	0	0	0	0	0	0	0	0	0	0	0
XCHTIME	123	4	18	2635871	321	619	898	808	2633225	124758944110144	124758934949216	834
LADGATE	123	10000	0.268	1
XCHTIME	0	0	0	0	0	0	0	0	0	0	0	0
XCHTIME	123	5	26	3311162	747	1241	804	1182	3307188	124758944110144	124758934949216	834
XCHTIME	0	0	0	0	0	0	0	0	0	0	0	0
XCHTIME	123	4	66	1603010	1098	1592	1111	3095	1596114	124758944110144	124758934949216	834
XCHTIME	0	0	0	0	0	0	0	0	0	0	0	0
XCHTIME	123	4	15	441235	608	1274	778	688	437887	124758944110144	124758934949216	834
XCHTIME	0	0	0	0	0	0	0	0	0	0	0	0
XCHTIME	123	4	10	270793	252	903	522	467	268649	124758944110144	124758934949216	834
XCHTIME	0	0	0	0	0	0	0	0	0	0	0	0
XCHTIME	123	4	18	2611148	328	674	1082	850	2608214	124758944110144	124758934949216	834
XCHTIME	0	0	0	0	0	0	0	0	0	0	0	0
XCHTIME	123	4	11	175901	496	1086	612	459	173248	124758944110144	124758934949216	834
XCHTIME	0	0	0	0	0	0	0	0	0	0	0	0
XCHTIME	123	4	14	867178	253	932	1191	746	864056	124758944110144	124758934949216	834
XCHTIME	0	0	0	0	0	0	0	0	0	0	0	0
XCHTIME	123	4	13	1368564	724	1408	1085	542	1364805	124758944110144	124758934949216	834
XCHTIME	0	0	0	0	0	0	0	0	0	0	0	0
XCHTIME	123	4	16	7951469	515	737	1213	823	7948181	124758944110144	124758934949216	834
XCHTIME	0	0	0	0	0	0	0	0	0	0	0	0
XCHTIME	123	4	6	100355	574	1455	514	263	97549	124758944110144	124758934949216	834
LIFT	ex8_3_9	123	101	766	101
COUNTS	ex8_3_9	123	834	15050	11503
XCHTIME	0	0	0	0	0	0	0	0	0	0	0	0
XCHTIME	2486	2	4	4699796	1992570	55231	47998	468	2603529	124758940658496	124758937313552	6932
XCHTIME	0	0	0	0	0	0	0	0	0	0	0	0
XCHTIME	2486	1	0	4655405	3394	35044	19941	0	4597026	124758940658496	124758937313552	6932
XCHTIME	0	0	0	0	0	0	0	0	0	0	0	0
XCHTIME	2486	1	0	3565586	3379	32036	26812	0	3503359	124758940658496	124758937313552	6932
XCHTIME	0	0	0	0	0	0	0	0	0	0	0	0
XCHTIME	2486	1	0	10877190	3034	33380	20618	0	10820158	124758940658496	124758937313552	6932
LADGATE	2486	10000	0.599	1
XCHTIME	0	0	0	0	0	0	0	0	0	0	0	0
XCHTIME	2486	5	26	44923325	4151	42537	162443	3175	44711019	124758940658496	124758937313552	6932
XCHTIME	0	0	0	0	0	0	0	0	0	0	0	0
XCHTIME	2486	1	0	5697976	3683	38114	23872	0	5632307	124758940658496	124758937313552	6932
XCHTIME	0	0	0	0	0	0	0	0	0	0	0	0
XCHTIME	2486	4	15	6919564	4611	57739	131882	1891	6723441	124758940658496	124758937313552	6932
XCHTIME	0	0	0	0	0	0	0	0	0	0	0	0
XCHTIME	2486	4	10	5599582	3924	27272	97241	1242	5469903	124758940658496	124758937313552	6932
XCHTIME	0	0	0	0	0	0	0	0	0	0	0	0
XCHTIME	2486	1	0	10863208	3291	29415	20545	0	10809957	124758940658496	124758937313552	6932
XCHTIME	0	0	0	0	0	0	0	0	0	0	0	0
XCHTIME	2486	4	11	4090478	3409	36801	97027	1063	3952178	124758940658496	124758937313552	6932
XCHTIME	0	0	0	0	0	0	0	0	0	0	0	0
XCHTIME	2486	4	14	12814900	3149	26649	126156	1747	12657199	124758940658496	124758937313552	6932
XCHTIME	0	0	0	0	0	0	0	0	0	0	0	0
XCHTIME	2486	2	4	11687539	3988	36038	52172	544	11594797	124758940658496	124758937313552	6932
XCHTIME	0	0	0	0	0	0	0	0	0	0	0	0
XCHTIME	2486	1	0	11798479	3183	30819	22166	0	11742311	124758940658496	124758937313552	6932
XCHTIME	0	0	0	0	0	0	0	0	0	0	0	0
XCHTIME	2486	4	6	2985275	5451	60624	98998	758	2819444	124758940658496	124758937313552	6932
LIFT	rsyn0820m02m	2486	1364	4808	1364
COUNTS	rsyn0820m02m	2486	6932	38190	35625
XCHTIME	0	0	0	0	0	0	0	0	0	0	0	0
XCHTIME	293	2	4	242686	8599	1910	897	127	231153	124758935427280	124758941683392	964
XCHTIME	0	0	0	0	0	0	0	0	0	0	0	0
XCHTIME	293	2	6	1421921	442	1292	1113	162	1418912	124758935427280	124758941683392	964
XCHTIME	0	0	0	0	0	0	0	0	0	0	0	0
XCHTIME	293	2	5	515207	441	2072	740	147	511807	124758935427280	124758941683392	964
XCHTIME	0	0	0	0	0	0	0	0	0	0	0	0
XCHTIME	293	4	18	3902972	373	1503	2842	603	3897651	124758935427280	124758941683392	964
LADGATE	293	10000	0.246	1
XCHTIME	0	0	0	0	0	0	0	0	0	0	0	0
XCHTIME	293	5	26	4597023	700	1873	2477	703	4591270	124758935427280	124758941683392	964
XCHTIME	0	0	0	0	0	0	0	0	0	0	0	0
XCHTIME	293	4	66	746711	613	1418	1364	2069	741247	124758935427280	124758941683392	964
XCHTIME	0	0	0	0	0	0	0	0	0	0	0	0
XCHTIME	293	4	15	681284	413	1299	1934	362	677276	124758935427280	124758941683392	964
XCHTIME	0	0	0	0	0	0	0	0	0	0	0	0
XCHTIME	293	4	10	417740	248	1457	1665	230	414140	124758935427280	124758941683392	964
XCHTIME	0	0	0	0	0	0	0	0	0	0	0	0
XCHTIME	293	4	18	3838018	257	1224	1545	462	3834530	124758935427280	124758941683392	964
XCHTIME	0	0	0	0	0	0	0	0	0	0	0	0
XCHTIME	293	4	11	288174	266	1463	1501	298	284646	124758935427280	124758941683392	964
XCHTIME	0	0	0	0	0	0	0	0	0	0	0	0
XCHTIME	293	4	14	1002160	292	1245	1703	356	998564	124758935427280	124758941683392	964
XCHTIME	0	0	0	0	0	0	0	0	0	0	0	0
XCHTIME	293	4	13	1787610	246	1276	1626	316	1784146	124758935427280	124758941683392	964
XCHTIME	0	0	0	0	0	0	0	0	0	0	0	0
XCHTIME	293	4	16	11029400	343	1303	3134	509	11024111	124758935427280	124758941683392	964
XCHTIME	0	0	0	0	0	0	0	0	0	0	0	0
XCHTIME	293	4	6	221682	1374	2615	1528	173	215992	124758935427280	124758941683392	964
LIFT	p_ball_10b_5p_2d_m	293	119	716	119
COUNTS	p_ball_10b_5p_2d_m	293	964	6648	6547
XCHTIME	0	0	0	0	0	0	0	0	0	0	0	0
XCHTIME	170	2	4	179933	6948	913	455	137	171480	124758944126096	124758941693392	936
XCHTIME	0	0	0	0	0	0	0	0	0	0	0	0
XCHTIME	170	2	6	1832998	447	740	758	133	1830920	124758944126096	124758941693392	936
XCHTIME	0	0	0	0	0	0	0	0	0	0	0	0
XCHTIME	170	2	5	577707	246	908	474	149	575930	124758944126096	124758941693392	936
XCHTIME	0	0	0	0	0	0	0	0	0	0	0	0
XCHTIME	170	4	18	3826416	245	884	1047	442	3823798	124758944126096	124758941693392	936
LADGATE	170	10000	0.200	1
XCHTIME	0	0	0	0	0	0	0	0	0	0	0	0
XCHTIME	170	5	26	4730915	612	1723	1334	650	4726596	124758944126096	124758941693392	936
XCHTIME	0	0	0	0	0	0	0	0	0	0	0	0
XCHTIME	170	4	66	104859	307	945	813	1482	101312	124758944126096	124758941693392	936
XCHTIME	0	0	0	0	0	0	0	0	0	0	0	0
XCHTIME	170	4	15	642028	225	758	910	335	639800	124758944126096	124758941693392	936
XCHTIME	0	0	0	0	0	0	0	0	0	0	0	0
XCHTIME	170	4	10	303565	234	721	795	246	301569	124758944126096	124758941693392	936
XCHTIME	0	0	0	0	0	0	0	0	0	0	0	0
XCHTIME	170	4	18	3786416	232	623	922	425	3784214	124758944126096	124758941693392	936
XCHTIME	0	0	0	0	0	0	0	0	0	0	0	0
XCHTIME	170	4	11	180056	216	802	759	252	178027	124758944126096	124758941693392	936
XCHTIME	0	0	0	0	0	0	0	0	0	0	0	0
XCHTIME	170	4	14	1115339	204	646	894	300	1113295	124758944126096	124758941693392	936
XCHTIME	0	0	0	0	0	0	0	0	0	0	0	0
XCHTIME	170	4	13	2022853	367	877	907	282	2020420	124758944126096	124758941693392	936
XCHTIME	0	0	0	0	0	0	0	0	0	0	0	0
XCHTIME	170	4	16	13693436	215	777	1570	432	13690442	124758944126096	124758941693392	936
XCHTIME	0	0	0	0	0	0	0	0	0	0	0	0
XCHTIME	170	4	6	119586	918	1849	766	137	115916	124758944126096	124758941693392	936
LIFT	pooling_adhya4tp	170	93	806	93
COUNTS	pooling_adhya4tp	170	936	26842	20581
XCHTIME	0	0	0	0	0	0	0	0	0	0	0	0
XCHTIME	7295	1	0	2785037	1049603	478606	507346	0	749482	124758944948160	124758945006544	21600
XCHTIME	0	0	0	0	0	0	0	0	0	0	0	0
XCHTIME	7295	1	0	1918437	10621	485785	492978	0	929053	124758944948160	124758945006544	21600
XCHTIME	0	0	0	0	0	0	0	0	0	0	0	0
XCHTIME	7295	1	0	2044538	11411	480356	496934	0	1055837	124758944948160	124758945006544	21600
XCHTIME	0	0	0	0	0	0	0	0	0	0	0	0
XCHTIME	7295	4	18	11032461	10973	481530	1904152	6744	8629062	124758944948160	124758945006544	21600
LADGATE	7295	10000	0.283	1
XCHTIME	0	0	0	0	0	0	0	0	0	0	0	0
XCHTIME	7295	5	26	17509135	11695	536891	2410683	10425	14539441	124758944948160	124758945006544	21600
XCHTIME	0	0	0	0	0	0	0	0	0	0	0	0
XCHTIME	7295	2	19	5322122	12206	497130	956348	6226	3850212	124758944948160	124758945006544	21600
XCHTIME	0	0	0	0	0	0	0	0	0	0	0	0
XCHTIME	7295	2	4	5562001	11638	477514	958808	1754	4112287	124758944948160	124758945006544	21600
XCHTIME	0	0	0	0	0	0	0	0	0	0	0	0
XCHTIME	7295	4	10	10894108	12293	469601	1909629	4585	8498000	124758944948160	124758945006544	21600
XCHTIME	0	0	0	0	0	0	0	0	0	0	0	0
XCHTIME	7295	4	18	11114520	11389	473363	1908061	7388	8714319	124758944948160	124758945006544	21600
XCHTIME	0	0	0	0	0	0	0	0	0	0	0	0
XCHTIME	7295	4	11	11232827	10714	484644	1934284	4856	8798329	124758944948160	124758945006544	21600
XCHTIME	0	0	0	0	0	0	0	0	0	0	0	0
XCHTIME	7295	4	14	10772471	10981	487828	1915016	5787	8352859	124758944948160	124758945006544	21600
XCHTIME	0	0	0	0	0	0	0	0	0	0	0	0
XCHTIME	7295	4	13	11012397	12134	507601	1900732	6004	8585926	124758944948160	124758945006544	21600
XCHTIME	0	0	0	0	0	0	0	0	0	0	0	0
XCHTIME	7295	2	5	9115133	11556	481772	1003045	2468	7616292	124758944948160	124758945006544	21600
XCHTIME	0	0	0	0	0	0	0	0	0	0	0	0
XCHTIME	7295	4	6	10889995	12514	498990	1881821	3388	8493282	124758944948160	124758945006544	21600
LIFT	squfl015-080persp	7295	2495	12000	2495
COUNTS	squfl015-080persp	7295	21600	74520	74520
XCHTIME	0	0	0	0	0	0	0	0	0	0	0	0
XCHTIME	1053	2	4	639721	21860	3985	7926	355	605595	124758941572304	124758937444656	5940
XCHTIME	0	0	0	0	0	0	0	0	0	0	0	0
XCHTIME	1053	2	6	5952324	1365	4532	9925	520	5935982	124758941572304	124758937444656	5940
XCHTIME	0	0	0	0	0	0	0	0	0	0	0	0
XCHTIME	1053	2	5	1825146	2512	9898	10977	595	1801164	124758941572304	124758937444656	5940
XCHTIME	0	0	0	0	0	0	0	0	0	0	0	0
XCHTIME	1053	4	18	11380822	2476	7041	23341	1504	11346460	124758941572304	124758937444656	5940
LADGATE	1053	10000	0.318	1
XCHTIME	0	0	0	0	0	0	0	0	0	0	0	0
XCHTIME	1053	5	26	14213149	3202	6659	24384	1863	14177041	124758941572304	124758937444656	5940
XCHTIME	0	0	0	0	0	0	0	0	0	0	0	0
XCHTIME	1053	4	66	715092	2913	5508	12363	3228	691080	124758941572304	124758937444656	5940
XCHTIME	0	0	0	0	0	0	0	0	0	0	0	0
XCHTIME	1053	4	15	2015615	1219	3589	12833	806	1997168	124758941572304	124758937444656	5940
XCHTIME	0	0	0	0	0	0	0	0	0	0	0	0
XCHTIME	1053	4	10	1153953	1573	3575	12378	671	1135756	124758941572304	124758937444656	5940
XCHTIME	0	0	0	0	0	0	0	0	0	0	0	0
XCHTIME	1053	4	18	11379922	911	3505	19946	1345	11354215	124758941572304	124758937444656	5940
XCHTIME	0	0	0	0	0	0	0	0	0	0	0	0
XCHTIME	1053	4	11	814551	2448	5343	12483	696	793581	124758941572304	124758937444656	5940
XCHTIME	0	0	0	0	0	0	0	0	0	0	0	0
XCHTIME	1053	4	14	3615110	1129	3078	12533	839	3597531	124758941572304	124758937444656	5940
XCHTIME	0	0	0	0	0	0	0	0	0	0	0	0
XCHTIME	1053	4	13	6355236	1272	3417	13064	883	6336600	124758941572304	124758937444656	5940
XCHTIME	0	0	0	0	0	0	0	0	0	0	0	0
XCHTIME	1053	2	5	16834185	1976	4005	15030	793	16812381	124758941572304	124758937444656	5940
XCHTIME	0	0	0	0	0	0	0	0	0	0	0	0
XCHTIME	1053	4	6	721479	3111	10076	13423	451	694418	124758941572304	124758937444656	5940
LIFT	edgecross10-080	1053	571	4976	571
COUNTS	edgecross10-080	1053	5940	170814	164639
XCHTIME	0	0	0	0	0	0	0	0	0	0	0	0
XCHTIME	590	2	4	451089	25523	3245	3176	169	418976	124758941278080	124758941549264	1696
XCHTIME	0	0	0	0	0	0	0	0	0	0	0	0
XCHTIME	590	2	6	2743350	541	2955	3560	205	2736089	124758941278080	124758941549264	1696
XCHTIME	0	0	0	0	0	0	0	0	0	0	0	0
XCHTIME	590	2	5	953803	890	2887	3031	201	946794	124758941278080	124758941549264	1696
XCHTIME	0	0	0	0	0	0	0	0	0	0	0	0
XCHTIME	590	4	18	5303346	551	2288	5629	724	5294154	124758941278080	124758941549264	1696
LADGATE	590	10000	0.291	1
XCHTIME	0	0	0	0	0	0	0	0	0	0	0	0
XCHTIME	590	5	26	6100474	1033	2865	6509	1053	6089014	124758941278080	124758941549264	1696
XCHTIME	0	0	0	0	0	0	0	0	0	0	0	0
XCHTIME	590	4	66	2895672	675	2085	8255	2280	2882377	124758941278080	124758941549264	1696
XCHTIME	0	0	0	0	0	0	0	0	0	0	0	0
XCHTIME	590	4	15	1255995	1150	3333	5730	487	1245295	124758941278080	124758941549264	1696
XCHTIME	0	0	0	0	0	0	0	0	0	0	0	0
XCHTIME	590	4	10	827505	557	2839	5411	367	818331	124758941278080	124758941549264	1696
XCHTIME	0	0	0	0	0	0	0	0	0	0	0	0
XCHTIME	590	4	18	5406646	391	2031	10178	767	5393279	124758941278080	124758941549264	1696
XCHTIME	0	0	0	0	0	0	0	0	0	0	0	0
XCHTIME	590	4	11	571004	1089	4375	4981	402	560157	124758941278080	124758941549264	1696
XCHTIME	0	0	0	0	0	0	0	0	0	0	0	0
XCHTIME	590	4	14	1935633	347	5330	8694	585	1920677	124758941278080	124758941549264	1696
XCHTIME	0	0	0	0	0	0	0	0	0	0	0	0
XCHTIME	590	4	13	2963602	1240	3091	5789	527	2952955	124758941278080	124758941549264	1696
XCHTIME	0	0	0	0	0	0	0	0	0	0	0	0
XCHTIME	590	4	16	13118692	593	2838	11566	647	13103048	124758941278080	124758941549264	1696
XCHTIME	0	0	0	0	0	0	0	0	0	0	0	0
XCHTIME	590	4	6	380821	1354	5314	5123	258	368772	124758941278080	124758941549264	1696
LIFT	clay0204hfsg	590	278	1184	278
COUNTS	clay0204hfsg	590	1696	7198	6562
XCHTIME	0	0	0	0	0	0	0	0	0	0	0	0
XCHTIME	13	2	4	29235	2112	954	103	92	25974	124758941295792	124758941266224	40
XCHTIME	0	0	0	0	0	0	0	0	0	0	0	0
XCHTIME	13	2	6	311357	207	353	87	182	310528	124758941295792	124758941266224	40
XCHTIME	0	0	0	0	0	0	0	0	0	0	0	0
XCHTIME	13	2	5	92976	161	322	88	134	92271	124758941295792	124758941266224	40
XCHTIME	0	0	0	0	0	0	0	0	0	0	0	0
XCHTIME	13	4	18	384886	146	265	154	516	383805	124758941295792	124758941266224	40
LADGATE	13	10000	0.116	1
XCHTIME	0	0	0	0	0	0	0	0	0	0	0	0
XCHTIME	13	5	26	410841	413	470	283	791	408884	124758941295792	124758941266224	40
XCHTIME	0	0	0	0	0	0	0	0	0	0	0	0
XCHTIME	13	4	35	684053	141	334	143	982	682453	124758941295792	124758941266224	40
XCHTIME	0	0	0	0	0	0	0	0	0	0	0	0
XCHTIME	13	4	15	119342	183	364	141	397	118257	124758941295792	124758941266224	40
XCHTIME	0	0	0	0	0	0	0	0	0	0	0	0
XCHTIME	13	4	10	52736	100	446	117	234	51839	124758941295792	124758941266224	40
XCHTIME	0	0	0	0	0	0	0	0	0	0	0	0
XCHTIME	13	4	18	414281	89	295	183	696	413018	124758941295792	124758941266224	40
XCHTIME	0	0	0	0	0	0	0	0	0	0	0	0
XCHTIME	13	4	11	35409	152	297	114	260	34586	124758941295792	124758941266224	40
XCHTIME	0	0	0	0	0	0	0	0	0	0	0	0
XCHTIME	13	4	14	184026	73	202	155	375	183221	124758941295792	124758941266224	40
XCHTIME	0	0	0	0	0	0	0	0	0	0	0	0
XCHTIME	13	4	13	333433	81	288	150	322	332592	124758941295792	124758941266224	40
XCHTIME	0	0	0	0	0	0	0	0	0	0	0	0
XCHTIME	13	4	16	984954	77	278	134	513	983952	124758941295792	124758941266224	40
XCHTIME	0	0	0	0	0	0	0	0	0	0	0	0
XCHTIME	13	4	6	20636	268	282	131	131	19824	124758941295792	124758941266224	40
COUNTS	st_bsj2	13	40	143	114
XCHTIME	0	0	0	0	0	0	0	0	0	0	0	0
XCHTIME	440	2	4	978028	13722	2667	1895	436	959308	124758941594688	124758945268704	3038
XCHTIME	0	0	0	0	0	0	0	0	0	0	0	0
XCHTIME	440	2	6	9062300	848	1455	1826	608	9057563	124758941594688	124758945268704	3038
XCHTIME	0	0	0	0	0	0	0	0	0	0	0	0
XCHTIME	440	2	5	2984177	1168	1975	2139	756	2978139	124758941594688	124758945268704	3038
XCHTIME	0	0	0	0	0	0	0	0	0	0	0	0
XCHTIME	440	4	18	17689181	690	1322	3421	1875	17681873	124758941594688	124758945268704	3038
LADGATE	440	10000	0.420	1
XCHTIME	0	0	0	0	0	0	0	0	0	0	0	0
XCHTIME	440	4	10	1780220	1253	2845	3424	977	1771721	124758941594688	124758945268704	3038
XCHTIME	0	0	0	0	0	0	0	0	0	0	0	0
XCHTIME	440	4	66	6331621	623	1335	4933	6323	6318407	124758941594688	124758945268704	3038
XCHTIME	0	0	0	0	0	0	0	0	0	0	0	0
XCHTIME	440	4	15	3181590	1713	3118	3942	1397	3171420	124758941594688	124758945268704	3038
XCHTIME	0	0	0	0	0	0	0	0	0	0	0	0
XCHTIME	440	4	10	1744464	1305	1861	3444	955	1736899	124758941594688	124758945268704	3038
XCHTIME	0	0	0	0	0	0	0	0	0	0	0	0
XCHTIME	440	4	18	18023205	901	1529	4940	1925	18013910	124758941594688	124758945268704	3038
XCHTIME	0	0	0	0	0	0	0	0	0	0	0	0
XCHTIME	440	4	11	989376	1864	2852	3348	1038	980274	124758941594688	124758945268704	3038
XCHTIME	0	0	0	0	0	0	0	0	0	0	0	0
XCHTIME	440	4	14	5703824	752	1697	3602	1353	5696420	124758941594688	124758945268704	3038
XCHTIME	0	0	0	0	0	0	0	0	0	0	0	0
XCHTIME	440	4	13	10010024	1222	1697	3598	1370	10002137	124758941594688	124758945268704	3038
XCHTIME	0	0	0	0	0	0	0	0	0	0	0	0
XCHTIME	440	2	5	20317981	1209	1803	2941	680	20311348	124758941594688	124758945268704	3038
XCHTIME	0	0	0	0	0	0	0	0	0	0	0	0
XCHTIME	440	4	6	604777	1854	3265	3144	545	595969	124758941594688	124758945268704	3038
LIFT	chimera_mgw-c8-439-onc8-002	440	418	3060	418
COUNTS	chimera_mgw-c8-439-onc8-002	440	3038	97870	86320
XCHTIME	0	0	0	0	0	0	0	0	0	0	0	0
XCHTIME	5188	1	0	2460575	501146	226720	222223	0	1510486	124758940810272	124758940851792	17910
XCHTIME	0	0	0	0	0	0	0	0	0	0	0	0
XCHTIME	5188	1	0	2486527	8731	214508	222138	0	2041150	124758940810272	124758940851792	17910
XCHTIME	0	0	0	0	0	0	0	0	0	0	0	0
XCHTIME	5188	1	0	2355347	8426	233925	220623	0	1892373	124758940810272	124758940851792	17910
XCHTIME	0	0	0	0	0	0	0	0	0	0	0	0
XCHTIME	5188	2	5	10451345	8338	221693	461438	1205	9758671	124758940810272	124758940851792	17910
LADGATE	5188	10000	0.653	1
XCHTIME	0	0	0	0	0	0	0	0	0	0	0	0
XCHTIME	5188	5	26	20447201	9539	261322	1118456	6403	19051481	124758940810272	124758940851792	17910
XCHTIME	0	0	0	0	0	0	0	0	0	0	0	0
XCHTIME	5188	1	0	4585176	9432	240204	227670	0	4107870	124758940810272	124758940851792	17910
XCHTIME	0	0	0	0	0	0	0	0	0	0	0	0
XCHTIME	5188	3	12	5673277	8770	238223	660077	2955	4763252	124758940810272	124758940851792	17910
XCHTIME	0	0	0	0	0	0	0	0	0	0	0	0
XCHTIME	5188	4	10	8543995	8794	220237	881899	3800	7429265	124758940810272	124758940851792	17910
XCHTIME	0	0	0	0	0	0	0	0	0	0	0	0
XCHTIME	5188	2	5	10365901	8983	230513	438857	1280	9686268	124758940810272	124758940851792	17910
XCHTIME	0	0	0	0	0	0	0	0	0	0	0	0
XCHTIME	5188	4	11	7985231	9176	222428	856791	3755	6893081	124758940810272	124758940851792	17910
XCHTIME	0	0	0	0	0	0	0	0	0	0	0	0
XCHTIME	5188	4	14	9869922	9368	227032	891573	3678	8738271	124758940810272	124758940851792	17910
XCHTIME	0	0	0	0	0	0	0	0	0	0	0	0
XCHTIME	5188	4	13	10975201	8378	226952	892659	3183	9844029	124758940810272	124758940851792	17910
XCHTIME	0	0	0	0	0	0	0	0	0	0	0	0
XCHTIME	5188	1	0	9380298	8739	218724	231488	0	8921347	124758940810272	124758940851792	17910
XCHTIME	0	0	0	0	0	0	0	0	0	0	0	0
XCHTIME	5188	4	6	7885702	8575	238718	870875	1698	6765836	124758940810272	124758940851792	17910
LIFT	batchs201210m	5188	2645	13208	2645
COUNTS	batchs201210m	5188	17910	349298	303381
XCHTIME	0	0	0	0	0	0	0	0	0	0	0	0
XCHTIME	5456	1	0	2749399	553657	243624	241232	0	1710886	124758941064800	124758941108464	15756
XCHTIME	0	0	0	0	0	0	0	0	0	0	0	0
XCHTIME	5456	1	0	3349230	11020	250415	242327	0	2845468	124758941064800	124758941108464	15756
XCHTIME	0	0	0	0	0	0	0	0	0	0	0	0
XCHTIME	5456	1	0	2904944	7431	258517	239671	0	2399325	124758941064800	124758941108464	15756
XCHTIME	0	0	0	0	0	0	0	0	0	0	0	0
XCHTIME	5456	1	0	10751041	7337	251301	239809	0	10252594	124758941064800	124758941108464	15756
LADGATE	5456	10000	0.648	1
XCHTIME	0	0	0	0	0	0	0	0	0	0	0	0
XCHTIME	5456	5	26	88807591	7883	283974	1250467	7212	87258055	124758941064800	124758941108464	15756
XCHTIME	0	0	0	0	0	0	0	0	0	0	0	0
XCHTIME	5456	1	0	5629047	9409	279533	256446	0	5083659	124758941064800	124758941108464	15756
XCHTIME	0	0	0	0	0	0	0	0	0	0	0	0
XCHTIME	5456	2	4	6150305	9205	279942	491389	1254	5368515	124758941064800	124758941108464	15756
XCHTIME	0	0	0	0	0	0	0	0	0	0	0	0
XCHTIME	5456	4	10	12262021	7348	245440	957280	3561	11048392	124758941064800	124758941108464	15756
XCHTIME	0	0	0	0	0	0	0	0	0	0	0	0
XCHTIME	5456	1	0	10803899	7839	262856	244040	0	10289164	124758941064800	124758941108464	15756
XCHTIME	0	0	0	0	0	0	0	0	0	0	0	0
XCHTIME	5456	4	11	11245780	7778	281732	969090	4852	9982328	124758941064800	124758941108464	15756
XCHTIME	0	0	0	0	0	0	0	0	0	0	0	0
XCHTIME	5456	2	4	11968625	7665	244369	483132	1717	11231742	124758941064800	124758941108464	15756
XCHTIME	0	0	0	0	0	0	0	0	0	0	0	0
XCHTIME	5456	1	0	11553389	7826	255544	253365	0	11036654	124758941064800	124758941108464	15756
XCHTIME	0	0	0	0	0	0	0	0	0	0	0	0
XCHTIME	5456	1	0	10264861	7723	260903	242890	0	9753345	124758941064800	124758941108464	15756
XCHTIME	0	0	0	0	0	0	0	0	0	0	0	0
XCHTIME	5456	4	6	9499482	8447	263520	959979	1840	8265696	124758941064800	124758941108464	15756
LIFT	rsyn0815m04m	5456	2966	10968	2966
COUNTS	rsyn0815m04m	5456	15756	184352	143402
XCHTIME	0	0	0	0	0	0	0	0	0	0	0	0
XCHTIME	560	2	4	726813	16305	3404	2531	180	704393	124758941580752	124758940678400	1528
XCHTIME	0	0	0	0	0	0	0	0	0	0	0	0
XCHTIME	560	2	6	5757930	507	2043	2885	341	5752154	124758941580752	124758940678400	1528
XCHTIME	0	0	0	0	0	0	0	0	0	0	0	0
XCHTIME	560	2	5	1922087	819	2559	2325	254	1916130	124758941580752	124758940678400	1528
XCHTIME	0	0	0	0	0	0	0	0	0	0	0	0
XCHTIME	560	4	18	11601684	663	2581	5950	926	11591564	124758941580752	124758940678400	1528
LADGATE	560	10000	0.285	1
XCHTIME	0	0	0	0	0	0	0	0	0	0	0	0
XCHTIME	560	5	26	14278213	905	3125	6828	1179	14266176	124758941580752	124758940678400	1528
XCHTIME	0	0	0	0	0	0	0	0	0	0	0	0
XCHTIME	560	4	66	4682998	745	2504	8325	2738	4668686	124758941580752	124758940678400	1528
XCHTIME	0	0	0	0	0	0	0	0	0	0	0	0
XCHTIME	560	4	15	2358674	1507	3589	7592	558	2345428	124758941580752	124758940678400	1528
XCHTIME	0	0	0	0	0	0	0	0	0	0	0	0
XCHTIME	560	4	10	1362420	1052	2474	5035	533	1353326	124758941580752	124758940678400	1528
XCHTIME	0	0	0	0	0	0	0	0	0	0	0	0
XCHTIME	560	4	18	11540025	439	1947	7120	840	11529679	124758941580752	124758940678400	1528
XCHTIME	0	0	0	0	0	0	0	0	0	0	0	0
XCHTIME	560	4	11	761782	1136	2822	4976	475	752373	124758941580752	124758940678400	1528
XCHTIME	0	0	0	0	0	0	0	0	0	0	0	0
XCHTIME	560	4	14	3730357	453	1989	5420	779	3721716	124758941580752	124758940678400	1528
XCHTIME	0	0	0	0	0	0	0	0	0	0	0	0
XCHTIME	560	4	13	6144905	587	2310	6545	672	6134791	124758941580752	124758940678400	1528
XCHTIME	0	0	0	0	0	0	0	0	0	0	0	0
XCHTIME	560	2	5	16209666	605	2529	4473	346	16201713	124758941580752	124758940678400	1528
XCHTIME	0	0	0	0	0	0	0	0	0	0	0	0
XCHTIME	560	4	6	494990	1516	4361	4720	293	484100	124758941580752	124758940678400	1528
LIFT	syn40m	560	291	1080	291
COUNTS	syn40m	560	1528	5007	4829
XCHTIME	0	0	0	0	0	0	0	0	0	0	0	0
XCHTIME	2157	2	4	1848168	95820	33609	27189	594	1690956	124758944182304	124758945461648	32604
XCHTIME	0	0	0	0	0	0	0	0	0	0	0	0
XCHTIME	2157	1	0	7244406	9048	17736	12268	0	7205354	124758944182304	124758945461648	32604
XCHTIME	0	0	0	0	0	0	0	0	0	0	0	0
XCHTIME	2157	2	5	4367993	11467	45308	45487	782	4264949	124758944182304	124758945461648	32604
XCHTIME	0	0	0	0	0	0	0	0	0	0	0	0
XCHTIME	2157	2	5	14513130	9951	29651	56904	845	14415779	124758944182304	124758945461648	32604
LADGATE	2157	10000	0.256	1
XCHTIME	0	0	0	0	0	0	0	0	0	0	0	0
XCHTIME	2157	5	26	42155275	12503	36092	187237	5082	41914361	124758944182304	124758945461648	32604
XCHTIME	0	0	0	0	0	0	0	0	0	0	0	0
XCHTIME	2157	4	66	2668728	14005	41602	64809	6367	2541945	124758944182304	124758945461648	32604
XCHTIME	0	0	0	0	0	0	0	0	0	0	0	0
XCHTIME	2157	4	15	4534026	8780	16131	66550	2075	4440490	124758944182304	124758945461648	32604
XCHTIME	0	0	0	0	0	0	0	0	0	0	0	0
XCHTIME	2157	4	10	3265022	9321	20438	68674	1196	3165393	124758944182304	124758945461648	32604
XCHTIME	0	0	0	0	0	0	0	0	0	0	0	0
XCHTIME	2157	2	5	14579765	9425	21164	45856	817	14502503	124758944182304	124758945461648	32604
XCHTIME	0	0	0	0	0	0	0	0	0	0	0	0
XCHTIME	2157	4	11	2859100	12210	42629	68560	1353	2734348	124758944182304	124758945461648	32604
XCHTIME	0	0	0	0	0	0	0	0	0	0	0	0
XCHTIME	2157	4	14	10245157	9654	18688	82758	2331	10131726	124758944182304	124758945461648	32604
XCHTIME	0	0	0	0	0	0	0	0	0	0	0	0
XCHTIME	2157	3	12	13748565	9655	28918	66359	2196	13641437	124758944182304	124758945461648	32604
XCHTIME	0	0	0	0	0	0	0	0	0	0	0	0
XCHTIME	2157	1	0	14769289	10670	29182	14947	0	14714490	124758944182304	124758945461648	32604
XCHTIME	0	0	0	0	0	0	0	0	0	0	0	0
XCHTIME	2157	4	6	2589170	13259	54387	71638	766	2449120	124758944182304	124758945461648	32604
LIFT	knp5-44	2157	1167	31152	1167
COUNTS	knp5-44	2157	32604	3764003	3764003
XCHTIME	0	0	0	0	0	0	0	0	0	0	0	0
XCHTIME	94	2	4	163931	5042	607	651	133	157498	124758935399264	124758941585248	390
XCHTIME	0	0	0	0	0	0	0	0	0	0	0	0
XCHTIME	94	2	6	1250173	206	706	297	198	1248766	124758935399264	124758941585248	390
XCHTIME	0	0	0	0	0	0	0	0	0	0	0	0
XCHTIME	94	2	5	431373	310	831	260	155	429817	124758935399264	124758941585248	390
XCHTIME	0	0	0	0	0	0	0	0	0	0	0	0
XCHTIME	94	4	18	2502094	165	690	568	595	2500076	124758935399264	124758941585248	390
LADGATE	94	10000	0.186	1
XCHTIME	0	0	0	0	0	0	0	0	0	0	0	0
XCHTIME	94	5	26	3079944	542	1617	701	952	3076132	124758935399264	124758941585248	390
XCHTIME	0	0	0	0	0	0	0	0	0	0	0	0
XCHTIME	94	4	66	1912774	238	932	474	2355	1908775	124758935399264	124758941585248	390
XCHTIME	0	0	0	0	0	0	0	0	0	0	0	0
XCHTIME	94	4	15	539176	291	781	479	470	537155	124758935399264	124758941585248	390
XCHTIME	0	0	0	0	0	0	0	0	0	0	0	0
XCHTIME	94	4	10	292420	165	660	426	330	290839	124758935399264	124758941585248	390
XCHTIME	0	0	0	0	0	0	0	0	0	0	0	0
XCHTIME	94	4	18	2500086	148	550	544	612	2498232	124758935399264	124758941585248	390
XCHTIME	0	0	0	0	0	0	0	0	0	0	0	0
XCHTIME	94	4	11	164763	396	988	405	348	162626	124758935399264	124758941585248	390
XCHTIME	0	0	0	0	0	0	0	0	0	0	0	0
XCHTIME	94	4	14	914072	138	706	583	395	912250	124758935399264	124758941585248	390
XCHTIME	0	0	0	0	0	0	0	0	0	0	0	0
XCHTIME	94	4	13	1311571	207	1009	588	389	1309378	124758935399264	124758941585248	390
XCHTIME	0	0	0	0	0	0	0	0	0	0	0	0
XCHTIME	94	4	16	6899107	133	818	1226	608	6896322	124758935399264	124758941585248	390
XCHTIME	0	0	0	0	0	0	0	0	0	0	0	0
XCHTIME	94	4	6	108222	492	1494	535	193	105508	124758935399264	124758941585248	390
LIFT	ex1263a	94	59	320	59
COUNTS	ex1263a	94	390	2098	2098
COUNTS	st_e41	8	32	88	88
XCHTIME	0	0	0	0	0	0	0	0	0	0	0	0
XCHTIME	2305	2	4	1118801	63507	36657	30601	328	987708	124758946086960	124758937379104	6000
XCHTIME	0	0	0	0	0	0	0	0	0	0	0	0
XCHTIME	2305	2	6	3199758	2150	15618	48465	842	3132683	124758946086960	124758937379104	6000
XCHTIME	0	0	0	0	0	0	0	0	0	0	0	0
XCHTIME	2305	2	5	1197577	2757	33333	39881	474	1121132	124758946086960	124758937379104	6000
XCHTIME	0	0	0	0	0	0	0	0	0	0	0	0
XCHTIME	2305	4	18	6062715	2341	25606	122249	2255	5910264	124758946086960	124758937379104	6000
LADGATE	2305	10000	0.624	1
XCHTIME	0	0	0	0	0	0	0	0	0	0	0	0
XCHTIME	2305	5	26	7681304	3563	40036	154387	3345	7479973	124758946086960	124758937379104	6000
XCHTIME	0	0	0	0	0	0	0	0	0	0	0	0
XCHTIME	2305	4	66	2300712	3136	37780	81959	5740	2172097	124758946086960	124758937379104	6000
XCHTIME	0	0	0	0	0	0	0	0	0	0	0	0
XCHTIME	2305	4	15	2142065	2906	20354	78269	1148	2039388	124758946086960	124758937379104	6000
XCHTIME	0	0	0	0	0	0	0	0	0	0	0	0
XCHTIME	2305	4	10	2095116	2226	19822	79352	1198	1992518	124758946086960	124758937379104	6000
XCHTIME	0	0	0	0	0	0	0	0	0	0	0	0
XCHTIME	2305	4	18	6135828	2800	29137	131227	2343	5970321	124758946086960	124758937379104	6000
XCHTIME	0	0	0	0	0	0	0	0	0	0	0	0
XCHTIME	2305	4	11	2065515	3439	37337	83904	1198	1939637	124758946086960	124758937379104	6000
XCHTIME	0	0	0	0	0	0	0	0	0	0	0	0
XCHTIME	2305	4	14	2366236	2677	21458	76376	1156	2264569	124758946086960	124758937379104	6000
XCHTIME	0	0	0	0	0	0	0	0	0	0	0	0
XCHTIME	2305	4	13	2826073	2728	21916	83742	1068	2716619	124758946086960	124758937379104	6000
XCHTIME	0	0	0	0	0	0	0	0	0	0	0	0
XCHTIME	2305	4	16	15413785	2713	22845	173849	2618	15211760	124758946086960	124758937379104	6000
XCHTIME	0	0	0	0	0	0	0	0	0	0	0	0
XCHTIME	2305	4	6	2054877	4800	52434	81732	546	1915365	124758946086960	124758937379104	6000
LIFT	squfl025-030	2305	805	3000	805
COUNTS	squfl025-030	2305	6000	42305	42305
XCHTIME	0	0	0	0	0	0	0	0	0	0	0	0
XCHTIME	98	2	4	175377	5215	789	305	312	168756	124758934988064	124758941239552	536
XCHTIME	0	0	0	0	0	0	0	0	0	0	0	0
XCHTIME	98	2	6	1836225	270	643	376	592	1834344	124758934988064	124758941239552	536
XCHTIME	0	0	0	0	0	0	0	0	0	0	0	0
XCHTIME	98	2	5	467754	288	1203	292	365	465606	124758934988064	124758941239552	536
XCHTIME	0	0	0	0	0	0	0	0	0	0	0	0
XCHTIME	98	4	18	3245015	230	660	625	1278	3242222	124758934988064	124758941239552	536
LADGATE	98	10000	0.234	1
XCHTIME	0	0	0	0	0	0	0	0	0	0	0	0
XCHTIME	98	5	26	3947186	540	1601	1350	1741	3941954	124758934988064	124758941239552	536
XCHTIME	0	0	0	0	0	0	0	0	0	0	0	0
XCHTIME	98	4	66	5370512	526	1214	796	4047	5363929	124758934988064	124758941239552	536
XCHTIME	0	0	0	0	0	0	0	0	0	0	0	0
XCHTIME	98	4	15	585002	521	1123	634	983	581741	124758934988064	124758941239552	536
XCHTIME	0	0	0	0	0	0	0	0	0	0	0	0
XCHTIME	98	4	10	316276	246	759	544	663	314064	124758934988064	124758941239552	536
XCHTIME	0	0	0	0	0	0	0	0	0	0	0	0
XCHTIME	98	4	18	3247073	200	605	731	1281	3244256	124758934988064	124758941239552	536
XCHTIME	0	0	0	0	0	0	0	0	0	0	0	0
XCHTIME	98	4	11	184817	409	827	569	743	182269	124758934988064	124758941239552	536
XCHTIME	0	0	0	0	0	0	0	0	0	0	0	0
XCHTIME	98	4	14	1000279	321	756	535	897	997770	124758934988064	124758941239552	536
XCHTIME	0	0	0	0	0	0	0	0	0	0	0	0
XCHTIME	98	4	13	1909640	267	694	616	944	1907119	124758934988064	124758941239552	536
XCHTIME	0	0	0	0	0	0	0	0	0	0	0	0
XCHTIME	98	4	16	10557313	377	654	983	1240	10554059	124758934988064	124758941239552	536
XCHTIME	0	0	0	0	0	0	0	0	0	0	0	0
XCHTIME	98	4	6	119702	641	1101	491	401	117068	124758934988064	124758941239552	536
LIFT	wastewater05m1	98	62	740	62
COUNTS	wastewater05m1	98	536	11690	8002
COUNTS	cvxnonsep_psig20	20	380	2870	2870
XCHTIME	0	0	0	0	0	0	0	0	0	0	0	0
XCHTIME	4405	1	0	1767925	658912	186987	163491	0	758535	124758936216544	124758948438768	171604
XCHTIME	0	0	0	0	0	0	0	0	0	0	0	0
XCHTIME	4405	1	0	957287	80332	157675	134938	0	584342	124758936216544	124758948438768	171604
XCHTIME	0	0	0	0	0	0	0	0	0	0	0	0
XCHTIME	4405	1	0	949114	68550	153456	133478	0	593630	124758936216544	124758948438768	171604
XCHTIME	0	0	0	0	0	0	0	0	0	0	0	0
XCHTIME	4405	3	15	4774705	65034	145222	415270	3555	4145624	124758936216544	124758948438768	171604
LADGATE	4405	10000	0.153	1
XCHTIME	0	0	0	0	0	0	0	0	0	0	0	0
XCHTIME	4405	4	10	6622892	70687	185662	502845	2168	5861530	124758936216544	124758948438768	171604
XCHTIME	0	0	0	0	0	0	0	0	0	0	0	0
XCHTIME	4405	2	19	2526367	69604	177359	294151	3094	1982159	124758936216544	124758948438768	171604
XCHTIME	0	0	0	0	0	0	0	0	0	0	0	0
XCHTIME	4405	2	4	2672391	65296	157302	284530	1173	2164090	124758936216544	124758948438768	171604
XCHTIME	0	0	0	0	0	0	0	0	0	0	0	0
XCHTIME	4405	3	9	4680555	63472	153083	423465	2522	4038013	124758936216544	124758948438768	171604
XCHTIME	0	0	0	0	0	0	0	0	0	0	0	0
XCHTIME	4405	3	15	4852535	64792	159070	425083	3729	4199861	124758936216544	124758948438768	171604
XCHTIME	0	0	0	0	0	0	0	0	0	0	0	0
XCHTIME	4405	3	9	4870335	65720	154219	418742	2805	4228849	124758936216544	124758948438768	171604
XCHTIME	0	0	0	0	0	0	0	0	0	0	0	0
XCHTIME	4405	3	12	4837870	65074	157230	451660	3786	4160120	124758936216544	124758948438768	171604
XCHTIME	0	0	0	0	0	0	0	0	0	0	0	0
XCHTIME	4405	3	12	4886770	70626	156840	409582	3757	4245965	124758936216544	124758948438768	171604
XCHTIME	0	0	0	0	0	0	0	0	0	0	0	0
XCHTIME	4405	2	5	6254169	65380	158600	293043	1678	5735468	124758936216544	124758948438768	171604
XCHTIME	0	0	0	0	0	0	0	0	0	0	0	0
XCHTIME	4405	3	3	4756193	66581	159887	411981	960	4116784	124758936216544	124758948438768	171604
LIFT	meanvar-orl400_05_e_8	4405	2403	168400	2403
COUNTS	meanvar-orl400_05_e_8	4405	171604	21923414	21922611
XCHTIME	0	0	0	0	0	0	0	0	0	0	0	0
XCHTIME	301	2	4	507683	9186	939	895	199	496464	124758941257984	124758940639520	744
XCHTIME	0	0	0	0	0	0	0	0	0	0	0	0
XCHTIME	301	2	6	4370542	275	1356	877	237	4367797	124758941257984	124758940639520	744
XCHTIME	0	0	0	0	0	0	0	0	0	0	0	0
XCHTIME	301	2	5	1482067	478	1547	802	184	1479056	124758941257984	124758940639520	744
XCHTIME	0	0	0	0	0	0	0	0	0	0	0	0
XCHTIME	301	4	18	8172814	561	1555	2402	744	8167552	124758941257984	124758940639520	744
LADGATE	301	10000	0.261	1
XCHTIME	0	0	0	0	0	0	0	0	0	0	0	0
XCHTIME	301	5	26	10474003	529	1702	2591	1090	10468091	124758941257984	124758940639520	744
XCHTIME	0	0	0	0	0	0	0	0	0	0	0	0
XCHTIME	301	4	66	5380868	586	1422	1958	2455	5374447	124758941257984	124758940639520	744
XCHTIME	0	0	0	0	0	0	0	0	0	0	0	0
XCHTIME	301	4	15	1700853	586	2150	2086	560	1695471	124758941257984	124758940639520	744
XCHTIME	0	0	0	0	0	0	0	0	0	0	0	0
XCHTIME	301	4	10	925977	334	1352	1960	380	921951	124758941257984	124758940639520	744
XCHTIME	0	0	0	0	0	0	0	0	0	0	0	0
XCHTIME	301	4	18	8154950	345	1190	2679	730	8150006	124758941257984	124758940639520	744
XCHTIME	0	0	0	0	0	0	0	0	0	0	0	0
XCHTIME	301	4	11	558863	431	1606	1770	426	554630	124758941257984	124758940639520	744
XCHTIME	0	0	0	0	0	0	0	0	0	0	0	0
XCHTIME	301	4	14	2914108	357	1252	1927	543	2910029	124758941257984	124758940639520	744
XCHTIME	0	0	0	0	0	0	0	0	0	0	0	0
XCHTIME	301	4	13	4806057	442	1425	1976	507	4801707	124758941257984	124758940639520	744
XCHTIME	0	0	0	0	0	0	0	0	0	0	0	0
XCHTIME	301	3	15	15591672	501	1680	2455	652	15586384	124758941257984	124758940639520	744
XCHTIME	0	0	0	0	0	0	0	0	0	0	0	0
XCHTIME	301	4	6	322576	715	2589	1593	231	317448	124758941257984	124758940639520	744
LIFT	st_e31	301	163	492	163
COUNTS	st_e31	301	744	4534	4257
LIFT	pooling_sppc1pq	14100	7273	535700	7273
COUNTS	pooling_sppc1pq	14100	477680	812210652	136686008
XCHTIME	0	0	0	0	0	0	0	0	0	0	0	0
XCHTIME	31	2	4	1278369	1231853	7929	305	129	38153	124758934979936	124758941316960	96
XCHTIME	0	0	0	0	0	0	0	0	0	0	0	0
XCHTIME	31	2	6	351570	697	637	121	134	349981	124758934979936	124758941316960	96
XCHTIME	0	0	0	0	0	0	0	0	0	0	0	0
XCHTIME	31	2	5	101225	227	501	183	132	100182	124758934979936	124758941316960	96
XCHTIME	0	0	0	0	0	0	0	0	0	0	0	0
XCHTIME	31	4	18	618877	137	339	247	460	617694	124758934979936	124758941316960	96
LADGATE	31	10000	0.165	1
XCHTIME	0	0	0	0	0	0	0	0	0	0	0	0
XCHTIME	31	5	26	796620	478	1338	336	606	793862	124758934979936	124758941316960	96
XCHTIME	0	0	0	0	0	0	0	0	0	0	0	0
XCHTIME	31	4	59	362386	226	482	227	1962	359489	124758934979936	124758941316960	96
XCHTIME	0	0	0	0	0	0	0	0	0	0	0	0
XCHTIME	31	4	15	147153	112	500	225	319	145997	124758934979936	124758941316960	96
XCHTIME	0	0	0	0	0	0	0	0	0	0	0	0
XCHTIME	31	4	10	64237	97	501	222	196	63221	124758934979936	124758941316960	96
XCHTIME	0	0	0	0	0	0	0	0	0	0	0	0
XCHTIME	31	4	18	608549	103	406	204	382	607454	124758934979936	124758941316960	96
XCHTIME	0	0	0	0	0	0	0	0	0	0	0	0
XCHTIME	31	4	11	48981	159	300	202	237	48083	124758934979936	124758941316960	96
XCHTIME	0	0	0	0	0	0	0	0	0	0	0	0
XCHTIME	31	4	14	226488	78	349	218	279	225564	124758934979936	124758941316960	96
XCHTIME	0	0	0	0	0	0	0	0	0	0	0	0
XCHTIME	31	4	13	268161	155	465	225	266	267050	124758934979936	124758941316960	96
XCHTIME	0	0	0	0	0	0	0	0	0	0	0	0
XCHTIME	31	4	16	2738250	93	433	258	436	2737030	124758934979936	124758941316960	96
XCHTIME	0	0	0	0	0	0	0	0	0	0	0	0
XCHTIME	31	4	6	27872	223	819	201	136	26493	124758934979936	124758941316960	96
COUNTS	pooling_haverly1pq	31	96	412	403
XCHTIME	0	0	0	0	0	0	0	0	0	0	0	0
XCHTIME	128	2	4	220739	6003	1004	538	215	212979	124758941297712	124758940645920	672
XCHTIME	0	0	0	0	0	0	0	0	0	0	0	0
XCHTIME	128	2	6	2757105	280	666	532	329	2755298	124758941297712	124758940645920	672
XCHTIME	0	0	0	0	0	0	0	0	0	0	0	0
XCHTIME	128	2	5	787385	353	714	348	208	785762	124758941297712	124758940645920	672
XCHTIME	0	0	0	0	0	0	0	0	0	0	0	0
XCHTIME	128	4	18	5311560	329	772	793	856	5308810	124758941297712	124758940645920	672
LADGATE	128	10000	0.222	1
XCHTIME	0	0	0	0	0	0	0	0	0	0	0	0
XCHTIME	128	5	26	6769134	703	1301	958	1078	6765094	124758941297712	124758940645920	672
XCHTIME	0	0	0	0	0	0	0	0	0	0	0	0
XCHTIME	128	4	66	1070434	330	598	633	2567	1066306	124758941297712	124758940645920	672
XCHTIME	0	0	0	0	0	0	0	0	0	0	0	0
XCHTIME	128	4	15	846225	362	811	706	582	843764	124758941297712	124758940645920	672
XCHTIME	0	0	0	0	0	0	0	0	0	0	0	0
XCHTIME	128	4	10	390860	243	862	627	374	388754	124758941297712	124758940645920	672
XCHTIME	0	0	0	0	0	0	0	0	0	0	0	0
XCHTIME	128	4	18	5310709	247	678	727	733	5308324	124758941297712	124758940645920	672
XCHTIME	0	0	0	0	0	0	0	0	0	0	0	0
XCHTIME	128	4	11	192077	308	629	516	390	190234	124758941297712	124758940645920	672
XCHTIME	0	0	0	0	0	0	0	0	0	0	0	0
XCHTIME	128	4	14	1567720	174	593	1113	530	1565310	124758941297712	124758940645920	672
XCHTIME	0	0	0	0	0	0	0	0	0	0	0	0
XCHTIME	128	4	13	2909921	492	651	845	536	2907397	124758941297712	124758940645920	672
XCHTIME	0	0	0	0	0	0	0	0	0	0	0	0
XCHTIME	128	4	16	20939744	425	744	1006	922	20936647	124758941297712	124758940645920	672
XCHTIME	0	0	0	0	0	0	0	0	0	0	0	0
XCHTIME	128	4	6	131988	644	967	941	233	129203	124758941297712	124758940645920	672
LIFT	graphpart_3g-0244-0244	128	96	672	96
COUNTS	graphpart_3g-0244-0244	128	672	33446	32534
XCHTIME	0	0	0	0	0	0	0	0	0	0	0	0
XCHTIME	80	2	4	174997	4903	1007	301	702	168084	124758941570256	124758940623120	1260
XCHTIME	0	0	0	0	0	0	0	0	0	0	0	0
XCHTIME	80	2	6	2184814	357	691	378	1018	2182370	124758941570256	124758940623120	1260
XCHTIME	0	0	0	0	0	0	0	0	0	0	0	0
XCHTIME	80	2	5	637285	720	1490	430	811	633834	124758941570256	124758940623120	1260
XCHTIME	0	0	0	0	0	0	0	0	0	0	0	0
XCHTIME	80	4	18	3500335	405	689	509	2706	3496026	124758941570256	124758940623120	1260
LADGATE	80	10000	0.228	1
XCHTIME	0	0	0	0	0	0	0	0	0	0	0	0
XCHTIME	80	5	26	4579191	700	1684	709	3899	4572199	124758941570256	124758940623120	1260
XCHTIME	0	0	0	0	0	0	0	0	0	0	0	0
XCHTIME	80	4	66	1531427	335	759	456	7764	1522113	124758941570256	124758940623120	1260
XCHTIME	0	0	0	0	0	0	0	0	0	0	0	0
XCHTIME	80	4	15	618037	297	664	468	2182	614426	124758941570256	124758940623120	1260
XCHTIME	0	0	0	0	0	0	0	0	0	0	0	0
XCHTIME	80	4	10	313440	275	548	430	1515	310672	124758941570256	124758940623120	1260
XCHTIME	0	0	0	0	0	0	0	0	0	0	0	0
XCHTIME	80	4	18	3502929	224	586	513	2693	3498913	124758941570256	124758940623120	1260
XCHTIME	0	0	0	0	0	0	0	0	0	0	0	0
XCHTIME	80	4	11	169257	352	621	365	1643	166276	124758941570256	124758940623120	1260
XCHTIME	0	0	0	0	0	0	0	0	0	0	0	0
XCHTIME	80	4	14	1172916	238	704	436	2090	1169448	124758941570256	124758940623120	1260
XCHTIME	0	0	0	0	0	0	0	0	0	0	0	0
XCHTIME	80	4	13	2243415	365	648	529	2685	2239188	124758941570256	124758940623120	1260
XCHTIME	0	0	0	0	0	0	0	0	0	0	0	0
XCHTIME	80	4	16	13614660	319	579	953	2552	13610257	124758941570256	124758940623120	1260
XCHTIME	0	0	0	0	0	0	0	0	0	0	0	0
XCHTIME	80	4	6	112003	1033	1609	476	896	107989	124758941570256	124758940623120	1260
LIFT	graphpart_clique-20	80	77	1254	77
COUNTS	graphpart_clique-20	80	1260	34885	27856
LADGATE	28368	10000	0.775	0
LIFT	mpbp_48	28368	16000	66180	16000
COUNTS	mpbp_48	28368	91016	33835023	16144599
LIFT	pooling_sppb5pq	18529	9496	693670	9496
COUNTS	pooling_sppb5pq	18529	674470	523815053	213571545
XCHTIME	0	0	0	0	0	0	0	0	0	0	0	0
XCHTIME	497	2	4	208387	13915	2443	2185	213	189631	124758941251072	124758944141840	1512
XCHTIME	0	0	0	0	0	0	0	0	0	0	0	0
XCHTIME	497	2	6	690156	727	1591	2180	262	685396	124758941251072	124758944141840	1512
XCHTIME	0	0	0	0	0	0	0	0	0	0	0	0
XCHTIME	497	2	5	321144	473	1943	2076	250	316402	124758941251072	124758944141840	1512
XCHTIME	0	0	0	0	0	0	0	0	0	0	0	0
XCHTIME	497	4	18	1546416	667	1723	4341	1227	1538458	124758941251072	124758944141840	1512
LADGATE	497	10000	0.236	1
XCHTIME	0	0	0	0	0	0	0	0	0	0	0	0
XCHTIME	497	5	26	1713988	1069	3166	4670	1535	1703548	124758941251072	124758944141840	1512
XCHTIME	0	0	0	0	0	0	0	0	0	0	0	0
XCHTIME	497	2	19	7270599	582	1387	2722	1009	7264899	124758941251072	124758944141840	1512
XCHTIME	0	0	0	0	0	0	0	0	0	0	0	0
XCHTIME	497	4	15	455145	1121	2192	4067	764	447001	124758941251072	124758944141840	1512
XCHTIME	0	0	0	0	0	0	0	0	0	0	0	0
XCHTIME	497	4	10	321129	376	1765	3981	349	314658	124758941251072	124758944141840	1512
XCHTIME	0	0	0	0	0	0	0	0	0	0	0	0
XCHTIME	497	4	18	1515974	363	1392	3821	984	1509414	124758941251072	124758944141840	1512
XCHTIME	0	0	0	0	0	0	0	0	0	0	0	0
XCHTIME	497	4	11	261264	363	1751	3919	398	254833	124758941251072	124758944141840	1512
XCHTIME	0	0	0	0	0	0	0	0	0	0	0	0
XCHTIME	497	4	14	577008	319	1331	3819	661	570878	124758941251072	124758944141840	1512
XCHTIME	0	0	0	0	0	0	0	0	0	0	0	0
XCHTIME	497	4	13	882333	324	1458	4125	562	875864	124758941251072	124758944141840	1512
XCHTIME	0	0	0	0	0	0	0	0	0	0	0	0
XCHTIME	497	4	16	2639833	372	1860	5950	980	2630671	124758941251072	124758944141840	1512
XCHTIME	0	0	0	0	0	0	0	0	0	0	0	0
XCHTIME	497	4	6	217985	1208	2421	3769	228	210359	124758941251072	124758944141840	1512
LIFT	slay07m	497	203	924	203
COUNTS	slay07m	497	1512	5740	5740
COUNTS	nvs19	24	200	1353	884
XCHTIME	0	0	0	0	0	0	0	0	0	0	0	0
XCHTIME	3270	2	4	1993703	163653	62441	119782	464	1647363	124758945957632	124758944330672	8430
XCHTIME	0	0	0	0	0	0	0	0	0	0	0	0
XCHTIME	3270	1	0	2705605	3940	61277	61201	0	2579187	124758945957632	124758944330672	8430
XCHTIME	0	0	0	0	0	0	0	0	0	0	0	0
XCHTIME	3270	2	5	2441318	3798	69259	125852	669	2241740	124758945957632	124758944330672	8430
XCHTIME	0	0	0	0	0	0	0	0	0	0	0	0
XCHTIME	3270	3	15	11330530	3991	63289	191520	1394	11070336	124758945957632	124758944330672	8430
LADGATE	3270	10000	0.507	1
XCHTIME	0	0	0	0	0	0	0	0	0	0	0	0
XCHTIME	3270	5	26	18195260	4357	84888	326148	2967	17776900	124758945957632	124758944330672	8430
XCHTIME	0	0	0	0	0	0	0	0	0	0	0	0
XCHTIME	3270	2	19	5325825	4127	80672	138027	1461	5101538	124758945957632	124758944330672	8430
XCHTIME	0	0	0	0	0	0	0	0	0	0	0	0
XCHTIME	3270	4	15	5429412	4554	78937	252143	1796	5091982	124758945957632	124758944330672	8430
XCHTIME	0	0	0	0	0	0	0	0	0	0	0	0
XCHTIME	3270	4	10	4528931	4627	98899	221738	1171	4202496	124758945957632	124758944330672	8430
XCHTIME	0	0	0	0	0	0	0	0	0	0	0	0
XCHTIME	3270	3	15	11267388	4255	60150	197750	1658	11003575	124758945957632	124758944330672	8430
XCHTIME	0	0	0	0	0	0	0	0	0	0	0	0
XCHTIME	3270	4	11	4078971	4539	64988	240943	1272	3767229	124758945957632	124758944330672	8430
XCHTIME	0	0	0	0	0	0	0	0	0	0	0	0
XCHTIME	3270	4	14	6529269	4406	64312	248920	1780	6209851	124758945957632	124758944330672	8430
XCHTIME	0	0	0	0	0	0	0	0	0	0	0	0
XCHTIME	3270	4	13	10852993	3937	66357	289106	1996	10491597	124758945957632	124758944330672	8430
XCHTIME	0	0	0	0	0	0	0	0	0	0	0	0
XCHTIME	3270	1	0	10672856	4911	68493	63808	0	10535644	124758945957632	124758944330672	8430
XCHTIME	0	0	0	0	0	0	0	0	0	0	0	0
XCHTIME	3270	4	6	3546377	4311	86240	243514	762	3211550	124758945957632	124758944330672	8430
LIFT	oil	3270	1687	5444	1687
COUNTS	oil	3270	8430	36313	34760
XCHTIME	0	0	0	0	0	0	0	0	0	0	0	0
XCHTIME	2775	2	4	1452051	101510	28618	64389	890	1256644	124758937534032	124758945983808	7200
XCHTIME	0	0	0	0	0	0	0	0	0	0	0	0
XCHTIME	2775	2	6	2227729	2756	60205	95226	1097	2068445	124758937534032	124758945983808	7200
XCHTIME	0	0	0	0	0	0	0	0	0	0	0	0
XCHTIME	2775	2	5	1475895	3724	45317	55444	482	1370928	124758937534032	124758945983808	7200
XCHTIME	0	0	0	0	0	0	0	0	0	0	0	0
XCHTIME	2775	4	18	4126480	3028	27669	123703	2238	3969842	124758937534032	124758945983808	7200
LADGATE	2775	10000	0.844	1
XCHTIME	0	0	0	0	0	0	0	0	0	0	0	0
XCHTIME	2775	5	26	5310195	3609	51885	208412	4261	5042028	124758937534032	124758945983808	7200
XCHTIME	0	0	0	0	0	0	0	0	0	0	0	0
XCHTIME	2775	4	66	3619577	3130	49780	151230	6570	3408867	124758937534032	124758945983808	7200
XCHTIME	0	0	0	0	0	0	0	0	0	0	0	0
XCHTIME	2775	4	15	2789280	2977	37704	152780	2573	2593246	124758937534032	124758945983808	7200
XCHTIME	0	0	0	0	0	0	0	0	0	0	0	0
XCHTIME	2775	4	10	2884606	2917	42364	191682	1853	2645790	124758937534032	124758945983808	7200
XCHTIME	0	0	0	0	0	0	0	0	0	0	0	0
XCHTIME	2775	4	18	4261112	3641	42646	159458	2708	4052659	124758937534032	124758945983808	7200
XCHTIME	0	0	0	0	0	0	0	0	0	0	0	0
XCHTIME	2775	4	11	2665655	3337	44516	145605	1565	2470632	124758937534032	124758945983808	7200
XCHTIME	0	0	0	0	0	0	0	0	0	0	0	0
XCHTIME	2775	4	14	3034471	2863	39722	154150	2286	2835450	124758937534032	124758945983808	7200
XCHTIME	0	0	0	0	0	0	0	0	0	0	0	0
XCHTIME	2775	4	13	3511285	3029	43117	184510	2826	3277803	124758937534032	124758945983808	7200
XCHTIME	0	0	0	0	0	0	0	0	0	0	0	0
XCHTIME	2775	4	16	12475976	3181	40821	261514	2772	12167688	124758937534032	124758945983808	7200
XCHTIME	0	0	0	0	0	0	0	0	0	0	0	0
XCHTIME	2775	4	6	2778142	4440	74882	149145	1115	2548560	124758937534032	124758945983808	7200
LIFT	squfl015-060	2775	975	3600	975
COUNTS	squfl015-060	2775	7200	36400	36400
XCHTIME	0	0	0	0	0	0	0	0	0	0	0	0
XCHTIME	1112	2	4	1117752	23581	4013	7131	186	1082841	124758940694800	124758944199584	5522
XCHTIME	0	0	0	0	0	0	0	0	0	0	0	0
XCHTIME	1112	2	6	7722444	1126	3508	10386	280	7707144	124758940694800	124758944199584	5522
XCHTIME	0	0	0	0	0	0	0	0	0	0	0	0
XCHTIME	1112	2	5	3745306	2103	5112	7648	435	3730008	124758940694800	124758944199584	5522
XCHTIME	0	0	0	0	0	0	0	0	0	0	0	0
XCHTIME	1112	3	15	15877773	1686	5325	18437	808	15851517	124758940694800	124758944199584	5522
LADGATE	1112	10000	0.452	1
XCHTIME	0	0	0	0	0	0	0	0	0	0	0	0
XCHTIME	1112	5	26	30892497	3059	7497	29167	1372	30851402	124758940694800	124758944199584	5522
XCHTIME	0	0	0	0	0	0	0	0	0	0	0	0
XCHTIME	1112	3	57	6095583	2663	6013	12946	1894	6072067	124758940694800	124758944199584	5522
XCHTIME	0	0	0	0	0	0	0	0	0	0	0	0
XCHTIME	1112	4	15	3682591	2345	4724	15892	584	3659046	124758940694800	124758944199584	5522
XCHTIME	0	0	0	0	0	0	0	0	0	0	0	0
XCHTIME	1112	4	10	2133303	1669	4526	14662	471	2111975	124758940694800	124758944199584	5522
XCHTIME	0	0	0	0	0	0	0	0	0	0	0	0
XCHTIME	1112	3	15	15844203	1432	4462	15349	621	15822339	124758940694800	124758944199584	5522
XCHTIME	0	0	0	0	0	0	0	0	0	0	0	0
XCHTIME	1112	4	11	1308339	2497	7760	18474	503	1279105	124758940694800	124758944199584	5522
XCHTIME	0	0	0	0	0	0	0	0	0	0	0	0
XCHTIME	1112	4	14	7487746	2205	4902	15146	601	7464892	124758940694800	124758944199584	5522
XCHTIME	0	0	0	0	0	0	0	0	0	0	0	0
XCHTIME	1112	4	13	13730888	1880	5762	20004	608	13702634	124758940694800	124758944199584	5522
XCHTIME	0	0	0	0	0	0	0	0	0	0	0	0
XCHTIME	1112	1	0	14954204	1849	5089	3452	0	14943814	124758940694800	124758944199584	5522
XCHTIME	0	0	0	0	0	0	0	0	0	0	0	0
XCHTIME	1112	4	6	860261	3323	15834	15247	356	825501	124758940694800	124758944199584	5522
LIFT	ndcc12persp	1112	961	5220	961
COUNTS	ndcc12persp	1112	5522	299115	284793
LIFT	kissing2	20772	10772	381024	10772
COUNTS	kissing2	20772	401024	156414018	156414018
XCHTIME	0	0	0	0	0	0	0	0	0	0	0	0
XCHTIME	1942	2	4	2762860	62927	11698	23847	749	2663639	124758945818016	124758956295824	16030
XCHTIME	0	0	0	0	0	0	0	0	0	0	0	0
XCHTIME	1942	1	0	7559579	5957	14177	10884	0	7528561	124758945818016	124758956295824	16030
XCHTIME	0	0	0	0	0	0	0	0	0	0	0	0
XCHTIME	1942	2	5	5170744	7358	33059	30065	928	5099334	124758945818016	124758956295824	16030
XCHTIME	0	0	0	0	0	0	0	0	0	0	0	0
XCHTIME	1942	2	5	15111290	6527	15532	39701	1065	15048465	124758945818016	124758956295824	16030
LADGATE	1942	10000	0.565	1
XCHTIME	0	0	0	0	0	0	0	0	0	0	0	0
XCHTIME	1942	5	26	70656444	8096	27723	130493	6558	70483574	124758945818016	124758956295824	16030
XCHTIME	0	0	0	0	0	0	0	0	0	0	0	0
XCHTIME	1942	2	19	6677199	8644	33946	43708	3092	6587809	124758945818016	124758956295824	16030
XCHTIME	0	0	0	0	0	0	0	0	0	0	0	0
XCHTIME	1942	3	12	6725675	8602	31118	56092	2680	6627183	124758945818016	124758956295824	16030
XCHTIME	0	0	0	0	0	0	0	0	0	0	0	0
XCHTIME	1942	4	10	5437283	5604	20878	75086	2116	5333599	124758945818016	124758956295824	16030
XCHTIME	0	0	0	0	0	0	0	0	0	0	0	0
XCHTIME	1942	2	5	15205813	6658	17763	42079	1281	15138032	124758945818016	124758956295824	16030
XCHTIME	0	0	0	0	0	0	0	0	0	0	0	0
XCHTIME	1942	4	11	3601849	6568	25392	59329	1841	3508719	124758945818016	124758956295824	16030
XCHTIME	0	0	0	0	0	0	0	0	0	0	0	0
XCHTIME	1942	4	14	14413528	5556	18375	83251	2500	14303846	124758945818016	124758956295824	16030
XCHTIME	0	0	0	0	0	0	0	0	0	0	0	0
XCHTIME	1942	2	4	15034475	7527	18811	33745	1048	14973344	124758945818016	124758956295824	16030
XCHTIME	0	0	0	0	0	0	0	0	0	0	0	0
XCHTIME	1942	1	0	14675113	6949	22984	13950	0	14631230	124758945818016	124758956295824	16030
XCHTIME	0	0	0	0	0	0	0	0	0	0	0	0
XCHTIME	1942	4	6	2935080	7896	37088	79650	1370	2809076	124758945818016	124758956295824	16030
LIFT	nuclear25a	1942	755	18260	755
COUNTS	nuclear25a	1942	16030	1977163	1136191
XCHTIME	0	0	0	0	0	0	0	0	0	0	0	0
XCHTIME	222	2	4	153269	7746	1332	754	187	143250	124758944461808	124758937514304	704
XCHTIME	0	0	0	0	0	0	0	0	0	0	0	0
XCHTIME	222	2	6	831815	277	972	597	264	829705	124758944461808	124758937514304	704
XCHTIME	0	0	0	0	0	0	0	0	0	0	0	0
XCHTIME	222	2	5	360980	241	1179	600	222	358738	124758944461808	124758937514304	704
XCHTIME	0	0	0	0	0	0	0	0	0	0	0	0
XCHTIME	222	4	18	1530478	244	825	1150	749	1527510	124758944461808	124758937514304	704
LADGATE	222	10000	0.212	1
XCHTIME	0	0	0	0	0	0	0	0	0	0	0	0
XCHTIME	222	5	26	1733061	409	1488	1543	1167	1728454	124758944461808	124758937514304	704
XCHTIME	0	0	0	0	0	0	0	0	0	0	0	0
XCHTIME	222	4	66	5680524	304	1146	1291	2692	5675091	124758944461808	124758937514304	704
XCHTIME	0	0	0	0	0	0	0	0	0	0	0	0
XCHTIME	222	4	15	411564	393	1381	1190	703	407897	124758944461808	124758937514304	704
XCHTIME	0	0	0	0	0	0	0	0	0	0	0	0
XCHTIME	222	4	10	221636	225	820	1095	359	219137	124758944461808	124758937514304	704
XCHTIME	0	0	0	0	0	0	0	0	0	0	0	0
XCHTIME	222	4	18	1551145	210	3255	1236	840	1545604	124758944461808	124758937514304	704
XCHTIME	0	0	0	0	0	0	0	0	0	0	0	0
XCHTIME	222	4	11	176481	197	882	1094	431	173877	124758944461808	124758937514304	704
XCHTIME	0	0	0	0	0	0	0	0	0	0	0	0
XCHTIME	222	4	14	644226	207	783	1129	538	641569	124758944461808	124758937514304	704
XCHTIME	0	0	0	0	0	0	0	0	0	0	0	0
XCHTIME	222	4	13	913650	252	857	1226	523	910792	124758944461808	124758937514304	704
XCHTIME	0	0	0	0	0	0	0	0	0	0	0	0
XCHTIME	222	4	16	4166993	213	872	1639	827	4163442	124758944461808	124758937514304	704
XCHTIME	0	0	0	0	0	0	0	0	0	0	0	0
XCHTIME	222	4	6	124391	787	1532	1075	239	120758	124758944461808	124758937514304	704
LIFT	clay0204m	222	102	464	102
COUNTS	clay0204m	222	704	2330	2330
XCHTIME	0	0	0	0	0	0	0	0	0	0	0	0
XCHTIME	23	2	4	39167	3110	1333	162	100	34462	124758936526160	124758941273376	68
XCHTIME	0	0	0	0	0	0	0	0	0	0	0	0
XCHTIME	23	2	6	414246	371	373	129	124	413249	124758936526160	124758941273376	68
XCHTIME	0	0	0	0	0	0	0	0	0	0	0	0
XCHTIME	23	2	5	96107	123	329	111	99	95445	124758936526160	124758941273376	68
XCHTIME	0	0	0	0	0	0	0	0	0	0	0	0
XCHTIME	23	4	18	237203	116	256	173	427	236231	124758936526160	124758941273376	68
LADGATE	23	10000	0.132	1
XCHTIME	0	0	0	0	0	0	0	0	0	0	0	0
XCHTIME	23	5	26	544990	374	475	320	618	543203	124758936526160	124758941273376	68
XCHTIME	0	0	0	0	0	0	0	0	0	0	0	0
XCHTIME	23	4	51	1219940	128	277	189	1328	1218018	124758936526160	124758941273376	68
XCHTIME	0	0	0	0	0	0	0	0	0	0	0	0
XCHTIME	23	4	15	79175	275	527	222	334	77817	124758936526160	124758941273376	68
XCHTIME	0	0	0	0	0	0	0	0	0	0	0	0
XCHTIME	23	4	10	43394	95	269	159	203	42668	124758936526160	124758941273376	68
XCHTIME	0	0	0	0	0	0	0	0	0	0	0	0
XCHTIME	23	4	18	247634	120	232	201	414	246667	124758936526160	124758941273376	68
XCHTIME	0	0	0	0	0	0	0	0	0	0	0	0
XCHTIME	23	4	11	34256	119	277	187	229	33444	124758936526160	124758941273376	68
XCHTIME	0	0	0	0	0	0	0	0	0	0	0	0
XCHTIME	23	4	14	192447	106	213	172	306	191650	124758936526160	124758941273376	68
XCHTIME	0	0	0	0	0	0	0	0	0	0	0	0
XCHTIME	23	4	13	332030	106	239	162	294	331229	124758936526160	124758941273376	68
XCHTIME	0	0	0	0	0	0	0	0	0	0	0	0
XCHTIME	23	4	16	1775151	115	242	264	375	1774155	124758936526160	124758941273376	68
XCHTIME	0	0	0	0	0	0	0	0	0	0	0	0
XCHTIME	23	4	6	22751	118	365	195	123	21950	124758936526160	124758941273376	68
COUNTS	st_ph13	23	68	207	178
XCHTIME	0	0	0	0	0	0	0	0	0	0	0	0
XCHTIME	1053	2	4	739976	20374	4334	6530	310	708428	124758946051376	124758946105424	4654
XCHTIME	0	0	0	0	0	0	0	0	0	0	0	0
XCHTIME	1053	2	6	5886658	844	4345	7676	431	5873362	124758946051376	124758946105424	4654
XCHTIME	0	0	0	0	0	0	0	0	0	0	0	0
XCHTIME	1053	2	5	1920358	1810	5756	6792	396	1905604	124758946051376	124758946105424	4654
XCHTIME	0	0	0	0	0	0	0	0	0	0	0	0
XCHTIME	1053	4	18	11588811	1253	4709	16918	1721	11564210	124758946051376	124758946105424	4654
LADGATE	1053	10000	0.389	1
XCHTIME	0	0	0	0	0	0	0	0	0	0	0	0
XCHTIME	1053	5	26	13886321	2117	7279	23734	1862	13851329	124758946051376	124758946105424	4654
XCHTIME	0	0	0	0	0	0	0	0	0	0	0	0
XCHTIME	1053	4	66	817183	2242	5792	12686	3098	793365	124758946051376	124758946105424	4654
XCHTIME	0	0	0	0	0	0	0	0	0	0	0	0
XCHTIME	1053	4	15	2153484	1285	3890	14155	979	2133175	124758946051376	124758946105424	4654
XCHTIME	0	0	0	0	0	0	0	0	0	0	0	0
XCHTIME	1053	4	10	1266867	1655	3667	13606	902	1247037	124758946051376	124758946105424	4654
XCHTIME	0	0	0	0	0	0	0	0	0	0	0	0
XCHTIME	1053	4	18	11373718	4167	4462	16655	1610	11346824	124758946051376	124758946105424	4654
XCHTIME	0	0	0	0	0	0	0	0	0	0	0	0
XCHTIME	1053	4	11	910066	1906	7773	13247	1068	886072	124758946051376	124758946105424	4654
XCHTIME	0	0	0	0	0	0	0	0	0	0	0	0
XCHTIME	1053	4	14	3645520	1101	3399	13932	1192	3625896	124758946051376	124758946105424	4654
XCHTIME	0	0	0	0	0	0	0	0	0	0	0	0
XCHTIME	1053	4	13	6441344	1466	3873	18180	1557	6416268	124758946051376	124758946105424	4654
XCHTIME	0	0	0	0	0	0	0	0	0	0	0	0
XCHTIME	1053	2	5	17127120	2525	7575	14259	675	17102086	124758946051376	124758946105424	4654
XCHTIME	0	0	0	0	0	0	0	0	0	0	0	0
XCHTIME	1053	4	6	774134	2609	11593	13231	503	746198	124758946051376	124758946105424	4654
LIFT	edgecross10-030	1053	573	5134	573
COUNTS	edgecross10-030	1053	4654	135854	100080
XCHTIME	0	0	0	0	0	0	0	0	0	0	0	0
XCHTIME	601	2	4	1520940	15523	2304	3202	344	1499567	124758944155440	124758945833568	2396
XCHTIME	0	0	0	0	0	0	0	0	0	0	0	0
XCHTIME	601	1	0	6969730	499	1972	1478	0	6965781	124758944155440	124758945833568	2396
XCHTIME	0	0	0	0	0	0	0	0	0	0	0	0
XCHTIME	601	2	5	5796444	1293	2313	3203	344	5789291	124758944155440	124758945833568	2396
XCHTIME	0	0	0	0	0	0	0	0	0	0	0	0
XCHTIME	601	2	5	13908833	653	1776	3281	359	13902764	124758944155440	124758945833568	2396
LADGATE	601	10000	0.244	1
XCHTIME	0	0	0	0	0	0	0	0	0	0	0	0
XCHTIME	601	5	26	61066261	1126	3062	7692	1820	61052561	124758944155440	124758945833568	2396
XCHTIME	0	0	0	0	0	0	0	0	0	0	0	0
XCHTIME	601	4	66	237235	1155	2093	6579	3309	224099	124758944155440	124758945833568	2396
XCHTIME	0	0	0	0	0	0	0	0	0	0	0	0
XCHTIME	601	4	15	4424894	374	1445	6274	896	4415905	124758944155440	124758945833568	2396
XCHTIME	0	0	0	0	0	0	0	0	0	0	0	0
XCHTIME	601	4	10	2710768	516	1686	6282	686	2701598	124758944155440	124758945833568	2396
XCHTIME	0	0	0	0	0	0	0	0	0	0	0	0
XCHTIME	601	2	5	13795077	390	1525	3003	330	13789829	124758944155440	124758945833568	2396
XCHTIME	0	0	0	0	0	0	0	0	0	0	0	0
XCHTIME	601	4	11	1155983	850	2064	6164	640	1146265	124758944155440	124758945833568	2396
XCHTIME	0	0	0	0	0	0	0	0	0	0	0	0
XCHTIME	601	4	14	14242555	500	1568	6359	879	14233249	124758944155440	124758945833568	2396
XCHTIME	0	0	0	0	0	0	0	0	0	0	0	0
XCHTIME	601	3	12	15339961	1063	1967	4496	803	15331632	124758944155440	124758945833568	2396
XCHTIME	0	0	0	0	0	0	0	0	0	0	0	0
XCHTIME	601	1	0	14436115	862	1646	1521	0	14432086	124758944155440	124758945833568	2396
XCHTIME	0	0	0	0	0	0	0	0	0	0	0	0
XCHTIME	601	4	6	756233	2015	5599	6528	466	741625	124758944155440	124758945833568	2396
LIFT	chain200	601	400	1596	400
COUNTS	chain200	601	2396	8182	8182
XCHTIME	0	0	0	0	0	0	0	0	0	0	0	0
XCHTIME	25	2	4	44182	3239	1133	274	114	39422	124758940638992	124758937524560	66
XCHTIME	0	0	0	0	0	0	0	0	0	0	0	0
XCHTIME	25	2	6	304040	169	370	143	194	303164	124758940638992	124758937524560	66
XCHTIME	0	0	0	0	0	0	0	0	0	0	0	0
XCHTIME	25	2	5	90669	160	403	161	124	89821	124758940638992	124758937524560	66
XCHTIME	0	0	0	0	0	0	0	0	0	0	0	0
XCHTIME	25	4	18	627709	104	595	243	462	626305	124758940638992	124758937524560	66
LADGATE	25	10000	0.163	1
XCHTIME	0	0	0	0	0	0	0	0	0	0	0	0
XCHTIME	25	5	26	672206	293	677	446	782	670008	124758940638992	124758937524560	66
XCHTIME	0	0	0	0	0	0	0	0	0	0	0	0
XCHTIME	25	4	53	10112	361	521	191	1430	7609	124758940638992	124758937524560	66
XCHTIME	0	0	0	0	0	0	0	0	0	0	0	0
XCHTIME	25	4	15	113304	82	221	195	353	112453	124758940638992	124758937524560	66
XCHTIME	0	0	0	0	0	0	0	0	0	0	0	0
XCHTIME	25	4	10	77311	122	315	178	229	76467	124758940638992	124758937524560	66
XCHTIME	0	0	0	0	0	0	0	0	0	0	0	0
XCHTIME	25	4	18	635212	88	253	191	446	634234	124758940638992	124758937524560	66
XCHTIME	0	0	0	0	0	0	0	0	0	0	0	0
XCHTIME	25	4	11	49150	239	347	204	312	48048	124758940638992	124758937524560	66
XCHTIME	0	0	0	0	0	0	0	0	0	0	0	0
XCHTIME	25	4	14	166295	126	258	210	352	165349	124758940638992	124758937524560	66
XCHTIME	0	0	0	0	0	0	0	0	0	0	0	0
XCHTIME	25	4	13	348496	101	256	202	319	347618	124758940638992	124758937524560	66
XCHTIME	0	0	0	0	0	0	0	0	0	0	0	0
XCHTIME	25	4	16	1396728	114	274	266	578	1395496	124758940638992	124758937524560	66
XCHTIME	0	0	0	0	0	0	0	0	0	0	0	0
XCHTIME	25	4	6	33455	454	519	186	170	32126	124758940638992	124758937524560	66
COUNTS	ex1223b	25	66	178	178
XCHTIME	0	0	0	0	0	0	0	0	0	0	0	0
XCHTIME	2718	2	4	1399077	103728	34274	62571	589	1197915	124758944265472	124758936317056	7488
XCHTIME	0	0	0	0	0	0	0	0	0	0	0	0
XCHTIME	2718	1	0	1303974	3041	33582	27310	0	1240041	124758944265472	124758936317056	7488
XCHTIME	0	0	0	0	0	0	0	0	0	0	0	0
XCHTIME	2718	2	5	1024870	2956	36352	59886	780	924896	124758944265472	124758936317056	7488
XCHTIME	0	0	0	0	0	0	0	0	0	0	0	0
XCHTIME	2718	4	18	5765126	2763	32078	157627	2325	5570333	124758944265472	124758936317056	7488
LADGATE	2718	10000	0.547	1
XCHTIME	0	0	0	0	0	0	0	0	0	0	0	0
XCHTIME	2718	5	26	6687444	4341	52440	176007	3087	6451569	124758944265472	124758936317056	7488
XCHTIME	0	0	0	0	0	0	0	0	0	0	0	0
XCHTIME	2718	2	19	5677669	3501	44045	65110	1964	5563049	124758944265472	124758936317056	7488
XCHTIME	0	0	0	0	0	0	0	0	0	0	0	0
XCHTIME	2718	4	15	2980853	4571	56461	123955	1821	2794045	124758944265472	124758936317056	7488
XCHTIME	0	0	0	0	0	0	0	0	0	0	0	0
XCHTIME	2718	4	10	2935673	2849	34069	153645	1275	2743835	124758944265472	124758936317056	7488
XCHTIME	0	0	0	0	0	0	0	0	0	0	0	0
XCHTIME	2718	4	18	5511993	3491	27879	114066	2291	5364266	124758944265472	124758936317056	7488
XCHTIME	0	0	0	0	0	0	0	0	0	0	0	0
XCHTIME	2718	4	11	2714432	2968	33092	116319	1283	2560770	124758944265472	124758936317056	7488
XCHTIME	0	0	0	0	0	0	0	0	0	0	0	0
XCHTIME	2718	4	14	3171628	2937	32990	116785	1778	3017138	124758944265472	124758936317056	7488
XCHTIME	0	0	0	0	0	0	0	0	0	0	0	0
XCHTIME	2718	4	13	4128695	2933	32514	126015	1604	3965629	124758944265472	124758936317056	7488
XCHTIME	0	0	0	0	0	0	0	0	0	0	0	0
XCHTIME	2718	1	0	11125046	3211	33301	28043	0	11060491	124758944265472	124758936317056	7488
XCHTIME	0	0	0	0	0	0	0	0	0	0	0	0
XCHTIME	2718	4	6	2611485	4337	69696	129441	793	2407218	124758944265472	124758936317056	7488
LIFT	slay09h	2718	1206	5040	1206
COUNTS	slay09h	2718	7488	36057	32385
XCHTIME	0	0	0	0	0	0	0	0	0	0	0	0
XCHTIME	974	2	4	1292928	34771	3752	5780	182	1248443	124758944287232	124758956443296	5982
XCHTIME	0	0	0	0	0	0	0	0	0	0	0	0
XCHTIME	974	2	6	8916335	1213	3217	7570	236	8904099	124758944287232	124758956443296	5982
XCHTIME	0	0	0	0	0	0	0	0	0	0	0	0
XCHTIME	974	2	5	4627997	2003	4632	6231	210	4614921	124758944287232	124758956443296	5982
XCHTIME	0	0	0	0	0	0	0	0	0	0	0	0
XCHTIME	974	3	15	17544158	1782	4902	12610	497	17524367	124758944287232	124758956443296	5982
LADGATE	974	10000	0.480	1
XCHTIME	0	0	0	0	0	0	0	0	0	0	0	0
XCHTIME	974	5	26	40293661	2656	5969	22949	1023	40261064	124758944287232	124758956443296	5982
XCHTIME	0	0	0	0	0	0	0	0	0	0	0	0
XCHTIME	974	3	57	7040299	2548	5800	15021	1904	7015026	124758944287232	124758956443296	5982
XCHTIME	0	0	0	0	0	0	0	0	0	0	0	0
XCHTIME	974	4	15	4648626	2833	4834	14118	890	4625951	124758944287232	124758956443296	5982
XCHTIME	0	0	0	0	0	0	0	0	0	0	0	0
XCHTIME	974	4	10	2427115	2040	4778	12782	576	2406939	124758944287232	124758956443296	5982
XCHTIME	0	0	0	0	0	0	0	0	0	0	0	0
XCHTIME	974	3	15	17468657	1212	4032	16346	697	17446370	124758944287232	124758956443296	5982
XCHTIME	0	0	0	0	0	0	0	0	0	0	0	0
XCHTIME	974	4	11	1399012	6567	6707	11594	767	1373377	124758944287232	124758956443296	5982
XCHTIME	0	0	0	0	0	0	0	0	0	0	0	0
XCHTIME	974	4	14	9178198	1362	3178	14067	849	9158742	124758944287232	124758956443296	5982
XCHTIME	0	0	0	0	0	0	0	0	0	0	0	0
XCHTIME	974	4	13	17151795	2118	6020	17345	682	17125630	124758944287232	124758956443296	5982
XCHTIME	0	0	0	0	0	0	0	0	0	0	0	0
XCHTIME	974	1	0	16849015	2645	5229	2777	0	16838364	124758944287232	124758956443296	5982
XCHTIME	0	0	0	0	0	0	0	0	0	0	0	0
XCHTIME	974	4	6	840181	3111	11265	12168	354	813283	124758944287232	124758956443296	5982
LIFT	ndcc12	974	902	6222	902
COUNTS	ndcc12	974	5982	345696	329556
XCHTIME	0	0	0	0	0	0	0	0	0	0	0	0
XCHTIME	1306	2	4	1635017	26359	5424	9293	375	1593566	124758940713312	124758947956704	5378
XCHTIME	0	0	0	0	0	0	0	0	0	0	0	0
XCHTIME	1306	2	6	7310641	1222	4292	16021	599	7288507	124758940713312	124758947956704	5378
XCHTIME	0	0	0	0	0	0	0	0	0	0	0	0
XCHTIME	1306	2	5	5253224	3012	6837	11483	437	5231455	124758940713312	124758947956704	5378
XCHTIME	0	0	0	0	0	0	0	0	0	0	0	0
XCHTIME	1306	3	15	15305931	1939	7315	24961	1116	15270600	124758940713312	124758947956704	5378
LADGATE	1306	10000	0.413	1
XCHTIME	0	0	0	0	0	0	0	0	0	0	0	0
XCHTIME	1306	5	26	34102731	2893	13454	47023	2372	34036989	124758940713312	124758947956704	5378
XCHTIME	0	0	0	0	0	0	0	0	0	0	0	0
XCHTIME	1306	1	0	6650860	2987	11377	5187	0	6631309	124758940713312	124758947956704	5378
XCHTIME	0	0	0	0	0	0	0	0	0	0	0	0
XCHTIME	1306	4	15	6782020	3497	18450	26047	1007	6733019	124758940713312	124758947956704	5378
XCHTIME	0	0	0	0	0	0	0	0	0	0	0	0
XCHTIME	1306	4	10	3028061	2202	8235	20672	725	2996227	124758940713312	124758947956704	5378
XCHTIME	0	0	0	0	0	0	0	0	0	0	0	0
XCHTIME	1306	3	15	15390833	1821	5715	26485	1257	15355555	124758940713312	124758947956704	5378
XCHTIME	0	0	0	0	0	0	0	0	0	0	0	0
XCHTIME	1306	4	11	2630359	3042	10240	24402	1065	2591610	124758940713312	124758947956704	5378
XCHTIME	0	0	0	0	0	0	0	0	0	0	0	0
XCHTIME	1306	4	14	10602826	1911	7106	30580	1258	10561971	124758940713312	124758947956704	5378
XCHTIME	0	0	0	0	0	0	0	0	0	0	0	0
XCHTIME	1306	4	13	16046505	3170	7630	29383	1116	16005206	124758940713312	124758947956704	5378
XCHTIME	0	0	0	0	0	0	0	0	0	0	0	0
XCHTIME	1306	1	0	15314693	2004	9320	4966	0	15298403	124758940713312	124758947956704	5378
XCHTIME	0	0	0	0	0	0	0	0	0	0	0	0
XCHTIME	1306	4	6	1391202	3662	16843	20886	489	1349322	124758940713312	124758947956704	5378
LIFT	kall_circlesrectangles_c6r39	1306	924	4638	924
COUNTS	kall_circlesrectangles_c6r39	1306	5378	75744	74610
XCHTIME	0	0	0	0	0	0	0	0	0	0	0	0
XCHTIME	9170	1	0	4382000	1625457	782966	790155	0	1183422	124758935499392	124758935572768	24000
XCHTIME	0	0	0	0	0	0	0	0	0	0	0	0
XCHTIME	9170	1	0	4618914	12989	790081	794775	0	3021069	124758935499392	124758935572768	24000
XCHTIME	0	0	0	0	0	0	0	0	0	0	0	0
XCHTIME	9170	1	0	3786733	13538	826003	814219	0	2132973	124758935499392	124758935572768	24000
XCHTIME	0	0	0	0	0	0	0	0	0	0	0	0
XCHTIME	9170	2	5	9209825	14400	785492	1612215	2924	6794794	124758935499392	124758935572768	24000
LADGATE	9170	10000	0.515	1
XCHTIME	0	0	0	0	0	0	0	0	0	0	0	0
XCHTIME	9170	5	26	27190705	15032	819547	3997111	13215	22345800	124758935499392	124758935572768	24000
XCHTIME	0	0	0	0	0	0	0	0	0	0	0	0
XCHTIME	9170	1	0	4658915	13374	810699	786998	0	3047844	124758935499392	124758935572768	24000
XCHTIME	0	0	0	0	0	0	0	0	0	0	0	0
XCHTIME	9170	1	0	4741956	13309	798392	799668	0	3130587	124758935499392	124758935572768	24000
XCHTIME	0	0	0	0	0	0	0	0	0	0	0	0
XCHTIME	9170	2	3	9279037	13552	797919	1595149	1678	6870739	124758935499392	124758935572768	24000
XCHTIME	0	0	0	0	0	0	0	0	0	0	0	0
XCHTIME	9170	2	5	9200078	13479	779290	1609880	2624	6794805	124758935499392	124758935572768	24000
XCHTIME	0	0	0	0	0	0	0	0	0	0	0	0
XCHTIME	9170	2	3	9386064	13682	791413	1581301	1589	6998079	124758935499392	124758935572768	24000
XCHTIME	0	0	0	0	0	0	0	0	0	0	0	0
XCHTIME	9170	2	4	9236910	13109	802251	1555088	2434	6864028	124758935499392	124758935572768	24000
XCHTIME	0	0	0	0	0	0	0	0	0	0	0	0
XCHTIME	9170	2	4	9356374	13387	803539	1579782	2238	6957428	124758935499392	124758935572768	24000
XCHTIME	0	0	0	0	0	0	0	0	0	0	0	0
XCHTIME	9170	2	5	9749980	12528	786959	1587318	2843	7360332	124758935499392	124758935572768	24000
XCHTIME	0	0	0	0	0	0	0	0	0	0	0	0
XCHTIME	9170	2	3	8989991	12842	803505	1604700	2112	6566832	124758935499392	124758935572768	24000
LIFT	squfl020-150	9170	3170	12000	3170
COUNTS	squfl020-150	9170	24000	135020	135020
COUNTS	autocorr_bern40-30	43	1534	20034	20034
XCHTIME	0	0	0	0	0	0	0	0	0	0	0	0
XCHTIME	660	2	4	246394	18578	3783	3300	225	220508	124758935478512	124758945866352	2016
XCHTIME	0	0	0	0	0	0	0	0	0	0	0	0
XCHTIME	660	2	6	1042299	406	2071	3331	392	1036099	124758935478512	124758945866352	2016
XCHTIME	0	0	0	0	0	0	0	0	0	0	0	0
XCHTIME	660	2	5	433946	878	5222	3398	338	424110	124758935478512	124758945866352	2016
XCHTIME	0	0	0	0	0	0	0	0	0	0	0	0
XCHTIME	660	4	18	1724907	736	3448	7285	1183	1712255	124758935478512	124758945866352	2016
LADGATE	660	10000	0.266	1
XCHTIME	0	0	0	0	0	0	0	0	0	0	0	0
XCHTIME	660	5	26	2303348	1500	4901	8704	1605	2286638	124758935478512	124758945866352	2016
XCHTIME	0	0	0	0	0	0	0	0	0	0	0	0
XCHTIME	660	1	0	6790499	1074	3009	1526	0	6784890	124758935478512	124758945866352	2016
XCHTIME	0	0	0	0	0	0	0	0	0	0	0	0
XCHTIME	660	4	15	588456	1621	5287	6323	864	574361	124758935478512	124758945866352	2016
XCHTIME	0	0	0	0	0	0	0	0	0	0	0	0
XCHTIME	660	4	10	417617	463	2193	6531	364	408066	124758935478512	124758945866352	2016
XCHTIME	0	0	0	0	0	0	0	0	0	0	0	0
XCHTIME	660	4	18	1754117	634	2280	7449	1102	1742652	124758935478512	124758945866352	2016
XCHTIME	0	0	0	0	0	0	0	0	0	0	0	0
XCHTIME	660	4	11	349114	1020	2625	5992	508	338969	124758935478512	124758945866352	2016
XCHTIME	0	0	0	0	0	0	0	0	0	0	0	0
XCHTIME	660	4	14	785116	337	1920	6458	725	775676	124758935478512	124758945866352	2016
XCHTIME	0	0	0	0	0	0	0	0	0	0	0	0
XCHTIME	660	4	13	1088827	879	2598	6968	684	1077698	124758935478512	124758945866352	2016
XCHTIME	0	0	0	0	0	0	0	0	0	0	0	0
XCHTIME	660	4	16	5183446	581	2781	10935	996	5168153	124758935478512	124758945866352	2016
XCHTIME	0	0	0	0	0	0	0	0	0	0	0	0
XCHTIME	660	4	6	331346	1610	6402	6199	298	316837	124758935478512	124758945866352	2016
LIFT	slay08m	660	268	1232	268
COUNTS	slay08m	660	2016	7796	7796
XCHTIME	0	0	0	0	0	0	0	0	0	0	0	0
XCHTIME	2032	1	0	2953609	72596	28673	20480	0	2831860	124758936285728	124758948022256	15900
XCHTIME	0	0	0	0	0	0	0	0	0	0	0	0
XCHTIME	2032	1	0	7493836	5124	24226	13716	0	7450770	124758936285728	124758948022256	15900
XCHTIME	0	0	0	0	0	0	0	0	0	0	0	0
XCHTIME	2032	1	0	5654776	5740	35619	20321	0	5593096	124758936285728	124758948022256	15900
XCHTIME	0	0	0	0	0	0	0	0	0	0	0	0
XCHTIME	2032	1	0	15097028	6115	34521	13604	0	15042788	124758936285728	124758948022256	15900
LADGATE	2032	10000	0.584	1
XCHTIME	0	0	0	0	0	0	0	0	0	0	0	0
XCHTIME	2032	4	10	11701626	6840	33402	67874	2161	11591349	124758936285728	124758948022256	15900
XCHTIME	0	0	0	0	0	0	0	0	0	0	0	0
XCHTIME	2032	3	57	6196914	5348	33659	62058	9638	6086211	124758936285728	124758948022256	15900
XCHTIME	0	0	0	0	0	0	0	0	0	0	0	0
XCHTIME	2032	2	4	6241569	5697	21861	39432	797	6173782	124758936285728	124758948022256	15900
XCHTIME	0	0	0	0	0	0	0	0	0	0	0	0
XCHTIME	2032	4	10	7245411	6089	23583	59444	1724	7154571	124758936285728	124758948022256	15900
XCHTIME	0	0	0	0	0	0	0	0	0	0	0	0
XCHTIME	2032	1	0	15691456	4725	16206	10943	0	15659582	124758936285728	124758948022256	15900
XCHTIME	0	0	0	0	0	0	0	0	0	0	0	0
XCHTIME	2032	4	11	5144230	5204	35047	66340	2065	5035574	124758936285728	124758948022256	15900
XCHTIME	0	0	0	0	0	0	0	0	0	0	0	0
XCHTIME	2032	3	12	14177137	6098	30230	59767	2442	14078600	124758936285728	124758948022256	15900
XCHTIME	0	0	0	0	0	0	0	0	0	0	0	0
XCHTIME	2032	2	4	15053349	6109	23011	41421	1084	14981724	124758936285728	124758948022256	15900
XCHTIME	0	0	0	0	0	0	0	0	0	0	0	0
XCHTIME	2032	1	0	16552949	6022	25601	13557	0	16507769	124758936285728	124758948022256	15900
XCHTIME	0	0	0	0	0	0	0	0	0	0	0	0
XCHTIME	2032	4	6	4137548	7242	41426	58553	1068	4029259	124758936285728	124758948022256	15900
LIFT	chimera_mgw-c16-2031-01	2032	2021	15902	2021
COUNTS	chimera_mgw-c16-2031-01	2032	15900	3328073	2569662
XCHTIME	0	0	0	0	0	0	0	0	0	0	0	0
XCHTIME	713	2	4	829756	20380	2316	3713	189	803158	124758935483808	124758946059824	2658
XCHTIME	0	0	0	0	0	0	0	0	0	0	0	0
XCHTIME	713	2	6	5699237	958	2498	3833	332	5691616	124758935483808	124758946059824	2658
XCHTIME	0	0	0	0	0	0	0	0	0	0	0	0
XCHTIME	713	2	5	1787784	1216	2540	3361	235	1780432	124758935483808	124758946059824	2658
XCHTIME	0	0	0	0	0	0	0	0	0	0	0	0
XCHTIME	713	4	18	11472588	897	2290	7677	1195	11460529	124758935483808	124758946059824	2658
LADGATE	713	10000	0.404	1
XCHTIME	0	0	0	0	0	0	0	0	0	0	0	0
XCHTIME	713	5	26	14270299	1495	3778	9811	1678	14253537	124758935483808	124758946059824	2658
XCHTIME	0	0	0	0	0	0	0	0	0	0	0	0
XCHTIME	713	4	66	2702687	1651	2490	7274	3603	2687669	124758935483808	124758946059824	2658
XCHTIME	0	0	0	0	0	0	0	0	0	0	0	0
XCHTIME	713	4	15	2570777	1373	3092	7217	746	2558349	124758935483808	124758946059824	2658
XCHTIME	0	0	0	0	0	0	0	0	0	0	0	0
XCHTIME	713	4	10	1585116	1010	3212	7393	447	1573054	124758935483808	124758946059824	2658
XCHTIME	0	0	0	0	0	0	0	0	0	0	0	0
XCHTIME	713	4	18	11364084	733	2431	8097	1050	11351773	124758935483808	124758946059824	2658
XCHTIME	0	0	0	0	0	0	0	0	0	0	0	0
XCHTIME	713	4	11	1030840	1035	2713	6676	440	1019976	124758935483808	124758946059824	2658
XCHTIME	0	0	0	0	0	0	0	0	0	0	0	0
XCHTIME	713	4	14	4112171	704	2234	6743	749	4101741	124758935483808	124758946059824	2658
XCHTIME	0	0	0	0	0	0	0	0	0	0	0	0
XCHTIME	713	4	13	7053686	756	2270	8478	723	7041459	124758935483808	124758946059824	2658
XCHTIME	0	0	0	0	0	0	0	0	0	0	0	0
XCHTIME	713	2	5	14732873	1450	3186	6905	246	14721086	124758935483808	124758946059824	2658
XCHTIME	0	0	0	0	0	0	0	0	0	0	0	0
XCHTIME	713	4	6	642064	1639	6356	6875	246	626948	124758935483808	124758946059824	2658
LIFT	forest	713	404	2076	404
COUNTS	forest	713	2658	10614	10543
XCHTIME	0	0	0	0	0	0	0	0	0	0	0	0
XCHTIME	280	2	4	529258	47746	1595	839	224	478854	124758936173456	124758943572992	29636
XCHTIME	0	0	0	0	0	0	0	0	0	0	0	0
XCHTIME	280	2	6	10139604	3975	1397	892	381	10132959	124758936173456	124758943572992	29636
XCHTIME	0	0	0	0	0	0	0	0	0	0	0	0
XCHTIME	280	2	5	2770587	6323	1830	847	320	2761267	124758936173456	124758943572992	29636
XCHTIME	0	0	0	0	0	0	0	0	0	0	0	0
XCHTIME	280	4	18	20411597	5305	1641	2580	1261	20400810	124758936173456	124758943572992	29636
LADGATE	280	10000	0.167	1
XCHTIME	0	0	0	0	0	0	0	0	0	0	0	0
XCHTIME	280	4	10	878704	7547	2264	1940	576	866377	124758936173456	124758943572992	29636
XCHTIME	0	0	0	0	0	0	0	0	0	0	0	0
XCHTIME	280	4	66	355743	5463	1439	1124	3476	344241	124758936173456	124758943572992	29636
XCHTIME	0	0	0	0	0	0	0	0	0	0	0	0
XCHTIME	280	4	15	2399195	3011	1120	1885	810	2392369	124758936173456	124758943572992	29636
XCHTIME	0	0	0	0	0	0	0	0	0	0	0	0
XCHTIME	280	4	10	872734	5110	1200	1680	469	864275	124758936173456	124758943572992	29636
XCHTIME	0	0	0	0	0	0	0	0	0	0	0	0
XCHTIME	280	4	18	20519967	3129	1032	2211	1189	20512406	124758936173456	124758943572992	29636
XCHTIME	0	0	0	0	0	0	0	0	0	0	0	0
XCHTIME	280	4	11	582907	6772	1547	1734	557	572297	124758936173456	124758943572992	29636
XCHTIME	0	0	0	0	0	0	0	0	0	0	0	0
XCHTIME	280	4	14	5381616	4723	1038	1543	662	5373650	124758936173456	124758943572992	29636
XCHTIME	0	0	0	0	0	0	0	0	0	0	0	0
XCHTIME	280	4	13	10931104	4251	1036	2694	1045	10922078	124758936173456	124758943572992	29636
XCHTIME	0	0	0	0	0	0	0	0	0	0	0	0
XCHTIME	280	2	5	20531919	6910	2154	1563	381	20520911	124758936173456	124758943572992	29636
XCHTIME	0	0	0	0	0	0	0	0	0	0	0	0
XCHTIME	280	4	6	407701	8704	1893	1595	294	395215	124758936173456	124758943572992	29636
LIFT	qspp_0_10_0_1_10_1	280	244	29450	244
COUNTS	qspp_0_10_0_1_10_1	280	29636	1942907	1932414
XCHTIME	0	0	0	0	0	0	0	0	0	0	0	0
XCHTIME	16	2	4	29561	2506	957	131	155	25812	124758934976272	124758944465664	58
XCHTIME	0	0	0	0	0	0	0	0	0	0	0	0
XCHTIME	16	2	6	88674	198	336	67	190	87883	124758934976272	124758944465664	58
XCHTIME	0	0	0	0	0	0	0	0	0	0	0	0
XCHTIME	16	2	5	46554	180	279	91	149	45855	124758934976272	124758944465664	58
XCHTIME	0	0	0	0	0	0	0	0	0	0	0	0
XCHTIME	16	4	18	318222	128	256	195	580	317063	124758934976272	124758944465664	58
LADGATE	16	10000	0.142	1
XCHTIME	0	0	0	0	0	0	0	0	0	0	0	0
XCHTIME	16	5	26	335761	398	775	197	894	333497	124758934976272	124758944465664	58
XCHTIME	0	0	0	0	0	0	0	0	0	0	0	0
XCHTIME	16	4	41	12481	148	328	133	1279	10593	124758934976272	124758944465664	58
XCHTIME	0	0	0	0	0	0	0	0	0	0	0	0
XCHTIME	16	4	15	40624	118	256	138	378	39734	124758934976272	124758944465664	58
XCHTIME	0	0	0	0	0	0	0	0	0	0	0	0
XCHTIME	16	4	10	38464	94	240	159	240	37731	124758934976272	124758944465664	58
XCHTIME	0	0	0	0	0	0	0	0	0	0	0	0
XCHTIME	16	4	18	311421	69	207	145	511	310489	124758934976272	124758944465664	58
XCHTIME	0	0	0	0	0	0	0	0	0	0	0	0
XCHTIME	16	4	11	30914	95	243	124	263	30189	124758934976272	124758944465664	58
XCHTIME	0	0	0	0	0	0	0	0	0	0	0	0
XCHTIME	16	4	14	63693	65	219	147	357	62905	124758934976272	124758944465664	58
XCHTIME	0	0	0	0	0	0	0	0	0	0	0	0
XCHTIME	16	4	13	104790	82	199	144	2600	101765	124758934976272	124758944465664	58
XCHTIME	0	0	0	0	0	0	0	0	0	0	0	0
XCHTIME	16	4	16	1085165	85	207	167	521	1084185	124758934976272	124758944465664	58
XCHTIME	0	0	0	0	0	0	0	0	0	0	0	0
XCHTIME	16	4	6	17176	263	335	133	163	16282	124758934976272	124758944465664	58
COUNTS	st_ph1	16	58	274	233
XCHTIME	0	0	0	0	0	0	0	0	0	0	0	0
XCHTIME	124	2	4	77666	5748	1408	563	96	69851	124758944131968	124758941563616	376
XCHTIME	0	0	0	0	0	0	0	0	0	0	0	0
XCHTIME	124	2	6	455210	236	753	539	159	453523	124758944131968	124758941563616	376
XCHTIME	0	0	0	0	0	0	0	0	0	0	0	0
XCHTIME	124	2	5	199427	262	799	327	116	197923	124758944131968	124758941563616	376
XCHTIME	0	0	0	0	0	0	0	0	0	0	0	0
XCHTIME	124	4	18	1198874	176	648	694	381	1196975	124758944131968	124758941563616	376
LADGATE	124	10000	0.186	1
XCHTIME	0	0	0	0	0	0	0	0	0	0	0	0
XCHTIME	124	5	26	1532859	533	1772	870	572	1529112	124758944131968	124758941563616	376
XCHTIME	0	0	0	0	0	0	0	0	0	0	0	0
XCHTIME	124	4	66	98859	332	782	656	1385	95704	124758944131968	124758941563616	376
XCHTIME	0	0	0	0	0	0	0	0	0	0	0	0
XCHTIME	124	4	15	203677	138	795	723	307	201714	124758944131968	124758941563616	376
XCHTIME	0	0	0	0	0	0	0	0	0	0	0	0
XCHTIME	124	4	10	116471	148	594	555	201	114973	124758944131968	124758941563616	376
XCHTIME	0	0	0	0	0	0	0	0	0	0	0	0
XCHTIME	124	4	18	1220263	153	791	667	388	1218264	124758944131968	124758941563616	376
XCHTIME	0	0	0	0	0	0	0	0	0	0	0	0
XCHTIME	124	4	11	72744	155	562	521	222	71284	124758944131968	124758941563616	376
XCHTIME	0	0	0	0	0	0	0	0	0	0	0	0
XCHTIME	124	4	14	361141	135	480	660	282	359584	124758944131968	124758941563616	376
XCHTIME	0	0	0	0	0	0	0	0	0	0	0	0
XCHTIME	124	4	13	626002	187	561	659	280	624315	124758944131968	124758941563616	376
XCHTIME	0	0	0	0	0	0	0	0	0	0	0	0
XCHTIME	124	4	16	3406972	170	633	1004	423	3404742	124758944131968	124758941563616	376
XCHTIME	0	0	0	0	0	0	0	0	0	0	0	0
XCHTIME	124	4	6	41899	377	985	563	152	39822	124758944131968	124758941563616	376
LIFT	elf	124	65	258	65
COUNTS	elf	124	376	2733	2173
XCHTIME	0	0	0	0	0	0	0	0	0	0	0	0
XCHTIME	18	2	4	30496	1717	484	128	123	28044	124758935381952	124758946084416	36
XCHTIME	0	0	0	0	0	0	0	0	0	0	0	0
XCHTIME	18	2	6	77359	399	298	100	169	76393	124758935381952	124758946084416	36
XCHTIME	0	0	0	0	0	0	0	0	0	0	0	0
XCHTIME	18	2	5	70855	125	383	82	134	70131	124758935381952	124758946084416	36
XCHTIME	0	0	0	0	0	0	0	0	0	0	0	0
XCHTIME	18	4	18	79151	86	223	167	474	78201	124758935381952	124758946084416	36
LADGATE	18	10000	0.139	1
XCHTIME	0	0	0	0	0	0	0	0	0	0	0	0
XCHTIME	18	5	26	98856	548	873	228	744	96463	124758935381952	124758946084416	36
XCHTIME	0	0	0	0	0	0	0	0	0	0	0	0
XCHTIME	18	4	45	72040	129	306	162	1026	70417	124758935381952	124758946084416	36
XCHTIME	0	0	0	0	0	0	0	0	0	0	0	0
XCHTIME	18	4	15	57387	78	231	170	335	56573	124758935381952	124758946084416	36
XCHTIME	0	0	0	0	0	0	0	0	0	0	0	0
XCHTIME	18	4	10	48102	105	212	163	224	47398	124758935381952	124758946084416	36
XCHTIME	0	0	0	0	0	0	0	0	0	0	0	0
XCHTIME	18	4	18	80326	57	207	160	410	79492	124758935381952	124758946084416	36
XCHTIME	0	0	0	0	0	0	0	0	0	0	0	0
XCHTIME	18	4	11	26532	79	207	159	234	25853	124758935381952	124758946084416	36
XCHTIME	0	0	0	0	0	0	0	0	0	0	0	0
XCHTIME	18	4	14	88987	62	212	166	316	88231	124758935381952	124758946084416	36
XCHTIME	0	0	0	0	0	0	0	0	0	0	0	0
XCHTIME	18	4	13	103302	60	222	163	293	102564	124758935381952	124758946084416	36
XCHTIME	0	0	0	0	0	0	0	0	0	0	0	0
XCHTIME	18	4	16	99073	60	184	146	360	98323	124758935381952	124758946084416	36
XCHTIME	0	0	0	0	0	0	0	0	0	0	0	0
XCHTIME	18	4	6	14725	71	204	157	119	14174	124758935381952	124758946084416	36
COUNTS	ex3_1_3	18	36	90	83
COUNTS	cvxnonsep_normcon40r	162	322	645	645
XCHTIME	0	0	0	0	0	0	0	0	0	0	0	0
XCHTIME	155	2	4	96103	6271	766	538	147	88381	124758940636128	124758935489536	618
XCHTIME	0	0	0	0	0	0	0	0	0	0	0	0
XCHTIME	155	2	6	577275	269	704	392	142	575768	124758940636128	124758935489536	618
XCHTIME	0	0	0	0	0	0	0	0	0	0	0	0
XCHTIME	155	2	5	236724	233	860	437	120	235074	124758940636128	124758935489536	618
XCHTIME	0	0	0	0	0	0	0	0	0	0	0	0
XCHTIME	155	4	18	1128016	192	734	745	366	1125979	124758940636128	124758935489536	618
LADGATE	155	10000	0.246	1
XCHTIME	0	0	0	0	0	0	0	0	0	0	0	0
XCHTIME	155	5	26	1527260	643	2211	1147	611	1522648	124758940636128	124758935489536	618
XCHTIME	0	0	0	0	0	0	0	0	0	0	0	0
XCHTIME	155	4	66	242193	414	745	702	1378	238954	124758940636128	124758935489536	618
XCHTIME	0	0	0	0	0	0	0	0	0	0	0	0
XCHTIME	155	4	15	259722	165	983	792	335	257447	124758940636128	124758935489536	618
XCHTIME	0	0	0	0	0	0	0	0	0	0	0	0
XCHTIME	155	4	10	151292	258	722	651	202	149459	124758940636128	124758935489536	618
XCHTIME	0	0	0	0	0	0	0	0	0	0	0	0
XCHTIME	155	4	18	1141151	160	842	810	401	1138938	124758940636128	124758935489536	618
XCHTIME	0	0	0	0	0	0	0	0	0	0	0	0
XCHTIME	155	4	11	93335	426	1121	626	227	90935	124758940636128	124758935489536	618
XCHTIME	0	0	0	0	0	0	0	0	0	0	0	0
XCHTIME	155	4	14	411441	184	633	707	307	409610	124758940636128	124758935489536	618
XCHTIME	0	0	0	0	0	0	0	0	0	0	0	0
XCHTIME	155	4	13	734630	194	598	713	262	732863	124758940636128	124758935489536	618
XCHTIME	0	0	0	0	0	0	0	0	0	0	0	0
XCHTIME	155	4	16	4892419	176	649	1142	366	4890086	124758940636128	124758935489536	618
XCHTIME	0	0	0	0	0	0	0	0	0	0	0	0
XCHTIME	155	4	6	69037	639	1752	606	158	65882	124758940636128	124758935489536	618
LIFT	demo7	155	66	448	66
COUNTS	demo7	155	618	3579	3426
XCHTIME	0	0	0	0	0	0	0	0	0	0	0	0
XCHTIME	615	2	4	722815	16004	2832	3072	173	700734	124758944296992	124758936175712	2580
XCHTIME	0	0	0	0	0	0	0	0	0	0	0	0
XCHTIME	615	2	6	6046284	815	2271	2894	263	6040041	124758944296992	124758936175712	2580
XCHTIME	0	0	0	0	0	0	0	0	0	0	0	0
XCHTIME	615	2	5	2032548	1217	3374	2901	284	2024772	124758944296992	124758936175712	2580
XCHTIME	0	0	0	0	0	0	0	0	0	0	0	0
XCHTIME	615	4	18	11283731	600	1957	5509	825	11274840	124758944296992	124758936175712	2580
LADGATE	615	10000	0.369	1
XCHTIME	0	0	0	0	0	0	0	0	0	0	0	0
XCHTIME	615	5	26	14396740	1051	2958	6790	1214	14384727	124758944296992	124758936175712	2580
XCHTIME	0	0	0	0	0	0	0	0	0	0	0	0
XCHTIME	615	4	66	4863072	1119	2223	7788	3563	4848379	124758944296992	124758936175712	2580
XCHTIME	0	0	0	0	0	0	0	0	0	0	0	0
XCHTIME	615	4	15	2257305	1884	3958	5561	614	2245288	124758944296992	124758936175712	2580
XCHTIME	0	0	0	0	0	0	0	0	0	0	0	0
XCHTIME	615	4	10	1287164	759	2368	6004	411	1277622	124758944296992	124758936175712	2580
XCHTIME	0	0	0	0	0	0	0	0	0	0	0	0
XCHTIME	615	4	18	11433945	841	2009	7248	844	11423003	124758944296992	124758936175712	2580
XCHTIME	0	0	0	0	0	0	0	0	0	0	0	0
XCHTIME	615	4	11	874300	1544	2300	5220	440	864796	124758944296992	124758936175712	2580
XCHTIME	0	0	0	0	0	0	0	0	0	0	0	0
XCHTIME	615	4	14	3893713	831	1881	6212	572	3884217	124758944296992	124758936175712	2580
XCHTIME	0	0	0	0	0	0	0	0	0	0	0	0
XCHTIME	615	4	13	6607925	1054	2518	5791	620	6597942	124758944296992	124758936175712	2580
XCHTIME	0	0	0	0	0	0	0	0	0	0	0	0
XCHTIME	615	2	5	16378208	1127	2318	5666	297	16368800	124758944296992	124758936175712	2580
XCHTIME	0	0	0	0	0	0	0	0	0	0	0	0
XCHTIME	615	4	6	595215	2024	5370	5242	274	582305	124758944296992	124758936175712	2580
LIFT	waternd2	615	338	2036	338
COUNTS	waternd2	615	2580	155674	74817
XCHTIME	0	0	0	0	0	0	0	0	0	0	0	0
XCHTIME	64	2	4	64187	5672	483	279	139	57614	124758944141312	124758937525600	292
XCHTIME	0	0	0	0	0	0	0	0	0	0	0	0
XCHTIME	64	2	6	410792	183	639	237	173	409560	124758944141312	124758937525600	292
XCHTIME	0	0	0	0	0	0	0	0	0	0	0	0
XCHTIME	64	2	5	141592	194	518	206	114	140560	124758944141312	124758937525600	292
XCHTIME	0	0	0	0	0	0	0	0	0	0	0	0
XCHTIME	64	4	18	952061	153	517	451	388	950552	124758944141312	124758937525600	292
LADGATE	64	10000	0.200	1
XCHTIME	0	0	0	0	0	0	0	0	0	0	0	0
XCHTIME	64	5	26	1008533	430	904	549	597	1006053	124758944141312	124758937525600	292
XCHTIME	0	0	0	0	0	0	0	0	0	0	0	0
XCHTIME	64	4	66	628446	262	634	374	1644	625532	124758944141312	124758937525600	292
XCHTIME	0	0	0	0	0	0	0	0	0	0	0	0
XCHTIME	64	4	15	163081	252	464	347	322	161696	124758944141312	124758937525600	292
XCHTIME	0	0	0	0	0	0	0	0	0	0	0	0
XCHTIME	64	4	10	85846	164	518	340	202	84622	124758944141312	124758937525600	292
XCHTIME	0	0	0	0	0	0	0	0	0	0	0	0
XCHTIME	64	4	18	964146	147	399	398	405	962797	124758944141312	124758937525600	292
XCHTIME	0	0	0	0	0	0	0	0	0	0	0	0
XCHTIME	64	4	11	57369	261	551	330	244	55983	124758944141312	124758937525600	292
XCHTIME	0	0	0	0	0	0	0	0	0	0	0	0
XCHTIME	64	4	14	322889	173	308	434	349	321625	124758944141312	124758937525600	292
XCHTIME	0	0	0	0	0	0	0	0	0	0	0	0
XCHTIME	64	4	13	304392	306	472	363	260	302991	124758944141312	124758937525600	292
XCHTIME	0	0	0	0	0	0	0	0	0	0	0	0
XCHTIME	64	4	16	1847173	159	498	491	384	1845641	124758944141312	124758937525600	292
XCHTIME	0	0	0	0	0	0	0	0	0	0	0	0
XCHTIME	64	4	6	39908	673	561	304	135	38235	124758944141312	124758937525600	292
LIFT	prolog	64	42	248	42
COUNTS	prolog	64	292	1245	1225
XCHTIME	0	0	0	0	0	0	0	0	0	0	0	0
XCHTIME	11	2	4	65477	2118	447	158	93	62661	124758944127888	124758940635152	30
XCHTIME	0	0	0	0	0	0	0	0	0	0	0	0
XCHTIME	11	2	6	147760	406	287	76	192	146799	124758944127888	124758940635152	30
XCHTIME	0	0	0	0	0	0	0	0	0	0	0	0
XCHTIME	11	2	5	41967	162	311	78	134	41282	124758944127888	124758940635152	30
XCHTIME	0	0	0	0	0	0	0	0	0	0	0	0
XCHTIME	11	4	18	162440	99	267	153	482	161439	124758944127888	124758940635152	30
LADGATE	11	10000	0.110	1
XCHTIME	0	0	0	0	0	0	0	0	0	0	0	0
XCHTIME	11	5	26	175317	349	490	167	852	173459	124758944127888	124758940635152	30
XCHTIME	0	0	0	0	0	0	0	0	0	0	0	0
XCHTIME	11	4	31	140834	188	308	109	915	139314	124758944127888	124758940635152	30
XCHTIME	0	0	0	0	0	0	0	0	0	0	0	0
XCHTIME	11	4	15	39208	112	299	113	336	38348	124758944127888	124758940635152	30
XCHTIME	0	0	0	0	0	0	0	0	0	0	0	0
XCHTIME	11	4	10	30098	89	248	123	213	29425	124758944127888	124758940635152	30
XCHTIME	0	0	0	0	0	0	0	0	0	0	0	0
XCHTIME	11	4	18	156317	76	223	107	433	155478	124758944127888	124758940635152	30
XCHTIME	0	0	0	0	0	0	0	0	0	0	0	0
XCHTIME	11	4	11	23345	73	241	104	245	22682	124758944127888	124758940635152	30
XCHTIME	0	0	0	0	0	0	0	0	0	0	0	0
XCHTIME	11	4	14	80789	79	228	107	349	80026	124758944127888	124758940635152	30
XCHTIME	0	0	0	0	0	0	0	0	0	0	0	0
XCHTIME	11	4	13	215599	64	227	106	309	214893	124758944127888	124758940635152	30
XCHTIME	0	0	0	0	0	0	0	0	0	0	0	0
XCHTIME	11	4	16	219166	83	227	116	508	218232	124758944127888	124758940635152	30
XCHTIME	0	0	0	0	0	0	0	0	0	0	0	0
XCHTIME	11	4	6	14365	157	236	112	122	13738	124758944127888	124758940635152	30
COUNTS	ex14_1_8	11	30	80	80
LIFT	faclay75	272878	137826	1109602	137826
COUNTS	faclay75	272878	1379706	3204527350	3013800414
XCHTIME	0	0	0	0	0	0	0	0	0	0	0	0
XCHTIME	55	2	4	77665	5482	646	493	107	70937	124758941255616	124758936204400	548
XCHTIME	0	0	0	0	0	0	0	0	0	0	0	0
XCHTIME	55	2	6	701849	287	637	241	210	700474	124758941255616	124758936204400	548
XCHTIME	0	0	0	0	0	0	0	0	0	0	0	0
XCHTIME	55	2	5	253873	261	487	200	113	252812	124758941255616	124758936204400	548
XCHTIME	0	0	0	0	0	0	0	0	0	0	0	0
XCHTIME	55	4	18	1434142	199	405	386	392	1432760	124758941255616	124758936204400	548
LADGATE	55	10000	0.153	1
XCHTIME	0	0	0	0	0	0	0	0	0	0	0	0
XCHTIME	55	5	26	1899435	677	870	488	557	1896843	124758941255616	124758936204400	548
XCHTIME	0	0	0	0	0	0	0	0	0	0	0	0
XCHTIME	55	4	66	21514	191	571	320	1704	18728	124758941255616	124758936204400	548
XCHTIME	0	0	0	0	0	0	0	0	0	0	0	0
XCHTIME	55	4	15	258099	174	460	295	312	256858	124758941255616	124758936204400	548
XCHTIME	0	0	0	0	0	0	0	0	0	0	0	0
XCHTIME	55	4	10	125531	166	376	332	203	124454	124758941255616	124758936204400	548
XCHTIME	0	0	0	0	0	0	0	0	0	0	0	0
XCHTIME	55	4	18	1434327	116	355	345	376	1433135	124758941255616	124758936204400	548
XCHTIME	0	0	0	0	0	0	0	0	0	0	0	0
XCHTIME	55	4	11	71677	319	486	410	258	70204	124758941255616	124758936204400	548
XCHTIME	0	0	0	0	0	0	0	0	0	0	0	0
XCHTIME	55	4	14	422156	168	423	286	305	420974	124758941255616	124758936204400	548
XCHTIME	0	0	0	0	0	0	0	0	0	0	0	0
XCHTIME	55	4	13	910946	229	396	388	314	909619	124758941255616	124758936204400	548
XCHTIME	0	0	0	0	0	0	0	0	0	0	0	0
XCHTIME	55	4	16	5168032	195	380	657	356	5166444	124758941255616	124758936204400	548
XCHTIME	0	0	0	0	0	0	0	0	0	0	0	0
XCHTIME	55	4	6	35600	438	1152	343	148	33519	124758941255616	124758936204400	548
LIFT	st_qpk3	55	33	504	33
COUNTS	st_qpk3	55	548	5467	3762
XCHTIME	0	0	0	0	0	0	0	0	0	0	0	0
XCHTIME	11556	1	0	5670632	2724652	1257873	1273448	0	414659	124758964245920	124758964338384	40860
XCHTIME	0	0	0	0	0	0	0	0	0	0	0	0
XCHTIME	11556	1	0	3531373	20442	1268064	1307396	0	935471	124758964245920	124758964338384	40860
XCHTIME	0	0	0	0	0	0	0	0	0	0	0	0
XCHTIME	11556	1	0	3032629	18763	1233460	1278614	0	501792	124758964245920	124758964338384	40860
XCHTIME	0	0	0	0	0	0	0	0	0	0	0	0
XCHTIME	11556	1	0	11322481	19890	1279262	1272518	0	8750811	124758964245920	124758964338384	40860
LADGATE	11556	10000	0.545	0
XCHTIME	0	0	0	0	0	0	0	0	0	0	0	0
XCHTIME	11556	5	26	132621084	20970	1285850	6528014	14572	124771678	124758964245920	124758964338384	40860
XCHTIME	0	0	0	0	0	0	0	0	0	0	0	0
XCHTIME	11556	1	0	6323265	22238	1274763	1323311	0	3702953	124758964245920	124758964338384	40860
XCHTIME	0	0	0	0	0	0	0	0	0	0	0	0
XCHTIME	11556	1	0	6116809	21012	1271604	1303908	0	3520285	124758964245920	124758964338384	40860
XCHTIME	0	0	0	0	0	0	0	0	0	0	0	0
XCHTIME	11556	1	0	9889855	22476	1265553	1296716	0	7305110	124758964245920	124758964338384	40860
XCHTIME	0	0	0	0	0	0	0	0	0	0	0	0
XCHTIME	11556	1	0	11518127	21939	1270543	1254227	0	8971418	124758964245920	124758964338384	40860
XCHTIME	0	0	0	0	0	0	0	0	0	0	0	0
XCHTIME	11556	1	0	9713493	20812	1288681	1263127	0	7140873	124758964245920	124758964338384	40860
XCHTIME	0	0	0	0	0	0	0	0	0	0	0	0
XCHTIME	11556	1	0	10943477	21910	1342123	1237719	0	8341725	124758964245920	124758964338384	40860
XCHTIME	0	0	0	0	0	0	0	0	0	0	0	0
XCHTIME	11556	1	0	11645770	22191	1272687	1251526	0	9099366	124758964245920	124758964338384	40860
XCHTIME	0	0	0	0	0	0	0	0	0	0	0	0
XCHTIME	11556	1	0	10220983	21588	1267242	1251760	0	7680393	124758964245920	124758964338384	40860
XCHTIME	0	0	0	0	0	0	0	0	0	0	0	0
XCHTIME	11556	1	0	9441948	22334	1322532	1278885	0	6818197	124758964245920	124758964338384	40860
LIFT	mpbp_34	11556	7230	32172	7230
COUNTS	mpbp_34	11556	40860	3093917	891022
COUNTS	cvxnonsep_normcon20r	82	162	325	325
COUNTS	cvxnonsep_psig20r	86	170	341	341
XCHTIME	0	0	0	0	0	0	0	0	0	0	0	0
XCHTIME	18742	0	0	0	0	0	0	0	0	124758947421440	124758954270320	75910
XCHTIME	0	0	0	0	0	0	0	0	0	0	0	0
XCHTIME	18742	1	0	29242549	14046777	12696540	2161936	0	337296	124758947421440	124758954270320	75910
XCHTIME	0	0	0	0	0	0	0	0	0	0	0	0
XCHTIME	18742	0	0	12365700	45288	12320412	0	0	0	124758947421440	124758954270320	75910
XCHTIME	0	0	0	0	0	0	0	0	0	0	0	0
XCHTIME	18742	1	0	20726926	42982	12521956	2225825	0	5936163	124758947421440	124758954270320	75910
LADGATE	18742	10000	0.806	0
XCHTIME	0	0	0	0	0	0	0	0	0	0	0	0
XCHTIME	18742	5	26	294726394	45050	12698369	11000686	17057	270965232	124758947421440	124758954270320	75910
LIFT	crudeoil_pooling_dt2	18742	10735	60222	10735
COUNTS	crudeoil_pooling_dt2	18742	75910	14985540	9905819
XCHTIME	0	0	0	0	0	0	0	0	0	0	0	0
XCHTIME	2868	2	4	2759557	121728	37508	85106	805	2514410	124758956536416	124758943900688	8270
XCHTIME	0	0	0	0	0	0	0	0	0	0	0	0
XCHTIME	2868	1	0	4551966	3653	45623	38731	0	4463959	124758956536416	124758943900688	8270
XCHTIME	0	0	0	0	0	0	0	0	0	0	0	0
XCHTIME	2868	1	0	3876359	3353	52280	39455	0	3781271	124758956536416	124758943900688	8270
XCHTIME	0	0	0	0	0	0	0	0	0	0	0	0
XCHTIME	2868	1	0	11237916	3348	50199	39780	0	11144589	124758956536416	124758943900688	8270
LADGATE	2868	10000	0.922	1
XCHTIME	0	0	0	0	0	0	0	0	0	0	0	0
XCHTIME	2868	5	26	48866108	4505	62375	258806	4914	48535508	124758956536416	124758943900688	8270
XCHTIME	0	0	0	0	0	0	0	0	0	0	0	0
XCHTIME	2868	2	19	4020786	4669	78164	73686	1651	3862616	124758956536416	124758943900688	8270
XCHTIME	0	0	0	0	0	0	0	0	0	0	0	0
XCHTIME	2868	3	12	6761838	4095	59985	137750	2552	6557456	124758956536416	124758943900688	8270
XCHTIME	0	0	0	0	0	0	0	0	0	0	0	0
XCHTIME	2868	4	10	6057189	4383	56348	127750	1203	5867505	124758956536416	124758943900688	8270
XCHTIME	0	0	0	0	0	0	0	0	0	0	0	0
XCHTIME	2868	1	0	11067150	3935	47899	34729	0	10980587	124758956536416	124758943900688	8270
XCHTIME	0	0	0	0	0	0	0	0	0	0	0	0
XCHTIME	2868	4	11	4611360	3278	56221	171997	1941	4377923	124758956536416	124758943900688	8270
XCHTIME	0	0	0	0	0	0	0	0	0	0	0	0
XCHTIME	2868	4	14	12713210	3875	48832	186059	2412	12472032	124758956536416	124758943900688	8270
XCHTIME	0	0	0	0	0	0	0	0	0	0	0	0
XCHTIME	2868	2	4	11732677	4273	41056	69594	949	11616805	124758956536416	124758943900688	8270
XCHTIME	0	0	0	0	0	0	0	0	0	0	0	0
XCHTIME	2868	1	0	9339190	3433	49043	39620	0	9247094	124758956536416	124758943900688	8270
XCHTIME	0	0	0	0	0	0	0	0	0	0	0	0
XCHTIME	2868	4	6	3607415	3425	62006	164228	1011	3376745	124758956536416	124758943900688	8270
LIFT	rsyn0805m03m	2868	1596	5810	1596
COUNTS	rsyn0805m03m	2868	8270	60979	54830
COUNTS	st_iqpbk1	22	98	295	295
XCHTIME	0	0	0	0	0	0	0	0	0	0	0	0
XCHTIME	96	2	4	1200769	1089725	1703	424	256	108661	124758945912848	124758956525232	404
XCHTIME	0	0	0	0	0	0	0	0	0	0	0	0
XCHTIME	96	2	6	857420	382	1114	288	293	855343	124758945912848	124758956525232	404
XCHTIME	0	0	0	0	0	0	0	0	0	0	0	0
XCHTIME	96	2	5	256445	393	896	254	249	254653	124758945912848	124758956525232	404
XCHTIME	0	0	0	0	0	0	0	0	0	0	0	0
XCHTIME	96	4	18	1898497	185	846	530	773	1896163	124758945912848	124758956525232	404
LADGATE	96	10000	0.258	1
XCHTIME	0	0	0	0	0	0	0	0	0	0	0	0
XCHTIME	96	5	26	2307559	407	1450	675	1125	2303902	124758945912848	124758956525232	404
XCHTIME	0	0	0	0	0	0	0	0	0	0	0	0
XCHTIME	96	4	66	723726	360	603	507	2431	719825	124758945912848	124758956525232	404
XCHTIME	0	0	0	0	0	0	0	0	0	0	0	0
XCHTIME	96	4	15	360125	256	863	458	634	357914	124758945912848	124758956525232	404
XCHTIME	0	0	0	0	0	0	0	0	0	0	0	0
XCHTIME	96	4	10	191186	201	638	533	356	189458	124758945912848	124758956525232	404
XCHTIME	0	0	0	0	0	0	0	0	0	0	0	0
XCHTIME	96	4	18	1926209	212	668	550	792	1923987	124758945912848	124758956525232	404
XCHTIME	0	0	0	0	0	0	0	0	0	0	0	0
XCHTIME	96	4	11	121359	350	999	460	486	119064	124758945912848	124758956525232	404
XCHTIME	0	0	0	0	0	0	0	0	0	0	0	0
XCHTIME	96	4	14	593053	158	614	436	557	591288	124758945912848	124758956525232	404
XCHTIME	0	0	0	0	0	0	0	0	0	0	0	0
XCHTIME	96	4	13	1097233	172	658	515	574	1095314	124758945912848	124758956525232	404
XCHTIME	0	0	0	0	0	0	0	0	0	0	0	0
XCHTIME	96	4	16	6038322	169	705	648	784	6036016	124758945912848	124758956525232	404
XCHTIME	0	0	0	0	0	0	0	0	0	0	0	0
XCHTIME	96	4	6	85251	540	1203	445	280	82783	124758945912848	124758956525232	404
LIFT	waterund01	96	47	384	47
COUNTS	waterund01	96	404	4546	3317
XCHTIME	0	0	0	0	0	0	0	0	0	0	0	0
XCHTIME	29	2	4	51467	3705	1372	229	123	46038	124758940728944	124758935497744	120
XCHTIME	0	0	0	0	0	0	0	0	0	0	0	0
XCHTIME	29	2	6	443998	256	498	114	238	442892	124758940728944	124758935497744	120
XCHTIME	0	0	0	0	0	0	0	0	0	0	0	0
XCHTIME	29	2	5	130653	226	317	107	148	129855	124758940728944	124758935497744	120
XCHTIME	0	0	0	0	0	0	0	0	0	0	0	0
XCHTIME	29	4	18	939080	344	279	213	566	937678	124758940728944	124758935497744	120
LADGATE	29	10000	0.150	1
XCHTIME	0	0	0	0	0	0	0	0	0	0	0	0
XCHTIME	29	5	26	994070	542	962	400	990	991176	124758940728944	124758935497744	120
XCHTIME	0	0	0	0	0	0	0	0	0	0	0	0
XCHTIME	29	4	57	90901	208	381	319	1822	88171	124758940728944	124758935497744	120
XCHTIME	0	0	0	0	0	0	0	0	0	0	0	0
XCHTIME	29	4	15	118349	117	275	208	373	117376	124758940728944	124758935497744	120
XCHTIME	0	0	0	0	0	0	0	0	0	0	0	0
XCHTIME	29	4	10	76830	105	266	200	235	76024	124758940728944	124758935497744	120
XCHTIME	0	0	0	0	0	0	0	0	0	0	0	0
XCHTIME	29	4	18	933136	117	263	221	653	931882	124758940728944	124758935497744	120
XCHTIME	0	0	0	0	0	0	0	0	0	0	0	0
XCHTIME	29	4	11	53644	104	289	193	354	52704	124758940728944	124758935497744	120
XCHTIME	0	0	0	0	0	0	0	0	0	0	0	0
XCHTIME	29	4	14	213733	102	234	208	397	212792	124758940728944	124758935497744	120
XCHTIME	0	0	0	0	0	0	0	0	0	0	0	0
XCHTIME	29	4	13	391622	97	260	222	414	390629	124758940728944	124758935497744	120
XCHTIME	0	0	0	0	0	0	0	0	0	0	0	0
XCHTIME	29	4	16	3907855	186	319	220	513	3906617	124758940728944	124758935497744	120
XCHTIME	0	0	0	0	0	0	0	0	0	0	0	0
XCHTIME	29	4	6	31566	294	562	202	202	30306	124758940728944	124758935497744	120
COUNTS	pointpack04	29	120	577	577
XCHTIME	0	0	0	0	0	0	0	0	0	0	0	0
XCHTIME	12	2	4	24938	1344	447	125	94	22928	124758941249232	124758936210960	30
XCHTIME	0	0	0	0	0	0	0	0	0	0	0	0
XCHTIME	12	2	6	294285	315	302	61	218	293389	124758941249232	124758936210960	30
XCHTIME	0	0	0	0	0	0	0	0	0	0	0	0
XCHTIME	12	2	5	81950	164	308	72	142	81264	124758941249232	124758936210960	30
XCHTIME	0	0	0	0	0	0	0	0	0	0	0	0
XCHTIME	12	4	18	323331	139	281	121	455	322335	124758941249232	124758936210960	30
LADGATE	12	10000	0.100	1
XCHTIME	0	0	0	0	0	0	0	0	0	0	0	0
XCHTIME	12	5	26	337663	211	260	205	726	336261	124758941249232	124758936210960	30
XCHTIME	0	0	0	0	0	0	0	0	0	0	0	0
XCHTIME	12	4	33	287030	114	296	128	815	285677	124758941249232	124758936210960	30
XCHTIME	0	0	0	0	0	0	0	0	0	0	0	0
XCHTIME	12	4	15	89628	157	282	117	327	88745	124758941249232	124758936210960	30
XCHTIME	0	0	0	0	0	0	0	0	0	0	0	0
XCHTIME	12	4	10	43051	154	271	126	220	42280	124758941249232	124758936210960	30
XCHTIME	0	0	0	0	0	0	0	0	0	0	0	0
XCHTIME	12	4	18	330892	86	407	133	534	329732	124758941249232	124758936210960	30
XCHTIME	0	0	0	0	0	0	0	0	0	0	0	0
XCHTIME	12	4	11	27416	95	269	110	247	26695	124758941249232	124758936210960	30
XCHTIME	0	0	0	0	0	0	0	0	0	0	0	0
XCHTIME	12	4	14	160293	92	213	111	308	159569	124758941249232	124758936210960	30
XCHTIME	0	0	0	0	0	0	0	0	0	0	0	0
XCHTIME	12	4	13	302345	82	203	156	304	301600	124758941249232	124758936210960	30
XCHTIME	0	0	0	0	0	0	0	0	0	0	0	0
XCHTIME	12	4	16	432074	86	231	127	409	431221	124758941249232	124758936210960	30
XCHTIME	0	0	0	0	0	0	0	0	0	0	0	0
XCHTIME	12	4	6	18343	85	331	116	128	17683	124758941249232	124758936210960	30
COUNTS	st_e22	12	30	77	70
XCHTIME	0	0	0	0	0	0	0	0	0	0	0	0
XCHTIME	16678	0	0	21360145	10991659	10368486	0	0	0	124758955449984	124758950535936	82242
XCHTIME	0	0	0	0	0	0	0	0	0	0	0	0
XCHTIME	16678	1	0	12797026	35757	9848438	1668586	0	1244245	124758955449984	124758950535936	82242
XCHTIME	0	0	0	0	0	0	0	0	0	0	0	0
XCHTIME	16678	1	0	11728827	41248	9804861	1654973	0	227745	124758955449984	124758950535936	82242
XCHTIME	0	0	0	0	0	0	0	0	0	0	0	0
XCHTIME	16678	1	0	16684202	36855	9776504	1647861	0	5222982	124758955449984	124758950535936	82242
LADGATE	16678	10000	0.475	0
XCHTIME	0	0	0	0	0	0	0	0	0	0	0	0
XCHTIME	16678	5	26	114259725	41123	9839695	8357276	17607	96004024	124758955449984	124758950535936	82242
XCHTIME	0	0	0	0	0	0	0	0	0	0	0	0
XCHTIME	16678	1	0	12921669	39809	9898017	1662436	0	1321407	124758955449984	124758950535936	82242
XCHTIME	0	0	0	0	0	0	0	0	0	0	0	0
XCHTIME	16678	1	0	12791975	43376	9808704	1653685	0	1286210	124758955449984	124758950535936	82242
XCHTIME	0	0	0	0	0	0	0	0	0	0	0	0
XCHTIME	16678	1	0	16637121	40777	9790728	1640559	0	5165057	124758955449984	124758950535936	82242
XCHTIME	0	0	0	0	0	0	0	0	0	0	0	0
XCHTIME	16678	1	0	16687768	42332	9841328	1649168	0	5154940	124758955449984	124758950535936	82242
XCHTIME	0	0	0	0	0	0	0	0	0	0	0	0
XCHTIME	16678	1	0	16877862	41449	9797140	1646018	0	5393255	124758955449984	124758950535936	82242
XCHTIME	0	0	0	0	0	0	0	0	0	0	0	0
XCHTIME	16678	1	0	16794566	42534	9813135	1652615	0	5286282	124758955449984	124758950535936	82242
XCHTIME	0	0	0	0	0	0	0	0	0	0	0	0
XCHTIME	16678	1	0	16821758	40057	9805605	1651938	0	5324158	124758955449984	124758950535936	82242
XCHTIME	0	0	0	0	0	0	0	0	0	0	0	0
XCHTIME	16678	1	0	16768219	41717	9852993	1661194	0	5212315	124758955449984	124758950535936	82242
XCHTIME	0	0	0	0	0	0	0	0	0	0	0	0
XCHTIME	16678	1	0	16963523	41631	9779601	1656395	0	5485896	124758955449984	124758950535936	82242
LIFT	faclay30	16678	8556	65998	8556
COUNTS	faclay30	16678	82242	13452923	12850431
XCHTIME	0	0	0	0	0	0	0	0	0	0	0	0
XCHTIME	4432	1	0	2126631	361613	157788	150767	0	1456463	124758948259840	124758948295312	11248
XCHTIME	0	0	0	0	0	0	0	0	0	0	0	0
XCHTIME	4432	1	0	2745892	6134	151868	137511	0	2450379	124758948259840	124758948295312	11248
XCHTIME	0	0	0	0	0	0	0	0	0	0	0	0
XCHTIME	4432	1	0	2360055	6335	157336	150904	0	2045480	124758948259840	124758948295312	11248
XCHTIME	0	0	0	0	0	0	0	0	0	0	0	0
XCHTIME	4432	1	0	10226227	5588	149738	144206	0	9926695	124758948259840	124758948295312	11248
LADGATE	4432	10000	0.419	1
XCHTIME	0	0	0	0	0	0	0	0	0	0	0	0
XCHTIME	4432	5	26	47767261	6430	182755	776184	6993	46794899	124758948259840	124758948295312	11248
XCHTIME	0	0	0	0	0	0	0	0	0	0	0	0
XCHTIME	4432	1	0	4260257	6373	163968	155684	0	3934232	124758948259840	124758948295312	11248
XCHTIME	0	0	0	0	0	0	0	0	0	0	0	0
XCHTIME	4432	2	4	4994590	6471	156263	288114	1190	4542552	124758948259840	124758948295312	11248
XCHTIME	0	0	0	0	0	0	0	0	0	0	0	0
XCHTIME	4432	4	10	8630396	5309	151521	591676	2870	7879020	124758948259840	124758948295312	11248
XCHTIME	0	0	0	0	0	0	0	0	0	0	0	0
XCHTIME	4432	1	0	10241901	5812	138847	150556	0	9946686	124758948259840	124758948295312	11248
XCHTIME	0	0	0	0	0	0	0	0	0	0	0	0
XCHTIME	4432	4	11	7849703	5938	154816	557525	2882	7128542	124758948259840	124758948295312	11248
XCHTIME	0	0	0	0	0	0	0	0	0	0	0	0
XCHTIME	4432	3	12	10050451	5500	144272	449295	3675	9447709	124758948259840	124758948295312	11248
XCHTIME	0	0	0	0	0	0	0	0	0	0	0	0
XCHTIME	4432	2	4	10448731	7072	182505	310505	1332	9947317	124758948259840	124758948295312	11248
XCHTIME	0	0	0	0	0	0	0	0	0	0	0	0
XCHTIME	4432	1	0	9180501	5845	144775	147959	0	8881922	124758948259840	124758948295312	11248
XCHTIME	0	0	0	0	0	0	0	0	0	0	0	0
XCHTIME	4432	4	6	7219753	6026	174385	557591	1852	6479899	124758948259840	124758948295312	11248
LIFT	arki0002	4432	2608	9424	2608
COUNTS	arki0002	4432	11248	683476	667374
XCHTIME	0	0	0	0	0	0	0	0	0	0	0	0
XCHTIME	11659	1	0	6291346	4194197	837794	805809	0	453546	124758963661856	124758963755152	48446
XCHTIME	0	0	0	0	0	0	0	0	0	0	0	0
XCHTIME	11659	1	0	2745051	21023	791286	782105	0	1150637	124758963661856	124758963755152	48446
XCHTIME	0	0	0	0	0	0	0	0	0	0	0	0
XCHTIME	11659	1	0	2508996	21186	834022	805581	0	848207	124758963661856	124758963755152	48446
XCHTIME	0	0	0	0	0	0	0	0	0	0	0	0
XCHTIME	11659	1	0	10270413	23122	909335	830270	0	8507686	124758963661856	124758963755152	48446
LADGATE	11659	10000	0.710	0
XCHTIME	0	0	0	0	0	0	0	0	0	0	0	0
XCHTIME	11659	5	26	235544750	23110	834920	4242835	12795	230431090	124758963661856	124758963755152	48446
XCHTIME	0	0	0	0	0	0	0	0	0	0	0	0
XCHTIME	11659	1	0	5055690	25051	857472	829987	0	3343180	124758963661856	124758963755152	48446
XCHTIME	0	0	0	0	0	0	0	0	0	0	0	0
XCHTIME	11659	1	0	5391903	23959	842388	872912	0	3652644	124758963661856	124758963755152	48446
XCHTIME	0	0	0	0	0	0	0	0	0	0	0	0
XCHTIME	11659	1	0	10348009	26344	843010	819360	0	8659295	124758963661856	124758963755152	48446
XCHTIME	0	0	0	0	0	0	0	0	0	0	0	0
XCHTIME	11659	1	0	10265421	25347	842743	807259	0	8590072	124758963661856	124758963755152	48446
XCHTIME	0	0	0	0	0	0	0	0	0	0	0	0
XCHTIME	11659	1	0	9772043	22877	836797	816734	0	8095635	124758963661856	124758963755152	48446
XCHTIME	0	0	0	0	0	0	0	0	0	0	0	0
XCHTIME	11659	1	0	10994578	24795	904405	822338	0	9243040	124758963661856	124758963755152	48446
XCHTIME	0	0	0	0	0	0	0	0	0	0	0	0
XCHTIME	11659	1	0	10726012	23905	863096	821166	0	9017845	124758963661856	124758963755152	48446
XCHTIME	0	0	0	0	0	0	0	0	0	0	0	0
XCHTIME	11659	1	0	9253869	28670	845839	822143	0	7557217	124758963661856	124758963755152	48446
XCHTIME	0	0	0	0	0	0	0	0	0	0	0	0
XCHTIME	11659	1	0	9407620	21974	833673	815213	0	7736760	124758963661856	124758963755152	48446
LIFT	transswitch0300p	11659	6750	41276	6750
COUNTS	transswitch0300p	11659	48446	404940	375245
LADGATE	30660	10000	0.742	0
LIFT	crudeoil_pooling_dt3	30660	15957	134914	15957
COUNTS	crudeoil_pooling_dt3	30660	152210	48975085	34772719
XCHTIME	0	0	0	0	0	0	0	0	0	0	0	0
XCHTIME	22536	0	0	0	0	0	0	0	0	124758735529664	124758735709968	75636
XCHTIME	0	0	0	0	0	0	0	0	0	0	0	0
XCHTIME	22536	0	0	37793014	19480392	18312622	0	0	0	124758735529664	124758735709968	75636
XCHTIME	0	0	0	0	0	0	0	0	0	0	0	0
XCHTIME	22536	0	0	0	0	0	0	0	0	124758735529664	124758735709968	75636
XCHTIME	0	0	0	0	0	0	0	0	0	0	0	0
XCHTIME	22536	1	0	24656190	37848	17760651	3078466	0	3779225	124758735529664	124758735709968	75636
LADGATE	22536	10000	0.597	0
XCHTIME	0	0	0	0	0	0	0	0	0	0	0	0
XCHTIME	22536	5	26	170621418	41864	17885046	15699567	21116	136973825	124758735529664	124758735709968	75636
XCHTIME	0	0	0	0	0	0	0	0	0	0	0	0
XCHTIME	22536	0	0	17923257	41942	17881315	0	0	0	124758735529664	124758735709968	75636
XCHTIME	0	0	0	0	0	0	0	0	0	0	0	0
XCHTIME	22536	0	0	17856015	36335	17819680	0	0	0	124758735529664	124758735709968	75636
XCHTIME	0	0	0	0	0	0	0	0	0	0	0	0
XCHTIME	22536	1	0	24101179	35737	17961695	3099974	0	3003773	124758735529664	124758735709968	75636
XCHTIME	0	0	0	0	0	0	0	0	0	0	0	0
XCHTIME	22536	1	0	24738717	40255	17842546	3101454	0	3754462	124758735529664	124758735709968	75636
XCHTIME	0	0	0	0	0	0	0	0	0	0	0	0
XCHTIME	22536	1	0	24258940	39578	18015711	3096705	0	3106946	124758735529664	124758735709968	75636
XCHTIME	0	0	0	0	0	0	0	0	0	0	0	0
XCHTIME	22536	1	0	24862651	39443	17925475	3079747	0	3817986	124758735529664	124758735709968	75636
XCHTIME	0	0	0	0	0	0	0	0	0	0	0	0
XCHTIME	22536	1	0	24807417	40691	17860056	3088388	0	3818282	124758735529664	124758735709968	75636
XCHTIME	0	0	0	0	0	0	0	0	0	0	0	0
XCHTIME	22536	1	0	24114781	52633	17831059	3096509	0	3134580	124758735529664	124758735709968	75636
XCHTIME	0	0	0	0	0	0	0	0	0	0	0	0
XCHTIME	22536	1	0	23760765	39033	17886931	3077753	0	2757048	124758735529664	124758735709968	75636
LIFT	gasprod_sarawak81	22536	12902	61066	12902
COUNTS	gasprod_sarawak81	22536	75636	1030380	939449
XCHTIME	0	0	0	0	0	0	0	0	0	0	0	0
XCHTIME	660	2	4	2548538	51445	3225	3356	1631	2488881	124758936443312	124758955583424	29646
XCHTIME	0	0	0	0	0	0	0	0	0	0	0	0
XCHTIME	660	1	0	10174025	6430	2463	1481	0	10163651	124758936443312	124758955583424	29646
XCHTIME	0	0	0	0	0	0	0	0	0	0	0	0
XCHTIME	660	2	5	7106673	8230	3311	3417	1914	7089801	124758936443312	124758955583424	29646
XCHTIME	0	0	0	0	0	0	0	0	0	0	0	0
XCHTIME	660	2	5	20236689	7047	2645	4507	6590	20215900	124758936443312	124758955583424	29646
LADGATE	660	10000	0.396	1
XCHTIME	0	0	0	0	0	0	0	0	0	0	0	0
XCHTIME	660	4	10	4988223	10205	4088	6308	3616	4964006	124758936443312	124758955583424	29646
XCHTIME	0	0	0	0	0	0	0	0	0	0	0	0
XCHTIME	660	1	0	9769384	9417	5528	1785	0	9752654	124758936443312	124758955583424	29646
XCHTIME	0	0	0	0	0	0	0	0	0	0	0	0
XCHTIME	660	4	15	8348844	10422	5273	7857	5638	8319654	124758936443312	124758955583424	29646
XCHTIME	0	0	0	0	0	0	0	0	0	0	0	0
XCHTIME	660	4	10	4972240	7475	3531	7223	3644	4950367	124758936443312	124758955583424	29646
XCHTIME	0	0	0	0	0	0	0	0	0	0	0	0
XCHTIME	660	2	5	19991478	7293	3837	5636	2149	19972563	124758936443312	124758955583424	29646
XCHTIME	0	0	0	0	0	0	0	0	0	0	0	0
XCHTIME	660	4	11	3474485	14762	4146	6494	3996	3445087	124758936443312	124758955583424	29646
XCHTIME	0	0	0	0	0	0	0	0	0	0	0	0
XCHTIME	660	4	14	16050264	6193	2631	9558	5746	16026136	124758936443312	124758955583424	29646
XCHTIME	0	0	0	0	0	0	0	0	0	0	0	0
XCHTIME	660	3	12	19704315	10013	3413	5493	4341	19681055	124758936443312	124758955583424	29646
XCHTIME	0	0	0	0	0	0	0	0	0	0	0	0
XCHTIME	660	1	0	19610763	7368	3033	1483	0	19598879	124758936443312	124758955583424	29646
XCHTIME	0	0	0	0	0	0	0	0	0	0	0	0
XCHTIME	660	4	6	2945521	16311	6274	7905	2471	2912560	124758936443312	124758955583424	29646
LIFT	maxcsp-langford-3-11	660	627	41846	627
COUNTS	maxcsp-langford-3-11	660	29646	33444033	10360919
XCHTIME	0	0	0	0	0	0	0	0	0	0	0	0
XCHTIME	1543	2	4	4724265	2358646	23873	15214	427	2326105	124758956562880	124758936448608	5224
XCHTIME	0	0	0	0	0	0	0	0	0	0	0	0
XCHTIME	1543	2	6	6681282	2046	7704	25445	879	6645208	124758956562880	124758936448608	5224
XCHTIME	0	0	0	0	0	0	0	0	0	0	0	0
XCHTIME	1543	2	5	4702060	2664	18510	18870	782	4661234	124758956562880	124758936448608	5224
XCHTIME	0	0	0	0	0	0	0	0	0	0	0	0
XCHTIME	1543	4	18	13596604	1965	13930	60429	2561	13517719	124758956562880	124758936448608	5224
LADGATE	1543	10000	0.360	1
XCHTIME	0	0	0	0	0	0	0	0	0	0	0	0
XCHTIME	1543	5	26	21582816	3113	16359	74446	3822	21485076	124758956562880	124758936448608	5224
XCHTIME	0	0	0	0	0	0	0	0	0	0	0	0
XCHTIME	1543	2	19	5624931	2624	18660	31297	2056	5570294	124758956562880	124758936448608	5224
XCHTIME	0	0	0	0	0	0	0	0	0	0	0	0
XCHTIME	1543	4	15	6153746	3107	10306	47353	2483	6090497	124758956562880	124758936448608	5224
XCHTIME	0	0	0	0	0	0	0	0	0	0	0	0
XCHTIME	1543	4	10	4519410	2676	14793	27233	948	4473760	124758956562880	124758936448608	5224
XCHTIME	0	0	0	0	0	0	0	0	0	0	0	0
XCHTIME	1543	4	18	13389744	1588	7001	57641	2897	13320617	124758956562880	124758936448608	5224
XCHTIME	0	0	0	0	0	0	0	0	0	0	0	0
XCHTIME	1543	4	11	2306848	2370	14237	32657	1799	2255785	124758956562880	124758936448608	5224
XCHTIME	0	0	0	0	0	0	0	0	0	0	0	0
XCHTIME	1543	4	14	9373719	1880	10531	41205	2588	9317515	124758956562880	124758936448608	5224
XCHTIME	0	0	0	0	0	0	0	0	0	0	0	0
XCHTIME	1543	4	13	12850492	1992	10809	52000	2180	12783511	124758956562880	124758936448608	5224
XCHTIME	0	0	0	0	0	0	0	0	0	0	0	0
XCHTIME	1543	2	5	13181884	3112	13797	32485	1181	13131309	124758956562880	124758936448608	5224
XCHTIME	0	0	0	0	0	0	0	0	0	0	0	0
XCHTIME	1543	4	6	1576255	3144	22121	32518	1042	1517430	124758956562880	124758936448608	5224
LIFT	p_ball_30b_5p_2d_h	1543	999	4136	999
COUNTS	p_ball_30b_5p_2d_h	1543	5224	25843	25742
XCHTIME	0	0	0	0	0	0	0	0	0	0	0	0
XCHTIME	6709	1	0	3015405	987292	402243	432186	0	1193684	124758964689440	124758946865904	45220
XCHTIME	0	0	0	0	0	0	0	0	0	0	0	0
XCHTIME	6709	1	0	2723388	19374	394410	379734	0	1929870	124758964689440	124758946865904	45220
XCHTIME	0	0	0	0	0	0	0	0	0	0	0	0
XCHTIME	6709	1	0	2292325	20854	421742	398212	0	1451517	124758964689440	124758946865904	45220
XCHTIME	0	0	0	0	0	0	0	0	0	0	0	0
XCHTIME	6709	4	18	8424137	20095	386025	1604832	4417	6408768	124758964689440	124758946865904	45220
LADGATE	6709	10000	0.438	1
XCHTIME	0	0	0	0	0	0	0	0	0	0	0	0
XCHTIME	6709	5	26	12472253	20486	429801	2038521	12942	9970503	124758964689440	124758946865904	45220
XCHTIME	0	0	0	0	0	0	0	0	0	0	0	0
XCHTIME	6709	2	19	3964011	20355	423687	799210	3084	2717675	124758964689440	124758946865904	45220
XCHTIME	0	0	0	0	0	0	0	0	0	0	0	0
XCHTIME	6709	2	4	3771709	20397	401328	800099	1511	2548374	124758964689440	124758946865904	45220
XCHTIME	0	0	0	0	0	0	0	0	0	0	0	0
XCHTIME	6709	4	10	7125042	20749	385720	1641905	3328	5073340	124758964689440	124758946865904	45220
XCHTIME	0	0	0	0	0	0	0	0	0	0	0	0
XCHTIME	6709	4	18	8387168	20870	396635	1593042	4682	6371939	124758964689440	124758946865904	45220
XCHTIME	0	0	0	0	0	0	0	0	0	0	0	0
XCHTIME	6709	4	11	7135285	21139	408696	1638335	4057	5063058	124758964689440	124758946865904	45220
XCHTIME	0	0	0	0	0	0	0	0	0	0	0	0
XCHTIME	6709	4	14	7393748	19651	389529	1576471	4327	5403770	124758964689440	124758946865904	45220
XCHTIME	0	0	0	0	0	0	0	0	0	0	0	0
XCHTIME	6709	4	13	7995124	20633	403364	1623129	3007	5944991	124758964689440	124758946865904	45220
XCHTIME	0	0	0	0	0	0	0	0	0	0	0	0
XCHTIME	6709	3	15	9644705	21132	412775	1226850	4214	7979734	124758964689440	124758946865904	45220
XCHTIME	0	0	0	0	0	0	0	0	0	0	0	0
XCHTIME	6709	4	6	7132267	19595	452354	1629997	2465	5027856	124758964689440	124758946865904	45220
LIFT	ringpack_20_3	6709	3451	41284	3451
COUNTS	ringpack_20_3	6709	45220	2415136	865627
XCHTIME	0	0	0	0	0	0	0	0	0	0	0	0
XCHTIME	4825	1	0	2263970	542556	201078	230072	0	1290264	124758936114944	124758946341600	21504
XCHTIME	0	0	0	0	0	0	0	0	0	0	0	0
XCHTIME	4825	1	0	2334922	10172	184531	172884	0	1967335	124758936114944	124758946341600	21504
XCHTIME	0	0	0	0	0	0	0	0	0	0	0	0
XCHTIME	4825	1	0	1925423	10496	187303	210070	0	1517554	124758936114944	124758946341600	21504
XCHTIME	0	0	0	0	0	0	0	0	0	0	0	0
XCHTIME	4825	2	5	10791571	8373	184427	376600	1415	10220756	124758936114944	124758946341600	21504
LADGATE	4825	10000	0.643	1
XCHTIME	0	0	0	0	0	0	0	0	0	0	0	0
XCHTIME	4825	5	26	42054818	9598	216207	958095	8380	40862538	124758936114944	124758946341600	21504
XCHTIME	0	0	0	0	0	0	0	0	0	0	0	0
XCHTIME	4825	2	19	4856118	9231	211650	376386	3786	4255065	124758936114944	124758946341600	21504
XCHTIME	0	0	0	0	0	0	0	0	0	0	0	0
XCHTIME	4825	2	4	4995422	10150	186497	357470	1390	4439915	124758936114944	124758946341600	21504
XCHTIME	0	0	0	0	0	0	0	0	0	0	0	0
XCHTIME	4825	4	10	9386040	8504	187315	726868	2943	8460410	124758936114944	124758946341600	21504
XCHTIME	0	0	0	0	0	0	0	0	0	0	0	0
XCHTIME	4825	2	5	10890468	9162	179615	382737	1452	10317502	124758936114944	124758946341600	21504
XCHTIME	0	0	0	0	0	0	0	0	0	0	0	0
XCHTIME	4825	4	11	9019698	9099	181807	740455	3693	8084644	124758936114944	124758946341600	21504
XCHTIME	0	0	0	0	0	0	0	0	0	0	0	0
XCHTIME	4825	3	12	9474986	10017	178775	527421	3529	8755244	124758936114944	124758946341600	21504
XCHTIME	0	0	0	0	0	0	0	0	0	0	0	0
XCHTIME	4825	2	4	10471870	9197	188218	373461	1164	9899830	124758936114944	124758946341600	21504
XCHTIME	0	0	0	0	0	0	0	0	0	0	0	0
XCHTIME	4825	1	0	9912809	9132	186267	183807	0	9533603	124758936114944	124758946341600	21504
XCHTIME	0	0	0	0	0	0	0	0	0	0	0	0
XCHTIME	4825	4	6	8351024	9601	214878	731974	1759	7392812	124758936114944	124758946341600	21504
LIFT	waste	4825	2503	19260	2503
COUNTS	waste	4825	21504	1468261	1270649
XCHTIME	0	0	0	0	0	0	0	0	0	0	0	0
XCHTIME	2001	1	0	434703	70806	16901	13696	0	333300	124758944305536	124758947249920	11192
XCHTIME	0	0	0	0	0	0	0	0	0	0	0	0
XCHTIME	2001	1	0	6988070	2326	14861	13368	0	6957515	124758944305536	124758947249920	11192
XCHTIME	0	0	0	0	0	0	0	0	0	0	0	0
XCHTIME	2001	1	0	4452132	5593	39349	16543	0	4390647	124758944305536	124758947249920	11192
XCHTIME	0	0	0	0	0	0	0	0	0	0	0	0
XCHTIME	2001	1	0	13996890	3677	23031	15740	0	13954442	124758944305536	124758947249920	11192
LADGATE	2001	10000	0.287	1
XCHTIME	0	0	0	0	0	0	0	0	0	0	0	0
XCHTIME	2001	5	26	302719601	4994	38191	159752	4134	302512530	124758944305536	124758947249920	11192
XCHTIME	0	0	0	0	0	0	0	0	0	0	0	0
XCHTIME	2001	4	66	2740106	5936	38950	79375	6479	2609366	124758944305536	124758947249920	11192
XCHTIME	0	0	0	0	0	0	0	0	0	0	0	0
XCHTIME	2001	4	15	1812859	5299	16855	56170	1650	1732885	124758944305536	124758947249920	11192
XCHTIME	0	0	0	0	0	0	0	0	0	0	0	0
XCHTIME	2001	4	10	1538933	2911	18791	58188	1212	1457831	124758944305536	124758947249920	11192
XCHTIME	0	0	0	0	0	0	0	0	0	0	0	0
XCHTIME	2001	1	0	13951335	3125	14822	13262	0	13920126	124758944305536	124758947249920	11192
XCHTIME	0	0	0	0	0	0	0	0	0	0	0	0
XCHTIME	2001	4	11	1422596	4500	32403	59892	1240	1324561	124758944305536	124758947249920	11192
XCHTIME	0	0	0	0	0	0	0	0	0	0	0	0
XCHTIME	2001	1	0	11844717	3128	15656	13871	0	11812062	124758944305536	124758947249920	11192
XCHTIME	0	0	0	0	0	0	0	0	0	0	0	0
XCHTIME	2001	1	0	14382009	4993	36365	16035	0	14324616	124758944305536	124758947249920	11192
XCHTIME	0	0	0	0	0	0	0	0	0	0	0	0
XCHTIME	2001	1	0	13912728	3737	27339	15623	0	13866029	124758944305536	124758947249920	11192
XCHTIME	0	0	0	0	0	0	0	0	0	0	0	0
XCHTIME	2001	4	6	1395554	6160	44234	58207	742	1286211	124758944305536	124758947249920	11192
LIFT	catmix400	2001	1998	11180	1998
COUNTS	catmix400	2001	11192	36373	36364
XCHTIME	0	0	0	0	0	0	0	0	0	0	0	0
XCHTIME	3054	2	4	2444449	167437	51103	93454	742	2131713	124758947702480	124758956005328	7968
XCHTIME	0	0	0	0	0	0	0	0	0	0	0	0
XCHTIME	3054	1	0	3665044	3949	47951	42371	0	3570773	124758947702480	124758956005328	7968
XCHTIME	0	0	0	0	0	0	0	0	0	0	0	0
XCHTIME	3054	1	0	3160843	3448	80255	43725	0	3033415	124758947702480	124758956005328	7968
XCHTIME	0	0	0	0	0	0	0	0	0	0	0	0
XCHTIME	3054	1	0	10508065	3737	52431	47692	0	10404205	124758947702480	124758956005328	7968
LADGATE	3054	10000	0.516	1
XCHTIME	0	0	0	0	0	0	0	0	0	0	0	0
XCHTIME	3054	5	26	52584628	4567	70776	318102	4147	52187036	124758947702480	124758956005328	7968
XCHTIME	0	0	0	0	0	0	0	0	0	0	0	0
XCHTIME	3054	1	0	4988090	4733	73352	48151	0	4861854	124758947702480	124758956005328	7968
XCHTIME	0	0	0	0	0	0	0	0	0	0	0	0
XCHTIME	3054	3	12	6647051	4638	58883	161639	2405	6419486	124758947702480	124758956005328	7968
XCHTIME	0	0	0	0	0	0	0	0	0	0	0	0
XCHTIME	3054	4	10	6826865	4031	55037	182790	1874	6583133	124758947702480	124758956005328	7968
XCHTIME	0	0	0	0	0	0	0	0	0	0	0	0
XCHTIME	3054	1	0	10481128	4003	49405	42933	0	10384787	124758947702480	124758956005328	7968
XCHTIME	0	0	0	0	0	0	0	0	0	0	0	0
XCHTIME	3054	4	11	5252333	4369	72237	185134	1684	4988909	124758947702480	124758956005328	7968
XCHTIME	0	0	0	0	0	0	0	0	0	0	0	0
XCHTIME	3054	4	14	12562791	3904	48763	201351	2516	12306257	124758947702480	124758956005328	7968
XCHTIME	0	0	0	0	0	0	0	0	0	0	0	0
XCHTIME	3054	2	4	11377743	3839	53097	96649	756	11223402	124758947702480	124758956005328	7968
XCHTIME	0	0	0	0	0	0	0	0	0	0	0	0
XCHTIME	3054	1	0	9222771	3746	55465	43529	0	9120031	124758947702480	124758956005328	7968
XCHTIME	0	0	0	0	0	0	0	0	0	0	0	0
XCHTIME	3054	4	6	3915549	4902	84967	195153	931	3629596	124758947702480	124758956005328	7968
LIFT	rsyn0815m02hfsg	3054	1697	5478	1697
COUNTS	rsyn0815m02hfsg	3054	7968	44604	41384
XCHTIME	0	0	0	0	0	0	0	0	0	0	0	0
XCHTIME	1236	2	4	1276516	24440	4785	8154	221	1238916	124758944160272	124758947571392	4186
XCHTIME	0	0	0	0	0	0	0	0	0	0	0	0
XCHTIME	1236	1	0	6607593	946	4069	4016	0	6598562	124758944160272	124758947571392	4186
XCHTIME	0	0	0	0	0	0	0	0	0	0	0	0
XCHTIME	1236	2	5	4425208	2302	8589	9772	304	4404241	124758944160272	124758947571392	4186
XCHTIME	0	0	0	0	0	0	0	0	0	0	0	0
XCHTIME	1236	3	15	14127315	1659	7764	26332	695	14090865	124758944160272	124758947571392	4186
LADGATE	1236	10000	0.296	1
XCHTIME	0	0	0	0	0	0	0	0	0	0	0	0
XCHTIME	1236	5	26	31412390	2423	10736	40023	1240	31357968	124758944160272	124758947571392	4186
XCHTIME	0	0	0	0	0	0	0	0	0	0	0	0
XCHTIME	1236	1	0	6629102	2479	9518	4144	0	6612961	124758944160272	124758947571392	4186
XCHTIME	0	0	0	0	0	0	0	0	0	0	0	0
XCHTIME	1236	4	15	4716249	1900	9602	19764	743	4684240	124758944160272	124758947571392	4186
XCHTIME	0	0	0	0	0	0	0	0	0	0	0	0
XCHTIME	1236	4	10	2400972	1164	6403	17779	496	2375130	124758944160272	124758947571392	4186
XCHTIME	0	0	0	0	0	0	0	0	0	0	0	0
XCHTIME	1236	3	15	14000427	1323	5867	24855	794	13967588	124758944160272	124758947571392	4186
XCHTIME	0	0	0	0	0	0	0	0	0	0	0	0
XCHTIME	1236	4	11	1716489	2469	9203	18156	471	1686190	124758944160272	124758947571392	4186
XCHTIME	0	0	0	0	0	0	0	0	0	0	0	0
XCHTIME	1236	4	14	8698356	1593	6510	22110	697	8667446	124758944160272	124758947571392	4186
XCHTIME	0	0	0	0	0	0	0	0	0	0	0	0
XCHTIME	1236	4	13	14868919	1614	8342	23674	626	14834663	124758944160272	124758947571392	4186
XCHTIME	0	0	0	0	0	0	0	0	0	0	0	0
XCHTIME	1236	2	5	14979666	1760	7630	20392	299	14949585	124758944160272	124758947571392	4186
XCHTIME	0	0	0	0	0	0	0	0	0	0	0	0
XCHTIME	1236	4	6	1120977	2753	10784	17575	298	1089567	124758944160272	124758947571392	4186
LIFT	p_ball_10b_7p_3d_h	1236	751	3216	751
COUNTS	p_ball_10b_7p_3d_h	1236	4186	24380	23744
XCHTIME	0	0	0	0	0	0	0	0	0	0	0	0
XCHTIME	1225	2	4	2338676	27292	4516	8931	436	2297501	124758936514160	124758964205728	3846
XCHTIME	0	0	0	0	0	0	0	0	0	0	0	0
XCHTIME	1225	1	0	7423222	1269	5725	4070	0	7412158	124758936514160	124758964205728	3846
XCHTIME	0	0	0	0	0	0	0	0	0	0	0	0
XCHTIME	1225	2	5	6183349	1796	9462	12904	563	6158624	124758936514160	124758964205728	3846
XCHTIME	0	0	0	0	0	0	0	0	0	0	0	0
XCHTIME	1225	2	5	15463437	1913	10311	14299	942	15435972	124758936514160	124758964205728	3846
LADGATE	1225	10000	0.616	1
XCHTIME	0	0	0	0	0	0	0	0	0	0	0	0
XCHTIME	1225	5	26	44737026	2648	10475	45816	3916	44674171	124758936514160	124758964205728	3846
XCHTIME	0	0	0	0	0	0	0	0	0	0	0	0
XCHTIME	1225	2	19	6473779	2618	13133	16543	2048	6439437	124758936514160	124758964205728	3846
XCHTIME	0	0	0	0	0	0	0	0	0	0	0	0
XCHTIME	1225	4	15	7761569	2603	13358	21663	1604	7722341	124758936514160	124758964205728	3846
XCHTIME	0	0	0	0	0	0	0	0	0	0	0	0
XCHTIME	1225	4	10	4631188	1519	7004	19981	1002	4601682	124758936514160	124758964205728	3846
XCHTIME	0	0	0	0	0	0	0	0	0	0	0	0
XCHTIME	1225	2	5	15678231	930	6477	14562	531	15655731	124758936514160	124758964205728	3846
XCHTIME	0	0	0	0	0	0	0	0	0	0	0	0
XCHTIME	1225	4	11	3020228	2422	11485	18766	1064	2986491	124758936514160	124758964205728	3846
XCHTIME	0	0	0	0	0	0	0	0	0	0	0	0
XCHTIME	1225	4	14	12016577	1169	5147	30981	1588	11977692	124758936514160	124758964205728	3846
XCHTIME	0	0	0	0	0	0	0	0	0	0	0	0
XCHTIME	1225	4	13	16062053	2152	7414	25435	1523	16025529	124758936514160	124758964205728	3846
XCHTIME	0	0	0	0	0	0	0	0	0	0	0	0
XCHTIME	1225	1	0	13623664	2173	6747	4247	0	13610497	124758936514160	124758964205728	3846
XCHTIME	0	0	0	0	0	0	0	0	0	0	0	0
XCHTIME	1225	4	6	2142598	2834	15885	19618	718	2103543	124758936514160	124758964205728	3846
LIFT	chimera_k64ising-02	1225	772	3732	772
COUNTS	chimera_k64ising-02	1225	3846	613390	371142
XCHTIME	0	0	0	0	0	0	0	0	0	0	0	0
XCHTIME	3404	2	4	2239959	182179	68177	137991	691	1850921	124758947381008	124758735306368	11462
XCHTIME	0	0	0	0	0	0	0	0	0	0	0	0
XCHTIME	3404	1	0	2560313	4396	73205	65334	0	2417378	124758947381008	124758735306368	11462
XCHTIME	0	0	0	0	0	0	0	0	0	0	0	0
XCHTIME	3404	1	0	2592173	4328	76427	80539	0	2430879	124758947381008	124758735306368	11462
XCHTIME	0	0	0	0	0	0	0	0	0	0	0	0
XCHTIME	3404	3	15	11411768	4378	75378	223165	2083	11106764	124758947381008	124758735306368	11462
LADGATE	3404	10000	0.556	1
XCHTIME	0	0	0	0	0	0	0	0	0	0	0	0
XCHTIME	3404	5	26	19690252	5651	95294	377339	3962	19208006	124758947381008	124758735306368	11462
XCHTIME	0	0	0	0	0	0	0	0	0	0	0	0
XCHTIME	3404	2	19	5097147	5702	94071	147163	2966	4847245	124758947381008	124758735306368	11462
XCHTIME	0	0	0	0	0	0	0	0	0	0	0	0
XCHTIME	3404	4	15	5578931	5309	81561	263450	2002	5226609	124758947381008	124758735306368	11462
XCHTIME	0	0	0	0	0	0	0	0	0	0	0	0
XCHTIME	3404	4	10	4814163	4610	68836	260993	1348	4478376	124758947381008	124758735306368	11462
XCHTIME	0	0	0	0	0	0	0	0	0	0	0	0
XCHTIME	3404	3	15	11327153	4524	71400	234584	2009	11014636	124758947381008	124758735306368	11462
XCHTIME	0	0	0	0	0	0	0	0	0	0	0	0
XCHTIME	3404	4	11	4505090	4484	73748	287993	1840	4137025	124758947381008	124758735306368	11462
XCHTIME	0	0	0	0	0	0	0	0	0	0	0	0
XCHTIME	3404	4	14	7261207	5248	61204	243313	1887	6949555	124758947381008	124758735306368	11462
XCHTIME	0	0	0	0	0	0	0	0	0	0	0	0
XCHTIME	3404	4	13	10963949	4728	71835	272384	1983	10613019	124758947381008	124758735306368	11462
XCHTIME	0	0	0	0	0	0	0	0	0	0	0	0
XCHTIME	3404	1	0	9473330	4440	78701	65642	0	9324547	124758947381008	124758735306368	11462
XCHTIME	0	0	0	0	0	0	0	0	0	0	0	0
XCHTIME	3404	4	6	4200562	5365	87581	258400	812	3848404	124758947381008	124758735306368	11462
LIFT	batchs121208m	3404	1725	8392	1725
COUNTS	batchs121208m	3404	11462	138030	128816
XCHTIME	0	0	0	0	0	0	0	0	0	0	0	0
XCHTIME	11	2	4	25225	2019	1074	104	116	21912	124758956562768	124758936211296	46
XCHTIME	0	0	0	0	0	0	0	0	0	0	0	0
XCHTIME	11	2	6	179207	335	300	95	246	178231	124758956562768	124758936211296	46
XCHTIME	0	0	0	0	0	0	0	0	0	0	0	0
XCHTIME	11	2	5	78865	170	351	71	166	78107	124758956562768	124758936211296	46
XCHTIME	0	0	0	0	0	0	0	0	0	0	0	0
XCHTIME	11	4	18	171397	103	257	141	549	170347	124758956562768	124758936211296	46
LADGATE	11	10000	0.109	1
XCHTIME	0	0	0	0	0	0	0	0	0	0	0	0
XCHTIME	11	4	10	52913	331	540	170	315	51557	124758956562768	124758936211296	46
XCHTIME	0	0	0	0	0	0	0	0	0	0	0	0
XCHTIME	11	4	31	154883	106	296	140	978	153363	124758956562768	124758936211296	46
XCHTIME	0	0	0	0	0	0	0	0	0	0	0	0
XCHTIME	11	4	15	48945	99	273	113	439	48021	124758956562768	124758936211296	46
XCHTIME	0	0	0	0	0	0	0	0	0	0	0	0
XCHTIME	11	4	10	44247	88	247	109	262	43541	124758956562768	124758936211296	46
XCHTIME	0	0	0	0	0	0	0	0	0	0	0	0
XCHTIME	11	4	18	171177	69	217	106	525	170260	124758956562768	124758936211296	46
XCHTIME	0	0	0	0	0	0	0	0	0	0	0	0
XCHTIME	11	4	11	28467	78	234	119	292	27744	124758956562768	124758936211296	46
XCHTIME	0	0	0	0	0	0	0	0	0	0	0	0
XCHTIME	11	4	14	124469	118	334	149	432	123436	124758956562768	124758936211296	46
XCHTIME	0	0	0	0	0	0	0	0	0	0	0	0
XCHTIME	11	4	13	237116	97	273	117	387	236242	124758956562768	124758936211296	46
XCHTIME	0	0	0	0	0	0	0	0	0	0	0	0
XCHTIME	11	4	16	220065	84	264	112	469	219136	124758956562768	124758936211296	46
XCHTIME	0	0	0	0	0	0	0	0	0	0	0	0
XCHTIME	11	4	6	17098	91	220	116	119	16552	124758956562768	124758936211296	46
COUNTS	nvs02	11	46	142	142
XCHTIME	0	0	0	0	0	0	0	0	0	0	0	0
XCHTIME	191	2	4	334543	7624	1100	615	214	324990	124758940703712	124758936153568	1416
XCHTIME	0	0	0	0	0	0	0	0	0	0	0	0
XCHTIME	191	2	6	2344837	360	817	726	366	2342568	124758940703712	124758936153568	1416
XCHTIME	0	0	0	0	0	0	0	0	0	0	0	0
XCHTIME	191	2	5	791835	453	870	562	313	789637	124758940703712	124758936153568	1416
XCHTIME	0	0	0	0	0	0	0	0	0	0	0	0
XCHTIME	191	4	18	4840855	484	880	1184	1039	4837268	124758940703712	124758936153568	1416
LADGATE	191	10000	0.254	1
XCHTIME	0	0	0	0	0	0	0	0	0	0	0	0
XCHTIME	191	5	26	6257182	952	1811	1320	1517	6251582	124758940703712	124758936153568	1416
XCHTIME	0	0	0	0	0	0	0	0	0	0	0	0
XCHTIME	191	4	66	462438	480	878	1007	3191	456882	124758940703712	124758936153568	1416
XCHTIME	0	0	0	0	0	0	0	0	0	0	0	0
XCHTIME	191	4	15	857364	311	913	1163	762	854215	124758940703712	124758936153568	1416
XCHTIME	0	0	0	0	0	0	0	0	0	0	0	0
XCHTIME	191	4	10	601442	335	861	967	552	598727	124758940703712	124758936153568	1416
XCHTIME	0	0	0	0	0	0	0	0	0	0	0	0
XCHTIME	191	4	18	4785484	292	705	1071	1003	4782413	124758940703712	124758936153568	1416
XCHTIME	0	0	0	0	0	0	0	0	0	0	0	0
XCHTIME	191	4	11	335359	514	862	864	610	332509	124758940703712	124758936153568	1416
XCHTIME	0	0	0	0	0	0	0	0	0	0	0	0
XCHTIME	191	4	14	1601192	310	738	1056	737	1598351	124758940703712	124758936153568	1416
XCHTIME	0	0	0	0	0	0	0	0	0	0	0	0
XCHTIME	191	4	13	2807644	592	840	1390	687	2804135	124758940703712	124758936153568	1416
XCHTIME	0	0	0	0	0	0	0	0	0	0	0	0
XCHTIME	191	4	16	16652076	843	974	1511	1023	16647725	124758940703712	124758936153568	1416
XCHTIME	0	0	0	0	0	0	0	0	0	0	0	0
XCHTIME	191	4	6	174943	981	1364	806	339	171453	124758940703712	124758936153568	1416
LIFT	wastepaper6	191	156	1358	156
COUNTS	wastepaper6	191	1416	16611	16611
XCHTIME	0	0	0	0	0	0	0	0	0	0	0	0
XCHTIME	399	2	4	185007	11252	1434	1496	213	170612	124758940706736	124758947408256	1022
XCHTIME	0	0	0	0	0	0	0	0	0	0	0	0
XCHTIME	399	2	6	644446	340	1803	1732	279	640292	124758940706736	124758947408256	1022
XCHTIME	0	0	0	0	0	0	0	0	0	0	0	0
XCHTIME	399	2	5	269024	346	1451	1564	215	265448	124758940706736	124758947408256	1022
XCHTIME	0	0	0	0	0	0	0	0	0	0	0	0
XCHTIME	399	4	18	1345597	297	1219	2894	845	1340342	124758940706736	124758947408256	1022
LADGATE	399	10000	0.246	1
XCHTIME	0	0	0	0	0	0	0	0	0	0	0	0
XCHTIME	399	5	26	1462718	593	2002	3723	1112	1455288	124758940706736	124758947408256	1022
XCHTIME	0	0	0	0	0	0	0	0	0	0	0	0
XCHTIME	399	4	66	3063054	429	1235	3875	2390	3055125	124758940706736	124758947408256	1022
XCHTIME	0	0	0	0	0	0	0	0	0	0	0	0
XCHTIME	399	4	15	420338	1043	2231	3397	547	413120	124758940706736	124758947408256	1022
XCHTIME	0	0	0	0	0	0	0	0	0	0	0	0
XCHTIME	399	4	10	306233	255	1345	3398	382	300853	124758940706736	124758947408256	1022
XCHTIME	0	0	0	0	0	0	0	0	0	0	0	0
XCHTIME	399	4	18	1353565	267	1218	3379	784	1347917	124758940706736	124758947408256	1022
XCHTIME	0	0	0	0	0	0	0	0	0	0	0	0
XCHTIME	399	4	11	245303	457	1937	3158	443	239308	124758940706736	124758947408256	1022
XCHTIME	0	0	0	0	0	0	0	0	0	0	0	0
XCHTIME	399	4	14	576332	322	1485	3709	525	570291	124758940706736	124758947408256	1022
XCHTIME	0	0	0	0	0	0	0	0	0	0	0	0
XCHTIME	399	4	13	834677	450	1847	3531	525	828324	124758940706736	124758947408256	1022
XCHTIME	0	0	0	0	0	0	0	0	0	0	0	0
XCHTIME	399	4	16	2080511	453	2057	4476	711	2072814	124758940706736	124758947408256	1022
XCHTIME	0	0	0	0	0	0	0	0	0	0	0	0
XCHTIME	399	4	6	182082	853	1800	2986	268	176175	124758940706736	124758947408256	1022
LIFT	syn15hfsg	399	221	666	221
COUNTS	syn15hfsg	399	1022	3300	3272
XCHTIME	0	0	0	0	0	0	0	0	0	0	0	0
XCHTIME	36	2	4	71929	3713	542	191	180	67303	124758941783408	124758947417040	246
XCHTIME	0	0	0	0	0	0	0	0	0	0	0	0
XCHTIME	36	2	6	677304	213	493	226	214	676158	124758941783408	124758947417040	246
XCHTIME	0	0	0	0	0	0	0	0	0	0	0	0
XCHTIME	36	2	5	177199	281	511	139	222	176046	124758941783408	124758947417040	246
XCHTIME	0	0	0	0	0	0	0	0	0	0	0	0
XCHTIME	36	4	18	1312022	168	491	236	750	1310377	124758941783408	124758947417040	246
LADGATE	36	10000	0.160	1
XCHTIME	0	0	0	0	0	0	0	0	0	0	0	0
XCHTIME	36	5	26	1653850	455	1045	359	1034	1650957	124758941783408	124758947417040	246
XCHTIME	0	0	0	0	0	0	0	0	0	0	0	0
XCHTIME	36	4	64	6943	255	511	302	2472	3403	124758941783408	124758947417040	246
XCHTIME	0	0	0	0	0	0	0	0	0	0	0	0
XCHTIME	36	4	15	244029	92	329	290	483	242835	124758941783408	124758947417040	246
XCHTIME	0	0	0	0	0	0	0	0	0	0	0	0
XCHTIME	36	4	10	113890	126	505	224	325	112710	124758941783408	124758947417040	246
XCHTIME	0	0	0	0	0	0	0	0	0	0	0	0
XCHTIME	36	4	18	1318312	112	355	256	655	1316934	124758941783408	124758947417040	246
XCHTIME	0	0	0	0	0	0	0	0	0	0	0	0
XCHTIME	36	4	11	73829	163	470	240	373	72583	124758941783408	124758947417040	246
XCHTIME	0	0	0	0	0	0	0	0	0	0	0	0
XCHTIME	36	4	14	360714	111	381	245	467	359510	124758941783408	124758947417040	246
XCHTIME	0	0	0	0	0	0	0	0	0	0	0	0
XCHTIME	36	4	13	695375	129	428	243	460	694115	124758941783408	124758947417040	246
XCHTIME	0	0	0	0	0	0	0	0	0	0	0	0
XCHTIME	36	4	16	4230831	168	411	524	655	4229073	124758941783408	124758947417040	246
XCHTIME	0	0	0	0	0	0	0	0	0	0	0	0
XCHTIME	36	4	6	39708	496	485	286	218	38223	124758941783408	124758947417040	246
LIFT	st_jcbpaf2	36	23	220	23
COUNTS	st_jcbpaf2	36	246	1635	1543
COUNTS	camshape400	2000	7188	16768	16768
XCHTIME	0	0	0	0	0	0	0	0	0	0	0	0
XCHTIME	120	2	4	256388	7870	1010	567	882	246059	124758934964784	124758956070880	2790
XCHTIME	0	0	0	0	0	0	0	0	0	0	0	0
XCHTIME	120	2	6	3239523	637	972	476	1209	3236229	124758934964784	124758956070880	2790
XCHTIME	0	0	0	0	0	0	0	0	0	0	0	0
XCHTIME	120	2	5	925582	841	798	440	1001	922502	124758934964784	124758956070880	2790
XCHTIME	0	0	0	0	0	0	0	0	0	0	0	0
XCHTIME	120	4	18	6220484	732	660	898	3652	6214542	124758934964784	124758956070880	2790
LADGATE	120	10000	0.252	1
XCHTIME	0	0	0	0	0	0	0	0	0	0	0	0
XCHTIME	120	4	10	454271	1585	1461	698	2094	448433	124758934964784	124758956070880	2790
XCHTIME	0	0	0	0	0	0	0	0	0	0	0	0
XCHTIME	120	4	66	538962	488	657	563	10324	526930	124758934964784	124758956070880	2790
XCHTIME	0	0	0	0	0	0	0	0	0	0	0	0
XCHTIME	120	4	15	938127	417	785	663	2976	933286	124758934964784	124758956070880	2790
XCHTIME	0	0	0	0	0	0	0	0	0	0	0	0
XCHTIME	120	4	10	407321	576	653	625	2055	403412	124758934964784	124758956070880	2790
XCHTIME	0	0	0	0	0	0	0	0	0	0	0	0
XCHTIME	120	4	18	6148145	603	658	653	3662	6142569	124758934964784	124758956070880	2790
XCHTIME	0	0	0	0	0	0	0	0	0	0	0	0
XCHTIME	120	4	11	222897	788	767	593	2216	218533	124758934964784	124758956070880	2790
XCHTIME	0	0	0	0	0	0	0	0	0	0	0	0
XCHTIME	120	4	14	1756171	378	626	589	2821	1751757	124758934964784	124758956070880	2790
XCHTIME	0	0	0	0	0	0	0	0	0	0	0	0
XCHTIME	120	4	13	3193780	390	775	687	2647	3189281	124758934964784	124758956070880	2790
XCHTIME	0	0	0	0	0	0	0	0	0	0	0	0
XCHTIME	120	4	16	21429867	612	766	902	3266	21424321	124758934964784	124758956070880	2790
XCHTIME	0	0	0	0	0	0	0	0	0	0	0	0
XCHTIME	120	4	6	164562	1370	1241	590	1206	160155	124758934964784	124758956070880	2790
LIFT	graphpart_clique-30	120	117	2784	117
COUNTS	graphpart_clique-30	120	2790	114505	91153
XCHTIME	0	0	0	0	0	0	0	0	0	0	0	0
XCHTIME	280	2	4	640155	24226	1857	970	2418	610684	124758947637984	124758946636528	14910
XCHTIME	0	0	0	0	0	0	0	0	0	0	0	0
XCHTIME	280	2	6	8449743	3110	1685	957	3502	8440489	124758947637984	124758946636528	14910
XCHTIME	0	0	0	0	0	0	0	0	0	0	0	0
XCHTIME	280	2	5	2500601	4184	2213	807	2884	2490513	124758947637984	124758946636528	14910
XCHTIME	0	0	0	0	0	0	0	0	0	0	0	0
XCHTIME	280	4	18	16561755	3667	2161	2168	10523	16543236	124758947637984	124758946636528	14910
LADGATE	280	10000	0.209	1
XCHTIME	0	0	0	0	0	0	0	0	0	0	0	0
XCHTIME	280	4	10	1205381	5152	2167	1678	5992	1190392	124758947637984	124758946636528	14910
XCHTIME	0	0	0	0	0	0	0	0	0	0	0	0
XCHTIME	280	4	66	2591468	3002	1486	1570	33401	2552009	124758947637984	124758946636528	14910
XCHTIME	0	0	0	0	0	0	0	0	0	0	0	0
XCHTIME	280	4	15	2540952	4547	2876	1965	8710	2522854	124758947637984	124758946636528	14910
XCHTIME	0	0	0	0	0	0	0	0	0	0	0	0
XCHTIME	280	4	10	1248257	2508	1498	1714	5790	1236747	124758947637984	124758946636528	14910
XCHTIME	0	0	0	0	0	0	0	0	0	0	0	0
XCHTIME	280	4	18	16522172	2956	1571	2495	10465	16504685	124758947637984	124758946636528	14910
XCHTIME	0	0	0	0	0	0	0	0	0	0	0	0
XCHTIME	280	4	11	777266	5144	2489	1574	6494	761565	124758947637984	124758946636528	14910
XCHTIME	0	0	0	0	0	0	0	0	0	0	0	0
XCHTIME	280	4	14	4726947	1842	1262	1642	8059	4714142	124758947637984	124758946636528	14910
XCHTIME	0	0	0	0	0	0	0	0	0	0	0	0
XCHTIME	280	4	13	8977516	2804	1456	1827	7843	8963586	124758947637984	124758946636528	14910
XCHTIME	0	0	0	0	0	0	0	0	0	0	0	0
XCHTIME	280	2	5	21811177	3108	1421	1477	3154	21802017	124758947637984	124758946636528	14910
XCHTIME	0	0	0	0	0	0	0	0	0	0	0	0
XCHTIME	280	4	6	633216	5373	2807	1796	3836	619404	124758947637984	124758946636528	14910
LIFT	graphpart_clique-70	280	277	14904	277
COUNTS	graphpart_clique-70	280	14910	1413012	1144894
COUNTS	smallinvDAXr1b010-011	39	1120	13510	13319
XCHTIME	0	0	0	0	0	0	0	0	0	0	0	0
XCHTIME	22074	0	0	0	0	0	0	0	0	124758951888352	124758952064960	60000
XCHTIME	0	0	0	0	0	0	0	0	0	0	0	0
XCHTIME	22074	0	0	36403533	18803252	17600281	0	0	0	124758951888352	124758952064960	60000
XCHTIME	0	0	0	0	0	0	0	0	0	0	0	0
XCHTIME	22074	0	0	17228821	33105	17195716	0	0	0	124758951888352	124758952064960	60000
XCHTIME	0	0	0	0	0	0	0	0	0	0	0	0
XCHTIME	22074	1	0	24184031	32527	17119947	2980333	0	4051224	124758951888352	124758952064960	60000
LADGATE	22074	10000	0.431	0
XCHTIME	0	0	0	0	0	0	0	0	0	0	0	0
XCHTIME	22074	5	26	144000134	32880	17247039	15106036	18719	111595460	124758951888352	124758952064960	60000
XCHTIME	0	0	0	0	0	0	0	0	0	0	0	0
XCHTIME	22074	0	0	17522566	51568	17470998	0	0	0	124758951888352	124758952064960	60000
XCHTIME	0	0	0	0	0	0	0	0	0	0	0	0
XCHTIME	22074	0	0	17521528	31019	17490509	0	0	0	124758951888352	124758952064960	60000
XCHTIME	0	0	0	0	0	0	0	0	0	0	0	0
XCHTIME	22074	1	0	24094591	31714	17215751	3101634	0	3745492	124758951888352	124758952064960	60000
XCHTIME	0	0	0	0	0	0	0	0	0	0	0	0
XCHTIME	22074	1	0	24317691	34171	17315650	2974064	0	3993806	124758951888352	124758952064960	60000
XCHTIME	0	0	0	0	0	0	0	0	0	0	0	0
XCHTIME	22074	1	0	24098305	32051	17327676	3037299	0	3701279	124758951888352	124758952064960	60000
XCHTIME	0	0	0	0	0	0	0	0	0	0	0	0
XCHTIME	22074	1	0	24393137	33427	17398720	3009489	0	3951501	124758951888352	124758952064960	60000
XCHTIME	0	0	0	0	0	0	0	0	0	0	0	0
XCHTIME	22074	1	0	23719866	33485	17355462	3029436	0	3301483	124758951888352	124758952064960	60000
XCHTIME	0	0	0	0	0	0	0	0	0	0	0	0
XCHTIME	22074	1	0	24293095	32270	17322705	2991103	0	3947017	124758951888352	124758952064960	60000
XCHTIME	0	0	0	0	0	0	0	0	0	0	0	0
XCHTIME	22074	1	0	24310567	34850	17552339	3006155	0	3717223	124758951888352	124758952064960	60000
LIFT	nd_netgen-2000-3-4-b-a-ns_7	22074	10074	36000	10074
COUNTS	nd_netgen-2000-3-4-b-a-ns_7	22074	60000	289420	272736
XCHTIME	0	0	0	0	0	0	0	0	0	0	0	0
XCHTIME	240	2	4	114083	6977	1162	727	203	105014	124758936169968	124758948426400	720
XCHTIME	0	0	0	0	0	0	0	0	0	0	0	0
XCHTIME	240	2	6	454123	313	846	540	293	452131	124758936169968	124758948426400	720
XCHTIME	0	0	0	0	0	0	0	0	0	0	0	0
XCHTIME	240	2	5	168807	273	700	746	172	166916	124758936169968	124758948426400	720
XCHTIME	0	0	0	0	0	0	0	0	0	0	0	0
XCHTIME	240	4	18	887633	271	660	1209	753	884740	124758936169968	124758948426400	720
LADGATE	240	10000	0.208	1
XCHTIME	0	0	0	0	0	0	0	0	0	0	0	0
XCHTIME	240	5	26	989526	494	1263	1521	1117	985131	124758936169968	124758948426400	720
XCHTIME	0	0	0	0	0	0	0	0	0	0	0	0
XCHTIME	240	3	57	7520533	282	829	1254	2242	7515926	124758936169968	124758948426400	720
XCHTIME	0	0	0	0	0	0	0	0	0	0	0	0
XCHTIME	240	4	15	230025	488	1107	1221	733	226476	124758936169968	124758948426400	720
XCHTIME	0	0	0	0	0	0	0	0	0	0	0	0
XCHTIME	240	4	10	178232	261	1173	1133	360	175305	124758936169968	124758948426400	720
XCHTIME	0	0	0	0	0	0	0	0	0	0	0	0
XCHTIME	240	4	18	888051	198	682	1211	755	885205	124758936169968	124758948426400	720
XCHTIME	0	0	0	0	0	0	0	0	0	0	0	0
XCHTIME	240	4	11	142900	331	982	1137	431	140019	124758936169968	124758948426400	720
XCHTIME	0	0	0	0	0	0	0	0	0	0	0	0
XCHTIME	240	4	14	326142	193	666	1245	528	323510	124758936169968	124758948426400	720
XCHTIME	0	0	0	0	0	0	0	0	0	0	0	0
XCHTIME	240	4	13	396333	203	749	1425	497	393459	124758936169968	124758948426400	720
XCHTIME	0	0	0	0	0	0	0	0	0	0	0	0
XCHTIME	240	4	16	3167856	290	899	1785	749	3164133	124758936169968	124758948426400	720
XCHTIME	0	0	0	0	0	0	0	0	0	0	0	0
XCHTIME	240	4	6	118734	703	2155	1233	232	114411	124758936169968	124758948426400	720
LIFT	slay05m	240	100	440	100
COUNTS	slay05m	240	720	2635	2635
XCHTIME	0	0	0	0	0	0	0	0	0	0	0	0
XCHTIME	2031	1	0	5532650	2553561	39396	16041	0	2923652	124758948218880	124758935834928	10964
XCHTIME	0	0	0	0	0	0	0	0	0	0	0	0
XCHTIME	2031	1	0	7375330	4115	20210	12399	0	7338606	124758948218880	124758935834928	10964
XCHTIME	0	0	0	0	0	0	0	0	0	0	0	0
XCHTIME	2031	1	0	5656808	4640	32548	15627	0	5603993	124758948218880	124758935834928	10964
XCHTIME	0	0	0	0	0	0	0	0	0	0	0	0
XCHTIME	2031	1	0	14961492	4780	34314	32171	0	14890227	124758948218880	124758935834928	10964
LADGATE	2031	10000	1.097	1
XCHTIME	0	0	0	0	0	0	0	0	0	0	0	0
XCHTIME	2031	5	26	149343964	5104	27907	155286	5723	149149944	124758948218880	124758935834928	10964
XCHTIME	0	0	0	0	0	0	0	0	0	0	0	0
XCHTIME	2031	1	0	6269828	5530	37786	16917	0	6209595	124758948218880	124758935834928	10964
XCHTIME	0	0	0	0	0	0	0	0	0	0	0	0
XCHTIME	2031	2	4	6934062	5630	38963	38188	774	6850507	124758948218880	124758935834928	10964
XCHTIME	0	0	0	0	0	0	0	0	0	0	0	0
XCHTIME	2031	4	10	11818344	4898	31773	77990	1903	11701780	124758948218880	124758935834928	10964
XCHTIME	0	0	0	0	0	0	0	0	0	0	0	0
XCHTIME	2031	1	0	15216384	4301	21508	13437	0	15177138	124758948218880	124758935834928	10964
XCHTIME	0	0	0	0	0	0	0	0	0	0	0	0
XCHTIME	2031	4	11	7751038	4283	33529	70224	2034	7640968	124758948218880	124758935834928	10964
XCHTIME	0	0	0	0	0	0	0	0	0	0	0	0
XCHTIME	2031	2	4	15122879	4711	30033	43412	811	15043912	124758948218880	124758935834928	10964
XCHTIME	0	0	0	0	0	0	0	0	0	0	0	0
XCHTIME	2031	1	0	15281046	4106	26456	15259	0	15235225	124758948218880	124758935834928	10964
XCHTIME	0	0	0	0	0	0	0	0	0	0	0	0
XCHTIME	2031	1	0	16007732	4587	36167	16916	0	15950062	124758948218880	124758935834928	10964
XCHTIME	0	0	0	0	0	0	0	0	0	0	0	0
XCHTIME	2031	4	6	5245233	5416	43895	67343	1163	5127416	124758948218880	124758935834928	10964
LIFT	chimera_selby-c16-01	2031	1517	13662	1517
COUNTS	chimera_selby-c16-01	2031	10964	3605628	2404634
XCHTIME	0	0	0	0	0	0	0	0	0	0	0	0
XCHTIME	110	2	4	131917	5775	578	359	153	125052	124758941284528	124758944170176	376
XCHTIME	0	0	0	0	0	0	0	0	0	0	0	0
XCHTIME	110	2	6	971149	235	689	285	214	969726	124758941284528	124758944170176	376
XCHTIME	0	0	0	0	0	0	0	0	0	0	0	0
XCHTIME	110	2	5	428559	407	878	360	189	426725	124758941284528	124758944170176	376
XCHTIME	0	0	0	0	0	0	0	0	0	0	0	0
XCHTIME	110	4	18	2144327	226	653	612	663	2142173	124758941284528	124758944170176	376
LADGATE	110	10000	0.181	1
XCHTIME	0	0	0	0	0	0	0	0	0	0	0	0
XCHTIME	110	5	26	2738041	518	1283	729	949	2734562	124758941284528	124758944170176	376
XCHTIME	0	0	0	0	0	0	0	0	0	0	0	0
XCHTIME	110	4	66	1380254	488	600	685	1987	1376494	124758941284528	124758944170176	376
XCHTIME	0	0	0	0	0	0	0	0	0	0	0	0
XCHTIME	110	4	15	386815	245	823	599	465	384683	124758941284528	124758944170176	376
XCHTIME	0	0	0	0	0	0	0	0	0	0	0	0
XCHTIME	110	4	10	201949	431	876	498	266	199878	124758941284528	124758944170176	376
XCHTIME	0	0	0	0	0	0	0	0	0	0	0	0
XCHTIME	110	4	18	2121897	159	590	591	615	2119942	124758941284528	124758944170176	376
XCHTIME	0	0	0	0	0	0	0	0	0	0	0	0
XCHTIME	110	4	11	136433	231	670	513	384	134635	124758941284528	124758944170176	376
XCHTIME	0	0	0	0	0	0	0	0	0	0	0	0
XCHTIME	110	4	14	715371	156	593	626	440	713556	124758941284528	124758944170176	376
XCHTIME	0	0	0	0	0	0	0	0	0	0	0	0
XCHTIME	110	4	13	1234166	219	672	620	555	1232100	124758941284528	124758944170176	376
XCHTIME	0	0	0	0	0	0	0	0	0	0	0	0
XCHTIME	110	4	16	8513236	379	878	1001	556	8510422	124758941284528	124758944170176	376
XCHTIME	0	0	0	0	0	0	0	0	0	0	0	0
XCHTIME	110	4	6	75473	549	1208	524	170	73022	124758941284528	124758944170176	376
LIFT	csched1	110	30	100	30
COUNTS	csched1	110	376	975	975
XCHTIME	0	0	0	0	0	0	0	0	0	0	0	0
XCHTIME	1310	2	4	971913	79350	12670	9699	288	869906	124758936006208	124758736496416	37028
XCHTIME	0	0	0	0	0	0	0	0	0	0	0	0
XCHTIME	1310	2	6	8067864	7741	4783	13552	459	8041329	124758936006208	124758736496416	37028
XCHTIME	0	0	0	0	0	0	0	0	0	0	0	0
XCHTIME	1310	2	5	3556372	9905	10322	13918	321	3521906	124758936006208	124758736496416	37028
XCHTIME	0	0	0	0	0	0	0	0	0	0	0	0
XCHTIME	1310	3	15	16782600	12464	15827	24244	1340	16728725	124758936006208	124758736496416	37028
LADGATE	1310	10000	0.130	1
XCHTIME	0	0	0	0	0	0	0	0	0	0	0	0
XCHTIME	1310	4	10	1750131	12454	12687	24272	681	1700037	124758936006208	124758736496416	37028
XCHTIME	0	0	0	0	0	0	0	0	0	0	0	0
XCHTIME	1310	4	66	6138914	10454	10704	39873	3898	6073985	124758936006208	124758736496416	37028
XCHTIME	0	0	0	0	0	0	0	0	0	0	0	0
XCHTIME	1310	4	15	3844381	13900	9294	27753	958	3792476	124758936006208	124758736496416	37028
XCHTIME	0	0	0	0	0	0	0	0	0	0	0	0
XCHTIME	1310	4	10	1689657	9753	7571	21237	648	1650448	124758936006208	124758736496416	37028
XCHTIME	0	0	0	0	0	0	0	0	0	0	0	0
XCHTIME	1310	3	15	16877005	7113	6491	25757	1128	16836516	124758936006208	124758736496416	37028
XCHTIME	0	0	0	0	0	0	0	0	0	0	0	0
XCHTIME	1310	4	11	1230490	11191	12381	24289	608	1182021	124758936006208	124758736496416	37028
XCHTIME	0	0	0	0	0	0	0	0	0	0	0	0
XCHTIME	1310	4	14	7139095	8195	8508	34889	868	7086635	124758936006208	124758736496416	37028
XCHTIME	0	0	0	0	0	0	0	0	0	0	0	0
XCHTIME	1310	4	13	13212591	25406	15789	27478	974	13142944	124758936006208	124758736496416	37028
XCHTIME	0	0	0	0	0	0	0	0	0	0	0	0
XCHTIME	1310	1	0	18465642	11672	22625	5063	0	18426282	124758936006208	124758736496416	37028
XCHTIME	0	0	0	0	0	0	0	0	0	0	0	0
XCHTIME	1310	4	6	1052033	13912	19142	33432	384	985163	124758936006208	124758736496416	37028
LIFT	watercontamination0303r	1310	755	35918	755
COUNTS	watercontamination0303r	1310	37028	2171882	2171882
XCHTIME	0	0	0	0	0	0	0	0	0	0	0	0
XCHTIME	15	2	4	34558	1735	435	161	151	32076	124758941293280	124758944175312	36
XCHTIME	0	0	0	0	0	0	0	0	0	0	0	0
XCHTIME	15	2	6	303093	391	309	75	179	302139	124758941293280	124758944175312	36
XCHTIME	0	0	0	0	0	0	0	0	0	0	0	0
XCHTIME	15	2	5	101789	155	292	101	140	101101	124758941293280	124758944175312	36
XCHTIME	0	0	0	0	0	0	0	0	0	0	0	0
XCHTIME	15	4	18	608683	99	286	127	531	607640	124758941293280	124758944175312	36
LADGATE	15	10000	0.116	1
XCHTIME	0	0	0	0	0	0	0	0	0	0	0	0
XCHTIME	15	5	26	613217	204	358	207	779	611669	124758941293280	124758944175312	36
XCHTIME	0	0	0	0	0	0	0	0	0	0	0	0
XCHTIME	15	4	39	6833	109	278	155	1166	5125	124758941293280	124758944175312	36
XCHTIME	0	0	0	0	0	0	0	0	0	0	0	0
XCHTIME	15	4	15	114132	100	264	152	416	113200	124758941293280	124758944175312	36
XCHTIME	0	0	0	0	0	0	0	0	0	0	0	0
XCHTIME	15	4	10	66192	72	290	131	281	65418	124758941293280	124758944175312	36
XCHTIME	0	0	0	0	0	0	0	0	0	0	0	0
XCHTIME	15	4	18	599644	69	250	142	510	598673	124758941293280	124758944175312	36
XCHTIME	0	0	0	0	0	0	0	0	0	0	0	0
XCHTIME	15	4	11	42026	190	261	159	320	41096	124758941293280	124758944175312	36
XCHTIME	0	0	0	0	0	0	0	0	0	0	0	0
XCHTIME	15	4	14	175803	67	219	158	405	174954	124758941293280	124758944175312	36
XCHTIME	0	0	0	0	0	0	0	0	0	0	0	0
XCHTIME	15	4	13	398561	93	236	198	410	397624	124758941293280	124758944175312	36
XCHTIME	0	0	0	0	0	0	0	0	0	0	0	0
XCHTIME	15	4	16	2349769	175	275	211	480	2348628	124758941293280	124758944175312	36
XCHTIME	0	0	0	0	0	0	0	0	0	0	0	0
XCHTIME	15	4	6	29861	336	504	205	190	28626	124758941293280	124758944175312	36
COUNTS	ex9_2_4	15	36	117	117
XCHTIME	0	0	0	0	0	0	0	0	0	0	0	0
XCHTIME	163	2	4	160616	6501	744	451	191	152729	124758940705264	124758944321568	440
XCHTIME	0	0	0	0	0	0	0	0	0	0	0	0
XCHTIME	163	2	6	1234343	268	664	458	317	1232636	124758940705264	124758944321568	440
XCHTIME	0	0	0	0	0	0	0	0	0	0	0	0
XCHTIME	163	2	5	450787	497	997	392	199	448702	124758940705264	124758944321568	440
XCHTIME	0	0	0	0	0	0	0	0	0	0	0	0
XCHTIME	163	4	18	2790591	274	1084	1072	809	2787352	124758940705264	124758944321568	440
LADGATE	163	10000	0.180	1
XCHTIME	0	0	0	0	0	0	0	0	0	0	0	0
XCHTIME	163	5	26	3302107	368	917	1278	1188	3298356	124758940705264	124758944321568	440
XCHTIME	0	0	0	0	0	0	0	0	0	0	0	0
XCHTIME	163	4	66	1785060	329	610	898	2174	1781049	124758940705264	124758944321568	440
XCHTIME	0	0	0	0	0	0	0	0	0	0	0	0
XCHTIME	163	4	15	466228	453	1489	1065	666	462555	124758940705264	124758944321568	440
XCHTIME	0	0	0	0	0	0	0	0	0	0	0	0
XCHTIME	163	4	10	297907	378	1598	1205	336	294390	124758940705264	124758944321568	440
XCHTIME	0	0	0	0	0	0	0	0	0	0	0	0
XCHTIME	163	4	18	2868003	504	984	1205	796	2864514	124758940705264	124758944321568	440
XCHTIME	0	0	0	0	0	0	0	0	0	0	0	0
XCHTIME	163	4	11	157436	401	1217	714	445	154659	124758940705264	124758944321568	440
XCHTIME	0	0	0	0	0	0	0	0	0	0	0	0
XCHTIME	163	4	14	783350	294	845	883	538	780790	124758940705264	124758944321568	440
XCHTIME	0	0	0	0	0	0	0	0	0	0	0	0
XCHTIME	163	4	13	1403640	197	722	860	562	1401299	124758940705264	124758944321568	440
XCHTIME	0	0	0	0	0	0	0	0	0	0	0	0
XCHTIME	163	4	16	7191187	370	717	1921	738	7187441	124758940705264	124758944321568	440
XCHTIME	0	0	0	0	0	0	0	0	0	0	0	0
XCHTIME	163	4	6	99918	658	1205	831	223	97001	124758940705264	124758944321568	440
LIFT	sssd15-04	163	47	240	47
COUNTS	sssd15-04	163	440	1625	1625
COUNTS	autocorr_bern35-35fix	38	1264	16214	16214
XCHTIME	0	0	0	0	0	0	0	0	0	0	0	0
XCHTIME	1491	2	4	1883029	32402	5835	11496	310	1832986	124758935983840	124758946779904	4500
XCHTIME	0	0	0	0	0	0	0	0	0	0	0	0
XCHTIME	1491	1	0	6320585	1419	5779	5409	0	6307978	124758935983840	124758946779904	4500
XCHTIME	0	0	0	0	0	0	0	0	0	0	0	0
XCHTIME	1491	2	5	5122927	2918	16001	18026	710	5085272	124758935983840	124758946779904	4500
XCHTIME	0	0	0	0	0	0	0	0	0	0	0	0
XCHTIME	1491	3	15	13230482	2824	17078	34517	1947	13174116	124758935983840	124758946779904	4500
LADGATE	1491	10000	0.338	1
XCHTIME	0	0	0	0	0	0	0	0	0	0	0	0
XCHTIME	1491	5	26	37265531	2714	13383	62814	3080	37183540	124758935983840	124758946779904	4500
XCHTIME	0	0	0	0	0	0	0	0	0	0	0	0
XCHTIME	1491	2	19	6540800	2779	14656	25759	1377	6496229	124758935983840	124758946779904	4500
XCHTIME	0	0	0	0	0	0	0	0	0	0	0	0
XCHTIME	1491	4	15	5568521	2775	6848	22531	1099	5535268	124758935983840	124758946779904	4500
XCHTIME	0	0	0	0	0	0	0	0	0	0	0	0
XCHTIME	1491	4	10	3441244	1595	6690	22356	828	3409775	124758935983840	124758946779904	4500
XCHTIME	0	0	0	0	0	0	0	0	0	0	0	0
XCHTIME	1491	3	15	13274105	1303	5403	34399	1955	13231045	124758935983840	124758946779904	4500
XCHTIME	0	0	0	0	0	0	0	0	0	0	0	0
XCHTIME	1491	4	11	2182377	2843	9384	28868	1535	2139747	124758935983840	124758946779904	4500
XCHTIME	0	0	0	0	0	0	0	0	0	0	0	0
XCHTIME	1491	4	14	11193154	1642	7837	40827	1810	11141038	124758935983840	124758946779904	4500
XCHTIME	0	0	0	0	0	0	0	0	0	0	0	0
XCHTIME	1491	3	12	13299634	2513	9101	26235	1026	13260759	124758935983840	124758946779904	4500
XCHTIME	0	0	0	0	0	0	0	0	0	0	0	0
XCHTIME	1491	1	0	12717316	2513	10972	5788	0	12698043	124758935983840	124758946779904	4500
XCHTIME	0	0	0	0	0	0	0	0	0	0	0	0
XCHTIME	1491	4	6	1432685	3025	22616	29657	949	1376438	124758935983840	124758946779904	4500
LIFT	sfacloc2_4_90	1491	775	3282	775
COUNTS	sfacloc2_4_90	1491	4500	31682	28843
LIFT	cont6-qq	120395	79800	397602	79800
COUNTS	cont6-qq	120395	557994	835894090	581918900
XCHTIME	0	0	0	0	0	0	0	0	0	0	0	0
XCHTIME	5205	1	0	2084360	867257	255837	219817	0	741449	124758736879408	124758972430320	174804
XCHTIME	0	0	0	0	0	0	0	0	0	0	0	0
XCHTIME	5205	1	0	1593825	83179	255467	218843	0	1036336	124758736879408	124758972430320	174804
XCHTIME	0	0	0	0	0	0	0	0	0	0	0	0
XCHTIME	5205	1	0	1267535	73952	235805	222589	0	735189	124758736879408	124758972430320	174804
XCHTIME	0	0	0	0	0	0	0	0	0	0	0	0
XCHTIME	5205	2	5	4790687	70263	234801	442070	1821	4041732	124758736879408	124758972430320	174804
LADGATE	5205	10000	0.138	1
XCHTIME	0	0	0	0	0	0	0	0	0	0	0	0
XCHTIME	5205	4	10	8519656	70103	251838	880637	3558	7313520	124758736879408	124758972430320	174804
XCHTIME	0	0	0	0	0	0	0	0	0	0	0	0
XCHTIME	5205	1	0	4132406	73457	247170	217622	0	3594157	124758736879408	124758972430320	174804
XCHTIME	0	0	0	0	0	0	0	0	0	0	0	0
XCHTIME	5205	1	0	2351300	74953	234773	214838	0	1826736	124758736879408	124758972430320	174804
XCHTIME	0	0	0	0	0	0	0	0	0	0	0	0
XCHTIME	5205	2	3	4376583	69811	239651	449116	1387	3616618	124758736879408	124758972430320	174804
XCHTIME	0	0	0	0	0	0	0	0	0	0	0	0
XCHTIME	5205	2	5	4702587	72581	223305	443715	1627	3961359	124758736879408	124758972430320	174804
XCHTIME	0	0	0	0	0	0	0	0	0	0	0	0
XCHTIME	5205	2	3	4595155	71785	235217	447057	1269	3839827	124758736879408	124758972430320	174804
XCHTIME	0	0	0	0	0	0	0	0	0	0	0	0
XCHTIME	5205	2	4	4612990	70534	234189	427736	1199	3879332	124758736879408	124758972430320	174804
XCHTIME	0	0	0	0	0	0	0	0	0	0	0	0
XCHTIME	5205	2	4	5806217	71388	232162	450442	1541	5050684	124758736879408	124758972430320	174804
XCHTIME	0	0	0	0	0	0	0	0	0	0	0	0
XCHTIME	5205	2	5	6776324	75118	234545	442372	1864	6022425	124758736879408	124758972430320	174804
XCHTIME	0	0	0	0	0	0	0	0	0	0	0	0
XCHTIME	5205	2	3	4488574	70523	235450	443012	858	3738731	124758736879408	124758972430320	174804
LIFT	meanvar-orl400_05_e_7	5205	2803	170000	2803
COUNTS	meanvar-orl400_05_e_7	5205	174804	21939414	21935811
XCHTIME	0	0	0	0	0	0	0	0	0	0	0	0
XCHTIME	10017	1	0	4568151	2200458	976912	943609	0	447172	124759001537344	124758736921072	49624
XCHTIME	0	0	0	0	0	0	0	0	0	0	0	0
XCHTIME	10017	1	0	3397664	23778	972177	996146	0	1405563	124759001537344	124758736921072	49624
XCHTIME	0	0	0	0	0	0	0	0	0	0	0	0
XCHTIME	10017	1	0	2775188	22541	963078	942436	0	847133	124759001537344	124758736921072	49624
XCHTIME	0	0	0	0	0	0	0	0	0	0	0	0
XCHTIME	10017	1	0	9669872	21652	960224	942613	0	7745383	124759001537344	124758736921072	49624
LADGATE	10017	10000	0.320	0
XCHTIME	0	0	0	0	0	0	0	0	0	0	0	0
XCHTIME	10017	5	26	51428380	23931	981177	4797247	18921	45607104	124759001537344	124758736921072	49624
XCHTIME	0	0	0	0	0	0	0	0	0	0	0	0
XCHTIME	10017	1	0	5589248	23051	1018579	957279	0	3590339	124759001537344	124758736921072	49624
XCHTIME	0	0	0	0	0	0	0	0	0	0	0	0
XCHTIME	10017	1	0	5083320	22239	1011244	957800	0	3092037	124759001537344	124758736921072	49624
XCHTIME	0	0	0	0	0	0	0	0	0	0	0	0
XCHTIME	10017	2	3	9424579	23084	994872	1925765	3212	6477646	124759001537344	124758736921072	49624
XCHTIME	0	0	0	0	0	0	0	0	0	0	0	0
XCHTIME	10017	1	0	9859752	21937	1028251	972255	0	7837309	124759001537344	124758736921072	49624
XCHTIME	0	0	0	0	0	0	0	0	0	0	0	0
XCHTIME	10017	2	3	9292838	23984	996829	1947796	2756	6321473	124759001537344	124758736921072	49624
XCHTIME	0	0	0	0	0	0	0	0	0	0	0	0
XCHTIME	10017	1	0	9354904	22207	977267	957968	0	7397462	124759001537344	124758736921072	49624
XCHTIME	0	0	0	0	0	0	0	0	0	0	0	0
XCHTIME	10017	1	0	10158954	23264	982102	937212	0	8216376	124759001537344	124758736921072	49624
XCHTIME	0	0	0	0	0	0	0	0	0	0	0	0
XCHTIME	10017	1	0	10151299	23379	973360	956659	0	8197901	124759001537344	124758736921072	49624
XCHTIME	0	0	0	0	0	0	0	0	0	0	0	0
XCHTIME	10017	2	3	9134170	23018	985838	1928888	3289	6193137	124759001537344	124758736921072	49624
LIFT	glider400	10017	7609	43204	7609
COUNTS	glider400	10017	49624	373018	327407
XCHTIME	0	0	0	0	0	0	0	0	0	0	0	0
XCHTIME	4960	2	4	2841090	428953	219745	382625	1161	1808606	124758936016704	124758964743136	13792
XCHTIME	0	0	0	0	0	0	0	0	0	0	0	0
XCHTIME	4960	2	6	4247012	7662	192455	406711	1603	3638581	124758936016704	124758964743136	13792
XCHTIME	0	0	0	0	0	0	0	0	0	0	0	0
XCHTIME	4960	2	5	3486396	6704	195587	415899	1542	2866664	124758936016704	124758964743136	13792
XCHTIME	0	0	0	0	0	0	0	0	0	0	0	0
XCHTIME	4960	4	18	12776710	7304	199242	788219	5039	11776906	124758936016704	124758964743136	13792
LADGATE	4960	10000	0.614	1
XCHTIME	0	0	0	0	0	0	0	0	0	0	0	0
XCHTIME	4960	5	26	19546108	6895	237112	1020039	8049	18274013	124758936016704	124758964743136	13792
XCHTIME	0	0	0	0	0	0	0	0	0	0	0	0
XCHTIME	4960	3	57	5495219	7485	224465	572193	10944	4680132	124758936016704	124758964743136	13792
XCHTIME	0	0	0	0	0	0	0	0	0	0	0	0
XCHTIME	4960	4	15	6390805	6897	194648	771818	4166	5413276	124758936016704	124758964743136	13792
XCHTIME	0	0	0	0	0	0	0	0	0	0	0	0
XCHTIME	4960	4	10	6672101	7386	189016	781950	2707	5691042	124758936016704	124758964743136	13792
XCHTIME	0	0	0	0	0	0	0	0	0	0	0	0
XCHTIME	4960	4	18	12765170	7578	182517	792468	5221	11777386	124758936016704	124758964743136	13792
XCHTIME	0	0	0	0	0	0	0	0	0	0	0	0
XCHTIME	4960	4	11	6057634	6775	192273	745453	2671	5110462	124758936016704	124758964743136	13792
XCHTIME	0	0	0	0	0	0	0	0	0	0	0	0
XCHTIME	4960	4	14	8857404	6709	193226	758486	4551	7894432	124758936016704	124758964743136	13792
XCHTIME	0	0	0	0	0	0	0	0	0	0	0	0
XCHTIME	4960	4	13	11292955	6734	192201	792013	4234	10297773	124758936016704	124758964743136	13792
XCHTIME	0	0	0	0	0	0	0	0	0	0	0	0
XCHTIME	4960	2	5	10868332	7137	194917	404445	1360	10260473	124758936016704	124758964743136	13792
XCHTIME	0	0	0	0	0	0	0	0	0	0	0	0
XCHTIME	4960	4	6	5470553	6775	196397	735689	1803	4529889	124758936016704	124758964743136	13792
LIFT	syn40m04m	4960	2524	9280	2524
COUNTS	syn40m04m	4960	13792	65982	63265
XCHTIME	0	0	0	0	0	0	0	0	0	0	0	0
XCHTIME	31	2	4	70722	3676	998	245	90	65713	124758934983120	124758947420128	72
XCHTIME	0	0	0	0	0	0	0	0	0	0	0	0
XCHTIME	31	2	6	314349	329	667	121	122	313110	124758934983120	124758947420128	72
XCHTIME	0	0	0	0	0	0	0	0	0	0	0	0
XCHTIME	31	2	5	131105	356	516	126	101	130006	124758934983120	124758947420128	72
XCHTIME	0	0	0	0	0	0	0	0	0	0	0	0
XCHTIME	31	4	18	620473	230	321	317	352	619253	124758934983120	124758947420128	72
LADGATE	31	10000	0.160	1
XCHTIME	0	0	0	0	0	0	0	0	0	0	0	0
XCHTIME	31	5	26	712311	542	862	380	616	709911	124758934983120	124758947420128	72
XCHTIME	0	0	0	0	0	0	0	0	0	0	0	0
XCHTIME	31	4	59	143891	307	440	218	1494	141432	124758934983120	124758947420128	72
XCHTIME	0	0	0	0	0	0	0	0	0	0	0	0
XCHTIME	31	4	15	146974	106	657	236	306	145669	124758934983120	124758947420128	72
XCHTIME	0	0	0	0	0	0	0	0	0	0	0	0
XCHTIME	31	4	10	104237	104	536	254	206	103137	124758934983120	124758947420128	72
XCHTIME	0	0	0	0	0	0	0	0	0	0	0	0
XCHTIME	31	4	18	602844	131	440	281	354	601638	124758934983120	124758947420128	72
XCHTIME	0	0	0	0	0	0	0	0	0	0	0	0
XCHTIME	31	4	11	71527	151	515	225	230	70406	124758934983120	124758947420128	72
XCHTIME	0	0	0	0	0	0	0	0	0	0	0	0
XCHTIME	31	4	14	202550	104	354	232	290	201570	124758934983120	124758947420128	72
XCHTIME	0	0	0	0	0	0	0	0	0	0	0	0
XCHTIME	31	4	13	335444	108	448	221	262	334405	124758934983120	124758947420128	72
XCHTIME	0	0	0	0	0	0	0	0	0	0	0	0
XCHTIME	31	4	16	2521534	249	361	289	324	2520311	124758934983120	124758947420128	72
XCHTIME	0	0	0	0	0	0	0	0	0	0	0	0
XCHTIME	31	4	6	38106	283	551	221	119	36932	124758934983120	124758947420128	72
COUNTS	ex2_1_3	31	72	189	189
XCHTIME	0	0	0	0	0	0	0	0	0	0	0	0
XCHTIME	705	2	4	1720698	151753	6391	4246	730	1557578	124759001728960	124758970333152	87496
XCHTIME	0	0	0	0	0	0	0	0	0	0	0	0
XCHTIME	705	2	6	9334350	16240	2939	4794	870	9309507	124759001728960	124758970333152	87496
XCHTIME	0	0	0	0	0	0	0	0	0	0	0	0
XCHTIME	705	2	5	4740868	23275	4893	3977	756	4707967	124759001728960	124758970333152	87496
XCHTIME	0	0	0	0	0	0	0	0	0	0	0	0
XCHTIME	705	3	15	18917952	28012	7336	8187	2061	18872356	124759001728960	124758970333152	87496
LADGATE	705	10000	0.507	1
XCHTIME	0	0	0	0	0	0	0	0	0	0	0	0
XCHTIME	705	4	10	3024496	32143	7837	7867	1541	2975108	124759001728960	124758970333152	87496
XCHTIME	0	0	0	0	0	0	0	0	0	0	0	0
XCHTIME	705	4	66	3873789	30580	8200	10415	15624	3808970	124759001728960	124758970333152	87496
XCHTIME	0	0	0	0	0	0	0	0	0	0	0	0
XCHTIME	705	4	15	5138261	29372	5402	9576	2348	5091563	124759001728960	124758970333152	87496
XCHTIME	0	0	0	0	0	0	0	0	0	0	0	0
XCHTIME	705	4	10	3069011	23967	5376	12070	1411	3026187	124759001728960	124758970333152	87496
XCHTIME	0	0	0	0	0	0	0	0	0	0	0	0
XCHTIME	705	3	15	18867706	28233	4693	8597	2007	18824176	124759001728960	124758970333152	87496
XCHTIME	0	0	0	0	0	0	0	0	0	0	0	0
XCHTIME	705	4	11	2574788	37590	7421	7933	1590	2520254	124759001728960	124758970333152	87496
XCHTIME	0	0	0	0	0	0	0	0	0	0	0	0
XCHTIME	705	4	14	9330690	18756	3251	7509	1859	9299315	124759001728960	124758970333152	87496
XCHTIME	0	0	0	0	0	0	0	0	0	0	0	0
XCHTIME	705	4	13	16706063	22190	4385	10921	1988	16666579	124759001728960	124758970333152	87496
XCHTIME	0	0	0	0	0	0	0	0	0	0	0	0
XCHTIME	705	1	0	18769162	29515	5959	2219	0	18731469	124759001728960	124758970333152	87496
XCHTIME	0	0	0	0	0	0	0	0	0	0	0	0
XCHTIME	705	4	6	2389636	31952	7921	9702	950	2339111	124759001728960	124758970333152	87496
LIFT	qapw	705	480	87046	480
COUNTS	qapw	705	87496	12183146	12183146
XCHTIME	0	0	0	0	0	0	0	0	0	0	0	0
XCHTIME	14	2	4	20758	2017	462	103	153	18023	124758944463888	124758947636944	60
XCHTIME	0	0	0	0	0	0	0	0	0	0	0	0
XCHTIME	14	2	6	166348	314	346	97	175	165416	124758944463888	124758947636944	60
XCHTIME	0	0	0	0	0	0	0	0	0	0	0	0
XCHTIME	14	2	5	45860	136	294	73	153	45204	124758944463888	124758947636944	60
XCHTIME	0	0	0	0	0	0	0	0	0	0	0	0
XCHTIME	14	4	18	325816	109	245	131	669	324662	124758944463888	124758947636944	60
LADGATE	14	10000	0.112	1
XCHTIME	0	0	0	0	0	0	0	0	0	0	0	0
XCHTIME	14	4	10	38585	305	463	177	308	37332	124758944463888	124758947636944	60
XCHTIME	0	0	0	0	0	0	0	0	0	0	0	0
XCHTIME	14	4	37	1309741	134	299	198	1286	1307824	124758944463888	124758947636944	60
XCHTIME	0	0	0	0	0	0	0	0	0	0	0	0
XCHTIME	14	4	15	67714	287	409	133	497	66388	124758944463888	124758947636944	60
XCHTIME	0	0	0	0	0	0	0	0	0	0	0	0
XCHTIME	14	4	10	36286	113	297	160	270	35446	124758944463888	124758947636944	60
XCHTIME	0	0	0	0	0	0	0	0	0	0	0	0
XCHTIME	14	4	18	336192	92	265	179	688	334968	124758944463888	124758947636944	60
XCHTIME	0	0	0	0	0	0	0	0	0	0	0	0
XCHTIME	14	4	11	28536	118	235	129	311	27743	124758944463888	124758947636944	60
XCHTIME	0	0	0	0	0	0	0	0	0	0	0	0
XCHTIME	14	4	14	121126	92	215	140	426	120253	124758944463888	124758947636944	60
XCHTIME	0	0	0	0	0	0	0	0	0	0	0	0
XCHTIME	14	4	13	182465	107	238	149	399	181572	124758944463888	124758947636944	60
XCHTIME	0	0	0	0	0	0	0	0	0	0	0	0
XCHTIME	14	4	16	1994212	89	225	147	668	1993083	124758944463888	124758947636944	60
XCHTIME	0	0	0	0	0	0	0	0	0	0	0	0
XCHTIME	14	4	6	17997	300	373	139	252	16933	124758944463888	124758947636944	60
COUNTS	himmel11	14	60	198	198
XCHTIME	0	0	0	0	0	0	0	0	0	0	0	0
XCHTIME	1908	2	4	1895478	45363	9020	19290	322	1821483	124758964669008	124758964874224	5288
XCHTIME	0	0	0	0	0	0	0	0	0	0	0	0
XCHTIME	1908	2	6	6769504	1798	10099	37983	1006	6718618	124758964669008	124758964874224	5288
XCHTIME	0	0	0	0	0	0	0	0	0	0	0	0
XCHTIME	1908	2	5	5050282	3018	23547	30515	517	4992685	124758964669008	124758964874224	5288
XCHTIME	0	0	0	0	0	0	0	0	0	0	0	0
XCHTIME	1908	3	15	13837074	2434	19972	70478	1917	13742273	124758964669008	124758964874224	5288
LADGATE	1908	10000	0.374	1
XCHTIME	0	0	0	0	0	0	0	0	0	0	0	0
XCHTIME	1908	5	26	34188636	3338	26212	134272	3107	34021707	124758964669008	124758964874224	5288
XCHTIME	0	0	0	0	0	0	0	0	0	0	0	0
XCHTIME	1908	2	19	6656216	2970	32328	45472	1519	6573927	124758964669008	124758964874224	5288
XCHTIME	0	0	0	0	0	0	0	0	0	0	0	0
XCHTIME	1908	4	15	5764109	3319	24002	69396	1872	5665520	124758964669008	124758964874224	5288
XCHTIME	0	0	0	0	0	0	0	0	0	0	0	0
XCHTIME	1908	4	10	3565367	3408	13862	50818	996	3496283	124758964669008	124758964874224	5288
XCHTIME	0	0	0	0	0	0	0	0	0	0	0	0
XCHTIME	1908	3	15	13931923	2077	14338	67180	2049	13846279	124758964669008	124758964874224	5288
XCHTIME	0	0	0	0	0	0	0	0	0	0	0	0
XCHTIME	1908	4	11	2527354	2766	28934	56613	783	2438258	124758964669008	124758964874224	5288
XCHTIME	0	0	0	0	0	0	0	0	0	0	0	0
XCHTIME	1908	4	14	9267678	2378	16097	78079	1628	9169496	124758964669008	124758964874224	5288
XCHTIME	0	0	0	0	0	0	0	0	0	0	0	0
XCHTIME	1908	4	13	13926432	3239	32947	82360	1869	13806017	124758964669008	124758964874224	5288
XCHTIME	0	0	0	0	0	0	0	0	0	0	0	0
XCHTIME	1908	1	0	12240188	3031	22743	13689	0	12200725	124758964669008	124758964874224	5288
XCHTIME	0	0	0	0	0	0	0	0	0	0	0	0
XCHTIME	1908	4	6	1929458	3609	38288	51553	544	1835464	124758964669008	124758964874224	5288
LIFT	syn15m04m	1908	970	3540	970
COUNTS	syn15m04m	1908	5288	26094	25061
XCHTIME	0	0	0	0	0	0	0	0	0	0	0	0
XCHTIME	118	2	4	113619	5886	694	387	131	106521	124758944469440	124758935995792	654
XCHTIME	0	0	0	0	0	0	0	0	0	0	0	0
XCHTIME	118	2	6	1146022	236	763	323	137	1144563	124758944469440	124758935995792	654
XCHTIME	0	0	0	0	0	0	0	0	0	0	0	0
XCHTIME	118	2	5	243365	291	716	313	98	241947	124758944469440	124758935995792	654
XCHTIME	0	0	0	0	0	0	0	0	0	0	0	0
XCHTIME	118	4	18	2188355	189	793	675	493	2186205	124758944469440	124758935995792	654
LADGATE	118	10000	0.230	1
XCHTIME	0	0	0	0	0	0	0	0	0	0	0	0
XCHTIME	118	5	26	2659167	437	1422	1322	795	2655191	124758944469440	124758935995792	654
XCHTIME	0	0	0	0	0	0	0	0	0	0	0	0
XCHTIME	118	4	66	1660200	613	854	626	1475	1656632	124758944469440	124758935995792	654
XCHTIME	0	0	0	0	0	0	0	0	0	0	0	0
XCHTIME	118	4	15	410419	179	1041	864	323	408012	124758944469440	124758935995792	654
XCHTIME	0	0	0	0	0	0	0	0	0	0	0	0
XCHTIME	118	4	10	215075	174	751	520	207	213423	124758944469440	124758935995792	654
XCHTIME	0	0	0	0	0	0	0	0	0	0	0	0
XCHTIME	118	4	18	2179102	177	593	845	560	2176927	124758944469440	124758935995792	654
XCHTIME	0	0	0	0	0	0	0	0	0	0	0	0
XCHTIME	118	4	11	129160	292	715	508	233	127412	124758944469440	124758935995792	654
XCHTIME	0	0	0	0	0	0	0	0	0	0	0	0
XCHTIME	118	4	14	600800	179	694	631	298	598998	124758944469440	124758935995792	654
XCHTIME	0	0	0	0	0	0	0	0	0	0	0	0
XCHTIME	118	4	13	1052944	278	628	558	283	1051197	124758944469440	124758935995792	654
XCHTIME	0	0	0	0	0	0	0	0	0	0	0	0
XCHTIME	118	4	16	6918304	249	686	1134	414	6915821	124758944469440	124758935995792	654
XCHTIME	0	0	0	0	0	0	0	0	0	0	0	0
XCHTIME	118	4	6	84010	538	916	536	169	81851	124758944469440	124758935995792	654
LIFT	pooling_rt2tp	118	66	554	66
COUNTS	pooling_rt2tp	118	654	5876	5796
XCHTIME	0	0	0	0	0	0	0	0	0	0	0	0
XCHTIME	333	2	4	436740	10992	1248	1544	212	422744	124758956575248	124758936415376	2204
XCHTIME	0	0	0	0	0	0	0	0	0	0	0	0
XCHTIME	333	2	6	4243940	489	1250	1271	226	4240704	124758956575248	124758936415376	2204
XCHTIME	0	0	0	0	0	0	0	0	0	0	0	0
XCHTIME	333	2	5	1298243	440	1520	1093	219	1294971	124758956575248	124758936415376	2204
XCHTIME	0	0	0	0	0	0	0	0	0	0	0	0
XCHTIME	333	4	18	8677704	454	1445	2793	700	8672312	124758956575248	124758936415376	2204
LADGATE	333	10000	0.291	1
XCHTIME	0	0	0	0	0	0	0	0	0	0	0	0
XCHTIME	333	5	26	11192335	643	1877	2987	1099	11185729	124758956575248	124758936415376	2204
XCHTIME	0	0	0	0	0	0	0	0	0	0	0	0
XCHTIME	333	4	66	3480544	581	1674	3256	2209	3472824	124758956575248	124758936415376	2204
XCHTIME	0	0	0	0	0	0	0	0	0	0	0	0
XCHTIME	333	4	15	1529402	979	2320	2501	642	1522960	124758956575248	124758936415376	2204
XCHTIME	0	0	0	0	0	0	0	0	0	0	0	0
XCHTIME	333	4	10	811627	669	1437	2275	378	806868	124758956575248	124758936415376	2204
XCHTIME	0	0	0	0	0	0	0	0	0	0	0	0
XCHTIME	333	4	18	8658239	434	1479	3458	728	8652140	124758956575248	124758936415376	2204
XCHTIME	0	0	0	0	0	0	0	0	0	0	0	0
XCHTIME	333	4	11	492055	805	2075	2220	419	486536	124758956575248	124758936415376	2204
XCHTIME	0	0	0	0	0	0	0	0	0	0	0	0
XCHTIME	333	4	14	2660242	431	1395	2587	436	2655393	124758956575248	124758936415376	2204
XCHTIME	0	0	0	0	0	0	0	0	0	0	0	0
XCHTIME	333	4	13	4768972	687	1563	2555	475	4763692	124758956575248	124758936415376	2204
XCHTIME	0	0	0	0	0	0	0	0	0	0	0	0
XCHTIME	333	3	15	21107466	624	1882	3967	604	21100389	124758956575248	124758936415376	2204
XCHTIME	0	0	0	0	0	0	0	0	0	0	0	0
XCHTIME	333	4	6	386568	1196	3158	2171	246	379797	124758956575248	124758936415376	2204
LIFT	waterund14	333	191	2068	191
COUNTS	waterund14	333	2204	200484	72184
XCHTIME	0	0	0	0	0	0	0	0	0	0	0	0
XCHTIME	17809	0	0	24913484	12938054	11975430	0	0	0	124758971603600	124758952589264	120632
XCHTIME	0	0	0	0	0	0	0	0	0	0	0	0
XCHTIME	17809	1	0	13647956	53221	11320743	1972265	0	301727	124758971603600	124758952589264	120632
XCHTIME	0	0	0	0	0	0	0	0	0	0	0	0
XCHTIME	17809	0	0	11457383	61543	11395840	0	0	0	124758971603600	124758952589264	120632
XCHTIME	0	0	0	0	0	0	0	0	0	0	0	0
XCHTIME	17809	1	0	19159842	52317	11434168	1972212	0	5701145	124758971603600	124758952589264	120632
LADGATE	17809	10000	1.056	0
XCHTIME	0	0	0	0	0	0	0	0	0	0	0	0
XCHTIME	17809	3	15	198010158	65827	11396892	5888002	8765	180650672	124758971603600	124758952589264	120632
LIFT	crudeoil_lee4_10	17809	10229	106656	10229
COUNTS	crudeoil_lee4_10	17809	120632	294531623	181053364
XCHTIME	0	0	0	0	0	0	0	0	0	0	0	0
XCHTIME	1294	2	4	1453546	30799	5046	10312	469	1406920	124758956102688	124758944031776	8302
XCHTIME	0	0	0	0	0	0	0	0	0	0	0	0
XCHTIME	1294	2	6	6709389	2124	6552	14180	635	6685898	124758956102688	124758944031776	8302
XCHTIME	0	0	0	0	0	0	0	0	0	0	0	0
XCHTIME	1294	2	5	3590970	3217	9307	10530	506	3567410	124758956102688	124758944031776	8302
XCHTIME	0	0	0	0	0	0	0	0	0	0	0	0
XCHTIME	1294	4	18	14306482	2971	9398	46308	2135	14245670	124758956102688	124758944031776	8302
LADGATE	1294	10000	0.479	1
XCHTIME	0	0	0	0	0	0	0	0	0	0	0	0
XCHTIME	1294	5	26	20921459	3940	10867	36594	2870	20867188	124758956102688	124758944031776	8302
XCHTIME	0	0	0	0	0	0	0	0	0	0	0	0
XCHTIME	1294	2	19	3943207	3244	11103	12263	1702	3914895	124758956102688	124758944031776	8302
XCHTIME	0	0	0	0	0	0	0	0	0	0	0	0
XCHTIME	1294	4	15	4309050	2654	8316	30047	1505	4266528	124758956102688	124758944031776	8302
XCHTIME	0	0	0	0	0	0	0	0	0	0	0	0
XCHTIME	1294	4	10	2851629	3446	6351	21866	1011	2818955	124758956102688	124758944031776	8302
XCHTIME	0	0	0	0	0	0	0	0	0	0	0	0
XCHTIME	1294	4	18	14178506	2412	5930	31382	1987	14136795	124758956102688	124758944031776	8302
XCHTIME	0	0	0	0	0	0	0	0	0	0	0	0
XCHTIME	1294	4	11	1697529	3355	8646	18391	998	1666139	124758956102688	124758944031776	8302
XCHTIME	0	0	0	0	0	0	0	0	0	0	0	0
XCHTIME	1294	4	14	7028473	2304	7467	23486	1397	6993819	124758956102688	124758944031776	8302
XCHTIME	0	0	0	0	0	0	0	0	0	0	0	0
XCHTIME	1294	4	13	10502396	2880	6578	31657	1406	10459875	124758956102688	124758944031776	8302
XCHTIME	0	0	0	0	0	0	0	0	0	0	0	0
XCHTIME	1294	2	5	14999330	4136	7442	21102	664	14965986	124758956102688	124758944031776	8302
XCHTIME	0	0	0	0	0	0	0	0	0	0	0	0
XCHTIME	1294	4	6	1229021	4432	12336	18746	505	1193002	124758956102688	124758944031776	8302
LIFT	pooling_foulds4pq	1294	723	7208	723
COUNTS	pooling_foulds4pq	1294	8302	138692	138540
XCHTIME	0	0	0	0	0	0	0	0	0	0	0	0
XCHTIME	3097	2	4	3919433	1962463	76260	82136	422	1798152	124758947650320	124758971381744	19664
XCHTIME	0	0	0	0	0	0	0	0	0	0	0	0
XCHTIME	3097	1	0	3152047	7479	53525	48243	0	3042800	124758947650320	124758971381744	19664
XCHTIME	0	0	0	0	0	0	0	0	0	0	0	0
XCHTIME	3097	2	5	2757964	7086	65273	101832	1546	2582227	124758947650320	124758971381744	19664
XCHTIME	0	0	0	0	0	0	0	0	0	0	0	0
XCHTIME	3097	4	18	11109052	7283	56229	216012	4223	10825305	124758947650320	124758971381744	19664
LADGATE	3097	10000	0.341	1
XCHTIME	0	0	0	0	0	0	0	0	0	0	0	0
XCHTIME	3097	5	26	14523968	8313	90794	295787	4938	14124136	124758947650320	124758971381744	19664
XCHTIME	0	0	0	0	0	0	0	0	0	0	0	0
XCHTIME	3097	4	66	4918758	7873	75208	208824	8813	4618040	124758947650320	124758971381744	19664
XCHTIME	0	0	0	0	0	0	0	0	0	0	0	0
XCHTIME	3097	4	15	4412189	8679	65233	204927	2999	4130351	124758947650320	124758971381744	19664
XCHTIME	0	0	0	0	0	0	0	0	0	0	0	0
XCHTIME	3097	4	10	3948695	7727	56797	212576	1871	3669724	124758947650320	124758971381744	19664
XCHTIME	0	0	0	0	0	0	0	0	0	0	0	0
XCHTIME	3097	4	18	11275414	8053	53400	258749	7346	10947866	124758947650320	124758971381744	19664
XCHTIME	0	0	0	0	0	0	0	0	0	0	0	0
XCHTIME	3097	4	11	3762449	8326	70350	218245	2636	3462892	124758947650320	124758971381744	19664
XCHTIME	0	0	0	0	0	0	0	0	0	0	0	0
XCHTIME	3097	4	14	5756853	7782	57319	204682	2715	5484355	124758947650320	124758971381744	19664
XCHTIME	0	0	0	0	0	0	0	0	0	0	0	0
XCHTIME	3097	4	13	7596665	8531	68613	225754	2204	7291563	124758947650320	124758971381744	19664
XCHTIME	0	0	0	0	0	0	0	0	0	0	0	0
XCHTIME	3097	2	5	11545089	8277	58556	127073	1268	11349915	124758947650320	124758971381744	19664
XCHTIME	0	0	0	0	0	0	0	0	0	0	0	0
XCHTIME	3097	4	6	3486384	7869	62603	190407	1249	3224256	124758947650320	124758971381744	19664
LIFT	edgecross14-156	3097	1641	21120	1641
COUNTS	edgecross14-156	3097	19664	1487933	1376964
XCHTIME	0	0	0	0	0	0	0	0	0	0	0	0
XCHTIME	72	2	4	129883	4767	882	372	124	123738	124758945956016	124758964238512	668
XCHTIME	0	0	0	0	0	0	0	0	0	0	0	0
XCHTIME	72	2	6	1672479	232	776	255	152	1671064	124758945956016	124758964238512	668
XCHTIME	0	0	0	0	0	0	0	0	0	0	0	0
XCHTIME	72	2	5	427734	268	694	212	122	426438	124758945956016	124758964238512	668
XCHTIME	0	0	0	0	0	0	0	0	0	0	0	0
XCHTIME	72	4	18	3083964	213	877	510	466	3081898	124758945956016	124758964238512	668
LADGATE	72	10000	0.203	1
XCHTIME	0	0	0	0	0	0	0	0	0	0	0	0
XCHTIME	72	5	26	3778214	450	1152	597	676	3775339	124758945956016	124758964238512	668
XCHTIME	0	0	0	0	0	0	0	0	0	0	0	0
XCHTIME	72	4	66	27569	289	828	422	2307	23723	124758945956016	124758964238512	668
XCHTIME	0	0	0	0	0	0	0	0	0	0	0	0
XCHTIME	72	4	15	430465	157	634	377	342	428955	124758945956016	124758964238512	668
XCHTIME	0	0	0	0	0	0	0	0	0	0	0	0
XCHTIME	72	4	10	210030	157	739	429	227	208478	124758945956016	124758964238512	668
XCHTIME	0	0	0	0	0	0	0	0	0	0	0	0
XCHTIME	72	4	18	3044123	190	817	513	442	3042161	124758945956016	124758964238512	668
XCHTIME	0	0	0	0	0	0	0	0	0	0	0	0
XCHTIME	72	4	11	109398	236	565	398	304	107895	124758945956016	124758964238512	668
XCHTIME	0	0	0	0	0	0	0	0	0	0	0	0
XCHTIME	72	4	14	878923	165	529	439	318	877472	124758945956016	124758964238512	668
XCHTIME	0	0	0	0	0	0	0	0	0	0	0	0
XCHTIME	72	4	13	1537531	222	748	484	313	1535764	124758945956016	124758964238512	668
XCHTIME	0	0	0	0	0	0	0	0	0	0	0	0
XCHTIME	72	4	16	10745593	369	725	487	430	10743582	124758945956016	124758964238512	668
XCHTIME	0	0	0	0	0	0	0	0	0	0	0	0
XCHTIME	72	4	6	59811	545	1373	352	169	57372	124758945956016	124758964238512	668
LIFT	tspn08	72	34	646	34
COUNTS	tspn08	72	668	11074	7600
XCHTIME	0	0	0	0	0	0	0	0	0	0	0	0
XCHTIME	4225	1	0	2392359	293458	168776	141039	0	1789086	124759001996784	124759001150464	14628
XCHTIME	0	0	0	0	0	0	0	0	0	0	0	0
XCHTIME	4225	1	0	3928844	7668	137246	133359	0	3650571	124759001996784	124759001150464	14628
XCHTIME	0	0	0	0	0	0	0	0	0	0	0	0
XCHTIME	4225	1	0	3156760	6753	152168	129324	0	2868515	124759001996784	124759001150464	14628
XCHTIME	0	0	0	0	0	0	0	0	0	0	0	0
XCHTIME	4225	1	0	11029910	6419	153196	175693	0	10694602	124759001996784	124759001150464	14628
LADGATE	4225	10000	0.569	1
XCHTIME	0	0	0	0	0	0	0	0	0	0	0	0
XCHTIME	4225	5	26	69183398	6947	169186	714991	3082	68289192	124759001996784	124759001150464	14628
XCHTIME	0	0	0	0	0	0	0	0	0	0	0	0
XCHTIME	4225	1	0	4619892	7589	169473	137748	0	4305082	124759001996784	124759001150464	14628
XCHTIME	0	0	0	0	0	0	0	0	0	0	0	0
XCHTIME	4225	2	4	6400128	6776	144130	294054	910	5954258	124759001996784	124759001150464	14628
XCHTIME	0	0	0	0	0	0	0	0	0	0	0	0
XCHTIME	4225	4	10	10851710	6062	137764	544822	1489	10161573	124759001996784	124759001150464	14628
XCHTIME	0	0	0	0	0	0	0	0	0	0	0	0
XCHTIME	4225	1	0	10920613	6379	131662	131972	0	10650600	124759001996784	124759001150464	14628
XCHTIME	0	0	0	0	0	0	0	0	0	0	0	0
XCHTIME	4225	4	11	9078953	6536	157886	518238	5819	8390474	124759001996784	124759001150464	14628
XCHTIME	0	0	0	0	0	0	0	0	0	0	0	0
XCHTIME	4225	3	12	12427038	8080	151245	416111	2257	11849345	124759001996784	124759001150464	14628
XCHTIME	0	0	0	0	0	0	0	0	0	0	0	0
XCHTIME	4225	2	4	11856255	6318	131935	276416	731	11440855	124759001996784	124759001150464	14628
XCHTIME	0	0	0	0	0	0	0	0	0	0	0	0
XCHTIME	4225	1	0	9404885	6393	139091	130187	0	9129214	124759001996784	124759001150464	14628
XCHTIME	0	0	0	0	0	0	0	0	0	0	0	0
XCHTIME	4225	4	6	7689567	6992	159889	530215	689	6991782	124759001996784	124759001150464	14628
LIFT	crudeoil_li05	4225	2656	17380	2656
COUNTS	crudeoil_li05	4225	14628	680022	533453
XCHTIME	0	0	0	0	0	0	0	0	0	0	0	0
XCHTIME	14416	0	0	15926256	8239468	7686788	0	0	0	124759001273360	124758971746096	41068
XCHTIME	0	0	0	0	0	0	0	0	0	0	0	0
XCHTIME	14416	1	0	5901406	19536	3840145	1239506	0	802219	124759001273360	124758971746096	41068
XCHTIME	0	0	0	0	0	0	0	0	0	0	0	0
XCHTIME	14416	1	0	3017750	20495	1297517	1241924	0	457814	124759001273360	124758971746096	41068
XCHTIME	0	0	0	0	0	0	0	0	0	0	0	0
XCHTIME	14416	1	0	9796068	20081	1261257	1229032	0	7285698	124759001273360	124758971746096	41068
LADGATE	14416	10000	0.649	0
XCHTIME	0	0	0	0	0	0	0	0	0	0	0	0
XCHTIME	14416	5	26	253519082	21819	1281786	6324337	15107	245876033	124759001273360	124758971746096	41068
XCHTIME	0	0	0	0	0	0	0	0	0	0	0	0
XCHTIME	14416	1	0	5160049	22035	1302029	1239922	0	2596063	124759001273360	124758971746096	41068
XCHTIME	0	0	0	0	0	0	0	0	0	0	0	0
XCHTIME	14416	1	0	5196305	23638	1308450	1227384	0	2636833	124759001273360	124758971746096	41068
XCHTIME	0	0	0	0	0	0	0	0	0	0	0	0
XCHTIME	14416	1	0	9881601	23097	1264409	1227588	0	7366507	124759001273360	124758971746096	41068
XCHTIME	0	0	0	0	0	0	0	0	0	0	0	0
XCHTIME	14416	1	0	9864097	22346	1309046	1248919	0	7283786	124759001273360	124758971746096	41068
XCHTIME	0	0	0	0	0	0	0	0	0	0	0	0
XCHTIME	14416	1	0	9921600	23755	1308125	1239040	0	7350680	124759001273360	124758971746096	41068
XCHTIME	0	0	0	0	0	0	0	0	0	0	0	0
XCHTIME	14416	1	0	9911664	21861	1297483	1297148	0	7295172	124759001273360	124758971746096	41068
XCHTIME	0	0	0	0	0	0	0	0	0	0	0	0
XCHTIME	14416	1	0	9868737	23789	1310611	1229067	0	7305270	124759001273360	124758971746096	41068
XCHTIME	0	0	0	0	0	0	0	0	0	0	0	0
XCHTIME	14416	1	0	9863146	23609	1322575	1222983	0	7293979	124759001273360	124758971746096	41068
XCHTIME	0	0	0	0	0	0	0	0	0	0	0	0
XCHTIME	14416	1	0	9964375	22618	1315023	1225414	0	7401320	124759001273360	124758971746096	41068
LIFT	procurement1large	14416	6606	28248	6606
COUNTS	procurement1large	14416	41068	13858240	7313217
XCHTIME	0	0	0	0	0	0	0	0	0	0	0	0
XCHTIME	1428	2	4	1233328	30708	14850	14331	416	1173023	124758956113056	124758936056400	4548
XCHTIME	0	0	0	0	0	0	0	0	0	0	0	0
XCHTIME	1428	2	6	7303853	1561	5289	16554	715	7279734	124758956113056	124758936056400	4548
XCHTIME	0	0	0	0	0	0	0	0	0	0	0	0
XCHTIME	1428	2	5	3355092	2703	15393	19173	710	3317113	124758956113056	124758936056400	4548
XCHTIME	0	0	0	0	0	0	0	0	0	0	0	0
XCHTIME	1428	4	18	15696445	2509	10843	37780	2201	15643112	124758956113056	124758936056400	4548
LADGATE	1428	10000	0.319	1
XCHTIME	0	0	0	0	0	0	0	0	0	0	0	0
XCHTIME	1428	5	26	25287490	2943	13089	51283	3384	25216791	124758956113056	124758936056400	4548
XCHTIME	0	0	0	0	0	0	0	0	0	0	0	0
XCHTIME	1428	2	19	5682740	2991	13003	18942	1070	5646734	124758956113056	124758936056400	4548
XCHTIME	0	0	0	0	0	0	0	0	0	0	0	0
XCHTIME	1428	4	15	3954746	3005	20806	29964	1835	3899136	124758956113056	124758936056400	4548
XCHTIME	0	0	0	0	0	0	0	0	0	0	0	0
XCHTIME	1428	4	10	2337386	1971	8385	26777	879	2299374	124758956113056	124758936056400	4548
XCHTIME	0	0	0	0	0	0	0	0	0	0	0	0
XCHTIME	1428	4	18	15692686	1539	8592	47948	2463	15632144	124758956113056	124758936056400	4548
XCHTIME	0	0	0	0	0	0	0	0	0	0	0	0
XCHTIME	1428	4	11	1500581	2533	12539	21266	921	1463322	124758956113056	124758936056400	4548
XCHTIME	0	0	0	0	0	0	0	0	0	0	0	0
XCHTIME	1428	4	14	6487537	1434	5385	22921	1032	6456765	124758956113056	124758936056400	4548
XCHTIME	0	0	0	0	0	0	0	0	0	0	0	0
XCHTIME	1428	4	13	10612498	1410	5596	26674	1345	10577473	124758956113056	124758936056400	4548
XCHTIME	0	0	0	0	0	0	0	0	0	0	0	0
XCHTIME	1428	1	0	14803754	2025	7204	5243	0	14789282	124758956113056	124758936056400	4548
XCHTIME	0	0	0	0	0	0	0	0	0	0	0	0
XCHTIME	1428	4	6	1207725	2668	22403	26311	640	1155703	124758956113056	124758936056400	4548
LIFT	blend721	1428	829	3334	829
COUNTS	blend721	1428	4548	77560	66143
XCHTIME	0	0	0	0	0	0	0	0	0	0	0	0
XCHTIME	2031	1	0	4549928	1357782	40548	13598	0	3138000	124758948239344	124758972270400	10878
XCHTIME	0	0	0	0	0	0	0	0	0	0	0	0
XCHTIME	2031	1	0	7427089	4207	21488	12767	0	7388627	124758948239344	124758972270400	10878
XCHTIME	0	0	0	0	0	0	0	0	0	0	0	0
XCHTIME	2031	1	0	5667722	4250	34172	17218	0	5612082	124758948239344	124758972270400	10878
XCHTIME	0	0	0	0	0	0	0	0	0	0	0	0
XCHTIME	2031	1	0	15563032	4096	28494	15907	0	15514535	124758948239344	124758972270400	10878
LADGATE	2031	10000	1.115	1
XCHTIME	0	0	0	0	0	0	0	0	0	0	0	0
XCHTIME	2031	5	26	162797838	5072	31143	158366	7691	162595566	124758948239344	124758972270400	10878
XCHTIME	0	0	0	0	0	0	0	0	0	0	0	0
XCHTIME	2031	1	0	6052734	5289	39420	17068	0	5990957	124758948239344	124758972270400	10878
XCHTIME	0	0	0	0	0	0	0	0	0	0	0	0
XCHTIME	2031	2	4	7134345	5422	40088	37632	971	7050232	124758948239344	124758972270400	10878
XCHTIME	0	0	0	0	0	0	0	0	0	0	0	0
XCHTIME	2031	4	10	12693652	3514	21014	93689	2985	12572450	124758948239344	124758972270400	10878
XCHTIME	0	0	0	0	0	0	0	0	0	0	0	0
XCHTIME	2031	1	0	15507990	4996	23873	13635	0	15465486	124758948239344	124758972270400	10878
XCHTIME	0	0	0	0	0	0	0	0	0	0	0	0
XCHTIME	2031	4	11	8415158	4275	42695	83506	2729	8281953	124758948239344	124758972270400	10878
XCHTIME	0	0	0	0	0	0	0	0	0	0	0	0
XCHTIME	2031	2	4	15189716	4344	24401	40828	997	15119146	124758948239344	124758972270400	10878
XCHTIME	0	0	0	0	0	0	0	0	0	0	0	0
XCHTIME	2031	1	0	15285141	4606	25858	14033	0	15240644	124758948239344	124758972270400	10878
XCHTIME	0	0	0	0	0	0	0	0	0	0	0	0
XCHTIME	2031	1	0	15613267	4410	30293	15337	0	15563227	124758948239344	124758972270400	10878
XCHTIME	0	0	0	0	0	0	0	0	0	0	0	0
XCHTIME	2031	4	6	5591703	5718	42058	75168	1386	5467373	124758948239344	124758972270400	10878
LIFT	chimera_selby-c16-02	2031	1436	15878	1436
COUNTS	chimera_selby-c16-02	2031	10878	4280329	2297782
XCHTIME	0	0	0	0	0	0	0	0	0	0	0	0
XCHTIME	16640	0	0	20701853	10606196	10095657	0	0	0	124758951544080	124758975133712	57800
XCHTIME	0	0	0	0	0	0	0	0	0	0	0	0
XCHTIME	16640	1	0	11568263	27472	9668934	1648389	0	223468	124758951544080	124758975133712	57800
XCHTIME	0	0	0	0	0	0	0	0	0	0	0	0
XCHTIME	16640	1	0	11360961	26942	9679457	1643148	0	11414	124758951544080	124758975133712	57800
XCHTIME	0	0	0	0	0	0	0	0	0	0	0	0
XCHTIME	16640	1	0	16456176	27151	9707304	1644595	0	5077126	124758951544080	124758975133712	57800
LADGATE	16640	10000	0.447	0
XCHTIME	0	0	0	0	0	0	0	0	0	0	0	0
XCHTIME	16640	5	26	78801904	29230	9657446	8368975	18029	60728224	124758951544080	124758975133712	57800
XCHTIME	0	0	0	0	0	0	0	0	0	0	0	0
XCHTIME	16640	1	0	11971251	30654	9752638	1640000	0	547959	124758951544080	124758975133712	57800
XCHTIME	0	0	0	0	0	0	0	0	0	0	0	0
XCHTIME	16640	1	0	12611156	28403	9688764	1635810	0	1258179	124758951544080	124758975133712	57800
XCHTIME	0	0	0	0	0	0	0	0	0	0	0	0
XCHTIME	16640	1	0	16402615	28928	9684797	1662826	0	5026064	124758951544080	124758975133712	57800
XCHTIME	0	0	0	0	0	0	0	0	0	0	0	0
XCHTIME	16640	1	0	16409409	32051	9681799	1647648	0	5047911	124758951544080	124758975133712	57800
XCHTIME	0	0	0	0	0	0	0	0	0	0	0	0
XCHTIME	16640	1	0	16416409	31482	9667777	1634227	0	5082923	124758951544080	124758975133712	57800
XCHTIME	0	0	0	0	0	0	0	0	0	0	0	0
XCHTIME	16640	1	0	16373882	28797	9620698	1651112	0	5073275	124758951544080	124758975133712	57800
XCHTIME	0	0	0	0	0	0	0	0	0	0	0	0
XCHTIME	16640	1	0	16531312	28457	9669450	1649811	0	5183594	124758951544080	124758975133712	57800
XCHTIME	0	0	0	0	0	0	0	0	0	0	0	0
XCHTIME	16640	1	0	16749959	27656	9638450	1645594	0	5438259	124758951544080	124758975133712	57800
XCHTIME	0	0	0	0	0	0	0	0	0	0	0	0
XCHTIME	16640	1	0	16562531	31798	9754527	1639919	0	5136287	124758951544080	124758975133712	57800
LIFT	supplychainr1_053050	16640	9640	44160	9640
COUNTS	supplychainr1_053050	16640	57800	2173490	2173490
XCHTIME	0	0	0	0	0	0	0	0	0	0	0	0
XCHTIME	5067	1	0	2592550	468435	219434	211808	0	1692873	124759001428128	124758737445376	21424
XCHTIME	0	0	0	0	0	0	0	0	0	0	0	0
XCHTIME	5067	1	0	3627888	8674	205240	202067	0	3211907	124759001428128	124758737445376	21424
XCHTIME	0	0	0	0	0	0	0	0	0	0	0	0
XCHTIME	5067	1	0	2647442	9467	210530	224738	0	2202707	124759001428128	124758737445376	21424
XCHTIME	0	0	0	0	0	0	0	0	0	0	0	0
XCHTIME	5067	2	5	10589929	9322	210415	433961	1565	9934666	124759001428128	124758737445376	21424
LADGATE	5067	10000	0.722	1
XCHTIME	0	0	0	0	0	0	0	0	0	0	0	0
XCHTIME	5067	5	26	25539887	10711	275679	1036594	7666	24209237	124759001428128	124758737445376	21424
XCHTIME	0	0	0	0	0	0	0	0	0	0	0	0
XCHTIME	5067	1	0	5005123	10399	251830	203432	0	4539462	124759001428128	124758737445376	21424
XCHTIME	0	0	0	0	0	0	0	0	0	0	0	0
XCHTIME	5067	3	12	5945099	13299	232931	584457	3221	5111191	124759001428128	124758737445376	21424
XCHTIME	0	0	0	0	0	0	0	0	0	0	0	0
XCHTIME	5067	4	10	8509487	9917	202577	806244	3247	7487502	124759001428128	124758737445376	21424
XCHTIME	0	0	0	0	0	0	0	0	0	0	0	0
XCHTIME	5067	2	5	10370795	10168	202406	411580	1713	9744928	124759001428128	124758737445376	21424
XCHTIME	0	0	0	0	0	0	0	0	0	0	0	0
XCHTIME	5067	4	11	8097322	10313	235103	791669	3661	7056576	124759001428128	124758737445376	21424
XCHTIME	0	0	0	0	0	0	0	0	0	0	0	0
XCHTIME	5067	4	14	10723500	9780	203919	793916	4017	9711868	124759001428128	124758737445376	21424
XCHTIME	0	0	0	0	0	0	0	0	0	0	0	0
XCHTIME	5067	3	12	11129616	9498	208235	598981	3501	10309401	124759001428128	124758737445376	21424
XCHTIME	0	0	0	0	0	0	0	0	0	0	0	0
XCHTIME	5067	1	0	9448632	10092	216066	216106	0	9006368	124759001428128	124758737445376	21424
XCHTIME	0	0	0	0	0	0	0	0	0	0	0	0
XCHTIME	5067	4	6	7695416	10178	239514	777157	1810	6666757	124759001428128	124758737445376	21424
LIFT	sfacloc2_4_80	5067	2567	16656	2567
COUNTS	sfacloc2_4_80	5067	21424	93048	88884
COUNTS	st_e24	10	26	64	57
XCHTIME	0	0	0	0	0	0	0	0	0	0	0	0
XCHTIME	1053	2	4	2132265	1424197	10757	6676	302	690333	124758735519392	124758971544576	5116
XCHTIME	0	0	0	0	0	0	0	0	0	0	0	0
XCHTIME	1053	2	6	6109217	1445	2961	7260	438	6097113	124758735519392	124758971544576	5116
XCHTIME	0	0	0	0	0	0	0	0	0	0	0	0
XCHTIME	1053	2	5	1961632	2259	5229	7832	499	1945813	124758735519392	124758971544576	5116
XCHTIME	0	0	0	0	0	0	0	0	0	0	0	0
XCHTIME	1053	4	18	11484008	1414	3741	18433	1343	11459077	124758735519392	124758971544576	5116
LADGATE	1053	10000	0.331	1
XCHTIME	0	0	0	0	0	0	0	0	0	0	0	0
XCHTIME	1053	5	26	14352005	2268	6682	18196	1922	14322937	124758735519392	124758971544576	5116
XCHTIME	0	0	0	0	0	0	0	0	0	0	0	0
XCHTIME	1053	4	66	1328966	1849	5714	12196	3340	1305867	124758735519392	124758971544576	5116
XCHTIME	0	0	0	0	0	0	0	0	0	0	0	0
XCHTIME	1053	4	15	2139427	1269	3106	12829	942	2121281	124758735519392	124758971544576	5116
XCHTIME	0	0	0	0	0	0	0	0	0	0	0	0
XCHTIME	1053	4	10	1314545	1319	3485	12226	575	1296940	124758735519392	124758971544576	5116
XCHTIME	0	0	0	0	0	0	0	0	0	0	0	0
XCHTIME	1053	4	18	11072627	1282	3173	22758	1365	11044049	124758735519392	124758971544576	5116
XCHTIME	0	0	0	0	0	0	0	0	0	0	0	0
XCHTIME	1053	4	11	947269	2554	4277	12255	681	927502	124758735519392	124758971544576	5116
XCHTIME	0	0	0	0	0	0	0	0	0	0	0	0
XCHTIME	1053	4	14	3697474	1237	3007	13833	912	3678485	124758735519392	124758971544576	5116
XCHTIME	0	0	0	0	0	0	0	0	0	0	0	0
XCHTIME	1053	4	13	6143899	1515	4026	12889	983	6124486	124758735519392	124758971544576	5116
XCHTIME	0	0	0	0	0	0	0	0	0	0	0	0
XCHTIME	1053	2	5	17413267	1511	4389	13256	504	17393607	124758735519392	124758971544576	5116
XCHTIME	0	0	0	0	0	0	0	0	0	0	0	0
XCHTIME	1053	4	6	816751	2750	12326	13840	539	787296	124758735519392	124758971544576	5116
LIFT	edgecross10-040	1053	571	4152	571
COUNTS	edgecross10-040	1053	5116	161851	143518
XCHTIME	0	0	0	0	0	0	0	0	0	0	0	0
XCHTIME	8232	1	0	4111824	1308788	622558	635088	0	1545390	124758951318288	124758974609424	40744
XCHTIME	0	0	0	0	0	0	0	0	0	0	0	0
XCHTIME	8232	1	0	4689736	21537	627180	648744	0	3392275	124758951318288	124758974609424	40744
XCHTIME	0	0	0	0	0	0	0	0	0	0	0	0
XCHTIME	8232	1	0	3984468	20069	620265	643159	0	2700975	124758951318288	124758974609424	40744
XCHTIME	0	0	0	0	0	0	0	0	0	0	0	0
XCHTIME	8232	2	5	10392076	20011	597453	1275045	4519	8495048	124758951318288	124758974609424	40744
LADGATE	8232	10000	0.358	1
XCHTIME	0	0	0	0	0	0	0	0	0	0	0	0
XCHTIME	8232	5	26	42841524	21942	667043	3160277	18328	38973934	124758951318288	124758974609424	40744
XCHTIME	0	0	0	0	0	0	0	0	0	0	0	0
XCHTIME	8232	1	0	5047012	19397	654411	643289	0	3729915	124758951318288	124758974609424	40744
XCHTIME	0	0	0	0	0	0	0	0	0	0	0	0
XCHTIME	8232	1	0	4592666	19255	609603	637535	0	3326273	124758951318288	124758974609424	40744
XCHTIME	0	0	0	0	0	0	0	0	0	0	0	0
XCHTIME	8232	3	9	8929522	19799	625887	1855468	6902	6421466	124758951318288	124758974609424	40744
XCHTIME	0	0	0	0	0	0	0	0	0	0	0	0
XCHTIME	8232	2	5	10441357	19462	633796	1274893	4368	8508838	124758951318288	124758974609424	40744
XCHTIME	0	0	0	0	0	0	0	0	0	0	0	0
XCHTIME	8232	3	9	8929122	19159	640929	1834800	7122	6427112	124758951318288	124758974609424	40744
XCHTIME	0	0	0	0	0	0	0	0	0	0	0	0
XCHTIME	8232	2	4	9487034	19491	621143	1271688	4409	7570303	124758951318288	124758974609424	40744
XCHTIME	0	0	0	0	0	0	0	0	0	0	0	0
XCHTIME	8232	2	4	9964132	19657	619429	1283760	4017	8037269	124758951318288	124758974609424	40744
XCHTIME	0	0	0	0	0	0	0	0	0	0	0	0
XCHTIME	8232	1	0	11329668	20237	600056	624353	0	10085022	124758951318288	124758974609424	40744
XCHTIME	0	0	0	0	0	0	0	0	0	0	0	0
XCHTIME	8232	3	3	8879906	19376	630749	1824254	2609	6402918	124758951318288	124758974609424	40744
LIFT	sonet21v6	8232	4221	32722	4221
COUNTS	sonet21v6	8232	40744	1643311	1585871
XCHTIME	0	0	0	0	0	0	0	0	0	0	0	0
XCHTIME	2490	2	4	1194392	72553	16002	38326	648	1066863	124758946845456	124759001617504	6400
XCHTIME	0	0	0	0	0	0	0	0	0	0	0	0
XCHTIME	2490	2	6	1883318	2383	19590	39004	697	1821644	124758946845456	124759001617504	6400
XCHTIME	0	0	0	0	0	0	0	0	0	0	0	0
XCHTIME	2490	2	5	1264209	2584	23663	42831	537	1194594	124758946845456	124759001617504	6400
XCHTIME	0	0	0	0	0	0	0	0	0	0	0	0
XCHTIME	2490	4	18	3719190	2371	20974	88162	6870	3600813	124758946845456	124759001617504	6400
LADGATE	2490	10000	0.671	1
XCHTIME	0	0	0	0	0	0	0	0	0	0	0	0
XCHTIME	2490	5	26	4729310	3347	42719	156464	3387	4523393	124758946845456	124759001617504	6400
XCHTIME	0	0	0	0	0	0	0	0	0	0	0	0
XCHTIME	2490	4	66	2725493	3622	34019	94619	4881	2588352	124758946845456	124759001617504	6400
XCHTIME	0	0	0	0	0	0	0	0	0	0	0	0
XCHTIME	2490	4	15	2316258	2794	24944	87957	1442	2199121	124758946845456	124759001617504	6400
XCHTIME	0	0	0	0	0	0	0	0	0	0	0	0
XCHTIME	2490	4	10	2276075	2651	21788	91719	983	2158934	124758946845456	124759001617504	6400
XCHTIME	0	0	0	0	0	0	0	0	0	0	0	0
XCHTIME	2490	4	18	3788400	2774	24558	104245	2177	3654646	124758946845456	124759001617504	6400
XCHTIME	0	0	0	0	0	0	0	0	0	0	0	0
XCHTIME	2490	4	11	2223044	2402	29611	90477	1208	2099346	124758946845456	124759001617504	6400
XCHTIME	0	0	0	0	0	0	0	0	0	0	0	0
XCHTIME	2490	4	14	2555299	2623	21720	90271	1692	2438993	124758946845456	124759001617504	6400
XCHTIME	0	0	0	0	0	0	0	0	0	0	0	0
XCHTIME	2490	4	13	2876847	2387	24242	103171	1447	2745600	124758946845456	124759001617504	6400
XCHTIME	0	0	0	0	0	0	0	0	0	0	0	0
XCHTIME	2490	4	16	6955928	3075	26320	167164	1874	6757495	124758946845456	124759001617504	6400
XCHTIME	0	0	0	0	0	0	0	0	0	0	0	0
XCHTIME	2490	4	6	2284754	3907	26897	94839	1197	2157914	124758946845456	124759001617504	6400
LIFT	squfl010-080	2490	890	3200	890
COUNTS	squfl010-080	2490	6400	27665	27665
XCHTIME	0	0	0	0	0	0	0	0	0	0	0	0
XCHTIME	221	2	4	264616	7825	1110	1045	403	254233	124758944301936	124758936097376	1048
XCHTIME	0	0	0	0	0	0	0	0	0	0	0	0
XCHTIME	221	2	6	2402519	449	1193	595	346	2399936	124758944301936	124758936097376	1048
XCHTIME	0	0	0	0	0	0	0	0	0	0	0	0
XCHTIME	221	2	5	669382	354	1023	681	253	667071	124758944301936	124758936097376	1048
XCHTIME	0	0	0	0	0	0	0	0	0	0	0	0
XCHTIME	221	4	18	4824628	504	809	1290	891	4821134	124758944301936	124758936097376	1048
LADGATE	221	10000	0.233	1
XCHTIME	0	0	0	0	0	0	0	0	0	0	0	0
XCHTIME	221	5	26	6167475	786	1259	1645	1270	6162515	124758944301936	124758936097376	1048
XCHTIME	0	0	0	0	0	0	0	0	0	0	0	0
XCHTIME	221	4	66	2061803	525	873	1319	2983	2056103	124758944301936	124758936097376	1048
XCHTIME	0	0	0	0	0	0	0	0	0	0	0	0
XCHTIME	221	4	15	881276	702	1917	1516	677	876464	124758944301936	124758936097376	1048
XCHTIME	0	0	0	0	0	0	0	0	0	0	0	0
XCHTIME	221	4	10	427125	354	1139	1110	485	424037	124758944301936	124758936097376	1048
XCHTIME	0	0	0	0	0	0	0	0	0	0	0	0
XCHTIME	221	4	18	4815435	346	1023	1759	885	4811422	124758944301936	124758936097376	1048
XCHTIME	0	0	0	0	0	0	0	0	0	0	0	0
XCHTIME	221	4	11	287302	508	1233	1558	505	283498	124758944301936	124758936097376	1048
XCHTIME	0	0	0	0	0	0	0	0	0	0	0	0
XCHTIME	221	4	14	1421265	369	1002	1496	642	1417756	124758944301936	124758936097376	1048
XCHTIME	0	0	0	0	0	0	0	0	0	0	0	0
XCHTIME	221	4	13	2658642	699	1711	5420	666	2650146	124758944301936	124758936097376	1048
XCHTIME	0	0	0	0	0	0	0	0	0	0	0	0
XCHTIME	221	4	16	15239223	972	1551	3198	871	15232631	124758944301936	124758936097376	1048
XCHTIME	0	0	0	0	0	0	0	0	0	0	0	0
XCHTIME	221	4	6	191800	929	1692	1358	366	187455	124758944301936	124758936097376	1048
LIFT	genpooling_lee2	221	145	896	145
COUNTS	genpooling_lee2	221	1048	19895	14028
XCHTIME	0	0	0	0	0	0	0	0	0	0	0	0
XCHTIME	2807	1	0	2158172	124493	33043	29515	0	1971121	124759001696832	124758737707536	13904
XCHTIME	0	0	0	0	0	0	0	0	0	0	0	0
XCHTIME	2807	1	0	4622954	5296	48760	42206	0	4526692	124759001696832	124758737707536	13904
XCHTIME	0	0	0	0	0	0	0	0	0	0	0	0
XCHTIME	2807	1	0	3849378	5401	55022	36094	0	3752861	124759001696832	124758737707536	13904
XCHTIME	0	0	0	0	0	0	0	0	0	0	0	0
XCHTIME	2807	1	0	11628928	4725	51258	31835	0	11541110	124759001696832	124758737707536	13904
LADGATE	2807	10000	0.613	1
XCHTIME	0	0	0	0	0	0	0	0	0	0	0	0
XCHTIME	2807	5	26	86941286	6161	57280	258767	5458	86613620	124759001696832	124758737707536	13904
XCHTIME	0	0	0	0	0	0	0	0	0	0	0	0
XCHTIME	2807	1	0	6203459	7033	58853	38109	0	6099464	124759001696832	124758737707536	13904
XCHTIME	0	0	0	0	0	0	0	0	0	0	0	0
XCHTIME	2807	2	4	6705619	7023	74847	89291	1424	6533034	124759001696832	124758737707536	13904
XCHTIME	0	0	0	0	0	0	0	0	0	0	0	0
XCHTIME	2807	4	10	10262839	5080	49869	160135	2062	10045693	124759001696832	124758737707536	13904
XCHTIME	0	0	0	0	0	0	0	0	0	0	0	0
XCHTIME	2807	1	0	11672034	5673	47987	31393	0	11586981	124759001696832	124758737707536	13904
XCHTIME	0	0	0	0	0	0	0	0	0	0	0	0
XCHTIME	2807	4	11	6924101	5148	52384	148128	2381	6716060	124759001696832	124758737707536	13904
XCHTIME	0	0	0	0	0	0	0	0	0	0	0	0
XCHTIME	2807	2	4	13134364	4983	42881	97505	1030	12987965	124759001696832	124758737707536	13904
XCHTIME	0	0	0	0	0	0	0	0	0	0	0	0
XCHTIME	2807	1	0	12301546	5727	50911	34046	0	12210862	124759001696832	124758737707536	13904
XCHTIME	0	0	0	0	0	0	0	0	0	0	0	0
XCHTIME	2807	1	0	11385387	5217	55491	35221	0	11289458	124759001696832	124758737707536	13904
XCHTIME	0	0	0	0	0	0	0	0	0	0	0	0
XCHTIME	2807	4	6	5079315	6941	78643	153121	1163	4839447	124759001696832	124758737707536	13904
LIFT	popdynm25	2807	2349	13004	2349
COUNTS	popdynm25	2807	13904	360081	286728
XCHTIME	0	0	0	0	0	0	0	0	0	0	0	0
XCHTIME	5211	1	0	2096647	517846	222348	215108	0	1141345	124758954002864	124758951677216	16740
XCHTIME	0	0	0	0	0	0	0	0	0	0	0	0
XCHTIME	5211	1	0	1438974	8673	228294	218577	0	983430	124758954002864	124758951677216	16740
XCHTIME	0	0	0	0	0	0	0	0	0	0	0	0
XCHTIME	5211	1	0	1725831	7853	228411	225661	0	1263906	124758954002864	124758951677216	16740
XCHTIME	0	0	0	0	0	0	0	0	0	0	0	0
XCHTIME	5211	1	0	10976203	8085	235050	217937	0	10515131	124758954002864	124758951677216	16740
LADGATE	5211	10000	0.756	1
XCHTIME	0	0	0	0	0	0	0	0	0	0	0	0
XCHTIME	5211	5	26	112746654	8015	246181	1206357	7161	111278940	124758954002864	124758951677216	16740
XCHTIME	0	0	0	0	0	0	0	0	0	0	0	0
XCHTIME	5211	1	0	5847828	8127	244877	212781	0	5382043	124758954002864	124758951677216	16740
XCHTIME	0	0	0	0	0	0	0	0	0	0	0	0
XCHTIME	5211	2	4	5880535	8330	252464	432302	958	5186481	124758954002864	124758951677216	16740
XCHTIME	0	0	0	0	0	0	0	0	0	0	0	0
XCHTIME	5211	4	10	10041614	9129	255373	857355	2345	8917412	124758954002864	124758951677216	16740
XCHTIME	0	0	0	0	0	0	0	0	0	0	0	0
XCHTIME	5211	2	5	11721836	8045	230932	462679	932	11019248	124758954002864	124758951677216	16740
XCHTIME	0	0	0	0	0	0	0	0	0	0	0	0
XCHTIME	5211	4	11	9162276	8637	256047	858288	2214	8037090	124758954002864	124758951677216	16740
XCHTIME	0	0	0	0	0	0	0	0	0	0	0	0
XCHTIME	5211	4	14	11731101	8483	228974	925754	3061	10564829	124758954002864	124758951677216	16740
XCHTIME	0	0	0	0	0	0	0	0	0	0	0	0
XCHTIME	5211	3	12	11675265	8299	232086	672994	2688	10759198	124758954002864	124758951677216	16740
XCHTIME	0	0	0	0	0	0	0	0	0	0	0	0
XCHTIME	5211	1	0	12164984	7773	213605	238974	0	11704632	124758954002864	124758951677216	16740
XCHTIME	0	0	0	0	0	0	0	0	0	0	0	0
XCHTIME	5211	4	6	8487044	8488	246275	816771	888	7414622	124758954002864	124758951677216	16740
LIFT	chp_partload	5211	3186	12690	3186
COUNTS	chp_partload	5211	16740	509170	373130
XCHTIME	0	0	0	0	0	0	0	0	0	0	0	0
XCHTIME	560	2	4	1259074	208127	5697	3320	371	1041559	124758976784736	124758976789232	120274
XCHTIME	0	0	0	0	0	0	0	0	0	0	0	0
XCHTIME	560	1	0	9702666	37347	7531	1747	0	9656041	124758976784736	124758976789232	120274
XCHTIME	0	0	0	0	0	0	0	0	0	0	0	0
XCHTIME	560	2	5	5962567	41025	6386	3587	452	5911117	124758976784736	124758976789232	120274
XCHTIME	0	0	0	0	0	0	0	0	0	0	0	0
XCHTIME	560	2	5	19737259	42461	5700	4101	442	19684555	124758976784736	124758976789232	120274
LADGATE	560	10000	0.246	1
XCHTIME	0	0	0	0	0	0	0	0	0	0	0	0
XCHTIME	560	4	10	2194601	42364	6251	6523	646	2138817	124758976784736	124758976789232	120274
XCHTIME	0	0	0	0	0	0	0	0	0	0	0	0
XCHTIME	560	4	66	1721529	47355	6241	7603	4831	1655499	124758976784736	124758976789232	120274
XCHTIME	0	0	0	0	0	0	0	0	0	0	0	0
XCHTIME	560	4	15	5595690	45147	6247	8398	1493	5534405	124758976784736	124758976789232	120274
XCHTIME	0	0	0	0	0	0	0	0	0	0	0	0
XCHTIME	560	4	10	2184832	41284	5226	6985	606	2130731	124758976784736	124758976789232	120274
XCHTIME	0	0	0	0	0	0	0	0	0	0	0	0
XCHTIME	560	2	5	19653277	35457	3851	3708	452	19609809	124758976784736	124758976789232	120274
XCHTIME	0	0	0	0	0	0	0	0	0	0	0	0
XCHTIME	560	4	11	1457372	39100	4916	6464	657	1406235	124758976784736	124758976789232	120274
XCHTIME	0	0	0	0	0	0	0	0	0	0	0	0
XCHTIME	560	4	14	11640294	27549	3603	7596	1144	11600402	124758976784736	124758976789232	120274
XCHTIME	0	0	0	0	0	0	0	0	0	0	0	0
XCHTIME	560	4	13	18958716	42634	5053	7965	1243	18901821	124758976784736	124758976789232	120274
XCHTIME	0	0	0	0	0	0	0	0	0	0	0	0
XCHTIME	560	1	0	19263281	39410	4977	1714	0	19217180	124758976784736	124758976789232	120274
XCHTIME	0	0	0	0	0	0	0	0	0	0	0	0
XCHTIME	560	4	6	1162698	49332	7179	6444	424	1099319	124758976784736	124758976789232	120274
LIFT	qspp_0_14_0_1_10_1	560	364	119024	364
COUNTS	qspp_0_14_0_1_10_1	560	120274	16119226	16038266
XCHTIME	0	0	0	0	0	0	0	0	0	0	0	0
XCHTIME	24	2	4	48290	3306	1119	176	95	43594	124758936525600	124758956101616	66
XCHTIME	0	0	0	0	0	0	0	0	0	0	0	0
XCHTIME	24	2	6	332151	181	383	118	140	331329	124758936525600	124758956101616	66
XCHTIME	0	0	0	0	0	0	0	0	0	0	0	0
XCHTIME	24	2	5	119770	122	377	110	101	119060	124758936525600	124758956101616	66
XCHTIME	0	0	0	0	0	0	0	0	0	0	0	0
XCHTIME	24	4	18	518884	95	415	196	367	517811	124758936525600	124758956101616	66
LADGATE	24	10000	0.139	1
XCHTIME	0	0	0	0	0	0	0	0	0	0	0	0
XCHTIME	24	5	26	792767	242	425	245	544	791311	124758936525600	124758956101616	66
XCHTIME	0	0	0	0	0	0	0	0	0	0	0	0
XCHTIME	24	4	52	7455	144	335	199	2489	4288	124758936525600	124758956101616	66
XCHTIME	0	0	0	0	0	0	0	0	0	0	0	0
XCHTIME	24	4	15	77485	75	216	183	303	76708	124758936525600	124758956101616	66
XCHTIME	0	0	0	0	0	0	0	0	0	0	0	0
XCHTIME	24	4	10	59905	103	301	165	197	59139	124758936525600	124758956101616	66
XCHTIME	0	0	0	0	0	0	0	0	0	0	0	0
XCHTIME	24	4	18	515544	94	258	166	375	514651	124758936525600	124758956101616	66
XCHTIME	0	0	0	0	0	0	0	0	0	0	0	0
XCHTIME	24	4	11	42756	110	295	167	219	41965	124758936525600	124758956101616	66
XCHTIME	0	0	0	0	0	0	0	0	0	0	0	0
XCHTIME	24	4	14	198010	91	238	191	312	197178	124758936525600	124758956101616	66
XCHTIME	0	0	0	0	0	0	0	0	0	0	0	0
XCHTIME	24	4	13	301455	115	297	193	262	300588	124758936525600	124758956101616	66
XCHTIME	0	0	0	0	0	0	0	0	0	0	0	0
XCHTIME	24	4	16	1696078	105	274	265	385	1695049	124758936525600	124758956101616	66
XCHTIME	0	0	0	0	0	0	0	0	0	0	0	0
XCHTIME	24	4	6	21793	228	511	179	122	20753	124758936525600	124758956101616	66
COUNTS	st_glmp_ss1	24	66	160	160
XCHTIME	0	0	0	0	0	0	0	0	0	0	0	0
XCHTIME	2508	1	0	2369158	129777	47108	20129	0	2172144	124758947675120	124758974085120	29808
XCHTIME	0	0	0	0	0	0	0	0	0	0	0	0
XCHTIME	2508	1	0	5248099	10568	30988	21216	0	5185327	124758947675120	124758974085120	29808
XCHTIME	0	0	0	0	0	0	0	0	0	0	0	0
XCHTIME	2508	1	0	3487505	9186	43454	26352	0	3408513	124758947675120	124758974085120	29808
XCHTIME	0	0	0	0	0	0	0	0	0	0	0	0
XCHTIME	2508	1	0	11950227	9358	40030	24361	0	11876478	124758947675120	124758974085120	29808
LADGATE	2508	10000	0.468	1
XCHTIME	0	0	0	0	0	0	0	0	0	0	0	0
XCHTIME	2508	4	10	9327362	11530	52132	113749	2734	9147217	124758947675120	124758974085120	29808
XCHTIME	0	0	0	0	0	0	0	0	0	0	0	0
XCHTIME	2508	2	19	5856181	9907	45943	84355	4374	5711602	124758947675120	124758974085120	29808
XCHTIME	0	0	0	0	0	0	0	0	0	0	0	0
XCHTIME	2508	2	4	6261998	13631	45647	53765	694	6148261	124758947675120	124758974085120	29808
XCHTIME	0	0	0	0	0	0	0	0	0	0	0	0
XCHTIME	2508	4	10	9273542	8307	31065	108591	2143	9123436	124758947675120	124758974085120	29808
XCHTIME	0	0	0	0	0	0	0	0	0	0	0	0
XCHTIME	2508	1	0	11909214	8974	32330	22915	0	11844995	124758947675120	124758974085120	29808
XCHTIME	0	0	0	0	0	0	0	0	0	0	0	0
XCHTIME	2508	4	11	6904150	8836	38575	122985	2434	6731320	124758947675120	124758974085120	29808
XCHTIME	0	0	0	0	0	0	0	0	0	0	0	0
XCHTIME	2508	3	12	12447231	10535	29147	82996	2939	12321614	124758947675120	124758974085120	29808
XCHTIME	0	0	0	0	0	0	0	0	0	0	0	0
XCHTIME	2508	2	4	12434949	9432	29036	55719	1150	12339612	124758947675120	124758974085120	29808
XCHTIME	0	0	0	0	0	0	0	0	0	0	0	0
XCHTIME	2508	1	0	14425795	9826	37109	23189	0	14355671	124758947675120	124758974085120	29808
XCHTIME	0	0	0	0	0	0	0	0	0	0	0	0
XCHTIME	2508	4	6	5584725	12035	67908	114725	1228	5388829	124758947675120	124758974085120	29808
LIFT	torsion50	2508	1302	20190	1302
COUNTS	torsion50	2508	29808	1691033	1118955
XCHTIME	0	0	0	0	0	0	0	0	0	0	0	0
XCHTIME	40	2	4	65754	3422	1061	191	181	60899	124758937531312	124758956124496	340
XCHTIME	0	0	0	0	0	0	0	0	0	0	0	0
XCHTIME	40	2	6	444211	249	641	138	262	442921	124758937531312	124758956124496	340
XCHTIME	0	0	0	0	0	0	0	0	0	0	0	0
XCHTIME	40	2	5	168087	290	599	178	204	166816	124758937531312	124758956124496	340
XCHTIME	0	0	0	0	0	0	0	0	0	0	0	0
XCHTIME	40	4	18	1200254	165	375	313	630	1198771	124758937531312	124758956124496	340
LADGATE	40	10000	0.175	1
XCHTIME	0	0	0	0	0	0	0	0	0	0	0	0
XCHTIME	40	4	10	113362	563	933	324	385	111157	124758937531312	124758956124496	340
XCHTIME	0	0	0	0	0	0	0	0	0	0	0	0
XCHTIME	40	4	66	7992	142	464	297	2403	4686	124758937531312	124758956124496	340
XCHTIME	0	0	0	0	0	0	0	0	0	0	0	0
XCHTIME	40	4	15	177395	119	400	286	526	176064	124758937531312	124758956124496	340
XCHTIME	0	0	0	0	0	0	0	0	0	0	0	0
XCHTIME	40	4	10	101116	136	416	304	336	99924	124758937531312	124758956124496	340
XCHTIME	0	0	0	0	0	0	0	0	0	0	0	0
XCHTIME	40	4	18	1214137	123	370	288	639	1212717	124758937531312	124758956124496	340
XCHTIME	0	0	0	0	0	0	0	0	0	0	0	0
XCHTIME	40	4	11	54640	163	448	273	414	53342	124758937531312	124758956124496	340
XCHTIME	0	0	0	0	0	0	0	0	0	0	0	0
XCHTIME	40	4	14	341725	150	383	323	466	340403	124758937531312	124758956124496	340
XCHTIME	0	0	0	0	0	0	0	0	0	0	0	0
XCHTIME	40	4	13	579400	130	422	285	478	578085	124758937531312	124758956124496	340
XCHTIME	0	0	0	0	0	0	0	0	0	0	0	0
XCHTIME	40	4	16	3412798	147	457	519	548	3411127	124758937531312	124758956124496	340
XCHTIME	0	0	0	0	0	0	0	0	0	0	0	0
XCHTIME	40	4	6	32254	459	678	236	252	30629	124758937531312	124758956124496	340
LIFT	st_rv2	40	10	90	10
COUNTS	st_rv2	40	340	2045	2045
XCHTIME	0	0	0	0	0	0	0	0	0	0	0	0
XCHTIME	6885	1	0	2594328	850182	431167	418747	0	894232	124758974511120	124758951384160	15948
XCHTIME	0	0	0	0	0	0	0	0	0	0	0	0
XCHTIME	6885	1	0	2305363	8644	426956	419519	0	1450244	124758974511120	124758951384160	15948
XCHTIME	0	0	0	0	0	0	0	0	0	0	0	0
XCHTIME	6885	1	0	2016398	8384	401590	431841	0	1174583	124758974511120	124758951384160	15948
XCHTIME	0	0	0	0	0	0	0	0	0	0	0	0
XCHTIME	6885	4	18	10744255	8113	430313	1735440	6191	8564198	124758974511120	124758951384160	15948
LADGATE	6885	10000	0.245	1
XCHTIME	0	0	0	0	0	0	0	0	0	0	0	0
XCHTIME	6885	5	26	13906880	9158	451277	2158936	9201	11278308	124758974511120	124758951384160	15948
XCHTIME	0	0	0	0	0	0	0	0	0	0	0	0
XCHTIME	6885	2	19	5490604	9090	451539	830968	5153	4193854	124758974511120	124758951384160	15948
XCHTIME	0	0	0	0	0	0	0	0	0	0	0	0
XCHTIME	6885	2	4	5403566	9024	420385	836234	1899	4136024	124758974511120	124758951384160	15948
XCHTIME	0	0	0	0	0	0	0	0	0	0	0	0
XCHTIME	6885	4	10	10661155	8818	421345	1683455	5494	8542043	124758974511120	124758951384160	15948
XCHTIME	0	0	0	0	0	0	0	0	0	0	0	0
XCHTIME	6885	4	18	10721687	8463	445443	1730613	8202	8528966	124758974511120	124758951384160	15948
XCHTIME	0	0	0	0	0	0	0	0	0	0	0	0
XCHTIME	6885	4	11	10695078	9314	431980	1711027	5299	8537458	124758974511120	124758951384160	15948
XCHTIME	0	0	0	0	0	0	0	0	0	0	0	0
XCHTIME	6885	4	14	10431404	8356	416291	1651543	5974	8349240	124758974511120	124758951384160	15948
XCHTIME	0	0	0	0	0	0	0	0	0	0	0	0
XCHTIME	6885	4	13	10843127	8635	441925	1709032	5272	8678263	124758974511120	124758951384160	15948
XCHTIME	0	0	0	0	0	0	0	0	0	0	0	0
XCHTIME	6885	4	16	10725991	15214	432892	1661520	6779	8609586	124758974511120	124758951384160	15948
XCHTIME	0	0	0	0	0	0	0	0	0	0	0	0
XCHTIME	6885	4	6	10138348	8645	407303	1673187	3034	8046179	124758974511120	124758951384160	15948
LIFT	emfl100_3_3	6885	2961	8100	2961
COUNTS	emfl100_3_3	6885	15948	55506	55506
COUNTS	pedigree_sim400	351	23546	1183471	1183168
COUNTS	polygon75	5846	49652	1171822	1171822
LIFT	gabriel10	244056	129644	1260406	129644
COUNTS	gabriel10	244056	1148210	1365442310	1267760679
XCHTIME	0	0	0	0	0	0	0	0	0	0	0	0
XCHTIME	1049	2	4	732571	20526	4056	6501	218	701270	124759001719312	124758975006752	4336
XCHTIME	0	0	0	0	0	0	0	0	0	0	0	0
XCHTIME	1049	1	0	6549322	1106	3888	3208	0	6541120	124759001719312	124758975006752	4336
XCHTIME	0	0	0	0	0	0	0	0	0	0	0	0
XCHTIME	1049	2	5	2135624	1718	8032	7603	277	2117994	124759001719312	124758975006752	4336
XCHTIME	0	0	0	0	0	0	0	0	0	0	0	0
XCHTIME	1049	4	18	13335838	1966	7019	21216	1015	13304622	124759001719312	124758975006752	4336
LADGATE	1049	10000	0.292	1
XCHTIME	0	0	0	0	0	0	0	0	0	0	0	0
XCHTIME	1049	5	26	17255834	2316	7819	27564	1545	17216590	124759001719312	124758975006752	4336
XCHTIME	0	0	0	0	0	0	0	0	0	0	0	0
XCHTIME	1049	4	66	3900211	2345	5947	17453	2958	3871508	124759001719312	124758975006752	4336
XCHTIME	0	0	0	0	0	0	0	0	0	0	0	0
XCHTIME	1049	4	15	2749934	2120	4717	13356	756	2728985	124759001719312	124758975006752	4336
XCHTIME	0	0	0	0	0	0	0	0	0	0	0	0
XCHTIME	1049	4	10	1505280	1549	4797	13894	459	1484581	124759001719312	124758975006752	4336
XCHTIME	0	0	0	0	0	0	0	0	0	0	0	0
XCHTIME	1049	4	18	13440605	1533	5436	22925	1013	13409698	124759001719312	124758975006752	4336
XCHTIME	0	0	0	0	0	0	0	0	0	0	0	0
XCHTIME	1049	4	11	1226103	1899	5638	13318	477	1204771	124759001719312	124758975006752	4336
XCHTIME	0	0	0	0	0	0	0	0	0	0	0	0
XCHTIME	1049	4	14	4475018	1107	3689	16272	907	4453043	124759001719312	124758975006752	4336
XCHTIME	0	0	0	0	0	0	0	0	0	0	0	0
XCHTIME	1049	4	13	8743936	1556	5470	23094	905	8712911	124759001719312	124758975006752	4336
XCHTIME	0	0	0	0	0	0	0	0	0	0	0	0
XCHTIME	1049	1	0	13519610	2233	5426	3077	0	13508874	124759001719312	124758975006752	4336
XCHTIME	0	0	0	0	0	0	0	0	0	0	0	0
XCHTIME	1049	4	6	818929	2359	11968	12550	409	791643	124759001719312	124758975006752	4336
LIFT	fo9_ar25_1	1049	507	3606	507
COUNTS	fo9_ar25_1	1049	4336	41668	38237
XCHTIME	0	0	0	0	0	0	0	0	0	0	0	0
XCHTIME	1159	2	4	1276073	23790	4095	7862	217	1240109	124758971593744	124759001388704	3168
XCHTIME	0	0	0	0	0	0	0	0	0	0	0	0
XCHTIME	1159	2	6	7658084	1160	3414	10694	279	7642537	124758971593744	124759001388704	3168
XCHTIME	0	0	0	0	0	0	0	0	0	0	0	0
XCHTIME	1159	2	5	3347549	1970	7245	10134	253	3327947	124758971593744	124759001388704	3168
XCHTIME	0	0	0	0	0	0	0	0	0	0	0	0
XCHTIME	1159	4	18	15582866	1437	5458	27974	1027	15546970	124758971593744	124759001388704	3168
LADGATE	1159	10000	0.327	1
XCHTIME	0	0	0	0	0	0	0	0	0	0	0	0
XCHTIME	1159	5	26	25018186	2014	7067	41859	1435	24965811	124758971593744	124759001388704	3168
XCHTIME	0	0	0	0	0	0	0	0	0	0	0	0
XCHTIME	1159	4	66	5820843	2139	9546	31971	3127	5774060	124758971593744	124759001388704	3168
XCHTIME	0	0	0	0	0	0	0	0	0	0	0	0
XCHTIME	1159	4	15	3940135	2373	7852	21344	878	3907688	124758971593744	124759001388704	3168
XCHTIME	0	0	0	0	0	0	0	0	0	0	0	0
XCHTIME	1159	4	10	2368635	1611	6862	19029	586	2340547	124758971593744	124759001388704	3168
XCHTIME	0	0	0	0	0	0	0	0	0	0	0	0
XCHTIME	1159	4	18	15740572	1366	5811	31273	1057	15701065	124758971593744	124759001388704	3168
XCHTIME	0	0	0	0	0	0	0	0	0	0	0	0
XCHTIME	1159	4	11	1497661	2347	5698	15210	574	1473832	124758971593744	124759001388704	3168
XCHTIME	0	0	0	0	0	0	0	0	0	0	0	0
XCHTIME	1159	4	14	6348236	1369	3540	17489	926	6324912	124758971593744	124759001388704	3168
XCHTIME	0	0	0	0	0	0	0	0	0	0	0	0
XCHTIME	1159	4	13	10734331	1734	4653	19408	722	10707814	124758971593744	124759001388704	3168
XCHTIME	0	0	0	0	0	0	0	0	0	0	0	0
XCHTIME	1159	1	0	13552380	1871	5959	3590	0	13540960	124758971593744	124759001388704	3168
XCHTIME	0	0	0	0	0	0	0	0	0	0	0	0
XCHTIME	1159	4	6	1046167	2402	14715	15412	465	1013173	124758971593744	124759001388704	3168
LIFT	rsyn0840m	1159	610	2176	610
COUNTS	rsyn0840m	1159	3168	11274	10602
XCHTIME	0	0	0	0	0	0	0	0	0	0	0	0
XCHTIME	548	2	4	1014013	16051	3075	2440	288	992159	124758953998304	124758737871392	2800
XCHTIME	0	0	0	0	0	0	0	0	0	0	0	0
XCHTIME	548	2	6	8157543	719	1618	2477	527	8152202	124758953998304	124758737871392	2800
XCHTIME	0	0	0	0	0	0	0	0	0	0	0	0
XCHTIME	548	2	5	2815425	1013	2200	2403	385	2809424	124758953998304	124758737871392	2800
XCHTIME	0	0	0	0	0	0	0	0	0	0	0	0
XCHTIME	548	4	18	15477699	736	1745	5407	1421	15468390	124758953998304	124758737871392	2800
LADGATE	548	10000	0.383	1
XCHTIME	0	0	0	0	0	0	0	0	0	0	0	0
XCHTIME	548	5	26	19906476	1367	2316	5960	1978	19894855	124758953998304	124758737871392	2800
XCHTIME	0	0	0	0	0	0	0	0	0	0	0	0
XCHTIME	548	3	57	6748910	1444	1912	5358	5251	6734945	124758953998304	124758737871392	2800
XCHTIME	0	0	0	0	0	0	0	0	0	0	0	0
XCHTIME	548	4	15	3179584	1605	2516	5449	1093	3168921	124758953998304	124758737871392	2800
XCHTIME	0	0	0	0	0	0	0	0	0	0	0	0
XCHTIME	548	4	10	1915770	961	2167	4783	645	1907214	124758953998304	124758737871392	2800
XCHTIME	0	0	0	0	0	0	0	0	0	0	0	0
XCHTIME	548	4	18	15647857	856	2502	8672	1464	15634363	124758953998304	124758737871392	2800
XCHTIME	0	0	0	0	0	0	0	0	0	0	0	0
XCHTIME	548	4	11	1188424	1512	3027	4753	725	1178407	124758953998304	124758737871392	2800
XCHTIME	0	0	0	0	0	0	0	0	0	0	0	0
XCHTIME	548	4	14	5425647	777	1958	5833	1118	5415961	124758953998304	124758737871392	2800
XCHTIME	0	0	0	0	0	0	0	0	0	0	0	0
XCHTIME	548	4	13	9454953	1143	2396	5567	950	9444897	124758953998304	124758737871392	2800
XCHTIME	0	0	0	0	0	0	0	0	0	0	0	0
XCHTIME	548	2	5	17668379	1227	2965	4007	443	17659737	124758953998304	124758737871392	2800
XCHTIME	0	0	0	0	0	0	0	0	0	0	0	0
XCHTIME	548	4	6	729886	1874	3636	4405	361	719610	124758953998304	124758737871392	2800
LIFT	gancns	548	318	2280	318
COUNTS	gancns	548	2800	69234	58299
XCHTIME	0	0	0	0	0	0	0	0	0	0	0	0
XCHTIME	1049	2	4	736659	20323	3623	6955	174	705584	124758947640240	124758975068208	4336
XCHTIME	0	0	0	0	0	0	0	0	0	0	0	0
XCHTIME	1049	1	0	6494619	1287	3900	3115	0	6486317	124758947640240	124758975068208	4336
XCHTIME	0	0	0	0	0	0	0	0	0	0	0	0
XCHTIME	1049	2	5	2188239	2415	7098	7430	246	2171050	124758947640240	124758975068208	4336
XCHTIME	0	0	0	0	0	0	0	0	0	0	0	0
XCHTIME	1049	4	18	13326238	1767	6243	20239	939	13297050	124758947640240	124758975068208	4336
LADGATE	1049	10000	0.290	1
XCHTIME	0	0	0	0	0	0	0	0	0	0	0	0
XCHTIME	1049	5	26	17332063	2702	6806	26645	1735	17294175	124758947640240	124758975068208	4336
XCHTIME	0	0	0	0	0	0	0	0	0	0	0	0
XCHTIME	1049	4	66	3993176	2362	7036	18018	2902	3962858	124758947640240	124758975068208	4336
XCHTIME	0	0	0	0	0	0	0	0	0	0	0	0
XCHTIME	1049	4	15	2783325	2459	4916	16450	744	2758756	124758947640240	124758975068208	4336
XCHTIME	0	0	0	0	0	0	0	0	0	0	0	0
XCHTIME	1049	4	10	1523082	1527	5107	14762	440	1501246	124758947640240	124758975068208	4336
XCHTIME	0	0	0	0	0	0	0	0	0	0	0	0
XCHTIME	1049	4	18	13656997	992	4224	33599	1821	13616361	124758947640240	124758975068208	4336
XCHTIME	0	0	0	0	0	0	0	0	0	0	0	0
XCHTIME	1049	4	11	1233003	2780	7988	14033	506	1207696	124758947640240	124758975068208	4336
XCHTIME	0	0	0	0	0	0	0	0	0	0	0	0
XCHTIME	1049	4	14	4444911	1091	3459	15788	827	4423746	124758947640240	124758975068208	4336
XCHTIME	0	0	0	0	0	0	0	0	0	0	0	0
XCHTIME	1049	4	13	8687551	1068	4510	19822	1074	8661077	124758947640240	124758975068208	4336
XCHTIME	0	0	0	0	0	0	0	0	0	0	0	0
XCHTIME	1049	1	0	13617749	1816	5637	3180	0	13607116	124758947640240	124758975068208	4336
XCHTIME	0	0	0	0	0	0	0	0	0	0	0	0
XCHTIME	1049	4	6	824273	2501	13228	15145	360	793039	124758947640240	124758975068208	4336
LIFT	o9_ar4_1	1049	507	3606	507
COUNTS	o9_ar4_1	1049	4336	41668	38237
XCHTIME	0	0	0	0	0	0	0	0	0	0	0	0
XCHTIME	123	2	4	235339	5097	674	500	114	228954	124758940633616	124759001421488	560
XCHTIME	0	0	0	0	0	0	0	0	0	0	0	0
XCHTIME	123	2	6	1896223	419	627	341	146	1894690	124758940633616	124759001421488	560
XCHTIME	0	0	0	0	0	0	0	0	0	0	0	0
XCHTIME	123	2	5	634422	422	822	310	108	632760	124758940633616	124759001421488	560
XCHTIME	0	0	0	0	0	0	0	0	0	0	0	0
XCHTIME	123	4	18	3687644	186	667	843	521	3685427	124758940633616	124759001421488	560
LADGATE	123	10000	0.260	1
XCHTIME	0	0	0	0	0	0	0	0	0	0	0	0
XCHTIME	123	5	26	4816431	495	1652	993	925	4812366	124758940633616	124759001421488	560
XCHTIME	0	0	0	0	0	0	0	0	0	0	0	0
XCHTIME	123	4	66	2780527	501	1059	664	2583	2775720	124758940633616	124759001421488	560
XCHTIME	0	0	0	0	0	0	0	0	0	0	0	0
XCHTIME	123	4	15	745581	214	747	572	360	743688	124758940633616	124759001421488	560
XCHTIME	0	0	0	0	0	0	0	0	0	0	0	0
XCHTIME	123	4	10	420046	329	926	548	213	418030	124758940633616	124759001421488	560
XCHTIME	0	0	0	0	0	0	0	0	0	0	0	0
XCHTIME	123	4	18	3679750	225	633	661	568	3677663	124758940633616	124759001421488	560
XCHTIME	0	0	0	0	0	0	0	0	0	0	0	0
XCHTIME	123	4	11	248547	320	660	554	247	246766	124758940633616	124759001421488	560
XCHTIME	0	0	0	0	0	0	0	0	0	0	0	0
XCHTIME	123	4	14	1287023	242	661	624	344	1285152	124758940633616	124759001421488	560
XCHTIME	0	0	0	0	0	0	0	0	0	0	0	0
XCHTIME	123	4	13	2274319	329	858	687	351	2272094	124758940633616	124759001421488	560
XCHTIME	0	0	0	0	0	0	0	0	0	0	0	0
XCHTIME	123	4	16	11856043	301	650	1238	618	11853236	124758940633616	124759001421488	560
XCHTIME	0	0	0	0	0	0	0	0	0	0	0	0
XCHTIME	123	4	6	134932	679	1125	568	203	132357	124758940633616	124759001421488	560
LIFT	ex1265a	123	79	472	79
COUNTS	ex1265a	123	560	3948	3750
XCHTIME	0	0	0	0	0	0	0	0	0	0	0	0
XCHTIME	28	2	4	61035	2669	1144	141	144	56937	124758940712496	124758936113776	68
XCHTIME	0	0	0	0	0	0	0	0	0	0	0	0
XCHTIME	28	2	6	221954	399	586	120	188	220661	124758940712496	124758936113776	68
XCHTIME	0	0	0	0	0	0	0	0	0	0	0	0
XCHTIME	28	2	5	119438	147	447	118	142	118584	124758940712496	124758936113776	68
XCHTIME	0	0	0	0	0	0	0	0	0	0	0	0
XCHTIME	28	4	18	365206	118	373	204	505	364006	124758940712496	124758936113776	68
LADGATE	28	10000	0.156	1
XCHTIME	0	0	0	0	0	0	0	0	0	0	0	0
XCHTIME	28	5	26	421879	199	637	322	731	419990	124758940712496	124758936113776	68
XCHTIME	0	0	0	0	0	0	0	0	0	0	0	0
XCHTIME	28	4	56	380164	132	396	202	1532	377902	124758940712496	124758936113776	68
XCHTIME	0	0	0	0	0	0	0	0	0	0	0	0
XCHTIME	28	4	15	144988	99	382	213	407	143887	124758940712496	124758936113776	68
XCHTIME	0	0	0	0	0	0	0	0	0	0	0	0
XCHTIME	28	4	10	96970	113	391	229	263	95974	124758940712496	124758936113776	68
XCHTIME	0	0	0	0	0	0	0	0	0	0	0	0
XCHTIME	28	4	18	369209	105	367	210	487	368040	124758940712496	124758936113776	68
XCHTIME	0	0	0	0	0	0	0	0	0	0	0	0
XCHTIME	28	4	11	46835	99	503	190	284	45759	124758940712496	124758936113776	68
XCHTIME	0	0	0	0	0	0	0	0	0	0	0	0
XCHTIME	28	4	14	243463	95	284	312	385	242387	124758940712496	124758936113776	68
XCHTIME	0	0	0	0	0	0	0	0	0	0	0	0
XCHTIME	28	4	13	438718	95	409	507	365	437342	124758940712496	124758936113776	68
XCHTIME	0	0	0	0	0	0	0	0	0	0	0	0
XCHTIME	28	4	16	384794	156	394	528	440	383276	124758940712496	124758936113776	68
XCHTIME	0	0	0	0	0	0	0	0	0	0	0	0
XCHTIME	28	4	6	34853	199	501	178	155	33820	124758940712496	124758936113776	68
COUNTS	ex9_2_6	28	68	190	190
XCHTIME	0	0	0	0	0	0	0	0	0	0	0	0
XCHTIME	481	2	4	1076201	157024	4706	2819	254	911398	124758975129664	124758776926336	88522
XCHTIME	0	0	0	0	0	0	0	0	0	0	0	0
XCHTIME	481	2	6	10243659	22612	3393	3141	509	10214004	124758975129664	124758776926336	88522
XCHTIME	0	0	0	0	0	0	0	0	0	0	0	0
XCHTIME	481	2	5	5141606	26492	3445	2751	416	5108502	124758975129664	124758776926336	88522
XCHTIME	0	0	0	0	0	0	0	0	0	0	0	0
XCHTIME	481	3	15	21036759	22015	3161	6336	1329	21003918	124758975129664	124758776926336	88522
LADGATE	481	10000	0.183	1
XCHTIME	0	0	0	0	0	0	0	0	0	0	0	0
XCHTIME	481	4	10	1835446	30951	4309	5113	672	1794401	124758975129664	124758776926336	88522
XCHTIME	0	0	0	0	0	0	0	0	0	0	0	0
XCHTIME	481	4	66	789938	33326	4429	4160	3891	744132	124758975129664	124758776926336	88522
XCHTIME	0	0	0	0	0	0	0	0	0	0	0	0
XCHTIME	481	4	15	4591583	20752	2458	5242	1011	4562120	124758975129664	124758776926336	88522
XCHTIME	0	0	0	0	0	0	0	0	0	0	0	0
XCHTIME	481	4	10	1810918	27467	3259	5051	599	1774542	124758975129664	124758776926336	88522
XCHTIME	0	0	0	0	0	0	0	0	0	0	0	0
XCHTIME	481	3	15	20374189	23907	3771	4815	1260	20340436	124758975129664	124758776926336	88522
XCHTIME	0	0	0	0	0	0	0	0	0	0	0	0
XCHTIME	481	4	11	1226293	31377	4040	4964	873	1185039	124758975129664	124758776926336	88522
XCHTIME	0	0	0	0	0	0	0	0	0	0	0	0
XCHTIME	481	4	14	10026727	21239	2599	5053	913	9996923	124758975129664	124758776926336	88522
XCHTIME	0	0	0	0	0	0	0	0	0	0	0	0
XCHTIME	481	4	13	20108401	23970	2758	6481	1076	20074116	124758975129664	124758776926336	88522
XCHTIME	0	0	0	0	0	0	0	0	0	0	0	0
XCHTIME	481	1	0	19283694	31523	4049	1164	0	19246958	124758975129664	124758776926336	88522
XCHTIME	0	0	0	0	0	0	0	0	0	0	0	0
XCHTIME	481	4	6	934906	33699	4943	4859	402	891003	124758975129664	124758776926336	88522
LIFT	qspp_0_13_0_1_10_1	481	312	87460	312
COUNTS	qspp_0_13_0_1_10_1	481	88522	10150185	10097446
XCHTIME	0	0	0	0	0	0	0	0	0	0	0	0
XCHTIME	146	2	4	77734	5180	791	416	227	71120	124759001727728	124758944099376	432
XCHTIME	0	0	0	0	0	0	0	0	0	0	0	0
XCHTIME	146	2	6	358092	248	631	376	237	356600	124759001727728	124758944099376	432
XCHTIME	0	0	0	0	0	0	0	0	0	0	0	0
XCHTIME	146	2	5	130488	241	705	351	160	129031	124759001727728	124758944099376	432
XCHTIME	0	0	0	0	0	0	0	0	0	0	0	0
XCHTIME	146	4	18	580183	185	688	819	620	577871	124759001727728	124758944099376	432
LADGATE	146	10000	0.220	1
XCHTIME	0	0	0	0	0	0	0	0	0	0	0	0
XCHTIME	146	5	26	648547	382	994	1013	1004	645154	124759001727728	124758944099376	432
XCHTIME	0	0	0	0	0	0	0	0	0	0	0	0
XCHTIME	146	4	66	5630765	194	634	945	2576	5626416	124759001727728	124758944099376	432
XCHTIME	0	0	0	0	0	0	0	0	0	0	0	0
XCHTIME	146	4	15	161906	376	1129	689	550	159162	124759001727728	124758944099376	432
XCHTIME	0	0	0	0	0	0	0	0	0	0	0	0
XCHTIME	146	4	10	125084	177	953	679	313	122962	124759001727728	124758944099376	432
XCHTIME	0	0	0	0	0	0	0	0	0	0	0	0
XCHTIME	146	4	18	584560	162	599	760	653	582386	124759001727728	124758944099376	432
XCHTIME	0	0	0	0	0	0	0	0	0	0	0	0
XCHTIME	146	4	11	98728	236	806	670	419	96597	124759001727728	124758944099376	432
XCHTIME	0	0	0	0	0	0	0	0	0	0	0	0
XCHTIME	146	4	14	179188	188	1193	715	418	176674	124759001727728	124758944099376	432
XCHTIME	0	0	0	0	0	0	0	0	0	0	0	0
XCHTIME	146	4	13	331480	153	648	730	406	329543	124759001727728	124758944099376	432
XCHTIME	0	0	0	0	0	0	0	0	0	0	0	0
XCHTIME	146	4	16	1599175	162	859	1011	810	1596333	124759001727728	124758944099376	432
XCHTIME	0	0	0	0	0	0	0	0	0	0	0	0
XCHTIME	146	4	6	75265	715	1239	790	198	72323	124759001727728	124758944099376	432
LIFT	slay04m	146	62	264	62
COUNTS	slay04m	146	432	1554	1554
COUNTS	st_e25	20	92	336	262
XCHTIME	0	0	0	0	0	0	0	0	0	0	0	0
XCHTIME	32	2	4	31927	3150	1781	150	141	26705	124758944175840	124758964244416	100
XCHTIME	0	0	0	0	0	0	0	0	0	0	0	0
XCHTIME	32	2	6	149702	224	382	119	182	148795	124758944175840	124758964244416	100
XCHTIME	0	0	0	0	0	0	0	0	0	0	0	0
XCHTIME	32	2	5	47700	154	541	144	147	46714	124758944175840	124758964244416	100
XCHTIME	0	0	0	0	0	0	0	0	0	0	0	0
XCHTIME	32	4	18	361072	92	372	298	475	359835	124758944175840	124758964244416	100
LADGATE	32	10000	0.173	1
XCHTIME	0	0	0	0	0	0	0	0	0	0	0	0
XCHTIME	32	4	10	53240	877	1062	345	340	50616	124758944175840	124758964244416	100
XCHTIME	0	0	0	0	0	0	0	0	0	0	0	0
XCHTIME	32	4	60	637586	126	371	385	1649	635055	124758944175840	124758964244416	100
XCHTIME	0	0	0	0	0	0	0	0	0	0	0	0
XCHTIME	32	4	15	70068	283	587	256	355	68587	124758944175840	124758964244416	100
XCHTIME	0	0	0	0	0	0	0	0	0	0	0	0
XCHTIME	32	4	10	43841	105	489	248	226	42773	124758944175840	124758964244416	100
XCHTIME	0	0	0	0	0	0	0	0	0	0	0	0
XCHTIME	32	4	18	358489	94	484	232	459	357220	124758944175840	124758964244416	100
XCHTIME	0	0	0	0	0	0	0	0	0	0	0	0
XCHTIME	32	4	11	27742	345	522	418	277	26180	124758944175840	124758964244416	100
XCHTIME	0	0	0	0	0	0	0	0	0	0	0	0
XCHTIME	32	4	14	135052	115	310	256	317	134054	124758944175840	124758964244416	100
XCHTIME	0	0	0	0	0	0	0	0	0	0	0	0
XCHTIME	32	4	13	177788	83	362	218	298	176827	124758944175840	124758964244416	100
XCHTIME	0	0	0	0	0	0	0	0	0	0	0	0
XCHTIME	32	4	16	1724420	89	454	356	557	1722964	124758944175840	124758964244416	100
XCHTIME	0	0	0	0	0	0	0	0	0	0	0	0
XCHTIME	32	4	6	16541	416	687	208	187	15043	124758944175840	124758964244416	100
LIFT	ex8_4_1	32	12	40	12
COUNTS	ex8_4_1	32	100	225	225
XCHTIME	0	0	0	0	0	0	0	0	0	0	0	0
XCHTIME	19	2	4	41574	1765	476	153	156	39024	124758946084944	124758947726928	60
XCHTIME	0	0	0	0	0	0	0	0	0	0	0	0
XCHTIME	19	2	6	309630	251	372	105	194	308708	124758946084944	124758947726928	60
XCHTIME	0	0	0	0	0	0	0	0	0	0	0	0
XCHTIME	19	2	5	122850	150	321	126	209	122044	124758946084944	124758947726928	60
XCHTIME	0	0	0	0	0	0	0	0	0	0	0	0
XCHTIME	19	4	18	624218	135	286	198	577	623022	124758946084944	124758947726928	60
LADGATE	19	10000	0.157	1
XCHTIME	0	0	0	0	0	0	0	0	0	0	0	0
XCHTIME	19	5	26	792360	223	533	283	842	790479	124758946084944	124758947726928	60
XCHTIME	0	0	0	0	0	0	0	0	0	0	0	0
XCHTIME	19	4	47	82468	121	386	175	1518	80268	124758946084944	124758947726928	60
XCHTIME	0	0	0	0	0	0	0	0	0	0	0	0
XCHTIME	19	4	15	105166	89	318	187	405	104167	124758946084944	124758947726928	60
XCHTIME	0	0	0	0	0	0	0	0	0	0	0	0
XCHTIME	19	4	10	83233	89	245	180	265	82454	124758946084944	124758947726928	60
XCHTIME	0	0	0	0	0	0	0	0	0	0	0	0
XCHTIME	19	4	18	630280	87	256	187	604	629146	124758946084944	124758947726928	60
XCHTIME	0	0	0	0	0	0	0	0	0	0	0	0
XCHTIME	19	4	11	51580	108	317	184	317	50654	124758946084944	124758947726928	60
XCHTIME	0	0	0	0	0	0	0	0	0	0	0	0
XCHTIME	19	4	14	192858	91	241	179	420	191927	124758946084944	124758947726928	60
XCHTIME	0	0	0	0	0	0	0	0	0	0	0	0
XCHTIME	19	4	13	328949	87	245	174	394	328049	124758946084944	124758947726928	60
XCHTIME	0	0	0	0	0	0	0	0	0	0	0	0
XCHTIME	19	4	16	2229456	107	332	183	739	2228095	124758946084944	124758947726928	60
XCHTIME	0	0	0	0	0	0	0	0	0	0	0	0
XCHTIME	19	4	6	29157	346	607	162	184	27858	124758946084944	124758947726928	60
COUNTS	st_e07	19	60	199	199
XCHTIME	0	0	0	0	0	0	0	0	0	0	0	0
XCHTIME	26	2	4	27587	1990	508	187	109	24793	124758947728880	124758944105536	66
XCHTIME	0	0	0	0	0	0	0	0	0	0	0	0
XCHTIME	26	2	6	146880	209	376	116	126	146053	124758947728880	124758944105536	66
XCHTIME	0	0	0	0	0	0	0	0	0	0	0	0
XCHTIME	26	2	5	73239	143	503	104	101	72388	124758947728880	124758944105536	66
XCHTIME	0	0	0	0	0	0	0	0	0	0	0	0
XCHTIME	26	4	18	342909	106	768	272	400	341363	124758947728880	124758944105536	66
LADGATE	26	10000	0.157	1
XCHTIME	0	0	0	0	0	0	0	0	0	0	0	0
XCHTIME	26	5	26	364256	222	856	292	609	362277	124758947728880	124758944105536	66
XCHTIME	0	0	0	0	0	0	0	0	0	0	0	0
XCHTIME	26	4	54	12883	136	432	221	1379	10715	124758947728880	124758944105536	66
XCHTIME	0	0	0	0	0	0	0	0	0	0	0	0
XCHTIME	26	4	15	83323	88	251	179	301	82504	124758947728880	124758944105536	66
XCHTIME	0	0	0	0	0	0	0	0	0	0	0	0
XCHTIME	26	4	10	56160	105	240	184	200	55431	124758947728880	124758944105536	66
XCHTIME	0	0	0	0	0	0	0	0	0	0	0	0
XCHTIME	26	4	18	336692	78	237	183	385	335809	124758947728880	124758944105536	66
XCHTIME	0	0	0	0	0	0	0	0	0	0	0	0
XCHTIME	26	4	11	36390	127	263	209	231	35560	124758947728880	124758944105536	66
XCHTIME	0	0	0	0	0	0	0	0	0	0	0	0
XCHTIME	26	4	14	81070	84	189	185	279	80333	124758947728880	124758944105536	66
XCHTIME	0	0	0	0	0	0	0	0	0	0	0	0
XCHTIME	26	4	13	185601	81	208	199	261	184852	124758947728880	124758944105536	66
XCHTIME	0	0	0	0	0	0	0	0	0	0	0	0
XCHTIME	26	4	16	920867	85	258	193	382	919949	124758947728880	124758944105536	66
XCHTIME	0	0	0	0	0	0	0	0	0	0	0	0
XCHTIME	26	4	6	22192	229	459	200	120	21184	124758947728880	124758944105536	66
COUNTS	ex1225	26	66	171	161
XCHTIME	0	0	0	0	0	0	0	0	0	0	0	0
XCHTIME	969	2	4	929869	35969	5219	6452	374	881855	124759001683056	124758976634944	5882
XCHTIME	0	0	0	0	0	0	0	0	0	0	0	0
XCHTIME	969	2	6	8259693	1647	5781	10191	610	8241464	124759001683056	124758976634944	5882
XCHTIME	0	0	0	0	0	0	0	0	0	0	0	0
XCHTIME	969	2	5	2982213	2965	5368	6727	503	2966650	124759001683056	124758976634944	5882
XCHTIME	0	0	0	0	0	0	0	0	0	0	0	0
XCHTIME	969	4	18	17293221	1930	5179	20066	1840	17264206	124759001683056	124758976634944	5882
LADGATE	969	10000	0.478	1
XCHTIME	0	0	0	0	0	0	0	0	0	0	0	0
XCHTIME	969	5	26	21841506	2568	6985	24973	2591	21804389	124759001683056	124758976634944	5882
XCHTIME	0	0	0	0	0	0	0	0	0	0	0	0
XCHTIME	969	4	66	7278581	2604	7073	23764	5181	7239959	124759001683056	124758976634944	5882
XCHTIME	0	0	0	0	0	0	0	0	0	0	0	0
XCHTIME	969	4	15	3230476	2594	6656	14557	1328	3205341	124759001683056	124758976634944	5882
XCHTIME	0	0	0	0	0	0	0	0	0	0	0	0
XCHTIME	969	4	10	1764986	1506	5700	14893	901	1741986	124759001683056	124758976634944	5882
XCHTIME	0	0	0	0	0	0	0	0	0	0	0	0
XCHTIME	969	4	18	17509871	1936	4655	23493	1759	17478028	124759001683056	124758976634944	5882
XCHTIME	0	0	0	0	0	0	0	0	0	0	0	0
XCHTIME	969	4	11	1016459	2940	7845	13459	1105	991110	124759001683056	124758976634944	5882
XCHTIME	0	0	0	0	0	0	0	0	0	0	0	0
XCHTIME	969	4	14	6139295	1593	4237	17794	1409	6114262	124759001683056	124758976634944	5882
XCHTIME	0	0	0	0	0	0	0	0	0	0	0	0
XCHTIME	969	4	13	10336304	2057	5605	19000	1334	10308308	124759001683056	124758976634944	5882
XCHTIME	0	0	0	0	0	0	0	0	0	0	0	0
XCHTIME	969	2	5	17802999	2663	6273	12697	673	17780693	124759001683056	124758976634944	5882
XCHTIME	0	0	0	0	0	0	0	0	0	0	0	0
XCHTIME	969	4	6	724021	3170	8263	12229	507	699852	124759001683056	124758976634944	5882
LIFT	ndcc13	969	735	6656	735
COUNTS	ndcc13	969	5882	525212	324727
XCHTIME	0	0	0	0	0	0	0	0	0	0	0	0
XCHTIME	1224	2	4	1257639	23234	4448	8414	300	1221243	124758936302000	124759001488032	3384
XCHTIME	0	0	0	0	0	0	0	0	0	0	0	0
XCHTIME	1224	2	6	7572332	713	3882	14984	511	7552242	124758936302000	124759001488032	3384
XCHTIME	0	0	0	0	0	0	0	0	0	0	0	0
XCHTIME	1224	2	5	2890103	2190	8606	9877	350	2869080	124758936302000	124759001488032	3384
XCHTIME	0	0	0	0	0	0	0	0	0	0	0	0
XCHTIME	1224	4	18	14904131	1456	5561	27340	1371	14868403	124758936302000	124759001488032	3384
LADGATE	1224	10000	0.282	1
XCHTIME	0	0	0	0	0	0	0	0	0	0	0	0
XCHTIME	1224	5	26	21863004	2016	11651	36986	1682	21810669	124758936302000	124759001488032	3384
XCHTIME	0	0	0	0	0	0	0	0	0	0	0	0
XCHTIME	1224	4	66	5817823	2223	9237	37143	3073	5766147	124758936302000	124759001488032	3384
XCHTIME	0	0	0	0	0	0	0	0	0	0	0	0
XCHTIME	1224	4	15	3595247	2403	7208	21428	916	3563292	124758936302000	124759001488032	3384
XCHTIME	0	0	0	0	0	0	0	0	0	0	0	0
XCHTIME	1224	4	10	2413427	1238	6381	34155	510	2371143	124758936302000	124759001488032	3384
XCHTIME	0	0	0	0	0	0	0	0	0	0	0	0
XCHTIME	1224	4	18	15113033	1979	12900	31929	1455	15064770	124758936302000	124759001488032	3384
XCHTIME	0	0	0	0	0	0	0	0	0	0	0	0
XCHTIME	1224	4	11	1590610	2021	9924	18520	707	1559438	124758936302000	124759001488032	3384
XCHTIME	0	0	0	0	0	0	0	0	0	0	0	0
XCHTIME	1224	4	14	5616647	1287	6272	28686	1117	5579285	124758936302000	124759001488032	3384
XCHTIME	0	0	0	0	0	0	0	0	0	0	0	0
XCHTIME	1224	4	13	9634432	1485	7036	27686	1079	9597146	124758936302000	124759001488032	3384
XCHTIME	0	0	0	0	0	0	0	0	0	0	0	0
XCHTIME	1224	2	5	14481346	1436	9862	19242	400	14450406	124758936302000	124759001488032	3384
XCHTIME	0	0	0	0	0	0	0	0	0	0	0	0
XCHTIME	1224	4	6	1140437	2560	14317	17861	362	1105337	124758936302000	124759001488032	3384
LIFT	syn10m04m	1224	620	2256	620
COUNTS	syn10m04m	1224	3384	13501	13463
XCHTIME	0	0	0	0	0	0	0	0	0	0	0	0
XCHTIME	18	2	4	36907	3047	1171	141	157	32391	124758940645760	124758936311808	62
XCHTIME	0	0	0	0	0	0	0	0	0	0	0	0
XCHTIME	18	2	6	309435	203	359	112	211	308550	124758940645760	124758936311808	62
XCHTIME	0	0	0	0	0	0	0	0	0	0	0	0
XCHTIME	18	2	5	100509	141	493	107	151	99617	124758940645760	124758936311808	62
XCHTIME	0	0	0	0	0	0	0	0	0	0	0	0
XCHTIME	18	4	18	493051	111	241	212	558	491929	124758940645760	124758936311808	62
LADGATE	18	10000	0.149	1
XCHTIME	0	0	0	0	0	0	0	0	0	0	0	0
XCHTIME	18	5	26	573161	226	772	288	857	571018	124758940645760	124758936311808	62
XCHTIME	0	0	0	0	0	0	0	0	0	0	0	0
XCHTIME	18	4	45	41718	118	388	195	1506	39511	124758940645760	124758936311808	62
XCHTIME	0	0	0	0	0	0	0	0	0	0	0	0
XCHTIME	18	4	15	101754	88	520	174	399	100573	124758940645760	124758936311808	62
XCHTIME	0	0	0	0	0	0	0	0	0	0	0	0
XCHTIME	18	4	10	73626	82	473	173	262	72636	124758940645760	124758936311808	62
XCHTIME	0	0	0	0	0	0	0	0	0	0	0	0
XCHTIME	18	4	18	492800	95	381	171	523	491630	124758940645760	124758936311808	62
XCHTIME	0	0	0	0	0	0	0	0	0	0	0	0
XCHTIME	18	4	11	44231	178	316	153	337	43247	124758940645760	124758936311808	62
XCHTIME	0	0	0	0	0	0	0	0	0	0	0	0
XCHTIME	18	4	14	177073	111	332	166	402	176062	124758940645760	124758936311808	62
XCHTIME	0	0	0	0	0	0	0	0	0	0	0	0
XCHTIME	18	4	13	241236	94	309	190	375	240268	124758940645760	124758936311808	62
XCHTIME	0	0	0	0	0	0	0	0	0	0	0	0
XCHTIME	18	4	16	920103	95	314	185	513	918996	124758940645760	124758936311808	62
XCHTIME	0	0	0	0	0	0	0	0	0	0	0	0
XCHTIME	18	4	6	27057	94	272	172	212	26307	124758940645760	124758936311808	62
COUNTS	ex5_2_4	18	62	204	193
XCHTIME	0	0	0	0	0	0	0	0	0	0	0	0
XCHTIME	72	2	4	117304	5113	823	536	244	110588	124758936005616	124758972417872	1226
XCHTIME	0	0	0	0	0	0	0	0	0	0	0	0
XCHTIME	72	2	6	1370512	300	1012	246	534	1368420	124758936005616	124758972417872	1226
XCHTIME	0	0	0	0	0	0	0	0	0	0	0	0
XCHTIME	72	2	5	360662	364	938	224	406	358730	124758936005616	124758972417872	1226
XCHTIME	0	0	0	0	0	0	0	0	0	0	0	0
XCHTIME	72	4	18	2496800	320	843	679	1375	2493583	124758936005616	124758972417872	1226
LADGATE	72	10000	0.204	1
XCHTIME	0	0	0	0	0	0	0	0	0	0	0	0
XCHTIME	72	4	10	187643	998	1343	469	673	184160	124758936005616	124758972417872	1226
XCHTIME	0	0	0	0	0	0	0	0	0	0	0	0
XCHTIME	72	4	66	27356	265	660	350	5005	21076	124758936005616	124758972417872	1226
XCHTIME	0	0	0	0	0	0	0	0	0	0	0	0
XCHTIME	72	4	15	387787	209	604	484	930	385560	124758936005616	124758972417872	1226
XCHTIME	0	0	0	0	0	0	0	0	0	0	0	0
XCHTIME	72	4	10	188083	200	739	368	495	186281	124758936005616	124758972417872	1226
XCHTIME	0	0	0	0	0	0	0	0	0	0	0	0
XCHTIME	72	4	18	2472409	212	776	450	1388	2469583	124758936005616	124758972417872	1226
XCHTIME	0	0	0	0	0	0	0	0	0	0	0	0
XCHTIME	72	4	11	95666	319	836	362	587	93562	124758936005616	124758972417872	1226
XCHTIME	0	0	0	0	0	0	0	0	0	0	0	0
XCHTIME	72	4	14	742066	218	569	400	975	739904	124758936005616	124758972417872	1226
XCHTIME	0	0	0	0	0	0	0	0	0	0	0	0
XCHTIME	72	4	13	1381039	276	594	415	1004	1378750	124758936005616	124758972417872	1226
XCHTIME	0	0	0	0	0	0	0	0	0	0	0	0
XCHTIME	72	4	16	10470046	360	513	1146	1467	10466560	124758936005616	124758972417872	1226
XCHTIME	0	0	0	0	0	0	0	0	0	0	0	0
XCHTIME	72	4	6	52635	854	793	394	156	50438	124758936005616	124758972417872	1226
LIFT	st_m2	72	21	420	21
COUNTS	st_m2	72	1226	16331	16331
XCHTIME	0	0	0	0	0	0	0	0	0	0	0	0
XCHTIME	16	2	4	28817	1647	463	136	148	26423	124758941288400	124758935982400	44
XCHTIME	0	0	0	0	0	0	0	0	0	0	0	0
XCHTIME	16	2	6	93176	372	315	71	163	92255	124758941288400	124758935982400	44
XCHTIME	0	0	0	0	0	0	0	0	0	0	0	0
XCHTIME	16	2	5	96345	129	462	102	139	95513	124758941288400	124758935982400	44
XCHTIME	0	0	0	0	0	0	0	0	0	0	0	0
XCHTIME	16	4	18	483490	66	410	173	546	482295	124758941288400	124758935982400	44
LADGATE	16	10000	0.135	1
XCHTIME	0	0	0	0	0	0	0	0	0	0	0	0
XCHTIME	16	5	26	494872	209	353	210	757	493343	124758941288400	124758935982400	44
XCHTIME	0	0	0	0	0	0	0	0	0	0	0	0
XCHTIME	16	4	41	12355	126	469	183	1117	10460	124758941288400	124758935982400	44
XCHTIME	0	0	0	0	0	0	0	0	0	0	0	0
XCHTIME	16	4	15	74014	74	255	206	329	73150	124758941288400	124758935982400	44
XCHTIME	0	0	0	0	0	0	0	0	0	0	0	0
XCHTIME	16	4	10	51244	228	265	163	215	50373	124758941288400	124758935982400	44
XCHTIME	0	0	0	0	0	0	0	0	0	0	0	0
XCHTIME	16	4	18	461761	80	254	158	485	460784	124758941288400	124758935982400	44
XCHTIME	0	0	0	0	0	0	0	0	0	0	0	0
XCHTIME	16	4	11	44510	113	290	203	251	43653	124758941288400	124758935982400	44
XCHTIME	0	0	0	0	0	0	0	0	0	0	0	0
XCHTIME	16	4	14	121292	257	256	138	320	120321	124758941288400	124758935982400	44
XCHTIME	0	0	0	0	0	0	0	0	0	0	0	0
XCHTIME	16	4	13	195415	79	241	144	327	194624	124758941288400	124758935982400	44
XCHTIME	0	0	0	0	0	0	0	0	0	0	0	0
XCHTIME	16	4	16	2482233	115	262	202	522	2481132	124758941288400	124758935982400	44
XCHTIME	0	0	0	0	0	0	0	0	0	0	0	0
XCHTIME	16	4	6	17941	516	364	153	144	16764	124758941288400	124758935982400	44
COUNTS	st_bpk1	16	44	115	108
XCHTIME	0	0	0	0	0	0	0	0	0	0	0	0
XCHTIME	736	2	4	1183326	14249	2370	3937	299	1162471	124759001690832	124758954044576	3594
XCHTIME	0	0	0	0	0	0	0	0	0	0	0	0
XCHTIME	736	2	6	8426608	764	2341	3666	433	8419404	124759001690832	124758954044576	3594
XCHTIME	0	0	0	0	0	0	0	0	0	0	0	0
XCHTIME	736	2	5	3520316	1145	2418	3932	305	3512516	124759001690832	124758954044576	3594
XCHTIME	0	0	0	0	0	0	0	0	0	0	0	0
XCHTIME	736	4	18	17447030	893	2601	8060	1096	17434380	124759001690832	124758954044576	3594
LADGATE	736	10000	0.556	1
XCHTIME	0	0	0	0	0	0	0	0	0	0	0	0
XCHTIME	736	5	26	26802303	1564	3406	10702	1646	26784985	124759001690832	124758954044576	3594
XCHTIME	0	0	0	0	0	0	0	0	0	0	0	0
XCHTIME	736	3	57	6832280	1481	2585	6754	3093	6818367	124759001690832	124758954044576	3594
XCHTIME	0	0	0	0	0	0	0	0	0	0	0	0
XCHTIME	736	4	15	3770679	1770	4296	9688	928	3753997	124759001690832	124758954044576	3594
XCHTIME	0	0	0	0	0	0	0	0	0	0	0	0
XCHTIME	736	4	10	2240964	1058	2560	8324	522	2228500	124759001690832	124758954044576	3594
XCHTIME	0	0	0	0	0	0	0	0	0	0	0	0
XCHTIME	736	4	18	17537025	1190	3036	10006	1258	17521535	124759001690832	124758954044576	3594
XCHTIME	0	0	0	0	0	0	0	0	0	0	0	0
XCHTIME	736	4	11	1296007	1800	2718	7671	616	1283202	124759001690832	124758954044576	3594
XCHTIME	0	0	0	0	0	0	0	0	0	0	0	0
XCHTIME	736	4	14	6813797	886	2367	7683	807	6802054	124759001690832	124758954044576	3594
XCHTIME	0	0	0	0	0	0	0	0	0	0	0	0
XCHTIME	736	4	13	11483730	1264	3270	7906	815	11470475	124759001690832	124758954044576	3594
XCHTIME	0	0	0	0	0	0	0	0	0	0	0	0
XCHTIME	736	2	5	16208550	1259	3008	7472	418	16196393	124759001690832	124758954044576	3594
XCHTIME	0	0	0	0	0	0	0	0	0	0	0	0
XCHTIME	736	4	6	918161	2688	4834	8059	259	902321	124759001690832	124758954044576	3594
LIFT	multiplants_stg1	736	321	3112	321
COUNTS	multiplants_stg1	736	3594	197998	155496
XCHTIME	0	0	0	0	0	0	0	0	0	0	0	0
XCHTIME	11251	1	0	5445734	2507013	1180844	1204136	0	553741	124758776197552	124758776287584	41918
XCHTIME	0	0	0	0	0	0	0	0	0	0	0	0
XCHTIME	11251	1	0	3694731	20566	1229539	1249257	0	1195369	124758776197552	124758776287584	41918
XCHTIME	0	0	0	0	0	0	0	0	0	0	0	0
XCHTIME	11251	1	0	3281240	19594	1169280	1189101	0	903265	124758776197552	124758776287584	41918
XCHTIME	0	0	0	0	0	0	0	0	0	0	0	0
XCHTIME	11251	1	0	11484111	19065	1194826	1202868	0	9067352	124758776197552	124758776287584	41918
LADGATE	11251	10000	0.690	0
XCHTIME	0	0	0	0	0	0	0	0	0	0	0	0
XCHTIME	11251	5	26	200920699	21697	1218009	6026077	11689	193643227	124758776197552	124758776287584	41918
XCHTIME	0	0	0	0	0	0	0	0	0	0	0	0
XCHTIME	11251	1	0	5958895	21170	1211943	1227518	0	3498264	124758776197552	124758776287584	41918
XCHTIME	0	0	0	0	0	0	0	0	0	0	0	0
XCHTIME	11251	1	0	6238869	20151	1218625	1213312	0	3786781	124758776197552	124758776287584	41918
XCHTIME	0	0	0	0	0	0	0	0	0	0	0	0
XCHTIME	11251	1	0	11107557	20572	1208067	1193966	0	8684952	124758776197552	124758776287584	41918
XCHTIME	0	0	0	0	0	0	0	0	0	0	0	0
XCHTIME	11251	1	0	11476624	21108	1194449	1196977	0	9064090	124758776197552	124758776287584	41918
XCHTIME	0	0	0	0	0	0	0	0	0	0	0	0
XCHTIME	11251	1	0	10725487	20588	1189814	1199049	0	8316036	124758776197552	124758776287584	41918
XCHTIME	0	0	0	0	0	0	0	0	0	0	0	0
XCHTIME	11251	1	0	11952651	19793	1177800	1195636	0	9559422	124758776197552	124758776287584	41918
XCHTIME	0	0	0	0	0	0	0	0	0	0	0	0
XCHTIME	11251	1	0	11768859	20837	1202356	1179383	0	9366283	124758776197552	124758776287584	41918
XCHTIME	0	0	0	0	0	0	0	0	0	0	0	0
XCHTIME	11251	1	0	9937199	20173	1191786	1196967	0	7528273	124758776197552	124758776287584	41918
XCHTIME	0	0	0	0	0	0	0	0	0	0	0	0
XCHTIME	11251	1	0	10049820	20416	1204965	1204598	0	7619841	124758776197552	124758776287584	41918
LIFT	powerflow0300p	11251	6342	34748	6342
COUNTS	powerflow0300p	11251	41918	304705	290023
LADGATE	33155	10000	0.483	0
LIFT	nd_netgen-3000-1-1-b-b-ns_7	33155	15155	54000	15155
COUNTS	nd_netgen-3000-1-1-b-b-ns_7	33155	90000	922197	885186
XCHTIME	0	0	0	0	0	0	0	0	0	0	0	0
XCHTIME	803	2	4	1290372	20051	4090	4512	273	1261446	124759001521920	124758978488784	6462
XCHTIME	0	0	0	0	0	0	0	0	0	0	0	0
XCHTIME	803	2	6	8756489	1654	2829	5498	591	8745917	124759001521920	124758978488784	6462
XCHTIME	0	0	0	0	0	0	0	0	0	0	0	0
XCHTIME	803	2	5	4304335	2093	3868	4711	319	4293344	124759001521920	124758978488784	6462
XCHTIME	0	0	0	0	0	0	0	0	0	0	0	0
XCHTIME	803	3	15	17926763	1356	2771	10551	1098	17910987	124759001521920	124758978488784	6462
LADGATE	803	10000	0.465	1
XCHTIME	0	0	0	0	0	0	0	0	0	0	0	0
XCHTIME	803	5	26	34596230	3095	4351	15669	1767	34571348	124759001521920	124758978488784	6462
XCHTIME	0	0	0	0	0	0	0	0	0	0	0	0
XCHTIME	803	4	66	7854177	2759	4430	16542	3826	7826620	124759001521920	124758978488784	6462
XCHTIME	0	0	0	0	0	0	0	0	0	0	0	0
XCHTIME	803	4	15	4774477	3398	4848	10391	878	4754962	124759001521920	124758978488784	6462
XCHTIME	0	0	0	0	0	0	0	0	0	0	0	0
XCHTIME	803	4	10	2599507	1675	3751	9591	612	2583878	124759001521920	124758978488784	6462
XCHTIME	0	0	0	0	0	0	0	0	0	0	0	0
XCHTIME	803	3	15	17941929	1714	3242	12470	1166	17923337	124759001521920	124758978488784	6462
XCHTIME	0	0	0	0	0	0	0	0	0	0	0	0
XCHTIME	803	4	11	1340194	2994	4844	9569	611	1322176	124759001521920	124758978488784	6462
XCHTIME	0	0	0	0	0	0	0	0	0	0	0	0
XCHTIME	803	4	14	8468256	1503	2980	10395	1053	8452325	124759001521920	124758978488784	6462
XCHTIME	0	0	0	0	0	0	0	0	0	0	0	0
XCHTIME	803	4	13	15090918	1603	3350	10621	904	15074440	124759001521920	124758978488784	6462
XCHTIME	0	0	0	0	0	0	0	0	0	0	0	0
XCHTIME	803	1	0	15905133	2580	5855	2189	0	15894509	124759001521920	124758978488784	6462
XCHTIME	0	0	0	0	0	0	0	0	0	0	0	0
XCHTIME	803	4	6	888308	3352	7185	8878	357	868536	124759001521920	124758978488784	6462
LIFT	sonet23v4	803	547	5952	547
COUNTS	sonet23v4	803	6462	139703	94348
XCHTIME	0	0	0	0	0	0	0	0	0	0	0	0
XCHTIME	1649	2	4	3341528	63181	9245	16139	498	3252465	124758978616512	124758975658016	24192
XCHTIME	0	0	0	0	0	0	0	0	0	0	0	0
XCHTIME	1649	1	0	8098528	6023	8691	7390	0	8076424	124758978616512	124758975658016	24192
XCHTIME	0	0	0	0	0	0	0	0	0	0	0	0
XCHTIME	1649	2	5	6201959	8147	18409	30122	1023	6144258	124758978616512	124758975658016	24192
XCHTIME	0	0	0	0	0	0	0	0	0	0	0	0
XCHTIME	1649	1	0	16394428	8235	12664	8573	0	16364956	124758978616512	124758975658016	24192
LADGATE	1649	10000	0.422	1
XCHTIME	0	0	0	0	0	0	0	0	0	0	0	0
XCHTIME	1649	5	26	87765127	9526	19718	89137	4259	87642487	124758978616512	124758975658016	24192
XCHTIME	0	0	0	0	0	0	0	0	0	0	0	0
XCHTIME	1649	3	57	7794256	9572	25962	57545	3835	7697342	124758978616512	124758975658016	24192
XCHTIME	0	0	0	0	0	0	0	0	0	0	0	0
XCHTIME	1649	4	15	6182160	10233	14993	41992	2043	6112899	124758978616512	124758975658016	24192
XCHTIME	0	0	0	0	0	0	0	0	0	0	0	0
XCHTIME	1649	4	10	4124391	5659	12666	46042	1518	4058506	124758978616512	124758975658016	24192
XCHTIME	0	0	0	0	0	0	0	0	0	0	0	0
XCHTIME	1649	3	15	16087709	6568	12610	49927	2010	16016594	124758978616512	124758975658016	24192
XCHTIME	0	0	0	0	0	0	0	0	0	0	0	0
XCHTIME	1649	4	11	2878805	9956	17083	35437	1824	2814505	124758978616512	124758975658016	24192
XCHTIME	0	0	0	0	0	0	0	0	0	0	0	0
XCHTIME	1649	4	14	9787725	7523	15742	45273	2066	9717121	124758978616512	124758975658016	24192
XCHTIME	0	0	0	0	0	0	0	0	0	0	0	0
XCHTIME	1649	4	13	15546418	7094	16124	56386	1952	15464862	124758978616512	124758975658016	24192
XCHTIME	0	0	0	0	0	0	0	0	0	0	0	0
XCHTIME	1649	1	0	16766782	7141	15710	8215	0	16735716	124758978616512	124758975658016	24192
XCHTIME	0	0	0	0	0	0	0	0	0	0	0	0
XCHTIME	1649	4	6	2450476	11096	28894	44562	1362	2364562	124758978616512	124758975658016	24192
LIFT	pooling_sppa0pq	1649	1648	24190	1648
COUNTS	pooling_sppa0pq	1649	24192	3745896	1187945
XCHTIME	0	0	0	0	0	0	0	0	0	0	0	0
XCHTIME	645	2	4	1081784	19371	2636	3120	254	1056403	124758951873840	124758974566224	4404
XCHTIME	0	0	0	0	0	0	0	0	0	0	0	0
XCHTIME	645	2	6	9503730	1013	1804	3704	461	9496748	124758951873840	124758974566224	4404
XCHTIME	0	0	0	0	0	0	0	0	0	0	0	0
XCHTIME	645	2	5	3435610	1791	2766	3230	326	3427497	124758951873840	124758974566224	4404
XCHTIME	0	0	0	0	0	0	0	0	0	0	0	0
XCHTIME	645	4	18	19218917	1408	3328	8140	1427	19204614	124758951873840	124758974566224	4404
LADGATE	645	10000	0.547	1
XCHTIME	0	0	0	0	0	0	0	0	0	0	0	0
XCHTIME	645	5	26	27024111	2251	3274	10068	2055	27006463	124758951873840	124758974566224	4404
XCHTIME	0	0	0	0	0	0	0	0	0	0	0	0
XCHTIME	645	3	57	7732096	2497	2448	7746	3726	7715679	124758951873840	124758974566224	4404
XCHTIME	0	0	0	0	0	0	0	0	0	0	0	0
XCHTIME	645	4	15	3772925	2523	2818	7678	983	3758923	124758951873840	124758974566224	4404
XCHTIME	0	0	0	0	0	0	0	0	0	0	0	0
XCHTIME	645	4	10	2121366	1355	3551	6407	562	2109491	124758951873840	124758974566224	4404
XCHTIME	0	0	0	0	0	0	0	0	0	0	0	0
XCHTIME	645	4	18	19238877	1261	2374	9679	1285	19224278	124758951873840	124758974566224	4404
XCHTIME	0	0	0	0	0	0	0	0	0	0	0	0
XCHTIME	645	4	11	1210965	2419	4191	6098	640	1197617	124758951873840	124758974566224	4404
XCHTIME	0	0	0	0	0	0	0	0	0	0	0	0
XCHTIME	645	4	14	6665661	1158	2394	8134	837	6653138	124758951873840	124758974566224	4404
XCHTIME	0	0	0	0	0	0	0	0	0	0	0	0
XCHTIME	645	4	13	11622706	1771	2938	10645	1004	11606348	124758951873840	124758974566224	4404
XCHTIME	0	0	0	0	0	0	0	0	0	0	0	0
XCHTIME	645	2	5	18366075	2365	3733	5971	424	18353582	124758951873840	124758974566224	4404
XCHTIME	0	0	0	0	0	0	0	0	0	0	0	0
XCHTIME	645	4	6	786750	2685	3147	5831	183	774904	124758951873840	124758974566224	4404
LIFT	multiplants_mtg1b	645	406	4016	406
COUNTS	multiplants_mtg1b	645	4404	229415	152043
XCHTIME	0	0	0	0	0	0	0	0	0	0	0	0
XCHTIME	338	2	4	300178	9911	1678	1362	198	287029	124758964666080	124759002030608	1168
XCHTIME	0	0	0	0	0	0	0	0	0	0	0	0
XCHTIME	338	2	6	2407128	320	1582	1059	258	2403909	124758964666080	124759002030608	1168
XCHTIME	0	0	0	0	0	0	0	0	0	0	0	0
XCHTIME	338	2	5	716164	458	1755	1083	182	712686	124758964666080	124759002030608	1168
XCHTIME	0	0	0	0	0	0	0	0	0	0	0	0
XCHTIME	338	4	18	4352638	368	1570	2255	710	4347735	124758964666080	124759002030608	1168
LADGATE	338	10000	0.236	1
XCHTIME	0	0	0	0	0	0	0	0	0	0	0	0
XCHTIME	338	5	26	5388370	762	2180	2722	1007	5381699	124758964666080	124759002030608	1168
XCHTIME	0	0	0	0	0	0	0	0	0	0	0	0
XCHTIME	338	4	66	3176971	492	1525	2448	2185	3170321	124758964666080	124759002030608	1168
XCHTIME	0	0	0	0	0	0	0	0	0	0	0	0
XCHTIME	338	4	15	873895	1273	2195	2454	539	867434	124758964666080	124759002030608	1168
XCHTIME	0	0	0	0	0	0	0	0	0	0	0	0
XCHTIME	338	4	10	536852	484	1841	2395	372	531760	124758964666080	124759002030608	1168
XCHTIME	0	0	0	0	0	0	0	0	0	0	0	0
XCHTIME	338	4	18	4461098	366	1424	2558	657	4456093	124758964666080	124759002030608	1168
XCHTIME	0	0	0	0	0	0	0	0	0	0	0	0
XCHTIME	338	4	11	293252	826	1961	2131	423	287911	124758964666080	124759002030608	1168
XCHTIME	0	0	0	0	0	0	0	0	0	0	0	0
XCHTIME	338	4	14	1559819	405	1322	2206	536	1555350	124758964666080	124759002030608	1168
XCHTIME	0	0	0	0	0	0	0	0	0	0	0	0
XCHTIME	338	4	13	2878656	652	1532	2112	616	2873744	124758964666080	124759002030608	1168
XCHTIME	0	0	0	0	0	0	0	0	0	0	0	0
XCHTIME	338	4	16	17132882	992	2276	3842	773	17124999	124758964666080	124759002030608	1168
XCHTIME	0	0	0	0	0	0	0	0	0	0	0	0
XCHTIME	338	4	6	218237	976	2797	2126	238	212100	124758964666080	124759002030608	1168
LIFT	sssd18-08persp	338	138	768	138
COUNTS	sssd18-08persp	338	1168	4654	4654
XCHTIME	0	0	0	0	0	0	0	0	0	0	0	0
XCHTIME	19	2	4	36844	2727	1033	142	131	32811	124758935983632	124758963660496	54
XCHTIME	0	0	0	0	0	0	0	0	0	0	0	0
XCHTIME	19	2	6	275587	296	376	114	170	274631	124758935983632	124758963660496	54
XCHTIME	0	0	0	0	0	0	0	0	0	0	0	0
XCHTIME	19	2	5	49349	153	292	102	158	48644	124758935983632	124758963660496	54
XCHTIME	0	0	0	0	0	0	0	0	0	0	0	0
XCHTIME	19	4	18	289192	112	255	192	501	288132	124758935983632	124758963660496	54
LADGATE	19	10000	0.157	1
XCHTIME	0	0	0	0	0	0	0	0	0	0	0	0
XCHTIME	19	5	26	446253	213	487	242	756	444555	124758935983632	124758963660496	54
XCHTIME	0	0	0	0	0	0	0	0	0	0	0	0
XCHTIME	19	4	47	78429	119	333	185	1489	76303	124758935983632	124758963660496	54
XCHTIME	0	0	0	0	0	0	0	0	0	0	0	0
XCHTIME	19	4	15	89679	118	284	184	423	88670	124758935983632	124758963660496	54
XCHTIME	0	0	0	0	0	0	0	0	0	0	0	0
XCHTIME	19	4	10	60611	78	274	166	279	59814	124758935983632	124758963660496	54
XCHTIME	0	0	0	0	0	0	0	0	0	0	0	0
XCHTIME	19	4	18	298458	81	222	178	504	297473	124758935983632	124758963660496	54
XCHTIME	0	0	0	0	0	0	0	0	0	0	0	0
XCHTIME	19	4	11	33856	119	274	180	317	32966	124758935983632	124758963660496	54
XCHTIME	0	0	0	0	0	0	0	0	0	0	0	0
XCHTIME	19	4	14	124629	64	263	194	382	123726	124758935983632	124758963660496	54
XCHTIME	0	0	0	0	0	0	0	0	0	0	0	0
XCHTIME	19	4	13	182669	89	241	160	381	181798	124758935983632	124758963660496	54
XCHTIME	0	0	0	0	0	0	0	0	0	0	0	0
XCHTIME	19	4	16	1209362	89	262	345	479	1208187	124758935983632	124758963660496	54
XCHTIME	0	0	0	0	0	0	0	0	0	0	0	0
XCHTIME	19	4	6	18356	319	282	162	172	17421	124758935983632	124758963660496	54
COUNTS	ex9_1_2	19	54	188	179
XCHTIME	0	0	0	0	0	0	0	0	0	0	0	0
XCHTIME	3670	1	0	2239505	234951	86818	80538	0	1837198	124758976067632	124758776680816	19322
XCHTIME	0	0	0	0	0	0	0	0	0	0	0	0
XCHTIME	3670	1	0	3767911	8254	101269	91249	0	3567139	124758976067632	124758776680816	19322
XCHTIME	0	0	0	0	0	0	0	0	0	0	0	0
XCHTIME	3670	1	0	3056724	8351	111487	79153	0	2857733	124758976067632	124758776680816	19322
XCHTIME	0	0	0	0	0	0	0	0	0	0	0	0
XCHTIME	3670	1	0	11334066	8167	101236	91212	0	11133451	124758976067632	124758776680816	19322
LADGATE	3670	10000	0.796	1
XCHTIME	0	0	0	0	0	0	0	0	0	0	0	0
XCHTIME	3670	5	26	34550185	8046	121425	448545	4236	33967933	124758976067632	124758776680816	19322
XCHTIME	0	0	0	0	0	0	0	0	0	0	0	0
XCHTIME	3670	2	19	4760986	9186	126374	166177	2412	4456837	124758976067632	124758776680816	19322
XCHTIME	0	0	0	0	0	0	0	0	0	0	0	0
XCHTIME	3670	3	12	4167236	7559	117901	240811	1896	3799069	124758976067632	124758776680816	19322
XCHTIME	0	0	0	0	0	0	0	0	0	0	0	0
XCHTIME	3670	4	10	6422343	7253	89266	333394	2313	5990117	124758976067632	124758776680816	19322
XCHTIME	0	0	0	0	0	0	0	0	0	0	0	0
XCHTIME	3670	2	5	10726695	7609	91038	177207	952	10449889	124758976067632	124758776680816	19322
XCHTIME	0	0	0	0	0	0	0	0	0	0	0	0
XCHTIME	3670	4	11	5796068	7749	115688	319317	2027	5351287	124758976067632	124758776680816	19322
XCHTIME	0	0	0	0	0	0	0	0	0	0	0	0
XCHTIME	3670	4	14	9167437	8052	89975	331075	2641	8735694	124758976067632	124758776680816	19322
XCHTIME	0	0	0	0	0	0	0	0	0	0	0	0
XCHTIME	3670	3	12	9688680	7806	84810	259528	2062	9334474	124758976067632	124758776680816	19322
XCHTIME	0	0	0	0	0	0	0	0	0	0	0	0
XCHTIME	3670	1	0	10947762	7305	94982	84897	0	10760578	124758976067632	124758776680816	19322
XCHTIME	0	0	0	0	0	0	0	0	0	0	0	0
XCHTIME	3670	4	6	5575929	8590	124945	331789	1388	5109217	124758976067632	124758776680816	19322
LIFT	crudeoil_lee1_07	3670	1957	17600	1957
COUNTS	crudeoil_lee1_07	3670	19322	4746188	3506339
XCHTIME	0	0	0	0	0	0	0	0	0	0	0	0
XCHTIME	31	2	4	42491	2535	1005	322	126	38503	124758936443040	124758936523984	96
XCHTIME	0	0	0	0	0	0	0	0	0	0	0	0
XCHTIME	31	2	6	327716	254	830	118	115	326399	124758936443040	124758936523984	96
XCHTIME	0	0	0	0	0	0	0	0	0	0	0	0
XCHTIME	31	2	5	95335	270	625	179	102	94159	124758936443040	124758936523984	96
XCHTIME	0	0	0	0	0	0	0	0	0	0	0	0
XCHTIME	31	4	18	513664	145	530	345	456	512188	124758936443040	124758936523984	96
LADGATE	31	10000	0.162	1
XCHTIME	0	0	0	0	0	0	0	0	0	0	0	0
XCHTIME	31	5	26	698242	605	1031	440	832	695334	124758936443040	124758936523984	96
XCHTIME	0	0	0	0	0	0	0	0	0	0	0	0
XCHTIME	31	4	59	359577	226	430	225	1891	356805	124758936443040	124758936523984	96
XCHTIME	0	0	0	0	0	0	0	0	0	0	0	0
XCHTIME	31	4	15	151209	364	646	247	311	149641	124758936443040	124758936523984	96
XCHTIME	0	0	0	0	0	0	0	0	0	0	0	0
XCHTIME	31	4	10	66750	181	594	253	211	65511	124758936443040	124758936523984	96
XCHTIME	0	0	0	0	0	0	0	0	0	0	0	0
XCHTIME	31	4	18	500015	115	496	235	437	498732	124758936443040	124758936523984	96
XCHTIME	0	0	0	0	0	0	0	0	0	0	0	0
XCHTIME	31	4	11	49171	179	451	233	218	48090	124758936443040	124758936523984	96
XCHTIME	0	0	0	0	0	0	0	0	0	0	0	0
XCHTIME	31	4	14	224919	95	400	258	301	223865	124758936443040	124758936523984	96
XCHTIME	0	0	0	0	0	0	0	0	0	0	0	0
XCHTIME	31	4	13	287093	130	410	217	266	286070	124758936443040	124758936523984	96
XCHTIME	0	0	0	0	0	0	0	0	0	0	0	0
XCHTIME	31	4	16	2720536	117	489	235	442	2719253	124758936443040	124758936523984	96
XCHTIME	0	0	0	0	0	0	0	0	0	0	0	0
XCHTIME	31	4	6	30007	300	715	224	157	28611	124758936443040	124758936523984	96
COUNTS	pooling_haverly1tp	31	96	423	403
XCHTIME	0	0	0	0	0	0	0	0	0	0	0	0
XCHTIME	230	2	4	192468	8500	795	622	215	182336	124758956559376	124758954093744	1290
XCHTIME	0	0	0	0	0	0	0	0	0	0	0	0
XCHTIME	230	2	6	1726999	334	1093	745	329	1724498	124758956559376	124758954093744	1290
XCHTIME	0	0	0	0	0	0	0	0	0	0	0	0
XCHTIME	230	2	5	668729	362	1006	875	260	666226	124758956559376	124758954093744	1290
XCHTIME	0	0	0	0	0	0	0	0	0	0	0	0
XCHTIME	230	4	18	3764777	230	713	1316	829	3761689	124758956559376	124758954093744	1290
LADGATE	230	10000	0.216	1
XCHTIME	0	0	0	0	0	0	0	0	0	0	0	0
XCHTIME	230	5	26	4618389	698	1511	1833	1220	4613127	124758956559376	124758954093744	1290
XCHTIME	0	0	0	0	0	0	0	0	0	0	0	0
XCHTIME	230	4	66	1285362	535	822	1105	2502	1280398	124758956559376	124758954093744	1290
XCHTIME	0	0	0	0	0	0	0	0	0	0	0	0
XCHTIME	230	4	15	642445	550	1142	1384	604	638765	124758956559376	124758954093744	1290
XCHTIME	0	0	0	0	0	0	0	0	0	0	0	0
XCHTIME	230	4	10	348611	269	842	1161	363	345976	124758956559376	124758954093744	1290
XCHTIME	0	0	0	0	0	0	0	0	0	0	0	0
XCHTIME	230	4	18	3742460	259	663	1640	752	3739146	124758956559376	124758954093744	1290
XCHTIME	0	0	0	0	0	0	0	0	0	0	0	0
XCHTIME	230	4	11	246116	606	1054	1148	460	242848	124758956559376	124758954093744	1290
XCHTIME	0	0	0	0	0	0	0	0	0	0	0	0
XCHTIME	230	4	14	1075350	474	791	1475	499	1072111	124758956559376	124758954093744	1290
XCHTIME	0	0	0	0	0	0	0	0	0	0	0	0
XCHTIME	230	4	13	1955337	553	857	1441	500	1951986	124758956559376	124758954093744	1290
XCHTIME	0	0	0	0	0	0	0	0	0	0	0	0
XCHTIME	230	4	16	13692091	476	912	2345	926	13687432	124758956559376	124758954093744	1290
XCHTIME	0	0	0	0	0	0	0	0	0	0	0	0
XCHTIME	230	4	6	171649	1490	2151	1431	341	166236	124758956559376	124758954093744	1290
LIFT	waterund08	230	120	1760	120
COUNTS	waterund08	230	1290	35284	30110
XCHTIME	0	0	0	0	0	0	0	0	0	0	0	0
XCHTIME	76	2	4	95037	5823	511	324	183	88196	124758945294112	124758964960272	302
XCHTIME	0	0	0	0	0	0	0	0	0	0	0	0
XCHTIME	76	2	6	673822	260	658	250	220	672434	124758945294112	124758964960272	302
XCHTIME	0	0	0	0	0	0	0	0	0	0	0	0
XCHTIME	76	2	5	243400	389	729	236	187	241859	124758945294112	124758964960272	302
XCHTIME	0	0	0	0	0	0	0	0	0	0	0	0
XCHTIME	76	4	18	1677588	242	596	513	611	1675626	124758945294112	124758964960272	302
LADGATE	76	10000	0.147	1
XCHTIME	0	0	0	0	0	0	0	0	0	0	0	0
XCHTIME	76	5	26	2015029	404	915	622	970	2012118	124758945294112	124758964960272	302
XCHTIME	0	0	0	0	0	0	0	0	0	0	0	0
XCHTIME	76	4	66	75576	233	610	421	1886	72426	124758945294112	124758964960272	302
XCHTIME	0	0	0	0	0	0	0	0	0	0	0	0
XCHTIME	76	4	15	295967	162	723	392	505	294185	124758945294112	124758964960272	302
XCHTIME	0	0	0	0	0	0	0	0	0	0	0	0
XCHTIME	76	4	10	163563	159	546	402	305	162151	124758945294112	124758964960272	302
XCHTIME	0	0	0	0	0	0	0	0	0	0	0	0
XCHTIME	76	4	18	1708774	230	626	437	633	1706848	124758945294112	124758964960272	302
XCHTIME	0	0	0	0	0	0	0	0	0	0	0	0
XCHTIME	76	4	11	108046	197	655	361	358	106475	124758945294112	124758964960272	302
XCHTIME	0	0	0	0	0	0	0	0	0	0	0	0
XCHTIME	76	4	14	398500	149	570	418	405	396958	124758945294112	124758964960272	302
XCHTIME	0	0	0	0	0	0	0	0	0	0	0	0
XCHTIME	76	4	13	890614	221	614	422	422	888935	124758945294112	124758964960272	302
XCHTIME	0	0	0	0	0	0	0	0	0	0	0	0
XCHTIME	76	4	16	5265691	203	638	720	604	5263526	124758945294112	124758964960272	302
XCHTIME	0	0	0	0	0	0	0	0	0	0	0	0
XCHTIME	76	4	6	68031	643	829	384	191	65984	124758945294112	124758964960272	302
LIFT	kall_diffcircles_6	76	45	240	45
COUNTS	kall_diffcircles_6	76	302	1511	1511
XCHTIME	0	0	0	0	0	0	0	0	0	0	0	0
XCHTIME	440	2	4	1031019	16600	2070	2308	403	1009638	124759002049056	124758951515248	3040
XCHTIME	0	0	0	0	0	0	0	0	0	0	0	0
XCHTIME	440	2	6	10970804	883	1903	2961	660	10964397	124759002049056	124758951515248	3040
XCHTIME	0	0	0	0	0	0	0	0	0	0	0	0
XCHTIME	440	2	5	3372522	2891	3373	2076	554	3363628	124759002049056	124758951515248	3040
XCHTIME	0	0	0	0	0	0	0	0	0	0	0	0
XCHTIME	440	4	18	22221716	1647	3058	15826	2081	22199104	124759002049056	124758951515248	3040
LADGATE	440	10000	0.437	1
XCHTIME	0	0	0	0	0	0	0	0	0	0	0	0
XCHTIME	440	4	10	1910423	2064	3052	3717	936	1900654	124759002049056	124758951515248	3040
XCHTIME	0	0	0	0	0	0	0	0	0	0	0	0
XCHTIME	440	4	66	8887215	934	1368	5882	6852	8872179	124759002049056	124758951515248	3040
XCHTIME	0	0	0	0	0	0	0	0	0	0	0	0
XCHTIME	440	4	15	3642649	2112	2376	4464	1451	3632246	124759002049056	124758951515248	3040
XCHTIME	0	0	0	0	0	0	0	0	0	0	0	0
XCHTIME	440	4	10	1906799	1349	2907	4080	865	1897598	124759002049056	124758951515248	3040
XCHTIME	0	0	0	0	0	0	0	0	0	0	0	0
XCHTIME	440	4	18	21203083	1385	1502	8924	2079	21189193	124759002049056	124758951515248	3040
XCHTIME	0	0	0	0	0	0	0	0	0	0	0	0
XCHTIME	440	4	11	1073029	2264	4294	3631	979	1061861	124759002049056	124758951515248	3040
XCHTIME	0	0	0	0	0	0	0	0	0	0	0	0
XCHTIME	440	4	14	6417990	709	1410	4310	1370	6410191	124759002049056	124758951515248	3040
XCHTIME	0	0	0	0	0	0	0	0	0	0	0	0
XCHTIME	440	4	13	11795331	1881	1871	5231	1481	11784867	124759002049056	124758951515248	3040
XCHTIME	0	0	0	0	0	0	0	0	0	0	0	0
XCHTIME	440	2	5	19867276	2478	2828	3820	640	19857510	124759002049056	124758951515248	3040
XCHTIME	0	0	0	0	0	0	0	0	0	0	0	0
XCHTIME	440	4	6	627014	1997	3219	3181	486	618131	124759002049056	124758951515248	3040
LIFT	chimera_mgw-c8-439-onc8-001	440	423	3066	423
COUNTS	chimera_mgw-c8-439-onc8-001	440	3040	106479	80090
XCHTIME	0	0	0	0	0	0	0	0	0	0	0	0
XCHTIME	160	2	4	233080	6479	707	561	193	225140	124758944325920	124759001468688	828
XCHTIME	0	0	0	0	0	0	0	0	0	0	0	0
XCHTIME	160	2	6	1858537	304	801	548	246	1856638	124758944325920	124759001468688	828
XCHTIME	0	0	0	0	0	0	0	0	0	0	0	0
XCHTIME	160	2	5	636783	382	965	452	200	634784	124758944325920	124759001468688	828
XCHTIME	0	0	0	0	0	0	0	0	0	0	0	0
XCHTIME	160	4	18	4056916	336	790	974	661	4054155	124758944325920	124759001468688	828
LADGATE	160	10000	0.248	1
XCHTIME	0	0	0	0	0	0	0	0	0	0	0	0
XCHTIME	160	5	26	4855181	593	1573	1138	1011	4850866	124758944325920	124759001468688	828
XCHTIME	0	0	0	0	0	0	0	0	0	0	0	0
XCHTIME	160	4	66	1827242	421	757	971	2293	1822800	124758944325920	124759001468688	828
XCHTIME	0	0	0	0	0	0	0	0	0	0	0	0
XCHTIME	160	4	15	643728	648	1261	876	457	640486	124758944325920	124759001468688	828
XCHTIME	0	0	0	0	0	0	0	0	0	0	0	0
XCHTIME	160	4	10	362668	318	907	832	294	360317	124758944325920	124759001468688	828
XCHTIME	0	0	0	0	0	0	0	0	0	0	0	0
XCHTIME	160	4	18	4087032	230	728	1205	691	4084178	124758944325920	124759001468688	828
XCHTIME	0	0	0	0	0	0	0	0	0	0	0	0
XCHTIME	160	4	11	225119	509	995	724	352	222539	124758944325920	124759001468688	828
XCHTIME	0	0	0	0	0	0	0	0	0	0	0	0
XCHTIME	160	4	14	1278069	227	643	931	479	1275789	124758944325920	124759001468688	828
XCHTIME	0	0	0	0	0	0	0	0	0	0	0	0
XCHTIME	160	4	13	2122910	360	824	974	435	2120317	124758944325920	124759001468688	828
XCHTIME	0	0	0	0	0	0	0	0	0	0	0	0
XCHTIME	160	4	16	15289879	447	736	1843	643	15286210	124758944325920	124759001468688	828
XCHTIME	0	0	0	0	0	0	0	0	0	0	0	0
XCHTIME	160	4	6	150098	711	1487	851	201	146848	124758944325920	124759001468688	828
LIFT	waterund11	160	91	642	91
COUNTS	waterund11	160	828	14818	10705
XCHTIME	0	0	0	0	0	0	0	0	0	0	0	0
XCHTIME	16364	0	0	19255940	10014406	9241534	0	0	0	124758778062992	124758778193920	52108
XCHTIME	0	0	0	0	0	0	0	0	0	0	0	0
XCHTIME	16364	1	0	6103455	24473	3323436	1608445	0	1147101	124758778062992	124758778193920	52108
XCHTIME	0	0	0	0	0	0	0	0	0	0	0	0
XCHTIME	16364	1	0	3691019	26562	1673306	1626715	0	364436	124758778062992	124758778193920	52108
XCHTIME	0	0	0	0	0	0	0	0	0	0	0	0
XCHTIME	16364	1	0	9815633	24344	1615940	1573949	0	6601400	124758778062992	124758778193920	52108
LADGATE	16364	10000	0.689	0
XCHTIME	0	0	0	0	0	0	0	0	0	0	0	0
XCHTIME	16364	5	26	222857562	27623	1634495	8153535	9323	213032586	124758778062992	124758778193920	52108
XCHTIME	0	0	0	0	0	0	0	0	0	0	0	0
XCHTIME	16364	1	0	5873785	27534	1696770	1618979	0	2530502	124758778062992	124758778193920	52108
XCHTIME	0	0	0	0	0	0	0	0	0	0	0	0
XCHTIME	16364	1	0	6081714	29331	1683439	1592418	0	2776526	124758778062992	124758778193920	52108
XCHTIME	0	0	0	0	0	0	0	0	0	0	0	0
XCHTIME	16364	1	0	10384940	29326	1678080	1593868	0	7083666	124758778062992	124758778193920	52108
XCHTIME	0	0	0	0	0	0	0	0	0	0	0	0
XCHTIME	16364	1	0	10508041	28241	1684700	1650955	0	7144145	124758778062992	124758778193920	52108
XCHTIME	0	0	0	0	0	0	0	0	0	0	0	0
XCHTIME	16364	1	0	10412455	27442	1688298	1600001	0	7096714	124758778062992	124758778193920	52108
XCHTIME	0	0	0	0	0	0	0	0	0	0	0	0
XCHTIME	16364	1	0	10389272	31567	1667473	1564697	0	7125535	124758778062992	124758778193920	52108
XCHTIME	0	0	0	0	0	0	0	0	0	0	0	0
XCHTIME	16364	1	0	10401876	28522	1665576	1591240	0	7116538	124758778062992	124758778193920	52108
XCHTIME	0	0	0	0	0	0	0	0	0	0	0	0
XCHTIME	16364	1	0	10445434	28057	1638662	1581545	0	7197170	124758778062992	124758778193920	52108
XCHTIME	0	0	0	0	0	0	0	0	0	0	0	0
XCHTIME	16364	1	0	10283051	28470	1618294	1616060	0	7020227	124758778062992	124758778193920	52108
LIFT	chp_shorttermplan2d	16364	8902	38240	8902
COUNTS	chp_shorttermplan2d	16364	52108	4089003	2054862
XCHTIME	0	0	0	0	0	0	0	0	0	0	0	0
XCHTIME	156	2	4	245915	6376	999	529	339	237672	124758972428848	124758978583008	886
XCHTIME	0	0	0	0	0	0	0	0	0	0	0	0
XCHTIME	156	2	6	2423375	266	915	601	480	2421113	124758972428848	124758978583008	886
XCHTIME	0	0	0	0	0	0	0	0	0	0	0	0
XCHTIME	156	2	5	745556	705	924	583	385	742959	124758972428848	124758978583008	886
XCHTIME	0	0	0	0	0	0	0	0	0	0	0	0
XCHTIME	156	4	18	4674439	457	804	844	1451	4670883	124758972428848	124758978583008	886
LADGATE	156	10000	0.289	1
XCHTIME	0	0	0	0	0	0	0	0	0	0	0	0
XCHTIME	156	4	10	469912	1102	1457	782	853	465718	124758972428848	124758978583008	886
XCHTIME	0	0	0	0	0	0	0	0	0	0	0	0
XCHTIME	156	4	66	694278	263	738	1019	4119	688139	124758972428848	124758978583008	886
XCHTIME	0	0	0	0	0	0	0	0	0	0	0	0
XCHTIME	156	4	15	885668	275	858	866	1123	882546	124758972428848	124758978583008	886
XCHTIME	0	0	0	0	0	0	0	0	0	0	0	0
XCHTIME	156	4	10	447459	281	758	742	749	444929	124758972428848	124758978583008	886
XCHTIME	0	0	0	0	0	0	0	0	0	0	0	0
XCHTIME	156	4	18	5279172	225	786	927	1456	5275778	124758972428848	124758978583008	886
XCHTIME	0	0	0	0	0	0	0	0	0	0	0	0
XCHTIME	156	4	11	249777	343	847	697	822	247068	124758972428848	124758978583008	886
XCHTIME	0	0	0	0	0	0	0	0	0	0	0	0
XCHTIME	156	4	14	1535453	227	696	778	1057	1532695	124758972428848	124758978583008	886
XCHTIME	0	0	0	0	0	0	0	0	0	0	0	0
XCHTIME	156	4	13	2787923	226	746	833	928	2785190	124758972428848	124758978583008	886
XCHTIME	0	0	0	0	0	0	0	0	0	0	0	0
XCHTIME	156	4	16	17929392	230	729	2170	1586	17924677	124758972428848	124758978583008	886
XCHTIME	0	0	0	0	0	0	0	0	0	0	0	0
XCHTIME	156	4	6	150607	1171	2585	797	499	145555	124758972428848	124758978583008	886
LIFT	sporttournament18	156	136	810	136
COUNTS	sporttournament18	156	886	17568	13608
COUNTS	cvxnonsep_psig30	30	870	9455	9455
XCHTIME	0	0	0	0	0	0	0	0	0	0	0	0
XCHTIME	6089	1	0	4184122	1842960	335966	315489	0	1689707	124758775976624	124758779373600	40368
XCHTIME	0	0	0	0	0	0	0	0	0	0	0	0
XCHTIME	6089	1	0	3535175	16486	302217	318567	0	2897905	124758775976624	124758779373600	40368
XCHTIME	0	0	0	0	0	0	0	0	0	0	0	0
XCHTIME	6089	1	0	2894195	17080	325727	326172	0	2225216	124758775976624	124758779373600	40368
XCHTIME	0	0	0	0	0	0	0	0	0	0	0	0
XCHTIME	6089	2	5	10732716	17602	327681	655050	1092	9731291	124758775976624	124758779373600	40368
LADGATE	6089	10000	0.434	1
XCHTIME	0	0	0	0	0	0	0	0	0	0	0	0
XCHTIME	6089	5	26	32314379	25099	361784	1700073	6121	30221302	124758775976624	124758779373600	40368
XCHTIME	0	0	0	0	0	0	0	0	0	0	0	0
XCHTIME	6089	2	19	4845351	18298	342715	661694	3629	3819015	124758775976624	124758779373600	40368
XCHTIME	0	0	0	0	0	0	0	0	0	0	0	0
XCHTIME	6089	2	4	5015173	17875	314732	653943	1265	4027358	124758775976624	124758779373600	40368
XCHTIME	0	0	0	0	0	0	0	0	0	0	0	0
XCHTIME	6089	4	10	9383305	16742	314410	1290050	3013	7759090	124758775976624	124758779373600	40368
XCHTIME	0	0	0	0	0	0	0	0	0	0	0	0
XCHTIME	6089	2	5	10760298	17580	323977	704223	1629	9712889	124758775976624	124758779373600	40368
XCHTIME	0	0	0	0	0	0	0	0	0	0	0	0
XCHTIME	6089	4	11	9510788	15955	342002	1298741	2723	7851367	124758775976624	124758779373600	40368
XCHTIME	0	0	0	0	0	0	0	0	0	0	0	0
XCHTIME	6089	3	12	10067828	18287	321169	981549	2829	8743994	124758775976624	124758779373600	40368
XCHTIME	0	0	0	0	0	0	0	0	0	0	0	0
XCHTIME	6089	3	12	10364976	17900	342539	967971	2797	9033769	124758775976624	124758779373600	40368
XCHTIME	0	0	0	0	0	0	0	0	0	0	0	0
XCHTIME	6089	1	0	9492701	16731	327417	342063	0	8806490	124758775976624	124758779373600	40368
XCHTIME	0	0	0	0	0	0	0	0	0	0	0	0
XCHTIME	6089	4	6	9275364	18231	361345	1294047	1898	7599843	124758775976624	124758779373600	40368
LIFT	ringpack_20_2	6089	3132	37034	3132
COUNTS	ringpack_20_2	6089	40368	1872174	707413
XCHTIME	0	0	0	0	0	0	0	0	0	0	0	0
XCHTIME	1386	2	4	1381640	29288	6585	12843	252	1332672	124758976051760	124758976097008	4310
XCHTIME	0	0	0	0	0	0	0	0	0	0	0	0
XCHTIME	1386	2	6	7417600	1837	6604	16877	434	7391848	124758976051760	124758976097008	4310
XCHTIME	0	0	0	0	0	0	0	0	0	0	0	0
XCHTIME	1386	2	5	3712518	2890	14607	12821	301	3681899	124758976051760	124758976097008	4310
XCHTIME	0	0	0	0	0	0	0	0	0	0	0	0
XCHTIME	1386	3	15	15065308	1938	6685	30299	1161	15025225	124758976051760	124758976097008	4310
LADGATE	1386	10000	0.327	1
XCHTIME	0	0	0	0	0	0	0	0	0	0	0	0
XCHTIME	1386	5	26	28228754	2755	14715	55588	1936	28153760	124758976051760	124758976097008	4310
XCHTIME	0	0	0	0	0	0	0	0	0	0	0	0
XCHTIME	1386	1	0	6507790	2530	17554	6478	0	6481228	124758976051760	124758976097008	4310
XCHTIME	0	0	0	0	0	0	0	0	0	0	0	0
XCHTIME	1386	4	15	4440522	2831	16165	22334	979	4398213	124758976051760	124758976097008	4310
XCHTIME	0	0	0	0	0	0	0	0	0	0	0	0
XCHTIME	1386	4	10	2634538	1825	9566	21056	653	2601438	124758976051760	124758976097008	4310
XCHTIME	0	0	0	0	0	0	0	0	0	0	0	0
XCHTIME	1386	3	15	15245480	1462	7841	30082	917	15205178	124758976051760	124758976097008	4310
XCHTIME	0	0	0	0	0	0	0	0	0	0	0	0
XCHTIME	1386	4	11	1696956	2693	15468	25083	647	1653065	124758976051760	124758976097008	4310
XCHTIME	0	0	0	0	0	0	0	0	0	0	0	0
XCHTIME	1386	4	14	7626236	1429	7429	35982	974	7580422	124758976051760	124758976097008	4310
XCHTIME	0	0	0	0	0	0	0	0	0	0	0	0
XCHTIME	1386	4	13	13302398	2219	13034	42982	896	13243267	124758976051760	124758976097008	4310
XCHTIME	0	0	0	0	0	0	0	0	0	0	0	0
XCHTIME	1386	1	0	14547025	2520	10402	4885	0	14529218	124758976051760	124758976097008	4310
XCHTIME	0	0	0	0	0	0	0	0	0	0	0	0
XCHTIME	1386	4	6	1268395	3196	25971	24397	493	1214338	124758976051760	124758976097008	4310
LIFT	blend718	1386	808	3138	808
COUNTS	blend718	1386	4310	70355	61466
XCHTIME	0	0	0	0	0	0	0	0	0	0	0	0
XCHTIME	115	2	4	94230	6417	644	374	114	86681	124758944133792	124759001528368	724
XCHTIME	0	0	0	0	0	0	0	0	0	0	0	0
XCHTIME	115	2	6	714323	291	615	286	121	713010	124758944133792	124759001528368	724
XCHTIME	0	0	0	0	0	0	0	0	0	0	0	0
XCHTIME	115	2	5	258833	257	702	270	102	257502	124758944133792	124759001528368	724
XCHTIME	0	0	0	0	0	0	0	0	0	0	0	0
XCHTIME	115	4	18	1419526	182	602	570	503	1417669	124758944133792	124759001528368	724
LADGATE	115	10000	0.272	1
XCHTIME	0	0	0	0	0	0	0	0	0	0	0	0
XCHTIME	115	5	26	1933821	591	1348	804	824	1930254	124758944133792	124759001528368	724
XCHTIME	0	0	0	0	0	0	0	0	0	0	0	0
XCHTIME	115	4	66	273873	322	916	590	2242	269803	124758944133792	124759001528368	724
XCHTIME	0	0	0	0	0	0	0	0	0	0	0	0
XCHTIME	115	4	15	231213	246	755	531	390	229291	124758944133792	124759001528368	724
XCHTIME	0	0	0	0	0	0	0	0	0	0	0	0
XCHTIME	115	4	10	145686	178	858	493	218	143939	124758944133792	124759001528368	724
XCHTIME	0	0	0	0	0	0	0	0	0	0	0	0
XCHTIME	115	4	18	1447555	190	619	629	499	1445618	124758944133792	124759001528368	724
XCHTIME	0	0	0	0	0	0	0	0	0	0	0	0
XCHTIME	115	4	11	94184	277	814	498	253	92342	124758944133792	124759001528368	724
XCHTIME	0	0	0	0	0	0	0	0	0	0	0	0
XCHTIME	115	4	14	438227	184	541	565	385	436552	124758944133792	124759001528368	724
XCHTIME	0	0	0	0	0	0	0	0	0	0	0	0
XCHTIME	115	4	13	744204	197	696	642	369	742300	124758944133792	124759001528368	724
XCHTIME	0	0	0	0	0	0	0	0	0	0	0	0
XCHTIME	115	4	16	4877649	209	576	876	465	4875523	124758944133792	124759001528368	724
XCHTIME	0	0	0	0	0	0	0	0	0	0	0	0
XCHTIME	115	4	6	61767	612	1399	509	137	59110	124758944133792	124759001528368	724
LIFT	wastepaper4	115	50	654	50
COUNTS	wastepaper4	115	724	9711	7183
XCHTIME	0	0	0	0	0	0	0	0	0	0	0	0
XCHTIME	2450	2	4	1030969	77285	16366	32498	341	904479	124758776156448	124758978629728	7200
XCHTIME	0	0	0	0	0	0	0	0	0	0	0	0
XCHTIME	2450	2	6	1525257	2514	18259	42744	552	1461188	124758776156448	124758978629728	7200
XCHTIME	0	0	0	0	0	0	0	0	0	0	0	0
XCHTIME	2450	2	5	1034899	3083	21235	33359	480	976742	124758776156448	124758978629728	7200
XCHTIME	0	0	0	0	0	0	0	0	0	0	0	0
XCHTIME	2450	4	18	2807958	2136	16651	66064	1691	2721416	124758776156448	124758978629728	7200
LADGATE	2450	10000	0.609	1
XCHTIME	0	0	0	0	0	0	0	0	0	0	0	0
XCHTIME	2450	5	26	3845181	3279	36654	114482	3471	3687295	124758776156448	124758978629728	7200
XCHTIME	0	0	0	0	0	0	0	0	0	0	0	0
XCHTIME	2450	4	66	2440722	3903	45692	83436	5119	2302572	124758776156448	124758978629728	7200
XCHTIME	0	0	0	0	0	0	0	0	0	0	0	0
XCHTIME	2450	4	15	1816700	2923	17007	68107	1390	1727273	124758776156448	124758978629728	7200
XCHTIME	0	0	0	0	0	0	0	0	0	0	0	0
XCHTIME	2450	4	10	1846201	2388	18859	74689	1096	1749169	124758776156448	124758978629728	7200
XCHTIME	0	0	0	0	0	0	0	0	0	0	0	0
XCHTIME	2450	4	18	2934835	2252	27318	90791	1990	2812484	124758776156448	124758978629728	7200
XCHTIME	0	0	0	0	0	0	0	0	0	0	0	0
XCHTIME	2450	4	11	1891279	2324	25215	81786	1119	1780835	124758776156448	124758978629728	7200
XCHTIME	0	0	0	0	0	0	0	0	0	0	0	0
XCHTIME	2450	4	14	2143754	2636	24514	82334	1636	2032634	124758776156448	124758978629728	7200
XCHTIME	0	0	0	0	0	0	0	0	0	0	0	0
XCHTIME	2450	4	13	2439866	2451	22960	86989	1470	2325996	124758776156448	124758978629728	7200
XCHTIME	0	0	0	0	0	0	0	0	0	0	0	0
XCHTIME	2450	4	16	9299800	2521	24217	201235	2769	9069058	124758776156448	124758978629728	7200
XCHTIME	0	0	0	0	0	0	0	0	0	0	0	0
XCHTIME	2450	4	6	1611981	4384	51107	96080	840	1459570	124758776156448	124758978629728	7200
LIFT	squfl010-040persp	2450	850	4000	850
COUNTS	squfl010-040persp	2450	7200	22825	22825
XCHTIME	0	0	0	0	0	0	0	0	0	0	0	0
XCHTIME	10429	1	0	4993188	2212375	1036229	1015935	0	728649	124758778849296	124758782545088	55492
XCHTIME	0	0	0	0	0	0	0	0	0	0	0	0
XCHTIME	10429	1	0	3446183	26156	1031841	1056489	0	1331697	124758778849296	124758782545088	55492
XCHTIME	0	0	0	0	0	0	0	0	0	0	0	0
XCHTIME	10429	1	0	3086448	25845	999164	1001305	0	1060134	124758778849296	124758782545088	55492
XCHTIME	0	0	0	0	0	0	0	0	0	0	0	0
XCHTIME	10429	1	0	10920741	26932	1024645	1013470	0	8855694	124758778849296	124758782545088	55492
LADGATE	10429	10000	0.907	0
XCHTIME	0	0	0	0	0	0	0	0	0	0	0	0
XCHTIME	10429	5	26	213888521	26082	1031912	5322285	10902	207497340	124758778849296	124758782545088	55492
LIFT	crudeoil_lee4_06	10429	6797	109128	6797
COUNTS	crudeoil_lee4_06	10429	55492	65337120	32389047
XCHTIME	0	0	0	0	0	0	0	0	0	0	0	0
XCHTIME	1746	2	4	1518606	39845	8469	18844	262	1451186	124758776176064	124758775877744	4928
XCHTIME	0	0	0	0	0	0	0	0	0	0	0	0
XCHTIME	1746	2	6	6322576	1734	10911	32139	566	6277226	124758776176064	124758775877744	4928
XCHTIME	0	0	0	0	0	0	0	0	0	0	0	0
XCHTIME	1746	2	5	3907109	3375	15784	22122	502	3865326	124758776176064	124758775877744	4928
XCHTIME	0	0	0	0	0	0	0	0	0	0	0	0
XCHTIME	1746	3	15	13284384	2080	14557	51755	1569	13214423	124758776176064	124758775877744	4928
LADGATE	1746	10000	0.578	1
XCHTIME	0	0	0	0	0	0	0	0	0	0	0	0
XCHTIME	1746	5	26	30315874	3295	25457	131553	3615	30151954	124758776176064	124758775877744	4928
XCHTIME	0	0	0	0	0	0	0	0	0	0	0	0
XCHTIME	1746	2	19	5720940	3122	27085	30191	1754	5658788	124758776176064	124758775877744	4928
XCHTIME	0	0	0	0	0	0	0	0	0	0	0	0
XCHTIME	1746	4	15	4575441	2987	14996	48179	1323	4507956	124758776176064	124758775877744	4928
XCHTIME	0	0	0	0	0	0	0	0	0	0	0	0
XCHTIME	1746	4	10	3114770	2192	12704	52640	881	3046353	124758776176064	124758775877744	4928
XCHTIME	0	0	0	0	0	0	0	0	0	0	0	0
XCHTIME	1746	3	15	13129361	2222	12991	59085	1576	13053487	124758776176064	124758775877744	4928
XCHTIME	0	0	0	0	0	0	0	0	0	0	0	0
XCHTIME	1746	4	11	2220124	3274	24238	49367	916	2142329	124758776176064	124758775877744	4928
XCHTIME	0	0	0	0	0	0	0	0	0	0	0	0
XCHTIME	1746	4	14	7429113	2602	12197	35221	1072	7378021	124758776176064	124758775877744	4928
XCHTIME	0	0	0	0	0	0	0	0	0	0	0	0
XCHTIME	1746	4	13	12387985	1749	9604	48713	1083	12326836	124758776176064	124758775877744	4928
XCHTIME	0	0	0	0	0	0	0	0	0	0	0	0
XCHTIME	1746	1	0	12864184	2367	14176	8764	0	12838877	124758776176064	124758775877744	4928
XCHTIME	0	0	0	0	0	0	0	0	0	0	0	0
XCHTIME	1746	4	6	1563697	3504	35557	44773	691	1479172	124758776176064	124758775877744	4928
LIFT	netmod_kar1	1746	798	3664	798
COUNTS	netmod_kar1	1746	4928	56838	43864
XCHTIME	0	0	0	0	0	0	0	0	0	0	0	0
XCHTIME	14	2	4	31157	2652	1670	100	99	26636	124758963661408	124759001536576	46
XCHTIME	0	0	0	0	0	0	0	0	0	0	0	0
XCHTIME	14	2	6	161809	181	464	71	198	160895	124758963661408	124759001536576	46
XCHTIME	0	0	0	0	0	0	0	0	0	0	0	0
XCHTIME	14	2	5	51902	135	445	80	121	51121	124758963661408	124759001536576	46
XCHTIME	0	0	0	0	0	0	0	0	0	0	0	0
XCHTIME	14	4	18	313598	103	387	130	484	312494	124758963661408	124759001536576	46
LADGATE	14	10000	0.112	1
XCHTIME	0	0	0	0	0	0	0	0	0	0	0	0
XCHTIME	14	5	26	332055	465	814	227	796	329753	124758963661408	124759001536576	46
XCHTIME	0	0	0	0	0	0	0	0	0	0	0	0
XCHTIME	14	4	37	1253868	114	376	226	1390	1251762	124758963661408	124759001536576	46
XCHTIME	0	0	0	0	0	0	0	0	0	0	0	0
XCHTIME	14	4	15	77464	266	532	112	339	76215	124758963661408	124759001536576	46
XCHTIME	0	0	0	0	0	0	0	0	0	0	0	0
XCHTIME	14	4	10	43205	117	320	123	243	42402	124758963661408	124759001536576	46
XCHTIME	0	0	0	0	0	0	0	0	0	0	0	0
XCHTIME	14	4	18	323923	91	269	133	471	322959	124758963661408	124759001536576	46
XCHTIME	0	0	0	0	0	0	0	0	0	0	0	0
XCHTIME	14	4	11	30829	100	337	122	258	30012	124758963661408	124759001536576	46
XCHTIME	0	0	0	0	0	0	0	0	0	0	0	0
XCHTIME	14	4	14	131716	77	214	132	332	130961	124758963661408	124759001536576	46
XCHTIME	0	0	0	0	0	0	0	0	0	0	0	0
XCHTIME	14	4	13	211988	98	211	159	362	211158	124758963661408	124759001536576	46
XCHTIME	0	0	0	0	0	0	0	0	0	0	0	0
XCHTIME	14	4	16	1870064	92	260	153	600	1868959	124758963661408	124759001536576	46
XCHTIME	0	0	0	0	0	0	0	0	0	0	0	0
XCHTIME	14	4	6	20435	283	638	287	131	19096	124758963661408	124759001536576	46
COUNTS	ex8_1_7	14	46	137	128
XCHTIME	0	0	0	0	0	0	0	0	0	0	0	0
XCHTIME	108	2	4	209934	5634	694	512	198	202896	124758944107696	124758776190048	648
XCHTIME	0	0	0	0	0	0	0	0	0	0	0	0
XCHTIME	108	2	6	2459071	343	617	320	449	2457342	124758944107696	124758776190048	648
XCHTIME	0	0	0	0	0	0	0	0	0	0	0	0
XCHTIME	108	2	5	721473	388	656	302	263	719864	124758944107696	124758776190048	648
XCHTIME	0	0	0	0	0	0	0	0	0	0	0	0
XCHTIME	108	4	18	4796261	272	636	636	1029	4793688	124758944107696	124758776190048	648
LADGATE	108	10000	0.201	1
XCHTIME	0	0	0	0	0	0	0	0	0	0	0	0
XCHTIME	108	5	26	6186702	828	1030	825	1145	6182874	124758944107696	124758776190048	648
XCHTIME	0	0	0	0	0	0	0	0	0	0	0	0
XCHTIME	108	4	66	423925	323	588	577	2547	419890	124758944107696	124758776190048	648
XCHTIME	0	0	0	0	0	0	0	0	0	0	0	0
XCHTIME	108	4	15	747327	229	682	519	533	745364	124758944107696	124758776190048	648
XCHTIME	0	0	0	0	0	0	0	0	0	0	0	0
XCHTIME	108	4	10	349358	189	549	522	412	347686	124758944107696	124758776190048	648
XCHTIME	0	0	0	0	0	0	0	0	0	0	0	0
XCHTIME	108	4	18	4764714	191	572	638	736	4762577	124758944107696	124758776190048	648
XCHTIME	0	0	0	0	0	0	0	0	0	0	0	0
XCHTIME	108	4	11	179465	401	669	533	426	177436	124758944107696	124758776190048	648
XCHTIME	0	0	0	0	0	0	0	0	0	0	0	0
XCHTIME	108	4	14	1308816	188	614	535	501	1306978	124758944107696	124758776190048	648
XCHTIME	0	0	0	0	0	0	0	0	0	0	0	0
XCHTIME	108	4	13	2714227	310	588	557	505	2712267	124758944107696	124758776190048	648
XCHTIME	0	0	0	0	0	0	0	0	0	0	0	0
XCHTIME	108	4	16	17395785	301	647	975	955	17392907	124758944107696	124758776190048	648
XCHTIME	0	0	0	0	0	0	0	0	0	0	0	0
XCHTIME	108	4	6	111163	969	1141	543	224	108286	124758944107696	124758776190048	648
LIFT	graphpart_3g-0333-0333	108	81	648	81
COUNTS	graphpart_3g-0333-0333	108	648	44928	36228
XCHTIME	0	0	0	0	0	0	0	0	0	0	0	0
XCHTIME	760	2	4	836212	19253	2833	3892	263	809971	124758947695200	124758978695280	2080
XCHTIME	0	0	0	0	0	0	0	0	0	0	0	0
XCHTIME	760	2	6	4862752	620	2351	3866	342	4855573	124758947695200	124758978695280	2080
XCHTIME	0	0	0	0	0	0	0	0	0	0	0	0
XCHTIME	760	2	5	1654655	1140	2722	3721	285	1646787	124758947695200	124758978695280	2080
XCHTIME	0	0	0	0	0	0	0	0	0	0	0	0
XCHTIME	760	4	18	10590468	704	2435	9104	1105	10577120	124758947695200	124758978695280	2080
LADGATE	760	10000	0.304	1
XCHTIME	0	0	0	0	0	0	0	0	0	0	0	0
XCHTIME	760	5	26	12932730	1092	3054	10992	1589	12916003	124758947695200	124758978695280	2080
XCHTIME	0	0	0	0	0	0	0	0	0	0	0	0
XCHTIME	760	4	66	3789755	1440	3126	11840	3331	3770018	124758947695200	124758978695280	2080
XCHTIME	0	0	0	0	0	0	0	0	0	0	0	0
XCHTIME	760	4	15	2599154	1557	4483	11604	926	2580584	124758947695200	124758978695280	2080
XCHTIME	0	0	0	0	0	0	0	0	0	0	0	0
XCHTIME	760	4	10	1598032	1110	3743	7655	502	1585022	124758947695200	124758978695280	2080
XCHTIME	0	0	0	0	0	0	0	0	0	0	0	0
XCHTIME	760	4	18	10637190	485	2351	11053	1123	10622178	124758947695200	124758978695280	2080
XCHTIME	0	0	0	0	0	0	0	0	0	0	0	0
XCHTIME	760	4	11	1055238	1058	4315	7994	504	1041367	124758947695200	124758978695280	2080
XCHTIME	0	0	0	0	0	0	0	0	0	0	0	0
XCHTIME	760	4	14	3710892	604	2183	9412	776	3697917	124758947695200	124758978695280	2080
XCHTIME	0	0	0	0	0	0	0	0	0	0	0	0
XCHTIME	760	4	13	6197599	809	3216	9490	802	6183282	124758947695200	124758978695280	2080
XCHTIME	0	0	0	0	0	0	0	0	0	0	0	0
XCHTIME	760	2	5	15900976	592	3374	8334	455	15888221	124758947695200	124758978695280	2080
XCHTIME	0	0	0	0	0	0	0	0	0	0	0	0
XCHTIME	760	4	6	653679	1931	6987	8304	269	636188	124758947695200	124758978695280	2080
LIFT	slay05h	760	340	1400	340
COUNTS	slay05h	760	2080	9815	8795
XCHTIME	0	0	0	0	0	0	0	0	0	0	0	0
XCHTIME	156	2	4	252110	6306	686	448	219	244451	124758735527840	124758951879024	712
XCHTIME	0	0	0	0	0	0	0	0	0	0	0	0
XCHTIME	156	2	6	2109382	287	695	515	435	2107450	124758735527840	124758951879024	712
XCHTIME	0	0	0	0	0	0	0	0	0	0	0	0
XCHTIME	156	2	5	587674	379	1292	551	219	585233	124758735527840	124758951879024	712
XCHTIME	0	0	0	0	0	0	0	0	0	0	0	0
XCHTIME	156	4	18	4235181	404	734	820	888	4232335	124758735527840	124758951879024	712
LADGATE	156	10000	0.273	1
XCHTIME	0	0	0	0	0	0	0	0	0	0	0	0
XCHTIME	156	5	26	5062033	483	1668	1269	1415	5057198	124758735527840	124758951879024	712
XCHTIME	0	0	0	0	0	0	0	0	0	0	0	0
XCHTIME	156	4	66	5405175	346	661	1145	4387	5398636	124758735527840	124758951879024	712
XCHTIME	0	0	0	0	0	0	0	0	0	0	0	0
XCHTIME	156	4	15	722053	501	1579	1192	706	718075	124758735527840	124758951879024	712
XCHTIME	0	0	0	0	0	0	0	0	0	0	0	0
XCHTIME	156	4	10	443121	426	909	727	391	440668	124758735527840	124758951879024	712
XCHTIME	0	0	0	0	0	0	0	0	0	0	0	0
XCHTIME	156	4	18	4259634	203	799	1070	937	4256625	124758735527840	124758951879024	712
XCHTIME	0	0	0	0	0	0	0	0	0	0	0	0
XCHTIME	156	4	11	273399	615	971	778	464	270571	124758735527840	124758951879024	712
XCHTIME	0	0	0	0	0	0	0	0	0	0	0	0
XCHTIME	156	4	14	1215511	246	869	970	820	1212606	124758735527840	124758951879024	712
XCHTIME	0	0	0	0	0	0	0	0	0	0	0	0
XCHTIME	156	4	13	2125923	546	749	915	656	2123057	124758735527840	124758951879024	712
XCHTIME	0	0	0	0	0	0	0	0	0	0	0	0
XCHTIME	156	4	16	15251113	619	1062	1561	930	15246941	124758735527840	124758951879024	712
XCHTIME	0	0	0	0	0	0	0	0	0	0	0	0
XCHTIME	156	4	6	181600	1289	1854	746	216	177495	124758735527840	124758951879024	712
LIFT	korcns	156	92	598	92
COUNTS	korcns	156	712	7241	6599
XCHTIME	0	0	0	0	0	0	0	0	0	0	0	0
XCHTIME	5065	1	0	2658019	477335	202238	199152	0	1779294	124758779274352	124759001734624	18730
XCHTIME	0	0	0	0	0	0	0	0	0	0	0	0
XCHTIME	5065	1	0	3750016	9054	213626	201577	0	3325759	124758779274352	124759001734624	18730
XCHTIME	0	0	0	0	0	0	0	0	0	0	0	0
XCHTIME	5065	1	0	2942464	8988	239637	220448	0	2473391	124758779274352	124759001734624	18730
XCHTIME	0	0	0	0	0	0	0	0	0	0	0	0
XCHTIME	5065	1	0	11027931	8608	201035	214200	0	10604088	124758779274352	124759001734624	18730
LADGATE	5065	10000	0.677	1
XCHTIME	0	0	0	0	0	0	0	0	0	0	0	0
XCHTIME	5065	5	26	86342526	8630	240734	1072947	7129	85013086	124758779274352	124759001734624	18730
XCHTIME	0	0	0	0	0	0	0	0	0	0	0	0
XCHTIME	5065	1	0	4831633	9092	231885	215872	0	4374784	124758779274352	124759001734624	18730
XCHTIME	0	0	0	0	0	0	0	0	0	0	0	0
XCHTIME	5065	2	4	6510017	10664	246708	467111	1184	5784350	124758779274352	124759001734624	18730
XCHTIME	0	0	0	0	0	0	0	0	0	0	0	0
XCHTIME	5065	4	10	12724584	8783	199965	799178	2987	11713671	124758779274352	124759001734624	18730
XCHTIME	0	0	0	0	0	0	0	0	0	0	0	0
XCHTIME	5065	1	0	11074681	8763	206428	200113	0	10659377	124758779274352	124759001734624	18730
XCHTIME	0	0	0	0	0	0	0	0	0	0	0	0
XCHTIME	5065	4	11	10985975	12663	213582	825757	3090	9930883	124758779274352	124759001734624	18730
XCHTIME	0	0	0	0	0	0	0	0	0	0	0	0
XCHTIME	5065	2	4	12468208	9821	213778	405272	1130	11838207	124758779274352	124759001734624	18730
XCHTIME	0	0	0	0	0	0	0	0	0	0	0	0
XCHTIME	5065	2	4	12003880	8743	213371	417635	1528	11362603	124758779274352	124759001734624	18730
XCHTIME	0	0	0	0	0	0	0	0	0	0	0	0
XCHTIME	5065	1	0	10206250	8667	200909	219271	0	9777403	124758779274352	124759001734624	18730
XCHTIME	0	0	0	0	0	0	0	0	0	0	0	0
XCHTIME	5065	4	6	9204866	8928	243917	794325	1916	8155780	124758779274352	124759001734624	18730
LIFT	powerflow0118p	5065	2810	15480	2810
COUNTS	powerflow0118p	5065	18730	121503	117327
XCHTIME	0	0	0	0	0	0	0	0	0	0	0	0
XCHTIME	4799	1	0	2583149	456072	197951	175410	0	1753716	124758779208048	124758779727920	20600
XCHTIME	0	0	0	0	0	0	0	0	0	0	0	0
XCHTIME	4799	1	0	3824977	9625	179833	175852	0	3459667	124758779208048	124758779727920	20600
XCHTIME	0	0	0	0	0	0	0	0	0	0	0	0
XCHTIME	4799	1	0	2483544	8612	191620	177964	0	2105348	124758779208048	124758779727920	20600
XCHTIME	0	0	0	0	0	0	0	0	0	0	0	0
XCHTIME	4799	2	5	10759752	9065	197108	391939	1342	10160298	124758779208048	124758779727920	20600
LADGATE	4799	10000	0.752	1
XCHTIME	0	0	0	0	0	0	0	0	0	0	0	0
XCHTIME	4799	5	26	23001229	9891	211702	948328	6641	21824667	124758779208048	124758779727920	20600
XCHTIME	0	0	0	0	0	0	0	0	0	0	0	0
XCHTIME	4799	2	19	5217527	9479	194912	357876	3587	4651673	124758779208048	124758779727920	20600
XCHTIME	0	0	0	0	0	0	0	0	0	0	0	0
XCHTIME	4799	3	12	5801207	8858	183238	529635	2526	5076950	124758779208048	124758779727920	20600
XCHTIME	0	0	0	0	0	0	0	0	0	0	0	0
XCHTIME	4799	4	10	7685286	8589	180385	705690	2897	6787725	124758779208048	124758779727920	20600
XCHTIME	0	0	0	0	0	0	0	0	0	0	0	0
XCHTIME	4799	2	5	10765379	9054	178744	375262	1220	10201099	124758779208048	124758779727920	20600
XCHTIME	0	0	0	0	0	0	0	0	0	0	0	0
XCHTIME	4799	4	11	7136434	9445	185945	660411	2315	6278318	124758779208048	124758779727920	20600
XCHTIME	0	0	0	0	0	0	0	0	0	0	0	0
XCHTIME	4799	4	14	10162878	9098	176332	716635	3195	9257618	124758779208048	124758779727920	20600
XCHTIME	0	0	0	0	0	0	0	0	0	0	0	0
XCHTIME	4799	4	13	11229355	9026	174337	704254	3325	10338413	124758779208048	124758779727920	20600
XCHTIME	0	0	0	0	0	0	0	0	0	0	0	0
XCHTIME	4799	1	0	9754505	9187	211767	191923	0	9341628	124758779208048	124758779727920	20600
XCHTIME	0	0	0	0	0	0	0	0	0	0	0	0
XCHTIME	4799	4	6	6890720	14576	205708	664885	1424	6004127	124758779208048	124758779727920	20600
LIFT	sfacloc2_3_80	4799	2402	16046	2402
COUNTS	sfacloc2_3_80	4799	20600	84672	81119
XCHTIME	0	0	0	0	0	0	0	0	0	0	0	0
XCHTIME	6028	1	0	2881555	684446	310735	321065	0	1565309	124758779314896	124758781496496	17372
XCHTIME	0	0	0	0	0	0	0	0	0	0	0	0
XCHTIME	6028	1	0	3619236	8356	327382	307414	0	2976084	124758779314896	124758781496496	17372
XCHTIME	0	0	0	0	0	0	0	0	0	0	0	0
XCHTIME	6028	1	0	2966825	8919	324084	334427	0	2299395	124758779314896	124758781496496	17372
XCHTIME	0	0	0	0	0	0	0	0	0	0	0	0
XCHTIME	6028	1	0	11231857	8762	318187	341332	0	10563576	124758779314896	124758781496496	17372
LADGATE	6028	10000	0.558	1
XCHTIME	0	0	0	0	0	0	0	0	0	0	0	0
XCHTIME	6028	5	26	100602937	9897	341726	1654578	9659	98587077	124758779314896	124758781496496	17372
XCHTIME	0	0	0	0	0	0	0	0	0	0	0	0
XCHTIME	6028	1	0	5008677	9317	335691	316066	0	4347603	124758779314896	124758781496496	17372
XCHTIME	0	0	0	0	0	0	0	0	0	0	0	0
XCHTIME	6028	1	0	6061413	9269	342931	314935	0	5394278	124758779314896	124758781496496	17372
XCHTIME	0	0	0	0	0	0	0	0	0	0	0	0
XCHTIME	6028	3	9	12250179	9175	337918	923750	3769	10975567	124758779314896	124758781496496	17372
XCHTIME	0	0	0	0	0	0	0	0	0	0	0	0
XCHTIME	6028	1	0	11323620	9570	332423	312014	0	10669613	124758779314896	124758781496496	17372
XCHTIME	0	0	0	0	0	0	0	0	0	0	0	0
XCHTIME	6028	4	11	12016671	14473	326413	1248358	4611	10422816	124758779314896	124758781496496	17372
XCHTIME	0	0	0	0	0	0	0	0	0	0	0	0
XCHTIME	6028	2	4	12057737	9428	316534	652559	1947	11077269	124758779314896	124758781496496	17372
XCHTIME	0	0	0	0	0	0	0	0	0	0	0	0
XCHTIME	6028	1	0	11653939	8871	338021	320852	0	10986195	124758779314896	124758781496496	17372
XCHTIME	0	0	0	0	0	0	0	0	0	0	0	0
XCHTIME	6028	1	0	9626595	9499	321119	329794	0	8966183	124758779314896	124758781496496	17372
XCHTIME	0	0	0	0	0	0	0	0	0	0	0	0
XCHTIME	6028	4	6	11121609	9990	337645	1224582	2253	9547139	124758779314896	124758781496496	17372
LIFT	rsyn0820m04m	6028	3144	12532	3144
COUNTS	rsyn0820m04m	6028	17372	196890	152748
XCHTIME	0	0	0	0	0	0	0	0	0	0	0	0
XCHTIME	1046	2	4	1225999	17996	3434	11102	311	1193156	124758779363136	124758976137984	3024
XCHTIME	0	0	0	0	0	0	0	0	0	0	0	0
XCHTIME	1046	2	6	8253087	834	3430	9567	457	8238799	124758779363136	124758976137984	3024
XCHTIME	0	0	0	0	0	0	0	0	0	0	0	0
XCHTIME	1046	2	5	3631573	2172	9387	7878	389	3611747	124758779363136	124758976137984	3024
XCHTIME	0	0	0	0	0	0	0	0	0	0	0	0
XCHTIME	1046	3	15	16846562	1338	5497	16139	1092	16822496	124758779363136	124758976137984	3024
LADGATE	1046	10000	0.258	1
XCHTIME	0	0	0	0	0	0	0	0	0	0	0	0
XCHTIME	1046	5	26	29293651	1458	6599	32415	2719	29250460	124758779363136	124758976137984	3024
XCHTIME	0	0	0	0	0	0	0	0	0	0	0	0
XCHTIME	1046	4	66	6673269	1789	7356	21164	3941	6639019	124758779363136	124758976137984	3024
XCHTIME	0	0	0	0	0	0	0	0	0	0	0	0
XCHTIME	1046	4	15	4187849	2364	10056	20557	1192	4153680	124758779363136	124758976137984	3024
XCHTIME	0	0	0	0	0	0	0	0	0	0	0	0
XCHTIME	1046	4	10	2335441	1628	4492	12602	713	2316006	124758779363136	124758976137984	3024
XCHTIME	0	0	0	0	0	0	0	0	0	0	0	0
XCHTIME	1046	3	15	16847267	1087	3964	17098	1274	16823844	124758779363136	124758976137984	3024
XCHTIME	0	0	0	0	0	0	0	0	0	0	0	0
XCHTIME	1046	4	11	1380206	1645	8172	13632	713	1356044	124758779363136	124758976137984	3024
XCHTIME	0	0	0	0	0	0	0	0	0	0	0	0
XCHTIME	1046	4	14	7252438	932	4302	14254	1037	7231913	124758779363136	124758976137984	3024
XCHTIME	0	0	0	0	0	0	0	0	0	0	0	0
XCHTIME	1046	4	13	12569205	1439	4653	20463	892	12541758	124758779363136	124758976137984	3024
XCHTIME	0	0	0	0	0	0	0	0	0	0	0	0
XCHTIME	1046	1	0	15676872	1865	5932	3208	0	15665867	124758779363136	124758976137984	3024
XCHTIME	0	0	0	0	0	0	0	0	0	0	0	0
XCHTIME	1046	4	6	970446	1854	12091	14917	525	941059	124758779363136	124758976137984	3024
LIFT	hydroenergy1	1046	570	2164	570
COUNTS	hydroenergy1	1046	3024	14089	14089
XCHTIME	0	0	0	0	0	0	0	0	0	0	0	0
XCHTIME	181	2	4	141508	9569	880	604	177	130278	124758956531888	124758978593264	1440
XCHTIME	0	0	0	0	0	0	0	0	0	0	0	0
XCHTIME	181	2	6	1127380	353	807	580	259	1125381	124758956531888	124758978593264	1440
XCHTIME	0	0	0	0	0	0	0	0	0	0	0	0
XCHTIME	181	2	5	345437	398	643	440	159	343797	124758956531888	124758978593264	1440
XCHTIME	0	0	0	0	0	0	0	0	0	0	0	0
XCHTIME	181	4	18	2031864	301	622	893	639	2029409	124758956531888	124758978593264	1440
LADGATE	181	10000	0.184	1
XCHTIME	0	0	0	0	0	0	0	0	0	0	0	0
XCHTIME	181	5	26	2462426	1159	1333	1173	864	2457897	124758956531888	124758978593264	1440
XCHTIME	0	0	0	0	0	0	0	0	0	0	0	0
XCHTIME	181	4	66	107851	650	745	748	2093	103615	124758956531888	124758978593264	1440
XCHTIME	0	0	0	0	0	0	0	0	0	0	0	0
XCHTIME	181	4	15	382665	275	695	910	444	380341	124758956531888	124758978593264	1440
XCHTIME	0	0	0	0	0	0	0	0	0	0	0	0
XCHTIME	181	4	10	225090	290	627	848	341	222984	124758956531888	124758978593264	1440
XCHTIME	0	0	0	0	0	0	0	0	0	0	0	0
XCHTIME	181	4	18	2016199	250	645	862	577	2013865	124758956531888	124758978593264	1440
XCHTIME	0	0	0	0	0	0	0	0	0	0	0	0
XCHTIME	181	4	11	145593	384	653	787	311	143458	124758956531888	124758978593264	1440
XCHTIME	0	0	0	0	0	0	0	0	0	0	0	0
XCHTIME	181	4	14	637402	463	600	937	374	635028	124758956531888	124758978593264	1440
XCHTIME	0	0	0	0	0	0	0	0	0	0	0	0
XCHTIME	181	4	13	1096628	264	637	889	446	1094392	124758956531888	124758978593264	1440
XCHTIME	0	0	0	0	0	0	0	0	0	0	0	0
XCHTIME	181	4	16	5440352	297	663	1222	721	5437449	124758956531888	124758978593264	1440
XCHTIME	0	0	0	0	0	0	0	0	0	0	0	0
XCHTIME	181	4	6	119856	1100	2450	906	217	115183	124758956531888	124758978593264	1440
LIFT	maxmin	181	103	1284	103
COUNTS	maxmin	181	1440	8405	8405
XCHTIME	0	0	0	0	0	0	0	0	0	0	0	0
XCHTIME	8	2	4	58816	34989	872	76	159	22720	124758935381872	124758971603040	18
XCHTIME	0	0	0	0	0	0	0	0	0	0	0	0
XCHTIME	8	2	6	15737	559	302	58	199	14619	124758935381872	124758971603040	18
XCHTIME	0	0	0	0	0	0	0	0	0	0	0	0
XCHTIME	8	2	5	10463	65	197	51	141	10009	124758935381872	124758971603040	18
XCHTIME	0	0	0	0	0	0	0	0	0	0	0	0
XCHTIME	8	4	16	10440	75	244	108	447	9566	124758935381872	124758971603040	18
LADGATE	8	10000	0.106	1
XCHTIME	0	0	0	0	0	0	0	0	0	0	0	0
XCHTIME	8	5	24	13724	188	301	140	672	12423	124758935381872	124758971603040	18
XCHTIME	0	0	0	0	0	0	0	0	0	0	0	0
XCHTIME	8	4	24	9168	82	250	99	542	8195	124758935381872	124758971603040	18
XCHTIME	0	0	0	0	0	0	0	0	0	0	0	0
XCHTIME	8	4	15	9790	57	214	148	357	9014	124758935381872	124758971603040	18
XCHTIME	0	0	0	0	0	0	0	0	0	0	0	0
XCHTIME	8	4	10	16608	69	222	103	246	15968	124758935381872	124758971603040	18
XCHTIME	0	0	0	0	0	0	0	0	0	0	0	0
XCHTIME	8	4	16	9864	68	182	104	401	9109	124758935381872	124758971603040	18
XCHTIME	0	0	0	0	0	0	0	0	0	0	0	0
XCHTIME	8	4	11	10587	107	217	96	266	9901	124758935381872	124758971603040	18
XCHTIME	0	0	0	0	0	0	0	0	0	0	0	0
XCHTIME	8	4	14	14360	58	199	92	336	13675	124758935381872	124758971603040	18
XCHTIME	0	0	0	0	0	0	0	0	0	0	0	0
XCHTIME	8	4	13	16377	64	195	91	329	15698	124758935381872	124758971603040	18
XCHTIME	0	0	0	0	0	0	0	0	0	0	0	0
XCHTIME	8	4	14	13727	54	199	118	349	13007	124758935381872	124758971603040	18
XCHTIME	0	0	0	0	0	0	0	0	0	0	0	0
XCHTIME	8	4	6	9469	55	208	95	148	8963	124758935381872	124758971603040	18
COUNTS	st_ht	8	18	51	44
XCHTIME	0	0	0	0	0	0	0	0	0	0	0	0
XCHTIME	6418	1	0	2788461	867007	384320	366391	0	1170743	124758782408880	124758991730704	34646
XCHTIME	0	0	0	0	0	0	0	0	0	0	0	0
XCHTIME	6418	1	0	3239908	14215	371502	363107	0	2491084	124758782408880	124758991730704	34646
XCHTIME	0	0	0	0	0	0	0	0	0	0	0	0
XCHTIME	6418	1	0	2687128	15325	386224	367562	0	1918017	124758782408880	124758991730704	34646
XCHTIME	0	0	0	0	0	0	0	0	0	0	0	0
XCHTIME	6418	1	0	10694976	14957	380622	376646	0	9922751	124758782408880	124758991730704	34646
LADGATE	6418	10000	0.837	1
XCHTIME	0	0	0	0	0	0	0	0	0	0	0	0
XCHTIME	6418	5	26	80915978	15839	394237	1834881	7494	78663527	124758782408880	124758991730704	34646
XCHTIME	0	0	0	0	0	0	0	0	0	0	0	0
XCHTIME	6418	1	0	4372472	15268	389899	364229	0	3603076	124758782408880	124758991730704	34646
XCHTIME	0	0	0	0	0	0	0	0	0	0	0	0
XCHTIME	6418	1	0	3967385	16192	374534	370464	0	3206195	124758782408880	124758991730704	34646
XCHTIME	0	0	0	0	0	0	0	0	0	0	0	0
XCHTIME	6418	2	3	6717239	15834	378546	753510	1302	5568047	124758782408880	124758991730704	34646
XCHTIME	0	0	0	0	0	0	0	0	0	0	0	0
XCHTIME	6418	1	0	8550727	15645	352582	368818	0	7813682	124758782408880	124758991730704	34646
XCHTIME	0	0	0	0	0	0	0	0	0	0	0	0
XCHTIME	6418	2	3	6641075	15319	372665	745468	1279	5506344	124758782408880	124758991730704	34646
XCHTIME	0	0	0	0	0	0	0	0	0	0	0	0
XCHTIME	6418	2	4	6979606	15930	362194	739433	1851	5860198	124758782408880	124758991730704	34646
XCHTIME	0	0	0	0	0	0	0	0	0	0	0	0
XCHTIME	6418	1	0	7124472	14583	380727	374857	0	6354305	124758782408880	124758991730704	34646
XCHTIME	0	0	0	0	0	0	0	0	0	0	0	0
XCHTIME	6418	1	0	10819548	15735	380849	362314	0	10060650	124758782408880	124758991730704	34646
XCHTIME	0	0	0	0	0	0	0	0	0	0	0	0
XCHTIME	6418	2	3	6415033	15663	375813	738356	1454	5283747	124758782408880	124758991730704	34646
LIFT	crudeoil_lee2_06	6418	4139	66598	4139
COUNTS	crudeoil_lee2_06	6418	34646	23299675	15940414
XCHTIME	0	0	0	0	0	0	0	0	0	0	0	0
XCHTIME	3183	2	4	1748159	166431	54035	104722	522	1422449	124758976725616	124758779990080	14062
XCHTIME	0	0	0	0	0	0	0	0	0	0	0	0
XCHTIME	3183	1	0	3974117	6456	59619	54293	0	3853749	124758976725616	124758779990080	14062
XCHTIME	0	0	0	0	0	0	0	0	0	0	0	0
XCHTIME	3183	1	0	2124617	5888	67080	51720	0	1999929	124758976725616	124758779990080	14062
XCHTIME	0	0	0	0	0	0	0	0	0	0	0	0
XCHTIME	3183	2	5	11757611	5648	58807	106238	710	11586208	124758976725616	124758779990080	14062
LADGATE	3183	10000	0.478	1
XCHTIME	0	0	0	0	0	0	0	0	0	0	0	0
XCHTIME	3183	5	26	21150113	6207	84004	272176	3580	20784146	124758976725616	124758779990080	14062
XCHTIME	0	0	0	0	0	0	0	0	0	0	0	0
XCHTIME	3183	3	57	5757662	6449	76479	184008	6003	5484723	124758976725616	124758779990080	14062
XCHTIME	0	0	0	0	0	0	0	0	0	0	0	0
XCHTIME	3183	4	15	4479426	6985	63960	206829	2312	4199340	124758976725616	124758779990080	14062
XCHTIME	0	0	0	0	0	0	0	0	0	0	0	0
XCHTIME	3183	4	10	3501403	6173	67257	221289	1760	3204924	124758976725616	124758779990080	14062
XCHTIME	0	0	0	0	0	0	0	0	0	0	0	0
XCHTIME	3183	2	5	11729432	6271	44908	106078	747	11571428	124758976725616	124758779990080	14062
XCHTIME	0	0	0	0	0	0	0	0	0	0	0	0
XCHTIME	3183	4	11	2935626	6073	64456	197565	1912	2665620	124758976725616	124758779990080	14062
XCHTIME	0	0	0	0	0	0	0	0	0	0	0	0
XCHTIME	3183	4	14	6462487	5212	54610	203274	1861	6197530	124758976725616	124758779990080	14062
XCHTIME	0	0	0	0	0	0	0	0	0	0	0	0
XCHTIME	3183	4	13	10384563	5300	60097	232407	2374	10084385	124758976725616	124758779990080	14062
XCHTIME	0	0	0	0	0	0	0	0	0	0	0	0
XCHTIME	3183	1	0	10177013	6263	71885	67206	0	10031659	124758976725616	124758779990080	14062
XCHTIME	0	0	0	0	0	0	0	0	0	0	0	0
XCHTIME	3183	4	6	2654017	6309	79476	212037	1279	2354916	124758976725616	124758779990080	14062
LIFT	kan_r3_h1_n4	3183	2301	12330	2301
COUNTS	kan_r3_h1_n4	3183	14062	104945	98697
XCHTIME	0	0	0	0	0	0	0	0	0	0	0	0
XCHTIME	378	2	4	345958	14754	2007	1413	210	327574	124758954117088	124758776025360	5610
XCHTIME	0	0	0	0	0	0	0	0	0	0	0	0
XCHTIME	378	2	6	3229477	943	1782	1612	271	3224869	124758954117088	124758776025360	5610
XCHTIME	0	0	0	0	0	0	0	0	0	0	0	0
XCHTIME	378	2	5	1006125	1633	1478	1471	247	1001296	124758954117088	124758776025360	5610
XCHTIME	0	0	0	0	0	0	0	0	0	0	0	0
XCHTIME	378	4	18	6779443	1120	1582	2810	720	6773211	124758954117088	124758776025360	5610
LADGATE	378	10000	0.284	1
XCHTIME	0	0	0	0	0	0	0	0	0	0	0	0
XCHTIME	378	5	26	8824172	2249	2017	3625	1181	8815100	124758954117088	124758776025360	5610
XCHTIME	0	0	0	0	0	0	0	0	0	0	0	0
XCHTIME	378	4	66	1054295	2108	1626	2886	2688	1044987	124758954117088	124758776025360	5610
XCHTIME	0	0	0	0	0	0	0	0	0	0	0	0
XCHTIME	378	4	15	1087863	1647	1628	2934	531	1081123	124758954117088	124758776025360	5610
XCHTIME	0	0	0	0	0	0	0	0	0	0	0	0
XCHTIME	378	4	10	632810	1236	1449	2911	390	626824	124758954117088	124758776025360	5610
XCHTIME	0	0	0	0	0	0	0	0	0	0	0	0
XCHTIME	378	4	18	6715024	1182	1437	2748	792	6708865	124758954117088	124758776025360	5610
XCHTIME	0	0	0	0	0	0	0	0	0	0	0	0
XCHTIME	378	4	11	368471	1743	1488	2679	410	362151	124758954117088	124758776025360	5610
XCHTIME	0	0	0	0	0	0	0	0	0	0	0	0
XCHTIME	378	4	14	1906183	1044	1285	2593	551	1900710	124758954117088	124758776025360	5610
XCHTIME	0	0	0	0	0	0	0	0	0	0	0	0
XCHTIME	378	4	13	3727713	1205	1413	2650	518	3721927	124758954117088	124758776025360	5610
XCHTIME	0	0	0	0	0	0	0	0	0	0	0	0
XCHTIME	378	4	16	20528257	1342	1639	6159	850	20518267	124758954117088	124758776025360	5610
XCHTIME	0	0	0	0	0	0	0	0	0	0	0	0
XCHTIME	378	4	6	268338	2812	2771	2619	278	259858	124758954117088	124758776025360	5610
LIFT	primary	378	222	5294	222
COUNTS	primary	378	5610	109639	95258
XCHTIME	0	0	0	0	0	0	0	0	0	0	0	0
XCHTIME	1071	2	4	744178	19327	8382	6458	259	709752	124758976716880	124758976018480	2772
XCHTIME	0	0	0	0	0	0	0	0	0	0	0	0
XCHTIME	1071	2	6	4841436	768	3094	8768	571	4828235	124758976716880	124758976018480	2772
XCHTIME	0	0	0	0	0	0	0	0	0	0	0	0
XCHTIME	1071	2	5	1699710	1834	7814	9454	487	1680121	124758976716880	124758976018480	2772
XCHTIME	0	0	0	0	0	0	0	0	0	0	0	0
XCHTIME	1071	4	18	10041938	1176	5436	22008	1323	10011995	124758976716880	124758976018480	2772
LADGATE	1071	10000	0.282	1
XCHTIME	0	0	0	0	0	0	0	0	0	0	0	0
XCHTIME	1071	5	26	12301717	1898	7381	23327	2247	12266864	124758976716880	124758976018480	2772
XCHTIME	0	0	0	0	0	0	0	0	0	0	0	0
XCHTIME	1071	4	66	6873189	1431	6256	22700	3632	6839170	124758976716880	124758976018480	2772
XCHTIME	0	0	0	0	0	0	0	0	0	0	0	0
XCHTIME	1071	4	15	2326952	6655	11670	15249	1261	2292117	124758976716880	124758976018480	2772
XCHTIME	0	0	0	0	0	0	0	0	0	0	0	0
XCHTIME	1071	4	10	1358816	1247	4583	15732	886	1336368	124758976716880	124758976018480	2772
XCHTIME	0	0	0	0	0	0	0	0	0	0	0	0
XCHTIME	1071	4	18	10142097	1000	3983	21275	1466	10114373	124758976716880	124758976018480	2772
XCHTIME	0	0	0	0	0	0	0	0	0	0	0	0
XCHTIME	1071	4	11	1039245	1553	6513	23868	1027	1006284	124758976716880	124758976018480	2772
XCHTIME	0	0	0	0	0	0	0	0	0	0	0	0
XCHTIME	1071	4	14	3250885	1008	4058	16325	1338	3228156	124758976716880	124758976018480	2772
XCHTIME	0	0	0	0	0	0	0	0	0	0	0	0
XCHTIME	1071	4	13	5704341	1090	4471	18561	1349	5678870	124758976716880	124758976018480	2772
XCHTIME	0	0	0	0	0	0	0	0	0	0	0	0
XCHTIME	1071	3	15	13982870	1216	5790	25990	1390	13948484	124758976716880	124758976018480	2772
XCHTIME	0	0	0	0	0	0	0	0	0	0	0	0
XCHTIME	1071	4	6	772941	2146	8051	16135	707	745902	124758976716880	124758976018480	2772
LIFT	syn10m03hfsg	1071	591	1812	591
COUNTS	syn10m03hfsg	1071	2772	9890	9812
XCHTIME	0	0	0	0	0	0	0	0	0	0	0	0
XCHTIME	36	2	4	53127	3870	1335	237	129	47556	124758936172224	124758951886208	138
XCHTIME	0	0	0	0	0	0	0	0	0	0	0	0
XCHTIME	36	2	6	636899	237	630	202	259	635571	124758936172224	124758951886208	138
XCHTIME	0	0	0	0	0	0	0	0	0	0	0	0
XCHTIME	36	2	5	159242	235	408	150	119	158330	124758936172224	124758951886208	138
XCHTIME	0	0	0	0	0	0	0	0	0	0	0	0
XCHTIME	36	4	18	773853	150	505	257	499	772442	124758936172224	124758951886208	138
LADGATE	36	10000	0.183	1
XCHTIME	0	0	0	0	0	0	0	0	0	0	0	0
XCHTIME	36	5	26	1129472	345	673	753	844	1126857	124758936172224	124758951886208	138
XCHTIME	0	0	0	0	0	0	0	0	0	0	0	0
XCHTIME	36	4	64	7345	319	639	305	2103	3979	124758936172224	124758951886208	138
XCHTIME	0	0	0	0	0	0	0	0	0	0	0	0
XCHTIME	36	4	15	172162	116	318	324	374	171030	124758936172224	124758951886208	138
XCHTIME	0	0	0	0	0	0	0	0	0	0	0	0
XCHTIME	36	4	10	90556	151	398	257	219	89531	124758936172224	124758951886208	138
XCHTIME	0	0	0	0	0	0	0	0	0	0	0	0
XCHTIME	36	4	18	766067	150	354	246	462	764855	124758936172224	124758951886208	138
XCHTIME	0	0	0	0	0	0	0	0	0	0	0	0
XCHTIME	36	4	11	61125	124	459	263	372	59907	124758936172224	124758951886208	138
XCHTIME	0	0	0	0	0	0	0	0	0	0	0	0
XCHTIME	36	4	14	258901	133	334	231	316	257887	124758936172224	124758951886208	138
XCHTIME	0	0	0	0	0	0	0	0	0	0	0	0
XCHTIME	36	4	13	550975	133	434	236	334	549838	124758936172224	124758951886208	138
XCHTIME	0	0	0	0	0	0	0	0	0	0	0	0
XCHTIME	36	4	16	1813642	106	381	379	513	1812263	124758936172224	124758951886208	138
XCHTIME	0	0	0	0	0	0	0	0	0	0	0	0
XCHTIME	36	4	6	32029	363	742	236	150	30538	124758936172224	124758951886208	138
LIFT	wastewater02m1	36	24	118	24
COUNTS	wastewater02m1	36	138	848	790
XCHTIME	0	0	0	0	0	0	0	0	0	0	0	0
XCHTIME	4620	1	0	1516453	387176	164278	164254	0	800745	124758782460240	124758781869552	15680
XCHTIME	0	0	0	0	0	0	0	0	0	0	0	0
XCHTIME	4620	1	0	858572	6814	160546	160493	0	530719	124758782460240	124758781869552	15680
XCHTIME	0	0	0	0	0	0	0	0	0	0	0	0
XCHTIME	4620	1	0	1062809	6572	159457	162692	0	734088	124758782460240	124758781869552	15680
XCHTIME	0	0	0	0	0	0	0	0	0	0	0	0
XCHTIME	4620	4	18	7797441	6320	165751	686199	5183	6933988	124758782460240	124758781869552	15680
LADGATE	4620	10000	0.373	1
XCHTIME	0	0	0	0	0	0	0	0	0	0	0	0
XCHTIME	4620	5	26	10176602	8051	203700	798738	7918	9158195	124758782460240	124758781869552	15680
XCHTIME	0	0	0	0	0	0	0	0	0	0	0	0
XCHTIME	4620	3	32	4310094	7840	179342	468948	6669	3647295	124758782460240	124758781869552	15680
XCHTIME	0	0	0	0	0	0	0	0	0	0	0	0
XCHTIME	4620	3	12	4823702	7953	158736	481185	3285	4172543	124758782460240	124758781869552	15680
XCHTIME	0	0	0	0	0	0	0	0	0	0	0	0
XCHTIME	4620	4	10	6493749	7835	162806	637694	3692	5681722	124758782460240	124758781869552	15680
XCHTIME	0	0	0	0	0	0	0	0	0	0	0	0
XCHTIME	4620	4	18	7825720	7094	184526	639578	4966	6989556	124758782460240	124758781869552	15680
XCHTIME	0	0	0	0	0	0	0	0	0	0	0	0
XCHTIME	4620	4	11	6521675	6835	172681	617571	3452	5721136	124758782460240	124758781869552	15680
XCHTIME	0	0	0	0	0	0	0	0	0	0	0	0
XCHTIME	4620	4	14	7005932	7283	172326	644450	4675	6177198	124758782460240	124758781869552	15680
XCHTIME	0	0	0	0	0	0	0	0	0	0	0	0
XCHTIME	4620	4	13	7469388	6937	166042	643372	7301	6645736	124758782460240	124758781869552	15680
XCHTIME	0	0	0	0	0	0	0	0	0	0	0	0
XCHTIME	4620	3	15	9792462	7496	164112	522842	4935	9093077	124758782460240	124758781869552	15680
XCHTIME	0	0	0	0	0	0	0	0	0	0	0	0
XCHTIME	4620	4	6	6382839	7529	167064	620453	2002	5585791	124758782460240	124758781869552	15680
LIFT	supplychainr1_022020	4620	2680	11920	2680
COUNTS	supplychainr1_022020	4620	15680	273140	273100
XCHTIME	0	0	0	0	0	0	0	0	0	0	0	0
XCHTIME	3800	2	4	1477544	238544	90602	185830	1367	961201	124758780145952	124758779063840	11250
XCHTIME	0	0	0	0	0	0	0	0	0	0	0	0
XCHTIME	3800	2	6	1658620	5725	101992	208079	1830	1340994	124758780145952	124758779063840	11250
XCHTIME	0	0	0	0	0	0	0	0	0	0	0	0
XCHTIME	3800	2	5	1739704	5834	169532	201975	1046	1361317	124758780145952	124758779063840	11250
XCHTIME	0	0	0	0	0	0	0	0	0	0	0	0
XCHTIME	3800	4	18	5239765	5735	78966	348698	3943	4802423	124758780145952	124758779063840	11250
LADGATE	3800	10000	0.257	1
XCHTIME	0	0	0	0	0	0	0	0	0	0	0	0
XCHTIME	3800	5	26	6909226	6021	128625	462545	6695	6305340	124758780145952	124758779063840	11250
XCHTIME	0	0	0	0	0	0	0	0	0	0	0	0
XCHTIME	3800	4	66	4298560	5629	106904	387334	11467	3787226	124758780145952	124758779063840	11250
XCHTIME	0	0	0	0	0	0	0	0	0	0	0	0
XCHTIME	3800	4	15	4009354	5614	93142	358180	4133	3548285	124758780145952	124758779063840	11250
XCHTIME	0	0	0	0	0	0	0	0	0	0	0	0
XCHTIME	3800	4	10	4037030	5181	93954	367516	2706	3567673	124758780145952	124758779063840	11250
XCHTIME	0	0	0	0	0	0	0	0	0	0	0	0
XCHTIME	3800	4	18	5448226	5799	92525	383255	4483	4962164	124758780145952	124758779063840	11250
XCHTIME	0	0	0	0	0	0	0	0	0	0	0	0
XCHTIME	3800	4	11	4064234	5719	101287	355072	3099	3599057	124758780145952	124758779063840	11250
XCHTIME	0	0	0	0	0	0	0	0	0	0	0	0
XCHTIME	3800	4	14	4320895	5160	95623	361230	3499	3855383	124758780145952	124758779063840	11250
XCHTIME	0	0	0	0	0	0	0	0	0	0	0	0
XCHTIME	3800	4	13	4803099	5566	100129	388262	3725	4305417	124758780145952	124758779063840	11250
XCHTIME	0	0	0	0	0	0	0	0	0	0	0	0
XCHTIME	3800	4	16	11566174	5474	97574	454759	5114	11003253	124758780145952	124758779063840	11250
XCHTIME	0	0	0	0	0	0	0	0	0	0	0	0
XCHTIME	3800	4	6	3596460	8989	115983	369004	2369	3100115	124758780145952	124758779063840	11250
LIFT	squfl025-025persp	3800	1300	6250	1300
COUNTS	squfl025-025persp	3800	11250	49925	49925
XCHTIME	0	0	0	0	0	0	0	0	0	0	0	0
XCHTIME	17999	0	0	24647524	12988020	11659504	0	0	0	124758995711488	124758995855504	121458
XCHTIME	0	0	0	0	0	0	0	0	0	0	0	0
XCHTIME	17999	1	0	13920946	53541	11235087	1934994	0	697324	124758995711488	124758995855504	121458
XCHTIME	0	0	0	0	0	0	0	0	0	0	0	0
XCHTIME	17999	0	0	11281306	53788	11227518	0	0	0	124758995711488	124758995855504	121458
XCHTIME	0	0	0	0	0	0	0	0	0	0	0	0
XCHTIME	17999	1	0	17728413	50765	11322306	1931787	0	4423555	124758995711488	124758995855504	121458
LADGATE	17999	10000	0.908	0
XCHTIME	0	0	0	0	0	0	0	0	0	0	0	0
XCHTIME	17999	5	26	126569772	53998	11183375	9802283	12388	105517728	124758995711488	124758995855504	121458
XCHTIME	0	0	0	0	0	0	0	0	0	0	0	0
XCHTIME	17999	1	0	14025198	57388	11327406	1941372	0	699032	124758995711488	124758995855504	121458
XCHTIME	0	0	0	0	0	0	0	0	0	0	0	0
XCHTIME	17999	1	0	13935492	55337	11224190	1946339	0	709626	124758995711488	124758995855504	121458
XCHTIME	0	0	0	0	0	0	0	0	0	0	0	0
XCHTIME	17999	1	0	17057774	56623	11228121	1935126	0	3837904	124758995711488	124758995855504	121458
XCHTIME	0	0	0	0	0	0	0	0	0	0	0	0
XCHTIME	17999	1	0	17615644	57743	11259131	1933246	0	4365524	124758995711488	124758995855504	121458
XCHTIME	0	0	0	0	0	0	0	0	0	0	0	0
XCHTIME	17999	1	0	17065746	56417	11226103	1955370	0	3827856	124758995711488	124758995855504	121458
XCHTIME	0	0	0	0	0	0	0	0	0	0	0	0
XCHTIME	17999	1	0	17181135	59448	11225621	1935450	0	3960616	124758995711488	124758995855504	121458
XCHTIME	0	0	0	0	0	0	0	0	0	0	0	0
XCHTIME	17999	1	0	17441004	62872	11274339	1924981	0	4178812	124758995711488	124758995855504	121458
XCHTIME	0	0	0	0	0	0	0	0	0	0	0	0
XCHTIME	17999	1	0	17964679	58412	11217460	1928887	0	4759920	124758995711488	124758995855504	121458
XCHTIME	0	0	0	0	0	0	0	0	0	0	0	0
XCHTIME	17999	1	0	17041599	58226	11262093	1919693	0	3801587	124758995711488	124758995855504	121458
LIFT	ringpack_30_2	17999	9231	103922	9231
COUNTS	ringpack_30_2	17999	121458	12394600	2864237
LIFT	nuclear104	39098	26306	232222	26306
COUNTS	nuclear104	39098	257806	103156931	78332024
XCHTIME	0	0	0	0	0	0	0	0	0	0	0	0
XCHTIME	4952	2	4	2826743	434869	206756	353455	542	1831121	124758781758656	124758992238624	15700
XCHTIME	0	0	0	0	0	0	0	0	0	0	0	0
XCHTIME	4952	1	0	3937984	12054	210948	228887	0	3486095	124758781758656	124758992238624	15700
XCHTIME	0	0	0	0	0	0	0	0	0	0	0	0
XCHTIME	4952	2	5	3355179	7858	213764	381617	999	2750941	124758781758656	124758992238624	15700
XCHTIME	0	0	0	0	0	0	0	0	0	0	0	0
XCHTIME	4952	2	5	11849634	7303	192563	403626	1134	11245008	124758781758656	124758992238624	15700
LADGATE	4952	10000	0.604	1
XCHTIME	0	0	0	0	0	0	0	0	0	0	0	0
XCHTIME	4952	5	26	23802150	8187	227174	1031089	4335	22531365	124758781758656	124758992238624	15700
XCHTIME	0	0	0	0	0	0	0	0	0	0	0	0
XCHTIME	4952	2	19	5714932	8261	206042	411672	2417	5086540	124758781758656	124758992238624	15700
XCHTIME	0	0	0	0	0	0	0	0	0	0	0	0
XCHTIME	4952	3	12	5477869	8258	204662	570605	2112	4692232	124758781758656	124758992238624	15700
XCHTIME	0	0	0	0	0	0	0	0	0	0	0	0
XCHTIME	4952	4	10	6370996	7690	196579	759220	2135	5405372	124758781758656	124758992238624	15700
XCHTIME	0	0	0	0	0	0	0	0	0	0	0	0
XCHTIME	4952	3	15	12008409	7848	193379	584813	2768	11219601	124758781758656	124758992238624	15700
XCHTIME	0	0	0	0	0	0	0	0	0	0	0	0
XCHTIME	4952	4	11	5991565	7701	195088	734157	3127	5051492	124758781758656	124758992238624	15700
XCHTIME	0	0	0	0	0	0	0	0	0	0	0	0
XCHTIME	4952	4	14	9345812	7430	195141	754494	3354	8385393	124758781758656	124758992238624	15700
XCHTIME	0	0	0	0	0	0	0	0	0	0	0	0
XCHTIME	4952	4	13	11967897	7752	228339	794388	3191	10934227	124758781758656	124758992238624	15700
XCHTIME	0	0	0	0	0	0	0	0	0	0	0	0
XCHTIME	4952	1	0	12110467	7683	207361	189767	0	11705656	124758781758656	124758992238624	15700
XCHTIME	0	0	0	0	0	0	0	0	0	0	0	0
XCHTIME	4952	4	6	5526803	7878	212876	740274	1975	4563800	124758781758656	124758992238624	15700
LIFT	chp_shorttermplan1a	4952	2592	11264	2592
COUNTS	chp_shorttermplan1a	4952	15700	376486	299565
XCHTIME	0	0	0	0	0	0	0	0	0	0	0	0
XCHTIME	555	2	4	3454281	1822430	7381	2593	284	1621593	124758976062864	124758781798288	3488
XCHTIME	0	0	0	0	0	0	0	0	0	0	0	0
XCHTIME	555	2	6	9570607	1473	1843	3123	460	9563708	124758976062864	124758781798288	3488
XCHTIME	0	0	0	0	0	0	0	0	0	0	0	0
XCHTIME	555	2	5	5736974	1314	2803	2571	368	5729918	124758976062864	124758781798288	3488
XCHTIME	0	0	0	0	0	0	0	0	0	0	0	0
XCHTIME	555	2	5	19253754	1522	2570	2902	362	19246398	124758976062864	124758781798288	3488
LADGATE	555	10000	0.415	1
XCHTIME	0	0	0	0	0	0	0	0	0	0	0	0
XCHTIME	555	4	10	3176232	1745	3004	4875	664	3165944	124758976062864	124758781798288	3488
XCHTIME	0	0	0	0	0	0	0	0	0	0	0	0
XCHTIME	555	4	66	349067	842	1921	4516	4598	337190	124758976062864	124758781798288	3488
XCHTIME	0	0	0	0	0	0	0	0	0	0	0	0
XCHTIME	555	4	15	6016039	704	1532	5833	1134	6006836	124758976062864	124758781798288	3488
XCHTIME	0	0	0	0	0	0	0	0	0	0	0	0
XCHTIME	555	4	10	3204799	1578	2246	4804	737	3195434	124758976062864	124758781798288	3488
XCHTIME	0	0	0	0	0	0	0	0	0	0	0	0
XCHTIME	555	2	5	19076749	756	1830	2968	376	19070819	124758976062864	124758781798288	3488
XCHTIME	0	0	0	0	0	0	0	0	0	0	0	0
XCHTIME	555	4	11	1652910	1443	2544	4784	956	1643183	124758976062864	124758781798288	3488
XCHTIME	0	0	0	0	0	0	0	0	0	0	0	0
XCHTIME	555	4	14	11319301	859	1707	6180	1311	11309244	124758976062864	124758781798288	3488
XCHTIME	0	0	0	0	0	0	0	0	0	0	0	0
XCHTIME	555	4	13	18431262	1574	2214	5770	1016	18420688	124758976062864	124758781798288	3488
XCHTIME	0	0	0	0	0	0	0	0	0	0	0	0
XCHTIME	555	1	0	17698751	1380	2287	1165	0	17693919	124758976062864	124758781798288	3488
XCHTIME	0	0	0	0	0	0	0	0	0	0	0	0
XCHTIME	555	4	6	799576	2161	5060	5237	463	786655	124758976062864	124758781798288	3488
LIFT	rocket50	555	450	3272	450
COUNTS	rocket50	555	3488	19983	19265
XCHTIME	0	0	0	0	0	0	0	0	0	0	0	0
XCHTIME	8508	1	0	3862691	1405989	653812	684705	0	1118185	124758782000640	124758782068720	24272
XCHTIME	0	0	0	0	0	0	0	0	0	0	0	0
XCHTIME	8508	1	0	2853802	12738	670525	675558	0	1494981	124758782000640	124758782068720	24272
XCHTIME	0	0	0	0	0	0	0	0	0	0	0	0
XCHTIME	8508	1	0	3011026	12435	671199	683767	0	1643625	124758782000640	124758782068720	24272
XCHTIME	0	0	0	0	0	0	0	0	0	0	0	0
XCHTIME	8508	1	0	11390880	12932	671634	679615	0	10026699	124758782000640	124758782068720	24272
LADGATE	8508	10000	0.679	1
XCHTIME	0	0	0	0	0	0	0	0	0	0	0	0
XCHTIME	8508	5	26	147544767	14434	710130	3382634	13339	143424230	124758782000640	124758782068720	24272
XCHTIME	0	0	0	0	0	0	0	0	0	0	0	0
XCHTIME	8508	1	0	5053725	13071	695015	667008	0	3678631	124758782000640	124758782068720	24272
XCHTIME	0	0	0	0	0	0	0	0	0	0	0	0
XCHTIME	8508	1	0	5969639	14834	754077	673143	0	4527585	124758782000640	124758782068720	24272
XCHTIME	0	0	0	0	0	0	0	0	0	0	0	0
XCHTIME	8508	2	3	11722487	13319	680024	1348599	2074	9678471	124758782000640	124758782068720	24272
XCHTIME	0	0	0	0	0	0	0	0	0	0	0	0
XCHTIME	8508	1	0	11431183	13322	680444	680188	0	10057229	124758782000640	124758782068720	24272
XCHTIME	0	0	0	0	0	0	0	0	0	0	0	0
XCHTIME	8508	2	3	11340466	13059	665040	1357052	1622	9303693	124758782000640	124758782068720	24272
XCHTIME	0	0	0	0	0	0	0	0	0	0	0	0
XCHTIME	8508	1	0	11773647	14074	671255	684631	0	10403687	124758782000640	124758782068720	24272
XCHTIME	0	0	0	0	0	0	0	0	0	0	0	0
XCHTIME	8508	1	0	11711501	13514	665916	682421	0	10349650	124758782000640	124758782068720	24272
XCHTIME	0	0	0	0	0	0	0	0	0	0	0	0
XCHTIME	8508	1	0	9764309	12968	685720	681774	0	8383847	124758782000640	124758782068720	24272
XCHTIME	0	0	0	0	0	0	0	0	0	0	0	0
XCHTIME	8508	2	3	10633175	12805	690473	1312540	1650	8615707	124758782000640	124758782068720	24272
LIFT	rsyn0840m04m	8508	4368	17360	4368
COUNTS	rsyn0840m04m	8508	24272	229914	185785
XCHTIME	0	0	0	0	0	0	0	0	0	0	0	0
XCHTIME	11716	1	0	5904752	2664648	929623	906389	0	1404092	124758993790432	124758993884176	37660
XCHTIME	0	0	0	0	0	0	0	0	0	0	0	0
XCHTIME	11716	1	0	5785077	20815	941536	895664	0	3927062	124758993790432	124758993884176	37660
XCHTIME	0	0	0	0	0	0	0	0	0	0	0	0
XCHTIME	11716	1	0	4818725	20042	984935	889146	0	2924602	124758993790432	124758993884176	37660
XCHTIME	0	0	0	0	0	0	0	0	0	0	0	0
XCHTIME	11716	1	0	10803563	20994	945701	895084	0	8941784	124758993790432	124758993884176	37660
LADGATE	11716	10000	0.601	0
XCHTIME	0	0	0	0	0	0	0	0	0	0	0	0
XCHTIME	11716	5	26	61751258	19631	998948	4604382	12599	56115698	124758993790432	124758993884176	37660
XCHTIME	0	0	0	0	0	0	0	0	0	0	0	0
XCHTIME	11716	1	0	6078220	21947	965456	900133	0	4190684	124758993790432	124758993884176	37660
XCHTIME	0	0	0	0	0	0	0	0	0	0	0	0
XCHTIME	11716	1	0	5669290	21142	938159	891457	0	3818532	124758993790432	124758993884176	37660
XCHTIME	0	0	0	0	0	0	0	0	0	0	0	0
XCHTIME	11716	2	3	9597675	20317	991948	1823896	2050	6759464	124758993790432	124758993884176	37660
XCHTIME	0	0	0	0	0	0	0	0	0	0	0	0
XCHTIME	11716	1	0	10871771	21955	991240	886134	0	8972442	124758993790432	124758993884176	37660
XCHTIME	0	0	0	0	0	0	0	0	0	0	0	0
XCHTIME	11716	2	3	9850376	19099	993129	1862274	1841	6974033	124758993790432	124758993884176	37660
XCHTIME	0	0	0	0	0	0	0	0	0	0	0	0
XCHTIME	11716	1	0	9335178	20829	944016	900522	0	7469811	124758993790432	124758993884176	37660
XCHTIME	0	0	0	0	0	0	0	0	0	0	0	0
XCHTIME	11716	1	0	10279078	20188	962325	951559	0	8345006	124758993790432	124758993884176	37660
XCHTIME	0	0	0	0	0	0	0	0	0	0	0	0
XCHTIME	11716	1	0	10966091	20674	989499	936518	0	9019400	124758993790432	124758993884176	37660
XCHTIME	0	0	0	0	0	0	0	0	0	0	0	0
XCHTIME	11716	2	3	9832332	20418	955451	1853551	2095	7000817	124758993790432	124758993884176	37660
LIFT	mpbp_21	11716	6945	28072	6945
COUNTS	mpbp_21	11716	37660	1691114	1456963
XCHTIME	0	0	0	0	0	0	0	0	0	0	0	0
XCHTIME	172	2	4	129097	8002	694	461	108	119832	124758978720352	124758781849760	1096
XCHTIME	0	0	0	0	0	0	0	0	0	0	0	0
XCHTIME	172	2	6	1494191	326	796	495	161	1492413	124758978720352	124758781849760	1096
XCHTIME	0	0	0	0	0	0	0	0	0	0	0	0
XCHTIME	172	2	5	438618	495	1019	551	161	436392	124758978720352	124758781849760	1096
XCHTIME	0	0	0	0	0	0	0	0	0	0	0	0
XCHTIME	172	4	18	2870619	373	732	1173	433	2867908	124758978720352	124758781849760	1096
LADGATE	172	10000	0.218	1
XCHTIME	0	0	0	0	0	0	0	0	0	0	0	0
XCHTIME	172	5	26	3633096	680	1547	1431	683	3628755	124758978720352	124758781849760	1096
XCHTIME	0	0	0	0	0	0	0	0	0	0	0	0
XCHTIME	172	4	66	108955	440	930	792	1415	105378	124758978720352	124758781849760	1096
XCHTIME	0	0	0	0	0	0	0	0	0	0	0	0
XCHTIME	172	4	15	414436	392	1333	941	311	411459	124758978720352	124758781849760	1096
XCHTIME	0	0	0	0	0	0	0	0	0	0	0	0
XCHTIME	172	4	10	200355	236	888	755	284	198192	124758978720352	124758781849760	1096
XCHTIME	0	0	0	0	0	0	0	0	0	0	0	0
XCHTIME	172	4	18	2839700	211	777	948	481	2837283	124758978720352	124758781849760	1096
XCHTIME	0	0	0	0	0	0	0	0	0	0	0	0
XCHTIME	172	4	11	108970	414	1362	698	248	106248	124758978720352	124758781849760	1096
XCHTIME	0	0	0	0	0	0	0	0	0	0	0	0
XCHTIME	172	4	14	869438	277	689	932	323	867217	124758978720352	124758781849760	1096
XCHTIME	0	0	0	0	0	0	0	0	0	0	0	0
XCHTIME	172	4	13	1518451	439	632	826	367	1516187	124758978720352	124758781849760	1096
XCHTIME	0	0	0	0	0	0	0	0	0	0	0	0
XCHTIME	172	4	16	11399459	394	1349	1787	631	11395298	124758978720352	124758781849760	1096
XCHTIME	0	0	0	0	0	0	0	0	0	0	0	0
XCHTIME	172	4	6	77231	791	1653	758	146	73883	124758978720352	124758781849760	1096
LIFT	orth_d4m6_pl	172	92	896	92
COUNTS	orth_d4m6_pl	172	1096	10938	10703
XCHTIME	0	0	0	0	0	0	0	0	0	0	0	0
XCHTIME	1681	2	4	2765922	40965	17863	16107	400	2690587	124759001980400	124758993585280	7432
XCHTIME	0	0	0	0	0	0	0	0	0	0	0	0
XCHTIME	1681	2	6	7496030	3269	13885	27943	914	7450019	124759001980400	124758993585280	7432
XCHTIME	0	0	0	0	0	0	0	0	0	0	0	0
XCHTIME	1681	2	5	5532572	3341	14117	22435	715	5491964	124759001980400	124758993585280	7432
XCHTIME	0	0	0	0	0	0	0	0	0	0	0	0
XCHTIME	1681	3	15	15252370	3031	14261	48160	1994	15184924	124759001980400	124758993585280	7432
LADGATE	1681	10000	0.524	1
XCHTIME	0	0	0	0	0	0	0	0	0	0	0	0
XCHTIME	1681	5	26	36462815	4056	26143	88703	3845	36340068	124759001980400	124758993585280	7432
XCHTIME	0	0	0	0	0	0	0	0	0	0	0	0
XCHTIME	1681	2	19	5197606	4002	22492	33188	1228	5136696	124759001980400	124758993585280	7432
XCHTIME	0	0	0	0	0	0	0	0	0	0	0	0
XCHTIME	1681	4	15	7275340	4085	13324	44584	1911	7211436	124759001980400	124758993585280	7432
XCHTIME	0	0	0	0	0	0	0	0	0	0	0	0
XCHTIME	1681	4	10	5533948	2527	15033	45518	1275	5469595	124759001980400	124758993585280	7432
XCHTIME	0	0	0	0	0	0	0	0	0	0	0	0
XCHTIME	1681	3	15	15357919	3468	8733	47420	1468	15296830	124759001980400	124758993585280	7432
XCHTIME	0	0	0	0	0	0	0	0	0	0	0	0
XCHTIME	1681	4	11	3887560	3847	15669	39122	1452	3827470	124759001980400	124758993585280	7432
XCHTIME	0	0	0	0	0	0	0	0	0	0	0	0
XCHTIME	1681	4	14	12277638	2226	10582	49173	1926	12213731	124759001980400	124758993585280	7432
XCHTIME	0	0	0	0	0	0	0	0	0	0	0	0
XCHTIME	1681	4	13	15233707	4136	19905	56229	2001	15151436	124759001980400	124758993585280	7432
XCHTIME	0	0	0	0	0	0	0	0	0	0	0	0
XCHTIME	1681	1	0	13434087	3305	17025	8426	0	13405331	124759001980400	124758993585280	7432
XCHTIME	0	0	0	0	0	0	0	0	0	0	0	0
XCHTIME	1681	4	6	2554838	4071	29918	41510	868	2478471	124759001980400	124758993585280	7432
LIFT	kall_circlespolygons_c1p5b	1681	1245	6560	1245
COUNTS	kall_circlespolygons_c1p5b	1681	7432	201759	193841
LIFT	acopf_case9241pegase_qcqp	313068	201757	1141270	201757
COUNTS	acopf_case9241pegase_qcqp	313068	1292408	34647355	33736789
XCHTIME	0	0	0	0	0	0	0	0	0	0	0	0
XCHTIME	33	2	4	63366	2252	934	221	122	59837	124758944463600	124758956561232	82
XCHTIME	0	0	0	0	0	0	0	0	0	0	0	0
XCHTIME	33	2	6	337151	198	486	175	279	336013	124758944463600	124758956561232	82
XCHTIME	0	0	0	0	0	0	0	0	0	0	0	0
XCHTIME	33	2	5	137229	548	515	134	181	135851	124758944463600	124758956561232	82
XCHTIME	0	0	0	0	0	0	0	0	0	0	0	0
XCHTIME	33	4	18	528644	188	687	270	525	526974	124758944463600	124758956561232	82
LADGATE	33	10000	0.170	1
XCHTIME	0	0	0	0	0	0	0	0	0	0	0	0
XCHTIME	33	5	26	945468	406	658	501	690	943213	124758944463600	124758956561232	82
XCHTIME	0	0	0	0	0	0	0	0	0	0	0	0
XCHTIME	33	4	61	1351007	314	631	501	1901	1347660	124758944463600	124758956561232	82
XCHTIME	0	0	0	0	0	0	0	0	0	0	0	0
XCHTIME	33	4	15	135036	364	1248	299	404	132721	124758944463600	124758956561232	82
XCHTIME	0	0	0	0	0	0	0	0	0	0	0	0
XCHTIME	33	4	10	93273	203	600	262	248	91960	124758944463600	124758956561232	82
XCHTIME	0	0	0	0	0	0	0	0	0	0	0	0
XCHTIME	33	4	18	515263	90	410	394	536	513833	124758944463600	124758956561232	82
XCHTIME	0	0	0	0	0	0	0	0	0	0	0	0
XCHTIME	33	4	11	63830	568	665	252	309	62036	124758944463600	124758956561232	82
XCHTIME	0	0	0	0	0	0	0	0	0	0	0	0
XCHTIME	33	4	14	268694	87	1030	653	371	266553	124758944463600	124758956561232	82
XCHTIME	0	0	0	0	0	0	0	0	0	0	0	0
XCHTIME	33	4	13	433392	257	714	776	537	431108	124758944463600	124758956561232	82
XCHTIME	0	0	0	0	0	0	0	0	0	0	0	0
XCHTIME	33	4	16	2451065	560	1226	460	647	2448172	124758944463600	124758956561232	82
XCHTIME	0	0	0	0	0	0	0	0	0	0	0	0
XCHTIME	33	4	6	43002	489	700	258	183	41372	124758944463600	124758956561232	82
LIFT	ex1223	33	18	54	18
COUNTS	ex1223	33	82	244	244
XCHTIME	0	0	0	0	0	0	0	0	0	0	0	0
XCHTIME	10	2	4	29626	2212	781	99	182	26352	124758945955872	124758956533360	48
XCHTIME	0	0	0	0	0	0	0	0	0	0	0	0
XCHTIME	10	2	6	80897	296	385	65	247	79904	124758945955872	124758956533360	48
XCHTIME	0	0	0	0	0	0	0	0	0	0	0	0
XCHTIME	10	2	5	77417	159	361	67	225	76605	124758945955872	124758956533360	48
XCHTIME	0	0	0	0	0	0	0	0	0	0	0	0
XCHTIME	10	4	18	85657	117	280	112	656	84492	124758945955872	124758956533360	48
LADGATE	10	10000	0.121	1
XCHTIME	0	0	0	0	0	0	0	0	0	0	0	0
XCHTIME	10	4	10	51460	358	440	142	404	50116	124758945955872	124758956533360	48
XCHTIME	0	0	0	0	0	0	0	0	0	0	0	0
XCHTIME	10	4	29	77442	118	243	114	945	76022	124758945955872	124758956533360	48
XCHTIME	0	0	0	0	0	0	0	0	0	0	0	0
XCHTIME	10	4	15	54257	106	390	113	458	53190	124758945955872	124758956533360	48
XCHTIME	0	0	0	0	0	0	0	0	0	0	0	0
XCHTIME	10	4	10	46285	89	305	111	327	45453	124758945955872	124758956533360	48
XCHTIME	0	0	0	0	0	0	0	0	0	0	0	0
XCHTIME	10	4	18	84400	65	272	115	548	83400	124758945955872	124758956533360	48
XCHTIME	0	0	0	0	0	0	0	0	0	0	0	0
XCHTIME	10	4	11	29108	67	264	107	361	28309	124758945955872	124758956533360	48
XCHTIME	0	0	0	0	0	0	0	0	0	0	0	0
XCHTIME	10	4	14	97652	88	227	105	544	96688	124758945955872	124758956533360	48
XCHTIME	0	0	0	0	0	0	0	0	0	0	0	0
XCHTIME	10	4	13	116437	97	335	111	468	115426	124758945955872	124758956533360	48
XCHTIME	0	0	0	0	0	0	0	0	0	0	0	0
XCHTIME	10	4	16	112779	96	314	119	531	111719	124758945955872	124758956533360	48
XCHTIME	0	0	0	0	0	0	0	0	0	0	0	0
XCHTIME	10	4	6	16238	85	298	103	202	15550	124758945955872	124758956533360	48
COUNTS	ex6_1_4	10	48	197	153
XCHTIME	0	0	0	0	0	0	0	0	0	0	0	0
XCHTIME	403	2	4	233101	12358	2092	1695	212	216744	124758976178960	124758779246464	1630
XCHTIME	0	0	0	0	0	0	0	0	0	0	0	0
XCHTIME	403	2	6	1409602	408	1115	1544	238	1406297	124758976178960	124758779246464	1630
XCHTIME	0	0	0	0	0	0	0	0	0	0	0	0
XCHTIME	403	2	5	491604	612	1853	1513	245	487381	124758976178960	124758779246464	1630
XCHTIME	0	0	0	0	0	0	0	0	0	0	0	0
XCHTIME	403	4	18	2586885	368	1233	3307	639	2581338	124758976178960	124758779246464	1630
LADGATE	403	10000	0.269	1
XCHTIME	0	0	0	0	0	0	0	0	0	0	0	0
XCHTIME	403	5	26	3215715	913	2358	3786	996	3207662	124758976178960	124758779246464	1630
XCHTIME	0	0	0	0	0	0	0	0	0	0	0	0
XCHTIME	403	4	66	1847527	459	1585	3137	2006	1840340	124758976178960	124758779246464	1630
XCHTIME	0	0	0	0	0	0	0	0	0	0	0	0
XCHTIME	403	4	15	579666	656	1597	3227	515	573671	124758976178960	124758779246464	1630
XCHTIME	0	0	0	0	0	0	0	0	0	0	0	0
XCHTIME	403	4	10	411376	520	1138	3194	359	406165	124758976178960	124758779246464	1630
XCHTIME	0	0	0	0	0	0	0	0	0	0	0	0
XCHTIME	403	4	18	2570551	406	1152	3382	658	2564953	124758976178960	124758779246464	1630
XCHTIME	0	0	0	0	0	0	0	0	0	0	0	0
XCHTIME	403	4	11	285020	427	1466	2953	428	279746	124758976178960	124758779246464	1630
XCHTIME	0	0	0	0	0	0	0	0	0	0	0	0
XCHTIME	403	4	14	929383	352	1190	2916	493	924432	124758976178960	124758779246464	1630
XCHTIME	0	0	0	0	0	0	0	0	0	0	0	0
XCHTIME	403	4	13	1423429	384	1271	2815	438	1418521	124758976178960	124758779246464	1630
XCHTIME	0	0	0	0	0	0	0	0	0	0	0	0
XCHTIME	403	4	16	7910093	372	1338	4981	824	7902578	124758976178960	124758779246464	1630
XCHTIME	0	0	0	0	0	0	0	0	0	0	0	0
XCHTIME	403	4	6	218218	1128	2530	2903	235	211422	124758976178960	124758779246464	1630
LIFT	powerflow0014r	403	234	1432	234
COUNTS	powerflow0014r	403	1630	10761	10361
XCHTIME	0	0	0	0	0	0	0	0	0	0	0	0
XCHTIME	2065	2	4	1610024	90811	15018	29184	576	1474435	124758993767104	124758994342944	31132
XCHTIME	0	0	0	0	0	0	0	0	0	0	0	0
XCHTIME	2065	1	0	7344904	7970	15603	11603	0	7309728	124758993767104	124758994342944	31132
XCHTIME	0	0	0	0	0	0	0	0	0	0	0	0
XCHTIME	2065	2	5	4395714	11695	38354	37563	873	4307229	124758993767104	124758994342944	31132
XCHTIME	0	0	0	0	0	0	0	0	0	0	0	0
XCHTIME	2065	2	5	14819743	9373	21392	45470	1093	14742415	124758993767104	124758994342944	31132
LADGATE	2065	10000	0.255	1
XCHTIME	0	0	0	0	0	0	0	0	0	0	0	0
XCHTIME	2065	5	26	39958287	11345	36836	135115	4685	39770306	124758993767104	124758994342944	31132
XCHTIME	0	0	0	0	0	0	0	0	0	0	0	0
XCHTIME	2065	4	66	3790861	15224	40681	91873	7550	3635533	124758993767104	124758994342944	31132
XCHTIME	0	0	0	0	0	0	0	0	0	0	0	0
XCHTIME	2065	4	15	4859127	11777	20931	69327	2606	4754486	124758993767104	124758994342944	31132
XCHTIME	0	0	0	0	0	0	0	0	0	0	0	0
XCHTIME	2065	4	10	3111567	8613	19452	59726	1642	3022134	124758993767104	124758994342944	31132
XCHTIME	0	0	0	0	0	0	0	0	0	0	0	0
XCHTIME	2065	2	5	14847599	7939	21387	44819	1163	14772291	124758993767104	124758994342944	31132
XCHTIME	0	0	0	0	0	0	0	0	0	0	0	0
XCHTIME	2065	4	11	2742624	11436	36560	73391	1678	2619559	124758993767104	124758994342944	31132
XCHTIME	0	0	0	0	0	0	0	0	0	0	0	0
XCHTIME	2065	4	14	9690164	9614	16131	66191	1839	9596389	124758993767104	124758994342944	31132
XCHTIME	0	0	0	0	0	0	0	0	0	0	0	0
XCHTIME	2065	4	13	13564545	9039	20874	82638	2483	13449511	124758993767104	124758994342944	31132
XCHTIME	0	0	0	0	0	0	0	0	0	0	0	0
XCHTIME	2065	1	0	15299684	9848	17902	12686	0	15259248	124758993767104	124758994342944	31132
XCHTIME	0	0	0	0	0	0	0	0	0	0	0	0
XCHTIME	2065	4	6	2448473	13881	52536	63380	862	2317814	124758993767104	124758994342944	31132
LIFT	knp5-43	2065	1119	29756	1119
COUNTS	knp5-43	2065	31132	3517788	3517788
XCHTIME	0	0	0	0	0	0	0	0	0	0	0	0
XCHTIME	21688	0	0	0	0	0	0	0	0	124758995508672	124758600450128	89702
XCHTIME	0	0	0	0	0	0	0	0	0	0	0	0
XCHTIME	21688	0	0	34038575	17698962	16339613	0	0	0	124758995508672	124758600450128	89702
XCHTIME	0	0	0	0	0	0	0	0	0	0	0	0
XCHTIME	21688	0	0	16100895	41692	16059203	0	0	0	124758995508672	124758600450128	89702
XCHTIME	0	0	0	0	0	0	0	0	0	0	0	0
XCHTIME	21688	1	0	22866263	41378	16222649	2824103	0	3778133	124758995508672	124758600450128	89702
LADGATE	21688	10000	0.688	0
XCHTIME	0	0	0	0	0	0	0	0	0	0	0	0
XCHTIME	21688	5	26	205575794	44303	16165509	14226572	19517	175119893	124758995508672	124758600450128	89702
LIFT	gabriel09	21688	11348	105698	11348
COUNTS	gabriel09	21688	89702	29373994	25565816
XCHTIME	0	0	0	0	0	0	0	0	0	0	0	0
XCHTIME	32	2	4	56463	3748	1493	193	130	50899	124758947421168	124758954120128	88
XCHTIME	0	0	0	0	0	0	0	0	0	0	0	0
XCHTIME	32	2	6	309421	232	367	127	155	308540	124758947421168	124758954120128	88
XCHTIME	0	0	0	0	0	0	0	0	0	0	0	0
XCHTIME	32	2	5	99143	268	490	108	157	98120	124758947421168	124758954120128	88
XCHTIME	0	0	0	0	0	0	0	0	0	0	0	0
XCHTIME	32	4	18	310711	133	383	230	517	309448	124758947421168	124758954120128	88
LADGATE	32	10000	0.164	1
XCHTIME	0	0	0	0	0	0	0	0	0	0	0	0
XCHTIME	32	5	26	626848	549	917	778	749	623855	124758947421168	124758954120128	88
XCHTIME	0	0	0	0	0	0	0	0	0	0	0	0
XCHTIME	32	4	60	630488	758	736	325	1687	626982	124758947421168	124758954120128	88
XCHTIME	0	0	0	0	0	0	0	0	0	0	0	0
XCHTIME	32	4	15	156664	223	689	245	367	155140	124758947421168	124758954120128	88
XCHTIME	0	0	0	0	0	0	0	0	0	0	0	0
XCHTIME	32	4	10	88145	170	412	221	226	87116	124758947421168	124758954120128	88
XCHTIME	0	0	0	0	0	0	0	0	0	0	0	0
XCHTIME	32	4	18	306906	100	348	243	448	305767	124758947421168	124758954120128	88
XCHTIME	0	0	0	0	0	0	0	0	0	0	0	0
XCHTIME	32	4	11	52960	126	507	219	251	51857	124758947421168	124758954120128	88
XCHTIME	0	0	0	0	0	0	0	0	0	0	0	0
XCHTIME	32	4	14	248564	123	297	227	365	247552	124758947421168	124758954120128	88
XCHTIME	0	0	0	0	0	0	0	0	0	0	0	0
XCHTIME	32	4	13	279145	138	631	248	323	277805	124758947421168	124758954120128	88
XCHTIME	0	0	0	0	0	0	0	0	0	0	0	0
XCHTIME	32	4	16	1461481	137	753	343	566	1459682	124758947421168	124758954120128	88
XCHTIME	0	0	0	0	0	0	0	0	0	0	0	0
XCHTIME	32	4	6	32862	213	526	203	144	31776	124758947421168	124758954120128	88
LIFT	tln2	32	18	60	18
COUNTS	tln2	32	88	233	233
XCHTIME	0	0	0	0	0	0	0	0	0	0	0	0
XCHTIME	22	2	4	2093354	2052554	7201	162	143	33294	124758937532224	124758956530880	76
XCHTIME	0	0	0	0	0	0	0	0	0	0	0	0
XCHTIME	22	2	6	343773	483	718	142	175	342255	124758937532224	124758956530880	76
XCHTIME	0	0	0	0	0	0	0	0	0	0	0	0
XCHTIME	22	2	5	87060	172	486	110	124	86168	124758937532224	124758956530880	76
XCHTIME	0	0	0	0	0	0	0	0	0	0	0	0
XCHTIME	22	4	18	414285	113	357	197	526	413092	124758937532224	124758956530880	76
LADGATE	22	10000	0.150	1
XCHTIME	0	0	0	0	0	0	0	0	0	0	0	0
XCHTIME	22	5	26	703621	340	530	309	771	701671	124758937532224	124758956530880	76
XCHTIME	0	0	0	0	0	0	0	0	0	0	0	0
XCHTIME	22	4	50	684105	122	409	167	1516	681891	124758937532224	124758956530880	76
XCHTIME	0	0	0	0	0	0	0	0	0	0	0	0
XCHTIME	22	4	15	122961	142	328	204	430	121857	124758937532224	124758956530880	76
XCHTIME	0	0	0	0	0	0	0	0	0	0	0	0
XCHTIME	22	4	10	53291	126	320	175	233	52437	124758937532224	124758956530880	76
XCHTIME	0	0	0	0	0	0	0	0	0	0	0	0
XCHTIME	22	4	18	404713	95	211	180	458	403769	124758937532224	124758956530880	76
XCHTIME	0	0	0	0	0	0	0	0	0	0	0	0
XCHTIME	22	4	11	34951	117	304	163	254	34113	124758937532224	124758956530880	76
XCHTIME	0	0	0	0	0	0	0	0	0	0	0	0
XCHTIME	22	4	14	235935	89	236	149	354	235107	124758937532224	124758956530880	76
XCHTIME	0	0	0	0	0	0	0	0	0	0	0	0
XCHTIME	22	4	13	406605	96	277	166	343	405723	124758937532224	124758956530880	76
XCHTIME	0	0	0	0	0	0	0	0	0	0	0	0
XCHTIME	22	4	16	1542417	128	283	359	483	1541164	124758937532224	124758956530880	76
XCHTIME	0	0	0	0	0	0	0	0	0	0	0	0
XCHTIME	22	4	6	24474	291	457	176	138	23412	124758937532224	124758956530880	76
COUNTS	prob02	22	76	267	232
XCHTIME	0	0	0	0	0	0	0	0	0	0	0	0
XCHTIME	1422	2	4	1462818	28755	5748	10319	219	1417777	124758779262864	124758782330880	4460
XCHTIME	0	0	0	0	0	0	0	0	0	0	0	0
XCHTIME	1422	2	6	7297249	914	5016	16432	593	7274294	124758779262864	124758782330880	4460
XCHTIME	0	0	0	0	0	0	0	0	0	0	0	0
XCHTIME	1422	2	5	4050714	2344	12425	18023	269	4017653	124758779262864	124758782330880	4460
XCHTIME	0	0	0	0	0	0	0	0	0	0	0	0
XCHTIME	1422	3	15	15049073	2064	8374	27980	1102	15009553	124758779262864	124758782330880	4460
LADGATE	1422	10000	0.334	1
XCHTIME	0	0	0	0	0	0	0	0	0	0	0	0
XCHTIME	1422	5	26	29896354	2797	12741	56625	1797	29822394	124758779262864	124758782330880	4460
XCHTIME	0	0	0	0	0	0	0	0	0	0	0	0
XCHTIME	1422	1	0	5128088	2713	13881	5680	0	5105814	124758779262864	124758782330880	4460
XCHTIME	0	0	0	0	0	0	0	0	0	0	0	0
XCHTIME	1422	4	15	4724023	2532	19708	23213	818	4677752	124758779262864	124758782330880	4460
XCHTIME	0	0	0	0	0	0	0	0	0	0	0	0
XCHTIME	1422	4	10	2704762	1648	6367	25164	562	2671021	124758779262864	124758782330880	4460
XCHTIME	0	0	0	0	0	0	0	0	0	0	0	0
XCHTIME	1422	3	15	15125210	2145	10426	29960	1163	15081516	124758779262864	124758782330880	4460
XCHTIME	0	0	0	0	0	0	0	0	0	0	0	0
XCHTIME	1422	4	11	1931698	2680	14429	23008	619	1890962	124758779262864	124758782330880	4460
XCHTIME	0	0	0	0	0	0	0	0	0	0	0	0
XCHTIME	1422	4	14	8040347	1299	7718	28718	811	8001801	124758779262864	124758782330880	4460
XCHTIME	0	0	0	0	0	0	0	0	0	0	0	0
XCHTIME	1422	4	13	13401155	1979	10950	37308	835	13350083	124758779262864	124758782330880	4460
XCHTIME	0	0	0	0	0	0	0	0	0	0	0	0
XCHTIME	1422	1	0	14746659	2513	10171	5568	0	14728407	124758779262864	124758782330880	4460
XCHTIME	0	0	0	0	0	0	0	0	0	0	0	0
XCHTIME	1422	4	6	1391530	2725	20711	24013	284	1343797	124758779262864	124758782330880	4460
LIFT	blend146	1422	826	3252	826
COUNTS	blend146	1422	4460	78102	64296
XCHTIME	0	0	0	0	0	0	0	0	0	0	0	0
XCHTIME	4518	1	0	2394480	355699	156058	165862	0	1716861	124758782497216	124758994953280	14492
XCHTIME	0	0	0	0	0	0	0	0	0	0	0	0
XCHTIME	4518	1	0	3379539	6057	140951	158254	0	3074277	124758782497216	124758994953280	14492
XCHTIME	0	0	0	0	0	0	0	0	0	0	0	0
XCHTIME	4518	1	0	2408810	7020	165329	154935	0	2081526	124758782497216	124758994953280	14492
XCHTIME	0	0	0	0	0	0	0	0	0	0	0	0
XCHTIME	4518	1	0	11242509	6608	154220	163215	0	10918466	124758782497216	124758994953280	14492
LADGATE	4518	10000	0.449	1
XCHTIME	0	0	0	0	0	0	0	0	0	0	0	0
XCHTIME	4518	5	26	50209589	7784	197914	818819	10396	49174676	124758782497216	124758994953280	14492
XCHTIME	0	0	0	0	0	0	0	0	0	0	0	0
XCHTIME	4518	4	66	4844486	6874	171524	620221	11915	4033952	124758782497216	124758994953280	14492
XCHTIME	0	0	0	0	0	0	0	0	0	0	0	0
XCHTIME	4518	4	15	5197342	7575	165742	584813	4121	4435091	124758782497216	124758994953280	14492
XCHTIME	0	0	0	0	0	0	0	0	0	0	0	0
XCHTIME	4518	4	10	5116877	6651	149727	605873	2990	4351636	124758782497216	124758994953280	14492
XCHTIME	0	0	0	0	0	0	0	0	0	0	0	0
XCHTIME	4518	3	15	11764576	6709	161630	473623	3556	11119058	124758782497216	124758994953280	14492
XCHTIME	0	0	0	0	0	0	0	0	0	0	0	0
XCHTIME	4518	4	11	4690298	6556	157910	592451	3273	3930108	124758782497216	124758994953280	14492
XCHTIME	0	0	0	0	0	0	0	0	0	0	0	0
XCHTIME	4518	4	14	8620683	6672	156265	621945	4263	7831538	124758782497216	124758994953280	14492
XCHTIME	0	0	0	0	0	0	0	0	0	0	0	0
XCHTIME	4518	4	13	11533958	7921	155473	621442	3421	10745701	124758782497216	124758994953280	14492
XCHTIME	0	0	0	0	0	0	0	0	0	0	0	0
XCHTIME	4518	1	0	10710225	6539	162274	153734	0	10387678	124758782497216	124758994953280	14492
XCHTIME	0	0	0	0	0	0	0	0	0	0	0	0
XCHTIME	4518	4	6	4393213	6991	167942	605791	1792	3610697	124758782497216	124758994953280	14492
LIFT	mpbp_46	4518	2728	10872	2728
COUNTS	mpbp_46	4518	14492	499547	447603
XCHTIME	0	0	0	0	0	0	0	0	0	0	0	0
XCHTIME	413	2	4	645265	13072	3000	1910	156	627127	124758974604128	124758775943296	2860
XCHTIME	0	0	0	0	0	0	0	0	0	0	0	0
XCHTIME	413	2	6	3825900	547	1700	1634	178	3821841	124758974604128	124758775943296	2860
XCHTIME	0	0	0	0	0	0	0	0	0	0	0	0
XCHTIME	413	2	5	1426796	1026	1926	1640	146	1422058	124758974604128	124758775943296	2860
XCHTIME	0	0	0	0	0	0	0	0	0	0	0	0
XCHTIME	413	4	18	8291641	809	1754	3217	623	8285238	124758974604128	124758775943296	2860
LADGATE	413	10000	0.334	1
XCHTIME	0	0	0	0	0	0	0	0	0	0	0	0
XCHTIME	413	5	26	9290272	1282	2481	4025	785	9281699	124758974604128	124758775943296	2860
XCHTIME	0	0	0	0	0	0	0	0	0	0	0	0
XCHTIME	413	4	66	2595560	1005	1643	5005	3224	2584683	124758974604128	124758775943296	2860
XCHTIME	0	0	0	0	0	0	0	0	0	0	0	0
XCHTIME	413	4	15	1808546	918	2019	6084	384	1799141	124758974604128	124758775943296	2860
XCHTIME	0	0	0	0	0	0	0	0	0	0	0	0
XCHTIME	413	4	10	1180639	569	1634	3307	285	1174844	124758974604128	124758775943296	2860
XCHTIME	0	0	0	0	0	0	0	0	0	0	0	0
XCHTIME	413	4	18	8285989	559	1609	3357	631	8279833	124758974604128	124758775943296	2860
XCHTIME	0	0	0	0	0	0	0	0	0	0	0	0
XCHTIME	413	4	11	778372	1100	2890	3803	326	770253	124758974604128	124758775943296	2860
XCHTIME	0	0	0	0	0	0	0	0	0	0	0	0
XCHTIME	413	4	14	2793616	1039	2046	3189	369	2786973	124758974604128	124758775943296	2860
XCHTIME	0	0	0	0	0	0	0	0	0	0	0	0
XCHTIME	413	4	13	4340295	712	1610	3328	382	4334263	124758974604128	124758775943296	2860
XCHTIME	0	0	0	0	0	0	0	0	0	0	0	0
XCHTIME	413	4	16	17967256	960	1786	5815	1096	17957599	124758974604128	124758775943296	2860
XCHTIME	0	0	0	0	0	0	0	0	0	0	0	0
XCHTIME	413	4	6	487688	2068	2491	3081	183	479865	124758974604128	124758775943296	2860
LIFT	tls6	413	291	2630	291
COUNTS	tls6	413	2860	18483	17511
XCHTIME	0	0	0	0	0	0	0	0	0	0	0	0
XCHTIME	21925	0	0	0	0	0	0	0	0	124758997239968	124758997415392	52300
XCHTIME	0	0	0	0	0	0	0	0	0	0	0	0
XCHTIME	21925	0	0	34801960	18216448	16585512	0	0	0	124758997239968	124758997415392	52300
XCHTIME	0	0	0	0	0	0	0	0	0	0	0	0
XCHTIME	21925	0	0	16390209	29312	16360897	0	0	0	124758997239968	124758997415392	52300
XCHTIME	0	0	0	0	0	0	0	0	0	0	0	0
XCHTIME	21925	1	0	22455263	27665	16288307	2934599	0	3204692	124758997239968	124758997415392	52300
LADGATE	21925	10000	0.438	0
XCHTIME	0	0	0	0	0	0	0	0	0	0	0	0
XCHTIME	21925	5	26	116830243	32198	16365425	14707182	17470	85707968	124758997239968	124758997415392	52300
XCHTIME	0	0	0	0	0	0	0	0	0	0	0	0
XCHTIME	21925	0	0	16399408	30823	16368585	0	0	0	124758997239968	124758997415392	52300
XCHTIME	0	0	0	0	0	0	0	0	0	0	0	0
XCHTIME	21925	0	0	16414092	26215	16387877	0	0	0	124758997239968	124758997415392	52300
XCHTIME	0	0	0	0	0	0	0	0	0	0	0	0
XCHTIME	21925	1	0	22443660	26688	16241545	2895069	0	3280358	124758997239968	124758997415392	52300
XCHTIME	0	0	0	0	0	0	0	0	0	0	0	0
XCHTIME	21925	1	0	22569532	27894	16405951	2893358	0	3242329	124758997239968	124758997415392	52300
XCHTIME	0	0	0	0	0	0	0	0	0	0	0	0
XCHTIME	21925	1	0	22549426	29404	16267180	2904781	0	3348061	124758997239968	124758997415392	52300
XCHTIME	0	0	0	0	0	0	0	0	0	0	0	0
XCHTIME	21925	1	0	22499705	28685	16320950	2890456	0	3259614	124758997239968	124758997415392	52300
XCHTIME	0	0	0	0	0	0	0	0	0	0	0	0
XCHTIME	21925	1	0	22630158	27161	16334983	2894085	0	3373929	124758997239968	124758997415392	52300
XCHTIME	0	0	0	0	0	0	0	0	0	0	0	0
XCHTIME	21925	1	0	22606458	28594	16365886	2906697	0	3305281	124758997239968	124758997415392	52300
XCHTIME	0	0	0	0	0	0	0	0	0	0	0	0
XCHTIME	21925	1	0	22305536	30596	16271415	2902024	0	3101501	124758997239968	124758997415392	52300
LIFT	emfl100_5_5	21925	9425	27300	9425
COUNTS	emfl100_5_5	21925	52300	221650	221650
XCHTIME	0	0	0	0	0	0	0	0	0	0	0	0
XCHTIME	341	2	4	636480	78717	1827	1094	280	554562	124758778947200	124758599401536	44264
XCHTIME	0	0	0	0	0	0	0	0	0	0	0	0
XCHTIME	341	2	6	10738404	5588	1341	1410	465	10729600	124758778947200	124758599401536	44264
XCHTIME	0	0	0	0	0	0	0	0	0	0	0	0
XCHTIME	341	2	5	3416894	10881	2771	1218	362	3401662	124758778947200	124758599401536	44264
XCHTIME	0	0	0	0	0	0	0	0	0	0	0	0
XCHTIME	341	4	18	21731110	10340	2729	3151	1244	21713646	124758778947200	124758599401536	44264
LADGATE	341	10000	0.164	1
XCHTIME	0	0	0	0	0	0	0	0	0	0	0	0
XCHTIME	341	4	10	1119170	11625	2619	2534	720	1101672	124758778947200	124758599401536	44264
XCHTIME	0	0	0	0	0	0	0	0	0	0	0	0
XCHTIME	341	4	66	324778	10069	2894	1790	3439	306586	124758778947200	124758599401536	44264
XCHTIME	0	0	0	0	0	0	0	0	0	0	0	0
XCHTIME	341	4	15	3079069	5740	2140	2623	877	3067689	124758778947200	124758599401536	44264
XCHTIME	0	0	0	0	0	0	0	0	0	0	0	0
XCHTIME	341	4	10	1180534	8882	2196	3344	703	1165409	124758778947200	124758599401536	44264
XCHTIME	0	0	0	0	0	0	0	0	0	0	0	0
XCHTIME	341	4	18	21694838	13340	3306	3372	1464	21673356	124758778947200	124758599401536	44264
XCHTIME	0	0	0	0	0	0	0	0	0	0	0	0
XCHTIME	341	4	11	752274	11647	3029	2030	709	734859	124758778947200	124758599401536	44264
XCHTIME	0	0	0	0	0	0	0	0	0	0	0	0
XCHTIME	341	4	14	6717586	6377	1626	2536	942	6706105	124758778947200	124758599401536	44264
XCHTIME	0	0	0	0	0	0	0	0	0	0	0	0
XCHTIME	341	4	13	13769025	10614	2386	3289	1015	13751721	124758778947200	124758599401536	44264
XCHTIME	0	0	0	0	0	0	0	0	0	0	0	0
XCHTIME	341	1	0	21039991	13186	2721	547	0	21023537	124758778947200	124758599401536	44264
XCHTIME	0	0	0	0	0	0	0	0	0	0	0	0
XCHTIME	341	4	6	577290	13758	3340	2251	425	557516	124758778947200	124758599401536	44264
LIFT	qspp_0_11_0_1_10_1	341	220	43506	220
COUNTS	qspp_0_11_0_1_10_1	341	44264	3563707	3531915
XCHTIME	0	0	0	0	0	0	0	0	0	0	0	0
XCHTIME	403	2	4	2388761	2196621	4913	1757	145	185325	124758948255616	124758995682192	1484
XCHTIME	0	0	0	0	0	0	0	0	0	0	0	0
XCHTIME	403	2	6	1575482	776	1832	1686	175	1571013	124758948255616	124758995682192	1484
XCHTIME	0	0	0	0	0	0	0	0	0	0	0	0
XCHTIME	403	2	5	448070	546	1468	1569	135	444352	124758948255616	124758995682192	1484
XCHTIME	0	0	0	0	0	0	0	0	0	0	0	0
XCHTIME	403	4	18	3090759	340	1352	3249	477	3085341	124758948255616	124758995682192	1484
LADGATE	403	10000	0.254	1
XCHTIME	0	0	0	0	0	0	0	0	0	0	0	0
XCHTIME	403	5	26	3778926	1060	2154	4045	733	3770934	124758948255616	124758995682192	1484
XCHTIME	0	0	0	0	0	0	0	0	0	0	0	0
XCHTIME	403	4	66	540858	855	1373	2861	1528	534241	124758948255616	124758995682192	1484
XCHTIME	0	0	0	0	0	0	0	0	0	0	0	0
XCHTIME	403	4	15	525307	369	1254	3259	343	520082	124758948255616	124758995682192	1484
XCHTIME	0	0	0	0	0	0	0	0	0	0	0	0
XCHTIME	403	4	10	320339	314	1194	3136	244	315451	124758948255616	124758995682192	1484
XCHTIME	0	0	0	0	0	0	0	0	0	0	0	0
XCHTIME	403	4	18	3114456	329	1190	2929	515	3109493	124758948255616	124758995682192	1484
XCHTIME	0	0	0	0	0	0	0	0	0	0	0	0
XCHTIME	403	4	11	207381	671	1302	3005	252	202151	124758948255616	124758995682192	1484
XCHTIME	0	0	0	0	0	0	0	0	0	0	0	0
XCHTIME	403	4	14	938837	328	1229	3014	317	933949	124758948255616	124758995682192	1484
XCHTIME	0	0	0	0	0	0	0	0	0	0	0	0
XCHTIME	403	4	13	1669895	426	1185	2855	368	1665061	124758948255616	124758995682192	1484
XCHTIME	0	0	0	0	0	0	0	0	0	0	0	0
XCHTIME	403	4	16	10091967	448	1302	5359	563	10084295	124758948255616	124758995682192	1484
XCHTIME	0	0	0	0	0	0	0	0	0	0	0	0
XCHTIME	403	4	6	173907	1192	2869	3271	181	166394	124758948255616	124758995682192	1484
LIFT	p_ball_10b_5p_4d_m	403	169	1116	169
COUNTS	p_ball_10b_5p_4d_m	403	1484	13581	13288
XCHTIME	0	0	0	0	0	0	0	0	0	0	0	0
XCHTIME	90	2	4	116962	5210	678	282	209	110583	124758936215072	124758995702176	840
XCHTIME	0	0	0	0	0	0	0	0	0	0	0	0
XCHTIME	90	2	6	1361212	288	755	262	281	1359626	124758936215072	124758995702176	840
XCHTIME	0	0	0	0	0	0	0	0	0	0	0	0
XCHTIME	90	2	5	353696	423	769	256	252	351996	124758936215072	124758995702176	840
XCHTIME	0	0	0	0	0	0	0	0	0	0	0	0
XCHTIME	90	4	18	2476176	247	566	527	791	2474045	124758936215072	124758995702176	840
LADGATE	90	10000	0.232	1
XCHTIME	0	0	0	0	0	0	0	0	0	0	0	0
XCHTIME	90	4	10	214169	564	1123	509	516	211457	124758936215072	124758995702176	840
XCHTIME	0	0	0	0	0	0	0	0	0	0	0	0
XCHTIME	90	4	66	27133	325	618	458	2462	23270	124758936215072	124758995702176	840
XCHTIME	0	0	0	0	0	0	0	0	0	0	0	0
XCHTIME	90	4	15	404656	214	541	527	677	402697	124758936215072	124758995702176	840
XCHTIME	0	0	0	0	0	0	0	0	0	0	0	0
XCHTIME	90	4	10	208699	210	487	505	391	207106	124758936215072	124758995702176	840
XCHTIME	0	0	0	0	0	0	0	0	0	0	0	0
XCHTIME	90	4	18	2464853	194	574	504	804	2462777	124758936215072	124758995702176	840
XCHTIME	0	0	0	0	0	0	0	0	0	0	0	0
XCHTIME	90	4	11	113359	415	713	631	542	111058	124758936215072	124758995702176	840
XCHTIME	0	0	0	0	0	0	0	0	0	0	0	0
XCHTIME	90	4	14	697033	226	817	749	610	694631	124758936215072	124758995702176	840
XCHTIME	0	0	0	0	0	0	0	0	0	0	0	0
XCHTIME	90	4	13	1236932	465	904	751	542	1234270	124758936215072	124758995702176	840
XCHTIME	0	0	0	0	0	0	0	0	0	0	0	0
XCHTIME	90	4	16	8150402	414	712	1344	815	8147117	124758936215072	124758995702176	840
XCHTIME	0	0	0	0	0	0	0	0	0	0	0	0
XCHTIME	90	4	6	62262	568	1140	571	288	59695	124758936215072	124758995702176	840
LIFT	st_rv9	90	70	800	70
COUNTS	st_rv9	90	840	6691	6321
XCHTIME	0	0	0	0	0	0	0	0	0	0	0	0
XCHTIME	3486	1	0	2365016	193993	70370	85713	0	2014940	124758993691792	124758995182672	9576
XCHTIME	0	0	0	0	0	0	0	0	0	0	0	0
XCHTIME	3486	1	0	4257433	3622	83279	72173	0	4098359	124758993691792	124758995182672	9576
XCHTIME	0	0	0	0	0	0	0	0	0	0	0	0
XCHTIME	3486	1	0	3068405	4430	86585	80000	0	2897390	124758993691792	124758995182672	9576
XCHTIME	0	0	0	0	0	0	0	0	0	0	0	0
XCHTIME	3486	1	0	10845967	3780	83144	70596	0	10688447	124758993691792	124758995182672	9576
LADGATE	3486	10000	0.490	1
XCHTIME	0	0	0	0	0	0	0	0	0	0	0	0
XCHTIME	3486	5	26	59802258	5324	109242	453396	6069	59228227	124758993691792	124758995182672	9576
XCHTIME	0	0	0	0	0	0	0	0	0	0	0	0
XCHTIME	3486	2	19	5357788	5640	108641	155048	3107	5085352	124758993691792	124758995182672	9576
XCHTIME	0	0	0	0	0	0	0	0	0	0	0	0
XCHTIME	3486	2	4	6480198	5090	95424	150746	1245	6227693	124758993691792	124758995182672	9576
XCHTIME	0	0	0	0	0	0	0	0	0	0	0	0
XCHTIME	3486	4	10	8030374	4245	82196	295813	2759	7645361	124758993691792	124758995182672	9576
XCHTIME	0	0	0	0	0	0	0	0	0	0	0	0
XCHTIME	3486	1	0	10922142	3841	78617	71601	0	10768083	124758993691792	124758995182672	9576
XCHTIME	0	0	0	0	0	0	0	0	0	0	0	0
XCHTIME	3486	4	11	6233819	4263	88114	305692	2599	5833151	124758993691792	124758995182672	9576
XCHTIME	0	0	0	0	0	0	0	0	0	0	0	0
XCHTIME	3486	3	12	12362254	5310	74995	242844	3552	12035553	124758993691792	124758995182672	9576
XCHTIME	0	0	0	0	0	0	0	0	0	0	0	0
XCHTIME	3486	2	4	11779999	4257	74968	164511	1213	11535050	124758993691792	124758995182672	9576
XCHTIME	0	0	0	0	0	0	0	0	0	0	0	0
XCHTIME	3486	1	0	9729965	5192	84474	71188	0	9569111	124758993691792	124758995182672	9576
XCHTIME	0	0	0	0	0	0	0	0	0	0	0	0
XCHTIME	3486	4	6	4813482	5634	108048	285825	1358	4412617	124758993691792	124758995182672	9576
LIFT	rsyn0840m02m	3486	1876	6568	1876
COUNTS	rsyn0840m02m	3486	9576	47529	44981
XCHTIME	0	0	0	0	0	0	0	0	0	0	0	0
XCHTIME	22	2	4	52500	1998	408	154	191	49749	124758940727888	124758974607456	84
XCHTIME	0	0	0	0	0	0	0	0	0	0	0	0
XCHTIME	22	2	6	367963	342	368	127	212	366914	124758940727888	124758974607456	84
XCHTIME	0	0	0	0	0	0	0	0	0	0	0	0
XCHTIME	22	2	5	126177	153	311	104	165	125444	124758940727888	124758974607456	84
XCHTIME	0	0	0	0	0	0	0	0	0	0	0	0
XCHTIME	22	4	18	717863	133	293	198	602	716637	124758940727888	124758974607456	84
LADGATE	22	10000	0.154	1
XCHTIME	0	0	0	0	0	0	0	0	0	0	0	0
XCHTIME	22	5	26	1029685	583	438	283	878	1027503	124758940727888	124758974607456	84
XCHTIME	0	0	0	0	0	0	0	0	0	0	0	0
XCHTIME	22	4	50	681054	129	361	179	1610	678775	124758940727888	124758974607456	84
XCHTIME	0	0	0	0	0	0	0	0	0	0	0	0
XCHTIME	22	4	15	164524	256	346	188	501	163233	124758940727888	124758974607456	84
XCHTIME	0	0	0	0	0	0	0	0	0	0	0	0
XCHTIME	22	4	10	103353	113	306	217	299	102418	124758940727888	124758974607456	84
XCHTIME	0	0	0	0	0	0	0	0	0	0	0	0
XCHTIME	22	4	18	714564	93	272	266	845	713088	124758940727888	124758974607456	84
XCHTIME	0	0	0	0	0	0	0	0	0	0	0	0
XCHTIME	22	4	11	58462	174	238	173	349	57528	124758940727888	124758974607456	84
XCHTIME	0	0	0	0	0	0	0	0	0	0	0	0
XCHTIME	22	4	14	283841	90	222	179	395	282955	124758940727888	124758974607456	84
XCHTIME	0	0	0	0	0	0	0	0	0	0	0	0
XCHTIME	22	4	13	431045	91	234	199	368	430153	124758940727888	124758974607456	84
XCHTIME	0	0	0	0	0	0	0	0	0	0	0	0
XCHTIME	22	4	16	1616795	98	239	218	531	1615709	124758940727888	124758974607456	84
XCHTIME	0	0	0	0	0	0	0	0	0	0	0	0
XCHTIME	22	4	6	31893	379	513	166	197	30638	124758940727888	124758974607456	84
COUNTS	nvs05	22	84	277	266
COUNTS	autocorr_bern25-19	28	612	5278	5278
XCHTIME	0	0	0	0	0	0	0	0	0	0	0	0
XCHTIME	356	2	4	314658	9799	1213	1194	185	302267	124758781866160	124758976751104	1232
XCHTIME	0	0	0	0	0	0	0	0	0	0	0	0
XCHTIME	356	2	6	1900073	393	1266	1126	238	1897050	124758781866160	124758976751104	1232
XCHTIME	0	0	0	0	0	0	0	0	0	0	0	0
XCHTIME	356	2	5	767497	336	1300	1073	186	764602	124758781866160	124758976751104	1232
XCHTIME	0	0	0	0	0	0	0	0	0	0	0	0
XCHTIME	356	4	18	4521055	307	1194	2988	730	4515836	124758781866160	124758976751104	1232
LADGATE	356	10000	0.240	1
XCHTIME	0	0	0	0	0	0	0	0	0	0	0	0
XCHTIME	356	5	26	5815816	928	1987	3160	950	5808791	124758781866160	124758976751104	1232
XCHTIME	0	0	0	0	0	0	0	0	0	0	0	0
XCHTIME	356	4	66	5709480	424	1319	4050	2256	5701431	124758781866160	124758976751104	1232
XCHTIME	0	0	0	0	0	0	0	0	0	0	0	0
XCHTIME	356	4	15	875570	1037	2540	2578	618	868797	124758781866160	124758976751104	1232
XCHTIME	0	0	0	0	0	0	0	0	0	0	0	0
XCHTIME	356	4	10	523829	759	1432	2463	345	518830	124758781866160	124758976751104	1232
XCHTIME	0	0	0	0	0	0	0	0	0	0	0	0
XCHTIME	356	4	18	4508051	276	1255	2875	750	4502895	124758781866160	124758976751104	1232
XCHTIME	0	0	0	0	0	0	0	0	0	0	0	0
XCHTIME	356	4	11	269972	626	1455	2439	370	265082	124758781866160	124758976751104	1232
XCHTIME	0	0	0	0	0	0	0	0	0	0	0	0
XCHTIME	356	4	14	1424393	370	1158	2374	554	1419937	124758781866160	124758976751104	1232
XCHTIME	0	0	0	0	0	0	0	0	0	0	0	0
XCHTIME	356	4	13	2519160	444	1168	2261	530	2514757	124758781866160	124758976751104	1232
XCHTIME	0	0	0	0	0	0	0	0	0	0	0	0
XCHTIME	356	4	16	14100477	398	1260	8096	900	14089823	124758781866160	124758976751104	1232
XCHTIME	0	0	0	0	0	0	0	0	0	0	0	0
XCHTIME	356	4	6	200446	1759	2990	2416	237	193044	124758781866160	124758976751104	1232
LIFT	sssd20-08persp	356	140	800	140
COUNTS	sssd20-08persp	356	1232	4960	4960
XCHTIME	0	0	0	0	0	0	0	0	0	0	0	0
XCHTIME	827	2	4	538517	14000	2141	4141	171	518064	124758993783648	124758601826400	3804
XCHTIME	0	0	0	0	0	0	0	0	0	0	0	0
XCHTIME	827	2	6	5651835	750	2385	4782	376	5643542	124758993783648	124758601826400	3804
XCHTIME	0	0	0	0	0	0	0	0	0	0	0	0
XCHTIME	827	2	5	1811410	1508	4004	4820	321	1800757	124758993783648	124758601826400	3804
XCHTIME	0	0	0	0	0	0	0	0	0	0	0	0
XCHTIME	827	4	18	11493372	1098	2737	9648	896	11478993	124758993783648	124758601826400	3804
LADGATE	827	10000	0.619	1
XCHTIME	0	0	0	0	0	0	0	0	0	0	0	0
XCHTIME	827	5	26	10719024	1695	3780	12338	1178	10700033	124758993783648	124758601826400	3804
XCHTIME	0	0	0	0	0	0	0	0	0	0	0	0
XCHTIME	827	4	66	1165966	1602	3872	8202	2300	1149990	124758993783648	124758601826400	3804
XCHTIME	0	0	0	0	0	0	0	0	0	0	0	0
XCHTIME	827	4	15	1565077	619	2516	8621	610	1552711	124758993783648	124758601826400	3804
XCHTIME	0	0	0	0	0	0	0	0	0	0	0	0
XCHTIME	827	4	10	872386	825	2487	8462	407	860205	124758993783648	124758601826400	3804
XCHTIME	0	0	0	0	0	0	0	0	0	0	0	0
XCHTIME	827	4	18	8624837	640	2333	9810	835	8611219	124758993783648	124758601826400	3804
XCHTIME	0	0	0	0	0	0	0	0	0	0	0	0
XCHTIME	827	4	11	622065	1277	2786	8299	393	609310	124758993783648	124758601826400	3804
XCHTIME	0	0	0	0	0	0	0	0	0	0	0	0
XCHTIME	827	4	14	2754558	777	2165	8323	491	2742802	124758993783648	124758601826400	3804
XCHTIME	0	0	0	0	0	0	0	0	0	0	0	0
XCHTIME	827	4	13	4745545	805	2556	9082	567	4732535	124758993783648	124758601826400	3804
XCHTIME	0	0	0	0	0	0	0	0	0	0	0	0
XCHTIME	827	3	15	18621523	1036	2466	15923	794	18601304	124758993783648	124758601826400	3804
XCHTIME	0	0	0	0	0	0	0	0	0	0	0	0
XCHTIME	827	4	6	503497	2748	7564	8843	277	484065	124758993783648	124758601826400	3804
LIFT	multiplants_stg5	827	310	3480	310
COUNTS	multiplants_stg5	827	3804	377794	155722
XCHTIME	0	0	0	0	0	0	0	0	0	0	0	0
XCHTIME	2032	1	0	3126507	69331	12450	10376	0	3034350	124758782388256	124758599798864	15140
XCHTIME	0	0	0	0	0	0	0	0	0	0	0	0
XCHTIME	2032	1	0	7546458	4689	17550	12650	0	7511569	124758782388256	124758599798864	15140
XCHTIME	0	0	0	0	0	0	0	0	0	0	0	0
XCHTIME	2032	1	0	5567330	5549	32735	14121	0	5514925	124758782388256	124758599798864	15140
XCHTIME	0	0	0	0	0	0	0	0	0	0	0	0
XCHTIME	2032	1	0	15393522	5013	25968	13461	0	15349080	124758782388256	124758599798864	15140
LADGATE	2032	10000	0.651	1
XCHTIME	0	0	0	0	0	0	0	0	0	0	0	0
XCHTIME	2032	4	10	12353267	6448	42361	68215	2302	12233941	124758782388256	124758599798864	15140
XCHTIME	0	0	0	0	0	0	0	0	0	0	0	0
XCHTIME	2032	1	0	6601495	5959	27482	14226	0	6553828	124758782388256	124758599798864	15140
XCHTIME	0	0	0	0	0	0	0	0	0	0	0	0
XCHTIME	2032	2	4	6964297	6858	42786	32108	1021	6881524	124758782388256	124758599798864	15140
XCHTIME	0	0	0	0	0	0	0	0	0	0	0	0
XCHTIME	2032	4	10	12315286	4856	18468	79383	2088	12210491	124758782388256	124758599798864	15140
XCHTIME	0	0	0	0	0	0	0	0	0	0	0	0
XCHTIME	2032	1	0	15387383	6149	20232	11324	0	15349678	124758782388256	124758599798864	15140
XCHTIME	0	0	0	0	0	0	0	0	0	0	0	0
XCHTIME	2032	4	11	8146382	5300	33932	61354	2602	8043194	124758782388256	124758599798864	15140
XCHTIME	0	0	0	0	0	0	0	0	0	0	0	0
XCHTIME	2032	2	4	15030043	5071	22008	42618	905	14959441	124758782388256	124758599798864	15140
XCHTIME	0	0	0	0	0	0	0	0	0	0	0	0
XCHTIME	2032	1	0	15252455	6189	22109	13624	0	15210533	124758782388256	124758599798864	15140
XCHTIME	0	0	0	0	0	0	0	0	0	0	0	0
XCHTIME	2032	1	0	13674706	5820	36199	13734	0	13618953	124758782388256	124758599798864	15140
XCHTIME	0	0	0	0	0	0	0	0	0	0	0	0
XCHTIME	2032	4	6	5547302	7446	46532	58726	1215	5433383	124758782388256	124758599798864	15140
LIFT	chimera_rfr-02	2032	2012	15234	2012
COUNTS	chimera_rfr-02	2032	15140	3860441	2486435
XCHTIME	0	0	0	0	0	0	0	0	0	0	0	0
XCHTIME	726	2	4	1093995	20645	4765	3693	310	1064582	124758780176368	124758778949952	3510
XCHTIME	0	0	0	0	0	0	0	0	0	0	0	0
XCHTIME	726	2	6	8390642	1146	2614	4635	510	8381737	124758780176368	124758778949952	3510
XCHTIME	0	0	0	0	0	0	0	0	0	0	0	0
XCHTIME	726	2	5	3061406	1190	3551	3435	406	3052824	124758780176368	124758778949952	3510
XCHTIME	0	0	0	0	0	0	0	0	0	0	0	0
XCHTIME	726	4	18	17157107	1941	5254	9429	1312	17139171	124758780176368	124758778949952	3510
LADGATE	726	10000	0.550	1
XCHTIME	0	0	0	0	0	0	0	0	0	0	0	0
XCHTIME	726	5	26	26095972	2176	4706	12879	2022	26074189	124758780176368	124758778949952	3510
XCHTIME	0	0	0	0	0	0	0	0	0	0	0	0
XCHTIME	726	2	19	6614417	1594	3192	4686	1123	6603822	124758780176368	124758778949952	3510
XCHTIME	0	0	0	0	0	0	0	0	0	0	0	0
XCHTIME	726	4	15	3619280	1607	4555	7471	1140	3604507	124758780176368	124758778949952	3510
XCHTIME	0	0	0	0	0	0	0	0	0	0	0	0
XCHTIME	726	4	10	2090007	910	2693	10341	992	2075071	124758780176368	124758778949952	3510
XCHTIME	0	0	0	0	0	0	0	0	0	0	0	0
XCHTIME	726	4	18	17092891	2144	4010	10447	1423	17074867	124758780176368	124758778949952	3510
XCHTIME	0	0	0	0	0	0	0	0	0	0	0	0
XCHTIME	726	4	11	1254002	1304	3461	7132	905	1241200	124758780176368	124758778949952	3510
XCHTIME	0	0	0	0	0	0	0	0	0	0	0	0
XCHTIME	726	4	14	6147104	761	2301	8200	1116	6134726	124758780176368	124758778949952	3510
XCHTIME	0	0	0	0	0	0	0	0	0	0	0	0
XCHTIME	726	4	13	11291599	1234	3218	10228	1157	11275762	124758780176368	124758778949952	3510
XCHTIME	0	0	0	0	0	0	0	0	0	0	0	0
XCHTIME	726	2	5	15865723	1917	4401	6928	814	15851663	124758780176368	124758778949952	3510
XCHTIME	0	0	0	0	0	0	0	0	0	0	0	0
XCHTIME	726	4	6	817905	2247	4021	6948	480	804209	124758780176368	124758778949952	3510
LIFT	multiplants_stg1a	726	304	2994	304
COUNTS	multiplants_stg1a	726	3510	142058	121443
XCHTIME	0	0	0	0	0	0	0	0	0	0	0	0
XCHTIME	170	2	4	234786	6928	709	517	130	226502	124758779371520	124758782533376	932
XCHTIME	0	0	0	0	0	0	0	0	0	0	0	0
XCHTIME	170	2	6	2230116	306	722	522	223	2228343	124758779371520	124758782533376	932
XCHTIME	0	0	0	0	0	0	0	0	0	0	0	0
XCHTIME	170	2	5	675823	509	994	454	198	673668	124758779371520	124758782533376	932
XCHTIME	0	0	0	0	0	0	0	0	0	0	0	0
XCHTIME	170	4	18	4231088	352	720	997	643	4228376	124758779371520	124758782533376	932
LADGATE	170	10000	0.218	1
XCHTIME	0	0	0	0	0	0	0	0	0	0	0	0
XCHTIME	170	5	26	4527194	745	1699	1268	971	4522511	124758779371520	124758782533376	932
XCHTIME	0	0	0	0	0	0	0	0	0	0	0	0
XCHTIME	170	4	66	3081646	388	946	1131	3243	3075938	124758779371520	124758782533376	932
XCHTIME	0	0	0	0	0	0	0	0	0	0	0	0
XCHTIME	170	4	15	583206	980	1650	1004	448	579124	124758779371520	124758782533376	932
XCHTIME	0	0	0	0	0	0	0	0	0	0	0	0
XCHTIME	170	4	10	347189	358	820	882	273	344856	124758779371520	124758782533376	932
XCHTIME	0	0	0	0	0	0	0	0	0	0	0	0
XCHTIME	170	4	18	3550950	217	830	1489	625	3547789	124758779371520	124758782533376	932
XCHTIME	0	0	0	0	0	0	0	0	0	0	0	0
XCHTIME	170	4	11	199419	611	1405	1029	307	196067	124758779371520	124758782533376	932
XCHTIME	0	0	0	0	0	0	0	0	0	0	0	0
XCHTIME	170	4	14	1080136	265	868	1078	359	1077566	124758779371520	124758782533376	932
XCHTIME	0	0	0	0	0	0	0	0	0	0	0	0
XCHTIME	170	4	13	1946717	577	1032	995	396	1943717	124758779371520	124758782533376	932
XCHTIME	0	0	0	0	0	0	0	0	0	0	0	0
XCHTIME	170	4	16	13328398	445	1439	1638	634	13324242	124758779371520	124758782533376	932
XCHTIME	0	0	0	0	0	0	0	0	0	0	0	0
XCHTIME	170	4	6	131789	631	1663	940	137	128418	124758779371520	124758782533376	932
LIFT	pooling_adhya4pq	170	93	790	93
COUNTS	pooling_adhya4pq	170	932	24314	16556
XCHTIME	0	0	0	0	0	0	0	0	0	0	0	0
XCHTIME	17493	0	0	23896875	12414045	11482830	0	0	0	124758748766176	124758748906144	163816
XCHTIME	0	0	0	0	0	0	0	0	0	0	0	0
XCHTIME	17493	1	0	12893071	72105	10874258	1846038	0	100670	124758748766176	124758748906144	163816
XCHTIME	0	0	0	0	0	0	0	0	0	0	0	0
XCHTIME	17493	0	0	10934683	69313	10865370	0	0	0	124758748766176	124758748906144	163816
XCHTIME	0	0	0	0	0	0	0	0	0	0	0	0
XCHTIME	17493	1	0	17844113	73615	10823403	1873119	0	5073976	124758748766176	124758748906144	163816
LADGATE	17493	10000	0.755	0
XCHTIME	0	0	0	0	0	0	0	0	0	0	0	0
XCHTIME	17493	5	26	209047902	76320	10915020	9484496	22809	188549257	124758748766176	124758748906144	163816
LIFT	nuclear10a	17493	15309	159656	15309
COUNTS	nuclear10a	17493	163816	82406325	55261703
XCHTIME	0	0	0	0	0	0	0	0	0	0	0	0
XCHTIME	874	2	4	1363819	20541	3123	5389	299	1334467	124758976771280	124758995313760	7260
XCHTIME	0	0	0	0	0	0	0	0	0	0	0	0
XCHTIME	874	2	6	9066198	1153	2543	6592	481	9055429	124758976771280	124758995313760	7260
XCHTIME	0	0	0	0	0	0	0	0	0	0	0	0
XCHTIME	874	2	5	4321314	2654	3699	5312	313	4309336	124758976771280	124758995313760	7260
XCHTIME	0	0	0	0	0	0	0	0	0	0	0	0
XCHTIME	874	3	15	18336274	1881	3289	10389	1267	18319448	124758976771280	124758995313760	7260
LADGATE	874	10000	0.490	1
XCHTIME	0	0	0	0	0	0	0	0	0	0	0	0
XCHTIME	874	5	26	33080537	3291	4671	14981	2135	33055459	124758976771280	124758995313760	7260
XCHTIME	0	0	0	0	0	0	0	0	0	0	0	0
XCHTIME	874	3	57	7619863	3045	3780	14394	6032	7592612	124758976771280	124758995313760	7260
XCHTIME	0	0	0	0	0	0	0	0	0	0	0	0
XCHTIME	874	4	15	4700545	3557	4725	11582	1063	4679618	124758976771280	124758995313760	7260
XCHTIME	0	0	0	0	0	0	0	0	0	0	0	0
XCHTIME	874	4	10	2595180	2256	5859	11492	766	2574807	124758976771280	124758995313760	7260
XCHTIME	0	0	0	0	0	0	0	0	0	0	0	0
XCHTIME	874	3	15	18176028	1947	3294	12534	1314	18156939	124758976771280	124758995313760	7260
XCHTIME	0	0	0	0	0	0	0	0	0	0	0	0
XCHTIME	874	4	11	1376597	3348	7633	10796	641	1354179	124758976771280	124758995313760	7260
XCHTIME	0	0	0	0	0	0	0	0	0	0	0	0
XCHTIME	874	4	14	8557048	1641	3015	10983	918	8540491	124758976771280	124758995313760	7260
XCHTIME	0	0	0	0	0	0	0	0	0	0	0	0
XCHTIME	874	4	13	14891928	2346	3701	14183	802	14870896	124758976771280	124758995313760	7260
XCHTIME	0	0	0	0	0	0	0	0	0	0	0	0
XCHTIME	874	2	5	18266977	3209	3811	9597	431	18249929	124758976771280	124758995313760	7260
XCHTIME	0	0	0	0	0	0	0	0	0	0	0	0
XCHTIME	874	4	6	870509	3129	5412	10535	339	851094	124758976771280	124758995313760	7260
LIFT	sonet24v5	874	595	6704	595
COUNTS	sonet24v5	874	7260	185654	110276
LIFT	transswitch2736spr	69651	44696	297260	44696
COUNTS	transswitch2736spr	69651	331010	7933133	7281507
XCHTIME	0	0	0	0	0	0	0	0	0	0	0	0
XCHTIME	8992	1	0	5732292	3083869	758013	784167	0	1106243	124758994822208	124758599995488	26288
XCHTIME	0	0	0	0	0	0	0	0	0	0	0	0
XCHTIME	8992	1	0	3252272	12937	733114	735133	0	1771088	124758994822208	124758599995488	26288
XCHTIME	0	0	0	0	0	0	0	0	0	0	0	0
XCHTIME	8992	1	0	3027289	20204	746942	755862	0	1504281	124758994822208	124758599995488	26288
XCHTIME	0	0	0	0	0	0	0	0	0	0	0	0
XCHTIME	8992	1	0	10983924	13176	739354	747169	0	9484225	124758994822208	124758599995488	26288
LADGATE	8992	10000	0.483	1
XCHTIME	0	0	0	0	0	0	0	0	0	0	0	0
XCHTIME	8992	5	26	82671619	15355	781105	3777445	12819	78084895	124758994822208	124758599995488	26288
XCHTIME	0	0	0	0	0	0	0	0	0	0	0	0
XCHTIME	8992	1	0	4995767	14576	757578	741087	0	3482526	124758994822208	124758599995488	26288
XCHTIME	0	0	0	0	0	0	0	0	0	0	0	0
XCHTIME	8992	1	0	5417411	14860	717669	727683	0	3957199	124758994822208	124758599995488	26288
XCHTIME	0	0	0	0	0	0	0	0	0	0	0	0
XCHTIME	8992	3	9	11075555	14865	730125	2173263	3327	8153975	124758994822208	124758599995488	26288
XCHTIME	0	0	0	0	0	0	0	0	0	0	0	0
XCHTIME	8992	1	0	11676629	14128	732096	750334	0	10180071	124758994822208	124758599995488	26288
XCHTIME	0	0	0	0	0	0	0	0	0	0	0	0
XCHTIME	8992	3	9	11297426	14819	750965	2203596	2876	8325170	124758994822208	124758599995488	26288
XCHTIME	0	0	0	0	0	0	0	0	0	0	0	0
XCHTIME	8992	2	4	11262037	14813	742772	1475616	1455	9027381	124758994822208	124758599995488	26288
XCHTIME	0	0	0	0	0	0	0	0	0	0	0	0
XCHTIME	8992	2	4	12114448	16177	740484	1467891	1481	9888415	124758994822208	124758599995488	26288
XCHTIME	0	0	0	0	0	0	0	0	0	0	0	0
XCHTIME	8992	1	0	11080272	15202	710704	728041	0	9626325	124758994822208	124758599995488	26288
XCHTIME	0	0	0	0	0	0	0	0	0	0	0	0
XCHTIME	8992	3	3	11275639	14870	767462	2200466	1266	8291575	124758994822208	124758599995488	26288
LIFT	chp_shorttermplan2a	8992	4760	18484	4760
COUNTS	chp_shorttermplan2a	8992	26288	821014	575280
XCHTIME	0	0	0	0	0	0	0	0	0	0	0	0
XCHTIME	1001	2	4	3513417	21873	3763	11328	316	3476137	124758779195888	124758995412080	5592
XCHTIME	0	0	0	0	0	0	0	0	0	0	0	0
XCHTIME	1001	1	0	8184720	2832	5358	2876	0	8173654	124758779195888	124758995412080	5592
XCHTIME	0	0	0	0	0	0	0	0	0	0	0	0
XCHTIME	1001	1	0	5267752	1980	7598	3309	0	5254865	124758779195888	124758995412080	5592
XCHTIME	0	0	0	0	0	0	0	0	0	0	0	0
XCHTIME	1001	1	0	16507686	1649	5331	3398	0	16497308	124758779195888	124758995412080	5592
LADGATE	1001	10000	0.221	1
XCHTIME	0	0	0	0	0	0	0	0	0	0	0	0
XCHTIME	1001	5	26	137164758	2706	7002	28158	2344	137124548	124758779195888	124758995412080	5592
XCHTIME	0	0	0	0	0	0	0	0	0	0	0	0
XCHTIME	1001	4	66	402090	2126	7483	12091	3398	376992	124758779195888	124758995412080	5592
XCHTIME	0	0	0	0	0	0	0	0	0	0	0	0
XCHTIME	1001	3	12	7999669	1002	3183	10795	1028	7983661	124758779195888	124758995412080	5592
XCHTIME	0	0	0	0	0	0	0	0	0	0	0	0
XCHTIME	1001	4	10	6948851	1566	4031	13656	758	6928840	124758779195888	124758995412080	5592
XCHTIME	0	0	0	0	0	0	0	0	0	0	0	0
XCHTIME	1001	1	0	16525264	1688	5009	3086	0	16515481	124758779195888	124758995412080	5592
XCHTIME	0	0	0	0	0	0	0	0	0	0	0	0
XCHTIME	1001	4	11	2381604	2423	7662	13026	899	2357594	124758779195888	124758995412080	5592
XCHTIME	0	0	0	0	0	0	0	0	0	0	0	0
XCHTIME	1001	3	12	14613138	1367	3076	11695	960	14596040	124758779195888	124758995412080	5592
XCHTIME	0	0	0	0	0	0	0	0	0	0	0	0
XCHTIME	1001	2	4	17006461	2302	4859	10069	381	16988850	124758779195888	124758995412080	5592
XCHTIME	0	0	0	0	0	0	0	0	0	0	0	0
XCHTIME	1001	1	0	15054166	2461	4411	3056	0	15044238	124758779195888	124758995412080	5592
XCHTIME	0	0	0	0	0	0	0	0	0	0	0	0
XCHTIME	1001	4	6	1487402	3598	11940	12675	575	1458614	124758779195888	124758995412080	5592
LIFT	catmix200	1001	998	5580	998
COUNTS	catmix200	1001	5592	18173	18164
COUNTS	nvs23	27	252	1921	1221
XCHTIME	0	0	0	0	0	0	0	0	0	0	0	0
XCHTIME	20	2	4	39573	2518	965	143	88	35859	124759001485024	124759001520816	40
XCHTIME	0	0	0	0	0	0	0	0	0	0	0	0
XCHTIME	20	2	6	77868	369	583	94	123	76699	124759001485024	124759001520816	40
XCHTIME	0	0	0	0	0	0	0	0	0	0	0	0
XCHTIME	20	2	5	95932	172	467	118	125	95050	124759001485024	124759001520816	40
XCHTIME	0	0	0	0	0	0	0	0	0	0	0	0
XCHTIME	20	4	18	321580	105	319	191	372	320593	124759001485024	124759001520816	40
LADGATE	20	10000	0.138	1
XCHTIME	0	0	0	0	0	0	0	0	0	0	0	0
XCHTIME	20	5	26	598526	275	532	245	530	596944	124759001485024	124759001520816	40
XCHTIME	0	0	0	0	0	0	0	0	0	0	0	0
XCHTIME	20	4	48	132572	136	446	217	1169	130604	124759001485024	124759001520816	40
XCHTIME	0	0	0	0	0	0	0	0	0	0	0	0
XCHTIME	20	4	15	57991	99	302	187	304	57099	124759001485024	124759001520816	40
XCHTIME	0	0	0	0	0	0	0	0	0	0	0	0
XCHTIME	20	4	10	49598	100	274	161	199	48864	124759001485024	124759001520816	40
XCHTIME	0	0	0	0	0	0	0	0	0	0	0	0
XCHTIME	20	4	18	323175	92	234	155	385	322309	124759001485024	124759001520816	40
XCHTIME	0	0	0	0	0	0	0	0	0	0	0	0
XCHTIME	20	4	11	41042	101	307	155	220	40259	124759001485024	124759001520816	40
XCHTIME	0	0	0	0	0	0	0	0	0	0	0	0
XCHTIME	20	4	14	126869	85	255	193	281	126055	124759001485024	124759001520816	40
XCHTIME	0	0	0	0	0	0	0	0	0	0	0	0
XCHTIME	20	4	13	245329	91	271	135	267	244565	124759001485024	124759001520816	40
XCHTIME	0	0	0	0	0	0	0	0	0	0	0	0
XCHTIME	20	4	16	1436088	91	275	285	405	1435032	124759001485024	124759001520816	40
XCHTIME	0	0	0	0	0	0	0	0	0	0	0	0
XCHTIME	20	4	6	14108	438	412	153	125	12980	124759001485024	124759001520816	40
COUNTS	oaer	20	40	107	107
XCHTIME	0	0	0	0	0	0	0	0	0	0	0	0
XCHTIME	168	2	4	425113	7844	782	418	155	415914	124758937529584	124758779203920	388
XCHTIME	0	0	0	0	0	0	0	0	0	0	0	0
XCHTIME	168	2	6	2931756	248	773	561	255	2929919	124758937529584	124758779203920	388
XCHTIME	0	0	0	0	0	0	0	0	0	0	0	0
XCHTIME	168	2	5	1060156	330	770	424	186	1058446	124758937529584	124758779203920	388
XCHTIME	0	0	0	0	0	0	0	0	0	0	0	0
XCHTIME	168	4	18	6139653	211	693	1043	677	6137029	124758937529584	124758779203920	388
LADGATE	168	10000	0.176	1
XCHTIME	0	0	0	0	0	0	0	0	0	0	0	0
XCHTIME	168	5	26	7914414	359	1043	1582	1217	7910213	124758937529584	124758779203920	388
XCHTIME	0	0	0	0	0	0	0	0	0	0	0	0
XCHTIME	168	4	66	87824	458	974	925	2353	83114	124758937529584	124758779203920	388
XCHTIME	0	0	0	0	0	0	0	0	0	0	0	0
XCHTIME	168	4	15	1272049	159	670	892	497	1269831	124758937529584	124758779203920	388
XCHTIME	0	0	0	0	0	0	0	0	0	0	0	0
XCHTIME	168	4	10	780748	277	828	805	308	778530	124758937529584	124758779203920	388
XCHTIME	0	0	0	0	0	0	0	0	0	0	0	0
XCHTIME	168	4	18	6134886	254	599	1143	806	6132084	124758937529584	124758779203920	388
XCHTIME	0	0	0	0	0	0	0	0	0	0	0	0
XCHTIME	168	4	11	439160	190	591	747	384	437248	124758937529584	124758779203920	388
XCHTIME	0	0	0	0	0	0	0	0	0	0	0	0
XCHTIME	168	4	14	2138738	158	555	1034	502	2136489	124758937529584	124758779203920	388
XCHTIME	0	0	0	0	0	0	0	0	0	0	0	0
XCHTIME	168	4	13	3559480	382	609	5295	488	3552706	124758937529584	124758779203920	388
XCHTIME	0	0	0	0	0	0	0	0	0	0	0	0
XCHTIME	168	4	16	16602804	296	911	2041	743	16598813	124758937529584	124758779203920	388
XCHTIME	0	0	0	0	0	0	0	0	0	0	0	0
XCHTIME	168	4	6	225599	985	1450	875	141	222148	124758937529584	124758779203920	388
LIFT	hybriddynamic_fixed	168	80	250	80
COUNTS	hybriddynamic_fixed	168	388	1103	1103
XCHTIME	0	0	0	0	0	0	0	0	0	0	0	0
XCHTIME	16747	0	0	20877334	10865829	10011505	0	0	0	124758993020208	124758997939696	77352
XCHTIME	0	0	0	0	0	0	0	0	0	0	0	0
XCHTIME	16747	1	0	12708137	35640	9735524	1694505	0	1242468	124758993020208	124758997939696	77352
XCHTIME	0	0	0	0	0	0	0	0	0	0	0	0
XCHTIME	16747	1	0	11611957	39155	9700602	1671672	0	200528	124758993020208	124758997939696	77352
XCHTIME	0	0	0	0	0	0	0	0	0	0	0	0
XCHTIME	16747	1	0	16992410	35191	9762776	1678752	0	5515691	124758993020208	124758997939696	77352
LADGATE	16747	10000	0.615	0
XCHTIME	0	0	0	0	0	0	0	0	0	0	0	0
XCHTIME	16747	5	26	121508008	39197	9709542	8482215	15515	103261539	124758993020208	124758997939696	77352
LIFT	edgecross24-115	16747	8651	85448	8651
COUNTS	edgecross24-115	16747	77352	35096942	28266834
XCHTIME	0	0	0	0	0	0	0	0	0	0	0	0
XCHTIME	1178	2	4	457367	23533	3790	7619	217	422208	124758783118544	124758994894160	4334
XCHTIME	0	0	0	0	0	0	0	0	0	0	0	0
XCHTIME	1178	2	6	5693952	835	3574	9165	351	5680027	124758783118544	124758994894160	4334
XCHTIME	0	0	0	0	0	0	0	0	0	0	0	0
XCHTIME	1178	2	5	1790215	1811	5374	7804	281	1774945	124758783118544	124758994894160	4334
XCHTIME	0	0	0	0	0	0	0	0	0	0	0	0
XCHTIME	1178	4	18	11675453	1309	4755	20441	959	11647989	124758783118544	124758994894160	4334
LADGATE	1178	10000	0.290	1
XCHTIME	0	0	0	0	0	0	0	0	0	0	0	0
XCHTIME	1178	5	26	13426015	2794	7403	27180	1667	13386971	124758783118544	124758994894160	4334
XCHTIME	0	0	0	0	0	0	0	0	0	0	0	0
XCHTIME	1178	4	66	5023675	2421	6853	21437	2549	4990415	124758783118544	124758994894160	4334
XCHTIME	0	0	0	0	0	0	0	0	0	0	0	0
XCHTIME	1178	4	15	2132187	2283	5613	16048	766	2107477	124758783118544	124758994894160	4334
XCHTIME	0	0	0	0	0	0	0	0	0	0	0	0
XCHTIME	1178	4	10	991990	1085	4817	17178	512	968398	124758783118544	124758994894160	4334
XCHTIME	0	0	0	0	0	0	0	0	0	0	0	0
XCHTIME	1178	4	18	11650004	1114	4434	22877	987	11620592	124758783118544	124758994894160	4334
XCHTIME	0	0	0	0	0	0	0	0	0	0	0	0
XCHTIME	1178	4	11	793659	1873	8715	15634	606	766831	124758783118544	124758994894160	4334
XCHTIME	0	0	0	0	0	0	0	0	0	0	0	0
XCHTIME	1178	4	14	3460932	1221	4364	17706	753	3436888	124758783118544	124758994894160	4334
XCHTIME	0	0	0	0	0	0	0	0	0	0	0	0
XCHTIME	1178	4	13	6640248	2536	10666	17455	727	6608864	124758783118544	124758994894160	4334
XCHTIME	0	0	0	0	0	0	0	0	0	0	0	0
XCHTIME	1178	2	5	16264603	1297	4956	17980	458	16239912	124758783118544	124758994894160	4334
XCHTIME	0	0	0	0	0	0	0	0	0	0	0	0
XCHTIME	1178	4	6	574854	2863	14543	16481	314	540653	124758783118544	124758994894160	4334
LIFT	space25	1178	243	1212	243
COUNTS	space25	1178	4334	23567	22528
XCHTIME	0	0	0	0	0	0	0	0	0	0	0	0
XCHTIME	23999	0	0	0	0	0	0	0	0	124758751265456	124758797693568	151728
XCHTIME	0	0	0	0	0	0	0	0	0	0	0	0
XCHTIME	23999	0	0	42611980	22620513	19991467	0	0	0	124758751265456	124758797693568	151728
XCHTIME	0	0	0	0	0	0	0	0	0	0	0	0
XCHTIME	23999	0	0	0	0	0	0	0	0	124758751265456	124758797693568	151728
XCHTIME	0	0	0	0	0	0	0	0	0	0	0	0
XCHTIME	23999	1	0	26418135	67162	19997525	3435009	0	2918439	124758751265456	124758797693568	151728
LADGATE	23999	10000	0.573	0
XCHTIME	0	0	0	0	0	0	0	0	0	0	0	0
XCHTIME	23999	5	26	203902062	75177	19980495	17306820	22407	166517163	124758751265456	124758797693568	151728
LIFT	methanol400	23999	19199	142128	19199
COUNTS	methanol400	23999	151728	2586036	1792285
XCHTIME	0	0	0	0	0	0	0	0	0	0	0	0
XCHTIME	1218	2	4	1123443	31145	6038	9626	425	1076209	124758601883024	124758776074528	8364
XCHTIME	0	0	0	0	0	0	0	0	0	0	0	0
XCHTIME	1218	2	6	7092102	2098	5931	14580	807	7068686	124758601883024	124758776074528	8364
XCHTIME	0	0	0	0	0	0	0	0	0	0	0	0
XCHTIME	1218	2	5	3434003	3433	10089	11689	490	3408302	124758601883024	124758776074528	8364
XCHTIME	0	0	0	0	0	0	0	0	0	0	0	0
XCHTIME	1218	4	18	14963193	3762	13857	30970	1934	14912670	124758601883024	124758776074528	8364
LADGATE	1218	10000	0.534	1
XCHTIME	0	0	0	0	0	0	0	0	0	0	0	0
XCHTIME	1218	5	26	24871097	3649	9228	40217	3040	24814963	124758601883024	124758776074528	8364
XCHTIME	0	0	0	0	0	0	0	0	0	0	0	0
XCHTIME	1218	3	57	6822238	4322	10817	31273	4858	6770968	124758601883024	124758776074528	8364
XCHTIME	0	0	0	0	0	0	0	0	0	0	0	0
XCHTIME	1218	4	15	3618391	4388	8342	20297	1336	3584028	124758601883024	124758776074528	8364
XCHTIME	0	0	0	0	0	0	0	0	0	0	0	0
XCHTIME	1218	4	10	2153203	2489	6368	20019	1012	2123315	124758601883024	124758776074528	8364
XCHTIME	0	0	0	0	0	0	0	0	0	0	0	0
XCHTIME	1218	4	18	15129290	2087	6012	37177	2001	15082013	124758601883024	124758776074528	8364
XCHTIME	0	0	0	0	0	0	0	0	0	0	0	0
XCHTIME	1218	4	11	1400962	3926	7760	21608	866	1366802	124758601883024	124758776074528	8364
XCHTIME	0	0	0	0	0	0	0	0	0	0	0	0
XCHTIME	1218	4	14	6561511	2411	5881	23011	1455	6528753	124758601883024	124758776074528	8364
XCHTIME	0	0	0	0	0	0	0	0	0	0	0	0
XCHTIME	1218	4	13	11927905	2466	6685	26307	1428	11891019	124758601883024	124758776074528	8364
XCHTIME	0	0	0	0	0	0	0	0	0	0	0	0
XCHTIME	1218	1	0	13286382	2555	9200	4464	0	13270163	124758601883024	124758776074528	8364
XCHTIME	0	0	0	0	0	0	0	0	0	0	0	0
XCHTIME	1218	4	6	1156864	4778	21434	23566	692	1106394	124758601883024	124758776074528	8364
LIFT	pooling_foulds5tp	1218	659	7246	659
COUNTS	pooling_foulds5tp	1218	8364	251833	171941
XCHTIME	0	0	0	0	0	0	0	0	0	0	0	0
XCHTIME	5040	1	0	4535621	3030553	241895	208526	0	1054647	124758992947696	124758998857216	121302
XCHTIME	0	0	0	0	0	0	0	0	0	0	0	0
XCHTIME	5040	1	0	2801441	49372	237552	195785	0	2318732	124758992947696	124758998857216	121302
XCHTIME	0	0	0	0	0	0	0	0	0	0	0	0
XCHTIME	5040	1	0	2122055	47137	210659	211069	0	1653190	124758992947696	124758998857216	121302
XCHTIME	0	0	0	0	0	0	0	0	0	0	0	0
XCHTIME	5040	1	0	8851846	50993	207946	192582	0	8400325	124758992947696	124758998857216	121302
LADGATE	5040	10000	0.637	1
LIFT	pooling_sppa9tp	5040	2642	116234	2642
COUNTS	pooling_sppa9tp	5040	121302	104609262	16877457
COUNTS	st_miqp2	10	18	37	37
COUNTS	autocorr_bern30-23	33	878	8940	8940
XCHTIME	0	0	0	0	0	0	0	0	0	0	0	0
XCHTIME	9858	1	0	4646782	1900207	902179	907405	0	936991	124759000022544	124758992435248	31692
XCHTIME	0	0	0	0	0	0	0	0	0	0	0	0
XCHTIME	9858	1	0	3243742	15709	912118	915236	0	1400679	124759000022544	124758992435248	31692
XCHTIME	0	0	0	0	0	0	0	0	0	0	0	0
XCHTIME	9858	1	0	2920586	15061	913153	912477	0	1079895	124759000022544	124758992435248	31692
XCHTIME	0	0	0	0	0	0	0	0	0	0	0	0
XCHTIME	9858	1	0	11168977	15374	903164	904640	0	9345799	124759000022544	124758992435248	31692
LADGATE	9858	10000	0.659	1
XCHTIME	0	0	0	0	0	0	0	0	0	0	0	0
XCHTIME	9858	5	26	122735315	17944	962467	4647060	13954	117093890	124759000022544	124758992435248	31692
XCHTIME	0	0	0	0	0	0	0	0	0	0	0	0
XCHTIME	9858	1	0	5663722	18186	927694	910289	0	3807553	124759000022544	124758992435248	31692
XCHTIME	0	0	0	0	0	0	0	0	0	0	0	0
XCHTIME	9858	1	0	5739106	15553	900834	913057	0	3909662	124759000022544	124758992435248	31692
XCHTIME	0	0	0	0	0	0	0	0	0	0	0	0
XCHTIME	9858	2	3	10076508	16569	918789	1818795	1584	7320771	124759000022544	124758992435248	31692
XCHTIME	0	0	0	0	0	0	0	0	0	0	0	0
XCHTIME	9858	1	0	11162438	15389	907993	910310	0	9328746	124759000022544	124758992435248	31692
XCHTIME	0	0	0	0	0	0	0	0	0	0	0	0
XCHTIME	9858	2	3	10053327	15558	912713	1817668	1854	7305534	124759000022544	124758992435248	31692
XCHTIME	0	0	0	0	0	0	0	0	0	0	0	0
XCHTIME	9858	1	0	10707808	14768	896357	915692	0	8880991	124759000022544	124758992435248	31692
XCHTIME	0	0	0	0	0	0	0	0	0	0	0	0
XCHTIME	9858	1	0	11173959	16241	912034	912941	0	9332743	124759000022544	124758992435248	31692
XCHTIME	0	0	0	0	0	0	0	0	0	0	0	0
XCHTIME	9858	1	0	9764194	16049	915047	908297	0	7924801	124759000022544	124758992435248	31692
XCHTIME	0	0	0	0	0	0	0	0	0	0	0	0
XCHTIME	9858	2	3	9996897	15306	934323	1757420	1769	7288079	124759000022544	124758992435248	31692
LIFT	mpbp_15	9858	5550	25800	5550
COUNTS	mpbp_15	9858	31692	1496502	1164013
COUNTS	cvxnonsep_psig30r	126	250	501	501
XCHTIME	0	0	0	0	0	0	0	0	0	0	0	0
XCHTIME	1590	2	4	2504470	34164	6957	13852	393	2449104	124758778932752	124758993154208	4100
XCHTIME	0	0	0	0	0	0	0	0	0	0	0	0
XCHTIME	1590	1	0	6573092	1670	7307	6762	0	6557353	124758778932752	124758993154208	4100
XCHTIME	0	0	0	0	0	0	0	0	0	0	0	0
XCHTIME	1590	2	5	5359218	2379	22429	17028	411	5316971	124758778932752	124758993154208	4100
XCHTIME	0	0	0	0	0	0	0	0	0	0	0	0
XCHTIME	1590	2	5	12891999	2451	14605	23253	480	12851210	124758778932752	124758993154208	4100
LADGATE	1590	10000	0.416	1
XCHTIME	0	0	0	0	0	0	0	0	0	0	0	0
XCHTIME	1590	5	26	47227140	2389	13499	74112	2386	47134754	124758778932752	124758993154208	4100
XCHTIME	0	0	0	0	0	0	0	0	0	0	0	0
XCHTIME	1590	1	0	6662774	2369	19479	8133	0	6632793	124758778932752	124758993154208	4100
XCHTIME	0	0	0	0	0	0	0	0	0	0	0	0
XCHTIME	1590	4	15	7481154	2811	23039	37372	1327	7416605	124758778932752	124758993154208	4100
XCHTIME	0	0	0	0	0	0	0	0	0	0	0	0
XCHTIME	1590	4	10	4805966	1855	10343	35434	740	4757594	124758778932752	124758993154208	4100
XCHTIME	0	0	0	0	0	0	0	0	0	0	0	0
XCHTIME	1590	2	5	13229370	1867	8967	26339	413	13191784	124758778932752	124758993154208	4100
XCHTIME	0	0	0	0	0	0	0	0	0	0	0	0
XCHTIME	1590	4	11	3156787	2890	18065	39299	931	3095602	124758778932752	124758993154208	4100
XCHTIME	0	0	0	0	0	0	0	0	0	0	0	0
XCHTIME	1590	4	14	12666975	1836	10578	43243	1128	12610190	124758778932752	124758993154208	4100
XCHTIME	0	0	0	0	0	0	0	0	0	0	0	0
XCHTIME	1590	3	12	13580374	2785	14921	36249	1291	13525128	124758778932752	124758993154208	4100
XCHTIME	0	0	0	0	0	0	0	0	0	0	0	0
XCHTIME	1590	1	0	12736176	3138	17512	7989	0	12707537	124758778932752	124758993154208	4100
XCHTIME	0	0	0	0	0	0	0	0	0	0	0	0
XCHTIME	1590	4	6	2067886	3149	26644	33425	370	2004298	124758778932752	124758993154208	4100
LIFT	rsyn0830hfsg	1590	876	2784	876
COUNTS	rsyn0830hfsg	1590	4100	16168	15383
XCHTIME	0	0	0	0	0	0	0	0	0	0	0	0
XCHTIME	1271	2	4	2028951	29851	11558	11220	253	1976069	124758936267824	124758993219760	4642
XCHTIME	0	0	0	0	0	0	0	0	0	0	0	0
XCHTIME	1271	2	6	7860420	1822	4716	13302	596	7839984	124758936267824	124758993219760	4642
XCHTIME	0	0	0	0	0	0	0	0	0	0	0	0
XCHTIME	1271	2	5	5596373	1805	10152	10829	315	5573272	124758936267824	124758993219760	4642
XCHTIME	0	0	0	0	0	0	0	0	0	0	0	0
XCHTIME	1271	3	15	15875558	1619	6882	22875	1194	15842988	124758936267824	124758993219760	4642
LADGATE	1271	10000	0.525	1
XCHTIME	0	0	0	0	0	0	0	0	0	0	0	0
XCHTIME	1271	5	26	38517862	2768	10384	39510	2066	38463134	124758936267824	124758993219760	4642
XCHTIME	0	0	0	0	0	0	0	0	0	0	0	0
XCHTIME	1271	1	0	7032095	2654	14100	4347	0	7010994	124758936267824	124758993219760	4642
XCHTIME	0	0	0	0	0	0	0	0	0	0	0	0
XCHTIME	1271	4	15	6461174	2996	16366	23189	1072	6417551	124758936267824	124758993219760	4642
XCHTIME	0	0	0	0	0	0	0	0	0	0	0	0
XCHTIME	1271	4	10	3880497	1889	6796	22375	717	3848720	124758936267824	124758993219760	4642
XCHTIME	0	0	0	0	0	0	0	0	0	0	0	0
XCHTIME	1271	3	15	15841217	1884	6533	25113	1301	15806386	124758936267824	124758993219760	4642
XCHTIME	0	0	0	0	0	0	0	0	0	0	0	0
XCHTIME	1271	4	11	2325716	2722	8370	19178	752	2294694	124758936267824	124758993219760	4642
XCHTIME	0	0	0	0	0	0	0	0	0	0	0	0
XCHTIME	1271	4	14	10576056	1630	5905	21130	998	10546393	124758936267824	124758993219760	4642
XCHTIME	0	0	0	0	0	0	0	0	0	0	0	0
XCHTIME	1271	4	13	16062457	1747	7514	28284	996	16023916	124758936267824	124758993219760	4642
XCHTIME	0	0	0	0	0	0	0	0	0	0	0	0
XCHTIME	1271	1	0	14282074	2641	6834	4136	0	14268463	124758936267824	124758993219760	4642
XCHTIME	0	0	0	0	0	0	0	0	0	0	0	0
XCHTIME	1271	4	6	1543798	3160	16562	19975	427	1503674	124758936267824	124758993219760	4642
LIFT	crudeoil_pooling_ct1	1271	722	3626	722
COUNTS	crudeoil_pooling_ct1	1271	4642	125127	93863
XCHTIME	0	0	0	0	0	0	0	0	0	0	0	0
XCHTIME	800	2	4	615650	22902	2570	4503	191	585484	124759001478432	124758992894016	3894
XCHTIME	0	0	0	0	0	0	0	0	0	0	0	0
XCHTIME	800	2	6	5151240	1254	2443	4539	238	5142766	124759001478432	124758992894016	3894
XCHTIME	0	0	0	0	0	0	0	0	0	0	0	0
XCHTIME	800	2	5	1791167	1969	4465	4512	272	1779949	124759001478432	124758992894016	3894
XCHTIME	0	0	0	0	0	0	0	0	0	0	0	0
XCHTIME	800	4	18	11134293	1242	2290	8307	767	11121687	124759001478432	124758992894016	3894
LADGATE	800	10000	0.571	1
XCHTIME	0	0	0	0	0	0	0	0	0	0	0	0
XCHTIME	800	5	26	13789996	1737	3086	12938	1085	13771150	124759001478432	124758992894016	3894
XCHTIME	0	0	0	0	0	0	0	0	0	0	0	0
XCHTIME	800	4	66	6587337	2060	3762	11225	1968	6568322	124759001478432	124758992894016	3894
XCHTIME	0	0	0	0	0	0	0	0	0	0	0	0
XCHTIME	800	4	15	2058873	2168	4612	8511	566	2043016	124759001478432	124758992894016	3894
XCHTIME	0	0	0	0	0	0	0	0	0	0	0	0
XCHTIME	800	4	10	1053856	1217	3334	9266	427	1039612	124759001478432	124758992894016	3894
XCHTIME	0	0	0	0	0	0	0	0	0	0	0	0
XCHTIME	800	4	18	11215911	1125	2616	10995	832	11200343	124759001478432	124758992894016	3894
XCHTIME	0	0	0	0	0	0	0	0	0	0	0	0
XCHTIME	800	4	11	666935	1319	4234	8255	475	652652	124759001478432	124758992894016	3894
XCHTIME	0	0	0	0	0	0	0	0	0	0	0	0
XCHTIME	800	4	14	3418300	933	2396	11280	678	3403013	124759001478432	124758992894016	3894
XCHTIME	0	0	0	0	0	0	0	0	0	0	0	0
XCHTIME	800	4	13	6369411	1686	4135	9789	552	6353249	124759001478432	124758992894016	3894
XCHTIME	0	0	0	0	0	0	0	0	0	0	0	0
XCHTIME	800	3	15	18550791	1171	3221	14953	688	18530758	124759001478432	124758992894016	3894
XCHTIME	0	0	0	0	0	0	0	0	0	0	0	0
XCHTIME	800	4	6	464478	2611	4132	7923	251	449561	124759001478432	124758992894016	3894
LIFT	multiplants_stg1c	800	326	3346	326
COUNTS	multiplants_stg1c	800	3894	150039	143020
XCHTIME	0	0	0	0	0	0	0	0	0	0	0	0
XCHTIME	11	2	4	34180	2363	625	388	119	30685	124758945912048	124758937530944	32
XCHTIME	0	0	0	0	0	0	0	0	0	0	0	0
XCHTIME	11	2	6	156067	196	294	73	246	155258	124758945912048	124758937530944	32
XCHTIME	0	0	0	0	0	0	0	0	0	0	0	0
XCHTIME	11	2	5	79051	135	297	88	163	78368	124758945912048	124758937530944	32
XCHTIME	0	0	0	0	0	0	0	0	0	0	0	0
XCHTIME	11	4	18	167513	104	286	138	544	166441	124758945912048	124758937530944	32
LADGATE	11	10000	0.116	1
XCHTIME	0	0	0	0	0	0	0	0	0	0	0	0
XCHTIME	11	5	26	174055	349	349	168	786	172403	124758945912048	124758937530944	32
XCHTIME	0	0	0	0	0	0	0	0	0	0	0	0
XCHTIME	11	4	31	141338	93	278	105	878	139984	124758945912048	124758937530944	32
XCHTIME	0	0	0	0	0	0	0	0	0	0	0	0
XCHTIME	11	4	15	69192	107	257	105	355	68368	124758945912048	124758937530944	32
XCHTIME	0	0	0	0	0	0	0	0	0	0	0	0
XCHTIME	11	4	10	55705	90	233	131	220	55031	124758945912048	124758937530944	32
XCHTIME	0	0	0	0	0	0	0	0	0	0	0	0
XCHTIME	11	4	18	168068	78	211	122	515	167142	124758945912048	124758937530944	32
XCHTIME	0	0	0	0	0	0	0	0	0	0	0	0
XCHTIME	11	4	11	31101	79	252	129	255	30386	124758945912048	124758937530944	32
XCHTIME	0	0	0	0	0	0	0	0	0	0	0	0
XCHTIME	11	4	14	119934	84	248	111	369	119122	124758945912048	124758937530944	32
XCHTIME	0	0	0	0	0	0	0	0	0	0	0	0
XCHTIME	11	4	13	217867	81	238	116	351	217081	124758945912048	124758937530944	32
XCHTIME	0	0	0	0	0	0	0	0	0	0	0	0
XCHTIME	11	4	16	212929	79	231	105	378	212136	124758945912048	124758937530944	32
XCHTIME	0	0	0	0	0	0	0	0	0	0	0	0
XCHTIME	11	4	6	15076	78	227	112	123	14536	124758945912048	124758937530944	32
COUNTS	st_pan1	11	32	123	94
XCHTIME	0	0	0	0	0	0	0	0	0	0	0	0
XCHTIME	814	2	4	1034179	16946	6147	4219	284	1006583	124758601875568	124758600388720	3992
XCHTIME	0	0	0	0	0	0	0	0	0	0	0	0
XCHTIME	814	2	6	8424896	970	2336	4823	543	8416224	124758601875568	124758600388720	3992
XCHTIME	0	0	0	0	0	0	0	0	0	0	0	0
XCHTIME	814	2	5	3277049	1531	2898	4246	335	3268039	124758601875568	124758600388720	3992
XCHTIME	0	0	0	0	0	0	0	0	0	0	0	0
XCHTIME	814	4	18	17050798	865	2377	10332	1496	17035728	124758601875568	124758600388720	3992
LADGATE	814	10000	0.607	1
XCHTIME	0	0	0	0	0	0	0	0	0	0	0	0
XCHTIME	814	5	26	26467297	1705	3542	12196	2117	26447737	124758601875568	124758600388720	3992
XCHTIME	0	0	0	0	0	0	0	0	0	0	0	0
XCHTIME	814	1	0	6966566	2152	2821	2035	0	6959558	124758601875568	124758600388720	3992
XCHTIME	0	0	0	0	0	0	0	0	0	0	0	0
XCHTIME	814	4	15	3656362	2519	6661	9925	1120	3636137	124758601875568	124758600388720	3992
XCHTIME	0	0	0	0	0	0	0	0	0	0	0	0
XCHTIME	814	4	10	2059451	889	4282	8754	673	2044853	124758601875568	124758600388720	3992
XCHTIME	0	0	0	0	0	0	0	0	0	0	0	0
XCHTIME	814	4	18	17337997	1034	2765	16186	1743	17316269	124758601875568	124758600388720	3992
XCHTIME	0	0	0	0	0	0	0	0	0	0	0	0
XCHTIME	814	4	11	1217032	2227	3493	8784	710	1201818	124758601875568	124758600388720	3992
XCHTIME	0	0	0	0	0	0	0	0	0	0	0	0
XCHTIME	814	4	14	6540831	936	2597	8878	1062	6527358	124758601875568	124758600388720	3992
XCHTIME	0	0	0	0	0	0	0	0	0	0	0	0
XCHTIME	814	4	13	11333685	1299	2944	9988	921	11318533	124758601875568	124758600388720	3992
XCHTIME	0	0	0	0	0	0	0	0	0	0	0	0
XCHTIME	814	1	0	14833801	1178	3965	2032	0	14826626	124758601875568	124758600388720	3992
XCHTIME	0	0	0	0	0	0	0	0	0	0	0	0
XCHTIME	814	4	6	850244	2631	7783	8596	365	830869	124758601875568	124758600388720	3992
LIFT	multiplants_stg1b	814	337	3456	337
COUNTS	multiplants_stg1b	814	3992	308612	187593
XCHTIME	0	0	0	0	0	0	0	0	0	0	0	0
XCHTIME	11999	1	0	5090185	3038638	877807	860256	0	313484	124758799433744	124758799529760	76128
XCHTIME	0	0	0	0	0	0	0	0	0	0	0	0
XCHTIME	11999	1	0	2731074	29538	875706	846468	0	979362	124758799433744	124758799529760	76128
XCHTIME	0	0	0	0	0	0	0	0	0	0	0	0
XCHTIME	11999	1	0	2584960	31042	905234	851894	0	796790	124758799433744	124758799529760	76128
XCHTIME	0	0	0	0	0	0	0	0	0	0	0	0
XCHTIME	11999	1	0	9369292	30350	877509	834786	0	7626647	124758799433744	124758799529760	76128
LADGATE	11999	10000	0.533	0
XCHTIME	0	0	0	0	0	0	0	0	0	0	0	0
XCHTIME	11999	5	26	86646708	35911	889089	4583926	16383	81121399	124758799433744	124758799529760	76128
XCHTIME	0	0	0	0	0	0	0	0	0	0	0	0
XCHTIME	11999	1	0	5197439	34122	914487	862843	0	3385987	124758799433744	124758799529760	76128
XCHTIME	0	0	0	0	0	0	0	0	0	0	0	0
XCHTIME	11999	1	0	4577577	32558	899215	861482	0	2784322	124758799433744	124758799529760	76128
XCHTIME	0	0	0	0	0	0	0	0	0	0	0	0
XCHTIME	11999	1	0	7801015	35215	893039	850630	0	6022131	124758799433744	124758799529760	76128
XCHTIME	0	0	0	0	0	0	0	0	0	0	0	0
XCHTIME	11999	1	0	9381440	36132	897522	847419	0	7600367	124758799433744	124758799529760	76128
XCHTIME	0	0	0	0	0	0	0	0	0	0	0	0
XCHTIME	11999	1	0	7440160	37616	896428	841293	0	5664823	124758799433744	124758799529760	76128
XCHTIME	0	0	0	0	0	0	0	0	0	0	0	0
XCHTIME	11999	1	0	9039903	35217	905166	844749	0	7254771	124758799433744	124758799529760	76128
XCHTIME	0	0	0	0	0	0	0	0	0	0	0	0
XCHTIME	11999	1	0	9737928	35533	894100	853630	0	7954665	124758799433744	124758799529760	76128
XCHTIME	0	0	0	0	0	0	0	0	0	0	0	0
XCHTIME	11999	1	0	9865144	40670	901601	860924	0	8061949	124758799433744	124758799529760	76128
XCHTIME	0	0	0	0	0	0	0	0	0	0	0	0
XCHTIME	11999	1	0	7263978	31937	919130	854248	0	5458663	124758799433744	124758799529760	76128
LIFT	methanol200	11999	9599	71328	9599
COUNTS	methanol200	11999	76128	1290836	905945
LADGATE	26778	10000	0.520	0
LIFT	faclay35	26778	13686	106196	13686
COUNTS	faclay35	26778	132380	33630126	32021838
XCHTIME	0	0	0	0	0	0	0	0	0	0	0	0
XCHTIME	13175	1	0	8134289	3302902	3570034	1101286	0	160067	124758748620272	124758751457472	32300
XCHTIME	0	0	0	0	0	0	0	0	0	0	0	0
XCHTIME	13175	1	0	2905348	16852	1155555	1049440	0	683501	124758748620272	124758751457472	32300
XCHTIME	0	0	0	0	0	0	0	0	0	0	0	0
XCHTIME	13175	1	0	2746183	17295	1100047	1079415	0	549426	124758748620272	124758751457472	32300
XCHTIME	0	0	0	0	0	0	0	0	0	0	0	0
XCHTIME	13175	1	0	8798415	16212	1102124	1080784	0	6599295	124758748620272	124758751457472	32300
LADGATE	13175	10000	0.250	0
XCHTIME	0	0	0	0	0	0	0	0	0	0	0	0
XCHTIME	13175	5	26	40958966	18865	1122757	5500470	16041	34300833	124758748620272	124758751457472	32300
XCHTIME	0	0	0	0	0	0	0	0	0	0	0	0
XCHTIME	13175	1	0	4699596	18980	1136173	1077508	0	2466935	124758748620272	124758751457472	32300
XCHTIME	0	0	0	0	0	0	0	0	0	0	0	0
XCHTIME	13175	1	0	4742724	19307	1150263	1087987	0	2485167	124758748620272	124758751457472	32300
XCHTIME	0	0	0	0	0	0	0	0	0	0	0	0
XCHTIME	13175	1	0	8481085	18452	1129478	1065194	0	6267961	124758748620272	124758751457472	32300
XCHTIME	0	0	0	0	0	0	0	0	0	0	0	0
XCHTIME	13175	1	0	8818282	18887	1123493	1077230	0	6598672	124758748620272	124758751457472	32300
XCHTIME	0	0	0	0	0	0	0	0	0	0	0	0
XCHTIME	13175	1	0	8971098	18222	1123541	1077719	0	6751616	124758748620272	124758751457472	32300
XCHTIME	0	0	0	0	0	0	0	0	0	0	0	0
XCHTIME	13175	1	0	8800217	18391	1128495	1092775	0	6560556	124758748620272	124758751457472	32300
XCHTIME	0	0	0	0	0	0	0	0	0	0	0	0
XCHTIME	13175	1	0	8965292	19530	1166680	1072696	0	6706386	124758748620272	124758751457472	32300
XCHTIME	0	0	0	0	0	0	0	0	0	0	0	0
XCHTIME	13175	1	0	8732951	18372	1120991	1082405	0	6511183	124758748620272	124758751457472	32300
XCHTIME	0	0	0	0	0	0	0	0	0	0	0	0
XCHTIME	13175	1	0	8679328	18739	1123849	1082343	0	6454397	124758748620272	124758751457472	32300
LIFT	emfl050_5_5	13175	5675	17300	5675
COUNTS	emfl050_5_5	13175	32300	155400	155400
LIFT	transswitch2383wpr	59853	37844	247952	37844
COUNTS	transswitch2383wpr	59853	277562	3946309	3861509
XCHTIME	0	0	0	0	0	0	0	0	0	0	0	0
XCHTIME	1120	2	4	2500651	30328	9643	7503	551	2452626	124758994943328	124758748489904	6400
XCHTIME	0	0	0	0	0	0	0	0	0	0	0	0
XCHTIME	1120	1	0	8817254	1919	4747	3391	0	8807197	124758994943328	124758748489904	6400
XCHTIME	0	0	0	0	0	0	0	0	0	0	0	0
XCHTIME	1120	2	5	6667551	2886	9513	10527	637	6643988	124758994943328	124758748489904	6400
XCHTIME	0	0	0	0	0	0	0	0	0	0	0	0
XCHTIME	1120	2	5	17238782	3149	11750	13402	795	17209686	124758994943328	124758748489904	6400
LADGATE	1120	10000	0.498	1
XCHTIME	0	0	0	0	0	0	0	0	0	0	0	0
XCHTIME	1120	4	10	4922405	3134	10729	16175	1391	4890976	124758994943328	124758748489904	6400
XCHTIME	0	0	0	0	0	0	0	0	0	0	0	0
XCHTIME	1120	2	19	6383318	2351	5966	15108	2993	6356900	124758994943328	124758748489904	6400
XCHTIME	0	0	0	0	0	0	0	0	0	0	0	0
XCHTIME	1120	4	15	8350267	3373	7091	20399	1936	8317468	124758994943328	124758748489904	6400
XCHTIME	0	0	0	0	0	0	0	0	0	0	0	0
XCHTIME	1120	4	10	5017834	2267	6997	19282	1396	4987892	124758994943328	124758748489904	6400
XCHTIME	0	0	0	0	0	0	0	0	0	0	0	0
XCHTIME	1120	2	5	17185106	2485	6954	13544	706	17161417	124758994943328	124758748489904	6400
XCHTIME	0	0	0	0	0	0	0	0	0	0	0	0
XCHTIME	1120	4	11	2935375	3331	12625	14973	1242	2903204	124758994943328	124758748489904	6400
XCHTIME	0	0	0	0	0	0	0	0	0	0	0	0
XCHTIME	1120	4	14	14450549	1825	4750	16141	1772	14426061	124758994943328	124758748489904	6400
XCHTIME	0	0	0	0	0	0	0	0	0	0	0	0
XCHTIME	1120	3	12	17156572	2249	5452	15060	1530	17132281	124758994943328	124758748489904	6400
XCHTIME	0	0	0	0	0	0	0	0	0	0	0	0
XCHTIME	1120	1	0	16889259	3258	10757	3747	0	16871497	124758994943328	124758748489904	6400
XCHTIME	0	0	0	0	0	0	0	0	0	0	0	0
XCHTIME	1120	4	6	2020459	3634	14094	17106	852	1984773	124758994943328	124758748489904	6400
LIFT	chimera_lga-01	1120	721	5500	721
COUNTS	chimera_lga-01	1120	6400	668019	497058
XCHTIME	0	0	0	0	0	0	0	0	0	0	0	0
XCHTIME	4596	1	0	2549482	370993	166377	151813	0	1860299	124758748725696	124758800185136	15316
XCHTIME	0	0	0	0	0	0	0	0	0	0	0	0
XCHTIME	4596	1	0	3539786	6860	156187	170259	0	3206480	124758748725696	124758800185136	15316
XCHTIME	0	0	0	0	0	0	0	0	0	0	0	0
XCHTIME	4596	1	0	3063644	7161	169683	153613	0	2733187	124758748725696	124758800185136	15316
XCHTIME	0	0	0	0	0	0	0	0	0	0	0	0
XCHTIME	4596	1	0	11264095	6109	157783	148455	0	10951748	124758748725696	124758800185136	15316
LADGATE	4596	10000	0.656	1
XCHTIME	0	0	0	0	0	0	0	0	0	0	0	0
XCHTIME	4596	5	26	103698729	7362	190679	843985	5570	102651133	124758748725696	124758800185136	15316
XCHTIME	0	0	0	0	0	0	0	0	0	0	0	0
XCHTIME	4596	1	0	4758207	8535	196476	152945	0	4400251	124758748725696	124758800185136	15316
XCHTIME	0	0	0	0	0	0	0	0	0	0	0	0
XCHTIME	4596	2	4	6647638	7708	181980	321828	1134	6134988	124758748725696	124758800185136	15316
XCHTIME	0	0	0	0	0	0	0	0	0	0	0	0
XCHTIME	4596	4	10	13264204	7058	163808	641021	2840	12449477	124758748725696	124758800185136	15316
XCHTIME	0	0	0	0	0	0	0	0	0	0	0	0
XCHTIME	4596	1	0	11256800	7457	158625	157017	0	10933701	124758748725696	124758800185136	15316
XCHTIME	0	0	0	0	0	0	0	0	0	0	0	0
XCHTIME	4596	4	11	10880490	6713	173633	607453	3221	10089470	124758748725696	124758800185136	15316
XCHTIME	0	0	0	0	0	0	0	0	0	0	0	0
XCHTIME	4596	2	4	12566294	7231	166972	334174	1283	12056634	124758748725696	124758800185136	15316
XCHTIME	0	0	0	0	0	0	0	0	0	0	0	0
XCHTIME	4596	1	0	11793938	7595	158530	150670	0	11477143	124758748725696	124758800185136	15316
XCHTIME	0	0	0	0	0	0	0	0	0	0	0	0
XCHTIME	4596	1	0	10202977	7422	174581	156440	0	9864534	124758748725696	124758800185136	15316
XCHTIME	0	0	0	0	0	0	0	0	0	0	0	0
XCHTIME	4596	4	6	8588526	7434	179164	619456	1797	7780675	124758748725696	124758800185136	15316
LIFT	gasprod_sarawak16	4596	2632	12316	2632
COUNTS	gasprod_sarawak16	4596	15316	213850	196064
XCHTIME	0	0	0	0	0	0	0	0	0	0	0	0
XCHTIME	15904	0	0	7292961	5246014	2046947	0	0	0	124758751865600	124758788937360	101792
XCHTIME	0	0	0	0	0	0	0	0	0	0	0	0
XCHTIME	15904	1	0	3775875	42659	1591702	1536175	0	605339	124758751865600	124758788937360	101792
XCHTIME	0	0	0	0	0	0	0	0	0	0	0	0
XCHTIME	15904	1	0	3512350	46185	1589371	1533427	0	343367	124758751865600	124758788937360	101792
XCHTIME	0	0	0	0	0	0	0	0	0	0	0	0
XCHTIME	15904	1	0	9435933	46026	1591119	1545663	0	6253125	124758751865600	124758788937360	101792
LADGATE	15904	10000	0.979	0
XCHTIME	0	0	0	0	0	0	0	0	0	0	0	0
XCHTIME	15904	3	15	204675139	44325	1580051	4728208	7510	198315045	124758751865600	124758788937360	101792
LIFT	crudeoil_lee4_09	15904	10632	92014	10632
COUNTS	crudeoil_lee4_09	15904	101792	208785578	128851771
LADGATE	44909	10000	0.808	0
LIFT	arki0013	44909	18463	161472	18463
COUNTS	arki0013	44909	160172	390472987	157005417
XCHTIME	0	0	0	0	0	0	0	0	0	0	0	0
XCHTIME	42	2	4	69220	5506	491	216	112	62895	124758944106560	124758737912368	432
XCHTIME	0	0	0	0	0	0	0	0	0	0	0	0
XCHTIME	42	2	6	698720	214	464	161	126	697755	124758944106560	124758737912368	432
XCHTIME	0	0	0	0	0	0	0	0	0	0	0	0
XCHTIME	42	2	5	189263	196	467	151	132	188317	124758944106560	124758737912368	432
XCHTIME	0	0	0	0	0	0	0	0	0	0	0	0
XCHTIME	42	4	18	1372189	166	352	313	495	1370863	124758944106560	124758737912368	432
LADGATE	42	10000	0.149	1
XCHTIME	0	0	0	0	0	0	0	0	0	0	0	0
XCHTIME	42	5	26	1763775	429	722	411	718	1761495	124758944106560	124758737912368	432
XCHTIME	0	0	0	0	0	0	0	0	0	0	0	0
XCHTIME	42	4	66	12984	301	3967	314	2651	5751	124758944106560	124758737912368	432
XCHTIME	0	0	0	0	0	0	0	0	0	0	0	0
XCHTIME	42	4	15	183953	140	487	257	317	182752	124758944106560	124758737912368	432
XCHTIME	0	0	0	0	0	0	0	0	0	0	0	0
XCHTIME	42	4	10	123879	144	378	270	206	122881	124758944106560	124758737912368	432
XCHTIME	0	0	0	0	0	0	0	0	0	0	0	0
XCHTIME	42	4	18	1379915	129	340	289	475	1378682	124758944106560	124758737912368	432
XCHTIME	0	0	0	0	0	0	0	0	0	0	0	0
XCHTIME	42	4	11	51220	157	371	280	227	50185	124758944106560	124758737912368	432
XCHTIME	0	0	0	0	0	0	0	0	0	0	0	0
XCHTIME	42	4	14	407427	132	271	267	278	406479	124758944106560	124758737912368	432
XCHTIME	0	0	0	0	0	0	0	0	0	0	0	0
XCHTIME	42	4	13	701884	118	353	280	265	700868	124758944106560	124758737912368	432
XCHTIME	0	0	0	0	0	0	0	0	0	0	0	0
XCHTIME	42	4	16	5044471	119	519	497	581	5042755	124758944106560	124758737912368	432
XCHTIME	0	0	0	0	0	0	0	0	0	0	0	0
XCHTIME	42	4	6	30710	312	795	235	145	29223	124758944106560	124758737912368	432
LIFT	st_m1	42	11	110	11
COUNTS	st_m1	42	432	3097	3097
XCHTIME	0	0	0	0	0	0	0	0	0	0	0	0
XCHTIME	5310	1	0	2357780	483370	228347	225466	0	1420597	124758748555456	124758799004304	17098
XCHTIME	0	0	0	0	0	0	0	0	0	0	0	0
XCHTIME	5310	1	0	4336294	7815	218318	218533	0	3891628	124758748555456	124758799004304	17098
XCHTIME	0	0	0	0	0	0	0	0	0	0	0	0
XCHTIME	5310	1	0	2979376	9396	241395	225596	0	2502989	124758748555456	124758799004304	17098
XCHTIME	0	0	0	0	0	0	0	0	0	0	0	0
XCHTIME	5310	2	5	11921097	7713	226693	465263	1759	11219669	124758748555456	124758799004304	17098
LADGATE	5310	10000	0.689	1
XCHTIME	0	0	0	0	0	0	0	0	0	0	0	0
XCHTIME	5310	5	26	34530469	8263	256659	1207663	6973	33050911	124758748555456	124758799004304	17098
XCHTIME	0	0	0	0	0	0	0	0	0	0	0	0
XCHTIME	5310	3	57	4758612	8942	267657	647892	10250	3823871	124758748555456	124758799004304	17098
XCHTIME	0	0	0	0	0	0	0	0	0	0	0	0
XCHTIME	5310	3	12	5116432	8302	250061	642096	3088	4212885	124758748555456	124758799004304	17098
XCHTIME	0	0	0	0	0	0	0	0	0	0	0	0
XCHTIME	5310	4	10	6793837	7941	226898	879501	3464	5676033	124758748555456	124758799004304	17098
XCHTIME	0	0	0	0	0	0	0	0	0	0	0	0
XCHTIME	5310	2	5	11726844	8738	226702	494376	1762	10995266	124758748555456	124758799004304	17098
XCHTIME	0	0	0	0	0	0	0	0	0	0	0	0
XCHTIME	5310	4	11	6242736	8676	250315	899425	3969	5080351	124758748555456	124758799004304	17098
XCHTIME	0	0	0	0	0	0	0	0	0	0	0	0
XCHTIME	5310	4	14	9983263	8848	213803	889234	4168	8867210	124758748555456	124758799004304	17098
XCHTIME	0	0	0	0	0	0	0	0	0	0	0	0
XCHTIME	5310	3	12	11409693	8506	230819	683160	3614	10483594	124758748555456	124758799004304	17098
XCHTIME	0	0	0	0	0	0	0	0	0	0	0	0
XCHTIME	5310	1	0	11086240	8811	248051	255515	0	10573863	124758748555456	124758799004304	17098
XCHTIME	0	0	0	0	0	0	0	0	0	0	0	0
XCHTIME	5310	4	6	5682842	8886	253504	860724	2062	4557666	124758748555456	124758799004304	17098
LIFT	mpbp_47	5310	3182	12798	3182
COUNTS	mpbp_47	5310	17098	730624	652208
XCHTIME	0	0	0	0	0	0	0	0	0	0	0	0
XCHTIME	821	2	4	1097187	25190	4511	5043	247	1062196	124758752672576	124759000101424	2242
XCHTIME	0	0	0	0	0	0	0	0	0	0	0	0
XCHTIME	821	2	6	7691710	701	3024	6184	371	7681430	124758752672576	124759000101424	2242
XCHTIME	0	0	0	0	0	0	0	0	0	0	0	0
XCHTIME	821	2	5	2516920	900	4530	5333	250	2505907	124758752672576	124759000101424	2242
XCHTIME	0	0	0	0	0	0	0	0	0	0	0	0
XCHTIME	821	4	18	16288386	897	3640	15682	1116	16267051	124758752672576	124759000101424	2242
LADGATE	821	10000	0.404	1
XCHTIME	0	0	0	0	0	0	0	0	0	0	0	0
XCHTIME	821	5	26	20025217	1382	5008	18496	1662	19998669	124758752672576	124759000101424	2242
XCHTIME	0	0	0	0	0	0	0	0	0	0	0	0
XCHTIME	821	4	66	7326954	1115	4119	15524	3588	7302608	124758752672576	124759000101424	2242
XCHTIME	0	0	0	0	0	0	0	0	0	0	0	0
XCHTIME	821	4	15	3297693	1832	5249	13247	887	3276478	124758752672576	124759000101424	2242
XCHTIME	0	0	0	0	0	0	0	0	0	0	0	0
XCHTIME	821	4	10	2138252	1486	3865	11212	526	2121163	124758752672576	124759000101424	2242
XCHTIME	0	0	0	0	0	0	0	0	0	0	0	0
XCHTIME	821	4	18	16377564	1108	3606	17159	1368	16354323	124758752672576	124759000101424	2242
XCHTIME	0	0	0	0	0	0	0	0	0	0	0	0
XCHTIME	821	4	11	1301330	1749	4996	10505	564	1283516	124758752672576	124759000101424	2242
XCHTIME	0	0	0	0	0	0	0	0	0	0	0	0
XCHTIME	821	4	14	5536683	831	2943	12301	823	5519785	124758752672576	124759000101424	2242
XCHTIME	0	0	0	0	0	0	0	0	0	0	0	0
XCHTIME	821	4	13	8928132	989	3573	11664	1037	8910869	124758752672576	124759000101424	2242
XCHTIME	0	0	0	0	0	0	0	0	0	0	0	0
XCHTIME	821	2	5	15081161	1008	3815	10026	403	15065909	124758752672576	124759000101424	2242
XCHTIME	0	0	0	0	0	0	0	0	0	0	0	0
XCHTIME	821	4	6	851797	1757	6427	10088	316	833209	124758752672576	124759000101424	2242
LIFT	rsyn0815m	821	434	1516	434
COUNTS	rsyn0815m	821	2242	8260	7745
XCHTIME	0	0	0	0	0	0	0	0	0	0	0	0
XCHTIME	7993	1	0	3826097	1344198	592665	579471	0	1309763	124758751761232	124758786916720	37208
XCHTIME	0	0	0	0	0	0	0	0	0	0	0	0
XCHTIME	7993	1	0	3620603	16352	553407	572083	0	2478761	124758751761232	124758786916720	37208
XCHTIME	0	0	0	0	0	0	0	0	0	0	0	0
XCHTIME	7993	1	0	2987987	16528	583193	584426	0	1803840	124758751761232	124758786916720	37208
XCHTIME	0	0	0	0	0	0	0	0	0	0	0	0
XCHTIME	7993	1	0	10532268	16630	582150	604385	0	9329103	124758751761232	124758786916720	37208
LADGATE	7993	10000	0.957	1
XCHTIME	0	0	0	0	0	0	0	0	0	0	0	0
XCHTIME	7993	5	26	92300872	19697	613581	2907602	7676	88752316	124758751761232	124758786916720	37208
XCHTIME	0	0	0	0	0	0	0	0	0	0	0	0
XCHTIME	7993	1	0	3936900	18179	593016	586357	0	2739348	124758751761232	124758786916720	37208
XCHTIME	0	0	0	0	0	0	0	0	0	0	0	0
XCHTIME	7993	1	0	5263792	17670	582079	574835	0	4089208	124758751761232	124758786916720	37208
XCHTIME	0	0	0	0	0	0	0	0	0	0	0	0
XCHTIME	7993	2	3	9940815	17454	557521	1126644	1502	8237694	124758751761232	124758786916720	37208
XCHTIME	0	0	0	0	0	0	0	0	0	0	0	0
XCHTIME	7993	1	0	10505505	18244	562488	574285	0	9350488	124758751761232	124758786916720	37208
XCHTIME	0	0	0	0	0	0	0	0	0	0	0	0
XCHTIME	7993	2	3	9528994	17249	586480	1132249	1155	7791861	124758751761232	124758786916720	37208
XCHTIME	0	0	0	0	0	0	0	0	0	0	0	0
XCHTIME	7993	2	4	10480614	18436	566241	1141056	1225	8753656	124758751761232	124758786916720	37208
XCHTIME	0	0	0	0	0	0	0	0	0	0	0	0
XCHTIME	7993	1	0	10576631	16837	574879	583046	0	9401869	124758751761232	124758786916720	37208
XCHTIME	0	0	0	0	0	0	0	0	0	0	0	0
XCHTIME	7993	1	0	9901837	17912	584748	583737	0	8715440	124758751761232	124758786916720	37208
XCHTIME	0	0	0	0	0	0	0	0	0	0	0	0
XCHTIME	7993	2	3	9376167	17086	587163	1154214	1209	7616495	124758751761232	124758786916720	37208
LIFT	arki0016	7993	4968	26810	4968
COUNTS	arki0016	7993	37208	878890	835794
XCHTIME	0	0	0	0	0	0	0	0	0	0	0	0
XCHTIME	18	2	4	22854	2436	816	145	114	19343	124758940709952	124758935983056	48
XCHTIME	0	0	0	0	0	0	0	0	0	0	0	0
XCHTIME	18	2	6	298968	195	352	100	120	298201	124758940709952	124758935983056	48
XCHTIME	0	0	0	0	0	0	0	0	0	0	0	0
XCHTIME	18	2	5	90599	168	298	93	103	89937	124758940709952	124758935983056	48
XCHTIME	0	0	0	0	0	0	0	0	0	0	0	0
XCHTIME	18	4	18	570888	108	286	174	430	569890	124758940709952	124758935983056	48
LADGATE	18	10000	0.139	1
XCHTIME	0	0	0	0	0	0	0	0	0	0	0	0
XCHTIME	18	5	26	657554	341	336	238	640	655999	124758940709952	124758935983056	48
XCHTIME	0	0	0	0	0	0	0	0	0	0	0	0
XCHTIME	18	4	45	39343	121	318	176	1171	37557	124758940709952	124758935983056	48
XCHTIME	0	0	0	0	0	0	0	0	0	0	0	0
XCHTIME	18	4	15	87522	103	254	207	340	86618	124758940709952	124758935983056	48
XCHTIME	0	0	0	0	0	0	0	0	0	0	0	0
XCHTIME	18	4	10	59521	109	239	164	202	58807	124758940709952	124758935983056	48
XCHTIME	0	0	0	0	0	0	0	0	0	0	0	0
XCHTIME	18	4	18	562244	87	249	171	403	561334	124758940709952	124758935983056	48
XCHTIME	0	0	0	0	0	0	0	0	0	0	0	0
XCHTIME	18	4	11	35957	85	252	152	250	35218	124758940709952	124758935983056	48
XCHTIME	0	0	0	0	0	0	0	0	0	0	0	0
XCHTIME	18	4	14	166124	83	221	173	306	165341	124758940709952	124758935983056	48
XCHTIME	0	0	0	0	0	0	0	0	0	0	0	0
XCHTIME	18	4	13	223201	93	224	166	296	222422	124758940709952	124758935983056	48
XCHTIME	0	0	0	0	0	0	0	0	0	0	0	0
XCHTIME	18	4	16	2800544	109	212	338	441	2799444	124758940709952	124758935983056	48
XCHTIME	0	0	0	0	0	0	0	0	0	0	0	0
XCHTIME	18	4	6	26755	474	530	181	143	25427	124758940709952	124758935983056	48
COUNTS	st_glmp_ss2	18	48	121	121
XCHTIME	0	0	0	0	0	0	0	0	0	0	0	0
XCHTIME	2670	2	4	1683197	89379	23081	43266	399	1527072	124758748597952	124758799364784	6964
XCHTIME	0	0	0	0	0	0	0	0	0	0	0	0
XCHTIME	2670	2	6	5607545	3026	29119	57189	986	5517225	124758748597952	124758799364784	6964
XCHTIME	0	0	0	0	0	0	0	0	0	0	0	0
XCHTIME	2670	2	5	2924675	2874	36535	55092	775	2829399	124758748597952	124758799364784	6964
XCHTIME	0	0	0	0	0	0	0	0	0	0	0	0
XCHTIME	2670	4	18	12132279	2924	32933	147187	2735	11946500	124758748597952	124758799364784	6964
LADGATE	2670	10000	0.673	1
XCHTIME	0	0	0	0	0	0	0	0	0	0	0	0
XCHTIME	2670	5	26	17513914	3526	57678	165065	3542	17284103	124758748597952	124758799364784	6964
XCHTIME	0	0	0	0	0	0	0	0	0	0	0	0
XCHTIME	2670	2	19	4773793	3211	41178	65619	1883	4661902	124758748597952	124758799364784	6964
XCHTIME	0	0	0	0	0	0	0	0	0	0	0	0
XCHTIME	2670	4	15	4128866	2916	34261	116385	2438	3972866	124758748597952	124758799364784	6964
XCHTIME	0	0	0	0	0	0	0	0	0	0	0	0
XCHTIME	2670	4	10	3230810	2821	37945	108864	1762	3079418	124758748597952	124758799364784	6964
XCHTIME	0	0	0	0	0	0	0	0	0	0	0	0
XCHTIME	2670	4	18	12176889	2634	30195	147451	2423	11994186	124758748597952	124758799364784	6964
XCHTIME	0	0	0	0	0	0	0	0	0	0	0	0
XCHTIME	2670	4	11	2627581	3523	33070	100651	1630	2488707	124758748597952	124758799364784	6964
XCHTIME	0	0	0	0	0	0	0	0	0	0	0	0
XCHTIME	2670	4	14	5701590	2700	28307	113416	2163	5555004	124758748597952	124758799364784	6964
XCHTIME	0	0	0	0	0	0	0	0	0	0	0	0
XCHTIME	2670	4	13	8208953	2826	24714	102498	1642	8077273	124758748597952	124758799364784	6964
XCHTIME	0	0	0	0	0	0	0	0	0	0	0	0
XCHTIME	2670	1	0	12939855	2692	29581	24843	0	12882739	124758748597952	124758799364784	6964
XCHTIME	0	0	0	0	0	0	0	0	0	0	0	0
XCHTIME	2670	4	6	2255348	4509	73654	120732	1272	2055181	124758748597952	124758799364784	6964
LIFT	rsyn0810m02hfsg	2670	1484	4808	1484
COUNTS	rsyn0810m02hfsg	2670	6964	36862	34672
XCHTIME	0	0	0	0	0	0	0	0	0	0	0	0
XCHTIME	55	2	4	67407	4301	500	279	145	62182	124758956535664	124758956577936	276
XCHTIME	0	0	0	0	0	0	0	0	0	0	0	0
XCHTIME	55	2	6	637972	214	563	181	200	636814	124758956535664	124758956577936	276
XCHTIME	0	0	0	0	0	0	0	0	0	0	0	0
XCHTIME	55	2	5	172035	186	562	177	113	170997	124758956535664	124758956577936	276
XCHTIME	0	0	0	0	0	0	0	0	0	0	0	0
XCHTIME	55	4	18	1009215	135	466	355	559	1007700	124758956535664	124758956577936	276
LADGATE	55	10000	0.145	1
XCHTIME	0	0	0	0	0	0	0	0	0	0	0	0
XCHTIME	55	5	26	1196954	1618	1703	661	883	1192089	124758956535664	124758956577936	276
XCHTIME	0	0	0	0	0	0	0	0	0	0	0	0
XCHTIME	55	4	66	23434	460	671	290	1906	20107	124758956535664	124758956577936	276
XCHTIME	0	0	0	0	0	0	0	0	0	0	0	0
XCHTIME	55	4	15	191937	143	534	338	385	190537	124758956535664	124758956577936	276
XCHTIME	0	0	0	0	0	0	0	0	0	0	0	0
XCHTIME	55	4	10	104034	227	466	320	247	102774	124758956535664	124758956577936	276
XCHTIME	0	0	0	0	0	0	0	0	0	0	0	0
XCHTIME	55	4	18	986660	123	349	343	590	985255	124758956535664	124758956577936	276
XCHTIME	0	0	0	0	0	0	0	0	0	0	0	0
XCHTIME	55	4	11	66493	232	464	280	294	65223	124758956535664	124758956577936	276
XCHTIME	0	0	0	0	0	0	0	0	0	0	0	0
XCHTIME	55	4	14	324384	135	386	306	425	323132	124758956535664	124758956577936	276
XCHTIME	0	0	0	0	0	0	0	0	0	0	0	0
XCHTIME	55	4	13	576155	133	419	335	397	574871	124758956535664	124758956577936	276
XCHTIME	0	0	0	0	0	0	0	0	0	0	0	0
XCHTIME	55	4	16	3412126	134	512	631	667	3410182	124758956535664	124758956577936	276
XCHTIME	0	0	0	0	0	0	0	0	0	0	0	0
XCHTIME	55	4	6	47177	420	687	269	196	45605	124758956535664	124758956577936	276
LIFT	pointpack06	55	34	234	34
COUNTS	pointpack06	55	276	1497	1497
XCHTIME	0	0	0	0	0	0	0	0	0	0	0	0
XCHTIME	6328	1	0	2776938	720656	367206	371775	0	1317301	124759000134208	124758751992848	16896
XCHTIME	0	0	0	0	0	0	0	0	0	0	0	0
XCHTIME	6328	1	0	3186874	8979	370863	343047	0	2463985	124759000134208	124758751992848	16896
XCHTIME	0	0	0	0	0	0	0	0	0	0	0	0
XCHTIME	6328	1	0	2631497	9338	359674	350738	0	1911747	124759000134208	124758751992848	16896
XCHTIME	0	0	0	0	0	0	0	0	0	0	0	0
XCHTIME	6328	1	0	10750576	8726	363214	349965	0	10028671	124759000134208	124758751992848	16896
LADGATE	6328	10000	0.340	1
XCHTIME	0	0	0	0	0	0	0	0	0	0	0	0
XCHTIME	6328	5	26	61206440	9790	390701	1822512	9490	58973947	124759000134208	124758751992848	16896
XCHTIME	0	0	0	0	0	0	0	0	0	0	0	0
XCHTIME	6328	1	0	4784560	8664	380657	350523	0	4044716	124759000134208	124758751992848	16896
XCHTIME	0	0	0	0	0	0	0	0	0	0	0	0
XCHTIME	6328	2	4	6092134	9433	370560	713628	1713	4996800	124759000134208	124758751992848	16896
XCHTIME	0	0	0	0	0	0	0	0	0	0	0	0
XCHTIME	6328	4	10	12275741	9042	358989	1376024	4192	10527494	124759000134208	124758751992848	16896
XCHTIME	0	0	0	0	0	0	0	0	0	0	0	0
XCHTIME	6328	1	0	10685340	8868	353806	367124	0	9955542	124759000134208	124758751992848	16896
XCHTIME	0	0	0	0	0	0	0	0	0	0	0	0
XCHTIME	6328	4	11	12172298	9105	367084	1425530	4927	10365652	124759000134208	124758751992848	16896
XCHTIME	0	0	0	0	0	0	0	0	0	0	0	0
XCHTIME	6328	2	4	11602736	10341	357511	683124	1486	10550274	124759000134208	124758751992848	16896
XCHTIME	0	0	0	0	0	0	0	0	0	0	0	0
XCHTIME	6328	2	4	11349082	10389	359883	726997	1697	10250116	124759000134208	124758751992848	16896
XCHTIME	0	0	0	0	0	0	0	0	0	0	0	0
XCHTIME	6328	1	0	9665928	9444	377564	369947	0	8908973	124759000134208	124758751992848	16896
XCHTIME	0	0	0	0	0	0	0	0	0	0	0	0
XCHTIME	6328	4	6	11546062	9687	393132	1470664	2526	9670053	124759000134208	124758751992848	16896
LIFT	syn40m04hfsg	6328	3492	11224	3492
COUNTS	syn40m04hfsg	6328	16896	76232	73557
XCHTIME	0	0	0	0	0	0	0	0	0	0	0	0
XCHTIME	258	2	4	186986	7785	753	813	262	177373	124759001993872	124759000004112	840
XCHTIME	0	0	0	0	0	0	0	0	0	0	0	0
XCHTIME	258	2	6	854360	291	914	730	232	852193	124759001993872	124759000004112	840
XCHTIME	0	0	0	0	0	0	0	0	0	0	0	0
XCHTIME	258	2	5	361834	362	1226	707	215	359324	124759001993872	124759000004112	840
XCHTIME	0	0	0	0	0	0	0	0	0	0	0	0
XCHTIME	258	4	18	1424792	268	969	1386	768	1421401	124759001993872	124759000004112	840
LADGATE	258	10000	0.212	1
XCHTIME	0	0	0	0	0	0	0	0	0	0	0	0
XCHTIME	258	5	26	1818630	646	1790	1927	1207	1813060	124759001993872	124759000004112	840
XCHTIME	0	0	0	0	0	0	0	0	0	0	0	0
XCHTIME	258	4	66	6829006	547	757	1952	2881	6822869	124759001993872	124759000004112	840
XCHTIME	0	0	0	0	0	0	0	0	0	0	0	0
XCHTIME	258	4	15	447706	1030	1971	1622	715	442368	124759001993872	124759000004112	840
XCHTIME	0	0	0	0	0	0	0	0	0	0	0	0
XCHTIME	258	4	10	307115	345	1114	1622	384	303650	124759001993872	124759000004112	840
XCHTIME	0	0	0	0	0	0	0	0	0	0	0	0
XCHTIME	258	4	18	1449262	361	1006	1809	831	1445255	124759001993872	124759000004112	840
XCHTIME	0	0	0	0	0	0	0	0	0	0	0	0
XCHTIME	258	4	11	205849	638	1326	1446	415	202024	124759001993872	124759000004112	840
XCHTIME	0	0	0	0	0	0	0	0	0	0	0	0
XCHTIME	258	4	14	791443	330	1044	1923	611	787535	124759001993872	124759000004112	840
XCHTIME	0	0	0	0	0	0	0	0	0	0	0	0
XCHTIME	258	4	13	1077250	358	1358	1633	474	1073427	124759001993872	124759000004112	840
XCHTIME	0	0	0	0	0	0	0	0	0	0	0	0
XCHTIME	258	4	16	3559935	513	1300	2573	804	3554745	124759001993872	124759000004112	840
XCHTIME	0	0	0	0	0	0	0	0	0	0	0	0
XCHTIME	258	4	6	140272	945	1697	1808	227	135595	124759001993872	124759000004112	840
LIFT	clay0304m	258	122	576	122
COUNTS	clay0304m	258	840	2742	2742
XCHTIME	0	0	0	0	0	0	0	0	0	0	0	0
XCHTIME	1218	2	4	1201962	33886	5749	11113	637	1150577	124758964943504	124758994691120	8300
XCHTIME	0	0	0	0	0	0	0	0	0	0	0	0
XCHTIME	1218	2	6	7273920	2913	13718	13214	800	7243275	124758964943504	124758994691120	8300
XCHTIME	0	0	0	0	0	0	0	0	0	0	0	0
XCHTIME	1218	2	5	3159781	3686	12386	11866	452	3131391	124758964943504	124758994691120	8300
XCHTIME	0	0	0	0	0	0	0	0	0	0	0	0
XCHTIME	1218	3	15	14821158	3097	8193	22174	1541	14786153	124758964943504	124758994691120	8300
LADGATE	1218	10000	0.423	1
XCHTIME	0	0	0	0	0	0	0	0	0	0	0	0
XCHTIME	1218	5	26	26889042	4729	12356	42749	2932	26826276	124758964943504	124758994691120	8300
XCHTIME	0	0	0	0	0	0	0	0	0	0	0	0
XCHTIME	1218	3	57	6676274	3758	10241	26494	4508	6631273	124758964943504	124758994691120	8300
XCHTIME	0	0	0	0	0	0	0	0	0	0	0	0
XCHTIME	1218	4	15	3836517	4560	10326	23983	1834	3795814	124758964943504	124758994691120	8300
XCHTIME	0	0	0	0	0	0	0	0	0	0	0	0
XCHTIME	1218	4	10	2227035	3228	6419	19406	1005	2196977	124758964943504	124758994691120	8300
XCHTIME	0	0	0	0	0	0	0	0	0	0	0	0
XCHTIME	1218	3	15	14983985	2457	4926	22418	1437	14952747	124758964943504	124758994691120	8300
XCHTIME	0	0	0	0	0	0	0	0	0	0	0	0
XCHTIME	1218	4	11	1447628	3633	11632	20381	984	1410998	124758964943504	124758994691120	8300
XCHTIME	0	0	0	0	0	0	0	0	0	0	0	0
XCHTIME	1218	4	14	6676160	2223	4993	22269	1568	6645107	124758964943504	124758994691120	8300
XCHTIME	0	0	0	0	0	0	0	0	0	0	0	0
XCHTIME	1218	4	13	11914481	2670	6820	32071	1435	11871485	124758964943504	124758994691120	8300
XCHTIME	0	0	0	0	0	0	0	0	0	0	0	0
XCHTIME	1218	1	0	14529936	4120	9640	4215	0	14511961	124758964943504	124758994691120	8300
XCHTIME	0	0	0	0	0	0	0	0	0	0	0	0
XCHTIME	1218	4	6	1161051	4227	16812	19091	570	1120351	124758964943504	124758994691120	8300
LIFT	pooling_foulds5pq	1218	655	7342	655
COUNTS	pooling_foulds5pq	1218	8300	159641	159641
XCHTIME	0	0	0	0	0	0	0	0	0	0	0	0
XCHTIME	1000	2	4	1348173	26627	3867	6245	268	1311166	124758993260736	124758992988032	2910
XCHTIME	0	0	0	0	0	0	0	0	0	0	0	0
XCHTIME	1000	2	6	8017233	844	3416	9460	346	8003167	124758993260736	124758992988032	2910
XCHTIME	0	0	0	0	0	0	0	0	0	0	0	0
XCHTIME	1000	2	5	3002348	2007	8297	6273	329	2985442	124758993260736	124758992988032	2910
XCHTIME	0	0	0	0	0	0	0	0	0	0	0	0
XCHTIME	1000	4	18	15756258	1061	4065	18667	1193	15731272	124758993260736	124758992988032	2910
LADGATE	1000	10000	0.372	1
XCHTIME	0	0	0	0	0	0	0	0	0	0	0	0
XCHTIME	1000	5	26	22427788	2015	6552	38176	1981	22379064	124758993260736	124758992988032	2910
XCHTIME	0	0	0	0	0	0	0	0	0	0	0	0
XCHTIME	1000	2	19	6467173	2791	8772	13857	1386	6440367	124758993260736	124758992988032	2910
XCHTIME	0	0	0	0	0	0	0	0	0	0	0	0
XCHTIME	1000	4	15	3932484	2697	11725	18340	974	3898748	124758993260736	124758992988032	2910
XCHTIME	0	0	0	0	0	0	0	0	0	0	0	0
XCHTIME	1000	4	10	2516864	1765	4067	11718	549	2498765	124758993260736	124758992988032	2910
XCHTIME	0	0	0	0	0	0	0	0	0	0	0	0
XCHTIME	1000	4	18	16051562	1367	2962	28422	1426	16017385	124758993260736	124758992988032	2910
XCHTIME	0	0	0	0	0	0	0	0	0	0	0	0
XCHTIME	1000	4	11	1616832	2499	12741	19269	582	1581741	124758993260736	124758992988032	2910
XCHTIME	0	0	0	0	0	0	0	0	0	0	0	0
XCHTIME	1000	4	14	7006506	1977	4675	27932	854	6971068	124758993260736	124758992988032	2910
XCHTIME	0	0	0	0	0	0	0	0	0	0	0	0
XCHTIME	1000	4	13	12667060	3539	8652	46029	1050	12607790	124758993260736	124758992988032	2910
XCHTIME	0	0	0	0	0	0	0	0	0	0	0	0
XCHTIME	1000	2	5	18016545	3571	13619	16636	411	17982308	124758993260736	124758992988032	2910
XCHTIME	0	0	0	0	0	0	0	0	0	0	0	0
XCHTIME	1000	4	6	1182911	3870	17405	19968	550	1141118	124758993260736	124758992988032	2910
LIFT	clay0305hfsg	1000	485	2050	485
COUNTS	clay0305hfsg	1000	2910	12260	11240
XCHTIME	0	0	0	0	0	0	0	0	0	0	0	0
XCHTIME	64	2	4	73333	5894	930	392	135	65982	124758940634624	124759000184848	232
XCHTIME	0	0	0	0	0	0	0	0	0	0	0	0
XCHTIME	64	2	6	520675	377	545	324	119	519310	124758940634624	124759000184848	232
XCHTIME	0	0	0	0	0	0	0	0	0	0	0	0
XCHTIME	64	2	5	160288	448	862	287	99	158592	124758940634624	124759000184848	232
XCHTIME	0	0	0	0	0	0	0	0	0	0	0	0
XCHTIME	64	4	18	1009173	224	468	438	357	1007686	124758940634624	124759000184848	232
LADGATE	64	10000	0.203	1
XCHTIME	0	0	0	0	0	0	0	0	0	0	0	0
XCHTIME	64	5	26	1142046	466	750	507	569	1139754	124758940634624	124759000184848	232
XCHTIME	0	0	0	0	0	0	0	0	0	0	0	0
XCHTIME	64	4	66	86628	192	591	444	2150	83251	124758940634624	124759000184848	232
XCHTIME	0	0	0	0	0	0	0	0	0	0	0	0
XCHTIME	64	4	15	170498	129	479	361	309	169220	124758940634624	124759000184848	232
XCHTIME	0	0	0	0	0	0	0	0	0	0	0	0
XCHTIME	64	4	10	116098	115	375	325	209	115074	124758940634624	124759000184848	232
XCHTIME	0	0	0	0	0	0	0	0	0	0	0	0
XCHTIME	64	4	18	1030719	110	488	453	407	1029261	124758940634624	124759000184848	232
XCHTIME	0	0	0	0	0	0	0	0	0	0	0	0
XCHTIME	64	4	11	70085	138	609	337	244	68757	124758940634624	124759000184848	232
XCHTIME	0	0	0	0	0	0	0	0	0	0	0	0
XCHTIME	64	4	14	332354	111	501	340	280	331122	124758940634624	124759000184848	232
XCHTIME	0	0	0	0	0	0	0	0	0	0	0	0
XCHTIME	64	4	13	501567	143	473	376	265	500310	124758940634624	124759000184848	232
XCHTIME	0	0	0	0	0	0	0	0	0	0	0	0
XCHTIME	64	4	16	3021005	174	475	727	484	3019145	124758940634624	124759000184848	232
XCHTIME	0	0	0	0	0	0	0	0	0	0	0	0
XCHTIME	64	4	6	40456	417	779	356	138	38766	124758940634624	124759000184848	232
LIFT	st_test8	64	44	192	44
COUNTS	st_test8	64	232	2343	1964
XCHTIME	0	0	0	0	0	0	0	0	0	0	0	0
XCHTIME	17364	1	0	257741594	13067472	10407169	1809331	0	232457622	124758796940512	124758767626496	252910
LIFT	gams05	17364	8487	278504	8487
COUNTS	gams05	17364	252910	6179750712	3255626924
XCHTIME	0	0	0	0	0	0	0	0	0	0	0	0
XCHTIME	31	2	4	70124	3840	909	369	196	64810	124758976067328	124758799432400	156
XCHTIME	0	0	0	0	0	0	0	0	0	0	0	0
XCHTIME	31	2	6	448732	283	602	136	265	447446	124758976067328	124758799432400	156
XCHTIME	0	0	0	0	0	0	0	0	0	0	0	0
XCHTIME	31	2	5	185767	347	902	204	199	184115	124758976067328	124758799432400	156
XCHTIME	0	0	0	0	0	0	0	0	0	0	0	0
XCHTIME	31	4	18	808208	117	436	246	875	806534	124758976067328	124758799432400	156
LADGATE	31	10000	0.174	1
XCHTIME	0	0	0	0	0	0	0	0	0	0	0	0
XCHTIME	31	4	10	129236	733	1063	306	492	126642	124758976067328	124758799432400	156
XCHTIME	0	0	0	0	0	0	0	0	0	0	0	0
XCHTIME	31	4	59	346750	128	649	238	2475	343260	124758976067328	124758799432400	156
XCHTIME	0	0	0	0	0	0	0	0	0	0	0	0
XCHTIME	31	4	15	198370	149	478	216	567	196960	124758976067328	124758799432400	156
XCHTIME	0	0	0	0	0	0	0	0	0	0	0	0
XCHTIME	31	4	10	117648	110	825	236	387	116090	124758976067328	124758799432400	156
XCHTIME	0	0	0	0	0	0	0	0	0	0	0	0
XCHTIME	31	4	18	783115	107	411	262	797	781538	124758976067328	124758799432400	156
XCHTIME	0	0	0	0	0	0	0	0	0	0	0	0
XCHTIME	31	4	11	89850	178	383	217	489	88583	124758976067328	124758799432400	156
XCHTIME	0	0	0	0	0	0	0	0	0	0	0	0
XCHTIME	31	4	14	311225	104	408	235	617	309861	124758976067328	124758799432400	156
XCHTIME	0	0	0	0	0	0	0	0	0	0	0	0
XCHTIME	31	4	13	460083	206	543	222	557	458555	124758976067328	124758799432400	156
XCHTIME	0	0	0	0	0	0	0	0	0	0	0	0
XCHTIME	31	4	16	2695005	151	517	291	758	2693288	124758976067328	124758799432400	156
XCHTIME	0	0	0	0	0	0	0	0	0	0	0	0
XCHTIME	31	4	6	46354	447	1540	374	347	43646	124758976067328	124758799432400	156
COUNTS	sporttournament08	31	156	862	862
XCHTIME	0	0	0	0	0	0	0	0	0	0	0	0
XCHTIME	1121	2	4	2703197	1202769	11707	7042	212	1481467	124758600437888	124758994758720	4194
XCHTIME	0	0	0	0	0	0	0	0	0	0	0	0
XCHTIME	1121	2	6	7692420	1453	4258	10814	499	7675396	124758600437888	124758994758720	4194
XCHTIME	0	0	0	0	0	0	0	0	0	0	0	0
XCHTIME	1121	2	5	3840903	2034	7090	9240	286	3822253	124758600437888	124758994758720	4194
XCHTIME	0	0	0	0	0	0	0	0	0	0	0	0
XCHTIME	1121	4	18	16191900	1374	5417	25542	1180	16158387	124758600437888	124758994758720	4194
LADGATE	1121	10000	0.359	1
XCHTIME	0	0	0	0	0	0	0	0	0	0	0	0
XCHTIME	1121	5	26	25485413	2314	9013	35205	1784	25437097	124758600437888	124758994758720	4194
XCHTIME	0	0	0	0	0	0	0	0	0	0	0	0
XCHTIME	1121	2	19	6621497	2524	9589	13795	905	6594684	124758600437888	124758994758720	4194
XCHTIME	0	0	0	0	0	0	0	0	0	0	0	0
XCHTIME	1121	4	15	4743540	2565	11408	19708	858	4709001	124758600437888	124758994758720	4194
XCHTIME	0	0	0	0	0	0	0	0	0	0	0	0
XCHTIME	1121	4	10	2942006	1626	6251	17518	582	2916029	124758600437888	124758994758720	4194
XCHTIME	0	0	0	0	0	0	0	0	0	0	0	0
XCHTIME	1121	4	18	16231239	1599	6352	27478	1239	16194571	124758600437888	124758994758720	4194
XCHTIME	0	0	0	0	0	0	0	0	0	0	0	0
XCHTIME	1121	4	11	2020580	2287	10695	20755	654	1986189	124758600437888	124758994758720	4194
XCHTIME	0	0	0	0	0	0	0	0	0	0	0	0
XCHTIME	1121	4	14	7580913	2238	5028	20333	865	7552449	124758600437888	124758994758720	4194
XCHTIME	0	0	0	0	0	0	0	0	0	0	0	0
XCHTIME	1121	4	13	12390193	2147	7586	22802	906	12356752	124758600437888	124758994758720	4194
XCHTIME	0	0	0	0	0	0	0	0	0	0	0	0
XCHTIME	1121	2	5	14794130	5755	11916	16932	336	14759191	124758600437888	124758994758720	4194
XCHTIME	0	0	0	0	0	0	0	0	0	0	0	0
XCHTIME	1121	4	6	1300448	2623	4808	14375	334	1278308	124758600437888	124758994758720	4194
LIFT	powerflow0030p	1121	642	3468	642
COUNTS	powerflow0030p	1121	4194	24944	23642
XCHTIME	0	0	0	0	0	0	0	0	0	0	0	0
XCHTIME	22407	0	0	0	0	0	0	0	0	124758797316896	124758756926448	105584
XCHTIME	0	0	0	0	0	0	0	0	0	0	0	0
XCHTIME	22407	0	0	35563053	18525833	17037220	0	0	0	124758797316896	124758756926448	105584
XCHTIME	0	0	0	0	0	0	0	0	0	0	0	0
XCHTIME	22407	0	0	0	0	0	0	0	0	124758797316896	124758756926448	105584
XCHTIME	0	0	0	0	0	0	0	0	0	0	0	0
XCHTIME	22407	1	0	24260173	59151	16908160	3159844	0	4133018	124758797316896	124758756926448	105584
LADGATE	22407	10000	0.821	0
XCHTIME	0	0	0	0	0	0	0	0	0	0	0	0
XCHTIME	22407	5	26	227877054	51512	17055054	15376478	22116	195371894	124758797316896	124758756926448	105584
LIFT	popdynm200	22407	18799	98384	18799
COUNTS	popdynm200	22407	105584	2567878	2404589
XCHTIME	0	0	0	0	0	0	0	0	0	0	0	0
XCHTIME	11120	1	0	5316318	2440589	1222859	1161374	0	491496	124758752287984	124758758237184	40790
XCHTIME	0	0	0	0	0	0	0	0	0	0	0	0
XCHTIME	11120	1	0	3605970	19753	1185740	1154128	0	1246349	124758752287984	124758758237184	40790
XCHTIME	0	0	0	0	0	0	0	0	0	0	0	0
XCHTIME	11120	1	0	3128139	23213	1209139	1152158	0	743629	124758752287984	124758758237184	40790
XCHTIME	0	0	0	0	0	0	0	0	0	0	0	0
XCHTIME	11120	1	0	11280623	19893	1204188	1163074	0	8893468	124758752287984	124758758237184	40790
LADGATE	11120	10000	0.700	0
XCHTIME	0	0	0	0	0	0	0	0	0	0	0	0
XCHTIME	11120	5	26	191970561	20095	1188622	5876650	13904	184871290	124758752287984	124758758237184	40790
XCHTIME	0	0	0	0	0	0	0	0	0	0	0	0
XCHTIME	11120	1	0	5885876	20648	1262609	1200088	0	3402531	124758752287984	124758758237184	40790
XCHTIME	0	0	0	0	0	0	0	0	0	0	0	0
XCHTIME	11120	1	0	6266724	21218	1211132	1178577	0	3855797	124758752287984	124758758237184	40790
XCHTIME	0	0	0	0	0	0	0	0	0	0	0	0
XCHTIME	11120	1	0	10409505	22064	1223036	1243133	0	7921272	124758752287984	124758758237184	40790
XCHTIME	0	0	0	0	0	0	0	0	0	0	0	0
XCHTIME	11120	1	0	11406832	20277	1214830	1216682	0	8955043	124758752287984	124758758237184	40790
XCHTIME	0	0	0	0	0	0	0	0	0	0	0	0
XCHTIME	11120	1	0	9661788	21893	1208446	1170144	0	7261305	124758752287984	124758758237184	40790
XCHTIME	0	0	0	0	0	0	0	0	0	0	0	0
XCHTIME	11120	1	0	11611859	21711	1203385	1166967	0	9219796	124758752287984	124758758237184	40790
XCHTIME	0	0	0	0	0	0	0	0	0	0	0	0
XCHTIME	11120	1	0	11890511	24819	1327165	1175542	0	9362985	124758752287984	124758758237184	40790
XCHTIME	0	0	0	0	0	0	0	0	0	0	0	0
XCHTIME	11120	1	0	10416416	20144	1225562	1165246	0	8005464	124758752287984	124758758237184	40790
XCHTIME	0	0	0	0	0	0	0	0	0	0	0	0
XCHTIME	11120	1	0	9437622	20269	1213085	1162895	0	7041373	124758752287984	124758758237184	40790
LIFT	mpbp_35	11120	6920	32350	6920
COUNTS	mpbp_35	11120	40790	3037207	975441
XCHTIME	0	0	0	0	0	0	0	0	0	0	0	0
XCHTIME	1492	2	4	4211483	2087656	32879	14675	289	2075984	124758752442512	124758752255008	3936
XCHTIME	0	0	0	0	0	0	0	0	0	0	0	0
XCHTIME	1492	2	6	7228935	1798	7102	18887	696	7200452	124758752442512	124758752255008	3936
XCHTIME	0	0	0	0	0	0	0	0	0	0	0	0
XCHTIME	1492	2	5	5592511	2065	9072	17095	418	5563861	124758752442512	124758752255008	3936
XCHTIME	0	0	0	0	0	0	0	0	0	0	0	0
XCHTIME	1492	2	5	14227213	1886	10609	20922	458	14193338	124758752442512	124758752255008	3936
LADGATE	1492	10000	0.418	1
XCHTIME	0	0	0	0	0	0	0	0	0	0	0	0
XCHTIME	1492	5	26	37006457	3184	26465	65668	2786	36908354	124758752442512	124758752255008	3936
XCHTIME	0	0	0	0	0	0	0	0	0	0	0	0
XCHTIME	1492	2	19	7113993	2492	18204	25057	1454	7066786	124758752442512	124758752255008	3936
XCHTIME	0	0	0	0	0	0	0	0	0	0	0	0
XCHTIME	1492	4	15	6899783	3160	18818	31395	1415	6844995	124758752442512	124758752255008	3936
XCHTIME	0	0	0	0	0	0	0	0	0	0	0	0
XCHTIME	1492	4	10	4261937	1392	9038	31584	1043	4218880	124758752442512	124758752255008	3936
XCHTIME	0	0	0	0	0	0	0	0	0	0	0	0
XCHTIME	1492	2	5	14396350	1425	11485	22980	541	14359919	124758752442512	124758752255008	3936
XCHTIME	0	0	0	0	0	0	0	0	0	0	0	0
XCHTIME	1492	4	11	2812426	2653	18360	43241	1626	2746546	124758752442512	124758752255008	3936
XCHTIME	0	0	0	0	0	0	0	0	0	0	0	0
XCHTIME	1492	4	14	11085260	2438	7916	33917	1244	11039745	124758752442512	124758752255008	3936
XCHTIME	0	0	0	0	0	0	0	0	0	0	0	0
XCHTIME	1492	4	13	14899256	1820	13078	48980	1587	14833791	124758752442512	124758752255008	3936
XCHTIME	0	0	0	0	0	0	0	0	0	0	0	0
XCHTIME	1492	1	0	13658806	2798	15031	6298	0	13634679	124758752442512	124758752255008	3936
XCHTIME	0	0	0	0	0	0	0	0	0	0	0	0
XCHTIME	1492	4	6	1861968	2993	21811	34489	871	1801804	124758752442512	124758752255008	3936
LIFT	syn30m02m	1492	762	2608	762
COUNTS	syn30m02m	1492	3936	13752	13455
XCHTIME	0	0	0	0	0	0	0	0	0	0	0	0
XCHTIME	481	2	4	389165	14824	2352	2423	252	369314	124758948235152	124758751719632	3252
XCHTIME	0	0	0	0	0	0	0	0	0	0	0	0
XCHTIME	481	2	6	4690111	733	1578	2292	358	4685150	124758948235152	124758751719632	3252
XCHTIME	0	0	0	0	0	0	0	0	0	0	0	0
XCHTIME	481	2	5	1243258	1050	1955	2265	248	1237740	124758948235152	124758751719632	3252
XCHTIME	0	0	0	0	0	0	0	0	0	0	0	0
XCHTIME	481	4	18	7958916	822	1701	3974	881	7951538	124758948235152	124758751719632	3252
LADGATE	481	10000	0.351	1
XCHTIME	0	0	0	0	0	0	0	0	0	0	0	0
XCHTIME	481	5	26	10485456	1366	2429	4731	1338	10475592	124758948235152	124758751719632	3252
XCHTIME	0	0	0	0	0	0	0	0	0	0	0	0
XCHTIME	481	4	66	5214581	1044	1406	5936	3205	5202990	124758948235152	124758751719632	3252
XCHTIME	0	0	0	0	0	0	0	0	0	0	0	0
XCHTIME	481	4	15	1356930	2019	2870	4210	704	1347127	124758948235152	124758751719632	3252
XCHTIME	0	0	0	0	0	0	0	0	0	0	0	0
XCHTIME	481	4	10	626826	1235	1655	4161	527	619248	124758948235152	124758751719632	3252
XCHTIME	0	0	0	0	0	0	0	0	0	0	0	0
XCHTIME	481	4	18	8034060	1023	1292	4067	870	8026808	124758948235152	124758751719632	3252
XCHTIME	0	0	0	0	0	0	0	0	0	0	0	0
XCHTIME	481	4	11	388931	951	1618	3820	537	382005	124758948235152	124758751719632	3252
XCHTIME	0	0	0	0	0	0	0	0	0	0	0	0
XCHTIME	481	4	14	2589545	631	1281	3564	682	2583387	124758948235152	124758751719632	3252
XCHTIME	0	0	0	0	0	0	0	0	0	0	0	0
XCHTIME	481	4	13	2992248	761	1337	3670	702	2985778	124758948235152	124758751719632	3252
XCHTIME	0	0	0	0	0	0	0	0	0	0	0	0
XCHTIME	481	3	15	17909131	1034	1391	6997	1022	17898687	124758948235152	124758751719632	3252
XCHTIME	0	0	0	0	0	0	0	0	0	0	0	0
XCHTIME	481	4	6	279444	2176	3027	3951	270	270020	124758948235152	124758751719632	3252
LIFT	wastewater13m1	481	353	3026	353
COUNTS	wastewater13m1	481	3252	60135	60068
XCHTIME	0	0	0	0	0	0	0	0	0	0	0	0
XCHTIME	1022	2	4	1171874	18176	3330	6037	226	1144105	124758751752416	124758778999120	2624
XCHTIME	0	0	0	0	0	0	0	0	0	0	0	0
XCHTIME	1022	2	6	7003078	579	2754	7998	307	6991440	124758751752416	124758778999120	2624
XCHTIME	0	0	0	0	0	0	0	0	0	0	0	0
XCHTIME	1022	2	5	2850543	1290	5727	6810	253	2836463	124758751752416	124758778999120	2624
XCHTIME	0	0	0	0	0	0	0	0	0	0	0	0
XCHTIME	1022	4	18	14279658	1006	3837	17764	940	14256111	124758751752416	124758778999120	2624
LADGATE	1022	10000	0.298	1
XCHTIME	0	0	0	0	0	0	0	0	0	0	0	0
XCHTIME	1022	5	26	22895078	1826	6624	25600	1384	22859644	124758751752416	124758778999120	2624
XCHTIME	0	0	0	0	0	0	0	0	0	0	0	0
XCHTIME	1022	3	57	7123124	1889	7031	22219	2354	7089631	124758751752416	124758778999120	2624
XCHTIME	0	0	0	0	0	0	0	0	0	0	0	0
XCHTIME	1022	4	15	3697655	2223	5185	14311	713	3675223	124758751752416	124758778999120	2624
XCHTIME	0	0	0	0	0	0	0	0	0	0	0	0
XCHTIME	1022	4	10	2250244	1637	3713	12109	457	2232328	124758751752416	124758778999120	2624
XCHTIME	0	0	0	0	0	0	0	0	0	0	0	0
XCHTIME	1022	4	18	14429594	1039	2753	20995	1048	14403759	124758751752416	124758778999120	2624
XCHTIME	0	0	0	0	0	0	0	0	0	0	0	0
XCHTIME	1022	4	11	1383575	1854	6297	13360	591	1361473	124758751752416	124758778999120	2624
XCHTIME	0	0	0	0	0	0	0	0	0	0	0	0
XCHTIME	1022	4	14	6230734	1174	3312	11937	648	6213663	124758751752416	124758778999120	2624
XCHTIME	0	0	0	0	0	0	0	0	0	0	0	0
XCHTIME	1022	4	13	10392043	1043	3163	14591	653	10372593	124758751752416	124758778999120	2624
XCHTIME	0	0	0	0	0	0	0	0	0	0	0	0
XCHTIME	1022	2	5	13585660	1399	4056	13953	528	13565724	124758751752416	124758778999120	2624
XCHTIME	0	0	0	0	0	0	0	0	0	0	0	0
XCHTIME	1022	4	6	923509	2213	4495	16132	276	900393	124758751752416	124758778999120	2624
LIFT	syn40hfsg	1022	573	1726	573
COUNTS	syn40hfsg	1022	2624	8432	8155
XCHTIME	0	0	0	0	0	0	0	0	0	0	0	0
XCHTIME	69	2	4	63557	4658	668	262	158	57811	124758944296240	124758799430336	206
XCHTIME	0	0	0	0	0	0	0	0	0	0	0	0
XCHTIME	69	2	6	409227	234	750	245	164	407834	124758944296240	124758799430336	206
XCHTIME	0	0	0	0	0	0	0	0	0	0	0	0
XCHTIME	69	2	5	139438	186	694	213	132	138213	124758944296240	124758799430336	206
XCHTIME	0	0	0	0	0	0	0	0	0	0	0	0
XCHTIME	69	4	18	862045	180	702	416	514	860233	124758944296240	124758799430336	206
LADGATE	69	10000	0.178	1
XCHTIME	0	0	0	0	0	0	0	0	0	0	0	0
XCHTIME	69	5	26	1262860	361	2048	615	852	1258984	124758944296240	124758799430336	206
XCHTIME	0	0	0	0	0	0	0	0	0	0	0	0
XCHTIME	69	4	66	477192	124	712	396	1829	474131	124758944296240	124758799430336	206
XCHTIME	0	0	0	0	0	0	0	0	0	0	0	0
XCHTIME	69	4	15	186749	155	725	527	360	184982	124758944296240	124758799430336	206
XCHTIME	0	0	0	0	0	0	0	0	0	0	0	0
XCHTIME	69	4	10	113437	199	743	514	202	111779	124758944296240	124758799430336	206
XCHTIME	0	0	0	0	0	0	0	0	0	0	0	0
XCHTIME	69	4	18	863230	143	604	433	546	861504	124758944296240	124758799430336	206
XCHTIME	0	0	0	0	0	0	0	0	0	0	0	0
XCHTIME	69	4	11	75682	149	766	404	273	74090	124758944296240	124758799430336	206
XCHTIME	0	0	0	0	0	0	0	0	0	0	0	0
XCHTIME	69	4	14	274193	130	542	368	300	272853	124758944296240	124758799430336	206
XCHTIME	0	0	0	0	0	0	0	0	0	0	0	0
XCHTIME	69	4	13	608895	128	513	383	327	607544	124758944296240	124758799430336	206
XCHTIME	0	0	0	0	0	0	0	0	0	0	0	0
XCHTIME	69	4	16	2816045	144	719	685	447	2814050	124758944296240	124758799430336	206
XCHTIME	0	0	0	0	0	0	0	0	0	0	0	0
XCHTIME	69	4	6	45541	334	897	394	163	43753	124758944296240	124758799430336	206
LIFT	sep1	69	36	150	36
COUNTS	sep1	69	206	1097	1047
XCHTIME	0	0	0	0	0	0	0	0	0	0	0	0
XCHTIME	2508	2	4	1358074	84674	19529	40937	697	1212237	124758994801744	124758797496176	6804
XCHTIME	0	0	0	0	0	0	0	0	0	0	0	0
XCHTIME	2508	2	6	4797987	2430	26472	46803	742	4721540	124758994801744	124758797496176	6804
XCHTIME	0	0	0	0	0	0	0	0	0	0	0	0
XCHTIME	2508	2	5	2549147	2718	26227	52165	714	2467323	124758994801744	124758797496176	6804
XCHTIME	0	0	0	0	0	0	0	0	0	0	0	0
XCHTIME	2508	4	18	11326578	2584	27109	109726	2243	11184916	124758994801744	124758797496176	6804
LADGATE	2508	10000	0.509	1
XCHTIME	0	0	0	0	0	0	0	0	0	0	0	0
XCHTIME	2508	5	26	14552634	4121	42497	122700	2677	14380639	124758994801744	124758797496176	6804
XCHTIME	0	0	0	0	0	0	0	0	0	0	0	0
XCHTIME	2508	4	66	5451636	3253	33364	149360	4613	5261046	124758994801744	124758797496176	6804
XCHTIME	0	0	0	0	0	0	0	0	0	0	0	0
XCHTIME	2508	4	15	3344566	4010	26015	94908	1682	3217951	124758994801744	124758797496176	6804
XCHTIME	0	0	0	0	0	0	0	0	0	0	0	0
XCHTIME	2508	4	10	2424753	2570	27115	91917	1062	2302089	124758994801744	124758797496176	6804
XCHTIME	0	0	0	0	0	0	0	0	0	0	0	0
XCHTIME	2508	4	18	11444128	2233	26045	130157	2219	11283474	124758994801744	124758797496176	6804
XCHTIME	0	0	0	0	0	0	0	0	0	0	0	0
XCHTIME	2508	4	11	1973699	3406	27688	85882	1066	1855657	124758994801744	124758797496176	6804
XCHTIME	0	0	0	0	0	0	0	0	0	0	0	0
XCHTIME	2508	4	14	4850545	2426	29272	90865	1395	4726587	124758994801744	124758797496176	6804
XCHTIME	0	0	0	0	0	0	0	0	0	0	0	0
XCHTIME	2508	4	13	7413727	2476	24996	99669	1649	7284937	124758994801744	124758797496176	6804
XCHTIME	0	0	0	0	0	0	0	0	0	0	0	0
XCHTIME	2508	2	5	13234284	2568	27062	85267	627	13118760	124758994801744	124758797496176	6804
XCHTIME	0	0	0	0	0	0	0	0	0	0	0	0
XCHTIME	2508	4	6	1565872	4356	60755	72355	579	1427827	124758994801744	124758797496176	6804
LIFT	syn30m03m	2508	1278	4542	1278
COUNTS	syn30m03m	2508	6804	26806	26552
COUNTS	st_qpc-m3a	30	304	2330	1574
XCHTIME	0	0	0	0	0	0	0	0	0	0	0	0
XCHTIME	2644	2	4	2544531	101766	30470	56958	575	2354762	124758779031904	124758755043536	11426
XCHTIME	0	0	0	0	0	0	0	0	0	0	0	0
XCHTIME	2644	1	0	5177423	4075	36732	31763	0	5104853	124758779031904	124758755043536	11426
XCHTIME	0	0	0	0	0	0	0	0	0	0	0	0
XCHTIME	2644	1	0	3674759	5398	53841	37866	0	3577654	124758779031904	124758755043536	11426
XCHTIME	0	0	0	0	0	0	0	0	0	0	0	0
XCHTIME	2644	1	0	11775032	4010	40388	28256	0	11702378	124758779031904	124758755043536	11426
LADGATE	2644	10000	1.110	1
XCHTIME	0	0	0	0	0	0	0	0	0	0	0	0
XCHTIME	2644	5	26	65502218	5705	56271	219011	4140	65217091	124758779031904	124758755043536	11426
XCHTIME	0	0	0	0	0	0	0	0	0	0	0	0
XCHTIME	2644	1	0	6401436	5813	54870	31713	0	6309040	124758779031904	124758755043536	11426
XCHTIME	0	0	0	0	0	0	0	0	0	0	0	0
XCHTIME	2644	3	12	6247593	5755	69065	95295	1570	6075908	124758779031904	124758755043536	11426
XCHTIME	0	0	0	0	0	0	0	0	0	0	0	0
XCHTIME	2644	4	10	8262429	4811	44237	146061	2440	8064880	124758779031904	124758755043536	11426
XCHTIME	0	0	0	0	0	0	0	0	0	0	0	0
XCHTIME	2644	1	0	11638173	5657	39355	33499	0	11559662	124758779031904	124758755043536	11426
XCHTIME	0	0	0	0	0	0	0	0	0	0	0	0
XCHTIME	2644	4	11	6162966	4257	46223	136711	1696	5974079	124758779031904	124758755043536	11426
XCHTIME	0	0	0	0	0	0	0	0	0	0	0	0
XCHTIME	2644	3	12	12707593	4420	36627	113813	2936	12549797	124758779031904	124758755043536	11426
XCHTIME	0	0	0	0	0	0	0	0	0	0	0	0
XCHTIME	2644	2	4	11995581	5344	33061	62149	584	11894443	124758779031904	124758755043536	11426
XCHTIME	0	0	0	0	0	0	0	0	0	0	0	0
XCHTIME	2644	1	0	12148722	4114	35863	26288	0	12082457	124758779031904	124758755043536	11426
XCHTIME	0	0	0	0	0	0	0	0	0	0	0	0
XCHTIME	2644	4	6	5066229	5861	63676	127058	906	4868728	124758779031904	124758755043536	11426
LIFT	crudeoil_pooling_ct3	2644	1586	9346	1586
COUNTS	crudeoil_pooling_ct3	2644	11426	1381490	865101
XCHTIME	0	0	0	0	0	0	0	0	0	0	0	0
XCHTIME	634	2	4	886101	20346	2282	2916	281	860276	124758978611200	124758752376960	3246
XCHTIME	0	0	0	0	0	0	0	0	0	0	0	0
XCHTIME	634	2	6	7550184	1186	3066	3995	517	7541420	124758978611200	124758752376960	3246
XCHTIME	0	0	0	0	0	0	0	0	0	0	0	0
XCHTIME	634	2	5	2710998	1834	3286	3042	333	2702503	124758978611200	124758752376960	3246
XCHTIME	0	0	0	0	0	0	0	0	0	0	0	0
XCHTIME	634	4	18	15301055	865	2164	6592	1382	15290052	124758978611200	124758752376960	3246
LADGATE	634	10000	0.365	1
XCHTIME	0	0	0	0	0	0	0	0	0	0	0	0
XCHTIME	634	5	26	19186746	1914	4323	8105	1994	19170410	124758978611200	124758752376960	3246
XCHTIME	0	0	0	0	0	0	0	0	0	0	0	0
XCHTIME	634	3	57	7908396	1347	2756	6648	3503	7894142	124758978611200	124758752376960	3246
XCHTIME	0	0	0	0	0	0	0	0	0	0	0	0
XCHTIME	634	4	15	3099954	2196	4646	8135	950	3084027	124758978611200	124758752376960	3246
XCHTIME	0	0	0	0	0	0	0	0	0	0	0	0
XCHTIME	634	4	10	1709543	1518	3363	6355	615	1697692	124758978611200	124758752376960	3246
XCHTIME	0	0	0	0	0	0	0	0	0	0	0	0
XCHTIME	634	4	18	15482235	1122	4067	8743	1463	15466840	124758978611200	124758752376960	3246
XCHTIME	0	0	0	0	0	0	0	0	0	0	0	0
XCHTIME	634	4	11	978971	1605	4270	6007	589	966500	124758978611200	124758752376960	3246
XCHTIME	0	0	0	0	0	0	0	0	0	0	0	0
XCHTIME	634	4	14	5226745	849	2518	6001	936	5216441	124758978611200	124758752376960	3246
XCHTIME	0	0	0	0	0	0	0	0	0	0	0	0
XCHTIME	634	4	13	9054498	1277	4214	6202	794	9042011	124758978611200	124758752376960	3246
XCHTIME	0	0	0	0	0	0	0	0	0	0	0	0
XCHTIME	634	2	5	16832458	1556	5075	5560	484	16819783	124758978611200	124758752376960	3246
XCHTIME	0	0	0	0	0	0	0	0	0	0	0	0
XCHTIME	634	4	6	611538	1851	6213	5810	395	597269	124758978611200	124758752376960	3246
LIFT	space25a	634	417	2530	417
COUNTS	space25a	634	3246	29078	27875
COUNTS	autocorr_bern20-15	23	394	2784	2784
XCHTIME	0	0	0	0	0	0	0	0	0	0	0	0
XCHTIME	35	2	4	46069	4894	500	222	136	40317	124758974609088	124758976769552	134
XCHTIME	0	0	0	0	0	0	0	0	0	0	0	0
XCHTIME	35	2	6	463679	216	517	159	122	462665	124758974609088	124758976769552	134
XCHTIME	0	0	0	0	0	0	0	0	0	0	0	0
XCHTIME	35	2	5	167805	183	524	135	102	166861	124758974609088	124758976769552	134
XCHTIME	0	0	0	0	0	0	0	0	0	0	0	0
XCHTIME	35	4	18	526302	112	484	232	383	525091	124758974609088	124758976769552	134
LADGATE	35	10000	0.172	1
XCHTIME	0	0	0	0	0	0	0	0	0	0	0	0
XCHTIME	35	5	26	845343	467	816	392	619	843049	124758974609088	124758976769552	134
XCHTIME	0	0	0	0	0	0	0	0	0	0	0	0
XCHTIME	35	4	63	6660	164	523	325	1771	3877	124758974609088	124758976769552	134
XCHTIME	0	0	0	0	0	0	0	0	0	0	0	0
XCHTIME	35	4	15	133941	84	385	297	301	132874	124758974609088	124758976769552	134
XCHTIME	0	0	0	0	0	0	0	0	0	0	0	0
XCHTIME	35	4	10	89528	112	529	229	204	88454	124758974609088	124758976769552	134
XCHTIME	0	0	0	0	0	0	0	0	0	0	0	0
XCHTIME	35	4	18	547470	116	359	239	364	546392	124758974609088	124758976769552	134
XCHTIME	0	0	0	0	0	0	0	0	0	0	0	0
XCHTIME	35	4	11	54284	120	378	3302	321	50163	124758974609088	124758976769552	134
XCHTIME	0	0	0	0	0	0	0	0	0	0	0	0
XCHTIME	35	4	14	245891	181	408	260	285	244757	124758974609088	124758976769552	134
XCHTIME	0	0	0	0	0	0	0	0	0	0	0	0
XCHTIME	35	4	13	502822	122	429	247	278	501746	124758974609088	124758976769552	134
XCHTIME	0	0	0	0	0	0	0	0	0	0	0	0
XCHTIME	35	4	16	1564468	101	383	569	412	1563003	124758974609088	124758976769552	134
XCHTIME	0	0	0	0	0	0	0	0	0	0	0	0
XCHTIME	35	4	6	28704	286	822	262	119	27215	124758974609088	124758976769552	134
LIFT	ex7_2_1	35	21	106	21
COUNTS	ex7_2_1	35	134	352	341
XCHTIME	0	0	0	0	0	0	0	0	0	0	0	0
XCHTIME	2092	2	4	1328429	54788	10255	21380	263	1241743	124758601892784	124758797079440	6236
XCHTIME	0	0	0	0	0	0	0	0	0	0	0	0
XCHTIME	2092	2	6	8057614	1982	11957	45880	447	7997348	124758601892784	124758797079440	6236
XCHTIME	0	0	0	0	0	0	0	0	0	0	0	0
XCHTIME	2092	2	5	4610163	3399	14272	26726	448	4565318	124758601892784	124758797079440	6236
XCHTIME	0	0	0	0	0	0	0	0	0	0	0	0
XCHTIME	2092	3	15	16011727	2822	17490	78891	1523	15911001	124758601892784	124758797079440	6236
LADGATE	2092	10000	0.709	1
XCHTIME	0	0	0	0	0	0	0	0	0	0	0	0
XCHTIME	2092	5	26	38063786	3721	32838	154304	3062	37869861	124758601892784	124758797079440	6236
XCHTIME	0	0	0	0	0	0	0	0	0	0	0	0
XCHTIME	2092	4	66	1601392	3461	34600	68421	3541	1491369	124758601892784	124758797079440	6236
XCHTIME	0	0	0	0	0	0	0	0	0	0	0	0
XCHTIME	2092	4	15	4210875	2943	15320	61515	1278	4129819	124758601892784	124758797079440	6236
XCHTIME	0	0	0	0	0	0	0	0	0	0	0	0
XCHTIME	2092	4	10	2543209	2052	17063	62710	909	2460475	124758601892784	124758797079440	6236
XCHTIME	0	0	0	0	0	0	0	0	0	0	0	0
XCHTIME	2092	3	15	16115445	2881	19920	83390	1309	16007945	124758601892784	124758797079440	6236
XCHTIME	0	0	0	0	0	0	0	0	0	0	0	0
XCHTIME	2092	4	11	1719240	4118	20645	43570	882	1650025	124758601892784	124758797079440	6236
XCHTIME	0	0	0	0	0	0	0	0	0	0	0	0
XCHTIME	2092	4	14	9177532	2170	13241	64362	1311	9096448	124758601892784	124758797079440	6236
XCHTIME	0	0	0	0	0	0	0	0	0	0	0	0
XCHTIME	2092	4	13	15691624	2763	17020	97467	2188	15572186	124758601892784	124758797079440	6236
XCHTIME	0	0	0	0	0	0	0	0	0	0	0	0
XCHTIME	2092	1	0	15095321	3410	23370	20096	0	15048445	124758601892784	124758797079440	6236
XCHTIME	0	0	0	0	0	0	0	0	0	0	0	0
XCHTIME	2092	4	6	1438192	3834	45974	62905	664	1324815	124758601892784	124758797079440	6236
LIFT	hydroenergy2	2092	1090	4556	1090
COUNTS	hydroenergy2	2092	6236	69051	56014
XCHTIME	0	0	0	0	0	0	0	0	0	0	0	0
XCHTIME	514	2	4	475347	13674	2564	2525	174	456410	124759000016416	124758797561728	5340
XCHTIME	0	0	0	0	0	0	0	0	0	0	0	0
XCHTIME	514	2	6	4349837	1152	1870	2321	236	4344258	124759000016416	124758797561728	5340
XCHTIME	0	0	0	0	0	0	0	0	0	0	0	0
XCHTIME	514	2	5	1431343	1638	2776	2340	159	1424430	124759000016416	124758797561728	5340
XCHTIME	0	0	0	0	0	0	0	0	0	0	0	0
XCHTIME	514	4	18	8884629	841	1681	6528	579	8875000	124759000016416	124758797561728	5340
LADGATE	514	10000	0.369	1
XCHTIME	0	0	0	0	0	0	0	0	0	0	0	0
XCHTIME	514	5	26	10926415	2416	3372	5451	806	10914370	124759000016416	124758797561728	5340
XCHTIME	0	0	0	0	0	0	0	0	0	0	0	0
XCHTIME	514	4	66	959813	1834	2266	4234	1800	949679	124759000016416	124758797561728	5340
XCHTIME	0	0	0	0	0	0	0	0	0	0	0	0
XCHTIME	514	4	15	1568762	869	1685	4366	437	1561405	124759000016416	124758797561728	5340
XCHTIME	0	0	0	0	0	0	0	0	0	0	0	0
XCHTIME	514	4	10	844772	867	1667	4514	292	837432	124759000016416	124758797561728	5340
XCHTIME	0	0	0	0	0	0	0	0	0	0	0	0
XCHTIME	514	4	18	8935064	1211	1642	4254	603	8927354	124759000016416	124758797561728	5340
XCHTIME	0	0	0	0	0	0	0	0	0	0	0	0
XCHTIME	514	4	11	575385	2058	2773	4294	349	565911	124759000016416	124758797561728	5340
XCHTIME	0	0	0	0	0	0	0	0	0	0	0	0
XCHTIME	514	4	14	2716029	631	1427	4086	485	2709400	124759000016416	124758797561728	5340
XCHTIME	0	0	0	0	0	0	0	0	0	0	0	0
XCHTIME	514	4	13	4787692	1347	2181	4831	427	4778906	124759000016416	124758797561728	5340
XCHTIME	0	0	0	0	0	0	0	0	0	0	0	0
XCHTIME	514	3	15	20724734	1029	1693	7311	631	20714070	124759000016416	124758797561728	5340
XCHTIME	0	0	0	0	0	0	0	0	0	0	0	0
XCHTIME	514	4	6	478580	2468	3648	4237	208	468019	124759000016416	124758797561728	5340
LIFT	pooling_digabel19	514	296	5918	296
COUNTS	pooling_digabel19	514	5340	325989	274903
XCHTIME	0	0	0	0	0	0	0	0	0	0	0	0
XCHTIME	132	2	4	127080	7288	489	462	155	118686	124758993270816	124758782404528	420
XCHTIME	0	0	0	0	0	0	0	0	0	0	0	0
XCHTIME	132	2	6	1168326	247	751	403	181	1166744	124758993270816	124758782404528	420
XCHTIME	0	0	0	0	0	0	0	0	0	0	0	0
XCHTIME	132	2	5	231031	380	767	477	176	229231	124758993270816	124758782404528	420
XCHTIME	0	0	0	0	0	0	0	0	0	0	0	0
XCHTIME	132	4	18	1306614	235	628	694	618	1304439	124758993270816	124758782404528	420
LADGATE	132	10000	0.217	1
XCHTIME	0	0	0	0	0	0	0	0	0	0	0	0
XCHTIME	132	5	26	1730711	715	1287	1068	983	1726658	124758993270816	124758782404528	420
XCHTIME	0	0	0	0	0	0	0	0	0	0	0	0
XCHTIME	132	4	66	1106969	383	722	679	2333	1102852	124758993270816	124758782404528	420
XCHTIME	0	0	0	0	0	0	0	0	0	0	0	0
XCHTIME	132	4	15	349843	290	848	669	483	347553	124758993270816	124758782404528	420
XCHTIME	0	0	0	0	0	0	0	0	0	0	0	0
XCHTIME	132	4	10	201028	179	783	632	234	199200	124758993270816	124758782404528	420
XCHTIME	0	0	0	0	0	0	0	0	0	0	0	0
XCHTIME	132	4	18	1337167	272	716	688	687	1334804	124758993270816	124758782404528	420
XCHTIME	0	0	0	0	0	0	0	0	0	0	0	0
XCHTIME	132	4	11	137477	258	705	622	280	135612	124758993270816	124758782404528	420
XCHTIME	0	0	0	0	0	0	0	0	0	0	0	0
XCHTIME	132	4	14	552823	160	661	677	384	550941	124758993270816	124758782404528	420
XCHTIME	0	0	0	0	0	0	0	0	0	0	0	0
XCHTIME	132	4	13	810099	175	701	747	430	808046	124758993270816	124758782404528	420
XCHTIME	0	0	0	0	0	0	0	0	0	0	0	0
XCHTIME	132	4	16	5776440	294	609	1303	640	5773594	124758993270816	124758782404528	420
XCHTIME	0	0	0	0	0	0	0	0	0	0	0	0
XCHTIME	132	4	6	102244	463	1325	680	206	99570	124758993270816	124758782404528	420
LIFT	clay0203m	132	63	282	63
COUNTS	clay0203m	132	420	1348	1348
XCHTIME	0	0	0	0	0	0	0	0	0	0	0	0
XCHTIME	13680	1	0	5955801	3468300	1198125	1150606	0	138770	124758758880224	124758787441024	36000
XCHTIME	0	0	0	0	0	0	0	0	0	0	0	0
XCHTIME	13680	1	0	4369648	16817	1167399	1144122	0	2041310	124758758880224	124758787441024	36000
XCHTIME	0	0	0	0	0	0	0	0	0	0	0	0
XCHTIME	13680	1	0	3475962	20641	1174690	1140257	0	1140374	124758758880224	124758787441024	36000
XCHTIME	0	0	0	0	0	0	0	0	0	0	0	0
XCHTIME	13680	1	0	8151001	17820	1146619	1130316	0	5856246	124758758880224	124758787441024	36000
LADGATE	13680	10000	0.374	0
XCHTIME	0	0	0	0	0	0	0	0	0	0	0	0
XCHTIME	13680	5	26	52078626	19370	1185680	5808984	15495	45049097	124758758880224	124758787441024	36000
XCHTIME	0	0	0	0	0	0	0	0	0	0	0	0
XCHTIME	13680	1	0	4335756	20882	1194784	1130283	0	1989807	124758758880224	124758787441024	36000
XCHTIME	0	0	0	0	0	0	0	0	0	0	0	0
XCHTIME	13680	1	0	4349211	20433	1173851	1136170	0	2018757	124758758880224	124758787441024	36000
XCHTIME	0	0	0	0	0	0	0	0	0	0	0	0
XCHTIME	13680	1	0	8481447	21340	1168708	1135719	0	6155680	124758758880224	124758787441024	36000
XCHTIME	0	0	0	0	0	0	0	0	0	0	0	0
XCHTIME	13680	1	0	8179878	20673	1181131	1141844	0	5836230	124758758880224	124758787441024	36000
XCHTIME	0	0	0	0	0	0	0	0	0	0	0	0
XCHTIME	13680	1	0	8510674	20263	1208971	1138241	0	6143199	124758758880224	124758787441024	36000
XCHTIME	0	0	0	0	0	0	0	0	0	0	0	0
XCHTIME	13680	1	0	8463869	20347	1190243	1146679	0	6106600	124758758880224	124758787441024	36000
XCHTIME	0	0	0	0	0	0	0	0	0	0	0	0
XCHTIME	13680	1	0	8373052	20638	1179588	1131209	0	6041617	124758758880224	124758787441024	36000
XCHTIME	0	0	0	0	0	0	0	0	0	0	0	0
XCHTIME	13680	1	0	8332999	20319	1217901	1128627	0	5966152	124758758880224	124758787441024	36000
XCHTIME	0	0	0	0	0	0	0	0	0	0	0	0
XCHTIME	13680	1	0	8215997	20326	1186910	1141326	0	5867435	124758758880224	124758787441024	36000
LIFT	squfl030-150	13680	4680	18000	4680
COUNTS	squfl030-150	13680	36000	252605	252605

--- every order() call, slowest first (TSV) ---
secs	matrix	n	nnz	ratio
1.4045	chimera_selby-c16-02	2031	10878	0.5368
1.3739	chimera_selby-c16-01	2031	10964	0.6669
1.2956	crudeoil_pooling_ct3	2644	11426	0.6262
1.2604	crudeoil_lee4_10	17809	120632	0.6147
1.2042	ringpack_30_2	17999	121458	0.2311
1.1886	crudeoil_lee4_09	15904	101792	0.6171
1.1807	arki0016	7993	37208	0.9510
1.1647	gams05	17364	252910	0.5268
1.1236	crudeoil_lee4_06	10429	55492	0.4957
1.1064	crudeoil_pooling_dt2	18742	75910	0.6610
1.0577	rsyn0805m03m	2868	8270	0.8992
1.0551	popdynm200	22407	105584	0.9364
1.0427	pinene200	19995	97990	0.8339
1.0363	chp_partload	5211	16740	0.7328
1.0337	transswitch0300p	11659	48446	0.9267
1.0183	crudeoil_lee2_06	6418	34646	0.6841
1.0091	chp_shorttermplan2d	16364	52108	0.5025
0.9996	procurement1large	14416	41068	0.5277
0.9994	gasprod_sarawak81	22536	75636	0.9118
0.9872	powerflow0300p	11251	41918	0.9518
0.9853	mpbp_35	11120	40790	0.3212
0.9699	nuclear10a	17493	163816	0.6706
0.9416	rsyn0840m04m	8508	24272	0.8081
0.9353	mpbp_07	9532	30810	0.9120
0.9266	crudeoil_lee1_07	3670	19322	0.7388
0.9204	powerflow0118p	5065	18730	0.9656
0.9152	sfacloc2_3_80	4799	20600	0.9580
0.9135	mpbp_15	9858	31692	0.7778
0.9031	squfl015-060	2775	7200	1.0000
0.9015	gasprod_sarawak16	4596	15316	0.9168
0.8996	gabriel09	21688	89702	0.8704
0.8775	sfacloc2_4_80	5067	21424	0.9552
0.8597	nuclear104	39098	257806	0.7593
0.8493	rsyn0815m04m	5456	15756	0.7779
0.8416	mpbp_47	5310	17098	0.8927
0.8344	hydroenergy2	2092	6236	0.8112
0.8262	popdynm25	2807	13904	0.7963
0.8094	arki0013	44909	160172	0.4021
0.8089	batchs201210m	5188	17910	0.8685
0.8056	waste	4825	21504	0.8654
0.8049	nd_netgen-2000-3-4-b-a-ns_7	22074	60000	0.9424
0.7895	chimera_rfr-02	2032	15140	0.6441
0.7874	chimera_k64ising-02	1225	3846	0.6051
0.7846	methanol400	23999	151728	0.6931
0.7798	rsyn0830m04m	7252	20752	0.8085
0.7775	chp_shorttermplan1a	4952	15700	0.7957
0.7762	mpbp_48	28368	91016	0.4772
0.7757	crudeoil_li05	4225	14628	0.7845
0.7754	rsyn0810m02hfsg	2670	6964	0.9406
0.7750	rsyn0810m04m	4772	13836	0.7672
0.7733	multiplants_stg1b	814	3992	0.6079
0.7694	mpbp_34	11556	40860	0.2880
0.7675	rsyn0820m04m	6028	17372	0.7758
0.7650	emfl100_5_5	21925	52300	1.0000
0.7513	mpbp_21	11716	37660	0.8615
0.7512	faclay30	16678	82242	0.9552
0.7499	nuclear25a	1942	16030	0.5747
0.7424	crudeoil_pooling_dt3	30660	152210	0.7100
0.7414	edgecross24-115	16747	77352	0.8054
0.7317	rsyn0820m02m	2486	6932	0.9328
0.7309	multiplants_stg1	736	3594	0.7853
0.7294	syn40m04m	4960	13792	0.9588
0.7276	squfl010-080	2490	6400	1.0000
0.7261	multiplants_mtg1b	645	4404	0.6627
0.7222	multiplants_stg1a	726	3510	0.8549
0.7196	chimera_mgw-c16-2031-01	2032	15900	0.7721
0.7163	p_ball_30b_7p_2d_h	2207	7516	0.9968
0.7154	multiplants_stg5	827	3804	0.4122
0.7140	multiplants_stg1c	800	3894	0.9532
0.7101	gabriel10	244056	1148210	0.9285
0.7081	sporttournament48	1131	6676	0.6439
0.7072	sonet24v5	874	7260	0.5940
0.7050	catmix400	2001	11192	0.9998
0.7020	ndcc12	974	5982	0.9533
0.6996	kall_circlespolygons_c1p5b	1681	7432	0.9608
0.6980	batchs121208m	3404	11462	0.9332
0.6972	methanol200	11999	76128	0.7018
0.6925	netmod_kar1	1746	4928	0.7717
0.6909	squfl025-030	2305	6000	1.0000
0.6863	crudeoil_pooling_ct1	1271	4642	0.7501
0.6850	chp_shorttermplan2a	8992	26288	0.7007
0.6824	supplychainr1_053050	16640	57800	1.0000
0.6722	sonet23v4	803	6462	0.6753
0.6681	ndcc13	969	5882	0.6183
0.6625	rsyn0815m02hfsg	3054	7968	0.9278
0.6614	pooling_foulds5tp	1218	8364	0.6828
0.6592	squfl020-150	9170	24000	1.0000
0.6547	squfl010-040persp	2450	7200	1.0000
0.6515	pooling_sppa9tp	5040	121302	0.1613
0.6445	rsyn0840m02m	3486	9576	0.9464
0.6411	pooling_sppc3pq	23173	893724	0.2822
0.6374	chimera_lga-01	1120	6400	0.7441
0.6321	risk2bpb	1462	5396	0.5574
0.6262	qapw	705	87496	1.0000
0.6244	pooling_sppa0pq	1649	24192	0.3171
0.6234	mpbp_46	4518	14492	0.8960
0.6201	acopf_case9241pegase_qcqp	313068	1292408	0.9737
0.6127	slay09h	2718	7488	0.8982
0.6048	kan_r3_h1_n4	3183	14062	0.9405
0.6044	oil	3270	8430	0.9572
0.6018	pooling_foulds4pq	1294	8302	0.9989
0.5998	chimera_mgw-c8-439-onc8-001	440	3040	0.7522
0.5959	torsion50	2508	29808	0.6617
0.5926	syn30m03m	2508	6804	0.9905
0.5860	ndcc12persp	1112	5522	0.9521
0.5836	ringpack_20_2	6089	40368	0.3779
0.5785	rocket50	555	3488	0.9641
0.5748	faclay75	272878	1379706	0.9405
0.5716	ringpack_20_3	6709	45220	0.3584
0.5686	arki0002	4432	11248	0.9764
0.5685	kall_circlesrectangles_c6r39	1306	5378	0.9850
0.5683	chimera_mgw-c8-439-onc8-002	440	3038	0.8820
0.5617	pooling_sppb5pq	18529	674470	0.4077
0.5606	pooling_foulds5pq	1218	8300	1.0000
0.5568	rsyn0830hfsg	1590	4100	0.9514
0.5500	syn30m02m	1492	3936	0.9784
0.5461	forest	713	2658	0.9933
0.5450	gancns	548	2800	0.8421
0.5382	transswitch2383wpr	59853	277562	0.9785
0.5370	maxcsp-langford-3-11	660	29646	0.3098
0.5348	sonet21v6	8232	40744	0.9650
0.5319	rsyn0815m	821	2242	0.9377
0.5284	supplychainr1_022020	4620	15680	0.9999
0.5278	space25a	634	3246	0.9586
0.5252	clay0305hfsg	1000	2910	0.9168
0.5207	faclay35	26778	132380	0.9522
0.5142	syn40m04hfsg	6328	16896	0.9649
0.5051	waternd2	615	2580	0.4806
0.4987	powerflow0030p	1121	4194	0.9478
0.4985	squfl030-150	13680	36000	1.0000
0.4945	syn15m04m	1908	5288	0.9604
0.4938	pooling_digabel19	514	5340	0.8433
0.4917	sfacloc2_4_90	1491	4500	0.9104
0.4887	edgecross10-030	1053	4654	0.7367
0.4884	p_ball_30b_5p_2d_h	1543	5224	0.9961
0.4861	catmix200	1001	5592	0.9995
0.4838	nd_netgen-3000-1-1-b-b-ns_7	33155	90000	0.9599
0.4735	blend146	1422	4460	0.8232
0.4702	wastewater13m1	481	3252	0.9989
0.4647	blend718	1386	4310	0.8737
0.4576	tls6	413	2860	0.9474
0.4573	transswitch2736spr	69651	331010	0.9179
0.4569	chain400	1201	4796	1.0000
0.4548	glider400	10017	49624	0.8777
0.4511	blend721	1428	4548	0.8528
0.4449	p_ball_10b_7p_3d_h	1236	4186	0.9739
0.4432	edgecross14-156	3097	19664	0.9254
0.4428	chain200	601	2396	1.0000
0.4306	sonetgr17	440	2958	0.8190
0.4297	edgecross10-040	1053	5116	0.8867
0.4268	rsyn0840m	1159	3168	0.9404
0.4159	waterund14	333	2204	0.3600
0.4094	squfl015-080persp	7295	21600	1.0000
0.4093	pooling_sppa9pq	5030	120730	0.6312
0.4091	edgecross10-080	1053	5940	0.9638
0.4078	slay05h	760	2080	0.8961
0.4072	unitcommit_200_100_1_mod_8	146830	476332	0.9764
0.4055	sporttournament18	156	886	0.7746
0.4022	fo9_ar25_1	1049	4336	0.9177
0.4019	o9_ar4_1	1049	4336	0.9177
0.4014	pooling_sppc1pq	14100	477680	0.1683
0.3952	knp5-44	2157	32604	1.0000
0.3950	syn40hfsg	1022	2624	0.9671
0.3947	space25	1178	4334	0.9559
0.3922	edgecross10-090	1053	5204	0.8181
0.3884	korcns	156	712	0.9113
0.3877	primary	378	5610	0.8688
0.3815	syn40m	560	1528	0.9644
0.3801	knp5-43	2065	31132	1.0000
0.3768	syn10m04m	1224	3384	0.9972
0.3732	ex1265a	123	560	0.9498
0.3709	emfl100_3_3	6885	15948	1.0000
0.3669	emfl050_5_5	13175	32300	1.0000
0.3668	slay08m	660	2016	1.0000
0.3663	graphpart_clique-30	120	2790	0.7961
0.3661	hydroenergy1	1046	3024	1.0000
0.3649	clay0204hfsg	590	1696	0.9116
0.3644	wastepaper4	115	724	0.7397
0.3643	powerflow0014r	403	1630	0.9628
0.3639	wastepaper6	191	1416	1.0000
0.3614	ex8_3_9	123	834	0.7643
0.3581	syn10m03hfsg	1071	2772	0.9921
0.3535	waterund11	160	828	0.7224
0.3499	waterund01	96	404	0.7297
0.3481	sssd20-08persp	356	1232	1.0000
0.3465	p_ball_10b_5p_4d_m	403	1484	0.9784
0.3442	lop97icx	1073	2118	0.8078
0.3435	sssd18-08persp	338	1168	1.0000
0.3429	kissing2	20772	401024	1.0000
0.3425	p_ball_10b_5p_2d_m	293	964	0.9848
0.3379	qspp_0_14_0_1_10_1	560	120274	0.9950
0.3378	wastewater05m1	98	536	0.6845
0.3376	st_e31	301	744	0.9389
0.3343	genpooling_lee2	221	1048	0.7051
0.3338	demo7	155	618	0.9573
0.3336	graphpart_clique-20	80	1260	0.7985
0.3307	pooling_rt2tp	118	654	0.9864
0.3298	graphpart_3g-0244-0244	128	672	0.9727
0.3294	squfl025-025persp	3800	11250	1.0000
0.3256	slay07m	497	1512	1.0000
0.3235	pooling_adhya4pq	170	932	0.6809
0.3165	st_rv9	90	840	0.9447
0.3157	graphpart_clique-70	280	14910	0.8103
0.3082	waterund08	230	1290	0.8534
0.3063	sssd25-08	401	1200	1.0000
0.3041	orth_d4m6_pl	172	1096	0.9785
0.3017	clay0203m	132	420	1.0000
0.2975	graphpart_3g-0333-0333	108	648	0.8064
0.2974	clay0304m	258	840	1.0000
0.2968	clay0204m	222	704	1.0000
0.2938	st_test8	64	232	0.8382
0.2932	slay06m	357	1080	1.0000
0.2922	slay05m	240	720	1.0000
0.2909	pooling_adhya4tp	170	936	0.7667
0.2892	prolog	64	292	0.9839
0.2891	cont6-qq	120395	557994	0.6962
0.2862	syn15hfsg	399	1022	0.9915
0.2860	st_m2	72	1226	1.0000
0.2848	tspn08	72	668	0.6863
0.2811	ex1263a	94	390	1.0000
0.2767	csched1	110	376	1.0000
0.2726	elf	124	376	0.7951
0.2702	qspp_0_13_0_1_10_1	481	88522	0.9948
0.2674	wastewater02m1	36	138	0.9316
0.2664	meanvar-orl400_05_e_7	5205	174804	0.9998
0.2626	meanvar-orl400_05_e_8	4405	171604	1.0000
0.2583	st_rv2	40	340	1.0000
0.2567	sporttournament08	31	156	1.0000
0.2536	ex8_4_1	32	100	1.0000
0.2508	maxmin	181	1440	1.0000
0.2507	slay04m	146	432	1.0000
0.2507	maxcsp-ehi-85-297-71	2372	207996	0.8040
0.2504	ex7_2_1	35	134	0.9688
0.2439	qspp_0_10_0_1_10_1	280	29636	0.9946
0.2428	st_bpaf1a	30	120	0.9310
0.2421	pooling_haverly1pq	31	96	0.9782
0.2414	qspp_0_11_0_1_10_1	341	44264	0.9911
0.2377	pooling_haverly1tp	31	96	0.9527
0.2370	st_jcbpaf2	36	246	0.9437
0.2369	hybriddynamic_fixed	168	388	1.0000
0.2329	st_e07	19	60	1.0000
0.2288	nvs05	22	84	0.9603
0.2233	st_m1	42	432	1.0000
0.2227	pointpack04	29	120	1.0000
0.2221	qap	255	43748	0.9599
0.2216	prob02	22	76	0.8689
0.2210	sssd15-04	163	440	1.0000
0.2196	ex5_2_4	18	62	0.9461
0.2192	kall_diffcircles_6	76	302	1.0000
0.2154	watercontamination0303r	1310	37028	1.0000
0.2145	pointpack06	55	276	1.0000
0.2135	st_qpk3	55	548	0.6881
0.2066	st_ph1	16	58	0.8504
0.2050	sep1	69	206	0.9544
0.1965	ex1223	33	82	1.0000
0.1874	tln2	32	88	1.0000
0.1852	ex1223b	25	66	1.0000
0.1835	ex2_1_3	31	72	1.0000
0.1823	ex6_1_4	10	48	0.7766
0.1798	ex8_1_7	14	46	0.9343
0.1784	himmel11	14	60	1.0000
0.1783	ex9_1_2	19	54	0.9521
0.1774	ex9_2_6	28	68	1.0000
0.1769	ex1225	26	66	0.9415
0.1754	st_bsj2	13	40	0.7972
0.1716	nvs02	11	46	1.0000
0.1598	st_glmp_ss2	18	48	1.0000
0.1587	st_glmp_ss1	24	66	1.0000
0.1572	oaer	20	40	1.0000
0.1568	ex3_1_3	18	36	0.9222
0.1552	st_bpk1	16	44	0.9391
0.1519	st_ph13	23	68	0.8599
0.1370	ex9_2_4	15	36	1.0000
0.1319	st_pan1	11	32	0.7642
0.1266	ex14_1_8	11	30	1.0000
0.1209	st_ht	8	18	0.8627
0.1163	st_e22	12	30	0.9091
0.0002	polygon75	5846	49652	1.0000
0.0001	pedigree_sim400	351	23546	0.9997
0.0000	camshape400	2000	7188	1.0000
0.0000	autocorr_bern40-30	43	1534	1.0000
0.0000	smallinvDAXr1b010-011	39	1120	0.9859
0.0000	autocorr_bern35-35fix	38	1264	1.0000
0.0000	autocorr_bern30-23	33	878	1.0000
0.0000	cvxnonsep_psig30	30	870	1.0000
0.0000	autocorr_bern25-19	28	612	1.0000
0.0000	autocorr_bern20-15	23	394	1.0000
0.0000	st_qpc-m3a	30	304	0.6755
0.0000	cvxnonsep_psig20	20	380	1.0000
0.0000	nvs23	27	252	0.6356
0.0000	nvs19	24	200	0.6534
0.0000	st_iqpbk1	22	98	1.0000
0.0000	cvxnonsep_normcon40r	162	322	1.0000
0.0000	st_e25	20	92	0.7798
0.0000	cvxnonsep_psig30r	126	250	1.0000
0.0000	cvxnonsep_normcon20r	82	162	1.0000
0.0000	st_e41	8	32	1.0000
0.0000	st_e24	10	26	0.8906
0.0000	st_miqp2	10	18	1.0000
0.0000	cvxnonsep_psig20r	86	170	1.0000
matrices under 0.010s: 23/300
matrices under 0.050s: 23/300
matrices under 0.100s: 23/300
matrices under 0.200s: 46/300
matrices under 0.400s: 139/300

--- per-bucket ---
lt_1k    count=147   geomean=0.8873
1k_10k   count=108   geomean=0.8373
gt_10k   count=45    geomean=0.6826
SCORE = 0.790418
WORST order() = 1.405 s
FORCEAUDIT	stage1b_sites=39	force_fires=0	unsound=0	core_total_mismatch=0	max_drift_ppm=0	worst_incumbent=0	worst_adopted=0	tie_window_opened=16	tie_pass_run=2
ok

test result: ok. 1 passed; 0 failed; 0 ignored; 0 measured; 180 filtered out; finished in 146.26s

