probe binary: /home/frosty/angelX/.tmp/live-performance-20260911/matrices-deepseek/target/probe/release/deps/ssi_candidate_worker-9bc17c144118ca64

running 1 test
test ordering::probe::probe_timing_and_score ... XCHTIME	0	0	0	0	0	0	0	0	0	0	0	0
XCHTIME	357	2	4	147324	8831	1306	1285	183	135719	134713528339520	134713528342400	1080
XCHTIME	0	0	0	0	0	0	0	0	0	0	0	0
XCHTIME	357	2	6	497531	335	1360	1206	271	494359	134713528339520	134713528342400	1080
XCHTIME	0	0	0	0	0	0	0	0	0	0	0	0
XCHTIME	357	2	5	211083	299	1163	1242	177	208202	134713528339520	134713528342400	1080
XCHTIME	0	0	0	0	0	0	0	0	0	0	0	0
XCHTIME	357	4	18	665756	296	1049	2205	901	661305	134713528339520	134713528342400	1080
LADGATE	357	10000	0.214	1
XCHTIME	0	0	0	0	0	0	0	0	0	0	0	0
XCHTIME	357	5	26	1125094	553	2231	2968	1309	1118033	134713528339520	134713528342400	1080
XCHTIME	0	0	0	0	0	0	0	0	0	0	0	0
XCHTIME	357	2	19	7087922	310	1171	1070	891	7084480	134713528339520	134713528342400	1080
XCHTIME	0	0	0	0	0	0	0	0	0	0	0	0
XCHTIME	357	4	15	336898	402	1388	2490	695	331923	134713528339520	134713528342400	1080
XCHTIME	0	0	0	0	0	0	0	0	0	0	0	0
XCHTIME	357	4	10	245784	349	1130	2467	303	241535	134713528339520	134713528342400	1080
XCHTIME	0	0	0	0	0	0	0	0	0	0	0	0
XCHTIME	357	4	18	675995	255	965	2387	791	671597	134713528339520	134713528342400	1080
XCHTIME	0	0	0	0	0	0	0	0	0	0	0	0
XCHTIME	357	4	11	198375	376	1170	2277	374	194178	134713528339520	134713528342400	1080
XCHTIME	0	0	0	0	0	0	0	0	0	0	0	0
XCHTIME	357	4	14	402524	297	980	2390	560	398297	134713528339520	134713528342400	1080
XCHTIME	0	0	0	0	0	0	0	0	0	0	0	0
XCHTIME	357	4	13	642967	285	916	2300	525	638941	134713528339520	134713528342400	1080
XCHTIME	0	0	0	0	0	0	0	0	0	0	0	0
XCHTIME	357	4	16	2132231	419	1086	3171	872	2126683	134713528339520	134713528342400	1080
XCHTIME	0	0	0	0	0	0	0	0	0	0	0	0
XCHTIME	357	4	6	150313	914	1487	2151	227	145534	134713528339520	134713528342400	1080
LIFT	slay06m	357	147	660	147
COUNTS	slay06m	357	1080	4025	4025
XCHTIME	0	0	0	0	0	0	0	0	0	0	0	0
XCHTIME	401	2	4	301492	5728	1614	1875	188	292087	134713528359520	134713528362752	1200
XCHTIME	0	0	0	0	0	0	0	0	0	0	0	0
XCHTIME	401	2	6	2507528	374	1774	1924	262	2503194	134713528359520	134713528362752	1200
XCHTIME	0	0	0	0	0	0	0	0	0	0	0	0
XCHTIME	401	2	5	807764	482	1898	1473	206	803705	134713528359520	134713528362752	1200
XCHTIME	0	0	0	0	0	0	0	0	0	0	0	0
XCHTIME	401	4	18	4881941	316	1472	2959	925	4876269	134713528359520	134713528362752	1200
LADGATE	401	10000	0.241	1
XCHTIME	0	0	0	0	0	0	0	0	0	0	0	0
XCHTIME	401	5	26	6127902	491	1320	3776	1396	6120919	134713528359520	134713528362752	1200
XCHTIME	0	0	0	0	0	0	0	0	0	0	0	0
XCHTIME	401	4	66	1577125	465	1447	2985	2507	1569721	134713528359520	134713528362752	1200
XCHTIME	0	0	0	0	0	0	0	0	0	0	0	0
XCHTIME	401	4	15	894467	456	1398	3255	582	888776	134713528359520	134713528362752	1200
XCHTIME	0	0	0	0	0	0	0	0	0	0	0	0
XCHTIME	401	4	10	549743	374	1385	3201	398	544385	134713528359520	134713528362752	1200
XCHTIME	0	0	0	0	0	0	0	0	0	0	0	0
XCHTIME	401	4	18	4941136	316	1300	3891	1235	4934394	134713528359520	134713528362752	1200
XCHTIME	0	0	0	0	0	0	0	0	0	0	0	0
XCHTIME	401	4	11	289813	723	1556	2982	427	284125	134713528359520	134713528362752	1200
XCHTIME	0	0	0	0	0	0	0	0	0	0	0	0
XCHTIME	401	4	14	1532649	344	1258	2828	598	1527621	134713528359520	134713528362752	1200
XCHTIME	0	0	0	0	0	0	0	0	0	0	0	0
XCHTIME	401	4	13	3190957	414	1351	2918	533	3185741	134713528359520	134713528362752	1200
XCHTIME	0	0	0	0	0	0	0	0	0	0	0	0
XCHTIME	401	4	16	14557091	460	1475	4077	817	14550262	134713528359520	134713528362752	1200
XCHTIME	0	0	0	0	0	0	0	0	0	0	0	0
XCHTIME	401	4	6	216570	815	2715	3004	241	209795	134713528359520	134713528362752	1200
LIFT	sssd25-08	401	89	640	89
COUNTS	sssd25-08	401	1200	5389	5389
XCHTIME	0	0	0	0	0	0	0	0	0	0	0	0
XCHTIME	4772	1	0	2698625	401164	191167	178551	0	1927743	134713528781344	134713631989776	13836
XCHTIME	0	0	0	0	0	0	0	0	0	0	0	0
XCHTIME	4772	1	0	3888276	7204	188769	181854	0	3510449	134713528781344	134713631989776	13836
XCHTIME	0	0	0	0	0	0	0	0	0	0	0	0
XCHTIME	4772	1	0	2954090	6451	196388	197423	0	2553828	134713528781344	134713631989776	13836
XCHTIME	0	0	0	0	0	0	0	0	0	0	0	0
XCHTIME	4772	1	0	10806722	6447	190887	178402	0	10430986	134713528781344	134713631989776	13836
LADGATE	4772	10000	0.607	1
XCHTIME	0	0	0	0	0	0	0	0	0	0	0	0
XCHTIME	4772	5	26	73582445	7208	217094	966477	8295	72383371	134713528781344	134713631989776	13836
XCHTIME	0	0	0	0	0	0	0	0	0	0	0	0
XCHTIME	4772	4	66	5817399	7540	206134	733981	12526	4857218	134713528781344	134713631989776	13836
XCHTIME	0	0	0	0	0	0	0	0	0	0	0	0
XCHTIME	4772	4	15	6248765	6809	197657	718031	4342	5321926	134713528781344	134713631989776	13836
XCHTIME	0	0	0	0	0	0	0	0	0	0	0	0
XCHTIME	4772	4	10	5984622	7019	183482	701730	2856	5089535	134713528781344	134713631989776	13836
XCHTIME	0	0	0	0	0	0	0	0	0	0	0	0
XCHTIME	4772	3	15	12298710	7315	202729	565826	4487	11518353	134713528781344	134713631989776	13836
XCHTIME	0	0	0	0	0	0	0	0	0	0	0	0
XCHTIME	4772	4	11	5408650	6968	204454	687255	3252	4506721	134713528781344	134713631989776	13836
XCHTIME	0	0	0	0	0	0	0	0	0	0	0	0
XCHTIME	4772	4	14	8776800	6588	166632	709488	3972	7890120	134713528781344	134713631989776	13836
XCHTIME	0	0	0	0	0	0	0	0	0	0	0	0
XCHTIME	4772	4	13	11941589	6844	183923	774218	3509	10973095	134713528781344	134713631989776	13836
XCHTIME	0	0	0	0	0	0	0	0	0	0	0	0
XCHTIME	4772	1	0	10627708	7128	185364	184024	0	10251192	134713528781344	134713631989776	13836
XCHTIME	0	0	0	0	0	0	0	0	0	0	0	0
XCHTIME	4772	4	6	4956924	6638	217089	672121	1788	4059288	134713528781344	134713631989776	13836
LIFT	rsyn0810m04m	4772	2520	9996	2520
COUNTS	rsyn0810m04m	4772	13836	147553	113207
LIFT	pooling_sppc3pq	23173	12327	872032	12327
COUNTS	pooling_sppc3pq	23173	893724	1153877333	325595394
XCHTIME	0	0	0	0	0	0	0	0	0	0	0	0
XCHTIME	1131	2	4	2807479	25940	5090	7936	566	2767947	134713535050000	134713534677664	6676
XCHTIME	0	0	0	0	0	0	0	0	0	0	0	0
XCHTIME	1131	1	0	9142339	2021	5950	3630	0	9130738	134713535050000	134713534677664	6676
XCHTIME	0	0	0	0	0	0	0	0	0	0	0	0
XCHTIME	1131	2	5	6924341	3325	10173	8843	760	6901240	134713535050000	134713534677664	6676
XCHTIME	0	0	0	0	0	0	0	0	0	0	0	0
XCHTIME	1131	2	5	18117856	2158	5884	10654	806	18098354	134713535050000	134713534677664	6676
LADGATE	1131	10000	0.552	1
XCHTIME	0	0	0	0	0	0	0	0	0	0	0	0
XCHTIME	1131	4	10	5535792	3664	10298	15811	1321	5504698	134713535050000	134713534677664	6676
XCHTIME	0	0	0	0	0	0	0	0	0	0	0	0
XCHTIME	1131	4	66	6078150	2896	6868	16857	10131	6041398	134713535050000	134713534677664	6676
XCHTIME	0	0	0	0	0	0	0	0	0	0	0	0
XCHTIME	1131	4	15	8657033	2381	7184	22222	1947	8623299	134713535050000	134713534677664	6676
XCHTIME	0	0	0	0	0	0	0	0	0	0	0	0
XCHTIME	1131	4	10	5476615	3680	5440	15152	1238	5451105	134713535050000	134713534677664	6676
XCHTIME	0	0	0	0	0	0	0	0	0	0	0	0
XCHTIME	1131	2	5	18029927	1901	5477	10118	711	18011720	134713535050000	134713534677664	6676
XCHTIME	0	0	0	0	0	0	0	0	0	0	0	0
XCHTIME	1131	4	11	3471127	2808	7802	18571	1446	3440500	134713535050000	134713534677664	6676
XCHTIME	0	0	0	0	0	0	0	0	0	0	0	0
XCHTIME	1131	4	14	18585601	2381	4768	21282	1772	18555398	134713535050000	134713534677664	6676
XCHTIME	0	0	0	0	0	0	0	0	0	0	0	0
XCHTIME	1131	3	12	18473880	2939	6450	14921	1765	18447805	134713535050000	134713534677664	6676
XCHTIME	0	0	0	0	0	0	0	0	0	0	0	0
XCHTIME	1131	1	0	18238275	2907	8936	3875	0	18222557	134713535050000	134713534677664	6676
XCHTIME	0	0	0	0	0	0	0	0	0	0	0	0
XCHTIME	1131	4	6	2540922	3673	13015	16841	711	2506682	134713535050000	134713534677664	6676
LIFT	sporttournament48	1131	721	7408	721
COUNTS	sporttournament48	1131	6676	919582	592120
XCHTIME	0	0	0	0	0	0	0	0	0	0	0	0
XCHTIME	5030	1	0	2071616	636530	229951	229257	0	975878	134713539257056	134713535132640	120730
XCHTIME	0	0	0	0	0	0	0	0	0	0	0	0
XCHTIME	5030	1	0	2939535	49227	195323	189192	0	2505793	134713539257056	134713535132640	120730
XCHTIME	0	0	0	0	0	0	0	0	0	0	0	0
XCHTIME	5030	1	0	2005044	49045	239186	207011	0	1509802	134713539257056	134713535132640	120730
XCHTIME	0	0	0	0	0	0	0	0	0	0	0	0
XCHTIME	5030	1	0	7894262	47346	215331	205235	0	7426350	134713539257056	134713535132640	120730
LADGATE	5030	10000	0.390	1
LIFT	pooling_sppa9pq	5030	2509	126346	2509
COUNTS	pooling_sppa9pq	5030	120730	23971280	15130622
XCHTIME	0	0	0	0	0	0	0	0	0	0	0	0
XCHTIME	1053	2	4	472699	21857	8122	6506	198	436016	134713528746384	134713534943904	5204
XCHTIME	0	0	0	0	0	0	0	0	0	0	0	0
XCHTIME	1053	2	6	4665070	863	3010	7475	272	4653450	134713528746384	134713534943904	5204
XCHTIME	0	0	0	0	0	0	0	0	0	0	0	0
XCHTIME	1053	2	5	1489818	2196	5291	6699	286	1475346	134713528746384	134713534943904	5204
XCHTIME	0	0	0	0	0	0	0	0	0	0	0	0
XCHTIME	1053	4	18	9022368	1085	3547	16698	749	9000289	134713528746384	134713534943904	5204
LADGATE	1053	10000	0.316	1
XCHTIME	0	0	0	0	0	0	0	0	0	0	0	0
XCHTIME	1053	5	26	11549107	2691	6963	20748	1146	11517559	134713528746384	134713534943904	5204
XCHTIME	0	0	0	0	0	0	0	0	0	0	0	0
XCHTIME	1053	4	66	450201	2623	6371	12708	2314	426185	134713528746384	134713534943904	5204
XCHTIME	0	0	0	0	0	0	0	0	0	0	0	0
XCHTIME	1053	4	15	1533403	809	3059	12732	617	1516186	134713528746384	134713534943904	5204
XCHTIME	0	0	0	0	0	0	0	0	0	0	0	0
XCHTIME	1053	4	10	767779	1298	3589	12411	376	750105	134713528746384	134713534943904	5204
XCHTIME	0	0	0	0	0	0	0	0	0	0	0	0
XCHTIME	1053	4	18	8887638	931	2983	15539	826	8867359	134713528746384	134713534943904	5204
XCHTIME	0	0	0	0	0	0	0	0	0	0	0	0
XCHTIME	1053	4	11	509722	1993	5113	12584	473	489559	134713528746384	134713534943904	5204
XCHTIME	0	0	0	0	0	0	0	0	0	0	0	0
XCHTIME	1053	4	14	2849843	1165	3259	13954	556	2830909	134713528746384	134713534943904	5204
XCHTIME	0	0	0	0	0	0	0	0	0	0	0	0
XCHTIME	1053	4	13	5246789	1472	3709	14712	651	5226245	134713528746384	134713534943904	5204
XCHTIME	0	0	0	0	0	0	0	0	0	0	0	0
XCHTIME	1053	3	15	17720065	2049	6119	30671	871	17680355	134713528746384	134713534943904	5204
XCHTIME	0	0	0	0	0	0	0	0	0	0	0	0
XCHTIME	1053	4	6	395408	3336	5207	15023	270	371572	134713528746384	134713534943904	5204
LIFT	edgecross10-090	1053	571	4240	571
COUNTS	edgecross10-090	1053	5204	126115	103179
LIFT	maxcsp-ehi-85-297-71	2372	2075	216272	2075
COUNTS	maxcsp-ehi-85-297-71	2372	207996	1381768944	1110971341
XCHTIME	0	0	0	0	0	0	0	0	0	0	0	0
XCHTIME	30	2	4	48989	4070	1281	198	112	43328	134713534637360	134713528323008	120
XCHTIME	0	0	0	0	0	0	0	0	0	0	0	0
XCHTIME	30	2	6	447212	180	371	156	121	446384	134713534637360	134713528323008	120
XCHTIME	0	0	0	0	0	0	0	0	0	0	0	0
XCHTIME	30	2	5	188765	110	254	105	102	188194	134713534637360	134713528323008	120
XCHTIME	0	0	0	0	0	0	0	0	0	0	0	0
XCHTIME	30	4	18	821818	114	374	379	385	820566	134713534637360	134713528323008	120
LADGATE	30	10000	0.165	1
XCHTIME	0	0	0	0	0	0	0	0	0	0	0	0
XCHTIME	30	5	26	906389	386	780	349	571	904303	134713534637360	134713528323008	120
XCHTIME	0	0	0	0	0	0	0	0	0	0	0	0
XCHTIME	30	4	58	174640	135	374	298	1847	171986	134713534637360	134713528323008	120
XCHTIME	0	0	0	0	0	0	0	0	0	0	0	0
XCHTIME	30	4	15	182625	119	251	205	300	181750	134713534637360	134713528323008	120
XCHTIME	0	0	0	0	0	0	0	0	0	0	0	0
XCHTIME	30	4	10	92144	103	283	198	214	91346	134713534637360	134713528323008	120
XCHTIME	0	0	0	0	0	0	0	0	0	0	0	0
XCHTIME	30	4	18	792635	114	238	224	383	791676	134713534637360	134713528323008	120
XCHTIME	0	0	0	0	0	0	0	0	0	0	0	0
XCHTIME	30	4	11	60839	120	323	192	235	59969	134713534637360	134713528323008	120
XCHTIME	0	0	0	0	0	0	0	0	0	0	0	0
XCHTIME	30	4	14	261331	86	236	208	281	260520	134713534637360	134713528323008	120
XCHTIME	0	0	0	0	0	0	0	0	0	0	0	0
XCHTIME	30	4	13	385104	86	270	230	275	384243	134713534637360	134713528323008	120
XCHTIME	0	0	0	0	0	0	0	0	0	0	0	0
XCHTIME	30	4	16	3162902	104	282	281	391	3161844	134713534637360	134713528323008	120
XCHTIME	0	0	0	0	0	0	0	0	0	0	0	0
XCHTIME	30	4	6	31760	333	835	214	148	30230	134713534637360	134713528323008	120
COUNTS	st_bpaf1a	30	120	623	580
XCHTIME	0	0	0	0	0	0	0	0	0	0	0	0
XCHTIME	1462	2	4	1771842	32352	5647	11016	265	1722562	134713537455824	134713534759600	5396
XCHTIME	0	0	0	0	0	0	0	0	0	0	0	0
XCHTIME	1462	1	0	6277319	1749	5457	5387	0	6264726	134713537455824	134713534759600	5396
XCHTIME	0	0	0	0	0	0	0	0	0	0	0	0
XCHTIME	1462	2	5	4664294	2322	13484	16449	431	4631608	134713537455824	134713534759600	5396
XCHTIME	0	0	0	0	0	0	0	0	0	0	0	0
XCHTIME	1462	3	15	13501352	2487	10756	33148	1036	13453925	134713537455824	134713534759600	5396
LADGATE	1462	10000	0.470	1
XCHTIME	0	0	0	0	0	0	0	0	0	0	0	0
XCHTIME	1462	5	26	33846352	3010	14115	65077	2034	33762116	134713537455824	134713534759600	5396
XCHTIME	0	0	0	0	0	0	0	0	0	0	0	0
XCHTIME	1462	4	66	6231177	2961	14408	42423	3834	6167551	134713537455824	134713534759600	5396
XCHTIME	0	0	0	0	0	0	0	0	0	0	0	0
XCHTIME	1462	4	15	5410698	2727	10020	26571	833	5370547	134713537455824	134713534759600	5396
XCHTIME	0	0	0	0	0	0	0	0	0	0	0	0
XCHTIME	1462	4	10	3466213	1431	7954	28575	663	3427590	134713537455824	134713534759600	5396
XCHTIME	0	0	0	0	0	0	0	0	0	0	0	0
XCHTIME	1462	3	15	13589368	1917	8184	35102	1357	13542808	134713537455824	134713534759600	5396
XCHTIME	0	0	0	0	0	0	0	0	0	0	0	0
XCHTIME	1462	4	11	2301649	2581	9048	26001	847	2263172	134713537455824	134713534759600	5396
XCHTIME	0	0	0	0	0	0	0	0	0	0	0	0
XCHTIME	1462	4	14	8694646	1723	7409	30681	1154	8653679	134713537455824	134713534759600	5396
XCHTIME	0	0	0	0	0	0	0	0	0	0	0	0
XCHTIME	1462	4	13	13888343	1900	8740	32956	1197	13843550	134713537455824	134713534759600	5396
XCHTIME	0	0	0	0	0	0	0	0	0	0	0	0
XCHTIME	1462	1	0	12520294	2663	15952	5561	0	12496118	134713537455824	134713534759600	5396
XCHTIME	0	0	0	0	0	0	0	0	0	0	0	0
XCHTIME	1462	4	6	1641409	3043	19786	26753	570	1591257	134713537455824	134713534759600	5396
LIFT	risk2bpb	1462	628	4030	628
COUNTS	risk2bpb	1462	5396	118471	66041
XCHTIME	0	0	0	0	0	0	0	0	0	0	0	0
XCHTIME	255	2	4	691211	72742	2054	965	524	614926	134713534605600	134713536508912	43748
XCHTIME	0	0	0	0	0	0	0	0	0	0	0	0
XCHTIME	255	2	6	11044226	7107	1221	916	899	11034083	134713534605600	134713536508912	43748
XCHTIME	0	0	0	0	0	0	0	0	0	0	0	0
XCHTIME	255	2	5	3187961	11393	1440	915	633	3173580	134713534605600	134713536508912	43748
XCHTIME	0	0	0	0	0	0	0	0	0	0	0	0
XCHTIME	255	4	18	22066824	6783	1216	2314	2239	22054272	134713534605600	134713536508912	43748
LADGATE	255	10000	0.132	1
XCHTIME	0	0	0	0	0	0	0	0	0	0	0	0
XCHTIME	255	4	10	1166898	13362	1670	1314	1227	1149325	134713534605600	134713536508912	43748
XCHTIME	0	0	0	0	0	0	0	0	0	0	0	0
XCHTIME	255	4	66	350086	12892	2019	1122	18157	315896	134713534605600	134713536508912	43748
XCHTIME	0	0	0	0	0	0	0	0	0	0	0	0
XCHTIME	255	4	15	2906360	6125	1287	2041	1758	2895149	134713534605600	134713536508912	43748
XCHTIME	0	0	0	0	0	0	0	0	0	0	0	0
XCHTIME	255	4	10	1143696	9281	1701	1341	1198	1130175	134713534605600	134713536508912	43748
XCHTIME	0	0	0	0	0	0	0	0	0	0	0	0
XCHTIME	255	4	18	22130182	6418	948	1699	2345	22118772	134713534605600	134713536508912	43748
XCHTIME	0	0	0	0	0	0	0	0	0	0	0	0
XCHTIME	255	4	11	753693	11090	1335	1260	1284	738724	134713534605600	134713536508912	43748
XCHTIME	0	0	0	0	0	0	0	0	0	0	0	0
XCHTIME	255	4	14	6642614	6210	1316	1496	1532	6632060	134713534605600	134713536508912	43748
XCHTIME	0	0	0	0	0	0	0	0	0	0	0	0
XCHTIME	255	4	13	13271399	13847	2453	1670	1686	13251743	134713534605600	134713536508912	43748
XCHTIME	0	0	0	0	0	0	0	0	0	0	0	0
XCHTIME	255	1	0	21798695	10642	1267	383	0	21786403	134713534605600	134713536508912	43748
XCHTIME	0	0	0	0	0	0	0	0	0	0	0	0
XCHTIME	255	4	6	568809	14301	2788	1105	835	549780	134713534605600	134713536508912	43748
LIFT	qap	255	225	49148	225
COUNTS	qap	255	43748	3802533	3650113
XCHTIME	0	0	0	0	0	0	0	0	0	0	0	0
XCHTIME	7252	1	0	3275970	967313	496727	484266	0	1327664	134713528381600	134713528439632	20752
XCHTIME	0	0	0	0	0	0	0	0	0	0	0	0
XCHTIME	7252	1	0	3054863	10160	493087	472626	0	2078990	134713528381600	134713528439632	20752
XCHTIME	0	0	0	0	0	0	0	0	0	0	0	0
XCHTIME	7252	1	0	2894900	9489	496034	473772	0	1915605	134713528381600	134713528439632	20752
XCHTIME	0	0	0	0	0	0	0	0	0	0	0	0
XCHTIME	7252	1	0	11169449	10065	498022	477009	0	10184353	134713528381600	134713528439632	20752
LADGATE	7252	10000	0.548	1
XCHTIME	0	0	0	0	0	0	0	0	0	0	0	0
XCHTIME	7252	5	26	122149881	12878	519951	2402811	9735	119204506	134713528381600	134713528439632	20752
XCHTIME	0	0	0	0	0	0	0	0	0	0	0	0
XCHTIME	7252	1	0	4833893	10608	508521	480569	0	3834195	134713528381600	134713528439632	20752
XCHTIME	0	0	0	0	0	0	0	0	0	0	0	0
XCHTIME	7252	1	0	5922173	10842	474321	462554	0	4974456	134713528381600	134713528439632	20752
XCHTIME	0	0	0	0	0	0	0	0	0	0	0	0
XCHTIME	7252	3	9	11932358	10574	481894	1459271	3844	9976775	134713528381600	134713528439632	20752
XCHTIME	0	0	0	0	0	0	0	0	0	0	0	0
XCHTIME	7252	1	0	11054989	10177	488528	488170	0	10068114	134713528381600	134713528439632	20752
XCHTIME	0	0	0	0	0	0	0	0	0	0	0	0
XCHTIME	7252	3	9	11645392	10930	503443	1426431	3432	9701156	134713528381600	134713528439632	20752
XCHTIME	0	0	0	0	0	0	0	0	0	0	0	0
XCHTIME	7252	2	4	12056162	16204	477296	947666	1511	10613485	134713528381600	134713528439632	20752
XCHTIME	0	0	0	0	0	0	0	0	0	0	0	0
XCHTIME	7252	1	0	11300296	9548	498426	506099	0	10286223	134713528381600	134713528439632	20752
XCHTIME	0	0	0	0	0	0	0	0	0	0	0	0
XCHTIME	7252	1	0	9814293	10305	499496	476305	0	8828187	134713528381600	134713528439632	20752
XCHTIME	0	0	0	0	0	0	0	0	0	0	0	0
XCHTIME	7252	3	3	11227956	10262	503070	1402766	1223	9310635	134713528381600	134713528439632	20752
LIFT	rsyn0830m04m	7252	3744	14872	3744
COUNTS	rsyn0830m04m	7252	20752	212130	171516
XCHTIME	0	0	0	0	0	0	0	0	0	0	0	0
XCHTIME	1073	2	4	682658	27554	7348	12321	183	635252	134713528730512	134713528701792	2118
XCHTIME	0	0	0	0	0	0	0	0	0	0	0	0
XCHTIME	1073	2	6	6257256	1086	8853	11543	328	6235446	134713528730512	134713528701792	2118
XCHTIME	0	0	0	0	0	0	0	0	0	0	0	0
XCHTIME	1073	2	5	1854693	1259	8075	9243	356	1835760	134713528730512	134713528701792	2118
XCHTIME	0	0	0	0	0	0	0	0	0	0	0	0
XCHTIME	1073	4	18	12088087	728	5088	24398	884	12056989	134713528730512	134713528701792	2118
LADGATE	1073	10000	0.261	1
XCHTIME	0	0	0	0	0	0	0	0	0	0	0	0
XCHTIME	1073	5	26	14868763	1085	6071	37478	1371	14822758	134713528730512	134713528701792	2118
XCHTIME	0	0	0	0	0	0	0	0	0	0	0	0
XCHTIME	1073	4	66	7027345	1574	10272	29584	2033	6983882	134713528730512	134713528701792	2118
XCHTIME	0	0	0	0	0	0	0	0	0	0	0	0
XCHTIME	1073	4	15	2142350	1827	9944	17456	535	2112588	134713528730512	134713528701792	2118
XCHTIME	0	0	0	0	0	0	0	0	0	0	0	0
XCHTIME	1073	4	10	1198021	712	5216	17405	375	1174313	134713528730512	134713528701792	2118
XCHTIME	0	0	0	0	0	0	0	0	0	0	0	0
XCHTIME	1073	4	18	12240802	617	6017	24563	1018	12208587	134713528730512	134713528701792	2118
XCHTIME	0	0	0	0	0	0	0	0	0	0	0	0
XCHTIME	1073	4	11	713565	1577	11346	13094	486	687062	134713528730512	134713528701792	2118
XCHTIME	0	0	0	0	0	0	0	0	0	0	0	0
XCHTIME	1073	4	14	3640829	409	3227	13078	549	3623566	134713528730512	134713528701792	2118
XCHTIME	0	0	0	0	0	0	0	0	0	0	0	0
XCHTIME	1073	4	13	6253715	589	3429	15786	503	6233408	134713528730512	134713528701792	2118
XCHTIME	0	0	0	0	0	0	0	0	0	0	0	0
XCHTIME	1073	2	5	15899315	791	4367	14026	295	15879836	134713528730512	134713528701792	2118
XCHTIME	0	0	0	0	0	0	0	0	0	0	0	0
XCHTIME	1073	4	6	553154	1445	10277	17974	319	523139	134713528730512	134713528701792	2118
LIFT	lop97icx	1073	155	1760	155
COUNTS	lop97icx	1073	2118	79286	64044
XCHTIME	0	0	0	0	0	0	0	0	0	0	0	0
XCHTIME	1201	2	4	2296618	23382	10892	8724	324	2253296	134713528757712	134713534825152	4796
XCHTIME	0	0	0	0	0	0	0	0	0	0	0	0
XCHTIME	1201	1	0	6154730	1393	4594	3759	0	6144984	134713528757712	134713534825152	4796
XCHTIME	0	0	0	0	0	0	0	0	0	0	0	0
XCHTIME	1201	1	0	4939230	2053	9774	4041	0	4923362	134713528757712	134713534825152	4796
XCHTIME	0	0	0	0	0	0	0	0	0	0	0	0
XCHTIME	1201	1	0	12282607	1494	7568	4229	0	12269316	134713528757712	134713534825152	4796
LADGATE	1201	10000	0.219	1
XCHTIME	0	0	0	0	0	0	0	0	0	0	0	0
XCHTIME	1201	5	26	127954266	2390	9588	43561	2501	127896226	134713528757712	134713534825152	4796
XCHTIME	0	0	0	0	0	0	0	0	0	0	0	0
XCHTIME	1201	4	66	638288	2680	12969	15505	3373	603761	134713528757712	134713534825152	4796
XCHTIME	0	0	0	0	0	0	0	0	0	0	0	0
XCHTIME	1201	2	4	3453762	1247	5071	8624	278	3438542	134713528757712	134713534825152	4796
XCHTIME	0	0	0	0	0	0	0	0	0	0	0	0
XCHTIME	1201	4	10	5508346	1341	5702	20640	874	5479789	134713528757712	134713534825152	4796
XCHTIME	0	0	0	0	0	0	0	0	0	0	0	0
XCHTIME	1201	1	0	12273528	1603	5552	3783	0	12262590	134713528757712	134713534825152	4796
XCHTIME	0	0	0	0	0	0	0	0	0	0	0	0
XCHTIME	1201	4	11	2615643	2281	9343	16673	909	2586437	134713528757712	134713534825152	4796
XCHTIME	0	0	0	0	0	0	0	0	0	0	0	0
XCHTIME	1201	2	4	12919923	1356	4093	12688	368	12901418	134713528757712	134713534825152	4796
XCHTIME	0	0	0	0	0	0	0	0	0	0	0	0
XCHTIME	1201	1	0	13157237	2478	8539	3960	0	13142260	134713528757712	134713534825152	4796
XCHTIME	0	0	0	0	0	0	0	0	0	0	0	0
XCHTIME	1201	1	0	12351224	1741	7566	4156	0	12337761	134713528757712	134713534825152	4796
XCHTIME	0	0	0	0	0	0	0	0	0	0	0	0
XCHTIME	1201	4	6	1649796	3483	15746	16701	536	1613330	134713528757712	134713534825152	4796
LIFT	chain400	1201	800	3196	800
COUNTS	chain400	1201	4796	16382	16382
XCHTIME	0	0	0	0	0	0	0	0	0	0	0	0
XCHTIME	9532	1	0	5532891	1818520	871998	811385	0	2030988	134713534075440	134713537830832	30810
XCHTIME	0	0	0	0	0	0	0	0	0	0	0	0
XCHTIME	9532	1	0	5292548	16776	818632	886324	0	3570816	134713534075440	134713537830832	30810
XCHTIME	0	0	0	0	0	0	0	0	0	0	0	0
XCHTIME	9532	1	0	4639784	17163	861597	854798	0	2906226	134713534075440	134713537830832	30810
XCHTIME	0	0	0	0	0	0	0	0	0	0	0	0
XCHTIME	9532	1	0	11246786	17851	844733	869370	0	9514832	134713534075440	134713537830832	30810
LADGATE	9532	10000	0.697	1
XCHTIME	0	0	0	0	0	0	0	0	0	0	0	0
XCHTIME	9532	5	26	58425725	15030	889081	4363251	11989	53146374	134713534075440	134713537830832	30810
XCHTIME	0	0	0	0	0	0	0	0	0	0	0	0
XCHTIME	9532	1	0	5263704	16211	875341	865322	0	3506830	134713534075440	134713537830832	30810
XCHTIME	0	0	0	0	0	0	0	0	0	0	0	0
XCHTIME	9532	1	0	5359737	16605	839793	847221	0	3656118	134713534075440	134713537830832	30810
XCHTIME	0	0	0	0	0	0	0	0	0	0	0	0
XCHTIME	9532	2	3	9673896	16733	861194	1718916	2206	7074847	134713534075440	134713537830832	30810
XCHTIME	0	0	0	0	0	0	0	0	0	0	0	0
XCHTIME	9532	1	0	11275233	17306	848487	861050	0	9548390	134713534075440	134713537830832	30810
XCHTIME	0	0	0	0	0	0	0	0	0	0	0	0
XCHTIME	9532	2	3	9435222	16948	877554	1727676	1660	6811384	134713534075440	134713537830832	30810
XCHTIME	0	0	0	0	0	0	0	0	0	0	0	0
XCHTIME	9532	2	4	10858100	17268	840626	1711114	2374	8286718	134713534075440	134713537830832	30810
XCHTIME	0	0	0	0	0	0	0	0	0	0	0	0
XCHTIME	9532	2	4	11425381	16722	856139	1729880	2215	8820425	134713534075440	134713537830832	30810
XCHTIME	0	0	0	0	0	0	0	0	0	0	0	0
XCHTIME	9532	1	0	10284024	16729	835883	851214	0	8580198	134713534075440	134713537830832	30810
XCHTIME	0	0	0	0	0	0	0	0	0	0	0	0
XCHTIME	9532	2	3	9200757	17266	858720	1708924	1864	6613983	134713534075440	134713537830832	30810
LIFT	mpbp_07	9532	5704	23110	5704
COUNTS	mpbp_07	9532	30810	1368477	1248083
XCHTIME	0	0	0	0	0	0	0	0	0	0	0	0
XCHTIME	440	2	4	364772	12867	2562	1836	142	347365	134713528301904	134713534990000	2958
XCHTIME	0	0	0	0	0	0	0	0	0	0	0	0
XCHTIME	440	2	6	3477744	4124	1538	1982	207	3469893	134713528301904	134713534990000	2958
XCHTIME	0	0	0	0	0	0	0	0	0	0	0	0
XCHTIME	440	2	5	1151265	866	1754	1577	167	1146901	134713528301904	134713534990000	2958
XCHTIME	0	0	0	0	0	0	0	0	0	0	0	0
XCHTIME	440	4	18	4135919	826	1319	3757	528	4129489	134713528301904	134713534990000	2958
LADGATE	440	10000	0.314	1
XCHTIME	0	0	0	0	0	0	0	0	0	0	0	0
XCHTIME	440	5	26	5840501	1349	1631	3978	757	5832786	134713528301904	134713534990000	2958
XCHTIME	0	0	0	0	0	0	0	0	0	0	0	0
XCHTIME	440	4	66	6727909	1125	1408	3213	1619	6720544	134713528301904	134713534990000	2958
XCHTIME	0	0	0	0	0	0	0	0	0	0	0	0
XCHTIME	440	4	15	1252325	930	1608	3331	421	1246035	134713528301904	134713534990000	2958
XCHTIME	0	0	0	0	0	0	0	0	0	0	0	0
XCHTIME	440	4	10	659673	619	1341	3426	271	654016	134713528301904	134713534990000	2958
XCHTIME	0	0	0	0	0	0	0	0	0	0	0	0
XCHTIME	440	4	18	4224901	619	1191	3371	509	4219211	134713528301904	134713534990000	2958
XCHTIME	0	0	0	0	0	0	0	0	0	0	0	0
XCHTIME	440	4	11	364300	1257	1439	3228	273	358103	134713528301904	134713534990000	2958
XCHTIME	0	0	0	0	0	0	0	0	0	0	0	0
XCHTIME	440	4	14	2143121	387	1186	2998	388	2138162	134713528301904	134713534990000	2958
XCHTIME	0	0	0	0	0	0	0	0	0	0	0	0
XCHTIME	440	4	13	3308401	538	1232	2884	397	3303350	134713528301904	134713534990000	2958
XCHTIME	0	0	0	0	0	0	0	0	0	0	0	0
XCHTIME	440	4	16	12087582	582	1424	5848	660	12079068	134713528301904	134713534990000	2958
XCHTIME	0	0	0	0	0	0	0	0	0	0	0	0
XCHTIME	440	4	6	296231	1880	2705	3071	246	288329	134713528301904	134713534990000	2958
LIFT	sonetgr17	440	317	2712	317
COUNTS	sonetgr17	440	2958	37814	30971
XCHTIME	0	0	0	0	0	0	0	0	0	0	0	0
XCHTIME	2207	2	4	2278773	1323897	34186	23774	362	896554	134713534640720	134713535059072	7516
XCHTIME	0	0	0	0	0	0	0	0	0	0	0	0
XCHTIME	2207	2	6	2925975	2746	11515	46079	1042	2864593	134713534640720	134713535059072	7516
XCHTIME	0	0	0	0	0	0	0	0	0	0	0	0
XCHTIME	2207	2	5	1041117	3722	21478	36073	917	978927	134713534640720	134713535059072	7516
XCHTIME	0	0	0	0	0	0	0	0	0	0	0	0
XCHTIME	2207	4	18	12183179	2658	18415	114889	3356	12043861	134713534640720	134713535059072	7516
LADGATE	2207	10000	0.580	1
XCHTIME	0	0	0	0	0	0	0	0	0	0	0	0
XCHTIME	2207	5	26	15183311	3886	43790	142651	4977	14988007	134713534640720	134713535059072	7516
XCHTIME	0	0	0	0	0	0	0	0	0	0	0	0
XCHTIME	2207	3	57	4730854	3235	35476	92424	5810	4593909	134713534640720	134713535059072	7516
XCHTIME	0	0	0	0	0	0	0	0	0	0	0	0
XCHTIME	2207	4	15	2418208	4483	33190	58126	1848	2320561	134713534640720	134713535059072	7516
XCHTIME	0	0	0	0	0	0	0	0	0	0	0	0
XCHTIME	2207	4	10	2071981	2567	14757	52310	1025	2001322	134713534640720	134713535059072	7516
XCHTIME	0	0	0	0	0	0	0	0	0	0	0	0
XCHTIME	2207	4	18	12190094	2454	18594	112888	3044	12053114	134713534640720	134713535059072	7516
XCHTIME	0	0	0	0	0	0	0	0	0	0	0	0
XCHTIME	2207	4	11	2044329	3776	32304	68364	1457	1938428	134713534640720	134713535059072	7516
XCHTIME	0	0	0	0	0	0	0	0	0	0	0	0
XCHTIME	2207	4	14	2835352	2840	25086	77054	2341	2728031	134713534640720	134713535059072	7516
XCHTIME	0	0	0	0	0	0	0	0	0	0	0	0
XCHTIME	2207	4	13	6541120	3105	20178	99502	2335	6416000	134713534640720	134713535059072	7516
XCHTIME	0	0	0	0	0	0	0	0	0	0	0	0
XCHTIME	2207	2	5	13524372	3776	21522	68280	1173	13429621	134713534640720	134713535059072	7516
XCHTIME	0	0	0	0	0	0	0	0	0	0	0	0
XCHTIME	2207	4	6	1879736	4762	41532	69859	999	1762584	134713534640720	134713535059072	7516
LIFT	p_ball_30b_7p_2d_h	2207	1415	5932	1415
COUNTS	p_ball_30b_7p_2d_h	2207	7516	42456	42319
XCHTIME	0	0	0	0	0	0	0	0	0	0	0	0
XCHTIME	19995	0	0	0	0	0	0	0	0	134713538643104	134713529868544	97990
XCHTIME	0	0	0	0	0	0	0	0	0	0	0	0
XCHTIME	19995	0	0	28798205	14949457	13848748	0	0	0	134713538643104	134713529868544	97990
XCHTIME	0	0	0	0	0	0	0	0	0	0	0	0
XCHTIME	19995	0	0	13650408	45787	13604621	0	0	0	134713538643104	134713529868544	97990
XCHTIME	0	0	0	0	0	0	0	0	0	0	0	0
XCHTIME	19995	1	0	20207424	42102	13436584	2393759	0	4334979	134713538643104	134713529868544	97990
LADGATE	19995	10000	0.700	0
XCHTIME	0	0	0	0	0	0	0	0	0	0	0	0
XCHTIME	19995	5	26	152940864	50452	13610741	12103345	16916	127159410	134713538643104	134713529868544	97990
XCHTIME	0	0	0	0	0	0	0	0	0	0	0	0
XCHTIME	19995	0	0	13649782	48550	13601232	0	0	0	134713538643104	134713529868544	97990
XCHTIME	0	0	0	0	0	0	0	0	0	0	0	0
XCHTIME	19995	0	0	13570480	48336	13522144	0	0	0	134713538643104	134713529868544	97990
XCHTIME	0	0	0	0	0	0	0	0	0	0	0	0
XCHTIME	19995	1	0	19185491	42140	13467594	2395096	0	3280661	134713538643104	134713529868544	97990
XCHTIME	0	0	0	0	0	0	0	0	0	0	0	0
XCHTIME	19995	1	0	20271482	51593	13532000	2429050	0	4258839	134713538643104	134713529868544	97990
XCHTIME	0	0	0	0	0	0	0	0	0	0	0	0
XCHTIME	19995	1	0	19168385	46709	13471943	2402543	0	3247190	134713538643104	134713529868544	97990
XCHTIME	0	0	0	0	0	0	0	0	0	0	0	0
XCHTIME	19995	1	0	19640211	50307	13527893	2387132	0	3674879	134713538643104	134713529868544	97990
XCHTIME	0	0	0	0	0	0	0	0	0	0	0	0
XCHTIME	19995	1	0	20733401	47619	13594270	2387293	0	4704219	134713538643104	134713529868544	97990
XCHTIME	0	0	0	0	0	0	0	0	0	0	0	0
XCHTIME	19995	1	0	20918821	46611	13490894	2461723	0	4919593	134713538643104	134713529868544	97990
XCHTIME	0	0	0	0	0	0	0	0	0	0	0	0
XCHTIME	19995	1	0	19076929	46039	13471533	2389810	0	3169547	134713538643104	134713529868544	97990
LIFT	pinene200	19995	15795	89590	15795
COUNTS	pinene200	19995	97990	1358716	1132981
LIFT	unitcommit_200_100_1_mod_8	146830	73272	329560	73272
COUNTS	unitcommit_200_100_1_mod_8	146830	476332	3053940	2981835
XCHTIME	0	0	0	0	0	0	0	0	0	0	0	0
XCHTIME	123	2	4	150370	6177	964	345	238	142646	134713537451584	134713528290656	834
XCHTIME	0	0	0	0	0	0	0	0	0	0	0	0
XCHTIME	123	2	6	1167848	276	582	337	276	1166377	134713537451584	134713528290656	834
XCHTIME	0	0	0	0	0	0	0	0	0	0	0	0
XCHTIME	123	2	5	420314	238	610	323	192	418951	134713537451584	134713528290656	834
XCHTIME	0	0	0	0	0	0	0	0	0	0	0	0
XCHTIME	123	4	18	2639232	198	710	608	3438	2634278	134713537451584	134713528290656	834
LADGATE	123	10000	0.268	1
XCHTIME	0	0	0	0	0	0	0	0	0	0	0	0
XCHTIME	123	5	26	3318465	608	1455	994	1287	3314121	134713537451584	134713528290656	834
XCHTIME	0	0	0	0	0	0	0	0	0	0	0	0
XCHTIME	123	4	66	1600860	421	712	754	3301	1595672	134713537451584	134713528290656	834
XCHTIME	0	0	0	0	0	0	0	0	0	0	0	0
XCHTIME	123	4	15	455038	648	1073	594	609	452114	134713537451584	134713528290656	834
XCHTIME	0	0	0	0	0	0	0	0	0	0	0	0
XCHTIME	123	4	10	266875	216	670	583	437	264969	134713537451584	134713528290656	834
XCHTIME	0	0	0	0	0	0	0	0	0	0	0	0
XCHTIME	123	4	18	2610067	243	572	622	840	2607790	134713537451584	134713528290656	834
XCHTIME	0	0	0	0	0	0	0	0	0	0	0	0
XCHTIME	123	4	11	175248	432	578	570	479	173189	134713537451584	134713528290656	834
XCHTIME	0	0	0	0	0	0	0	0	0	0	0	0
XCHTIME	123	4	14	826622	219	605	595	614	824589	134713537451584	134713528290656	834
XCHTIME	0	0	0	0	0	0	0	0	0	0	0	0
XCHTIME	123	4	13	1353335	264	651	590	570	1351260	134713537451584	134713528290656	834
XCHTIME	0	0	0	0	0	0	0	0	0	0	0	0
XCHTIME	123	4	16	7933048	343	832	849	809	7930215	134713537451584	134713528290656	834
XCHTIME	0	0	0	0	0	0	0	0	0	0	0	0
XCHTIME	123	4	6	101812	626	825	530	279	99552	134713537451584	134713528290656	834
LIFT	ex8_3_9	123	101	766	101
COUNTS	ex8_3_9	123	834	15050	11503
XCHTIME	0	0	0	0	0	0	0	0	0	0	0	0
XCHTIME	2486	2	4	4391263	1664296	55704	46029	434	2624800	134713533999936	134713530654992	6932
XCHTIME	0	0	0	0	0	0	0	0	0	0	0	0
XCHTIME	2486	1	0	4617170	3143	24787	17935	0	4571305	134713533999936	134713530654992	6932
XCHTIME	0	0	0	0	0	0	0	0	0	0	0	0
XCHTIME	2486	1	0	3570614	2545	39141	21410	0	3507518	134713533999936	134713530654992	6932
XCHTIME	0	0	0	0	0	0	0	0	0	0	0	0
XCHTIME	2486	1	0	10974732	2890	34832	19795	0	10917215	134713533999936	134713530654992	6932
LADGATE	2486	10000	0.598	1
XCHTIME	0	0	0	0	0	0	0	0	0	0	0	0
XCHTIME	2486	5	26	45307753	9568	46182	185595	3683	45062725	134713533999936	134713530654992	6932
XCHTIME	0	0	0	0	0	0	0	0	0	0	0	0
XCHTIME	2486	1	0	5746499	4028	39148	22822	0	5680501	134713533999936	134713530654992	6932
XCHTIME	0	0	0	0	0	0	0	0	0	0	0	0
XCHTIME	2486	4	15	6986880	4613	62732	128280	1654	6789601	134713533999936	134713530654992	6932
XCHTIME	0	0	0	0	0	0	0	0	0	0	0	0
XCHTIME	2486	4	10	5652563	4438	26578	100110	1311	5520126	134713533999936	134713530654992	6932
XCHTIME	0	0	0	0	0	0	0	0	0	0	0	0
XCHTIME	2486	1	0	10876949	3720	28369	17924	0	10826936	134713533999936	134713530654992	6932
XCHTIME	0	0	0	0	0	0	0	0	0	0	0	0
XCHTIME	2486	4	11	4113303	3636	33710	88140	1219	3986598	134713533999936	134713530654992	6932
XCHTIME	0	0	0	0	0	0	0	0	0	0	0	0
XCHTIME	2486	4	14	12730241	2970	29162	105772	1601	12590736	134713533999936	134713530654992	6932
XCHTIME	0	0	0	0	0	0	0	0	0	0	0	0
XCHTIME	2486	2	4	11732894	3759	26365	46180	543	11656047	134713533999936	134713530654992	6932
XCHTIME	0	0	0	0	0	0	0	0	0	0	0	0
XCHTIME	2486	1	0	12051077	3405	29608	20440	0	11997624	134713533999936	134713530654992	6932
XCHTIME	0	0	0	0	0	0	0	0	0	0	0	0
XCHTIME	2486	4	6	2934470	4314	64000	89590	586	2775980	134713533999936	134713530654992	6932
LIFT	rsyn0820m02m	2486	1364	4808	1364
COUNTS	rsyn0820m02m	2486	6932	38190	35625
XCHTIME	0	0	0	0	0	0	0	0	0	0	0	0
XCHTIME	293	2	4	240699	10409	1319	949	144	227878	134713528768720	134713535024832	964
XCHTIME	0	0	0	0	0	0	0	0	0	0	0	0
XCHTIME	293	2	6	1414910	313	1443	828	163	1412163	134713528768720	134713535024832	964
XCHTIME	0	0	0	0	0	0	0	0	0	0	0	0
XCHTIME	293	2	5	508037	346	1436	833	129	505293	134713528768720	134713535024832	964
XCHTIME	0	0	0	0	0	0	0	0	0	0	0	0
XCHTIME	293	4	18	3853510	350	1481	1936	521	3849222	134713528768720	134713535024832	964
LADGATE	293	10000	0.246	1
XCHTIME	0	0	0	0	0	0	0	0	0	0	0	0
XCHTIME	293	5	26	4639563	698	1552	2317	740	4634256	134713528768720	134713535024832	964
XCHTIME	0	0	0	0	0	0	0	0	0	0	0	0
XCHTIME	293	4	66	761224	556	1302	1592	2127	755647	134713528768720	134713535024832	964
XCHTIME	0	0	0	0	0	0	0	0	0	0	0	0
XCHTIME	293	4	15	673478	560	1513	2026	354	669025	134713528768720	134713535024832	964
XCHTIME	0	0	0	0	0	0	0	0	0	0	0	0
XCHTIME	293	4	10	429943	427	1463	1859	234	425960	134713528768720	134713535024832	964
XCHTIME	0	0	0	0	0	0	0	0	0	0	0	0
XCHTIME	293	4	18	3888115	572	1253	1954	493	3883843	134713528768720	134713535024832	964
XCHTIME	0	0	0	0	0	0	0	0	0	0	0	0
XCHTIME	293	4	11	289811	341	1488	1771	271	285940	134713528768720	134713535024832	964
XCHTIME	0	0	0	0	0	0	0	0	0	0	0	0
XCHTIME	293	4	14	1023231	267	1228	1826	336	1019574	134713528768720	134713535024832	964
XCHTIME	0	0	0	0	0	0	0	0	0	0	0	0
XCHTIME	293	4	13	1831462	302	1416	1861	358	1827525	134713528768720	134713535024832	964
XCHTIME	0	0	0	0	0	0	0	0	0	0	0	0
XCHTIME	293	4	16	11133514	465	1551	4092	620	11126786	134713528768720	134713535024832	964
XCHTIME	0	0	0	0	0	0	0	0	0	0	0	0
XCHTIME	293	4	6	233666	925	2930	1913	264	227634	134713528768720	134713535024832	964
LIFT	p_ball_10b_5p_2d_m	293	119	716	119
COUNTS	p_ball_10b_5p_2d_m	293	964	6648	6547
XCHTIME	0	0	0	0	0	0	0	0	0	0	0	0
XCHTIME	170	2	4	174696	7943	738	532	104	165379	134713537467536	134713535034832	936
XCHTIME	0	0	0	0	0	0	0	0	0	0	0	0
XCHTIME	170	2	6	1873556	305	817	467	160	1871807	134713537467536	134713535034832	936
XCHTIME	0	0	0	0	0	0	0	0	0	0	0	0
XCHTIME	170	2	5	569666	456	949	447	117	567697	134713537467536	134713535034832	936
XCHTIME	0	0	0	0	0	0	0	0	0	0	0	0
XCHTIME	170	4	18	3852768	229	636	1374	556	3849973	134713537467536	134713535034832	936
LADGATE	170	10000	0.201	1
XCHTIME	0	0	0	0	0	0	0	0	0	0	0	0
XCHTIME	170	5	26	4736660	696	1755	1110	685	4732414	134713537467536	134713535034832	936
XCHTIME	0	0	0	0	0	0	0	0	0	0	0	0
XCHTIME	170	4	66	103316	440	733	768	1511	99864	134713537467536	134713535034832	936
XCHTIME	0	0	0	0	0	0	0	0	0	0	0	0
XCHTIME	170	4	15	653850	233	749	886	312	651670	134713537467536	134713535034832	936
XCHTIME	0	0	0	0	0	0	0	0	0	0	0	0
XCHTIME	170	4	10	322112	220	710	851	215	320116	134713537467536	134713535034832	936
XCHTIME	0	0	0	0	0	0	0	0	0	0	0	0
XCHTIME	170	4	18	3871240	236	602	1239	450	3868713	134713537467536	134713535034832	936
XCHTIME	0	0	0	0	0	0	0	0	0	0	0	0
XCHTIME	170	4	11	177887	607	1009	764	241	175266	134713537467536	134713535034832	936
XCHTIME	0	0	0	0	0	0	0	0	0	0	0	0
XCHTIME	170	4	14	1116869	242	669	887	303	1114768	134713537467536	134713535034832	936
XCHTIME	0	0	0	0	0	0	0	0	0	0	0	0
XCHTIME	170	4	13	2024354	258	782	851	279	2022184	134713537467536	134713535034832	936
XCHTIME	0	0	0	0	0	0	0	0	0	0	0	0
XCHTIME	170	4	16	13941452	270	666	2118	637	13937761	134713537467536	134713535034832	936
XCHTIME	0	0	0	0	0	0	0	0	0	0	0	0
XCHTIME	170	4	6	115611	1034	1814	883	137	111743	134713537467536	134713535034832	936
LIFT	pooling_adhya4tp	170	93	806	93
COUNTS	pooling_adhya4tp	170	936	26842	20581
XCHTIME	0	0	0	0	0	0	0	0	0	0	0	0
XCHTIME	7295	1	0	2722538	984221	475781	519620	0	742916	134713538289600	134713538347984	21600
XCHTIME	0	0	0	0	0	0	0	0	0	0	0	0
XCHTIME	7295	1	0	1914112	10499	481547	492268	0	929798	134713538289600	134713538347984	21600
XCHTIME	0	0	0	0	0	0	0	0	0	0	0	0
XCHTIME	7295	1	0	2057349	10561	479669	491818	0	1075301	134713538289600	134713538347984	21600
XCHTIME	0	0	0	0	0	0	0	0	0	0	0	0
XCHTIME	7295	4	18	11172383	10846	485209	1937268	7682	8731378	134713538289600	134713538347984	21600
LADGATE	7295	10000	0.284	1
XCHTIME	0	0	0	0	0	0	0	0	0	0	0	0
XCHTIME	7295	5	26	18041524	12030	543123	2487990	12319	14986062	134713538289600	134713538347984	21600
XCHTIME	0	0	0	0	0	0	0	0	0	0	0	0
XCHTIME	7295	2	19	5441866	11883	500183	991397	6015	3932388	134713538289600	134713538347984	21600
XCHTIME	0	0	0	0	0	0	0	0	0	0	0	0
XCHTIME	7295	2	4	5714706	12698	490770	953090	2492	4255656	134713538289600	134713538347984	21600
XCHTIME	0	0	0	0	0	0	0	0	0	0	0	0
XCHTIME	7295	4	10	11143960	11602	493044	1899151	4781	8735382	134713538289600	134713538347984	21600
XCHTIME	0	0	0	0	0	0	0	0	0	0	0	0
XCHTIME	7295	4	18	11434982	11518	477056	1973567	8256	8964585	134713538289600	134713538347984	21600
XCHTIME	0	0	0	0	0	0	0	0	0	0	0	0
XCHTIME	7295	4	11	11360553	11194	498607	1970953	5704	8874095	134713538289600	134713538347984	21600
XCHTIME	0	0	0	0	0	0	0	0	0	0	0	0
XCHTIME	7295	4	14	11113754	11211	472842	1962655	6659	8660387	134713538289600	134713538347984	21600
XCHTIME	0	0	0	0	0	0	0	0	0	0	0	0
XCHTIME	7295	4	13	11480419	12273	568013	2114569	5908	8779656	134713538289600	134713538347984	21600
XCHTIME	0	0	0	0	0	0	0	0	0	0	0	0
XCHTIME	7295	2	5	9439426	11776	510790	1013821	2217	7900822	134713538289600	134713538347984	21600
XCHTIME	0	0	0	0	0	0	0	0	0	0	0	0
XCHTIME	7295	4	6	11516189	12365	515191	2066096	3318	8919219	134713538289600	134713538347984	21600
LIFT	squfl015-080persp	7295	2495	12000	2495
COUNTS	squfl015-080persp	7295	21600	74520	74520
XCHTIME	0	0	0	0	0	0	0	0	0	0	0	0
XCHTIME	1053	2	4	627183	21570	3596	6147	262	595608	134713534913744	134713530786096	5940
XCHTIME	0	0	0	0	0	0	0	0	0	0	0	0
XCHTIME	1053	2	6	5953723	970	2940	6976	495	5942342	134713534913744	134713530786096	5940
XCHTIME	0	0	0	0	0	0	0	0	0	0	0	0
XCHTIME	1053	2	5	1833359	1581	4698	5969	322	1820789	134713534913744	134713530786096	5940
XCHTIME	0	0	0	0	0	0	0	0	0	0	0	0
XCHTIME	1053	4	18	11415076	1081	3260	18798	1368	11390569	134713534913744	134713530786096	5940
LADGATE	1053	10000	0.319	1
XCHTIME	0	0	0	0	0	0	0	0	0	0	0	0
XCHTIME	1053	5	26	14184027	3015	6941	19400	1767	14152904	134713534913744	134713530786096	5940
XCHTIME	0	0	0	0	0	0	0	0	0	0	0	0
XCHTIME	1053	4	66	721754	2628	4926	12073	3161	698966	134713534913744	134713530786096	5940
XCHTIME	0	0	0	0	0	0	0	0	0	0	0	0
XCHTIME	1053	4	15	2016862	1059	3019	12428	813	1999543	134713534913744	134713530786096	5940
XCHTIME	0	0	0	0	0	0	0	0	0	0	0	0
XCHTIME	1053	4	10	1098206	1176	2993	12187	610	1081240	134713534913744	134713530786096	5940
XCHTIME	0	0	0	0	0	0	0	0	0	0	0	0
XCHTIME	1053	4	18	11330765	1076	2925	15805	1339	11309620	134713534913744	134713530786096	5940
XCHTIME	0	0	0	0	0	0	0	0	0	0	0	0
XCHTIME	1053	4	11	843902	2265	5143	12141	637	823716	134713534913744	134713530786096	5940
XCHTIME	0	0	0	0	0	0	0	0	0	0	0	0
XCHTIME	1053	4	14	3603507	1128	7082	12077	868	3582352	134713534913744	134713530786096	5940
XCHTIME	0	0	0	0	0	0	0	0	0	0	0	0
XCHTIME	1053	4	13	6318259	1442	3187	13967	864	6298799	134713534913744	134713530786096	5940
XCHTIME	0	0	0	0	0	0	0	0	0	0	0	0
XCHTIME	1053	2	5	16595217	2132	4562	13659	532	16574332	134713534913744	134713530786096	5940
XCHTIME	0	0	0	0	0	0	0	0	0	0	0	0
XCHTIME	1053	4	6	721624	2669	10634	12450	393	695478	134713534913744	134713530786096	5940
LIFT	edgecross10-080	1053	571	4976	571
COUNTS	edgecross10-080	1053	5940	170814	164639
XCHTIME	0	0	0	0	0	0	0	0	0	0	0	0
XCHTIME	590	2	4	436109	15616	2761	2713	190	414829	134713534619520	134713534890704	1696
XCHTIME	0	0	0	0	0	0	0	0	0	0	0	0
XCHTIME	590	2	6	2712990	497	2141	2534	217	2707601	134713534619520	134713534890704	1696
XCHTIME	0	0	0	0	0	0	0	0	0	0	0	0
XCHTIME	590	2	5	920544	449	2123	2536	183	915253	134713534619520	134713534890704	1696
XCHTIME	0	0	0	0	0	0	0	0	0	0	0	0
XCHTIME	590	4	18	5336368	316	2008	5501	712	5327831	134713534619520	134713534890704	1696
LADGATE	590	10000	0.289	1
XCHTIME	0	0	0	0	0	0	0	0	0	0	0	0
XCHTIME	590	5	26	6189169	519	2523	7298	984	6177845	134713534619520	134713534890704	1696
XCHTIME	0	0	0	0	0	0	0	0	0	0	0	0
XCHTIME	590	4	66	2926942	739	2101	8828	2326	2912948	134713534619520	134713534890704	1696
XCHTIME	0	0	0	0	0	0	0	0	0	0	0	0
XCHTIME	590	4	15	1273837	1314	2992	5278	548	1263705	134713534619520	134713534890704	1696
XCHTIME	0	0	0	0	0	0	0	0	0	0	0	0
XCHTIME	590	4	10	830301	470	2514	5246	367	821704	134713534619520	134713534890704	1696
XCHTIME	0	0	0	0	0	0	0	0	0	0	0	0
XCHTIME	590	4	18	5368357	463	1851	6521	946	5358576	134713534619520	134713534890704	1696
XCHTIME	0	0	0	0	0	0	0	0	0	0	0	0
XCHTIME	590	4	11	560538	614	2870	5137	378	551539	134713534619520	134713534890704	1696
XCHTIME	0	0	0	0	0	0	0	0	0	0	0	0
XCHTIME	590	4	14	1917070	537	1986	6225	513	1907809	134713534619520	134713534890704	1696
XCHTIME	0	0	0	0	0	0	0	0	0	0	0	0
XCHTIME	590	4	13	3020038	1094	2998	5770	499	3009677	134713534619520	134713534890704	1696
XCHTIME	0	0	0	0	0	0	0	0	0	0	0	0
XCHTIME	590	4	16	13054852	764	2265	11523	731	13039569	134713534619520	134713534890704	1696
XCHTIME	0	0	0	0	0	0	0	0	0	0	0	0
XCHTIME	590	4	6	384340	1066	4922	5252	236	372864	134713534619520	134713534890704	1696
LIFT	clay0204hfsg	590	278	1184	278
COUNTS	clay0204hfsg	590	1696	7198	6562
XCHTIME	0	0	0	0	0	0	0	0	0	0	0	0
XCHTIME	13	2	4	28903	2139	626	109	95	25934	134713534637232	134713534607664	40
XCHTIME	0	0	0	0	0	0	0	0	0	0	0	0
XCHTIME	13	2	6	315758	428	344	90	173	314723	134713534637232	134713534607664	40
XCHTIME	0	0	0	0	0	0	0	0	0	0	0	0
XCHTIME	13	2	5	93990	150	316	81	149	93294	134713534637232	134713534607664	40
XCHTIME	0	0	0	0	0	0	0	0	0	0	0	0
XCHTIME	13	4	18	396747	137	282	132	491	395705	134713534637232	134713534607664	40
LADGATE	13	10000	0.115	1
XCHTIME	0	0	0	0	0	0	0	0	0	0	0	0
XCHTIME	13	5	26	401848	569	467	231	769	399812	134713534637232	134713534607664	40
XCHTIME	0	0	0	0	0	0	0	0	0	0	0	0
XCHTIME	13	4	35	639084	107	291	125	942	637619	134713534637232	134713534607664	40
XCHTIME	0	0	0	0	0	0	0	0	0	0	0	0
XCHTIME	13	4	15	116714	101	273	122	322	115896	134713534637232	134713534607664	40
XCHTIME	0	0	0	0	0	0	0	0	0	0	0	0
XCHTIME	13	4	10	52393	85	239	121	212	51736	134713534637232	134713534607664	40
XCHTIME	0	0	0	0	0	0	0	0	0	0	0	0
XCHTIME	13	4	18	389805	92	243	150	485	388835	134713534637232	134713534607664	40
XCHTIME	0	0	0	0	0	0	0	0	0	0	0	0
XCHTIME	13	4	11	36025	113	278	158	260	35216	134713534637232	134713534607664	40
XCHTIME	0	0	0	0	0	0	0	0	0	0	0	0
XCHTIME	13	4	14	181769	79	253	136	306	180995	134713534637232	134713534607664	40
XCHTIME	0	0	0	0	0	0	0	0	0	0	0	0
XCHTIME	13	4	13	341993	106	250	130	335	341172	134713534637232	134713534607664	40
XCHTIME	0	0	0	0	0	0	0	0	0	0	0	0
XCHTIME	13	4	16	956168	103	274	232	524	955035	134713534637232	134713534607664	40
XCHTIME	0	0	0	0	0	0	0	0	0	0	0	0
XCHTIME	13	4	6	19320	93	307	160	131	18629	134713534637232	134713534607664	40
COUNTS	st_bsj2	13	40	143	114
XCHTIME	0	0	0	0	0	0	0	0	0	0	0	0
XCHTIME	440	2	4	959574	13644	3004	1786	430	940710	134713534936128	134713538610144	3038
XCHTIME	0	0	0	0	0	0	0	0	0	0	0	0
XCHTIME	440	2	6	9073828	689	1584	2057	755	9068743	134713534936128	134713538610144	3038
XCHTIME	0	0	0	0	0	0	0	0	0	0	0	0
XCHTIME	440	2	5	2971327	1179	2615	1637	611	2965285	134713534936128	134713538610144	3038
XCHTIME	0	0	0	0	0	0	0	0	0	0	0	0
XCHTIME	440	4	18	17790085	729	1711	4809	2000	17780836	134713534936128	134713538610144	3038
LADGATE	440	10000	0.420	1
XCHTIME	0	0	0	0	0	0	0	0	0	0	0	0
XCHTIME	440	4	10	1764933	1481	2629	3543	1238	1756042	134713534936128	134713538610144	3038
XCHTIME	0	0	0	0	0	0	0	0	0	0	0	0
XCHTIME	440	4	66	6318437	862	1271	5344	6616	6304344	134713534936128	134713538610144	3038
XCHTIME	0	0	0	0	0	0	0	0	0	0	0	0
XCHTIME	440	4	15	3232800	1685	3114	4824	1622	3221555	134713534936128	134713538610144	3038
XCHTIME	0	0	0	0	0	0	0	0	0	0	0	0
XCHTIME	440	4	10	1768143	1576	2578	3408	1057	1759524	134713534936128	134713538610144	3038
XCHTIME	0	0	0	0	0	0	0	0	0	0	0	0
XCHTIME	440	4	18	17716329	719	1461	4509	1878	17707762	134713534936128	134713538610144	3038
XCHTIME	0	0	0	0	0	0	0	0	0	0	0	0
XCHTIME	440	4	11	959849	925	2092	3220	1051	952561	134713534936128	134713538610144	3038
XCHTIME	0	0	0	0	0	0	0	0	0	0	0	0
XCHTIME	440	4	14	5654419	803	1492	3553	1414	5647157	134713534936128	134713538610144	3038
XCHTIME	0	0	0	0	0	0	0	0	0	0	0	0
XCHTIME	440	4	13	9954834	1068	1550	4833	1250	9946133	134713534936128	134713538610144	3038
XCHTIME	0	0	0	0	0	0	0	0	0	0	0	0
XCHTIME	440	2	5	20266949	1799	1736	3146	649	20259619	134713534936128	134713538610144	3038
XCHTIME	0	0	0	0	0	0	0	0	0	0	0	0
XCHTIME	440	4	6	603054	1878	3775	3147	560	593694	134713534936128	134713538610144	3038
LIFT	chimera_mgw-c8-439-onc8-002	440	418	3060	418
COUNTS	chimera_mgw-c8-439-onc8-002	440	3038	97870	86320
XCHTIME	0	0	0	0	0	0	0	0	0	0	0	0
XCHTIME	5188	1	0	2544983	515563	249514	276291	0	1503615	134713534151712	134713534193232	17910
XCHTIME	0	0	0	0	0	0	0	0	0	0	0	0
XCHTIME	5188	1	0	2471397	8944	214811	205175	0	2042467	134713534151712	134713534193232	17910
XCHTIME	0	0	0	0	0	0	0	0	0	0	0	0
XCHTIME	5188	1	0	2362799	8709	225256	215030	0	1913804	134713534151712	134713534193232	17910
XCHTIME	0	0	0	0	0	0	0	0	0	0	0	0
XCHTIME	5188	2	5	10510662	8210	215197	442742	1710	9842803	134713534151712	134713534193232	17910
LADGATE	5188	10000	0.652	1
XCHTIME	0	0	0	0	0	0	0	0	0	0	0	0
XCHTIME	5188	5	26	20667333	9108	251424	1094313	8361	19304127	134713534151712	134713534193232	17910
XCHTIME	0	0	0	0	0	0	0	0	0	0	0	0
XCHTIME	5188	1	0	4652916	9306	252449	218512	0	4172649	134713534151712	134713534193232	17910
XCHTIME	0	0	0	0	0	0	0	0	0	0	0	0
XCHTIME	5188	3	12	5709604	8340	237246	670037	3462	4790519	134713534151712	134713534193232	17910
XCHTIME	0	0	0	0	0	0	0	0	0	0	0	0
XCHTIME	5188	4	10	8483969	8666	232819	876170	3335	7362979	134713534151712	134713534193232	17910
XCHTIME	0	0	0	0	0	0	0	0	0	0	0	0
XCHTIME	5188	2	5	10463081	8554	207611	447180	1502	9798234	134713534151712	134713534193232	17910
XCHTIME	0	0	0	0	0	0	0	0	0	0	0	0
XCHTIME	5188	4	11	8200134	8788	215308	853435	3667	7118936	134713534151712	134713534193232	17910
XCHTIME	0	0	0	0	0	0	0	0	0	0	0	0
XCHTIME	5188	4	14	9924030	8822	215119	872215	7520	8820354	134713534151712	134713534193232	17910
XCHTIME	0	0	0	0	0	0	0	0	0	0	0	0
XCHTIME	5188	4	13	10968372	8925	217596	873264	4278	9864309	134713534151712	134713534193232	17910
XCHTIME	0	0	0	0	0	0	0	0	0	0	0	0
XCHTIME	5188	1	0	9616841	8395	217476	220588	0	9170382	134713534151712	134713534193232	17910
XCHTIME	0	0	0	0	0	0	0	0	0	0	0	0
XCHTIME	5188	4	6	8171055	9031	260668	949610	2729	6949017	134713534151712	134713534193232	17910
LIFT	batchs201210m	5188	2645	13208	2645
COUNTS	batchs201210m	5188	17910	349298	303381
XCHTIME	0	0	0	0	0	0	0	0	0	0	0	0
XCHTIME	5456	1	0	2732478	516190	265479	244776	0	1706033	134713534406240	134713534449904	15756
XCHTIME	0	0	0	0	0	0	0	0	0	0	0	0
XCHTIME	5456	1	0	3382783	8995	267519	248544	0	2857725	134713534406240	134713534449904	15756
XCHTIME	0	0	0	0	0	0	0	0	0	0	0	0
XCHTIME	5456	1	0	2913559	7630	260067	245212	0	2400650	134713534406240	134713534449904	15756
XCHTIME	0	0	0	0	0	0	0	0	0	0	0	0
XCHTIME	5456	1	0	10917643	7904	274274	251154	0	10384311	134713534406240	134713534449904	15756
LADGATE	5456	10000	0.652	1
XCHTIME	0	0	0	0	0	0	0	0	0	0	0	0
XCHTIME	5456	5	26	89807545	8821	294776	1303976	8838	88191134	134713534406240	134713534449904	15756
XCHTIME	0	0	0	0	0	0	0	0	0	0	0	0
XCHTIME	5456	1	0	5431118	8503	297389	247880	0	4877346	134713534406240	134713534449904	15756
XCHTIME	0	0	0	0	0	0	0	0	0	0	0	0
XCHTIME	5456	2	4	6227208	8573	262009	493203	1345	5462078	134713534406240	134713534449904	15756
XCHTIME	0	0	0	0	0	0	0	0	0	0	0	0
XCHTIME	5456	4	10	12543870	8202	258229	1005890	4100	11267449	134713534406240	134713534449904	15756
XCHTIME	0	0	0	0	0	0	0	0	0	0	0	0
XCHTIME	5456	1	0	10833721	7820	244649	268178	0	10313074	134713534406240	134713534449904	15756
XCHTIME	0	0	0	0	0	0	0	0	0	0	0	0
XCHTIME	5456	4	11	11517313	12829	259739	1025760	4530	10214455	134713534406240	134713534449904	15756
XCHTIME	0	0	0	0	0	0	0	0	0	0	0	0
XCHTIME	5456	2	4	12178524	8502	250847	530795	1479	11386901	134713534406240	134713534449904	15756
XCHTIME	0	0	0	0	0	0	0	0	0	0	0	0
XCHTIME	5456	1	0	11587718	7894	247887	230898	0	11101039	134713534406240	134713534449904	15756
XCHTIME	0	0	0	0	0	0	0	0	0	0	0	0
XCHTIME	5456	1	0	10510344	8451	258316	266439	0	9977138	134713534406240	134713534449904	15756
XCHTIME	0	0	0	0	0	0	0	0	0	0	0	0
XCHTIME	5456	4	6	9681478	7879	271865	1018531	2034	8381169	134713534406240	134713534449904	15756
LIFT	rsyn0815m04m	5456	2966	10968	2966
COUNTS	rsyn0815m04m	5456	15756	184352	143402
XCHTIME	0	0	0	0	0	0	0	0	0	0	0	0
XCHTIME	560	2	4	707298	15774	2064	2402	198	686860	134713534922192	134713534019840	1528
XCHTIME	0	0	0	0	0	0	0	0	0	0	0	0
XCHTIME	560	2	6	5746562	454	1476	2801	271	5741560	134713534922192	134713534019840	1528
XCHTIME	0	0	0	0	0	0	0	0	0	0	0	0
XCHTIME	560	2	5	1919581	691	2130	2504	277	1913979	134713534922192	134713534019840	1528
XCHTIME	0	0	0	0	0	0	0	0	0	0	0	0
XCHTIME	560	4	18	11474037	419	1801	5637	959	11465221	134713534922192	134713534019840	1528
LADGATE	560	10000	0.286	1
XCHTIME	0	0	0	0	0	0	0	0	0	0	0	0
XCHTIME	560	5	26	14279489	976	2630	6667	1414	14267802	134713534922192	134713534019840	1528
XCHTIME	0	0	0	0	0	0	0	0	0	0	0	0
XCHTIME	560	4	66	4736434	566	1747	7329	2597	4724195	134713534922192	134713534019840	1528
XCHTIME	0	0	0	0	0	0	0	0	0	0	0	0
XCHTIME	560	4	15	2325349	1242	3217	5814	641	2314435	134713534922192	134713534019840	1528
XCHTIME	0	0	0	0	0	0	0	0	0	0	0	0
XCHTIME	560	4	10	1408614	761	2032	6488	467	1398866	134713534922192	134713534019840	1528
XCHTIME	0	0	0	0	0	0	0	0	0	0	0	0
XCHTIME	560	4	18	11660859	759	2601	6603	908	11649988	134713534922192	134713534019840	1528
XCHTIME	0	0	0	0	0	0	0	0	0	0	0	0
XCHTIME	560	4	11	793210	1125	3994	4860	545	782686	134713534922192	134713534019840	1528
XCHTIME	0	0	0	0	0	0	0	0	0	0	0	0
XCHTIME	560	4	14	3748168	381	1450	4846	618	3740873	134713534922192	134713534019840	1528
XCHTIME	0	0	0	0	0	0	0	0	0	0	0	0
XCHTIME	560	4	13	6149457	335	1525	5330	657	6141610	134713534922192	134713534019840	1528
XCHTIME	0	0	0	0	0	0	0	0	0	0	0	0
XCHTIME	560	2	5	16050285	452	1781	5190	633	16042229	134713534922192	134713534019840	1528
XCHTIME	0	0	0	0	0	0	0	0	0	0	0	0
XCHTIME	560	4	6	534883	1448	4141	5084	368	523842	134713534922192	134713534019840	1528
LIFT	syn40m	560	291	1080	291
COUNTS	syn40m	560	1528	5007	4829
XCHTIME	0	0	0	0	0	0	0	0	0	0	0	0
XCHTIME	2157	2	4	1878866	103425	39169	36430	771	1699071	134713537523744	134713538803088	32604
XCHTIME	0	0	0	0	0	0	0	0	0	0	0	0
XCHTIME	2157	1	0	7312684	9171	21344	13742	0	7268427	134713537523744	134713538803088	32604
XCHTIME	0	0	0	0	0	0	0	0	0	0	0	0
XCHTIME	2157	2	5	4358395	15407	36908	51878	1135	4253067	134713537523744	134713538803088	32604
XCHTIME	0	0	0	0	0	0	0	0	0	0	0	0
XCHTIME	2157	2	5	14532002	10576	26645	48563	1687	14444531	134713537523744	134713538803088	32604
LADGATE	2157	10000	0.254	1
XCHTIME	0	0	0	0	0	0	0	0	0	0	0	0
XCHTIME	2157	5	26	41752360	12719	33277	156163	5084	41545117	134713537523744	134713538803088	32604
XCHTIME	0	0	0	0	0	0	0	0	0	0	0	0
XCHTIME	2157	4	66	2714921	13260	33910	70587	6675	2590489	134713537523744	134713538803088	32604
XCHTIME	0	0	0	0	0	0	0	0	0	0	0	0
XCHTIME	2157	4	15	4629762	10826	28489	74512	2513	4513422	134713537523744	134713538803088	32604
XCHTIME	0	0	0	0	0	0	0	0	0	0	0	0
XCHTIME	2157	4	10	3309595	11399	26599	68925	1575	3201097	134713537523744	134713538803088	32604
XCHTIME	0	0	0	0	0	0	0	0	0	0	0	0
XCHTIME	2157	2	5	14451901	8966	20755	47287	951	14373942	134713537523744	134713538803088	32604
XCHTIME	0	0	0	0	0	0	0	0	0	0	0	0
XCHTIME	2157	4	11	2871180	10880	34834	66064	1758	2757644	134713537523744	134713538803088	32604
XCHTIME	0	0	0	0	0	0	0	0	0	0	0	0
XCHTIME	2157	4	14	10185144	9220	22308	88728	2415	10062473	134713537523744	134713538803088	32604
XCHTIME	0	0	0	0	0	0	0	0	0	0	0	0
XCHTIME	2157	3	12	13763770	11923	35822	70367	2581	13643077	134713537523744	134713538803088	32604
XCHTIME	0	0	0	0	0	0	0	0	0	0	0	0
XCHTIME	2157	1	0	14571757	11073	29283	15667	0	14515734	134713537523744	134713538803088	32604
XCHTIME	0	0	0	0	0	0	0	0	0	0	0	0
XCHTIME	2157	4	6	2597910	14246	44754	68649	1129	2469132	134713537523744	134713538803088	32604
LIFT	knp5-44	2157	1167	31152	1167
COUNTS	knp5-44	2157	32604	3764003	3764003
XCHTIME	0	0	0	0	0	0	0	0	0	0	0	0
XCHTIME	94	2	4	164081	5158	614	309	148	157852	134713528740704	134713534926688	390
XCHTIME	0	0	0	0	0	0	0	0	0	0	0	0
XCHTIME	94	2	6	1284940	1175	2300	483	273	1280709	134713528740704	134713534926688	390
XCHTIME	0	0	0	0	0	0	0	0	0	0	0	0
XCHTIME	94	2	5	439138	305	969	262	190	437412	134713528740704	134713534926688	390
XCHTIME	0	0	0	0	0	0	0	0	0	0	0	0
XCHTIME	94	4	18	2532234	264	651	536	617	2530166	134713528740704	134713534926688	390
LADGATE	94	10000	0.190	1
XCHTIME	0	0	0	0	0	0	0	0	0	0	0	0
XCHTIME	94	5	26	3099860	451	1732	684	911	3096082	134713528740704	134713534926688	390
XCHTIME	0	0	0	0	0	0	0	0	0	0	0	0
XCHTIME	94	4	66	1920944	181	839	563	2338	1917023	134713528740704	134713534926688	390
XCHTIME	0	0	0	0	0	0	0	0	0	0	0	0
XCHTIME	94	4	15	550637	164	671	499	502	548801	134713528740704	134713534926688	390
XCHTIME	0	0	0	0	0	0	0	0	0	0	0	0
XCHTIME	94	4	10	293262	195	625	437	323	291682	134713528740704	134713534926688	390
XCHTIME	0	0	0	0	0	0	0	0	0	0	0	0
XCHTIME	94	4	18	2477070	134	536	580	621	2475199	134713528740704	134713534926688	390
XCHTIME	0	0	0	0	0	0	0	0	0	0	0	0
XCHTIME	94	4	11	168268	332	802	447	378	166309	134713528740704	134713534926688	390
XCHTIME	0	0	0	0	0	0	0	0	0	0	0	0
XCHTIME	94	4	14	914011	168	624	551	426	912242	134713528740704	134713534926688	390
XCHTIME	0	0	0	0	0	0	0	0	0	0	0	0
XCHTIME	94	4	13	1333534	451	1565	522	493	1330503	134713528740704	134713534926688	390
XCHTIME	0	0	0	0	0	0	0	0	0	0	0	0
XCHTIME	94	4	16	6782391	190	848	904	579	6779870	134713528740704	134713534926688	390
XCHTIME	0	0	0	0	0	0	0	0	0	0	0	0
XCHTIME	94	4	6	96212	476	893	570	210	94063	134713528740704	134713534926688	390
LIFT	ex1263a	94	59	320	59
COUNTS	ex1263a	94	390	2098	2098
COUNTS	st_e41	8	32	88	88
XCHTIME	0	0	0	0	0	0	0	0	0	0	0	0
XCHTIME	2305	2	4	1106260	62036	13828	27425	398	1002573	134713539428400	134713530720544	6000
XCHTIME	0	0	0	0	0	0	0	0	0	0	0	0
XCHTIME	2305	2	6	3239360	1941	15365	50337	1015	3170702	134713539428400	134713530720544	6000
XCHTIME	0	0	0	0	0	0	0	0	0	0	0	0
XCHTIME	2305	2	5	1254859	2503	34741	40919	638	1176058	134713539428400	134713530720544	6000
XCHTIME	0	0	0	0	0	0	0	0	0	0	0	0
XCHTIME	2305	4	18	6085790	2295	24590	121104	2516	5935285	134713539428400	134713530720544	6000
LADGATE	2305	10000	0.643	1
XCHTIME	0	0	0	0	0	0	0	0	0	0	0	0
XCHTIME	2305	5	26	7718001	3567	38534	165002	4377	7506521	134713539428400	134713530720544	6000
XCHTIME	0	0	0	0	0	0	0	0	0	0	0	0
XCHTIME	2305	4	66	2443193	3500	40095	95363	5629	2298606	134713539428400	134713530720544	6000
XCHTIME	0	0	0	0	0	0	0	0	0	0	0	0
XCHTIME	2305	4	15	2153216	3594	19177	62799	1094	2066552	134713539428400	134713530720544	6000
XCHTIME	0	0	0	0	0	0	0	0	0	0	0	0
XCHTIME	2305	4	10	2094784	2074	16479	72377	758	2003096	134713539428400	134713530720544	6000
XCHTIME	0	0	0	0	0	0	0	0	0	0	0	0
XCHTIME	2305	4	18	6139793	2323	16899	124820	3427	5992324	134713539428400	134713530720544	6000
XCHTIME	0	0	0	0	0	0	0	0	0	0	0	0
XCHTIME	2305	4	11	2111860	3278	39527	76129	1910	1991016	134713539428400	134713530720544	6000
XCHTIME	0	0	0	0	0	0	0	0	0	0	0	0
XCHTIME	2305	4	14	2419979	2167	22026	80136	2156	2313494	134713539428400	134713530720544	6000
XCHTIME	0	0	0	0	0	0	0	0	0	0	0	0
XCHTIME	2305	4	13	2867087	2394	22762	97419	2384	2742128	134713539428400	134713530720544	6000
XCHTIME	0	0	0	0	0	0	0	0	0	0	0	0
XCHTIME	2305	4	16	15501510	3377	28056	185075	4050	15280952	134713539428400	134713530720544	6000
XCHTIME	0	0	0	0	0	0	0	0	0	0	0	0
XCHTIME	2305	4	6	2062740	3785	54319	61804	581	1942251	134713539428400	134713530720544	6000
LIFT	squfl025-030	2305	805	3000	805
COUNTS	squfl025-030	2305	6000	42305	42305
XCHTIME	0	0	0	0	0	0	0	0	0	0	0	0
XCHTIME	98	2	4	174842	4855	536	356	321	168774	134713528329504	134713534580992	536
XCHTIME	0	0	0	0	0	0	0	0	0	0	0	0
XCHTIME	98	2	6	1827258	249	572	392	450	1825595	134713528329504	134713534580992	536
XCHTIME	0	0	0	0	0	0	0	0	0	0	0	0
XCHTIME	98	2	5	469906	305	969	357	361	467914	134713528329504	134713534580992	536
XCHTIME	0	0	0	0	0	0	0	0	0	0	0	0
XCHTIME	98	4	18	3287036	198	725	581	1179	3284353	134713528329504	134713534580992	536
LADGATE	98	10000	0.233	1
XCHTIME	0	0	0	0	0	0	0	0	0	0	0	0
XCHTIME	98	5	26	3904232	390	1598	809	1686	3899749	134713528329504	134713534580992	536
XCHTIME	0	0	0	0	0	0	0	0	0	0	0	0
XCHTIME	98	4	66	5473748	225	718	953	4000	5467852	134713528329504	134713534580992	536
XCHTIME	0	0	0	0	0	0	0	0	0	0	0	0
XCHTIME	98	4	15	591584	566	1092	614	1007	588305	134713528329504	134713534580992	536
XCHTIME	0	0	0	0	0	0	0	0	0	0	0	0
XCHTIME	98	4	10	314990	166	707	528	656	312933	134713528329504	134713534580992	536
XCHTIME	0	0	0	0	0	0	0	0	0	0	0	0
XCHTIME	98	4	18	3248511	188	684	544	1286	3245809	134713528329504	134713534580992	536
XCHTIME	0	0	0	0	0	0	0	0	0	0	0	0
XCHTIME	98	4	11	181523	327	700	450	705	179341	134713528329504	134713534580992	536
XCHTIME	0	0	0	0	0	0	0	0	0	0	0	0
XCHTIME	98	4	14	1001640	164	562	536	863	999515	134713528329504	134713534580992	536
XCHTIME	0	0	0	0	0	0	0	0	0	0	0	0
XCHTIME	98	4	13	1882271	369	679	781	864	1879578	134713528329504	134713534580992	536
XCHTIME	0	0	0	0	0	0	0	0	0	0	0	0
XCHTIME	98	4	16	10735821	246	653	1253	1259	10732410	134713528329504	134713534580992	536
XCHTIME	0	0	0	0	0	0	0	0	0	0	0	0
XCHTIME	98	4	6	121969	500	1328	575	399	119167	134713528329504	134713534580992	536
LIFT	wastewater05m1	98	62	740	62
COUNTS	wastewater05m1	98	536	11690	8002
COUNTS	cvxnonsep_psig20	20	380	2870	2870
XCHTIME	0	0	0	0	0	0	0	0	0	0	0	0
XCHTIME	4405	1	0	1733121	626755	176928	145658	0	783780	134713529557984	134713541780208	171604
XCHTIME	0	0	0	0	0	0	0	0	0	0	0	0
XCHTIME	4405	1	0	981550	64796	174964	145938	0	595852	134713529557984	134713541780208	171604
XCHTIME	0	0	0	0	0	0	0	0	0	0	0	0
XCHTIME	4405	1	0	989978	72915	166264	144619	0	606180	134713529557984	134713541780208	171604
XCHTIME	0	0	0	0	0	0	0	0	0	0	0	0
XCHTIME	4405	3	15	4840409	64128	162585	439452	4136	4170108	134713529557984	134713541780208	171604
LADGATE	4405	10000	0.153	1
XCHTIME	0	0	0	0	0	0	0	0	0	0	0	0
XCHTIME	4405	4	10	6730342	69714	186335	573075	2828	5898390	134713529557984	134713541780208	171604
XCHTIME	0	0	0	0	0	0	0	0	0	0	0	0
XCHTIME	4405	2	19	2520794	76291	178581	283457	8551	1973914	134713529557984	134713541780208	171604
XCHTIME	0	0	0	0	0	0	0	0	0	0	0	0
XCHTIME	4405	2	4	2689750	65951	160331	301012	1299	2161157	134713529557984	134713541780208	171604
XCHTIME	0	0	0	0	0	0	0	0	0	0	0	0
XCHTIME	4405	3	9	4694747	69707	164705	434653	2471	4023211	134713529557984	134713541780208	171604
XCHTIME	0	0	0	0	0	0	0	0	0	0	0	0
XCHTIME	4405	3	15	4918521	68299	161646	463538	4024	4221014	134713529557984	134713541780208	171604
XCHTIME	0	0	0	0	0	0	0	0	0	0	0	0
XCHTIME	4405	3	9	4860728	68510	183429	405003	2009	4201777	134713529557984	134713541780208	171604
XCHTIME	0	0	0	0	0	0	0	0	0	0	0	0
XCHTIME	4405	3	12	4838303	68220	166269	428288	3092	4172434	134713529557984	134713541780208	171604
XCHTIME	0	0	0	0	0	0	0	0	0	0	0	0
XCHTIME	4405	3	12	4984187	64748	165837	431051	3325	4319226	134713529557984	134713541780208	171604
XCHTIME	0	0	0	0	0	0	0	0	0	0	0	0
XCHTIME	4405	2	5	6256004	66163	173154	301043	1522	5714122	134713529557984	134713541780208	171604
XCHTIME	0	0	0	0	0	0	0	0	0	0	0	0
XCHTIME	4405	3	3	4769350	71390	172980	428386	775	4095819	134713529557984	134713541780208	171604
LIFT	meanvar-orl400_05_e_8	4405	2403	168400	2403
COUNTS	meanvar-orl400_05_e_8	4405	171604	21923414	21922611
XCHTIME	0	0	0	0	0	0	0	0	0	0	0	0
XCHTIME	301	2	4	503445	8150	1425	1085	171	492614	134713534599424	134713533980960	744
XCHTIME	0	0	0	0	0	0	0	0	0	0	0	0
XCHTIME	301	2	6	4403022	298	1223	862	208	4400431	134713534599424	134713533980960	744
XCHTIME	0	0	0	0	0	0	0	0	0	0	0	0
XCHTIME	301	2	5	1491136	513	1181	857	229	1488356	134713534599424	134713533980960	744
XCHTIME	0	0	0	0	0	0	0	0	0	0	0	0
XCHTIME	301	4	18	8175615	380	1038	1808	675	8171714	134713534599424	134713533980960	744
LADGATE	301	10000	0.261	1
XCHTIME	0	0	0	0	0	0	0	0	0	0	0	0
XCHTIME	301	5	26	10404626	447	1273	2563	1073	10399270	134713534599424	134713533980960	744
XCHTIME	0	0	0	0	0	0	0	0	0	0	0	0
XCHTIME	301	4	66	5458946	545	1037	2004	2374	5452986	134713534599424	134713533980960	744
XCHTIME	0	0	0	0	0	0	0	0	0	0	0	0
XCHTIME	301	4	15	1707355	939	2264	2073	543	1701536	134713534599424	134713533980960	744
XCHTIME	0	0	0	0	0	0	0	0	0	0	0	0
XCHTIME	301	4	10	927998	403	1198	1840	380	924177	134713534599424	134713533980960	744
XCHTIME	0	0	0	0	0	0	0	0	0	0	0	0
XCHTIME	301	4	18	8179357	370	994	1958	802	8175233	134713534599424	134713533980960	744
XCHTIME	0	0	0	0	0	0	0	0	0	0	0	0
XCHTIME	301	4	11	547549	466	1372	1750	389	543572	134713534599424	134713533980960	744
XCHTIME	0	0	0	0	0	0	0	0	0	0	0	0
XCHTIME	301	4	14	2932387	348	1074	1832	533	2928600	134713534599424	134713533980960	744
XCHTIME	0	0	0	0	0	0	0	0	0	0	0	0
XCHTIME	301	4	13	4825605	381	1177	1690	562	4821795	134713534599424	134713533980960	744
XCHTIME	0	0	0	0	0	0	0	0	0	0	0	0
XCHTIME	301	3	15	15520663	817	2469	2267	638	15514472	134713534599424	134713533980960	744
XCHTIME	0	0	0	0	0	0	0	0	0	0	0	0
XCHTIME	301	4	6	326999	725	1909	1610	284	322471	134713534599424	134713533980960	744
LIFT	st_e31	301	163	492	163
COUNTS	st_e31	301	744	4534	4257
LIFT	pooling_sppc1pq	14100	7273	535700	7273
COUNTS	pooling_sppc1pq	14100	477680	812210652	136686008
XCHTIME	0	0	0	0	0	0	0	0	0	0	0	0
XCHTIME	31	2	4	43584	4451	610	209	131	38183	134713528321376	134713534658400	96
XCHTIME	0	0	0	0	0	0	0	0	0	0	0	0
XCHTIME	31	2	6	345815	213	607	108	122	344765	134713528321376	134713534658400	96
XCHTIME	0	0	0	0	0	0	0	0	0	0	0	0
XCHTIME	31	2	5	100231	124	488	128	113	99378	134713528321376	134713534658400	96
XCHTIME	0	0	0	0	0	0	0	0	0	0	0	0
XCHTIME	31	4	18	614217	126	297	240	423	613131	134713528321376	134713534658400	96
LADGATE	31	10000	0.163	1
XCHTIME	0	0	0	0	0	0	0	0	0	0	0	0
XCHTIME	31	5	26	793776	289	996	305	604	791582	134713528321376	134713534658400	96
XCHTIME	0	0	0	0	0	0	0	0	0	0	0	0
XCHTIME	31	4	59	349170	141	365	219	1833	346612	134713528321376	134713534658400	96
XCHTIME	0	0	0	0	0	0	0	0	0	0	0	0
XCHTIME	31	4	15	147556	126	689	220	312	146209	134713528321376	134713534658400	96
XCHTIME	0	0	0	0	0	0	0	0	0	0	0	0
XCHTIME	31	4	10	64147	107	460	223	201	63156	134713528321376	134713534658400	96
XCHTIME	0	0	0	0	0	0	0	0	0	0	0	0
XCHTIME	31	4	18	614675	114	339	273	398	613551	134713528321376	134713534658400	96
XCHTIME	0	0	0	0	0	0	0	0	0	0	0	0
XCHTIME	31	4	11	49416	96	404	217	219	48480	134713528321376	134713534658400	96
XCHTIME	0	0	0	0	0	0	0	0	0	0	0	0
XCHTIME	31	4	14	218406	100	400	197	287	217422	134713528321376	134713534658400	96
XCHTIME	0	0	0	0	0	0	0	0	0	0	0	0
XCHTIME	31	4	13	266232	101	414	207	271	265239	134713528321376	134713534658400	96
XCHTIME	0	0	0	0	0	0	0	0	0	0	0	0
XCHTIME	31	4	16	2725876	128	516	342	403	2724487	134713528321376	134713534658400	96
XCHTIME	0	0	0	0	0	0	0	0	0	0	0	0
XCHTIME	31	4	6	28194	277	1118	245	132	26422	134713528321376	134713534658400	96
COUNTS	pooling_haverly1pq	31	96	412	403
XCHTIME	0	0	0	0	0	0	0	0	0	0	0	0
XCHTIME	128	2	4	230140	5548	568	402	161	223461	134713534639152	134713533987360	672
XCHTIME	0	0	0	0	0	0	0	0	0	0	0	0
XCHTIME	128	2	6	2773024	318	732	410	258	2771306	134713534639152	134713533987360	672
XCHTIME	0	0	0	0	0	0	0	0	0	0	0	0
XCHTIME	128	2	5	771308	340	739	385	243	769601	134713534639152	134713533987360	672
XCHTIME	0	0	0	0	0	0	0	0	0	0	0	0
XCHTIME	128	4	18	5301691	361	946	915	794	5298675	134713534639152	134713533987360	672
LADGATE	128	10000	0.222	1
XCHTIME	0	0	0	0	0	0	0	0	0	0	0	0
XCHTIME	128	5	26	6720938	530	1281	985	1357	6716785	134713534639152	134713533987360	672
XCHTIME	0	0	0	0	0	0	0	0	0	0	0	0
XCHTIME	128	4	66	1049125	355	668	809	2791	1044502	134713534639152	134713533987360	672
XCHTIME	0	0	0	0	0	0	0	0	0	0	0	0
XCHTIME	128	4	15	848807	403	1053	633	566	846152	134713534639152	134713533987360	672
XCHTIME	0	0	0	0	0	0	0	0	0	0	0	0
XCHTIME	128	4	10	394869	294	852	561	359	392803	134713534639152	134713533987360	672
XCHTIME	0	0	0	0	0	0	0	0	0	0	0	0
XCHTIME	128	4	18	5322198	239	589	730	757	5319883	134713534639152	134713533987360	672
XCHTIME	0	0	0	0	0	0	0	0	0	0	0	0
XCHTIME	128	4	11	202386	390	684	539	372	200401	134713534639152	134713533987360	672
XCHTIME	0	0	0	0	0	0	0	0	0	0	0	0
XCHTIME	128	4	14	1575471	285	714	613	566	1573293	134713534639152	134713533987360	672
XCHTIME	0	0	0	0	0	0	0	0	0	0	0	0
XCHTIME	128	4	13	2906811	347	666	748	509	2904541	134713534639152	134713533987360	672
XCHTIME	0	0	0	0	0	0	0	0	0	0	0	0
XCHTIME	128	4	16	21034737	311	660	1906	954	21030906	134713534639152	134713533987360	672
XCHTIME	0	0	0	0	0	0	0	0	0	0	0	0
XCHTIME	128	4	6	130030	1053	1594	626	224	126533	134713534639152	134713533987360	672
LIFT	graphpart_3g-0244-0244	128	96	672	96
COUNTS	graphpart_3g-0244-0244	128	672	33446	32534
XCHTIME	0	0	0	0	0	0	0	0	0	0	0	0
XCHTIME	80	2	4	175625	4892	605	437	699	168992	134713534911696	134713533964560	1260
XCHTIME	0	0	0	0	0	0	0	0	0	0	0	0
XCHTIME	80	2	6	2140221	351	594	305	983	2137988	134713534911696	134713533964560	1260
XCHTIME	0	0	0	0	0	0	0	0	0	0	0	0
XCHTIME	80	2	5	630531	637	902	247	767	627978	134713534911696	134713533964560	1260
XCHTIME	0	0	0	0	0	0	0	0	0	0	0	0
XCHTIME	80	4	18	3488557	455	553	661	2672	3484216	134713534911696	134713533964560	1260
LADGATE	80	10000	0.229	1
XCHTIME	0	0	0	0	0	0	0	0	0	0	0	0
XCHTIME	80	5	26	4570339	1067	1373	886	3957	4563056	134713534911696	134713533964560	1260
XCHTIME	0	0	0	0	0	0	0	0	0	0	0	0
XCHTIME	80	4	66	1500814	406	656	587	7935	1491230	134713534911696	134713533964560	1260
XCHTIME	0	0	0	0	0	0	0	0	0	0	0	0
XCHTIME	80	4	15	604272	395	1027	392	2165	600293	134713534911696	134713533964560	1260
XCHTIME	0	0	0	0	0	0	0	0	0	0	0	0
XCHTIME	80	4	10	317039	455	670	447	1531	313936	134713534911696	134713533964560	1260
XCHTIME	0	0	0	0	0	0	0	0	0	0	0	0
XCHTIME	80	4	18	3464730	221	523	514	2735	3460737	134713534911696	134713533964560	1260
XCHTIME	0	0	0	0	0	0	0	0	0	0	0	0
XCHTIME	80	4	11	175253	359	602	528	2043	171721	134713534911696	134713533964560	1260
XCHTIME	0	0	0	0	0	0	0	0	0	0	0	0
XCHTIME	80	4	14	1175860	370	508	453	2040	1172489	134713534911696	134713533964560	1260
XCHTIME	0	0	0	0	0	0	0	0	0	0	0	0
XCHTIME	80	4	13	2221065	484	688	491	1996	2217406	134713534911696	134713533964560	1260
XCHTIME	0	0	0	0	0	0	0	0	0	0	0	0
XCHTIME	80	4	16	13665657	353	702	1092	2822	13660688	134713534911696	134713533964560	1260
XCHTIME	0	0	0	0	0	0	0	0	0	0	0	0
XCHTIME	80	4	6	111846	1016	1511	539	933	107847	134713534911696	134713533964560	1260
LIFT	graphpart_clique-20	80	77	1254	77
COUNTS	graphpart_clique-20	80	1260	34885	27856
LADGATE	28368	10000	0.771	0
LIFT	mpbp_48	28368	16000	66180	16000
COUNTS	mpbp_48	28368	91016	33835023	16144599
LIFT	pooling_sppb5pq	18529	9496	693670	9496
COUNTS	pooling_sppb5pq	18529	674470	523815053	213571545
XCHTIME	0	0	0	0	0	0	0	0	0	0	0	0
XCHTIME	497	2	4	196300	12311	1688	2079	213	180009	134713534592512	134713537483280	1512
XCHTIME	0	0	0	0	0	0	0	0	0	0	0	0
XCHTIME	497	2	6	708680	478	1278	2320	491	704113	134713534592512	134713537483280	1512
XCHTIME	0	0	0	0	0	0	0	0	0	0	0	0
XCHTIME	497	2	5	315752	502	1509	1910	291	311540	134713534592512	134713537483280	1512
XCHTIME	0	0	0	0	0	0	0	0	0	0	0	0
XCHTIME	497	4	18	1533033	374	1519	4050	954	1526136	134713534592512	134713537483280	1512
LADGATE	497	10000	0.236	1
XCHTIME	0	0	0	0	0	0	0	0	0	0	0	0
XCHTIME	497	5	26	1683310	893	2074	4390	1467	1674486	134713534592512	134713537483280	1512
XCHTIME	0	0	0	0	0	0	0	0	0	0	0	0
XCHTIME	497	2	19	7166124	347	1389	2316	931	7161141	134713534592512	134713537483280	1512
XCHTIME	0	0	0	0	0	0	0	0	0	0	0	0
XCHTIME	497	4	15	444043	876	2127	3970	698	436372	134713534592512	134713537483280	1512
XCHTIME	0	0	0	0	0	0	0	0	0	0	0	0
XCHTIME	497	4	10	331421	365	1455	4523	413	324665	134713534592512	134713537483280	1512
XCHTIME	0	0	0	0	0	0	0	0	0	0	0	0
XCHTIME	497	4	18	1507708	640	1292	4004	983	1500789	134713534592512	134713537483280	1512
XCHTIME	0	0	0	0	0	0	0	0	0	0	0	0
XCHTIME	497	4	11	266915	403	1564	3862	414	260672	134713534592512	134713537483280	1512
XCHTIME	0	0	0	0	0	0	0	0	0	0	0	0
XCHTIME	497	4	14	564520	356	1143	3748	587	558686	134713534592512	134713537483280	1512
XCHTIME	0	0	0	0	0	0	0	0	0	0	0	0
XCHTIME	497	4	13	883954	440	1459	3956	590	877509	134713534592512	134713537483280	1512
XCHTIME	0	0	0	0	0	0	0	0	0	0	0	0
XCHTIME	497	4	16	2620412	338	1311	5281	1015	2612467	134713534592512	134713537483280	1512
XCHTIME	0	0	0	0	0	0	0	0	0	0	0	0
XCHTIME	497	4	6	216170	1037	2060	3701	247	209125	134713534592512	134713537483280	1512
LIFT	slay07m	497	203	924	203
COUNTS	slay07m	497	1512	5740	5740
COUNTS	nvs19	24	200	1353	884
XCHTIME	0	0	0	0	0	0	0	0	0	0	0	0
XCHTIME	3270	2	4	2000574	170932	64112	121057	975	1643498	134713539299072	134713537672112	8430
XCHTIME	0	0	0	0	0	0	0	0	0	0	0	0
XCHTIME	3270	1	0	2725503	4107	82448	64518	0	2574430	134713539299072	134713537672112	8430
XCHTIME	0	0	0	0	0	0	0	0	0	0	0	0
XCHTIME	3270	2	5	2537978	3952	70553	142226	1194	2320053	134713539299072	134713537672112	8430
XCHTIME	0	0	0	0	0	0	0	0	0	0	0	0
XCHTIME	3270	3	15	11228570	3930	57334	166567	2131	10998608	134713539299072	134713537672112	8430
LADGATE	3270	10000	0.513	1
XCHTIME	0	0	0	0	0	0	0	0	0	0	0	0
XCHTIME	3270	5	26	18535571	4268	91346	418920	3971	18017066	134713539299072	134713537672112	8430
XCHTIME	0	0	0	0	0	0	0	0	0	0	0	0
XCHTIME	3270	2	19	5429422	6463	100580	148033	1613	5172733	134713539299072	134713537672112	8430
XCHTIME	0	0	0	0	0	0	0	0	0	0	0	0
XCHTIME	3270	4	15	5235964	10038	104457	226447	1819	4893203	134713539299072	134713537672112	8430
XCHTIME	0	0	0	0	0	0	0	0	0	0	0	0
XCHTIME	3270	4	10	4404034	4577	56382	204877	1393	4136805	134713539299072	134713537672112	8430
XCHTIME	0	0	0	0	0	0	0	0	0	0	0	0
XCHTIME	3270	3	15	11357498	4082	62004	217730	2431	11071251	134713539299072	134713537672112	8430
XCHTIME	0	0	0	0	0	0	0	0	0	0	0	0
XCHTIME	3270	4	11	4015514	4608	69336	249985	2307	3689278	134713539299072	134713537672112	8430
XCHTIME	0	0	0	0	0	0	0	0	0	0	0	0
XCHTIME	3270	4	14	6476835	3719	70465	256450	2987	6143214	134713539299072	134713537672112	8430
XCHTIME	0	0	0	0	0	0	0	0	0	0	0	0
XCHTIME	3270	4	13	10726808	4200	63502	257217	2551	10399338	134713539299072	134713537672112	8430
XCHTIME	0	0	0	0	0	0	0	0	0	0	0	0
XCHTIME	3270	1	0	10561507	4525	67965	61509	0	10427508	134713539299072	134713537672112	8430
XCHTIME	0	0	0	0	0	0	0	0	0	0	0	0
XCHTIME	3270	4	6	3556205	4913	104481	239674	1779	3205358	134713539299072	134713537672112	8430
LIFT	oil	3270	1687	5444	1687
COUNTS	oil	3270	8430	36313	34760
XCHTIME	0	0	0	0	0	0	0	0	0	0	0	0
XCHTIME	2775	2	4	1485966	100319	29483	58914	713	1296537	134713530875472	134713539325248	7200
XCHTIME	0	0	0	0	0	0	0	0	0	0	0	0
XCHTIME	2775	2	6	2078460	3233	36755	67680	836	1969956	134713530875472	134713539325248	7200
XCHTIME	0	0	0	0	0	0	0	0	0	0	0	0
XCHTIME	2775	2	5	1522152	3265	38052	66879	850	1413106	134713530875472	134713539325248	7200
XCHTIME	0	0	0	0	0	0	0	0	0	0	0	0
XCHTIME	2775	4	18	4185874	3236	37124	133427	2591	4009496	134713530875472	134713539325248	7200
LADGATE	2775	10000	0.845	1
XCHTIME	0	0	0	0	0	0	0	0	0	0	0	0
XCHTIME	2775	5	26	5295951	4263	55587	195956	4126	5036019	134713530875472	134713539325248	7200
XCHTIME	0	0	0	0	0	0	0	0	0	0	0	0
XCHTIME	2775	4	66	3692183	3562	45174	148791	7046	3487610	134713530875472	134713539325248	7200
XCHTIME	0	0	0	0	0	0	0	0	0	0	0	0
XCHTIME	2775	4	15	2733205	4320	40280	108387	1375	2578843	134713530875472	134713539325248	7200
XCHTIME	0	0	0	0	0	0	0	0	0	0	0	0
XCHTIME	2775	4	10	2680987	3213	34014	117470	1906	2524384	134713530875472	134713539325248	7200
XCHTIME	0	0	0	0	0	0	0	0	0	0	0	0
XCHTIME	2775	4	18	4184058	3264	35948	141391	2446	4001009	134713530875472	134713539325248	7200
XCHTIME	0	0	0	0	0	0	0	0	0	0	0	0
XCHTIME	2775	4	11	2695419	3904	53084	134000	1973	2502458	134713530875472	134713539325248	7200
XCHTIME	0	0	0	0	0	0	0	0	0	0	0	0
XCHTIME	2775	4	14	3055792	3827	45815	139154	1840	2865156	134713530875472	134713539325248	7200
XCHTIME	0	0	0	0	0	0	0	0	0	0	0	0
XCHTIME	2775	4	13	3315425	3935	42278	110656	1271	3157285	134713530875472	134713539325248	7200
XCHTIME	0	0	0	0	0	0	0	0	0	0	0	0
XCHTIME	2775	4	16	13569683	3092	36696	252937	2884	13274074	134713530875472	134713539325248	7200
XCHTIME	0	0	0	0	0	0	0	0	0	0	0	0
XCHTIME	2775	4	6	2826617	4429	73521	137846	1263	2609558	134713530875472	134713539325248	7200
LIFT	squfl015-060	2775	975	3600	975
COUNTS	squfl015-060	2775	7200	36400	36400
XCHTIME	0	0	0	0	0	0	0	0	0	0	0	0
XCHTIME	1112	2	4	1115395	23758	4560	7575	189	1079313	134713534036240	134713537541024	5522
XCHTIME	0	0	0	0	0	0	0	0	0	0	0	0
XCHTIME	1112	2	6	7795934	1266	3525	10834	260	7780049	134713534036240	134713537541024	5522
XCHTIME	0	0	0	0	0	0	0	0	0	0	0	0
XCHTIME	1112	2	5	3769503	2553	4886	8243	208	3753613	134713534036240	134713537541024	5522
XCHTIME	0	0	0	0	0	0	0	0	0	0	0	0
XCHTIME	1112	3	15	15837777	1660	6348	16788	572	15812409	134713534036240	134713537541024	5522
LADGATE	1112	10000	0.452	1
XCHTIME	0	0	0	0	0	0	0	0	0	0	0	0
XCHTIME	1112	5	26	31127703	2702	9190	30901	1141	31083769	134713534036240	134713537541024	5522
XCHTIME	0	0	0	0	0	0	0	0	0	0	0	0
XCHTIME	1112	3	57	6143206	2884	8740	15856	1874	6113852	134713534036240	134713537541024	5522
XCHTIME	0	0	0	0	0	0	0	0	0	0	0	0
XCHTIME	1112	4	15	3730999	2753	5572	18088	664	3703922	134713534036240	134713537541024	5522
XCHTIME	0	0	0	0	0	0	0	0	0	0	0	0
XCHTIME	1112	4	10	2191514	1759	4955	15019	521	2169260	134713534036240	134713537541024	5522
XCHTIME	0	0	0	0	0	0	0	0	0	0	0	0
XCHTIME	1112	3	15	15782425	1257	4432	17208	584	15758944	134713534036240	134713537541024	5522
XCHTIME	0	0	0	0	0	0	0	0	0	0	0	0
XCHTIME	1112	4	11	1297322	2664	6461	16009	447	1271741	134713534036240	134713537541024	5522
XCHTIME	0	0	0	0	0	0	0	0	0	0	0	0
XCHTIME	1112	4	14	7609369	2177	6656	16367	603	7583566	134713534036240	134713537541024	5522
XCHTIME	0	0	0	0	0	0	0	0	0	0	0	0
XCHTIME	1112	4	13	13852541	2546	11137	21898	600	13816360	134713534036240	134713537541024	5522
XCHTIME	0	0	0	0	0	0	0	0	0	0	0	0
XCHTIME	1112	1	0	14887567	1895	6764	3696	0	14875212	134713534036240	134713537541024	5522
XCHTIME	0	0	0	0	0	0	0	0	0	0	0	0
XCHTIME	1112	4	6	863362	3183	13479	15165	349	831186	134713534036240	134713537541024	5522
LIFT	ndcc12persp	1112	961	5220	961
COUNTS	ndcc12persp	1112	5522	299115	284793
LIFT	kissing2	20772	10772	381024	10772
COUNTS	kissing2	20772	401024	156414018	156414018
XCHTIME	0	0	0	0	0	0	0	0	0	0	0	0
XCHTIME	1942	2	4	2717434	62067	10496	20550	691	2623630	134713539159456	134713549637264	16030
XCHTIME	0	0	0	0	0	0	0	0	0	0	0	0
XCHTIME	1942	1	0	7558980	3838	10637	9493	0	7535012	134713539159456	134713549637264	16030
XCHTIME	0	0	0	0	0	0	0	0	0	0	0	0
XCHTIME	1942	2	5	5130665	7089	34473	29776	955	5058372	134713539159456	134713549637264	16030
XCHTIME	0	0	0	0	0	0	0	0	0	0	0	0
XCHTIME	1942	2	5	15151062	5199	16031	40537	1506	15087789	134713539159456	134713549637264	16030
LADGATE	1942	10000	0.566	1
XCHTIME	0	0	0	0	0	0	0	0	0	0	0	0
XCHTIME	1942	5	26	70600359	6426	30098	131943	7162	70424730	134713539159456	134713549637264	16030
XCHTIME	0	0	0	0	0	0	0	0	0	0	0	0
XCHTIME	1942	2	19	6736153	7262	32070	40658	3050	6653113	134713539159456	134713549637264	16030
XCHTIME	0	0	0	0	0	0	0	0	0	0	0	0
XCHTIME	1942	3	12	6692578	7525	26915	47669	2319	6608150	134713539159456	134713549637264	16030
XCHTIME	0	0	0	0	0	0	0	0	0	0	0	0
XCHTIME	1942	4	10	5477911	4922	21597	78337	2383	5370672	134713539159456	134713549637264	16030
XCHTIME	0	0	0	0	0	0	0	0	0	0	0	0
XCHTIME	1942	2	5	14982207	6614	11287	40700	1539	14922067	134713539159456	134713549637264	16030
XCHTIME	0	0	0	0	0	0	0	0	0	0	0	0
XCHTIME	1942	4	11	3608056	6221	23759	52324	2105	3523647	134713539159456	134713549637264	16030
XCHTIME	0	0	0	0	0	0	0	0	0	0	0	0
XCHTIME	1942	4	14	14421699	4725	16591	74555	3058	14322770	134713539159456	134713549637264	16030
XCHTIME	0	0	0	0	0	0	0	0	0	0	0	0
XCHTIME	1942	2	4	14596905	6923	15653	33598	966	14539765	134713539159456	134713549637264	16030
XCHTIME	0	0	0	0	0	0	0	0	0	0	0	0
XCHTIME	1942	1	0	14803328	5726	21863	12053	0	14763686	134713539159456	134713549637264	16030
XCHTIME	0	0	0	0	0	0	0	0	0	0	0	0
XCHTIME	1942	4	6	2837965	7361	36280	67347	1295	2725682	134713539159456	134713549637264	16030
LIFT	nuclear25a	1942	755	18260	755
COUNTS	nuclear25a	1942	16030	1977163	1136191
XCHTIME	0	0	0	0	0	0	0	0	0	0	0	0
XCHTIME	222	2	4	155326	7667	1023	941	191	145504	134713537803248	134713530855744	704
XCHTIME	0	0	0	0	0	0	0	0	0	0	0	0
XCHTIME	222	2	6	828197	237	949	576	296	826139	134713537803248	134713530855744	704
XCHTIME	0	0	0	0	0	0	0	0	0	0	0	0
XCHTIME	222	2	5	360096	296	1185	674	249	357692	134713537803248	134713530855744	704
XCHTIME	0	0	0	0	0	0	0	0	0	0	0	0
XCHTIME	222	4	18	1537184	270	894	1156	862	1534002	134713537803248	134713530855744	704
LADGATE	222	10000	0.212	1
XCHTIME	0	0	0	0	0	0	0	0	0	0	0	0
XCHTIME	222	5	26	1761426	1444	2945	1952	1324	1753761	134713537803248	134713530855744	704
XCHTIME	0	0	0	0	0	0	0	0	0	0	0	0
XCHTIME	222	4	66	5584688	509	960	2213	2691	5578315	134713537803248	134713530855744	704
XCHTIME	0	0	0	0	0	0	0	0	0	0	0	0
XCHTIME	222	4	15	405716	437	1417	1408	591	401863	134713537803248	134713530855744	704
XCHTIME	0	0	0	0	0	0	0	0	0	0	0	0
XCHTIME	222	4	10	226915	275	1048	1387	311	223894	134713537803248	134713530855744	704
XCHTIME	0	0	0	0	0	0	0	0	0	0	0	0
XCHTIME	222	4	18	1531160	406	860	1345	759	1527790	134713537803248	134713530855744	704
XCHTIME	0	0	0	0	0	0	0	0	0	0	0	0
XCHTIME	222	4	11	171413	431	860	1094	347	168681	134713537803248	134713530855744	704
XCHTIME	0	0	0	0	0	0	0	0	0	0	0	0
XCHTIME	222	4	14	641980	263	758	1402	541	639016	134713537803248	134713530855744	704
XCHTIME	0	0	0	0	0	0	0	0	0	0	0	0
XCHTIME	222	4	13	924583	379	933	1556	507	921208	134713537803248	134713530855744	704
XCHTIME	0	0	0	0	0	0	0	0	0	0	0	0
XCHTIME	222	4	16	4179924	348	937	2312	805	4175522	134713537803248	134713530855744	704
XCHTIME	0	0	0	0	0	0	0	0	0	0	0	0
XCHTIME	222	4	6	124079	654	1388	1073	228	120736	134713537803248	134713530855744	704
LIFT	clay0204m	222	102	464	102
COUNTS	clay0204m	222	704	2330	2330
XCHTIME	0	0	0	0	0	0	0	0	0	0	0	0
XCHTIME	23	2	4	38488	2428	1165	154	101	34640	134713529867600	134713534614816	68
XCHTIME	0	0	0	0	0	0	0	0	0	0	0	0
XCHTIME	23	2	6	411135	274	804	182	142	409733	134713529867600	134713534614816	68
XCHTIME	0	0	0	0	0	0	0	0	0	0	0	0
XCHTIME	23	2	5	95915	133	477	105	101	95099	134713529867600	134713534614816	68
XCHTIME	0	0	0	0	0	0	0	0	0	0	0	0
XCHTIME	23	4	18	243562	124	413	227	425	242373	134713529867600	134713534614816	68
LADGATE	23	10000	0.132	1
XCHTIME	0	0	0	0	0	0	0	0	0	0	0	0
XCHTIME	23	5	26	542527	173	686	294	624	540750	134713529867600	134713534614816	68
XCHTIME	0	0	0	0	0	0	0	0	0	0	0	0
XCHTIME	23	4	51	1221086	118	379	201	1345	1219043	134713529867600	134713534614816	68
XCHTIME	0	0	0	0	0	0	0	0	0	0	0	0
XCHTIME	23	4	15	78851	163	451	175	324	77738	134713529867600	134713534614816	68
XCHTIME	0	0	0	0	0	0	0	0	0	0	0	0
XCHTIME	23	4	10	44288	108	252	173	199	43556	134713529867600	134713534614816	68
XCHTIME	0	0	0	0	0	0	0	0	0	0	0	0
XCHTIME	23	4	18	251021	116	190	184	432	250099	134713529867600	134713534614816	68
XCHTIME	0	0	0	0	0	0	0	0	0	0	0	0
XCHTIME	23	4	11	35035	103	317	202	217	34196	134713529867600	134713534614816	68
XCHTIME	0	0	0	0	0	0	0	0	0	0	0	0
XCHTIME	23	4	14	190488	61	223	177	322	189705	134713529867600	134713534614816	68
XCHTIME	0	0	0	0	0	0	0	0	0	0	0	0
XCHTIME	23	4	13	335862	109	251	191	287	335024	134713529867600	134713534614816	68
XCHTIME	0	0	0	0	0	0	0	0	0	0	0	0
XCHTIME	23	4	16	1777431	84	282	222	389	1776454	134713529867600	134713534614816	68
XCHTIME	0	0	0	0	0	0	0	0	0	0	0	0
XCHTIME	23	4	6	22702	183	316	182	129	21892	134713529867600	134713534614816	68
COUNTS	st_ph13	23	68	207	178
XCHTIME	0	0	0	0	0	0	0	0	0	0	0	0
XCHTIME	1053	2	4	728593	19901	4271	6229	264	697928	134713539392816	134713539446864	4654
XCHTIME	0	0	0	0	0	0	0	0	0	0	0	0
XCHTIME	1053	2	6	5844269	726	3239	8070	447	5831787	134713539392816	134713539446864	4654
XCHTIME	0	0	0	0	0	0	0	0	0	0	0	0
XCHTIME	1053	2	5	1871102	1394	5665	7009	333	1856701	134713539392816	134713539446864	4654
XCHTIME	0	0	0	0	0	0	0	0	0	0	0	0
XCHTIME	1053	4	18	11622955	967	4370	17042	1416	11599160	134713539392816	134713539446864	4654
LADGATE	1053	10000	0.389	1
XCHTIME	0	0	0	0	0	0	0	0	0	0	0	0
XCHTIME	1053	5	26	13853968	2168	7582	22328	2373	13819517	134713539392816	134713539446864	4654
XCHTIME	0	0	0	0	0	0	0	0	0	0	0	0
XCHTIME	1053	4	66	820981	2172	5715	12302	2973	797819	134713539392816	134713539446864	4654
XCHTIME	0	0	0	0	0	0	0	0	0	0	0	0
XCHTIME	1053	4	15	2134496	1007	3350	12822	990	2116327	134713539392816	134713539446864	4654
XCHTIME	0	0	0	0	0	0	0	0	0	0	0	0
XCHTIME	1053	4	10	1286321	911	3452	13251	679	1268028	134713539392816	134713539446864	4654
XCHTIME	0	0	0	0	0	0	0	0	0	0	0	0
XCHTIME	1053	4	18	11243732	1160	3483	16049	1390	11221650	134713539392816	134713539446864	4654
XCHTIME	0	0	0	0	0	0	0	0	0	0	0	0
XCHTIME	1053	4	11	921577	1531	5515	12834	703	900994	134713539392816	134713539446864	4654
XCHTIME	0	0	0	0	0	0	0	0	0	0	0	0
XCHTIME	1053	4	14	3641612	967	3400	13533	952	3622760	134713539392816	134713539446864	4654
XCHTIME	0	0	0	0	0	0	0	0	0	0	0	0
XCHTIME	1053	4	13	6441982	1310	8365	18592	1001	6412714	134713539392816	134713539446864	4654
XCHTIME	0	0	0	0	0	0	0	0	0	0	0	0
XCHTIME	1053	2	5	17124116	1613	4035	14766	455	17103247	134713539392816	134713539446864	4654
XCHTIME	0	0	0	0	0	0	0	0	0	0	0	0
XCHTIME	1053	4	6	788071	2336	10917	13232	498	761088	134713539392816	134713539446864	4654
LIFT	edgecross10-030	1053	573	5134	573
COUNTS	edgecross10-030	1053	4654	135854	100080
XCHTIME	0	0	0	0	0	0	0	0	0	0	0	0
XCHTIME	601	2	4	1494754	14551	2232	2835	316	1474820	134713537496880	134713539175008	2396
XCHTIME	0	0	0	0	0	0	0	0	0	0	0	0
XCHTIME	601	1	0	7039158	607	1854	1296	0	7035401	134713537496880	134713539175008	2396
XCHTIME	0	0	0	0	0	0	0	0	0	0	0	0
XCHTIME	601	2	5	5814631	1185	2815	2865	341	5807425	134713537496880	134713539175008	2396
XCHTIME	0	0	0	0	0	0	0	0	0	0	0	0
XCHTIME	601	2	5	13929364	1001	1917	2899	358	13923189	134713537496880	134713539175008	2396
LADGATE	601	10000	0.244	1
XCHTIME	0	0	0	0	0	0	0	0	0	0	0	0
XCHTIME	601	5	26	61240677	1226	3128	7954	1804	61226565	134713537496880	134713539175008	2396
XCHTIME	0	0	0	0	0	0	0	0	0	0	0	0
XCHTIME	601	4	66	223025	1546	2472	5476	2931	210600	134713537496880	134713539175008	2396
XCHTIME	0	0	0	0	0	0	0	0	0	0	0	0
XCHTIME	601	4	15	4358519	412	1403	5661	911	4350132	134713537496880	134713539175008	2396
XCHTIME	0	0	0	0	0	0	0	0	0	0	0	0
XCHTIME	601	4	10	2767240	996	1805	5560	624	2758255	134713537496880	134713539175008	2396
XCHTIME	0	0	0	0	0	0	0	0	0	0	0	0
XCHTIME	601	2	5	13975186	923	1820	2890	359	13969194	134713537496880	134713539175008	2396
XCHTIME	0	0	0	0	0	0	0	0	0	0	0	0
XCHTIME	601	4	11	1141682	933	2256	5485	646	1132362	134713537496880	134713539175008	2396
XCHTIME	0	0	0	0	0	0	0	0	0	0	0	0
XCHTIME	601	4	14	14198555	654	1566	5861	867	14189607	134713537496880	134713539175008	2396
XCHTIME	0	0	0	0	0	0	0	0	0	0	0	0
XCHTIME	601	3	12	15336282	1288	2784	4295	778	15327137	134713537496880	134713539175008	2396
XCHTIME	0	0	0	0	0	0	0	0	0	0	0	0
XCHTIME	601	1	0	14456986	1154	2191	1316	0	14452325	134713537496880	134713539175008	2396
XCHTIME	0	0	0	0	0	0	0	0	0	0	0	0
XCHTIME	601	4	6	735095	1644	6197	5748	520	720986	134713537496880	134713539175008	2396
LIFT	chain200	601	400	1596	400
COUNTS	chain200	601	2396	8182	8182
XCHTIME	0	0	0	0	0	0	0	0	0	0	0	0
XCHTIME	25	2	4	50078	3282	1513	208	125	44950	134713533980432	134713530866000	66
XCHTIME	0	0	0	0	0	0	0	0	0	0	0	0
XCHTIME	25	2	6	307628	274	490	132	180	306552	134713533980432	134713530866000	66
XCHTIME	0	0	0	0	0	0	0	0	0	0	0	0
XCHTIME	25	2	5	90679	125	402	126	157	89869	134713533980432	134713530866000	66
XCHTIME	0	0	0	0	0	0	0	0	0	0	0	0
XCHTIME	25	4	18	640491	134	547	274	457	639079	134713533980432	134713530866000	66
LADGATE	25	10000	0.163	1
XCHTIME	0	0	0	0	0	0	0	0	0	0	0	0
XCHTIME	25	5	26	656634	380	821	290	848	654295	134713533980432	134713530866000	66
XCHTIME	0	0	0	0	0	0	0	0	0	0	0	0
XCHTIME	25	4	53	9661	227	419	218	1374	7423	134713533980432	134713530866000	66
XCHTIME	0	0	0	0	0	0	0	0	0	0	0	0
XCHTIME	25	4	15	114184	85	207	203	342	113347	134713533980432	134713530866000	66
XCHTIME	0	0	0	0	0	0	0	0	0	0	0	0
XCHTIME	25	4	10	78977	107	306	182	231	78151	134713533980432	134713530866000	66
XCHTIME	0	0	0	0	0	0	0	0	0	0	0	0
XCHTIME	25	4	18	646002	83	237	340	481	644861	134713533980432	134713530866000	66
XCHTIME	0	0	0	0	0	0	0	0	0	0	0	0
XCHTIME	25	4	11	49029	174	359	178	276	48042	134713533980432	134713530866000	66
XCHTIME	0	0	0	0	0	0	0	0	0	0	0	0
XCHTIME	25	4	14	163066	99	300	191	349	162127	134713533980432	134713530866000	66
XCHTIME	0	0	0	0	0	0	0	0	0	0	0	0
XCHTIME	25	4	13	343847	85	277	268	324	342893	134713533980432	134713530866000	66
XCHTIME	0	0	0	0	0	0	0	0	0	0	0	0
XCHTIME	25	4	16	1447126	329	304	349	560	1445584	134713533980432	134713530866000	66
XCHTIME	0	0	0	0	0	0	0	0	0	0	0	0
XCHTIME	25	4	6	32902	401	718	170	153	31460	134713533980432	134713530866000	66
COUNTS	ex1223b	25	66	178	178
XCHTIME	0	0	0	0	0	0	0	0	0	0	0	0
XCHTIME	2718	2	4	1357779	97253	25894	58224	573	1175835	134713537606912	134713529658496	7488
XCHTIME	0	0	0	0	0	0	0	0	0	0	0	0
XCHTIME	2718	1	0	1329393	3077	29538	26493	0	1270285	134713537606912	134713529658496	7488
XCHTIME	0	0	0	0	0	0	0	0	0	0	0	0
XCHTIME	2718	2	5	1019211	2991	36069	61209	661	918281	134713537606912	134713529658496	7488
XCHTIME	0	0	0	0	0	0	0	0	0	0	0	0
XCHTIME	2718	4	18	5734770	2784	31531	151050	2428	5546977	134713537606912	134713529658496	7488
LADGATE	2718	10000	0.549	1
XCHTIME	0	0	0	0	0	0	0	0	0	0	0	0
XCHTIME	2718	5	26	6701697	4924	55569	178002	3690	6459512	134713537606912	134713529658496	7488
XCHTIME	0	0	0	0	0	0	0	0	0	0	0	0
XCHTIME	2718	2	19	5770634	3481	49326	67843	2333	5647651	134713537606912	134713529658496	7488
XCHTIME	0	0	0	0	0	0	0	0	0	0	0	0
XCHTIME	2718	4	15	3211890	4063	61436	148000	2239	2996152	134713537606912	134713529658496	7488
XCHTIME	0	0	0	0	0	0	0	0	0	0	0	0
XCHTIME	2718	4	10	2723706	3739	26154	100823	1150	2591840	134713537606912	134713529658496	7488
XCHTIME	0	0	0	0	0	0	0	0	0	0	0	0
XCHTIME	2718	4	18	5700055	2951	28799	148909	2321	5517075	134713537606912	134713529658496	7488
XCHTIME	0	0	0	0	0	0	0	0	0	0	0	0
XCHTIME	2718	4	11	2772450	3232	34066	133277	1360	2600515	134713537606912	134713529658496	7488
XCHTIME	0	0	0	0	0	0	0	0	0	0	0	0
XCHTIME	2718	4	14	3257290	2705	33097	123046	1444	3096998	134713537606912	134713529658496	7488
XCHTIME	0	0	0	0	0	0	0	0	0	0	0	0
XCHTIME	2718	4	13	4180707	3100	34475	130078	1375	4011679	134713537606912	134713529658496	7488
XCHTIME	0	0	0	0	0	0	0	0	0	0	0	0
XCHTIME	2718	1	0	11406315	3213	37371	31871	0	11333860	134713537606912	134713529658496	7488
XCHTIME	0	0	0	0	0	0	0	0	0	0	0	0
XCHTIME	2718	4	6	2648840	4856	71761	124951	680	2446592	134713537606912	134713529658496	7488
LIFT	slay09h	2718	1206	5040	1206
COUNTS	slay09h	2718	7488	36057	32385
XCHTIME	0	0	0	0	0	0	0	0	0	0	0	0
XCHTIME	974	2	4	1290221	22814	3616	6558	186	1257047	134713537628672	134713549784736	5982
XCHTIME	0	0	0	0	0	0	0	0	0	0	0	0
XCHTIME	974	2	6	9121504	2491	8973	11426	253	9098361	134713537628672	134713549784736	5982
XCHTIME	0	0	0	0	0	0	0	0	0	0	0	0
XCHTIME	974	2	5	4585421	2625	5360	6160	196	4571080	134713537628672	134713549784736	5982
XCHTIME	0	0	0	0	0	0	0	0	0	0	0	0
XCHTIME	974	3	15	17472031	1639	3696	12975	574	17453147	134713537628672	134713549784736	5982
LADGATE	974	10000	0.499	1
XCHTIME	0	0	0	0	0	0	0	0	0	0	0	0
XCHTIME	974	5	26	40403711	2452	6130	21638	1046	40372445	134713537628672	134713549784736	5982
XCHTIME	0	0	0	0	0	0	0	0	0	0	0	0
XCHTIME	974	3	57	7141527	2533	6714	16399	2031	7113850	134713537628672	134713549784736	5982
XCHTIME	0	0	0	0	0	0	0	0	0	0	0	0
XCHTIME	974	4	15	4643229	3033	5417	14653	581	4619545	134713537628672	134713549784736	5982
XCHTIME	0	0	0	0	0	0	0	0	0	0	0	0
XCHTIME	974	4	10	2423840	1499	4603	14555	397	2402786	134713537628672	134713549784736	5982
XCHTIME	0	0	0	0	0	0	0	0	0	0	0	0
XCHTIME	974	3	15	17927930	1696	4423	19460	705	17901646	134713537628672	134713549784736	5982
XCHTIME	0	0	0	0	0	0	0	0	0	0	0	0
XCHTIME	974	4	11	1348552	3307	8742	12368	441	1323694	134713537628672	134713549784736	5982
XCHTIME	0	0	0	0	0	0	0	0	0	0	0	0
XCHTIME	974	4	14	9197224	1114	3005	13236	743	9179126	134713537628672	134713549784736	5982
XCHTIME	0	0	0	0	0	0	0	0	0	0	0	0
XCHTIME	974	4	13	17235547	1454	3600	16690	659	17213144	134713537628672	134713549784736	5982
XCHTIME	0	0	0	0	0	0	0	0	0	0	0	0
XCHTIME	974	1	0	16936241	2278	4804	2990	0	16926169	134713537628672	134713549784736	5982
XCHTIME	0	0	0	0	0	0	0	0	0	0	0	0
XCHTIME	974	4	6	840704	3035	11588	12833	293	812955	134713537628672	134713549784736	5982
LIFT	ndcc12	974	902	6222	902
COUNTS	ndcc12	974	5982	345696	329556
XCHTIME	0	0	0	0	0	0	0	0	0	0	0	0
XCHTIME	1306	2	4	1674186	28306	5464	9596	344	1630476	134713534054752	134713541298144	5378
XCHTIME	0	0	0	0	0	0	0	0	0	0	0	0
XCHTIME	1306	2	6	7225731	1747	4633	15288	510	7203553	134713534054752	134713541298144	5378
XCHTIME	0	0	0	0	0	0	0	0	0	0	0	0
XCHTIME	1306	2	5	5253044	2759	5879	13178	412	5230816	134713534054752	134713541298144	5378
XCHTIME	0	0	0	0	0	0	0	0	0	0	0	0
XCHTIME	1306	3	15	15282138	1825	6566	26617	1113	15246017	134713534054752	134713541298144	5378
LADGATE	1306	10000	0.419	1
XCHTIME	0	0	0	0	0	0	0	0	0	0	0	0
XCHTIME	1306	5	26	34003725	3380	12071	45686	2081	33940507	134713534054752	134713541298144	5378
XCHTIME	0	0	0	0	0	0	0	0	0	0	0	0
XCHTIME	1306	1	0	6613217	3179	9616	4510	0	6595912	134713534054752	134713541298144	5378
XCHTIME	0	0	0	0	0	0	0	0	0	0	0	0
XCHTIME	1306	4	15	6687271	3178	19113	21410	1051	6642519	134713534054752	134713541298144	5378
XCHTIME	0	0	0	0	0	0	0	0	0	0	0	0
XCHTIME	1306	4	10	3035485	1757	5945	17946	711	3009126	134713534054752	134713541298144	5378
XCHTIME	0	0	0	0	0	0	0	0	0	0	0	0
XCHTIME	1306	3	15	15336511	1169	4508	24313	1260	15305261	134713534054752	134713541298144	5378
XCHTIME	0	0	0	0	0	0	0	0	0	0	0	0
XCHTIME	1306	4	11	2570419	2423	8771	19096	805	2539324	134713534054752	134713541298144	5378
XCHTIME	0	0	0	0	0	0	0	0	0	0	0	0
XCHTIME	1306	4	14	10506060	1166	6444	28743	1128	10468579	134713534054752	134713541298144	5378
XCHTIME	0	0	0	0	0	0	0	0	0	0	0	0
XCHTIME	1306	4	13	15984863	2332	9671	27786	974	15944100	134713534054752	134713541298144	5378
XCHTIME	0	0	0	0	0	0	0	0	0	0	0	0
XCHTIME	1306	1	0	15212245	2074	7624	4560	0	15197987	134713534054752	134713541298144	5378
XCHTIME	0	0	0	0	0	0	0	0	0	0	0	0
XCHTIME	1306	4	6	1395428	3488	18854	19053	488	1353545	134713534054752	134713541298144	5378
LIFT	kall_circlesrectangles_c6r39	1306	924	4638	924
COUNTS	kall_circlesrectangles_c6r39	1306	5378	75744	74610
XCHTIME	0	0	0	0	0	0	0	0	0	0	0	0
XCHTIME	9170	1	0	4247016	1521515	748036	777455	0	1200010	134713528840832	134713528914208	24000
XCHTIME	0	0	0	0	0	0	0	0	0	0	0	0
XCHTIME	9170	1	0	4619087	13341	789011	785646	0	3031089	134713528840832	134713528914208	24000
XCHTIME	0	0	0	0	0	0	0	0	0	0	0	0
XCHTIME	9170	1	0	3758859	14081	781832	785648	0	2177298	134713528840832	134713528914208	24000
XCHTIME	0	0	0	0	0	0	0	0	0	0	0	0
XCHTIME	9170	2	5	9117057	12740	787837	1577575	3235	6735670	134713528840832	134713528914208	24000
LADGATE	9170	10000	0.505	1
XCHTIME	0	0	0	0	0	0	0	0	0	0	0	0
XCHTIME	9170	5	26	26903965	14427	848596	3912738	13517	22114687	134713528840832	134713528914208	24000
XCHTIME	0	0	0	0	0	0	0	0	0	0	0	0
XCHTIME	9170	1	0	4561797	12406	792400	763191	0	2993800	134713528840832	134713528914208	24000
XCHTIME	0	0	0	0	0	0	0	0	0	0	0	0
XCHTIME	9170	1	0	4572000	12699	773506	793435	0	2992360	134713528840832	134713528914208	24000
XCHTIME	0	0	0	0	0	0	0	0	0	0	0	0
XCHTIME	9170	2	3	9173901	14654	784776	1553719	2238	6818514	134713528840832	134713528914208	24000
XCHTIME	0	0	0	0	0	0	0	0	0	0	0	0
XCHTIME	9170	2	5	9007894	13034	792874	1556049	2742	6643195	134713528840832	134713528914208	24000
XCHTIME	0	0	0	0	0	0	0	0	0	0	0	0
XCHTIME	9170	2	3	9268025	13636	779524	1557938	1940	6914987	134713528840832	134713528914208	24000
XCHTIME	0	0	0	0	0	0	0	0	0	0	0	0
XCHTIME	9170	2	4	9162651	13364	777573	1550594	2362	6818758	134713528840832	134713528914208	24000
XCHTIME	0	0	0	0	0	0	0	0	0	0	0	0
XCHTIME	9170	2	4	9199954	13355	776428	1567440	2705	6840026	134713528840832	134713528914208	24000
XCHTIME	0	0	0	0	0	0	0	0	0	0	0	0
XCHTIME	9170	2	5	9863129	13015	770570	1584604	2873	7492067	134713528840832	134713528914208	24000
XCHTIME	0	0	0	0	0	0	0	0	0	0	0	0
XCHTIME	9170	2	3	8832529	12725	810958	1559577	2409	6446860	134713528840832	134713528914208	24000
LIFT	squfl020-150	9170	3170	12000	3170
COUNTS	squfl020-150	9170	24000	135020	135020
COUNTS	autocorr_bern40-30	43	1534	20034	20034
XCHTIME	0	0	0	0	0	0	0	0	0	0	0	0
XCHTIME	660	2	4	246880	19288	3272	3476	212	220632	134713528819952	134713539207792	2016
XCHTIME	0	0	0	0	0	0	0	0	0	0	0	0
XCHTIME	660	2	6	1024973	493	1751	3420	434	1018875	134713528819952	134713539207792	2016
XCHTIME	0	0	0	0	0	0	0	0	0	0	0	0
XCHTIME	660	2	5	403101	865	2416	3059	233	396528	134713528819952	134713539207792	2016
XCHTIME	0	0	0	0	0	0	0	0	0	0	0	0
XCHTIME	660	4	18	1725814	417	1847	6522	1110	1715918	134713528819952	134713539207792	2016
LADGATE	660	10000	0.274	1
XCHTIME	0	0	0	0	0	0	0	0	0	0	0	0
XCHTIME	660	5	26	2313918	1331	4333	9162	1979	2297113	134713528819952	134713539207792	2016
XCHTIME	0	0	0	0	0	0	0	0	0	0	0	0
XCHTIME	660	1	0	6845829	1264	2346	1658	0	6840561	134713528819952	134713539207792	2016
XCHTIME	0	0	0	0	0	0	0	0	0	0	0	0
XCHTIME	660	4	15	603284	1142	4576	6468	853	590245	134713528819952	134713539207792	2016
XCHTIME	0	0	0	0	0	0	0	0	0	0	0	0
XCHTIME	660	4	10	401593	611	2088	6222	392	392280	134713528819952	134713539207792	2016
XCHTIME	0	0	0	0	0	0	0	0	0	0	0	0
XCHTIME	660	4	18	1727183	518	1662	7915	1076	1716012	134713528819952	134713539207792	2016
XCHTIME	0	0	0	0	0	0	0	0	0	0	0	0
XCHTIME	660	4	11	354476	718	2372	6039	563	344784	134713528819952	134713539207792	2016
XCHTIME	0	0	0	0	0	0	0	0	0	0	0	0
XCHTIME	660	4	14	779275	720	1963	6857	762	768973	134713528819952	134713539207792	2016
XCHTIME	0	0	0	0	0	0	0	0	0	0	0	0
XCHTIME	660	4	13	1082964	879	2066	6756	697	1072566	134713528819952	134713539207792	2016
XCHTIME	0	0	0	0	0	0	0	0	0	0	0	0
XCHTIME	660	4	16	5217732	698	2375	10870	975	5202814	134713528819952	134713539207792	2016
XCHTIME	0	0	0	0	0	0	0	0	0	0	0	0
XCHTIME	660	4	6	326755	1588	5589	6392	325	312861	134713528819952	134713539207792	2016
LIFT	slay08m	660	268	1232	268
COUNTS	slay08m	660	2016	7796	7796
XCHTIME	0	0	0	0	0	0	0	0	0	0	0	0
XCHTIME	2032	1	0	2915327	68917	12583	10257	0	2823570	134713529627168	134713541363696	15900
XCHTIME	0	0	0	0	0	0	0	0	0	0	0	0
XCHTIME	2032	1	0	7505922	5369	18517	12319	0	7469717	134713529627168	134713541363696	15900
XCHTIME	0	0	0	0	0	0	0	0	0	0	0	0
XCHTIME	2032	1	0	5618732	6010	33328	14793	0	5564601	134713529627168	134713541363696	15900
XCHTIME	0	0	0	0	0	0	0	0	0	0	0	0
XCHTIME	2032	1	0	15447723	4782	25740	14248	0	15402953	134713529627168	134713541363696	15900
LADGATE	2032	10000	0.602	1
XCHTIME	0	0	0	0	0	0	0	0	0	0	0	0
XCHTIME	2032	4	10	11918520	6378	33035	79582	1808	11797717	134713529627168	134713541363696	15900
XCHTIME	0	0	0	0	0	0	0	0	0	0	0	0
XCHTIME	2032	3	57	6230560	6665	32534	64991	9720	6116650	134713529627168	134713541363696	15900
XCHTIME	0	0	0	0	0	0	0	0	0	0	0	0
XCHTIME	2032	2	4	6216788	5810	23054	35291	816	6151817	134713529627168	134713541363696	15900
XCHTIME	0	0	0	0	0	0	0	0	0	0	0	0
XCHTIME	2032	4	10	7371997	5352	23972	81633	1982	7259058	134713529627168	134713541363696	15900
XCHTIME	0	0	0	0	0	0	0	0	0	0	0	0
XCHTIME	2032	1	0	15783241	5012	20055	15366	0	15742808	134713529627168	134713541363696	15900
XCHTIME	0	0	0	0	0	0	0	0	0	0	0	0
XCHTIME	2032	4	11	5088226	6878	36050	73021	1946	4970331	134713529627168	134713541363696	15900
XCHTIME	0	0	0	0	0	0	0	0	0	0	0	0
XCHTIME	2032	3	12	14320841	4769	18491	77456	2395	14217730	134713529627168	134713541363696	15900
XCHTIME	0	0	0	0	0	0	0	0	0	0	0	0
XCHTIME	2032	2	4	15239010	6827	21528	48104	960	15161591	134713529627168	134713541363696	15900
XCHTIME	0	0	0	0	0	0	0	0	0	0	0	0
XCHTIME	2032	1	0	16761868	6360	25926	16405	0	16713177	134713529627168	134713541363696	15900
XCHTIME	0	0	0	0	0	0	0	0	0	0	0	0
XCHTIME	2032	4	6	4159010	7887	43578	82026	1008	4024511	134713529627168	134713541363696	15900
LIFT	chimera_mgw-c16-2031-01	2032	2021	15902	2021
COUNTS	chimera_mgw-c16-2031-01	2032	15900	3328073	2569662
XCHTIME	0	0	0	0	0	0	0	0	0	0	0	0
XCHTIME	713	2	4	818703	19777	5165	4312	181	789268	134713528825248	134713539401264	2658
XCHTIME	0	0	0	0	0	0	0	0	0	0	0	0
XCHTIME	713	2	6	5677053	838	2552	4393	318	5668952	134713528825248	134713539401264	2658
XCHTIME	0	0	0	0	0	0	0	0	0	0	0	0
XCHTIME	713	2	5	1795187	1021	3483	4271	232	1786180	134713528825248	134713539401264	2658
XCHTIME	0	0	0	0	0	0	0	0	0	0	0	0
XCHTIME	713	4	18	11404392	918	2985	9251	957	11390281	134713528825248	134713539401264	2658
LADGATE	713	10000	0.371	1
XCHTIME	0	0	0	0	0	0	0	0	0	0	0	0
XCHTIME	713	5	26	14152767	1535	3661	9760	1632	14136179	134713528825248	134713539401264	2658
XCHTIME	0	0	0	0	0	0	0	0	0	0	0	0
XCHTIME	713	4	66	2696272	1367	2587	7897	3495	2680926	134713528825248	134713539401264	2658
XCHTIME	0	0	0	0	0	0	0	0	0	0	0	0
XCHTIME	713	4	15	2553635	1413	3563	8541	750	2539368	134713528825248	134713539401264	2658
XCHTIME	0	0	0	0	0	0	0	0	0	0	0	0
XCHTIME	713	4	10	1657858	1178	3904	11030	513	1641233	134713528825248	134713539401264	2658
XCHTIME	0	0	0	0	0	0	0	0	0	0	0	0
XCHTIME	713	4	18	11283413	1244	3414	8813	1052	11268890	134713528825248	134713539401264	2658
XCHTIME	0	0	0	0	0	0	0	0	0	0	0	0
XCHTIME	713	4	11	1030154	1027	3438	7541	431	1017717	134713528825248	134713539401264	2658
XCHTIME	0	0	0	0	0	0	0	0	0	0	0	0
XCHTIME	713	4	14	4100428	517	2037	7604	857	4089413	134713528825248	134713539401264	2658
XCHTIME	0	0	0	0	0	0	0	0	0	0	0	0
XCHTIME	713	4	13	7048084	787	2960	7838	826	7035673	134713528825248	134713539401264	2658
XCHTIME	0	0	0	0	0	0	0	0	0	0	0	0
XCHTIME	713	2	5	14929140	950	2836	8021	418	14916915	134713528825248	134713539401264	2658
XCHTIME	0	0	0	0	0	0	0	0	0	0	0	0
XCHTIME	713	4	6	641712	2066	6646	7143	239	625618	134713528825248	134713539401264	2658
LIFT	forest	713	404	2076	404
COUNTS	forest	713	2658	10614	10543
XCHTIME	0	0	0	0	0	0	0	0	0	0	0	0
XCHTIME	280	2	4	512117	48784	1632	1102	209	460390	134713529514896	134713536914432	29636
XCHTIME	0	0	0	0	0	0	0	0	0	0	0	0
XCHTIME	280	2	6	10298625	6487	1940	1176	451	10288571	134713529514896	134713536914432	29636
XCHTIME	0	0	0	0	0	0	0	0	0	0	0	0
XCHTIME	280	2	5	2720345	8133	2588	1365	310	2707949	134713529514896	134713536914432	29636
XCHTIME	0	0	0	0	0	0	0	0	0	0	0	0
XCHTIME	280	4	18	20332510	5589	1752	3042	1463	20320664	134713529514896	134713536914432	29636
LADGATE	280	10000	0.166	1
XCHTIME	0	0	0	0	0	0	0	0	0	0	0	0
XCHTIME	280	4	10	899533	8275	2406	2068	523	886261	134713529514896	134713536914432	29636
XCHTIME	0	0	0	0	0	0	0	0	0	0	0	0
XCHTIME	280	4	66	359766	6195	1449	1874	3191	347057	134713529514896	134713536914432	29636
XCHTIME	0	0	0	0	0	0	0	0	0	0	0	0
XCHTIME	280	4	15	2500450	6115	1677	2409	732	2489517	134713529514896	134713536914432	29636
XCHTIME	0	0	0	0	0	0	0	0	0	0	0	0
XCHTIME	280	4	10	896829	6185	1565	2143	509	886427	134713529514896	134713536914432	29636
XCHTIME	0	0	0	0	0	0	0	0	0	0	0	0
XCHTIME	280	4	18	20455949	3720	1129	2076	1266	20447758	134713529514896	134713536914432	29636
XCHTIME	0	0	0	0	0	0	0	0	0	0	0	0
XCHTIME	280	4	11	562681	6959	1688	1911	574	551549	134713529514896	134713536914432	29636
XCHTIME	0	0	0	0	0	0	0	0	0	0	0	0
XCHTIME	280	4	14	5266543	5103	1643	2351	699	5256747	134713529514896	134713536914432	29636
XCHTIME	0	0	0	0	0	0	0	0	0	0	0	0
XCHTIME	280	4	13	10717020	5593	1457	2324	777	10706869	134713529514896	134713536914432	29636
XCHTIME	0	0	0	0	0	0	0	0	0	0	0	0
XCHTIME	280	2	5	20816048	6321	1545	1828	483	20805871	134713529514896	134713536914432	29636
XCHTIME	0	0	0	0	0	0	0	0	0	0	0	0
XCHTIME	280	4	6	427627	10138	2908	1948	313	412320	134713529514896	134713536914432	29636
LIFT	qspp_0_10_0_1_10_1	280	244	29450	244
COUNTS	qspp_0_10_0_1_10_1	280	29636	1942907	1932414
XCHTIME	0	0	0	0	0	0	0	0	0	0	0	0
XCHTIME	16	2	4	29871	2433	1691	170	148	25429	134713528317712	134713537807104	58
XCHTIME	0	0	0	0	0	0	0	0	0	0	0	0
XCHTIME	16	2	6	86763	213	283	77	186	86004	134713528317712	134713537807104	58
XCHTIME	0	0	0	0	0	0	0	0	0	0	0	0
XCHTIME	16	2	5	46666	112	271	91	123	46069	134713528317712	134713537807104	58
XCHTIME	0	0	0	0	0	0	0	0	0	0	0	0
XCHTIME	16	4	18	320147	111	237	165	532	319102	134713528317712	134713537807104	58
LADGATE	16	10000	0.136	1
XCHTIME	0	0	0	0	0	0	0	0	0	0	0	0
XCHTIME	16	5	26	338027	221	524	216	849	336217	134713528317712	134713537807104	58
XCHTIME	0	0	0	0	0	0	0	0	0	0	0	0
XCHTIME	16	4	41	12147	113	283	161	1264	10326	134713528317712	134713537807104	58
XCHTIME	0	0	0	0	0	0	0	0	0	0	0	0
XCHTIME	16	4	15	39770	111	231	151	359	38918	134713528317712	134713537807104	58
XCHTIME	0	0	0	0	0	0	0	0	0	0	0	0
XCHTIME	16	4	10	38354	76	195	156	233	37694	134713528317712	134713537807104	58
XCHTIME	0	0	0	0	0	0	0	0	0	0	0	0
XCHTIME	16	4	18	309034	74	213	137	511	308099	134713528317712	134713537807104	58
XCHTIME	0	0	0	0	0	0	0	0	0	0	0	0
XCHTIME	16	4	11	30072	90	222	131	253	29376	134713528317712	134713537807104	58
XCHTIME	0	0	0	0	0	0	0	0	0	0	0	0
XCHTIME	16	4	14	65622	79	199	122	368	64854	134713528317712	134713537807104	58
XCHTIME	0	0	0	0	0	0	0	0	0	0	0	0
XCHTIME	16	4	13	103140	87	211	154	323	102365	134713528317712	134713537807104	58
XCHTIME	0	0	0	0	0	0	0	0	0	0	0	0
XCHTIME	16	4	16	1086406	85	192	162	544	1085423	134713528317712	134713537807104	58
XCHTIME	0	0	0	0	0	0	0	0	0	0	0	0
XCHTIME	16	4	6	16791	189	321	199	214	15868	134713528317712	134713537807104	58
COUNTS	st_ph1	16	58	274	233
XCHTIME	0	0	0	0	0	0	0	0	0	0	0	0
XCHTIME	124	2	4	75899	5604	539	340	126	69290	134713537473408	134713534905056	376
XCHTIME	0	0	0	0	0	0	0	0	0	0	0	0
XCHTIME	124	2	6	456868	232	660	311	130	455535	134713537473408	134713534905056	376
XCHTIME	0	0	0	0	0	0	0	0	0	0	0	0
XCHTIME	124	2	5	200294	208	592	314	114	199066	134713537473408	134713534905056	376
XCHTIME	0	0	0	0	0	0	0	0	0	0	0	0
XCHTIME	124	4	18	1201582	149	622	586	374	1199851	134713537473408	134713534905056	376
LADGATE	124	10000	0.189	1
XCHTIME	0	0	0	0	0	0	0	0	0	0	0	0
XCHTIME	124	5	26	1544839	455	1769	878	567	1541170	134713537473408	134713534905056	376
XCHTIME	0	0	0	0	0	0	0	0	0	0	0	0
XCHTIME	124	4	66	101221	207	786	851	1403	97974	134713537473408	134713534905056	376
XCHTIME	0	0	0	0	0	0	0	0	0	0	0	0
XCHTIME	124	4	15	205862	249	805	557	312	203939	134713537473408	134713534905056	376
XCHTIME	0	0	0	0	0	0	0	0	0	0	0	0
XCHTIME	124	4	10	122207	169	673	580	210	120575	134713537473408	134713534905056	376
XCHTIME	0	0	0	0	0	0	0	0	0	0	0	0
XCHTIME	124	4	18	1234000	168	534	566	398	1232334	134713537473408	134713534905056	376
XCHTIME	0	0	0	0	0	0	0	0	0	0	0	0
XCHTIME	124	4	11	72788	464	622	593	222	70887	134713537473408	134713534905056	376
XCHTIME	0	0	0	0	0	0	0	0	0	0	0	0
XCHTIME	124	4	14	374669	142	481	582	284	373180	134713537473408	134713534905056	376
XCHTIME	0	0	0	0	0	0	0	0	0	0	0	0
XCHTIME	124	4	13	632539	155	594	661	310	630819	134713537473408	134713534905056	376
XCHTIME	0	0	0	0	0	0	0	0	0	0	0	0
XCHTIME	124	4	16	3468335	180	617	963	580	3465995	134713537473408	134713534905056	376
XCHTIME	0	0	0	0	0	0	0	0	0	0	0	0
XCHTIME	124	4	6	46978	646	1166	513	134	44519	134713537473408	134713534905056	376
LIFT	elf	124	65	258	65
COUNTS	elf	124	376	2733	2173
XCHTIME	0	0	0	0	0	0	0	0	0	0	0	0
XCHTIME	18	2	4	32804	1927	459	190	177	30051	134713528723392	134713539425856	36
XCHTIME	0	0	0	0	0	0	0	0	0	0	0	0
XCHTIME	18	2	6	78159	585	320	91	160	77003	134713528723392	134713539425856	36
XCHTIME	0	0	0	0	0	0	0	0	0	0	0	0
XCHTIME	18	2	5	70569	92	246	88	126	70017	134713528723392	134713539425856	36
XCHTIME	0	0	0	0	0	0	0	0	0	0	0	0
XCHTIME	18	4	18	78218	96	236	162	461	77263	134713528723392	134713539425856	36
LADGATE	18	10000	0.142	1
XCHTIME	0	0	0	0	0	0	0	0	0	0	0	0
XCHTIME	18	5	26	99275	513	712	259	772	97019	134713528723392	134713539425856	36
XCHTIME	0	0	0	0	0	0	0	0	0	0	0	0
XCHTIME	18	4	45	70631	217	373	187	1047	68807	134713528723392	134713539425856	36
XCHTIME	0	0	0	0	0	0	0	0	0	0	0	0
XCHTIME	18	4	15	57984	108	269	157	343	57107	134713528723392	134713539425856	36
XCHTIME	0	0	0	0	0	0	0	0	0	0	0	0
XCHTIME	18	4	10	49150	92	274	168	234	48382	134713528723392	134713539425856	36
XCHTIME	0	0	0	0	0	0	0	0	0	0	0	0
XCHTIME	18	4	18	85471	73	220	168	405	84605	134713528723392	134713539425856	36
XCHTIME	0	0	0	0	0	0	0	0	0	0	0	0
XCHTIME	18	4	11	26808	72	207	166	235	26128	134713528723392	134713539425856	36
XCHTIME	0	0	0	0	0	0	0	0	0	0	0	0
XCHTIME	18	4	14	91389	69	198	140	329	90653	134713528723392	134713539425856	36
XCHTIME	0	0	0	0	0	0	0	0	0	0	0	0
XCHTIME	18	4	13	105955	68	189	163	301	105234	134713528723392	134713539425856	36
XCHTIME	0	0	0	0	0	0	0	0	0	0	0	0
XCHTIME	18	4	16	101687	77	216	146	367	100881	134713528723392	134713539425856	36
XCHTIME	0	0	0	0	0	0	0	0	0	0	0	0
XCHTIME	18	4	6	15013	70	198	176	120	14449	134713528723392	134713539425856	36
COUNTS	ex3_1_3	18	36	90	83
COUNTS	cvxnonsep_normcon40r	162	322	645	645
XCHTIME	0	0	0	0	0	0	0	0	0	0	0	0
XCHTIME	155	2	4	95666	7088	801	575	152	87050	134713533977568	134713528830976	618
XCHTIME	0	0	0	0	0	0	0	0	0	0	0	0
XCHTIME	155	2	6	581021	277	770	406	135	579433	134713533977568	134713528830976	618
XCHTIME	0	0	0	0	0	0	0	0	0	0	0	0
XCHTIME	155	2	5	266395	237	684	525	109	264840	134713533977568	134713528830976	618
XCHTIME	0	0	0	0	0	0	0	0	0	0	0	0
XCHTIME	155	4	18	1121438	373	1009	1132	393	1118531	134713533977568	134713528830976	618
LADGATE	155	10000	0.246	1
XCHTIME	0	0	0	0	0	0	0	0	0	0	0	0
XCHTIME	155	5	26	1526545	736	1994	1250	748	1521817	134713533977568	134713528830976	618
XCHTIME	0	0	0	0	0	0	0	0	0	0	0	0
XCHTIME	155	4	66	236213	455	932	711	1422	232693	134713533977568	134713528830976	618
XCHTIME	0	0	0	0	0	0	0	0	0	0	0	0
XCHTIME	155	4	15	253503	210	1176	903	306	250908	134713533977568	134713528830976	618
XCHTIME	0	0	0	0	0	0	0	0	0	0	0	0
XCHTIME	155	4	10	156648	200	782	694	224	154748	134713533977568	134713528830976	618
XCHTIME	0	0	0	0	0	0	0	0	0	0	0	0
XCHTIME	155	4	18	1120322	166	779	836	403	1118138	134713533977568	134713528830976	618
XCHTIME	0	0	0	0	0	0	0	0	0	0	0	0
XCHTIME	155	4	11	90286	192	780	761	256	88297	134713533977568	134713528830976	618
XCHTIME	0	0	0	0	0	0	0	0	0	0	0	0
XCHTIME	155	4	14	410519	144	592	785	304	408694	134713533977568	134713528830976	618
XCHTIME	0	0	0	0	0	0	0	0	0	0	0	0
XCHTIME	155	4	13	788768	163	767	1039	304	786495	134713533977568	134713528830976	618
XCHTIME	0	0	0	0	0	0	0	0	0	0	0	0
XCHTIME	155	4	16	4948270	319	936	1269	371	4945375	134713533977568	134713528830976	618
XCHTIME	0	0	0	0	0	0	0	0	0	0	0	0
XCHTIME	155	4	6	66222	767	1260	666	160	63369	134713533977568	134713528830976	618
LIFT	demo7	155	66	448	66
COUNTS	demo7	155	618	3579	3426
XCHTIME	0	0	0	0	0	0	0	0	0	0	0	0
XCHTIME	615	2	4	748727	16929	2736	3448	180	725434	134713537638432	134713529517152	2580
XCHTIME	0	0	0	0	0	0	0	0	0	0	0	0
XCHTIME	615	2	6	6060401	794	2306	3631	293	6053377	134713537638432	134713529517152	2580
XCHTIME	0	0	0	0	0	0	0	0	0	0	0	0
XCHTIME	615	2	5	2083780	1002	3017	3079	164	2076518	134713537638432	134713529517152	2580
XCHTIME	0	0	0	0	0	0	0	0	0	0	0	0
XCHTIME	615	4	18	11574691	1111	3058	7281	826	11562415	134713537638432	134713529517152	2580
LADGATE	615	10000	0.367	1
XCHTIME	0	0	0	0	0	0	0	0	0	0	0	0
XCHTIME	615	5	26	14609525	1701	3882	9795	1469	14592678	134713537638432	134713529517152	2580
XCHTIME	0	0	0	0	0	0	0	0	0	0	0	0
XCHTIME	615	4	66	4908571	1556	2766	8414	3525	4892310	134713537638432	134713529517152	2580
XCHTIME	0	0	0	0	0	0	0	0	0	0	0	0
XCHTIME	615	4	15	2286656	2423	5016	6610	782	2271825	134713537638432	134713529517152	2580
XCHTIME	0	0	0	0	0	0	0	0	0	0	0	0
XCHTIME	615	4	10	1270499	1409	2114	5726	400	1260850	134713537638432	134713529517152	2580
XCHTIME	0	0	0	0	0	0	0	0	0	0	0	0
XCHTIME	615	4	18	11354995	915	2041	5707	798	11345534	134713537638432	134713529517152	2580
XCHTIME	0	0	0	0	0	0	0	0	0	0	0	0
XCHTIME	615	4	11	882865	1212	2807	5395	378	873073	134713537638432	134713529517152	2580
XCHTIME	0	0	0	0	0	0	0	0	0	0	0	0
XCHTIME	615	4	14	3907863	859	1829	5349	583	3899243	134713537638432	134713529517152	2580
XCHTIME	0	0	0	0	0	0	0	0	0	0	0	0
XCHTIME	615	4	13	6561152	767	1916	5042	606	6552821	134713537638432	134713529517152	2580
XCHTIME	0	0	0	0	0	0	0	0	0	0	0	0
XCHTIME	615	2	5	16001953	525	1875	5533	294	15993726	134713537638432	134713529517152	2580
XCHTIME	0	0	0	0	0	0	0	0	0	0	0	0
XCHTIME	615	4	6	599614	2086	4863	5505	269	586891	134713537638432	134713529517152	2580
LIFT	waternd2	615	338	2036	338
COUNTS	waternd2	615	2580	155674	74817
XCHTIME	0	0	0	0	0	0	0	0	0	0	0	0
XCHTIME	64	2	4	63752	5459	488	277	117	57411	134713537482752	134713530867040	292
XCHTIME	0	0	0	0	0	0	0	0	0	0	0	0
XCHTIME	64	2	6	412196	240	466	327	134	411029	134713537482752	134713530867040	292
XCHTIME	0	0	0	0	0	0	0	0	0	0	0	0
XCHTIME	64	2	5	143297	175	633	208	110	142171	134713537482752	134713530867040	292
XCHTIME	0	0	0	0	0	0	0	0	0	0	0	0
XCHTIME	64	4	18	951598	147	514	439	440	950058	134713537482752	134713530867040	292
LADGATE	64	10000	0.202	1
XCHTIME	0	0	0	0	0	0	0	0	0	0	0	0
XCHTIME	64	5	26	1028322	1003	1968	715	623	1024013	134713537482752	134713530867040	292
XCHTIME	0	0	0	0	0	0	0	0	0	0	0	0
XCHTIME	64	4	66	624045	272	910	367	1623	620873	134713537482752	134713530867040	292
XCHTIME	0	0	0	0	0	0	0	0	0	0	0	0
XCHTIME	64	4	15	168225	377	777	332	322	166417	134713537482752	134713530867040	292
XCHTIME	0	0	0	0	0	0	0	0	0	0	0	0
XCHTIME	64	4	10	88120	141	442	480	221	86836	134713537482752	134713530867040	292
XCHTIME	0	0	0	0	0	0	0	0	0	0	0	0
XCHTIME	64	4	18	991814	102	422	705	607	989978	134713537482752	134713530867040	292
XCHTIME	0	0	0	0	0	0	0	0	0	0	0	0
XCHTIME	64	4	11	62883	497	1355	360	374	60297	134713537482752	134713530867040	292
XCHTIME	0	0	0	0	0	0	0	0	0	0	0	0
XCHTIME	64	4	14	320333	260	519	371	299	318884	134713537482752	134713530867040	292
XCHTIME	0	0	0	0	0	0	0	0	0	0	0	0
XCHTIME	64	4	13	319404	203	462	509	259	317971	134713537482752	134713530867040	292
XCHTIME	0	0	0	0	0	0	0	0	0	0	0	0
XCHTIME	64	4	16	1879425	343	530	435	470	1877647	134713537482752	134713530867040	292
XCHTIME	0	0	0	0	0	0	0	0	0	0	0	0
XCHTIME	64	4	6	40419	347	763	334	136	38839	134713537482752	134713530867040	292
LIFT	prolog	64	42	248	42
COUNTS	prolog	64	292	1245	1225
XCHTIME	0	0	0	0	0	0	0	0	0	0	0	0
XCHTIME	11	2	4	25966	1972	450	99	181	23264	134713537469328	134713533976592	30
XCHTIME	0	0	0	0	0	0	0	0	0	0	0	0
XCHTIME	11	2	6	147137	269	260	63	216	146329	134713537469328	134713533976592	30
XCHTIME	0	0	0	0	0	0	0	0	0	0	0	0
XCHTIME	11	2	5	41972	170	296	76	125	41305	134713537469328	134713533976592	30
XCHTIME	0	0	0	0	0	0	0	0	0	0	0	0
XCHTIME	11	4	18	159520	152	273	112	486	158497	134713537469328	134713533976592	30
LADGATE	11	10000	0.110	1
XCHTIME	0	0	0	0	0	0	0	0	0	0	0	0
XCHTIME	11	5	26	166160	333	314	158	804	164551	134713537469328	134713533976592	30
XCHTIME	0	0	0	0	0	0	0	0	0	0	0	0
XCHTIME	11	4	31	139740	114	284	118	867	138357	134713537469328	134713533976592	30
XCHTIME	0	0	0	0	0	0	0	0	0	0	0	0
XCHTIME	11	4	15	39629	81	275	121	339	38813	134713537469328	134713533976592	30
XCHTIME	0	0	0	0	0	0	0	0	0	0	0	0
XCHTIME	11	4	10	29578	81	236	109	214	28938	134713537469328	134713533976592	30
XCHTIME	0	0	0	0	0	0	0	0	0	0	0	0
XCHTIME	11	4	18	153754	67	232	105	411	152939	134713537469328	134713533976592	30
XCHTIME	0	0	0	0	0	0	0	0	0	0	0	0
XCHTIME	11	4	11	24347	85	212	106	225	23719	134713537469328	134713533976592	30
XCHTIME	0	0	0	0	0	0	0	0	0	0	0	0
XCHTIME	11	4	14	79377	78	200	122	309	78668	134713537469328	134713533976592	30
XCHTIME	0	0	0	0	0	0	0	0	0	0	0	0
XCHTIME	11	4	13	214166	86	191	124	350	213415	134713537469328	134713533976592	30
XCHTIME	0	0	0	0	0	0	0	0	0	0	0	0
XCHTIME	11	4	16	208142	91	234	121	417	207279	134713537469328	134713533976592	30
XCHTIME	0	0	0	0	0	0	0	0	0	0	0	0
XCHTIME	11	4	6	14468	85	217	108	127	13931	134713537469328	134713533976592	30
COUNTS	ex14_1_8	11	30	80	80
LIFT	faclay75	272878	137826	1109602	137826
COUNTS	faclay75	272878	1379706	3204527350	3013800414
XCHTIME	0	0	0	0	0	0	0	0	0	0	0	0
XCHTIME	55	2	4	77723	5185	443	218	104	71773	134713534597056	134713529545840	548
XCHTIME	0	0	0	0	0	0	0	0	0	0	0	0
XCHTIME	55	2	6	694378	244	511	165	120	693338	134713534597056	134713529545840	548
XCHTIME	0	0	0	0	0	0	0	0	0	0	0	0
XCHTIME	55	2	5	255156	184	407	199	100	254266	134713534597056	134713529545840	548
XCHTIME	0	0	0	0	0	0	0	0	0	0	0	0
XCHTIME	55	4	18	1414023	199	552	355	362	1412555	134713534597056	134713529545840	548
LADGATE	55	10000	0.130	1
XCHTIME	0	0	0	0	0	0	0	0	0	0	0	0
XCHTIME	55	5	26	1923877	413	831	606	559	1921468	134713534597056	134713529545840	548
XCHTIME	0	0	0	0	0	0	0	0	0	0	0	0
XCHTIME	55	4	66	22063	306	377	347	1729	19304	134713534597056	134713529545840	548
XCHTIME	0	0	0	0	0	0	0	0	0	0	0	0
XCHTIME	55	4	15	264482	138	686	388	304	262966	134713534597056	134713529545840	548
XCHTIME	0	0	0	0	0	0	0	0	0	0	0	0
XCHTIME	55	4	10	128071	140	465	287	203	126976	134713534597056	134713529545840	548
XCHTIME	0	0	0	0	0	0	0	0	0	0	0	0
XCHTIME	55	4	18	1433224	137	376	422	382	1431907	134713534597056	134713529545840	548
XCHTIME	0	0	0	0	0	0	0	0	0	0	0	0
XCHTIME	55	4	11	71625	273	469	308	225	70350	134713534597056	134713529545840	548
XCHTIME	0	0	0	0	0	0	0	0	0	0	0	0
XCHTIME	55	4	14	416397	142	388	313	284	415270	134713534597056	134713529545840	548
XCHTIME	0	0	0	0	0	0	0	0	0	0	0	0
XCHTIME	55	4	13	898422	143	452	349	270	897208	134713534597056	134713529545840	548
XCHTIME	0	0	0	0	0	0	0	0	0	0	0	0
XCHTIME	55	4	16	5238297	144	401	837	349	5236566	134713534597056	134713529545840	548
XCHTIME	0	0	0	0	0	0	0	0	0	0	0	0
XCHTIME	55	4	6	35816	717	938	480	145	33536	134713534597056	134713529545840	548
LIFT	st_qpk3	55	33	504	33
COUNTS	st_qpk3	55	548	5467	3762
XCHTIME	0	0	0	0	0	0	0	0	0	0	0	0
XCHTIME	11556	1	0	5635802	2650236	1302098	1261745	0	421723	134713557587360	134713557679824	40860
XCHTIME	0	0	0	0	0	0	0	0	0	0	0	0
XCHTIME	11556	1	0	3577008	20109	1290135	1302170	0	964594	134713557587360	134713557679824	40860
XCHTIME	0	0	0	0	0	0	0	0	0	0	0	0
XCHTIME	11556	1	0	3118872	22235	1329467	1260294	0	506876	134713557587360	134713557679824	40860
XCHTIME	0	0	0	0	0	0	0	0	0	0	0	0
XCHTIME	11556	1	0	11410499	20111	1264223	1276446	0	8849719	134713557587360	134713557679824	40860
LADGATE	11556	10000	0.548	0
XCHTIME	0	0	0	0	0	0	0	0	0	0	0	0
XCHTIME	11556	5	26	133091889	20750	1288306	6473491	14310	125295032	134713557587360	134713557679824	40860
XCHTIME	0	0	0	0	0	0	0	0	0	0	0	0
XCHTIME	11556	1	0	6372241	23288	1333972	1309796	0	3705185	134713557587360	134713557679824	40860
XCHTIME	0	0	0	0	0	0	0	0	0	0	0	0
XCHTIME	11556	1	0	6157002	21062	1301137	1282663	0	3552140	134713557587360	134713557679824	40860
XCHTIME	0	0	0	0	0	0	0	0	0	0	0	0
XCHTIME	11556	1	0	9924790	20511	1278862	1271588	0	7353829	134713557587360	134713557679824	40860
XCHTIME	0	0	0	0	0	0	0	0	0	0	0	0
XCHTIME	11556	1	0	11526359	21839	1277987	1294830	0	8931703	134713557587360	134713557679824	40860
XCHTIME	0	0	0	0	0	0	0	0	0	0	0	0
XCHTIME	11556	1	0	9724878	20116	1281821	1274345	0	7148596	134713557587360	134713557679824	40860
XCHTIME	0	0	0	0	0	0	0	0	0	0	0	0
XCHTIME	11556	1	0	11114501	21495	1274881	1278044	0	8540081	134713557587360	134713557679824	40860
XCHTIME	0	0	0	0	0	0	0	0	0	0	0	0
XCHTIME	11556	1	0	11679769	22878	1285500	1312636	0	9058755	134713557587360	134713557679824	40860
XCHTIME	0	0	0	0	0	0	0	0	0	0	0	0
XCHTIME	11556	1	0	10362731	20123	1283229	1273488	0	7785891	134713557587360	134713557679824	40860
XCHTIME	0	0	0	0	0	0	0	0	0	0	0	0
XCHTIME	11556	1	0	9527287	21490	1317847	1272054	0	6915896	134713557587360	134713557679824	40860
LIFT	mpbp_34	11556	7230	32172	7230
COUNTS	mpbp_34	11556	40860	3093917	891022
COUNTS	cvxnonsep_normcon20r	82	162	325	325
COUNTS	cvxnonsep_psig20r	86	170	341	341
XCHTIME	0	0	0	0	0	0	0	0	0	0	0	0
XCHTIME	18742	0	0	0	0	0	0	0	0	134713540762880	134713547611760	75910
XCHTIME	0	0	0	0	0	0	0	0	0	0	0	0
XCHTIME	18742	1	0	28343348	12948973	12965650	2128056	0	300669	134713540762880	134713547611760	75910
XCHTIME	0	0	0	0	0	0	0	0	0	0	0	0
XCHTIME	18742	0	0	12358569	34786	12323783	0	0	0	134713540762880	134713547611760	75910
XCHTIME	0	0	0	0	0	0	0	0	0	0	0	0
XCHTIME	18742	1	0	20194683	34669	12393547	2144649	0	5621818	134713540762880	134713547611760	75910
LADGATE	18742	10000	0.675	0
XCHTIME	0	0	0	0	0	0	0	0	0	0	0	0
XCHTIME	18742	5	26	280475675	40028	12403070	10772362	17501	257242714	134713540762880	134713547611760	75910
LIFT	crudeoil_pooling_dt2	18742	10735	60222	10735
COUNTS	crudeoil_pooling_dt2	18742	75910	14985540	9905819
XCHTIME	0	0	0	0	0	0	0	0	0	0	0	0
XCHTIME	2868	2	4	2586027	103396	55565	61340	435	2365291	134713549877856	134713537242128	8270
XCHTIME	0	0	0	0	0	0	0	0	0	0	0	0
XCHTIME	2868	1	0	4412557	3358	33096	26536	0	4349567	134713549877856	134713537242128	8270
XCHTIME	0	0	0	0	0	0	0	0	0	0	0	0
XCHTIME	2868	1	0	3778811	3376	40490	31699	0	3703246	134713549877856	134713537242128	8270
XCHTIME	0	0	0	0	0	0	0	0	0	0	0	0
XCHTIME	2868	1	0	11060433	3150	35954	27253	0	10994076	134713549877856	134713537242128	8270
LADGATE	2868	10000	0.884	1
XCHTIME	0	0	0	0	0	0	0	0	0	0	0	0
XCHTIME	2868	5	26	48428765	4617	57853	189257	3012	48174026	134713549877856	134713537242128	8270
XCHTIME	0	0	0	0	0	0	0	0	0	0	0	0
XCHTIME	2868	2	19	3974151	4473	57981	66276	1726	3843695	134713549877856	134713537242128	8270
XCHTIME	0	0	0	0	0	0	0	0	0	0	0	0
XCHTIME	2868	3	12	6513896	4174	42553	90086	1150	6375933	134713549877856	134713537242128	8270
XCHTIME	0	0	0	0	0	0	0	0	0	0	0	0
XCHTIME	2868	4	10	5959302	2953	31220	112244	917	5811968	134713549877856	134713537242128	8270
XCHTIME	0	0	0	0	0	0	0	0	0	0	0	0
XCHTIME	2868	1	0	11047051	2886	32222	29424	0	10982519	134713549877856	134713537242128	8270
XCHTIME	0	0	0	0	0	0	0	0	0	0	0	0
XCHTIME	2868	4	11	4421164	3093	39536	116047	976	4261512	134713549877856	134713537242128	8270
XCHTIME	0	0	0	0	0	0	0	0	0	0	0	0
XCHTIME	2868	4	14	12542811	4641	37973	120022	1363	12378812	134713549877856	134713537242128	8270
XCHTIME	0	0	0	0	0	0	0	0	0	0	0	0
XCHTIME	2868	2	4	11611217	3106	34054	59723	483	11513851	134713549877856	134713537242128	8270
XCHTIME	0	0	0	0	0	0	0	0	0	0	0	0
XCHTIME	2868	1	0	9112718	3420	35920	30045	0	9043333	134713549877856	134713537242128	8270
XCHTIME	0	0	0	0	0	0	0	0	0	0	0	0
XCHTIME	2868	4	6	3429697	4607	63270	114737	601	3246482	134713549877856	134713537242128	8270
LIFT	rsyn0805m03m	2868	1596	5810	1596
COUNTS	rsyn0805m03m	2868	8270	60979	54830
COUNTS	st_iqpbk1	22	98	295	295
XCHTIME	0	0	0	0	0	0	0	0	0	0	0	0
XCHTIME	96	2	4	2201873	2091434	1677	490	256	108016	134713539254288	134713549866672	404
XCHTIME	0	0	0	0	0	0	0	0	0	0	0	0
XCHTIME	96	2	6	865599	485	830	317	335	863632	134713539254288	134713549866672	404
XCHTIME	0	0	0	0	0	0	0	0	0	0	0	0
XCHTIME	96	2	5	257749	288	951	252	207	256051	134713539254288	134713549866672	404
XCHTIME	0	0	0	0	0	0	0	0	0	0	0	0
XCHTIME	96	4	18	1890125	204	720	481	763	1887957	134713539254288	134713549866672	404
LADGATE	96	10000	0.259	1
XCHTIME	0	0	0	0	0	0	0	0	0	0	0	0
XCHTIME	96	5	26	2329642	587	1129	768	1124	2326034	134713539254288	134713549866672	404
XCHTIME	0	0	0	0	0	0	0	0	0	0	0	0
XCHTIME	96	4	66	729980	431	597	478	2443	726031	134713539254288	134713549866672	404
XCHTIME	0	0	0	0	0	0	0	0	0	0	0	0
XCHTIME	96	4	15	358608	165	717	532	645	356549	134713539254288	134713549866672	404
XCHTIME	0	0	0	0	0	0	0	0	0	0	0	0
XCHTIME	96	4	10	194899	141	699	429	403	193227	134713539254288	134713549866672	404
XCHTIME	0	0	0	0	0	0	0	0	0	0	0	0
XCHTIME	96	4	18	1882236	138	562	485	754	1880297	134713539254288	134713549866672	404
XCHTIME	0	0	0	0	0	0	0	0	0	0	0	0
XCHTIME	96	4	11	120056	261	612	440	497	118246	134713539254288	134713549866672	404
XCHTIME	0	0	0	0	0	0	0	0	0	0	0	0
XCHTIME	96	4	14	609996	179	552	458	661	608146	134713539254288	134713549866672	404
XCHTIME	0	0	0	0	0	0	0	0	0	0	0	0
XCHTIME	96	4	13	1085480	179	627	530	452	1083692	134713539254288	134713549866672	404
XCHTIME	0	0	0	0	0	0	0	0	0	0	0	0
XCHTIME	96	4	16	5977407	169	712	777	758	5974991	134713539254288	134713549866672	404
XCHTIME	0	0	0	0	0	0	0	0	0	0	0	0
XCHTIME	96	4	6	89247	579	1162	531	275	86700	134713539254288	134713549866672	404
LIFT	waterund01	96	47	384	47
COUNTS	waterund01	96	404	4546	3317
XCHTIME	0	0	0	0	0	0	0	0	0	0	0	0
XCHTIME	29	2	4	51211	3552	1176	166	212	46105	134713534070384	134713528839184	120
XCHTIME	0	0	0	0	0	0	0	0	0	0	0	0
XCHTIME	29	2	6	444698	202	521	120	238	443617	134713534070384	134713528839184	120
XCHTIME	0	0	0	0	0	0	0	0	0	0	0	0
XCHTIME	29	2	5	125357	164	484	112	163	124434	134713534070384	134713528839184	120
XCHTIME	0	0	0	0	0	0	0	0	0	0	0	0
XCHTIME	29	4	18	950518	123	491	284	701	948919	134713534070384	134713528839184	120
LADGATE	29	10000	0.152	1
XCHTIME	0	0	0	0	0	0	0	0	0	0	0	0
XCHTIME	29	5	26	984051	380	717	313	992	981649	134713534070384	134713528839184	120
XCHTIME	0	0	0	0	0	0	0	0	0	0	0	0
XCHTIME	29	4	57	88220	127	424	253	1819	85597	134713534070384	134713528839184	120
XCHTIME	0	0	0	0	0	0	0	0	0	0	0	0
XCHTIME	29	4	15	117555	111	420	203	420	116401	134713534070384	134713528839184	120
XCHTIME	0	0	0	0	0	0	0	0	0	0	0	0
XCHTIME	29	4	10	77456	140	424	183	262	76447	134713534070384	134713528839184	120
XCHTIME	0	0	0	0	0	0	0	0	0	0	0	0
XCHTIME	29	4	18	939634	134	366	226	608	938300	134713534070384	134713528839184	120
XCHTIME	0	0	0	0	0	0	0	0	0	0	0	0
XCHTIME	29	4	11	54559	123	407	224	295	53510	134713534070384	134713528839184	120
XCHTIME	0	0	0	0	0	0	0	0	0	0	0	0
XCHTIME	29	4	14	208611	120	322	209	401	207559	134713534070384	134713528839184	120
XCHTIME	0	0	0	0	0	0	0	0	0	0	0	0
XCHTIME	29	4	13	397877	111	327	232	356	396851	134713534070384	134713528839184	120
XCHTIME	0	0	0	0	0	0	0	0	0	0	0	0
XCHTIME	29	4	16	3913521	165	299	297	476	3912284	134713534070384	134713528839184	120
XCHTIME	0	0	0	0	0	0	0	0	0	0	0	0
XCHTIME	29	4	6	32343	271	746	211	189	30926	134713534070384	134713528839184	120
COUNTS	pointpack04	29	120	577	577
XCHTIME	0	0	0	0	0	0	0	0	0	0	0	0
XCHTIME	12	2	4	25763	1573	647	125	88	23330	134713534590672	134713529552400	30
XCHTIME	0	0	0	0	0	0	0	0	0	0	0	0
XCHTIME	12	2	6	297379	322	315	74	218	296450	134713534590672	134713529552400	30
XCHTIME	0	0	0	0	0	0	0	0	0	0	0	0
XCHTIME	12	2	5	79370	161	319	67	140	78683	134713534590672	134713529552400	30
XCHTIME	0	0	0	0	0	0	0	0	0	0	0	0
XCHTIME	12	4	18	316592	91	314	141	446	315600	134713534590672	134713529552400	30
LADGATE	12	10000	0.100	1
XCHTIME	0	0	0	0	0	0	0	0	0	0	0	0
XCHTIME	12	5	26	337603	346	455	181	755	335866	134713534590672	134713529552400	30
XCHTIME	0	0	0	0	0	0	0	0	0	0	0	0
XCHTIME	12	4	33	284186	99	335	142	798	282812	134713534590672	134713529552400	30
XCHTIME	0	0	0	0	0	0	0	0	0	0	0	0
XCHTIME	12	4	15	88258	106	303	133	330	87386	134713534590672	134713529552400	30
XCHTIME	0	0	0	0	0	0	0	0	0	0	0	0
XCHTIME	12	4	10	41524	104	243	143	225	40809	134713534590672	134713529552400	30
XCHTIME	0	0	0	0	0	0	0	0	0	0	0	0
XCHTIME	12	4	18	327629	74	233	115	466	326741	134713534590672	134713529552400	30
XCHTIME	0	0	0	0	0	0	0	0	0	0	0	0
XCHTIME	12	4	11	26262	114	222	105	244	25577	134713534590672	134713529552400	30
XCHTIME	0	0	0	0	0	0	0	0	0	0	0	0
XCHTIME	12	4	14	158479	92	208	118	329	157732	134713534590672	134713529552400	30
XCHTIME	0	0	0	0	0	0	0	0	0	0	0	0
XCHTIME	12	4	13	303691	106	254	148	303	302880	134713534590672	134713529552400	30
XCHTIME	0	0	0	0	0	0	0	0	0	0	0	0
XCHTIME	12	4	16	438299	109	244	143	418	437385	134713534590672	134713529552400	30
XCHTIME	0	0	0	0	0	0	0	0	0	0	0	0
XCHTIME	12	4	6	18181	87	249	116	124	17605	134713534590672	134713529552400	30
COUNTS	st_e22	12	30	77	70
XCHTIME	0	0	0	0	0	0	0	0	0	0	0	0
XCHTIME	16678	0	0	21164403	10962097	10202306	0	0	0	134713548791424	134713543877376	82242
XCHTIME	0	0	0	0	0	0	0	0	0	0	0	0
XCHTIME	16678	1	0	12577361	38565	9693372	1621356	0	1224068	134713548791424	134713543877376	82242
XCHTIME	0	0	0	0	0	0	0	0	0	0	0	0
XCHTIME	16678	1	0	11543645	40657	9651964	1624256	0	226768	134713548791424	134713543877376	82242
XCHTIME	0	0	0	0	0	0	0	0	0	0	0	0
XCHTIME	16678	1	0	16559112	37330	9744559	1644127	0	5133096	134713548791424	134713543877376	82242
LADGATE	16678	10000	0.473	0
XCHTIME	0	0	0	0	0	0	0	0	0	0	0	0
XCHTIME	16678	5	26	113418764	41146	9664405	8255802	18016	95439395	134713548791424	134713543877376	82242
XCHTIME	0	0	0	0	0	0	0	0	0	0	0	0
XCHTIME	16678	1	0	12700730	45215	9783236	1624520	0	1247759	134713548791424	134713543877376	82242
XCHTIME	0	0	0	0	0	0	0	0	0	0	0	0
XCHTIME	16678	1	0	12590424	40155	9673738	1619755	0	1256776	134713548791424	134713543877376	82242
XCHTIME	0	0	0	0	0	0	0	0	0	0	0	0
XCHTIME	16678	1	0	16476202	39710	9673294	1630734	0	5132464	134713548791424	134713543877376	82242
XCHTIME	0	0	0	0	0	0	0	0	0	0	0	0
XCHTIME	16678	1	0	16484352	41385	9664392	1624237	0	5154338	134713548791424	134713543877376	82242
XCHTIME	0	0	0	0	0	0	0	0	0	0	0	0
XCHTIME	16678	1	0	16820822	41969	9733571	1639840	0	5405442	134713548791424	134713543877376	82242
XCHTIME	0	0	0	0	0	0	0	0	0	0	0	0
XCHTIME	16678	1	0	16634903	42686	9684562	1632196	0	5275459	134713548791424	134713543877376	82242
XCHTIME	0	0	0	0	0	0	0	0	0	0	0	0
XCHTIME	16678	1	0	17310379	45843	10356957	1651827	0	5255752	134713548791424	134713543877376	82242
XCHTIME	0	0	0	0	0	0	0	0	0	0	0	0
XCHTIME	16678	1	0	16537279	40890	9680996	1636294	0	5179099	134713548791424	134713543877376	82242
XCHTIME	0	0	0	0	0	0	0	0	0	0	0	0
XCHTIME	16678	1	0	16759238	40633	9700078	1622370	0	5396157	134713548791424	134713543877376	82242
LIFT	faclay30	16678	8556	65998	8556
COUNTS	faclay30	16678	82242	13452923	12850431
XCHTIME	0	0	0	0	0	0	0	0	0	0	0	0
XCHTIME	4432	1	0	1937974	309930	132046	129061	0	1366937	134713541601280	134713541636752	11248
XCHTIME	0	0	0	0	0	0	0	0	0	0	0	0
XCHTIME	4432	1	0	2758229	6006	128151	130369	0	2493703	134713541601280	134713541636752	11248
XCHTIME	0	0	0	0	0	0	0	0	0	0	0	0
XCHTIME	4432	1	0	2303796	5921	151597	138932	0	2007346	134713541601280	134713541636752	11248
XCHTIME	0	0	0	0	0	0	0	0	0	0	0	0
XCHTIME	4432	1	0	10060031	5807	128776	128492	0	9796956	134713541601280	134713541636752	11248
LADGATE	4432	10000	0.423	1
XCHTIME	0	0	0	0	0	0	0	0	0	0	0	0
XCHTIME	4432	5	26	46980512	6010	177791	729897	6268	46060546	134713541601280	134713541636752	11248
XCHTIME	0	0	0	0	0	0	0	0	0	0	0	0
XCHTIME	4432	1	0	4170691	6415	156859	133720	0	3873697	134713541601280	134713541636752	11248
XCHTIME	0	0	0	0	0	0	0	0	0	0	0	0
XCHTIME	4432	2	4	4856691	6450	163956	261045	1317	4423923	134713541601280	134713541636752	11248
XCHTIME	0	0	0	0	0	0	0	0	0	0	0	0
XCHTIME	4432	4	10	8270643	6399	136555	486939	3052	7637698	134713541601280	134713541636752	11248
XCHTIME	0	0	0	0	0	0	0	0	0	0	0	0
XCHTIME	4432	1	0	10036478	5563	122224	126418	0	9782273	134713541601280	134713541636752	11248
XCHTIME	0	0	0	0	0	0	0	0	0	0	0	0
XCHTIME	4432	4	11	7563231	5579	149979	493239	2860	6911574	134713541601280	134713541636752	11248
XCHTIME	0	0	0	0	0	0	0	0	0	0	0	0
XCHTIME	4432	3	12	9743590	5966	144409	431287	2974	9158954	134713541601280	134713541636752	11248
XCHTIME	0	0	0	0	0	0	0	0	0	0	0	0
XCHTIME	4432	2	4	10183883	6072	136347	259868	1461	9780135	134713541601280	134713541636752	11248
XCHTIME	0	0	0	0	0	0	0	0	0	0	0	0
XCHTIME	4432	1	0	8902364	5871	139356	128974	0	8628163	134713541601280	134713541636752	11248
XCHTIME	0	0	0	0	0	0	0	0	0	0	0	0
XCHTIME	4432	4	6	6985082	5980	157586	524895	2047	6294574	134713541601280	134713541636752	11248
LIFT	arki0002	4432	2608	9424	2608
COUNTS	arki0002	4432	11248	683476	667374
XCHTIME	0	0	0	0	0	0	0	0	0	0	0	0
XCHTIME	11659	1	0	5794121	3666222	867645	819298	0	440956	134713557003296	134713557096592	48446
XCHTIME	0	0	0	0	0	0	0	0	0	0	0	0
XCHTIME	11659	1	0	2831560	21616	843313	838031	0	1128600	134713557003296	134713557096592	48446
XCHTIME	0	0	0	0	0	0	0	0	0	0	0	0
XCHTIME	11659	1	0	2572322	20906	853880	863267	0	834269	134713557003296	134713557096592	48446
XCHTIME	0	0	0	0	0	0	0	0	0	0	0	0
XCHTIME	11659	1	0	10054112	22154	862786	843170	0	8326002	134713557003296	134713557096592	48446
LADGATE	11659	10000	0.797	0
XCHTIME	0	0	0	0	0	0	0	0	0	0	0	0
XCHTIME	11659	5	26	231633199	22475	864756	4450372	12419	226283177	134713557003296	134713557096592	48446
XCHTIME	0	0	0	0	0	0	0	0	0	0	0	0
XCHTIME	11659	1	0	5122660	25264	888588	861576	0	3347232	134713557003296	134713557096592	48446
XCHTIME	0	0	0	0	0	0	0	0	0	0	0	0
XCHTIME	11659	1	0	5286896	24365	853860	817139	0	3591532	134713557003296	134713557096592	48446
XCHTIME	0	0	0	0	0	0	0	0	0	0	0	0
XCHTIME	11659	1	0	10234371	24339	854119	851342	0	8504571	134713557003296	134713557096592	48446
XCHTIME	0	0	0	0	0	0	0	0	0	0	0	0
XCHTIME	11659	1	0	10227202	24079	875530	848859	0	8478734	134713557003296	134713557096592	48446
XCHTIME	0	0	0	0	0	0	0	0	0	0	0	0
XCHTIME	11659	1	0	9740968	24512	868855	843608	0	8003993	134713557003296	134713557096592	48446
XCHTIME	0	0	0	0	0	0	0	0	0	0	0	0
XCHTIME	11659	1	0	10990450	23895	867613	839683	0	9259259	134713557003296	134713557096592	48446
XCHTIME	0	0	0	0	0	0	0	0	0	0	0	0
XCHTIME	11659	1	0	10697853	24072	863266	853565	0	8956950	134713557003296	134713557096592	48446
XCHTIME	0	0	0	0	0	0	0	0	0	0	0	0
XCHTIME	11659	1	0	9169165	23905	879529	856076	0	7409655	134713557003296	134713557096592	48446
XCHTIME	0	0	0	0	0	0	0	0	0	0	0	0
XCHTIME	11659	1	0	9336710	23529	853662	839531	0	7619988	134713557003296	134713557096592	48446
LIFT	transswitch0300p	11659	6750	41276	6750
COUNTS	transswitch0300p	11659	48446	404940	375245
LADGATE	30660	10000	0.731	0
LIFT	crudeoil_pooling_dt3	30660	15957	134914	15957
COUNTS	crudeoil_pooling_dt3	30660	152210	48975085	34772719
XCHTIME	0	0	0	0	0	0	0	0	0	0	0	0
XCHTIME	22536	0	0	0	0	0	0	0	0	134713328871104	134713329051408	75636
XCHTIME	0	0	0	0	0	0	0	0	0	0	0	0
XCHTIME	22536	0	0	36580345	19098302	17482043	0	0	0	134713328871104	134713329051408	75636
XCHTIME	0	0	0	0	0	0	0	0	0	0	0	0
XCHTIME	22536	0	0	0	0	0	0	0	0	134713328871104	134713329051408	75636
XCHTIME	0	0	0	0	0	0	0	0	0	0	0	0
XCHTIME	22536	1	0	24342897	35869	17553995	3083191	0	3669842	134713328871104	134713329051408	75636
LADGATE	22536	10000	0.599	0
XCHTIME	0	0	0	0	0	0	0	0	0	0	0	0
XCHTIME	22536	5	26	162776630	41950	17082248	15280274	19817	130352341	134713328871104	134713329051408	75636
XCHTIME	0	0	0	0	0	0	0	0	0	0	0	0
XCHTIME	22536	0	0	17274906	41823	17233083	0	0	0	134713328871104	134713329051408	75636
XCHTIME	0	0	0	0	0	0	0	0	0	0	0	0
XCHTIME	22536	0	0	17140356	38913	17101443	0	0	0	134713328871104	134713329051408	75636
XCHTIME	0	0	0	0	0	0	0	0	0	0	0	0
XCHTIME	22536	1	0	23025729	38561	17135434	3046572	0	2805162	134713328871104	134713329051408	75636
XCHTIME	0	0	0	0	0	0	0	0	0	0	0	0
XCHTIME	22536	1	0	23904453	40949	17223105	3024291	0	3616108	134713328871104	134713329051408	75636
XCHTIME	0	0	0	0	0	0	0	0	0	0	0	0
XCHTIME	22536	1	0	23213484	39605	17215286	3084507	0	2874086	134713328871104	134713329051408	75636
XCHTIME	0	0	0	0	0	0	0	0	0	0	0	0
XCHTIME	22536	1	0	23938914	40766	17206164	3107962	0	3584022	134713328871104	134713329051408	75636
XCHTIME	0	0	0	0	0	0	0	0	0	0	0	0
XCHTIME	22536	1	0	23886749	40852	17158119	3054541	0	3633237	134713328871104	134713329051408	75636
XCHTIME	0	0	0	0	0	0	0	0	0	0	0	0
XCHTIME	22536	1	0	23640773	40405	17387378	3024047	0	3188943	134713328871104	134713329051408	75636
XCHTIME	0	0	0	0	0	0	0	0	0	0	0	0
XCHTIME	22536	1	0	23017182	38845	17380824	3028944	0	2568569	134713328871104	134713329051408	75636
LIFT	gasprod_sarawak81	22536	12902	61066	12902
COUNTS	gasprod_sarawak81	22536	75636	1030380	939449
XCHTIME	0	0	0	0	0	0	0	0	0	0	0	0
XCHTIME	660	2	4	2600094	52986	4256	3494	1710	2537648	134713529784752	134713548924864	29646
XCHTIME	0	0	0	0	0	0	0	0	0	0	0	0
XCHTIME	660	1	0	9927236	5904	2363	1542	0	9917427	134713529784752	134713548924864	29646
XCHTIME	0	0	0	0	0	0	0	0	0	0	0	0
XCHTIME	660	2	5	7046288	9606	4265	3585	1919	7026913	134713529784752	134713548924864	29646
XCHTIME	0	0	0	0	0	0	0	0	0	0	0	0
XCHTIME	660	2	5	19948187	6733	2709	3949	1897	19932899	134713529784752	134713548924864	29646
LADGATE	660	10000	0.390	1
XCHTIME	0	0	0	0	0	0	0	0	0	0	0	0
XCHTIME	660	4	10	4988322	9170	3504	6139	3581	4965928	134713529784752	134713548924864	29646
XCHTIME	0	0	0	0	0	0	0	0	0	0	0	0
XCHTIME	660	1	0	9527995	8048	5306	1558	0	9513083	134713529784752	134713548924864	29646
XCHTIME	0	0	0	0	0	0	0	0	0	0	0	0
XCHTIME	660	4	15	8292451	12072	6011	6511	5698	8262159	134713529784752	134713548924864	29646
XCHTIME	0	0	0	0	0	0	0	0	0	0	0	0
XCHTIME	660	4	10	4868284	6472	2514	6189	3656	4849453	134713529784752	134713548924864	29646
XCHTIME	0	0	0	0	0	0	0	0	0	0	0	0
XCHTIME	660	2	5	19906197	4850	2293	3747	1878	19893429	134713529784752	134713548924864	29646
XCHTIME	0	0	0	0	0	0	0	0	0	0	0	0
XCHTIME	660	4	11	3407536	8761	3965	6262	3962	3384586	134713529784752	134713548924864	29646
XCHTIME	0	0	0	0	0	0	0	0	0	0	0	0
XCHTIME	660	4	14	15810269	5038	2235	6298	5102	15791596	134713529784752	134713548924864	29646
XCHTIME	0	0	0	0	0	0	0	0	0	0	0	0
XCHTIME	660	3	12	19464038	6053	2532	5370	4404	19445679	134713529784752	134713548924864	29646
XCHTIME	0	0	0	0	0	0	0	0	0	0	0	0
XCHTIME	660	1	0	19033413	7862	2772	1515	0	19021264	134713529784752	134713548924864	29646
XCHTIME	0	0	0	0	0	0	0	0	0	0	0	0
XCHTIME	660	4	6	2914720	13891	6293	6503	2662	2885371	134713529784752	134713548924864	29646
LIFT	maxcsp-langford-3-11	660	627	41846	627
COUNTS	maxcsp-langford-3-11	660	29646	33444033	10360919
XCHTIME	0	0	0	0	0	0	0	0	0	0	0	0
XCHTIME	1543	2	4	5079762	2722746	26861	16610	435	2313110	134713549904320	134713529790048	5224
XCHTIME	0	0	0	0	0	0	0	0	0	0	0	0
XCHTIME	1543	2	6	6563506	2207	6714	21184	665	6532736	134713549904320	134713529790048	5224
XCHTIME	0	0	0	0	0	0	0	0	0	0	0	0
XCHTIME	1543	2	5	4696025	3715	23386	17004	579	4651341	134713549904320	134713529790048	5224
XCHTIME	0	0	0	0	0	0	0	0	0	0	0	0
XCHTIME	1543	4	18	13143272	2304	7912	47780	2026	13083250	134713549904320	134713529790048	5224
LADGATE	1543	10000	0.360	1
XCHTIME	0	0	0	0	0	0	0	0	0	0	0	0
XCHTIME	1543	5	26	21449871	2913	14867	65795	2752	21363544	134713549904320	134713529790048	5224
XCHTIME	0	0	0	0	0	0	0	0	0	0	0	0
XCHTIME	1543	2	19	5590400	3443	18765	26243	1488	5540461	134713549904320	134713529790048	5224
XCHTIME	0	0	0	0	0	0	0	0	0	0	0	0
XCHTIME	1543	4	15	6045329	3394	7361	27681	1443	6005450	134713549904320	134713529790048	5224
XCHTIME	0	0	0	0	0	0	0	0	0	0	0	0
XCHTIME	1543	4	10	4536418	1789	6211	26531	819	4501068	134713549904320	134713529790048	5224
XCHTIME	0	0	0	0	0	0	0	0	0	0	0	0
XCHTIME	1543	4	18	13177389	1394	6244	51372	2024	13116355	134713549904320	134713529790048	5224
XCHTIME	0	0	0	0	0	0	0	0	0	0	0	0
XCHTIME	1543	4	11	2267721	3416	10935	26650	930	2225790	134713549904320	134713529790048	5224
XCHTIME	0	0	0	0	0	0	0	0	0	0	0	0
XCHTIME	1543	4	14	9295633	1772	6354	28356	1321	9257830	134713549904320	134713529790048	5224
XCHTIME	0	0	0	0	0	0	0	0	0	0	0	0
XCHTIME	1543	4	13	12801841	1801	6650	40266	1289	12751835	134713549904320	134713529790048	5224
XCHTIME	0	0	0	0	0	0	0	0	0	0	0	0
XCHTIME	1543	2	5	13107833	2502	10743	32331	652	13061605	134713549904320	134713529790048	5224
XCHTIME	0	0	0	0	0	0	0	0	0	0	0	0
XCHTIME	1543	4	6	1566376	3670	21962	28347	655	1511742	134713549904320	134713529790048	5224
LIFT	p_ball_30b_5p_2d_h	1543	999	4136	999
COUNTS	p_ball_30b_5p_2d_h	1543	5224	25843	25742
XCHTIME	0	0	0	0	0	0	0	0	0	0	0	0
XCHTIME	6709	1	0	2761671	831016	399844	380218	0	1150593	134713558030880	134713540207344	45220
XCHTIME	0	0	0	0	0	0	0	0	0	0	0	0
XCHTIME	6709	1	0	2717147	22687	382330	382508	0	1929622	134713558030880	134713540207344	45220
XCHTIME	0	0	0	0	0	0	0	0	0	0	0	0
XCHTIME	6709	1	0	2183194	20162	391284	380048	0	1391700	134713558030880	134713540207344	45220
XCHTIME	0	0	0	0	0	0	0	0	0	0	0	0
XCHTIME	6709	4	18	8136622	21237	386370	1546016	4691	6178308	134713558030880	134713540207344	45220
LADGATE	6709	10000	0.451	1
XCHTIME	0	0	0	0	0	0	0	0	0	0	0	0
XCHTIME	6709	5	26	12243124	21587	448940	1991834	6433	9774330	134713558030880	134713540207344	45220
XCHTIME	0	0	0	0	0	0	0	0	0	0	0	0
XCHTIME	6709	2	19	3863655	20957	396757	805914	3385	2636642	134713558030880	134713540207344	45220
XCHTIME	0	0	0	0	0	0	0	0	0	0	0	0
XCHTIME	6709	2	4	3690527	21312	381160	815256	1274	2471525	134713558030880	134713540207344	45220
XCHTIME	0	0	0	0	0	0	0	0	0	0	0	0
XCHTIME	6709	4	10	7014796	20282	379832	1565869	4073	5044740	134713558030880	134713540207344	45220
XCHTIME	0	0	0	0	0	0	0	0	0	0	0	0
XCHTIME	6709	4	18	8402108	20942	398881	1584213	12533	6385539	134713558030880	134713540207344	45220
XCHTIME	0	0	0	0	0	0	0	0	0	0	0	0
XCHTIME	6709	4	11	6968507	20669	396482	1572996	4370	4973990	134713558030880	134713540207344	45220
XCHTIME	0	0	0	0	0	0	0	0	0	0	0	0
XCHTIME	6709	4	14	7308038	21117	379194	1595240	4093	5308394	134713558030880	134713540207344	45220
XCHTIME	0	0	0	0	0	0	0	0	0	0	0	0
XCHTIME	6709	4	13	7750898	20688	377472	1590722	3436	5758580	134713558030880	134713540207344	45220
XCHTIME	0	0	0	0	0	0	0	0	0	0	0	0
XCHTIME	6709	3	15	9541762	20974	377718	1255739	3902	7883429	134713558030880	134713540207344	45220
XCHTIME	0	0	0	0	0	0	0	0	0	0	0	0
XCHTIME	6709	4	6	6887858	18965	372813	1546601	2643	4946836	134713558030880	134713540207344	45220
LIFT	ringpack_20_3	6709	3451	41284	3451
COUNTS	ringpack_20_3	6709	45220	2415136	865627
XCHTIME	0	0	0	0	0	0	0	0	0	0	0	0
XCHTIME	4825	1	0	1991782	389839	193305	179097	0	1229541	134713529456384	134713539683040	21504
XCHTIME	0	0	0	0	0	0	0	0	0	0	0	0
XCHTIME	4825	1	0	2335753	9402	166021	175054	0	1985276	134713529456384	134713539683040	21504
XCHTIME	0	0	0	0	0	0	0	0	0	0	0	0
XCHTIME	4825	1	0	1847260	12093	190471	184543	0	1460153	134713529456384	134713539683040	21504
XCHTIME	0	0	0	0	0	0	0	0	0	0	0	0
XCHTIME	4825	2	5	10721564	8783	192271	379848	1531	10139131	134713529456384	134713539683040	21504
LADGATE	4825	10000	0.669	1
XCHTIME	0	0	0	0	0	0	0	0	0	0	0	0
XCHTIME	4825	5	26	41271929	10568	224084	907365	7071	40122841	134713529456384	134713539683040	21504
XCHTIME	0	0	0	0	0	0	0	0	0	0	0	0
XCHTIME	4825	2	19	4667033	10202	199561	355088	3862	4098320	134713529456384	134713539683040	21504
XCHTIME	0	0	0	0	0	0	0	0	0	0	0	0
XCHTIME	4825	2	4	4847040	10159	177432	326670	1337	4331442	134713529456384	134713539683040	21504
XCHTIME	0	0	0	0	0	0	0	0	0	0	0	0
XCHTIME	4825	4	10	9009284	9997	177403	656549	2519	8162816	134713529456384	134713539683040	21504
XCHTIME	0	0	0	0	0	0	0	0	0	0	0	0
XCHTIME	4825	2	5	10698361	9967	185243	381573	1003	10120575	134713529456384	134713539683040	21504
XCHTIME	0	0	0	0	0	0	0	0	0	0	0	0
XCHTIME	4825	4	11	8543333	9597	180525	634698	2619	7715894	134713529456384	134713539683040	21504
XCHTIME	0	0	0	0	0	0	0	0	0	0	0	0
XCHTIME	4825	3	12	9229448	9165	162833	492181	3484	8561785	134713529456384	134713539683040	21504
XCHTIME	0	0	0	0	0	0	0	0	0	0	0	0
XCHTIME	4825	2	4	10292343	9271	173017	363276	1311	9745468	134713529456384	134713539683040	21504
XCHTIME	0	0	0	0	0	0	0	0	0	0	0	0
XCHTIME	4825	1	0	9618079	9913	182795	165809	0	9259562	134713529456384	134713539683040	21504
XCHTIME	0	0	0	0	0	0	0	0	0	0	0	0
XCHTIME	4825	4	6	8048565	9702	194869	644085	1434	7198475	134713529456384	134713539683040	21504
LIFT	waste	4825	2503	19260	2503
COUNTS	waste	4825	21504	1468261	1270649
XCHTIME	0	0	0	0	0	0	0	0	0	0	0	0
XCHTIME	2001	1	0	406983	57276	9495	9536	0	330676	134713537646976	134713540591360	11192
XCHTIME	0	0	0	0	0	0	0	0	0	0	0	0
XCHTIME	2001	1	0	6778647	2213	10196	9512	0	6756726	134713537646976	134713540591360	11192
XCHTIME	0	0	0	0	0	0	0	0	0	0	0	0
XCHTIME	2001	1	0	4527000	4034	29449	11800	0	4481717	134713537646976	134713540591360	11192
XCHTIME	0	0	0	0	0	0	0	0	0	0	0	0
XCHTIME	2001	1	0	13586654	3986	16875	11842	0	13553951	134713537646976	134713540591360	11192
LADGATE	2001	10000	0.299	1
XCHTIME	0	0	0	0	0	0	0	0	0	0	0	0
XCHTIME	2001	5	26	299626857	5558	26904	125577	3858	299464960	134713537646976	134713540591360	11192
XCHTIME	0	0	0	0	0	0	0	0	0	0	0	0
XCHTIME	2001	4	66	2821551	6854	41010	103433	7499	2662755	134713537646976	134713540591360	11192
XCHTIME	0	0	0	0	0	0	0	0	0	0	0	0
XCHTIME	2001	4	15	1792446	6025	23545	42271	1628	1718977	134713537646976	134713540591360	11192
XCHTIME	0	0	0	0	0	0	0	0	0	0	0	0
XCHTIME	2001	4	10	1509183	3699	12090	41509	1018	1450867	134713537646976	134713540591360	11192
XCHTIME	0	0	0	0	0	0	0	0	0	0	0	0
XCHTIME	2001	1	0	13582035	2660	9442	9477	0	13560456	134713537646976	134713540591360	11192
XCHTIME	0	0	0	0	0	0	0	0	0	0	0	0
XCHTIME	2001	4	11	1413642	5649	46129	47448	1346	1313070	134713537646976	134713540591360	11192
XCHTIME	0	0	0	0	0	0	0	0	0	0	0	0
XCHTIME	2001	1	0	11740374	3449	10730	9798	0	11716397	134713537646976	134713540591360	11192
XCHTIME	0	0	0	0	0	0	0	0	0	0	0	0
XCHTIME	2001	1	0	14195190	4048	21779	11630	0	14157733	134713537646976	134713540591360	11192
XCHTIME	0	0	0	0	0	0	0	0	0	0	0	0
XCHTIME	2001	1	0	13434810	4828	26239	13055	0	13390688	134713537646976	134713540591360	11192
XCHTIME	0	0	0	0	0	0	0	0	0	0	0	0
XCHTIME	2001	4	6	1351695	6142	45813	45801	727	1253212	134713537646976	134713540591360	11192
LIFT	catmix400	2001	1998	11180	1998
COUNTS	catmix400	2001	11192	36373	36364
XCHTIME	0	0	0	0	0	0	0	0	0	0	0	0
XCHTIME	3054	2	4	2393113	123975	39798	84256	458	2144626	134713541043920	134713549346768	7968
XCHTIME	0	0	0	0	0	0	0	0	0	0	0	0
XCHTIME	3054	1	0	3688859	3736	44630	38500	0	3601993	134713541043920	134713549346768	7968
XCHTIME	0	0	0	0	0	0	0	0	0	0	0	0
XCHTIME	3054	1	0	3110462	3292	50202	45360	0	3011608	134713541043920	134713549346768	7968
XCHTIME	0	0	0	0	0	0	0	0	0	0	0	0
XCHTIME	3054	1	0	10307448	3312	39356	38301	0	10226479	134713541043920	134713549346768	7968
LADGATE	3054	10000	0.511	1
XCHTIME	0	0	0	0	0	0	0	0	0	0	0	0
XCHTIME	3054	5	26	51664134	4518	81944	292939	3964	51280769	134713541043920	134713549346768	7968
XCHTIME	0	0	0	0	0	0	0	0	0	0	0	0
XCHTIME	3054	1	0	4838379	4335	61377	46311	0	4726356	134713541043920	134713549346768	7968
XCHTIME	0	0	0	0	0	0	0	0	0	0	0	0
XCHTIME	3054	3	12	6512250	3782	49899	122152	1379	6335038	134713541043920	134713549346768	7968
XCHTIME	0	0	0	0	0	0	0	0	0	0	0	0
XCHTIME	3054	4	10	6684316	3628	44630	160407	1060	6474591	134713541043920	134713549346768	7968
XCHTIME	0	0	0	0	0	0	0	0	0	0	0	0
XCHTIME	3054	1	0	10284836	3959	39989	37061	0	10203827	134713541043920	134713549346768	7968
XCHTIME	0	0	0	0	0	0	0	0	0	0	0	0
XCHTIME	3054	4	11	5002766	3322	62624	173124	1489	4762207	134713541043920	134713549346768	7968
XCHTIME	0	0	0	0	0	0	0	0	0	0	0	0
XCHTIME	3054	4	14	12256522	3346	42754	165890	1624	12042908	134713541043920	134713549346768	7968
XCHTIME	0	0	0	0	0	0	0	0	0	0	0	0
XCHTIME	3054	2	4	11233768	4317	50435	79383	490	11099143	134713541043920	134713549346768	7968
XCHTIME	0	0	0	0	0	0	0	0	0	0	0	0
XCHTIME	3054	1	0	9071560	3543	44079	37768	0	8986170	134713541043920	134713549346768	7968
XCHTIME	0	0	0	0	0	0	0	0	0	0	0	0
XCHTIME	3054	4	6	3686606	4002	66795	150453	623	3464733	134713541043920	134713549346768	7968
LIFT	rsyn0815m02hfsg	3054	1697	5478	1697
COUNTS	rsyn0815m02hfsg	3054	7968	44604	41384
XCHTIME	0	0	0	0	0	0	0	0	0	0	0	0
XCHTIME	1236	2	4	1274590	24097	4432	8249	183	1237629	134713537501712	134713540912832	4186
XCHTIME	0	0	0	0	0	0	0	0	0	0	0	0
XCHTIME	1236	1	0	6546575	907	4112	4054	0	6537502	134713537501712	134713540912832	4186
XCHTIME	0	0	0	0	0	0	0	0	0	0	0	0
XCHTIME	1236	2	5	4409400	1696	7776	8574	326	4391028	134713537501712	134713540912832	4186
XCHTIME	0	0	0	0	0	0	0	0	0	0	0	0
XCHTIME	1236	3	15	13846953	1611	4602	18369	701	13821670	134713537501712	134713540912832	4186
LADGATE	1236	10000	0.299	1
XCHTIME	0	0	0	0	0	0	0	0	0	0	0	0
XCHTIME	1236	5	26	31275692	2578	9560	36537	1268	31225749	134713537501712	134713540912832	4186
XCHTIME	0	0	0	0	0	0	0	0	0	0	0	0
XCHTIME	1236	1	0	6603951	2523	9282	4181	0	6587965	134713537501712	134713540912832	4186
XCHTIME	0	0	0	0	0	0	0	0	0	0	0	0
XCHTIME	1236	4	15	4764558	2590	11688	18056	776	4731448	134713537501712	134713540912832	4186
XCHTIME	0	0	0	0	0	0	0	0	0	0	0	0
XCHTIME	1236	4	10	2381565	1897	5323	16409	427	2357509	134713537501712	134713540912832	4186
XCHTIME	0	0	0	0	0	0	0	0	0	0	0	0
XCHTIME	1236	3	15	13912503	924	4149	22446	969	13884015	134713537501712	134713540912832	4186
XCHTIME	0	0	0	0	0	0	0	0	0	0	0	0
XCHTIME	1236	4	11	1663154	1797	6446	16656	492	1637763	134713537501712	134713540912832	4186
XCHTIME	0	0	0	0	0	0	0	0	0	0	0	0
XCHTIME	1236	4	14	8657381	1125	3925	16850	685	8634796	134713537501712	134713540912832	4186
XCHTIME	0	0	0	0	0	0	0	0	0	0	0	0
XCHTIME	1236	4	13	14838096	1479	4448	21489	653	14810027	134713537501712	134713540912832	4186
XCHTIME	0	0	0	0	0	0	0	0	0	0	0	0
XCHTIME	1236	2	5	14732337	1937	5710	25569	410	14698711	134713537501712	134713540912832	4186
XCHTIME	0	0	0	0	0	0	0	0	0	0	0	0
XCHTIME	1236	4	6	1131843	2743	12882	17105	276	1098837	134713537501712	134713540912832	4186
LIFT	p_ball_10b_7p_3d_h	1236	751	3216	751
COUNTS	p_ball_10b_7p_3d_h	1236	4186	24380	23744
XCHTIME	0	0	0	0	0	0	0	0	0	0	0	0
XCHTIME	1225	2	4	2337940	26791	4540	9260	438	2296911	134713529855600	134713557547168	3846
XCHTIME	0	0	0	0	0	0	0	0	0	0	0	0
XCHTIME	1225	1	0	7323028	810	4653	4238	0	7313327	134713529855600	134713557547168	3846
XCHTIME	0	0	0	0	0	0	0	0	0	0	0	0
XCHTIME	1225	2	5	6104135	1703	9767	8629	511	6083525	134713529855600	134713557547168	3846
XCHTIME	0	0	0	0	0	0	0	0	0	0	0	0
XCHTIME	1225	2	5	15358257	1570	4731	14817	681	15336458	134713529855600	134713557547168	3846
LADGATE	1225	10000	0.625	1
XCHTIME	0	0	0	0	0	0	0	0	0	0	0	0
XCHTIME	1225	5	26	43951347	2199	9970	33034	3159	43902985	134713529855600	134713557547168	3846
XCHTIME	0	0	0	0	0	0	0	0	0	0	0	0
XCHTIME	1225	2	19	6238398	2135	9691	15591	1896	6209085	134713529855600	134713557547168	3846
XCHTIME	0	0	0	0	0	0	0	0	0	0	0	0
XCHTIME	1225	4	15	7644636	3041	12513	22168	1719	7605195	134713529855600	134713557547168	3846
XCHTIME	0	0	0	0	0	0	0	0	0	0	0	0
XCHTIME	1225	4	10	4564409	1682	4953	17360	1150	4539264	134713529855600	134713557547168	3846
XCHTIME	0	0	0	0	0	0	0	0	0	0	0	0
XCHTIME	1225	2	5	15295524	1137	4328	11948	546	15277565	134713529855600	134713557547168	3846
XCHTIME	0	0	0	0	0	0	0	0	0	0	0	0
XCHTIME	1225	4	11	3015792	1473	8395	17496	1190	2987238	134713529855600	134713557547168	3846
XCHTIME	0	0	0	0	0	0	0	0	0	0	0	0
XCHTIME	1225	4	14	11861856	1071	4728	17825	1526	11836706	134713529855600	134713557547168	3846
XCHTIME	0	0	0	0	0	0	0	0	0	0	0	0
XCHTIME	1225	4	13	15957917	1379	4424	17684	1544	15932886	134713529855600	134713557547168	3846
XCHTIME	0	0	0	0	0	0	0	0	0	0	0	0
XCHTIME	1225	1	0	13237032	1050	4375	4246	0	13227361	134713529855600	134713557547168	3846
XCHTIME	0	0	0	0	0	0	0	0	0	0	0	0
XCHTIME	1225	4	6	2059223	2440	17435	19027	720	2019601	134713529855600	134713557547168	3846
LIFT	chimera_k64ising-02	1225	772	3732	772
COUNTS	chimera_k64ising-02	1225	3846	613390	371142
XCHTIME	0	0	0	0	0	0	0	0	0	0	0	0
XCHTIME	3404	2	4	2152395	172557	56902	129937	606	1792393	134713540722448	134713328647808	11462
XCHTIME	0	0	0	0	0	0	0	0	0	0	0	0
XCHTIME	3404	1	0	2559661	6684	70309	63425	0	2419243	134713540722448	134713328647808	11462
XCHTIME	0	0	0	0	0	0	0	0	0	0	0	0
XCHTIME	3404	1	0	2590518	6977	91204	69111	0	2423226	134713540722448	134713328647808	11462
XCHTIME	0	0	0	0	0	0	0	0	0	0	0	0
XCHTIME	3404	3	15	11271035	6413	89250	216567	2044	10956761	134713540722448	134713328647808	11462
LADGATE	3404	10000	0.573	1
XCHTIME	0	0	0	0	0	0	0	0	0	0	0	0
XCHTIME	3404	5	26	19515988	5941	91052	367503	3882	19047610	134713540722448	134713328647808	11462
XCHTIME	0	0	0	0	0	0	0	0	0	0	0	0
XCHTIME	3404	2	19	5050336	6190	79158	133196	2802	4828990	134713540722448	134713328647808	11462
XCHTIME	0	0	0	0	0	0	0	0	0	0	0	0
XCHTIME	3404	4	15	5598078	5540	63199	221140	2272	5305927	134713540722448	134713328647808	11462
XCHTIME	0	0	0	0	0	0	0	0	0	0	0	0
XCHTIME	3404	4	10	4735640	5002	55718	216183	1209	4457528	134713540722448	134713328647808	11462
XCHTIME	0	0	0	0	0	0	0	0	0	0	0	0
XCHTIME	3404	3	15	11321666	4884	54812	176370	2073	11083527	134713540722448	134713328647808	11462
XCHTIME	0	0	0	0	0	0	0	0	0	0	0	0
XCHTIME	3404	4	11	4376469	6030	75355	234628	1404	4059052	134713540722448	134713328647808	11462
XCHTIME	0	0	0	0	0	0	0	0	0	0	0	0
XCHTIME	3404	4	14	7385177	5727	61013	222878	1836	7093723	134713540722448	134713328647808	11462
XCHTIME	0	0	0	0	0	0	0	0	0	0	0	0
XCHTIME	3404	4	13	10820244	5411	56657	230832	1886	10525458	134713540722448	134713328647808	11462
XCHTIME	0	0	0	0	0	0	0	0	0	0	0	0
XCHTIME	3404	1	0	9295035	5354	60198	56395	0	9173088	134713540722448	134713328647808	11462
XCHTIME	0	0	0	0	0	0	0	0	0	0	0	0
XCHTIME	3404	4	6	4021331	5773	80830	246866	823	3687039	134713540722448	134713328647808	11462
LIFT	batchs121208m	3404	1725	8392	1725
COUNTS	batchs121208m	3404	11462	138030	128816
XCHTIME	0	0	0	0	0	0	0	0	0	0	0	0
XCHTIME	11	2	4	25097	2522	400	97	123	21955	134713549904208	134713529552736	46
XCHTIME	0	0	0	0	0	0	0	0	0	0	0	0
XCHTIME	11	2	6	159088	202	274	65	201	158346	134713549904208	134713529552736	46
XCHTIME	0	0	0	0	0	0	0	0	0	0	0	0
XCHTIME	11	2	5	77337	134	273	59	164	76707	134713549904208	134713529552736	46
XCHTIME	0	0	0	0	0	0	0	0	0	0	0	0
XCHTIME	11	4	18	174236	118	246	152	616	173104	134713549904208	134713529552736	46
LADGATE	11	10000	0.109	1
XCHTIME	0	0	0	0	0	0	0	0	0	0	0	0
XCHTIME	11	4	10	53110	337	389	148	296	51940	134713549904208	134713529552736	46
XCHTIME	0	0	0	0	0	0	0	0	0	0	0	0
XCHTIME	11	4	31	158991	139	314	162	1077	157299	134713549904208	134713529552736	46
XCHTIME	0	0	0	0	0	0	0	0	0	0	0	0
XCHTIME	11	4	15	51520	136	319	117	417	50531	134713549904208	134713529552736	46
XCHTIME	0	0	0	0	0	0	0	0	0	0	0	0
XCHTIME	11	4	10	45345	91	243	118	270	44623	134713549904208	134713529552736	46
XCHTIME	0	0	0	0	0	0	0	0	0	0	0	0
XCHTIME	11	4	18	166908	58	231	109	514	165996	134713549904208	134713529552736	46
XCHTIME	0	0	0	0	0	0	0	0	0	0	0	0
XCHTIME	11	4	11	28922	143	251	110	278	28140	134713549904208	134713529552736	46
XCHTIME	0	0	0	0	0	0	0	0	0	0	0	0
XCHTIME	11	4	14	122636	79	220	121	385	121831	134713549904208	134713529552736	46
XCHTIME	0	0	0	0	0	0	0	0	0	0	0	0
XCHTIME	11	4	13	226688	106	215	115	405	225847	134713549904208	134713529552736	46
XCHTIME	0	0	0	0	0	0	0	0	0	0	0	0
XCHTIME	11	4	16	220331	90	219	113	465	219444	134713549904208	134713529552736	46
XCHTIME	0	0	0	0	0	0	0	0	0	0	0	0
XCHTIME	11	4	6	17023	76	227	105	118	16497	134713549904208	134713529552736	46
COUNTS	nvs02	11	46	142	142
XCHTIME	0	0	0	0	0	0	0	0	0	0	0	0
XCHTIME	191	2	4	342107	8405	811	546	237	332108	134713534045152	134713529495008	1416
XCHTIME	0	0	0	0	0	0	0	0	0	0	0	0
XCHTIME	191	2	6	2335831	387	758	542	363	2333781	134713534045152	134713529495008	1416
XCHTIME	0	0	0	0	0	0	0	0	0	0	0	0
XCHTIME	191	2	5	794435	661	973	502	253	792046	134713534045152	134713529495008	1416
XCHTIME	0	0	0	0	0	0	0	0	0	0	0	0
XCHTIME	191	4	18	4812196	423	794	1011	995	4808973	134713534045152	134713529495008	1416
LADGATE	191	10000	0.254	1
XCHTIME	0	0	0	0	0	0	0	0	0	0	0	0
XCHTIME	191	5	26	6217473	732	1515	1469	1481	6212276	134713534045152	134713529495008	1416
XCHTIME	0	0	0	0	0	0	0	0	0	0	0	0
XCHTIME	191	4	66	451411	382	693	998	3182	446156	134713534045152	134713529495008	1416
XCHTIME	0	0	0	0	0	0	0	0	0	0	0	0
XCHTIME	191	4	15	855669	339	832	1233	789	852476	134713534045152	134713529495008	1416
XCHTIME	0	0	0	0	0	0	0	0	0	0	0	0
XCHTIME	191	4	10	588940	333	695	944	529	586439	134713534045152	134713529495008	1416
XCHTIME	0	0	0	0	0	0	0	0	0	0	0	0
XCHTIME	191	4	18	4852925	277	694	1317	1089	4849548	134713534045152	134713529495008	1416
XCHTIME	0	0	0	0	0	0	0	0	0	0	0	0
XCHTIME	191	4	11	334003	687	793	1071	620	330832	134713534045152	134713529495008	1416
XCHTIME	0	0	0	0	0	0	0	0	0	0	0	0
XCHTIME	191	4	14	1597575	429	734	1261	809	1594342	134713534045152	134713529495008	1416
XCHTIME	0	0	0	0	0	0	0	0	0	0	0	0
XCHTIME	191	4	13	2809901	328	746	1191	702	2806934	134713534045152	134713529495008	1416
XCHTIME	0	0	0	0	0	0	0	0	0	0	0	0
XCHTIME	191	4	16	16626400	509	854	1959	959	16622119	134713534045152	134713529495008	1416
XCHTIME	0	0	0	0	0	0	0	0	0	0	0	0
XCHTIME	191	4	6	169572	1094	1112	805	376	166185	134713534045152	134713529495008	1416
LIFT	wastepaper6	191	156	1358	156
COUNTS	wastepaper6	191	1416	16611	16611
XCHTIME	0	0	0	0	0	0	0	0	0	0	0	0
XCHTIME	399	2	4	183581	11434	1549	1536	209	168853	134713534048176	134713540749696	1022
XCHTIME	0	0	0	0	0	0	0	0	0	0	0	0
XCHTIME	399	2	6	640368	304	1042	1488	250	637284	134713534048176	134713540749696	1022
XCHTIME	0	0	0	0	0	0	0	0	0	0	0	0
XCHTIME	399	2	5	263875	423	1057	1574	220	260601	134713534048176	134713540749696	1022
XCHTIME	0	0	0	0	0	0	0	0	0	0	0	0
XCHTIME	399	4	18	1321154	277	993	2770	726	1316388	134713534048176	134713540749696	1022
LADGATE	399	10000	0.245	1
XCHTIME	0	0	0	0	0	0	0	0	0	0	0	0
XCHTIME	399	5	26	1448252	725	1308	3438	1086	1441695	134713534048176	134713540749696	1022
XCHTIME	0	0	0	0	0	0	0	0	0	0	0	0
XCHTIME	399	4	66	3078209	640	1783	4035	2399	3069352	134713534048176	134713540749696	1022
XCHTIME	0	0	0	0	0	0	0	0	0	0	0	0
XCHTIME	399	4	15	419096	901	1467	3810	540	412378	134713534048176	134713540749696	1022
XCHTIME	0	0	0	0	0	0	0	0	0	0	0	0
XCHTIME	399	4	10	306740	294	1141	3599	379	301327	134713534048176	134713540749696	1022
XCHTIME	0	0	0	0	0	0	0	0	0	0	0	0
XCHTIME	399	4	18	1328634	245	935	3363	843	1323248	134713534048176	134713540749696	1022
XCHTIME	0	0	0	0	0	0	0	0	0	0	0	0
XCHTIME	399	4	11	252444	319	1025	3537	540	247023	134713534048176	134713540749696	1022
XCHTIME	0	0	0	0	0	0	0	0	0	0	0	0
XCHTIME	399	4	14	570077	257	961	3330	598	564931	134713534048176	134713540749696	1022
XCHTIME	0	0	0	0	0	0	0	0	0	0	0	0
XCHTIME	399	4	13	818329	254	961	3159	534	813421	134713534048176	134713540749696	1022
XCHTIME	0	0	0	0	0	0	0	0	0	0	0	0
XCHTIME	399	4	16	2042876	253	1041	3638	661	2037283	134713534048176	134713540749696	1022
XCHTIME	0	0	0	0	0	0	0	0	0	0	0	0
XCHTIME	399	4	6	182864	486	1257	3275	269	177577	134713534048176	134713540749696	1022
LIFT	syn15hfsg	399	221	666	221
COUNTS	syn15hfsg	399	1022	3300	3272
XCHTIME	0	0	0	0	0	0	0	0	0	0	0	0
XCHTIME	36	2	4	71702	3859	467	176	159	67041	134713535124848	134713540758480	246
XCHTIME	0	0	0	0	0	0	0	0	0	0	0	0
XCHTIME	36	2	6	680433	184	532	140	215	679362	134713535124848	134713540758480	246
XCHTIME	0	0	0	0	0	0	0	0	0	0	0	0
XCHTIME	36	2	5	175270	175	366	126	225	174378	134713535124848	134713540758480	246
XCHTIME	0	0	0	0	0	0	0	0	0	0	0	0
XCHTIME	36	4	18	1310365	314	453	258	782	1308558	134713535124848	134713540758480	246
LADGATE	36	10000	0.161	1
XCHTIME	0	0	0	0	0	0	0	0	0	0	0	0
XCHTIME	36	5	26	1655816	328	1046	381	1036	1653025	134713535124848	134713540758480	246
XCHTIME	0	0	0	0	0	0	0	0	0	0	0	0
XCHTIME	36	4	64	6702	127	516	267	2493	3299	134713535124848	134713540758480	246
XCHTIME	0	0	0	0	0	0	0	0	0	0	0	0
XCHTIME	36	4	15	243993	92	338	293	534	242736	134713535124848	134713540758480	246
XCHTIME	0	0	0	0	0	0	0	0	0	0	0	0
XCHTIME	36	4	10	111720	110	422	267	309	110612	134713535124848	134713540758480	246
XCHTIME	0	0	0	0	0	0	0	0	0	0	0	0
XCHTIME	36	4	18	1299899	107	408	249	666	1298469	134713535124848	134713540758480	246
XCHTIME	0	0	0	0	0	0	0	0	0	0	0	0
XCHTIME	36	4	11	73046	95	484	241	368	71858	134713535124848	134713540758480	246
XCHTIME	0	0	0	0	0	0	0	0	0	0	0	0
XCHTIME	36	4	14	352177	91	322	290	431	351043	134713535124848	134713540758480	246
XCHTIME	0	0	0	0	0	0	0	0	0	0	0	0
XCHTIME	36	4	13	707186	108	404	253	426	705995	134713535124848	134713540758480	246
XCHTIME	0	0	0	0	0	0	0	0	0	0	0	0
XCHTIME	36	4	16	4184197	233	575	424	628	4182337	134713535124848	134713540758480	246
XCHTIME	0	0	0	0	0	0	0	0	0	0	0	0
XCHTIME	36	4	6	39061	269	836	248	217	37491	134713535124848	134713540758480	246
LIFT	st_jcbpaf2	36	23	220	23
COUNTS	st_jcbpaf2	36	246	1635	1543
COUNTS	camshape400	2000	7188	16768	16768
XCHTIME	0	0	0	0	0	0	0	0	0	0	0	0
XCHTIME	120	2	4	237097	8081	677	426	847	227066	134713528306224	134713549412320	2790
XCHTIME	0	0	0	0	0	0	0	0	0	0	0	0
XCHTIME	120	2	6	3264147	498	782	326	1230	3261311	134713528306224	134713549412320	2790
XCHTIME	0	0	0	0	0	0	0	0	0	0	0	0
XCHTIME	120	2	5	912096	504	647	551	1020	909374	134713528306224	134713549412320	2790
XCHTIME	0	0	0	0	0	0	0	0	0	0	0	0
XCHTIME	120	4	18	6082971	543	669	713	3594	6077452	134713528306224	134713549412320	2790
LADGATE	120	10000	0.255	1
XCHTIME	0	0	0	0	0	0	0	0	0	0	0	0
XCHTIME	120	4	10	449364	1215	1241	535	2088	444285	134713528306224	134713549412320	2790
XCHTIME	0	0	0	0	0	0	0	0	0	0	0	0
XCHTIME	120	4	66	547056	403	717	519	10524	534893	134713528306224	134713549412320	2790
XCHTIME	0	0	0	0	0	0	0	0	0	0	0	0
XCHTIME	120	4	15	947564	416	703	634	3078	942733	134713528306224	134713549412320	2790
XCHTIME	0	0	0	0	0	0	0	0	0	0	0	0
XCHTIME	120	4	10	401754	434	700	586	2076	397958	134713528306224	134713549412320	2790
XCHTIME	0	0	0	0	0	0	0	0	0	0	0	0
XCHTIME	120	4	18	6168823	394	610	676	3621	6163522	134713528306224	134713549412320	2790
XCHTIME	0	0	0	0	0	0	0	0	0	0	0	0
XCHTIME	120	4	11	225294	420	706	604	2184	221380	134713528306224	134713549412320	2790
XCHTIME	0	0	0	0	0	0	0	0	0	0	0	0
XCHTIME	120	4	14	1729646	387	536	621	2874	1725228	134713528306224	134713549412320	2790
XCHTIME	0	0	0	0	0	0	0	0	0	0	0	0
XCHTIME	120	4	13	3233563	638	747	672	2650	3228856	134713528306224	134713549412320	2790
XCHTIME	0	0	0	0	0	0	0	0	0	0	0	0
XCHTIME	120	4	16	21114366	807	718	839	3188	21108814	134713528306224	134713549412320	2790
XCHTIME	0	0	0	0	0	0	0	0	0	0	0	0
XCHTIME	120	4	6	164662	1139	1115	511	1238	160659	134713528306224	134713549412320	2790
LIFT	graphpart_clique-30	120	117	2784	117
COUNTS	graphpart_clique-30	120	2790	114505	91153
XCHTIME	0	0	0	0	0	0	0	0	0	0	0	0
XCHTIME	280	2	4	636554	23875	1459	1019	2362	607839	134713540979424	134713539977968	14910
XCHTIME	0	0	0	0	0	0	0	0	0	0	0	0
XCHTIME	280	2	6	8467677	2139	1488	791	3545	8459714	134713540979424	134713539977968	14910
XCHTIME	0	0	0	0	0	0	0	0	0	0	0	0
XCHTIME	280	2	5	2455846	3435	1179	827	2842	2447563	134713540979424	134713539977968	14910
XCHTIME	0	0	0	0	0	0	0	0	0	0	0	0
XCHTIME	280	4	18	16414186	2328	1257	1846	10495	16398260	134713540979424	134713539977968	14910
LADGATE	280	10000	0.212	1
XCHTIME	0	0	0	0	0	0	0	0	0	0	0	0
XCHTIME	280	4	10	1147518	3815	1593	1850	5934	1134326	134713540979424	134713539977968	14910
XCHTIME	0	0	0	0	0	0	0	0	0	0	0	0
XCHTIME	280	4	66	2549856	1850	1108	1482	32368	2513048	134713540979424	134713539977968	14910
XCHTIME	0	0	0	0	0	0	0	0	0	0	0	0
XCHTIME	280	4	15	2538272	3655	1722	2239	8689	2521967	134713540979424	134713539977968	14910
XCHTIME	0	0	0	0	0	0	0	0	0	0	0	0
XCHTIME	280	4	10	1233019	2137	1271	1856	5779	1221976	134713540979424	134713539977968	14910
XCHTIME	0	0	0	0	0	0	0	0	0	0	0	0
XCHTIME	280	4	18	16438197	1568	1188	1837	10537	16423067	134713540979424	134713539977968	14910
XCHTIME	0	0	0	0	0	0	0	0	0	0	0	0
XCHTIME	280	4	11	744448	3404	1206	1544	6354	731940	134713540979424	134713539977968	14910
XCHTIME	0	0	0	0	0	0	0	0	0	0	0	0
XCHTIME	280	4	14	4739943	1470	1080	1749	8072	4727572	134713540979424	134713539977968	14910
XCHTIME	0	0	0	0	0	0	0	0	0	0	0	0
XCHTIME	280	4	13	8903176	2192	1285	1696	7636	8890367	134713540979424	134713539977968	14910
XCHTIME	0	0	0	0	0	0	0	0	0	0	0	0
XCHTIME	280	2	5	21032283	2441	1292	1490	2928	21024132	134713540979424	134713539977968	14910
XCHTIME	0	0	0	0	0	0	0	0	0	0	0	0
XCHTIME	280	4	6	603495	5435	2103	1492	3476	590989	134713540979424	134713539977968	14910
LIFT	graphpart_clique-70	280	277	14904	277
COUNTS	graphpart_clique-70	280	14910	1413012	1144894
COUNTS	smallinvDAXr1b010-011	39	1120	13510	13319
XCHTIME	0	0	0	0	0	0	0	0	0	0	0	0
XCHTIME	22074	0	0	0	0	0	0	0	0	134713545229792	134713545406400	60000
XCHTIME	0	0	0	0	0	0	0	0	0	0	0	0
XCHTIME	22074	0	0	35780542	18249958	17530584	0	0	0	134713545229792	134713545406400	60000
XCHTIME	0	0	0	0	0	0	0	0	0	0	0	0
XCHTIME	22074	0	0	16849294	32845	16816449	0	0	0	134713545229792	134713545406400	60000
XCHTIME	0	0	0	0	0	0	0	0	0	0	0	0
XCHTIME	22074	1	0	23637237	34073	16842899	2881001	0	3879264	134713545229792	134713545406400	60000
LADGATE	22074	10000	0.458	0
XCHTIME	0	0	0	0	0	0	0	0	0	0	0	0
XCHTIME	22074	5	26	139993068	33668	16892323	14742542	19740	108304795	134713545229792	134713545406400	60000
XCHTIME	0	0	0	0	0	0	0	0	0	0	0	0
XCHTIME	22074	0	0	16941205	35960	16905245	0	0	0	134713545229792	134713545406400	60000
XCHTIME	0	0	0	0	0	0	0	0	0	0	0	0
XCHTIME	22074	0	0	16950689	34540	16916149	0	0	0	134713545229792	134713545406400	60000
XCHTIME	0	0	0	0	0	0	0	0	0	0	0	0
XCHTIME	22074	1	0	23445762	32642	16825638	2890477	0	3697005	134713545229792	134713545406400	60000
XCHTIME	0	0	0	0	0	0	0	0	0	0	0	0
XCHTIME	22074	1	0	23772175	35225	16965064	2884082	0	3887804	134713545229792	134713545406400	60000
XCHTIME	0	0	0	0	0	0	0	0	0	0	0	0
XCHTIME	22074	1	0	23410845	34669	16882890	2884528	0	3608758	134713545229792	134713545406400	60000
XCHTIME	0	0	0	0	0	0	0	0	0	0	0	0
XCHTIME	22074	1	0	23644473	33981	16893447	2941485	0	3775560	134713545229792	134713545406400	60000
XCHTIME	0	0	0	0	0	0	0	0	0	0	0	0
XCHTIME	22074	1	0	22961240	34820	16841757	2874039	0	3210624	134713545229792	134713545406400	60000
XCHTIME	0	0	0	0	0	0	0	0	0	0	0	0
XCHTIME	22074	1	0	23734574	33770	16986346	2898539	0	3815919	134713545229792	134713545406400	60000
XCHTIME	0	0	0	0	0	0	0	0	0	0	0	0
XCHTIME	22074	1	0	23380348	34502	16881564	2886152	0	3578130	134713545229792	134713545406400	60000
LIFT	nd_netgen-2000-3-4-b-a-ns_7	22074	10074	36000	10074
COUNTS	nd_netgen-2000-3-4-b-a-ns_7	22074	60000	289420	272736
XCHTIME	0	0	0	0	0	0	0	0	0	0	0	0
XCHTIME	240	2	4	111766	7172	966	689	207	102732	134713529511408	134713541767840	720
XCHTIME	0	0	0	0	0	0	0	0	0	0	0	0
XCHTIME	240	2	6	462785	245	786	679	244	460831	134713529511408	134713541767840	720
XCHTIME	0	0	0	0	0	0	0	0	0	0	0	0
XCHTIME	240	2	5	175993	218	674	664	248	174189	134713529511408	134713541767840	720
XCHTIME	0	0	0	0	0	0	0	0	0	0	0	0
XCHTIME	240	4	18	884407	226	615	1182	674	881710	134713529511408	134713541767840	720
LADGATE	240	10000	0.209	1
XCHTIME	0	0	0	0	0	0	0	0	0	0	0	0
XCHTIME	240	5	26	979389	338	993	1733	1173	975152	134713529511408	134713541767840	720
XCHTIME	0	0	0	0	0	0	0	0	0	0	0	0
XCHTIME	240	3	57	7467218	213	753	865	2267	7463120	134713529511408	134713541767840	720
XCHTIME	0	0	0	0	0	0	0	0	0	0	0	0
XCHTIME	240	4	15	223903	507	1127	1231	620	220418	134713529511408	134713541767840	720
XCHTIME	0	0	0	0	0	0	0	0	0	0	0	0
XCHTIME	240	4	10	173227	238	696	1225	323	170745	134713529511408	134713541767840	720
XCHTIME	0	0	0	0	0	0	0	0	0	0	0	0
XCHTIME	240	4	18	887806	194	612	1305	687	885008	134713529511408	134713541767840	720
XCHTIME	0	0	0	0	0	0	0	0	0	0	0	0
XCHTIME	240	4	11	142418	222	665	1068	376	140087	134713529511408	134713541767840	720
XCHTIME	0	0	0	0	0	0	0	0	0	0	0	0
XCHTIME	240	4	14	320011	179	577	1335	497	317423	134713529511408	134713541767840	720
XCHTIME	0	0	0	0	0	0	0	0	0	0	0	0
XCHTIME	240	4	13	384928	193	597	1299	433	382406	134713529511408	134713541767840	720
XCHTIME	0	0	0	0	0	0	0	0	0	0	0	0
XCHTIME	240	4	16	3057570	213	608	1529	726	3054494	134713529511408	134713541767840	720
XCHTIME	0	0	0	0	0	0	0	0	0	0	0	0
XCHTIME	240	4	6	113546	412	787	1034	204	111109	134713529511408	134713541767840	720
LIFT	slay05m	240	100	440	100
COUNTS	slay05m	240	720	2635	2635
XCHTIME	0	0	0	0	0	0	0	0	0	0	0	0
XCHTIME	2031	1	0	5477591	2481656	40909	17573	0	2937453	134713541560320	134713529176368	10964
XCHTIME	0	0	0	0	0	0	0	0	0	0	0	0
XCHTIME	2031	1	0	7386512	4226	20679	11037	0	7350570	134713541560320	134713529176368	10964
XCHTIME	0	0	0	0	0	0	0	0	0	0	0	0
XCHTIME	2031	1	0	5631225	5323	41821	21357	0	5562724	134713541560320	134713529176368	10964
XCHTIME	0	0	0	0	0	0	0	0	0	0	0	0
XCHTIME	2031	1	0	14798265	4303	21257	12157	0	14760548	134713541560320	134713529176368	10964
LADGATE	2031	10000	1.120	1
XCHTIME	0	0	0	0	0	0	0	0	0	0	0	0
XCHTIME	2031	5	26	147603862	5799	29077	151287	5020	147412679	134713541560320	134713529176368	10964
XCHTIME	0	0	0	0	0	0	0	0	0	0	0	0
XCHTIME	2031	1	0	6162759	6659	39145	14092	0	6102863	134713541560320	134713529176368	10964
XCHTIME	0	0	0	0	0	0	0	0	0	0	0	0
XCHTIME	2031	2	4	6847024	6127	42563	31019	599	6766716	134713541560320	134713529176368	10964
XCHTIME	0	0	0	0	0	0	0	0	0	0	0	0
XCHTIME	2031	4	10	11602107	4040	14157	43738	1452	11538720	134713541560320	134713529176368	10964
XCHTIME	0	0	0	0	0	0	0	0	0	0	0	0
XCHTIME	2031	1	0	15037973	3293	12897	17969	0	15003814	134713541560320	134713529176368	10964
XCHTIME	0	0	0	0	0	0	0	0	0	0	0	0
XCHTIME	2031	4	11	7553000	5081	39054	53569	1661	7453635	134713541560320	134713529176368	10964
XCHTIME	0	0	0	0	0	0	0	0	0	0	0	0
XCHTIME	2031	2	4	14906098	3946	14334	24429	773	14862616	134713541560320	134713529176368	10964
XCHTIME	0	0	0	0	0	0	0	0	0	0	0	0
XCHTIME	2031	1	0	15118966	3371	14482	11030	0	15090083	134713541560320	134713529176368	10964
XCHTIME	0	0	0	0	0	0	0	0	0	0	0	0
XCHTIME	2031	1	0	15503831	4715	29544	13460	0	15456112	134713541560320	134713529176368	10964
XCHTIME	0	0	0	0	0	0	0	0	0	0	0	0
XCHTIME	2031	4	6	5121214	6064	49090	51591	892	5013577	134713541560320	134713529176368	10964
LIFT	chimera_selby-c16-01	2031	1517	13662	1517
COUNTS	chimera_selby-c16-01	2031	10964	3605628	2404634
XCHTIME	0	0	0	0	0	0	0	0	0	0	0	0
XCHTIME	110	2	4	118857	5526	447	355	162	112367	134713534625968	134713537511616	376
XCHTIME	0	0	0	0	0	0	0	0	0	0	0	0
XCHTIME	110	2	6	964304	219	640	286	221	962938	134713534625968	134713537511616	376
XCHTIME	0	0	0	0	0	0	0	0	0	0	0	0
XCHTIME	110	2	5	423704	384	1246	345	179	421550	134713534625968	134713537511616	376
XCHTIME	0	0	0	0	0	0	0	0	0	0	0	0
XCHTIME	110	4	18	2122757	190	756	567	583	2120661	134713534625968	134713537511616	376
LADGATE	110	10000	0.179	1
XCHTIME	0	0	0	0	0	0	0	0	0	0	0	0
XCHTIME	110	5	26	2749549	412	1311	757	935	2746134	134713534625968	134713537511616	376
XCHTIME	0	0	0	0	0	0	0	0	0	0	0	0
XCHTIME	110	4	66	1384847	182	652	687	1911	1381415	134713534625968	134713537511616	376
XCHTIME	0	0	0	0	0	0	0	0	0	0	0	0
XCHTIME	110	4	15	361816	296	832	566	451	359671	134713534625968	134713537511616	376
XCHTIME	0	0	0	0	0	0	0	0	0	0	0	0
XCHTIME	110	4	10	199240	141	812	506	262	197519	134713534625968	134713537511616	376
XCHTIME	0	0	0	0	0	0	0	0	0	0	0	0
XCHTIME	110	4	18	2112729	136	680	647	605	2110661	134713534625968	134713537511616	376
XCHTIME	0	0	0	0	0	0	0	0	0	0	0	0
XCHTIME	110	4	11	134469	166	786	504	339	132674	134713534625968	134713537511616	376
XCHTIME	0	0	0	0	0	0	0	0	0	0	0	0
XCHTIME	110	4	14	708879	153	598	584	481	707063	134713534625968	134713537511616	376
XCHTIME	0	0	0	0	0	0	0	0	0	0	0	0
XCHTIME	110	4	13	1219850	212	727	566	434	1217911	134713534625968	134713537511616	376
XCHTIME	0	0	0	0	0	0	0	0	0	0	0	0
XCHTIME	110	4	16	8394399	149	706	718	613	8392213	134713534625968	134713537511616	376
XCHTIME	0	0	0	0	0	0	0	0	0	0	0	0
XCHTIME	110	4	6	77562	415	1227	502	193	75225	134713534625968	134713537511616	376
LIFT	csched1	110	30	100	30
COUNTS	csched1	110	376	975	975
XCHTIME	0	0	0	0	0	0	0	0	0	0	0	0
XCHTIME	1310	2	4	954648	71417	11803	11497	292	859639	134713529347648	134713329837856	37028
XCHTIME	0	0	0	0	0	0	0	0	0	0	0	0
XCHTIME	1310	2	6	8177552	5114	4644	16586	853	8150355	134713529347648	134713329837856	37028
XCHTIME	0	0	0	0	0	0	0	0	0	0	0	0
XCHTIME	1310	2	5	3570835	11545	9813	10500	606	3538371	134713529347648	134713329837856	37028
XCHTIME	0	0	0	0	0	0	0	0	0	0	0	0
XCHTIME	1310	3	15	16689440	8688	6422	18282	1270	16654778	134713529347648	134713329837856	37028
LADGATE	1310	10000	0.129	1
XCHTIME	0	0	0	0	0	0	0	0	0	0	0	0
XCHTIME	1310	4	10	1711779	15025	14083	18546	714	1663411	134713529347648	134713329837856	37028
XCHTIME	0	0	0	0	0	0	0	0	0	0	0	0
XCHTIME	1310	4	66	5971091	8910	7720	37914	3738	5912809	134713529347648	134713329837856	37028
XCHTIME	0	0	0	0	0	0	0	0	0	0	0	0
XCHTIME	1310	4	15	3686305	14015	7633	18773	883	3645001	134713529347648	134713329837856	37028
XCHTIME	0	0	0	0	0	0	0	0	0	0	0	0
XCHTIME	1310	4	10	1693056	9173	5323	17430	611	1660519	134713529347648	134713329837856	37028
XCHTIME	0	0	0	0	0	0	0	0	0	0	0	0
XCHTIME	1310	3	15	16760560	7655	4200	20772	1157	16726776	134713529347648	134713329837856	37028
XCHTIME	0	0	0	0	0	0	0	0	0	0	0	0
XCHTIME	1310	4	11	1200970	11417	9614	17863	669	1161407	134713529347648	134713329837856	37028
XCHTIME	0	0	0	0	0	0	0	0	0	0	0	0
XCHTIME	1310	4	14	6982084	8671	4891	18505	888	6949129	134713529347648	134713329837856	37028
XCHTIME	0	0	0	0	0	0	0	0	0	0	0	0
XCHTIME	1310	4	13	13048651	9725	5737	19270	888	13013031	134713529347648	134713329837856	37028
XCHTIME	0	0	0	0	0	0	0	0	0	0	0	0
XCHTIME	1310	1	0	18071067	9648	6971	4363	0	18050085	134713529347648	134713329837856	37028
XCHTIME	0	0	0	0	0	0	0	0	0	0	0	0
XCHTIME	1310	4	6	981661	14863	21906	19394	404	925094	134713529347648	134713329837856	37028
LIFT	watercontamination0303r	1310	755	35918	755
COUNTS	watercontamination0303r	1310	37028	2171882	2171882
XCHTIME	0	0	0	0	0	0	0	0	0	0	0	0
XCHTIME	15	2	4	33798	1660	541	115	185	31297	134713534634720	134713537516752	36
XCHTIME	0	0	0	0	0	0	0	0	0	0	0	0
XCHTIME	15	2	6	296173	250	317	89	178	295339	134713534634720	134713537516752	36
XCHTIME	0	0	0	0	0	0	0	0	0	0	0	0
XCHTIME	15	2	5	102187	156	351	93	149	101438	134713534634720	134713537516752	36
XCHTIME	0	0	0	0	0	0	0	0	0	0	0	0
XCHTIME	15	4	18	601497	99	269	182	747	600200	134713534634720	134713537516752	36
LADGATE	15	10000	0.116	1
XCHTIME	0	0	0	0	0	0	0	0	0	0	0	0
XCHTIME	15	5	26	618990	339	339	199	752	617361	134713534634720	134713537516752	36
XCHTIME	0	0	0	0	0	0	0	0	0	0	0	0
XCHTIME	15	4	39	6865	93	310	140	1106	5216	134713534634720	134713537516752	36
XCHTIME	0	0	0	0	0	0	0	0	0	0	0	0
XCHTIME	15	4	15	112465	97	261	151	430	111526	134713534634720	134713537516752	36
XCHTIME	0	0	0	0	0	0	0	0	0	0	0	0
XCHTIME	15	4	10	71012	94	302	123	297	70196	134713534634720	134713537516752	36
XCHTIME	0	0	0	0	0	0	0	0	0	0	0	0
XCHTIME	15	4	18	601311	88	213	131	515	600364	134713534634720	134713537516752	36
XCHTIME	0	0	0	0	0	0	0	0	0	0	0	0
XCHTIME	15	4	11	41933	88	294	149	331	41071	134713534634720	134713537516752	36
XCHTIME	0	0	0	0	0	0	0	0	0	0	0	0
XCHTIME	15	4	14	178001	98	267	136	395	177105	134713534634720	134713537516752	36
XCHTIME	0	0	0	0	0	0	0	0	0	0	0	0
XCHTIME	15	4	13	389086	97	263	146	409	388171	134713534634720	134713537516752	36
XCHTIME	0	0	0	0	0	0	0	0	0	0	0	0
XCHTIME	15	4	16	2283081	78	236	166	445	2282156	134713534634720	134713537516752	36
XCHTIME	0	0	0	0	0	0	0	0	0	0	0	0
XCHTIME	15	4	6	29478	210	385	139	178	28566	134713534634720	134713537516752	36
COUNTS	ex9_2_4	15	36	117	117
XCHTIME	0	0	0	0	0	0	0	0	0	0	0	0
XCHTIME	163	2	4	163895	7281	712	479	211	155212	134713534046704	134713537663008	440
XCHTIME	0	0	0	0	0	0	0	0	0	0	0	0
XCHTIME	163	2	6	1237248	280	1227	597	235	1234909	134713534046704	134713537663008	440
XCHTIME	0	0	0	0	0	0	0	0	0	0	0	0
XCHTIME	163	2	5	443585	375	1022	464	179	441545	134713534046704	134713537663008	440
XCHTIME	0	0	0	0	0	0	0	0	0	0	0	0
XCHTIME	163	4	18	2789261	218	817	1029	809	2786388	134713534046704	134713537663008	440
LADGATE	163	10000	0.178	1
XCHTIME	0	0	0	0	0	0	0	0	0	0	0	0
XCHTIME	163	5	26	3271199	514	975	1273	1083	3267354	134713534046704	134713537663008	440
XCHTIME	0	0	0	0	0	0	0	0	0	0	0	0
XCHTIME	163	4	66	1769831	616	836	767	2096	1765516	134713534046704	134713537663008	440
XCHTIME	0	0	0	0	0	0	0	0	0	0	0	0
XCHTIME	163	4	15	464668	396	1284	1140	575	461273	134713534046704	134713537663008	440
XCHTIME	0	0	0	0	0	0	0	0	0	0	0	0
XCHTIME	163	4	10	279032	273	717	763	310	276969	134713534046704	134713537663008	440
XCHTIME	0	0	0	0	0	0	0	0	0	0	0	0
XCHTIME	163	4	18	2816773	187	710	963	754	2814159	134713534046704	134713537663008	440
XCHTIME	0	0	0	0	0	0	0	0	0	0	0	0
XCHTIME	163	4	11	152765	235	949	735	414	150432	134713534046704	134713537663008	440
XCHTIME	0	0	0	0	0	0	0	0	0	0	0	0
XCHTIME	163	4	14	823021	175	607	872	638	820729	134713534046704	134713537663008	440
XCHTIME	0	0	0	0	0	0	0	0	0	0	0	0
XCHTIME	163	4	13	1401347	376	681	801	506	1398983	134713534046704	134713537663008	440
XCHTIME	0	0	0	0	0	0	0	0	0	0	0	0
XCHTIME	163	4	16	7051399	229	729	1287	652	7048502	134713534046704	134713537663008	440
XCHTIME	0	0	0	0	0	0	0	0	0	0	0	0
XCHTIME	163	4	6	99526	402	1338	787	204	96795	134713534046704	134713537663008	440
LIFT	sssd15-04	163	47	240	47
COUNTS	sssd15-04	163	440	1625	1625
COUNTS	autocorr_bern35-35fix	38	1264	16214	16214
XCHTIME	0	0	0	0	0	0	0	0	0	0	0	0
XCHTIME	1491	2	4	1913050	31668	5642	10886	331	1864523	134713529325280	134713540121344	4500
XCHTIME	0	0	0	0	0	0	0	0	0	0	0	0
XCHTIME	1491	1	0	6271162	1120	5395	5320	0	6259327	134713529325280	134713540121344	4500
XCHTIME	0	0	0	0	0	0	0	0	0	0	0	0
XCHTIME	1491	2	5	5048471	2633	16752	16092	447	5012547	134713529325280	134713540121344	4500
XCHTIME	0	0	0	0	0	0	0	0	0	0	0	0
XCHTIME	1491	3	15	13060714	2146	7368	30622	1330	13019248	134713529325280	134713540121344	4500
LADGATE	1491	10000	0.338	1
XCHTIME	0	0	0	0	0	0	0	0	0	0	0	0
XCHTIME	1491	5	26	36829754	2701	9582	56066	2366	36759039	134713529325280	134713540121344	4500
XCHTIME	0	0	0	0	0	0	0	0	0	0	0	0
XCHTIME	1491	2	19	6468051	2181	14514	25767	1250	6424339	134713529325280	134713540121344	4500
XCHTIME	0	0	0	0	0	0	0	0	0	0	0	0
XCHTIME	1491	4	15	5608320	3066	7660	23869	1240	5572485	134713529325280	134713540121344	4500
XCHTIME	0	0	0	0	0	0	0	0	0	0	0	0
XCHTIME	1491	4	10	3431896	1454	6231	22310	783	3401118	134713529325280	134713540121344	4500
XCHTIME	0	0	0	0	0	0	0	0	0	0	0	0
XCHTIME	1491	3	15	13083056	1030	5563	30255	1160	13045048	134713529325280	134713540121344	4500
XCHTIME	0	0	0	0	0	0	0	0	0	0	0	0
XCHTIME	1491	4	11	2186172	2045	7546	21636	913	2154032	134713529325280	134713540121344	4500
XCHTIME	0	0	0	0	0	0	0	0	0	0	0	0
XCHTIME	1491	4	14	11004396	1077	5323	22257	1189	10974550	134713529325280	134713540121344	4500
XCHTIME	0	0	0	0	0	0	0	0	0	0	0	0
XCHTIME	1491	3	12	13194821	1820	5743	19710	1005	13166543	134713529325280	134713540121344	4500
XCHTIME	0	0	0	0	0	0	0	0	0	0	0	0
XCHTIME	1491	1	0	12494226	1335	7814	5525	0	12479552	134713529325280	134713540121344	4500
XCHTIME	0	0	0	0	0	0	0	0	0	0	0	0
XCHTIME	1491	4	6	1442704	2858	25092	31502	509	1382743	134713529325280	134713540121344	4500
LIFT	sfacloc2_4_90	1491	775	3282	775
COUNTS	sfacloc2_4_90	1491	4500	31682	28843
LIFT	cont6-qq	120395	79800	397602	79800
COUNTS	cont6-qq	120395	557994	835894090	581918900
XCHTIME	0	0	0	0	0	0	0	0	0	0	0	0
XCHTIME	5205	1	0	2085203	881178	248610	232761	0	722654	134713330220848	134713565771760	174804
XCHTIME	0	0	0	0	0	0	0	0	0	0	0	0
XCHTIME	5205	1	0	1568732	81603	242370	219415	0	1025344	134713330220848	134713565771760	174804
XCHTIME	0	0	0	0	0	0	0	0	0	0	0	0
XCHTIME	5205	1	0	1253380	79249	224806	218703	0	730622	134713330220848	134713565771760	174804
XCHTIME	0	0	0	0	0	0	0	0	0	0	0	0
XCHTIME	5205	2	5	5157117	73941	219513	444170	1685	4417808	134713330220848	134713565771760	174804
LADGATE	5205	10000	0.136	1
XCHTIME	0	0	0	0	0	0	0	0	0	0	0	0
XCHTIME	5205	4	10	8340958	83430	266478	815000	3111	7172939	134713330220848	134713565771760	174804
XCHTIME	0	0	0	0	0	0	0	0	0	0	0	0
XCHTIME	5205	1	0	4147299	80624	255669	228144	0	3582862	134713330220848	134713565771760	174804
XCHTIME	0	0	0	0	0	0	0	0	0	0	0	0
XCHTIME	5205	1	0	2377245	79617	227441	219188	0	1850999	134713330220848	134713565771760	174804
XCHTIME	0	0	0	0	0	0	0	0	0	0	0	0
XCHTIME	5205	2	3	4278102	79942	235903	419767	1078	3541412	134713330220848	134713565771760	174804
XCHTIME	0	0	0	0	0	0	0	0	0	0	0	0
XCHTIME	5205	2	5	4673394	78332	219984	421505	1622	3951951	134713330220848	134713565771760	174804
XCHTIME	0	0	0	0	0	0	0	0	0	0	0	0
XCHTIME	5205	2	3	4521420	77670	222807	416640	1029	3803274	134713330220848	134713565771760	174804
XCHTIME	0	0	0	0	0	0	0	0	0	0	0	0
XCHTIME	5205	2	4	4616702	77891	224885	422599	1476	3889851	134713330220848	134713565771760	174804
XCHTIME	0	0	0	0	0	0	0	0	0	0	0	0
XCHTIME	5205	2	4	5683607	77160	220095	428853	1896	4955603	134713330220848	134713565771760	174804
XCHTIME	0	0	0	0	0	0	0	0	0	0	0	0
XCHTIME	5205	2	5	6760705	76526	221445	431077	1930	6029727	134713330220848	134713565771760	174804
XCHTIME	0	0	0	0	0	0	0	0	0	0	0	0
XCHTIME	5205	2	3	4454969	78281	231324	446328	1065	3697971	134713330220848	134713565771760	174804
LIFT	meanvar-orl400_05_e_7	5205	2803	170000	2803
COUNTS	meanvar-orl400_05_e_7	5205	174804	21939414	21935811
XCHTIME	0	0	0	0	0	0	0	0	0	0	0	0
XCHTIME	10017	1	0	4412792	2100110	948368	905930	0	458384	134713594878784	134713330262512	49624
XCHTIME	0	0	0	0	0	0	0	0	0	0	0	0
XCHTIME	10017	1	0	3407741	23272	963619	970409	0	1450441	134713594878784	134713330262512	49624
XCHTIME	0	0	0	0	0	0	0	0	0	0	0	0
XCHTIME	10017	1	0	2747148	29495	937770	935127	0	844756	134713594878784	134713330262512	49624
XCHTIME	0	0	0	0	0	0	0	0	0	0	0	0
XCHTIME	10017	1	0	9634411	22584	922567	1000506	0	7688754	134713594878784	134713330262512	49624
LADGATE	10017	10000	0.315	0
XCHTIME	0	0	0	0	0	0	0	0	0	0	0	0
XCHTIME	10017	5	26	50244236	24598	938268	4697389	19173	44564808	134713594878784	134713330262512	49624
XCHTIME	0	0	0	0	0	0	0	0	0	0	0	0
XCHTIME	10017	1	0	5494502	25269	974912	949709	0	3544612	134713594878784	134713330262512	49624
XCHTIME	0	0	0	0	0	0	0	0	0	0	0	0
XCHTIME	10017	1	0	4771841	24153	923866	935200	0	2888622	134713594878784	134713330262512	49624
XCHTIME	0	0	0	0	0	0	0	0	0	0	0	0
XCHTIME	10017	2	3	9051777	24610	935931	1824965	3082	6263189	134713594878784	134713330262512	49624
XCHTIME	0	0	0	0	0	0	0	0	0	0	0	0
XCHTIME	10017	1	0	9450907	24080	929524	907461	0	7589842	134713594878784	134713330262512	49624
XCHTIME	0	0	0	0	0	0	0	0	0	0	0	0
XCHTIME	10017	2	3	8962344	24762	931854	1853273	2754	6149701	134713594878784	134713330262512	49624
XCHTIME	0	0	0	0	0	0	0	0	0	0	0	0
XCHTIME	10017	1	0	9098071	24358	907989	915272	0	7250452	134713594878784	134713330262512	49624
XCHTIME	0	0	0	0	0	0	0	0	0	0	0	0
XCHTIME	10017	1	0	9916037	25085	925032	910279	0	8055641	134713594878784	134713330262512	49624
XCHTIME	0	0	0	0	0	0	0	0	0	0	0	0
XCHTIME	10017	1	0	9803316	24534	893172	908593	0	7977017	134713594878784	134713330262512	49624
XCHTIME	0	0	0	0	0	0	0	0	0	0	0	0
XCHTIME	10017	2	3	8904911	39424	938877	1890824	3246	6032540	134713594878784	134713330262512	49624
LIFT	glider400	10017	7609	43204	7609
COUNTS	glider400	10017	49624	373018	327407
XCHTIME	0	0	0	0	0	0	0	0	0	0	0	0
XCHTIME	4960	2	4	2731711	420393	261174	381595	1042	1667507	134713529358144	134713558084576	13792
XCHTIME	0	0	0	0	0	0	0	0	0	0	0	0
XCHTIME	4960	2	6	4149738	7754	181436	366190	1351	3593007	134713529358144	134713558084576	13792
XCHTIME	0	0	0	0	0	0	0	0	0	0	0	0
XCHTIME	4960	2	5	3282830	7508	185428	382366	1022	2706506	134713529358144	134713558084576	13792
XCHTIME	0	0	0	0	0	0	0	0	0	0	0	0
XCHTIME	4960	4	18	12466430	7677	194212	761046	4481	11499014	134713529358144	134713558084576	13792
LADGATE	4960	10000	0.629	1
XCHTIME	0	0	0	0	0	0	0	0	0	0	0	0
XCHTIME	4960	5	26	19087294	7768	236960	933001	6419	17903146	134713529358144	134713558084576	13792
XCHTIME	0	0	0	0	0	0	0	0	0	0	0	0
XCHTIME	4960	3	57	5192635	8056	207710	546651	9764	4420454	134713529358144	134713558084576	13792
XCHTIME	0	0	0	0	0	0	0	0	0	0	0	0
XCHTIME	4960	4	15	6179996	7808	187879	747517	4407	5232385	134713529358144	134713558084576	13792
XCHTIME	0	0	0	0	0	0	0	0	0	0	0	0
XCHTIME	4960	4	10	6278338	8072	177002	691213	2947	5399104	134713529358144	134713558084576	13792
XCHTIME	0	0	0	0	0	0	0	0	0	0	0	0
XCHTIME	4960	4	18	12404115	7859	175401	726812	4351	11489692	134713529358144	134713558084576	13792
XCHTIME	0	0	0	0	0	0	0	0	0	0	0	0
XCHTIME	4960	4	11	5808156	7409	190475	705370	3148	4901754	134713529358144	134713558084576	13792
XCHTIME	0	0	0	0	0	0	0	0	0	0	0	0
XCHTIME	4960	4	14	8867436	7606	180909	800454	3996	7874471	134713529358144	134713558084576	13792
XCHTIME	0	0	0	0	0	0	0	0	0	0	0	0
XCHTIME	4960	4	13	11226147	7983	212304	833804	4808	10167248	134713529358144	134713558084576	13792
XCHTIME	0	0	0	0	0	0	0	0	0	0	0	0
XCHTIME	4960	2	5	10702231	7738	197524	396251	1679	10099039	134713529358144	134713558084576	13792
XCHTIME	0	0	0	0	0	0	0	0	0	0	0	0
XCHTIME	4960	4	6	5460665	7416	193209	699030	2087	4558923	134713529358144	134713558084576	13792
LIFT	syn40m04m	4960	2524	9280	2524
COUNTS	syn40m04m	4960	13792	65982	63265
XCHTIME	0	0	0	0	0	0	0	0	0	0	0	0
XCHTIME	31	2	4	61539	3818	849	169	106	56597	134713528324560	134713540761568	72
XCHTIME	0	0	0	0	0	0	0	0	0	0	0	0
XCHTIME	31	2	6	315803	188	573	117	130	314795	134713528324560	134713540761568	72
XCHTIME	0	0	0	0	0	0	0	0	0	0	0	0
XCHTIME	31	2	5	131391	142	587	190	97	130375	134713528324560	134713540761568	72
XCHTIME	0	0	0	0	0	0	0	0	0	0	0	0
XCHTIME	31	4	18	627275	95	423	230	362	626165	134713528324560	134713540761568	72
LADGATE	31	10000	0.160	1
XCHTIME	0	0	0	0	0	0	0	0	0	0	0	0
XCHTIME	31	5	26	728734	221	857	378	578	726700	134713528324560	134713540761568	72
XCHTIME	0	0	0	0	0	0	0	0	0	0	0	0
XCHTIME	31	4	59	144844	142	578	220	1502	142402	134713528324560	134713540761568	72
XCHTIME	0	0	0	0	0	0	0	0	0	0	0	0
XCHTIME	31	4	15	145841	86	503	242	298	144712	134713528324560	134713540761568	72
XCHTIME	0	0	0	0	0	0	0	0	0	0	0	0
XCHTIME	31	4	10	102778	93	496	247	206	101736	134713528324560	134713540761568	72
XCHTIME	0	0	0	0	0	0	0	0	0	0	0	0
XCHTIME	31	4	18	604624	83	279	221	383	603658	134713528324560	134713540761568	72
XCHTIME	0	0	0	0	0	0	0	0	0	0	0	0
XCHTIME	31	4	11	73074	85	549	203	221	72016	134713528324560	134713540761568	72
XCHTIME	0	0	0	0	0	0	0	0	0	0	0	0
XCHTIME	31	4	14	207784	92	339	225	277	206851	134713528324560	134713540761568	72
XCHTIME	0	0	0	0	0	0	0	0	0	0	0	0
XCHTIME	31	4	13	332848	93	488	217	262	331788	134713528324560	134713540761568	72
XCHTIME	0	0	0	0	0	0	0	0	0	0	0	0
XCHTIME	31	4	16	2546955	139	361	290	347	2545818	134713528324560	134713540761568	72
XCHTIME	0	0	0	0	0	0	0	0	0	0	0	0
XCHTIME	31	4	6	37311	173	788	211	140	35999	134713528324560	134713540761568	72
COUNTS	ex2_1_3	31	72	189	189
XCHTIME	0	0	0	0	0	0	0	0	0	0	0	0
XCHTIME	705	2	4	1676092	151699	6687	4609	723	1512374	134713595070400	134713563674592	87496
XCHTIME	0	0	0	0	0	0	0	0	0	0	0	0
XCHTIME	705	2	6	9343460	23938	4154	6082	892	9308394	134713595070400	134713563674592	87496
XCHTIME	0	0	0	0	0	0	0	0	0	0	0	0
XCHTIME	705	2	5	4811249	31118	5948	4479	684	4769020	134713595070400	134713563674592	87496
XCHTIME	0	0	0	0	0	0	0	0	0	0	0	0
XCHTIME	705	3	15	18754096	24267	3857	6682	1984	18717306	134713595070400	134713563674592	87496
LADGATE	705	10000	0.518	1
XCHTIME	0	0	0	0	0	0	0	0	0	0	0	0
XCHTIME	705	4	10	3046554	34581	8608	7964	1359	2994042	134713595070400	134713563674592	87496
XCHTIME	0	0	0	0	0	0	0	0	0	0	0	0
XCHTIME	705	4	66	3821606	30662	7855	12026	15196	3755867	134713595070400	134713563674592	87496
XCHTIME	0	0	0	0	0	0	0	0	0	0	0	0
XCHTIME	705	4	15	5170526	33167	5012	7653	1950	5122744	134713595070400	134713563674592	87496
XCHTIME	0	0	0	0	0	0	0	0	0	0	0	0
XCHTIME	705	4	10	2928963	21352	3863	7227	1159	2895362	134713595070400	134713563674592	87496
XCHTIME	0	0	0	0	0	0	0	0	0	0	0	0
XCHTIME	705	3	15	18709943	17463	2513	6562	1970	18681435	134713595070400	134713563674592	87496
XCHTIME	0	0	0	0	0	0	0	0	0	0	0	0
XCHTIME	705	4	11	2514328	24657	4596	7234	1388	2476453	134713595070400	134713563674592	87496
XCHTIME	0	0	0	0	0	0	0	0	0	0	0	0
XCHTIME	705	4	14	9243626	17780	2315	7230	1621	9214680	134713595070400	134713563674592	87496
XCHTIME	0	0	0	0	0	0	0	0	0	0	0	0
XCHTIME	705	4	13	16703017	36687	3466	8021	1829	16653014	134713595070400	134713563674592	87496
XCHTIME	0	0	0	0	0	0	0	0	0	0	0	0
XCHTIME	705	1	0	18236454	23597	3454	1951	0	18207452	134713595070400	134713563674592	87496
XCHTIME	0	0	0	0	0	0	0	0	0	0	0	0
XCHTIME	705	4	6	2296507	41311	8274	7258	812	2238852	134713595070400	134713563674592	87496
LIFT	qapw	705	480	87046	480
COUNTS	qapw	705	87496	12183146	12183146
XCHTIME	0	0	0	0	0	0	0	0	0	0	0	0
XCHTIME	14	2	4	20547	1608	538	110	191	18100	134713537805328	134713540978384	60
XCHTIME	0	0	0	0	0	0	0	0	0	0	0	0
XCHTIME	14	2	6	167696	4036	289	89	191	163091	134713537805328	134713540978384	60
XCHTIME	0	0	0	0	0	0	0	0	0	0	0	0
XCHTIME	14	2	5	46956	137	344	88	154	46233	134713537805328	134713540978384	60
XCHTIME	0	0	0	0	0	0	0	0	0	0	0	0
XCHTIME	14	4	18	330050	136	319	149	635	328811	134713537805328	134713540978384	60
LADGATE	14	10000	0.112	1
XCHTIME	0	0	0	0	0	0	0	0	0	0	0	0
XCHTIME	14	4	10	38233	197	395	144	319	37178	134713537805328	134713540978384	60
XCHTIME	0	0	0	0	0	0	0	0	0	0	0	0
XCHTIME	14	4	37	1328961	125	325	170	1257	1327084	134713537805328	134713540978384	60
XCHTIME	0	0	0	0	0	0	0	0	0	0	0	0
XCHTIME	14	4	15	67488	300	334	142	479	66233	134713537805328	134713540978384	60
XCHTIME	0	0	0	0	0	0	0	0	0	0	0	0
XCHTIME	14	4	10	36141	120	326	126	277	35292	134713537805328	134713540978384	60
XCHTIME	0	0	0	0	0	0	0	0	0	0	0	0
XCHTIME	14	4	18	327859	102	270	136	598	326753	134713537805328	134713540978384	60
XCHTIME	0	0	0	0	0	0	0	0	0	0	0	0
XCHTIME	14	4	11	28767	88	242	136	317	27984	134713537805328	134713540978384	60
XCHTIME	0	0	0	0	0	0	0	0	0	0	0	0
XCHTIME	14	4	14	121820	80	242	115	416	120967	134713537805328	134713540978384	60
XCHTIME	0	0	0	0	0	0	0	0	0	0	0	0
XCHTIME	14	4	13	188535	84	206	139	389	187717	134713537805328	134713540978384	60
XCHTIME	0	0	0	0	0	0	0	0	0	0	0	0
XCHTIME	14	4	16	1981436	79	221	150	630	1980356	134713537805328	134713540978384	60
XCHTIME	0	0	0	0	0	0	0	0	0	0	0	0
XCHTIME	14	4	6	18688	187	391	155	215	17740	134713537805328	134713540978384	60
COUNTS	himmel11	14	60	198	198
XCHTIME	0	0	0	0	0	0	0	0	0	0	0	0
XCHTIME	1908	2	4	1922207	61770	10360	33372	356	1816349	134713558010448	134713558215664	5288
XCHTIME	0	0	0	0	0	0	0	0	0	0	0	0
XCHTIME	1908	2	6	6566959	2177	10545	34731	782	6518724	134713558010448	134713558215664	5288
XCHTIME	0	0	0	0	0	0	0	0	0	0	0	0
XCHTIME	1908	2	5	4937287	2933	20947	19989	497	4892921	134713558010448	134713558215664	5288
XCHTIME	0	0	0	0	0	0	0	0	0	0	0	0
XCHTIME	1908	3	15	13264981	2126	11151	58593	2372	13190739	134713558010448	134713558215664	5288
LADGATE	1908	10000	0.386	1
XCHTIME	0	0	0	0	0	0	0	0	0	0	0	0
XCHTIME	1908	5	26	32866485	3336	22599	110757	3222	32726571	134713558010448	134713558215664	5288
XCHTIME	0	0	0	0	0	0	0	0	0	0	0	0
XCHTIME	1908	2	19	6440894	3330	29546	42039	1781	6364198	134713558010448	134713558215664	5288
XCHTIME	0	0	0	0	0	0	0	0	0	0	0	0
XCHTIME	1908	4	15	5606021	3515	23613	41465	1234	5536194	134713558010448	134713558215664	5288
XCHTIME	0	0	0	0	0	0	0	0	0	0	0	0
XCHTIME	1908	4	10	3454406	2291	9880	37308	768	3404159	134713558010448	134713558215664	5288
XCHTIME	0	0	0	0	0	0	0	0	0	0	0	0
XCHTIME	1908	3	15	13498181	1836	9000	60248	1702	13425395	134713558010448	134713558215664	5288
XCHTIME	0	0	0	0	0	0	0	0	0	0	0	0
XCHTIME	1908	4	11	2484114	3370	27945	39250	731	2412818	134713558010448	134713558215664	5288
XCHTIME	0	0	0	0	0	0	0	0	0	0	0	0
XCHTIME	1908	4	14	8902403	2021	9940	46682	1316	8842444	134713558010448	134713558215664	5288
XCHTIME	0	0	0	0	0	0	0	0	0	0	0	0
XCHTIME	1908	4	13	13455488	1847	11949	54553	976	13386163	134713558010448	134713558215664	5288
XCHTIME	0	0	0	0	0	0	0	0	0	0	0	0
XCHTIME	1908	1	0	11756559	2557	17709	10190	0	11726103	134713558010448	134713558215664	5288
XCHTIME	0	0	0	0	0	0	0	0	0	0	0	0
XCHTIME	1908	4	6	1830552	3599	39292	41872	625	1745164	134713558010448	134713558215664	5288
LIFT	syn15m04m	1908	970	3540	970
COUNTS	syn15m04m	1908	5288	26094	25061
XCHTIME	0	0	0	0	0	0	0	0	0	0	0	0
XCHTIME	118	2	4	113643	6136	719	410	169	106209	134713537810880	134713529337232	654
XCHTIME	0	0	0	0	0	0	0	0	0	0	0	0
XCHTIME	118	2	6	1172030	269	963	289	164	1170345	134713537810880	134713529337232	654
XCHTIME	0	0	0	0	0	0	0	0	0	0	0	0
XCHTIME	118	2	5	243044	565	703	295	133	241348	134713537810880	134713529337232	654
XCHTIME	0	0	0	0	0	0	0	0	0	0	0	0
XCHTIME	118	4	18	2199665	220	748	661	486	2197550	134713537810880	134713529337232	654
LADGATE	118	10000	0.237	1
XCHTIME	0	0	0	0	0	0	0	0	0	0	0	0
XCHTIME	118	5	26	2644175	407	1295	773	651	2641049	134713537810880	134713529337232	654
XCHTIME	0	0	0	0	0	0	0	0	0	0	0	0
XCHTIME	118	4	66	1646106	221	655	638	1477	1643115	134713537810880	134713529337232	654
XCHTIME	0	0	0	0	0	0	0	0	0	0	0	0
XCHTIME	118	4	15	413791	223	736	598	331	411903	134713537810880	134713529337232	654
XCHTIME	0	0	0	0	0	0	0	0	0	0	0	0
XCHTIME	118	4	10	216861	204	747	539	215	215156	134713537810880	134713529337232	654
XCHTIME	0	0	0	0	0	0	0	0	0	0	0	0
XCHTIME	118	4	18	2173891	170	590	678	433	2172020	134713537810880	134713529337232	654
XCHTIME	0	0	0	0	0	0	0	0	0	0	0	0
XCHTIME	118	4	11	122941	180	691	543	265	121262	134713537810880	134713529337232	654
XCHTIME	0	0	0	0	0	0	0	0	0	0	0	0
XCHTIME	118	4	14	606056	188	551	608	311	604398	134713537810880	134713529337232	654
XCHTIME	0	0	0	0	0	0	0	0	0	0	0	0
XCHTIME	118	4	13	1061645	220	719	620	290	1059796	134713537810880	134713529337232	654
XCHTIME	0	0	0	0	0	0	0	0	0	0	0	0
XCHTIME	118	4	16	6971679	188	677	853	409	6969552	134713537810880	134713529337232	654
XCHTIME	0	0	0	0	0	0	0	0	0	0	0	0
XCHTIME	118	4	6	84906	383	915	534	154	82920	134713537810880	134713529337232	654
LIFT	pooling_rt2tp	118	66	554	66
COUNTS	pooling_rt2tp	118	654	5876	5796
XCHTIME	0	0	0	0	0	0	0	0	0	0	0	0
XCHTIME	333	2	4	449232	11119	1291	1108	191	435523	134713549916688	134713529756816	2204
XCHTIME	0	0	0	0	0	0	0	0	0	0	0	0
XCHTIME	333	2	6	4261893	674	1573	1323	230	4258093	134713549916688	134713529756816	2204
XCHTIME	0	0	0	0	0	0	0	0	0	0	0	0
XCHTIME	333	2	5	1329582	1032	2026	1086	211	1325227	134713549916688	134713529756816	2204
XCHTIME	0	0	0	0	0	0	0	0	0	0	0	0
XCHTIME	333	4	18	8634637	779	1514	2409	721	8629214	134713549916688	134713529756816	2204
LADGATE	333	10000	0.292	1
XCHTIME	0	0	0	0	0	0	0	0	0	0	0	0
XCHTIME	333	5	26	11139601	952	2368	3079	1103	11132099	134713549916688	134713529756816	2204
XCHTIME	0	0	0	0	0	0	0	0	0	0	0	0
XCHTIME	333	4	66	3484766	624	1405	3047	2193	3477497	134713549916688	134713529756816	2204
XCHTIME	0	0	0	0	0	0	0	0	0	0	0	0
XCHTIME	333	4	15	1503703	1177	2157	2518	570	1497281	134713549916688	134713529756816	2204
XCHTIME	0	0	0	0	0	0	0	0	0	0	0	0
XCHTIME	333	4	10	814534	635	1566	2243	425	809665	134713549916688	134713529756816	2204
XCHTIME	0	0	0	0	0	0	0	0	0	0	0	0
XCHTIME	333	4	18	8603050	517	1419	2513	703	8597898	134713549916688	134713529756816	2204
XCHTIME	0	0	0	0	0	0	0	0	0	0	0	0
XCHTIME	333	4	11	480163	624	1742	2009	413	475375	134713549916688	134713529756816	2204
XCHTIME	0	0	0	0	0	0	0	0	0	0	0	0
XCHTIME	333	4	14	2652119	410	1276	2209	511	2647713	134713549916688	134713529756816	2204
XCHTIME	0	0	0	0	0	0	0	0	0	0	0	0
XCHTIME	333	4	13	4751041	588	1439	2125	536	4746353	134713549916688	134713529756816	2204
XCHTIME	0	0	0	0	0	0	0	0	0	0	0	0
XCHTIME	333	3	15	20905973	536	1562	3230	668	20899977	134713549916688	134713529756816	2204
XCHTIME	0	0	0	0	0	0	0	0	0	0	0	0
XCHTIME	333	4	6	379247	1272	3021	2362	267	372325	134713549916688	134713529756816	2204
LIFT	waterund14	333	191	2068	191
COUNTS	waterund14	333	2204	200484	72184
XCHTIME	0	0	0	0	0	0	0	0	0	0	0	0
XCHTIME	17809	0	0	23987498	12879425	11108073	0	0	0	134713564945040	134713545930704	120632
XCHTIME	0	0	0	0	0	0	0	0	0	0	0	0
XCHTIME	17809	1	0	13125649	55832	10861931	1903905	0	303981	134713564945040	134713545930704	120632
XCHTIME	0	0	0	0	0	0	0	0	0	0	0	0
XCHTIME	17809	0	0	10880147	56815	10823332	0	0	0	134713564945040	134713545930704	120632
XCHTIME	0	0	0	0	0	0	0	0	0	0	0	0
XCHTIME	17809	1	0	18633928	53040	11053174	2010773	0	5516941	134713564945040	134713545930704	120632
LADGATE	17809	10000	1.088	0
XCHTIME	0	0	0	0	0	0	0	0	0	0	0	0
XCHTIME	17809	5	26	352972872	59635	10858879	9650308	14614	332389436	134713564945040	134713545930704	120632
LIFT	crudeoil_lee4_10	17809	10229	106656	10229
COUNTS	crudeoil_lee4_10	17809	120632	294531623	179065997
XCHTIME	0	0	0	0	0	0	0	0	0	0	0	0
XCHTIME	1294	2	4	1472616	31751	5783	10058	411	1424613	134713549444128	134713537373216	8302
XCHTIME	0	0	0	0	0	0	0	0	0	0	0	0
XCHTIME	1294	2	6	6649295	2295	6971	13241	736	6626052	134713549444128	134713537373216	8302
XCHTIME	0	0	0	0	0	0	0	0	0	0	0	0
XCHTIME	1294	2	5	3585466	2724	8185	8982	502	3565073	134713549444128	134713537373216	8302
XCHTIME	0	0	0	0	0	0	0	0	0	0	0	0
XCHTIME	1294	4	18	14014032	1914	5287	24604	1879	13980348	134713549444128	134713537373216	8302
LADGATE	1294	10000	0.490	1
XCHTIME	0	0	0	0	0	0	0	0	0	0	0	0
XCHTIME	1294	5	26	20965909	5093	11251	39062	2632	20907871	134713549444128	134713537373216	8302
XCHTIME	0	0	0	0	0	0	0	0	0	0	0	0
XCHTIME	1294	2	19	3992103	3842	9946	9782	1632	3966901	134713549444128	134713537373216	8302
XCHTIME	0	0	0	0	0	0	0	0	0	0	0	0
XCHTIME	1294	4	15	4223060	2013	5170	18456	1451	4195970	134713549444128	134713537373216	8302
XCHTIME	0	0	0	0	0	0	0	0	0	0	0	0
XCHTIME	1294	4	10	2810644	2607	4617	17560	1025	2784835	134713549444128	134713537373216	8302
XCHTIME	0	0	0	0	0	0	0	0	0	0	0	0
XCHTIME	1294	4	18	14031351	1527	4447	22649	1805	14000923	134713549444128	134713537373216	8302
XCHTIME	0	0	0	0	0	0	0	0	0	0	0	0
XCHTIME	1294	4	11	1687625	2696	6684	17561	1033	1659651	134713549444128	134713537373216	8302
XCHTIME	0	0	0	0	0	0	0	0	0	0	0	0
XCHTIME	1294	4	14	6966922	1686	4170	17287	1401	6942378	134713549444128	134713537373216	8302
XCHTIME	0	0	0	0	0	0	0	0	0	0	0	0
XCHTIME	1294	4	13	10393557	1614	4505	19235	1365	10366838	134713549444128	134713537373216	8302
XCHTIME	0	0	0	0	0	0	0	0	0	0	0	0
XCHTIME	1294	2	5	14552989	2617	5520	22192	667	14521993	134713549444128	134713537373216	8302
XCHTIME	0	0	0	0	0	0	0	0	0	0	0	0
XCHTIME	1294	4	6	1244202	4120	14977	18842	562	1205701	134713549444128	134713537373216	8302
LIFT	pooling_foulds4pq	1294	723	7208	723
COUNTS	pooling_foulds4pq	1294	8302	138692	138540
XCHTIME	0	0	0	0	0	0	0	0	0	0	0	0
XCHTIME	3097	2	4	3877219	1893397	84762	84143	535	1814382	134713540991760	134713564723184	19664
XCHTIME	0	0	0	0	0	0	0	0	0	0	0	0
XCHTIME	3097	1	0	3057583	7128	43257	40932	0	2966266	134713540991760	134713564723184	19664
XCHTIME	0	0	0	0	0	0	0	0	0	0	0	0
XCHTIME	3097	2	5	2651944	8771	60444	76989	714	2505026	134713540991760	134713564723184	19664
XCHTIME	0	0	0	0	0	0	0	0	0	0	0	0
XCHTIME	3097	4	18	10811755	6259	41905	167101	2514	10593976	134713540991760	134713564723184	19664
LADGATE	3097	10000	0.335	1
XCHTIME	0	0	0	0	0	0	0	0	0	0	0	0
XCHTIME	3097	5	26	14174755	8523	84975	230515	3931	13846811	134713540991760	134713564723184	19664
XCHTIME	0	0	0	0	0	0	0	0	0	0	0	0
XCHTIME	3097	4	66	4669759	8950	62350	156408	7015	4435036	134713540991760	134713564723184	19664
XCHTIME	0	0	0	0	0	0	0	0	0	0	0	0
XCHTIME	3097	4	15	4223344	7277	48002	149067	1903	4017095	134713540991760	134713564723184	19664
XCHTIME	0	0	0	0	0	0	0	0	0	0	0	0
XCHTIME	3097	4	10	3730977	7166	43354	194260	1817	3484380	134713540991760	134713564723184	19664
XCHTIME	0	0	0	0	0	0	0	0	0	0	0	0
XCHTIME	3097	4	18	10917460	7072	40222	182303	2812	10685051	134713540991760	134713564723184	19664
XCHTIME	0	0	0	0	0	0	0	0	0	0	0	0
XCHTIME	3097	4	11	3493841	6938	46457	151964	1408	3287074	134713540991760	134713564723184	19664
XCHTIME	0	0	0	0	0	0	0	0	0	0	0	0
XCHTIME	3097	4	14	5490087	6368	39885	154447	1812	5287575	134713540991760	134713564723184	19664
XCHTIME	0	0	0	0	0	0	0	0	0	0	0	0
XCHTIME	3097	4	13	7240145	6627	41114	162149	1814	7028441	134713540991760	134713564723184	19664
XCHTIME	0	0	0	0	0	0	0	0	0	0	0	0
XCHTIME	3097	2	5	11387746	8878	50131	121656	903	11206178	134713540991760	134713564723184	19664
XCHTIME	0	0	0	0	0	0	0	0	0	0	0	0
XCHTIME	3097	4	6	3325639	8004	59329	148574	755	3108977	134713540991760	134713564723184	19664
LIFT	edgecross14-156	3097	1641	21120	1641
COUNTS	edgecross14-156	3097	19664	1487933	1376964
XCHTIME	0	0	0	0	0	0	0	0	0	0	0	0
XCHTIME	72	2	4	137551	4930	565	332	135	131589	134713539297456	134713557579952	668
XCHTIME	0	0	0	0	0	0	0	0	0	0	0	0
XCHTIME	72	2	6	1692496	238	671	250	159	1691178	134713539297456	134713557579952	668
XCHTIME	0	0	0	0	0	0	0	0	0	0	0	0
XCHTIME	72	2	5	442796	259	692	251	144	441450	134713539297456	134713557579952	668
XCHTIME	0	0	0	0	0	0	0	0	0	0	0	0
XCHTIME	72	4	18	3070606	216	668	454	435	3068833	134713539297456	134713557579952	668
LADGATE	72	10000	0.206	1
XCHTIME	0	0	0	0	0	0	0	0	0	0	0	0
XCHTIME	72	5	26	3778642	491	1377	618	727	3775429	134713539297456	134713557579952	668
XCHTIME	0	0	0	0	0	0	0	0	0	0	0	0
XCHTIME	72	4	66	27961	229	663	451	2275	24343	134713539297456	134713557579952	668
XCHTIME	0	0	0	0	0	0	0	0	0	0	0	0
XCHTIME	72	4	15	448681	182	838	432	322	446907	134713539297456	134713557579952	668
XCHTIME	0	0	0	0	0	0	0	0	0	0	0	0
XCHTIME	72	4	10	221714	200	768	408	249	220089	134713539297456	134713557579952	668
XCHTIME	0	0	0	0	0	0	0	0	0	0	0	0
XCHTIME	72	4	18	3043083	184	581	445	541	3041332	134713539297456	134713557579952	668
XCHTIME	0	0	0	0	0	0	0	0	0	0	0	0
XCHTIME	72	4	11	108742	214	632	362	309	107225	134713539297456	134713557579952	668
XCHTIME	0	0	0	0	0	0	0	0	0	0	0	0
XCHTIME	72	4	14	869310	166	511	368	286	867979	134713539297456	134713557579952	668
XCHTIME	0	0	0	0	0	0	0	0	0	0	0	0
XCHTIME	72	4	13	1538961	235	851	483	365	1537027	134713539297456	134713557579952	668
XCHTIME	0	0	0	0	0	0	0	0	0	0	0	0
XCHTIME	72	4	16	10676252	177	608	858	431	10674178	134713539297456	134713557579952	668
XCHTIME	0	0	0	0	0	0	0	0	0	0	0	0
XCHTIME	72	4	6	59500	797	1048	374	178	57103	134713539297456	134713557579952	668
LIFT	tspn08	72	34	646	34
COUNTS	tspn08	72	668	11074	7600
XCHTIME	0	0	0	0	0	0	0	0	0	0	0	0
XCHTIME	4225	1	0	2635456	315752	136334	130453	0	2052917	134713595338224	134713594491904	14628
XCHTIME	0	0	0	0	0	0	0	0	0	0	0	0
XCHTIME	4225	1	0	4382500	8091	137702	124997	0	4111710	134713595338224	134713594491904	14628
XCHTIME	0	0	0	0	0	0	0	0	0	0	0	0
XCHTIME	4225	1	0	3485537	7247	139714	120541	0	3218035	134713595338224	134713594491904	14628
XCHTIME	0	0	0	0	0	0	0	0	0	0	0	0
XCHTIME	4225	1	0	11889524	6941	128127	126611	0	11627845	134713595338224	134713594491904	14628
LADGATE	4225	10000	0.616	1
XCHTIME	0	0	0	0	0	0	0	0	0	0	0	0
XCHTIME	4225	5	26	67136355	7809	171281	655916	3843	66297506	134713595338224	134713594491904	14628
XCHTIME	0	0	0	0	0	0	0	0	0	0	0	0
XCHTIME	4225	1	0	4403835	8109	153889	115159	0	4126678	134713595338224	134713594491904	14628
XCHTIME	0	0	0	0	0	0	0	0	0	0	0	0
XCHTIME	4225	2	4	6048011	7172	124648	223504	682	5692005	134713595338224	134713594491904	14628
XCHTIME	0	0	0	0	0	0	0	0	0	0	0	0
XCHTIME	4225	4	10	10178773	7004	120142	411376	1473	9638778	134713595338224	134713594491904	14628
XCHTIME	0	0	0	0	0	0	0	0	0	0	0	0
XCHTIME	4225	1	0	10653426	7941	135991	111455	0	10398039	134713595338224	134713594491904	14628
XCHTIME	0	0	0	0	0	0	0	0	0	0	0	0
XCHTIME	4225	4	11	8335962	6937	134603	412932	1821	7779669	134713595338224	134713594491904	14628
XCHTIME	0	0	0	0	0	0	0	0	0	0	0	0
XCHTIME	4225	3	12	11953522	6854	117910	335378	1698	11491682	134713595338224	134713594491904	14628
XCHTIME	0	0	0	0	0	0	0	0	0	0	0	0
XCHTIME	4225	2	4	11364234	7674	128478	234329	680	10993073	134713595338224	134713594491904	14628
XCHTIME	0	0	0	0	0	0	0	0	0	0	0	0
XCHTIME	4225	1	0	9150174	7516	130488	108111	0	8904059	134713595338224	134713594491904	14628
XCHTIME	0	0	0	0	0	0	0	0	0	0	0	0
XCHTIME	4225	4	6	7091296	6145	146181	434421	1231	6503318	134713595338224	134713594491904	14628
LIFT	crudeoil_li05	4225	2656	17380	2656
COUNTS	crudeoil_li05	4225	14628	680022	533453
XCHTIME	0	0	0	0	0	0	0	0	0	0	0	0
XCHTIME	14416	0	0	15300363	7697732	7602631	0	0	0	134713594614800	134713565087536	41068
XCHTIME	0	0	0	0	0	0	0	0	0	0	0	0
XCHTIME	14416	1	0	5860532	19551	3833502	1226651	0	780828	134713594614800	134713565087536	41068
XCHTIME	0	0	0	0	0	0	0	0	0	0	0	0
XCHTIME	14416	1	0	2939631	20937	1244043	1219487	0	455164	134713594614800	134713565087536	41068
XCHTIME	0	0	0	0	0	0	0	0	0	0	0	0
XCHTIME	14416	1	0	9573808	20613	1240213	1204425	0	7108557	134713594614800	134713565087536	41068
LADGATE	14416	10000	0.657	0
XCHTIME	0	0	0	0	0	0	0	0	0	0	0	0
XCHTIME	14416	5	26	248817273	22814	1260525	6237137	15024	241281773	134713594614800	134713565087536	41068
XCHTIME	0	0	0	0	0	0	0	0	0	0	0	0
XCHTIME	14416	1	0	5132007	23906	1278633	1235695	0	2593773	134713594614800	134713565087536	41068
XCHTIME	0	0	0	0	0	0	0	0	0	0	0	0
XCHTIME	14416	1	0	5146491	24141	1249454	1220400	0	2652496	134713594614800	134713565087536	41068
XCHTIME	0	0	0	0	0	0	0	0	0	0	0	0
XCHTIME	14416	1	0	9873450	23525	1251944	1204437	0	7393544	134713594614800	134713565087536	41068
XCHTIME	0	0	0	0	0	0	0	0	0	0	0	0
XCHTIME	14416	1	0	9844100	22368	1267021	1209629	0	7345082	134713594614800	134713565087536	41068
XCHTIME	0	0	0	0	0	0	0	0	0	0	0	0
XCHTIME	14416	1	0	9887693	24481	1258613	1208463	0	7396136	134713594614800	134713565087536	41068
XCHTIME	0	0	0	0	0	0	0	0	0	0	0	0
XCHTIME	14416	1	0	9947098	26442	1308351	1219286	0	7393019	134713594614800	134713565087536	41068
XCHTIME	0	0	0	0	0	0	0	0	0	0	0	0
XCHTIME	14416	1	0	9882074	24313	1270025	1210971	0	7376765	134713594614800	134713565087536	41068
XCHTIME	0	0	0	0	0	0	0	0	0	0	0	0
XCHTIME	14416	1	0	9882000	23577	1269973	1201066	0	7387384	134713594614800	134713565087536	41068
XCHTIME	0	0	0	0	0	0	0	0	0	0	0	0
XCHTIME	14416	1	0	9890610	23401	1259174	1209006	0	7399029	134713594614800	134713565087536	41068
LIFT	procurement1large	14416	6606	28248	6606
COUNTS	procurement1large	14416	41068	13858240	7313217
XCHTIME	0	0	0	0	0	0	0	0	0	0	0	0
XCHTIME	1428	2	4	1186296	30326	5721	10509	363	1139377	134713549454496	134713529397840	4548
XCHTIME	0	0	0	0	0	0	0	0	0	0	0	0
XCHTIME	1428	2	6	7228282	1146	5057	15009	520	7206550	134713549454496	134713529397840	4548
XCHTIME	0	0	0	0	0	0	0	0	0	0	0	0
XCHTIME	1428	2	5	3203582	2552	11589	11053	416	3177972	134713549454496	134713529397840	4548
XCHTIME	0	0	0	0	0	0	0	0	0	0	0	0
XCHTIME	1428	4	18	15343327	1627	5259	30019	1567	15304855	134713549454496	134713529397840	4548
LADGATE	1428	10000	0.323	1
XCHTIME	0	0	0	0	0	0	0	0	0	0	0	0
XCHTIME	1428	5	26	24819151	2775	12590	46894	2223	24754669	134713549454496	134713529397840	4548
XCHTIME	0	0	0	0	0	0	0	0	0	0	0	0
XCHTIME	1428	2	19	5545302	2558	12539	17431	1184	5511590	134713549454496	134713529397840	4548
XCHTIME	0	0	0	0	0	0	0	0	0	0	0	0
XCHTIME	1428	4	15	3973904	3279	24763	36325	1231	3908306	134713549454496	134713529397840	4548
XCHTIME	0	0	0	0	0	0	0	0	0	0	0	0
XCHTIME	1428	4	10	2338001	2606	8591	22775	829	2303200	134713549454496	134713529397840	4548
XCHTIME	0	0	0	0	0	0	0	0	0	0	0	0
XCHTIME	1428	4	18	15552250	2087	5458	43497	1532	15499676	134713549454496	134713529397840	4548
XCHTIME	0	0	0	0	0	0	0	0	0	0	0	0
XCHTIME	1428	4	11	1512837	3048	12047	25419	1067	1471256	134713549454496	134713529397840	4548
XCHTIME	0	0	0	0	0	0	0	0	0	0	0	0
XCHTIME	1428	4	14	6567634	1714	5920	23979	981	6535040	134713549454496	134713529397840	4548
XCHTIME	0	0	0	0	0	0	0	0	0	0	0	0
XCHTIME	1428	4	13	10743824	2185	6724	32657	1074	10701184	134713549454496	134713529397840	4548
XCHTIME	0	0	0	0	0	0	0	0	0	0	0	0
XCHTIME	1428	1	0	14917548	2597	8467	5271	0	14901213	134713549454496	134713529397840	4548
XCHTIME	0	0	0	0	0	0	0	0	0	0	0	0
XCHTIME	1428	4	6	1241575	3549	28224	31604	539	1177659	134713549454496	134713529397840	4548
LIFT	blend721	1428	829	3334	829
COUNTS	blend721	1428	4548	77560	66143
XCHTIME	0	0	0	0	0	0	0	0	0	0	0	0
XCHTIME	2031	1	0	4368229	1164831	49833	16657	0	3136908	134713541580784	134713565611840	10878
XCHTIME	0	0	0	0	0	0	0	0	0	0	0	0
XCHTIME	2031	1	0	7454503	3677	19571	10868	0	7420387	134713541580784	134713565611840	10878
XCHTIME	0	0	0	0	0	0	0	0	0	0	0	0
XCHTIME	2031	1	0	5600972	5000	38715	15758	0	5541499	134713541580784	134713565611840	10878
XCHTIME	0	0	0	0	0	0	0	0	0	0	0	0
XCHTIME	2031	1	0	14987463	3954	22312	13607	0	14947590	134713541580784	134713565611840	10878
LADGATE	2031	10000	1.134	1
XCHTIME	0	0	0	0	0	0	0	0	0	0	0	0
XCHTIME	2031	5	26	159705198	5301	26302	152785	6779	159514031	134713541580784	134713565611840	10878
XCHTIME	0	0	0	0	0	0	0	0	0	0	0	0
XCHTIME	2031	1	0	5960552	5529	40475	15387	0	5899161	134713541580784	134713565611840	10878
XCHTIME	0	0	0	0	0	0	0	0	0	0	0	0
XCHTIME	2031	2	4	7063196	5814	41069	33149	981	6982183	134713541580784	134713565611840	10878
XCHTIME	0	0	0	0	0	0	0	0	0	0	0	0
XCHTIME	2031	4	10	12389220	4083	15346	49348	2418	12318025	134713541580784	134713565611840	10878
XCHTIME	0	0	0	0	0	0	0	0	0	0	0	0
XCHTIME	2031	1	0	15091167	3696	12274	10878	0	15064319	134713541580784	134713565611840	10878
XCHTIME	0	0	0	0	0	0	0	0	0	0	0	0
XCHTIME	2031	4	11	8251696	5036	35513	60199	2762	8148186	134713541580784	134713565611840	10878
XCHTIME	0	0	0	0	0	0	0	0	0	0	0	0
XCHTIME	2031	2	4	14883100	4142	13437	27431	827	14837263	134713541580784	134713565611840	10878
XCHTIME	0	0	0	0	0	0	0	0	0	0	0	0
XCHTIME	2031	1	0	15049060	4861	21473	12822	0	15009904	134713541580784	134713565611840	10878
XCHTIME	0	0	0	0	0	0	0	0	0	0	0	0
XCHTIME	2031	1	0	15407835	4716	24962	13019	0	15365138	134713541580784	134713565611840	10878
XCHTIME	0	0	0	0	0	0	0	0	0	0	0	0
XCHTIME	2031	4	6	5545568	5941	43138	60030	1281	5435178	134713541580784	134713565611840	10878
LIFT	chimera_selby-c16-02	2031	1436	15878	1436
COUNTS	chimera_selby-c16-02	2031	10878	4280329	2297782
XCHTIME	0	0	0	0	0	0	0	0	0	0	0	0
XCHTIME	16640	0	0	20232226	10444521	9787705	0	0	0	134713544885520	134713568475152	57800
XCHTIME	0	0	0	0	0	0	0	0	0	0	0	0
XCHTIME	16640	1	0	11500891	27934	9610363	1647474	0	215120	134713544885520	134713568475152	57800
XCHTIME	0	0	0	0	0	0	0	0	0	0	0	0
XCHTIME	16640	1	0	11218301	27617	9533449	1645847	0	11388	134713544885520	134713568475152	57800
XCHTIME	0	0	0	0	0	0	0	0	0	0	0	0
XCHTIME	16640	1	0	16355817	27583	9596472	1696815	0	5034947	134713544885520	134713568475152	57800
LADGATE	16640	10000	0.449	0
XCHTIME	0	0	0	0	0	0	0	0	0	0	0	0
XCHTIME	16640	5	26	78484412	31879	9491393	8384643	31740	60544757	134713544885520	134713568475152	57800
XCHTIME	0	0	0	0	0	0	0	0	0	0	0	0
XCHTIME	16640	1	0	11835636	31047	9622158	1655896	0	526535	134713544885520	134713568475152	57800
XCHTIME	0	0	0	0	0	0	0	0	0	0	0	0
XCHTIME	16640	1	0	12394270	29141	9458413	1680861	0	1225855	134713544885520	134713568475152	57800
XCHTIME	0	0	0	0	0	0	0	0	0	0	0	0
XCHTIME	16640	1	0	16242912	30451	9541595	1603939	0	5066927	134713544885520	134713568475152	57800
XCHTIME	0	0	0	0	0	0	0	0	0	0	0	0
XCHTIME	16640	1	0	16211467	40657	9545618	1657169	0	4968023	134713544885520	134713568475152	57800
XCHTIME	0	0	0	0	0	0	0	0	0	0	0	0
XCHTIME	16640	1	0	16167916	29573	9463187	1639247	0	5035909	134713544885520	134713568475152	57800
XCHTIME	0	0	0	0	0	0	0	0	0	0	0	0
XCHTIME	16640	1	0	16129686	30179	9520953	1606781	0	4971773	134713544885520	134713568475152	57800
XCHTIME	0	0	0	0	0	0	0	0	0	0	0	0
XCHTIME	16640	1	0	16280965	30044	9414890	1697181	0	5138850	134713544885520	134713568475152	57800
XCHTIME	0	0	0	0	0	0	0	0	0	0	0	0
XCHTIME	16640	1	0	16413412	54380	9444359	1618209	0	5296464	134713544885520	134713568475152	57800
XCHTIME	0	0	0	0	0	0	0	0	0	0	0	0
XCHTIME	16640	1	0	16210638	30894	9532078	1631710	0	5015956	134713544885520	134713568475152	57800
LIFT	supplychainr1_053050	16640	9640	44160	9640
COUNTS	supplychainr1_053050	16640	57800	2173490	2173490
XCHTIME	0	0	0	0	0	0	0	0	0	0	0	0
XCHTIME	5067	1	0	2460915	440213	192933	206946	0	1620823	134713594769568	134713330786816	21424
XCHTIME	0	0	0	0	0	0	0	0	0	0	0	0
XCHTIME	5067	1	0	3512772	9785	196870	198556	0	3107561	134713594769568	134713330786816	21424
XCHTIME	0	0	0	0	0	0	0	0	0	0	0	0
XCHTIME	5067	1	0	2546876	10113	206958	195297	0	2134508	134713594769568	134713330786816	21424
XCHTIME	0	0	0	0	0	0	0	0	0	0	0	0
XCHTIME	5067	2	5	10357550	9425	190169	417442	2050	9738464	134713594769568	134713330786816	21424
LADGATE	5067	10000	0.746	1
XCHTIME	0	0	0	0	0	0	0	0	0	0	0	0
XCHTIME	5067	5	26	24813285	11082	243068	1010141	8455	23540539	134713594769568	134713330786816	21424
XCHTIME	0	0	0	0	0	0	0	0	0	0	0	0
XCHTIME	5067	1	0	4860281	10966	215685	199241	0	4434389	134713594769568	134713330786816	21424
XCHTIME	0	0	0	0	0	0	0	0	0	0	0	0
XCHTIME	5067	3	12	5678167	10002	231307	584305	3513	4849040	134713594769568	134713330786816	21424
XCHTIME	0	0	0	0	0	0	0	0	0	0	0	0
XCHTIME	5067	4	10	8077851	9896	203339	735876	3160	7125580	134713594769568	134713330786816	21424
XCHTIME	0	0	0	0	0	0	0	0	0	0	0	0
XCHTIME	5067	2	5	10070853	9173	191070	412846	1540	9456224	134713594769568	134713330786816	21424
XCHTIME	0	0	0	0	0	0	0	0	0	0	0	0
XCHTIME	5067	4	11	8252329	9830	205808	903690	4598	7128403	134713594769568	134713330786816	21424
XCHTIME	0	0	0	0	0	0	0	0	0	0	0	0
XCHTIME	5067	4	14	10201190	10630	201802	762302	4774	9221682	134713594769568	134713330786816	21424
XCHTIME	0	0	0	0	0	0	0	0	0	0	0	0
XCHTIME	5067	3	12	10782652	9837	200919	580613	4082	9987201	134713594769568	134713330786816	21424
XCHTIME	0	0	0	0	0	0	0	0	0	0	0	0
XCHTIME	5067	1	0	9284098	10714	209021	204472	0	8859891	134713594769568	134713330786816	21424
XCHTIME	0	0	0	0	0	0	0	0	0	0	0	0
XCHTIME	5067	4	6	7325686	10657	222068	759858	1674	6331429	134713594769568	134713330786816	21424
LIFT	sfacloc2_4_80	5067	2567	16656	2567
COUNTS	sfacloc2_4_80	5067	21424	93048	88884
COUNTS	st_e24	10	26	64	57
XCHTIME	0	0	0	0	0	0	0	0	0	0	0	0
XCHTIME	1053	2	4	2092689	1391143	10853	6608	284	683801	134713328860832	134713564886016	5116
XCHTIME	0	0	0	0	0	0	0	0	0	0	0	0
XCHTIME	1053	2	6	6094282	1592	3550	7534	439	6081167	134713328860832	134713564886016	5116
XCHTIME	0	0	0	0	0	0	0	0	0	0	0	0
XCHTIME	1053	2	5	1909893	2194	5778	6147	299	1895475	134713328860832	134713564886016	5116
XCHTIME	0	0	0	0	0	0	0	0	0	0	0	0
XCHTIME	1053	4	18	11436142	1242	3111	13953	1305	11416531	134713328860832	134713564886016	5116
LADGATE	1053	10000	0.357	1
XCHTIME	0	0	0	0	0	0	0	0	0	0	0	0
XCHTIME	1053	5	26	14208807	2343	6831	16541	1823	14181269	134713328860832	134713564886016	5116
XCHTIME	0	0	0	0	0	0	0	0	0	0	0	0
XCHTIME	1053	4	66	1314232	2017	4878	12664	3272	1291401	134713328860832	134713564886016	5116
XCHTIME	0	0	0	0	0	0	0	0	0	0	0	0
XCHTIME	1053	4	15	2103658	1489	3511	12278	780	2085600	134713328860832	134713564886016	5116
XCHTIME	0	0	0	0	0	0	0	0	0	0	0	0
XCHTIME	1053	4	10	1252798	1309	3014	12257	619	1235599	134713328860832	134713564886016	5116
XCHTIME	0	0	0	0	0	0	0	0	0	0	0	0
XCHTIME	1053	4	18	11035532	852	2967	13226	1316	11017171	134713328860832	134713564886016	5116
XCHTIME	0	0	0	0	0	0	0	0	0	0	0	0
XCHTIME	1053	4	11	943230	1611	4833	12043	612	924131	134713328860832	134713564886016	5116
XCHTIME	0	0	0	0	0	0	0	0	0	0	0	0
XCHTIME	1053	4	14	3717548	1001	3026	11780	782	3700959	134713328860832	134713564886016	5116
XCHTIME	0	0	0	0	0	0	0	0	0	0	0	0
XCHTIME	1053	4	13	6113963	1143	3069	12036	817	6096898	134713328860832	134713564886016	5116
XCHTIME	0	0	0	0	0	0	0	0	0	0	0	0
XCHTIME	1053	2	5	16714665	1302	3111	13265	508	16696479	134713328860832	134713564886016	5116
XCHTIME	0	0	0	0	0	0	0	0	0	0	0	0
XCHTIME	1053	4	6	791292	2468	11892	12752	440	763740	134713328860832	134713564886016	5116
LIFT	edgecross10-040	1053	571	4152	571
COUNTS	edgecross10-040	1053	5116	161851	143518
XCHTIME	0	0	0	0	0	0	0	0	0	0	0	0
XCHTIME	8232	1	0	4084551	1271577	603040	644942	0	1564992	134713544659728	134713567950864	40744
XCHTIME	0	0	0	0	0	0	0	0	0	0	0	0
XCHTIME	8232	1	0	4637940	18574	597466	627507	0	3394393	134713544659728	134713567950864	40744
XCHTIME	0	0	0	0	0	0	0	0	0	0	0	0
XCHTIME	8232	1	0	3940365	19703	594856	614104	0	2711702	134713544659728	134713567950864	40744
XCHTIME	0	0	0	0	0	0	0	0	0	0	0	0
XCHTIME	8232	2	5	10112851	19752	593512	1213500	4238	8281849	134713544659728	134713567950864	40744
LADGATE	8232	10000	0.372	1
XCHTIME	0	0	0	0	0	0	0	0	0	0	0	0
XCHTIME	8232	5	26	42210146	20647	637856	3114709	18006	38418928	134713544659728	134713567950864	40744
XCHTIME	0	0	0	0	0	0	0	0	0	0	0	0
XCHTIME	8232	1	0	4852334	19582	632433	624859	0	3575460	134713544659728	134713567950864	40744
XCHTIME	0	0	0	0	0	0	0	0	0	0	0	0
XCHTIME	8232	1	0	4455853	19266	612644	599476	0	3224467	134713544659728	134713567950864	40744
XCHTIME	0	0	0	0	0	0	0	0	0	0	0	0
XCHTIME	8232	3	9	8671455	19555	605194	1812631	7784	6226291	134713544659728	134713567950864	40744
XCHTIME	0	0	0	0	0	0	0	0	0	0	0	0
XCHTIME	8232	2	5	10169769	19011	614708	1183487	4112	8348451	134713544659728	134713567950864	40744
XCHTIME	0	0	0	0	0	0	0	0	0	0	0	0
XCHTIME	8232	3	9	8896972	19647	683546	1810766	6973	6376040	134713544659728	134713567950864	40744
XCHTIME	0	0	0	0	0	0	0	0	0	0	0	0
XCHTIME	8232	2	4	9274075	19089	593137	1219606	4255	7437988	134713544659728	134713567950864	40744
XCHTIME	0	0	0	0	0	0	0	0	0	0	0	0
XCHTIME	8232	2	4	9679310	19397	614438	1207933	4022	7833520	134713544659728	134713567950864	40744
XCHTIME	0	0	0	0	0	0	0	0	0	0	0	0
XCHTIME	8232	1	0	11024390	19902	601915	591769	0	9810804	134713544659728	134713567950864	40744
XCHTIME	0	0	0	0	0	0	0	0	0	0	0	0
XCHTIME	8232	3	3	8772792	21615	662072	1853535	2425	6233145	134713544659728	134713567950864	40744
LIFT	sonet21v6	8232	4221	32722	4221
COUNTS	sonet21v6	8232	40744	1643311	1585871
XCHTIME	0	0	0	0	0	0	0	0	0	0	0	0
XCHTIME	2490	2	4	1181838	71567	16414	33254	351	1060252	134713540186896	134713594958944	6400
XCHTIME	0	0	0	0	0	0	0	0	0	0	0	0
XCHTIME	2490	2	6	1879404	2037	22791	41260	758	1812558	134713540186896	134713594958944	6400
XCHTIME	0	0	0	0	0	0	0	0	0	0	0	0
XCHTIME	2490	2	5	1238084	2278	18621	33154	372	1183659	134713540186896	134713594958944	6400
XCHTIME	0	0	0	0	0	0	0	0	0	0	0	0
XCHTIME	2490	4	18	3704155	1573	15722	67729	1665	3617466	134713540186896	134713594958944	6400
LADGATE	2490	10000	0.693	1
XCHTIME	0	0	0	0	0	0	0	0	0	0	0	0
XCHTIME	2490	5	26	4582967	3654	45698	100914	2328	4430373	134713540186896	134713594958944	6400
XCHTIME	0	0	0	0	0	0	0	0	0	0	0	0
XCHTIME	2490	4	66	2705134	3184	31396	74231	4522	2591801	134713540186896	134713594958944	6400
XCHTIME	0	0	0	0	0	0	0	0	0	0	0	0
XCHTIME	2490	4	15	2266474	2854	17862	66224	1148	2178386	134713540186896	134713594958944	6400
XCHTIME	0	0	0	0	0	0	0	0	0	0	0	0
XCHTIME	2490	4	10	2208828	1645	16069	71740	773	2118601	134713540186896	134713594958944	6400
XCHTIME	0	0	0	0	0	0	0	0	0	0	0	0
XCHTIME	2490	4	18	3741578	1774	16690	74137	1537	3647440	134713540186896	134713594958944	6400
XCHTIME	0	0	0	0	0	0	0	0	0	0	0	0
XCHTIME	2490	4	11	2140119	2236	20289	66766	917	2049911	134713540186896	134713594958944	6400
XCHTIME	0	0	0	0	0	0	0	0	0	0	0	0
XCHTIME	2490	4	14	2496270	1760	15465	66924	1045	2411076	134713540186896	134713594958944	6400
XCHTIME	0	0	0	0	0	0	0	0	0	0	0	0
XCHTIME	2490	4	13	2770599	1885	17957	80715	1088	2668954	134713540186896	134713594958944	6400
XCHTIME	0	0	0	0	0	0	0	0	0	0	0	0
XCHTIME	2490	4	16	6932371	1713	18831	165574	2083	6744170	134713540186896	134713594958944	6400
XCHTIME	0	0	0	0	0	0	0	0	0	0	0	0
XCHTIME	2490	4	6	2180494	4319	29257	66598	483	2079837	134713540186896	134713594958944	6400
LIFT	squfl010-080	2490	890	3200	890
COUNTS	squfl010-080	2490	6400	27665	27665
XCHTIME	0	0	0	0	0	0	0	0	0	0	0	0
XCHTIME	221	2	4	258627	7882	719	593	221	249212	134713537643376	134713529438816	1048
XCHTIME	0	0	0	0	0	0	0	0	0	0	0	0
XCHTIME	221	2	6	2432465	282	994	1047	343	2429799	134713537643376	134713529438816	1048
XCHTIME	0	0	0	0	0	0	0	0	0	0	0	0
XCHTIME	221	2	5	662683	301	1365	619	253	660145	134713537643376	134713529438816	1048
XCHTIME	0	0	0	0	0	0	0	0	0	0	0	0
XCHTIME	221	4	18	4764177	265	695	1309	886	4761022	134713537643376	134713529438816	1048
LADGATE	221	10000	0.229	1
XCHTIME	0	0	0	0	0	0	0	0	0	0	0	0
XCHTIME	221	5	26	6102765	373	1447	1729	1260	6097956	134713537643376	134713529438816	1048
XCHTIME	0	0	0	0	0	0	0	0	0	0	0	0
XCHTIME	221	4	66	2043229	321	827	1237	2885	2037959	134713537643376	134713529438816	1048
XCHTIME	0	0	0	0	0	0	0	0	0	0	0	0
XCHTIME	221	4	15	863159	492	1467	1454	718	859028	134713537643376	134713529438816	1048
XCHTIME	0	0	0	0	0	0	0	0	0	0	0	0
XCHTIME	221	4	10	428748	282	923	1107	440	425996	134713537643376	134713529438816	1048
XCHTIME	0	0	0	0	0	0	0	0	0	0	0	0
XCHTIME	221	4	18	4823732	225	850	1354	900	4820403	134713537643376	134713529438816	1048
XCHTIME	0	0	0	0	0	0	0	0	0	0	0	0
XCHTIME	221	4	11	267147	329	894	1016	513	264395	134713537643376	134713529438816	1048
XCHTIME	0	0	0	0	0	0	0	0	0	0	0	0
XCHTIME	221	4	14	1395271	217	792	1305	662	1392295	134713537643376	134713529438816	1048
XCHTIME	0	0	0	0	0	0	0	0	0	0	0	0
XCHTIME	221	4	13	2558906	220	815	1216	600	2556055	134713537643376	134713529438816	1048
XCHTIME	0	0	0	0	0	0	0	0	0	0	0	0
XCHTIME	221	4	16	14877675	229	778	1919	861	14873888	134713537643376	134713529438816	1048
XCHTIME	0	0	0	0	0	0	0	0	0	0	0	0
XCHTIME	221	4	6	187830	509	1569	1003	308	184441	134713537643376	134713529438816	1048
LIFT	genpooling_lee2	221	145	896	145
COUNTS	genpooling_lee2	221	1048	19895	14028
XCHTIME	0	0	0	0	0	0	0	0	0	0	0	0
XCHTIME	2807	1	0	2182268	105954	57737	33048	0	1985529	134713595038272	134713331048976	13904
XCHTIME	0	0	0	0	0	0	0	0	0	0	0	0
XCHTIME	2807	1	0	4536059	5666	38244	26885	0	4465264	134713595038272	134713331048976	13904
XCHTIME	0	0	0	0	0	0	0	0	0	0	0	0
XCHTIME	2807	1	0	3777260	5777	51188	31821	0	3688474	134713595038272	134713331048976	13904
XCHTIME	0	0	0	0	0	0	0	0	0	0	0	0
XCHTIME	2807	1	0	11482053	5239	42560	28065	0	11406189	134713595038272	134713331048976	13904
LADGATE	2807	10000	0.637	1
XCHTIME	0	0	0	0	0	0	0	0	0	0	0	0
XCHTIME	2807	5	26	85971050	6756	60297	224448	5092	85674457	134713595038272	134713331048976	13904
XCHTIME	0	0	0	0	0	0	0	0	0	0	0	0
XCHTIME	2807	1	0	6390231	7723	68493	40662	0	6273353	134713595038272	134713331048976	13904
XCHTIME	0	0	0	0	0	0	0	0	0	0	0	0
XCHTIME	2807	2	4	6633829	7888	84805	87310	710	6453116	134713595038272	134713331048976	13904
XCHTIME	0	0	0	0	0	0	0	0	0	0	0	0
XCHTIME	2807	4	10	10109246	6790	44599	140043	1859	9915955	134713595038272	134713331048976	13904
XCHTIME	0	0	0	0	0	0	0	0	0	0	0	0
XCHTIME	2807	1	0	11554775	7009	45326	26719	0	11475721	134713595038272	134713331048976	13904
XCHTIME	0	0	0	0	0	0	0	0	0	0	0	0
XCHTIME	2807	4	11	6797231	6981	51975	132817	2003	6603455	134713595038272	134713331048976	13904
XCHTIME	0	0	0	0	0	0	0	0	0	0	0	0
XCHTIME	2807	2	4	12915345	6968	39963	68414	711	12799289	134713595038272	134713331048976	13904
XCHTIME	0	0	0	0	0	0	0	0	0	0	0	0
XCHTIME	2807	1	0	12173776	6354	44614	30364	0	12092444	134713595038272	134713331048976	13904
XCHTIME	0	0	0	0	0	0	0	0	0	0	0	0
XCHTIME	2807	1	0	11207882	7650	47934	31281	0	11121017	134713595038272	134713331048976	13904
XCHTIME	0	0	0	0	0	0	0	0	0	0	0	0
XCHTIME	2807	4	6	4827435	7247	84394	113651	873	4621270	134713595038272	134713331048976	13904
LIFT	popdynm25	2807	2349	13004	2349
COUNTS	popdynm25	2807	13904	360081	286728
XCHTIME	0	0	0	0	0	0	0	0	0	0	0	0
XCHTIME	5211	1	0	1992722	456643	204722	223266	0	1108091	134713547344304	134713545018656	16740
XCHTIME	0	0	0	0	0	0	0	0	0	0	0	0
XCHTIME	5211	1	0	1405991	8429	215908	208016	0	973638	134713547344304	134713545018656	16740
XCHTIME	0	0	0	0	0	0	0	0	0	0	0	0
XCHTIME	5211	1	0	1694075	7918	224877	208913	0	1252367	134713547344304	134713545018656	16740
XCHTIME	0	0	0	0	0	0	0	0	0	0	0	0
XCHTIME	5211	1	0	10754418	7908	218526	211800	0	10316184	134713547344304	134713545018656	16740
LADGATE	5211	10000	0.773	1
XCHTIME	0	0	0	0	0	0	0	0	0	0	0	0
XCHTIME	5211	5	26	111374838	8777	271917	1168885	7010	109918249	134713547344304	134713545018656	16740
XCHTIME	0	0	0	0	0	0	0	0	0	0	0	0
XCHTIME	5211	1	0	5720053	10839	253732	222771	0	5232711	134713547344304	134713545018656	16740
XCHTIME	0	0	0	0	0	0	0	0	0	0	0	0
XCHTIME	5211	2	4	5571108	9339	245660	415706	1041	4899362	134713547344304	134713545018656	16740
XCHTIME	0	0	0	0	0	0	0	0	0	0	0	0
XCHTIME	5211	4	10	9778888	9200	223143	856082	3064	8687399	134713547344304	134713545018656	16740
XCHTIME	0	0	0	0	0	0	0	0	0	0	0	0
XCHTIME	5211	2	5	11574457	8971	226692	441787	1491	10895516	134713547344304	134713545018656	16740
XCHTIME	0	0	0	0	0	0	0	0	0	0	0	0
XCHTIME	5211	4	11	8830080	9141	223344	852736	3577	7741282	134713547344304	134713545018656	16740
XCHTIME	0	0	0	0	0	0	0	0	0	0	0	0
XCHTIME	5211	4	14	11375289	9296	218025	882422	3627	10261919	134713547344304	134713545018656	16740
XCHTIME	0	0	0	0	0	0	0	0	0	0	0	0
XCHTIME	5211	3	12	11441406	14560	225096	623971	3030	10574749	134713547344304	134713545018656	16740
XCHTIME	0	0	0	0	0	0	0	0	0	0	0	0
XCHTIME	5211	1	0	11835330	8433	219245	232159	0	11375493	134713547344304	134713545018656	16740
XCHTIME	0	0	0	0	0	0	0	0	0	0	0	0
XCHTIME	5211	4	6	8446353	8960	237279	890792	2059	7307263	134713547344304	134713545018656	16740
LIFT	chp_partload	5211	3186	12690	3186
COUNTS	chp_partload	5211	16740	509170	373130
XCHTIME	0	0	0	0	0	0	0	0	0	0	0	0
XCHTIME	560	2	4	1288621	205285	5884	3238	282	1073932	134713570126176	134713570130672	120274
XCHTIME	0	0	0	0	0	0	0	0	0	0	0	0
XCHTIME	560	1	0	9541813	27283	2553	1344	0	9510633	134713570126176	134713570130672	120274
XCHTIME	0	0	0	0	0	0	0	0	0	0	0	0
XCHTIME	560	2	5	5933226	40356	4084	2865	477	5885444	134713570126176	134713570130672	120274
XCHTIME	0	0	0	0	0	0	0	0	0	0	0	0
XCHTIME	560	2	5	19405553	27620	3080	3171	479	19371203	134713570126176	134713570130672	120274
LADGATE	560	10000	0.234	1
XCHTIME	0	0	0	0	0	0	0	0	0	0	0	0
XCHTIME	560	4	10	2193815	41966	4021	5892	607	2141329	134713570126176	134713570130672	120274
XCHTIME	0	0	0	0	0	0	0	0	0	0	0	0
XCHTIME	560	4	66	1617758	45389	5736	5349	4051	1557233	134713570126176	134713570130672	120274
XCHTIME	0	0	0	0	0	0	0	0	0	0	0	0
XCHTIME	560	4	15	5622369	35018	3582	5791	1016	5576962	134713570126176	134713570130672	120274
XCHTIME	0	0	0	0	0	0	0	0	0	0	0	0
XCHTIME	560	4	10	2131067	28351	3370	5722	527	2093097	134713570126176	134713570130672	120274
XCHTIME	0	0	0	0	0	0	0	0	0	0	0	0
XCHTIME	560	2	5	19540995	21438	2235	2849	498	19513975	134713570126176	134713570130672	120274
XCHTIME	0	0	0	0	0	0	0	0	0	0	0	0
XCHTIME	560	4	11	1440537	38395	3485	5583	662	1392412	134713570126176	134713570130672	120274
XCHTIME	0	0	0	0	0	0	0	0	0	0	0	0
XCHTIME	560	4	14	11659582	22170	2185	4916	837	11629474	134713570126176	134713570130672	120274
XCHTIME	0	0	0	0	0	0	0	0	0	0	0	0
XCHTIME	560	4	13	18875662	26260	2914	5269	925	18840294	134713570126176	134713570130672	120274
XCHTIME	0	0	0	0	0	0	0	0	0	0	0	0
XCHTIME	560	1	0	19042665	34168	3099	1519	0	19003879	134713570126176	134713570130672	120274
XCHTIME	0	0	0	0	0	0	0	0	0	0	0	0
XCHTIME	560	4	6	1142282	49077	5589	5747	503	1081366	134713570126176	134713570130672	120274
LIFT	qspp_0_14_0_1_10_1	560	364	119024	364
COUNTS	qspp_0_14_0_1_10_1	560	120274	16119226	16038266
XCHTIME	0	0	0	0	0	0	0	0	0	0	0	0
XCHTIME	24	2	4	48425	3179	1052	169	97	43928	134713529867040	134713549443056	66
XCHTIME	0	0	0	0	0	0	0	0	0	0	0	0
XCHTIME	24	2	6	324410	203	689	125	143	323250	134713529867040	134713549443056	66
XCHTIME	0	0	0	0	0	0	0	0	0	0	0	0
XCHTIME	24	2	5	130219	190	332	126	113	129458	134713529867040	134713549443056	66
XCHTIME	0	0	0	0	0	0	0	0	0	0	0	0
XCHTIME	24	4	18	513231	109	294	213	362	512253	134713529867040	134713549443056	66
LADGATE	24	10000	0.140	1
XCHTIME	0	0	0	0	0	0	0	0	0	0	0	0
XCHTIME	24	5	26	802359	381	676	268	561	800473	134713529867040	134713549443056	66
XCHTIME	0	0	0	0	0	0	0	0	0	0	0	0
XCHTIME	24	4	52	6443	162	367	217	1261	4436	134713529867040	134713549443056	66
XCHTIME	0	0	0	0	0	0	0	0	0	0	0	0
XCHTIME	24	4	15	77774	90	172	173	304	77035	134713529867040	134713549443056	66
XCHTIME	0	0	0	0	0	0	0	0	0	0	0	0
XCHTIME	24	4	10	59900	110	267	208	202	59113	134713529867040	134713549443056	66
XCHTIME	0	0	0	0	0	0	0	0	0	0	0	0
XCHTIME	24	4	18	510398	101	267	166	360	509504	134713529867040	134713549443056	66
XCHTIME	0	0	0	0	0	0	0	0	0	0	0	0
XCHTIME	24	4	11	42222	101	250	175	217	41479	134713529867040	134713549443056	66
XCHTIME	0	0	0	0	0	0	0	0	0	0	0	0
XCHTIME	24	4	14	196146	87	234	186	300	195339	134713529867040	134713549443056	66
XCHTIME	0	0	0	0	0	0	0	0	0	0	0	0
XCHTIME	24	4	13	308354	101	256	192	257	307548	134713529867040	134713549443056	66
XCHTIME	0	0	0	0	0	0	0	0	0	0	0	0
XCHTIME	24	4	16	1696825	108	274	188	325	1695930	134713529867040	134713549443056	66
XCHTIME	0	0	0	0	0	0	0	0	0	0	0	0
XCHTIME	24	4	6	20599	263	395	193	127	19621	134713529867040	134713549443056	66
COUNTS	st_glmp_ss1	24	66	160	160
XCHTIME	0	0	0	0	0	0	0	0	0	0	0	0
XCHTIME	2508	1	0	2385554	112114	21476	20187	0	2231777	134713541016560	134713567426560	29808
XCHTIME	0	0	0	0	0	0	0	0	0	0	0	0
XCHTIME	2508	1	0	5150272	9691	30992	18543	0	5091046	134713541016560	134713567426560	29808
XCHTIME	0	0	0	0	0	0	0	0	0	0	0	0
XCHTIME	2508	1	0	3468222	10071	39090	19604	0	3399457	134713541016560	134713567426560	29808
XCHTIME	0	0	0	0	0	0	0	0	0	0	0	0
XCHTIME	2508	1	0	11834982	10468	34440	18889	0	11771185	134713541016560	134713567426560	29808
LADGATE	2508	10000	0.480	1
XCHTIME	0	0	0	0	0	0	0	0	0	0	0	0
XCHTIME	2508	4	10	9162053	12903	47462	81857	1323	9018508	134713541016560	134713567426560	29808
XCHTIME	0	0	0	0	0	0	0	0	0	0	0	0
XCHTIME	2508	2	19	5773819	11340	41967	77531	3690	5639291	134713541016560	134713567426560	29808
XCHTIME	0	0	0	0	0	0	0	0	0	0	0	0
XCHTIME	2508	2	4	6180278	12660	44163	39977	448	6083030	134713541016560	134713567426560	29808
XCHTIME	0	0	0	0	0	0	0	0	0	0	0	0
XCHTIME	2508	4	10	9136761	10769	30048	77685	1308	9016951	134713541016560	134713567426560	29808
XCHTIME	0	0	0	0	0	0	0	0	0	0	0	0
XCHTIME	2508	1	0	11810427	11054	24969	17992	0	11756412	134713541016560	134713567426560	29808
XCHTIME	0	0	0	0	0	0	0	0	0	0	0	0
XCHTIME	2508	4	11	6676239	8978	30241	74986	1374	6560660	134713541016560	134713567426560	29808
XCHTIME	0	0	0	0	0	0	0	0	0	0	0	0
XCHTIME	2508	3	12	12342524	7880	23548	63981	1923	12245192	134713541016560	134713567426560	29808
XCHTIME	0	0	0	0	0	0	0	0	0	0	0	0
XCHTIME	2508	2	4	12222501	11669	26087	39282	458	12145005	134713541016560	134713567426560	29808
XCHTIME	0	0	0	0	0	0	0	0	0	0	0	0
XCHTIME	2508	1	0	13935643	10018	32746	18889	0	13873990	134713541016560	134713567426560	29808
XCHTIME	0	0	0	0	0	0	0	0	0	0	0	0
XCHTIME	2508	4	6	5489846	13774	67137	102174	684	5306077	134713541016560	134713567426560	29808
LIFT	torsion50	2508	1302	20190	1302
COUNTS	torsion50	2508	29808	1691033	1118955
XCHTIME	0	0	0	0	0	0	0	0	0	0	0	0
XCHTIME	40	2	4	67323	3440	904	167	172	62640	134713530872752	134713549465936	340
XCHTIME	0	0	0	0	0	0	0	0	0	0	0	0
XCHTIME	40	2	6	452273	248	676	199	237	450913	134713530872752	134713549465936	340
XCHTIME	0	0	0	0	0	0	0	0	0	0	0	0
XCHTIME	40	2	5	169975	228	551	172	188	168836	134713530872752	134713549465936	340
XCHTIME	0	0	0	0	0	0	0	0	0	0	0	0
XCHTIME	40	4	18	1226215	145	521	297	619	1224633	134713530872752	134713549465936	340
LADGATE	40	10000	0.175	1
XCHTIME	0	0	0	0	0	0	0	0	0	0	0	0
XCHTIME	40	4	10	112061	423	1139	311	359	109829	134713530872752	134713549465936	340
XCHTIME	0	0	0	0	0	0	0	0	0	0	0	0
XCHTIME	40	4	66	7574	163	374	268	2341	4428	134713530872752	134713549465936	340
XCHTIME	0	0	0	0	0	0	0	0	0	0	0	0
XCHTIME	40	4	15	176689	134	447	280	460	175368	134713530872752	134713549465936	340
XCHTIME	0	0	0	0	0	0	0	0	0	0	0	0
XCHTIME	40	4	10	105792	124	428	280	331	104629	134713530872752	134713549465936	340
XCHTIME	0	0	0	0	0	0	0	0	0	0	0	0
XCHTIME	40	4	18	1208836	115	355	283	571	1207512	134713530872752	134713549465936	340
XCHTIME	0	0	0	0	0	0	0	0	0	0	0	0
XCHTIME	40	4	11	54462	165	447	289	374	53187	134713530872752	134713549465936	340
XCHTIME	0	0	0	0	0	0	0	0	0	0	0	0
XCHTIME	40	4	14	344039	137	340	252	423	342887	134713530872752	134713549465936	340
XCHTIME	0	0	0	0	0	0	0	0	0	0	0	0
XCHTIME	40	4	13	585349	153	499	272	463	583962	134713530872752	134713549465936	340
XCHTIME	0	0	0	0	0	0	0	0	0	0	0	0
XCHTIME	40	4	16	3315214	130	428	301	540	3313815	134713530872752	134713549465936	340
XCHTIME	0	0	0	0	0	0	0	0	0	0	0	0
XCHTIME	40	4	6	29407	186	476	252	242	28251	134713530872752	134713549465936	340
LIFT	st_rv2	40	10	90	10
COUNTS	st_rv2	40	340	2045	2045
XCHTIME	0	0	0	0	0	0	0	0	0	0	0	0
XCHTIME	6885	1	0	2431586	801046	418897	403381	0	808262	134713567852560	134713544725600	15948
XCHTIME	0	0	0	0	0	0	0	0	0	0	0	0
XCHTIME	6885	1	0	2217055	8853	410080	406858	0	1391264	134713567852560	134713544725600	15948
XCHTIME	0	0	0	0	0	0	0	0	0	0	0	0
XCHTIME	6885	1	0	1963206	9560	431565	406137	0	1115944	134713567852560	134713544725600	15948
XCHTIME	0	0	0	0	0	0	0	0	0	0	0	0
XCHTIME	6885	4	18	10240727	10980	397876	1598566	6720	8226585	134713567852560	134713544725600	15948
LADGATE	6885	10000	0.261	1
XCHTIME	0	0	0	0	0	0	0	0	0	0	0	0
XCHTIME	6885	5	26	13264939	9697	469494	2028766	9106	10747876	134713567852560	134713544725600	15948
XCHTIME	0	0	0	0	0	0	0	0	0	0	0	0
XCHTIME	6885	2	19	5206631	9478	423243	807701	5369	3960840	134713567852560	134713544725600	15948
XCHTIME	0	0	0	0	0	0	0	0	0	0	0	0
XCHTIME	6885	2	4	5168930	9146	411074	790684	1605	3956421	134713567852560	134713544725600	15948
XCHTIME	0	0	0	0	0	0	0	0	0	0	0	0
XCHTIME	6885	4	10	10228592	9204	400432	1652620	4180	8162156	134713567852560	134713544725600	15948
XCHTIME	0	0	0	0	0	0	0	0	0	0	0	0
XCHTIME	6885	4	18	10248277	9509	407367	1617772	6406	8207223	134713567852560	134713544725600	15948
XCHTIME	0	0	0	0	0	0	0	0	0	0	0	0
XCHTIME	6885	4	11	10108108	9231	413506	1599618	5137	8080616	134713567852560	134713544725600	15948
XCHTIME	0	0	0	0	0	0	0	0	0	0	0	0
XCHTIME	6885	4	14	10033089	8727	417854	1654942	5272	7946294	134713567852560	134713544725600	15948
XCHTIME	0	0	0	0	0	0	0	0	0	0	0	0
XCHTIME	6885	4	13	10244363	9409	423520	1626684	4879	8179871	134713567852560	134713544725600	15948
XCHTIME	0	0	0	0	0	0	0	0	0	0	0	0
XCHTIME	6885	4	16	10132232	9081	412627	1641926	5404	8063194	134713567852560	134713544725600	15948
XCHTIME	0	0	0	0	0	0	0	0	0	0	0	0
XCHTIME	6885	4	6	9960994	8849	412227	1643251	3030	7893637	134713567852560	134713544725600	15948
LIFT	emfl100_3_3	6885	2961	8100	2961
COUNTS	emfl100_3_3	6885	15948	55506	55506
COUNTS	pedigree_sim400	351	23546	1183471	1183168
COUNTS	polygon75	5846	49652	1171822	1171822
LIFT	gabriel10	244056	129644	1260406	129644
COUNTS	gabriel10	244056	1148210	1365442310	1267760679
XCHTIME	0	0	0	0	0	0	0	0	0	0	0	0
XCHTIME	1049	2	4	728477	19666	3632	6248	189	698742	134713595060752	134713568348192	4336
XCHTIME	0	0	0	0	0	0	0	0	0	0	0	0
XCHTIME	1049	1	0	6422086	929	3112	3049	0	6414996	134713595060752	134713568348192	4336
XCHTIME	0	0	0	0	0	0	0	0	0	0	0	0
XCHTIME	1049	2	5	2086195	1346	4762	6340	283	2073464	134713595060752	134713568348192	4336
XCHTIME	0	0	0	0	0	0	0	0	0	0	0	0
XCHTIME	1049	4	18	13209024	950	3064	15840	1008	13188162	134713595060752	134713568348192	4336
LADGATE	1049	10000	0.291	1
XCHTIME	0	0	0	0	0	0	0	0	0	0	0	0
XCHTIME	1049	5	26	17081731	2278	5274	17531	1448	17055200	134713595060752	134713568348192	4336
XCHTIME	0	0	0	0	0	0	0	0	0	0	0	0
XCHTIME	1049	4	66	3900730	2105	4938	15656	2951	3875080	134713595060752	134713568348192	4336
XCHTIME	0	0	0	0	0	0	0	0	0	0	0	0
XCHTIME	1049	4	15	2741346	2493	3570	12177	810	2722296	134713595060752	134713568348192	4336
XCHTIME	0	0	0	0	0	0	0	0	0	0	0	0
XCHTIME	1049	4	10	1476320	769	3022	12333	441	1459755	134713595060752	134713568348192	4336
XCHTIME	0	0	0	0	0	0	0	0	0	0	0	0
XCHTIME	1049	4	18	13190738	841	3027	13542	943	13172385	134713595060752	134713568348192	4336
XCHTIME	0	0	0	0	0	0	0	0	0	0	0	0
XCHTIME	1049	4	11	1195538	1286	3172	12215	511	1178354	134713595060752	134713568348192	4336
XCHTIME	0	0	0	0	0	0	0	0	0	0	0	0
XCHTIME	1049	4	14	4359878	855	2998	12149	715	4343161	134713595060752	134713568348192	4336
XCHTIME	0	0	0	0	0	0	0	0	0	0	0	0
XCHTIME	1049	4	13	8568424	1036	3097	12697	669	8550925	134713595060752	134713568348192	4336
XCHTIME	0	0	0	0	0	0	0	0	0	0	0	0
XCHTIME	1049	1	0	13336699	1097	3181	3078	0	13329343	134713595060752	134713568348192	4336
XCHTIME	0	0	0	0	0	0	0	0	0	0	0	0
XCHTIME	1049	4	6	818042	2619	12229	12366	383	790445	134713595060752	134713568348192	4336
LIFT	fo9_ar25_1	1049	507	3606	507
COUNTS	fo9_ar25_1	1049	4336	41668	38237
XCHTIME	0	0	0	0	0	0	0	0	0	0	0	0
XCHTIME	1159	2	4	1297170	22424	10066	7671	255	1256754	134713564935184	134713594730144	3168
XCHTIME	0	0	0	0	0	0	0	0	0	0	0	0
XCHTIME	1159	2	6	7538476	800	3667	10196	337	7523476	134713564935184	134713594730144	3168
XCHTIME	0	0	0	0	0	0	0	0	0	0	0	0
XCHTIME	1159	2	5	3305084	1653	6325	7339	251	3289516	134713564935184	134713594730144	3168
XCHTIME	0	0	0	0	0	0	0	0	0	0	0	0
XCHTIME	1159	4	18	15296867	1052	3524	24746	1032	15266513	134713564935184	134713594730144	3168
LADGATE	1159	10000	0.325	1
XCHTIME	0	0	0	0	0	0	0	0	0	0	0	0
XCHTIME	1159	5	26	24501995	2170	6001	32520	1430	24459874	134713564935184	134713594730144	3168
XCHTIME	0	0	0	0	0	0	0	0	0	0	0	0
XCHTIME	1159	4	66	5781458	2229	7948	34152	2806	5734323	134713564935184	134713594730144	3168
XCHTIME	0	0	0	0	0	0	0	0	0	0	0	0
XCHTIME	1159	4	15	3886044	2768	6420	15863	858	3860135	134713564935184	134713594730144	3168
XCHTIME	0	0	0	0	0	0	0	0	0	0	0	0
XCHTIME	1159	4	10	2327971	1299	3916	14972	495	2307289	134713564935184	134713594730144	3168
XCHTIME	0	0	0	0	0	0	0	0	0	0	0	0
XCHTIME	1159	4	18	15353164	963	3512	23426	954	15324309	134713564935184	134713594730144	3168
XCHTIME	0	0	0	0	0	0	0	0	0	0	0	0
XCHTIME	1159	4	11	1459390	2160	6045	14963	603	1435619	134713564935184	134713594730144	3168
XCHTIME	0	0	0	0	0	0	0	0	0	0	0	0
XCHTIME	1159	4	14	6308330	1172	3783	15013	736	6287626	134713564935184	134713594730144	3168
XCHTIME	0	0	0	0	0	0	0	0	0	0	0	0
XCHTIME	1159	4	13	10626779	1004	3836	16640	691	10604608	134713564935184	134713594730144	3168
XCHTIME	0	0	0	0	0	0	0	0	0	0	0	0
XCHTIME	1159	1	0	13072631	1234	4498	3620	0	13063279	134713564935184	134713594730144	3168
XCHTIME	0	0	0	0	0	0	0	0	0	0	0	0
XCHTIME	1159	4	6	1062967	2953	14054	16132	416	1029412	134713564935184	134713594730144	3168
LIFT	rsyn0840m	1159	610	2176	610
COUNTS	rsyn0840m	1159	3168	11274	10602
XCHTIME	0	0	0	0	0	0	0	0	0	0	0	0
XCHTIME	548	2	4	1001981	16396	2117	2563	235	980670	134713547339744	134713331212832	2800
XCHTIME	0	0	0	0	0	0	0	0	0	0	0	0
XCHTIME	548	2	6	8186454	769	1839	2822	493	8180531	134713547339744	134713331212832	2800
XCHTIME	0	0	0	0	0	0	0	0	0	0	0	0
XCHTIME	548	2	5	2829190	1175	2602	2466	351	2822596	134713547339744	134713331212832	2800
XCHTIME	0	0	0	0	0	0	0	0	0	0	0	0
XCHTIME	548	4	18	15373120	816	1794	4829	1285	15364396	134713547339744	134713331212832	2800
LADGATE	548	10000	0.381	1
XCHTIME	0	0	0	0	0	0	0	0	0	0	0	0
XCHTIME	548	5	26	19912453	1358	1875	5883	2001	19901336	134713547339744	134713331212832	2800
XCHTIME	0	0	0	0	0	0	0	0	0	0	0	0
XCHTIME	548	3	57	6831189	1391	1771	6872	5287	6815868	134713547339744	134713331212832	2800
XCHTIME	0	0	0	0	0	0	0	0	0	0	0	0
XCHTIME	548	4	15	3142965	2055	2757	5038	1028	3132087	134713547339744	134713331212832	2800
XCHTIME	0	0	0	0	0	0	0	0	0	0	0	0
XCHTIME	548	4	10	1908222	1027	2850	5291	642	1898412	134713547339744	134713331212832	2800
XCHTIME	0	0	0	0	0	0	0	0	0	0	0	0
XCHTIME	548	4	18	15417963	762	1851	4652	1344	15409354	134713547339744	134713331212832	2800
XCHTIME	0	0	0	0	0	0	0	0	0	0	0	0
XCHTIME	548	4	11	1182758	1140	1999	4426	679	1174514	134713547339744	134713331212832	2800
XCHTIME	0	0	0	0	0	0	0	0	0	0	0	0
XCHTIME	548	4	14	5423853	700	1725	4284	1022	5416122	134713547339744	134713331212832	2800
XCHTIME	0	0	0	0	0	0	0	0	0	0	0	0
XCHTIME	548	4	13	9452470	920	1814	4296	1009	9444431	134713547339744	134713331212832	2800
XCHTIME	0	0	0	0	0	0	0	0	0	0	0	0
XCHTIME	548	2	5	17332563	670	1678	3840	373	17326002	134713547339744	134713331212832	2800
XCHTIME	0	0	0	0	0	0	0	0	0	0	0	0
XCHTIME	548	4	6	742976	1643	3968	5599	364	731402	134713547339744	134713331212832	2800
LIFT	gancns	548	318	2280	318
COUNTS	gancns	548	2800	69234	58299
XCHTIME	0	0	0	0	0	0	0	0	0	0	0	0
XCHTIME	1049	2	4	732046	18901	8260	6651	206	698028	134713540981680	134713568409648	4336
XCHTIME	0	0	0	0	0	0	0	0	0	0	0	0
XCHTIME	1049	1	0	6386411	732	3359	3383	0	6378937	134713540981680	134713568409648	4336
XCHTIME	0	0	0	0	0	0	0	0	0	0	0	0
XCHTIME	1049	2	5	2126822	1090	5629	6573	268	2113262	134713540981680	134713568409648	4336
XCHTIME	0	0	0	0	0	0	0	0	0	0	0	0
XCHTIME	1049	4	18	13186344	788	3823	15525	994	13165214	134713540981680	134713568409648	4336
LADGATE	1049	10000	0.284	1
XCHTIME	0	0	0	0	0	0	0	0	0	0	0	0
XCHTIME	1049	5	26	17075713	2322	5881	18614	1712	17047184	134713540981680	134713568409648	4336
XCHTIME	0	0	0	0	0	0	0	0	0	0	0	0
XCHTIME	1049	4	66	3957846	1284	4810	18841	2981	3929930	134713540981680	134713568409648	4336
XCHTIME	0	0	0	0	0	0	0	0	0	0	0	0
XCHTIME	1049	4	15	2736842	2588	4204	13693	862	2715495	134713540981680	134713568409648	4336
XCHTIME	0	0	0	0	0	0	0	0	0	0	0	0
XCHTIME	1049	4	10	1501491	979	3591	13011	447	1483463	134713540981680	134713568409648	4336
XCHTIME	0	0	0	0	0	0	0	0	0	0	0	0
XCHTIME	1049	4	18	13250176	1030	3281	15688	1175	13229002	134713540981680	134713568409648	4336
XCHTIME	0	0	0	0	0	0	0	0	0	0	0	0
XCHTIME	1049	4	11	1208322	1733	3678	12718	532	1189661	134713540981680	134713568409648	4336
XCHTIME	0	0	0	0	0	0	0	0	0	0	0	0
XCHTIME	1049	4	14	4429787	933	2985	12732	780	4412357	134713540981680	134713568409648	4336
XCHTIME	0	0	0	0	0	0	0	0	0	0	0	0
XCHTIME	1049	4	13	8625356	1125	3529	12882	826	8606994	134713540981680	134713568409648	4336
XCHTIME	0	0	0	0	0	0	0	0	0	0	0	0
XCHTIME	1049	1	0	13551170	1416	4319	3128	0	13542307	134713540981680	134713568409648	4336
XCHTIME	0	0	0	0	0	0	0	0	0	0	0	0
XCHTIME	1049	4	6	843341	2823	13447	13968	397	812706	134713540981680	134713568409648	4336
LIFT	o9_ar4_1	1049	507	3606	507
COUNTS	o9_ar4_1	1049	4336	41668	38237
XCHTIME	0	0	0	0	0	0	0	0	0	0	0	0
XCHTIME	123	2	4	240533	4883	515	352	127	234656	134713533975056	134713594762928	560
XCHTIME	0	0	0	0	0	0	0	0	0	0	0	0
XCHTIME	123	2	6	1874424	269	756	414	131	1872854	134713533975056	134713594762928	560
XCHTIME	0	0	0	0	0	0	0	0	0	0	0	0
XCHTIME	123	2	5	650164	227	805	346	117	648669	134713533975056	134713594762928	560
XCHTIME	0	0	0	0	0	0	0	0	0	0	0	0
XCHTIME	123	4	18	3685793	180	662	917	588	3683446	134713533975056	134713594762928	560
LADGATE	123	10000	0.258	1
XCHTIME	0	0	0	0	0	0	0	0	0	0	0	0
XCHTIME	123	5	26	4693095	415	1071	862	789	4689958	134713533975056	134713594762928	560
XCHTIME	0	0	0	0	0	0	0	0	0	0	0	0
XCHTIME	123	4	66	2772153	278	728	603	2589	2767955	134713533975056	134713594762928	560
XCHTIME	0	0	0	0	0	0	0	0	0	0	0	0
XCHTIME	123	4	15	734336	232	885	607	350	732262	134713533975056	134713594762928	560
XCHTIME	0	0	0	0	0	0	0	0	0	0	0	0
XCHTIME	123	4	10	416413	217	705	607	229	414655	134713533975056	134713594762928	560
XCHTIME	0	0	0	0	0	0	0	0	0	0	0	0
XCHTIME	123	4	18	3633444	178	619	673	549	3631425	134713533975056	134713594762928	560
XCHTIME	0	0	0	0	0	0	0	0	0	0	0	0
XCHTIME	123	4	11	234165	444	686	541	253	232241	134713533975056	134713594762928	560
XCHTIME	0	0	0	0	0	0	0	0	0	0	0	0
XCHTIME	123	4	14	1271360	170	657	609	347	1269577	134713533975056	134713594762928	560
XCHTIME	0	0	0	0	0	0	0	0	0	0	0	0
XCHTIME	123	4	13	2273808	306	644	737	348	2271773	134713533975056	134713594762928	560
XCHTIME	0	0	0	0	0	0	0	0	0	0	0	0
XCHTIME	123	4	16	11858457	218	695	1083	565	11855896	134713533975056	134713594762928	560
XCHTIME	0	0	0	0	0	0	0	0	0	0	0	0
XCHTIME	123	4	6	132426	713	1040	517	156	130000	134713533975056	134713594762928	560
LIFT	ex1265a	123	79	472	79
COUNTS	ex1265a	123	560	3948	3750
XCHTIME	0	0	0	0	0	0	0	0	0	0	0	0
XCHTIME	28	2	4	61629	2803	1290	185	134	57217	134713534053936	134713529455216	68
XCHTIME	0	0	0	0	0	0	0	0	0	0	0	0
XCHTIME	28	2	6	235665	182	417	127	174	234765	134713534053936	134713529455216	68
XCHTIME	0	0	0	0	0	0	0	0	0	0	0	0
XCHTIME	28	2	5	114964	125	369	118	150	114202	134713534053936	134713529455216	68
XCHTIME	0	0	0	0	0	0	0	0	0	0	0	0
XCHTIME	28	4	18	358920	141	382	215	506	357676	134713534053936	134713529455216	68
LADGATE	28	10000	0.157	1
XCHTIME	0	0	0	0	0	0	0	0	0	0	0	0
XCHTIME	28	5	26	421452	405	1139	285	721	418902	134713534053936	134713529455216	68
XCHTIME	0	0	0	0	0	0	0	0	0	0	0	0
XCHTIME	28	4	56	386639	140	387	211	1504	384397	134713534053936	134713529455216	68
XCHTIME	0	0	0	0	0	0	0	0	0	0	0	0
XCHTIME	28	4	15	141170	129	297	222	391	140131	134713534053936	134713529455216	68
XCHTIME	0	0	0	0	0	0	0	0	0	0	0	0
XCHTIME	28	4	10	95781	113	284	181	272	94931	134713534053936	134713529455216	68
XCHTIME	0	0	0	0	0	0	0	0	0	0	0	0
XCHTIME	28	4	18	359984	85	286	205	472	358936	134713534053936	134713529455216	68
XCHTIME	0	0	0	0	0	0	0	0	0	0	0	0
XCHTIME	28	4	11	45162	92	240	202	280	44348	134713534053936	134713529455216	68
XCHTIME	0	0	0	0	0	0	0	0	0	0	0	0
XCHTIME	28	4	14	242301	84	236	227	374	241380	134713534053936	134713529455216	68
XCHTIME	0	0	0	0	0	0	0	0	0	0	0	0
XCHTIME	28	4	13	421721	119	282	215	336	420769	134713534053936	134713529455216	68
XCHTIME	0	0	0	0	0	0	0	0	0	0	0	0
XCHTIME	28	4	16	385061	88	308	206	446	384013	134713534053936	134713529455216	68
XCHTIME	0	0	0	0	0	0	0	0	0	0	0	0
XCHTIME	28	4	6	35142	90	337	183	154	34378	134713534053936	134713529455216	68
COUNTS	ex9_2_6	28	68	190	190
XCHTIME	0	0	0	0	0	0	0	0	0	0	0	0
XCHTIME	481	2	4	1100955	161185	3967	2400	284	933119	134713568471104	134713370267776	88522
XCHTIME	0	0	0	0	0	0	0	0	0	0	0	0
XCHTIME	481	2	6	10110870	29304	5885	2063	487	10073131	134713568471104	134713370267776	88522
XCHTIME	0	0	0	0	0	0	0	0	0	0	0	0
XCHTIME	481	2	5	5206222	23834	3304	2200	367	5176517	134713568471104	134713370267776	88522
XCHTIME	0	0	0	0	0	0	0	0	0	0	0	0
XCHTIME	481	3	15	20475500	20974	2333	3402	1224	20447567	134713568471104	134713370267776	88522
LADGATE	481	10000	0.190	1
XCHTIME	0	0	0	0	0	0	0	0	0	0	0	0
XCHTIME	481	4	10	1849553	27740	3723	4081	587	1813422	134713568471104	134713370267776	88522
XCHTIME	0	0	0	0	0	0	0	0	0	0	0	0
XCHTIME	481	4	66	885685	27571	3981	3413	3618	847102	134713568471104	134713370267776	88522
XCHTIME	0	0	0	0	0	0	0	0	0	0	0	0
XCHTIME	481	4	15	4772235	19001	2165	4278	953	4745838	134713568471104	134713370267776	88522
XCHTIME	0	0	0	0	0	0	0	0	0	0	0	0
XCHTIME	481	4	10	1897175	18073	2018	3926	565	1872593	134713568471104	134713370267776	88522
XCHTIME	0	0	0	0	0	0	0	0	0	0	0	0
XCHTIME	481	3	15	20457349	15527	1984	3327	1185	20435326	134713568471104	134713370267776	88522
XCHTIME	0	0	0	0	0	0	0	0	0	0	0	0
XCHTIME	481	4	11	1281649	26006	2924	3906	627	1248186	134713568471104	134713370267776	88522
XCHTIME	0	0	0	0	0	0	0	0	0	0	0	0
XCHTIME	481	4	14	10043522	16411	1759	3907	911	10020534	134713568471104	134713370267776	88522
XCHTIME	0	0	0	0	0	0	0	0	0	0	0	0
XCHTIME	481	4	13	20181063	19913	2225	3590	1035	20154300	134713568471104	134713370267776	88522
XCHTIME	0	0	0	0	0	0	0	0	0	0	0	0
XCHTIME	481	1	0	19135719	24249	2640	1101	0	19107729	134713568471104	134713370267776	88522
XCHTIME	0	0	0	0	0	0	0	0	0	0	0	0
XCHTIME	481	4	6	1048660	39075	6021	4480	369	998715	134713568471104	134713370267776	88522
LIFT	qspp_0_13_0_1_10_1	481	312	87460	312
COUNTS	qspp_0_13_0_1_10_1	481	88522	10150185	10097446
XCHTIME	0	0	0	0	0	0	0	0	0	0	0	0
XCHTIME	146	2	4	78715	5972	761	443	149	71390	134713595069168	134713537440816	432
XCHTIME	0	0	0	0	0	0	0	0	0	0	0	0
XCHTIME	146	2	6	359586	293	645	363	174	358111	134713595069168	134713537440816	432
XCHTIME	0	0	0	0	0	0	0	0	0	0	0	0
XCHTIME	146	2	5	128982	203	836	312	131	127500	134713595069168	134713537440816	432
XCHTIME	0	0	0	0	0	0	0	0	0	0	0	0
XCHTIME	146	4	18	601203	168	646	729	740	598920	134713595069168	134713537440816	432
LADGATE	146	10000	0.215	1
XCHTIME	0	0	0	0	0	0	0	0	0	0	0	0
XCHTIME	146	5	26	647657	338	1351	990	887	644091	134713595069168	134713537440816	432
XCHTIME	0	0	0	0	0	0	0	0	0	0	0	0
XCHTIME	146	4	66	5565662	183	648	815	2471	5561545	134713595069168	134713537440816	432
XCHTIME	0	0	0	0	0	0	0	0	0	0	0	0
XCHTIME	146	4	15	161244	348	969	689	498	158740	134713595069168	134713537440816	432
XCHTIME	0	0	0	0	0	0	0	0	0	0	0	0
XCHTIME	146	4	10	124668	185	774	617	307	122785	134713595069168	134713537440816	432
XCHTIME	0	0	0	0	0	0	0	0	0	0	0	0
XCHTIME	146	4	18	585954	170	673	725	564	583822	134713595069168	134713537440816	432
XCHTIME	0	0	0	0	0	0	0	0	0	0	0	0
XCHTIME	146	4	11	98195	223	647	613	338	96374	134713595069168	134713537440816	432
XCHTIME	0	0	0	0	0	0	0	0	0	0	0	0
XCHTIME	146	4	14	177798	159	578	644	425	175992	134713595069168	134713537440816	432
XCHTIME	0	0	0	0	0	0	0	0	0	0	0	0
XCHTIME	146	4	13	331780	163	483	682	359	330093	134713595069168	134713537440816	432
XCHTIME	0	0	0	0	0	0	0	0	0	0	0	0
XCHTIME	146	4	16	1555441	168	589	924	593	1553167	134713595069168	134713537440816	432
XCHTIME	0	0	0	0	0	0	0	0	0	0	0	0
XCHTIME	146	4	6	72343	381	627	598	181	70556	134713595069168	134713537440816	432
LIFT	slay04m	146	62	264	62
COUNTS	slay04m	146	432	1554	1554
COUNTS	st_e25	20	92	336	262
XCHTIME	0	0	0	0	0	0	0	0	0	0	0	0
XCHTIME	32	2	4	30477	2629	915	232	133	26568	134713537517280	134713557585856	100
XCHTIME	0	0	0	0	0	0	0	0	0	0	0	0
XCHTIME	32	2	6	150843	252	495	114	134	149848	134713537517280	134713557585856	100
XCHTIME	0	0	0	0	0	0	0	0	0	0	0	0
XCHTIME	32	2	5	48036	248	530	195	155	46908	134713537517280	134713557585856	100
XCHTIME	0	0	0	0	0	0	0	0	0	0	0	0
XCHTIME	32	4	18	373448	127	369	259	464	372229	134713537517280	134713557585856	100
LADGATE	32	10000	0.173	1
XCHTIME	0	0	0	0	0	0	0	0	0	0	0	0
XCHTIME	32	4	10	49874	244	1082	261	299	47988	134713537517280	134713557585856	100
XCHTIME	0	0	0	0	0	0	0	0	0	0	0	0
XCHTIME	32	4	60	630062	138	310	239	1492	627883	134713537517280	134713557585856	100
XCHTIME	0	0	0	0	0	0	0	0	0	0	0	0
XCHTIME	32	4	15	67833	108	582	250	342	66551	134713537517280	134713557585856	100
XCHTIME	0	0	0	0	0	0	0	0	0	0	0	0
XCHTIME	32	4	10	48287	103	460	274	310	47140	134713537517280	134713557585856	100
XCHTIME	0	0	0	0	0	0	0	0	0	0	0	0
XCHTIME	32	4	18	351374	73	326	223	429	350323	134713537517280	134713557585856	100
XCHTIME	0	0	0	0	0	0	0	0	0	0	0	0
XCHTIME	32	4	11	22976	83	309	223	249	22112	134713537517280	134713557585856	100
XCHTIME	0	0	0	0	0	0	0	0	0	0	0	0
XCHTIME	32	4	14	126204	78	279	215	308	125324	134713537517280	134713557585856	100
XCHTIME	0	0	0	0	0	0	0	0	0	0	0	0
XCHTIME	32	4	13	177697	86	423	207	302	176679	134713537517280	134713557585856	100
XCHTIME	0	0	0	0	0	0	0	0	0	0	0	0
XCHTIME	32	4	16	1700823	91	456	205	382	1699689	134713537517280	134713557585856	100
XCHTIME	0	0	0	0	0	0	0	0	0	0	0	0
XCHTIME	32	4	6	15364	269	674	249	168	14004	134713537517280	134713557585856	100
LIFT	ex8_4_1	32	12	40	12
COUNTS	ex8_4_1	32	100	225	225
XCHTIME	0	0	0	0	0	0	0	0	0	0	0	0
XCHTIME	19	2	4	40849	1682	656	166	146	38199	134713539426384	134713541068368	60
XCHTIME	0	0	0	0	0	0	0	0	0	0	0	0
XCHTIME	19	2	6	313142	353	491	96	202	312000	134713539426384	134713541068368	60
XCHTIME	0	0	0	0	0	0	0	0	0	0	0	0
XCHTIME	19	2	5	116675	88	503	91	189	115804	134713539426384	134713541068368	60
XCHTIME	0	0	0	0	0	0	0	0	0	0	0	0
XCHTIME	19	4	18	620944	110	470	165	551	619648	134713539426384	134713541068368	60
LADGATE	19	10000	0.158	1
XCHTIME	0	0	0	0	0	0	0	0	0	0	0	0
XCHTIME	19	5	26	798589	237	621	253	832	796646	134713539426384	134713541068368	60
XCHTIME	0	0	0	0	0	0	0	0	0	0	0	0
XCHTIME	19	4	47	81862	115	461	202	1491	79593	134713539426384	134713541068368	60
XCHTIME	0	0	0	0	0	0	0	0	0	0	0	0
XCHTIME	19	4	15	105721	125	305	176	377	104738	134713539426384	134713541068368	60
XCHTIME	0	0	0	0	0	0	0	0	0	0	0	0
XCHTIME	19	4	10	83845	108	292	165	264	83016	134713539426384	134713541068368	60
XCHTIME	0	0	0	0	0	0	0	0	0	0	0	0
XCHTIME	19	4	18	633564	114	359	182	536	632373	134713539426384	134713541068368	60
XCHTIME	0	0	0	0	0	0	0	0	0	0	0	0
XCHTIME	19	4	11	52926	114	354	174	333	51951	134713539426384	134713541068368	60
XCHTIME	0	0	0	0	0	0	0	0	0	0	0	0
XCHTIME	19	4	14	194083	108	255	189	403	193128	134713539426384	134713541068368	60
XCHTIME	0	0	0	0	0	0	0	0	0	0	0	0
XCHTIME	19	4	13	325271	108	272	162	364	324365	134713539426384	134713541068368	60
XCHTIME	0	0	0	0	0	0	0	0	0	0	0	0
XCHTIME	19	4	16	2240593	109	246	276	591	2239371	134713539426384	134713541068368	60
XCHTIME	0	0	0	0	0	0	0	0	0	0	0	0
XCHTIME	19	4	6	29992	378	347	161	169	28937	134713539426384	134713541068368	60
COUNTS	st_e07	19	60	199	199
XCHTIME	0	0	0	0	0	0	0	0	0	0	0	0
XCHTIME	26	2	4	26857	2079	493	163	108	24014	134713541070320	134713537446976	66
XCHTIME	0	0	0	0	0	0	0	0	0	0	0	0
XCHTIME	26	2	6	145057	194	300	129	121	144313	134713541070320	134713537446976	66
XCHTIME	0	0	0	0	0	0	0	0	0	0	0	0
XCHTIME	26	2	5	73730	154	272	145	97	73062	134713541070320	134713537446976	66
XCHTIME	0	0	0	0	0	0	0	0	0	0	0	0
XCHTIME	26	4	18	338876	129	240	188	410	337909	134713541070320	134713537446976	66
LADGATE	26	10000	0.158	1
XCHTIME	0	0	0	0	0	0	0	0	0	0	0	0
XCHTIME	26	5	26	363344	273	514	299	574	361684	134713541070320	134713537446976	66
XCHTIME	0	0	0	0	0	0	0	0	0	0	0	0
XCHTIME	26	4	54	12706	140	346	190	1392	10638	134713541070320	134713537446976	66
XCHTIME	0	0	0	0	0	0	0	0	0	0	0	0
XCHTIME	26	4	15	83055	100	207	189	301	82258	134713541070320	134713537446976	66
XCHTIME	0	0	0	0	0	0	0	0	0	0	0	0
XCHTIME	26	4	10	56448	108	280	197	201	55662	134713541070320	134713537446976	66
XCHTIME	0	0	0	0	0	0	0	0	0	0	0	0
XCHTIME	26	4	18	336484	76	243	196	386	335583	134713541070320	134713537446976	66
XCHTIME	0	0	0	0	0	0	0	0	0	0	0	0
XCHTIME	26	4	11	34746	159	252	200	220	33915	134713541070320	134713537446976	66
XCHTIME	0	0	0	0	0	0	0	0	0	0	0	0
XCHTIME	26	4	14	83213	113	349	227	363	82161	134713541070320	134713537446976	66
XCHTIME	0	0	0	0	0	0	0	0	0	0	0	0
XCHTIME	26	4	13	191384	98	266	189	282	190549	134713541070320	134713537446976	66
XCHTIME	0	0	0	0	0	0	0	0	0	0	0	0
XCHTIME	26	4	16	907126	90	259	224	373	906180	134713541070320	134713537446976	66
XCHTIME	0	0	0	0	0	0	0	0	0	0	0	0
XCHTIME	26	4	6	22939	299	311	196	130	22003	134713541070320	134713537446976	66
COUNTS	ex1225	26	66	171	161
XCHTIME	0	0	0	0	0	0	0	0	0	0	0	0
XCHTIME	969	2	4	941173	23082	4100	5928	406	907657	134713595024496	134713569976384	5882
XCHTIME	0	0	0	0	0	0	0	0	0	0	0	0
XCHTIME	969	2	6	8347954	1282	3200	7051	643	8335778	134713595024496	134713569976384	5882
XCHTIME	0	0	0	0	0	0	0	0	0	0	0	0
XCHTIME	969	2	5	3058781	1840	3643	6239	513	3046546	134713595024496	134713569976384	5882
XCHTIME	0	0	0	0	0	0	0	0	0	0	0	0
XCHTIME	969	4	18	17235672	1823	3284	12809	1794	17215962	134713595024496	134713569976384	5882
LADGATE	969	10000	0.551	1
XCHTIME	0	0	0	0	0	0	0	0	0	0	0	0
XCHTIME	969	5	26	21477027	2344	4609	15603	2435	21452036	134713595024496	134713569976384	5882
XCHTIME	0	0	0	0	0	0	0	0	0	0	0	0
XCHTIME	969	4	66	7068633	2218	4714	19267	5196	7037238	134713595024496	134713569976384	5882
XCHTIME	0	0	0	0	0	0	0	0	0	0	0	0
XCHTIME	969	4	15	3189459	2252	5136	11113	1284	3169674	134713595024496	134713569976384	5882
XCHTIME	0	0	0	0	0	0	0	0	0	0	0	0
XCHTIME	969	4	10	1687258	1473	3088	11014	951	1670732	134713595024496	134713569976384	5882
XCHTIME	0	0	0	0	0	0	0	0	0	0	0	0
XCHTIME	969	4	18	16965789	1174	3136	11621	1718	16948140	134713595024496	134713569976384	5882
XCHTIME	0	0	0	0	0	0	0	0	0	0	0	0
XCHTIME	969	4	11	1002960	2511	4124	10942	1016	984367	134713595024496	134713569976384	5882
XCHTIME	0	0	0	0	0	0	0	0	0	0	0	0
XCHTIME	969	4	14	6003289	1164	3049	10801	1419	5986856	134713595024496	134713569976384	5882
XCHTIME	0	0	0	0	0	0	0	0	0	0	0	0
XCHTIME	969	4	13	10156079	1385	3151	10598	1274	10139671	134713595024496	134713569976384	5882
XCHTIME	0	0	0	0	0	0	0	0	0	0	0	0
XCHTIME	969	2	5	17199739	1485	3107	13017	693	17181437	134713595024496	134713569976384	5882
XCHTIME	0	0	0	0	0	0	0	0	0	0	0	0
XCHTIME	969	4	6	717417	3217	9356	11602	551	692691	134713595024496	134713569976384	5882
LIFT	ndcc13	969	735	6656	735
COUNTS	ndcc13	969	5882	525212	324727
XCHTIME	0	0	0	0	0	0	0	0	0	0	0	0
XCHTIME	1224	2	4	1241395	23406	4485	8715	256	1204533	134713529643440	134713594829472	3384
XCHTIME	0	0	0	0	0	0	0	0	0	0	0	0
XCHTIME	1224	2	6	7573862	842	4518	12315	456	7555731	134713529643440	134713594829472	3384
XCHTIME	0	0	0	0	0	0	0	0	0	0	0	0
XCHTIME	1224	2	5	2902522	1526	12095	8197	357	2880347	134713529643440	134713594829472	3384
XCHTIME	0	0	0	0	0	0	0	0	0	0	0	0
XCHTIME	1224	4	18	14932298	1035	4549	29412	1321	14895981	134713529643440	134713594829472	3384
LADGATE	1224	10000	0.282	1
XCHTIME	0	0	0	0	0	0	0	0	0	0	0	0
XCHTIME	1224	5	26	21652666	2203	8855	34832	1890	21604886	134713529643440	134713594829472	3384
XCHTIME	0	0	0	0	0	0	0	0	0	0	0	0
XCHTIME	1224	4	66	5718359	2267	8231	36510	3292	5668059	134713529643440	134713594829472	3384
XCHTIME	0	0	0	0	0	0	0	0	0	0	0	0
XCHTIME	1224	4	15	3545061	2803	8361	16673	924	3516300	134713529643440	134713594829472	3384
XCHTIME	0	0	0	0	0	0	0	0	0	0	0	0
XCHTIME	1224	4	10	2309461	821	4243	16455	624	2287318	134713529643440	134713594829472	3384
XCHTIME	0	0	0	0	0	0	0	0	0	0	0	0
XCHTIME	1224	4	18	14905799	798	4157	27241	1330	14872273	134713529643440	134713594829472	3384
XCHTIME	0	0	0	0	0	0	0	0	0	0	0	0
XCHTIME	1224	4	11	1517941	1897	9457	16810	706	1489071	134713529643440	134713594829472	3384
XCHTIME	0	0	0	0	0	0	0	0	0	0	0	0
XCHTIME	1224	4	14	5571570	923	4047	16846	954	5548800	134713529643440	134713594829472	3384
XCHTIME	0	0	0	0	0	0	0	0	0	0	0	0
XCHTIME	1224	4	13	9466160	922	4434	18275	836	9441693	134713529643440	134713594829472	3384
XCHTIME	0	0	0	0	0	0	0	0	0	0	0	0
XCHTIME	1224	2	5	14142017	1341	5141	20722	421	14114392	134713529643440	134713594829472	3384
XCHTIME	0	0	0	0	0	0	0	0	0	0	0	0
XCHTIME	1224	4	6	1124418	2251	16841	16802	437	1088087	134713529643440	134713594829472	3384
LIFT	syn10m04m	1224	620	2256	620
COUNTS	syn10m04m	1224	3384	13501	13463
XCHTIME	0	0	0	0	0	0	0	0	0	0	0	0
XCHTIME	18	2	4	36942	2039	1071	145	150	33537	134713533987200	134713529653248	62
XCHTIME	0	0	0	0	0	0	0	0	0	0	0	0
XCHTIME	18	2	6	312491	365	343	154	201	311428	134713533987200	134713529653248	62
XCHTIME	0	0	0	0	0	0	0	0	0	0	0	0
XCHTIME	18	2	5	100185	108	246	93	143	99595	134713533987200	134713529653248	62
XCHTIME	0	0	0	0	0	0	0	0	0	0	0	0
XCHTIME	18	4	18	489105	87	299	190	624	487905	134713533987200	134713529653248	62
LADGATE	18	10000	0.150	1
XCHTIME	0	0	0	0	0	0	0	0	0	0	0	0
XCHTIME	18	5	26	585247	416	505	317	794	583215	134713533987200	134713529653248	62
XCHTIME	0	0	0	0	0	0	0	0	0	0	0	0
XCHTIME	18	4	45	41972	143	349	147	1337	39996	134713533987200	134713529653248	62
XCHTIME	0	0	0	0	0	0	0	0	0	0	0	0
XCHTIME	18	4	15	104046	125	320	146	383	103072	134713533987200	134713529653248	62
XCHTIME	0	0	0	0	0	0	0	0	0	0	0	0
XCHTIME	18	4	10	73233	101	260	158	246	72468	134713533987200	134713529653248	62
XCHTIME	0	0	0	0	0	0	0	0	0	0	0	0
XCHTIME	18	4	18	488018	88	253	203	626	486848	134713533987200	134713529653248	62
XCHTIME	0	0	0	0	0	0	0	0	0	0	0	0
XCHTIME	18	4	11	44935	135	300	188	297	44015	134713533987200	134713529653248	62
XCHTIME	0	0	0	0	0	0	0	0	0	0	0	0
XCHTIME	18	4	14	172859	124	302	159	385	171889	134713533987200	134713529653248	62
XCHTIME	0	0	0	0	0	0	0	0	0	0	0	0
XCHTIME	18	4	13	235369	92	306	174	325	234472	134713533987200	134713529653248	62
XCHTIME	0	0	0	0	0	0	0	0	0	0	0	0
XCHTIME	18	4	16	911970	93	257	193	482	910945	134713533987200	134713529653248	62
XCHTIME	0	0	0	0	0	0	0	0	0	0	0	0
XCHTIME	18	4	6	26617	116	290	163	175	25873	134713533987200	134713529653248	62
COUNTS	ex5_2_4	18	62	204	193
XCHTIME	0	0	0	0	0	0	0	0	0	0	0	0
XCHTIME	72	2	4	115002	5264	572	356	264	108546	134713529347056	134713565759312	1226
XCHTIME	0	0	0	0	0	0	0	0	0	0	0	0
XCHTIME	72	2	6	1382817	301	596	241	546	1381133	134713529347056	134713565759312	1226
XCHTIME	0	0	0	0	0	0	0	0	0	0	0	0
XCHTIME	72	2	5	357282	301	569	245	396	355771	134713529347056	134713565759312	1226
XCHTIME	0	0	0	0	0	0	0	0	0	0	0	0
XCHTIME	72	4	18	2458563	274	738	422	1450	2455679	134713529347056	134713565759312	1226
LADGATE	72	10000	0.205	1
XCHTIME	0	0	0	0	0	0	0	0	0	0	0	0
XCHTIME	72	4	10	183744	367	1021	372	572	181412	134713529347056	134713565759312	1226
XCHTIME	0	0	0	0	0	0	0	0	0	0	0	0
XCHTIME	72	4	66	27204	285	556	388	4956	21019	134713529347056	134713565759312	1226
XCHTIME	0	0	0	0	0	0	0	0	0	0	0	0
XCHTIME	72	4	15	386489	253	529	457	907	384343	134713529347056	134713565759312	1226
XCHTIME	0	0	0	0	0	0	0	0	0	0	0	0
XCHTIME	72	4	10	190525	230	523	372	490	188910	134713529347056	134713565759312	1226
XCHTIME	0	0	0	0	0	0	0	0	0	0	0	0
XCHTIME	72	4	18	2458057	251	477	491	1413	2455425	134713529347056	134713565759312	1226
XCHTIME	0	0	0	0	0	0	0	0	0	0	0	0
XCHTIME	72	4	11	94124	278	615	364	566	92301	134713529347056	134713565759312	1226
XCHTIME	0	0	0	0	0	0	0	0	0	0	0	0
XCHTIME	72	4	14	734497	243	475	396	950	732433	134713529347056	134713565759312	1226
XCHTIME	0	0	0	0	0	0	0	0	0	0	0	0
XCHTIME	72	4	13	1377226	442	516	441	990	1374837	134713529347056	134713565759312	1226
XCHTIME	0	0	0	0	0	0	0	0	0	0	0	0
XCHTIME	72	4	16	10416334	239	547	763	1395	10413390	134713529347056	134713565759312	1226
XCHTIME	0	0	0	0	0	0	0	0	0	0	0	0
XCHTIME	72	4	6	51614	566	936	417	160	49535	134713529347056	134713565759312	1226
LIFT	st_m2	72	21	420	21
COUNTS	st_m2	72	1226	16331	16331
XCHTIME	0	0	0	0	0	0	0	0	0	0	0	0
XCHTIME	16	2	4	28412	1510	405	124	156	26217	134713534629840	134713529323840	44
XCHTIME	0	0	0	0	0	0	0	0	0	0	0	0
XCHTIME	16	2	6	92557	244	264	88	164	91797	134713534629840	134713529323840	44
XCHTIME	0	0	0	0	0	0	0	0	0	0	0	0
XCHTIME	16	2	5	94559	125	276	77	143	93938	134713534629840	134713529323840	44
XCHTIME	0	0	0	0	0	0	0	0	0	0	0	0
XCHTIME	16	4	18	469690	99	237	142	515	468697	134713534629840	134713529323840	44
LADGATE	16	10000	0.134	1
XCHTIME	0	0	0	0	0	0	0	0	0	0	0	0
XCHTIME	16	5	26	501914	251	548	202	740	500173	134713534629840	134713529323840	44
XCHTIME	0	0	0	0	0	0	0	0	0	0	0	0
XCHTIME	16	4	41	11926	116	333	166	1125	10186	134713534629840	134713529323840	44
XCHTIME	0	0	0	0	0	0	0	0	0	0	0	0
XCHTIME	16	4	15	73708	79	241	186	326	72876	134713534629840	134713529323840	44
XCHTIME	0	0	0	0	0	0	0	0	0	0	0	0
XCHTIME	16	4	10	52122	133	254	134	213	51388	134713534629840	134713529323840	44
XCHTIME	0	0	0	0	0	0	0	0	0	0	0	0
XCHTIME	16	4	18	462712	86	275	158	492	461701	134713534629840	134713529323840	44
XCHTIME	0	0	0	0	0	0	0	0	0	0	0	0
XCHTIME	16	4	11	38619	91	235	131	269	37893	134713534629840	134713529323840	44
XCHTIME	0	0	0	0	0	0	0	0	0	0	0	0
XCHTIME	16	4	14	119909	88	214	148	346	119113	134713534629840	134713529323840	44
XCHTIME	0	0	0	0	0	0	0	0	0	0	0	0
XCHTIME	16	4	13	191886	84	249	161	329	191063	134713534629840	134713529323840	44
XCHTIME	0	0	0	0	0	0	0	0	0	0	0	0
XCHTIME	16	4	16	2470505	85	259	189	538	2469434	134713534629840	134713529323840	44
XCHTIME	0	0	0	0	0	0	0	0	0	0	0	0
XCHTIME	16	4	6	17250	141	287	162	138	16522	134713534629840	134713529323840	44
COUNTS	st_bpk1	16	44	115	108
XCHTIME	0	0	0	0	0	0	0	0	0	0	0	0
XCHTIME	736	2	4	1208840	21349	2541	3904	234	1180812	134713595032272	134713547386016	3594
XCHTIME	0	0	0	0	0	0	0	0	0	0	0	0
XCHTIME	736	2	6	8237028	826	2364	4995	472	8228371	134713595032272	134713547386016	3594
XCHTIME	0	0	0	0	0	0	0	0	0	0	0	0
XCHTIME	736	2	5	3516402	1307	4274	3706	280	3506835	134713595032272	134713547386016	3594
XCHTIME	0	0	0	0	0	0	0	0	0	0	0	0
XCHTIME	736	4	18	17310608	774	2222	9000	1150	17297462	134713595032272	134713547386016	3594
LADGATE	736	10000	0.574	1
XCHTIME	0	0	0	0	0	0	0	0	0	0	0	0
XCHTIME	736	5	26	26757465	1533	3762	11678	1550	26738942	134713595032272	134713547386016	3594
XCHTIME	0	0	0	0	0	0	0	0	0	0	0	0
XCHTIME	736	3	57	6813423	1706	4320	9785	2940	6794672	134713595032272	134713547386016	3594
XCHTIME	0	0	0	0	0	0	0	0	0	0	0	0
XCHTIME	736	4	15	3706777	2200	3675	7265	852	3692785	134713595032272	134713547386016	3594
XCHTIME	0	0	0	0	0	0	0	0	0	0	0	0
XCHTIME	736	4	10	2233169	846	2397	7038	560	2222328	134713595032272	134713547386016	3594
XCHTIME	0	0	0	0	0	0	0	0	0	0	0	0
XCHTIME	736	4	18	17347247	645	2182	8911	1234	17334275	134713595032272	134713547386016	3594
XCHTIME	0	0	0	0	0	0	0	0	0	0	0	0
XCHTIME	736	4	11	1299049	1341	2951	6833	541	1287383	134713595032272	134713547386016	3594
XCHTIME	0	0	0	0	0	0	0	0	0	0	0	0
XCHTIME	736	4	14	6815499	641	2003	6951	914	6804990	134713595032272	134713547386016	3594
XCHTIME	0	0	0	0	0	0	0	0	0	0	0	0
XCHTIME	736	4	13	11463883	875	2140	6924	868	11453076	134713595032272	134713547386016	3594
XCHTIME	0	0	0	0	0	0	0	0	0	0	0	0
XCHTIME	736	2	5	15782407	1000	2134	6905	497	15771871	134713595032272	134713547386016	3594
XCHTIME	0	0	0	0	0	0	0	0	0	0	0	0
XCHTIME	736	4	6	894093	2322	5840	6731	278	878922	134713595032272	134713547386016	3594
LIFT	multiplants_stg1	736	321	3112	321
COUNTS	multiplants_stg1	736	3594	197998	155496
XCHTIME	0	0	0	0	0	0	0	0	0	0	0	0
XCHTIME	11251	1	0	5438094	2452691	1219924	1211317	0	554162	134713369538992	134713369629024	41918
XCHTIME	0	0	0	0	0	0	0	0	0	0	0	0
XCHTIME	11251	1	0	3665217	21901	1206411	1249606	0	1187299	134713369538992	134713369629024	41918
XCHTIME	0	0	0	0	0	0	0	0	0	0	0	0
XCHTIME	11251	1	0	3289603	20658	1197179	1196439	0	875327	134713369538992	134713369629024	41918
XCHTIME	0	0	0	0	0	0	0	0	0	0	0	0
XCHTIME	11251	1	0	11452495	21745	1263820	1212572	0	8954358	134713369538992	134713369629024	41918
LADGATE	11251	10000	0.712	0
XCHTIME	0	0	0	0	0	0	0	0	0	0	0	0
XCHTIME	11251	5	26	198795564	22217	1213502	6098747	11044	191450054	134713369538992	134713369629024	41918
XCHTIME	0	0	0	0	0	0	0	0	0	0	0	0
XCHTIME	11251	1	0	6015347	22935	1252670	1228637	0	3511105	134713369538992	134713369629024	41918
XCHTIME	0	0	0	0	0	0	0	0	0	0	0	0
XCHTIME	11251	1	0	6123855	21032	1215390	1200899	0	3686534	134713369538992	134713369629024	41918
XCHTIME	0	0	0	0	0	0	0	0	0	0	0	0
XCHTIME	11251	1	0	10813234	21991	1181872	1215433	0	8393938	134713369538992	134713369629024	41918
XCHTIME	0	0	0	0	0	0	0	0	0	0	0	0
XCHTIME	11251	1	0	11420150	22610	1263112	1218818	0	8915610	134713369538992	134713369629024	41918
XCHTIME	0	0	0	0	0	0	0	0	0	0	0	0
XCHTIME	11251	1	0	10628820	22097	1224322	1227897	0	8154504	134713369538992	134713369629024	41918
XCHTIME	0	0	0	0	0	0	0	0	0	0	0	0
XCHTIME	11251	1	0	11686381	22098	1206737	1197926	0	9259620	134713369538992	134713369629024	41918
XCHTIME	0	0	0	0	0	0	0	0	0	0	0	0
XCHTIME	11251	1	0	11871025	21838	1249074	1205568	0	9394545	134713369538992	134713369629024	41918
XCHTIME	0	0	0	0	0	0	0	0	0	0	0	0
XCHTIME	11251	1	0	10112418	22240	1316475	1291611	0	7482092	134713369538992	134713369629024	41918
XCHTIME	0	0	0	0	0	0	0	0	0	0	0	0
XCHTIME	11251	1	0	10049252	23062	1268797	1246683	0	7510710	134713369538992	134713369629024	41918
LIFT	powerflow0300p	11251	6342	34748	6342
COUNTS	powerflow0300p	11251	41918	304705	290023
LADGATE	33155	10000	0.475	0
LIFT	nd_netgen-3000-1-1-b-b-ns_7	33155	15155	54000	15155
COUNTS	nd_netgen-3000-1-1-b-b-ns_7	33155	90000	922197	885186
XCHTIME	0	0	0	0	0	0	0	0	0	0	0	0
XCHTIME	803	2	4	1322966	20006	3079	4125	257	1295499	134713594863360	134713571830224	6462
XCHTIME	0	0	0	0	0	0	0	0	0	0	0	0
XCHTIME	803	2	6	8603261	1467	2390	4341	413	8594650	134713594863360	134713571830224	6462
XCHTIME	0	0	0	0	0	0	0	0	0	0	0	0
XCHTIME	803	2	5	4286756	1895	2682	3829	308	4278042	134713594863360	134713571830224	6462
XCHTIME	0	0	0	0	0	0	0	0	0	0	0	0
XCHTIME	803	3	15	17668400	2051	2632	6299	959	17656459	134713594863360	134713571830224	6462
LADGATE	803	10000	0.476	1
XCHTIME	0	0	0	0	0	0	0	0	0	0	0	0
XCHTIME	803	5	26	34133253	2536	2976	10126	1612	34116003	134713594863360	134713571830224	6462
XCHTIME	0	0	0	0	0	0	0	0	0	0	0	0
XCHTIME	803	4	66	7696433	2560	2525	13504	3855	7673989	134713594863360	134713571830224	6462
XCHTIME	0	0	0	0	0	0	0	0	0	0	0	0
XCHTIME	803	4	15	4813379	3032	3038	7941	852	4798516	134713594863360	134713571830224	6462
XCHTIME	0	0	0	0	0	0	0	0	0	0	0	0
XCHTIME	803	4	10	2607844	1892	2590	7964	694	2594704	134713594863360	134713571830224	6462
XCHTIME	0	0	0	0	0	0	0	0	0	0	0	0
XCHTIME	803	3	15	17559817	1134	2335	6370	945	17549033	134713594863360	134713571830224	6462
XCHTIME	0	0	0	0	0	0	0	0	0	0	0	0
XCHTIME	803	4	11	1350410	2317	3017	7820	591	1336665	134713594863360	134713571830224	6462
XCHTIME	0	0	0	0	0	0	0	0	0	0	0	0
XCHTIME	803	4	14	8486753	1015	2409	7713	857	8474759	134713594863360	134713571830224	6462
XCHTIME	0	0	0	0	0	0	0	0	0	0	0	0
XCHTIME	803	4	13	15026709	1705	2369	7604	844	15014187	134713594863360	134713571830224	6462
XCHTIME	0	0	0	0	0	0	0	0	0	0	0	0
XCHTIME	803	1	0	15551494	1321	2474	1983	0	15545716	134713594863360	134713571830224	6462
XCHTIME	0	0	0	0	0	0	0	0	0	0	0	0
XCHTIME	803	4	6	871539	3509	7466	7946	379	852239	134713594863360	134713571830224	6462
LIFT	sonet23v4	803	547	5952	547
COUNTS	sonet23v4	803	6462	139703	94348
XCHTIME	0	0	0	0	0	0	0	0	0	0	0	0
XCHTIME	1649	2	4	3405352	63737	18186	18806	410	3304213	134713571957952	134713568999456	24192
XCHTIME	0	0	0	0	0	0	0	0	0	0	0	0
XCHTIME	1649	1	0	8136010	7486	8726	7517	0	8112281	134713571957952	134713568999456	24192
XCHTIME	0	0	0	0	0	0	0	0	0	0	0	0
XCHTIME	1649	2	5	6152978	8372	17945	19191	636	6106834	134713571957952	134713568999456	24192
XCHTIME	0	0	0	0	0	0	0	0	0	0	0	0
XCHTIME	1649	1	0	16614099	6454	9673	7363	0	16590609	134713571957952	134713568999456	24192
LADGATE	1649	10000	0.451	1
XCHTIME	0	0	0	0	0	0	0	0	0	0	0	0
XCHTIME	1649	5	26	86350823	12281	20874	89110	2829	86225729	134713571957952	134713568999456	24192
XCHTIME	0	0	0	0	0	0	0	0	0	0	0	0
XCHTIME	1649	3	57	7634262	10226	20357	54226	3084	7546369	134713571957952	134713568999456	24192
XCHTIME	0	0	0	0	0	0	0	0	0	0	0	0
XCHTIME	1649	4	15	6175086	10507	9324	32454	1111	6121690	134713571957952	134713568999456	24192
XCHTIME	0	0	0	0	0	0	0	0	0	0	0	0
XCHTIME	1649	4	10	4079797	8302	8686	30164	842	4031803	134713571957952	134713568999456	24192
XCHTIME	0	0	0	0	0	0	0	0	0	0	0	0
XCHTIME	1649	3	15	15801117	5358	7440	52956	1423	15733940	134713571957952	134713568999456	24192
XCHTIME	0	0	0	0	0	0	0	0	0	0	0	0
XCHTIME	1649	4	11	2924807	10546	22186	44566	931	2846578	134713571957952	134713568999456	24192
XCHTIME	0	0	0	0	0	0	0	0	0	0	0	0
XCHTIME	1649	4	14	9746316	8619	11508	41681	1200	9683308	134713571957952	134713568999456	24192
XCHTIME	0	0	0	0	0	0	0	0	0	0	0	0
XCHTIME	1649	4	13	15285930	9022	9775	39462	1214	15226457	134713571957952	134713568999456	24192
XCHTIME	0	0	0	0	0	0	0	0	0	0	0	0
XCHTIME	1649	1	0	16631162	7374	10732	7188	0	16605868	134713571957952	134713568999456	24192
XCHTIME	0	0	0	0	0	0	0	0	0	0	0	0
XCHTIME	1649	4	6	2368591	10706	30335	42340	758	2284452	134713571957952	134713568999456	24192
LIFT	pooling_sppa0pq	1649	1648	24190	1648
COUNTS	pooling_sppa0pq	1649	24192	3745896	1187945
XCHTIME	0	0	0	0	0	0	0	0	0	0	0	0
XCHTIME	645	2	4	1146167	21307	2606	3414	168	1118672	134713545215280	134713567907664	4404
XCHTIME	0	0	0	0	0	0	0	0	0	0	0	0
XCHTIME	645	2	6	9854735	927	2058	3420	464	9847866	134713545215280	134713567907664	4404
XCHTIME	0	0	0	0	0	0	0	0	0	0	0	0
XCHTIME	645	2	5	3543877	1759	2539	2913	317	3536349	134713545215280	134713567907664	4404
XCHTIME	0	0	0	0	0	0	0	0	0	0	0	0
XCHTIME	645	4	18	19727716	1003	2218	5973	1282	19717240	134713545215280	134713567907664	4404
LADGATE	645	10000	0.568	1
XCHTIME	0	0	0	0	0	0	0	0	0	0	0	0
XCHTIME	645	5	26	26622569	1724	2007	6886	1893	26610059	134713545215280	134713567907664	4404
XCHTIME	0	0	0	0	0	0	0	0	0	0	0	0
XCHTIME	645	3	57	7562039	1510	2133	8154	3809	7546433	134713545215280	134713567907664	4404
XCHTIME	0	0	0	0	0	0	0	0	0	0	0	0
XCHTIME	645	4	15	3721215	2439	3144	6834	690	3708108	134713545215280	134713567907664	4404
XCHTIME	0	0	0	0	0	0	0	0	0	0	0	0
XCHTIME	645	4	10	2071454	1583	2474	6006	533	2060858	134713545215280	134713567907664	4404
XCHTIME	0	0	0	0	0	0	0	0	0	0	0	0
XCHTIME	645	4	18	18905754	850	1942	6078	1253	18895631	134713545215280	134713567907664	4404
XCHTIME	0	0	0	0	0	0	0	0	0	0	0	0
XCHTIME	645	4	11	1142433	1590	2123	5687	515	1132518	134713545215280	134713567907664	4404
XCHTIME	0	0	0	0	0	0	0	0	0	0	0	0
XCHTIME	645	4	14	6584676	763	1821	5586	768	6575738	134713545215280	134713567907664	4404
XCHTIME	0	0	0	0	0	0	0	0	0	0	0	0
XCHTIME	645	4	13	11448640	986	1988	5656	796	11439214	134713545215280	134713567907664	4404
XCHTIME	0	0	0	0	0	0	0	0	0	0	0	0
XCHTIME	645	2	5	17944808	1126	2026	6526	437	17934693	134713545215280	134713567907664	4404
XCHTIME	0	0	0	0	0	0	0	0	0	0	0	0
XCHTIME	645	4	6	774436	2561	3192	5588	178	762917	134713545215280	134713567907664	4404
LIFT	multiplants_mtg1b	645	406	4016	406
COUNTS	multiplants_mtg1b	645	4404	229415	152043
XCHTIME	0	0	0	0	0	0	0	0	0	0	0	0
XCHTIME	338	2	4	485451	19580	4012	2562	429	458868	134713558007520	134713595372048	1168
XCHTIME	0	0	0	0	0	0	0	0	0	0	0	0
XCHTIME	338	2	6	3704085	879	2736	2086	361	3698023	134713558007520	134713595372048	1168
XCHTIME	0	0	0	0	0	0	0	0	0	0	0	0
XCHTIME	338	2	5	1299306	1813	4189	2871	600	1289833	134713558007520	134713595372048	1168
XCHTIME	0	0	0	0	0	0	0	0	0	0	0	0
XCHTIME	338	4	18	7450754	2509	4968	8137	1889	7433251	134713558007520	134713595372048	1168
LADGATE	338	10000	0.265	1
XCHTIME	0	0	0	0	0	0	0	0	0	0	0	0
XCHTIME	338	5	26	7431643	1783	4392	5394	1901	7418173	134713558007520	134713595372048	1168
XCHTIME	0	0	0	0	0	0	0	0	0	0	0	0
XCHTIME	338	4	66	4093927	1300	2492	3333	2740	4084062	134713558007520	134713595372048	1168
XCHTIME	0	0	0	0	0	0	0	0	0	0	0	0
XCHTIME	338	4	15	1067959	1153	3601	3124	712	1059369	134713558007520	134713595372048	1168
XCHTIME	0	0	0	0	0	0	0	0	0	0	0	0
XCHTIME	338	4	10	693526	499	1981	3009	544	687493	134713558007520	134713595372048	1168
XCHTIME	0	0	0	0	0	0	0	0	0	0	0	0
XCHTIME	338	4	18	5562284	572	1793	2990	879	5556050	134713558007520	134713595372048	1168
XCHTIME	0	0	0	0	0	0	0	0	0	0	0	0
XCHTIME	338	4	11	368609	760	1791	2627	469	362962	134713558007520	134713595372048	1168
XCHTIME	0	0	0	0	0	0	0	0	0	0	0	0
XCHTIME	338	4	14	1942103	312	1490	2591	646	1937064	134713558007520	134713595372048	1168
XCHTIME	0	0	0	0	0	0	0	0	0	0	0	0
XCHTIME	338	4	13	3503776	398	1621	2412	625	3498720	134713558007520	134713595372048	1168
XCHTIME	0	0	0	0	0	0	0	0	0	0	0	0
XCHTIME	338	4	16	20109728	544	1630	4522	869	20102163	134713558007520	134713595372048	1168
XCHTIME	0	0	0	0	0	0	0	0	0	0	0	0
XCHTIME	338	4	6	253791	1347	3601	2349	283	246211	134713558007520	134713595372048	1168
LIFT	sssd18-08persp	338	138	768	138
COUNTS	sssd18-08persp	338	1168	4654	4654
XCHTIME	0	0	0	0	0	0	0	0	0	0	0	0
XCHTIME	19	2	4	37334	2426	876	171	193	33668	134713529325072	134713557001936	54
XCHTIME	0	0	0	0	0	0	0	0	0	0	0	0
XCHTIME	19	2	6	290632	249	466	109	169	289639	134713529325072	134713557001936	54
XCHTIME	0	0	0	0	0	0	0	0	0	0	0	0
XCHTIME	19	2	5	50091	145	452	126	166	49202	134713529325072	134713557001936	54
XCHTIME	0	0	0	0	0	0	0	0	0	0	0	0
XCHTIME	19	4	18	309160	96	365	224	540	307935	134713529325072	134713557001936	54
LADGATE	19	10000	0.171	1
XCHTIME	0	0	0	0	0	0	0	0	0	0	0	0
XCHTIME	19	5	26	453494	282	703	270	772	451467	134713529325072	134713557001936	54
XCHTIME	0	0	0	0	0	0	0	0	0	0	0	0
XCHTIME	19	4	47	78418	112	362	197	1516	76231	134713529325072	134713557001936	54
XCHTIME	0	0	0	0	0	0	0	0	0	0	0	0
XCHTIME	19	4	15	88908	108	302	197	424	87877	134713529325072	134713557001936	54
XCHTIME	0	0	0	0	0	0	0	0	0	0	0	0
XCHTIME	19	4	10	60829	76	210	156	277	60110	134713529325072	134713557001936	54
XCHTIME	0	0	0	0	0	0	0	0	0	0	0	0
XCHTIME	19	4	18	300571	79	226	179	520	299567	134713529325072	134713557001936	54
XCHTIME	0	0	0	0	0	0	0	0	0	0	0	0
XCHTIME	19	4	11	33135	81	227	181	310	32336	134713529325072	134713557001936	54
XCHTIME	0	0	0	0	0	0	0	0	0	0	0	0
XCHTIME	19	4	14	122302	78	204	176	400	121444	134713529325072	134713557001936	54
XCHTIME	0	0	0	0	0	0	0	0	0	0	0	0
XCHTIME	19	4	13	177393	89	223	163	382	176536	134713529325072	134713557001936	54
XCHTIME	0	0	0	0	0	0	0	0	0	0	0	0
XCHTIME	19	4	16	1233541	78	228	232	500	1232503	134713529325072	134713557001936	54
XCHTIME	0	0	0	0	0	0	0	0	0	0	0	0
XCHTIME	19	4	6	18863	248	307	174	176	17958	134713529325072	134713557001936	54
COUNTS	ex9_1_2	19	54	188	179
XCHTIME	0	0	0	0	0	0	0	0	0	0	0	0
XCHTIME	3670	1	0	2360568	251753	88149	90513	0	1930153	134713569409072	134713370022256	19322
XCHTIME	0	0	0	0	0	0	0	0	0	0	0	0
XCHTIME	3670	1	0	3859370	8835	81796	87932	0	3680807	134713569409072	134713370022256	19322
XCHTIME	0	0	0	0	0	0	0	0	0	0	0	0
XCHTIME	3670	1	0	3198399	8349	99167	85931	0	3004952	134713569409072	134713370022256	19322
XCHTIME	0	0	0	0	0	0	0	0	0	0	0	0
XCHTIME	3670	1	0	11732608	8070	95572	82137	0	11546829	134713569409072	134713370022256	19322
LADGATE	3670	10000	0.856	1
XCHTIME	0	0	0	0	0	0	0	0	0	0	0	0
XCHTIME	3670	5	26	34192891	8910	117110	447168	4352	33615351	134713569409072	134713370022256	19322
XCHTIME	0	0	0	0	0	0	0	0	0	0	0	0
XCHTIME	3670	2	19	4596196	9335	117442	158218	2125	4309076	134713569409072	134713370022256	19322
XCHTIME	0	0	0	0	0	0	0	0	0	0	0	0
XCHTIME	3670	3	12	4084764	7700	85180	224763	1634	3765487	134713569409072	134713370022256	19322
XCHTIME	0	0	0	0	0	0	0	0	0	0	0	0
XCHTIME	3670	4	10	6217002	7817	71992	281453	1510	5854230	134713569409072	134713370022256	19322
XCHTIME	0	0	0	0	0	0	0	0	0	0	0	0
XCHTIME	3670	2	5	10519581	7386	69596	172241	713	10269645	134713569409072	134713370022256	19322
XCHTIME	0	0	0	0	0	0	0	0	0	0	0	0
XCHTIME	3670	4	11	5712312	9390	102953	298112	1598	5300259	134713569409072	134713370022256	19322
XCHTIME	0	0	0	0	0	0	0	0	0	0	0	0
XCHTIME	3670	4	14	8918146	7814	74712	281685	2123	8551812	134713569409072	134713370022256	19322
XCHTIME	0	0	0	0	0	0	0	0	0	0	0	0
XCHTIME	3670	3	12	9542623	7742	73493	218206	1653	9241529	134713569409072	134713370022256	19322
XCHTIME	0	0	0	0	0	0	0	0	0	0	0	0
XCHTIME	3670	1	0	10649556	7586	78306	79744	0	10483920	134713569409072	134713370022256	19322
XCHTIME	0	0	0	0	0	0	0	0	0	0	0	0
XCHTIME	3670	4	6	5407405	9258	116922	295702	1144	4984379	134713569409072	134713370022256	19322
LIFT	crudeoil_lee1_07	3670	1957	17600	1957
COUNTS	crudeoil_lee1_07	3670	19322	4746188	3506339
XCHTIME	0	0	0	0	0	0	0	0	0	0	0	0
XCHTIME	31	2	4	41287	2112	715	330	125	38005	134713529784480	134713529865424	96
XCHTIME	0	0	0	0	0	0	0	0	0	0	0	0
XCHTIME	31	2	6	339664	237	930	155	122	338220	134713529784480	134713529865424	96
XCHTIME	0	0	0	0	0	0	0	0	0	0	0	0
XCHTIME	31	2	5	101255	188	585	133	119	100230	134713529784480	134713529865424	96
XCHTIME	0	0	0	0	0	0	0	0	0	0	0	0
XCHTIME	31	4	18	528606	166	346	271	421	527402	134713529784480	134713529865424	96
LADGATE	31	10000	0.166	1
XCHTIME	0	0	0	0	0	0	0	0	0	0	0	0
XCHTIME	31	5	26	683500	391	1253	354	697	680805	134713529784480	134713529865424	96
XCHTIME	0	0	0	0	0	0	0	0	0	0	0	0
XCHTIME	31	4	59	342565	174	367	232	1800	339992	134713529784480	134713529865424	96
XCHTIME	0	0	0	0	0	0	0	0	0	0	0	0
XCHTIME	31	4	15	150342	113	484	235	337	149173	134713529784480	134713529865424	96
XCHTIME	0	0	0	0	0	0	0	0	0	0	0	0
XCHTIME	31	4	10	66375	98	568	208	200	65301	134713529784480	134713529865424	96
XCHTIME	0	0	0	0	0	0	0	0	0	0	0	0
XCHTIME	31	4	18	542432	120	392	311	504	541105	134713529784480	134713529865424	96
XCHTIME	0	0	0	0	0	0	0	0	0	0	0	0
XCHTIME	31	4	11	58282	445	578	325	354	56580	134713529784480	134713529865424	96
XCHTIME	0	0	0	0	0	0	0	0	0	0	0	0
XCHTIME	31	4	14	267249	127	465	374	449	265834	134713529784480	134713529865424	96
XCHTIME	0	0	0	0	0	0	0	0	0	0	0	0
XCHTIME	31	4	13	418966	173	708	405	552	417128	134713529784480	134713529865424	96
XCHTIME	0	0	0	0	0	0	0	0	0	0	0	0
XCHTIME	31	4	16	3313191	225	756	599	591	3311020	134713529784480	134713529865424	96
XCHTIME	0	0	0	0	0	0	0	0	0	0	0	0
XCHTIME	31	4	6	30501	598	954	264	147	28538	134713529784480	134713529865424	96
COUNTS	pooling_haverly1tp	31	96	423	403
XCHTIME	0	0	0	0	0	0	0	0	0	0	0	0
XCHTIME	230	2	4	190773	8275	1067	793	192	180446	134713549900816	134713547435184	1290
XCHTIME	0	0	0	0	0	0	0	0	0	0	0	0
XCHTIME	230	2	6	1768518	379	1025	645	309	1766160	134713549900816	134713547435184	1290
XCHTIME	0	0	0	0	0	0	0	0	0	0	0	0
XCHTIME	230	2	5	679574	609	1346	546	243	676830	134713549900816	134713547435184	1290
XCHTIME	0	0	0	0	0	0	0	0	0	0	0	0
XCHTIME	230	4	18	3839078	264	783	1293	826	3835912	134713549900816	134713547435184	1290
LADGATE	230	10000	0.223	1
XCHTIME	0	0	0	0	0	0	0	0	0	0	0	0
XCHTIME	230	5	26	4619541	705	1162	1730	1216	4614728	134713549900816	134713547435184	1290
XCHTIME	0	0	0	0	0	0	0	0	0	0	0	0
XCHTIME	230	4	66	1287650	455	710	950	2525	1283010	134713549900816	134713547435184	1290
XCHTIME	0	0	0	0	0	0	0	0	0	0	0	0
XCHTIME	230	4	15	627892	574	929	1315	657	624417	134713549900816	134713547435184	1290
XCHTIME	0	0	0	0	0	0	0	0	0	0	0	0
XCHTIME	230	4	10	358371	309	830	1246	367	355619	134713549900816	134713547435184	1290
XCHTIME	0	0	0	0	0	0	0	0	0	0	0	0
XCHTIME	230	4	18	3763584	274	603	2015	699	3759993	134713549900816	134713547435184	1290
XCHTIME	0	0	0	0	0	0	0	0	0	0	0	0
XCHTIME	230	4	11	243546	603	938	1110	458	240437	134713549900816	134713547435184	1290
XCHTIME	0	0	0	0	0	0	0	0	0	0	0	0
XCHTIME	230	4	14	1086002	333	700	1233	572	1083164	134713549900816	134713547435184	1290
XCHTIME	0	0	0	0	0	0	0	0	0	0	0	0
XCHTIME	230	4	13	1965379	327	811	1362	522	1962357	134713549900816	134713547435184	1290
XCHTIME	0	0	0	0	0	0	0	0	0	0	0	0
XCHTIME	230	4	16	13581307	306	713	2626	870	13576792	134713549900816	134713547435184	1290
XCHTIME	0	0	0	0	0	0	0	0	0	0	0	0
XCHTIME	230	4	6	160594	1111	1591	1062	208	156622	134713549900816	134713547435184	1290
LIFT	waterund08	230	120	1760	120
COUNTS	waterund08	230	1290	35284	30110
XCHTIME	0	0	0	0	0	0	0	0	0	0	0	0
XCHTIME	76	2	4	96004	4060	488	305	208	90943	134713538635552	134713558301712	302
XCHTIME	0	0	0	0	0	0	0	0	0	0	0	0
XCHTIME	76	2	6	703764	210	566	221	230	702537	134713538635552	134713558301712	302
XCHTIME	0	0	0	0	0	0	0	0	0	0	0	0
XCHTIME	76	2	5	253472	179	691	227	194	252181	134713538635552	134713558301712	302
XCHTIME	0	0	0	0	0	0	0	0	0	0	0	0
XCHTIME	76	4	18	1775513	152	597	438	652	1773674	134713538635552	134713558301712	302
LADGATE	76	10000	0.157	1
XCHTIME	0	0	0	0	0	0	0	0	0	0	0	0
XCHTIME	76	5	26	2011450	396	1207	655	971	2008221	134713538635552	134713558301712	302
XCHTIME	0	0	0	0	0	0	0	0	0	0	0	0
XCHTIME	76	4	66	75192	272	597	397	1917	72009	134713538635552	134713558301712	302
XCHTIME	0	0	0	0	0	0	0	0	0	0	0	0
XCHTIME	76	4	15	306584	151	957	596	592	304288	134713538635552	134713558301712	302
XCHTIME	0	0	0	0	0	0	0	0	0	0	0	0
XCHTIME	76	4	10	158670	142	543	411	280	157294	134713538635552	134713558301712	302
XCHTIME	0	0	0	0	0	0	0	0	0	0	0	0
XCHTIME	76	4	18	1691440	112	585	458	620	1689665	134713538635552	134713558301712	302
XCHTIME	0	0	0	0	0	0	0	0	0	0	0	0
XCHTIME	76	4	11	108831	141	525	396	340	107429	134713538635552	134713558301712	302
XCHTIME	0	0	0	0	0	0	0	0	0	0	0	0
XCHTIME	76	4	14	401720	129	517	370	472	400232	134713538635552	134713558301712	302
XCHTIME	0	0	0	0	0	0	0	0	0	0	0	0
XCHTIME	76	4	13	873953	135	575	421	391	872431	134713538635552	134713558301712	302
XCHTIME	0	0	0	0	0	0	0	0	0	0	0	0
XCHTIME	76	4	16	5132549	115	604	613	572	5130645	134713538635552	134713558301712	302
XCHTIME	0	0	0	0	0	0	0	0	0	0	0	0
XCHTIME	76	4	6	65228	301	690	388	214	63635	134713538635552	134713558301712	302
LIFT	kall_diffcircles_6	76	45	240	45
COUNTS	kall_diffcircles_6	76	302	1511	1511
XCHTIME	0	0	0	0	0	0	0	0	0	0	0	0
XCHTIME	440	2	4	1083090	14683	1957	1982	406	1064062	134713595390496	134713544856688	3040
XCHTIME	0	0	0	0	0	0	0	0	0	0	0	0
XCHTIME	440	2	6	11419778	659	1791	2151	661	11414516	134713595390496	134713544856688	3040
XCHTIME	0	0	0	0	0	0	0	0	0	0	0	0
XCHTIME	440	2	5	3478990	851	1623	1811	558	3474147	134713595390496	134713544856688	3040
XCHTIME	0	0	0	0	0	0	0	0	0	0	0	0
XCHTIME	440	4	18	22540986	711	1695	3529	2017	22533034	134713595390496	134713544856688	3040
LADGATE	440	10000	0.443	1
XCHTIME	0	0	0	0	0	0	0	0	0	0	0	0
XCHTIME	440	4	10	1980268	1016	2376	3466	914	1972496	134713595390496	134713544856688	3040
XCHTIME	0	0	0	0	0	0	0	0	0	0	0	0
XCHTIME	440	4	66	8964883	797	1428	4787	7214	8950657	134713595390496	134713544856688	3040
XCHTIME	0	0	0	0	0	0	0	0	0	0	0	0
XCHTIME	440	4	15	3666332	1705	1999	3603	1415	3657610	134713595390496	134713544856688	3040
XCHTIME	0	0	0	0	0	0	0	0	0	0	0	0
XCHTIME	440	4	10	1925953	897	1391	3407	954	1919304	134713595390496	134713544856688	3040
XCHTIME	0	0	0	0	0	0	0	0	0	0	0	0
XCHTIME	440	4	18	20869366	809	1382	3181	1833	20862161	134713595390496	134713544856688	3040
XCHTIME	0	0	0	0	0	0	0	0	0	0	0	0
XCHTIME	440	4	11	1022695	1099	1387	3177	906	1016126	134713595390496	134713544856688	3040
XCHTIME	0	0	0	0	0	0	0	0	0	0	0	0
XCHTIME	440	4	14	6316698	552	1303	3012	1338	6310493	134713595390496	134713544856688	3040
XCHTIME	0	0	0	0	0	0	0	0	0	0	0	0
XCHTIME	440	4	13	11393957	718	1357	3069	1305	11387508	134713595390496	134713544856688	3040
XCHTIME	0	0	0	0	0	0	0	0	0	0	0	0
XCHTIME	440	2	5	19336217	817	1305	2821	627	19330647	134713595390496	134713544856688	3040
XCHTIME	0	0	0	0	0	0	0	0	0	0	0	0
XCHTIME	440	4	6	606170	1807	3143	3099	494	597627	134713595390496	134713544856688	3040
LIFT	chimera_mgw-c8-439-onc8-001	440	423	3066	423
COUNTS	chimera_mgw-c8-439-onc8-001	440	3040	106479	80090
XCHTIME	0	0	0	0	0	0	0	0	0	0	0	0
XCHTIME	160	2	4	234542	6535	680	472	191	226664	134713537667360	134713594810128	828
XCHTIME	0	0	0	0	0	0	0	0	0	0	0	0
XCHTIME	160	2	6	2005096	278	752	453	231	2003382	134713537667360	134713594810128	828
XCHTIME	0	0	0	0	0	0	0	0	0	0	0	0
XCHTIME	160	2	5	690422	333	832	591	197	688469	134713537667360	134713594810128	828
XCHTIME	0	0	0	0	0	0	0	0	0	0	0	0
XCHTIME	160	4	18	4365008	349	747	1338	912	4361662	134713537667360	134713594810128	828
LADGATE	160	10000	0.256	1
XCHTIME	0	0	0	0	0	0	0	0	0	0	0	0
XCHTIME	160	5	26	5236336	1116	2978	1430	1008	5229804	134713537667360	134713594810128	828
XCHTIME	0	0	0	0	0	0	0	0	0	0	0	0
XCHTIME	160	4	66	2016702	461	731	1253	2238	2012019	134713537667360	134713594810128	828
XCHTIME	0	0	0	0	0	0	0	0	0	0	0	0
XCHTIME	160	4	15	701390	769	1595	901	473	697652	134713537667360	134713594810128	828
XCHTIME	0	0	0	0	0	0	0	0	0	0	0	0
XCHTIME	160	4	10	381334	286	974	838	316	378920	134713537667360	134713594810128	828
XCHTIME	0	0	0	0	0	0	0	0	0	0	0	0
XCHTIME	160	4	18	4507131	219	725	1421	874	4503892	134713537667360	134713594810128	828
XCHTIME	0	0	0	0	0	0	0	0	0	0	0	0
XCHTIME	160	4	11	250717	1045	1108	879	355	247330	134713537667360	134713594810128	828
XCHTIME	0	0	0	0	0	0	0	0	0	0	0	0
XCHTIME	160	4	14	1321660	241	750	860	423	1319386	134713537667360	134713594810128	828
XCHTIME	0	0	0	0	0	0	0	0	0	0	0	0
XCHTIME	160	4	13	2253344	300	722	807	408	2251107	134713537667360	134713594810128	828
XCHTIME	0	0	0	0	0	0	0	0	0	0	0	0
XCHTIME	160	4	16	16420106	234	727	1770	708	16416667	134713537667360	134713594810128	828
XCHTIME	0	0	0	0	0	0	0	0	0	0	0	0
XCHTIME	160	4	6	168954	1237	1820	800	211	164886	134713537667360	134713594810128	828
LIFT	waterund11	160	91	642	91
COUNTS	waterund11	160	828	14818	10705
XCHTIME	0	0	0	0	0	0	0	0	0	0	0	0
XCHTIME	16364	0	0	20946822	10976368	9970454	0	0	0	134713371404432	134713371535360	52108
XCHTIME	0	0	0	0	0	0	0	0	0	0	0	0
XCHTIME	16364	1	0	6160625	25502	3342784	1650765	0	1141574	134713371404432	134713371535360	52108
XCHTIME	0	0	0	0	0	0	0	0	0	0	0	0
XCHTIME	16364	1	0	3619622	27213	1626224	1573425	0	392760	134713371404432	134713371535360	52108
XCHTIME	0	0	0	0	0	0	0	0	0	0	0	0
XCHTIME	16364	1	0	9631035	26340	1585484	1562169	0	6457042	134713371404432	134713371535360	52108
LADGATE	16364	10000	0.793	0
XCHTIME	0	0	0	0	0	0	0	0	0	0	0	0
XCHTIME	16364	5	26	223685047	27036	1640315	8169153	9948	213838595	134713371404432	134713371535360	52108
XCHTIME	0	0	0	0	0	0	0	0	0	0	0	0
XCHTIME	16364	1	0	5912712	29070	1676517	1631913	0	2575212	134713371404432	134713371535360	52108
XCHTIME	0	0	0	0	0	0	0	0	0	0	0	0
XCHTIME	16364	1	0	6091746	33892	1669602	1658210	0	2730042	134713371404432	134713371535360	52108
XCHTIME	0	0	0	0	0	0	0	0	0	0	0	0
XCHTIME	16364	1	0	10489302	30402	1655948	1592756	0	7210196	134713371404432	134713371535360	52108
XCHTIME	0	0	0	0	0	0	0	0	0	0	0	0
XCHTIME	16364	1	0	10659765	29529	1725335	1605310	0	7299591	134713371404432	134713371535360	52108
XCHTIME	0	0	0	0	0	0	0	0	0	0	0	0
XCHTIME	16364	1	0	10327056	29207	1663458	1566843	0	7067548	134713371404432	134713371535360	52108
XCHTIME	0	0	0	0	0	0	0	0	0	0	0	0
XCHTIME	16364	1	0	10359556	28573	1629761	1575745	0	7125477	134713371404432	134713371535360	52108
XCHTIME	0	0	0	0	0	0	0	0	0	0	0	0
XCHTIME	16364	1	0	10472813	28634	1646931	1625351	0	7171897	134713371404432	134713371535360	52108
XCHTIME	0	0	0	0	0	0	0	0	0	0	0	0
XCHTIME	16364	1	0	10339747	28505	1630112	1563113	0	7118017	134713371404432	134713371535360	52108
XCHTIME	0	0	0	0	0	0	0	0	0	0	0	0
XCHTIME	16364	1	0	10201630	28011	1619782	1561938	0	6991899	134713371404432	134713371535360	52108
LIFT	chp_shorttermplan2d	16364	8902	38240	8902
COUNTS	chp_shorttermplan2d	16364	52108	4089003	2054862
XCHTIME	0	0	0	0	0	0	0	0	0	0	0	0
XCHTIME	156	2	4	237062	6213	853	700	363	228933	134713565770288	134713571924448	886
XCHTIME	0	0	0	0	0	0	0	0	0	0	0	0
XCHTIME	156	2	6	2394932	292	673	611	439	2392917	134713565770288	134713571924448	886
XCHTIME	0	0	0	0	0	0	0	0	0	0	0	0
XCHTIME	156	2	5	736740	876	2576	722	418	732148	134713565770288	134713571924448	886
XCHTIME	0	0	0	0	0	0	0	0	0	0	0	0
XCHTIME	156	4	18	4719335	627	1438	1110	1458	4714702	134713565770288	134713571924448	886
LADGATE	156	10000	0.291	1
XCHTIME	0	0	0	0	0	0	0	0	0	0	0	0
XCHTIME	156	4	10	480612	593	1310	779	776	477154	134713565770288	134713571924448	886
XCHTIME	0	0	0	0	0	0	0	0	0	0	0	0
XCHTIME	156	4	66	688622	249	824	1136	4007	682406	134713565770288	134713571924448	886
XCHTIME	0	0	0	0	0	0	0	0	0	0	0	0
XCHTIME	156	4	15	888771	312	745	803	1115	885796	134713565770288	134713571924448	886
XCHTIME	0	0	0	0	0	0	0	0	0	0	0	0
XCHTIME	156	4	10	454575	311	961	1208	767	451328	134713565770288	134713571924448	886
XCHTIME	0	0	0	0	0	0	0	0	0	0	0	0
XCHTIME	156	4	18	5214833	254	656	834	1428	5211661	134713565770288	134713571924448	886
XCHTIME	0	0	0	0	0	0	0	0	0	0	0	0
XCHTIME	156	4	11	249303	414	1234	707	788	246160	134713565770288	134713571924448	886
XCHTIME	0	0	0	0	0	0	0	0	0	0	0	0
XCHTIME	156	4	14	1520065	520	782	1132	1036	1516595	134713565770288	134713571924448	886
XCHTIME	0	0	0	0	0	0	0	0	0	0	0	0
XCHTIME	156	4	13	2778522	326	744	884	967	2775601	134713565770288	134713571924448	886
XCHTIME	0	0	0	0	0	0	0	0	0	0	0	0
XCHTIME	156	4	16	17769289	444	674	1459	1372	17765340	134713565770288	134713571924448	886
XCHTIME	0	0	0	0	0	0	0	0	0	0	0	0
XCHTIME	156	4	6	144421	1096	1749	723	442	140411	134713565770288	134713571924448	886
LIFT	sporttournament18	156	136	810	136
COUNTS	sporttournament18	156	886	17568	13608
COUNTS	cvxnonsep_psig30	30	870	9455	9455
XCHTIME	0	0	0	0	0	0	0	0	0	0	0	0
XCHTIME	6089	1	0	4523628	1918062	451633	350732	0	1803201	134713369318064	134713372715040	40368
XCHTIME	0	0	0	0	0	0	0	0	0	0	0	0
XCHTIME	6089	1	0	3895123	19814	339269	352946	0	3183094	134713369318064	134713372715040	40368
XCHTIME	0	0	0	0	0	0	0	0	0	0	0	0
XCHTIME	6089	1	0	3150832	19254	355435	366549	0	2409594	134713369318064	134713372715040	40368
XCHTIME	0	0	0	0	0	0	0	0	0	0	0	0
XCHTIME	6089	2	5	11308691	19933	345131	681268	1572	10260787	134713369318064	134713372715040	40368
LADGATE	6089	10000	0.461	1
XCHTIME	0	0	0	0	0	0	0	0	0	0	0	0
XCHTIME	6089	5	26	33189165	21820	384850	1783583	5946	30992966	134713369318064	134713372715040	40368
XCHTIME	0	0	0	0	0	0	0	0	0	0	0	0
XCHTIME	6089	2	19	4954587	21350	356417	684192	4378	3888250	134713369318064	134713372715040	40368
XCHTIME	0	0	0	0	0	0	0	0	0	0	0	0
XCHTIME	6089	2	4	5141941	20684	336305	666417	1236	4117299	134713369318064	134713372715040	40368
XCHTIME	0	0	0	0	0	0	0	0	0	0	0	0
XCHTIME	6089	4	10	9855196	19402	365887	1331566	3139	8135202	134713369318064	134713372715040	40368
XCHTIME	0	0	0	0	0	0	0	0	0	0	0	0
XCHTIME	6089	2	5	11080056	18830	328364	689063	1348	10042451	134713369318064	134713372715040	40368
XCHTIME	0	0	0	0	0	0	0	0	0	0	0	0
XCHTIME	6089	4	11	9890423	20368	345567	1371198	3125	8150165	134713369318064	134713372715040	40368
XCHTIME	0	0	0	0	0	0	0	0	0	0	0	0
XCHTIME	6089	3	12	10473086	20075	360786	1007323	2785	9082117	134713369318064	134713372715040	40368
XCHTIME	0	0	0	0	0	0	0	0	0	0	0	0
XCHTIME	6089	3	12	10839316	20269	348834	1036889	2978	9430346	134713369318064	134713372715040	40368
XCHTIME	0	0	0	0	0	0	0	0	0	0	0	0
XCHTIME	6089	1	0	9811079	18622	333380	319933	0	9139144	134713369318064	134713372715040	40368
XCHTIME	0	0	0	0	0	0	0	0	0	0	0	0
XCHTIME	6089	4	6	9878423	20358	350444	1324279	2028	8181314	134713369318064	134713372715040	40368
LIFT	ringpack_20_2	6089	3132	37034	3132
COUNTS	ringpack_20_2	6089	40368	1872174	707413
XCHTIME	0	0	0	0	0	0	0	0	0	0	0	0
XCHTIME	1386	2	4	1416793	28688	5515	10486	250	1371854	134713569393200	134713569438448	4310
XCHTIME	0	0	0	0	0	0	0	0	0	0	0	0
XCHTIME	1386	2	6	7304278	928	6215	16019	422	7280694	134713569393200	134713569438448	4310
XCHTIME	0	0	0	0	0	0	0	0	0	0	0	0
XCHTIME	1386	2	5	3683045	1980	13597	10840	484	3656144	134713569393200	134713569438448	4310
XCHTIME	0	0	0	0	0	0	0	0	0	0	0	0
XCHTIME	1386	3	15	14841624	1262	5949	25585	928	14807900	134713569393200	134713569438448	4310
LADGATE	1386	10000	0.338	1
XCHTIME	0	0	0	0	0	0	0	0	0	0	0	0
XCHTIME	1386	5	26	27764151	3236	15428	42741	1899	27700847	134713569393200	134713569438448	4310
XCHTIME	0	0	0	0	0	0	0	0	0	0	0	0
XCHTIME	1386	1	0	6239339	2532	13344	4819	0	6218644	134713569393200	134713569438448	4310
XCHTIME	0	0	0	0	0	0	0	0	0	0	0	0
XCHTIME	1386	4	15	4502071	3288	19540	23321	956	4454966	134713569393200	134713569438448	4310
XCHTIME	0	0	0	0	0	0	0	0	0	0	0	0
XCHTIME	1386	4	10	2662812	1424	7169	20449	623	2633147	134713569393200	134713569438448	4310
XCHTIME	0	0	0	0	0	0	0	0	0	0	0	0
XCHTIME	1386	3	15	14955074	1019	5220	25218	947	14922670	134713569393200	134713569438448	4310
XCHTIME	0	0	0	0	0	0	0	0	0	0	0	0
XCHTIME	1386	4	11	1682119	2145	11954	19866	629	1647525	134713569393200	134713569438448	4310
XCHTIME	0	0	0	0	0	0	0	0	0	0	0	0
XCHTIME	1386	4	14	7458109	1147	5094	20296	911	7430661	134713569393200	134713569438448	4310
XCHTIME	0	0	0	0	0	0	0	0	0	0	0	0
XCHTIME	1386	4	13	13068222	1344	6783	23364	883	13035848	134713569393200	134713569438448	4310
XCHTIME	0	0	0	0	0	0	0	0	0	0	0	0
XCHTIME	1386	1	0	14230518	1589	7801	4846	0	14216282	134713569393200	134713569438448	4310
XCHTIME	0	0	0	0	0	0	0	0	0	0	0	0
XCHTIME	1386	4	6	1268249	2842	22885	22238	400	1219884	134713569393200	134713569438448	4310
LIFT	blend718	1386	808	3138	808
COUNTS	blend718	1386	4310	70355	61466
XCHTIME	0	0	0	0	0	0	0	0	0	0	0	0
XCHTIME	115	2	4	92359	5968	614	381	156	85240	134713537475232	134713594869808	724
XCHTIME	0	0	0	0	0	0	0	0	0	0	0	0
XCHTIME	115	2	6	717838	285	664	287	133	716469	134713537475232	134713594869808	724
XCHTIME	0	0	0	0	0	0	0	0	0	0	0	0
XCHTIME	115	2	5	261878	222	543	293	112	260708	134713537475232	134713594869808	724
XCHTIME	0	0	0	0	0	0	0	0	0	0	0	0
XCHTIME	115	4	18	1463993	196	600	604	522	1462071	134713537475232	134713594869808	724
LADGATE	115	10000	0.272	1
XCHTIME	0	0	0	0	0	0	0	0	0	0	0	0
XCHTIME	115	5	26	1927429	361	1347	824	775	1924122	134713537475232	134713594869808	724
XCHTIME	0	0	0	0	0	0	0	0	0	0	0	0
XCHTIME	115	4	66	263065	219	693	536	2182	259435	134713537475232	134713594869808	724
XCHTIME	0	0	0	0	0	0	0	0	0	0	0	0
XCHTIME	115	4	15	231885	188	718	604	409	229966	134713537475232	134713594869808	724
XCHTIME	0	0	0	0	0	0	0	0	0	0	0	0
XCHTIME	115	4	10	144888	179	547	463	217	143482	134713537475232	134713594869808	724
XCHTIME	0	0	0	0	0	0	0	0	0	0	0	0
XCHTIME	115	4	18	1455511	169	523	611	510	1453698	134713537475232	134713594869808	724
XCHTIME	0	0	0	0	0	0	0	0	0	0	0	0
XCHTIME	115	4	11	92287	198	572	480	254	90783	134713537475232	134713594869808	724
XCHTIME	0	0	0	0	0	0	0	0	0	0	0	0
XCHTIME	115	4	14	436495	156	477	655	357	434850	134713537475232	134713594869808	724
XCHTIME	0	0	0	0	0	0	0	0	0	0	0	0
XCHTIME	115	4	13	747865	165	533	611	382	746174	134713537475232	134713594869808	724
XCHTIME	0	0	0	0	0	0	0	0	0	0	0	0
XCHTIME	115	4	16	4847613	166	556	765	512	4845614	134713537475232	134713594869808	724
XCHTIME	0	0	0	0	0	0	0	0	0	0	0	0
XCHTIME	115	4	6	60514	409	772	534	134	58665	134713537475232	134713594869808	724
LIFT	wastepaper4	115	50	654	50
COUNTS	wastepaper4	115	724	9711	7183
XCHTIME	0	0	0	0	0	0	0	0	0	0	0	0
XCHTIME	2450	2	4	1022978	72033	16655	32229	360	901701	134713369497888	134713571971168	7200
XCHTIME	0	0	0	0	0	0	0	0	0	0	0	0
XCHTIME	2450	2	6	1509749	2368	16984	32242	752	1457403	134713369497888	134713571971168	7200
XCHTIME	0	0	0	0	0	0	0	0	0	0	0	0
XCHTIME	2450	2	5	1024782	2261	19003	29856	538	973124	134713369497888	134713571971168	7200
XCHTIME	0	0	0	0	0	0	0	0	0	0	0	0
XCHTIME	2450	4	18	2839739	1975	17762	66176	1747	2752079	134713369497888	134713571971168	7200
LADGATE	2450	10000	0.611	1
XCHTIME	0	0	0	0	0	0	0	0	0	0	0	0
XCHTIME	2450	5	26	3642161	3441	32555	86363	2572	3517230	134713369497888	134713571971168	7200
XCHTIME	0	0	0	0	0	0	0	0	0	0	0	0
XCHTIME	2450	4	66	2309921	3242	25504	66694	5356	2209125	134713369497888	134713571971168	7200
XCHTIME	0	0	0	0	0	0	0	0	0	0	0	0
XCHTIME	2450	4	15	1805136	2642	16467	61350	1348	1723329	134713369497888	134713571971168	7200
XCHTIME	0	0	0	0	0	0	0	0	0	0	0	0
XCHTIME	2450	4	10	1811152	3513	17157	63620	786	1726076	134713369497888	134713571971168	7200
XCHTIME	0	0	0	0	0	0	0	0	0	0	0	0
XCHTIME	2450	4	18	2787541	2321	15302	66598	1622	2701698	134713369497888	134713571971168	7200
XCHTIME	0	0	0	0	0	0	0	0	0	0	0	0
XCHTIME	2450	4	11	1770537	2158	15853	61462	1011	1690053	134713369497888	134713571971168	7200
XCHTIME	0	0	0	0	0	0	0	0	0	0	0	0
XCHTIME	2450	4	14	2009406	2077	14981	59848	1155	1931345	134713369497888	134713571971168	7200
XCHTIME	0	0	0	0	0	0	0	0	0	0	0	0
XCHTIME	2450	4	13	2325731	1850	16337	65469	1278	2240797	134713369497888	134713571971168	7200
XCHTIME	0	0	0	0	0	0	0	0	0	0	0	0
XCHTIME	2450	4	16	9138185	2485	18269	196920	3072	8917439	134713369497888	134713571971168	7200
XCHTIME	0	0	0	0	0	0	0	0	0	0	0	0
XCHTIME	2450	4	6	1558637	5109	54748	72792	590	1425398	134713369497888	134713571971168	7200
LIFT	squfl010-040persp	2450	850	4000	850
COUNTS	squfl010-040persp	2450	7200	22825	22825
XCHTIME	0	0	0	0	0	0	0	0	0	0	0	0
XCHTIME	10429	1	0	4820934	2135923	1002254	985957	0	696800	134713372190736	134713375886528	55492
XCHTIME	0	0	0	0	0	0	0	0	0	0	0	0
XCHTIME	10429	1	0	3405038	25245	1023931	1044457	0	1311405	134713372190736	134713375886528	55492
XCHTIME	0	0	0	0	0	0	0	0	0	0	0	0
XCHTIME	10429	1	0	3103241	25951	1003393	1000179	0	1073718	134713372190736	134713375886528	55492
XCHTIME	0	0	0	0	0	0	0	0	0	0	0	0
XCHTIME	10429	1	0	10803596	26217	1006708	998183	0	8772488	134713372190736	134713375886528	55492
LADGATE	10429	10000	0.947	0
XCHTIME	0	0	0	0	0	0	0	0	0	0	0	0
XCHTIME	10429	5	26	211373923	25491	992124	5026416	9842	205320050	134713372190736	134713375886528	55492
LIFT	crudeoil_lee4_06	10429	6797	109128	6797
COUNTS	crudeoil_lee4_06	10429	55492	65337120	32389047
XCHTIME	0	0	0	0	0	0	0	0	0	0	0	0
XCHTIME	1746	2	4	1527265	40711	22418	17871	238	1446027	134713369517504	134713369219184	4928
XCHTIME	0	0	0	0	0	0	0	0	0	0	0	0
XCHTIME	1746	2	6	6239048	1607	7450	28155	400	6201436	134713369517504	134713369219184	4928
XCHTIME	0	0	0	0	0	0	0	0	0	0	0	0
XCHTIME	1746	2	5	3883206	2466	15134	17820	380	3847406	134713369517504	134713369219184	4928
XCHTIME	0	0	0	0	0	0	0	0	0	0	0	0
XCHTIME	1746	3	15	12798825	1607	8819	44869	1205	12742325	134713369517504	134713369219184	4928
LADGATE	1746	10000	0.551	1
XCHTIME	0	0	0	0	0	0	0	0	0	0	0	0
XCHTIME	1746	5	26	27002266	2691	19899	102389	2244	26875043	134713369517504	134713369219184	4928
XCHTIME	0	0	0	0	0	0	0	0	0	0	0	0
XCHTIME	1746	2	19	5665548	2984	25428	32699	1514	5602923	134713369517504	134713369219184	4928
XCHTIME	0	0	0	0	0	0	0	0	0	0	0	0
XCHTIME	1746	4	15	4501033	3225	10803	35318	1020	4450667	134713369517504	134713369219184	4928
XCHTIME	0	0	0	0	0	0	0	0	0	0	0	0
XCHTIME	1746	4	10	2968263	2081	8067	33042	772	2924301	134713369517504	134713369219184	4928
XCHTIME	0	0	0	0	0	0	0	0	0	0	0	0
XCHTIME	1746	3	15	12788551	1164	7392	54464	1316	12724215	134713369517504	134713369219184	4928
XCHTIME	0	0	0	0	0	0	0	0	0	0	0	0
XCHTIME	1746	4	11	2058441	2945	23342	39104	1001	1992049	134713369517504	134713369219184	4928
XCHTIME	0	0	0	0	0	0	0	0	0	0	0	0
XCHTIME	1746	4	14	7435313	1543	7580	37322	976	7387892	134713369517504	134713369219184	4928
XCHTIME	0	0	0	0	0	0	0	0	0	0	0	0
XCHTIME	1746	4	13	12263463	1602	9818	44288	1005	12206750	134713369517504	134713369219184	4928
XCHTIME	0	0	0	0	0	0	0	0	0	0	0	0
XCHTIME	1746	1	0	12692628	1990	11981	8547	0	12670110	134713369517504	134713369219184	4928
XCHTIME	0	0	0	0	0	0	0	0	0	0	0	0
XCHTIME	1746	4	6	1533002	3389	32569	36593	591	1459860	134713369517504	134713369219184	4928
LIFT	netmod_kar1	1746	798	3664	798
COUNTS	netmod_kar1	1746	4928	56838	43864
XCHTIME	0	0	0	0	0	0	0	0	0	0	0	0
XCHTIME	14	2	4	30141	2411	392	104	99	27135	134713557002848	134713594878016	46
XCHTIME	0	0	0	0	0	0	0	0	0	0	0	0
XCHTIME	14	2	6	162776	342	323	91	190	161830	134713557002848	134713594878016	46
XCHTIME	0	0	0	0	0	0	0	0	0	0	0	0
XCHTIME	14	2	5	51894	113	333	94	144	51210	134713557002848	134713594878016	46
XCHTIME	0	0	0	0	0	0	0	0	0	0	0	0
XCHTIME	14	4	18	320830	74	263	142	496	319855	134713557002848	134713594878016	46
LADGATE	14	10000	0.112	1
XCHTIME	0	0	0	0	0	0	0	0	0	0	0	0
XCHTIME	14	5	26	330090	250	443	173	819	328405	134713557002848	134713594878016	46
XCHTIME	0	0	0	0	0	0	0	0	0	0	0	0
XCHTIME	14	4	37	1253233	104	318	138	1133	1251540	134713557002848	134713594878016	46
XCHTIME	0	0	0	0	0	0	0	0	0	0	0	0
XCHTIME	14	4	15	76264	229	329	154	414	75138	134713557002848	134713594878016	46
XCHTIME	0	0	0	0	0	0	0	0	0	0	0	0
XCHTIME	14	4	10	42251	130	318	135	246	41422	134713557002848	134713594878016	46
XCHTIME	0	0	0	0	0	0	0	0	0	0	0	0
XCHTIME	14	4	18	325881	103	235	122	502	324919	134713557002848	134713594878016	46
XCHTIME	0	0	0	0	0	0	0	0	0	0	0	0
XCHTIME	14	4	11	30909	91	234	136	252	30196	134713557002848	134713594878016	46
XCHTIME	0	0	0	0	0	0	0	0	0	0	0	0
XCHTIME	14	4	14	124863	81	226	129	348	124079	134713557002848	134713594878016	46
XCHTIME	0	0	0	0	0	0	0	0	0	0	0	0
XCHTIME	14	4	13	210971	100	205	130	380	210156	134713557002848	134713594878016	46
XCHTIME	0	0	0	0	0	0	0	0	0	0	0	0
XCHTIME	14	4	16	1859184	86	281	159	511	1858147	134713557002848	134713594878016	46
XCHTIME	0	0	0	0	0	0	0	0	0	0	0	0
XCHTIME	14	4	6	19234	164	308	121	117	18524	134713557002848	134713594878016	46
COUNTS	ex8_1_7	14	46	137	128
XCHTIME	0	0	0	0	0	0	0	0	0	0	0	0
XCHTIME	108	2	4	190629	5429	1002	397	190	183611	134713537449136	134713369531488	648
XCHTIME	0	0	0	0	0	0	0	0	0	0	0	0
XCHTIME	108	2	6	2507180	232	671	305	288	2505684	134713537449136	134713369531488	648
XCHTIME	0	0	0	0	0	0	0	0	0	0	0	0
XCHTIME	108	2	5	712844	298	769	293	265	711219	134713537449136	134713369531488	648
XCHTIME	0	0	0	0	0	0	0	0	0	0	0	0
XCHTIME	108	4	18	4757521	192	770	629	838	4755092	134713537449136	134713369531488	648
LADGATE	108	10000	0.201	1
XCHTIME	0	0	0	0	0	0	0	0	0	0	0	0
XCHTIME	108	5	26	6172772	579	1190	802	1198	6169003	134713537449136	134713369531488	648
XCHTIME	0	0	0	0	0	0	0	0	0	0	0	0
XCHTIME	108	4	66	426775	246	687	550	2611	422681	134713537449136	134713369531488	648
XCHTIME	0	0	0	0	0	0	0	0	0	0	0	0
XCHTIME	108	4	15	755179	187	763	551	543	753135	134713537449136	134713369531488	648
XCHTIME	0	0	0	0	0	0	0	0	0	0	0	0
XCHTIME	108	4	10	332079	216	657	460	390	330356	134713537449136	134713369531488	648
XCHTIME	0	0	0	0	0	0	0	0	0	0	0	0
XCHTIME	108	4	18	4710652	193	638	605	846	4708370	134713537449136	134713369531488	648
XCHTIME	0	0	0	0	0	0	0	0	0	0	0	0
XCHTIME	108	4	11	178838	224	671	477	426	177040	134713537449136	134713369531488	648
XCHTIME	0	0	0	0	0	0	0	0	0	0	0	0
XCHTIME	108	4	14	1304826	176	595	577	516	1302962	134713537449136	134713369531488	648
XCHTIME	0	0	0	0	0	0	0	0	0	0	0	0
XCHTIME	108	4	13	2687923	201	575	614	505	2686028	134713537449136	134713369531488	648
XCHTIME	0	0	0	0	0	0	0	0	0	0	0	0
XCHTIME	108	4	16	17319162	171	695	878	920	17316498	134713537449136	134713369531488	648
XCHTIME	0	0	0	0	0	0	0	0	0	0	0	0
XCHTIME	108	4	6	106589	926	934	517	244	103968	134713537449136	134713369531488	648
LIFT	graphpart_3g-0333-0333	108	81	648	81
COUNTS	graphpart_3g-0333-0333	108	648	44928	36228
XCHTIME	0	0	0	0	0	0	0	0	0	0	0	0
XCHTIME	760	2	4	824247	20723	2983	4195	243	796103	134713541036640	134713572036720	2080
XCHTIME	0	0	0	0	0	0	0	0	0	0	0	0
XCHTIME	760	2	6	4844895	516	2225	4030	358	4837766	134713541036640	134713572036720	2080
XCHTIME	0	0	0	0	0	0	0	0	0	0	0	0
XCHTIME	760	2	5	1613116	868	2823	3807	352	1605266	134713541036640	134713572036720	2080
XCHTIME	0	0	0	0	0	0	0	0	0	0	0	0
XCHTIME	760	4	18	10600103	473	2132	8666	1098	10587734	134713541036640	134713572036720	2080
LADGATE	760	10000	0.303	1
XCHTIME	0	0	0	0	0	0	0	0	0	0	0	0
XCHTIME	760	5	26	12866211	1482	2940	10920	1596	12849273	134713541036640	134713572036720	2080
XCHTIME	0	0	0	0	0	0	0	0	0	0	0	0
XCHTIME	760	4	66	3773816	1247	2708	10616	3360	3755885	134713541036640	134713572036720	2080
XCHTIME	0	0	0	0	0	0	0	0	0	0	0	0
XCHTIME	760	4	15	2553232	1815	2956	8179	908	2539374	134713541036640	134713572036720	2080
XCHTIME	0	0	0	0	0	0	0	0	0	0	0	0
XCHTIME	760	4	10	1644120	1149	2822	7808	558	1631783	134713541036640	134713572036720	2080
XCHTIME	0	0	0	0	0	0	0	0	0	0	0	0
XCHTIME	760	4	18	10557544	491	1981	8643	1088	10545341	134713541036640	134713572036720	2080
XCHTIME	0	0	0	0	0	0	0	0	0	0	0	0
XCHTIME	760	4	11	1039831	982	2860	7574	546	1027869	134713541036640	134713572036720	2080
XCHTIME	0	0	0	0	0	0	0	0	0	0	0	0
XCHTIME	760	4	14	3679137	541	2040	7461	776	3668319	134713541036640	134713572036720	2080
XCHTIME	0	0	0	0	0	0	0	0	0	0	0	0
XCHTIME	760	4	13	6133200	670	2065	7630	822	6122013	134713541036640	134713572036720	2080
XCHTIME	0	0	0	0	0	0	0	0	0	0	0	0
XCHTIME	760	2	5	15627683	735	2173	7000	455	15617320	134713541036640	134713572036720	2080
XCHTIME	0	0	0	0	0	0	0	0	0	0	0	0
XCHTIME	760	4	6	622574	1782	6913	8014	318	605547	134713541036640	134713572036720	2080
LIFT	slay05h	760	340	1400	340
COUNTS	slay05h	760	2080	9815	8795
XCHTIME	0	0	0	0	0	0	0	0	0	0	0	0
XCHTIME	156	2	4	248290	6142	855	619	173	240501	134713328869280	134713545220464	712
XCHTIME	0	0	0	0	0	0	0	0	0	0	0	0
XCHTIME	156	2	6	2053156	273	781	477	316	2051309	134713328869280	134713545220464	712
XCHTIME	0	0	0	0	0	0	0	0	0	0	0	0
XCHTIME	156	2	5	582231	732	2389	571	262	578277	134713328869280	134713545220464	712
XCHTIME	0	0	0	0	0	0	0	0	0	0	0	0
XCHTIME	156	4	18	4221371	333	1167	1108	1027	4217736	134713328869280	134713545220464	712
LADGATE	156	10000	0.274	1
XCHTIME	0	0	0	0	0	0	0	0	0	0	0	0
XCHTIME	156	5	26	5009864	583	1470	1098	1444	5005269	134713328869280	134713545220464	712
XCHTIME	0	0	0	0	0	0	0	0	0	0	0	0
XCHTIME	156	4	66	5354664	228	794	927	3972	5348743	134713328869280	134713545220464	712
XCHTIME	0	0	0	0	0	0	0	0	0	0	0	0
XCHTIME	156	4	15	709348	576	1022	833	755	706162	134713328869280	134713545220464	712
XCHTIME	0	0	0	0	0	0	0	0	0	0	0	0
XCHTIME	156	4	10	439725	205	900	751	420	437449	134713328869280	134713545220464	712
XCHTIME	0	0	0	0	0	0	0	0	0	0	0	0
XCHTIME	156	4	18	4188346	215	741	842	955	4185593	134713328869280	134713545220464	712
XCHTIME	0	0	0	0	0	0	0	0	0	0	0	0
XCHTIME	156	4	11	272532	269	749	711	408	270395	134713328869280	134713545220464	712
XCHTIME	0	0	0	0	0	0	0	0	0	0	0	0
XCHTIME	156	4	14	1216427	204	642	782	631	1214168	134713328869280	134713545220464	712
XCHTIME	0	0	0	0	0	0	0	0	0	0	0	0
XCHTIME	156	4	13	2114773	234	704	861	620	2112354	134713328869280	134713545220464	712
XCHTIME	0	0	0	0	0	0	0	0	0	0	0	0
XCHTIME	156	4	16	14880666	263	748	1221	877	14877557	134713328869280	134713545220464	712
XCHTIME	0	0	0	0	0	0	0	0	0	0	0	0
XCHTIME	156	4	6	192966	839	1313	788	228	189798	134713328869280	134713545220464	712
LIFT	korcns	156	92	598	92
COUNTS	korcns	156	712	7241	6599
XCHTIME	0	0	0	0	0	0	0	0	0	0	0	0
XCHTIME	5065	1	0	2575711	453903	197694	200172	0	1723942	134713372615792	134713595076064	18730
XCHTIME	0	0	0	0	0	0	0	0	0	0	0	0
XCHTIME	5065	1	0	3628247	9266	196569	196658	0	3225754	134713372615792	134713595076064	18730
XCHTIME	0	0	0	0	0	0	0	0	0	0	0	0
XCHTIME	5065	1	0	2919166	8267	199502	198354	0	2513043	134713372615792	134713595076064	18730
XCHTIME	0	0	0	0	0	0	0	0	0	0	0	0
XCHTIME	5065	1	0	10890455	8670	213879	203768	0	10464138	134713372615792	134713595076064	18730
LADGATE	5065	10000	0.710	1
XCHTIME	0	0	0	0	0	0	0	0	0	0	0	0
XCHTIME	5065	5	26	85417068	9544	252021	1069697	7330	84078476	134713372615792	134713595076064	18730
XCHTIME	0	0	0	0	0	0	0	0	0	0	0	0
XCHTIME	5065	1	0	4745004	9387	225512	201950	0	4308155	134713372615792	134713595076064	18730
XCHTIME	0	0	0	0	0	0	0	0	0	0	0	0
XCHTIME	5065	2	4	6330398	8702	208252	402449	1294	5709701	134713372615792	134713595076064	18730
XCHTIME	0	0	0	0	0	0	0	0	0	0	0	0
XCHTIME	5065	4	10	12462104	8774	212135	767690	2771	11470734	134713372615792	134713595076064	18730
XCHTIME	0	0	0	0	0	0	0	0	0	0	0	0
XCHTIME	5065	1	0	10837685	8865	196857	192422	0	10439541	134713372615792	134713595076064	18730
XCHTIME	0	0	0	0	0	0	0	0	0	0	0	0
XCHTIME	5065	4	11	10681715	8571	210631	762614	3235	9696664	134713372615792	134713595076064	18730
XCHTIME	0	0	0	0	0	0	0	0	0	0	0	0
XCHTIME	5065	2	4	12428753	8938	215748	397607	915	11805545	134713372615792	134713595076064	18730
XCHTIME	0	0	0	0	0	0	0	0	0	0	0	0
XCHTIME	5065	2	4	11856194	9281	204200	391412	1064	11250237	134713372615792	134713595076064	18730
XCHTIME	0	0	0	0	0	0	0	0	0	0	0	0
XCHTIME	5065	1	0	10058972	8758	198996	195864	0	9655354	134713372615792	134713595076064	18730
XCHTIME	0	0	0	0	0	0	0	0	0	0	0	0
XCHTIME	5065	4	6	8860960	9333	230944	756832	1634	7862217	134713372615792	134713595076064	18730
LIFT	powerflow0118p	5065	2810	15480	2810
COUNTS	powerflow0118p	5065	18730	121503	117327
XCHTIME	0	0	0	0	0	0	0	0	0	0	0	0
XCHTIME	4799	1	0	2413330	375545	169037	162319	0	1706429	134713372549488	134713373069360	20600
XCHTIME	0	0	0	0	0	0	0	0	0	0	0	0
XCHTIME	4799	1	0	3761187	10280	166829	166478	0	3417600	134713372549488	134713373069360	20600
XCHTIME	0	0	0	0	0	0	0	0	0	0	0	0
XCHTIME	4799	1	0	2400859	9699	176983	168616	0	2045561	134713372549488	134713373069360	20600
XCHTIME	0	0	0	0	0	0	0	0	0	0	0	0
XCHTIME	4799	2	5	10558878	9305	172611	352608	1339	10023015	134713372549488	134713373069360	20600
LADGATE	4799	10000	0.808	1
XCHTIME	0	0	0	0	0	0	0	0	0	0	0	0
XCHTIME	4799	5	26	22412747	9980	218972	857196	6660	21319939	134713372549488	134713373069360	20600
XCHTIME	0	0	0	0	0	0	0	0	0	0	0	0
XCHTIME	4799	2	19	5002489	10177	184902	349871	4169	4453370	134713372549488	134713373069360	20600
XCHTIME	0	0	0	0	0	0	0	0	0	0	0	0
XCHTIME	4799	3	12	5555605	9053	166793	460011	2533	4917215	134713372549488	134713373069360	20600
XCHTIME	0	0	0	0	0	0	0	0	0	0	0	0
XCHTIME	4799	4	10	7377732	8883	156438	656849	3150	6552412	134713372549488	134713373069360	20600
XCHTIME	0	0	0	0	0	0	0	0	0	0	0	0
XCHTIME	4799	2	5	10463956	9432	152730	327753	1619	9972422	134713372549488	134713373069360	20600
XCHTIME	0	0	0	0	0	0	0	0	0	0	0	0
XCHTIME	4799	4	11	6801752	10181	174498	623559	3027	5990487	134713372549488	134713373069360	20600
XCHTIME	0	0	0	0	0	0	0	0	0	0	0	0
XCHTIME	4799	4	14	9747587	9976	163333	644783	3419	8926076	134713372549488	134713373069360	20600
XCHTIME	0	0	0	0	0	0	0	0	0	0	0	0
XCHTIME	4799	4	13	10935929	9502	169080	690475	3187	10063685	134713372549488	134713373069360	20600
XCHTIME	0	0	0	0	0	0	0	0	0	0	0	0
XCHTIME	4799	1	0	9502987	10230	169393	167361	0	9156003	134713372549488	134713373069360	20600
XCHTIME	0	0	0	0	0	0	0	0	0	0	0	0
XCHTIME	4799	4	6	6510150	9401	189725	620410	1594	5689020	134713372549488	134713373069360	20600
LIFT	sfacloc2_3_80	4799	2402	16046	2402
COUNTS	sfacloc2_3_80	4799	20600	84672	81119
XCHTIME	0	0	0	0	0	0	0	0	0	0	0	0
XCHTIME	6028	1	0	2817662	638870	305092	298509	0	1575191	134713372656336	134713374837936	17372
XCHTIME	0	0	0	0	0	0	0	0	0	0	0	0
XCHTIME	6028	1	0	3655007	9765	299575	310777	0	3034890	134713372656336	134713374837936	17372
XCHTIME	0	0	0	0	0	0	0	0	0	0	0	0
XCHTIME	6028	1	0	2962982	9180	314465	310575	0	2328762	134713372656336	134713374837936	17372
XCHTIME	0	0	0	0	0	0	0	0	0	0	0	0
XCHTIME	6028	1	0	11258301	8835	304072	310531	0	10634863	134713372656336	134713374837936	17372
LADGATE	6028	10000	0.581	1
XCHTIME	0	0	0	0	0	0	0	0	0	0	0	0
XCHTIME	6028	5	26	99691488	10237	356066	1597852	9787	97717546	134713372656336	134713374837936	17372
XCHTIME	0	0	0	0	0	0	0	0	0	0	0	0
XCHTIME	6028	1	0	5010826	9674	363451	306336	0	4331365	134713372656336	134713374837936	17372
XCHTIME	0	0	0	0	0	0	0	0	0	0	0	0
XCHTIME	6028	1	0	6033257	9611	361821	302129	0	5359696	134713372656336	134713374837936	17372
XCHTIME	0	0	0	0	0	0	0	0	0	0	0	0
XCHTIME	6028	3	9	11919360	9935	300228	885720	3169	10720308	134713372656336	134713374837936	17372
XCHTIME	0	0	0	0	0	0	0	0	0	0	0	0
XCHTIME	6028	1	0	11123249	9790	297778	315404	0	10500277	134713372656336	134713374837936	17372
XCHTIME	0	0	0	0	0	0	0	0	0	0	0	0
XCHTIME	6028	4	11	11691279	9955	322966	1216602	4554	10137202	134713372656336	134713374837936	17372
XCHTIME	0	0	0	0	0	0	0	0	0	0	0	0
XCHTIME	6028	2	4	11924360	9123	312515	595570	1558	11005594	134713372656336	134713374837936	17372
XCHTIME	0	0	0	0	0	0	0	0	0	0	0	0
XCHTIME	6028	1	0	11582413	9177	343743	307957	0	10921536	134713372656336	134713374837936	17372
XCHTIME	0	0	0	0	0	0	0	0	0	0	0	0
XCHTIME	6028	1	0	9451861	10331	310439	318393	0	8812698	134713372656336	134713374837936	17372
XCHTIME	0	0	0	0	0	0	0	0	0	0	0	0
XCHTIME	6028	4	6	10877811	9133	318849	1222522	2651	9324656	134713372656336	134713374837936	17372
LIFT	rsyn0820m04m	6028	3144	12532	3144
COUNTS	rsyn0820m04m	6028	17372	196890	152748
XCHTIME	0	0	0	0	0	0	0	0	0	0	0	0
XCHTIME	1046	2	4	1234071	18546	7441	6237	270	1201577	134713372704576	134713569479424	3024
XCHTIME	0	0	0	0	0	0	0	0	0	0	0	0
XCHTIME	1046	2	6	8055496	723	3030	8888	438	8042417	134713372704576	134713569479424	3024
XCHTIME	0	0	0	0	0	0	0	0	0	0	0	0
XCHTIME	1046	2	5	3564377	1355	5404	6429	413	3550776	134713372704576	134713569479424	3024
XCHTIME	0	0	0	0	0	0	0	0	0	0	0	0
XCHTIME	1046	3	15	16554767	916	3601	14268	1179	16534803	134713372704576	134713569479424	3024
LADGATE	1046	10000	0.256	1
XCHTIME	0	0	0	0	0	0	0	0	0	0	0	0
XCHTIME	1046	5	26	29106825	2019	5894	26105	2197	29070610	134713372704576	134713569479424	3024
XCHTIME	0	0	0	0	0	0	0	0	0	0	0	0
XCHTIME	1046	4	66	6652635	2037	7275	20571	3984	6618768	134713372704576	134713569479424	3024
XCHTIME	0	0	0	0	0	0	0	0	0	0	0	0
XCHTIME	1046	4	15	4076800	2131	10055	13690	1109	4049815	134713372704576	134713569479424	3024
XCHTIME	0	0	0	0	0	0	0	0	0	0	0	0
XCHTIME	1046	4	10	2352011	1424	3966	12271	757	2333593	134713372704576	134713569479424	3024
XCHTIME	0	0	0	0	0	0	0	0	0	0	0	0
XCHTIME	1046	3	15	16749384	736	3038	15763	1202	16728645	134713372704576	134713569479424	3024
XCHTIME	0	0	0	0	0	0	0	0	0	0	0	0
XCHTIME	1046	4	11	1386988	1762	6430	12426	1044	1365326	134713372704576	134713569479424	3024
XCHTIME	0	0	0	0	0	0	0	0	0	0	0	0
XCHTIME	1046	4	14	7287014	765	3182	13057	1021	7268989	134713372704576	134713569479424	3024
XCHTIME	0	0	0	0	0	0	0	0	0	0	0	0
XCHTIME	1046	4	13	12530159	961	3313	14298	891	12510696	134713372704576	134713569479424	3024
XCHTIME	0	0	0	0	0	0	0	0	0	0	0	0
XCHTIME	1046	1	0	15517260	1472	4409	2983	0	15508396	134713372704576	134713569479424	3024
XCHTIME	0	0	0	0	0	0	0	0	0	0	0	0
XCHTIME	1046	4	6	973890	2348	12629	12502	450	945961	134713372704576	134713569479424	3024
LIFT	hydroenergy1	1046	570	2164	570
COUNTS	hydroenergy1	1046	3024	14089	14089
XCHTIME	0	0	0	0	0	0	0	0	0	0	0	0
XCHTIME	181	2	4	135059	9289	698	621	162	124289	134713549873328	134713571934704	1440
XCHTIME	0	0	0	0	0	0	0	0	0	0	0	0
XCHTIME	181	2	6	1107054	355	756	507	237	1105199	134713549873328	134713571934704	1440
XCHTIME	0	0	0	0	0	0	0	0	0	0	0	0
XCHTIME	181	2	5	341233	289	855	476	161	339452	134713549873328	134713571934704	1440
XCHTIME	0	0	0	0	0	0	0	0	0	0	0	0
XCHTIME	181	4	18	2026712	268	584	919	670	2024271	134713549873328	134713571934704	1440
LADGATE	181	10000	0.184	1
XCHTIME	0	0	0	0	0	0	0	0	0	0	0	0
XCHTIME	181	5	26	2452430	530	1303	1248	907	2448442	134713549873328	134713571934704	1440
XCHTIME	0	0	0	0	0	0	0	0	0	0	0	0
XCHTIME	181	4	66	107336	284	754	778	2080	103440	134713549873328	134713571934704	1440
XCHTIME	0	0	0	0	0	0	0	0	0	0	0	0
XCHTIME	181	4	15	373079	300	614	1043	391	370731	134713549873328	134713571934704	1440
XCHTIME	0	0	0	0	0	0	0	0	0	0	0	0
XCHTIME	181	4	10	203774	268	600	828	329	201749	134713549873328	134713571934704	1440
XCHTIME	0	0	0	0	0	0	0	0	0	0	0	0
XCHTIME	181	4	18	2020704	249	601	1144	647	2018063	134713549873328	134713571934704	1440
XCHTIME	0	0	0	0	0	0	0	0	0	0	0	0
XCHTIME	181	4	11	145655	281	652	798	298	143626	134713549873328	134713571934704	1440
XCHTIME	0	0	0	0	0	0	0	0	0	0	0	0
XCHTIME	181	4	14	638785	263	639	1025	367	636491	134713549873328	134713571934704	1440
XCHTIME	0	0	0	0	0	0	0	0	0	0	0	0
XCHTIME	181	4	13	1083790	272	610	971	440	1081497	134713549873328	134713571934704	1440
XCHTIME	0	0	0	0	0	0	0	0	0	0	0	0
XCHTIME	181	4	16	5345931	277	676	1194	696	5343088	134713549873328	134713571934704	1440
XCHTIME	0	0	0	0	0	0	0	0	0	0	0	0
XCHTIME	181	4	6	118429	659	945	776	211	115838	134713549873328	134713571934704	1440
LIFT	maxmin	181	103	1284	103
COUNTS	maxmin	181	1440	8405	8405
XCHTIME	0	0	0	0	0	0	0	0	0	0	0	0
XCHTIME	8	2	4	48451	24545	1052	87	220	22547	134713528723312	134713564944480	18
XCHTIME	0	0	0	0	0	0	0	0	0	0	0	0
XCHTIME	8	2	6	15155	219	307	59	204	14366	134713528723312	134713564944480	18
XCHTIME	0	0	0	0	0	0	0	0	0	0	0	0
XCHTIME	8	2	5	9992	80	226	59	137	9490	134713528723312	134713564944480	18
XCHTIME	0	0	0	0	0	0	0	0	0	0	0	0
XCHTIME	8	4	16	10163	68	229	108	425	9333	134713528723312	134713564944480	18
LADGATE	8	10000	0.106	1
XCHTIME	0	0	0	0	0	0	0	0	0	0	0	0
XCHTIME	8	5	24	14097	289	297	133	619	12759	134713528723312	134713564944480	18
XCHTIME	0	0	0	0	0	0	0	0	0	0	0	0
XCHTIME	8	4	24	9140	91	245	97	608	8099	134713528723312	134713564944480	18
XCHTIME	0	0	0	0	0	0	0	0	0	0	0	0
XCHTIME	8	4	15	9499	53	207	101	355	8783	134713528723312	134713564944480	18
XCHTIME	0	0	0	0	0	0	0	0	0	0	0	0
XCHTIME	8	4	10	17049	51	212	102	242	16442	134713528723312	134713564944480	18
XCHTIME	0	0	0	0	0	0	0	0	0	0	0	0
XCHTIME	8	4	16	14176	82	212	112	414	13356	134713528723312	134713564944480	18
XCHTIME	0	0	0	0	0	0	0	0	0	0	0	0
XCHTIME	8	4	11	11025	71	205	104	257	10388	134713528723312	134713564944480	18
XCHTIME	0	0	0	0	0	0	0	0	0	0	0	0
XCHTIME	8	4	14	14332	78	202	107	345	13600	134713528723312	134713564944480	18
XCHTIME	0	0	0	0	0	0	0	0	0	0	0	0
XCHTIME	8	4	13	15416	63	189	92	309	14763	134713528723312	134713564944480	18
XCHTIME	0	0	0	0	0	0	0	0	0	0	0	0
XCHTIME	8	4	14	13422	71	185	98	341	12727	134713528723312	134713564944480	18
XCHTIME	0	0	0	0	0	0	0	0	0	0	0	0
XCHTIME	8	4	6	8460	52	227	102	140	7939	134713528723312	134713564944480	18
COUNTS	st_ht	8	18	51	44
XCHTIME	0	0	0	0	0	0	0	0	0	0	0	0
XCHTIME	6418	1	0	2673437	806590	357140	347112	0	1162595	134713375750320	134713585072144	34646
XCHTIME	0	0	0	0	0	0	0	0	0	0	0	0
XCHTIME	6418	1	0	3156117	16815	349873	357018	0	2432411	134713375750320	134713585072144	34646
XCHTIME	0	0	0	0	0	0	0	0	0	0	0	0
XCHTIME	6418	1	0	2580577	16204	364317	348441	0	1851615	134713375750320	134713585072144	34646
XCHTIME	0	0	0	0	0	0	0	0	0	0	0	0
XCHTIME	6418	1	0	10553603	15779	357577	359344	0	9820903	134713375750320	134713585072144	34646
LADGATE	6418	10000	0.877	1
XCHTIME	0	0	0	0	0	0	0	0	0	0	0	0
XCHTIME	6418	5	26	80495675	16154	385173	1831843	8078	78254427	134713375750320	134713585072144	34646
XCHTIME	0	0	0	0	0	0	0	0	0	0	0	0
XCHTIME	6418	1	0	4460556	16658	386200	363927	0	3693771	134713375750320	134713585072144	34646
XCHTIME	0	0	0	0	0	0	0	0	0	0	0	0
XCHTIME	6418	1	0	3995405	16598	360864	349526	0	3268417	134713375750320	134713585072144	34646
XCHTIME	0	0	0	0	0	0	0	0	0	0	0	0
XCHTIME	6418	2	3	6593718	16615	386160	704698	1398	5484847	134713375750320	134713585072144	34646
XCHTIME	0	0	0	0	0	0	0	0	0	0	0	0
XCHTIME	6418	1	0	8621039	16765	353282	384677	0	7866315	134713375750320	134713585072144	34646
XCHTIME	0	0	0	0	0	0	0	0	0	0	0	0
XCHTIME	6418	2	3	6399232	16643	359324	685157	1234	5336874	134713375750320	134713585072144	34646
XCHTIME	0	0	0	0	0	0	0	0	0	0	0	0
XCHTIME	6418	2	4	6957731	16507	347722	688242	1349	5903911	134713375750320	134713585072144	34646
XCHTIME	0	0	0	0	0	0	0	0	0	0	0	0
XCHTIME	6418	1	0	7009316	16951	378926	343776	0	6269663	134713375750320	134713585072144	34646
XCHTIME	0	0	0	0	0	0	0	0	0	0	0	0
XCHTIME	6418	1	0	10685507	18622	373045	366946	0	9926894	134713375750320	134713585072144	34646
XCHTIME	0	0	0	0	0	0	0	0	0	0	0	0
XCHTIME	6418	2	3	6380308	16394	361617	725756	1191	5275350	134713375750320	134713585072144	34646
LIFT	crudeoil_lee2_06	6418	4139	66598	4139
COUNTS	crudeoil_lee2_06	6418	34646	23299675	15940414
XCHTIME	0	0	0	0	0	0	0	0	0	0	0	0
XCHTIME	3183	2	4	1716670	179751	46314	88004	441	1402160	134713570067056	134713373331520	14062
XCHTIME	0	0	0	0	0	0	0	0	0	0	0	0
XCHTIME	3183	1	0	4003572	5226	49970	51952	0	3896424	134713570067056	134713373331520	14062
XCHTIME	0	0	0	0	0	0	0	0	0	0	0	0
XCHTIME	3183	1	0	2082708	4569	51350	46191	0	1980598	134713570067056	134713373331520	14062
XCHTIME	0	0	0	0	0	0	0	0	0	0	0	0
XCHTIME	3183	2	5	11801000	4817	49562	94051	605	11651965	134713570067056	134713373331520	14062
LADGATE	3183	10000	0.479	1
XCHTIME	0	0	0	0	0	0	0	0	0	0	0	0
XCHTIME	3183	5	26	20973318	6065	73380	258993	3012	20631868	134713570067056	134713373331520	14062
XCHTIME	0	0	0	0	0	0	0	0	0	0	0	0
XCHTIME	3183	3	57	5602095	7308	70409	152703	4320	5367355	134713570067056	134713373331520	14062
XCHTIME	0	0	0	0	0	0	0	0	0	0	0	0
XCHTIME	3183	4	15	4318888	6208	53456	178811	1662	4078751	134713570067056	134713373331520	14062
XCHTIME	0	0	0	0	0	0	0	0	0	0	0	0
XCHTIME	3183	4	10	3279152	5262	57555	171046	1134	3044155	134713570067056	134713373331520	14062
XCHTIME	0	0	0	0	0	0	0	0	0	0	0	0
XCHTIME	3183	2	5	11669411	4340	43978	104627	652	11515814	134713570067056	134713373331520	14062
XCHTIME	0	0	0	0	0	0	0	0	0	0	0	0
XCHTIME	3183	4	11	2802708	5912	57626	167261	1205	2570704	134713570067056	134713373331520	14062
XCHTIME	0	0	0	0	0	0	0	0	0	0	0	0
XCHTIME	3183	4	14	6307829	4348	43545	175816	1679	6082441	134713570067056	134713373331520	14062
XCHTIME	0	0	0	0	0	0	0	0	0	0	0	0
XCHTIME	3183	4	13	10080070	5026	56640	173254	1515	9843635	134713570067056	134713373331520	14062
XCHTIME	0	0	0	0	0	0	0	0	0	0	0	0
XCHTIME	3183	1	0	10214786	5101	56977	50299	0	10102409	134713570067056	134713373331520	14062
XCHTIME	0	0	0	0	0	0	0	0	0	0	0	0
XCHTIME	3183	4	6	2506464	6476	85130	172954	1011	2240893	134713570067056	134713373331520	14062
LIFT	kan_r3_h1_n4	3183	2301	12330	2301
COUNTS	kan_r3_h1_n4	3183	14062	104945	98697
XCHTIME	0	0	0	0	0	0	0	0	0	0	0	0
XCHTIME	378	2	4	351274	15979	1678	1382	195	332040	134713547458528	134713369366800	5610
XCHTIME	0	0	0	0	0	0	0	0	0	0	0	0
XCHTIME	378	2	6	3214951	1011	1364	1209	304	3211063	134713547458528	134713369366800	5610
XCHTIME	0	0	0	0	0	0	0	0	0	0	0	0
XCHTIME	378	2	5	999168	844	1140	1275	247	995662	134713547458528	134713369366800	5610
XCHTIME	0	0	0	0	0	0	0	0	0	0	0	0
XCHTIME	378	4	18	6707450	994	1102	2370	813	6702171	134713547458528	134713369366800	5610
LADGATE	378	10000	0.287	1
XCHTIME	0	0	0	0	0	0	0	0	0	0	0	0
XCHTIME	378	5	26	8767592	1210	1665	3080	1161	8760476	134713547458528	134713369366800	5610
XCHTIME	0	0	0	0	0	0	0	0	0	0	0	0
XCHTIME	378	4	66	1034340	1042	1447	2509	2324	1027018	134713547458528	134713369366800	5610
XCHTIME	0	0	0	0	0	0	0	0	0	0	0	0
XCHTIME	378	4	15	1073298	1378	1234	2860	570	1067256	134713547458528	134713369366800	5610
XCHTIME	0	0	0	0	0	0	0	0	0	0	0	0
XCHTIME	378	4	10	601114	800	1075	2716	379	596144	134713547458528	134713369366800	5610
XCHTIME	0	0	0	0	0	0	0	0	0	0	0	0
XCHTIME	378	4	18	6674139	807	1024	2628	756	6668924	134713547458528	134713369366800	5610
XCHTIME	0	0	0	0	0	0	0	0	0	0	0	0
XCHTIME	378	4	11	361813	953	1202	2559	409	356690	134713547458528	134713369366800	5610
XCHTIME	0	0	0	0	0	0	0	0	0	0	0	0
XCHTIME	378	4	14	1912720	749	961	2469	581	1907960	134713547458528	134713369366800	5610
XCHTIME	0	0	0	0	0	0	0	0	0	0	0	0
XCHTIME	378	4	13	3771690	819	1126	2402	595	3766748	134713547458528	134713369366800	5610
XCHTIME	0	0	0	0	0	0	0	0	0	0	0	0
XCHTIME	378	4	16	20053638	1051	1136	4408	874	20046169	134713547458528	134713369366800	5610
XCHTIME	0	0	0	0	0	0	0	0	0	0	0	0
XCHTIME	378	4	6	275930	2154	2195	2548	252	268781	134713547458528	134713369366800	5610
LIFT	primary	378	222	5294	222
COUNTS	primary	378	5610	109639	95258
XCHTIME	0	0	0	0	0	0	0	0	0	0	0	0
XCHTIME	1071	2	4	750158	19818	3923	7026	366	719025	134713570058320	134713569359920	2772
XCHTIME	0	0	0	0	0	0	0	0	0	0	0	0
XCHTIME	1071	2	6	4758586	810	3250	9011	578	4744937	134713570058320	134713569359920	2772
XCHTIME	0	0	0	0	0	0	0	0	0	0	0	0
XCHTIME	1071	2	5	1672023	1376	4803	6406	353	1659085	134713570058320	134713569359920	2772
XCHTIME	0	0	0	0	0	0	0	0	0	0	0	0
XCHTIME	1071	4	18	9783926	943	3135	18275	1259	9760314	134713570058320	134713569359920	2772
LADGATE	1071	10000	0.282	1
XCHTIME	0	0	0	0	0	0	0	0	0	0	0	0
XCHTIME	1071	5	26	12031601	1808	5784	20532	2001	12001476	134713570058320	134713569359920	2772
XCHTIME	0	0	0	0	0	0	0	0	0	0	0	0
XCHTIME	1071	4	66	6690056	1422	5477	20405	3485	6659267	134713570058320	134713569359920	2772
XCHTIME	0	0	0	0	0	0	0	0	0	0	0	0
XCHTIME	1071	4	15	2342400	2505	11965	13901	1128	2312901	134713570058320	134713569359920	2772
XCHTIME	0	0	0	0	0	0	0	0	0	0	0	0
XCHTIME	1071	4	10	1361056	1487	3665	13155	632	1342117	134713570058320	134713569359920	2772
XCHTIME	0	0	0	0	0	0	0	0	0	0	0	0
XCHTIME	1071	4	18	9882662	744	3127	17799	1229	9859763	134713570058320	134713569359920	2772
XCHTIME	0	0	0	0	0	0	0	0	0	0	0	0
XCHTIME	1071	4	11	1023749	1505	6063	13578	787	1001816	134713570058320	134713569359920	2772
XCHTIME	0	0	0	0	0	0	0	0	0	0	0	0
XCHTIME	1071	4	14	3198210	1029	3161	13096	930	3179994	134713570058320	134713569359920	2772
XCHTIME	0	0	0	0	0	0	0	0	0	0	0	0
XCHTIME	1071	4	13	5528674	1007	3380	13232	1040	5510015	134713570058320	134713569359920	2772
XCHTIME	0	0	0	0	0	0	0	0	0	0	0	0
XCHTIME	1071	3	15	13860333	993	3668	23999	1136	13830537	134713570058320	134713569359920	2772
XCHTIME	0	0	0	0	0	0	0	0	0	0	0	0
XCHTIME	1071	4	6	748707	2419	9972	12994	364	722958	134713570058320	134713569359920	2772
LIFT	syn10m03hfsg	1071	591	1812	591
COUNTS	syn10m03hfsg	1071	2772	9890	9812
XCHTIME	0	0	0	0	0	0	0	0	0	0	0	0
XCHTIME	36	2	4	52973	3796	463	328	118	48268	134713529513664	134713545227648	138
XCHTIME	0	0	0	0	0	0	0	0	0	0	0	0
XCHTIME	36	2	6	631121	185	650	171	178	629937	134713529513664	134713545227648	138
XCHTIME	0	0	0	0	0	0	0	0	0	0	0	0
XCHTIME	36	2	5	161168	156	368	146	108	160390	134713529513664	134713545227648	138
XCHTIME	0	0	0	0	0	0	0	0	0	0	0	0
XCHTIME	36	4	18	780857	166	427	286	473	779505	134713529513664	134713545227648	138
LADGATE	36	10000	0.183	1
XCHTIME	0	0	0	0	0	0	0	0	0	0	0	0
XCHTIME	36	5	26	1110916	233	1249	356	699	1108379	134713529513664	134713545227648	138
XCHTIME	0	0	0	0	0	0	0	0	0	0	0	0
XCHTIME	36	4	64	7005	180	394	285	2155	3991	134713529513664	134713545227648	138
XCHTIME	0	0	0	0	0	0	0	0	0	0	0	0
XCHTIME	36	4	15	163636	79	602	250	327	162378	134713529513664	134713545227648	138
XCHTIME	0	0	0	0	0	0	0	0	0	0	0	0
XCHTIME	36	4	10	88784	158	397	243	213	87773	134713529513664	134713545227648	138
XCHTIME	0	0	0	0	0	0	0	0	0	0	0	0
XCHTIME	36	4	18	777779	119	388	279	470	776523	134713529513664	134713545227648	138
XCHTIME	0	0	0	0	0	0	0	0	0	0	0	0
XCHTIME	36	4	11	53579	154	499	253	249	52424	134713529513664	134713545227648	138
XCHTIME	0	0	0	0	0	0	0	0	0	0	0	0
XCHTIME	36	4	14	259677	103	350	262	344	258618	134713529513664	134713545227648	138
XCHTIME	0	0	0	0	0	0	0	0	0	0	0	0
XCHTIME	36	4	13	555202	130	431	260	316	554065	134713529513664	134713545227648	138
XCHTIME	0	0	0	0	0	0	0	0	0	0	0	0
XCHTIME	36	4	16	1852636	113	411	327	476	1851309	134713529513664	134713545227648	138
XCHTIME	0	0	0	0	0	0	0	0	0	0	0	0
XCHTIME	36	4	6	32420	431	463	216	137	31173	134713529513664	134713545227648	138
LIFT	wastewater02m1	36	24	118	24
COUNTS	wastewater02m1	36	138	848	790
XCHTIME	0	0	0	0	0	0	0	0	0	0	0	0
XCHTIME	4620	1	0	1400461	324612	148474	158709	0	768666	134713375801680	134713375210992	15680
XCHTIME	0	0	0	0	0	0	0	0	0	0	0	0
XCHTIME	4620	1	0	829358	10927	162395	154066	0	501970	134713375801680	134713375210992	15680
XCHTIME	0	0	0	0	0	0	0	0	0	0	0	0
XCHTIME	4620	1	0	998517	7059	149192	143931	0	698335	134713375801680	134713375210992	15680
XCHTIME	0	0	0	0	0	0	0	0	0	0	0	0
XCHTIME	4620	4	18	7533472	7648	143418	590893	4976	6786537	134713375801680	134713375210992	15680
LADGATE	4620	10000	0.388	1
XCHTIME	0	0	0	0	0	0	0	0	0	0	0	0
XCHTIME	4620	5	26	9928491	8270	200921	756838	6346	8956116	134713375801680	134713375210992	15680
XCHTIME	0	0	0	0	0	0	0	0	0	0	0	0
XCHTIME	4620	3	32	4304543	14043	199434	470376	6359	3614331	134713375801680	134713375210992	15680
XCHTIME	0	0	0	0	0	0	0	0	0	0	0	0
XCHTIME	4620	3	12	4697751	8143	145638	404705	2726	4136539	134713375801680	134713375210992	15680
XCHTIME	0	0	0	0	0	0	0	0	0	0	0	0
XCHTIME	4620	4	10	6286069	8112	160156	563896	2987	5550918	134713375801680	134713375210992	15680
XCHTIME	0	0	0	0	0	0	0	0	0	0	0	0
XCHTIME	4620	4	18	7556623	7221	140693	622598	4669	6781442	134713375801680	134713375210992	15680
XCHTIME	0	0	0	0	0	0	0	0	0	0	0	0
XCHTIME	4620	4	11	6237331	7781	150432	556900	2969	5519249	134713375801680	134713375210992	15680
XCHTIME	0	0	0	0	0	0	0	0	0	0	0	0
XCHTIME	4620	4	14	6823207	7641	143401	616191	4159	6051815	134713375801680	134713375210992	15680
XCHTIME	0	0	0	0	0	0	0	0	0	0	0	0
XCHTIME	4620	4	13	7226721	7680	162077	592781	3378	6460805	134713375801680	134713375210992	15680
XCHTIME	0	0	0	0	0	0	0	0	0	0	0	0
XCHTIME	4620	3	15	9700241	9898	159182	487931	3702	9039528	134713375801680	134713375210992	15680
XCHTIME	0	0	0	0	0	0	0	0	0	0	0	0
XCHTIME	4620	4	6	6168774	8061	167065	591382	1891	5400375	134713375801680	134713375210992	15680
LIFT	supplychainr1_022020	4620	2680	11920	2680
COUNTS	supplychainr1_022020	4620	15680	273140	273100
XCHTIME	0	0	0	0	0	0	0	0	0	0	0	0
XCHTIME	3800	2	4	1452329	255500	96580	158160	953	941136	134713373487392	134713372405280	11250
XCHTIME	0	0	0	0	0	0	0	0	0	0	0	0
XCHTIME	3800	2	6	1749667	6317	135293	211014	2438	1394605	134713373487392	134713372405280	11250
XCHTIME	0	0	0	0	0	0	0	0	0	0	0	0
XCHTIME	3800	2	5	1557351	5587	85534	170367	968	1294895	134713373487392	134713372405280	11250
XCHTIME	0	0	0	0	0	0	0	0	0	0	0	0
XCHTIME	3800	4	18	5172136	5167	79709	333898	3995	4749367	134713373487392	134713372405280	11250
LADGATE	3800	10000	0.276	1
XCHTIME	0	0	0	0	0	0	0	0	0	0	0	0
XCHTIME	3800	5	26	7053831	6682	141250	489155	6409	6410335	134713373487392	134713372405280	11250
XCHTIME	0	0	0	0	0	0	0	0	0	0	0	0
XCHTIME	3800	4	66	4237574	6373	125390	383150	9492	3713169	134713373487392	134713372405280	11250
XCHTIME	0	0	0	0	0	0	0	0	0	0	0	0
XCHTIME	3800	4	15	4170014	7128	98934	364876	4574	3694502	134713373487392	134713372405280	11250
XCHTIME	0	0	0	0	0	0	0	0	0	0	0	0
XCHTIME	3800	4	10	4270087	5861	95878	373877	2995	3791476	134713373487392	134713372405280	11250
XCHTIME	0	0	0	0	0	0	0	0	0	0	0	0
XCHTIME	3800	4	18	5760029	5650	104724	416324	5248	5228083	134713373487392	134713372405280	11250
XCHTIME	0	0	0	0	0	0	0	0	0	0	0	0
XCHTIME	3800	4	11	4273568	6837	116479	380165	3090	3766997	134713373487392	134713372405280	11250
XCHTIME	0	0	0	0	0	0	0	0	0	0	0	0
XCHTIME	3800	4	14	4379585	6390	101249	368656	3277	3900013	134713373487392	134713372405280	11250
XCHTIME	0	0	0	0	0	0	0	0	0	0	0	0
XCHTIME	3800	4	13	4565610	6420	102783	321596	3163	4131648	134713373487392	134713372405280	11250
XCHTIME	0	0	0	0	0	0	0	0	0	0	0	0
XCHTIME	3800	4	16	11135826	5420	81445	391852	4318	10652791	134713373487392	134713372405280	11250
XCHTIME	0	0	0	0	0	0	0	0	0	0	0	0
XCHTIME	3800	4	6	3542903	6065	112555	316125	1785	3106373	134713373487392	134713372405280	11250
LIFT	squfl025-025persp	3800	1300	6250	1300
COUNTS	squfl025-025persp	3800	11250	49925	49925
XCHTIME	0	0	0	0	0	0	0	0	0	0	0	0
XCHTIME	17999	0	0	24571818	13024309	11547509	0	0	0	134713589052928	134713589196944	121458
XCHTIME	0	0	0	0	0	0	0	0	0	0	0	0
XCHTIME	17999	1	0	13771770	56464	11091602	1949615	0	674089	134713589052928	134713589196944	121458
XCHTIME	0	0	0	0	0	0	0	0	0	0	0	0
XCHTIME	17999	0	0	11054872	54379	11000493	0	0	0	134713589052928	134713589196944	121458
XCHTIME	0	0	0	0	0	0	0	0	0	0	0	0
XCHTIME	17999	1	0	17511770	53892	11171162	1959169	0	4327547	134713589052928	134713589196944	121458
LADGATE	17999	10000	0.925	0
XCHTIME	0	0	0	0	0	0	0	0	0	0	0	0
XCHTIME	17999	5	26	126280062	56558	11007512	9911418	13482	105291092	134713589052928	134713589196944	121458
XCHTIME	0	0	0	0	0	0	0	0	0	0	0	0
XCHTIME	17999	1	0	13896720	61024	11151455	1937640	0	746601	134713589052928	134713589196944	121458
XCHTIME	0	0	0	0	0	0	0	0	0	0	0	0
XCHTIME	17999	1	0	13885326	55673	11166541	1958131	0	704981	134713589052928	134713589196944	121458
XCHTIME	0	0	0	0	0	0	0	0	0	0	0	0
XCHTIME	17999	1	0	17036447	56170	11156054	1954420	0	3869803	134713589052928	134713589196944	121458
XCHTIME	0	0	0	0	0	0	0	0	0	0	0	0
XCHTIME	17999	1	0	17618507	59177	11201721	1983263	0	4374346	134713589052928	134713589196944	121458
XCHTIME	0	0	0	0	0	0	0	0	0	0	0	0
XCHTIME	17999	1	0	16929814	56942	11098120	1945036	0	3829716	134713589052928	134713589196944	121458
XCHTIME	0	0	0	0	0	0	0	0	0	0	0	0
XCHTIME	17999	1	0	17106506	58441	11200235	1935203	0	3912627	134713589052928	134713589196944	121458
XCHTIME	0	0	0	0	0	0	0	0	0	0	0	0
XCHTIME	17999	1	0	17255281	58872	11150176	1947533	0	4098700	134713589052928	134713589196944	121458
XCHTIME	0	0	0	0	0	0	0	0	0	0	0	0
XCHTIME	17999	1	0	17896908	59778	11154626	1948108	0	4734396	134713589052928	134713589196944	121458
XCHTIME	0	0	0	0	0	0	0	0	0	0	0	0
XCHTIME	17999	1	0	16987271	56875	11095355	1964598	0	3870443	134713589052928	134713589196944	121458
LIFT	ringpack_30_2	17999	9231	103922	9231
COUNTS	ringpack_30_2	17999	121458	12394600	2864237
LIFT	nuclear104	39098	26306	232222	26306
COUNTS	nuclear104	39098	257806	103156931	78332024
XCHTIME	0	0	0	0	0	0	0	0	0	0	0	0
XCHTIME	4952	2	4	2977689	442334	235353	382951	1035	1916016	134713375100096	134713585580064	15700
XCHTIME	0	0	0	0	0	0	0	0	0	0	0	0
XCHTIME	4952	1	0	3836013	7992	183749	184101	0	3460171	134713375100096	134713585580064	15700
XCHTIME	0	0	0	0	0	0	0	0	0	0	0	0
XCHTIME	4952	2	5	3256589	8071	190291	367071	1191	2689965	134713375100096	134713585580064	15700
XCHTIME	0	0	0	0	0	0	0	0	0	0	0	0
XCHTIME	4952	2	5	11722560	7222	213982	381574	1271	11118511	134713375100096	134713585580064	15700
LADGATE	4952	10000	0.624	1
XCHTIME	0	0	0	0	0	0	0	0	0	0	0	0
XCHTIME	4952	5	26	23473913	7955	231329	1008085	5199	22221345	134713375100096	134713585580064	15700
XCHTIME	0	0	0	0	0	0	0	0	0	0	0	0
XCHTIME	4952	2	19	5671532	8336	206061	388370	2681	5066084	134713375100096	134713585580064	15700
XCHTIME	0	0	0	0	0	0	0	0	0	0	0	0
XCHTIME	4952	3	12	5412899	8390	206357	538552	2213	4657387	134713375100096	134713585580064	15700
XCHTIME	0	0	0	0	0	0	0	0	0	0	0	0
XCHTIME	4952	4	10	6160001	7727	191413	706909	2649	5251303	134713375100096	134713585580064	15700
XCHTIME	0	0	0	0	0	0	0	0	0	0	0	0
XCHTIME	4952	3	15	11951164	8098	178044	583630	2145	11179247	134713375100096	134713585580064	15700
XCHTIME	0	0	0	0	0	0	0	0	0	0	0	0
XCHTIME	4952	4	11	5727857	8179	206730	703705	2315	4806928	134713375100096	134713585580064	15700
XCHTIME	0	0	0	0	0	0	0	0	0	0	0	0
XCHTIME	4952	4	14	9114053	8084	178452	749259	2914	8175344	134713375100096	134713585580064	15700
XCHTIME	0	0	0	0	0	0	0	0	0	0	0	0
XCHTIME	4952	4	13	11801740	8493	186514	769761	3357	10833615	134713375100096	134713585580064	15700
XCHTIME	0	0	0	0	0	0	0	0	0	0	0	0
XCHTIME	4952	1	0	11980491	8887	200348	205059	0	11566197	134713375100096	134713585580064	15700
XCHTIME	0	0	0	0	0	0	0	0	0	0	0	0
XCHTIME	4952	4	6	5451700	8469	215964	755439	2160	4469668	134713375100096	134713585580064	15700
LIFT	chp_shorttermplan1a	4952	2592	11264	2592
COUNTS	chp_shorttermplan1a	4952	15700	376486	299565
XCHTIME	0	0	0	0	0	0	0	0	0	0	0	0
XCHTIME	555	2	4	3507727	1850055	5111	2469	312	1649780	134713569404304	134713375139728	3488
XCHTIME	0	0	0	0	0	0	0	0	0	0	0	0
XCHTIME	555	2	6	9521799	994	1721	3061	479	9515544	134713569404304	134713375139728	3488
XCHTIME	0	0	0	0	0	0	0	0	0	0	0	0
XCHTIME	555	2	5	5671808	1533	2025	2235	363	5665652	134713569404304	134713375139728	3488
XCHTIME	0	0	0	0	0	0	0	0	0	0	0	0
XCHTIME	555	2	5	19085415	1084	1559	2721	368	19079683	134713569404304	134713375139728	3488
LADGATE	555	10000	0.492	1
XCHTIME	0	0	0	0	0	0	0	0	0	0	0	0
XCHTIME	555	4	10	3206604	1576	2463	6676	729	3195160	134713569404304	134713375139728	3488
XCHTIME	0	0	0	0	0	0	0	0	0	0	0	0
XCHTIME	555	4	66	350161	731	1465	4479	4609	338877	134713569404304	134713375139728	3488
XCHTIME	0	0	0	0	0	0	0	0	0	0	0	0
XCHTIME	555	4	15	5966058	690	1431	4905	1116	5957916	134713569404304	134713375139728	3488
XCHTIME	0	0	0	0	0	0	0	0	0	0	0	0
XCHTIME	555	4	10	3191987	1061	2012	4552	710	3183652	134713569404304	134713375139728	3488
XCHTIME	0	0	0	0	0	0	0	0	0	0	0	0
XCHTIME	555	2	5	19077776	899	1478	2594	420	19072385	134713569404304	134713375139728	3488
XCHTIME	0	0	0	0	0	0	0	0	0	0	0	0
XCHTIME	555	4	11	1662583	1209	2656	4654	776	1653288	134713569404304	134713375139728	3488
XCHTIME	0	0	0	0	0	0	0	0	0	0	0	0
XCHTIME	555	4	14	11184895	850	1690	4481	1069	11176805	134713569404304	134713375139728	3488
XCHTIME	0	0	0	0	0	0	0	0	0	0	0	0
XCHTIME	555	4	13	18270882	973	1540	4870	950	18262549	134713569404304	134713375139728	3488
XCHTIME	0	0	0	0	0	0	0	0	0	0	0	0
XCHTIME	555	1	0	17263333	847	1688	1143	0	17259655	134713569404304	134713375139728	3488
XCHTIME	0	0	0	0	0	0	0	0	0	0	0	0
XCHTIME	555	4	6	801787	2379	4808	4561	363	789676	134713569404304	134713375139728	3488
LIFT	rocket50	555	450	3272	450
COUNTS	rocket50	555	3488	19983	19265
XCHTIME	0	0	0	0	0	0	0	0	0	0	0	0
XCHTIME	8508	1	0	3634618	1303035	629287	642229	0	1060067	134713375342080	134713375410160	24272
XCHTIME	0	0	0	0	0	0	0	0	0	0	0	0
XCHTIME	8508	1	0	2771962	12169	643805	630339	0	1485649	134713375342080	134713375410160	24272
XCHTIME	0	0	0	0	0	0	0	0	0	0	0	0
XCHTIME	8508	1	0	2901492	12463	650726	628593	0	1609710	134713375342080	134713375410160	24272
XCHTIME	0	0	0	0	0	0	0	0	0	0	0	0
XCHTIME	8508	1	0	11146590	12698	656369	646282	0	9831241	134713375342080	134713375410160	24272
LADGATE	8508	10000	0.701	1
XCHTIME	0	0	0	0	0	0	0	0	0	0	0	0
XCHTIME	8508	5	26	145844850	15407	727219	3315290	13959	141772975	134713375342080	134713375410160	24272
XCHTIME	0	0	0	0	0	0	0	0	0	0	0	0
XCHTIME	8508	1	0	5067560	13074	682611	688694	0	3683181	134713375342080	134713375410160	24272
XCHTIME	0	0	0	0	0	0	0	0	0	0	0	0
XCHTIME	8508	1	0	5838359	13891	657853	669118	0	4497497	134713375342080	134713375410160	24272
XCHTIME	0	0	0	0	0	0	0	0	0	0	0	0
XCHTIME	8508	2	3	11476523	13852	663207	1318883	1404	9479177	134713375342080	134713375410160	24272
XCHTIME	0	0	0	0	0	0	0	0	0	0	0	0
XCHTIME	8508	1	0	11181426	14031	657502	651489	0	9858404	134713375342080	134713375410160	24272
XCHTIME	0	0	0	0	0	0	0	0	0	0	0	0
XCHTIME	8508	2	3	11129975	13699	686014	1318046	1384	9110832	134713375342080	134713375410160	24272
XCHTIME	0	0	0	0	0	0	0	0	0	0	0	0
XCHTIME	8508	1	0	11473585	13418	656305	635180	0	10168682	134713375342080	134713375410160	24272
XCHTIME	0	0	0	0	0	0	0	0	0	0	0	0
XCHTIME	8508	1	0	11493221	13727	640076	646250	0	10193168	134713375342080	134713375410160	24272
XCHTIME	0	0	0	0	0	0	0	0	0	0	0	0
XCHTIME	8508	1	0	9678420	13357	659520	650813	0	8354730	134713375342080	134713375410160	24272
XCHTIME	0	0	0	0	0	0	0	0	0	0	0	0
XCHTIME	8508	2	3	10540500	12922	666435	1290277	1506	8569360	134713375342080	134713375410160	24272
LIFT	rsyn0840m04m	8508	4368	17360	4368
COUNTS	rsyn0840m04m	8508	24272	229914	185785
XCHTIME	0	0	0	0	0	0	0	0	0	0	0	0
XCHTIME	11716	1	0	7178079	3239504	1124792	1044659	0	1769124	134713587131872	134713587225616	37660
XCHTIME	0	0	0	0	0	0	0	0	0	0	0	0
XCHTIME	11716	1	0	6896332	22383	1055220	1010123	0	4808606	134713587131872	134713587225616	37660
XCHTIME	0	0	0	0	0	0	0	0	0	0	0	0
XCHTIME	11716	1	0	5543309	22338	1036742	973301	0	3510928	134713587131872	134713587225616	37660
XCHTIME	0	0	0	0	0	0	0	0	0	0	0	0
XCHTIME	11716	1	0	12654378	22543	1011650	938379	0	10681806	134713587131872	134713587225616	37660
LADGATE	11716	10000	0.659	0
XCHTIME	0	0	0	0	0	0	0	0	0	0	0	0
XCHTIME	11716	5	26	65694849	22580	970751	4424489	13285	60263744	134713587131872	134713587225616	37660
XCHTIME	0	0	0	0	0	0	0	0	0	0	0	0
XCHTIME	11716	1	0	6005519	20837	899766	853186	0	4231730	134713587131872	134713587225616	37660
XCHTIME	0	0	0	0	0	0	0	0	0	0	0	0
XCHTIME	11716	1	0	5635617	21391	888121	830557	0	3895548	134713587131872	134713587225616	37660
XCHTIME	0	0	0	0	0	0	0	0	0	0	0	0
XCHTIME	11716	2	3	9281589	20504	881906	1693563	2109	6683507	134713587131872	134713587225616	37660
XCHTIME	0	0	0	0	0	0	0	0	0	0	0	0
XCHTIME	11716	1	0	10578291	20567	867093	823027	0	8867604	134713587131872	134713587225616	37660
XCHTIME	0	0	0	0	0	0	0	0	0	0	0	0
XCHTIME	11716	2	3	9454069	20663	889753	1697994	1761	6843898	134713587131872	134713587225616	37660
XCHTIME	0	0	0	0	0	0	0	0	0	0	0	0
XCHTIME	11716	1	0	9140397	20386	868083	828449	0	7423479	134713587131872	134713587225616	37660
XCHTIME	0	0	0	0	0	0	0	0	0	0	0	0
XCHTIME	11716	1	0	9971067	20713	884170	829084	0	8237100	134713587131872	134713587225616	37660
XCHTIME	0	0	0	0	0	0	0	0	0	0	0	0
XCHTIME	11716	1	0	10764628	20131	882236	828155	0	9034106	134713587131872	134713587225616	37660
XCHTIME	0	0	0	0	0	0	0	0	0	0	0	0
XCHTIME	11716	2	3	9525116	19836	887726	1704220	2029	6911305	134713587131872	134713587225616	37660
LIFT	mpbp_21	11716	6945	28072	6945
COUNTS	mpbp_21	11716	37660	1691114	1456963
XCHTIME	0	0	0	0	0	0	0	0	0	0	0	0
XCHTIME	172	2	4	129831	7739	582	486	103	120921	134713572061792	134713375191200	1096
XCHTIME	0	0	0	0	0	0	0	0	0	0	0	0
XCHTIME	172	2	6	1500422	292	796	459	126	1498749	134713572061792	134713375191200	1096
XCHTIME	0	0	0	0	0	0	0	0	0	0	0	0
XCHTIME	172	2	5	431333	308	588	431	105	429901	134713572061792	134713375191200	1096
XCHTIME	0	0	0	0	0	0	0	0	0	0	0	0
XCHTIME	172	4	18	2879465	206	615	1072	374	2877198	134713572061792	134713375191200	1096
LADGATE	172	10000	0.217	1
XCHTIME	0	0	0	0	0	0	0	0	0	0	0	0
XCHTIME	172	5	26	3627859	691	1689	1137	603	3623739	134713572061792	134713375191200	1096
XCHTIME	0	0	0	0	0	0	0	0	0	0	0	0
XCHTIME	172	4	66	109165	315	687	831	1398	105934	134713572061792	134713375191200	1096
XCHTIME	0	0	0	0	0	0	0	0	0	0	0	0
XCHTIME	172	4	15	422969	277	780	868	335	420709	134713572061792	134713375191200	1096
XCHTIME	0	0	0	0	0	0	0	0	0	0	0	0
XCHTIME	172	4	10	205747	215	882	775	211	203664	134713572061792	134713375191200	1096
XCHTIME	0	0	0	0	0	0	0	0	0	0	0	0
XCHTIME	172	4	18	2867851	256	615	875	378	2865727	134713572061792	134713375191200	1096
XCHTIME	0	0	0	0	0	0	0	0	0	0	0	0
XCHTIME	172	4	11	113145	306	640	744	228	111227	134713572061792	134713375191200	1096
XCHTIME	0	0	0	0	0	0	0	0	0	0	0	0
XCHTIME	172	4	14	860663	246	586	826	290	858715	134713572061792	134713375191200	1096
XCHTIME	0	0	0	0	0	0	0	0	0	0	0	0
XCHTIME	172	4	13	1516283	362	519	832	277	1514293	134713572061792	134713375191200	1096
XCHTIME	0	0	0	0	0	0	0	0	0	0	0	0
XCHTIME	172	4	16	11390469	247	599	1969	355	11387299	134713572061792	134713375191200	1096
XCHTIME	0	0	0	0	0	0	0	0	0	0	0	0
XCHTIME	172	4	6	75281	881	1186	707	148	72359	134713572061792	134713375191200	1096
LIFT	orth_d4m6_pl	172	92	896	92
COUNTS	orth_d4m6_pl	172	1096	10938	10703
XCHTIME	0	0	0	0	0	0	0	0	0	0	0	0
XCHTIME	1681	2	4	2797423	42192	19299	21832	403	2713697	134713595321840	134713586926720	7432
XCHTIME	0	0	0	0	0	0	0	0	0	0	0	0
XCHTIME	1681	2	6	7479007	2758	9620	27068	741	7438820	134713595321840	134713586926720	7432
XCHTIME	0	0	0	0	0	0	0	0	0	0	0	0
XCHTIME	1681	2	5	5459470	3510	11984	15983	437	5427556	134713595321840	134713586926720	7432
XCHTIME	0	0	0	0	0	0	0	0	0	0	0	0
XCHTIME	1681	3	15	15024247	4742	8321	41400	1613	14968171	134713595321840	134713586926720	7432
LADGATE	1681	10000	0.538	1
XCHTIME	0	0	0	0	0	0	0	0	0	0	0	0
XCHTIME	1681	5	26	35883561	3592	12134	78688	2667	35786480	134713595321840	134713586926720	7432
XCHTIME	0	0	0	0	0	0	0	0	0	0	0	0
XCHTIME	1681	2	19	5119953	3999	20791	32243	1234	5061686	134713595321840	134713586926720	7432
XCHTIME	0	0	0	0	0	0	0	0	0	0	0	0
XCHTIME	1681	4	15	7191180	4195	15406	35086	1484	7135009	134713595321840	134713586926720	7432
XCHTIME	0	0	0	0	0	0	0	0	0	0	0	0
XCHTIME	1681	4	10	5454831	2583	7255	31430	855	5412708	134713595321840	134713586926720	7432
XCHTIME	0	0	0	0	0	0	0	0	0	0	0	0
XCHTIME	1681	3	15	14957515	1457	7034	39763	1379	14907882	134713595321840	134713586926720	7432
XCHTIME	0	0	0	0	0	0	0	0	0	0	0	0
XCHTIME	1681	4	11	3825766	3116	10227	30504	955	3780964	134713595321840	134713586926720	7432
XCHTIME	0	0	0	0	0	0	0	0	0	0	0	0
XCHTIME	1681	4	14	11999434	2032	6793	32367	1257	11956985	134713595321840	134713586926720	7432
XCHTIME	0	0	0	0	0	0	0	0	0	0	0	0
XCHTIME	1681	4	13	14940497	2429	7787	35590	1176	14893515	134713595321840	134713586926720	7432
XCHTIME	0	0	0	0	0	0	0	0	0	0	0	0
XCHTIME	1681	1	0	13186320	2897	9426	7718	0	13166279	134713595321840	134713586926720	7432
XCHTIME	0	0	0	0	0	0	0	0	0	0	0	0
XCHTIME	1681	4	6	2489654	4321	32857	36517	592	2415367	134713595321840	134713586926720	7432
LIFT	kall_circlespolygons_c1p5b	1681	1245	6560	1245
COUNTS	kall_circlespolygons_c1p5b	1681	7432	201759	193841
LIFT	acopf_case9241pegase_qcqp	313068	201757	1141270	201757
COUNTS	acopf_case9241pegase_qcqp	313068	1292408	34647355	33736789
XCHTIME	0	0	0	0	0	0	0	0	0	0	0	0
XCHTIME	33	2	4	64050	2781	1087	171	163	59848	134713537805040	134713549902672	82
XCHTIME	0	0	0	0	0	0	0	0	0	0	0	0
XCHTIME	33	2	6	333875	172	543	135	193	332832	134713537805040	134713549902672	82
XCHTIME	0	0	0	0	0	0	0	0	0	0	0	0
XCHTIME	33	2	5	140196	174	593	265	147	139017	134713537805040	134713549902672	82
XCHTIME	0	0	0	0	0	0	0	0	0	0	0	0
XCHTIME	33	4	18	513413	138	509	258	438	512070	134713537805040	134713549902672	82
LADGATE	33	10000	0.172	1
XCHTIME	0	0	0	0	0	0	0	0	0	0	0	0
XCHTIME	33	5	26	939959	167	860	297	750	937885	134713537805040	134713549902672	82
XCHTIME	0	0	0	0	0	0	0	0	0	0	0	0
XCHTIME	33	4	61	1345661	126	471	391	1872	1342801	134713537805040	134713549902672	82
XCHTIME	0	0	0	0	0	0	0	0	0	0	0	0
XCHTIME	33	4	15	132713	288	570	232	440	131183	134713537805040	134713549902672	82
XCHTIME	0	0	0	0	0	0	0	0	0	0	0	0
XCHTIME	33	4	10	91930	124	554	222	257	90773	134713537805040	134713549902672	82
XCHTIME	0	0	0	0	0	0	0	0	0	0	0	0
XCHTIME	33	4	18	509123	102	448	253	447	507873	134713537805040	134713549902672	82
XCHTIME	0	0	0	0	0	0	0	0	0	0	0	0
XCHTIME	33	4	11	59011	95	451	252	285	57928	134713537805040	134713549902672	82
XCHTIME	0	0	0	0	0	0	0	0	0	0	0	0
XCHTIME	33	4	14	259874	91	417	222	362	258782	134713537805040	134713549902672	82
XCHTIME	0	0	0	0	0	0	0	0	0	0	0	0
XCHTIME	33	4	13	421562	106	422	229	316	420489	134713537805040	134713549902672	82
XCHTIME	0	0	0	0	0	0	0	0	0	0	0	0
XCHTIME	33	4	16	2396817	105	437	258	502	2395515	134713537805040	134713549902672	82
XCHTIME	0	0	0	0	0	0	0	0	0	0	0	0
XCHTIME	33	4	6	40394	116	356	214	201	39507	134713537805040	134713549902672	82
LIFT	ex1223	33	18	54	18
COUNTS	ex1223	33	82	244	244
XCHTIME	0	0	0	0	0	0	0	0	0	0	0	0
XCHTIME	10	2	4	30483	2411	408	96	184	27384	134713539297312	134713549874800	48
XCHTIME	0	0	0	0	0	0	0	0	0	0	0	0
XCHTIME	10	2	6	81629	337	306	60	272	80654	134713539297312	134713549874800	48
XCHTIME	0	0	0	0	0	0	0	0	0	0	0	0
XCHTIME	10	2	5	78042	148	296	82	221	77295	134713539297312	134713549874800	48
XCHTIME	0	0	0	0	0	0	0	0	0	0	0	0
XCHTIME	10	4	18	82566	81	229	148	656	81452	134713539297312	134713549874800	48
LADGATE	10	10000	0.122	1
XCHTIME	0	0	0	0	0	0	0	0	0	0	0	0
XCHTIME	10	4	10	50810	260	270	113	406	49761	134713539297312	134713549874800	48
XCHTIME	0	0	0	0	0	0	0	0	0	0	0	0
XCHTIME	10	4	29	77347	84	213	106	886	76058	134713539297312	134713549874800	48
XCHTIME	0	0	0	0	0	0	0	0	0	0	0	0
XCHTIME	10	4	15	53695	98	208	111	489	52789	134713539297312	134713549874800	48
XCHTIME	0	0	0	0	0	0	0	0	0	0	0	0
XCHTIME	10	4	10	44894	61	217	104	328	44184	134713539297312	134713549874800	48
XCHTIME	0	0	0	0	0	0	0	0	0	0	0	0
XCHTIME	10	4	18	89390	60	208	107	541	88474	134713539297312	134713549874800	48
XCHTIME	0	0	0	0	0	0	0	0	0	0	0	0
XCHTIME	10	4	11	25529	69	213	106	361	24780	134713539297312	134713549874800	48
XCHTIME	0	0	0	0	0	0	0	0	0	0	0	0
XCHTIME	10	4	14	95158	71	190	107	464	94326	134713539297312	134713549874800	48
XCHTIME	0	0	0	0	0	0	0	0	0	0	0	0
XCHTIME	10	4	13	111814	73	184	106	424	111027	134713539297312	134713549874800	48
XCHTIME	0	0	0	0	0	0	0	0	0	0	0	0
XCHTIME	10	4	16	107828	71	194	107	485	106971	134713539297312	134713549874800	48
XCHTIME	0	0	0	0	0	0	0	0	0	0	0	0
XCHTIME	10	4	6	16526	144	192	122	190	15878	134713539297312	134713549874800	48
COUNTS	ex6_1_4	10	48	197	153
XCHTIME	0	0	0	0	0	0	0	0	0	0	0	0
XCHTIME	403	2	4	238368	12266	1964	1814	213	222111	134713569520400	134713372587904	1630
XCHTIME	0	0	0	0	0	0	0	0	0	0	0	0
XCHTIME	403	2	6	1414040	487	1253	1590	197	1410513	134713569520400	134713372587904	1630
XCHTIME	0	0	0	0	0	0	0	0	0	0	0	0
XCHTIME	403	2	5	499203	588	1283	1556	250	495526	134713569520400	134713372587904	1630
XCHTIME	0	0	0	0	0	0	0	0	0	0	0	0
XCHTIME	403	4	18	2596786	668	1528	3111	706	2590773	134713569520400	134713372587904	1630
LADGATE	403	10000	0.273	1
XCHTIME	0	0	0	0	0	0	0	0	0	0	0	0
XCHTIME	403	5	26	3238094	1272	1956	3830	1105	3229931	134713569520400	134713372587904	1630
XCHTIME	0	0	0	0	0	0	0	0	0	0	0	0
XCHTIME	403	4	66	1844144	679	1336	3187	2032	1836910	134713569520400	134713372587904	1630
XCHTIME	0	0	0	0	0	0	0	0	0	0	0	0
XCHTIME	403	4	15	561896	665	1342	3199	466	556224	134713569520400	134713372587904	1630
XCHTIME	0	0	0	0	0	0	0	0	0	0	0	0
XCHTIME	403	4	10	414330	395	1185	3067	320	409363	134713569520400	134713372587904	1630
XCHTIME	0	0	0	0	0	0	0	0	0	0	0	0
XCHTIME	403	4	18	2582607	442	1337	2952	673	2577203	134713569520400	134713372587904	1630
XCHTIME	0	0	0	0	0	0	0	0	0	0	0	0
XCHTIME	403	4	11	292455	571	1241	2943	419	287281	134713569520400	134713372587904	1630
XCHTIME	0	0	0	0	0	0	0	0	0	0	0	0
XCHTIME	403	4	14	928882	494	1180	2892	529	923787	134713569520400	134713372587904	1630
XCHTIME	0	0	0	0	0	0	0	0	0	0	0	0
XCHTIME	403	4	13	1436670	390	1190	2911	479	1431700	134713569520400	134713372587904	1630
XCHTIME	0	0	0	0	0	0	0	0	0	0	0	0
XCHTIME	403	4	16	7941704	366	1198	4956	645	7934539	134713569520400	134713372587904	1630
XCHTIME	0	0	0	0	0	0	0	0	0	0	0	0
XCHTIME	403	4	6	221551	1341	3444	3361	240	213165	134713569520400	134713372587904	1630
LIFT	powerflow0014r	403	234	1432	234
COUNTS	powerflow0014r	403	1630	10761	10361
XCHTIME	0	0	0	0	0	0	0	0	0	0	0	0
XCHTIME	2065	2	4	1632983	84886	12390	24231	664	1510812	134713587108544	134713587684384	31132
XCHTIME	0	0	0	0	0	0	0	0	0	0	0	0
XCHTIME	2065	1	0	7349623	7830	13495	13601	0	7314697	134713587108544	134713587684384	31132
XCHTIME	0	0	0	0	0	0	0	0	0	0	0	0
XCHTIME	2065	2	5	4323366	10124	33243	35172	1016	4243811	134713587108544	134713587684384	31132
XCHTIME	0	0	0	0	0	0	0	0	0	0	0	0
XCHTIME	2065	2	5	16789237	8824	16883	53407	1176	16708947	134713587108544	134713587684384	31132
LADGATE	2065	10000	0.269	1
XCHTIME	0	0	0	0	0	0	0	0	0	0	0	0
XCHTIME	2065	5	26	42992221	11769	29949	142810	4087	42803606	134713587108544	134713587684384	31132
XCHTIME	0	0	0	0	0	0	0	0	0	0	0	0
XCHTIME	2065	4	66	3808866	13605	39909	73099	6809	3675444	134713587108544	134713587684384	31132
XCHTIME	0	0	0	0	0	0	0	0	0	0	0	0
XCHTIME	2065	4	15	4700380	12515	19862	49960	1906	4616137	134713587108544	134713587684384	31132
XCHTIME	0	0	0	0	0	0	0	0	0	0	0	0
XCHTIME	2065	4	10	3101382	7918	14178	47886	1297	3030103	134713587108544	134713587684384	31132
XCHTIME	0	0	0	0	0	0	0	0	0	0	0	0
XCHTIME	2065	2	5	14543307	7303	12670	36442	861	14486031	134713587108544	134713587684384	31132
XCHTIME	0	0	0	0	0	0	0	0	0	0	0	0
XCHTIME	2065	4	11	2690334	10083	32485	48137	1359	2598270	134713587108544	134713587684384	31132
XCHTIME	0	0	0	0	0	0	0	0	0	0	0	0
XCHTIME	2065	4	14	9557243	7134	12147	54126	1792	9482044	134713587108544	134713587684384	31132
XCHTIME	0	0	0	0	0	0	0	0	0	0	0	0
XCHTIME	2065	4	13	13575929	10696	17139	73361	1823	13472910	134713587108544	134713587684384	31132
XCHTIME	0	0	0	0	0	0	0	0	0	0	0	0
XCHTIME	2065	1	0	15111694	12320	17984	13414	0	15067976	134713587108544	134713587684384	31132
XCHTIME	0	0	0	0	0	0	0	0	0	0	0	0
XCHTIME	2065	4	6	2434873	13802	45794	55766	683	2318828	134713587108544	134713587684384	31132
LIFT	knp5-43	2065	1119	29756	1119
COUNTS	knp5-43	2065	31132	3517788	3517788
XCHTIME	0	0	0	0	0	0	0	0	0	0	0	0
XCHTIME	21688	0	0	0	0	0	0	0	0	134713588850112	134713193791568	89702
XCHTIME	0	0	0	0	0	0	0	0	0	0	0	0
XCHTIME	21688	0	0	34695613	18504603	16191010	0	0	0	134713588850112	134713193791568	89702
XCHTIME	0	0	0	0	0	0	0	0	0	0	0	0
XCHTIME	21688	0	0	15736845	45362	15691483	0	0	0	134713588850112	134713193791568	89702
XCHTIME	0	0	0	0	0	0	0	0	0	0	0	0
XCHTIME	21688	1	0	22111706	47781	15622189	2743669	0	3698067	134713588850112	134713193791568	89702
LADGATE	21688	10000	0.696	0
XCHTIME	0	0	0	0	0	0	0	0	0	0	0	0
XCHTIME	21688	5	26	201328388	48043	15689579	13859050	17499	171714217	134713588850112	134713193791568	89702
LIFT	gabriel09	21688	11348	105698	11348
COUNTS	gabriel09	21688	89702	29373994	25565816
XCHTIME	0	0	0	0	0	0	0	0	0	0	0	0
XCHTIME	32	2	4	56505	3011	2055	204	158	51077	134713540762608	134713547461568	88
XCHTIME	0	0	0	0	0	0	0	0	0	0	0	0
XCHTIME	32	2	6	309633	248	379	129	166	308711	134713540762608	134713547461568	88
XCHTIME	0	0	0	0	0	0	0	0	0	0	0	0
XCHTIME	32	2	5	102696	108	604	151	163	101670	134713540762608	134713547461568	88
XCHTIME	0	0	0	0	0	0	0	0	0	0	0	0
XCHTIME	32	4	18	312349	121	382	231	520	311095	134713540762608	134713547461568	88
LADGATE	32	10000	0.165	1
XCHTIME	0	0	0	0	0	0	0	0	0	0	0	0
XCHTIME	32	5	26	625617	218	800	324	764	623511	134713540762608	134713547461568	88
XCHTIME	0	0	0	0	0	0	0	0	0	0	0	0
XCHTIME	32	4	60	620861	110	545	227	1719	618260	134713540762608	134713547461568	88
XCHTIME	0	0	0	0	0	0	0	0	0	0	0	0
XCHTIME	32	4	15	151008	183	848	236	365	149376	134713540762608	134713547461568	88
XCHTIME	0	0	0	0	0	0	0	0	0	0	0	0
XCHTIME	32	4	10	89386	109	617	248	235	88177	134713540762608	134713547461568	88
XCHTIME	0	0	0	0	0	0	0	0	0	0	0	0
XCHTIME	32	4	18	306617	99	381	219	434	305484	134713540762608	134713547461568	88
XCHTIME	0	0	0	0	0	0	0	0	0	0	0	0
XCHTIME	32	4	11	53917	97	325	215	240	53040	134713540762608	134713547461568	88
XCHTIME	0	0	0	0	0	0	0	0	0	0	0	0
XCHTIME	32	4	14	246927	90	406	245	319	245867	134713540762608	134713547461568	88
XCHTIME	0	0	0	0	0	0	0	0	0	0	0	0
XCHTIME	32	4	13	282261	104	459	208	305	281185	134713540762608	134713547461568	88
XCHTIME	0	0	0	0	0	0	0	0	0	0	0	0
XCHTIME	32	4	16	1425974	106	423	245	499	1424701	134713540762608	134713547461568	88
XCHTIME	0	0	0	0	0	0	0	0	0	0	0	0
XCHTIME	32	4	6	31100	160	539	194	126	30081	134713540762608	134713547461568	88
LIFT	tln2	32	18	60	18
COUNTS	tln2	32	88	233	233
XCHTIME	0	0	0	0	0	0	0	0	0	0	0	0
XCHTIME	22	2	4	2283756	2244215	6435	169	202	32735	134713530873664	134713549872320	76
XCHTIME	0	0	0	0	0	0	0	0	0	0	0	0
XCHTIME	22	2	6	346002	446	345	123	171	344917	134713530873664	134713549872320	76
XCHTIME	0	0	0	0	0	0	0	0	0	0	0	0
XCHTIME	22	2	5	84200	76	291	102	124	83607	134713530873664	134713549872320	76
XCHTIME	0	0	0	0	0	0	0	0	0	0	0	0
XCHTIME	22	4	18	393632	79	254	193	509	392597	134713530873664	134713549872320	76
LADGATE	22	10000	0.150	1
XCHTIME	0	0	0	0	0	0	0	0	0	0	0	0
XCHTIME	22	5	26	705411	257	514	265	769	703606	134713530873664	134713549872320	76
XCHTIME	0	0	0	0	0	0	0	0	0	0	0	0
XCHTIME	22	4	50	667105	137	357	198	1499	664914	134713530873664	134713549872320	76
XCHTIME	0	0	0	0	0	0	0	0	0	0	0	0
XCHTIME	22	4	15	121833	123	342	175	405	120788	134713530873664	134713549872320	76
XCHTIME	0	0	0	0	0	0	0	0	0	0	0	0
XCHTIME	22	4	10	53072	101	277	183	244	52267	134713530873664	134713549872320	76
XCHTIME	0	0	0	0	0	0	0	0	0	0	0	0
XCHTIME	22	4	18	407760	97	190	185	479	406809	134713530873664	134713549872320	76
XCHTIME	0	0	0	0	0	0	0	0	0	0	0	0
XCHTIME	22	4	11	34480	105	285	223	269	33598	134713530873664	134713549872320	76
XCHTIME	0	0	0	0	0	0	0	0	0	0	0	0
XCHTIME	22	4	14	239352	77	239	183	367	238486	134713530873664	134713549872320	76
XCHTIME	0	0	0	0	0	0	0	0	0	0	0	0
XCHTIME	22	4	13	397761	118	308	186	370	396779	134713530873664	134713549872320	76
XCHTIME	0	0	0	0	0	0	0	0	0	0	0	0
XCHTIME	22	4	16	1550804	105	314	244	475	1549666	134713530873664	134713549872320	76
XCHTIME	0	0	0	0	0	0	0	0	0	0	0	0
XCHTIME	22	4	6	23697	122	342	159	136	22938	134713530873664	134713549872320	76
COUNTS	prob02	22	76	267	232
XCHTIME	0	0	0	0	0	0	0	0	0	0	0	0
XCHTIME	1422	2	4	1496535	29022	6292	11533	203	1449485	134713372604304	134713375672320	4460
XCHTIME	0	0	0	0	0	0	0	0	0	0	0	0
XCHTIME	1422	2	6	7249704	836	5556	15911	552	7226849	134713372604304	134713375672320	4460
XCHTIME	0	0	0	0	0	0	0	0	0	0	0	0
XCHTIME	1422	2	5	3987949	2324	14021	11538	247	3959819	134713372604304	134713375672320	4460
XCHTIME	0	0	0	0	0	0	0	0	0	0	0	0
XCHTIME	1422	3	15	14777844	1257	6574	25742	880	14743391	134713372604304	134713375672320	4460
LADGATE	1422	10000	0.335	1
XCHTIME	0	0	0	0	0	0	0	0	0	0	0	0
XCHTIME	1422	5	26	29314540	2906	13512	46540	1816	29249766	134713372604304	134713375672320	4460
XCHTIME	0	0	0	0	0	0	0	0	0	0	0	0
XCHTIME	1422	1	0	4998272	2734	13490	5767	0	4976281	134713372604304	134713375672320	4460
XCHTIME	0	0	0	0	0	0	0	0	0	0	0	0
XCHTIME	1422	4	15	4712763	3104	23981	23938	869	4660871	134713372604304	134713375672320	4460
XCHTIME	0	0	0	0	0	0	0	0	0	0	0	0
XCHTIME	1422	4	10	2709032	1901	7673	25290	563	2673605	134713372604304	134713375672320	4460
XCHTIME	0	0	0	0	0	0	0	0	0	0	0	0
XCHTIME	1422	3	15	14902347	1419	5699	26555	1011	14867663	134713372604304	134713375672320	4460
XCHTIME	0	0	0	0	0	0	0	0	0	0	0	0
XCHTIME	1422	4	11	1886974	2330	11966	21603	593	1850482	134713372604304	134713375672320	4460
XCHTIME	0	0	0	0	0	0	0	0	0	0	0	0
XCHTIME	1422	4	14	7956016	845	5750	21954	764	7926703	134713372604304	134713375672320	4460
XCHTIME	0	0	0	0	0	0	0	0	0	0	0	0
XCHTIME	1422	4	13	13193653	1140	5547	24427	786	13161753	134713372604304	134713375672320	4460
XCHTIME	0	0	0	0	0	0	0	0	0	0	0	0
XCHTIME	1422	1	0	14697965	2114	7169	5360	0	14683322	134713372604304	134713375672320	4460
XCHTIME	0	0	0	0	0	0	0	0	0	0	0	0
XCHTIME	1422	4	6	1366525	3257	21561	24719	363	1316625	134713372604304	134713375672320	4460
LIFT	blend146	1422	826	3252	826
COUNTS	blend146	1422	4460	78102	64296
XCHTIME	0	0	0	0	0	0	0	0	0	0	0	0
XCHTIME	4518	1	0	2314341	374564	156317	145676	0	1637784	134713375838656	134713588294720	14492
XCHTIME	0	0	0	0	0	0	0	0	0	0	0	0
XCHTIME	4518	1	0	3407113	7619	160189	170394	0	3068911	134713375838656	134713588294720	14492
XCHTIME	0	0	0	0	0	0	0	0	0	0	0	0
XCHTIME	4518	1	0	2326005	6971	154771	142551	0	2021712	134713375838656	134713588294720	14492
XCHTIME	0	0	0	0	0	0	0	0	0	0	0	0
XCHTIME	4518	1	0	10969303	6720	135487	146971	0	10680125	134713375838656	134713588294720	14492
LADGATE	4518	10000	0.459	1
XCHTIME	0	0	0	0	0	0	0	0	0	0	0	0
XCHTIME	4518	5	26	49498092	7494	192681	806358	13266	48478293	134713375838656	134713588294720	14492
XCHTIME	0	0	0	0	0	0	0	0	0	0	0	0
XCHTIME	4518	4	66	4524058	11949	176867	535702	9794	3789746	134713375838656	134713588294720	14492
XCHTIME	0	0	0	0	0	0	0	0	0	0	0	0
XCHTIME	4518	4	15	5034864	7231	135120	540693	2735	4349085	134713375838656	134713588294720	14492
XCHTIME	0	0	0	0	0	0	0	0	0	0	0	0
XCHTIME	4518	4	10	4868052	7289	138217	531473	2013	4189060	134713375838656	134713588294720	14492
XCHTIME	0	0	0	0	0	0	0	0	0	0	0	0
XCHTIME	4518	3	15	11600474	7092	139113	445253	2542	11006474	134713375838656	134713588294720	14492
XCHTIME	0	0	0	0	0	0	0	0	0	0	0	0
XCHTIME	4518	4	11	4528188	7437	152374	561436	3197	3803744	134713375838656	134713588294720	14492
XCHTIME	0	0	0	0	0	0	0	0	0	0	0	0
XCHTIME	4518	4	14	8381801	6725	136989	575644	3423	7659020	134713375838656	134713588294720	14492
XCHTIME	0	0	0	0	0	0	0	0	0	0	0	0
XCHTIME	4518	4	13	11288364	6778	149749	560836	2687	10568314	134713375838656	134713588294720	14492
XCHTIME	0	0	0	0	0	0	0	0	0	0	0	0
XCHTIME	4518	1	0	10599312	7192	145931	152968	0	10293221	134713375838656	134713588294720	14492
XCHTIME	0	0	0	0	0	0	0	0	0	0	0	0
XCHTIME	4518	4	6	4188899	7283	181229	522962	1425	3476000	134713375838656	134713588294720	14492
LIFT	mpbp_46	4518	2728	10872	2728
COUNTS	mpbp_46	4518	14492	499547	447603
XCHTIME	0	0	0	0	0	0	0	0	0	0	0	0
XCHTIME	413	2	4	675044	14101	2353	1704	157	656729	134713567945568	134713369284736	2860
XCHTIME	0	0	0	0	0	0	0	0	0	0	0	0
XCHTIME	413	2	6	3821558	485	1621	1455	180	3817817	134713567945568	134713369284736	2860
XCHTIME	0	0	0	0	0	0	0	0	0	0	0	0
XCHTIME	413	2	5	1436664	906	1498	1459	130	1432671	134713567945568	134713369284736	2860
XCHTIME	0	0	0	0	0	0	0	0	0	0	0	0
XCHTIME	413	4	18	8270133	532	1307	3187	647	8264460	134713567945568	134713369284736	2860
LADGATE	413	10000	0.341	1
XCHTIME	0	0	0	0	0	0	0	0	0	0	0	0
XCHTIME	413	5	26	9211072	1407	2608	3869	989	9202199	134713567945568	134713369284736	2860
XCHTIME	0	0	0	0	0	0	0	0	0	0	0	0
XCHTIME	413	4	66	2571763	896	1468	3316	3114	2562969	134713567945568	134713369284736	2860
XCHTIME	0	0	0	0	0	0	0	0	0	0	0	0
XCHTIME	413	4	15	1793617	961	1391	3279	450	1787536	134713567945568	134713369284736	2860
XCHTIME	0	0	0	0	0	0	0	0	0	0	0	0
XCHTIME	413	4	10	1185612	635	1256	3259	316	1180146	134713567945568	134713369284736	2860
XCHTIME	0	0	0	0	0	0	0	0	0	0	0	0
XCHTIME	413	4	18	8214974	441	1324	2997	691	8209521	134713567945568	134713369284736	2860
XCHTIME	0	0	0	0	0	0	0	0	0	0	0	0
XCHTIME	413	4	11	730827	810	1524	3201	311	724981	134713567945568	134713369284736	2860
XCHTIME	0	0	0	0	0	0	0	0	0	0	0	0
XCHTIME	413	4	14	2781971	473	1225	3068	412	2776793	134713567945568	134713369284736	2860
XCHTIME	0	0	0	0	0	0	0	0	0	0	0	0
XCHTIME	413	4	13	4297456	826	1254	2917	398	4292061	134713567945568	134713369284736	2860
XCHTIME	0	0	0	0	0	0	0	0	0	0	0	0
XCHTIME	413	4	16	17685253	547	1354	5994	923	17676435	134713567945568	134713369284736	2860
XCHTIME	0	0	0	0	0	0	0	0	0	0	0	0
XCHTIME	413	4	6	505416	2127	2245	3128	170	497746	134713567945568	134713369284736	2860
LIFT	tls6	413	291	2630	291
COUNTS	tls6	413	2860	18483	17511
XCHTIME	0	0	0	0	0	0	0	0	0	0	0	0
XCHTIME	21925	0	0	0	0	0	0	0	0	134713590581408	134713590756832	52300
XCHTIME	0	0	0	0	0	0	0	0	0	0	0	0
XCHTIME	21925	0	0	34874462	18279323	16595139	0	0	0	134713590581408	134713590756832	52300
XCHTIME	0	0	0	0	0	0	0	0	0	0	0	0
XCHTIME	21925	0	0	16252652	33339	16219313	0	0	0	134713590581408	134713590756832	52300
XCHTIME	0	0	0	0	0	0	0	0	0	0	0	0
XCHTIME	21925	1	0	22393738	29299	16217747	2922413	0	3224279	134713590581408	134713590756832	52300
LADGATE	21925	10000	0.436	0
XCHTIME	0	0	0	0	0	0	0	0	0	0	0	0
XCHTIME	21925	5	26	115440464	30664	16275722	14762089	18598	84353391	134713590581408	134713590756832	52300
XCHTIME	0	0	0	0	0	0	0	0	0	0	0	0
XCHTIME	21925	0	0	16229793	31902	16197891	0	0	0	134713590581408	134713590756832	52300
XCHTIME	0	0	0	0	0	0	0	0	0	0	0	0
XCHTIME	21925	0	0	16259470	29822	16229648	0	0	0	134713590581408	134713590756832	52300
XCHTIME	0	0	0	0	0	0	0	0	0	0	0	0
XCHTIME	21925	1	0	22259692	28916	16131926	2885103	0	3213747	134713590581408	134713590756832	52300
XCHTIME	0	0	0	0	0	0	0	0	0	0	0	0
XCHTIME	21925	1	0	22384181	34716	16244778	2915288	0	3189399	134713590581408	134713590756832	52300
XCHTIME	0	0	0	0	0	0	0	0	0	0	0	0
XCHTIME	21925	1	0	22424359	31769	16225011	2920645	0	3246934	134713590581408	134713590756832	52300
XCHTIME	0	0	0	0	0	0	0	0	0	0	0	0
XCHTIME	21925	1	0	22391223	31668	16204278	2902043	0	3253234	134713590581408	134713590756832	52300
XCHTIME	0	0	0	0	0	0	0	0	0	0	0	0
XCHTIME	21925	1	0	22359430	32226	16132908	2908087	0	3286209	134713590581408	134713590756832	52300
XCHTIME	0	0	0	0	0	0	0	0	0	0	0	0
XCHTIME	21925	1	0	22383998	32096	16215130	2910917	0	3225855	134713590581408	134713590756832	52300
XCHTIME	0	0	0	0	0	0	0	0	0	0	0	0
XCHTIME	21925	1	0	22273502	31930	16151867	2917889	0	3171816	134713590581408	134713590756832	52300
LIFT	emfl100_5_5	21925	9425	27300	9425
COUNTS	emfl100_5_5	21925	52300	221650	221650
XCHTIME	0	0	0	0	0	0	0	0	0	0	0	0
XCHTIME	341	2	4	666605	72974	1965	1353	286	590027	134713372288640	134713192742976	44264
XCHTIME	0	0	0	0	0	0	0	0	0	0	0	0
XCHTIME	341	2	6	10811548	6546	1425	1246	487	10801844	134713372288640	134713192742976	44264
XCHTIME	0	0	0	0	0	0	0	0	0	0	0	0
XCHTIME	341	2	5	3387993	12199	2077	1061	283	3372373	134713372288640	134713192742976	44264
XCHTIME	0	0	0	0	0	0	0	0	0	0	0	0
XCHTIME	341	4	18	21701229	8062	1273	2393	1360	21688141	134713372288640	134713192742976	44264
LADGATE	341	10000	0.164	1
XCHTIME	0	0	0	0	0	0	0	0	0	0	0	0
XCHTIME	341	4	10	1137540	12527	2015	2433	663	1119902	134713372288640	134713192742976	44264
XCHTIME	0	0	0	0	0	0	0	0	0	0	0	0
XCHTIME	341	4	66	322521	9572	1842	1580	3442	306085	134713372288640	134713192742976	44264
XCHTIME	0	0	0	0	0	0	0	0	0	0	0	0
XCHTIME	341	4	15	2992416	5042	1190	2531	857	2982796	134713372288640	134713192742976	44264
XCHTIME	0	0	0	0	0	0	0	0	0	0	0	0
XCHTIME	341	4	10	1122646	6455	1196	2330	599	1112066	134713372288640	134713192742976	44264
XCHTIME	0	0	0	0	0	0	0	0	0	0	0	0
XCHTIME	341	4	18	21617658	5174	1166	2019	1395	21607904	134713372288640	134713192742976	44264
XCHTIME	0	0	0	0	0	0	0	0	0	0	0	0
XCHTIME	341	4	11	728872	7402	1447	2041	611	717371	134713372288640	134713192742976	44264
XCHTIME	0	0	0	0	0	0	0	0	0	0	0	0
XCHTIME	341	4	14	6634431	5150	1231	2173	929	6624948	134713372288640	134713192742976	44264
XCHTIME	0	0	0	0	0	0	0	0	0	0	0	0
XCHTIME	341	4	13	13526393	7246	1276	1995	918	13514958	134713372288640	134713192742976	44264
XCHTIME	0	0	0	0	0	0	0	0	0	0	0	0
XCHTIME	341	1	0	20635154	6553	1278	461	0	20626862	134713372288640	134713192742976	44264
XCHTIME	0	0	0	0	0	0	0	0	0	0	0	0
XCHTIME	341	4	6	563805	15728	3731	2257	458	541631	134713372288640	134713192742976	44264
LIFT	qspp_0_11_0_1_10_1	341	220	43506	220
COUNTS	qspp_0_11_0_1_10_1	341	44264	3563707	3531915
XCHTIME	0	0	0	0	0	0	0	0	0	0	0	0
XCHTIME	403	2	4	2299969	2110177	4650	1735	166	183241	134713541597056	134713589023632	1484
XCHTIME	0	0	0	0	0	0	0	0	0	0	0	0
XCHTIME	403	2	6	1568276	613	1720	1497	173	1564273	134713541597056	134713589023632	1484
XCHTIME	0	0	0	0	0	0	0	0	0	0	0	0
XCHTIME	403	2	5	456997	510	1793	1522	151	453021	134713541597056	134713589023632	1484
XCHTIME	0	0	0	0	0	0	0	0	0	0	0	0
XCHTIME	403	4	18	3110280	424	1182	3068	532	3105074	134713541597056	134713589023632	1484
LADGATE	403	10000	0.257	1
XCHTIME	0	0	0	0	0	0	0	0	0	0	0	0
XCHTIME	403	5	26	3709408	614	1851	3471	797	3702675	134713541597056	134713589023632	1484
XCHTIME	0	0	0	0	0	0	0	0	0	0	0	0
XCHTIME	403	4	66	534856	401	1202	2543	1484	529226	134713541597056	134713589023632	1484
XCHTIME	0	0	0	0	0	0	0	0	0	0	0	0
XCHTIME	403	4	15	533074	335	1241	3184	332	527982	134713541597056	134713589023632	1484
XCHTIME	0	0	0	0	0	0	0	0	0	0	0	0
XCHTIME	403	4	10	320162	380	1270	3112	250	315150	134713541597056	134713589023632	1484
XCHTIME	0	0	0	0	0	0	0	0	0	0	0	0
XCHTIME	403	4	18	3105258	321	1181	3169	491	3100096	134713541597056	134713589023632	1484
XCHTIME	0	0	0	0	0	0	0	0	0	0	0	0
XCHTIME	403	4	11	205070	366	1272	2998	318	200116	134713541597056	134713589023632	1484
XCHTIME	0	0	0	0	0	0	0	0	0	0	0	0
XCHTIME	403	4	14	948028	305	1162	2874	372	943315	134713541597056	134713589023632	1484
XCHTIME	0	0	0	0	0	0	0	0	0	0	0	0
XCHTIME	403	4	13	1660073	311	1228	2728	370	1655436	134713541597056	134713589023632	1484
XCHTIME	0	0	0	0	0	0	0	0	0	0	0	0
XCHTIME	403	4	16	9926515	378	1379	4667	494	9919597	134713541597056	134713589023632	1484
XCHTIME	0	0	0	0	0	0	0	0	0	0	0	0
XCHTIME	403	4	6	159884	1425	2155	2969	245	153090	134713541597056	134713589023632	1484
LIFT	p_ball_10b_5p_4d_m	403	169	1116	169
COUNTS	p_ball_10b_5p_4d_m	403	1484	13581	13288
XCHTIME	0	0	0	0	0	0	0	0	0	0	0	0
XCHTIME	90	2	4	117455	5643	661	318	206	110627	134713529556512	134713589043616	840
XCHTIME	0	0	0	0	0	0	0	0	0	0	0	0
XCHTIME	90	2	6	1346246	268	623	273	295	1344787	134713529556512	134713589043616	840
XCHTIME	0	0	0	0	0	0	0	0	0	0	0	0
XCHTIME	90	2	5	346764	228	580	414	241	345301	134713529556512	134713589043616	840
XCHTIME	0	0	0	0	0	0	0	0	0	0	0	0
XCHTIME	90	4	18	2419372	218	562	499	781	2417312	134713529556512	134713589043616	840
LADGATE	90	10000	0.231	1
XCHTIME	0	0	0	0	0	0	0	0	0	0	0	0
XCHTIME	90	4	10	237640	692	1489	588	485	234386	134713529556512	134713589043616	840
XCHTIME	0	0	0	0	0	0	0	0	0	0	0	0
XCHTIME	90	4	66	29523	495	745	502	2570	25211	134713529556512	134713589043616	840
XCHTIME	0	0	0	0	0	0	0	0	0	0	0	0
XCHTIME	90	4	15	448949	210	654	677	595	446813	134713529556512	134713589043616	840
XCHTIME	0	0	0	0	0	0	0	0	0	0	0	0
XCHTIME	90	4	10	217082	316	696	969	435	214666	134713529556512	134713589043616	840
XCHTIME	0	0	0	0	0	0	0	0	0	0	0	0
XCHTIME	90	4	18	2720170	256	712	768	874	2717560	134713529556512	134713589043616	840
XCHTIME	0	0	0	0	0	0	0	0	0	0	0	0
XCHTIME	90	4	11	119982	290	735	1045	576	117336	134713529556512	134713589043616	840
XCHTIME	0	0	0	0	0	0	0	0	0	0	0	0
XCHTIME	90	4	14	776344	188	641	551	631	774333	134713529556512	134713589043616	840
XCHTIME	0	0	0	0	0	0	0	0	0	0	0	0
XCHTIME	90	4	13	1466338	220	671	576	628	1464243	134713529556512	134713589043616	840
XCHTIME	0	0	0	0	0	0	0	0	0	0	0	0
XCHTIME	90	4	16	9426136	280	727	951	796	9423382	134713529556512	134713589043616	840
XCHTIME	0	0	0	0	0	0	0	0	0	0	0	0
XCHTIME	90	4	6	73779	608	1162	1003	316	70690	134713529556512	134713589043616	840
LIFT	st_rv9	90	70	800	70
COUNTS	st_rv9	90	840	6691	6321
XCHTIME	0	0	0	0	0	0	0	0	0	0	0	0
XCHTIME	3486	1	0	2328137	160100	71691	66955	0	2029391	134713587033232	134713588524112	9576
XCHTIME	0	0	0	0	0	0	0	0	0	0	0	0
XCHTIME	3486	1	0	4230868	4758	71631	71213	0	4083266	134713587033232	134713588524112	9576
XCHTIME	0	0	0	0	0	0	0	0	0	0	0	0
XCHTIME	3486	1	0	2989680	4657	71577	70472	0	2842974	134713587033232	134713588524112	9576
XCHTIME	0	0	0	0	0	0	0	0	0	0	0	0
XCHTIME	3486	1	0	10752672	4394	61452	61861	0	10624965	134713587033232	134713588524112	9576
LADGATE	3486	10000	0.550	1
XCHTIME	0	0	0	0	0	0	0	0	0	0	0	0
XCHTIME	3486	5	26	59082999	5238	101709	387111	4463	58584478	134713587033232	134713588524112	9576
XCHTIME	0	0	0	0	0	0	0	0	0	0	0	0
XCHTIME	3486	2	19	5292399	5425	110067	130621	2207	5044079	134713587033232	134713588524112	9576
XCHTIME	0	0	0	0	0	0	0	0	0	0	0	0
XCHTIME	3486	2	4	6411742	4891	83196	131832	856	6190967	134713587033232	134713588524112	9576
XCHTIME	0	0	0	0	0	0	0	0	0	0	0	0
XCHTIME	3486	4	10	7784641	4372	72406	239276	1422	7467165	134713587033232	134713588524112	9576
XCHTIME	0	0	0	0	0	0	0	0	0	0	0	0
XCHTIME	3486	1	0	10838425	5287	63146	61839	0	10708153	134713587033232	134713588524112	9576
XCHTIME	0	0	0	0	0	0	0	0	0	0	0	0
XCHTIME	3486	4	11	5991635	5344	97868	246371	1370	5640682	134713587033232	134713588524112	9576
XCHTIME	0	0	0	0	0	0	0	0	0	0	0	0
XCHTIME	3486	3	12	12103139	4028	62309	190081	1639	11845082	134713587033232	134713588524112	9576
XCHTIME	0	0	0	0	0	0	0	0	0	0	0	0
XCHTIME	3486	2	4	11552731	4235	63702	127223	672	11356899	134713587033232	134713588524112	9576
XCHTIME	0	0	0	0	0	0	0	0	0	0	0	0
XCHTIME	3486	1	0	9556208	5139	102357	64020	0	9384692	134713587033232	134713588524112	9576
XCHTIME	0	0	0	0	0	0	0	0	0	0	0	0
XCHTIME	3486	4	6	4608499	5385	91089	246528	763	4264734	134713587033232	134713588524112	9576
LIFT	rsyn0840m02m	3486	1876	6568	1876
COUNTS	rsyn0840m02m	3486	9576	47529	44981
XCHTIME	0	0	0	0	0	0	0	0	0	0	0	0
XCHTIME	22	2	4	54058	2427	852	140	181	50458	134713534069328	134713567948896	84
XCHTIME	0	0	0	0	0	0	0	0	0	0	0	0
XCHTIME	22	2	6	363459	354	418	129	189	362369	134713534069328	134713567948896	84
XCHTIME	0	0	0	0	0	0	0	0	0	0	0	0
XCHTIME	22	2	5	123899	101	264	101	166	123267	134713534069328	134713567948896	84
XCHTIME	0	0	0	0	0	0	0	0	0	0	0	0
XCHTIME	22	4	18	711420	112	281	209	620	710198	134713534069328	134713567948896	84
LADGATE	22	10000	0.154	1
XCHTIME	0	0	0	0	0	0	0	0	0	0	0	0
XCHTIME	22	5	26	1030309	325	373	271	872	1028468	134713534069328	134713567948896	84
XCHTIME	0	0	0	0	0	0	0	0	0	0	0	0
XCHTIME	22	4	50	667687	145	347	187	1664	665344	134713534069328	134713567948896	84
XCHTIME	0	0	0	0	0	0	0	0	0	0	0	0
XCHTIME	22	4	15	164804	120	303	200	498	163683	134713534069328	134713567948896	84
XCHTIME	0	0	0	0	0	0	0	0	0	0	0	0
XCHTIME	22	4	10	105019	110	291	216	302	104100	134713534069328	134713567948896	84
XCHTIME	0	0	0	0	0	0	0	0	0	0	0	0
XCHTIME	22	4	18	709796	119	323	198	639	708517	134713534069328	134713567948896	84
XCHTIME	0	0	0	0	0	0	0	0	0	0	0	0
XCHTIME	22	4	11	60681	123	330	188	342	59698	134713534069328	134713567948896	84
XCHTIME	0	0	0	0	0	0	0	0	0	0	0	0
XCHTIME	22	4	14	288534	95	273	181	404	287581	134713534069328	134713567948896	84
XCHTIME	0	0	0	0	0	0	0	0	0	0	0	0
XCHTIME	22	4	13	439535	98	291	184	437	438525	134713534069328	134713567948896	84
XCHTIME	0	0	0	0	0	0	0	0	0	0	0	0
XCHTIME	22	4	16	1602663	109	297	197	540	1601520	134713534069328	134713567948896	84
XCHTIME	0	0	0	0	0	0	0	0	0	0	0	0
XCHTIME	22	4	6	30870	169	319	177	202	30003	134713534069328	134713567948896	84
COUNTS	nvs05	22	84	277	266
COUNTS	autocorr_bern25-19	28	612	5278	5278
XCHTIME	0	0	0	0	0	0	0	0	0	0	0	0
XCHTIME	356	2	4	314691	11257	1990	1468	175	299801	134713375207600	134713570092544	1232
XCHTIME	0	0	0	0	0	0	0	0	0	0	0	0
XCHTIME	356	2	6	1898962	340	1519	1637	229	1895237	134713375207600	134713570092544	1232
XCHTIME	0	0	0	0	0	0	0	0	0	0	0	0
XCHTIME	356	2	5	775954	468	1603	1051	177	772655	134713375207600	134713570092544	1232
XCHTIME	0	0	0	0	0	0	0	0	0	0	0	0
XCHTIME	356	4	18	4491431	300	1248	2414	651	4486818	134713375207600	134713570092544	1232
LADGATE	356	10000	0.241	1
XCHTIME	0	0	0	0	0	0	0	0	0	0	0	0
XCHTIME	356	5	26	5837687	1032	1879	3319	1130	5830327	134713375207600	134713570092544	1232
XCHTIME	0	0	0	0	0	0	0	0	0	0	0	0
XCHTIME	356	4	66	5656448	710	1207	3162	2046	5649323	134713375207600	134713570092544	1232
XCHTIME	0	0	0	0	0	0	0	0	0	0	0	0
XCHTIME	356	4	15	871452	1089	1859	2703	624	865177	134713375207600	134713570092544	1232
XCHTIME	0	0	0	0	0	0	0	0	0	0	0	0
XCHTIME	356	4	10	516442	467	1329	2444	395	511807	134713375207600	134713570092544	1232
XCHTIME	0	0	0	0	0	0	0	0	0	0	0	0
XCHTIME	356	4	18	4490691	287	1351	2438	699	4485916	134713375207600	134713570092544	1232
XCHTIME	0	0	0	0	0	0	0	0	0	0	0	0
XCHTIME	356	4	11	269757	387	1330	2266	388	265386	134713375207600	134713570092544	1232
XCHTIME	0	0	0	0	0	0	0	0	0	0	0	0
XCHTIME	356	4	14	1425428	273	1184	2276	576	1421119	134713375207600	134713570092544	1232
XCHTIME	0	0	0	0	0	0	0	0	0	0	0	0
XCHTIME	356	4	13	2497367	318	1242	2130	470	2493207	134713375207600	134713570092544	1232
XCHTIME	0	0	0	0	0	0	0	0	0	0	0	0
XCHTIME	356	4	16	14058020	350	1376	3699	709	14051886	134713375207600	134713570092544	1232
XCHTIME	0	0	0	0	0	0	0	0	0	0	0	0
XCHTIME	356	4	6	223950	909	2751	2531	294	217465	134713375207600	134713570092544	1232
LIFT	sssd20-08persp	356	140	800	140
COUNTS	sssd20-08persp	356	1232	4960	4960
XCHTIME	0	0	0	0	0	0	0	0	0	0	0	0
XCHTIME	827	2	4	546018	14307	2238	4200	158	525115	134713587125088	134713195167840	3804
XCHTIME	0	0	0	0	0	0	0	0	0	0	0	0
XCHTIME	827	2	6	5630578	788	2309	4787	322	5622372	134713587125088	134713195167840	3804
XCHTIME	0	0	0	0	0	0	0	0	0	0	0	0
XCHTIME	827	2	5	1754771	1023	2663	4226	212	1746647	134713587125088	134713195167840	3804
XCHTIME	0	0	0	0	0	0	0	0	0	0	0	0
XCHTIME	827	4	18	11358881	957	2534	8974	729	11345687	134713587125088	134713195167840	3804
LADGATE	827	10000	0.644	1
XCHTIME	0	0	0	0	0	0	0	0	0	0	0	0
XCHTIME	827	5	26	10478252	1462	2827	10333	1189	10462441	134713587125088	134713195167840	3804
XCHTIME	0	0	0	0	0	0	0	0	0	0	0	0
XCHTIME	827	4	66	1143685	1195	2559	7838	2226	1129867	134713587125088	134713195167840	3804
XCHTIME	0	0	0	0	0	0	0	0	0	0	0	0
XCHTIME	827	4	15	1554948	613	2301	8335	636	1543063	134713587125088	134713195167840	3804
XCHTIME	0	0	0	0	0	0	0	0	0	0	0	0
XCHTIME	827	4	10	901459	924	2259	8464	458	889354	134713587125088	134713195167840	3804
XCHTIME	0	0	0	0	0	0	0	0	0	0	0	0
XCHTIME	827	4	18	8504702	998	2376	8460	680	8492188	134713587125088	134713195167840	3804
XCHTIME	0	0	0	0	0	0	0	0	0	0	0	0
XCHTIME	827	4	11	613368	1090	2560	8193	410	601115	134713587125088	134713195167840	3804
XCHTIME	0	0	0	0	0	0	0	0	0	0	0	0
XCHTIME	827	4	14	2750377	535	2235	8054	586	2738967	134713587125088	134713195167840	3804
XCHTIME	0	0	0	0	0	0	0	0	0	0	0	0
XCHTIME	827	4	13	4734657	579	2254	7995	499	4723330	134713587125088	134713195167840	3804
XCHTIME	0	0	0	0	0	0	0	0	0	0	0	0
XCHTIME	827	3	15	18151595	922	2288	14219	682	18133484	134713587125088	134713195167840	3804
XCHTIME	0	0	0	0	0	0	0	0	0	0	0	0
XCHTIME	827	4	6	483964	2719	8890	8340	234	463781	134713587125088	134713195167840	3804
LIFT	multiplants_stg5	827	310	3480	310
COUNTS	multiplants_stg5	827	3804	377794	155722
XCHTIME	0	0	0	0	0	0	0	0	0	0	0	0
XCHTIME	2032	1	0	3090374	67632	11668	10505	0	3000569	134713375729696	134713193140304	15140
XCHTIME	0	0	0	0	0	0	0	0	0	0	0	0
XCHTIME	2032	1	0	7332900	3811	15594	11626	0	7301869	134713375729696	134713193140304	15140
XCHTIME	0	0	0	0	0	0	0	0	0	0	0	0
XCHTIME	2032	1	0	5506020	5292	32746	15203	0	5452779	134713375729696	134713193140304	15140
XCHTIME	0	0	0	0	0	0	0	0	0	0	0	0
XCHTIME	2032	1	0	15068597	5277	27543	13564	0	15022213	134713375729696	134713193140304	15140
LADGATE	2032	10000	0.696	1
XCHTIME	0	0	0	0	0	0	0	0	0	0	0	0
XCHTIME	2032	4	10	12264324	6550	28461	59556	1965	12167792	134713375729696	134713193140304	15140
XCHTIME	0	0	0	0	0	0	0	0	0	0	0	0
XCHTIME	2032	1	0	6612094	6152	27516	12799	0	6565627	134713375729696	134713193140304	15140
XCHTIME	0	0	0	0	0	0	0	0	0	0	0	0
XCHTIME	2032	2	4	7022429	7731	45260	50155	716	6918567	134713375729696	134713193140304	15140
XCHTIME	0	0	0	0	0	0	0	0	0	0	0	0
XCHTIME	2032	4	10	12189136	6465	26949	54708	1851	12099163	134713375729696	134713193140304	15140
XCHTIME	0	0	0	0	0	0	0	0	0	0	0	0
XCHTIME	2032	1	0	15089833	4824	14049	10866	0	15060094	134713375729696	134713193140304	15140
XCHTIME	0	0	0	0	0	0	0	0	0	0	0	0
XCHTIME	2032	4	11	8089286	5679	31396	57581	2157	7992473	134713375729696	134713193140304	15140
XCHTIME	0	0	0	0	0	0	0	0	0	0	0	0
XCHTIME	2032	2	4	14837969	5962	18609	27914	739	14784745	134713375729696	134713193140304	15140
XCHTIME	0	0	0	0	0	0	0	0	0	0	0	0
XCHTIME	2032	1	0	15072676	5086	17506	12223	0	15037861	134713375729696	134713193140304	15140
XCHTIME	0	0	0	0	0	0	0	0	0	0	0	0
XCHTIME	2032	1	0	13570323	5348	30046	14280	0	13520649	134713375729696	134713193140304	15140
XCHTIME	0	0	0	0	0	0	0	0	0	0	0	0
XCHTIME	2032	4	6	5532505	7283	44305	58858	1043	5421016	134713375729696	134713193140304	15140
LIFT	chimera_rfr-02	2032	2012	15234	2012
COUNTS	chimera_rfr-02	2032	15140	3860441	2486435
XCHTIME	0	0	0	0	0	0	0	0	0	0	0	0
XCHTIME	726	2	4	1088783	19762	4594	3672	325	1060430	134713373517808	134713372291392	3510
XCHTIME	0	0	0	0	0	0	0	0	0	0	0	0
XCHTIME	726	2	6	8375703	768	1960	4241	524	8368210	134713373517808	134713372291392	3510
XCHTIME	0	0	0	0	0	0	0	0	0	0	0	0
XCHTIME	726	2	5	3040393	1245	2732	3569	366	3032481	134713373517808	134713372291392	3510
XCHTIME	0	0	0	0	0	0	0	0	0	0	0	0
XCHTIME	726	4	18	17342222	989	1987	9221	1250	17328775	134713373517808	134713372291392	3510
LADGATE	726	10000	0.564	1
XCHTIME	0	0	0	0	0	0	0	0	0	0	0	0
XCHTIME	726	5	26	26067949	1879	3566	11328	1782	26049394	134713373517808	134713372291392	3510
XCHTIME	0	0	0	0	0	0	0	0	0	0	0	0
XCHTIME	726	2	19	6547629	1994	3027	4121	989	6537498	134713373517808	134713372291392	3510
XCHTIME	0	0	0	0	0	0	0	0	0	0	0	0
XCHTIME	726	4	15	3629756	1453	4026	6825	997	3616455	134713373517808	134713372291392	3510
XCHTIME	0	0	0	0	0	0	0	0	0	0	0	0
XCHTIME	726	4	10	2020936	1134	1871	7012	652	2010267	134713373517808	134713372291392	3510
XCHTIME	0	0	0	0	0	0	0	0	0	0	0	0
XCHTIME	726	4	18	17146595	586	1942	9050	1214	17133803	134713373517808	134713372291392	3510
XCHTIME	0	0	0	0	0	0	0	0	0	0	0	0
XCHTIME	726	4	11	1244400	1702	2786	6996	683	1232233	134713373517808	134713372291392	3510
XCHTIME	0	0	0	0	0	0	0	0	0	0	0	0
XCHTIME	726	4	14	6125844	846	2058	7295	956	6114689	134713373517808	134713372291392	3510
XCHTIME	0	0	0	0	0	0	0	0	0	0	0	0
XCHTIME	726	4	13	11212584	1134	2004	6959	1061	11201426	134713373517808	134713372291392	3510
XCHTIME	0	0	0	0	0	0	0	0	0	0	0	0
XCHTIME	726	2	5	15835179	1069	2105	7350	533	15824122	134713373517808	134713372291392	3510
XCHTIME	0	0	0	0	0	0	0	0	0	0	0	0
XCHTIME	726	4	6	799561	2507	3134	7738	371	785811	134713373517808	134713372291392	3510
LIFT	multiplants_stg1a	726	304	2994	304
COUNTS	multiplants_stg1a	726	3510	142058	121443
XCHTIME	0	0	0	0	0	0	0	0	0	0	0	0
XCHTIME	170	2	4	230006	6967	661	504	128	221746	134713372712960	134713375874816	932
XCHTIME	0	0	0	0	0	0	0	0	0	0	0	0
XCHTIME	170	2	6	2212463	313	712	437	228	2210773	134713372712960	134713375874816	932
XCHTIME	0	0	0	0	0	0	0	0	0	0	0	0
XCHTIME	170	2	5	679424	283	945	453	197	677546	134713372712960	134713375874816	932
XCHTIME	0	0	0	0	0	0	0	0	0	0	0	0
XCHTIME	170	4	18	4212094	249	653	950	582	4209660	134713372712960	134713375874816	932
LADGATE	170	10000	0.219	1
XCHTIME	0	0	0	0	0	0	0	0	0	0	0	0
XCHTIME	170	5	26	4501311	593	1041	1153	795	4497729	134713372712960	134713375874816	932
XCHTIME	0	0	0	0	0	0	0	0	0	0	0	0
XCHTIME	170	4	66	3091210	363	741	1114	3090	3085902	134713372712960	134713375874816	932
XCHTIME	0	0	0	0	0	0	0	0	0	0	0	0
XCHTIME	170	4	15	579516	479	930	957	380	576770	134713372712960	134713375874816	932
XCHTIME	0	0	0	0	0	0	0	0	0	0	0	0
XCHTIME	170	4	10	351260	218	831	809	279	349123	134713372712960	134713375874816	932
XCHTIME	0	0	0	0	0	0	0	0	0	0	0	0
XCHTIME	170	4	18	3526491	221	616	989	617	3524048	134713372712960	134713375874816	932
XCHTIME	0	0	0	0	0	0	0	0	0	0	0	0
XCHTIME	170	4	11	204732	218	743	779	284	202708	134713372712960	134713375874816	932
XCHTIME	0	0	0	0	0	0	0	0	0	0	0	0
XCHTIME	170	4	14	1075818	257	726	849	339	1073647	134713372712960	134713375874816	932
XCHTIME	0	0	0	0	0	0	0	0	0	0	0	0
XCHTIME	170	4	13	1928763	242	673	844	353	1926651	134713372712960	134713375874816	932
XCHTIME	0	0	0	0	0	0	0	0	0	0	0	0
XCHTIME	170	4	16	13096725	449	727	1415	656	13093478	134713372712960	134713375874816	932
XCHTIME	0	0	0	0	0	0	0	0	0	0	0	0
XCHTIME	170	4	6	130804	743	1260	990	145	127666	134713372712960	134713375874816	932
LIFT	pooling_adhya4pq	170	93	790	93
COUNTS	pooling_adhya4pq	170	932	24314	16556
XCHTIME	0	0	0	0	0	0	0	0	0	0	0	0
XCHTIME	17493	0	0	23760968	12651392	11109576	0	0	0	134713342107616	134713342247584	163816
XCHTIME	0	0	0	0	0	0	0	0	0	0	0	0
XCHTIME	17493	1	0	12553223	73114	10566458	1817069	0	96582	134713342107616	134713342247584	163816
XCHTIME	0	0	0	0	0	0	0	0	0	0	0	0
XCHTIME	17493	0	0	10635533	75203	10560330	0	0	0	134713342107616	134713342247584	163816
XCHTIME	0	0	0	0	0	0	0	0	0	0	0	0
XCHTIME	17493	1	0	17419715	72659	10575263	1822114	0	4949679	134713342107616	134713342247584	163816
LADGATE	17493	10000	0.771	0
XCHTIME	0	0	0	0	0	0	0	0	0	0	0	0
XCHTIME	17493	5	26	227049132	75603	10584513	9234894	22366	207131756	134713342107616	134713342247584	163816
LIFT	nuclear10a	17493	15309	159656	15309
COUNTS	nuclear10a	17493	163816	82406325	55261166
XCHTIME	0	0	0	0	0	0	0	0	0	0	0	0
XCHTIME	874	2	4	1316102	20575	3121	4724	284	1287398	134713570112720	134713588655200	7260
XCHTIME	0	0	0	0	0	0	0	0	0	0	0	0
XCHTIME	874	2	6	8901445	1525	2682	5259	392	8891587	134713570112720	134713588655200	7260
XCHTIME	0	0	0	0	0	0	0	0	0	0	0	0
XCHTIME	874	2	5	4285104	1950	2910	4589	297	4275358	134713570112720	134713588655200	7260
XCHTIME	0	0	0	0	0	0	0	0	0	0	0	0
XCHTIME	874	3	15	18038650	1659	2556	6881	1261	18026293	134713570112720	134713588655200	7260
LADGATE	874	10000	0.503	1
XCHTIME	0	0	0	0	0	0	0	0	0	0	0	0
XCHTIME	874	5	26	32910484	2589	3279	11183	1953	32891480	134713570112720	134713588655200	7260
XCHTIME	0	0	0	0	0	0	0	0	0	0	0	0
XCHTIME	874	3	57	7445386	2493	3134	11987	5997	7421775	134713570112720	134713588655200	7260
XCHTIME	0	0	0	0	0	0	0	0	0	0	0	0
XCHTIME	874	4	15	4686665	3669	3671	8937	915	4669473	134713570112720	134713588655200	7260
XCHTIME	0	0	0	0	0	0	0	0	0	0	0	0
XCHTIME	874	4	10	2576835	1723	2871	9192	637	2562412	134713570112720	134713588655200	7260
XCHTIME	0	0	0	0	0	0	0	0	0	0	0	0
XCHTIME	874	3	15	17945772	1378	2571	6926	1229	17933668	134713570112720	134713588655200	7260
XCHTIME	0	0	0	0	0	0	0	0	0	0	0	0
XCHTIME	874	4	11	1389319	2260	3054	8986	685	1374334	134713570112720	134713588655200	7260
XCHTIME	0	0	0	0	0	0	0	0	0	0	0	0
XCHTIME	874	4	14	8460762	1297	2414	8626	900	8447525	134713570112720	134713588655200	7260
XCHTIME	0	0	0	0	0	0	0	0	0	0	0	0
XCHTIME	874	4	13	14688344	1730	2463	8740	754	14674657	134713570112720	134713588655200	7260
XCHTIME	0	0	0	0	0	0	0	0	0	0	0	0
XCHTIME	874	2	5	17850079	1954	2721	9418	416	17835570	134713570112720	134713588655200	7260
XCHTIME	0	0	0	0	0	0	0	0	0	0	0	0
XCHTIME	874	4	6	898345	3808	4510	9051	331	880645	134713570112720	134713588655200	7260
LIFT	sonet24v5	874	595	6704	595
COUNTS	sonet24v5	874	7260	185654	110276
LIFT	transswitch2736spr	69651	44696	297260	44696
COUNTS	transswitch2736spr	69651	331010	7933133	7281507
XCHTIME	0	0	0	0	0	0	0	0	0	0	0	0
XCHTIME	8992	1	0	5915802	3359444	776005	783038	0	997315	134713588163648	134713193336928	26288
XCHTIME	0	0	0	0	0	0	0	0	0	0	0	0
XCHTIME	8992	1	0	3259325	14419	732101	735016	0	1777789	134713588163648	134713193336928	26288
XCHTIME	0	0	0	0	0	0	0	0	0	0	0	0
XCHTIME	8992	1	0	2929315	13747	742900	720441	0	1452227	134713588163648	134713193336928	26288
XCHTIME	0	0	0	0	0	0	0	0	0	0	0	0
XCHTIME	8992	1	0	10815813	15575	753518	728684	0	9318036	134713588163648	134713193336928	26288
LADGATE	8992	10000	0.493	1
XCHTIME	0	0	0	0	0	0	0	0	0	0	0	0
XCHTIME	8992	5	26	82320082	15730	789494	3761842	12393	77740623	134713588163648	134713193336928	26288
XCHTIME	0	0	0	0	0	0	0	0	0	0	0	0
XCHTIME	8992	1	0	5091867	14857	741529	755538	0	3579943	134713588163648	134713193336928	26288
XCHTIME	0	0	0	0	0	0	0	0	0	0	0	0
XCHTIME	8992	1	0	5530182	14902	754178	715791	0	4045311	134713588163648	134713193336928	26288
XCHTIME	0	0	0	0	0	0	0	0	0	0	0	0
XCHTIME	8992	3	9	11344524	14790	743405	2265571	3047	8317711	134713588163648	134713193336928	26288
XCHTIME	0	0	0	0	0	0	0	0	0	0	0	0
XCHTIME	8992	1	0	11754417	15098	764252	750376	0	10224691	134713588163648	134713193336928	26288
XCHTIME	0	0	0	0	0	0	0	0	0	0	0	0
XCHTIME	8992	3	9	11475324	15633	734323	2209852	2627	8512889	134713588163648	134713193336928	26288
XCHTIME	0	0	0	0	0	0	0	0	0	0	0	0
XCHTIME	8992	2	4	11408883	14731	740498	1506841	1520	9145293	134713588163648	134713193336928	26288
XCHTIME	0	0	0	0	0	0	0	0	0	0	0	0
XCHTIME	8992	2	4	12463237	14630	756813	1572187	1495	10118112	134713588163648	134713193336928	26288
XCHTIME	0	0	0	0	0	0	0	0	0	0	0	0
XCHTIME	8992	1	0	11453361	17658	804172	785480	0	9846051	134713588163648	134713193336928	26288
XCHTIME	0	0	0	0	0	0	0	0	0	0	0	0
XCHTIME	8992	3	3	12226472	16239	816471	2403639	991	8989132	134713588163648	134713193336928	26288
LIFT	chp_shorttermplan2a	8992	4760	18484	4760
COUNTS	chp_shorttermplan2a	8992	26288	821014	575280
XCHTIME	0	0	0	0	0	0	0	0	0	0	0	0
XCHTIME	1001	2	4	3409101	21668	3558	7117	303	3376455	134713372537328	134713588753520	5592
XCHTIME	0	0	0	0	0	0	0	0	0	0	0	0
XCHTIME	1001	1	0	8154178	2023	4178	2931	0	8145046	134713372537328	134713588753520	5592
XCHTIME	0	0	0	0	0	0	0	0	0	0	0	0
XCHTIME	1001	1	0	5219253	2448	6015	3221	0	5207569	134713372537328	134713588753520	5592
XCHTIME	0	0	0	0	0	0	0	0	0	0	0	0
XCHTIME	1001	1	0	16450099	1351	3659	3094	0	16441995	134713372537328	134713588753520	5592
LADGATE	1001	10000	0.221	1
XCHTIME	0	0	0	0	0	0	0	0	0	0	0	0
XCHTIME	1001	5	26	136520575	2357	5959	21247	2309	136488703	134713372537328	134713588753520	5592
XCHTIME	0	0	0	0	0	0	0	0	0	0	0	0
XCHTIME	1001	4	66	388911	2493	5482	11807	3307	365822	134713372537328	134713588753520	5592
XCHTIME	0	0	0	0	0	0	0	0	0	0	0	0
XCHTIME	1001	3	12	8075941	978	2620	9493	967	8061883	134713372537328	134713588753520	5592
XCHTIME	0	0	0	0	0	0	0	0	0	0	0	0
XCHTIME	1001	4	10	6836873	1381	3154	12490	798	6819050	134713372537328	134713588753520	5592
XCHTIME	0	0	0	0	0	0	0	0	0	0	0	0
XCHTIME	1001	1	0	16442556	1292	3327	2920	0	16435017	134713372537328	134713588753520	5592
XCHTIME	0	0	0	0	0	0	0	0	0	0	0	0
XCHTIME	1001	4	11	2377260	2191	6446	12115	915	2355593	134713372537328	134713588753520	5592
XCHTIME	0	0	0	0	0	0	0	0	0	0	0	0
XCHTIME	1001	3	12	14370459	1239	3004	9904	895	14355417	134713372537328	134713588753520	5592
XCHTIME	0	0	0	0	0	0	0	0	0	0	0	0
XCHTIME	1001	2	4	16886289	1536	3126	7057	321	16874249	134713372537328	134713588753520	5592
XCHTIME	0	0	0	0	0	0	0	0	0	0	0	0
XCHTIME	1001	1	0	14730376	1474	3491	2949	0	14722462	134713372537328	134713588753520	5592
XCHTIME	0	0	0	0	0	0	0	0	0	0	0	0
XCHTIME	1001	4	6	1478156	3320	10789	12602	471	1450974	134713372537328	134713588753520	5592
LIFT	catmix200	1001	998	5580	998
COUNTS	catmix200	1001	5592	18173	18164
COUNTS	nvs23	27	252	1921	1221
XCHTIME	0	0	0	0	0	0	0	0	0	0	0	0
XCHTIME	20	2	4	37042	2667	1005	151	88	33131	134713594826464	134713594862256	40
XCHTIME	0	0	0	0	0	0	0	0	0	0	0	0
XCHTIME	20	2	6	78025	350	580	104	123	76868	134713594826464	134713594862256	40
XCHTIME	0	0	0	0	0	0	0	0	0	0	0	0
XCHTIME	20	2	5	94907	135	488	113	101	94070	134713594826464	134713594862256	40
XCHTIME	0	0	0	0	0	0	0	0	0	0	0	0
XCHTIME	20	4	18	328400	104	402	195	364	327335	134713594826464	134713594862256	40
LADGATE	20	10000	0.138	1
XCHTIME	0	0	0	0	0	0	0	0	0	0	0	0
XCHTIME	20	5	26	608496	190	680	264	529	606833	134713594826464	134713594862256	40
XCHTIME	0	0	0	0	0	0	0	0	0	0	0	0
XCHTIME	20	4	48	130772	149	406	187	1158	128872	134713594826464	134713594862256	40
XCHTIME	0	0	0	0	0	0	0	0	0	0	0	0
XCHTIME	20	4	15	58419	129	298	187	298	57507	134713594826464	134713594862256	40
XCHTIME	0	0	0	0	0	0	0	0	0	0	0	0
XCHTIME	20	4	10	50683	103	301	167	210	49902	134713594826464	134713594862256	40
XCHTIME	0	0	0	0	0	0	0	0	0	0	0	0
XCHTIME	20	4	18	324699	61	218	171	369	323880	134713594826464	134713594862256	40
XCHTIME	0	0	0	0	0	0	0	0	0	0	0	0
XCHTIME	20	4	11	34110	68	238	169	224	33411	134713594826464	134713594862256	40
XCHTIME	0	0	0	0	0	0	0	0	0	0	0	0
XCHTIME	20	4	14	125417	68	212	165	280	124692	134713594826464	134713594862256	40
XCHTIME	0	0	0	0	0	0	0	0	0	0	0	0
XCHTIME	20	4	13	248619	69	232	166	274	247878	134713594826464	134713594862256	40
XCHTIME	0	0	0	0	0	0	0	0	0	0	0	0
XCHTIME	20	4	16	1442280	98	275	243	323	1441341	134713594826464	134713594862256	40
XCHTIME	0	0	0	0	0	0	0	0	0	0	0	0
XCHTIME	20	4	6	15091	217	346	167	120	14241	134713594826464	134713594862256	40
COUNTS	oaer	20	40	107	107
XCHTIME	0	0	0	0	0	0	0	0	0	0	0	0
XCHTIME	168	2	4	426001	7668	871	562	139	416761	134713530871024	134713372545360	388
XCHTIME	0	0	0	0	0	0	0	0	0	0	0	0
XCHTIME	168	2	6	2925493	238	817	438	258	2923742	134713530871024	134713372545360	388
XCHTIME	0	0	0	0	0	0	0	0	0	0	0	0
XCHTIME	168	2	5	1060584	273	649	395	158	1059109	134713530871024	134713372545360	388
XCHTIME	0	0	0	0	0	0	0	0	0	0	0	0
XCHTIME	168	4	18	6097815	227	700	883	676	6095329	134713530871024	134713372545360	388
LADGATE	168	10000	0.176	1
XCHTIME	0	0	0	0	0	0	0	0	0	0	0	0
XCHTIME	168	5	26	7824258	433	1116	1130	1128	7820451	134713530871024	134713372545360	388
XCHTIME	0	0	0	0	0	0	0	0	0	0	0	0
XCHTIME	168	4	66	84931	377	718	694	2305	80837	134713530871024	134713372545360	388
XCHTIME	0	0	0	0	0	0	0	0	0	0	0	0
XCHTIME	168	4	15	1266245	193	652	897	496	1264007	134713530871024	134713372545360	388
XCHTIME	0	0	0	0	0	0	0	0	0	0	0	0
XCHTIME	168	4	10	764005	284	711	805	350	761855	134713530871024	134713372545360	388
XCHTIME	0	0	0	0	0	0	0	0	0	0	0	0
XCHTIME	168	4	18	6158313	217	637	892	706	6155861	134713530871024	134713372545360	388
XCHTIME	0	0	0	0	0	0	0	0	0	0	0	0
XCHTIME	168	4	11	433918	249	617	787	336	431929	134713530871024	134713372545360	388
XCHTIME	0	0	0	0	0	0	0	0	0	0	0	0
XCHTIME	168	4	14	2148712	139	587	904	519	2146563	134713530871024	134713372545360	388
XCHTIME	0	0	0	0	0	0	0	0	0	0	0	0
XCHTIME	168	4	13	3519797	243	612	908	563	3517471	134713530871024	134713372545360	388
XCHTIME	0	0	0	0	0	0	0	0	0	0	0	0
XCHTIME	168	4	16	16451302	253	689	2000	755	16447605	134713530871024	134713372545360	388
XCHTIME	0	0	0	0	0	0	0	0	0	0	0	0
XCHTIME	168	4	6	240101	847	1510	767	134	236843	134713530871024	134713372545360	388
LIFT	hybriddynamic_fixed	168	80	250	80
COUNTS	hybriddynamic_fixed	168	388	1103	1103
XCHTIME	0	0	0	0	0	0	0	0	0	0	0	0
XCHTIME	16747	0	0	20898744	10789281	10109463	0	0	0	134713586361648	134713591281136	77352
XCHTIME	0	0	0	0	0	0	0	0	0	0	0	0
XCHTIME	16747	1	0	12583153	35872	9600213	1684437	0	1262631	134713586361648	134713591281136	77352
XCHTIME	0	0	0	0	0	0	0	0	0	0	0	0
XCHTIME	16747	1	0	11593773	39466	9645343	1715669	0	193295	134713586361648	134713591281136	77352
XCHTIME	0	0	0	0	0	0	0	0	0	0	0	0
XCHTIME	16747	1	0	16943564	36311	9679244	1659063	0	5568946	134713586361648	134713591281136	77352
LADGATE	16747	10000	0.631	0
XCHTIME	0	0	0	0	0	0	0	0	0	0	0	0
XCHTIME	16747	5	26	122573371	38459	9674090	8599496	14629	104246697	134713586361648	134713591281136	77352
LIFT	edgecross24-115	16747	8651	85448	8651
COUNTS	edgecross24-115	16747	77352	35096942	28266834
XCHTIME	0	0	0	0	0	0	0	0	0	0	0	0
XCHTIME	1178	2	4	453411	23120	4546	7803	233	417709	134713376459984	134713588235600	4334
XCHTIME	0	0	0	0	0	0	0	0	0	0	0	0
XCHTIME	1178	2	6	5690702	846	3732	9512	304	5676308	134713376459984	134713588235600	4334
XCHTIME	0	0	0	0	0	0	0	0	0	0	0	0
XCHTIME	1178	2	5	1802145	1492	6749	7812	336	1785756	134713376459984	134713588235600	4334
XCHTIME	0	0	0	0	0	0	0	0	0	0	0	0
XCHTIME	1178	4	18	11525668	1081	4318	19624	988	11499657	134713376459984	134713588235600	4334
LADGATE	1178	10000	0.291	1
XCHTIME	0	0	0	0	0	0	0	0	0	0	0	0
XCHTIME	1178	5	26	13534733	2734	8740	24449	1564	13497246	134713376459984	134713588235600	4334
XCHTIME	0	0	0	0	0	0	0	0	0	0	0	0
XCHTIME	1178	4	66	4990014	2298	6302	18980	2577	4959857	134713376459984	134713588235600	4334
XCHTIME	0	0	0	0	0	0	0	0	0	0	0	0
XCHTIME	1178	4	15	2112357	2794	4969	15823	827	2087944	134713376459984	134713588235600	4334
XCHTIME	0	0	0	0	0	0	0	0	0	0	0	0
XCHTIME	1178	4	10	1006440	922	3922	22976	491	978129	134713376459984	134713588235600	4334
XCHTIME	0	0	0	0	0	0	0	0	0	0	0	0
XCHTIME	1178	4	18	11501214	900	3753	18246	1020	11477295	134713376459984	134713588235600	4334
XCHTIME	0	0	0	0	0	0	0	0	0	0	0	0
XCHTIME	1178	4	11	756845	1773	6092	15432	651	732897	134713376459984	134713588235600	4334
XCHTIME	0	0	0	0	0	0	0	0	0	0	0	0
XCHTIME	1178	4	14	3404580	930	3772	15204	693	3383981	134713376459984	134713588235600	4334
XCHTIME	0	0	0	0	0	0	0	0	0	0	0	0
XCHTIME	1178	4	13	6612918	1153	3925	15681	687	6591472	134713376459984	134713588235600	4334
XCHTIME	0	0	0	0	0	0	0	0	0	0	0	0
XCHTIME	1178	2	5	16256350	1231	4445	17751	345	16232578	134713376459984	134713588235600	4334
XCHTIME	0	0	0	0	0	0	0	0	0	0	0	0
XCHTIME	1178	4	6	584233	2926	15509	28961	323	536514	134713376459984	134713588235600	4334
LIFT	space25	1178	243	1212	243
COUNTS	space25	1178	4334	23567	22528
XCHTIME	0	0	0	0	0	0	0	0	0	0	0	0
XCHTIME	23999	0	0	0	0	0	0	0	0	134713344606896	134713391035008	151728
XCHTIME	0	0	0	0	0	0	0	0	0	0	0	0
XCHTIME	23999	0	0	41841826	22111709	19730117	0	0	0	134713344606896	134713391035008	151728
XCHTIME	0	0	0	0	0	0	0	0	0	0	0	0
XCHTIME	23999	0	0	0	0	0	0	0	0	134713344606896	134713391035008	151728
XCHTIME	0	0	0	0	0	0	0	0	0	0	0	0
XCHTIME	23999	1	0	26311521	66788	19759246	3551905	0	2933582	134713344606896	134713391035008	151728
LADGATE	23999	10000	0.575	0
XCHTIME	0	0	0	0	0	0	0	0	0	0	0	0
XCHTIME	23999	5	26	202977205	76055	19734116	17401969	22955	165742110	134713344606896	134713391035008	151728
LIFT	methanol400	23999	19199	142128	19199
COUNTS	methanol400	23999	151728	2586036	1792285
XCHTIME	0	0	0	0	0	0	0	0	0	0	0	0
XCHTIME	1218	2	4	1095148	29914	4781	8191	450	1051812	134713195224464	134713369415968	8364
XCHTIME	0	0	0	0	0	0	0	0	0	0	0	0
XCHTIME	1218	2	6	7103179	2078	4595	12592	638	7083276	134713195224464	134713369415968	8364
XCHTIME	0	0	0	0	0	0	0	0	0	0	0	0
XCHTIME	1218	2	5	3370882	3159	9558	8301	510	3349354	134713195224464	134713369415968	8364
XCHTIME	0	0	0	0	0	0	0	0	0	0	0	0
XCHTIME	1218	4	18	14816882	2047	3985	30170	1895	14778785	134713195224464	134713369415968	8364
LADGATE	1218	10000	0.563	1
XCHTIME	0	0	0	0	0	0	0	0	0	0	0	0
XCHTIME	1218	5	26	24790995	4636	8080	35432	2745	24740102	134713195224464	134713369415968	8364
XCHTIME	0	0	0	0	0	0	0	0	0	0	0	0
XCHTIME	1218	3	57	6802197	3870	10706	31809	4616	6751196	134713195224464	134713369415968	8364
XCHTIME	0	0	0	0	0	0	0	0	0	0	0	0
XCHTIME	1218	4	15	3631400	4909	7135	18429	1362	3599565	134713195224464	134713369415968	8364
XCHTIME	0	0	0	0	0	0	0	0	0	0	0	0
XCHTIME	1218	4	10	2126249	2373	4999	16260	958	2101659	134713195224464	134713369415968	8364
XCHTIME	0	0	0	0	0	0	0	0	0	0	0	0
XCHTIME	1218	4	18	14979264	1640	4015	29405	1886	14942318	134713195224464	134713369415968	8364
XCHTIME	0	0	0	0	0	0	0	0	0	0	0	0
XCHTIME	1218	4	11	1356557	3672	5837	15963	971	1330114	134713195224464	134713369415968	8364
XCHTIME	0	0	0	0	0	0	0	0	0	0	0	0
XCHTIME	1218	4	14	6500453	1586	3729	18582	1452	6475104	134713195224464	134713369415968	8364
XCHTIME	0	0	0	0	0	0	0	0	0	0	0	0
XCHTIME	1218	4	13	11810419	1881	4041	18623	1276	11784598	134713195224464	134713369415968	8364
XCHTIME	0	0	0	0	0	0	0	0	0	0	0	0
XCHTIME	1218	1	0	13153344	3267	5471	3896	0	13140710	134713195224464	134713369415968	8364
XCHTIME	0	0	0	0	0	0	0	0	0	0	0	0
XCHTIME	1218	4	6	1136008	4781	16230	17820	548	1096629	134713195224464	134713369415968	8364
LIFT	pooling_foulds5tp	1218	659	7246	659
COUNTS	pooling_foulds5tp	1218	8364	251833	171941
XCHTIME	0	0	0	0	0	0	0	0	0	0	0	0
XCHTIME	5040	1	0	4814292	3296402	245188	211273	0	1061429	134713586289136	134713592198656	121302
XCHTIME	0	0	0	0	0	0	0	0	0	0	0	0
XCHTIME	5040	1	0	2780758	48733	205137	196345	0	2330543	134713586289136	134713592198656	121302
XCHTIME	0	0	0	0	0	0	0	0	0	0	0	0
XCHTIME	5040	1	0	2070362	50701	216358	196118	0	1607185	134713586289136	134713592198656	121302
XCHTIME	0	0	0	0	0	0	0	0	0	0	0	0
XCHTIME	5040	1	0	8753208	54880	201497	195752	0	8301079	134713586289136	134713592198656	121302
LADGATE	5040	10000	0.656	1
LIFT	pooling_sppa9tp	5040	2642	116234	2642
COUNTS	pooling_sppa9tp	5040	121302	104609262	16877457
COUNTS	st_miqp2	10	18	37	37
COUNTS	autocorr_bern30-23	33	878	8940	8940
XCHTIME	0	0	0	0	0	0	0	0	0	0	0	0
XCHTIME	9858	1	0	4744671	1929357	977908	914490	0	922916	134713593363984	134713585776688	31692
XCHTIME	0	0	0	0	0	0	0	0	0	0	0	0
XCHTIME	9858	1	0	3240266	17100	935757	914827	0	1372582	134713593363984	134713585776688	31692
XCHTIME	0	0	0	0	0	0	0	0	0	0	0	0
XCHTIME	9858	1	0	2987419	17131	984674	927974	0	1057640	134713593363984	134713585776688	31692
XCHTIME	0	0	0	0	0	0	0	0	0	0	0	0
XCHTIME	9858	1	0	11057615	20486	1019646	939825	0	9077658	134713593363984	134713585776688	31692
LADGATE	9858	10000	0.682	1
XCHTIME	0	0	0	0	0	0	0	0	0	0	0	0
XCHTIME	9858	5	26	120816707	18664	977399	4580297	11571	115228776	134713593363984	134713585776688	31692
XCHTIME	0	0	0	0	0	0	0	0	0	0	0	0
XCHTIME	9858	1	0	5674546	16773	960281	928273	0	3769219	134713593363984	134713585776688	31692
XCHTIME	0	0	0	0	0	0	0	0	0	0	0	0
XCHTIME	9858	1	0	5670543	16516	931171	903155	0	3819701	134713593363984	134713585776688	31692
XCHTIME	0	0	0	0	0	0	0	0	0	0	0	0
XCHTIME	9858	2	3	9968013	16640	916717	1769901	1545	7263210	134713593363984	134713585776688	31692
XCHTIME	0	0	0	0	0	0	0	0	0	0	0	0
XCHTIME	9858	1	0	10861145	16396	914721	893132	0	9036896	134713593363984	134713585776688	31692
XCHTIME	0	0	0	0	0	0	0	0	0	0	0	0
XCHTIME	9858	2	3	9890811	16536	924013	1779950	1538	7168774	134713593363984	134713585776688	31692
XCHTIME	0	0	0	0	0	0	0	0	0	0	0	0
XCHTIME	9858	1	0	10459108	16111	913750	893720	0	8635527	134713593363984	134713585776688	31692
XCHTIME	0	0	0	0	0	0	0	0	0	0	0	0
XCHTIME	9858	1	0	10866196	17068	909423	895785	0	9043920	134713593363984	134713585776688	31692
XCHTIME	0	0	0	0	0	0	0	0	0	0	0	0
XCHTIME	9858	1	0	9676504	16620	921148	904797	0	7833939	134713593363984	134713585776688	31692
XCHTIME	0	0	0	0	0	0	0	0	0	0	0	0
XCHTIME	9858	2	3	9859650	16778	943299	1773487	1360	7124726	134713593363984	134713585776688	31692
LIFT	mpbp_15	9858	5550	25800	5550
COUNTS	mpbp_15	9858	31692	1496502	1164013
COUNTS	cvxnonsep_psig30r	126	250	501	501
XCHTIME	0	0	0	0	0	0	0	0	0	0	0	0
XCHTIME	1590	2	4	2607500	36262	7074	14732	328	2549104	134713372274192	134713586495648	4100
XCHTIME	0	0	0	0	0	0	0	0	0	0	0	0
XCHTIME	1590	1	0	6425905	1180	6524	6552	0	6411649	134713372274192	134713586495648	4100
XCHTIME	0	0	0	0	0	0	0	0	0	0	0	0
XCHTIME	1590	2	5	5304120	2176	16782	17011	489	5267662	134713372274192	134713586495648	4100
XCHTIME	0	0	0	0	0	0	0	0	0	0	0	0
XCHTIME	1590	2	5	12858386	1733	7774	23327	645	12824907	134713372274192	134713586495648	4100
LADGATE	1590	10000	0.421	1
XCHTIME	0	0	0	0	0	0	0	0	0	0	0	0
XCHTIME	1590	5	26	46370176	2589	14390	72789	2408	46278000	134713372274192	134713586495648	4100
XCHTIME	0	0	0	0	0	0	0	0	0	0	0	0
XCHTIME	1590	1	0	6572689	2700	17459	7818	0	6544712	134713372274192	134713586495648	4100
XCHTIME	0	0	0	0	0	0	0	0	0	0	0	0
XCHTIME	1590	4	15	7411857	2796	24166	32912	1482	7350501	134713372274192	134713586495648	4100
XCHTIME	0	0	0	0	0	0	0	0	0	0	0	0
XCHTIME	1590	4	10	4750186	1734	7311	27674	714	4712753	134713372274192	134713586495648	4100
XCHTIME	0	0	0	0	0	0	0	0	0	0	0	0
XCHTIME	1590	2	5	12810541	1114	6380	21373	447	12781227	134713372274192	134713586495648	4100
XCHTIME	0	0	0	0	0	0	0	0	0	0	0	0
XCHTIME	1590	4	11	3048818	2716	16255	26324	762	3002761	134713372274192	134713586495648	4100
XCHTIME	0	0	0	0	0	0	0	0	0	0	0	0
XCHTIME	1590	4	14	12574308	1701	6182	29226	1157	12536042	134713372274192	134713586495648	4100
XCHTIME	0	0	0	0	0	0	0	0	0	0	0	0
XCHTIME	1590	3	12	13348636	1883	7150	24891	1056	13313656	134713372274192	134713586495648	4100
XCHTIME	0	0	0	0	0	0	0	0	0	0	0	0
XCHTIME	1590	1	0	12536663	2126	9146	6556	0	12518835	134713372274192	134713586495648	4100
XCHTIME	0	0	0	0	0	0	0	0	0	0	0	0
XCHTIME	1590	4	6	2051302	3223	29062	32450	538	1986029	134713372274192	134713586495648	4100
LIFT	rsyn0830hfsg	1590	876	2784	876
COUNTS	rsyn0830hfsg	1590	4100	16168	15383
XCHTIME	0	0	0	0	0	0	0	0	0	0	0	0
XCHTIME	1271	2	4	1995202	26571	4796	10405	356	1953074	134713529609264	134713586561200	4642
XCHTIME	0	0	0	0	0	0	0	0	0	0	0	0
XCHTIME	1271	2	6	7787734	1397	6569	14189	541	7765038	134713529609264	134713586561200	4642
XCHTIME	0	0	0	0	0	0	0	0	0	0	0	0
XCHTIME	1271	2	5	5555305	2382	9641	8592	343	5534347	134713529609264	134713586561200	4642
XCHTIME	0	0	0	0	0	0	0	0	0	0	0	0
XCHTIME	1271	3	15	15609303	1809	4431	17075	1126	15584862	134713529609264	134713586561200	4642
LADGATE	1271	10000	0.535	1
XCHTIME	0	0	0	0	0	0	0	0	0	0	0	0
XCHTIME	1271	5	26	37780887	2431	7835	35086	2091	37733444	134713529609264	134713586561200	4642
XCHTIME	0	0	0	0	0	0	0	0	0	0	0	0
XCHTIME	1271	1	0	7060145	2461	10305	4332	0	7043047	134713529609264	134713586561200	4642
XCHTIME	0	0	0	0	0	0	0	0	0	0	0	0
XCHTIME	1271	4	15	6498287	3020	19762	19751	1088	6454666	134713529609264	134713586561200	4642
XCHTIME	0	0	0	0	0	0	0	0	0	0	0	0
XCHTIME	1271	4	10	3865935	1650	4516	16822	763	3842184	134713529609264	134713586561200	4642
XCHTIME	0	0	0	0	0	0	0	0	0	0	0	0
XCHTIME	1271	3	15	15726758	1053	4150	22452	1225	15697878	134713529609264	134713586561200	4642
XCHTIME	0	0	0	0	0	0	0	0	0	0	0	0
XCHTIME	1271	4	11	2284714	2192	6809	16918	748	2258047	134713529609264	134713586561200	4642
XCHTIME	0	0	0	0	0	0	0	0	0	0	0	0
XCHTIME	1271	4	14	10507065	1067	4018	16693	974	10484313	134713529609264	134713586561200	4642
XCHTIME	0	0	0	0	0	0	0	0	0	0	0	0
XCHTIME	1271	4	13	15878527	1309	4231	18220	1006	15853761	134713529609264	134713586561200	4642
XCHTIME	0	0	0	0	0	0	0	0	0	0	0	0
XCHTIME	1271	1	0	13973136	1516	4601	4084	0	13962935	134713529609264	134713586561200	4642
XCHTIME	0	0	0	0	0	0	0	0	0	0	0	0
XCHTIME	1271	4	6	1548124	2791	17967	18486	513	1508367	134713529609264	134713586561200	4642
LIFT	crudeoil_pooling_ct1	1271	722	3626	722
COUNTS	crudeoil_pooling_ct1	1271	4642	125127	93863
XCHTIME	0	0	0	0	0	0	0	0	0	0	0	0
XCHTIME	800	2	4	592203	21688	3518	4327	188	562482	134713594819872	134713586235456	3894
XCHTIME	0	0	0	0	0	0	0	0	0	0	0	0
XCHTIME	800	2	6	5075459	942	2193	4611	228	5067485	134713594819872	134713586235456	3894
XCHTIME	0	0	0	0	0	0	0	0	0	0	0	0
XCHTIME	800	2	5	1754403	1506	3552	4406	215	1744724	134713594819872	134713586235456	3894
XCHTIME	0	0	0	0	0	0	0	0	0	0	0	0
XCHTIME	800	4	18	11150568	1244	2264	11853	793	11134414	134713594819872	134713586235456	3894
LADGATE	800	10000	0.635	1
XCHTIME	0	0	0	0	0	0	0	0	0	0	0	0
XCHTIME	800	5	26	13797311	2206	4003	10197	1106	13779799	134713594819872	134713586235456	3894
XCHTIME	0	0	0	0	0	0	0	0	0	0	0	0
XCHTIME	800	4	66	6581623	1633	2593	10902	2315	6564180	134713594819872	134713586235456	3894
XCHTIME	0	0	0	0	0	0	0	0	0	0	0	0
XCHTIME	800	4	15	2072253	2063	4306	7952	679	2057253	134713594819872	134713586235456	3894
XCHTIME	0	0	0	0	0	0	0	0	0	0	0	0
XCHTIME	800	4	10	1092374	1702	2262	8576	455	1079379	134713594819872	134713586235456	3894
XCHTIME	0	0	0	0	0	0	0	0	0	0	0	0
XCHTIME	800	4	18	11165206	1486	2090	8056	792	11152782	134713594819872	134713586235456	3894
XCHTIME	0	0	0	0	0	0	0	0	0	0	0	0
XCHTIME	800	4	11	699142	1683	2830	8247	467	685915	134713594819872	134713586235456	3894
XCHTIME	0	0	0	0	0	0	0	0	0	0	0	0
XCHTIME	800	4	14	3441530	931	2166	7700	634	3430099	134713594819872	134713586235456	3894
XCHTIME	0	0	0	0	0	0	0	0	0	0	0	0
XCHTIME	800	4	13	6274882	1261	2017	8094	593	6262917	134713594819872	134713586235456	3894
XCHTIME	0	0	0	0	0	0	0	0	0	0	0	0
XCHTIME	800	3	15	18738627	1379	2092	16899	789	18717468	134713594819872	134713586235456	3894
XCHTIME	0	0	0	0	0	0	0	0	0	0	0	0
XCHTIME	800	4	6	497632	3040	4127	9249	300	480916	134713594819872	134713586235456	3894
LIFT	multiplants_stg1c	800	326	3346	326
COUNTS	multiplants_stg1c	800	3894	150039	143020
XCHTIME	0	0	0	0	0	0	0	0	0	0	0	0
XCHTIME	11	2	4	32817	1806	440	83	176	30312	134713539253488	134713530872384	32
XCHTIME	0	0	0	0	0	0	0	0	0	0	0	0
XCHTIME	11	2	6	152629	402	281	57	179	151710	134713539253488	134713530872384	32
XCHTIME	0	0	0	0	0	0	0	0	0	0	0	0
XCHTIME	11	2	5	79924	137	248	56	154	79329	134713539253488	134713530872384	32
XCHTIME	0	0	0	0	0	0	0	0	0	0	0	0
XCHTIME	11	4	18	173206	99	228	125	552	172202	134713539253488	134713530872384	32
LADGATE	11	10000	0.117	1
XCHTIME	0	0	0	0	0	0	0	0	0	0	0	0
XCHTIME	11	5	26	172692	236	368	152	828	171108	134713539253488	134713530872384	32
XCHTIME	0	0	0	0	0	0	0	0	0	0	0	0
XCHTIME	11	4	31	146555	112	315	119	922	145087	134713539253488	134713530872384	32
XCHTIME	0	0	0	0	0	0	0	0	0	0	0	0
XCHTIME	11	4	15	68648	122	249	123	374	67780	134713539253488	134713530872384	32
XCHTIME	0	0	0	0	0	0	0	0	0	0	0	0
XCHTIME	11	4	10	52981	85	249	107	214	52326	134713539253488	134713530872384	32
XCHTIME	0	0	0	0	0	0	0	0	0	0	0	0
XCHTIME	11	4	18	163265	105	318	136	425	162281	134713539253488	134713530872384	32
XCHTIME	0	0	0	0	0	0	0	0	0	0	0	0
XCHTIME	11	4	11	30588	69	239	102	248	29930	134713539253488	134713530872384	32
XCHTIME	0	0	0	0	0	0	0	0	0	0	0	0
XCHTIME	11	4	14	119900	62	193	100	331	119214	134713539253488	134713530872384	32
XCHTIME	0	0	0	0	0	0	0	0	0	0	0	0
XCHTIME	11	4	13	216789	77	202	128	329	216053	134713539253488	134713530872384	32
XCHTIME	0	0	0	0	0	0	0	0	0	0	0	0
XCHTIME	11	4	16	209314	77	198	114	394	208531	134713539253488	134713530872384	32
XCHTIME	0	0	0	0	0	0	0	0	0	0	0	0
XCHTIME	11	4	6	14853	74	208	101	126	14344	134713539253488	134713530872384	32
COUNTS	st_pan1	11	32	123	94
XCHTIME	0	0	0	0	0	0	0	0	0	0	0	0
XCHTIME	814	2	4	1054489	28582	3683	4524	257	1017443	134713195217008	134713193730160	3992
XCHTIME	0	0	0	0	0	0	0	0	0	0	0	0
XCHTIME	814	2	6	8477924	1521	2508	5018	390	8468487	134713195217008	134713193730160	3992
XCHTIME	0	0	0	0	0	0	0	0	0	0	0	0
XCHTIME	814	2	5	3252491	1327	2664	3956	349	3244195	134713195217008	134713193730160	3992
XCHTIME	0	0	0	0	0	0	0	0	0	0	0	0
XCHTIME	814	4	18	17145277	906	2365	10563	1382	17130061	134713195217008	134713193730160	3992
LADGATE	814	10000	0.635	1
XCHTIME	0	0	0	0	0	0	0	0	0	0	0	0
XCHTIME	814	5	26	27747322	2223	3607	12141	2178	27727173	134713195217008	134713193730160	3992
XCHTIME	0	0	0	0	0	0	0	0	0	0	0	0
XCHTIME	814	1	0	7151674	1736	3177	2079	0	7144682	134713195217008	134713193730160	3992
XCHTIME	0	0	0	0	0	0	0	0	0	0	0	0
XCHTIME	814	4	15	3690427	2614	7810	9291	1045	3669667	134713195217008	134713193730160	3992
XCHTIME	0	0	0	0	0	0	0	0	0	0	0	0
XCHTIME	814	4	10	2072689	1097	2639	8526	643	2059784	134713195217008	134713193730160	3992
XCHTIME	0	0	0	0	0	0	0	0	0	0	0	0
XCHTIME	814	4	18	17358552	1148	2216	10190	1420	17343578	134713195217008	134713193730160	3992
XCHTIME	0	0	0	0	0	0	0	0	0	0	0	0
XCHTIME	814	4	11	1188089	1104	3001	7984	582	1175418	134713195217008	134713193730160	3992
XCHTIME	0	0	0	0	0	0	0	0	0	0	0	0
XCHTIME	814	4	14	6533994	823	2027	7907	947	6522290	134713195217008	134713193730160	3992
XCHTIME	0	0	0	0	0	0	0	0	0	0	0	0
XCHTIME	814	4	13	11337010	1218	2166	8120	956	11324550	134713195217008	134713193730160	3992
XCHTIME	0	0	0	0	0	0	0	0	0	0	0	0
XCHTIME	814	1	0	14514096	1421	2073	1997	0	14508605	134713195217008	134713193730160	3992
XCHTIME	0	0	0	0	0	0	0	0	0	0	0	0
XCHTIME	814	4	6	838563	2191	7740	8174	344	820114	134713195217008	134713193730160	3992
LIFT	multiplants_stg1b	814	337	3456	337
COUNTS	multiplants_stg1b	814	3992	308612	187593
XCHTIME	0	0	0	0	0	0	0	0	0	0	0	0
XCHTIME	11999	1	0	5159808	2941985	999679	896664	0	321480	134713392775184	134713392871200	76128
XCHTIME	0	0	0	0	0	0	0	0	0	0	0	0
XCHTIME	11999	1	0	2803752	32467	916523	878283	0	976479	134713392775184	134713392871200	76128
XCHTIME	0	0	0	0	0	0	0	0	0	0	0	0
XCHTIME	11999	1	0	2604140	30988	900079	879636	0	793437	134713392775184	134713392871200	76128
XCHTIME	0	0	0	0	0	0	0	0	0	0	0	0
XCHTIME	11999	1	0	9563044	30521	903861	876882	0	7751780	134713392775184	134713392871200	76128
LADGATE	11999	10000	0.555	0
XCHTIME	0	0	0	0	0	0	0	0	0	0	0	0
XCHTIME	11999	5	26	88221592	40423	999053	4960923	17344	82203849	134713392775184	134713392871200	76128
XCHTIME	0	0	0	0	0	0	0	0	0	0	0	0
XCHTIME	11999	1	0	5479123	37080	1000206	955686	0	3486151	134713392775184	134713392871200	76128
XCHTIME	0	0	0	0	0	0	0	0	0	0	0	0
XCHTIME	11999	1	0	4737645	36782	955319	946033	0	2799511	134713392775184	134713392871200	76128
XCHTIME	0	0	0	0	0	0	0	0	0	0	0	0
XCHTIME	11999	1	0	7979562	35907	947582	898664	0	6097409	134713392775184	134713392871200	76128
XCHTIME	0	0	0	0	0	0	0	0	0	0	0	0
XCHTIME	11999	1	0	9481760	38070	936142	883599	0	7623949	134713392775184	134713392871200	76128
XCHTIME	0	0	0	0	0	0	0	0	0	0	0	0
XCHTIME	11999	1	0	7611494	35179	949654	916767	0	5709894	134713392775184	134713392871200	76128
XCHTIME	0	0	0	0	0	0	0	0	0	0	0	0
XCHTIME	11999	1	0	9206108	37137	955669	917935	0	7295367	134713392775184	134713392871200	76128
XCHTIME	0	0	0	0	0	0	0	0	0	0	0	0
XCHTIME	11999	1	0	9769657	36079	937887	885056	0	7910635	134713392775184	134713392871200	76128
XCHTIME	0	0	0	0	0	0	0	0	0	0	0	0
XCHTIME	11999	1	0	9785847	36598	941962	880827	0	7926460	134713392775184	134713392871200	76128
XCHTIME	0	0	0	0	0	0	0	0	0	0	0	0
XCHTIME	11999	1	0	7438643	36129	952301	876828	0	5573385	134713392775184	134713392871200	76128
LIFT	methanol200	11999	9599	71328	9599
COUNTS	methanol200	11999	76128	1290836	905945
LADGATE	26778	10000	0.515	0
LIFT	faclay35	26778	13686	106196	13686
COUNTS	faclay35	26778	132380	33630126	32021838
XCHTIME	0	0	0	0	0	0	0	0	0	0	0	0
XCHTIME	13175	1	0	7783803	3220867	3394167	1019641	0	149128	134713341961712	134713344798912	32300
XCHTIME	0	0	0	0	0	0	0	0	0	0	0	0
XCHTIME	13175	1	0	2764318	15186	1052608	1022903	0	673621	134713341961712	134713344798912	32300
XCHTIME	0	0	0	0	0	0	0	0	0	0	0	0
XCHTIME	13175	1	0	2601604	17727	1042126	1005750	0	536001	134713341961712	134713344798912	32300
XCHTIME	0	0	0	0	0	0	0	0	0	0	0	0
XCHTIME	13175	1	0	8498218	17108	1041406	1028864	0	6410840	134713341961712	134713344798912	32300
LADGATE	13175	10000	0.249	0
XCHTIME	0	0	0	0	0	0	0	0	0	0	0	0
XCHTIME	13175	5	26	39903556	19166	1070721	5205120	15324	33593225	134713341961712	134713344798912	32300
XCHTIME	0	0	0	0	0	0	0	0	0	0	0	0
XCHTIME	13175	1	0	4692622	18998	1103313	1038479	0	2531832	134713341961712	134713344798912	32300
XCHTIME	0	0	0	0	0	0	0	0	0	0	0	0
XCHTIME	13175	1	0	4540506	20138	1111419	1007662	0	2401287	134713341961712	134713344798912	32300
XCHTIME	0	0	0	0	0	0	0	0	0	0	0	0
XCHTIME	13175	1	0	8513945	19061	1057627	1047393	0	6389864	134713341961712	134713344798912	32300
XCHTIME	0	0	0	0	0	0	0	0	0	0	0	0
XCHTIME	13175	1	0	8842109	18415	1081827	1037146	0	6704721	134713341961712	134713344798912	32300
XCHTIME	0	0	0	0	0	0	0	0	0	0	0	0
XCHTIME	13175	1	0	8696392	19564	1093041	1013455	0	6570332	134713341961712	134713344798912	32300
XCHTIME	0	0	0	0	0	0	0	0	0	0	0	0
XCHTIME	13175	1	0	8553224	19005	1110225	1016749	0	6407245	134713341961712	134713344798912	32300
XCHTIME	0	0	0	0	0	0	0	0	0	0	0	0
XCHTIME	13175	1	0	8656637	18537	1100819	1029979	0	6507302	134713341961712	134713344798912	32300
XCHTIME	0	0	0	0	0	0	0	0	0	0	0	0
XCHTIME	13175	1	0	8565655	18329	1089264	1037756	0	6420306	134713341961712	134713344798912	32300
XCHTIME	0	0	0	0	0	0	0	0	0	0	0	0
XCHTIME	13175	1	0	8499741	18666	1070693	1000274	0	6410108	134713341961712	134713344798912	32300
LIFT	emfl050_5_5	13175	5675	17300	5675
COUNTS	emfl050_5_5	13175	32300	155400	155400
LIFT	transswitch2383wpr	59853	37844	247952	37844
COUNTS	transswitch2383wpr	59853	277562	3946309	3861509
XCHTIME	0	0	0	0	0	0	0	0	0	0	0	0
XCHTIME	1120	2	4	2477795	30217	8897	7390	525	2430766	134713588284768	134713341831344	6400
XCHTIME	0	0	0	0	0	0	0	0	0	0	0	0
XCHTIME	1120	1	0	8731897	2172	4671	3454	0	8721600	134713588284768	134713341831344	6400
XCHTIME	0	0	0	0	0	0	0	0	0	0	0	0
XCHTIME	1120	2	5	6601396	2584	8835	10677	666	6578634	134713588284768	134713341831344	6400
XCHTIME	0	0	0	0	0	0	0	0	0	0	0	0
XCHTIME	1120	2	5	16754097	2078	4945	10136	702	16736236	134713588284768	134713341831344	6400
LADGATE	1120	10000	0.512	1
XCHTIME	0	0	0	0	0	0	0	0	0	0	0	0
XCHTIME	1120	4	10	4924746	3431	8367	14716	1325	4896907	134713588284768	134713341831344	6400
XCHTIME	0	0	0	0	0	0	0	0	0	0	0	0
XCHTIME	1120	2	19	6156666	1997	4505	13486	2344	6134334	134713588284768	134713341831344	6400
XCHTIME	0	0	0	0	0	0	0	0	0	0	0	0
XCHTIME	1120	4	15	8233894	3605	4983	15826	1827	8207653	134713588284768	134713341831344	6400
XCHTIME	0	0	0	0	0	0	0	0	0	0	0	0
XCHTIME	1120	4	10	4852007	1839	4475	15371	1257	4829065	134713588284768	134713341831344	6400
XCHTIME	0	0	0	0	0	0	0	0	0	0	0	0
XCHTIME	1120	2	5	16705202	1747	4028	9944	628	16688855	134713588284768	134713341831344	6400
XCHTIME	0	0	0	0	0	0	0	0	0	0	0	0
XCHTIME	1120	4	11	2903439	2636	9771	14709	1414	2874909	134713588284768	134713341831344	6400
XCHTIME	0	0	0	0	0	0	0	0	0	0	0	0
XCHTIME	1120	4	14	14409044	1954	3687	17636	1706	14384061	134713588284768	134713341831344	6400
XCHTIME	0	0	0	0	0	0	0	0	0	0	0	0
XCHTIME	1120	3	12	16852561	2065	4395	10548	1518	16834035	134713588284768	134713341831344	6400
XCHTIME	0	0	0	0	0	0	0	0	0	0	0	0
XCHTIME	1120	1	0	16473813	1588	4149	3393	0	16464683	134713588284768	134713341831344	6400
XCHTIME	0	0	0	0	0	0	0	0	0	0	0	0
XCHTIME	1120	4	6	2019042	3844	13921	14393	778	1986106	134713588284768	134713341831344	6400
LIFT	chimera_lga-01	1120	721	5500	721
COUNTS	chimera_lga-01	1120	6400	668019	497058
XCHTIME	0	0	0	0	0	0	0	0	0	0	0	0
XCHTIME	4596	1	0	2505340	370201	155124	145937	0	1834078	134713342067136	134713393526576	15316
XCHTIME	0	0	0	0	0	0	0	0	0	0	0	0
XCHTIME	4596	1	0	3547210	7527	157374	145845	0	3236464	134713342067136	134713393526576	15316
XCHTIME	0	0	0	0	0	0	0	0	0	0	0	0
XCHTIME	4596	1	0	3061695	7211	169452	153389	0	2731643	134713342067136	134713393526576	15316
XCHTIME	0	0	0	0	0	0	0	0	0	0	0	0
XCHTIME	4596	1	0	11132238	6404	153242	147071	0	10825521	134713342067136	134713393526576	15316
LADGATE	4596	10000	0.682	1
XCHTIME	0	0	0	0	0	0	0	0	0	0	0	0
XCHTIME	4596	5	26	102375769	7866	197173	830086	5832	101334812	134713342067136	134713393526576	15316
XCHTIME	0	0	0	0	0	0	0	0	0	0	0	0
XCHTIME	4596	1	0	4755045	8270	192254	154880	0	4399641	134713342067136	134713393526576	15316
XCHTIME	0	0	0	0	0	0	0	0	0	0	0	0
XCHTIME	4596	2	4	6373287	7958	169953	304153	774	5890449	134713342067136	134713393526576	15316
XCHTIME	0	0	0	0	0	0	0	0	0	0	0	0
XCHTIME	4596	4	10	12788084	7038	156556	598457	2490	12023543	134713342067136	134713393526576	15316
XCHTIME	0	0	0	0	0	0	0	0	0	0	0	0
XCHTIME	4596	1	0	11122880	7287	154796	150449	0	10810348	134713342067136	134713393526576	15316
XCHTIME	0	0	0	0	0	0	0	0	0	0	0	0
XCHTIME	4596	4	11	10256398	7097	163331	564836	2464	9518670	134713342067136	134713393526576	15316
XCHTIME	0	0	0	0	0	0	0	0	0	0	0	0
XCHTIME	4596	2	4	12261170	7207	159913	305209	886	11787955	134713342067136	134713393526576	15316
XCHTIME	0	0	0	0	0	0	0	0	0	0	0	0
XCHTIME	4596	1	0	11594133	7315	161478	141624	0	11283716	134713342067136	134713393526576	15316
XCHTIME	0	0	0	0	0	0	0	0	0	0	0	0
XCHTIME	4596	1	0	10007940	7579	167506	154028	0	9678827	134713342067136	134713393526576	15316
XCHTIME	0	0	0	0	0	0	0	0	0	0	0	0
XCHTIME	4596	4	6	8144813	7604	183550	620407	2264	7330988	134713342067136	134713393526576	15316
LIFT	gasprod_sarawak16	4596	2632	12316	2632
COUNTS	gasprod_sarawak16	4596	15316	213850	196064
XCHTIME	0	0	0	0	0	0	0	0	0	0	0	0
XCHTIME	15904	0	0	11304928	5080356	6224572	0	0	0	134713345207040	134713382278800	101792
XCHTIME	0	0	0	0	0	0	0	0	0	0	0	0
XCHTIME	15904	1	0	3738190	42597	1554286	1546792	0	594515	134713345207040	134713382278800	101792
XCHTIME	0	0	0	0	0	0	0	0	0	0	0	0
XCHTIME	15904	1	0	3478873	45640	1561417	1542173	0	329643	134713345207040	134713382278800	101792
XCHTIME	0	0	0	0	0	0	0	0	0	0	0	0
XCHTIME	15904	1	0	9353593	46840	1579688	1581985	0	6145080	134713345207040	134713382278800	101792
LADGATE	15904	10000	1.012	0
XCHTIME	0	0	0	0	0	0	0	0	0	0	0	0
XCHTIME	15904	5	26	326678385	54726	1813031	8409006	13854	316387768	134713345207040	134713382278800	101792
LIFT	crudeoil_lee4_09	15904	10632	92014	10632
COUNTS	crudeoil_lee4_09	15904	101792	208785578	128088057
LADGATE	44909	10000	0.818	0
LIFT	arki0013	44909	18463	161472	18463
COUNTS	arki0013	44909	160172	390472987	157005417
XCHTIME	0	0	0	0	0	0	0	0	0	0	0	0
XCHTIME	42	2	4	69244	4894	476	178	107	63589	134713537448000	134713331253808	432
XCHTIME	0	0	0	0	0	0	0	0	0	0	0	0
XCHTIME	42	2	6	691181	248	439	179	119	690196	134713537448000	134713331253808	432
XCHTIME	0	0	0	0	0	0	0	0	0	0	0	0
XCHTIME	42	2	5	180419	174	545	195	96	179409	134713537448000	134713331253808	432
XCHTIME	0	0	0	0	0	0	0	0	0	0	0	0
XCHTIME	42	4	18	1345545	129	397	280	501	1344238	134713537448000	134713331253808	432
LADGATE	42	10000	0.154	1
XCHTIME	0	0	0	0	0	0	0	0	0	0	0	0
XCHTIME	42	5	26	1748272	484	924	414	685	1745765	134713537448000	134713331253808	432
XCHTIME	0	0	0	0	0	0	0	0	0	0	0	0
XCHTIME	42	4	66	9361	177	832	291	2537	5524	134713537448000	134713331253808	432
XCHTIME	0	0	0	0	0	0	0	0	0	0	0	0
XCHTIME	42	4	15	183985	91	352	283	300	182959	134713537448000	134713331253808	432
XCHTIME	0	0	0	0	0	0	0	0	0	0	0	0
XCHTIME	42	4	10	118965	107	368	259	204	118027	134713537448000	134713331253808	432
XCHTIME	0	0	0	0	0	0	0	0	0	0	0	0
XCHTIME	42	4	18	1401305	97	362	293	496	1400057	134713537448000	134713331253808	432
XCHTIME	0	0	0	0	0	0	0	0	0	0	0	0
XCHTIME	42	4	11	52887	147	390	259	222	51869	134713537448000	134713331253808	432
XCHTIME	0	0	0	0	0	0	0	0	0	0	0	0
XCHTIME	42	4	14	413906	114	387	285	294	412826	134713537448000	134713331253808	432
XCHTIME	0	0	0	0	0	0	0	0	0	0	0	0
XCHTIME	42	4	13	706423	141	360	256	259	705407	134713537448000	134713331253808	432
XCHTIME	0	0	0	0	0	0	0	0	0	0	0	0
XCHTIME	42	4	16	5045480	124	399	415	501	5044041	134713537448000	134713331253808	432
XCHTIME	0	0	0	0	0	0	0	0	0	0	0	0
XCHTIME	42	4	6	31975	315	590	264	127	30679	134713537448000	134713331253808	432
LIFT	st_m1	42	11	110	11
COUNTS	st_m1	42	432	3097	3097
XCHTIME	0	0	0	0	0	0	0	0	0	0	0	0
XCHTIME	5310	1	0	2582864	574742	273888	264167	0	1470067	134713341896896	134713392345744	17098
XCHTIME	0	0	0	0	0	0	0	0	0	0	0	0
XCHTIME	5310	1	0	4435936	10589	260078	242902	0	3922367	134713341896896	134713392345744	17098
XCHTIME	0	0	0	0	0	0	0	0	0	0	0	0
XCHTIME	5310	1	0	3113146	10447	266901	248726	0	2587072	134713341896896	134713392345744	17098
XCHTIME	0	0	0	0	0	0	0	0	0	0	0	0
XCHTIME	5310	2	5	12016021	9750	254854	540201	1924	11209292	134713341896896	134713392345744	17098
LADGATE	5310	10000	0.751	1
XCHTIME	0	0	0	0	0	0	0	0	0	0	0	0
XCHTIME	5310	5	26	35085106	9650	278800	1273670	6949	33516037	134713341896896	134713392345744	17098
XCHTIME	0	0	0	0	0	0	0	0	0	0	0	0
XCHTIME	5310	3	57	5046558	9585	276029	720188	10523	4030233	134713341896896	134713392345744	17098
XCHTIME	0	0	0	0	0	0	0	0	0	0	0	0
XCHTIME	5310	3	12	5258002	9075	237061	664803	2745	4344318	134713341896896	134713392345744	17098
XCHTIME	0	0	0	0	0	0	0	0	0	0	0	0
XCHTIME	5310	4	10	6735380	9277	228827	906370	3225	5587681	134713341896896	134713392345744	17098
XCHTIME	0	0	0	0	0	0	0	0	0	0	0	0
XCHTIME	5310	2	5	11810622	8857	215718	490752	1388	11093907	134713341896896	134713392345744	17098
XCHTIME	0	0	0	0	0	0	0	0	0	0	0	0
XCHTIME	5310	4	11	6236451	9122	262215	896610	3896	5064608	134713341896896	134713392345744	17098
XCHTIME	0	0	0	0	0	0	0	0	0	0	0	0
XCHTIME	5310	4	14	9860108	8911	215583	903105	5105	8727404	134713341896896	134713392345744	17098
XCHTIME	0	0	0	0	0	0	0	0	0	0	0	0
XCHTIME	5310	3	12	11202027	9306	221167	655521	3356	10312677	134713341896896	134713392345744	17098
XCHTIME	0	0	0	0	0	0	0	0	0	0	0	0
XCHTIME	5310	1	0	11047919	11230	254892	244553	0	10537244	134713341896896	134713392345744	17098
XCHTIME	0	0	0	0	0	0	0	0	0	0	0	0
XCHTIME	5310	4	6	5941029	8439	253686	915417	2394	4761093	134713341896896	134713392345744	17098
LIFT	mpbp_47	5310	3182	12798	3182
COUNTS	mpbp_47	5310	17098	730624	652208
XCHTIME	0	0	0	0	0	0	0	0	0	0	0	0
XCHTIME	821	2	4	1083912	22909	4597	4387	277	1051742	134713346014016	134713593442864	2242
XCHTIME	0	0	0	0	0	0	0	0	0	0	0	0
XCHTIME	821	2	6	7637872	601	2516	5836	406	7628513	134713346014016	134713593442864	2242
XCHTIME	0	0	0	0	0	0	0	0	0	0	0	0
XCHTIME	821	2	5	2514242	1324	4114	4389	316	2504099	134713346014016	134713593442864	2242
XCHTIME	0	0	0	0	0	0	0	0	0	0	0	0
XCHTIME	821	4	18	16052141	867	3633	10540	1116	16035985	134713346014016	134713593442864	2242
LADGATE	821	10000	0.407	1
XCHTIME	0	0	0	0	0	0	0	0	0	0	0	0
XCHTIME	821	5	26	19869003	1180	3843	12601	1716	19849663	134713346014016	134713593442864	2242
XCHTIME	0	0	0	0	0	0	0	0	0	0	0	0
XCHTIME	821	4	66	7246777	1184	3274	12805	3668	7225846	134713346014016	134713593442864	2242
XCHTIME	0	0	0	0	0	0	0	0	0	0	0	0
XCHTIME	821	4	15	3256693	1649	3919	8242	855	3242028	134713346014016	134713593442864	2242
XCHTIME	0	0	0	0	0	0	0	0	0	0	0	0
XCHTIME	821	4	10	2125043	896	3072	8564	549	2111962	134713346014016	134713593442864	2242
XCHTIME	0	0	0	0	0	0	0	0	0	0	0	0
XCHTIME	821	4	18	16121228	1146	2909	10718	1085	16105370	134713346014016	134713593442864	2242
XCHTIME	0	0	0	0	0	0	0	0	0	0	0	0
XCHTIME	821	4	11	1286350	1312	4207	8422	682	1271727	134713346014016	134713593442864	2242
XCHTIME	0	0	0	0	0	0	0	0	0	0	0	0
XCHTIME	821	4	14	5492797	591	2506	8267	897	5480536	134713346014016	134713593442864	2242
XCHTIME	0	0	0	0	0	0	0	0	0	0	0	0
XCHTIME	821	4	13	8910666	809	2723	8314	832	8897988	134713346014016	134713593442864	2242
XCHTIME	0	0	0	0	0	0	0	0	0	0	0	0
XCHTIME	821	2	5	19239086	1902	5979	11358	423	19219424	134713346014016	134713593442864	2242
XCHTIME	0	0	0	0	0	0	0	0	0	0	0	0
XCHTIME	821	4	6	1038994	2400	10549	13206	393	1012446	134713346014016	134713593442864	2242
LIFT	rsyn0815m	821	434	1516	434
COUNTS	rsyn0815m	821	2242	8260	7745
XCHTIME	0	0	0	0	0	0	0	0	0	0	0	0
XCHTIME	7993	1	0	3851830	1314740	584940	587723	0	1364427	134713345102672	134713380258160	37208
XCHTIME	0	0	0	0	0	0	0	0	0	0	0	0
XCHTIME	7993	1	0	3877565	33908	619116	628173	0	2596368	134713345102672	134713380258160	37208
XCHTIME	0	0	0	0	0	0	0	0	0	0	0	0
XCHTIME	7993	1	0	3037365	17170	584889	595032	0	1840274	134713345102672	134713380258160	37208
XCHTIME	0	0	0	0	0	0	0	0	0	0	0	0
XCHTIME	7993	1	0	10923639	18841	580814	584776	0	9739208	134713345102672	134713380258160	37208
LADGATE	7993	10000	1.119	1
XCHTIME	0	0	0	0	0	0	0	0	0	0	0	0
XCHTIME	7993	5	26	94125235	17829	644881	3046175	9445	90406905	134713345102672	134713380258160	37208
XCHTIME	0	0	0	0	0	0	0	0	0	0	0	0
XCHTIME	7993	1	0	4031063	18199	621231	609239	0	2782394	134713345102672	134713380258160	37208
XCHTIME	0	0	0	0	0	0	0	0	0	0	0	0
XCHTIME	7993	1	0	5426812	17939	570519	598207	0	4240147	134713345102672	134713380258160	37208
XCHTIME	0	0	0	0	0	0	0	0	0	0	0	0
XCHTIME	7993	2	3	9959718	17893	587880	1161194	1244	8191507	134713345102672	134713380258160	37208
XCHTIME	0	0	0	0	0	0	0	0	0	0	0	0
XCHTIME	7993	1	0	10701085	17749	588466	590939	0	9503931	134713345102672	134713380258160	37208
XCHTIME	0	0	0	0	0	0	0	0	0	0	0	0
XCHTIME	7993	2	3	9544063	16894	628309	1166497	1138	7731225	134713345102672	134713380258160	37208
XCHTIME	0	0	0	0	0	0	0	0	0	0	0	0
XCHTIME	7993	2	4	10426453	18406	605064	1146467	1660	8654856	134713345102672	134713380258160	37208
XCHTIME	0	0	0	0	0	0	0	0	0	0	0	0
XCHTIME	7993	1	0	10368852	16897	564939	583564	0	9203452	134713345102672	134713380258160	37208
XCHTIME	0	0	0	0	0	0	0	0	0	0	0	0
XCHTIME	7993	1	0	9959391	17750	588862	575104	0	8777675	134713345102672	134713380258160	37208
XCHTIME	0	0	0	0	0	0	0	0	0	0	0	0
XCHTIME	7993	2	3	9475174	18128	613999	1206392	1191	7635464	134713345102672	134713380258160	37208
LIFT	arki0016	7993	4968	26810	4968
COUNTS	arki0016	7993	37208	878890	835794
XCHTIME	0	0	0	0	0	0	0	0	0	0	0	0
XCHTIME	18	2	4	22427	2273	364	159	109	19522	134713534051392	134713529324496	48
XCHTIME	0	0	0	0	0	0	0	0	0	0	0	0
XCHTIME	18	2	6	306326	236	336	102	117	305535	134713534051392	134713529324496	48
XCHTIME	0	0	0	0	0	0	0	0	0	0	0	0
XCHTIME	18	2	5	95701	141	303	95	119	95043	134713534051392	134713529324496	48
XCHTIME	0	0	0	0	0	0	0	0	0	0	0	0
XCHTIME	18	4	18	568310	93	283	200	414	567320	134713534051392	134713529324496	48
LADGATE	18	10000	0.140	1
XCHTIME	0	0	0	0	0	0	0	0	0	0	0	0
XCHTIME	18	5	26	651217	155	431	277	653	649701	134713534051392	134713529324496	48
XCHTIME	0	0	0	0	0	0	0	0	0	0	0	0
XCHTIME	18	4	45	39652	142	280	213	1189	37828	134713534051392	134713529324496	48
XCHTIME	0	0	0	0	0	0	0	0	0	0	0	0
XCHTIME	18	4	15	86889	134	277	170	317	85991	134713534051392	134713529324496	48
XCHTIME	0	0	0	0	0	0	0	0	0	0	0	0
XCHTIME	18	4	10	61362	123	201	162	198	60678	134713534051392	134713529324496	48
XCHTIME	0	0	0	0	0	0	0	0	0	0	0	0
XCHTIME	18	4	18	569413	92	234	198	395	568494	134713534051392	134713529324496	48
XCHTIME	0	0	0	0	0	0	0	0	0	0	0	0
XCHTIME	18	4	11	36667	107	280	155	224	35901	134713534051392	134713529324496	48
XCHTIME	0	0	0	0	0	0	0	0	0	0	0	0
XCHTIME	18	4	14	166741	69	245	158	309	165960	134713534051392	134713529324496	48
XCHTIME	0	0	0	0	0	0	0	0	0	0	0	0
XCHTIME	18	4	13	228132	90	257	158	279	227348	134713534051392	134713529324496	48
XCHTIME	0	0	0	0	0	0	0	0	0	0	0	0
XCHTIME	18	4	16	2718810	72	277	190	444	2717827	134713534051392	134713529324496	48
XCHTIME	0	0	0	0	0	0	0	0	0	0	0	0
XCHTIME	18	4	6	21722	392	412	173	135	20610	134713534051392	134713529324496	48
COUNTS	st_glmp_ss2	18	48	121	121
XCHTIME	0	0	0	0	0	0	0	0	0	0	0	0
XCHTIME	2670	2	4	1710305	85269	24006	45794	519	1554717	134713341939392	134713392706224	6964
XCHTIME	0	0	0	0	0	0	0	0	0	0	0	0
XCHTIME	2670	2	6	5578541	3365	31403	63677	616	5479480	134713341939392	134713392706224	6964
XCHTIME	0	0	0	0	0	0	0	0	0	0	0	0
XCHTIME	2670	2	5	2927949	3965	39989	54828	531	2828636	134713341939392	134713392706224	6964
XCHTIME	0	0	0	0	0	0	0	0	0	0	0	0
XCHTIME	2670	4	18	12135457	3908	31448	130567	2458	11967076	134713341939392	134713392706224	6964
LADGATE	2670	10000	0.733	1
XCHTIME	0	0	0	0	0	0	0	0	0	0	0	0
XCHTIME	2670	5	26	18693814	4578	65671	172342	3005	18448218	134713341939392	134713392706224	6964
XCHTIME	0	0	0	0	0	0	0	0	0	0	0	0
XCHTIME	2670	2	19	5065614	4045	40863	68176	1727	4950803	134713341939392	134713392706224	6964
XCHTIME	0	0	0	0	0	0	0	0	0	0	0	0
XCHTIME	2670	4	15	4342766	3821	33934	111561	2037	4191413	134713341939392	134713392706224	6964
XCHTIME	0	0	0	0	0	0	0	0	0	0	0	0
XCHTIME	2670	4	10	3381765	3806	30703	99142	1299	3246815	134713341939392	134713392706224	6964
XCHTIME	0	0	0	0	0	0	0	0	0	0	0	0
XCHTIME	2670	4	18	12847304	2765	26731	149328	2371	12666109	134713341939392	134713392706224	6964
XCHTIME	0	0	0	0	0	0	0	0	0	0	0	0
XCHTIME	2670	4	11	2805158	3896	31521	98626	1353	2669762	134713341939392	134713392706224	6964
XCHTIME	0	0	0	0	0	0	0	0	0	0	0	0
XCHTIME	2670	4	14	6002982	3224	26911	106637	1973	5864237	134713341939392	134713392706224	6964
XCHTIME	0	0	0	0	0	0	0	0	0	0	0	0
XCHTIME	2670	4	13	8784595	2880	29128	130972	1809	8619806	134713341939392	134713392706224	6964
XCHTIME	0	0	0	0	0	0	0	0	0	0	0	0
XCHTIME	2670	1	0	13393209	4128	35521	24240	0	13329320	134713341939392	134713392706224	6964
XCHTIME	0	0	0	0	0	0	0	0	0	0	0	0
XCHTIME	2670	4	6	2316951	5157	77615	109805	844	2123530	134713341939392	134713392706224	6964
LIFT	rsyn0810m02hfsg	2670	1484	4808	1484
COUNTS	rsyn0810m02hfsg	2670	6964	36862	34672
XCHTIME	0	0	0	0	0	0	0	0	0	0	0	0
XCHTIME	55	2	4	69041	3283	801	260	141	64556	134713549877104	134713549919376	276
XCHTIME	0	0	0	0	0	0	0	0	0	0	0	0
XCHTIME	55	2	6	670241	265	544	420	232	668780	134713549877104	134713549919376	276
XCHTIME	0	0	0	0	0	0	0	0	0	0	0	0
XCHTIME	55	2	5	177041	418	518	166	163	175776	134713549877104	134713549919376	276
XCHTIME	0	0	0	0	0	0	0	0	0	0	0	0
XCHTIME	55	4	18	1004610	132	457	648	736	1002637	134713549877104	134713549919376	276
LADGATE	55	10000	0.155	1
XCHTIME	0	0	0	0	0	0	0	0	0	0	0	0
XCHTIME	55	5	26	1207175	241	713	480	905	1204836	134713549877104	134713549919376	276
XCHTIME	0	0	0	0	0	0	0	0	0	0	0	0
XCHTIME	55	4	66	24228	154	664	371	1982	21057	134713549877104	134713549919376	276
XCHTIME	0	0	0	0	0	0	0	0	0	0	0	0
XCHTIME	55	4	15	192381	140	510	313	465	190953	134713549877104	134713549919376	276
XCHTIME	0	0	0	0	0	0	0	0	0	0	0	0
XCHTIME	55	4	10	115172	127	432	610	280	113723	134713549877104	134713549919376	276
XCHTIME	0	0	0	0	0	0	0	0	0	0	0	0
XCHTIME	55	4	18	1035320	113	311	331	626	1033939	134713549877104	134713549919376	276
XCHTIME	0	0	0	0	0	0	0	0	0	0	0	0
XCHTIME	55	4	11	71342	128	568	638	346	69662	134713549877104	134713549919376	276
XCHTIME	0	0	0	0	0	0	0	0	0	0	0	0
XCHTIME	55	4	14	346323	123	402	364	444	344990	134713549877104	134713549919376	276
XCHTIME	0	0	0	0	0	0	0	0	0	0	0	0
XCHTIME	55	4	13	615177	131	452	677	444	613473	134713549877104	134713549919376	276
XCHTIME	0	0	0	0	0	0	0	0	0	0	0	0
XCHTIME	55	4	16	3562681	130	431	475	594	3561051	134713549877104	134713549919376	276
XCHTIME	0	0	0	0	0	0	0	0	0	0	0	0
XCHTIME	55	4	6	43488	349	783	303	197	41856	134713549877104	134713549919376	276
LIFT	pointpack06	55	34	234	34
COUNTS	pointpack06	55	276	1497	1497
XCHTIME	0	0	0	0	0	0	0	0	0	0	0	0
XCHTIME	6328	1	0	2788447	752701	351350	341173	0	1343223	134713593475648	134713345334288	16896
XCHTIME	0	0	0	0	0	0	0	0	0	0	0	0
XCHTIME	6328	1	0	3392901	8923	339227	338306	0	2706445	134713593475648	134713345334288	16896
XCHTIME	0	0	0	0	0	0	0	0	0	0	0	0
XCHTIME	6328	1	0	2767729	9168	360206	339087	0	2059268	134713593475648	134713345334288	16896
XCHTIME	0	0	0	0	0	0	0	0	0	0	0	0
XCHTIME	6328	1	0	11516502	8764	339579	346768	0	10821391	134713593475648	134713345334288	16896
LADGATE	6328	10000	0.447	1
XCHTIME	0	0	0	0	0	0	0	0	0	0	0	0
XCHTIME	6328	5	26	62565461	9990	396595	1761249	10079	60387548	134713593475648	134713345334288	16896
XCHTIME	0	0	0	0	0	0	0	0	0	0	0	0
XCHTIME	6328	1	0	4750542	9849	361770	354953	0	4023970	134713593475648	134713345334288	16896
XCHTIME	0	0	0	0	0	0	0	0	0	0	0	0
XCHTIME	6328	2	4	6140188	9278	355872	687251	1774	5086013	134713593475648	134713345334288	16896
XCHTIME	0	0	0	0	0	0	0	0	0	0	0	0
XCHTIME	6328	4	10	11949908	9252	352321	1361551	4306	10222478	134713593475648	134713345334288	16896
XCHTIME	0	0	0	0	0	0	0	0	0	0	0	0
XCHTIME	6328	1	0	10723477	9823	348754	334756	0	10030144	134713593475648	134713345334288	16896
XCHTIME	0	0	0	0	0	0	0	0	0	0	0	0
XCHTIME	6328	4	11	11828498	9284	364817	1322394	4585	10127418	134713593475648	134713345334288	16896
XCHTIME	0	0	0	0	0	0	0	0	0	0	0	0
XCHTIME	6328	2	4	11991322	9533	349278	671897	1975	10958639	134713593475648	134713345334288	16896
XCHTIME	0	0	0	0	0	0	0	0	0	0	0	0
XCHTIME	6328	2	4	11540874	9397	343007	662207	2029	10524234	134713593475648	134713345334288	16896
XCHTIME	0	0	0	0	0	0	0	0	0	0	0	0
XCHTIME	6328	1	0	9634787	8757	345347	326360	0	8954323	134713593475648	134713345334288	16896
XCHTIME	0	0	0	0	0	0	0	0	0	0	0	0
XCHTIME	6328	4	6	11168394	8967	384916	1324685	2313	9447513	134713593475648	134713345334288	16896
LIFT	syn40m04hfsg	6328	3492	11224	3492
COUNTS	syn40m04hfsg	6328	16896	76232	73557
XCHTIME	0	0	0	0	0	0	0	0	0	0	0	0
XCHTIME	258	2	4	183882	7881	1281	939	194	173587	134713595335312	134713593345552	840
XCHTIME	0	0	0	0	0	0	0	0	0	0	0	0
XCHTIME	258	2	6	870110	268	921	979	241	867701	134713595335312	134713593345552	840
XCHTIME	0	0	0	0	0	0	0	0	0	0	0	0
XCHTIME	258	2	5	378607	539	1277	1021	202	375568	134713595335312	134713593345552	840
XCHTIME	0	0	0	0	0	0	0	0	0	0	0	0
XCHTIME	258	4	18	1491730	284	933	1654	895	1487964	134713595335312	134713593345552	840
LADGATE	258	10000	0.231	1
XCHTIME	0	0	0	0	0	0	0	0	0	0	0	0
XCHTIME	258	5	26	1996044	746	1865	2239	1472	1989722	134713595335312	134713593345552	840
XCHTIME	0	0	0	0	0	0	0	0	0	0	0	0
XCHTIME	258	4	66	7339717	355	1001	2529	2937	7332895	134713595335312	134713593345552	840
XCHTIME	0	0	0	0	0	0	0	0	0	0	0	0
XCHTIME	258	4	15	478000	847	1674	1544	720	473215	134713595335312	134713593345552	840
XCHTIME	0	0	0	0	0	0	0	0	0	0	0	0
XCHTIME	258	4	10	346339	258	1113	1985	383	342600	134713595335312	134713593345552	840
XCHTIME	0	0	0	0	0	0	0	0	0	0	0	0
XCHTIME	258	4	18	1537683	318	988	1568	871	1533938	134713595335312	134713593345552	840
XCHTIME	0	0	0	0	0	0	0	0	0	0	0	0
XCHTIME	258	4	11	223415	335	1065	1926	455	219634	134713595335312	134713593345552	840
XCHTIME	0	0	0	0	0	0	0	0	0	0	0	0
XCHTIME	258	4	14	822692	256	971	1624	690	819151	134713595335312	134713593345552	840
XCHTIME	0	0	0	0	0	0	0	0	0	0	0	0
XCHTIME	258	4	13	1163497	282	974	2041	675	1159525	134713595335312	134713593345552	840
XCHTIME	0	0	0	0	0	0	0	0	0	0	0	0
XCHTIME	258	4	16	3770466	397	1061	2132	829	3766047	134713595335312	134713593345552	840
XCHTIME	0	0	0	0	0	0	0	0	0	0	0	0
XCHTIME	258	4	6	149516	530	1052	2027	274	145633	134713595335312	134713593345552	840
LIFT	clay0304m	258	122	576	122
COUNTS	clay0304m	258	840	2742	2742
XCHTIME	0	0	0	0	0	0	0	0	0	0	0	0
XCHTIME	1218	2	4	1192664	30764	4591	8349	489	1148471	134713558284944	134713588032560	8300
XCHTIME	0	0	0	0	0	0	0	0	0	0	0	0
XCHTIME	1218	2	6	7289085	1944	4211	12348	625	7269957	134713558284944	134713588032560	8300
XCHTIME	0	0	0	0	0	0	0	0	0	0	0	0
XCHTIME	1218	2	5	3180703	3434	10345	9891	510	3156523	134713558284944	134713588032560	8300
XCHTIME	0	0	0	0	0	0	0	0	0	0	0	0
XCHTIME	1218	3	15	15315674	2624	5113	28221	1507	15278209	134713558284944	134713588032560	8300
LADGATE	1218	10000	0.450	1
XCHTIME	0	0	0	0	0	0	0	0	0	0	0	0
XCHTIME	1218	5	26	27097867	4270	10881	45992	2698	27034026	134713558284944	134713588032560	8300
XCHTIME	0	0	0	0	0	0	0	0	0	0	0	0
XCHTIME	1218	3	57	6756025	4052	12838	30250	4643	6704242	134713558284944	134713588032560	8300
XCHTIME	0	0	0	0	0	0	0	0	0	0	0	0
XCHTIME	1218	4	15	3828019	4680	14971	24369	1518	3782481	134713558284944	134713588032560	8300
XCHTIME	0	0	0	0	0	0	0	0	0	0	0	0
XCHTIME	1218	4	10	2244845	3256	6312	17009	991	2217277	134713558284944	134713588032560	8300
XCHTIME	0	0	0	0	0	0	0	0	0	0	0	0
XCHTIME	1218	3	15	15093591	2429	4621	26974	1462	15058105	134713558284944	134713588032560	8300
XCHTIME	0	0	0	0	0	0	0	0	0	0	0	0
XCHTIME	1218	4	11	1442220	4230	12036	18354	1014	1406586	134713558284944	134713588032560	8300
XCHTIME	0	0	0	0	0	0	0	0	0	0	0	0
XCHTIME	1218	4	14	6669804	2245	5527	20889	1352	6639791	134713558284944	134713588032560	8300
XCHTIME	0	0	0	0	0	0	0	0	0	0	0	0
XCHTIME	1218	4	13	11850104	2641	5164	18825	1342	11822132	134713558284944	134713588032560	8300
XCHTIME	0	0	0	0	0	0	0	0	0	0	0	0
XCHTIME	1218	1	0	14613308	2476	4974	4030	0	14601828	134713558284944	134713588032560	8300
XCHTIME	0	0	0	0	0	0	0	0	0	0	0	0
XCHTIME	1218	4	6	1160342	4549	18758	19120	594	1117321	134713558284944	134713588032560	8300
LIFT	pooling_foulds5pq	1218	655	7342	655
COUNTS	pooling_foulds5pq	1218	8300	159641	159641
XCHTIME	0	0	0	0	0	0	0	0	0	0	0	0
XCHTIME	1000	2	4	1500923	29521	4593	6561	279	1459969	134713586602176	134713586329472	2910
XCHTIME	0	0	0	0	0	0	0	0	0	0	0	0
XCHTIME	1000	2	6	8689310	1005	3894	10275	388	8673748	134713586602176	134713586329472	2910
XCHTIME	0	0	0	0	0	0	0	0	0	0	0	0
XCHTIME	1000	2	5	3326069	1949	7483	7397	433	3308807	134713586602176	134713586329472	2910
XCHTIME	0	0	0	0	0	0	0	0	0	0	0	0
XCHTIME	1000	4	18	17374735	1345	5140	22993	1324	17343933	134713586602176	134713586329472	2910
LADGATE	1000	10000	0.402	1
XCHTIME	0	0	0	0	0	0	0	0	0	0	0	0
XCHTIME	1000	5	26	22548401	2119	7409	23613	1846	22513414	134713586602176	134713586329472	2910
XCHTIME	0	0	0	0	0	0	0	0	0	0	0	0
XCHTIME	1000	2	19	6293629	1789	5828	11336	1218	6273458	134713586602176	134713586329472	2910
XCHTIME	0	0	0	0	0	0	0	0	0	0	0	0
XCHTIME	1000	4	15	3990829	2289	9096	14717	920	3963807	134713586602176	134713586329472	2910
XCHTIME	0	0	0	0	0	0	0	0	0	0	0	0
XCHTIME	1000	4	10	2529983	1772	3540	12000	542	2512129	134713586602176	134713586329472	2910
XCHTIME	0	0	0	0	0	0	0	0	0	0	0	0
XCHTIME	1000	4	18	15745953	910	3106	17225	1192	15723520	134713586602176	134713586329472	2910
XCHTIME	0	0	0	0	0	0	0	0	0	0	0	0
XCHTIME	1000	4	11	1500500	1751	4857	11278	614	1482000	134713586602176	134713586329472	2910
XCHTIME	0	0	0	0	0	0	0	0	0	0	0	0
XCHTIME	1000	4	14	6146916	1049	3162	11222	776	6130707	134713586602176	134713586329472	2910
XCHTIME	0	0	0	0	0	0	0	0	0	0	0	0
XCHTIME	1000	4	13	10912227	1185	3149	12890	785	10894218	134713586602176	134713586329472	2910
XCHTIME	0	0	0	0	0	0	0	0	0	0	0	0
XCHTIME	1000	2	5	15887366	1547	4621	13401	427	15867370	134713586602176	134713586329472	2910
XCHTIME	0	0	0	0	0	0	0	0	0	0	0	0
XCHTIME	1000	4	6	885535	2351	10991	12382	345	859466	134713586602176	134713586329472	2910
LIFT	clay0305hfsg	1000	485	2050	485
COUNTS	clay0305hfsg	1000	2910	12260	11240
XCHTIME	0	0	0	0	0	0	0	0	0	0	0	0
XCHTIME	64	2	4	69549	3844	1257	263	107	64078	134713533976064	134713593526288	232
XCHTIME	0	0	0	0	0	0	0	0	0	0	0	0
XCHTIME	64	2	6	502704	222	592	180	119	501591	134713533976064	134713593526288	232
XCHTIME	0	0	0	0	0	0	0	0	0	0	0	0
XCHTIME	64	2	5	167164	126	462	176	101	166299	134713533976064	134713593526288	232
XCHTIME	0	0	0	0	0	0	0	0	0	0	0	0
XCHTIME	64	4	18	1014467	181	636	348	355	1012947	134713533976064	134713593526288	232
LADGATE	64	10000	0.198	1
XCHTIME	0	0	0	0	0	0	0	0	0	0	0	0
XCHTIME	64	5	26	1152295	384	1429	469	574	1149439	134713533976064	134713593526288	232
XCHTIME	0	0	0	0	0	0	0	0	0	0	0	0
XCHTIME	64	4	66	83876	218	838	303	1955	80562	134713533976064	134713593526288	232
XCHTIME	0	0	0	0	0	0	0	0	0	0	0	0
XCHTIME	64	4	15	171938	124	519	314	302	170679	134713533976064	134713593526288	232
XCHTIME	0	0	0	0	0	0	0	0	0	0	0	0
XCHTIME	64	4	10	116525	126	585	370	201	115243	134713533976064	134713593526288	232
XCHTIME	0	0	0	0	0	0	0	0	0	0	0	0
XCHTIME	64	4	18	1040114	130	373	418	386	1038807	134713533976064	134713593526288	232
XCHTIME	0	0	0	0	0	0	0	0	0	0	0	0
XCHTIME	64	4	11	69512	162	561	353	231	68205	134713533976064	134713593526288	232
XCHTIME	0	0	0	0	0	0	0	0	0	0	0	0
XCHTIME	64	4	14	334152	139	406	362	280	332965	134713533976064	134713593526288	232
XCHTIME	0	0	0	0	0	0	0	0	0	0	0	0
XCHTIME	64	4	13	496302	154	483	405	259	495001	134713533976064	134713593526288	232
XCHTIME	0	0	0	0	0	0	0	0	0	0	0	0
XCHTIME	64	4	16	2985112	153	477	568	323	2983591	134713533976064	134713593526288	232
XCHTIME	0	0	0	0	0	0	0	0	0	0	0	0
XCHTIME	64	4	6	43643	519	529	352	124	42119	134713533976064	134713593526288	232
LIFT	st_test8	64	44	192	44
COUNTS	st_test8	64	232	2343	1964
XCHTIME	0	0	0	0	0	0	0	0	0	0	0	0
XCHTIME	17364	2	5	397437442	13086476	10622620	3688374	3161	370036811	134713390281952	134713360967936	252910
LIFT	gams05	17364	8487	278504	8487
COUNTS	gams05	17364	252910	6179750712	3251969962
XCHTIME	0	0	0	0	0	0	0	0	0	0	0	0
XCHTIME	31	2	4	71160	3490	1093	483	236	65858	134713569408768	134713392773840	156
XCHTIME	0	0	0	0	0	0	0	0	0	0	0	0
XCHTIME	31	2	6	460323	204	521	132	270	459196	134713569408768	134713392773840	156
XCHTIME	0	0	0	0	0	0	0	0	0	0	0	0
XCHTIME	31	2	5	187731	199	746	323	238	186225	134713569408768	134713392773840	156
XCHTIME	0	0	0	0	0	0	0	0	0	0	0	0
XCHTIME	31	4	18	825065	122	353	365	851	823374	134713569408768	134713392773840	156
LADGATE	31	10000	0.181	1
XCHTIME	0	0	0	0	0	0	0	0	0	0	0	0
XCHTIME	31	4	10	144028	618	1040	343	502	141525	134713569408768	134713392773840	156
XCHTIME	0	0	0	0	0	0	0	0	0	0	0	0
XCHTIME	31	4	59	393756	151	565	301	2780	389959	134713569408768	134713392773840	156
XCHTIME	0	0	0	0	0	0	0	0	0	0	0	0
XCHTIME	31	4	15	222018	227	677	275	630	220209	134713569408768	134713392773840	156
XCHTIME	0	0	0	0	0	0	0	0	0	0	0	0
XCHTIME	31	4	10	135788	154	797	256	412	134169	134713569408768	134713392773840	156
XCHTIME	0	0	0	0	0	0	0	0	0	0	0	0
XCHTIME	31	4	18	862244	136	480	267	852	860509	134713569408768	134713392773840	156
XCHTIME	0	0	0	0	0	0	0	0	0	0	0	0
XCHTIME	31	4	11	98646	158	569	399	526	96994	134713569408768	134713392773840	156
XCHTIME	0	0	0	0	0	0	0	0	0	0	0	0
XCHTIME	31	4	14	340605	261	443	236	647	339018	134713569408768	134713392773840	156
XCHTIME	0	0	0	0	0	0	0	0	0	0	0	0
XCHTIME	31	4	13	514953	144	485	242	613	513469	134713569408768	134713392773840	156
XCHTIME	0	0	0	0	0	0	0	0	0	0	0	0
XCHTIME	31	4	16	2968706	394	516	304	850	2966642	134713569408768	134713392773840	156
XCHTIME	0	0	0	0	0	0	0	0	0	0	0	0
XCHTIME	31	4	6	54130	445	814	257	319	52295	134713569408768	134713392773840	156
COUNTS	sporttournament08	31	156	862	862
XCHTIME	0	0	0	0	0	0	0	0	0	0	0	0
XCHTIME	1121	2	4	3210865	1605221	13310	7874	239	1584221	134713193779328	134713588100160	4194
XCHTIME	0	0	0	0	0	0	0	0	0	0	0	0
XCHTIME	1121	2	6	7807724	1831	5076	9744	419	7790654	134713193779328	134713588100160	4194
XCHTIME	0	0	0	0	0	0	0	0	0	0	0	0
XCHTIME	1121	2	5	3800314	2107	7261	7317	309	3783320	134713193779328	134713588100160	4194
XCHTIME	0	0	0	0	0	0	0	0	0	0	0	0
XCHTIME	1121	4	18	15862490	1345	4078	23566	1238	15832263	134713193779328	134713588100160	4194
LADGATE	1121	10000	0.370	1
XCHTIME	0	0	0	0	0	0	0	0	0	0	0	0
XCHTIME	1121	5	26	25259176	3189	8326	29724	1754	25216183	134713193779328	134713588100160	4194
XCHTIME	0	0	0	0	0	0	0	0	0	0	0	0
XCHTIME	1121	2	19	6693390	2310	8573	13041	904	6668562	134713193779328	134713588100160	4194
XCHTIME	0	0	0	0	0	0	0	0	0	0	0	0
XCHTIME	1121	4	15	4693302	2588	12835	20927	944	4656008	134713193779328	134713588100160	4194
XCHTIME	0	0	0	0	0	0	0	0	0	0	0	0
XCHTIME	1121	4	10	2915935	1605	4421	13992	581	2895336	134713193779328	134713588100160	4194
XCHTIME	0	0	0	0	0	0	0	0	0	0	0	0
XCHTIME	1121	4	18	16030329	1030	3576	24620	1167	15999936	134713193779328	134713588100160	4194
XCHTIME	0	0	0	0	0	0	0	0	0	0	0	0
XCHTIME	1121	4	11	1916098	2204	6987	13752	656	1892499	134713193779328	134713588100160	4194
XCHTIME	0	0	0	0	0	0	0	0	0	0	0	0
XCHTIME	1121	4	14	7520212	1391	3894	14364	831	7499732	134713193779328	134713588100160	4194
XCHTIME	0	0	0	0	0	0	0	0	0	0	0	0
XCHTIME	1121	4	13	12167640	1279	3954	15046	874	12146487	134713193779328	134713588100160	4194
XCHTIME	0	0	0	0	0	0	0	0	0	0	0	0
XCHTIME	1121	2	5	14778279	1620	4690	18257	465	14753247	134713193779328	134713588100160	4194
XCHTIME	0	0	0	0	0	0	0	0	0	0	0	0
XCHTIME	1121	4	6	1276029	3573	8598	17673	371	1245814	134713193779328	134713588100160	4194
LIFT	powerflow0030p	1121	642	3468	642
COUNTS	powerflow0030p	1121	4194	24944	23642
XCHTIME	0	0	0	0	0	0	0	0	0	0	0	0
XCHTIME	22407	0	0	0	0	0	0	0	0	134713390658336	134713350267888	105584
XCHTIME	0	0	0	0	0	0	0	0	0	0	0	0
XCHTIME	22407	0	0	37134150	19322663	17811487	0	0	0	134713390658336	134713350267888	105584
XCHTIME	0	0	0	0	0	0	0	0	0	0	0	0
XCHTIME	22407	0	0	0	0	0	0	0	0	134713390658336	134713350267888	105584
XCHTIME	0	0	0	0	0	0	0	0	0	0	0	0
XCHTIME	22407	1	0	24476875	45891	17371433	3074539	0	3985012	134713390658336	134713350267888	105584
LADGATE	22407	10000	0.848	0
XCHTIME	0	0	0	0	0	0	0	0	0	0	0	0
XCHTIME	22407	5	26	231929146	53415	17306659	15593381	21676	198954015	134713390658336	134713350267888	105584
LIFT	popdynm200	22407	18799	98384	18799
COUNTS	popdynm200	22407	105584	2567878	2404589
XCHTIME	0	0	0	0	0	0	0	0	0	0	0	0
XCHTIME	11120	1	0	5224716	2367245	1221050	1150392	0	486029	134713345629424	134713351578624	40790
XCHTIME	0	0	0	0	0	0	0	0	0	0	0	0
XCHTIME	11120	1	0	3647279	22153	1192610	1159630	0	1272886	134713345629424	134713351578624	40790
XCHTIME	0	0	0	0	0	0	0	0	0	0	0	0
XCHTIME	11120	1	0	3079846	19909	1190549	1157131	0	712257	134713345629424	134713351578624	40790
XCHTIME	0	0	0	0	0	0	0	0	0	0	0	0
XCHTIME	11120	1	0	11461036	19658	1174738	1154202	0	9112438	134713345629424	134713351578624	40790
LADGATE	11120	10000	0.762	0
XCHTIME	0	0	0	0	0	0	0	0	0	0	0	0
XCHTIME	11120	5	26	189407224	20634	1185896	5907104	13275	182280315	134713345629424	134713351578624	40790
XCHTIME	0	0	0	0	0	0	0	0	0	0	0	0
XCHTIME	11120	1	0	5824309	21049	1232145	1178998	0	3392117	134713345629424	134713351578624	40790
XCHTIME	0	0	0	0	0	0	0	0	0	0	0	0
XCHTIME	11120	1	0	6069090	21466	1201575	1173958	0	3672091	134713345629424	134713351578624	40790
XCHTIME	0	0	0	0	0	0	0	0	0	0	0	0
XCHTIME	11120	1	0	10399167	20862	1238966	1150594	0	7988745	134713345629424	134713351578624	40790
XCHTIME	0	0	0	0	0	0	0	0	0	0	0	0
XCHTIME	11120	1	0	11324102	21899	1205502	1177263	0	8919438	134713345629424	134713351578624	40790
XCHTIME	0	0	0	0	0	0	0	0	0	0	0	0
XCHTIME	11120	1	0	9648104	21364	1195956	1154502	0	7276282	134713345629424	134713351578624	40790
XCHTIME	0	0	0	0	0	0	0	0	0	0	0	0
XCHTIME	11120	1	0	11379303	21327	1180023	1155009	0	9022944	134713345629424	134713351578624	40790
XCHTIME	0	0	0	0	0	0	0	0	0	0	0	0
XCHTIME	11120	1	0	11940206	21246	1204028	1171162	0	9543770	134713345629424	134713351578624	40790
XCHTIME	0	0	0	0	0	0	0	0	0	0	0	0
XCHTIME	11120	1	0	11318497	33152	1424480	1381425	0	8479440	134713345629424	134713351578624	40790
XCHTIME	0	0	0	0	0	0	0	0	0	0	0	0
XCHTIME	11120	1	0	10495838	25407	1469466	1432622	0	7568343	134713345629424	134713351578624	40790
LIFT	mpbp_35	11120	6920	32350	6920
COUNTS	mpbp_35	11120	40790	3037207	975441
XCHTIME	0	0	0	0	0	0	0	0	0	0	0	0
XCHTIME	1492	2	4	4505401	2346561	25043	14237	270	2119290	134713345783952	134713345596448	3936
XCHTIME	0	0	0	0	0	0	0	0	0	0	0	0
XCHTIME	1492	2	6	7207900	1646	7483	19045	551	7179175	134713345783952	134713345596448	3936
XCHTIME	0	0	0	0	0	0	0	0	0	0	0	0
XCHTIME	1492	2	5	5495081	1835	8997	13416	382	5470451	134713345783952	134713345596448	3936
XCHTIME	0	0	0	0	0	0	0	0	0	0	0	0
XCHTIME	1492	2	5	13965064	1050	6393	16459	438	13940724	134713345783952	134713345596448	3936
LADGATE	1492	10000	0.445	1
XCHTIME	0	0	0	0	0	0	0	0	0	0	0	0
XCHTIME	1492	5	26	36557910	2703	14897	65102	2165	36473043	134713345783952	134713345596448	3936
XCHTIME	0	0	0	0	0	0	0	0	0	0	0	0
XCHTIME	1492	2	19	6883582	2596	20950	23526	1252	6835258	134713345783952	134713345596448	3936
XCHTIME	0	0	0	0	0	0	0	0	0	0	0	0
XCHTIME	1492	4	15	6815270	2467	18810	33272	1132	6759589	134713345783952	134713345596448	3936
XCHTIME	0	0	0	0	0	0	0	0	0	0	0	0
XCHTIME	1492	4	10	4155710	1642	7018	23095	659	4123296	134713345783952	134713345596448	3936
XCHTIME	0	0	0	0	0	0	0	0	0	0	0	0
XCHTIME	1492	2	5	13856810	1012	6004	17062	390	13832342	134713345783952	134713345596448	3936
XCHTIME	0	0	0	0	0	0	0	0	0	0	0	0
XCHTIME	1492	4	11	2658510	1603	15494	24245	759	2616409	134713345783952	134713345596448	3936
XCHTIME	0	0	0	0	0	0	0	0	0	0	0	0
XCHTIME	1492	4	14	11415269	1656	8100	35317	1009	11369187	134713345783952	134713345596448	3936
XCHTIME	0	0	0	0	0	0	0	0	0	0	0	0
XCHTIME	1492	4	13	15483965	1986	10402	41559	985	15429033	134713345783952	134713345596448	3936
XCHTIME	0	0	0	0	0	0	0	0	0	0	0	0
XCHTIME	1492	1	0	15085472	2361	12761	6899	0	15063451	134713345783952	134713345596448	3936
XCHTIME	0	0	0	0	0	0	0	0	0	0	0	0
XCHTIME	1492	4	6	2020721	3300	28657	42774	543	1945447	134713345783952	134713345596448	3936
LIFT	syn30m02m	1492	762	2608	762
COUNTS	syn30m02m	1492	3936	13752	13455
XCHTIME	0	0	0	0	0	0	0	0	0	0	0	0
XCHTIME	481	2	4	401868	17521	2861	2202	249	379035	134713541576592	134713345061072	3252
XCHTIME	0	0	0	0	0	0	0	0	0	0	0	0
XCHTIME	481	2	6	4811771	690	1718	2082	351	4806930	134713541576592	134713345061072	3252
XCHTIME	0	0	0	0	0	0	0	0	0	0	0	0
XCHTIME	481	2	5	1243772	1245	2103	1940	241	1238243	134713541576592	134713345061072	3252
XCHTIME	0	0	0	0	0	0	0	0	0	0	0	0
XCHTIME	481	4	18	8044330	495	1727	3951	927	8037230	134713541576592	134713345061072	3252
LADGATE	481	10000	0.367	1
XCHTIME	0	0	0	0	0	0	0	0	0	0	0	0
XCHTIME	481	5	26	10527712	1273	2374	5036	1325	10517704	134713541576592	134713345061072	3252
XCHTIME	0	0	0	0	0	0	0	0	0	0	0	0
XCHTIME	481	4	66	5174383	997	1593	5803	3200	5162790	134713541576592	134713345061072	3252
XCHTIME	0	0	0	0	0	0	0	0	0	0	0	0
XCHTIME	481	4	15	1317375	2294	2409	4167	725	1307780	134713541576592	134713345061072	3252
XCHTIME	0	0	0	0	0	0	0	0	0	0	0	0
XCHTIME	481	4	10	640452	906	1668	3898	505	633475	134713541576592	134713345061072	3252
XCHTIME	0	0	0	0	0	0	0	0	0	0	0	0
XCHTIME	481	4	18	8040128	1061	1545	4578	1036	8031908	134713541576592	134713345061072	3252
XCHTIME	0	0	0	0	0	0	0	0	0	0	0	0
XCHTIME	481	4	11	389118	1147	1850	3869	538	381714	134713541576592	134713345061072	3252
XCHTIME	0	0	0	0	0	0	0	0	0	0	0	0
XCHTIME	481	4	14	2592161	827	1612	3766	626	2585330	134713541576592	134713345061072	3252
XCHTIME	0	0	0	0	0	0	0	0	0	0	0	0
XCHTIME	481	4	13	2989225	1050	1864	3748	697	2981866	134713541576592	134713345061072	3252
XCHTIME	0	0	0	0	0	0	0	0	0	0	0	0
XCHTIME	481	3	15	17881782	595	1642	5798	903	17872844	134713541576592	134713345061072	3252
XCHTIME	0	0	0	0	0	0	0	0	0	0	0	0
XCHTIME	481	4	6	300758	2178	2755	3886	326	291613	134713541576592	134713345061072	3252
LIFT	wastewater13m1	481	353	3026	353
COUNTS	wastewater13m1	481	3252	60135	60068
XCHTIME	0	0	0	0	0	0	0	0	0	0	0	0
XCHTIME	1022	2	4	1177497	18729	3775	5924	226	1148843	134713345093856	134713372340560	2624
XCHTIME	0	0	0	0	0	0	0	0	0	0	0	0
XCHTIME	1022	2	6	7117428	699	2762	6991	303	7106673	134713345093856	134713372340560	2624
XCHTIME	0	0	0	0	0	0	0	0	0	0	0	0
XCHTIME	1022	2	5	2836068	1088	4745	5717	232	2824286	134713345093856	134713372340560	2624
XCHTIME	0	0	0	0	0	0	0	0	0	0	0	0
XCHTIME	1022	4	18	14153887	692	3500	14321	948	14134426	134713345093856	134713372340560	2624
LADGATE	1022	10000	0.303	1
XCHTIME	0	0	0	0	0	0	0	0	0	0	0	0
XCHTIME	1022	5	26	22827212	1574	4661	20596	1248	22799133	134713345093856	134713372340560	2624
XCHTIME	0	0	0	0	0	0	0	0	0	0	0	0
XCHTIME	1022	3	57	6986908	1578	4551	17637	2460	6960682	134713345093856	134713372340560	2624
XCHTIME	0	0	0	0	0	0	0	0	0	0	0	0
XCHTIME	1022	4	15	3712728	1741	4014	11550	709	3694714	134713345093856	134713372340560	2624
XCHTIME	0	0	0	0	0	0	0	0	0	0	0	0
XCHTIME	1022	4	10	2250200	1009	3105	11504	509	2234073	134713345093856	134713372340560	2624
XCHTIME	0	0	0	0	0	0	0	0	0	0	0	0
XCHTIME	1022	4	18	14211235	916	2751	15000	900	14191668	134713345093856	134713372340560	2624
XCHTIME	0	0	0	0	0	0	0	0	0	0	0	0
XCHTIME	1022	4	11	1387498	1467	4683	11608	465	1369275	134713345093856	134713372340560	2624
XCHTIME	0	0	0	0	0	0	0	0	0	0	0	0
XCHTIME	1022	4	14	6223668	657	2686	11552	711	6208062	134713345093856	134713372340560	2624
XCHTIME	0	0	0	0	0	0	0	0	0	0	0	0
XCHTIME	1022	4	13	10343076	821	2859	11373	635	10327388	134713345093856	134713372340560	2624
XCHTIME	0	0	0	0	0	0	0	0	0	0	0	0
XCHTIME	1022	2	5	13373711	674	3275	14304	580	13354878	134713345093856	134713372340560	2624
XCHTIME	0	0	0	0	0	0	0	0	0	0	0	0
XCHTIME	1022	4	6	930580	2287	5737	13462	318	908776	134713345093856	134713372340560	2624
LIFT	syn40hfsg	1022	573	1726	573
COUNTS	syn40hfsg	1022	2624	8432	8155
XCHTIME	0	0	0	0	0	0	0	0	0	0	0	0
XCHTIME	69	2	4	67551	4488	715	352	180	61816	134713537637680	134713392771776	206
XCHTIME	0	0	0	0	0	0	0	0	0	0	0	0
XCHTIME	69	2	6	425316	229	837	297	187	423766	134713537637680	134713392771776	206
XCHTIME	0	0	0	0	0	0	0	0	0	0	0	0
XCHTIME	69	2	5	152097	201	996	342	146	150412	134713537637680	134713392771776	206
XCHTIME	0	0	0	0	0	0	0	0	0	0	0	0
XCHTIME	69	4	18	905506	169	659	445	559	903674	134713537637680	134713392771776	206
LADGATE	69	10000	0.183	1
XCHTIME	0	0	0	0	0	0	0	0	0	0	0	0
XCHTIME	69	5	26	1294652	380	1645	659	835	1291133	134713537637680	134713392771776	206
XCHTIME	0	0	0	0	0	0	0	0	0	0	0	0
XCHTIME	69	4	66	494240	241	752	416	1825	491006	134713537637680	134713392771776	206
XCHTIME	0	0	0	0	0	0	0	0	0	0	0	0
XCHTIME	69	4	15	190592	396	812	407	396	188581	134713537637680	134713392771776	206
XCHTIME	0	0	0	0	0	0	0	0	0	0	0	0
XCHTIME	69	4	10	119890	223	756	420	243	118248	134713537637680	134713392771776	206
XCHTIME	0	0	0	0	0	0	0	0	0	0	0	0
XCHTIME	69	4	18	882103	501	900	705	535	879462	134713537637680	134713392771776	206
XCHTIME	0	0	0	0	0	0	0	0	0	0	0	0
XCHTIME	69	4	11	77541	277	844	353	293	75774	134713537637680	134713392771776	206
XCHTIME	0	0	0	0	0	0	0	0	0	0	0	0
XCHTIME	69	4	14	280421	116	518	460	322	279005	134713537637680	134713392771776	206
XCHTIME	0	0	0	0	0	0	0	0	0	0	0	0
XCHTIME	69	4	13	620033	128	533	488	315	618569	134713537637680	134713392771776	206
XCHTIME	0	0	0	0	0	0	0	0	0	0	0	0
XCHTIME	69	4	16	2890340	155	697	673	493	2888322	134713537637680	134713392771776	206
XCHTIME	0	0	0	0	0	0	0	0	0	0	0	0
XCHTIME	69	4	6	46943	510	1166	366	157	44744	134713537637680	134713392771776	206
LIFT	sep1	69	36	150	36
COUNTS	sep1	69	206	1097	1047
XCHTIME	0	0	0	0	0	0	0	0	0	0	0	0
XCHTIME	2508	2	4	1414229	93714	18953	40430	589	1260543	134713588143184	134713390837616	6804
XCHTIME	0	0	0	0	0	0	0	0	0	0	0	0
XCHTIME	2508	2	6	4888924	3897	44684	55935	785	4783623	134713588143184	134713390837616	6804
XCHTIME	0	0	0	0	0	0	0	0	0	0	0	0
XCHTIME	2508	2	5	2488162	3443	23063	38730	401	2422525	134713588143184	134713390837616	6804
XCHTIME	0	0	0	0	0	0	0	0	0	0	0	0
XCHTIME	2508	4	18	11269308	2850	23944	90600	1529	11150385	134713588143184	134713390837616	6804
LADGATE	2508	10000	0.543	1
XCHTIME	0	0	0	0	0	0	0	0	0	0	0	0
XCHTIME	2508	5	26	14802877	3813	39946	126991	2291	14629836	134713588143184	134713390837616	6804
XCHTIME	0	0	0	0	0	0	0	0	0	0	0	0
XCHTIME	2508	4	66	5554061	4085	43748	143727	3956	5358545	134713588143184	134713390837616	6804
XCHTIME	0	0	0	0	0	0	0	0	0	0	0	0
XCHTIME	2508	4	15	3324684	4122	26351	77661	1196	3215354	134713588143184	134713390837616	6804
XCHTIME	0	0	0	0	0	0	0	0	0	0	0	0
XCHTIME	2508	4	10	2402752	3069	23479	74876	869	2300459	134713588143184	134713390837616	6804
XCHTIME	0	0	0	0	0	0	0	0	0	0	0	0
XCHTIME	2508	4	18	11258882	2701	17619	89077	1586	11147899	134713588143184	134713390837616	6804
XCHTIME	0	0	0	0	0	0	0	0	0	0	0	0
XCHTIME	2508	4	11	1926314	3476	23796	72299	1059	1825684	134713588143184	134713390837616	6804
XCHTIME	0	0	0	0	0	0	0	0	0	0	0	0
XCHTIME	2508	4	14	4824999	2333	17620	79072	1187	4724787	134713588143184	134713390837616	6804
XCHTIME	0	0	0	0	0	0	0	0	0	0	0	0
XCHTIME	2508	4	13	7312131	3227	20929	85378	1073	7201524	134713588143184	134713390837616	6804
XCHTIME	0	0	0	0	0	0	0	0	0	0	0	0
XCHTIME	2508	2	5	13119476	3861	22598	84299	696	13008022	134713588143184	134713390837616	6804
XCHTIME	0	0	0	0	0	0	0	0	0	0	0	0
XCHTIME	2508	4	6	1583363	5041	64207	79659	582	1433874	134713588143184	134713390837616	6804
LIFT	syn30m03m	2508	1278	4542	1278
COUNTS	syn30m03m	2508	6804	26806	26552
COUNTS	st_qpc-m3a	30	304	2330	1574
XCHTIME	0	0	0	0	0	0	0	0	0	0	0	0
XCHTIME	2644	2	4	2476197	92493	20947	46274	834	2315649	134713372373344	134713348384976	11426
XCHTIME	0	0	0	0	0	0	0	0	0	0	0	0
XCHTIME	2644	1	0	5026993	3735	31649	22150	0	4969459	134713372373344	134713348384976	11426
XCHTIME	0	0	0	0	0	0	0	0	0	0	0	0
XCHTIME	2644	1	0	3574983	4082	33123	25529	0	3512249	134713372373344	134713348384976	11426
XCHTIME	0	0	0	0	0	0	0	0	0	0	0	0
XCHTIME	2644	1	0	11660757	3843	29634	22150	0	11605130	134713372373344	134713348384976	11426
LADGATE	2644	10000	1.154	1
XCHTIME	0	0	0	0	0	0	0	0	0	0	0	0
XCHTIME	2644	5	26	65371907	5638	56795	177247	3671	65128556	134713372373344	134713348384976	11426
XCHTIME	0	0	0	0	0	0	0	0	0	0	0	0
XCHTIME	2644	1	0	6347925	5671	54018	27396	0	6260840	134713372373344	134713348384976	11426
XCHTIME	0	0	0	0	0	0	0	0	0	0	0	0
XCHTIME	2644	3	12	6293385	6231	68593	89025	1791	6127745	134713372373344	134713348384976	11426
XCHTIME	0	0	0	0	0	0	0	0	0	0	0	0
XCHTIME	2644	4	10	8011819	4919	31013	98340	1144	7876403	134713372373344	134713348384976	11426
XCHTIME	0	0	0	0	0	0	0	0	0	0	0	0
XCHTIME	2644	1	0	11718652	6081	48108	24892	0	11639571	134713372373344	134713348384976	11426
XCHTIME	0	0	0	0	0	0	0	0	0	0	0	0
XCHTIME	2644	4	11	6153747	6320	52697	138550	1660	5954520	134713372373344	134713348384976	11426
XCHTIME	0	0	0	0	0	0	0	0	0	0	0	0
XCHTIME	2644	3	12	12558783	5989	40202	108194	1700	12402698	134713372373344	134713348384976	11426
XCHTIME	0	0	0	0	0	0	0	0	0	0	0	0
XCHTIME	2644	2	4	12101997	5142	35803	68157	826	11992069	134713372373344	134713348384976	11426
XCHTIME	0	0	0	0	0	0	0	0	0	0	0	0
XCHTIME	2644	1	0	12289399	5296	51288	27239	0	12205576	134713372373344	134713348384976	11426
XCHTIME	0	0	0	0	0	0	0	0	0	0	0	0
XCHTIME	2644	4	6	4827912	5709	67038	111924	866	4642375	134713372373344	134713348384976	11426
LIFT	crudeoil_pooling_ct3	2644	1586	9346	1586
COUNTS	crudeoil_pooling_ct3	2644	11426	1381490	865101
XCHTIME	0	0	0	0	0	0	0	0	0	0	0	0
XCHTIME	634	2	4	938535	21080	3074	3450	282	910649	134713571952640	134713345718400	3246
XCHTIME	0	0	0	0	0	0	0	0	0	0	0	0
XCHTIME	634	2	6	7875950	846	1998	3672	443	7868991	134713571952640	134713345718400	3246
XCHTIME	0	0	0	0	0	0	0	0	0	0	0	0
XCHTIME	634	2	5	2763346	1074	2911	2851	316	2756194	134713571952640	134713345718400	3246
XCHTIME	0	0	0	0	0	0	0	0	0	0	0	0
XCHTIME	634	4	18	15324537	826	1845	6530	1259	15314077	134713571952640	134713345718400	3246
LADGATE	634	10000	0.384	1
XCHTIME	0	0	0	0	0	0	0	0	0	0	0	0
XCHTIME	634	5	26	19141415	1934	3183	9023	1802	19125473	134713571952640	134713345718400	3246
XCHTIME	0	0	0	0	0	0	0	0	0	0	0	0
XCHTIME	634	3	57	7937011	1303	2507	5856	3659	7923686	134713571952640	134713345718400	3246
XCHTIME	0	0	0	0	0	0	0	0	0	0	0	0
XCHTIME	634	4	15	3049229	2001	3099	5575	954	3037600	134713571952640	134713345718400	3246
XCHTIME	0	0	0	0	0	0	0	0	0	0	0	0
XCHTIME	634	4	10	1721036	1036	1965	5691	580	1711764	134713571952640	134713345718400	3246
XCHTIME	0	0	0	0	0	0	0	0	0	0	0	0
XCHTIME	634	4	18	15286391	925	2162	6638	1268	15275398	134713571952640	134713345718400	3246
XCHTIME	0	0	0	0	0	0	0	0	0	0	0	0
XCHTIME	634	4	11	997628	1099	2619	5500	617	987793	134713571952640	134713345718400	3246
XCHTIME	0	0	0	0	0	0	0	0	0	0	0	0
XCHTIME	634	4	14	5196936	609	1826	5316	860	5188325	134713571952640	134713345718400	3246
XCHTIME	0	0	0	0	0	0	0	0	0	0	0	0
XCHTIME	634	4	13	8972893	761	2172	5682	874	8963404	134713571952640	134713345718400	3246
XCHTIME	0	0	0	0	0	0	0	0	0	0	0	0
XCHTIME	634	2	5	16579432	946	2064	5012	366	16571044	134713571952640	134713345718400	3246
XCHTIME	0	0	0	0	0	0	0	0	0	0	0	0
XCHTIME	634	4	6	616822	2202	4994	5730	347	603549	134713571952640	134713345718400	3246
LIFT	space25a	634	417	2530	417
COUNTS	space25a	634	3246	29078	27875
COUNTS	autocorr_bern20-15	23	394	2784	2784
XCHTIME	0	0	0	0	0	0	0	0	0	0	0	0
XCHTIME	35	2	4	45789	4737	375	156	132	40389	134713567950528	134713570110992	134
XCHTIME	0	0	0	0	0	0	0	0	0	0	0	0
XCHTIME	35	2	6	465458	200	432	147	128	464551	134713567950528	134713570110992	134
XCHTIME	0	0	0	0	0	0	0	0	0	0	0	0
XCHTIME	35	2	5	167414	174	480	137	112	166511	134713567950528	134713570110992	134
XCHTIME	0	0	0	0	0	0	0	0	0	0	0	0
XCHTIME	35	4	18	556302	137	433	264	378	555090	134713567950528	134713570110992	134
LADGATE	35	10000	0.174	1
XCHTIME	0	0	0	0	0	0	0	0	0	0	0	0
XCHTIME	35	5	26	844001	245	863	599	545	841749	134713567950528	134713570110992	134
XCHTIME	0	0	0	0	0	0	0	0	0	0	0	0
XCHTIME	35	4	63	6814	347	590	339	1740	3798	134713567950528	134713570110992	134
XCHTIME	0	0	0	0	0	0	0	0	0	0	0	0
XCHTIME	35	4	15	133068	101	372	218	315	132062	134713567950528	134713570110992	134
XCHTIME	0	0	0	0	0	0	0	0	0	0	0	0
XCHTIME	35	4	10	89133	104	451	223	197	88158	134713567950528	134713570110992	134
XCHTIME	0	0	0	0	0	0	0	0	0	0	0	0
XCHTIME	35	4	18	541791	93	386	245	470	540597	134713567950528	134713570110992	134
XCHTIME	0	0	0	0	0	0	0	0	0	0	0	0
XCHTIME	35	4	11	48136	192	508	225	225	46986	134713567950528	134713570110992	134
XCHTIME	0	0	0	0	0	0	0	0	0	0	0	0
XCHTIME	35	4	14	247586	107	342	319	279	246539	134713567950528	134713570110992	134
XCHTIME	0	0	0	0	0	0	0	0	0	0	0	0
XCHTIME	35	4	13	508581	97	455	255	265	507509	134713567950528	134713570110992	134
XCHTIME	0	0	0	0	0	0	0	0	0	0	0	0
XCHTIME	35	4	16	1535248	131	478	355	353	1533931	134713567950528	134713570110992	134
XCHTIME	0	0	0	0	0	0	0	0	0	0	0	0
XCHTIME	35	4	6	30202	185	445	226	122	29224	134713567950528	134713570110992	134
LIFT	ex7_2_1	35	21	106	21
COUNTS	ex7_2_1	35	134	352	341
XCHTIME	0	0	0	0	0	0	0	0	0	0	0	0
XCHTIME	2092	2	4	1361851	55753	11521	24413	337	1269827	134713195234224	134713390420880	6236
XCHTIME	0	0	0	0	0	0	0	0	0	0	0	0
XCHTIME	2092	2	6	7991394	2585	15217	42412	499	7930681	134713195234224	134713390420880	6236
XCHTIME	0	0	0	0	0	0	0	0	0	0	0	0
XCHTIME	2092	2	5	4552983	3271	13004	24336	351	4512021	134713195234224	134713390420880	6236
XCHTIME	0	0	0	0	0	0	0	0	0	0	0	0
XCHTIME	2092	3	15	15807422	1963	13745	76754	1453	15713507	134713195234224	134713390420880	6236
LADGATE	2092	10000	0.755	1
XCHTIME	0	0	0	0	0	0	0	0	0	0	0	0
XCHTIME	2092	5	26	37434964	3309	24001	142790	2032	37262832	134713195234224	134713390420880	6236
XCHTIME	0	0	0	0	0	0	0	0	0	0	0	0
XCHTIME	2092	4	66	1609176	3703	36355	63076	3251	1502791	134713195234224	134713390420880	6236
XCHTIME	0	0	0	0	0	0	0	0	0	0	0	0
XCHTIME	2092	4	15	4219099	2933	17649	57415	1012	4140090	134713195234224	134713390420880	6236
XCHTIME	0	0	0	0	0	0	0	0	0	0	0	0
XCHTIME	2092	4	10	2486500	2936	14680	43741	637	2424506	134713195234224	134713390420880	6236
XCHTIME	0	0	0	0	0	0	0	0	0	0	0	0
XCHTIME	2092	3	15	15605361	1820	11833	76538	1311	15513859	134713195234224	134713390420880	6236
XCHTIME	0	0	0	0	0	0	0	0	0	0	0	0
XCHTIME	2092	4	11	1751293	3324	15403	45600	764	1686202	134713195234224	134713390420880	6236
XCHTIME	0	0	0	0	0	0	0	0	0	0	0	0
XCHTIME	2092	4	14	9104249	2398	10738	55458	1069	9034586	134713195234224	134713390420880	6236
XCHTIME	0	0	0	0	0	0	0	0	0	0	0	0
XCHTIME	2092	4	13	15605655	2696	16213	94192	997	15491557	134713195234224	134713390420880	6236
XCHTIME	0	0	0	0	0	0	0	0	0	0	0	0
XCHTIME	2092	1	0	14838826	3226	22283	12792	0	14800525	134713195234224	134713390420880	6236
XCHTIME	0	0	0	0	0	0	0	0	0	0	0	0
XCHTIME	2092	4	6	1424411	4038	45967	57213	442	1316751	134713195234224	134713390420880	6236
LIFT	hydroenergy2	2092	1090	4556	1090
COUNTS	hydroenergy2	2092	6236	69051	56014
XCHTIME	0	0	0	0	0	0	0	0	0	0	0	0
XCHTIME	514	2	4	501877	14020	2492	2282	139	482944	134713593357856	134713390903168	5340
XCHTIME	0	0	0	0	0	0	0	0	0	0	0	0
XCHTIME	514	2	6	4399839	829	1506	2561	197	4394746	134713593357856	134713390903168	5340
XCHTIME	0	0	0	0	0	0	0	0	0	0	0	0
XCHTIME	514	2	5	1442244	1305	1794	2014	150	1436981	134713593357856	134713390903168	5340
XCHTIME	0	0	0	0	0	0	0	0	0	0	0	0
XCHTIME	514	4	18	9050112	793	1504	4826	624	9042365	134713593357856	134713390903168	5340
LADGATE	514	10000	0.383	1
XCHTIME	0	0	0	0	0	0	0	0	0	0	0	0
XCHTIME	514	5	26	10928940	1794	1949	5181	782	10919234	134713593357856	134713390903168	5340
XCHTIME	0	0	0	0	0	0	0	0	0	0	0	0
XCHTIME	514	4	66	950445	1462	1536	4191	1757	941499	134713593357856	134713390903168	5340
XCHTIME	0	0	0	0	0	0	0	0	0	0	0	0
XCHTIME	514	4	15	1605635	1302	1447	4209	420	1598257	134713593357856	134713390903168	5340
XCHTIME	0	0	0	0	0	0	0	0	0	0	0	0
XCHTIME	514	4	10	892085	798	1604	4370	327	884986	134713593357856	134713390903168	5340
XCHTIME	0	0	0	0	0	0	0	0	0	0	0	0
XCHTIME	514	4	18	8858767	695	1469	4157	567	8851879	134713593357856	134713390903168	5340
XCHTIME	0	0	0	0	0	0	0	0	0	0	0	0
XCHTIME	514	4	11	561649	1412	1730	4192	343	553972	134713593357856	134713390903168	5340
XCHTIME	0	0	0	0	0	0	0	0	0	0	0	0
XCHTIME	514	4	14	2726594	1030	1533	3996	435	2719600	134713593357856	134713390903168	5340
XCHTIME	0	0	0	0	0	0	0	0	0	0	0	0
XCHTIME	514	4	13	4771239	976	1608	4240	432	4763983	134713593357856	134713390903168	5340
XCHTIME	0	0	0	0	0	0	0	0	0	0	0	0
XCHTIME	514	3	15	20452756	918	1605	6710	499	20443024	134713593357856	134713390903168	5340
XCHTIME	0	0	0	0	0	0	0	0	0	0	0	0
XCHTIME	514	4	6	490362	2681	3864	4257	206	479354	134713593357856	134713390903168	5340
LIFT	pooling_digabel19	514	296	5918	296
COUNTS	pooling_digabel19	514	5340	325989	274903
XCHTIME	0	0	0	0	0	0	0	0	0	0	0	0
XCHTIME	132	2	4	127469	7096	602	538	140	119093	134713586612256	134713375745968	420
XCHTIME	0	0	0	0	0	0	0	0	0	0	0	0
XCHTIME	132	2	6	1188291	283	967	377	218	1186446	134713586612256	134713375745968	420
XCHTIME	0	0	0	0	0	0	0	0	0	0	0	0
XCHTIME	132	2	5	222171	225	781	344	146	220675	134713586612256	134713375745968	420
XCHTIME	0	0	0	0	0	0	0	0	0	0	0	0
XCHTIME	132	4	18	1301172	194	645	833	597	1298903	134713586612256	134713375745968	420
LADGATE	132	10000	0.221	1
XCHTIME	0	0	0	0	0	0	0	0	0	0	0	0
XCHTIME	132	5	26	1728519	326	1704	1083	924	1724482	134713586612256	134713375745968	420
XCHTIME	0	0	0	0	0	0	0	0	0	0	0	0
XCHTIME	132	4	66	1105510	189	582	792	2356	1101591	134713586612256	134713375745968	420
XCHTIME	0	0	0	0	0	0	0	0	0	0	0	0
XCHTIME	132	4	15	342230	180	765	669	434	340182	134713586612256	134713375745968	420
XCHTIME	0	0	0	0	0	0	0	0	0	0	0	0
XCHTIME	132	4	10	203525	184	749	644	236	201712	134713586612256	134713375745968	420
XCHTIME	0	0	0	0	0	0	0	0	0	0	0	0
XCHTIME	132	4	18	1313620	163	657	699	589	1311512	134713586612256	134713375745968	420
XCHTIME	0	0	0	0	0	0	0	0	0	0	0	0
XCHTIME	132	4	11	136616	187	703	770	377	134579	134713586612256	134713375745968	420
XCHTIME	0	0	0	0	0	0	0	0	0	0	0	0
XCHTIME	132	4	14	564927	199	662	666	449	562951	134713586612256	134713375745968	420
XCHTIME	0	0	0	0	0	0	0	0	0	0	0	0
XCHTIME	132	4	13	802315	170	670	694	423	800358	134713586612256	134713375745968	420
XCHTIME	0	0	0	0	0	0	0	0	0	0	0	0
XCHTIME	132	4	16	5701624	185	651	1132	583	5699073	134713586612256	134713375745968	420
XCHTIME	0	0	0	0	0	0	0	0	0	0	0	0
XCHTIME	132	4	6	96026	554	1543	769	200	92960	134713586612256	134713375745968	420
LIFT	clay0203m	132	63	282	63
COUNTS	clay0203m	132	420	1348	1348
XCHTIME	0	0	0	0	0	0	0	0	0	0	0	0
XCHTIME	13680	1	0	6153092	3557608	1254890	1197460	0	143134	134713352221664	134713380782464	36000
XCHTIME	0	0	0	0	0	0	0	0	0	0	0	0
XCHTIME	13680	1	0	4478137	15971	1201008	1177312	0	2083846	134713352221664	134713380782464	36000
XCHTIME	0	0	0	0	0	0	0	0	0	0	0	0
XCHTIME	13680	1	0	3565774	19856	1206839	1200230	0	1138849	134713352221664	134713380782464	36000
XCHTIME	0	0	0	0	0	0	0	0	0	0	0	0
XCHTIME	13680	1	0	8231306	20149	1220929	1159650	0	5830578	134713352221664	134713380782464	36000
LADGATE	13680	10000	0.405	0
XCHTIME	0	0	0	0	0	0	0	0	0	0	0	0
XCHTIME	13680	5	26	51958514	19872	1197775	5945335	15346	44780186	134713352221664	134713380782464	36000
XCHTIME	0	0	0	0	0	0	0	0	0	0	0	0
XCHTIME	13680	1	0	4401500	22349	1209960	1192126	0	1977065	134713352221664	134713380782464	36000
XCHTIME	0	0	0	0	0	0	0	0	0	0	0	0
XCHTIME	13680	1	0	4322024	20240	1184309	1142001	0	1975474	134713352221664	134713380782464	36000
XCHTIME	0	0	0	0	0	0	0	0	0	0	0	0
XCHTIME	13680	1	0	8267044	20279	1161547	1133584	0	5951634	134713352221664	134713380782464	36000
XCHTIME	0	0	0	0	0	0	0	0	0	0	0	0
XCHTIME	13680	1	0	8025383	20687	1177111	1136706	0	5690879	134713352221664	134713380782464	36000
XCHTIME	0	0	0	0	0	0	0	0	0	0	0	0
XCHTIME	13680	1	0	8442984	21021	1185557	1153094	0	6083312	134713352221664	134713380782464	36000
XCHTIME	0	0	0	0	0	0	0	0	0	0	0	0
XCHTIME	13680	1	0	8287110	19968	1185215	1154290	0	5927637	134713352221664	134713380782464	36000
XCHTIME	0	0	0	0	0	0	0	0	0	0	0	0
XCHTIME	13680	1	0	8291012	20627	1186911	1143954	0	5939520	134713352221664	134713380782464	36000
XCHTIME	0	0	0	0	0	0	0	0	0	0	0	0
XCHTIME	13680	1	0	8211714	20821	1162060	1138741	0	5890092	134713352221664	134713380782464	36000
XCHTIME	0	0	0	0	0	0	0	0	0	0	0	0
XCHTIME	13680	1	0	8089614	21324	1188360	1151547	0	5728383	134713352221664	134713380782464	36000
LIFT	squfl030-150	13680	4680	18000	4680
COUNTS	squfl030-150	13680	36000	252605	252605

--- every order() call, slowest first (TSV) ---
secs	matrix	n	nnz	ratio
1.4481	crudeoil_lee4_10	17809	120632	0.6080
1.4192	chimera_selby-c16-02	2031	10878	0.5368
1.3937	chimera_selby-c16-01	2031	10964	0.6669
1.3477	arki0016	7993	37208	0.9510
1.3442	crudeoil_lee4_09	15904	101792	0.6135
1.3386	crudeoil_pooling_ct3	2644	11426	0.6262
1.3312	gams05	17364	252910	0.5262
1.2199	ringpack_30_2	17999	121458	0.2311
1.1616	crudeoil_lee4_06	10429	55492	0.4957
1.1164	transswitch0300p	11659	48446	0.9267
1.1139	chp_shorttermplan2d	16364	52108	0.5025
1.0862	popdynm200	22407	105584	0.9364
1.0576	crudeoil_lee2_06	6418	34646	0.6841
1.0487	chp_partload	5211	16740	0.7328
1.0457	mpbp_35	11120	40790	0.3212
1.0386	pinene200	19995	97990	0.8339
1.0170	rsyn0805m03m	2868	8270	0.8992
1.0063	powerflow0300p	11251	41918	0.9518
1.0047	nuclear10a	17493	163816	0.6706
1.0019	procurement1large	14416	41068	0.5277
0.9859	gasprod_sarawak81	22536	75636	0.9118
0.9846	crudeoil_lee1_07	3670	19322	0.7388
0.9670	sfacloc2_3_80	4799	20600	0.9580
0.9613	crudeoil_pooling_dt2	18742	75910	0.6610
0.9596	rsyn0840m04m	8508	24272	0.8081
0.9488	powerflow0118p	5065	18730	0.9656
0.9385	mpbp_07	9532	30810	0.9120
0.9325	mpbp_15	9858	31692	0.7778
0.9217	gasprod_sarawak16	4596	15316	0.9168
0.9068	mpbp_47	5310	17098	0.8927
0.9048	squfl015-060	2775	7200	1.0000
0.9030	gabriel09	21688	89702	0.8704
0.8977	sfacloc2_4_80	5067	21424	0.9552
0.8784	hydroenergy2	2092	6236	0.8112
0.8663	nuclear104	39098	257806	0.7593
0.8559	rsyn0815m04m	5456	15756	0.7779
0.8467	popdynm25	2807	13904	0.7963
0.8397	rsyn0810m02hfsg	2670	6964	0.9406
0.8336	chimera_rfr-02	2032	15140	0.6441
0.8268	waste	4825	21504	0.8654
0.8229	nd_netgen-2000-3-4-b-a-ns_7	22074	60000	0.9424
0.8191	arki0013	44909	160172	0.4021
0.8168	crudeoil_li05	4225	14628	0.7845
0.8111	mpbp_21	11716	37660	0.8615
0.8092	batchs201210m	5188	17910	0.8685
0.8036	multiplants_stg1b	814	3992	0.6079
0.7938	chimera_k64ising-02	1225	3846	0.6051
0.7917	chp_shorttermplan1a	4952	15700	0.7957
0.7875	rsyn0820m04m	6028	17372	0.7758
0.7853	methanol400	23999	151728	0.6931
0.7792	rsyn0830m04m	7252	20752	0.8085
0.7772	multiplants_stg1c	800	3894	0.9532
0.7734	mpbp_34	11556	40860	0.2880
0.7726	rsyn0810m04m	4772	13836	0.7672
0.7719	mpbp_48	28368	91016	0.4772
0.7598	emfl100_5_5	21925	52300	1.0000
0.7580	edgecross24-115	16747	77352	0.8054
0.7498	nuclear25a	1942	16030	0.5747
0.7490	squfl010-080	2490	6400	1.0000
0.7469	faclay30	16678	82242	0.9552
0.7467	multiplants_stg1	736	3594	0.7853
0.7450	multiplants_mtg1b	645	4404	0.6627
0.7419	syn40m04m	4960	13792	0.9588
0.7392	chimera_mgw-c16-2031-01	2032	15900	0.7721
0.7390	multiplants_stg5	827	3804	0.4122
0.7374	ndcc13	969	5882	0.6183
0.7351	multiplants_stg1a	726	3510	0.8549
0.7319	crudeoil_pooling_dt3	30660	152210	0.7100
0.7313	rsyn0820m02m	2486	6932	0.9328
0.7234	ndcc12	974	5982	0.9533
0.7221	methanol200	11999	76128	0.7018
0.7190	p_ball_30b_7p_2d_h	2207	7516	0.9968
0.7186	sonet24v5	874	7260	0.5940
0.7131	sporttournament48	1131	6676	0.6439
0.7122	batchs121208m	3404	11462	0.9332
0.7117	catmix400	2001	11192	0.9998
0.7109	squfl025-030	2305	6000	1.0000
0.7102	kall_circlespolygons_c1p5b	1681	7432	0.9608
0.7011	rsyn0840m02m	3486	9576	0.9464
0.6979	chp_shorttermplan2a	8992	26288	0.7007
0.6949	crudeoil_pooling_ct1	1271	4642	0.7501
0.6889	pooling_foulds5tp	1218	8364	0.6828
0.6807	sonet23v4	803	6462	0.6753
0.6805	supplychainr1_053050	16640	57800	1.0000
0.6766	gabriel10	244056	1148210	0.9285
0.6704	pooling_sppa9tp	5040	121302	0.1613
0.6601	netmod_kar1	1746	4928	0.7717
0.6550	squfl010-040persp	2450	7200	1.0000
0.6549	rocket50	555	3488	0.9641
0.6528	rsyn0815m02hfsg	3054	7968	0.9278
0.6521	pooling_sppa0pq	1649	24192	0.3171
0.6502	squfl020-150	9170	24000	1.0000
0.6496	chimera_lga-01	1120	6400	0.7441
0.6384	pooling_sppc3pq	23173	893724	0.2822
0.6353	qapw	705	87496	1.0000
0.6314	mpbp_46	4518	14492	0.8960
0.6265	syn30m03m	2508	6804	0.9905
0.6233	syn40m04hfsg	6328	16896	0.9649
0.6195	acopf_case9241pegase_qcqp	313068	1292408	0.9737
0.6178	risk2bpb	1462	5396	0.5574
0.6167	ringpack_20_2	6089	40368	0.3779
0.6152	slay09h	2718	7488	0.8982
0.6117	pooling_foulds4pq	1294	8302	0.9989
0.6103	oil	3270	8430	0.9572
0.6060	torsion50	2508	29808	0.6617
0.6040	chimera_mgw-c8-439-onc8-001	440	3040	0.7522
0.6030	kan_r3_h1_n4	3183	14062	0.9405
0.5893	pooling_foulds5pq	1218	8300	1.0000
0.5867	ndcc12persp	1112	5522	0.9521
0.5827	ringpack_20_3	6709	45220	0.3584
0.5806	faclay75	272878	1379706	0.9405
0.5782	syn30m02m	1492	3936	0.9784
0.5738	kall_circlesrectangles_c6r39	1306	5378	0.9850
0.5676	chimera_mgw-c8-439-onc8-002	440	3038	0.8820
0.5664	arki0002	4432	11248	0.9764
0.5597	rsyn0830hfsg	1590	4100	0.9514
0.5518	rsyn0815m	821	2242	0.9377
0.5471	sonet21v6	8232	40744	0.9650
0.5456	clay0305hfsg	1000	2910	0.9168
0.5455	space25a	634	3246	0.9586
0.5417	gancns	548	2800	0.8421
0.5395	pooling_sppb5pq	18529	674470	0.4077
0.5383	transswitch2383wpr	59853	277562	0.9785
0.5374	supplychainr1_022020	4620	15680	0.9999
0.5292	maxcsp-langford-3-11	660	29646	0.3098
0.5282	squfl030-150	13680	36000	1.0000
0.5163	faclay35	26778	132380	0.9522
0.5126	forest	713	2658	0.9933
0.5087	powerflow0030p	1121	4194	0.9478
0.5082	pooling_digabel19	514	5340	0.8433
0.5039	waternd2	615	2580	0.4806
0.5019	syn15m04m	1908	5288	0.9604
0.4911	sfacloc2_4_90	1491	4500	0.9104
0.4883	edgecross10-030	1053	4654	0.7367
0.4879	wastewater13m1	481	3252	0.9989
0.4871	p_ball_30b_5p_2d_h	1543	5224	0.9961
0.4839	catmix200	1001	5592	0.9995
0.4757	nd_netgen-3000-1-1-b-b-ns_7	33155	90000	0.9599
0.4738	blend718	1386	4310	0.8737
0.4737	blend146	1422	4460	0.8232
0.4641	tls6	413	2860	0.9474
0.4553	blend721	1428	4548	0.8528
0.4548	edgecross10-040	1053	5116	0.8867
0.4529	chain400	1201	4796	1.0000
0.4519	transswitch2736spr	69651	331010	0.9179
0.4469	p_ball_10b_7p_3d_h	1236	4186	0.9739
0.4466	glider400	10017	49624	0.8777
0.4452	sssd18-08persp	338	1168	1.0000
0.4421	chain200	601	2396	1.0000
0.4346	edgecross14-156	3097	19664	0.9254
0.4291	sonetgr17	440	2958	0.8190
0.4232	rsyn0840m	1159	3168	0.9404
0.4157	waterund14	333	2204	0.3600
0.4139	squfl015-080persp	7295	21600	1.0000
0.4097	edgecross10-080	1053	5940	0.9638
0.4088	unitcommit_200_100_1_mod_8	146830	476332	0.9764
0.4069	sporttournament18	156	886	0.7746
0.4066	pooling_sppa9pq	5030	120730	0.6312
0.4059	slay05h	760	2080	0.8961
0.4038	edgecross10-090	1053	5204	0.8181
0.4028	pooling_sppc1pq	14100	477680	0.1683
0.4006	fo9_ar25_1	1049	4336	0.9177
0.3994	syn40hfsg	1022	2624	0.9671
0.3984	knp5-43	2065	31132	1.0000
0.3971	space25	1178	4334	0.9559
0.3946	o9_ar4_1	1049	4336	0.9177
0.3918	knp5-44	2157	32604	1.0000
0.3906	primary	378	5610	0.8688
0.3905	korcns	156	712	0.9113
0.3833	syn40m	560	1528	0.9644
0.3829	emfl100_3_3	6885	15948	1.0000
0.3790	slay08m	660	2016	1.0000
0.3754	syn10m04m	1224	3384	0.9972
0.3702	ex1265a	123	560	0.9498
0.3691	graphpart_clique-30	120	2790	0.7961
0.3690	powerflow0014r	403	1630	0.9628
0.3680	waterund11	160	828	0.7224
0.3639	emfl050_5_5	13175	32300	1.0000
0.3639	hydroenergy1	1046	3024	1.0000
0.3638	wastepaper4	115	724	0.7397
0.3634	wastepaper6	191	1416	1.0000
0.3628	clay0204hfsg	590	1696	0.9116
0.3611	ex8_3_9	123	834	0.7643
0.3569	syn10m03hfsg	1071	2772	0.9921
0.3512	waterund01	96	404	0.7297
0.3510	kissing2	20772	401024	1.0000
0.3487	squfl025-025persp	3800	11250	1.0000
0.3483	p_ball_10b_5p_4d_m	403	1484	0.9784
0.3480	sssd20-08persp	356	1232	1.0000
0.3428	p_ball_10b_5p_2d_m	293	964	0.9848
0.3381	st_e31	301	744	0.9389
0.3378	wastewater05m1	98	536	0.6845
0.3368	lop97icx	1073	2118	0.8078
0.3338	graphpart_clique-20	80	1260	0.7985
0.3335	demo7	155	618	0.9573
0.3296	graphpart_3g-0244-0244	128	672	0.9727
0.3275	genpooling_lee2	221	1048	0.7051
0.3250	qspp_0_14_0_1_10_1	560	120274	0.9950
0.3247	slay07m	497	1512	1.0000
0.3244	st_rv9	90	840	0.9447
0.3228	pooling_rt2tp	118	654	0.9864
0.3226	clay0304m	258	840	1.0000
0.3202	pooling_adhya4pq	170	932	0.6809
0.3167	graphpart_clique-70	280	14910	0.8103
0.3156	waterund08	230	1290	0.8534
0.3050	sssd25-08	401	1200	1.0000
0.3050	clay0203m	132	420	1.0000
0.3028	orth_d4m6_pl	172	1096	0.9785
0.2991	clay0204m	222	704	1.0000
0.2976	slay06m	357	1080	1.0000
0.2973	graphpart_3g-0333-0333	108	648	0.8064
0.2940	cont6-qq	120395	557994	0.6962
0.2927	slay05m	240	720	1.0000
0.2923	pooling_adhya4tp	170	936	0.7667
0.2900	prolog	64	292	0.9839
0.2893	st_test8	64	232	0.8382
0.2882	tspn08	72	668	0.6863
0.2874	syn15hfsg	399	1022	0.9915
0.2872	st_m2	72	1226	1.0000
0.2846	ex1263a	94	390	1.0000
0.2800	elf	124	376	0.7951
0.2776	qspp_0_13_0_1_10_1	481	88522	0.9948
0.2743	csched1	110	376	1.0000
0.2707	sporttournament08	31	156	1.0000
0.2672	wastewater02m1	36	138	0.9316
0.2643	meanvar-orl400_05_e_8	4405	171604	1.0000
0.2634	meanvar-orl400_05_e_7	5205	174804	0.9998
0.2585	st_rv2	40	340	1.0000
0.2530	ex7_2_1	35	134	0.9688
0.2528	ex8_4_1	32	100	1.0000
0.2524	maxcsp-ehi-85-297-71	2372	207996	0.8040
0.2504	maxmin	181	1440	1.0000
0.2461	slay04m	146	432	1.0000
0.2446	pooling_haverly1tp	31	96	0.9527
0.2438	st_bpaf1a	30	120	0.9310
0.2433	qspp_0_10_0_1_10_1	280	29636	0.9946
0.2405	qspp_0_11_0_1_10_1	341	44264	0.9911
0.2393	pooling_haverly1pq	31	96	0.9782
0.2375	st_jcbpaf2	36	246	0.9437
0.2369	hybriddynamic_fixed	168	388	1.0000
0.2341	st_e07	19	60	1.0000
0.2315	kall_diffcircles_6	76	302	1.0000
0.2307	st_m1	42	432	1.0000
0.2296	nvs05	22	84	0.9603
0.2254	pointpack04	29	120	1.0000
0.2253	pointpack06	55	276	1.0000
0.2252	qap	255	43748	0.9599
0.2212	prob02	22	76	0.8689
0.2206	ex5_2_4	18	62	0.9461
0.2190	sssd15-04	163	440	1.0000
0.2138	watercontamination0303r	1310	37028	1.0000
0.2104	sep1	69	206	0.9544
0.2011	st_ph1	16	58	0.8504
0.1985	ex1223	33	82	1.0000
0.1929	ex9_1_2	19	54	0.9521
0.1903	st_qpk3	55	548	0.6881
0.1875	tln2	32	88	1.0000
0.1856	ex1223b	25	66	1.0000
0.1837	ex2_1_3	31	72	1.0000
0.1828	ex6_1_4	10	48	0.7766
0.1789	ex8_1_7	14	46	0.9343
0.1788	himmel11	14	60	1.0000
0.1784	ex1225	26	66	0.9415
0.1784	ex9_2_6	28	68	1.0000
0.1750	st_bsj2	13	40	0.7972
0.1708	nvs02	11	46	1.0000
0.1608	st_glmp_ss2	18	48	1.0000
0.1597	ex3_1_3	18	36	0.9222
0.1596	st_glmp_ss1	24	66	1.0000
0.1576	oaer	20	40	1.0000
0.1541	st_bpk1	16	44	0.9391
0.1520	st_ph13	23	68	0.8599
0.1373	ex9_2_4	15	36	1.0000
0.1323	st_pan1	11	32	0.7642
0.1272	ex14_1_8	11	30	1.0000
0.1216	st_ht	8	18	0.8627
0.1160	st_e22	12	30	0.9091
0.0002	polygon75	5846	49652	1.0000
0.0001	pedigree_sim400	351	23546	0.9997
0.0000	camshape400	2000	7188	1.0000
0.0000	autocorr_bern40-30	43	1534	1.0000
0.0000	smallinvDAXr1b010-011	39	1120	0.9859
0.0000	autocorr_bern35-35fix	38	1264	1.0000
0.0000	autocorr_bern30-23	33	878	1.0000
0.0000	autocorr_bern25-19	28	612	1.0000
0.0000	cvxnonsep_psig30	30	870	1.0000
0.0000	autocorr_bern20-15	23	394	1.0000
0.0000	st_qpc-m3a	30	304	0.6755
0.0000	cvxnonsep_psig20	20	380	1.0000
0.0000	nvs23	27	252	0.6356
0.0000	nvs19	24	200	0.6534
0.0000	st_iqpbk1	22	98	1.0000
0.0000	st_e25	20	92	0.7798
0.0000	cvxnonsep_normcon20r	82	162	1.0000
0.0000	cvxnonsep_normcon40r	162	322	1.0000
0.0000	cvxnonsep_psig30r	126	250	1.0000
0.0000	st_e24	10	26	0.8906
0.0000	st_e41	8	32	1.0000
0.0000	cvxnonsep_psig20r	86	170	1.0000
0.0000	st_miqp2	10	18	1.0000
matrices under 0.010s: 23/300
matrices under 0.050s: 23/300
matrices under 0.100s: 23/300
matrices under 0.200s: 47/300
matrices under 0.400s: 138/300

--- per-bucket ---
lt_1k    count=147   geomean=0.8873
1k_10k   count=108   geomean=0.8373
gt_10k   count=45    geomean=0.6823
SCORE = 0.790308
WORST order() = 1.448 s
FORCEAUDIT	stage1b_sites=39	force_fires=0	unsound=0	core_total_mismatch=0	max_drift_ppm=0	worst_incumbent=0	worst_adopted=0	tie_window_opened=16	tie_pass_run=2
ok

test result: ok. 1 passed; 0 failed; 0 ignored; 0 measured; 180 filtered out; finished in 149.13s

