probe binary: /home/frosty/angelX/.tmp/live-performance-20260911/matrices-deepseek/target/probe/release/deps/ssi_candidate_worker-9bc17c144118ca64

running 1 test
test ordering::probe::probe_timing_and_score ... XCHTIME	0	0	0	0	0	0	0	0
XCHTIME	357	2	4	145036	8294	1337	218	135187
XCHTIME	0	0	0	0	0	0	0	0
XCHTIME	357	2	6	501525	4109	1348	257	495811
XCHTIME	0	0	0	0	0	0	0	0
XCHTIME	357	2	5	221865	3986	1224	236	216419
XCHTIME	0	0	0	0	0	0	0	0
XCHTIME	357	4	18	685173	3842	2229	719	678383
LADGATE	357	10000	0.213	1
XCHTIME	0	0	0	0	0	0	0	0
XCHTIME	357	5	26	1135375	4427	2952	1135	1126861
XCHTIME	0	0	0	0	0	0	0	0
XCHTIME	357	2	19	7047137	3935	1333	858	7041011
XCHTIME	0	0	0	0	0	0	0	0
XCHTIME	357	4	15	343804	4191	2602	657	336354
XCHTIME	0	0	0	0	0	0	0	0
XCHTIME	357	4	10	245277	3956	2506	277	238538
XCHTIME	0	0	0	0	0	0	0	0
XCHTIME	357	4	18	674399	3921	2218	751	667509
XCHTIME	0	0	0	0	0	0	0	0
XCHTIME	357	4	11	199076	4145	2248	365	192318
XCHTIME	0	0	0	0	0	0	0	0
XCHTIME	357	4	14	404656	3763	2423	497	397973
XCHTIME	0	0	0	0	0	0	0	0
XCHTIME	357	4	13	669226	3881	2227	566	662552
XCHTIME	0	0	0	0	0	0	0	0
XCHTIME	357	4	16	2168735	3936	3054	757	2160988
XCHTIME	0	0	0	0	0	0	0	0
XCHTIME	357	4	6	158981	4161	2093	221	152506
LIFT	slay06m	357	147	660	147
COUNTS	slay06m	357	1080	4025	4025
XCHTIME	0	0	0	0	0	0	0	0
XCHTIME	401	2	4	296462	9676	1753	218	284815
XCHTIME	0	0	0	0	0	0	0	0
XCHTIME	401	2	6	2515357	5045	1511	303	2508498
XCHTIME	0	0	0	0	0	0	0	0
XCHTIME	401	2	5	828605	5136	1446	259	821764
XCHTIME	0	0	0	0	0	0	0	0
XCHTIME	401	4	18	4903929	5033	2777	751	4895368
LADGATE	401	10000	0.239	1
XCHTIME	0	0	0	0	0	0	0	0
XCHTIME	401	5	26	6164203	5574	3409	1291	6153929
XCHTIME	0	0	0	0	0	0	0	0
XCHTIME	401	4	66	1600175	5034	2979	2274	1589888
XCHTIME	0	0	0	0	0	0	0	0
XCHTIME	401	4	15	902754	5244	3190	566	893754
XCHTIME	0	0	0	0	0	0	0	0
XCHTIME	401	4	10	549789	5071	3177	377	541164
XCHTIME	0	0	0	0	0	0	0	0
XCHTIME	401	4	18	4922940	4977	2643	850	4914470
XCHTIME	0	0	0	0	0	0	0	0
XCHTIME	401	4	11	292176	5143	3012	364	283657
XCHTIME	0	0	0	0	0	0	0	0
XCHTIME	401	4	14	1543036	4846	2982	573	1534635
XCHTIME	0	0	0	0	0	0	0	0
XCHTIME	401	4	13	3225806	5087	2790	565	3217364
XCHTIME	0	0	0	0	0	0	0	0
XCHTIME	401	4	16	14718391	4917	4127	688	14708659
XCHTIME	0	0	0	0	0	0	0	0
XCHTIME	401	4	6	210039	7900	3146	251	198742
LIFT	sssd25-08	401	89	640	89
COUNTS	sssd25-08	401	1200	5389	5389
XCHTIME	0	0	0	0	0	0	0	0
XCHTIME	4772	1	0	3086743	584930	185377	0	2316436
XCHTIME	0	0	0	0	0	0	0	0
XCHTIME	4772	1	0	4991974	590372	188476	0	4213126
XCHTIME	0	0	0	0	0	0	0	0
XCHTIME	4772	1	0	3690778	580393	176028	0	2934357
XCHTIME	0	0	0	0	0	0	0	0
XCHTIME	4772	1	0	12469142	540372	170971	0	11757799
LADGATE	4772	10000	0.653	1
XCHTIME	0	0	0	0	0	0	0	0
XCHTIME	4772	5	26	73887760	560187	913045	7948	72406580
XCHTIME	0	0	0	0	0	0	0	0
XCHTIME	4772	4	66	5808072	544555	615092	11195	4637230
XCHTIME	0	0	0	0	0	0	0	0
XCHTIME	4772	4	15	6203476	512199	597005	3612	5090660
XCHTIME	0	0	0	0	0	0	0	0
XCHTIME	4772	4	10	6045516	486982	609887	2839	4945808
XCHTIME	0	0	0	0	0	0	0	0
XCHTIME	4772	3	15	12397512	516809	526815	2798	11351090
XCHTIME	0	0	0	0	0	0	0	0
XCHTIME	4772	4	11	5532192	515647	601968	2742	4411835
XCHTIME	0	0	0	0	0	0	0	0
XCHTIME	4772	4	14	8766339	492710	631205	3628	7638796
XCHTIME	0	0	0	0	0	0	0	0
XCHTIME	4772	4	13	11828583	520202	636712	3177	10668492
XCHTIME	0	0	0	0	0	0	0	0
XCHTIME	4772	1	0	10936610	585237	170398	0	10180975
XCHTIME	0	0	0	0	0	0	0	0
XCHTIME	4772	4	6	5193387	544172	620876	1447	4026892
LIFT	rsyn0810m04m	4772	2520	9996	2520
COUNTS	rsyn0810m04m	4772	13836	147553	113207
LIFT	pooling_sppc3pq	23173	12327	872032	12327
COUNTS	pooling_sppc3pq	23173	893724	1153877333	325595394
XCHTIME	0	0	0	0	0	0	0	0
XCHTIME	1131	2	4	2618717	23910	7710	576	2586521
XCHTIME	0	0	0	0	0	0	0	0
XCHTIME	1131	1	0	9148661	24504	3887	0	9120270
XCHTIME	0	0	0	0	0	0	0	0
XCHTIME	1131	2	5	6643420	26844	7666	711	6608199
XCHTIME	0	0	0	0	0	0	0	0
XCHTIME	1131	2	5	18223114	24626	8668	691	18189129
LADGATE	1131	10000	0.560	1
XCHTIME	0	0	0	0	0	0	0	0
XCHTIME	1131	4	10	5195394	24470	14293	1274	5155357
XCHTIME	0	0	0	0	0	0	0	0
XCHTIME	1131	4	66	6007776	23805	14650	10657	5958664
XCHTIME	0	0	0	0	0	0	0	0
XCHTIME	1131	4	15	7730812	24769	14354	2132	7689557
XCHTIME	0	0	0	0	0	0	0	0
XCHTIME	1131	4	10	5134720	24249	14334	1367	5094770
XCHTIME	0	0	0	0	0	0	0	0
XCHTIME	1131	2	5	18235808	23498	7643	742	18203925
XCHTIME	0	0	0	0	0	0	0	0
XCHTIME	1131	4	11	3447596	25358	14241	1241	3406756
XCHTIME	0	0	0	0	0	0	0	0
XCHTIME	1131	4	14	17680842	23860	13993	1817	17641172
XCHTIME	0	0	0	0	0	0	0	0
XCHTIME	1131	3	12	18423014	24278	12185	1661	18384890
XCHTIME	0	0	0	0	0	0	0	0
XCHTIME	1131	1	0	18056757	24268	3565	0	18028924
XCHTIME	0	0	0	0	0	0	0	0
XCHTIME	1131	4	6	2500707	37387	14685	557	2448078
LIFT	sporttournament48	1131	721	7408	721
COUNTS	sporttournament48	1131	6676	919582	592120
XCHTIME	0	0	0	0	0	0	0	0
XCHTIME	5030	1	0	2087550	864205	206552	0	1016793
XCHTIME	0	0	0	0	0	0	0	0
XCHTIME	5030	1	0	3627061	775329	191364	0	2660368
XCHTIME	0	0	0	0	0	0	0	0
XCHTIME	5030	1	0	2550155	782098	206231	0	1561826
XCHTIME	0	0	0	0	0	0	0	0
XCHTIME	5030	1	0	8463701	773716	194780	0	7495205
LADGATE	5030	10000	0.465	1
LIFT	pooling_sppa9pq	5030	2509	126346	2509
COUNTS	pooling_sppa9pq	5030	120730	23971280	15130622
XCHTIME	0	0	0	0	0	0	0	0
XCHTIME	1053	2	4	434562	20507	6445	175	407435
XCHTIME	0	0	0	0	0	0	0	0
XCHTIME	1053	2	6	4743295	20132	6580	238	4716345
XCHTIME	0	0	0	0	0	0	0	0
XCHTIME	1053	2	5	1433783	23218	6427	224	1403914
XCHTIME	0	0	0	0	0	0	0	0
XCHTIME	1053	4	18	9070048	20307	14164	762	9034815
LADGATE	1053	10000	0.322	1
XCHTIME	0	0	0	0	0	0	0	0
XCHTIME	1053	5	26	11857768	21056	19300	1000	11816412
XCHTIME	0	0	0	0	0	0	0	0
XCHTIME	1053	4	66	443374	23153	12351	2097	405773
XCHTIME	0	0	0	0	0	0	0	0
XCHTIME	1053	4	15	1469811	20123	12732	562	1436394
XCHTIME	0	0	0	0	0	0	0	0
XCHTIME	1053	4	10	730580	20351	12892	446	696891
XCHTIME	0	0	0	0	0	0	0	0
XCHTIME	1053	4	18	9086761	19998	14531	718	9051514
XCHTIME	0	0	0	0	0	0	0	0
XCHTIME	1053	4	11	525619	21504	12365	440	491310
XCHTIME	0	0	0	0	0	0	0	0
XCHTIME	1053	4	14	2839707	20169	12205	547	2806786
XCHTIME	0	0	0	0	0	0	0	0
XCHTIME	1053	4	13	5323135	20136	12791	544	5289664
XCHTIME	0	0	0	0	0	0	0	0
XCHTIME	1053	3	15	17870556	20240	26295	720	17823301
XCHTIME	0	0	0	0	0	0	0	0
XCHTIME	1053	4	6	399871	23298	12334	258	363981
LIFT	edgecross10-090	1053	571	4240	571
COUNTS	edgecross10-090	1053	5204	126115	103179
LIFT	maxcsp-ehi-85-297-71	2372	2075	216272	2075
COUNTS	maxcsp-ehi-85-297-71	2372	207996	1381768944	1110971341
XCHTIME	0	0	0	0	0	0	0	0
XCHTIME	30	2	4	46162	1082	163	120	44797
XCHTIME	0	0	0	0	0	0	0	0
XCHTIME	30	2	6	450655	897	144	116	449498
XCHTIME	0	0	0	0	0	0	0	0
XCHTIME	30	2	5	204309	951	134	115	203109
XCHTIME	0	0	0	0	0	0	0	0
XCHTIME	30	4	18	813901	816	265	359	812461
LADGATE	30	10000	0.166	1
XCHTIME	0	0	0	0	0	0	0	0
XCHTIME	30	5	26	945496	1336	384	636	943140
XCHTIME	0	0	0	0	0	0	0	0
XCHTIME	30	4	58	182295	1021	212	1799	179263
XCHTIME	0	0	0	0	0	0	0	0
XCHTIME	30	4	15	181621	840	229	291	180261
XCHTIME	0	0	0	0	0	0	0	0
XCHTIME	30	4	10	93555	982	291	197	92085
XCHTIME	0	0	0	0	0	0	0	0
XCHTIME	30	4	18	794828	791	240	373	793424
XCHTIME	0	0	0	0	0	0	0	0
XCHTIME	30	4	11	59808	829	236	221	58522
XCHTIME	0	0	0	0	0	0	0	0
XCHTIME	30	4	14	264844	752	240	275	263577
XCHTIME	0	0	0	0	0	0	0	0
XCHTIME	30	4	13	396171	721	365	262	394823
XCHTIME	0	0	0	0	0	0	0	0
XCHTIME	30	4	16	3262701	766	245	354	3261336
XCHTIME	0	0	0	0	0	0	0	0
XCHTIME	30	4	6	28179	992	235	132	26820
COUNTS	st_bpaf1a	30	120	623	580
XCHTIME	0	0	0	0	0	0	0	0
XCHTIME	1462	2	4	1819078	40301	11311	256	1767210
XCHTIME	0	0	0	0	0	0	0	0
XCHTIME	1462	1	0	6357767	34172	5481	0	6318114
XCHTIME	0	0	0	0	0	0	0	0
XCHTIME	1462	2	5	4728138	46589	12407	360	4668782
XCHTIME	0	0	0	0	0	0	0	0
XCHTIME	1462	3	15	13631228	35111	26396	1114	13568607
LADGATE	1462	10000	0.493	1
XCHTIME	0	0	0	0	0	0	0	0
XCHTIME	1462	5	26	33312828	33056	46081	1740	33231951
XCHTIME	0	0	0	0	0	0	0	0
XCHTIME	1462	4	66	6126410	43041	38604	3637	6041128
XCHTIME	0	0	0	0	0	0	0	0
XCHTIME	1462	4	15	5265865	37268	21600	901	5206096
XCHTIME	0	0	0	0	0	0	0	0
XCHTIME	1462	4	10	3364189	32673	21287	640	3309589
XCHTIME	0	0	0	0	0	0	0	0
XCHTIME	1462	3	15	13420937	32670	25869	932	13361466
XCHTIME	0	0	0	0	0	0	0	0
XCHTIME	1462	4	11	2252970	34131	21297	673	2196869
XCHTIME	0	0	0	0	0	0	0	0
XCHTIME	1462	4	14	8595102	32866	21001	910	8540325
XCHTIME	0	0	0	0	0	0	0	0
XCHTIME	1462	4	13	13704740	32857	23330	826	13647727
XCHTIME	0	0	0	0	0	0	0	0
XCHTIME	1462	1	0	12504695	34576	5325	0	12464794
XCHTIME	0	0	0	0	0	0	0	0
XCHTIME	1462	4	6	1622616	57336	23540	397	1541343
LIFT	risk2bpb	1462	628	4030	628
COUNTS	risk2bpb	1462	5396	118471	66041
XCHTIME	0	0	0	0	0	0	0	0
XCHTIME	255	2	4	628590	56398	831	519	570842
XCHTIME	0	0	0	0	0	0	0	0
XCHTIME	255	2	6	11400908	54944	715	801	11344448
XCHTIME	0	0	0	0	0	0	0	0
XCHTIME	255	2	5	3275851	56677	706	582	3217886
XCHTIME	0	0	0	0	0	0	0	0
XCHTIME	255	4	18	22590858	54565	1515	2455	22532323
LADGATE	255	10000	0.134	1
XCHTIME	0	0	0	0	0	0	0	0
XCHTIME	255	4	10	1128492	54941	1280	1131	1071140
XCHTIME	0	0	0	0	0	0	0	0
XCHTIME	255	4	66	402661	56005	1090	18329	327237
XCHTIME	0	0	0	0	0	0	0	0
XCHTIME	255	4	15	2241330	54440	1609	1875	2183406
XCHTIME	0	0	0	0	0	0	0	0
XCHTIME	255	4	10	1130837	53883	1277	1206	1074471
XCHTIME	0	0	0	0	0	0	0	0
XCHTIME	255	4	18	22649903	53423	1449	2121	22592910
XCHTIME	0	0	0	0	0	0	0	0
XCHTIME	255	4	11	797778	54205	1195	1305	741073
XCHTIME	0	0	0	0	0	0	0	0
XCHTIME	255	4	14	6393838	54200	1636	1644	6336358
XCHTIME	0	0	0	0	0	0	0	0
XCHTIME	255	4	13	13149828	54430	1488	1630	13092280
XCHTIME	0	0	0	0	0	0	0	0
XCHTIME	255	1	0	22257787	54099	356	0	22203332
XCHTIME	0	0	0	0	0	0	0	0
XCHTIME	255	4	6	601423	58328	1495	722	540878
LIFT	qap	255	225	49148	225
COUNTS	qap	255	43748	3802533	3650113
XCHTIME	0	0	0	0	0	0	0	0
XCHTIME	7252	1	0	3185455	1430575	460560	0	1294320
XCHTIME	0	0	0	0	0	0	0	0
XCHTIME	7252	1	0	3978029	1456080	472055	0	2049894
XCHTIME	0	0	0	0	0	0	0	0
XCHTIME	7252	1	0	3629277	1323861	452247	0	1853169
XCHTIME	0	0	0	0	0	0	0	0
XCHTIME	7252	1	0	11672770	1332310	453288	0	9887172
LADGATE	7252	10000	0.551	1
XCHTIME	0	0	0	0	0	0	0	0
XCHTIME	7252	5	26	120949717	1382474	2367677	9667	117189899
XCHTIME	0	0	0	0	0	0	0	0
XCHTIME	7252	1	0	5686524	1439716	461472	0	3785336
XCHTIME	0	0	0	0	0	0	0	0
XCHTIME	7252	1	0	6845736	1391404	452566	0	5001766
XCHTIME	0	0	0	0	0	0	0	0
XCHTIME	7252	3	9	12606411	1416754	1395523	4611	9789523
XCHTIME	0	0	0	0	0	0	0	0
XCHTIME	7252	1	0	11802894	1383741	469208	0	9949945
XCHTIME	0	0	0	0	0	0	0	0
XCHTIME	7252	3	9	12248597	1368898	1441059	3859	9434781
XCHTIME	0	0	0	0	0	0	0	0
XCHTIME	7252	2	4	12740682	1361116	908189	1811	10469566
XCHTIME	0	0	0	0	0	0	0	0
XCHTIME	7252	1	0	11976790	1369332	448916	0	10158542
XCHTIME	0	0	0	0	0	0	0	0
XCHTIME	7252	1	0	10618778	1381971	479710	0	8757097
XCHTIME	0	0	0	0	0	0	0	0
XCHTIME	7252	3	3	12068810	1402595	1361865	1256	9303094
LIFT	rsyn0830m04m	7252	3744	14872	3744
COUNTS	rsyn0830m04m	7252	20752	212130	171516
XCHTIME	0	0	0	0	0	0	0	0
XCHTIME	1073	2	4	629527	17910	6278	177	605162
XCHTIME	0	0	0	0	0	0	0	0
XCHTIME	1073	2	6	6427885	17581	8620	243	6401441
XCHTIME	0	0	0	0	0	0	0	0
XCHTIME	1073	2	5	1840224	20626	6097	194	1813307
XCHTIME	0	0	0	0	0	0	0	0
XCHTIME	1073	4	18	12451480	17718	18859	682	12414221
LADGATE	1073	10000	0.261	1
XCHTIME	0	0	0	0	0	0	0	0
XCHTIME	1073	5	26	15065384	17772	18558	963	15028091
XCHTIME	0	0	0	0	0	0	0	0
XCHTIME	1073	4	66	7145439	21092	27636	2015	7094696
XCHTIME	0	0	0	0	0	0	0	0
XCHTIME	1073	4	15	2110654	26406	13129	594	2070525
XCHTIME	0	0	0	0	0	0	0	0
XCHTIME	1073	4	10	1106045	17782	12460	356	1075447
XCHTIME	0	0	0	0	0	0	0	0
XCHTIME	1073	4	18	12370246	17864	16837	713	12334832
XCHTIME	0	0	0	0	0	0	0	0
XCHTIME	1073	4	11	720255	19182	12572	398	688103
XCHTIME	0	0	0	0	0	0	0	0
XCHTIME	1073	4	14	3642143	17746	12205	558	3611634
XCHTIME	0	0	0	0	0	0	0	0
XCHTIME	1073	4	13	6339528	18024	12524	497	6308483
XCHTIME	0	0	0	0	0	0	0	0
XCHTIME	1073	2	5	16151051	18209	14129	235	16118478
XCHTIME	0	0	0	0	0	0	0	0
XCHTIME	1073	4	6	535444	28347	12830	214	494053
LIFT	lop97icx	1073	155	1760	155
COUNTS	lop97icx	1073	2118	79286	64044
XCHTIME	0	0	0	0	0	0	0	0
XCHTIME	1201	2	4	2479440	24751	8492	341	2445856
XCHTIME	0	0	0	0	0	0	0	0
XCHTIME	1201	1	0	6187942	24697	8121	0	6155124
XCHTIME	0	0	0	0	0	0	0	0
XCHTIME	1201	1	0	4924544	27226	4209	0	4893109
XCHTIME	0	0	0	0	0	0	0	0
XCHTIME	1201	1	0	12563751	25034	4196	0	12534521
LADGATE	1201	10000	0.223	1
XCHTIME	0	0	0	0	0	0	0	0
XCHTIME	1201	5	26	130384376	25190	21356	2235	130335595
XCHTIME	0	0	0	0	0	0	0	0
XCHTIME	1201	4	66	629646	25255	14806	3097	586488
XCHTIME	0	0	0	0	0	0	0	0
XCHTIME	1201	2	4	3929191	26865	8274	278	3893774
XCHTIME	0	0	0	0	0	0	0	0
XCHTIME	1201	4	10	6232667	24120	15385	776	6192386
XCHTIME	0	0	0	0	0	0	0	0
XCHTIME	1201	1	0	12455057	23786	3808	0	12427463
XCHTIME	0	0	0	0	0	0	0	0
XCHTIME	1201	4	11	2609887	25573	15557	764	2567993
XCHTIME	0	0	0	0	0	0	0	0
XCHTIME	1201	2	4	12940203	23408	8217	336	12908242
XCHTIME	0	0	0	0	0	0	0	0
XCHTIME	1201	1	0	13289982	23478	3770	0	13262734
XCHTIME	0	0	0	0	0	0	0	0
XCHTIME	1201	1	0	12273296	23686	3839	0	12245771
XCHTIME	0	0	0	0	0	0	0	0
XCHTIME	1201	4	6	1706248	39401	18038	474	1648335
LIFT	chain400	1201	800	3196	800
COUNTS	chain400	1201	4796	16382	16382
XCHTIME	0	0	0	0	0	0	0	0
XCHTIME	9532	1	0	5494543	2539385	826883	0	2128275
XCHTIME	0	0	0	0	0	0	0	0
XCHTIME	9532	1	0	6927754	2504577	839860	0	3583317
XCHTIME	0	0	0	0	0	0	0	0
XCHTIME	9532	1	0	6146182	2498149	818984	0	2829049
XCHTIME	0	0	0	0	0	0	0	0
XCHTIME	9532	1	0	12575722	2472097	814223	0	9289402
LADGATE	9532	10000	0.717	1
XCHTIME	0	0	0	0	0	0	0	0
XCHTIME	9532	5	26	58718231	2473134	4107057	10268	52127772
XCHTIME	0	0	0	0	0	0	0	0
XCHTIME	9532	1	0	6680736	2497026	822845	0	3360865
XCHTIME	0	0	0	0	0	0	0	0
XCHTIME	9532	1	0	6876625	2466271	818688	0	3591666
XCHTIME	0	0	0	0	0	0	0	0
XCHTIME	9532	2	3	11104471	2466279	1622944	1729	7013519
XCHTIME	0	0	0	0	0	0	0	0
XCHTIME	9532	1	0	12712847	2472277	818870	0	9421700
XCHTIME	0	0	0	0	0	0	0	0
XCHTIME	9532	2	3	10781953	2474405	1641508	1814	6664226
XCHTIME	0	0	0	0	0	0	0	0
XCHTIME	9532	2	4	12255350	2463300	1645232	10421	8136397
XCHTIME	0	0	0	0	0	0	0	0
XCHTIME	9532	2	4	12797214	2470678	1628711	2326	8695499
XCHTIME	0	0	0	0	0	0	0	0
XCHTIME	9532	1	0	11706439	2454193	823492	0	8428754
XCHTIME	0	0	0	0	0	0	0	0
XCHTIME	9532	2	3	10679777	2486639	1636259	1694	6555185
LIFT	mpbp_07	9532	5704	23110	5704
COUNTS	mpbp_07	9532	30810	1368477	1248083
XCHTIME	0	0	0	0	0	0	0	0
XCHTIME	440	2	4	335088	11892	2174	149	320873
XCHTIME	0	0	0	0	0	0	0	0
XCHTIME	440	2	6	3543110	7608	2003	219	3533280
XCHTIME	0	0	0	0	0	0	0	0
XCHTIME	440	2	5	1151110	11446	2043	227	1137394
XCHTIME	0	0	0	0	0	0	0	0
XCHTIME	440	4	18	4181905	7560	3921	701	4169723
LADGATE	440	10000	0.317	1
XCHTIME	0	0	0	0	0	0	0	0
XCHTIME	440	5	26	5817880	7801	4450	1006	5804623
XCHTIME	0	0	0	0	0	0	0	0
XCHTIME	440	4	66	6750605	7430	3551	1794	6737830
XCHTIME	0	0	0	0	0	0	0	0
XCHTIME	440	4	15	1190541	7514	4084	596	1178347
XCHTIME	0	0	0	0	0	0	0	0
XCHTIME	440	4	10	586180	7345	4058	340	574437
XCHTIME	0	0	0	0	0	0	0	0
XCHTIME	440	4	18	4120360	7446	3667	729	4108518
XCHTIME	0	0	0	0	0	0	0	0
XCHTIME	440	4	11	377547	7510	3862	303	365872
XCHTIME	0	0	0	0	0	0	0	0
XCHTIME	440	4	14	2131452	7337	3530	578	2120007
XCHTIME	0	0	0	0	0	0	0	0
XCHTIME	440	4	13	3337220	7454	3657	520	3325589
XCHTIME	0	0	0	0	0	0	0	0
XCHTIME	440	4	16	12264742	7518	7909	520	12248795
XCHTIME	0	0	0	0	0	0	0	0
XCHTIME	440	4	6	294864	9966	3717	202	280979
LIFT	sonetgr17	440	317	2712	317
COUNTS	sonetgr17	440	2958	37814	30971
XCHTIME	0	0	0	0	0	0	0	0
XCHTIME	2207	2	4	961720	66155	28114	401	867050
XCHTIME	0	0	0	0	0	0	0	0
XCHTIME	2207	2	6	2934762	66694	40637	693	2826738
XCHTIME	0	0	0	0	0	0	0	0
XCHTIME	2207	2	5	1028297	69716	24529	518	933534
XCHTIME	0	0	0	0	0	0	0	0
XCHTIME	2207	4	18	11957847	66618	108214	2019	11780996
LADGATE	2207	10000	0.584	1
XCHTIME	0	0	0	0	0	0	0	0
XCHTIME	2207	5	26	14851614	81500	144566	3475	14622073
XCHTIME	0	0	0	0	0	0	0	0
XCHTIME	2207	3	57	4728280	86797	86412	4993	4550078
XCHTIME	0	0	0	0	0	0	0	0
XCHTIME	2207	4	15	2388753	81215	50450	1321	2255767
XCHTIME	0	0	0	0	0	0	0	0
XCHTIME	2207	4	10	2108231	66863	49925	807	1990636
XCHTIME	0	0	0	0	0	0	0	0
XCHTIME	2207	4	18	11988397	66357	103563	1716	11816761
XCHTIME	0	0	0	0	0	0	0	0
XCHTIME	2207	4	11	2015585	104745	50067	839	1859934
XCHTIME	0	0	0	0	0	0	0	0
XCHTIME	2207	4	14	2677034	67186	52913	1389	2555546
XCHTIME	0	0	0	0	0	0	0	0
XCHTIME	2207	4	13	6488544	67940	65980	1279	6353345
XCHTIME	0	0	0	0	0	0	0	0
XCHTIME	2207	2	5	13643649	83177	64326	665	13495481
XCHTIME	0	0	0	0	0	0	0	0
XCHTIME	2207	4	6	1867503	110239	56216	451	1700597
LIFT	p_ball_30b_7p_2d_h	2207	1415	5932	1415
COUNTS	p_ball_30b_7p_2d_h	2207	7516	42456	42319
XCHTIME	0	0	0	0	0	0	0	0
XCHTIME	19995	0	0	0	0	0	0	0
XCHTIME	0	0	0	0	0	0	0	0
XCHTIME	19995	0	0	29537135	29537135	0	0	0
XCHTIME	0	0	0	0	0	0	0	0
XCHTIME	19995	0	0	28029539	28029539	0	0	0
XCHTIME	0	0	0	0	0	0	0	0
XCHTIME	19995	1	0	34587312	27991215	2392649	0	4203448
LADGATE	19995	10000	0.757	0
XCHTIME	0	0	0	0	0	0	0	0
XCHTIME	19995	5	26	161971730	28153204	12038465	16484	121763577
XCHTIME	0	0	0	0	0	0	0	0
XCHTIME	19995	0	0	28253994	28253994	0	0	0
XCHTIME	0	0	0	0	0	0	0	0
XCHTIME	19995	0	0	28160643	28160643	0	0	0
XCHTIME	0	0	0	0	0	0	0	0
XCHTIME	19995	1	0	33582741	28065169	2368524	0	3149048
XCHTIME	0	0	0	0	0	0	0	0
XCHTIME	19995	1	0	34728780	28144226	2419000	0	4165554
XCHTIME	0	0	0	0	0	0	0	0
XCHTIME	19995	1	0	33746388	28206508	2381505	0	3158375
XCHTIME	0	0	0	0	0	0	0	0
XCHTIME	19995	1	0	34168437	28209519	2363670	0	3595248
XCHTIME	0	0	0	0	0	0	0	0
XCHTIME	19995	1	0	35154794	28155716	2362120	0	4636958
XCHTIME	0	0	0	0	0	0	0	0
XCHTIME	19995	1	0	35489016	28229897	2355167	0	4903952
XCHTIME	0	0	0	0	0	0	0	0
XCHTIME	19995	1	0	33648476	28212763	2371481	0	3064232
LIFT	pinene200	19995	15795	89590	15795
COUNTS	pinene200	19995	97990	1358716	1132981
LIFT	unitcommit_200_100_1_mod_8	146830	73272	329560	73272
COUNTS	unitcommit_200_100_1_mod_8	146830	476332	3053940	2981835
XCHTIME	0	0	0	0	0	0	0	0
XCHTIME	123	2	4	143961	4256	355	198	139152
XCHTIME	0	0	0	0	0	0	0	0
XCHTIME	123	2	6	1171907	2203	344	275	1169085
XCHTIME	0	0	0	0	0	0	0	0
XCHTIME	123	2	5	417224	2398	395	231	414200
XCHTIME	0	0	0	0	0	0	0	0
XCHTIME	123	4	18	2695210	2244	671	809	2691486
LADGATE	123	10000	0.274	1
XCHTIME	0	0	0	0	0	0	0	0
XCHTIME	123	5	26	3414819	2734	914	1159	3410012
XCHTIME	0	0	0	0	0	0	0	0
XCHTIME	123	4	66	1666670	2159	770	3128	1660613
XCHTIME	0	0	0	0	0	0	0	0
XCHTIME	123	4	15	438238	2434	629	640	434535
XCHTIME	0	0	0	0	0	0	0	0
XCHTIME	123	4	10	259565	2228	610	434	256293
XCHTIME	0	0	0	0	0	0	0	0
XCHTIME	123	4	18	2695128	2236	636	765	2691491
XCHTIME	0	0	0	0	0	0	0	0
XCHTIME	123	4	11	172252	2153	673	441	168985
XCHTIME	0	0	0	0	0	0	0	0
XCHTIME	123	4	14	835535	2135	601	571	832228
XCHTIME	0	0	0	0	0	0	0	0
XCHTIME	123	4	13	1374446	2157	649	577	1371063
XCHTIME	0	0	0	0	0	0	0	0
XCHTIME	123	4	16	8212560	2330	802	738	8208690
XCHTIME	0	0	0	0	0	0	0	0
XCHTIME	123	4	6	101371	2636	609	276	97850
LIFT	ex8_3_9	123	101	766	101
COUNTS	ex8_3_9	123	834	15050	11503
XCHTIME	0	0	0	0	0	0	0	0
XCHTIME	2486	2	4	2662119	83487	32928	397	2545307
XCHTIME	0	0	0	0	0	0	0	0
XCHTIME	2486	1	0	4624012	90801	17021	0	4516190
XCHTIME	0	0	0	0	0	0	0	0
XCHTIME	2486	1	0	3539177	89999	16813	0	3432365
XCHTIME	0	0	0	0	0	0	0	0
XCHTIME	2486	1	0	10800498	89135	15514	0	10695849
LADGATE	2486	10000	0.645	1
XCHTIME	0	0	0	0	0	0	0	0
XCHTIME	2486	5	26	44254108	83700	116216	2880	44051312
XCHTIME	0	0	0	0	0	0	0	0
XCHTIME	2486	1	0	6471665	99155	17298	0	6355212
XCHTIME	0	0	0	0	0	0	0	0
XCHTIME	2486	4	15	6886827	146470	88468	1381	6650508
XCHTIME	0	0	0	0	0	0	0	0
XCHTIME	2486	4	10	5573905	87354	71578	853	5414120
XCHTIME	0	0	0	0	0	0	0	0
XCHTIME	2486	1	0	10822479	94695	15853	0	10711931
XCHTIME	0	0	0	0	0	0	0	0
XCHTIME	2486	4	11	4087811	97093	73446	959	3916313
XCHTIME	0	0	0	0	0	0	0	0
XCHTIME	2486	4	14	12644614	85989	95611	1503	12461511
XCHTIME	0	0	0	0	0	0	0	0
XCHTIME	2486	2	4	11643560	92218	38014	429	11512899
XCHTIME	0	0	0	0	0	0	0	0
XCHTIME	2486	1	0	11821323	93757	16099	0	11711467
XCHTIME	0	0	0	0	0	0	0	0
XCHTIME	2486	4	6	3041768	143756	99623	491	2797898
LIFT	rsyn0820m02m	2486	1364	4808	1364
COUNTS	rsyn0820m02m	2486	6932	38190	35625
XCHTIME	0	0	0	0	0	0	0	0
XCHTIME	293	2	4	229344	7835	1078	135	220296
XCHTIME	0	0	0	0	0	0	0	0
XCHTIME	293	2	6	1449025	3445	884	167	1444529
XCHTIME	0	0	0	0	0	0	0	0
XCHTIME	293	2	5	525065	3687	931	137	520310
XCHTIME	0	0	0	0	0	0	0	0
XCHTIME	293	4	18	3884025	3674	1724	546	3878081
LADGATE	293	10000	0.245	1
XCHTIME	0	0	0	0	0	0	0	0
XCHTIME	293	5	26	4652782	3814	2149	674	4646145
XCHTIME	0	0	0	0	0	0	0	0
XCHTIME	293	4	66	753201	3450	1327	2072	746352
XCHTIME	0	0	0	0	0	0	0	0
XCHTIME	293	4	15	686578	3733	2195	407	680243
XCHTIME	0	0	0	0	0	0	0	0
XCHTIME	293	4	10	436187	3609	2011	239	430328
XCHTIME	0	0	0	0	0	0	0	0
XCHTIME	293	4	18	3920134	3516	1731	505	3914382
XCHTIME	0	0	0	0	0	0	0	0
XCHTIME	293	4	11	281825	3680	1701	301	276143
XCHTIME	0	0	0	0	0	0	0	0
XCHTIME	293	4	14	1015731	3456	1892	342	1010041
XCHTIME	0	0	0	0	0	0	0	0
XCHTIME	293	4	13	1816830	3502	1731	342	1811255
XCHTIME	0	0	0	0	0	0	0	0
XCHTIME	293	4	16	11176981	3489	2729	491	11170272
XCHTIME	0	0	0	0	0	0	0	0
XCHTIME	293	4	6	218222	4814	1550	127	211731
LIFT	p_ball_10b_5p_2d_m	293	119	716	119
COUNTS	p_ball_10b_5p_2d_m	293	964	6648	6547
XCHTIME	0	0	0	0	0	0	0	0
XCHTIME	170	2	4	171613	5329	536	124	165624
XCHTIME	0	0	0	0	0	0	0	0
XCHTIME	170	2	6	1894552	2835	491	129	1891097
XCHTIME	0	0	0	0	0	0	0	0
XCHTIME	170	2	5	596015	2835	463	137	592580
XCHTIME	0	0	0	0	0	0	0	0
XCHTIME	170	4	18	3870410	2929	989	410	3866082
LADGATE	170	10000	0.199	1
XCHTIME	0	0	0	0	0	0	0	0
XCHTIME	170	5	26	4907167	3726	1238	597	4901606
XCHTIME	0	0	0	0	0	0	0	0
XCHTIME	170	4	66	105465	2904	799	1483	100279
XCHTIME	0	0	0	0	0	0	0	0
XCHTIME	170	4	15	620293	2832	1046	331	616084
XCHTIME	0	0	0	0	0	0	0	0
XCHTIME	170	4	10	300768	2726	844	227	296971
XCHTIME	0	0	0	0	0	0	0	0
XCHTIME	170	4	18	3904593	2796	1018	454	3900325
XCHTIME	0	0	0	0	0	0	0	0
XCHTIME	170	4	11	182034	2957	768	263	178046
XCHTIME	0	0	0	0	0	0	0	0
XCHTIME	170	4	14	1115758	2845	1108	311	1111494
XCHTIME	0	0	0	0	0	0	0	0
XCHTIME	170	4	13	2020514	2798	928	315	2016473
XCHTIME	0	0	0	0	0	0	0	0
XCHTIME	170	4	16	14131451	2792	1351	391	14126917
XCHTIME	0	0	0	0	0	0	0	0
XCHTIME	170	4	6	115563	3439	816	124	111184
LIFT	pooling_adhya4tp	170	93	806	93
COUNTS	pooling_adhya4tp	170	936	26842	20581
XCHTIME	0	0	0	0	0	0	0	0
XCHTIME	7295	1	0	2550490	1384287	456932	0	709271
XCHTIME	0	0	0	0	0	0	0	0
XCHTIME	7295	1	0	2677652	1347287	455808	0	874557
XCHTIME	0	0	0	0	0	0	0	0
XCHTIME	7295	1	0	2838043	1369654	445329	0	1023060
XCHTIME	0	0	0	0	0	0	0	0
XCHTIME	7295	4	18	11586976	1351874	1800523	7413	8427166
LADGATE	7295	10000	0.310	1
XCHTIME	0	0	0	0	0	0	0	0
XCHTIME	7295	5	26	17793959	1414789	2308055	9579	14061536
XCHTIME	0	0	0	0	0	0	0	0
XCHTIME	7295	2	19	6120304	1394565	911679	6196	3807864
XCHTIME	0	0	0	0	0	0	0	0
XCHTIME	7295	2	4	6451141	1416188	912262	2014	4120677
XCHTIME	0	0	0	0	0	0	0	0
XCHTIME	7295	4	10	11689577	1382856	1807346	4680	8494695
XCHTIME	0	0	0	0	0	0	0	0
XCHTIME	7295	4	18	11823004	1394673	1832878	6664	8588789
XCHTIME	0	0	0	0	0	0	0	0
XCHTIME	7295	4	11	11926552	1391609	1835048	5452	8694443
XCHTIME	0	0	0	0	0	0	0	0
XCHTIME	7295	4	14	11528960	1390969	1842894	5917	8289180
XCHTIME	0	0	0	0	0	0	0	0
XCHTIME	7295	4	13	11728058	1366011	1819570	5798	8536679
XCHTIME	0	0	0	0	0	0	0	0
XCHTIME	7295	2	5	9865677	1428306	939166	1980	7496225
XCHTIME	0	0	0	0	0	0	0	0
XCHTIME	7295	4	6	11553306	1406664	1866215	3017	8277410
LIFT	squfl015-080persp	7295	2495	12000	2495
COUNTS	squfl015-080persp	7295	21600	74520	74520
XCHTIME	0	0	0	0	0	0	0	0
XCHTIME	1053	2	4	628985	20905	9422	317	598341
XCHTIME	0	0	0	0	0	0	0	0
XCHTIME	1053	2	6	6165809	21342	7003	400	6137064
XCHTIME	0	0	0	0	0	0	0	0
XCHTIME	1053	2	5	1788222	21949	6210	309	1759754
XCHTIME	0	0	0	0	0	0	0	0
XCHTIME	1053	4	18	11649818	21343	12969	1416	11614090
LADGATE	1053	10000	0.341	1
XCHTIME	0	0	0	0	0	0	0	0
XCHTIME	1053	5	26	14434606	21287	15713	1695	14395911
XCHTIME	0	0	0	0	0	0	0	0
XCHTIME	1053	4	66	760602	25505	12516	3209	719372
XCHTIME	0	0	0	0	0	0	0	0
XCHTIME	1053	4	15	1902207	21432	12594	1058	1867123
XCHTIME	0	0	0	0	0	0	0	0
XCHTIME	1053	4	10	1140987	21199	12655	655	1106478
XCHTIME	0	0	0	0	0	0	0	0
XCHTIME	1053	4	18	11733732	21121	12855	1177	11698579
XCHTIME	0	0	0	0	0	0	0	0
XCHTIME	1053	4	11	837980	21153	12286	671	803870
XCHTIME	0	0	0	0	0	0	0	0
XCHTIME	1053	4	14	3676592	20718	12266	941	3642667
XCHTIME	0	0	0	0	0	0	0	0
XCHTIME	1053	4	13	7228407	23436	13816	928	7190227
XCHTIME	0	0	0	0	0	0	0	0
XCHTIME	1053	2	5	18333241	22592	17155	488	18293006
XCHTIME	0	0	0	0	0	0	0	0
XCHTIME	1053	4	6	819420	34290	14326	432	770372
LIFT	edgecross10-080	1053	571	4976	571
COUNTS	edgecross10-080	1053	5940	170814	164639
XCHTIME	0	0	0	0	0	0	0	0
XCHTIME	590	2	4	436283	15719	2782	203	417579
XCHTIME	0	0	0	0	0	0	0	0
XCHTIME	590	2	6	2729091	8079	2723	187	2718102
XCHTIME	0	0	0	0	0	0	0	0
XCHTIME	590	2	5	918214	11152	3283	241	903538
XCHTIME	0	0	0	0	0	0	0	0
XCHTIME	590	4	18	5355723	8639	5851	702	5340531
LADGATE	590	10000	0.295	1
XCHTIME	0	0	0	0	0	0	0	0
XCHTIME	590	5	26	6206686	8498	6771	974	6190443
XCHTIME	0	0	0	0	0	0	0	0
XCHTIME	590	4	66	2913271	8032	7406	1984	2895849
XCHTIME	0	0	0	0	0	0	0	0
XCHTIME	590	4	15	1231533	8853	6061	543	1216076
XCHTIME	0	0	0	0	0	0	0	0
XCHTIME	590	4	10	824523	8688	6017	4266	805552
XCHTIME	0	0	0	0	0	0	0	0
XCHTIME	590	4	18	5369504	8245	5557	782	5354920
XCHTIME	0	0	0	0	0	0	0	0
XCHTIME	590	4	11	553770	8361	5834	408	539167
XCHTIME	0	0	0	0	0	0	0	0
XCHTIME	590	4	14	1895924	8318	5703	534	1881369
XCHTIME	0	0	0	0	0	0	0	0
XCHTIME	590	4	13	3010384	8211	5420	525	2996228
XCHTIME	0	0	0	0	0	0	0	0
XCHTIME	590	4	16	13225466	8316	9245	615	13207290
XCHTIME	0	0	0	0	0	0	0	0
XCHTIME	590	4	6	383012	11077	5918	262	365755
LIFT	clay0204hfsg	590	278	1184	278
COUNTS	clay0204hfsg	590	1696	7198	6562
XCHTIME	0	0	0	0	0	0	0	0
XCHTIME	13	2	4	27146	618	101	93	26334
XCHTIME	0	0	0	0	0	0	0	0
XCHTIME	13	2	6	322856	460	153	173	322070
XCHTIME	0	0	0	0	0	0	0	0
XCHTIME	13	2	5	93679	641	98	139	92801
XCHTIME	0	0	0	0	0	0	0	0
XCHTIME	13	4	18	383916	544	132	483	382757
LADGATE	13	10000	0.115	1
XCHTIME	0	0	0	0	0	0	0	0
XCHTIME	13	5	26	406011	900	201	716	404194
XCHTIME	0	0	0	0	0	0	0	0
XCHTIME	13	4	35	644276	554	152	1006	642564
XCHTIME	0	0	0	0	0	0	0	0
XCHTIME	13	4	15	113924	564	109	323	112928
XCHTIME	0	0	0	0	0	0	0	0
XCHTIME	13	4	10	51031	500	138	219	50174
XCHTIME	0	0	0	0	0	0	0	0
XCHTIME	13	4	18	404020	504	154	525	402837
XCHTIME	0	0	0	0	0	0	0	0
XCHTIME	13	4	11	35650	556	142	271	34681
XCHTIME	0	0	0	0	0	0	0	0
XCHTIME	13	4	14	186465	529	131	380	185425
XCHTIME	0	0	0	0	0	0	0	0
XCHTIME	13	4	13	344543	502	110	314	343617
XCHTIME	0	0	0	0	0	0	0	0
XCHTIME	13	4	16	959349	522	267	495	958065
XCHTIME	0	0	0	0	0	0	0	0
XCHTIME	13	4	6	19824	536	225	129	18934
COUNTS	st_bsj2	13	40	143	114
XCHTIME	0	0	0	0	0	0	0	0
XCHTIME	440	2	4	885356	12494	1918	447	870497
XCHTIME	0	0	0	0	0	0	0	0
XCHTIME	440	2	6	9205471	8305	1961	600	9194605
XCHTIME	0	0	0	0	0	0	0	0
XCHTIME	440	2	5	2964673	10370	1670	573	2952060
XCHTIME	0	0	0	0	0	0	0	0
XCHTIME	440	4	18	18092218	8195	3665	1972	18078386
LADGATE	440	10000	0.432	1
XCHTIME	0	0	0	0	0	0	0	0
XCHTIME	440	4	10	1646418	8656	3628	890	1633244
XCHTIME	0	0	0	0	0	0	0	0
XCHTIME	440	4	66	6408209	8342	4493	6806	6388568
XCHTIME	0	0	0	0	0	0	0	0
XCHTIME	440	4	15	3047619	9700	3660	1399	3032860
XCHTIME	0	0	0	0	0	0	0	0
XCHTIME	440	4	10	1631614	8466	3500	978	1618670
XCHTIME	0	0	0	0	0	0	0	0
XCHTIME	440	4	18	18013824	8267	3308	1932	18000317
XCHTIME	0	0	0	0	0	0	0	0
XCHTIME	440	4	11	949622	8321	3273	961	937067
XCHTIME	0	0	0	0	0	0	0	0
XCHTIME	440	4	14	5660045	8085	3373	1492	5647095
XCHTIME	0	0	0	0	0	0	0	0
XCHTIME	440	4	13	10077542	8263	3144	1422	10064713
XCHTIME	0	0	0	0	0	0	0	0
XCHTIME	440	2	5	20410077	8286	2761	565	20398465
XCHTIME	0	0	0	0	0	0	0	0
XCHTIME	440	4	6	604724	10282	3475	521	590446
LIFT	chimera_mgw-c8-439-onc8-002	440	418	3060	418
COUNTS	chimera_mgw-c8-439-onc8-002	440	3038	97870	86320
XCHTIME	0	0	0	0	0	0	0	0
XCHTIME	5188	1	0	2453656	705642	217622	0	1530392
XCHTIME	0	0	0	0	0	0	0	0
XCHTIME	5188	1	0	2962275	674564	233489	0	2054222
XCHTIME	0	0	0	0	0	0	0	0
XCHTIME	5188	1	0	2815510	681618	246741	0	1887151
XCHTIME	0	0	0	0	0	0	0	0
XCHTIME	5188	2	5	10975887	679580	464547	1341	9830419
LADGATE	5188	10000	0.664	1
XCHTIME	0	0	0	0	0	0	0	0
XCHTIME	5188	5	26	21302376	685746	1185122	7413	19424095
XCHTIME	0	0	0	0	0	0	0	0
XCHTIME	5188	1	0	5132391	712257	214079	0	4206055
XCHTIME	0	0	0	0	0	0	0	0
XCHTIME	5188	3	12	6220359	689344	684388	3337	4843290
XCHTIME	0	0	0	0	0	0	0	0
XCHTIME	5188	4	10	8975592	694857	900214	4092	7376429
XCHTIME	0	0	0	0	0	0	0	0
XCHTIME	5188	2	5	11064963	680788	462979	1704	9919492
XCHTIME	0	0	0	0	0	0	0	0
XCHTIME	5188	4	11	8660172	712688	838461	3165	7105858
XCHTIME	0	0	0	0	0	0	0	0
XCHTIME	5188	4	14	10381408	707957	871041	4289	8798121
XCHTIME	0	0	0	0	0	0	0	0
XCHTIME	5188	4	13	11459586	684350	915162	4722	9855352
XCHTIME	0	0	0	0	0	0	0	0
XCHTIME	5188	1	0	9916512	730677	213317	0	8972518
XCHTIME	0	0	0	0	0	0	0	0
XCHTIME	5188	4	6	8315547	737330	830752	1977	6745488
LIFT	batchs201210m	5188	2645	13208	2645
COUNTS	batchs201210m	5188	17910	349298	303381
XCHTIME	0	0	0	0	0	0	0	0
XCHTIME	5456	1	0	2669858	740456	244942	0	1684460
XCHTIME	0	0	0	0	0	0	0	0
XCHTIME	5456	1	0	3795106	770369	241023	0	2783714
XCHTIME	0	0	0	0	0	0	0	0
XCHTIME	5456	1	0	3393326	752635	272193	0	2368498
XCHTIME	0	0	0	0	0	0	0	0
XCHTIME	5456	1	0	11231034	759734	241891	0	10229409
LADGATE	5456	10000	0.651	1
XCHTIME	0	0	0	0	0	0	0	0
XCHTIME	5456	5	26	89630260	761948	1272973	9723	87585616
XCHTIME	0	0	0	0	0	0	0	0
XCHTIME	5456	1	0	5906600	788365	243988	0	4874247
XCHTIME	0	0	0	0	0	0	0	0
XCHTIME	5456	2	4	6699029	779722	499594	1681	5418032
XCHTIME	0	0	0	0	0	0	0	0
XCHTIME	5456	4	10	12793968	772213	973831	4262	11043662
XCHTIME	0	0	0	0	0	0	0	0
XCHTIME	5456	1	0	11436260	759428	244023	0	10432809
XCHTIME	0	0	0	0	0	0	0	0
XCHTIME	5456	4	11	11701998	737792	1004619	4818	9954769
XCHTIME	0	0	0	0	0	0	0	0
XCHTIME	5456	2	4	12579043	793962	497002	1967	11286112
XCHTIME	0	0	0	0	0	0	0	0
XCHTIME	5456	1	0	11953092	745996	265428	0	10941668
XCHTIME	0	0	0	0	0	0	0	0
XCHTIME	5456	1	0	10796899	771532	266385	0	9758982
XCHTIME	0	0	0	0	0	0	0	0
XCHTIME	5456	4	6	9827220	768789	1012820	1701	8043910
LIFT	rsyn0815m04m	5456	2966	10968	2966
COUNTS	rsyn0815m04m	5456	15756	184352	143402
XCHTIME	0	0	0	0	0	0	0	0
XCHTIME	560	2	4	709306	15976	2541	191	690598
XCHTIME	0	0	0	0	0	0	0	0
XCHTIME	560	2	6	5851257	7707	2621	284	5840645
XCHTIME	0	0	0	0	0	0	0	0
XCHTIME	560	2	5	1919894	8101	2476	292	1909025
XCHTIME	0	0	0	0	0	0	0	0
XCHTIME	560	4	18	11721757	7693	5617	876	11707571
LADGATE	560	10000	0.287	1
XCHTIME	0	0	0	0	0	0	0	0
XCHTIME	560	5	26	14506841	7810	6151	1271	14491609
XCHTIME	0	0	0	0	0	0	0	0
XCHTIME	560	4	66	4753048	8074	7720	2541	4734713
XCHTIME	0	0	0	0	0	0	0	0
XCHTIME	560	4	15	2242176	9189	4932	677	2227378
XCHTIME	0	0	0	0	0	0	0	0
XCHTIME	560	4	10	1348971	8013	4968	457	1335533
XCHTIME	0	0	0	0	0	0	0	0
XCHTIME	560	4	18	11762126	7976	6862	885	11746403
XCHTIME	0	0	0	0	0	0	0	0
XCHTIME	560	4	11	755314	8631	4810	441	741432
XCHTIME	0	0	0	0	0	0	0	0
XCHTIME	560	4	14	3734087	7869	5581	633	3720004
XCHTIME	0	0	0	0	0	0	0	0
XCHTIME	560	4	13	6211683	8206	6503	671	6196303
XCHTIME	0	0	0	0	0	0	0	0
XCHTIME	560	2	5	16491614	8912	4605	374	16477723
XCHTIME	0	0	0	0	0	0	0	0
XCHTIME	560	4	6	491212	10509	4774	294	475635
LIFT	syn40m	560	291	1080	291
COUNTS	syn40m	560	1528	5007	4829
XCHTIME	0	0	0	0	0	0	0	0
XCHTIME	2157	2	4	1810862	102863	30149	656	1677194
XCHTIME	0	0	0	0	0	0	0	0
XCHTIME	2157	1	0	7448632	99902	13357	0	7335373
XCHTIME	0	0	0	0	0	0	0	0
XCHTIME	2157	2	5	4367339	127559	34127	717	4204936
XCHTIME	0	0	0	0	0	0	0	0
XCHTIME	2157	2	5	14805181	110390	45252	985	14648554
LADGATE	2157	10000	0.256	1
XCHTIME	0	0	0	0	0	0	0	0
XCHTIME	2157	5	26	42541158	103386	180021	5163	42252588
XCHTIME	0	0	0	0	0	0	0	0
XCHTIME	2157	4	66	2768440	138597	66955	6550	2556338
XCHTIME	0	0	0	0	0	0	0	0
XCHTIME	2157	4	15	4355533	103366	86577	2640	4162950
XCHTIME	0	0	0	0	0	0	0	0
XCHTIME	2157	4	10	3298297	93948	53924	1485	3148940
XCHTIME	0	0	0	0	0	0	0	0
XCHTIME	2157	2	5	14766734	97352	52703	1125	14615554
XCHTIME	0	0	0	0	0	0	0	0
XCHTIME	2157	4	11	2978923	123942	77368	1425	2776188
XCHTIME	0	0	0	0	0	0	0	0
XCHTIME	2157	4	14	10313247	103990	86308	2400	10120549
XCHTIME	0	0	0	0	0	0	0	0
XCHTIME	2157	3	12	13750177	118052	79679	2206	13550240
XCHTIME	0	0	0	0	0	0	0	0
XCHTIME	2157	1	0	15029527	141089	15958	0	14872480
XCHTIME	0	0	0	0	0	0	0	0
XCHTIME	2157	4	6	2699716	135129	68278	914	2495395
LIFT	knp5-44	2157	1167	31152	1167
COUNTS	knp5-44	2157	32604	3764003	3764003
XCHTIME	0	0	0	0	0	0	0	0
XCHTIME	94	2	4	160991	4528	402	180	155881
XCHTIME	0	0	0	0	0	0	0	0
XCHTIME	94	2	6	1279399	1879	393	201	1276926
XCHTIME	0	0	0	0	0	0	0	0
XCHTIME	94	2	5	447223	2075	276	177	444695
XCHTIME	0	0	0	0	0	0	0	0
XCHTIME	94	4	18	2558991	1841	632	587	2555931
LADGATE	94	10000	0.188	1
XCHTIME	0	0	0	0	0	0	0	0
XCHTIME	94	5	26	3187060	2540	719	904	3182897
XCHTIME	0	0	0	0	0	0	0	0
XCHTIME	94	4	66	1945181	1812	591	2292	1940486
XCHTIME	0	0	0	0	0	0	0	0
XCHTIME	94	4	15	537508	1911	509	474	534614
XCHTIME	0	0	0	0	0	0	0	0
XCHTIME	94	4	10	287709	1764	466	325	285154
XCHTIME	0	0	0	0	0	0	0	0
XCHTIME	94	4	18	2556759	1676	612	571	2553900
XCHTIME	0	0	0	0	0	0	0	0
XCHTIME	94	4	11	171293	2039	512	371	168371
XCHTIME	0	0	0	0	0	0	0	0
XCHTIME	94	4	14	902340	1616	512	389	899823
XCHTIME	0	0	0	0	0	0	0	0
XCHTIME	94	4	13	1347638	1913	518	381	1344826
XCHTIME	0	0	0	0	0	0	0	0
XCHTIME	94	4	16	7243962	2369	1315	647	7239631
XCHTIME	0	0	0	0	0	0	0	0
XCHTIME	94	4	6	101395	3035	451	216	97693
LIFT	ex1263a	94	59	320	59
COUNTS	ex1263a	94	390	2098	2098
COUNTS	st_e41	8	32	88	88
XCHTIME	0	0	0	0	0	0	0	0
XCHTIME	2305	2	4	1100697	72366	28813	336	999182
XCHTIME	0	0	0	0	0	0	0	0
XCHTIME	2305	2	6	3395009	80041	53798	1000	3260170
XCHTIME	0	0	0	0	0	0	0	0
XCHTIME	2305	2	5	1353843	153058	37701	964	1162120
XCHTIME	0	0	0	0	0	0	0	0
XCHTIME	2305	4	18	6382448	84607	137279	2809	6157753
LADGATE	2305	10000	0.682	1
XCHTIME	0	0	0	0	0	0	0	0
XCHTIME	2305	5	26	7710012	94664	141591	3790	7469967
XCHTIME	0	0	0	0	0	0	0	0
XCHTIME	2305	4	66	2439831	97312	84263	6835	2251421
XCHTIME	0	0	0	0	0	0	0	0
XCHTIME	2305	4	15	2251356	83432	77211	1762	2088951
XCHTIME	0	0	0	0	0	0	0	0
XCHTIME	2305	4	10	2160451	83484	74966	1287	2000714
XCHTIME	0	0	0	0	0	0	0	0
XCHTIME	2305	4	18	6210051	80910	120694	2752	6005695
XCHTIME	0	0	0	0	0	0	0	0
XCHTIME	2305	4	11	2109924	102143	76744	1105	1929932
XCHTIME	0	0	0	0	0	0	0	0
XCHTIME	2305	4	14	2413951	80413	74955	1425	2257158
XCHTIME	0	0	0	0	0	0	0	0
XCHTIME	2305	4	13	2863187	80483	77522	1926	2703256
XCHTIME	0	0	0	0	0	0	0	0
XCHTIME	2305	4	16	15684665	91018	182222	2907	15408518
XCHTIME	0	0	0	0	0	0	0	0
XCHTIME	2305	4	6	2160747	121566	75381	850	1962950
LIFT	squfl025-030	2305	805	3000	805
COUNTS	squfl025-030	2305	6000	42305	42305
XCHTIME	0	0	0	0	0	0	0	0
XCHTIME	98	2	4	165695	3303	377	300	161715
XCHTIME	0	0	0	0	0	0	0	0
XCHTIME	98	2	6	1869374	1801	349	403	1866821
XCHTIME	0	0	0	0	0	0	0	0
XCHTIME	98	2	5	464639	2028	365	397	461849
XCHTIME	0	0	0	0	0	0	0	0
XCHTIME	98	4	18	3301101	1996	808	1153	3297144
LADGATE	98	10000	0.234	1
XCHTIME	0	0	0	0	0	0	0	0
XCHTIME	98	5	26	4033080	3050	1392	1762	4026876
XCHTIME	0	0	0	0	0	0	0	0
XCHTIME	98	4	66	5805083	2546	1174	3800	5797563
XCHTIME	0	0	0	0	0	0	0	0
XCHTIME	98	4	15	594354	2867	662	986	589839
XCHTIME	0	0	0	0	0	0	0	0
XCHTIME	98	4	10	309035	2022	532	650	305831
XCHTIME	0	0	0	0	0	0	0	0
XCHTIME	98	4	18	3318318	1822	664	1187	3314645
XCHTIME	0	0	0	0	0	0	0	0
XCHTIME	98	4	11	183186	2017	471	669	180029
XCHTIME	0	0	0	0	0	0	0	0
XCHTIME	98	4	14	1003841	1850	564	854	1000573
XCHTIME	0	0	0	0	0	0	0	0
XCHTIME	98	4	13	1939314	2045	771	1008	1935490
XCHTIME	0	0	0	0	0	0	0	0
XCHTIME	98	4	16	11042758	1942	947	1211	11038658
XCHTIME	0	0	0	0	0	0	0	0
XCHTIME	98	4	6	125291	3369	4093	329	117500
LIFT	wastewater05m1	98	62	740	62
COUNTS	wastewater05m1	98	536	11690	8002
COUNTS	cvxnonsep_psig20	20	380	2870	2870
XCHTIME	0	0	0	0	0	0	0	0
XCHTIME	4405	1	0	1616498	693489	141056	0	781953
XCHTIME	0	0	0	0	0	0	0	0
XCHTIME	4405	1	0	1648853	776721	192525	0	679607
XCHTIME	0	0	0	0	0	0	0	0
XCHTIME	4405	1	0	1468016	727765	139647	0	600604
XCHTIME	0	0	0	0	0	0	0	0
XCHTIME	4405	3	15	5382667	635436	449811	4010	4293410
LADGATE	4405	10000	0.155	1
XCHTIME	0	0	0	0	0	0	0	0
XCHTIME	4405	4	10	7220384	788525	527161	2429	5902269
XCHTIME	0	0	0	0	0	0	0	0
XCHTIME	4405	2	19	2953383	738275	259953	3110	1952045
XCHTIME	0	0	0	0	0	0	0	0
XCHTIME	4405	2	4	3139594	636832	269260	1434	2232068
XCHTIME	0	0	0	0	0	0	0	0
XCHTIME	4405	3	9	5105467	668533	410096	2872	4023966
XCHTIME	0	0	0	0	0	0	0	0
XCHTIME	4405	3	15	5174280	691852	382164	3415	4096849
XCHTIME	0	0	0	0	0	0	0	0
XCHTIME	4405	3	9	5368016	696710	417211	1829	4252266
XCHTIME	0	0	0	0	0	0	0	0
XCHTIME	4405	3	12	5266873	700310	408018	3024	4155521
XCHTIME	0	0	0	0	0	0	0	0
XCHTIME	4405	3	12	5349195	711777	390055	2707	4244656
XCHTIME	0	0	0	0	0	0	0	0
XCHTIME	4405	2	5	6624203	698835	288177	1449	5635742
XCHTIME	0	0	0	0	0	0	0	0
XCHTIME	4405	3	3	5155902	694274	410943	847	4049838
LIFT	meanvar-orl400_05_e_8	4405	2403	168400	2403
COUNTS	meanvar-orl400_05_e_8	4405	171604	21923414	21922611
XCHTIME	0	0	0	0	0	0	0	0
XCHTIME	301	2	4	502900	7563	1181	193	493963
XCHTIME	0	0	0	0	0	0	0	0
XCHTIME	301	2	6	4441851	3864	814	246	4436927
XCHTIME	0	0	0	0	0	0	0	0
XCHTIME	301	2	5	1496689	3984	1073	203	1491429
XCHTIME	0	0	0	0	0	0	0	0
XCHTIME	301	4	18	8291298	3675	1630	685	8285308
LADGATE	301	10000	0.265	1
XCHTIME	0	0	0	0	0	0	0	0
XCHTIME	301	5	26	10712744	4263	2536	1034	10704911
XCHTIME	0	0	0	0	0	0	0	0
XCHTIME	301	4	66	5669736	3490	2597	2516	5661133
XCHTIME	0	0	0	0	0	0	0	0
XCHTIME	301	4	15	1738800	5181	2169	729	1730721
XCHTIME	0	0	0	0	0	0	0	0
XCHTIME	301	4	10	922329	3872	2415	448	915594
XCHTIME	0	0	0	0	0	0	0	0
XCHTIME	301	4	18	8424938	3485	2881	775	8417797
XCHTIME	0	0	0	0	0	0	0	0
XCHTIME	301	4	11	564700	4356	2243	462	557639
XCHTIME	0	0	0	0	0	0	0	0
XCHTIME	301	4	14	2919619	3469	1802	659	2913689
XCHTIME	0	0	0	0	0	0	0	0
XCHTIME	301	4	13	4822117	4819	2588	578	4814132
XCHTIME	0	0	0	0	0	0	0	0
XCHTIME	301	3	15	16491623	3733	3209	623	16484058
XCHTIME	0	0	0	0	0	0	0	0
XCHTIME	301	4	6	346156	5001	2402	245	338508
LIFT	st_e31	301	163	492	163
COUNTS	st_e31	301	744	4534	4257
LIFT	pooling_sppc1pq	14100	7273	535700	7273
COUNTS	pooling_sppc1pq	14100	477680	812210652	136686008
XCHTIME	0	0	0	0	0	0	0	0
XCHTIME	31	2	4	41353	2327	314	135	38577
XCHTIME	0	0	0	0	0	0	0	0
XCHTIME	31	2	6	367737	1123	169	118	366327
XCHTIME	0	0	0	0	0	0	0	0
XCHTIME	31	2	5	99600	924	179	100	98397
XCHTIME	0	0	0	0	0	0	0	0
XCHTIME	31	4	18	651346	809	252	492	649793
LADGATE	31	10000	0.170	1
XCHTIME	0	0	0	0	0	0	0	0
XCHTIME	31	5	26	897194	1570	313	669	894642
XCHTIME	0	0	0	0	0	0	0	0
XCHTIME	31	4	59	405223	920	285	1854	402164
XCHTIME	0	0	0	0	0	0	0	0
XCHTIME	31	4	15	153886	897	240	311	152438
XCHTIME	0	0	0	0	0	0	0	0
XCHTIME	31	4	10	67501	1097	226	211	65967
XCHTIME	0	0	0	0	0	0	0	0
XCHTIME	31	4	18	647478	932	263	454	645829
XCHTIME	0	0	0	0	0	0	0	0
XCHTIME	31	4	11	53047	840	268	221	51718
XCHTIME	0	0	0	0	0	0	0	0
XCHTIME	31	4	14	225358	894	218	278	223968
XCHTIME	0	0	0	0	0	0	0	0
XCHTIME	31	4	13	278529	1001	245	274	277009
XCHTIME	0	0	0	0	0	0	0	0
XCHTIME	31	4	16	2888675	912	400	401	2886962
XCHTIME	0	0	0	0	0	0	0	0
XCHTIME	31	4	6	27313	1640	248	139	25286
COUNTS	pooling_haverly1pq	31	96	412	403
XCHTIME	0	0	0	0	0	0	0	0
XCHTIME	128	2	4	208759	4974	589	177	203019
XCHTIME	0	0	0	0	0	0	0	0
XCHTIME	128	2	6	2825542	2026	366	274	2822876
XCHTIME	0	0	0	0	0	0	0	0
XCHTIME	128	2	5	793860	2089	356	193	791222
XCHTIME	0	0	0	0	0	0	0	0
XCHTIME	128	4	18	5485578	1914	716	777	5482171
LADGATE	128	10000	0.226	1
XCHTIME	0	0	0	0	0	0	0	0
XCHTIME	128	5	26	6960971	2792	867	1072	6956240
XCHTIME	0	0	0	0	0	0	0	0
XCHTIME	128	4	66	1111879	2179	679	2490	1106531
XCHTIME	0	0	0	0	0	0	0	0
XCHTIME	128	4	15	780321	2256	672	532	776861
XCHTIME	0	0	0	0	0	0	0	0
XCHTIME	128	4	10	381914	2036	792	419	378667
XCHTIME	0	0	0	0	0	0	0	0
XCHTIME	128	4	18	5488030	1965	1464	716	5483885
XCHTIME	0	0	0	0	0	0	0	0
XCHTIME	128	4	11	206868	2149	585	465	203669
XCHTIME	0	0	0	0	0	0	0	0
XCHTIME	128	4	14	1536357	1842	711	520	1533284
XCHTIME	0	0	0	0	0	0	0	0
XCHTIME	128	4	13	2971437	2044	659	474	2968260
XCHTIME	0	0	0	0	0	0	0	0
XCHTIME	128	4	16	21656909	1932	1266	838	21652873
XCHTIME	0	0	0	0	0	0	0	0
XCHTIME	128	4	6	136062	3214	617	284	131947
LIFT	graphpart_3g-0244-0244	128	96	672	96
COUNTS	graphpart_3g-0244-0244	128	672	33446	32534
XCHTIME	0	0	0	0	0	0	0	0
XCHTIME	80	2	4	168250	3792	407	700	163351
XCHTIME	0	0	0	0	0	0	0	0
XCHTIME	80	2	6	2150819	2421	232	879	2147287
XCHTIME	0	0	0	0	0	0	0	0
XCHTIME	80	2	5	632181	2541	268	718	628654
XCHTIME	0	0	0	0	0	0	0	0
XCHTIME	80	4	18	3570617	2285	516	2680	3565136
LADGATE	80	10000	0.233	1
XCHTIME	0	0	0	0	0	0	0	0
XCHTIME	80	5	26	4702264	3195	610	3752	4694707
XCHTIME	0	0	0	0	0	0	0	0
XCHTIME	80	4	66	1537800	2311	602	7795	1527092
XCHTIME	0	0	0	0	0	0	0	0
XCHTIME	80	4	15	573530	2612	442	2183	568293
XCHTIME	0	0	0	0	0	0	0	0
XCHTIME	80	4	10	285166	2453	420	1598	280695
XCHTIME	0	0	0	0	0	0	0	0
XCHTIME	80	4	18	3587967	2436	530	2656	3582345
XCHTIME	0	0	0	0	0	0	0	0
XCHTIME	80	4	11	166169	2468	416	1638	161647
XCHTIME	0	0	0	0	0	0	0	0
XCHTIME	80	4	14	1170169	2360	445	2036	1165328
XCHTIME	0	0	0	0	0	0	0	0
XCHTIME	80	4	13	2263473	2375	488	1906	2258704
XCHTIME	0	0	0	0	0	0	0	0
XCHTIME	80	4	16	13822897	2493	715	2460	13817229
XCHTIME	0	0	0	0	0	0	0	0
XCHTIME	80	4	6	113801	3292	426	874	109209
LIFT	graphpart_clique-20	80	77	1254	77
COUNTS	graphpart_clique-20	80	1260	34885	27856
LADGATE	28368	10000	0.809	0
LIFT	mpbp_48	28368	16000	66180	16000
COUNTS	mpbp_48	28368	91016	33835023	16144599
LIFT	pooling_sppb5pq	18529	9496	693670	9496
COUNTS	pooling_sppb5pq	18529	674470	523815053	213571545
XCHTIME	0	0	0	0	0	0	0	0
XCHTIME	497	2	4	198222	13221	2186	212	182603
XCHTIME	0	0	0	0	0	0	0	0
XCHTIME	497	2	6	705820	6155	2159	280	697226
XCHTIME	0	0	0	0	0	0	0	0
XCHTIME	497	2	5	322953	5780	1956	269	314948
XCHTIME	0	0	0	0	0	0	0	0
XCHTIME	497	4	18	1578268	9086	4530	930	1563722
LADGATE	497	10000	0.238	1
XCHTIME	0	0	0	0	0	0	0	0
XCHTIME	497	5	26	1730441	6849	4595	1262	1717735
XCHTIME	0	0	0	0	0	0	0	0
XCHTIME	497	2	19	7044994	5883	2460	992	7035659
XCHTIME	0	0	0	0	0	0	0	0
XCHTIME	497	4	15	452254	6906	4007	720	440621
XCHTIME	0	0	0	0	0	0	0	0
XCHTIME	497	4	10	330158	6186	4026	402	319544
XCHTIME	0	0	0	0	0	0	0	0
XCHTIME	497	4	18	1545473	5727	3832	1006	1534908
XCHTIME	0	0	0	0	0	0	0	0
XCHTIME	497	4	11	336065	6031	5136	554	324344
XCHTIME	0	0	0	0	0	0	0	0
XCHTIME	497	4	14	593245	6163	4008	570	582504
XCHTIME	0	0	0	0	0	0	0	0
XCHTIME	497	4	13	930165	6112	4683	643	918727
XCHTIME	0	0	0	0	0	0	0	0
XCHTIME	497	4	16	2803549	6681	5701	765	2790402
XCHTIME	0	0	0	0	0	0	0	0
XCHTIME	497	4	6	221662	7019	3786	240	210617
LIFT	slay07m	497	203	924	203
COUNTS	slay07m	497	1512	5740	5740
COUNTS	nvs19	24	200	1353	884
XCHTIME	0	0	0	0	0	0	0	0
XCHTIME	3270	2	4	1959862	221127	113786	688	1624261
XCHTIME	0	0	0	0	0	0	0	0
XCHTIME	3270	1	0	2885034	211624	57117	0	2616293
XCHTIME	0	0	0	0	0	0	0	0
XCHTIME	3270	2	5	2646183	241033	146351	773	2258026
XCHTIME	0	0	0	0	0	0	0	0
XCHTIME	3270	3	15	11430958	202154	217839	1595	11009370
LADGATE	3270	10000	0.513	1
XCHTIME	0	0	0	0	0	0	0	0
XCHTIME	3270	5	26	18274887	167580	330277	3800	17773230
XCHTIME	0	0	0	0	0	0	0	0
XCHTIME	3270	2	19	5445745	247012	144316	1785	5052632
XCHTIME	0	0	0	0	0	0	0	0
XCHTIME	3270	4	15	5442872	231626	236941	2910	4971395
XCHTIME	0	0	0	0	0	0	0	0
XCHTIME	3270	4	10	4752803	220645	227101	2222	4302835
XCHTIME	0	0	0	0	0	0	0	0
XCHTIME	3270	3	15	11393995	280769	195696	1980	10915550
XCHTIME	0	0	0	0	0	0	0	0
XCHTIME	3270	4	11	4473205	220397	292164	2392	3958252
XCHTIME	0	0	0	0	0	0	0	0
XCHTIME	3270	4	14	6477846	184618	213822	2411	6076995
XCHTIME	0	0	0	0	0	0	0	0
XCHTIME	3270	4	13	10957583	216829	274463	2359	10463932
XCHTIME	0	0	0	0	0	0	0	0
XCHTIME	3270	1	0	10653147	223785	56002	0	10373360
XCHTIME	0	0	0	0	0	0	0	0
XCHTIME	3270	4	6	3613908	224232	195612	1414	3192650
LIFT	oil	3270	1687	5444	1687
COUNTS	oil	3270	8430	36313	34760
XCHTIME	0	0	0	0	0	0	0	0
XCHTIME	2775	2	4	1435937	127873	54882	486	1252696
XCHTIME	0	0	0	0	0	0	0	0
XCHTIME	2775	2	6	2104451	122185	58114	759	1923393
XCHTIME	0	0	0	0	0	0	0	0
XCHTIME	2775	2	5	1655285	127790	60113	881	1466501
XCHTIME	0	0	0	0	0	0	0	0
XCHTIME	2775	4	18	4146142	117751	112707	1962	3913722
LADGATE	2775	10000	0.972	1
XCHTIME	0	0	0	0	0	0	0	0
XCHTIME	2775	5	26	5178499	120938	153402	3108	4901051
XCHTIME	0	0	0	0	0	0	0	0
XCHTIME	2775	4	66	3657500	138633	136274	6641	3375952
XCHTIME	0	0	0	0	0	0	0	0
XCHTIME	2775	4	15	2861739	129334	127309	2021	2603075
XCHTIME	0	0	0	0	0	0	0	0
XCHTIME	2775	4	10	2815535	131038	120054	1464	2562979
XCHTIME	0	0	0	0	0	0	0	0
XCHTIME	2775	4	18	4415259	142721	164055	2720	4105763
XCHTIME	0	0	0	0	0	0	0	0
XCHTIME	2775	4	11	2777162	146475	134344	1641	2494702
XCHTIME	0	0	0	0	0	0	0	0
XCHTIME	2775	4	14	3159681	136158	133467	1529	2888527
XCHTIME	0	0	0	0	0	0	0	0
XCHTIME	2775	4	13	3376634	110609	108470	1678	3155877
XCHTIME	0	0	0	0	0	0	0	0
XCHTIME	2775	4	16	13972293	128174	256452	2753	13584914
XCHTIME	0	0	0	0	0	0	0	0
XCHTIME	2775	4	6	2752529	170540	100802	634	2480553
LIFT	squfl015-060	2775	975	3600	975
COUNTS	squfl015-060	2775	7200	36400	36400
XCHTIME	0	0	0	0	0	0	0	0
XCHTIME	1112	2	4	1050629	21912	7060	222	1021435
XCHTIME	0	0	0	0	0	0	0	0
XCHTIME	1112	2	6	8067695	27657	10806	298	8028934
XCHTIME	0	0	0	0	0	0	0	0
XCHTIME	1112	2	5	3778612	23991	8257	232	3746132
XCHTIME	0	0	0	0	0	0	0	0
XCHTIME	1112	3	15	16470022	27500	20730	584	16421208
LADGATE	1112	10000	0.457	1
XCHTIME	0	0	0	0	0	0	0	0
XCHTIME	1112	5	26	32020078	23069	35611	1206	31960192
XCHTIME	0	0	0	0	0	0	0	0
XCHTIME	1112	3	57	6345337	26830	14673	1835	6301999
XCHTIME	0	0	0	0	0	0	0	0
XCHTIME	1112	4	15	3517243	26152	18217	588	3472286
XCHTIME	0	0	0	0	0	0	0	0
XCHTIME	1112	4	10	2061328	23862	15779	475	2021212
XCHTIME	0	0	0	0	0	0	0	0
XCHTIME	1112	3	15	16415662	23528	19576	637	16371921
XCHTIME	0	0	0	0	0	0	0	0
XCHTIME	1112	4	11	1263384	24187	15920	486	1222791
XCHTIME	0	0	0	0	0	0	0	0
XCHTIME	1112	4	14	7525307	22691	18606	671	7483339
XCHTIME	0	0	0	0	0	0	0	0
XCHTIME	1112	4	13	14127363	24180	22755	626	14079802
XCHTIME	0	0	0	0	0	0	0	0
XCHTIME	1112	1	0	15520814	25756	3449	0	15491609
XCHTIME	0	0	0	0	0	0	0	0
XCHTIME	1112	4	6	912828	35031	17361	288	860148
LIFT	ndcc12persp	1112	961	5220	961
COUNTS	ndcc12persp	1112	5522	299115	284793
LIFT	kissing2	20772	10772	381024	10772
COUNTS	kissing2	20772	401024	156414018	156414018
XCHTIME	0	0	0	0	0	0	0	0
XCHTIME	1942	2	4	2647710	69672	23390	732	2553916
XCHTIME	0	0	0	0	0	0	0	0
XCHTIME	1942	1	0	7656700	74709	10347	0	7571644
XCHTIME	0	0	0	0	0	0	0	0
XCHTIME	1942	2	5	5388451	95033	40230	1393	5251795
XCHTIME	0	0	0	0	0	0	0	0
XCHTIME	1942	2	5	15283365	104151	57754	1218	15120242
LADGATE	1942	10000	0.570	1
XCHTIME	0	0	0	0	0	0	0	0
XCHTIME	1942	5	26	71952295	77636	129565	7874	71737220
XCHTIME	0	0	0	0	0	0	0	0
XCHTIME	1942	2	19	6949441	97818	42836	3704	6805083
XCHTIME	0	0	0	0	0	0	0	0
XCHTIME	1942	3	12	6641678	87702	47143	2301	6504532
XCHTIME	0	0	0	0	0	0	0	0
XCHTIME	1942	4	10	5199150	73717	52434	2172	5070827
XCHTIME	0	0	0	0	0	0	0	0
XCHTIME	1942	2	5	15632834	93538	41532	1305	15496459
XCHTIME	0	0	0	0	0	0	0	0
XCHTIME	1942	4	11	3758503	84496	59467	3192	3611348
XCHTIME	0	0	0	0	0	0	0	0
XCHTIME	1942	4	14	14637342	76899	76241	3917	14480285
XCHTIME	0	0	0	0	0	0	0	0
XCHTIME	1942	2	4	15021030	80161	40647	1458	14898764
XCHTIME	0	0	0	0	0	0	0	0
XCHTIME	1942	1	0	15357545	85305	13114	0	15259126
XCHTIME	0	0	0	0	0	0	0	0
XCHTIME	1942	4	6	2933231	123219	59779	1841	2748392
LIFT	nuclear25a	1942	755	18260	755
COUNTS	nuclear25a	1942	16030	1977163	1136191
XCHTIME	0	0	0	0	0	0	0	0
XCHTIME	222	2	4	162239	15154	817	206	146062
XCHTIME	0	0	0	0	0	0	0	0
XCHTIME	222	2	6	840450	2693	504	240	837013
XCHTIME	0	0	0	0	0	0	0	0
XCHTIME	222	2	5	351835	2774	730	215	348116
XCHTIME	0	0	0	0	0	0	0	0
XCHTIME	222	4	18	1535042	3072	1276	782	1529912
LADGATE	222	10000	0.220	1
XCHTIME	0	0	0	0	0	0	0	0
XCHTIME	222	5	26	1781572	3115	1459	1148	1775850
XCHTIME	0	0	0	0	0	0	0	0
XCHTIME	222	4	66	5627219	2804	1220	2644	5620551
XCHTIME	0	0	0	0	0	0	0	0
XCHTIME	222	4	15	406380	3280	1220	627	401253
XCHTIME	0	0	0	0	0	0	0	0
XCHTIME	222	4	10	230328	2644	1110	341	226233
XCHTIME	0	0	0	0	0	0	0	0
XCHTIME	222	4	18	1559719	2469	1192	781	1555277
XCHTIME	0	0	0	0	0	0	0	0
XCHTIME	222	4	11	182906	2672	1077	428	178729
XCHTIME	0	0	0	0	0	0	0	0
XCHTIME	222	4	14	616279	2603	1092	489	612095
XCHTIME	0	0	0	0	0	0	0	0
XCHTIME	222	4	13	928103	2686	1179	533	923705
XCHTIME	0	0	0	0	0	0	0	0
XCHTIME	222	4	16	4264379	2636	1733	712	4259298
XCHTIME	0	0	0	0	0	0	0	0
XCHTIME	222	4	6	128343	4353	942	313	122735
LIFT	clay0204m	222	102	464	102
COUNTS	clay0204m	222	704	2330	2330
XCHTIME	0	0	0	0	0	0	0	0
XCHTIME	23	2	4	36680	699	167	114	35700
XCHTIME	0	0	0	0	0	0	0	0
XCHTIME	23	2	6	426169	871	128	129	425041
XCHTIME	0	0	0	0	0	0	0	0
XCHTIME	23	2	5	100811	784	105	110	99812
XCHTIME	0	0	0	0	0	0	0	0
XCHTIME	23	4	18	240708	761	187	418	239342
LADGATE	23	10000	0.135	1
XCHTIME	0	0	0	0	0	0	0	0
XCHTIME	23	5	26	552090	854	252	604	550380
XCHTIME	0	0	0	0	0	0	0	0
XCHTIME	23	4	51	1255009	756	226	1340	1252687
XCHTIME	0	0	0	0	0	0	0	0
XCHTIME	23	4	15	79932	1406	275	333	77918
XCHTIME	0	0	0	0	0	0	0	0
XCHTIME	23	4	10	43762	838	197	201	42526
XCHTIME	0	0	0	0	0	0	0	0
XCHTIME	23	4	18	254396	637	187	417	253155
XCHTIME	0	0	0	0	0	0	0	0
XCHTIME	23	4	11	34625	668	193	226	33538
XCHTIME	0	0	0	0	0	0	0	0
XCHTIME	23	4	14	198098	665	159	311	196963
XCHTIME	0	0	0	0	0	0	0	0
XCHTIME	23	4	13	347165	678	187	288	346012
XCHTIME	0	0	0	0	0	0	0	0
XCHTIME	23	4	16	1791085	785	280	367	1789653
XCHTIME	0	0	0	0	0	0	0	0
XCHTIME	23	4	6	23545	1188	195	121	22041
COUNTS	st_ph13	23	68	207	178
XCHTIME	0	0	0	0	0	0	0	0
XCHTIME	1053	2	4	714100	20885	6702	266	686247
XCHTIME	0	0	0	0	0	0	0	0
XCHTIME	1053	2	6	6088919	21927	8408	436	6058148
XCHTIME	0	0	0	0	0	0	0	0
XCHTIME	1053	2	5	1884567	23854	7557	290	1852866
XCHTIME	0	0	0	0	0	0	0	0
XCHTIME	1053	4	18	11977265	22175	21581	1418	11932091
LADGATE	1053	10000	0.398	1
XCHTIME	0	0	0	0	0	0	0	0
XCHTIME	1053	5	26	14419739	21484	22721	1741	14373793
XCHTIME	0	0	0	0	0	0	0	0
XCHTIME	1053	4	66	827038	25337	12412	3330	785959
XCHTIME	0	0	0	0	0	0	0	0
XCHTIME	1053	4	15	2041429	21152	14751	1035	2004491
XCHTIME	0	0	0	0	0	0	0	0
XCHTIME	1053	4	10	1230565	20424	12808	654	1196679
XCHTIME	0	0	0	0	0	0	0	0
XCHTIME	1053	4	18	11715031	20635	23673	1601	11669122
XCHTIME	0	0	0	0	0	0	0	0
XCHTIME	1053	4	11	928843	23963	13918	724	890238
XCHTIME	0	0	0	0	0	0	0	0
XCHTIME	1053	4	14	3591920	21211	14168	905	3555636
XCHTIME	0	0	0	0	0	0	0	0
XCHTIME	1053	4	13	6471804	21371	17020	954	6432459
XCHTIME	0	0	0	0	0	0	0	0
XCHTIME	1053	2	5	17633097	24346	14846	493	17593412
XCHTIME	0	0	0	0	0	0	0	0
XCHTIME	1053	4	6	795167	36790	13786	396	744195
LIFT	edgecross10-030	1053	573	5134	573
COUNTS	edgecross10-030	1053	4654	135854	100080
XCHTIME	0	0	0	0	0	0	0	0
XCHTIME	601	2	4	1600562	14582	2794	264	1582922
XCHTIME	0	0	0	0	0	0	0	0
XCHTIME	601	1	0	7118499	8678	1306	0	7108515
XCHTIME	0	0	0	0	0	0	0	0
XCHTIME	601	2	5	5854123	9221	2732	376	5841794
XCHTIME	0	0	0	0	0	0	0	0
XCHTIME	601	2	5	14530558	8417	4144	372	14517625
LADGATE	601	10000	0.244	1
XCHTIME	0	0	0	0	0	0	0	0
XCHTIME	601	5	26	62293443	9540	7260	1980	62274663
XCHTIME	0	0	0	0	0	0	0	0
XCHTIME	601	4	66	212106	8977	5297	2800	195032
XCHTIME	0	0	0	0	0	0	0	0
XCHTIME	601	4	15	4686312	7913	5491	1067	4671841
XCHTIME	0	0	0	0	0	0	0	0
XCHTIME	601	4	10	2965351	8709	5657	711	2950274
XCHTIME	0	0	0	0	0	0	0	0
XCHTIME	601	2	5	14223133	8611	2846	400	14211276
XCHTIME	0	0	0	0	0	0	0	0
XCHTIME	601	4	11	1167096	8511	5503	645	1152437
XCHTIME	0	0	0	0	0	0	0	0
XCHTIME	601	4	14	14221036	8000	5505	973	14206558
XCHTIME	0	0	0	0	0	0	0	0
XCHTIME	601	3	12	15490870	8009	4546	1115	15477200
XCHTIME	0	0	0	0	0	0	0	0
XCHTIME	601	1	0	15221020	8639	1311	0	15211070
XCHTIME	0	0	0	0	0	0	0	0
XCHTIME	601	4	6	749674	11299	5563	381	732431
LIFT	chain200	601	400	1596	400
COUNTS	chain200	601	2396	8182	8182
XCHTIME	0	0	0	0	0	0	0	0
XCHTIME	25	2	4	41581	762	232	121	40466
XCHTIME	0	0	0	0	0	0	0	0
XCHTIME	25	2	6	329445	756	195	171	328323
XCHTIME	0	0	0	0	0	0	0	0
XCHTIME	25	2	5	94853	916	108	142	93687
XCHTIME	0	0	0	0	0	0	0	0
XCHTIME	25	4	18	676287	694	496	579	674518
LADGATE	25	10000	0.162	1
XCHTIME	0	0	0	0	0	0	0	0
XCHTIME	25	5	26	697325	1667	305	718	694635
XCHTIME	0	0	0	0	0	0	0	0
XCHTIME	25	4	53	9676	716	169	1448	7343
XCHTIME	0	0	0	0	0	0	0	0
XCHTIME	25	4	15	116411	559	200	364	115288
XCHTIME	0	0	0	0	0	0	0	0
XCHTIME	25	4	10	78982	645	190	243	77904
XCHTIME	0	0	0	0	0	0	0	0
XCHTIME	25	4	18	647543	651	218	449	646225
XCHTIME	0	0	0	0	0	0	0	0
XCHTIME	25	4	11	47467	632	195	271	46369
XCHTIME	0	0	0	0	0	0	0	0
XCHTIME	25	4	14	163813	629	172	403	162609
XCHTIME	0	0	0	0	0	0	0	0
XCHTIME	25	4	13	354583	565	196	331	353491
XCHTIME	0	0	0	0	0	0	0	0
XCHTIME	25	4	16	1442198	622	263	388	1440925
XCHTIME	0	0	0	0	0	0	0	0
XCHTIME	25	4	6	30101	905	229	152	28815
COUNTS	ex1223b	25	66	178	178
XCHTIME	0	0	0	0	0	0	0	0
XCHTIME	2718	2	4	1350242	121742	55740	713	1172047
XCHTIME	0	0	0	0	0	0	0	0
XCHTIME	2718	1	0	1376489	121324	23704	0	1231461
XCHTIME	0	0	0	0	0	0	0	0
XCHTIME	2718	2	5	1091522	126637	52665	638	911582
XCHTIME	0	0	0	0	0	0	0	0
XCHTIME	2718	4	18	5648103	147789	111825	2200	5386289
LADGATE	2718	10000	0.549	1
XCHTIME	0	0	0	0	0	0	0	0
XCHTIME	2718	5	26	6614142	130500	141369	2863	6339410
XCHTIME	0	0	0	0	0	0	0	0
XCHTIME	2718	2	19	5909118	138132	59665	2233	5709088
XCHTIME	0	0	0	0	0	0	0	0
XCHTIME	2718	4	15	3263848	157853	129352	1968	2974675
XCHTIME	0	0	0	0	0	0	0	0
XCHTIME	2718	4	10	2947907	131488	115497	1702	2699220
XCHTIME	0	0	0	0	0	0	0	0
XCHTIME	2718	4	18	5891871	135379	138893	2375	5615224
XCHTIME	0	0	0	0	0	0	0	0
XCHTIME	2718	4	11	2865133	143781	117721	1483	2602148
XCHTIME	0	0	0	0	0	0	0	0
XCHTIME	2718	4	14	3412332	123471	112228	1684	3174949
XCHTIME	0	0	0	0	0	0	0	0
XCHTIME	2718	4	13	4356571	133984	123936	1813	4096838
XCHTIME	0	0	0	0	0	0	0	0
XCHTIME	2718	1	0	11526899	129403	26000	0	11371496
XCHTIME	0	0	0	0	0	0	0	0
XCHTIME	2718	4	6	2729670	170254	119335	933	2439148
LIFT	slay09h	2718	1206	5040	1206
COUNTS	slay09h	2718	7488	36057	32385
XCHTIME	0	0	0	0	0	0	0	0
XCHTIME	974	2	4	1240300	27104	6216	180	1206800
XCHTIME	0	0	0	0	0	0	0	0
XCHTIME	974	2	6	9408506	19379	8673	237	9380217
XCHTIME	0	0	0	0	0	0	0	0
XCHTIME	974	2	5	4617050	23028	6510	199	4587313
XCHTIME	0	0	0	0	0	0	0	0
XCHTIME	974	3	15	18044159	21137	14422	565	18008035
LADGATE	974	10000	0.485	1
XCHTIME	0	0	0	0	0	0	0	0
XCHTIME	974	5	26	41714099	20929	24620	1086	41667464
XCHTIME	0	0	0	0	0	0	0	0
XCHTIME	974	3	57	7485319	22271	16559	2230	7444259
XCHTIME	0	0	0	0	0	0	0	0
XCHTIME	974	4	15	4431147	21263	12514	572	4396798
XCHTIME	0	0	0	0	0	0	0	0
XCHTIME	974	4	10	2333732	22025	12265	443	2298999
XCHTIME	0	0	0	0	0	0	0	0
XCHTIME	974	3	15	18223026	20447	16706	660	18185213
XCHTIME	0	0	0	0	0	0	0	0
XCHTIME	974	4	11	1330149	22627	12419	442	1294661
XCHTIME	0	0	0	0	0	0	0	0
XCHTIME	974	4	14	9155361	29187	13827	614	9111733
XCHTIME	0	0	0	0	0	0	0	0
XCHTIME	974	4	13	17625214	21144	19282	600	17584188
XCHTIME	0	0	0	0	0	0	0	0
XCHTIME	974	1	0	17671088	24092	2841	0	17644155
XCHTIME	0	0	0	0	0	0	0	0
XCHTIME	974	4	6	879086	30062	11635	274	837115
LIFT	ndcc12	974	902	6222	902
COUNTS	ndcc12	974	5982	345696	329556
XCHTIME	0	0	0	0	0	0	0	0
XCHTIME	1306	2	4	1630462	28181	9483	322	1592476
XCHTIME	0	0	0	0	0	0	0	0
XCHTIME	1306	2	6	7237315	27942	14925	451	7193997
XCHTIME	0	0	0	0	0	0	0	0
XCHTIME	1306	2	5	5169671	30916	11314	390	5127051
XCHTIME	0	0	0	0	0	0	0	0
XCHTIME	1306	3	15	15488462	32257	22257	1025	15432923
LADGATE	1306	10000	0.415	1
XCHTIME	0	0	0	0	0	0	0	0
XCHTIME	1306	5	26	34236414	30577	39817	1771	34164249
XCHTIME	0	0	0	0	0	0	0	0
XCHTIME	1306	1	0	6740894	40348	4597	0	6695949
XCHTIME	0	0	0	0	0	0	0	0
XCHTIME	1306	4	15	6759440	45212	27796	1468	6684964
XCHTIME	0	0	0	0	0	0	0	0
XCHTIME	1306	4	10	2999509	33077	19457	702	2946273
XCHTIME	0	0	0	0	0	0	0	0
XCHTIME	1306	3	15	15553314	33120	26483	1282	15492429
XCHTIME	0	0	0	0	0	0	0	0
XCHTIME	1306	4	11	2593924	36569	30913	1103	2525339
XCHTIME	0	0	0	0	0	0	0	0
XCHTIME	1306	4	14	10404646	28890	22884	964	10351908
XCHTIME	0	0	0	0	0	0	0	0
XCHTIME	1306	4	13	16077153	29560	25923	916	16020754
XCHTIME	0	0	0	0	0	0	0	0
XCHTIME	1306	1	0	15691738	32384	4410	0	15654944
XCHTIME	0	0	0	0	0	0	0	0
XCHTIME	1306	4	6	1459115	49791	22887	559	1385878
LIFT	kall_circlesrectangles_c6r39	1306	924	4638	924
COUNTS	kall_circlesrectangles_c6r39	1306	5378	75744	74610
XCHTIME	0	0	0	0	0	0	0	0
XCHTIME	9170	1	0	4402614	2373758	788895	0	1239961
XCHTIME	0	0	0	0	0	0	0	0
XCHTIME	9170	1	0	6189720	2300087	820844	0	3068789
XCHTIME	0	0	0	0	0	0	0	0
XCHTIME	9170	1	0	5390426	2383280	787705	0	2219441
XCHTIME	0	0	0	0	0	0	0	0
XCHTIME	9170	2	5	10847244	2406442	1564988	2469	6873345
LADGATE	9170	10000	0.518	1
XCHTIME	0	0	0	0	0	0	0	0
XCHTIME	9170	5	26	28663003	2335383	3875760	11995	22439865
XCHTIME	0	0	0	0	0	0	0	0
XCHTIME	9170	1	0	6240203	2355782	781108	0	3103313
XCHTIME	0	0	0	0	0	0	0	0
XCHTIME	9170	1	0	6117969	2278464	756580	0	3082925
XCHTIME	0	0	0	0	0	0	0	0
XCHTIME	9170	2	3	10785044	2400145	1573568	1655	6809676
XCHTIME	0	0	0	0	0	0	0	0
XCHTIME	9170	2	5	10763327	2345540	1565030	2658	6850099
XCHTIME	0	0	0	0	0	0	0	0
XCHTIME	9170	2	3	10982236	2304699	1564529	1922	7111086
XCHTIME	0	0	0	0	0	0	0	0
XCHTIME	9170	2	4	10740062	2367437	1604148	2106	6766371
XCHTIME	0	0	0	0	0	0	0	0
XCHTIME	9170	2	4	10854705	2380588	1543699	2517	6927901
XCHTIME	0	0	0	0	0	0	0	0
XCHTIME	9170	2	5	11402610	2388369	1554136	2514	7457591
XCHTIME	0	0	0	0	0	0	0	0
XCHTIME	9170	2	3	10557142	2368745	1583708	1422	6603267
LIFT	squfl020-150	9170	3170	12000	3170
COUNTS	squfl020-150	9170	24000	135020	135020
COUNTS	autocorr_bern40-30	43	1534	20034	20034
XCHTIME	0	0	0	0	0	0	0	0
XCHTIME	660	2	4	236164	9678	3152	230	223104
XCHTIME	0	0	0	0	0	0	0	0
XCHTIME	660	2	6	1061281	9108	3009	630	1048534
XCHTIME	0	0	0	0	0	0	0	0
XCHTIME	660	2	5	481187	10230	3402	430	467125
XCHTIME	0	0	0	0	0	0	0	0
XCHTIME	660	4	18	1750338	9649	5855	1100	1733734
LADGATE	660	10000	0.268	1
XCHTIME	0	0	0	0	0	0	0	0
XCHTIME	660	5	26	2260270	10200	7364	1436	2241270
XCHTIME	0	0	0	0	0	0	0	0
XCHTIME	660	1	0	6810108	9417	1526	0	6799165
XCHTIME	0	0	0	0	0	0	0	0
XCHTIME	660	4	15	586323	11085	6448	820	567970
XCHTIME	0	0	0	0	0	0	0	0
XCHTIME	660	4	10	416750	9161	6212	426	400951
XCHTIME	0	0	0	0	0	0	0	0
XCHTIME	660	4	18	1729823	8945	6084	1094	1713700
XCHTIME	0	0	0	0	0	0	0	0
XCHTIME	660	4	11	376232	9941	6196	502	359593
XCHTIME	0	0	0	0	0	0	0	0
XCHTIME	660	4	14	802083	9268	5940	767	786108
XCHTIME	0	0	0	0	0	0	0	0
XCHTIME	660	4	13	1136084	10354	8740	633	1116357
XCHTIME	0	0	0	0	0	0	0	0
XCHTIME	660	4	16	5218490	10424	8997	851	5198218
XCHTIME	0	0	0	0	0	0	0	0
XCHTIME	660	4	6	330510	13572	6333	303	310302
LIFT	slay08m	660	268	1232	268
COUNTS	slay08m	660	2016	7796	7796
XCHTIME	0	0	0	0	0	0	0	0
XCHTIME	2032	1	0	2849920	80946	10925	0	2758049
XCHTIME	0	0	0	0	0	0	0	0
XCHTIME	2032	1	0	7648368	88955	13629	0	7545784
XCHTIME	0	0	0	0	0	0	0	0
XCHTIME	2032	1	0	5657033	102364	13788	0	5540881
XCHTIME	0	0	0	0	0	0	0	0
XCHTIME	2032	1	0	15484314	86802	15064	0	15382448
LADGATE	2032	10000	0.587	1
XCHTIME	0	0	0	0	0	0	0	0
XCHTIME	2032	4	10	11240524	82131	58339	2090	11097964
XCHTIME	0	0	0	0	0	0	0	0
XCHTIME	2032	3	57	6319686	90976	67887	9407	6151416
XCHTIME	0	0	0	0	0	0	0	0
XCHTIME	2032	2	4	5835298	79235	35562	752	5719749
XCHTIME	0	0	0	0	0	0	0	0
XCHTIME	2032	4	10	7192347	96354	77752	1736	7016505
XCHTIME	0	0	0	0	0	0	0	0
XCHTIME	2032	1	0	15724270	86451	11111	0	15626708
XCHTIME	0	0	0	0	0	0	0	0
XCHTIME	2032	4	11	5186595	105678	67282	2397	5011238
XCHTIME	0	0	0	0	0	0	0	0
XCHTIME	2032	3	12	14004852	102865	70645	2891	13828451
XCHTIME	0	0	0	0	0	0	0	0
XCHTIME	2032	2	4	15127318	91947	40002	1232	14994137
XCHTIME	0	0	0	0	0	0	0	0
XCHTIME	2032	1	0	16911581	92826	13006	0	16805749
XCHTIME	0	0	0	0	0	0	0	0
XCHTIME	2032	4	6	4177472	109458	50336	807	4016871
LIFT	chimera_mgw-c16-2031-01	2032	2021	15902	2021
COUNTS	chimera_mgw-c16-2031-01	2032	15900	3328073	2569662
XCHTIME	0	0	0	0	0	0	0	0
XCHTIME	713	2	4	782081	19424	4023	177	758457
XCHTIME	0	0	0	0	0	0	0	0
XCHTIME	713	2	6	5653971	14064	3798	303	5635806
XCHTIME	0	0	0	0	0	0	0	0
XCHTIME	713	2	5	1805556	11629	3824	206	1789897
XCHTIME	0	0	0	0	0	0	0	0
XCHTIME	713	4	18	11534838	10896	7802	998	11515142
LADGATE	713	10000	0.369	1
XCHTIME	0	0	0	0	0	0	0	0
XCHTIME	713	5	26	14391590	11665	9293	1432	14369200
XCHTIME	0	0	0	0	0	0	0	0
XCHTIME	713	4	66	2786910	11224	8150	3334	2764202
XCHTIME	0	0	0	0	0	0	0	0
XCHTIME	713	4	15	2592921	12733	7818	725	2571645
XCHTIME	0	0	0	0	0	0	0	0
XCHTIME	713	4	10	1613131	11167	8290	454	1593220
XCHTIME	0	0	0	0	0	0	0	0
XCHTIME	713	4	18	11601580	11818	9085	986	11579691
XCHTIME	0	0	0	0	0	0	0	0
XCHTIME	713	4	11	1026613	12532	7944	521	1005616
XCHTIME	0	0	0	0	0	0	0	0
XCHTIME	713	4	14	4154200	11008	7824	647	4134721
XCHTIME	0	0	0	0	0	0	0	0
XCHTIME	713	4	13	6999261	11638	8662	611	6978350
XCHTIME	0	0	0	0	0	0	0	0
XCHTIME	713	2	5	15416293	11612	6012	232	15398437
XCHTIME	0	0	0	0	0	0	0	0
XCHTIME	713	4	6	658859	13775	9278	300	635506
LIFT	forest	713	404	2076	404
COUNTS	forest	713	2658	10614	10543
XCHTIME	0	0	0	0	0	0	0	0
XCHTIME	280	2	4	479242	39185	777	244	439036
XCHTIME	0	0	0	0	0	0	0	0
XCHTIME	280	2	6	10371456	38977	801	400	10331278
XCHTIME	0	0	0	0	0	0	0	0
XCHTIME	280	2	5	2651825	38746	965	349	2611765
XCHTIME	0	0	0	0	0	0	0	0
XCHTIME	280	4	18	20807056	39035	2211	1253	20764557
LADGATE	280	10000	0.166	1
XCHTIME	0	0	0	0	0	0	0	0
XCHTIME	280	4	10	876564	39854	1655	604	834451
XCHTIME	0	0	0	0	0	0	0	0
XCHTIME	280	4	66	392192	41688	1304	3402	345798
XCHTIME	0	0	0	0	0	0	0	0
XCHTIME	280	4	15	2045038	39075	1943	817	2003203
XCHTIME	0	0	0	0	0	0	0	0
XCHTIME	280	4	10	859787	40131	1630	492	817534
XCHTIME	0	0	0	0	0	0	0	0
XCHTIME	280	4	18	20966956	38838	2161	1155	20924802
XCHTIME	0	0	0	0	0	0	0	0
XCHTIME	280	4	11	596288	39873	1420	549	554446
XCHTIME	0	0	0	0	0	0	0	0
XCHTIME	280	4	14	5282805	38598	1726	871	5241610
XCHTIME	0	0	0	0	0	0	0	0
XCHTIME	280	4	13	10864319	38497	1811	837	10823174
XCHTIME	0	0	0	0	0	0	0	0
XCHTIME	280	2	5	21927827	39277	1670	534	21886346
XCHTIME	0	0	0	0	0	0	0	0
XCHTIME	280	4	6	451238	44825	1504	354	404555
LIFT	qspp_0_10_0_1_10_1	280	244	29450	244
COUNTS	qspp_0_10_0_1_10_1	280	29636	1942907	1932414
XCHTIME	0	0	0	0	0	0	0	0
XCHTIME	16	2	4	26118	544	126	165	25283
XCHTIME	0	0	0	0	0	0	0	0
XCHTIME	16	2	6	92349	646	121	184	91398
XCHTIME	0	0	0	0	0	0	0	0
XCHTIME	16	2	5	47584	493	92	114	46885
XCHTIME	0	0	0	0	0	0	0	0
XCHTIME	16	4	18	328894	461	151	576	327706
LADGATE	16	10000	0.137	1
XCHTIME	0	0	0	0	0	0	0	0
XCHTIME	16	5	26	352367	827	170	790	350580
XCHTIME	0	0	0	0	0	0	0	0
XCHTIME	16	4	41	12718	587	124	1267	10740
XCHTIME	0	0	0	0	0	0	0	0
XCHTIME	16	4	15	38775	466	168	406	37735
XCHTIME	0	0	0	0	0	0	0	0
XCHTIME	16	4	10	36405	543	162	237	35463
XCHTIME	0	0	0	0	0	0	0	0
XCHTIME	16	4	18	316239	449	142	636	315012
XCHTIME	0	0	0	0	0	0	0	0
XCHTIME	16	4	11	32703	563	162	293	31685
XCHTIME	0	0	0	0	0	0	0	0
XCHTIME	16	4	14	67416	487	127	363	66439
XCHTIME	0	0	0	0	0	0	0	0
XCHTIME	16	4	13	104058	582	187	326	102963
XCHTIME	0	0	0	0	0	0	0	0
XCHTIME	16	4	16	1093206	488	246	456	1092016
XCHTIME	0	0	0	0	0	0	0	0
XCHTIME	16	4	6	17309	613	148	166	16382
COUNTS	st_ph1	16	58	274	233
XCHTIME	0	0	0	0	0	0	0	0
XCHTIME	124	2	4	73392	4068	496	141	68687
XCHTIME	0	0	0	0	0	0	0	0
XCHTIME	124	2	6	451570	1728	353	134	449355
XCHTIME	0	0	0	0	0	0	0	0
XCHTIME	124	2	5	203356	1705	340	113	201198
XCHTIME	0	0	0	0	0	0	0	0
XCHTIME	124	4	18	1220136	1654	672	369	1217441
LADGATE	124	10000	0.188	1
XCHTIME	0	0	0	0	0	0	0	0
XCHTIME	124	5	26	1617788	2804	779	554	1613651
XCHTIME	0	0	0	0	0	0	0	0
XCHTIME	124	4	66	100333	1610	692	1305	96726
XCHTIME	0	0	0	0	0	0	0	0
XCHTIME	124	4	15	203782	2015	640	317	200810
XCHTIME	0	0	0	0	0	0	0	0
XCHTIME	124	4	10	119912	1603	712	220	117377
XCHTIME	0	0	0	0	0	0	0	0
XCHTIME	124	4	18	1249672	1572	599	374	1247127
XCHTIME	0	0	0	0	0	0	0	0
XCHTIME	124	4	11	72169	1784	703	225	69457
XCHTIME	0	0	0	0	0	0	0	0
XCHTIME	124	4	14	373484	1719	592	280	370893
XCHTIME	0	0	0	0	0	0	0	0
XCHTIME	124	4	13	646683	1691	804	274	643914
XCHTIME	0	0	0	0	0	0	0	0
XCHTIME	124	4	16	3478142	1753	1232	346	3474811
XCHTIME	0	0	0	0	0	0	0	0
XCHTIME	124	4	6	45961	2250	714	135	42862
LIFT	elf	124	65	258	65
COUNTS	elf	124	376	2733	2173
XCHTIME	0	0	0	0	0	0	0	0
XCHTIME	18	2	4	30329	680	155	143	29351
XCHTIME	0	0	0	0	0	0	0	0
XCHTIME	18	2	6	79546	536	119	152	78739
XCHTIME	0	0	0	0	0	0	0	0
XCHTIME	18	2	5	71228	497	106	155	70470
XCHTIME	0	0	0	0	0	0	0	0
XCHTIME	18	4	18	80924	489	169	479	79787
LADGATE	18	10000	0.139	1
XCHTIME	0	0	0	0	0	0	0	0
XCHTIME	18	5	26	99638	1285	279	739	97335
XCHTIME	0	0	0	0	0	0	0	0
XCHTIME	18	4	45	71590	641	193	1009	69747
XCHTIME	0	0	0	0	0	0	0	0
XCHTIME	18	4	15	57131	516	180	331	56104
XCHTIME	0	0	0	0	0	0	0	0
XCHTIME	18	4	10	48926	482	138	218	48088
XCHTIME	0	0	0	0	0	0	0	0
XCHTIME	18	4	18	86283	483	166	436	85198
XCHTIME	0	0	0	0	0	0	0	0
XCHTIME	18	4	11	26952	453	137	236	26126
XCHTIME	0	0	0	0	0	0	0	0
XCHTIME	18	4	14	91236	443	133	327	90333
XCHTIME	0	0	0	0	0	0	0	0
XCHTIME	18	4	13	107949	444	148	313	107044
XCHTIME	0	0	0	0	0	0	0	0
XCHTIME	18	4	16	100235	465	159	379	99232
XCHTIME	0	0	0	0	0	0	0	0
XCHTIME	18	4	6	15191	433	140	120	14498
COUNTS	ex3_1_3	18	36	90	83
COUNTS	cvxnonsep_normcon40r	162	322	645	645
XCHTIME	0	0	0	0	0	0	0	0
XCHTIME	155	2	4	93525	5144	574	148	87659
XCHTIME	0	0	0	0	0	0	0	0
XCHTIME	155	2	6	594516	2458	423	146	591489
XCHTIME	0	0	0	0	0	0	0	0
XCHTIME	155	2	5	238655	2525	448	132	235550
XCHTIME	0	0	0	0	0	0	0	0
XCHTIME	155	4	18	1185205	2606	862	396	1181341
LADGATE	155	10000	0.246	1
XCHTIME	0	0	0	0	0	0	0	0
XCHTIME	155	5	26	1579095	3746	1113	590	1573646
XCHTIME	0	0	0	0	0	0	0	0
XCHTIME	155	4	66	250131	2831	772	1490	245038
XCHTIME	0	0	0	0	0	0	0	0
XCHTIME	155	4	15	254201	2636	809	310	250446
XCHTIME	0	0	0	0	0	0	0	0
XCHTIME	155	4	10	164499	2817	841	214	160627
XCHTIME	0	0	0	0	0	0	0	0
XCHTIME	155	4	18	1146198	2679	885	377	1142257
XCHTIME	0	0	0	0	0	0	0	0
XCHTIME	155	4	11	89629	2454	696	223	86256
XCHTIME	0	0	0	0	0	0	0	0
XCHTIME	155	4	14	403948	2379	760	305	400504
XCHTIME	0	0	0	0	0	0	0	0
XCHTIME	155	4	13	764656	2433	1006	261	760956
XCHTIME	0	0	0	0	0	0	0	0
XCHTIME	155	4	16	5087002	2318	1626	364	5082694
XCHTIME	0	0	0	0	0	0	0	0
XCHTIME	155	4	6	67615	3874	772	154	62815
LIFT	demo7	155	66	448	66
COUNTS	demo7	155	618	3579	3426
XCHTIME	0	0	0	0	0	0	0	0
XCHTIME	615	2	4	685226	14994	2892	156	667184
XCHTIME	0	0	0	0	0	0	0	0
XCHTIME	615	2	6	6100956	15347	3149	231	6082229
XCHTIME	0	0	0	0	0	0	0	0
XCHTIME	615	2	5	1971970	10229	2934	157	1958650
XCHTIME	0	0	0	0	0	0	0	0
XCHTIME	615	4	18	11402368	9506	6162	714	11385986
LADGATE	615	10000	0.365	1
XCHTIME	0	0	0	0	0	0	0	0
XCHTIME	615	5	26	14536030	9666	7180	1025	14518159
XCHTIME	0	0	0	0	0	0	0	0
XCHTIME	615	4	66	5012655	9541	7431	3288	4992395
XCHTIME	0	0	0	0	0	0	0	0
XCHTIME	615	4	15	2229596	11531	6066	668	2211331
XCHTIME	0	0	0	0	0	0	0	0
XCHTIME	615	4	10	1240300	10403	6263	342	1223292
XCHTIME	0	0	0	0	0	0	0	0
XCHTIME	615	4	18	11498788	10250	7818	755	11479965
XCHTIME	0	0	0	0	0	0	0	0
XCHTIME	615	4	11	838893	11574	5806	483	821030
XCHTIME	0	0	0	0	0	0	0	0
XCHTIME	615	4	14	3981324	9473	8870	575	3962406
XCHTIME	0	0	0	0	0	0	0	0
XCHTIME	615	4	13	6675048	10516	7050	532	6656950
XCHTIME	0	0	0	0	0	0	0	0
XCHTIME	615	2	5	16806640	10319	4493	202	16791626
XCHTIME	0	0	0	0	0	0	0	0
XCHTIME	615	4	6	581489	12092	6094	215	563088
LIFT	waternd2	615	338	2036	338
COUNTS	waternd2	615	2580	155674	74817
XCHTIME	0	0	0	0	0	0	0	0
XCHTIME	64	2	4	61907	1607	290	131	59879
XCHTIME	0	0	0	0	0	0	0	0
XCHTIME	64	2	6	418961	1299	215	155	417292
XCHTIME	0	0	0	0	0	0	0	0
XCHTIME	64	2	5	143750	1487	197	104	141962
XCHTIME	0	0	0	0	0	0	0	0
XCHTIME	64	4	18	968326	1475	530	415	965906
LADGATE	64	10000	0.199	1
XCHTIME	0	0	0	0	0	0	0	0
XCHTIME	64	5	26	1027651	2465	564	578	1024044
XCHTIME	0	0	0	0	0	0	0	0
XCHTIME	64	4	66	641544	1553	360	1619	638012
XCHTIME	0	0	0	0	0	0	0	0
XCHTIME	64	4	15	169547	1484	379	321	167363
XCHTIME	0	0	0	0	0	0	0	0
XCHTIME	64	4	10	90047	1305	381	222	88139
XCHTIME	0	0	0	0	0	0	0	0
XCHTIME	64	4	18	976489	1385	414	577	974113
XCHTIME	0	0	0	0	0	0	0	0
XCHTIME	64	4	11	58787	1683	406	214	56484
XCHTIME	0	0	0	0	0	0	0	0
XCHTIME	64	4	14	321316	1188	411	281	319436
XCHTIME	0	0	0	0	0	0	0	0
XCHTIME	64	4	13	315680	1661	390	289	313340
XCHTIME	0	0	0	0	0	0	0	0
XCHTIME	64	4	16	1925553	1425	567	350	1923211
XCHTIME	0	0	0	0	0	0	0	0
XCHTIME	64	4	6	39656	1975	344	122	37215
LIFT	prolog	64	42	248	42
COUNTS	prolog	64	292	1245	1225
XCHTIME	0	0	0	0	0	0	0	0
XCHTIME	11	2	4	17192	456	95	83	16558
XCHTIME	0	0	0	0	0	0	0	0
XCHTIME	11	2	6	150170	457	73	196	149444
XCHTIME	0	0	0	0	0	0	0	0
XCHTIME	11	2	5	42616	510	84	148	41874
XCHTIME	0	0	0	0	0	0	0	0
XCHTIME	11	4	18	163113	504	121	534	161954
LADGATE	11	10000	0.109	1
XCHTIME	0	0	0	0	0	0	0	0
XCHTIME	11	5	26	167920	512	145	861	166402
XCHTIME	0	0	0	0	0	0	0	0
XCHTIME	11	4	31	140507	464	129	885	139029
XCHTIME	0	0	0	0	0	0	0	0
XCHTIME	11	4	15	38711	454	112	342	37803
XCHTIME	0	0	0	0	0	0	0	0
XCHTIME	11	4	10	30884	459	124	219	30082
XCHTIME	0	0	0	0	0	0	0	0
XCHTIME	11	4	18	162566	421	110	503	161532
XCHTIME	0	0	0	0	0	0	0	0
XCHTIME	11	4	11	23880	400	119	234	23127
XCHTIME	0	0	0	0	0	0	0	0
XCHTIME	11	4	14	82239	356	113	357	81413
XCHTIME	0	0	0	0	0	0	0	0
XCHTIME	11	4	13	221278	408	109	349	220412
XCHTIME	0	0	0	0	0	0	0	0
XCHTIME	11	4	16	208789	381	131	431	207846
XCHTIME	0	0	0	0	0	0	0	0
XCHTIME	11	4	6	14199	406	107	138	13548
COUNTS	ex14_1_8	11	30	80	80
LIFT	faclay75	272878	137826	1109602	137826
COUNTS	faclay75	272878	1379706	3204527350	3013800414
XCHTIME	0	0	0	0	0	0	0	0
XCHTIME	55	2	4	74135	1428	225	119	72363
XCHTIME	0	0	0	0	0	0	0	0
XCHTIME	55	2	6	707058	1290	174	117	705477
XCHTIME	0	0	0	0	0	0	0	0
XCHTIME	55	2	5	263271	1414	185	139	261533
XCHTIME	0	0	0	0	0	0	0	0
XCHTIME	55	4	18	1473267	1361	363	364	1471179
LADGATE	55	10000	0.130	1
XCHTIME	0	0	0	0	0	0	0	0
XCHTIME	55	5	26	2005247	2182	442	552	2002071
XCHTIME	0	0	0	0	0	0	0	0
XCHTIME	55	4	66	21680	1559	307	1702	18112
XCHTIME	0	0	0	0	0	0	0	0
XCHTIME	55	4	15	257826	1299	298	315	255914
XCHTIME	0	0	0	0	0	0	0	0
XCHTIME	55	4	10	127362	1304	332	194	125532
XCHTIME	0	0	0	0	0	0	0	0
XCHTIME	55	4	18	1461713	1207	344	388	1459774
XCHTIME	0	0	0	0	0	0	0	0
XCHTIME	55	4	11	70099	1241	324	233	68301
XCHTIME	0	0	0	0	0	0	0	0
XCHTIME	55	4	14	430336	1245	321	285	428485
XCHTIME	0	0	0	0	0	0	0	0
XCHTIME	55	4	13	951057	1234	313	272	949238
XCHTIME	0	0	0	0	0	0	0	0
XCHTIME	55	4	16	5463199	1320	353	325	5461201
XCHTIME	0	0	0	0	0	0	0	0
XCHTIME	55	4	6	35020	2215	295	119	32391
LIFT	st_qpk3	55	33	504	33
COUNTS	st_qpk3	55	548	5467	3762
XCHTIME	0	0	0	0	0	0	0	0
XCHTIME	11556	1	0	5558927	3874876	1261666	0	422385
XCHTIME	0	0	0	0	0	0	0	0
XCHTIME	11556	1	0	6123409	3914425	1261870	0	947114
XCHTIME	0	0	0	0	0	0	0	0
XCHTIME	11556	1	0	5693566	3907141	1285948	0	500477
XCHTIME	0	0	0	0	0	0	0	0
XCHTIME	11556	1	0	13919934	3934958	1293714	0	8691262
LADGATE	11556	10000	0.551	0
XCHTIME	0	0	0	0	0	0	0	0
XCHTIME	11556	5	26	133894158	3905433	6388094	13815	123586816
XCHTIME	0	0	0	0	0	0	0	0
XCHTIME	11556	1	0	8876545	3925761	1267439	0	3683345
XCHTIME	0	0	0	0	0	0	0	0
XCHTIME	11556	1	0	8693279	3850351	1260790	0	3582138
XCHTIME	0	0	0	0	0	0	0	0
XCHTIME	11556	1	0	12370534	3869922	1244284	0	7256328
XCHTIME	0	0	0	0	0	0	0	0
XCHTIME	11556	1	0	14056182	3892914	1265453	0	8897815
XCHTIME	0	0	0	0	0	0	0	0
XCHTIME	11556	1	0	12363278	3895723	1306030	0	7161525
XCHTIME	0	0	0	0	0	0	0	0
XCHTIME	11556	1	0	13594568	3902579	1260579	0	8431410
XCHTIME	0	0	0	0	0	0	0	0
XCHTIME	11556	1	0	14253480	3902296	1278829	0	9072355
XCHTIME	0	0	0	0	0	0	0	0
XCHTIME	11556	1	0	12821451	3881517	1267386	0	7672548
XCHTIME	0	0	0	0	0	0	0	0
XCHTIME	11556	1	0	11977578	3882324	1245882	0	6849372
LIFT	mpbp_34	11556	7230	32172	7230
COUNTS	mpbp_34	11556	40860	3093917	891022
COUNTS	cvxnonsep_normcon20r	82	162	325	325
COUNTS	cvxnonsep_psig20r	86	170	341	341
XCHTIME	0	0	0	0	0	0	0	0
XCHTIME	18742	0	0	0	0	0	0	0
XCHTIME	0	0	0	0	0	0	0	0
XCHTIME	18742	1	0	28843839	26424810	2127168	0	291861
XCHTIME	0	0	0	0	0	0	0	0
XCHTIME	18742	0	0	25548749	25548749	0	0	0
XCHTIME	0	0	0	0	0	0	0	0
XCHTIME	18742	1	0	33093629	25493392	2100498	0	5499739
LADGATE	18742	10000	0.707	0
XCHTIME	0	0	0	0	0	0	0	0
XCHTIME	18742	5	26	290381625	25619019	10696789	20658	254045159
LIFT	crudeoil_pooling_dt2	18742	10735	60222	10735
COUNTS	crudeoil_pooling_dt2	18742	75910	14985540	9905819
XCHTIME	0	0	0	0	0	0	0	0
XCHTIME	2868	2	4	2726237	144509	94342	1098	2486288
XCHTIME	0	0	0	0	0	0	0	0
XCHTIME	2868	1	0	4570516	150657	28143	0	4391716
XCHTIME	0	0	0	0	0	0	0	0
XCHTIME	2868	1	0	3947034	154329	36945	0	3755760
XCHTIME	0	0	0	0	0	0	0	0
XCHTIME	2868	1	0	11189790	160422	33503	0	10995865
LADGATE	2868	10000	0.890	1
XCHTIME	0	0	0	0	0	0	0	0
XCHTIME	2868	5	26	48776137	146547	233259	4302	48392029
XCHTIME	0	0	0	0	0	0	0	0
XCHTIME	2868	2	19	4184104	172992	77088	2399	3931625
XCHTIME	0	0	0	0	0	0	0	0
XCHTIME	2868	3	12	6804551	170061	124296	2402	6507792
XCHTIME	0	0	0	0	0	0	0	0
XCHTIME	2868	4	10	6468004	156963	186859	2151	6122031
XCHTIME	0	0	0	0	0	0	0	0
XCHTIME	2868	1	0	11336808	154191	33820	0	11148797
XCHTIME	0	0	0	0	0	0	0	0
XCHTIME	2868	4	11	4706970	170796	151589	2048	4382537
XCHTIME	0	0	0	0	0	0	0	0
XCHTIME	2868	4	14	12797796	152343	169127	1705	12474621
XCHTIME	0	0	0	0	0	0	0	0
XCHTIME	2868	2	4	11909400	155374	87717	601	11665708
XCHTIME	0	0	0	0	0	0	0	0
XCHTIME	2868	1	0	9661560	164359	36440	0	9460761
XCHTIME	0	0	0	0	0	0	0	0
XCHTIME	2868	4	6	3718363	170126	153622	1001	3393614
LIFT	rsyn0805m03m	2868	1596	5810	1596
COUNTS	rsyn0805m03m	2868	8270	60979	54830
COUNTS	st_iqpbk1	22	98	295	295
XCHTIME	0	0	0	0	0	0	0	0
XCHTIME	96	2	4	108711	3106	297	258	105050
XCHTIME	0	0	0	0	0	0	0	0
XCHTIME	96	2	6	900287	1818	386	297	897786
XCHTIME	0	0	0	0	0	0	0	0
XCHTIME	96	2	5	275427	1876	381	213	272957
XCHTIME	0	0	0	0	0	0	0	0
XCHTIME	96	4	18	1976101	1817	697	729	1972858
LADGATE	96	10000	0.258	1
XCHTIME	0	0	0	0	0	0	0	0
XCHTIME	96	5	26	2420676	2898	883	1218	2415677
XCHTIME	0	0	0	0	0	0	0	0
XCHTIME	96	4	66	747681	2252	588	2454	742387
XCHTIME	0	0	0	0	0	0	0	0
XCHTIME	96	4	15	352070	2190	490	653	348737
XCHTIME	0	0	0	0	0	0	0	0
XCHTIME	96	4	10	188183	1797	508	364	185514
XCHTIME	0	0	0	0	0	0	0	0
XCHTIME	96	4	18	1984073	1678	518	709	1981168
XCHTIME	0	0	0	0	0	0	0	0
XCHTIME	96	4	11	118942	1930	443	467	116102
XCHTIME	0	0	0	0	0	0	0	0
XCHTIME	96	4	14	595020	1592	539	527	592362
XCHTIME	0	0	0	0	0	0	0	0
XCHTIME	96	4	13	1121292	1736	543	494	1118519
XCHTIME	0	0	0	0	0	0	0	0
XCHTIME	96	4	16	6370628	1895	1159	721	6366853
XCHTIME	0	0	0	0	0	0	0	0
XCHTIME	96	4	6	88368	2614	504	300	84950
LIFT	waterund01	96	47	384	47
COUNTS	waterund01	96	404	4546	3317
XCHTIME	0	0	0	0	0	0	0	0
XCHTIME	29	2	4	48101	804	187	142	46968
XCHTIME	0	0	0	0	0	0	0	0
XCHTIME	29	2	6	459320	870	157	252	458041
XCHTIME	0	0	0	0	0	0	0	0
XCHTIME	29	2	5	127521	1086	333	138	125964
XCHTIME	0	0	0	0	0	0	0	0
XCHTIME	29	4	18	973016	999	293	650	971074
LADGATE	29	10000	0.150	1
XCHTIME	0	0	0	0	0	0	0	0
XCHTIME	29	5	26	1019769	1871	344	898	1016656
XCHTIME	0	0	0	0	0	0	0	0
XCHTIME	29	4	57	95258	953	274	2493	91538
XCHTIME	0	0	0	0	0	0	0	0
XCHTIME	29	4	15	118885	919	233	413	117320
XCHTIME	0	0	0	0	0	0	0	0
XCHTIME	29	4	10	78377	884	214	260	77019
XCHTIME	0	0	0	0	0	0	0	0
XCHTIME	29	4	18	965916	877	220	556	964263
XCHTIME	0	0	0	0	0	0	0	0
XCHTIME	29	4	11	53885	877	207	293	52508
XCHTIME	0	0	0	0	0	0	0	0
XCHTIME	29	4	14	211782	801	234	404	210343
XCHTIME	0	0	0	0	0	0	0	0
XCHTIME	29	4	13	399654	825	229	380	398220
XCHTIME	0	0	0	0	0	0	0	0
XCHTIME	29	4	16	4187928	903	418	503	4186104
XCHTIME	0	0	0	0	0	0	0	0
XCHTIME	29	4	6	30962	1393	221	169	29179
COUNTS	pointpack04	29	120	577	577
XCHTIME	0	0	0	0	0	0	0	0
XCHTIME	12	2	4	25636	564	87	106	24879
XCHTIME	0	0	0	0	0	0	0	0
XCHTIME	12	2	6	302755	474	110	188	301983
XCHTIME	0	0	0	0	0	0	0	0
XCHTIME	12	2	5	81526	475	82	132	80837
XCHTIME	0	0	0	0	0	0	0	0
XCHTIME	12	4	18	316982	487	129	467	315899
LADGATE	12	10000	0.101	1
XCHTIME	0	0	0	0	0	0	0	0
XCHTIME	12	5	26	328973	656	156	695	327466
XCHTIME	0	0	0	0	0	0	0	0
XCHTIME	12	4	33	274421	543	135	826	272917
XCHTIME	0	0	0	0	0	0	0	0
XCHTIME	12	4	15	87487	524	122	308	86533
XCHTIME	0	0	0	0	0	0	0	0
XCHTIME	12	4	10	42624	505	109	208	41802
XCHTIME	0	0	0	0	0	0	0	0
XCHTIME	12	4	18	313067	449	118	403	312097
XCHTIME	0	0	0	0	0	0	0	0
XCHTIME	12	4	11	26868	454	115	235	26064
XCHTIME	0	0	0	0	0	0	0	0
XCHTIME	12	4	14	169032	417	134	299	168182
XCHTIME	0	0	0	0	0	0	0	0
XCHTIME	12	4	13	305908	507	134	310	304957
XCHTIME	0	0	0	0	0	0	0	0
XCHTIME	12	4	16	438740	508	163	469	437600
XCHTIME	0	0	0	0	0	0	0	0
XCHTIME	12	4	6	18033	506	114	131	17282
COUNTS	st_e22	12	30	77	70
XCHTIME	0	0	0	0	0	0	0	0
XCHTIME	16678	0	0	20969751	20969751	0	0	0
XCHTIME	0	0	0	0	0	0	0	0
XCHTIME	16678	1	0	23454201	20506204	1680012	0	1267985
XCHTIME	0	0	0	0	0	0	0	0
XCHTIME	16678	1	0	22307637	20418391	1644051	0	245195
XCHTIME	0	0	0	0	0	0	0	0
XCHTIME	16678	1	0	27242287	20337141	1665502	0	5239644
LADGATE	16678	10000	0.508	0
XCHTIME	0	0	0	0	0	0	0	0
XCHTIME	16678	5	26	125043823	20401834	8439521	17435	96185033
XCHTIME	0	0	0	0	0	0	0	0
XCHTIME	16678	1	0	23629363	20646881	1694628	0	1287854
XCHTIME	0	0	0	0	0	0	0	0
XCHTIME	16678	1	0	23430257	20458894	1686565	0	1284798
XCHTIME	0	0	0	0	0	0	0	0
XCHTIME	16678	1	0	27323451	20470899	1681105	0	5171447
XCHTIME	0	0	0	0	0	0	0	0
XCHTIME	16678	1	0	27370492	20414656	1688471	0	5267365
XCHTIME	0	0	0	0	0	0	0	0
XCHTIME	16678	1	0	27523028	20380439	1711344	0	5431245
XCHTIME	0	0	0	0	0	0	0	0
XCHTIME	16678	1	0	27400084	20404852	1669633	0	5325599
XCHTIME	0	0	0	0	0	0	0	0
XCHTIME	16678	1	0	27385459	20398936	1686092	0	5300431
XCHTIME	0	0	0	0	0	0	0	0
XCHTIME	16678	1	0	27343029	20390006	1689034	0	5263989
XCHTIME	0	0	0	0	0	0	0	0
XCHTIME	16678	1	0	27524643	20431076	1670592	0	5422975
LIFT	faclay30	16678	8556	65998	8556
COUNTS	faclay30	16678	82242	13452923	12850431
XCHTIME	0	0	0	0	0	0	0	0
XCHTIME	4432	1	0	2118158	501992	152963	0	1463203
XCHTIME	0	0	0	0	0	0	0	0
XCHTIME	4432	1	0	3065310	472556	150651	0	2442103
XCHTIME	0	0	0	0	0	0	0	0
XCHTIME	4432	1	0	2646008	477644	148300	0	2020064
XCHTIME	0	0	0	0	0	0	0	0
XCHTIME	4432	1	0	10447190	485497	149838	0	9811855
LADGATE	4432	10000	0.418	1
XCHTIME	0	0	0	0	0	0	0	0
XCHTIME	4432	5	26	47788186	490125	780506	6520	46511035
XCHTIME	0	0	0	0	0	0	0	0
XCHTIME	4432	1	0	4622917	581080	156910	0	3884927
XCHTIME	0	0	0	0	0	0	0	0
XCHTIME	4432	2	4	5361295	511437	294815	981	4554062
XCHTIME	0	0	0	0	0	0	0	0
XCHTIME	4432	4	10	8969239	472197	579738	2101	7915203
XCHTIME	0	0	0	0	0	0	0	0
XCHTIME	4432	1	0	10514648	472794	170584	0	9871270
XCHTIME	0	0	0	0	0	0	0	0
XCHTIME	4432	4	11	8409436	493132	614574	3526	7298204
XCHTIME	0	0	0	0	0	0	0	0
XCHTIME	4432	3	12	10435740	494496	435644	3331	9502269
XCHTIME	0	0	0	0	0	0	0	0
XCHTIME	4432	2	4	10723352	472736	323667	869	9926080
XCHTIME	0	0	0	0	0	0	0	0
XCHTIME	4432	1	0	9403668	469363	148910	0	8785395
XCHTIME	0	0	0	0	0	0	0	0
XCHTIME	4432	4	6	7700594	524238	588003	1516	6586837
LIFT	arki0002	4432	2608	9424	2608
COUNTS	arki0002	4432	11248	683476	667374
XCHTIME	0	0	0	0	0	0	0	0
XCHTIME	11659	1	0	4889535	3569906	875038	0	444591
XCHTIME	0	0	0	0	0	0	0	0
XCHTIME	11659	1	0	5568860	3540278	877067	0	1151515
XCHTIME	0	0	0	0	0	0	0	0
XCHTIME	11659	1	0	5340785	3553168	921531	0	866086
XCHTIME	0	0	0	0	0	0	0	0
XCHTIME	11659	1	0	12620971	3423027	881776	0	8316168
LADGATE	11659	10000	0.720	0
XCHTIME	0	0	0	0	0	0	0	0
XCHTIME	11659	5	26	234648586	3533499	4544718	12222	226558147
XCHTIME	0	0	0	0	0	0	0	0
XCHTIME	11659	1	0	7819222	3570988	890687	0	3357547
XCHTIME	0	0	0	0	0	0	0	0
XCHTIME	11659	1	0	8027790	3539385	881828	0	3606577
XCHTIME	0	0	0	0	0	0	0	0
XCHTIME	11659	1	0	12908186	3567031	930754	0	8410401
XCHTIME	0	0	0	0	0	0	0	0
XCHTIME	11659	1	0	12884688	3565879	872654	0	8446155
XCHTIME	0	0	0	0	0	0	0	0
XCHTIME	11659	1	0	12431032	3524806	875250	0	8030976
XCHTIME	0	0	0	0	0	0	0	0
XCHTIME	11659	1	0	13585382	3496074	878515	0	9210793
XCHTIME	0	0	0	0	0	0	0	0
XCHTIME	11659	1	0	13287768	3554975	878197	0	8854596
XCHTIME	0	0	0	0	0	0	0	0
XCHTIME	11659	1	0	11841402	3568719	881211	0	7391472
XCHTIME	0	0	0	0	0	0	0	0
XCHTIME	11659	1	0	11974244	3536760	883003	0	7554481
LIFT	transswitch0300p	11659	6750	41276	6750
COUNTS	transswitch0300p	11659	48446	404940	375245
LADGATE	30660	10000	0.735	0
LIFT	crudeoil_pooling_dt3	30660	15957	134914	15957
COUNTS	crudeoil_pooling_dt3	30660	152210	48975085	34772719
XCHTIME	0	0	0	0	0	0	0	0
XCHTIME	22536	0	0	0	0	0	0	0
XCHTIME	0	0	0	0	0	0	0	0
XCHTIME	22536	0	0	37447055	37447055	0	0	0
XCHTIME	0	0	0	0	0	0	0	0
XCHTIME	22536	0	0	0	0	0	0	0
XCHTIME	0	0	0	0	0	0	0	0
XCHTIME	22536	1	0	43809177	37007235	3104548	0	3697394
LADGATE	22536	10000	0.618	0
XCHTIME	0	0	0	0	0	0	0	0
XCHTIME	22536	5	26	186274380	37088002	15859852	19890	133306636
XCHTIME	0	0	0	0	0	0	0	0
XCHTIME	22536	0	0	37314327	37314327	0	0	0
XCHTIME	0	0	0	0	0	0	0	0
XCHTIME	22536	0	0	37248915	37248915	0	0	0
XCHTIME	0	0	0	0	0	0	0	0
XCHTIME	22536	1	0	43073041	37007617	3145858	0	2919566
XCHTIME	0	0	0	0	0	0	0	0
XCHTIME	22536	1	0	43942817	37158343	3097536	0	3686938
XCHTIME	0	0	0	0	0	0	0	0
XCHTIME	22536	1	0	43379507	37259187	3089693	0	3030627
XCHTIME	0	0	0	0	0	0	0	0
XCHTIME	22536	1	0	43947090	37109418	3113373	0	3724299
XCHTIME	0	0	0	0	0	0	0	0
XCHTIME	22536	1	0	43920447	37168821	3085604	0	3666022
XCHTIME	0	0	0	0	0	0	0	0
XCHTIME	22536	1	0	43454143	37140102	3137241	0	3176800
XCHTIME	0	0	0	0	0	0	0	0
XCHTIME	22536	1	0	42818672	37047422	3101835	0	2669415
LIFT	gasprod_sarawak81	22536	12902	61066	12902
COUNTS	gasprod_sarawak81	22536	75636	1030380	939449
XCHTIME	0	0	0	0	0	0	0	0
XCHTIME	660	2	4	2475887	40332	3259	1655	2430641
XCHTIME	0	0	0	0	0	0	0	0
XCHTIME	660	1	0	10224148	41046	1653	0	10181449
XCHTIME	0	0	0	0	0	0	0	0
XCHTIME	660	2	5	6999110	40648	3180	1865	6953417
XCHTIME	0	0	0	0	0	0	0	0
XCHTIME	660	2	5	20545741	39022	3641	2097	20500981
LADGATE	660	10000	0.391	1
XCHTIME	0	0	0	0	0	0	0	0
XCHTIME	660	4	10	4809217	39579	6852	3639	4759147
XCHTIME	0	0	0	0	0	0	0	0
XCHTIME	660	1	0	9818267	42382	1674	0	9774211
XCHTIME	0	0	0	0	0	0	0	0
XCHTIME	660	4	15	7524570	45873	6994	5655	7466048
XCHTIME	0	0	0	0	0	0	0	0
XCHTIME	660	4	10	4762365	41239	6895	3592	4710639
XCHTIME	0	0	0	0	0	0	0	0
XCHTIME	660	2	5	20557585	40330	5234	2016	20510005
XCHTIME	0	0	0	0	0	0	0	0
XCHTIME	660	4	11	3594893	41948	6339	4069	3542537
XCHTIME	0	0	0	0	0	0	0	0
XCHTIME	660	4	14	15522435	39103	6449	5080	15471803
XCHTIME	0	0	0	0	0	0	0	0
XCHTIME	660	3	12	19963949	39129	6279	4448	19914093
XCHTIME	0	0	0	0	0	0	0	0
XCHTIME	660	1	0	19631519	39163	1537	0	19590819
XCHTIME	0	0	0	0	0	0	0	0
XCHTIME	660	4	6	3022341	43756	6499	2594	2969492
LIFT	maxcsp-langford-3-11	660	627	41846	627
COUNTS	maxcsp-langford-3-11	660	29646	33444033	10360919
XCHTIME	0	0	0	0	0	0	0	0
XCHTIME	1543	2	4	2291579	35707	13106	523	2242243
XCHTIME	0	0	0	0	0	0	0	0
XCHTIME	1543	2	6	6835181	37194	25202	583	6772202
XCHTIME	0	0	0	0	0	0	0	0
XCHTIME	1543	2	5	4728396	53744	17525	563	4656564
XCHTIME	0	0	0	0	0	0	0	0
XCHTIME	1543	4	18	13744018	45397	56809	1968	13639844
LADGATE	1543	10000	0.356	1
XCHTIME	0	0	0	0	0	0	0	0
XCHTIME	1543	5	26	22185789	40135	73781	2734	22069139
XCHTIME	0	0	0	0	0	0	0	0
XCHTIME	1543	2	19	5655240	50157	24483	1508	5579092
XCHTIME	0	0	0	0	0	0	0	0
XCHTIME	1543	4	15	6087027	42864	35457	1480	6007226
XCHTIME	0	0	0	0	0	0	0	0
XCHTIME	1543	4	10	4402466	42352	34681	1008	4324425
XCHTIME	0	0	0	0	0	0	0	0
XCHTIME	1543	4	18	13594856	40545	58169	1979	13494163
XCHTIME	0	0	0	0	0	0	0	0
XCHTIME	1543	4	11	2313674	44575	33865	1070	2234164
XCHTIME	0	0	0	0	0	0	0	0
XCHTIME	1543	4	14	9385555	52304	40215	1406	9291630
XCHTIME	0	0	0	0	0	0	0	0
XCHTIME	1543	4	13	12926759	43199	48191	1445	12833924
XCHTIME	0	0	0	0	0	0	0	0
XCHTIME	1543	2	5	13577134	54076	32946	642	13489470
XCHTIME	0	0	0	0	0	0	0	0
XCHTIME	1543	4	6	1643010	55275	29598	555	1557582
LIFT	p_ball_30b_5p_2d_h	1543	999	4136	999
COUNTS	p_ball_30b_5p_2d_h	1543	5224	25843	25742
XCHTIME	0	0	0	0	0	0	0	0
XCHTIME	6709	1	0	2936852	1316461	419448	0	1200943
XCHTIME	0	0	0	0	0	0	0	0
XCHTIME	6709	1	0	3644605	1200340	408406	0	2035859
XCHTIME	0	0	0	0	0	0	0	0
XCHTIME	6709	1	0	3077365	1261856	381100	0	1434409
XCHTIME	0	0	0	0	0	0	0	0
XCHTIME	6709	4	18	9268778	1269828	1607772	4704	6386474
LADGATE	6709	10000	0.439	1
XCHTIME	0	0	0	0	0	0	0	0
XCHTIME	6709	5	26	13150208	1273252	1998956	6216	9871784
XCHTIME	0	0	0	0	0	0	0	0
XCHTIME	6709	2	19	4680854	1277708	778958	3176	2621012
XCHTIME	0	0	0	0	0	0	0	0
XCHTIME	6709	2	4	4531103	1220803	776680	1379	2532241
XCHTIME	0	0	0	0	0	0	0	0
XCHTIME	6709	4	10	7812730	1212822	1519890	3768	5076250
XCHTIME	0	0	0	0	0	0	0	0
XCHTIME	6709	4	18	9167506	1227577	1585926	4599	6349404
XCHTIME	0	0	0	0	0	0	0	0
XCHTIME	6709	4	11	7828782	1280971	1555640	3943	4988228
XCHTIME	0	0	0	0	0	0	0	0
XCHTIME	6709	4	14	8128233	1206360	1531052	4220	5386601
XCHTIME	0	0	0	0	0	0	0	0
XCHTIME	6709	4	13	8596073	1252584	1527301	3713	5812475
XCHTIME	0	0	0	0	0	0	0	0
XCHTIME	6709	3	15	10447075	1350812	1239323	3179	7853761
XCHTIME	0	0	0	0	0	0	0	0
XCHTIME	6709	4	6	7685587	1227463	1531733	2148	4924243
LIFT	ringpack_20_3	6709	3451	41284	3451
COUNTS	ringpack_20_3	6709	45220	2415136	865627
XCHTIME	0	0	0	0	0	0	0	0
XCHTIME	4825	1	0	2191129	706681	193168	0	1291280
XCHTIME	0	0	0	0	0	0	0	0
XCHTIME	4825	1	0	2684648	565433	173711	0	1945504
XCHTIME	0	0	0	0	0	0	0	0
XCHTIME	4825	1	0	2346604	634310	185064	0	1527230
XCHTIME	0	0	0	0	0	0	0	0
XCHTIME	4825	2	5	11318261	607687	383486	1007	10326081
LADGATE	4825	10000	0.647	1
XCHTIME	0	0	0	0	0	0	0	0
XCHTIME	4825	5	26	42426978	594824	1028262	6943	40796949
XCHTIME	0	0	0	0	0	0	0	0
XCHTIME	4825	2	19	5172969	652829	382182	3900	4134058
XCHTIME	0	0	0	0	0	0	0	0
XCHTIME	4825	2	4	5356584	528304	361281	1006	4465993
XCHTIME	0	0	0	0	0	0	0	0
XCHTIME	4825	4	10	9926640	626301	749085	2705	8548549
XCHTIME	0	0	0	0	0	0	0	0
XCHTIME	4825	2	5	11189716	597652	373379	952	10217733
XCHTIME	0	0	0	0	0	0	0	0
XCHTIME	4825	4	11	9565709	608510	800094	2496	8154609
XCHTIME	0	0	0	0	0	0	0	0
XCHTIME	4825	3	12	9972323	595177	598999	2808	8775339
XCHTIME	0	0	0	0	0	0	0	0
XCHTIME	4825	2	4	10837172	624543	374224	826	9837579
XCHTIME	0	0	0	0	0	0	0	0
XCHTIME	4825	1	0	10254987	627637	183801	0	9443549
XCHTIME	0	0	0	0	0	0	0	0
XCHTIME	4825	4	6	8900358	641770	740297	1112	7517179
LIFT	waste	4825	2503	19260	2503
COUNTS	waste	4825	21504	1468261	1270649
XCHTIME	0	0	0	0	0	0	0	0
XCHTIME	2001	1	0	403172	62805	9809	0	330558
XCHTIME	0	0	0	0	0	0	0	0
XCHTIME	2001	1	0	7079661	60638	9788	0	7009235
XCHTIME	0	0	0	0	0	0	0	0
XCHTIME	2001	1	0	4397554	96080	12231	0	4289243
XCHTIME	0	0	0	0	0	0	0	0
XCHTIME	2001	1	0	14114022	84110	12452	0	14017460
LADGATE	2001	10000	0.287	1
XCHTIME	0	0	0	0	0	0	0	0
XCHTIME	2001	5	26	306335320	91505	154374	4224	306085217
XCHTIME	0	0	0	0	0	0	0	0
XCHTIME	2001	4	66	2774857	101235	79627	6541	2587454
XCHTIME	0	0	0	0	0	0	0	0
XCHTIME	2001	4	15	1874395	74277	52730	1890	1745498
XCHTIME	0	0	0	0	0	0	0	0
XCHTIME	2001	4	10	1591805	72087	52276	1492	1465950
XCHTIME	0	0	0	0	0	0	0	0
XCHTIME	2001	1	0	14112664	73998	12933	0	14025733
XCHTIME	0	0	0	0	0	0	0	0
XCHTIME	2001	4	11	1570909	91886	80484	1647	1396892
XCHTIME	0	0	0	0	0	0	0	0
XCHTIME	2001	1	0	11457442	76955	12127	0	11368360
XCHTIME	0	0	0	0	0	0	0	0
XCHTIME	2001	1	0	14281035	85143	12503	0	14183389
XCHTIME	0	0	0	0	0	0	0	0
XCHTIME	2001	1	0	14104440	86788	12672	0	14004980
XCHTIME	0	0	0	0	0	0	0	0
XCHTIME	2001	4	6	1413610	108320	50269	859	1254162
LIFT	catmix400	2001	1998	11180	1998
COUNTS	catmix400	2001	11192	36373	36364
XCHTIME	0	0	0	0	0	0	0	0
XCHTIME	3054	2	4	2400454	170276	97276	916	2131986
XCHTIME	0	0	0	0	0	0	0	0
XCHTIME	3054	1	0	3777516	168177	42756	0	3566583
XCHTIME	0	0	0	0	0	0	0	0
XCHTIME	3054	1	0	3331234	190175	54171	0	3086888
XCHTIME	0	0	0	0	0	0	0	0
XCHTIME	3054	1	0	10392350	180016	37005	0	10175329
LADGATE	3054	10000	0.515	1
XCHTIME	0	0	0	0	0	0	0	0
XCHTIME	3054	5	26	51759417	182751	295805	6128	51274733
XCHTIME	0	0	0	0	0	0	0	0
XCHTIME	3054	1	0	5021837	195633	48355	0	4777849
XCHTIME	0	0	0	0	0	0	0	0
XCHTIME	3054	3	12	6750596	182275	163453	2444	6402424
XCHTIME	0	0	0	0	0	0	0	0
XCHTIME	3054	4	10	7002983	189010	210848	2482	6600643
XCHTIME	0	0	0	0	0	0	0	0
XCHTIME	3054	1	0	10355594	173320	43107	0	10139167
XCHTIME	0	0	0	0	0	0	0	0
XCHTIME	3054	4	11	5257014	190947	188883	2376	4874808
XCHTIME	0	0	0	0	0	0	0	0
XCHTIME	3054	4	14	12525172	168168	229876	3296	12123832
XCHTIME	0	0	0	0	0	0	0	0
XCHTIME	3054	2	4	11425677	177897	118367	787	11128626
XCHTIME	0	0	0	0	0	0	0	0
XCHTIME	3054	1	0	9247772	176986	43274	0	9027512
XCHTIME	0	0	0	0	0	0	0	0
XCHTIME	3054	4	6	3943506	195366	185951	1272	3560917
LIFT	rsyn0815m02hfsg	3054	1697	5478	1697
COUNTS	rsyn0815m02hfsg	3054	7968	44604	41384
XCHTIME	0	0	0	0	0	0	0	0
XCHTIME	1236	2	4	1200733	23892	7997	175	1168669
XCHTIME	0	0	0	0	0	0	0	0
XCHTIME	1236	1	0	6708901	24326	3948	0	6680627
XCHTIME	0	0	0	0	0	0	0	0
XCHTIME	1236	2	5	4441068	31033	9827	272	4399936
XCHTIME	0	0	0	0	0	0	0	0
XCHTIME	1236	3	15	14200492	27181	20381	695	14152235
LADGATE	1236	10000	0.299	1
XCHTIME	0	0	0	0	0	0	0	0
XCHTIME	1236	5	26	32048156	25004	38875	1190	31983087
XCHTIME	0	0	0	0	0	0	0	0
XCHTIME	1236	1	0	6860679	30274	4126	0	6826279
XCHTIME	0	0	0	0	0	0	0	0
XCHTIME	1236	4	15	4709406	31074	25727	706	4651899
XCHTIME	0	0	0	0	0	0	0	0
XCHTIME	1236	4	10	2326744	25671	16162	373	2284538
XCHTIME	0	0	0	0	0	0	0	0
XCHTIME	1236	3	15	14262568	24209	19547	740	14218072
XCHTIME	0	0	0	0	0	0	0	0
XCHTIME	1236	4	11	1568520	30333	17205	481	1520501
XCHTIME	0	0	0	0	0	0	0	0
XCHTIME	1236	4	14	8775046	24608	19794	689	8729955
XCHTIME	0	0	0	0	0	0	0	0
XCHTIME	1236	4	13	15093127	29641	27168	625	15035693
XCHTIME	0	0	0	0	0	0	0	0
XCHTIME	1236	2	5	15337376	27378	19478	257	15290263
XCHTIME	0	0	0	0	0	0	0	0
XCHTIME	1236	4	6	1137050	31958	19794	261	1085037
LIFT	p_ball_10b_7p_3d_h	1236	751	3216	751
COUNTS	p_ball_10b_7p_3d_h	1236	4186	24380	23744
XCHTIME	0	0	0	0	0	0	0	0
XCHTIME	1225	2	4	2276997	28043	9446	410	2239098
XCHTIME	0	0	0	0	0	0	0	0
XCHTIME	1225	1	0	7678650	27808	3929	0	7646913
XCHTIME	0	0	0	0	0	0	0	0
XCHTIME	1225	2	5	6130018	36368	10070	631	6082949
XCHTIME	0	0	0	0	0	0	0	0
XCHTIME	1225	2	5	16010506	30572	13581	515	15965838
LADGATE	1225	10000	0.610	1
XCHTIME	0	0	0	0	0	0	0	0
XCHTIME	1225	5	26	46133826	29778	43994	3361	46056693
XCHTIME	0	0	0	0	0	0	0	0
XCHTIME	1225	2	19	6663256	35249	15740	1847	6610420
XCHTIME	0	0	0	0	0	0	0	0
XCHTIME	1225	4	15	7518076	34840	21206	1586	7460444
XCHTIME	0	0	0	0	0	0	0	0
XCHTIME	1225	4	10	4459728	31244	19676	999	4407809
XCHTIME	0	0	0	0	0	0	0	0
XCHTIME	1225	2	5	16408646	35109	17182	560	16355795
XCHTIME	0	0	0	0	0	0	0	0
XCHTIME	1225	4	11	3057144	36524	20363	1158	2999099
XCHTIME	0	0	0	0	0	0	0	0
XCHTIME	1225	4	14	11989144	28750	23280	1435	11935679
XCHTIME	0	0	0	0	0	0	0	0
XCHTIME	1225	4	13	16536644	31239	33943	1505	16469957
XCHTIME	0	0	0	0	0	0	0	0
XCHTIME	1225	1	0	14245327	31435	4151	0	14209741
XCHTIME	0	0	0	0	0	0	0	0
XCHTIME	1225	4	6	2137737	42124	18311	613	2076689
LIFT	chimera_k64ising-02	1225	772	3732	772
COUNTS	chimera_k64ising-02	1225	3846	613390	371142
XCHTIME	0	0	0	0	0	0	0	0
XCHTIME	3404	2	4	2277002	234661	135637	562	1906142
XCHTIME	0	0	0	0	0	0	0	0
XCHTIME	3404	1	0	2747956	229693	67831	0	2450432
XCHTIME	0	0	0	0	0	0	0	0
XCHTIME	3404	1	0	2750738	244733	64793	0	2441212
XCHTIME	0	0	0	0	0	0	0	0
XCHTIME	3404	3	15	11534984	237745	234733	2498	11060008
LADGATE	3404	10000	0.555	1
XCHTIME	0	0	0	0	0	0	0	0
XCHTIME	3404	5	26	19920433	234778	395599	4130	19285926
XCHTIME	0	0	0	0	0	0	0	0
XCHTIME	3404	2	19	5244843	257015	148555	3432	4835841
XCHTIME	0	0	0	0	0	0	0	0
XCHTIME	3404	4	15	6037044	236657	291756	2773	5505858
XCHTIME	0	0	0	0	0	0	0	0
XCHTIME	3404	4	10	5139833	250750	282934	1471	4604678
XCHTIME	0	0	0	0	0	0	0	0
XCHTIME	3404	3	15	11609167	236105	224883	2305	11145874
XCHTIME	0	0	0	0	0	0	0	0
XCHTIME	3404	4	11	4704195	265234	259950	1869	4177142
XCHTIME	0	0	0	0	0	0	0	0
XCHTIME	3404	4	14	7664907	267983	271752	2321	7122851
XCHTIME	0	0	0	0	0	0	0	0
XCHTIME	3404	4	13	11439797	253320	286910	6812	10892755
XCHTIME	0	0	0	0	0	0	0	0
XCHTIME	3404	1	0	9669117	319631	67371	0	9282115
XCHTIME	0	0	0	0	0	0	0	0
XCHTIME	3404	4	6	4476200	264175	268569	1093	3942363
LIFT	batchs121208m	3404	1725	8392	1725
COUNTS	batchs121208m	3404	11462	138030	128816
XCHTIME	0	0	0	0	0	0	0	0
XCHTIME	11	2	4	22918	426	106	127	22259
XCHTIME	0	0	0	0	0	0	0	0
XCHTIME	11	2	6	163062	422	88	240	162312
XCHTIME	0	0	0	0	0	0	0	0
XCHTIME	11	2	5	81100	616	67	164	80253
XCHTIME	0	0	0	0	0	0	0	0
XCHTIME	11	4	18	175337	441	121	571	174204
LADGATE	11	10000	0.108	1
XCHTIME	0	0	0	0	0	0	0	0
XCHTIME	11	4	10	53828	868	125	302	52533
XCHTIME	0	0	0	0	0	0	0	0
XCHTIME	11	4	31	157139	519	111	973	155536
XCHTIME	0	0	0	0	0	0	0	0
XCHTIME	11	4	15	50325	519	107	394	49305
XCHTIME	0	0	0	0	0	0	0	0
XCHTIME	11	4	10	45928	450	116	265	45097
XCHTIME	0	0	0	0	0	0	0	0
XCHTIME	11	4	18	176135	427	121	497	175090
XCHTIME	0	0	0	0	0	0	0	0
XCHTIME	11	4	11	29045	464	127	271	28183
XCHTIME	0	0	0	0	0	0	0	0
XCHTIME	11	4	14	123641	435	109	379	122718
XCHTIME	0	0	0	0	0	0	0	0
XCHTIME	11	4	13	236123	413	107	370	235233
XCHTIME	0	0	0	0	0	0	0	0
XCHTIME	11	4	16	233792	401	130	459	232802
XCHTIME	0	0	0	0	0	0	0	0
XCHTIME	11	4	6	17348	425	107	120	16696
COUNTS	nvs02	11	46	142	142
XCHTIME	0	0	0	0	0	0	0	0
XCHTIME	191	2	4	332505	6100	473	260	325672
XCHTIME	0	0	0	0	0	0	0	0
XCHTIME	191	2	6	2418553	3384	569	356	2414244
XCHTIME	0	0	0	0	0	0	0	0
XCHTIME	191	2	5	818882	3398	428	239	814817
XCHTIME	0	0	0	0	0	0	0	0
XCHTIME	191	4	18	4956263	3305	954	969	4951035
LADGATE	191	10000	0.254	1
XCHTIME	0	0	0	0	0	0	0	0
XCHTIME	191	5	26	6531632	3912	1333	1445	6524942
XCHTIME	0	0	0	0	0	0	0	0
XCHTIME	191	4	66	477128	3729	885	3229	469285
XCHTIME	0	0	0	0	0	0	0	0
XCHTIME	191	4	15	851839	3521	942	794	846582
XCHTIME	0	0	0	0	0	0	0	0
XCHTIME	191	4	10	610160	3464	894	514	605288
XCHTIME	0	0	0	0	0	0	0	0
XCHTIME	191	4	18	4919072	3391	904	990	4913787
XCHTIME	0	0	0	0	0	0	0	0
XCHTIME	191	4	11	336897	3341	796	561	332199
XCHTIME	0	0	0	0	0	0	0	0
XCHTIME	191	4	14	1625637	3182	884	705	1620866
XCHTIME	0	0	0	0	0	0	0	0
XCHTIME	191	4	13	2854576	3287	853	655	2849781
XCHTIME	0	0	0	0	0	0	0	0
XCHTIME	191	4	16	17536095	3290	1872	1062	17529871
XCHTIME	0	0	0	0	0	0	0	0
XCHTIME	191	4	6	176446	5057	882	322	170185
LIFT	wastepaper6	191	156	1358	156
COUNTS	wastepaper6	191	1416	16611	16611
XCHTIME	0	0	0	0	0	0	0	0
XCHTIME	399	2	4	183088	11350	1730	199	169809
XCHTIME	0	0	0	0	0	0	0	0
XCHTIME	399	2	6	633493	5426	1489	248	626330
XCHTIME	0	0	0	0	0	0	0	0
XCHTIME	399	2	5	291751	8150	1891	279	281431
XCHTIME	0	0	0	0	0	0	0	0
XCHTIME	399	4	18	1354807	5886	3717	830	1344374
LADGATE	399	10000	0.249	1
XCHTIME	0	0	0	0	0	0	0	0
XCHTIME	399	5	26	1495635	5856	3728	1014	1485037
XCHTIME	0	0	0	0	0	0	0	0
XCHTIME	399	4	66	3200781	5852	4768	2288	3187873
XCHTIME	0	0	0	0	0	0	0	0
XCHTIME	399	4	15	420234	6309	3252	555	410118
XCHTIME	0	0	0	0	0	0	0	0
XCHTIME	399	4	10	294430	5301	3151	329	285649
XCHTIME	0	0	0	0	0	0	0	0
XCHTIME	399	4	18	1349022	5046	3204	726	1340046
XCHTIME	0	0	0	0	0	0	0	0
XCHTIME	399	4	11	249596	5650	3073	492	240381
XCHTIME	0	0	0	0	0	0	0	0
XCHTIME	399	4	14	574550	5285	3643	571	565051
XCHTIME	0	0	0	0	0	0	0	0
XCHTIME	399	4	13	823166	8530	3466	526	810644
XCHTIME	0	0	0	0	0	0	0	0
XCHTIME	399	4	16	2155450	5780	3834	629	2145207
XCHTIME	0	0	0	0	0	0	0	0
XCHTIME	399	4	6	185586	5851	2866	244	176625
LIFT	syn15hfsg	399	221	666	221
COUNTS	syn15hfsg	399	1022	3300	3272
XCHTIME	0	0	0	0	0	0	0	0
XCHTIME	36	2	4	68933	1109	184	152	67488
XCHTIME	0	0	0	0	0	0	0	0
XCHTIME	36	2	6	701278	1097	169	224	699788
XCHTIME	0	0	0	0	0	0	0	0
XCHTIME	36	2	5	177394	1258	138	210	175788
XCHTIME	0	0	0	0	0	0	0	0
XCHTIME	36	4	18	1355125	1131	274	696	1353024
LADGATE	36	10000	0.160	1
XCHTIME	0	0	0	0	0	0	0	0
XCHTIME	36	5	26	1708158	1977	384	1032	1704765
XCHTIME	0	0	0	0	0	0	0	0
XCHTIME	36	4	64	7373	1328	252	2609	3184
XCHTIME	0	0	0	0	0	0	0	0
XCHTIME	36	4	15	246918	875	258	490	245295
XCHTIME	0	0	0	0	0	0	0	0
XCHTIME	36	4	10	117660	1046	268	323	116023
XCHTIME	0	0	0	0	0	0	0	0
XCHTIME	36	4	18	1348106	1090	305	709	1346002
XCHTIME	0	0	0	0	0	0	0	0
XCHTIME	36	4	11	73929	1176	243	344	72166
XCHTIME	0	0	0	0	0	0	0	0
XCHTIME	36	4	14	352911	1101	238	446	351126
XCHTIME	0	0	0	0	0	0	0	0
XCHTIME	36	4	13	699748	1057	293	415	697983
XCHTIME	0	0	0	0	0	0	0	0
XCHTIME	36	4	16	4335503	1031	667	644	4333161
XCHTIME	0	0	0	0	0	0	0	0
XCHTIME	36	4	6	40193	1811	357	223	37802
LIFT	st_jcbpaf2	36	23	220	23
COUNTS	st_jcbpaf2	36	246	1635	1543
COUNTS	camshape400	2000	7188	16768	16768
XCHTIME	0	0	0	0	0	0	0	0
XCHTIME	120	2	4	234419	5805	406	867	227341
XCHTIME	0	0	0	0	0	0	0	0
XCHTIME	120	2	6	3337501	4328	328	1213	3331632
XCHTIME	0	0	0	0	0	0	0	0
XCHTIME	120	2	5	939743	4749	339	964	933691
XCHTIME	0	0	0	0	0	0	0	0
XCHTIME	120	4	18	6444974	3918	970	3685	6436401
LADGATE	120	10000	0.253	1
XCHTIME	0	0	0	0	0	0	0	0
XCHTIME	120	4	10	388274	5390	643	1968	380273
XCHTIME	0	0	0	0	0	0	0	0
XCHTIME	120	4	66	552898	4232	623	10410	537633
XCHTIME	0	0	0	0	0	0	0	0
XCHTIME	120	4	15	803047	4383	610	3091	794963
XCHTIME	0	0	0	0	0	0	0	0
XCHTIME	120	4	10	368166	4272	575	2067	361252
XCHTIME	0	0	0	0	0	0	0	0
XCHTIME	120	4	18	6339954	3851	655	3517	6331931
XCHTIME	0	0	0	0	0	0	0	0
XCHTIME	120	4	11	232998	3878	615	2267	226238
XCHTIME	0	0	0	0	0	0	0	0
XCHTIME	120	4	14	1723495	3822	580	2816	1716277
XCHTIME	0	0	0	0	0	0	0	0
XCHTIME	120	4	13	3229943	3986	643	2592	3222722
XCHTIME	0	0	0	0	0	0	0	0
XCHTIME	120	4	16	22143008	3991	1516	3458	22134043
XCHTIME	0	0	0	0	0	0	0	0
XCHTIME	120	4	6	169244	5603	674	1148	161819
LIFT	graphpart_clique-30	120	117	2784	117
COUNTS	graphpart_clique-30	120	2790	114505	91153
XCHTIME	0	0	0	0	0	0	0	0
XCHTIME	280	2	4	571749	20673	911	2423	547742
XCHTIME	0	0	0	0	0	0	0	0
XCHTIME	280	2	6	8788714	18501	1256	3431	8765526
XCHTIME	0	0	0	0	0	0	0	0
XCHTIME	280	2	5	2429036	19885	1101	2884	2405166
XCHTIME	0	0	0	0	0	0	0	0
XCHTIME	280	4	18	16860676	18534	2673	10540	16828929
LADGATE	280	10000	0.209	1
XCHTIME	0	0	0	0	0	0	0	0
XCHTIME	280	4	10	1076993	19581	1715	5959	1049738
XCHTIME	0	0	0	0	0	0	0	0
XCHTIME	280	4	66	2663978	18240	1430	32336	2611972
XCHTIME	0	0	0	0	0	0	0	0
XCHTIME	280	4	15	2274911	18910	2056	8820	2245125
XCHTIME	0	0	0	0	0	0	0	0
XCHTIME	280	4	10	1036813	18325	2122	5872	1010494
XCHTIME	0	0	0	0	0	0	0	0
XCHTIME	280	4	18	16773324	18070	2591	10390	16742273
XCHTIME	0	0	0	0	0	0	0	0
XCHTIME	280	4	11	757799	18848	1632	6576	730743
XCHTIME	0	0	0	0	0	0	0	0
XCHTIME	280	4	14	4630874	17956	2067	8200	4602651
XCHTIME	0	0	0	0	0	0	0	0
XCHTIME	280	4	13	9088455	18066	2044	7771	9060574
XCHTIME	0	0	0	0	0	0	0	0
XCHTIME	280	2	5	21970021	19100	1500	3015	21946406
XCHTIME	0	0	0	0	0	0	0	0
XCHTIME	280	4	6	616516	19537	1679	3657	591643
LIFT	graphpart_clique-70	280	277	14904	277
COUNTS	graphpart_clique-70	280	14910	1413012	1144894
COUNTS	smallinvDAXr1b010-011	39	1120	13510	13319
XCHTIME	0	0	0	0	0	0	0	0
XCHTIME	22074	0	0	0	0	0	0	0
XCHTIME	0	0	0	0	0	0	0	0
XCHTIME	22074	0	0	36611947	36611947	0	0	0
XCHTIME	0	0	0	0	0	0	0	0
XCHTIME	22074	0	0	35541761	35541761	0	0	0
XCHTIME	0	0	0	0	0	0	0	0
XCHTIME	22074	1	0	42390268	35531592	2935986	0	3922690
LADGATE	22074	10000	0.474	0
XCHTIME	0	0	0	0	0	0	0	0
XCHTIME	22074	5	26	156854877	35482948	14784624	19663	106567642
XCHTIME	0	0	0	0	0	0	0	0
XCHTIME	22074	0	0	35658269	35658269	0	0	0
XCHTIME	0	0	0	0	0	0	0	0
XCHTIME	22074	0	0	35508242	35508242	0	0	0
XCHTIME	0	0	0	0	0	0	0	0
XCHTIME	22074	1	0	42184804	35582408	2994456	0	3607940
XCHTIME	0	0	0	0	0	0	0	0
XCHTIME	22074	1	0	43365138	36079361	3293310	0	3992467
XCHTIME	0	0	0	0	0	0	0	0
XCHTIME	22074	1	0	42462027	35925889	2935984	0	3600154
XCHTIME	0	0	0	0	0	0	0	0
XCHTIME	22074	1	0	42248174	35503940	2932441	0	3811793
XCHTIME	0	0	0	0	0	0	0	0
XCHTIME	22074	1	0	41526996	35458017	2947296	0	3121683
XCHTIME	0	0	0	0	0	0	0	0
XCHTIME	22074	1	0	42502735	35759897	2929562	0	3813276
XCHTIME	0	0	0	0	0	0	0	0
XCHTIME	22074	1	0	41890836	35374621	2914068	0	3602147
LIFT	nd_netgen-2000-3-4-b-a-ns_7	22074	10074	36000	10074
COUNTS	nd_netgen-2000-3-4-b-a-ns_7	22074	60000	289420	272736
XCHTIME	0	0	0	0	0	0	0	0
XCHTIME	240	2	4	123986	6015	654	223	117094
XCHTIME	0	0	0	0	0	0	0	0
XCHTIME	240	2	6	467469	2688	643	278	463860
XCHTIME	0	0	0	0	0	0	0	0
XCHTIME	240	2	5	169635	2500	576	169	166390
XCHTIME	0	0	0	0	0	0	0	0
XCHTIME	240	4	18	886414	2494	1175	716	882029
LADGATE	240	10000	0.211	1
XCHTIME	0	0	0	0	0	0	0	0
XCHTIME	240	5	26	1041583	3376	1809	1150	1035248
XCHTIME	0	0	0	0	0	0	0	0
XCHTIME	240	3	57	7362800	2576	1492	2730	7356002
XCHTIME	0	0	0	0	0	0	0	0
XCHTIME	240	4	15	230628	3158	1764	677	225029
XCHTIME	0	0	0	0	0	0	0	0
XCHTIME	240	4	10	182272	2648	1340	463	177821
XCHTIME	0	0	0	0	0	0	0	0
XCHTIME	240	4	18	905267	2437	1171	708	900951
XCHTIME	0	0	0	0	0	0	0	0
XCHTIME	240	4	11	137287	2612	1102	385	133188
XCHTIME	0	0	0	0	0	0	0	0
XCHTIME	240	4	14	334169	2562	1181	543	329883
XCHTIME	0	0	0	0	0	0	0	0
XCHTIME	240	4	13	398106	2613	1295	478	393720
XCHTIME	0	0	0	0	0	0	0	0
XCHTIME	240	4	16	3201844	2574	1733	922	3196615
XCHTIME	0	0	0	0	0	0	0	0
XCHTIME	240	4	6	118851	3659	1249	242	113701
LIFT	slay05m	240	100	440	100
COUNTS	slay05m	240	720	2635	2635
XCHTIME	0	0	0	0	0	0	0	0
XCHTIME	2031	1	0	2882706	68968	10067	0	2803671
XCHTIME	0	0	0	0	0	0	0	0
XCHTIME	2031	1	0	7641165	72404	10410	0	7558351
XCHTIME	0	0	0	0	0	0	0	0
XCHTIME	2031	1	0	5674241	95996	13698	0	5564547
XCHTIME	0	0	0	0	0	0	0	0
XCHTIME	2031	1	0	15561440	85466	13394	0	15462580
LADGATE	2031	10000	1.097	1
XCHTIME	0	0	0	0	0	0	0	0
XCHTIME	2031	5	26	151735477	77511	149531	5267	151503168
XCHTIME	0	0	0	0	0	0	0	0
XCHTIME	2031	1	0	6480180	106155	16806	0	6357219
XCHTIME	0	0	0	0	0	0	0	0
XCHTIME	2031	2	4	6682316	103206	37384	827	6540899
XCHTIME	0	0	0	0	0	0	0	0
XCHTIME	2031	4	10	11493338	80042	90624	2450	11320222
XCHTIME	0	0	0	0	0	0	0	0
XCHTIME	2031	1	0	15718176	76615	11665	0	15629896
XCHTIME	0	0	0	0	0	0	0	0
XCHTIME	2031	4	11	7696860	99120	67545	2098	7528097
XCHTIME	0	0	0	0	0	0	0	0
XCHTIME	2031	2	4	15001504	79697	39963	851	14880993
XCHTIME	0	0	0	0	0	0	0	0
XCHTIME	2031	1	0	15512720	83624	13049	0	15416047
XCHTIME	0	0	0	0	0	0	0	0
XCHTIME	2031	1	0	16585592	92144	14657	0	16478791
XCHTIME	0	0	0	0	0	0	0	0
XCHTIME	2031	4	6	5253549	106873	52669	1093	5092914
LIFT	chimera_selby-c16-01	2031	1517	13662	1517
COUNTS	chimera_selby-c16-01	2031	10964	3605628	2404634
XCHTIME	0	0	0	0	0	0	0	0
XCHTIME	110	2	4	116097	4022	346	175	111554
XCHTIME	0	0	0	0	0	0	0	0
XCHTIME	110	2	6	965214	1790	380	226	962818
XCHTIME	0	0	0	0	0	0	0	0
XCHTIME	110	2	5	421520	2044	320	189	418967
XCHTIME	0	0	0	0	0	0	0	0
XCHTIME	110	4	18	2168571	1849	678	597	2165447
LADGATE	110	10000	0.180	1
XCHTIME	0	0	0	0	0	0	0	0
XCHTIME	110	5	26	2822478	3074	896	785	2817723
XCHTIME	0	0	0	0	0	0	0	0
XCHTIME	110	4	66	1422773	1728	846	1992	1418207
XCHTIME	0	0	0	0	0	0	0	0
XCHTIME	110	4	15	367886	2580	720	471	364115
XCHTIME	0	0	0	0	0	0	0	0
XCHTIME	110	4	10	210544	2057	1014	290	207183
XCHTIME	0	0	0	0	0	0	0	0
XCHTIME	110	4	18	2188147	2267	1052	577	2184251
XCHTIME	0	0	0	0	0	0	0	0
XCHTIME	110	4	11	143668	2384	643	381	140260
XCHTIME	0	0	0	0	0	0	0	0
XCHTIME	110	4	14	699556	1773	651	416	696716
XCHTIME	0	0	0	0	0	0	0	0
XCHTIME	110	4	13	1229346	1936	596	403	1226411
XCHTIME	0	0	0	0	0	0	0	0
XCHTIME	110	4	16	8781928	1905	1390	552	8778081
XCHTIME	0	0	0	0	0	0	0	0
XCHTIME	110	4	6	77627	2418	619	204	74386
LIFT	csched1	110	30	100	30
COUNTS	csched1	110	376	975	975
XCHTIME	0	0	0	0	0	0	0	0
XCHTIME	1310	2	4	911736	66847	11769	271	832849
XCHTIME	0	0	0	0	0	0	0	0
XCHTIME	1310	2	6	8257715	66415	12672	573	8178055
XCHTIME	0	0	0	0	0	0	0	0
XCHTIME	1310	2	5	3528719	74327	10593	347	3443452
XCHTIME	0	0	0	0	0	0	0	0
XCHTIME	1310	3	15	16961749	69489	22468	1048	16868744
LADGATE	1310	10000	0.131	1
XCHTIME	0	0	0	0	0	0	0	0
XCHTIME	1310	4	10	1753176	72078	21131	593	1659374
XCHTIME	0	0	0	0	0	0	0	0
XCHTIME	1310	4	66	6304908	71358	37108	3364	6193078
XCHTIME	0	0	0	0	0	0	0	0
XCHTIME	1310	4	15	3213917	72054	27731	1016	3113116
XCHTIME	0	0	0	0	0	0	0	0
XCHTIME	1310	4	10	1724055	74609	18421	611	1630414
XCHTIME	0	0	0	0	0	0	0	0
XCHTIME	1310	3	15	17004405	70928	22775	1272	16909430
XCHTIME	0	0	0	0	0	0	0	0
XCHTIME	1310	4	11	1307964	76870	19857	630	1210607
XCHTIME	0	0	0	0	0	0	0	0
XCHTIME	1310	4	14	6865017	69883	21964	967	6772203
XCHTIME	0	0	0	0	0	0	0	0
XCHTIME	1310	4	13	13245447	73573	33118	806	13137950
XCHTIME	0	0	0	0	0	0	0	0
XCHTIME	1310	1	0	18593658	73023	4683	0	18515952
XCHTIME	0	0	0	0	0	0	0	0
XCHTIME	1310	4	6	1075583	83530	22294	346	969413
LIFT	watercontamination0303r	1310	755	35918	755
COUNTS	watercontamination0303r	1310	37028	2171882	2171882
XCHTIME	0	0	0	0	0	0	0	0
XCHTIME	15	2	4	31669	515	120	137	30897
XCHTIME	0	0	0	0	0	0	0	0
XCHTIME	15	2	6	304394	513	90	173	303618
XCHTIME	0	0	0	0	0	0	0	0
XCHTIME	15	2	5	106503	566	77	154	105706
XCHTIME	0	0	0	0	0	0	0	0
XCHTIME	15	4	18	596955	522	130	524	595779
LADGATE	15	10000	0.115	1
XCHTIME	0	0	0	0	0	0	0	0
XCHTIME	15	5	26	622033	599	208	749	620477
XCHTIME	0	0	0	0	0	0	0	0
XCHTIME	15	4	39	7114	556	131	1118	5309
XCHTIME	0	0	0	0	0	0	0	0
XCHTIME	15	4	15	114153	426	165	420	113142
XCHTIME	0	0	0	0	0	0	0	0
XCHTIME	15	4	10	66189	561	147	287	65194
XCHTIME	0	0	0	0	0	0	0	0
XCHTIME	15	4	18	620763	546	154	559	619504
XCHTIME	0	0	0	0	0	0	0	0
XCHTIME	15	4	11	42076	584	174	306	41012
XCHTIME	0	0	0	0	0	0	0	0
XCHTIME	15	4	14	177321	497	156	408	176260
XCHTIME	0	0	0	0	0	0	0	0
XCHTIME	15	4	13	391991	553	146	387	390905
XCHTIME	0	0	0	0	0	0	0	0
XCHTIME	15	4	16	2366286	554	325	455	2364952
XCHTIME	0	0	0	0	0	0	0	0
XCHTIME	15	4	6	28734	841	161	182	27550
COUNTS	ex9_2_4	15	36	117	117
XCHTIME	0	0	0	0	0	0	0	0
XCHTIME	163	2	4	163652	4506	458	194	158494
XCHTIME	0	0	0	0	0	0	0	0
XCHTIME	163	2	6	1265830	2164	450	249	1262967
XCHTIME	0	0	0	0	0	0	0	0
XCHTIME	163	2	5	459699	2905	516	159	456119
XCHTIME	0	0	0	0	0	0	0	0
XCHTIME	163	4	18	2926587	2392	1270	682	2922243
LADGATE	163	10000	0.179	1
XCHTIME	0	0	0	0	0	0	0	0
XCHTIME	163	5	26	3399786	2526	1272	952	3395036
XCHTIME	0	0	0	0	0	0	0	0
XCHTIME	163	4	66	1845657	2373	731	2010	1840543
XCHTIME	0	0	0	0	0	0	0	0
XCHTIME	163	4	15	473016	2735	1088	542	468651
XCHTIME	0	0	0	0	0	0	0	0
XCHTIME	163	4	10	286671	2359	1019	326	282967
XCHTIME	0	0	0	0	0	0	0	0
XCHTIME	163	4	18	2939811	2154	975	746	2935936
XCHTIME	0	0	0	0	0	0	0	0
XCHTIME	163	4	11	155663	2363	967	378	151955
XCHTIME	0	0	0	0	0	0	0	0
XCHTIME	163	4	14	775314	1988	983	467	771876
XCHTIME	0	0	0	0	0	0	0	0
XCHTIME	163	4	13	1431607	3229	1356	468	1426554
XCHTIME	0	0	0	0	0	0	0	0
XCHTIME	163	4	16	7532949	2435	2149	791	7527574
XCHTIME	0	0	0	0	0	0	0	0
XCHTIME	163	4	6	104826	3500	754	227	100345
LIFT	sssd15-04	163	47	240	47
COUNTS	sssd15-04	163	440	1625	1625
COUNTS	autocorr_bern35-35fix	38	1264	16214	16214
XCHTIME	0	0	0	0	0	0	0	0
XCHTIME	1491	2	4	1896694	34149	11419	337	1850789
XCHTIME	0	0	0	0	0	0	0	0
XCHTIME	1491	1	0	6460039	33402	5537	0	6421100
XCHTIME	0	0	0	0	0	0	0	0
XCHTIME	1491	2	5	5103212	45078	16347	466	5041321
XCHTIME	0	0	0	0	0	0	0	0
XCHTIME	1491	3	15	13625690	38529	36536	1053	13549572
LADGATE	1491	10000	0.335	1
XCHTIME	0	0	0	0	0	0	0	0
XCHTIME	1491	5	26	38188064	33870	62130	2267	38089797
XCHTIME	0	0	0	0	0	0	0	0
XCHTIME	1491	2	19	6784365	45116	27503	1420	6710326
XCHTIME	0	0	0	0	0	0	0	0
XCHTIME	1491	4	15	5732668	52922	32914	1028	5645804
XCHTIME	0	0	0	0	0	0	0	0
XCHTIME	1491	4	10	3567424	37410	36031	816	3493167
XCHTIME	0	0	0	0	0	0	0	0
XCHTIME	1491	3	15	13365577	44750	31612	1020	13288195
XCHTIME	0	0	0	0	0	0	0	0
XCHTIME	1491	4	11	2173257	36943	30619	818	2104877
XCHTIME	0	0	0	0	0	0	0	0
XCHTIME	1491	4	14	11211856	35795	32613	1153	11142295
XCHTIME	0	0	0	0	0	0	0	0
XCHTIME	1491	3	12	13668159	40481	34412	1019	13592247
XCHTIME	0	0	0	0	0	0	0	0
XCHTIME	1491	1	0	13051896	46045	6434	0	12999417
XCHTIME	0	0	0	0	0	0	0	0
XCHTIME	1491	4	6	1508422	53947	26803	433	1427239
LIFT	sfacloc2_4_90	1491	775	3282	775
COUNTS	sfacloc2_4_90	1491	4500	31682	28843
LIFT	cont6-qq	120395	79800	397602	79800
COUNTS	cont6-qq	120395	557994	835894090	581918900
XCHTIME	0	0	0	0	0	0	0	0
XCHTIME	5205	1	0	2055152	1082973	216642	0	755537
XCHTIME	0	0	0	0	0	0	0	0
XCHTIME	5205	1	0	2263032	966294	220363	0	1076375
XCHTIME	0	0	0	0	0	0	0	0
XCHTIME	5205	1	0	1939899	976503	222554	0	740842
XCHTIME	0	0	0	0	0	0	0	0
XCHTIME	5205	2	5	5446235	956052	445305	2162	4042716
LADGATE	5205	10000	0.141	1
XCHTIME	0	0	0	0	0	0	0	0
XCHTIME	5205	4	10	9318860	996381	882705	3535	7436239
XCHTIME	0	0	0	0	0	0	0	0
XCHTIME	5205	1	0	4813264	966478	226919	0	3619867
XCHTIME	0	0	0	0	0	0	0	0
XCHTIME	5205	1	0	3062942	967670	216122	0	1879150
XCHTIME	0	0	0	0	0	0	0	0
XCHTIME	5205	2	3	5134614	1017955	444209	1196	3671254
XCHTIME	0	0	0	0	0	0	0	0
XCHTIME	5205	2	5	5465018	955987	450303	1373	4057355
XCHTIME	0	0	0	0	0	0	0	0
XCHTIME	5205	2	3	5282425	946083	448012	1619	3886711
XCHTIME	0	0	0	0	0	0	0	0
XCHTIME	5205	2	4	5412230	962868	436183	1380	4011799
XCHTIME	0	0	0	0	0	0	0	0
XCHTIME	5205	2	4	6582563	975391	469622	1199	5136351
XCHTIME	0	0	0	0	0	0	0	0
XCHTIME	5205	2	5	7486575	973977	442075	1484	6069039
XCHTIME	0	0	0	0	0	0	0	0
XCHTIME	5205	2	3	5184462	977581	431508	983	3774390
LIFT	meanvar-orl400_05_e_7	5205	2803	170000	2803
COUNTS	meanvar-orl400_05_e_7	5205	174804	21939414	21935811
XCHTIME	0	0	0	0	0	0	0	0
XCHTIME	10017	1	0	4456062	3079604	928587	0	447871
XCHTIME	0	0	0	0	0	0	0	0
XCHTIME	10017	1	0	5443822	3151613	904975	0	1387234
XCHTIME	0	0	0	0	0	0	0	0
XCHTIME	10017	1	0	4763810	3002133	925085	0	836592
XCHTIME	0	0	0	0	0	0	0	0
XCHTIME	10017	1	0	11791997	3037751	937449	0	7816797
LADGATE	10017	10000	0.334	0
XCHTIME	0	0	0	0	0	0	0	0
XCHTIME	10017	5	26	52850516	3041164	4672182	16941	45120229
XCHTIME	0	0	0	0	0	0	0	0
XCHTIME	10017	1	0	7515633	3071553	928121	0	3515959
XCHTIME	0	0	0	0	0	0	0	0
XCHTIME	10017	1	0	7042043	3070858	924458	0	3046727
XCHTIME	0	0	0	0	0	0	0	0
XCHTIME	10017	2	3	11207823	2972146	1907057	2676	6325944
XCHTIME	0	0	0	0	0	0	0	0
XCHTIME	10017	1	0	11609443	2973713	926450	0	7709280
XCHTIME	0	0	0	0	0	0	0	0
XCHTIME	10017	2	3	11216015	3056439	1853423	3311	6302842
XCHTIME	0	0	0	0	0	0	0	0
XCHTIME	10017	1	0	11361072	3013122	927988	0	7419962
XCHTIME	0	0	0	0	0	0	0	0
XCHTIME	10017	1	0	12159829	3079635	932093	0	8148101
XCHTIME	0	0	0	0	0	0	0	0
XCHTIME	10017	1	0	12057481	3069394	930240	0	8057847
XCHTIME	0	0	0	0	0	0	0	0
XCHTIME	10017	2	3	10964498	3089082	1807130	2705	6065581
LIFT	glider400	10017	7609	43204	7609
COUNTS	glider400	10017	49624	373018	327407
XCHTIME	0	0	0	0	0	0	0	0
XCHTIME	4960	2	4	2736950	641841	383893	865	1710351
XCHTIME	0	0	0	0	0	0	0	0
XCHTIME	4960	2	6	4704862	621621	402947	1316	3678978
XCHTIME	0	0	0	0	0	0	0	0
XCHTIME	4960	2	5	3812183	611412	403524	1005	2796242
XCHTIME	0	0	0	0	0	0	0	0
XCHTIME	4960	4	18	13330003	629685	827378	3987	11868953
LADGATE	4960	10000	0.614	1
XCHTIME	0	0	0	0	0	0	0	0
XCHTIME	4960	5	26	19854119	624042	1000572	5716	18223789
XCHTIME	0	0	0	0	0	0	0	0
XCHTIME	4960	3	57	5858272	626492	607476	10333	4613971
XCHTIME	0	0	0	0	0	0	0	0
XCHTIME	4960	4	15	6624639	569643	759815	3184	5291997
XCHTIME	0	0	0	0	0	0	0	0
XCHTIME	4960	4	10	7015956	624099	773471	1951	5616435
XCHTIME	0	0	0	0	0	0	0	0
XCHTIME	4960	4	18	13057716	617309	812642	4017	11623748
XCHTIME	0	0	0	0	0	0	0	0
XCHTIME	4960	4	11	6612689	615348	795807	2418	5199116
XCHTIME	0	0	0	0	0	0	0	0
XCHTIME	4960	4	14	9279231	612512	807140	3686	7855893
XCHTIME	0	0	0	0	0	0	0	0
XCHTIME	4960	4	13	11611210	620018	820213	2992	10167987
XCHTIME	0	0	0	0	0	0	0	0
XCHTIME	4960	2	5	11238128	622958	422329	1568	10191273
XCHTIME	0	0	0	0	0	0	0	0
XCHTIME	4960	4	6	5881571	551559	736756	1393	4591863
LIFT	syn40m04m	4960	2524	9280	2524
COUNTS	syn40m04m	4960	13792	65982	63265
XCHTIME	0	0	0	0	0	0	0	0
XCHTIME	31	2	4	61080	895	158	110	59917
XCHTIME	0	0	0	0	0	0	0	0
XCHTIME	31	2	6	331313	845	129	125	330214
XCHTIME	0	0	0	0	0	0	0	0
XCHTIME	31	2	5	134970	922	117	98	133833
XCHTIME	0	0	0	0	0	0	0	0
XCHTIME	31	4	18	651242	796	375	365	649706
LADGATE	31	10000	0.160	1
XCHTIME	0	0	0	0	0	0	0	0
XCHTIME	31	5	26	721710	1031	341	545	719793
XCHTIME	0	0	0	0	0	0	0	0
XCHTIME	31	4	59	151410	968	213	1529	148700
XCHTIME	0	0	0	0	0	0	0	0
XCHTIME	31	4	15	148551	886	234	314	147117
XCHTIME	0	0	0	0	0	0	0	0
XCHTIME	31	4	10	104289	864	213	202	103010
XCHTIME	0	0	0	0	0	0	0	0
XCHTIME	31	4	18	621772	811	249	372	620340
XCHTIME	0	0	0	0	0	0	0	0
XCHTIME	31	4	11	71586	872	220	222	70272
XCHTIME	0	0	0	0	0	0	0	0
XCHTIME	31	4	14	206360	769	246	284	205061
XCHTIME	0	0	0	0	0	0	0	0
XCHTIME	31	4	13	342889	854	275	329	341431
XCHTIME	0	0	0	0	0	0	0	0
XCHTIME	31	4	16	2655031	911	363	330	2653427
XCHTIME	0	0	0	0	0	0	0	0
XCHTIME	31	4	6	38364	2480	358	128	35398
COUNTS	ex2_1_3	31	72	189	189
XCHTIME	0	0	0	0	0	0	0	0
XCHTIME	705	2	4	1591113	125305	3937	935	1460936
XCHTIME	0	0	0	0	0	0	0	0
XCHTIME	705	2	6	9439416	113540	6546	1009	9318321
XCHTIME	0	0	0	0	0	0	0	0
XCHTIME	705	2	5	4610499	115672	4302	859	4489666
XCHTIME	0	0	0	0	0	0	0	0
XCHTIME	705	3	15	18901516	117622	7961	2519	18773414
LADGATE	705	10000	0.495	1
XCHTIME	0	0	0	0	0	0	0	0
XCHTIME	705	4	10	2998722	117001	6908	1303	2873510
XCHTIME	0	0	0	0	0	0	0	0
XCHTIME	705	4	66	3909220	124209	12723	15913	3756375
XCHTIME	0	0	0	0	0	0	0	0
XCHTIME	705	4	15	4257754	114940	9710	2364	4130740
XCHTIME	0	0	0	0	0	0	0	0
XCHTIME	705	4	10	2984902	113920	7824	1358	2861800
XCHTIME	0	0	0	0	0	0	0	0
XCHTIME	705	3	15	18919689	111916	7311	2319	18798143
XCHTIME	0	0	0	0	0	0	0	0
XCHTIME	705	4	11	2573464	115538	7269	1412	2449245
XCHTIME	0	0	0	0	0	0	0	0
XCHTIME	705	4	14	9076818	112522	9768	2252	8952276
XCHTIME	0	0	0	0	0	0	0	0
XCHTIME	705	4	13	16596983	117350	7870	2306	16469457
XCHTIME	0	0	0	0	0	0	0	0
XCHTIME	705	1	0	18743881	113019	1705	0	18629157
XCHTIME	0	0	0	0	0	0	0	0
XCHTIME	705	4	6	2369822	121965	8009	1211	2238637
LIFT	qapw	705	480	87046	480
COUNTS	qapw	705	87496	12183146	12183146
XCHTIME	0	0	0	0	0	0	0	0
XCHTIME	14	2	4	19106	611	129	168	18198
XCHTIME	0	0	0	0	0	0	0	0
XCHTIME	14	2	6	168689	538	102	172	167877
XCHTIME	0	0	0	0	0	0	0	0
XCHTIME	14	2	5	47734	582	76	153	46923
XCHTIME	0	0	0	0	0	0	0	0
XCHTIME	14	4	18	331800	574	116	659	330451
LADGATE	14	10000	0.111	1
XCHTIME	0	0	0	0	0	0	0	0
XCHTIME	14	4	10	39550	956	174	302	38118
XCHTIME	0	0	0	0	0	0	0	0
XCHTIME	14	4	37	1400177	572	215	1334	1398056
XCHTIME	0	0	0	0	0	0	0	0
XCHTIME	14	4	15	71617	803	153	447	70214
XCHTIME	0	0	0	0	0	0	0	0
XCHTIME	14	4	10	36083	599	120	282	35082
XCHTIME	0	0	0	0	0	0	0	0
XCHTIME	14	4	18	338933	465	128	576	337764
XCHTIME	0	0	0	0	0	0	0	0
XCHTIME	14	4	11	28549	494	123	321	27611
XCHTIME	0	0	0	0	0	0	0	0
XCHTIME	14	4	14	125489	486	123	431	124449
XCHTIME	0	0	0	0	0	0	0	0
XCHTIME	14	4	13	188769	485	141	399	187744
XCHTIME	0	0	0	0	0	0	0	0
XCHTIME	14	4	16	2078124	472	141	806	2076705
XCHTIME	0	0	0	0	0	0	0	0
XCHTIME	14	4	6	19488	978	222	196	18092
COUNTS	himmel11	14	60	198	198
XCHTIME	0	0	0	0	0	0	0	0
XCHTIME	1908	2	4	1897827	50200	24395	344	1822888
XCHTIME	0	0	0	0	0	0	0	0
XCHTIME	1908	2	6	6788124	53294	34797	1036	6698997
XCHTIME	0	0	0	0	0	0	0	0
XCHTIME	1908	2	5	5156045	71517	32146	698	5051684
XCHTIME	0	0	0	0	0	0	0	0
XCHTIME	1908	3	15	13951462	59496	59906	2059	13830001
LADGATE	1908	10000	0.377	1
XCHTIME	0	0	0	0	0	0	0	0
XCHTIME	1908	5	26	34772621	67974	138918	2845	34562884
XCHTIME	0	0	0	0	0	0	0	0
XCHTIME	1908	2	19	7021247	78103	41043	1704	6900397
XCHTIME	0	0	0	0	0	0	0	0
XCHTIME	1908	4	15	5779025	63617	51221	1141	5663046
XCHTIME	0	0	0	0	0	0	0	0
XCHTIME	1908	4	10	3519780	53866	42672	684	3422558
XCHTIME	0	0	0	0	0	0	0	0
XCHTIME	1908	3	15	14049661	58302	67937	1675	13921747
XCHTIME	0	0	0	0	0	0	0	0
XCHTIME	1908	4	11	2602600	75710	59976	1252	2465662
XCHTIME	0	0	0	0	0	0	0	0
XCHTIME	1908	4	14	9159513	81371	58118	1362	9018662
XCHTIME	0	0	0	0	0	0	0	0
XCHTIME	1908	4	13	14150482	56550	72444	1412	14020076
XCHTIME	0	0	0	0	0	0	0	0
XCHTIME	1908	1	0	12508730	64530	10081	0	12434119
XCHTIME	0	0	0	0	0	0	0	0
XCHTIME	1908	4	6	1923492	89662	42913	503	1790414
LIFT	syn15m04m	1908	970	3540	970
COUNTS	syn15m04m	1908	5288	26094	25061
XCHTIME	0	0	0	0	0	0	0	0
XCHTIME	118	2	4	111816	3993	358	164	107301
XCHTIME	0	0	0	0	0	0	0	0
XCHTIME	118	2	6	1136702	2228	396	137	1133941
XCHTIME	0	0	0	0	0	0	0	0
XCHTIME	118	2	5	237378	2141	290	103	234844
XCHTIME	0	0	0	0	0	0	0	0
XCHTIME	118	4	18	2226796	2136	634	426	2223600
LADGATE	118	10000	0.231	1
XCHTIME	0	0	0	0	0	0	0	0
XCHTIME	118	5	26	2738470	2840	913	750	2733967
XCHTIME	0	0	0	0	0	0	0	0
XCHTIME	118	4	66	1737855	2267	855	1494	1733239
XCHTIME	0	0	0	0	0	0	0	0
XCHTIME	118	4	15	414027	2406	638	336	410647
XCHTIME	0	0	0	0	0	0	0	0
XCHTIME	118	4	10	214375	2112	880	206	211177
XCHTIME	0	0	0	0	0	0	0	0
XCHTIME	118	4	18	2259609	2044	1136	463	2255966
XCHTIME	0	0	0	0	0	0	0	0
XCHTIME	118	4	11	125583	2837	564	235	121947
XCHTIME	0	0	0	0	0	0	0	0
XCHTIME	118	4	14	603448	2015	607	292	600534
XCHTIME	0	0	0	0	0	0	0	0
XCHTIME	118	4	13	1092183	2050	607	286	1089240
XCHTIME	0	0	0	0	0	0	0	0
XCHTIME	118	4	16	7285325	2101	985	396	7281843
XCHTIME	0	0	0	0	0	0	0	0
XCHTIME	118	4	6	81108	2975	728	173	77232
LIFT	pooling_rt2tp	118	66	554	66
COUNTS	pooling_rt2tp	118	654	5876	5796
XCHTIME	0	0	0	0	0	0	0	0
XCHTIME	333	2	4	422763	9606	1149	222	411786
XCHTIME	0	0	0	0	0	0	0	0
XCHTIME	333	2	6	4340904	5583	1249	272	4333800
XCHTIME	0	0	0	0	0	0	0	0
XCHTIME	333	2	5	1293824	5531	976	216	1287101
XCHTIME	0	0	0	0	0	0	0	0
XCHTIME	333	4	18	8868944	6076	2647	810	8859411
LADGATE	333	10000	0.295	1
XCHTIME	0	0	0	0	0	0	0	0
XCHTIME	333	5	26	11426947	6680	2701	1120	11416446
XCHTIME	0	0	0	0	0	0	0	0
XCHTIME	333	4	66	3640148	5754	2426	2185	3629783
XCHTIME	0	0	0	0	0	0	0	0
XCHTIME	333	4	15	1455424	6818	2468	615	1445523
XCHTIME	0	0	0	0	0	0	0	0
XCHTIME	333	4	10	774778	5385	2347	374	766672
XCHTIME	0	0	0	0	0	0	0	0
XCHTIME	333	4	18	8854811	5440	2912	883	8845576
XCHTIME	0	0	0	0	0	0	0	0
XCHTIME	333	4	11	491469	6221	2215	409	482624
XCHTIME	0	0	0	0	0	0	0	0
XCHTIME	333	4	14	2683203	5516	2231	572	2674884
XCHTIME	0	0	0	0	0	0	0	0
XCHTIME	333	4	13	4882856	5336	2611	548	4874361
XCHTIME	0	0	0	0	0	0	0	0
XCHTIME	333	3	15	21765803	5757	2878	607	21756561
XCHTIME	0	0	0	0	0	0	0	0
XCHTIME	333	4	6	368246	7145	2095	227	358779
LIFT	waterund14	333	191	2068	191
COUNTS	waterund14	333	2204	200484	72184
XCHTIME	0	0	0	0	0	0	0	0
XCHTIME	17809	0	0	24891424	24891424	0	0	0
XCHTIME	0	0	0	0	0	0	0	0
XCHTIME	17809	1	0	26129148	23893697	1930385	0	305066
XCHTIME	0	0	0	0	0	0	0	0
XCHTIME	17809	0	0	23990341	23990341	0	0	0
XCHTIME	0	0	0	0	0	0	0	0
XCHTIME	17809	1	0	31694567	24121991	1949285	0	5623291
LADGATE	17809	10000	1.105	0
XCHTIME	0	0	0	0	0	0	0	0
XCHTIME	17809	5	26	375426293	24392844	9917885	14964	341100600
LIFT	crudeoil_lee4_10	17809	10229	106656	10229
COUNTS	crudeoil_lee4_10	17809	120632	294531623	179065997
XCHTIME	0	0	0	0	0	0	0	0
XCHTIME	1294	2	4	1450912	38115	15857	475	1396465
XCHTIME	0	0	0	0	0	0	0	0
XCHTIME	1294	2	6	6712241	33636	15414	695	6662496
XCHTIME	0	0	0	0	0	0	0	0
XCHTIME	1294	2	5	3630326	36332	10748	499	3582747
XCHTIME	0	0	0	0	0	0	0	0
XCHTIME	1294	4	18	14575035	36174	32600	2025	14504236
LADGATE	1294	10000	0.479	1
XCHTIME	0	0	0	0	0	0	0	0
XCHTIME	1294	5	26	21355804	39659	40083	2801	21273261
XCHTIME	0	0	0	0	0	0	0	0
XCHTIME	1294	2	19	4314817	38407	24359	1722	4250329
XCHTIME	0	0	0	0	0	0	0	0
XCHTIME	1294	4	15	4247459	33855	20413	1483	4191708
XCHTIME	0	0	0	0	0	0	0	0
XCHTIME	1294	4	10	2815426	31818	21488	958	2761162
XCHTIME	0	0	0	0	0	0	0	0
XCHTIME	1294	4	18	14664215	31702	36693	1886	14593934
XCHTIME	0	0	0	0	0	0	0	0
XCHTIME	1294	4	11	1701236	34820	19801	1282	1645333
XCHTIME	0	0	0	0	0	0	0	0
XCHTIME	1294	4	14	7135820	31128	22905	1457	7080330
XCHTIME	0	0	0	0	0	0	0	0
XCHTIME	1294	4	13	10508024	34711	23834	1217	10448262
XCHTIME	0	0	0	0	0	0	0	0
XCHTIME	1294	2	5	15453881	34732	34147	636	15384366
XCHTIME	0	0	0	0	0	0	0	0
XCHTIME	1294	4	6	1298139	39324	19449	571	1238795
LIFT	pooling_foulds4pq	1294	723	7208	723
COUNTS	pooling_foulds4pq	1294	8302	138692	138540
XCHTIME	0	0	0	0	0	0	0	0
XCHTIME	3097	2	4	2188483	219299	97679	1012	1870493
XCHTIME	0	0	0	0	0	0	0	0
XCHTIME	3097	1	0	3264995	191281	54307	0	3019407
XCHTIME	0	0	0	0	0	0	0	0
XCHTIME	3097	2	5	2984374	201448	128066	1175	2653685
XCHTIME	0	0	0	0	0	0	0	0
XCHTIME	3097	4	18	11043530	171797	198878	4538	10668317
LADGATE	3097	10000	0.339	1
XCHTIME	0	0	0	0	0	0	0	0
XCHTIME	3097	5	26	14311351	200650	277421	5807	13827473
XCHTIME	0	0	0	0	0	0	0	0
XCHTIME	3097	4	66	5149660	238553	225033	10095	4675979
XCHTIME	0	0	0	0	0	0	0	0
XCHTIME	3097	4	15	4660177	204912	201933	3872	4249460
XCHTIME	0	0	0	0	0	0	0	0
XCHTIME	3097	4	10	4070351	216629	194926	1964	3656832
XCHTIME	0	0	0	0	0	0	0	0
XCHTIME	3097	4	18	11298321	198239	224055	4444	10871583
XCHTIME	0	0	0	0	0	0	0	0
XCHTIME	3097	4	11	3835271	220675	203967	2953	3407676
XCHTIME	0	0	0	0	0	0	0	0
XCHTIME	3097	4	14	5900937	221599	210494	3482	5465362
XCHTIME	0	0	0	0	0	0	0	0
XCHTIME	3097	4	13	7490121	174533	208503	2975	7104110
XCHTIME	0	0	0	0	0	0	0	0
XCHTIME	3097	2	5	11721442	224535	131070	1096	11364741
XCHTIME	0	0	0	0	0	0	0	0
XCHTIME	3097	4	6	3806877	205753	209879	1771	3389474
LIFT	edgecross14-156	3097	1641	21120	1641
COUNTS	edgecross14-156	3097	19664	1487933	1376964
XCHTIME	0	0	0	0	0	0	0	0
XCHTIME	72	2	4	114107	2855	258	132	110862
XCHTIME	0	0	0	0	0	0	0	0
XCHTIME	72	2	6	1761676	1944	444	181	1759107
XCHTIME	0	0	0	0	0	0	0	0
XCHTIME	72	2	5	442804	2335	333	119	440017
XCHTIME	0	0	0	0	0	0	0	0
XCHTIME	72	4	18	3148656	1889	752	419	3145596
LADGATE	72	10000	0.204	1
XCHTIME	0	0	0	0	0	0	0	0
XCHTIME	72	5	26	3893480	2795	609	774	3889302
XCHTIME	0	0	0	0	0	0	0	0
XCHTIME	72	4	66	29021	2091	387	2332	24211
XCHTIME	0	0	0	0	0	0	0	0
XCHTIME	72	4	15	412964	1677	415	378	410494
XCHTIME	0	0	0	0	0	0	0	0
XCHTIME	72	4	10	205917	1797	435	250	203435
XCHTIME	0	0	0	0	0	0	0	0
XCHTIME	72	4	18	3139542	1864	516	434	3136728
XCHTIME	0	0	0	0	0	0	0	0
XCHTIME	72	4	11	106227	1865	436	264	103662
XCHTIME	0	0	0	0	0	0	0	0
XCHTIME	72	4	14	869594	1718	432	305	867139
XCHTIME	0	0	0	0	0	0	0	0
XCHTIME	72	4	13	1539802	1842	400	375	1537185
XCHTIME	0	0	0	0	0	0	0	0
XCHTIME	72	4	16	11007527	1878	677	436	11004536
XCHTIME	0	0	0	0	0	0	0	0
XCHTIME	72	4	6	60776	3075	440	195	57066
LIFT	tspn08	72	34	646	34
COUNTS	tspn08	72	668	11074	7600
XCHTIME	0	0	0	0	0	0	0	0
XCHTIME	4225	1	0	2340880	436545	129444	0	1774891
XCHTIME	0	0	0	0	0	0	0	0
XCHTIME	4225	1	0	4251475	426254	125743	0	3699478
XCHTIME	0	0	0	0	0	0	0	0
XCHTIME	4225	1	0	3355409	428045	117372	0	2809992
XCHTIME	0	0	0	0	0	0	0	0
XCHTIME	4225	1	0	11170020	435577	127525	0	10606918
LADGATE	4225	10000	0.568	1
XCHTIME	0	0	0	0	0	0	0	0
XCHTIME	4225	5	26	68861352	474564	706617	3231	67676940
XCHTIME	0	0	0	0	0	0	0	0
XCHTIME	4225	1	0	4896057	460981	160761	0	4274315
XCHTIME	0	0	0	0	0	0	0	0
XCHTIME	4225	2	4	6610701	469027	257757	497	5883420
XCHTIME	0	0	0	0	0	0	0	0
XCHTIME	4225	4	10	11117343	415694	513550	1386	10186713
XCHTIME	0	0	0	0	0	0	0	0
XCHTIME	4225	1	0	11338895	436932	146236	0	10755727
XCHTIME	0	0	0	0	0	0	0	0
XCHTIME	4225	4	11	9267936	449348	502840	1203	8314545
XCHTIME	0	0	0	0	0	0	0	0
XCHTIME	4225	3	12	12692818	443659	402618	1463	11845078
XCHTIME	0	0	0	0	0	0	0	0
XCHTIME	4225	2	4	11988517	429429	279921	416	11278751
XCHTIME	0	0	0	0	0	0	0	0
XCHTIME	4225	1	0	9577614	389624	121446	0	9066544
XCHTIME	0	0	0	0	0	0	0	0
XCHTIME	4225	4	6	7956357	440431	494278	640	7021008
LIFT	crudeoil_li05	4225	2656	17380	2656
COUNTS	crudeoil_li05	4225	14628	680022	533453
XCHTIME	0	0	0	0	0	0	0	0
XCHTIME	14416	0	0	11721171	11721171	0	0	0
XCHTIME	0	0	0	0	0	0	0	0
XCHTIME	14416	1	0	9995681	7901016	1320557	0	774108
XCHTIME	0	0	0	0	0	0	0	0
XCHTIME	14416	1	0	6914869	5130697	1316267	0	467905
XCHTIME	0	0	0	0	0	0	0	0
XCHTIME	14416	1	0	13514011	5109337	1299356	0	7105318
LADGATE	14416	10000	0.653	0
XCHTIME	0	0	0	0	0	0	0	0
XCHTIME	14416	5	26	254698356	5140627	6790173	15650	242751906
XCHTIME	0	0	0	0	0	0	0	0
XCHTIME	14416	1	0	9089388	5194438	1331328	0	2563622
XCHTIME	0	0	0	0	0	0	0	0
XCHTIME	14416	1	0	9100919	5179749	1311922	0	2609248
XCHTIME	0	0	0	0	0	0	0	0
XCHTIME	14416	1	0	13773073	5120913	1316311	0	7335849
XCHTIME	0	0	0	0	0	0	0	0
XCHTIME	14416	1	0	13853983	5182014	1310421	0	7361548
XCHTIME	0	0	0	0	0	0	0	0
XCHTIME	14416	1	0	13788609	5170881	1309936	0	7307792
XCHTIME	0	0	0	0	0	0	0	0
XCHTIME	14416	1	0	13788586	5162061	1310509	0	7316016
XCHTIME	0	0	0	0	0	0	0	0
XCHTIME	14416	1	0	13834253	5197321	1293205	0	7343727
XCHTIME	0	0	0	0	0	0	0	0
XCHTIME	14416	1	0	13810881	5166908	1311039	0	7332934
XCHTIME	0	0	0	0	0	0	0	0
XCHTIME	14416	1	0	13775438	5145201	1310506	0	7319731
LIFT	procurement1large	14416	6606	28248	6606
COUNTS	procurement1large	14416	41068	13858240	7313217
XCHTIME	0	0	0	0	0	0	0	0
XCHTIME	1428	2	4	1187251	30957	10995	382	1144917
XCHTIME	0	0	0	0	0	0	0	0
XCHTIME	1428	2	6	7417414	31308	17658	717	7367731
XCHTIME	0	0	0	0	0	0	0	0
XCHTIME	1428	2	5	3168938	38451	11590	390	3118507
XCHTIME	0	0	0	0	0	0	0	0
XCHTIME	1428	4	18	15791628	33303	35432	1507	15721386
LADGATE	1428	10000	0.323	1
XCHTIME	0	0	0	0	0	0	0	0
XCHTIME	1428	5	26	25392993	40103	47431	2203	25303256
XCHTIME	0	0	0	0	0	0	0	0
XCHTIME	1428	2	19	5849740	39516	15816	1072	5793336
XCHTIME	0	0	0	0	0	0	0	0
XCHTIME	1428	4	15	3947496	45760	26615	1242	3873879
XCHTIME	0	0	0	0	0	0	0	0
XCHTIME	1428	4	10	2345811	44718	27614	709	2272770
XCHTIME	0	0	0	0	0	0	0	0
XCHTIME	1428	4	18	15888118	32446	42255	1465	15811952
XCHTIME	0	0	0	0	0	0	0	0
XCHTIME	1428	4	11	1563501	37457	26340	801	1498903
XCHTIME	0	0	0	0	0	0	0	0
XCHTIME	1428	4	14	6577103	32414	33719	1132	6509838
XCHTIME	0	0	0	0	0	0	0	0
XCHTIME	1428	4	13	11053343	35736	42353	1057	10974197
XCHTIME	0	0	0	0	0	0	0	0
XCHTIME	1428	1	0	14948313	35570	5204	0	14907539
XCHTIME	0	0	0	0	0	0	0	0
XCHTIME	1428	4	6	1254478	51004	23858	431	1179185
LIFT	blend721	1428	829	3334	829
COUNTS	blend721	1428	4548	77560	66143
XCHTIME	0	0	0	0	0	0	0	0
XCHTIME	2031	1	0	3127050	73035	11973	0	3042042
XCHTIME	0	0	0	0	0	0	0	0
XCHTIME	2031	1	0	7597977	90040	15172	0	7492765
XCHTIME	0	0	0	0	0	0	0	0
XCHTIME	2031	1	0	5737303	96945	15583	0	5624775
XCHTIME	0	0	0	0	0	0	0	0
XCHTIME	2031	1	0	15576889	92300	14847	0	15469742
LADGATE	2031	10000	1.116	1
XCHTIME	0	0	0	0	0	0	0	0
XCHTIME	2031	5	26	164309389	79805	154899	7125	164067560
XCHTIME	0	0	0	0	0	0	0	0
XCHTIME	2031	1	0	6279954	104036	14747	0	6161171
XCHTIME	0	0	0	0	0	0	0	0
XCHTIME	2031	2	4	6915034	120002	37208	1025	6756799
XCHTIME	0	0	0	0	0	0	0	0
XCHTIME	2031	4	10	12392068	85546	74561	2889	12229072
XCHTIME	0	0	0	0	0	0	0	0
XCHTIME	2031	1	0	15814339	86191	13842	0	15714306
XCHTIME	0	0	0	0	0	0	0	0
XCHTIME	2031	4	11	8178908	101201	58255	2757	8016695
XCHTIME	0	0	0	0	0	0	0	0
XCHTIME	2031	2	4	15002885	79423	34888	1156	14887418
XCHTIME	0	0	0	0	0	0	0	0
XCHTIME	2031	1	0	15351201	87849	13538	0	15249814
XCHTIME	0	0	0	0	0	0	0	0
XCHTIME	2031	1	0	16111826	97157	14078	0	16000591
XCHTIME	0	0	0	0	0	0	0	0
XCHTIME	2031	4	6	5657740	108903	68588	1566	5478683
LIFT	chimera_selby-c16-02	2031	1436	15878	1436
COUNTS	chimera_selby-c16-02	2031	10878	4280329	2297782
XCHTIME	0	0	0	0	0	0	0	0
XCHTIME	16640	0	0	21354255	21354255	0	0	0
XCHTIME	0	0	0	0	0	0	0	0
XCHTIME	16640	1	0	22297722	20406997	1660060	0	230665
XCHTIME	0	0	0	0	0	0	0	0
XCHTIME	16640	1	0	22201534	20525924	1664453	0	11157
XCHTIME	0	0	0	0	0	0	0	0
XCHTIME	16640	1	0	27342020	20654215	1714493	0	4973312
LADGATE	16640	10000	0.488	0
XCHTIME	0	0	0	0	0	0	0	0
XCHTIME	16640	5	26	90078287	20759604	8539232	17652	60761799
XCHTIME	0	0	0	0	0	0	0	0
XCHTIME	16640	1	0	23093836	20885568	1698395	0	509873
XCHTIME	0	0	0	0	0	0	0	0
XCHTIME	16640	1	0	23753547	20777715	1718934	0	1256898
XCHTIME	0	0	0	0	0	0	0	0
XCHTIME	16640	1	0	27322092	20558866	1659589	0	5103637
XCHTIME	0	0	0	0	0	0	0	0
XCHTIME	16640	1	0	27417571	20739471	1707271	0	4970829
XCHTIME	0	0	0	0	0	0	0	0
XCHTIME	16640	1	0	27282529	20506955	1705045	0	5070529
XCHTIME	0	0	0	0	0	0	0	0
XCHTIME	16640	1	0	27229484	20549252	1672941	0	5007291
XCHTIME	0	0	0	0	0	0	0	0
XCHTIME	16640	1	0	27334554	20580695	1702249	0	5051610
XCHTIME	0	0	0	0	0	0	0	0
XCHTIME	16640	1	0	27478522	20519623	1675407	0	5283492
XCHTIME	0	0	0	0	0	0	0	0
XCHTIME	16640	1	0	27253043	20547153	1684086	0	5021804
LIFT	supplychainr1_053050	16640	9640	44160	9640
COUNTS	supplychainr1_053050	16640	57800	2173490	2173490
XCHTIME	0	0	0	0	0	0	0	0
XCHTIME	5067	1	0	2540245	667806	200776	0	1671663
XCHTIME	0	0	0	0	0	0	0	0
XCHTIME	5067	1	0	4037184	631333	201429	0	3204422
XCHTIME	0	0	0	0	0	0	0	0
XCHTIME	5067	1	0	3074322	682337	199907	0	2192078
XCHTIME	0	0	0	0	0	0	0	0
XCHTIME	5067	2	5	10814411	658759	425339	1711	9728602
LADGATE	5067	10000	0.718	1
XCHTIME	0	0	0	0	0	0	0	0
XCHTIME	5067	5	26	25522450	677022	1054109	6753	23784566
XCHTIME	0	0	0	0	0	0	0	0
XCHTIME	5067	1	0	5352277	680943	212652	0	4458682
XCHTIME	0	0	0	0	0	0	0	0
XCHTIME	5067	3	12	6222821	669584	601807	3373	4948057
XCHTIME	0	0	0	0	0	0	0	0
XCHTIME	5067	4	10	8715043	661521	788545	2890	7262087
XCHTIME	0	0	0	0	0	0	0	0
XCHTIME	5067	2	5	10674641	655577	420285	1502	9597277
XCHTIME	0	0	0	0	0	0	0	0
XCHTIME	5067	4	11	8301009	664294	800150	3452	6833113
XCHTIME	0	0	0	0	0	0	0	0
XCHTIME	5067	4	14	10979523	633966	830701	4202	9510654
XCHTIME	0	0	0	0	0	0	0	0
XCHTIME	5067	3	12	11444659	635996	633576	3157	10171930
XCHTIME	0	0	0	0	0	0	0	0
XCHTIME	5067	1	0	9729728	635942	201328	0	8892458
XCHTIME	0	0	0	0	0	0	0	0
XCHTIME	5067	4	6	7943100	681962	755451	1711	6503976
LIFT	sfacloc2_4_80	5067	2567	16656	2567
COUNTS	sfacloc2_4_80	5067	21424	93048	88884
COUNTS	st_e24	10	26	64	57
XCHTIME	0	0	0	0	0	0	0	0
XCHTIME	1053	2	4	683169	19902	6115	309	656843
XCHTIME	0	0	0	0	0	0	0	0
XCHTIME	1053	2	6	6245992	20377	7260	501	6217854
XCHTIME	0	0	0	0	0	0	0	0
XCHTIME	1053	2	5	1958104	22124	6958	289	1928733
XCHTIME	0	0	0	0	0	0	0	0
XCHTIME	1053	4	18	11793133	21845	18331	1183	11751774
LADGATE	1053	10000	0.330	1
XCHTIME	0	0	0	0	0	0	0	0
XCHTIME	1053	5	26	14644928	21324	17861	1854	14603889
XCHTIME	0	0	0	0	0	0	0	0
XCHTIME	1053	4	66	1338731	23122	12848	3332	1299429
XCHTIME	0	0	0	0	0	0	0	0
XCHTIME	1053	4	15	2006188	21320	13544	873	1970451
XCHTIME	0	0	0	0	0	0	0	0
XCHTIME	1053	4	10	1258066	20701	12538	601	1224226
XCHTIME	0	0	0	0	0	0	0	0
XCHTIME	1053	4	18	11254781	20269	17152	1176	11216184
XCHTIME	0	0	0	0	0	0	0	0
XCHTIME	1053	4	11	962624	22034	12303	633	927654
XCHTIME	0	0	0	0	0	0	0	0
XCHTIME	1053	4	14	3706134	21008	13138	811	3671177
XCHTIME	0	0	0	0	0	0	0	0
XCHTIME	1053	4	13	6214587	23006	14380	759	6176442
XCHTIME	0	0	0	0	0	0	0	0
XCHTIME	1053	2	5	17943820	24462	18979	413	17899966
XCHTIME	0	0	0	0	0	0	0	0
XCHTIME	1053	4	6	814626	35087	12844	379	766316
LIFT	edgecross10-040	1053	571	4152	571
COUNTS	edgecross10-040	1053	5116	161851	143518
XCHTIME	0	0	0	0	0	0	0	0
XCHTIME	8232	1	0	4102079	1914728	598264	0	1589087
XCHTIME	0	0	0	0	0	0	0	0
XCHTIME	8232	1	0	5897396	1834571	617331	0	3445494
XCHTIME	0	0	0	0	0	0	0	0
XCHTIME	8232	1	0	5294927	1949828	627862	0	2717237
XCHTIME	0	0	0	0	0	0	0	0
XCHTIME	8232	2	5	11634264	1938560	1243856	4342	8447506
LADGATE	8232	10000	0.362	1
XCHTIME	0	0	0	0	0	0	0	0
XCHTIME	8232	5	26	43454601	1906325	3168630	17542	38362104
XCHTIME	0	0	0	0	0	0	0	0
XCHTIME	8232	1	0	6283154	1967053	621972	0	3694129
XCHTIME	0	0	0	0	0	0	0	0
XCHTIME	8232	1	0	5953844	1922725	615456	0	3415663
XCHTIME	0	0	0	0	0	0	0	0
XCHTIME	8232	3	9	10123369	1842221	1838781	6679	6435688
XCHTIME	0	0	0	0	0	0	0	0
XCHTIME	8232	2	5	11664486	1912242	1287541	4354	8460349
XCHTIME	0	0	0	0	0	0	0	0
XCHTIME	8232	3	9	10308708	1947367	1865234	7306	6488801
XCHTIME	0	0	0	0	0	0	0	0
XCHTIME	8232	2	4	10887341	1838723	1253539	4078	7791001
XCHTIME	0	0	0	0	0	0	0	0
XCHTIME	8232	2	4	11181248	1886151	1248921	4096	8042080
XCHTIME	0	0	0	0	0	0	0	0
XCHTIME	8232	1	0	12412002	1890222	613915	0	9907865
XCHTIME	0	0	0	0	0	0	0	0
XCHTIME	8232	3	3	10122922	1866672	1850475	2588	6403187
LIFT	sonet21v6	8232	4221	32722	4221
COUNTS	sonet21v6	8232	40744	1643311	1585871
XCHTIME	0	0	0	0	0	0	0	0
XCHTIME	2490	2	4	1176811	82961	33047	339	1060464
XCHTIME	0	0	0	0	0	0	0	0
XCHTIME	2490	2	6	1902191	84953	35552	683	1781003
XCHTIME	0	0	0	0	0	0	0	0
XCHTIME	2490	2	5	1287263	85455	32862	525	1168421
XCHTIME	0	0	0	0	0	0	0	0
XCHTIME	2490	4	18	3735703	82427	70666	1746	3580864
LADGATE	2490	10000	0.665	1
XCHTIME	0	0	0	0	0	0	0	0
XCHTIME	2490	5	26	4541007	91056	86602	2288	4361061
XCHTIME	0	0	0	0	0	0	0	0
XCHTIME	2490	4	66	2684777	91249	64132	4509	2524887
XCHTIME	0	0	0	0	0	0	0	0
XCHTIME	2490	4	15	2313828	82501	63562	1156	2166609
XCHTIME	0	0	0	0	0	0	0	0
XCHTIME	2490	4	10	2247438	84415	62433	650	2099940
XCHTIME	0	0	0	0	0	0	0	0
XCHTIME	2490	4	18	3739481	82217	68942	1473	3586849
XCHTIME	0	0	0	0	0	0	0	0
XCHTIME	2490	4	11	2197460	84759	64555	898	2047248
XCHTIME	0	0	0	0	0	0	0	0
XCHTIME	2490	4	14	2541928	83623	65816	1152	2391337
XCHTIME	0	0	0	0	0	0	0	0
XCHTIME	2490	4	13	2782575	82459	68177	1022	2630917
XCHTIME	0	0	0	0	0	0	0	0
XCHTIME	2490	4	16	7043934	86518	162427	1837	6793152
XCHTIME	0	0	0	0	0	0	0	0
XCHTIME	2490	4	6	2264871	107926	77808	522	2078615
LIFT	squfl010-080	2490	890	3200	890
COUNTS	squfl010-080	2490	6400	27665	27665
XCHTIME	0	0	0	0	0	0	0	0
XCHTIME	221	2	4	242201	6378	661	264	234898
XCHTIME	0	0	0	0	0	0	0	0
XCHTIME	221	2	6	2467824	2846	645	297	2464036
XCHTIME	0	0	0	0	0	0	0	0
XCHTIME	221	2	5	673542	2951	570	282	669739
XCHTIME	0	0	0	0	0	0	0	0
XCHTIME	221	4	18	4960942	2905	1226	1091	4955720
LADGATE	221	10000	0.235	1
XCHTIME	0	0	0	0	0	0	0	0
XCHTIME	221	5	26	6306242	3155	1575	1271	6300241
XCHTIME	0	0	0	0	0	0	0	0
XCHTIME	221	4	66	2104273	2879	1184	2846	2097364
XCHTIME	0	0	0	0	0	0	0	0
XCHTIME	221	4	15	867078	3673	1336	785	861284
XCHTIME	0	0	0	0	0	0	0	0
XCHTIME	221	4	10	405788	2897	1110	471	401310
XCHTIME	0	0	0	0	0	0	0	0
XCHTIME	221	4	18	4960218	2790	1233	856	4955339
XCHTIME	0	0	0	0	0	0	0	0
XCHTIME	221	4	11	278122	2881	1057	550	273634
XCHTIME	0	0	0	0	0	0	0	0
XCHTIME	221	4	14	1395538	2738	1143	630	1391027
XCHTIME	0	0	0	0	0	0	0	0
XCHTIME	221	4	13	2606487	2850	1143	657	2601837
XCHTIME	0	0	0	0	0	0	0	0
XCHTIME	221	4	16	15349587	2934	1918	812	15343923
XCHTIME	0	0	0	0	0	0	0	0
XCHTIME	221	4	6	193845	4850	1168	314	187513
LIFT	genpooling_lee2	221	145	896	145
COUNTS	genpooling_lee2	221	1048	19895	14028
XCHTIME	0	0	0	0	0	0	0	0
XCHTIME	2807	1	0	2083147	117061	24777	0	1941309
XCHTIME	0	0	0	0	0	0	0	0
XCHTIME	2807	1	0	4584491	129940	25183	0	4429368
XCHTIME	0	0	0	0	0	0	0	0
XCHTIME	2807	1	0	3792098	131984	26526	0	3633588
XCHTIME	0	0	0	0	0	0	0	0
XCHTIME	2807	1	0	11460495	126749	25535	0	11308211
LADGATE	2807	10000	0.611	1
XCHTIME	0	0	0	0	0	0	0	0
XCHTIME	2807	5	26	85050027	119953	212697	4200	84713177
XCHTIME	0	0	0	0	0	0	0	0
XCHTIME	2807	1	0	6386312	176834	27207	0	6182271
XCHTIME	0	0	0	0	0	0	0	0
XCHTIME	2807	2	4	6740322	199854	80922	628	6458918
XCHTIME	0	0	0	0	0	0	0	0
XCHTIME	2807	4	10	10047400	149313	130874	1495	9765718
XCHTIME	0	0	0	0	0	0	0	0
XCHTIME	2807	1	0	11409533	123987	24876	0	11260670
XCHTIME	0	0	0	0	0	0	0	0
XCHTIME	2807	4	11	6731506	127084	105944	1529	6496949
XCHTIME	0	0	0	0	0	0	0	0
XCHTIME	2807	2	4	12787165	124393	52897	573	12609302
XCHTIME	0	0	0	0	0	0	0	0
XCHTIME	2807	1	0	12083950	121016	24706	0	11938228
XCHTIME	0	0	0	0	0	0	0	0
XCHTIME	2807	1	0	11456397	124508	24751	0	11307138
XCHTIME	0	0	0	0	0	0	0	0
XCHTIME	2807	4	6	5240441	203469	130985	825	4905162
LIFT	popdynm25	2807	2349	13004	2349
COUNTS	popdynm25	2807	13904	360081	286728
XCHTIME	0	0	0	0	0	0	0	0
XCHTIME	5211	1	0	4253790	1336153	436619	0	2481018
XCHTIME	0	0	0	0	0	0	0	0
XCHTIME	5211	1	0	3767661	1379755	420967	0	1966939
XCHTIME	0	0	0	0	0	0	0	0
XCHTIME	5211	1	0	4399029	1296998	488966	0	2613065
XCHTIME	0	0	0	0	0	0	0	0
XCHTIME	5211	1	0	22617750	1367449	406882	0	20843419
LADGATE	5211	10000	0.949	1
XCHTIME	0	0	0	0	0	0	0	0
XCHTIME	5211	5	26	119560775	783068	1197760	6929	117573018
XCHTIME	0	0	0	0	0	0	0	0
XCHTIME	5211	1	0	6163353	734112	241772	0	5187469
XCHTIME	0	0	0	0	0	0	0	0
XCHTIME	5211	2	4	6213006	799817	458667	1180	4953342
XCHTIME	0	0	0	0	0	0	0	0
XCHTIME	5211	4	10	10046347	674626	814985	2694	8554042
XCHTIME	0	0	0	0	0	0	0	0
XCHTIME	5211	2	5	12436495	688964	426740	1730	11319061
XCHTIME	0	0	0	0	0	0	0	0
XCHTIME	5211	4	11	9387390	695720	813270	2504	7875896
XCHTIME	0	0	0	0	0	0	0	0
XCHTIME	5211	4	14	12258459	676862	848485	4042	10729070
XCHTIME	0	0	0	0	0	0	0	0
XCHTIME	5211	3	12	11865062	653794	615191	2815	10593262
XCHTIME	0	0	0	0	0	0	0	0
XCHTIME	5211	1	0	12280093	672366	214318	0	11393409
XCHTIME	0	0	0	0	0	0	0	0
XCHTIME	5211	4	6	8651687	741906	855887	1370	7052524
LIFT	chp_partload	5211	3186	12690	3186
COUNTS	chp_partload	5211	16740	509170	373130
XCHTIME	0	0	0	0	0	0	0	0
XCHTIME	560	2	4	1250295	160721	2419	330	1086825
XCHTIME	0	0	0	0	0	0	0	0
XCHTIME	560	1	0	10251190	153097	1292	0	10096801
XCHTIME	0	0	0	0	0	0	0	0
XCHTIME	560	2	5	6166377	156889	2473	424	6006591
XCHTIME	0	0	0	0	0	0	0	0
XCHTIME	560	2	5	21215223	160484	3258	546	21050935
LADGATE	560	10000	0.250	1
XCHTIME	0	0	0	0	0	0	0	0
XCHTIME	560	4	10	2393760	158004	4977	585	2230194
XCHTIME	0	0	0	0	0	0	0	0
XCHTIME	560	4	66	1911618	167416	5194	4477	1734531
XCHTIME	0	0	0	0	0	0	0	0
XCHTIME	560	4	15	4484653	156686	5106	985	4321876
XCHTIME	0	0	0	0	0	0	0	0
XCHTIME	560	4	10	2392640	157769	4942	589	2229340
XCHTIME	0	0	0	0	0	0	0	0
XCHTIME	560	2	5	20588713	157294	2753	547	20428119
XCHTIME	0	0	0	0	0	0	0	0
XCHTIME	560	4	11	1707695	158576	4830	683	1543606
XCHTIME	0	0	0	0	0	0	0	0
XCHTIME	560	4	14	11467919	153054	4567	969	11309329
XCHTIME	0	0	0	0	0	0	0	0
XCHTIME	560	4	13	19334640	152006	4441	1000	19177193
XCHTIME	0	0	0	0	0	0	0	0
XCHTIME	560	1	0	20573270	154688	1174	0	20417408
XCHTIME	0	0	0	0	0	0	0	0
XCHTIME	560	4	6	1458082	170885	5941	342	1280914
LIFT	qspp_0_14_0_1_10_1	560	364	119024	364
COUNTS	qspp_0_14_0_1_10_1	560	120274	16119226	16038266
XCHTIME	0	0	0	0	0	0	0	0
XCHTIME	24	2	4	46923	812	177	99	45835
XCHTIME	0	0	0	0	0	0	0	0
XCHTIME	24	2	6	353276	1196	131	128	351821
XCHTIME	0	0	0	0	0	0	0	0
XCHTIME	24	2	5	131419	837	110	106	130366
XCHTIME	0	0	0	0	0	0	0	0
XCHTIME	24	4	18	558572	960	194	390	557028
LADGATE	24	10000	0.149	1
XCHTIME	0	0	0	0	0	0	0	0
XCHTIME	24	5	26	899696	2245	348	606	896497
XCHTIME	0	0	0	0	0	0	0	0
XCHTIME	24	4	52	7307	904	218	1480	4705
XCHTIME	0	0	0	0	0	0	0	0
XCHTIME	24	4	15	88113	821	228	343	86721
XCHTIME	0	0	0	0	0	0	0	0
XCHTIME	24	4	10	68080	855	208	227	66790
XCHTIME	0	0	0	0	0	0	0	0
XCHTIME	24	4	18	590062	762	217	413	588670
XCHTIME	0	0	0	0	0	0	0	0
XCHTIME	24	4	11	46897	901	195	244	45557
XCHTIME	0	0	0	0	0	0	0	0
XCHTIME	24	4	14	216262	703	170	318	215071
XCHTIME	0	0	0	0	0	0	0	0
XCHTIME	24	4	13	332535	905	204	287	331139
XCHTIME	0	0	0	0	0	0	0	0
XCHTIME	24	4	16	1924007	918	242	369	1922478
XCHTIME	0	0	0	0	0	0	0	0
XCHTIME	24	4	6	23411	985	227	135	22064
COUNTS	st_glmp_ss1	24	66	160	160
XCHTIME	0	0	0	0	0	0	0	0
XCHTIME	2508	1	0	2462777	123788	23653	0	2315336
XCHTIME	0	0	0	0	0	0	0	0
XCHTIME	2508	1	0	5668630	128671	20685	0	5519274
XCHTIME	0	0	0	0	0	0	0	0
XCHTIME	2508	1	0	3833916	165389	26814	0	3641713
XCHTIME	0	0	0	0	0	0	0	0
XCHTIME	2508	1	0	12641713	141122	19930	0	12480661
LADGATE	2508	10000	0.500	1
XCHTIME	0	0	0	0	0	0	0	0
XCHTIME	2508	4	10	9654086	140456	97605	1793	9414232
XCHTIME	0	0	0	0	0	0	0	0
XCHTIME	2508	2	19	6263369	150036	74175	3766	6035392
XCHTIME	0	0	0	0	0	0	0	0
XCHTIME	2508	2	4	6593705	153149	51110	497	6388949
XCHTIME	0	0	0	0	0	0	0	0
XCHTIME	2508	4	10	9731919	155068	108127	1370	9467354
XCHTIME	0	0	0	0	0	0	0	0
XCHTIME	2508	1	0	12404223	154345	18561	0	12231317
XCHTIME	0	0	0	0	0	0	0	0
XCHTIME	2508	4	11	7276055	165388	131762	1536	6977369
XCHTIME	0	0	0	0	0	0	0	0
XCHTIME	2508	3	12	12893337	168329	90349	2241	12632418
XCHTIME	0	0	0	0	0	0	0	0
XCHTIME	2508	2	4	12638545	168476	54900	470	12414699
XCHTIME	0	0	0	0	0	0	0	0
XCHTIME	2508	1	0	14762451	146291	18512	0	14597648
XCHTIME	0	0	0	0	0	0	0	0
XCHTIME	2508	4	6	5747293	198910	92423	600	5455360
LIFT	torsion50	2508	1302	20190	1302
COUNTS	torsion50	2508	29808	1691033	1118955
XCHTIME	0	0	0	0	0	0	0	0
XCHTIME	40	2	4	67986	1147	292	199	66348
XCHTIME	0	0	0	0	0	0	0	0
XCHTIME	40	2	6	484505	1376	177	230	482722
XCHTIME	0	0	0	0	0	0	0	0
XCHTIME	40	2	5	178917	1318	167	224	177208
XCHTIME	0	0	0	0	0	0	0	0
XCHTIME	40	4	18	1322701	1034	315	643	1320709
LADGATE	40	10000	0.180	1
XCHTIME	0	0	0	0	0	0	0	0
XCHTIME	40	4	10	118052	2159	297	404	115192
XCHTIME	0	0	0	0	0	0	0	0
XCHTIME	40	4	66	9064	1455	278	2469	4862
XCHTIME	0	0	0	0	0	0	0	0
XCHTIME	40	4	15	188026	1017	299	516	186194
XCHTIME	0	0	0	0	0	0	0	0
XCHTIME	40	4	10	104901	1094	286	331	103190
XCHTIME	0	0	0	0	0	0	0	0
XCHTIME	40	4	18	1301849	1053	280	636	1299880
XCHTIME	0	0	0	0	0	0	0	0
XCHTIME	40	4	11	56117	1188	252	377	54300
XCHTIME	0	0	0	0	0	0	0	0
XCHTIME	40	4	14	357806	1114	279	483	355930
XCHTIME	0	0	0	0	0	0	0	0
XCHTIME	40	4	13	620393	1214	284	523	618372
XCHTIME	0	0	0	0	0	0	0	0
XCHTIME	40	4	16	3673858	1172	324	589	3671773
XCHTIME	0	0	0	0	0	0	0	0
XCHTIME	40	4	6	29910	1407	257	234	28012
LIFT	st_rv2	40	10	90	10
COUNTS	st_rv2	40	340	2045	2045
XCHTIME	0	0	0	0	0	0	0	0
XCHTIME	6885	1	0	2428019	1206779	410325	0	810915
XCHTIME	0	0	0	0	0	0	0	0
XCHTIME	6885	1	0	3006816	1198083	398287	0	1410446
XCHTIME	0	0	0	0	0	0	0	0
XCHTIME	6885	1	0	2819237	1226332	421385	0	1171520
XCHTIME	0	0	0	0	0	0	0	0
XCHTIME	6885	4	18	11157568	1214130	1611995	6582	8324861
LADGATE	6885	10000	0.274	1
XCHTIME	0	0	0	0	0	0	0	0
XCHTIME	6885	5	26	14298979	1309033	2057077	9504	10923365
XCHTIME	0	0	0	0	0	0	0	0
XCHTIME	6885	2	19	6173526	1268325	842379	5498	4057324
XCHTIME	0	0	0	0	0	0	0	0
XCHTIME	6885	2	4	6048783	1233880	791307	1809	4021787
XCHTIME	0	0	0	0	0	0	0	0
XCHTIME	6885	4	10	10953882	1219310	1613007	3942	8117623
XCHTIME	0	0	0	0	0	0	0	0
XCHTIME	6885	4	18	11167086	1277618	1672832	6100	8210536
XCHTIME	0	0	0	0	0	0	0	0
XCHTIME	6885	4	11	11104561	1247968	1637082	4404	8215107
XCHTIME	0	0	0	0	0	0	0	0
XCHTIME	6885	4	14	10677640	1212354	1592722	5407	7867157
XCHTIME	0	0	0	0	0	0	0	0
XCHTIME	6885	4	13	10941613	1192670	1590858	5286	8152799
XCHTIME	0	0	0	0	0	0	0	0
XCHTIME	6885	4	16	11014121	1254479	1633011	5429	8121202
XCHTIME	0	0	0	0	0	0	0	0
XCHTIME	6885	4	6	10876679	1306408	1666354	2469	7901448
LIFT	emfl100_3_3	6885	2961	8100	2961
COUNTS	emfl100_3_3	6885	15948	55506	55506
COUNTS	pedigree_sim400	351	23546	1183471	1183168
COUNTS	polygon75	5846	49652	1171822	1171822
LIFT	gabriel10	244056	129644	1260406	129644
COUNTS	gabriel10	244056	1148210	1365442310	1267760679
XCHTIME	0	0	0	0	0	0	0	0
XCHTIME	1049	2	4	773060	19526	6545	199	746790
XCHTIME	0	0	0	0	0	0	0	0
XCHTIME	1049	1	0	6572652	19910	3238	0	6549504
XCHTIME	0	0	0	0	0	0	0	0
XCHTIME	1049	2	5	2182978	21061	6858	248	2154811
XCHTIME	0	0	0	0	0	0	0	0
XCHTIME	1049	4	18	13572365	24432	17096	998	13529839
LADGATE	1049	10000	0.310	1
XCHTIME	0	0	0	0	0	0	0	0
XCHTIME	1049	5	26	18553606	21135	23037	1735	18507699
XCHTIME	0	0	0	0	0	0	0	0
XCHTIME	1049	4	66	4232801	23807	17528	3133	4188333
XCHTIME	0	0	0	0	0	0	0	0
XCHTIME	1049	4	15	3005680	20760	15076	851	2968993
XCHTIME	0	0	0	0	0	0	0	0
XCHTIME	1049	4	10	1624130	20338	13930	475	1589387
XCHTIME	0	0	0	0	0	0	0	0
XCHTIME	1049	4	18	14154560	21049	16942	1054	14115515
XCHTIME	0	0	0	0	0	0	0	0
XCHTIME	1049	4	11	1257828	21373	13485	528	1222442
XCHTIME	0	0	0	0	0	0	0	0
XCHTIME	1049	4	14	4826325	20549	14158	891	4790727
XCHTIME	0	0	0	0	0	0	0	0
XCHTIME	1049	4	13	9164397	20522	14572	690	9128613
XCHTIME	0	0	0	0	0	0	0	0
XCHTIME	1049	1	0	14855703	23954	3833	0	14827916
XCHTIME	0	0	0	0	0	0	0	0
XCHTIME	1049	4	6	884157	32831	13302	292	837732
LIFT	fo9_ar25_1	1049	507	3606	507
COUNTS	fo9_ar25_1	1049	4336	41668	38237
XCHTIME	0	0	0	0	0	0	0	0
XCHTIME	1159	2	4	1286141	26991	8413	209	1250528
XCHTIME	0	0	0	0	0	0	0	0
XCHTIME	1159	2	6	7926800	30902	11768	331	7883799
XCHTIME	0	0	0	0	0	0	0	0
XCHTIME	1159	2	5	3357804	26564	8398	229	3322613
XCHTIME	0	0	0	0	0	0	0	0
XCHTIME	1159	4	18	15589839	22871	26019	944	15540005
LADGATE	1159	10000	0.356	1
XCHTIME	0	0	0	0	0	0	0	0
XCHTIME	1159	5	26	24982973	23199	34938	1284	24923552
XCHTIME	0	0	0	0	0	0	0	0
XCHTIME	1159	4	66	6061984	30674	35933	2689	5992688
XCHTIME	0	0	0	0	0	0	0	0
XCHTIME	1159	4	15	3873482	24477	16861	783	3831361
XCHTIME	0	0	0	0	0	0	0	0
XCHTIME	1159	4	10	2332653	23085	14825	530	2294213
XCHTIME	0	0	0	0	0	0	0	0
XCHTIME	1159	4	18	15621692	22622	25959	871	15572240
XCHTIME	0	0	0	0	0	0	0	0
XCHTIME	1159	4	11	1453165	24171	15216	580	1413198
XCHTIME	0	0	0	0	0	0	0	0
XCHTIME	1159	4	14	6304656	22549	14535	715	6266857
XCHTIME	0	0	0	0	0	0	0	0
XCHTIME	1159	4	13	10719045	22837	15485	655	10680068
XCHTIME	0	0	0	0	0	0	0	0
XCHTIME	1159	1	0	13864334	23273	3714	0	13837347
XCHTIME	0	0	0	0	0	0	0	0
XCHTIME	1159	4	6	1081022	38654	15776	356	1026236
LIFT	rsyn0840m	1159	610	2176	610
COUNTS	rsyn0840m	1159	3168	11274	10602
XCHTIME	0	0	0	0	0	0	0	0
XCHTIME	548	2	4	977957	15088	2370	279	960220
XCHTIME	0	0	0	0	0	0	0	0
XCHTIME	548	2	6	8354105	9522	2542	533	8341508
XCHTIME	0	0	0	0	0	0	0	0
XCHTIME	548	2	5	2818217	10167	2303	303	2805444
XCHTIME	0	0	0	0	0	0	0	0
XCHTIME	548	4	18	15820140	9861	4807	1331	15804141
LADGATE	548	10000	0.407	1
XCHTIME	0	0	0	0	0	0	0	0
XCHTIME	548	5	26	22349171	11534	6848	2213	22328576
XCHTIME	0	0	0	0	0	0	0	0
XCHTIME	548	3	57	7569881	11326	7103	5628	7545824
XCHTIME	0	0	0	0	0	0	0	0
XCHTIME	548	4	15	3391989	12208	5300	1042	3373439
XCHTIME	0	0	0	0	0	0	0	0
XCHTIME	548	4	10	2009910	10567	5215	649	1993479
XCHTIME	0	0	0	0	0	0	0	0
XCHTIME	548	4	18	17422484	10230	6608	1470	17404176
XCHTIME	0	0	0	0	0	0	0	0
XCHTIME	548	4	11	1205671	11843	4746	782	1188300
XCHTIME	0	0	0	0	0	0	0	0
XCHTIME	548	4	14	5899085	10139	4770	1024	5883152
XCHTIME	0	0	0	0	0	0	0	0
XCHTIME	548	4	13	10327532	10574	4944	938	10311076
XCHTIME	0	0	0	0	0	0	0	0
XCHTIME	548	2	5	19213878	10587	5368	621	19197302
XCHTIME	0	0	0	0	0	0	0	0
XCHTIME	548	4	6	761432	12297	4634	314	744187
LIFT	gancns	548	318	2280	318
COUNTS	gancns	548	2800	69234	58299
XCHTIME	0	0	0	0	0	0	0	0
XCHTIME	1049	2	4	757673	19322	6381	190	731780
XCHTIME	0	0	0	0	0	0	0	0
XCHTIME	1049	1	0	6722481	19410	3072	0	6699999
XCHTIME	0	0	0	0	0	0	0	0
XCHTIME	1049	2	5	2218034	25604	8400	277	2183753
XCHTIME	0	0	0	0	0	0	0	0
XCHTIME	1049	4	18	13537944	19846	18726	952	13498420
LADGATE	1049	10000	0.312	1
XCHTIME	0	0	0	0	0	0	0	0
XCHTIME	1049	5	26	17655547	20493	22170	1490	17611394
XCHTIME	0	0	0	0	0	0	0	0
XCHTIME	1049	4	66	4099613	22553	18242	3276	4055542
XCHTIME	0	0	0	0	0	0	0	0
XCHTIME	1049	4	15	2845647	20511	13834	725	2810577
XCHTIME	0	0	0	0	0	0	0	0
XCHTIME	1049	4	10	1568522	19632	13060	464	1535366
XCHTIME	0	0	0	0	0	0	0	0
XCHTIME	1049	4	18	13380275	19246	18108	913	13342008
XCHTIME	0	0	0	0	0	0	0	0
XCHTIME	1049	4	11	1182313	27298	12602	478	1141935
XCHTIME	0	0	0	0	0	0	0	0
XCHTIME	1049	4	14	4496148	19241	12274	717	4463916
XCHTIME	0	0	0	0	0	0	0	0
XCHTIME	1049	4	13	8631064	19402	15920	713	8595029
XCHTIME	0	0	0	0	0	0	0	0
XCHTIME	1049	1	0	14231635	20027	3085	0	14208523
XCHTIME	0	0	0	0	0	0	0	0
XCHTIME	1049	4	6	853903	35414	14481	291	803717
LIFT	o9_ar4_1	1049	507	3606	507
COUNTS	o9_ar4_1	1049	4336	41668	38237
XCHTIME	0	0	0	0	0	0	0	0
XCHTIME	123	2	4	216581	4648	501	115	211317
XCHTIME	0	0	0	0	0	0	0	0
XCHTIME	123	2	6	1945033	1830	366	138	1942699
XCHTIME	0	0	0	0	0	0	0	0
XCHTIME	123	2	5	646225	2386	320	133	643386
XCHTIME	0	0	0	0	0	0	0	0
XCHTIME	123	4	18	3761981	1958	744	522	3758757
LADGATE	123	10000	0.260	1
XCHTIME	0	0	0	0	0	0	0	0
XCHTIME	123	5	26	4786807	2440	913	754	4782700
XCHTIME	0	0	0	0	0	0	0	0
XCHTIME	123	4	66	2874114	2029	679	2636	2868770
XCHTIME	0	0	0	0	0	0	0	0
XCHTIME	123	4	15	727194	2090	708	329	724067
XCHTIME	0	0	0	0	0	0	0	0
XCHTIME	123	4	10	409407	1890	603	223	406691
XCHTIME	0	0	0	0	0	0	0	0
XCHTIME	123	4	18	3687251	1867	697	480	3684207
XCHTIME	0	0	0	0	0	0	0	0
XCHTIME	123	4	11	246658	1981	574	221	243882
XCHTIME	0	0	0	0	0	0	0	0
XCHTIME	123	4	14	1258487	1831	667	339	1255650
XCHTIME	0	0	0	0	0	0	0	0
XCHTIME	123	4	13	2289426	2032	641	317	2286436
XCHTIME	0	0	0	0	0	0	0	0
XCHTIME	123	4	16	12046712	2176	1054	557	12042925
XCHTIME	0	0	0	0	0	0	0	0
XCHTIME	123	4	6	125447	3055	579	121	121692
LIFT	ex1265a	123	79	472	79
COUNTS	ex1265a	123	560	3948	3750
XCHTIME	0	0	0	0	0	0	0	0
XCHTIME	28	2	4	59623	954	185	160	58324
XCHTIME	0	0	0	0	0	0	0	0
XCHTIME	28	2	6	234759	880	156	181	233542
XCHTIME	0	0	0	0	0	0	0	0
XCHTIME	28	2	5	121430	824	130	151	120325
XCHTIME	0	0	0	0	0	0	0	0
XCHTIME	28	4	18	384810	830	210	532	383238
LADGATE	28	10000	0.159	1
XCHTIME	0	0	0	0	0	0	0	0
XCHTIME	28	5	26	455723	1598	314	762	453049
XCHTIME	0	0	0	0	0	0	0	0
XCHTIME	28	4	56	404333	744	195	1663	401731
XCHTIME	0	0	0	0	0	0	0	0
XCHTIME	28	4	15	150682	871	243	430	149138
XCHTIME	0	0	0	0	0	0	0	0
XCHTIME	28	4	10	101970	945	224	268	100533
XCHTIME	0	0	0	0	0	0	0	0
XCHTIME	28	4	18	387124	756	264	527	385577
XCHTIME	0	0	0	0	0	0	0	0
XCHTIME	28	4	11	48961	908	227	306	47520
XCHTIME	0	0	0	0	0	0	0	0
XCHTIME	28	4	14	244342	732	224	388	242998
XCHTIME	0	0	0	0	0	0	0	0
XCHTIME	28	4	13	433667	802	249	373	432243
XCHTIME	0	0	0	0	0	0	0	0
XCHTIME	28	4	16	385826	827	217	441	384341
XCHTIME	0	0	0	0	0	0	0	0
XCHTIME	28	4	6	34097	835	218	172	32872
COUNTS	ex9_2_6	28	68	190	190
XCHTIME	0	0	0	0	0	0	0	0
XCHTIME	481	2	4	1039894	125002	2746	274	911872
XCHTIME	0	0	0	0	0	0	0	0
XCHTIME	481	2	6	11042940	118604	3261	430	10920645
XCHTIME	0	0	0	0	0	0	0	0
XCHTIME	481	2	5	5596644	127083	2973	367	5466221
XCHTIME	0	0	0	0	0	0	0	0
XCHTIME	481	3	15	22564999	120428	3517	1342	22439712
LADGATE	481	10000	0.205	1
XCHTIME	0	0	0	0	0	0	0	0
XCHTIME	481	4	10	1971204	125281	4785	646	1840492
XCHTIME	0	0	0	0	0	0	0	0
XCHTIME	481	4	66	940105	124510	4906	4144	806545
XCHTIME	0	0	0	0	0	0	0	0
XCHTIME	481	4	15	3710843	121706	4446	1048	3583643
XCHTIME	0	0	0	0	0	0	0	0
XCHTIME	481	4	10	1962228	119742	4273	700	1837513
XCHTIME	0	0	0	0	0	0	0	0
XCHTIME	481	3	15	22704000	118967	3618	1246	22580169
XCHTIME	0	0	0	0	0	0	0	0
XCHTIME	481	4	11	1396923	124140	4116	685	1267982
XCHTIME	0	0	0	0	0	0	0	0
XCHTIME	481	4	14	10395548	118929	4057	956	10271606
XCHTIME	0	0	0	0	0	0	0	0
XCHTIME	481	4	13	21240591	118954	3882	940	21116815
XCHTIME	0	0	0	0	0	0	0	0
XCHTIME	481	1	0	20171633	112102	1029	0	20058502
XCHTIME	0	0	0	0	0	0	0	0
XCHTIME	481	4	6	1035194	124513	4271	321	906089
LIFT	qspp_0_13_0_1_10_1	481	312	87460	312
COUNTS	qspp_0_13_0_1_10_1	481	88522	10150185	10097446
XCHTIME	0	0	0	0	0	0	0	0
XCHTIME	146	2	4	84875	4690	741	217	79227
XCHTIME	0	0	0	0	0	0	0	0
XCHTIME	146	2	6	415039	2085	433	273	412248
XCHTIME	0	0	0	0	0	0	0	0
XCHTIME	146	2	5	149536	2228	408	203	146697
XCHTIME	0	0	0	0	0	0	0	0
XCHTIME	146	4	18	669637	2372	920	693	665652
LADGATE	146	10000	0.230	1
XCHTIME	0	0	0	0	0	0	0	0
XCHTIME	146	5	26	744866	2596	1225	998	740047
XCHTIME	0	0	0	0	0	0	0	0
XCHTIME	146	4	66	6023931	2058	1027	2536	6018310
XCHTIME	0	0	0	0	0	0	0	0
XCHTIME	146	4	15	172392	2297	858	577	168660
XCHTIME	0	0	0	0	0	0	0	0
XCHTIME	146	4	10	133363	2042	881	335	130105
XCHTIME	0	0	0	0	0	0	0	0
XCHTIME	146	4	18	665691	2061	954	675	662001
XCHTIME	0	0	0	0	0	0	0	0
XCHTIME	146	4	11	103528	2061	702	353	100412
XCHTIME	0	0	0	0	0	0	0	0
XCHTIME	146	4	14	200221	2053	767	438	196963
XCHTIME	0	0	0	0	0	0	0	0
XCHTIME	146	4	13	370220	1930	796	470	367024
XCHTIME	0	0	0	0	0	0	0	0
XCHTIME	146	4	16	1754669	2059	1448	616	1750546
XCHTIME	0	0	0	0	0	0	0	0
XCHTIME	146	4	6	77457	2426	712	182	74137
LIFT	slay04m	146	62	264	62
COUNTS	slay04m	146	432	1554	1554
COUNTS	st_e25	20	92	336	262
XCHTIME	0	0	0	0	0	0	0	0
XCHTIME	32	2	4	28640	796	152	146	27546
XCHTIME	0	0	0	0	0	0	0	0
XCHTIME	32	2	6	169157	670	143	156	168188
XCHTIME	0	0	0	0	0	0	0	0
XCHTIME	32	2	5	51691	953	135	150	50453
XCHTIME	0	0	0	0	0	0	0	0
XCHTIME	32	4	18	388105	831	254	494	386526
LADGATE	32	10000	0.175	1
XCHTIME	0	0	0	0	0	0	0	0
XCHTIME	32	4	10	54302	1526	282	274	52220
XCHTIME	0	0	0	0	0	0	0	0
XCHTIME	32	4	60	650785	774	252	1580	648179
XCHTIME	0	0	0	0	0	0	0	0
XCHTIME	32	4	15	72668	1028	216	336	71088
XCHTIME	0	0	0	0	0	0	0	0
XCHTIME	32	4	10	42793	970	239	233	41351
XCHTIME	0	0	0	0	0	0	0	0
XCHTIME	32	4	18	376700	802	231	434	375233
XCHTIME	0	0	0	0	0	0	0	0
XCHTIME	32	4	11	23557	850	213	243	22251
XCHTIME	0	0	0	0	0	0	0	0
XCHTIME	32	4	14	131998	751	202	318	130727
XCHTIME	0	0	0	0	0	0	0	0
XCHTIME	32	4	13	184941	829	199	300	183613
XCHTIME	0	0	0	0	0	0	0	0
XCHTIME	32	4	16	1771593	871	246	440	1770036
XCHTIME	0	0	0	0	0	0	0	0
XCHTIME	32	4	6	15689	1167	227	137	14158
LIFT	ex8_4_1	32	12	40	12
COUNTS	ex8_4_1	32	100	225	225
XCHTIME	0	0	0	0	0	0	0	0
XCHTIME	19	2	4	37973	673	131	184	36985
XCHTIME	0	0	0	0	0	0	0	0
XCHTIME	19	2	6	318069	586	108	197	317178
XCHTIME	0	0	0	0	0	0	0	0
XCHTIME	19	2	5	117406	560	120	159	116567
XCHTIME	0	0	0	0	0	0	0	0
XCHTIME	19	4	18	640270	448	239	603	638980
LADGATE	19	10000	0.157	1
XCHTIME	0	0	0	0	0	0	0	0
XCHTIME	19	5	26	825908	944	316	1066	823582
XCHTIME	0	0	0	0	0	0	0	0
XCHTIME	19	4	47	81502	794	157	1471	79080
XCHTIME	0	0	0	0	0	0	0	0
XCHTIME	19	4	15	106077	635	211	422	104809
XCHTIME	0	0	0	0	0	0	0	0
XCHTIME	19	4	10	83929	683	259	276	82711
XCHTIME	0	0	0	0	0	0	0	0
XCHTIME	19	4	18	649164	670	205	573	647716
XCHTIME	0	0	0	0	0	0	0	0
XCHTIME	19	4	11	51406	667	175	322	50242
XCHTIME	0	0	0	0	0	0	0	0
XCHTIME	19	4	14	201542	630	164	396	200352
XCHTIME	0	0	0	0	0	0	0	0
XCHTIME	19	4	13	339990	636	183	370	338801
XCHTIME	0	0	0	0	0	0	0	0
XCHTIME	19	4	16	2357432	737	302	685	2355708
XCHTIME	0	0	0	0	0	0	0	0
XCHTIME	19	4	6	28886	1222	228	197	27239
COUNTS	st_e07	19	60	199	199
XCHTIME	0	0	0	0	0	0	0	0
XCHTIME	26	2	4	30959	806	170	104	29879
XCHTIME	0	0	0	0	0	0	0	0
XCHTIME	26	2	6	159870	760	160	120	158830
XCHTIME	0	0	0	0	0	0	0	0
XCHTIME	26	2	5	74668	766	128	107	73667
XCHTIME	0	0	0	0	0	0	0	0
XCHTIME	26	4	18	340795	707	224	411	339453
LADGATE	26	10000	0.159	1
XCHTIME	0	0	0	0	0	0	0	0
XCHTIME	26	5	26	375388	1231	298	593	373266
XCHTIME	0	0	0	0	0	0	0	0
XCHTIME	26	4	54	12919	743	208	1379	10589
XCHTIME	0	0	0	0	0	0	0	0
XCHTIME	26	4	15	84815	759	209	303	83544
XCHTIME	0	0	0	0	0	0	0	0
XCHTIME	26	4	10	58789	648	196	204	57741
XCHTIME	0	0	0	0	0	0	0	0
XCHTIME	26	4	18	342947	712	235	390	341610
XCHTIME	0	0	0	0	0	0	0	0
XCHTIME	26	4	11	36016	835	238	221	34722
XCHTIME	0	0	0	0	0	0	0	0
XCHTIME	26	4	14	79867	686	212	286	78683
XCHTIME	0	0	0	0	0	0	0	0
XCHTIME	26	4	13	193007	747	242	282	191736
XCHTIME	0	0	0	0	0	0	0	0
XCHTIME	26	4	16	917688	725	253	364	916346
XCHTIME	0	0	0	0	0	0	0	0
XCHTIME	26	4	6	21766	847	263	117	20539
COUNTS	ex1225	26	66	171	161
XCHTIME	0	0	0	0	0	0	0	0
XCHTIME	969	2	4	844521	23747	5646	404	814724
XCHTIME	0	0	0	0	0	0	0	0
XCHTIME	969	2	6	8310258	19560	7746	589	8282363
XCHTIME	0	0	0	0	0	0	0	0
XCHTIME	969	2	5	2963003	20963	5630	509	2935901
XCHTIME	0	0	0	0	0	0	0	0
XCHTIME	969	4	18	17460507	19691	14436	1798	17424582
LADGATE	969	10000	0.484	1
XCHTIME	0	0	0	0	0	0	0	0
XCHTIME	969	5	26	21915550	19831	31067	2524	21862128
XCHTIME	0	0	0	0	0	0	0	0
XCHTIME	969	4	66	7221493	21743	33477	4904	7161369
XCHTIME	0	0	0	0	0	0	0	0
XCHTIME	969	4	15	2937591	22700	11669	1376	2901846
XCHTIME	0	0	0	0	0	0	0	0
XCHTIME	969	4	10	1653963	19836	11920	1070	1621137
XCHTIME	0	0	0	0	0	0	0	0
XCHTIME	969	4	18	17478820	19562	14858	1694	17442706
XCHTIME	0	0	0	0	0	0	0	0
XCHTIME	969	4	11	1008509	20974	10997	1057	975481
XCHTIME	0	0	0	0	0	0	0	0
XCHTIME	969	4	14	6015013	19456	10726	1481	5983350
XCHTIME	0	0	0	0	0	0	0	0
XCHTIME	969	4	13	10422461	19330	11284	1158	10390689
XCHTIME	0	0	0	0	0	0	0	0
XCHTIME	969	2	5	17915955	19879	12787	652	17882637
XCHTIME	0	0	0	0	0	0	0	0
XCHTIME	969	4	6	736911	26293	11221	533	698864
LIFT	ndcc13	969	735	6656	735
COUNTS	ndcc13	969	5882	525212	324727
XCHTIME	0	0	0	0	0	0	0	0
XCHTIME	1224	2	4	1245706	24036	8653	232	1212785
XCHTIME	0	0	0	0	0	0	0	0
XCHTIME	1224	2	6	7705476	23846	12416	361	7668853
XCHTIME	0	0	0	0	0	0	0	0
XCHTIME	1224	2	5	2901539	28755	8719	294	2863771
XCHTIME	0	0	0	0	0	0	0	0
XCHTIME	1224	4	18	15123212	23932	24497	1141	15073642
LADGATE	1224	10000	0.282	1
XCHTIME	0	0	0	0	0	0	0	0
XCHTIME	1224	5	26	21920076	24291	32650	1552	21861583
XCHTIME	0	0	0	0	0	0	0	0
XCHTIME	1224	4	66	6008198	27735	36763	3350	5940350
XCHTIME	0	0	0	0	0	0	0	0
XCHTIME	1224	4	15	3537212	26496	16870	910	3492936
XCHTIME	0	0	0	0	0	0	0	0
XCHTIME	1224	4	10	2299193	23935	16746	580	2257932
XCHTIME	0	0	0	0	0	0	0	0
XCHTIME	1224	4	18	15131468	23743	26040	1079	15080606
XCHTIME	0	0	0	0	0	0	0	0
XCHTIME	1224	4	11	1525027	28067	16561	633	1479766
XCHTIME	0	0	0	0	0	0	0	0
XCHTIME	1224	4	14	5590824	23983	16823	882	5549136
XCHTIME	0	0	0	0	0	0	0	0
XCHTIME	1224	4	13	9621845	24144	17975	772	9578954
XCHTIME	0	0	0	0	0	0	0	0
XCHTIME	1224	2	5	14600462	24742	19178	397	14556145
XCHTIME	0	0	0	0	0	0	0	0
XCHTIME	1224	4	6	1138478	35826	17494	352	1084806
LIFT	syn10m04m	1224	620	2256	620
COUNTS	syn10m04m	1224	3384	13501	13463
XCHTIME	0	0	0	0	0	0	0	0
XCHTIME	18	2	4	34296	723	151	154	33268
XCHTIME	0	0	0	0	0	0	0	0
XCHTIME	18	2	6	316880	693	118	187	315882
XCHTIME	0	0	0	0	0	0	0	0
XCHTIME	18	2	5	102937	917	103	168	101749
XCHTIME	0	0	0	0	0	0	0	0
XCHTIME	18	4	18	509153	641	285	558	507669
LADGATE	18	10000	0.148	1
XCHTIME	0	0	0	0	0	0	0	0
XCHTIME	18	5	26	596562	942	266	793	594561
XCHTIME	0	0	0	0	0	0	0	0
XCHTIME	18	4	45	42969	753	383	1458	40375
XCHTIME	0	0	0	0	0	0	0	0
XCHTIME	18	4	15	105407	815	198	416	103978
XCHTIME	0	0	0	0	0	0	0	0
XCHTIME	18	4	10	74339	708	187	250	73194
XCHTIME	0	0	0	0	0	0	0	0
XCHTIME	18	4	18	496025	677	157	528	494663
XCHTIME	0	0	0	0	0	0	0	0
XCHTIME	18	4	11	45896	660	181	293	44762
XCHTIME	0	0	0	0	0	0	0	0
XCHTIME	18	4	14	179075	639	185	398	177853
XCHTIME	0	0	0	0	0	0	0	0
XCHTIME	18	4	13	238857	610	197	345	237705
XCHTIME	0	0	0	0	0	0	0	0
XCHTIME	18	4	16	931026	616	170	506	929734
XCHTIME	0	0	0	0	0	0	0	0
XCHTIME	18	4	6	26960	672	182	170	25936
COUNTS	ex5_2_4	18	62	204	193
XCHTIME	0	0	0	0	0	0	0	0
XCHTIME	72	2	4	106176	2906	240	255	102775
XCHTIME	0	0	0	0	0	0	0	0
XCHTIME	72	2	6	1410329	2484	258	471	1407116
XCHTIME	0	0	0	0	0	0	0	0
XCHTIME	72	2	5	364387	2530	348	415	361094
XCHTIME	0	0	0	0	0	0	0	0
XCHTIME	72	4	18	2562011	2841	619	1362	2557189
LADGATE	72	10000	0.204	1
XCHTIME	0	0	0	0	0	0	0	0
XCHTIME	72	4	10	175271	3281	417	603	170970
XCHTIME	0	0	0	0	0	0	0	0
XCHTIME	72	4	66	28461	2649	384	5001	20427
XCHTIME	0	0	0	0	0	0	0	0
XCHTIME	72	4	15	381426	2483	400	957	377586
XCHTIME	0	0	0	0	0	0	0	0
XCHTIME	72	4	10	149501	2311	367	507	146316
XCHTIME	0	0	0	0	0	0	0	0
XCHTIME	72	4	18	2560146	2359	456	1444	2555887
XCHTIME	0	0	0	0	0	0	0	0
XCHTIME	72	4	11	90754	2480	385	600	87289
XCHTIME	0	0	0	0	0	0	0	0
XCHTIME	72	4	14	737405	2360	409	1017	733619
XCHTIME	0	0	0	0	0	0	0	0
XCHTIME	72	4	13	1426338	4747	421	964	1420206
XCHTIME	0	0	0	0	0	0	0	0
XCHTIME	72	4	16	10687951	2514	626	1539	10683272
XCHTIME	0	0	0	0	0	0	0	0
XCHTIME	72	4	6	54351	3084	363	157	50747
LIFT	st_m2	72	21	420	21
COUNTS	st_m2	72	1226	16331	16331
XCHTIME	0	0	0	0	0	0	0	0
XCHTIME	16	2	4	27117	546	125	147	26299
XCHTIME	0	0	0	0	0	0	0	0
XCHTIME	16	2	6	92223	500	88	144	91491
XCHTIME	0	0	0	0	0	0	0	0
XCHTIME	16	2	5	92773	453	92	147	92081
XCHTIME	0	0	0	0	0	0	0	0
XCHTIME	16	4	18	487548	412	176	479	486481
LADGATE	16	10000	0.134	1
XCHTIME	0	0	0	0	0	0	0	0
XCHTIME	16	5	26	496705	600	172	757	495176
XCHTIME	0	0	0	0	0	0	0	0
XCHTIME	16	4	41	11906	632	156	1130	9988
XCHTIME	0	0	0	0	0	0	0	0
XCHTIME	16	4	15	73451	473	140	335	72503
XCHTIME	0	0	0	0	0	0	0	0
XCHTIME	16	4	10	50135	505	127	218	49285
XCHTIME	0	0	0	0	0	0	0	0
XCHTIME	16	4	18	463565	484	126	424	462531
XCHTIME	0	0	0	0	0	0	0	0
XCHTIME	16	4	11	39641	547	142	270	38682
XCHTIME	0	0	0	0	0	0	0	0
XCHTIME	16	4	14	121255	487	164	378	120226
XCHTIME	0	0	0	0	0	0	0	0
XCHTIME	16	4	13	194850	554	155	343	193798
XCHTIME	0	0	0	0	0	0	0	0
XCHTIME	16	4	16	2538052	532	209	481	2536830
XCHTIME	0	0	0	0	0	0	0	0
XCHTIME	16	4	6	18630	846	155	130	17499
COUNTS	st_bpk1	16	44	115	108
XCHTIME	0	0	0	0	0	0	0	0
XCHTIME	736	2	4	1163010	20621	3809	197	1138383
XCHTIME	0	0	0	0	0	0	0	0
XCHTIME	736	2	6	8419492	16319	4311	378	8398484
XCHTIME	0	0	0	0	0	0	0	0
XCHTIME	736	2	5	3489977	13067	3570	220	3473120
XCHTIME	0	0	0	0	0	0	0	0
XCHTIME	736	4	18	17661398	12707	7426	1107	17640158
LADGATE	736	10000	0.564	1
XCHTIME	0	0	0	0	0	0	0	0
XCHTIME	736	5	26	27373827	12446	8647	1634	27351100
XCHTIME	0	0	0	0	0	0	0	0
XCHTIME	736	3	57	7034892	12816	6024	2951	7013101
XCHTIME	0	0	0	0	0	0	0	0
XCHTIME	736	4	15	3660678	13568	7274	830	3639006
XCHTIME	0	0	0	0	0	0	0	0
XCHTIME	736	4	10	2146440	12496	7256	540	2126148
XCHTIME	0	0	0	0	0	0	0	0
XCHTIME	736	4	18	17710724	12390	6963	1079	17690292
XCHTIME	0	0	0	0	0	0	0	0
XCHTIME	736	4	11	1280721	12421	7002	525	1260773
XCHTIME	0	0	0	0	0	0	0	0
XCHTIME	736	4	14	6807350	12389	6955	799	6787207
XCHTIME	0	0	0	0	0	0	0	0
XCHTIME	736	4	13	11584026	12449	6639	755	11564183
XCHTIME	0	0	0	0	0	0	0	0
XCHTIME	736	2	5	16296140	12467	6825	338	16276510
XCHTIME	0	0	0	0	0	0	0	0
XCHTIME	736	4	6	883163	16074	6991	250	859848
LIFT	multiplants_stg1	736	321	3112	321
COUNTS	multiplants_stg1	736	3594	197998	155496
XCHTIME	0	0	0	0	0	0	0	0
XCHTIME	11251	1	0	5492550	3695222	1222697	0	574631
XCHTIME	0	0	0	0	0	0	0	0
XCHTIME	11251	1	0	6009254	3591950	1201216	0	1216088
XCHTIME	0	0	0	0	0	0	0	0
XCHTIME	11251	1	0	5957670	3695328	1348816	0	913526
XCHTIME	0	0	0	0	0	0	0	0
XCHTIME	11251	1	0	13626246	3569861	1182655	0	8873730
LADGATE	11251	10000	0.708	0
XCHTIME	0	0	0	0	0	0	0	0
XCHTIME	11251	5	26	198875367	3589362	5934095	11205	189340705
XCHTIME	0	0	0	0	0	0	0	0
XCHTIME	11251	1	0	8166695	3584465	1141080	0	3441150
XCHTIME	0	0	0	0	0	0	0	0
XCHTIME	11251	1	0	8346995	3488830	1135590	0	3722575
XCHTIME	0	0	0	0	0	0	0	0
XCHTIME	11251	1	0	13195128	3515655	1223986	0	8455487
XCHTIME	0	0	0	0	0	0	0	0
XCHTIME	11251	1	0	13760186	3737721	1178195	0	8844270
XCHTIME	0	0	0	0	0	0	0	0
XCHTIME	11251	1	0	12983676	3532967	1137773	0	8312936
XCHTIME	0	0	0	0	0	0	0	0
XCHTIME	11251	1	0	13901535	3508500	1155146	0	9237889
XCHTIME	0	0	0	0	0	0	0	0
XCHTIME	11251	1	0	13883000	3590382	1154694	0	9137924
XCHTIME	0	0	0	0	0	0	0	0
XCHTIME	11251	1	0	12066979	3559923	1175035	0	7332021
XCHTIME	0	0	0	0	0	0	0	0
XCHTIME	11251	1	0	13136523	4018057	1333457	0	7785009
LIFT	powerflow0300p	11251	6342	34748	6342
COUNTS	powerflow0300p	11251	41918	304705	290023
LADGATE	33155	10000	0.502	0
LIFT	nd_netgen-3000-1-1-b-b-ns_7	33155	15155	54000	15155
COUNTS	nd_netgen-3000-1-1-b-b-ns_7	33155	90000	922197	885186
XCHTIME	0	0	0	0	0	0	0	0
XCHTIME	803	2	4	1222695	17703	4656	255	1200081
XCHTIME	0	0	0	0	0	0	0	0
XCHTIME	803	2	6	8936215	16473	5739	448	8913555
XCHTIME	0	0	0	0	0	0	0	0
XCHTIME	803	2	5	4357111	18066	4577	280	4334188
XCHTIME	0	0	0	0	0	0	0	0
XCHTIME	803	3	15	18048105	16941	8470	915	18021779
LADGATE	803	10000	0.477	1
XCHTIME	0	0	0	0	0	0	0	0
XCHTIME	803	5	26	34985989	17550	12831	1544	34954064
XCHTIME	0	0	0	0	0	0	0	0
XCHTIME	803	4	66	7932388	18588	16092	3603	7894105
XCHTIME	0	0	0	0	0	0	0	0
XCHTIME	803	4	15	4685690	20086	9539	894	4655171
XCHTIME	0	0	0	0	0	0	0	0
XCHTIME	803	4	10	2391877	16983	9170	568	2365156
XCHTIME	0	0	0	0	0	0	0	0
XCHTIME	803	3	15	18064225	16614	8696	942	18037973
XCHTIME	0	0	0	0	0	0	0	0
XCHTIME	803	4	11	1300257	17859	8641	599	1273158
XCHTIME	0	0	0	0	0	0	0	0
XCHTIME	803	4	14	8424577	17053	8567	873	8398084
XCHTIME	0	0	0	0	0	0	0	0
XCHTIME	803	4	13	15299348	16833	8867	776	15272872
XCHTIME	0	0	0	0	0	0	0	0
XCHTIME	803	1	0	16058760	17100	2105	0	16039555
XCHTIME	0	0	0	0	0	0	0	0
XCHTIME	803	4	6	889437	23090	12958	323	853066
LIFT	sonet23v4	803	547	5952	547
COUNTS	sonet23v4	803	6462	139703	94348
XCHTIME	0	0	0	0	0	0	0	0
XCHTIME	1649	2	4	3132029	59205	15240	405	3057179
XCHTIME	0	0	0	0	0	0	0	0
XCHTIME	1649	1	0	8039713	58708	7097	0	7973908
XCHTIME	0	0	0	0	0	0	0	0
XCHTIME	1649	2	5	5949695	69206	16434	508	5863547
XCHTIME	0	0	0	0	0	0	0	0
XCHTIME	1649	1	0	16205020	59439	7119	0	16138462
LADGATE	1649	10000	0.422	1
XCHTIME	0	0	0	0	0	0	0	0
XCHTIME	1649	5	26	86262876	61150	81930	2153	86117643
XCHTIME	0	0	0	0	0	0	0	0
XCHTIME	1649	3	57	7656233	85230	56346	3227	7511430
XCHTIME	0	0	0	0	0	0	0	0
XCHTIME	1649	4	15	5890293	61953	29170	1148	5798022
XCHTIME	0	0	0	0	0	0	0	0
XCHTIME	1649	4	10	3923336	60093	28813	794	3833636
XCHTIME	0	0	0	0	0	0	0	0
XCHTIME	1649	3	15	15883289	59591	40044	1059	15782595
XCHTIME	0	0	0	0	0	0	0	0
XCHTIME	1649	4	11	2874987	67020	29304	875	2777788
XCHTIME	0	0	0	0	0	0	0	0
XCHTIME	1649	4	14	9538877	60311	29484	1051	9448031
XCHTIME	0	0	0	0	0	0	0	0
XCHTIME	1649	4	13	15399860	60319	34750	1054	15303737
XCHTIME	0	0	0	0	0	0	0	0
XCHTIME	1649	1	0	16663542	62652	7181	0	16593709
XCHTIME	0	0	0	0	0	0	0	0
XCHTIME	1649	4	6	2498473	101330	59982	600	2336561
LIFT	pooling_sppa0pq	1649	1648	24190	1648
COUNTS	pooling_sppa0pq	1649	24192	3745896	1187945
XCHTIME	0	0	0	0	0	0	0	0
XCHTIME	645	2	4	1043794	20088	3249	176	1020281
XCHTIME	0	0	0	0	0	0	0	0
XCHTIME	645	2	6	9668394	12484	4047	664	9651199
XCHTIME	0	0	0	0	0	0	0	0
XCHTIME	645	2	5	3417722	15035	2785	296	3399606
XCHTIME	0	0	0	0	0	0	0	0
XCHTIME	645	4	18	19438657	12599	6699	1178	19418181
LADGATE	645	10000	0.562	1
XCHTIME	0	0	0	0	0	0	0	0
XCHTIME	645	5	26	27282771	13022	7586	1739	27260424
XCHTIME	0	0	0	0	0	0	0	0
XCHTIME	645	3	57	7684136	13056	6971	3528	7660581
XCHTIME	0	0	0	0	0	0	0	0
XCHTIME	645	4	15	3613762	13397	8161	832	3591372
XCHTIME	0	0	0	0	0	0	0	0
XCHTIME	645	4	10	1957985	12793	5952	543	1938697
XCHTIME	0	0	0	0	0	0	0	0
XCHTIME	645	4	18	19382170	12495	6148	1269	19362258
XCHTIME	0	0	0	0	0	0	0	0
XCHTIME	645	4	11	1147944	13344	5724	557	1128319
XCHTIME	0	0	0	0	0	0	0	0
XCHTIME	645	4	14	6636931	12483	5723	719	6618006
XCHTIME	0	0	0	0	0	0	0	0
XCHTIME	645	4	13	11632962	12717	5616	810	11613819
XCHTIME	0	0	0	0	0	0	0	0
XCHTIME	645	2	5	18591384	12560	5718	342	18572764
XCHTIME	0	0	0	0	0	0	0	0
XCHTIME	645	4	6	778765	13882	5835	198	758850
LIFT	multiplants_mtg1b	645	406	4016	406
COUNTS	multiplants_mtg1b	645	4404	229415	152043
XCHTIME	0	0	0	0	0	0	0	0
XCHTIME	338	2	4	302426	9129	1272	183	291842
XCHTIME	0	0	0	0	0	0	0	0
XCHTIME	338	2	6	2448876	4357	1394	255	2442870
XCHTIME	0	0	0	0	0	0	0	0
XCHTIME	338	2	5	739546	4487	1132	206	733721
XCHTIME	0	0	0	0	0	0	0	0
XCHTIME	338	4	18	4407755	4337	2253	716	4400449
LADGATE	338	10000	0.235	1
XCHTIME	0	0	0	0	0	0	0	0
XCHTIME	338	5	26	5451209	4688	2705	1058	5442758
XCHTIME	0	0	0	0	0	0	0	0
XCHTIME	338	4	66	3217229	4419	2592	2146	3208072
XCHTIME	0	0	0	0	0	0	0	0
XCHTIME	338	4	15	817954	4938	2542	516	809958
XCHTIME	0	0	0	0	0	0	0	0
XCHTIME	338	4	10	533708	4516	2439	375	526378
XCHTIME	0	0	0	0	0	0	0	0
XCHTIME	338	4	18	4456312	4670	2229	713	4448700
XCHTIME	0	0	0	0	0	0	0	0
XCHTIME	338	4	11	282271	4357	2205	379	275330
XCHTIME	0	0	0	0	0	0	0	0
XCHTIME	338	4	14	1537576	4195	2153	511	1530717
XCHTIME	0	0	0	0	0	0	0	0
XCHTIME	338	4	13	2884013	4399	2111	546	2876957
XCHTIME	0	0	0	0	0	0	0	0
XCHTIME	338	4	16	17200178	4520	3367	596	17191695
XCHTIME	0	0	0	0	0	0	0	0
XCHTIME	338	4	6	210949	5778	2033	224	202914
LIFT	sssd18-08persp	338	138	768	138
COUNTS	sssd18-08persp	338	1168	4654	4654
XCHTIME	0	0	0	0	0	0	0	0
XCHTIME	19	2	4	33794	609	123	144	32918
XCHTIME	0	0	0	0	0	0	0	0
XCHTIME	19	2	6	294804	592	97	170	293945
XCHTIME	0	0	0	0	0	0	0	0
XCHTIME	19	2	5	47712	656	86	145	46825
XCHTIME	0	0	0	0	0	0	0	0
XCHTIME	19	4	18	295020	506	193	522	293799
LADGATE	19	10000	0.156	1
XCHTIME	0	0	0	0	0	0	0	0
XCHTIME	19	5	26	461254	978	238	724	459314
XCHTIME	0	0	0	0	0	0	0	0
XCHTIME	19	4	47	77660	579	187	1429	75465
XCHTIME	0	0	0	0	0	0	0	0
XCHTIME	19	4	15	87903	563	199	422	86719
XCHTIME	0	0	0	0	0	0	0	0
XCHTIME	19	4	10	59251	570	176	294	58211
XCHTIME	0	0	0	0	0	0	0	0
XCHTIME	19	4	18	297745	569	177	507	296492
XCHTIME	0	0	0	0	0	0	0	0
XCHTIME	19	4	11	32190	535	158	322	31175
XCHTIME	0	0	0	0	0	0	0	0
XCHTIME	19	4	14	120945	552	180	391	119822
XCHTIME	0	0	0	0	0	0	0	0
XCHTIME	19	4	13	175227	544	185	366	174132
XCHTIME	0	0	0	0	0	0	0	0
XCHTIME	19	4	16	1242740	560	233	535	1241412
XCHTIME	0	0	0	0	0	0	0	0
XCHTIME	19	4	6	17180	562	196	177	16245
COUNTS	ex9_1_2	19	54	188	179
XCHTIME	0	0	0	0	0	0	0	0
XCHTIME	3670	1	0	2244689	280455	85447	0	1878787
XCHTIME	0	0	0	0	0	0	0	0
XCHTIME	3670	1	0	3965762	296736	84401	0	3584625
XCHTIME	0	0	0	0	0	0	0	0
XCHTIME	3670	1	0	3275549	296233	76857	0	2902459
XCHTIME	0	0	0	0	0	0	0	0
XCHTIME	3670	1	0	11539728	265328	74721	0	11199679
LADGATE	3670	10000	0.819	1
XCHTIME	0	0	0	0	0	0	0	0
XCHTIME	3670	5	26	34049818	251249	403535	3334	33391700
XCHTIME	0	0	0	0	0	0	0	0
XCHTIME	3670	2	19	4736888	309280	154309	1791	4271508
XCHTIME	0	0	0	0	0	0	0	0
XCHTIME	3670	3	12	4226901	284557	217758	1403	3723183
XCHTIME	0	0	0	0	0	0	0	0
XCHTIME	3670	4	10	6336443	239428	302291	1377	5793347
XCHTIME	0	0	0	0	0	0	0	0
XCHTIME	3670	2	5	10617041	253200	162090	673	10201078
XCHTIME	0	0	0	0	0	0	0	0
XCHTIME	3670	4	11	5764695	261245	288230	1251	5213969
XCHTIME	0	0	0	0	0	0	0	0
XCHTIME	3670	4	14	9012626	246546	289751	1805	8474524
XCHTIME	0	0	0	0	0	0	0	0
XCHTIME	3670	3	12	9586980	243540	236043	1447	9105950
XCHTIME	0	0	0	0	0	0	0	0
XCHTIME	3670	1	0	10739609	259090	79911	0	10400608
XCHTIME	0	0	0	0	0	0	0	0
XCHTIME	3670	4	6	5465561	288712	280214	685	4895950
LIFT	crudeoil_lee1_07	3670	1957	17600	1957
COUNTS	crudeoil_lee1_07	3670	19322	4746188	3506339
XCHTIME	0	0	0	0	0	0	0	0
XCHTIME	31	2	4	38177	857	179	118	37023
XCHTIME	0	0	0	0	0	0	0	0
XCHTIME	31	2	6	341625	848	126	125	340526
XCHTIME	0	0	0	0	0	0	0	0
XCHTIME	31	2	5	94798	797	169	112	93720
XCHTIME	0	0	0	0	0	0	0	0
XCHTIME	31	4	18	509202	752	242	482	507726
LADGATE	31	10000	0.162	1
XCHTIME	0	0	0	0	0	0	0	0
XCHTIME	31	5	26	687378	1963	293	635	684487
XCHTIME	0	0	0	0	0	0	0	0
XCHTIME	31	4	59	347523	795	215	1828	344685
XCHTIME	0	0	0	0	0	0	0	0
XCHTIME	31	4	15	149461	839	222	300	148100
XCHTIME	0	0	0	0	0	0	0	0
XCHTIME	31	4	10	66120	886	228	202	64804
XCHTIME	0	0	0	0	0	0	0	0
XCHTIME	31	4	18	510243	772	229	405	508837
XCHTIME	0	0	0	0	0	0	0	0
XCHTIME	31	4	11	46888	791	230	218	45649
XCHTIME	0	0	0	0	0	0	0	0
XCHTIME	31	4	14	210540	740	247	282	209271
XCHTIME	0	0	0	0	0	0	0	0
XCHTIME	31	4	13	283583	845	236	261	282241
XCHTIME	0	0	0	0	0	0	0	0
XCHTIME	31	4	16	2808942	868	295	404	2807375
XCHTIME	0	0	0	0	0	0	0	0
XCHTIME	31	4	6	27004	900	240	120	25744
COUNTS	pooling_haverly1tp	31	96	423	403
XCHTIME	0	0	0	0	0	0	0	0
XCHTIME	230	2	4	181561	6094	808	240	174419
XCHTIME	0	0	0	0	0	0	0	0
XCHTIME	230	2	6	1742011	3293	612	311	1737795
XCHTIME	0	0	0	0	0	0	0	0
XCHTIME	230	2	5	656586	3315	635	249	652387
XCHTIME	0	0	0	0	0	0	0	0
XCHTIME	230	4	18	3889314	3193	1386	860	3883875
LADGATE	230	10000	0.216	1
XCHTIME	0	0	0	0	0	0	0	0
XCHTIME	230	5	26	4751702	4028	1763	1101	4744810
XCHTIME	0	0	0	0	0	0	0	0
XCHTIME	230	4	66	1355622	3091	1098	2441	1348992
XCHTIME	0	0	0	0	0	0	0	0
XCHTIME	230	4	15	605123	3413	1496	584	599630
XCHTIME	0	0	0	0	0	0	0	0
XCHTIME	230	4	10	333859	3223	1291	422	328923
XCHTIME	0	0	0	0	0	0	0	0
XCHTIME	230	4	18	3860319	3086	1414	780	3855039
XCHTIME	0	0	0	0	0	0	0	0
XCHTIME	230	4	11	242994	3193	1133	478	238190
XCHTIME	0	0	0	0	0	0	0	0
XCHTIME	230	4	14	1066805	3198	1352	524	1061731
XCHTIME	0	0	0	0	0	0	0	0
XCHTIME	230	4	13	2002455	3239	1371	523	1997322
XCHTIME	0	0	0	0	0	0	0	0
XCHTIME	230	4	16	13988752	3209	2116	755	13982672
XCHTIME	0	0	0	0	0	0	0	0
XCHTIME	230	4	6	161725	3890	1233	202	156400
LIFT	waterund08	230	120	1760	120
COUNTS	waterund08	230	1290	35284	30110
XCHTIME	0	0	0	0	0	0	0	0
XCHTIME	76	2	4	90762	3432	287	183	86860
XCHTIME	0	0	0	0	0	0	0	0
XCHTIME	76	2	6	675316	1720	376	211	673009
XCHTIME	0	0	0	0	0	0	0	0
XCHTIME	76	2	5	242993	1639	249	170	240935
XCHTIME	0	0	0	0	0	0	0	0
XCHTIME	76	4	18	1710775	1567	496	625	1708087
LADGATE	76	10000	0.147	1
XCHTIME	0	0	0	0	0	0	0	0
XCHTIME	76	5	26	2047008	2562	610	953	2042883
XCHTIME	0	0	0	0	0	0	0	0
XCHTIME	76	4	66	76916	1747	457	1912	72800
XCHTIME	0	0	0	0	0	0	0	0
XCHTIME	76	4	15	283143	1698	437	443	280565
XCHTIME	0	0	0	0	0	0	0	0
XCHTIME	76	4	10	156317	1346	442	268	154261
XCHTIME	0	0	0	0	0	0	0	0
XCHTIME	76	4	18	1686760	1594	446	645	1684075
XCHTIME	0	0	0	0	0	0	0	0
XCHTIME	76	4	11	108346	1507	464	360	106015
XCHTIME	0	0	0	0	0	0	0	0
XCHTIME	76	4	14	405124	1514	449	494	402667
XCHTIME	0	0	0	0	0	0	0	0
XCHTIME	76	4	13	873393	1570	471	362	870990
XCHTIME	0	0	0	0	0	0	0	0
XCHTIME	76	4	16	5338111	1618	569	589	5335335
XCHTIME	0	0	0	0	0	0	0	0
XCHTIME	76	4	6	67768	1747	443	207	65371
LIFT	kall_diffcircles_6	76	45	240	45
COUNTS	kall_diffcircles_6	76	302	1511	1511
XCHTIME	0	0	0	0	0	0	0	0
XCHTIME	440	2	4	945543	12693	2205	411	930234
XCHTIME	0	0	0	0	0	0	0	0
XCHTIME	440	2	6	10782829	8403	1995	618	10771813
XCHTIME	0	0	0	0	0	0	0	0
XCHTIME	440	2	5	3232276	9347	2067	528	3220334
XCHTIME	0	0	0	0	0	0	0	0
XCHTIME	440	4	18	21211966	8354	3976	1961	21197675
LADGATE	440	10000	0.425	1
XCHTIME	0	0	0	0	0	0	0	0
XCHTIME	440	4	10	1941230	9903	3730	1073	1926524
XCHTIME	0	0	0	0	0	0	0	0
XCHTIME	440	4	66	9702192	8738	5912	7318	9680224
XCHTIME	0	0	0	0	0	0	0	0
XCHTIME	440	4	15	3744326	10186	5598	2237	3726305
XCHTIME	0	0	0	0	0	0	0	0
XCHTIME	440	4	10	1919651	9304	3952	937	1905458
XCHTIME	0	0	0	0	0	0	0	0
XCHTIME	440	4	18	23311428	8766	5610	2008	23295044
XCHTIME	0	0	0	0	0	0	0	0
XCHTIME	440	4	11	1138496	10179	3946	1056	1123315
XCHTIME	0	0	0	0	0	0	0	0
XCHTIME	440	4	14	7168402	9649	4421	1505	7152827
XCHTIME	0	0	0	0	0	0	0	0
XCHTIME	440	4	13	13088970	9697	3611	1458	13074204
XCHTIME	0	0	0	0	0	0	0	0
XCHTIME	440	2	5	22598482	9360	3959	607	22584556
XCHTIME	0	0	0	0	0	0	0	0
XCHTIME	440	4	6	706283	12132	3780	509	689862
LIFT	chimera_mgw-c8-439-onc8-001	440	423	3066	423
COUNTS	chimera_mgw-c8-439-onc8-001	440	3040	106479	80090
XCHTIME	0	0	0	0	0	0	0	0
XCHTIME	160	2	4	227221	4909	571	192	221549
XCHTIME	0	0	0	0	0	0	0	0
XCHTIME	160	2	6	1924254	2723	433	225	1920873
XCHTIME	0	0	0	0	0	0	0	0
XCHTIME	160	2	5	649752	2707	395	188	646462
XCHTIME	0	0	0	0	0	0	0	0
XCHTIME	160	4	18	4140749	2686	1007	651	4136405
LADGATE	160	10000	0.255	1
XCHTIME	0	0	0	0	0	0	0	0
XCHTIME	160	5	26	4995047	3283	1129	880	4989755
XCHTIME	0	0	0	0	0	0	0	0
XCHTIME	160	4	66	1944174	2673	923	2038	1938540
XCHTIME	0	0	0	0	0	0	0	0
XCHTIME	160	4	15	647175	3109	859	499	642708
XCHTIME	0	0	0	0	0	0	0	0
XCHTIME	160	4	10	353472	2626	754	295	349797
XCHTIME	0	0	0	0	0	0	0	0
XCHTIME	160	4	18	4169748	2841	926	678	4165303
XCHTIME	0	0	0	0	0	0	0	0
XCHTIME	160	4	11	229783	2905	736	386	225756
XCHTIME	0	0	0	0	0	0	0	0
XCHTIME	160	4	14	1260400	2655	816	466	1256463
XCHTIME	0	0	0	0	0	0	0	0
XCHTIME	160	4	13	2161392	2654	843	445	2157450
XCHTIME	0	0	0	0	0	0	0	0
XCHTIME	160	4	16	15758286	2762	1154	615	15753755
XCHTIME	0	0	0	0	0	0	0	0
XCHTIME	160	4	6	156372	3428	804	237	151903
LIFT	waterund11	160	91	642	91
COUNTS	waterund11	160	828	14818	10705
XCHTIME	0	0	0	0	0	0	0	0
XCHTIME	16364	0	0	15121223	15121223	0	0	0
XCHTIME	0	0	0	0	0	0	0	0
XCHTIME	16364	1	0	10638054	8048672	1448142	0	1141240
XCHTIME	0	0	0	0	0	0	0	0
XCHTIME	16364	1	0	8177792	6341860	1479628	0	356304
XCHTIME	0	0	0	0	0	0	0	0
XCHTIME	16364	1	0	14206278	6358732	1456709	0	6390837
LADGATE	16364	10000	0.724	0
XCHTIME	0	0	0	0	0	0	0	0
XCHTIME	16364	5	26	223051422	6469000	7570916	10032	209001474
XCHTIME	0	0	0	0	0	0	0	0
XCHTIME	16364	1	0	10471672	6466802	1462655	0	2542215
XCHTIME	0	0	0	0	0	0	0	0
XCHTIME	16364	1	0	10560076	6419220	1458194	0	2682662
XCHTIME	0	0	0	0	0	0	0	0
XCHTIME	16364	1	0	14963968	6382476	1456329	0	7125163
XCHTIME	0	0	0	0	0	0	0	0
XCHTIME	16364	1	0	15031400	6496252	1448045	0	7087103
XCHTIME	0	0	0	0	0	0	0	0
XCHTIME	16364	1	0	14931584	6410149	1531943	0	6989492
XCHTIME	0	0	0	0	0	0	0	0
XCHTIME	16364	1	0	15159562	6512373	1478747	0	7168442
XCHTIME	0	0	0	0	0	0	0	0
XCHTIME	16364	1	0	15093586	6443283	1437662	0	7212641
XCHTIME	0	0	0	0	0	0	0	0
XCHTIME	16364	1	0	15085164	6452497	1456335	0	7176332
XCHTIME	0	0	0	0	0	0	0	0
XCHTIME	16364	1	0	14899550	6389293	1450853	0	7059404
LIFT	chp_shorttermplan2d	16364	8902	38240	8902
COUNTS	chp_shorttermplan2d	16364	52108	4089003	2054862
XCHTIME	0	0	0	0	0	0	0	0
XCHTIME	156	2	4	230296	4567	438	358	224933
XCHTIME	0	0	0	0	0	0	0	0
XCHTIME	156	2	6	2406235	2472	464	547	2402752
XCHTIME	0	0	0	0	0	0	0	0
XCHTIME	156	2	5	743723	2672	390	419	740242
XCHTIME	0	0	0	0	0	0	0	0
XCHTIME	156	4	18	4783863	2317	839	1505	4779202
LADGATE	156	10000	0.289	1
XCHTIME	0	0	0	0	0	0	0	0
XCHTIME	156	4	10	436420	3375	819	786	431440
XCHTIME	0	0	0	0	0	0	0	0
XCHTIME	156	4	66	705801	2558	810	4087	698346
XCHTIME	0	0	0	0	0	0	0	0
XCHTIME	156	4	15	862941	2512	773	1204	858452
XCHTIME	0	0	0	0	0	0	0	0
XCHTIME	156	4	10	436488	2530	788	769	432401
XCHTIME	0	0	0	0	0	0	0	0
XCHTIME	156	4	18	5306061	2522	930	1427	5301182
XCHTIME	0	0	0	0	0	0	0	0
XCHTIME	156	4	11	250125	2845	762	815	245703
XCHTIME	0	0	0	0	0	0	0	0
XCHTIME	156	4	14	1531296	2462	804	1041	1526989
XCHTIME	0	0	0	0	0	0	0	0
XCHTIME	156	4	13	2845145	2642	888	962	2840653
XCHTIME	0	0	0	0	0	0	0	0
XCHTIME	156	4	16	18169394	2655	1487	1355	18163897
XCHTIME	0	0	0	0	0	0	0	0
XCHTIME	156	4	6	143221	3261	750	425	138785
LIFT	sporttournament18	156	136	810	136
COUNTS	sporttournament18	156	886	17568	13608
COUNTS	cvxnonsep_psig30	30	870	9455	9455
XCHTIME	0	0	0	0	0	0	0	0
XCHTIME	6089	1	0	3003275	978988	304445	0	1719842
XCHTIME	0	0	0	0	0	0	0	0
XCHTIME	6089	1	0	4421580	980520	305446	0	3135614
XCHTIME	0	0	0	0	0	0	0	0
XCHTIME	6089	1	0	3632039	977997	310624	0	2343418
XCHTIME	0	0	0	0	0	0	0	0
XCHTIME	6089	2	5	11806046	1038403	650403	1386	10115854
LADGATE	6089	10000	0.447	1
XCHTIME	0	0	0	0	0	0	0	0
XCHTIME	6089	5	26	31609244	985004	1530355	5645	29088240
XCHTIME	0	0	0	0	0	0	0	0
XCHTIME	6089	2	19	5216792	990246	609177	3661	3613708
XCHTIME	0	0	0	0	0	0	0	0
XCHTIME	6089	2	4	5382174	952267	608763	1178	3819966
XCHTIME	0	0	0	0	0	0	0	0
XCHTIME	6089	4	10	9720907	992925	1204386	3103	7520493
XCHTIME	0	0	0	0	0	0	0	0
XCHTIME	6089	2	5	10884284	932314	614288	1376	9336306
XCHTIME	0	0	0	0	0	0	0	0
XCHTIME	6089	4	11	9538296	973003	1198694	3489	7363110
XCHTIME	0	0	0	0	0	0	0	0
XCHTIME	6089	3	12	10120989	948513	901811	2795	8267870
XCHTIME	0	0	0	0	0	0	0	0
XCHTIME	6089	3	12	10516062	960163	896999	2472	8656428
XCHTIME	0	0	0	0	0	0	0	0
XCHTIME	6089	1	0	9859538	944284	327473	0	8587781
XCHTIME	0	0	0	0	0	0	0	0
XCHTIME	6089	4	6	9496975	991863	1200803	2331	7301978
LIFT	ringpack_20_2	6089	3132	37034	3132
COUNTS	ringpack_20_2	6089	40368	1872174	707413
XCHTIME	0	0	0	0	0	0	0	0
XCHTIME	1386	2	4	1436666	30697	10466	254	1395249
XCHTIME	0	0	0	0	0	0	0	0
XCHTIME	1386	2	6	7496732	30823	16628	334	7448947
XCHTIME	0	0	0	0	0	0	0	0
XCHTIME	1386	2	5	3652762	36050	10379	276	3606057
XCHTIME	0	0	0	0	0	0	0	0
XCHTIME	1386	3	15	15046491	29294	26105	920	14990172
LADGATE	1386	10000	0.333	1
XCHTIME	0	0	0	0	0	0	0	0
XCHTIME	1386	5	26	27830592	29162	41912	1689	27757829
XCHTIME	0	0	0	0	0	0	0	0
XCHTIME	1386	1	0	6398988	35763	4957	0	6358268
XCHTIME	0	0	0	0	0	0	0	0
XCHTIME	1386	4	15	4346017	42109	23931	815	4279162
XCHTIME	0	0	0	0	0	0	0	0
XCHTIME	1386	4	10	2629915	29388	20237	631	2579659
XCHTIME	0	0	0	0	0	0	0	0
XCHTIME	1386	3	15	15041911	29341	25425	952	14986193
XCHTIME	0	0	0	0	0	0	0	0
XCHTIME	1386	4	11	1673189	35325	20535	574	1616755
XCHTIME	0	0	0	0	0	0	0	0
XCHTIME	1386	4	14	7348254	28952	20231	903	7298168
XCHTIME	0	0	0	0	0	0	0	0
XCHTIME	1386	4	13	12998808	29014	20616	841	12948337
XCHTIME	0	0	0	0	0	0	0	0
XCHTIME	1386	1	0	14392976	29375	4926	0	14358675
XCHTIME	0	0	0	0	0	0	0	0
XCHTIME	1386	4	6	1302036	48539	20924	332	1232241
LIFT	blend718	1386	808	3138	808
COUNTS	blend718	1386	4310	70355	61466
XCHTIME	0	0	0	0	0	0	0	0
XCHTIME	115	2	4	88919	3832	364	160	84563
XCHTIME	0	0	0	0	0	0	0	0
XCHTIME	115	2	6	741789	1940	491	126	739232
XCHTIME	0	0	0	0	0	0	0	0
XCHTIME	115	2	5	265216	2082	294	103	262737
XCHTIME	0	0	0	0	0	0	0	0
XCHTIME	115	4	18	1474972	3974	600	487	1469911
LADGATE	115	10000	0.291	1
XCHTIME	0	0	0	0	0	0	0	0
XCHTIME	115	5	26	2015851	3247	1167	824	2010613
XCHTIME	0	0	0	0	0	0	0	0
XCHTIME	115	4	66	266763	2349	566	2154	261694
XCHTIME	0	0	0	0	0	0	0	0
XCHTIME	115	4	15	235401	2154	696	344	232207
XCHTIME	0	0	0	0	0	0	0	0
XCHTIME	115	4	10	145851	1991	591	225	143044
XCHTIME	0	0	0	0	0	0	0	0
XCHTIME	115	4	18	1530530	2089	613	508	1527320
XCHTIME	0	0	0	0	0	0	0	0
XCHTIME	115	4	11	92953	2017	531	224	90181
XCHTIME	0	0	0	0	0	0	0	0
XCHTIME	115	4	14	449944	5728	607	369	443240
XCHTIME	0	0	0	0	0	0	0	0
XCHTIME	115	4	13	749152	2018	680	311	746143
XCHTIME	0	0	0	0	0	0	0	0
XCHTIME	115	4	16	5121341	1906	975	498	5117962
XCHTIME	0	0	0	0	0	0	0	0
XCHTIME	115	4	6	63178	2552	651	131	59844
LIFT	wastepaper4	115	50	654	50
COUNTS	wastepaper4	115	724	9711	7183
XCHTIME	0	0	0	0	0	0	0	0
XCHTIME	2450	2	4	1000273	84294	36511	337	879131
XCHTIME	0	0	0	0	0	0	0	0
XCHTIME	2450	2	6	1529451	84584	36613	543	1407711
XCHTIME	0	0	0	0	0	0	0	0
XCHTIME	2450	2	5	1085807	85385	36138	411	963873
XCHTIME	0	0	0	0	0	0	0	0
XCHTIME	2450	4	18	2832172	85160	73725	1517	2671770
LADGATE	2450	10000	0.610	1
XCHTIME	0	0	0	0	0	0	0	0
XCHTIME	2450	5	26	3669768	84987	91008	2354	3491419
XCHTIME	0	0	0	0	0	0	0	0
XCHTIME	2450	4	66	2411633	89052	70461	5066	2247054
XCHTIME	0	0	0	0	0	0	0	0
XCHTIME	2450	4	15	1869551	84188	73009	1241	1711113
XCHTIME	0	0	0	0	0	0	0	0
XCHTIME	2450	4	10	1857441	85612	70361	768	1700700
XCHTIME	0	0	0	0	0	0	0	0
XCHTIME	2450	4	18	2843123	85098	77486	1573	2678966
XCHTIME	0	0	0	0	0	0	0	0
XCHTIME	2450	4	11	1840736	85148	69573	990	1685025
XCHTIME	0	0	0	0	0	0	0	0
XCHTIME	2450	4	14	2084340	84647	77921	1252	1920520
XCHTIME	0	0	0	0	0	0	0	0
XCHTIME	2450	4	13	2367077	84706	72874	1115	2208382
XCHTIME	0	0	0	0	0	0	0	0
XCHTIME	2450	4	16	9224588	84861	189790	2737	8947200
XCHTIME	0	0	0	0	0	0	0	0
XCHTIME	2450	4	6	1657188	141077	77949	631	1437531
LIFT	squfl010-040persp	2450	850	4000	850
COUNTS	squfl010-040persp	2450	7200	22825	22825
XCHTIME	0	0	0	0	0	0	0	0
XCHTIME	10429	1	0	5021268	3249585	1032306	0	739377
XCHTIME	0	0	0	0	0	0	0	0
XCHTIME	10429	1	0	5358393	3074703	996607	0	1287083
XCHTIME	0	0	0	0	0	0	0	0
XCHTIME	10429	1	0	5047101	3018036	984224	0	1044841
XCHTIME	0	0	0	0	0	0	0	0
XCHTIME	10429	1	0	12696760	3036252	1005949	0	8654559
LADGATE	10429	10000	0.930	0
XCHTIME	0	0	0	0	0	0	0	0
XCHTIME	10429	5	26	209525322	3109750	4945474	9428	201460670
LIFT	crudeoil_lee4_06	10429	6797	109128	6797
COUNTS	crudeoil_lee4_06	10429	55492	65337120	32389047
XCHTIME	0	0	0	0	0	0	0	0
XCHTIME	1746	2	4	1510126	42558	15581	301	1451686
XCHTIME	0	0	0	0	0	0	0	0
XCHTIME	1746	2	6	6308266	44517	33259	450	6230040
XCHTIME	0	0	0	0	0	0	0	0
XCHTIME	1746	2	5	3874369	49501	17041	345	3807482
XCHTIME	0	0	0	0	0	0	0	0
XCHTIME	1746	3	15	13023938	44625	46347	1125	12931841
LADGATE	1746	10000	0.554	1
XCHTIME	0	0	0	0	0	0	0	0
XCHTIME	1746	5	26	27190394	45026	94887	2083	27048398
XCHTIME	0	0	0	0	0	0	0	0
XCHTIME	1746	2	19	5851589	67557	33204	1983	5748845
XCHTIME	0	0	0	0	0	0	0	0
XCHTIME	1746	4	15	4575476	48854	35371	1010	4490241
XCHTIME	0	0	0	0	0	0	0	0
XCHTIME	1746	4	10	2908476	43650	32005	616	2832205
XCHTIME	0	0	0	0	0	0	0	0
XCHTIME	1746	3	15	13000876	42676	51352	1276	12905572
XCHTIME	0	0	0	0	0	0	0	0
XCHTIME	1746	4	11	2134772	72064	32873	688	2029147
XCHTIME	0	0	0	0	0	0	0	0
XCHTIME	1746	4	14	7520107	43456	35929	1009	7439713
XCHTIME	0	0	0	0	0	0	0	0
XCHTIME	1746	4	13	12412283	44677	43179	862	12323565
XCHTIME	0	0	0	0	0	0	0	0
XCHTIME	1746	1	0	13121340	46251	7900	0	13067189
XCHTIME	0	0	0	0	0	0	0	0
XCHTIME	1746	4	6	1698529	83338	56964	395	1557832
LIFT	netmod_kar1	1746	798	3664	798
COUNTS	netmod_kar1	1746	4928	56838	43864
XCHTIME	0	0	0	0	0	0	0	0
XCHTIME	14	2	4	26966	576	121	103	26166
XCHTIME	0	0	0	0	0	0	0	0
XCHTIME	14	2	6	163269	534	72	158	162505
XCHTIME	0	0	0	0	0	0	0	0
XCHTIME	14	2	5	50359	523	102	129	49605
XCHTIME	0	0	0	0	0	0	0	0
XCHTIME	14	4	18	318879	534	155	508	317682
LADGATE	14	10000	0.111	1
XCHTIME	0	0	0	0	0	0	0	0
XCHTIME	14	5	26	342016	942	189	858	340027
XCHTIME	0	0	0	0	0	0	0	0
XCHTIME	14	4	37	1279773	664	172	1127	1277810
XCHTIME	0	0	0	0	0	0	0	0
XCHTIME	14	4	15	73976	613	128	327	72908
XCHTIME	0	0	0	0	0	0	0	0
XCHTIME	14	4	10	41996	547	208	220	41021
XCHTIME	0	0	0	0	0	0	0	0
XCHTIME	14	4	18	335988	625	130	425	334808
XCHTIME	0	0	0	0	0	0	0	0
XCHTIME	14	4	11	33482	516	120	232	32614
XCHTIME	0	0	0	0	0	0	0	0
XCHTIME	14	4	14	130063	631	205	317	128910
XCHTIME	0	0	0	0	0	0	0	0
XCHTIME	14	4	13	219925	458	117	292	219058
XCHTIME	0	0	0	0	0	0	0	0
XCHTIME	14	4	16	1968692	535	165	495	1967497
XCHTIME	0	0	0	0	0	0	0	0
XCHTIME	14	4	6	19643	737	138	122	18646
COUNTS	ex8_1_7	14	46	137	128
XCHTIME	0	0	0	0	0	0	0	0
XCHTIME	108	2	4	177326	3729	418	168	173011
XCHTIME	0	0	0	0	0	0	0	0
XCHTIME	108	2	6	2577160	2058	489	232	2574381
XCHTIME	0	0	0	0	0	0	0	0
XCHTIME	108	2	5	722648	2334	327	186	719801
XCHTIME	0	0	0	0	0	0	0	0
XCHTIME	108	4	18	4957006	1973	838	630	4953565
LADGATE	108	10000	0.201	1
XCHTIME	0	0	0	0	0	0	0	0
XCHTIME	108	5	26	6328634	2714	838	1011	6324071
XCHTIME	0	0	0	0	0	0	0	0
XCHTIME	108	4	66	419925	1895	655	2613	414762
XCHTIME	0	0	0	0	0	0	0	0
XCHTIME	108	4	15	712783	2046	572	534	709631
XCHTIME	0	0	0	0	0	0	0	0
XCHTIME	108	4	10	314802	1911	546	336	312009
XCHTIME	0	0	0	0	0	0	0	0
XCHTIME	108	4	18	4929613	2437	667	685	4925824
XCHTIME	0	0	0	0	0	0	0	0
XCHTIME	108	4	11	175948	1952	526	376	173094
XCHTIME	0	0	0	0	0	0	0	0
XCHTIME	108	4	14	1287822	2203	572	499	1284548
XCHTIME	0	0	0	0	0	0	0	0
XCHTIME	108	4	13	2754685	1878	603	464	2751740
XCHTIME	0	0	0	0	0	0	0	0
XCHTIME	108	4	16	17797274	2068	844	830	17793532
XCHTIME	0	0	0	0	0	0	0	0
XCHTIME	108	4	6	107090	3073	551	223	103243
LIFT	graphpart_3g-0333-0333	108	81	648	81
COUNTS	graphpart_3g-0333-0333	108	648	44928	36228
XCHTIME	0	0	0	0	0	0	0	0
XCHTIME	760	2	4	815706	20314	3781	232	791379
XCHTIME	0	0	0	0	0	0	0	0
XCHTIME	760	2	6	5011147	10493	4037	350	4996267
XCHTIME	0	0	0	0	0	0	0	0
XCHTIME	760	2	5	1636875	11134	3588	268	1621885
XCHTIME	0	0	0	0	0	0	0	0
XCHTIME	760	4	18	10762008	10519	7959	972	10742558
LADGATE	760	10000	0.309	1
XCHTIME	0	0	0	0	0	0	0	0
XCHTIME	760	5	26	13186080	11658	9402	1537	13163483
XCHTIME	0	0	0	0	0	0	0	0
XCHTIME	760	4	66	3786011	11560	9696	3308	3761447
XCHTIME	0	0	0	0	0	0	0	0
XCHTIME	760	4	15	2494509	11072	7404	797	2475236
XCHTIME	0	0	0	0	0	0	0	0
XCHTIME	760	4	10	1596960	11434	7362	474	1577690
XCHTIME	0	0	0	0	0	0	0	0
XCHTIME	760	4	18	10728562	11084	8240	1018	10708220
XCHTIME	0	0	0	0	0	0	0	0
XCHTIME	760	4	11	1035786	11642	7130	491	1016523
XCHTIME	0	0	0	0	0	0	0	0
XCHTIME	760	4	14	3697290	10653	6865	774	3678998
XCHTIME	0	0	0	0	0	0	0	0
XCHTIME	760	4	13	6211224	11305	6990	686	6192243
XCHTIME	0	0	0	0	0	0	0	0
XCHTIME	760	2	5	15896038	11220	6753	335	15877730
XCHTIME	0	0	0	0	0	0	0	0
XCHTIME	760	4	6	631426	18056	7275	272	605823
LIFT	slay05h	760	340	1400	340
COUNTS	slay05h	760	2080	9815	8795
XCHTIME	0	0	0	0	0	0	0	0
XCHTIME	156	2	4	238388	4712	450	165	233061
XCHTIME	0	0	0	0	0	0	0	0
XCHTIME	156	2	6	2095748	2754	470	328	2092196
XCHTIME	0	0	0	0	0	0	0	0
XCHTIME	156	2	5	604082	2904	451	209	600518
XCHTIME	0	0	0	0	0	0	0	0
XCHTIME	156	4	18	4295872	2953	922	924	4291073
LADGATE	156	10000	0.274	1
XCHTIME	0	0	0	0	0	0	0	0
XCHTIME	156	5	26	5163005	3183	1163	1408	5157251
XCHTIME	0	0	0	0	0	0	0	0
XCHTIME	156	4	66	5598503	2817	1088	4063	5590535
XCHTIME	0	0	0	0	0	0	0	0
XCHTIME	156	4	15	707348	3525	826	654	702343
XCHTIME	0	0	0	0	0	0	0	0
XCHTIME	156	4	10	444303	2840	814	427	440222
XCHTIME	0	0	0	0	0	0	0	0
XCHTIME	156	4	18	4302737	2779	1296	896	4297766
XCHTIME	0	0	0	0	0	0	0	0
XCHTIME	156	4	11	274203	2919	743	383	270158
XCHTIME	0	0	0	0	0	0	0	0
XCHTIME	156	4	14	1216170	3164	764	571	1211671
XCHTIME	0	0	0	0	0	0	0	0
XCHTIME	156	4	13	2166319	2819	834	633	2162033
XCHTIME	0	0	0	0	0	0	0	0
XCHTIME	156	4	16	15559914	2866	1312	927	15554809
XCHTIME	0	0	0	0	0	0	0	0
XCHTIME	156	4	6	177015	3827	838	232	172118
LIFT	korcns	156	92	598	92
COUNTS	korcns	156	712	7241	6599
XCHTIME	0	0	0	0	0	0	0	0
XCHTIME	5065	1	0	2748425	697255	206332	0	1844838
XCHTIME	0	0	0	0	0	0	0	0
XCHTIME	5065	1	0	4209676	637083	198586	0	3374007
XCHTIME	0	0	0	0	0	0	0	0
XCHTIME	5065	1	0	3440400	645451	227352	0	2567597
XCHTIME	0	0	0	0	0	0	0	0
XCHTIME	5065	1	0	11458992	612226	210841	0	10635925
LADGATE	5065	10000	0.693	1
XCHTIME	0	0	0	0	0	0	0	0
XCHTIME	5065	5	26	85165576	703328	1057252	7639	83397357
XCHTIME	0	0	0	0	0	0	0	0
XCHTIME	5065	1	0	5184557	657425	203086	0	4324046
XCHTIME	0	0	0	0	0	0	0	0
XCHTIME	5065	2	4	6757909	664485	431630	1304	5660490
XCHTIME	0	0	0	0	0	0	0	0
XCHTIME	5065	4	10	12670071	584950	767575	2975	11314571
XCHTIME	0	0	0	0	0	0	0	0
XCHTIME	5065	1	0	11310778	618385	228147	0	10464246
XCHTIME	0	0	0	0	0	0	0	0
XCHTIME	5065	4	11	10980969	676214	798859	3071	9502825
XCHTIME	0	0	0	0	0	0	0	0
XCHTIME	5065	2	4	12517044	609994	374111	1341	11531598
XCHTIME	0	0	0	0	0	0	0	0
XCHTIME	5065	2	4	12238877	653879	410571	1232	11173195
XCHTIME	0	0	0	0	0	0	0	0
XCHTIME	5065	1	0	10369930	598159	187779	0	9583992
XCHTIME	0	0	0	0	0	0	0	0
XCHTIME	5065	4	6	9130280	654767	759884	1574	7714055
LIFT	powerflow0118p	5065	2810	15480	2810
COUNTS	powerflow0118p	5065	18730	121503	117327
XCHTIME	0	0	0	0	0	0	0	0
XCHTIME	4799	1	0	2397197	541447	169855	0	1685895
XCHTIME	0	0	0	0	0	0	0	0
XCHTIME	4799	1	0	4144426	565171	174703	0	3404552
XCHTIME	0	0	0	0	0	0	0	0
XCHTIME	4799	1	0	2728580	526713	165840	0	2036027
XCHTIME	0	0	0	0	0	0	0	0
XCHTIME	4799	2	5	10814367	516513	331783	1415	9964656
LADGATE	4799	10000	0.785	1
XCHTIME	0	0	0	0	0	0	0	0
XCHTIME	4799	5	26	23286861	619443	950925	7632	21708861
XCHTIME	0	0	0	0	0	0	0	0
XCHTIME	4799	2	19	5600248	611626	388909	4310	4595403
XCHTIME	0	0	0	0	0	0	0	0
XCHTIME	4799	3	12	6223766	589087	536972	3175	5094532
XCHTIME	0	0	0	0	0	0	0	0
XCHTIME	4799	4	10	7637338	505638	629588	3012	6499100
XCHTIME	0	0	0	0	0	0	0	0
XCHTIME	4799	2	5	10855962	507846	345069	1538	10001509
XCHTIME	0	0	0	0	0	0	0	0
XCHTIME	4799	4	11	7115674	547267	615793	3424	5949190
XCHTIME	0	0	0	0	0	0	0	0
XCHTIME	4799	4	14	10005683	523724	635448	4401	8842110
XCHTIME	0	0	0	0	0	0	0	0
XCHTIME	4799	4	13	11325850	509176	701940	4285	10110449
XCHTIME	0	0	0	0	0	0	0	0
XCHTIME	4799	1	0	9940567	504116	161867	0	9274584
XCHTIME	0	0	0	0	0	0	0	0
XCHTIME	4799	4	6	6853936	570362	632959	1844	5648771
LIFT	sfacloc2_3_80	4799	2402	16046	2402
COUNTS	sfacloc2_3_80	4799	20600	84672	81119
XCHTIME	0	0	0	0	0	0	0	0
XCHTIME	6028	1	0	2917528	985271	305536	0	1626721
XCHTIME	0	0	0	0	0	0	0	0
XCHTIME	6028	1	0	4282717	935653	300934	0	3046130
XCHTIME	0	0	0	0	0	0	0	0
XCHTIME	6028	1	0	3606699	928032	328688	0	2349979
XCHTIME	0	0	0	0	0	0	0	0
XCHTIME	6028	1	0	11895795	925296	314481	0	10656018
LADGATE	6028	10000	0.581	1
XCHTIME	0	0	0	0	0	0	0	0
XCHTIME	6028	5	26	98774409	914577	1518652	8781	96332399
XCHTIME	0	0	0	0	0	0	0	0
XCHTIME	6028	1	0	5503958	951535	298550	0	4253873
XCHTIME	0	0	0	0	0	0	0	0
XCHTIME	6028	1	0	6503327	922518	307941	0	5272868
XCHTIME	0	0	0	0	0	0	0	0
XCHTIME	6028	3	9	12289511	926306	884142	3602	10475461
XCHTIME	0	0	0	0	0	0	0	0
XCHTIME	6028	1	0	11554553	929247	294193	0	10331113
XCHTIME	0	0	0	0	0	0	0	0
XCHTIME	6028	4	11	12060329	944793	1187409	4999	9923128
XCHTIME	0	0	0	0	0	0	0	0
XCHTIME	6028	2	4	12367579	920222	600512	1487	10845358
XCHTIME	0	0	0	0	0	0	0	0
XCHTIME	6028	1	0	11965124	909512	298865	0	10756747
XCHTIME	0	0	0	0	0	0	0	0
XCHTIME	6028	1	0	10018086	933808	299981	0	8784297
XCHTIME	0	0	0	0	0	0	0	0
XCHTIME	6028	4	6	11134482	924572	1191247	2436	9016227
LIFT	rsyn0820m04m	6028	3144	12532	3144
COUNTS	rsyn0820m04m	6028	17372	196890	152748
XCHTIME	0	0	0	0	0	0	0	0
XCHTIME	1046	2	4	1222728	17888	7463	294	1197083
XCHTIME	0	0	0	0	0	0	0	0
XCHTIME	1046	2	6	8346018	17793	8982	357	8318886
XCHTIME	0	0	0	0	0	0	0	0
XCHTIME	1046	2	5	3569758	21881	6358	295	3541224
XCHTIME	0	0	0	0	0	0	0	0
XCHTIME	1046	3	15	17023215	17946	15371	1084	16988814
LADGATE	1046	10000	0.257	1
XCHTIME	0	0	0	0	0	0	0	0
XCHTIME	1046	5	26	29637374	18320	22965	1815	29594274
XCHTIME	0	0	0	0	0	0	0	0
XCHTIME	1046	4	66	6679167	20420	20299	3853	6634595
XCHTIME	0	0	0	0	0	0	0	0
XCHTIME	1046	4	15	4111127	24080	13000	965	4073082
XCHTIME	0	0	0	0	0	0	0	0
XCHTIME	1046	4	10	2335189	17657	13106	608	2303818
XCHTIME	0	0	0	0	0	0	0	0
XCHTIME	1046	3	15	16888865	17589	14278	1002	16855996
XCHTIME	0	0	0	0	0	0	0	0
XCHTIME	1046	4	11	1326588	19412	12287	638	1294251
XCHTIME	0	0	0	0	0	0	0	0
XCHTIME	1046	4	14	7306120	17874	12133	820	7275293
XCHTIME	0	0	0	0	0	0	0	0
XCHTIME	1046	4	13	12838696	17834	12464	897	12807501
XCHTIME	0	0	0	0	0	0	0	0
XCHTIME	1046	1	0	15805626	18058	3080	0	15784488
XCHTIME	0	0	0	0	0	0	0	0
XCHTIME	1046	4	6	971661	28837	13383	387	929054
LIFT	hydroenergy1	1046	570	2164	570
COUNTS	hydroenergy1	1046	3024	14089	14089
XCHTIME	0	0	0	0	0	0	0	0
XCHTIME	181	2	4	126636	7408	499	153	118576
XCHTIME	0	0	0	0	0	0	0	0
XCHTIME	181	2	6	1130397	3112	481	225	1126579
XCHTIME	0	0	0	0	0	0	0	0
XCHTIME	181	2	5	347062	3137	488	147	343290
XCHTIME	0	0	0	0	0	0	0	0
XCHTIME	181	4	18	2091630	3165	987	601	2086877
LADGATE	181	10000	0.184	1
XCHTIME	0	0	0	0	0	0	0	0
XCHTIME	181	5	26	2514373	3831	1322	927	2508293
XCHTIME	0	0	0	0	0	0	0	0
XCHTIME	181	4	66	110709	3140	772	2061	104736
XCHTIME	0	0	0	0	0	0	0	0
XCHTIME	181	4	15	362822	3194	966	386	358276
XCHTIME	0	0	0	0	0	0	0	0
XCHTIME	181	4	10	205440	3192	976	354	200918
XCHTIME	0	0	0	0	0	0	0	0
XCHTIME	181	4	18	2098912	3128	1018	615	2094151
XCHTIME	0	0	0	0	0	0	0	0
XCHTIME	181	4	11	142706	3213	781	301	138411
XCHTIME	0	0	0	0	0	0	0	0
XCHTIME	181	4	14	639924	3088	1003	524	635309
XCHTIME	0	0	0	0	0	0	0	0
XCHTIME	181	4	13	1122479	3198	893	394	1117994
XCHTIME	0	0	0	0	0	0	0	0
XCHTIME	181	4	16	5526200	3243	1192	761	5521004
XCHTIME	0	0	0	0	0	0	0	0
XCHTIME	181	4	6	119417	3938	861	236	114382
LIFT	maxmin	181	103	1284	103
COUNTS	maxmin	181	1440	8405	8405
XCHTIME	0	0	0	0	0	0	0	0
XCHTIME	8	2	4	47648	381	219	156	46892
XCHTIME	0	0	0	0	0	0	0	0
XCHTIME	8	2	6	14867	430	68	198	14171
XCHTIME	0	0	0	0	0	0	0	0
XCHTIME	8	2	5	11157	316	52	149	10640
XCHTIME	0	0	0	0	0	0	0	0
XCHTIME	8	4	16	11845	359	94	474	10918
LADGATE	8	10000	0.106	1
XCHTIME	0	0	0	0	0	0	0	0
XCHTIME	8	5	24	14346	556	136	604	13050
XCHTIME	0	0	0	0	0	0	0	0
XCHTIME	8	4	24	10044	323	91	590	9040
XCHTIME	0	0	0	0	0	0	0	0
XCHTIME	8	4	15	10339	322	92	355	9570
XCHTIME	0	0	0	0	0	0	0	0
XCHTIME	8	4	10	19751	313	95	254	19089
XCHTIME	0	0	0	0	0	0	0	0
XCHTIME	8	4	16	11171	312	94	393	10372
XCHTIME	0	0	0	0	0	0	0	0
XCHTIME	8	4	11	11528	309	93	264	10862
XCHTIME	0	0	0	0	0	0	0	0
XCHTIME	8	4	14	16308	378	111	360	15459
XCHTIME	0	0	0	0	0	0	0	0
XCHTIME	8	4	13	17198	315	102	345	16436
XCHTIME	0	0	0	0	0	0	0	0
XCHTIME	8	4	14	14599	299	110	366	13824
XCHTIME	0	0	0	0	0	0	0	0
XCHTIME	8	4	6	9344	341	103	140	8760
COUNTS	st_ht	8	18	51	44
XCHTIME	0	0	0	0	0	0	0	0
XCHTIME	6418	1	0	2646957	1161646	348979	0	1136332
XCHTIME	0	0	0	0	0	0	0	0
XCHTIME	6418	1	0	3948141	1140288	358020	0	2449833
XCHTIME	0	0	0	0	0	0	0	0
XCHTIME	6418	1	0	3325819	1130378	371247	0	1824194
XCHTIME	0	0	0	0	0	0	0	0
XCHTIME	6418	1	0	11152697	1092862	352374	0	9707461
LADGATE	6418	10000	0.889	1
XCHTIME	0	0	0	0	0	0	0	0
XCHTIME	6418	5	26	80042505	1116040	1802435	6737	77117293
XCHTIME	0	0	0	0	0	0	0	0
XCHTIME	6418	1	0	5152947	1187721	371758	0	3593468
XCHTIME	0	0	0	0	0	0	0	0
XCHTIME	6418	1	0	4684687	1116005	345903	0	3222779
XCHTIME	0	0	0	0	0	0	0	0
XCHTIME	6418	2	3	7367963	1164383	723098	1235	5479247
XCHTIME	0	0	0	0	0	0	0	0
XCHTIME	6418	1	0	9275914	1158985	363513	0	7753416
XCHTIME	0	0	0	0	0	0	0	0
XCHTIME	6418	2	3	7189539	1119152	721731	1532	5347124
XCHTIME	0	0	0	0	0	0	0	0
XCHTIME	6418	2	4	7749861	1120304	744080	1548	5883929
XCHTIME	0	0	0	0	0	0	0	0
XCHTIME	6418	1	0	7762629	1118811	359194	0	6284624
XCHTIME	0	0	0	0	0	0	0	0
XCHTIME	6418	1	0	11417988	1155266	344344	0	9918378
XCHTIME	0	0	0	0	0	0	0	0
XCHTIME	6418	2	3	7188874	1189340	697996	1166	5300372
LIFT	crudeoil_lee2_06	6418	4139	66598	4139
COUNTS	crudeoil_lee2_06	6418	34646	23299675	15940414
XCHTIME	0	0	0	0	0	0	0	0
XCHTIME	3183	2	4	1655444	170003	85441	467	1399533
XCHTIME	0	0	0	0	0	0	0	0
XCHTIME	3183	1	0	4106898	168698	43161	0	3895039
XCHTIME	0	0	0	0	0	0	0	0
XCHTIME	3183	1	0	2208978	178865	43308	0	1986805
XCHTIME	0	0	0	0	0	0	0	0
XCHTIME	3183	2	5	11869364	163628	90824	524	11614388
LADGATE	3183	10000	0.495	1
XCHTIME	0	0	0	0	0	0	0	0
XCHTIME	3183	5	26	20715826	161817	261727	2814	20289468
XCHTIME	0	0	0	0	0	0	0	0
XCHTIME	3183	3	57	5725587	208465	168862	4375	5343885
XCHTIME	0	0	0	0	0	0	0	0
XCHTIME	3183	4	15	4557825	175387	222705	1614	4158119
XCHTIME	0	0	0	0	0	0	0	0
XCHTIME	3183	4	10	3485270	195585	200379	1211	3088095
XCHTIME	0	0	0	0	0	0	0	0
XCHTIME	3183	2	5	11665204	209156	104240	547	11351261
XCHTIME	0	0	0	0	0	0	0	0
XCHTIME	3183	4	11	2858991	177829	162430	1254	2517478
XCHTIME	0	0	0	0	0	0	0	0
XCHTIME	3183	4	14	6306433	184668	162072	1581	5958112
XCHTIME	0	0	0	0	0	0	0	0
XCHTIME	3183	4	13	10020568	160826	169851	1303	9688588
XCHTIME	0	0	0	0	0	0	0	0
XCHTIME	3183	1	0	10043104	162719	41842	0	9838543
XCHTIME	0	0	0	0	0	0	0	0
XCHTIME	3183	4	6	2561429	221706	162900	801	2176022
LIFT	kan_r3_h1_n4	3183	2301	12330	2301
COUNTS	kan_r3_h1_n4	3183	14062	104945	98697
XCHTIME	0	0	0	0	0	0	0	0
XCHTIME	378	2	4	323108	14171	1474	184	307279
XCHTIME	0	0	0	0	0	0	0	0
XCHTIME	378	2	6	3254722	10294	1457	283	3242688
XCHTIME	0	0	0	0	0	0	0	0
XCHTIME	378	2	5	1020780	11457	1331	172	1007820
XCHTIME	0	0	0	0	0	0	0	0
XCHTIME	378	4	18	6829180	10194	2562	774	6815650
LADGATE	378	10000	0.283	1
XCHTIME	0	0	0	0	0	0	0	0
XCHTIME	378	5	26	9007646	10413	3081	1084	8993068
XCHTIME	0	0	0	0	0	0	0	0
XCHTIME	378	4	66	1068395	9819	2457	2398	1053721
XCHTIME	0	0	0	0	0	0	0	0
XCHTIME	378	4	15	1055070	10100	2856	563	1041551
XCHTIME	0	0	0	0	0	0	0	0
XCHTIME	378	4	10	584738	9983	2721	390	571644
XCHTIME	0	0	0	0	0	0	0	0
XCHTIME	378	4	18	6890869	9937	2515	798	6877619
XCHTIME	0	0	0	0	0	0	0	0
XCHTIME	378	4	11	352555	9997	2522	438	339598
XCHTIME	0	0	0	0	0	0	0	0
XCHTIME	378	4	14	1887582	9937	2527	570	1874548
XCHTIME	0	0	0	0	0	0	0	0
XCHTIME	378	4	13	3790587	9990	2397	538	3777662
XCHTIME	0	0	0	0	0	0	0	0
XCHTIME	378	4	16	20677042	9936	5282	706	20661118
XCHTIME	0	0	0	0	0	0	0	0
XCHTIME	378	4	6	256090	11653	2427	222	241788
LIFT	primary	378	222	5294	222
COUNTS	primary	378	5610	109639	95258
XCHTIME	0	0	0	0	0	0	0	0
XCHTIME	1071	2	4	741704	18145	6896	273	716390
XCHTIME	0	0	0	0	0	0	0	0
XCHTIME	1071	2	6	4921695	18275	8175	470	4894775
XCHTIME	0	0	0	0	0	0	0	0
XCHTIME	1071	2	5	1665639	20234	6517	315	1638573
XCHTIME	0	0	0	0	0	0	0	0
XCHTIME	1071	4	18	9937591	18546	15574	1201	9902270
LADGATE	1071	10000	0.281	1
XCHTIME	0	0	0	0	0	0	0	0
XCHTIME	1071	5	26	12315089	18959	19860	1745	12274525
XCHTIME	0	0	0	0	0	0	0	0
XCHTIME	1071	4	66	6787514	21449	21243	3510	6741312
XCHTIME	0	0	0	0	0	0	0	0
XCHTIME	1071	4	15	2334829	29170	14174	845	2290640
XCHTIME	0	0	0	0	0	0	0	0
XCHTIME	1071	4	10	1361061	18734	13588	708	1328031
XCHTIME	0	0	0	0	0	0	0	0
XCHTIME	1071	4	18	10025901	18107	17296	1207	9989291
XCHTIME	0	0	0	0	0	0	0	0
XCHTIME	1071	4	11	1046935	20336	12675	756	1013168
XCHTIME	0	0	0	0	0	0	0	0
XCHTIME	1071	4	14	3180627	18028	12405	993	3149201
XCHTIME	0	0	0	0	0	0	0	0
XCHTIME	1071	4	13	5592278	18362	12333	911	5560672
XCHTIME	0	0	0	0	0	0	0	0
XCHTIME	1071	3	15	14070710	18605	24465	885	14026755
XCHTIME	0	0	0	0	0	0	0	0
XCHTIME	1071	4	6	771260	26938	12904	467	730951
LIFT	syn10m03hfsg	1071	591	1812	591
COUNTS	syn10m03hfsg	1071	2772	9890	9812
XCHTIME	0	0	0	0	0	0	0	0
XCHTIME	36	2	4	49970	994	222	142	48612
XCHTIME	0	0	0	0	0	0	0	0
XCHTIME	36	2	6	652863	943	157	169	651594
XCHTIME	0	0	0	0	0	0	0	0
XCHTIME	36	2	5	169204	987	139	109	167969
XCHTIME	0	0	0	0	0	0	0	0
XCHTIME	36	4	18	799392	967	269	490	797666
LADGATE	36	10000	0.183	1
XCHTIME	0	0	0	0	0	0	0	0
XCHTIME	36	5	26	1113895	1305	331	712	1111547
XCHTIME	0	0	0	0	0	0	0	0
XCHTIME	36	4	64	7594	1021	263	2136	4174
XCHTIME	0	0	0	0	0	0	0	0
XCHTIME	36	4	15	165353	727	241	354	164031
XCHTIME	0	0	0	0	0	0	0	0
XCHTIME	36	4	10	91203	881	224	213	89885
XCHTIME	0	0	0	0	0	0	0	0
XCHTIME	36	4	18	794607	917	248	460	792982
XCHTIME	0	0	0	0	0	0	0	0
XCHTIME	36	4	11	53185	923	248	256	51758
XCHTIME	0	0	0	0	0	0	0	0
XCHTIME	36	4	14	262639	757	228	358	261296
XCHTIME	0	0	0	0	0	0	0	0
XCHTIME	36	4	13	568551	859	236	309	567147
XCHTIME	0	0	0	0	0	0	0	0
XCHTIME	36	4	16	1904719	995	362	471	1902891
XCHTIME	0	0	0	0	0	0	0	0
XCHTIME	36	4	6	30146	1416	249	144	28337
LIFT	wastewater02m1	36	24	118	24
COUNTS	wastewater02m1	36	138	848	790
XCHTIME	0	0	0	0	0	0	0	0
XCHTIME	4620	1	0	1465584	484650	174559	0	806375
XCHTIME	0	0	0	0	0	0	0	0
XCHTIME	4620	1	0	1149420	459599	157313	0	532508
XCHTIME	0	0	0	0	0	0	0	0
XCHTIME	4620	1	0	1327044	464013	150952	0	712079
XCHTIME	0	0	0	0	0	0	0	0
XCHTIME	4620	4	18	7891092	467585	623037	3637	6796833
LADGATE	4620	10000	0.390	1
XCHTIME	0	0	0	0	0	0	0	0
XCHTIME	4620	5	26	10083791	529265	756628	4963	8792935
XCHTIME	0	0	0	0	0	0	0	0
XCHTIME	4620	3	32	4570616	511171	463367	5244	3590834
XCHTIME	0	0	0	0	0	0	0	0
XCHTIME	4620	3	12	4982844	446812	427248	2053	4106731
XCHTIME	0	0	0	0	0	0	0	0
XCHTIME	4620	4	10	6576286	478838	571739	1638	5524071
XCHTIME	0	0	0	0	0	0	0	0
XCHTIME	4620	4	18	7778099	464722	582143	3982	6727252
XCHTIME	0	0	0	0	0	0	0	0
XCHTIME	4620	4	11	6519881	505985	573365	1760	5438771
XCHTIME	0	0	0	0	0	0	0	0
XCHTIME	4620	4	14	7115185	506149	583416	2507	6023113
XCHTIME	0	0	0	0	0	0	0	0
XCHTIME	4620	4	13	7399291	463319	579400	2652	6353920
XCHTIME	0	0	0	0	0	0	0	0
XCHTIME	4620	3	15	9856775	488210	484761	3225	8880579
XCHTIME	0	0	0	0	0	0	0	0
XCHTIME	4620	4	6	6416434	486341	566101	1298	5362694
LIFT	supplychainr1_022020	4620	2680	11920	2680
COUNTS	supplychainr1_022020	4620	15680	273140	273100
XCHTIME	0	0	0	0	0	0	0	0
XCHTIME	3800	2	4	1331871	253393	161342	648	916488
XCHTIME	0	0	0	0	0	0	0	0
XCHTIME	3800	2	6	1694852	263562	165083	1032	1265175
XCHTIME	0	0	0	0	0	0	0	0
XCHTIME	3800	2	5	1664455	255728	152932	794	1255001
XCHTIME	0	0	0	0	0	0	0	0
XCHTIME	3800	4	18	5255181	255659	314370	2506	4682646
LADGATE	3800	10000	0.268	1
XCHTIME	0	0	0	0	0	0	0	0
XCHTIME	3800	5	26	6755818	297834	422134	3526	6032324
XCHTIME	0	0	0	0	0	0	0	0
XCHTIME	3800	4	66	4140808	296956	330040	7556	3506256
XCHTIME	0	0	0	0	0	0	0	0
XCHTIME	3800	4	15	3900739	254998	321875	2121	3321745
XCHTIME	0	0	0	0	0	0	0	0
XCHTIME	3800	4	10	4055296	271558	329092	1373	3453273
XCHTIME	0	0	0	0	0	0	0	0
XCHTIME	3800	4	18	5397529	261852	347278	2572	4785827
XCHTIME	0	0	0	0	0	0	0	0
XCHTIME	3800	4	11	4173365	341097	309878	1609	3520781
XCHTIME	0	0	0	0	0	0	0	0
XCHTIME	3800	4	14	4195797	268532	306469	1803	3618993
XCHTIME	0	0	0	0	0	0	0	0
XCHTIME	3800	4	13	4762908	295723	322794	1925	4142466
XCHTIME	0	0	0	0	0	0	0	0
XCHTIME	3800	4	16	11409481	281750	428584	2540	10696607
XCHTIME	0	0	0	0	0	0	0	0
XCHTIME	3800	4	6	3595919	304038	313764	885	2977232
LIFT	squfl025-025persp	3800	1300	6250	1300
COUNTS	squfl025-025persp	3800	11250	49925	49925
XCHTIME	0	0	0	0	0	0	0	0
XCHTIME	17999	0	0	17333909	17333909	0	0	0
XCHTIME	0	0	0	0	0	0	0	0
XCHTIME	17999	1	0	19586383	16888078	2027096	0	671209
XCHTIME	0	0	0	0	0	0	0	0
XCHTIME	17999	0	0	16882019	16882019	0	0	0
XCHTIME	0	0	0	0	0	0	0	0
XCHTIME	17999	1	0	23126424	16842923	2008450	0	4275051
LADGATE	17999	10000	0.944	0
XCHTIME	0	0	0	0	0	0	0	0
XCHTIME	17999	5	26	130646751	16910977	10293418	11476	103430880
XCHTIME	0	0	0	0	0	0	0	0
XCHTIME	17999	1	0	19653452	16935256	2015960	0	702236
XCHTIME	0	0	0	0	0	0	0	0
XCHTIME	17999	1	0	19521995	16822078	2025529	0	674388
XCHTIME	0	0	0	0	0	0	0	0
XCHTIME	17999	1	0	22622456	16849623	2012784	0	3760049
XCHTIME	0	0	0	0	0	0	0	0
XCHTIME	17999	1	0	23104334	16849189	1994562	0	4260583
XCHTIME	0	0	0	0	0	0	0	0
XCHTIME	17999	1	0	22694060	16904559	2013567	0	3775934
XCHTIME	0	0	0	0	0	0	0	0
XCHTIME	17999	1	0	22740506	16877162	1993672	0	3869672
XCHTIME	0	0	0	0	0	0	0	0
XCHTIME	17999	1	0	22927486	16874528	2004008	0	4048950
XCHTIME	0	0	0	0	0	0	0	0
XCHTIME	17999	1	0	23532695	16861821	2000725	0	4670149
XCHTIME	0	0	0	0	0	0	0	0
XCHTIME	17999	1	0	22685817	16871630	2015387	0	3798800
LIFT	ringpack_30_2	17999	9231	103922	9231
COUNTS	ringpack_30_2	17999	121458	12394600	2864237
LIFT	nuclear104	39098	26306	232222	26306
COUNTS	nuclear104	39098	257806	103156931	78332024
XCHTIME	0	0	0	0	0	0	0	0
XCHTIME	4952	2	4	2891943	600982	369772	1092	1920097
XCHTIME	0	0	0	0	0	0	0	0
XCHTIME	4952	1	0	4249829	571840	179291	0	3498698
XCHTIME	0	0	0	0	0	0	0	0
XCHTIME	4952	2	5	3647124	570622	374419	1491	2700592
XCHTIME	0	0	0	0	0	0	0	0
XCHTIME	4952	2	5	12050901	552066	381349	1369	11116117
LADGATE	4952	10000	0.640	1
XCHTIME	0	0	0	0	0	0	0	0
XCHTIME	4952	5	26	23492709	586232	976987	5834	21923656
XCHTIME	0	0	0	0	0	0	0	0
XCHTIME	4952	2	19	5920574	594031	384583	2395	4939565
XCHTIME	0	0	0	0	0	0	0	0
XCHTIME	4952	3	12	5726577	593435	526213	2218	4604711
XCHTIME	0	0	0	0	0	0	0	0
XCHTIME	4952	4	10	6427399	571886	685263	2501	5167749
XCHTIME	0	0	0	0	0	0	0	0
XCHTIME	4952	3	15	12228870	591368	601719	2848	11032935
XCHTIME	0	0	0	0	0	0	0	0
XCHTIME	4952	4	11	6043601	609063	706294	3101	4725143
XCHTIME	0	0	0	0	0	0	0	0
XCHTIME	4952	4	14	9395460	570889	699108	3419	8122044
XCHTIME	0	0	0	0	0	0	0	0
XCHTIME	4952	4	13	11914637	568515	733746	2902	10609474
XCHTIME	0	0	0	0	0	0	0	0
XCHTIME	4952	1	0	12166924	606157	182158	0	11378609
XCHTIME	0	0	0	0	0	0	0	0
XCHTIME	4952	4	6	5664453	601537	699117	1934	4361865
LIFT	chp_shorttermplan1a	4952	2592	11264	2592
COUNTS	chp_shorttermplan1a	4952	15700	376486	299565
XCHTIME	0	0	0	0	0	0	0	0
XCHTIME	555	2	4	1607330	15342	2631	276	1589081
XCHTIME	0	0	0	0	0	0	0	0
XCHTIME	555	2	6	9527230	8746	2271	495	9515718
XCHTIME	0	0	0	0	0	0	0	0
XCHTIME	555	2	5	5634100	8975	2160	383	5622582
XCHTIME	0	0	0	0	0	0	0	0
XCHTIME	555	2	5	19398088	8676	2307	378	19386727
LADGATE	555	10000	0.471	1
XCHTIME	0	0	0	0	0	0	0	0
XCHTIME	555	4	10	3198819	9575	4692	722	3183830
XCHTIME	0	0	0	0	0	0	0	0
XCHTIME	555	4	66	365636	8627	4427	4805	347777
XCHTIME	0	0	0	0	0	0	0	0
XCHTIME	555	4	15	5937212	8677	4513	1148	5922874
XCHTIME	0	0	0	0	0	0	0	0
XCHTIME	555	4	10	3190549	8721	4663	708	3176457
XCHTIME	0	0	0	0	0	0	0	0
XCHTIME	555	2	5	19446059	8995	2143	369	19434552
XCHTIME	0	0	0	0	0	0	0	0
XCHTIME	555	4	11	1565384	9076	4472	737	1551099
XCHTIME	0	0	0	0	0	0	0	0
XCHTIME	555	4	14	11095394	8610	4292	1064	11081428
XCHTIME	0	0	0	0	0	0	0	0
XCHTIME	555	4	13	18415694	8684	4339	936	18401735
XCHTIME	0	0	0	0	0	0	0	0
XCHTIME	555	1	0	17813000	8887	1149	0	17802964
XCHTIME	0	0	0	0	0	0	0	0
XCHTIME	555	4	6	761384	11325	4496	400	745163
LIFT	rocket50	555	450	3272	450
COUNTS	rocket50	555	3488	19983	19265
XCHTIME	0	0	0	0	0	0	0	0
XCHTIME	8508	1	0	3844829	2005349	649228	0	1190252
XCHTIME	0	0	0	0	0	0	0	0
XCHTIME	8508	1	0	4187074	1983914	657002	0	1546158
XCHTIME	0	0	0	0	0	0	0	0
XCHTIME	8508	1	0	4237777	1910135	661824	0	1665818
XCHTIME	0	0	0	0	0	0	0	0
XCHTIME	8508	1	0	13133816	2236488	797698	0	10099630
LADGATE	8508	10000	0.701	1
XCHTIME	0	0	0	0	0	0	0	0
XCHTIME	8508	5	26	145589147	1976794	3365872	11056	140235425
XCHTIME	0	0	0	0	0	0	0	0
XCHTIME	8508	1	0	6349094	1956399	682320	0	3710375
XCHTIME	0	0	0	0	0	0	0	0
XCHTIME	8508	1	0	7128477	1939903	659284	0	4529290
XCHTIME	0	0	0	0	0	0	0	0
XCHTIME	8508	2	3	12746309	1945143	1297487	1183	9502496
XCHTIME	0	0	0	0	0	0	0	0
XCHTIME	8508	1	0	12382818	1939331	648619	0	9794868
XCHTIME	0	0	0	0	0	0	0	0
XCHTIME	8508	2	3	12466135	1980600	1302136	1311	9182088
XCHTIME	0	0	0	0	0	0	0	0
XCHTIME	8508	1	0	12690931	1949002	631902	0	10110027
XCHTIME	0	0	0	0	0	0	0	0
XCHTIME	8508	1	0	12726031	1955055	655586	0	10115390
XCHTIME	0	0	0	0	0	0	0	0
XCHTIME	8508	1	0	10907707	1977026	647714	0	8282967
XCHTIME	0	0	0	0	0	0	0	0
XCHTIME	8508	2	3	11721167	1897567	1336020	1641	8485939
LIFT	rsyn0840m04m	8508	4368	17360	4368
COUNTS	rsyn0840m04m	8508	24272	229914	185785
XCHTIME	0	0	0	0	0	0	0	0
XCHTIME	11716	1	0	5726966	3407372	854251	0	1465343
XCHTIME	0	0	0	0	0	0	0	0
XCHTIME	11716	1	0	8189965	3368845	862199	0	3958921
XCHTIME	0	0	0	0	0	0	0	0
XCHTIME	11716	1	0	7088005	3346338	831014	0	2910653
XCHTIME	0	0	0	0	0	0	0	0
XCHTIME	11716	1	0	12955024	3311345	822346	0	8821333
LADGATE	11716	10000	0.615	0
XCHTIME	0	0	0	0	0	0	0	0
XCHTIME	11716	5	26	63943738	3409630	4402337	13145	56118626
XCHTIME	0	0	0	0	0	0	0	0
XCHTIME	11716	1	0	8707290	3438432	884929	0	4383929
XCHTIME	0	0	0	0	0	0	0	0
XCHTIME	11716	1	0	8212211	3387177	852921	0	3972113
XCHTIME	0	0	0	0	0	0	0	0
XCHTIME	11716	2	3	11779443	3321859	1744072	1690	6711822
XCHTIME	0	0	0	0	0	0	0	0
XCHTIME	11716	1	0	13094949	3332380	819815	0	8942754
XCHTIME	0	0	0	0	0	0	0	0
XCHTIME	11716	2	3	12013625	3363697	1734469	1742	6913717
XCHTIME	0	0	0	0	0	0	0	0
XCHTIME	11716	1	0	11594527	3320841	832959	0	7440727
XCHTIME	0	0	0	0	0	0	0	0
XCHTIME	11716	1	0	12407380	3364287	835184	0	8207909
XCHTIME	0	0	0	0	0	0	0	0
XCHTIME	11716	1	0	13350386	3388513	845300	0	9116573
XCHTIME	0	0	0	0	0	0	0	0
XCHTIME	11716	2	3	12013882	3338831	1715890	1872	6957289
LIFT	mpbp_21	11716	6945	28072	6945
COUNTS	mpbp_21	11716	37660	1691114	1456963
XCHTIME	0	0	0	0	0	0	0	0
XCHTIME	172	2	4	126332	6159	896	121	119156
XCHTIME	0	0	0	0	0	0	0	0
XCHTIME	172	2	6	1520292	2739	562	149	1516842
XCHTIME	0	0	0	0	0	0	0	0
XCHTIME	172	2	5	440291	3015	521	125	436630
XCHTIME	0	0	0	0	0	0	0	0
XCHTIME	172	4	18	2952135	2802	1113	392	2947828
LADGATE	172	10000	0.225	1
XCHTIME	0	0	0	0	0	0	0	0
XCHTIME	172	5	26	3729715	4110	1235	621	3723749
XCHTIME	0	0	0	0	0	0	0	0
XCHTIME	172	4	66	112095	2841	832	1384	107038
XCHTIME	0	0	0	0	0	0	0	0
XCHTIME	172	4	15	391375	2890	874	329	387282
XCHTIME	0	0	0	0	0	0	0	0
XCHTIME	172	4	10	192839	2674	790	230	189145
XCHTIME	0	0	0	0	0	0	0	0
XCHTIME	172	4	18	2896273	2813	952	408	2892100
XCHTIME	0	0	0	0	0	0	0	0
XCHTIME	172	4	11	113784	2891	732	233	109928
XCHTIME	0	0	0	0	0	0	0	0
XCHTIME	172	4	14	876680	4086	912	310	871372
XCHTIME	0	0	0	0	0	0	0	0
XCHTIME	172	4	13	1540750	2647	1016	287	1536800
XCHTIME	0	0	0	0	0	0	0	0
XCHTIME	172	4	16	11723516	2671	1500	403	11718942
XCHTIME	0	0	0	0	0	0	0	0
XCHTIME	172	4	6	76362	3869	837	124	71532
LIFT	orth_d4m6_pl	172	92	896	92
COUNTS	orth_d4m6_pl	172	1096	10938	10703
XCHTIME	0	0	0	0	0	0	0	0
XCHTIME	1681	2	4	2723405	43912	17083	423	2661987
XCHTIME	0	0	0	0	0	0	0	0
XCHTIME	1681	2	6	7638282	44891	27134	580	7565677
XCHTIME	0	0	0	0	0	0	0	0
XCHTIME	1681	2	5	5467221	48147	19727	491	5398856
XCHTIME	0	0	0	0	0	0	0	0
XCHTIME	1681	3	15	15073227	46487	44665	1665	14980410
LADGATE	1681	10000	0.539	1
XCHTIME	0	0	0	0	0	0	0	0
XCHTIME	1681	5	26	36244274	55306	90401	2408	36096159
XCHTIME	0	0	0	0	0	0	0	0
XCHTIME	1681	2	19	5196306	62679	31318	1247	5101062
XCHTIME	0	0	0	0	0	0	0	0
XCHTIME	1681	4	15	7215377	49530	38937	1377	7125533
XCHTIME	0	0	0	0	0	0	0	0
XCHTIME	1681	4	10	5380797	44365	32544	914	5302974
XCHTIME	0	0	0	0	0	0	0	0
XCHTIME	1681	3	15	15218756	43617	47417	1294	15126428
XCHTIME	0	0	0	0	0	0	0	0
XCHTIME	1681	4	11	3823492	52719	33143	996	3736634
XCHTIME	0	0	0	0	0	0	0	0
XCHTIME	1681	4	14	12018182	43395	39402	1222	11934163
XCHTIME	0	0	0	0	0	0	0	0
XCHTIME	1681	4	13	15024462	46128	47072	1180	14930082
XCHTIME	0	0	0	0	0	0	0	0
XCHTIME	1681	1	0	13480607	48695	7790	0	13424122
XCHTIME	0	0	0	0	0	0	0	0
XCHTIME	1681	4	6	2515204	76403	34580	496	2403725
LIFT	kall_circlespolygons_c1p5b	1681	1245	6560	1245
COUNTS	kall_circlespolygons_c1p5b	1681	7432	201759	193841
LIFT	acopf_case9241pegase_qcqp	313068	201757	1141270	201757
COUNTS	acopf_case9241pegase_qcqp	313068	1292408	34647355	33736789
XCHTIME	0	0	0	0	0	0	0	0
XCHTIME	33	2	4	61172	1186	203	119	59664
XCHTIME	0	0	0	0	0	0	0	0
XCHTIME	33	2	6	338029	854	139	171	336865
XCHTIME	0	0	0	0	0	0	0	0
XCHTIME	33	2	5	137329	950	140	158	136081
XCHTIME	0	0	0	0	0	0	0	0
XCHTIME	33	4	18	547469	823	261	495	545890
LADGATE	33	10000	0.171	1
XCHTIME	0	0	0	0	0	0	0	0
XCHTIME	33	5	26	988183	1094	336	693	986060
XCHTIME	0	0	0	0	0	0	0	0
XCHTIME	33	4	61	1385627	860	271	1800	1382696
XCHTIME	0	0	0	0	0	0	0	0
XCHTIME	33	4	15	130980	1020	280	375	129305
XCHTIME	0	0	0	0	0	0	0	0
XCHTIME	33	4	10	101950	964	241	253	100492
XCHTIME	0	0	0	0	0	0	0	0
XCHTIME	33	4	18	534082	859	257	476	532490
XCHTIME	0	0	0	0	0	0	0	0
XCHTIME	33	4	11	61637	933	226	285	60193
XCHTIME	0	0	0	0	0	0	0	0
XCHTIME	33	4	14	263996	820	253	343	262580
XCHTIME	0	0	0	0	0	0	0	0
XCHTIME	33	4	13	424097	1047	233	344	422473
XCHTIME	0	0	0	0	0	0	0	0
XCHTIME	33	4	16	2532802	896	280	480	2531146
XCHTIME	0	0	0	0	0	0	0	0
XCHTIME	33	4	6	38574	899	236	177	37262
LIFT	ex1223	33	18	54	18
COUNTS	ex1223	33	82	244	244
XCHTIME	0	0	0	0	0	0	0	0
XCHTIME	10	2	4	29005	405	112	176	28312
XCHTIME	0	0	0	0	0	0	0	0
XCHTIME	10	2	6	79912	538	74	250	79050
XCHTIME	0	0	0	0	0	0	0	0
XCHTIME	10	2	5	75103	505	68	185	74345
XCHTIME	0	0	0	0	0	0	0	0
XCHTIME	10	4	18	81164	416	120	601	80027
LADGATE	10	10000	0.120	1
XCHTIME	0	0	0	0	0	0	0	0
XCHTIME	10	4	10	49312	534	127	331	48320
XCHTIME	0	0	0	0	0	0	0	0
XCHTIME	10	4	29	79045	412	121	859	77653
XCHTIME	0	0	0	0	0	0	0	0
XCHTIME	10	4	15	52496	409	103	459	51525
XCHTIME	0	0	0	0	0	0	0	0
XCHTIME	10	4	10	44510	452	101	317	43640
XCHTIME	0	0	0	0	0	0	0	0
XCHTIME	10	4	18	85212	433	104	565	84110
XCHTIME	0	0	0	0	0	0	0	0
XCHTIME	10	4	11	25432	399	103	350	24580
XCHTIME	0	0	0	0	0	0	0	0
XCHTIME	10	4	14	96160	355	107	483	95215
XCHTIME	0	0	0	0	0	0	0	0
XCHTIME	10	4	13	115637	441	121	436	114639
XCHTIME	0	0	0	0	0	0	0	0
XCHTIME	10	4	16	112838	428	114	495	111801
XCHTIME	0	0	0	0	0	0	0	0
XCHTIME	10	4	6	16861	406	97	200	16158
COUNTS	ex6_1_4	10	48	197	153
XCHTIME	0	0	0	0	0	0	0	0
XCHTIME	403	2	4	224412	12477	1746	203	209986
XCHTIME	0	0	0	0	0	0	0	0
XCHTIME	403	2	6	1452846	5717	2068	320	1444741
XCHTIME	0	0	0	0	0	0	0	0
XCHTIME	403	2	5	494720	5937	1458	203	487122
XCHTIME	0	0	0	0	0	0	0	0
XCHTIME	403	4	18	2634786	5634	2937	663	2625552
LADGATE	403	10000	0.273	1
XCHTIME	0	0	0	0	0	0	0	0
XCHTIME	403	5	26	3312797	5882	3647	1085	3302183
XCHTIME	0	0	0	0	0	0	0	0
XCHTIME	403	4	66	1893580	5604	2895	1984	1883097
XCHTIME	0	0	0	0	0	0	0	0
XCHTIME	403	4	15	569688	5606	3228	598	560256
XCHTIME	0	0	0	0	0	0	0	0
XCHTIME	403	4	10	413170	5384	3202	382	404202
XCHTIME	0	0	0	0	0	0	0	0
XCHTIME	403	4	18	2637612	5504	2914	714	2628480
XCHTIME	0	0	0	0	0	0	0	0
XCHTIME	403	4	11	286913	5524	3015	484	277890
XCHTIME	0	0	0	0	0	0	0	0
XCHTIME	403	4	14	926616	5453	2989	573	917601
XCHTIME	0	0	0	0	0	0	0	0
XCHTIME	403	4	13	1443676	5645	2766	596	1434669
XCHTIME	0	0	0	0	0	0	0	0
XCHTIME	403	4	16	8103676	5547	5292	650	8092187
XCHTIME	0	0	0	0	0	0	0	0
XCHTIME	403	4	6	228663	6898	3104	272	218389
LIFT	powerflow0014r	403	234	1432	234
COUNTS	powerflow0014r	403	1630	10761	10361
XCHTIME	0	0	0	0	0	0	0	0
XCHTIME	2065	2	4	1595662	85769	23090	563	1486240
XCHTIME	0	0	0	0	0	0	0	0
XCHTIME	2065	1	0	7332017	85608	10490	0	7235919
XCHTIME	0	0	0	0	0	0	0	0
XCHTIME	2065	2	5	4434586	128749	36448	836	4268553
XCHTIME	0	0	0	0	0	0	0	0
XCHTIME	2065	2	5	14827077	93966	43776	762	14688573
LADGATE	2065	10000	0.256	1
XCHTIME	0	0	0	0	0	0	0	0
XCHTIME	2065	5	26	39961182	85899	131826	4140	39739317
XCHTIME	0	0	0	0	0	0	0	0
XCHTIME	2065	4	66	3820093	121499	77905	6321	3614368
XCHTIME	0	0	0	0	0	0	0	0
XCHTIME	2065	4	15	4265887	96241	48982	1842	4118822
XCHTIME	0	0	0	0	0	0	0	0
XCHTIME	2065	4	10	3172855	86877	43856	1012	3041110
XCHTIME	0	0	0	0	0	0	0	0
XCHTIME	2065	2	5	14760684	84711	44030	786	14631157
XCHTIME	0	0	0	0	0	0	0	0
XCHTIME	2065	4	11	2743385	110291	49524	1219	2582351
XCHTIME	0	0	0	0	0	0	0	0
XCHTIME	2065	4	14	9678414	92792	55865	1887	9527870
XCHTIME	0	0	0	0	0	0	0	0
XCHTIME	2065	4	13	13484224	87300	64115	1803	13331006
XCHTIME	0	0	0	0	0	0	0	0
XCHTIME	2065	1	0	15421908	86947	10621	0	15324340
XCHTIME	0	0	0	0	0	0	0	0
XCHTIME	2065	4	6	2527665	140570	57718	647	2328730
LIFT	knp5-43	2065	1119	29756	1119
COUNTS	knp5-43	2065	31132	3517788	3517788
XCHTIME	0	0	0	0	0	0	0	0
XCHTIME	21688	0	0	0	0	0	0	0
XCHTIME	0	0	0	0	0	0	0	0
XCHTIME	21688	0	0	32436654	32436654	0	0	0
XCHTIME	0	0	0	0	0	0	0	0
XCHTIME	21688	0	0	32051080	32051080	0	0	0
XCHTIME	0	0	0	0	0	0	0	0
XCHTIME	21688	1	0	39132321	32560626	2836619	0	3735076
LADGATE	21688	10000	0.738	0
XCHTIME	0	0	0	0	0	0	0	0
XCHTIME	21688	5	26	218553033	32743621	14278624	15933	171514855
LIFT	gabriel09	21688	11348	105698	11348
COUNTS	gabriel09	21688	89702	29373994	25565816
XCHTIME	0	0	0	0	0	0	0	0
XCHTIME	32	2	4	50820	803	166	124	49727
XCHTIME	0	0	0	0	0	0	0	0
XCHTIME	32	2	6	320712	786	133	167	319626
XCHTIME	0	0	0	0	0	0	0	0
XCHTIME	32	2	5	114833	891	126	138	113678
XCHTIME	0	0	0	0	0	0	0	0
XCHTIME	32	4	18	319729	2069	371	590	316699
LADGATE	32	10000	0.168	1
XCHTIME	0	0	0	0	0	0	0	0
XCHTIME	32	5	26	645471	1423	324	725	642999
XCHTIME	0	0	0	0	0	0	0	0
XCHTIME	32	4	60	628788	829	267	1717	625975
XCHTIME	0	0	0	0	0	0	0	0
XCHTIME	32	4	15	153900	1045	264	339	152252
XCHTIME	0	0	0	0	0	0	0	0
XCHTIME	32	4	10	86135	894	240	243	84758
XCHTIME	0	0	0	0	0	0	0	0
XCHTIME	32	4	18	301487	746	225	447	300069
XCHTIME	0	0	0	0	0	0	0	0
XCHTIME	32	4	11	51862	729	241	245	50647
XCHTIME	0	0	0	0	0	0	0	0
XCHTIME	32	4	14	237614	706	245	327	236336
XCHTIME	0	0	0	0	0	0	0	0
XCHTIME	32	4	13	276263	735	222	348	274958
XCHTIME	0	0	0	0	0	0	0	0
XCHTIME	32	4	16	1473053	810	237	509	1471497
XCHTIME	0	0	0	0	0	0	0	0
XCHTIME	32	4	6	41572	914	315	175	40168
LIFT	tln2	32	18	60	18
COUNTS	tln2	32	88	233	233
XCHTIME	0	0	0	0	0	0	0	0
XCHTIME	22	2	4	32800	777	179	117	31727
XCHTIME	0	0	0	0	0	0	0	0
XCHTIME	22	2	6	356203	882	142	172	355007
XCHTIME	0	0	0	0	0	0	0	0
XCHTIME	22	2	5	87399	848	113	131	86307
XCHTIME	0	0	0	0	0	0	0	0
XCHTIME	22	4	18	422525	709	200	513	421103
LADGATE	22	10000	0.146	1
XCHTIME	0	0	0	0	0	0	0	0
XCHTIME	22	5	26	746710	1249	265	781	744415
XCHTIME	0	0	0	0	0	0	0	0
XCHTIME	22	4	50	702913	855	175	1554	700329
XCHTIME	0	0	0	0	0	0	0	0
XCHTIME	22	4	15	129816	1101	235	456	128024
XCHTIME	0	0	0	0	0	0	0	0
XCHTIME	22	4	10	56691	842	189	249	55411
XCHTIME	0	0	0	0	0	0	0	0
XCHTIME	22	4	18	422980	792	200	548	421440
XCHTIME	0	0	0	0	0	0	0	0
XCHTIME	22	4	11	34548	708	197	280	33363
XCHTIME	0	0	0	0	0	0	0	0
XCHTIME	22	4	14	242730	660	193	396	241481
XCHTIME	0	0	0	0	0	0	0	0
XCHTIME	22	4	13	414435	748	230	380	413077
XCHTIME	0	0	0	0	0	0	0	0
XCHTIME	22	4	16	1659654	792	309	497	1658056
XCHTIME	0	0	0	0	0	0	0	0
XCHTIME	22	4	6	23493	875	222	123	22273
COUNTS	prob02	22	76	267	232
XCHTIME	0	0	0	0	0	0	0	0
XCHTIME	1422	2	4	1459225	31390	10572	240	1417023
XCHTIME	0	0	0	0	0	0	0	0
XCHTIME	1422	2	6	7382141	31805	15859	387	7334090
XCHTIME	0	0	0	0	0	0	0	0
XCHTIME	1422	2	5	3957211	36620	11319	247	3909025
XCHTIME	0	0	0	0	0	0	0	0
XCHTIME	1422	3	15	14811172	31104	24567	932	14754569
LADGATE	1422	10000	0.347	1
XCHTIME	0	0	0	0	0	0	0	0
XCHTIME	1422	5	26	30307475	33226	50014	1734	30222501
XCHTIME	0	0	0	0	0	0	0	0
XCHTIME	1422	1	0	5246662	40619	5233	0	5200810
XCHTIME	0	0	0	0	0	0	0	0
XCHTIME	1422	4	15	4684293	51906	25317	813	4606257
XCHTIME	0	0	0	0	0	0	0	0
XCHTIME	1422	4	10	2583231	33548	21190	490	2528003
XCHTIME	0	0	0	0	0	0	0	0
XCHTIME	1422	3	15	14976767	31384	28380	812	14916191
XCHTIME	0	0	0	0	0	0	0	0
XCHTIME	1422	4	11	1883075	39098	21349	567	1822061
XCHTIME	0	0	0	0	0	0	0	0
XCHTIME	1422	4	14	8016190	31097	24211	834	7960048
XCHTIME	0	0	0	0	0	0	0	0
XCHTIME	1422	4	13	13333456	33415	31083	749	13268209
XCHTIME	0	0	0	0	0	0	0	0
XCHTIME	1422	1	0	14829991	33457	5163	0	14791371
XCHTIME	0	0	0	0	0	0	0	0
XCHTIME	1422	4	6	1389314	50091	21411	265	1317547
LIFT	blend146	1422	826	3252	826
COUNTS	blend146	1422	4460	78102	64296
XCHTIME	0	0	0	0	0	0	0	0
XCHTIME	4518	1	0	2199336	456982	135370	0	1606984
XCHTIME	0	0	0	0	0	0	0	0
XCHTIME	4518	1	0	3620696	449190	135126	0	3036380
XCHTIME	0	0	0	0	0	0	0	0
XCHTIME	4518	1	0	2583023	464621	149391	0	1969011
XCHTIME	0	0	0	0	0	0	0	0
XCHTIME	4518	1	0	11274070	440013	132243	0	10701814
LADGATE	4518	10000	0.455	1
XCHTIME	0	0	0	0	0	0	0	0
XCHTIME	4518	5	26	49013274	460607	731405	6210	47815052
XCHTIME	0	0	0	0	0	0	0	0
XCHTIME	4518	4	66	4637176	483126	506360	8014	3639676
XCHTIME	0	0	0	0	0	0	0	0
XCHTIME	4518	4	15	5285570	430537	518458	2617	4333958
XCHTIME	0	0	0	0	0	0	0	0
XCHTIME	4518	4	10	5019083	418840	503820	1850	4094573
XCHTIME	0	0	0	0	0	0	0	0
XCHTIME	4518	3	15	11729304	443388	459021	2627	10824268
XCHTIME	0	0	0	0	0	0	0	0
XCHTIME	4518	4	11	4685090	444413	532513	2312	3705852
XCHTIME	0	0	0	0	0	0	0	0
XCHTIME	4518	4	14	8428909	423315	517675	2652	7485267
XCHTIME	0	0	0	0	0	0	0	0
XCHTIME	4518	4	13	11363460	441664	535141	2268	10384387
XCHTIME	0	0	0	0	0	0	0	0
XCHTIME	4518	1	0	10667728	445859	133935	0	10087934
XCHTIME	0	0	0	0	0	0	0	0
XCHTIME	4518	4	6	4370854	491414	527380	1112	3350948
LIFT	mpbp_46	4518	2728	10872	2728
COUNTS	mpbp_46	4518	14492	499547	447603
XCHTIME	0	0	0	0	0	0	0	0
XCHTIME	413	2	4	655063	13253	1897	170	639743
XCHTIME	0	0	0	0	0	0	0	0
XCHTIME	413	2	6	4032331	7410	1965	188	4022768
XCHTIME	0	0	0	0	0	0	0	0
XCHTIME	413	2	5	1485071	7430	1645	154	1475842
XCHTIME	0	0	0	0	0	0	0	0
XCHTIME	413	4	18	8587029	7312	3400	583	8575734
LADGATE	413	10000	0.338	1
XCHTIME	0	0	0	0	0	0	0	0
XCHTIME	413	5	26	9771656	7783	4472	808	9758593
XCHTIME	0	0	0	0	0	0	0	0
XCHTIME	413	4	66	2744248	7436	3470	3233	2730109
XCHTIME	0	0	0	0	0	0	0	0
XCHTIME	413	4	15	1913897	8383	3624	454	1901436
XCHTIME	0	0	0	0	0	0	0	0
XCHTIME	413	4	10	1221260	7639	3545	316	1209760
XCHTIME	0	0	0	0	0	0	0	0
XCHTIME	413	4	18	8829144	7457	3531	657	8817499
XCHTIME	0	0	0	0	0	0	0	0
XCHTIME	413	4	11	723332	7384	3231	366	712351
XCHTIME	0	0	0	0	0	0	0	0
XCHTIME	413	4	14	2816460	7269	3216	459	2805516
XCHTIME	0	0	0	0	0	0	0	0
XCHTIME	413	4	13	4391678	7408	3349	411	4380510
XCHTIME	0	0	0	0	0	0	0	0
XCHTIME	413	4	16	18663681	7396	8086	765	18647434
XCHTIME	0	0	0	0	0	0	0	0
XCHTIME	413	4	6	477638	8359	3033	149	466097
LIFT	tls6	413	291	2630	291
COUNTS	tls6	413	2860	18483	17511
XCHTIME	0	0	0	0	0	0	0	0
XCHTIME	21925	0	0	0	0	0	0	0
XCHTIME	0	0	0	0	0	0	0	0
XCHTIME	21925	0	0	35654760	35654760	0	0	0
XCHTIME	0	0	0	0	0	0	0	0
XCHTIME	21925	0	0	35100208	35100208	0	0	0
XCHTIME	0	0	0	0	0	0	0	0
XCHTIME	21925	1	0	41324112	35224537	2966272	0	3133303
LADGATE	21925	10000	0.496	0
XCHTIME	0	0	0	0	0	0	0	0
XCHTIME	21925	5	26	132972994	34953150	14813167	31580	83175097
XCHTIME	0	0	0	0	0	0	0	0
XCHTIME	21925	0	0	35417696	35417696	0	0	0
XCHTIME	0	0	0	0	0	0	0	0
XCHTIME	21925	0	0	35563217	35563217	0	0	0
XCHTIME	0	0	0	0	0	0	0	0
XCHTIME	21925	1	0	42226585	36020208	2992407	0	3213970
XCHTIME	0	0	0	0	0	0	0	0
XCHTIME	21925	1	0	41874214	35792325	2986265	0	3095624
XCHTIME	0	0	0	0	0	0	0	0
XCHTIME	21925	1	0	41405771	35257090	2918626	0	3230055
XCHTIME	0	0	0	0	0	0	0	0
XCHTIME	21925	1	0	41272090	35182057	2892113	0	3197920
XCHTIME	0	0	0	0	0	0	0	0
XCHTIME	21925	1	0	41306491	35150185	2898982	0	3257324
XCHTIME	0	0	0	0	0	0	0	0
XCHTIME	21925	1	0	41356881	35236206	2889771	0	3230904
XCHTIME	0	0	0	0	0	0	0	0
XCHTIME	21925	1	0	41218719	35252954	2886521	0	3079244
LIFT	emfl100_5_5	21925	9425	27300	9425
COUNTS	emfl100_5_5	21925	52300	221650	221650
XCHTIME	0	0	0	0	0	0	0	0
XCHTIME	341	2	4	605512	57816	1380	315	546001
XCHTIME	0	0	0	0	0	0	0	0
XCHTIME	341	2	6	11090796	57101	1290	618	11031787
XCHTIME	0	0	0	0	0	0	0	0
XCHTIME	341	2	5	3599459	56988	1067	328	3541076
XCHTIME	0	0	0	0	0	0	0	0
XCHTIME	341	4	18	22302666	56386	2369	1264	22242647
LADGATE	341	10000	0.167	1
XCHTIME	0	0	0	0	0	0	0	0
XCHTIME	341	4	10	1151381	57009	2415	658	1091299
XCHTIME	0	0	0	0	0	0	0	0
XCHTIME	341	4	66	366093	57488	1761	3379	303465
XCHTIME	0	0	0	0	0	0	0	0
XCHTIME	341	4	15	2601663	56668	2517	1011	2541467
XCHTIME	0	0	0	0	0	0	0	0
XCHTIME	341	4	10	1135842	56266	2328	635	1076613
XCHTIME	0	0	0	0	0	0	0	0
XCHTIME	341	4	18	22122343	55901	2262	1377	22062803
XCHTIME	0	0	0	0	0	0	0	0
XCHTIME	341	4	11	783952	56660	2099	711	724482
XCHTIME	0	0	0	0	0	0	0	0
XCHTIME	341	4	14	6678043	57083	2484	984	6617492
XCHTIME	0	0	0	0	0	0	0	0
XCHTIME	341	4	13	13646521	56211	2117	979	13587214
XCHTIME	0	0	0	0	0	0	0	0
XCHTIME	341	1	0	21133247	58112	532	0	21074603
XCHTIME	0	0	0	0	0	0	0	0
XCHTIME	341	4	6	594242	59213	2258	373	532398
LIFT	qspp_0_11_0_1_10_1	341	220	43506	220
COUNTS	qspp_0_11_0_1_10_1	341	44264	3563707	3531915
XCHTIME	0	0	0	0	0	0	0	0
XCHTIME	403	2	4	199665	10748	1864	174	186879
XCHTIME	0	0	0	0	0	0	0	0
XCHTIME	403	2	6	1618666	5341	1801	321	1611203
XCHTIME	0	0	0	0	0	0	0	0
XCHTIME	403	2	5	475678	5193	1510	171	468804
XCHTIME	0	0	0	0	0	0	0	0
XCHTIME	403	4	18	3201263	4957	3434	537	3192335
LADGATE	403	10000	0.252	1
XCHTIME	0	0	0	0	0	0	0	0
XCHTIME	403	5	26	3838385	5900	3480	731	3828274
XCHTIME	0	0	0	0	0	0	0	0
XCHTIME	403	4	66	539559	5174	2652	1483	530250
XCHTIME	0	0	0	0	0	0	0	0
XCHTIME	403	4	15	523227	4973	3229	337	514688
XCHTIME	0	0	0	0	0	0	0	0
XCHTIME	403	4	10	303491	4933	3301	237	295020
XCHTIME	0	0	0	0	0	0	0	0
XCHTIME	403	4	18	3167463	4984	2975	548	3158956
XCHTIME	0	0	0	0	0	0	0	0
XCHTIME	403	4	11	209304	5139	3094	335	200736
XCHTIME	0	0	0	0	0	0	0	0
XCHTIME	403	4	14	949605	5031	2959	375	941240
XCHTIME	0	0	0	0	0	0	0	0
XCHTIME	403	4	13	1672996	4968	2743	382	1664903
XCHTIME	0	0	0	0	0	0	0	0
XCHTIME	403	4	16	10269860	4977	6256	523	10258104
XCHTIME	0	0	0	0	0	0	0	0
XCHTIME	403	4	6	167795	6783	3013	195	157804
LIFT	p_ball_10b_5p_4d_m	403	169	1116	169
COUNTS	p_ball_10b_5p_4d_m	403	1484	13581	13288
XCHTIME	0	0	0	0	0	0	0	0
XCHTIME	90	2	4	108725	3178	283	257	105007
XCHTIME	0	0	0	0	0	0	0	0
XCHTIME	90	2	6	1395407	1857	250	276	1393024
XCHTIME	0	0	0	0	0	0	0	0
XCHTIME	90	2	5	358926	2021	266	270	356369
XCHTIME	0	0	0	0	0	0	0	0
XCHTIME	90	4	18	2500184	1973	535	802	2496874
LADGATE	90	10000	0.231	1
XCHTIME	0	0	0	0	0	0	0	0
XCHTIME	90	4	10	204918	2846	466	457	201149
XCHTIME	0	0	0	0	0	0	0	0
XCHTIME	90	4	66	27728	1992	436	2292	23008
XCHTIME	0	0	0	0	0	0	0	0
XCHTIME	90	4	15	396700	1825	465	563	393847
XCHTIME	0	0	0	0	0	0	0	0
XCHTIME	90	4	10	181617	1845	440	363	178969
XCHTIME	0	0	0	0	0	0	0	0
XCHTIME	90	4	18	2510762	1821	518	809	2507614
XCHTIME	0	0	0	0	0	0	0	0
XCHTIME	90	4	11	102387	2006	510	506	99365
XCHTIME	0	0	0	0	0	0	0	0
XCHTIME	90	4	14	696118	1888	490	608	693132
XCHTIME	0	0	0	0	0	0	0	0
XCHTIME	90	4	13	1256628	1880	471	536	1253741
XCHTIME	0	0	0	0	0	0	0	0
XCHTIME	90	4	16	8374924	2090	640	642	8371552
XCHTIME	0	0	0	0	0	0	0	0
XCHTIME	90	4	6	66708	2167	524	357	63660
LIFT	st_rv9	90	70	800	70
COUNTS	st_rv9	90	840	6691	6321
XCHTIME	0	0	0	0	0	0	0	0
XCHTIME	3486	1	0	2293528	213372	61205	0	2018951
XCHTIME	0	0	0	0	0	0	0	0
XCHTIME	3486	1	0	4352540	211194	68074	0	4073272
XCHTIME	0	0	0	0	0	0	0	0
XCHTIME	3486	1	0	3133270	210666	64773	0	2857831
XCHTIME	0	0	0	0	0	0	0	0
XCHTIME	3486	1	0	10868989	203426	60256	0	10605307
LADGATE	3486	10000	0.513	1
XCHTIME	0	0	0	0	0	0	0	0
XCHTIME	3486	5	26	58775129	243079	381588	4239	58146223
XCHTIME	0	0	0	0	0	0	0	0
XCHTIME	3486	2	19	5326399	260374	131078	2414	4932533
XCHTIME	0	0	0	0	0	0	0	0
XCHTIME	3486	2	4	6377372	226828	123104	568	6026872
XCHTIME	0	0	0	0	0	0	0	0
XCHTIME	3486	4	10	7793129	212952	233805	1877	7344495
XCHTIME	0	0	0	0	0	0	0	0
XCHTIME	3486	1	0	10857347	200821	60571	0	10595955
XCHTIME	0	0	0	0	0	0	0	0
XCHTIME	3486	4	11	6026510	251468	236160	1862	5537020
XCHTIME	0	0	0	0	0	0	0	0
XCHTIME	3486	3	12	12177301	204045	195539	2313	11775404
XCHTIME	0	0	0	0	0	0	0	0
XCHTIME	3486	2	4	11657569	221165	138229	718	11297457
XCHTIME	0	0	0	0	0	0	0	0
XCHTIME	3486	1	0	9581941	240119	61837	0	9279985
XCHTIME	0	0	0	0	0	0	0	0
XCHTIME	3486	4	6	4716253	239091	234962	1355	4240845
LIFT	rsyn0840m02m	3486	1876	6568	1876
COUNTS	rsyn0840m02m	3486	9576	47529	44981
XCHTIME	0	0	0	0	0	0	0	0
XCHTIME	22	2	4	49384	721	155	163	48345
XCHTIME	0	0	0	0	0	0	0	0
XCHTIME	22	2	6	375626	647	140	197	374642
XCHTIME	0	0	0	0	0	0	0	0
XCHTIME	22	2	5	126068	675	136	187	125070
XCHTIME	0	0	0	0	0	0	0	0
XCHTIME	22	4	18	722502	641	197	618	721046
LADGATE	22	10000	0.152	1
XCHTIME	0	0	0	0	0	0	0	0
XCHTIME	22	5	26	1073037	796	468	892	1070881
XCHTIME	0	0	0	0	0	0	0	0
XCHTIME	22	4	50	697569	774	203	1689	694903
XCHTIME	0	0	0	0	0	0	0	0
XCHTIME	22	4	15	166075	720	187	462	164706
XCHTIME	0	0	0	0	0	0	0	0
XCHTIME	22	4	10	107302	650	244	309	106099
XCHTIME	0	0	0	0	0	0	0	0
XCHTIME	22	4	18	738224	686	227	623	736688
XCHTIME	0	0	0	0	0	0	0	0
XCHTIME	22	4	11	61149	731	213	375	59830
XCHTIME	0	0	0	0	0	0	0	0
XCHTIME	22	4	14	291767	703	199	447	290418
XCHTIME	0	0	0	0	0	0	0	0
XCHTIME	22	4	13	433797	737	213	433	432414
XCHTIME	0	0	0	0	0	0	0	0
XCHTIME	22	4	16	1669177	665	242	560	1667710
XCHTIME	0	0	0	0	0	0	0	0
XCHTIME	22	4	6	30634	733	190	190	29521
COUNTS	nvs05	22	84	277	266
COUNTS	autocorr_bern25-19	28	612	5278	5278
XCHTIME	0	0	0	0	0	0	0	0
XCHTIME	356	2	4	325397	10171	1425	202	313599
XCHTIME	0	0	0	0	0	0	0	0
XCHTIME	356	2	6	1964203	4478	1213	230	1958282
XCHTIME	0	0	0	0	0	0	0	0
XCHTIME	356	2	5	779432	4849	1145	223	773215
XCHTIME	0	0	0	0	0	0	0	0
XCHTIME	356	4	18	4563305	4369	2610	700	4555626
LADGATE	356	10000	0.244	1
XCHTIME	0	0	0	0	0	0	0	0
XCHTIME	356	5	26	5937355	4729	2838	1045	5928743
XCHTIME	0	0	0	0	0	0	0	0
XCHTIME	356	4	66	5691161	4287	2985	2094	5681795
XCHTIME	0	0	0	0	0	0	0	0
XCHTIME	356	4	15	858035	4855	2654	597	849929
XCHTIME	0	0	0	0	0	0	0	0
XCHTIME	356	4	10	518342	4368	2537	435	511002
XCHTIME	0	0	0	0	0	0	0	0
XCHTIME	356	4	18	4534460	4268	2326	717	4527149
XCHTIME	0	0	0	0	0	0	0	0
XCHTIME	356	4	11	271459	4306	2284	433	264436
XCHTIME	0	0	0	0	0	0	0	0
XCHTIME	356	4	14	1393225	4079	2326	528	1386292
XCHTIME	0	0	0	0	0	0	0	0
XCHTIME	356	4	13	2534593	4244	2172	532	2527645
XCHTIME	0	0	0	0	0	0	0	0
XCHTIME	356	4	16	14318377	4261	3379	613	14310124
XCHTIME	0	0	0	0	0	0	0	0
XCHTIME	356	4	6	188797	6129	2250	232	180186
LIFT	sssd20-08persp	356	140	800	140
COUNTS	sssd20-08persp	356	1232	4960	4960
XCHTIME	0	0	0	0	0	0	0	0
XCHTIME	827	2	4	510108	13362	4243	146	492357
XCHTIME	0	0	0	0	0	0	0	0
XCHTIME	827	2	6	5808749	13790	5916	311	5788732
XCHTIME	0	0	0	0	0	0	0	0
XCHTIME	827	2	5	1733894	15099	4244	175	1714376
XCHTIME	0	0	0	0	0	0	0	0
XCHTIME	827	4	18	11736202	13687	8919	811	11712785
LADGATE	827	10000	0.647	1
XCHTIME	0	0	0	0	0	0	0	0
XCHTIME	827	5	26	10887419	14325	10626	1198	10861270
XCHTIME	0	0	0	0	0	0	0	0
XCHTIME	827	4	66	1155032	13839	7845	2173	1131175
XCHTIME	0	0	0	0	0	0	0	0
XCHTIME	827	4	15	1483551	13884	20911	543	1448213
XCHTIME	0	0	0	0	0	0	0	0
XCHTIME	827	4	10	846019	13664	8285	371	823699
XCHTIME	0	0	0	0	0	0	0	0
XCHTIME	827	4	18	8738549	13756	8424	835	8715534
XCHTIME	0	0	0	0	0	0	0	0
XCHTIME	827	4	11	604315	14394	8218	417	581286
XCHTIME	0	0	0	0	0	0	0	0
XCHTIME	827	4	14	2728071	13813	8075	608	2705575
XCHTIME	0	0	0	0	0	0	0	0
XCHTIME	827	4	13	4859074	13786	7936	565	4836787
XCHTIME	0	0	0	0	0	0	0	0
XCHTIME	827	3	15	18791289	13953	15545	644	18761147
XCHTIME	0	0	0	0	0	0	0	0
XCHTIME	827	4	6	503890	20355	8436	223	474876
LIFT	multiplants_stg5	827	310	3480	310
COUNTS	multiplants_stg5	827	3804	377794	155722
XCHTIME	0	0	0	0	0	0	0	0
XCHTIME	2032	1	0	3048693	69121	9862	0	2969710
XCHTIME	0	0	0	0	0	0	0	0
XCHTIME	2032	1	0	7468560	80032	10378	0	7378150
XCHTIME	0	0	0	0	0	0	0	0
XCHTIME	2032	1	0	5626350	100462	11721	0	5514167
XCHTIME	0	0	0	0	0	0	0	0
XCHTIME	2032	1	0	15417387	81551	11148	0	15324688
LADGATE	2032	10000	0.684	1
XCHTIME	0	0	0	0	0	0	0	0
XCHTIME	2032	4	10	11985172	77068	46451	1895	11859758
XCHTIME	0	0	0	0	0	0	0	0
XCHTIME	2032	1	0	6702271	87503	10723	0	6604045
XCHTIME	0	0	0	0	0	0	0	0
XCHTIME	2032	2	4	6833847	114667	30884	707	6687589
XCHTIME	0	0	0	0	0	0	0	0
XCHTIME	2032	4	10	11939047	71738	55079	1934	11810296
XCHTIME	0	0	0	0	0	0	0	0
XCHTIME	2032	1	0	15242005	71651	10349	0	15160005
XCHTIME	0	0	0	0	0	0	0	0
XCHTIME	2032	4	11	7987683	100151	51886	2086	7833560
XCHTIME	0	0	0	0	0	0	0	0
XCHTIME	2032	2	4	14752331	75258	28193	662	14648218
XCHTIME	0	0	0	0	0	0	0	0
XCHTIME	2032	1	0	15090452	75537	10309	0	15004606
XCHTIME	0	0	0	0	0	0	0	0
XCHTIME	2032	1	0	13677922	89932	11640	0	13576350
XCHTIME	0	0	0	0	0	0	0	0
XCHTIME	2032	4	6	5570537	112622	52763	1014	5404138
LIFT	chimera_rfr-02	2032	2012	15234	2012
COUNTS	chimera_rfr-02	2032	15140	3860441	2486435
XCHTIME	0	0	0	0	0	0	0	0
XCHTIME	726	2	4	1043809	19677	3935	267	1019930
XCHTIME	0	0	0	0	0	0	0	0
XCHTIME	726	2	6	8573498	12285	4358	407	8556448
XCHTIME	0	0	0	0	0	0	0	0
XCHTIME	726	2	5	3029771	12729	3487	365	3013190
XCHTIME	0	0	0	0	0	0	0	0
XCHTIME	726	4	18	17341340	11937	7332	1119	17320952
LADGATE	726	10000	0.591	1
XCHTIME	0	0	0	0	0	0	0	0
XCHTIME	726	5	26	26505036	12339	8968	1648	26482081
XCHTIME	0	0	0	0	0	0	0	0
XCHTIME	726	2	19	6730210	12548	4286	870	6712506
XCHTIME	0	0	0	0	0	0	0	0
XCHTIME	726	4	15	3552362	14036	7195	1007	3530124
XCHTIME	0	0	0	0	0	0	0	0
XCHTIME	726	4	10	1947740	12263	9231	608	1925638
XCHTIME	0	0	0	0	0	0	0	0
XCHTIME	726	4	18	17272828	11972	7350	1238	17252268
XCHTIME	0	0	0	0	0	0	0	0
XCHTIME	726	4	11	1214787	12557	7046	668	1194516
XCHTIME	0	0	0	0	0	0	0	0
XCHTIME	726	4	14	6058585	12128	6991	888	6038578
XCHTIME	0	0	0	0	0	0	0	0
XCHTIME	726	4	13	11220770	12143	7036	938	11200653
XCHTIME	0	0	0	0	0	0	0	0
XCHTIME	726	2	5	16057234	12196	6865	411	16037762
XCHTIME	0	0	0	0	0	0	0	0
XCHTIME	726	4	6	799362	13279	6966	300	778817
LIFT	multiplants_stg1a	726	304	2994	304
COUNTS	multiplants_stg1a	726	3510	142058	121443
XCHTIME	0	0	0	0	0	0	0	0
XCHTIME	170	2	4	232453	5612	625	115	226101
XCHTIME	0	0	0	0	0	0	0	0
XCHTIME	170	2	6	2250859	2887	636	219	2247117
XCHTIME	0	0	0	0	0	0	0	0
XCHTIME	170	2	5	670105	3312	431	144	666218
XCHTIME	0	0	0	0	0	0	0	0
XCHTIME	170	4	18	4310990	2776	998	609	4306607
LADGATE	170	10000	0.219	1
XCHTIME	0	0	0	0	0	0	0	0
XCHTIME	170	5	26	4583459	3636	1234	851	4577738
XCHTIME	0	0	0	0	0	0	0	0
XCHTIME	170	4	66	3226022	3914	1180	3063	3217865
XCHTIME	0	0	0	0	0	0	0	0
XCHTIME	170	4	15	557667	3182	916	363	553206
XCHTIME	0	0	0	0	0	0	0	0
XCHTIME	170	4	10	337757	2789	804	273	333891
XCHTIME	0	0	0	0	0	0	0	0
XCHTIME	170	4	18	3614520	2903	941	584	3610092
XCHTIME	0	0	0	0	0	0	0	0
XCHTIME	170	4	11	198507	2826	923	317	194441
XCHTIME	0	0	0	0	0	0	0	0
XCHTIME	170	4	14	1085137	2779	844	357	1081157
XCHTIME	0	0	0	0	0	0	0	0
XCHTIME	170	4	13	1972565	2848	866	336	1968515
XCHTIME	0	0	0	0	0	0	0	0
XCHTIME	170	4	16	13630017	2821	1605	618	13624973
XCHTIME	0	0	0	0	0	0	0	0
XCHTIME	170	4	6	141867	3778	941	152	136996
LIFT	pooling_adhya4pq	170	93	790	93
COUNTS	pooling_adhya4pq	170	932	24314	16556
XCHTIME	0	0	0	0	0	0	0	0
XCHTIME	17493	0	0	17698616	17698616	0	0	0
XCHTIME	0	0	0	0	0	0	0	0
XCHTIME	17493	1	0	19041293	16928167	2013558	0	99568
XCHTIME	0	0	0	0	0	0	0	0
XCHTIME	17493	0	0	17036911	17036911	0	0	0
XCHTIME	0	0	0	0	0	0	0	0
XCHTIME	17493	1	0	23738923	16896348	1971771	0	4870804
LADGATE	17493	10000	0.801	0
XCHTIME	0	0	0	0	0	0	0	0
XCHTIME	17493	5	26	231566807	16921923	10073002	22155	204549727
LIFT	nuclear10a	17493	15309	159656	15309
COUNTS	nuclear10a	17493	163816	82406325	55261166
XCHTIME	0	0	0	0	0	0	0	0
XCHTIME	874	2	4	1240087	24423	4802	259	1210603
XCHTIME	0	0	0	0	0	0	0	0
XCHTIME	874	2	6	9159356	20396	5748	434	9132778
XCHTIME	0	0	0	0	0	0	0	0
XCHTIME	874	2	5	4306808	19726	5391	339	4281352
XCHTIME	0	0	0	0	0	0	0	0
XCHTIME	874	3	15	18513417	18990	9918	1213	18483296
LADGATE	874	10000	0.481	1
XCHTIME	0	0	0	0	0	0	0	0
XCHTIME	874	5	26	33806514	19238	14852	1834	33770590
XCHTIME	0	0	0	0	0	0	0	0
XCHTIME	874	3	57	7672675	20391	11802	5775	7634707
XCHTIME	0	0	0	0	0	0	0	0
XCHTIME	874	4	15	4540683	21073	9645	948	4509017
XCHTIME	0	0	0	0	0	0	0	0
XCHTIME	874	4	10	2426112	19097	10718	609	2395688
XCHTIME	0	0	0	0	0	0	0	0
XCHTIME	874	3	15	18472402	19115	10049	1181	18442057
XCHTIME	0	0	0	0	0	0	0	0
XCHTIME	874	4	11	1361956	20450	9387	583	1331536
XCHTIME	0	0	0	0	0	0	0	0
XCHTIME	874	4	14	8587324	18892	10442	879	8557111
XCHTIME	0	0	0	0	0	0	0	0
XCHTIME	874	4	13	14895790	18841	9291	741	14866917
XCHTIME	0	0	0	0	0	0	0	0
XCHTIME	874	2	5	18491069	18867	9890	394	18461918
XCHTIME	0	0	0	0	0	0	0	0
XCHTIME	874	4	6	896440	21056	9366	357	865661
LIFT	sonet24v5	874	595	6704	595
COUNTS	sonet24v5	874	7260	185654	110276
LIFT	transswitch2736spr	69651	44696	297260	44696
COUNTS	transswitch2736spr	69651	331010	7933133	7281507
XCHTIME	0	0	0	0	0	0	0	0
XCHTIME	8992	1	0	3952381	2197567	730300	0	1024514
XCHTIME	0	0	0	0	0	0	0	0
XCHTIME	8992	1	0	4639053	2130511	721207	0	1787335
XCHTIME	0	0	0	0	0	0	0	0
XCHTIME	8992	1	0	4287476	2111927	724498	0	1451051
XCHTIME	0	0	0	0	0	0	0	0
XCHTIME	8992	1	0	12214347	2128217	702363	0	9383767
LADGATE	8992	10000	0.506	1
XCHTIME	0	0	0	0	0	0	0	0
XCHTIME	8992	5	26	82922558	2245802	3733077	13472	76930207
XCHTIME	0	0	0	0	0	0	0	0
XCHTIME	8992	1	0	6492166	2228984	731428	0	3531754
XCHTIME	0	0	0	0	0	0	0	0
XCHTIME	8992	1	0	6890215	2161645	704948	0	4023622
XCHTIME	0	0	0	0	0	0	0	0
XCHTIME	8992	3	9	12763889	2189925	2206184	3237	8364543
XCHTIME	0	0	0	0	0	0	0	0
XCHTIME	8992	1	0	13093654	2176128	723219	0	10194307
XCHTIME	0	0	0	0	0	0	0	0
XCHTIME	8992	3	9	13018938	2259007	2154694	2928	8602309
XCHTIME	0	0	0	0	0	0	0	0
XCHTIME	8992	2	4	13017495	2250641	1477381	1325	9288148
XCHTIME	0	0	0	0	0	0	0	0
XCHTIME	8992	2	4	13567648	2213880	1459814	1438	9892516
XCHTIME	0	0	0	0	0	0	0	0
XCHTIME	8992	1	0	12661232	2199200	736631	0	9725401
XCHTIME	0	0	0	0	0	0	0	0
XCHTIME	8992	3	3	12973966	2224866	2185265	1160	8562675
LIFT	chp_shorttermplan2a	8992	4760	18484	4760
COUNTS	chp_shorttermplan2a	8992	26288	821014	575280
XCHTIME	0	0	0	0	0	0	0	0
XCHTIME	1001	2	4	2947336	19809	5897	332	2921298
XCHTIME	0	0	0	0	0	0	0	0
XCHTIME	1001	1	0	8268500	19231	2923	0	8246346
XCHTIME	0	0	0	0	0	0	0	0
XCHTIME	1001	1	0	5273785	22396	2960	0	5248429
XCHTIME	0	0	0	0	0	0	0	0
XCHTIME	1001	1	0	16574620	20208	2902	0	16551510
LADGATE	1001	10000	0.219	1
XCHTIME	0	0	0	0	0	0	0	0
XCHTIME	1001	5	26	137941849	19679	18174	2215	137901781
XCHTIME	0	0	0	0	0	0	0	0
XCHTIME	1001	4	66	380801	20581	11489	3576	345155
XCHTIME	0	0	0	0	0	0	0	0
XCHTIME	1001	3	12	7936596	18920	9031	914	7907731
XCHTIME	0	0	0	0	0	0	0	0
XCHTIME	1001	4	10	5868930	19121	11954	839	5837016
XCHTIME	0	0	0	0	0	0	0	0
XCHTIME	1001	1	0	16597512	19313	2919	0	16575280
XCHTIME	0	0	0	0	0	0	0	0
XCHTIME	1001	4	11	2383041	22296	11718	864	2348163
XCHTIME	0	0	0	0	0	0	0	0
XCHTIME	1001	3	12	13790497	20740	9547	906	13759304
XCHTIME	0	0	0	0	0	0	0	0
XCHTIME	1001	2	4	16931028	19347	6572	332	16904777
XCHTIME	0	0	0	0	0	0	0	0
XCHTIME	1001	1	0	15260112	19340	2901	0	15237871
XCHTIME	0	0	0	0	0	0	0	0
XCHTIME	1001	4	6	1539050	31274	13023	477	1494276
LIFT	catmix200	1001	998	5580	998
COUNTS	catmix200	1001	5592	18173	18164
COUNTS	nvs23	27	252	1921	1221
XCHTIME	0	0	0	0	0	0	0	0
XCHTIME	20	2	4	33907	681	167	107	32952
XCHTIME	0	0	0	0	0	0	0	0
XCHTIME	20	2	6	79671	879	134	125	78533
XCHTIME	0	0	0	0	0	0	0	0
XCHTIME	20	2	5	99298	667	98	100	98433
XCHTIME	0	0	0	0	0	0	0	0
XCHTIME	20	4	18	344864	745	230	377	343512
LADGATE	20	10000	0.137	1
XCHTIME	0	0	0	0	0	0	0	0
XCHTIME	20	5	26	626368	1340	255	518	624255
XCHTIME	0	0	0	0	0	0	0	0
XCHTIME	20	4	48	131521	652	133	1149	129587
XCHTIME	0	0	0	0	0	0	0	0
XCHTIME	20	4	15	56028	622	190	304	54912
XCHTIME	0	0	0	0	0	0	0	0
XCHTIME	20	4	10	49959	603	174	199	48983
XCHTIME	0	0	0	0	0	0	0	0
XCHTIME	20	4	18	325006	556	201	360	323889
XCHTIME	0	0	0	0	0	0	0	0
XCHTIME	20	4	11	37195	573	177	229	36216
XCHTIME	0	0	0	0	0	0	0	0
XCHTIME	20	4	14	130648	453	158	286	129751
XCHTIME	0	0	0	0	0	0	0	0
XCHTIME	20	4	13	244072	484	155	255	243178
XCHTIME	0	0	0	0	0	0	0	0
XCHTIME	20	4	16	1500407	493	346	320	1499248
XCHTIME	0	0	0	0	0	0	0	0
XCHTIME	20	4	6	14752	777	203	123	13649
COUNTS	oaer	20	40	107	107
XCHTIME	0	0	0	0	0	0	0	0
XCHTIME	168	2	4	421442	5989	475	158	414820
XCHTIME	0	0	0	0	0	0	0	0
XCHTIME	168	2	6	3000049	2155	566	233	2997095
XCHTIME	0	0	0	0	0	0	0	0
XCHTIME	168	2	5	1073713	2166	679	173	1070695
XCHTIME	0	0	0	0	0	0	0	0
XCHTIME	168	4	18	6221848	2142	1038	650	6218018
LADGATE	168	10000	0.176	1
XCHTIME	0	0	0	0	0	0	0	0
XCHTIME	168	5	26	8031979	2511	1262	1040	8027166
XCHTIME	0	0	0	0	0	0	0	0
XCHTIME	168	4	66	87599	1988	831	2196	82584
XCHTIME	0	0	0	0	0	0	0	0
XCHTIME	168	4	15	1252343	1943	947	476	1248977
XCHTIME	0	0	0	0	0	0	0	0
XCHTIME	168	4	10	769581	1992	894	286	766409
XCHTIME	0	0	0	0	0	0	0	0
XCHTIME	168	4	18	6198919	1996	1003	651	6195269
XCHTIME	0	0	0	0	0	0	0	0
XCHTIME	168	4	11	427201	2017	814	332	424038
XCHTIME	0	0	0	0	0	0	0	0
XCHTIME	168	4	14	2128746	2016	867	477	2125386
XCHTIME	0	0	0	0	0	0	0	0
XCHTIME	168	4	13	3530830	1977	906	465	3527482
XCHTIME	0	0	0	0	0	0	0	0
XCHTIME	168	4	16	16915927	2237	1919	641	16911130
XCHTIME	0	0	0	0	0	0	0	0
XCHTIME	168	4	6	237463	3585	967	139	232772
LIFT	hybriddynamic_fixed	168	80	250	80
COUNTS	hybriddynamic_fixed	168	388	1103	1103
XCHTIME	0	0	0	0	0	0	0	0
XCHTIME	16747	0	0	21293963	21293963	0	0	0
XCHTIME	0	0	0	0	0	0	0	0
XCHTIME	16747	1	0	23057034	20127341	1687771	0	1241922
XCHTIME	0	0	0	0	0	0	0	0
XCHTIME	16747	1	0	22186501	20279768	1700730	0	206003
XCHTIME	0	0	0	0	0	0	0	0
XCHTIME	16747	1	0	27710571	20445922	1711878	0	5552771
LADGATE	16747	10000	0.703	0
XCHTIME	0	0	0	0	0	0	0	0
XCHTIME	16747	5	26	131759680	20482594	8606499	14321	102656266
LIFT	edgecross24-115	16747	8651	85448	8651
COUNTS	edgecross24-115	16747	77352	35096942	28266834
XCHTIME	0	0	0	0	0	0	0	0
XCHTIME	1178	2	4	494135	25188	9192	237	459518
XCHTIME	0	0	0	0	0	0	0	0
XCHTIME	1178	2	6	6555737	31688	10708	345	6512996
XCHTIME	0	0	0	0	0	0	0	0
XCHTIME	1178	2	5	2017985	29230	9454	311	1978990
XCHTIME	0	0	0	0	0	0	0	0
XCHTIME	1178	4	18	13253837	26395	24422	1236	13201784
LADGATE	1178	10000	0.297	1
XCHTIME	0	0	0	0	0	0	0	0
XCHTIME	1178	5	26	15399966	26144	23586	1504	15348732
XCHTIME	0	0	0	0	0	0	0	0
XCHTIME	1178	4	66	5594145	27765	18837	2986	5544557
XCHTIME	0	0	0	0	0	0	0	0
XCHTIME	1178	4	15	2355716	26675	15805	799	2312437
XCHTIME	0	0	0	0	0	0	0	0
XCHTIME	1178	4	10	1065043	24923	15528	567	1024025
XCHTIME	0	0	0	0	0	0	0	0
XCHTIME	1178	4	18	12726672	24489	18069	948	12683166
XCHTIME	0	0	0	0	0	0	0	0
XCHTIME	1178	4	11	795508	26956	15535	543	752474
XCHTIME	0	0	0	0	0	0	0	0
XCHTIME	1178	4	14	3646454	24275	15274	719	3606186
XCHTIME	0	0	0	0	0	0	0	0
XCHTIME	1178	4	13	7125355	24568	15441	668	7084678
XCHTIME	0	0	0	0	0	0	0	0
XCHTIME	1178	2	5	17174958	24558	18734	355	17131311
XCHTIME	0	0	0	0	0	0	0	0
XCHTIME	1178	4	6	622827	38651	15711	331	568134
LIFT	space25	1178	243	1212	243
COUNTS	space25	1178	4334	23567	22528
XCHTIME	0	0	0	0	0	0	0	0
XCHTIME	23999	0	0	0	0	0	0	0
XCHTIME	0	0	0	0	0	0	0	0
XCHTIME	23999	0	0	41235553	41235553	0	0	0
XCHTIME	0	0	0	0	0	0	0	0
XCHTIME	23999	0	0	0	0	0	0	0
XCHTIME	0	0	0	0	0	0	0	0
XCHTIME	23999	1	0	46809251	40524570	3417341	0	2867340
LADGATE	23999	10000	0.611	0
XCHTIME	0	0	0	0	0	0	0	0
XCHTIME	23999	5	26	215611725	40600755	17184780	21199	157804991
LIFT	methanol400	23999	19199	142128	19199
COUNTS	methanol400	23999	151728	2586036	1792285
XCHTIME	0	0	0	0	0	0	0	0
XCHTIME	1218	2	4	1088655	28911	8453	370	1050921
XCHTIME	0	0	0	0	0	0	0	0
XCHTIME	1218	2	6	7225732	28792	13315	729	7182896
XCHTIME	0	0	0	0	0	0	0	0
XCHTIME	1218	2	5	3583251	32580	9755	367	3540549
XCHTIME	0	0	0	0	0	0	0	0
XCHTIME	1218	4	18	15310721	31043	25964	1814	15251900
LADGATE	1218	10000	0.668	1
XCHTIME	0	0	0	0	0	0	0	0
XCHTIME	1218	5	26	26061374	29397	35545	2569	25993863
XCHTIME	0	0	0	0	0	0	0	0
XCHTIME	1218	3	57	7451403	35810	32786	4659	7378148
XCHTIME	0	0	0	0	0	0	0	0
XCHTIME	1218	4	15	3847516	38256	21389	1628	3786243
XCHTIME	0	0	0	0	0	0	0	0
XCHTIME	1218	4	10	2236535	31763	17994	983	2185795
XCHTIME	0	0	0	0	0	0	0	0
XCHTIME	1218	4	18	16059392	29843	36002	1777	15991770
XCHTIME	0	0	0	0	0	0	0	0
XCHTIME	1218	4	11	1439790	32986	17360	964	1388480
XCHTIME	0	0	0	0	0	0	0	0
XCHTIME	1218	4	14	6770719	29395	18269	1268	6721787
XCHTIME	0	0	0	0	0	0	0	0
XCHTIME	1218	4	13	12206920	29995	19379	1201	12156345
XCHTIME	0	0	0	0	0	0	0	0
XCHTIME	1218	1	0	13684761	30175	4168	0	13650418
XCHTIME	0	0	0	0	0	0	0	0
XCHTIME	1218	4	6	1188825	46982	18303	508	1123032
LIFT	pooling_foulds5tp	1218	659	7246	659
COUNTS	pooling_foulds5tp	1218	8364	251833	171941
XCHTIME	0	0	0	0	0	0	0	0
XCHTIME	5040	1	0	2242822	880637	221342	0	1140843
XCHTIME	0	0	0	0	0	0	0	0
XCHTIME	5040	1	0	3492241	781561	196674	0	2514006
XCHTIME	0	0	0	0	0	0	0	0
XCHTIME	5040	1	0	2754145	818671	206546	0	1728928
XCHTIME	0	0	0	0	0	0	0	0
XCHTIME	5040	1	0	9885887	800461	195514	0	8889912
LADGATE	5040	10000	0.698	1
LIFT	pooling_sppa9tp	5040	2642	116234	2642
COUNTS	pooling_sppa9tp	5040	121302	104609262	16877457
COUNTS	st_miqp2	10	18	37	37
COUNTS	autocorr_bern30-23	33	878	8940	8940
XCHTIME	0	0	0	0	0	0	0	0
XCHTIME	9858	1	0	4627140	2769556	907821	0	949763
XCHTIME	0	0	0	0	0	0	0	0
XCHTIME	9858	1	0	5033081	2727754	897836	0	1407491
XCHTIME	0	0	0	0	0	0	0	0
XCHTIME	9858	1	0	4697497	2717164	900473	0	1079860
XCHTIME	0	0	0	0	0	0	0	0
XCHTIME	9858	1	0	12856127	2685120	882389	0	9288618
LADGATE	9858	10000	0.735	1
XCHTIME	0	0	0	0	0	0	0	0
XCHTIME	9858	5	26	127122336	2705966	4516876	11818	119887676
XCHTIME	0	0	0	0	0	0	0	0
XCHTIME	9858	1	0	7590752	2731856	894580	0	3964316
XCHTIME	0	0	0	0	0	0	0	0
XCHTIME	9858	1	0	8007457	2824841	952623	0	4229993
XCHTIME	0	0	0	0	0	0	0	0
XCHTIME	9858	2	3	12862494	2842876	1916145	1791	8101682
XCHTIME	0	0	0	0	0	0	0	0
XCHTIME	9858	1	0	13521622	2861211	976907	0	9683504
XCHTIME	0	0	0	0	0	0	0	0
XCHTIME	9858	2	3	11958095	2732808	1784113	1639	7439535
XCHTIME	0	0	0	0	0	0	0	0
XCHTIME	9858	1	0	12508976	2669807	906864	0	8932305
XCHTIME	0	0	0	0	0	0	0	0
XCHTIME	9858	1	0	12834271	2719327	887783	0	9227161
XCHTIME	0	0	0	0	0	0	0	0
XCHTIME	9858	1	0	11825150	2782855	893300	0	8148995
XCHTIME	0	0	0	0	0	0	0	0
XCHTIME	9858	2	3	11813868	2708055	1763053	1678	7341082
LIFT	mpbp_15	9858	5550	25800	5550
COUNTS	mpbp_15	9858	31692	1496502	1164013
COUNTS	cvxnonsep_psig30r	126	250	501	501
XCHTIME	0	0	0	0	0	0	0	0
XCHTIME	1590	2	4	2650909	38212	15203	401	2597093
XCHTIME	0	0	0	0	0	0	0	0
XCHTIME	1590	1	0	6899138	39490	6960	0	6852688
XCHTIME	0	0	0	0	0	0	0	0
XCHTIME	1590	2	5	5560739	47703	17202	427	5495407
XCHTIME	0	0	0	0	0	0	0	0
XCHTIME	1590	2	5	13638023	39174	30348	519	13567982
LADGATE	1590	10000	0.438	1
XCHTIME	0	0	0	0	0	0	0	0
XCHTIME	1590	5	26	53705400	39489	106456	2749	53556706
XCHTIME	0	0	0	0	0	0	0	0
XCHTIME	1590	1	0	7611861	61929	7781	0	7542151
XCHTIME	0	0	0	0	0	0	0	0
XCHTIME	1590	4	15	8161236	62129	40167	1469	8057471
XCHTIME	0	0	0	0	0	0	0	0
XCHTIME	1590	4	10	5127780	41880	29854	844	5055202
XCHTIME	0	0	0	0	0	0	0	0
XCHTIME	1590	2	5	14370121	38890	37493	751	14292987
XCHTIME	0	0	0	0	0	0	0	0
XCHTIME	1590	4	11	3398011	68097	50002	994	3278918
XCHTIME	0	0	0	0	0	0	0	0
XCHTIME	1590	4	14	13757893	41398	41311	1457	13673727
XCHTIME	0	0	0	0	0	0	0	0
XCHTIME	1590	3	12	14407183	42625	34728	1174	14328656
XCHTIME	0	0	0	0	0	0	0	0
XCHTIME	1590	1	0	13755351	46323	7069	0	13701959
XCHTIME	0	0	0	0	0	0	0	0
XCHTIME	1590	4	6	2132844	65963	34227	507	2032147
LIFT	rsyn0830hfsg	1590	876	2784	876
COUNTS	rsyn0830hfsg	1590	4100	16168	15383
XCHTIME	0	0	0	0	0	0	0	0
XCHTIME	1271	2	4	2022667	28503	9353	284	1984527
XCHTIME	0	0	0	0	0	0	0	0
XCHTIME	1271	2	6	8263453	29099	13273	444	8220637
XCHTIME	0	0	0	0	0	0	0	0
XCHTIME	1271	2	5	5795833	34495	9997	340	5751001
XCHTIME	0	0	0	0	0	0	0	0
XCHTIME	1271	3	15	16329406	28221	21661	1211	16278313
LADGATE	1271	10000	0.541	1
XCHTIME	0	0	0	0	0	0	0	0
XCHTIME	1271	5	26	38758121	33016	43508	1967	38679630
XCHTIME	0	0	0	0	0	0	0	0
XCHTIME	1271	1	0	7237767	39407	4504	0	7193856
XCHTIME	0	0	0	0	0	0	0	0
XCHTIME	1271	4	15	6497394	43079	24961	1007	6428347
XCHTIME	0	0	0	0	0	0	0	0
XCHTIME	1271	4	10	3843356	29001	18650	677	3795028
XCHTIME	0	0	0	0	0	0	0	0
XCHTIME	1271	3	15	16120290	27033	25991	1158	16066108
XCHTIME	0	0	0	0	0	0	0	0
XCHTIME	1271	4	11	2276324	30988	17629	759	2226948
XCHTIME	0	0	0	0	0	0	0	0
XCHTIME	1271	4	14	10596893	26995	18955	923	10550020
XCHTIME	0	0	0	0	0	0	0	0
XCHTIME	1271	4	13	16149750	27139	20964	895	16100752
XCHTIME	0	0	0	0	0	0	0	0
XCHTIME	1271	1	0	14665182	28023	4132	0	14633027
XCHTIME	0	0	0	0	0	0	0	0
XCHTIME	1271	4	6	1575619	43434	19442	485	1512258
LIFT	crudeoil_pooling_ct1	1271	722	3626	722
COUNTS	crudeoil_pooling_ct1	1271	4642	125127	93863
XCHTIME	0	0	0	0	0	0	0	0
XCHTIME	800	2	4	569091	15308	4329	196	549258
XCHTIME	0	0	0	0	0	0	0	0
XCHTIME	800	2	6	5403761	14038	4164	256	5385303
XCHTIME	0	0	0	0	0	0	0	0
XCHTIME	800	2	5	1918323	14798	3990	205	1899330
XCHTIME	0	0	0	0	0	0	0	0
XCHTIME	800	4	18	12106115	14876	8902	735	12081602
LADGATE	800	10000	0.595	1
XCHTIME	0	0	0	0	0	0	0	0
XCHTIME	800	5	26	14960079	14982	12249	1059	14931789
XCHTIME	0	0	0	0	0	0	0	0
XCHTIME	800	4	66	7171629	15120	10102	2014	7144393
XCHTIME	0	0	0	0	0	0	0	0
XCHTIME	800	4	15	2042308	20344	10641	606	2010717
XCHTIME	0	0	0	0	0	0	0	0
XCHTIME	800	4	10	1015424	15636	8261	386	991141
XCHTIME	0	0	0	0	0	0	0	0
XCHTIME	800	4	18	11603428	14154	9456	759	11579059
XCHTIME	0	0	0	0	0	0	0	0
XCHTIME	800	4	11	687807	14910	7996	459	664442
XCHTIME	0	0	0	0	0	0	0	0
XCHTIME	800	4	14	3509956	13782	7654	544	3487976
XCHTIME	0	0	0	0	0	0	0	0
XCHTIME	800	4	13	6683407	14550	9261	547	6659049
XCHTIME	0	0	0	0	0	0	0	0
XCHTIME	800	3	15	19705011	15275	15576	649	19673511
XCHTIME	0	0	0	0	0	0	0	0
XCHTIME	800	4	6	486963	15943	7900	239	462881
LIFT	multiplants_stg1c	800	326	3346	326
COUNTS	multiplants_stg1c	800	3894	150039	143020
XCHTIME	0	0	0	0	0	0	0	0
XCHTIME	11	2	4	34023	430	100	129	33364
XCHTIME	0	0	0	0	0	0	0	0
XCHTIME	11	2	6	168741	512	106	217	167906
XCHTIME	0	0	0	0	0	0	0	0
XCHTIME	11	2	5	85136	477	110	182	84367
XCHTIME	0	0	0	0	0	0	0	0
XCHTIME	11	4	18	177744	416	140	578	176610
LADGATE	11	10000	0.127	1
XCHTIME	0	0	0	0	0	0	0	0
XCHTIME	11	5	26	202070	1048	232	870	199920
XCHTIME	0	0	0	0	0	0	0	0
XCHTIME	11	4	31	157456	542	133	872	155909
XCHTIME	0	0	0	0	0	0	0	0
XCHTIME	11	4	15	74289	486	132	377	73294
XCHTIME	0	0	0	0	0	0	0	0
XCHTIME	11	4	10	58945	521	139	248	58037
XCHTIME	0	0	0	0	0	0	0	0
XCHTIME	11	4	18	183462	514	128	590	182230
XCHTIME	0	0	0	0	0	0	0	0
XCHTIME	11	4	11	33150	510	118	281	32241
XCHTIME	0	0	0	0	0	0	0	0
XCHTIME	11	4	14	130163	412	116	411	129224
XCHTIME	0	0	0	0	0	0	0	0
XCHTIME	11	4	13	242909	457	135	387	241930
XCHTIME	0	0	0	0	0	0	0	0
XCHTIME	11	4	16	230223	444	114	432	229233
XCHTIME	0	0	0	0	0	0	0	0
XCHTIME	11	4	6	16067	454	111	132	15370
COUNTS	st_pan1	11	32	123	94
XCHTIME	0	0	0	0	0	0	0	0
XCHTIME	814	2	4	1038018	14910	4468	256	1018384
XCHTIME	0	0	0	0	0	0	0	0
XCHTIME	814	2	6	9008098	18739	5390	400	8983569
XCHTIME	0	0	0	0	0	0	0	0
XCHTIME	814	2	5	3437428	16327	4263	354	3416484
XCHTIME	0	0	0	0	0	0	0	0
XCHTIME	814	4	18	17958996	14707	11042	1278	17931969
LADGATE	814	10000	0.658	1
XCHTIME	0	0	0	0	0	0	0	0
XCHTIME	814	5	26	27083442	14279	14127	1860	27053176
XCHTIME	0	0	0	0	0	0	0	0
XCHTIME	814	1	0	7184979	15860	2147	0	7166972
XCHTIME	0	0	0	0	0	0	0	0
XCHTIME	814	4	15	3516733	20440	8600	951	3486742
XCHTIME	0	0	0	0	0	0	0	0
XCHTIME	814	4	10	1980318	15431	9057	566	1955264
XCHTIME	0	0	0	0	0	0	0	0
XCHTIME	814	4	18	17580381	14198	12437	1197	17552549
XCHTIME	0	0	0	0	0	0	0	0
XCHTIME	814	4	11	1181409	15495	8463	618	1156833
XCHTIME	0	0	0	0	0	0	0	0
XCHTIME	814	4	14	6557222	15960	8385	988	6531889
XCHTIME	0	0	0	0	0	0	0	0
XCHTIME	814	4	13	11586988	14511	8512	819	11563146
XCHTIME	0	0	0	0	0	0	0	0
XCHTIME	814	1	0	15192984	13969	2074	0	15176941
XCHTIME	0	0	0	0	0	0	0	0
XCHTIME	814	4	6	823481	21091	8663	351	793376
LIFT	multiplants_stg1b	814	337	3456	337
COUNTS	multiplants_stg1b	814	3992	308612	187593
XCHTIME	0	0	0	0	0	0	0	0
XCHTIME	11999	1	0	5312750	4039387	932907	0	340456
XCHTIME	0	0	0	0	0	0	0	0
XCHTIME	11999	1	0	5955124	3946817	938750	0	1069557
XCHTIME	0	0	0	0	0	0	0	0
XCHTIME	11999	1	0	5771044	3969536	928808	0	872700
XCHTIME	0	0	0	0	0	0	0	0
XCHTIME	11999	1	0	13223170	3917132	928207	0	8377831
LADGATE	11999	10000	0.597	0
XCHTIME	0	0	0	0	0	0	0	0
XCHTIME	11999	5	26	94813170	4042355	4784030	18184	85968601
XCHTIME	0	0	0	0	0	0	0	0
XCHTIME	11999	1	0	8289494	3890926	900984	0	3497584
XCHTIME	0	0	0	0	0	0	0	0
XCHTIME	11999	1	0	7477085	3734069	857123	0	2885893
XCHTIME	0	0	0	0	0	0	0	0
XCHTIME	11999	1	0	10721529	3702822	858482	0	6160225
XCHTIME	0	0	0	0	0	0	0	0
XCHTIME	11999	1	0	12523032	3766313	864943	0	7891776
XCHTIME	0	0	0	0	0	0	0	0
XCHTIME	11999	1	0	10462137	3739283	866032	0	5856822
XCHTIME	0	0	0	0	0	0	0	0
XCHTIME	11999	1	0	12116770	3781392	859059	0	7476319
XCHTIME	0	0	0	0	0	0	0	0
XCHTIME	11999	1	0	12794824	3815964	874944	0	8103916
XCHTIME	0	0	0	0	0	0	0	0
XCHTIME	11999	1	0	12567156	3700891	860320	0	8005945
XCHTIME	0	0	0	0	0	0	0	0
XCHTIME	11999	1	0	9917125	3629669	857106	0	5430350
LIFT	methanol200	11999	9599	71328	9599
COUNTS	methanol200	11999	76128	1290836	905945
LADGATE	26778	10000	0.536	0
LIFT	faclay35	26778	13686	106196	13686
COUNTS	faclay35	26778	132380	33630126	32021838
XCHTIME	0	0	0	0	0	0	0	0
XCHTIME	13175	1	0	7788726	6608276	1017059	0	163391
XCHTIME	0	0	0	0	0	0	0	0
XCHTIME	13175	1	0	5761698	4090251	1010448	0	660999
XCHTIME	0	0	0	0	0	0	0	0
XCHTIME	13175	1	0	5613594	4094787	1003743	0	515064
XCHTIME	0	0	0	0	0	0	0	0
XCHTIME	13175	1	0	11342318	4065714	1011096	0	6265508
LADGATE	13175	10000	0.265	0
XCHTIME	0	0	0	0	0	0	0	0
XCHTIME	13175	5	26	42484615	4170599	5197532	14287	33102197
XCHTIME	0	0	0	0	0	0	0	0
XCHTIME	13175	1	0	7647387	4205620	1041918	0	2399849
XCHTIME	0	0	0	0	0	0	0	0
XCHTIME	13175	1	0	7540472	4136698	1023510	0	2380264
XCHTIME	0	0	0	0	0	0	0	0
XCHTIME	13175	1	0	11396848	4144902	985446	0	6266500
XCHTIME	0	0	0	0	0	0	0	0
XCHTIME	13175	1	0	11555533	4201167	991258	0	6363108
XCHTIME	0	0	0	0	0	0	0	0
XCHTIME	13175	1	0	11645919	4144747	978741	0	6522431
XCHTIME	0	0	0	0	0	0	0	0
XCHTIME	13175	1	0	11485763	4176126	996194	0	6313443
XCHTIME	0	0	0	0	0	0	0	0
XCHTIME	13175	1	0	11659813	4185759	997732	0	6476322
XCHTIME	0	0	0	0	0	0	0	0
XCHTIME	13175	1	0	11349940	4206808	983486	0	6159646
XCHTIME	0	0	0	0	0	0	0	0
XCHTIME	13175	1	0	11447072	4169484	1006590	0	6270998
LIFT	emfl050_5_5	13175	5675	17300	5675
COUNTS	emfl050_5_5	13175	32300	155400	155400
LIFT	transswitch2383wpr	59853	37844	247952	37844
COUNTS	transswitch2383wpr	59853	277562	3946309	3861509
XCHTIME	0	0	0	0	0	0	0	0
XCHTIME	1120	2	4	2347557	26793	7190	494	2313080
XCHTIME	0	0	0	0	0	0	0	0
XCHTIME	1120	1	0	8921683	26969	3510	0	8891204
XCHTIME	0	0	0	0	0	0	0	0
XCHTIME	1120	2	5	6599342	35178	8990	659	6554515
XCHTIME	0	0	0	0	0	0	0	0
XCHTIME	1120	2	5	17066298	28798	9926	600	17026974
LADGATE	1120	10000	0.512	1
XCHTIME	0	0	0	0	0	0	0	0
XCHTIME	1120	4	10	4726732	26912	14273	1244	4684303
XCHTIME	0	0	0	0	0	0	0	0
XCHTIME	1120	2	19	6349554	26584	12906	2236	6307828
XCHTIME	0	0	0	0	0	0	0	0
XCHTIME	1120	4	15	8021907	28639	16379	1875	7975014
XCHTIME	0	0	0	0	0	0	0	0
XCHTIME	1120	4	10	4689417	27307	14736	1206	4646168
XCHTIME	0	0	0	0	0	0	0	0
XCHTIME	1120	2	5	16931582	26640	11341	615	16892986
XCHTIME	0	0	0	0	0	0	0	0
XCHTIME	1120	4	11	2879738	31751	14657	1300	2832030
XCHTIME	0	0	0	0	0	0	0	0
XCHTIME	1120	4	14	14266908	26857	14906	1593	14223552
XCHTIME	0	0	0	0	0	0	0	0
XCHTIME	1120	3	12	17171909	26847	11474	1353	17132235
XCHTIME	0	0	0	0	0	0	0	0
XCHTIME	1120	1	0	16956659	27220	3633	0	16925806
XCHTIME	0	0	0	0	0	0	0	0
XCHTIME	1120	4	6	2029125	42294	15158	709	1970964
LIFT	chimera_lga-01	1120	721	5500	721
COUNTS	chimera_lga-01	1120	6400	668019	497058
XCHTIME	0	0	0	0	0	0	0	0
XCHTIME	4596	1	0	2428991	490562	146615	0	1791814
XCHTIME	0	0	0	0	0	0	0	0
XCHTIME	4596	1	0	3832778	468506	145337	0	3218935
XCHTIME	0	0	0	0	0	0	0	0
XCHTIME	4596	1	0	3360293	481687	148893	0	2729713
XCHTIME	0	0	0	0	0	0	0	0
XCHTIME	4596	1	0	11363313	454911	152173	0	10756229
LADGATE	4596	10000	0.692	1
XCHTIME	0	0	0	0	0	0	0	0
XCHTIME	4596	5	26	103801688	487569	857766	4907	102451446
XCHTIME	0	0	0	0	0	0	0	0
XCHTIME	4596	1	0	5032616	510208	151407	0	4371001
XCHTIME	0	0	0	0	0	0	0	0
XCHTIME	4596	2	4	6672798	485746	294853	840	5891359
XCHTIME	0	0	0	0	0	0	0	0
XCHTIME	4596	4	10	13218089	499522	609752	2400	12106415
XCHTIME	0	0	0	0	0	0	0	0
XCHTIME	4596	1	0	11426455	475890	141607	0	10808958
XCHTIME	0	0	0	0	0	0	0	0
XCHTIME	4596	4	11	10671308	475087	555652	2680	9637889
XCHTIME	0	0	0	0	0	0	0	0
XCHTIME	4596	2	4	12533354	504640	296023	862	11731829
XCHTIME	0	0	0	0	0	0	0	0
XCHTIME	4596	1	0	11871411	482038	142130	0	11247243
XCHTIME	0	0	0	0	0	0	0	0
XCHTIME	4596	1	0	10397569	553206	148352	0	9696011
XCHTIME	0	0	0	0	0	0	0	0
XCHTIME	4596	4	6	8523573	514972	594136	1654	7412811
LIFT	gasprod_sarawak16	4596	2632	12316	2632
COUNTS	gasprod_sarawak16	4596	15316	213850	196064
XCHTIME	0	0	0	0	0	0	0	0
XCHTIME	15904	0	0	11500710	11500710	0	0	0
XCHTIME	0	0	0	0	0	0	0	0
XCHTIME	15904	1	0	8781362	6598210	1594342	0	588810
XCHTIME	0	0	0	0	0	0	0	0
XCHTIME	15904	1	0	8367789	6496528	1542615	0	328646
XCHTIME	0	0	0	0	0	0	0	0
XCHTIME	15904	1	0	13891252	6387418	1517807	0	5986027
LADGATE	15904	10000	1.024	0
XCHTIME	0	0	0	0	0	0	0	0
XCHTIME	15904	5	26	326014201	6407483	7828096	12987	311765635
LIFT	crudeoil_lee4_09	15904	10632	92014	10632
COUNTS	crudeoil_lee4_09	15904	101792	208785578	128088057
LADGATE	44909	10000	0.885	0
LIFT	arki0013	44909	18463	161472	18463
COUNTS	arki0013	44909	160172	390472987	157005417
XCHTIME	0	0	0	0	0	0	0	0
XCHTIME	42	2	4	72140	1853	202	116	69969
XCHTIME	0	0	0	0	0	0	0	0
XCHTIME	42	2	6	752545	1293	149	143	750960
XCHTIME	0	0	0	0	0	0	0	0
XCHTIME	42	2	5	202333	1475	148	108	200602
XCHTIME	0	0	0	0	0	0	0	0
XCHTIME	42	4	18	1533629	1266	377	538	1531448
LADGATE	42	10000	0.150	1
XCHTIME	0	0	0	0	0	0	0	0
XCHTIME	42	5	26	1867834	2345	452	700	1864337
XCHTIME	0	0	0	0	0	0	0	0
XCHTIME	42	4	66	9730	1563	284	2580	5303
XCHTIME	0	0	0	0	0	0	0	0
XCHTIME	42	4	15	189472	1501	294	305	187372
XCHTIME	0	0	0	0	0	0	0	0
XCHTIME	42	4	10	122152	1196	261	202	120493
XCHTIME	0	0	0	0	0	0	0	0
XCHTIME	42	4	18	1456750	1183	274	526	1454767
XCHTIME	0	0	0	0	0	0	0	0
XCHTIME	42	4	11	54125	1267	274	228	52356
XCHTIME	0	0	0	0	0	0	0	0
XCHTIME	42	4	14	425515	1304	294	296	423621
XCHTIME	0	0	0	0	0	0	0	0
XCHTIME	42	4	13	745516	1182	296	274	743764
XCHTIME	0	0	0	0	0	0	0	0
XCHTIME	42	4	16	5240048	1328	424	494	5237802
XCHTIME	0	0	0	0	0	0	0	0
XCHTIME	42	4	6	31822	1796	251	135	29640
LIFT	st_m1	42	11	110	11
COUNTS	st_m1	42	432	3097	3097
XCHTIME	0	0	0	0	0	0	0	0
XCHTIME	5310	1	0	2248885	661472	226839	0	1360574
XCHTIME	0	0	0	0	0	0	0	0
XCHTIME	5310	1	0	4623642	659793	213524	0	3750325
XCHTIME	0	0	0	0	0	0	0	0
XCHTIME	5310	1	0	3380254	681144	231940	0	2467170
XCHTIME	0	0	0	0	0	0	0	0
XCHTIME	5310	2	5	12074274	769693	446810	1383	10856388
LADGATE	5310	10000	0.717	1
XCHTIME	0	0	0	0	0	0	0	0
XCHTIME	5310	5	26	33926073	663618	1103946	6302	32152207
XCHTIME	0	0	0	0	0	0	0	0
XCHTIME	5310	3	57	5410715	690991	716694	11434	3991596
XCHTIME	0	0	0	0	0	0	0	0
XCHTIME	5310	3	12	5628879	759670	671926	3207	4194076
XCHTIME	0	0	0	0	0	0	0	0
XCHTIME	5310	4	10	7150739	698614	908165	3215	5540745
XCHTIME	0	0	0	0	0	0	0	0
XCHTIME	5310	2	5	12006330	700193	471882	1250	10833005
XCHTIME	0	0	0	0	0	0	0	0
XCHTIME	5310	4	11	7103045	867482	943410	3828	5288325
XCHTIME	0	0	0	0	0	0	0	0
XCHTIME	5310	4	14	10276633	769800	880788	10979	8615066
XCHTIME	0	0	0	0	0	0	0	0
XCHTIME	5310	3	12	11478553	703612	638955	3050	10132936
XCHTIME	0	0	0	0	0	0	0	0
XCHTIME	5310	1	0	11215464	692921	216859	0	10305684
XCHTIME	0	0	0	0	0	0	0	0
XCHTIME	5310	4	6	6031627	685183	825999	2261	4518184
LIFT	mpbp_47	5310	3182	12798	3182
COUNTS	mpbp_47	5310	17098	730624	652208
XCHTIME	0	0	0	0	0	0	0	0
XCHTIME	821	2	4	1093860	22152	4762	262	1066684
XCHTIME	0	0	0	0	0	0	0	0
XCHTIME	821	2	6	7768170	12773	4888	331	7750178
XCHTIME	0	0	0	0	0	0	0	0
XCHTIME	821	2	5	2499021	12993	4420	241	2481367
XCHTIME	0	0	0	0	0	0	0	0
XCHTIME	821	4	18	16252603	12262	8723	1015	16230603
LADGATE	821	10000	0.404	1
XCHTIME	0	0	0	0	0	0	0	0
XCHTIME	821	5	26	20115849	12381	10952	1531	20090985
XCHTIME	0	0	0	0	0	0	0	0
XCHTIME	821	4	66	7333492	14810	11723	3337	7303622
XCHTIME	0	0	0	0	0	0	0	0
XCHTIME	821	4	15	3235229	13163	8281	812	3212973
XCHTIME	0	0	0	0	0	0	0	0
XCHTIME	821	4	10	2109079	12378	8351	455	2087895
XCHTIME	0	0	0	0	0	0	0	0
XCHTIME	821	4	18	16266538	12292	8561	999	16244686
XCHTIME	0	0	0	0	0	0	0	0
XCHTIME	821	4	11	1276170	12879	8320	557	1254414
XCHTIME	0	0	0	0	0	0	0	0
XCHTIME	821	4	14	5508618	12423	8001	865	5487329
XCHTIME	0	0	0	0	0	0	0	0
XCHTIME	821	4	13	8842011	12659	7966	765	8820621
XCHTIME	0	0	0	0	0	0	0	0
XCHTIME	821	2	5	15081509	12359	7666	277	15061207
XCHTIME	0	0	0	0	0	0	0	0
XCHTIME	821	4	6	830632	16126	8130	252	806124
LIFT	rsyn0815m	821	434	1516	434
COUNTS	rsyn0815m	821	2242	8260	7745
XCHTIME	0	0	0	0	0	0	0	0
XCHTIME	7993	1	0	3553648	1770181	559416	0	1224051
XCHTIME	0	0	0	0	0	0	0	0
XCHTIME	7993	1	0	4746713	1770071	556467	0	2420175
XCHTIME	0	0	0	0	0	0	0	0
XCHTIME	7993	1	0	4163547	1841489	571126	0	1750932
XCHTIME	0	0	0	0	0	0	0	0
XCHTIME	7993	1	0	11548817	1771650	556760	0	9220407
LADGATE	7993	10000	1.019	1
XCHTIME	0	0	0	0	0	0	0	0
XCHTIME	7993	5	26	90753083	1778722	2841196	7644	86125521
XCHTIME	0	0	0	0	0	0	0	0
XCHTIME	7993	1	0	5137352	1810155	551006	0	2776191
XCHTIME	0	0	0	0	0	0	0	0
XCHTIME	7993	1	0	6671031	1981758	623704	0	4065569
XCHTIME	0	0	0	0	0	0	0	0
XCHTIME	7993	2	3	10946631	1793531	1128345	962	8023793
XCHTIME	0	0	0	0	0	0	0	0
XCHTIME	7993	1	0	11463496	1785693	558271	0	9119532
XCHTIME	0	0	0	0	0	0	0	0
XCHTIME	7993	2	3	10642309	1792890	1112646	1078	7735695
XCHTIME	0	0	0	0	0	0	0	0
XCHTIME	7993	2	4	11443777	1773419	1105452	1836	8563070
XCHTIME	0	0	0	0	0	0	0	0
XCHTIME	7993	1	0	11389398	1747434	553042	0	9088922
XCHTIME	0	0	0	0	0	0	0	0
XCHTIME	7993	1	0	10826359	1774722	551581	0	8500056
XCHTIME	0	0	0	0	0	0	0	0
XCHTIME	7993	2	3	10514507	1784441	1113718	1129	7615219
LIFT	arki0016	7993	4968	26810	4968
COUNTS	arki0016	7993	37208	878890	835794
XCHTIME	0	0	0	0	0	0	0	0
XCHTIME	18	2	4	19942	637	160	90	19055
XCHTIME	0	0	0	0	0	0	0	0
XCHTIME	18	2	6	318015	681	100	127	317107
XCHTIME	0	0	0	0	0	0	0	0
XCHTIME	18	2	5	93155	812	203	107	92033
XCHTIME	0	0	0	0	0	0	0	0
XCHTIME	18	4	18	604661	754	240	401	603266
LADGATE	18	10000	0.139	1
XCHTIME	0	0	0	0	0	0	0	0
XCHTIME	18	5	26	666838	966	226	677	664969
XCHTIME	0	0	0	0	0	0	0	0
XCHTIME	18	4	45	38916	626	172	1144	36974
XCHTIME	0	0	0	0	0	0	0	0
XCHTIME	18	4	15	91102	615	224	323	89940
XCHTIME	0	0	0	0	0	0	0	0
XCHTIME	18	4	10	69492	705	199	201	68387
XCHTIME	0	0	0	0	0	0	0	0
XCHTIME	18	4	18	576810	608	172	376	575654
XCHTIME	0	0	0	0	0	0	0	0
XCHTIME	18	4	11	35675	628	173	229	34645
XCHTIME	0	0	0	0	0	0	0	0
XCHTIME	18	4	14	165029	589	171	307	163962
XCHTIME	0	0	0	0	0	0	0	0
XCHTIME	18	4	13	226524	575	198	289	225462
XCHTIME	0	0	0	0	0	0	0	0
XCHTIME	18	4	16	2969140	556	185	380	2968019
XCHTIME	0	0	0	0	0	0	0	0
XCHTIME	18	4	6	21736	1279	210	118	20129
COUNTS	st_glmp_ss2	18	48	121	121
XCHTIME	0	0	0	0	0	0	0	0
XCHTIME	2670	2	4	1774675	113497	47961	454	1612763
XCHTIME	0	0	0	0	0	0	0	0
XCHTIME	2670	2	6	5746672	110552	57290	650	5578180
XCHTIME	0	0	0	0	0	0	0	0
XCHTIME	2670	2	5	2913748	109557	43485	482	2760224
XCHTIME	0	0	0	0	0	0	0	0
XCHTIME	2670	4	18	11957619	100557	99530	1792	11755740
LADGATE	2670	10000	0.708	1
XCHTIME	0	0	0	0	0	0	0	0
XCHTIME	2670	5	26	17292617	106877	123324	2518	17059898
XCHTIME	0	0	0	0	0	0	0	0
XCHTIME	2670	2	19	4749362	110310	58733	1675	4578644
XCHTIME	0	0	0	0	0	0	0	0
XCHTIME	2670	4	15	4053780	109456	87900	1413	3855011
XCHTIME	0	0	0	0	0	0	0	0
XCHTIME	2670	4	10	3189727	98756	85555	986	3004430
XCHTIME	0	0	0	0	0	0	0	0
XCHTIME	2670	4	18	11864732	97459	95355	1779	11670139
XCHTIME	0	0	0	0	0	0	0	0
XCHTIME	2670	4	11	2625438	104938	84133	1027	2435340
XCHTIME	0	0	0	0	0	0	0	0
XCHTIME	2670	4	14	5572956	98801	86380	1381	5386394
XCHTIME	0	0	0	0	0	0	0	0
XCHTIME	2670	4	13	8272099	99159	98183	1343	8073414
XCHTIME	0	0	0	0	0	0	0	0
XCHTIME	2670	1	0	12826596	104510	20766	0	12701320
XCHTIME	0	0	0	0	0	0	0	0
XCHTIME	2670	4	6	2277870	174466	99528	675	2003201
LIFT	rsyn0810m02hfsg	2670	1484	4808	1484
COUNTS	rsyn0810m02hfsg	2670	6964	36862	34672
XCHTIME	0	0	0	0	0	0	0	0
XCHTIME	55	2	4	65932	1379	235	163	64155
XCHTIME	0	0	0	0	0	0	0	0
XCHTIME	55	2	6	663785	1147	219	228	662191
XCHTIME	0	0	0	0	0	0	0	0
XCHTIME	55	2	5	178136	1238	186	148	176564
XCHTIME	0	0	0	0	0	0	0	0
XCHTIME	55	4	18	1015158	1115	351	696	1012996
LADGATE	55	10000	0.146	1
XCHTIME	0	0	0	0	0	0	0	0
XCHTIME	55	5	26	1195026	1681	440	840	1192065
XCHTIME	0	0	0	0	0	0	0	0
XCHTIME	55	4	66	23593	1317	300	1944	20032
XCHTIME	0	0	0	0	0	0	0	0
XCHTIME	55	4	15	187114	1033	291	383	185407
XCHTIME	0	0	0	0	0	0	0	0
XCHTIME	55	4	10	103594	1100	308	304	101882
XCHTIME	0	0	0	0	0	0	0	0
XCHTIME	55	4	18	1003842	937	334	519	1002052
XCHTIME	0	0	0	0	0	0	0	0
XCHTIME	55	4	11	63984	1043	334	341	62266
XCHTIME	0	0	0	0	0	0	0	0
XCHTIME	55	4	14	345475	957	309	420	343789
XCHTIME	0	0	0	0	0	0	0	0
XCHTIME	55	4	13	592347	1023	304	380	590640
XCHTIME	0	0	0	0	0	0	0	0
XCHTIME	55	4	16	3555439	981	389	538	3553531
XCHTIME	0	0	0	0	0	0	0	0
XCHTIME	55	4	6	43324	1559	319	178	41268
LIFT	pointpack06	55	34	234	34
COUNTS	pointpack06	55	276	1497	1497
XCHTIME	0	0	0	0	0	0	0	0
XCHTIME	6328	1	0	2700532	1056875	341063	0	1302594
XCHTIME	0	0	0	0	0	0	0	0
XCHTIME	6328	1	0	4049025	1030718	347039	0	2671268
XCHTIME	0	0	0	0	0	0	0	0
XCHTIME	6328	1	0	3436661	1067921	340299	0	2028441
XCHTIME	0	0	0	0	0	0	0	0
XCHTIME	6328	1	0	11753550	1020120	338491	0	10394939
LADGATE	6328	10000	0.363	1
XCHTIME	0	0	0	0	0	0	0	0
XCHTIME	6328	5	26	60125917	1042048	1730119	8677	57345073
XCHTIME	0	0	0	0	0	0	0	0
XCHTIME	6328	1	0	5481400	1208675	352541	0	3920184
XCHTIME	0	0	0	0	0	0	0	0
XCHTIME	6328	2	4	6746018	1092243	657561	1614	4994600
XCHTIME	0	0	0	0	0	0	0	0
XCHTIME	6328	4	10	12568742	1094073	1332970	3397	10138302
XCHTIME	0	0	0	0	0	0	0	0
XCHTIME	6328	1	0	11325051	1102464	321259	0	9901328
XCHTIME	0	0	0	0	0	0	0	0
XCHTIME	6328	4	11	12447305	1157890	1317164	4277	9967974
XCHTIME	0	0	0	0	0	0	0	0
XCHTIME	6328	2	4	12271252	1102945	658889	1659	10507759
XCHTIME	0	0	0	0	0	0	0	0
XCHTIME	6328	2	4	12019076	1126006	672580	1644	10218846
XCHTIME	0	0	0	0	0	0	0	0
XCHTIME	6328	1	0	10232417	1115659	331138	0	8785620
XCHTIME	0	0	0	0	0	0	0	0
XCHTIME	6328	4	6	11929752	1116206	1308459	1992	9503095
LIFT	syn40m04hfsg	6328	3492	11224	3492
COUNTS	syn40m04hfsg	6328	16896	76232	73557
XCHTIME	0	0	0	0	0	0	0	0
XCHTIME	258	2	4	189206	6797	771	297	181341
XCHTIME	0	0	0	0	0	0	0	0
XCHTIME	258	2	6	849221	3166	698	231	845126
XCHTIME	0	0	0	0	0	0	0	0
XCHTIME	258	2	5	370760	3258	1128	191	366183
XCHTIME	0	0	0	0	0	0	0	0
XCHTIME	258	4	18	1429945	3221	1488	856	1424380
LADGATE	258	10000	0.215	1
XCHTIME	0	0	0	0	0	0	0	0
XCHTIME	258	5	26	1887937	4869	2157	1106	1879805
XCHTIME	0	0	0	0	0	0	0	0
XCHTIME	258	4	66	7144891	3956	2254	2730	7135951
XCHTIME	0	0	0	0	0	0	0	0
XCHTIME	258	4	15	431178	4261	1459	620	424838
XCHTIME	0	0	0	0	0	0	0	0
XCHTIME	258	4	10	316597	3192	1581	346	311478
XCHTIME	0	0	0	0	0	0	0	0
XCHTIME	258	4	18	1430075	3248	1487	715	1424625
XCHTIME	0	0	0	0	0	0	0	0
XCHTIME	258	4	11	203734	3276	1341	417	198700
XCHTIME	0	0	0	0	0	0	0	0
XCHTIME	258	4	14	761627	3082	1559	596	756390
XCHTIME	0	0	0	0	0	0	0	0
XCHTIME	258	4	13	1061606	3008	1494	504	1056600
XCHTIME	0	0	0	0	0	0	0	0
XCHTIME	258	4	16	3627900	3137	2000	757	3622006
XCHTIME	0	0	0	0	0	0	0	0
XCHTIME	258	4	6	135818	3602	1404	209	130603
LIFT	clay0304m	258	122	576	122
COUNTS	clay0304m	258	840	2742	2742
XCHTIME	0	0	0	0	0	0	0	0
XCHTIME	1218	2	4	1122808	27967	8024	417	1086400
XCHTIME	0	0	0	0	0	0	0	0
XCHTIME	1218	2	6	7194982	28153	12873	643	7153313
XCHTIME	0	0	0	0	0	0	0	0
XCHTIME	1218	2	5	3147253	35385	8348	513	3103007
XCHTIME	0	0	0	0	0	0	0	0
XCHTIME	1218	3	15	14774249	28313	20138	1497	14724301
LADGATE	1218	10000	0.443	1
XCHTIME	0	0	0	0	0	0	0	0
XCHTIME	1218	5	26	27064823	34085	35231	2567	26992940
XCHTIME	0	0	0	0	0	0	0	0
XCHTIME	1218	3	57	6659513	34021	25664	4564	6595264
XCHTIME	0	0	0	0	0	0	0	0
XCHTIME	1218	4	15	3705693	37062	17140	1299	3650192
XCHTIME	0	0	0	0	0	0	0	0
XCHTIME	1218	4	10	2177398	28801	16154	946	2131497
XCHTIME	0	0	0	0	0	0	0	0
XCHTIME	1218	3	15	14909352	28281	19644	1567	14859860
XCHTIME	0	0	0	0	0	0	0	0
XCHTIME	1218	4	11	1386230	33885	15966	957	1335422
XCHTIME	0	0	0	0	0	0	0	0
XCHTIME	1218	4	14	6538089	28340	16252	1297	6492200
XCHTIME	0	0	0	0	0	0	0	0
XCHTIME	1218	4	13	11674328	28668	18688	1220	11625752
XCHTIME	0	0	0	0	0	0	0	0
XCHTIME	1218	1	0	14322136	29527	3978	0	14288631
XCHTIME	0	0	0	0	0	0	0	0
XCHTIME	1218	4	6	1176797	44195	16776	538	1115288
LIFT	pooling_foulds5pq	1218	655	7342	655
COUNTS	pooling_foulds5pq	1218	8300	159641	159641
XCHTIME	0	0	0	0	0	0	0	0
XCHTIME	1000	2	4	1348319	27288	5878	266	1314887
XCHTIME	0	0	0	0	0	0	0	0
XCHTIME	1000	2	6	7841949	17412	7450	327	7816760
XCHTIME	0	0	0	0	0	0	0	0
XCHTIME	1000	2	5	2961244	20939	5695	338	2934272
XCHTIME	0	0	0	0	0	0	0	0
XCHTIME	1000	4	18	15671400	18725	12019	1062	15639594
LADGATE	1000	10000	0.374	1
XCHTIME	0	0	0	0	0	0	0	0
XCHTIME	1000	5	26	21500357	17154	14525	1422	21467256
XCHTIME	0	0	0	0	0	0	0	0
XCHTIME	1000	2	19	6249529	18793	9948	1084	6219704
XCHTIME	0	0	0	0	0	0	0	0
XCHTIME	1000	4	15	3848516	20873	11232	818	3815593
XCHTIME	0	0	0	0	0	0	0	0
XCHTIME	1000	4	10	2452372	16888	11210	520	2423754
XCHTIME	0	0	0	0	0	0	0	0
XCHTIME	1000	4	18	15633318	16689	12176	1083	15603370
XCHTIME	0	0	0	0	0	0	0	0
XCHTIME	1000	4	11	1475988	17536	11003	530	1446919
XCHTIME	0	0	0	0	0	0	0	0
XCHTIME	1000	4	14	6147491	16506	10688	785	6119512
XCHTIME	0	0	0	0	0	0	0	0
XCHTIME	1000	4	13	10880250	16709	10555	741	10852245
XCHTIME	0	0	0	0	0	0	0	0
XCHTIME	1000	2	5	15624715	16836	11589	310	15595980
XCHTIME	0	0	0	0	0	0	0	0
XCHTIME	1000	4	6	853658	24588	11506	253	817311
LIFT	clay0305hfsg	1000	485	2050	485
COUNTS	clay0305hfsg	1000	2910	12260	11240
XCHTIME	0	0	0	0	0	0	0	0
XCHTIME	64	2	4	64815	1376	277	105	63057
XCHTIME	0	0	0	0	0	0	0	0
XCHTIME	64	2	6	523909	1210	228	123	522348
XCHTIME	0	0	0	0	0	0	0	0
XCHTIME	64	2	5	156833	1176	200	99	155358
XCHTIME	0	0	0	0	0	0	0	0
XCHTIME	64	4	18	1031185	1146	382	355	1029302
LADGATE	64	10000	0.195	1
XCHTIME	0	0	0	0	0	0	0	0
XCHTIME	64	5	26	1183041	1645	525	562	1180309
XCHTIME	0	0	0	0	0	0	0	0
XCHTIME	64	4	66	79119	1242	348	2019	75510
XCHTIME	0	0	0	0	0	0	0	0
XCHTIME	64	4	15	170551	1189	343	306	168713
XCHTIME	0	0	0	0	0	0	0	0
XCHTIME	64	4	10	114827	1024	366	213	113224
XCHTIME	0	0	0	0	0	0	0	0
XCHTIME	64	4	18	1045708	1010	399	448	1043851
XCHTIME	0	0	0	0	0	0	0	0
XCHTIME	64	4	11	69016	1531	339	235	66911
XCHTIME	0	0	0	0	0	0	0	0
XCHTIME	64	4	14	347620	1109	355	281	345875
XCHTIME	0	0	0	0	0	0	0	0
XCHTIME	64	4	13	507089	1175	352	271	505291
XCHTIME	0	0	0	0	0	0	0	0
XCHTIME	64	4	16	3059455	1054	567	373	3057461
XCHTIME	0	0	0	0	0	0	0	0
XCHTIME	64	4	6	43256	1386	381	128	41361
LIFT	st_test8	64	44	192	44
COUNTS	st_test8	64	232	2343	1964
XCHTIME	0	0	0	0	0	0	0	0
XCHTIME	17364	2	5	381478072	22847812	3630206	3522	354996532
LIFT	gams05	17364	8487	278504	8487
COUNTS	gams05	17364	252910	6179750712	3251969962
XCHTIME	0	0	0	0	0	0	0	0
XCHTIME	31	2	4	64532	910	179	217	63226
XCHTIME	0	0	0	0	0	0	0	0
XCHTIME	31	2	6	447701	938	144	275	446344
XCHTIME	0	0	0	0	0	0	0	0
XCHTIME	31	2	5	183404	1036	117	203	182048
XCHTIME	0	0	0	0	0	0	0	0
XCHTIME	31	4	18	802492	840	257	752	800643
LADGATE	31	10000	0.178	1
XCHTIME	0	0	0	0	0	0	0	0
XCHTIME	31	4	10	128273	1427	297	497	126052
XCHTIME	0	0	0	0	0	0	0	0
XCHTIME	31	4	59	366092	900	212	2454	362526
XCHTIME	0	0	0	0	0	0	0	0
XCHTIME	31	4	15	204069	1019	240	580	202230
XCHTIME	0	0	0	0	0	0	0	0
XCHTIME	31	4	10	123632	899	241	383	122109
XCHTIME	0	0	0	0	0	0	0	0
XCHTIME	31	4	18	804610	1169	282	682	802477
XCHTIME	0	0	0	0	0	0	0	0
XCHTIME	31	4	11	87575	838	253	515	85969
XCHTIME	0	0	0	0	0	0	0	0
XCHTIME	31	4	14	313730	771	295	561	312103
XCHTIME	0	0	0	0	0	0	0	0
XCHTIME	31	4	13	455483	859	246	548	453830
XCHTIME	0	0	0	0	0	0	0	0
XCHTIME	31	4	16	2730053	864	259	694	2728236
XCHTIME	0	0	0	0	0	0	0	0
XCHTIME	31	4	6	45761	1101	224	269	44167
COUNTS	sporttournament08	31	156	862	862
XCHTIME	0	0	0	0	0	0	0	0
XCHTIME	1121	2	4	1523604	21771	7084	355	1494394
XCHTIME	0	0	0	0	0	0	0	0
XCHTIME	1121	2	6	7855977	21792	9795	384	7824006
XCHTIME	0	0	0	0	0	0	0	0
XCHTIME	1121	2	5	3801190	23884	7223	268	3769815
XCHTIME	0	0	0	0	0	0	0	0
XCHTIME	1121	4	18	16186796	21773	34078	1111	16129834
LADGATE	1121	10000	0.364	1
XCHTIME	0	0	0	0	0	0	0	0
XCHTIME	1121	5	26	25533148	22181	23578	1636	25485753
XCHTIME	0	0	0	0	0	0	0	0
XCHTIME	1121	2	19	6683107	24164	12874	907	6645162
XCHTIME	0	0	0	0	0	0	0	0
XCHTIME	1121	4	15	4632614	33673	15325	788	4582828
XCHTIME	0	0	0	0	0	0	0	0
XCHTIME	1121	4	10	2871915	21491	14216	607	2835601
XCHTIME	0	0	0	0	0	0	0	0
XCHTIME	1121	4	18	16173641	21329	21902	1164	16129246
XCHTIME	0	0	0	0	0	0	0	0
XCHTIME	1121	4	11	1872133	22792	14102	642	1834597
XCHTIME	0	0	0	0	0	0	0	0
XCHTIME	1121	4	14	7458550	21443	13907	840	7422360
XCHTIME	0	0	0	0	0	0	0	0
XCHTIME	1121	4	13	12236822	21279	13875	784	12200884
XCHTIME	0	0	0	0	0	0	0	0
XCHTIME	1121	2	5	14582168	21791	16306	310	14543761
XCHTIME	0	0	0	0	0	0	0	0
XCHTIME	1121	4	6	1262276	26506	15674	331	1219765
LIFT	powerflow0030p	1121	642	3468	642
COUNTS	powerflow0030p	1121	4194	24944	23642
XCHTIME	0	0	0	0	0	0	0	0
XCHTIME	22407	0	0	0	0	0	0	0
XCHTIME	0	0	0	0	0	0	0	0
XCHTIME	22407	0	0	35052070	35052070	0	0	0
XCHTIME	0	0	0	0	0	0	0	0
XCHTIME	22407	0	0	0	0	0	0	0
XCHTIME	0	0	0	0	0	0	0	0
XCHTIME	22407	1	0	42071505	35119517	3068833	0	3883155
LADGATE	22407	10000	0.830	0
XCHTIME	0	0	0	0	0	0	0	0
XCHTIME	22407	5	26	239599024	35299999	15649666	21450	188627909
LIFT	popdynm200	22407	18799	98384	18799
COUNTS	popdynm200	22407	105584	2567878	2404589
XCHTIME	0	0	0	0	0	0	0	0
XCHTIME	11120	1	0	5198501	3530848	1183958	0	483695
XCHTIME	0	0	0	0	0	0	0	0
XCHTIME	11120	1	0	5771075	3424210	1126279	0	1220586
XCHTIME	0	0	0	0	0	0	0	0
XCHTIME	11120	1	0	5236668	3425791	1136717	0	674160
XCHTIME	0	0	0	0	0	0	0	0
XCHTIME	11120	1	0	13123752	3362350	1126957	0	8634445
LADGATE	11120	10000	0.735	0
XCHTIME	0	0	0	0	0	0	0	0
XCHTIME	11120	5	26	186653171	3416907	5688478	13172	177534614
XCHTIME	0	0	0	0	0	0	0	0
XCHTIME	11120	1	0	7963301	3464075	1154020	0	3345206
XCHTIME	0	0	0	0	0	0	0	0
XCHTIME	11120	1	0	8131804	3417615	1129743	0	3584446
XCHTIME	0	0	0	0	0	0	0	0
XCHTIME	11120	1	0	12346039	3390179	1129955	0	7825905
XCHTIME	0	0	0	0	0	0	0	0
XCHTIME	11120	1	0	13305996	3437126	1119971	0	8748899
XCHTIME	0	0	0	0	0	0	0	0
XCHTIME	11120	1	0	11597453	3405226	1131203	0	7061024
XCHTIME	0	0	0	0	0	0	0	0
XCHTIME	11120	1	0	13413941	3501584	1134922	0	8777435
XCHTIME	0	0	0	0	0	0	0	0
XCHTIME	11120	1	0	13732422	3416304	1125455	0	9190663
XCHTIME	0	0	0	0	0	0	0	0
XCHTIME	11120	1	0	12262063	3405327	1123579	0	7733157
XCHTIME	0	0	0	0	0	0	0	0
XCHTIME	11120	1	0	11341779	3410741	1130901	0	6800137
LIFT	mpbp_35	11120	6920	32350	6920
COUNTS	mpbp_35	11120	40790	3037207	975441
XCHTIME	0	0	0	0	0	0	0	0
XCHTIME	1492	2	4	2076688	32971	13244	253	2030220
XCHTIME	0	0	0	0	0	0	0	0
XCHTIME	1492	2	6	7102376	37773	16910	524	7047169
XCHTIME	0	0	0	0	0	0	0	0
XCHTIME	1492	2	5	5474493	41476	11770	383	5420864
XCHTIME	0	0	0	0	0	0	0	0
XCHTIME	1492	2	5	14170020	33257	18027	348	14118388
LADGATE	1492	10000	0.421	1
XCHTIME	0	0	0	0	0	0	0	0
XCHTIME	1492	5	26	36141114	33163	52077	1808	36054066
XCHTIME	0	0	0	0	0	0	0	0
XCHTIME	1492	2	19	6982762	43703	22961	1233	6914865
XCHTIME	0	0	0	0	0	0	0	0
XCHTIME	1492	4	15	6700702	49650	25480	1011	6624561
XCHTIME	0	0	0	0	0	0	0	0
XCHTIME	1492	4	10	4110711	33374	23323	695	4053319
XCHTIME	0	0	0	0	0	0	0	0
XCHTIME	1492	2	5	13922800	32951	18865	373	13870611
XCHTIME	0	0	0	0	0	0	0	0
XCHTIME	1492	4	11	2590850	43684	23026	736	2523404
XCHTIME	0	0	0	0	0	0	0	0
XCHTIME	1492	4	14	10911024	32858	23700	956	10853510
XCHTIME	0	0	0	0	0	0	0	0
XCHTIME	1492	4	13	14414993	33531	26245	782	14354435
XCHTIME	0	0	0	0	0	0	0	0
XCHTIME	1492	1	0	13547352	34335	5709	0	13507308
XCHTIME	0	0	0	0	0	0	0	0
XCHTIME	1492	4	6	1760424	56368	25196	439	1678421
LIFT	syn30m02m	1492	762	2608	762
COUNTS	syn30m02m	1492	3936	13752	13455
XCHTIME	0	0	0	0	0	0	0	0
XCHTIME	481	2	4	354057	13046	2225	205	338581
XCHTIME	0	0	0	0	0	0	0	0
XCHTIME	481	2	6	4920073	7960	2185	282	4909646
XCHTIME	0	0	0	0	0	0	0	0
XCHTIME	481	2	5	1262194	7999	2023	248	1251924
XCHTIME	0	0	0	0	0	0	0	0
XCHTIME	481	4	18	8405126	7936	4312	941	8391937
LADGATE	481	10000	0.390	1
XCHTIME	0	0	0	0	0	0	0	0
XCHTIME	481	5	26	10761123	8424	4439	1306	10746954
XCHTIME	0	0	0	0	0	0	0	0
XCHTIME	481	4	66	5291302	7629	5290	3254	5275129
XCHTIME	0	0	0	0	0	0	0	0
XCHTIME	481	4	15	1311482	8200	3856	765	1298661
XCHTIME	0	0	0	0	0	0	0	0
XCHTIME	481	4	10	604592	7730	4094	442	592326
XCHTIME	0	0	0	0	0	0	0	0
XCHTIME	481	4	18	8218890	7678	3802	886	8206524
XCHTIME	0	0	0	0	0	0	0	0
XCHTIME	481	4	11	381108	7858	3865	540	368845
XCHTIME	0	0	0	0	0	0	0	0
XCHTIME	481	4	14	2614445	7693	3613	654	2602485
XCHTIME	0	0	0	0	0	0	0	0
XCHTIME	481	4	13	3046937	7747	3649	628	3034913
XCHTIME	0	0	0	0	0	0	0	0
XCHTIME	481	3	15	18040313	7819	5765	885	18025844
XCHTIME	0	0	0	0	0	0	0	0
XCHTIME	481	4	6	274615	9413	3826	284	261092
LIFT	wastewater13m1	481	353	3026	353
COUNTS	wastewater13m1	481	3252	60135	60068
XCHTIME	0	0	0	0	0	0	0	0
XCHTIME	1022	2	4	1130006	17133	6021	196	1106656
XCHTIME	0	0	0	0	0	0	0	0
XCHTIME	1022	2	6	7177750	17364	8239	280	7151867
XCHTIME	0	0	0	0	0	0	0	0
XCHTIME	1022	2	5	2819701	18503	6130	169	2794899
XCHTIME	0	0	0	0	0	0	0	0
XCHTIME	1022	4	18	14556324	18161	15074	727	14522362
LADGATE	1022	10000	0.300	1
XCHTIME	0	0	0	0	0	0	0	0
XCHTIME	1022	5	26	23282123	16956	18404	1171	23245592
XCHTIME	0	0	0	0	0	0	0	0
XCHTIME	1022	3	57	7137881	18131	19006	2473	7098271
XCHTIME	0	0	0	0	0	0	0	0
XCHTIME	1022	4	15	3619639	18930	11756	640	3588313
XCHTIME	0	0	0	0	0	0	0	0
XCHTIME	1022	4	10	2211819	17343	12076	415	2181985
XCHTIME	0	0	0	0	0	0	0	0
XCHTIME	1022	4	18	14416224	16980	15027	737	14383480
XCHTIME	0	0	0	0	0	0	0	0
XCHTIME	1022	4	11	1388624	18530	12074	454	1357566
XCHTIME	0	0	0	0	0	0	0	0
XCHTIME	1022	4	14	6160905	16969	11276	571	6132089
XCHTIME	0	0	0	0	0	0	0	0
XCHTIME	1022	4	13	10359918	16884	12342	565	10330127
XCHTIME	0	0	0	0	0	0	0	0
XCHTIME	1022	2	5	13464569	17472	12636	326	13434135
XCHTIME	0	0	0	0	0	0	0	0
XCHTIME	1022	4	6	884361	18809	12109	323	853120
LIFT	syn40hfsg	1022	573	1726	573
COUNTS	syn40hfsg	1022	2624	8432	8155
XCHTIME	0	0	0	0	0	0	0	0
XCHTIME	69	2	4	66491	2421	288	144	63638
XCHTIME	0	0	0	0	0	0	0	0
XCHTIME	69	2	6	413842	1382	217	149	412094
XCHTIME	0	0	0	0	0	0	0	0
XCHTIME	69	2	5	141201	1646	224	133	139198
XCHTIME	0	0	0	0	0	0	0	0
XCHTIME	69	4	18	885077	1464	407	467	882739
LADGATE	69	10000	0.185	1
XCHTIME	0	0	0	0	0	0	0	0
XCHTIME	69	5	26	1284124	2205	525	741	1280653
XCHTIME	0	0	0	0	0	0	0	0
XCHTIME	69	4	66	499553	1384	375	1772	496022
XCHTIME	0	0	0	0	0	0	0	0
XCHTIME	69	4	15	185062	1570	382	331	182779
XCHTIME	0	0	0	0	0	0	0	0
XCHTIME	69	4	10	114029	1558	383	223	111865
XCHTIME	0	0	0	0	0	0	0	0
XCHTIME	69	4	18	864467	1358	402	440	862267
XCHTIME	0	0	0	0	0	0	0	0
XCHTIME	69	4	11	77262	1509	377	273	75103
XCHTIME	0	0	0	0	0	0	0	0
XCHTIME	69	4	14	285010	1342	407	337	282924
XCHTIME	0	0	0	0	0	0	0	0
XCHTIME	69	4	13	615918	1393	503	428	613594
XCHTIME	0	0	0	0	0	0	0	0
XCHTIME	69	4	16	2888935	1575	467	482	2886411
XCHTIME	0	0	0	0	0	0	0	0
XCHTIME	69	4	6	43019	1652	427	183	40757
LIFT	sep1	69	36	150	36
COUNTS	sep1	69	206	1097	1047
XCHTIME	0	0	0	0	0	0	0	0
XCHTIME	2508	2	4	1324726	89424	39638	426	1195238
XCHTIME	0	0	0	0	0	0	0	0
XCHTIME	2508	2	6	4815247	96618	46155	559	4671915
XCHTIME	0	0	0	0	0	0	0	0
XCHTIME	2508	2	5	2523957	92895	38804	433	2391825
XCHTIME	0	0	0	0	0	0	0	0
XCHTIME	2508	4	18	11171931	92289	87807	1297	10990538
LADGATE	2508	10000	0.551	1
XCHTIME	0	0	0	0	0	0	0	0
XCHTIME	2508	5	26	14535010	90764	122238	2184	14319824
XCHTIME	0	0	0	0	0	0	0	0
XCHTIME	2508	4	66	5453974	100446	139320	3923	5210285
XCHTIME	0	0	0	0	0	0	0	0
XCHTIME	2508	4	15	3365498	95765	81147	1346	3187240
XCHTIME	0	0	0	0	0	0	0	0
XCHTIME	2508	4	10	2434877	88520	77221	968	2268168
XCHTIME	0	0	0	0	0	0	0	0
XCHTIME	2508	4	18	11427987	87846	95218	1458	11243465
XCHTIME	0	0	0	0	0	0	0	0
XCHTIME	2508	4	11	2035671	96364	76628	1018	1861661
XCHTIME	0	0	0	0	0	0	0	0
XCHTIME	2508	4	14	4946935	89948	80341	3980	4772666
XCHTIME	0	0	0	0	0	0	0	0
XCHTIME	2508	4	13	7397498	92175	83874	1056	7220393
XCHTIME	0	0	0	0	0	0	0	0
XCHTIME	2508	2	5	13487660	93231	81050	419	13312960
XCHTIME	0	0	0	0	0	0	0	0
XCHTIME	2508	4	6	1824065	193984	157416	756	1471909
LIFT	syn30m03m	2508	1278	4542	1278
COUNTS	syn30m03m	2508	6804	26806	26552
COUNTS	st_qpc-m3a	30	304	2330	1574
XCHTIME	0	0	0	0	0	0	0	0
XCHTIME	2644	2	4	2430178	103757	43041	556	2282824
XCHTIME	0	0	0	0	0	0	0	0
XCHTIME	2644	1	0	5101413	107101	20250	0	4974062
XCHTIME	0	0	0	0	0	0	0	0
XCHTIME	2644	1	0	3615253	119314	22657	0	3473282
XCHTIME	0	0	0	0	0	0	0	0
XCHTIME	2644	1	0	11647055	142567	21585	0	11482903
LADGATE	2644	10000	1.138	1
XCHTIME	0	0	0	0	0	0	0	0
XCHTIME	2644	5	26	64622034	109921	164494	3159	64344460
XCHTIME	0	0	0	0	0	0	0	0
XCHTIME	2644	1	0	6507453	135951	23257	0	6348245
XCHTIME	0	0	0	0	0	0	0	0
XCHTIME	2644	3	12	6318164	163819	103229	1435	6049681
XCHTIME	0	0	0	0	0	0	0	0
XCHTIME	2644	4	10	7966848	110654	92046	1186	7762962
XCHTIME	0	0	0	0	0	0	0	0
XCHTIME	2644	1	0	11588792	112079	20346	0	11456367
XCHTIME	0	0	0	0	0	0	0	0
XCHTIME	2644	4	11	6125206	133810	97887	1171	5892338
XCHTIME	0	0	0	0	0	0	0	0
XCHTIME	2644	3	12	12400899	106953	72397	1492	12220057
XCHTIME	0	0	0	0	0	0	0	0
XCHTIME	2644	2	4	11905006	112125	55798	507	11736576
XCHTIME	0	0	0	0	0	0	0	0
XCHTIME	2644	1	0	12237811	130150	23025	0	12084636
XCHTIME	0	0	0	0	0	0	0	0
XCHTIME	2644	4	6	4872800	164429	97238	649	4610484
LIFT	crudeoil_pooling_ct3	2644	1586	9346	1586
COUNTS	crudeoil_pooling_ct3	2644	11426	1381490	865101
XCHTIME	0	0	0	0	0	0	0	0
XCHTIME	634	2	4	868104	17828	3063	251	846962
XCHTIME	0	0	0	0	0	0	0	0
XCHTIME	634	2	6	7777448	10460	3161	368	7763459
XCHTIME	0	0	0	0	0	0	0	0
XCHTIME	634	2	5	2741555	11149	2744	270	2727392
XCHTIME	0	0	0	0	0	0	0	0
XCHTIME	634	4	18	15563947	10324	5783	1164	15546676
LADGATE	634	10000	0.372	1
XCHTIME	0	0	0	0	0	0	0	0
XCHTIME	634	5	26	19480381	10778	7420	1768	19460415
XCHTIME	0	0	0	0	0	0	0	0
XCHTIME	634	3	57	8058978	11107	5881	3214	8038776
XCHTIME	0	0	0	0	0	0	0	0
XCHTIME	634	4	15	3043088	11266	6132	870	3024820
XCHTIME	0	0	0	0	0	0	0	0
XCHTIME	634	4	10	1661597	10562	6062	506	1644467
XCHTIME	0	0	0	0	0	0	0	0
XCHTIME	634	4	18	15619303	10240	5977	1136	15601950
XCHTIME	0	0	0	0	0	0	0	0
XCHTIME	634	4	11	940048	10762	5413	582	923291
XCHTIME	0	0	0	0	0	0	0	0
XCHTIME	634	4	14	5224820	9979	5677	869	5208295
XCHTIME	0	0	0	0	0	0	0	0
XCHTIME	634	4	13	9097812	10125	5398	790	9081499
XCHTIME	0	0	0	0	0	0	0	0
XCHTIME	634	2	5	17087939	10059	5746	339	17071795
XCHTIME	0	0	0	0	0	0	0	0
XCHTIME	634	4	6	589928	14233	5693	345	569657
LIFT	space25a	634	417	2530	417
COUNTS	space25a	634	3246	29078	27875
COUNTS	autocorr_bern20-15	23	394	2784	2784
XCHTIME	0	0	0	0	0	0	0	0
XCHTIME	35	2	4	45017	939	219	132	43727
XCHTIME	0	0	0	0	0	0	0	0
XCHTIME	35	2	6	480071	854	168	121	478928
XCHTIME	0	0	0	0	0	0	0	0
XCHTIME	35	2	5	172199	1071	146	134	170848
XCHTIME	0	0	0	0	0	0	0	0
XCHTIME	35	4	18	550517	999	422	371	548725
LADGATE	35	10000	0.170	1
XCHTIME	0	0	0	0	0	0	0	0
XCHTIME	35	5	26	860282	1538	330	542	857872
XCHTIME	0	0	0	0	0	0	0	0
XCHTIME	35	4	63	6825	1020	223	1807	3775
XCHTIME	0	0	0	0	0	0	0	0
XCHTIME	35	4	15	132323	761	235	305	131022
XCHTIME	0	0	0	0	0	0	0	0
XCHTIME	35	4	10	88642	929	238	233	87242
XCHTIME	0	0	0	0	0	0	0	0
XCHTIME	35	4	18	532132	864	254	365	530649
XCHTIME	0	0	0	0	0	0	0	0
XCHTIME	35	4	11	46102	930	226	218	44728
XCHTIME	0	0	0	0	0	0	0	0
XCHTIME	35	4	14	240381	782	265	279	239055
XCHTIME	0	0	0	0	0	0	0	0
XCHTIME	35	4	13	499584	828	244	268	498244
XCHTIME	0	0	0	0	0	0	0	0
XCHTIME	35	4	16	1583869	826	359	400	1582284
XCHTIME	0	0	0	0	0	0	0	0
XCHTIME	35	4	6	29986	1020	223	121	28622
LIFT	ex7_2_1	35	21	106	21
COUNTS	ex7_2_1	35	134	352	341
XCHTIME	0	0	0	0	0	0	0	0
XCHTIME	2092	2	4	1338919	59178	22267	312	1257162
XCHTIME	0	0	0	0	0	0	0	0
XCHTIME	2092	2	6	8008514	61193	41084	488	7905749
XCHTIME	0	0	0	0	0	0	0	0
XCHTIME	2092	2	5	4661648	61558	25735	351	4574004
XCHTIME	0	0	0	0	0	0	0	0
XCHTIME	2092	3	15	15890908	63518	66417	1156	15759817
LADGATE	2092	10000	0.746	1
XCHTIME	0	0	0	0	0	0	0	0
XCHTIME	2092	5	26	37685030	61863	130990	2331	37489846
XCHTIME	0	0	0	0	0	0	0	0
XCHTIME	2092	4	66	1595505	92633	51266	3341	1448265
XCHTIME	0	0	0	0	0	0	0	0
XCHTIME	2092	4	15	4216377	60197	49459	968	4105753
XCHTIME	0	0	0	0	0	0	0	0
XCHTIME	2092	4	10	2527213	60084	45105	682	2421342
XCHTIME	0	0	0	0	0	0	0	0
XCHTIME	2092	3	15	15831044	62447	68025	1286	15699286
XCHTIME	0	0	0	0	0	0	0	0
XCHTIME	2092	4	11	1751999	65085	44207	779	1641928
XCHTIME	0	0	0	0	0	0	0	0
XCHTIME	2092	4	14	9102299	59877	48850	950	8992622
XCHTIME	0	0	0	0	0	0	0	0
XCHTIME	2092	4	13	15686438	61033	64994	1025	15559386
XCHTIME	0	0	0	0	0	0	0	0
XCHTIME	2092	1	0	15124662	69669	11223	0	15043770
XCHTIME	0	0	0	0	0	0	0	0
XCHTIME	2092	4	6	1468377	106238	51595	438	1310106
LIFT	hydroenergy2	2092	1090	4556	1090
COUNTS	hydroenergy2	2092	6236	69051	56014
XCHTIME	0	0	0	0	0	0	0	0
XCHTIME	514	2	4	444482	16588	2260	175	425459
XCHTIME	0	0	0	0	0	0	0	0
XCHTIME	514	2	6	4472373	11414	2290	230	4458439
XCHTIME	0	0	0	0	0	0	0	0
XCHTIME	514	2	5	1423293	11482	2057	189	1409565
XCHTIME	0	0	0	0	0	0	0	0
XCHTIME	514	4	18	9234508	11599	4102	623	9218184
LADGATE	514	10000	0.385	1
XCHTIME	0	0	0	0	0	0	0	0
XCHTIME	514	5	26	11226494	11550	4833	940	11209171
XCHTIME	0	0	0	0	0	0	0	0
XCHTIME	514	4	66	969551	11028	4254	1796	952473
XCHTIME	0	0	0	0	0	0	0	0
XCHTIME	514	4	15	1491278	11362	4256	466	1475194
XCHTIME	0	0	0	0	0	0	0	0
XCHTIME	514	4	10	803471	11387	4312	286	787486
XCHTIME	0	0	0	0	0	0	0	0
XCHTIME	514	4	18	9152881	11437	3856	626	9136962
XCHTIME	0	0	0	0	0	0	0	0
XCHTIME	514	4	11	588382	11532	4124	301	572425
XCHTIME	0	0	0	0	0	0	0	0
XCHTIME	514	4	14	2657553	11229	3907	522	2641895
XCHTIME	0	0	0	0	0	0	0	0
XCHTIME	514	4	13	4846207	11395	3933	392	4830487
XCHTIME	0	0	0	0	0	0	0	0
XCHTIME	514	3	15	21132685	11320	7567	483	21113315
XCHTIME	0	0	0	0	0	0	0	0
XCHTIME	514	4	6	486257	15226	4483	228	466320
LIFT	pooling_digabel19	514	296	5918	296
COUNTS	pooling_digabel19	514	5340	325989	274903
XCHTIME	0	0	0	0	0	0	0	0
XCHTIME	132	2	4	121634	4610	396	153	116475
XCHTIME	0	0	0	0	0	0	0	0
XCHTIME	132	2	6	1203560	2347	394	220	1200599
XCHTIME	0	0	0	0	0	0	0	0
XCHTIME	132	2	5	229222	1983	358	144	226737
XCHTIME	0	0	0	0	0	0	0	0
XCHTIME	132	4	18	1354669	1914	762	656	1351337
LADGATE	132	10000	0.218	1
XCHTIME	0	0	0	0	0	0	0	0
XCHTIME	132	5	26	1737326	2706	995	872	1732753
XCHTIME	0	0	0	0	0	0	0	0
XCHTIME	132	4	66	1100364	1866	731	2283	1095484
XCHTIME	0	0	0	0	0	0	0	0
XCHTIME	132	4	15	350923	1944	714	434	347831
XCHTIME	0	0	0	0	0	0	0	0
XCHTIME	132	4	10	204883	2259	711	247	201666
XCHTIME	0	0	0	0	0	0	0	0
XCHTIME	132	4	18	1320871	1964	704	541	1317662
XCHTIME	0	0	0	0	0	0	0	0
XCHTIME	132	4	11	128941	1907	624	306	126104
XCHTIME	0	0	0	0	0	0	0	0
XCHTIME	132	4	14	568823	1928	716	475	565704
XCHTIME	0	0	0	0	0	0	0	0
XCHTIME	132	4	13	801424	1891	653	372	798508
XCHTIME	0	0	0	0	0	0	0	0
XCHTIME	132	4	16	5927882	1971	1074	520	5924317
XCHTIME	0	0	0	0	0	0	0	0
XCHTIME	132	4	6	103412	2450	737	178	100047
LIFT	clay0203m	132	63	282	63
COUNTS	clay0203m	132	420	1348	1348
XCHTIME	0	0	0	0	0	0	0	0
XCHTIME	13680	1	0	5940014	4656803	1133981	0	149230
XCHTIME	0	0	0	0	0	0	0	0
XCHTIME	13680	1	0	7559427	4462145	1123098	0	1974184
XCHTIME	0	0	0	0	0	0	0	0
XCHTIME	13680	1	0	6640107	4442785	1109142	0	1088180
XCHTIME	0	0	0	0	0	0	0	0
XCHTIME	13680	1	0	11263251	4480776	1133620	0	5648855
LADGATE	13680	10000	0.412	0
XCHTIME	0	0	0	0	0	0	0	0
XCHTIME	13680	5	26	53392185	4473655	5695585	13880	43209065
XCHTIME	0	0	0	0	0	0	0	0
XCHTIME	13680	1	0	7593240	4535415	1128485	0	1929340
XCHTIME	0	0	0	0	0	0	0	0
XCHTIME	13680	1	0	7481018	4432037	1104051	0	1944930
XCHTIME	0	0	0	0	0	0	0	0
XCHTIME	13680	1	0	11434761	4421986	1098240	0	5914535
XCHTIME	0	0	0	0	0	0	0	0
XCHTIME	13680	1	0	11118156	4436355	1119071	0	5562730
XCHTIME	0	0	0	0	0	0	0	0
XCHTIME	13680	1	0	11518759	4477025	1106537	0	5935197
XCHTIME	0	0	0	0	0	0	0	0
XCHTIME	13680	1	0	11327703	4431146	1115256	0	5781301
XCHTIME	0	0	0	0	0	0	0	0
XCHTIME	13680	1	0	11405926	4441333	1109837	0	5854756
XCHTIME	0	0	0	0	0	0	0	0
XCHTIME	13680	1	0	11335915	4512013	1108859	0	5715043
XCHTIME	0	0	0	0	0	0	0	0
XCHTIME	13680	1	0	11150319	4414211	1101957	0	5634151
LIFT	squfl030-150	13680	4680	18000	4680
COUNTS	squfl030-150	13680	36000	252605	252605

--- every order() call, slowest first (TSV) ---
secs	matrix	n	nnz	ratio
1.4891	crudeoil_lee4_10	17809	120632	0.6080
1.4080	chimera_selby-c16-02	2031	10878	0.5368
1.3771	chimera_selby-c16-01	2031	10964	0.6669
1.3555	crudeoil_lee4_09	15904	101792	0.6135
1.3218	crudeoil_pooling_ct3	2644	11426	0.6262
1.2926	ringpack_30_2	17999	121458	0.2311
1.2909	gams05	17364	252910	0.5262
1.2644	chp_partload	5211	16740	0.7328
1.2526	pinene200	19995	97990	0.8339
1.2503	arki0016	7993	37208	0.9510
1.2320	gasprod_sarawak81	22536	75636	0.9118
1.1427	crudeoil_lee4_06	10429	55492	0.4957
1.0859	chp_shorttermplan2d	16364	52108	0.5025
1.0780	popdynm200	22407	105584	0.9364
1.0766	crudeoil_lee2_06	6418	34646	0.6841
1.0664	transswitch0300p	11659	48446	0.9267
1.0480	nd_netgen-2000-3-4-b-a-ns_7	22074	60000	0.9424
1.0422	emfl100_5_5	21925	52300	1.0000
1.0399	nuclear10a	17493	163816	0.6706
1.0398	procurement1large	14416	41068	0.5277
1.0335	squfl015-060	2775	7200	1.0000
1.0313	mpbp_35	11120	40790	0.3212
1.0272	rsyn0805m03m	2868	8270	0.8992
1.0225	powerflow0300p	11251	41918	0.9518
1.0136	mpbp_15	9858	31692	0.7778
1.0049	crudeoil_pooling_dt2	18742	75910	0.6610
0.9706	rsyn0840m04m	8508	24272	0.8081
0.9639	gabriel09	21688	89702	0.8704
0.9599	mpbp_07	9532	30810	0.9120
0.9495	sfacloc2_3_80	4799	20600	0.9580
0.9475	crudeoil_lee1_07	3670	19322	0.7388
0.9373	gasprod_sarawak16	4596	15316	0.9168
0.9302	powerflow0118p	5065	18730	0.9656
0.9020	faclay30	16678	82242	0.9552
0.8858	arki0013	44909	160172	0.4021
0.8766	sfacloc2_4_80	5067	21424	0.9552
0.8719	mpbp_47	5310	17098	0.8927
0.8693	hydroenergy2	2092	6236	0.8112
0.8577	rsyn0815m04m	5456	15756	0.7779
0.8505	nuclear104	39098	257806	0.7593
0.8476	supplychainr1_053050	16640	57800	1.0000
0.8404	edgecross24-115	16747	77352	0.8054
0.8360	methanol400	23999	151728	0.6931
0.8253	multiplants_stg1b	814	3992	0.6079
0.8250	batchs201210m	5188	17910	0.8685
0.8211	chimera_rfr-02	2032	15140	0.6441
0.8198	popdynm25	2807	13904	0.7963
0.8192	rsyn0810m04m	4772	13836	0.7672
0.8143	waste	4825	21504	0.8654
0.8099	mpbp_48	28368	91016	0.4772
0.8088	chp_shorttermplan1a	4952	15700	0.7957
0.8063	rsyn0810m02hfsg	2670	6964	0.9406
0.7998	mpbp_34	11556	40860	0.2880
0.7996	pooling_foulds5tp	1218	8364	0.6828
0.7957	methanol200	11999	76128	0.7018
0.7905	rsyn0820m04m	6028	17372	0.7758
0.7882	mpbp_21	11716	37660	0.8615
0.7879	rsyn0830m04m	7252	20752	0.8085
0.7848	chimera_k64ising-02	1225	3846	0.6051
0.7775	rsyn0820m02m	2486	6932	0.9328
0.7758	crudeoil_li05	4225	14628	0.7845
0.7621	multiplants_stg1a	726	3510	0.8549
0.7576	nuclear25a	1942	16030	0.5747
0.7503	squfl025-030	2305	6000	1.0000
0.7436	multiplants_stg5	827	3804	0.4122
0.7433	multiplants_stg1c	800	3894	0.9532
0.7399	multiplants_mtg1b	645	4404	0.6627
0.7376	multiplants_stg1	736	3594	0.7853
0.7358	crudeoil_pooling_dt3	30660	152210	0.7100
0.7335	syn40m04m	4960	13792	0.9588
0.7223	chp_shorttermplan2a	8992	26288	0.7007
0.7219	chimera_mgw-c16-2031-01	2032	15900	0.7721
0.7211	squfl010-080	2490	6400	1.0000
0.7193	p_ball_30b_7p_2d_h	2207	7516	0.9968
0.7165	sporttournament48	1131	6676	0.6439
0.7135	kall_circlespolygons_c1p5b	1681	7432	0.9608
0.7128	pooling_sppa9tp	5040	121302	0.1613
0.7103	ndcc12	974	5982	0.9533
0.7083	catmix400	2001	11192	0.9998
0.7043	crudeoil_pooling_ct1	1271	4642	0.7501
0.7006	batchs121208m	3404	11462	0.9332
0.7004	sonet24v5	874	7260	0.5940
0.6981	gabriel10	244056	1148210	0.9285
0.6847	sonet23v4	803	6462	0.6753
0.6773	squfl020-150	9170	24000	1.0000
0.6719	ndcc13	969	5882	0.6183
0.6655	netmod_kar1	1746	4928	0.7717
0.6637	rsyn0840m02m	3486	9576	0.9464
0.6613	pooling_sppc3pq	23173	893724	0.2822
0.6601	rsyn0815m02hfsg	3054	7968	0.9278
0.6538	squfl010-040persp	2450	7200	1.0000
0.6490	chimera_lga-01	1120	6400	0.7441
0.6390	risk2bpb	1462	5396	0.5574
0.6385	acopf_case9241pegase_qcqp	313068	1292408	0.9737
0.6357	rocket50	555	3488	0.9641
0.6348	syn30m03m	2508	6804	0.9905
0.6344	torsion50	2508	29808	0.6617
0.6252	mpbp_46	4518	14492	0.8960
0.6209	pooling_sppa0pq	1649	24192	0.3171
0.6179	kan_r3_h1_n4	3183	14062	0.9405
0.6168	slay09h	2718	7488	0.8982
0.6117	qapw	705	87496	1.0000
0.6113	oil	3270	8430	0.9572
0.6045	pooling_foulds4pq	1294	8302	0.9989
0.5976	ringpack_20_2	6089	40368	0.3779
0.5957	chimera_mgw-c8-439-onc8-001	440	3040	0.7522
0.5933	ndcc12persp	1112	5522	0.9521
0.5928	rsyn0830hfsg	1590	4100	0.9514
0.5800	gancns	548	2800	0.8421
0.5795	chimera_mgw-c8-439-onc8-002	440	3038	0.8820
0.5794	pooling_foulds5pq	1218	8300	1.0000
0.5793	ringpack_20_3	6709	45220	0.3584
0.5702	kall_circlesrectangles_c6r39	1306	5378	0.9850
0.5690	arki0002	4432	11248	0.9764
0.5652	squfl030-150	13680	36000	1.0000
0.5590	faclay75	272878	1379706	0.9405
0.5555	pooling_sppb5pq	18529	674470	0.4077
0.5517	sonet21v6	8232	40744	0.9650
0.5495	syn30m02m	1492	3936	0.9784
0.5444	syn40m04hfsg	6328	16896	0.9649
0.5426	supplychainr1_022020	4620	15680	0.9999
0.5367	faclay35	26778	132380	0.9522
0.5351	space25a	634	3246	0.9586
0.5316	maxcsp-langford-3-11	660	29646	0.3098
0.5309	rsyn0815m	821	2242	0.9377
0.5283	transswitch2383wpr	59853	277562	0.9785
0.5143	clay0305hfsg	1000	2910	0.9168
0.5120	wastewater13m1	481	3252	0.9989
0.5118	forest	713	2658	0.9933
0.5113	pooling_digabel19	514	5340	0.8433
0.5028	nd_netgen-3000-1-1-b-b-ns_7	33155	90000	0.9599
0.5019	powerflow0030p	1121	4194	0.9478
0.5013	waternd2	615	2580	0.4806
0.5011	edgecross10-030	1053	4654	0.7367
0.4986	syn15m04m	1908	5288	0.9604
0.4912	sfacloc2_4_90	1491	4500	0.9104
0.4881	blend146	1422	4460	0.8232
0.4876	glider400	10017	49624	0.8777
0.4840	p_ball_30b_5p_2d_h	1543	5224	0.9961
0.4829	catmix200	1001	5592	0.9995
0.4813	pooling_sppa9pq	5030	120730	0.6312
0.4693	blend718	1386	4310	0.8737
0.4631	tls6	413	2860	0.9474
0.4602	chain400	1201	4796	1.0000
0.4581	blend721	1428	4548	0.8528
0.4556	rsyn0840m	1159	3168	0.9404
0.4511	transswitch2736spr	69651	331010	0.9179
0.4487	p_ball_10b_7p_3d_h	1236	4186	0.9739
0.4455	chain200	601	2396	1.0000
0.4432	edgecross14-156	3097	19664	0.9254
0.4414	squfl015-080persp	7295	21600	1.0000
0.4342	edgecross10-080	1053	5940	0.9638
0.4326	sonetgr17	440	2958	0.8190
0.4294	unitcommit_200_100_1_mod_8	146830	476332	0.9764
0.4282	edgecross10-040	1053	5116	0.8867
0.4275	fo9_ar25_1	1049	4336	0.9177
0.4255	o9_ar4_1	1049	4336	0.9177
0.4203	waterund14	333	2204	0.3600
0.4122	space25	1178	4334	0.9559
0.4120	slay05h	760	2080	0.8961
0.4100	edgecross10-090	1053	5204	0.8181
0.4082	pooling_sppc1pq	14100	477680	0.1683
0.4081	emfl050_5_5	13175	32300	1.0000
0.4051	sporttournament18	156	886	0.7746
0.4043	emfl100_3_3	6885	15948	1.0000
0.3971	syn40hfsg	1022	2624	0.9671
0.3954	knp5-44	2157	32604	1.0000
0.3901	korcns	156	712	0.9113
0.3872	primary	378	5610	0.8688
0.3851	syn40m	560	1528	0.9644
0.3840	wastepaper4	115	724	0.7397
0.3804	knp5-43	2065	31132	1.0000
0.3768	syn10m04m	1224	3384	0.9972
0.3727	ex1265a	123	560	0.9498
0.3715	powerflow0014r	403	1630	0.9628
0.3692	ex8_3_9	123	834	0.7643
0.3691	clay0204hfsg	590	1696	0.9116
0.3679	graphpart_clique-30	120	2790	0.7961
0.3673	slay08m	660	2016	1.0000
0.3657	hydroenergy1	1046	3024	1.0000
0.3657	wastepaper6	191	1416	1.0000
0.3599	waterund11	160	828	0.7224
0.3570	syn10m03hfsg	1071	2772	0.9921
0.3565	kissing2	20772	401024	1.0000
0.3522	sssd20-08persp	356	1232	1.0000
0.3511	waterund01	96	404	0.7297
0.3447	qspp_0_14_0_1_10_1	560	120274	0.9950
0.3438	p_ball_10b_5p_4d_m	403	1484	0.9784
0.3435	st_e31	301	744	0.9389
0.3422	p_ball_10b_5p_2d_m	293	964	0.9848
0.3419	sssd18-08persp	338	1168	1.0000
0.3394	squfl025-025persp	3800	11250	1.0000
0.3393	wastewater05m1	98	536	0.6845
0.3389	graphpart_clique-20	80	1260	0.7985
0.3378	lop97icx	1073	2118	0.8078
0.3344	graphpart_3g-0244-0244	128	672	0.9727
0.3339	genpooling_lee2	221	1048	0.7051
0.3331	demo7	155	618	0.9573
0.3282	slay07m	497	1512	1.0000
0.3218	pooling_adhya4pq	170	932	0.6809
0.3165	pooling_rt2tp	118	654	0.9864
0.3161	st_rv9	90	840	0.9447
0.3153	graphpart_clique-70	280	14910	0.8103
0.3144	orth_d4m6_pl	172	1096	0.9785
0.3084	waterund08	230	1290	0.8534
0.3051	clay0204m	222	704	1.0000
0.3029	sssd25-08	401	1200	1.0000
0.3022	clay0203m	132	420	1.0000
0.3011	clay0304m	258	840	1.0000
0.2980	graphpart_3g-0333-0333	108	648	0.8064
0.2964	qspp_0_13_0_1_10_1	481	88522	0.9948
0.2957	slay05m	240	720	1.0000
0.2948	slay06m	357	1080	1.0000
0.2911	pooling_adhya4tp	170	936	0.7667
0.2898	syn15hfsg	399	1022	0.9915
0.2869	prolog	64	292	0.9839
0.2865	cont6-qq	120395	557994	0.6962
0.2863	st_m2	72	1226	1.0000
0.2860	tspn08	72	668	0.6863
0.2859	st_test8	64	232	0.8382
0.2850	ex1263a	94	390	1.0000
0.2761	elf	124	376	0.7951
0.2754	csched1	110	376	1.0000
0.2730	meanvar-orl400_05_e_7	5205	174804	0.9998
0.2692	st_rv2	40	340	1.0000
0.2682	meanvar-orl400_05_e_8	4405	171604	1.0000
0.2669	wastewater02m1	36	138	0.9316
0.2634	slay04m	146	432	1.0000
0.2603	sporttournament08	31	156	1.0000
0.2579	ex8_4_1	32	100	1.0000
0.2546	maxcsp-ehi-85-297-71	2372	207996	0.8040
0.2524	maxmin	181	1440	1.0000
0.2480	ex7_2_1	35	134	0.9688
0.2477	pooling_haverly1pq	31	96	0.9782
0.2447	qspp_0_10_0_1_10_1	280	29636	0.9946
0.2442	qspp_0_11_0_1_10_1	341	44264	0.9911
0.2440	st_bpaf1a	30	120	0.9310
0.2380	pooling_haverly1tp	31	96	0.9527
0.2379	hybriddynamic_fixed	168	388	1.0000
0.2379	st_jcbpaf2	36	246	0.9437
0.2338	st_e07	19	60	1.0000
0.2281	st_m1	42	432	1.0000
0.2269	nvs05	22	84	0.9603
0.2262	qap	255	43748	0.9599
0.2233	pointpack04	29	120	1.0000
0.2207	sssd15-04	163	440	1.0000
0.2195	kall_diffcircles_6	76	302	1.0000
0.2187	ex5_2_4	18	62	0.9461
0.2179	prob02	22	76	0.8689
0.2169	watercontamination0303r	1310	37028	1.0000
0.2150	pointpack06	55	276	1.0000
0.2117	sep1	69	206	0.9544
0.2022	st_ph1	16	58	0.8504
0.1977	ex1223	33	82	1.0000
0.1908	tln2	32	88	1.0000
0.1895	st_qpk3	55	548	0.6881
0.1846	ex1223b	25	66	1.0000
0.1839	ex2_1_3	31	72	1.0000
0.1811	ex9_2_6	28	68	1.0000
0.1802	ex6_1_4	10	48	0.7766
0.1796	ex1225	26	66	0.9415
0.1782	ex8_1_7	14	46	0.9343
0.1781	himmel11	14	60	1.0000
0.1776	ex9_1_2	19	54	0.9521
0.1746	st_bsj2	13	40	0.7972
0.1702	st_glmp_ss1	24	66	1.0000
0.1690	nvs02	11	46	1.0000
0.1600	st_glmp_ss2	18	48	1.0000
0.1567	oaer	20	40	1.0000
0.1564	ex3_1_3	18	36	0.9222
0.1551	st_ph13	23	68	0.8599
0.1536	st_bpk1	16	44	0.9391
0.1435	st_pan1	11	32	0.7642
0.1363	ex9_2_4	15	36	1.0000
0.1251	ex14_1_8	11	30	1.0000
0.1218	st_ht	8	18	0.8627
0.1170	st_e22	12	30	0.9091
0.0002	polygon75	5846	49652	1.0000
0.0001	pedigree_sim400	351	23546	0.9997
0.0000	camshape400	2000	7188	1.0000
0.0000	autocorr_bern40-30	43	1534	1.0000
0.0000	smallinvDAXr1b010-011	39	1120	0.9859
0.0000	autocorr_bern35-35fix	38	1264	1.0000
0.0000	autocorr_bern30-23	33	878	1.0000
0.0000	autocorr_bern25-19	28	612	1.0000
0.0000	cvxnonsep_psig30	30	870	1.0000
0.0000	autocorr_bern20-15	23	394	1.0000
0.0000	st_qpc-m3a	30	304	0.6755
0.0000	cvxnonsep_psig20	20	380	1.0000
0.0000	nvs23	27	252	0.6356
0.0000	nvs19	24	200	0.6534
0.0000	st_iqpbk1	22	98	1.0000
0.0000	st_e25	20	92	0.7798
0.0000	cvxnonsep_normcon20r	82	162	1.0000
0.0000	cvxnonsep_psig30r	126	250	1.0000
0.0000	st_e24	10	26	0.8906
0.0000	cvxnonsep_normcon40r	162	322	1.0000
0.0000	st_e41	8	32	1.0000
0.0000	st_miqp2	10	18	1.0000
0.0000	cvxnonsep_psig20r	86	170	1.0000
matrices under 0.010s: 23/300
matrices under 0.050s: 23/300
matrices under 0.100s: 23/300
matrices under 0.200s: 47/300
matrices under 0.400s: 135/300

--- per-bucket ---
lt_1k    count=147   geomean=0.8873
1k_10k   count=108   geomean=0.8373
gt_10k   count=45    geomean=0.6823
SCORE = 0.790308
WORST order() = 1.489 s
FORCEAUDIT	stage1b_sites=39	force_fires=0	unsound=0	core_total_mismatch=0	max_drift_ppm=0	worst_incumbent=0	worst_adopted=0	tie_window_opened=16	tie_pass_run=2
ok

test result: ok. 1 passed; 0 failed; 0 ignored; 0 measured; 180 filtered out; finished in 151.55s

