warning: unused doc comment
    --> candidate-worker/src/../../src/ordering/mod.rs:1322:1
     |
1322 | / /// TEST-ONLY sweep switch for the mid-size `rgreedy` stream opened by the 0154
1323 | | /// engine census. Returns `(ops_budget, gate_variant, stream_count)`; a zero
1324 | | /// budget disables the stream, which is what production compiles to — the
1325 | | /// switch can never change a submitted ordering. Configured through
1326 | | /// `SSI_MID_ENGINE="<variant>:<budget>[:<streams>]"` so one build can sweep
1327 | | /// several gate/budget points.
     | |_------------------------------^
     |   |
     |   rustdoc does not generate documentation for macro invocations
     |
     = help: to document an item produced by a macro, the macro must produce the documentation as part of its expansion
     = note: `#[warn(unused_doc_comments)]` (part of `#[warn(unused)]`) on by default

warning: unused doc comment
    --> candidate-worker/src/../../src/ordering/mod.rs:1608:1
     |
1608 | / /// TEST-ONLY kill switch for the heavy-tier arm (metrics + no-dense AMD +
1609 | | /// extra AMF α), so a probe can A/B the arm in one process.
     | |_-----------------------------------------------------------^
     |   |
     |   rustdoc does not generate documentation for macro invocations
     |
     = help: to document an item produced by a macro, the macro must produce the documentation as part of its expansion

warning: unused doc comment
   --> candidate-worker/src/../../src/ordering/parallel.rs:335:1
    |
335 | / /// TEST-ONLY switch forcing every batch onto the sequential path, so a probe
336 | | /// can run the SAME `order()` both ways in one process and compare the
337 | | /// returned permutations element by element. Production builds compile
338 | | /// [`force_sequential`] down to a constant `false`.
    | |_---------------------------------------------------^
    |   |
    |   rustdoc does not generate documentation for macro invocations
    |
    = help: to document an item produced by a macro, the macro must produce the documentation as part of its expansion

warning: unused doc comment
   --> candidate-worker/src/../../src/ordering/parallel.rs:369:1
    |
369 | / /// TEST-ONLY per-phase wall-clock marks: `phase_mark(label, t0)` appends
370 | | /// `(label, secs since t0)`; `phase_take()` drains them. Lets a probe see which
371 | | /// stage of `order()` sets a row's critical path. Never compiled into the
372 | | /// shipped binary.
    | |_------------------^
    |   |
    |   rustdoc does not generate documentation for macro invocations
    |
    = help: to document an item produced by a macro, the macro must produce the documentation as part of its expansion

warning: unused doc comment
    --> candidate-worker/src/../../src/ordering/mod.rs:5224:5
     |
5224 | /     /// ── 0192: the window is the frontier's own chain scope ─────────────────
5225 | |     /// The chain no longer reaches above n = 10 000 (see `PEO_ALT_MAX_N`), so
5226 | |     /// the draw takes over the whole band the chain used to own. Measured on the
5227 | |     /// 300 dev rows: with the window at 50 000 instead of 12 000 the draw adds
...    |
5233 | |     /// spender there), and its worst row is 1.127 s against the frontier's
5234 | |     /// 1.160 s base, so the wide band stays below the frontier's own footprint.
     | |________________________________________________________________________________^
5235 |       #[cfg(test)]
5236 | /     let window_n: usize = std::env::var("SSI_TERM_WIN_N")
5237 | |         .ok()
5238 | |         .and_then(|v| v.trim().parse::<usize>().ok())
5239 | |         .unwrap_or(50_000);
     | |___________________________- rustdoc does not generate documentation for statements
     |
     = help: use `//` for a plain comment

warning: unused doc comment
    --> candidate-worker/src/../../src/ordering/mod.rs:5399:9
     |
5399 | /         /// `nnz < 3n` = the sparse band of the 0184 price law (66 of the 300 dev
5400 | |         /// rows, all of them in-window). Structural, never per-matrix.
     | |_______________________________________________________________________^
5401 | /         let shipped_ladder = || {
5402 | |             if nnz < 3 * n {
5403 | |                 SHIPPED_SPARSE_LADDER.to_vec()
5404 | |             } else if dense_rung_on && nnz >= 10 * n {
...    |
5409 | |         };
     | |__________- rustdoc does not generate documentation for statements
     |
     = help: use `//` for a plain comment

warning: variable does not need to be mutable
    --> candidate-worker/src/../../src/ordering/probe.rs:4165:9
     |
4165 |     let mut next = |s: &mut u64| -> u64 {
     |         ----^^^^
     |         |
     |         help: remove this `mut`
     |
     = note: `#[warn(unused_mut)]` (part of `#[warn(unused)]`) on by default

warning: unused variable: `t_refine`
   --> candidate-worker/src/../../src/ordering/rgreedy/window_dp.rs:763:17
    |
763 |             let t_refine = std::time::Instant::now();
    |                 ^^^^^^^^ help: if this is intentional, prefix it with an underscore: `_t_refine`
    |
    = note: `#[warn(unused_variables)]` (part of `#[warn(unused)]`) on by default

warning: value assigned to `d` is never read
   --> candidate-worker/src/../../src/ordering/rgreedy.rs:733:29
    |
733 |                 let mut d = 0u32;
    |                             ^^^^
    |
    = help: maybe it is overwritten before being read?
    = note: `#[warn(unused_assignments)]` (part of `#[warn(unused)]`) on by default

warning: constant `SUBTREE_MAX_N` is never used
   --> candidate-worker/src/../../src/ordering/mod.rs:946:7
    |
946 | const SUBTREE_MAX_N: usize = 250_000;
    |       ^^^^^^^^^^^^^
    |
    = note: `#[warn(dead_code)]` (part of `#[warn(unused)]`) on by default

warning: function `refine` is never used
  --> candidate-worker/src/../../src/ordering/completion.rs:12:15
   |
12 | pub(super) fn refine(
   |               ^^^^^^

warning: function `audit_enabled` is never used
   --> candidate-worker/src/../../src/ordering/symbolic_flat.rs:316:15
    |
316 | pub(super) fn audit_enabled() -> bool {
    |               ^^^^^^^^^^^^^

warning: type alias `PermFn` is never used
  --> candidate-worker/src/../../src/ordering/parallel.rs:80:17
   |
80 | pub(crate) type PermFn<'a> = Box<dyn Fn() -> Option<Vec<usize>> + Sync + 'a>;
   |                 ^^^^^^

warning: function `run_perms` is never used
   --> candidate-worker/src/../../src/ordering/parallel.rs:189:15
    |
189 | pub(crate) fn run_perms(
    |               ^^^^^^^^^

warning: function `accept` is never used
   --> candidate-worker/src/../../src/ordering/parallel.rs:314:15
    |
314 | pub(crate) fn accept(results: &mut [CandOut], best_flops: &mut u64, best_perm: &mut Vec<usize>) -> bool {
    |               ^^^^^^

warning: function `minl_is_clique` is never used
   --> candidate-worker/src/../../src/ordering/minl.rs:134:4
    |
134 | fn minl_is_clique(adj: &[Vec<u32>], c: &[u32], ops: &mut i64) -> bool {
    |    ^^^^^^^^^^^^^^

warning: function `minl_try_delete_edge` is never used
   --> candidate-worker/src/../../src/ordering/minl.rs:230:4
    |
230 | fn minl_try_delete_edge(
    |    ^^^^^^^^^^^^^^^^^^^^

warning: function `run_sequential_180` is never used
   --> candidate-worker/src/../../src/ordering/indep_first.rs:725:4
    |
725 | fn run_sequential_180(sp: &ScoringPattern, ledger: u64) -> Option<(u64, Vec<usize>)> {
    |    ^^^^^^^^^^^^^^^^^^

warning: function `reset` is never used
   --> candidate-worker/src/../../src/ordering/mod.rs:560:19
    |
560 |     pub(crate) fn reset() {
    |                   ^^^^^

warning: `ssi-candidate-worker` (bin "ssi-candidate-worker" test) generated 19 warnings (run `cargo fix --bin "ssi-candidate-worker" -p ssi-candidate-worker --tests` to apply 2 suggestions)
    Finished `release` profile [optimized] target(s) in 0.01s
     Running unittests src/main.rs (target/release/deps/ssi_candidate_worker-9bc17c144118ca64)

running 1 test
LADGATE	357	10000	0.223	1
LIFT	slay06m	357	147	660	147
COUNTS	slay06m	357	1080	4025	4025
COPYSTATS	slay06m	secs=0.296	asm_calls=49	asm_words=61258	asm_ms=0.0	rst_calls=16324	rst_words=15789595	rst_ms=1.4	rst_tail_ms=2.5	elims=2989867	fullclear_words=15260122	sparse_words=4097622	sparse_clears=0
LADGATE	401	10000	0.247	1
LIFT	sssd25-08	401	89	640	89
COUNTS	sssd25-08	401	1200	5389	5389
COPYSTATS	sssd25-08	secs=0.277	asm_calls=57	asm_words=74230	asm_ms=0.0	rst_calls=27670	rst_words=12496996	rst_ms=1.9	rst_tail_ms=2.7	elims=2572456	fullclear_words=12045080	sparse_words=3828628	sparse_clears=0
LADGATE	4772	10000	0.453	1
LIFT	rsyn0810m04m	4772	2520	9996	2520
COUNTS	rsyn0810m04m	4772	13836	147553	113207
COPYSTATS	rsyn0810m04m	secs=0.711	asm_calls=159	asm_words=9109091	asm_ms=4.5	rst_calls=33189	rst_words=39466584	rst_ms=19.1	rst_tail_ms=4.4	elims=2224766	fullclear_words=37217568	sparse_words=2952753	sparse_clears=0
LIFT	pooling_sppc3pq	23173	12327	872032	12327
COUNTS	pooling_sppc3pq	23173	893724	1153877333	326440652
COPYSTATS	pooling_sppc3pq	secs=0.622	asm_calls=16	asm_words=50074	asm_ms=0.0	rst_calls=0	rst_words=0	rst_ms=0.0	rst_tail_ms=0.0	elims=0	fullclear_words=0	sparse_words=0	sparse_clears=0
LADGATE	1131	10000	0.514	1
LIFT	sporttournament48	1131	721	7408	721
COUNTS	sporttournament48	1131	6676	919582	592120
COPYSTATS	sporttournament48	secs=0.675	asm_calls=71	asm_words=1074687	asm_ms=0.2	rst_calls=1116	rst_words=13604570	rst_ms=1.7	rst_tail_ms=0.7	elims=736053	fullclear_words=12533150	sparse_words=6191239	sparse_clears=0
LADGATE	5030	10000	0.378	2
LIFT	pooling_sppa9pq	5030	2509	126346	2509
COUNTS	pooling_sppa9pq	5030	120730	23971280	15198662
COPYSTATS	pooling_sppa9pq	secs=0.422	asm_calls=87	asm_words=892448	asm_ms=0.4	rst_calls=4939	rst_words=7289694	rst_ms=3.0	rst_tail_ms=0.7	elims=228452	fullclear_words=6311453	sparse_words=604694	sparse_clears=0
LADGATE	1053	10000	0.312	1
LIFT	edgecross10-090	1053	571	4240	571
COUNTS	edgecross10-090	1053	5204	126115	103179
COPYSTATS	edgecross10-090	secs=0.422	asm_calls=88	asm_words=625205	asm_ms=0.1	rst_calls=19481	rst_words=12016201	rst_ms=2.3	rst_tail_ms=1.9	elims=1308800	fullclear_words=11349759	sparse_words=1798270	sparse_clears=0
LIFT	maxcsp-ehi-85-297-71	2372	2075	216272	2075
COUNTS	maxcsp-ehi-85-297-71	2372	207996	1381768944	1110971341
COPYSTATS	maxcsp-ehi-85-297-71	secs=0.247	asm_calls=21	asm_words=124849	asm_ms=0.0	rst_calls=232	rst_words=342180	rst_ms=0.0	rst_tail_ms=0.0	elims=6044	fullclear_words=30815	sparse_words=23277	sparse_clears=0
LADGATE	30	10000	0.204	1
COUNTS	st_bpaf1a	30	120	623	580
COPYSTATS	st_bpaf1a	secs=0.303	asm_calls=40	asm_words=1200	asm_ms=0.0	rst_calls=267225	rst_words=8016750	rst_ms=5.5	rst_tail_ms=10.8	elims=7273218	fullclear_words=7273218	sparse_words=7115358	sparse_clears=0
LADGATE	1462	10000	0.459	1
LIFT	risk2bpb	1462	628	4030	628
COUNTS	risk2bpb	1462	5396	118471	66041
COPYSTATS	risk2bpb	secs=0.659	asm_calls=105	asm_words=1355383	asm_ms=0.3	rst_calls=3298	rst_words=20643728	rst_ms=2.8	rst_tail_ms=1.2	elims=1214073	fullclear_words=20176854	sparse_words=2510421	sparse_clears=0
LADGATE	255	10000	0.095	2
LIFT	qap	255	225	49148	225
COUNTS	qap	255	43748	3802533	3650113
COPYSTATS	qap	secs=0.254	asm_calls=24	asm_words=24480	asm_ms=0.0	rst_calls=1127	rst_words=1149540	rst_ms=0.1	rst_tail_ms=0.2	elims=282660	fullclear_words=1130640	sparse_words=1059718	sparse_clears=0
LADGATE	7252	10000	0.396	1
LIFT	rsyn0830m04m	7252	3744	14872	3744
COUNTS	rsyn0830m04m	7252	20752	212130	172126
COPYSTATS	rsyn0830m04m	secs=0.777	asm_calls=109	asm_words=14143647	asm_ms=8.1	rst_calls=17261	rst_words=38670380	rst_ms=21.6	rst_tail_ms=2.9	elims=1419923	fullclear_words=32090891	sparse_words=1775794	sparse_clears=0
LADGATE	1073	10000	0.243	1
LIFT	lop97icx	1073	155	1760	155
COUNTS	lop97icx	1073	2118	79286	64044
COPYSTATS	lop97icx	secs=0.328	asm_calls=52	asm_words=652185	asm_ms=0.1	rst_calls=2381	rst_words=12684304	rst_ms=1.6	rst_tail_ms=0.9	elims=979119	fullclear_words=12454299	sparse_words=1213942	sparse_clears=0
LADGATE	1201	10000	0.206	1
LIFT	chain400	1201	800	3196	800
COUNTS	chain400	1201	4796	16382	16382
COPYSTATS	chain400	secs=0.246	asm_calls=24	asm_words=477212	asm_ms=0.1	rst_calls=411	rst_words=8343847	rst_ms=1.1	rst_tail_ms=0.4	elims=397651	fullclear_words=7465645	sparse_words=1000789	sparse_clears=0
LADGATE	9532	10000	0.556	1
LIFT	mpbp_07	9532	5704	23110	5704
COUNTS	mpbp_07	9532	30810	1368477	1248083
COPYSTATS	mpbp_07	secs=0.919	asm_calls=190	asm_words=24649529	asm_ms=14.2	rst_calls=23536	rst_words=63300372	rst_ms=33.6	rst_tail_ms=5.0	elims=2538110	fullclear_words=55786336	sparse_words=4287954	sparse_clears=0
LADGATE	440	10000	0.309	1
LIFT	sonetgr17	440	317	2712	317
COUNTS	sonetgr17	440	2958	37814	30971
COPYSTATS	sonetgr17	secs=0.437	asm_calls=90	asm_words=117636	asm_ms=0.0	rst_calls=19321	rst_words=12616832	rst_ms=2.1	rst_tail_ms=2.3	elims=2135482	fullclear_words=12040804	sparse_words=3108804	sparse_clears=0
LADGATE	2207	10000	0.380	1
LIFT	p_ball_30b_7p_2d_h	2207	1415	5932	1415
COUNTS	p_ball_30b_7p_2d_h	2207	7516	42456	42319
COPYSTATS	p_ball_30b_7p_2d_h	secs=0.545	asm_calls=123	asm_words=2313987	asm_ms=0.5	rst_calls=22908	rst_words=22598463	rst_ms=4.6	rst_tail_ms=3.1	elims=1679483	fullclear_words=21617735	sparse_words=2456779	sparse_clears=0
LADGATE	19995	10000	0.465	0
LIFT	pinene200	19995	15795	89590	15795
COUNTS	pinene200	19995	97990	1358716	1133419
COPYSTATS	pinene200	secs=0.821	asm_calls=162	asm_words=62683959	asm_ms=23.9	rst_calls=48693	rst_words=98221576	rst_ms=38.6	rst_tail_ms=5.3	elims=2393167	fullclear_words=72479710	sparse_words=3053974	sparse_clears=0
LIFT	unitcommit_200_100_1_mod_8	146830	73272	329560	73272
COUNTS	unitcommit_200_100_1_mod_8	146830	476332	3053940	2981835
COPYSTATS	unitcommit_200_100_1_mod_8	secs=0.416	asm_calls=0	asm_words=0	asm_ms=0.0	rst_calls=0	rst_words=0	rst_ms=0.0	rst_tail_ms=0.0	elims=0	fullclear_words=0	sparse_words=0	sparse_clears=0
LADGATE	123	10000	0.269	1
LIFT	ex8_3_9	123	101	766	101
COUNTS	ex8_3_9	123	834	15050	11503
COPYSTATS	ex8_3_9	secs=0.375	asm_calls=61	asm_words=13846	asm_ms=0.0	rst_calls=38161	rst_words=9020986	rst_ms=1.2	rst_tail_ms=3.8	elims=4166283	fullclear_words=8332566	sparse_words=7668768	sparse_clears=0
LADGATE	2486	10000	0.496	1
LIFT	rsyn0820m02m	2486	1364	4808	1364
COUNTS	rsyn0820m02m	2486	6932	38190	35778
COPYSTATS	rsyn0820m02m	secs=0.707	asm_calls=167	asm_words=3239772	asm_ms=0.8	rst_calls=39371	rst_words=25457039	rst_ms=6.2	rst_tail_ms=4.1	elims=2504965	fullclear_words=24320025	sparse_words=3995954	sparse_clears=0
LADGATE	293	10000	0.253	1
LIFT	p_ball_10b_5p_2d_m	293	119	716	119
COUNTS	p_ball_10b_5p_2d_m	293	964	6648	6547
COPYSTATS	p_ball_10b_5p_2d_m	secs=0.361	asm_calls=64	asm_words=63020	asm_ms=0.0	rst_calls=24263	rst_words=14012260	rst_ms=1.3	rst_tail_ms=2.9	elims=3338185	fullclear_words=13625335	sparse_words=5776446	sparse_clears=0
LADGATE	170	10000	0.205	1
LIFT	pooling_adhya4tp	170	93	806	93
COUNTS	pooling_adhya4tp	170	936	26842	20581
COPYSTATS	pooling_adhya4tp	secs=0.310	asm_calls=51	asm_words=22490	asm_ms=0.0	rst_calls=21629	rst_words=9044230	rst_ms=1.0	rst_tail_ms=2.6	elims=2937925	fullclear_words=8317391	sparse_words=3475283	sparse_clears=0
LADGATE	7295	10000	0.269	1
LIFT	squfl015-080persp	7295	2495	12000	2495
COUNTS	squfl015-080persp	7295	21600	74520	74520
COPYSTATS	squfl015-080persp	secs=0.285	asm_calls=47	asm_words=1672690	asm_ms=0.9	rst_calls=3238	rst_words=4838948	rst_ms=2.5	rst_tail_ms=0.6	elims=320721	fullclear_words=4160594	sparse_words=436689	sparse_clears=0
LADGATE	1053	10000	0.299	1
LIFT	edgecross10-080	1053	571	4976	571
COUNTS	edgecross10-080	1053	5940	170814	161870
COPYSTATS	edgecross10-080	secs=0.417	asm_calls=74	asm_words=629205	asm_ms=0.1	rst_calls=6918	rst_words=10520153	rst_ms=1.5	rst_tail_ms=1.0	elims=930205	fullclear_words=10112195	sparse_words=1379510	sparse_clears=0
LADGATE	590	10000	0.285	1
LIFT	clay0204hfsg	590	278	1184	278
COUNTS	clay0204hfsg	590	1696	7198	6562
COPYSTATS	clay0204hfsg	secs=0.371	asm_calls=97	asm_words=223965	asm_ms=0.0	rst_calls=31549	rst_words=13116555	rst_ms=2.4	rst_tail_ms=2.9	elims=2413350	fullclear_words=12156676	sparse_words=3571639	sparse_clears=0
LADGATE	13	10000	0.177	1
COUNTS	st_bsj2	13	40	143	114
COPYSTATS	st_bsj2	secs=0.269	asm_calls=28	asm_words=364	asm_ms=0.0	rst_calls=728922	rst_words=9475986	rst_ms=14.5	rst_tail_ms=17.3	elims=8671828	fullclear_words=8671828	sparse_words=8139877	sparse_clears=0
LADGATE	440	10000	0.394	1
LIFT	chimera_mgw-c8-439-onc8-002	440	418	3060	418
COUNTS	chimera_mgw-c8-439-onc8-002	440	3038	97870	86320
COPYSTATS	chimera_mgw-c8-439-onc8-002	secs=0.547	asm_calls=77	asm_words=177245	asm_ms=0.0	rst_calls=6893	rst_words=9576476	rst_ms=1.1	rst_tail_ms=1.6	elims=1405916	fullclear_words=9085502	sparse_words=4290776	sparse_clears=0
LADGATE	5188	10000	0.469	1
LIFT	batchs201210m	5188	2645	13208	2645
COUNTS	batchs201210m	5188	17910	349298	303381
COPYSTATS	batchs201210m	secs=0.678	asm_calls=137	asm_words=8547345	asm_ms=4.2	rst_calls=26325	rst_words=36546529	rst_ms=17.4	rst_tail_ms=4.0	elims=1776908	fullclear_words=33789591	sparse_words=2752501	sparse_clears=0
LADGATE	5456	10000	0.529	1
LIFT	rsyn0815m04m	5456	2966	10968	2966
COUNTS	rsyn0815m04m	5456	15756	184352	143595
COPYSTATS	rsyn0815m04m	secs=0.835	asm_calls=117	asm_words=11791550	asm_ms=6.2	rst_calls=48943	rst_words=42102793	rst_ms=22.2	rst_tail_ms=6.1	elims=3030584	fullclear_words=38737254	sparse_words=3543335	sparse_clears=0
LADGATE	560	10000	0.272	1
LIFT	syn40m	560	291	1080	291
COUNTS	syn40m	560	1528	5007	4829
COPYSTATS	syn40m	secs=0.386	asm_calls=75	asm_words=192373	asm_ms=0.0	rst_calls=14867	rst_words=12693771	rst_ms=1.8	rst_tail_ms=1.9	elims=1906311	fullclear_words=11603608	sparse_words=2992973	sparse_clears=0
LADGATE	2157	10000	0.227	2
LIFT	knp5-44	2157	1167	31152	1167
COUNTS	knp5-44	2157	32604	3764003	3764003
COPYSTATS	knp5-44	secs=0.386	asm_calls=19	asm_words=847391	asm_ms=0.1	rst_calls=109	rst_words=5236151	rst_ms=0.7	rst_tail_ms=0.2	elims=159472	fullclear_words=5174587	sparse_words=316393	sparse_clears=0
LADGATE	94	10000	0.206	1
LIFT	ex1263a	94	59	320	59
COUNTS	ex1263a	94	390	2098	2098
COPYSTATS	ex1263a	secs=0.294	asm_calls=42	asm_words=5487	asm_ms=0.0	rst_calls=59583	rst_words=10375118	rst_ms=1.7	rst_tail_ms=4.7	elims=4897184	fullclear_words=9686759	sparse_words=5104339	sparse_clears=0
COUNTS	st_e41	8	32	88	88
COPYSTATS	st_e41	secs=0.000	asm_calls=0	asm_words=0	asm_ms=0.0	rst_calls=0	rst_words=0	rst_ms=0.0	rst_tail_ms=0.0	elims=0	fullclear_words=0	sparse_words=0	sparse_clears=0
LADGATE	2305	10000	0.295	1
LIFT	squfl025-030	2305	805	3000	805
COUNTS	squfl025-030	2305	6000	42305	42305
COPYSTATS	squfl025-030	secs=0.315	asm_calls=63	asm_words=1458255	asm_ms=0.2	rst_calls=13081	rst_words=14876047	rst_ms=2.4	rst_tail_ms=1.6	elims=1131320	fullclear_words=14637616	sparse_words=1467184	sparse_clears=0
LADGATE	98	10000	0.249	1
LIFT	wastewater05m1	98	62	740	62
COUNTS	wastewater05m1	98	536	11690	8002
COPYSTATS	wastewater05m1	secs=0.369	asm_calls=50	asm_words=8978	asm_ms=0.0	rst_calls=54989	rst_words=8630643	rst_ms=1.4	rst_tail_ms=4.6	elims=4360690	fullclear_words=7982163	sparse_words=6192217	sparse_clears=0
COUNTS	cvxnonsep_psig20	20	380	2870	2870
COPYSTATS	cvxnonsep_psig20	secs=0.000	asm_calls=0	asm_words=0	asm_ms=0.0	rst_calls=0	rst_words=0	rst_ms=0.0	rst_tail_ms=0.0	elims=0	fullclear_words=0	sparse_words=0	sparse_clears=0
LADGATE	4405	10000	0.144	2
LIFT	meanvar-orl400_05_e_8	4405	2403	168400	2403
COUNTS	meanvar-orl400_05_e_8	4405	171604	21923414	21922611
COPYSTATS	meanvar-orl400_05_e_8	secs=0.300	asm_calls=12	asm_words=3647340	asm_ms=1.8	rst_calls=52	rst_words=15805140	rst_ms=6.8	rst_tail_ms=0.4	elims=216788	fullclear_words=14958372	sparse_words=414900	sparse_clears=0
LADGATE	301	10000	0.265	1
LIFT	st_e31	301	163	492	163
COUNTS	st_e31	301	744	4534	4257
COPYSTATS	st_e31	secs=0.363	asm_calls=71	asm_words=60271	asm_ms=0.0	rst_calls=34332	rst_words=12289944	rst_ms=1.5	rst_tail_ms=3.1	elims=3168255	fullclear_words=11538735	sparse_words=4432943	sparse_clears=0
LIFT	pooling_sppc1pq	14100	7273	535700	7273
COUNTS	pooling_sppc1pq	14100	477680	812210652	136686008
COPYSTATS	pooling_sppc1pq	secs=0.413	asm_calls=16	asm_words=79942	asm_ms=0.0	rst_calls=0	rst_words=0	rst_ms=0.0	rst_tail_ms=0.0	elims=0	fullclear_words=0	sparse_words=0	sparse_clears=0
LADGATE	31	10000	0.205	1
COUNTS	pooling_haverly1pq	31	96	412	403
COPYSTATS	pooling_haverly1pq	secs=0.304	asm_calls=40	asm_words=1240	asm_ms=0.0	rst_calls=275610	rst_words=8543910	rst_ms=6.0	rst_tail_ms=11.3	elims=7803635	fullclear_words=7803635	sparse_words=7640939	sparse_clears=0
LADGATE	128	10000	0.225	1
LIFT	graphpart_3g-0244-0244	128	96	672	96
COUNTS	graphpart_3g-0244-0244	128	672	33446	32534
COPYSTATS	graphpart_3g-0244-0244	secs=0.351	asm_calls=55	asm_words=13120	asm_ms=0.0	rst_calls=23899	rst_words=5779584	rst_ms=0.8	rst_tail_ms=2.6	elims=2669764	fullclear_words=5339528	sparse_words=4557593	sparse_clears=0
LADGATE	80	10000	0.232	2
LIFT	graphpart_clique-20	80	77	1254	77
COUNTS	graphpart_clique-20	80	1260	34885	27856
COPYSTATS	graphpart_clique-20	secs=0.539	asm_calls=47	asm_words=6920	asm_ms=0.0	rst_calls=55176	rst_words=8045960	rst_ms=1.5	rst_tail_ms=4.1	elims=3973541	fullclear_words=7483233	sparse_words=6918627	sparse_clears=0
LADGATE	28368	10000	0.694	0
LIFT	mpbp_48	28368	16000	66180	16000
COUNTS	mpbp_48	28368	91016	33835023	16117367
COPYSTATS	mpbp_48	secs=1.001	asm_calls=97	asm_words=12780512	asm_ms=4.8	rst_calls=2408	rst_words=54831588	rst_ms=20.3	rst_tail_ms=4.3	elims=680850	fullclear_words=50343173	sparse_words=1176994	sparse_clears=0
LIFT	pooling_sppb5pq	18529	9496	693670	9496
COUNTS	pooling_sppb5pq	18529	674470	523815053	213571545
COPYSTATS	pooling_sppb5pq	secs=0.571	asm_calls=16	asm_words=7920	asm_ms=0.0	rst_calls=0	rst_words=0	rst_ms=0.0	rst_tail_ms=0.0	elims=0	fullclear_words=0	sparse_words=0	sparse_clears=0
LADGATE	497	10000	0.249	1
LIFT	slay07m	497	203	924	203
COUNTS	slay07m	497	1512	5740	5740
COPYSTATS	slay07m	secs=0.324	asm_calls=67	asm_words=110599	asm_ms=0.0	rst_calls=29944	rst_words=16574607	rst_ms=3.2	rst_tail_ms=2.9	elims=2603848	fullclear_words=16057732	sparse_words=3509441	sparse_clears=0
COUNTS	nvs19	24	200	1353	884
COPYSTATS	nvs19	secs=0.000	asm_calls=0	asm_words=0	asm_ms=0.0	rst_calls=0	rst_words=0	rst_ms=0.0	rst_tail_ms=0.0	elims=0	fullclear_words=0	sparse_words=0	sparse_clears=0
LADGATE	3270	10000	0.397	1
LIFT	oil	3270	1687	5444	1687
COUNTS	oil	3270	8430	36313	34760
COPYSTATS	oil	secs=0.523	asm_calls=161	asm_words=4566105	asm_ms=1.5	rst_calls=32602	rst_words=31009936	rst_ms=9.7	rst_tail_ms=3.4	elims=2167369	fullclear_words=29900008	sparse_words=3812567	sparse_clears=0
LADGATE	2775	10000	0.432	1
LIFT	squfl015-060	2775	975	3600	975
COUNTS	squfl015-060	2775	7200	36400	36400
COPYSTATS	squfl015-060	secs=0.446	asm_calls=68	asm_words=2079790	asm_ms=0.4	rst_calls=14731	rst_words=16755640	rst_ms=3.7	rst_tail_ms=1.7	elims=1187906	fullclear_words=16434678	sparse_words=1458460	sparse_clears=0
LADGATE	1112	10000	0.431	1
LIFT	ndcc12persp	1112	961	5220	961
COUNTS	ndcc12persp	1112	5522	299115	284793
COPYSTATS	ndcc12persp	secs=0.633	asm_calls=116	asm_words=857570	asm_ms=0.2	rst_calls=73117	rst_words=14313331	rst_ms=5.2	rst_tail_ms=5.1	elims=2037856	fullclear_words=12092881	sparse_words=3460277	sparse_clears=0
LIFT	kissing2	20772	10772	381024	10772
COUNTS	kissing2	20772	401024	156414018	156414018
COPYSTATS	kissing2	secs=0.363	asm_calls=0	asm_words=0	asm_ms=0.0	rst_calls=0	rst_words=0	rst_ms=0.0	rst_tail_ms=0.0	elims=0	fullclear_words=0	sparse_words=0	sparse_clears=0
LADGATE	1942	10000	0.499	1
LIFT	nuclear25a	1942	755	18260	755
COUNTS	nuclear25a	1942	16030	1977163	1134611
COPYSTATS	nuclear25a	secs=0.803	asm_calls=104	asm_words=1648903	asm_ms=0.4	rst_calls=26572	rst_words=15297940	rst_ms=3.6	rst_tail_ms=3.3	elims=1191153	fullclear_words=12246164	sparse_words=2622026	sparse_clears=0
LADGATE	222	10000	0.228	1
LIFT	clay0204m	222	102	464	102
COUNTS	clay0204m	222	704	2330	2330
COPYSTATS	clay0204m	secs=0.304	asm_calls=46	asm_words=26308	asm_ms=0.0	rst_calls=28311	rst_words=15890782	rst_ms=1.4	rst_tail_ms=3.6	elims=4303785	fullclear_words=15113101	sparse_words=5433030	sparse_clears=0
LADGATE	23	10000	0.188	1
COUNTS	st_ph13	23	68	207	178
COPYSTATS	st_ph13	secs=0.216	asm_calls=33	asm_words=759	asm_ms=0.0	rst_calls=318213	rst_words=7318899	rst_ms=6.9	rst_tail_ms=11.5	elims=6682765	fullclear_words=6682765	sparse_words=6480300	sparse_clears=0
LADGATE	1053	10000	0.383	1
LIFT	edgecross10-030	1053	573	5134	573
COUNTS	edgecross10-030	1053	4654	135854	100080
COPYSTATS	edgecross10-030	secs=0.509	asm_calls=71	asm_words=748796	asm_ms=0.1	rst_calls=15669	rst_words=19017219	rst_ms=2.7	rst_tail_ms=1.9	elims=1629011	fullclear_words=18236244	sparse_words=2254404	sparse_clears=0
LADGATE	601	10000	0.218	1
LIFT	chain200	601	400	1596	400
COUNTS	chain200	601	2396	8182	8182
COPYSTATS	chain200	secs=0.288	asm_calls=27	asm_words=152830	asm_ms=0.0	rst_calls=1874	rst_words=11125860	rst_ms=1.5	rst_tail_ms=1.0	elims=995970	fullclear_words=9927090	sparse_words=2286199	sparse_clears=0
LADGATE	25	10000	0.214	1
COUNTS	ex1223b	25	66	178	178
COPYSTATS	ex1223b	secs=0.239	asm_calls=27	asm_words=675	asm_ms=0.0	rst_calls=300619	rst_words=7515475	rst_ms=6.4	rst_tail_ms=11.3	elims=6758522	fullclear_words=6758522	sparse_words=6574366	sparse_clears=0
LADGATE	2718	10000	0.476	1
LIFT	slay09h	2718	1206	5040	1206
COUNTS	slay09h	2718	7488	36057	32385
COPYSTATS	slay09h	secs=0.557	asm_calls=178	asm_words=3154649	asm_ms=0.8	rst_calls=194398	rst_words=34383913	rst_ms=15.8	rst_tail_ms=11.4	elims=4536163	fullclear_words=32076936	sparse_words=5832311	sparse_clears=0
LADGATE	974	10000	0.436	1
LIFT	ndcc12	974	902	6222	902
COUNTS	ndcc12	974	5982	345696	329556
COPYSTATS	ndcc12	secs=0.720	asm_calls=145	asm_words=665590	asm_ms=0.1	rst_calls=34497	rst_words=10891430	rst_ms=3.0	rst_tail_ms=2.7	elims=1267989	fullclear_words=9707422	sparse_words=2928848	sparse_clears=0
LADGATE	1306	10000	0.429	1
LIFT	kall_circlesrectangles_c6r39	1306	924	4638	924
COUNTS	kall_circlesrectangles_c6r39	1306	5378	75744	74610
COPYSTATS	kall_circlesrectangles_c6r39	secs=0.644	asm_calls=188	asm_words=1082000	asm_ms=0.2	rst_calls=83523	rst_words=18842554	rst_ms=6.3	rst_tail_ms=7.3	elims=3371322	fullclear_words=17478145	sparse_words=4816098	sparse_clears=0
LADGATE	9170	10000	0.490	1
LIFT	squfl020-150	9170	3170	12000	3170
COUNTS	squfl020-150	9170	24000	135020	135020
COPYSTATS	squfl020-150	secs=0.529	asm_calls=50	asm_words=6611430	asm_ms=4.0	rst_calls=4899	rst_words=14027790	rst_ms=8.2	rst_tail_ms=0.8	elims=377755	fullclear_words=10734999	sparse_words=562239	sparse_clears=0
COUNTS	autocorr_bern40-30	43	1534	20034	20034
COPYSTATS	autocorr_bern40-30	secs=0.000	asm_calls=0	asm_words=0	asm_ms=0.0	rst_calls=0	rst_words=0	rst_ms=0.0	rst_tail_ms=0.0	elims=0	fullclear_words=0	sparse_words=0	sparse_clears=0
LADGATE	660	10000	0.273	1
LIFT	slay08m	660	268	1232	268
COUNTS	slay08m	660	2016	7796	7796
COPYSTATS	slay08m	secs=0.355	asm_calls=77	asm_words=198715	asm_ms=0.0	rst_calls=37180	rst_words=15869157	rst_ms=3.8	rst_tail_ms=2.6	elims=2053874	fullclear_words=15352948	sparse_words=2737005	sparse_clears=0
LADGATE	2032	10000	0.472	1
LIFT	chimera_mgw-c16-2031-01	2032	2021	15902	2021
COUNTS	chimera_mgw-c16-2031-01	2032	15900	3328073	2598956
COPYSTATS	chimera_mgw-c16-2031-01	secs=0.614	asm_calls=110	asm_words=1847223	asm_ms=0.4	rst_calls=16498	rst_words=11855993	rst_ms=2.4	rst_tail_ms=2.2	elims=973246	fullclear_words=10503140	sparse_words=2748109	sparse_clears=0
LADGATE	713	10000	0.366	1
LIFT	forest	713	404	2076	404
COUNTS	forest	713	2658	10614	10543
COPYSTATS	forest	secs=0.536	asm_calls=134	asm_words=323228	asm_ms=0.1	rst_calls=36282	rst_words=17220903	rst_ms=3.8	rst_tail_ms=3.2	elims=2456764	fullclear_words=16371747	sparse_words=3858447	sparse_clears=0
LADGATE	280	10000	0.133	2
LIFT	qspp_0_10_0_1_10_1	280	244	29450	244
COUNTS	qspp_0_10_0_1_10_1	280	29636	1942907	1932414
COPYSTATS	qspp_0_10_0_1_10_1	secs=0.257	asm_calls=41	asm_words=49696	asm_ms=0.0	rst_calls=1489	rst_words=2013084	rst_ms=0.1	rst_tail_ms=0.3	elims=402513	fullclear_words=1979635	sparse_words=1073709	sparse_clears=0
LADGATE	16	10000	0.188	1
COUNTS	st_ph1	16	58	274	233
COPYSTATS	st_ph1	secs=0.279	asm_calls=33	asm_words=528	asm_ms=0.0	rst_calls=542432	rst_words=8678912	rst_ms=10.8	rst_tail_ms=13.1	elims=7953365	fullclear_words=7953365	sparse_words=7584848	sparse_clears=0
LADGATE	124	10000	0.207	1
LIFT	elf	124	65	258	65
COUNTS	elf	124	376	2733	2173
COPYSTATS	elf	secs=0.308	asm_calls=40	asm_words=9920	asm_ms=0.0	rst_calls=40670	rst_words=10086160	rst_ms=1.2	rst_tail_ms=4.2	elims=4775247	fullclear_words=9550494	sparse_words=6207451	sparse_clears=0
LADGATE	18	10000	0.203	1
COUNTS	ex3_1_3	18	36	90	83
COPYSTATS	ex3_1_3	secs=0.228	asm_calls=33	asm_words=594	asm_ms=0.0	rst_calls=452384	rst_words=8142912	rst_ms=9.3	rst_tail_ms=12.5	elims=7335484	fullclear_words=7335484	sparse_words=6282139	sparse_clears=0
COUNTS	cvxnonsep_normcon40r	162	322	645	645
COPYSTATS	cvxnonsep_normcon40r	secs=0.000	asm_calls=0	asm_words=0	asm_ms=0.0	rst_calls=0	rst_words=0	rst_ms=0.0	rst_tail_ms=0.0	elims=0	fullclear_words=0	sparse_words=0	sparse_clears=0
LADGATE	155	10000	0.270	1
LIFT	demo7	155	66	448	66
COUNTS	demo7	155	618	3579	3426
COPYSTATS	demo7	secs=0.370	asm_calls=63	asm_words=19683	asm_ms=0.0	rst_calls=48767	rst_words=12875832	rst_ms=1.6	rst_tail_ms=4.5	elims=4913480	fullclear_words=12272046	sparse_words=6540596	sparse_clears=0
LADGATE	615	10000	0.347	1
LIFT	waternd2	615	338	2036	338
COUNTS	waternd2	615	2580	155674	74817
COPYSTATS	waternd2	secs=0.512	asm_calls=94	asm_words=235944	asm_ms=0.0	rst_calls=15062	rst_words=12754141	rst_ms=2.2	rst_tail_ms=2.1	elims=1697840	fullclear_words=12092306	sparse_words=3164586	sparse_clears=0
LADGATE	64	10000	0.230	1
LIFT	prolog	64	42	248	42
COUNTS	prolog	64	292	1245	1225
COPYSTATS	prolog	secs=0.333	asm_calls=51	asm_words=2974	asm_ms=0.0	rst_calls=108533	rst_words=6752146	rst_ms=2.5	rst_tail_ms=7.7	elims=6172218	fullclear_words=6172218	sparse_words=6127071	sparse_clears=0
LADGATE	11	10000	0.170	1
COUNTS	ex14_1_8	11	30	80	80
COPYSTATS	ex14_1_8	secs=0.194	asm_calls=17	asm_words=187	asm_ms=0.0	rst_calls=595819	rst_words=6554009	rst_ms=11.9	rst_tail_ms=12.6	elims=6006135	fullclear_words=6006135	sparse_words=5553521	sparse_clears=0
LIFT	faclay75	272878	137826	1109602	137826
COUNTS	faclay75	272878	1379706	3204527350	3013800414
COPYSTATS	faclay75	secs=0.562	asm_calls=0	asm_words=0	asm_ms=0.0	rst_calls=0	rst_words=0	rst_ms=0.0	rst_tail_ms=0.0	elims=0	fullclear_words=0	sparse_words=0	sparse_clears=0
LADGATE	55	10000	0.159	1
LIFT	st_qpk3	55	33	504	33
COUNTS	st_qpk3	55	548	5467	3762
COPYSTATS	st_qpk3	secs=0.234	asm_calls=42	asm_words=2200	asm_ms=0.0	rst_calls=105785	rst_words=5795009	rst_ms=2.5	rst_tail_ms=6.7	elims=5505919	fullclear_words=5505919	sparse_words=5437418	sparse_clears=0
LADGATE	11556	10000	0.527	0
LIFT	mpbp_34	11556	7230	32172	7230
COUNTS	mpbp_34	11556	40860	3093917	891022
COPYSTATS	mpbp_34	secs=0.742	asm_calls=144	asm_words=33713236	asm_ms=20.3	rst_calls=5763	rst_words=52719776	rst_ms=27.9	rst_tail_ms=3.0	elims=1669288	fullclear_words=36227196	sparse_words=2523886	sparse_clears=0
COUNTS	cvxnonsep_normcon20r	82	162	325	325
COPYSTATS	cvxnonsep_normcon20r	secs=0.000	asm_calls=0	asm_words=0	asm_ms=0.0	rst_calls=0	rst_words=0	rst_ms=0.0	rst_tail_ms=0.0	elims=0	fullclear_words=0	sparse_words=0	sparse_clears=0
COUNTS	cvxnonsep_psig20r	86	170	341	341
COPYSTATS	cvxnonsep_psig20r	secs=0.000	asm_calls=0	asm_words=0	asm_ms=0.0	rst_calls=0	rst_words=0	rst_ms=0.0	rst_tail_ms=0.0	elims=0	fullclear_words=0	sparse_words=0	sparse_clears=0
LADGATE	18742	10000	0.486	0
LIFT	crudeoil_pooling_dt2	18742	10735	60222	10735
COUNTS	crudeoil_pooling_dt2	18742	75910	14985540	9905819
COPYSTATS	crudeoil_pooling_dt2	secs=0.796	asm_calls=169	asm_words=5893017	asm_ms=2.2	rst_calls=10197	rst_words=38711405	rst_ms=14.0	rst_tail_ms=2.5	elims=1253401	fullclear_words=34175643	sparse_words=2333339	sparse_clears=0
LADGATE	2868	10000	0.549	1
LIFT	rsyn0805m03m	2868	1596	5810	1596
COUNTS	rsyn0805m03m	2868	8270	60979	54830
COPYSTATS	rsyn0805m03m	secs=0.736	asm_calls=216	asm_words=4054047	asm_ms=1.1	rst_calls=68653	rst_words=32429319	rst_ms=9.3	rst_tail_ms=6.9	elims=3595612	fullclear_words=30750125	sparse_words=5159244	sparse_clears=0
COUNTS	st_iqpbk1	22	98	295	295
COPYSTATS	st_iqpbk1	secs=0.000	asm_calls=0	asm_words=0	asm_ms=0.0	rst_calls=0	rst_words=0	rst_ms=0.0	rst_tail_ms=0.0	elims=0	fullclear_words=0	sparse_words=0	sparse_clears=0
LADGATE	96	10000	0.284	1
LIFT	waterund01	96	47	384	47
COUNTS	waterund01	96	404	4546	3317
COPYSTATS	waterund01	secs=0.392	asm_calls=47	asm_words=8148	asm_ms=0.0	rst_calls=75045	rst_words=11519563	rst_ms=2.0	rst_tail_ms=5.9	elims=5893222	fullclear_words=10799897	sparse_words=7723344	sparse_clears=0
LADGATE	29	10000	0.190	1
COUNTS	pointpack04	29	120	577	577
COPYSTATS	pointpack04	secs=0.276	asm_calls=27	asm_words=783	asm_ms=0.0	rst_calls=273938	rst_words=7944202	rst_ms=5.8	rst_tail_ms=10.8	elims=7387097	fullclear_words=7387097	sparse_words=7186626	sparse_clears=0
LADGATE	12	10000	0.164	1
COUNTS	st_e22	12	30	77	70
COPYSTATS	st_e22	secs=0.190	asm_calls=27	asm_words=324	asm_ms=0.0	rst_calls=570159	rst_words=6841908	rst_ms=11.4	rst_tail_ms=12.9	elims=6151180	fullclear_words=6151180	sparse_words=5756461	sparse_clears=0
LADGATE	16678	10000	0.413	0
LIFT	faclay30	16678	8556	65998	8556
COUNTS	faclay30	16678	82242	13452923	12850431
COPYSTATS	faclay30	secs=0.534	asm_calls=23	asm_words=43618992	asm_ms=16.3	rst_calls=37	rst_words=43659080	rst_ms=16.3	rst_tail_ms=0.3	elims=86510	fullclear_words=20039386	sparse_words=159063	sparse_clears=0
LADGATE	4432	10000	0.401	1
LIFT	arki0002	4432	2608	9424	2608
COUNTS	arki0002	4432	11248	683476	667374
COPYSTATS	arki0002	secs=0.586	asm_calls=100	asm_words=7326360	asm_ms=3.3	rst_calls=2578	rst_words=26277074	rst_ms=11.3	rst_tail_ms=1.0	elims=581457	fullclear_words=24881104	sparse_words=1270955	sparse_clears=0
LADGATE	11659	10000	0.612	0
LIFT	transswitch0300p	11659	6750	41276	6750
COUNTS	transswitch0300p	11659	48446	404940	375427
COPYSTATS	transswitch0300p	secs=1.100	asm_calls=324	asm_words=36987810	asm_ms=14.8	rst_calls=76316	rst_words=73878718	rst_ms=30.4	rst_tail_ms=9.0	elims=3947413	fullclear_words=54118194	sparse_words=5712108	sparse_clears=0
LADGATE	30660	10000	0.611	0
LIFT	crudeoil_pooling_dt3	30660	15957	134914	15957
COUNTS	crudeoil_pooling_dt3	30660	152210	48975085	34556239
COPYSTATS	crudeoil_pooling_dt3	secs=0.922	asm_calls=97	asm_words=15176897	asm_ms=5.7	rst_calls=806	rst_words=31814040	rst_ms=11.7	rst_tail_ms=0.6	elims=313541	fullclear_words=25055306	sparse_words=886629	sparse_clears=0
LADGATE	22536	10000	0.538	0
LIFT	gasprod_sarawak81	22536	12902	61066	12902
COUNTS	gasprod_sarawak81	22536	75636	1030380	939449
COPYSTATS	gasprod_sarawak81	secs=0.736	asm_calls=110	asm_words=79682760	asm_ms=30.6	rst_calls=2934	rst_words=82905336	rst_ms=31.2	rst_tail_ms=1.5	elims=711877	fullclear_words=30714653	sparse_words=1164687	sparse_clears=0
LADGATE	660	10000	0.344	2
LIFT	maxcsp-langford-3-11	660	627	41846	627
COUNTS	maxcsp-langford-3-11	660	29646	33444033	10360919
COPYSTATS	maxcsp-langford-3-11	secs=0.522	asm_calls=51	asm_words=247238	asm_ms=0.1	rst_calls=537	rst_words=2275446	rst_ms=0.3	rst_tail_ms=0.2	elims=176150	fullclear_words=1891932	sparse_words=1721107	sparse_clears=0
LADGATE	1543	10000	0.343	1
LIFT	p_ball_30b_5p_2d_h	1543	999	4136	999
COUNTS	p_ball_30b_5p_2d_h	1543	5224	25843	25742
COPYSTATS	p_ball_30b_5p_2d_h	secs=0.511	asm_calls=125	asm_words=1162796	asm_ms=0.2	rst_calls=28020	rst_words=16254994	rst_ms=3.5	rst_tail_ms=3.0	elims=1763708	fullclear_words=15427051	sparse_words=2405030	sparse_clears=0
LADGATE	6709	10000	0.418	1
LIFT	ringpack_20_3	6709	3451	41284	3451
COUNTS	ringpack_20_3	6709	45220	2415136	865627
COPYSTATS	ringpack_20_3	secs=0.570	asm_calls=72	asm_words=8556045	asm_ms=4.8	rst_calls=1202	rst_words=40744075	rst_ms=23.2	rst_tail_ms=0.8	elims=479344	fullclear_words=38809030	sparse_words=778313	sparse_clears=0
LADGATE	4825	10000	0.598	1
LIFT	waste	4825	2503	19260	2503
COUNTS	waste	4825	21504	1468261	1270649
COPYSTATS	waste	secs=0.810	asm_calls=87	asm_words=7042329	asm_ms=3.5	rst_calls=1638	rst_words=27493657	rst_ms=12.8	rst_tail_ms=0.9	elims=521570	fullclear_words=25843464	sparse_words=1408732	sparse_clears=0
LADGATE	2001	10000	0.176	1
LIFT	catmix400	2001	1998	11180	1998
COUNTS	catmix400	2001	11192	36373	36364
COPYSTATS	catmix400	secs=0.786	asm_calls=35	asm_words=1765647	asm_ms=0.4	rst_calls=375	rst_words=17001632	rst_ms=2.5	rst_tail_ms=0.6	elims=485921	fullclear_words=15128422	sparse_words=1518720	sparse_clears=0
LADGATE	3054	10000	0.449	1
LIFT	rsyn0815m02hfsg	3054	1697	5478	1697
COUNTS	rsyn0815m02hfsg	3054	7968	44604	41384
COPYSTATS	rsyn0815m02hfsg	secs=0.653	asm_calls=207	asm_words=4085255	asm_ms=1.2	rst_calls=53368	rst_words=32199722	rst_ms=9.6	rst_tail_ms=5.3	elims=3081081	fullclear_words=30532083	sparse_words=4948441	sparse_clears=0
LADGATE	1236	10000	0.278	1
LIFT	p_ball_10b_7p_3d_h	1236	751	3216	751
COUNTS	p_ball_10b_7p_3d_h	1236	4186	24380	23744
COPYSTATS	p_ball_10b_7p_3d_h	secs=0.477	asm_calls=96	asm_words=865788	asm_ms=0.2	rst_calls=6886	rst_words=16532828	rst_ms=2.3	rst_tail_ms=1.6	elims=1433811	fullclear_words=16057801	sparse_words=2508786	sparse_clears=0
LADGATE	1225	10000	0.529	1
LIFT	chimera_k64ising-02	1225	772	3732	772
COUNTS	chimera_k64ising-02	1225	3846	613390	374320
COPYSTATS	chimera_k64ising-02	secs=0.771	asm_calls=92	asm_words=987249	asm_ms=0.2	rst_calls=22472	rst_words=16311533	rst_ms=3.0	rst_tail_ms=2.3	elims=1388960	fullclear_words=15333127	sparse_words=3829181	sparse_clears=0
LADGATE	3404	10000	0.312	1
LIFT	batchs121208m	3404	1725	8392	1725
COUNTS	batchs121208m	3404	11462	138030	128816
COPYSTATS	batchs121208m	secs=0.487	asm_calls=103	asm_words=5009485	asm_ms=1.6	rst_calls=5169	rst_words=33627119	rst_ms=10.6	rst_tail_ms=1.5	elims=920304	fullclear_words=33017817	sparse_words=1519291	sparse_clears=0
LADGATE	11	10000	0.163	1
COUNTS	nvs02	11	46	142	142
COPYSTATS	nvs02	secs=0.255	asm_calls=17	asm_words=187	asm_ms=0.0	rst_calls=730116	rst_words=8031276	rst_ms=14.5	rst_tail_ms=15.5	elims=7482356	fullclear_words=7482356	sparse_words=6903973	sparse_clears=0
LADGATE	191	10000	0.258	1
LIFT	wastepaper6	191	156	1358	156
COUNTS	wastepaper6	191	1416	16611	16611
COPYSTATS	wastepaper6	secs=0.338	asm_calls=46	asm_words=21034	asm_ms=0.0	rst_calls=17667	rst_words=9358389	rst_ms=0.8	rst_tail_ms=2.5	elims=3023885	fullclear_words=8989753	sparse_words=5606533	sparse_clears=0
LADGATE	399	10000	0.258	1
LIFT	syn15hfsg	399	221	666	221
COUNTS	syn15hfsg	399	1022	3300	3272
COPYSTATS	syn15hfsg	secs=0.302	asm_calls=66	asm_words=105231	asm_ms=0.0	rst_calls=35337	rst_words=13487094	rst_ms=1.9	rst_tail_ms=3.2	elims=3055412	fullclear_words=12423803	sparse_words=3756498	sparse_clears=0
LADGATE	36	10000	0.190	1
LIFT	st_jcbpaf2	36	23	220	23
COUNTS	st_jcbpaf2	36	246	1635	1543
COPYSTATS	st_jcbpaf2	secs=0.285	asm_calls=40	asm_words=1436	asm_ms=0.0	rst_calls=176147	rst_words=6341000	rst_ms=3.8	rst_tail_ms=9.1	elims=5949049	fullclear_words=5949049	sparse_words=5829666	sparse_clears=0
COUNTS	camshape400	2000	7188	16768	16768
COPYSTATS	camshape400	secs=0.000	asm_calls=0	asm_words=0	asm_ms=0.0	rst_calls=0	rst_words=0	rst_ms=0.0	rst_tail_ms=0.0	elims=0	fullclear_words=0	sparse_words=0	sparse_clears=0
LADGATE	120	10000	0.247	2
LIFT	graphpart_clique-30	120	117	2784	117
COUNTS	graphpart_clique-30	120	2790	114505	91153
COPYSTATS	graphpart_clique-30	secs=0.544	asm_calls=47	asm_words=10920	asm_ms=0.0	rst_calls=25637	rst_words=5995920	rst_ms=0.7	rst_tail_ms=2.7	elims=2822599	fullclear_words=5645198	sparse_words=5242179	sparse_clears=0
LADGATE	280	10000	0.180	2
LIFT	graphpart_clique-70	280	277	14904	277
COUNTS	graphpart_clique-70	280	14910	1413012	1144894
COPYSTATS	graphpart_clique-70	secs=0.403	asm_calls=32	asm_words=44800	asm_ms=0.0	rst_calls=1723	rst_words=2412200	rst_ms=0.2	rst_tail_ms=0.4	elims=455827	fullclear_words=2279135	sparse_words=1421874	sparse_clears=0
COUNTS	smallinvDAXr1b010-011	39	1120	13510	13319
COPYSTATS	smallinvDAXr1b010-011	secs=0.000	asm_calls=0	asm_words=0	asm_ms=0.0	rst_calls=0	rst_words=0	rst_ms=0.0	rst_tail_ms=0.0	elims=0	fullclear_words=0	sparse_words=0	sparse_clears=0
LADGATE	22074	10000	0.320	0
LIFT	nd_netgen-2000-3-4-b-a-ns_7	22074	10074	36000	10074
COUNTS	nd_netgen-2000-3-4-b-a-ns_7	22074	60000	289420	272696
COPYSTATS	nd_netgen-2000-3-4-b-a-ns_7	secs=0.498	asm_calls=61	asm_words=76281873	asm_ms=29.8	rst_calls=3389	rst_words=77495378	rst_ms=29.7	rst_tail_ms=0.9	elims=428768	fullclear_words=33342084	sparse_words=540207	sparse_clears=0
LADGATE	240	10000	0.224	1
LIFT	slay05m	240	100	440	100
COUNTS	slay05m	240	720	2635	2635
COPYSTATS	slay05m	secs=0.299	asm_calls=46	asm_words=28240	asm_ms=0.0	rst_calls=25591	rst_words=15067420	rst_ms=1.3	rst_tail_ms=3.4	elims=4135263	fullclear_words=14468553	sparse_words=5566737	sparse_clears=0
LADGATE	2031	10000	0.620	1
LIFT	chimera_selby-c16-01	2031	1517	13662	1517
COUNTS	chimera_selby-c16-01	2031	10964	3605628	2412072
COPYSTATS	chimera_selby-c16-01	secs=1.135	asm_calls=115	asm_words=2057288	asm_ms=0.5	rst_calls=18516	rst_words=12552645	rst_ms=2.8	rst_tail_ms=2.3	elims=1013730	fullclear_words=11184476	sparse_words=2564269	sparse_clears=0
LADGATE	110	10000	0.199	1
LIFT	csched1	110	30	100	30
COUNTS	csched1	110	376	975	975
COPYSTATS	csched1	secs=0.286	asm_calls=31	asm_words=5988	asm_ms=0.0	rst_calls=53169	rst_words=11445708	rst_ms=1.6	rst_tail_ms=4.9	elims=5287562	fullclear_words=10562132	sparse_words=6112697	sparse_clears=0
LADGATE	1310	10000	0.105	2
LIFT	watercontamination0303r	1310	755	35918	755
COUNTS	watercontamination0303r	1310	37028	2171882	2171882
COPYSTATS	watercontamination0303r	secs=0.149	asm_calls=48	asm_words=223706	asm_ms=0.0	rst_calls=4720	rst_words=2761633	rst_ms=0.6	rst_tail_ms=0.6	elims=365060	fullclear_words=2627201	sparse_words=504261	sparse_clears=0
LADGATE	15	10000	0.166	1
COUNTS	ex9_2_4	15	36	117	117
COPYSTATS	ex9_2_4	secs=0.189	asm_calls=17	asm_words=255	asm_ms=0.0	rst_calls=412292	rst_words=6184380	rst_ms=8.2	rst_tail_ms=9.5	elims=5741338	fullclear_words=5741338	sparse_words=5452737	sparse_clears=0
LADGATE	163	10000	0.191	1
LIFT	sssd15-04	163	47	240	47
COUNTS	sssd15-04	163	440	1625	1625
COPYSTATS	sssd15-04	secs=0.215	asm_calls=37	asm_words=13483	asm_ms=0.0	rst_calls=26798	rst_words=9650292	rst_ms=1.1	rst_tail_ms=2.7	elims=3120305	fullclear_words=9050829	sparse_words=4415057	sparse_clears=0
COUNTS	autocorr_bern35-35fix	38	1264	16214	16214
COPYSTATS	autocorr_bern35-35fix	secs=0.000	asm_calls=0	asm_words=0	asm_ms=0.0	rst_calls=0	rst_words=0	rst_ms=0.0	rst_tail_ms=0.0	elims=0	fullclear_words=0	sparse_words=0	sparse_clears=0
LADGATE	1491	10000	0.316	1
LIFT	sfacloc2_4_90	1491	775	3282	775
COUNTS	sfacloc2_4_90	1491	4500	31682	28843
COPYSTATS	sfacloc2_4_90	secs=0.541	asm_calls=107	asm_words=1175982	asm_ms=0.2	rst_calls=6155	rst_words=17828008	rst_ms=2.5	rst_tail_ms=1.4	elims=1305367	fullclear_words=17263695	sparse_words=2601834	sparse_clears=0
LIFT	cont6-qq	120395	79800	397602	79800
COUNTS	cont6-qq	120395	557994	835894090	581918900
COPYSTATS	cont6-qq	secs=0.283	asm_calls=0	asm_words=0	asm_ms=0.0	rst_calls=0	rst_words=0	rst_ms=0.0	rst_tail_ms=0.0	elims=0	fullclear_words=0	sparse_words=0	sparse_clears=0
LADGATE	5205	10000	0.129	2
LIFT	meanvar-orl400_05_e_7	5205	2803	170000	2803
COUNTS	meanvar-orl400_05_e_7	5205	174804	21939414	21935811
COPYSTATS	meanvar-orl400_05_e_7	secs=0.269	asm_calls=14	asm_words=5145616	asm_ms=2.8	rst_calls=47	rst_words=17962204	rst_ms=8.6	rst_tail_ms=0.4	elims=212317	fullclear_words=17326602	sparse_words=485741	sparse_clears=0
LADGATE	10017	10000	0.303	0
LIFT	glider400	10017	7609	43204	7609
COUNTS	glider400	10017	49624	373018	327450
COPYSTATS	glider400	secs=0.421	asm_calls=37	asm_words=17342823	asm_ms=10.2	rst_calls=8208	rst_words=20893325	rst_ms=12.5	rst_tail_ms=0.7	elims=308277	fullclear_words=17067655	sparse_words=640171	sparse_clears=0
LADGATE	4960	10000	0.412	1
LIFT	syn40m04m	4960	2524	9280	2524
COUNTS	syn40m04m	4960	13792	65982	63093
COPYSTATS	syn40m04m	secs=0.664	asm_calls=164	asm_words=9909832	asm_ms=4.9	rst_calls=32744	rst_words=40358735	rst_ms=19.3	rst_tail_ms=4.2	elims=2258616	fullclear_words=36755108	sparse_words=2818871	sparse_clears=0
LADGATE	31	10000	0.213	1
COUNTS	ex2_1_3	31	72	189	189
COPYSTATS	ex2_1_3	secs=0.237	asm_calls=27	asm_words=833	asm_ms=0.0	rst_calls=242858	rst_words=7524001	rst_ms=5.2	rst_tail_ms=10.1	elims=6779470	fullclear_words=6779470	sparse_words=6411187	sparse_clears=0
LADGATE	705	10000	0.468	2
LIFT	qapw	705	480	87046	480
COUNTS	qapw	705	87496	12183146	12183146
COPYSTATS	qapw	secs=0.550	asm_calls=6	asm_words=41408	asm_ms=0.0	rst_calls=85	rst_words=709748	rst_ms=0.1	rst_tail_ms=0.1	elims=59251	fullclear_words=708068	sparse_words=225831	sparse_clears=0
LADGATE	14	10000	0.157	1
COUNTS	himmel11	14	60	198	198
COPYSTATS	himmel11	secs=0.246	asm_calls=17	asm_words=238	asm_ms=0.0	rst_calls=560813	rst_words=7851382	rst_ms=10.9	rst_tail_ms=12.9	elims=7279308	fullclear_words=7279308	sparse_words=6845979	sparse_clears=0
LADGATE	1908	10000	0.357	1
LIFT	syn15m04m	1908	970	3540	970
COUNTS	syn15m04m	1908	5288	26094	25061
COPYSTATS	syn15m04m	secs=0.535	asm_calls=117	asm_words=1850168	asm_ms=0.4	rst_calls=9660	rst_words=22522733	rst_ms=3.4	rst_tail_ms=2.1	elims=1664427	fullclear_words=21740042	sparse_words=2845887	sparse_clears=0
LADGATE	118	10000	0.251	1
LIFT	pooling_rt2tp	118	66	554	66
COUNTS	pooling_rt2tp	118	654	5876	5796
COPYSTATS	pooling_rt2tp	secs=0.349	asm_calls=72	asm_words=12686	asm_ms=0.0	rst_calls=55725	rst_words=10316928	rst_ms=1.5	rst_tail_ms=4.7	elims=4964697	fullclear_words=9738904	sparse_words=5522843	sparse_clears=0
LADGATE	333	10000	0.282	1
LIFT	waterund14	333	191	2068	191
COUNTS	waterund14	333	2204	200484	70488
COPYSTATS	waterund14	secs=0.407	asm_calls=50	asm_words=87925	asm_ms=0.0	rst_calls=6886	rst_words=10273054	rst_ms=0.8	rst_tail_ms=1.5	elims=1719873	fullclear_words=9540321	sparse_words=3616195	sparse_clears=0
LADGATE	17809	10000	0.855	0
LIFT	crudeoil_lee4_10	17809	10229	106656	10229
COUNTS	crudeoil_lee4_10	17809	120632	294531623	181053364
COPYSTATS	crudeoil_lee4_10	secs=1.062	asm_calls=97	asm_words=5599554	asm_ms=2.1	rst_calls=6172	rst_words=18857812	rst_ms=6.6	rst_tail_ms=1.2	elims=448925	fullclear_words=13760371	sparse_words=881977	sparse_clears=0
LADGATE	1294	10000	0.458	1
LIFT	pooling_foulds4pq	1294	723	7208	723
COUNTS	pooling_foulds4pq	1294	8302	138692	138540
COPYSTATS	pooling_foulds4pq	secs=0.621	asm_calls=67	asm_words=904239	asm_ms=0.2	rst_calls=1614	rst_words=11701067	rst_ms=1.6	rst_tail_ms=0.7	elims=715702	fullclear_words=11469825	sparse_words=2071204	sparse_clears=0
LADGATE	3097	10000	0.323	1
LIFT	edgecross14-156	3097	1641	21120	1641
COUNTS	edgecross14-156	3097	19664	1487933	1376964
COPYSTATS	edgecross14-156	secs=0.453	asm_calls=89	asm_words=4268083	asm_ms=1.3	rst_calls=6240	rst_words=21989661	rst_ms=6.1	rst_tail_ms=1.4	elims=738411	fullclear_words=21098535	sparse_words=963171	sparse_clears=0
LADGATE	72	10000	0.222	1
LIFT	tspn08	72	34	646	34
COUNTS	tspn08	72	668	11074	7600
COPYSTATS	tspn08	secs=0.318	asm_calls=47	asm_words=6228	asm_ms=0.0	rst_calls=67770	rst_words=8401050	rst_ms=1.7	rst_tail_ms=4.7	elims=4422086	fullclear_words=8054044	sparse_words=6006171	sparse_clears=0
LADGATE	4225	10000	0.521	1
LIFT	crudeoil_li05	4225	2656	17380	2656
COUNTS	crudeoil_li05	4225	14628	680022	533690
COPYSTATS	crudeoil_li05	secs=0.790	asm_calls=146	asm_words=7201288	asm_ms=3.3	rst_calls=42536	rst_words=40779595	rst_ms=17.6	rst_tail_ms=5.8	elims=2776816	fullclear_words=38115717	sparse_words=4450961	sparse_clears=0
LADGATE	14416	10000	0.476	0
LIFT	procurement1large	14416	6606	28248	6606
COUNTS	procurement1large	14416	41068	13858240	7309631
COPYSTATS	procurement1large	secs=0.898	asm_calls=183	asm_words=33769684	asm_ms=13.0	rst_calls=20467	rst_words=58590283	rst_ms=21.8	rst_tail_ms=3.1	elims=1384686	fullclear_words=47967704	sparse_words=2311575	sparse_clears=0
LADGATE	1428	10000	0.302	1
LIFT	blend721	1428	829	3334	829
COUNTS	blend721	1428	4548	77560	66143
COPYSTATS	blend721	secs=0.478	asm_calls=80	asm_words=1089616	asm_ms=0.2	rst_calls=3928	rst_words=15169118	rst_ms=2.1	rst_tail_ms=1.1	elims=1063606	fullclear_words=14760680	sparse_words=1984909	sparse_clears=0
test ordering::probe::probe_timing_and_score has been running for over 60 seconds
LADGATE	2031	10000	0.580	1
LIFT	chimera_selby-c16-02	2031	1436	15878	1436
COUNTS	chimera_selby-c16-02	2031	10878	4280329	2313472
COPYSTATS	chimera_selby-c16-02	secs=1.109	asm_calls=97	asm_words=1826821	asm_ms=0.5	rst_calls=16480	rst_words=12506735	rst_ms=2.9	rst_tail_ms=2.2	elims=990456	fullclear_words=11289170	sparse_words=2668596	sparse_clears=0
LADGATE	16640	10000	0.386	0
LIFT	supplychainr1_053050	16640	9640	44160	9640
COUNTS	supplychainr1_053050	16640	57800	2173490	2173490
COPYSTATS	supplychainr1_053050	secs=0.386	asm_calls=98	asm_words=849488	asm_ms=0.2	rst_calls=7425	rst_words=2465344	rst_ms=0.8	rst_tail_ms=0.9	elims=371108	fullclear_words=1506206	sparse_words=602339	sparse_clears=0
LADGATE	5067	10000	0.671	1
LIFT	sfacloc2_4_80	5067	2567	16656	2567
COUNTS	sfacloc2_4_80	5067	21424	93048	89175
COPYSTATS	sfacloc2_4_80	secs=0.889	asm_calls=99	asm_words=8124545	asm_ms=4.0	rst_calls=4523	rst_words=38747819	rst_ms=18.2	rst_tail_ms=1.5	elims=846047	fullclear_words=37703000	sparse_words=1154721	sparse_clears=0
COUNTS	st_e24	10	26	64	57
COPYSTATS	st_e24	secs=0.000	asm_calls=0	asm_words=0	asm_ms=0.0	rst_calls=0	rst_words=0	rst_ms=0.0	rst_tail_ms=0.0	elims=0	fullclear_words=0	sparse_words=0	sparse_clears=0
LADGATE	1053	10000	0.309	1
LIFT	edgecross10-040	1053	571	4152	571
COUNTS	edgecross10-040	1053	5116	161851	143518
COPYSTATS	edgecross10-040	secs=0.430	asm_calls=77	asm_words=682631	asm_ms=0.1	rst_calls=5057	rst_words=11395765	rst_ms=1.4	rst_tail_ms=1.0	elims=992685	fullclear_words=11003339	sparse_words=1474301	sparse_clears=0
LADGATE	8232	10000	0.333	1
LIFT	sonet21v6	8232	4221	32722	4221
COUNTS	sonet21v6	8232	40744	1643311	1585871
COPYSTATS	sonet21v6	secs=0.591	asm_calls=40	asm_words=15978808	asm_ms=9.4	rst_calls=1222	rst_words=47229816	rst_ms=27.0	rst_tail_ms=0.8	elims=425515	fullclear_words=42106649	sparse_words=665791	sparse_clears=0
LADGATE	2490	10000	0.334	1
LIFT	squfl010-080	2490	890	3200	890
COUNTS	squfl010-080	2490	6400	27665	27665
COPYSTATS	squfl010-080	secs=0.355	asm_calls=36	asm_words=1653178	asm_ms=0.3	rst_calls=13677	rst_words=14440598	rst_ms=2.8	rst_tail_ms=1.4	elims=1131816	fullclear_words=14158414	sparse_words=1371096	sparse_clears=0
LADGATE	221	10000	0.235	1
LIFT	genpooling_lee2	221	145	896	145
COUNTS	genpooling_lee2	221	1048	19895	14028
COPYSTATS	genpooling_lee2	secs=0.349	asm_calls=47	asm_words=37360	asm_ms=0.0	rst_calls=20105	rst_words=12733958	rst_ms=1.1	rst_tail_ms=2.8	elims=3296793	fullclear_words=12093372	sparse_words=3991549	sparse_clears=0
LADGATE	2807	10000	0.450	1
LIFT	popdynm25	2807	2349	13004	2349
COUNTS	popdynm25	2807	13904	360081	288760
COPYSTATS	popdynm25	secs=0.727	asm_calls=185	asm_words=4350290	asm_ms=1.1	rst_calls=10955	rst_words=27831412	rst_ms=6.2	rst_tail_ms=3.0	elims=1724908	fullclear_words=26298810	sparse_words=3788872	sparse_clears=0
LADGATE	5211	10000	0.581	1
LIFT	chp_partload	5211	3186	12690	3186
COUNTS	chp_partload	5211	16740	509170	373130
COPYSTATS	chp_partload	secs=0.948	asm_calls=188	asm_words=11488031	asm_ms=5.5	rst_calls=16842	rst_words=45992782	rst_ms=21.2	rst_tail_ms=3.7	elims=1916990	fullclear_words=42719725	sparse_words=3563166	sparse_clears=0
LADGATE	560	10000	0.204	2
LIFT	qspp_0_14_0_1_10_1	560	364	119024	364
COUNTS	qspp_0_14_0_1_10_1	560	120274	16119226	16021109
COPYSTATS	qspp_0_14_0_1_10_1	secs=0.300	asm_calls=21	asm_words=97008	asm_ms=0.0	rst_calls=53	rst_words=257624	rst_ms=0.0	rst_tail_ms=0.0	elims=26362	fullclear_words=234958	sparse_words=121391	sparse_clears=0
LADGATE	24	10000	0.193	1
COUNTS	st_glmp_ss1	24	66	160	160
COPYSTATS	st_glmp_ss1	secs=0.215	asm_calls=27	asm_words=648	asm_ms=0.0	rst_calls=309574	rst_words=7429776	rst_ms=6.6	rst_tail_ms=11.4	elims=6820480	fullclear_words=6820480	sparse_words=6630363	sparse_clears=0
LADGATE	2508	10000	0.438	2
LIFT	torsion50	2508	1302	20190	1302
COUNTS	torsion50	2508	29808	1691033	1118955
COPYSTATS	torsion50	secs=0.796	asm_calls=162	asm_words=3535197	asm_ms=0.9	rst_calls=18800	rst_words=16352145	rst_ms=3.9	rst_tail_ms=2.7	elims=1251277	fullclear_words=14836516	sparse_words=3663945	sparse_clears=0
LADGATE	40	10000	0.201	1
LIFT	st_rv2	40	10	90	10
COUNTS	st_rv2	40	340	2045	2045
COPYSTATS	st_rv2	secs=0.291	asm_calls=27	asm_words=1072	asm_ms=0.0	rst_calls=144599	rst_words=5782960	rst_ms=3.2	rst_tail_ms=7.6	elims=5415085	fullclear_words=5415085	sparse_words=5320169	sparse_clears=0
LADGATE	6885	10000	0.228	1
LIFT	emfl100_3_3	6885	2961	8100	2961
COUNTS	emfl100_3_3	6885	15948	55506	55506
COPYSTATS	emfl100_3_3	secs=0.250	asm_calls=19	asm_words=3721302	asm_ms=2.1	rst_calls=1012	rst_words=9834318	rst_ms=5.3	rst_tail_ms=0.2	elims=144001	fullclear_words=7892564	sparse_words=186418	sparse_clears=0
COUNTS	pedigree_sim400	351	23546	1183471	1183168
COPYSTATS	pedigree_sim400	secs=0.000	asm_calls=0	asm_words=0	asm_ms=0.0	rst_calls=0	rst_words=0	rst_ms=0.0	rst_tail_ms=0.0	elims=0	fullclear_words=0	sparse_words=0	sparse_clears=0
COUNTS	polygon75	5846	49652	1171822	1171822
COPYSTATS	polygon75	secs=0.000	asm_calls=0	asm_words=0	asm_ms=0.0	rst_calls=0	rst_words=0	rst_ms=0.0	rst_tail_ms=0.0	elims=0	fullclear_words=0	sparse_words=0	sparse_clears=0
LIFT	gabriel10	244056	129644	1260406	129644
COUNTS	gabriel10	244056	1148210	1365442310	1267760679
COPYSTATS	gabriel10	secs=0.713	asm_calls=0	asm_words=0	asm_ms=0.0	rst_calls=0	rst_words=0	rst_ms=0.0	rst_tail_ms=0.0	elims=0	fullclear_words=0	sparse_words=0	sparse_clears=0
LADGATE	1049	10000	0.284	1
LIFT	fo9_ar25_1	1049	507	3606	507
COUNTS	fo9_ar25_1	1049	4336	41668	38237
COPYSTATS	fo9_ar25_1	secs=0.426	asm_calls=74	asm_words=647349	asm_ms=0.1	rst_calls=30999	rst_words=14293567	rst_ms=3.4	rst_tail_ms=2.2	elims=1409343	fullclear_words=13836301	sparse_words=2165378	sparse_clears=0
LADGATE	1159	10000	0.306	1
LIFT	rsyn0840m	1159	610	2176	610
COUNTS	rsyn0840m	1159	3168	11274	10611
COPYSTATS	rsyn0840m	secs=0.484	asm_calls=108	asm_words=757697	asm_ms=0.1	rst_calls=40653	rst_words=14996125	rst_ms=3.2	rst_tail_ms=3.2	elims=2344339	fullclear_words=13907473	sparse_words=3377498	sparse_clears=0
LADGATE	548	10000	0.367	1
LIFT	gancns	548	318	2280	318
COUNTS	gancns	548	2800	69234	58202
COPYSTATS	gancns	secs=0.565	asm_calls=93	asm_words=223816	asm_ms=0.0	rst_calls=18255	rst_words=12760055	rst_ms=1.9	rst_tail_ms=2.4	elims=1911874	fullclear_words=11991591	sparse_words=4501346	sparse_clears=0
LADGATE	1049	10000	0.280	1
LIFT	o9_ar4_1	1049	507	3606	507
COUNTS	o9_ar4_1	1049	4336	41668	38237
COPYSTATS	o9_ar4_1	secs=0.421	asm_calls=74	asm_words=647349	asm_ms=0.1	rst_calls=30955	rst_words=13508915	rst_ms=3.3	rst_tail_ms=2.2	elims=1363108	fullclear_words=13050306	sparse_words=2093243	sparse_clears=0
LADGATE	123	10000	0.277	1
LIFT	ex1265a	123	79	472	79
COUNTS	ex1265a	123	560	3948	3750
COPYSTATS	ex1265a	secs=0.409	asm_calls=53	asm_words=10524	asm_ms=0.0	rst_calls=56211	rst_words=10114085	rst_ms=1.5	rst_tail_ms=5.0	elims=5273462	fullclear_words=9533669	sparse_words=6607975	sparse_clears=0
LADGATE	28	10000	0.212	1
COUNTS	ex9_2_6	28	68	190	190
COPYSTATS	ex9_2_6	secs=0.237	asm_calls=27	asm_words=688	asm_ms=0.0	rst_calls=258493	rst_words=7188300	rst_ms=5.6	rst_tail_ms=14.8	elims=6621229	fullclear_words=6621229	sparse_words=5805863	sparse_clears=0
LADGATE	481	10000	0.151	2
LIFT	qspp_0_13_0_1_10_1	481	312	87460	312
COUNTS	qspp_0_13_0_1_10_1	481	88522	10150185	10095353
COPYSTATS	qspp_0_13_0_1_10_1	secs=0.246	asm_calls=22	asm_words=78209	asm_ms=0.0	rst_calls=82	rst_words=308692	rst_ms=0.1	rst_tail_ms=0.0	elims=37319	fullclear_words=296151	sparse_words=147847	sparse_clears=0
LADGATE	146	10000	0.238	1
LIFT	slay04m	146	62	264	62
COUNTS	slay04m	146	432	1554	1554
COPYSTATS	slay04m	secs=0.261	asm_calls=46	asm_words=12563	asm_ms=0.0	rst_calls=47863	rst_words=11187158	rst_ms=1.7	rst_tail_ms=4.1	elims=4430585	fullclear_words=10572001	sparse_words=5552084	sparse_clears=0
COUNTS	st_e25	20	92	336	262
COPYSTATS	st_e25	secs=0.000	asm_calls=0	asm_words=0	asm_ms=0.0	rst_calls=0	rst_words=0	rst_ms=0.0	rst_tail_ms=0.0	elims=0	fullclear_words=0	sparse_words=0	sparse_clears=0
LADGATE	32	10000	0.216	1
LIFT	ex8_4_1	32	12	40	12
COUNTS	ex8_4_1	32	100	225	225
COPYSTATS	ex8_4_1	secs=0.322	asm_calls=27	asm_words=864	asm_ms=0.0	rst_calls=279676	rst_words=8949632	rst_ms=6.1	rst_tail_ms=12.4	elims=8149523	fullclear_words=8149523	sparse_words=8000045	sparse_clears=0
LADGATE	19	10000	0.212	1
COUNTS	st_e07	19	60	199	199
COPYSTATS	st_e07	secs=0.306	asm_calls=23	asm_words=437	asm_ms=0.0	rst_calls=481203	rst_words=9142857	rst_ms=10.4	rst_tail_ms=13.5	elims=8169447	fullclear_words=8169447	sparse_words=7872059	sparse_clears=0
LADGATE	26	10000	0.210	1
COUNTS	ex1225	26	66	171	161
COPYSTATS	ex1225	secs=0.238	asm_calls=40	asm_words=1040	asm_ms=0.0	rst_calls=297323	rst_words=7730398	rst_ms=6.1	rst_tail_ms=11.4	elims=6887341	fullclear_words=6887341	sparse_words=6719530	sparse_clears=0
LADGATE	969	10000	0.449	1
LIFT	ndcc13	969	735	6656	735
COUNTS	ndcc13	969	5882	525212	324727
COPYSTATS	ndcc13	secs=0.673	asm_calls=115	asm_words=622180	asm_ms=0.1	rst_calls=17050	rst_words=11582177	rst_ms=2.3	rst_tail_ms=1.8	elims=1036879	fullclear_words=10707280	sparse_words=2886356	sparse_clears=0
LADGATE	1224	10000	0.258	1
LIFT	syn10m04m	1224	620	2256	620
COUNTS	syn10m04m	1224	3384	13501	13473
COPYSTATS	syn10m04m	secs=0.333	asm_calls=94	asm_words=761049	asm_ms=0.1	rst_calls=13087	rst_words=11898535	rst_ms=1.9	rst_tail_ms=1.7	elims=1554245	fullclear_words=11413363	sparse_words=2417259	sparse_clears=0
LADGATE	18	10000	0.200	1
COUNTS	ex5_2_4	18	62	204	193
COPYSTATS	ex5_2_4	secs=0.297	asm_calls=33	asm_words=594	asm_ms=0.0	rst_calls=512107	rst_words=9217926	rst_ms=10.6	rst_tail_ms=13.9	elims=8351187	fullclear_words=8351187	sparse_words=8012058	sparse_clears=0
LADGATE	72	10000	0.219	2
LIFT	st_m2	72	21	420	21
COUNTS	st_m2	72	1226	16331	16331
COPYSTATS	st_m2	secs=0.464	asm_calls=39	asm_words=4593	asm_ms=0.0	rst_calls=80251	rst_words=10415685	rst_ms=2.2	rst_tail_ms=5.7	elims=5285524	fullclear_words=9975518	sparse_words=8345946	sparse_clears=0
LADGATE	16	10000	0.196	1
COUNTS	st_bpk1	16	44	115	108
COPYSTATS	st_bpk1	secs=0.225	asm_calls=33	asm_words=528	asm_ms=0.0	rst_calls=485012	rst_words=7760192	rst_ms=9.6	rst_tail_ms=12.2	elims=6884558	fullclear_words=6884558	sparse_words=6570093	sparse_clears=0
LADGATE	736	10000	0.494	1
LIFT	multiplants_stg1	736	321	3112	321
COUNTS	multiplants_stg1	736	3594	197998	161306
COPYSTATS	multiplants_stg1	secs=0.678	asm_calls=59	asm_words=349563	asm_ms=0.1	rst_calls=1649	rst_words=10248434	rst_ms=1.3	rst_tail_ms=0.9	elims=908886	fullclear_words=9836908	sparse_words=2800965	sparse_clears=0
LADGATE	11251	10000	0.557	0
LIFT	powerflow0300p	11251	6342	34748	6342
COUNTS	powerflow0300p	11251	41918	304705	287851
COPYSTATS	powerflow0300p	secs=0.959	asm_calls=294	asm_words=35196041	asm_ms=20.2	rst_calls=56437	rst_words=63419937	rst_ms=35.4	rst_tail_ms=6.7	elims=3136172	fullclear_words=45147254	sparse_words=4635849	sparse_clears=0
LADGATE	33155	10000	0.400	0
LIFT	nd_netgen-3000-1-1-b-b-ns_7	33155	15155	54000	15155
COUNTS	nd_netgen-3000-1-1-b-b-ns_7	33155	90000	922197	883828
COPYSTATS	nd_netgen-3000-1-1-b-b-ns_7	secs=0.693	asm_calls=101	asm_words=137891033	asm_ms=52.0	rst_calls=2376	rst_words=54011663	rst_ms=20.0	rst_tail_ms=1.0	elims=566369	fullclear_words=53728168	sparse_words=708873	sparse_clears=0
LADGATE	803	10000	0.441	1
LIFT	sonet23v4	803	547	5952	547
COUNTS	sonet23v4	803	6462	139703	94348
COPYSTATS	sonet23v4	secs=0.688	asm_calls=124	asm_words=395986	asm_ms=0.1	rst_calls=45094	rst_words=15237018	rst_ms=4.1	rst_tail_ms=3.9	elims=2386323	fullclear_words=14343828	sparse_words=3068199	sparse_clears=0
LADGATE	1649	10000	0.378	2
LIFT	pooling_sppa0pq	1649	1648	24190	1648
COUNTS	pooling_sppa0pq	1649	24192	3745896	1238850
COPYSTATS	pooling_sppa0pq	secs=0.791	asm_calls=102	asm_words=1468119	asm_ms=0.3	rst_calls=4186	rst_words=18902090	rst_ms=2.7	rst_tail_ms=1.4	elims=919174	fullclear_words=17918236	sparse_words=3161717	sparse_clears=0
LADGATE	645	10000	0.530	1
LIFT	multiplants_mtg1b	645	406	4016	406
COUNTS	multiplants_mtg1b	645	4404	229415	151569
COPYSTATS	multiplants_mtg1b	secs=0.750	asm_calls=79	asm_words=309868	asm_ms=0.1	rst_calls=11277	rst_words=12312579	rst_ms=1.9	rst_tail_ms=2.0	elims=1533357	fullclear_words=11573487	sparse_words=3089078	sparse_clears=0
LADGATE	338	10000	0.247	1
LIFT	sssd18-08persp	338	138	768	138
COUNTS	sssd18-08persp	338	1168	4654	4654
COPYSTATS	sssd18-08persp	secs=0.321	asm_calls=52	asm_words=55742	asm_ms=0.0	rst_calls=23199	rst_words=16446174	rst_ms=1.6	rst_tail_ms=3.0	elims=3397095	fullclear_words=15700844	sparse_words=4189152	sparse_clears=0
LADGATE	19	10000	0.204	1
COUNTS	ex9_1_2	19	54	188	179
COPYSTATS	ex9_1_2	secs=0.232	asm_calls=33	asm_words=627	asm_ms=0.0	rst_calls=368791	rst_words=7007029	rst_ms=7.9	rst_tail_ms=9.7	elims=6282425	fullclear_words=6282425	sparse_words=6061971	sparse_clears=0
LADGATE	3670	10000	0.662	1
LIFT	crudeoil_lee1_07	3670	1957	17600	1957
COUNTS	crudeoil_lee1_07	3670	19322	4746188	3485028
COPYSTATS	crudeoil_lee1_07	secs=0.903	asm_calls=158	asm_words=5671452	asm_ms=2.3	rst_calls=68125	rst_words=29949440	rst_ms=12.6	rst_tail_ms=7.9	elims=3177070	fullclear_words=25783067	sparse_words=4243677	sparse_clears=0
LADGATE	31	10000	0.204	1
COUNTS	pooling_haverly1tp	31	96	423	403
COPYSTATS	pooling_haverly1tp	secs=0.302	asm_calls=40	asm_words=1240	asm_ms=0.0	rst_calls=275678	rst_words=8546018	rst_ms=5.9	rst_tail_ms=11.5	elims=7805211	fullclear_words=7805211	sparse_words=7642166	sparse_clears=0
LADGATE	230	10000	0.219	1
LIFT	waterund08	230	120	1760	120
COUNTS	waterund08	230	1290	35284	30110
COPYSTATS	waterund08	secs=0.325	asm_calls=46	asm_words=37820	asm_ms=0.0	rst_calls=15984	rst_words=10317780	rst_ms=0.8	rst_tail_ms=2.3	elims=2600680	fullclear_words=9607244	sparse_words=4257913	sparse_clears=0
LADGATE	76	10000	0.169	1
LIFT	kall_diffcircles_6	76	45	240	45
COUNTS	kall_diffcircles_6	76	302	1511	1511
COPYSTATS	kall_diffcircles_6	secs=0.242	asm_calls=36	asm_words=4305	asm_ms=0.0	rst_calls=73934	rst_words=10937329	rst_ms=1.9	rst_tail_ms=5.4	elims=5314178	fullclear_words=10571528	sparse_words=5318498	sparse_clears=0
LADGATE	440	10000	0.400	1
LIFT	chimera_mgw-c8-439-onc8-001	440	423	3066	423
COUNTS	chimera_mgw-c8-439-onc8-001	440	3040	106479	78229
COPYSTATS	chimera_mgw-c8-439-onc8-001	secs=0.558	asm_calls=66	asm_words=146667	asm_ms=0.0	rst_calls=12835	rst_words=10132430	rst_ms=1.5	rst_tail_ms=2.0	elims=1581135	fullclear_words=9474958	sparse_words=4552177	sparse_clears=0
LADGATE	160	10000	0.254	1
LIFT	waterund11	160	91	642	91
COUNTS	waterund11	160	828	14818	10705
COPYSTATS	waterund11	secs=0.372	asm_calls=49	asm_words=21429	asm_ms=0.0	rst_calls=30381	rst_words=11493958	rst_ms=1.3	rst_tail_ms=3.5	elims=3773825	fullclear_words=10760050	sparse_words=5740246	sparse_clears=0
LADGATE	16364	10000	0.529	0
LIFT	chp_shorttermplan2d	16364	8902	38240	8902
COUNTS	chp_shorttermplan2d	16364	52108	4089003	2054425
COPYSTATS	chp_shorttermplan2d	secs=0.873	asm_calls=138	asm_words=42231893	asm_ms=16.3	rst_calls=5760	rst_words=67616004	rst_ms=23.6	rst_tail_ms=2.9	elims=1690231	fullclear_words=57348361	sparse_words=2632496	sparse_clears=0
LADGATE	156	10000	0.292	1
LIFT	sporttournament18	156	136	810	136
COUNTS	sporttournament18	156	886	17568	13608
COPYSTATS	sporttournament18	secs=0.413	asm_calls=49	asm_words=22572	asm_ms=0.0	rst_calls=23413	rst_words=10722264	rst_ms=1.0	rst_tail_ms=3.1	elims=3238990	fullclear_words=9716970	sparse_words=8861591	sparse_clears=0
COUNTS	cvxnonsep_psig30	30	870	9455	9455
COPYSTATS	cvxnonsep_psig30	secs=0.000	asm_calls=0	asm_words=0	asm_ms=0.0	rst_calls=0	rst_words=0	rst_ms=0.0	rst_tail_ms=0.0	elims=0	fullclear_words=0	sparse_words=0	sparse_clears=0
LADGATE	6089	10000	0.412	1
LIFT	ringpack_20_2	6089	3132	37034	3132
COUNTS	ringpack_20_2	6089	40368	1872174	707413
COPYSTATS	ringpack_20_2	secs=0.610	asm_calls=89	asm_words=7125564	asm_ms=3.9	rst_calls=4513	rst_words=30103055	rst_ms=15.7	rst_tail_ms=1.3	elims=701434	fullclear_words=25915996	sparse_words=1094632	sparse_clears=0
LADGATE	1386	10000	0.308	1
LIFT	blend718	1386	808	3138	808
COUNTS	blend718	1386	4310	70355	61466
COPYSTATS	blend718	secs=0.496	asm_calls=91	asm_words=1076175	asm_ms=0.2	rst_calls=9508	rst_words=16441883	rst_ms=2.5	rst_tail_ms=1.8	elims=1402142	fullclear_words=15921176	sparse_words=2413835	sparse_clears=0
LADGATE	115	10000	0.288	1
LIFT	wastepaper4	115	50	654	50
COUNTS	wastepaper4	115	724	9711	7183
COPYSTATS	wastepaper4	secs=0.392	asm_calls=52	asm_words=10703	asm_ms=0.0	rst_calls=45221	rst_words=9809766	rst_ms=1.3	rst_tail_ms=4.2	elims=4636598	fullclear_words=9242424	sparse_words=7990472	sparse_clears=0
LADGATE	2450	10000	0.379	1
LIFT	squfl010-040persp	2450	850	4000	850
COUNTS	squfl010-040persp	2450	7200	22825	22825
COPYSTATS	squfl010-040persp	secs=0.392	asm_calls=67	asm_words=1630530	asm_ms=0.3	rst_calls=23017	rst_words=15559002	rst_ms=3.0	rst_tail_ms=2.1	elims=1491872	fullclear_words=15029990	sparse_words=1881739	sparse_clears=0
LADGATE	10429	10000	0.740	0
LIFT	crudeoil_lee4_06	10429	6797	109128	6797
COUNTS	crudeoil_lee4_06	10429	55492	65337120	31062855
COPYSTATS	crudeoil_lee4_06	secs=1.032	asm_calls=103	asm_words=12350994	asm_ms=7.3	rst_calls=4884	rst_words=27065930	rst_ms=14.9	rst_tail_ms=1.3	elims=603779	fullclear_words=20171736	sparse_words=1268525	sparse_clears=0
LADGATE	1746	10000	0.586	1
LIFT	netmod_kar1	1746	798	3664	798
COUNTS	netmod_kar1	1746	4928	56838	43864
COPYSTATS	netmod_kar1	secs=0.744	asm_calls=119	asm_words=1656291	asm_ms=0.3	rst_calls=43432	rst_words=36799283	rst_ms=7.1	rst_tail_ms=5.8	elims=3505026	fullclear_words=35656531	sparse_words=5047538	sparse_clears=0
LADGATE	14	10000	0.162	1
COUNTS	ex8_1_7	14	46	137	128
COPYSTATS	ex8_1_7	secs=0.259	asm_calls=27	asm_words=378	asm_ms=0.0	rst_calls=613510	rst_words=8589140	rst_ms=12.0	rst_tail_ms=14.3	elims=7787403	fullclear_words=7787403	sparse_words=7361308	sparse_clears=0
LADGATE	108	10000	0.202	1
LIFT	graphpart_3g-0333-0333	108	81	648	81
COUNTS	graphpart_3g-0333-0333	108	648	44928	36228
COPYSTATS	graphpart_3g-0333-0333	secs=0.313	asm_calls=46	asm_words=9612	asm_ms=0.0	rst_calls=27291	rst_words=5622156	rst_ms=0.8	rst_tail_ms=2.5	elims=2584984	fullclear_words=5169968	sparse_words=4304506	sparse_clears=0
LADGATE	760	10000	0.295	1
LIFT	slay05h	760	340	1400	340
COUNTS	slay05h	760	2080	9815	8795
COPYSTATS	slay05h	secs=0.423	asm_calls=108	asm_words=343604	asm_ms=0.1	rst_calls=17338	rst_words=13837532	rst_ms=2.1	rst_tail_ms=2.3	elims=2195350	fullclear_words=13029181	sparse_words=3564692	sparse_clears=0
LADGATE	156	10000	0.283	1
LIFT	korcns	156	92	598	92
COUNTS	korcns	156	712	7241	6599
COPYSTATS	korcns	secs=0.414	asm_calls=71	asm_words=23933	asm_ms=0.0	rst_calls=34398	rst_words=11992733	rst_ms=1.3	rst_tail_ms=3.7	elims=4153858	fullclear_words=11356060	sparse_words=7461716	sparse_clears=0
LADGATE	5065	10000	0.542	1
LIFT	powerflow0118p	5065	2810	15480	2810
COUNTS	powerflow0118p	5065	18730	121503	117419
COPYSTATS	powerflow0118p	secs=0.889	asm_calls=235	asm_words=10865778	asm_ms=5.2	rst_calls=79332	rst_words=49341199	rst_ms=24.9	rst_tail_ms=7.6	elims=3522025	fullclear_words=46026945	sparse_words=4802751	sparse_clears=0
LADGATE	4799	10000	0.705	1
LIFT	sfacloc2_3_80	4799	2402	16046	2402
COUNTS	sfacloc2_3_80	4799	20600	84672	81119
COPYSTATS	sfacloc2_3_80	secs=0.908	asm_calls=108	asm_words=7433381	asm_ms=3.4	rst_calls=5913	rst_words=36025843	rst_ms=16.3	rst_tail_ms=1.5	elims=881630	fullclear_words=34662029	sparse_words=1073715	sparse_clears=0
LADGATE	6028	10000	0.493	1
LIFT	rsyn0820m04m	6028	3144	12532	3144
COUNTS	rsyn0820m04m	6028	17372	196890	154323
COPYSTATS	rsyn0820m04m	secs=0.839	asm_calls=149	asm_words=9842096	asm_ms=5.5	rst_calls=68800	rst_words=36056539	rst_ms=20.6	rst_tail_ms=8.3	elims=4041826	fullclear_words=31618026	sparse_words=4548653	sparse_clears=0
LADGATE	1046	10000	0.237	1
LIFT	hydroenergy1	1046	570	2164	570
COUNTS	hydroenergy1	1046	3024	14089	14089
COPYSTATS	hydroenergy1	secs=0.247	asm_calls=61	asm_words=390858	asm_ms=0.1	rst_calls=11586	rst_words=11100793	rst_ms=1.6	rst_tail_ms=1.5	elims=1307228	fullclear_words=10342874	sparse_words=2532202	sparse_clears=0
LADGATE	181	10000	0.199	1
LIFT	maxmin	181	103	1284	103
COUNTS	maxmin	181	1440	8405	8405
COPYSTATS	maxmin	secs=0.260	asm_calls=48	asm_words=17818	asm_ms=0.0	rst_calls=26581	rst_words=10861269	rst_ms=1.2	rst_tail_ms=3.3	elims=3872689	fullclear_words=10806036	sparse_words=3861465	sparse_clears=0
LADGATE	8	10000	0.184	1
COUNTS	st_ht	8	18	51	44
COPYSTATS	st_ht	secs=0.211	asm_calls=27	asm_words=216	asm_ms=0.0	rst_calls=871131	rst_words=6969048	rst_ms=16.7	rst_tail_ms=16.5	elims=6285073	fullclear_words=6285073	sparse_words=5646137	sparse_clears=0
LADGATE	6418	10000	0.673	1
LIFT	crudeoil_lee2_06	6418	4139	66598	4139
COUNTS	crudeoil_lee2_06	6418	34646	23299675	17246225
COPYSTATS	crudeoil_lee2_06	secs=1.065	asm_calls=109	asm_words=11157486	asm_ms=6.2	rst_calls=9092	rst_words=26604681	rst_ms=13.3	rst_tail_ms=1.9	elims=807201	fullclear_words=23410431	sparse_words=1716213	sparse_clears=0
LADGATE	3183	10000	0.427	1
LIFT	kan_r3_h1_n4	3183	2301	12330	2301
COUNTS	kan_r3_h1_n4	3183	14062	104945	98747
COPYSTATS	kan_r3_h1_n4	secs=0.603	asm_calls=152	asm_words=4336667	asm_ms=1.3	rst_calls=16953	rst_words=31663286	rst_ms=9.0	rst_tail_ms=3.0	elims=1740214	fullclear_words=30224732	sparse_words=3095857	sparse_clears=0
LADGATE	378	10000	0.277	2
LIFT	primary	378	222	5294	222
COUNTS	primary	378	5610	109639	95258
COPYSTATS	primary	secs=0.501	asm_calls=74	asm_words=95868	asm_ms=0.0	rst_calls=12461	rst_words=15509191	rst_ms=1.4	rst_tail_ms=2.5	elims=2836360	fullclear_words=15100495	sparse_words=4161162	sparse_clears=0
LADGATE	1071	10000	0.273	1
LIFT	syn10m03hfsg	1071	591	1812	591
COUNTS	syn10m03hfsg	1071	2772	9890	9812
COPYSTATS	syn10m03hfsg	secs=0.374	asm_calls=98	asm_words=612515	asm_ms=0.1	rst_calls=15700	rst_words=15296578	rst_ms=2.3	rst_tail_ms=1.9	elims=1812898	fullclear_words=14451540	sparse_words=2809475	sparse_clears=0
LADGATE	36	10000	0.215	1
LIFT	wastewater02m1	36	24	118	24
COUNTS	wastewater02m1	36	138	848	790
COPYSTATS	wastewater02m1	secs=0.317	asm_calls=40	asm_words=1432	asm_ms=0.0	rst_calls=202824	rst_words=7300984	rst_ms=4.4	rst_tail_ms=10.7	elims=6632659	fullclear_words=6632659	sparse_words=6513629	sparse_clears=0
LADGATE	4620	10000	0.373	1
LIFT	supplychainr1_022020	4620	2680	11920	2680
COUNTS	supplychainr1_022020	4620	15680	273140	273100
COPYSTATS	supplychainr1_022020	secs=0.554	asm_calls=120	asm_words=8069520	asm_ms=3.6	rst_calls=12255	rst_words=35802156	rst_ms=15.7	rst_tail_ms=2.3	elims=1045296	fullclear_words=33655819	sparse_words=2054053	sparse_clears=0
LADGATE	3800	10000	0.253	1
LIFT	squfl025-025persp	3800	1300	6250	1300
COUNTS	squfl025-025persp	3800	11250	49925	49925
COPYSTATS	squfl025-025persp	secs=0.269	asm_calls=27	asm_words=3196474	asm_ms=1.1	rst_calls=1139	rst_words=19510670	rst_ms=6.7	rst_tail_ms=0.6	elims=432949	fullclear_words=19410655	sparse_words=710960	sparse_clears=0
LADGATE	17999	10000	0.817	0
LIFT	ringpack_30_2	17999	9231	103922	9231
COUNTS	ringpack_30_2	17999	121458	12394600	2864237
COPYSTATS	ringpack_30_2	secs=0.988	asm_calls=74	asm_words=51254891	asm_ms=19.4	rst_calls=154	rst_words=61467631	rst_ms=23.2	rst_tail_ms=0.4	elims=123402	fullclear_words=24689248	sparse_words=214023	sparse_clears=0
LIFT	nuclear104	39098	26306	232222	26306
COUNTS	nuclear104	39098	257806	103156931	78332024
COPYSTATS	nuclear104	secs=0.722	asm_calls=69	asm_words=384360	asm_ms=0.1	rst_calls=863	rst_words=4010175	rst_ms=0.7	rst_tail_ms=0.5	elims=245171	fullclear_words=2142776	sparse_words=500837	sparse_clears=0
LADGATE	4952	10000	0.554	1
LIFT	chp_shorttermplan1a	4952	2592	11264	2592
COUNTS	chp_shorttermplan1a	4952	15700	376486	299947
COPYSTATS	chp_shorttermplan1a	secs=0.851	asm_calls=144	asm_words=9746558	asm_ms=4.9	rst_calls=49012	rst_words=45705744	rst_ms=21.5	rst_tail_ms=7.1	elims=3561070	fullclear_words=42453084	sparse_words=4893734	sparse_clears=0
LADGATE	555	10000	0.382	1
LIFT	rocket50	555	450	3272	450
COUNTS	rocket50	555	3488	19983	19265
COPYSTATS	rocket50	secs=0.553	asm_calls=51	asm_words=209550	asm_ms=0.0	rst_calls=4497	rst_words=13806195	rst_ms=1.7	rst_tail_ms=1.4	elims=1483355	fullclear_words=12638679	sparse_words=5689730	sparse_clears=0
LADGATE	8508	10000	0.580	1
LIFT	rsyn0840m04m	8508	4368	17360	4368
COUNTS	rsyn0840m04m	8508	24272	229914	185404
COPYSTATS	rsyn0840m04m	secs=1.009	asm_calls=149	asm_words=19347596	asm_ms=11.4	rst_calls=64173	rst_words=57344927	rst_ms=34.1	rst_tail_ms=8.0	elims=4010308	fullclear_words=51086115	sparse_words=4589270	sparse_clears=0
LADGATE	11716	10000	0.498	0
LIFT	mpbp_21	11716	6945	28072	6945
COUNTS	mpbp_21	11716	37660	1691114	1456963
COPYSTATS	mpbp_21	secs=0.664	asm_calls=112	asm_words=34587983	asm_ms=14.4	rst_calls=11577	rst_words=49203843	rst_ms=18.7	rst_tail_ms=3.3	elims=1754392	fullclear_words=37555875	sparse_words=2381646	sparse_clears=0
LADGATE	172	10000	0.230	1
LIFT	orth_d4m6_pl	172	92	896	92
COUNTS	orth_d4m6_pl	172	1096	10938	10703
COPYSTATS	orth_d4m6_pl	secs=0.330	asm_calls=61	asm_words=23048	asm_ms=0.0	rst_calls=26760	rst_words=10498732	rst_ms=1.2	rst_tail_ms=3.1	elims=3700687	fullclear_words=10324523	sparse_words=4783076	sparse_clears=0
LADGATE	1681	10000	0.524	1
LIFT	kall_circlespolygons_c1p5b	1681	1245	6560	1245
COUNTS	kall_circlespolygons_c1p5b	1681	7432	201759	193841
COPYSTATS	kall_circlespolygons_c1p5b	secs=0.759	asm_calls=184	asm_words=1665212	asm_ms=0.3	rst_calls=40151	rst_words=18526562	rst_ms=4.1	rst_tail_ms=4.6	elims=2297760	fullclear_words=16878440	sparse_words=3829895	sparse_clears=0
LIFT	acopf_case9241pegase_qcqp	313068	201757	1141270	201757
COUNTS	acopf_case9241pegase_qcqp	313068	1292408	34647355	33736789
COPYSTATS	acopf_case9241pegase_qcqp	secs=0.648	asm_calls=0	asm_words=0	asm_ms=0.0	rst_calls=0	rst_words=0	rst_ms=0.0	rst_tail_ms=0.0	elims=0	fullclear_words=0	sparse_words=0	sparse_clears=0
LADGATE	33	10000	0.216	1
LIFT	ex1223	33	18	54	18
COUNTS	ex1223	33	82	244	244
COPYSTATS	ex1223	secs=0.241	asm_calls=27	asm_words=891	asm_ms=0.0	rst_calls=209633	rst_words=6917889	rst_ms=4.5	rst_tail_ms=10.0	elims=6208483	fullclear_words=6208483	sparse_words=6092591	sparse_clears=0
LADGATE	10	10000	0.183	1
COUNTS	ex6_1_4	10	48	197	153
COPYSTATS	ex6_1_4	secs=0.274	asm_calls=28	asm_words=280	asm_ms=0.0	rst_calls=836205	rst_words=8362050	rst_ms=16.5	rst_tail_ms=16.6	elims=7728597	fullclear_words=7728597	sparse_words=7067381	sparse_clears=0
LADGATE	403	10000	0.275	1
LIFT	powerflow0014r	403	234	1432	234
COUNTS	powerflow0014r	403	1630	10761	10361
COPYSTATS	powerflow0014r	secs=0.380	asm_calls=62	asm_words=116314	asm_ms=0.0	rst_calls=9621	rst_words=15546516	rst_ms=1.6	rst_tail_ms=2.3	elims=2540886	fullclear_words=14912084	sparse_words=4531749	sparse_clears=0
LADGATE	2065	10000	0.226	2
LIFT	knp5-43	2065	1119	29756	1119
COUNTS	knp5-43	2065	31132	3517788	3517788
COPYSTATS	knp5-43	secs=0.357	asm_calls=19	asm_words=791873	asm_ms=0.1	rst_calls=86	rst_words=3573960	rst_ms=0.5	rst_tail_ms=0.1	elims=113452	fullclear_words=3524564	sparse_words=226326	sparse_clears=0
LADGATE	21688	10000	0.609	0
LIFT	gabriel09	21688	11348	105698	11348
COUNTS	gabriel09	21688	89702	29373994	25540477
COPYSTATS	gabriel09	secs=0.852	asm_calls=145	asm_words=8403688	asm_ms=3.1	rst_calls=9052	rst_words=48906301	rst_ms=18.2	rst_tail_ms=1.8	elims=896648	fullclear_words=43302836	sparse_words=1433320	sparse_clears=0
LADGATE	32	10000	0.212	1
LIFT	tln2	32	18	60	18
COUNTS	tln2	32	88	233	233
COPYSTATS	tln2	secs=0.236	asm_calls=27	asm_words=864	asm_ms=0.0	rst_calls=219171	rst_words=7013472	rst_ms=4.6	rst_tail_ms=9.9	elims=6287983	fullclear_words=6287983	sparse_words=6163321	sparse_clears=0
LADGATE	22	10000	0.199	1
COUNTS	prob02	22	76	267	232
COPYSTATS	prob02	secs=0.296	asm_calls=33	asm_words=726	asm_ms=0.0	rst_calls=415838	rst_words=9148436	rst_ms=8.5	rst_tail_ms=14.4	elims=8319586	fullclear_words=8319586	sparse_words=8049915	sparse_clears=0
LADGATE	1422	10000	0.304	1
LIFT	blend146	1422	826	3252	826
COUNTS	blend146	1422	4460	78102	64296
COPYSTATS	blend146	secs=0.494	asm_calls=82	asm_words=1148168	asm_ms=0.2	rst_calls=4257	rst_words=17278418	rst_ms=2.3	rst_tail_ms=1.2	elims=1167865	fullclear_words=16836768	sparse_words=2248789	sparse_clears=0
LADGATE	4518	10000	0.432	1
LIFT	mpbp_46	4518	2728	10872	2728
COUNTS	mpbp_46	4518	14492	499547	447603
COPYSTATS	mpbp_46	secs=0.673	asm_calls=83	asm_words=7453838	asm_ms=3.3	rst_calls=1548	rst_words=37137663	rst_ms=16.4	rst_tail_ms=1.1	elims=654251	fullclear_words=36104704	sparse_words=1339566	sparse_clears=0
LADGATE	413	10000	0.335	1
LIFT	tls6	413	291	2630	291
COUNTS	tls6	413	2860	18483	17511
COPYSTATS	tls6	secs=0.473	asm_calls=112	asm_words=146727	asm_ms=0.0	rst_calls=27762	rst_words=15597982	rst_ms=2.6	rst_tail_ms=3.7	elims=3115605	fullclear_words=15017635	sparse_words=5290824	sparse_clears=0
LADGATE	21925	10000	0.362	0
LIFT	emfl100_5_5	21925	9425	27300	9425
COUNTS	emfl100_5_5	21925	52300	221650	221650
COPYSTATS	emfl100_5_5	secs=0.362	asm_calls=17	asm_words=152572	asm_ms=0.0	rst_calls=412	rst_words=424124	rst_ms=0.1	rst_tail_ms=0.1	elims=45872	fullclear_words=374590	sparse_words=57717	sparse_clears=0
LADGATE	341	10000	0.125	2
LIFT	qspp_0_11_0_1_10_1	341	220	43506	220
COUNTS	qspp_0_11_0_1_10_1	341	44264	3563707	3531915
COPYSTATS	qspp_0_11_0_1_10_1	secs=0.236	asm_calls=36	asm_words=61983	asm_ms=0.0	rst_calls=609	rst_words=1184340	rst_ms=0.1	rst_tail_ms=0.2	elims=197646	fullclear_words=1160509	sparse_words=656587	sparse_clears=0
LADGATE	403	10000	0.259	1
LIFT	p_ball_10b_5p_4d_m	403	169	1116	169
COUNTS	p_ball_10b_5p_4d_m	403	1484	13581	13288
COPYSTATS	p_ball_10b_5p_4d_m	secs=0.363	asm_calls=69	asm_words=113349	asm_ms=0.0	rst_calls=16140	rst_words=15028187	rst_ms=1.6	rst_tail_ms=2.5	elims=2686123	fullclear_words=14667965	sparse_words=4540689	sparse_clears=0
LADGATE	90	10000	0.250	1
LIFT	st_rv9	90	70	800	70
COUNTS	st_rv9	90	840	6691	6321
COPYSTATS	st_rv9	secs=0.344	asm_calls=51	asm_words=8740	asm_ms=0.0	rst_calls=51915	rst_words=8935180	rst_ms=1.5	rst_tail_ms=4.8	elims=4271914	fullclear_words=8543828	sparse_words=4942129	sparse_clears=0
LADGATE	3486	10000	0.416	1
LIFT	rsyn0840m02m	3486	1876	6568	1876
COUNTS	rsyn0840m02m	3486	9576	47529	44737
COPYSTATS	rsyn0840m02m	secs=0.638	asm_calls=205	asm_words=5279150	asm_ms=1.8	rst_calls=76338	rst_words=32174012	rst_ms=13.3	rst_tail_ms=6.6	elims=3318069	fullclear_words=30374363	sparse_words=4310113	sparse_clears=0
LADGATE	22	10000	0.199	1
COUNTS	nvs05	22	84	277	266
COPYSTATS	nvs05	secs=0.297	asm_calls=33	asm_words=726	asm_ms=0.0	rst_calls=401578	rst_words=8834716	rst_ms=8.2	rst_tail_ms=13.8	elims=7986497	fullclear_words=7986497	sparse_words=7731483	sparse_clears=0
COUNTS	autocorr_bern25-19	28	612	5278	5278
COPYSTATS	autocorr_bern25-19	secs=0.000	asm_calls=0	asm_words=0	asm_ms=0.0	rst_calls=0	rst_words=0	rst_ms=0.0	rst_tail_ms=0.0	elims=0	fullclear_words=0	sparse_words=0	sparse_clears=0
LADGATE	356	10000	0.248	1
LIFT	sssd20-08persp	356	140	800	140
COUNTS	sssd20-08persp	356	1232	4960	4960
COPYSTATS	sssd20-08persp	secs=0.323	asm_calls=54	asm_words=58512	asm_ms=0.0	rst_calls=23390	rst_words=15751838	rst_ms=1.4	rst_tail_ms=3.0	elims=3294807	fullclear_words=15044957	sparse_words=4136202	sparse_clears=0
LADGATE	827	10000	0.566	1
LIFT	multiplants_stg5	827	310	3480	310
COUNTS	multiplants_stg5	827	3804	377794	159980
COPYSTATS	multiplants_stg5	secs=0.798	asm_calls=89	asm_words=451801	asm_ms=0.1	rst_calls=19592	rst_words=13039642	rst_ms=2.6	rst_tail_ms=2.4	elims=1590361	fullclear_words=12111970	sparse_words=3576470	sparse_clears=0
LADGATE	2032	10000	0.548	1
LIFT	chimera_rfr-02	2032	2012	15234	2012
COUNTS	chimera_rfr-02	2032	15140	3860441	2522785
COPYSTATS	chimera_rfr-02	secs=0.693	asm_calls=92	asm_words=1816779	asm_ms=0.5	rst_calls=13511	rst_words=10295245	rst_ms=2.2	rst_tail_ms=1.9	elims=836738	fullclear_words=9296797	sparse_words=2390897	sparse_clears=0
LADGATE	726	10000	0.488	1
LIFT	multiplants_stg1a	726	304	2994	304
COUNTS	multiplants_stg1a	726	3510	142058	121600
COPYSTATS	multiplants_stg1a	secs=0.706	asm_calls=105	asm_words=376846	asm_ms=0.1	rst_calls=14038	rst_words=11905022	rst_ms=2.1	rst_tail_ms=2.0	elims=1400743	fullclear_words=11261476	sparse_words=3399479	sparse_clears=0
LADGATE	170	10000	0.221	1
LIFT	pooling_adhya4pq	170	93	790	93
COUNTS	pooling_adhya4pq	170	932	24314	16639
COPYSTATS	pooling_adhya4pq	secs=0.350	asm_calls=48	asm_words=22560	asm_ms=0.0	rst_calls=22057	rst_words=9259950	rst_ms=1.0	rst_tail_ms=2.7	elims=3027744	fullclear_words=8590040	sparse_words=3859175	sparse_clears=0
LADGATE	17493	10000	0.601	0
LIFT	nuclear10a	17493	15309	159656	15309
COUNTS	nuclear10a	17493	163816	82406325	55261703
COPYSTATS	nuclear10a	secs=0.813	asm_calls=94	asm_words=5118933	asm_ms=2.0	rst_calls=3017	rst_words=28898618	rst_ms=10.1	rst_tail_ms=1.1	elims=440471	fullclear_words=22343719	sparse_words=1091799	sparse_clears=0
LADGATE	874	10000	0.544	1
LIFT	sonet24v5	874	595	6704	595
COUNTS	sonet24v5	874	7260	185654	110162
COPYSTATS	sonet24v5	secs=0.690	asm_calls=146	asm_words=461766	asm_ms=0.1	rst_calls=70357	rst_words=16364718	rst_ms=5.3	rst_tail_ms=5.6	elims=2997628	fullclear_words=15129988	sparse_words=3645208	sparse_clears=0
LIFT	transswitch2736spr	69651	44696	297260	44696
COUNTS	transswitch2736spr	69651	331010	7933133	7281507
COPYSTATS	transswitch2736spr	secs=0.464	asm_calls=0	asm_words=0	asm_ms=0.0	rst_calls=0	rst_words=0	rst_ms=0.0	rst_tail_ms=0.0	elims=0	fullclear_words=0	sparse_words=0	sparse_clears=0
LADGATE	8992	10000	0.460	1
LIFT	chp_shorttermplan2a	8992	4760	18484	4760
COUNTS	chp_shorttermplan2a	8992	26288	821014	574732
COPYSTATS	chp_shorttermplan2a	secs=0.742	asm_calls=136	asm_words=21719153	asm_ms=12.6	rst_calls=28611	rst_words=55325542	rst_ms=31.2	rst_tail_ms=3.5	elims=1605758	fullclear_words=49379605	sparse_words=2425296	sparse_clears=0
LADGATE	1001	10000	0.190	1
LIFT	catmix200	1001	998	5580	998
COUNTS	catmix200	1001	5592	18173	18164
COPYSTATS	catmix200	secs=0.677	asm_calls=47	asm_words=662247	asm_ms=0.1	rst_calls=1319	rst_words=19699236	rst_ms=2.6	rst_tail_ms=1.1	elims=1106291	fullclear_words=17513097	sparse_words=3492741	sparse_clears=0
COUNTS	nvs23	27	252	1921	1221
COPYSTATS	nvs23	secs=0.000	asm_calls=0	asm_words=0	asm_ms=0.0	rst_calls=0	rst_words=0	rst_ms=0.0	rst_tail_ms=0.0	elims=0	fullclear_words=0	sparse_words=0	sparse_clears=0
LADGATE	20	10000	0.197	1
COUNTS	oaer	20	40	107	107
COPYSTATS	oaer	secs=0.220	asm_calls=23	asm_words=460	asm_ms=0.0	rst_calls=381959	rst_words=7639180	rst_ms=8.1	rst_tail_ms=11.9	elims=7051666	fullclear_words=7051666	sparse_words=6772352	sparse_clears=0
LADGATE	168	10000	0.185	1
LIFT	hybriddynamic_fixed	168	80	250	80
COUNTS	hybriddynamic_fixed	168	388	1103	1103
COPYSTATS	hybriddynamic_fixed	secs=0.209	asm_calls=31	asm_words=13296	asm_ms=0.0	rst_calls=25393	rst_words=10691118	rst_ms=1.0	rst_tail_ms=3.0	elims=3267622	fullclear_words=9529616	sparse_words=4347844	sparse_clears=0
LADGATE	16747	10000	0.552	0
LIFT	edgecross24-115	16747	8651	85448	8651
COUNTS	edgecross24-115	16747	77352	35096942	28128250
COPYSTATS	edgecross24-115	secs=0.797	asm_calls=11	asm_words=4523405	asm_ms=1.8	rst_calls=24	rst_words=44018946	rst_ms=17.5	rst_tail_ms=0.3	elims=167797	fullclear_words=42829750	sparse_words=275425	sparse_clears=0
LADGATE	1178	10000	0.286	1
LIFT	space25	1178	243	1212	243
COUNTS	space25	1178	4334	23567	22528
COPYSTATS	space25	secs=0.417	asm_calls=115	asm_words=755763	asm_ms=0.1	rst_calls=16349	rst_words=14117731	rst_ms=2.2	rst_tail_ms=1.9	elims=1722704	fullclear_words=13801321	sparse_words=2692702	sparse_clears=0
LADGATE	23999	10000	0.377	0
LIFT	methanol400	23999	19199	142128	19199
COUNTS	methanol400	23999	151728	2586036	1878250
COPYSTATS	methanol400	secs=0.559	asm_calls=53	asm_words=9014018	asm_ms=3.5	rst_calls=68092	rst_words=38127198	rst_ms=17.5	rst_tail_ms=3.5	elims=1202710	fullclear_words=37190820	sparse_words=1392378	sparse_clears=0
LADGATE	1218	10000	0.507	1
LIFT	pooling_foulds5tp	1218	659	7246	659
COUNTS	pooling_foulds5tp	1218	8364	251833	171941
COPYSTATS	pooling_foulds5tp	secs=0.683	asm_calls=56	asm_words=866009	asm_ms=0.1	rst_calls=1155	rst_words=16571747	rst_ms=2.2	rst_tail_ms=0.9	elims=918325	fullclear_words=16127074	sparse_words=2700893	sparse_clears=0
LADGATE	5040	10000	0.477	2
LIFT	pooling_sppa9tp	5040	2642	116234	2642
COUNTS	pooling_sppa9tp	5040	121302	104609262	16761982
COPYSTATS	pooling_sppa9tp	secs=0.508	asm_calls=90	asm_words=871704	asm_ms=0.4	rst_calls=12764	rst_words=5716464	rst_ms=2.2	rst_tail_ms=1.6	elims=453862	fullclear_words=3917935	sparse_words=909459	sparse_clears=0
COUNTS	st_miqp2	10	18	37	37
COPYSTATS	st_miqp2	secs=0.000	asm_calls=0	asm_words=0	asm_ms=0.0	rst_calls=0	rst_words=0	rst_ms=0.0	rst_tail_ms=0.0	elims=0	fullclear_words=0	sparse_words=0	sparse_clears=0
COUNTS	autocorr_bern30-23	33	878	8940	8940
COPYSTATS	autocorr_bern30-23	secs=0.000	asm_calls=0	asm_words=0	asm_ms=0.0	rst_calls=0	rst_words=0	rst_ms=0.0	rst_tail_ms=0.0	elims=0	fullclear_words=0	sparse_words=0	sparse_clears=0
LADGATE	9858	10000	0.517	1
LIFT	mpbp_15	9858	5550	25800	5550
COUNTS	mpbp_15	9858	31692	1496502	1163008
COPYSTATS	mpbp_15	secs=0.916	asm_calls=109	asm_words=26044848	asm_ms=15.4	rst_calls=14690	rst_words=61828029	rst_ms=33.6	rst_tail_ms=3.9	elims=2038053	fullclear_words=48440866	sparse_words=3143049	sparse_clears=0
COUNTS	cvxnonsep_psig30r	126	250	501	501
COPYSTATS	cvxnonsep_psig30r	secs=0.000	asm_calls=0	asm_words=0	asm_ms=0.0	rst_calls=0	rst_words=0	rst_ms=0.0	rst_tail_ms=0.0	elims=0	fullclear_words=0	sparse_words=0	sparse_clears=0
LADGATE	1590	10000	0.406	1
LIFT	rsyn0830hfsg	1590	876	2784	876
COUNTS	rsyn0830hfsg	1590	4100	16168	15383
COPYSTATS	rsyn0830hfsg	secs=0.629	asm_calls=139	asm_words=1421237	asm_ms=0.3	rst_calls=47153	rst_words=25080365	rst_ms=5.2	rst_tail_ms=4.3	elims=2866893	fullclear_words=23311798	sparse_words=4424858	sparse_clears=0
LADGATE	1271	10000	0.454	1
LIFT	crudeoil_pooling_ct1	1271	722	3626	722
COUNTS	crudeoil_pooling_ct1	1271	4642	125127	93697
COPYSTATS	crudeoil_pooling_ct1	secs=0.682	asm_calls=95	asm_words=1048115	asm_ms=0.2	rst_calls=15164	rst_words=20453876	rst_ms=3.4	rst_tail_ms=2.1	elims=1568206	fullclear_words=19658518	sparse_words=3129674	sparse_clears=0
LADGATE	800	10000	0.534	1
LIFT	multiplants_stg1c	800	326	3346	326
COUNTS	multiplants_stg1c	800	3894	150039	143020
COPYSTATS	multiplants_stg1c	secs=0.702	asm_calls=99	asm_words=449697	asm_ms=0.1	rst_calls=20898	rst_words=12488993	rst_ms=2.5	rst_tail_ms=2.0	elims=1375610	fullclear_words=11811167	sparse_words=3308993	sparse_clears=0
LADGATE	11	10000	0.185	1
COUNTS	st_pan1	11	32	123	94
COPYSTATS	st_pan1	secs=0.209	asm_calls=28	asm_words=308	asm_ms=0.0	rst_calls=650904	rst_words=7159944	rst_ms=13.0	rst_tail_ms=14.0	elims=6572912	fullclear_words=6572912	sparse_words=6086697	sparse_clears=0
LADGATE	814	10000	0.574	1
LIFT	multiplants_stg1b	814	337	3456	337
COUNTS	multiplants_stg1b	814	3992	308612	187593
COPYSTATS	multiplants_stg1b	secs=0.768	asm_calls=88	asm_words=463609	asm_ms=0.1	rst_calls=14280	rst_words=11636038	rst_ms=2.2	rst_tail_ms=1.7	elims=1247406	fullclear_words=10987573	sparse_words=3034819	sparse_clears=0
LADGATE	11999	10000	0.364	0
LIFT	methanol200	11999	9599	71328	9599
COUNTS	methanol200	11999	76128	1290836	905945
COPYSTATS	methanol200	secs=0.494	asm_calls=99	asm_words=24888132	asm_ms=9.6	rst_calls=69304	rst_words=29395257	rst_ms=13.8	rst_tail_ms=3.8	elims=1245363	fullclear_words=15199309	sparse_words=1409544	sparse_clears=0
LADGATE	26778	10000	0.517	0
LIFT	faclay35	26778	13686	106196	13686
COUNTS	faclay35	26778	132380	33630126	32021838
COPYSTATS	faclay35	secs=0.586	asm_calls=16	asm_words=11330197	asm_ms=4.4	rst_calls=111	rst_words=11434613	rst_ms=4.3	rst_tail_ms=0.1	elims=46580	fullclear_words=11342538	sparse_words=101055	sparse_clears=0
LADGATE	13175	10000	0.229	0
LIFT	emfl050_5_5	13175	5675	17300	5675
COUNTS	emfl050_5_5	13175	32300	155400	155400
COPYSTATS	emfl050_5_5	secs=0.230	asm_calls=17	asm_words=133312	asm_ms=0.0	rst_calls=412	rst_words=404864	rst_ms=0.1	rst_tail_ms=0.1	elims=46588	fullclear_words=379882	sparse_words=58889	sparse_clears=0
LIFT	transswitch2383wpr	59853	37844	247952	37844
COUNTS	transswitch2383wpr	59853	277562	3946309	3861509
COPYSTATS	transswitch2383wpr	secs=0.553	asm_calls=56	asm_words=163528	asm_ms=0.0	rst_calls=3074	rst_words=2571422	rst_ms=0.4	rst_tail_ms=1.0	elims=538231	fullclear_words=2274302	sparse_words=796718	sparse_clears=0
LADGATE	1120	10000	0.505	1
LIFT	chimera_lga-01	1120	721	5500	721
COUNTS	chimera_lga-01	1120	6400	668019	514997
COPYSTATS	chimera_lga-01	secs=0.644	asm_calls=113	asm_words=840854	asm_ms=0.2	rst_calls=23169	rst_words=11354929	rst_ms=2.4	rst_tail_ms=2.5	elims=1318368	fullclear_words=10115921	sparse_words=3595038	sparse_clears=0
LADGATE	4596	10000	0.553	1
LIFT	gasprod_sarawak16	4596	2632	12316	2632
COUNTS	gasprod_sarawak16	4596	15316	213850	193442
COPYSTATS	gasprod_sarawak16	secs=0.736	asm_calls=226	asm_words=8755613	asm_ms=4.0	rst_calls=78912	rst_words=47808557	rst_ms=22.0	rst_tail_ms=8.5	elims=3396101	fullclear_words=42620005	sparse_words=5028341	sparse_clears=0
LADGATE	15904	10000	0.833	0
LIFT	crudeoil_lee4_09	15904	10632	92014	10632
COUNTS	crudeoil_lee4_09	15904	101792	208785578	128851771
COPYSTATS	crudeoil_lee4_09	secs=1.054	asm_calls=97	asm_words=4512641	asm_ms=1.9	rst_calls=3868	rst_words=15416433	rst_ms=6.0	rst_tail_ms=1.1	elims=469918	fullclear_words=13739596	sparse_words=972373	sparse_clears=0
LADGATE	44909	10000	0.665	0
LIFT	arki0013	44909	18463	161472	18463
COUNTS	arki0013	44909	160172	390472987	156317520
COPYSTATS	arki0013	secs=1.037	asm_calls=95	asm_words=31872068	asm_ms=11.7	rst_calls=2836	rst_words=34379473	rst_ms=12.0	rst_tail_ms=0.9	elims=449976	fullclear_words=27965572	sparse_words=829816	sparse_clears=0
LADGATE	42	10000	0.174	2
LIFT	st_m1	42	11	110	11
COUNTS	st_m1	42	432	3097	3097
COPYSTATS	st_m1	secs=0.446	asm_calls=28	asm_words=1166	asm_ms=0.0	rst_calls=222514	rst_words=9344453	rst_ms=4.9	rst_tail_ms=12.9	elims=8821609	fullclear_words=8821609	sparse_words=8670901	sparse_clears=0
LADGATE	5310	10000	0.479	1
LIFT	mpbp_47	5310	3182	12798	3182
COUNTS	mpbp_47	5310	17098	730624	670180
COPYSTATS	mpbp_47	secs=0.769	asm_calls=126	asm_words=11250461	asm_ms=5.9	rst_calls=8299	rst_words=39205532	rst_ms=20.0	rst_tail_ms=1.9	elims=917333	fullclear_words=35965709	sparse_words=1916408	sparse_clears=0
LADGATE	821	10000	0.388	1
LIFT	rsyn0815m	821	434	1516	434
COUNTS	rsyn0815m	821	2242	8260	7745
COPYSTATS	rsyn0815m	secs=0.544	asm_calls=137	asm_words=389160	asm_ms=0.1	rst_calls=90197	rst_words=15573989	rst_ms=6.7	rst_tail_ms=6.1	elims=3685607	fullclear_words=14392816	sparse_words=4825903	sparse_clears=0
LADGATE	7993	10000	0.847	1
LIFT	arki0016	7993	4968	26810	4968
COUNTS	arki0016	7993	37208	878890	839489
COPYSTATS	arki0016	secs=1.182	asm_calls=251	asm_words=12892364	asm_ms=7.2	rst_calls=46720	rst_words=43836281	rst_ms=22.2	rst_tail_ms=6.9	elims=2832692	fullclear_words=34449936	sparse_words=4828694	sparse_clears=0
LADGATE	18	10000	0.195	1
COUNTS	st_glmp_ss2	18	48	121	121
COPYSTATS	st_glmp_ss2	secs=0.218	asm_calls=23	asm_words=414	asm_ms=0.0	rst_calls=419909	rst_words=7558362	rst_ms=8.7	rst_tail_ms=11.7	elims=6825059	fullclear_words=6825059	sparse_words=6560127	sparse_clears=0
LADGATE	2670	10000	0.486	1
LIFT	rsyn0810m02hfsg	2670	1484	4808	1484
COUNTS	rsyn0810m02hfsg	2670	6964	36862	34793
COPYSTATS	rsyn0810m02hfsg	secs=0.673	asm_calls=165	asm_words=3727946	asm_ms=1.0	rst_calls=31350	rst_words=32842169	rst_ms=7.5	rst_tail_ms=3.8	elims=2430616	fullclear_words=31150207	sparse_words=4024742	sparse_clears=0
LADGATE	55	10000	0.178	1
LIFT	pointpack06	55	34	234	34
COUNTS	pointpack06	55	276	1497	1497
COPYSTATS	pointpack06	secs=0.255	asm_calls=36	asm_words=1637	asm_ms=0.0	rst_calls=120497	rst_words=6542071	rst_ms=2.7	rst_tail_ms=8.0	elims=6346355	fullclear_words=6346355	sparse_words=6249395	sparse_clears=0
LADGATE	6328	10000	0.331	1
LIFT	syn40m04hfsg	6328	3492	11224	3492
COUNTS	syn40m04hfsg	6328	16896	76232	73526
COPYSTATS	syn40m04hfsg	secs=0.580	asm_calls=126	asm_words=10904490	asm_ms=6.1	rst_calls=19745	rst_words=34477714	rst_ms=18.7	rst_tail_ms=2.3	elims=1121605	fullclear_words=30078961	sparse_words=1525643	sparse_clears=0
LADGATE	258	10000	0.223	1
LIFT	clay0304m	258	122	576	122
COUNTS	clay0304m	258	840	2742	2742
COPYSTATS	clay0304m	secs=0.296	asm_calls=47	asm_words=37764	asm_ms=0.0	rst_calls=22391	rst_words=15788186	rst_ms=1.0	rst_tail_ms=3.0	elims=3595452	fullclear_words=14840326	sparse_words=4486015	sparse_clears=0
LADGATE	1218	10000	0.399	1
LIFT	pooling_foulds5pq	1218	655	7342	655
COUNTS	pooling_foulds5pq	1218	8300	159641	159641
COPYSTATS	pooling_foulds5pq	secs=0.445	asm_calls=41	asm_words=504622	asm_ms=0.1	rst_calls=762	rst_words=8730675	rst_ms=1.1	rst_tail_ms=0.5	elims=524274	fullclear_words=8603725	sparse_words=1367129	sparse_clears=0
LADGATE	1000	10000	0.370	1
LIFT	clay0305hfsg	1000	485	2050	485
COUNTS	clay0305hfsg	1000	2910	12260	11240
COPYSTATS	clay0305hfsg	secs=0.551	asm_calls=130	asm_words=595838	asm_ms=0.1	rst_calls=47761	rst_words=17113041	rst_ms=4.1	rst_tail_ms=4.1	elims=2773017	fullclear_words=15957113	sparse_words=3792211	sparse_clears=0
LADGATE	64	10000	0.220	1
LIFT	st_test8	64	44	192	44
COUNTS	st_test8	64	232	2343	1964
COPYSTATS	st_test8	secs=0.326	asm_calls=40	asm_words=2560	asm_ms=0.0	rst_calls=92103	rst_words=5894592	rst_ms=2.1	rst_tail_ms=6.8	elims=5514990	fullclear_words=5514990	sparse_words=5468701	sparse_clears=0
LIFT	gams05	17364	8487	278504	8487
COUNTS	gams05	17364	252910	6179750712	3272194130
COPYSTATS	gams05	secs=0.810	asm_calls=64	asm_words=675437	asm_ms=0.1	rst_calls=1630	rst_words=2205038	rst_ms=0.3	rst_tail_ms=0.5	elims=177837	fullclear_words=932254	sparse_words=307447	sparse_clears=0
LADGATE	31	10000	0.205	1
COUNTS	sporttournament08	31	156	862	862
COPYSTATS	sporttournament08	secs=0.297	asm_calls=27	asm_words=837	asm_ms=0.0	rst_calls=230166	rst_words=7135146	rst_ms=5.0	rst_tail_ms=9.4	elims=6507161	fullclear_words=6507161	sparse_words=6357888	sparse_clears=0
LADGATE	1121	10000	0.334	1
LIFT	powerflow0030p	1121	642	3468	642
COUNTS	powerflow0030p	1121	4194	24944	23642
COPYSTATS	powerflow0030p	secs=0.524	asm_calls=125	asm_words=767463	asm_ms=0.1	rst_calls=32104	rst_words=15587299	rst_ms=3.4	rst_tail_ms=3.1	elims=1977811	fullclear_words=14901537	sparse_words=3504390	sparse_clears=0
LADGATE	22407	10000	0.580	0
LIFT	popdynm200	22407	18799	98384	18799
COUNTS	popdynm200	22407	105584	2567878	2404589
COPYSTATS	popdynm200	secs=0.848	asm_calls=121	asm_words=7987784	asm_ms=3.1	rst_calls=7775	rst_words=49656194	rst_ms=18.8	rst_tail_ms=1.9	elims=1017950	fullclear_words=46599345	sparse_words=1731693	sparse_clears=0
LADGATE	11120	10000	0.549	0
LIFT	mpbp_35	11120	6920	32350	6920
COUNTS	mpbp_35	11120	40790	3037207	1192996
COPYSTATS	mpbp_35	secs=0.962	asm_calls=152	asm_words=31286592	asm_ms=18.5	rst_calls=4680	rst_words=56269596	rst_ms=30.2	rst_tail_ms=2.8	elims=1556337	fullclear_words=46560962	sparse_words=2756427	sparse_clears=0
LADGATE	1492	10000	0.332	1
LIFT	syn30m02m	1492	762	2608	762
COUNTS	syn30m02m	1492	3936	13752	13462
COPYSTATS	syn30m02m	secs=0.522	asm_calls=109	asm_words=1267869	asm_ms=0.3	rst_calls=26279	rst_words=14248160	rst_ms=2.3	rst_tail_ms=2.1	elims=1843329	fullclear_words=13517850	sparse_words=2895717	sparse_clears=0
LADGATE	481	10000	0.340	1
LIFT	wastewater13m1	481	353	3026	353
COUNTS	wastewater13m1	481	3252	60135	60068
COPYSTATS	wastewater13m1	secs=0.478	asm_calls=125	asm_words=162169	asm_ms=0.0	rst_calls=26419	rst_words=11388365	rst_ms=2.4	rst_tail_ms=2.8	elims=1791161	fullclear_words=10503685	sparse_words=2966599	sparse_clears=0
LADGATE	1022	10000	0.271	1
LIFT	syn40hfsg	1022	573	1726	573
COUNTS	syn40hfsg	1022	2624	8432	8155
COPYSTATS	syn40hfsg	secs=0.413	asm_calls=86	asm_words=558035	asm_ms=0.1	rst_calls=17350	rst_words=15235970	rst_ms=2.3	rst_tail_ms=2.0	elims=1881075	fullclear_words=14053740	sparse_words=2971823	sparse_clears=0
LADGATE	69	10000	0.201	1
LIFT	sep1	69	36	150	36
COUNTS	sep1	69	206	1097	1047
COPYSTATS	sep1	secs=0.233	asm_calls=54	asm_words=5818	asm_ms=0.0	rst_calls=70849	rst_words=9027839	rst_ms=1.7	rst_tail_ms=4.7	elims=4255299	fullclear_words=8352834	sparse_words=4325096	sparse_clears=0
LADGATE	2508	10000	0.389	1
LIFT	syn30m03m	2508	1278	4542	1278
COUNTS	syn30m03m	2508	6804	26806	26552
COPYSTATS	syn30m03m	secs=0.497	asm_calls=123	asm_words=3011222	asm_ms=0.7	rst_calls=20002	rst_words=27546126	rst_ms=5.4	rst_tail_ms=2.4	elims=1804660	fullclear_words=26463796	sparse_words=2805779	sparse_clears=0
COUNTS	st_qpc-m3a	30	304	2330	1574
COPYSTATS	st_qpc-m3a	secs=0.000	asm_calls=0	asm_words=0	asm_ms=0.0	rst_calls=0	rst_words=0	rst_ms=0.0	rst_tail_ms=0.0	elims=0	fullclear_words=0	sparse_words=0	sparse_clears=0
LADGATE	2644	10000	0.586	1
LIFT	crudeoil_pooling_ct3	2644	1586	9346	1586
COUNTS	crudeoil_pooling_ct3	2644	11426	1381490	901412
COPYSTATS	crudeoil_pooling_ct3	secs=0.857	asm_calls=109	asm_words=3082521	asm_ms=0.9	rst_calls=12462	rst_words=20499397	rst_ms=4.7	rst_tail_ms=1.9	elims=1065701	fullclear_words=19728485	sparse_words=2444208	sparse_clears=0
LADGATE	634	10000	0.350	1
LIFT	space25a	634	417	2530	417
COUNTS	space25a	634	3246	29078	27962
COPYSTATS	space25a	secs=0.536	asm_calls=118	asm_words=295114	asm_ms=0.1	rst_calls=16260	rst_words=14706597	rst_ms=2.2	rst_tail_ms=2.5	elims=2185635	fullclear_words=14150979	sparse_words=3695986	sparse_clears=0
COUNTS	autocorr_bern20-15	23	394	2784	2784
COPYSTATS	autocorr_bern20-15	secs=0.000	asm_calls=0	asm_words=0	asm_ms=0.0	rst_calls=0	rst_words=0	rst_ms=0.0	rst_tail_ms=0.0	elims=0	fullclear_words=0	sparse_words=0	sparse_clears=0
LADGATE	35	10000	0.213	1
LIFT	ex7_2_1	35	21	106	21
COUNTS	ex7_2_1	35	134	352	341
COPYSTATS	ex7_2_1	secs=0.314	asm_calls=40	asm_words=1396	asm_ms=0.0	rst_calls=249726	rst_words=8739991	rst_ms=5.6	rst_tail_ms=12.2	elims=7892361	fullclear_words=7892361	sparse_words=7751692	sparse_clears=0
LADGATE	2092	10000	0.399	1
LIFT	hydroenergy2	2092	1090	4556	1090
COUNTS	hydroenergy2	2092	6236	69051	55964
COPYSTATS	hydroenergy2	secs=0.580	asm_calls=140	asm_words=2285940	asm_ms=0.5	rst_calls=23815	rst_words=20938839	rst_ms=3.9	rst_tail_ms=2.3	elims=1451038	fullclear_words=20074292	sparse_words=2988861	sparse_clears=0
LADGATE	514	10000	0.346	2
LIFT	pooling_digabel19	514	296	5918	296
COUNTS	pooling_digabel19	514	5340	325989	282475
COPYSTATS	pooling_digabel19	secs=0.605	asm_calls=65	asm_words=231324	asm_ms=0.0	rst_calls=2933	rst_words=11806057	rst_ms=1.5	rst_tail_ms=1.2	elims=1305607	fullclear_words=11117463	sparse_words=3591536	sparse_clears=0
LADGATE	132	10000	0.240	1
LIFT	clay0203m	132	63	282	63
COUNTS	clay0203m	132	420	1348	1348
COPYSTATS	clay0203m	secs=0.320	asm_calls=44	asm_words=11416	asm_ms=0.0	rst_calls=60184	rst_words=14594378	rst_ms=2.2	rst_tail_ms=5.3	elims=5457143	fullclear_words=13613661	sparse_words=6246329	sparse_clears=0
LADGATE	13680	10000	0.356	0
LIFT	squfl030-150	13680	4680	18000	4680
COUNTS	squfl030-150	13680	36000	252605	252605
COPYSTATS	squfl030-150	secs=0.357	asm_calls=53	asm_words=14316	asm_ms=0.0	rst_calls=3080	rst_words=766816	rst_ms=0.2	rst_tail_ms=0.5	elims=286390	fullclear_words=585442	sparse_words=352756	sparse_clears=0

--- every order() call, slowest first (TSV) ---
secs	matrix	n	nnz	ratio
1.1822	arki0016	7993	37208	0.9552
1.1352	chimera_selby-c16-01	2031	10964	0.6690
1.1089	chimera_selby-c16-02	2031	10878	0.5405
1.1000	transswitch0300p	11659	48446	0.9271
1.0645	crudeoil_lee2_06	6418	34646	0.7402
1.0619	crudeoil_lee4_10	17809	120632	0.6147
1.0539	crudeoil_lee4_09	15904	101792	0.6171
1.0374	arki0013	44909	160172	0.4003
1.0319	crudeoil_lee4_06	10429	55492	0.4754
1.0085	rsyn0840m04m	8508	24272	0.8064
1.0005	mpbp_48	28368	91016	0.4764
0.9876	ringpack_30_2	17999	121458	0.2311
0.9622	mpbp_35	11120	40790	0.3928
0.9591	powerflow0300p	11251	41918	0.9447
0.9475	chp_partload	5211	16740	0.7328
0.9218	crudeoil_pooling_dt3	30660	152210	0.7056
0.9190	mpbp_07	9532	30810	0.9120
0.9158	mpbp_15	9858	31692	0.7772
0.9079	sfacloc2_3_80	4799	20600	0.9580
0.9028	crudeoil_lee1_07	3670	19322	0.7343
0.8980	procurement1large	14416	41068	0.5275
0.8891	powerflow0118p	5065	18730	0.9664
0.8887	sfacloc2_4_80	5067	21424	0.9584
0.8730	chp_shorttermplan2d	16364	52108	0.5024
0.8567	crudeoil_pooling_ct3	2644	11426	0.6525
0.8525	gabriel09	21688	89702	0.8695
0.8507	chp_shorttermplan1a	4952	15700	0.7967
0.8479	popdynm200	22407	105584	0.9364
0.8393	rsyn0820m04m	6028	17372	0.7838
0.8351	rsyn0815m04m	5456	15756	0.7789
0.8206	pinene200	19995	97990	0.8342
0.8134	nuclear10a	17493	163816	0.6706
0.8103	gams05	17364	252910	0.5295
0.8098	waste	4825	21504	0.8654
0.8032	nuclear25a	1942	16030	0.5739
0.7983	multiplants_stg5	827	3804	0.4235
0.7974	edgecross24-115	16747	77352	0.8014
0.7965	crudeoil_pooling_dt2	18742	75910	0.6610
0.7965	torsion50	2508	29808	0.6617
0.7906	pooling_sppa0pq	1649	24192	0.3307
0.7897	crudeoil_li05	4225	14628	0.7848
0.7858	catmix400	2001	11192	0.9998
0.7767	rsyn0830m04m	7252	20752	0.8114
0.7713	chimera_k64ising-02	1225	3846	0.6102
0.7685	mpbp_47	5310	17098	0.9173
0.7677	multiplants_stg1b	814	3992	0.6079
0.7593	kall_circlespolygons_c1p5b	1681	7432	0.9608
0.7497	multiplants_mtg1b	645	4404	0.6607
0.7440	netmod_kar1	1746	4928	0.7717
0.7422	chp_shorttermplan2a	8992	26288	0.7000
0.7421	mpbp_34	11556	40860	0.2880
0.7364	rsyn0805m03m	2868	8270	0.8992
0.7360	gasprod_sarawak81	22536	75636	0.9118
0.7357	gasprod_sarawak16	4596	15316	0.9046
0.7270	popdynm25	2807	13904	0.8019
0.7219	nuclear104	39098	257806	0.7593
0.7204	ndcc12	974	5982	0.9533
0.7134	gabriel10	244056	1148210	0.9285
0.7108	rsyn0810m04m	4772	13836	0.7672
0.7068	rsyn0820m02m	2486	6932	0.9368
0.7063	multiplants_stg1a	726	3510	0.8560
0.7018	multiplants_stg1c	800	3894	0.9532
0.6929	chimera_rfr-02	2032	15140	0.6535
0.6928	nd_netgen-3000-1-1-b-b-ns_7	33155	90000	0.9584
0.6896	sonet24v5	874	7260	0.5934
0.6880	sonet23v4	803	6462	0.6753
0.6829	pooling_foulds5tp	1218	8364	0.6828
0.6815	crudeoil_pooling_ct1	1271	4642	0.7488
0.6782	multiplants_stg1	736	3594	0.8147
0.6778	batchs201210m	5188	17910	0.8685
0.6766	catmix200	1001	5592	0.9995
0.6748	sporttournament48	1131	6676	0.6439
0.6734	mpbp_46	4518	14492	0.8960
0.6731	ndcc13	969	5882	0.6183
0.6726	rsyn0810m02hfsg	2670	6964	0.9439
0.6641	syn40m04m	4960	13792	0.9562
0.6637	mpbp_21	11716	37660	0.8615
0.6586	risk2bpb	1462	5396	0.5574
0.6531	rsyn0815m02hfsg	3054	7968	0.9278
0.6475	acopf_case9241pegase_qcqp	313068	1292408	0.9737
0.6439	chimera_lga-01	1120	6400	0.7709
0.6437	kall_circlesrectangles_c6r39	1306	5378	0.9850
0.6379	rsyn0840m02m	3486	9576	0.9413
0.6326	ndcc12persp	1112	5522	0.9521
0.6289	rsyn0830hfsg	1590	4100	0.9514
0.6218	pooling_sppc3pq	23173	893724	0.2829
0.6206	pooling_foulds4pq	1294	8302	0.9989
0.6135	chimera_mgw-c16-2031-01	2032	15900	0.7809
0.6099	ringpack_20_2	6089	40368	0.3779
0.6046	pooling_digabel19	514	5340	0.8665
0.6029	kan_r3_h1_n4	3183	14062	0.9409
0.5912	sonet21v6	8232	40744	0.9650
0.5865	faclay35	26778	132380	0.9522
0.5865	arki0002	4432	11248	0.9764
0.5803	hydroenergy2	2092	6236	0.8105
0.5797	syn40m04hfsg	6328	16896	0.9645
0.5708	pooling_sppb5pq	18529	674470	0.4077
0.5700	ringpack_20_3	6709	45220	0.3584
0.5648	gancns	548	2800	0.8407
0.5616	faclay75	272878	1379706	0.9405
0.5590	methanol400	23999	151728	0.7263
0.5580	chimera_mgw-c8-439-onc8-001	440	3040	0.7347
0.5572	slay09h	2718	7488	0.8982
0.5536	supplychainr1_022020	4620	15680	0.9999
0.5535	rocket50	555	3488	0.9641
0.5533	transswitch2383wpr	59853	277562	0.9785
0.5514	clay0305hfsg	1000	2910	0.9168
0.5498	qapw	705	87496	1.0000
0.5467	chimera_mgw-c8-439-onc8-002	440	3038	0.8820
0.5448	p_ball_30b_7p_2d_h	2207	7516	0.9968
0.5442	graphpart_clique-30	120	2790	0.7961
0.5442	rsyn0815m	821	2242	0.9377
0.5413	sfacloc2_4_90	1491	4500	0.9104
0.5392	graphpart_clique-20	80	1260	0.7985
0.5363	forest	713	2658	0.9933
0.5362	space25a	634	3246	0.9616
0.5353	syn15m04m	1908	5288	0.9604
0.5343	faclay30	16678	82242	0.9552
0.5286	squfl020-150	9170	24000	1.0000
0.5245	powerflow0030p	1121	4194	0.9478
0.5230	oil	3270	8430	0.9572
0.5222	syn30m02m	1492	3936	0.9789
0.5219	maxcsp-langford-3-11	660	29646	0.3098
0.5117	waternd2	615	2580	0.4806
0.5113	p_ball_30b_5p_2d_h	1543	5224	0.9961
0.5094	edgecross10-030	1053	4654	0.7367
0.5079	pooling_sppa9tp	5040	121302	0.1602
0.5015	primary	378	5610	0.8688
0.4978	nd_netgen-2000-3-4-b-a-ns_7	22074	60000	0.9422
0.4968	syn30m03m	2508	6804	0.9905
0.4958	blend718	1386	4310	0.8737
0.4944	methanol200	11999	76128	0.7018
0.4938	blend146	1422	4460	0.8232
0.4867	batchs121208m	3404	11462	0.9332
0.4839	rsyn0840m	1159	3168	0.9412
0.4783	blend721	1428	4548	0.8528
0.4781	wastewater13m1	481	3252	0.9989
0.4773	p_ball_10b_7p_3d_h	1236	4186	0.9739
0.4727	tls6	413	2860	0.9474
0.4637	transswitch2736spr	69651	331010	0.9179
0.4637	st_m2	72	1226	1.0000
0.4530	edgecross14-156	3097	19664	0.9254
0.4462	st_m1	42	432	1.0000
0.4457	squfl015-060	2775	7200	1.0000
0.4450	pooling_foulds5pq	1218	8300	1.0000
0.4374	sonetgr17	440	2958	0.8190
0.4299	edgecross10-040	1053	5116	0.8867
0.4262	fo9_ar25_1	1049	4336	0.9177
0.4230	slay05h	760	2080	0.8961
0.4221	pooling_sppa9pq	5030	120730	0.6340
0.4219	edgecross10-090	1053	5204	0.8181
0.4215	o9_ar4_1	1049	4336	0.9177
0.4206	glider400	10017	49624	0.8778
0.4175	space25	1178	4334	0.9559
0.4166	edgecross10-080	1053	5940	0.9476
0.4157	unitcommit_200_100_1_mod_8	146830	476332	0.9764
0.4142	korcns	156	712	0.9113
0.4132	sporttournament18	156	886	0.7746
0.4132	syn40hfsg	1022	2624	0.9671
0.4127	pooling_sppc1pq	14100	477680	0.1683
0.4089	ex1265a	123	560	0.9498
0.4072	waterund14	333	2204	0.3516
0.4035	graphpart_clique-70	280	14910	0.8103
0.3923	waterund01	96	404	0.7297
0.3922	squfl010-040persp	2450	7200	1.0000
0.3917	wastepaper4	115	724	0.7397
0.3864	supplychainr1_053050	16640	57800	1.0000
0.3862	syn40m	560	1528	0.9644
0.3862	knp5-44	2157	32604	1.0000
0.3805	powerflow0014r	403	1630	0.9628
0.3749	ex8_3_9	123	834	0.7643
0.3742	syn10m03hfsg	1071	2772	0.9921
0.3718	waterund11	160	828	0.7224
0.3714	clay0204hfsg	590	1696	0.9116
0.3704	demo7	155	618	0.9573
0.3690	wastewater05m1	98	536	0.6845
0.3632	p_ball_10b_5p_4d_m	403	1484	0.9784
0.3630	kissing2	20772	401024	1.0000
0.3627	st_e31	301	744	0.9389
0.3624	emfl100_5_5	21925	52300	1.0000
0.3613	p_ball_10b_5p_2d_m	293	964	0.9848
0.3571	knp5-43	2065	31132	1.0000
0.3565	squfl030-150	13680	36000	1.0000
0.3550	slay08m	660	2016	1.0000
0.3547	squfl010-080	2490	6400	1.0000
0.3506	graphpart_3g-0244-0244	128	672	0.9727
0.3504	pooling_adhya4pq	170	932	0.6843
0.3494	genpooling_lee2	221	1048	0.7051
0.3492	pooling_rt2tp	118	654	0.9864
0.3435	st_rv9	90	840	0.9447
0.3384	wastepaper6	191	1416	1.0000
0.3333	syn10m04m	1224	3384	0.9979
0.3332	prolog	64	292	0.9839
0.3301	orth_d4m6_pl	172	1096	0.9785
0.3284	lop97icx	1073	2118	0.8078
0.3260	st_test8	64	232	0.8382
0.3246	waterund08	230	1290	0.8534
0.3245	slay07m	497	1512	1.0000
0.3232	sssd20-08persp	356	1232	1.0000
0.3223	ex8_4_1	32	100	1.0000
0.3209	sssd18-08persp	338	1168	1.0000
0.3198	clay0203m	132	420	1.0000
0.3181	tspn08	72	668	0.6863
0.3171	wastewater02m1	36	138	0.9316
0.3152	squfl025-030	2305	6000	1.0000
0.3137	ex7_2_1	35	134	0.9688
0.3128	graphpart_3g-0333-0333	108	648	0.8064
0.3104	pooling_adhya4tp	170	936	0.7667
0.3083	elf	124	376	0.7951
0.3061	st_e07	19	60	1.0000
0.3042	pooling_haverly1pq	31	96	0.9782
0.3041	clay0204m	222	704	1.0000
0.3029	st_bpaf1a	30	120	0.9310
0.3024	syn15hfsg	399	1022	0.9915
0.3016	pooling_haverly1tp	31	96	0.9527
0.3001	meanvar-orl400_05_e_8	4405	171604	1.0000
0.3000	qspp_0_14_0_1_10_1	560	120274	0.9939
0.2991	slay05m	240	720	1.0000
0.2973	nvs05	22	84	0.9603
0.2970	ex5_2_4	18	62	0.9461
0.2967	sporttournament08	31	156	1.0000
0.2961	prob02	22	76	0.8689
0.2958	clay0304m	258	840	1.0000
0.2955	slay06m	357	1080	1.0000
0.2938	ex1263a	94	390	1.0000
0.2906	st_rv2	40	340	1.0000
0.2883	chain200	601	2396	1.0000
0.2862	csched1	110	376	1.0000
0.2849	squfl015-080persp	7295	21600	1.0000
0.2849	st_jcbpaf2	36	246	0.9437
0.2834	cont6-qq	120395	557994	0.6962
0.2788	st_ph1	16	58	0.8504
0.2768	sssd25-08	401	1200	1.0000
0.2757	pointpack04	29	120	1.0000
0.2739	ex6_1_4	10	48	0.7766
0.2693	st_bsj2	13	40	0.7972
0.2690	squfl025-025persp	3800	11250	1.0000
0.2689	meanvar-orl400_05_e_7	5205	174804	0.9998
0.2609	slay04m	146	432	1.0000
0.2598	maxmin	181	1440	1.0000
0.2593	ex8_1_7	14	46	0.9343
0.2573	qspp_0_10_0_1_10_1	280	29636	0.9946
0.2552	pointpack06	55	276	1.0000
0.2552	nvs02	11	46	1.0000
0.2541	qap	255	43748	0.9599
0.2498	emfl100_3_3	6885	15948	1.0000
0.2475	hydroenergy1	1046	3024	1.0000
0.2472	maxcsp-ehi-85-297-71	2372	207996	0.8040
0.2464	chain400	1201	4796	1.0000
0.2463	qspp_0_13_0_1_10_1	481	88522	0.9946
0.2462	himmel11	14	60	1.0000
0.2423	kall_diffcircles_6	76	302	1.0000
0.2411	ex1223	33	82	1.0000
0.2389	ex1223b	25	66	1.0000
0.2375	ex1225	26	66	0.9415
0.2374	ex2_1_3	31	72	1.0000
0.2366	ex9_2_6	28	68	1.0000
0.2364	qspp_0_11_0_1_10_1	341	44264	0.9911
0.2361	tln2	32	88	1.0000
0.2341	st_qpk3	55	548	0.6881
0.2334	sep1	69	206	0.9544
0.2319	ex9_1_2	19	54	0.9521
0.2296	emfl050_5_5	13175	32300	1.0000
0.2278	ex3_1_3	18	36	0.9222
0.2248	st_bpk1	16	44	0.9391
0.2201	oaer	20	40	1.0000
0.2183	st_glmp_ss2	18	48	1.0000
0.2161	st_ph13	23	68	0.8599
0.2152	st_glmp_ss1	24	66	1.0000
0.2150	sssd15-04	163	440	1.0000
0.2107	st_ht	8	18	0.8627
0.2095	st_pan1	11	32	0.7642
0.2089	hybriddynamic_fixed	168	388	1.0000
0.1939	ex14_1_8	11	30	1.0000
0.1900	st_e22	12	30	0.9091
0.1894	ex9_2_4	15	36	1.0000
0.1486	watercontamination0303r	1310	37028	1.0000
0.0002	polygon75	5846	49652	1.0000
0.0001	pedigree_sim400	351	23546	0.9997
0.0000	camshape400	2000	7188	1.0000
0.0000	autocorr_bern40-30	43	1534	1.0000
0.0000	autocorr_bern35-35fix	38	1264	1.0000
0.0000	smallinvDAXr1b010-011	39	1120	0.9859
0.0000	autocorr_bern30-23	33	878	1.0000
0.0000	autocorr_bern25-19	28	612	1.0000
0.0000	cvxnonsep_psig30	30	870	1.0000
0.0000	autocorr_bern20-15	23	394	1.0000
0.0000	st_qpc-m3a	30	304	0.6755
0.0000	cvxnonsep_psig20	20	380	1.0000
0.0000	nvs23	27	252	0.6356
0.0000	nvs19	24	200	0.6534
0.0000	st_iqpbk1	22	98	1.0000
0.0000	st_e25	20	92	0.7798
0.0000	cvxnonsep_normcon20r	82	162	1.0000
0.0000	cvxnonsep_normcon40r	162	322	1.0000
0.0000	cvxnonsep_psig30r	126	250	1.0000
0.0000	st_e24	10	26	0.8906
0.0000	st_miqp2	10	18	1.0000
0.0000	st_e41	8	32	1.0000
0.0000	cvxnonsep_psig20r	86	170	1.0000
matrices under 0.010s: 23/300
matrices under 0.050s: 23/300
matrices under 0.100s: 23/300
matrices under 0.200s: 27/300
matrices under 0.400s: 137/300

--- per-bucket ---
lt_1k    count=147   geomean=0.8876
1k_10k   count=108   geomean=0.8393
gt_10k   count=45    geomean=0.6854
SCORE = 0.792234
WORST order() = 1.182 s
FORCEAUDIT	stage1b_sites=39	force_fires=0	unsound=0	core_total_mismatch=0	max_drift_ppm=0	worst_incumbent=0	worst_adopted=0	tie_window_opened=16	tie_pass_run=2
test ordering::probe::probe_timing_and_score ... ok

test result: ok. 1 passed; 0 failed; 0 ignored; 0 measured; 181 filtered out; finished in 143.24s

