warning: unused doc comment
    --> candidate-worker/src/../../src/ordering/mod.rs:1033:1
     |
1033 | / /// Which lineage the current `leader_order` call runs: `true` is the shipped
1034 | | /// pipeline, `false` is the same pipeline with the `4.subtree` chain's budget
1035 | | /// suppressed. A thread-local keeps the `order()` fork from re-parameterising
1036 | | /// every intermediate call site, and the two lineages never share it.
     | |_---------------------------------------------------------------------^
     |   |
     |   rustdoc does not generate documentation for macro invocations
     |
     = help: to document an item produced by a macro, the macro must produce the documentation as part of its expansion
     = note: `#[warn(unused_doc_comments)]` (part of `#[warn(unused)]`) on by default

warning: unused doc comment
    --> candidate-worker/src/../../src/ordering/mod.rs:1339:1
     |
1339 | / /// TEST-ONLY sweep switch for the mid-size `rgreedy` stream opened by the 0154
1340 | | /// engine census. Returns `(ops_budget, gate_variant, stream_count)`; a zero
1341 | | /// budget disables the stream, which is what production compiles to — the
1342 | | /// switch can never change a submitted ordering. Configured through
1343 | | /// `SSI_MID_ENGINE="<variant>:<budget>[:<streams>]"` so one build can sweep
1344 | | /// several gate/budget points.
     | |_------------------------------^
     |   |
     |   rustdoc does not generate documentation for macro invocations
     |
     = help: to document an item produced by a macro, the macro must produce the documentation as part of its expansion

warning: unused doc comment
    --> candidate-worker/src/../../src/ordering/mod.rs:1734:1
     |
1734 | / /// TEST-ONLY kill switch for the heavy-tier arm (metrics + no-dense AMD +
1735 | | /// extra AMF α), so a probe can A/B the arm in one process.
     | |_-----------------------------------------------------------^
     |   |
     |   rustdoc does not generate documentation for macro invocations
     |
     = help: to document an item produced by a macro, the macro must produce the documentation as part of its expansion

warning: unused doc comment
   --> candidate-worker/src/../../src/ordering/parallel.rs:335:1
    |
335 | / /// TEST-ONLY switch forcing every batch onto the sequential path, so a probe
336 | | /// can run the SAME `order()` both ways in one process and compare the
337 | | /// returned permutations element by element. Production builds compile
338 | | /// [`force_sequential`] down to a constant `false`.
    | |_---------------------------------------------------^
    |   |
    |   rustdoc does not generate documentation for macro invocations
    |
    = help: to document an item produced by a macro, the macro must produce the documentation as part of its expansion

warning: unused doc comment
   --> candidate-worker/src/../../src/ordering/parallel.rs:369:1
    |
369 | / /// TEST-ONLY per-phase wall-clock marks: `phase_mark(label, t0)` appends
370 | | /// `(label, secs since t0)`; `phase_take()` drains them. Lets a probe see which
371 | | /// stage of `order()` sets a row's critical path. Never compiled into the
372 | | /// shipped binary.
    | |_------------------^
    |   |
    |   rustdoc does not generate documentation for macro invocations
    |
    = help: to document an item produced by a macro, the macro must produce the documentation as part of its expansion

warning: unused doc comment
    --> candidate-worker/src/../../src/ordering/mod.rs:5350:5
     |
5350 | /     /// ── 0192: the window is the frontier's own chain scope ─────────────────
5351 | |     /// The chain no longer reaches above n = 10 000 (see `PEO_ALT_MAX_N`), so
5352 | |     /// the draw takes over the whole band the chain used to own. Measured on the
5353 | |     /// 300 dev rows: with the window at 50 000 instead of 12 000 the draw adds
...    |
5359 | |     /// spender there), and its worst row is 1.127 s against the frontier's
5360 | |     /// 1.160 s base, so the wide band stays below the frontier's own footprint.
     | |________________________________________________________________________________^
5361 |       #[cfg(test)]
5362 | /     let window_n: usize = std::env::var("SSI_TERM_WIN_N")
5363 | |         .ok()
5364 | |         .and_then(|v| v.trim().parse::<usize>().ok())
5365 | |         .unwrap_or(50_000);
     | |___________________________- rustdoc does not generate documentation for statements
     |
     = help: use `//` for a plain comment

warning: unused doc comment
    --> candidate-worker/src/../../src/ordering/mod.rs:5519:9
     |
5519 | /         /// ── iter79: the dense rung is RETIRED (production compiles it OFF) ──
5520 | |         /// Bat `4d26ed3d` was the promoted tree plus *only* this rung and it was
5521 | |         /// killed at the grader's per-matrix time cap (86 s into the hidden run,
5522 | |         /// the same mark as every other post-15:52 kill), so the rung's ~2.4e-5
...    |
5525 | |         /// now the production value (the 0275 lesson: a probe default that
5526 | |         /// disagrees with production measures a different program).
     | |____________________________________________________________________^
5527 |           #[cfg(test)]
5528 | /         let dense_rung_on: bool = std::env::var("SSI_TERM_DENSE_RUNG")
5529 | |             .map(|v| v.trim() == "1")
5530 | |             .unwrap_or(false);
     | |______________________________- rustdoc does not generate documentation for statements
     |
     = help: use `//` for a plain comment

warning: unused doc comment
    --> candidate-worker/src/../../src/ordering/mod.rs:5533:9
     |
5533 | /         /// `nnz < 3n` = the sparse band of the 0184 price law (66 of the 300 dev
5534 | |         /// rows, all of them in-window). Structural, never per-matrix.
     | |_______________________________________________________________________^
5535 | /         let shipped_ladder = || {
5536 | |             if nnz < 3 * n {
5537 | |                 SHIPPED_SPARSE_LADDER.to_vec()
5538 | |             } else if dense_rung_on && nnz >= 10 * n {
...    |
5543 | |         };
     | |__________- rustdoc does not generate documentation for statements
     |
     = help: use `//` for a plain comment

warning: variable does not need to be mutable
    --> candidate-worker/src/../../src/ordering/probe.rs:4165:9
     |
4165 |     let mut next = |s: &mut u64| -> u64 {
     |         ----^^^^
     |         |
     |         help: remove this `mut`
     |
     = note: `#[warn(unused_mut)]` (part of `#[warn(unused)]`) on by default

warning: unused variable: `t_refine`
   --> candidate-worker/src/../../src/ordering/rgreedy/window_dp.rs:763:17
    |
763 |             let t_refine = std::time::Instant::now();
    |                 ^^^^^^^^ help: if this is intentional, prefix it with an underscore: `_t_refine`
    |
    = note: `#[warn(unused_variables)]` (part of `#[warn(unused)]`) on by default

warning: value assigned to `d` is never read
   --> candidate-worker/src/../../src/ordering/rgreedy.rs:733:29
    |
733 |                 let mut d = 0u32;
    |                             ^^^^
    |
    = help: maybe it is overwritten before being read?
    = note: `#[warn(unused_assignments)]` (part of `#[warn(unused)]`) on by default

warning: constant `SUBTREE_MAX_N` is never used
   --> candidate-worker/src/../../src/ordering/mod.rs:946:7
    |
946 | const SUBTREE_MAX_N: usize = 250_000;
    |       ^^^^^^^^^^^^^
    |
    = note: `#[warn(dead_code)]` (part of `#[warn(unused)]`) on by default

warning: function `refine` is never used
  --> candidate-worker/src/../../src/ordering/completion.rs:12:15
   |
12 | pub(super) fn refine(
   |               ^^^^^^

warning: function `audit_enabled` is never used
   --> candidate-worker/src/../../src/ordering/symbolic_flat.rs:316:15
    |
316 | pub(super) fn audit_enabled() -> bool {
    |               ^^^^^^^^^^^^^

warning: type alias `PermFn` is never used
  --> candidate-worker/src/../../src/ordering/parallel.rs:80:17
   |
80 | pub(crate) type PermFn<'a> = Box<dyn Fn() -> Option<Vec<usize>> + Sync + 'a>;
   |                 ^^^^^^

warning: function `run_perms` is never used
   --> candidate-worker/src/../../src/ordering/parallel.rs:189:15
    |
189 | pub(crate) fn run_perms(
    |               ^^^^^^^^^

warning: function `accept` is never used
   --> candidate-worker/src/../../src/ordering/parallel.rs:314:15
    |
314 | pub(crate) fn accept(results: &mut [CandOut], best_flops: &mut u64, best_perm: &mut Vec<usize>) -> bool {
    |               ^^^^^^

warning: function `minl_is_clique` is never used
   --> candidate-worker/src/../../src/ordering/minl.rs:134:4
    |
134 | fn minl_is_clique(adj: &[Vec<u32>], c: &[u32], ops: &mut i64) -> bool {
    |    ^^^^^^^^^^^^^^

warning: function `minl_try_delete_edge` is never used
   --> candidate-worker/src/../../src/ordering/minl.rs:230:4
    |
230 | fn minl_try_delete_edge(
    |    ^^^^^^^^^^^^^^^^^^^^

warning: function `run_sequential_180` is never used
   --> candidate-worker/src/../../src/ordering/indep_first.rs:725:4
    |
725 | fn run_sequential_180(sp: &ScoringPattern, ledger: u64) -> Option<(u64, Vec<usize>)> {
    |    ^^^^^^^^^^^^^^^^^^

warning: function `reset` is never used
   --> candidate-worker/src/../../src/ordering/mod.rs:560:19
    |
560 |     pub(crate) fn reset() {
    |                   ^^^^^

warning: `ssi-candidate-worker` (bin "ssi-candidate-worker" test) generated 21 warnings (run `cargo fix --bin "ssi-candidate-worker" -p ssi-candidate-worker --tests` to apply 2 suggestions)
    Finished `release` profile [optimized] target(s) in 0.09s
     Running unittests src/main.rs (target/release/deps/ssi_candidate_worker-9bc17c144118ca64)

running 1 test
LADGATE	357	10000	0.312	1
LADGATE	357	10000	0.315	1
LIFT	slay06m	357	147	660	147
COUNTS	slay06m	357	1080	4025	4025
COPYSTATS	slay06m	secs=0.406	asm_calls=98	asm_words=122516	asm_ms=0.0	rst_calls=34818	rst_words=31657776	rst_ms=3.0	rst_tail_ms=5.5	elims=6014032	fullclear_words=30585822	sparse_words=8233329	sparse_clears=0
LADGATE	401	10000	0.356	1
LADGATE	401	10000	0.358	1
LIFT	sssd25-08	401	89	640	89
COUNTS	sssd25-08	401	1200	5389	5389
COPYSTATS	sssd25-08	secs=0.390	asm_calls=114	asm_words=148460	asm_ms=0.0	rst_calls=65035	rst_words=25247854	rst_ms=4.9	rst_tail_ms=6.0	elims=5342515	fullclear_words=24317562	sparse_words=7861003	sparse_clears=0
LADGATE	4772	10000	0.770	1
LIFT	rsyn0810m04m	4772	2520	9996	2520
COUNTS	rsyn0810m04m	4772	13836	147553	113207
COPYSTATS	rsyn0810m04m	secs=0.950	asm_calls=241	asm_words=9154742	asm_ms=4.1	rst_calls=177603	rst_words=57365564	rst_ms=28.1	rst_tail_ms=19.3	elims=10422440	fullclear_words=53148953	sparse_words=12095854	sparse_clears=0
LIFT	pooling_sppc3pq	23173	12327	872032	12327
COUNTS	pooling_sppc3pq	23173	893724	1153877333	325595394
COPYSTATS	pooling_sppc3pq	secs=0.657	asm_calls=48	asm_words=107588	asm_ms=0.0	rst_calls=3175	rst_words=1708966	rst_ms=0.3	rst_tail_ms=0.6	elims=194307	fullclear_words=689646	sparse_words=451251	sparse_clears=0
LADGATE	1131	10000	0.515	1
LIFT	sporttournament48	1131	721	7408	721
COUNTS	sporttournament48	1131	6676	919582	592120
COPYSTATS	sporttournament48	secs=0.673	asm_calls=73	asm_words=1076318	asm_ms=0.2	rst_calls=1691	rst_words=13484832	rst_ms=1.6	rst_tail_ms=0.7	elims=768415	fullclear_words=12420559	sparse_words=6172971	sparse_clears=0
LADGATE	5030	10000	0.380	1
LIFT	pooling_sppa9pq	5030	2509	126346	2509
COUNTS	pooling_sppa9pq	5030	120730	23971280	15198662
COPYSTATS	pooling_sppa9pq	secs=0.398	asm_calls=86	asm_words=495078	asm_ms=0.2	rst_calls=6910	rst_words=3745300	rst_ms=1.3	rst_tail_ms=0.9	elims=257437	fullclear_words=2596298	sparse_words=581379	sparse_clears=0
LADGATE	1053	10000	0.460	1
LADGATE	1053	10000	0.489	1
LIFT	edgecross10-090	1053	571	4240	571
COUNTS	edgecross10-090	1053	5204	126115	103179
COPYSTATS	edgecross10-090	secs=0.583	asm_calls=176	asm_words=1250410	asm_ms=0.2	rst_calls=41401	rst_words=24112145	rst_ms=4.5	rst_tail_ms=4.4	elims=2712941	fullclear_words=22683078	sparse_words=3696280	sparse_clears=0
LIFT	maxcsp-ehi-85-297-71	2372	2075	216272	2075
COUNTS	maxcsp-ehi-85-297-71	2372	207996	1381768944	1110971341
COPYSTATS	maxcsp-ehi-85-297-71	secs=0.255	asm_calls=30	asm_words=139995	asm_ms=0.0	rst_calls=671	rst_words=1079038	rst_ms=0.1	rst_tail_ms=0.1	elims=15839	fullclear_words=88339	sparse_words=64438	sparse_clears=0
LADGATE	30	10000	0.505	1
LADGATE	30	10000	0.515	1
COUNTS	st_bpaf1a	30	120	623	580
COPYSTATS	st_bpaf1a	secs=0.744	asm_calls=80	asm_words=2400	asm_ms=0.0	rst_calls=535608	rst_words=16068240	rst_ms=24.3	rst_tail_ms=21.7	elims=14577607	fullclear_words=14577607	sparse_words=14261280	sparse_clears=0
LADGATE	1462	10000	0.456	1
LIFT	risk2bpb	1462	628	4030	628
COUNTS	risk2bpb	1462	5396	118471	66041
COPYSTATS	risk2bpb	secs=0.618	asm_calls=98	asm_words=1287039	asm_ms=0.2	rst_calls=7159	rst_words=22429822	rst_ms=3.0	rst_tail_ms=1.7	elims=1571178	fullclear_words=21859510	sparse_words=2995483	sparse_clears=0
LADGATE	255	10000	0.095	1
LIFT	qap	255	225	49148	225
COUNTS	qap	255	43748	3802533	3650113
COPYSTATS	qap	secs=0.189	asm_calls=23	asm_words=23460	asm_ms=0.0	rst_calls=322	rst_words=328440	rst_ms=0.0	rst_tail_ms=0.1	elims=79972	fullclear_words=319888	sparse_words=295303	sparse_clears=0
LADGATE	7252	10000	0.708	1
LIFT	rsyn0830m04m	7252	3744	14872	3744
COUNTS	rsyn0830m04m	7252	20752	212130	171516
COPYSTATS	rsyn0830m04m	secs=0.964	asm_calls=219	asm_words=14247015	asm_ms=7.8	rst_calls=183360	rst_words=51838073	rst_ms=31.7	rst_tail_ms=18.4	elims=9638687	fullclear_words=42717199	sparse_words=10716135	sparse_clears=0
LADGATE	1073	10000	0.333	1
LADGATE	1073	10000	0.355	1
LIFT	lop97icx	1073	155	1760	155
COUNTS	lop97icx	1073	2118	79286	64044
COPYSTATS	lop97icx	secs=0.439	asm_calls=104	asm_words=1304370	asm_ms=0.2	rst_calls=5022	rst_words=25580437	rst_ms=3.4	rst_tail_ms=2.2	elims=1992248	fullclear_words=25095712	sparse_words=2478023	sparse_clears=0
LADGATE	1201	10000	0.197	1
LIFT	chain400	1201	800	3196	800
COUNTS	chain400	1201	4796	16382	16382
COPYSTATS	chain400	secs=0.238	asm_calls=24	asm_words=477212	asm_ms=0.1	rst_calls=456	rst_words=8361532	rst_ms=1.1	rst_tail_ms=0.4	elims=402763	fullclear_words=7480981	sparse_words=1010199	sparse_clears=0
LADGATE	9532	10000	0.796	1
LIFT	mpbp_07	9532	5704	23110	5704
COUNTS	mpbp_07	9532	30810	1368477	1248083
COPYSTATS	mpbp_07	secs=1.036	asm_calls=302	asm_words=24781399	asm_ms=13.9	rst_calls=108752	rst_words=78537956	rst_ms=36.3	rst_tail_ms=15.6	elims=8257766	fullclear_words=65450864	sparse_words=11848412	sparse_clears=0
LADGATE	440	10000	0.408	1
LADGATE	440	10000	0.461	1
LIFT	sonetgr17	440	317	2712	317
COUNTS	sonetgr17	440	2958	37814	30971
COPYSTATS	sonetgr17	secs=0.585	asm_calls=180	asm_words=235272	asm_ms=0.0	rst_calls=64733	rst_words=25853926	rst_ms=8.5	rst_tail_ms=10.9	elims=4709896	fullclear_words=24518012	sparse_words=6660014	sparse_clears=0
LADGATE	2207	10000	0.377	1
LIFT	p_ball_30b_7p_2d_h	2207	1415	5932	1415
COUNTS	p_ball_30b_7p_2d_h	2207	7516	42456	42319
COPYSTATS	p_ball_30b_7p_2d_h	secs=0.524	asm_calls=123	asm_words=2313987	asm_ms=0.5	rst_calls=26838	rst_words=22811985	rst_ms=4.7	rst_tail_ms=3.2	elims=1918440	fullclear_words=21659950	sparse_words=2763964	sparse_clears=0
LADGATE	19995	10000	0.827	0
LIFT	pinene200	19995	15795	89590	15795
COUNTS	pinene200	19995	97990	1358716	1132609
COPYSTATS	pinene200	secs=1.114	asm_calls=306	asm_words=62717070	asm_ms=25.0	rst_calls=213828	rst_words=108232535	rst_ms=48.3	rst_tail_ms=23.8	elims=11047812	fullclear_words=64133531	sparse_words=13480448	sparse_clears=0
LIFT	unitcommit_200_100_1_mod_8	146830	73272	329560	73272
COUNTS	unitcommit_200_100_1_mod_8	146830	476332	3053940	2981835
COPYSTATS	unitcommit_200_100_1_mod_8	secs=0.436	asm_calls=0	asm_words=0	asm_ms=0.0	rst_calls=0	rst_words=0	rst_ms=0.0	rst_tail_ms=0.0	elims=0	fullclear_words=0	sparse_words=0	sparse_clears=0
LADGATE	123	10000	0.391	1
LADGATE	123	10000	0.411	1
LIFT	ex8_3_9	123	101	766	101
COUNTS	ex8_3_9	123	834	15050	11503
COPYSTATS	ex8_3_9	secs=0.542	asm_calls=123	asm_words=27938	asm_ms=0.0	rst_calls=78480	rst_words=18572840	rst_ms=4.0	rst_tail_ms=8.5	elims=8584933	fullclear_words=17169866	sparse_words=15689786	sparse_clears=0
LADGATE	2486	10000	0.552	1
LIFT	rsyn0820m02m	2486	1364	4808	1364
COUNTS	rsyn0820m02m	2486	6932	38190	35781
COPYSTATS	rsyn0820m02m	secs=0.701	asm_calls=170	asm_words=3050078	asm_ms=0.7	rst_calls=66102	rst_words=26238289	rst_ms=7.9	rst_tail_ms=5.7	elims=3337009	fullclear_words=24676674	sparse_words=4871304	sparse_clears=0
LADGATE	293	10000	0.363	1
LADGATE	293	10000	0.366	1
LIFT	p_ball_10b_5p_2d_m	293	119	716	119
COUNTS	p_ball_10b_5p_2d_m	293	964	6648	6547
COPYSTATS	p_ball_10b_5p_2d_m	secs=0.497	asm_calls=128	asm_words=126040	asm_ms=0.0	rst_calls=48572	rst_words=28084660	rst_ms=3.7	rst_tail_ms=6.7	elims=6687619	fullclear_words=27306915	sparse_words=11573230	sparse_clears=0
LADGATE	170	10000	0.299	1
LADGATE	170	10000	0.304	1
LIFT	pooling_adhya4tp	170	93	806	93
COUNTS	pooling_adhya4tp	170	936	26842	20581
COPYSTATS	pooling_adhya4tp	secs=0.430	asm_calls=102	asm_words=44980	asm_ms=0.0	rst_calls=43328	rst_words=18124160	rst_ms=2.7	rst_tail_ms=6.1	elims=5886991	fullclear_words=16668205	sparse_words=6965846	sparse_clears=0
LADGATE	7295	10000	0.290	1
LIFT	squfl015-080persp	7295	2495	12000	2495
COUNTS	squfl015-080persp	7295	21600	74520	74520
COPYSTATS	squfl015-080persp	secs=0.307	asm_calls=47	asm_words=1672690	asm_ms=0.9	rst_calls=4774	rst_words=5164580	rst_ms=2.7	rst_tail_ms=0.8	elims=458065	fullclear_words=4435282	sparse_words=621729	sparse_clears=0
LADGATE	1053	10000	0.502	1
LADGATE	1053	10000	0.515	1
LIFT	edgecross10-080	1053	571	4976	571
COUNTS	edgecross10-080	1053	5940	170814	161870
COPYSTATS	edgecross10-080	secs=0.619	asm_calls=149	asm_words=1263051	asm_ms=0.2	rst_calls=16504	rst_words=21489407	rst_ms=3.4	rst_tail_ms=2.7	elims=2029028	fullclear_words=20400278	sparse_words=2951401	sparse_clears=0
LADGATE	590	10000	0.427	1
LADGATE	590	10000	0.430	1
LIFT	clay0204hfsg	590	278	1184	278
COUNTS	clay0204hfsg	590	1696	7198	6562
COPYSTATS	clay0204hfsg	secs=0.514	asm_calls=187	asm_words=446407	asm_ms=0.1	rst_calls=79879	rst_words=27435617	rst_ms=7.2	rst_tail_ms=7.5	elims=5501502	fullclear_words=25361872	sparse_words=7875672	sparse_clears=0
LADGATE	13	10000	0.614	1
LADGATE	13	10000	0.619	1
COUNTS	st_bsj2	13	40	143	114
COPYSTATS	st_bsj2	secs=0.925	asm_calls=56	asm_words=728	asm_ms=0.0	rst_calls=1457832	rst_words=18951816	rst_ms=77.3	rst_tail_ms=35.2	elims=17343578	fullclear_words=17343578	sparse_words=16279676	sparse_clears=0
LADGATE	440	10000	0.566	1
LADGATE	440	10000	0.603	1
LIFT	chimera_mgw-c8-439-onc8-002	440	418	3060	418
COUNTS	chimera_mgw-c8-439-onc8-002	440	3038	97870	86320
COPYSTATS	chimera_mgw-c8-439-onc8-002	secs=0.763	asm_calls=138	asm_words=331343	asm_ms=0.0	rst_calls=10886	rst_words=19217610	rst_ms=2.3	rst_tail_ms=3.1	elims=2789498	fullclear_words=18272612	sparse_words=8584132	sparse_clears=0
LADGATE	5188	10000	0.832	1
LIFT	batchs201210m	5188	2645	13208	2645
COUNTS	batchs201210m	5188	17910	349298	303381
COPYSTATS	batchs201210m	secs=1.001	asm_calls=217	asm_words=8574729	asm_ms=4.1	rst_calls=123318	rst_words=67728137	rst_ms=25.3	rst_tail_ms=22.1	elims=10817579	fullclear_words=57125140	sparse_words=14277205	sparse_clears=0
LADGATE	5456	10000	0.833	1
LIFT	rsyn0815m04m	5456	2966	10968	2966
COUNTS	rsyn0815m04m	5456	15756	184352	143402
COPYSTATS	rsyn0815m04m	secs=1.055	asm_calls=228	asm_words=11896598	asm_ms=6.0	rst_calls=191913	rst_words=58164258	rst_ms=32.5	rst_tail_ms=19.7	elims=10227913	fullclear_words=52715257	sparse_words=11573960	sparse_clears=0
LADGATE	560	10000	0.367	1
LADGATE	560	10000	0.379	1
LIFT	syn40m	560	291	1080	291
COUNTS	syn40m	560	1528	5007	4829
COPYSTATS	syn40m	secs=0.490	asm_calls=146	asm_words=382627	asm_ms=0.1	rst_calls=48030	rst_words=25552028	rst_ms=5.3	rst_tail_ms=7.2	elims=4270237	fullclear_words=23290975	sparse_words=6424460	sparse_clears=0
LADGATE	2157	10000	0.235	1
LIFT	knp5-44	2157	1167	31152	1167
COUNTS	knp5-44	2157	32604	3764003	3764003
COPYSTATS	knp5-44	secs=0.260	asm_calls=18	asm_words=774053	asm_ms=0.2	rst_calls=124	rst_words=4972059	rst_ms=0.6	rst_tail_ms=0.2	elims=152759	fullclear_words=4895653	sparse_words=302569	sparse_clears=0
LADGATE	94	10000	0.348	1
LADGATE	94	10000	0.354	1
LIFT	ex1263a	94	59	320	59
COUNTS	ex1263a	94	390	2098	2098
COPYSTATS	ex1263a	secs=0.504	asm_calls=84	asm_words=10974	asm_ms=0.0	rst_calls=119330	rst_words=20781068	rst_ms=5.8	rst_tail_ms=10.0	elims=9808888	fullclear_words=19402558	sparse_words=10226725	sparse_clears=0
COUNTS	st_e41	8	32	88	88
COPYSTATS	st_e41	secs=0.000	asm_calls=0	asm_words=0	asm_ms=0.0	rst_calls=0	rst_words=0	rst_ms=0.0	rst_tail_ms=0.0	elims=0	fullclear_words=0	sparse_words=0	sparse_clears=0
LADGATE	2305	10000	0.306	1
LIFT	squfl025-030	2305	805	3000	805
COUNTS	squfl025-030	2305	6000	42305	42305
COPYSTATS	squfl025-030	secs=0.326	asm_calls=63	asm_words=1458255	asm_ms=0.2	rst_calls=14873	rst_words=15238031	rst_ms=2.5	rst_tail_ms=1.8	elims=1267512	fullclear_words=14910000	sparse_words=1643680	sparse_clears=0
LADGATE	98	10000	0.382	1
LADGATE	98	10000	0.385	1
LIFT	wastewater05m1	98	62	740	62
COUNTS	wastewater05m1	98	536	11690	8002
COPYSTATS	wastewater05m1	secs=0.547	asm_calls=100	asm_words=17956	asm_ms=0.0	rst_calls=110169	rst_words=17298722	rst_ms=5.0	rst_tail_ms=9.3	elims=8738735	fullclear_words=15999036	sparse_words=12407484	sparse_clears=0
COUNTS	cvxnonsep_psig20	20	380	2870	2870
COPYSTATS	cvxnonsep_psig20	secs=0.000	asm_calls=0	asm_words=0	asm_ms=0.0	rst_calls=0	rst_words=0	rst_ms=0.0	rst_tail_ms=0.0	elims=0	fullclear_words=0	sparse_words=0	sparse_clears=0
LADGATE	4405	10000	0.146	1
LIFT	meanvar-orl400_05_e_8	4405	2403	168400	2403
COUNTS	meanvar-orl400_05_e_8	4405	171604	21923414	21922611
COPYSTATS	meanvar-orl400_05_e_8	secs=0.261	asm_calls=11	asm_words=3343395	asm_ms=1.7	rst_calls=32	rst_words=9726240	rst_ms=3.8	rst_tail_ms=0.2	elims=128851	fullclear_words=8890719	sparse_words=233098	sparse_clears=0
LADGATE	301	10000	0.369	1
LADGATE	301	10000	0.375	1
LIFT	st_e31	301	163	492	163
COUNTS	st_e31	301	744	4534	4257
COPYSTATS	st_e31	secs=0.465	asm_calls=142	asm_words=120542	asm_ms=0.0	rst_calls=69358	rst_words=24711580	rst_ms=4.0	rst_tail_ms=6.8	elims=6383625	fullclear_words=23192020	sparse_words=8916333	sparse_clears=0
LIFT	pooling_sppc1pq	14100	7273	535700	7273
COUNTS	pooling_sppc1pq	14100	477680	812210652	136686008
COPYSTATS	pooling_sppc1pq	secs=0.415	asm_calls=16	asm_words=79942	asm_ms=0.0	rst_calls=16	rst_words=79942	rst_ms=0.0	rst_tail_ms=0.0	elims=5489	fullclear_words=49995	sparse_words=17608	sparse_clears=0
LADGATE	31	10000	0.536	1
LADGATE	31	10000	0.540	1
COUNTS	pooling_haverly1pq	31	96	412	403
COPYSTATS	pooling_haverly1pq	secs=0.786	asm_calls=80	asm_words=2480	asm_ms=0.0	rst_calls=552411	rst_words=17124741	rst_ms=26.4	rst_tail_ms=22.9	elims=15640347	fullclear_words=15640347	sparse_words=15314351	sparse_clears=0
LADGATE	128	10000	0.293	1
LADGATE	128	10000	0.300	1
LIFT	graphpart_3g-0244-0244	128	96	672	96
COUNTS	graphpart_3g-0244-0244	128	672	33446	32534
COPYSTATS	graphpart_3g-0244-0244	secs=0.436	asm_calls=110	asm_words=26240	asm_ms=0.0	rst_calls=47885	rst_words=11581440	rst_ms=2.3	rst_tail_ms=5.2	elims=5349722	fullclear_words=10699444	sparse_words=9129304	sparse_clears=0
LADGATE	80	10000	0.303	1
LADGATE	80	10000	0.305	1
LIFT	graphpart_clique-20	80	77	1254	77
COUNTS	graphpart_clique-20	80	1260	34885	27856
COPYSTATS	graphpart_clique-20	secs=0.434	asm_calls=92	asm_words=13520	asm_ms=0.0	rst_calls=68925	rst_words=9463600	rst_ms=3.0	rst_tail_ms=5.4	elims=4878700	fullclear_words=8829702	sparse_words=8196009	sparse_clears=0
LADGATE	28368	10000	0.832	0
LIFT	mpbp_48	28368	16000	66180	16000
COUNTS	mpbp_48	28368	91016	33835023	16057644
COPYSTATS	mpbp_48	secs=1.115	asm_calls=177	asm_words=12918864	asm_ms=4.8	rst_calls=16598	rst_words=104449050	rst_ms=33.3	rst_tail_ms=7.1	elims=4076106	fullclear_words=95733151	sparse_words=6591504	sparse_clears=0
LIFT	pooling_sppb5pq	18529	9496	693670	9496
COUNTS	pooling_sppb5pq	18529	674470	523815053	213571545
COPYSTATS	pooling_sppb5pq	secs=0.542	asm_calls=16	asm_words=7920	asm_ms=0.0	rst_calls=544	rst_words=269280	rst_ms=0.0	rst_tail_ms=0.1	elims=35360	fullclear_words=106080	sparse_words=73440	sparse_clears=0
LADGATE	497	10000	0.345	1
LADGATE	497	10000	0.353	1
LIFT	slay07m	497	203	924	203
COUNTS	slay07m	497	1512	5740	5740
COPYSTATS	slay07m	secs=0.443	asm_calls=134	asm_words=221198	asm_ms=0.0	rst_calls=81325	rst_words=33561010	rst_ms=8.9	rst_tail_ms=11.8	elims=5483540	fullclear_words=32424500	sparse_words=7298161	sparse_clears=0
COUNTS	nvs19	24	200	1353	884
COPYSTATS	nvs19	secs=0.000	asm_calls=0	asm_words=0	asm_ms=0.0	rst_calls=0	rst_words=0	rst_ms=0.0	rst_tail_ms=0.0	elims=0	fullclear_words=0	sparse_words=0	sparse_clears=0
LADGATE	3270	10000	0.633	1
LIFT	oil	3270	1687	5444	1687
COUNTS	oil	3270	8430	36313	34760
COPYSTATS	oil	secs=0.739	asm_calls=204	asm_words=4609130	asm_ms=1.3	rst_calls=135616	rst_words=44160542	rst_ms=16.4	rst_tail_ms=13.7	elims=7688368	fullclear_words=41467270	sparse_words=10339888	sparse_clears=0
LADGATE	2775	10000	0.423	1
LIFT	squfl015-060	2775	975	3600	975
COUNTS	squfl015-060	2775	7200	36400	36400
COPYSTATS	squfl015-060	secs=0.437	asm_calls=68	asm_words=2079790	asm_ms=0.4	rst_calls=18603	rst_words=16991832	rst_ms=3.8	rst_tail_ms=1.9	elims=1365730	fullclear_words=16612502	sparse_words=1636284	sparse_clears=0
LADGATE	1112	10000	0.688	1
LADGATE	1112	10000	0.755	1
LIFT	ndcc12persp	1112	961	5220	961
COUNTS	ndcc12persp	1112	5522	299115	284793
COPYSTATS	ndcc12persp	secs=0.905	asm_calls=269	asm_words=1727105	asm_ms=0.3	rst_calls=202799	rst_words=30957925	rst_ms=16.4	rst_tail_ms=18.1	elims=5287953	fullclear_words=25052482	sparse_words=8118960	sparse_clears=0
LIFT	kissing2	20772	10772	381024	10772
COUNTS	kissing2	20772	401024	156414018	156414018
COPYSTATS	kissing2	secs=0.341	asm_calls=0	asm_words=0	asm_ms=0.0	rst_calls=0	rst_words=0	rst_ms=0.0	rst_tail_ms=0.0	elims=0	fullclear_words=0	sparse_words=0	sparse_clears=0
LADGATE	1942	10000	0.594	1
LIFT	nuclear25a	1942	755	18260	755
COUNTS	nuclear25a	1942	16030	1977163	1136191
COPYSTATS	nuclear25a	secs=0.800	asm_calls=130	asm_words=1546284	asm_ms=0.4	rst_calls=59245	rst_words=22084633	rst_ms=6.1	rst_tail_ms=7.1	elims=2773753	fullclear_words=15614321	sparse_words=4939701	sparse_clears=0
LADGATE	222	10000	0.378	1
LADGATE	222	10000	0.378	1
LIFT	clay0204m	222	102	464	102
COUNTS	clay0204m	222	704	2330	2330
COPYSTATS	clay0204m	secs=0.496	asm_calls=92	asm_words=52616	asm_ms=0.0	rst_calls=56673	rst_words=31826852	rst_ms=4.0	rst_tail_ms=7.7	elims=8618270	fullclear_words=30269002	sparse_words=10880007	sparse_clears=0
LADGATE	23	10000	0.579	1
LADGATE	23	10000	0.580	1
COUNTS	st_ph13	23	68	207	178
COPYSTATS	st_ph13	secs=0.654	asm_calls=66	asm_words=1518	asm_ms=0.0	rst_calls=636414	rst_words=14637522	rst_ms=34.0	rst_tail_ms=23.2	elims=13365332	fullclear_words=13365332	sparse_words=12960402	sparse_clears=0
LADGATE	1053	10000	0.588	1
LADGATE	1053	10000	0.598	1
LIFT	edgecross10-030	1053	573	5134	573
COUNTS	edgecross10-030	1053	4654	135854	100080
COPYSTATS	edgecross10-030	secs=0.712	asm_calls=140	asm_words=1461790	asm_ms=0.2	rst_calls=33128	rst_words=37794149	rst_ms=6.0	rst_tail_ms=4.7	elims=3311126	fullclear_words=36193500	sparse_words=4567015	sparse_clears=0
LADGATE	601	10000	0.303	1
LADGATE	601	10000	0.304	1
LIFT	chain200	601	400	1596	400
COUNTS	chain200	601	2396	8182	8182
COPYSTATS	chain200	secs=0.385	asm_calls=54	asm_words=305660	asm_ms=0.0	rst_calls=3777	rst_words=22289130	rst_ms=3.1	rst_tail_ms=2.0	elims=1998462	fullclear_words=19886790	sparse_words=4584914	sparse_clears=0
LADGATE	25	10000	0.604	1
LADGATE	25	10000	0.607	1
COUNTS	ex1223b	25	66	178	178
COPYSTATS	ex1223b	secs=0.673	asm_calls=54	asm_words=1350	asm_ms=0.0	rst_calls=601850	rst_words=15046250	rst_ms=31.5	rst_tail_ms=21.1	elims=13530871	fullclear_words=13530871	sparse_words=13162177	sparse_clears=0
LADGATE	2718	10000	0.493	1
LIFT	slay09h	2718	1206	5040	1206
COUNTS	slay09h	2718	7488	36057	32385
COPYSTATS	slay09h	secs=0.567	asm_calls=178	asm_words=3154649	asm_ms=0.8	rst_calls=198904	rst_words=34305325	rst_ms=20.3	rst_tail_ms=12.1	elims=4795676	fullclear_words=31929179	sparse_words=6141692	sparse_clears=0
LADGATE	974	10000	0.705	1
LADGATE	974	10000	0.759	1
LIFT	ndcc12	974	902	6222	902
COUNTS	ndcc12	974	5982	345696	329556
COPYSTATS	ndcc12	secs=1.005	asm_calls=274	asm_words=1327397	asm_ms=0.2	rst_calls=116748	rst_words=24123625	rst_ms=8.9	rst_tail_ms=12.2	elims=3478327	fullclear_words=20477744	sparse_words=6874087	sparse_clears=0
LADGATE	1306	10000	0.456	1
LIFT	kall_circlesrectangles_c6r39	1306	924	4638	924
COUNTS	kall_circlesrectangles_c6r39	1306	5378	75744	74610
COPYSTATS	kall_circlesrectangles_c6r39	secs=0.628	asm_calls=188	asm_words=1082000	asm_ms=0.2	rst_calls=88487	rst_words=19048590	rst_ms=8.1	rst_tail_ms=7.7	elims=3610882	fullclear_words=17612621	sparse_words=5067208	sparse_clears=0
LADGATE	9170	10000	0.533	1
LIFT	squfl020-150	9170	3170	12000	3170
COUNTS	squfl020-150	9170	24000	135020	135020
COPYSTATS	squfl020-150	secs=0.571	asm_calls=50	asm_words=6611430	asm_ms=3.9	rst_calls=7235	rst_words=14406222	rst_ms=8.3	rst_tail_ms=1.0	elims=520251	fullclear_words=11019991	sparse_words=772351	sparse_clears=0
COUNTS	autocorr_bern40-30	43	1534	20034	20034
COPYSTATS	autocorr_bern40-30	secs=0.000	asm_calls=0	asm_words=0	asm_ms=0.0	rst_calls=0	rst_words=0	rst_ms=0.0	rst_tail_ms=0.0	elims=0	fullclear_words=0	sparse_words=0	sparse_clears=0
LADGATE	660	10000	0.411	1
LADGATE	660	10000	0.434	1
LIFT	slay08m	660	268	1232	268
COUNTS	slay08m	660	2016	7796	7796
COPYSTATS	slay08m	secs=0.525	asm_calls=154	asm_words=397430	asm_ms=0.1	rst_calls=106471	rst_words=32324504	rst_ms=11.8	rst_tail_ms=7.7	elims=4514334	fullclear_words=31140730	sparse_words=5883043	sparse_clears=0
LADGATE	2032	10000	0.611	1
LIFT	chimera_mgw-c16-2031-01	2032	2021	15902	2021
COUNTS	chimera_mgw-c16-2031-01	2032	15900	3328073	2570031
COPYSTATS	chimera_mgw-c16-2031-01	secs=0.746	asm_calls=140	asm_words=1858092	asm_ms=0.4	rst_calls=84388	rst_words=19126895	rst_ms=6.8	rst_tail_ms=8.5	elims=3089520	fullclear_words=14545157	sparse_words=5900181	sparse_clears=0
LADGATE	713	10000	0.563	1
LADGATE	713	10000	0.591	1
LIFT	forest	713	404	2076	404
COUNTS	forest	713	2658	10614	10543
COPYSTATS	forest	secs=0.754	asm_calls=268	asm_words=646456	asm_ms=0.1	rst_calls=111679	rst_words=35354230	rst_ms=14.8	rst_tail_ms=9.0	elims=5627231	fullclear_words=33417423	sparse_words=8429354	sparse_clears=0
LADGATE	280	10000	0.136	1
LIFT	qspp_0_10_0_1_10_1	280	244	29450	244
COUNTS	qspp_0_10_0_1_10_1	280	29636	1942907	1932414
COPYSTATS	qspp_0_10_0_1_10_1	secs=0.215	asm_calls=40	asm_words=48296	asm_ms=0.0	rst_calls=637	rst_words=820284	rst_ms=0.1	rst_tail_ms=0.1	elims=167566	fullclear_words=804900	sparse_words=451742	sparse_clears=0
LADGATE	16	10000	0.570	1
LADGATE	16	10000	0.573	1
COUNTS	st_ph1	16	58	274	233
COPYSTATS	st_ph1	secs=0.839	asm_calls=66	asm_words=1056	asm_ms=0.0	rst_calls=1084852	rst_words=17357632	rst_ms=50.8	rst_tail_ms=28.4	elims=15906628	fullclear_words=15906628	sparse_words=15169594	sparse_clears=0
LADGATE	124	10000	0.339	1
LADGATE	124	10000	0.340	1
LIFT	elf	124	65	258	65
COUNTS	elf	124	376	2733	2173
COPYSTATS	elf	secs=0.500	asm_calls=80	asm_words=19840	asm_ms=0.0	rst_calls=81554	rst_words=20225392	rst_ms=4.0	rst_tail_ms=9.3	elims=9575458	fullclear_words=19150916	sparse_words=12444646	sparse_clears=0
LADGATE	18	10000	0.668	1
LADGATE	18	10000	0.674	1
COUNTS	ex3_1_3	18	36	90	83
COPYSTATS	ex3_1_3	secs=0.748	asm_calls=66	asm_words=1188	asm_ms=0.0	rst_calls=904756	rst_words=16285608	rst_ms=49.0	rst_tail_ms=25.2	elims=14670842	fullclear_words=14670842	sparse_words=12564162	sparse_clears=0
COUNTS	cvxnonsep_normcon40r	162	322	645	645
COPYSTATS	cvxnonsep_normcon40r	secs=0.000	asm_calls=0	asm_words=0	asm_ms=0.0	rst_calls=0	rst_words=0	rst_ms=0.0	rst_tail_ms=0.0	elims=0	fullclear_words=0	sparse_words=0	sparse_clears=0
LADGATE	155	10000	0.431	1
LADGATE	155	10000	0.431	1
LIFT	demo7	155	66	448	66
COUNTS	demo7	155	618	3579	3426
COPYSTATS	demo7	secs=0.575	asm_calls=126	asm_words=39366	asm_ms=0.0	rst_calls=97668	rst_words=25813974	rst_ms=5.6	rst_tail_ms=9.6	elims=9846821	fullclear_words=24603675	sparse_words=13106924	sparse_clears=0
LADGATE	615	10000	0.506	1
LADGATE	615	10000	0.571	1
LIFT	waternd2	615	338	2036	338
COUNTS	waternd2	615	2580	155674	74817
COPYSTATS	waternd2	secs=0.722	asm_calls=188	asm_words=471888	asm_ms=0.1	rst_calls=43079	rst_words=26245970	rst_ms=5.5	rst_tail_ms=5.9	elims=3784878	fullclear_words=24609593	sparse_words=6726671	sparse_clears=0
LADGATE	64	10000	0.437	1
LADGATE	64	10000	0.439	1
LIFT	prolog	64	42	248	42
COUNTS	prolog	64	292	1245	1225
COPYSTATS	prolog	secs=0.632	asm_calls=102	asm_words=5948	asm_ms=0.0	rst_calls=217647	rst_words=13541476	rst_ms=9.2	rst_tail_ms=15.0	elims=12378426	fullclear_words=12378426	sparse_words=12287874	sparse_clears=0
LADGATE	11	10000	0.571	1
LADGATE	11	10000	0.576	1
COUNTS	ex14_1_8	11	30	80	80
COPYSTATS	ex14_1_8	secs=0.654	asm_calls=34	asm_words=374	asm_ms=0.0	rst_calls=1191638	rst_words=13108018	rst_ms=62.9	rst_tail_ms=26.2	elims=12012270	fullclear_words=12012270	sparse_words=11107042	sparse_clears=0
LIFT	faclay75	272878	137826	1109602	137826
COUNTS	faclay75	272878	1379706	3204527350	3013800414
COPYSTATS	faclay75	secs=0.567	asm_calls=0	asm_words=0	asm_ms=0.0	rst_calls=0	rst_words=0	rst_ms=0.0	rst_tail_ms=0.0	elims=0	fullclear_words=0	sparse_words=0	sparse_clears=0
LADGATE	55	10000	0.401	1
LADGATE	55	10000	0.402	1
LIFT	st_qpk3	55	33	504	33
COUNTS	st_qpk3	55	548	5467	3762
COPYSTATS	st_qpk3	secs=0.568	asm_calls=84	asm_words=4400	asm_ms=0.0	rst_calls=211558	rst_words=11589358	rst_ms=9.7	rst_tail_ms=14.5	elims=11011256	fullclear_words=11011256	sparse_words=10874254	sparse_clears=0
LADGATE	11556	10000	0.546	0
LIFT	mpbp_34	11556	7230	32172	7230
COUNTS	mpbp_34	11556	40860	3093917	891022
COPYSTATS	mpbp_34	secs=0.759	asm_calls=144	asm_words=33713236	asm_ms=19.8	rst_calls=6048	rst_words=53180756	rst_ms=27.3	rst_tail_ms=2.8	elims=1746723	fullclear_words=36648571	sparse_words=2628857	sparse_clears=0
COUNTS	cvxnonsep_normcon20r	82	162	325	325
COPYSTATS	cvxnonsep_normcon20r	secs=0.000	asm_calls=0	asm_words=0	asm_ms=0.0	rst_calls=0	rst_words=0	rst_ms=0.0	rst_tail_ms=0.0	elims=0	fullclear_words=0	sparse_words=0	sparse_clears=0
COUNTS	cvxnonsep_psig20r	86	170	341	341
COPYSTATS	cvxnonsep_psig20r	secs=0.000	asm_calls=0	asm_words=0	asm_ms=0.0	rst_calls=0	rst_words=0	rst_ms=0.0	rst_tail_ms=0.0	elims=0	fullclear_words=0	sparse_words=0	sparse_clears=0
LADGATE	18742	10000	0.694	0
LIFT	crudeoil_pooling_dt2	18742	10735	60222	10735
COUNTS	crudeoil_pooling_dt2	18742	75910	14985540	9905819
COPYSTATS	crudeoil_pooling_dt2	secs=0.999	asm_calls=281	asm_words=6140680	asm_ms=2.2	rst_calls=59683	rst_words=60572385	rst_ms=19.1	rst_tail_ms=10.9	elims=5217794	fullclear_words=50564540	sparse_words=8083767	sparse_clears=0
LADGATE	2868	10000	0.880	1
LIFT	rsyn0805m03m	2868	1596	5810	1596
COUNTS	rsyn0805m03m	2868	8270	60979	54830
COPYSTATS	rsyn0805m03m	secs=1.027	asm_calls=269	asm_words=4080256	asm_ms=1.1	rst_calls=215714	rst_words=47678945	rst_ms=21.9	rst_tail_ms=26.0	elims=11332975	fullclear_words=43812375	sparse_words=13646878	sparse_clears=0
COUNTS	st_iqpbk1	22	98	295	295
COPYSTATS	st_iqpbk1	secs=0.000	asm_calls=0	asm_words=0	asm_ms=0.0	rst_calls=0	rst_words=0	rst_ms=0.0	rst_tail_ms=0.0	elims=0	fullclear_words=0	sparse_words=0	sparse_clears=0
LADGATE	96	10000	0.482	1
LADGATE	96	10000	0.482	1
LIFT	waterund01	96	47	384	47
COUNTS	waterund01	96	404	4546	3317
COPYSTATS	waterund01	secs=0.671	asm_calls=94	asm_words=16296	asm_ms=0.0	rst_calls=150385	rst_words=23093924	rst_ms=6.7	rst_tail_ms=13.3	elims=11812008	fullclear_words=21650922	sparse_words=15478740	sparse_clears=0
LADGATE	29	10000	0.511	1
LADGATE	29	10000	0.520	1
COUNTS	pointpack04	29	120	577	577
COPYSTATS	pointpack04	secs=0.756	asm_calls=54	asm_words=1566	asm_ms=0.0	rst_calls=548300	rst_words=15900700	rst_ms=25.8	rst_tail_ms=31.5	elims=14785634	fullclear_words=14785634	sparse_words=14384377	sparse_clears=0
LADGATE	12	10000	0.593	1
LADGATE	12	10000	0.593	1
COUNTS	st_e22	12	30	77	70
COPYSTATS	st_e22	secs=0.685	asm_calls=54	asm_words=648	asm_ms=0.0	rst_calls=1140306	rst_words=13683672	rst_ms=63.9	rst_tail_ms=27.5	elims=12302282	fullclear_words=12302282	sparse_words=11512844	sparse_clears=0
LADGATE	16678	10000	0.441	0
LIFT	faclay30	16678	8556	65998	8556
COUNTS	faclay30	16678	82242	13452923	12850431
COPYSTATS	faclay30	secs=0.568	asm_calls=23	asm_words=43618992	asm_ms=17.2	rst_calls=46	rst_words=43689091	rst_ms=16.7	rst_tail_ms=0.3	elims=89699	fullclear_words=20063453	sparse_words=163833	sparse_clears=0
LADGATE	4432	10000	0.444	1
LIFT	arki0002	4432	2608	9424	2608
COUNTS	arki0002	4432	11248	683476	667374
COPYSTATS	arki0002	secs=0.609	asm_calls=100	asm_words=7326360	asm_ms=3.4	rst_calls=4266	rst_words=25034986	rst_ms=10.7	rst_tail_ms=1.3	elims=732488	fullclear_words=23540780	sparse_words=1474128	sparse_clears=0
LADGATE	11659	10000	0.876	0
LIFT	transswitch0300p	11659	6750	41276	6750
COUNTS	transswitch0300p	11659	48446	404940	373515
COPYSTATS	transswitch0300p	secs=1.258	asm_calls=378	asm_words=35872856	asm_ms=15.6	rst_calls=123044	rst_words=84076267	rst_ms=34.3	rst_tail_ms=18.3	elims=9160656	fullclear_words=65167774	sparse_words=12481110	sparse_clears=0
LADGATE	30660	10000	0.772	0
LIFT	crudeoil_pooling_dt3	30660	15957	134914	15957
COUNTS	crudeoil_pooling_dt3	30660	152210	48975085	34556239
COPYSTATS	crudeoil_pooling_dt3	secs=1.083	asm_calls=209	asm_words=15608966	asm_ms=5.8	rst_calls=6952	rst_words=47467544	rst_ms=14.2	rst_tail_ms=3.7	elims=2120730	fullclear_words=38422237	sparse_words=4425973	sparse_clears=0
LADGATE	22536	10000	0.589	0
LIFT	gasprod_sarawak81	22536	12902	61066	12902
COUNTS	gasprod_sarawak81	22536	75636	1030380	939449
COPYSTATS	gasprod_sarawak81	secs=0.787	asm_calls=110	asm_words=79682760	asm_ms=30.5	rst_calls=3062	rst_words=83101176	rst_ms=31.6	rst_tail_ms=1.6	elims=746917	fullclear_words=30889853	sparse_words=1214575	sparse_clears=0
LADGATE	660	10000	0.362	1
LIFT	maxcsp-langford-3-11	660	627	41846	627
COUNTS	maxcsp-langford-3-11	660	29646	33444033	10360919
COPYSTATS	maxcsp-langford-3-11	secs=0.510	asm_calls=41	asm_words=231794	asm_ms=0.1	rst_calls=719	rst_words=2075979	rst_ms=0.3	rst_tail_ms=0.2	elims=152434	fullclear_words=1604268	sparse_words=1448630	sparse_clears=0
LADGATE	1543	10000	0.356	1
LIFT	p_ball_30b_5p_2d_h	1543	999	4136	999
COUNTS	p_ball_30b_5p_2d_h	1543	5224	25843	25742
COPYSTATS	p_ball_30b_5p_2d_h	secs=0.496	asm_calls=125	asm_words=1162796	asm_ms=0.2	rst_calls=35278	rst_words=16473912	rst_ms=4.4	rst_tail_ms=3.5	elims=2087609	fullclear_words=15529696	sparse_words=2721564	sparse_clears=0
LADGATE	6709	10000	0.443	1
LIFT	ringpack_20_3	6709	3451	41284	3451
COUNTS	ringpack_20_3	6709	45220	2415136	865627
COPYSTATS	ringpack_20_3	secs=0.576	asm_calls=72	asm_words=8556045	asm_ms=4.6	rst_calls=2839	rst_words=37136374	rst_ms=19.6	rst_tail_ms=1.1	elims=588215	fullclear_words=35035613	sparse_words=920911	sparse_clears=0
LADGATE	4825	10000	0.669	1
LIFT	waste	4825	2503	19260	2503
COUNTS	waste	4825	21504	1468261	1270649
COPYSTATS	waste	secs=0.842	asm_calls=121	asm_words=7055133	asm_ms=3.3	rst_calls=11551	rst_words=29793503	rst_ms=11.7	rst_tail_ms=2.8	elims=1512552	fullclear_words=26654090	sparse_words=3084477	sparse_clears=0
LADGATE	2001	10000	0.172	1
LIFT	catmix400	2001	1998	11180	1998
COUNTS	catmix400	2001	11192	36373	36364
COPYSTATS	catmix400	secs=0.676	asm_calls=35	asm_words=1765647	asm_ms=0.4	rst_calls=441	rst_words=16915558	rst_ms=2.2	rst_tail_ms=0.6	elims=491777	fullclear_words=15054653	sparse_words=1517536	sparse_clears=0
LADGATE	3054	10000	0.591	1
LIFT	rsyn0815m02hfsg	3054	1697	5478	1697
COUNTS	rsyn0815m02hfsg	3054	7968	44604	41384
COPYSTATS	rsyn0815m02hfsg	secs=0.745	asm_calls=222	asm_words=4103545	asm_ms=1.0	rst_calls=93110	rst_words=42797086	rst_ms=12.6	rst_tail_ms=11.1	elims=6483325	fullclear_words=40085827	sparse_words=9419044	sparse_clears=0
LADGATE	1236	10000	0.283	1
LIFT	p_ball_10b_7p_3d_h	1236	751	3216	751
COUNTS	p_ball_10b_7p_3d_h	1236	4186	24380	23744
COPYSTATS	p_ball_10b_7p_3d_h	secs=0.442	asm_calls=96	asm_words=865788	asm_ms=0.1	rst_calls=7823	rst_words=16777636	rst_ms=2.2	rst_tail_ms=1.6	elims=1542347	fullclear_words=16257976	sparse_words=2637873	sparse_clears=0
LADGATE	1225	10000	0.647	1
LIFT	chimera_k64ising-02	1225	772	3732	772
COUNTS	chimera_k64ising-02	1225	3846	613390	371142
COPYSTATS	chimera_k64ising-02	secs=0.836	asm_calls=121	asm_words=1031017	asm_ms=0.2	rst_calls=97182	rst_words=24455777	rst_ms=8.4	rst_tail_ms=8.2	elims=4235832	fullclear_words=21458499	sparse_words=7417517	sparse_clears=0
LADGATE	3404	10000	0.916	1
LIFT	batchs121208m	3404	1725	8392	1725
COUNTS	batchs121208m	3404	11462	138030	128816
COPYSTATS	batchs121208m	secs=1.074	asm_calls=199	asm_words=5040887	asm_ms=1.6	rst_calls=557532	rst_words=62471136	rst_ms=56.2	rst_tail_ms=39.1	elims=17104061	fullclear_words=54091711	sparse_words=18447628	sparse_clears=0
LADGATE	11	10000	0.523	1
LADGATE	11	10000	0.527	1
COUNTS	nvs02	11	46	142	142
COPYSTATS	nvs02	secs=0.823	asm_calls=34	asm_words=374	asm_ms=0.0	rst_calls=1460232	rst_words=16062552	rst_ms=67.9	rst_tail_ms=32.0	elims=14964712	fullclear_words=14964712	sparse_words=13807946	sparse_clears=0
LADGATE	191	10000	0.343	1
LADGATE	191	10000	0.345	1
test ordering::probe::probe_timing_and_score has been running for over 60 seconds
LIFT	wastepaper6	191	156	1358	156
COUNTS	wastepaper6	191	1416	16611	16611
COPYSTATS	wastepaper6	secs=0.448	asm_calls=92	asm_words=42068	asm_ms=0.0	rst_calls=35378	rst_words=18741990	rst_ms=2.5	rst_tail_ms=5.1	elims=6055967	fullclear_words=18004097	sparse_words=11225460	sparse_clears=0
LADGATE	399	10000	0.391	1
LADGATE	399	10000	0.392	1
LIFT	syn15hfsg	399	221	666	221
COUNTS	syn15hfsg	399	1022	3300	3272
COPYSTATS	syn15hfsg	secs=0.438	asm_calls=132	asm_words=210462	asm_ms=0.0	rst_calls=71413	rst_words=27147648	rst_ms=5.4	rst_tail_ms=7.8	elims=6186399	fullclear_words=24998549	sparse_words=7600768	sparse_clears=0
LADGATE	36	10000	0.411	1
LADGATE	36	10000	0.415	1
LIFT	st_jcbpaf2	36	23	220	23
COUNTS	st_jcbpaf2	36	246	1635	1543
COPYSTATS	st_jcbpaf2	secs=0.608	asm_calls=80	asm_words=2872	asm_ms=0.0	rst_calls=353122	rst_words=12710968	rst_ms=14.7	rst_tail_ms=19.1	elims=11923204	fullclear_words=11923204	sparse_words=11684438	sparse_clears=0
COUNTS	camshape400	2000	7188	16768	16768
COPYSTATS	camshape400	secs=0.000	asm_calls=0	asm_words=0	asm_ms=0.0	rst_calls=0	rst_words=0	rst_ms=0.0	rst_tail_ms=0.0	elims=0	fullclear_words=0	sparse_words=0	sparse_clears=0
LADGATE	120	10000	0.315	1
LADGATE	120	10000	0.319	1
LIFT	graphpart_clique-30	120	117	2784	117
COUNTS	graphpart_clique-30	120	2790	114505	91153
COPYSTATS	graphpart_clique-30	secs=0.449	asm_calls=92	asm_words=21360	asm_ms=0.0	rst_calls=31080	rst_words=7145280	rst_ms=1.3	rst_tail_ms=3.2	elims=3374499	fullclear_words=6748998	sparse_words=6284852	sparse_clears=0
LADGATE	280	10000	0.179	1
LIFT	graphpart_clique-70	280	277	14904	277
COUNTS	graphpart_clique-70	280	14910	1413012	1144894
COPYSTATS	graphpart_clique-70	secs=0.287	asm_calls=31	asm_words=43400	asm_ms=0.0	rst_calls=840	rst_words=1176000	rst_ms=0.1	rst_tail_ms=0.2	elims=221372	fullclear_words=1106860	sparse_words=713158	sparse_clears=0
COUNTS	smallinvDAXr1b010-011	39	1120	13510	13319
COPYSTATS	smallinvDAXr1b010-011	secs=0.000	asm_calls=0	asm_words=0	asm_ms=0.0	rst_calls=0	rst_words=0	rst_ms=0.0	rst_tail_ms=0.0	elims=0	fullclear_words=0	sparse_words=0	sparse_clears=0
LADGATE	22074	10000	0.370	0
LIFT	nd_netgen-2000-3-4-b-a-ns_7	22074	10074	36000	10074
COUNTS	nd_netgen-2000-3-4-b-a-ns_7	22074	60000	289420	272736
COPYSTATS	nd_netgen-2000-3-4-b-a-ns_7	secs=0.558	asm_calls=80	asm_words=76338803	asm_ms=29.0	rst_calls=11843	rst_words=83226528	rst_ms=30.3	rst_tail_ms=2.3	elims=1467452	fullclear_words=37212972	sparse_words=1648019	sparse_clears=0
LADGATE	240	10000	0.359	1
LADGATE	240	10000	0.359	1
LIFT	slay05m	240	100	440	100
COUNTS	slay05m	240	720	2635	2635
COPYSTATS	slay05m	secs=0.467	asm_calls=92	asm_words=56480	asm_ms=0.0	rst_calls=51225	rst_words=30176120	rst_ms=3.8	rst_tail_ms=7.0	elims=8280513	fullclear_words=28977054	sparse_words=11145899	sparse_clears=0
LADGATE	2031	10000	0.632	1
LIFT	chimera_selby-c16-01	2031	1517	13662	1517
COUNTS	chimera_selby-c16-01	2031	10964	3605628	2404566
COPYSTATS	chimera_selby-c16-01	secs=0.960	asm_calls=129	asm_words=2072415	asm_ms=0.5	rst_calls=33282	rst_words=13412959	rst_ms=3.7	rst_tail_ms=3.2	elims=1386145	fullclear_words=11551981	sparse_words=3041772	sparse_clears=0
LADGATE	110	10000	0.355	1
LADGATE	110	10000	0.358	1
LIFT	csched1	110	30	100	30
COUNTS	csched1	110	376	975	975
COPYSTATS	csched1	secs=0.516	asm_calls=62	asm_words=11976	asm_ms=0.0	rst_calls=106497	rst_words=22926396	rst_ms=5.2	rst_tail_ms=10.1	elims=10591528	fullclear_words=21157072	sparse_words=12246156	sparse_clears=0
LADGATE	1310	10000	0.110	1
LIFT	watercontamination0303r	1310	755	35918	755
COUNTS	watercontamination0303r	1310	37028	2171882	2171882
COPYSTATS	watercontamination0303r	secs=0.123	asm_calls=47	asm_words=196196	asm_ms=0.0	rst_calls=7358	rst_words=2217662	rst_ms=0.7	rst_tail_ms=0.8	elims=466843	fullclear_words=2023793	sparse_words=594484	sparse_clears=0
LADGATE	15	10000	0.537	1
LADGATE	15	10000	0.538	1
COUNTS	ex9_2_4	15	36	117	117
COPYSTATS	ex9_2_4	secs=0.614	asm_calls=34	asm_words=510	asm_ms=0.0	rst_calls=824584	rst_words=12368760	rst_ms=42.0	rst_tail_ms=20.3	elims=11482676	fullclear_words=11482676	sparse_words=10905474	sparse_clears=0
LADGATE	163	10000	0.295	1
LADGATE	163	10000	0.299	1
LIFT	sssd15-04	163	47	240	47
COUNTS	sssd15-04	163	440	1625	1625
COPYSTATS	sssd15-04	secs=0.332	asm_calls=74	asm_words=26966	asm_ms=0.0	rst_calls=53680	rst_words=19341660	rst_ms=3.3	rst_tail_ms=5.7	elims=6253676	fullclear_words=18140856	sparse_words=8847383	sparse_clears=0
COUNTS	autocorr_bern35-35fix	38	1264	16214	16214
COPYSTATS	autocorr_bern35-35fix	secs=0.000	asm_calls=0	asm_words=0	asm_ms=0.0	rst_calls=0	rst_words=0	rst_ms=0.0	rst_tail_ms=0.0	elims=0	fullclear_words=0	sparse_words=0	sparse_clears=0
LADGATE	1491	10000	0.322	1
LIFT	sfacloc2_4_90	1491	775	3282	775
COUNTS	sfacloc2_4_90	1491	4500	31682	28843
COPYSTATS	sfacloc2_4_90	secs=0.497	asm_calls=107	asm_words=1175982	asm_ms=0.2	rst_calls=9651	rst_words=18256386	rst_ms=2.7	rst_tail_ms=1.9	elims=1560534	fullclear_words=17592783	sparse_words=2982550	sparse_clears=0
LIFT	cont6-qq	120395	79800	397602	79800
COUNTS	cont6-qq	120395	557994	835894090	581918900
COPYSTATS	cont6-qq	secs=0.291	asm_calls=0	asm_words=0	asm_ms=0.0	rst_calls=0	rst_words=0	rst_ms=0.0	rst_tail_ms=0.0	elims=0	fullclear_words=0	sparse_words=0	sparse_clears=0
LADGATE	5205	10000	0.127	1
LIFT	meanvar-orl400_05_e_7	5205	2803	170000	2803
COUNTS	meanvar-orl400_05_e_7	5205	174804	21939414	21935811
COPYSTATS	meanvar-orl400_05_e_7	secs=0.221	asm_calls=13	asm_words=4718806	asm_ms=2.5	rst_calls=30	rst_words=10706434	rst_ms=5.3	rst_tail_ms=0.2	elims=124132	fullclear_words=10095432	sparse_words=271868	sparse_clears=0
LADGATE	10017	10000	0.303	0
LIFT	glider400	10017	7609	43204	7609
COUNTS	glider400	10017	49624	373018	327450
COPYSTATS	glider400	secs=0.421	asm_calls=37	asm_words=17342823	asm_ms=10.2	rst_calls=8214	rst_words=20909417	rst_ms=12.6	rst_tail_ms=0.7	elims=310505	fullclear_words=17082445	sparse_words=644058	sparse_clears=0
LADGATE	4960	10000	0.906	1
LIFT	syn40m04m	4960	2524	9280	2524
COUNTS	syn40m04m	4960	13792	65982	63265
COPYSTATS	syn40m04m	secs=1.034	asm_calls=244	asm_words=9956345	asm_ms=4.8	rst_calls=443819	rst_words=66364120	rst_ms=53.1	rst_tail_ms=32.3	elims=15744009	fullclear_words=61617606	sparse_words=16995699	sparse_clears=0
LADGATE	31	10000	0.583	1
LADGATE	31	10000	0.585	1
COUNTS	ex2_1_3	31	72	189	189
COPYSTATS	ex2_1_3	secs=0.651	asm_calls=54	asm_words=1666	asm_ms=0.0	rst_calls=486229	rst_words=15063392	rst_ms=24.9	rst_tail_ms=20.3	elims=13572818	fullclear_words=13572818	sparse_words=12835961	sparse_clears=0
LADGATE	705	10000	0.457	1
LIFT	qapw	705	480	87046	480
COUNTS	qapw	705	87496	12183146	12183146
COPYSTATS	qapw	secs=0.488	asm_calls=5	asm_words=32948	asm_ms=0.0	rst_calls=65	rst_words=540548	rst_ms=0.1	rst_tail_ms=0.0	elims=45151	fullclear_words=538868	sparse_words=172062	sparse_clears=0
LADGATE	14	10000	0.498	1
LADGATE	14	10000	0.500	1
COUNTS	himmel11	14	60	198	198
COPYSTATS	himmel11	secs=0.782	asm_calls=34	asm_words=476	asm_ms=0.0	rst_calls=1121626	rst_words=15702764	rst_ms=51.5	rst_tail_ms=26.9	elims=14558616	fullclear_words=14558616	sparse_words=13691958	sparse_clears=0
LADGATE	1908	10000	0.370	1
LIFT	syn15m04m	1908	970	3540	970
COUNTS	syn15m04m	1908	5288	26094	25061
COPYSTATS	syn15m04m	secs=0.506	asm_calls=117	asm_words=1850168	asm_ms=0.4	rst_calls=13266	rst_words=22685473	rst_ms=3.6	rst_tail_ms=2.4	elims=1900750	fullclear_words=21848435	sparse_words=3100856	sparse_clears=0
LADGATE	118	10000	0.414	1
LADGATE	118	10000	0.414	1
LIFT	pooling_rt2tp	118	66	554	66
COUNTS	pooling_rt2tp	118	654	5876	5796
COPYSTATS	pooling_rt2tp	secs=0.560	asm_calls=144	asm_words=25372	asm_ms=0.0	rst_calls=111646	rst_words=20680112	rst_ms=5.4	rst_tail_ms=9.7	elims=9951668	fullclear_words=19522356	sparse_words=11074730	sparse_clears=0
LADGATE	333	10000	0.371	1
LADGATE	333	10000	0.378	1
LIFT	waterund14	333	191	2068	191
COUNTS	waterund14	333	2204	200484	70488
COPYSTATS	waterund14	secs=0.517	asm_calls=99	asm_words=174475	asm_ms=0.0	rst_calls=13774	rst_words=20488050	rst_ms=1.7	rst_tail_ms=3.0	elims=3453108	fullclear_words=19135318	sparse_words=7317738	sparse_clears=0
LADGATE	17809	10000	1.001	0
LIFT	crudeoil_lee4_10	17809	10229	106656	10229
COUNTS	crudeoil_lee4_10	17809	120632	294531623	181053364
COPYSTATS	crudeoil_lee4_10	secs=1.209	asm_calls=209	asm_words=6031164	asm_ms=2.1	rst_calls=25568	rst_words=44889957	rst_ms=10.4	rst_tail_ms=6.1	elims=2568033	fullclear_words=26839337	sparse_words=4804945	sparse_clears=0
LADGATE	1294	10000	0.476	1
LIFT	pooling_foulds4pq	1294	723	7208	723
COUNTS	pooling_foulds4pq	1294	8302	138692	138540
COPYSTATS	pooling_foulds4pq	secs=0.613	asm_calls=67	asm_words=904239	asm_ms=0.2	rst_calls=1803	rst_words=11647553	rst_ms=1.6	rst_tail_ms=0.8	elims=737478	fullclear_words=11395995	sparse_words=2099701	sparse_clears=0
LADGATE	3097	10000	0.329	1
LIFT	edgecross14-156	3097	1641	21120	1641
COUNTS	edgecross14-156	3097	19664	1487933	1376964
COPYSTATS	edgecross14-156	secs=0.443	asm_calls=89	asm_words=4268083	asm_ms=1.3	rst_calls=8342	rst_words=21602802	rst_ms=6.0	rst_tail_ms=1.5	elims=841698	fullclear_words=20479293	sparse_words=1086737	sparse_clears=0
LADGATE	72	10000	0.386	1
LADGATE	72	10000	0.386	1
LIFT	tspn08	72	34	646	34
COUNTS	tspn08	72	668	11074	7600
COPYSTATS	tspn08	secs=0.525	asm_calls=94	asm_words=12456	asm_ms=0.0	rst_calls=135782	rst_words=16836948	rst_ms=5.8	rst_tail_ms=9.4	elims=8860742	fullclear_words=16141228	sparse_words=12040288	sparse_clears=0
LADGATE	4225	10000	0.640	1
LIFT	crudeoil_li05	4225	2656	17380	2656
COUNTS	crudeoil_li05	4225	14628	680022	533453
COPYSTATS	crudeoil_li05	secs=0.870	asm_calls=184	asm_words=7259406	asm_ms=3.2	rst_calls=117494	rst_words=46965634	rst_ms=21.5	rst_tail_ms=10.5	elims=5417743	fullclear_words=41546919	sparse_words=7873389	sparse_clears=0
LADGATE	14416	10000	0.681	0
LIFT	procurement1large	14416	6606	28248	6606
COUNTS	procurement1large	14416	41068	13858240	7309631
COPYSTATS	procurement1large	secs=1.086	asm_calls=295	asm_words=33966326	asm_ms=14.0	rst_calls=54036	rst_words=77695338	rst_ms=26.2	rst_tail_ms=10.4	elims=5888628	fullclear_words=65086149	sparse_words=9191305	sparse_clears=0
LADGATE	1428	10000	0.308	1
LIFT	blend721	1428	829	3334	829
COUNTS	blend721	1428	4548	77560	66143
COPYSTATS	blend721	secs=0.452	asm_calls=80	asm_words=1089616	asm_ms=0.2	rst_calls=6350	rst_words=15584944	rst_ms=2.2	rst_tail_ms=1.5	elims=1292236	fullclear_words=15076175	sparse_words=2253704	sparse_clears=0
LADGATE	2031	10000	0.660	1
LIFT	chimera_selby-c16-02	2031	1436	15878	1436
COUNTS	chimera_selby-c16-02	2031	10878	4280329	2297740
COPYSTATS	chimera_selby-c16-02	secs=0.997	asm_calls=119	asm_words=1864330	asm_ms=0.5	rst_calls=62783	rst_words=17222947	rst_ms=5.4	rst_tail_ms=5.9	elims=2491573	fullclear_words=13865090	sparse_words=4918910	sparse_clears=0
LADGATE	16640	10000	0.391	0
LIFT	supplychainr1_053050	16640	9640	44160	9640
COUNTS	supplychainr1_053050	16640	57800	2173490	2173490
COPYSTATS	supplychainr1_053050	secs=0.391	asm_calls=98	asm_words=849488	asm_ms=0.3	rst_calls=12849	rst_words=2682304	rst_ms=1.3	rst_tail_ms=1.3	elims=557108	fullclear_words=1692206	sparse_words=788339	sparse_clears=0
LADGATE	5067	10000	0.749	1
LIFT	sfacloc2_4_80	5067	2567	16656	2567
COUNTS	sfacloc2_4_80	5067	21424	93048	88884
COPYSTATS	sfacloc2_4_80	secs=0.922	asm_calls=131	asm_words=8128307	asm_ms=4.0	rst_calls=53106	rst_words=38658739	rst_ms=19.7	rst_tail_ms=5.4	elims=2758639	fullclear_words=36905431	sparse_words=3589983	sparse_clears=0
COUNTS	st_e24	10	26	64	57
COPYSTATS	st_e24	secs=0.000	asm_calls=0	asm_words=0	asm_ms=0.0	rst_calls=0	rst_words=0	rst_ms=0.0	rst_tail_ms=0.0	elims=0	fullclear_words=0	sparse_words=0	sparse_clears=0
LADGATE	1053	10000	0.472	1
LADGATE	1053	10000	0.499	1
LIFT	edgecross10-040	1053	571	4152	571
COUNTS	edgecross10-040	1053	5116	161851	143518
COPYSTATS	edgecross10-040	secs=0.605	asm_calls=162	asm_words=1373360	asm_ms=0.2	rst_calls=13414	rst_words=23385612	rst_ms=4.2	rst_tail_ms=2.6	elims=2195921	fullclear_words=22395526	sparse_words=3181363	sparse_clears=0
LADGATE	8232	10000	0.337	1
LIFT	sonet21v6	8232	4221	32722	4221
COUNTS	sonet21v6	8232	40744	1643311	1585871
COPYSTATS	sonet21v6	secs=0.540	asm_calls=40	asm_words=15978808	asm_ms=9.2	rst_calls=1295	rst_words=40912629	rst_ms=23.3	rst_tail_ms=0.7	elims=387555	fullclear_words=35781815	sparse_words=610663	sparse_clears=0
LADGATE	2490	10000	0.325	1
LIFT	squfl010-080	2490	890	3200	890
COUNTS	squfl010-080	2490	6400	27665	27665
COPYSTATS	squfl010-080	secs=0.346	asm_calls=36	asm_words=1653178	asm_ms=0.4	rst_calls=13677	rst_words=14440598	rst_ms=3.4	rst_tail_ms=1.4	elims=1131816	fullclear_words=14158414	sparse_words=1371096	sparse_clears=0
LADGATE	221	10000	0.332	1
LADGATE	221	10000	0.332	1
LIFT	genpooling_lee2	221	145	896	145
COUNTS	genpooling_lee2	221	1048	19895	14028
COPYSTATS	genpooling_lee2	secs=0.464	asm_calls=94	asm_words=74720	asm_ms=0.0	rst_calls=40261	rst_words=25513000	rst_ms=3.1	rst_tail_ms=5.7	elims=6604412	fullclear_words=24230048	sparse_words=8000507	sparse_clears=0
LADGATE	2807	10000	0.686	1
LIFT	popdynm25	2807	2349	13004	2349
COUNTS	popdynm25	2807	13904	360081	286728
COPYSTATS	popdynm25	secs=0.916	asm_calls=243	asm_words=4256390	asm_ms=1.3	rst_calls=61272	rst_words=40231749	rst_ms=10.4	rst_tail_ms=12.0	elims=7098942	fullclear_words=36474395	sparse_words=11573566	sparse_clears=0
LADGATE	5211	10000	0.936	1
LIFT	chp_partload	5211	3186	12690	3186
COUNTS	chp_partload	5211	16740	509170	373130
COPYSTATS	chp_partload	secs=1.216	asm_calls=285	asm_words=11560351	asm_ms=5.5	rst_calls=215510	rst_words=65712666	rst_ms=36.7	rst_tail_ms=21.8	elims=11070712	fullclear_words=59790553	sparse_words=14582355	sparse_clears=0
LADGATE	560	10000	0.202	1
LIFT	qspp_0_14_0_1_10_1	560	364	119024	364
COUNTS	qspp_0_14_0_1_10_1	560	120274	16119226	16038266
COPYSTATS	qspp_0_14_0_1_10_1	secs=0.295	asm_calls=20	asm_words=91968	asm_ms=0.0	rst_calls=52	rst_words=248480	rst_ms=0.0	rst_tail_ms=0.0	elims=24859	fullclear_words=220745	sparse_words=113926	sparse_clears=0
LADGATE	24	10000	0.603	1
LADGATE	24	10000	0.609	1
COUNTS	st_glmp_ss1	24	66	160	160
COPYSTATS	st_glmp_ss1	secs=0.673	asm_calls=54	asm_words=1296	asm_ms=0.0	rst_calls=619781	rst_words=14874744	rst_ms=32.9	rst_tail_ms=21.4	elims=13654977	fullclear_words=13654977	sparse_words=13274346	sparse_clears=0
LADGATE	2508	10000	0.463	1
LIFT	torsion50	2508	1302	20190	1302
COUNTS	torsion50	2508	29808	1691033	1118955
COPYSTATS	torsion50	secs=0.598	asm_calls=172	asm_words=3454642	asm_ms=1.0	rst_calls=24265	rst_words=17342443	rst_ms=4.8	rst_tail_ms=3.3	elims=1616019	fullclear_words=15593392	sparse_words=4319012	sparse_clears=0
LADGATE	40	10000	0.391	1
LADGATE	40	10000	0.396	1
LIFT	st_rv2	40	10	90	10
COUNTS	st_rv2	40	340	2045	2045
COPYSTATS	st_rv2	secs=0.571	asm_calls=54	asm_words=2144	asm_ms=0.0	rst_calls=289448	rst_words=11574920	rst_ms=11.3	rst_tail_ms=17.1	elims=10837791	fullclear_words=10837791	sparse_words=10647959	sparse_clears=0
LADGATE	6885	10000	0.229	1
LIFT	emfl100_3_3	6885	2961	8100	2961
COUNTS	emfl100_3_3	6885	15948	55506	55506
COPYSTATS	emfl100_3_3	secs=0.252	asm_calls=19	asm_words=3721302	asm_ms=2.1	rst_calls=1012	rst_words=9834318	rst_ms=5.4	rst_tail_ms=0.2	elims=144001	fullclear_words=7892564	sparse_words=186418	sparse_clears=0
COUNTS	pedigree_sim400	351	23546	1183471	1183168
COPYSTATS	pedigree_sim400	secs=0.000	asm_calls=0	asm_words=0	asm_ms=0.0	rst_calls=0	rst_words=0	rst_ms=0.0	rst_tail_ms=0.0	elims=0	fullclear_words=0	sparse_words=0	sparse_clears=0
COUNTS	polygon75	5846	49652	1171822	1171822
COPYSTATS	polygon75	secs=0.000	asm_calls=0	asm_words=0	asm_ms=0.0	rst_calls=0	rst_words=0	rst_ms=0.0	rst_tail_ms=0.0	elims=0	fullclear_words=0	sparse_words=0	sparse_clears=0
LIFT	gabriel10	244056	129644	1260406	129644
COUNTS	gabriel10	244056	1148210	1365442310	1267760679
COPYSTATS	gabriel10	secs=0.734	asm_calls=0	asm_words=0	asm_ms=0.0	rst_calls=0	rst_words=0	rst_ms=0.0	rst_tail_ms=0.0	elims=0	fullclear_words=0	sparse_words=0	sparse_clears=0
LADGATE	1049	10000	0.417	1
LADGATE	1049	10000	0.418	1
LIFT	fo9_ar25_1	1049	507	3606	507
COUNTS	fo9_ar25_1	1049	4336	41668	38237
COPYSTATS	fo9_ar25_1	secs=0.545	asm_calls=148	asm_words=1294698	asm_ms=0.2	rst_calls=62006	rst_words=28392418	rst_ms=7.6	rst_tail_ms=4.4	elims=2810280	fullclear_words=27476348	sparse_words=4315904	sparse_clears=0
LADGATE	1159	10000	0.441	1
LADGATE	1159	10000	0.479	1
LIFT	rsyn0840m	1159	610	2176	610
COUNTS	rsyn0840m	1159	3168	11274	10602
COPYSTATS	rsyn0840m	secs=0.589	asm_calls=227	asm_words=1537646	asm_ms=0.3	rst_calls=117723	rst_words=31378077	rst_ms=12.8	rst_tail_ms=10.6	elims=5646297	fullclear_words=29065787	sparse_words=7732427	sparse_clears=0
LADGATE	548	10000	0.501	1
LADGATE	548	10000	0.507	1
LIFT	gancns	548	318	2280	318
COUNTS	gancns	548	2800	69234	58202
COPYSTATS	gancns	secs=0.684	asm_calls=171	asm_words=452161	asm_ms=0.1	rst_calls=36985	rst_words=25442962	rst_ms=4.4	rst_tail_ms=5.0	elims=3777104	fullclear_words=23905639	sparse_words=8946622	sparse_clears=0
LADGATE	1049	10000	0.398	1
LADGATE	1049	10000	0.433	1
LIFT	o9_ar4_1	1049	507	3606	507
COUNTS	o9_ar4_1	1049	4336	41668	38237
COPYSTATS	o9_ar4_1	secs=0.560	asm_calls=148	asm_words=1294698	asm_ms=0.2	rst_calls=61918	rst_words=26823114	rst_ms=9.7	rst_tail_ms=4.7	elims=2717810	fullclear_words=25904358	sparse_words=4171490	sparse_clears=0
LADGATE	123	10000	0.424	1
LADGATE	123	10000	0.427	1
LIFT	ex1265a	123	79	472	79
COUNTS	ex1265a	123	560	3948	3750
COPYSTATS	ex1265a	secs=0.596	asm_calls=106	asm_words=21048	asm_ms=0.0	rst_calls=112619	rst_words=20276632	rst_ms=5.1	rst_tail_ms=10.4	elims=10569707	fullclear_words=19112904	sparse_words=13244120	sparse_clears=0
LADGATE	28	10000	0.564	1
LADGATE	28	10000	0.567	1
COUNTS	ex9_2_6	28	68	190	190
COPYSTATS	ex9_2_6	secs=0.633	asm_calls=54	asm_words=1376	asm_ms=0.0	rst_calls=519898	rst_words=14408632	rst_ms=25.5	rst_tail_ms=21.1	elims=13272016	fullclear_words=13272016	sparse_words=11639156	sparse_clears=0
LADGATE	481	10000	0.154	1
LIFT	qspp_0_13_0_1_10_1	481	312	87460	312
COUNTS	qspp_0_13_0_1_10_1	481	88522	10150185	10097446
COPYSTATS	qspp_0_13_0_1_10_1	secs=0.242	asm_calls=21	asm_words=74361	asm_ms=0.0	rst_calls=57	rst_words=209537	rst_ms=0.0	rst_tail_ms=0.0	elims=24658	fullclear_words=194098	sparse_words=91144	sparse_clears=0
LADGATE	146	10000	0.409	1
LADGATE	146	10000	0.413	1
LIFT	slay04m	146	62	264	62
COUNTS	slay04m	146	432	1554	1554
COPYSTATS	slay04m	secs=0.446	asm_calls=92	asm_words=25126	asm_ms=0.0	rst_calls=95826	rst_words=22418116	rst_ms=5.5	rst_tail_ms=8.6	elims=8874890	fullclear_words=21185162	sparse_words=11121692	sparse_clears=0
COUNTS	st_e25	20	92	336	262
COPYSTATS	st_e25	secs=0.000	asm_calls=0	asm_words=0	asm_ms=0.0	rst_calls=0	rst_words=0	rst_ms=0.0	rst_tail_ms=0.0	elims=0	fullclear_words=0	sparse_words=0	sparse_clears=0
LADGATE	32	10000	0.540	1
LADGATE	32	10000	0.540	1
LIFT	ex8_4_1	32	12	40	12
COUNTS	ex8_4_1	32	100	225	225
COPYSTATS	ex8_4_1	secs=0.786	asm_calls=54	asm_words=1728	asm_ms=0.0	rst_calls=559781	rst_words=17912992	rst_ms=27.5	rst_tail_ms=23.6	elims=16311715	fullclear_words=16311715	sparse_words=16012516	sparse_clears=0
LADGATE	19	10000	0.572	1
LADGATE	19	10000	0.576	1
COUNTS	st_e07	19	60	199	199
COPYSTATS	st_e07	secs=0.839	asm_calls=46	asm_words=874	asm_ms=0.0	rst_calls=962406	rst_words=18285714	rst_ms=52.1	rst_tail_ms=26.4	elims=16338894	fullclear_words=16338894	sparse_words=15744118	sparse_clears=0
LADGATE	26	10000	0.599	1
LADGATE	26	10000	0.604	1
COUNTS	ex1225	26	66	171	161
COPYSTATS	ex1225	secs=0.670	asm_calls=80	asm_words=2080	asm_ms=0.0	rst_calls=596343	rst_words=15504918	rst_ms=30.7	rst_tail_ms=21.6	elims=13813431	fullclear_words=13813431	sparse_words=13476942	sparse_clears=0
LADGATE	969	10000	0.673	1
LADGATE	969	10000	0.713	1
LIFT	ndcc13	969	735	6656	735
COUNTS	ndcc13	969	5882	525212	324727
COPYSTATS	ndcc13	secs=0.910	asm_calls=230	asm_words=1244360	asm_ms=0.2	rst_calls=50377	rst_words=23911347	rst_ms=5.1	rst_tail_ms=4.8	elims=2420891	fullclear_words=21690618	sparse_words=6141333	sparse_clears=0
LADGATE	1224	10000	0.283	1
LIFT	syn10m04m	1224	620	2256	620
COUNTS	syn10m04m	1224	3384	13501	13463
COPYSTATS	syn10m04m	secs=0.391	asm_calls=112	asm_words=770386	asm_ms=0.1	rst_calls=33465	rst_words=13004608	rst_ms=3.3	rst_tail_ms=3.2	elims=2304299	fullclear_words=12327001	sparse_words=3211012	sparse_clears=0
LADGATE	18	10000	0.584	1
LADGATE	18	10000	0.586	1
COUNTS	ex5_2_4	18	62	204	193
COPYSTATS	ex5_2_4	secs=0.859	asm_calls=66	asm_words=1188	asm_ms=0.0	rst_calls=1024202	rst_words=18435636	rst_ms=52.3	rst_tail_ms=27.0	elims=16702248	fullclear_words=16702248	sparse_words=16023990	sparse_clears=0
LADGATE	72	10000	0.317	1
LADGATE	72	10000	0.317	1
LIFT	st_m2	72	21	420	21
COUNTS	st_m2	72	1226	16331	16331
COPYSTATS	st_m2	secs=0.420	asm_calls=76	asm_words=8898	asm_ms=0.0	rst_calls=100866	rst_words=12243786	rst_ms=4.3	rst_tail_ms=7.0	elims=6458034	fullclear_words=11725008	sparse_words=9886554	sparse_clears=0
LADGATE	16	10000	0.620	1
LADGATE	16	10000	0.629	1
COUNTS	st_bpk1	16	44	115	108
COPYSTATS	st_bpk1	secs=0.700	asm_calls=66	asm_words=1056	asm_ms=0.0	rst_calls=970012	rst_words=15520192	rst_ms=50.8	rst_tail_ms=30.8	elims=13769014	fullclear_words=13769014	sparse_words=13140084	sparse_clears=0
LADGATE	736	10000	0.782	1
LADGATE	736	10000	0.815	1
LIFT	multiplants_stg1	736	321	3112	321
COUNTS	multiplants_stg1	736	3594	197998	155496
COPYSTATS	multiplants_stg1	secs=1.004	asm_calls=131	asm_words=735727	asm_ms=0.1	rst_calls=7305	rst_words=23544647	rst_ms=3.1	rst_tail_ms=2.8	elims=2453224	fullclear_words=22153981	sparse_words=6833233	sparse_clears=0
LADGATE	11251	10000	0.806	0
LIFT	powerflow0300p	11251	6342	34748	6342
COUNTS	powerflow0300p	11251	41918	304705	290023
COPYSTATS	powerflow0300p	secs=1.145	asm_calls=406	asm_words=35336229	asm_ms=20.2	rst_calls=189863	rst_words=76811399	rst_ms=43.7	rst_tail_ms=18.4	elims=9181021	fullclear_words=55722589	sparse_words=11826095	sparse_clears=0
LADGATE	33155	10000	0.522	0
LIFT	nd_netgen-3000-1-1-b-b-ns_7	33155	15155	54000	15155
COUNTS	nd_netgen-3000-1-1-b-b-ns_7	33155	90000	922197	883821
COPYSTATS	nd_netgen-3000-1-1-b-b-ns_7	secs=0.820	asm_calls=172	asm_words=138027785	asm_ms=52.4	rst_calls=14746	rst_words=69945791	rst_ms=22.2	rst_tail_ms=5.0	elims=3295414	fullclear_words=67885117	sparse_words=3677218	sparse_clears=0
LADGATE	803	10000	0.522	1
LIFT	sonet23v4	803	547	5952	547
COUNTS	sonet23v4	803	6462	139703	94348
COPYSTATS	sonet23v4	secs=0.744	asm_calls=102	asm_words=396462	asm_ms=0.1	rst_calls=81780	rst_words=16489108	rst_ms=7.1	rst_tail_ms=6.1	elims=3329507	fullclear_words=15237694	sparse_words=4018714	sparse_clears=0
LADGATE	1649	10000	0.396	1
LIFT	pooling_sppa0pq	1649	1648	24190	1648
COUNTS	pooling_sppa0pq	1649	24192	3745896	1187945
COPYSTATS	pooling_sppa0pq	secs=0.636	asm_calls=114	asm_words=1432158	asm_ms=0.3	rst_calls=8429	rst_words=14572639	rst_ms=2.3	rst_tail_ms=1.8	elims=1068136	fullclear_words=13407944	sparse_words=2853261	sparse_clears=0
LADGATE	645	10000	0.842	1
LADGATE	645	10000	0.861	1
LIFT	multiplants_mtg1b	645	406	4016	406
COUNTS	multiplants_mtg1b	645	4404	229415	151569
COPYSTATS	multiplants_mtg1b	secs=1.058	asm_calls=141	asm_words=609351	asm_ms=0.1	rst_calls=19914	rst_words=24309213	rst_ms=3.6	rst_tail_ms=3.7	elims=2896405	fullclear_words=22909043	sparse_words=6019126	sparse_clears=0
LADGATE	338	10000	0.339	1
LADGATE	338	10000	0.351	1
LIFT	sssd18-08persp	338	138	768	138
COUNTS	sssd18-08persp	338	1168	4654	4654
COPYSTATS	sssd18-08persp	secs=0.441	asm_calls=104	asm_words=111484	asm_ms=0.0	rst_calls=51921	rst_words=33051996	rst_ms=3.9	rst_tail_ms=8.6	elims=6908216	fullclear_words=31543500	sparse_words=8496842	sparse_clears=0
LADGATE	19	10000	0.578	1
LADGATE	19	10000	0.587	1
COUNTS	ex9_1_2	19	54	188	179
COPYSTATS	ex9_1_2	secs=0.651	asm_calls=66	asm_words=1254	asm_ms=0.0	rst_calls=737570	rst_words=14013830	rst_ms=34.7	rst_tail_ms=20.6	elims=12564700	fullclear_words=12564700	sparse_words=12123792	sparse_clears=0
LADGATE	3670	10000	0.927	1
LIFT	crudeoil_lee1_07	3670	1957	17600	1957
COUNTS	crudeoil_lee1_07	3670	19322	4746188	3545191
COPYSTATS	crudeoil_lee1_07	secs=1.106	asm_calls=225	asm_words=5701300	asm_ms=2.4	rst_calls=234405	rst_words=50366319	rst_ms=25.5	rst_tail_ms=23.4	elims=9358239	fullclear_words=37023353	sparse_words=11548642	sparse_clears=0
LADGATE	31	10000	0.529	1
LADGATE	31	10000	0.537	1
COUNTS	pooling_haverly1tp	31	96	423	403
COPYSTATS	pooling_haverly1tp	secs=0.776	asm_calls=80	asm_words=2480	asm_ms=0.0	rst_calls=552558	rst_words=17129298	rst_ms=27.0	rst_tail_ms=23.0	elims=15643717	fullclear_words=15643717	sparse_words=15317008	sparse_clears=0
LADGATE	230	10000	0.289	1
LADGATE	230	10000	0.300	1
LIFT	waterund08	230	120	1760	120
COUNTS	waterund08	230	1290	35284	30110
COPYSTATS	waterund08	secs=0.415	asm_calls=92	asm_words=75640	asm_ms=0.0	rst_calls=32002	rst_words=20666840	rst_ms=2.4	rst_tail_ms=5.0	elims=5208869	fullclear_words=19244524	sparse_words=8526551	sparse_clears=0
LADGATE	76	10000	0.356	1
LADGATE	76	10000	0.356	1
LIFT	kall_diffcircles_6	76	45	240	45
COUNTS	kall_diffcircles_6	76	302	1511	1511
COPYSTATS	kall_diffcircles_6	secs=0.511	asm_calls=72	asm_words=8610	asm_ms=0.0	rst_calls=148087	rst_words=21907946	rst_ms=7.2	rst_tail_ms=10.8	elims=10644493	fullclear_words=21175330	sparse_words=10657640	sparse_clears=0
LADGATE	440	10000	0.556	1
LADGATE	440	10000	0.589	1
LIFT	chimera_mgw-c8-439-onc8-001	440	423	3066	423
COUNTS	chimera_mgw-c8-439-onc8-001	440	3040	106479	78229
COPYSTATS	chimera_mgw-c8-439-onc8-001	secs=0.756	asm_calls=120	asm_words=289655	asm_ms=0.0	rst_calls=16992	rst_words=19782331	rst_ms=2.6	rst_tail_ms=3.6	elims=2968880	fullclear_words=18639928	sparse_words=8844550	sparse_clears=0
LADGATE	160	10000	0.355	1
LADGATE	160	10000	0.358	1
LIFT	waterund11	160	91	642	91
COUNTS	waterund11	160	828	14818	10705
COPYSTATS	waterund11	secs=0.500	asm_calls=99	asm_words=43338	asm_ms=0.0	rst_calls=61322	rst_words=23251847	rst_ms=3.8	rst_tail_ms=6.9	elims=7632049	fullclear_words=21773297	sparse_words=11600118	sparse_clears=0
LADGATE	16364	10000	0.693	0
LIFT	chp_shorttermplan2d	16364	8902	38240	8902
COUNTS	chp_shorttermplan2d	16364	52108	4089003	2054862
COPYSTATS	chp_shorttermplan2d	secs=1.037	asm_calls=250	asm_words=42490882	asm_ms=16.6	rst_calls=16690	rst_words=89770264	rst_ms=27.1	rst_tail_ms=7.7	elims=4930977	fullclear_words=77096678	sparse_words=7603947	sparse_clears=0
LADGATE	156	10000	0.368	1
LADGATE	156	10000	0.376	1
LIFT	sporttournament18	156	136	810	136
COUNTS	sporttournament18	156	886	17568	13608
COPYSTATS	sporttournament18	secs=0.514	asm_calls=98	asm_words=45144	asm_ms=0.0	rst_calls=46926	rst_words=21491328	rst_ms=3.3	rst_tail_ms=6.0	elims=6492102	fullclear_words=19476306	sparse_words=17749318	sparse_clears=0
COUNTS	cvxnonsep_psig30	30	870	9455	9455
COPYSTATS	cvxnonsep_psig30	secs=0.000	asm_calls=0	asm_words=0	asm_ms=0.0	rst_calls=0	rst_words=0	rst_ms=0.0	rst_tail_ms=0.0	elims=0	fullclear_words=0	sparse_words=0	sparse_clears=0
LADGATE	6089	10000	0.420	1
LIFT	ringpack_20_2	6089	3132	37034	3132
COUNTS	ringpack_20_2	6089	40368	1872174	707413
COPYSTATS	ringpack_20_2	secs=0.586	asm_calls=89	asm_words=7125564	asm_ms=3.8	rst_calls=6315	rst_words=27255757	rst_ms=13.7	rst_tail_ms=1.5	elims=826487	fullclear_words=22897846	sparse_words=1257937	sparse_clears=0
LADGATE	1386	10000	0.317	1
LIFT	blend718	1386	808	3138	808
COUNTS	blend718	1386	4310	70355	61466
COPYSTATS	blend718	secs=0.469	asm_calls=89	asm_words=1015191	asm_ms=0.2	rst_calls=14229	rst_words=16878826	rst_ms=2.8	rst_tail_ms=2.3	elims=1707899	fullclear_words=16195121	sparse_words=2751030	sparse_clears=0
LADGATE	115	10000	0.409	1
LADGATE	115	10000	0.411	1
LIFT	wastepaper4	115	50	654	50
COUNTS	wastepaper4	115	724	9711	7183
COPYSTATS	wastepaper4	secs=0.547	asm_calls=104	asm_words=21406	asm_ms=0.0	rst_calls=90618	rst_words=19660012	rst_ms=4.4	rst_tail_ms=8.7	elims=9292288	fullclear_words=18523032	sparse_words=16008295	sparse_clears=0
LADGATE	2450	10000	0.385	1
LIFT	squfl010-040persp	2450	850	4000	850
COUNTS	squfl010-040persp	2450	7200	22825	22825
COPYSTATS	squfl010-040persp	secs=0.397	asm_calls=67	asm_words=1630530	asm_ms=0.3	rst_calls=25497	rst_words=15911162	rst_ms=3.7	rst_tail_ms=2.5	elims=1639088	fullclear_words=15324422	sparse_words=2098251	sparse_clears=0
LADGATE	10429	10000	0.932	0
LIFT	crudeoil_lee4_06	10429	6797	109128	6797
COUNTS	crudeoil_lee4_06	10429	55492	65337120	32352628
COPYSTATS	crudeoil_lee4_06	secs=1.193	asm_calls=215	asm_words=12550939	asm_ms=7.3	rst_calls=58457	rst_words=45095553	rst_ms=18.2	rst_tail_ms=9.1	elims=4323061	fullclear_words=30652593	sparse_words=6897725	sparse_clears=0
LADGATE	1746	10000	0.582	1
LIFT	netmod_kar1	1746	798	3664	798
COUNTS	netmod_kar1	1746	4928	56838	43864
COPYSTATS	netmod_kar1	secs=0.705	asm_calls=119	asm_words=1656291	asm_ms=0.3	rst_calls=49642	rst_words=37028200	rst_ms=8.1	rst_tail_ms=6.2	elims=3802613	fullclear_words=35773903	sparse_words=5363608	sparse_clears=0
LADGATE	14	10000	0.497	1
LADGATE	14	10000	0.502	1
COUNTS	ex8_1_7	14	46	137	128
COPYSTATS	ex8_1_7	secs=0.799	asm_calls=54	asm_words=756	asm_ms=0.0	rst_calls=1227008	rst_words=17178112	rst_ms=62.8	rst_tail_ms=31.6	elims=15574728	fullclear_words=15574728	sparse_words=14722538	sparse_clears=0
LADGATE	108	10000	0.273	1
LADGATE	108	10000	0.274	1
LIFT	graphpart_3g-0333-0333	108	81	648	81
COUNTS	graphpart_3g-0333-0333	108	648	44928	36228
COPYSTATS	graphpart_3g-0333-0333	secs=0.400	asm_calls=92	asm_words=19224	asm_ms=0.0	rst_calls=54677	rst_words=11264832	rst_ms=2.7	rst_tail_ms=5.1	elims=5179542	fullclear_words=10359084	sparse_words=8623809	sparse_clears=0
LADGATE	760	10000	0.406	1
LADGATE	760	10000	0.414	1
LIFT	slay05h	760	340	1400	340
COUNTS	slay05h	760	2080	9815	8795
COPYSTATS	slay05h	secs=0.527	asm_calls=216	asm_words=687208	asm_ms=0.1	rst_calls=40204	rst_words=28330144	rst_ms=4.9	rst_tail_ms=5.3	elims=4716410	fullclear_words=26619482	sparse_words=7525882	sparse_clears=0
LADGATE	156	10000	0.386	1
LADGATE	156	10000	0.392	1
LIFT	korcns	156	92	598	92
COUNTS	korcns	156	712	7241	6599
COPYSTATS	korcns	secs=0.547	asm_calls=142	asm_words=47866	asm_ms=0.0	rst_calls=68905	rst_words=24036478	rst_ms=4.0	rst_tail_ms=7.7	elims=8323758	fullclear_words=22760246	sparse_words=14951041	sparse_clears=0
LADGATE	5065	10000	0.862	1
LIFT	powerflow0118p	5065	2810	15480	2810
COUNTS	powerflow0118p	5065	18730	121503	117327
COPYSTATS	powerflow0118p	secs=1.127	asm_calls=322	asm_words=10924139	asm_ms=5.2	rst_calls=228106	rst_words=60966747	rst_ms=33.9	rst_tail_ms=22.9	elims=11714347	fullclear_words=54971994	sparse_words=13878581	sparse_clears=0
LADGATE	4799	10000	0.786	1
LIFT	sfacloc2_3_80	4799	2402	16046	2402
COUNTS	sfacloc2_3_80	4799	20600	84672	81119
COPYSTATS	sfacloc2_3_80	secs=0.967	asm_calls=140	asm_words=7438121	asm_ms=3.5	rst_calls=50392	rst_words=38008796	rst_ms=18.9	rst_tail_ms=5.2	elims=2781419	fullclear_words=35885779	sparse_words=3212339	sparse_clears=0
LADGATE	6028	10000	0.732	1
LIFT	rsyn0820m04m	6028	3144	12532	3144
COUNTS	rsyn0820m04m	6028	17372	196890	152748
COPYSTATS	rsyn0820m04m	secs=0.967	asm_calls=235	asm_words=9921847	asm_ms=5.6	rst_calls=193982	rst_words=46818960	rst_ms=29.1	rst_tail_ms=19.9	elims=10378483	fullclear_words=40294780	sparse_words=11483254	sparse_clears=0
LADGATE	1046	10000	0.309	1
LADGATE	1046	10000	0.319	1
LIFT	hydroenergy1	1046	570	2164	570
COUNTS	hydroenergy1	1046	3024	14089	14089
COPYSTATS	hydroenergy1	secs=0.330	asm_calls=122	asm_words=781716	asm_ms=0.1	rst_calls=23947	rst_words=22248825	rst_ms=3.4	rst_tail_ms=3.1	elims=2646530	fullclear_words=20726169	sparse_words=5097776	sparse_clears=0
LADGATE	181	10000	0.340	1
LADGATE	181	10000	0.343	1
LIFT	maxmin	181	103	1284	103
COUNTS	maxmin	181	1440	8405	8405
COPYSTATS	maxmin	secs=0.440	asm_calls=96	asm_words=35636	asm_ms=0.0	rst_calls=53214	rst_words=21750774	rst_ms=3.4	rst_tail_ms=6.7	elims=7754718	fullclear_words=21640092	sparse_words=7732310	sparse_clears=0
LADGATE	8	10000	0.614	1
LADGATE	8	10000	0.623	1
COUNTS	st_ht	8	18	51	44
COPYSTATS	st_ht	secs=0.705	asm_calls=54	asm_words=432	asm_ms=0.0	rst_calls=1742250	rst_words=13938000	rst_ms=92.6	rst_tail_ms=33.8	elims=12570076	fullclear_words=12570076	sparse_words=11292208	sparse_clears=0
LADGATE	6418	10000	0.904	1
LIFT	crudeoil_lee2_06	6418	4139	66598	4139
COUNTS	crudeoil_lee2_06	6418	34646	23299675	15937919
COPYSTATS	crudeoil_lee2_06	secs=1.109	asm_calls=218	asm_words=11270831	asm_ms=6.7	rst_calls=131075	rst_words=47057692	rst_ms=21.8	rst_tail_ms=14.5	elims=5915163	fullclear_words=32030249	sparse_words=8359357	sparse_clears=0
LADGATE	3183	10000	0.494	1
LIFT	kan_r3_h1_n4	3183	2301	12330	2301
COUNTS	kan_r3_h1_n4	3183	14062	104945	98697
COPYSTATS	kan_r3_h1_n4	secs=0.630	asm_calls=186	asm_words=4392106	asm_ms=1.5	rst_calls=22988	rst_words=34164618	rst_ms=9.8	rst_tail_ms=4.6	elims=2955644	fullclear_words=32819462	sparse_words=5216614	sparse_clears=0
LADGATE	378	10000	0.408	1
LADGATE	378	10000	0.420	1
LIFT	primary	378	222	5294	222
COUNTS	primary	378	5610	109639	95258
COPYSTATS	primary	secs=0.537	asm_calls=141	asm_words=185574	asm_ms=0.0	rst_calls=19786	rst_words=18628607	rst_ms=2.1	rst_tail_ms=3.4	elims=3642628	fullclear_words=18061003	sparse_words=5302428	sparse_clears=0
LADGATE	1071	10000	0.351	1
LADGATE	1071	10000	0.373	1
LIFT	syn10m03hfsg	1071	591	1812	591
COUNTS	syn10m03hfsg	1071	2772	9890	9812
COPYSTATS	syn10m03hfsg	secs=0.459	asm_calls=196	asm_words=1225030	asm_ms=0.2	rst_calls=34131	rst_words=30703266	rst_ms=5.9	rst_tail_ms=6.3	elims=3783456	fullclear_words=28978184	sparse_words=5792618	sparse_clears=0
LADGATE	36	10000	0.455	1
LADGATE	36	10000	0.459	1
LIFT	wastewater02m1	36	24	118	24
COUNTS	wastewater02m1	36	138	848	790
COPYSTATS	wastewater02m1	secs=0.667	asm_calls=80	asm_words=2864	asm_ms=0.0	rst_calls=406604	rst_words=14634448	rst_ms=18.0	rst_tail_ms=21.5	elims=13293241	fullclear_words=13293241	sparse_words=13055181	sparse_clears=0
LADGATE	4620	10000	0.376	1
LIFT	supplychainr1_022020	4620	2680	11920	2680
COUNTS	supplychainr1_022020	4620	15680	273140	273100
COPYSTATS	supplychainr1_022020	secs=0.545	asm_calls=120	asm_words=8069520	asm_ms=3.6	rst_calls=12521	rst_words=34141716	rst_ms=14.6	rst_tail_ms=2.2	elims=1079305	fullclear_words=31943148	sparse_words=2071672	sparse_clears=0
LADGATE	3800	10000	0.251	1
LIFT	squfl025-025persp	3800	1300	6250	1300
COUNTS	squfl025-025persp	3800	11250	49925	49925
COPYSTATS	squfl025-025persp	secs=0.268	asm_calls=27	asm_words=3196474	asm_ms=1.1	rst_calls=1139	rst_words=19510670	rst_ms=6.5	rst_tail_ms=0.6	elims=432949	fullclear_words=19410655	sparse_words=710960	sparse_clears=0
LADGATE	17999	10000	0.817	0
LIFT	ringpack_30_2	17999	9231	103922	9231
COUNTS	ringpack_30_2	17999	121458	12394600	2864237
COPYSTATS	ringpack_30_2	secs=0.987	asm_calls=74	asm_words=51254891	asm_ms=19.4	rst_calls=357	rst_words=61801071	rst_ms=23.0	rst_tail_ms=0.5	elims=171558	fullclear_words=24967849	sparse_words=278631	sparse_clears=0
LIFT	nuclear104	39098	26306	232222	26306
COUNTS	nuclear104	39098	257806	103156931	78332024
COPYSTATS	nuclear104	secs=0.883	asm_calls=197	asm_words=986086	asm_ms=0.2	rst_calls=28533	rst_words=32119701	rst_ms=5.2	rst_tail_ms=6.0	elims=2351640	fullclear_words=15982429	sparse_words=4322722	sparse_clears=0
LADGATE	4952	10000	0.690	1
LIFT	chp_shorttermplan1a	4952	2592	11264	2592
COUNTS	chp_shorttermplan1a	4952	15700	376486	299825
COPYSTATS	chp_shorttermplan1a	secs=0.865	asm_calls=164	asm_words=9789506	asm_ms=4.8	rst_calls=100985	rst_words=61348607	rst_ms=27.7	rst_tail_ms=12.6	elims=6824091	fullclear_words=56723357	sparse_words=9164915	sparse_clears=0
LADGATE	555	10000	0.519	1
LADGATE	555	10000	0.570	1
LIFT	rocket50	555	450	3272	450
COUNTS	rocket50	555	3488	19983	19265
COPYSTATS	rocket50	secs=0.742	asm_calls=102	asm_words=419100	asm_ms=0.1	rst_calls=14188	rst_words=27737535	rst_ms=3.7	rst_tail_ms=3.3	elims=3021355	fullclear_words=25363128	sparse_words=11441981	sparse_clears=0
LADGATE	8508	10000	0.877	1
LIFT	rsyn0840m04m	8508	4368	17360	4368
COUNTS	rsyn0840m04m	8508	24272	229914	185785
COPYSTATS	rsyn0840m04m	secs=1.172	asm_calls=253	asm_words=19454263	asm_ms=11.3	rst_calls=215666	rst_words=60806827	rst_ms=37.7	rst_tail_ms=22.6	elims=11894401	fullclear_words=50529923	sparse_words=13237267	sparse_clears=0
LADGATE	11716	10000	0.651	0
LIFT	mpbp_21	11716	6945	28072	6945
COUNTS	mpbp_21	11716	37660	1691114	1456963
COPYSTATS	mpbp_21	secs=0.754	asm_calls=190	asm_words=30346108	asm_ms=12.7	rst_calls=41415	rst_words=57148599	rst_ms=18.2	rst_tail_ms=9.9	elims=5844824	fullclear_words=46641800	sparse_words=7526972	sparse_clears=0
LADGATE	172	10000	0.331	1
LADGATE	172	10000	0.339	1
LIFT	orth_d4m6_pl	172	92	896	92
COUNTS	orth_d4m6_pl	172	1096	10938	10703
COPYSTATS	orth_d4m6_pl	secs=0.461	asm_calls=122	asm_words=46096	asm_ms=0.0	rst_calls=53613	rst_words=21045452	rst_ms=3.3	rst_tail_ms=6.5	elims=7417260	fullclear_words=20696704	sparse_words=9588209	sparse_clears=0
LADGATE	1681	10000	0.546	1
LIFT	kall_circlespolygons_c1p5b	1681	1245	6560	1245
COUNTS	kall_circlespolygons_c1p5b	1681	7432	201759	193841
COPYSTATS	kall_circlespolygons_c1p5b	secs=0.737	asm_calls=184	asm_words=1665212	asm_ms=0.3	rst_calls=42245	rst_words=18846422	rst_ms=4.5	rst_tail_ms=4.7	elims=2466747	fullclear_words=17080753	sparse_words=4060199	sparse_clears=0
LIFT	acopf_case9241pegase_qcqp	313068	201757	1141270	201757
COUNTS	acopf_case9241pegase_qcqp	313068	1292408	34647355	33736789
COPYSTATS	acopf_case9241pegase_qcqp	secs=0.629	asm_calls=0	asm_words=0	asm_ms=0.0	rst_calls=0	rst_words=0	rst_ms=0.0	rst_tail_ms=0.0	elims=0	fullclear_words=0	sparse_words=0	sparse_clears=0
LADGATE	33	10000	0.528	1
LADGATE	33	10000	0.532	1
LIFT	ex1223	33	18	54	18
COUNTS	ex1223	33	82	244	244
COPYSTATS	ex1223	secs=0.609	asm_calls=54	asm_words=1782	asm_ms=0.0	rst_calls=419710	rst_words=13850430	rst_ms=20.0	rst_tail_ms=21.1	elims=12429902	fullclear_words=12429902	sparse_words=12198118	sparse_clears=0
LADGATE	10	10000	0.574	1
LADGATE	10	10000	0.575	1
COUNTS	ex6_1_4	10	48	197	153
COPYSTATS	ex6_1_4	secs=0.861	asm_calls=56	asm_words=560	asm_ms=0.0	rst_calls=1672410	rst_words=16724100	rst_ms=72.3	rst_tail_ms=34.4	elims=15457194	fullclear_words=15457194	sparse_words=14134762	sparse_clears=0
LADGATE	403	10000	0.361	1
LADGATE	403	10000	0.365	1
LIFT	powerflow0014r	403	234	1432	234
COUNTS	powerflow0014r	403	1630	10761	10361
COPYSTATS	powerflow0014r	secs=0.476	asm_calls=124	asm_words=232628	asm_ms=0.0	rst_calls=19465	rst_words=31188400	rst_ms=3.5	rst_tail_ms=4.8	elims=5112499	fullclear_words=29910537	sparse_words=9104470	sparse_clears=0
LADGATE	2065	10000	0.227	1
LIFT	knp5-43	2065	1119	29756	1119
COUNTS	knp5-43	2065	31132	3517788	3517788
COPYSTATS	knp5-43	secs=0.240	asm_calls=18	asm_words=723728	asm_ms=0.2	rst_calls=97	rst_words=3323955	rst_ms=0.5	rst_tail_ms=0.1	elims=106656	fullclear_words=3262496	sparse_words=212250	sparse_clears=0
LADGATE	21688	10000	0.624	0
LIFT	gabriel09	21688	11348	105698	11348
COUNTS	gabriel09	21688	89702	29373994	25540477
COPYSTATS	gabriel09	secs=0.863	asm_calls=161	asm_words=8418652	asm_ms=3.1	rst_calls=11351	rst_words=52478209	rst_ms=18.5	rst_tail_ms=2.4	elims=1283650	fullclear_words=45514160	sparse_words=2036863	sparse_clears=0
LADGATE	32	10000	0.539	1
LADGATE	32	10000	0.541	1
LIFT	tln2	32	18	60	18
COUNTS	tln2	32	88	233	233
COPYSTATS	tln2	secs=0.601	asm_calls=54	asm_words=1728	asm_ms=0.0	rst_calls=438795	rst_words=14041440	rst_ms=22.5	rst_tail_ms=18.6	elims=12589019	fullclear_words=12589019	sparse_words=12339435	sparse_clears=0
LADGATE	22	10000	0.561	1
LADGATE	22	10000	0.562	1
COUNTS	prob02	22	76	267	232
COPYSTATS	prob02	secs=0.826	asm_calls=66	asm_words=1452	asm_ms=0.0	rst_calls=831664	rst_words=18296608	rst_ms=43.4	rst_tail_ms=26.4	elims=16638974	fullclear_words=16638974	sparse_words=16099632	sparse_clears=0
LADGATE	1422	10000	0.324	1
LIFT	blend146	1422	826	3252	826
COUNTS	blend146	1422	4460	78102	64296
COPYSTATS	blend146	secs=0.479	asm_calls=88	asm_words=1154304	asm_ms=0.2	rst_calls=10136	rst_words=17736544	rst_ms=2.7	rst_tail_ms=1.9	elims=1527525	fullclear_words=17102674	sparse_words=2653886	sparse_clears=0
LADGATE	4518	10000	0.442	1
LIFT	mpbp_46	4518	2728	10872	2728
COUNTS	mpbp_46	4518	14492	499547	447603
COPYSTATS	mpbp_46	secs=0.634	asm_calls=83	asm_words=7453838	asm_ms=3.4	rst_calls=4258	rst_words=35845731	rst_ms=15.6	rst_tail_ms=1.5	elims=870244	fullclear_words=34669343	sparse_words=1568059	sparse_clears=0
LADGATE	413	10000	0.474	1
LADGATE	413	10000	0.494	1
LIFT	tls6	413	291	2630	291
COUNTS	tls6	413	2860	18483	17511
COPYSTATS	tls6	secs=0.634	asm_calls=221	asm_words=301261	asm_ms=0.0	rst_calls=62504	rst_words=32311476	rst_ms=6.4	rst_tail_ms=9.2	elims=6697445	fullclear_words=31048439	sparse_words=11300725	sparse_clears=0
LADGATE	21925	10000	0.364	0
LIFT	emfl100_5_5	21925	9425	27300	9425
COUNTS	emfl100_5_5	21925	52300	221650	221650
COPYSTATS	emfl100_5_5	secs=0.365	asm_calls=17	asm_words=152572	asm_ms=0.0	rst_calls=412	rst_words=424124	rst_ms=0.1	rst_tail_ms=0.1	elims=45872	fullclear_words=374590	sparse_words=57717	sparse_clears=0
LADGATE	341	10000	0.128	1
LIFT	qspp_0_11_0_1_10_1	341	220	43506	220
COUNTS	qspp_0_11_0_1_10_1	341	44264	3563707	3531915
COPYSTATS	qspp_0_11_0_1_10_1	secs=0.207	asm_calls=34	asm_words=57909	asm_ms=0.0	rst_calls=214	rst_words=367746	rst_ms=0.0	rst_tail_ms=0.1	elims=63660	fullclear_words=352052	sparse_words=214208	sparse_clears=0
LADGATE	403	10000	0.337	1
LADGATE	403	10000	0.343	1
LIFT	p_ball_10b_5p_4d_m	403	169	1116	169
COUNTS	p_ball_10b_5p_4d_m	403	1484	13581	13288
COPYSTATS	p_ball_10b_5p_4d_m	secs=0.453	asm_calls=138	asm_words=226698	asm_ms=0.0	rst_calls=32608	rst_words=30164362	rst_ms=3.9	rst_tail_ms=5.1	elims=5411017	fullclear_words=29426230	sparse_words=9133209	sparse_clears=0
LADGATE	90	10000	0.368	1
LADGATE	90	10000	0.371	1
LIFT	st_rv9	90	70	800	70
COUNTS	st_rv9	90	840	6691	6321
COPYSTATS	st_rv9	secs=0.508	asm_calls=102	asm_words=17480	asm_ms=0.0	rst_calls=104052	rst_words=17910320	rst_ms=4.5	rst_tail_ms=8.6	elims=8562843	fullclear_words=17125686	sparse_words=9903373	sparse_clears=0
LADGATE	3486	10000	0.664	1
LIFT	rsyn0840m02m	3486	1876	6568	1876
COUNTS	rsyn0840m02m	3486	9576	47529	44981
COPYSTATS	rsyn0840m02m	secs=0.834	asm_calls=209	asm_words=5204211	asm_ms=1.9	rst_calls=260672	rst_words=46854211	rst_ms=29.6	rst_tail_ms=20.2	elims=10056834	fullclear_words=43587279	sparse_words=11586240	sparse_clears=0
LADGATE	22	10000	0.551	1
LADGATE	22	10000	0.554	1
COUNTS	nvs05	22	84	277	266
COPYSTATS	nvs05	secs=0.813	asm_calls=66	asm_words=1452	asm_ms=0.0	rst_calls=803144	rst_words=17669168	rst_ms=40.4	rst_tail_ms=24.8	elims=15972796	fullclear_words=15972796	sparse_words=15462768	sparse_clears=0
COUNTS	autocorr_bern25-19	28	612	5278	5278
COPYSTATS	autocorr_bern25-19	secs=0.000	asm_calls=0	asm_words=0	asm_ms=0.0	rst_calls=0	rst_words=0	rst_ms=0.0	rst_tail_ms=0.0	elims=0	fullclear_words=0	sparse_words=0	sparse_clears=0
LADGATE	356	10000	0.360	1
LADGATE	356	10000	0.360	1
LIFT	sssd20-08persp	356	140	800	140
COUNTS	sssd20-08persp	356	1232	4960	4960
COPYSTATS	sssd20-08persp	secs=0.452	asm_calls=108	asm_words=117024	asm_ms=0.0	rst_calls=53675	rst_words=31693846	rst_ms=4.8	rst_tail_ms=6.7	elims=6729718	fullclear_words=30257465	sparse_words=8417747	sparse_clears=0
LADGATE	827	10000	0.849	1
LADGATE	827	10000	0.957	1
LIFT	multiplants_stg5	827	310	3480	310
COUNTS	multiplants_stg5	827	3804	377794	155722
COPYSTATS	multiplants_stg5	secs=1.062	asm_calls=177	asm_words=948220	asm_ms=0.1	rst_calls=50588	rst_words=28229332	rst_ms=7.8	rst_tail_ms=9.3	elims=3849273	fullclear_words=25969412	sparse_words=8135796	sparse_clears=0
LADGATE	2032	10000	0.647	1
LIFT	chimera_rfr-02	2032	2012	15234	2012
COUNTS	chimera_rfr-02	2032	15140	3860441	2489836
COPYSTATS	chimera_rfr-02	secs=0.780	asm_calls=128	asm_words=1848653	asm_ms=0.5	rst_calls=48643	rst_words=17190172	rst_ms=4.8	rst_tail_ms=5.6	elims=2452817	fullclear_words=13600444	sparse_words=5348046	sparse_clears=0
LADGATE	726	10000	0.750	1
LADGATE	726	10000	0.845	1
LIFT	multiplants_stg1a	726	304	2994	304
COUNTS	multiplants_stg1a	726	3510	142058	121443
COPYSTATS	multiplants_stg1a	secs=1.029	asm_calls=213	asm_words=767447	asm_ms=0.1	rst_calls=80337	rst_words=28076726	rst_ms=11.9	rst_tail_ms=10.9	elims=4517834	fullclear_words=25926907	sparse_words=8947400	sparse_clears=0
LADGATE	170	10000	0.302	1
LADGATE	170	10000	0.307	1
LIFT	pooling_adhya4pq	170	93	790	93
COUNTS	pooling_adhya4pq	170	932	24314	16556
COPYSTATS	pooling_adhya4pq	secs=0.443	asm_calls=94	asm_words=44100	asm_ms=0.0	rst_calls=44382	rst_words=18656580	rst_ms=2.7	rst_tail_ms=5.5	elims=6097721	fullclear_words=17306779	sparse_words=7782374	sparse_clears=0
LADGATE	17493	10000	0.720	0
LIFT	nuclear10a	17493	15309	159656	15309
COUNTS	nuclear10a	17493	163816	82406325	55261703
COPYSTATS	nuclear10a	secs=0.941	asm_calls=206	asm_words=5397217	asm_ms=2.0	rst_calls=26513	rst_words=67879090	rst_ms=15.4	rst_tail_ms=8.0	elims=3153342	fullclear_words=36992349	sparse_words=6449484	sparse_clears=0
LADGATE	874	10000	0.509	1
LIFT	sonet24v5	874	595	6704	595
COUNTS	sonet24v5	874	7260	185654	110276
COPYSTATS	sonet24v5	secs=0.742	asm_calls=100	asm_words=453750	asm_ms=0.1	rst_calls=59455	rst_words=15748711	rst_ms=5.7	rst_tail_ms=4.9	elims=2748233	fullclear_words=14591849	sparse_words=3407027	sparse_clears=0
LIFT	transswitch2736spr	69651	44696	297260	44696
COUNTS	transswitch2736spr	69651	331010	7933133	7281507
COPYSTATS	transswitch2736spr	secs=0.459	asm_calls=0	asm_words=0	asm_ms=0.0	rst_calls=0	rst_words=0	rst_ms=0.0	rst_tail_ms=0.0	elims=0	fullclear_words=0	sparse_words=0	sparse_clears=0
LADGATE	8992	10000	0.501	1
LIFT	chp_shorttermplan2a	8992	4760	18484	4760
COUNTS	chp_shorttermplan2a	8992	26288	821014	575280
COPYSTATS	chp_shorttermplan2a	secs=0.728	asm_calls=168	asm_words=21734133	asm_ms=12.7	rst_calls=40655	rst_words=51036322	rst_ms=28.4	rst_tail_ms=5.1	elims=2652803	fullclear_words=45264450	sparse_words=3765529	sparse_clears=0
LADGATE	1001	10000	0.241	1
LADGATE	1001	10000	0.245	1
LIFT	catmix200	1001	998	5580	998
COUNTS	catmix200	1001	5592	18173	18164
COPYSTATS	catmix200	secs=0.557	asm_calls=94	asm_words=1324494	asm_ms=0.2	rst_calls=2694	rst_words=39248270	rst_ms=5.0	rst_tail_ms=2.1	elims=2209917	fullclear_words=34870697	sparse_words=6957056	sparse_clears=0
COUNTS	nvs23	27	252	1921	1221
COPYSTATS	nvs23	secs=0.000	asm_calls=0	asm_words=0	asm_ms=0.0	rst_calls=0	rst_words=0	rst_ms=0.0	rst_tail_ms=0.0	elims=0	fullclear_words=0	sparse_words=0	sparse_clears=0
LADGATE	20	10000	0.610	1
LADGATE	20	10000	0.612	1
COUNTS	oaer	20	40	107	107
COPYSTATS	oaer	secs=0.683	asm_calls=46	asm_words=920	asm_ms=0.0	rst_calls=763918	rst_words=15278360	rst_ms=41.2	rst_tail_ms=24.0	elims=14103332	fullclear_words=14103332	sparse_words=13544704	sparse_clears=0
LADGATE	168	10000	0.296	1
LADGATE	168	10000	0.297	1
LIFT	hybriddynamic_fixed	168	80	250	80
COUNTS	hybriddynamic_fixed	168	388	1103	1103
COPYSTATS	hybriddynamic_fixed	secs=0.348	asm_calls=62	asm_words=26592	asm_ms=0.0	rst_calls=51765	rst_words=21453942	rst_ms=3.6	rst_tail_ms=6.5	elims=6574523	fullclear_words=19122363	sparse_words=8735271	sparse_clears=0
LADGATE	16747	10000	0.548	0
LIFT	edgecross24-115	16747	8651	85448	8651
COUNTS	edgecross24-115	16747	77352	35096942	28240942
COPYSTATS	edgecross24-115	secs=0.709	asm_calls=11	asm_words=4523405	asm_ms=1.7	rst_calls=35	rst_words=26519564	rst_ms=10.2	rst_tail_ms=0.2	elims=110367	fullclear_words=26403990	sparse_words=180891	sparse_clears=0
LADGATE	1178	10000	0.400	1
LADGATE	1178	10000	0.421	1
LIFT	space25	1178	243	1212	243
COUNTS	space25	1178	4334	23567	22528
COPYSTATS	space25	secs=0.541	asm_calls=230	asm_words=1511526	asm_ms=0.2	rst_calls=38518	rst_words=28420471	rst_ms=4.8	rst_tail_ms=6.6	elims=3702017	fullclear_words=27739944	sparse_words=5644712	sparse_clears=0
LADGATE	23999	10000	0.639	0
LIFT	methanol400	23999	19199	142128	19199
COUNTS	methanol400	23999	151728	2586036	1792285
COPYSTATS	methanol400	secs=0.883	asm_calls=149	asm_words=9033987	asm_ms=3.4	rst_calls=441348	rst_words=67979718	rst_ms=53.1	rst_tail_ms=21.9	elims=7283974	fullclear_words=58230665	sparse_words=7668155	sparse_clears=0
LADGATE	1218	10000	0.523	1
LIFT	pooling_foulds5tp	1218	659	7246	659
COUNTS	pooling_foulds5tp	1218	8364	251833	171941
COPYSTATS	pooling_foulds5tp	secs=0.668	asm_calls=56	asm_words=866009	asm_ms=0.2	rst_calls=1149	rst_words=16425587	rst_ms=2.2	rst_tail_ms=0.9	elims=911062	fullclear_words=15981814	sparse_words=2680115	sparse_clears=0
LADGATE	5040	10000	0.763	1
LIFT	pooling_sppa9tp	5040	2642	116234	2642
COUNTS	pooling_sppa9tp	5040	121302	104609262	16877457
COPYSTATS	pooling_sppa9tp	secs=0.779	asm_calls=181	asm_words=600442	asm_ms=0.3	rst_calls=218142	rst_words=20671851	rst_ms=20.5	rst_tail_ms=17.9	elims=5094956	fullclear_words=10582820	sparse_words=7222501	sparse_clears=0
COUNTS	st_miqp2	10	18	37	37
COPYSTATS	st_miqp2	secs=0.000	asm_calls=0	asm_words=0	asm_ms=0.0	rst_calls=0	rst_words=0	rst_ms=0.0	rst_tail_ms=0.0	elims=0	fullclear_words=0	sparse_words=0	sparse_clears=0
COUNTS	autocorr_bern30-23	33	878	8940	8940
COPYSTATS	autocorr_bern30-23	secs=0.000	asm_calls=0	asm_words=0	asm_ms=0.0	rst_calls=0	rst_words=0	rst_ms=0.0	rst_tail_ms=0.0	elims=0	fullclear_words=0	sparse_words=0	sparse_clears=0
LADGATE	9858	10000	0.758	1
LIFT	mpbp_15	9858	5550	25800	5550
COUNTS	mpbp_15	9858	31692	1496502	1163008
COPYSTATS	mpbp_15	secs=1.050	asm_calls=221	asm_words=26125774	asm_ms=15.6	rst_calls=66518	rst_words=77032133	rst_ms=33.5	rst_tail_ms=14.2	elims=8080274	fullclear_words=58353376	sparse_words=11477950	sparse_clears=0
COUNTS	cvxnonsep_psig30r	126	250	501	501
COPYSTATS	cvxnonsep_psig30r	secs=0.000	asm_calls=0	asm_words=0	asm_ms=0.0	rst_calls=0	rst_words=0	rst_ms=0.0	rst_tail_ms=0.0	elims=0	fullclear_words=0	sparse_words=0	sparse_clears=0
LADGATE	1590	10000	0.439	1
LIFT	rsyn0830hfsg	1590	876	2784	876
COUNTS	rsyn0830hfsg	1590	4100	16168	15383
COPYSTATS	rsyn0830hfsg	secs=0.608	asm_calls=146	asm_words=1350665	asm_ms=0.3	rst_calls=61986	rst_words=26304648	rst_ms=6.6	rst_tail_ms=5.6	elims=3606153	fullclear_words=24351084	sparse_words=5272544	sparse_clears=0
LADGATE	1271	10000	0.528	1
LIFT	crudeoil_pooling_ct1	1271	722	3626	722
COUNTS	crudeoil_pooling_ct1	1271	4642	125127	93863
COPYSTATS	crudeoil_pooling_ct1	secs=0.707	asm_calls=102	asm_words=1064352	asm_ms=0.2	rst_calls=31953	rst_words=25912510	rst_ms=4.9	rst_tail_ms=4.8	elims=3156294	fullclear_words=24268768	sparse_words=5327634	sparse_clears=0
LADGATE	800	10000	0.887	1
LADGATE	800	10000	0.951	1
LIFT	multiplants_stg1c	800	326	3346	326
COUNTS	multiplants_stg1c	800	3894	150039	143020
COPYSTATS	multiplants_stg1c	secs=1.116	asm_calls=197	asm_words=911383	asm_ms=0.2	rst_calls=74220	rst_words=27329786	rst_ms=11.1	rst_tail_ms=7.8	elims=3647506	fullclear_words=25512893	sparse_words=7716155	sparse_clears=0
LADGATE	11	10000	0.616	1
LADGATE	11	10000	0.619	1
COUNTS	st_pan1	11	32	123	94
COPYSTATS	st_pan1	secs=0.696	asm_calls=56	asm_words=616	asm_ms=0.0	rst_calls=1301796	rst_words=14319756	rst_ms=70.4	rst_tail_ms=29.2	elims=13145746	fullclear_words=13145746	sparse_words=12173318	sparse_clears=0
LADGATE	814	10000	0.929	1
LADGATE	814	10000	0.962	1
LIFT	multiplants_stg1b	814	337	3456	337
COUNTS	multiplants_stg1b	814	3992	308612	187593
COPYSTATS	multiplants_stg1b	secs=1.141	asm_calls=174	asm_words=929967	asm_ms=0.2	rst_calls=49224	rst_words=24915638	rst_ms=5.5	rst_tail_ms=9.4	elims=3192431	fullclear_words=23313424	sparse_words=6921489	sparse_clears=0
LADGATE	11999	10000	0.699	0
LIFT	methanol200	11999	9599	71328	9599
COUNTS	methanol200	11999	76128	1290836	905945
COPYSTATS	methanol200	secs=0.831	asm_calls=227	asm_words=24912565	asm_ms=9.2	rst_calls=490093	rst_words=44243145	rst_ms=45.7	rst_tail_ms=27.6	elims=9683099	fullclear_words=24285192	sparse_words=9961775	sparse_clears=0
LADGATE	26778	10000	0.524	0
LIFT	faclay35	26778	13686	106196	13686
COUNTS	faclay35	26778	132380	33630126	32021838
COPYSTATS	faclay35	secs=0.593	asm_calls=16	asm_words=11330197	asm_ms=4.3	rst_calls=126	rst_words=11475733	rst_ms=4.3	rst_tail_ms=0.1	elims=51155	fullclear_words=11373898	sparse_words=107249	sparse_clears=0
LADGATE	13175	10000	0.229	0
LIFT	emfl050_5_5	13175	5675	17300	5675
COUNTS	emfl050_5_5	13175	32300	155400	155400
COPYSTATS	emfl050_5_5	secs=0.229	asm_calls=17	asm_words=133312	asm_ms=0.0	rst_calls=412	rst_words=404864	rst_ms=0.1	rst_tail_ms=0.1	elims=46588	fullclear_words=379882	sparse_words=58889	sparse_clears=0
LIFT	transswitch2383wpr	59853	37844	247952	37844
COUNTS	transswitch2383wpr	59853	277562	3946309	3861509
COPYSTATS	transswitch2383wpr	secs=0.545	asm_calls=56	asm_words=163528	asm_ms=0.0	rst_calls=3074	rst_words=2571422	rst_ms=0.4	rst_tail_ms=0.8	elims=538231	fullclear_words=2274302	sparse_words=796718	sparse_clears=0
LADGATE	1120	10000	0.475	1
LIFT	chimera_lga-01	1120	721	5500	721
COUNTS	chimera_lga-01	1120	6400	668019	494726
COPYSTATS	chimera_lga-01	secs=0.621	asm_calls=103	asm_words=820484	asm_ms=0.1	rst_calls=21947	rst_words=13405715	rst_ms=2.6	rst_tail_ms=3.4	elims=1929382	fullclear_words=11515666	sparse_words=4899183	sparse_clears=0
LADGATE	4596	10000	0.782	1
LIFT	gasprod_sarawak16	4596	2632	12316	2632
COUNTS	gasprod_sarawak16	4596	15316	213850	196064
COPYSTATS	gasprod_sarawak16	secs=1.058	asm_calls=266	asm_words=8766046	asm_ms=4.1	rst_calls=186965	rst_words=58637854	rst_ms=29.7	rst_tail_ms=17.4	elims=8747783	fullclear_words=51664045	sparse_words=11429701	sparse_clears=0
LADGATE	15904	10000	0.994	0
LIFT	crudeoil_lee4_09	15904	10632	92014	10632
COUNTS	crudeoil_lee4_09	15904	101792	208785578	128851771
COPYSTATS	crudeoil_lee4_09	secs=1.214	asm_calls=209	asm_words=4915130	asm_ms=1.7	rst_calls=32406	rst_words=39116634	rst_ms=9.3	rst_tail_ms=6.7	elims=3236897	fullclear_words=28145665	sparse_words=5606182	sparse_clears=0
LADGATE	44909	10000	0.830	0
LIFT	arki0013	44909	18463	161472	18463
COUNTS	arki0013	44909	160172	390472987	155907534
COPYSTATS	arki0013	secs=1.210	asm_calls=205	asm_words=32242306	asm_ms=11.5	rst_calls=12612	rst_words=53766276	rst_ms=14.7	rst_tail_ms=4.8	elims=2912054	fullclear_words=42578281	sparse_words=4980476	sparse_clears=0
LADGATE	42	10000	0.346	1
LADGATE	42	10000	0.348	1
LIFT	st_m1	42	11	110	11
COUNTS	st_m1	42	432	3097	3097
COPYSTATS	st_m1	secs=0.504	asm_calls=54	asm_words=2248	asm_ms=0.0	rst_calls=250047	rst_words=10498569	rst_ms=10.6	rst_tail_ms=14.9	elims=9908548	fullclear_words=9908548	sparse_words=9739684	sparse_clears=0
LADGATE	5310	10000	0.908	1
LIFT	mpbp_47	5310	3182	12798	3182
COUNTS	mpbp_47	5310	17098	730624	652208
COPYSTATS	mpbp_47	secs=1.071	asm_calls=197	asm_words=11202721	asm_ms=5.6	rst_calls=399694	rst_words=69885357	rst_ms=51.4	rst_tail_ms=29.5	elims=12533395	fullclear_words=59917272	sparse_words=14648771	sparse_clears=0
LADGATE	821	10000	0.564	1
LADGATE	821	10000	0.668	1
LIFT	rsyn0815m	821	434	1516	434
COUNTS	rsyn0815m	821	2242	8260	7745
COPYSTATS	rsyn0815m	secs=0.807	asm_calls=272	asm_words=779300	asm_ms=0.1	rst_calls=313092	rst_words=36033431	rst_ms=25.4	rst_tail_ms=26.3	elims=10470133	fullclear_words=33111285	sparse_words=12883555	sparse_clears=0
LADGATE	7993	10000	1.036	1
LIFT	arki0016	7993	4968	26810	4968
COUNTS	arki0016	7993	37208	878890	835661
COPYSTATS	arki0016	secs=1.298	asm_calls=331	asm_words=12976359	asm_ms=7.3	rst_calls=88774	rst_words=57062457	rst_ms=22.8	rst_tail_ms=14.8	elims=7465321	fullclear_words=43152647	sparse_words=11679939	sparse_clears=0
LADGATE	18	10000	0.602	1
LADGATE	18	10000	0.606	1
COUNTS	st_glmp_ss2	18	48	121	121
COPYSTATS	st_glmp_ss2	secs=0.674	asm_calls=46	asm_words=828	asm_ms=0.0	rst_calls=839818	rst_words=15116724	rst_ms=44.0	rst_tail_ms=24.0	elims=13650118	fullclear_words=13650118	sparse_words=13120254	sparse_clears=0
LADGATE	2670	10000	0.690	1
LIFT	rsyn0810m02hfsg	2670	1484	4808	1484
COUNTS	rsyn0810m02hfsg	2670	6964	36862	34794
COPYSTATS	rsyn0810m02hfsg	secs=0.841	asm_calls=192	asm_words=3535456	asm_ms=1.0	rst_calls=108902	rst_words=42952290	rst_ms=13.5	rst_tail_ms=12.5	elims=7323424	fullclear_words=39843420	sparse_words=10084265	sparse_clears=0
LADGATE	55	10000	0.433	1
LADGATE	55	10000	0.433	1
LIFT	pointpack06	55	34	234	34
COUNTS	pointpack06	55	276	1497	1497
COPYSTATS	pointpack06	secs=0.623	asm_calls=72	asm_words=3274	asm_ms=0.0	rst_calls=241443	rst_words=13099857	rst_ms=10.8	rst_tail_ms=15.7	elims=12703359	fullclear_words=12703359	sparse_words=12509439	sparse_clears=0
LADGATE	6328	10000	0.336	1
LIFT	syn40m04hfsg	6328	3492	11224	3492
COUNTS	syn40m04hfsg	6328	16896	76232	73526
COPYSTATS	syn40m04hfsg	secs=0.530	asm_calls=126	asm_words=10904490	asm_ms=6.0	rst_calls=21480	rst_words=31338517	rst_ms=17.0	rst_tail_ms=2.5	elims=1296811	fullclear_words=26884860	sparse_words=1736916	sparse_clears=0
LADGATE	258	10000	0.324	1
LADGATE	258	10000	0.325	1
LIFT	clay0304m	258	122	576	122
COUNTS	clay0304m	258	840	2742	2742
COPYSTATS	clay0304m	secs=0.419	asm_calls=94	asm_words=75528	asm_ms=0.0	rst_calls=44794	rst_words=31591852	rst_ms=3.4	rst_tail_ms=6.2	elims=7193960	fullclear_words=29695932	sparse_words=8976738	sparse_clears=0
LADGATE	1218	10000	0.406	1
LIFT	pooling_foulds5pq	1218	655	7342	655
COUNTS	pooling_foulds5pq	1218	8300	159641	159641
COPYSTATS	pooling_foulds5pq	secs=0.451	asm_calls=41	asm_words=504622	asm_ms=0.1	rst_calls=762	rst_words=8730675	rst_ms=1.1	rst_tail_ms=0.5	elims=524274	fullclear_words=8603725	sparse_words=1367129	sparse_clears=0
LADGATE	1000	10000	0.528	1
LADGATE	1000	10000	0.549	1
LIFT	clay0305hfsg	1000	485	2050	485
COUNTS	clay0305hfsg	1000	2910	12260	11240
COPYSTATS	clay0305hfsg	secs=0.702	asm_calls=260	asm_words=1191676	asm_ms=0.2	rst_calls=100710	rst_words=34526402	rst_ms=9.3	rst_tail_ms=12.0	elims=5805764	fullclear_words=32154786	sparse_words=7867562	sparse_clears=0
LADGATE	64	10000	0.382	1
LADGATE	64	10000	0.389	1
LIFT	st_test8	64	44	192	44
COUNTS	st_test8	64	232	2343	1964
COPYSTATS	st_test8	secs=0.565	asm_calls=80	asm_words=5120	asm_ms=0.0	rst_calls=184721	rst_words=11822144	rst_ms=7.3	rst_tail_ms=12.7	elims=11060778	fullclear_words=11060778	sparse_words=10967985	sparse_clears=0
LIFT	gams05	17364	8487	278504	8487
COUNTS	gams05	17364	252910	6179750712	3259322396
COPYSTATS	gams05	secs=0.898	asm_calls=123	asm_words=1132214	asm_ms=0.2	rst_calls=32235	rst_words=12717492	rst_ms=3.3	rst_tail_ms=3.0	elims=1302932	fullclear_words=5876586	sparse_words=2011162	sparse_clears=0
LADGATE	31	10000	0.463	1
LADGATE	31	10000	0.463	1
COUNTS	sporttournament08	31	156	862	862
COPYSTATS	sporttournament08	secs=0.673	asm_calls=54	asm_words=1674	asm_ms=0.0	rst_calls=460691	rst_words=14281421	rst_ms=19.0	rst_tail_ms=19.4	elims=13024452	fullclear_words=13024452	sparse_words=12725674	sparse_clears=0
LADGATE	1121	10000	0.487	1
LADGATE	1121	10000	0.498	1
LIFT	powerflow0030p	1121	642	3468	642
COUNTS	powerflow0030p	1121	4194	24944	23642
COPYSTATS	powerflow0030p	secs=0.651	asm_calls=250	asm_words=1534926	asm_ms=0.2	rst_calls=68694	rst_words=31983007	rst_ms=9.9	rst_tail_ms=7.8	elims=4255910	fullclear_words=30535192	sparse_words=7362478	sparse_clears=0
LADGATE	22407	10000	0.820	0
LIFT	popdynm200	22407	18799	98384	18799
COUNTS	popdynm200	22407	105584	2567878	2404589
COPYSTATS	popdynm200	secs=1.086	asm_calls=233	asm_words=8033086	asm_ms=3.0	rst_calls=57501	rst_words=63661416	rst_ms=22.5	rst_tail_ms=11.4	elims=6454445	fullclear_words=58341727	sparse_words=9591847	sparse_clears=0
LADGATE	11120	10000	0.729	0
LIFT	mpbp_35	11120	6920	32350	6920
COUNTS	mpbp_35	11120	40790	3037207	975441
COPYSTATS	mpbp_35	secs=0.988	asm_calls=256	asm_words=31321077	asm_ms=18.8	rst_calls=19119	rst_words=67241136	rst_ms=28.8	rst_tail_ms=8.1	elims=5131446	fullclear_words=47094051	sparse_words=7745642	sparse_clears=0
LADGATE	1492	10000	0.492	1
LIFT	syn30m02m	1492	762	2608	762
COUNTS	syn30m02m	1492	3936	13752	13455
COPYSTATS	syn30m02m	secs=0.646	asm_calls=144	asm_words=1287744	asm_ms=0.3	rst_calls=216951	rst_words=22798753	rst_ms=16.8	rst_tail_ms=12.4	elims=6274994	fullclear_words=20968403	sparse_words=7554141	sparse_clears=0
LADGATE	481	10000	0.527	1
LADGATE	481	10000	0.592	1
LIFT	wastewater13m1	481	353	3026	353
COUNTS	wastewater13m1	481	3252	60135	60068
COPYSTATS	wastewater13m1	secs=0.718	asm_calls=250	asm_words=324338	asm_ms=0.1	rst_calls=74626	rst_words=23917668	rst_ms=6.5	rst_tail_ms=7.8	elims=4065818	fullclear_words=21451008	sparse_words=6411926	sparse_clears=0
LADGATE	1022	10000	0.379	1
LADGATE	1022	10000	0.395	1
LIFT	syn40hfsg	1022	573	1726	573
COUNTS	syn40hfsg	1022	2624	8432	8155
COPYSTATS	syn40hfsg	secs=0.511	asm_calls=186	asm_words=1121746	asm_ms=0.2	rst_calls=64863	rst_words=31879648	rst_ms=7.2	rst_tail_ms=6.7	elims=4731520	fullclear_words=29300328	sparse_words=6935664	sparse_clears=0
LADGATE	69	10000	0.377	1
LADGATE	69	10000	0.380	1
LIFT	sep1	69	36	150	36
COUNTS	sep1	69	206	1097	1047
COPYSTATS	sep1	secs=0.427	asm_calls=108	asm_words=11636	asm_ms=0.0	rst_calls=142173	rst_words=18121228	rst_ms=6.5	rst_tail_ms=10.1	elims=8540842	fullclear_words=16766156	sparse_words=8695613	sparse_clears=0
LADGATE	2508	10000	0.433	1
LIFT	syn30m03m	2508	1278	4542	1278
COUNTS	syn30m03m	2508	6804	26806	26552
COPYSTATS	syn30m03m	secs=0.523	asm_calls=131	asm_words=3011441	asm_ms=0.7	rst_calls=49621	rst_words=29004752	rst_ms=8.3	rst_tail_ms=4.6	elims=2837072	fullclear_words=27668651	sparse_words=3926607	sparse_clears=0
COUNTS	st_qpc-m3a	30	304	2330	1574
COPYSTATS	st_qpc-m3a	secs=0.000	asm_calls=0	asm_words=0	asm_ms=0.0	rst_calls=0	rst_words=0	rst_ms=0.0	rst_tail_ms=0.0	elims=0	fullclear_words=0	sparse_words=0	sparse_clears=0
LADGATE	2644	10000	0.730	1
LIFT	crudeoil_pooling_ct3	2644	1586	9346	1586
COUNTS	crudeoil_pooling_ct3	2644	11426	1381490	865089
COPYSTATS	crudeoil_pooling_ct3	secs=0.946	asm_calls=139	asm_words=3106887	asm_ms=1.0	rst_calls=95641	rst_words=31620644	rst_ms=10.8	rst_tail_ms=9.3	elims=4644825	fullclear_words=27570051	sparse_words=7366163	sparse_clears=0
LADGATE	634	10000	0.498	1
LADGATE	634	10000	0.514	1
LIFT	space25a	634	417	2530	417
COUNTS	space25a	634	3246	29078	27875
COPYSTATS	space25a	secs=0.690	asm_calls=215	asm_words=590008	asm_ms=0.1	rst_calls=35876	rst_words=30265592	rst_ms=5.3	rst_tail_ms=5.9	elims=4539824	fullclear_words=29072252	sparse_words=7580082	sparse_clears=0
COUNTS	autocorr_bern20-15	23	394	2784	2784
COPYSTATS	autocorr_bern20-15	secs=0.000	asm_calls=0	asm_words=0	asm_ms=0.0	rst_calls=0	rst_words=0	rst_ms=0.0	rst_tail_ms=0.0	elims=0	fullclear_words=0	sparse_words=0	sparse_clears=0
LADGATE	35	10000	0.512	1
LADGATE	35	10000	0.514	1
LIFT	ex7_2_1	35	21	106	21
COUNTS	ex7_2_1	35	134	352	341
COPYSTATS	ex7_2_1	secs=0.751	asm_calls=80	asm_words=2792	asm_ms=0.0	rst_calls=500642	rst_words=17520430	rst_ms=25.0	rst_tail_ms=28.5	elims=15819008	fullclear_words=15819008	sparse_words=15537670	sparse_clears=0
LADGATE	2092	10000	1.013	1
LIFT	hydroenergy2	2092	1090	4556	1090
COUNTS	hydroenergy2	2092	6236	69051	56014
COPYSTATS	hydroenergy2	secs=1.150	asm_calls=236	asm_words=2308983	asm_ms=0.5	rst_calls=729978	rst_words=45368229	rst_ms=61.0	rst_tail_ms=42.0	elims=18245002	fullclear_words=39062809	sparse_words=20073467	sparse_clears=0
LADGATE	514	10000	0.511	1
LADGATE	514	10000	0.527	1
LIFT	pooling_digabel19	514	296	5918	296
COUNTS	pooling_digabel19	514	5340	325989	274903
COPYSTATS	pooling_digabel19	secs=0.659	asm_calls=117	asm_words=422555	asm_ms=0.1	rst_calls=4576	rst_words=15111225	rst_ms=1.9	rst_tail_ms=1.7	elims=1759569	fullclear_words=14214276	sparse_words=4767527	sparse_clears=0
LADGATE	132	10000	0.423	1
LADGATE	132	10000	0.423	1
LIFT	clay0203m	132	63	282	63
COUNTS	clay0203m	132	420	1348	1348
COPYSTATS	clay0203m	secs=0.568	asm_calls=88	asm_words=22832	asm_ms=0.0	rst_calls=120448	rst_words=29220436	rst_ms=7.5	rst_tail_ms=11.2	elims=10923976	fullclear_words=27256392	sparse_words=12506757	sparse_clears=0
LADGATE	13680	10000	0.358	0
LIFT	squfl030-150	13680	4680	18000	4680
COUNTS	squfl030-150	13680	36000	252605	252605
COPYSTATS	squfl030-150	secs=0.358	asm_calls=53	asm_words=14316	asm_ms=0.0	rst_calls=4584	rst_words=1130784	rst_ms=0.4	rst_tail_ms=0.7	elims=423254	fullclear_words=859170	sparse_words=522500	sparse_clears=0

--- every order() call, slowest first (TSV) ---
secs	matrix	n	nnz	ratio
1.2975	arki0016	7993	37208	0.9508
1.2584	transswitch0300p	11659	48446	0.9224
1.2164	chp_partload	5211	16740	0.7328
1.2136	crudeoil_lee4_09	15904	101792	0.6171
1.2103	arki0013	44909	160172	0.3993
1.2095	crudeoil_lee4_10	17809	120632	0.6147
1.1927	crudeoil_lee4_06	10429	55492	0.4952
1.1719	rsyn0840m04m	8508	24272	0.8081
1.1502	hydroenergy2	2092	6236	0.8112
1.1446	powerflow0300p	11251	41918	0.9518
1.1415	multiplants_stg1b	814	3992	0.6079
1.1275	powerflow0118p	5065	18730	0.9656
1.1157	multiplants_stg1c	800	3894	0.9532
1.1155	mpbp_48	28368	91016	0.4746
1.1144	pinene200	19995	97990	0.8336
1.1089	crudeoil_lee2_06	6418	34646	0.6840
1.1065	crudeoil_lee1_07	3670	19322	0.7470
1.0863	procurement1large	14416	41068	0.5275
1.0862	popdynm200	22407	105584	0.9364
1.0829	crudeoil_pooling_dt3	30660	152210	0.7056
1.0743	batchs121208m	3404	11462	0.9332
1.0707	mpbp_47	5310	17098	0.8927
1.0615	multiplants_stg5	827	3804	0.4122
1.0582	gasprod_sarawak16	4596	15316	0.9168
1.0580	multiplants_mtg1b	645	4404	0.6607
1.0547	rsyn0815m04m	5456	15756	0.7779
1.0503	mpbp_15	9858	31692	0.7772
1.0368	chp_shorttermplan2d	16364	52108	0.5025
1.0362	mpbp_07	9532	30810	0.9120
1.0345	syn40m04m	4960	13792	0.9588
1.0290	multiplants_stg1a	726	3510	0.8549
1.0273	rsyn0805m03m	2868	8270	0.8992
1.0052	ndcc12	974	5982	0.9533
1.0035	multiplants_stg1	736	3594	0.7853
1.0006	batchs201210m	5188	17910	0.8685
0.9989	crudeoil_pooling_dt2	18742	75910	0.6610
0.9973	chimera_selby-c16-02	2031	10878	0.5368
0.9876	mpbp_35	11120	40790	0.3212
0.9873	ringpack_30_2	17999	121458	0.2311
0.9674	rsyn0820m04m	6028	17372	0.7758
0.9666	sfacloc2_3_80	4799	20600	0.9580
0.9635	rsyn0830m04m	7252	20752	0.8085
0.9602	chimera_selby-c16-01	2031	10964	0.6669
0.9501	rsyn0810m04m	4772	13836	0.7672
0.9464	crudeoil_pooling_ct3	2644	11426	0.6262
0.9408	nuclear10a	17493	163816	0.6706
0.9253	st_bsj2	13	40	0.7972
0.9218	sfacloc2_4_80	5067	21424	0.9552
0.9157	popdynm25	2807	13904	0.7963
0.9103	ndcc13	969	5882	0.6183
0.9047	ndcc12persp	1112	5522	0.9521
0.8976	gams05	17364	252910	0.5274
0.8834	nuclear104	39098	257806	0.7593
0.8829	methanol400	23999	151728	0.6931
0.8703	crudeoil_li05	4225	14628	0.7845
0.8651	chp_shorttermplan1a	4952	15700	0.7964
0.8631	gabriel09	21688	89702	0.8695
0.8615	ex6_1_4	10	48	0.7766
0.8588	ex5_2_4	18	62	0.9461
0.8424	waste	4825	21504	0.8654
0.8409	rsyn0810m02hfsg	2670	6964	0.9439
0.8392	st_e07	19	60	1.0000
0.8391	st_ph1	16	58	0.8504
0.8356	chimera_k64ising-02	1225	3846	0.6051
0.8341	rsyn0840m02m	3486	9576	0.9464
0.8305	methanol200	11999	76128	0.7018
0.8265	prob02	22	76	0.8689
0.8232	nvs02	11	46	1.0000
0.8201	nd_netgen-3000-1-1-b-b-ns_7	33155	90000	0.9584
0.8134	nvs05	22	84	0.9603
0.8069	rsyn0815m	821	2242	0.9377
0.8002	nuclear25a	1942	16030	0.5747
0.7989	ex8_1_7	14	46	0.9343
0.7871	gasprod_sarawak81	22536	75636	0.9118
0.7862	ex8_4_1	32	100	1.0000
0.7859	pooling_haverly1pq	31	96	0.9782
0.7819	himmel11	14	60	1.0000
0.7798	chimera_rfr-02	2032	15140	0.6450
0.7791	pooling_sppa9tp	5040	121302	0.1613
0.7755	pooling_haverly1tp	31	96	0.9527
0.7629	chimera_mgw-c8-439-onc8-002	440	3038	0.8820
0.7588	mpbp_34	11556	40860	0.2880
0.7565	chimera_mgw-c8-439-onc8-001	440	3040	0.7347
0.7561	pointpack04	29	120	1.0000
0.7544	forest	713	2658	0.9933
0.7536	mpbp_21	11716	37660	0.8615
0.7509	ex7_2_1	35	134	0.9688
0.7479	ex3_1_3	18	36	0.9222
0.7461	chimera_mgw-c16-2031-01	2032	15900	0.7722
0.7448	rsyn0815m02hfsg	3054	7968	0.9278
0.7440	st_bpaf1a	30	120	0.9310
0.7435	sonet23v4	803	6462	0.6753
0.7419	sonet24v5	874	7260	0.5940
0.7417	rocket50	555	3488	0.9641
0.7389	oil	3270	8430	0.9572
0.7372	kall_circlespolygons_c1p5b	1681	7432	0.9608
0.7345	gabriel10	244056	1148210	0.9285
0.7283	chp_shorttermplan2a	8992	26288	0.7007
0.7217	waternd2	615	2580	0.4806
0.7179	wastewater13m1	481	3252	0.9989
0.7123	edgecross10-030	1053	4654	0.7367
0.7093	edgecross24-115	16747	77352	0.8047
0.7074	crudeoil_pooling_ct1	1271	4642	0.7501
0.7050	netmod_kar1	1746	4928	0.7717
0.7050	st_ht	8	18	0.8627
0.7021	clay0305hfsg	1000	2910	0.9168
0.7010	rsyn0820m02m	2486	6932	0.9369
0.7002	st_bpk1	16	44	0.9391
0.6959	st_pan1	11	32	0.7642
0.6904	space25a	634	3246	0.9586
0.6846	st_e22	12	30	0.9091
0.6840	gancns	548	2800	0.8407
0.6834	oaer	20	40	1.0000
0.6758	catmix400	2001	11192	0.9998
0.6740	st_glmp_ss2	18	48	1.0000
0.6732	ex1223b	25	66	1.0000
0.6730	st_glmp_ss1	24	66	1.0000
0.6729	sporttournament48	1131	6676	0.6439
0.6727	sporttournament08	31	156	1.0000
0.6713	waterund01	96	404	0.7297
0.6702	ex1225	26	66	0.9415
0.6680	pooling_foulds5tp	1218	8364	0.6828
0.6673	wastewater02m1	36	138	0.9316
0.6590	pooling_digabel19	514	5340	0.8433
0.6570	pooling_sppc3pq	23173	893724	0.2822
0.6540	ex14_1_8	11	30	1.0000
0.6538	st_ph13	23	68	0.8599
0.6513	ex9_1_2	19	54	0.9521
0.6512	powerflow0030p	1121	4194	0.9478
0.6506	ex2_1_3	31	72	1.0000
0.6455	syn30m02m	1492	3936	0.9784
0.6362	pooling_sppa0pq	1649	24192	0.3171
0.6339	mpbp_46	4518	14492	0.8960
0.6337	tls6	413	2860	0.9474
0.6325	ex9_2_6	28	68	1.0000
0.6316	prolog	64	292	0.9839
0.6301	kan_r3_h1_n4	3183	14062	0.9405
0.6286	acopf_case9241pegase_qcqp	313068	1292408	0.9737
0.6276	kall_circlesrectangles_c6r39	1306	5378	0.9850
0.6231	pointpack06	55	276	1.0000
0.6208	chimera_lga-01	1120	6400	0.7406
0.6195	edgecross10-080	1053	5940	0.9476
0.6181	risk2bpb	1462	5396	0.5574
0.6141	ex9_2_4	15	36	1.0000
0.6130	pooling_foulds4pq	1294	8302	0.9989
0.6094	ex1223	33	82	1.0000
0.6091	arki0002	4432	11248	0.9764
0.6085	st_jcbpaf2	36	246	0.9437
0.6084	rsyn0830hfsg	1590	4100	0.9514
0.6046	edgecross10-040	1053	5116	0.8867
0.6014	tln2	32	88	1.0000
0.5980	torsion50	2508	29808	0.6617
0.5963	ex1265a	123	560	0.9498
0.5933	faclay35	26778	132380	0.9522
0.5889	rsyn0840m	1159	3168	0.9404
0.5859	ringpack_20_2	6089	40368	0.3779
0.5847	sonetgr17	440	2958	0.8190
0.5826	edgecross10-090	1053	5204	0.8181
0.5761	ringpack_20_3	6709	45220	0.3584
0.5755	demo7	155	618	0.9573
0.5712	squfl020-150	9170	24000	1.0000
0.5707	st_rv2	40	340	1.0000
0.5680	clay0203m	132	420	1.0000
0.5679	faclay30	16678	82242	0.9552
0.5678	st_qpk3	55	548	0.6881
0.5673	slay09h	2718	7488	0.8982
0.5665	faclay75	272878	1379706	0.9405
0.5646	st_test8	64	232	0.8382
0.5603	pooling_rt2tp	118	654	0.9864
0.5603	o9_ar4_1	1049	4336	0.9177
0.5576	nd_netgen-2000-3-4-b-a-ns_7	22074	60000	0.9424
0.5571	catmix200	1001	5592	0.9995
0.5473	wastewater05m1	98	536	0.6845
0.5468	korcns	156	712	0.9113
0.5466	wastepaper4	115	724	0.7397
0.5452	supplychainr1_022020	4620	15680	0.9999
0.5449	fo9_ar25_1	1049	4336	0.9177
0.5447	transswitch2383wpr	59853	277562	0.9785
0.5420	ex8_3_9	123	834	0.7643
0.5418	pooling_sppb5pq	18529	674470	0.4077
0.5412	space25	1178	4334	0.9559
0.5396	sonet21v6	8232	40744	0.9650
0.5371	primary	378	5610	0.8688
0.5297	syn40m04hfsg	6328	16896	0.9645
0.5266	slay05h	760	2080	0.8961
0.5248	tspn08	72	668	0.6863
0.5246	slay08m	660	2016	1.0000
0.5237	p_ball_30b_7p_2d_h	2207	7516	0.9968
0.5234	syn30m03m	2508	6804	0.9905
0.5167	waterund14	333	2204	0.3516
0.5159	csched1	110	376	1.0000
0.5141	clay0204hfsg	590	1696	0.9116
0.5140	sporttournament18	156	886	0.7746
0.5114	kall_diffcircles_6	76	302	1.0000
0.5114	syn40hfsg	1022	2624	0.9671
0.5095	maxcsp-langford-3-11	660	29646	0.3098
0.5082	st_rv9	90	840	0.9447
0.5062	syn15m04m	1908	5288	0.9604
0.5044	ex1263a	94	390	1.0000
0.5044	st_m1	42	432	1.0000
0.5002	elf	124	376	0.7951
0.4996	waterund11	160	828	0.7224
0.4970	p_ball_10b_5p_2d_m	293	964	0.9848
0.4966	sfacloc2_4_90	1491	4500	0.9104
0.4965	p_ball_30b_5p_2d_h	1543	5224	0.9961
0.4958	clay0204m	222	704	1.0000
0.4905	syn40m	560	1528	0.9644
0.4881	qapw	705	87496	1.0000
0.4793	blend146	1422	4460	0.8232
0.4765	powerflow0014r	403	1630	0.9628
0.4689	blend718	1386	4310	0.8737
0.4669	slay05m	240	720	1.0000
0.4652	st_e31	301	744	0.9389
0.4636	genpooling_lee2	221	1048	0.7051
0.4606	orth_d4m6_pl	172	1096	0.9785
0.4591	syn10m03hfsg	1071	2772	0.9921
0.4591	transswitch2736spr	69651	331010	0.9179
0.4530	p_ball_10b_5p_4d_m	403	1484	0.9784
0.4524	sssd20-08persp	356	1232	1.0000
0.4521	blend721	1428	4548	0.8528
0.4514	pooling_foulds5pq	1218	8300	1.0000
0.4487	graphpart_clique-30	120	2790	0.7961
0.4475	wastepaper6	191	1416	1.0000
0.4460	slay04m	146	432	1.0000
0.4432	edgecross14-156	3097	19664	0.9254
0.4432	slay07m	497	1512	1.0000
0.4429	pooling_adhya4pq	170	932	0.6809
0.4417	p_ball_10b_7p_3d_h	1236	4186	0.9739
0.4406	sssd18-08persp	338	1168	1.0000
0.4396	maxmin	181	1440	1.0000
0.4394	lop97icx	1073	2118	0.8078
0.4381	syn15hfsg	399	1022	0.9915
0.4367	squfl015-060	2775	7200	1.0000
0.4358	unitcommit_200_100_1_mod_8	146830	476332	0.9764
0.4357	graphpart_3g-0244-0244	128	672	0.9727
0.4340	graphpart_clique-20	80	1260	0.7985
0.4295	pooling_adhya4tp	170	936	0.7667
0.4272	sep1	69	206	0.9544
0.4210	glider400	10017	49624	0.8778
0.4203	st_m2	72	1226	1.0000
0.4194	clay0304m	258	840	1.0000
0.4154	pooling_sppc1pq	14100	477680	0.1683
0.4151	waterund08	230	1290	0.8534
0.4060	slay06m	357	1080	1.0000
0.4002	graphpart_3g-0333-0333	108	648	0.8064
0.3984	pooling_sppa9pq	5030	120730	0.6340
0.3973	squfl010-040persp	2450	7200	1.0000
0.3913	supplychainr1_053050	16640	57800	1.0000
0.3910	syn10m04m	1224	3384	0.9972
0.3902	sssd25-08	401	1200	1.0000
0.3848	chain200	601	2396	1.0000
0.3647	emfl100_5_5	21925	52300	1.0000
0.3585	squfl030-150	13680	36000	1.0000
0.3477	hybriddynamic_fixed	168	388	1.0000
0.3462	squfl010-080	2490	6400	1.0000
0.3412	kissing2	20772	401024	1.0000
0.3315	sssd15-04	163	440	1.0000
0.3302	hydroenergy1	1046	3024	1.0000
0.3258	squfl025-030	2305	6000	1.0000
0.3072	squfl015-080persp	7295	21600	1.0000
0.2945	qspp_0_14_0_1_10_1	560	120274	0.9950
0.2908	cont6-qq	120395	557994	0.6962
0.2871	graphpart_clique-70	280	14910	0.8103
0.2676	squfl025-025persp	3800	11250	1.0000
0.2612	meanvar-orl400_05_e_8	4405	171604	1.0000
0.2597	knp5-44	2157	32604	1.0000
0.2553	maxcsp-ehi-85-297-71	2372	207996	0.8040
0.2516	emfl100_3_3	6885	15948	1.0000
0.2418	qspp_0_13_0_1_10_1	481	88522	0.9948
0.2397	knp5-43	2065	31132	1.0000
0.2380	chain400	1201	4796	1.0000
0.2288	emfl050_5_5	13175	32300	1.0000
0.2215	meanvar-orl400_05_e_7	5205	174804	0.9998
0.2149	qspp_0_10_0_1_10_1	280	29636	0.9946
0.2072	qspp_0_11_0_1_10_1	341	44264	0.9911
0.1887	qap	255	43748	0.9599
0.1227	watercontamination0303r	1310	37028	1.0000
0.0002	polygon75	5846	49652	1.0000
0.0001	pedigree_sim400	351	23546	0.9997
0.0000	camshape400	2000	7188	1.0000
0.0000	autocorr_bern40-30	43	1534	1.0000
0.0000	autocorr_bern35-35fix	38	1264	1.0000
0.0000	smallinvDAXr1b010-011	39	1120	0.9859
0.0000	autocorr_bern30-23	33	878	1.0000
0.0000	autocorr_bern25-19	28	612	1.0000
0.0000	cvxnonsep_psig30	30	870	1.0000
0.0000	autocorr_bern20-15	23	394	1.0000
0.0000	st_qpc-m3a	30	304	0.6755
0.0000	cvxnonsep_psig20	20	380	1.0000
0.0000	cvxnonsep_normcon40r	162	322	1.0000
0.0000	nvs23	27	252	0.6356
0.0000	nvs19	24	200	0.6534
0.0000	st_iqpbk1	22	98	1.0000
0.0000	cvxnonsep_psig30r	126	250	1.0000
0.0000	st_e25	20	92	0.7798
0.0000	cvxnonsep_normcon20r	82	162	1.0000
0.0000	st_e41	8	32	1.0000
0.0000	st_miqp2	10	18	1.0000
0.0000	st_e24	10	26	0.8906
0.0000	cvxnonsep_psig20r	86	170	1.0000
matrices under 0.010s: 23/300
matrices under 0.050s: 23/300
matrices under 0.100s: 23/300
matrices under 0.200s: 25/300
matrices under 0.400s: 55/300

--- per-bucket ---
lt_1k    count=147   geomean=0.8870
1k_10k   count=108   geomean=0.8373
gt_10k   count=45    geomean=0.6822
SCORE = 0.790163
WORST order() = 1.298 s
FORCEAUDIT	stage1b_sites=50	force_fires=0	unsound=0	core_total_mismatch=0	max_drift_ppm=0	worst_incumbent=0	worst_adopted=0	tie_window_opened=16	tie_pass_run=2
test ordering::probe::probe_timing_and_score ... ok

test result: ok. 1 passed; 0 failed; 0 ignored; 0 measured; 181 filtered out; finished in 184.33s

